Row,score_variable_k,score_fixed_k,count,difference,name,sponsor_id,first_name,middle_name,last_name,suffix,nickname,party_id,party,role_id,role,district,year,full_name,party_name,ag_count,candidate_count,comm_count,construct_count,defense_count,energy_count,finance_count,general_count,government_count,health_count,ideology_count,labor_count,law_count,non_count,partyfund_count,public_count,transportation_count,uncoded_count,unitem_count,total_count,ag,candidate,comm,construct,defense,energy,finance,general,government,health,ideology,labor,law,non,partyfund,public,transportation,uncoded,unitem,total,year_count
id17791,1514.24738060858,1513.7968424375,380000,11.4693615740759,Jeff Ellington,17791,Jeff,,Ellington,,,1,R,1,Rep,HD-062,2016,"ELLINGTON, JEFF",REPUBLICAN,2,11,2,3,0,4,1,9,1,2,2,4,2,0,1,0,0,56,2,102,1365,34543.0358,682.5,2275,0,1274,273,15037.75,91,546,1820,2821,682.5,0,8209.11,0,0,23076.6809,595.1491,93291.7258,1
id17750,1514.2503140408,1513.78664628617,380000,8.26270494887603,Randy Lyness,17750,Randy,,Lyness,,,1,R,1,Rep,HD-068,2016,"LYNESS, RANDY",REPUBLICAN,0,0,3,2,0,3,3,4,0,1,0,0,3,0,0,0,0,48,1,68,0,0,910,1183,0,819,819,3865,0,273,0,0,910,0,0,0,0,18437.2,3985,31201.2,2
id16807,1514.61620814155,1513.82264903686,758000,8.07928764833468,Anthony Cook,16807,Anthony,,Cook,,,1,R,1,Rep,,2016,"COOK, ANTHONY",REPUBLICAN,0,2,2,4,0,5,4,10,0,4,2,1,6,0,1,0,0,54,3,98,0,182,910,2548,0,1365,1274,3071.2864,0,1547,1365,409.5,2639,0,553.5712,0,0,10920,1469.65,28254.0076,1
id16801,1514.70165963567,1514.00288584586,758000,7.48313533267151,Donna Schaibley,16801,Donna,,Schaibley,,,1,R,1,Rep,,2016,"SCHAIBLEY, DONNA",REPUBLICAN,3,1,1,7,0,3,12,16,1,4,2,3,14,0,1,0,0,106,1,175,1365,227.5,273,2388.75,0,955.5,5096,30641.8385,91,1092,4823,1592.5,5414.5,0,553.5712,0,0,24522.3524,16.4892,79053.0013,1
id16704,1500,1500,0,0,Mike Braun,16704,Mike,,Braun,,,1,R,1,Rep,HD-063,2016,"BRAUN, MIKE",REPUBLICAN,7,1,5,5,0,16,16,17,2,9,2,1,9,0,0,0,6,170,0,266,5560,930,2285,3503.5,0,5446.6829,7685,6255.9,370,2708.5,1385,465,2647,0,0,0,4641,93334.5197,0,137217.1026,2
id16703,1513.93180759359,1513.88443649534,758000,9.08673689182706,Melanie Wright,16703,Melanie,M.,Wright,,,0,D,1,Rep,HD-035,2016,"WRIGHT, MELANIE M",DEMOCRATIC,5,22,3,0,0,2,15,10,5,5,2,76,8,0,9,0,1,125,9,297,2125,9284.5928,1375,0,0,546,5732.5,4948.5,1112,1410.5,1066.5,212804.1306,5015,0,130238.5056,0,480,27255.898,7831.4051,411225.5321,3
id16702,1514.70106793454,1513.91734210687,758000,10.8408564012357,Julie Olthoff,16702,Julie,,Olthoff,,,1,R,1,Rep,HD-019,2016,"OLTHOFF, JULIE",REPUBLICAN,0,3,2,2,0,7,9,7,3,1,5,3,2,0,27,0,1,125,6,203,0,406.45,910,1183,0,2593.5,8508.5,2408.3232,277,273,51478,455,546,0,706053.4153,0,91,24324.044,5621.5261,805128.7586,2
id16701,1514.60939009941,1513.81568463871,758000,10.9328962770676,William Fine,16701,William,I.,Fine,,Bill,1,R,1,Rep,HD-012,2016,"FINE, WILLIAM I (BILL)",REPUBLICAN,0,17,3,2,0,4,5,8,2,6,2,1,8,0,29,0,0,117,9,213,0,7147.9403,1183,1183,0,1820,1638,2337.6808,144,1940,5710,455,3900.8434,0,369315.4868,0,0,51123.4862,12344.8647,460243.3022,3
id16538,1513.84666869537,1513.69957733107,758000,10.9854653517482,Christopher Judy,16538,Christopher,N.,Judy,,Chris,1,R,1,Rep,HD-083,2016,"JUDY, CHRISTOPHER N (CHRIS)",REPUBLICAN,3,0,0,1,0,3,5,8,0,1,1,1,3,0,0,0,0,55,12,93,5661,0,0,273,0,910,1342.25,3650,0,273,910,455,955.5,0,0,0,0,18337.6085,5168.6942,37936.0527,2
id16537,1513.91826778014,1513.93818027045,758000,9.43990219548209,Curt Nisly,16537,Curt,,Nisly,,,1,R,1,Rep,HD-022,2016,"NISLY, CURT",REPUBLICAN,1,7,2,0,0,3,4,5,1,2,8,5,3,0,4,0,3,147,14,209,455,2032.7754,682.5,0,0,819,1931,1921,232.5,552,29693.5,2604,955.5,0,38750.3751,0,1183,30204.2699,13598.6326,125615.053,2
id16530,1513.87211429418,1513.86169190001,758000,9.30141526044622,Micheal Aylesworth,16530,Micheal,,Aylesworth,,Mike,1,R,1,Rep,HD-011,2016,"AYLESWORTH, MICHEAL (MIKE)",REPUBLICAN,4,2,3,1,0,11,5,11,1,2,2,2,4,0,12,0,0,134,0,194,1098,1162.5,1375,910,0,3371,2047.5,6914.6907,116.25,546,13850,364,1141.5,0,141705.3859,0,0,28027.607,0,202629.4336,2
id16175,1508.73136607203,1513.375932745,1008000,4.36401107083816,Greg Beumer,16175,Greg,,Beumer,,,1,R,1,Rep,HD-033,2016,"BEUMER, GREG",REPUBLICAN,5,4,6,6,0,20,25,15,0,3,3,2,13,0,2,0,1,90,7,202,3093.5,1348.5,2382,4646.5,0,8144,7959,6165,0,778.5,1438.5,734,3630.5,0,9486,0,455,21877.1471,2312.91,74451.0571,2
id16115,1513.98490637442,1513.82803061189,1008000,10.5459095454105,Holli Sullivan,16115,Holli,,Sullivan,,,1,R,1,Rep,HD-078,2016,"SULLIVAN, HOLLI",REPUBLICAN,2,10,7,6,0,38,22,26,0,17,6,0,26,0,10,0,5,304,2,481,728,5863.25,3292,3613.5,0,13729.29,10587,13684.7122,0,5545.5,25545,0,6193.5,0,153350.7876,0,1735,70220.1941,1969,316056.7339,2
id16085,1513.83349686092,1513.85934613341,914000,8.99274127595027,Casey Cox,16085,Casey,,Cox,,,1,R,1,Rep,HD-085,2016,"COX, CASEY",REPUBLICAN,3,33,10,6,0,14,23,37,6,15,3,4,33,0,1,0,5,222,2,417,1607.5,22822,8022.5,2372,0,7906,10643,15136.4368,3758.35,4587,2407.9441,1840,12761,0,1365,0,2370,49926.6108,66.521,147591.8627,2
id14768,1513.92414712095,1513.83725670589,1506000,9.68045636907073,Dennis Zent,14768,Dennis,J.,Zent,,Denny,1,R,1,Rep,HD-051,2016,"ZENT, DENNIS J (DENNY)",REPUBLICAN,4,10,7,5,0,17,33,52,28,288,1,4,20,0,0,0,0,300,4,773,897,3511.5,2593,2014,0,8139,11863.5,13989.59,4981.7,117142.542,273,1471,6345.5,0,0,0,0,80927.3078,168,254316.6398,3
id14767,1513.95762145588,1513.86217330068,1506000,8.26277554242461,Cindy Ziemke,14767,Cindy,Meyer,Ziemke,,,1,R,1,Rep,HD-055,2016,"ZIEMKE, CINDY MEYER",REPUBLICAN,0,8,6,1,0,7,10,23,10,11,3,1,16,0,3,0,2,234,2,337,0,28765.2288,2785,910,0,1938,5653,24482.9721,7703,3401,9065,186,4490,0,10580.208,0,505,63730.16,576,164770.5689,4
id14766,1513.92388057453,1513.86094192174,1506000,9.89073647544524,Harold Slager,14766,Harold,,Slager,,Hal,1,R,1,Rep,HD-015,2016,"SLAGER, HAROLD (HAL)",REPUBLICAN,2,17,6,4,0,21,26,56,43,24,5,6,25,0,32,0,4,255,15,541,734,6165.732,2760,3069.5,0,9153,19882,26028.717,4985.3,7968.5,39690,1862,8900.5,0,272258.7256,0,1466,59948.2633,5940.5,470812.7379,3
id14764,1512.68832815453,1513.74658124172,1506000,8.51749653817683,Jim Lucas,14764,Jim,,Lucas,,,1,R,1,Rep,HD-069,2016,"LUCAS, JIM",REPUBLICAN,2,41,12,7,0,9,12,40,0,2,13,2,9,0,16,0,0,163,4,332,506.5,109329.89,5926.4037,4546,0,2440.5,4384.5,33139.9976,0,240,38440,1001,3261.5,0,61772.86,0,0,63842.7183,267.3,329099.1696,4
id14762,1513.8646001726,1513.75238786226,1506000,9.38669602294158,Martin Carbaugh,14762,Martin,,Carbaugh,,,1,R,1,Rep,HD-081,2016,"CARBAUGH, MARTIN",REPUBLICAN,3,28,10,10,2,19,73,45,6,30,6,8,15,0,17,0,5,218,25,520,1233,20874.44,4135,8910,1137.5,9596,62909.75,35360,1324,14051.5,12199.5,3013,4326,0,204464.8766,0,1294,64755.1524,5907.4644,455491.1834,3
id14761,1514.03865874622,1514.03077958982,1506000,10.4664475339205,Steven Braun,14761,Steven,J.,Braun,,,1,R,1,Rep,HD-024,2016,"BRAUN, STEVEN J",REPUBLICAN,2,11,3,5,0,9,10,23,6,3,2,2,32,0,4,0,1,95,5,213,1920,127451.88,1890,3369,0,2715,4113,15928.5,2784,705,960,426,11073,0,7533.936,0,465,29205.3,216,210755.616,2
id14448,1513.89886134999,1513.77932447242,1506000,9.14375599352184,Thomas Washburne,14448,Thomas,W.,Washburne,,,1,R,1,Rep,HD-064,2016,"WASHBURNE, THOMAS W",REPUBLICAN,6,11,4,6,0,13,64,18,1,8,5,1,48,0,13,0,3,144,8,353,2082.5,14734.8088,1840,6781,0,3892,36912.25,13815.123,93,2265.5,26199,240,11928.372,0,76952.744,0,1150,20676.525,431.04,219993.8628,3
id14447,1513.95798368468,1513.89208293834,1506000,7.75278184626882,Ben Smaltz,14447,Ben,,Smaltz,,,1,R,1,Rep,HD-052,2016,"SMALTZ, BEN",REPUBLICAN,6,19,9,8,1,21,12,42,26,23,6,2,27,0,0,0,6,178,8,394,2779.5,9558.5537,5132,4598,465,11166.5,3906,15325.5,6537,4571.5,3205,641,10320.5,0,0,0,2463,53874.8565,2047.392,136591.3022,3
id14446,1513.90681022813,1513.84063767218,1506000,9.86436210506804,Robin Shackleford,14446,Robin,,Shackleford,,,0,D,1,Rep,HD-098,2016,"SHACKLEFORD, ROBIN",DEMOCRATIC,1,12,5,2,0,2,17,16,2,44,2,18,17,0,3,0,1,52,68,262,192,5202.28,2439,519,0,546,5486.5,5534.0681,420.0805,12797.25,5300,6914,5845.5,0,6810,0,232.5,16147.8708,15769.8511,90155.9005,4
id14445,1513.95589156015,1513.85590014474,1506000,10.5607495872462,John Price,14445,John,,Price,,,1,R,1,Rep,HD-047,2016,"PRICE, JOHN",REPUBLICAN,2,7,5,18,0,8,14,17,0,1,1,3,20,0,3,0,0,221,5,325,480,6181.7772,2130,7852.2,0,2192.25,5555.55,5547.4173,0,240,960,798,5747.25,0,2355,0,0,65999.4921,1815.54,107854.4766,2
id14444,1513.94889859381,1513.85194251822,1506000,8.87987304554531,David Ober,14444,David,L.,Ober,,,1,R,1,Rep,HD-082,2016,"OBER, DAVID L",REPUBLICAN,7,41,17,11,1,34,35,59,33,17,9,7,32,0,1,0,14,182,15,515,436.65,10868.738,7523,5992.8,232.5,16936,16191.72,24132.6366,2555.8448,5753.5,3450.5,2432.5,10143,0,152.8362,0,6181,39970.5888,4721.16,157674.9744,3
id14443,1513.94417867954,1513.85346452789,1506000,10.5375308808977,Alan Morrison,14443,Alan,,Morrison,,,1,R,1,Rep,HD-042,2016,"MORRISON, ALAN",REPUBLICAN,7,17,14,14,0,43,21,43,4,6,16,4,19,0,48,0,0,138,14,408,4992,13305.67,8902.5,15700,0,19944,28815,67790.7565,2386,2493,184151.01,2139,6255.5,0,405165.0692,0,0,61867.6755,16258.0362,840165.2174,4
id14442,1513.83824524007,1513.85677732328,1412000,9.26724772636794,Justin Moed,14442,Justin,,Moed,,,0,D,1,Rep,HD-097,2016,"MOED, JUSTIN",DEMOCRATIC,1,54,16,21,0,24,46,59,28,17,51,78,87,0,4,0,7,208,5,706,48,23630.1816,7581.75,7630.2176,0,7250,16433,33671.3913,1954.45,4587,6867.7858,34073,22696.0402,0,5522.5648,0,2457.5,43911.8961,1018.2,219332.9774,3
id14441,1513.92869075276,1513.83375105596,1506000,10.469327120037,Peggy Mayfield,14441,Peggy,,Mayfield,,,1,R,1,Rep,HD-060,2016,"MAYFIELD, PEGGY",REPUBLICAN,4,12,12,9,0,18,84,53,24,28,5,3,17,0,21,0,2,305,27,624,1107,16708,4340.5,6172.5,0,5762,41821.172,19335.5418,3574.5116,9702,21320,1674,4687,0,263759.9422,0,501.5,80104.9655,2570.73,483141.3631,3
id14440,1513.98090986062,1513.92754090445,1506000,9.39620473166815,Karlee Macer,14440,Karlee,D.,Macer,,,0,D,1,Rep,HD-092,2016,"MACER, KARLEE D",DEMOCRATIC,0,14,8,1,0,6,10,19,8,8,6,52,19,0,14,0,3,130,7,305,0,16257,4064,232.5,0,1570,4267,6673.5,1171,2296,1080.5692,71604.75,7208,0,94957.7472,0,1385,38791.0398,423.2632,251981.3694,3
id14439,1513.94452067096,1513.81257857001,1412000,9.12594268620023,Todd Huston,14439,Todd,,Huston,,,1,R,1,Rep,HD-037,2016,"HUSTON, TODD",REPUBLICAN,3,8,26,28,0,19,25,63,5,18,12,4,49,0,0,0,5,189,4,458,1102,11048.9181,13395,16452.5,0,6109.5,16083.5,49575.9871,3343.668,6114.5,37680,945,18507.5,0,0,0,2376,53171.364,2936.3543,238841.7915,3
id14438,1513.88538083834,1513.73415393738,1506000,10.0808179560495,Timothy Harman,14438,Timothy,P.,Harman,,,1,R,1,Rep,HD-017,2016,"HARMAN, TIMOTHY P",REPUBLICAN,1,75,6,1,0,8,9,16,9,0,3,1,5,0,0,0,0,89,4,227,144,51594.0627,2331,279,0,2604,2995.5,7087.8,2971.8,0,3795,279,1273.5,0,0,0,0,14942.1855,451.9743,90748.8225,2
id14437,1511.63742993699,1511.53742556187,1126000,8.53058383749976,Richard Hamm,14437,Richard,,Hamm,,Dick,1,R,1,Rep,HD-056,2016,"HAMM, RICHARD (DICK)",REPUBLICAN,1,10,3,5,0,2,30,33,2,9,4,0,8,0,10,0,0,139,10,266,279,4778.84,1375,1559,0,738,10409.5,26571.7776,561,2982,20281.5,0,1581.5,0,40002.018,0,0,36881.7061,859.5279,148860.3696,3
id14436,1513.94878752474,1513.88291687773,1506000,9.47482384532759,Christina Hale,14436,Christina,,Hale,,,0,D,1,Rep,HD-087,2016,"HALE, CHRISTINA",DEMOCRATIC,2,24,18,2,1,18,49,28,18,28,5,68,69,0,12,0,4,314,1,661,1395,18460.5,13529.65,1209,48,8021,18152.2,17811,2798.5,10100.5,4633.5,129075.5,20380.8825,0,70882.5888,0,1850,76584.1649,91,395022.9862,3
id14192,1513.90830925498,1513.78689952546,1506000,9.36064717091449,Sharon Negele,14192,Sharon,,Negele,,,1,R,1,Rep,HD-013,2016,"NEGELE, SHARON",REPUBLICAN,8,23,12,9,0,35,21,41,0,14,9,3,21,0,26,0,6,147,9,384,1470,28040.23,6045.5,4234.5,0,14910,22097,17283.0963,0,4036,56340.51,778.5,7705,0,134539.1352,0,2360.7,63402,4478.9472,367721.1187,4
id14191,1513.75511155918,1513.74603126844,1506000,8.39428303721024,Dan Forestal,14191,Dan,,Forestal,,,0,D,1,Rep,HD-100,2016,"FORESTAL, DAN",DEMOCRATIC,2,32,11,13,3,18,19,26,53,22,4,68,66,0,0,0,20,200,2,559,551,10780.1528,5980.8281,3537.5,2517.5,5800,7550,6848.7041,5098.734,5577.7,350.2848,38809.5,17107.7,0,0,0,7009.1063,25791.7151,302.3904,143612.8156,3
id14189,1513.89209313831,1513.7657047172,1506000,9.58507955159348,Dale DeVon,14189,Dale,R.,DeVon,,,1,R,1,Rep,HD-005,2016,"DEVON, DALE R",REPUBLICAN,2,5,12,25,0,20,17,24,0,10,7,2,10,0,12,0,0,150,2,298,528,1624.84,7770,22436.984,0,10138.5,8792,25379.5,0,3257,51745,364,3081.5,0,119162.9472,0,0,36524.5564,168,290972.8276,3
id12223,1437.59881212469,1468.77059513599,1572000,-21.6493825886212,Charlie Brown,12223,Charlie,,Brown,,,0,D,1,Rep,HD-003,2016,"BROWN, CHARLIE",DEMOCRATIC,2,5,12,8,0,27,15,38,2,180,0,8,45,0,1,0,5,159,22,529,640,1181,9216.5,4660,0,12245.5,4913.5,14542.42,211,95180.5,0,3221,26991,0,1344,0,2335,59474,3005,239160.42,4
id11445,1513.8797962696,1513.8175357962,758000,11.3213090941854,Doug Miller,11445,Doug,,Miller,,,1,R,1,Rep,HD-048,2016,"MILLER, DOUG",REPUBLICAN,1,2,2,7,0,6,13,9,1,0,2,1,5,0,0,0,0,85,3,137,455,1022.07,920,6719,0,3094,7348,3201,455,0,1203,91,1559,0,0,0,0,29701.1169,532.25,56300.4369,2
id11398,1513.92865290823,1513.81238170833,1412000,8.97004484538343,Lloyd Arnold,11398,Lloyd,,Arnold,,,1,R,1,Rep,HD-074,2016,"ARNOLD, LLOYD",REPUBLICAN,2,5,3,7,0,22,15,12,4,7,8,5,14,0,15,0,5,86,6,216,480,11892.22,1648,4561,0,9265.5,7642.5,7027.1266,1872,1892.5,26615.2,3256.5,6722.07,0,225844.368,0,2938,44788.66,5467.2,361912.8446,3
id11396,1513.99207290213,1513.90542008949,1655000,9.36104946115893,Mike Speedy,11396,Mike,,Speedy,,,1,R,1,Rep,HD-090,2016,"SPEEDY, MIKE",REPUBLICAN,3,2,12,20,0,28,51,36,1,10,2,2,22,0,0,0,15,115,5,324,1031,500,5791,10480.5,0,9862.5,32011.5,12375.1883,46.5,6418,523,528,6219,0,0,0,8907.5,54977.75,2067.5,151738.9383,4
id11395,1513.51991542415,1513.92554879463,1655000,7.03495311648703,Cindy Kirchhofer,11395,Cindy,,Kirchhofer,,,1,R,1,Rep,HD-089,2016,"KIRCHHOFER, CINDY",REPUBLICAN,2,37,12,3,0,12,34,66,0,90,11,13,42,0,18,0,0,292,11,643,910,75577.2,6063,1423,0,3216,19560,61702.0634,0,37785.9985,34445.2,6155.5,13226.5,0,101513.9893,0,0,67749.4003,3580.4369,432908.2884,4
id11394,1513.90889430935,1513.86362881651,1691000,8.73560694146659,Timothy Wesco,11394,Timothy,,Wesco,,,1,R,1,Rep,HD-021,2016,"WESCO, TIMOTHY",REPUBLICAN,5,14,15,9,0,19,19,41,10,9,1,6,11,0,7,0,0,179,9,354,1940.5,2562.45,5475,3710,0,9220,8862.5,13549,1005,10309,455,2169,3531.5,0,22190,0,0,67110.95,10524.1228,162614.0228,4
id11298,1513.97712751516,1513.91123340001,1750000,10.4578121016448,Wendy McNamara,11298,Wendy,,McNamara,,Mac,1,R,1,Rep,HD-076,2016,"MCNAMARA, WENDY (MAC)",REPUBLICAN,4,29,4,18,0,37,37,52,3,19,3,17,30,0,18,0,7,253,13,544,2840,85048.1864,1472,13949.75,0,12812.3,16943.25,45879.1618,887,6352.25,15651.2512,6151,13586,0,200757.7468,0,2658.5,70345.3,20854.9674,516188.6636,4
id10818,1494.53420457651,1508.99251030419,1582000,-4.04054119240845,James Baird,10818,James,,Baird,,Jim,1,R,1,Rep,HD-044,2016,"BAIRD, JAMES (JIM)",REPUBLICAN,11,17,10,6,0,20,21,39,1,17,5,4,15,0,12,0,6,65,4,253,3249,158872.3,4690.5,5317.5,0,6422,8875,52483.14,500,4521.5,81674.84,1487,5037,0,78184.13,0,2775,19209.7,6873.17,440171.78,4
id10584,1513.61979806325,1513.78804455568,1750000,9.52935325098088,Milo Smith,10584,Milo,,Smith,Jr.,,1,R,1,Rep,HD-059,2016,"SMITH JR, MILO",REPUBLICAN,3,3,16,8,0,20,21,27,5,6,1,2,18,0,2,0,2,144,2,280,1845,8556,5683,3506.5,0,5779,13249.5,9073.5,516.5,2640.09,930,480,4145,0,10862.121,0,665,33571.87,389.6,101892.681,4
id10579,1507.26467761629,1511.00514016339,1370000,4.7760856722341,Matthew Ubelhor,10579,Matthew,,Ubelhor,,Matt,1,R,1,Rep,HD-062,2016,"UBELHOR, MATTHEW (MATT)",REPUBLICAN,4,25,6,12,0,46,24,43,5,10,12,5,16,0,31,0,3,351,2,595,2698.5,113374.43,2835,6480,0,30949,27809,76606.72,471,3770,118910.51,1396.5,6295,0,560143.8308,0,3425,144500.001,618,1100282.4918,3
id10578,1513.89017063284,1513.78192501412,1750000,9.4770397907489,Michael Karickhoff,10578,Michael,,Karickhoff,,,1,R,1,Rep,HD-030,2016,"KARICKHOFF, MICHAEL",REPUBLICAN,6,63,19,22,0,30,34,62,4,21,9,37,37,0,11,0,8,517,6,886,3220,157626.7435,10163.5,10353,0,10035.5,36222.9938,38815.0391,440,5990.8,26408.2,22361,11983,0,49214.1725,0,2852.5,102200.96,2435.6,490323.0089,4
id10577,1492.3503641364,1508.712044201,1750000,-5.92395071692113,Heath VanNatter,10577,Heath,,VanNatter,,,1,R,1,Rep,HD-038,2016,"VANNATTER, HEATH",REPUBLICAN,10,30,40,36,0,64,60,67,1,25,6,3,37,0,6,0,3,289,8,685,2793.5,11460.5628,29060,35892.03,0,51167,36700,86469.316,96,5753,10775,1047,14289.5,0,16860.72,0,897,64396.4056,7845.9044,375502.9388,4
id10576,1514.08358271244,1513.83910910668,1561000,9.88507018737459,Robert Morris,10576,Robert,,Morris,,Bob,1,R,1,Rep,HD-084,2016,"MORRIS, ROBERT (BOB)",REPUBLICAN,1,12,5,11,1,30,25,58,0,10,4,6,28,0,1,0,5,163,3,363,4650,14215.15,1640,11170,232.5,14222,21167,54848,0,3803,10815.2,4459,9691,0,13020,0,2244,60410.6,1784.9,228372.35,4
id10575,1513.97549496381,1513.86773307207,1562000,8.30523981451142,Kevin Mahan,10575,Kevin,A.,Mahan,,,1,R,1,Rep,HD-031,2016,"MAHAN, KEVIN A",REPUBLICAN,9,42,22,11,0,21,98,67,2,49,4,10,46,0,23,0,13,218,17,652,4916.5,43229.13,13842,8218,0,10463,71285,41993.5048,1056,15731,12080,4905,18697.5,0,70232.7712,0,4489.25,79858.4081,20142.02,421139.0841,4
id10574,1513.96511453776,1513.870047873,1750000,10.5850470795795,Robert Heaton,10574,Robert,,Heaton,,Bob,1,R,1,Rep,HD-046,2016,"HEATON, ROBERT (BOB)",REPUBLICAN,9,20,12,13,0,41,117,42,3,49,12,3,21,0,14,0,6,454,22,838,7623,195983.55,5527,7842,0,24031.5,80829.5,55801.6862,336,17667.5,92565.01,798,8218.5,0,112479.658,0,4166,202703.6156,11010.41,827582.9298,4
id10573,1513.97730606411,1513.90592877055,1668000,9.57808247902335,Rhonda Rhoads,10573,Rhonda,J.,Rhoads,,,1,R,1,Rep,HD-070,2016,"RHOADS, RHONDA J",REPUBLICAN,2,43,4,3,0,6,4,32,2,2,9,1,5,0,22,0,0,43,53,231,561,159392.4913,1506,1528,0,1710,1239,69670.0734,246,288,132855,288,1239,0,369368.597,0,0,35701.775,5395.748,780988.6847,3
id10572,1507.3238634261,1511.11817522191,1370000,6.00042241861524,Judson McMillin,10572,Judson,G.,McMillin,,Jud,1,R,1,Rep,HD-068,2016,"MCMILLIN, JUDSON G (JUD)",REPUBLICAN,4,50,14,12,0,25,30,50,0,16,4,3,25,0,11,0,8,227,78,557,1063.2,35040.16,9292.5,5699.5,0,11694,21892.5,65400.8407,0,4353,67884,1356,24009,0,160203.65,0,3426,70430.5342,12854.3,494599.1849,3
id10571,1513.95907778074,1513.88632288159,1500000,9.27095424047525,Steven Davisson,10571,Steven,,Davisson,,,1,R,1,Rep,HD-073,2016,"DAVISSON, STEVEN",REPUBLICAN,5,24,10,1,0,12,9,41,0,71,6,3,15,0,21,0,1,136,9,364,2664.5,87152.83,3439.5,697.5,0,3539,2214.5,27564.5,0,29111.5,74135.31,759,4879.5,0,253412.6864,0,455,31600.51,4462.8982,526088.7346,4
id10570,1513.84445077506,1513.89198338635,1750000,8.08088343961231,Randall Frye,10570,Randall,,Frye,,Randy,1,R,1,Rep,HD-067,2016,"FRYE, RANDALL (RANDY)",REPUBLICAN,22,26,22,16,0,41,29,72,35,23,5,25,26,0,8,0,24,420,8,802,6372.6,17236.5552,7559.5,7903.5,0,15771.5,10047,27788.35,2633.48,6423,4840,22376.5,15552.87,0,16357.516,0,31385,71818.3971,5916.77,269982.5383,4
id10568,1509.14973836008,1513.28078775944,1750000,5.37863974532138,Ronald Bacon,10568,Ronald,,Bacon,,,1,R,1,Rep,HD-075,2016,"BACON, RONALD",REPUBLICAN,8,83,14,16,0,45,39,38,0,96,4,102,22,0,8,0,0,468,486,1429,3495,107401.72,5221.5,4992.4,0,12428.07,11436.4,36419.76,0,37210.1776,19916,42358.7,7537.8,0,27812.45,0,0,85240.8642,18401.8715,419872.7133,4
id5624,1513.89558159729,1513.8046781736,1506000,9.57986554271702,Sue Errington,5624,Sue,E.,Errington,,,0,D,1,Rep,HD-034,2016,"ERRINGTON, SUE E",DEMOCRATIC,4,68,16,3,0,11,10,32,176,72,56,41,46,0,13,0,6,841,22,1417,1069.4,7212.4214,8600,796,0,3905.5,3581,10376.1408,25475.9225,27007,10762.7395,19671.5,13025.5,0,51696.92,0,3520,95628.6369,44726.721,327055.4021,4
id5576,1513.74506102008,1513.86631255454,1002000,9.45256335438603,Bruce Borders,5576,Bruce,Alan,Borders,,,1,R,1,Rep,HD-045,2016,"BORDERS, BRUCE ALAN",REPUBLICAN,0,7,2,8,0,4,55,13,0,10,2,10,4,0,17,0,0,41,5,178,0,5291.34,788,7235,0,1076,30582.5,22504.7048,0,3138.5,28800,3099,1206.5,0,208318.0112,0,0,12126,4390.8118,328556.3678,4
id5573,1437.74693496254,1468.70962406113,1750000,-20.4539931912088,Sean Eberhart,5573,Sean,R.,Eberhart,,,1,R,1,Rep,HD-057,2016,"EBERHART, SEAN R",REPUBLICAN,16,7,18,15,0,58,39,76,0,25,9,9,53,0,0,0,4,78,4,411,7093,3168,14119,9372.5,0,26654,26404,32833.0554,0,7424,6380,2595,43946.9,0,0,0,1268,38117.09,2324.68,221699.2254,4
id5571,1513.88950813866,1513.7559738021,1750000,9.45774930643165,Donald Lehe,5571,Donald,J.,Lehe,,Don,1,R,1,Rep,HD-025,2016,"LEHE, DONALD J (DON)",REPUBLICAN,38,13,13,20,0,51,16,52,1,74,8,11,18,0,13,0,7,170,0,505,16322.5,1429.85,4796.5,9794,0,17183.5,6511,19178.3888,50,25367,17265,2478,4497.5,0,54098.962,0,2595,48614.6344,0,230181.8352,4
id5570,1513.99892368506,1513.93950448601,1750000,10.6375985418117,Doug Gutwein,5570,Doug,L.,Gutwein,,,1,R,1,Rep,HD-016,2016,"GUTWEIN, DOUG L",REPUBLICAN,22,4,14,20,0,45,23,68,3,23,7,10,37,0,8,0,4,410,3,701,7296.5,849,5919.5,13542,0,15649.5,10838,24874.75,450,7306.5,4041.7,2797.5,9689,0,17331.54,0,1362,81807.6816,1152.35,204907.5216,4
id5569,1234.91669856021,1154.22862722706,1750000,89.4641234667047,Philip GiaQuinta,5569,Philip,,GiaQuinta,,,0,D,1,Rep,HD-080,2016,"GIAQUINTA, PHILIP",DEMOCRATIC,9,14,34,18,1,47,104,116,2,44,1,35,76,0,2,0,18,270,4,795,2245,9443.38,22664,8281.98,232.5,25843.5,57166.1366,60855.5,211,19695.5,250,20405,65698.8765,0,8193.2111,0,6246,115630.3784,1832.24,424894.2026,4
id5568,1514.03283299591,1514.03867634157,1446000,8.59201270842459,Steven Stemler,5568,Steven,Ray,Stemler,,,0,D,1,Rep,HD-071,2016,"STEMLER, STEVEN RAY",DEMOCRATIC,5,11,9,14,0,26,13,22,0,13,2,3,13,0,1,0,8,148,2,290,2077.5,32761.6826,5245,11072,0,10868.5,15630,6682,0,3092,285.51,968,3859.5,0,356.16,0,3640,40256.65,132.99,136927.4926,4
id5567,1513.89084833716,1513.7833973612,1668000,9.37789341554208,Robert Behning,5567,Robert,W.,Behning,,Bob,1,R,1,Rep,HD-091,2016,"BEHNING, ROBERT W (BOB)",REPUBLICAN,0,11,22,13,2,50,29,54,7,47,24,2,38,0,6,0,4,100,0,409,0,15622.38,13550,13789,651,22772.486,33868,61362.0993,8790,17319,129018.6657,400,11245,0,15297.48,0,1137,91768.25,0,436590.361,4
id5566,1513.91500131259,1513.84634797008,1750000,7.86804620815815,Gregory Porter,5566,Gregory,W.,Porter,,,0,D,1,Rep,HD-096,2016,"PORTER, GREGORY W",DEMOCRATIC,9,5,24,6,0,11,31,63,4,77,0,23,43,0,0,0,5,289,6,596,2672,471.4,16816.5,2268.5,0,4856.5,9457,27340.1484,396.8,28176,0,23167,15388.5,0,0,0,3240,58791.5744,3656.46,196698.3828,4
id5565,1513.94526808859,1513.78929654365,1750000,8.91809137520568,David Frizzell,5565,David,N.,Frizzell,,,1,R,1,Rep,HD-093,2016,"FRIZZELL, DAVID N",REPUBLICAN,9,15,38,16,1,76,64,87,0,141,8,5,50,0,1,0,18,218,9,756,4726,2307.4574,22229.5,5222.5,186,33634.6654,21519.5,34100.3893,0,53267.1,7275,1156,13464.75,0,76.44,0,7849,54327.7792,1214.7904,262556.8717,4
id5560,1513.94488170955,1513.86828131259,1750000,9.62321841867629,Jeffrey Thompson,5560,Jeffrey,A.,Thompson,,,1,R,1,Rep,HD-028,2016,"THOMPSON, JEFFREY A",REPUBLICAN,7,6,30,19,0,31,18,53,16,2,4,1,21,0,4,0,3,516,5,736,2639,11190.5,17494.5,8851,0,12059,7603.75,16324.7312,2214.3,484,16470,240,5312,0,274.3137,0,938.2,46513.18,175.68,148784.1549,4
id5557,1513.91573710939,1513.85568059724,1750000,8.93234643688606,Matthew Lehman,5557,Matthew,S.,Lehman,,,1,R,1,Rep,HD-079,2016,"LEHMAN, MATTHEW S",REPUBLICAN,8,17,22,17,1,31,162,88,1,61,5,7,35,0,6,0,20,175,9,665,2883,9517.3948,11316.5,8981,232.5,18746.5,125542,31914.5,144,32810.5,3112,2384,12783.5,0,6651.426,0,9107,74016.078,5866.715,356008.6138,4
id5556,1513.86570846409,1513.77664611522,1750000,10.6160218581313,John Bartlett,5556,John,L.,Bartlett,,,0,D,1,Rep,HD-095,2016,"BARTLETT, JOHN L",DEMOCRATIC,2,2,8,7,0,2,5,20,3,8,0,34,31,0,0,0,2,166,18,308,594.5,144,5200,1031,0,546,1797,9124.568,220.1,3220,0,16694.5,8767,0,0,0,935,23318.2893,6077.79,77669.7473,4
id5553,1513.80306004011,1513.80171102404,1656000,9.71420801090153,Ryan Dvorak,5553,Ryan,Michael,Dvorak,,,0,D,1,Rep,HD-008,2016,"DVORAK, RYAN MICHAEL",DEMOCRATIC,0,18,1,5,0,6,6,10,5,8,1,39,27,0,2,0,3,145,7,283,0,17456.1376,500,1190,0,2134,1413,3990,1147.5,2224.5,136.5,34793,17861.5,0,75320.9152,0,700,27424.06,1305.8,187596.9128,4
id5549,1513.90360033051,1513.79314962381,1691000,9.1919286933196,Matt Pierce,5549,Matt,,Pierce,,,0,D,1,Rep,HD-061,2016,"PIERCE, MATT",DEMOCRATIC,0,2,5,2,0,15,12,15,2,6,4,10,32,0,0,0,5,25,135,270,0,46.21,3460,500,0,4562,3969,6280.5,211,1854.5,648.0763,4160,13615,0,0,0,1735,5957.5,7097.0548,54095.8411,4
id5546,1398.42929985549,1449.52545768125,1560000,-42.498955919265,David Wolkins,5546,David,A.,Wolkins,,,1,R,1,Rep,HD-018,2016,"WOLKINS, DAVID A",REPUBLICAN,17,3,16,22,0,105,31,84,0,42,6,5,26,0,0,0,14,121,27,519,8391,5216,5433,11390.6,0,59097,15774.5,32376,0,19945.5,2191.5,1026,9469.5,0,0,0,5641,40994.95,8011.54,224958.09,4
id5544,1513.91021645907,1513.78527881294,1589000,10.8114015330482,Kathy Richardson,5544,Kathy,Kreag,Richardson,,,1,R,1,Rep,HD-029,2016,"RICHARDSON, KATHY KREAG",REPUBLICAN,10,20,19,30,0,43,36,52,2,65,4,12,40,0,1,0,13,431,14,792,2443,4693.4744,9985.5,21578.5,0,27535,20382,21646.3517,235.5,25577,4295,3816.5,12432.5,0,6231,0,4816,60423.5615,406.9972,226497.8848,4
id5543,1513.94733912698,1513.86479983982,1672000,9.10457556076335,Cherrish Pryor,5543,Cherrish,S.,Pryor,,,0,D,1,Rep,HD-094,2016,"PRYOR, CHERRISH S",DEMOCRATIC,6,6,14,6,0,13,27,50,1,34,3,18,34,0,0,0,6,52,11,281,2623,2925,7892.5,2663,0,5718,9183,18592,120,17187.75,338.5692,6323.5,12303.5,0,0,0,2330,14194.1937,4879.6,107273.6129,4
id5539,1513.96410458384,1513.88111738137,1750000,9.44199832244703,William Friend,5539,William,C.,Friend,,,1,R,1,Rep,HD-023,2016,"FRIEND, WILLIAM C",REPUBLICAN,32,8,23,34,0,78,40,90,0,56,9,6,45,0,0,0,16,217,15,669,11688,6884.2905,11453,17708.5,0,39148.2241,15626,29871.87,0,27834.5,9091.5,1571.5,13221.5,0,0,0,8792,58689.2491,1846.1557,253426.2894,4
id5537,1513.87292257951,1513.7370950407,1750000,10.5039064069792,Thomas Saunders,5537,Thomas,E.,Saunders,,Tom,1,R,1,Rep,HD-054,2016,"SAUNDERS, THOMAS E (TOM)",REPUBLICAN,3,11,13,21,0,27,20,41,14,22,2,59,41,0,3,0,8,448,4,737,3543.4448,4766.4,5587.824,8776,0,8179.5,6957.5,16374.72,867.5,6654,285.51,26634.5,13082.824,0,6678,0,3272,55026.501,3534.2784,170220.5022,4
id5536,1514.05850635927,1514.01038633439,1672000,9.66384421774524,Charles Burton,5536,Charles,,Burton,,Woody,1,R,1,Rep,HD-058,2016,"BURTON, CHARLES (WOODY)",REPUBLICAN,3,19,29,29,0,42,177,52,7,51,9,12,53,0,4,0,13,377,9,886,926,11986.5,9121.58,9894.25,0,10522.6,103963.529,14143.0494,792,22803.5,13647,5461.5,12714.5,0,2761.0276,0,4367,100131.1423,4039.077,327274.2553,4
id5533,1513.88368941341,1513.805155011,1750000,9.21387608451346,Edward DeLaney,5533,Edward,O.,DeLaney,,,0,D,1,Rep,HD-086,2016,"DELANEY, EDWARD O",DEMOCRATIC,2,23,22,15,0,32,55,40,13,43,14,49,175,0,9,0,14,433,0,939,490,3492.3974,14792.3765,7554,0,21782,23944.0186,13107.418,2000.75,17324,9850.8883,22185.5,78169.6296,0,12393.66,0,5197,104245.3317,0,336528.9701,4
id5532,1513.87838250372,1513.76705771697,1750000,9.64538825316231,Charles Moseley,5532,Charles,A.,Moseley,,Chuck,0,D,1,Rep,HD-010,2016,"MOSELEY, CHARLES A (CHUCK)",DEMOCRATIC,0,20,15,3,0,21,11,11,1,21,0,220,18,0,1,0,1,138,2,483,0,4580,8670.25,632.5,0,6976,3939.5,4882.6028,91,6034,0,109885.95,8784.5,0,1344,0,455,33203.65,419,189897.9528,4
id5528,1494.50811631828,1508.92264189166,1505000,-5.85806985363229,Terry Goodin,5528,Terry,Allen,Goodin,,,0,D,1,Rep,HD-066,2016,"GOODIN, TERRY ALLEN",DEMOCRATIC,12,19,18,10,0,25,34,37,1,28,2,59,30,0,4,0,6,119,7,411,11668,34236.5,14033.5,5255.5,0,9503.5,24316.5,19049,480,11452,730,89610,11595,0,4562.69,0,2865,35433.3217,8382.8738,283173.3855,4
id5527,1512.01730553101,1511.51470570155,1370000,9.7359285367138,Robert Cherry,5527,Robert,W.,Cherry,,Bob,1,R,1,Rep,HD-053,2016,"CHERRY, ROBERT W (BOB)",REPUBLICAN,50,20,39,30,1,58,52,84,2,45,6,7,58,0,3,0,11,338,1,805,20615.75,4400.3024,15219.5,12170,465,22436.1,21293.8106,32097.9183,72,20137.3,4735,2580,18832.834,0,444,0,4995,70100.9386,91,250686.4539,4
id5524,1513.84254724557,1513.68600403499,1585000,8.9606731505105,Timothy Brown,5524,Timothy,N.,Brown,,Tim,1,R,1,Rep,HD-041,2016,"BROWN, TIMOTHY N (TIM)",REPUBLICAN,15,1,43,32,2,64,57,91,1,203,5,9,56,0,1,0,13,309,0,902,9737,2325,19462,42248,1820,32845,52539.5,51357.5,465,143759.82,11520,4565,27425.4772,0,153.357,0,15615,141671.76,0,557509.4142,4
id5519,1120.0703571294,1037.76231176129,1750000,91.2795657365991,Thomas Dermody,5519,Thomas,,Dermody,,,1,R,1,Rep,HD-020,2016,"DERMODY, THOMAS",REPUBLICAN,7,12,15,7,0,45,36,67,5,18,4,44,35,0,6,0,3,567,1,872,2700.5,3796.99,10892,3821.5,0,18964.5,25965,34876,2053.5,5617,2595.2,24297,12917,0,16164.134,0,980,154461.7802,24,320126.1042,3
id5518,1437.70325262788,1468.71276398222,1456000,-22.0693708209951,Vanessa Summers,5518,Vanessa,J.,Summers,,,0,D,1,Rep,HD-099,2016,"SUMMERS, VANESSA J",DEMOCRATIC,1,2,7,2,0,3,10,32,2,17,1,13,25,0,0,0,3,44,1,163,100,1100,4300,1920,0,1370,2624.1023,13433,139,4906,750,5216,6380,0,0,0,1053,12474.5,6200,61965.6023,4
id5515,1513.95957763447,1513.86776230355,1750000,9.48294816259454,Randy Truitt,5515,Randy,,Truitt,,,1,R,1,Rep,HD-026,2016,"TRUITT, RANDY",REPUBLICAN,5,24,13,28,0,26,29,31,4,32,1,12,26,0,10,0,3,511,3,758,1623,13945.76,6033,13150,0,9688,24349.75,10601.42,384.4,12871,5000,16659,12685,0,74874.4,0,1041,107173.8072,307.4067,310386.9439,3
id5514,1234.981581121,1154.32458305309,1750000,88.6440146048888,Edward Clere,5514,Edward,D.,Clere,,Ed,1,R,1,Rep,HD-072,2016,"CLERE, EDWARD D (ED)",REPUBLICAN,3,19,22,15,0,29,47,66,2,111,6,5,29,0,10,0,2,201,17,584,1390,60263.41,9191,5759,0,10337,43730,74480.7817,576,71093.85,64705,2105,14674.2359,0,207893.7618,0,920,60582.27,734.5404,628435.8498,4
id5513,1513.89687163287,1513.74539127321,1750000,9.07828516878976,Wes Culver,5513,Wes,,Culver,,,1,R,1,Rep,HD-049,2016,"CULVER, WES",REPUBLICAN,4,8,6,10,0,11,26,33,0,4,0,3,5,0,0,0,3,38,5,156,1038,3060,2855,6025,0,3785,19757.5,11846,0,1081.5,0,955,1239,0,0,0,800,13726.6096,356.38,66524.9896,4
id5510,1513.91906135994,1513.79800519772,1750000,9.89325522854938,Daniel Leonard,5510,Daniel,J.,Leonard,,Dan,1,R,1,Rep,HD-050,2016,"LEONARD, DANIEL J (DAN)",REPUBLICAN,3,22,24,27,0,44,38,67,2,18,5,7,24,0,0,0,9,84,101,475,3280,24117.02,11723.5,17529.82,0,23193,22021.5,28420.5,392,6593,4363,2899,9746,0,0,0,3263,33973.4,7005.7112,198520.4512,4
id5509,1513.83587438536,1513.78228546036,1668000,7.75930117131566,Gerald Torr,5509,Gerald,R.,Torr,,Jerry,1,R,1,Rep,HD-039,2016,"TORR, GERALD R (JERRY)",REPUBLICAN,3,8,15,35,1,47,144,67,3,74,6,9,46,0,2,0,20,196,2,678,1111,6079.5,7597,17235.5,232.5,18540.5,78936.0273,33312.1546,1607.5,35127,4815,4588.5,16519.5,0,687.4868,0,8751,78183.2038,85.2,313408.5725,4
id5508,1513.91695212429,1513.82232892513,1750000,9.34056786874521,Sheila Klinker,5508,Sheila,J.,Klinker,,,0,D,1,Rep,HD-027,2016,"KLINKER, SHEILA J",DEMOCRATIC,3,6,9,20,0,20,30,36,7,47,4,72,17,0,4,0,6,230,9,520,554,5725.5,4800,9463.5,0,5107.0348,12561,9854.1724,1045.5,16414.5,424.2721,70952.2014,6301.5,0,1225.5,0,2465,43851.5676,19313.5,210058.7483,4
id5506,1513.79105494118,1513.73346892433,1577000,8.34544827927425,Linda Lawson,5506,Linda,C.,Lawson,,,0,D,1,Rep,HD-001,2016,"LAWSON, LINDA C",DEMOCRATIC,1,7,9,12,0,39,37,31,2,29,1,67,62,0,0,0,8,99,2,406,500,5404,7300,4994,0,16885,20172,14807,211,21375,92.208,30473.5,31596,0,0,0,5023,26861.5,441,186135.208,4
id5502,1513.87872043658,1513.73160820045,1500000,8.96249339276505,Gregory Steuerwald,5502,Gregory,E.,Steuerwald,,,1,R,1,Rep,HD-040,2016,"STEUERWALD, GREGORY E",REPUBLICAN,7,7,19,36,0,28,59,63,2,36,4,2,58,0,2,0,15,302,7,647,2789,4904,9482.5,17444,0,18515,33527,21123.5925,292,11971.7,2113,292,33659.0301,0,1180,0,5958,70122.4,7932.57,241305.7926,4
id5500,1512.74095694874,1513.86537363747,1750000,7.64341226239185,Gail Riecken,5500,Gail,,Riecken,,,0,D,1,Rep,HD-077,2016,"RIECKEN, GAIL",DEMOCRATIC,1,13,9,14,0,7,47,27,6,30,4,143,36,0,27,0,11,398,126,899,465,2440.5,3970,5287,0,1801,16118,8943.5,1002,8412.4,615.16,75152.7512,9497,0,69832.76,0,4390.136,58173.7864,21134.7309,287235.7245,3
id5499,1513.87270368328,1513.76152210677,1750000,8.46728257566929,Terri Jo Austin,5499,Terri Jo,,Austin,,,0,D,1,Rep,HD-036,2016,"AUSTIN, TERRI JO",DEMOCRATIC,14,11,13,25,0,58,71,82,9,68,3,102,57,0,3,0,30,611,9,1166,6598,5255.9976,8210,7651.5,0,25773,36167,34939.94,1222.5,31707,523.5639,74265.28,37767,0,321,0,19488.5,104862.0626,2421.45,397173.7941,4
id5498,1513.91930710221,1513.87373032583,1655000,8.53035664233062,Clyde Kersey,5498,Clyde,,Kersey,,,0,D,1,Rep,HD-043,2016,"KERSEY, CLYDE",DEMOCRATIC,1,0,8,4,0,11,9,13,1,4,1,59,13,0,1,0,3,23,1,152,300,0,4780,2322.5,0,3976.5,4960.5,5518.5925,91,1240,92.208,36137,4026,0,160.32,0,1385,4690.01,93,69772.6305,4
id5497,1511.34258808587,1512.41136792825,270000,6.49100075032197,Brian Bosma,5497,Brian,C.,Bosma,,,1,R,1,Rep,HD-088,2016,"BOSMA, BRIAN C",REPUBLICAN,60,20,83,92,3,183,230,398,12,238,21,21,171,0,3,0,61,905,0,2501,39409,20021.6849,99039.5,192138,2750,311785.6047,440800.6859,1533562.16,11507.5,251777,49082.5,18362.5,188951.25,0,7705,0,88402.5,455886.0705,0,3711180.956,4
id5494,1513.90780698675,1513.81141070235,1691000,8.91720189281159,Patrick Bauer,5494,B. Patrick,,Bauer,,,0,D,1,Rep,HD-006,2016,"BAUER, B PATRICK",DEMOCRATIC,10,27,24,15,0,53,59,108,5,93,6,86,95,0,3,0,24,235,7,850,5602,124104,38469,13217.5,0,73899,82649.5,127566.5,1810,108529,7248.9472,206208.5,137664.5,0,10250,0,51978,127901.0728,3298.966,1120396.486,4
id5493,1513.97721311904,1513.88114681529,1750000,9.4833389251055,Edmond Soliday,5493,Edmond,,Soliday,,Ed,1,R,1,Rep,HD-004,2016,"SOLIDAY, EDMOND (ED)",REPUBLICAN,8,12,35,51,0,107,26,51,1,15,3,102,42,0,14,0,33,274,12,786,4552,5884.0264,22075,50001.5,0,62579,20174.5,54200.913,25,5275,50550,104780,16705.09,0,485988.1541,0,21796,139359.213,2012.146,1045957.5425,4
id5492,1513.95306751569,1513.89237830287,1672000,8.92835846274693,Vernon Smith,5492,Vernon,G.,Smith,,,0,D,1,Rep,HD-014,2016,"SMITH, VERNON G",DEMOCRATIC,0,12,3,0,0,10,4,14,1,3,0,14,6,0,0,0,2,88,4,161,0,1938.5,700,0,0,3789.5,910,4559.2016,120,688,0,2918,1919.5,0,0,0,296,15439.5,8800.1,42078.3016,4
id5489,1509.19076469018,1513.4017368999,1750000,5.09182311242944,David Niezgodski,5489,David,L.,Niezgodski,,,0,D,1,Rep,HD-007,2016,"NIEZGODSKI, DAVID L",DEMOCRATIC,7,32,17,31,0,30,20,35,1,27,1,338,35,0,3,0,14,375,1,967,1632.5,5176.4,10520,10412.5,0,9066,6932.5,13676.5,91,7652.5,922.08,289222.93,18152.5,0,3439.14,0,10337.5,66732.774,1001,454967.824,4
id5483,1513.91236286916,1513.78875971007,1750000,10.7795183902906,Eric Koch,5483,Eric,Allan,Koch,,,1,R,1,Rep,HD-065,2016,"KOCH, ERIC ALLAN",REPUBLICAN,3,13,56,14,0,87,47,41,0,23,0,14,46,0,4,0,15,164,2,529,2140,11346.5625,37494.728,5732.5,0,60032,21584,17676.7504,0,7192.5,0,5863,46276.5,0,56791.098,0,6539.5,39842.0088,18.2091,318529.3568,4
id5482,1513.98306527883,1513.92249667389,1750000,9.15059100113353,Scott Pelath,5482,Scott,Douglas,Pelath,,,0,D,1,Rep,HD-009,2016,"PELATH, SCOTT DOUGLAS",DEMOCRATIC,19,7,29,15,2,54,55,96,3,109,0,122,95,0,4,0,15,290,102,1017,9827,1200,26506,11125,1142.5,51342,57804.7731,56820,568.5,70806,0,99441,80495.0231,0,2059,0,14810,112776.2077,25385.6463,622108.6502,4
