<?xml version="1.0" encoding="UTF-8"?>
<billStatus>
  <bill>
    <calendarNumbers />
    <amendments />
    <committeeReports />
    <constitutionalAuthorityStatementText />
    <laws />
    <summaries>
      <billSummaries>
        <item>
          <updateDate>2017-03-29T04:00:00Z</updateDate>
          <actionDate>2017-03-29</actionDate>
          <versionCode>00</versionCode>
          <name>Introduced in House</name>
          <text><![CDATA[<p>Expresses the sense of Congress that the Supreme Court misinterpreted the First Amendment in the case of <i>Buckley v. Valeo</i> because the decision failed to recognize: (1) that the unlimited spending of large amounts of money on elections has a corrosive effect on the electoral process not simply because of direct transactions between those who give large amounts of money and candidates and elected officials but because the presence of unlimited amounts of money corrupts the process on a more fundamental level; and (2) other legitimate state interests which justify limiting money in campaigns, including the need to preserve the integrity of our republican form of government, restore public confidence in government, and ensure all citizens a more equal opportunity to participate in the political process.<br> </p>]]></text>
          <lastSummaryUpdateDate>2017-05-02T15:19:07Z</lastSummaryUpdateDate>
          <actionDesc>Introduced in House</actionDesc>
        </item>
      </billSummaries>
    </summaries>
    <relatedBills />
    <createDate>2017-03-30T04:33:00Z</createDate>
    <latestAction>
      <links />
      <actionDate>2017-03-29</actionDate>
      <text>Referred to the Subcommittee on the Constitution and Civil Justice.</text>
    </latestAction>
    <sponsors>
      <item>
        <party>D</party>
        <state>OH</state>
        <bioguideId>K000009</bioguideId>
        <middleName />
        <lastName>KAPTUR</lastName>
        <fullName>Rep. Kaptur, Marcy [D-OH-9]</fullName>
        <firstName>MARCY</firstName>
        <district>9</district>
        <byRequestType />
        <identifiers>
          <bioguideId>K000009</bioguideId>
          <lisID>616</lisID>
          <gpoId>8099</gpoId>
        </identifiers>
      </item>
    </sponsors>
    <billNumber>42</billNumber>
    <updateDate>2018-08-28T19:53:18Z</updateDate>
    <cboCostEstimates />
    <notes />
    <titles>
      <item>
        <chamberName />
        <parentTitleType />
        <titleType>Official Title as Introduced</titleType>
        <title>Expressing the sense of Congress that the Supreme Court misinterpreted the First Amendment to the Constitution in the case of Buckley v. Valeo.</title>
        <chamberCode />
      </item>
      <item>
        <chamberName />
        <parentTitleType />
        <titleType>Display Title</titleType>
        <title>Expressing the sense of Congress that the Supreme Court misinterpreted the First Amendment to the Constitution in the case of Buckley v. Valeo.</title>
        <chamberCode />
      </item>
    </titles>
    <introducedDate>2017-03-29</introducedDate>
    <subjects>
      <billSubjects>
        <legislativeSubjects>
          <item>
            <name>Constitution and constitutional amendments</name>
          </item>
          <item>
            <name>Elections, voting, political campaign regulation</name>
          </item>
          <item>
            <name>First Amendment rights</name>
          </item>
          <item>
            <name>Supreme Court</name>
          </item>
        </legislativeSubjects>
        <policyArea>
          <name>Government Operations and Politics</name>
        </policyArea>
      </billSubjects>
    </subjects>
    <billType>HCONRES</billType>
    <originChamber>House</originChamber>
    <title>Expressing the sense of Congress that the Supreme Court misinterpreted the First Amendment to the Constitution in the case of Buckley v. Valeo.</title>
    <cosponsors>
      <item>
        <bioguideId>G000410</bioguideId>
        <party>D</party>
        <firstName>GENE</firstName>
        <state>TX</state>
        <isOriginalCosponsor>True</isOriginalCosponsor>
        <middleName />
        <identifiers>
          <bioguideId>G000410</bioguideId>
          <gpoId>8185</gpoId>
          <lisID>462</lisID>
        </identifiers>
        <fullName>Rep. Green, Gene [D-TX-29]</fullName>
        <district>29</district>
        <lastName>GREEN</lastName>
        <sponsorshipDate>2017-03-29</sponsorshipDate>
        <sponsorshipWithdrawnDate />
      </item>
      <item>
        <bioguideId>N000147</bioguideId>
        <party>D</party>
        <firstName>ELEANOR</firstName>
        <state>DC</state>
        <isOriginalCosponsor>True</isOriginalCosponsor>
        <middleName>HOLMES</middleName>
        <identifiers>
          <lisID>868</lisID>
          <bioguideId>N000147</bioguideId>
          <gpoId>7871</gpoId>
        </identifiers>
        <fullName>Rep. Norton, Eleanor Holmes [D-DC-At Large]</fullName>
        <district>0</district>
        <lastName>NORTON</lastName>
        <sponsorshipDate>2017-03-29</sponsorshipDate>
        <sponsorshipWithdrawnDate />
      </item>
      <item>
        <bioguideId>M001185</bioguideId>
        <party>D</party>
        <firstName>Sean</firstName>
        <state>NY</state>
        <isOriginalCosponsor>True</isOriginalCosponsor>
        <middleName>Patrick</middleName>
        <identifiers>
          <gpoId />
          <lisID>2150</lisID>
          <bioguideId>M001185</bioguideId>
        </identifiers>
        <fullName>Rep. Maloney, Sean Patrick [D-NY-18]</fullName>
        <district>18</district>
        <lastName>Maloney</lastName>
        <sponsorshipDate>2017-03-29</sponsorshipDate>
        <sponsorshipWithdrawnDate />
      </item>
      <item>
        <bioguideId>C000714</bioguideId>
        <party>D</party>
        <firstName>JOHN</firstName>
        <state>MI</state>
        <isOriginalCosponsor>True</isOriginalCosponsor>
        <middleName />
        <identifiers>
          <bioguideId>C000714</bioguideId>
          <gpoId>7999</gpoId>
          <lisID>229</lisID>
        </identifiers>
        <fullName>Rep. Conyers, John, Jr. [D-MI-13]</fullName>
        <district>13</district>
        <lastName>CONYERS</lastName>
        <sponsorshipDate>2017-03-29</sponsorshipDate>
        <sponsorshipWithdrawnDate />
      </item>
      <item>
        <bioguideId>H001038</bioguideId>
        <party>D</party>
        <firstName>Brian</firstName>
        <state>NY</state>
        <isOriginalCosponsor>True</isOriginalCosponsor>
        <middleName />
        <identifiers>
          <lisID>1794</lisID>
          <bioguideId>H001038</bioguideId>
          <gpoId>8088</gpoId>
        </identifiers>
        <fullName>Rep. Higgins, Brian [D-NY-26]</fullName>
        <district>26</district>
        <lastName>Higgins</lastName>
        <sponsorshipDate>2017-03-29</sponsorshipDate>
        <sponsorshipWithdrawnDate />
      </item>
      <item>
        <bioguideId>S001145</bioguideId>
        <party>D</party>
        <firstName>JANICE</firstName>
        <state>IL</state>
        <isOriginalCosponsor>True</isOriginalCosponsor>
        <middleName>D.</middleName>
        <identifiers>
          <lisID>1588</lisID>
          <gpoId>7929</gpoId>
          <bioguideId>S001145</bioguideId>
        </identifiers>
        <fullName>Rep. Schakowsky, Janice D. [D-IL-9]</fullName>
        <district>9</district>
        <lastName>SCHAKOWSKY</lastName>
        <sponsorshipDate>2017-03-29</sponsorshipDate>
        <sponsorshipWithdrawnDate />
      </item>
      <item>
        <bioguideId>D000191</bioguideId>
        <party>D</party>
        <firstName>PETER</firstName>
        <state>OR</state>
        <isOriginalCosponsor>True</isOriginalCosponsor>
        <middleName>A.</middleName>
        <identifiers>
          <lisID>279</lisID>
          <gpoId>8117</gpoId>
          <bioguideId>D000191</bioguideId>
        </identifiers>
        <fullName>Rep. DeFazio, Peter A. [D-OR-4]</fullName>
        <district>4</district>
        <lastName>DEFAZIO</lastName>
        <sponsorshipDate>2017-03-29</sponsorshipDate>
        <sponsorshipWithdrawnDate />
      </item>
      <item>
        <bioguideId>S001200</bioguideId>
        <party>D</party>
        <firstName>Darren</firstName>
        <state>FL</state>
        <isOriginalCosponsor>True</isOriginalCosponsor>
        <middleName />
        <identifiers>
          <lisID>2319</lisID>
          <bioguideId>S001200</bioguideId>
          <gpoId />
        </identifiers>
        <fullName>Rep. Soto, Darren [D-FL-9]</fullName>
        <district>9</district>
        <lastName>Soto</lastName>
        <sponsorshipDate>2017-03-29</sponsorshipDate>
        <sponsorshipWithdrawnDate />
      </item>
      <item>
        <bioguideId>B000574</bioguideId>
        <party>D</party>
        <firstName>EARL</firstName>
        <state>OR</state>
        <isOriginalCosponsor>True</isOriginalCosponsor>
        <middleName />
        <identifiers>
          <gpoId>8116</gpoId>
          <lisID>99</lisID>
          <bioguideId>B000574</bioguideId>
        </identifiers>
        <fullName>Rep. Blumenauer, Earl [D-OR-3]</fullName>
        <district>3</district>
        <lastName>BLUMENAUER</lastName>
        <sponsorshipDate>2017-03-29</sponsorshipDate>
        <sponsorshipWithdrawnDate />
      </item>
      <item>
        <bioguideId>S000480</bioguideId>
        <party>D</party>
        <firstName>LOUISE</firstName>
        <state>NY</state>
        <isOriginalCosponsor>True</isOriginalCosponsor>
        <middleName>M.</middleName>
        <identifiers>
          <lisID>1069</lisID>
          <bioguideId>S000480</bioguideId>
          <gpoId>8089</gpoId>
        </identifiers>
        <fullName>Rep. Slaughter, Louise McIntosh [D-NY-25]</fullName>
        <district>25</district>
        <lastName>SLAUGHTER</lastName>
        <sponsorshipDate>2017-03-29</sponsorshipDate>
        <sponsorshipWithdrawnDate />
      </item>
      <item>
        <bioguideId>R000606</bioguideId>
        <party>D</party>
        <firstName>Jamie</firstName>
        <state>MD</state>
        <isOriginalCosponsor>True</isOriginalCosponsor>
        <middleName />
        <identifiers>
          <lisID>2332</lisID>
          <gpoId />
          <bioguideId>R000606</bioguideId>
        </identifiers>
        <fullName>Rep. Raskin, Jamie [D-MD-8]</fullName>
        <district>8</district>
        <lastName>Raskin</lastName>
        <sponsorshipDate>2017-03-29</sponsorshipDate>
        <sponsorshipWithdrawnDate />
      </item>
    </cosponsors>
    <recordedVotes />
    <policyArea>
      <name>Government Operations and Politics</name>
    </policyArea>
    <committees>
      <billCommittees>
        <item>
          <activities>
            <item>
              <name>Referred to</name>
              <date>2017-03-29T12:01:35Z</date>
            </item>
          </activities>
          <chamber>House</chamber>
          <systemCode>hsju00</systemCode>
          <name>Judiciary Committee</name>
          <type>Standing</type>
          <subcommittees>
            <item>
              <systemCode>hsju10</systemCode>
              <activities>
                <item>
                  <name>Referred to</name>
                  <date>2017-03-29T20:18:54Z</date>
                </item>
              </activities>
              <name>Constitution and Civil Justice Subcommittee</name>
            </item>
          </subcommittees>
        </item>
      </billCommittees>
    </committees>
    <actions>
      <item>
        <actionDate>2017-03-29</actionDate>
        <committee>
          <systemCode>hsju10</systemCode>
          <name>Constitution and Civil Justice Subcommittee</name>
        </committee>
        <links />
        <sourceSystem>
          <code>1</code>
          <name>House committee actions</name>
        </sourceSystem>
        <text>Referred to the Subcommittee on the Constitution and Civil Justice.</text>
        <type>Committee</type>
      </item>
      <item>
        <text>Referred to the House Committee on the Judiciary.</text>
        <type>IntroReferral</type>
        <committee>
          <systemCode>hsju00</systemCode>
          <name>Judiciary Committee</name>
        </committee>
        <actionDate>2017-03-29</actionDate>
        <links />
        <actionCode>H11100</actionCode>
        <sourceSystem>
          <code>2</code>
          <name>House floor actions</name>
        </sourceSystem>
      </item>
      <item>
        <text>Sponsor introductory remarks on measure. (CR H2550, E411)</text>
        <type>IntroReferral</type>
        <committee />
        <actionDate>2017-03-29</actionDate>
        <links>
          <link>
            <name>E411</name>
            <url>https://www.congress.gov/congressional-record/volume-163/extensions-of-remarks-section/page/E411</url>
          </link>
          <link>
            <name>H2550</name>
            <url>https://www.congress.gov/congressional-record/volume-163/house-section/page/H2550</url>
          </link>
        </links>
        <actionCode>B00100</actionCode>
        <sourceSystem>
          <code>9</code>
          <name>Library of Congress</name>
        </sourceSystem>
      </item>
      <item>
        <text>Introduced in House</text>
        <type>IntroReferral</type>
        <committee />
        <actionDate>2017-03-29</actionDate>
        <links />
        <actionCode>Intro-H</actionCode>
        <sourceSystem>
          <code>9</code>
          <name>Library of Congress</name>
        </sourceSystem>
      </item>
      <item>
        <text>Introduced in House</text>
        <type>IntroReferral</type>
        <committee />
        <actionDate>2017-03-29</actionDate>
        <links />
        <actionCode>1000</actionCode>
        <sourceSystem>
          <code>9</code>
          <name>Library of Congress</name>
        </sourceSystem>
      </item>
      <actionByCounts>
        <houseOfRepresentatives>4</houseOfRepresentatives>
      </actionByCounts>
      <actionTypeCounts>
        <introducedInHouse>1</introducedInHouse>
        <placeholderTextForB>1</placeholderTextForB>
        <placeholderTextForH>1</placeholderTextForH>
        <billReferrals>1</billReferrals>
        <introducedInTheHouse>1</introducedInTheHouse>
      </actionTypeCounts>
    </actions>
    <version>1.0.0</version>
    <congress>115</congress>
  </bill>
  <dublinCore xmlns:dc="http://purl.org/dc/elements/1.1/">
    <dc:format>text/xml</dc:format>
    <dc:language>EN</dc:language>
    <dc:rights>Pursuant to Title 17 Section 105 of the United States Code, this file is not subject to copyright protection and is in the public domain.</dc:rights>
    <dc:contributor>Congressional Research Service, Library of Congress</dc:contributor>
    <dc:description>This file contains bill summaries and statuses for federal legislation. A bill summary describes the most significant provisions of a piece of legislation and details the effects the legislative text may have on current law and federal programs. Bill summaries are authored by the Congressional Research Service (CRS) of the Library of Congress. As stated in Public Law 91-510 (2 USC 166 (d)(6)), one of the duties of CRS is "to prepare summaries and digests of bills and resolutions of a public general nature introduced in the Senate or House of Representatives". For more information, refer to the User Guide that accompanies this file.</dc:description>
  </dublinCore>
</billStatus>

