<?xml version="1.0" encoding="UTF-8"?>
<billStatus>
  <bill>
    <calendarNumbers>
      <item>
        <number />
        <calendar>H00147</calendar>
      </item>
    </calendarNumbers>
    <amendments />
    <committeeReports>
      <committeeReport>
        <citation>H. Rept. 115-701</citation>
      </committeeReport>
    </committeeReports>
    <constitutionalAuthorityStatementText />
    <laws />
    <summaries>
      <billSummaries>
        <item>
          <updateDate>2018-03-08T05:00:00Z</updateDate>
          <actionDate>2018-03-08</actionDate>
          <versionCode>00</versionCode>
          <name>Introduced in House</name>
          <text><![CDATA[<p>Permits the Greater Washington Soap Box Derby Association to sponsor soap box derby races as a free public event on the Capitol grounds on June 16, 2018.</p>]]></text>
          <lastSummaryUpdateDate>2018-03-09T20:06:06Z</lastSummaryUpdateDate>
          <actionDesc>Introduced in House</actionDesc>
        </item>
        <item>
          <updateDate>2018-06-05T15:16:59Z</updateDate>
          <actionDate>2018-06-05</actionDate>
          <versionCode>82</versionCode>
          <name>Passed Senate without amendment</name>
          <text><![CDATA[<p>(Sec. 1) Permits the Greater Washington Soap Box Derby Association to sponsor soap box derby races as a free public event on the Capitol grounds on June 16, 2018.</p>]]></text>
          <lastSummaryUpdateDate>2018-06-07T20:41:42Z</lastSummaryUpdateDate>
          <actionDesc>Passed Senate without amendment</actionDesc>
        </item>
      </billSummaries>
    </summaries>
    <relatedBills>
      <item>
        <relationshipDetails>
          <item>
            <type>Related bill</type>
            <identifiedBy>House</identifiedBy>
          </item>
        </relationshipDetails>
        <latestTitle>Authorizing the use of the Capitol Grounds for the Greater Washington Soap Box Derby.</latestTitle>
        <type>HCONRES</type>
        <congress>115</congress>
        <number>36</number>
        <latestAction>
          <text>Message on Senate action sent to the House.</text>
          <actionDate>2017-04-28</actionDate>
        </latestAction>
      </item>
    </relatedBills>
    <createDate>2018-03-09T08:10:57Z</createDate>
    <latestAction>
      <links />
      <actionDate>2018-06-06</actionDate>
      <text>Message on Senate action sent to the House.</text>
    </latestAction>
    <sponsors>
      <item>
        <party>D</party>
        <state>MD</state>
        <bioguideId>H000874</bioguideId>
        <middleName>H.</middleName>
        <lastName>HOYER</lastName>
        <fullName>Rep. Hoyer, Steny H. [D-MD-5]</fullName>
        <firstName>STENY</firstName>
        <district>5</district>
        <byRequestType />
        <identifiers>
          <lisID>566</lisID>
          <bioguideId>H000874</bioguideId>
          <gpoId>7980</gpoId>
        </identifiers>
      </item>
    </sponsors>
    <billNumber>113</billNumber>
    <updateDate>2018-08-28T19:53:37Z</updateDate>
    <cboCostEstimates />
    <notes />
    <titles>
      <item>
        <chamberCode />
        <titleType>Official Title as Introduced</titleType>
        <parentTitleType />
        <chamberName />
        <title>Authorizing the use of the Capitol Grounds for the Greater Washington Soap Box Derby.</title>
      </item>
      <item>
        <chamberCode />
        <titleType>Display Title</titleType>
        <parentTitleType />
        <chamberName />
        <title>Authorizing the use of the Capitol Grounds for the Greater Washington Soap Box Derby.</title>
      </item>
    </titles>
    <introducedDate>2018-03-08</introducedDate>
    <subjects>
      <billSubjects>
        <legislativeSubjects />
        <policyArea>
          <name>Congress</name>
        </policyArea>
      </billSubjects>
    </subjects>
    <billType>HCONRES</billType>
    <originChamber>House</originChamber>
    <title>Authorizing the use of the Capitol Grounds for the Greater Washington Soap Box Derby.</title>
    <cosponsors>
      <item>
        <middleName>G.</middleName>
        <identifiers>
          <lisID>2331</lisID>
          <bioguideId>B001304</bioguideId>
          <gpoId />
        </identifiers>
        <firstName>Anthony</firstName>
        <state>MD</state>
        <bioguideId>B001304</bioguideId>
        <district>4</district>
        <fullName>Rep. Brown, Anthony G. [D-MD-4]</fullName>
        <isOriginalCosponsor>True</isOriginalCosponsor>
        <party>D</party>
        <sponsorshipWithdrawnDate />
        <lastName>Brown</lastName>
        <sponsorshipDate>2018-03-08</sponsorshipDate>
      </item>
      <item>
        <middleName>HOLMES</middleName>
        <identifiers>
          <bioguideId>N000147</bioguideId>
          <lisID>868</lisID>
          <gpoId>7871</gpoId>
        </identifiers>
        <firstName>ELEANOR</firstName>
        <state>DC</state>
        <bioguideId>N000147</bioguideId>
        <district>0</district>
        <fullName>Rep. Norton, Eleanor Holmes [D-DC-At Large]</fullName>
        <isOriginalCosponsor>True</isOriginalCosponsor>
        <party>D</party>
        <sponsorshipWithdrawnDate />
        <lastName>NORTON</lastName>
        <sponsorshipDate>2018-03-08</sponsorshipDate>
      </item>
      <item>
        <middleName>K.</middleName>
        <identifiers>
          <bioguideId>D000620</bioguideId>
          <lisID>2133</lisID>
          <gpoId />
        </identifiers>
        <firstName>John</firstName>
        <state>MD</state>
        <bioguideId>D000620</bioguideId>
        <district>6</district>
        <fullName>Rep. Delaney, John K. [D-MD-6]</fullName>
        <isOriginalCosponsor>True</isOriginalCosponsor>
        <party>D</party>
        <sponsorshipWithdrawnDate />
        <lastName>Delaney</lastName>
        <sponsorshipDate>2018-03-08</sponsorshipDate>
      </item>
      <item>
        <middleName />
        <identifiers>
          <gpoId />
          <lisID>2332</lisID>
          <bioguideId>R000606</bioguideId>
        </identifiers>
        <firstName>Jamie</firstName>
        <state>MD</state>
        <bioguideId>R000606</bioguideId>
        <district>8</district>
        <fullName>Rep. Raskin, Jamie [D-MD-8]</fullName>
        <isOriginalCosponsor>True</isOriginalCosponsor>
        <party>D</party>
        <sponsorshipWithdrawnDate />
        <lastName>Raskin</lastName>
        <sponsorshipDate>2018-03-08</sponsorshipDate>
      </item>
      <item>
        <middleName>E.</middleName>
        <identifiers>
          <lisID>1959</lisID>
          <gpoId>8202</gpoId>
          <bioguideId>C001078</bioguideId>
        </identifiers>
        <firstName>Gerald</firstName>
        <state>VA</state>
        <bioguideId>C001078</bioguideId>
        <district>11</district>
        <fullName>Rep. Connolly, Gerald E. [D-VA-11]</fullName>
        <isOriginalCosponsor>True</isOriginalCosponsor>
        <party>D</party>
        <sponsorshipWithdrawnDate />
        <lastName>Connolly</lastName>
        <sponsorshipDate>2018-03-08</sponsorshipDate>
      </item>
      <item>
        <middleName>S.</middleName>
        <identifiers>
          <bioguideId>B001292</bioguideId>
          <lisID>2272</lisID>
          <gpoId />
        </identifiers>
        <firstName>Donald</firstName>
        <state>VA</state>
        <bioguideId>B001292</bioguideId>
        <district>8</district>
        <fullName>Rep. Beyer, Donald S., Jr. [D-VA-8]</fullName>
        <isOriginalCosponsor>True</isOriginalCosponsor>
        <party>D</party>
        <sponsorshipWithdrawnDate />
        <lastName>Beyer</lastName>
        <sponsorshipDate>2018-03-08</sponsorshipDate>
      </item>
      <item>
        <middleName>P.</middleName>
        <identifiers>
          <gpoId>7978</gpoId>
          <lisID>1854</lisID>
          <bioguideId>S001168</bioguideId>
        </identifiers>
        <firstName>John</firstName>
        <state>MD</state>
        <bioguideId>S001168</bioguideId>
        <district>3</district>
        <fullName>Rep. Sarbanes, John P. [D-MD-3]</fullName>
        <isOriginalCosponsor>True</isOriginalCosponsor>
        <party>D</party>
        <sponsorshipWithdrawnDate />
        <lastName>Sarbanes</lastName>
        <sponsorshipDate>2018-03-08</sponsorshipDate>
      </item>
      <item>
        <middleName />
        <identifiers>
          <lisID>2273</lisID>
          <bioguideId>C001105</bioguideId>
          <gpoId />
        </identifiers>
        <firstName>Barbara</firstName>
        <state>VA</state>
        <bioguideId>C001105</bioguideId>
        <district>10</district>
        <fullName>Rep. Comstock, Barbara [R-VA-10]</fullName>
        <isOriginalCosponsor>True</isOriginalCosponsor>
        <party>R</party>
        <sponsorshipWithdrawnDate />
        <lastName>Comstock</lastName>
        <sponsorshipDate>2018-03-08</sponsorshipDate>
      </item>
    </cosponsors>
    <recordedVotes />
    <policyArea>
      <name>Congress</name>
    </policyArea>
    <committees>
      <billCommittees>
        <item>
          <systemCode>hspw00</systemCode>
          <chamber>House</chamber>
          <type>Standing</type>
          <subcommittees>
            <item>
              <systemCode>hspw13</systemCode>
              <activities>
                <item>
                  <date>2018-04-12T16:50:19Z</date>
                  <name>Discharged from</name>
                </item>
                <item>
                  <date>2018-03-09T14:16:04Z</date>
                  <name>Referred to</name>
                </item>
              </activities>
              <name>Economic Development, Public Buildings and Emergency Management Subcommittee</name>
            </item>
          </subcommittees>
          <name>Transportation and Infrastructure Committee</name>
          <activities>
            <item>
              <date>2018-05-22T17:26:42Z</date>
              <name>Reported by</name>
            </item>
            <item>
              <date>2018-04-12T16:50:31Z</date>
              <name>Markup by</name>
            </item>
            <item>
              <date>2018-03-08T14:03:00Z</date>
              <name>Referred to</name>
            </item>
          </activities>
        </item>
      </billCommittees>
    </committees>
    <actions>
      <item>
        <actionDate>2018-06-06</actionDate>
        <committee />
        <links />
        <sourceSystem>
          <code>0</code>
          <name>Senate</name>
        </sourceSystem>
        <text>Message on Senate action sent to the House.</text>
        <type>Floor</type>
      </item>
      <item>
        <actionDate>2018-06-05</actionDate>
        <committee />
        <links>
          <link>
            <url>https://www.congress.gov/congressional-record/volume-164/senate-section/page/S2997</url>
            <name>S2997</name>
          </link>
        </links>
        <sourceSystem>
          <code>0</code>
          <name>Senate</name>
        </sourceSystem>
        <text>Resolution agreed to in Senate without amendment by Unanimous Consent. (consideration: CR S2997)</text>
        <type>Floor</type>
      </item>
      <item>
        <actionDate>2018-06-05</actionDate>
        <actionCode>17000</actionCode>
        <text>Passed/agreed to in Senate: Resolution agreed to in Senate without amendment by Unanimous Consent.</text>
        <committee />
        <links />
        <type>Floor</type>
        <sourceSystem>
          <code>9</code>
          <name>Library of Congress</name>
        </sourceSystem>
      </item>
      <item>
        <actionDate>2018-05-23</actionDate>
        <committee />
        <links />
        <sourceSystem>
          <code>0</code>
          <name>Senate</name>
        </sourceSystem>
        <text>Received in the Senate.</text>
        <type>IntroReferral</type>
      </item>
      <item>
        <actionDate>2018-05-22</actionDate>
        <actionCode>H38310</actionCode>
        <text>Motion to reconsider laid on the table Agreed to without objection.</text>
        <committee />
        <links />
        <type>Floor</type>
        <sourceSystem>
          <code>2</code>
          <name>House floor actions</name>
        </sourceSystem>
        <actionTime>13:55:19</actionTime>
      </item>
      <item>
        <actionDate>2018-05-22</actionDate>
        <actionCode>H37300</actionCode>
        <text>On motion to suspend the rules and agree to the resolution Agreed to by voice vote. (text: CR H4319-4320)</text>
        <committee />
        <links>
          <link>
            <url>https://www.congress.gov/congressional-record/volume-164/house-section/page/H4319-4320</url>
            <name>H4319-4320</name>
          </link>
        </links>
        <type>Floor</type>
        <sourceSystem>
          <code>2</code>
          <name>House floor actions</name>
        </sourceSystem>
        <actionTime>13:55:18</actionTime>
      </item>
      <item>
        <actionDate>2018-05-22</actionDate>
        <actionCode>8000</actionCode>
        <text>Passed/agreed to in House: On motion to suspend the rules and agree to the resolution Agreed to by voice vote.(text: CR H4319-4320)</text>
        <committee />
        <links>
          <link>
            <url>https://www.congress.gov/congressional-record/volume-164/house-section/page/H4319-4320</url>
            <name>H4319-4320</name>
          </link>
        </links>
        <type>Floor</type>
        <sourceSystem>
          <code>9</code>
          <name>Library of Congress</name>
        </sourceSystem>
        <actionTime>13:55:18</actionTime>
      </item>
      <item>
        <actionDate>2018-05-22</actionDate>
        <actionCode>H8D000</actionCode>
        <text>DEBATE - The House proceeded with forty minutes of debate on H. Con. Res. 113.</text>
        <committee />
        <links>
          <link>
            <url>https://www.congress.gov/bill/115th-congress/house-concurrent-resolution/113</url>
            <name>H. Con. Res. 113</name>
          </link>
        </links>
        <type>Floor</type>
        <sourceSystem>
          <code>2</code>
          <name>House floor actions</name>
        </sourceSystem>
        <actionTime>13:48:26</actionTime>
      </item>
      <item>
        <actionDate>2018-05-22</actionDate>
        <actionCode>H30000</actionCode>
        <text>Considered under suspension of the rules. (consideration: CR H4319-4320)</text>
        <committee />
        <links>
          <link>
            <url>https://www.congress.gov/congressional-record/volume-164/house-section/page/H4319-4320</url>
            <name>H4319-4320</name>
          </link>
        </links>
        <type>Floor</type>
        <sourceSystem>
          <code>2</code>
          <name>House floor actions</name>
        </sourceSystem>
        <actionTime>13:48:23</actionTime>
      </item>
      <item>
        <actionDate>2018-05-22</actionDate>
        <actionCode>H30300</actionCode>
        <text>Mr. Barletta moved to suspend the rules and agree to the resolution.</text>
        <committee />
        <links />
        <type>Floor</type>
        <sourceSystem>
          <code>2</code>
          <name>House floor actions</name>
        </sourceSystem>
        <actionTime>13:48:02</actionTime>
      </item>
      <item>
        <actionDate>2018-05-22</actionDate>
        <actionCode>H12420</actionCode>
        <text>Placed on the House Calendar, Calendar No. 147.</text>
        <committee />
        <links />
        <type>Calendars</type>
        <sourceSystem>
          <code>2</code>
          <name>House floor actions</name>
        </sourceSystem>
      </item>
      <item>
        <actionDate>2018-05-22</actionDate>
        <actionCode>H12200</actionCode>
        <text>Reported by the Committee on Transportation and Infrastructure. H. Rept. 115-701.</text>
        <committee>
          <systemCode>hspw00</systemCode>
          <name>Transportation and Infrastructure Committee</name>
        </committee>
        <links>
          <link>
            <url>https://www.congress.gov/congressional-report/115th-congress/house-report/701</url>
            <name>H. Rept. 115-701</name>
          </link>
        </links>
        <type>Committee</type>
        <sourceSystem>
          <code>2</code>
          <name>House floor actions</name>
        </sourceSystem>
      </item>
      <item>
        <actionDate>2018-05-22</actionDate>
        <actionCode>5000</actionCode>
        <text>Reported by the Committee on Transportation and Infrastructure. H. Rept. 115-701.</text>
        <committee>
          <systemCode>hspw00</systemCode>
          <name>Transportation and Infrastructure Committee</name>
        </committee>
        <links>
          <link>
            <url>https://www.congress.gov/congressional-report/115th-congress/house-report/701</url>
            <name>H. Rept. 115-701</name>
          </link>
        </links>
        <type>Committee</type>
        <sourceSystem>
          <code>9</code>
          <name>Library of Congress</name>
        </sourceSystem>
      </item>
      <item>
        <actionDate>2018-04-12</actionDate>
        <committee>
          <systemCode>hspw00</systemCode>
          <name>Transportation and Infrastructure Committee</name>
        </committee>
        <links />
        <sourceSystem>
          <code>1</code>
          <name>House committee actions</name>
        </sourceSystem>
        <text>Ordered to be Reported by Voice Vote.</text>
        <type>Committee</type>
      </item>
      <item>
        <actionDate>2018-04-12</actionDate>
        <committee>
          <systemCode>hspw00</systemCode>
          <name>Transportation and Infrastructure Committee</name>
        </committee>
        <links />
        <sourceSystem>
          <code>1</code>
          <name>House committee actions</name>
        </sourceSystem>
        <text>Committee Consideration and Mark-up Session Held.</text>
        <type>Committee</type>
      </item>
      <item>
        <actionDate>2018-04-12</actionDate>
        <committee>
          <systemCode>hspw00</systemCode>
          <name>Transportation and Infrastructure Committee</name>
        </committee>
        <links />
        <sourceSystem>
          <code>1</code>
          <name>House committee actions</name>
        </sourceSystem>
        <text>Subcommittee on Economic Development, Public Buildings and Emergency Management Discharged.</text>
        <type>Committee</type>
      </item>
      <item>
        <actionDate>2018-03-09</actionDate>
        <committee>
          <systemCode>hspw13</systemCode>
          <name>Economic Development, Public Buildings and Emergency Management Subcommittee</name>
        </committee>
        <links />
        <sourceSystem>
          <code>1</code>
          <name>House committee actions</name>
        </sourceSystem>
        <text>Referred to the Subcommittee on Economic Development, Public Buildings and Emergency Management.</text>
        <type>Committee</type>
      </item>
      <item>
        <actionDate>2018-03-08</actionDate>
        <actionCode>H11100</actionCode>
        <text>Referred to the House Committee on Transportation and Infrastructure.</text>
        <committee>
          <systemCode>hspw00</systemCode>
          <name>Transportation and Infrastructure Committee</name>
        </committee>
        <links />
        <type>IntroReferral</type>
        <sourceSystem>
          <code>2</code>
          <name>House floor actions</name>
        </sourceSystem>
      </item>
      <item>
        <actionDate>2018-03-08</actionDate>
        <actionCode>Intro-H</actionCode>
        <text>Introduced in House</text>
        <committee />
        <links />
        <type>IntroReferral</type>
        <sourceSystem>
          <code>9</code>
          <name>Library of Congress</name>
        </sourceSystem>
      </item>
      <item>
        <actionDate>2018-03-08</actionDate>
        <actionCode>1000</actionCode>
        <text>Introduced in House</text>
        <committee />
        <links />
        <type>IntroReferral</type>
        <sourceSystem>
          <code>9</code>
          <name>Library of Congress</name>
        </sourceSystem>
      </item>
      <actionTypeCounts>
        <motionToReconsiderResults>1</motionToReconsiderResults>
        <committeeReportOfABill>1</committeeReportOfABill>
        <passedAgreedToInSenate>1</passedAgreedToInSenate>
        <sentToHouse>1</sentToHouse>
        <reportedToHouse>1</reportedToHouse>
        <billReferrals>1</billReferrals>
        <finalPassageUnderSuspensionOfTheRulesResults>1</finalPassageUnderSuspensionOfTheRulesResults>
        <houseCalendarAssignment>1</houseCalendarAssignment>
        <introducedInHouse>1</introducedInHouse>
        <considerationByHouse>1</considerationByHouse>
        <agreedToInSenate>1</agreedToInSenate>
        <motionMadeToSuspendTheRules>1</motionMadeToSuspendTheRules>
        <introducedInTheHouse>1</introducedInTheHouse>
        <passedAgreedToInHouse>1</passedAgreedToInHouse>
        <generalDebate>1</generalDebate>
        <placeholderTextForH>3</placeholderTextForH>
        <introducedInSenate>1</introducedInSenate>
        <actionStageOverride>1</actionStageOverride>
      </actionTypeCounts>
      <actionByCounts>
        <houseOfRepresentatives>16</houseOfRepresentatives>
        <senate>4</senate>
      </actionByCounts>
    </actions>
    <version>1.0.0</version>
    <congress>115</congress>
  </bill>
  <dublinCore xmlns:dc="http://purl.org/dc/elements/1.1/">
    <dc:format>text/xml</dc:format>
    <dc:language>EN</dc:language>
    <dc:rights>Pursuant to Title 17 Section 105 of the United States Code, this file is not subject to copyright protection and is in the public domain.</dc:rights>
    <dc:contributor>Congressional Research Service, Library of Congress</dc:contributor>
    <dc:description>This file contains bill summaries and statuses for federal legislation. A bill summary describes the most significant provisions of a piece of legislation and details the effects the legislative text may have on current law and federal programs. Bill summaries are authored by the Congressional Research Service (CRS) of the Library of Congress. As stated in Public Law 91-510 (2 USC 166 (d)(6)), one of the duties of CRS is "to prepare summaries and digests of bills and resolutions of a public general nature introduced in the Senate or House of Representatives". For more information, refer to the User Guide that accompanies this file.</dc:description>
  </dublinCore>
</billStatus>

