<?xml version="1.0" encoding="UTF-8"?>
<billStatus>
  <bill>
    <constitutionalAuthorityStatementText />
    <sponsors>
      <item>
        <middleName />
        <party>R</party>
        <bioguideId>F000372</bioguideId>
        <lastName>FRELINGHUYSEN</lastName>
        <firstName>RODNEY</firstName>
        <state>NJ</state>
        <identifiers>
          <bioguideId>F000372</bioguideId>
          <lisID>414</lisID>
          <gpoId>8053</gpoId>
        </identifiers>
        <district>11</district>
        <fullName>Rep. Frelinghuysen, Rodney P. [R-NJ-11]</fullName>
        <byRequestType />
      </item>
    </sponsors>
    <version>1.0.0</version>
    <createDate>2017-05-04T03:11:41Z</createDate>
    <committeeReports />
    <latestAction>
      <text>Message on Senate action sent to the House.</text>
      <links />
      <actionDate>2017-05-04</actionDate>
    </latestAction>
    <billNumber>53</billNumber>
    <notes />
    <introducedDate>2017-05-03</introducedDate>
    <committees>
      <billCommittees />
    </committees>
    <relatedBills>
      <item>
        <relationshipDetails>
          <item>
            <type>Related bill</type>
            <identifiedBy>House</identifiedBy>
          </item>
          <item>
            <type>Procedurally-related</type>
            <identifiedBy>House</identifiedBy>
          </item>
        </relationshipDetails>
        <latestTitle>Consolidated Appropriations Act, 2017</latestTitle>
        <type>HR</type>
        <congress>115</congress>
        <number>244</number>
        <latestAction>
          <text>Became Public Law No: 115-31.</text>
          <actionDate>2017-05-05</actionDate>
        </latestAction>
      </item>
    </relatedBills>
    <congress>115</congress>
    <subjects>
      <billSubjects>
        <policyArea>
          <name>Economics and Public Finance</name>
        </policyArea>
        <legislativeSubjects>
          <item>
            <name>Appropriations</name>
          </item>
          <item>
            <name>Veterans' education, employment, rehabilitation</name>
          </item>
        </legislativeSubjects>
      </billSubjects>
    </subjects>
    <amendments />
    <originChamber>House</originChamber>
    <cboCostEstimates />
    <policyArea>
      <name>Economics and Public Finance</name>
    </policyArea>
    <actions>
      <item>
        <actionDate>2017-05-04</actionDate>
        <committee />
        <links />
        <sourceSystem>
          <code>0</code>
          <name>Senate</name>
        </sourceSystem>
        <text>Message on Senate action sent to the House.</text>
        <type>Floor</type>
      </item>
      <item>
        <actionDate>2017-05-04</actionDate>
        <committee />
        <links>
          <link>
            <url>https://www.congress.gov/congressional-record/volume-163/senate-section/page/S2754</url>
            <name>S2754</name>
          </link>
          <link>
            <url>https://www.congress.gov/congressional-record/volume-163/senate-section/page/S2761</url>
            <name>S2761</name>
          </link>
        </links>
        <sourceSystem>
          <code>0</code>
          <name>Senate</name>
        </sourceSystem>
        <text>Resolution agreed to in Senate without amendment by Unanimous Consent. (consideration: CR S2754, S2761)</text>
        <type>Floor</type>
      </item>
      <item>
        <actionDate>2017-05-04</actionDate>
        <links>
          <link>
            <url>https://www.congress.gov/congressional-record/volume-163/senate-section/page/S2754</url>
            <name>S2754</name>
          </link>
          <link>
            <url>https://www.congress.gov/congressional-record/volume-163/senate-section/page/S2761</url>
            <name>S2761</name>
          </link>
        </links>
        <sourceSystem>
          <code>9</code>
          <name>Library of Congress</name>
        </sourceSystem>
        <committee />
        <text>Passed/agreed to in Senate: Resolution agreed to in Senate without amendment by Unanimous Consent.(consideration: CR S2754, S2761)</text>
        <type>Floor</type>
        <actionCode>17000</actionCode>
      </item>
      <item>
        <actionDate>2017-05-03</actionDate>
        <committee />
        <links />
        <sourceSystem>
          <code>0</code>
          <name>Senate</name>
        </sourceSystem>
        <text>Received in the Senate.</text>
        <type>IntroReferral</type>
      </item>
      <item>
        <actionTime>16:42:58</actionTime>
        <links />
        <text>Motion to reconsider laid on the table Agreed to without objection.</text>
        <committee />
        <actionDate>2017-05-03</actionDate>
        <sourceSystem>
          <code>2</code>
          <name>House floor actions</name>
        </sourceSystem>
        <type>Floor</type>
        <actionCode>H38310</actionCode>
      </item>
      <item>
        <actionTime>16:42:57</actionTime>
        <links>
          <link>
            <url>https://www.congress.gov/congressional-record/volume-163/house-section/page/H3309-3310</url>
            <name>H3309-3310</name>
          </link>
        </links>
        <text>On agreeing to the resolution Agreed to without objection. (text: CR H3309-3310)</text>
        <committee />
        <actionDate>2017-05-03</actionDate>
        <sourceSystem>
          <code>2</code>
          <name>House floor actions</name>
        </sourceSystem>
        <type>Floor</type>
        <actionCode>H37100</actionCode>
      </item>
      <item>
        <actionTime>16:42:57</actionTime>
        <links>
          <link>
            <url>https://www.congress.gov/congressional-record/volume-163/house-section/page/H3309-3310</url>
            <name>H3309-3310</name>
          </link>
        </links>
        <text>Passed/agreed to in House: On agreeing to the resolution Agreed to without objection.(text: CR H3309-3310)</text>
        <committee />
        <actionDate>2017-05-03</actionDate>
        <sourceSystem>
          <code>9</code>
          <name>Library of Congress</name>
        </sourceSystem>
        <type>Floor</type>
        <actionCode>8000</actionCode>
      </item>
      <item>
        <actionTime>16:42:25</actionTime>
        <links>
          <link>
            <url>https://www.congress.gov/congressional-record/volume-163/house-section/page/H3309-3310</url>
            <name>H3309-3310</name>
          </link>
        </links>
        <text>Considered by unanimous consent. (consideration: CR H3309-3310)</text>
        <committee />
        <actionDate>2017-05-03</actionDate>
        <sourceSystem>
          <code>2</code>
          <name>House floor actions</name>
        </sourceSystem>
        <type>Floor</type>
        <actionCode>H30000</actionCode>
      </item>
      <item>
        <actionTime>16:42:25</actionTime>
        <links />
        <text>Mr. Frelinghuysen asked unanimous consent to consider as introduced.</text>
        <committee />
        <actionDate>2017-05-03</actionDate>
        <sourceSystem>
          <code>2</code>
          <name>House floor actions</name>
        </sourceSystem>
        <type>Floor</type>
        <actionCode>H30200</actionCode>
      </item>
      <item>
        <actionDate>2017-05-03</actionDate>
        <links />
        <sourceSystem>
          <code>9</code>
          <name>Library of Congress</name>
        </sourceSystem>
        <committee />
        <text>Introduced in House</text>
        <type>IntroReferral</type>
        <actionCode>Intro-H</actionCode>
      </item>
      <item>
        <actionDate>2017-05-03</actionDate>
        <links />
        <sourceSystem>
          <code>9</code>
          <name>Library of Congress</name>
        </sourceSystem>
        <committee />
        <text>Introduced in House</text>
        <type>IntroReferral</type>
        <actionCode>1000</actionCode>
      </item>
      <actionByCounts>
        <senate>4</senate>
        <houseOfRepresentatives>7</houseOfRepresentatives>
      </actionByCounts>
      <actionTypeCounts>
        <motionToReconsiderResults>1</motionToReconsiderResults>
        <passageOfAMeasure>1</passageOfAMeasure>
        <unanimousConsentRequestToConsider>1</unanimousConsentRequestToConsider>
        <introducedInSenate>1</introducedInSenate>
        <introducedInHouse>1</introducedInHouse>
        <introducedInTheHouse>1</introducedInTheHouse>
        <considerationByHouse>1</considerationByHouse>
        <passedAgreedToInSenate>1</passedAgreedToInSenate>
        <sentToHouse>1</sentToHouse>
        <passedAgreedToInHouse>1</passedAgreedToInHouse>
        <agreedToInSenate>1</agreedToInSenate>
      </actionTypeCounts>
    </actions>
    <recordedVotes />
    <laws />
    <cosponsors />
    <titles>
      <item>
        <titleType>Official Title as Introduced</titleType>
        <title>Providing for a correction in the enrollment of H.R. 244.</title>
        <parentTitleType />
        <chamberCode />
        <chamberName />
      </item>
      <item>
        <titleType>Display Title</titleType>
        <title>Providing for a correction in the enrollment of H.R. 244.</title>
        <parentTitleType />
        <chamberCode />
        <chamberName />
      </item>
      <item>
        <titleType>(Extracted from GPO) Short Titles as Passed House for portions of this bill</titleType>
        <title>HIRE Vets Act</title>
        <parentTitleType />
        <chamberCode>H</chamberCode>
        <chamberName>House</chamberName>
      </item>
      <item>
        <titleType>(Extracted from GPO) Short Titles as Passed House for portions of this bill</titleType>
        <title>Honoring Investments in Recruiting and Employing American Military Veterans Act of 2017</title>
        <parentTitleType />
        <chamberCode>H</chamberCode>
        <chamberName>House</chamberName>
      </item>
    </titles>
    <updateDate>2018-08-28T19:53:20Z</updateDate>
    <calendarNumbers />
    <billType>HCONRES</billType>
    <summaries>
      <billSummaries>
        <item>
          <updateDate>2017-05-03T04:00:00Z</updateDate>
          <lastSummaryUpdateDate>2017-05-22T17:26:17Z</lastSummaryUpdateDate>
          <text><![CDATA[<p>Directs the Clerk of the House of Representatives to make corrections in the enrollment of H.R. 244 (Consolidated Appropriations Act, 2017) to: (1) amend the title, (2) strike or amend specified sections, (3) amend the table of contents, and (4) add a division that includes the Honoring Investments in Recruiting and Employing American Military Veterans Act of 2017 or the HIRE Vets Act. </p>]]></text>
          <actionDate>2017-05-03</actionDate>
          <actionDesc>Introduced in House</actionDesc>
          <name>Introduced in House</name>
          <versionCode>00</versionCode>
        </item>
        <item>
          <updateDate>2017-05-03T18:42:55Z</updateDate>
          <lastSummaryUpdateDate>2017-06-13T19:00:42Z</lastSummaryUpdateDate>
          <text><![CDATA[<p>(This measure has not been amended since it was introduced. The summary of that version is repeated here.)</p> <p>Directs the Clerk of the House of Representatives to make corrections in the enrollment of H.R. 244 (Consolidated Appropriations Act, 2017) to: (1) amend the title, (2) strike or amend specified sections, (3) amend the table of contents, and (4) add a division that includes the Honoring Investments in Recruiting and Employing American Military Veterans Act of 2017 or the HIRE Vets Act. </p>]]></text>
          <actionDate>2017-05-03</actionDate>
          <actionDesc>Passed House without amendment</actionDesc>
          <name>Passed House without amendment</name>
          <versionCode>81</versionCode>
        </item>
        <item>
          <updateDate>2017-05-04T14:30:36Z</updateDate>
          <lastSummaryUpdateDate>2017-05-16T22:04:09Z</lastSummaryUpdateDate>
          <text><![CDATA[<p>(This measure has not been amended since it was introduced. The summary of that version is repeated here.)</p> <p>Directs the Clerk of the House of Representatives to make corrections in the enrollment of H.R. 244 (Consolidated Appropriations Act, 2017) to: (1) amend the title, (2) strike or amend specified sections, (3) amend the table of contents, and (4) add a division that includes the Honoring Investments in Recruiting and Employing American Military Veterans Act of 2017 or the HIRE Vets Act. </p>]]></text>
          <actionDate>2017-05-04</actionDate>
          <actionDesc>Passed Senate without amendment</actionDesc>
          <name>Passed Senate without amendment</name>
          <versionCode>82</versionCode>
        </item>
      </billSummaries>
    </summaries>
    <title>Providing for a correction in the enrollment of H.R. 244.</title>
  </bill>
  <dublinCore xmlns:dc="http://purl.org/dc/elements/1.1/">
    <dc:format>text/xml</dc:format>
    <dc:language>EN</dc:language>
    <dc:rights>Pursuant to Title 17 Section 105 of the United States Code, this file is not subject to copyright protection and is in the public domain.</dc:rights>
    <dc:contributor>Congressional Research Service, Library of Congress</dc:contributor>
    <dc:description>This file contains bill summaries and statuses for federal legislation. A bill summary describes the most significant provisions of a piece of legislation and details the effects the legislative text may have on current law and federal programs. Bill summaries are authored by the Congressional Research Service (CRS) of the Library of Congress. As stated in Public Law 91-510 (2 USC 166 (d)(6)), one of the duties of CRS is "to prepare summaries and digests of bills and resolutions of a public general nature introduced in the Senate or House of Representatives". For more information, refer to the User Guide that accompanies this file.</dc:description>
  </dublinCore>
</billStatus>

