<?xml version="1.0" encoding="UTF-8"?>
<billStatus>
  <bill>
    <titles>
      <item>
        <chamberName />
        <parentTitleType />
        <titleType>Official Title as Introduced</titleType>
        <title>Expressing the sense of the Congress that assisted suicide (sometimes referred to as death with dignity, end-of-life options, aid-in-dying, or similar phrases) puts everyone, including those most vulnerable, at risk of deadly harm and undermines the integrity of the health care system.</title>
        <chamberCode />
      </item>
      <item>
        <chamberName />
        <parentTitleType />
        <titleType>Display Title</titleType>
        <title>Expressing the sense of the Congress that assisted suicide (sometimes referred to as death with dignity, end-of-life options, aid-in-dying, or similar phrases) puts everyone, including those most vulnerable, at risk of deadly harm and undermines the integrity of the health care system.</title>
        <chamberCode />
      </item>
    </titles>
    <notes />
    <latestAction>
      <links />
      <text>Referred to the Subcommittee on Health.</text>
      <actionDate>2017-09-29</actionDate>
    </latestAction>
    <constitutionalAuthorityStatementText />
    <committees>
      <billCommittees>
        <item>
          <chamber>House</chamber>
          <systemCode>hsif00</systemCode>
          <subcommittees>
            <item>
              <systemCode>hsif14</systemCode>
              <name>Health Subcommittee</name>
              <activities>
                <item>
                  <name>Referred to</name>
                  <date>2017-09-29T20:39:18Z</date>
                </item>
              </activities>
            </item>
          </subcommittees>
          <type>Standing</type>
          <name>Energy and Commerce Committee</name>
          <activities>
            <item>
              <name>Referred to</name>
              <date>2017-09-26T14:00:20Z</date>
            </item>
          </activities>
        </item>
      </billCommittees>
    </committees>
    <actions>
      <actionByCounts>
        <houseOfRepresentatives>4</houseOfRepresentatives>
      </actionByCounts>
      <item>
        <actionDate>2017-09-29</actionDate>
        <committee>
          <name>Health Subcommittee</name>
          <systemCode>hsif14</systemCode>
        </committee>
        <links />
        <sourceSystem>
          <name>House committee actions</name>
          <code>1</code>
        </sourceSystem>
        <text>Referred to the Subcommittee on Health.</text>
        <type>Committee</type>
      </item>
      <item>
        <type>IntroReferral</type>
        <links />
        <sourceSystem>
          <name>House floor actions</name>
          <code>2</code>
        </sourceSystem>
        <committee>
          <name>Energy and Commerce Committee</name>
          <systemCode>hsif00</systemCode>
        </committee>
        <text>Referred to the House Committee on Energy and Commerce.</text>
        <actionCode>H11100</actionCode>
        <actionDate>2017-09-26</actionDate>
      </item>
      <item>
        <type>IntroReferral</type>
        <links />
        <sourceSystem>
          <name>Library of Congress</name>
          <code>9</code>
        </sourceSystem>
        <committee />
        <text>Introduced in House</text>
        <actionCode>Intro-H</actionCode>
        <actionDate>2017-09-26</actionDate>
      </item>
      <item>
        <type>IntroReferral</type>
        <links />
        <sourceSystem>
          <name>Library of Congress</name>
          <code>9</code>
        </sourceSystem>
        <committee />
        <text>Introduced in House</text>
        <actionCode>1000</actionCode>
        <actionDate>2017-09-26</actionDate>
      </item>
      <actionTypeCounts>
        <placeholderTextForH>1</placeholderTextForH>
        <introducedInTheHouse>1</introducedInTheHouse>
        <billReferrals>1</billReferrals>
        <introducedInHouse>1</introducedInHouse>
      </actionTypeCounts>
    </actions>
    <policyArea>
      <name>Health</name>
    </policyArea>
    <sponsors>
      <item>
        <fullName>Rep. Wenstrup, Brad R. [R-OH-2]</fullName>
        <party>R</party>
        <bioguideId>W000815</bioguideId>
        <identifiers>
          <lisID>2152</lisID>
          <bioguideId>W000815</bioguideId>
          <gpoId />
        </identifiers>
        <lastName>Wenstrup</lastName>
        <district>2</district>
        <middleName>R.</middleName>
        <firstName>Brad</firstName>
        <byRequestType />
        <state>OH</state>
      </item>
    </sponsors>
    <recordedVotes />
    <updateDate>2018-08-28T19:53:32Z</updateDate>
    <billNumber>80</billNumber>
    <title>Expressing the sense of the Congress that assisted suicide (sometimes referred to as death with dignity, end-of-life options, aid-in-dying, or similar phrases) puts everyone, including those most vulnerable, at risk of deadly harm and undermines the integrity of the health care system.</title>
    <relatedBills />
    <amendments />
    <version>1.0.0</version>
    <laws />
    <cboCostEstimates />
    <billType>HCONRES</billType>
    <createDate>2017-09-27T03:11:20Z</createDate>
    <originChamber>House</originChamber>
    <summaries>
      <billSummaries>
        <item>
          <updateDate>2017-09-26T04:00:00Z</updateDate>
          <actionDate>2017-09-26</actionDate>
          <lastSummaryUpdateDate>2018-02-05T20:07:08Z</lastSummaryUpdateDate>
          <text><![CDATA[<p>Expresses the sense of Congress that the federal government should ensure that: (1) every person facing the end of their life has access to quality, comprehensive medical care; and (2) policies or practices supporting assisted suicide are not adopted. </p>]]></text>
          <actionDesc>Introduced in House</actionDesc>
          <versionCode>00</versionCode>
          <name>Introduced in House</name>
        </item>
      </billSummaries>
    </summaries>
    <committeeReports />
    <calendarNumbers />
    <cosponsors>
      <item>
        <firstName>J.</firstName>
        <lastName>Correa</lastName>
        <sponsorshipWithdrawnDate />
        <sponsorshipDate>2017-09-26</sponsorshipDate>
        <bioguideId>C001110</bioguideId>
        <district>46</district>
        <middleName>Luis</middleName>
        <isOriginalCosponsor>True</isOriginalCosponsor>
        <fullName>Rep. Correa, J. Luis [D-CA-46]</fullName>
        <state>CA</state>
        <party>D</party>
        <identifiers>
          <gpoId />
          <lisID>2312</lisID>
          <bioguideId>C001110</bioguideId>
        </identifiers>
      </item>
      <item>
        <firstName>Juan</firstName>
        <lastName>Vargas</lastName>
        <sponsorshipWithdrawnDate />
        <sponsorshipDate>2017-09-26</sponsorshipDate>
        <bioguideId>V000130</bioguideId>
        <district>51</district>
        <middleName />
        <isOriginalCosponsor>True</isOriginalCosponsor>
        <fullName>Rep. Vargas, Juan [D-CA-51]</fullName>
        <state>CA</state>
        <party>D</party>
        <identifiers>
          <lisID>2112</lisID>
          <gpoId />
          <bioguideId>V000130</bioguideId>
        </identifiers>
      </item>
      <item>
        <firstName>JAMES</firstName>
        <lastName>LANGEVIN</lastName>
        <sponsorshipWithdrawnDate />
        <sponsorshipDate>2017-09-26</sponsorshipDate>
        <bioguideId>L000559</bioguideId>
        <district>2</district>
        <middleName>R.</middleName>
        <isOriginalCosponsor>True</isOriginalCosponsor>
        <fullName>Rep. Langevin, James R. [D-RI-2]</fullName>
        <state>RI</state>
        <party>D</party>
        <identifiers>
          <bioguideId>L000559</bioguideId>
          <lisID>1668</lisID>
          <gpoId>8140</gpoId>
        </identifiers>
      </item>
      <item>
        <firstName>Daniel</firstName>
        <lastName>Lipinski</lastName>
        <sponsorshipWithdrawnDate />
        <sponsorshipDate>2017-09-26</sponsorshipDate>
        <bioguideId>L000563</bioguideId>
        <district>3</district>
        <middleName>William</middleName>
        <isOriginalCosponsor>True</isOriginalCosponsor>
        <fullName>Rep. Lipinski, Daniel [D-IL-3]</fullName>
        <state>IL</state>
        <party>D</party>
        <identifiers>
          <gpoId>7923</gpoId>
          <lisID>1781</lisID>
          <bioguideId>L000563</bioguideId>
        </identifiers>
      </item>
      <item>
        <firstName>Andy</firstName>
        <lastName>Harris</lastName>
        <sponsorshipWithdrawnDate />
        <sponsorshipDate>2017-09-26</sponsorshipDate>
        <bioguideId>H001052</bioguideId>
        <district>1</district>
        <middleName />
        <isOriginalCosponsor>True</isOriginalCosponsor>
        <fullName>Rep. Harris, Andy [R-MD-1]</fullName>
        <state>MD</state>
        <party>R</party>
        <identifiers>
          <lisID>2026</lisID>
          <gpoId>7976</gpoId>
          <bioguideId>H001052</bioguideId>
        </identifiers>
      </item>
      <item>
        <firstName>Darin</firstName>
        <lastName>LaHood</lastName>
        <sponsorshipWithdrawnDate />
        <sponsorshipDate>2017-09-26</sponsorshipDate>
        <bioguideId>L000585</bioguideId>
        <district>18</district>
        <middleName />
        <isOriginalCosponsor>True</isOriginalCosponsor>
        <fullName>Rep. LaHood, Darin [R-IL-18]</fullName>
        <state>IL</state>
        <party>R</party>
        <identifiers>
          <lisID>2295</lisID>
          <bioguideId>L000585</bioguideId>
          <gpoId />
        </identifiers>
      </item>
      <item>
        <firstName>Ralph</firstName>
        <lastName>Abraham</lastName>
        <sponsorshipWithdrawnDate />
        <sponsorshipDate>2017-09-26</sponsorshipDate>
        <bioguideId>A000374</bioguideId>
        <district>5</district>
        <middleName>Lee</middleName>
        <isOriginalCosponsor>True</isOriginalCosponsor>
        <fullName>Rep. Abraham, Ralph Lee [R-LA-5]</fullName>
        <state>LA</state>
        <party>R</party>
        <identifiers>
          <bioguideId>A000374</bioguideId>
          <lisID>2244</lisID>
          <gpoId />
        </identifiers>
      </item>
      <item>
        <firstName>Keith</firstName>
        <lastName>Rothfus</lastName>
        <sponsorshipWithdrawnDate />
        <sponsorshipDate>2017-09-26</sponsorshipDate>
        <bioguideId>R000598</bioguideId>
        <district>12</district>
        <middleName>J.</middleName>
        <isOriginalCosponsor>True</isOriginalCosponsor>
        <fullName>Rep. Rothfus, Keith J. [R-PA-12]</fullName>
        <state>PA</state>
        <party>R</party>
        <identifiers>
          <bioguideId>R000598</bioguideId>
          <gpoId />
          <lisID>2158</lisID>
        </identifiers>
      </item>
      <item>
        <firstName>Thomas</firstName>
        <lastName>Suozzi</lastName>
        <sponsorshipWithdrawnDate />
        <sponsorshipDate>2017-09-26</sponsorshipDate>
        <bioguideId>S001201</bioguideId>
        <district>3</district>
        <middleName>R.</middleName>
        <isOriginalCosponsor>True</isOriginalCosponsor>
        <fullName>Rep. Suozzi, Thomas R. [D-NY-3]</fullName>
        <state>NY</state>
        <party>D</party>
        <identifiers>
          <lisID>2341</lisID>
          <gpoId />
          <bioguideId>S001201</bioguideId>
        </identifiers>
      </item>
      <item>
        <firstName>CHRISTOPHER</firstName>
        <lastName>SMITH</lastName>
        <sponsorshipWithdrawnDate />
        <sponsorshipDate>2017-10-16</sponsorshipDate>
        <bioguideId>S000522</bioguideId>
        <district>4</district>
        <middleName>H.</middleName>
        <isOriginalCosponsor>False</isOriginalCosponsor>
        <fullName>Rep. Smith, Christopher H. [R-NJ-4]</fullName>
        <state>NJ</state>
        <party>R</party>
        <identifiers>
          <bioguideId>S000522</bioguideId>
          <lisID>1071</lisID>
          <gpoId>8046</gpoId>
        </identifiers>
      </item>
      <item>
        <firstName>COLLIN</firstName>
        <lastName>PETERSON</lastName>
        <sponsorshipWithdrawnDate />
        <sponsorshipDate>2017-10-16</sponsorshipDate>
        <bioguideId>P000258</bioguideId>
        <district>7</district>
        <middleName>C.</middleName>
        <isOriginalCosponsor>False</isOriginalCosponsor>
        <fullName>Rep. Peterson, Collin C. [D-MN-7]</fullName>
        <state>MN</state>
        <party>D</party>
        <identifiers>
          <lisID>910</lisID>
          <gpoId>8007</gpoId>
          <bioguideId>P000258</bioguideId>
        </identifiers>
      </item>
      <item>
        <firstName>Matt</firstName>
        <lastName>Cartwright</lastName>
        <sponsorshipWithdrawnDate />
        <sponsorshipDate>2017-11-02</sponsorshipDate>
        <bioguideId>C001090</bioguideId>
        <district>17</district>
        <middleName />
        <isOriginalCosponsor>False</isOriginalCosponsor>
        <fullName>Rep. Cartwright, Matt [D-PA-17]</fullName>
        <state>PA</state>
        <party>D</party>
        <identifiers>
          <bioguideId>C001090</bioguideId>
          <lisID>2159</lisID>
          <gpoId />
        </identifiers>
      </item>
      <item>
        <firstName>Ann</firstName>
        <lastName>Wagner</lastName>
        <sponsorshipWithdrawnDate />
        <sponsorshipDate>2017-11-06</sponsorshipDate>
        <bioguideId>W000812</bioguideId>
        <district>2</district>
        <middleName />
        <isOriginalCosponsor>False</isOriginalCosponsor>
        <fullName>Rep. Wagner, Ann [R-MO-2]</fullName>
        <state>MO</state>
        <party>R</party>
        <identifiers>
          <lisID>2137</lisID>
          <gpoId />
          <bioguideId>W000812</bioguideId>
        </identifiers>
      </item>
    </cosponsors>
    <introducedDate>2017-09-26</introducedDate>
    <congress>115</congress>
    <subjects>
      <billSubjects>
        <policyArea>
          <name>Health</name>
        </policyArea>
        <legislativeSubjects />
      </billSubjects>
    </subjects>
  </bill>
  <dublinCore xmlns:dc="http://purl.org/dc/elements/1.1/">
    <dc:format>text/xml</dc:format>
    <dc:language>EN</dc:language>
    <dc:rights>Pursuant to Title 17 Section 105 of the United States Code, this file is not subject to copyright protection and is in the public domain.</dc:rights>
    <dc:contributor>Congressional Research Service, Library of Congress</dc:contributor>
    <dc:description>This file contains bill summaries and statuses for federal legislation. A bill summary describes the most significant provisions of a piece of legislation and details the effects the legislative text may have on current law and federal programs. Bill summaries are authored by the Congressional Research Service (CRS) of the Library of Congress. As stated in Public Law 91-510 (2 USC 166 (d)(6)), one of the duties of CRS is "to prepare summaries and digests of bills and resolutions of a public general nature introduced in the Senate or House of Representatives". For more information, refer to the User Guide that accompanies this file.</dc:description>
  </dublinCore>
</billStatus>

