<?xml version="1.0" encoding="UTF-8"?>
<billStatus>
  <bill>
    <amendments />
    <latestAction>
      <actionDate>2017-03-27</actionDate>
      <text>Referred to the Subcommittee on Indian, Insular and Alaska Native Affairs.</text>
      <links />
    </latestAction>
    <congress>115</congress>
    <subjects>
      <billSubjects>
        <legislativeSubjects>
          <item>
            <name>Caribbean area</name>
          </item>
          <item>
            <name>Commemorative events and holidays</name>
          </item>
          <item>
            <name>Denmark</name>
          </item>
          <item>
            <name>Diplomacy, foreign officials, Americans abroad</name>
          </item>
          <item>
            <name>Europe</name>
          </item>
          <item>
            <name>Government information and archives</name>
          </item>
          <item>
            <name>Historical and cultural resources</name>
          </item>
          <item>
            <name>Sovereignty, recognition, national governance and status</name>
          </item>
          <item>
            <name>U.S. history</name>
          </item>
          <item>
            <name>U.S. territories and protectorates</name>
          </item>
          <item>
            <name>Virgin Islands</name>
          </item>
        </legislativeSubjects>
        <policyArea>
          <name>Government Operations and Politics</name>
        </policyArea>
      </billSubjects>
    </subjects>
    <laws />
    <notes />
    <billType>HCONRES</billType>
    <sponsors>
      <item>
        <lastName>Plaskett</lastName>
        <middleName>E.</middleName>
        <bioguideId>P000610</bioguideId>
        <fullName>Rep. Plaskett, Stacey E. [D-VI-At Large]</fullName>
        <identifiers>
          <lisID>2274</lisID>
          <gpoId />
          <bioguideId>P000610</bioguideId>
        </identifiers>
        <byRequestType />
        <state>VI</state>
        <firstName>Stacey</firstName>
        <party>D</party>
        <district>0</district>
      </item>
    </sponsors>
    <recordedVotes />
    <committeeReports />
    <introducedDate>2017-03-23</introducedDate>
    <relatedBills />
    <cosponsors />
    <actions>
      <item>
        <actionDate>2017-03-27</actionDate>
        <committee>
          <systemCode>hsii24</systemCode>
          <name>Indian, Insular and Alaska Native Affairs Subcommittee</name>
        </committee>
        <links />
        <sourceSystem>
          <code>1</code>
          <name>House committee actions</name>
        </sourceSystem>
        <text>Referred to the Subcommittee on Indian, Insular and Alaska Native Affairs.</text>
        <type>Committee</type>
      </item>
      <item>
        <text>Referred to the Committee on Natural Resources, and in addition to the Committees on Foreign Affairs, and Oversight and Government Reform, for a period to be subsequently determined by the Speaker, in each case for consideration of such provisions as fall within the jurisdiction of the committee concerned.</text>
        <type>IntroReferral</type>
        <committee>
          <systemCode>hsgo00</systemCode>
          <name>Oversight and Government Reform Committee</name>
        </committee>
        <actionDate>2017-03-23</actionDate>
        <links />
        <actionCode>H11100</actionCode>
        <sourceSystem>
          <code>2</code>
          <name>House floor actions</name>
        </sourceSystem>
      </item>
      <item>
        <text>Referred to the Committee on Natural Resources, and in addition to the Committees on Foreign Affairs, and Oversight and Government Reform, for a period to be subsequently determined by the Speaker, in each case for consideration of such provisions as fall within the jurisdiction of the committee concerned.</text>
        <type>IntroReferral</type>
        <committee>
          <systemCode>hsfa00</systemCode>
          <name>Foreign Affairs Committee</name>
        </committee>
        <actionDate>2017-03-23</actionDate>
        <links />
        <actionCode>H11100</actionCode>
        <sourceSystem>
          <code>2</code>
          <name>House floor actions</name>
        </sourceSystem>
      </item>
      <item>
        <text>Referred to the Committee on Natural Resources, and in addition to the Committees on Foreign Affairs, and Oversight and Government Reform, for a period to be subsequently determined by the Speaker, in each case for consideration of such provisions as fall within the jurisdiction of the committee concerned.</text>
        <type>IntroReferral</type>
        <committee />
        <actionDate>2017-03-23</actionDate>
        <links />
        <actionCode>H11100-A</actionCode>
        <sourceSystem>
          <code>9</code>
          <name>Library of Congress</name>
        </sourceSystem>
      </item>
      <item>
        <text>Referred to the Committee on Natural Resources, and in addition to the Committees on Foreign Affairs, and Oversight and Government Reform, for a period to be subsequently determined by the Speaker, in each case for consideration of such provisions as fall within the jurisdiction of the committee concerned.</text>
        <type>IntroReferral</type>
        <committee>
          <systemCode>hsii00</systemCode>
          <name>Natural Resources Committee</name>
        </committee>
        <actionDate>2017-03-23</actionDate>
        <links />
        <actionCode>H11100</actionCode>
        <sourceSystem>
          <code>2</code>
          <name>House floor actions</name>
        </sourceSystem>
      </item>
      <item>
        <text>Introduced in House</text>
        <type>IntroReferral</type>
        <committee />
        <actionDate>2017-03-23</actionDate>
        <links />
        <actionCode>Intro-H</actionCode>
        <sourceSystem>
          <code>9</code>
          <name>Library of Congress</name>
        </sourceSystem>
      </item>
      <item>
        <text>Introduced in House</text>
        <type>IntroReferral</type>
        <committee />
        <actionDate>2017-03-23</actionDate>
        <links />
        <actionCode>1000</actionCode>
        <sourceSystem>
          <code>9</code>
          <name>Library of Congress</name>
        </sourceSystem>
      </item>
      <actionByCounts>
        <houseOfRepresentatives>7</houseOfRepresentatives>
      </actionByCounts>
      <actionTypeCounts>
        <billReferralsAggregate>1</billReferralsAggregate>
        <introducedInHouse>1</introducedInHouse>
        <placeholderTextForH>1</placeholderTextForH>
        <billReferrals>3</billReferrals>
        <introducedInTheHouse>1</introducedInTheHouse>
      </actionTypeCounts>
    </actions>
    <committees>
      <billCommittees>
        <item>
          <systemCode>hsii00</systemCode>
          <chamber>House</chamber>
          <type>Standing</type>
          <subcommittees>
            <item>
              <systemCode>hsii24</systemCode>
              <activities>
                <item>
                  <date>2017-03-27T20:24:37Z</date>
                  <name>Referred to</name>
                </item>
              </activities>
              <name>Indian, Insular and Alaska Native Affairs Subcommittee</name>
            </item>
          </subcommittees>
          <name>Natural Resources Committee</name>
          <activities>
            <item>
              <date>2017-03-23T13:01:25Z</date>
              <name>Referred to</name>
            </item>
          </activities>
        </item>
        <item>
          <systemCode>hsgo00</systemCode>
          <chamber>House</chamber>
          <type>Standing</type>
          <subcommittees />
          <name>Oversight and Government Reform Committee</name>
          <activities>
            <item>
              <date>2017-03-23T13:01:35Z</date>
              <name>Referred to</name>
            </item>
          </activities>
        </item>
        <item>
          <systemCode>hsfa00</systemCode>
          <chamber>House</chamber>
          <type>Standing</type>
          <subcommittees />
          <name>Foreign Affairs Committee</name>
          <activities>
            <item>
              <date>2017-03-23T13:01:30Z</date>
              <name>Referred to</name>
            </item>
          </activities>
        </item>
      </billCommittees>
    </committees>
    <updateDate>2018-08-28T19:53:17Z</updateDate>
    <version>1.0.0</version>
    <title>Recognizing and commemorating the 100th anniversary of the Virgin Islands of the United States becoming a part of the United States.</title>
    <createDate>2017-03-24T05:20:55Z</createDate>
    <billNumber>39</billNumber>
    <constitutionalAuthorityStatementText />
    <cboCostEstimates />
    <calendarNumbers />
    <policyArea>
      <name>Government Operations and Politics</name>
    </policyArea>
    <summaries>
      <billSummaries>
        <item>
          <actionDesc>Introduced in House</actionDesc>
          <name>Introduced in House</name>
          <text><![CDATA[<p>Recognizes the 100th anniversary of the Virgin Islands becoming a part of the United States.</p> <p> Acknowledges the creation of the Virgin Islands of the United States Centennial Commission to lead the federal effort to commemorate this centennial. </p> <p> Expresses appreciation for the years of strong U.S.-Danish diplomatic relations. </p> <p>Encourages the Archivist of the United States to cooperate with Denmark and the U.S. Virgin Islands to digitize the historical records of the Virgin Islands and make them accessible to the people of the Virgin Islands in research facilities on all three major islands of the Virgin Islands.</p>]]></text>
          <versionCode>00</versionCode>
          <lastSummaryUpdateDate>2017-03-25T14:36:16Z</lastSummaryUpdateDate>
          <updateDate>2017-03-23T04:00:00Z</updateDate>
          <actionDate>2017-03-23</actionDate>
        </item>
      </billSummaries>
    </summaries>
    <originChamber>House</originChamber>
    <titles>
      <item>
        <title>Recognizing and commemorating the 100th anniversary of the Virgin Islands of the United States becoming a part of the United States.</title>
        <chamberCode />
        <titleType>Official Title as Introduced</titleType>
        <parentTitleType />
        <chamberName />
      </item>
      <item>
        <title>Recognizing and commemorating the 100th anniversary of the Virgin Islands of the United States becoming a part of the United States.</title>
        <chamberCode />
        <titleType>Display Title</titleType>
        <parentTitleType />
        <chamberName />
      </item>
    </titles>
  </bill>
  <dublinCore xmlns:dc="http://purl.org/dc/elements/1.1/">
    <dc:format>text/xml</dc:format>
    <dc:language>EN</dc:language>
    <dc:rights>Pursuant to Title 17 Section 105 of the United States Code, this file is not subject to copyright protection and is in the public domain.</dc:rights>
    <dc:contributor>Congressional Research Service, Library of Congress</dc:contributor>
    <dc:description>This file contains bill summaries and statuses for federal legislation. A bill summary describes the most significant provisions of a piece of legislation and details the effects the legislative text may have on current law and federal programs. Bill summaries are authored by the Congressional Research Service (CRS) of the Library of Congress. As stated in Public Law 91-510 (2 USC 166 (d)(6)), one of the duties of CRS is "to prepare summaries and digests of bills and resolutions of a public general nature introduced in the Senate or House of Representatives". For more information, refer to the User Guide that accompanies this file.</dc:description>
  </dublinCore>
</billStatus>

