<?xml version="1.0" encoding="UTF-8"?>
<billStatus>
  <bill>
    <titles>
      <item>
        <title>Expressing the sense of Congress that the United States should withdraw from the Paris Agreement, adopted in December 2015.</title>
        <chamberCode />
        <titleType>Official Title as Introduced</titleType>
        <parentTitleType />
        <chamberName />
      </item>
      <item>
        <title>Expressing the sense of Congress that the United States should withdraw from the Paris Agreement, adopted in December 2015.</title>
        <chamberCode />
        <titleType>Display Title</titleType>
        <parentTitleType />
        <chamberName />
      </item>
    </titles>
    <notes />
    <latestAction>
      <links />
      <text>Referred to the House Committee on Foreign Affairs.</text>
      <actionDate>2017-05-18</actionDate>
    </latestAction>
    <constitutionalAuthorityStatementText />
    <committees>
      <billCommittees>
        <item>
          <type>Standing</type>
          <name>Foreign Affairs Committee</name>
          <systemCode>hsfa00</systemCode>
          <chamber>House</chamber>
          <activities>
            <item>
              <name>Referred to</name>
              <date>2017-05-18T14:02:15Z</date>
            </item>
          </activities>
          <subcommittees />
        </item>
      </billCommittees>
    </committees>
    <actions>
      <item>
        <text>Referred to the House Committee on Foreign Affairs.</text>
        <type>IntroReferral</type>
        <links />
        <actionDate>2017-05-18</actionDate>
        <sourceSystem>
          <code>2</code>
          <name>House floor actions</name>
        </sourceSystem>
        <committee>
          <systemCode>hsfa00</systemCode>
          <name>Foreign Affairs Committee</name>
        </committee>
        <actionCode>H11100</actionCode>
      </item>
      <item>
        <text>Introduced in House</text>
        <type>IntroReferral</type>
        <links />
        <actionDate>2017-05-18</actionDate>
        <sourceSystem>
          <code>9</code>
          <name>Library of Congress</name>
        </sourceSystem>
        <committee />
        <actionCode>Intro-H</actionCode>
      </item>
      <item>
        <text>Introduced in House</text>
        <type>IntroReferral</type>
        <links />
        <actionDate>2017-05-18</actionDate>
        <sourceSystem>
          <code>9</code>
          <name>Library of Congress</name>
        </sourceSystem>
        <committee />
        <actionCode>1000</actionCode>
      </item>
      <actionByCounts>
        <houseOfRepresentatives>3</houseOfRepresentatives>
      </actionByCounts>
      <actionTypeCounts>
        <billReferrals>1</billReferrals>
        <introducedInTheHouse>1</introducedInTheHouse>
        <introducedInHouse>1</introducedInHouse>
      </actionTypeCounts>
    </actions>
    <policyArea>
      <name>International Affairs</name>
    </policyArea>
    <sponsors>
      <item>
        <fullName>Rep. McKinley, David B. [R-WV-1]</fullName>
        <party>R</party>
        <bioguideId>M001180</bioguideId>
        <identifiers>
          <lisID>2074</lisID>
          <gpoId>8222</gpoId>
          <bioguideId>M001180</bioguideId>
        </identifiers>
        <lastName>McKinley</lastName>
        <district>1</district>
        <middleName>B.</middleName>
        <firstName>David</firstName>
        <byRequestType />
        <state>WV</state>
      </item>
    </sponsors>
    <recordedVotes />
    <updateDate>2018-08-28T19:53:21Z</updateDate>
    <billNumber>55</billNumber>
    <title>Expressing the sense of Congress that the United States should withdraw from the Paris Agreement, adopted in December 2015.</title>
    <relatedBills>
      <item>
        <type>SCONRES</type>
        <number>17</number>
        <latestTitle>A concurrent resolution expressing the sense of Congress that the United States should withdraw from the Paris Agreement, adopted in December 2015.</latestTitle>
        <congress>115</congress>
        <latestAction>
          <actionDate>2017-05-22</actionDate>
          <text>Referred to the Committee on Foreign Relations. (text of measure as introduced: CR S3072)</text>
        </latestAction>
        <relationshipDetails>
          <item>
            <type>Identical bill</type>
            <identifiedBy>CRS</identifiedBy>
          </item>
        </relationshipDetails>
      </item>
    </relatedBills>
    <amendments />
    <version>1.0.0</version>
    <laws />
    <cboCostEstimates />
    <billType>HCONRES</billType>
    <createDate>2017-05-19T03:11:37Z</createDate>
    <originChamber>House</originChamber>
    <summaries>
      <billSummaries>
        <item>
          <updateDate>2017-05-18T04:00:00Z</updateDate>
          <actionDate>2017-05-18</actionDate>
          <lastSummaryUpdateDate>2017-07-07T18:08:14Z</lastSummaryUpdateDate>
          <text><![CDATA[<p> Expresses the sense of Congress that the United States should withdraw from the Paris Agreement on climate change, adopted in December 2015.</p>]]></text>
          <actionDesc>Introduced in House</actionDesc>
          <versionCode>00</versionCode>
          <name>Introduced in House</name>
        </item>
      </billSummaries>
    </summaries>
    <committeeReports />
    <calendarNumbers />
    <cosponsors>
      <item>
        <party>R</party>
        <state>WV</state>
        <bioguideId>J000297</bioguideId>
        <sponsorshipWithdrawnDate />
        <isOriginalCosponsor>True</isOriginalCosponsor>
        <identifiers>
          <lisID>2278</lisID>
          <bioguideId>J000297</bioguideId>
          <gpoId />
        </identifiers>
        <fullName>Rep. Jenkins, Evan H. [R-WV-3]</fullName>
        <lastName>Jenkins</lastName>
        <sponsorshipDate>2017-05-18</sponsorshipDate>
        <firstName>Evan</firstName>
        <district>3</district>
        <middleName>H.</middleName>
      </item>
      <item>
        <party>R</party>
        <state>WV</state>
        <bioguideId>M001195</bioguideId>
        <sponsorshipWithdrawnDate />
        <isOriginalCosponsor>True</isOriginalCosponsor>
        <identifiers>
          <gpoId />
          <lisID>2277</lisID>
          <bioguideId>M001195</bioguideId>
        </identifiers>
        <fullName>Rep. Mooney, Alexander X. [R-WV-2]</fullName>
        <lastName>Mooney</lastName>
        <sponsorshipDate>2017-05-18</sponsorshipDate>
        <firstName>Alexander</firstName>
        <district>2</district>
        <middleName>X.</middleName>
      </item>
      <item>
        <party>R</party>
        <state>WY</state>
        <bioguideId>C001109</bioguideId>
        <sponsorshipWithdrawnDate />
        <isOriginalCosponsor>True</isOriginalCosponsor>
        <identifiers>
          <lisID>2356</lisID>
          <bioguideId>C001109</bioguideId>
          <gpoId />
        </identifiers>
        <fullName>Rep. Cheney, Liz [R-WY-At Large]</fullName>
        <lastName>Cheney</lastName>
        <sponsorshipDate>2017-05-18</sponsorshipDate>
        <firstName>Liz</firstName>
        <district>0</district>
        <middleName />
      </item>
      <item>
        <party>R</party>
        <state>FL</state>
        <bioguideId>Y000065</bioguideId>
        <sponsorshipWithdrawnDate />
        <isOriginalCosponsor>True</isOriginalCosponsor>
        <identifiers>
          <bioguideId>Y000065</bioguideId>
          <lisID>2115</lisID>
          <gpoId />
        </identifiers>
        <fullName>Rep. Yoho, Ted S. [R-FL-3]</fullName>
        <lastName>Yoho</lastName>
        <sponsorshipDate>2017-05-18</sponsorshipDate>
        <firstName>Ted</firstName>
        <district>3</district>
        <middleName>S.</middleName>
      </item>
      <item>
        <party>R</party>
        <state>KY</state>
        <bioguideId>B001282</bioguideId>
        <sponsorshipWithdrawnDate />
        <isOriginalCosponsor>True</isOriginalCosponsor>
        <identifiers>
          <gpoId />
          <lisID>2131</lisID>
          <bioguideId>B001282</bioguideId>
        </identifiers>
        <fullName>Rep. Barr, Andy [R-KY-6]</fullName>
        <lastName>Barr</lastName>
        <sponsorshipDate>2017-05-18</sponsorshipDate>
        <firstName>Andy</firstName>
        <district>6</district>
        <middleName />
      </item>
      <item>
        <party>R</party>
        <state>PA</state>
        <bioguideId>R000598</bioguideId>
        <sponsorshipWithdrawnDate />
        <isOriginalCosponsor>True</isOriginalCosponsor>
        <identifiers>
          <lisID>2158</lisID>
          <gpoId />
          <bioguideId>R000598</bioguideId>
        </identifiers>
        <fullName>Rep. Rothfus, Keith J. [R-PA-12]</fullName>
        <lastName>Rothfus</lastName>
        <sponsorshipDate>2017-05-18</sponsorshipDate>
        <firstName>Keith</firstName>
        <district>12</district>
        <middleName>J.</middleName>
      </item>
      <item>
        <party>R</party>
        <state>IN</state>
        <bioguideId>B001275</bioguideId>
        <sponsorshipWithdrawnDate />
        <isOriginalCosponsor>True</isOriginalCosponsor>
        <identifiers>
          <bioguideId>B001275</bioguideId>
          <lisID>2018</lisID>
          <gpoId>7947</gpoId>
        </identifiers>
        <fullName>Rep. Bucshon, Larry [R-IN-8]</fullName>
        <lastName>Bucshon</lastName>
        <sponsorshipDate>2017-05-18</sponsorshipDate>
        <firstName>Larry</firstName>
        <district>8</district>
        <middleName />
      </item>
      <item>
        <party>R</party>
        <state>VA</state>
        <bioguideId>G000568</bioguideId>
        <sponsorshipWithdrawnDate />
        <isOriginalCosponsor>True</isOriginalCosponsor>
        <identifiers>
          <gpoId>8200</gpoId>
          <lisID>2070</lisID>
          <bioguideId>G000568</bioguideId>
        </identifiers>
        <fullName>Rep. Griffith, H. Morgan [R-VA-9]</fullName>
        <lastName>Griffith</lastName>
        <sponsorshipDate>2017-05-18</sponsorshipDate>
        <firstName>H.</firstName>
        <district>9</district>
        <middleName>Morgan</middleName>
      </item>
      <item>
        <party>R</party>
        <state>IN</state>
        <bioguideId>R000592</bioguideId>
        <sponsorshipWithdrawnDate />
        <isOriginalCosponsor>True</isOriginalCosponsor>
        <identifiers>
          <bioguideId>R000592</bioguideId>
          <lisID>2017</lisID>
          <gpoId>7943</gpoId>
        </identifiers>
        <fullName>Rep. Rokita, Todd [R-IN-4]</fullName>
        <lastName>Rokita</lastName>
        <sponsorshipDate>2017-05-18</sponsorshipDate>
        <firstName>Todd</firstName>
        <district>4</district>
        <middleName />
      </item>
      <item>
        <party>R</party>
        <state>OH</state>
        <bioguideId>G000563</bioguideId>
        <sponsorshipWithdrawnDate />
        <isOriginalCosponsor>True</isOriginalCosponsor>
        <identifiers>
          <lisID>2049</lisID>
          <bioguideId>G000563</bioguideId>
          <gpoId>8108</gpoId>
        </identifiers>
        <fullName>Rep. Gibbs, Bob [R-OH-7]</fullName>
        <lastName>Gibbs</lastName>
        <sponsorshipDate>2017-05-18</sponsorshipDate>
        <firstName>Bob</firstName>
        <district>7</district>
        <middleName />
      </item>
      <item>
        <party>R</party>
        <state>PA</state>
        <bioguideId>P000605</bioguideId>
        <sponsorshipWithdrawnDate />
        <isOriginalCosponsor>True</isOriginalCosponsor>
        <identifiers>
          <lisID>2157</lisID>
          <gpoId />
          <bioguideId>P000605</bioguideId>
        </identifiers>
        <fullName>Rep. Perry, Scott [R-PA-4]</fullName>
        <lastName>Perry</lastName>
        <sponsorshipDate>2017-05-18</sponsorshipDate>
        <firstName>Scott</firstName>
        <district>4</district>
        <middleName />
      </item>
      <item>
        <party>R</party>
        <state>TN</state>
        <bioguideId>R000582</bioguideId>
        <sponsorshipWithdrawnDate />
        <isOriginalCosponsor>True</isOriginalCosponsor>
        <identifiers>
          <gpoId>8148</gpoId>
          <lisID>1954</lisID>
          <bioguideId>R000582</bioguideId>
        </identifiers>
        <fullName>Rep. Roe, David P. [R-TN-1]</fullName>
        <lastName>Roe</lastName>
        <sponsorshipDate>2017-05-18</sponsorshipDate>
        <firstName>David</firstName>
        <district>1</district>
        <middleName>P.</middleName>
      </item>
      <item>
        <party>R</party>
        <state>OH</state>
        <bioguideId>R000586</bioguideId>
        <sponsorshipWithdrawnDate />
        <isOriginalCosponsor>True</isOriginalCosponsor>
        <identifiers>
          <gpoId>8106</gpoId>
          <lisID>2048</lisID>
          <bioguideId>R000586</bioguideId>
        </identifiers>
        <fullName>Rep. Renacci, James B. [R-OH-16]</fullName>
        <lastName>Renacci</lastName>
        <sponsorshipDate>2017-05-18</sponsorshipDate>
        <firstName>James</firstName>
        <district>16</district>
        <middleName>B.</middleName>
      </item>
      <item>
        <party>R</party>
        <state>OH</state>
        <bioguideId>J000292</bioguideId>
        <sponsorshipWithdrawnDate />
        <isOriginalCosponsor>False</isOriginalCosponsor>
        <identifiers>
          <lisID>2046</lisID>
          <bioguideId>J000292</bioguideId>
          <gpoId>8096</gpoId>
        </identifiers>
        <fullName>Rep. Johnson, Bill [R-OH-6]</fullName>
        <lastName>Johnson</lastName>
        <sponsorshipDate>2017-05-23</sponsorshipDate>
        <firstName>Bill</firstName>
        <district>6</district>
        <middleName />
      </item>
      <item>
        <party>R</party>
        <state>OH</state>
        <bioguideId>C000266</bioguideId>
        <sponsorshipWithdrawnDate />
        <isOriginalCosponsor>False</isOriginalCosponsor>
        <identifiers>
          <lisID>186</lisID>
          <bioguideId>C000266</bioguideId>
          <gpoId>8091</gpoId>
        </identifiers>
        <fullName>Rep. Chabot, Steve [R-OH-1]</fullName>
        <lastName>CHABOT</lastName>
        <sponsorshipDate>2017-05-24</sponsorshipDate>
        <firstName>STEVE</firstName>
        <district>1</district>
        <middleName />
      </item>
      <item>
        <party>R</party>
        <state>GA</state>
        <bioguideId>L000583</bioguideId>
        <sponsorshipWithdrawnDate />
        <isOriginalCosponsor>False</isOriginalCosponsor>
        <identifiers>
          <lisID>2238</lisID>
          <bioguideId>L000583</bioguideId>
          <gpoId />
        </identifiers>
        <fullName>Rep. Loudermilk, Barry [R-GA-11]</fullName>
        <lastName>Loudermilk</lastName>
        <sponsorshipDate>2017-05-24</sponsorshipDate>
        <firstName>Barry</firstName>
        <district>11</district>
        <middleName />
      </item>
      <item>
        <party>R</party>
        <state>TX</state>
        <bioguideId>B000213</bioguideId>
        <sponsorshipWithdrawnDate />
        <isOriginalCosponsor>False</isOriginalCosponsor>
        <identifiers>
          <bioguideId>B000213</bioguideId>
          <gpoId>8162</gpoId>
          <lisID>62</lisID>
        </identifiers>
        <fullName>Rep. Barton, Joe [R-TX-6]</fullName>
        <lastName>BARTON</lastName>
        <sponsorshipDate>2017-06-02</sponsorshipDate>
        <firstName>JOE</firstName>
        <district>6</district>
        <middleName>L.</middleName>
      </item>
    </cosponsors>
    <introducedDate>2017-05-18</introducedDate>
    <congress>115</congress>
    <subjects>
      <billSubjects>
        <legislativeSubjects>
          <item>
            <name>Air quality</name>
          </item>
          <item>
            <name>Climate change and greenhouse gases</name>
          </item>
          <item>
            <name>International law and treaties</name>
          </item>
        </legislativeSubjects>
        <policyArea>
          <name>International Affairs</name>
        </policyArea>
      </billSubjects>
    </subjects>
  </bill>
  <dublinCore xmlns:dc="http://purl.org/dc/elements/1.1/">
    <dc:format>text/xml</dc:format>
    <dc:language>EN</dc:language>
    <dc:rights>Pursuant to Title 17 Section 105 of the United States Code, this file is not subject to copyright protection and is in the public domain.</dc:rights>
    <dc:contributor>Congressional Research Service, Library of Congress</dc:contributor>
    <dc:description>This file contains bill summaries and statuses for federal legislation. A bill summary describes the most significant provisions of a piece of legislation and details the effects the legislative text may have on current law and federal programs. Bill summaries are authored by the Congressional Research Service (CRS) of the Library of Congress. As stated in Public Law 91-510 (2 USC 166 (d)(6)), one of the duties of CRS is "to prepare summaries and digests of bills and resolutions of a public general nature introduced in the Senate or House of Representatives". For more information, refer to the User Guide that accompanies this file.</dc:description>
  </dublinCore>
</billStatus>

