<?xml version="1.0" encoding="UTF-8"?>
<billStatus>
  <bill>
    <policyArea>
      <name>Congress</name>
    </policyArea>
    <billNumber>14</billNumber>
    <laws />
    <constitutionalAuthorityStatementText />
    <originChamber>House</originChamber>
    <billType>HCONRES</billType>
    <summaries>
      <billSummaries>
        <item>
          <updateDate>2017-01-24T05:00:00Z</updateDate>
          <lastSummaryUpdateDate>2017-02-21T21:00:22Z</lastSummaryUpdateDate>
          <text><![CDATA[<p><b>Reclaiming Congress's Constitutional Mandate in Trade Resolution</b></p> <p>Establishes: (1) a Joint Ad Hoc Committee on Trade Responsibilities to develop a plan under which the functions and responsibilities of the Office of the United States Trade Representative (USTR) shall be moved to the legislative branch, and (2) a Congressional Advisory Board on Trade Responsibilities to advise the Joint Ad Hoc Committee in its development of the plan.</p> <p>Requires the USTR and the other heads of executive branch offices to make available to the Joint Ad Hoc Committee and the Congressional Advisory Board such information and assistance as the committee and the board may reasonably require to carry out their activities.</p>]]></text>
          <actionDate>2017-01-24</actionDate>
          <actionDesc>Introduced in House</actionDesc>
          <name>Introduced in House</name>
          <versionCode>00</versionCode>
        </item>
      </billSummaries>
    </summaries>
    <relatedBills />
    <createDate>2017-01-25T04:45:51Z</createDate>
    <sponsors>
      <item>
        <lastName>Griffith</lastName>
        <party>R</party>
        <middleName>Morgan</middleName>
        <fullName>Rep. Griffith, H. Morgan [R-VA-9]</fullName>
        <identifiers>
          <gpoId>8200</gpoId>
          <lisID>2070</lisID>
          <bioguideId>G000568</bioguideId>
        </identifiers>
        <state>VA</state>
        <firstName>H.</firstName>
        <byRequestType />
        <district>9</district>
        <bioguideId>G000568</bioguideId>
      </item>
    </sponsors>
    <notes />
    <updateDate>2018-08-28T19:53:13Z</updateDate>
    <committeeReports />
    <actions>
      <item>
        <actionDate>2017-01-26</actionDate>
        <committee>
          <systemCode>hswm04</systemCode>
          <name>Trade Subcommittee</name>
        </committee>
        <links />
        <sourceSystem>
          <code>1</code>
          <name>House committee actions</name>
        </sourceSystem>
        <text>Referred to the Subcommittee on Trade.</text>
        <type>Committee</type>
      </item>
      <item>
        <text>Referred to the Committee on Rules, and in addition to the Committee on Ways and Means, for a period to be subsequently determined by the Speaker, in each case for consideration of such provisions as fall within the jurisdiction of the committee concerned.</text>
        <type>IntroReferral</type>
        <committee>
          <systemCode>hswm00</systemCode>
          <name>Ways and Means Committee</name>
        </committee>
        <actionDate>2017-01-24</actionDate>
        <links />
        <actionCode>H11100</actionCode>
        <sourceSystem>
          <code>2</code>
          <name>House floor actions</name>
        </sourceSystem>
      </item>
      <item>
        <text>Referred to the Committee on Rules, and in addition to the Committee on Ways and Means, for a period to be subsequently determined by the Speaker, in each case for consideration of such provisions as fall within the jurisdiction of the committee concerned.</text>
        <type>IntroReferral</type>
        <committee />
        <actionDate>2017-01-24</actionDate>
        <links />
        <actionCode>H11100-A</actionCode>
        <sourceSystem>
          <code>9</code>
          <name>Library of Congress</name>
        </sourceSystem>
      </item>
      <item>
        <text>Referred to the Committee on Rules, and in addition to the Committee on Ways and Means, for a period to be subsequently determined by the Speaker, in each case for consideration of such provisions as fall within the jurisdiction of the committee concerned.</text>
        <type>IntroReferral</type>
        <committee>
          <systemCode>hsru00</systemCode>
          <name>Rules Committee</name>
        </committee>
        <actionDate>2017-01-24</actionDate>
        <links />
        <actionCode>H11100</actionCode>
        <sourceSystem>
          <code>2</code>
          <name>House floor actions</name>
        </sourceSystem>
      </item>
      <item>
        <text>Introduced in House</text>
        <type>IntroReferral</type>
        <committee />
        <actionDate>2017-01-24</actionDate>
        <links />
        <actionCode>Intro-H</actionCode>
        <sourceSystem>
          <code>9</code>
          <name>Library of Congress</name>
        </sourceSystem>
      </item>
      <item>
        <text>Introduced in House</text>
        <type>IntroReferral</type>
        <committee />
        <actionDate>2017-01-24</actionDate>
        <links />
        <actionCode>1000</actionCode>
        <sourceSystem>
          <code>9</code>
          <name>Library of Congress</name>
        </sourceSystem>
      </item>
      <actionByCounts>
        <houseOfRepresentatives>6</houseOfRepresentatives>
      </actionByCounts>
      <actionTypeCounts>
        <billReferralsAggregate>1</billReferralsAggregate>
        <introducedInHouse>1</introducedInHouse>
        <placeholderTextForH>1</placeholderTextForH>
        <billReferrals>2</billReferrals>
        <introducedInTheHouse>1</introducedInTheHouse>
      </actionTypeCounts>
    </actions>
    <title>Reclaiming Congress's Constitutional Mandate in Trade Resolution</title>
    <cosponsors>
      <item>
        <lastName>Amash</lastName>
        <state>MI</state>
        <firstName>Justin</firstName>
        <sponsorshipDate>2018-07-06</sponsorshipDate>
        <district>3</district>
        <fullName>Rep. Amash, Justin [R-MI-3]</fullName>
        <identifiers>
          <bioguideId>A000367</bioguideId>
          <gpoId>7988</gpoId>
          <lisID>2029</lisID>
        </identifiers>
        <bioguideId>A000367</bioguideId>
        <sponsorshipWithdrawnDate />
        <party>R</party>
        <isOriginalCosponsor>False</isOriginalCosponsor>
        <middleName />
      </item>
    </cosponsors>
    <introducedDate>2017-01-24</introducedDate>
    <recordedVotes />
    <congress>115</congress>
    <amendments />
    <version>1.0.0</version>
    <calendarNumbers />
    <latestAction>
      <actionDate>2017-01-26</actionDate>
      <links />
      <text>Referred to the Subcommittee on Trade.</text>
    </latestAction>
    <titles>
      <item>
        <chamberName />
        <parentTitleType />
        <titleType>Short Titles as Introduced</titleType>
        <title>Reclaiming Congress's Constitutional Mandate in Trade Resolution</title>
        <chamberCode />
      </item>
      <item>
        <chamberName />
        <parentTitleType />
        <titleType>Official Title as Introduced</titleType>
        <title>Establishing the Joint Ad Hoc Committee on Trade Responsibilities to develop a plan under which the functions and responsibilities of the Office of the United States Trade Representative shall be moved to the legislative branch in accordance with article I, section 8 of the Constitution of the United States, and for other purposes.</title>
        <chamberCode />
      </item>
      <item>
        <chamberName />
        <parentTitleType />
        <titleType>Display Title</titleType>
        <title>Reclaiming Congress's Constitutional Mandate in Trade Resolution</title>
        <chamberCode />
      </item>
    </titles>
    <cboCostEstimates />
    <committees>
      <billCommittees>
        <item>
          <activities>
            <item>
              <name>Referred to</name>
              <date>2017-01-24T15:03:15Z</date>
            </item>
          </activities>
          <name>Ways and Means Committee</name>
          <type>Standing</type>
          <chamber>House</chamber>
          <subcommittees>
            <item>
              <activities>
                <item>
                  <name>Referred to</name>
                  <date>2017-01-26T21:52:46Z</date>
                </item>
              </activities>
              <name>Trade Subcommittee</name>
              <systemCode>hswm04</systemCode>
            </item>
          </subcommittees>
          <systemCode>hswm00</systemCode>
        </item>
        <item>
          <activities>
            <item>
              <name>Referred to</name>
              <date>2017-01-24T15:03:10Z</date>
            </item>
          </activities>
          <name>Rules Committee</name>
          <type>Standing</type>
          <chamber>House</chamber>
          <subcommittees />
          <systemCode>hsru00</systemCode>
        </item>
      </billCommittees>
    </committees>
    <subjects>
      <billSubjects>
        <policyArea>
          <name>Congress</name>
        </policyArea>
        <legislativeSubjects>
          <item>
            <name>Advisory bodies</name>
          </item>
          <item>
            <name>Congressional agencies</name>
          </item>
          <item>
            <name>Congressional committees</name>
          </item>
          <item>
            <name>Congressional operations and organization</name>
          </item>
          <item>
            <name>Executive agency funding and structure</name>
          </item>
          <item>
            <name>Office of the U.S. Trade Representative</name>
          </item>
          <item>
            <name>Trade agreements and negotiations</name>
          </item>
        </legislativeSubjects>
      </billSubjects>
    </subjects>
  </bill>
  <dublinCore xmlns:dc="http://purl.org/dc/elements/1.1/">
    <dc:format>text/xml</dc:format>
    <dc:language>EN</dc:language>
    <dc:rights>Pursuant to Title 17 Section 105 of the United States Code, this file is not subject to copyright protection and is in the public domain.</dc:rights>
    <dc:contributor>Congressional Research Service, Library of Congress</dc:contributor>
    <dc:description>This file contains bill summaries and statuses for federal legislation. A bill summary describes the most significant provisions of a piece of legislation and details the effects the legislative text may have on current law and federal programs. Bill summaries are authored by the Congressional Research Service (CRS) of the Library of Congress. As stated in Public Law 91-510 (2 USC 166 (d)(6)), one of the duties of CRS is "to prepare summaries and digests of bills and resolutions of a public general nature introduced in the Senate or House of Representatives". For more information, refer to the User Guide that accompanies this file.</dc:description>
  </dublinCore>
</billStatus>

