<?xml version="1.0" encoding="UTF-8"?>
<billStatus>
  <bill>
    <policyArea>
      <name>Congress</name>
    </policyArea>
    <billNumber>112</billNumber>
    <laws />
    <constitutionalAuthorityStatementText />
    <originChamber>House</originChamber>
    <billType>HCONRES</billType>
    <summaries>
      <billSummaries>
        <item>
          <actionDesc>Introduced in House</actionDesc>
          <actionDate>2018-03-08</actionDate>
          <lastSummaryUpdateDate>2018-03-09T20:02:47Z</lastSummaryUpdateDate>
          <name>Introduced in House</name>
          <text><![CDATA[<p>Authorizes the use of Emancipation Hall in the Capitol Visitor Center for an event on June 10, 2018, to celebrate the birthday of King Kamehameha I.</p>]]></text>
          <versionCode>00</versionCode>
          <updateDate>2018-03-08T05:00:00Z</updateDate>
        </item>
        <item>
          <actionDesc>Passed House without amendment</actionDesc>
          <actionDate>2018-05-09</actionDate>
          <lastSummaryUpdateDate>2018-05-22T20:02:45Z</lastSummaryUpdateDate>
          <name>Passed House without amendment</name>
          <text><![CDATA[<p> (Sec. 1) Authorizes the use of Emancipation Hall in the Capitol Visitor Center for an event on June 10, 2018, to celebrate the birthday of King Kamehameha I.</p>]]></text>
          <versionCode>81</versionCode>
          <updateDate>2018-05-09T13:02:32Z</updateDate>
        </item>
        <item>
          <actionDesc>Passed Senate without amendment</actionDesc>
          <actionDate>2018-05-16</actionDate>
          <lastSummaryUpdateDate>2018-05-22T20:02:53Z</lastSummaryUpdateDate>
          <name>Passed Senate without amendment</name>
          <text><![CDATA[<p> (Sec. 1) Authorizes the use of Emancipation Hall in the Capitol Visitor Center for an event on June 10, 2018, to celebrate the birthday of King Kamehameha I.</p>]]></text>
          <versionCode>82</versionCode>
          <updateDate>2018-05-16T13:31:20Z</updateDate>
        </item>
      </billSummaries>
    </summaries>
    <relatedBills />
    <createDate>2018-03-09T08:10:57Z</createDate>
    <sponsors>
      <item>
        <lastName>Hanabusa</lastName>
        <party>D</party>
        <middleName />
        <fullName>Rep. Hanabusa, Colleen [D-HI-1]</fullName>
        <identifiers>
          <lisID>2010</lisID>
          <gpoId>7912</gpoId>
          <bioguideId>H001050</bioguideId>
        </identifiers>
        <state>HI</state>
        <firstName>Colleen</firstName>
        <byRequestType />
        <district>1</district>
        <bioguideId>H001050</bioguideId>
      </item>
    </sponsors>
    <notes />
    <updateDate>2018-08-28T19:53:37Z</updateDate>
    <committeeReports />
    <actions>
      <actionByCounts>
        <senate>4</senate>
        <houseOfRepresentatives>10</houseOfRepresentatives>
      </actionByCounts>
      <item>
        <actionDate>2018-05-17</actionDate>
        <committee />
        <links />
        <sourceSystem>
          <code>0</code>
          <name>Senate</name>
        </sourceSystem>
        <text>Message on Senate action sent to the House.</text>
        <type>Floor</type>
      </item>
      <item>
        <actionDate>2018-05-16</actionDate>
        <committee />
        <links>
          <link>
            <url>https://www.congress.gov/congressional-record/volume-164/senate-section/page/S2733</url>
            <name>S2733</name>
          </link>
        </links>
        <sourceSystem>
          <code>0</code>
          <name>Senate</name>
        </sourceSystem>
        <text>Resolution agreed to in Senate without amendment by Unanimous Consent. (consideration: CR S2733)</text>
        <type>Floor</type>
      </item>
      <item>
        <committee />
        <links>
          <link>
            <url>https://www.congress.gov/congressional-record/volume-164/senate-section/page/S2733</url>
            <name>S2733</name>
          </link>
        </links>
        <type>Floor</type>
        <text>Passed/agreed to in Senate: Resolution agreed to in Senate without amendment by Unanimous Consent.(consideration: CR S2733)</text>
        <actionDate>2018-05-16</actionDate>
        <actionCode>17000</actionCode>
        <sourceSystem>
          <code>9</code>
          <name>Library of Congress</name>
        </sourceSystem>
      </item>
      <item>
        <actionDate>2018-05-10</actionDate>
        <committee />
        <links />
        <sourceSystem>
          <code>0</code>
          <name>Senate</name>
        </sourceSystem>
        <text>Received in the Senate.</text>
        <type>IntroReferral</type>
      </item>
      <item>
        <committee />
        <links />
        <type>Floor</type>
        <text>Motion to reconsider laid on the table Agreed to without objection.</text>
        <actionDate>2018-05-09</actionDate>
        <actionCode>H38310</actionCode>
        <actionTime>16:27:29</actionTime>
        <sourceSystem>
          <code>2</code>
          <name>House floor actions</name>
        </sourceSystem>
      </item>
      <item>
        <committee />
        <links>
          <link>
            <url>https://www.congress.gov/congressional-record/volume-164/house-section/page/H3866</url>
            <name>H3866</name>
          </link>
        </links>
        <type>Floor</type>
        <text>On agreeing to the resolution Agreed to without objection. (text: CR H3866)</text>
        <actionDate>2018-05-09</actionDate>
        <actionCode>H37100</actionCode>
        <actionTime>16:27:27</actionTime>
        <sourceSystem>
          <code>2</code>
          <name>House floor actions</name>
        </sourceSystem>
      </item>
      <item>
        <committee />
        <links>
          <link>
            <url>https://www.congress.gov/congressional-record/volume-164/house-section/page/H3866</url>
            <name>H3866</name>
          </link>
        </links>
        <type>Floor</type>
        <text>Passed/agreed to in House: On agreeing to the resolution Agreed to without objection.(text: CR H3866)</text>
        <actionDate>2018-05-09</actionDate>
        <actionCode>8000</actionCode>
        <actionTime>16:27:27</actionTime>
        <sourceSystem>
          <code>9</code>
          <name>Library of Congress</name>
        </sourceSystem>
      </item>
      <item>
        <committee />
        <links>
          <link>
            <url>https://www.congress.gov/congressional-record/volume-164/house-section/page/H3866</url>
            <name>H3866</name>
          </link>
        </links>
        <type>Floor</type>
        <text>Considered by unanimous consent. (consideration: CR H3866)</text>
        <actionDate>2018-05-09</actionDate>
        <actionCode>H30000</actionCode>
        <actionTime>16:27:07</actionTime>
        <sourceSystem>
          <code>2</code>
          <name>House floor actions</name>
        </sourceSystem>
      </item>
      <item>
        <committee />
        <links />
        <type>Floor</type>
        <text>Mr. Harper asked unanimous consent to discharge from committee and consider.</text>
        <actionDate>2018-05-09</actionDate>
        <actionCode>H30200</actionCode>
        <actionTime>16:27:07</actionTime>
        <sourceSystem>
          <code>2</code>
          <name>House floor actions</name>
        </sourceSystem>
      </item>
      <item>
        <committee>
          <systemCode>hsha00</systemCode>
          <name>House Administration Committee</name>
        </committee>
        <links />
        <type>Discharge</type>
        <text>Committee on House Administration discharged.</text>
        <actionDate>2018-05-09</actionDate>
        <actionCode>H12300</actionCode>
        <sourceSystem>
          <code>2</code>
          <name>House floor actions</name>
        </sourceSystem>
      </item>
      <item>
        <committee>
          <systemCode>hsha00</systemCode>
          <name>House Administration Committee</name>
        </committee>
        <links />
        <type>Committee</type>
        <text>Committee on House Administration discharged.</text>
        <actionDate>2018-05-09</actionDate>
        <actionCode>5500</actionCode>
        <sourceSystem>
          <code>9</code>
          <name>Library of Congress</name>
        </sourceSystem>
      </item>
      <item>
        <committee>
          <systemCode>hsha00</systemCode>
          <name>House Administration Committee</name>
        </committee>
        <links />
        <type>IntroReferral</type>
        <text>Referred to the House Committee on House Administration.</text>
        <actionDate>2018-03-08</actionDate>
        <actionCode>H11100</actionCode>
        <sourceSystem>
          <code>2</code>
          <name>House floor actions</name>
        </sourceSystem>
      </item>
      <item>
        <committee />
        <links />
        <type>IntroReferral</type>
        <text>Introduced in House</text>
        <actionDate>2018-03-08</actionDate>
        <actionCode>Intro-H</actionCode>
        <sourceSystem>
          <code>9</code>
          <name>Library of Congress</name>
        </sourceSystem>
      </item>
      <item>
        <committee />
        <links />
        <type>IntroReferral</type>
        <text>Introduced in House</text>
        <actionDate>2018-03-08</actionDate>
        <actionCode>1000</actionCode>
        <sourceSystem>
          <code>9</code>
          <name>Library of Congress</name>
        </sourceSystem>
      </item>
      <actionTypeCounts>
        <houseCommitteeDischarged>1</houseCommitteeDischarged>
        <passedAgreedToInSenate>1</passedAgreedToInSenate>
        <agreedToInSenate>1</agreedToInSenate>
        <billReferrals>1</billReferrals>
        <introducedInTheHouse>1</introducedInTheHouse>
        <passageOfAMeasure>1</passageOfAMeasure>
        <unanimousConsentRequestToConsider>1</unanimousConsentRequestToConsider>
        <considerationByHouse>1</considerationByHouse>
        <committeeDischarged>1</committeeDischarged>
        <introducedInHouse>1</introducedInHouse>
        <motionToReconsiderResults>1</motionToReconsiderResults>
        <passedAgreedToInHouse>1</passedAgreedToInHouse>
        <sentToHouse>1</sentToHouse>
        <introducedInSenate>1</introducedInSenate>
      </actionTypeCounts>
    </actions>
    <title>Authorizing the use of Emancipation Hall in the Capitol Visitor Center for an event to celebrate the birthday of King Kamehameha I.</title>
    <cosponsors>
      <item>
        <bioguideId>G000571</bioguideId>
        <party>D</party>
        <firstName>Tulsi</firstName>
        <state>HI</state>
        <isOriginalCosponsor>True</isOriginalCosponsor>
        <middleName />
        <identifiers>
          <lisID>2122</lisID>
          <bioguideId>G000571</bioguideId>
          <gpoId />
        </identifiers>
        <fullName>Rep. Gabbard, Tulsi [D-HI-2]</fullName>
        <district>2</district>
        <lastName>Gabbard</lastName>
        <sponsorshipDate>2018-03-08</sponsorshipDate>
        <sponsorshipWithdrawnDate />
      </item>
    </cosponsors>
    <introducedDate>2018-03-08</introducedDate>
    <recordedVotes />
    <congress>115</congress>
    <amendments />
    <version>1.0.0</version>
    <calendarNumbers />
    <latestAction>
      <actionDate>2018-05-17</actionDate>
      <links />
      <text>Message on Senate action sent to the House.</text>
    </latestAction>
    <titles>
      <item>
        <titleType>Official Title as Introduced</titleType>
        <title>Authorizing the use of Emancipation Hall in the Capitol Visitor Center for an event to celebrate the birthday of King Kamehameha I.</title>
        <parentTitleType />
        <chamberCode />
        <chamberName />
      </item>
      <item>
        <titleType>Display Title</titleType>
        <title>Authorizing the use of Emancipation Hall in the Capitol Visitor Center for an event to celebrate the birthday of King Kamehameha I.</title>
        <parentTitleType />
        <chamberCode />
        <chamberName />
      </item>
    </titles>
    <cboCostEstimates />
    <committees>
      <billCommittees>
        <item>
          <activities>
            <item>
              <date>2018-05-09T20:26:00Z</date>
              <name>Discharged from</name>
            </item>
            <item>
              <date>2018-03-08T14:02:45Z</date>
              <name>Referred to</name>
            </item>
          </activities>
          <type>Standing</type>
          <chamber>House</chamber>
          <systemCode>hsha00</systemCode>
          <name>House Administration Committee</name>
          <subcommittees />
        </item>
      </billCommittees>
    </committees>
    <subjects>
      <billSubjects>
        <legislativeSubjects />
        <policyArea>
          <name>Congress</name>
        </policyArea>
      </billSubjects>
    </subjects>
  </bill>
  <dublinCore xmlns:dc="http://purl.org/dc/elements/1.1/">
    <dc:format>text/xml</dc:format>
    <dc:language>EN</dc:language>
    <dc:rights>Pursuant to Title 17 Section 105 of the United States Code, this file is not subject to copyright protection and is in the public domain.</dc:rights>
    <dc:contributor>Congressional Research Service, Library of Congress</dc:contributor>
    <dc:description>This file contains bill summaries and statuses for federal legislation. A bill summary describes the most significant provisions of a piece of legislation and details the effects the legislative text may have on current law and federal programs. Bill summaries are authored by the Congressional Research Service (CRS) of the Library of Congress. As stated in Public Law 91-510 (2 USC 166 (d)(6)), one of the duties of CRS is "to prepare summaries and digests of bills and resolutions of a public general nature introduced in the Senate or House of Representatives". For more information, refer to the User Guide that accompanies this file.</dc:description>
  </dublinCore>
</billStatus>

