<?xml version="1.0" encoding="UTF-8"?>
<billStatus>
  <bill>
    <titles>
      <item>
        <chamberCode />
        <titleType>Official Title as Introduced</titleType>
        <parentTitleType />
        <chamberName />
        <title>Recognizing the significance of the parsonage allowance to the Nation's religious and spiritual communities.</title>
      </item>
      <item>
        <chamberCode />
        <titleType>Display Title</titleType>
        <parentTitleType />
        <chamberName />
        <title>Recognizing the significance of the parsonage allowance to the Nation's religious and spiritual communities.</title>
      </item>
    </titles>
    <notes />
    <latestAction>
      <links />
      <text>Referred to the House Committee on Ways and Means.</text>
      <actionDate>2018-07-17</actionDate>
    </latestAction>
    <constitutionalAuthorityStatementText />
    <committees>
      <billCommittees>
        <item>
          <systemCode>hswm00</systemCode>
          <subcommittees />
          <activities>
            <item>
              <name>Referred to</name>
              <date>2018-07-17T14:02:40Z</date>
            </item>
          </activities>
          <name>Ways and Means Committee</name>
          <chamber>House</chamber>
          <type>Standing</type>
        </item>
      </billCommittees>
    </committees>
    <actions>
      <actionTypeCounts>
        <introducedInTheHouse>1</introducedInTheHouse>
        <billReferrals>1</billReferrals>
        <introducedInHouse>1</introducedInHouse>
      </actionTypeCounts>
      <item>
        <links />
        <type>IntroReferral</type>
        <actionDate>2018-07-17</actionDate>
        <text>Referred to the House Committee on Ways and Means.</text>
        <committee>
          <name>Ways and Means Committee</name>
          <systemCode>hswm00</systemCode>
        </committee>
        <sourceSystem>
          <code>2</code>
          <name>House floor actions</name>
        </sourceSystem>
        <actionCode>H11100</actionCode>
      </item>
      <item>
        <links />
        <type>IntroReferral</type>
        <actionDate>2018-07-17</actionDate>
        <text>Introduced in House</text>
        <committee />
        <sourceSystem>
          <code>9</code>
          <name>Library of Congress</name>
        </sourceSystem>
        <actionCode>Intro-H</actionCode>
      </item>
      <item>
        <links />
        <type>IntroReferral</type>
        <actionDate>2018-07-17</actionDate>
        <text>Introduced in House</text>
        <committee />
        <sourceSystem>
          <code>9</code>
          <name>Library of Congress</name>
        </sourceSystem>
        <actionCode>1000</actionCode>
      </item>
      <actionByCounts>
        <houseOfRepresentatives>3</houseOfRepresentatives>
      </actionByCounts>
    </actions>
    <policyArea />
    <sponsors>
      <item>
        <fullName>Rep. Sessions, Pete [R-TX-32]</fullName>
        <party>R</party>
        <bioguideId>S000250</bioguideId>
        <identifiers>
          <gpoId>8188</gpoId>
          <lisID>1525</lisID>
          <bioguideId>S000250</bioguideId>
        </identifiers>
        <lastName>SESSIONS</lastName>
        <district>32</district>
        <middleName />
        <firstName>PETE</firstName>
        <byRequestType />
        <state>TX</state>
      </item>
    </sponsors>
    <recordedVotes />
    <updateDate>2018-09-01T07:15:38Z</updateDate>
    <billNumber>129</billNumber>
    <title>Recognizing the significance of the parsonage allowance to the Nation's religious and spiritual communities.</title>
    <relatedBills />
    <amendments />
    <version>1.0.0</version>
    <laws />
    <cboCostEstimates />
    <billType>HCONRES</billType>
    <createDate>2018-07-18T07:10:41Z</createDate>
    <originChamber>House</originChamber>
    <summaries>
      <billSummaries />
    </summaries>
    <committeeReports />
    <calendarNumbers />
    <cosponsors>
      <item>
        <firstName>KAY</firstName>
        <lastName>GRANGER</lastName>
        <sponsorshipWithdrawnDate />
        <sponsorshipDate>2018-07-17</sponsorshipDate>
        <bioguideId>G000377</bioguideId>
        <district>12</district>
        <middleName />
        <isOriginalCosponsor>True</isOriginalCosponsor>
        <fullName>Rep. Granger, Kay [R-TX-12]</fullName>
        <state>TX</state>
        <party>R</party>
        <identifiers>
          <lisID>1487</lisID>
          <gpoId>8168</gpoId>
          <bioguideId>G000377</bioguideId>
        </identifiers>
      </item>
      <item>
        <firstName>LAMAR</firstName>
        <lastName>SMITH</lastName>
        <sponsorshipWithdrawnDate />
        <sponsorshipDate>2018-07-17</sponsorshipDate>
        <bioguideId>S000583</bioguideId>
        <district>21</district>
        <middleName />
        <isOriginalCosponsor>True</isOriginalCosponsor>
        <fullName>Rep. Smith, Lamar [R-TX-21]</fullName>
        <state>TX</state>
        <party>R</party>
        <identifiers>
          <lisID>1075</lisID>
          <gpoId>8177</gpoId>
          <bioguideId>S000583</bioguideId>
        </identifiers>
      </item>
      <item>
        <firstName>JOHN</firstName>
        <lastName>CULBERSON</lastName>
        <sponsorshipWithdrawnDate />
        <sponsorshipDate>2018-07-17</sponsorshipDate>
        <bioguideId>C001048</bioguideId>
        <district>7</district>
        <middleName>ABNEY</middleName>
        <isOriginalCosponsor>True</isOriginalCosponsor>
        <fullName>Rep. Culberson, John Abney [R-TX-7]</fullName>
        <state>TX</state>
        <party>R</party>
        <identifiers>
          <lisID>1670</lisID>
          <gpoId>8163</gpoId>
          <bioguideId>C001048</bioguideId>
        </identifiers>
      </item>
      <item>
        <firstName>Ted</firstName>
        <lastName>Poe</lastName>
        <sponsorshipWithdrawnDate />
        <sponsorshipDate>2018-07-17</sponsorshipDate>
        <bioguideId>P000592</bioguideId>
        <district>2</district>
        <middleName />
        <isOriginalCosponsor>True</isOriginalCosponsor>
        <fullName>Rep. Poe, Ted [R-TX-2]</fullName>
        <state>TX</state>
        <party>R</party>
        <identifiers>
          <bioguideId>P000592</bioguideId>
          <lisID>1802</lisID>
          <gpoId>8158</gpoId>
        </identifiers>
      </item>
      <item>
        <firstName>Randy</firstName>
        <lastName>Weber</lastName>
        <sponsorshipWithdrawnDate />
        <sponsorshipDate>2018-07-17</sponsorshipDate>
        <bioguideId>W000814</bioguideId>
        <district>14</district>
        <middleName>K.</middleName>
        <isOriginalCosponsor>True</isOriginalCosponsor>
        <fullName>Rep. Weber, Randy K., Sr. [R-TX-14]</fullName>
        <state>TX</state>
        <party>R</party>
        <identifiers>
          <lisID>2161</lisID>
          <bioguideId>W000814</bioguideId>
          <gpoId />
        </identifiers>
      </item>
      <item>
        <firstName>John</firstName>
        <lastName>Carter</lastName>
        <sponsorshipWithdrawnDate />
        <sponsorshipDate>2018-07-17</sponsorshipDate>
        <bioguideId>C001051</bioguideId>
        <district>31</district>
        <middleName>R.</middleName>
        <isOriginalCosponsor>True</isOriginalCosponsor>
        <fullName>Rep. Carter, John R. [R-TX-31]</fullName>
        <state>TX</state>
        <party>R</party>
        <identifiers>
          <lisID>1752</lisID>
          <gpoId>8187</gpoId>
          <bioguideId>C001051</bioguideId>
        </identifiers>
      </item>
      <item>
        <firstName>K.</firstName>
        <lastName>Conaway</lastName>
        <sponsorshipWithdrawnDate />
        <sponsorshipDate>2018-07-17</sponsorshipDate>
        <bioguideId>C001062</bioguideId>
        <district>11</district>
        <middleName>Michael</middleName>
        <isOriginalCosponsor>True</isOriginalCosponsor>
        <fullName>Rep. Conaway, K. Michael [R-TX-11]</fullName>
        <state>TX</state>
        <party>R</party>
        <identifiers>
          <lisID>1805</lisID>
          <gpoId>8167</gpoId>
          <bioguideId>C001062</bioguideId>
        </identifiers>
      </item>
      <item>
        <firstName>JOE</firstName>
        <lastName>BARTON</lastName>
        <sponsorshipWithdrawnDate />
        <sponsorshipDate>2018-07-17</sponsorshipDate>
        <bioguideId>B000213</bioguideId>
        <district>6</district>
        <middleName>L.</middleName>
        <isOriginalCosponsor>True</isOriginalCosponsor>
        <fullName>Rep. Barton, Joe [R-TX-6]</fullName>
        <state>TX</state>
        <party>R</party>
        <identifiers>
          <bioguideId>B000213</bioguideId>
          <gpoId>8162</gpoId>
          <lisID>62</lisID>
        </identifiers>
      </item>
      <item>
        <firstName>Brian</firstName>
        <lastName>Babin</lastName>
        <sponsorshipWithdrawnDate />
        <sponsorshipDate>2018-07-17</sponsorshipDate>
        <bioguideId>B001291</bioguideId>
        <district>36</district>
        <middleName />
        <isOriginalCosponsor>True</isOriginalCosponsor>
        <fullName>Rep. Babin, Brian [R-TX-36]</fullName>
        <state>TX</state>
        <party>R</party>
        <identifiers>
          <lisID>2270</lisID>
          <gpoId />
          <bioguideId>B001291</bioguideId>
        </identifiers>
      </item>
      <item>
        <firstName>Bill</firstName>
        <lastName>Posey</lastName>
        <sponsorshipWithdrawnDate />
        <sponsorshipDate>2018-07-17</sponsorshipDate>
        <bioguideId>P000599</bioguideId>
        <district>8</district>
        <middleName />
        <isOriginalCosponsor>True</isOriginalCosponsor>
        <fullName>Rep. Posey, Bill [R-FL-8]</fullName>
        <state>FL</state>
        <party>R</party>
        <identifiers>
          <bioguideId>P000599</bioguideId>
          <gpoId>7887</gpoId>
          <lisID>1915</lisID>
        </identifiers>
      </item>
      <item>
        <firstName>Joe</firstName>
        <lastName>Wilson</lastName>
        <sponsorshipWithdrawnDate />
        <sponsorshipDate>2018-07-17</sponsorshipDate>
        <bioguideId>W000795</bioguideId>
        <district>2</district>
        <middleName />
        <isOriginalCosponsor>True</isOriginalCosponsor>
        <fullName>Rep. Wilson, Joe [R-SC-2]</fullName>
        <state>SC</state>
        <party>R</party>
        <identifiers>
          <gpoId>8142</gpoId>
          <lisID>1688</lisID>
          <bioguideId>W000795</bioguideId>
        </identifiers>
      </item>
      <item>
        <firstName>Rob</firstName>
        <lastName>Bishop</lastName>
        <sponsorshipWithdrawnDate />
        <sponsorshipDate>2018-07-17</sponsorshipDate>
        <bioguideId>B001250</bioguideId>
        <district>1</district>
        <middleName />
        <isOriginalCosponsor>True</isOriginalCosponsor>
        <fullName>Rep. Bishop, Rob [R-UT-1]</fullName>
        <state>UT</state>
        <party>R</party>
        <identifiers>
          <bioguideId>B001250</bioguideId>
          <gpoId>8189</gpoId>
          <lisID>1753</lisID>
        </identifiers>
      </item>
      <item>
        <firstName>Lloyd</firstName>
        <lastName>Smucker</lastName>
        <sponsorshipWithdrawnDate />
        <sponsorshipDate>2018-07-17</sponsorshipDate>
        <bioguideId>S001199</bioguideId>
        <district>16</district>
        <middleName />
        <isOriginalCosponsor>True</isOriginalCosponsor>
        <fullName>Rep. Smucker, Lloyd [R-PA-16]</fullName>
        <state>PA</state>
        <party>R</party>
        <identifiers>
          <lisID>2346</lisID>
          <bioguideId>S001199</bioguideId>
          <gpoId />
        </identifiers>
      </item>
      <item>
        <firstName>John</firstName>
        <lastName>Rutherford</lastName>
        <sponsorshipWithdrawnDate />
        <sponsorshipDate>2018-07-17</sponsorshipDate>
        <bioguideId>R000609</bioguideId>
        <district>4</district>
        <middleName>H.</middleName>
        <isOriginalCosponsor>True</isOriginalCosponsor>
        <fullName>Rep. Rutherford, John H. [R-FL-4]</fullName>
        <state>FL</state>
        <party>R</party>
        <identifiers>
          <lisID>2316</lisID>
          <gpoId />
          <bioguideId>R000609</bioguideId>
        </identifiers>
      </item>
      <item>
        <firstName>Daniel</firstName>
        <lastName>Webster</lastName>
        <sponsorshipWithdrawnDate />
        <sponsorshipDate>2018-07-17</sponsorshipDate>
        <bioguideId>W000806</bioguideId>
        <district>11</district>
        <middleName />
        <isOriginalCosponsor>True</isOriginalCosponsor>
        <fullName>Rep. Webster, Daniel [R-FL-11]</fullName>
        <state>FL</state>
        <party>R</party>
        <identifiers>
          <lisID>2002</lisID>
          <gpoId>7880</gpoId>
          <bioguideId>W000806</bioguideId>
        </identifiers>
      </item>
      <item>
        <firstName>Kenny</firstName>
        <lastName>Marchant</lastName>
        <sponsorshipWithdrawnDate />
        <sponsorshipDate>2018-07-17</sponsorshipDate>
        <bioguideId>M001158</bioguideId>
        <district>24</district>
        <middleName />
        <isOriginalCosponsor>True</isOriginalCosponsor>
        <fullName>Rep. Marchant, Kenny [R-TX-24]</fullName>
        <state>TX</state>
        <party>R</party>
        <identifiers>
          <bioguideId>M001158</bioguideId>
          <gpoId>8766</gpoId>
          <lisID>1806</lisID>
        </identifiers>
      </item>
      <item>
        <firstName>Charles</firstName>
        <lastName>Fleischmann</lastName>
        <sponsorshipWithdrawnDate />
        <sponsorshipDate>2018-07-17</sponsorshipDate>
        <bioguideId>F000459</bioguideId>
        <district>3</district>
        <middleName>J. "Chuck"</middleName>
        <isOriginalCosponsor>True</isOriginalCosponsor>
        <fullName>Rep. Fleischmann, Charles J. "Chuck" [R-TN-3]</fullName>
        <state>TN</state>
        <party>R</party>
        <identifiers>
          <lisID>2061</lisID>
          <bioguideId>F000459</bioguideId>
          <gpoId>8150</gpoId>
        </identifiers>
      </item>
      <item>
        <firstName>Steven</firstName>
        <lastName>Palazzo</lastName>
        <sponsorshipWithdrawnDate />
        <sponsorshipDate>2018-07-17</sponsorshipDate>
        <bioguideId>P000601</bioguideId>
        <district>4</district>
        <middleName>M.</middleName>
        <isOriginalCosponsor>True</isOriginalCosponsor>
        <fullName>Rep. Palazzo, Steven M. [R-MS-4]</fullName>
        <state>MS</state>
        <party>R</party>
        <identifiers>
          <bioguideId>P000601</bioguideId>
          <lisID>2035</lisID>
          <gpoId>8022</gpoId>
        </identifiers>
      </item>
      <item>
        <firstName>Blaine</firstName>
        <lastName>Luetkemeyer</lastName>
        <sponsorshipWithdrawnDate />
        <sponsorshipDate>2018-07-17</sponsorshipDate>
        <bioguideId>L000569</bioguideId>
        <district>3</district>
        <middleName />
        <isOriginalCosponsor>True</isOriginalCosponsor>
        <fullName>Rep. Luetkemeyer, Blaine [R-MO-3]</fullName>
        <state>MO</state>
        <party>R</party>
        <identifiers>
          <lisID>1931</lisID>
          <gpoId>8017</gpoId>
          <bioguideId>L000569</bioguideId>
        </identifiers>
      </item>
      <item>
        <firstName>Greg</firstName>
        <lastName>Gianforte</lastName>
        <sponsorshipWithdrawnDate />
        <sponsorshipDate>2018-07-17</sponsorshipDate>
        <bioguideId>G000584</bioguideId>
        <district>0</district>
        <middleName />
        <isOriginalCosponsor>True</isOriginalCosponsor>
        <fullName>Rep. Gianforte, Greg [R-MT-At Large]</fullName>
        <state>MT</state>
        <party>R</party>
        <identifiers>
          <lisID>2359</lisID>
          <gpoId />
          <bioguideId>G000584</bioguideId>
        </identifiers>
      </item>
      <item>
        <firstName>Doug</firstName>
        <lastName>Collins</lastName>
        <sponsorshipWithdrawnDate />
        <sponsorshipDate>2018-07-17</sponsorshipDate>
        <bioguideId>C001093</bioguideId>
        <district>9</district>
        <middleName />
        <isOriginalCosponsor>True</isOriginalCosponsor>
        <fullName>Rep. Collins, Doug [R-GA-9]</fullName>
        <state>GA</state>
        <party>R</party>
        <identifiers>
          <gpoId />
          <lisID>2121</lisID>
          <bioguideId>C001093</bioguideId>
        </identifiers>
      </item>
      <item>
        <firstName>Jack</firstName>
        <lastName>Bergman</lastName>
        <sponsorshipWithdrawnDate />
        <sponsorshipDate>2018-07-17</sponsorshipDate>
        <bioguideId>B001301</bioguideId>
        <district>1</district>
        <middleName />
        <isOriginalCosponsor>True</isOriginalCosponsor>
        <fullName>Rep. Bergman, Jack [R-MI-1]</fullName>
        <state>MI</state>
        <party>R</party>
        <identifiers>
          <lisID>2333</lisID>
          <gpoId />
          <bioguideId>B001301</bioguideId>
        </identifiers>
      </item>
      <item>
        <firstName>WILLIAM</firstName>
        <lastName>THORNBERRY</lastName>
        <sponsorshipWithdrawnDate />
        <sponsorshipDate>2018-07-17</sponsorshipDate>
        <bioguideId>T000238</bioguideId>
        <district>13</district>
        <middleName>M.</middleName>
        <isOriginalCosponsor>True</isOriginalCosponsor>
        <fullName>Rep. Thornberry, Mac [R-TX-13]</fullName>
        <state>TX</state>
        <party>R</party>
        <identifiers>
          <bioguideId>T000238</bioguideId>
          <gpoId>8755</gpoId>
          <lisID>1155</lisID>
        </identifiers>
      </item>
      <item>
        <firstName>Tim</firstName>
        <lastName>Walberg</lastName>
        <sponsorshipWithdrawnDate />
        <sponsorshipDate>2018-07-17</sponsorshipDate>
        <bioguideId>W000798</bioguideId>
        <district>7</district>
        <middleName />
        <isOriginalCosponsor>True</isOriginalCosponsor>
        <fullName>Rep. Walberg, Tim [R-MI-7]</fullName>
        <state>MI</state>
        <party>R</party>
        <identifiers>
          <bioguideId>W000798</bioguideId>
          <lisID>1855</lisID>
          <gpoId>7992</gpoId>
        </identifiers>
      </item>
      <item>
        <firstName>Emanuel</firstName>
        <lastName>Cleaver</lastName>
        <sponsorshipWithdrawnDate />
        <sponsorshipDate>2018-07-31</sponsorshipDate>
        <bioguideId>C001061</bioguideId>
        <district>5</district>
        <middleName />
        <isOriginalCosponsor>False</isOriginalCosponsor>
        <fullName>Rep. Cleaver, Emanuel [D-MO-5]</fullName>
        <state>MO</state>
        <party>D</party>
        <identifiers>
          <bioguideId>C001061</bioguideId>
          <lisID>1790</lisID>
          <gpoId>8013</gpoId>
        </identifiers>
      </item>
    </cosponsors>
    <introducedDate>2018-07-17</introducedDate>
    <congress>115</congress>
    <subjects>
      <billSubjects>
        <legislativeSubjects>
          <item>
            <name>Arts, Culture, Religion</name>
          </item>
        </legislativeSubjects>
      </billSubjects>
    </subjects>
  </bill>
  <dublinCore xmlns:dc="http://purl.org/dc/elements/1.1/">
    <dc:format>text/xml</dc:format>
    <dc:language>EN</dc:language>
    <dc:rights>Pursuant to Title 17 Section 105 of the United States Code, this file is not subject to copyright protection and is in the public domain.</dc:rights>
    <dc:contributor>Congressional Research Service, Library of Congress</dc:contributor>
    <dc:description>This file contains bill summaries and statuses for federal legislation. A bill summary describes the most significant provisions of a piece of legislation and details the effects the legislative text may have on current law and federal programs. Bill summaries are authored by the Congressional Research Service (CRS) of the Library of Congress. As stated in Public Law 91-510 (2 USC 166 (d)(6)), one of the duties of CRS is "to prepare summaries and digests of bills and resolutions of a public general nature introduced in the Senate or House of Representatives". For more information, refer to the User Guide that accompanies this file.</dc:description>
  </dublinCore>
</billStatus>

