<?xml version="1.0" encoding="UTF-8"?>
<billStatus>
  <bill>
    <committees>
      <billCommittees>
        <item>
          <subcommittees />
          <systemCode>hsgo00</systemCode>
          <name>Oversight and Government Reform Committee</name>
          <activities>
            <item>
              <date>2017-04-04T14:03:25Z</date>
              <name>Referred to</name>
            </item>
          </activities>
          <type>Standing</type>
          <chamber>House</chamber>
        </item>
      </billCommittees>
    </committees>
    <recordedVotes />
    <laws />
    <summaries>
      <billSummaries>
        <item>
          <updateDate>2017-04-04T04:00:00Z</updateDate>
          <versionCode>00</versionCode>
          <name>Introduced in House</name>
          <text><![CDATA[<p>Expresses support for the designation of a National Purebred Dog Day.</p>]]></text>
          <actionDate>2017-04-04</actionDate>
          <actionDesc>Introduced in House</actionDesc>
          <lastSummaryUpdateDate>2017-07-11T15:31:15Z</lastSummaryUpdateDate>
        </item>
      </billSummaries>
    </summaries>
    <calendarNumbers />
    <titles>
      <item>
        <chamberName />
        <parentTitleType />
        <titleType>Official Title as Introduced</titleType>
        <title>Expressing support for the designation of a "National Purebred Dog Day".</title>
        <chamberCode />
      </item>
      <item>
        <chamberName />
        <parentTitleType />
        <titleType>Display Title</titleType>
        <title>Expressing support for the designation of a "National Purebred Dog Day".</title>
        <chamberCode />
      </item>
    </titles>
    <cosponsors>
      <item>
        <party>D</party>
        <state>OR</state>
        <bioguideId>S001180</bioguideId>
        <sponsorshipWithdrawnDate />
        <isOriginalCosponsor>True</isOriginalCosponsor>
        <identifiers>
          <bioguideId>S001180</bioguideId>
          <lisID>1950</lisID>
          <gpoId>8118</gpoId>
        </identifiers>
        <fullName>Rep. Schrader, Kurt [D-OR-5]</fullName>
        <lastName>Schrader</lastName>
        <sponsorshipDate>2017-04-04</sponsorshipDate>
        <firstName>Kurt</firstName>
        <district>5</district>
        <middleName />
      </item>
      <item>
        <party>R</party>
        <state>LA</state>
        <bioguideId>A000374</bioguideId>
        <sponsorshipWithdrawnDate />
        <isOriginalCosponsor>True</isOriginalCosponsor>
        <identifiers>
          <bioguideId>A000374</bioguideId>
          <gpoId />
          <lisID>2244</lisID>
        </identifiers>
        <fullName>Rep. Abraham, Ralph Lee [R-LA-5]</fullName>
        <lastName>Abraham</lastName>
        <sponsorshipDate>2017-04-04</sponsorshipDate>
        <firstName>Ralph</firstName>
        <district>5</district>
        <middleName>Lee</middleName>
      </item>
    </cosponsors>
    <cboCostEstimates />
    <latestAction>
      <text>Referred to the House Committee on Oversight and Government Reform.</text>
      <links />
      <actionDate>2017-04-04</actionDate>
    </latestAction>
    <updateDate>2018-08-28T19:53:18Z</updateDate>
    <version>1.0.0</version>
    <constitutionalAuthorityStatementText />
    <policyArea>
      <name>Animals</name>
    </policyArea>
    <billType>HCONRES</billType>
    <billNumber>46</billNumber>
    <originChamber>House</originChamber>
    <relatedBills />
    <title>Expressing support for the designation of a "National Purebred Dog Day".</title>
    <congress>115</congress>
    <actions>
      <item>
        <text>Referred to the House Committee on Oversight and Government Reform.</text>
        <links />
        <type>IntroReferral</type>
        <sourceSystem>
          <code>2</code>
          <name>House floor actions</name>
        </sourceSystem>
        <committee>
          <systemCode>hsgo00</systemCode>
          <name>Oversight and Government Reform Committee</name>
        </committee>
        <actionDate>2017-04-04</actionDate>
        <actionCode>H11100</actionCode>
      </item>
      <item>
        <text>Introduced in House</text>
        <links />
        <type>IntroReferral</type>
        <sourceSystem>
          <code>9</code>
          <name>Library of Congress</name>
        </sourceSystem>
        <committee />
        <actionDate>2017-04-04</actionDate>
        <actionCode>Intro-H</actionCode>
      </item>
      <item>
        <text>Introduced in House</text>
        <links />
        <type>IntroReferral</type>
        <sourceSystem>
          <code>9</code>
          <name>Library of Congress</name>
        </sourceSystem>
        <committee />
        <actionDate>2017-04-04</actionDate>
        <actionCode>1000</actionCode>
      </item>
      <actionTypeCounts>
        <introducedInTheHouse>1</introducedInTheHouse>
        <billReferrals>1</billReferrals>
        <introducedInHouse>1</introducedInHouse>
      </actionTypeCounts>
      <actionByCounts>
        <houseOfRepresentatives>3</houseOfRepresentatives>
      </actionByCounts>
    </actions>
    <subjects>
      <billSubjects>
        <legislativeSubjects>
          <item>
            <name>Animal protection and human-animal relationships</name>
          </item>
          <item>
            <name>Commemorative events and holidays</name>
          </item>
          <item>
            <name>Mammals</name>
          </item>
        </legislativeSubjects>
        <policyArea>
          <name>Animals</name>
        </policyArea>
      </billSubjects>
    </subjects>
    <committeeReports />
    <introducedDate>2017-04-04</introducedDate>
    <sponsors>
      <item>
        <bioguideId>Y000065</bioguideId>
        <middleName>S.</middleName>
        <byRequestType />
        <fullName>Rep. Yoho, Ted S. [R-FL-3]</fullName>
        <lastName>Yoho</lastName>
        <state>FL</state>
        <district>3</district>
        <party>R</party>
        <identifiers>
          <bioguideId>Y000065</bioguideId>
          <lisID>2115</lisID>
          <gpoId />
        </identifiers>
        <firstName>Ted</firstName>
      </item>
    </sponsors>
    <notes />
    <createDate>2017-04-05T03:11:44Z</createDate>
    <amendments />
  </bill>
  <dublinCore xmlns:dc="http://purl.org/dc/elements/1.1/">
    <dc:format>text/xml</dc:format>
    <dc:language>EN</dc:language>
    <dc:rights>Pursuant to Title 17 Section 105 of the United States Code, this file is not subject to copyright protection and is in the public domain.</dc:rights>
    <dc:contributor>Congressional Research Service, Library of Congress</dc:contributor>
    <dc:description>This file contains bill summaries and statuses for federal legislation. A bill summary describes the most significant provisions of a piece of legislation and details the effects the legislative text may have on current law and federal programs. Bill summaries are authored by the Congressional Research Service (CRS) of the Library of Congress. As stated in Public Law 91-510 (2 USC 166 (d)(6)), one of the duties of CRS is "to prepare summaries and digests of bills and resolutions of a public general nature introduced in the Senate or House of Representatives". For more information, refer to the User Guide that accompanies this file.</dc:description>
  </dublinCore>
</billStatus>

