<?xml version="1.0" encoding="UTF-8"?>
<billStatus>
  <bill>
    <amendments />
    <latestAction>
      <actionDate>2018-06-28</actionDate>
      <text>Committee Agreed to Seek Consideration Under Suspension of the Rules, by Unanimous Consent.</text>
      <links />
    </latestAction>
    <congress>115</congress>
    <subjects>
      <billSubjects>
        <policyArea>
          <name>International Affairs</name>
        </policyArea>
        <legislativeSubjects>
          <item>
            <name>Criminal investigation, prosecution, interrogation</name>
          </item>
          <item>
            <name>Diplomacy, foreign officials, Americans abroad</name>
          </item>
          <item>
            <name>Europe</name>
          </item>
          <item>
            <name>Serbia</name>
          </item>
          <item>
            <name>Violent crime</name>
          </item>
          <item>
            <name>War crimes, genocide, crimes against humanity</name>
          </item>
        </legislativeSubjects>
      </billSubjects>
    </subjects>
    <laws />
    <notes />
    <billType>HCONRES</billType>
    <sponsors>
      <item>
        <lastName>Zeldin</lastName>
        <middleName>M.</middleName>
        <bioguideId>Z000017</bioguideId>
        <fullName>Rep. Zeldin, Lee M. [R-NY-1]</fullName>
        <identifiers>
          <gpoId />
          <lisID>2261</lisID>
          <bioguideId>Z000017</bioguideId>
        </identifiers>
        <byRequestType />
        <state>NY</state>
        <firstName>Lee</firstName>
        <party>R</party>
        <district>1</district>
      </item>
    </sponsors>
    <recordedVotes />
    <committeeReports />
    <introducedDate>2017-02-06</introducedDate>
    <relatedBills />
    <cosponsors>
      <item>
        <party>R</party>
        <state>NJ</state>
        <bioguideId>S000522</bioguideId>
        <sponsorshipWithdrawnDate />
        <isOriginalCosponsor>True</isOriginalCosponsor>
        <identifiers>
          <lisID>1071</lisID>
          <gpoId>8046</gpoId>
          <bioguideId>S000522</bioguideId>
        </identifiers>
        <fullName>Rep. Smith, Christopher H. [R-NJ-4]</fullName>
        <lastName>SMITH</lastName>
        <sponsorshipDate>2017-02-06</sponsorshipDate>
        <firstName>CHRISTOPHER</firstName>
        <district>4</district>
        <middleName>H.</middleName>
      </item>
      <item>
        <party>D</party>
        <state>NY</state>
        <bioguideId>E000179</bioguideId>
        <sponsorshipWithdrawnDate />
        <isOriginalCosponsor>True</isOriginalCosponsor>
        <identifiers>
          <bioguideId>E000179</bioguideId>
          <gpoId>8078</gpoId>
          <lisID>344</lisID>
        </identifiers>
        <fullName>Rep. Engel, Eliot L. [D-NY-16]</fullName>
        <lastName>ENGEL</lastName>
        <sponsorshipDate>2017-02-06</sponsorshipDate>
        <firstName>ELIOT</firstName>
        <district>16</district>
        <middleName>L.</middleName>
      </item>
      <item>
        <party>D</party>
        <state>NY</state>
        <bioguideId>M001188</bioguideId>
        <sponsorshipWithdrawnDate />
        <isOriginalCosponsor>True</isOriginalCosponsor>
        <identifiers>
          <lisID>2148</lisID>
          <bioguideId>M001188</bioguideId>
          <gpoId />
        </identifiers>
        <fullName>Rep. Meng, Grace [D-NY-6]</fullName>
        <lastName>Meng</lastName>
        <sponsorshipDate>2017-02-06</sponsorshipDate>
        <firstName>Grace</firstName>
        <district>6</district>
        <middleName />
      </item>
      <item>
        <party>D</party>
        <state>CA</state>
        <bioguideId>L000397</bioguideId>
        <sponsorshipWithdrawnDate />
        <isOriginalCosponsor>False</isOriginalCosponsor>
        <identifiers>
          <gpoId>7821</gpoId>
          <lisID>701</lisID>
          <bioguideId>L000397</bioguideId>
        </identifiers>
        <fullName>Rep. Lofgren, Zoe [D-CA-19]</fullName>
        <lastName>LOFGREN</lastName>
        <sponsorshipDate>2017-03-07</sponsorshipDate>
        <firstName>ZOE</firstName>
        <district>19</district>
        <middleName />
      </item>
      <item>
        <party>D</party>
        <state>NY</state>
        <bioguideId>S001201</bioguideId>
        <sponsorshipWithdrawnDate />
        <isOriginalCosponsor>False</isOriginalCosponsor>
        <identifiers>
          <lisID>2341</lisID>
          <gpoId />
          <bioguideId>S001201</bioguideId>
        </identifiers>
        <fullName>Rep. Suozzi, Thomas R. [D-NY-3]</fullName>
        <lastName>Suozzi</lastName>
        <sponsorshipDate>2017-03-07</sponsorshipDate>
        <firstName>Thomas</firstName>
        <district>3</district>
        <middleName>R.</middleName>
      </item>
      <item>
        <party>D</party>
        <state>RI</state>
        <bioguideId>C001084</bioguideId>
        <sponsorshipWithdrawnDate />
        <isOriginalCosponsor>False</isOriginalCosponsor>
        <identifiers>
          <gpoId>8139</gpoId>
          <lisID>2055</lisID>
          <bioguideId>C001084</bioguideId>
        </identifiers>
        <fullName>Rep. Cicilline, David N. [D-RI-1]</fullName>
        <lastName>Cicilline</lastName>
        <sponsorshipDate>2017-03-07</sponsorshipDate>
        <firstName>David</firstName>
        <district>1</district>
        <middleName>N.</middleName>
      </item>
      <item>
        <party>R</party>
        <state>NY</state>
        <bioguideId>D000625</bioguideId>
        <sponsorshipWithdrawnDate />
        <isOriginalCosponsor>False</isOriginalCosponsor>
        <identifiers>
          <bioguideId>D000625</bioguideId>
          <lisID>2293</lisID>
          <gpoId />
        </identifiers>
        <fullName>Rep. Donovan, Daniel M., Jr. [R-NY-11]</fullName>
        <lastName>Donovan</lastName>
        <sponsorshipDate>2017-03-10</sponsorshipDate>
        <firstName>Daniel</firstName>
        <district>11</district>
        <middleName>M.</middleName>
      </item>
      <item>
        <party>D</party>
        <state>MA</state>
        <bioguideId>M000312</bioguideId>
        <sponsorshipWithdrawnDate />
        <isOriginalCosponsor>False</isOriginalCosponsor>
        <identifiers>
          <lisID>1504</lisID>
          <bioguideId>M000312</bioguideId>
          <gpoId>7968</gpoId>
        </identifiers>
        <fullName>Rep. McGovern, James P. [D-MA-2]</fullName>
        <lastName>MCGOVERN</lastName>
        <sponsorshipDate>2017-03-10</sponsorshipDate>
        <firstName>JAMES</firstName>
        <district>2</district>
        <middleName>P.</middleName>
      </item>
      <item>
        <party>R</party>
        <state>NY</state>
        <bioguideId>K000210</bioguideId>
        <sponsorshipWithdrawnDate />
        <isOriginalCosponsor>False</isOriginalCosponsor>
        <identifiers>
          <lisID>635</lisID>
          <gpoId>8064</gpoId>
          <bioguideId>K000210</bioguideId>
        </identifiers>
        <fullName>Rep. King, Peter T. [R-NY-2]</fullName>
        <lastName>KING</lastName>
        <sponsorshipDate>2017-03-16</sponsorshipDate>
        <firstName>PETER</firstName>
        <district>2</district>
        <middleName>T.</middleName>
      </item>
      <item>
        <party>D</party>
        <state>NY</state>
        <bioguideId>R000602</bioguideId>
        <sponsorshipWithdrawnDate />
        <isOriginalCosponsor>False</isOriginalCosponsor>
        <identifiers>
          <lisID>2262</lisID>
          <bioguideId>R000602</bioguideId>
          <gpoId />
        </identifiers>
        <fullName>Rep. Rice, Kathleen M. [D-NY-4]</fullName>
        <lastName>Rice</lastName>
        <sponsorshipDate>2017-03-22</sponsorshipDate>
        <firstName>Kathleen</firstName>
        <district>4</district>
        <middleName>M.</middleName>
      </item>
      <item>
        <party>D</party>
        <state>FL</state>
        <bioguideId>H000324</bioguideId>
        <sponsorshipWithdrawnDate />
        <isOriginalCosponsor>False</isOriginalCosponsor>
        <identifiers>
          <bioguideId>H000324</bioguideId>
          <gpoId>7895</gpoId>
          <lisID>511</lisID>
        </identifiers>
        <fullName>Rep. Hastings, Alcee L. [D-FL-20]</fullName>
        <lastName>HASTINGS</lastName>
        <sponsorshipDate>2017-05-19</sponsorshipDate>
        <firstName>ALCEE</firstName>
        <district>20</district>
        <middleName>L.</middleName>
      </item>
      <item>
        <party>D</party>
        <state>NY</state>
        <bioguideId>S000480</bioguideId>
        <sponsorshipWithdrawnDate />
        <isOriginalCosponsor>False</isOriginalCosponsor>
        <identifiers>
          <lisID>1069</lisID>
          <bioguideId>S000480</bioguideId>
          <gpoId>8089</gpoId>
        </identifiers>
        <fullName>Rep. Slaughter, Louise McIntosh [D-NY-25]</fullName>
        <lastName>SLAUGHTER</lastName>
        <sponsorshipDate>2017-07-18</sponsorshipDate>
        <firstName>LOUISE</firstName>
        <district>25</district>
        <middleName>M.</middleName>
      </item>
      <item>
        <party>R</party>
        <state>MO</state>
        <bioguideId>W000812</bioguideId>
        <sponsorshipWithdrawnDate />
        <isOriginalCosponsor>False</isOriginalCosponsor>
        <identifiers>
          <lisID>2137</lisID>
          <gpoId />
          <bioguideId>W000812</bioguideId>
        </identifiers>
        <fullName>Rep. Wagner, Ann [R-MO-2]</fullName>
        <lastName>Wagner</lastName>
        <sponsorshipDate>2017-07-28</sponsorshipDate>
        <firstName>Ann</firstName>
        <district>2</district>
        <middleName />
      </item>
      <item>
        <party>D</party>
        <state>CA</state>
        <bioguideId>V000130</bioguideId>
        <sponsorshipWithdrawnDate />
        <isOriginalCosponsor>False</isOriginalCosponsor>
        <identifiers>
          <bioguideId>V000130</bioguideId>
          <lisID>2112</lisID>
          <gpoId />
        </identifiers>
        <fullName>Rep. Vargas, Juan [D-CA-51]</fullName>
        <lastName>Vargas</lastName>
        <sponsorshipDate>2018-04-16</sponsorshipDate>
        <firstName>Juan</firstName>
        <district>51</district>
        <middleName />
      </item>
      <item>
        <party>D</party>
        <state>IL</state>
        <bioguideId>K000385</bioguideId>
        <sponsorshipWithdrawnDate />
        <isOriginalCosponsor>False</isOriginalCosponsor>
        <identifiers>
          <gpoId />
          <lisID>2190</lisID>
          <bioguideId>K000385</bioguideId>
        </identifiers>
        <fullName>Rep. Kelly, Robin L. [D-IL-2]</fullName>
        <lastName>Kelly</lastName>
        <sponsorshipDate>2018-05-07</sponsorshipDate>
        <firstName>Robin</firstName>
        <district>2</district>
        <middleName>L.</middleName>
      </item>
      <item>
        <party>R</party>
        <state>WI</state>
        <bioguideId>S000244</bioguideId>
        <sponsorshipWithdrawnDate />
        <isOriginalCosponsor>False</isOriginalCosponsor>
        <identifiers>
          <lisID>1041</lisID>
          <bioguideId>S000244</bioguideId>
          <gpoId>8218</gpoId>
        </identifiers>
        <fullName>Rep. Sensenbrenner, F. James, Jr. [R-WI-5]</fullName>
        <lastName>SENSENBRENNER</lastName>
        <sponsorshipDate>2018-05-08</sponsorshipDate>
        <firstName>F.</firstName>
        <district>5</district>
        <middleName>JAMES</middleName>
      </item>
      <item>
        <party>R</party>
        <state>SC</state>
        <bioguideId>W000795</bioguideId>
        <sponsorshipWithdrawnDate />
        <isOriginalCosponsor>False</isOriginalCosponsor>
        <identifiers>
          <lisID>1688</lisID>
          <bioguideId>W000795</bioguideId>
          <gpoId>8142</gpoId>
        </identifiers>
        <fullName>Rep. Wilson, Joe [R-SC-2]</fullName>
        <lastName>Wilson</lastName>
        <sponsorshipDate>2018-05-15</sponsorshipDate>
        <firstName>Joe</firstName>
        <district>2</district>
        <middleName />
      </item>
      <item>
        <party>R</party>
        <state>NY</state>
        <bioguideId>S001196</bioguideId>
        <sponsorshipWithdrawnDate />
        <isOriginalCosponsor>False</isOriginalCosponsor>
        <identifiers>
          <lisID>2263</lisID>
          <bioguideId>S001196</bioguideId>
          <gpoId />
        </identifiers>
        <fullName>Rep. Stefanik, Elise M. [R-NY-21]</fullName>
        <lastName>Stefanik</lastName>
        <sponsorshipDate>2018-06-12</sponsorshipDate>
        <firstName>Elise</firstName>
        <district>21</district>
        <middleName>M.</middleName>
      </item>
      <item>
        <party>D</party>
        <state>CA</state>
        <bioguideId>S000344</bioguideId>
        <sponsorshipWithdrawnDate />
        <isOriginalCosponsor>False</isOriginalCosponsor>
        <identifiers>
          <lisID>1526</lisID>
          <bioguideId>S000344</bioguideId>
          <gpoId>7832</gpoId>
        </identifiers>
        <fullName>Rep. Sherman, Brad [D-CA-30]</fullName>
        <lastName>SHERMAN</lastName>
        <sponsorshipDate>2018-06-27</sponsorshipDate>
        <firstName>BRAD</firstName>
        <district>30</district>
        <middleName />
      </item>
    </cosponsors>
    <actions>
      <actionTypeCounts>
        <introducedInTheHouse>1</introducedInTheHouse>
        <billReferrals>1</billReferrals>
        <actionStageOverride>1</actionStageOverride>
        <introducedInHouse>1</introducedInHouse>
        <placeholderTextForH>3</placeholderTextForH>
      </actionTypeCounts>
      <item>
        <actionDate>2018-06-28</actionDate>
        <committee>
          <name>Foreign Affairs Committee</name>
          <systemCode>hsfa00</systemCode>
        </committee>
        <links />
        <sourceSystem>
          <code>1</code>
          <name>House committee actions</name>
        </sourceSystem>
        <text>Committee Agreed to Seek Consideration Under Suspension of the Rules, by Unanimous Consent.</text>
        <type>Committee</type>
      </item>
      <item>
        <actionDate>2018-06-28</actionDate>
        <committee>
          <name>Foreign Affairs Committee</name>
          <systemCode>hsfa00</systemCode>
        </committee>
        <links />
        <sourceSystem>
          <code>1</code>
          <name>House committee actions</name>
        </sourceSystem>
        <text>Ordered to be Reported in the Nature of a Substitute (Amended) by Voice Vote.</text>
        <type>Committee</type>
      </item>
      <item>
        <actionDate>2018-06-28</actionDate>
        <committee>
          <name>Foreign Affairs Committee</name>
          <systemCode>hsfa00</systemCode>
        </committee>
        <links />
        <sourceSystem>
          <code>1</code>
          <name>House committee actions</name>
        </sourceSystem>
        <text>Committee Consideration and Mark-up Session Held.</text>
        <type>Committee</type>
      </item>
      <item>
        <actionDate>2017-02-16</actionDate>
        <committee>
          <name>Europe, Eurasia, and Emerging Threats Subcommittee</name>
          <systemCode>hsfa14</systemCode>
        </committee>
        <links />
        <sourceSystem>
          <code>1</code>
          <name>House committee actions</name>
        </sourceSystem>
        <text>Referred to the Subcommittee on Europe, Eurasia, and Emerging Threats.</text>
        <type>Committee</type>
      </item>
      <item>
        <links />
        <type>IntroReferral</type>
        <actionDate>2017-02-06</actionDate>
        <text>Referred to the House Committee on Foreign Affairs.</text>
        <committee>
          <name>Foreign Affairs Committee</name>
          <systemCode>hsfa00</systemCode>
        </committee>
        <sourceSystem>
          <code>2</code>
          <name>House floor actions</name>
        </sourceSystem>
        <actionCode>H11100</actionCode>
      </item>
      <item>
        <links />
        <type>IntroReferral</type>
        <actionDate>2017-02-06</actionDate>
        <text>Introduced in House</text>
        <committee />
        <sourceSystem>
          <code>9</code>
          <name>Library of Congress</name>
        </sourceSystem>
        <actionCode>Intro-H</actionCode>
      </item>
      <item>
        <links />
        <type>IntroReferral</type>
        <actionDate>2017-02-06</actionDate>
        <text>Introduced in House</text>
        <committee />
        <sourceSystem>
          <code>9</code>
          <name>Library of Congress</name>
        </sourceSystem>
        <actionCode>1000</actionCode>
      </item>
      <actionByCounts>
        <houseOfRepresentatives>7</houseOfRepresentatives>
      </actionByCounts>
    </actions>
    <committees>
      <billCommittees>
        <item>
          <systemCode>hsfa00</systemCode>
          <chamber>House</chamber>
          <type>Standing</type>
          <subcommittees>
            <item>
              <systemCode>hsfa14</systemCode>
              <activities>
                <item>
                  <date>2017-02-16T22:13:58Z</date>
                  <name>Referred to</name>
                </item>
              </activities>
              <name>Europe, Eurasia, and Emerging Threats Subcommittee</name>
            </item>
          </subcommittees>
          <name>Foreign Affairs Committee</name>
          <activities>
            <item>
              <date>2018-06-28T19:16:02Z</date>
              <name>Markup by</name>
            </item>
            <item>
              <date>2017-02-06T17:03:40Z</date>
              <name>Referred to</name>
            </item>
          </activities>
        </item>
      </billCommittees>
    </committees>
    <updateDate>2018-08-28T19:53:14Z</updateDate>
    <version>1.0.0</version>
    <title>Expressing the sense of the House of Representatives regarding the execution-style murders of United States citizens Ylli, Agron, and Mehmet Bytyqi in the Republic of Serbia in July 1999.</title>
    <createDate>2017-02-07T04:46:10Z</createDate>
    <billNumber>20</billNumber>
    <constitutionalAuthorityStatementText />
    <cboCostEstimates />
    <calendarNumbers />
    <policyArea>
      <name>International Affairs</name>
    </policyArea>
    <summaries>
      <billSummaries>
        <item>
          <updateDate>2017-02-06T05:00:00Z</updateDate>
          <versionCode>00</versionCode>
          <name>Introduced in House</name>
          <text><![CDATA[<p>Expresses the sense of Congress that: </p> <ul> <li>those individuals responsible for the July 1999 murders of U.S. citizens Ylli, Agron, and Mehmet Bytyqi in Serbia should be brought to justice; </li> <li>it is reprehensible that no individual has ever been found guilty of executing the Bytyqi brothers or of any other crimes associated with their deaths and that no individual is facing charges for these crimes; </li> <li>the government of Serbia and its relevant ministries and offices, including the Serbian War Crimes Prosecutor's Office, should make it a priority to investigate and prosecute officials believed to be responsible for those deaths; and </li> <li> progress in resolving this case should remain a significant factor determining the further development of U.S.-Serbian relations.</li></ul>]]></text>
          <actionDate>2017-02-06</actionDate>
          <actionDesc>Introduced in House</actionDesc>
          <lastSummaryUpdateDate>2017-02-11T13:59:05Z</lastSummaryUpdateDate>
        </item>
      </billSummaries>
    </summaries>
    <originChamber>House</originChamber>
    <titles>
      <item>
        <title>Expressing the sense of the House of Representatives regarding the execution-style murders of United States citizens Ylli, Agron, and Mehmet Bytyqi in the Republic of Serbia in July 1999.</title>
        <chamberCode />
        <titleType>Official Title as Introduced</titleType>
        <parentTitleType />
        <chamberName />
      </item>
      <item>
        <title>Expressing the sense of the House of Representatives regarding the execution-style murders of United States citizens Ylli, Agron, and Mehmet Bytyqi in the Republic of Serbia in July 1999.</title>
        <chamberCode />
        <titleType>Display Title</titleType>
        <parentTitleType />
        <chamberName />
      </item>
    </titles>
  </bill>
  <dublinCore xmlns:dc="http://purl.org/dc/elements/1.1/">
    <dc:format>text/xml</dc:format>
    <dc:language>EN</dc:language>
    <dc:rights>Pursuant to Title 17 Section 105 of the United States Code, this file is not subject to copyright protection and is in the public domain.</dc:rights>
    <dc:contributor>Congressional Research Service, Library of Congress</dc:contributor>
    <dc:description>This file contains bill summaries and statuses for federal legislation. A bill summary describes the most significant provisions of a piece of legislation and details the effects the legislative text may have on current law and federal programs. Bill summaries are authored by the Congressional Research Service (CRS) of the Library of Congress. As stated in Public Law 91-510 (2 USC 166 (d)(6)), one of the duties of CRS is "to prepare summaries and digests of bills and resolutions of a public general nature introduced in the Senate or House of Representatives". For more information, refer to the User Guide that accompanies this file.</dc:description>
  </dublinCore>
</billStatus>

