<?xml version="1.0" encoding="UTF-8"?>
<billStatus>
  <bill>
    <titles>
      <item>
        <titleType>Official Title as Introduced</titleType>
        <chamberName />
        <chamberCode />
        <parentTitleType />
        <title>Expressing the sense of the Congress that temporary protected status for Haitian nationals should be extended until that country has demonstrably recovered from the 2010 earthquake, the cholera epidemic, Hurricane Matthew, and other disasters.</title>
      </item>
      <item>
        <titleType>Display Title</titleType>
        <chamberName />
        <chamberCode />
        <parentTitleType />
        <title>Expressing the sense of the Congress that temporary protected status for Haitian nationals should be extended until that country has demonstrably recovered from the 2010 earthquake, the cholera epidemic, Hurricane Matthew, and other disasters.</title>
      </item>
    </titles>
    <notes />
    <latestAction>
      <links />
      <text>Referred to the Subcommittee on the Western Hemisphere.</text>
      <actionDate>2017-11-29</actionDate>
    </latestAction>
    <constitutionalAuthorityStatementText />
    <committees>
      <billCommittees>
        <item>
          <activities>
            <item>
              <date>2017-10-27T14:00:51Z</date>
              <name>Referred to</name>
            </item>
          </activities>
          <type>Standing</type>
          <chamber>House</chamber>
          <systemCode>hsfa00</systemCode>
          <name>Foreign Affairs Committee</name>
          <subcommittees>
            <item>
              <systemCode>hsfa07</systemCode>
              <name>Western Hemisphere Subcommittee</name>
              <activities>
                <item>
                  <date>2017-11-29T14:57:20Z</date>
                  <name>Referred to</name>
                </item>
              </activities>
            </item>
          </subcommittees>
        </item>
        <item>
          <activities>
            <item>
              <date>2017-10-27T14:01:00Z</date>
              <name>Referred to</name>
            </item>
          </activities>
          <type>Standing</type>
          <chamber>House</chamber>
          <systemCode>hsju00</systemCode>
          <name>Judiciary Committee</name>
          <subcommittees>
            <item>
              <systemCode>hsju01</systemCode>
              <name>Immigration and Border Security Subcommittee</name>
              <activities>
                <item>
                  <date>2017-11-14T15:59:19Z</date>
                  <name>Referred to</name>
                </item>
              </activities>
            </item>
          </subcommittees>
        </item>
      </billCommittees>
    </committees>
    <actions>
      <actionTypeCounts>
        <introducedInTheHouse>1</introducedInTheHouse>
        <billReferrals>2</billReferrals>
        <introducedInHouse>1</introducedInHouse>
        <placeholderTextForH>2</placeholderTextForH>
      </actionTypeCounts>
      <item>
        <actionDate>2017-11-29</actionDate>
        <committee>
          <name>Western Hemisphere Subcommittee</name>
          <systemCode>hsfa07</systemCode>
        </committee>
        <links />
        <sourceSystem>
          <code>1</code>
          <name>House committee actions</name>
        </sourceSystem>
        <text>Referred to the Subcommittee on the Western Hemisphere.</text>
        <type>Committee</type>
      </item>
      <item>
        <actionDate>2017-11-14</actionDate>
        <committee>
          <name>Immigration and Border Security Subcommittee</name>
          <systemCode>hsju01</systemCode>
        </committee>
        <links />
        <sourceSystem>
          <code>1</code>
          <name>House committee actions</name>
        </sourceSystem>
        <text>Referred to the Subcommittee on Immigration and Border Security.</text>
        <type>Committee</type>
      </item>
      <item>
        <links />
        <type>IntroReferral</type>
        <actionDate>2017-10-27</actionDate>
        <text>Referred to the Committee on Foreign Affairs, and in addition to the Committee on the Judiciary, for a period to be subsequently determined by the Speaker, in each case for consideration of such provisions as fall within the jurisdiction of the committee concerned.</text>
        <committee>
          <name>Judiciary Committee</name>
          <systemCode>hsju00</systemCode>
        </committee>
        <sourceSystem>
          <code>2</code>
          <name>House floor actions</name>
        </sourceSystem>
        <actionCode>H11100</actionCode>
      </item>
      <item>
        <links />
        <type>IntroReferral</type>
        <actionDate>2017-10-27</actionDate>
        <text>Referred to the Committee on Foreign Affairs, and in addition to the Committee on the Judiciary, for a period to be subsequently determined by the Speaker, in each case for consideration of such provisions as fall within the jurisdiction of the committee concerned.</text>
        <committee>
          <name>Foreign Affairs Committee</name>
          <systemCode>hsfa00</systemCode>
        </committee>
        <sourceSystem>
          <code>2</code>
          <name>House floor actions</name>
        </sourceSystem>
        <actionCode>H11100</actionCode>
      </item>
      <item>
        <links />
        <type>IntroReferral</type>
        <actionDate>2017-10-27</actionDate>
        <text>Introduced in House</text>
        <committee />
        <sourceSystem>
          <code>9</code>
          <name>Library of Congress</name>
        </sourceSystem>
        <actionCode>Intro-H</actionCode>
      </item>
      <item>
        <links />
        <type>IntroReferral</type>
        <actionDate>2017-10-27</actionDate>
        <text>Introduced in House</text>
        <committee />
        <sourceSystem>
          <code>9</code>
          <name>Library of Congress</name>
        </sourceSystem>
        <actionCode>1000</actionCode>
      </item>
      <actionByCounts>
        <houseOfRepresentatives>6</houseOfRepresentatives>
      </actionByCounts>
    </actions>
    <policyArea>
      <name>International Affairs</name>
    </policyArea>
    <sponsors>
      <item>
        <fullName>Rep. Wilson, Frederica S. [D-FL-24]</fullName>
        <party>D</party>
        <bioguideId>W000808</bioguideId>
        <identifiers>
          <gpoId>7889</gpoId>
          <lisID>2004</lisID>
          <bioguideId>W000808</bioguideId>
        </identifiers>
        <lastName>Wilson</lastName>
        <district>24</district>
        <middleName>S.</middleName>
        <firstName>Frederica</firstName>
        <byRequestType />
        <state>FL</state>
      </item>
    </sponsors>
    <recordedVotes />
    <updateDate>2018-08-28T19:53:34Z</updateDate>
    <billNumber>88</billNumber>
    <title>Expressing the sense of the Congress that temporary protected status for Haitian nationals should be extended until that country has demonstrably recovered from the 2010 earthquake, the cholera epidemic, Hurricane Matthew, and other disasters.</title>
    <relatedBills>
      <item>
        <relationshipDetails>
          <item>
            <type>Identical bill</type>
            <identifiedBy>CRS</identifiedBy>
          </item>
        </relationshipDetails>
        <latestTitle>Expressing the sense of the Congress that temporary protected status for Haitian nationals should be extended until that country has demonstrably recovered from the 2010 earthquake, the cholera epidemic, Hurricane Matthew, and other disasters.</latestTitle>
        <type>HCONRES</type>
        <congress>115</congress>
        <number>87</number>
        <latestAction>
          <text>Referred to the Subcommittee on the Western Hemisphere.</text>
          <actionDate>2017-11-29</actionDate>
        </latestAction>
      </item>
    </relatedBills>
    <amendments />
    <version>1.0.0</version>
    <laws />
    <cboCostEstimates />
    <billType>HCONRES</billType>
    <createDate>2017-10-28T03:11:16Z</createDate>
    <originChamber>House</originChamber>
    <summaries>
      <billSummaries>
        <item>
          <versionCode>00</versionCode>
          <actionDate>2017-10-27</actionDate>
          <actionDesc>Introduced in House</actionDesc>
          <name>Introduced in House</name>
          <lastSummaryUpdateDate>2017-10-31T15:40:25Z</lastSummaryUpdateDate>
          <text><![CDATA[<p>Expresses the sense of Congress that: (1) the people of the United States stand in solidarity with the people of Haiti and support efforts to help Haiti recover and develop into a prosperous democracy; (2) Haiti has not recovered from the natural and man-made disasters that prompted the Department of Homeland Security (DHS) to designate Haiti as a temporary protected status (TPS) country; (3) DHS should extend Haiti's TPS designation; (4) the Department of State should urge the United Nations to fulfill its pledge to treat and eliminate cholera, improve long-term access to clean water and sanitation, and assist victims; and (5) a prosperous and democratic Haiti will be better positioned to provide opportunities for its citizens, address crises, meet its obligations, and advance shared U.S.-Haiti interests and values. </p>]]></text>
          <updateDate>2017-10-27T04:00:00Z</updateDate>
        </item>
      </billSummaries>
    </summaries>
    <committeeReports />
    <calendarNumbers />
    <cosponsors>
      <item>
        <bioguideId>S001185</bioguideId>
        <lastName>Sewell</lastName>
        <isOriginalCosponsor>True</isOriginalCosponsor>
        <identifiers>
          <lisID>1988</lisID>
          <bioguideId>S001185</bioguideId>
          <gpoId>7792</gpoId>
        </identifiers>
        <district>7</district>
        <middleName>A.</middleName>
        <sponsorshipWithdrawnDate />
        <fullName>Rep. Sewell, Terri A. [D-AL-7]</fullName>
        <sponsorshipDate>2017-10-27</sponsorshipDate>
        <state>AL</state>
        <firstName>Terri</firstName>
        <party>D</party>
      </item>
      <item>
        <bioguideId>E000288</bioguideId>
        <lastName>Ellison</lastName>
        <isOriginalCosponsor>True</isOriginalCosponsor>
        <identifiers>
          <bioguideId>E000288</bioguideId>
          <gpoId>8005</gpoId>
          <lisID>1857</lisID>
        </identifiers>
        <district>5</district>
        <middleName />
        <sponsorshipWithdrawnDate />
        <fullName>Rep. Ellison, Keith [D-MN-5]</fullName>
        <sponsorshipDate>2017-10-27</sponsorshipDate>
        <state>MN</state>
        <firstName>Keith</firstName>
        <party>D</party>
      </item>
      <item>
        <bioguideId>D000096</bioguideId>
        <lastName>DAVIS</lastName>
        <isOriginalCosponsor>True</isOriginalCosponsor>
        <identifiers>
          <bioguideId>D000096</bioguideId>
          <gpoId>7927</gpoId>
          <lisID>1477</lisID>
        </identifiers>
        <district>7</district>
        <middleName>K.</middleName>
        <sponsorshipWithdrawnDate />
        <fullName>Rep. Davis, Danny K. [D-IL-7]</fullName>
        <sponsorshipDate>2017-10-27</sponsorshipDate>
        <state>IL</state>
        <firstName>DANNY</firstName>
        <party>D</party>
      </item>
      <item>
        <bioguideId>R000515</bioguideId>
        <lastName>RUSH</lastName>
        <isOriginalCosponsor>True</isOriginalCosponsor>
        <identifiers>
          <bioguideId>R000515</bioguideId>
          <lisID>1003</lisID>
          <gpoId>7921</gpoId>
        </identifiers>
        <district>1</district>
        <middleName>L.</middleName>
        <sponsorshipWithdrawnDate />
        <fullName>Rep. Rush, Bobby L. [D-IL-1]</fullName>
        <sponsorshipDate>2017-10-27</sponsorshipDate>
        <state>IL</state>
        <firstName>BOBBY</firstName>
        <party>D</party>
      </item>
      <item>
        <bioguideId>L000551</bioguideId>
        <lastName>LEE</lastName>
        <isOriginalCosponsor>True</isOriginalCosponsor>
        <identifiers>
          <lisID>1501</lisID>
          <gpoId>7814</gpoId>
          <bioguideId>L000551</bioguideId>
        </identifiers>
        <district>13</district>
        <middleName />
        <sponsorshipWithdrawnDate />
        <fullName>Rep. Lee, Barbara [D-CA-13]</fullName>
        <sponsorshipDate>2017-10-27</sponsorshipDate>
        <state>CA</state>
        <firstName>BARBARA</firstName>
        <party>D</party>
      </item>
      <item>
        <bioguideId>C000714</bioguideId>
        <lastName>CONYERS</lastName>
        <isOriginalCosponsor>True</isOriginalCosponsor>
        <identifiers>
          <bioguideId>C000714</bioguideId>
          <lisID>229</lisID>
          <gpoId>7999</gpoId>
        </identifiers>
        <district>13</district>
        <middleName />
        <sponsorshipWithdrawnDate />
        <fullName>Rep. Conyers, John, Jr. [D-MI-13]</fullName>
        <sponsorshipDate>2017-10-27</sponsorshipDate>
        <state>MI</state>
        <firstName>JOHN</firstName>
        <party>D</party>
      </item>
      <item>
        <bioguideId>L000287</bioguideId>
        <lastName>LEWIS</lastName>
        <isOriginalCosponsor>True</isOriginalCosponsor>
        <identifiers>
          <bioguideId>L000287</bioguideId>
          <lisID>688</lisID>
          <gpoId>7902</gpoId>
        </identifiers>
        <district>5</district>
        <middleName />
        <sponsorshipWithdrawnDate />
        <fullName>Rep. Lewis, John [D-GA-5]</fullName>
        <sponsorshipDate>2017-10-27</sponsorshipDate>
        <state>GA</state>
        <firstName>JOHN</firstName>
        <party>D</party>
      </item>
      <item>
        <bioguideId>S000185</bioguideId>
        <lastName>Scott</lastName>
        <isOriginalCosponsor>True</isOriginalCosponsor>
        <identifiers>
          <lisID>1037</lisID>
          <bioguideId>S000185</bioguideId>
          <gpoId>8194</gpoId>
        </identifiers>
        <district>3</district>
        <middleName>C. "Bobby"</middleName>
        <sponsorshipWithdrawnDate />
        <fullName>Rep. Scott, Robert C. "Bobby" [D-VA-3]</fullName>
        <sponsorshipDate>2017-10-27</sponsorshipDate>
        <state>VA</state>
        <firstName>Robert</firstName>
        <party>D</party>
      </item>
      <item>
        <bioguideId>J000288</bioguideId>
        <lastName>Johnson</lastName>
        <isOriginalCosponsor>True</isOriginalCosponsor>
        <identifiers>
          <lisID>1843</lisID>
          <bioguideId>J000288</bioguideId>
          <gpoId>7901</gpoId>
        </identifiers>
        <district>4</district>
        <middleName>C. "Hank"</middleName>
        <sponsorshipWithdrawnDate />
        <fullName>Rep. Johnson, Henry C. "Hank," Jr. [D-GA-4]</fullName>
        <sponsorshipDate>2017-10-27</sponsorshipDate>
        <state>GA</state>
        <firstName>Henry</firstName>
        <party>D</party>
      </item>
      <item>
        <bioguideId>H000324</bioguideId>
        <lastName>HASTINGS</lastName>
        <isOriginalCosponsor>True</isOriginalCosponsor>
        <identifiers>
          <bioguideId>H000324</bioguideId>
          <lisID>511</lisID>
          <gpoId>7895</gpoId>
        </identifiers>
        <district>20</district>
        <middleName>L.</middleName>
        <sponsorshipWithdrawnDate />
        <fullName>Rep. Hastings, Alcee L. [D-FL-20]</fullName>
        <sponsorshipDate>2017-10-27</sponsorshipDate>
        <state>FL</state>
        <firstName>ALCEE</firstName>
        <party>D</party>
      </item>
      <item>
        <bioguideId>C001061</bioguideId>
        <lastName>Cleaver</lastName>
        <isOriginalCosponsor>True</isOriginalCosponsor>
        <identifiers>
          <lisID>1790</lisID>
          <bioguideId>C001061</bioguideId>
          <gpoId>8013</gpoId>
        </identifiers>
        <district>5</district>
        <middleName />
        <sponsorshipWithdrawnDate />
        <fullName>Rep. Cleaver, Emanuel [D-MO-5]</fullName>
        <sponsorshipDate>2017-10-27</sponsorshipDate>
        <state>MO</state>
        <firstName>Emanuel</firstName>
        <party>D</party>
      </item>
      <item>
        <bioguideId>C001049</bioguideId>
        <lastName>CLAY</lastName>
        <isOriginalCosponsor>True</isOriginalCosponsor>
        <identifiers>
          <lisID>1654</lisID>
          <bioguideId>C001049</bioguideId>
          <gpoId>8009</gpoId>
        </identifiers>
        <district>1</district>
        <middleName>LACY</middleName>
        <sponsorshipWithdrawnDate />
        <fullName>Rep. Clay, Wm. Lacy [D-MO-1]</fullName>
        <sponsorshipDate>2017-10-27</sponsorshipDate>
        <state>MO</state>
        <firstName>WM.</firstName>
        <party>D</party>
      </item>
      <item>
        <bioguideId>B001251</bioguideId>
        <lastName>Butterfield</lastName>
        <isOriginalCosponsor>True</isOriginalCosponsor>
        <identifiers>
          <bioguideId>B001251</bioguideId>
          <lisID>1761</lisID>
          <gpoId>8024</gpoId>
        </identifiers>
        <district>1</district>
        <middleName />
        <sponsorshipWithdrawnDate />
        <fullName>Rep. Butterfield, G. K. [D-NC-1]</fullName>
        <sponsorshipDate>2017-10-27</sponsorshipDate>
        <state>NC</state>
        <firstName>G. K.</firstName>
        <party>D</party>
      </item>
      <item>
        <bioguideId>V000131</bioguideId>
        <lastName>Veasey</lastName>
        <isOriginalCosponsor>True</isOriginalCosponsor>
        <identifiers>
          <lisID>2166</lisID>
          <gpoId />
          <bioguideId>V000131</bioguideId>
        </identifiers>
        <district>33</district>
        <middleName>A.</middleName>
        <sponsorshipWithdrawnDate />
        <fullName>Rep. Veasey, Marc A. [D-TX-33]</fullName>
        <sponsorshipDate>2017-10-27</sponsorshipDate>
        <state>TX</state>
        <firstName>Marc</firstName>
        <party>D</party>
      </item>
      <item>
        <bioguideId>J000032</bioguideId>
        <lastName>JACKSON LEE</lastName>
        <isOriginalCosponsor>True</isOriginalCosponsor>
        <identifiers>
          <lisID>588</lisID>
          <gpoId>8174</gpoId>
          <bioguideId>J000032</bioguideId>
        </identifiers>
        <district>18</district>
        <middleName />
        <sponsorshipWithdrawnDate />
        <fullName>Rep. Jackson Lee, Sheila [D-TX-18]</fullName>
        <sponsorshipDate>2017-10-27</sponsorshipDate>
        <state>TX</state>
        <firstName>SHEILA</firstName>
        <party>D</party>
      </item>
      <item>
        <bioguideId>P000604</bioguideId>
        <lastName>Payne</lastName>
        <isOriginalCosponsor>True</isOriginalCosponsor>
        <identifiers>
          <lisID>2097</lisID>
          <bioguideId>P000604</bioguideId>
          <gpoId>8373</gpoId>
        </identifiers>
        <district>10</district>
        <middleName>M.</middleName>
        <sponsorshipWithdrawnDate />
        <fullName>Rep. Payne, Donald M., Jr. [D-NJ-10]</fullName>
        <sponsorshipDate>2017-10-27</sponsorshipDate>
        <state>NJ</state>
        <firstName>Donald</firstName>
        <party>D</party>
      </item>
      <item>
        <bioguideId>L000586</bioguideId>
        <lastName>Lawson</lastName>
        <isOriginalCosponsor>True</isOriginalCosponsor>
        <identifiers>
          <bioguideId>L000586</bioguideId>
          <lisID>2317</lisID>
          <gpoId />
        </identifiers>
        <district>5</district>
        <middleName />
        <sponsorshipWithdrawnDate />
        <fullName>Rep. Lawson, Al, Jr. [D-FL-5]</fullName>
        <sponsorshipDate>2017-10-27</sponsorshipDate>
        <state>FL</state>
        <firstName>Al</firstName>
        <party>D</party>
      </item>
      <item>
        <bioguideId>E000296</bioguideId>
        <lastName>Evans</lastName>
        <isOriginalCosponsor>True</isOriginalCosponsor>
        <identifiers>
          <lisID>2298</lisID>
          <bioguideId>E000296</bioguideId>
          <gpoId />
        </identifiers>
        <district>2</district>
        <middleName />
        <sponsorshipWithdrawnDate />
        <fullName>Rep. Evans, Dwight [D-PA-2]</fullName>
        <sponsorshipDate>2017-10-27</sponsorshipDate>
        <state>PA</state>
        <firstName>Dwight</firstName>
        <party>D</party>
      </item>
      <item>
        <bioguideId>T000193</bioguideId>
        <lastName>THOMPSON</lastName>
        <isOriginalCosponsor>True</isOriginalCosponsor>
        <identifiers>
          <bioguideId>T000193</bioguideId>
          <lisID>1151</lisID>
          <gpoId>8020</gpoId>
        </identifiers>
        <district>2</district>
        <middleName />
        <sponsorshipWithdrawnDate />
        <fullName>Rep. Thompson, Bennie G. [D-MS-2]</fullName>
        <sponsorshipDate>2017-10-27</sponsorshipDate>
        <state>MS</state>
        <firstName>BENNIE</firstName>
        <party>D</party>
      </item>
      <item>
        <bioguideId>C000537</bioguideId>
        <lastName>CLYBURN</lastName>
        <isOriginalCosponsor>True</isOriginalCosponsor>
        <identifiers>
          <lisID>208</lisID>
          <bioguideId>C000537</bioguideId>
          <gpoId>8146</gpoId>
        </identifiers>
        <district>6</district>
        <middleName>E.</middleName>
        <sponsorshipWithdrawnDate />
        <fullName>Rep. Clyburn, James E. [D-SC-6]</fullName>
        <sponsorshipDate>2017-10-27</sponsorshipDate>
        <state>SC</state>
        <firstName>JAMES</firstName>
        <party>D</party>
      </item>
      <item>
        <bioguideId>G000553</bioguideId>
        <lastName>Green</lastName>
        <isOriginalCosponsor>True</isOriginalCosponsor>
        <identifiers>
          <bioguideId>G000553</bioguideId>
          <lisID>1803</lisID>
          <gpoId>8165</gpoId>
        </identifiers>
        <district>9</district>
        <middleName />
        <sponsorshipWithdrawnDate />
        <fullName>Rep. Green, Al [D-TX-9]</fullName>
        <sponsorshipDate>2017-10-27</sponsorshipDate>
        <state>TX</state>
        <firstName>Al</firstName>
        <party>D</party>
      </item>
      <item>
        <bioguideId>F000455</bioguideId>
        <lastName>Fudge</lastName>
        <isOriginalCosponsor>True</isOriginalCosponsor>
        <identifiers>
          <bioguideId>F000455</bioguideId>
          <lisID>1895</lisID>
          <gpoId>8101</gpoId>
        </identifiers>
        <district>11</district>
        <middleName>L.</middleName>
        <sponsorshipWithdrawnDate />
        <fullName>Rep. Fudge, Marcia L. [D-OH-11]</fullName>
        <sponsorshipDate>2017-10-27</sponsorshipDate>
        <state>OH</state>
        <firstName>Marcia</firstName>
        <party>D</party>
      </item>
      <item>
        <bioguideId>C001067</bioguideId>
        <lastName>Clarke</lastName>
        <isOriginalCosponsor>True</isOriginalCosponsor>
        <identifiers>
          <lisID>1864</lisID>
          <gpoId>8072</gpoId>
          <bioguideId>C001067</bioguideId>
        </identifiers>
        <district>9</district>
        <middleName>D.</middleName>
        <sponsorshipWithdrawnDate />
        <fullName>Rep. Clarke, Yvette D. [D-NY-9]</fullName>
        <sponsorshipDate>2017-10-27</sponsorshipDate>
        <state>NY</state>
        <firstName>Yvette</firstName>
        <party>D</party>
      </item>
      <item>
        <bioguideId>M001160</bioguideId>
        <lastName>Moore</lastName>
        <isOriginalCosponsor>True</isOriginalCosponsor>
        <identifiers>
          <lisID>1811</lisID>
          <bioguideId>M001160</bioguideId>
          <gpoId>8217</gpoId>
        </identifiers>
        <district>4</district>
        <middleName />
        <sponsorshipWithdrawnDate />
        <fullName>Rep. Moore, Gwen [D-WI-4]</fullName>
        <sponsorshipDate>2017-10-27</sponsorshipDate>
        <state>WI</state>
        <firstName>Gwen</firstName>
        <party>D</party>
      </item>
      <item>
        <bioguideId>C001072</bioguideId>
        <lastName>Carson</lastName>
        <isOriginalCosponsor>True</isOriginalCosponsor>
        <identifiers>
          <gpoId>7946</gpoId>
          <lisID>1889</lisID>
          <bioguideId>C001072</bioguideId>
        </identifiers>
        <district>7</district>
        <middleName />
        <sponsorshipWithdrawnDate />
        <fullName>Rep. Carson, Andre [D-IN-7]</fullName>
        <sponsorshipDate>2017-10-27</sponsorshipDate>
        <state>IN</state>
        <firstName>Andre</firstName>
        <party>D</party>
      </item>
      <item>
        <bioguideId>R000588</bioguideId>
        <lastName>Richmond</lastName>
        <isOriginalCosponsor>True</isOriginalCosponsor>
        <identifiers>
          <lisID>2023</lisID>
          <gpoId>7960</gpoId>
          <bioguideId>R000588</bioguideId>
        </identifiers>
        <district>2</district>
        <middleName>L.</middleName>
        <sponsorshipWithdrawnDate />
        <fullName>Rep. Richmond, Cedric L. [D-LA-2]</fullName>
        <sponsorshipDate>2017-10-27</sponsorshipDate>
        <state>LA</state>
        <firstName>Cedric</firstName>
        <party>D</party>
      </item>
      <item>
        <bioguideId>B001270</bioguideId>
        <lastName>Bass</lastName>
        <isOriginalCosponsor>True</isOriginalCosponsor>
        <identifiers>
          <lisID>1996</lisID>
          <gpoId>7838</gpoId>
          <bioguideId>B001270</bioguideId>
        </identifiers>
        <district>37</district>
        <middleName />
        <sponsorshipWithdrawnDate />
        <fullName>Rep. Bass, Karen [D-CA-37]</fullName>
        <sponsorshipDate>2017-10-27</sponsorshipDate>
        <state>CA</state>
        <firstName>Karen</firstName>
        <party>D</party>
      </item>
      <item>
        <bioguideId>B001281</bioguideId>
        <lastName>Beatty</lastName>
        <isOriginalCosponsor>True</isOriginalCosponsor>
        <identifiers>
          <lisID>2153</lisID>
          <bioguideId>B001281</bioguideId>
          <gpoId />
        </identifiers>
        <district>3</district>
        <middleName />
        <sponsorshipWithdrawnDate />
        <fullName>Rep. Beatty, Joyce [D-OH-3]</fullName>
        <sponsorshipDate>2017-10-27</sponsorshipDate>
        <state>OH</state>
        <firstName>Joyce</firstName>
        <party>D</party>
      </item>
      <item>
        <bioguideId>C001101</bioguideId>
        <lastName>Clark</lastName>
        <isOriginalCosponsor>True</isOriginalCosponsor>
        <identifiers>
          <bioguideId>C001101</bioguideId>
          <gpoId />
          <lisID>2196</lisID>
        </identifiers>
        <district>5</district>
        <middleName>M.</middleName>
        <sponsorshipWithdrawnDate />
        <fullName>Rep. Clark, Katherine M. [D-MA-5]</fullName>
        <sponsorshipDate>2017-10-27</sponsorshipDate>
        <state>MA</state>
        <firstName>Katherine</firstName>
        <party>D</party>
      </item>
      <item>
        <bioguideId>W000797</bioguideId>
        <lastName>Wasserman Schultz</lastName>
        <isOriginalCosponsor>False</isOriginalCosponsor>
        <identifiers>
          <bioguideId>W000797</bioguideId>
          <lisID>1777</lisID>
          <gpoId>7892</gpoId>
        </identifiers>
        <district>23</district>
        <middleName />
        <sponsorshipWithdrawnDate />
        <fullName>Rep. Wasserman Schultz, Debbie [D-FL-23]</fullName>
        <sponsorshipDate>2017-10-31</sponsorshipDate>
        <state>FL</state>
        <firstName>Debbie</firstName>
        <party>D</party>
      </item>
      <item>
        <bioguideId>N000147</bioguideId>
        <lastName>NORTON</lastName>
        <isOriginalCosponsor>False</isOriginalCosponsor>
        <identifiers>
          <bioguideId>N000147</bioguideId>
          <lisID>868</lisID>
          <gpoId>7871</gpoId>
        </identifiers>
        <district>0</district>
        <middleName>HOLMES</middleName>
        <sponsorshipWithdrawnDate />
        <fullName>Rep. Norton, Eleanor Holmes [D-DC-At Large]</fullName>
        <sponsorshipDate>2017-10-31</sponsorshipDate>
        <state>DC</state>
        <firstName>ELEANOR</firstName>
        <party>D</party>
      </item>
      <item>
        <bioguideId>M001196</bioguideId>
        <lastName>Moulton</lastName>
        <isOriginalCosponsor>False</isOriginalCosponsor>
        <identifiers>
          <lisID>2246</lisID>
          <gpoId />
          <bioguideId>M001196</bioguideId>
        </identifiers>
        <district>6</district>
        <middleName />
        <sponsorshipWithdrawnDate />
        <fullName>Rep. Moulton, Seth [D-MA-6]</fullName>
        <sponsorshipDate>2017-10-31</sponsorshipDate>
        <state>MA</state>
        <firstName>Seth</firstName>
        <party>D</party>
      </item>
      <item>
        <bioguideId>L000584</bioguideId>
        <lastName>Love</lastName>
        <isOriginalCosponsor>False</isOriginalCosponsor>
        <identifiers>
          <lisID>2271</lisID>
          <bioguideId>L000584</bioguideId>
          <gpoId />
        </identifiers>
        <district>4</district>
        <middleName>B.</middleName>
        <sponsorshipWithdrawnDate />
        <fullName>Rep. Love, Mia B. [R-UT-4]</fullName>
        <sponsorshipDate>2017-10-31</sponsorshipDate>
        <state>UT</state>
        <firstName>Mia</firstName>
        <party>R</party>
      </item>
      <item>
        <bioguideId>C001107</bioguideId>
        <lastName>Curbelo</lastName>
        <isOriginalCosponsor>False</isOriginalCosponsor>
        <identifiers>
          <bioguideId>C001107</bioguideId>
          <lisID>2235</lisID>
          <gpoId />
        </identifiers>
        <district>26</district>
        <middleName />
        <sponsorshipWithdrawnDate />
        <fullName>Rep. Curbelo, Carlos [R-FL-26]</fullName>
        <sponsorshipDate>2017-10-31</sponsorshipDate>
        <state>FL</state>
        <firstName>Carlos</firstName>
        <party>R</party>
      </item>
      <item>
        <bioguideId>M000312</bioguideId>
        <lastName>MCGOVERN</lastName>
        <isOriginalCosponsor>False</isOriginalCosponsor>
        <identifiers>
          <bioguideId>M000312</bioguideId>
          <gpoId>7968</gpoId>
          <lisID>1504</lisID>
        </identifiers>
        <district>2</district>
        <middleName>P.</middleName>
        <sponsorshipWithdrawnDate />
        <fullName>Rep. McGovern, James P. [D-MA-2]</fullName>
        <sponsorshipDate>2017-10-31</sponsorshipDate>
        <state>MA</state>
        <firstName>JAMES</firstName>
        <party>D</party>
      </item>
      <item>
        <bioguideId>C001066</bioguideId>
        <lastName>Castor</lastName>
        <isOriginalCosponsor>False</isOriginalCosponsor>
        <identifiers>
          <lisID>1839</lisID>
          <gpoId>7883</gpoId>
          <bioguideId>C001066</bioguideId>
        </identifiers>
        <district>14</district>
        <middleName />
        <sponsorshipWithdrawnDate />
        <fullName>Rep. Castor, Kathy [D-FL-14]</fullName>
        <sponsorshipDate>2017-10-31</sponsorshipDate>
        <state>FL</state>
        <firstName>Kathy</firstName>
        <party>D</party>
      </item>
    </cosponsors>
    <introducedDate>2017-10-27</introducedDate>
    <congress>115</congress>
    <subjects>
      <billSubjects>
        <policyArea>
          <name>International Affairs</name>
        </policyArea>
        <legislativeSubjects>
          <item>
            <name>Caribbean area</name>
          </item>
          <item>
            <name>Foreign labor</name>
          </item>
          <item>
            <name>Haiti</name>
          </item>
          <item>
            <name>Health care coverage and access</name>
          </item>
          <item>
            <name>Health promotion and preventive care</name>
          </item>
          <item>
            <name>Immigration status and procedures</name>
          </item>
          <item>
            <name>Infectious and parasitic diseases</name>
          </item>
          <item>
            <name>Latin America</name>
          </item>
          <item>
            <name>Natural disasters</name>
          </item>
          <item>
            <name>Reconstruction and stabilization</name>
          </item>
          <item>
            <name>Solid waste and recycling</name>
          </item>
          <item>
            <name>Sovereignty, recognition, national governance and status</name>
          </item>
          <item>
            <name>United Nations</name>
          </item>
          <item>
            <name>Water use and supply</name>
          </item>
        </legislativeSubjects>
      </billSubjects>
    </subjects>
  </bill>
  <dublinCore xmlns:dc="http://purl.org/dc/elements/1.1/">
    <dc:format>text/xml</dc:format>
    <dc:language>EN</dc:language>
    <dc:rights>Pursuant to Title 17 Section 105 of the United States Code, this file is not subject to copyright protection and is in the public domain.</dc:rights>
    <dc:contributor>Congressional Research Service, Library of Congress</dc:contributor>
    <dc:description>This file contains bill summaries and statuses for federal legislation. A bill summary describes the most significant provisions of a piece of legislation and details the effects the legislative text may have on current law and federal programs. Bill summaries are authored by the Congressional Research Service (CRS) of the Library of Congress. As stated in Public Law 91-510 (2 USC 166 (d)(6)), one of the duties of CRS is "to prepare summaries and digests of bills and resolutions of a public general nature introduced in the Senate or House of Representatives". For more information, refer to the User Guide that accompanies this file.</dc:description>
  </dublinCore>
</billStatus>

