<?xml version="1.0" encoding="UTF-8"?>
<billStatus>
  <bill>
    <notes />
    <title>Expressing the sense of Congress that those who served in the bays, harbors, and territorial seas of the Republic of Vietnam during the period beginning on January 9, 1962, and ending on May 7, 1975, should be presumed to have served in the Republic of Vietnam for all purposes under the Agent Orange Act of 1991.</title>
    <committees>
      <billCommittees>
        <item>
          <type>Standing</type>
          <name>Veterans' Affairs Committee</name>
          <systemCode>hsvr00</systemCode>
          <chamber>House</chamber>
          <activities>
            <item>
              <name>Referred to</name>
              <date>2017-04-04T14:00:44Z</date>
            </item>
          </activities>
          <subcommittees>
            <item>
              <name>Disability Assistance and Memorial Affairs Subcommittee</name>
              <systemCode>hsvr09</systemCode>
              <activities>
                <item>
                  <name>Referred to</name>
                  <date>2017-04-04T17:34:03Z</date>
                </item>
              </activities>
            </item>
          </subcommittees>
        </item>
      </billCommittees>
    </committees>
    <committeeReports />
    <cboCostEstimates />
    <congress>115</congress>
    <laws />
    <updateDate>2018-08-28T19:53:18Z</updateDate>
    <relatedBills>
      <item>
        <latestTitle>A concurrent resolution expressing the sense of Congress that those who served in the bays, harbors, and territorial seas of the Republic of Vietnam during the period beginning on January 9, 1962, and ending on May 7, 1975, should be presumed to have served in the Republic of Vietnam for all purposes under the Agent Orange Act of 1991.</latestTitle>
        <number>12</number>
        <latestAction>
          <text>Referred to the Committee on Veterans' Affairs. (text of measure as introduced: CR S2219-2220)</text>
          <actionDate>2017-04-04</actionDate>
        </latestAction>
        <type>SCONRES</type>
        <congress>115</congress>
        <relationshipDetails>
          <item>
            <identifiedBy>CRS</identifiedBy>
            <type>Identical bill</type>
          </item>
        </relationshipDetails>
      </item>
    </relatedBills>
    <version>1.0.0</version>
    <actions>
      <item>
        <actionDate>2017-04-04</actionDate>
        <committee>
          <systemCode>hsvr09</systemCode>
          <name>Disability Assistance and Memorial Affairs Subcommittee</name>
        </committee>
        <links />
        <sourceSystem>
          <code>1</code>
          <name>House committee actions</name>
        </sourceSystem>
        <text>Referred to the Subcommittee on Disability Assistance and Memorial Affairs.</text>
        <type>Committee</type>
      </item>
      <item>
        <text>Referred to the House Committee on Veterans' Affairs.</text>
        <type>IntroReferral</type>
        <committee>
          <systemCode>hsvr00</systemCode>
          <name>Veterans' Affairs Committee</name>
        </committee>
        <actionDate>2017-04-04</actionDate>
        <links />
        <actionCode>H11100</actionCode>
        <sourceSystem>
          <code>2</code>
          <name>House floor actions</name>
        </sourceSystem>
      </item>
      <item>
        <text>Introduced in House</text>
        <type>IntroReferral</type>
        <committee />
        <actionDate>2017-04-04</actionDate>
        <links />
        <actionCode>Intro-H</actionCode>
        <sourceSystem>
          <code>9</code>
          <name>Library of Congress</name>
        </sourceSystem>
      </item>
      <item>
        <text>Introduced in House</text>
        <type>IntroReferral</type>
        <committee />
        <actionDate>2017-04-04</actionDate>
        <links />
        <actionCode>1000</actionCode>
        <sourceSystem>
          <code>9</code>
          <name>Library of Congress</name>
        </sourceSystem>
      </item>
      <actionByCounts>
        <houseOfRepresentatives>4</houseOfRepresentatives>
      </actionByCounts>
      <actionTypeCounts>
        <introducedInHouse>1</introducedInHouse>
        <placeholderTextForH>1</placeholderTextForH>
        <billReferrals>1</billReferrals>
        <introducedInTheHouse>1</introducedInTheHouse>
      </actionTypeCounts>
    </actions>
    <sponsors>
      <item>
        <fullName>Rep. Stefanik, Elise M. [R-NY-21]</fullName>
        <identifiers>
          <lisID>2263</lisID>
          <bioguideId>S001196</bioguideId>
          <gpoId />
        </identifiers>
        <bioguideId>S001196</bioguideId>
        <lastName>Stefanik</lastName>
        <firstName>Elise</firstName>
        <party>R</party>
        <byRequestType />
        <middleName>M.</middleName>
        <state>NY</state>
        <district>21</district>
      </item>
    </sponsors>
    <billType>HCONRES</billType>
    <constitutionalAuthorityStatementText />
    <policyArea>
      <name>Armed Forces and National Security</name>
    </policyArea>
    <recordedVotes />
    <billNumber>45</billNumber>
    <titles>
      <item>
        <title>Expressing the sense of Congress that those who served in the bays, harbors, and territorial seas of the Republic of Vietnam during the period beginning on January 9, 1962, and ending on May 7, 1975, should be presumed to have served in the Republic of Vietnam for all purposes under the Agent Orange Act of 1991.</title>
        <chamberCode />
        <titleType>Official Title as Introduced</titleType>
        <parentTitleType />
        <chamberName />
      </item>
      <item>
        <title>Expressing the sense of Congress that those who served in the bays, harbors, and territorial seas of the Republic of Vietnam during the period beginning on January 9, 1962, and ending on May 7, 1975, should be presumed to have served in the Republic of Vietnam for all purposes under the Agent Orange Act of 1991.</title>
        <chamberCode />
        <titleType>Display Title</titleType>
        <parentTitleType />
        <chamberName />
      </item>
    </titles>
    <originChamber>House</originChamber>
    <subjects>
      <billSubjects>
        <policyArea>
          <name>Armed Forces and National Security</name>
        </policyArea>
        <legislativeSubjects>
          <item>
            <name>Administrative remedies</name>
          </item>
          <item>
            <name>Asia</name>
          </item>
          <item>
            <name>Conflicts and wars</name>
          </item>
          <item>
            <name>Department of Veterans Affairs</name>
          </item>
          <item>
            <name>Disability and paralysis</name>
          </item>
          <item>
            <name>Hazardous wastes and toxic substances</name>
          </item>
          <item>
            <name>Veterans' medical care</name>
          </item>
          <item>
            <name>Veterans' pensions and compensation</name>
          </item>
          <item>
            <name>Vietnam</name>
          </item>
        </legislativeSubjects>
      </billSubjects>
    </subjects>
    <cosponsors>
      <item>
        <lastName>Valadao</lastName>
        <state>CA</state>
        <firstName>David</firstName>
        <sponsorshipDate>2017-04-04</sponsorshipDate>
        <district>21</district>
        <fullName>Rep. Valadao, David G. [R-CA-21]</fullName>
        <identifiers>
          <lisID>2105</lisID>
          <bioguideId>V000129</bioguideId>
          <gpoId />
        </identifiers>
        <bioguideId>V000129</bioguideId>
        <sponsorshipWithdrawnDate />
        <party>R</party>
        <isOriginalCosponsor>True</isOriginalCosponsor>
        <middleName>G.</middleName>
      </item>
      <item>
        <lastName>Ross</lastName>
        <state>FL</state>
        <firstName>Dennis</firstName>
        <sponsorshipDate>2017-04-04</sponsorshipDate>
        <district>15</district>
        <fullName>Rep. Ross, Dennis A. [R-FL-15]</fullName>
        <identifiers>
          <bioguideId>R000593</bioguideId>
          <lisID>2003</lisID>
          <gpoId>7884</gpoId>
        </identifiers>
        <bioguideId>R000593</bioguideId>
        <sponsorshipWithdrawnDate />
        <party>R</party>
        <isOriginalCosponsor>True</isOriginalCosponsor>
        <middleName>A.</middleName>
      </item>
      <item>
        <lastName>JONES</lastName>
        <state>NC</state>
        <firstName>WALTER</firstName>
        <sponsorshipDate>2017-04-04</sponsorshipDate>
        <district>3</district>
        <fullName>Rep. Jones, Walter B., Jr. [R-NC-3]</fullName>
        <identifiers>
          <bioguideId>J000255</bioguideId>
          <lisID>612</lisID>
          <gpoId>8026</gpoId>
        </identifiers>
        <bioguideId>J000255</bioguideId>
        <sponsorshipWithdrawnDate />
        <party>R</party>
        <isOriginalCosponsor>True</isOriginalCosponsor>
        <middleName>B.</middleName>
      </item>
      <item>
        <lastName>Yoho</lastName>
        <state>FL</state>
        <firstName>Ted</firstName>
        <sponsorshipDate>2017-04-04</sponsorshipDate>
        <district>3</district>
        <fullName>Rep. Yoho, Ted S. [R-FL-3]</fullName>
        <identifiers>
          <bioguideId>Y000065</bioguideId>
          <lisID>2115</lisID>
          <gpoId />
        </identifiers>
        <bioguideId>Y000065</bioguideId>
        <sponsorshipWithdrawnDate />
        <party>R</party>
        <isOriginalCosponsor>True</isOriginalCosponsor>
        <middleName>S.</middleName>
      </item>
      <item>
        <lastName>Rice</lastName>
        <state>NY</state>
        <firstName>Kathleen</firstName>
        <sponsorshipDate>2017-04-04</sponsorshipDate>
        <district>4</district>
        <fullName>Rep. Rice, Kathleen M. [D-NY-4]</fullName>
        <identifiers>
          <lisID>2262</lisID>
          <bioguideId>R000602</bioguideId>
          <gpoId />
        </identifiers>
        <bioguideId>R000602</bioguideId>
        <sponsorshipWithdrawnDate />
        <party>D</party>
        <isOriginalCosponsor>True</isOriginalCosponsor>
        <middleName>M.</middleName>
      </item>
      <item>
        <lastName>Lance</lastName>
        <state>NJ</state>
        <firstName>Leonard</firstName>
        <sponsorshipDate>2017-04-04</sponsorshipDate>
        <district>7</district>
        <fullName>Rep. Lance, Leonard [R-NJ-7]</fullName>
        <identifiers>
          <lisID>1936</lisID>
          <bioguideId>L000567</bioguideId>
          <gpoId>8049</gpoId>
        </identifiers>
        <bioguideId>L000567</bioguideId>
        <sponsorshipWithdrawnDate />
        <party>R</party>
        <isOriginalCosponsor>True</isOriginalCosponsor>
        <middleName />
      </item>
      <item>
        <lastName>Walz</lastName>
        <state>MN</state>
        <firstName>Timothy</firstName>
        <sponsorshipDate>2017-04-04</sponsorshipDate>
        <district>1</district>
        <fullName>Rep. Walz, Timothy J. [D-MN-1]</fullName>
        <identifiers>
          <lisID>1856</lisID>
          <gpoId>8001</gpoId>
          <bioguideId>W000799</bioguideId>
        </identifiers>
        <bioguideId>W000799</bioguideId>
        <sponsorshipWithdrawnDate />
        <party>D</party>
        <isOriginalCosponsor>True</isOriginalCosponsor>
        <middleName>J.</middleName>
      </item>
      <item>
        <lastName>Courtney</lastName>
        <state>CT</state>
        <firstName>Joe</firstName>
        <sponsorshipDate>2017-04-04</sponsorshipDate>
        <district>2</district>
        <fullName>Rep. Courtney, Joe [D-CT-2]</fullName>
        <identifiers>
          <bioguideId>C001069</bioguideId>
          <lisID>1836</lisID>
          <gpoId>7867</gpoId>
        </identifiers>
        <bioguideId>C001069</bioguideId>
        <sponsorshipWithdrawnDate />
        <party>D</party>
        <isOriginalCosponsor>True</isOriginalCosponsor>
        <middleName />
      </item>
      <item>
        <lastName>DELAURO</lastName>
        <state>CT</state>
        <firstName>ROSA</firstName>
        <sponsorshipDate>2017-04-04</sponsorshipDate>
        <district>3</district>
        <fullName>Rep. DeLauro, Rosa L. [D-CT-3]</fullName>
        <identifiers>
          <bioguideId>D000216</bioguideId>
          <lisID>281</lisID>
          <gpoId>7868</gpoId>
        </identifiers>
        <bioguideId>D000216</bioguideId>
        <sponsorshipWithdrawnDate />
        <party>D</party>
        <isOriginalCosponsor>True</isOriginalCosponsor>
        <middleName />
      </item>
      <item>
        <lastName>Himes</lastName>
        <state>CT</state>
        <firstName>James</firstName>
        <sponsorshipDate>2017-04-04</sponsorshipDate>
        <district>4</district>
        <fullName>Rep. Himes, James A. [D-CT-4]</fullName>
        <identifiers>
          <bioguideId>H001047</bioguideId>
          <gpoId>7869</gpoId>
          <lisID>1913</lisID>
        </identifiers>
        <bioguideId>H001047</bioguideId>
        <sponsorshipWithdrawnDate />
        <party>D</party>
        <isOriginalCosponsor>True</isOriginalCosponsor>
        <middleName>A.</middleName>
      </item>
      <item>
        <lastName>Blackburn</lastName>
        <state>TN</state>
        <firstName>Marsha</firstName>
        <sponsorshipDate>2017-04-04</sponsorshipDate>
        <district>7</district>
        <fullName>Rep. Blackburn, Marsha [R-TN-7]</fullName>
        <identifiers>
          <gpoId>8154</gpoId>
          <lisID>1748</lisID>
          <bioguideId>B001243</bioguideId>
        </identifiers>
        <bioguideId>B001243</bioguideId>
        <sponsorshipWithdrawnDate />
        <party>R</party>
        <isOriginalCosponsor>True</isOriginalCosponsor>
        <middleName />
      </item>
      <item>
        <lastName>LOBIONDO</lastName>
        <state>NJ</state>
        <firstName>FRANK</firstName>
        <sponsorshipDate>2017-04-04</sponsorshipDate>
        <district>2</district>
        <fullName>Rep. LoBiondo, Frank A. [R-NJ-2]</fullName>
        <identifiers>
          <lisID>699</lisID>
          <bioguideId>L000554</bioguideId>
          <gpoId>8044</gpoId>
        </identifiers>
        <bioguideId>L000554</bioguideId>
        <sponsorshipWithdrawnDate />
        <party>R</party>
        <isOriginalCosponsor>True</isOriginalCosponsor>
        <middleName>A.</middleName>
      </item>
      <item>
        <lastName>Gonzalez-Colon</lastName>
        <state>PR</state>
        <firstName>Jenniffer</firstName>
        <sponsorshipDate>2017-04-04</sponsorshipDate>
        <district>0</district>
        <fullName>Rep. Gonzalez-Colon, Jenniffer [R-PR-At Large]</fullName>
        <identifiers>
          <bioguideId>G000582</bioguideId>
          <lisID>2347</lisID>
          <gpoId />
        </identifiers>
        <bioguideId>G000582</bioguideId>
        <sponsorshipWithdrawnDate />
        <party>R</party>
        <isOriginalCosponsor>True</isOriginalCosponsor>
        <middleName />
      </item>
      <item>
        <lastName>Tenney</lastName>
        <state>NY</state>
        <firstName>Claudia</firstName>
        <sponsorshipDate>2017-04-04</sponsorshipDate>
        <district>22</district>
        <fullName>Rep. Tenney, Claudia [R-NY-22]</fullName>
        <identifiers>
          <lisID>2344</lisID>
          <gpoId />
          <bioguideId>T000478</bioguideId>
        </identifiers>
        <bioguideId>T000478</bioguideId>
        <sponsorshipWithdrawnDate />
        <party>R</party>
        <isOriginalCosponsor>True</isOriginalCosponsor>
        <middleName />
      </item>
      <item>
        <lastName>Raskin</lastName>
        <state>MD</state>
        <firstName>Jamie</firstName>
        <sponsorshipDate>2017-04-04</sponsorshipDate>
        <district>8</district>
        <fullName>Rep. Raskin, Jamie [D-MD-8]</fullName>
        <identifiers>
          <lisID>2332</lisID>
          <gpoId />
          <bioguideId>R000606</bioguideId>
        </identifiers>
        <bioguideId>R000606</bioguideId>
        <sponsorshipWithdrawnDate />
        <party>D</party>
        <isOriginalCosponsor>True</isOriginalCosponsor>
        <middleName />
      </item>
      <item>
        <lastName>Hanabusa</lastName>
        <state>HI</state>
        <firstName>Colleen</firstName>
        <sponsorshipDate>2017-04-04</sponsorshipDate>
        <district>1</district>
        <fullName>Rep. Hanabusa, Colleen [D-HI-1]</fullName>
        <identifiers>
          <bioguideId>H001050</bioguideId>
          <lisID>2010</lisID>
          <gpoId>7912</gpoId>
        </identifiers>
        <bioguideId>H001050</bioguideId>
        <sponsorshipWithdrawnDate />
        <party>D</party>
        <isOriginalCosponsor>True</isOriginalCosponsor>
        <middleName />
      </item>
      <item>
        <lastName>Costello</lastName>
        <state>PA</state>
        <firstName>Ryan</firstName>
        <sponsorshipDate>2017-04-04</sponsorshipDate>
        <district>6</district>
        <fullName>Rep. Costello, Ryan A. [R-PA-6]</fullName>
        <identifiers>
          <bioguideId>C001106</bioguideId>
          <lisID>2266</lisID>
          <gpoId />
        </identifiers>
        <bioguideId>C001106</bioguideId>
        <sponsorshipWithdrawnDate />
        <party>R</party>
        <isOriginalCosponsor>True</isOriginalCosponsor>
        <middleName>A.</middleName>
      </item>
      <item>
        <lastName>Crist</lastName>
        <state>FL</state>
        <firstName>Charlie</firstName>
        <sponsorshipDate>2017-04-04</sponsorshipDate>
        <district>13</district>
        <fullName>Rep. Crist, Charlie [D-FL-13]</fullName>
        <identifiers>
          <lisID>2321</lisID>
          <bioguideId>C001111</bioguideId>
          <gpoId />
        </identifiers>
        <bioguideId>C001111</bioguideId>
        <sponsorshipWithdrawnDate />
        <party>D</party>
        <isOriginalCosponsor>True</isOriginalCosponsor>
        <middleName />
      </item>
      <item>
        <lastName>Gottheimer</lastName>
        <state>NJ</state>
        <firstName>Josh</firstName>
        <sponsorshipDate>2017-04-04</sponsorshipDate>
        <district>5</district>
        <fullName>Rep. Gottheimer, Josh [D-NJ-5]</fullName>
        <identifiers>
          <lisID>2338</lisID>
          <gpoId />
          <bioguideId>G000583</bioguideId>
        </identifiers>
        <bioguideId>G000583</bioguideId>
        <sponsorshipWithdrawnDate />
        <party>D</party>
        <isOriginalCosponsor>True</isOriginalCosponsor>
        <middleName />
      </item>
      <item>
        <lastName>KING</lastName>
        <state>NY</state>
        <firstName>PETER</firstName>
        <sponsorshipDate>2017-04-04</sponsorshipDate>
        <district>2</district>
        <fullName>Rep. King, Peter T. [R-NY-2]</fullName>
        <identifiers>
          <lisID>635</lisID>
          <gpoId>8064</gpoId>
          <bioguideId>K000210</bioguideId>
        </identifiers>
        <bioguideId>K000210</bioguideId>
        <sponsorshipWithdrawnDate />
        <party>R</party>
        <isOriginalCosponsor>True</isOriginalCosponsor>
        <middleName>T.</middleName>
      </item>
      <item>
        <lastName>Suozzi</lastName>
        <state>NY</state>
        <firstName>Thomas</firstName>
        <sponsorshipDate>2017-04-04</sponsorshipDate>
        <district>3</district>
        <fullName>Rep. Suozzi, Thomas R. [D-NY-3]</fullName>
        <identifiers>
          <lisID>2341</lisID>
          <gpoId />
          <bioguideId>S001201</bioguideId>
        </identifiers>
        <bioguideId>S001201</bioguideId>
        <sponsorshipWithdrawnDate />
        <party>D</party>
        <isOriginalCosponsor>True</isOriginalCosponsor>
        <middleName>R.</middleName>
      </item>
      <item>
        <lastName>RYAN</lastName>
        <state>OH</state>
        <firstName>TIM</firstName>
        <sponsorshipDate>2017-04-04</sponsorshipDate>
        <district>13</district>
        <fullName>Rep. Ryan, Tim [D-OH-13]</fullName>
        <identifiers>
          <lisID>1756</lisID>
          <bioguideId>R000577</bioguideId>
          <gpoId>8107</gpoId>
        </identifiers>
        <bioguideId>R000577</bioguideId>
        <sponsorshipWithdrawnDate />
        <party>D</party>
        <isOriginalCosponsor>True</isOriginalCosponsor>
        <middleName />
      </item>
      <item>
        <lastName>GRAVES</lastName>
        <state>MO</state>
        <firstName>SAM</firstName>
        <sponsorshipDate>2017-04-04</sponsorshipDate>
        <district>6</district>
        <fullName>Rep. Graves, Sam [R-MO-6]</fullName>
        <identifiers>
          <bioguideId>G000546</bioguideId>
          <lisID>1656</lisID>
          <gpoId>8014</gpoId>
        </identifiers>
        <bioguideId>G000546</bioguideId>
        <sponsorshipWithdrawnDate />
        <party>R</party>
        <isOriginalCosponsor>True</isOriginalCosponsor>
        <middleName />
      </item>
      <item>
        <lastName>PALLONE</lastName>
        <state>NJ</state>
        <firstName>FRANK</firstName>
        <sponsorshipDate>2017-04-04</sponsorshipDate>
        <district>6</district>
        <fullName>Rep. Pallone, Frank, Jr. [D-NJ-6]</fullName>
        <identifiers>
          <lisID>887</lisID>
          <bioguideId>P000034</bioguideId>
          <gpoId>8048</gpoId>
        </identifiers>
        <bioguideId>P000034</bioguideId>
        <sponsorshipWithdrawnDate />
        <party>D</party>
        <isOriginalCosponsor>True</isOriginalCosponsor>
        <middleName />
      </item>
      <item>
        <lastName>UPTON</lastName>
        <state>MI</state>
        <firstName>FRED</firstName>
        <sponsorshipDate>2017-04-04</sponsorshipDate>
        <district>6</district>
        <fullName>Rep. Upton, Fred [R-MI-6]</fullName>
        <identifiers>
          <bioguideId>U000031</bioguideId>
          <gpoId>7991</gpoId>
          <lisID>1177</lisID>
        </identifiers>
        <bioguideId>U000031</bioguideId>
        <sponsorshipWithdrawnDate />
        <party>R</party>
        <isOriginalCosponsor>True</isOriginalCosponsor>
        <middleName />
      </item>
      <item>
        <lastName>Bordallo</lastName>
        <state>GU</state>
        <firstName>Madeleine</firstName>
        <sponsorshipDate>2017-04-04</sponsorshipDate>
        <district>0</district>
        <fullName>Rep. Bordallo, Madeleine Z. [D-GU-At Large]</fullName>
        <identifiers>
          <lisID>1723</lisID>
          <bioguideId>B001245</bioguideId>
          <gpoId>7911</gpoId>
        </identifiers>
        <bioguideId>B001245</bioguideId>
        <sponsorshipWithdrawnDate />
        <party>D</party>
        <isOriginalCosponsor>True</isOriginalCosponsor>
        <middleName>Z.</middleName>
      </item>
      <item>
        <lastName>Bilirakis</lastName>
        <state>FL</state>
        <firstName>Gus</firstName>
        <sponsorshipDate>2017-04-26</sponsorshipDate>
        <district>12</district>
        <fullName>Rep. Bilirakis, Gus M. [R-FL-12]</fullName>
        <identifiers>
          <lisID>1838</lisID>
          <bioguideId>B001257</bioguideId>
          <gpoId>7881</gpoId>
        </identifiers>
        <bioguideId>B001257</bioguideId>
        <sponsorshipWithdrawnDate />
        <party>R</party>
        <isOriginalCosponsor>False</isOriginalCosponsor>
        <middleName>M.</middleName>
      </item>
      <item>
        <lastName>Maloney</lastName>
        <state>NY</state>
        <firstName>Sean</firstName>
        <sponsorshipDate>2017-04-26</sponsorshipDate>
        <district>18</district>
        <fullName>Rep. Maloney, Sean Patrick [D-NY-18]</fullName>
        <identifiers>
          <gpoId />
          <lisID>2150</lisID>
          <bioguideId>M001185</bioguideId>
        </identifiers>
        <bioguideId>M001185</bioguideId>
        <sponsorshipWithdrawnDate />
        <party>D</party>
        <isOriginalCosponsor>False</isOriginalCosponsor>
        <middleName>Patrick</middleName>
      </item>
      <item>
        <lastName>Cramer</lastName>
        <state>ND</state>
        <firstName>Kevin</firstName>
        <sponsorshipDate>2017-04-26</sponsorshipDate>
        <district>0</district>
        <fullName>Rep. Cramer, Kevin [R-ND-At Large]</fullName>
        <identifiers>
          <gpoId />
          <lisID>2144</lisID>
          <bioguideId>C001096</bioguideId>
        </identifiers>
        <bioguideId>C001096</bioguideId>
        <sponsorshipWithdrawnDate />
        <party>R</party>
        <isOriginalCosponsor>False</isOriginalCosponsor>
        <middleName />
      </item>
      <item>
        <lastName>NORTON</lastName>
        <state>DC</state>
        <firstName>ELEANOR</firstName>
        <sponsorshipDate>2017-04-26</sponsorshipDate>
        <district>0</district>
        <fullName>Rep. Norton, Eleanor Holmes [D-DC-At Large]</fullName>
        <identifiers>
          <lisID>868</lisID>
          <bioguideId>N000147</bioguideId>
          <gpoId>7871</gpoId>
        </identifiers>
        <bioguideId>N000147</bioguideId>
        <sponsorshipWithdrawnDate />
        <party>D</party>
        <isOriginalCosponsor>False</isOriginalCosponsor>
        <middleName>HOLMES</middleName>
      </item>
      <item>
        <lastName>Ruppersberger</lastName>
        <state>MD</state>
        <firstName>C. A.</firstName>
        <sponsorshipDate>2017-04-26</sponsorshipDate>
        <district>2</district>
        <fullName>Rep. Ruppersberger, C. A. Dutch [D-MD-2]</fullName>
        <identifiers>
          <bioguideId>R000576</bioguideId>
          <lisID>1728</lisID>
          <gpoId>7977</gpoId>
        </identifiers>
        <bioguideId>R000576</bioguideId>
        <sponsorshipWithdrawnDate />
        <party>D</party>
        <isOriginalCosponsor>False</isOriginalCosponsor>
        <middleName>Dutch</middleName>
      </item>
      <item>
        <lastName>Grijalva</lastName>
        <state>AZ</state>
        <firstName>Raul</firstName>
        <sponsorshipDate>2017-04-26</sponsorshipDate>
        <district>3</district>
        <fullName>Rep. Grijalva, Raul M. [D-AZ-3]</fullName>
        <identifiers>
          <lisID>1708</lisID>
          <gpoId>7804</gpoId>
          <bioguideId>G000551</bioguideId>
        </identifiers>
        <bioguideId>G000551</bioguideId>
        <sponsorshipWithdrawnDate />
        <party>D</party>
        <isOriginalCosponsor>False</isOriginalCosponsor>
        <middleName>M.</middleName>
      </item>
      <item>
        <lastName>Murphy</lastName>
        <state>PA</state>
        <firstName>Tim</firstName>
        <sponsorshipDate>2017-04-26</sponsorshipDate>
        <district>18</district>
        <fullName>Rep. Murphy, Tim [R-PA-18]</fullName>
        <identifiers>
          <lisID>1744</lisID>
          <bioguideId>M001151</bioguideId>
          <gpoId>8723</gpoId>
        </identifiers>
        <bioguideId>M001151</bioguideId>
        <sponsorshipWithdrawnDate />
        <party>R</party>
        <isOriginalCosponsor>False</isOriginalCosponsor>
        <middleName />
      </item>
      <item>
        <lastName>Pingree</lastName>
        <state>ME</state>
        <firstName>Chellie</firstName>
        <sponsorshipDate>2017-04-26</sponsorshipDate>
        <district>1</district>
        <fullName>Rep. Pingree, Chellie [D-ME-1]</fullName>
        <identifiers>
          <bioguideId>P000597</bioguideId>
          <lisID>1927</lisID>
          <gpoId>7984</gpoId>
        </identifiers>
        <bioguideId>P000597</bioguideId>
        <sponsorshipWithdrawnDate />
        <party>D</party>
        <isOriginalCosponsor>False</isOriginalCosponsor>
        <middleName />
      </item>
      <item>
        <lastName>Radewagen</lastName>
        <state>AS</state>
        <firstName>Aumua Amata</firstName>
        <sponsorshipDate>2017-04-26</sponsorshipDate>
        <district>0</district>
        <fullName>Rep. Radewagen, Aumua Amata Coleman [R-AS-At Large]</fullName>
        <identifiers>
          <lisID>2222</lisID>
          <gpoId />
          <bioguideId>R000600</bioguideId>
        </identifiers>
        <bioguideId>R000600</bioguideId>
        <sponsorshipWithdrawnDate />
        <party>R</party>
        <isOriginalCosponsor>False</isOriginalCosponsor>
        <middleName>Coleman</middleName>
      </item>
      <item>
        <lastName>Kilmer</lastName>
        <state>WA</state>
        <firstName>Derek</firstName>
        <sponsorshipDate>2017-04-26</sponsorshipDate>
        <district>6</district>
        <fullName>Rep. Kilmer, Derek [D-WA-6]</fullName>
        <identifiers>
          <bioguideId>K000381</bioguideId>
          <lisID>2169</lisID>
          <gpoId />
        </identifiers>
        <bioguideId>K000381</bioguideId>
        <sponsorshipWithdrawnDate />
        <party>D</party>
        <isOriginalCosponsor>False</isOriginalCosponsor>
        <middleName />
      </item>
      <item>
        <lastName>Sinema</lastName>
        <state>AZ</state>
        <firstName>Kyrsten</firstName>
        <sponsorshipDate>2017-04-26</sponsorshipDate>
        <district>9</district>
        <fullName>Rep. Sinema, Kyrsten [D-AZ-9]</fullName>
        <identifiers>
          <lisID>2099</lisID>
          <bioguideId>S001191</bioguideId>
          <gpoId />
        </identifiers>
        <bioguideId>S001191</bioguideId>
        <sponsorshipWithdrawnDate />
        <party>D</party>
        <isOriginalCosponsor>False</isOriginalCosponsor>
        <middleName />
      </item>
      <item>
        <lastName>RUSH</lastName>
        <state>IL</state>
        <firstName>BOBBY</firstName>
        <sponsorshipDate>2017-04-26</sponsorshipDate>
        <district>1</district>
        <fullName>Rep. Rush, Bobby L. [D-IL-1]</fullName>
        <identifiers>
          <lisID>1003</lisID>
          <gpoId>7921</gpoId>
          <bioguideId>R000515</bioguideId>
        </identifiers>
        <bioguideId>R000515</bioguideId>
        <sponsorshipWithdrawnDate />
        <party>D</party>
        <isOriginalCosponsor>False</isOriginalCosponsor>
        <middleName>L.</middleName>
      </item>
      <item>
        <lastName>Deutch</lastName>
        <state>FL</state>
        <firstName>Theodore</firstName>
        <sponsorshipDate>2017-04-26</sponsorshipDate>
        <district>22</district>
        <fullName>Rep. Deutch, Theodore E. [D-FL-22]</fullName>
        <identifiers>
          <bioguideId>D000610</bioguideId>
          <lisID>1976</lisID>
          <gpoId>7891</gpoId>
        </identifiers>
        <bioguideId>D000610</bioguideId>
        <sponsorshipWithdrawnDate />
        <party>D</party>
        <isOriginalCosponsor>False</isOriginalCosponsor>
        <middleName>E.</middleName>
      </item>
      <item>
        <lastName>Bergman</lastName>
        <state>MI</state>
        <firstName>Jack</firstName>
        <sponsorshipDate>2017-04-26</sponsorshipDate>
        <district>1</district>
        <fullName>Rep. Bergman, Jack [R-MI-1]</fullName>
        <identifiers>
          <lisID>2333</lisID>
          <bioguideId>B001301</bioguideId>
          <gpoId />
        </identifiers>
        <bioguideId>B001301</bioguideId>
        <sponsorshipWithdrawnDate />
        <party>R</party>
        <isOriginalCosponsor>False</isOriginalCosponsor>
        <middleName />
      </item>
      <item>
        <lastName>Gallego</lastName>
        <state>AZ</state>
        <firstName>Ruben</firstName>
        <sponsorshipDate>2017-04-26</sponsorshipDate>
        <district>7</district>
        <fullName>Rep. Gallego, Ruben [D-AZ-7]</fullName>
        <identifiers>
          <gpoId />
          <lisID>2226</lisID>
          <bioguideId>G000574</bioguideId>
        </identifiers>
        <bioguideId>G000574</bioguideId>
        <sponsorshipWithdrawnDate />
        <party>D</party>
        <isOriginalCosponsor>False</isOriginalCosponsor>
        <middleName />
      </item>
      <item>
        <lastName>Faso</lastName>
        <state>NY</state>
        <firstName>John</firstName>
        <sponsorshipDate>2017-05-02</sponsorshipDate>
        <district>19</district>
        <fullName>Rep. Faso, John J. [R-NY-19]</fullName>
        <identifiers>
          <bioguideId>F000464</bioguideId>
          <lisID>2343</lisID>
          <gpoId />
        </identifiers>
        <bioguideId>F000464</bioguideId>
        <sponsorshipWithdrawnDate />
        <party>R</party>
        <isOriginalCosponsor>False</isOriginalCosponsor>
        <middleName>J.</middleName>
      </item>
      <item>
        <lastName>Kuster</lastName>
        <state>NH</state>
        <firstName>Ann</firstName>
        <sponsorshipDate>2017-05-02</sponsorshipDate>
        <district>2</district>
        <fullName>Rep. Kuster, Ann M. [D-NH-2]</fullName>
        <identifiers>
          <lisID>2145</lisID>
          <bioguideId>K000382</bioguideId>
          <gpoId />
        </identifiers>
        <bioguideId>K000382</bioguideId>
        <sponsorshipWithdrawnDate />
        <party>D</party>
        <isOriginalCosponsor>False</isOriginalCosponsor>
        <middleName>M.</middleName>
      </item>
      <item>
        <lastName>Bacon</lastName>
        <state>NE</state>
        <firstName>Don</firstName>
        <sponsorshipDate>2017-05-02</sponsorshipDate>
        <district>2</district>
        <fullName>Rep. Bacon, Don [R-NE-2]</fullName>
        <identifiers>
          <lisID>2337</lisID>
          <gpoId />
          <bioguideId>B001298</bioguideId>
        </identifiers>
        <bioguideId>B001298</bioguideId>
        <sponsorshipWithdrawnDate />
        <party>R</party>
        <isOriginalCosponsor>False</isOriginalCosponsor>
        <middleName />
      </item>
      <item>
        <lastName>MCGOVERN</lastName>
        <state>MA</state>
        <firstName>JAMES</firstName>
        <sponsorshipDate>2017-05-02</sponsorshipDate>
        <district>2</district>
        <fullName>Rep. McGovern, James P. [D-MA-2]</fullName>
        <identifiers>
          <lisID>1504</lisID>
          <bioguideId>M000312</bioguideId>
          <gpoId>7968</gpoId>
        </identifiers>
        <bioguideId>M000312</bioguideId>
        <sponsorshipWithdrawnDate />
        <party>D</party>
        <isOriginalCosponsor>False</isOriginalCosponsor>
        <middleName>P.</middleName>
      </item>
      <item>
        <lastName>DAVIS</lastName>
        <state>CA</state>
        <firstName>SUSAN</firstName>
        <sponsorshipDate>2017-05-02</sponsorshipDate>
        <district>53</district>
        <fullName>Rep. Davis, Susan A. [D-CA-53]</fullName>
        <identifiers>
          <lisID>1641</lisID>
          <bioguideId>D000598</bioguideId>
          <gpoId>7858</gpoId>
        </identifiers>
        <bioguideId>D000598</bioguideId>
        <sponsorshipWithdrawnDate />
        <party>D</party>
        <isOriginalCosponsor>False</isOriginalCosponsor>
        <middleName>A.</middleName>
      </item>
      <item>
        <lastName>Shea-Porter</lastName>
        <state>NH</state>
        <firstName>Carol</firstName>
        <sponsorshipDate>2017-05-02</sponsorshipDate>
        <district>1</district>
        <fullName>Rep. Shea-Porter, Carol [D-NH-1]</fullName>
        <identifiers>
          <lisID>1861</lisID>
          <gpoId>7528</gpoId>
          <bioguideId>S001170</bioguideId>
        </identifiers>
        <bioguideId>S001170</bioguideId>
        <sponsorshipWithdrawnDate />
        <party>D</party>
        <isOriginalCosponsor>False</isOriginalCosponsor>
        <middleName />
      </item>
      <item>
        <lastName>Cole</lastName>
        <state>OK</state>
        <firstName>Tom</firstName>
        <sponsorshipDate>2017-05-02</sponsorshipDate>
        <district>4</district>
        <fullName>Rep. Cole, Tom [R-OK-4]</fullName>
        <identifiers>
          <lisID>1742</lisID>
          <gpoId>8112</gpoId>
          <bioguideId>C001053</bioguideId>
        </identifiers>
        <bioguideId>C001053</bioguideId>
        <sponsorshipWithdrawnDate />
        <party>R</party>
        <isOriginalCosponsor>False</isOriginalCosponsor>
        <middleName />
      </item>
      <item>
        <lastName>Heck</lastName>
        <state>WA</state>
        <firstName>Denny</firstName>
        <sponsorshipDate>2017-05-02</sponsorshipDate>
        <district>10</district>
        <fullName>Rep. Heck, Denny [D-WA-10]</fullName>
        <identifiers>
          <gpoId />
          <lisID>2170</lisID>
          <bioguideId>H001064</bioguideId>
        </identifiers>
        <bioguideId>H001064</bioguideId>
        <sponsorshipWithdrawnDate />
        <party>D</party>
        <isOriginalCosponsor>False</isOriginalCosponsor>
        <middleName />
      </item>
      <item>
        <lastName>Delaney</lastName>
        <state>MD</state>
        <firstName>John</firstName>
        <sponsorshipDate>2017-05-02</sponsorshipDate>
        <district>6</district>
        <fullName>Rep. Delaney, John K. [D-MD-6]</fullName>
        <identifiers>
          <bioguideId>D000620</bioguideId>
          <lisID>2133</lisID>
          <gpoId />
        </identifiers>
        <bioguideId>D000620</bioguideId>
        <sponsorshipWithdrawnDate />
        <party>D</party>
        <isOriginalCosponsor>False</isOriginalCosponsor>
        <middleName>K.</middleName>
      </item>
      <item>
        <lastName>Keating</lastName>
        <state>MA</state>
        <firstName>William</firstName>
        <sponsorshipDate>2017-05-02</sponsorshipDate>
        <district>9</district>
        <fullName>Rep. Keating, William R. [D-MA-9]</fullName>
        <identifiers>
          <lisID>2025</lisID>
          <gpoId>7975</gpoId>
          <bioguideId>K000375</bioguideId>
        </identifiers>
        <bioguideId>K000375</bioguideId>
        <sponsorshipWithdrawnDate />
        <party>D</party>
        <isOriginalCosponsor>False</isOriginalCosponsor>
        <middleName>R.</middleName>
      </item>
      <item>
        <lastName>Perlmutter</lastName>
        <state>CO</state>
        <firstName>Ed</firstName>
        <sponsorshipDate>2017-05-02</sponsorshipDate>
        <district>7</district>
        <fullName>Rep. Perlmutter, Ed [D-CO-7]</fullName>
        <identifiers>
          <lisID>1835</lisID>
          <bioguideId>P000593</bioguideId>
          <gpoId>7865</gpoId>
        </identifiers>
        <bioguideId>P000593</bioguideId>
        <sponsorshipWithdrawnDate />
        <party>D</party>
        <isOriginalCosponsor>False</isOriginalCosponsor>
        <middleName />
      </item>
      <item>
        <lastName>Carson</lastName>
        <state>IN</state>
        <firstName>Andre</firstName>
        <sponsorshipDate>2017-05-16</sponsorshipDate>
        <district>7</district>
        <fullName>Rep. Carson, Andre [D-IN-7]</fullName>
        <identifiers>
          <bioguideId>C001072</bioguideId>
          <gpoId>7946</gpoId>
          <lisID>1889</lisID>
        </identifiers>
        <bioguideId>C001072</bioguideId>
        <sponsorshipWithdrawnDate />
        <party>D</party>
        <isOriginalCosponsor>False</isOriginalCosponsor>
        <middleName />
      </item>
      <item>
        <lastName>Jenkins</lastName>
        <state>WV</state>
        <firstName>Evan</firstName>
        <sponsorshipDate>2017-05-16</sponsorshipDate>
        <district>3</district>
        <fullName>Rep. Jenkins, Evan H. [R-WV-3]</fullName>
        <identifiers>
          <lisID>2278</lisID>
          <bioguideId>J000297</bioguideId>
          <gpoId />
        </identifiers>
        <bioguideId>J000297</bioguideId>
        <sponsorshipWithdrawnDate />
        <party>R</party>
        <isOriginalCosponsor>False</isOriginalCosponsor>
        <middleName>H.</middleName>
      </item>
      <item>
        <lastName>Pocan</lastName>
        <state>WI</state>
        <firstName>Mark</firstName>
        <sponsorshipDate>2017-05-16</sponsorshipDate>
        <district>2</district>
        <fullName>Rep. Pocan, Mark [D-WI-2]</fullName>
        <identifiers>
          <bioguideId>P000607</bioguideId>
          <lisID>2171</lisID>
          <gpoId />
        </identifiers>
        <bioguideId>P000607</bioguideId>
        <sponsorshipWithdrawnDate />
        <party>D</party>
        <isOriginalCosponsor>False</isOriginalCosponsor>
        <middleName />
      </item>
      <item>
        <lastName>Rosen</lastName>
        <state>NV</state>
        <firstName>Jacky</firstName>
        <sponsorshipDate>2017-05-16</sponsorshipDate>
        <district>3</district>
        <fullName>Rep. Rosen, Jacky [D-NV-3]</fullName>
        <identifiers>
          <gpoId />
          <lisID>2339</lisID>
          <bioguideId>R000608</bioguideId>
        </identifiers>
        <bioguideId>R000608</bioguideId>
        <sponsorshipWithdrawnDate />
        <party>D</party>
        <isOriginalCosponsor>False</isOriginalCosponsor>
        <middleName />
      </item>
      <item>
        <lastName>Love</lastName>
        <state>UT</state>
        <firstName>Mia</firstName>
        <sponsorshipDate>2017-05-16</sponsorshipDate>
        <district>4</district>
        <fullName>Rep. Love, Mia B. [R-UT-4]</fullName>
        <identifiers>
          <lisID>2271</lisID>
          <gpoId />
          <bioguideId>L000584</bioguideId>
        </identifiers>
        <bioguideId>L000584</bioguideId>
        <sponsorshipWithdrawnDate />
        <party>R</party>
        <isOriginalCosponsor>False</isOriginalCosponsor>
        <middleName>B.</middleName>
      </item>
      <item>
        <lastName>DelBene</lastName>
        <state>WA</state>
        <firstName>Suzan</firstName>
        <sponsorshipDate>2017-05-16</sponsorshipDate>
        <district>1</district>
        <fullName>Rep. DelBene, Suzan K. [D-WA-1]</fullName>
        <identifiers>
          <lisID>2096</lisID>
          <gpoId>8374</gpoId>
          <bioguideId>D000617</bioguideId>
        </identifiers>
        <bioguideId>D000617</bioguideId>
        <sponsorshipWithdrawnDate />
        <party>D</party>
        <isOriginalCosponsor>False</isOriginalCosponsor>
        <middleName>K.</middleName>
      </item>
      <item>
        <lastName>Gonzalez</lastName>
        <state>TX</state>
        <firstName>Vicente</firstName>
        <sponsorshipDate>2017-05-16</sponsorshipDate>
        <district>15</district>
        <fullName>Rep. Gonzalez, Vicente [D-TX-15]</fullName>
        <identifiers>
          <bioguideId>G000581</bioguideId>
          <gpoId />
          <lisID>2349</lisID>
        </identifiers>
        <bioguideId>G000581</bioguideId>
        <sponsorshipWithdrawnDate />
        <party>D</party>
        <isOriginalCosponsor>False</isOriginalCosponsor>
        <middleName />
      </item>
      <item>
        <lastName>Brownley</lastName>
        <state>CA</state>
        <firstName>Julia</firstName>
        <sponsorshipDate>2017-05-16</sponsorshipDate>
        <district>26</district>
        <fullName>Rep. Brownley, Julia [D-CA-26]</fullName>
        <identifiers>
          <lisID>2106</lisID>
          <bioguideId>B001285</bioguideId>
          <gpoId />
        </identifiers>
        <bioguideId>B001285</bioguideId>
        <sponsorshipWithdrawnDate />
        <party>D</party>
        <isOriginalCosponsor>False</isOriginalCosponsor>
        <middleName />
      </item>
      <item>
        <lastName>Johnson</lastName>
        <state>OH</state>
        <firstName>Bill</firstName>
        <sponsorshipDate>2017-05-18</sponsorshipDate>
        <district>6</district>
        <fullName>Rep. Johnson, Bill [R-OH-6]</fullName>
        <identifiers>
          <lisID>2046</lisID>
          <bioguideId>J000292</bioguideId>
          <gpoId>8096</gpoId>
        </identifiers>
        <bioguideId>J000292</bioguideId>
        <sponsorshipWithdrawnDate />
        <party>R</party>
        <isOriginalCosponsor>False</isOriginalCosponsor>
        <middleName />
      </item>
      <item>
        <lastName>Peters</lastName>
        <state>CA</state>
        <firstName>Scott</firstName>
        <sponsorshipDate>2017-05-23</sponsorshipDate>
        <district>52</district>
        <fullName>Rep. Peters, Scott H. [D-CA-52]</fullName>
        <identifiers>
          <bioguideId>P000608</bioguideId>
          <lisID>2113</lisID>
          <gpoId />
        </identifiers>
        <bioguideId>P000608</bioguideId>
        <sponsorshipWithdrawnDate />
        <party>D</party>
        <isOriginalCosponsor>False</isOriginalCosponsor>
        <middleName>H.</middleName>
      </item>
      <item>
        <lastName>Gallagher</lastName>
        <state>WI</state>
        <firstName>Mike</firstName>
        <sponsorshipDate>2017-05-23</sponsorshipDate>
        <district>8</district>
        <fullName>Rep. Gallagher, Mike [R-WI-8]</fullName>
        <identifiers>
          <bioguideId>G000579</bioguideId>
          <lisID>2355</lisID>
          <gpoId />
        </identifiers>
        <bioguideId>G000579</bioguideId>
        <sponsorshipWithdrawnDate />
        <party>R</party>
        <isOriginalCosponsor>False</isOriginalCosponsor>
        <middleName />
      </item>
      <item>
        <lastName>Katko</lastName>
        <state>NY</state>
        <firstName>John</firstName>
        <sponsorshipDate>2017-05-23</sponsorshipDate>
        <district>24</district>
        <fullName>Rep. Katko, John [R-NY-24]</fullName>
        <identifiers>
          <gpoId />
          <lisID>2264</lisID>
          <bioguideId>K000386</bioguideId>
        </identifiers>
        <bioguideId>K000386</bioguideId>
        <sponsorshipWithdrawnDate />
        <party>R</party>
        <isOriginalCosponsor>False</isOriginalCosponsor>
        <middleName />
      </item>
      <item>
        <lastName>Byrne</lastName>
        <state>AL</state>
        <firstName>Bradley</firstName>
        <sponsorshipDate>2017-05-23</sponsorshipDate>
        <district>1</district>
        <fullName>Rep. Byrne, Bradley [R-AL-1]</fullName>
        <identifiers>
          <lisID>2197</lisID>
          <bioguideId>B001289</bioguideId>
          <gpoId />
        </identifiers>
        <bioguideId>B001289</bioguideId>
        <sponsorshipWithdrawnDate />
        <party>R</party>
        <isOriginalCosponsor>False</isOriginalCosponsor>
        <middleName />
      </item>
      <item>
        <lastName>Takano</lastName>
        <state>CA</state>
        <firstName>Mark</firstName>
        <sponsorshipDate>2017-06-06</sponsorshipDate>
        <district>41</district>
        <fullName>Rep. Takano, Mark [D-CA-41]</fullName>
        <identifiers>
          <bioguideId>T000472</bioguideId>
          <gpoId />
          <lisID>2110</lisID>
        </identifiers>
        <bioguideId>T000472</bioguideId>
        <sponsorshipWithdrawnDate />
        <party>D</party>
        <isOriginalCosponsor>False</isOriginalCosponsor>
        <middleName />
      </item>
      <item>
        <lastName>Young</lastName>
        <state>IA</state>
        <firstName>David</firstName>
        <sponsorshipDate>2017-06-20</sponsorshipDate>
        <district>3</district>
        <fullName>Rep. Young, David [R-IA-3]</fullName>
        <identifiers>
          <bioguideId>Y000066</bioguideId>
          <gpoId />
          <lisID>2242</lisID>
        </identifiers>
        <bioguideId>Y000066</bioguideId>
        <sponsorshipWithdrawnDate />
        <party>R</party>
        <isOriginalCosponsor>False</isOriginalCosponsor>
        <middleName />
      </item>
      <item>
        <lastName>Sewell</lastName>
        <state>AL</state>
        <firstName>Terri</firstName>
        <sponsorshipDate>2017-07-14</sponsorshipDate>
        <district>7</district>
        <fullName>Rep. Sewell, Terri A. [D-AL-7]</fullName>
        <identifiers>
          <bioguideId>S001185</bioguideId>
          <lisID>1988</lisID>
          <gpoId>7792</gpoId>
        </identifiers>
        <bioguideId>S001185</bioguideId>
        <sponsorshipWithdrawnDate />
        <party>D</party>
        <isOriginalCosponsor>False</isOriginalCosponsor>
        <middleName>A.</middleName>
      </item>
      <item>
        <lastName>Rooney</lastName>
        <state>FL</state>
        <firstName>Thomas</firstName>
        <sponsorshipDate>2017-12-19</sponsorshipDate>
        <district>17</district>
        <fullName>Rep. Rooney, Thomas J. [R-FL-17]</fullName>
        <identifiers>
          <lisID>1916</lisID>
          <bioguideId>R000583</bioguideId>
          <gpoId>7888</gpoId>
        </identifiers>
        <bioguideId>R000583</bioguideId>
        <sponsorshipWithdrawnDate />
        <party>R</party>
        <isOriginalCosponsor>False</isOriginalCosponsor>
        <middleName>J.</middleName>
      </item>
      <item>
        <lastName>Poe</lastName>
        <state>TX</state>
        <firstName>Ted</firstName>
        <sponsorshipDate>2017-12-19</sponsorshipDate>
        <district>2</district>
        <fullName>Rep. Poe, Ted [R-TX-2]</fullName>
        <identifiers>
          <bioguideId>P000592</bioguideId>
          <lisID>1802</lisID>
          <gpoId>8158</gpoId>
        </identifiers>
        <bioguideId>P000592</bioguideId>
        <sponsorshipWithdrawnDate />
        <party>R</party>
        <isOriginalCosponsor>False</isOriginalCosponsor>
        <middleName />
      </item>
      <item>
        <lastName>Khanna</lastName>
        <state>CA</state>
        <firstName>Ro</firstName>
        <sponsorshipDate>2018-03-15</sponsorshipDate>
        <district>17</district>
        <fullName>Rep. Khanna, Ro [D-CA-17]</fullName>
        <identifiers>
          <lisID>2308</lisID>
          <gpoId />
          <bioguideId>K000389</bioguideId>
        </identifiers>
        <bioguideId>K000389</bioguideId>
        <sponsorshipWithdrawnDate />
        <party>D</party>
        <isOriginalCosponsor>False</isOriginalCosponsor>
        <middleName />
      </item>
      <item>
        <lastName>Stewart</lastName>
        <state>UT</state>
        <firstName>Chris</firstName>
        <sponsorshipDate>2018-05-17</sponsorshipDate>
        <district>2</district>
        <fullName>Rep. Stewart, Chris [R-UT-2]</fullName>
        <identifiers>
          <lisID>2168</lisID>
          <bioguideId>S001192</bioguideId>
          <gpoId />
        </identifiers>
        <bioguideId>S001192</bioguideId>
        <sponsorshipWithdrawnDate />
        <party>R</party>
        <isOriginalCosponsor>False</isOriginalCosponsor>
        <middleName />
      </item>
      <item>
        <lastName>Gohmert</lastName>
        <state>TX</state>
        <firstName>Louie</firstName>
        <sponsorshipDate>2018-07-17</sponsorshipDate>
        <district>1</district>
        <fullName>Rep. Gohmert, Louie [R-TX-1]</fullName>
        <identifiers>
          <lisID>1801</lisID>
          <gpoId>8157</gpoId>
          <bioguideId>G000552</bioguideId>
        </identifiers>
        <bioguideId>G000552</bioguideId>
        <sponsorshipWithdrawnDate />
        <party>R</party>
        <isOriginalCosponsor>False</isOriginalCosponsor>
        <middleName />
      </item>
    </cosponsors>
    <introducedDate>2017-04-04</introducedDate>
    <calendarNumbers />
    <latestAction>
      <actionDate>2017-04-04</actionDate>
      <links />
      <text>Referred to the Subcommittee on Disability Assistance and Memorial Affairs.</text>
    </latestAction>
    <amendments />
    <summaries>
      <billSummaries>
        <item>
          <versionCode>00</versionCode>
          <actionDate>2017-04-04</actionDate>
          <actionDesc>Introduced in House</actionDesc>
          <name>Introduced in House</name>
          <lastSummaryUpdateDate>2017-06-07T18:58:33Z</lastSummaryUpdateDate>
          <text><![CDATA[<p>Recognizes that the intent of the Agent Orange Act of 1991 included the presumption that veterans who served in the Armed Forces in the bays, harbors, and territorial seas of the Republic of Vietnam between January 9, 1962, and May 7, 1975, served in Vietnam for all purposes under the Agent Orange Act of 1991.</p> <p>Expresses the intent that such veterans who served in those areas and other areas exposed to Agent Orange who have been diagnosed with connected medical conditions should be equally recognized for such exposure through equitable benefits and coverage as those who served in the inland rivers and on the Vietnamese land mass.</p> <p>Calls on the Department of Veterans Affairs to review its policy that excludes presumptive coverage for Agent Orange exposure for such veterans.</p>]]></text>
          <updateDate>2017-04-04T04:00:00Z</updateDate>
        </item>
      </billSummaries>
    </summaries>
    <createDate>2017-04-05T03:11:44Z</createDate>
  </bill>
  <dublinCore xmlns:dc="http://purl.org/dc/elements/1.1/">
    <dc:format>text/xml</dc:format>
    <dc:language>EN</dc:language>
    <dc:rights>Pursuant to Title 17 Section 105 of the United States Code, this file is not subject to copyright protection and is in the public domain.</dc:rights>
    <dc:contributor>Congressional Research Service, Library of Congress</dc:contributor>
    <dc:description>This file contains bill summaries and statuses for federal legislation. A bill summary describes the most significant provisions of a piece of legislation and details the effects the legislative text may have on current law and federal programs. Bill summaries are authored by the Congressional Research Service (CRS) of the Library of Congress. As stated in Public Law 91-510 (2 USC 166 (d)(6)), one of the duties of CRS is "to prepare summaries and digests of bills and resolutions of a public general nature introduced in the Senate or House of Representatives". For more information, refer to the User Guide that accompanies this file.</dc:description>
  </dublinCore>
</billStatus>

