<?xml version="1.0" encoding="UTF-8"?>
<billStatus>
  <bill>
    <policyArea>
      <name>Health</name>
    </policyArea>
    <billNumber>123</billNumber>
    <laws />
    <constitutionalAuthorityStatementText />
    <originChamber>House</originChamber>
    <billType>HCONRES</billType>
    <summaries>
      <billSummaries />
    </summaries>
    <relatedBills />
    <createDate>2018-06-14T07:10:44Z</createDate>
    <sponsors>
      <item>
        <lastName>Payne</lastName>
        <party>D</party>
        <middleName>M.</middleName>
        <fullName>Rep. Payne, Donald M., Jr. [D-NJ-10]</fullName>
        <identifiers>
          <lisID>2097</lisID>
          <bioguideId>P000604</bioguideId>
          <gpoId>8373</gpoId>
        </identifiers>
        <state>NJ</state>
        <firstName>Donald</firstName>
        <byRequestType />
        <district>10</district>
        <bioguideId>P000604</bioguideId>
      </item>
    </sponsors>
    <notes />
    <updateDate>2018-08-28T19:53:38Z</updateDate>
    <committeeReports />
    <actions>
      <actionTypeCounts>
        <introducedInTheHouse>1</introducedInTheHouse>
        <billReferrals>1</billReferrals>
        <introducedInHouse>1</introducedInHouse>
      </actionTypeCounts>
      <item>
        <actionDate>2018-06-13</actionDate>
        <actionCode>H11100</actionCode>
        <committee>
          <systemCode>hsgo00</systemCode>
          <name>Oversight and Government Reform Committee</name>
        </committee>
        <text>Referred to the House Committee on Oversight and Government Reform.</text>
        <links />
        <type>IntroReferral</type>
        <sourceSystem>
          <name>House floor actions</name>
          <code>2</code>
        </sourceSystem>
      </item>
      <item>
        <actionDate>2018-06-13</actionDate>
        <actionCode>Intro-H</actionCode>
        <committee />
        <text>Introduced in House</text>
        <links />
        <type>IntroReferral</type>
        <sourceSystem>
          <name>Library of Congress</name>
          <code>9</code>
        </sourceSystem>
      </item>
      <item>
        <actionDate>2018-06-13</actionDate>
        <actionCode>1000</actionCode>
        <committee />
        <text>Introduced in House</text>
        <links />
        <type>IntroReferral</type>
        <sourceSystem>
          <name>Library of Congress</name>
          <code>9</code>
        </sourceSystem>
      </item>
      <actionByCounts>
        <houseOfRepresentatives>3</houseOfRepresentatives>
      </actionByCounts>
    </actions>
    <title>Supporting National Men's Health Week.</title>
    <cosponsors>
      <item>
        <party>R</party>
        <state>OK</state>
        <sponsorshipDate>2018-06-13</sponsorshipDate>
        <district>2</district>
        <isOriginalCosponsor>True</isOriginalCosponsor>
        <fullName>Rep. Mullin, Markwayne [R-OK-2]</fullName>
        <middleName />
        <bioguideId>M001190</bioguideId>
        <firstName>Markwayne</firstName>
        <sponsorshipWithdrawnDate />
        <lastName>Mullin</lastName>
        <identifiers>
          <lisID>2156</lisID>
          <bioguideId>M001190</bioguideId>
          <gpoId />
        </identifiers>
      </item>
      <item>
        <party>D</party>
        <state>NY</state>
        <sponsorshipDate>2018-06-13</sponsorshipDate>
        <district>15</district>
        <isOriginalCosponsor>True</isOriginalCosponsor>
        <fullName>Rep. Serrano, Jose E. [D-NY-15]</fullName>
        <middleName>E.</middleName>
        <bioguideId>S000248</bioguideId>
        <firstName>JOSE</firstName>
        <sponsorshipWithdrawnDate />
        <lastName>SERRANO</lastName>
        <identifiers>
          <lisID>1042</lisID>
          <bioguideId>S000248</bioguideId>
          <gpoId>8077</gpoId>
        </identifiers>
      </item>
      <item>
        <party>D</party>
        <state>FL</state>
        <sponsorshipDate>2018-06-13</sponsorshipDate>
        <district>24</district>
        <isOriginalCosponsor>True</isOriginalCosponsor>
        <fullName>Rep. Wilson, Frederica S. [D-FL-24]</fullName>
        <middleName>S.</middleName>
        <bioguideId>W000808</bioguideId>
        <firstName>Frederica</firstName>
        <sponsorshipWithdrawnDate />
        <lastName>Wilson</lastName>
        <identifiers>
          <gpoId>7889</gpoId>
          <lisID>2004</lisID>
          <bioguideId>W000808</bioguideId>
        </identifiers>
      </item>
      <item>
        <party>R</party>
        <state>NJ</state>
        <sponsorshipDate>2018-06-13</sponsorshipDate>
        <district>11</district>
        <isOriginalCosponsor>True</isOriginalCosponsor>
        <fullName>Rep. Frelinghuysen, Rodney P. [R-NJ-11]</fullName>
        <middleName />
        <bioguideId>F000372</bioguideId>
        <firstName>RODNEY</firstName>
        <sponsorshipWithdrawnDate />
        <lastName>FRELINGHUYSEN</lastName>
        <identifiers>
          <gpoId>8053</gpoId>
          <lisID>414</lisID>
          <bioguideId>F000372</bioguideId>
        </identifiers>
      </item>
      <item>
        <party>D</party>
        <state>NY</state>
        <sponsorshipDate>2018-06-13</sponsorshipDate>
        <district>5</district>
        <isOriginalCosponsor>True</isOriginalCosponsor>
        <fullName>Rep. Meeks, Gregory W. [D-NY-5]</fullName>
        <middleName>W.</middleName>
        <bioguideId>M001137</bioguideId>
        <firstName>GREGORY</firstName>
        <sponsorshipWithdrawnDate />
        <lastName>MEEKS</lastName>
        <identifiers>
          <bioguideId>M001137</bioguideId>
          <lisID>1506</lisID>
          <gpoId>8067</gpoId>
        </identifiers>
      </item>
      <item>
        <party>D</party>
        <state>CA</state>
        <sponsorshipDate>2018-06-13</sponsorshipDate>
        <district>52</district>
        <isOriginalCosponsor>True</isOriginalCosponsor>
        <fullName>Rep. Peters, Scott H. [D-CA-52]</fullName>
        <middleName>H.</middleName>
        <bioguideId>P000608</bioguideId>
        <firstName>Scott</firstName>
        <sponsorshipWithdrawnDate />
        <lastName>Peters</lastName>
        <identifiers>
          <bioguideId>P000608</bioguideId>
          <lisID>2113</lisID>
          <gpoId />
        </identifiers>
      </item>
      <item>
        <party>D</party>
        <state>VA</state>
        <sponsorshipDate>2018-06-13</sponsorshipDate>
        <district>11</district>
        <isOriginalCosponsor>True</isOriginalCosponsor>
        <fullName>Rep. Connolly, Gerald E. [D-VA-11]</fullName>
        <middleName>E.</middleName>
        <bioguideId>C001078</bioguideId>
        <firstName>Gerald</firstName>
        <sponsorshipWithdrawnDate />
        <lastName>Connolly</lastName>
        <identifiers>
          <lisID>1959</lisID>
          <gpoId>8202</gpoId>
          <bioguideId>C001078</bioguideId>
        </identifiers>
      </item>
      <item>
        <party>D</party>
        <state>DC</state>
        <sponsorshipDate>2018-06-13</sponsorshipDate>
        <district>0</district>
        <isOriginalCosponsor>True</isOriginalCosponsor>
        <fullName>Rep. Norton, Eleanor Holmes [D-DC-At Large]</fullName>
        <middleName>HOLMES</middleName>
        <bioguideId>N000147</bioguideId>
        <firstName>ELEANOR</firstName>
        <sponsorshipWithdrawnDate />
        <lastName>NORTON</lastName>
        <identifiers>
          <bioguideId>N000147</bioguideId>
          <lisID>868</lisID>
          <gpoId>7871</gpoId>
        </identifiers>
      </item>
      <item>
        <party>D</party>
        <state>OH</state>
        <sponsorshipDate>2018-06-13</sponsorshipDate>
        <district>3</district>
        <isOriginalCosponsor>True</isOriginalCosponsor>
        <fullName>Rep. Beatty, Joyce [D-OH-3]</fullName>
        <middleName />
        <bioguideId>B001281</bioguideId>
        <firstName>Joyce</firstName>
        <sponsorshipWithdrawnDate />
        <lastName>Beatty</lastName>
        <identifiers>
          <lisID>2153</lisID>
          <bioguideId>B001281</bioguideId>
          <gpoId />
        </identifiers>
      </item>
      <item>
        <party>D</party>
        <state>GA</state>
        <sponsorshipDate>2018-06-13</sponsorshipDate>
        <district>4</district>
        <isOriginalCosponsor>True</isOriginalCosponsor>
        <fullName>Rep. Johnson, Henry C. "Hank," Jr. [D-GA-4]</fullName>
        <middleName>C. "Hank"</middleName>
        <bioguideId>J000288</bioguideId>
        <firstName>Henry</firstName>
        <sponsorshipWithdrawnDate />
        <lastName>Johnson</lastName>
        <identifiers>
          <lisID>1843</lisID>
          <bioguideId>J000288</bioguideId>
          <gpoId>7901</gpoId>
        </identifiers>
      </item>
      <item>
        <party>D</party>
        <state>FL</state>
        <sponsorshipDate>2018-06-13</sponsorshipDate>
        <district>9</district>
        <isOriginalCosponsor>True</isOriginalCosponsor>
        <fullName>Rep. Soto, Darren [D-FL-9]</fullName>
        <middleName />
        <bioguideId>S001200</bioguideId>
        <firstName>Darren</firstName>
        <sponsorshipWithdrawnDate />
        <lastName>Soto</lastName>
        <identifiers>
          <lisID>2319</lisID>
          <bioguideId>S001200</bioguideId>
          <gpoId />
        </identifiers>
      </item>
      <item>
        <party>D</party>
        <state>GU</state>
        <sponsorshipDate>2018-06-13</sponsorshipDate>
        <district>0</district>
        <isOriginalCosponsor>True</isOriginalCosponsor>
        <fullName>Rep. Bordallo, Madeleine Z. [D-GU-At Large]</fullName>
        <middleName>Z.</middleName>
        <bioguideId>B001245</bioguideId>
        <firstName>Madeleine</firstName>
        <sponsorshipWithdrawnDate />
        <lastName>Bordallo</lastName>
        <identifiers>
          <bioguideId>B001245</bioguideId>
          <gpoId>7911</gpoId>
          <lisID>1723</lisID>
        </identifiers>
      </item>
      <item>
        <party>D</party>
        <state>GA</state>
        <sponsorshipDate>2018-06-13</sponsorshipDate>
        <district>2</district>
        <isOriginalCosponsor>True</isOriginalCosponsor>
        <fullName>Rep. Bishop, Sanford D., Jr. [D-GA-2]</fullName>
        <middleName>D.</middleName>
        <bioguideId>B000490</bioguideId>
        <firstName>SANFORD</firstName>
        <sponsorshipWithdrawnDate />
        <lastName>BISHOP</lastName>
        <identifiers>
          <bioguideId>B000490</bioguideId>
          <lisID>91</lisID>
          <gpoId>7899</gpoId>
        </identifiers>
      </item>
      <item>
        <party>D</party>
        <state>MA</state>
        <sponsorshipDate>2018-06-13</sponsorshipDate>
        <district>2</district>
        <isOriginalCosponsor>True</isOriginalCosponsor>
        <fullName>Rep. McGovern, James P. [D-MA-2]</fullName>
        <middleName>P.</middleName>
        <bioguideId>M000312</bioguideId>
        <firstName>JAMES</firstName>
        <sponsorshipWithdrawnDate />
        <lastName>MCGOVERN</lastName>
        <identifiers>
          <bioguideId>M000312</bioguideId>
          <gpoId>7968</gpoId>
          <lisID>1504</lisID>
        </identifiers>
      </item>
      <item>
        <party>D</party>
        <state>NY</state>
        <sponsorshipDate>2018-06-13</sponsorshipDate>
        <district>13</district>
        <isOriginalCosponsor>True</isOriginalCosponsor>
        <fullName>Rep. Espaillat, Adriano [D-NY-13]</fullName>
        <middleName />
        <bioguideId>E000297</bioguideId>
        <firstName>Adriano</firstName>
        <sponsorshipWithdrawnDate />
        <lastName>Espaillat</lastName>
        <identifiers>
          <lisID>2342</lisID>
          <bioguideId>E000297</bioguideId>
          <gpoId />
        </identifiers>
      </item>
      <item>
        <party>D</party>
        <state>VI</state>
        <sponsorshipDate>2018-06-13</sponsorshipDate>
        <district>0</district>
        <isOriginalCosponsor>True</isOriginalCosponsor>
        <fullName>Rep. Plaskett, Stacey E. [D-VI-At Large]</fullName>
        <middleName>E.</middleName>
        <bioguideId>P000610</bioguideId>
        <firstName>Stacey</firstName>
        <sponsorshipWithdrawnDate />
        <lastName>Plaskett</lastName>
        <identifiers>
          <lisID>2274</lisID>
          <gpoId />
          <bioguideId>P000610</bioguideId>
        </identifiers>
      </item>
      <item>
        <party>D</party>
        <state>IL</state>
        <sponsorshipDate>2018-06-13</sponsorshipDate>
        <district>7</district>
        <isOriginalCosponsor>True</isOriginalCosponsor>
        <fullName>Rep. Davis, Danny K. [D-IL-7]</fullName>
        <middleName>K.</middleName>
        <bioguideId>D000096</bioguideId>
        <firstName>DANNY</firstName>
        <sponsorshipWithdrawnDate />
        <lastName>DAVIS</lastName>
        <identifiers>
          <bioguideId>D000096</bioguideId>
          <gpoId>7927</gpoId>
          <lisID>1477</lisID>
        </identifiers>
      </item>
      <item>
        <party>D</party>
        <state>GA</state>
        <sponsorshipDate>2018-06-13</sponsorshipDate>
        <district>13</district>
        <isOriginalCosponsor>True</isOriginalCosponsor>
        <fullName>Rep. Scott, David [D-GA-13]</fullName>
        <middleName />
        <bioguideId>S001157</bioguideId>
        <firstName>David</firstName>
        <sponsorshipWithdrawnDate />
        <lastName>Scott</lastName>
        <identifiers>
          <bioguideId>S001157</bioguideId>
          <lisID>1722</lisID>
          <gpoId>7910</gpoId>
        </identifiers>
      </item>
      <item>
        <party>D</party>
        <state>IL</state>
        <sponsorshipDate>2018-06-13</sponsorshipDate>
        <district>1</district>
        <isOriginalCosponsor>True</isOriginalCosponsor>
        <fullName>Rep. Rush, Bobby L. [D-IL-1]</fullName>
        <middleName>L.</middleName>
        <bioguideId>R000515</bioguideId>
        <firstName>BOBBY</firstName>
        <sponsorshipWithdrawnDate />
        <lastName>RUSH</lastName>
        <identifiers>
          <bioguideId>R000515</bioguideId>
          <lisID>1003</lisID>
          <gpoId>7921</gpoId>
        </identifiers>
      </item>
      <item>
        <party>D</party>
        <state>OH</state>
        <sponsorshipDate>2018-06-13</sponsorshipDate>
        <district>13</district>
        <isOriginalCosponsor>True</isOriginalCosponsor>
        <fullName>Rep. Ryan, Tim [D-OH-13]</fullName>
        <middleName />
        <bioguideId>R000577</bioguideId>
        <firstName>TIM</firstName>
        <sponsorshipWithdrawnDate />
        <lastName>RYAN</lastName>
        <identifiers>
          <lisID>1756</lisID>
          <bioguideId>R000577</bioguideId>
          <gpoId>8107</gpoId>
        </identifiers>
      </item>
      <item>
        <party>D</party>
        <state>CT</state>
        <sponsorshipDate>2018-06-13</sponsorshipDate>
        <district>5</district>
        <isOriginalCosponsor>True</isOriginalCosponsor>
        <fullName>Rep. Esty, Elizabeth H. [D-CT-5]</fullName>
        <middleName>H.</middleName>
        <bioguideId>E000293</bioguideId>
        <firstName>Elizabeth</firstName>
        <sponsorshipWithdrawnDate />
        <lastName>Esty</lastName>
        <identifiers>
          <lisID>2114</lisID>
          <bioguideId>E000293</bioguideId>
          <gpoId />
        </identifiers>
      </item>
      <item>
        <party>D</party>
        <state>FL</state>
        <sponsorshipDate>2018-06-13</sponsorshipDate>
        <district>20</district>
        <isOriginalCosponsor>True</isOriginalCosponsor>
        <fullName>Rep. Hastings, Alcee L. [D-FL-20]</fullName>
        <middleName>L.</middleName>
        <bioguideId>H000324</bioguideId>
        <firstName>ALCEE</firstName>
        <sponsorshipWithdrawnDate />
        <lastName>HASTINGS</lastName>
        <identifiers>
          <bioguideId>H000324</bioguideId>
          <lisID>511</lisID>
          <gpoId>7895</gpoId>
        </identifiers>
      </item>
      <item>
        <party>D</party>
        <state>IN</state>
        <sponsorshipDate>2018-06-13</sponsorshipDate>
        <district>7</district>
        <isOriginalCosponsor>True</isOriginalCosponsor>
        <fullName>Rep. Carson, Andre [D-IN-7]</fullName>
        <middleName />
        <bioguideId>C001072</bioguideId>
        <firstName>Andre</firstName>
        <sponsorshipWithdrawnDate />
        <lastName>Carson</lastName>
        <identifiers>
          <gpoId>7946</gpoId>
          <lisID>1889</lisID>
          <bioguideId>C001072</bioguideId>
        </identifiers>
      </item>
      <item>
        <party>D</party>
        <state>CA</state>
        <sponsorshipDate>2018-06-13</sponsorshipDate>
        <district>46</district>
        <isOriginalCosponsor>True</isOriginalCosponsor>
        <fullName>Rep. Correa, J. Luis [D-CA-46]</fullName>
        <middleName>Luis</middleName>
        <bioguideId>C001110</bioguideId>
        <firstName>J.</firstName>
        <sponsorshipWithdrawnDate />
        <lastName>Correa</lastName>
        <identifiers>
          <gpoId />
          <lisID>2312</lisID>
          <bioguideId>C001110</bioguideId>
        </identifiers>
      </item>
      <item>
        <party>D</party>
        <state>HI</state>
        <sponsorshipDate>2018-06-13</sponsorshipDate>
        <district>1</district>
        <isOriginalCosponsor>True</isOriginalCosponsor>
        <fullName>Rep. Hanabusa, Colleen [D-HI-1]</fullName>
        <middleName />
        <bioguideId>H001050</bioguideId>
        <firstName>Colleen</firstName>
        <sponsorshipWithdrawnDate />
        <lastName>Hanabusa</lastName>
        <identifiers>
          <lisID>2010</lisID>
          <gpoId>7912</gpoId>
          <bioguideId>H001050</bioguideId>
        </identifiers>
      </item>
      <item>
        <party>D</party>
        <state>IL</state>
        <sponsorshipDate>2018-06-13</sponsorshipDate>
        <district>8</district>
        <isOriginalCosponsor>True</isOriginalCosponsor>
        <fullName>Rep. Krishnamoorthi, Raja [D-IL-8]</fullName>
        <middleName />
        <bioguideId>K000391</bioguideId>
        <firstName>Raja</firstName>
        <sponsorshipWithdrawnDate />
        <lastName>Krishnamoorthi</lastName>
        <identifiers>
          <lisID>2325</lisID>
          <bioguideId>K000391</bioguideId>
          <gpoId />
        </identifiers>
      </item>
      <item>
        <party>D</party>
        <state>WI</state>
        <sponsorshipDate>2018-06-13</sponsorshipDate>
        <district>2</district>
        <isOriginalCosponsor>True</isOriginalCosponsor>
        <fullName>Rep. Pocan, Mark [D-WI-2]</fullName>
        <middleName />
        <bioguideId>P000607</bioguideId>
        <firstName>Mark</firstName>
        <sponsorshipWithdrawnDate />
        <lastName>Pocan</lastName>
        <identifiers>
          <lisID>2171</lisID>
          <gpoId />
          <bioguideId>P000607</bioguideId>
        </identifiers>
      </item>
      <item>
        <party>D</party>
        <state>VA</state>
        <sponsorshipDate>2018-06-13</sponsorshipDate>
        <district>8</district>
        <isOriginalCosponsor>True</isOriginalCosponsor>
        <fullName>Rep. Beyer, Donald S., Jr. [D-VA-8]</fullName>
        <middleName>S.</middleName>
        <bioguideId>B001292</bioguideId>
        <firstName>Donald</firstName>
        <sponsorshipWithdrawnDate />
        <lastName>Beyer</lastName>
        <identifiers>
          <bioguideId>B001292</bioguideId>
          <lisID>2272</lisID>
          <gpoId />
        </identifiers>
      </item>
      <item>
        <party>D</party>
        <state>CA</state>
        <sponsorshipDate>2018-06-13</sponsorshipDate>
        <district>47</district>
        <isOriginalCosponsor>True</isOriginalCosponsor>
        <fullName>Rep. Lowenthal, Alan S. [D-CA-47]</fullName>
        <middleName>S.</middleName>
        <bioguideId>L000579</bioguideId>
        <firstName>Alan</firstName>
        <sponsorshipWithdrawnDate />
        <lastName>Lowenthal</lastName>
        <identifiers>
          <lisID>2111</lisID>
          <bioguideId>L000579</bioguideId>
          <gpoId />
        </identifiers>
      </item>
      <item>
        <party>D</party>
        <state>CA</state>
        <sponsorshipDate>2018-06-13</sponsorshipDate>
        <district>2</district>
        <isOriginalCosponsor>True</isOriginalCosponsor>
        <fullName>Rep. Huffman, Jared [D-CA-2]</fullName>
        <middleName />
        <bioguideId>H001068</bioguideId>
        <firstName>Jared</firstName>
        <sponsorshipWithdrawnDate />
        <lastName>Huffman</lastName>
        <identifiers>
          <bioguideId>H001068</bioguideId>
          <lisID>2101</lisID>
          <gpoId />
        </identifiers>
      </item>
      <item>
        <party>D</party>
        <state>NV</state>
        <sponsorshipDate>2018-06-13</sponsorshipDate>
        <district>1</district>
        <isOriginalCosponsor>True</isOriginalCosponsor>
        <fullName>Rep. Titus, Dina [D-NV-1]</fullName>
        <middleName />
        <bioguideId>T000468</bioguideId>
        <firstName>Dina</firstName>
        <sponsorshipWithdrawnDate />
        <lastName>Titus</lastName>
        <identifiers>
          <bioguideId>T000468</bioguideId>
          <gpoId>7493</gpoId>
          <lisID>1940</lisID>
        </identifiers>
      </item>
      <item>
        <party>D</party>
        <state>MA</state>
        <sponsorshipDate>2018-06-13</sponsorshipDate>
        <district>7</district>
        <isOriginalCosponsor>True</isOriginalCosponsor>
        <fullName>Rep. Capuano, Michael E. [D-MA-7]</fullName>
        <middleName>E.</middleName>
        <bioguideId>C001037</bioguideId>
        <firstName>MICHAEL</firstName>
        <sponsorshipWithdrawnDate />
        <lastName>CAPUANO</lastName>
        <identifiers>
          <lisID>1564</lisID>
          <bioguideId>C001037</bioguideId>
          <gpoId>7973</gpoId>
        </identifiers>
      </item>
      <item>
        <party>D</party>
        <state>CA</state>
        <sponsorshipDate>2018-06-13</sponsorshipDate>
        <district>51</district>
        <isOriginalCosponsor>True</isOriginalCosponsor>
        <fullName>Rep. Vargas, Juan [D-CA-51]</fullName>
        <middleName />
        <bioguideId>V000130</bioguideId>
        <firstName>Juan</firstName>
        <sponsorshipWithdrawnDate />
        <lastName>Vargas</lastName>
        <identifiers>
          <lisID>2112</lisID>
          <gpoId />
          <bioguideId>V000130</bioguideId>
        </identifiers>
      </item>
      <item>
        <party>D</party>
        <state>NM</state>
        <sponsorshipDate>2018-06-13</sponsorshipDate>
        <district>3</district>
        <isOriginalCosponsor>True</isOriginalCosponsor>
        <fullName>Rep. Lujan, Ben Ray [D-NM-3]</fullName>
        <middleName>Ray</middleName>
        <bioguideId>L000570</bioguideId>
        <firstName>Ben</firstName>
        <sponsorshipWithdrawnDate />
        <lastName>Lujan</lastName>
        <identifiers>
          <lisID>1939</lisID>
          <gpoId>8058</gpoId>
          <bioguideId>L000570</bioguideId>
        </identifiers>
      </item>
      <item>
        <party>D</party>
        <state>CA</state>
        <sponsorshipDate>2018-06-13</sponsorshipDate>
        <district>19</district>
        <isOriginalCosponsor>True</isOriginalCosponsor>
        <fullName>Rep. Lofgren, Zoe [D-CA-19]</fullName>
        <middleName />
        <bioguideId>L000397</bioguideId>
        <firstName>ZOE</firstName>
        <sponsorshipWithdrawnDate />
        <lastName>LOFGREN</lastName>
        <identifiers>
          <lisID>701</lisID>
          <bioguideId>L000397</bioguideId>
          <gpoId>7821</gpoId>
        </identifiers>
      </item>
      <item>
        <party>D</party>
        <state>NJ</state>
        <sponsorshipDate>2018-06-13</sponsorshipDate>
        <district>8</district>
        <isOriginalCosponsor>True</isOriginalCosponsor>
        <fullName>Rep. Sires, Albio [D-NJ-8]</fullName>
        <middleName />
        <bioguideId>S001165</bioguideId>
        <firstName>Albio</firstName>
        <sponsorshipWithdrawnDate />
        <lastName>Sires</lastName>
        <identifiers>
          <lisID>1818</lisID>
          <gpoId>8055</gpoId>
          <bioguideId>S001165</bioguideId>
        </identifiers>
      </item>
      <item>
        <party>D</party>
        <state>CA</state>
        <sponsorshipDate>2018-06-13</sponsorshipDate>
        <district>3</district>
        <isOriginalCosponsor>True</isOriginalCosponsor>
        <fullName>Rep. Garamendi, John [D-CA-3]</fullName>
        <middleName />
        <bioguideId>G000559</bioguideId>
        <firstName>John</firstName>
        <sponsorshipWithdrawnDate />
        <lastName>Garamendi</lastName>
        <identifiers>
          <bioguideId>G000559</bioguideId>
          <lisID>1973</lisID>
          <gpoId>7815</gpoId>
        </identifiers>
      </item>
      <item>
        <party>D</party>
        <state>OH</state>
        <sponsorshipDate>2018-06-13</sponsorshipDate>
        <district>9</district>
        <isOriginalCosponsor>True</isOriginalCosponsor>
        <fullName>Rep. Kaptur, Marcy [D-OH-9]</fullName>
        <middleName />
        <bioguideId>K000009</bioguideId>
        <firstName>MARCY</firstName>
        <sponsorshipWithdrawnDate />
        <lastName>KAPTUR</lastName>
        <identifiers>
          <lisID>616</lisID>
          <gpoId>8099</gpoId>
          <bioguideId>K000009</bioguideId>
        </identifiers>
      </item>
      <item>
        <party>D</party>
        <state>FL</state>
        <sponsorshipDate>2018-06-13</sponsorshipDate>
        <district>5</district>
        <isOriginalCosponsor>True</isOriginalCosponsor>
        <fullName>Rep. Lawson, Al, Jr. [D-FL-5]</fullName>
        <middleName />
        <bioguideId>L000586</bioguideId>
        <firstName>Al</firstName>
        <sponsorshipWithdrawnDate />
        <lastName>Lawson</lastName>
        <identifiers>
          <bioguideId>L000586</bioguideId>
          <lisID>2317</lisID>
          <gpoId />
        </identifiers>
      </item>
      <item>
        <party>D</party>
        <state>NC</state>
        <sponsorshipDate>2018-06-13</sponsorshipDate>
        <district>12</district>
        <isOriginalCosponsor>True</isOriginalCosponsor>
        <fullName>Rep. Adams, Alma S. [D-NC-12]</fullName>
        <middleName>S.</middleName>
        <bioguideId>A000370</bioguideId>
        <firstName>Alma</firstName>
        <sponsorshipWithdrawnDate />
        <lastName>Adams</lastName>
        <identifiers>
          <gpoId />
          <lisID>2201</lisID>
          <bioguideId>A000370</bioguideId>
        </identifiers>
      </item>
      <item>
        <party>D</party>
        <state>DE</state>
        <sponsorshipDate>2018-06-13</sponsorshipDate>
        <district>0</district>
        <isOriginalCosponsor>True</isOriginalCosponsor>
        <fullName>Rep. Blunt Rochester, Lisa [D-DE-At Large]</fullName>
        <middleName />
        <bioguideId>B001303</bioguideId>
        <firstName>Lisa</firstName>
        <sponsorshipWithdrawnDate />
        <lastName>Blunt Rochester</lastName>
        <identifiers>
          <bioguideId>B001303</bioguideId>
          <lisID>2313</lisID>
          <gpoId />
        </identifiers>
      </item>
      <item>
        <party>D</party>
        <state>VA</state>
        <sponsorshipDate>2018-06-13</sponsorshipDate>
        <district>4</district>
        <isOriginalCosponsor>True</isOriginalCosponsor>
        <fullName>Rep. McEachin, A. Donald [D-VA-4]</fullName>
        <middleName>Donald</middleName>
        <bioguideId>M001200</bioguideId>
        <firstName>A.</firstName>
        <sponsorshipWithdrawnDate />
        <lastName>McEachin</lastName>
        <identifiers>
          <bioguideId>M001200</bioguideId>
          <lisID>2352</lisID>
          <gpoId />
        </identifiers>
      </item>
      <item>
        <party>D</party>
        <state>FL</state>
        <sponsorshipDate>2018-06-13</sponsorshipDate>
        <district>10</district>
        <isOriginalCosponsor>True</isOriginalCosponsor>
        <fullName>Rep. Demings, Val Butler [D-FL-10]</fullName>
        <middleName>Butler</middleName>
        <bioguideId>D000627</bioguideId>
        <firstName>Val</firstName>
        <sponsorshipWithdrawnDate />
        <lastName>Demings</lastName>
        <identifiers>
          <lisID>2320</lisID>
          <gpoId />
          <bioguideId>D000627</bioguideId>
        </identifiers>
      </item>
      <item>
        <party>D</party>
        <state>PA</state>
        <sponsorshipDate>2018-06-13</sponsorshipDate>
        <district>2</district>
        <isOriginalCosponsor>True</isOriginalCosponsor>
        <fullName>Rep. Evans, Dwight [D-PA-2]</fullName>
        <middleName />
        <bioguideId>E000296</bioguideId>
        <firstName>Dwight</firstName>
        <sponsorshipWithdrawnDate />
        <lastName>Evans</lastName>
        <identifiers>
          <lisID>2298</lisID>
          <bioguideId>E000296</bioguideId>
          <gpoId />
        </identifiers>
      </item>
      <item>
        <party>D</party>
        <state>IL</state>
        <sponsorshipDate>2018-06-13</sponsorshipDate>
        <district>2</district>
        <isOriginalCosponsor>True</isOriginalCosponsor>
        <fullName>Rep. Kelly, Robin L. [D-IL-2]</fullName>
        <middleName>L.</middleName>
        <bioguideId>K000385</bioguideId>
        <firstName>Robin</firstName>
        <sponsorshipWithdrawnDate />
        <lastName>Kelly</lastName>
        <identifiers>
          <lisID>2190</lisID>
          <gpoId />
          <bioguideId>K000385</bioguideId>
        </identifiers>
      </item>
      <item>
        <party>D</party>
        <state>TX</state>
        <sponsorshipDate>2018-06-13</sponsorshipDate>
        <district>9</district>
        <isOriginalCosponsor>True</isOriginalCosponsor>
        <fullName>Rep. Green, Al [D-TX-9]</fullName>
        <middleName />
        <bioguideId>G000553</bioguideId>
        <firstName>Al</firstName>
        <sponsorshipWithdrawnDate />
        <lastName>Green</lastName>
        <identifiers>
          <bioguideId>G000553</bioguideId>
          <lisID>1803</lisID>
          <gpoId>8165</gpoId>
        </identifiers>
      </item>
      <item>
        <party>D</party>
        <state>GA</state>
        <sponsorshipDate>2018-06-13</sponsorshipDate>
        <district>5</district>
        <isOriginalCosponsor>True</isOriginalCosponsor>
        <fullName>Rep. Lewis, John [D-GA-5]</fullName>
        <middleName />
        <bioguideId>L000287</bioguideId>
        <firstName>JOHN</firstName>
        <sponsorshipWithdrawnDate />
        <lastName>LEWIS</lastName>
        <identifiers>
          <bioguideId>L000287</bioguideId>
          <lisID>688</lisID>
          <gpoId>7902</gpoId>
        </identifiers>
      </item>
      <item>
        <party>D</party>
        <state>MO</state>
        <sponsorshipDate>2018-06-13</sponsorshipDate>
        <district>5</district>
        <isOriginalCosponsor>True</isOriginalCosponsor>
        <fullName>Rep. Cleaver, Emanuel [D-MO-5]</fullName>
        <middleName />
        <bioguideId>C001061</bioguideId>
        <firstName>Emanuel</firstName>
        <sponsorshipWithdrawnDate />
        <lastName>Cleaver</lastName>
        <identifiers>
          <lisID>1790</lisID>
          <bioguideId>C001061</bioguideId>
          <gpoId>8013</gpoId>
        </identifiers>
      </item>
      <item>
        <party>D</party>
        <state>TX</state>
        <sponsorshipDate>2018-06-13</sponsorshipDate>
        <district>30</district>
        <isOriginalCosponsor>True</isOriginalCosponsor>
        <fullName>Rep. Johnson, Eddie Bernice [D-TX-30]</fullName>
        <middleName>BERNICE</middleName>
        <bioguideId>J000126</bioguideId>
        <firstName>EDDIE</firstName>
        <sponsorshipWithdrawnDate />
        <lastName>JOHNSON</lastName>
        <identifiers>
          <bioguideId>J000126</bioguideId>
          <lisID>599</lisID>
          <gpoId>8186</gpoId>
        </identifiers>
      </item>
      <item>
        <party>D</party>
        <state>NY</state>
        <sponsorshipDate>2018-06-13</sponsorshipDate>
        <district>8</district>
        <isOriginalCosponsor>True</isOriginalCosponsor>
        <fullName>Rep. Jeffries, Hakeem S. [D-NY-8]</fullName>
        <middleName>S.</middleName>
        <bioguideId>J000294</bioguideId>
        <firstName>Hakeem</firstName>
        <sponsorshipWithdrawnDate />
        <lastName>Jeffries</lastName>
        <identifiers>
          <lisID>2149</lisID>
          <gpoId />
          <bioguideId>J000294</bioguideId>
        </identifiers>
      </item>
      <item>
        <party>D</party>
        <state>MD</state>
        <sponsorshipDate>2018-06-13</sponsorshipDate>
        <district>4</district>
        <isOriginalCosponsor>True</isOriginalCosponsor>
        <fullName>Rep. Brown, Anthony G. [D-MD-4]</fullName>
        <middleName>G.</middleName>
        <bioguideId>B001304</bioguideId>
        <firstName>Anthony</firstName>
        <sponsorshipWithdrawnDate />
        <lastName>Brown</lastName>
        <identifiers>
          <lisID>2331</lisID>
          <bioguideId>B001304</bioguideId>
          <gpoId />
        </identifiers>
      </item>
      <item>
        <party>D</party>
        <state>LA</state>
        <sponsorshipDate>2018-06-13</sponsorshipDate>
        <district>2</district>
        <isOriginalCosponsor>True</isOriginalCosponsor>
        <fullName>Rep. Richmond, Cedric L. [D-LA-2]</fullName>
        <middleName>L.</middleName>
        <bioguideId>R000588</bioguideId>
        <firstName>Cedric</firstName>
        <sponsorshipWithdrawnDate />
        <lastName>Richmond</lastName>
        <identifiers>
          <lisID>2023</lisID>
          <gpoId>7960</gpoId>
          <bioguideId>R000588</bioguideId>
        </identifiers>
      </item>
      <item>
        <party>D</party>
        <state>CA</state>
        <sponsorshipDate>2018-06-13</sponsorshipDate>
        <district>37</district>
        <isOriginalCosponsor>True</isOriginalCosponsor>
        <fullName>Rep. Bass, Karen [D-CA-37]</fullName>
        <middleName />
        <bioguideId>B001270</bioguideId>
        <firstName>Karen</firstName>
        <sponsorshipWithdrawnDate />
        <lastName>Bass</lastName>
        <identifiers>
          <lisID>1996</lisID>
          <gpoId>7838</gpoId>
          <bioguideId>B001270</bioguideId>
        </identifiers>
      </item>
      <item>
        <party>D</party>
        <state>SC</state>
        <sponsorshipDate>2018-06-13</sponsorshipDate>
        <district>6</district>
        <isOriginalCosponsor>True</isOriginalCosponsor>
        <fullName>Rep. Clyburn, James E. [D-SC-6]</fullName>
        <middleName>E.</middleName>
        <bioguideId>C000537</bioguideId>
        <firstName>JAMES</firstName>
        <sponsorshipWithdrawnDate />
        <lastName>CLYBURN</lastName>
        <identifiers>
          <lisID>208</lisID>
          <bioguideId>C000537</bioguideId>
          <gpoId>8146</gpoId>
        </identifiers>
      </item>
      <item>
        <party>D</party>
        <state>MI</state>
        <sponsorshipDate>2018-06-13</sponsorshipDate>
        <district>14</district>
        <isOriginalCosponsor>True</isOriginalCosponsor>
        <fullName>Rep. Lawrence, Brenda L. [D-MI-14]</fullName>
        <middleName>L.</middleName>
        <bioguideId>L000581</bioguideId>
        <firstName>Brenda</firstName>
        <sponsorshipWithdrawnDate />
        <lastName>Lawrence</lastName>
        <identifiers>
          <lisID>2252</lisID>
          <bioguideId>L000581</bioguideId>
          <gpoId />
        </identifiers>
      </item>
      <item>
        <party>D</party>
        <state>NJ</state>
        <sponsorshipDate>2018-06-13</sponsorshipDate>
        <district>12</district>
        <isOriginalCosponsor>True</isOriginalCosponsor>
        <fullName>Rep. Watson Coleman, Bonnie [D-NJ-12]</fullName>
        <middleName />
        <bioguideId>W000822</bioguideId>
        <firstName>Bonnie</firstName>
        <sponsorshipWithdrawnDate />
        <lastName>Watson Coleman</lastName>
        <identifiers>
          <lisID>2259</lisID>
          <bioguideId>W000822</bioguideId>
          <gpoId />
        </identifiers>
      </item>
      <item>
        <party>D</party>
        <state>TX</state>
        <sponsorshipDate>2018-06-13</sponsorshipDate>
        <district>18</district>
        <isOriginalCosponsor>True</isOriginalCosponsor>
        <fullName>Rep. Jackson Lee, Sheila [D-TX-18]</fullName>
        <middleName />
        <bioguideId>J000032</bioguideId>
        <firstName>SHEILA</firstName>
        <sponsorshipWithdrawnDate />
        <lastName>JACKSON LEE</lastName>
        <identifiers>
          <lisID>588</lisID>
          <gpoId>8174</gpoId>
          <bioguideId>J000032</bioguideId>
        </identifiers>
      </item>
      <item>
        <party>D</party>
        <state>NY</state>
        <sponsorshipDate>2018-06-13</sponsorshipDate>
        <district>9</district>
        <isOriginalCosponsor>True</isOriginalCosponsor>
        <fullName>Rep. Clarke, Yvette D. [D-NY-9]</fullName>
        <middleName>D.</middleName>
        <bioguideId>C001067</bioguideId>
        <firstName>Yvette</firstName>
        <sponsorshipWithdrawnDate />
        <lastName>Clarke</lastName>
        <identifiers>
          <lisID>1864</lisID>
          <gpoId>8072</gpoId>
          <bioguideId>C001067</bioguideId>
        </identifiers>
      </item>
      <item>
        <party>D</party>
        <state>CA</state>
        <sponsorshipDate>2018-06-13</sponsorshipDate>
        <district>43</district>
        <isOriginalCosponsor>True</isOriginalCosponsor>
        <fullName>Rep. Waters, Maxine [D-CA-43]</fullName>
        <middleName />
        <bioguideId>W000187</bioguideId>
        <firstName>MAXINE</firstName>
        <sponsorshipWithdrawnDate />
        <lastName>WATERS</lastName>
        <identifiers>
          <bioguideId>W000187</bioguideId>
          <lisID>1205</lisID>
          <gpoId>7840</gpoId>
        </identifiers>
      </item>
      <item>
        <party>D</party>
        <state>OH</state>
        <sponsorshipDate>2018-06-13</sponsorshipDate>
        <district>11</district>
        <isOriginalCosponsor>True</isOriginalCosponsor>
        <fullName>Rep. Fudge, Marcia L. [D-OH-11]</fullName>
        <middleName>L.</middleName>
        <bioguideId>F000455</bioguideId>
        <firstName>Marcia</firstName>
        <sponsorshipWithdrawnDate />
        <lastName>Fudge</lastName>
        <identifiers>
          <bioguideId>F000455</bioguideId>
          <lisID>1895</lisID>
          <gpoId>8101</gpoId>
        </identifiers>
      </item>
      <item>
        <party>D</party>
        <state>TX</state>
        <sponsorshipDate>2018-06-13</sponsorshipDate>
        <district>33</district>
        <isOriginalCosponsor>True</isOriginalCosponsor>
        <fullName>Rep. Veasey, Marc A. [D-TX-33]</fullName>
        <middleName>A.</middleName>
        <bioguideId>V000131</bioguideId>
        <firstName>Marc</firstName>
        <sponsorshipWithdrawnDate />
        <lastName>Veasey</lastName>
        <identifiers>
          <lisID>2166</lisID>
          <gpoId />
          <bioguideId>V000131</bioguideId>
        </identifiers>
      </item>
      <item>
        <party>R</party>
        <state>UT</state>
        <sponsorshipDate>2018-06-13</sponsorshipDate>
        <district>4</district>
        <isOriginalCosponsor>True</isOriginalCosponsor>
        <fullName>Rep. Love, Mia B. [R-UT-4]</fullName>
        <middleName>B.</middleName>
        <bioguideId>L000584</bioguideId>
        <firstName>Mia</firstName>
        <sponsorshipWithdrawnDate />
        <lastName>Love</lastName>
        <identifiers>
          <lisID>2271</lisID>
          <bioguideId>L000584</bioguideId>
          <gpoId />
        </identifiers>
      </item>
      <item>
        <party>D</party>
        <state>NY</state>
        <sponsorshipDate>2018-06-13</sponsorshipDate>
        <district>18</district>
        <isOriginalCosponsor>True</isOriginalCosponsor>
        <fullName>Rep. Maloney, Sean Patrick [D-NY-18]</fullName>
        <middleName>Patrick</middleName>
        <bioguideId>M001185</bioguideId>
        <firstName>Sean</firstName>
        <sponsorshipWithdrawnDate />
        <lastName>Maloney</lastName>
        <identifiers>
          <bioguideId>M001185</bioguideId>
          <lisID>2150</lisID>
          <gpoId />
        </identifiers>
      </item>
      <item>
        <party>D</party>
        <state>NJ</state>
        <sponsorshipDate>2018-06-13</sponsorshipDate>
        <district>5</district>
        <isOriginalCosponsor>True</isOriginalCosponsor>
        <fullName>Rep. Gottheimer, Josh [D-NJ-5]</fullName>
        <middleName />
        <bioguideId>G000583</bioguideId>
        <firstName>Josh</firstName>
        <sponsorshipWithdrawnDate />
        <lastName>Gottheimer</lastName>
        <identifiers>
          <bioguideId>G000583</bioguideId>
          <gpoId />
          <lisID>2338</lisID>
        </identifiers>
      </item>
      <item>
        <party>D</party>
        <state>NC</state>
        <sponsorshipDate>2018-06-13</sponsorshipDate>
        <district>1</district>
        <isOriginalCosponsor>True</isOriginalCosponsor>
        <fullName>Rep. Butterfield, G. K. [D-NC-1]</fullName>
        <middleName />
        <bioguideId>B001251</bioguideId>
        <firstName>G. K.</firstName>
        <sponsorshipWithdrawnDate />
        <lastName>Butterfield</lastName>
        <identifiers>
          <bioguideId>B001251</bioguideId>
          <lisID>1761</lisID>
          <gpoId>8024</gpoId>
        </identifiers>
      </item>
      <item>
        <party>D</party>
        <state>TX</state>
        <sponsorshipDate>2018-06-13</sponsorshipDate>
        <district>35</district>
        <isOriginalCosponsor>True</isOriginalCosponsor>
        <fullName>Rep. Doggett, Lloyd [D-TX-35]</fullName>
        <middleName />
        <bioguideId>D000399</bioguideId>
        <firstName>LLOYD</firstName>
        <sponsorshipWithdrawnDate />
        <lastName>DOGGETT</lastName>
        <identifiers>
          <lisID>303</lisID>
          <gpoId>8181</gpoId>
          <bioguideId>D000399</bioguideId>
        </identifiers>
      </item>
      <item>
        <party>D</party>
        <state>WA</state>
        <sponsorshipDate>2018-06-13</sponsorshipDate>
        <district>9</district>
        <isOriginalCosponsor>True</isOriginalCosponsor>
        <fullName>Rep. Smith, Adam [D-WA-9]</fullName>
        <middleName />
        <bioguideId>S000510</bioguideId>
        <firstName>ADAM</firstName>
        <sponsorshipWithdrawnDate />
        <lastName>SMITH</lastName>
        <identifiers>
          <lisID>1528</lisID>
          <gpoId>8213</gpoId>
          <bioguideId>S000510</bioguideId>
        </identifiers>
      </item>
      <item>
        <party>D</party>
        <state>NY</state>
        <sponsorshipDate>2018-06-13</sponsorshipDate>
        <district>7</district>
        <isOriginalCosponsor>True</isOriginalCosponsor>
        <fullName>Rep. Velazquez, Nydia M. [D-NY-7]</fullName>
        <middleName>M.</middleName>
        <bioguideId>V000081</bioguideId>
        <firstName>NYDIA</firstName>
        <sponsorshipWithdrawnDate />
        <lastName>VELAZQUEZ</lastName>
        <identifiers>
          <lisID>1184</lisID>
          <bioguideId>V000081</bioguideId>
          <gpoId>8073</gpoId>
        </identifiers>
      </item>
      <item>
        <party>D</party>
        <state>MA</state>
        <sponsorshipDate>2018-06-14</sponsorshipDate>
        <district>9</district>
        <isOriginalCosponsor>False</isOriginalCosponsor>
        <fullName>Rep. Keating, William R. [D-MA-9]</fullName>
        <middleName>R.</middleName>
        <bioguideId>K000375</bioguideId>
        <firstName>William</firstName>
        <sponsorshipWithdrawnDate />
        <lastName>Keating</lastName>
        <identifiers>
          <lisID>2025</lisID>
          <gpoId>7975</gpoId>
          <bioguideId>K000375</bioguideId>
        </identifiers>
      </item>
      <item>
        <party>D</party>
        <state>NV</state>
        <sponsorshipDate>2018-06-19</sponsorshipDate>
        <district>4</district>
        <isOriginalCosponsor>False</isOriginalCosponsor>
        <fullName>Rep. Kihuen, Ruben J. [D-NV-4]</fullName>
        <middleName>J.</middleName>
        <bioguideId>K000390</bioguideId>
        <firstName>Ruben</firstName>
        <sponsorshipWithdrawnDate />
        <lastName>Kihuen</lastName>
        <identifiers>
          <lisID>2340</lisID>
          <gpoId />
          <bioguideId>K000390</bioguideId>
        </identifiers>
      </item>
    </cosponsors>
    <introducedDate>2018-06-13</introducedDate>
    <recordedVotes />
    <congress>115</congress>
    <amendments />
    <version>1.0.0</version>
    <calendarNumbers />
    <latestAction>
      <actionDate>2018-06-13</actionDate>
      <links />
      <text>Referred to the House Committee on Oversight and Government Reform.</text>
    </latestAction>
    <titles>
      <item>
        <chamberName />
        <chamberCode />
        <titleType>Official Title as Introduced</titleType>
        <title>Supporting National Men's Health Week.</title>
        <parentTitleType />
      </item>
      <item>
        <chamberName />
        <chamberCode />
        <titleType>Display Title</titleType>
        <title>Supporting National Men's Health Week.</title>
        <parentTitleType />
      </item>
    </titles>
    <cboCostEstimates />
    <committees>
      <billCommittees>
        <item>
          <systemCode>hsgo00</systemCode>
          <type>Standing</type>
          <activities>
            <item>
              <date>2018-06-13T14:03:30Z</date>
              <name>Referred to</name>
            </item>
          </activities>
          <name>Oversight and Government Reform Committee</name>
          <subcommittees />
          <chamber>House</chamber>
        </item>
      </billCommittees>
    </committees>
    <subjects>
      <billSubjects>
        <legislativeSubjects />
        <policyArea>
          <name>Health</name>
        </policyArea>
      </billSubjects>
    </subjects>
  </bill>
  <dublinCore xmlns:dc="http://purl.org/dc/elements/1.1/">
    <dc:format>text/xml</dc:format>
    <dc:language>EN</dc:language>
    <dc:rights>Pursuant to Title 17 Section 105 of the United States Code, this file is not subject to copyright protection and is in the public domain.</dc:rights>
    <dc:contributor>Congressional Research Service, Library of Congress</dc:contributor>
    <dc:description>This file contains bill summaries and statuses for federal legislation. A bill summary describes the most significant provisions of a piece of legislation and details the effects the legislative text may have on current law and federal programs. Bill summaries are authored by the Congressional Research Service (CRS) of the Library of Congress. As stated in Public Law 91-510 (2 USC 166 (d)(6)), one of the duties of CRS is "to prepare summaries and digests of bills and resolutions of a public general nature introduced in the Senate or House of Representatives". For more information, refer to the User Guide that accompanies this file.</dc:description>
  </dublinCore>
</billStatus>

