<?xml version="1.0" encoding="UTF-8"?>
<billStatus>
  <bill>
    <titles>
      <item>
        <chamberName />
        <chamberCode />
        <titleType>Official Title as Introduced</titleType>
        <title>To express the sense of Congress that the first launch of the Space Launch System should be named for Captain Eugene Andrew "Gene" Cernan.</title>
        <parentTitleType />
      </item>
      <item>
        <chamberName />
        <chamberCode />
        <titleType>Display Title</titleType>
        <title>To express the sense of Congress that the first launch of the Space Launch System should be named for Captain Eugene Andrew "Gene" Cernan.</title>
        <parentTitleType />
      </item>
    </titles>
    <notes />
    <latestAction>
      <links />
      <text>Referred to the Subcommittee on Space.</text>
      <actionDate>2018-05-22</actionDate>
    </latestAction>
    <constitutionalAuthorityStatementText />
    <committees>
      <billCommittees>
        <item>
          <activities>
            <item>
              <name>Referred to</name>
              <date>2017-02-15T15:04:15Z</date>
            </item>
          </activities>
          <name>Science, Space, and Technology Committee</name>
          <type>Standing</type>
          <chamber>House</chamber>
          <subcommittees>
            <item>
              <activities>
                <item>
                  <name>Referred to</name>
                  <date>2018-05-22T19:34:28Z</date>
                </item>
              </activities>
              <name>Space Subcommittee</name>
              <systemCode>hssy16</systemCode>
            </item>
          </subcommittees>
          <systemCode>hssy00</systemCode>
        </item>
      </billCommittees>
    </committees>
    <actions>
      <item>
        <actionDate>2018-05-22</actionDate>
        <committee>
          <systemCode>hssy16</systemCode>
          <name>Space Subcommittee</name>
        </committee>
        <links />
        <sourceSystem>
          <code>1</code>
          <name>House committee actions</name>
        </sourceSystem>
        <text>Referred to the Subcommittee on Space.</text>
        <type>Committee</type>
      </item>
      <item>
        <text>Referred to the House Committee on Science, Space, and Technology.</text>
        <type>IntroReferral</type>
        <links />
        <actionDate>2017-02-15</actionDate>
        <sourceSystem>
          <code>2</code>
          <name>House floor actions</name>
        </sourceSystem>
        <committee>
          <systemCode>hssy00</systemCode>
          <name>Science, Space, and Technology Committee</name>
        </committee>
        <actionCode>H11100</actionCode>
      </item>
      <item>
        <text>Introduced in House</text>
        <type>IntroReferral</type>
        <links />
        <actionDate>2017-02-15</actionDate>
        <sourceSystem>
          <code>9</code>
          <name>Library of Congress</name>
        </sourceSystem>
        <committee />
        <actionCode>Intro-H</actionCode>
      </item>
      <item>
        <text>Introduced in House</text>
        <type>IntroReferral</type>
        <links />
        <actionDate>2017-02-15</actionDate>
        <sourceSystem>
          <code>9</code>
          <name>Library of Congress</name>
        </sourceSystem>
        <committee />
        <actionCode>1000</actionCode>
      </item>
      <actionByCounts>
        <houseOfRepresentatives>4</houseOfRepresentatives>
      </actionByCounts>
      <actionTypeCounts>
        <billReferrals>1</billReferrals>
        <introducedInTheHouse>1</introducedInTheHouse>
        <placeholderTextForH>1</placeholderTextForH>
        <introducedInHouse>1</introducedInHouse>
      </actionTypeCounts>
    </actions>
    <policyArea>
      <name>Science, Technology, Communications</name>
    </policyArea>
    <sponsors>
      <item>
        <fullName>Rep. Aderholt, Robert B. [R-AL-4]</fullName>
        <party>R</party>
        <bioguideId>A000055</bioguideId>
        <identifiers>
          <lisID>1460</lisID>
          <bioguideId>A000055</bioguideId>
          <gpoId>7789</gpoId>
        </identifiers>
        <lastName>ADERHOLT</lastName>
        <district>4</district>
        <middleName>B.</middleName>
        <firstName>ROBERT</firstName>
        <byRequestType />
        <state>AL</state>
      </item>
    </sponsors>
    <recordedVotes />
    <updateDate>2018-08-28T19:53:15Z</updateDate>
    <billNumber>26</billNumber>
    <title>To express the sense of Congress that the first launch of the Space Launch System should be named for Captain Eugene Andrew "Gene" Cernan.</title>
    <relatedBills />
    <amendments />
    <version>1.0.0</version>
    <laws />
    <cboCostEstimates />
    <billType>HCONRES</billType>
    <createDate>2017-02-16T04:45:59Z</createDate>
    <originChamber>House</originChamber>
    <summaries>
      <billSummaries>
        <item>
          <lastSummaryUpdateDate>2017-04-17T21:27:51Z</lastSummaryUpdateDate>
          <actionDate>2017-02-15</actionDate>
          <text><![CDATA[<p>Expresses the sense of Congress that the Space Launch System should be named the Cernan 1 in recognition of the achievements of Captain Eugene Andrew &quot;Gene&quot; Cernan, his fellow astronauts, and all who participated in developing and supporting the Apollo program. </p>]]></text>
          <updateDate>2017-02-15T05:00:00Z</updateDate>
          <name>Introduced in House</name>
          <versionCode>00</versionCode>
          <actionDesc>Introduced in House</actionDesc>
        </item>
      </billSummaries>
    </summaries>
    <committeeReports />
    <calendarNumbers />
    <cosponsors>
      <item>
        <party>R</party>
        <state>TX</state>
        <sponsorshipDate>2017-02-15</sponsorshipDate>
        <district>7</district>
        <isOriginalCosponsor>True</isOriginalCosponsor>
        <fullName>Rep. Culberson, John Abney [R-TX-7]</fullName>
        <middleName>ABNEY</middleName>
        <bioguideId>C001048</bioguideId>
        <firstName>JOHN</firstName>
        <sponsorshipWithdrawnDate />
        <lastName>CULBERSON</lastName>
        <identifiers>
          <lisID>1670</lisID>
          <gpoId>8163</gpoId>
          <bioguideId>C001048</bioguideId>
        </identifiers>
      </item>
      <item>
        <party>R</party>
        <state>TX</state>
        <sponsorshipDate>2017-02-15</sponsorshipDate>
        <district>21</district>
        <isOriginalCosponsor>True</isOriginalCosponsor>
        <fullName>Rep. Smith, Lamar [R-TX-21]</fullName>
        <middleName />
        <bioguideId>S000583</bioguideId>
        <firstName>LAMAR</firstName>
        <sponsorshipWithdrawnDate />
        <lastName>SMITH</lastName>
        <identifiers>
          <lisID>1075</lisID>
          <bioguideId>S000583</bioguideId>
          <gpoId>8177</gpoId>
        </identifiers>
      </item>
      <item>
        <party>R</party>
        <state>TX</state>
        <sponsorshipDate>2017-02-16</sponsorshipDate>
        <district>36</district>
        <isOriginalCosponsor>False</isOriginalCosponsor>
        <fullName>Rep. Babin, Brian [R-TX-36]</fullName>
        <middleName />
        <bioguideId>B001291</bioguideId>
        <firstName>Brian</firstName>
        <sponsorshipWithdrawnDate />
        <lastName>Babin</lastName>
        <identifiers>
          <lisID>2270</lisID>
          <bioguideId>B001291</bioguideId>
          <gpoId />
        </identifiers>
      </item>
      <item>
        <party>R</party>
        <state>OK</state>
        <sponsorshipDate>2017-02-16</sponsorshipDate>
        <district>1</district>
        <isOriginalCosponsor>False</isOriginalCosponsor>
        <fullName>Rep. Bridenstine, Jim [R-OK-1]</fullName>
        <middleName />
        <bioguideId>B001283</bioguideId>
        <firstName>Jim</firstName>
        <sponsorshipWithdrawnDate />
        <lastName>Bridenstine</lastName>
        <identifiers>
          <lisID>2155</lisID>
          <bioguideId>B001283</bioguideId>
          <gpoId />
        </identifiers>
      </item>
      <item>
        <party>R</party>
        <state>TX</state>
        <sponsorshipDate>2017-03-01</sponsorshipDate>
        <district>17</district>
        <isOriginalCosponsor>False</isOriginalCosponsor>
        <fullName>Rep. Flores, Bill [R-TX-17]</fullName>
        <middleName />
        <bioguideId>F000461</bioguideId>
        <firstName>Bill</firstName>
        <sponsorshipWithdrawnDate />
        <lastName>Flores</lastName>
        <identifiers>
          <lisID>2065</lisID>
          <bioguideId>F000461</bioguideId>
          <gpoId>8173</gpoId>
        </identifiers>
      </item>
    </cosponsors>
    <introducedDate>2017-02-15</introducedDate>
    <congress>115</congress>
    <subjects>
      <billSubjects>
        <policyArea>
          <name>Science, Technology, Communications</name>
        </policyArea>
        <legislativeSubjects>
          <item>
            <name>Congressional tributes</name>
          </item>
          <item>
            <name>Space flight and exploration</name>
          </item>
          <item>
            <name>Spacecraft and satellites</name>
          </item>
        </legislativeSubjects>
      </billSubjects>
    </subjects>
  </bill>
  <dublinCore xmlns:dc="http://purl.org/dc/elements/1.1/">
    <dc:format>text/xml</dc:format>
    <dc:language>EN</dc:language>
    <dc:rights>Pursuant to Title 17 Section 105 of the United States Code, this file is not subject to copyright protection and is in the public domain.</dc:rights>
    <dc:contributor>Congressional Research Service, Library of Congress</dc:contributor>
    <dc:description>This file contains bill summaries and statuses for federal legislation. A bill summary describes the most significant provisions of a piece of legislation and details the effects the legislative text may have on current law and federal programs. Bill summaries are authored by the Congressional Research Service (CRS) of the Library of Congress. As stated in Public Law 91-510 (2 USC 166 (d)(6)), one of the duties of CRS is "to prepare summaries and digests of bills and resolutions of a public general nature introduced in the Senate or House of Representatives". For more information, refer to the User Guide that accompanies this file.</dc:description>
  </dublinCore>
</billStatus>

