<?xml version="1.0" encoding="UTF-8"?>
<billStatus>
  <bill>
    <amendments />
    <latestAction>
      <actionDate>2017-04-04</actionDate>
      <text>Referred to the House Committee on Oversight and Government Reform.</text>
      <links />
    </latestAction>
    <congress>115</congress>
    <subjects>
      <billSubjects>
        <legislativeSubjects>
          <item>
            <name>Commemorative events and holidays</name>
          </item>
          <item>
            <name>Employment discrimination and employee rights</name>
          </item>
          <item>
            <name>Sex, gender, sexual orientation discrimination</name>
          </item>
          <item>
            <name>Wages and earnings</name>
          </item>
          <item>
            <name>Women's employment</name>
          </item>
        </legislativeSubjects>
        <policyArea>
          <name>Civil Rights and Liberties, Minority Issues</name>
        </policyArea>
      </billSubjects>
    </subjects>
    <laws />
    <notes />
    <billType>HCONRES</billType>
    <sponsors>
      <item>
        <lastName>Frankel</lastName>
        <middleName />
        <bioguideId>F000462</bioguideId>
        <fullName>Rep. Frankel, Lois [D-FL-21]</fullName>
        <identifiers>
          <bioguideId>F000462</bioguideId>
          <lisID>2119</lisID>
          <gpoId />
        </identifiers>
        <byRequestType />
        <state>FL</state>
        <firstName>Lois</firstName>
        <party>D</party>
        <district>21</district>
      </item>
    </sponsors>
    <recordedVotes />
    <committeeReports />
    <introducedDate>2017-04-04</introducedDate>
    <relatedBills>
      <item>
        <latestAction>
          <actionDate>2018-04-10</actionDate>
          <text>Referred to the House Committee on Oversight and Government Reform.</text>
        </latestAction>
        <relationshipDetails>
          <item>
            <identifiedBy>CRS</identifiedBy>
            <type>Related bill</type>
          </item>
          <item>
            <identifiedBy>CRS</identifiedBy>
            <type>Identical bill</type>
          </item>
        </relationshipDetails>
        <congress>115</congress>
        <latestTitle>Recognizing the significance of Equal Pay Day to illustrate the disparity between wages paid to men and women.</latestTitle>
        <type>HCONRES</type>
        <number>117</number>
      </item>
    </relatedBills>
    <cosponsors>
      <item>
        <sponsorshipDate>2017-04-04</sponsorshipDate>
        <party>D</party>
        <fullName>Rep. DeLauro, Rosa L. [D-CT-3]</fullName>
        <identifiers>
          <bioguideId>D000216</bioguideId>
          <lisID>281</lisID>
          <gpoId>7868</gpoId>
        </identifiers>
        <lastName>DELAURO</lastName>
        <firstName>ROSA</firstName>
        <isOriginalCosponsor>True</isOriginalCosponsor>
        <middleName />
        <sponsorshipWithdrawnDate />
        <state>CT</state>
        <district>3</district>
        <bioguideId>D000216</bioguideId>
      </item>
      <item>
        <sponsorshipDate>2017-04-04</sponsorshipDate>
        <party>D</party>
        <fullName>Rep. Slaughter, Louise McIntosh [D-NY-25]</fullName>
        <identifiers>
          <lisID>1069</lisID>
          <bioguideId>S000480</bioguideId>
          <gpoId>8089</gpoId>
        </identifiers>
        <lastName>SLAUGHTER</lastName>
        <firstName>LOUISE</firstName>
        <isOriginalCosponsor>True</isOriginalCosponsor>
        <middleName>M.</middleName>
        <sponsorshipWithdrawnDate />
        <state>NY</state>
        <district>25</district>
        <bioguideId>S000480</bioguideId>
      </item>
      <item>
        <sponsorshipDate>2017-04-04</sponsorshipDate>
        <party>D</party>
        <fullName>Rep. Gutierrez, Luis V. [D-IL-4]</fullName>
        <identifiers>
          <lisID>478</lisID>
          <bioguideId>G000535</bioguideId>
          <gpoId>7924</gpoId>
        </identifiers>
        <lastName>GUTIERREZ</lastName>
        <firstName>LUIS</firstName>
        <isOriginalCosponsor>True</isOriginalCosponsor>
        <middleName>V.</middleName>
        <sponsorshipWithdrawnDate />
        <state>IL</state>
        <district>4</district>
        <bioguideId>G000535</bioguideId>
      </item>
      <item>
        <sponsorshipDate>2017-04-04</sponsorshipDate>
        <party>D</party>
        <fullName>Rep. Speier, Jackie [D-CA-14]</fullName>
        <identifiers>
          <bioguideId>S001175</bioguideId>
          <lisID>1890</lisID>
          <gpoId>7817</gpoId>
        </identifiers>
        <lastName>Speier</lastName>
        <firstName>Jackie</firstName>
        <isOriginalCosponsor>True</isOriginalCosponsor>
        <middleName />
        <sponsorshipWithdrawnDate />
        <state>CA</state>
        <district>14</district>
        <bioguideId>S001175</bioguideId>
      </item>
      <item>
        <sponsorshipDate>2017-04-04</sponsorshipDate>
        <party>D</party>
        <fullName>Rep. Lee, Barbara [D-CA-13]</fullName>
        <identifiers>
          <gpoId>7814</gpoId>
          <lisID>1501</lisID>
          <bioguideId>L000551</bioguideId>
        </identifiers>
        <lastName>LEE</lastName>
        <firstName>BARBARA</firstName>
        <isOriginalCosponsor>True</isOriginalCosponsor>
        <middleName />
        <sponsorshipWithdrawnDate />
        <state>CA</state>
        <district>13</district>
        <bioguideId>L000551</bioguideId>
      </item>
      <item>
        <sponsorshipDate>2017-04-04</sponsorshipDate>
        <party>D</party>
        <fullName>Rep. Boyle, Brendan F. [D-PA-13]</fullName>
        <identifiers>
          <lisID>2267</lisID>
          <bioguideId>B001296</bioguideId>
          <gpoId />
        </identifiers>
        <lastName>Boyle</lastName>
        <firstName>Brendan</firstName>
        <isOriginalCosponsor>True</isOriginalCosponsor>
        <middleName>F.</middleName>
        <sponsorshipWithdrawnDate />
        <state>PA</state>
        <district>13</district>
        <bioguideId>B001296</bioguideId>
      </item>
      <item>
        <sponsorshipDate>2017-04-04</sponsorshipDate>
        <party>D</party>
        <fullName>Rep. Norton, Eleanor Holmes [D-DC-At Large]</fullName>
        <identifiers>
          <lisID>868</lisID>
          <bioguideId>N000147</bioguideId>
          <gpoId>7871</gpoId>
        </identifiers>
        <lastName>NORTON</lastName>
        <firstName>ELEANOR</firstName>
        <isOriginalCosponsor>True</isOriginalCosponsor>
        <middleName>HOLMES</middleName>
        <sponsorshipWithdrawnDate />
        <state>DC</state>
        <district>0</district>
        <bioguideId>N000147</bioguideId>
      </item>
      <item>
        <sponsorshipDate>2017-04-04</sponsorshipDate>
        <party>D</party>
        <fullName>Rep. Maloney, Carolyn B. [D-NY-12]</fullName>
        <identifiers>
          <bioguideId>M000087</bioguideId>
          <lisID>729</lisID>
          <gpoId>8075</gpoId>
        </identifiers>
        <lastName>MALONEY</lastName>
        <firstName>CAROLYN</firstName>
        <isOriginalCosponsor>True</isOriginalCosponsor>
        <middleName>B.</middleName>
        <sponsorshipWithdrawnDate />
        <state>NY</state>
        <district>12</district>
        <bioguideId>M000087</bioguideId>
      </item>
      <item>
        <sponsorshipDate>2017-04-04</sponsorshipDate>
        <party>D</party>
        <fullName>Rep. Tonko, Paul [D-NY-20]</fullName>
        <identifiers>
          <bioguideId>T000469</bioguideId>
          <lisID>1942</lisID>
          <gpoId>8082</gpoId>
        </identifiers>
        <lastName>Tonko</lastName>
        <firstName>Paul</firstName>
        <isOriginalCosponsor>True</isOriginalCosponsor>
        <middleName />
        <sponsorshipWithdrawnDate />
        <state>NY</state>
        <district>20</district>
        <bioguideId>T000469</bioguideId>
      </item>
      <item>
        <sponsorshipDate>2017-04-04</sponsorshipDate>
        <party>D</party>
        <fullName>Rep. Schakowsky, Janice D. [D-IL-9]</fullName>
        <identifiers>
          <lisID>1588</lisID>
          <gpoId>7929</gpoId>
          <bioguideId>S001145</bioguideId>
        </identifiers>
        <lastName>SCHAKOWSKY</lastName>
        <firstName>JANICE</firstName>
        <isOriginalCosponsor>True</isOriginalCosponsor>
        <middleName>D.</middleName>
        <sponsorshipWithdrawnDate />
        <state>IL</state>
        <district>9</district>
        <bioguideId>S001145</bioguideId>
      </item>
      <item>
        <sponsorshipDate>2017-04-04</sponsorshipDate>
        <party>D</party>
        <fullName>Rep. Pocan, Mark [D-WI-2]</fullName>
        <identifiers>
          <bioguideId>P000607</bioguideId>
          <lisID>2171</lisID>
          <gpoId />
        </identifiers>
        <lastName>Pocan</lastName>
        <firstName>Mark</firstName>
        <isOriginalCosponsor>True</isOriginalCosponsor>
        <middleName />
        <sponsorshipWithdrawnDate />
        <state>WI</state>
        <district>2</district>
        <bioguideId>P000607</bioguideId>
      </item>
      <item>
        <sponsorshipDate>2017-04-04</sponsorshipDate>
        <party>D</party>
        <fullName>Rep. Grijalva, Raul M. [D-AZ-3]</fullName>
        <identifiers>
          <lisID>1708</lisID>
          <gpoId>7804</gpoId>
          <bioguideId>G000551</bioguideId>
        </identifiers>
        <lastName>Grijalva</lastName>
        <firstName>Raul</firstName>
        <isOriginalCosponsor>True</isOriginalCosponsor>
        <middleName>M.</middleName>
        <sponsorshipWithdrawnDate />
        <state>AZ</state>
        <district>3</district>
        <bioguideId>G000551</bioguideId>
      </item>
      <item>
        <sponsorshipDate>2017-04-04</sponsorshipDate>
        <party>D</party>
        <fullName>Rep. O'Halleran, Tom [D-AZ-1]</fullName>
        <identifiers>
          <gpoId />
          <lisID>2306</lisID>
          <bioguideId>O000171</bioguideId>
        </identifiers>
        <lastName>O'Halleran</lastName>
        <firstName>Tom</firstName>
        <isOriginalCosponsor>True</isOriginalCosponsor>
        <middleName />
        <sponsorshipWithdrawnDate />
        <state>AZ</state>
        <district>1</district>
        <bioguideId>O000171</bioguideId>
      </item>
      <item>
        <sponsorshipDate>2017-04-04</sponsorshipDate>
        <party>D</party>
        <fullName>Rep. Dingell, Debbie [D-MI-12]</fullName>
        <identifiers>
          <lisID>2251</lisID>
          <bioguideId>D000624</bioguideId>
          <gpoId />
        </identifiers>
        <lastName>Dingell</lastName>
        <firstName>Debbie</firstName>
        <isOriginalCosponsor>True</isOriginalCosponsor>
        <middleName />
        <sponsorshipWithdrawnDate />
        <state>MI</state>
        <district>12</district>
        <bioguideId>D000624</bioguideId>
      </item>
      <item>
        <sponsorshipDate>2017-04-04</sponsorshipDate>
        <party>D</party>
        <fullName>Rep. Tsongas, Niki [D-MA-3]</fullName>
        <identifiers>
          <lisID>1884</lisID>
          <bioguideId>T000465</bioguideId>
          <gpoId>7970</gpoId>
        </identifiers>
        <lastName>Tsongas</lastName>
        <firstName>Niki</firstName>
        <isOriginalCosponsor>True</isOriginalCosponsor>
        <middleName />
        <sponsorshipWithdrawnDate />
        <state>MA</state>
        <district>3</district>
        <bioguideId>T000465</bioguideId>
      </item>
      <item>
        <sponsorshipDate>2017-04-04</sponsorshipDate>
        <party>D</party>
        <fullName>Rep. Thompson, Mike [D-CA-5]</fullName>
        <identifiers>
          <lisID>1593</lisID>
          <bioguideId>T000460</bioguideId>
          <gpoId>7806</gpoId>
        </identifiers>
        <lastName>THOMPSON</lastName>
        <firstName>MIKE</firstName>
        <isOriginalCosponsor>True</isOriginalCosponsor>
        <middleName />
        <sponsorshipWithdrawnDate />
        <state>CA</state>
        <district>5</district>
        <bioguideId>T000460</bioguideId>
      </item>
      <item>
        <sponsorshipDate>2017-04-04</sponsorshipDate>
        <party>D</party>
        <fullName>Rep. DelBene, Suzan K. [D-WA-1]</fullName>
        <identifiers>
          <lisID>2096</lisID>
          <gpoId>8374</gpoId>
          <bioguideId>D000617</bioguideId>
        </identifiers>
        <lastName>DelBene</lastName>
        <firstName>Suzan</firstName>
        <isOriginalCosponsor>True</isOriginalCosponsor>
        <middleName>K.</middleName>
        <sponsorshipWithdrawnDate />
        <state>WA</state>
        <district>1</district>
        <bioguideId>D000617</bioguideId>
      </item>
      <item>
        <sponsorshipDate>2017-04-04</sponsorshipDate>
        <party>D</party>
        <fullName>Rep. Wasserman Schultz, Debbie [D-FL-23]</fullName>
        <identifiers>
          <gpoId>7892</gpoId>
          <lisID>1777</lisID>
          <bioguideId>W000797</bioguideId>
        </identifiers>
        <lastName>Wasserman Schultz</lastName>
        <firstName>Debbie</firstName>
        <isOriginalCosponsor>True</isOriginalCosponsor>
        <middleName />
        <sponsorshipWithdrawnDate />
        <state>FL</state>
        <district>23</district>
        <bioguideId>W000797</bioguideId>
      </item>
      <item>
        <sponsorshipDate>2017-04-04</sponsorshipDate>
        <party>D</party>
        <fullName>Rep. Takano, Mark [D-CA-41]</fullName>
        <identifiers>
          <bioguideId>T000472</bioguideId>
          <gpoId />
          <lisID>2110</lisID>
        </identifiers>
        <lastName>Takano</lastName>
        <firstName>Mark</firstName>
        <isOriginalCosponsor>True</isOriginalCosponsor>
        <middleName />
        <sponsorshipWithdrawnDate />
        <state>CA</state>
        <district>41</district>
        <bioguideId>T000472</bioguideId>
      </item>
      <item>
        <sponsorshipDate>2017-04-04</sponsorshipDate>
        <party>D</party>
        <fullName>Rep. McEachin, A. Donald [D-VA-4]</fullName>
        <identifiers>
          <lisID>2352</lisID>
          <gpoId />
          <bioguideId>M001200</bioguideId>
        </identifiers>
        <lastName>McEachin</lastName>
        <firstName>A.</firstName>
        <isOriginalCosponsor>True</isOriginalCosponsor>
        <middleName>Donald</middleName>
        <sponsorshipWithdrawnDate />
        <state>VA</state>
        <district>4</district>
        <bioguideId>M001200</bioguideId>
      </item>
      <item>
        <sponsorshipDate>2017-04-04</sponsorshipDate>
        <party>D</party>
        <fullName>Rep. Beyer, Donald S., Jr. [D-VA-8]</fullName>
        <identifiers>
          <lisID>2272</lisID>
          <bioguideId>B001292</bioguideId>
          <gpoId />
        </identifiers>
        <lastName>Beyer</lastName>
        <firstName>Donald</firstName>
        <isOriginalCosponsor>True</isOriginalCosponsor>
        <middleName>S.</middleName>
        <sponsorshipWithdrawnDate />
        <state>VA</state>
        <district>8</district>
        <bioguideId>B001292</bioguideId>
      </item>
      <item>
        <sponsorshipDate>2017-04-04</sponsorshipDate>
        <party>D</party>
        <fullName>Rep. Sinema, Kyrsten [D-AZ-9]</fullName>
        <identifiers>
          <lisID>2099</lisID>
          <bioguideId>S001191</bioguideId>
          <gpoId />
        </identifiers>
        <lastName>Sinema</lastName>
        <firstName>Kyrsten</firstName>
        <isOriginalCosponsor>True</isOriginalCosponsor>
        <middleName />
        <sponsorshipWithdrawnDate />
        <state>AZ</state>
        <district>9</district>
        <bioguideId>S001191</bioguideId>
      </item>
      <item>
        <sponsorshipDate>2017-04-04</sponsorshipDate>
        <party>D</party>
        <fullName>Rep. Sanchez, Linda T. [D-CA-38]</fullName>
        <identifiers>
          <bioguideId>S001156</bioguideId>
          <lisID>1757</lisID>
          <gpoId>7844</gpoId>
        </identifiers>
        <lastName>SANCHEZ</lastName>
        <firstName>LINDA</firstName>
        <isOriginalCosponsor>True</isOriginalCosponsor>
        <middleName>T.</middleName>
        <sponsorshipWithdrawnDate />
        <state>CA</state>
        <district>38</district>
        <bioguideId>S001156</bioguideId>
      </item>
      <item>
        <sponsorshipDate>2017-04-04</sponsorshipDate>
        <party>D</party>
        <fullName>Rep. Castor, Kathy [D-FL-14]</fullName>
        <identifiers>
          <gpoId>7883</gpoId>
          <lisID>1839</lisID>
          <bioguideId>C001066</bioguideId>
        </identifiers>
        <lastName>Castor</lastName>
        <firstName>Kathy</firstName>
        <isOriginalCosponsor>True</isOriginalCosponsor>
        <middleName />
        <sponsorshipWithdrawnDate />
        <state>FL</state>
        <district>14</district>
        <bioguideId>C001066</bioguideId>
      </item>
      <item>
        <sponsorshipDate>2017-04-04</sponsorshipDate>
        <party>D</party>
        <fullName>Rep. Cardenas, Tony [D-CA-29]</fullName>
        <identifiers>
          <lisID>2107</lisID>
          <bioguideId>C001097</bioguideId>
          <gpoId />
        </identifiers>
        <lastName>Cardenas</lastName>
        <firstName>Tony</firstName>
        <isOriginalCosponsor>True</isOriginalCosponsor>
        <middleName />
        <sponsorshipWithdrawnDate />
        <state>CA</state>
        <district>29</district>
        <bioguideId>C001097</bioguideId>
      </item>
      <item>
        <sponsorshipDate>2017-04-04</sponsorshipDate>
        <party>D</party>
        <fullName>Rep. Clarke, Yvette D. [D-NY-9]</fullName>
        <identifiers>
          <lisID>1864</lisID>
          <bioguideId>C001067</bioguideId>
          <gpoId>8072</gpoId>
        </identifiers>
        <lastName>Clarke</lastName>
        <firstName>Yvette</firstName>
        <isOriginalCosponsor>True</isOriginalCosponsor>
        <middleName>D.</middleName>
        <sponsorshipWithdrawnDate />
        <state>NY</state>
        <district>9</district>
        <bioguideId>C001067</bioguideId>
      </item>
      <item>
        <sponsorshipDate>2017-04-04</sponsorshipDate>
        <party>D</party>
        <fullName>Rep. Rosen, Jacky [D-NV-3]</fullName>
        <identifiers>
          <gpoId />
          <lisID>2339</lisID>
          <bioguideId>R000608</bioguideId>
        </identifiers>
        <lastName>Rosen</lastName>
        <firstName>Jacky</firstName>
        <isOriginalCosponsor>True</isOriginalCosponsor>
        <middleName />
        <sponsorshipWithdrawnDate />
        <state>NV</state>
        <district>3</district>
        <bioguideId>R000608</bioguideId>
      </item>
      <item>
        <sponsorshipDate>2017-04-04</sponsorshipDate>
        <party>D</party>
        <fullName>Rep. Meeks, Gregory W. [D-NY-5]</fullName>
        <identifiers>
          <bioguideId>M001137</bioguideId>
          <gpoId>8067</gpoId>
          <lisID>1506</lisID>
        </identifiers>
        <lastName>MEEKS</lastName>
        <firstName>GREGORY</firstName>
        <isOriginalCosponsor>True</isOriginalCosponsor>
        <middleName>W.</middleName>
        <sponsorshipWithdrawnDate />
        <state>NY</state>
        <district>5</district>
        <bioguideId>M001137</bioguideId>
      </item>
      <item>
        <sponsorshipDate>2017-04-04</sponsorshipDate>
        <party>D</party>
        <fullName>Rep. Carbajal, Salud O. [D-CA-24]</fullName>
        <identifiers>
          <lisID>2310</lisID>
          <gpoId />
          <bioguideId>C001112</bioguideId>
        </identifiers>
        <lastName>Carbajal</lastName>
        <firstName>Salud</firstName>
        <isOriginalCosponsor>True</isOriginalCosponsor>
        <middleName>O.</middleName>
        <sponsorshipWithdrawnDate />
        <state>CA</state>
        <district>24</district>
        <bioguideId>C001112</bioguideId>
      </item>
      <item>
        <sponsorshipDate>2017-04-04</sponsorshipDate>
        <party>D</party>
        <fullName>Rep. Himes, James A. [D-CT-4]</fullName>
        <identifiers>
          <bioguideId>H001047</bioguideId>
          <gpoId>7869</gpoId>
          <lisID>1913</lisID>
        </identifiers>
        <lastName>Himes</lastName>
        <firstName>James</firstName>
        <isOriginalCosponsor>True</isOriginalCosponsor>
        <middleName>A.</middleName>
        <sponsorshipWithdrawnDate />
        <state>CT</state>
        <district>4</district>
        <bioguideId>H001047</bioguideId>
      </item>
      <item>
        <sponsorshipDate>2017-04-04</sponsorshipDate>
        <party>D</party>
        <fullName>Rep. Clay, Wm. Lacy [D-MO-1]</fullName>
        <identifiers>
          <lisID>1654</lisID>
          <bioguideId>C001049</bioguideId>
          <gpoId>8009</gpoId>
        </identifiers>
        <lastName>CLAY</lastName>
        <firstName>WM.</firstName>
        <isOriginalCosponsor>True</isOriginalCosponsor>
        <middleName>LACY</middleName>
        <sponsorshipWithdrawnDate />
        <state>MO</state>
        <district>1</district>
        <bioguideId>C001049</bioguideId>
      </item>
      <item>
        <sponsorshipDate>2017-04-04</sponsorshipDate>
        <party>D</party>
        <fullName>Rep. Hastings, Alcee L. [D-FL-20]</fullName>
        <identifiers>
          <bioguideId>H000324</bioguideId>
          <gpoId>7895</gpoId>
          <lisID>511</lisID>
        </identifiers>
        <lastName>HASTINGS</lastName>
        <firstName>ALCEE</firstName>
        <isOriginalCosponsor>True</isOriginalCosponsor>
        <middleName>L.</middleName>
        <sponsorshipWithdrawnDate />
        <state>FL</state>
        <district>20</district>
        <bioguideId>H000324</bioguideId>
      </item>
      <item>
        <sponsorshipDate>2017-04-04</sponsorshipDate>
        <party>D</party>
        <fullName>Rep. Serrano, Jose E. [D-NY-15]</fullName>
        <identifiers>
          <lisID>1042</lisID>
          <bioguideId>S000248</bioguideId>
          <gpoId>8077</gpoId>
        </identifiers>
        <lastName>SERRANO</lastName>
        <firstName>JOSE</firstName>
        <isOriginalCosponsor>True</isOriginalCosponsor>
        <middleName>E.</middleName>
        <sponsorshipWithdrawnDate />
        <state>NY</state>
        <district>15</district>
        <bioguideId>S000248</bioguideId>
      </item>
      <item>
        <sponsorshipDate>2017-04-04</sponsorshipDate>
        <party>D</party>
        <fullName>Rep. Napolitano, Grace F. [D-CA-32]</fullName>
        <identifiers>
          <lisID>1602</lisID>
          <gpoId>7843</gpoId>
          <bioguideId>N000179</bioguideId>
        </identifiers>
        <lastName>NAPOLITANO</lastName>
        <firstName>GRACE</firstName>
        <isOriginalCosponsor>True</isOriginalCosponsor>
        <middleName>F.</middleName>
        <sponsorshipWithdrawnDate />
        <state>CA</state>
        <district>32</district>
        <bioguideId>N000179</bioguideId>
      </item>
      <item>
        <sponsorshipDate>2017-04-04</sponsorshipDate>
        <party>D</party>
        <fullName>Rep. Plaskett, Stacey E. [D-VI-At Large]</fullName>
        <identifiers>
          <lisID>2274</lisID>
          <gpoId />
          <bioguideId>P000610</bioguideId>
        </identifiers>
        <lastName>Plaskett</lastName>
        <firstName>Stacey</firstName>
        <isOriginalCosponsor>True</isOriginalCosponsor>
        <middleName>E.</middleName>
        <sponsorshipWithdrawnDate />
        <state>VI</state>
        <district>0</district>
        <bioguideId>P000610</bioguideId>
      </item>
      <item>
        <sponsorshipDate>2017-04-04</sponsorshipDate>
        <party>D</party>
        <fullName>Rep. Suozzi, Thomas R. [D-NY-3]</fullName>
        <identifiers>
          <lisID>2341</lisID>
          <gpoId />
          <bioguideId>S001201</bioguideId>
        </identifiers>
        <lastName>Suozzi</lastName>
        <firstName>Thomas</firstName>
        <isOriginalCosponsor>True</isOriginalCosponsor>
        <middleName>R.</middleName>
        <sponsorshipWithdrawnDate />
        <state>NY</state>
        <district>3</district>
        <bioguideId>S001201</bioguideId>
      </item>
      <item>
        <sponsorshipDate>2017-04-04</sponsorshipDate>
        <party>D</party>
        <fullName>Rep. Cartwright, Matt [D-PA-17]</fullName>
        <identifiers>
          <lisID>2159</lisID>
          <gpoId />
          <bioguideId>C001090</bioguideId>
        </identifiers>
        <lastName>Cartwright</lastName>
        <firstName>Matt</firstName>
        <isOriginalCosponsor>True</isOriginalCosponsor>
        <middleName />
        <sponsorshipWithdrawnDate />
        <state>PA</state>
        <district>17</district>
        <bioguideId>C001090</bioguideId>
      </item>
      <item>
        <sponsorshipDate>2017-04-04</sponsorshipDate>
        <party>D</party>
        <fullName>Rep. Ruppersberger, C. A. Dutch [D-MD-2]</fullName>
        <identifiers>
          <bioguideId>R000576</bioguideId>
          <lisID>1728</lisID>
          <gpoId>7977</gpoId>
        </identifiers>
        <lastName>Ruppersberger</lastName>
        <firstName>C. A.</firstName>
        <isOriginalCosponsor>True</isOriginalCosponsor>
        <middleName>Dutch</middleName>
        <sponsorshipWithdrawnDate />
        <state>MD</state>
        <district>2</district>
        <bioguideId>R000576</bioguideId>
      </item>
      <item>
        <sponsorshipDate>2017-04-04</sponsorshipDate>
        <party>D</party>
        <fullName>Rep. Krishnamoorthi, Raja [D-IL-8]</fullName>
        <identifiers>
          <lisID>2325</lisID>
          <bioguideId>K000391</bioguideId>
          <gpoId />
        </identifiers>
        <lastName>Krishnamoorthi</lastName>
        <firstName>Raja</firstName>
        <isOriginalCosponsor>True</isOriginalCosponsor>
        <middleName />
        <sponsorshipWithdrawnDate />
        <state>IL</state>
        <district>8</district>
        <bioguideId>K000391</bioguideId>
      </item>
      <item>
        <sponsorshipDate>2017-04-04</sponsorshipDate>
        <party>D</party>
        <fullName>Rep. Davis, Susan A. [D-CA-53]</fullName>
        <identifiers>
          <lisID>1641</lisID>
          <bioguideId>D000598</bioguideId>
          <gpoId>7858</gpoId>
        </identifiers>
        <lastName>DAVIS</lastName>
        <firstName>SUSAN</firstName>
        <isOriginalCosponsor>True</isOriginalCosponsor>
        <middleName>A.</middleName>
        <sponsorshipWithdrawnDate />
        <state>CA</state>
        <district>53</district>
        <bioguideId>D000598</bioguideId>
      </item>
      <item>
        <sponsorshipDate>2017-04-04</sponsorshipDate>
        <party>D</party>
        <fullName>Rep. Raskin, Jamie [D-MD-8]</fullName>
        <identifiers>
          <lisID>2332</lisID>
          <gpoId />
          <bioguideId>R000606</bioguideId>
        </identifiers>
        <lastName>Raskin</lastName>
        <firstName>Jamie</firstName>
        <isOriginalCosponsor>True</isOriginalCosponsor>
        <middleName />
        <sponsorshipWithdrawnDate />
        <state>MD</state>
        <district>8</district>
        <bioguideId>R000606</bioguideId>
      </item>
      <item>
        <sponsorshipDate>2017-04-04</sponsorshipDate>
        <party>D</party>
        <fullName>Rep. Pingree, Chellie [D-ME-1]</fullName>
        <identifiers>
          <bioguideId>P000597</bioguideId>
          <lisID>1927</lisID>
          <gpoId>7984</gpoId>
        </identifiers>
        <lastName>Pingree</lastName>
        <firstName>Chellie</firstName>
        <isOriginalCosponsor>True</isOriginalCosponsor>
        <middleName />
        <sponsorshipWithdrawnDate />
        <state>ME</state>
        <district>1</district>
        <bioguideId>P000597</bioguideId>
      </item>
      <item>
        <sponsorshipDate>2017-04-04</sponsorshipDate>
        <party>D</party>
        <fullName>Rep. Jackson Lee, Sheila [D-TX-18]</fullName>
        <identifiers>
          <bioguideId>J000032</bioguideId>
          <lisID>588</lisID>
          <gpoId>8174</gpoId>
        </identifiers>
        <lastName>JACKSON LEE</lastName>
        <firstName>SHEILA</firstName>
        <isOriginalCosponsor>True</isOriginalCosponsor>
        <middleName />
        <sponsorshipWithdrawnDate />
        <state>TX</state>
        <district>18</district>
        <bioguideId>J000032</bioguideId>
      </item>
      <item>
        <sponsorshipDate>2017-04-04</sponsorshipDate>
        <party>D</party>
        <fullName>Rep. Cicilline, David N. [D-RI-1]</fullName>
        <identifiers>
          <gpoId>8139</gpoId>
          <lisID>2055</lisID>
          <bioguideId>C001084</bioguideId>
        </identifiers>
        <lastName>Cicilline</lastName>
        <firstName>David</firstName>
        <isOriginalCosponsor>True</isOriginalCosponsor>
        <middleName>N.</middleName>
        <sponsorshipWithdrawnDate />
        <state>RI</state>
        <district>1</district>
        <bioguideId>C001084</bioguideId>
      </item>
      <item>
        <sponsorshipDate>2017-04-04</sponsorshipDate>
        <party>D</party>
        <fullName>Rep. Welch, Peter [D-VT-At Large]</fullName>
        <identifiers>
          <bioguideId>W000800</bioguideId>
          <lisID>1879</lisID>
          <gpoId>8204</gpoId>
        </identifiers>
        <lastName>Welch</lastName>
        <firstName>Peter</firstName>
        <isOriginalCosponsor>True</isOriginalCosponsor>
        <middleName />
        <sponsorshipWithdrawnDate />
        <state>VT</state>
        <district>0</district>
        <bioguideId>W000800</bioguideId>
      </item>
      <item>
        <sponsorshipDate>2017-04-04</sponsorshipDate>
        <party>D</party>
        <fullName>Rep. Lowenthal, Alan S. [D-CA-47]</fullName>
        <identifiers>
          <lisID>2111</lisID>
          <bioguideId>L000579</bioguideId>
          <gpoId />
        </identifiers>
        <lastName>Lowenthal</lastName>
        <firstName>Alan</firstName>
        <isOriginalCosponsor>True</isOriginalCosponsor>
        <middleName>S.</middleName>
        <sponsorshipWithdrawnDate />
        <state>CA</state>
        <district>47</district>
        <bioguideId>L000579</bioguideId>
      </item>
      <item>
        <sponsorshipDate>2017-04-04</sponsorshipDate>
        <party>D</party>
        <fullName>Rep. Velazquez, Nydia M. [D-NY-7]</fullName>
        <identifiers>
          <lisID>1184</lisID>
          <gpoId>8073</gpoId>
          <bioguideId>V000081</bioguideId>
        </identifiers>
        <lastName>VELAZQUEZ</lastName>
        <firstName>NYDIA</firstName>
        <isOriginalCosponsor>True</isOriginalCosponsor>
        <middleName>M.</middleName>
        <sponsorshipWithdrawnDate />
        <state>NY</state>
        <district>7</district>
        <bioguideId>V000081</bioguideId>
      </item>
      <item>
        <sponsorshipDate>2017-04-04</sponsorshipDate>
        <party>D</party>
        <fullName>Rep. Adams, Alma S. [D-NC-12]</fullName>
        <identifiers>
          <bioguideId>A000370</bioguideId>
          <gpoId />
          <lisID>2201</lisID>
        </identifiers>
        <lastName>Adams</lastName>
        <firstName>Alma</firstName>
        <isOriginalCosponsor>True</isOriginalCosponsor>
        <middleName>S.</middleName>
        <sponsorshipWithdrawnDate />
        <state>NC</state>
        <district>12</district>
        <bioguideId>A000370</bioguideId>
      </item>
      <item>
        <sponsorshipDate>2017-04-04</sponsorshipDate>
        <party>D</party>
        <fullName>Rep. Titus, Dina [D-NV-1]</fullName>
        <identifiers>
          <lisID>1940</lisID>
          <bioguideId>T000468</bioguideId>
          <gpoId>7493</gpoId>
        </identifiers>
        <lastName>Titus</lastName>
        <firstName>Dina</firstName>
        <isOriginalCosponsor>True</isOriginalCosponsor>
        <middleName />
        <sponsorshipWithdrawnDate />
        <state>NV</state>
        <district>1</district>
        <bioguideId>T000468</bioguideId>
      </item>
      <item>
        <sponsorshipDate>2017-04-04</sponsorshipDate>
        <party>D</party>
        <fullName>Rep. Conyers, John, Jr. [D-MI-13]</fullName>
        <identifiers>
          <bioguideId>C000714</bioguideId>
          <gpoId>7999</gpoId>
          <lisID>229</lisID>
        </identifiers>
        <lastName>CONYERS</lastName>
        <firstName>JOHN</firstName>
        <isOriginalCosponsor>True</isOriginalCosponsor>
        <middleName />
        <sponsorshipWithdrawnDate />
        <state>MI</state>
        <district>13</district>
        <bioguideId>C000714</bioguideId>
      </item>
      <item>
        <sponsorshipDate>2017-04-04</sponsorshipDate>
        <party>D</party>
        <fullName>Rep. Wilson, Frederica S. [D-FL-24]</fullName>
        <identifiers>
          <lisID>2004</lisID>
          <bioguideId>W000808</bioguideId>
          <gpoId>7889</gpoId>
        </identifiers>
        <lastName>Wilson</lastName>
        <firstName>Frederica</firstName>
        <isOriginalCosponsor>True</isOriginalCosponsor>
        <middleName>S.</middleName>
        <sponsorshipWithdrawnDate />
        <state>FL</state>
        <district>24</district>
        <bioguideId>W000808</bioguideId>
      </item>
      <item>
        <sponsorshipDate>2017-04-04</sponsorshipDate>
        <party>D</party>
        <fullName>Rep. Keating, William R. [D-MA-9]</fullName>
        <identifiers>
          <lisID>2025</lisID>
          <gpoId>7975</gpoId>
          <bioguideId>K000375</bioguideId>
        </identifiers>
        <lastName>Keating</lastName>
        <firstName>William</firstName>
        <isOriginalCosponsor>True</isOriginalCosponsor>
        <middleName>R.</middleName>
        <sponsorshipWithdrawnDate />
        <state>MA</state>
        <district>9</district>
        <bioguideId>K000375</bioguideId>
      </item>
      <item>
        <sponsorshipDate>2017-04-04</sponsorshipDate>
        <party>D</party>
        <fullName>Rep. Loebsack, David [D-IA-2]</fullName>
        <identifiers>
          <bioguideId>L000565</bioguideId>
          <gpoId>7915</gpoId>
          <lisID>1846</lisID>
        </identifiers>
        <lastName>Loebsack</lastName>
        <firstName>David</firstName>
        <isOriginalCosponsor>True</isOriginalCosponsor>
        <middleName />
        <sponsorshipWithdrawnDate />
        <state>IA</state>
        <district>2</district>
        <bioguideId>L000565</bioguideId>
      </item>
      <item>
        <sponsorshipDate>2017-04-04</sponsorshipDate>
        <party>D</party>
        <fullName>Rep. Scott, Robert C. "Bobby" [D-VA-3]</fullName>
        <identifiers>
          <lisID>1037</lisID>
          <gpoId>8194</gpoId>
          <bioguideId>S000185</bioguideId>
        </identifiers>
        <lastName>Scott</lastName>
        <firstName>Robert</firstName>
        <isOriginalCosponsor>True</isOriginalCosponsor>
        <middleName>C. "Bobby"</middleName>
        <sponsorshipWithdrawnDate />
        <state>VA</state>
        <district>3</district>
        <bioguideId>S000185</bioguideId>
      </item>
      <item>
        <sponsorshipDate>2017-04-04</sponsorshipDate>
        <party>D</party>
        <fullName>Rep. Foster, Bill [D-IL-11]</fullName>
        <identifiers>
          <lisID>1888</lisID>
          <bioguideId>F000454</bioguideId>
          <gpoId>7355</gpoId>
        </identifiers>
        <lastName>Foster</lastName>
        <firstName>Bill</firstName>
        <isOriginalCosponsor>True</isOriginalCosponsor>
        <middleName />
        <sponsorshipWithdrawnDate />
        <state>IL</state>
        <district>11</district>
        <bioguideId>F000454</bioguideId>
      </item>
      <item>
        <sponsorshipDate>2017-04-04</sponsorshipDate>
        <party>D</party>
        <fullName>Rep. Lawson, Al, Jr. [D-FL-5]</fullName>
        <identifiers>
          <lisID>2317</lisID>
          <gpoId />
          <bioguideId>L000586</bioguideId>
        </identifiers>
        <lastName>Lawson</lastName>
        <firstName>Al</firstName>
        <isOriginalCosponsor>True</isOriginalCosponsor>
        <middleName />
        <sponsorshipWithdrawnDate />
        <state>FL</state>
        <district>5</district>
        <bioguideId>L000586</bioguideId>
      </item>
      <item>
        <sponsorshipDate>2017-04-04</sponsorshipDate>
        <party>D</party>
        <fullName>Rep. Schiff, Adam B. [D-CA-28]</fullName>
        <identifiers>
          <lisID>1635</lisID>
          <gpoId>7834</gpoId>
          <bioguideId>S001150</bioguideId>
        </identifiers>
        <lastName>SCHIFF</lastName>
        <firstName>ADAM</firstName>
        <isOriginalCosponsor>True</isOriginalCosponsor>
        <middleName>B.</middleName>
        <sponsorshipWithdrawnDate />
        <state>CA</state>
        <district>28</district>
        <bioguideId>S001150</bioguideId>
      </item>
      <item>
        <sponsorshipDate>2017-04-04</sponsorshipDate>
        <party>D</party>
        <fullName>Rep. Norcross, Donald [D-NJ-1]</fullName>
        <identifiers>
          <gpoId />
          <lisID>2202</lisID>
          <bioguideId>N000188</bioguideId>
        </identifiers>
        <lastName>Norcross</lastName>
        <firstName>Donald</firstName>
        <isOriginalCosponsor>True</isOriginalCosponsor>
        <middleName />
        <sponsorshipWithdrawnDate />
        <state>NJ</state>
        <district>1</district>
        <bioguideId>N000188</bioguideId>
      </item>
      <item>
        <sponsorshipDate>2017-04-04</sponsorshipDate>
        <party>D</party>
        <fullName>Rep. DeGette, Diana [D-CO-1]</fullName>
        <identifiers>
          <lisID>1479</lisID>
          <bioguideId>D000197</bioguideId>
          <gpoId>7859</gpoId>
        </identifiers>
        <lastName>DEGETTE</lastName>
        <firstName>DIANA</firstName>
        <isOriginalCosponsor>True</isOriginalCosponsor>
        <middleName />
        <sponsorshipWithdrawnDate />
        <state>CO</state>
        <district>1</district>
        <bioguideId>D000197</bioguideId>
      </item>
      <item>
        <sponsorshipDate>2017-04-04</sponsorshipDate>
        <party>D</party>
        <fullName>Rep. McCollum, Betty [D-MN-4]</fullName>
        <identifiers>
          <bioguideId>M001143</bioguideId>
          <gpoId>8004</gpoId>
          <lisID>1653</lisID>
        </identifiers>
        <lastName>MCCOLLUM</lastName>
        <firstName>BETTY</firstName>
        <isOriginalCosponsor>True</isOriginalCosponsor>
        <middleName />
        <sponsorshipWithdrawnDate />
        <state>MN</state>
        <district>4</district>
        <bioguideId>M001143</bioguideId>
      </item>
      <item>
        <sponsorshipDate>2017-04-04</sponsorshipDate>
        <party>D</party>
        <fullName>Rep. Brownley, Julia [D-CA-26]</fullName>
        <identifiers>
          <lisID>2106</lisID>
          <bioguideId>B001285</bioguideId>
          <gpoId />
        </identifiers>
        <lastName>Brownley</lastName>
        <firstName>Julia</firstName>
        <isOriginalCosponsor>True</isOriginalCosponsor>
        <middleName />
        <sponsorshipWithdrawnDate />
        <state>CA</state>
        <district>26</district>
        <bioguideId>B001285</bioguideId>
      </item>
      <item>
        <sponsorshipDate>2017-04-04</sponsorshipDate>
        <party>D</party>
        <fullName>Rep. Matsui, Doris O. [D-CA-6]</fullName>
        <identifiers>
          <bioguideId>M001163</bioguideId>
          <gpoId>7810</gpoId>
          <lisID>1814</lisID>
        </identifiers>
        <lastName>Matsui</lastName>
        <firstName>Doris</firstName>
        <isOriginalCosponsor>True</isOriginalCosponsor>
        <middleName>O.</middleName>
        <sponsorshipWithdrawnDate />
        <state>CA</state>
        <district>6</district>
        <bioguideId>M001163</bioguideId>
      </item>
      <item>
        <sponsorshipDate>2017-04-04</sponsorshipDate>
        <party>D</party>
        <fullName>Rep. Lawrence, Brenda L. [D-MI-14]</fullName>
        <identifiers>
          <lisID>2252</lisID>
          <bioguideId>L000581</bioguideId>
          <gpoId />
        </identifiers>
        <lastName>Lawrence</lastName>
        <firstName>Brenda</firstName>
        <isOriginalCosponsor>True</isOriginalCosponsor>
        <middleName>L.</middleName>
        <sponsorshipWithdrawnDate />
        <state>MI</state>
        <district>14</district>
        <bioguideId>L000581</bioguideId>
      </item>
      <item>
        <sponsorshipDate>2017-04-04</sponsorshipDate>
        <party>D</party>
        <fullName>Rep. Kind, Ron [D-WI-3]</fullName>
        <identifiers>
          <lisID>1498</lisID>
          <bioguideId>K000188</bioguideId>
          <gpoId>8216</gpoId>
        </identifiers>
        <lastName>KIND</lastName>
        <firstName>RON</firstName>
        <isOriginalCosponsor>True</isOriginalCosponsor>
        <middleName />
        <sponsorshipWithdrawnDate />
        <state>WI</state>
        <district>3</district>
        <bioguideId>K000188</bioguideId>
      </item>
      <item>
        <sponsorshipDate>2017-04-04</sponsorshipDate>
        <party>D</party>
        <fullName>Rep. Huffman, Jared [D-CA-2]</fullName>
        <identifiers>
          <lisID>2101</lisID>
          <gpoId />
          <bioguideId>H001068</bioguideId>
        </identifiers>
        <lastName>Huffman</lastName>
        <firstName>Jared</firstName>
        <isOriginalCosponsor>True</isOriginalCosponsor>
        <middleName />
        <sponsorshipWithdrawnDate />
        <state>CA</state>
        <district>2</district>
        <bioguideId>H001068</bioguideId>
      </item>
      <item>
        <sponsorshipDate>2017-04-04</sponsorshipDate>
        <party>D</party>
        <fullName>Rep. Lowey, Nita M. [D-NY-17]</fullName>
        <identifiers>
          <lisID>709</lisID>
          <gpoId>8079</gpoId>
          <bioguideId>L000480</bioguideId>
        </identifiers>
        <lastName>LOWEY</lastName>
        <firstName>NITA</firstName>
        <isOriginalCosponsor>True</isOriginalCosponsor>
        <middleName>M.</middleName>
        <sponsorshipWithdrawnDate />
        <state>NY</state>
        <district>17</district>
        <bioguideId>L000480</bioguideId>
      </item>
      <item>
        <sponsorshipDate>2017-04-04</sponsorshipDate>
        <party>D</party>
        <fullName>Rep. Ryan, Tim [D-OH-13]</fullName>
        <identifiers>
          <lisID>1756</lisID>
          <bioguideId>R000577</bioguideId>
          <gpoId>8107</gpoId>
        </identifiers>
        <lastName>RYAN</lastName>
        <firstName>TIM</firstName>
        <isOriginalCosponsor>True</isOriginalCosponsor>
        <middleName />
        <sponsorshipWithdrawnDate />
        <state>OH</state>
        <district>13</district>
        <bioguideId>R000577</bioguideId>
      </item>
      <item>
        <sponsorshipDate>2017-04-04</sponsorshipDate>
        <party>D</party>
        <fullName>Rep. Correa, J. Luis [D-CA-46]</fullName>
        <identifiers>
          <lisID>2312</lisID>
          <bioguideId>C001110</bioguideId>
          <gpoId />
        </identifiers>
        <lastName>Correa</lastName>
        <firstName>J.</firstName>
        <isOriginalCosponsor>True</isOriginalCosponsor>
        <middleName>Luis</middleName>
        <sponsorshipWithdrawnDate />
        <state>CA</state>
        <district>46</district>
        <bioguideId>C001110</bioguideId>
      </item>
      <item>
        <sponsorshipDate>2017-04-04</sponsorshipDate>
        <party>D</party>
        <fullName>Rep. Waters, Maxine [D-CA-43]</fullName>
        <identifiers>
          <lisID>1205</lisID>
          <bioguideId>W000187</bioguideId>
          <gpoId>7840</gpoId>
        </identifiers>
        <lastName>WATERS</lastName>
        <firstName>MAXINE</firstName>
        <isOriginalCosponsor>True</isOriginalCosponsor>
        <middleName />
        <sponsorshipWithdrawnDate />
        <state>CA</state>
        <district>43</district>
        <bioguideId>W000187</bioguideId>
      </item>
      <item>
        <sponsorshipDate>2017-04-04</sponsorshipDate>
        <party>D</party>
        <fullName>Rep. Brady, Robert A. [D-PA-1]</fullName>
        <identifiers>
          <bioguideId>B001227</bioguideId>
          <lisID>1469</lisID>
          <gpoId>8119</gpoId>
        </identifiers>
        <lastName>BRADY</lastName>
        <firstName>ROBERT</firstName>
        <isOriginalCosponsor>True</isOriginalCosponsor>
        <middleName>A.</middleName>
        <sponsorshipWithdrawnDate />
        <state>PA</state>
        <district>1</district>
        <bioguideId>B001227</bioguideId>
      </item>
      <item>
        <sponsorshipDate>2017-04-04</sponsorshipDate>
        <party>D</party>
        <fullName>Rep. Fudge, Marcia L. [D-OH-11]</fullName>
        <identifiers>
          <lisID>1895</lisID>
          <gpoId>8101</gpoId>
          <bioguideId>F000455</bioguideId>
        </identifiers>
        <lastName>Fudge</lastName>
        <firstName>Marcia</firstName>
        <isOriginalCosponsor>True</isOriginalCosponsor>
        <middleName>L.</middleName>
        <sponsorshipWithdrawnDate />
        <state>OH</state>
        <district>11</district>
        <bioguideId>F000455</bioguideId>
      </item>
      <item>
        <sponsorshipDate>2017-04-04</sponsorshipDate>
        <party>D</party>
        <fullName>Rep. Clark, Katherine M. [D-MA-5]</fullName>
        <identifiers>
          <bioguideId>C001101</bioguideId>
          <lisID>2196</lisID>
          <gpoId />
        </identifiers>
        <lastName>Clark</lastName>
        <firstName>Katherine</firstName>
        <isOriginalCosponsor>True</isOriginalCosponsor>
        <middleName>M.</middleName>
        <sponsorshipWithdrawnDate />
        <state>MA</state>
        <district>5</district>
        <bioguideId>C001101</bioguideId>
      </item>
      <item>
        <sponsorshipDate>2017-04-04</sponsorshipDate>
        <party>D</party>
        <fullName>Rep. Bustos, Cheri [D-IL-17]</fullName>
        <identifiers>
          <gpoId />
          <lisID>2127</lisID>
          <bioguideId>B001286</bioguideId>
        </identifiers>
        <lastName>Bustos</lastName>
        <firstName>Cheri</firstName>
        <isOriginalCosponsor>True</isOriginalCosponsor>
        <middleName />
        <sponsorshipWithdrawnDate />
        <state>IL</state>
        <district>17</district>
        <bioguideId>B001286</bioguideId>
      </item>
      <item>
        <sponsorshipDate>2017-04-04</sponsorshipDate>
        <party>D</party>
        <fullName>Rep. Cohen, Steve [D-TN-9]</fullName>
        <identifiers>
          <gpoId>8156</gpoId>
          <lisID>1878</lisID>
          <bioguideId>C001068</bioguideId>
        </identifiers>
        <lastName>Cohen</lastName>
        <firstName>Steve</firstName>
        <isOriginalCosponsor>True</isOriginalCosponsor>
        <middleName />
        <sponsorshipWithdrawnDate />
        <state>TN</state>
        <district>9</district>
        <bioguideId>C001068</bioguideId>
      </item>
      <item>
        <sponsorshipDate>2017-04-04</sponsorshipDate>
        <party>D</party>
        <fullName>Rep. Moore, Gwen [D-WI-4]</fullName>
        <identifiers>
          <lisID>1811</lisID>
          <gpoId>8217</gpoId>
          <bioguideId>M001160</bioguideId>
        </identifiers>
        <lastName>Moore</lastName>
        <firstName>Gwen</firstName>
        <isOriginalCosponsor>True</isOriginalCosponsor>
        <middleName />
        <sponsorshipWithdrawnDate />
        <state>WI</state>
        <district>4</district>
        <bioguideId>M001160</bioguideId>
      </item>
      <item>
        <sponsorshipDate>2017-04-04</sponsorshipDate>
        <party>D</party>
        <fullName>Rep. Meng, Grace [D-NY-6]</fullName>
        <identifiers>
          <lisID>2148</lisID>
          <bioguideId>M001188</bioguideId>
          <gpoId />
        </identifiers>
        <lastName>Meng</lastName>
        <firstName>Grace</firstName>
        <isOriginalCosponsor>True</isOriginalCosponsor>
        <middleName />
        <sponsorshipWithdrawnDate />
        <state>NY</state>
        <district>6</district>
        <bioguideId>M001188</bioguideId>
      </item>
      <item>
        <sponsorshipDate>2017-04-04</sponsorshipDate>
        <party>D</party>
        <fullName>Rep. Sarbanes, John P. [D-MD-3]</fullName>
        <identifiers>
          <bioguideId>S001168</bioguideId>
          <lisID>1854</lisID>
          <gpoId>7978</gpoId>
        </identifiers>
        <lastName>Sarbanes</lastName>
        <firstName>John</firstName>
        <isOriginalCosponsor>True</isOriginalCosponsor>
        <middleName>P.</middleName>
        <sponsorshipWithdrawnDate />
        <state>MD</state>
        <district>3</district>
        <bioguideId>S001168</bioguideId>
      </item>
      <item>
        <sponsorshipDate>2017-04-04</sponsorshipDate>
        <party>D</party>
        <fullName>Rep. Swalwell, Eric [D-CA-15]</fullName>
        <identifiers>
          <lisID>2104</lisID>
          <bioguideId>S001193</bioguideId>
          <gpoId />
        </identifiers>
        <lastName>Swalwell</lastName>
        <firstName>Eric</firstName>
        <isOriginalCosponsor>True</isOriginalCosponsor>
        <middleName />
        <sponsorshipWithdrawnDate />
        <state>CA</state>
        <district>15</district>
        <bioguideId>S001193</bioguideId>
      </item>
      <item>
        <sponsorshipDate>2017-04-04</sponsorshipDate>
        <party>D</party>
        <fullName>Rep. Lujan Grisham, Michelle [D-NM-1]</fullName>
        <identifiers>
          <lisID>2146</lisID>
          <bioguideId>L000580</bioguideId>
          <gpoId />
        </identifiers>
        <lastName>Lujan Grisham</lastName>
        <firstName>Michelle</firstName>
        <isOriginalCosponsor>True</isOriginalCosponsor>
        <middleName />
        <sponsorshipWithdrawnDate />
        <state>NM</state>
        <district>1</district>
        <bioguideId>L000580</bioguideId>
      </item>
      <item>
        <sponsorshipDate>2017-04-04</sponsorshipDate>
        <party>D</party>
        <fullName>Rep. Gallego, Ruben [D-AZ-7]</fullName>
        <identifiers>
          <gpoId />
          <lisID>2226</lisID>
          <bioguideId>G000574</bioguideId>
        </identifiers>
        <lastName>Gallego</lastName>
        <firstName>Ruben</firstName>
        <isOriginalCosponsor>True</isOriginalCosponsor>
        <middleName />
        <sponsorshipWithdrawnDate />
        <state>AZ</state>
        <district>7</district>
        <bioguideId>G000574</bioguideId>
      </item>
      <item>
        <sponsorshipDate>2017-04-04</sponsorshipDate>
        <party>D</party>
        <fullName>Rep. Polis, Jared [D-CO-2]</fullName>
        <identifiers>
          <lisID>1910</lisID>
          <bioguideId>P000598</bioguideId>
          <gpoId>7860</gpoId>
        </identifiers>
        <lastName>Polis</lastName>
        <firstName>Jared</firstName>
        <isOriginalCosponsor>True</isOriginalCosponsor>
        <middleName />
        <sponsorshipWithdrawnDate />
        <state>CO</state>
        <district>2</district>
        <bioguideId>P000598</bioguideId>
      </item>
      <item>
        <sponsorshipDate>2017-04-04</sponsorshipDate>
        <party>D</party>
        <fullName>Rep. Pallone, Frank, Jr. [D-NJ-6]</fullName>
        <identifiers>
          <lisID>887</lisID>
          <bioguideId>P000034</bioguideId>
          <gpoId>8048</gpoId>
        </identifiers>
        <lastName>PALLONE</lastName>
        <firstName>FRANK</firstName>
        <isOriginalCosponsor>True</isOriginalCosponsor>
        <middleName />
        <sponsorshipWithdrawnDate />
        <state>NJ</state>
        <district>6</district>
        <bioguideId>P000034</bioguideId>
      </item>
      <item>
        <sponsorshipDate>2017-04-04</sponsorshipDate>
        <party>D</party>
        <fullName>Rep. Lynch, Stephen F. [D-MA-8]</fullName>
        <identifiers>
          <bioguideId>L000562</bioguideId>
          <lisID>1686</lisID>
          <gpoId>7974</gpoId>
        </identifiers>
        <lastName>Lynch</lastName>
        <firstName>Stephen</firstName>
        <isOriginalCosponsor>True</isOriginalCosponsor>
        <middleName>F.</middleName>
        <sponsorshipWithdrawnDate />
        <state>MA</state>
        <district>8</district>
        <bioguideId>L000562</bioguideId>
      </item>
      <item>
        <sponsorshipDate>2017-04-04</sponsorshipDate>
        <party>D</party>
        <fullName>Rep. Nolan, Richard M. [D-MN-8]</fullName>
        <identifiers>
          <lisID>867</lisID>
          <gpoId />
          <bioguideId>N000127</bioguideId>
        </identifiers>
        <lastName>NOLAN</lastName>
        <firstName>RICHARD</firstName>
        <isOriginalCosponsor>True</isOriginalCosponsor>
        <middleName />
        <sponsorshipWithdrawnDate />
        <state>MN</state>
        <district>8</district>
        <bioguideId>N000127</bioguideId>
      </item>
      <item>
        <sponsorshipDate>2017-04-04</sponsorshipDate>
        <party>D</party>
        <fullName>Rep. Shea-Porter, Carol [D-NH-1]</fullName>
        <identifiers>
          <lisID>1861</lisID>
          <gpoId>7528</gpoId>
          <bioguideId>S001170</bioguideId>
        </identifiers>
        <lastName>Shea-Porter</lastName>
        <firstName>Carol</firstName>
        <isOriginalCosponsor>True</isOriginalCosponsor>
        <middleName />
        <sponsorshipWithdrawnDate />
        <state>NH</state>
        <district>1</district>
        <bioguideId>S001170</bioguideId>
      </item>
      <item>
        <sponsorshipDate>2017-04-04</sponsorshipDate>
        <party>D</party>
        <fullName>Rep. Jayapal, Pramila [D-WA-7]</fullName>
        <identifiers>
          <lisID>2354</lisID>
          <gpoId />
          <bioguideId>J000298</bioguideId>
        </identifiers>
        <lastName>Jayapal</lastName>
        <firstName>Pramila</firstName>
        <isOriginalCosponsor>True</isOriginalCosponsor>
        <middleName />
        <sponsorshipWithdrawnDate />
        <state>WA</state>
        <district>7</district>
        <bioguideId>J000298</bioguideId>
      </item>
      <item>
        <sponsorshipDate>2017-04-04</sponsorshipDate>
        <party>D</party>
        <fullName>Rep. Garamendi, John [D-CA-3]</fullName>
        <identifiers>
          <bioguideId>G000559</bioguideId>
          <lisID>1973</lisID>
          <gpoId>7815</gpoId>
        </identifiers>
        <lastName>Garamendi</lastName>
        <firstName>John</firstName>
        <isOriginalCosponsor>True</isOriginalCosponsor>
        <middleName />
        <sponsorshipWithdrawnDate />
        <state>CA</state>
        <district>3</district>
        <bioguideId>G000559</bioguideId>
      </item>
      <item>
        <sponsorshipDate>2017-04-04</sponsorshipDate>
        <party>D</party>
        <fullName>Rep. Kuster, Ann M. [D-NH-2]</fullName>
        <identifiers>
          <lisID>2145</lisID>
          <bioguideId>K000382</bioguideId>
          <gpoId />
        </identifiers>
        <lastName>Kuster</lastName>
        <firstName>Ann</firstName>
        <isOriginalCosponsor>True</isOriginalCosponsor>
        <middleName>M.</middleName>
        <sponsorshipWithdrawnDate />
        <state>NH</state>
        <district>2</district>
        <bioguideId>K000382</bioguideId>
      </item>
      <item>
        <sponsorshipDate>2017-04-25</sponsorshipDate>
        <party>D</party>
        <fullName>Rep. O'Rourke, Beto [D-TX-16]</fullName>
        <identifiers>
          <bioguideId>O000170</bioguideId>
          <lisID>2162</lisID>
          <gpoId />
        </identifiers>
        <lastName>O'Rourke</lastName>
        <firstName>Beto</firstName>
        <isOriginalCosponsor>False</isOriginalCosponsor>
        <middleName />
        <sponsorshipWithdrawnDate />
        <state>TX</state>
        <district>16</district>
        <bioguideId>O000170</bioguideId>
      </item>
      <item>
        <sponsorshipDate>2017-04-25</sponsorshipDate>
        <party>D</party>
        <fullName>Rep. Payne, Donald M., Jr. [D-NJ-10]</fullName>
        <identifiers>
          <lisID>2097</lisID>
          <gpoId>8373</gpoId>
          <bioguideId>P000604</bioguideId>
        </identifiers>
        <lastName>Payne</lastName>
        <firstName>Donald</firstName>
        <isOriginalCosponsor>False</isOriginalCosponsor>
        <middleName>M.</middleName>
        <sponsorshipWithdrawnDate />
        <state>NJ</state>
        <district>10</district>
        <bioguideId>P000604</bioguideId>
      </item>
      <item>
        <sponsorshipDate>2017-04-25</sponsorshipDate>
        <party>D</party>
        <fullName>Rep. Kilmer, Derek [D-WA-6]</fullName>
        <identifiers>
          <bioguideId>K000381</bioguideId>
          <lisID>2169</lisID>
          <gpoId />
        </identifiers>
        <lastName>Kilmer</lastName>
        <firstName>Derek</firstName>
        <isOriginalCosponsor>False</isOriginalCosponsor>
        <middleName />
        <sponsorshipWithdrawnDate />
        <state>WA</state>
        <district>6</district>
        <bioguideId>K000381</bioguideId>
      </item>
      <item>
        <sponsorshipDate>2017-05-04</sponsorshipDate>
        <party>D</party>
        <fullName>Rep. Bordallo, Madeleine Z. [D-GU-At Large]</fullName>
        <identifiers>
          <lisID>1723</lisID>
          <bioguideId>B001245</bioguideId>
          <gpoId>7911</gpoId>
        </identifiers>
        <lastName>Bordallo</lastName>
        <firstName>Madeleine</firstName>
        <isOriginalCosponsor>False</isOriginalCosponsor>
        <middleName>Z.</middleName>
        <sponsorshipWithdrawnDate />
        <state>GU</state>
        <district>0</district>
        <bioguideId>B001245</bioguideId>
      </item>
      <item>
        <sponsorshipDate>2017-05-04</sponsorshipDate>
        <party>D</party>
        <fullName>Rep. Johnson, Henry C. "Hank," Jr. [D-GA-4]</fullName>
        <identifiers>
          <bioguideId>J000288</bioguideId>
          <gpoId>7901</gpoId>
          <lisID>1843</lisID>
        </identifiers>
        <lastName>Johnson</lastName>
        <firstName>Henry</firstName>
        <isOriginalCosponsor>False</isOriginalCosponsor>
        <middleName>C. "Hank"</middleName>
        <sponsorshipWithdrawnDate />
        <state>GA</state>
        <district>4</district>
        <bioguideId>J000288</bioguideId>
      </item>
      <item>
        <sponsorshipDate>2017-05-04</sponsorshipDate>
        <party>D</party>
        <fullName>Rep. Larsen, Rick [D-WA-2]</fullName>
        <identifiers>
          <lisID>1675</lisID>
          <bioguideId>L000560</bioguideId>
          <gpoId>8206</gpoId>
        </identifiers>
        <lastName>LARSEN</lastName>
        <firstName>RICK</firstName>
        <isOriginalCosponsor>False</isOriginalCosponsor>
        <middleName />
        <sponsorshipWithdrawnDate />
        <state>WA</state>
        <district>2</district>
        <bioguideId>L000560</bioguideId>
      </item>
      <item>
        <sponsorshipDate>2017-05-04</sponsorshipDate>
        <party>D</party>
        <fullName>Rep. Vargas, Juan [D-CA-51]</fullName>
        <identifiers>
          <bioguideId>V000130</bioguideId>
          <lisID>2112</lisID>
          <gpoId />
        </identifiers>
        <lastName>Vargas</lastName>
        <firstName>Juan</firstName>
        <isOriginalCosponsor>False</isOriginalCosponsor>
        <middleName />
        <sponsorshipWithdrawnDate />
        <state>CA</state>
        <district>51</district>
        <bioguideId>V000130</bioguideId>
      </item>
      <item>
        <sponsorshipDate>2017-06-08</sponsorshipDate>
        <party>D</party>
        <fullName>Rep. Smith, Adam [D-WA-9]</fullName>
        <identifiers>
          <lisID>1528</lisID>
          <bioguideId>S000510</bioguideId>
          <gpoId>8213</gpoId>
        </identifiers>
        <lastName>SMITH</lastName>
        <firstName>ADAM</firstName>
        <isOriginalCosponsor>False</isOriginalCosponsor>
        <middleName />
        <sponsorshipWithdrawnDate />
        <state>WA</state>
        <district>9</district>
        <bioguideId>S000510</bioguideId>
      </item>
    </cosponsors>
    <actions>
      <item>
        <text>Referred to the House Committee on Oversight and Government Reform.</text>
        <type>IntroReferral</type>
        <committee>
          <systemCode>hsgo00</systemCode>
          <name>Oversight and Government Reform Committee</name>
        </committee>
        <actionDate>2017-04-04</actionDate>
        <links />
        <actionCode>H11100</actionCode>
        <sourceSystem>
          <code>2</code>
          <name>House floor actions</name>
        </sourceSystem>
      </item>
      <item>
        <text>Introduced in House</text>
        <type>IntroReferral</type>
        <committee />
        <actionDate>2017-04-04</actionDate>
        <links />
        <actionCode>Intro-H</actionCode>
        <sourceSystem>
          <code>9</code>
          <name>Library of Congress</name>
        </sourceSystem>
      </item>
      <item>
        <text>Introduced in House</text>
        <type>IntroReferral</type>
        <committee />
        <actionDate>2017-04-04</actionDate>
        <links />
        <actionCode>1000</actionCode>
        <sourceSystem>
          <code>9</code>
          <name>Library of Congress</name>
        </sourceSystem>
      </item>
      <actionByCounts>
        <houseOfRepresentatives>3</houseOfRepresentatives>
      </actionByCounts>
      <actionTypeCounts>
        <introducedInHouse>1</introducedInHouse>
        <introducedInTheHouse>1</introducedInTheHouse>
        <billReferrals>1</billReferrals>
      </actionTypeCounts>
    </actions>
    <committees>
      <billCommittees>
        <item>
          <subcommittees />
          <systemCode>hsgo00</systemCode>
          <name>Oversight and Government Reform Committee</name>
          <activities>
            <item>
              <date>2017-04-04T14:04:50Z</date>
              <name>Referred to</name>
            </item>
          </activities>
          <type>Standing</type>
          <chamber>House</chamber>
        </item>
      </billCommittees>
    </committees>
    <updateDate>2018-08-28T19:53:18Z</updateDate>
    <version>1.0.0</version>
    <title>Recognizing the significance of Equal Pay Day to illustrate the disparity between wages paid to men and women.</title>
    <createDate>2017-04-05T03:11:44Z</createDate>
    <billNumber>44</billNumber>
    <constitutionalAuthorityStatementText />
    <cboCostEstimates />
    <calendarNumbers />
    <policyArea>
      <name>Civil Rights and Liberties, Minority Issues</name>
    </policyArea>
    <summaries>
      <billSummaries>
        <item>
          <updateDate>2017-04-04T04:00:00Z</updateDate>
          <versionCode>00</versionCode>
          <name>Introduced in House</name>
          <text><![CDATA[<p>Recognizes the significance of Equal Pay Day to illustrate the disparity between wages paid to men and women, and its impact on women, families, and the nation. <BR> <BR> </p>]]></text>
          <actionDate>2017-04-04</actionDate>
          <actionDesc>Introduced in House</actionDesc>
          <lastSummaryUpdateDate>2017-04-07T15:36:35Z</lastSummaryUpdateDate>
        </item>
      </billSummaries>
    </summaries>
    <originChamber>House</originChamber>
    <titles>
      <item>
        <titleType>Official Title as Introduced</titleType>
        <title>Recognizing the significance of Equal Pay Day to illustrate the disparity between wages paid to men and women.</title>
        <parentTitleType />
        <chamberCode />
        <chamberName />
      </item>
      <item>
        <titleType>Display Title</titleType>
        <title>Recognizing the significance of Equal Pay Day to illustrate the disparity between wages paid to men and women.</title>
        <parentTitleType />
        <chamberCode />
        <chamberName />
      </item>
    </titles>
  </bill>
  <dublinCore xmlns:dc="http://purl.org/dc/elements/1.1/">
    <dc:format>text/xml</dc:format>
    <dc:language>EN</dc:language>
    <dc:rights>Pursuant to Title 17 Section 105 of the United States Code, this file is not subject to copyright protection and is in the public domain.</dc:rights>
    <dc:contributor>Congressional Research Service, Library of Congress</dc:contributor>
    <dc:description>This file contains bill summaries and statuses for federal legislation. A bill summary describes the most significant provisions of a piece of legislation and details the effects the legislative text may have on current law and federal programs. Bill summaries are authored by the Congressional Research Service (CRS) of the Library of Congress. As stated in Public Law 91-510 (2 USC 166 (d)(6)), one of the duties of CRS is "to prepare summaries and digests of bills and resolutions of a public general nature introduced in the Senate or House of Representatives". For more information, refer to the User Guide that accompanies this file.</dc:description>
  </dublinCore>
</billStatus>

