<?xml version="1.0" encoding="UTF-8"?>
<billStatus>
  <bill>
    <calendarNumbers />
    <amendments />
    <committeeReports />
    <constitutionalAuthorityStatementText />
    <laws />
    <summaries>
      <billSummaries>
        <item>
          <text><![CDATA[<p>Expresses the sense of Congress that the final rule issued on May 23, 2016, by the Department of Labor titled &quot;Defining and Delimiting the Exemptions for Executive, Administrative, Professional, Outside Sales and Computer Employees&quot;: (1) would provide more than 13 million workers with greater economic security, (2) was created through the legally valid exercises of the congressionally delegated authority of the Department of Labor under the Fair Labor Standards Act of 1938, and (3) should be defended and enforced with due haste.</p>]]></text>
          <lastSummaryUpdateDate>2017-09-25T18:54:45Z</lastSummaryUpdateDate>
          <actionDesc>Introduced in House</actionDesc>
          <updateDate>2017-06-29T04:00:00Z</updateDate>
          <name>Introduced in House</name>
          <versionCode>00</versionCode>
          <actionDate>2017-06-29</actionDate>
        </item>
      </billSummaries>
    </summaries>
    <relatedBills>
      <item>
        <latestAction>
          <actionDate>2017-06-29</actionDate>
          <text>Referred to the Committee on Health, Education, Labor, and Pensions. (text of measure as introduced: CR S3865-3866)</text>
        </latestAction>
        <relationshipDetails>
          <item>
            <identifiedBy>CRS</identifiedBy>
            <type>Identical bill</type>
          </item>
        </relationshipDetails>
        <congress>115</congress>
        <latestTitle>A concurrent resolution expressing the sense of Congress that the overtime rule published in the Federal Register by the Secretary of Labor on May 23, 2016, would provide millions of workers with greater economic security and was a legally valid exercise of the authority of the Secretary under the Fair Labor Standards Act of 1938.</latestTitle>
        <type>SCONRES</type>
        <number>20</number>
      </item>
    </relatedBills>
    <createDate>2017-06-30T03:11:32Z</createDate>
    <latestAction>
      <links />
      <actionDate>2017-06-29</actionDate>
      <text>Referred to the House Committee on Education and the Workforce.</text>
    </latestAction>
    <sponsors>
      <item>
        <party>D</party>
        <state>VA</state>
        <bioguideId>S000185</bioguideId>
        <middleName>C. "Bobby"</middleName>
        <lastName>Scott</lastName>
        <fullName>Rep. Scott, Robert C. "Bobby" [D-VA-3]</fullName>
        <firstName>Robert</firstName>
        <district>3</district>
        <byRequestType />
        <identifiers>
          <lisID>1037</lisID>
          <gpoId>8194</gpoId>
          <bioguideId>S000185</bioguideId>
        </identifiers>
      </item>
    </sponsors>
    <billNumber>68</billNumber>
    <updateDate>2018-08-28T19:53:24Z</updateDate>
    <cboCostEstimates />
    <notes />
    <titles>
      <item>
        <titleType>Official Title as Introduced</titleType>
        <title>Expressing the sense of Congress that the overtime rule published in the Federal Register by the Secretary of Labor on May 23, 2016, would provide millions of workers with greater economic security and was a legally valid exercise of the authority of the Secretary under the Fair Labor Standards Act of 1938.</title>
        <parentTitleType />
        <chamberCode />
        <chamberName />
      </item>
      <item>
        <titleType>Display Title</titleType>
        <title>Expressing the sense of Congress that the overtime rule published in the Federal Register by the Secretary of Labor on May 23, 2016, would provide millions of workers with greater economic security and was a legally valid exercise of the authority of the Secretary under the Fair Labor Standards Act of 1938.</title>
        <parentTitleType />
        <chamberCode />
        <chamberName />
      </item>
    </titles>
    <introducedDate>2017-06-29</introducedDate>
    <subjects>
      <billSubjects>
        <legislativeSubjects>
          <item>
            <name>Administrative law and regulatory procedures</name>
          </item>
          <item>
            <name>Computers and information technology</name>
          </item>
          <item>
            <name>Department of Labor</name>
          </item>
          <item>
            <name>Labor standards</name>
          </item>
          <item>
            <name>Retail and wholesale trades</name>
          </item>
          <item>
            <name>Wages and earnings</name>
          </item>
        </legislativeSubjects>
        <policyArea>
          <name>Labor and Employment</name>
        </policyArea>
      </billSubjects>
    </subjects>
    <billType>HCONRES</billType>
    <originChamber>House</originChamber>
    <title>Expressing the sense of Congress that the overtime rule published in the Federal Register by the Secretary of Labor on May 23, 2016, would provide millions of workers with greater economic security and was a legally valid exercise of the authority of the Secretary under the Fair Labor Standards Act of 1938.</title>
    <cosponsors>
      <item>
        <party>D</party>
        <state>CA</state>
        <bioguideId>T000472</bioguideId>
        <sponsorshipWithdrawnDate />
        <isOriginalCosponsor>True</isOriginalCosponsor>
        <identifiers>
          <bioguideId>T000472</bioguideId>
          <gpoId />
          <lisID>2110</lisID>
        </identifiers>
        <fullName>Rep. Takano, Mark [D-CA-41]</fullName>
        <lastName>Takano</lastName>
        <sponsorshipDate>2017-06-29</sponsorshipDate>
        <firstName>Mark</firstName>
        <district>41</district>
        <middleName />
      </item>
      <item>
        <party>D</party>
        <state>WI</state>
        <bioguideId>P000607</bioguideId>
        <sponsorshipWithdrawnDate />
        <isOriginalCosponsor>True</isOriginalCosponsor>
        <identifiers>
          <bioguideId>P000607</bioguideId>
          <lisID>2171</lisID>
          <gpoId />
        </identifiers>
        <fullName>Rep. Pocan, Mark [D-WI-2]</fullName>
        <lastName>Pocan</lastName>
        <sponsorshipDate>2017-06-29</sponsorshipDate>
        <firstName>Mark</firstName>
        <district>2</district>
        <middleName />
      </item>
      <item>
        <party>D</party>
        <state>DC</state>
        <bioguideId>N000147</bioguideId>
        <sponsorshipWithdrawnDate />
        <isOriginalCosponsor>True</isOriginalCosponsor>
        <identifiers>
          <lisID>868</lisID>
          <bioguideId>N000147</bioguideId>
          <gpoId>7871</gpoId>
        </identifiers>
        <fullName>Rep. Norton, Eleanor Holmes [D-DC-At Large]</fullName>
        <lastName>NORTON</lastName>
        <sponsorshipDate>2017-06-29</sponsorshipDate>
        <firstName>ELEANOR</firstName>
        <district>0</district>
        <middleName>HOLMES</middleName>
      </item>
      <item>
        <party>D</party>
        <state>MI</state>
        <bioguideId>C000714</bioguideId>
        <sponsorshipWithdrawnDate />
        <isOriginalCosponsor>True</isOriginalCosponsor>
        <identifiers>
          <bioguideId>C000714</bioguideId>
          <gpoId>7999</gpoId>
          <lisID>229</lisID>
        </identifiers>
        <fullName>Rep. Conyers, John, Jr. [D-MI-13]</fullName>
        <lastName>CONYERS</lastName>
        <sponsorshipDate>2017-06-29</sponsorshipDate>
        <firstName>JOHN</firstName>
        <district>13</district>
        <middleName />
      </item>
      <item>
        <party>D</party>
        <state>CA</state>
        <bioguideId>N000179</bioguideId>
        <sponsorshipWithdrawnDate />
        <isOriginalCosponsor>True</isOriginalCosponsor>
        <identifiers>
          <lisID>1602</lisID>
          <gpoId>7843</gpoId>
          <bioguideId>N000179</bioguideId>
        </identifiers>
        <fullName>Rep. Napolitano, Grace F. [D-CA-32]</fullName>
        <lastName>NAPOLITANO</lastName>
        <sponsorshipDate>2017-06-29</sponsorshipDate>
        <firstName>GRACE</firstName>
        <district>32</district>
        <middleName>F.</middleName>
      </item>
      <item>
        <party>D</party>
        <state>CA</state>
        <bioguideId>L000551</bioguideId>
        <sponsorshipWithdrawnDate />
        <isOriginalCosponsor>True</isOriginalCosponsor>
        <identifiers>
          <gpoId>7814</gpoId>
          <lisID>1501</lisID>
          <bioguideId>L000551</bioguideId>
        </identifiers>
        <fullName>Rep. Lee, Barbara [D-CA-13]</fullName>
        <lastName>LEE</lastName>
        <sponsorshipDate>2017-06-29</sponsorshipDate>
        <firstName>BARBARA</firstName>
        <district>13</district>
        <middleName />
      </item>
      <item>
        <party>D</party>
        <state>CA</state>
        <bioguideId>D000623</bioguideId>
        <sponsorshipWithdrawnDate />
        <isOriginalCosponsor>True</isOriginalCosponsor>
        <identifiers>
          <lisID>2227</lisID>
          <gpoId />
          <bioguideId>D000623</bioguideId>
        </identifiers>
        <fullName>Rep. DeSaulnier, Mark [D-CA-11]</fullName>
        <lastName>DeSaulnier</lastName>
        <sponsorshipDate>2017-06-29</sponsorshipDate>
        <firstName>Mark</firstName>
        <district>11</district>
        <middleName />
      </item>
      <item>
        <party>D</party>
        <state>FL</state>
        <bioguideId>W000808</bioguideId>
        <sponsorshipWithdrawnDate />
        <isOriginalCosponsor>True</isOriginalCosponsor>
        <identifiers>
          <lisID>2004</lisID>
          <bioguideId>W000808</bioguideId>
          <gpoId>7889</gpoId>
        </identifiers>
        <fullName>Rep. Wilson, Frederica S. [D-FL-24]</fullName>
        <lastName>Wilson</lastName>
        <sponsorshipDate>2017-06-29</sponsorshipDate>
        <firstName>Frederica</firstName>
        <district>24</district>
        <middleName>S.</middleName>
      </item>
      <item>
        <party>D</party>
        <state>NJ</state>
        <bioguideId>N000188</bioguideId>
        <sponsorshipWithdrawnDate />
        <isOriginalCosponsor>True</isOriginalCosponsor>
        <identifiers>
          <gpoId />
          <lisID>2202</lisID>
          <bioguideId>N000188</bioguideId>
        </identifiers>
        <fullName>Rep. Norcross, Donald [D-NJ-1]</fullName>
        <lastName>Norcross</lastName>
        <sponsorshipDate>2017-06-29</sponsorshipDate>
        <firstName>Donald</firstName>
        <district>1</district>
        <middleName />
      </item>
      <item>
        <party>D</party>
        <state>IL</state>
        <bioguideId>S001145</bioguideId>
        <sponsorshipWithdrawnDate />
        <isOriginalCosponsor>True</isOriginalCosponsor>
        <identifiers>
          <lisID>1588</lisID>
          <gpoId>7929</gpoId>
          <bioguideId>S001145</bioguideId>
        </identifiers>
        <fullName>Rep. Schakowsky, Janice D. [D-IL-9]</fullName>
        <lastName>SCHAKOWSKY</lastName>
        <sponsorshipDate>2017-06-29</sponsorshipDate>
        <firstName>JANICE</firstName>
        <district>9</district>
        <middleName>D.</middleName>
      </item>
      <item>
        <party>D</party>
        <state>CT</state>
        <bioguideId>C001069</bioguideId>
        <sponsorshipWithdrawnDate />
        <isOriginalCosponsor>True</isOriginalCosponsor>
        <identifiers>
          <bioguideId>C001069</bioguideId>
          <lisID>1836</lisID>
          <gpoId>7867</gpoId>
        </identifiers>
        <fullName>Rep. Courtney, Joe [D-CT-2]</fullName>
        <lastName>Courtney</lastName>
        <sponsorshipDate>2017-06-29</sponsorshipDate>
        <firstName>Joe</firstName>
        <district>2</district>
        <middleName />
      </item>
      <item>
        <party>D</party>
        <state>CT</state>
        <bioguideId>D000216</bioguideId>
        <sponsorshipWithdrawnDate />
        <isOriginalCosponsor>True</isOriginalCosponsor>
        <identifiers>
          <bioguideId>D000216</bioguideId>
          <lisID>281</lisID>
          <gpoId>7868</gpoId>
        </identifiers>
        <fullName>Rep. DeLauro, Rosa L. [D-CT-3]</fullName>
        <lastName>DELAURO</lastName>
        <sponsorshipDate>2017-06-29</sponsorshipDate>
        <firstName>ROSA</firstName>
        <district>3</district>
        <middleName />
      </item>
      <item>
        <party>D</party>
        <state>NY</state>
        <bioguideId>E000297</bioguideId>
        <sponsorshipWithdrawnDate />
        <isOriginalCosponsor>True</isOriginalCosponsor>
        <identifiers>
          <bioguideId>E000297</bioguideId>
          <lisID>2342</lisID>
          <gpoId />
        </identifiers>
        <fullName>Rep. Espaillat, Adriano [D-NY-13]</fullName>
        <lastName>Espaillat</lastName>
        <sponsorshipDate>2017-06-29</sponsorshipDate>
        <firstName>Adriano</firstName>
        <district>13</district>
        <middleName />
      </item>
      <item>
        <party>D</party>
        <state>MI</state>
        <bioguideId>L000263</bioguideId>
        <sponsorshipWithdrawnDate />
        <isOriginalCosponsor>True</isOriginalCosponsor>
        <identifiers>
          <lisID>683</lisID>
          <bioguideId>L000263</bioguideId>
          <gpoId>7997</gpoId>
        </identifiers>
        <fullName>Rep. Levin, Sander M. [D-MI-9]</fullName>
        <lastName>LEVIN</lastName>
        <sponsorshipDate>2017-06-29</sponsorshipDate>
        <firstName>SANDER</firstName>
        <district>9</district>
        <middleName>M.</middleName>
      </item>
      <item>
        <party>D</party>
        <state>CA</state>
        <bioguideId>S001193</bioguideId>
        <sponsorshipWithdrawnDate />
        <isOriginalCosponsor>True</isOriginalCosponsor>
        <identifiers>
          <lisID>2104</lisID>
          <bioguideId>S001193</bioguideId>
          <gpoId />
        </identifiers>
        <fullName>Rep. Swalwell, Eric [D-CA-15]</fullName>
        <lastName>Swalwell</lastName>
        <sponsorshipDate>2017-06-29</sponsorshipDate>
        <firstName>Eric</firstName>
        <district>15</district>
        <middleName />
      </item>
      <item>
        <party>D</party>
        <state>NJ</state>
        <bioguideId>P000034</bioguideId>
        <sponsorshipWithdrawnDate />
        <isOriginalCosponsor>True</isOriginalCosponsor>
        <identifiers>
          <lisID>887</lisID>
          <bioguideId>P000034</bioguideId>
          <gpoId>8048</gpoId>
        </identifiers>
        <fullName>Rep. Pallone, Frank, Jr. [D-NJ-6]</fullName>
        <lastName>PALLONE</lastName>
        <sponsorshipDate>2017-06-29</sponsorshipDate>
        <firstName>FRANK</firstName>
        <district>6</district>
        <middleName />
      </item>
      <item>
        <party>D</party>
        <state>OH</state>
        <bioguideId>F000455</bioguideId>
        <sponsorshipWithdrawnDate />
        <isOriginalCosponsor>True</isOriginalCosponsor>
        <identifiers>
          <lisID>1895</lisID>
          <gpoId>8101</gpoId>
          <bioguideId>F000455</bioguideId>
        </identifiers>
        <fullName>Rep. Fudge, Marcia L. [D-OH-11]</fullName>
        <lastName>Fudge</lastName>
        <sponsorshipDate>2017-06-29</sponsorshipDate>
        <firstName>Marcia</firstName>
        <district>11</district>
        <middleName>L.</middleName>
      </item>
      <item>
        <party>D</party>
        <state>TX</state>
        <bioguideId>G000553</bioguideId>
        <sponsorshipWithdrawnDate />
        <isOriginalCosponsor>True</isOriginalCosponsor>
        <identifiers>
          <lisID>1803</lisID>
          <gpoId>8165</gpoId>
          <bioguideId>G000553</bioguideId>
        </identifiers>
        <fullName>Rep. Green, Al [D-TX-9]</fullName>
        <lastName>Green</lastName>
        <sponsorshipDate>2017-06-29</sponsorshipDate>
        <firstName>Al</firstName>
        <district>9</district>
        <middleName />
      </item>
      <item>
        <party>D</party>
        <state>AZ</state>
        <bioguideId>G000551</bioguideId>
        <sponsorshipWithdrawnDate />
        <isOriginalCosponsor>True</isOriginalCosponsor>
        <identifiers>
          <lisID>1708</lisID>
          <gpoId>7804</gpoId>
          <bioguideId>G000551</bioguideId>
        </identifiers>
        <fullName>Rep. Grijalva, Raul M. [D-AZ-3]</fullName>
        <lastName>Grijalva</lastName>
        <sponsorshipDate>2017-06-29</sponsorshipDate>
        <firstName>Raul</firstName>
        <district>3</district>
        <middleName>M.</middleName>
      </item>
      <item>
        <party>D</party>
        <state>NY</state>
        <bioguideId>C001038</bioguideId>
        <sponsorshipWithdrawnDate />
        <isOriginalCosponsor>True</isOriginalCosponsor>
        <identifiers>
          <bioguideId>C001038</bioguideId>
          <lisID>1604</lisID>
          <gpoId>8068</gpoId>
        </identifiers>
        <fullName>Rep. Crowley, Joseph [D-NY-14]</fullName>
        <lastName>CROWLEY</lastName>
        <sponsorshipDate>2017-06-29</sponsorshipDate>
        <firstName>JOSEPH</firstName>
        <district>14</district>
        <middleName />
      </item>
      <item>
        <party>D</party>
        <state>NY</state>
        <bioguideId>C001067</bioguideId>
        <sponsorshipWithdrawnDate />
        <isOriginalCosponsor>True</isOriginalCosponsor>
        <identifiers>
          <lisID>1864</lisID>
          <bioguideId>C001067</bioguideId>
          <gpoId>8072</gpoId>
        </identifiers>
        <fullName>Rep. Clarke, Yvette D. [D-NY-9]</fullName>
        <lastName>Clarke</lastName>
        <sponsorshipDate>2017-06-29</sponsorshipDate>
        <firstName>Yvette</firstName>
        <district>9</district>
        <middleName>D.</middleName>
      </item>
      <item>
        <party>D</party>
        <state>NY</state>
        <bioguideId>J000294</bioguideId>
        <sponsorshipWithdrawnDate />
        <isOriginalCosponsor>True</isOriginalCosponsor>
        <identifiers>
          <lisID>2149</lisID>
          <gpoId />
          <bioguideId>J000294</bioguideId>
        </identifiers>
        <fullName>Rep. Jeffries, Hakeem S. [D-NY-8]</fullName>
        <lastName>Jeffries</lastName>
        <sponsorshipDate>2017-06-29</sponsorshipDate>
        <firstName>Hakeem</firstName>
        <district>8</district>
        <middleName>S.</middleName>
      </item>
      <item>
        <party>D</party>
        <state>MN</state>
        <bioguideId>E000288</bioguideId>
        <sponsorshipWithdrawnDate />
        <isOriginalCosponsor>True</isOriginalCosponsor>
        <identifiers>
          <lisID>1857</lisID>
          <gpoId>8005</gpoId>
          <bioguideId>E000288</bioguideId>
        </identifiers>
        <fullName>Rep. Ellison, Keith [D-MN-5]</fullName>
        <lastName>Ellison</lastName>
        <sponsorshipDate>2017-06-29</sponsorshipDate>
        <firstName>Keith</firstName>
        <district>5</district>
        <middleName />
      </item>
      <item>
        <party>D</party>
        <state>NJ</state>
        <bioguideId>P000096</bioguideId>
        <sponsorshipWithdrawnDate />
        <isOriginalCosponsor>True</isOriginalCosponsor>
        <identifiers>
          <lisID>1510</lisID>
          <gpoId>8050</gpoId>
          <bioguideId>P000096</bioguideId>
        </identifiers>
        <fullName>Rep. Pascrell, Bill, Jr. [D-NJ-9]</fullName>
        <lastName>PASCRELL</lastName>
        <sponsorshipDate>2017-06-29</sponsorshipDate>
        <firstName>WILLIAM</firstName>
        <district>9</district>
        <middleName>J.</middleName>
      </item>
      <item>
        <party>D</party>
        <state>CO</state>
        <bioguideId>P000598</bioguideId>
        <sponsorshipWithdrawnDate />
        <isOriginalCosponsor>True</isOriginalCosponsor>
        <identifiers>
          <lisID>1910</lisID>
          <bioguideId>P000598</bioguideId>
          <gpoId>7860</gpoId>
        </identifiers>
        <fullName>Rep. Polis, Jared [D-CO-2]</fullName>
        <lastName>Polis</lastName>
        <sponsorshipDate>2017-06-29</sponsorshipDate>
        <firstName>Jared</firstName>
        <district>2</district>
        <middleName />
      </item>
      <item>
        <party>D</party>
        <state>WA</state>
        <bioguideId>H001064</bioguideId>
        <sponsorshipWithdrawnDate />
        <isOriginalCosponsor>True</isOriginalCosponsor>
        <identifiers>
          <gpoId />
          <lisID>2170</lisID>
          <bioguideId>H001064</bioguideId>
        </identifiers>
        <fullName>Rep. Heck, Denny [D-WA-10]</fullName>
        <lastName>Heck</lastName>
        <sponsorshipDate>2017-06-29</sponsorshipDate>
        <firstName>Denny</firstName>
        <district>10</district>
        <middleName />
      </item>
      <item>
        <party>D</party>
        <state>MD</state>
        <bioguideId>C000984</bioguideId>
        <sponsorshipWithdrawnDate />
        <isOriginalCosponsor>True</isOriginalCosponsor>
        <identifiers>
          <gpoId>7982</gpoId>
          <lisID>256</lisID>
          <bioguideId>C000984</bioguideId>
        </identifiers>
        <fullName>Rep. Cummings, Elijah E. [D-MD-7]</fullName>
        <lastName>CUMMINGS</lastName>
        <sponsorshipDate>2017-06-29</sponsorshipDate>
        <firstName>ELIJAH</firstName>
        <district>7</district>
        <middleName>E.</middleName>
      </item>
      <item>
        <party>D</party>
        <state>OR</state>
        <bioguideId>B001278</bioguideId>
        <sponsorshipWithdrawnDate />
        <isOriginalCosponsor>True</isOriginalCosponsor>
        <identifiers>
          <lisID>2092</lisID>
          <bioguideId>B001278</bioguideId>
          <gpoId>8367</gpoId>
        </identifiers>
        <fullName>Rep. Bonamici, Suzanne [D-OR-1]</fullName>
        <lastName>Bonamici</lastName>
        <sponsorshipDate>2017-06-29</sponsorshipDate>
        <firstName>Suzanne</firstName>
        <district>1</district>
        <middleName />
      </item>
      <item>
        <party>D</party>
        <state>IL</state>
        <bioguideId>G000535</bioguideId>
        <sponsorshipWithdrawnDate />
        <isOriginalCosponsor>True</isOriginalCosponsor>
        <identifiers>
          <lisID>478</lisID>
          <bioguideId>G000535</bioguideId>
          <gpoId>7924</gpoId>
        </identifiers>
        <fullName>Rep. Gutierrez, Luis V. [D-IL-4]</fullName>
        <lastName>GUTIERREZ</lastName>
        <sponsorshipDate>2017-06-29</sponsorshipDate>
        <firstName>LUIS</firstName>
        <district>4</district>
        <middleName>V.</middleName>
      </item>
      <item>
        <party>D</party>
        <state>NC</state>
        <bioguideId>A000370</bioguideId>
        <sponsorshipWithdrawnDate />
        <isOriginalCosponsor>True</isOriginalCosponsor>
        <identifiers>
          <bioguideId>A000370</bioguideId>
          <gpoId />
          <lisID>2201</lisID>
        </identifiers>
        <fullName>Rep. Adams, Alma S. [D-NC-12]</fullName>
        <lastName>Adams</lastName>
        <sponsorshipDate>2017-06-29</sponsorshipDate>
        <firstName>Alma</firstName>
        <district>12</district>
        <middleName>S.</middleName>
      </item>
      <item>
        <party>D</party>
        <state>NY</state>
        <bioguideId>S000480</bioguideId>
        <sponsorshipWithdrawnDate />
        <isOriginalCosponsor>False</isOriginalCosponsor>
        <identifiers>
          <lisID>1069</lisID>
          <bioguideId>S000480</bioguideId>
          <gpoId>8089</gpoId>
        </identifiers>
        <fullName>Rep. Slaughter, Louise McIntosh [D-NY-25]</fullName>
        <lastName>SLAUGHTER</lastName>
        <sponsorshipDate>2017-07-11</sponsorshipDate>
        <firstName>LOUISE</firstName>
        <district>25</district>
        <middleName>M.</middleName>
      </item>
      <item>
        <party>D</party>
        <state>FL</state>
        <bioguideId>F000462</bioguideId>
        <sponsorshipWithdrawnDate />
        <isOriginalCosponsor>False</isOriginalCosponsor>
        <identifiers>
          <bioguideId>F000462</bioguideId>
          <lisID>2119</lisID>
          <gpoId />
        </identifiers>
        <fullName>Rep. Frankel, Lois [D-FL-21]</fullName>
        <lastName>Frankel</lastName>
        <sponsorshipDate>2017-07-11</sponsorshipDate>
        <firstName>Lois</firstName>
        <district>21</district>
        <middleName />
      </item>
      <item>
        <party>D</party>
        <state>CA</state>
        <bioguideId>L000579</bioguideId>
        <sponsorshipWithdrawnDate />
        <isOriginalCosponsor>False</isOriginalCosponsor>
        <identifiers>
          <lisID>2111</lisID>
          <bioguideId>L000579</bioguideId>
          <gpoId />
        </identifiers>
        <fullName>Rep. Lowenthal, Alan S. [D-CA-47]</fullName>
        <lastName>Lowenthal</lastName>
        <sponsorshipDate>2017-07-14</sponsorshipDate>
        <firstName>Alan</firstName>
        <district>47</district>
        <middleName>S.</middleName>
      </item>
    </cosponsors>
    <recordedVotes />
    <policyArea>
      <name>Labor and Employment</name>
    </policyArea>
    <committees>
      <billCommittees>
        <item>
          <subcommittees />
          <systemCode>hsed00</systemCode>
          <name>Education and the Workforce Committee</name>
          <activities>
            <item>
              <date>2017-06-29T14:01:50Z</date>
              <name>Referred to</name>
            </item>
          </activities>
          <type>Standing</type>
          <chamber>House</chamber>
        </item>
      </billCommittees>
    </committees>
    <actions>
      <actionByCounts>
        <houseOfRepresentatives>3</houseOfRepresentatives>
      </actionByCounts>
      <item>
        <type>IntroReferral</type>
        <links />
        <sourceSystem>
          <name>House floor actions</name>
          <code>2</code>
        </sourceSystem>
        <committee>
          <name>Education and the Workforce Committee</name>
          <systemCode>hsed00</systemCode>
        </committee>
        <text>Referred to the House Committee on Education and the Workforce.</text>
        <actionCode>H11100</actionCode>
        <actionDate>2017-06-29</actionDate>
      </item>
      <item>
        <type>IntroReferral</type>
        <links />
        <sourceSystem>
          <name>Library of Congress</name>
          <code>9</code>
        </sourceSystem>
        <committee />
        <text>Introduced in House</text>
        <actionCode>Intro-H</actionCode>
        <actionDate>2017-06-29</actionDate>
      </item>
      <item>
        <type>IntroReferral</type>
        <links />
        <sourceSystem>
          <name>Library of Congress</name>
          <code>9</code>
        </sourceSystem>
        <committee />
        <text>Introduced in House</text>
        <actionCode>1000</actionCode>
        <actionDate>2017-06-29</actionDate>
      </item>
      <actionTypeCounts>
        <billReferrals>1</billReferrals>
        <introducedInTheHouse>1</introducedInTheHouse>
        <introducedInHouse>1</introducedInHouse>
      </actionTypeCounts>
    </actions>
    <version>1.0.0</version>
    <congress>115</congress>
  </bill>
  <dublinCore xmlns:dc="http://purl.org/dc/elements/1.1/">
    <dc:format>text/xml</dc:format>
    <dc:language>EN</dc:language>
    <dc:rights>Pursuant to Title 17 Section 105 of the United States Code, this file is not subject to copyright protection and is in the public domain.</dc:rights>
    <dc:contributor>Congressional Research Service, Library of Congress</dc:contributor>
    <dc:description>This file contains bill summaries and statuses for federal legislation. A bill summary describes the most significant provisions of a piece of legislation and details the effects the legislative text may have on current law and federal programs. Bill summaries are authored by the Congressional Research Service (CRS) of the Library of Congress. As stated in Public Law 91-510 (2 USC 166 (d)(6)), one of the duties of CRS is "to prepare summaries and digests of bills and resolutions of a public general nature introduced in the Senate or House of Representatives". For more information, refer to the User Guide that accompanies this file.</dc:description>
  </dublinCore>
</billStatus>

