<?xml version="1.0" encoding="UTF-8"?>
<billStatus>
  <bill>
    <titles>
      <item>
        <titleType>Official Title as Introduced</titleType>
        <chamberName />
        <chamberCode />
        <parentTitleType />
        <title>Designating the George C. Marshall Museum and George C. Marshall Research Library in Lexington, Virginia, as the National George C. Marshall Museum and Library.</title>
      </item>
      <item>
        <titleType>Display Title</titleType>
        <chamberName />
        <chamberCode />
        <parentTitleType />
        <title>Designating the George C. Marshall Museum and George C. Marshall Research Library in Lexington, Virginia, as the National George C. Marshall Museum and Library.</title>
      </item>
    </titles>
    <notes />
    <latestAction>
      <links />
      <text>Committee on Energy and Natural Resources Subcommittee on National Parks. Hearings held.</text>
      <actionDate>2018-08-15</actionDate>
    </latestAction>
    <constitutionalAuthorityStatementText />
    <committees>
      <billCommittees>
        <item>
          <activities>
            <item>
              <name>Referred to</name>
              <date>2017-06-08T15:00:47Z</date>
            </item>
          </activities>
          <name>Energy and Natural Resources Committee</name>
          <type>Standing</type>
          <chamber>Senate</chamber>
          <subcommittees>
            <item>
              <activities>
                <item>
                  <name>Hearings by</name>
                  <date>2018-08-15T20:00:00Z</date>
                </item>
              </activities>
              <name>National Parks Subcommittee</name>
              <systemCode>sseg04</systemCode>
            </item>
          </subcommittees>
          <systemCode>sseg00</systemCode>
        </item>
        <item>
          <activities>
            <item>
              <name>Referred to</name>
              <date>2017-03-15T20:30:36Z</date>
            </item>
          </activities>
          <name>Education and the Workforce Committee</name>
          <type>Standing</type>
          <chamber>House</chamber>
          <subcommittees />
          <systemCode>hsed00</systemCode>
        </item>
      </billCommittees>
    </committees>
    <actions>
      <item>
        <actionDate>2018-08-15</actionDate>
        <committee>
          <systemCode>sseg04</systemCode>
          <name>National Parks Subcommittee</name>
        </committee>
        <links />
        <sourceSystem>
          <code>0</code>
          <name>Senate</name>
        </sourceSystem>
        <text>Committee on Energy and Natural Resources Subcommittee on National Parks. Hearings held.</text>
        <type>Committee</type>
      </item>
      <item>
        <actionDate>2017-06-08</actionDate>
        <committee>
          <systemCode>sseg00</systemCode>
          <name>Energy and Natural Resources Committee</name>
        </committee>
        <links />
        <sourceSystem>
          <code>0</code>
          <name>Senate</name>
        </sourceSystem>
        <text>Received in the Senate and referred to the Committee on Energy and Natural Resources.</text>
        <type>IntroReferral</type>
      </item>
      <item>
        <actionDate>2017-06-07</actionDate>
        <actionCode>H38310</actionCode>
        <text>Motion to reconsider laid on the table Agreed to without objection.</text>
        <committee />
        <links />
        <type>Floor</type>
        <sourceSystem>
          <code>2</code>
          <name>House floor actions</name>
        </sourceSystem>
        <actionTime>15:04:03</actionTime>
      </item>
      <item>
        <actionDate>2017-06-07</actionDate>
        <actionCode>H37300</actionCode>
        <text>On motion to suspend the rules and agree to the resolution Agreed to by voice vote. (text: CR H4674-4675)</text>
        <committee />
        <links>
          <link>
            <url>https://www.congress.gov/congressional-record/volume-163/house-section/page/H4674-4675</url>
            <name>H4674-4675</name>
          </link>
        </links>
        <type>Floor</type>
        <sourceSystem>
          <code>2</code>
          <name>House floor actions</name>
        </sourceSystem>
        <actionTime>15:03:59</actionTime>
      </item>
      <item>
        <actionDate>2017-06-07</actionDate>
        <actionCode>8000</actionCode>
        <text>Passed/agreed to in House: On motion to suspend the rules and agree to the resolution Agreed to by voice vote.(text: CR H4674-4675)</text>
        <committee />
        <links>
          <link>
            <url>https://www.congress.gov/congressional-record/volume-163/house-section/page/H4674-4675</url>
            <name>H4674-4675</name>
          </link>
        </links>
        <type>Floor</type>
        <sourceSystem>
          <code>9</code>
          <name>Library of Congress</name>
        </sourceSystem>
        <actionTime>15:03:59</actionTime>
      </item>
      <item>
        <actionDate>2017-06-07</actionDate>
        <actionCode>H8D000</actionCode>
        <text>DEBATE - The House proceeded with forty minutes of debate on H. Con. Res. 33.</text>
        <committee />
        <links>
          <link>
            <url>https://www.congress.gov/bill/115th-congress/house-concurrent-resolution/33</url>
            <name>H. Con. Res. 33</name>
          </link>
        </links>
        <type>Floor</type>
        <sourceSystem>
          <code>2</code>
          <name>House floor actions</name>
        </sourceSystem>
        <actionTime>14:52:38</actionTime>
      </item>
      <item>
        <actionDate>2017-06-07</actionDate>
        <actionCode>H30000</actionCode>
        <text>Considered under suspension of the rules. (consideration: CR H4674-4676)</text>
        <committee />
        <links>
          <link>
            <url>https://www.congress.gov/congressional-record/volume-163/house-section/page/H4674-4676</url>
            <name>H4674-4676</name>
          </link>
        </links>
        <type>Floor</type>
        <sourceSystem>
          <code>2</code>
          <name>House floor actions</name>
        </sourceSystem>
        <actionTime>14:52:35</actionTime>
      </item>
      <item>
        <actionDate>2017-06-07</actionDate>
        <actionCode>H30300</actionCode>
        <text>Mr. Brat moved to suspend the rules and agree to the resolution.</text>
        <committee />
        <links />
        <type>Floor</type>
        <sourceSystem>
          <code>2</code>
          <name>House floor actions</name>
        </sourceSystem>
        <actionTime>14:52:14</actionTime>
      </item>
      <item>
        <actionDate>2017-03-15</actionDate>
        <actionCode>H11100</actionCode>
        <text>Referred to the House Committee on Education and the Workforce.</text>
        <committee>
          <systemCode>hsed00</systemCode>
          <name>Education and the Workforce Committee</name>
        </committee>
        <links />
        <type>IntroReferral</type>
        <sourceSystem>
          <code>2</code>
          <name>House floor actions</name>
        </sourceSystem>
      </item>
      <item>
        <actionDate>2017-03-15</actionDate>
        <actionCode>Intro-H</actionCode>
        <text>Introduced in House</text>
        <committee />
        <links />
        <type>IntroReferral</type>
        <sourceSystem>
          <code>9</code>
          <name>Library of Congress</name>
        </sourceSystem>
      </item>
      <item>
        <actionDate>2017-03-15</actionDate>
        <actionCode>1000</actionCode>
        <text>Introduced in House</text>
        <committee />
        <links />
        <type>IntroReferral</type>
        <sourceSystem>
          <code>9</code>
          <name>Library of Congress</name>
        </sourceSystem>
      </item>
      <actionTypeCounts>
        <motionToReconsiderResults>1</motionToReconsiderResults>
        <finalPassageUnderSuspensionOfTheRulesResults>1</finalPassageUnderSuspensionOfTheRulesResults>
        <introducedInHouse>1</introducedInHouse>
        <considerationByHouse>1</considerationByHouse>
        <motionMadeToSuspendTheRules>1</motionMadeToSuspendTheRules>
        <introducedInTheHouse>1</introducedInTheHouse>
        <passedAgreedToInHouse>1</passedAgreedToInHouse>
        <hearingsHeld>1</hearingsHeld>
        <billReferrals>1</billReferrals>
        <referredToCommittee>1</referredToCommittee>
        <generalDebate>1</generalDebate>
      </actionTypeCounts>
      <actionByCounts>
        <houseOfRepresentatives>9</houseOfRepresentatives>
        <senate>2</senate>
      </actionByCounts>
    </actions>
    <policyArea>
      <name>Arts, Culture, Religion</name>
    </policyArea>
    <sponsors>
      <item>
        <fullName>Rep. Goodlatte, Bob [R-VA-6]</fullName>
        <party>R</party>
        <bioguideId>G000289</bioguideId>
        <identifiers>
          <lisID>446</lisID>
          <bioguideId>G000289</bioguideId>
          <gpoId>8197</gpoId>
        </identifiers>
        <lastName>GOODLATTE</lastName>
        <district>6</district>
        <middleName>W.</middleName>
        <firstName>ROBERT</firstName>
        <byRequestType />
        <state>VA</state>
      </item>
    </sponsors>
    <recordedVotes />
    <updateDate>2018-08-28T19:53:16Z</updateDate>
    <billNumber>33</billNumber>
    <title>Designating the George C. Marshall Museum and George C. Marshall Research Library in Lexington, Virginia, as the National George C. Marshall Museum and Library.</title>
    <relatedBills>
      <item>
        <latestAction>
          <text>Referred to the Committee on Energy and Natural Resources. (Sponsor introductory remarks on measure: CR S1848; text of measure as introduced: CR S1847-1848)</text>
          <actionDate>2017-03-15</actionDate>
        </latestAction>
        <type>SCONRES</type>
        <number>9</number>
        <latestTitle>A concurrent resolution recognizing the George C. Marshall Museum and George C. Marshall Research Library in Lexington, Virginia, as the National George C. Marshall Museum and Library.</latestTitle>
        <relationshipDetails>
          <item>
            <type>Related bill</type>
            <identifiedBy>CRS</identifiedBy>
          </item>
        </relationshipDetails>
        <congress>115</congress>
      </item>
    </relatedBills>
    <amendments />
    <version>1.0.0</version>
    <laws />
    <cboCostEstimates />
    <billType>HCONRES</billType>
    <createDate>2017-03-16T05:28:08Z</createDate>
    <originChamber>House</originChamber>
    <summaries>
      <billSummaries>
        <item>
          <actionDesc>Introduced in House</actionDesc>
          <name>Introduced in House</name>
          <text><![CDATA[<p> Designates the George C. Marshall Museum and George C. Marshall Research Library in Lexington, Virginia, as the &quot;National George C. Marshall Museum and Library.&quot; </p>]]></text>
          <versionCode>00</versionCode>
          <lastSummaryUpdateDate>2017-03-23T21:26:54Z</lastSummaryUpdateDate>
          <updateDate>2017-03-15T04:00:00Z</updateDate>
          <actionDate>2017-03-15</actionDate>
        </item>
        <item>
          <actionDesc>Passed House without amendment</actionDesc>
          <name>Passed House without amendment</name>
          <text><![CDATA[<p>(This measure has not been amended since it was introduced. The summary of that version is repeated here.)</p> <p> Designates the George C. Marshall Museum and George C. Marshall Research Library in Lexington, Virginia, as the &quot;National George C. Marshall Museum and Library.&quot; </p>]]></text>
          <versionCode>81</versionCode>
          <lastSummaryUpdateDate>2017-06-14T15:30:45Z</lastSummaryUpdateDate>
          <updateDate>2017-06-07T15:11:11Z</updateDate>
          <actionDate>2017-06-07</actionDate>
        </item>
      </billSummaries>
    </summaries>
    <committeeReports />
    <calendarNumbers />
    <cosponsors>
      <item>
        <district>8</district>
        <firstName>Donald</firstName>
        <identifiers>
          <lisID>2272</lisID>
          <bioguideId>B001292</bioguideId>
          <gpoId />
        </identifiers>
        <isOriginalCosponsor>True</isOriginalCosponsor>
        <bioguideId>B001292</bioguideId>
        <state>VA</state>
        <fullName>Rep. Beyer, Donald S., Jr. [D-VA-8]</fullName>
        <party>D</party>
        <lastName>Beyer</lastName>
        <sponsorshipDate>2017-03-15</sponsorshipDate>
        <middleName>S.</middleName>
        <sponsorshipWithdrawnDate />
      </item>
      <item>
        <district>7</district>
        <firstName>Dave</firstName>
        <identifiers>
          <lisID>2203</lisID>
          <bioguideId>B001290</bioguideId>
          <gpoId />
        </identifiers>
        <isOriginalCosponsor>True</isOriginalCosponsor>
        <bioguideId>B001290</bioguideId>
        <state>VA</state>
        <fullName>Rep. Brat, Dave [R-VA-7]</fullName>
        <party>R</party>
        <lastName>Brat</lastName>
        <sponsorshipDate>2017-03-15</sponsorshipDate>
        <middleName />
        <sponsorshipWithdrawnDate />
      </item>
      <item>
        <district>10</district>
        <firstName>Barbara</firstName>
        <identifiers>
          <bioguideId>C001105</bioguideId>
          <gpoId />
          <lisID>2273</lisID>
        </identifiers>
        <isOriginalCosponsor>True</isOriginalCosponsor>
        <bioguideId>C001105</bioguideId>
        <state>VA</state>
        <fullName>Rep. Comstock, Barbara [R-VA-10]</fullName>
        <party>R</party>
        <lastName>Comstock</lastName>
        <sponsorshipDate>2017-03-15</sponsorshipDate>
        <middleName />
        <sponsorshipWithdrawnDate />
      </item>
      <item>
        <district>11</district>
        <firstName>Gerald</firstName>
        <identifiers>
          <lisID>1959</lisID>
          <bioguideId>C001078</bioguideId>
          <gpoId>8202</gpoId>
        </identifiers>
        <isOriginalCosponsor>True</isOriginalCosponsor>
        <bioguideId>C001078</bioguideId>
        <state>VA</state>
        <fullName>Rep. Connolly, Gerald E. [D-VA-11]</fullName>
        <party>D</party>
        <lastName>Connolly</lastName>
        <sponsorshipDate>2017-03-15</sponsorshipDate>
        <middleName>E.</middleName>
        <sponsorshipWithdrawnDate />
      </item>
      <item>
        <district>5</district>
        <firstName>Thomas</firstName>
        <identifiers>
          <lisID>2353</lisID>
          <gpoId />
          <bioguideId>G000580</bioguideId>
        </identifiers>
        <isOriginalCosponsor>True</isOriginalCosponsor>
        <bioguideId>G000580</bioguideId>
        <state>VA</state>
        <fullName>Rep. Garrett, Thomas A., Jr. [R-VA-5]</fullName>
        <party>R</party>
        <lastName>Garrett</lastName>
        <sponsorshipDate>2017-03-15</sponsorshipDate>
        <middleName>A.</middleName>
        <sponsorshipWithdrawnDate />
      </item>
      <item>
        <district>9</district>
        <firstName>H.</firstName>
        <identifiers>
          <gpoId>8200</gpoId>
          <lisID>2070</lisID>
          <bioguideId>G000568</bioguideId>
        </identifiers>
        <isOriginalCosponsor>True</isOriginalCosponsor>
        <bioguideId>G000568</bioguideId>
        <state>VA</state>
        <fullName>Rep. Griffith, H. Morgan [R-VA-9]</fullName>
        <party>R</party>
        <lastName>Griffith</lastName>
        <sponsorshipDate>2017-03-15</sponsorshipDate>
        <middleName>Morgan</middleName>
        <sponsorshipWithdrawnDate />
      </item>
      <item>
        <district>4</district>
        <firstName>A.</firstName>
        <identifiers>
          <lisID>2352</lisID>
          <gpoId />
          <bioguideId>M001200</bioguideId>
        </identifiers>
        <isOriginalCosponsor>True</isOriginalCosponsor>
        <bioguideId>M001200</bioguideId>
        <state>VA</state>
        <fullName>Rep. McEachin, A. Donald [D-VA-4]</fullName>
        <party>D</party>
        <lastName>McEachin</lastName>
        <sponsorshipDate>2017-03-15</sponsorshipDate>
        <middleName>Donald</middleName>
        <sponsorshipWithdrawnDate />
      </item>
      <item>
        <district>3</district>
        <firstName>Robert</firstName>
        <identifiers>
          <lisID>1037</lisID>
          <gpoId>8194</gpoId>
          <bioguideId>S000185</bioguideId>
        </identifiers>
        <isOriginalCosponsor>True</isOriginalCosponsor>
        <bioguideId>S000185</bioguideId>
        <state>VA</state>
        <fullName>Rep. Scott, Robert C. "Bobby" [D-VA-3]</fullName>
        <party>D</party>
        <lastName>Scott</lastName>
        <sponsorshipDate>2017-03-15</sponsorshipDate>
        <middleName>C. "Bobby"</middleName>
        <sponsorshipWithdrawnDate />
      </item>
      <item>
        <district>2</district>
        <firstName>Scott</firstName>
        <identifiers>
          <lisID>2351</lisID>
          <gpoId />
          <bioguideId>T000477</bioguideId>
        </identifiers>
        <isOriginalCosponsor>True</isOriginalCosponsor>
        <bioguideId>T000477</bioguideId>
        <state>VA</state>
        <fullName>Rep. Taylor, Scott [R-VA-2]</fullName>
        <party>R</party>
        <lastName>Taylor</lastName>
        <sponsorshipDate>2017-03-15</sponsorshipDate>
        <middleName />
        <sponsorshipWithdrawnDate />
      </item>
      <item>
        <district>1</district>
        <firstName>Robert</firstName>
        <identifiers>
          <bioguideId>W000804</bioguideId>
          <lisID>1886</lisID>
          <gpoId>8192</gpoId>
        </identifiers>
        <isOriginalCosponsor>True</isOriginalCosponsor>
        <bioguideId>W000804</bioguideId>
        <state>VA</state>
        <fullName>Rep. Wittman, Robert J. [R-VA-1]</fullName>
        <party>R</party>
        <lastName>Wittman</lastName>
        <sponsorshipDate>2017-03-15</sponsorshipDate>
        <middleName>J.</middleName>
        <sponsorshipWithdrawnDate />
      </item>
    </cosponsors>
    <introducedDate>2017-03-15</introducedDate>
    <congress>115</congress>
    <subjects>
      <billSubjects>
        <legislativeSubjects>
          <item>
            <name>Diplomacy, foreign officials, Americans abroad</name>
          </item>
          <item>
            <name>Libraries and archives</name>
          </item>
          <item>
            <name>Military history</name>
          </item>
          <item>
            <name>Museums, exhibitions, cultural centers</name>
          </item>
          <item>
            <name>U.S. history</name>
          </item>
          <item>
            <name>Virginia</name>
          </item>
        </legislativeSubjects>
        <policyArea>
          <name>Arts, Culture, Religion</name>
        </policyArea>
      </billSubjects>
    </subjects>
  </bill>
  <dublinCore xmlns:dc="http://purl.org/dc/elements/1.1/">
    <dc:format>text/xml</dc:format>
    <dc:language>EN</dc:language>
    <dc:rights>Pursuant to Title 17 Section 105 of the United States Code, this file is not subject to copyright protection and is in the public domain.</dc:rights>
    <dc:contributor>Congressional Research Service, Library of Congress</dc:contributor>
    <dc:description>This file contains bill summaries and statuses for federal legislation. A bill summary describes the most significant provisions of a piece of legislation and details the effects the legislative text may have on current law and federal programs. Bill summaries are authored by the Congressional Research Service (CRS) of the Library of Congress. As stated in Public Law 91-510 (2 USC 166 (d)(6)), one of the duties of CRS is "to prepare summaries and digests of bills and resolutions of a public general nature introduced in the Senate or House of Representatives". For more information, refer to the User Guide that accompanies this file.</dc:description>
  </dublinCore>
</billStatus>

