<?xml version="1.0" encoding="UTF-8"?>
<billStatus>
  <bill>
    <calendarNumbers />
    <amendments />
    <committeeReports />
    <constitutionalAuthorityStatementText />
    <laws />
    <summaries>
      <billSummaries>
        <item>
          <text><![CDATA[<p>Permits the Grand Lodge of the Fraternal Order of Police and its auxiliary to sponsor as free public events on the Capitol grounds: </p> <UL> <LI>the 37th Annual National Peace Officers' Memorial Service, on May 15, 2018, to honor the law enforcement officers who died in the line of duty during 2017; and <LI>the National Honor Guard and Pipe Band Exhibition, on May 14, 2018, to allow law enforcement representatives to exhibit their ability to demonstrate Honor Guard programs and provide for a bag pipe exhibition.</LI></UL>]]></text>
          <lastSummaryUpdateDate>2018-03-16T22:17:51Z</lastSummaryUpdateDate>
          <actionDesc>Introduced in House</actionDesc>
          <updateDate>2018-03-15T04:00:00Z</updateDate>
          <name>Introduced in House</name>
          <versionCode>00</versionCode>
          <actionDate>2018-03-15</actionDate>
        </item>
        <item>
          <text><![CDATA[<p>(Sec. 1) Permits the Grand Lodge of the Fraternal Order of Police and its auxiliary to sponsor as free public events on the Capitol grounds: </p> <UL> <LI>the 37th Annual National Peace Officers' Memorial Service, on May 15, 2018, to honor the law enforcement officers who died in the line of duty during 2017; and <LI>the National Honor Guard and Pipe Band Exhibition, on May 14, 2018, to allow law enforcement representatives to exhibit their ability to demonstrate Honor Guard programs and provide for a bag pipe exhibition.</LI></UL>]]></text>
          <lastSummaryUpdateDate>2018-05-01T21:32:49Z</lastSummaryUpdateDate>
          <actionDesc>Passed House without amendment</actionDesc>
          <updateDate>2018-04-17T12:44:32Z</updateDate>
          <name>Passed House without amendment</name>
          <versionCode>81</versionCode>
          <actionDate>2018-04-17</actionDate>
        </item>
        <item>
          <text><![CDATA[<p>(Sec. 1) Permits the Grand Lodge of the Fraternal Order of Police and its auxiliary to sponsor as free public events on the Capitol grounds: </p> <UL> <LI>the 37th Annual National Peace Officers' Memorial Service, on May 15, 2018, to honor the law enforcement officers who died in the line of duty during 2017; and <LI>the National Honor Guard and Pipe Band Exhibition, on May 14, 2018, to allow law enforcement representatives to exhibit their ability to demonstrate Honor Guard programs and provide for a bag pipe exhibition.</LI></UL>]]></text>
          <lastSummaryUpdateDate>2018-05-01T21:34:12Z</lastSummaryUpdateDate>
          <actionDesc>Passed Senate without amendment</actionDesc>
          <updateDate>2018-04-19T20:56:05Z</updateDate>
          <name>Passed Senate without amendment</name>
          <versionCode>82</versionCode>
          <actionDate>2018-04-19</actionDate>
        </item>
      </billSummaries>
    </summaries>
    <relatedBills>
      <item>
        <latestTitle>Authorizing the use of the Capitol Grounds for the National Peace Officers Memorial Service and the National Honor Guard and Pipe Band Exhibition.</latestTitle>
        <relationshipDetails>
          <item>
            <type>Related bill</type>
            <identifiedBy>CRS</identifiedBy>
          </item>
        </relationshipDetails>
        <number>35</number>
        <latestAction>
          <actionDate>2017-04-28</actionDate>
          <text>Message on Senate action sent to the House.</text>
        </latestAction>
        <congress>115</congress>
        <type>HCONRES</type>
      </item>
    </relatedBills>
    <createDate>2018-03-16T07:10:56Z</createDate>
    <latestAction>
      <links />
      <actionDate>2018-04-23</actionDate>
      <text>Message on Senate action sent to the House.</text>
    </latestAction>
    <sponsors>
      <item>
        <party>R</party>
        <state>PA</state>
        <bioguideId>B001269</bioguideId>
        <middleName />
        <lastName>Barletta</lastName>
        <fullName>Rep. Barletta, Lou [R-PA-11]</fullName>
        <firstName>Lou</firstName>
        <district>11</district>
        <byRequestType />
        <identifiers>
          <lisID>2054</lisID>
          <bioguideId>B001269</bioguideId>
          <gpoId>8129</gpoId>
        </identifiers>
      </item>
    </sponsors>
    <billNumber>115</billNumber>
    <updateDate>2018-08-28T19:53:37Z</updateDate>
    <cboCostEstimates />
    <notes />
    <titles>
      <item>
        <titleType>Official Title as Introduced</titleType>
        <title>Authorizing the use of the Capitol Grounds for the National Peace Officers Memorial Service and the National Honor Guard and Pipe Band Exhibition.</title>
        <parentTitleType />
        <chamberCode />
        <chamberName />
      </item>
      <item>
        <titleType>Display Title</titleType>
        <title>Authorizing the use of the Capitol Grounds for the National Peace Officers Memorial Service and the National Honor Guard and Pipe Band Exhibition.</title>
        <parentTitleType />
        <chamberCode />
        <chamberName />
      </item>
    </titles>
    <introducedDate>2018-03-15</introducedDate>
    <subjects>
      <billSubjects>
        <policyArea>
          <name>Congress</name>
        </policyArea>
        <legislativeSubjects />
      </billSubjects>
    </subjects>
    <billType>HCONRES</billType>
    <originChamber>House</originChamber>
    <title>Authorizing the use of the Capitol Grounds for the National Peace Officers Memorial Service and the National Honor Guard and Pipe Band Exhibition.</title>
    <cosponsors>
      <item>
        <lastName>Titus</lastName>
        <state>NV</state>
        <firstName>Dina</firstName>
        <sponsorshipDate>2018-03-15</sponsorshipDate>
        <district>1</district>
        <fullName>Rep. Titus, Dina [D-NV-1]</fullName>
        <identifiers>
          <bioguideId>T000468</bioguideId>
          <gpoId>7493</gpoId>
          <lisID>1940</lisID>
        </identifiers>
        <bioguideId>T000468</bioguideId>
        <sponsorshipWithdrawnDate />
        <party>D</party>
        <isOriginalCosponsor>True</isOriginalCosponsor>
        <middleName />
      </item>
    </cosponsors>
    <recordedVotes />
    <policyArea>
      <name>Congress</name>
    </policyArea>
    <committees>
      <billCommittees>
        <item>
          <subcommittees>
            <item>
              <activities>
                <item>
                  <date>2018-03-16T13:56:55Z</date>
                  <name>Discharged from</name>
                </item>
                <item>
                  <date>2018-03-16T13:56:45Z</date>
                  <name>Referred to</name>
                </item>
              </activities>
              <systemCode>hspw13</systemCode>
              <name>Economic Development, Public Buildings and Emergency Management Subcommittee</name>
            </item>
          </subcommittees>
          <systemCode>hspw00</systemCode>
          <name>Transportation and Infrastructure Committee</name>
          <activities>
            <item>
              <date>2018-04-17T21:23:03Z</date>
              <name>Discharged from</name>
            </item>
            <item>
              <date>2018-04-12T16:49:42Z</date>
              <name>Markup by</name>
            </item>
            <item>
              <date>2018-03-15T14:00:21Z</date>
              <name>Referred to</name>
            </item>
          </activities>
          <type>Standing</type>
          <chamber>House</chamber>
        </item>
      </billCommittees>
    </committees>
    <actions>
      <actionTypeCounts>
        <committeeDischarged>1</committeeDischarged>
        <actionStageOverride>1</actionStageOverride>
        <passedAgreedToInHouse>1</passedAgreedToInHouse>
        <introducedInSenate>1</introducedInSenate>
        <passedAgreedToInSenate>1</passedAgreedToInSenate>
        <placeholderTextForH>3</placeholderTextForH>
        <unanimousConsentRequestToConsider>1</unanimousConsentRequestToConsider>
        <passageOfAMeasure>1</passageOfAMeasure>
        <considerationByHouse>1</considerationByHouse>
        <introducedInHouse>1</introducedInHouse>
        <agreedToInSenate>1</agreedToInSenate>
        <sentToHouse>1</sentToHouse>
        <introducedInTheHouse>1</introducedInTheHouse>
        <motionToReconsiderResults>1</motionToReconsiderResults>
        <houseCommitteeDischarged>1</houseCommitteeDischarged>
        <billReferrals>1</billReferrals>
      </actionTypeCounts>
      <item>
        <actionDate>2018-04-23</actionDate>
        <committee />
        <links />
        <sourceSystem>
          <code>0</code>
          <name>Senate</name>
        </sourceSystem>
        <text>Message on Senate action sent to the House.</text>
        <type>Floor</type>
      </item>
      <item>
        <actionDate>2018-04-19</actionDate>
        <committee />
        <links>
          <link>
            <url>https://www.congress.gov/congressional-record/volume-164/senate-section/page/S2330</url>
            <name>S2330</name>
          </link>
        </links>
        <sourceSystem>
          <code>0</code>
          <name>Senate</name>
        </sourceSystem>
        <text>Resolution agreed to in Senate without amendment by Unanimous Consent. (consideration: CR S2330)</text>
        <type>Floor</type>
      </item>
      <item>
        <links>
          <link>
            <url>https://www.congress.gov/congressional-record/volume-164/senate-section/page/S2330</url>
            <name>S2330</name>
          </link>
        </links>
        <type>Floor</type>
        <actionDate>2018-04-19</actionDate>
        <text>Passed/agreed to in Senate: Resolution agreed to in Senate without amendment by Unanimous Consent.(consideration: CR S2330)</text>
        <committee />
        <sourceSystem>
          <code>9</code>
          <name>Library of Congress</name>
        </sourceSystem>
        <actionCode>17000</actionCode>
      </item>
      <item>
        <actionDate>2018-04-18</actionDate>
        <committee />
        <links />
        <sourceSystem>
          <code>0</code>
          <name>Senate</name>
        </sourceSystem>
        <text>Received in the Senate.</text>
        <type>IntroReferral</type>
      </item>
      <item>
        <links />
        <actionTime>17:23:40</actionTime>
        <actionDate>2018-04-17</actionDate>
        <text>Motion to reconsider laid on the table Agreed to without objection.</text>
        <committee />
        <sourceSystem>
          <code>2</code>
          <name>House floor actions</name>
        </sourceSystem>
        <actionCode>H38310</actionCode>
        <type>Floor</type>
      </item>
      <item>
        <links>
          <link>
            <url>https://www.congress.gov/congressional-record/volume-164/house-section/page/H3381</url>
            <name>H3381</name>
          </link>
        </links>
        <actionTime>17:23:36</actionTime>
        <actionDate>2018-04-17</actionDate>
        <text>On agreeing to the resolution Agreed to without objection. (text: CR H3381)</text>
        <committee />
        <sourceSystem>
          <code>2</code>
          <name>House floor actions</name>
        </sourceSystem>
        <actionCode>H37100</actionCode>
        <type>Floor</type>
      </item>
      <item>
        <links>
          <link>
            <url>https://www.congress.gov/congressional-record/volume-164/house-section/page/H3381</url>
            <name>H3381</name>
          </link>
        </links>
        <actionTime>17:23:36</actionTime>
        <actionDate>2018-04-17</actionDate>
        <text>Passed/agreed to in House: On agreeing to the resolution Agreed to without objection.(text: CR H3381)</text>
        <committee />
        <sourceSystem>
          <code>9</code>
          <name>Library of Congress</name>
        </sourceSystem>
        <actionCode>8000</actionCode>
        <type>Floor</type>
      </item>
      <item>
        <links>
          <link>
            <url>https://www.congress.gov/congressional-record/volume-164/house-section/page/H3381</url>
            <name>H3381</name>
          </link>
        </links>
        <actionTime>17:23:34</actionTime>
        <actionDate>2018-04-17</actionDate>
        <text>Considered by unanimous consent. (consideration: CR H3381)</text>
        <committee />
        <sourceSystem>
          <code>2</code>
          <name>House floor actions</name>
        </sourceSystem>
        <actionCode>H30000</actionCode>
        <type>Floor</type>
      </item>
      <item>
        <links />
        <type>Discharge</type>
        <actionDate>2018-04-17</actionDate>
        <text>Committee on Transportation discharged.</text>
        <committee>
          <name>Transportation and Infrastructure Committee</name>
          <systemCode>hspw00</systemCode>
        </committee>
        <sourceSystem>
          <code>2</code>
          <name>House floor actions</name>
        </sourceSystem>
        <actionCode>H12300</actionCode>
      </item>
      <item>
        <links />
        <type>Committee</type>
        <actionDate>2018-04-17</actionDate>
        <text>Committee on Transportation discharged.</text>
        <committee>
          <name>Transportation and Infrastructure Committee</name>
          <systemCode>hspw00</systemCode>
        </committee>
        <sourceSystem>
          <code>9</code>
          <name>Library of Congress</name>
        </sourceSystem>
        <actionCode>5500</actionCode>
      </item>
      <item>
        <links />
        <actionTime>17:23:00</actionTime>
        <actionDate>2018-04-17</actionDate>
        <text>Mr. Barletta asked unanimous consent to discharge from committee and consider.</text>
        <committee />
        <sourceSystem>
          <code>2</code>
          <name>House floor actions</name>
        </sourceSystem>
        <actionCode>H30200</actionCode>
        <type>Floor</type>
      </item>
      <item>
        <actionDate>2018-04-12</actionDate>
        <committee>
          <name>Transportation and Infrastructure Committee</name>
          <systemCode>hspw00</systemCode>
        </committee>
        <links />
        <sourceSystem>
          <code>1</code>
          <name>House committee actions</name>
        </sourceSystem>
        <text>Ordered to be Reported by Voice Vote.</text>
        <type>Committee</type>
      </item>
      <item>
        <actionDate>2018-04-12</actionDate>
        <committee>
          <name>Transportation and Infrastructure Committee</name>
          <systemCode>hspw00</systemCode>
        </committee>
        <links />
        <sourceSystem>
          <code>1</code>
          <name>House committee actions</name>
        </sourceSystem>
        <text>Committee Consideration and Mark-up Session Held.</text>
        <type>Committee</type>
      </item>
      <item>
        <actionDate>2018-03-16</actionDate>
        <committee>
          <name>Transportation and Infrastructure Committee</name>
          <systemCode>hspw00</systemCode>
        </committee>
        <links />
        <sourceSystem>
          <code>1</code>
          <name>House committee actions</name>
        </sourceSystem>
        <text>Subcommittee on Economic Development, Public Buildings and Emergency Management Discharged.</text>
        <type>Committee</type>
      </item>
      <item>
        <actionDate>2018-03-16</actionDate>
        <committee>
          <name>Economic Development, Public Buildings and Emergency Management Subcommittee</name>
          <systemCode>hspw13</systemCode>
        </committee>
        <links />
        <sourceSystem>
          <code>1</code>
          <name>House committee actions</name>
        </sourceSystem>
        <text>Referred to the Subcommittee on Economic Development, Public Buildings and Emergency Management.</text>
        <type>Committee</type>
      </item>
      <item>
        <links />
        <type>IntroReferral</type>
        <actionDate>2018-03-15</actionDate>
        <text>Referred to the House Committee on Transportation and Infrastructure.</text>
        <committee>
          <name>Transportation and Infrastructure Committee</name>
          <systemCode>hspw00</systemCode>
        </committee>
        <sourceSystem>
          <code>2</code>
          <name>House floor actions</name>
        </sourceSystem>
        <actionCode>H11100</actionCode>
      </item>
      <item>
        <links />
        <type>IntroReferral</type>
        <actionDate>2018-03-15</actionDate>
        <text>Introduced in House</text>
        <committee />
        <sourceSystem>
          <code>9</code>
          <name>Library of Congress</name>
        </sourceSystem>
        <actionCode>Intro-H</actionCode>
      </item>
      <item>
        <links />
        <type>IntroReferral</type>
        <actionDate>2018-03-15</actionDate>
        <text>Introduced in House</text>
        <committee />
        <sourceSystem>
          <code>9</code>
          <name>Library of Congress</name>
        </sourceSystem>
        <actionCode>1000</actionCode>
      </item>
      <actionByCounts>
        <houseOfRepresentatives>14</houseOfRepresentatives>
        <senate>4</senate>
      </actionByCounts>
    </actions>
    <version>1.0.0</version>
    <congress>115</congress>
  </bill>
  <dublinCore xmlns:dc="http://purl.org/dc/elements/1.1/">
    <dc:format>text/xml</dc:format>
    <dc:language>EN</dc:language>
    <dc:rights>Pursuant to Title 17 Section 105 of the United States Code, this file is not subject to copyright protection and is in the public domain.</dc:rights>
    <dc:contributor>Congressional Research Service, Library of Congress</dc:contributor>
    <dc:description>This file contains bill summaries and statuses for federal legislation. A bill summary describes the most significant provisions of a piece of legislation and details the effects the legislative text may have on current law and federal programs. Bill summaries are authored by the Congressional Research Service (CRS) of the Library of Congress. As stated in Public Law 91-510 (2 USC 166 (d)(6)), one of the duties of CRS is "to prepare summaries and digests of bills and resolutions of a public general nature introduced in the Senate or House of Representatives". For more information, refer to the User Guide that accompanies this file.</dc:description>
  </dublinCore>
</billStatus>

