<?xml version="1.0" encoding="UTF-8"?>
<billStatus>
  <bill>
    <amendments />
    <latestAction>
      <actionDate>2017-09-07</actionDate>
      <text>Message on Senate action sent to the House.</text>
      <links />
    </latestAction>
    <congress>115</congress>
    <subjects>
      <billSubjects>
        <legislativeSubjects>
          <item>
            <name>Athletes</name>
          </item>
          <item>
            <name>Congressional tributes</name>
          </item>
          <item>
            <name>Disability and paralysis</name>
          </item>
          <item>
            <name>Olympic games</name>
          </item>
          <item>
            <name>Outdoor recreation</name>
          </item>
          <item>
            <name>U.S. Capitol</name>
          </item>
        </legislativeSubjects>
        <policyArea>
          <name>Congress</name>
        </policyArea>
      </billSubjects>
    </subjects>
    <laws />
    <notes />
    <billType>HCONRES</billType>
    <sponsors>
      <item>
        <lastName>NORTON</lastName>
        <middleName>HOLMES</middleName>
        <bioguideId>N000147</bioguideId>
        <fullName>Rep. Norton, Eleanor Holmes [D-DC-At Large]</fullName>
        <identifiers>
          <lisID>868</lisID>
          <bioguideId>N000147</bioguideId>
          <gpoId>7871</gpoId>
        </identifiers>
        <byRequestType />
        <state>DC</state>
        <firstName>ELEANOR</firstName>
        <party>D</party>
        <district>0</district>
      </item>
    </sponsors>
    <recordedVotes />
    <committeeReports>
      <committeeReport>
        <citation>H. Rept. 115-285</citation>
      </committeeReport>
    </committeeReports>
    <introducedDate>2017-07-19</introducedDate>
    <relatedBills />
    <cosponsors />
    <actions>
      <item>
        <actionDate>2017-09-07</actionDate>
        <committee />
        <links />
        <sourceSystem>
          <code>0</code>
          <name>Senate</name>
        </sourceSystem>
        <text>Message on Senate action sent to the House.</text>
        <type>Floor</type>
      </item>
      <item>
        <actionDate>2017-09-07</actionDate>
        <committee />
        <links>
          <link>
            <url>https://www.congress.gov/congressional-record/volume-163/senate-section/page/S5077</url>
            <name>S5077</name>
          </link>
        </links>
        <sourceSystem>
          <code>0</code>
          <name>Senate</name>
        </sourceSystem>
        <text>Passed Senate without amendment by Unanimous Consent. (consideration: CR S5077)</text>
        <type>Floor</type>
      </item>
      <item>
        <actionDate>2017-09-07</actionDate>
        <links>
          <link>
            <url>https://www.congress.gov/congressional-record/volume-163/senate-section/page/S5077</url>
            <name>S5077</name>
          </link>
        </links>
        <sourceSystem>
          <code>9</code>
          <name>Library of Congress</name>
        </sourceSystem>
        <committee />
        <text>Passed/agreed to in Senate: Passed Senate without amendment by Unanimous Consent.(consideration: CR S5077)</text>
        <type>Floor</type>
        <actionCode>17000</actionCode>
      </item>
      <item>
        <actionDate>2017-09-06</actionDate>
        <committee />
        <links />
        <sourceSystem>
          <code>0</code>
          <name>Senate</name>
        </sourceSystem>
        <text>Received in the Senate, read twice.</text>
        <type>IntroReferral</type>
      </item>
      <item>
        <actionTime>19:09:02</actionTime>
        <links />
        <text>Motion to reconsider laid on the table Agreed to without objection.</text>
        <committee />
        <actionDate>2017-09-05</actionDate>
        <sourceSystem>
          <code>2</code>
          <name>House floor actions</name>
        </sourceSystem>
        <type>Floor</type>
        <actionCode>H38310</actionCode>
      </item>
      <item>
        <actionTime>19:08:59</actionTime>
        <links>
          <link>
            <url>https://www.congress.gov/congressional-record/volume-163/house-section/page/H6645</url>
            <name>H6645</name>
          </link>
        </links>
        <text>On agreeing to the resolution Agreed to without objection. (text: CR H6645)</text>
        <committee />
        <actionDate>2017-09-05</actionDate>
        <sourceSystem>
          <code>2</code>
          <name>House floor actions</name>
        </sourceSystem>
        <type>Floor</type>
        <actionCode>H37100</actionCode>
      </item>
      <item>
        <actionTime>19:08:59</actionTime>
        <links>
          <link>
            <url>https://www.congress.gov/congressional-record/volume-163/house-section/page/H6645</url>
            <name>H6645</name>
          </link>
        </links>
        <text>Passed/agreed to in House: On agreeing to the resolution Agreed to without objection.(text: CR H6645)</text>
        <committee />
        <actionDate>2017-09-05</actionDate>
        <sourceSystem>
          <code>9</code>
          <name>Library of Congress</name>
        </sourceSystem>
        <type>Floor</type>
        <actionCode>8000</actionCode>
      </item>
      <item>
        <actionTime>19:08:38</actionTime>
        <links>
          <link>
            <url>https://www.congress.gov/congressional-record/volume-163/house-section/page/H6644-6645</url>
            <name>H6644-6645</name>
          </link>
        </links>
        <text>Considered by unanimous consent. (consideration: CR H6644-6645)</text>
        <committee />
        <actionDate>2017-09-05</actionDate>
        <sourceSystem>
          <code>2</code>
          <name>House floor actions</name>
        </sourceSystem>
        <type>Floor</type>
        <actionCode>H30000</actionCode>
      </item>
      <item>
        <actionTime>19:08:38</actionTime>
        <links />
        <text>Mr. Barletta asked unanimous consent to take from the Speaker's table and consider.</text>
        <committee />
        <actionDate>2017-09-05</actionDate>
        <sourceSystem>
          <code>2</code>
          <name>House floor actions</name>
        </sourceSystem>
        <type>Floor</type>
        <actionCode>H30200</actionCode>
      </item>
      <item>
        <actionDate>2017-09-01</actionDate>
        <links />
        <sourceSystem>
          <code>2</code>
          <name>House floor actions</name>
        </sourceSystem>
        <committee />
        <text>Placed on the House Calendar, Calendar No. 77.</text>
        <type>Calendars</type>
        <actionCode>H12420</actionCode>
      </item>
      <item>
        <actionDate>2017-09-01</actionDate>
        <links>
          <link>
            <url>https://www.congress.gov/congressional-report/115th-congress/house-report/285</url>
            <name>H. Rept. 115-285</name>
          </link>
        </links>
        <sourceSystem>
          <code>2</code>
          <name>House floor actions</name>
        </sourceSystem>
        <committee>
          <systemCode>hspw00</systemCode>
          <name>Transportation and Infrastructure Committee</name>
        </committee>
        <text>Reported by the Committee on Transportation and Infrastructure. H. Rept. 115-285.</text>
        <type>Committee</type>
        <actionCode>H12200</actionCode>
      </item>
      <item>
        <actionDate>2017-09-01</actionDate>
        <links>
          <link>
            <url>https://www.congress.gov/congressional-report/115th-congress/house-report/285</url>
            <name>H. Rept. 115-285</name>
          </link>
        </links>
        <sourceSystem>
          <code>9</code>
          <name>Library of Congress</name>
        </sourceSystem>
        <committee>
          <systemCode>hspw00</systemCode>
          <name>Transportation and Infrastructure Committee</name>
        </committee>
        <text>Reported by the Committee on Transportation and Infrastructure. H. Rept. 115-285.</text>
        <type>Committee</type>
        <actionCode>5000</actionCode>
      </item>
      <item>
        <actionDate>2017-07-27</actionDate>
        <committee>
          <systemCode>hspw00</systemCode>
          <name>Transportation and Infrastructure Committee</name>
        </committee>
        <links />
        <sourceSystem>
          <code>1</code>
          <name>House committee actions</name>
        </sourceSystem>
        <text>Ordered to be Reported by Voice Vote.</text>
        <type>Committee</type>
      </item>
      <item>
        <actionDate>2017-07-27</actionDate>
        <committee>
          <systemCode>hspw00</systemCode>
          <name>Transportation and Infrastructure Committee</name>
        </committee>
        <links />
        <sourceSystem>
          <code>1</code>
          <name>House committee actions</name>
        </sourceSystem>
        <text>Committee Consideration and Mark-up Session Held.</text>
        <type>Committee</type>
      </item>
      <item>
        <actionDate>2017-07-20</actionDate>
        <committee>
          <systemCode>hspw00</systemCode>
          <name>Transportation and Infrastructure Committee</name>
        </committee>
        <links />
        <sourceSystem>
          <code>1</code>
          <name>House committee actions</name>
        </sourceSystem>
        <text>Subcommittee on Economic Development, Public Buildings and Emergency Management Discharged.</text>
        <type>Committee</type>
      </item>
      <item>
        <actionDate>2017-07-20</actionDate>
        <committee>
          <systemCode>hspw13</systemCode>
          <name>Economic Development, Public Buildings and Emergency Management Subcommittee</name>
        </committee>
        <links />
        <sourceSystem>
          <code>1</code>
          <name>House committee actions</name>
        </sourceSystem>
        <text>Referred to the Subcommittee on Economic Development, Public Buildings and Emergency Management.</text>
        <type>Committee</type>
      </item>
      <item>
        <actionDate>2017-07-19</actionDate>
        <links />
        <sourceSystem>
          <code>2</code>
          <name>House floor actions</name>
        </sourceSystem>
        <committee>
          <systemCode>hspw00</systemCode>
          <name>Transportation and Infrastructure Committee</name>
        </committee>
        <text>Referred to the House Committee on Transportation and Infrastructure.</text>
        <type>IntroReferral</type>
        <actionCode>H11100</actionCode>
      </item>
      <item>
        <actionDate>2017-07-19</actionDate>
        <links />
        <sourceSystem>
          <code>9</code>
          <name>Library of Congress</name>
        </sourceSystem>
        <committee />
        <text>Introduced in House</text>
        <type>IntroReferral</type>
        <actionCode>Intro-H</actionCode>
      </item>
      <item>
        <actionDate>2017-07-19</actionDate>
        <links />
        <sourceSystem>
          <code>9</code>
          <name>Library of Congress</name>
        </sourceSystem>
        <committee />
        <text>Introduced in House</text>
        <type>IntroReferral</type>
        <actionCode>1000</actionCode>
      </item>
      <actionByCounts>
        <senate>4</senate>
        <houseOfRepresentatives>15</houseOfRepresentatives>
      </actionByCounts>
      <actionTypeCounts>
        <motionToReconsiderResults>1</motionToReconsiderResults>
        <houseCalendarAssignment>1</houseCalendarAssignment>
        <introducedInSenate>1</introducedInSenate>
        <introducedInHouse>1</introducedInHouse>
        <introducedInTheHouse>1</introducedInTheHouse>
        <considerationByHouse>1</considerationByHouse>
        <billReferrals>1</billReferrals>
        <sentToHouse>1</sentToHouse>
        <passedSenate>1</passedSenate>
        <committeeReportOfABill>1</committeeReportOfABill>
        <passageOfAMeasure>1</passageOfAMeasure>
        <unanimousConsentRequestToConsider>1</unanimousConsentRequestToConsider>
        <reportedToHouse>1</reportedToHouse>
        <passedAgreedToInSenate>1</passedAgreedToInSenate>
        <placeholderTextForH>3</placeholderTextForH>
        <actionStageOverride>1</actionStageOverride>
        <passedAgreedToInHouse>1</passedAgreedToInHouse>
      </actionTypeCounts>
    </actions>
    <committees>
      <billCommittees>
        <item>
          <systemCode>hspw00</systemCode>
          <chamber>House</chamber>
          <type>Standing</type>
          <subcommittees>
            <item>
              <systemCode>hspw13</systemCode>
              <activities>
                <item>
                  <date>2017-07-20T16:27:51Z</date>
                  <name>Discharged from</name>
                </item>
                <item>
                  <date>2017-07-20T16:27:40Z</date>
                  <name>Referred to</name>
                </item>
              </activities>
              <name>Economic Development, Public Buildings and Emergency Management Subcommittee</name>
            </item>
          </subcommittees>
          <name>Transportation and Infrastructure Committee</name>
          <activities>
            <item>
              <date>2017-09-01T17:29:20Z</date>
              <name>Reported by</name>
            </item>
            <item>
              <date>2017-07-27T14:06:48Z</date>
              <name>Markup by</name>
            </item>
            <item>
              <date>2017-07-19T14:01:25Z</date>
              <name>Referred to</name>
            </item>
          </activities>
        </item>
      </billCommittees>
    </committees>
    <updateDate>2018-08-28T19:53:24Z</updateDate>
    <version>1.0.0</version>
    <title>Authorizing the use of the Capitol Grounds for the District of Columbia Special Olympics Law Enforcement Torch Run.</title>
    <createDate>2017-07-20T03:11:30Z</createDate>
    <billNumber>69</billNumber>
    <constitutionalAuthorityStatementText />
    <cboCostEstimates />
    <calendarNumbers>
      <item>
        <calendar>H00077</calendar>
        <number />
      </item>
    </calendarNumbers>
    <policyArea>
      <name>Congress</name>
    </policyArea>
    <summaries>
      <billSummaries>
        <item>
          <name>Introduced in House</name>
          <actionDesc>Introduced in House</actionDesc>
          <actionDate>2017-07-19</actionDate>
          <lastSummaryUpdateDate>2017-09-06T19:30:42Z</lastSummaryUpdateDate>
          <versionCode>00</versionCode>
          <updateDate>2017-07-19T04:00:00Z</updateDate>
          <text><![CDATA[<p>Authorizes the use of the Capitol grounds for the 32nd Annual District of Columbia Special Olympics Law Enforcement Torch Run on October 6, 2017.</p>]]></text>
        </item>
        <item>
          <name>Reported to House without amendment</name>
          <actionDesc>Reported to House without amendment</actionDesc>
          <actionDate>2017-09-01</actionDate>
          <lastSummaryUpdateDate>2017-09-06T19:31:42Z</lastSummaryUpdateDate>
          <versionCode>79</versionCode>
          <updateDate>2017-09-01T15:52:53Z</updateDate>
          <text><![CDATA[<p>(This measure has not been amended since it was introduced. The summary has been expanded because action occurred on the measure.)</p> <p>(Sec. 1) Authorizes the use of the Capitol grounds for the 32nd Annual District of Columbia Special Olympics Law Enforcement Torch Run on October 6, 2017.</p>]]></text>
        </item>
        <item>
          <name>Passed House without amendment</name>
          <actionDesc>Passed House without amendment</actionDesc>
          <actionDate>2017-09-05</actionDate>
          <lastSummaryUpdateDate>2017-09-06T19:34:14Z</lastSummaryUpdateDate>
          <versionCode>81</versionCode>
          <updateDate>2017-09-05T14:43:33Z</updateDate>
          <text><![CDATA[<p>(This measure has not been amended since it was introduced. The expanded summary of the House reported version is repeated here.)</p> <p>(Sec. 1) Authorizes the use of the Capitol grounds for the 32nd Annual District of Columbia Special Olympics Law Enforcement Torch Run on October 6, 2017.</p>]]></text>
        </item>
        <item>
          <name>Passed Senate without amendment</name>
          <actionDesc>Passed Senate without amendment</actionDesc>
          <actionDate>2017-09-07</actionDate>
          <lastSummaryUpdateDate>2017-09-08T21:06:49Z</lastSummaryUpdateDate>
          <versionCode>82</versionCode>
          <updateDate>2017-09-07T14:27:46Z</updateDate>
          <text><![CDATA[<p>(This measure has not been amended since it was introduced. The expanded summary of the House reported version is repeated here.)</p> <p>(Sec. 1) Authorizes the use of the Capitol grounds for the 32nd Annual District of Columbia Special Olympics Law Enforcement Torch Run on October 6, 2017.</p>]]></text>
        </item>
      </billSummaries>
    </summaries>
    <originChamber>House</originChamber>
    <titles>
      <item>
        <titleType>Official Title as Introduced</titleType>
        <chamberName />
        <chamberCode />
        <parentTitleType />
        <title>Authorizing the use of the Capitol Grounds for the District of Columbia Special Olympics Law Enforcement Torch Run.</title>
      </item>
      <item>
        <titleType>Display Title</titleType>
        <chamberName />
        <chamberCode />
        <parentTitleType />
        <title>Authorizing the use of the Capitol Grounds for the District of Columbia Special Olympics Law Enforcement Torch Run.</title>
      </item>
    </titles>
  </bill>
  <dublinCore xmlns:dc="http://purl.org/dc/elements/1.1/">
    <dc:format>text/xml</dc:format>
    <dc:language>EN</dc:language>
    <dc:rights>Pursuant to Title 17 Section 105 of the United States Code, this file is not subject to copyright protection and is in the public domain.</dc:rights>
    <dc:contributor>Congressional Research Service, Library of Congress</dc:contributor>
    <dc:description>This file contains bill summaries and statuses for federal legislation. A bill summary describes the most significant provisions of a piece of legislation and details the effects the legislative text may have on current law and federal programs. Bill summaries are authored by the Congressional Research Service (CRS) of the Library of Congress. As stated in Public Law 91-510 (2 USC 166 (d)(6)), one of the duties of CRS is "to prepare summaries and digests of bills and resolutions of a public general nature introduced in the Senate or House of Representatives". For more information, refer to the User Guide that accompanies this file.</dc:description>
  </dublinCore>
</billStatus>

