<?xml version="1.0" encoding="UTF-8"?>
<billStatus>
  <bill>
    <amendments />
    <latestAction>
      <actionDate>2017-11-29</actionDate>
      <text>Referred to the Subcommittee on Asia and the Pacific.</text>
      <links />
    </latestAction>
    <congress>115</congress>
    <subjects>
      <billSubjects>
        <legislativeSubjects>
          <item>
            <name>Asia</name>
          </item>
          <item>
            <name>China</name>
          </item>
          <item>
            <name>Diplomacy, foreign officials, Americans abroad</name>
          </item>
          <item>
            <name>Federal officials</name>
          </item>
          <item>
            <name>Human rights</name>
          </item>
          <item>
            <name>Protest and dissent</name>
          </item>
          <item>
            <name>Refugees, asylum, displaced persons</name>
          </item>
          <item>
            <name>Religion</name>
          </item>
          <item>
            <name>Tibet</name>
          </item>
          <item>
            <name>Travel and tourism</name>
          </item>
          <item>
            <name>Visas and passports</name>
          </item>
        </legislativeSubjects>
        <policyArea>
          <name>International Affairs</name>
        </policyArea>
      </billSubjects>
    </subjects>
    <laws />
    <notes />
    <billType>HCONRES</billType>
    <sponsors>
      <item>
        <lastName>ROS-LEHTINEN</lastName>
        <middleName />
        <bioguideId>R000435</bioguideId>
        <fullName>Rep. Ros-Lehtinen, Ileana [R-FL-27]</fullName>
        <identifiers>
          <lisID>985</lisID>
          <bioguideId>R000435</bioguideId>
          <gpoId>7890</gpoId>
        </identifiers>
        <byRequestType />
        <state>FL</state>
        <firstName>ILEANA</firstName>
        <party>R</party>
        <district>27</district>
      </item>
    </sponsors>
    <recordedVotes />
    <committeeReports />
    <introducedDate>2017-11-01</introducedDate>
    <relatedBills>
      <item>
        <type>SCONRES</type>
        <number>30</number>
        <latestTitle>A concurrent resolution expressing the sense of Congress with respect to United States policy toward Tibet and that the treatment of the Tibetan people should be an important factor in the conduct of United States relations with the People's Republic of China.</latestTitle>
        <congress>115</congress>
        <latestAction>
          <actionDate>2017-11-16</actionDate>
          <text>Referred to the Committee on Foreign Relations. (text of measure as introduced: CR S7306-7308)</text>
        </latestAction>
        <relationshipDetails>
          <item>
            <type>Related bill</type>
            <identifiedBy>CRS</identifiedBy>
          </item>
        </relationshipDetails>
      </item>
    </relatedBills>
    <cosponsors>
      <item>
        <bioguideId>E000179</bioguideId>
        <lastName>ENGEL</lastName>
        <isOriginalCosponsor>True</isOriginalCosponsor>
        <identifiers>
          <lisID>344</lisID>
          <bioguideId>E000179</bioguideId>
          <gpoId>8078</gpoId>
        </identifiers>
        <district>16</district>
        <middleName>L.</middleName>
        <sponsorshipWithdrawnDate />
        <fullName>Rep. Engel, Eliot L. [D-NY-16]</fullName>
        <sponsorshipDate>2017-11-01</sponsorshipDate>
        <state>NY</state>
        <firstName>ELIOT</firstName>
        <party>D</party>
      </item>
      <item>
        <bioguideId>Y000065</bioguideId>
        <lastName>Yoho</lastName>
        <isOriginalCosponsor>True</isOriginalCosponsor>
        <identifiers>
          <lisID>2115</lisID>
          <bioguideId>Y000065</bioguideId>
          <gpoId />
        </identifiers>
        <district>3</district>
        <middleName>S.</middleName>
        <sponsorshipWithdrawnDate />
        <fullName>Rep. Yoho, Ted S. [R-FL-3]</fullName>
        <sponsorshipDate>2017-11-01</sponsorshipDate>
        <state>FL</state>
        <firstName>Ted</firstName>
        <party>R</party>
      </item>
      <item>
        <bioguideId>S000344</bioguideId>
        <lastName>SHERMAN</lastName>
        <isOriginalCosponsor>True</isOriginalCosponsor>
        <identifiers>
          <bioguideId>S000344</bioguideId>
          <gpoId>7832</gpoId>
          <lisID>1526</lisID>
        </identifiers>
        <district>30</district>
        <middleName />
        <sponsorshipWithdrawnDate />
        <fullName>Rep. Sherman, Brad [D-CA-30]</fullName>
        <sponsorshipDate>2017-11-01</sponsorshipDate>
        <state>CA</state>
        <firstName>BRAD</firstName>
        <party>D</party>
      </item>
      <item>
        <bioguideId>C000266</bioguideId>
        <lastName>CHABOT</lastName>
        <isOriginalCosponsor>False</isOriginalCosponsor>
        <identifiers>
          <gpoId>8091</gpoId>
          <lisID>186</lisID>
          <bioguideId>C000266</bioguideId>
        </identifiers>
        <district>1</district>
        <middleName />
        <sponsorshipWithdrawnDate />
        <fullName>Rep. Chabot, Steve [R-OH-1]</fullName>
        <sponsorshipDate>2017-11-29</sponsorshipDate>
        <state>OH</state>
        <firstName>STEVE</firstName>
        <party>R</party>
      </item>
      <item>
        <bioguideId>B001292</bioguideId>
        <lastName>Beyer</lastName>
        <isOriginalCosponsor>False</isOriginalCosponsor>
        <identifiers>
          <bioguideId>B001292</bioguideId>
          <lisID>2272</lisID>
          <gpoId />
        </identifiers>
        <district>8</district>
        <middleName>S.</middleName>
        <sponsorshipWithdrawnDate />
        <fullName>Rep. Beyer, Donald S., Jr. [D-VA-8]</fullName>
        <sponsorshipDate>2017-11-29</sponsorshipDate>
        <state>VA</state>
        <firstName>Donald</firstName>
        <party>D</party>
      </item>
      <item>
        <bioguideId>E000297</bioguideId>
        <lastName>Espaillat</lastName>
        <isOriginalCosponsor>False</isOriginalCosponsor>
        <identifiers>
          <lisID>2342</lisID>
          <bioguideId>E000297</bioguideId>
          <gpoId />
        </identifiers>
        <district>13</district>
        <middleName />
        <sponsorshipWithdrawnDate />
        <fullName>Rep. Espaillat, Adriano [D-NY-13]</fullName>
        <sponsorshipDate>2017-12-06</sponsorshipDate>
        <state>NY</state>
        <firstName>Adriano</firstName>
        <party>D</party>
      </item>
      <item>
        <bioguideId>C001078</bioguideId>
        <lastName>Connolly</lastName>
        <isOriginalCosponsor>False</isOriginalCosponsor>
        <identifiers>
          <lisID>1959</lisID>
          <gpoId>8202</gpoId>
          <bioguideId>C001078</bioguideId>
        </identifiers>
        <district>11</district>
        <middleName>E.</middleName>
        <sponsorshipWithdrawnDate />
        <fullName>Rep. Connolly, Gerald E. [D-VA-11]</fullName>
        <sponsorshipDate>2017-12-07</sponsorshipDate>
        <state>VA</state>
        <firstName>Gerald</firstName>
        <party>D</party>
      </item>
      <item>
        <bioguideId>S001165</bioguideId>
        <lastName>Sires</lastName>
        <isOriginalCosponsor>False</isOriginalCosponsor>
        <identifiers>
          <lisID>1818</lisID>
          <gpoId>8055</gpoId>
          <bioguideId>S001165</bioguideId>
        </identifiers>
        <district>8</district>
        <middleName />
        <sponsorshipWithdrawnDate />
        <fullName>Rep. Sires, Albio [D-NJ-8]</fullName>
        <sponsorshipDate>2017-12-07</sponsorshipDate>
        <state>NJ</state>
        <firstName>Albio</firstName>
        <party>D</party>
      </item>
      <item>
        <bioguideId>T000468</bioguideId>
        <lastName>Titus</lastName>
        <isOriginalCosponsor>False</isOriginalCosponsor>
        <identifiers>
          <bioguideId>T000468</bioguideId>
          <gpoId>7493</gpoId>
          <lisID>1940</lisID>
        </identifiers>
        <district>1</district>
        <middleName />
        <sponsorshipWithdrawnDate />
        <fullName>Rep. Titus, Dina [D-NV-1]</fullName>
        <sponsorshipDate>2018-02-02</sponsorshipDate>
        <state>NV</state>
        <firstName>Dina</firstName>
        <party>D</party>
      </item>
      <item>
        <bioguideId>M000312</bioguideId>
        <lastName>MCGOVERN</lastName>
        <isOriginalCosponsor>False</isOriginalCosponsor>
        <identifiers>
          <bioguideId>M000312</bioguideId>
          <gpoId>7968</gpoId>
          <lisID>1504</lisID>
        </identifiers>
        <district>2</district>
        <middleName>P.</middleName>
        <sponsorshipWithdrawnDate />
        <fullName>Rep. McGovern, James P. [D-MA-2]</fullName>
        <sponsorshipDate>2018-02-15</sponsorshipDate>
        <state>MA</state>
        <firstName>JAMES</firstName>
        <party>D</party>
      </item>
      <item>
        <bioguideId>M001143</bioguideId>
        <lastName>MCCOLLUM</lastName>
        <isOriginalCosponsor>False</isOriginalCosponsor>
        <identifiers>
          <lisID>1653</lisID>
          <bioguideId>M001143</bioguideId>
          <gpoId>8004</gpoId>
        </identifiers>
        <district>4</district>
        <middleName />
        <sponsorshipWithdrawnDate />
        <fullName>Rep. McCollum, Betty [D-MN-4]</fullName>
        <sponsorshipDate>2018-03-07</sponsorshipDate>
        <state>MN</state>
        <firstName>BETTY</firstName>
        <party>D</party>
      </item>
    </cosponsors>
    <actions>
      <actionTypeCounts>
        <introducedInTheHouse>1</introducedInTheHouse>
        <billReferrals>2</billReferrals>
        <introducedInHouse>1</introducedInHouse>
        <placeholderTextForH>3</placeholderTextForH>
      </actionTypeCounts>
      <item>
        <actionDate>2017-11-29</actionDate>
        <committee>
          <name>Asia and the Pacific Subcommittee</name>
          <systemCode>hsfa05</systemCode>
        </committee>
        <links />
        <sourceSystem>
          <code>1</code>
          <name>House committee actions</name>
        </sourceSystem>
        <text>Referred to the Subcommittee on Asia and the Pacific.</text>
        <type>Committee</type>
      </item>
      <item>
        <actionDate>2017-11-29</actionDate>
        <committee>
          <name>Africa, Global Health, Global Human Rights and International Organizations Subcommittee</name>
          <systemCode>hsfa16</systemCode>
        </committee>
        <links />
        <sourceSystem>
          <code>1</code>
          <name>House committee actions</name>
        </sourceSystem>
        <text>Referred to the Subcommittee on Africa, Global Health, Global Human Rights and International Organizations.</text>
        <type>Committee</type>
      </item>
      <item>
        <actionDate>2017-11-17</actionDate>
        <committee>
          <name>Immigration and Border Security Subcommittee</name>
          <systemCode>hsju01</systemCode>
        </committee>
        <links />
        <sourceSystem>
          <code>1</code>
          <name>House committee actions</name>
        </sourceSystem>
        <text>Referred to the Subcommittee on Immigration and Border Security.</text>
        <type>Committee</type>
      </item>
      <item>
        <links />
        <type>IntroReferral</type>
        <actionDate>2017-11-01</actionDate>
        <text>Referred to the Committee on Foreign Affairs, and in addition to the Committee on the Judiciary, for a period to be subsequently determined by the Speaker, in each case for consideration of such provisions as fall within the jurisdiction of the committee concerned.</text>
        <committee>
          <name>Judiciary Committee</name>
          <systemCode>hsju00</systemCode>
        </committee>
        <sourceSystem>
          <code>2</code>
          <name>House floor actions</name>
        </sourceSystem>
        <actionCode>H11100</actionCode>
      </item>
      <item>
        <links />
        <type>IntroReferral</type>
        <actionDate>2017-11-01</actionDate>
        <text>Referred to the Committee on Foreign Affairs, and in addition to the Committee on the Judiciary, for a period to be subsequently determined by the Speaker, in each case for consideration of such provisions as fall within the jurisdiction of the committee concerned.</text>
        <committee>
          <name>Foreign Affairs Committee</name>
          <systemCode>hsfa00</systemCode>
        </committee>
        <sourceSystem>
          <code>2</code>
          <name>House floor actions</name>
        </sourceSystem>
        <actionCode>H11100</actionCode>
      </item>
      <item>
        <links />
        <type>IntroReferral</type>
        <actionDate>2017-11-01</actionDate>
        <text>Introduced in House</text>
        <committee />
        <sourceSystem>
          <code>9</code>
          <name>Library of Congress</name>
        </sourceSystem>
        <actionCode>Intro-H</actionCode>
      </item>
      <item>
        <links />
        <type>IntroReferral</type>
        <actionDate>2017-11-01</actionDate>
        <text>Introduced in House</text>
        <committee />
        <sourceSystem>
          <code>9</code>
          <name>Library of Congress</name>
        </sourceSystem>
        <actionCode>1000</actionCode>
      </item>
      <actionByCounts>
        <houseOfRepresentatives>7</houseOfRepresentatives>
      </actionByCounts>
    </actions>
    <committees>
      <billCommittees>
        <item>
          <activities>
            <item>
              <date>2017-11-01T14:01:05Z</date>
              <name>Referred to</name>
            </item>
          </activities>
          <type>Standing</type>
          <chamber>House</chamber>
          <systemCode>hsfa00</systemCode>
          <name>Foreign Affairs Committee</name>
          <subcommittees>
            <item>
              <systemCode>hsfa05</systemCode>
              <name>Asia and the Pacific Subcommittee</name>
              <activities>
                <item>
                  <date>2017-11-29T14:24:46Z</date>
                  <name>Referred to</name>
                </item>
              </activities>
            </item>
            <item>
              <systemCode>hsfa16</systemCode>
              <name>Africa, Global Health, Global Human Rights and International Organizations Subcommittee</name>
              <activities>
                <item>
                  <date>2017-11-29T14:22:58Z</date>
                  <name>Referred to</name>
                </item>
              </activities>
            </item>
          </subcommittees>
        </item>
        <item>
          <activities>
            <item>
              <date>2017-11-01T14:01:10Z</date>
              <name>Referred to</name>
            </item>
          </activities>
          <type>Standing</type>
          <chamber>House</chamber>
          <systemCode>hsju00</systemCode>
          <name>Judiciary Committee</name>
          <subcommittees>
            <item>
              <systemCode>hsju01</systemCode>
              <name>Immigration and Border Security Subcommittee</name>
              <activities>
                <item>
                  <date>2017-11-17T20:58:06Z</date>
                  <name>Referred to</name>
                </item>
              </activities>
            </item>
          </subcommittees>
        </item>
      </billCommittees>
    </committees>
    <updateDate>2018-08-28T19:53:34Z</updateDate>
    <version>1.0.0</version>
    <title>Expressing the sense of Congress with respect to United States policy toward Tibet and that the treatment of the Tibetan people should be an important factor in the conduct of United States relations with the People's Republic of China.</title>
    <createDate>2017-11-02T03:11:15Z</createDate>
    <billNumber>89</billNumber>
    <constitutionalAuthorityStatementText />
    <cboCostEstimates />
    <calendarNumbers />
    <policyArea>
      <name>International Affairs</name>
    </policyArea>
    <summaries>
      <billSummaries>
        <item>
          <updateDate>2017-11-01T04:00:00Z</updateDate>
          <versionCode>00</versionCode>
          <name>Introduced in House</name>
          <text><![CDATA[<p>Expresses the sense of Congress that it should be U.S. policy to:</p> <ul> <li> make the treatment of the Tibetan people an important factor in the conduct of U.S. relations with the People's Republic of China; </li> <li>consistent with the Tibetan Policy Act of 2002, encourage the Chinese government to enter into a dialogue with the Dalai Lama leading to a negotiated agreement on Tibet, publicly call for the release of those held prisoner for expressing their political or religious views in Tibetan areas, and establish an office in Lhasa, Tibet, to assist visiting U.S. citizens and monitor political, economic, and cultural developments in Tibet;</li> <li> appoint the Special Coordinator for Tibetan Issues at the highest levels of government; </li> <li> revoke appropriate privileges of any Chinese official found responsible for impeding access of U.S. citizens to Tibet and ensure that reciprocal visa processing measures are occurring;</li> <li> continue to designate China as a country of particular concern pursuant to the International Religious Freedom Act of 1998; and </li> <li> engage with appropriate Chinese officials to stop the demolition of Tibetan Buddhist religious institutions, revise religious and travel regulations to conform with international human rights standards, and ensure that Tibetan nomads are allowed to continue their way of life on the Tibetan Plateau and are not forcibly relocated into &quot;socialist villages.&quot;</li> </ul>]]></text>
          <actionDate>2017-11-01</actionDate>
          <actionDesc>Introduced in House</actionDesc>
          <lastSummaryUpdateDate>2018-02-03T14:30:51Z</lastSummaryUpdateDate>
        </item>
      </billSummaries>
    </summaries>
    <originChamber>House</originChamber>
    <titles>
      <item>
        <title>Expressing the sense of Congress with respect to United States policy toward Tibet and that the treatment of the Tibetan people should be an important factor in the conduct of United States relations with the People's Republic of China.</title>
        <chamberCode />
        <titleType>Official Title as Introduced</titleType>
        <parentTitleType />
        <chamberName />
      </item>
      <item>
        <title>Expressing the sense of Congress with respect to United States policy toward Tibet and that the treatment of the Tibetan people should be an important factor in the conduct of United States relations with the People's Republic of China.</title>
        <chamberCode />
        <titleType>Display Title</titleType>
        <parentTitleType />
        <chamberName />
      </item>
    </titles>
  </bill>
  <dublinCore xmlns:dc="http://purl.org/dc/elements/1.1/">
    <dc:format>text/xml</dc:format>
    <dc:language>EN</dc:language>
    <dc:rights>Pursuant to Title 17 Section 105 of the United States Code, this file is not subject to copyright protection and is in the public domain.</dc:rights>
    <dc:contributor>Congressional Research Service, Library of Congress</dc:contributor>
    <dc:description>This file contains bill summaries and statuses for federal legislation. A bill summary describes the most significant provisions of a piece of legislation and details the effects the legislative text may have on current law and federal programs. Bill summaries are authored by the Congressional Research Service (CRS) of the Library of Congress. As stated in Public Law 91-510 (2 USC 166 (d)(6)), one of the duties of CRS is "to prepare summaries and digests of bills and resolutions of a public general nature introduced in the Senate or House of Representatives". For more information, refer to the User Guide that accompanies this file.</dc:description>
  </dublinCore>
</billStatus>

