<?xml version="1.0" encoding="UTF-8"?>
<billStatus>
  <bill>
    <titles>
      <item>
        <titleType>Short Titles as Introduced</titleType>
        <title>Trafficking Survivors Relief Act of 2017</title>
        <parentTitleType />
        <chamberCode />
        <chamberName />
      </item>
      <item>
        <titleType>Official Title as Introduced</titleType>
        <title>A bill to provide for the vacating of certain convictions and expungement of certain arrests of victims of human trafficking.</title>
        <parentTitleType />
        <chamberCode />
        <chamberName />
      </item>
      <item>
        <titleType>Display Title</titleType>
        <title>Trafficking Survivors Relief Act of 2017</title>
        <parentTitleType />
        <chamberCode />
        <chamberName />
      </item>
      <item>
        <titleType>(Extracted from GPO) Short Titles as Introduced</titleType>
        <title>Trafficking Survivors Relief Act of 2017</title>
        <parentTitleType />
        <chamberCode />
        <chamberName />
      </item>
    </titles>
    <notes />
    <latestAction>
      <links />
      <text>Read twice and referred to the Committee on the Judiciary.</text>
      <actionDate>2017-01-11</actionDate>
    </latestAction>
    <committees>
      <billCommittees>
        <item>
          <subcommittees />
          <systemCode>ssju00</systemCode>
          <name>Judiciary Committee</name>
          <activities>
            <item>
              <date>2017-01-11T22:50:55Z</date>
              <name>Referred to</name>
            </item>
          </activities>
          <type>Standing</type>
          <chamber>Senate</chamber>
        </item>
      </billCommittees>
    </committees>
    <actions>
      <actionByCounts>
        <senate>2</senate>
      </actionByCounts>
      <item>
        <actionDate>2017-01-11</actionDate>
        <committee>
          <systemCode>ssju00</systemCode>
          <name>Judiciary Committee</name>
        </committee>
        <links />
        <sourceSystem>
          <code>0</code>
          <name>Senate</name>
        </sourceSystem>
        <text>Read twice and referred to the Committee on the Judiciary.</text>
        <type>IntroReferral</type>
      </item>
      <item>
        <committee />
        <links />
        <type>IntroReferral</type>
        <text>Introduced in Senate</text>
        <actionDate>2017-01-11</actionDate>
        <actionCode>10000</actionCode>
        <sourceSystem>
          <code>9</code>
          <name>Library of Congress</name>
        </sourceSystem>
      </item>
      <actionTypeCounts>
        <referredToCommittee>1</referredToCommittee>
        <introducedInSenate>1</introducedInSenate>
      </actionTypeCounts>
    </actions>
    <policyArea>
      <name>Crime and Law Enforcement</name>
    </policyArea>
    <sponsors>
      <item>
        <fullName>Sen. Gillibrand, Kirsten E. [D-NY]</fullName>
        <party>D</party>
        <bioguideId>G000555</bioguideId>
        <identifiers>
          <lisID>1866</lisID>
          <bioguideId>G000555</bioguideId>
          <gpoId>8336</gpoId>
        </identifiers>
        <lastName>Gillibrand</lastName>
        <byRequestType />
        <middleName>E.</middleName>
        <firstName>Kirsten</firstName>
        <state>NY</state>
      </item>
    </sponsors>
    <recordedVotes />
    <updateDate>2018-08-28T20:22:39Z</updateDate>
    <billNumber>104</billNumber>
    <title>Trafficking Survivors Relief Act of 2017</title>
    <relatedBills>
      <item>
        <latestAction>
          <text>Referred to the Subcommittee on Crime, Terrorism, Homeland Security, and Investigations.</text>
          <actionDate>2017-02-06</actionDate>
        </latestAction>
        <type>HR</type>
        <number>459</number>
        <latestTitle>Trafficking Survivors Relief Act of 2017</latestTitle>
        <relationshipDetails>
          <item>
            <type>Related bill</type>
            <identifiedBy>CRS</identifiedBy>
          </item>
        </relationshipDetails>
        <congress>115</congress>
      </item>
    </relatedBills>
    <amendments />
    <version>1.0.0</version>
    <laws />
    <cboCostEstimates />
    <billType>S</billType>
    <createDate>2017-01-12T08:17:36Z</createDate>
    <originChamber>Senate</originChamber>
    <summaries>
      <billSummaries>
        <item>
          <actionDesc>Introduced in Senate</actionDesc>
          <name>Introduced in Senate</name>
          <text><![CDATA[<p><b>Trafficking Survivors Relief Act of </b><b>2017</b></p> <p>This bill amends the federal criminal code to establish a process to vacate convictions and expunge arrests for criminal offenses committed by trafficking victims that directly result from or relate to having been a trafficking victim.</p> <p>A trafficking victim may file a motion: (1) to vacate a conviction for a nonviolent offense that does not include a child victim (i.e., under age 18); (2) to expunge records of an arrest for a nonviolent offense that does not include a child victim; or (3) to expunge records of an arrest for an offense that is violent or that includes a child victim, if the charges are reduced, dismissed, or disposed of. </p>]]></text>
          <versionCode>00</versionCode>
          <lastSummaryUpdateDate>2017-05-08T14:53:08Z</lastSummaryUpdateDate>
          <updateDate>2017-01-11T05:00:00Z</updateDate>
          <actionDate>2017-01-11</actionDate>
        </item>
      </billSummaries>
    </summaries>
    <committeeReports />
    <calendarNumbers />
    <cosponsors>
      <item>
        <fullName>Sen. Portman, Rob [R-OH]</fullName>
        <identifiers>
          <bioguideId>P000449</bioguideId>
          <lisID>924</lisID>
          <gpoId>8266</gpoId>
        </identifiers>
        <sponsorshipDate>2017-01-11</sponsorshipDate>
        <lastName>PORTMAN</lastName>
        <firstName>ROB</firstName>
        <sponsorshipWithdrawnDate />
        <state>OH</state>
        <party>R</party>
        <middleName />
        <bioguideId>P000449</bioguideId>
        <isOriginalCosponsor>True</isOriginalCosponsor>
      </item>
      <item>
        <fullName>Sen. Rubio, Marco [R-FL]</fullName>
        <identifiers>
          <bioguideId>R000595</bioguideId>
          <lisID>2084</lisID>
          <gpoId>8242</gpoId>
        </identifiers>
        <sponsorshipDate>2017-01-11</sponsorshipDate>
        <lastName>Rubio</lastName>
        <firstName>Marco</firstName>
        <sponsorshipWithdrawnDate />
        <state>FL</state>
        <party>R</party>
        <middleName />
        <bioguideId>R000595</bioguideId>
        <isOriginalCosponsor>True</isOriginalCosponsor>
      </item>
      <item>
        <fullName>Sen. Blumenthal, Richard [D-CT]</fullName>
        <identifiers>
          <lisID>2076</lisID>
          <gpoId>8332</gpoId>
          <bioguideId>B001277</bioguideId>
        </identifiers>
        <sponsorshipDate>2017-01-11</sponsorshipDate>
        <lastName>Blumenthal</lastName>
        <firstName>Richard</firstName>
        <sponsorshipWithdrawnDate />
        <state>CT</state>
        <party>D</party>
        <middleName />
        <bioguideId>B001277</bioguideId>
        <isOriginalCosponsor>True</isOriginalCosponsor>
      </item>
      <item>
        <fullName>Sen. Harris, Kamala D. [D-CA]</fullName>
        <identifiers>
          <lisID>2301</lisID>
          <bioguideId>H001075</bioguideId>
          <gpoId />
        </identifiers>
        <sponsorshipDate>2017-01-11</sponsorshipDate>
        <lastName>Harris</lastName>
        <firstName>Kamala</firstName>
        <sponsorshipWithdrawnDate />
        <state>CA</state>
        <party>D</party>
        <middleName>D.</middleName>
        <bioguideId>H001075</bioguideId>
        <isOriginalCosponsor>True</isOriginalCosponsor>
      </item>
      <item>
        <fullName>Sen. Capito, Shelley Moore [R-WV]</fullName>
        <identifiers>
          <lisID>1676</lisID>
          <gpoId>8223</gpoId>
          <bioguideId>C001047</bioguideId>
        </identifiers>
        <sponsorshipDate>2017-01-23</sponsorshipDate>
        <lastName>CAPITO</lastName>
        <firstName>SHELLEY</firstName>
        <sponsorshipWithdrawnDate />
        <state>WV</state>
        <party>R</party>
        <middleName>MOORE</middleName>
        <bioguideId>C001047</bioguideId>
        <isOriginalCosponsor>False</isOriginalCosponsor>
      </item>
      <item>
        <fullName>Sen. Whitehouse, Sheldon [D-RI]</fullName>
        <identifiers>
          <gpoId>8264</gpoId>
          <lisID>1823</lisID>
          <bioguideId>W000802</bioguideId>
        </identifiers>
        <sponsorshipDate>2017-01-23</sponsorshipDate>
        <lastName>Whitehouse</lastName>
        <firstName>Sheldon</firstName>
        <sponsorshipWithdrawnDate />
        <state>RI</state>
        <party>D</party>
        <middleName />
        <bioguideId>W000802</bioguideId>
        <isOriginalCosponsor>False</isOriginalCosponsor>
      </item>
      <item>
        <fullName>Sen. Hirono, Mazie K. [D-HI]</fullName>
        <identifiers>
          <bioguideId>H001042</bioguideId>
          <gpoId>7913</gpoId>
          <lisID>1844</lisID>
        </identifiers>
        <sponsorshipDate>2017-01-23</sponsorshipDate>
        <lastName>Hirono</lastName>
        <firstName>Mazie</firstName>
        <sponsorshipWithdrawnDate />
        <state>HI</state>
        <party>D</party>
        <middleName>K.</middleName>
        <bioguideId>H001042</bioguideId>
        <isOriginalCosponsor>False</isOriginalCosponsor>
      </item>
      <item>
        <fullName>Sen. Hassan, Margaret Wood [D-NH]</fullName>
        <identifiers>
          <lisID>2302</lisID>
          <bioguideId>H001076</bioguideId>
          <gpoId />
        </identifiers>
        <sponsorshipDate>2017-01-23</sponsorshipDate>
        <lastName>Hassan</lastName>
        <firstName>Margaret</firstName>
        <sponsorshipWithdrawnDate />
        <state>NH</state>
        <party>D</party>
        <middleName>Wood</middleName>
        <bioguideId>H001076</bioguideId>
        <isOriginalCosponsor>False</isOriginalCosponsor>
      </item>
      <item>
        <fullName>Sen. Wyden, Ron [D-OR]</fullName>
        <identifiers>
          <bioguideId>W000779</bioguideId>
          <gpoId>8265</gpoId>
          <lisID>1247</lisID>
        </identifiers>
        <sponsorshipDate>2017-01-23</sponsorshipDate>
        <lastName>WYDEN</lastName>
        <firstName>RON</firstName>
        <sponsorshipWithdrawnDate />
        <state>OR</state>
        <party>D</party>
        <middleName />
        <bioguideId>W000779</bioguideId>
        <isOriginalCosponsor>False</isOriginalCosponsor>
      </item>
      <item>
        <fullName>Sen. Coons, Christopher A. [D-DE]</fullName>
        <identifiers>
          <bioguideId>C001088</bioguideId>
          <lisID>1984</lisID>
          <gpoId>8297</gpoId>
        </identifiers>
        <sponsorshipDate>2017-01-24</sponsorshipDate>
        <lastName>Coons</lastName>
        <firstName>Christopher</firstName>
        <sponsorshipWithdrawnDate />
        <state>DE</state>
        <party>D</party>
        <middleName>A.</middleName>
        <bioguideId>C001088</bioguideId>
        <isOriginalCosponsor>False</isOriginalCosponsor>
      </item>
      <item>
        <fullName>Sen. Cortez Masto, Catherine  [D-NV]</fullName>
        <identifiers>
          <lisID>2299</lisID>
          <gpoId />
          <bioguideId>C001113</bioguideId>
        </identifiers>
        <sponsorshipDate>2017-01-24</sponsorshipDate>
        <lastName>Cortez Masto</lastName>
        <firstName>Catherine</firstName>
        <sponsorshipWithdrawnDate />
        <state>NV</state>
        <party>D</party>
        <middleName />
        <bioguideId>C001113</bioguideId>
        <isOriginalCosponsor>False</isOriginalCosponsor>
      </item>
      <item>
        <fullName>Sen. Warren, Elizabeth [D-MA]</fullName>
        <identifiers>
          <bioguideId>W000817</bioguideId>
          <lisID>2182</lisID>
          <gpoId />
        </identifiers>
        <sponsorshipDate>2017-01-24</sponsorshipDate>
        <lastName>Warren</lastName>
        <firstName>Elizabeth</firstName>
        <sponsorshipWithdrawnDate />
        <state>MA</state>
        <party>D</party>
        <middleName>A.</middleName>
        <bioguideId>W000817</bioguideId>
        <isOriginalCosponsor>False</isOriginalCosponsor>
      </item>
      <item>
        <fullName>Sen. Franken, Al [D-MN]</fullName>
        <identifiers>
          <lisID>1969</lisID>
          <bioguideId>F000457</bioguideId>
          <gpoId>8339</gpoId>
        </identifiers>
        <sponsorshipDate>2017-03-07</sponsorshipDate>
        <lastName>Franken</lastName>
        <firstName>Al</firstName>
        <sponsorshipWithdrawnDate />
        <state>MN</state>
        <party>D</party>
        <middleName />
        <bioguideId>F000457</bioguideId>
        <isOriginalCosponsor>False</isOriginalCosponsor>
      </item>
      <item>
        <fullName>Sen. Brown, Sherrod [D-OH]</fullName>
        <identifiers>
          <bioguideId>B000944</bioguideId>
          <gpoId>8309</gpoId>
          <lisID>136</lisID>
        </identifiers>
        <sponsorshipDate>2017-04-27</sponsorshipDate>
        <lastName>BROWN</lastName>
        <firstName>SHERROD</firstName>
        <sponsorshipWithdrawnDate />
        <state>OH</state>
        <party>D</party>
        <middleName />
        <bioguideId>B000944</bioguideId>
        <isOriginalCosponsor>False</isOriginalCosponsor>
      </item>
      <item>
        <fullName>Sen. Merkley, Jeff [D-OR]</fullName>
        <identifiers>
          <bioguideId>M001176</bioguideId>
          <lisID>1900</lisID>
          <gpoId>8238</gpoId>
        </identifiers>
        <sponsorshipDate>2017-08-01</sponsorshipDate>
        <lastName>Merkley</lastName>
        <firstName>Jeff</firstName>
        <sponsorshipWithdrawnDate />
        <state>OR</state>
        <party>D</party>
        <middleName />
        <bioguideId>M001176</bioguideId>
        <isOriginalCosponsor>False</isOriginalCosponsor>
      </item>
    </cosponsors>
    <introducedDate>2017-01-11</introducedDate>
    <congress>115</congress>
    <subjects>
      <billSubjects>
        <policyArea>
          <name>Crime and Law Enforcement</name>
        </policyArea>
        <legislativeSubjects>
          <item>
            <name>Crime victims</name>
          </item>
          <item>
            <name>Criminal investigation, prosecution, interrogation</name>
          </item>
          <item>
            <name>Criminal justice information and records</name>
          </item>
          <item>
            <name>Criminal procedure and sentencing</name>
          </item>
          <item>
            <name>Evidence and witnesses</name>
          </item>
          <item>
            <name>Human trafficking</name>
          </item>
          <item>
            <name>Sex offenses</name>
          </item>
        </legislativeSubjects>
      </billSubjects>
    </subjects>
  </bill>
  <dublinCore xmlns:dc="http://purl.org/dc/elements/1.1/">
    <dc:format>text/xml</dc:format>
    <dc:language>EN</dc:language>
    <dc:rights>Pursuant to Title 17 Section 105 of the United States Code, this file is not subject to copyright protection and is in the public domain.</dc:rights>
    <dc:contributor>Congressional Research Service, Library of Congress</dc:contributor>
    <dc:description>This file contains bill summaries and statuses for federal legislation. A bill summary describes the most significant provisions of a piece of legislation and details the effects the legislative text may have on current law and federal programs. Bill summaries are authored by the Congressional Research Service (CRS) of the Library of Congress. As stated in Public Law 91-510 (2 USC 166 (d)(6)), one of the duties of CRS is "to prepare summaries and digests of bills and resolutions of a public general nature introduced in the Senate or House of Representatives". For more information, refer to the User Guide that accompanies this file.</dc:description>
  </dublinCore>
</billStatus>

