<?xml version="1.0" encoding="UTF-8"?>
<billStatus>
  <bill>
    <committeeReports />
    <sponsors>
      <item>
        <middleName />
        <party>D</party>
        <fullName>Sen. Klobuchar, Amy [D-MN]</fullName>
        <state>MN</state>
        <byRequestType />
        <lastName>Klobuchar</lastName>
        <bioguideId>K000367</bioguideId>
        <firstName>Amy</firstName>
        <identifiers>
          <gpoId>8249</gpoId>
          <lisID>1826</lisID>
          <bioguideId>K000367</bioguideId>
        </identifiers>
      </item>
    </sponsors>
    <recordedVotes />
    <updateDate>2017-01-21T10:04:58Z</updateDate>
    <actions>
      <item>
        <actionDate>2017-01-05</actionDate>
        <committee>
          <systemCode>ssfi00</systemCode>
          <name>Finance Committee</name>
        </committee>
        <links />
        <sourceSystem>
          <code>0</code>
          <name>Senate</name>
        </sourceSystem>
        <text>Read twice and referred to the Committee on Finance.</text>
        <type>IntroReferral</type>
      </item>
      <item>
        <actionCode>10000</actionCode>
        <actionDate>2017-01-05</actionDate>
        <text>Introduced in Senate</text>
        <sourceSystem>
          <code>9</code>
          <name>Library of Congress</name>
        </sourceSystem>
        <committee />
        <links />
        <type>IntroReferral</type>
      </item>
      <actionTypeCounts>
        <referredToCommittee>1</referredToCommittee>
        <introducedInSenate>1</introducedInSenate>
      </actionTypeCounts>
      <actionByCounts>
        <senate>2</senate>
      </actionByCounts>
    </actions>
    <createDate>2017-01-06T04:57:27Z</createDate>
    <billNumber>41</billNumber>
    <policyArea />
    <title>Medicare Prescription Drug Price Negotiation Act of 2017</title>
    <latestAction>
      <actionDate>2017-01-05</actionDate>
      <links />
      <text>Read twice and referred to the Committee on Finance.</text>
    </latestAction>
    <cosponsors>
      <item>
        <lastName>Blumenthal</lastName>
        <sponsorshipDate>2017-01-05</sponsorshipDate>
        <fullName>Sen. Blumenthal, Richard [D-CT]</fullName>
        <sponsorshipWithdrawnDate />
        <isOriginalCosponsor>True</isOriginalCosponsor>
        <bioguideId>B001277</bioguideId>
        <firstName>Richard</firstName>
        <identifiers>
          <lisID>2076</lisID>
          <bioguideId>B001277</bioguideId>
          <gpoId>8332</gpoId>
        </identifiers>
        <party>D</party>
        <state>CT</state>
        <middleName />
      </item>
      <item>
        <lastName>Shaheen</lastName>
        <sponsorshipDate>2017-01-05</sponsorshipDate>
        <fullName>Sen. Shaheen, Jeanne [D-NH]</fullName>
        <sponsorshipWithdrawnDate />
        <isOriginalCosponsor>True</isOriginalCosponsor>
        <bioguideId>S001181</bioguideId>
        <firstName>Jeanne</firstName>
        <identifiers>
          <lisID>1901</lisID>
          <gpoId>8276</gpoId>
          <bioguideId>S001181</bioguideId>
        </identifiers>
        <party>D</party>
        <state>NH</state>
        <middleName />
      </item>
      <item>
        <lastName>BALDWIN</lastName>
        <sponsorshipDate>2017-01-05</sponsorshipDate>
        <fullName>Sen. Baldwin, Tammy [D-WI]</fullName>
        <sponsorshipWithdrawnDate />
        <isOriginalCosponsor>True</isOriginalCosponsor>
        <bioguideId>B001230</bioguideId>
        <firstName>TAMMY</firstName>
        <identifiers>
          <bioguideId>B001230</bioguideId>
          <gpoId>8215</gpoId>
          <lisID>1558</lisID>
        </identifiers>
        <party>D</party>
        <state>WI</state>
        <middleName />
      </item>
      <item>
        <lastName>King</lastName>
        <sponsorshipDate>2017-01-05</sponsorshipDate>
        <fullName>Sen. King, Angus S., Jr. [I-ME]</fullName>
        <sponsorshipWithdrawnDate />
        <isOriginalCosponsor>True</isOriginalCosponsor>
        <bioguideId>K000383</bioguideId>
        <firstName>Angus</firstName>
        <identifiers>
          <bioguideId>K000383</bioguideId>
          <lisID>2185</lisID>
          <gpoId />
        </identifiers>
        <party>I</party>
        <state>ME</state>
        <middleName />
      </item>
      <item>
        <lastName>BROWN</lastName>
        <sponsorshipDate>2017-01-05</sponsorshipDate>
        <fullName>Sen. Brown, Sherrod [D-OH]</fullName>
        <sponsorshipWithdrawnDate />
        <isOriginalCosponsor>True</isOriginalCosponsor>
        <bioguideId>B000944</bioguideId>
        <firstName>SHERROD</firstName>
        <identifiers>
          <bioguideId>B000944</bioguideId>
          <lisID>136</lisID>
          <gpoId>8309</gpoId>
        </identifiers>
        <party>D</party>
        <state>OH</state>
        <middleName />
      </item>
      <item>
        <lastName>LEAHY</lastName>
        <sponsorshipDate>2017-01-05</sponsorshipDate>
        <fullName>Sen. Leahy, Patrick J. [D-VT]</fullName>
        <sponsorshipWithdrawnDate />
        <isOriginalCosponsor>True</isOriginalCosponsor>
        <bioguideId>L000174</bioguideId>
        <firstName>PATRICK</firstName>
        <identifiers>
          <lisID>1383</lisID>
          <bioguideId>L000174</bioguideId>
          <gpoId>8244</gpoId>
        </identifiers>
        <party>D</party>
        <state>VT</state>
        <middleName>JOSEPH</middleName>
      </item>
      <item>
        <lastName>Franken</lastName>
        <sponsorshipDate>2017-01-05</sponsorshipDate>
        <fullName>Sen. Franken, Al [D-MN]</fullName>
        <sponsorshipWithdrawnDate />
        <isOriginalCosponsor>True</isOriginalCosponsor>
        <bioguideId>F000457</bioguideId>
        <firstName>Al</firstName>
        <identifiers>
          <bioguideId>F000457</bioguideId>
          <lisID>1969</lisID>
          <gpoId>8339</gpoId>
        </identifiers>
        <party>D</party>
        <state>MN</state>
        <middleName />
      </item>
      <item>
        <lastName>Kaine</lastName>
        <sponsorshipDate>2017-01-05</sponsorshipDate>
        <fullName>Sen. Kaine, Tim [D-VA]</fullName>
        <sponsorshipWithdrawnDate />
        <isOriginalCosponsor>True</isOriginalCosponsor>
        <bioguideId>K000384</bioguideId>
        <firstName>Timothy</firstName>
        <identifiers>
          <bioguideId>K000384</bioguideId>
          <lisID>2176</lisID>
          <gpoId />
        </identifiers>
        <party>D</party>
        <state>VA</state>
        <middleName />
      </item>
      <item>
        <lastName>Hassan</lastName>
        <sponsorshipDate>2017-01-09</sponsorshipDate>
        <fullName>Sen. Hassan, Margaret Wood [D-NH]</fullName>
        <sponsorshipWithdrawnDate />
        <isOriginalCosponsor>False</isOriginalCosponsor>
        <bioguideId>H001076</bioguideId>
        <firstName>Margaret</firstName>
        <identifiers>
          <lisID>2302</lisID>
          <bioguideId>H001076</bioguideId>
          <gpoId />
        </identifiers>
        <party>D</party>
        <state>NH</state>
        <middleName>Wood</middleName>
      </item>
      <item>
        <lastName>Booker</lastName>
        <sponsorshipDate>2017-01-20</sponsorshipDate>
        <fullName>Sen. Booker, Cory A. [D-NJ]</fullName>
        <sponsorshipWithdrawnDate />
        <isOriginalCosponsor>False</isOriginalCosponsor>
        <bioguideId>B001288</bioguideId>
        <firstName>Cory</firstName>
        <identifiers>
          <lisID>2194</lisID>
          <bioguideId>B001288</bioguideId>
          <gpoId />
        </identifiers>
        <party>D</party>
        <state>NJ</state>
        <middleName>A.</middleName>
      </item>
    </cosponsors>
    <originChamber>Senate</originChamber>
    <billType>S</billType>
    <congress>115</congress>
    <laws />
    <cboCostEstimates />
    <calendarNumbers />
    <amendments />
    <summaries>
      <billSummaries />
    </summaries>
    <titles>
      <item>
        <parentTitleType />
        <chamberName />
        <titleType>Short Titles as Introduced</titleType>
        <title>Medicare Prescription Drug Price Negotiation Act of 2017</title>
        <chamberCode />
      </item>
      <item>
        <parentTitleType />
        <chamberName />
        <titleType>Official Title as Introduced</titleType>
        <title>A bill to amend part D of title XVIII of the Social Security Act to require the Secretary of Health and Human Services to negotiate covered part D drug prices on behalf of Medicare beneficiaries.</title>
        <chamberCode />
      </item>
      <item>
        <parentTitleType />
        <chamberName />
        <titleType>Display Title</titleType>
        <title>Medicare Prescription Drug Price Negotiation Act of 2017</title>
        <chamberCode />
      </item>
    </titles>
    <committees>
      <billCommittees>
        <item>
          <activities>
            <item>
              <name>Referred to</name>
              <date>2017-01-05T18:03:53Z</date>
            </item>
          </activities>
          <subcommittees />
          <type>Standing</type>
          <systemCode>ssfi00</systemCode>
          <name>Finance Committee</name>
          <chamber>Senate</chamber>
        </item>
      </billCommittees>
    </committees>
    <introducedDate>2017-01-05</introducedDate>
    <relatedBills />
    <notes />
    <subjects>
      <billSubjects>
        <legislativeSubjects />
      </billSubjects>
    </subjects>
  </bill>
  <dublinCore xmlns:dc="http://purl.org/dc/elements/1.1/">
    <dc:format>text/xml</dc:format>
    <dc:language>EN</dc:language>
    <dc:rights>Pursuant to Title 17 Section 105 of the United States Code, this file is not subject to copyright protection and is in the public domain.</dc:rights>
    <dc:contributor>Congressional Research Service, Library of Congress</dc:contributor>
    <dc:description>This file contains bill summaries and statuses for federal legislation. A bill summary describes the most significant provisions of a piece of legislation and details the effects the legislative text may have on current law and federal programs. Bill summaries are authored by the Congressional Research Service (CRS) of the Library of Congress. As stated in Public Law 91-510 (2 USC 166 (d)(6)), one of the duties of CRS is "to prepare summaries and digests of bills and resolutions of a public general nature introduced in the Senate or House of Representatives". For more information, refer to the User Guide that accompanies this file.</dc:description>
  </dublinCore>
</billStatus>

