<?xml version="1.0" encoding="UTF-8"?>
<billStatus>
  <bill>
    <introducedDate>2017-01-17</introducedDate>
    <cosponsors>
      <item>
        <lastName>CAPITO</lastName>
        <isOriginalCosponsor>True</isOriginalCosponsor>
        <middleName>MOORE</middleName>
        <fullName>Sen. Capito, Shelley Moore [R-WV]</fullName>
        <firstName>SHELLEY</firstName>
        <bioguideId>C001047</bioguideId>
        <party>R</party>
        <sponsorshipWithdrawnDate />
        <state>WV</state>
        <identifiers>
          <bioguideId>C001047</bioguideId>
          <gpoId>8223</gpoId>
          <lisID>1676</lisID>
        </identifiers>
        <sponsorshipDate>2017-01-17</sponsorshipDate>
      </item>
      <item>
        <lastName>Casey</lastName>
        <isOriginalCosponsor>True</isOriginalCosponsor>
        <middleName />
        <fullName>Sen. Casey, Robert P., Jr. [D-PA]</fullName>
        <firstName>Bob</firstName>
        <bioguideId>C001070</bioguideId>
        <party>D</party>
        <sponsorshipWithdrawnDate />
        <state>PA</state>
        <identifiers>
          <gpoId>8282</gpoId>
          <lisID>1828</lisID>
          <bioguideId>C001070</bioguideId>
        </identifiers>
        <sponsorshipDate>2017-01-17</sponsorshipDate>
      </item>
      <item>
        <lastName>BROWN</lastName>
        <isOriginalCosponsor>True</isOriginalCosponsor>
        <middleName />
        <fullName>Sen. Brown, Sherrod [D-OH]</fullName>
        <firstName>SHERROD</firstName>
        <bioguideId>B000944</bioguideId>
        <party>D</party>
        <sponsorshipWithdrawnDate />
        <state>OH</state>
        <identifiers>
          <lisID>136</lisID>
          <bioguideId>B000944</bioguideId>
          <gpoId>8309</gpoId>
        </identifiers>
        <sponsorshipDate>2017-01-17</sponsorshipDate>
      </item>
      <item>
        <lastName>Kaine</lastName>
        <isOriginalCosponsor>True</isOriginalCosponsor>
        <middleName />
        <fullName>Sen. Kaine, Tim [D-VA]</fullName>
        <firstName>Timothy</firstName>
        <bioguideId>K000384</bioguideId>
        <party>D</party>
        <sponsorshipWithdrawnDate />
        <state>VA</state>
        <identifiers>
          <gpoId />
          <lisID>2176</lisID>
          <bioguideId>K000384</bioguideId>
        </identifiers>
        <sponsorshipDate>2017-01-17</sponsorshipDate>
      </item>
      <item>
        <lastName>Warner</lastName>
        <isOriginalCosponsor>True</isOriginalCosponsor>
        <middleName>R.</middleName>
        <fullName>Sen. Warner, Mark R. [D-VA]</fullName>
        <firstName>Mark</firstName>
        <bioguideId>W000805</bioguideId>
        <party>D</party>
        <sponsorshipWithdrawnDate />
        <state>VA</state>
        <identifiers>
          <bioguideId>W000805</bioguideId>
          <gpoId>8269</gpoId>
          <lisID>1897</lisID>
        </identifiers>
        <sponsorshipDate>2017-01-17</sponsorshipDate>
      </item>
      <item>
        <lastName>PORTMAN</lastName>
        <isOriginalCosponsor>True</isOriginalCosponsor>
        <middleName />
        <fullName>Sen. Portman, Rob [R-OH]</fullName>
        <firstName>ROB</firstName>
        <bioguideId>P000449</bioguideId>
        <party>R</party>
        <sponsorshipWithdrawnDate />
        <state>OH</state>
        <identifiers>
          <gpoId>8266</gpoId>
          <lisID>924</lisID>
          <bioguideId>P000449</bioguideId>
        </identifiers>
        <sponsorshipDate>2017-01-17</sponsorshipDate>
      </item>
      <item>
        <lastName>Tester</lastName>
        <isOriginalCosponsor>True</isOriginalCosponsor>
        <middleName />
        <fullName>Sen. Tester, Jon [D-MT]</fullName>
        <firstName>Jon</firstName>
        <bioguideId>T000464</bioguideId>
        <party>D</party>
        <sponsorshipWithdrawnDate />
        <state>MT</state>
        <identifiers>
          <lisID>1829</lisID>
          <bioguideId>T000464</bioguideId>
          <gpoId>8258</gpoId>
        </identifiers>
        <sponsorshipDate>2017-01-17</sponsorshipDate>
      </item>
      <item>
        <lastName>MURRAY</lastName>
        <isOriginalCosponsor>True</isOriginalCosponsor>
        <middleName />
        <fullName>Sen. Murray, Patty [D-WA]</fullName>
        <firstName>PATTY</firstName>
        <bioguideId>M001111</bioguideId>
        <party>D</party>
        <sponsorshipWithdrawnDate />
        <state>WA</state>
        <identifiers>
          <lisID>1409</lisID>
          <bioguideId>M001111</bioguideId>
          <gpoId>8237</gpoId>
        </identifiers>
        <sponsorshipDate>2017-01-17</sponsorshipDate>
      </item>
      <item>
        <lastName>SANDERS</lastName>
        <isOriginalCosponsor>True</isOriginalCosponsor>
        <middleName />
        <fullName>Sen. Sanders, Bernard [I-VT]</fullName>
        <firstName>BERNARD</firstName>
        <bioguideId>S000033</bioguideId>
        <party>I</party>
        <sponsorshipWithdrawnDate />
        <state>VT</state>
        <identifiers>
          <lisID>1010</lisID>
          <bioguideId>S000033</bioguideId>
          <gpoId>8270</gpoId>
        </identifiers>
        <sponsorshipDate>2017-01-17</sponsorshipDate>
      </item>
      <item>
        <lastName>DURBIN</lastName>
        <isOriginalCosponsor>True</isOriginalCosponsor>
        <middleName>J.</middleName>
        <fullName>Sen. Durbin, Richard [D-IL]</fullName>
        <firstName>RICHARD</firstName>
        <bioguideId>D000563</bioguideId>
        <party>D</party>
        <sponsorshipWithdrawnDate />
        <state>IL</state>
        <identifiers>
          <gpoId>8326</gpoId>
          <bioguideId>D000563</bioguideId>
          <lisID>326</lisID>
        </identifiers>
        <sponsorshipDate>2017-01-17</sponsorshipDate>
      </item>
      <item>
        <lastName>Franken</lastName>
        <isOriginalCosponsor>True</isOriginalCosponsor>
        <middleName />
        <fullName>Sen. Franken, Al [D-MN]</fullName>
        <firstName>Al</firstName>
        <bioguideId>F000457</bioguideId>
        <party>D</party>
        <sponsorshipWithdrawnDate />
        <state>MN</state>
        <identifiers>
          <lisID>1969</lisID>
          <bioguideId>F000457</bioguideId>
          <gpoId>8339</gpoId>
        </identifiers>
        <sponsorshipDate>2017-01-17</sponsorshipDate>
      </item>
      <item>
        <lastName>Booker</lastName>
        <isOriginalCosponsor>True</isOriginalCosponsor>
        <middleName>A.</middleName>
        <fullName>Sen. Booker, Cory A. [D-NJ]</fullName>
        <firstName>Cory</firstName>
        <bioguideId>B001288</bioguideId>
        <party>D</party>
        <sponsorshipWithdrawnDate />
        <state>NJ</state>
        <identifiers>
          <bioguideId>B001288</bioguideId>
          <gpoId />
          <lisID>2194</lisID>
        </identifiers>
        <sponsorshipDate>2017-01-17</sponsorshipDate>
      </item>
      <item>
        <lastName>Donnelly</lastName>
        <isOriginalCosponsor>True</isOriginalCosponsor>
        <middleName />
        <fullName>Sen. Donnelly, Joe [D-IN]</fullName>
        <firstName>Joe</firstName>
        <bioguideId>D000607</bioguideId>
        <party>D</party>
        <sponsorshipWithdrawnDate />
        <state>IN</state>
        <identifiers>
          <lisID>1850</lisID>
          <bioguideId>D000607</bioguideId>
          <gpoId>7941</gpoId>
        </identifiers>
        <sponsorshipDate>2017-01-17</sponsorshipDate>
      </item>
      <item>
        <lastName>Heinrich</lastName>
        <isOriginalCosponsor>True</isOriginalCosponsor>
        <middleName />
        <fullName>Sen. Heinrich, Martin [D-NM]</fullName>
        <firstName>Martin</firstName>
        <bioguideId>H001046</bioguideId>
        <party>D</party>
        <sponsorshipWithdrawnDate />
        <state>NM</state>
        <identifiers>
          <gpoId>8056</gpoId>
          <lisID>1937</lisID>
          <bioguideId>H001046</bioguideId>
        </identifiers>
        <sponsorshipDate>2017-01-17</sponsorshipDate>
      </item>
      <item>
        <lastName>McCaskill</lastName>
        <isOriginalCosponsor>True</isOriginalCosponsor>
        <middleName />
        <fullName>Sen. McCaskill, Claire [D-MO]</fullName>
        <firstName>Claire</firstName>
        <bioguideId>M001170</bioguideId>
        <party>D</party>
        <sponsorshipWithdrawnDate />
        <state>MO</state>
        <identifiers>
          <lisID>1820</lisID>
          <bioguideId>M001170</bioguideId>
          <gpoId>8252</gpoId>
        </identifiers>
        <sponsorshipDate>2017-01-17</sponsorshipDate>
      </item>
      <item>
        <lastName>Heitkamp</lastName>
        <isOriginalCosponsor>True</isOriginalCosponsor>
        <middleName />
        <fullName>Sen. Heitkamp, Heidi [D-ND]</fullName>
        <firstName>Heidi</firstName>
        <bioguideId>H001069</bioguideId>
        <party>D</party>
        <sponsorshipWithdrawnDate />
        <state>ND</state>
        <identifiers>
          <lisID>2174</lisID>
          <bioguideId>H001069</bioguideId>
          <gpoId />
        </identifiers>
        <sponsorshipDate>2017-01-17</sponsorshipDate>
      </item>
      <item>
        <lastName>NELSON</lastName>
        <isOriginalCosponsor>True</isOriginalCosponsor>
        <middleName>WILLIAM</middleName>
        <fullName>Sen. Nelson, Bill [D-FL]</fullName>
        <firstName>CLARENCE</firstName>
        <bioguideId>N000032</bioguideId>
        <party>D</party>
        <sponsorshipWithdrawnDate />
        <state>FL</state>
        <identifiers>
          <gpoId>8236</gpoId>
          <bioguideId>N000032</bioguideId>
          <lisID>859</lisID>
        </identifiers>
        <sponsorshipDate>2017-01-17</sponsorshipDate>
      </item>
      <item>
        <lastName>BURR</lastName>
        <isOriginalCosponsor>True</isOriginalCosponsor>
        <middleName />
        <fullName>Sen. Burr, Richard [R-NC]</fullName>
        <firstName>RICHARD</firstName>
        <bioguideId>B001135</bioguideId>
        <party>R</party>
        <sponsorshipWithdrawnDate />
        <state>NC</state>
        <identifiers>
          <gpoId>8286</gpoId>
          <lisID>153</lisID>
          <bioguideId>B001135</bioguideId>
        </identifiers>
        <sponsorshipDate>2017-01-17</sponsorshipDate>
      </item>
      <item>
        <lastName>Sullivan</lastName>
        <isOriginalCosponsor>True</isOriginalCosponsor>
        <middleName />
        <fullName>Sen. Sullivan, Dan  [R-AK]</fullName>
        <firstName>Dan</firstName>
        <bioguideId>S001198</bioguideId>
        <party>R</party>
        <sponsorshipWithdrawnDate />
        <state>AK</state>
        <identifiers>
          <gpoId />
          <lisID>2290</lisID>
          <bioguideId>S001198</bioguideId>
        </identifiers>
        <sponsorshipDate>2017-01-17</sponsorshipDate>
      </item>
    </cosponsors>
    <amendments />
    <updateDate>2017-01-23T12:04:20Z</updateDate>
    <policyArea />
    <title>A bill to amend the Surface Mining Control and Reclamation Act of 1977 to transfer certain funds to the Multiemployer Health Benefit Plan and the 1974 United Mine Workers of America Pension Plan, and for other purposes.</title>
    <relatedBills />
    <cboCostEstimates />
    <titles>
      <item>
        <parentTitleType />
        <titleType>Official Title as Introduced</titleType>
        <chamberCode />
        <chamberName />
        <title>A bill to amend the Surface Mining Control and Reclamation Act of 1977 to transfer certain funds to the Multiemployer Health Benefit Plan and the 1974 United Mine Workers of America Pension Plan, and for other purposes.</title>
      </item>
      <item>
        <parentTitleType />
        <titleType>Display Title</titleType>
        <chamberCode />
        <chamberName />
        <title>A bill to amend the Surface Mining Control and Reclamation Act of 1977 to transfer certain funds to the Multiemployer Health Benefit Plan and the 1974 United Mine Workers of America Pension Plan, and for other purposes.</title>
      </item>
    </titles>
    <calendarNumbers />
    <sponsors>
      <item>
        <middleName />
        <state>WV</state>
        <fullName>Sen. Manchin, Joe, III [D-WV]</fullName>
        <party>D</party>
        <firstName>Joe</firstName>
        <byRequestType />
        <lastName>Manchin</lastName>
        <bioguideId>M001183</bioguideId>
        <identifiers>
          <gpoId>8256</gpoId>
          <lisID>1983</lisID>
          <bioguideId>M001183</bioguideId>
        </identifiers>
      </item>
    </sponsors>
    <summaries>
      <billSummaries />
    </summaries>
    <billType>S</billType>
    <createDate>2017-01-18T05:05:00Z</createDate>
    <committeeReports />
    <laws />
    <congress>115</congress>
    <billNumber>175</billNumber>
    <subjects>
      <billSubjects>
        <legislativeSubjects />
      </billSubjects>
    </subjects>
    <notes />
    <actions>
      <item>
        <actionDate>2017-01-17</actionDate>
        <committee>
          <systemCode>ssfi00</systemCode>
          <name>Finance Committee</name>
        </committee>
        <links>
          <link>
            <name>S343</name>
            <url>https://www.congress.gov/congressional-record/volume-163/senate-section/page/S343</url>
          </link>
        </links>
        <sourceSystem>
          <name>Senate</name>
          <code>0</code>
        </sourceSystem>
        <text>Read twice and referred to the Committee on Finance. (Sponsor introductory remarks on measure: CR S343)</text>
        <type>IntroReferral</type>
      </item>
      <item>
        <committee />
        <sourceSystem>
          <name>Library of Congress</name>
          <code>9</code>
        </sourceSystem>
        <links />
        <type>IntroReferral</type>
        <actionCode>10000</actionCode>
        <actionDate>2017-01-17</actionDate>
        <text>Introduced in Senate</text>
      </item>
      <actionTypeCounts>
        <referredToCommittee>1</referredToCommittee>
        <introducedInSenate>1</introducedInSenate>
      </actionTypeCounts>
      <actionByCounts>
        <senate>2</senate>
      </actionByCounts>
    </actions>
    <committees>
      <billCommittees>
        <item>
          <subcommittees />
          <type>Standing</type>
          <name>Finance Committee</name>
          <systemCode>ssfi00</systemCode>
          <chamber>Senate</chamber>
          <activities>
            <item>
              <name>Referred to</name>
              <date>2017-01-17T23:04:47Z</date>
            </item>
          </activities>
        </item>
      </billCommittees>
    </committees>
    <originChamber>Senate</originChamber>
    <recordedVotes />
    <latestAction>
      <links />
      <actionDate>2017-01-17</actionDate>
      <text>Read twice and referred to the Committee on Finance. (Sponsor introductory remarks on measure: CR S343)</text>
    </latestAction>
  </bill>
  <dublinCore xmlns:dc="http://purl.org/dc/elements/1.1/">
    <dc:format>text/xml</dc:format>
    <dc:language>EN</dc:language>
    <dc:rights>Pursuant to Title 17 Section 105 of the United States Code, this file is not subject to copyright protection and is in the public domain.</dc:rights>
    <dc:contributor>Congressional Research Service, Library of Congress</dc:contributor>
    <dc:description>This file contains bill summaries and statuses for federal legislation. A bill summary describes the most significant provisions of a piece of legislation and details the effects the legislative text may have on current law and federal programs. Bill summaries are authored by the Congressional Research Service (CRS) of the Library of Congress. As stated in Public Law 91-510 (2 USC 166 (d)(6)), one of the duties of CRS is "to prepare summaries and digests of bills and resolutions of a public general nature introduced in the Senate or House of Representatives". For more information, refer to the User Guide that accompanies this file.</dc:description>
  </dublinCore>
</billStatus>

