<?xml version="1.0" encoding="UTF-8"?>
<billStatus>
  <bill>
    <title>Educating Tomorrow's Workforce Act of 2017</title>
    <originChamber>Senate</originChamber>
    <updateDate>2018-08-28T20:24:47Z</updateDate>
    <calendarNumbers />
    <subjects>
      <billSubjects>
        <legislativeSubjects>
          <item>
            <name>Education programs funding</name>
          </item>
          <item>
            <name>Elementary and secondary education</name>
          </item>
          <item>
            <name>Employment and training programs</name>
          </item>
          <item>
            <name>Teaching, teachers, curricula</name>
          </item>
          <item>
            <name>Vocational and technical education</name>
          </item>
        </legislativeSubjects>
        <policyArea>
          <name>Education</name>
        </policyArea>
      </billSubjects>
    </subjects>
    <version>1.0.0</version>
    <billType>S</billType>
    <latestAction>
      <text>Read twice and referred to the Committee on Health, Education, Labor, and Pensions. (Sponsor introductory remarks on measure: CR S1806-1807)</text>
      <links />
      <actionDate>2017-03-14</actionDate>
    </latestAction>
    <policyArea>
      <name>Education</name>
    </policyArea>
    <relatedBills />
    <introducedDate>2017-03-14</introducedDate>
    <actions>
      <actionTypeCounts>
        <referredToCommittee>1</referredToCommittee>
        <introducedInSenate>1</introducedInSenate>
      </actionTypeCounts>
      <item>
        <actionDate>2017-03-14</actionDate>
        <committee>
          <systemCode>sshr00</systemCode>
          <name>Health, Education, Labor, and Pensions Committee</name>
        </committee>
        <links>
          <link>
            <name>S1806-1807</name>
            <url>https://www.congress.gov/congressional-record/volume-163/senate-section/page/S1806-1807</url>
          </link>
        </links>
        <sourceSystem>
          <name>Senate</name>
          <code>0</code>
        </sourceSystem>
        <text>Read twice and referred to the Committee on Health, Education, Labor, and Pensions. (Sponsor introductory remarks on measure: CR S1806-1807)</text>
        <type>IntroReferral</type>
      </item>
      <item>
        <actionDate>2017-03-14</actionDate>
        <actionCode>10000</actionCode>
        <committee />
        <text>Introduced in Senate</text>
        <links />
        <type>IntroReferral</type>
        <sourceSystem>
          <name>Library of Congress</name>
          <code>9</code>
        </sourceSystem>
      </item>
      <actionByCounts>
        <senate>2</senate>
      </actionByCounts>
    </actions>
    <laws />
    <congress>115</congress>
    <committeeReports />
    <billNumber>628</billNumber>
    <cboCostEstimates />
    <cosponsors>
      <item>
        <fullName>Sen. Portman, Rob [R-OH]</fullName>
        <party>R</party>
        <bioguideId>P000449</bioguideId>
        <identifiers>
          <bioguideId>P000449</bioguideId>
          <gpoId>8266</gpoId>
          <lisID>924</lisID>
        </identifiers>
        <lastName>PORTMAN</lastName>
        <sponsorshipDate>2017-03-14</sponsorshipDate>
        <middleName />
        <isOriginalCosponsor>True</isOriginalCosponsor>
        <firstName>ROB</firstName>
        <state>OH</state>
        <sponsorshipWithdrawnDate />
      </item>
      <item>
        <fullName>Sen. Baldwin, Tammy [D-WI]</fullName>
        <party>D</party>
        <bioguideId>B001230</bioguideId>
        <identifiers>
          <bioguideId>B001230</bioguideId>
          <gpoId>8215</gpoId>
          <lisID>1558</lisID>
        </identifiers>
        <lastName>BALDWIN</lastName>
        <sponsorshipDate>2017-03-14</sponsorshipDate>
        <middleName />
        <isOriginalCosponsor>True</isOriginalCosponsor>
        <firstName>TAMMY</firstName>
        <state>WI</state>
        <sponsorshipWithdrawnDate />
      </item>
      <item>
        <fullName>Sen. Young, Todd C. [R-IN]</fullName>
        <party>R</party>
        <bioguideId>Y000064</bioguideId>
        <identifiers>
          <lisID>2019</lisID>
          <bioguideId>Y000064</bioguideId>
          <gpoId>7948</gpoId>
        </identifiers>
        <lastName>Young</lastName>
        <sponsorshipDate>2017-03-14</sponsorshipDate>
        <middleName>C.</middleName>
        <isOriginalCosponsor>True</isOriginalCosponsor>
        <firstName>Todd</firstName>
        <state>IN</state>
        <sponsorshipWithdrawnDate />
      </item>
      <item>
        <fullName>Sen. Gillibrand, Kirsten E. [D-NY]</fullName>
        <party>D</party>
        <bioguideId>G000555</bioguideId>
        <identifiers>
          <lisID>1866</lisID>
          <bioguideId>G000555</bioguideId>
          <gpoId>8336</gpoId>
        </identifiers>
        <lastName>Gillibrand</lastName>
        <sponsorshipDate>2017-04-24</sponsorshipDate>
        <middleName>E.</middleName>
        <isOriginalCosponsor>False</isOriginalCosponsor>
        <firstName>Kirsten</firstName>
        <state>NY</state>
        <sponsorshipWithdrawnDate />
      </item>
    </cosponsors>
    <summaries>
      <billSummaries>
        <item>
          <text><![CDATA[<p><b>Educating Tomorrow's Workforce Act of 2017</b></p> <p> This bill amends the Carl D. Perkins Career and Technical Education Act of 2006 to revise the requirements for the plan of a state seeking federal assistance for career and technical education programs. The state plan must describe how the eligible state agency will ensure the quality of any program of study culminating in an industry-recognized certificate, credential, or license.</p> <p>State agency leadership activities must support career academies which:</p> <ul> <li>implement a college and career ready curriculum at the secondary education level integrating rigorous academic, technical, and employability contents;</li> <li>include experiential or work-based learning for secondary school students, in collaboration with local and regional employers;</li> <li>include opportunities for secondary school students to earn postsecondary credit while in secondary school; and</li> <li>establish and maintain ongoing partnerships between the local educational agency, business and industry, and institutions of higher education, or postsecondary vocational institutions, including local government.</li> </ul> <p>Local plans for career and technical education programs must describe: (1) how the eligible recipient of assistance will assess local needs related to career and technical education as part of the local plan development process, and (2) how this needs assessment will be updated annually, especially on progress toward specific elements leading to high-quality implementation of career and technical education programs of study. </p> <p>The bill authorizes the local use of funds for improving such programs to support career academies.</p>]]></text>
          <lastSummaryUpdateDate>2017-05-31T15:49:14Z</lastSummaryUpdateDate>
          <actionDesc>Introduced in Senate</actionDesc>
          <updateDate>2017-03-14T04:00:00Z</updateDate>
          <name>Introduced in Senate</name>
          <versionCode>00</versionCode>
          <actionDate>2017-03-14</actionDate>
        </item>
      </billSummaries>
    </summaries>
    <committees>
      <billCommittees>
        <item>
          <type>Standing</type>
          <name>Health, Education, Labor, and Pensions Committee</name>
          <systemCode>sshr00</systemCode>
          <chamber>Senate</chamber>
          <activities>
            <item>
              <name>Referred to</name>
              <date>2017-03-14T22:39:22Z</date>
            </item>
          </activities>
          <subcommittees />
        </item>
      </billCommittees>
    </committees>
    <notes />
    <amendments />
    <recordedVotes />
    <createDate>2017-03-15T05:00:55Z</createDate>
    <sponsors>
      <item>
        <bioguideId>K000384</bioguideId>
        <party>D</party>
        <firstName>Timothy</firstName>
        <fullName>Sen. Kaine, Tim [D-VA]</fullName>
        <state>VA</state>
        <lastName>Kaine</lastName>
        <middleName />
        <identifiers>
          <lisID>2176</lisID>
          <gpoId />
          <bioguideId>K000384</bioguideId>
        </identifiers>
        <byRequestType />
      </item>
    </sponsors>
    <titles>
      <item>
        <chamberName />
        <parentTitleType />
        <titleType>Short Titles as Introduced</titleType>
        <title>Educating Tomorrow's Workforce Act of 2017</title>
        <chamberCode />
      </item>
      <item>
        <chamberName />
        <parentTitleType />
        <titleType>Official Title as Introduced</titleType>
        <title>A bill to amend the Carl D. Perkins Career and Technical Education Act of 2006 to raise the quality of career and technical education programs and to allow local eligible recipients to use funding to establish high-quality career academies.</title>
        <chamberCode />
      </item>
      <item>
        <chamberName />
        <parentTitleType />
        <titleType>Display Title</titleType>
        <title>Educating Tomorrow's Workforce Act of 2017</title>
        <chamberCode />
      </item>
      <item>
        <chamberName />
        <parentTitleType />
        <titleType>(Extracted from GPO) Short Titles as Introduced</titleType>
        <title>Educating Tomorrow's Workforce Act of 2017</title>
        <chamberCode />
      </item>
    </titles>
  </bill>
  <dublinCore xmlns:dc="http://purl.org/dc/elements/1.1/">
    <dc:format>text/xml</dc:format>
    <dc:language>EN</dc:language>
    <dc:rights>Pursuant to Title 17 Section 105 of the United States Code, this file is not subject to copyright protection and is in the public domain.</dc:rights>
    <dc:contributor>Congressional Research Service, Library of Congress</dc:contributor>
    <dc:description>This file contains bill summaries and statuses for federal legislation. A bill summary describes the most significant provisions of a piece of legislation and details the effects the legislative text may have on current law and federal programs. Bill summaries are authored by the Congressional Research Service (CRS) of the Library of Congress. As stated in Public Law 91-510 (2 USC 166 (d)(6)), one of the duties of CRS is "to prepare summaries and digests of bills and resolutions of a public general nature introduced in the Senate or House of Representatives". For more information, refer to the User Guide that accompanies this file.</dc:description>
  </dublinCore>
</billStatus>

