<?xml version="1.0" encoding="UTF-8"?>
<billStatus>
  <bill>
    <congress>115</congress>
    <billNumber>74</billNumber>
    <cosponsors>
      <item>
        <identifiers>
          <bioguideId>M000133</bioguideId>
          <lisID>735</lisID>
          <gpoId>7972</gpoId>
        </identifiers>
        <state>MA</state>
        <sponsorshipDate>2017-01-10</sponsorshipDate>
        <bioguideId>M000133</bioguideId>
        <lastName>MARKEY</lastName>
        <middleName>J.</middleName>
        <party>D</party>
        <isOriginalCosponsor>False</isOriginalCosponsor>
        <fullName>Sen. Markey, Edward J. [D-MA]</fullName>
        <sponsorshipWithdrawnDate />
        <firstName>EDWARD</firstName>
      </item>
    </cosponsors>
    <subjects>
      <billSubjects>
        <legislativeSubjects />
      </billSubjects>
    </subjects>
    <relatedBills />
    <latestAction>
      <links />
      <text>Read twice and referred to the Committee on Commerce, Science, and Transportation.</text>
      <actionDate>2017-01-09</actionDate>
    </latestAction>
    <updateDate>2017-01-11T10:17:58Z</updateDate>
    <actions>
      <actionByCounts>
        <senate>2</senate>
      </actionByCounts>
      <item>
        <actionDate>2017-01-09</actionDate>
        <committee>
          <name>Commerce, Science, and Transportation Committee</name>
          <systemCode>sscm00</systemCode>
        </committee>
        <links />
        <sourceSystem>
          <name>Senate</name>
          <code>0</code>
        </sourceSystem>
        <text>Read twice and referred to the Committee on Commerce, Science, and Transportation.</text>
        <type>IntroReferral</type>
      </item>
      <item>
        <actionDate>2017-01-09</actionDate>
        <type>IntroReferral</type>
        <actionCode>10000</actionCode>
        <committee />
        <text>Introduced in Senate</text>
        <sourceSystem>
          <name>Library of Congress</name>
          <code>9</code>
        </sourceSystem>
        <links />
      </item>
      <actionTypeCounts>
        <introducedInSenate>1</introducedInSenate>
        <referredToCommittee>1</referredToCommittee>
      </actionTypeCounts>
    </actions>
    <billType>S</billType>
    <committeeReports />
    <originChamber>Senate</originChamber>
    <notes />
    <policyArea />
    <committees>
      <billCommittees>
        <item>
          <subcommittees />
          <name>Commerce, Science, and Transportation Committee</name>
          <systemCode>sscm00</systemCode>
          <type>Standing</type>
          <activities>
            <item>
              <date>2017-01-10T00:25:30Z</date>
              <name>Referred to</name>
            </item>
          </activities>
          <chamber>Senate</chamber>
        </item>
      </billCommittees>
    </committees>
    <createDate>2017-01-10T05:15:46Z</createDate>
    <title>A bill to improve the ability of the National Oceanic and Atmospheric Administration, the Coast Guard, and coastal States to sustain healthy ocean and coastal ecosystems by maintaining and sustaining their capabilities relating to oil spill preparedness, prevention, response, and for other purposes.</title>
    <titles>
      <item>
        <title>A bill to improve the ability of the National Oceanic and Atmospheric Administration, the Coast Guard, and coastal States to sustain healthy ocean and coastal ecosystems by maintaining and sustaining their capabilities relating to oil spill preparedness, prevention, response, and for other purposes.</title>
        <titleType>Official Title as Introduced</titleType>
        <parentTitleType />
        <chamberCode />
        <chamberName />
      </item>
      <item>
        <title>A bill to improve the ability of the National Oceanic and Atmospheric Administration, the Coast Guard, and coastal States to sustain healthy ocean and coastal ecosystems by maintaining and sustaining their capabilities relating to oil spill preparedness, prevention, response, and for other purposes.</title>
        <titleType>Display Title</titleType>
        <parentTitleType />
        <chamberCode />
        <chamberName />
      </item>
    </titles>
    <recordedVotes />
    <cboCostEstimates />
    <laws />
    <summaries>
      <billSummaries />
    </summaries>
    <calendarNumbers />
    <introducedDate>2017-01-09</introducedDate>
    <amendments />
    <sponsors>
      <item>
        <lastName>NELSON</lastName>
        <identifiers>
          <lisID>859</lisID>
          <gpoId>8236</gpoId>
          <bioguideId>N000032</bioguideId>
        </identifiers>
        <byRequestType />
        <middleName>WILLIAM</middleName>
        <state>FL</state>
        <firstName>CLARENCE</firstName>
        <party>D</party>
        <fullName>Sen. Nelson, Bill [D-FL]</fullName>
        <bioguideId>N000032</bioguideId>
      </item>
    </sponsors>
  </bill>
  <dublinCore xmlns:dc="http://purl.org/dc/elements/1.1/">
    <dc:format>text/xml</dc:format>
    <dc:language>EN</dc:language>
    <dc:rights>Pursuant to Title 17 Section 105 of the United States Code, this file is not subject to copyright protection and is in the public domain.</dc:rights>
    <dc:contributor>Congressional Research Service, Library of Congress</dc:contributor>
    <dc:description>This file contains bill summaries and statuses for federal legislation. A bill summary describes the most significant provisions of a piece of legislation and details the effects the legislative text may have on current law and federal programs. Bill summaries are authored by the Congressional Research Service (CRS) of the Library of Congress. As stated in Public Law 91-510 (2 USC 166 (d)(6)), one of the duties of CRS is "to prepare summaries and digests of bills and resolutions of a public general nature introduced in the Senate or House of Representatives". For more information, refer to the User Guide that accompanies this file.</dc:description>
  </dublinCore>
</billStatus>

