<?xml version="1.0" encoding="UTF-8"?>
<billStatus>
  <bill>
    <title>Made in America Manufacturing Communities Act of 2017</title>
    <originChamber>Senate</originChamber>
    <updateDate>2018-08-28T20:25:06Z</updateDate>
    <calendarNumbers>
      <item>
        <calendar>Senate Calendar of Business</calendar>
        <number>0298</number>
      </item>
    </calendarNumbers>
    <subjects>
      <billSubjects>
        <policyArea>
          <name>Commerce</name>
        </policyArea>
        <legislativeSubjects>
          <item>
            <name>Competitiveness, trade promotion, trade deficits</name>
          </item>
          <item>
            <name>Economic development</name>
          </item>
          <item>
            <name>Employment and training programs</name>
          </item>
          <item>
            <name>Energy efficiency and conservation</name>
          </item>
          <item>
            <name>Higher education</name>
          </item>
          <item>
            <name>Industrial facilities</name>
          </item>
          <item>
            <name>Industrial policy and productivity</name>
          </item>
          <item>
            <name>Manufacturing</name>
          </item>
          <item>
            <name>Public-private cooperation</name>
          </item>
          <item>
            <name>U.S. and foreign investments</name>
          </item>
        </legislativeSubjects>
      </billSubjects>
    </subjects>
    <version>1.0.0</version>
    <billType>S</billType>
    <latestAction>
      <text>Placed on Senate Legislative Calendar under General Orders. Calendar No. 298.</text>
      <links />
      <actionDate>2018-02-05</actionDate>
    </latestAction>
    <policyArea>
      <name>Commerce</name>
    </policyArea>
    <relatedBills>
      <item>
        <type>HR</type>
        <number>2264</number>
        <latestTitle>Make It In America Manufacturing Communities Act</latestTitle>
        <congress>115</congress>
        <latestAction>
          <actionDate>2017-05-01</actionDate>
          <text>Referred to the House Committee on Financial Services.</text>
        </latestAction>
        <relationshipDetails>
          <item>
            <type>Related bill</type>
            <identifiedBy>CRS</identifiedBy>
          </item>
        </relationshipDetails>
      </item>
      <item>
        <type>HR</type>
        <number>1672</number>
        <latestTitle>Make It In America Manufacturing Communities Act</latestTitle>
        <congress>115</congress>
        <latestAction>
          <actionDate>2017-04-05</actionDate>
          <text>Sponsor introductory remarks on measure. (CR H2706)</text>
        </latestAction>
        <relationshipDetails>
          <item>
            <type>Related bill</type>
            <identifiedBy>CRS</identifiedBy>
          </item>
        </relationshipDetails>
      </item>
    </relatedBills>
    <introducedDate>2017-03-22</introducedDate>
    <actions>
      <actionTypeCounts>
        <reportedToSenate>2</reportedToSenate>
        <orderedReported>1</orderedReported>
        <placedOnCalendarGeneralOrders>1</placedOnCalendarGeneralOrders>
        <referredToCommittee>1</referredToCommittee>
        <introducedInSenate>1</introducedInSenate>
      </actionTypeCounts>
      <item>
        <actionDate>2018-02-05</actionDate>
        <committee />
        <links />
        <sourceSystem>
          <name>Senate</name>
          <code>0</code>
        </sourceSystem>
        <text>Placed on Senate Legislative Calendar under General Orders. Calendar No. 298.</text>
        <type>Calendars</type>
      </item>
      <item>
        <actionDate>2018-02-05</actionDate>
        <committee>
          <systemCode>sscm00</systemCode>
          <name>Commerce, Science, and Transportation Committee</name>
        </committee>
        <links>
          <link>
            <name>report No. 115-204</name>
            <url>https://www.congress.gov/congressional-report/115th-congress/senate-report/204</url>
          </link>
        </links>
        <sourceSystem>
          <name>Senate</name>
          <code>0</code>
        </sourceSystem>
        <text>Committee on Commerce, Science, and Transportation. Reported by Senator Thune with an amendment in the nature of a substitute. With written report No. 115-204.</text>
        <type>Committee</type>
      </item>
      <item>
        <actionDate>2018-02-05</actionDate>
        <actionCode>14000</actionCode>
        <committee>
          <systemCode>sscm00</systemCode>
          <name>Commerce, Science, and Transportation Committee</name>
        </committee>
        <text>Committee on Commerce, Science, and Transportation. Reported by Senator Thune with an amendment in the nature of a substitute. With written report No. 115-204.</text>
        <links>
          <link>
            <name>report No. 115-204</name>
            <url>https://www.congress.gov/congressional-report/115th-congress/senate-report/204</url>
          </link>
        </links>
        <type>Committee</type>
        <sourceSystem>
          <name>Library of Congress</name>
          <code>9</code>
        </sourceSystem>
      </item>
      <item>
        <actionDate>2017-04-05</actionDate>
        <committee>
          <systemCode>sscm00</systemCode>
          <name>Commerce, Science, and Transportation Committee</name>
        </committee>
        <links />
        <sourceSystem>
          <name>Senate</name>
          <code>0</code>
        </sourceSystem>
        <text>Committee on Commerce, Science, and Transportation. Ordered to be reported with an amendment in the nature of a substitute favorably.</text>
        <type>Committee</type>
      </item>
      <item>
        <actionDate>2017-03-22</actionDate>
        <committee>
          <systemCode>sscm00</systemCode>
          <name>Commerce, Science, and Transportation Committee</name>
        </committee>
        <links />
        <sourceSystem>
          <name>Senate</name>
          <code>0</code>
        </sourceSystem>
        <text>Read twice and referred to the Committee on Commerce, Science, and Transportation.</text>
        <type>IntroReferral</type>
      </item>
      <item>
        <actionDate>2017-03-22</actionDate>
        <actionCode>10000</actionCode>
        <committee />
        <text>Introduced in Senate</text>
        <links />
        <type>IntroReferral</type>
        <sourceSystem>
          <name>Library of Congress</name>
          <code>9</code>
        </sourceSystem>
      </item>
      <actionByCounts>
        <senate>6</senate>
      </actionByCounts>
    </actions>
    <laws />
    <congress>115</congress>
    <committeeReports>
      <committeeReport>
        <citation>S. Rept. 115-204</citation>
      </committeeReport>
    </committeeReports>
    <billNumber>701</billNumber>
    <cboCostEstimates>
      <item>
        <pubDate>2017-07-07T19:34:00Z</pubDate>
        <title>S. 701, Made in America Manufacturing Communities Act of 2017</title>
        <url>https://www.cbo.gov/publication/52878</url>
      </item>
    </cboCostEstimates>
    <cosponsors>
      <item>
        <fullName>Sen. Blumenthal, Richard [D-CT]</fullName>
        <party>D</party>
        <bioguideId>B001277</bioguideId>
        <identifiers>
          <gpoId>8332</gpoId>
          <lisID>2076</lisID>
          <bioguideId>B001277</bioguideId>
        </identifiers>
        <lastName>Blumenthal</lastName>
        <sponsorshipDate>2017-03-22</sponsorshipDate>
        <middleName />
        <isOriginalCosponsor>True</isOriginalCosponsor>
        <firstName>Richard</firstName>
        <state>CT</state>
        <sponsorshipWithdrawnDate />
      </item>
      <item>
        <fullName>Sen. Moran, Jerry [R-KS]</fullName>
        <party>R</party>
        <bioguideId>M000934</bioguideId>
        <identifiers>
          <lisID>1507</lisID>
          <bioguideId>M000934</bioguideId>
          <gpoId>8307</gpoId>
        </identifiers>
        <lastName>MORAN</lastName>
        <sponsorshipDate>2017-03-22</sponsorshipDate>
        <middleName />
        <isOriginalCosponsor>True</isOriginalCosponsor>
        <firstName>JERRY</firstName>
        <state>KS</state>
        <sponsorshipWithdrawnDate />
      </item>
      <item>
        <fullName>Sen. Capito, Shelley Moore [R-WV]</fullName>
        <party>R</party>
        <bioguideId>C001047</bioguideId>
        <identifiers>
          <lisID>1676</lisID>
          <gpoId>8223</gpoId>
          <bioguideId>C001047</bioguideId>
        </identifiers>
        <lastName>CAPITO</lastName>
        <sponsorshipDate>2017-03-22</sponsorshipDate>
        <middleName>MOORE</middleName>
        <isOriginalCosponsor>True</isOriginalCosponsor>
        <firstName>SHELLEY</firstName>
        <state>WV</state>
        <sponsorshipWithdrawnDate />
      </item>
      <item>
        <fullName>Sen. King, Angus S., Jr. [I-ME]</fullName>
        <party>I</party>
        <bioguideId>K000383</bioguideId>
        <identifiers>
          <bioguideId>K000383</bioguideId>
          <lisID>2185</lisID>
          <gpoId />
        </identifiers>
        <lastName>King</lastName>
        <sponsorshipDate>2017-03-22</sponsorshipDate>
        <middleName />
        <isOriginalCosponsor>True</isOriginalCosponsor>
        <firstName>Angus</firstName>
        <state>ME</state>
        <sponsorshipWithdrawnDate />
      </item>
      <item>
        <fullName>Sen. Collins, Susan M. [R-ME]</fullName>
        <party>R</party>
        <bioguideId>C001035</bioguideId>
        <identifiers>
          <lisID>1541</lisID>
          <gpoId>8291</gpoId>
          <bioguideId>C001035</bioguideId>
        </identifiers>
        <lastName>COLLINS</lastName>
        <sponsorshipDate>2017-03-22</sponsorshipDate>
        <middleName>MARGARET</middleName>
        <isOriginalCosponsor>True</isOriginalCosponsor>
        <firstName>SUSAN</firstName>
        <state>ME</state>
        <sponsorshipWithdrawnDate />
      </item>
      <item>
        <fullName>Sen. Baldwin, Tammy [D-WI]</fullName>
        <party>D</party>
        <bioguideId>B001230</bioguideId>
        <identifiers>
          <lisID>1558</lisID>
          <gpoId>8215</gpoId>
          <bioguideId>B001230</bioguideId>
        </identifiers>
        <lastName>BALDWIN</lastName>
        <sponsorshipDate>2017-04-04</sponsorshipDate>
        <middleName />
        <isOriginalCosponsor>False</isOriginalCosponsor>
        <firstName>TAMMY</firstName>
        <state>WI</state>
        <sponsorshipWithdrawnDate />
      </item>
      <item>
        <fullName>Sen. Klobuchar, Amy [D-MN]</fullName>
        <party>D</party>
        <bioguideId>K000367</bioguideId>
        <identifiers>
          <lisID>1826</lisID>
          <gpoId>8249</gpoId>
          <bioguideId>K000367</bioguideId>
        </identifiers>
        <lastName>Klobuchar</lastName>
        <sponsorshipDate>2017-04-04</sponsorshipDate>
        <middleName />
        <isOriginalCosponsor>False</isOriginalCosponsor>
        <firstName>Amy</firstName>
        <state>MN</state>
        <sponsorshipWithdrawnDate />
      </item>
      <item>
        <fullName>Sen. Feinstein, Dianne [D-CA]</fullName>
        <party>D</party>
        <bioguideId>F000062</bioguideId>
        <identifiers>
          <lisID>1332</lisID>
          <bioguideId>F000062</bioguideId>
          <gpoId>8338</gpoId>
        </identifiers>
        <lastName>FEINSTEIN</lastName>
        <sponsorshipDate>2017-09-12</sponsorshipDate>
        <middleName />
        <isOriginalCosponsor>False</isOriginalCosponsor>
        <firstName>DIANNE</firstName>
        <state>CA</state>
        <sponsorshipWithdrawnDate />
      </item>
    </cosponsors>
    <summaries>
      <billSummaries>
        <item>
          <updateDate>2017-03-22T04:00:00Z</updateDate>
          <versionCode>00</versionCode>
          <name>Introduced in Senate</name>
          <text><![CDATA[<p><b>Made in America Manufacturing Communities Act of 2017</b></p> <p>This bill requires the Department of Commerce to establish a Manufacturing Community Support Program to improve the competitiveness of U.S. manufacturing by: (1) designating consortiums as manufacturing communities; and (2) authorizing federal agencies electing to participate in the program to provide such communities preferential consideration in awarding financial and technical assistance.</p> <p>A consortium, to be eligible for such designation and assistance, must: </p> <ul> <li> represent a region that is large enough to contain critical elements of the key technologies or supply chain prioritized by the consortium and small enough to enable close collaboration among the consortium's members; </li> <li> include at least one institution of higher education, a private sector entity, and a government entity; and </li> <li> have a lead applicant that is a district organization, an Indian tribe, a state or political subdivision of a state, an institution of higher education, a nonprofit organization or association with an application supported by a state, a political subdivision of a state, or a native community. </li> </ul> <p>Commerce shall make such designations for a two-year period, and may renew a designation for additional two-year periods, based on specified criteria.</p> <p> Recipients may use such financial or technical assistance to support investments in ecosystems that will improve the competitiveness of U.S. manufacturing, including infrastructure, access to capital, promotion of exports and foreign direct investment, equipment upgrades, workforce training, energy or process efficiency, business incubators, site preparation, advanced research, supply chain development, and small business assistance. </p>]]></text>
          <actionDate>2017-03-22</actionDate>
          <actionDesc>Introduced in Senate</actionDesc>
          <lastSummaryUpdateDate>2017-11-21T16:48:03Z</lastSummaryUpdateDate>
        </item>
        <item>
          <updateDate>2018-02-05T14:13:47Z</updateDate>
          <versionCode>01</versionCode>
          <name>Reported to Senate with amendment(s)</name>
          <text><![CDATA[<p><b>Made in America Manufacturing Communities Act of 2017</b></p> <p>(Sec. 3) This bill requires the Department of Commerce to establish a Manufacturing Community Support Program to improve the competitiveness of U.S. manufacturing by: (1) designating consortiums as manufacturing communities, and (2) authorizing federal agencies electing to participate in the program to provide such communities preferential consideration in awarding financial and technical assistance.</p> <p>A consortium, to be eligible for such designation and assistance, must:</p> <ul> <li> represent a region that is large enough to contain critical elements of the key technologies or supply chain prioritized by the consortium and small enough to enable close collaboration among the consortium's members; </li> <li> include at least one institution of higher education, a private sector entity, and a government entity; and </li> <li> have a lead applicant that is a district organization, an Indian tribe, a state or political subdivision of a state, an institution of higher education, a nonprofit organization or association with an application supported by a state, a political subdivision of a state, or a native community. </li> </ul> <p>Commerce shall make such designations for a two-year period, and may renew a designation for additional two-year periods, based on specified criteria.</p> <p> Recipients may use such financial or technical assistance to support investments in ecosystems that will improve the competitiveness of U.S. manufacturing, including:</p> <ul> <li> infrastructure;</li> <li> access to capital;</li> <li> promotion of exports and foreign direct investment;</li> <li> equipment or facility upgrades;</li> <li> workforce training, retraining, or recruitment and retention, including that of women and underrepresented minorities;</li> <li> energy or process efficiency;</li> <li> business incubators;</li> <li> site preparation;</li> <li> advanced research;</li> <li> supply chain development; and</li> <li>small business assistance.</li> </ul>]]></text>
          <actionDate>2018-02-05</actionDate>
          <actionDesc>Reported to Senate with amendment(s)</actionDesc>
          <lastSummaryUpdateDate>2018-03-07T22:39:07Z</lastSummaryUpdateDate>
        </item>
      </billSummaries>
    </summaries>
    <committees>
      <billCommittees>
        <item>
          <systemCode>sscm00</systemCode>
          <subcommittees />
          <activities>
            <item>
              <name>Reported by</name>
              <date>2018-02-05T20:58:00Z</date>
            </item>
            <item>
              <name>Markup by</name>
              <date>2017-04-05T14:00:00Z</date>
            </item>
            <item>
              <name>Referred to</name>
              <date>2017-03-22T21:50:10Z</date>
            </item>
          </activities>
          <name>Commerce, Science, and Transportation Committee</name>
          <chamber>Senate</chamber>
          <type>Standing</type>
        </item>
      </billCommittees>
    </committees>
    <notes />
    <amendments />
    <recordedVotes />
    <createDate>2017-03-23T05:20:08Z</createDate>
    <sponsors>
      <item>
        <bioguideId>G000555</bioguideId>
        <party>D</party>
        <firstName>Kirsten</firstName>
        <fullName>Sen. Gillibrand, Kirsten E. [D-NY]</fullName>
        <state>NY</state>
        <lastName>Gillibrand</lastName>
        <middleName>E.</middleName>
        <identifiers>
          <lisID>1866</lisID>
          <bioguideId>G000555</bioguideId>
          <gpoId>8336</gpoId>
        </identifiers>
        <byRequestType />
      </item>
    </sponsors>
    <titles>
      <item>
        <chamberCode>S</chamberCode>
        <titleType>Short Titles as Reported to Senate</titleType>
        <chamberName>Senate</chamberName>
        <title>Made in America Manufacturing Communities Act of 2017</title>
        <parentTitleType>Short Titles Senate</parentTitleType>
      </item>
      <item>
        <chamberCode />
        <titleType>Short Titles as Introduced</titleType>
        <chamberName />
        <title>Made in America Manufacturing Communities Act of 2017</title>
        <parentTitleType />
      </item>
      <item>
        <chamberCode />
        <titleType>Official Title as Introduced</titleType>
        <chamberName />
        <title>A bill to improve the competitiveness of United States manufacturing by designating and supporting manufacturing communities.</title>
        <parentTitleType />
      </item>
      <item>
        <chamberCode />
        <titleType>Display Title</titleType>
        <chamberName />
        <title>Made in America Manufacturing Communities Act of 2017</title>
        <parentTitleType />
      </item>
      <item>
        <chamberCode>S</chamberCode>
        <titleType>(Extracted from GPO) Short Titles as Reported to Senate</titleType>
        <chamberName>Senate</chamberName>
        <title>Made in America Manufacturing Communities Act of 2017</title>
        <parentTitleType />
      </item>
      <item>
        <chamberCode />
        <titleType>(Extracted from GPO) Short Titles as Introduced</titleType>
        <chamberName />
        <title>Made in America Manufacturing Communities Act of 2017</title>
        <parentTitleType />
      </item>
    </titles>
  </bill>
  <dublinCore xmlns:dc="http://purl.org/dc/elements/1.1/">
    <dc:format>text/xml</dc:format>
    <dc:language>EN</dc:language>
    <dc:rights>Pursuant to Title 17 Section 105 of the United States Code, this file is not subject to copyright protection and is in the public domain.</dc:rights>
    <dc:contributor>Congressional Research Service, Library of Congress</dc:contributor>
    <dc:description>This file contains bill summaries and statuses for federal legislation. A bill summary describes the most significant provisions of a piece of legislation and details the effects the legislative text may have on current law and federal programs. Bill summaries are authored by the Congressional Research Service (CRS) of the Library of Congress. As stated in Public Law 91-510 (2 USC 166 (d)(6)), one of the duties of CRS is "to prepare summaries and digests of bills and resolutions of a public general nature introduced in the Senate or House of Representatives". For more information, refer to the User Guide that accompanies this file.</dc:description>
  </dublinCore>
</billStatus>

