<?xml version="1.0" encoding="UTF-8"?>
<billStatus>
  <bill>
    <congress>115</congress>
    <calendarNumbers />
    <cboCostEstimates />
    <actions>
      <item>
        <actionDate>2017-01-10</actionDate>
        <committee>
          <systemCode>sscm00</systemCode>
          <name>Commerce, Science, and Transportation Committee</name>
        </committee>
        <links />
        <sourceSystem>
          <code>0</code>
          <name>Senate</name>
        </sourceSystem>
        <text>Read twice and referred to the Committee on Commerce, Science, and Transportation.</text>
        <type>IntroReferral</type>
      </item>
      <item>
        <sourceSystem>
          <code>9</code>
          <name>Library of Congress</name>
        </sourceSystem>
        <type>IntroReferral</type>
        <actionDate>2017-01-10</actionDate>
        <committee />
        <text>Introduced in Senate</text>
        <actionCode>10000</actionCode>
        <links />
      </item>
      <actionByCounts>
        <senate>2</senate>
      </actionByCounts>
      <actionTypeCounts>
        <referredToCommittee>1</referredToCommittee>
        <introducedInSenate>1</introducedInSenate>
      </actionTypeCounts>
    </actions>
    <relatedBills />
    <latestAction>
      <text>Read twice and referred to the Committee on Commerce, Science, and Transportation.</text>
      <links />
      <actionDate>2017-01-10</actionDate>
    </latestAction>
    <originChamber>Senate</originChamber>
    <title>A bill to ensure appropriate spectrum planning and interagency coordination to support the Internet of Things.</title>
    <titles>
      <item>
        <chamberCode />
        <title>A bill to ensure appropriate spectrum planning and interagency coordination to support the Internet of Things.</title>
        <parentTitleType />
        <titleType>Official Title as Introduced</titleType>
        <chamberName />
      </item>
      <item>
        <chamberCode />
        <title>A bill to ensure appropriate spectrum planning and interagency coordination to support the Internet of Things.</title>
        <parentTitleType />
        <titleType>Display Title</titleType>
        <chamberName />
      </item>
    </titles>
    <committeeReports />
    <updateDate>2017-01-11T10:17:59Z</updateDate>
    <billType>S</billType>
    <createDate>2017-01-11T05:09:45Z</createDate>
    <subjects>
      <billSubjects>
        <legislativeSubjects />
      </billSubjects>
    </subjects>
    <policyArea />
    <laws />
    <amendments />
    <committees>
      <billCommittees>
        <item>
          <chamber>Senate</chamber>
          <name>Commerce, Science, and Transportation Committee</name>
          <systemCode>sscm00</systemCode>
          <type>Standing</type>
          <subcommittees />
          <activities>
            <item>
              <date>2017-01-10T20:45:11Z</date>
              <name>Referred to</name>
            </item>
          </activities>
        </item>
      </billCommittees>
    </committees>
    <sponsors>
      <item>
        <identifiers>
          <lisID>2179</lisID>
          <gpoId />
          <bioguideId>F000463</bioguideId>
        </identifiers>
        <state>NE</state>
        <bioguideId>F000463</bioguideId>
        <lastName>Fischer</lastName>
        <middleName />
        <party>R</party>
        <fullName>Sen. Fischer, Deb [R-NE]</fullName>
        <byRequestType />
        <firstName>Deb</firstName>
      </item>
    </sponsors>
    <introducedDate>2017-01-10</introducedDate>
    <summaries>
      <billSummaries />
    </summaries>
    <notes />
    <recordedVotes />
    <billNumber>88</billNumber>
    <cosponsors>
      <item>
        <fullName>Sen. Booker, Cory A. [D-NJ]</fullName>
        <bioguideId>B001288</bioguideId>
        <party>D</party>
        <isOriginalCosponsor>True</isOriginalCosponsor>
        <firstName>Cory</firstName>
        <middleName>A.</middleName>
        <state>NJ</state>
        <sponsorshipDate>2017-01-10</sponsorshipDate>
        <lastName>Booker</lastName>
        <identifiers>
          <lisID>2194</lisID>
          <gpoId />
          <bioguideId>B001288</bioguideId>
        </identifiers>
        <sponsorshipWithdrawnDate />
      </item>
      <item>
        <fullName>Sen. Gardner, Cory [R-CO]</fullName>
        <bioguideId>G000562</bioguideId>
        <party>R</party>
        <isOriginalCosponsor>True</isOriginalCosponsor>
        <firstName>Cory</firstName>
        <middleName />
        <state>CO</state>
        <sponsorshipDate>2017-01-10</sponsorshipDate>
        <lastName>Gardner</lastName>
        <identifiers>
          <lisID>1998</lisID>
          <gpoId>7862</gpoId>
          <bioguideId>G000562</bioguideId>
        </identifiers>
        <sponsorshipWithdrawnDate />
      </item>
      <item>
        <fullName>Sen. Schatz, Brian [D-HI]</fullName>
        <bioguideId>S001194</bioguideId>
        <party>D</party>
        <isOriginalCosponsor>True</isOriginalCosponsor>
        <firstName>Brian</firstName>
        <middleName />
        <state>HI</state>
        <sponsorshipDate>2017-01-10</sponsorshipDate>
        <lastName>Schatz</lastName>
        <identifiers>
          <gpoId />
          <bioguideId>S001194</bioguideId>
          <lisID>2173</lisID>
        </identifiers>
        <sponsorshipWithdrawnDate />
      </item>
    </cosponsors>
  </bill>
  <dublinCore xmlns:dc="http://purl.org/dc/elements/1.1/">
    <dc:format>text/xml</dc:format>
    <dc:language>EN</dc:language>
    <dc:rights>Pursuant to Title 17 Section 105 of the United States Code, this file is not subject to copyright protection and is in the public domain.</dc:rights>
    <dc:contributor>Congressional Research Service, Library of Congress</dc:contributor>
    <dc:description>This file contains bill summaries and statuses for federal legislation. A bill summary describes the most significant provisions of a piece of legislation and details the effects the legislative text may have on current law and federal programs. Bill summaries are authored by the Congressional Research Service (CRS) of the Library of Congress. As stated in Public Law 91-510 (2 USC 166 (d)(6)), one of the duties of CRS is "to prepare summaries and digests of bills and resolutions of a public general nature introduced in the Senate or House of Representatives". For more information, refer to the User Guide that accompanies this file.</dc:description>
  </dublinCore>
</billStatus>

