<?xml version="1.0" encoding="UTF-8"?>
<billStatus>
  <bill>
    <amendments />
    <latestAction>
      <actionDate>2017-01-30</actionDate>
      <text>Read twice and referred to the Committee on Health, Education, Labor, and Pensions.</text>
      <links />
    </latestAction>
    <congress>115</congress>
    <subjects>
      <billSubjects>
        <legislativeSubjects>
          <item>
            <name>Abortion</name>
          </item>
          <item>
            <name>Family planning and birth control</name>
          </item>
          <item>
            <name>Health facilities and institutions</name>
          </item>
          <item>
            <name>Health programs administration and funding</name>
          </item>
          <item>
            <name>Sex and reproductive health</name>
          </item>
          <item>
            <name>Women's health</name>
          </item>
        </legislativeSubjects>
        <policyArea>
          <name>Health</name>
        </policyArea>
      </billSubjects>
    </subjects>
    <laws />
    <notes />
    <billType>S</billType>
    <sponsors>
      <item>
        <middleName />
        <bioguideId>E000295</bioguideId>
        <fullName>Sen. Ernst, Joni  [R-IA]</fullName>
        <identifiers>
          <lisID>2283</lisID>
          <gpoId />
          <bioguideId>E000295</bioguideId>
        </identifiers>
        <byRequestType />
        <state>IA</state>
        <firstName>Joni</firstName>
        <party>R</party>
        <lastName>Ernst</lastName>
      </item>
    </sponsors>
    <recordedVotes />
    <committeeReports />
    <introducedDate>2017-01-30</introducedDate>
    <updateDate>2018-08-28T20:23:18Z</updateDate>
    <cosponsors>
      <item>
        <lastName>Cornyn</lastName>
        <middleName />
        <sponsorshipWithdrawnDate />
        <bioguideId>C001056</bioguideId>
        <fullName>Sen. Cornyn, John [R-TX]</fullName>
        <identifiers>
          <bioguideId>C001056</bioguideId>
          <lisID>1692</lisID>
          <gpoId>8295</gpoId>
        </identifiers>
        <sponsorshipDate>2017-01-30</sponsorshipDate>
        <state>TX</state>
        <firstName>John</firstName>
        <isOriginalCosponsor>True</isOriginalCosponsor>
        <party>R</party>
      </item>
      <item>
        <lastName>Cruz</lastName>
        <middleName />
        <sponsorshipWithdrawnDate />
        <bioguideId>C001098</bioguideId>
        <fullName>Sen. Cruz, Ted [R-TX]</fullName>
        <identifiers>
          <lisID>2175</lisID>
          <gpoId />
          <bioguideId>C001098</bioguideId>
        </identifiers>
        <sponsorshipDate>2017-01-30</sponsorshipDate>
        <state>TX</state>
        <firstName>Ted</firstName>
        <isOriginalCosponsor>True</isOriginalCosponsor>
        <party>R</party>
      </item>
      <item>
        <lastName>Blunt</lastName>
        <middleName />
        <sponsorshipWithdrawnDate />
        <bioguideId>B000575</bioguideId>
        <fullName>Sen. Blunt, Roy [R-MO]</fullName>
        <identifiers>
          <lisID>1464</lisID>
          <bioguideId>B000575</bioguideId>
          <gpoId>8313</gpoId>
        </identifiers>
        <sponsorshipDate>2017-01-30</sponsorshipDate>
        <state>MO</state>
        <firstName>Roy</firstName>
        <isOriginalCosponsor>True</isOriginalCosponsor>
        <party>R</party>
      </item>
      <item>
        <lastName>ROBERTS</lastName>
        <middleName />
        <sponsorshipWithdrawnDate />
        <bioguideId>R000307</bioguideId>
        <fullName>Sen. Roberts, Pat [R-KS]</fullName>
        <identifiers>
          <gpoId>8275</gpoId>
          <lisID>968</lisID>
          <bioguideId>R000307</bioguideId>
        </identifiers>
        <sponsorshipDate>2017-01-30</sponsorshipDate>
        <state>KS</state>
        <firstName>PAT</firstName>
        <isOriginalCosponsor>True</isOriginalCosponsor>
        <party>R</party>
      </item>
      <item>
        <lastName>Scott</lastName>
        <middleName />
        <sponsorshipWithdrawnDate />
        <bioguideId>S001184</bioguideId>
        <fullName>Sen. Scott, Tim [R-SC]</fullName>
        <identifiers>
          <bioguideId>S001184</bioguideId>
          <lisID>2056</lisID>
          <gpoId>8141</gpoId>
        </identifiers>
        <sponsorshipDate>2017-01-30</sponsorshipDate>
        <state>SC</state>
        <firstName>Tim</firstName>
        <isOriginalCosponsor>True</isOriginalCosponsor>
        <party>R</party>
      </item>
      <item>
        <lastName>Paul</lastName>
        <middleName />
        <sponsorshipWithdrawnDate />
        <bioguideId>P000603</bioguideId>
        <fullName>Sen. Paul, Rand [R-KY]</fullName>
        <identifiers>
          <lisID>2082</lisID>
          <bioguideId>P000603</bioguideId>
          <gpoId>8308</gpoId>
        </identifiers>
        <sponsorshipDate>2017-01-30</sponsorshipDate>
        <state>KY</state>
        <firstName>Rand</firstName>
        <isOriginalCosponsor>True</isOriginalCosponsor>
        <party>R</party>
      </item>
      <item>
        <lastName>Lankford</lastName>
        <middleName />
        <sponsorshipWithdrawnDate />
        <bioguideId>L000575</bioguideId>
        <fullName>Sen. Lankford, James [R-OK]</fullName>
        <identifiers>
          <lisID>2050</lisID>
          <bioguideId>L000575</bioguideId>
          <gpoId>8113</gpoId>
        </identifiers>
        <sponsorshipDate>2017-01-30</sponsorshipDate>
        <state>OK</state>
        <firstName>James</firstName>
        <isOriginalCosponsor>True</isOriginalCosponsor>
        <party>R</party>
      </item>
      <item>
        <lastName>MORAN</lastName>
        <middleName />
        <sponsorshipWithdrawnDate />
        <bioguideId>M000934</bioguideId>
        <fullName>Sen. Moran, Jerry [R-KS]</fullName>
        <identifiers>
          <lisID>1507</lisID>
          <bioguideId>M000934</bioguideId>
          <gpoId>8307</gpoId>
        </identifiers>
        <sponsorshipDate>2017-01-30</sponsorshipDate>
        <state>KS</state>
        <firstName>JERRY</firstName>
        <isOriginalCosponsor>True</isOriginalCosponsor>
        <party>R</party>
      </item>
      <item>
        <lastName>Rubio</lastName>
        <middleName />
        <sponsorshipWithdrawnDate />
        <bioguideId>R000595</bioguideId>
        <fullName>Sen. Rubio, Marco [R-FL]</fullName>
        <identifiers>
          <bioguideId>R000595</bioguideId>
          <lisID>2084</lisID>
          <gpoId>8242</gpoId>
        </identifiers>
        <sponsorshipDate>2017-01-30</sponsorshipDate>
        <state>FL</state>
        <firstName>Marco</firstName>
        <isOriginalCosponsor>True</isOriginalCosponsor>
        <party>R</party>
      </item>
      <item>
        <lastName>Daines</lastName>
        <middleName />
        <sponsorshipWithdrawnDate />
        <bioguideId>D000618</bioguideId>
        <fullName>Sen. Daines, Steve [R-MT]</fullName>
        <identifiers>
          <bioguideId>D000618</bioguideId>
          <gpoId />
          <lisID>2138</lisID>
        </identifiers>
        <sponsorshipDate>2017-01-30</sponsorshipDate>
        <state>MT</state>
        <firstName>Steve</firstName>
        <isOriginalCosponsor>True</isOriginalCosponsor>
        <party>R</party>
      </item>
      <item>
        <lastName>Hoeven</lastName>
        <middleName />
        <sponsorshipWithdrawnDate />
        <bioguideId>H001061</bioguideId>
        <fullName>Sen. Hoeven, John [R-ND]</fullName>
        <identifiers>
          <lisID>2079</lisID>
          <gpoId>8331</gpoId>
          <bioguideId>H001061</bioguideId>
        </identifiers>
        <sponsorshipDate>2017-01-30</sponsorshipDate>
        <state>ND</state>
        <firstName>John</firstName>
        <isOriginalCosponsor>True</isOriginalCosponsor>
        <party>R</party>
      </item>
      <item>
        <lastName>Sullivan</lastName>
        <middleName />
        <sponsorshipWithdrawnDate />
        <bioguideId>S001198</bioguideId>
        <fullName>Sen. Sullivan, Dan  [R-AK]</fullName>
        <identifiers>
          <bioguideId>S001198</bioguideId>
          <gpoId />
          <lisID>2290</lisID>
        </identifiers>
        <sponsorshipDate>2017-01-30</sponsorshipDate>
        <state>AK</state>
        <firstName>Dan</firstName>
        <isOriginalCosponsor>True</isOriginalCosponsor>
        <party>R</party>
      </item>
      <item>
        <lastName>Sasse</lastName>
        <middleName />
        <sponsorshipWithdrawnDate />
        <bioguideId>S001197</bioguideId>
        <fullName>Sen. Sasse, Ben  [R-NE]</fullName>
        <identifiers>
          <gpoId />
          <lisID>2289</lisID>
          <bioguideId>S001197</bioguideId>
        </identifiers>
        <sponsorshipDate>2017-01-30</sponsorshipDate>
        <state>NE</state>
        <firstName>Ben</firstName>
        <isOriginalCosponsor>True</isOriginalCosponsor>
        <party>R</party>
      </item>
      <item>
        <lastName>Fischer</lastName>
        <middleName />
        <sponsorshipWithdrawnDate />
        <bioguideId>F000463</bioguideId>
        <fullName>Sen. Fischer, Deb [R-NE]</fullName>
        <identifiers>
          <gpoId />
          <lisID>2179</lisID>
          <bioguideId>F000463</bioguideId>
        </identifiers>
        <sponsorshipDate>2017-01-30</sponsorshipDate>
        <state>NE</state>
        <firstName>Deb</firstName>
        <isOriginalCosponsor>True</isOriginalCosponsor>
        <party>R</party>
      </item>
      <item>
        <lastName>CRAPO</lastName>
        <middleName>D.</middleName>
        <sponsorshipWithdrawnDate />
        <bioguideId>C000880</bioguideId>
        <fullName>Sen. Crapo, Mike [R-ID]</fullName>
        <identifiers>
          <lisID>250</lisID>
          <gpoId>8289</gpoId>
          <bioguideId>C000880</bioguideId>
        </identifiers>
        <sponsorshipDate>2017-01-30</sponsorshipDate>
        <state>ID</state>
        <firstName>MICHAEL</firstName>
        <isOriginalCosponsor>True</isOriginalCosponsor>
        <party>R</party>
      </item>
      <item>
        <lastName>Kennedy</lastName>
        <middleName>Neely</middleName>
        <sponsorshipWithdrawnDate />
        <bioguideId>K000393</bioguideId>
        <fullName>Sen. Kennedy, John [R-LA]</fullName>
        <identifiers>
          <lisID>2303</lisID>
          <bioguideId>K000393</bioguideId>
          <gpoId />
        </identifiers>
        <sponsorshipDate>2017-01-30</sponsorshipDate>
        <state>LA</state>
        <firstName>John</firstName>
        <isOriginalCosponsor>True</isOriginalCosponsor>
        <party>R</party>
      </item>
      <item>
        <lastName>Lee</lastName>
        <middleName />
        <sponsorshipWithdrawnDate />
        <bioguideId>L000577</bioguideId>
        <fullName>Sen. Lee, Mike [R-UT]</fullName>
        <identifiers>
          <lisID>2080</lisID>
          <bioguideId>L000577</bioguideId>
          <gpoId>8303</gpoId>
        </identifiers>
        <sponsorshipDate>2017-01-30</sponsorshipDate>
        <state>UT</state>
        <firstName>Mike</firstName>
        <isOriginalCosponsor>True</isOriginalCosponsor>
        <party>R</party>
      </item>
      <item>
        <lastName>Risch</lastName>
        <middleName>E.</middleName>
        <sponsorshipWithdrawnDate />
        <bioguideId>R000584</bioguideId>
        <fullName>Sen. Risch, James E. [R-ID]</fullName>
        <identifiers>
          <lisID>1896</lisID>
          <gpoId>8274</gpoId>
          <bioguideId>R000584</bioguideId>
        </identifiers>
        <sponsorshipDate>2017-01-30</sponsorshipDate>
        <state>ID</state>
        <firstName>James</firstName>
        <isOriginalCosponsor>True</isOriginalCosponsor>
        <party>R</party>
      </item>
      <item>
        <lastName>WICKER</lastName>
        <middleName>F.</middleName>
        <sponsorshipWithdrawnDate />
        <bioguideId>W000437</bioguideId>
        <fullName>Sen. Wicker, Roger F. [R-MS]</fullName>
        <identifiers>
          <bioguideId>W000437</bioguideId>
          <lisID>1226</lisID>
          <gpoId>8263</gpoId>
        </identifiers>
        <sponsorshipDate>2017-01-30</sponsorshipDate>
        <state>MS</state>
        <firstName>ROGER</firstName>
        <isOriginalCosponsor>True</isOriginalCosponsor>
        <party>R</party>
      </item>
      <item>
        <lastName>INHOFE</lastName>
        <middleName />
        <sponsorshipWithdrawnDate />
        <bioguideId>I000024</bioguideId>
        <fullName>Sen. Inhofe, James M. [R-OK]</fullName>
        <identifiers>
          <lisID>583</lisID>
          <gpoId>8322</gpoId>
          <bioguideId>I000024</bioguideId>
        </identifiers>
        <sponsorshipDate>2017-01-30</sponsorshipDate>
        <state>OK</state>
        <firstName>JIM</firstName>
        <isOriginalCosponsor>True</isOriginalCosponsor>
        <party>R</party>
      </item>
      <item>
        <lastName>Corker</lastName>
        <middleName />
        <sponsorshipWithdrawnDate />
        <bioguideId>C001071</bioguideId>
        <fullName>Sen. Corker, Bob [R-TN]</fullName>
        <identifiers>
          <lisID>1825</lisID>
          <bioguideId>C001071</bioguideId>
          <gpoId>8294</gpoId>
        </identifiers>
        <sponsorshipDate>2017-01-30</sponsorshipDate>
        <state>TN</state>
        <firstName>Bob</firstName>
        <isOriginalCosponsor>True</isOriginalCosponsor>
        <party>R</party>
      </item>
      <item>
        <lastName>GRASSLEY</lastName>
        <middleName>ERNEST</middleName>
        <sponsorshipWithdrawnDate />
        <bioguideId>G000386</bioguideId>
        <fullName>Sen. Grassley, Chuck [R-IA]</fullName>
        <identifiers>
          <lisID>457</lisID>
          <bioguideId>G000386</bioguideId>
          <gpoId>8316</gpoId>
        </identifiers>
        <sponsorshipDate>2017-01-30</sponsorshipDate>
        <state>IA</state>
        <firstName>CHARLES</firstName>
        <isOriginalCosponsor>True</isOriginalCosponsor>
        <party>R</party>
      </item>
      <item>
        <lastName>GRAHAM</lastName>
        <middleName>O.</middleName>
        <sponsorshipWithdrawnDate />
        <bioguideId>G000359</bioguideId>
        <fullName>Sen. Graham, Lindsey [R-SC]</fullName>
        <identifiers>
          <bioguideId>G000359</bioguideId>
          <lisID>452</lisID>
          <gpoId>8335</gpoId>
        </identifiers>
        <sponsorshipDate>2017-01-30</sponsorshipDate>
        <state>SC</state>
        <firstName>LINDSEY</firstName>
        <isOriginalCosponsor>True</isOriginalCosponsor>
        <party>R</party>
      </item>
      <item>
        <lastName>ENZI</lastName>
        <middleName>B.</middleName>
        <sponsorshipWithdrawnDate />
        <bioguideId>E000285</bioguideId>
        <fullName>Sen. Enzi, Michael B. [R-WY]</fullName>
        <identifiers>
          <bioguideId>E000285</bioguideId>
          <lisID>1542</lisID>
          <gpoId>8328</gpoId>
        </identifiers>
        <sponsorshipDate>2017-02-02</sponsorshipDate>
        <state>WY</state>
        <firstName>MICHAEL</firstName>
        <isOriginalCosponsor>False</isOriginalCosponsor>
        <party>R</party>
      </item>
      <item>
        <lastName>Perdue</lastName>
        <middleName>Alfred</middleName>
        <sponsorshipWithdrawnDate />
        <bioguideId>P000612</bioguideId>
        <fullName>Sen. Perdue, David [R-GA]</fullName>
        <identifiers>
          <lisID>2286</lisID>
          <bioguideId>P000612</bioguideId>
          <gpoId />
        </identifiers>
        <sponsorshipDate>2017-02-02</sponsorshipDate>
        <state>GA</state>
        <firstName>David</firstName>
        <isOriginalCosponsor>False</isOriginalCosponsor>
        <party>R</party>
      </item>
      <item>
        <lastName>Cotton</lastName>
        <middleName />
        <sponsorshipWithdrawnDate />
        <bioguideId>C001095</bioguideId>
        <fullName>Sen. Cotton, Tom [R-AR]</fullName>
        <identifiers>
          <lisID>2098</lisID>
          <bioguideId>C001095</bioguideId>
          <gpoId />
        </identifiers>
        <sponsorshipDate>2017-02-13</sponsorshipDate>
        <state>AR</state>
        <firstName>Tom</firstName>
        <isOriginalCosponsor>False</isOriginalCosponsor>
        <party>R</party>
      </item>
      <item>
        <lastName>Rounds</lastName>
        <middleName />
        <sponsorshipWithdrawnDate />
        <bioguideId>R000605</bioguideId>
        <fullName>Sen. Rounds, Mike  [R-SD]</fullName>
        <identifiers>
          <gpoId />
          <lisID>2288</lisID>
          <bioguideId>R000605</bioguideId>
        </identifiers>
        <sponsorshipDate>2017-03-07</sponsorshipDate>
        <state>SD</state>
        <firstName>Mike</firstName>
        <isOriginalCosponsor>False</isOriginalCosponsor>
        <party>R</party>
      </item>
      <item>
        <lastName>Strange</lastName>
        <middleName />
        <sponsorshipWithdrawnDate />
        <bioguideId>S001202</bioguideId>
        <fullName>Sen. Strange, Luther [R-AL]</fullName>
        <identifiers>
          <lisID>2357</lisID>
          <gpoId />
          <bioguideId>S001202</bioguideId>
        </identifiers>
        <sponsorshipDate>2017-05-03</sponsorshipDate>
        <state>AL</state>
        <firstName>Luther</firstName>
        <isOriginalCosponsor>False</isOriginalCosponsor>
        <party>R</party>
      </item>
    </cosponsors>
    <actions>
      <item>
        <actionDate>2017-01-30</actionDate>
        <committee>
          <systemCode>sshr00</systemCode>
          <name>Health, Education, Labor, and Pensions Committee</name>
        </committee>
        <links />
        <sourceSystem>
          <code>0</code>
          <name>Senate</name>
        </sourceSystem>
        <text>Read twice and referred to the Committee on Health, Education, Labor, and Pensions.</text>
        <type>IntroReferral</type>
      </item>
      <item>
        <text>Introduced in Senate</text>
        <links />
        <type>IntroReferral</type>
        <sourceSystem>
          <code>9</code>
          <name>Library of Congress</name>
        </sourceSystem>
        <committee />
        <actionDate>2017-01-30</actionDate>
        <actionCode>10000</actionCode>
      </item>
      <actionTypeCounts>
        <referredToCommittee>1</referredToCommittee>
        <introducedInSenate>1</introducedInSenate>
      </actionTypeCounts>
      <actionByCounts>
        <senate>2</senate>
      </actionByCounts>
    </actions>
    <committees>
      <billCommittees>
        <item>
          <subcommittees />
          <systemCode>sshr00</systemCode>
          <name>Health, Education, Labor, and Pensions Committee</name>
          <activities>
            <item>
              <date>2017-01-30T21:49:54Z</date>
              <name>Referred to</name>
            </item>
          </activities>
          <type>Standing</type>
          <chamber>Senate</chamber>
        </item>
      </billCommittees>
    </committees>
    <policyArea>
      <name>Health</name>
    </policyArea>
    <version>1.0.0</version>
    <title>Protect Funding for Women's Health Care Act</title>
    <createDate>2017-01-31T05:23:13Z</createDate>
    <billNumber>241</billNumber>
    <cboCostEstimates />
    <calendarNumbers />
    <relatedBills />
    <summaries>
      <billSummaries>
        <item>
          <actionDesc>Introduced in Senate</actionDesc>
          <name>Introduced in Senate</name>
          <text><![CDATA[<p><b>Protect Funding for Women's Health Care Act</b></p> <p>This bill prohibits federal funding of Planned Parenthood Federation of America or its affiliates, subsidiaries, successors, or clinics.</p>]]></text>
          <versionCode>00</versionCode>
          <lastSummaryUpdateDate>2017-02-14T21:55:43Z</lastSummaryUpdateDate>
          <updateDate>2017-01-30T05:00:00Z</updateDate>
          <actionDate>2017-01-30</actionDate>
        </item>
      </billSummaries>
    </summaries>
    <originChamber>Senate</originChamber>
    <titles>
      <item>
        <chamberName />
        <parentTitleType />
        <titleType>Short Titles as Introduced</titleType>
        <title>Protect Funding for Women's Health Care Act</title>
        <chamberCode />
      </item>
      <item>
        <chamberName />
        <parentTitleType />
        <titleType>Official Title as Introduced</titleType>
        <title>A bill to prohibit Federal funding of Planned Parenthood Federation of America.</title>
        <chamberCode />
      </item>
      <item>
        <chamberName />
        <parentTitleType />
        <titleType>Display Title</titleType>
        <title>Protect Funding for Women's Health Care Act</title>
        <chamberCode />
      </item>
      <item>
        <chamberName />
        <parentTitleType />
        <titleType>(Extracted from GPO) Short Titles as Introduced</titleType>
        <title>Protect Funding for Women's Health Care Act</title>
        <chamberCode />
      </item>
    </titles>
  </bill>
  <dublinCore xmlns:dc="http://purl.org/dc/elements/1.1/">
    <dc:format>text/xml</dc:format>
    <dc:language>EN</dc:language>
    <dc:rights>Pursuant to Title 17 Section 105 of the United States Code, this file is not subject to copyright protection and is in the public domain.</dc:rights>
    <dc:contributor>Congressional Research Service, Library of Congress</dc:contributor>
    <dc:description>This file contains bill summaries and statuses for federal legislation. A bill summary describes the most significant provisions of a piece of legislation and details the effects the legislative text may have on current law and federal programs. Bill summaries are authored by the Congressional Research Service (CRS) of the Library of Congress. As stated in Public Law 91-510 (2 USC 166 (d)(6)), one of the duties of CRS is "to prepare summaries and digests of bills and resolutions of a public general nature introduced in the Senate or House of Representatives". For more information, refer to the User Guide that accompanies this file.</dc:description>
  </dublinCore>
</billStatus>

