<?xml version="1.0" encoding="UTF-8"?>
<billStatus>
  <bill>
    <createDate>2017-01-13T04:55:35Z</createDate>
    <cosponsors>
      <item>
        <identifiers>
          <bioguideId>M000303</bioguideId>
          <lisID>754</lisID>
          <gpoId>8253</gpoId>
        </identifiers>
        <state>AZ</state>
        <sponsorshipDate>2017-01-12</sponsorshipDate>
        <bioguideId>M000303</bioguideId>
        <lastName>MCCAIN</lastName>
        <middleName>SIDNEY</middleName>
        <party>R</party>
        <isOriginalCosponsor>True</isOriginalCosponsor>
        <fullName>Sen. McCain, John [R-AZ]</fullName>
        <sponsorshipWithdrawnDate />
        <firstName>JOHN</firstName>
      </item>
    </cosponsors>
    <calendarNumbers />
    <policyArea />
    <billType>S</billType>
    <summaries>
      <billSummaries />
    </summaries>
    <notes />
    <congress>115</congress>
    <recordedVotes />
    <sponsors>
      <item>
        <party>R</party>
        <middleName />
        <lastName>FLAKE</lastName>
        <fullName>Sen. Flake, Jeff [R-AZ]</fullName>
        <bioguideId>F000444</bioguideId>
        <state>AZ</state>
        <byRequestType />
        <identifiers>
          <lisID>1633</lisID>
          <gpoId>7803</gpoId>
          <bioguideId>F000444</bioguideId>
        </identifiers>
        <firstName>JEFF</firstName>
      </item>
    </sponsors>
    <titles>
      <item>
        <chamberCode />
        <chamberName />
        <parentTitleType />
        <titleType>Official Title as Introduced</titleType>
        <title>A bill to amend the White Mountain Apache Tribe Water Rights Quantification Act of 2010 to clarify the use of amounts in the WMAT Settlement Fund.</title>
      </item>
      <item>
        <chamberCode />
        <chamberName />
        <parentTitleType />
        <titleType>Display Title</titleType>
        <title>A bill to amend the White Mountain Apache Tribe Water Rights Quantification Act of 2010 to clarify the use of amounts in the WMAT Settlement Fund.</title>
      </item>
    </titles>
    <billNumber>140</billNumber>
    <relatedBills />
    <subjects>
      <billSubjects>
        <legislativeSubjects />
      </billSubjects>
    </subjects>
    <amendments />
    <originChamber>Senate</originChamber>
    <updateDate>2017-01-13T10:07:38Z</updateDate>
    <latestAction>
      <actionDate>2017-01-12</actionDate>
      <links />
      <text>Read twice and referred to the Committee on Indian Affairs.</text>
    </latestAction>
    <committees>
      <billCommittees>
        <item>
          <systemCode>slia00</systemCode>
          <subcommittees />
          <type>Other</type>
          <chamber>Senate</chamber>
          <name>Indian Affairs Committee</name>
          <activities>
            <item>
              <name>Referred to</name>
              <date>2017-01-12T21:49:20Z</date>
            </item>
          </activities>
        </item>
      </billCommittees>
    </committees>
    <committeeReports />
    <introducedDate>2017-01-12</introducedDate>
    <actions>
      <item>
        <actionDate>2017-01-12</actionDate>
        <committee>
          <systemCode>slia00</systemCode>
          <name>Indian Affairs Committee</name>
        </committee>
        <links />
        <sourceSystem>
          <code>0</code>
          <name>Senate</name>
        </sourceSystem>
        <text>Read twice and referred to the Committee on Indian Affairs.</text>
        <type>IntroReferral</type>
      </item>
      <item>
        <links />
        <type>IntroReferral</type>
        <actionCode>10000</actionCode>
        <committee />
        <text>Introduced in Senate</text>
        <sourceSystem>
          <code>9</code>
          <name>Library of Congress</name>
        </sourceSystem>
        <actionDate>2017-01-12</actionDate>
      </item>
      <actionByCounts>
        <senate>2</senate>
      </actionByCounts>
      <actionTypeCounts>
        <introducedInSenate>1</introducedInSenate>
        <referredToCommittee>1</referredToCommittee>
      </actionTypeCounts>
    </actions>
    <laws />
    <cboCostEstimates />
    <title>A bill to amend the White Mountain Apache Tribe Water Rights Quantification Act of 2010 to clarify the use of amounts in the WMAT Settlement Fund.</title>
  </bill>
  <dublinCore xmlns:dc="http://purl.org/dc/elements/1.1/">
    <dc:format>text/xml</dc:format>
    <dc:language>EN</dc:language>
    <dc:rights>Pursuant to Title 17 Section 105 of the United States Code, this file is not subject to copyright protection and is in the public domain.</dc:rights>
    <dc:contributor>Congressional Research Service, Library of Congress</dc:contributor>
    <dc:description>This file contains bill summaries and statuses for federal legislation. A bill summary describes the most significant provisions of a piece of legislation and details the effects the legislative text may have on current law and federal programs. Bill summaries are authored by the Congressional Research Service (CRS) of the Library of Congress. As stated in Public Law 91-510 (2 USC 166 (d)(6)), one of the duties of CRS is "to prepare summaries and digests of bills and resolutions of a public general nature introduced in the Senate or House of Representatives". For more information, refer to the User Guide that accompanies this file.</dc:description>
  </dublinCore>
</billStatus>

