<?xml version="1.0" encoding="UTF-8"?>
<billStatus>
  <bill>
    <calendarNumbers />
    <amendments />
    <committeeReports />
    <laws />
    <summaries>
      <billSummaries>
        <item>
          <text><![CDATA[<p><b>Eric's Law</b></p> <p>This bill amends the federal criminal code to modify procedures with respect to capital sentencing hearings.</p> <p>If a jury at a capital sentencing hearing does not reach a unanimous recommendation on the defendant's sentence, then the court must order a new special sentencing hearing and impanel a new jury. If the new jury at the special sentencing hearing does not reach a unanimous recommendation on the defendant's sentence, then the court is prohibited from imposing a death sentence. </p>]]></text>
          <lastSummaryUpdateDate>2018-04-20T14:16:40Z</lastSummaryUpdateDate>
          <actionDesc>Introduced in Senate</actionDesc>
          <updateDate>2018-02-07T05:00:00Z</updateDate>
          <name>Introduced in Senate</name>
          <versionCode>00</versionCode>
          <actionDate>2018-02-07</actionDate>
        </item>
      </billSummaries>
    </summaries>
    <relatedBills>
      <item>
        <latestTitle>Eric's Law</latestTitle>
        <relationshipDetails>
          <item>
            <type>Related bill</type>
            <identifiedBy>CRS</identifiedBy>
          </item>
          <item>
            <type>Identical bill</type>
            <identifiedBy>CRS</identifiedBy>
          </item>
        </relationshipDetails>
        <number>4493</number>
        <latestAction>
          <actionDate>2018-01-09</actionDate>
          <text>Referred to the Subcommittee on Crime, Terrorism, Homeland Security, and Investigations.</text>
        </latestAction>
        <congress>115</congress>
        <type>HR</type>
      </item>
    </relatedBills>
    <createDate>2018-02-08T02:26:01Z</createDate>
    <latestAction>
      <links />
      <actionDate>2018-02-07</actionDate>
      <text>Read twice and referred to the Committee on the Judiciary.</text>
    </latestAction>
    <sponsors>
      <item>
        <party>R</party>
        <state>PA</state>
        <bioguideId>T000461</bioguideId>
        <middleName />
        <lastName>Toomey</lastName>
        <fullName>Sen. Toomey, Pat [R-PA]</fullName>
        <firstName>Pat</firstName>
        <byRequestType />
        <identifiers>
          <lisID>1594</lisID>
          <gpoId />
          <bioguideId>T000461</bioguideId>
        </identifiers>
      </item>
    </sponsors>
    <billNumber>2389</billNumber>
    <updateDate>2018-08-28T20:31:22Z</updateDate>
    <cboCostEstimates />
    <notes />
    <titles>
      <item>
        <parentTitleType />
        <titleType>Short Titles as Introduced</titleType>
        <chamberCode />
        <title>Eric's Law</title>
        <chamberName />
      </item>
      <item>
        <parentTitleType />
        <titleType>Official Title as Introduced</titleType>
        <chamberCode />
        <title>A bill to amend title 18, United States Code, to require the impaneling of a new jury if a jury fails to recommend by unanimous vote a sentence for conviction of a crime punishable by death.</title>
        <chamberName />
      </item>
      <item>
        <parentTitleType />
        <titleType>Display Title</titleType>
        <chamberCode />
        <title>Eric's Law</title>
        <chamberName />
      </item>
      <item>
        <parentTitleType />
        <titleType>(Extracted from GPO) Short Titles as Introduced</titleType>
        <chamberCode />
        <title>Eric’s Law</title>
        <chamberName />
      </item>
    </titles>
    <introducedDate>2018-02-07</introducedDate>
    <subjects>
      <billSubjects>
        <legislativeSubjects />
        <policyArea>
          <name>Crime and Law Enforcement</name>
        </policyArea>
      </billSubjects>
    </subjects>
    <billType>S</billType>
    <originChamber>Senate</originChamber>
    <title>Eric's Law</title>
    <cosponsors>
      <item>
        <fullName>Sen. Cotton, Tom [R-AR]</fullName>
        <party>R</party>
        <bioguideId>C001095</bioguideId>
        <identifiers>
          <lisID>2098</lisID>
          <bioguideId>C001095</bioguideId>
          <gpoId />
        </identifiers>
        <lastName>Cotton</lastName>
        <sponsorshipDate>2018-02-07</sponsorshipDate>
        <middleName />
        <isOriginalCosponsor>True</isOriginalCosponsor>
        <firstName>Tom</firstName>
        <state>AR</state>
        <sponsorshipWithdrawnDate />
      </item>
      <item>
        <fullName>Sen. Cornyn, John [R-TX]</fullName>
        <party>R</party>
        <bioguideId>C001056</bioguideId>
        <identifiers>
          <bioguideId>C001056</bioguideId>
          <lisID>1692</lisID>
          <gpoId>8295</gpoId>
        </identifiers>
        <lastName>Cornyn</lastName>
        <sponsorshipDate>2018-02-07</sponsorshipDate>
        <middleName />
        <isOriginalCosponsor>True</isOriginalCosponsor>
        <firstName>John</firstName>
        <state>TX</state>
        <sponsorshipWithdrawnDate />
      </item>
      <item>
        <fullName>Sen. Cruz, Ted [R-TX]</fullName>
        <party>R</party>
        <bioguideId>C001098</bioguideId>
        <identifiers>
          <bioguideId>C001098</bioguideId>
          <lisID>2175</lisID>
          <gpoId />
        </identifiers>
        <lastName>Cruz</lastName>
        <sponsorshipDate>2018-02-07</sponsorshipDate>
        <middleName />
        <isOriginalCosponsor>True</isOriginalCosponsor>
        <firstName>Ted</firstName>
        <state>TX</state>
        <sponsorshipWithdrawnDate />
      </item>
    </cosponsors>
    <recordedVotes />
    <policyArea>
      <name>Crime and Law Enforcement</name>
    </policyArea>
    <committees>
      <billCommittees>
        <item>
          <activities>
            <item>
              <name>Referred to</name>
              <date>2018-02-07T17:54:10Z</date>
            </item>
          </activities>
          <name>Judiciary Committee</name>
          <type>Standing</type>
          <chamber>Senate</chamber>
          <subcommittees />
          <systemCode>ssju00</systemCode>
        </item>
      </billCommittees>
    </committees>
    <actions>
      <item>
        <actionDate>2018-02-07</actionDate>
        <committee>
          <systemCode>ssju00</systemCode>
          <name>Judiciary Committee</name>
        </committee>
        <links />
        <sourceSystem>
          <code>0</code>
          <name>Senate</name>
        </sourceSystem>
        <text>Read twice and referred to the Committee on the Judiciary.</text>
        <type>IntroReferral</type>
      </item>
      <item>
        <text>Introduced in Senate</text>
        <type>IntroReferral</type>
        <links />
        <actionDate>2018-02-07</actionDate>
        <sourceSystem>
          <code>9</code>
          <name>Library of Congress</name>
        </sourceSystem>
        <committee />
        <actionCode>10000</actionCode>
      </item>
      <actionByCounts>
        <senate>2</senate>
      </actionByCounts>
      <actionTypeCounts>
        <introducedInSenate>1</introducedInSenate>
        <referredToCommittee>1</referredToCommittee>
      </actionTypeCounts>
    </actions>
    <version>1.0.0</version>
    <congress>115</congress>
  </bill>
  <dublinCore xmlns:dc="http://purl.org/dc/elements/1.1/">
    <dc:format>text/xml</dc:format>
    <dc:language>EN</dc:language>
    <dc:rights>Pursuant to Title 17 Section 105 of the United States Code, this file is not subject to copyright protection and is in the public domain.</dc:rights>
    <dc:contributor>Congressional Research Service, Library of Congress</dc:contributor>
    <dc:description>This file contains bill summaries and statuses for federal legislation. A bill summary describes the most significant provisions of a piece of legislation and details the effects the legislative text may have on current law and federal programs. Bill summaries are authored by the Congressional Research Service (CRS) of the Library of Congress. As stated in Public Law 91-510 (2 USC 166 (d)(6)), one of the duties of CRS is "to prepare summaries and digests of bills and resolutions of a public general nature introduced in the Senate or House of Representatives". For more information, refer to the User Guide that accompanies this file.</dc:description>
  </dublinCore>
</billStatus>

