<?xml version="1.0" encoding="UTF-8"?>
<billStatus>
  <bill>
    <calendarNumbers />
    <amendments />
    <committeeReports />
    <laws />
    <summaries>
      <billSummaries>
        <item>
          <name>Introduced in Senate</name>
          <actionDesc>Introduced in Senate</actionDesc>
          <actionDate>2017-02-14</actionDate>
          <lastSummaryUpdateDate>2017-02-27T20:53:24Z</lastSummaryUpdateDate>
          <versionCode>00</versionCode>
          <updateDate>2017-02-14T05:00:00Z</updateDate>
          <text><![CDATA[<p><b>21st Century Endangered Species Transparency Act </b></p> <p>This bill amends the Endangered Species Act of 1973 to require the Department of the Interior or the Department of Commerce, as appropriate, to make publicly available on the Internet the best scientific and commercial data available that are the basis for the determination of whether a species is an endangered species or a threatened species, including each proposed regulation for the listing of a species.</p> <p>The departments are prohibited from making the information publicly available when: (1) the public disclosure of the information is prohibited by state law relating to the protection of personal information, and (2) the state makes a request to a department to withhold the information. </p>]]></text>
        </item>
      </billSummaries>
    </summaries>
    <relatedBills>
      <item>
        <congress>115</congress>
        <number>1273</number>
        <type>HR</type>
        <latestTitle>21st Century Endangered Species Transparency Act</latestTitle>
        <relationshipDetails>
          <item>
            <type>Related bill</type>
            <identifiedBy>CRS</identifiedBy>
          </item>
        </relationshipDetails>
        <latestAction>
          <text>Referred to the House Committee on Natural Resources.</text>
          <actionDate>2017-03-01</actionDate>
        </latestAction>
      </item>
    </relatedBills>
    <createDate>2017-02-15T05:13:06Z</createDate>
    <latestAction>
      <links />
      <actionDate>2017-02-14</actionDate>
      <text>Read twice and referred to the Committee on Environment and Public Works. (text of measure as introduced: CR S1162-1163)</text>
    </latestAction>
    <sponsors>
      <item>
        <party>R</party>
        <state>TX</state>
        <bioguideId>C001056</bioguideId>
        <middleName />
        <lastName>Cornyn</lastName>
        <fullName>Sen. Cornyn, John [R-TX]</fullName>
        <firstName>John</firstName>
        <byRequestType />
        <identifiers>
          <bioguideId>C001056</bioguideId>
          <lisID>1692</lisID>
          <gpoId>8295</gpoId>
        </identifiers>
      </item>
    </sponsors>
    <billNumber>376</billNumber>
    <updateDate>2018-08-28T20:23:48Z</updateDate>
    <cboCostEstimates />
    <notes />
    <titles>
      <item>
        <title>21st Century Endangered Species Transparency Act</title>
        <chamberCode />
        <titleType>Short Titles as Introduced</titleType>
        <parentTitleType />
        <chamberName />
      </item>
      <item>
        <title>A bill to amend the Endangered Species Act of 1973 to require publication on the Internet of the basis for determinations that species are endangered species or threatened species, and for other purposes.</title>
        <chamberCode />
        <titleType>Official Title as Introduced</titleType>
        <parentTitleType />
        <chamberName />
      </item>
      <item>
        <title>21st Century Endangered Species Transparency Act</title>
        <chamberCode />
        <titleType>Display Title</titleType>
        <parentTitleType />
        <chamberName />
      </item>
      <item>
        <title>21st Century Endangered Species Transparency Act</title>
        <chamberCode />
        <titleType>(Extracted from GPO) Short Titles as Introduced</titleType>
        <parentTitleType />
        <chamberName />
      </item>
    </titles>
    <introducedDate>2017-02-14</introducedDate>
    <subjects>
      <billSubjects>
        <policyArea>
          <name>Environmental Protection</name>
        </policyArea>
        <legislativeSubjects>
          <item>
            <name>Administrative law and regulatory procedures</name>
          </item>
          <item>
            <name>Department of the Interior</name>
          </item>
          <item>
            <name>Endangered and threatened species</name>
          </item>
          <item>
            <name>Government information and archives</name>
          </item>
          <item>
            <name>Wildlife conservation and habitat protection</name>
          </item>
        </legislativeSubjects>
      </billSubjects>
    </subjects>
    <billType>S</billType>
    <originChamber>Senate</originChamber>
    <title>21st Century Endangered Species Transparency Act</title>
    <cosponsors>
      <item>
        <party>R</party>
        <state>TX</state>
        <bioguideId>C001098</bioguideId>
        <sponsorshipWithdrawnDate />
        <lastName>Cruz</lastName>
        <fullName>Sen. Cruz, Ted [R-TX]</fullName>
        <firstName>Ted</firstName>
        <sponsorshipDate>2017-02-14</sponsorshipDate>
        <middleName />
        <isOriginalCosponsor>True</isOriginalCosponsor>
        <identifiers>
          <lisID>2175</lisID>
          <bioguideId>C001098</bioguideId>
          <gpoId />
        </identifiers>
      </item>
      <item>
        <party>R</party>
        <state>ID</state>
        <bioguideId>C000880</bioguideId>
        <sponsorshipWithdrawnDate />
        <lastName>CRAPO</lastName>
        <fullName>Sen. Crapo, Mike [R-ID]</fullName>
        <firstName>MICHAEL</firstName>
        <sponsorshipDate>2017-02-14</sponsorshipDate>
        <middleName>D.</middleName>
        <isOriginalCosponsor>True</isOriginalCosponsor>
        <identifiers>
          <lisID>250</lisID>
          <bioguideId>C000880</bioguideId>
          <gpoId>8289</gpoId>
        </identifiers>
      </item>
      <item>
        <party>R</party>
        <state>MT</state>
        <bioguideId>D000618</bioguideId>
        <sponsorshipWithdrawnDate />
        <lastName>Daines</lastName>
        <fullName>Sen. Daines, Steve [R-MT]</fullName>
        <firstName>Steve</firstName>
        <sponsorshipDate>2017-02-14</sponsorshipDate>
        <middleName />
        <isOriginalCosponsor>True</isOriginalCosponsor>
        <identifiers>
          <lisID>2138</lisID>
          <gpoId />
          <bioguideId>D000618</bioguideId>
        </identifiers>
      </item>
      <item>
        <party>R</party>
        <state>AZ</state>
        <bioguideId>F000444</bioguideId>
        <sponsorshipWithdrawnDate />
        <lastName>FLAKE</lastName>
        <fullName>Sen. Flake, Jeff [R-AZ]</fullName>
        <firstName>JEFF</firstName>
        <sponsorshipDate>2017-02-14</sponsorshipDate>
        <middleName />
        <isOriginalCosponsor>True</isOriginalCosponsor>
        <identifiers>
          <lisID>1633</lisID>
          <bioguideId>F000444</bioguideId>
          <gpoId>7803</gpoId>
        </identifiers>
      </item>
      <item>
        <party>R</party>
        <state>KS</state>
        <bioguideId>R000307</bioguideId>
        <sponsorshipWithdrawnDate />
        <lastName>ROBERTS</lastName>
        <fullName>Sen. Roberts, Pat [R-KS]</fullName>
        <firstName>PAT</firstName>
        <sponsorshipDate>2017-02-14</sponsorshipDate>
        <middleName />
        <isOriginalCosponsor>True</isOriginalCosponsor>
        <identifiers>
          <bioguideId>R000307</bioguideId>
          <lisID>968</lisID>
          <gpoId>8275</gpoId>
        </identifiers>
      </item>
      <item>
        <party>R</party>
        <state>UT</state>
        <bioguideId>H000338</bioguideId>
        <sponsorshipWithdrawnDate />
        <lastName>HATCH</lastName>
        <fullName>Sen. Hatch, Orrin G. [R-UT]</fullName>
        <firstName>ORRIN</firstName>
        <sponsorshipDate>2017-02-15</sponsorshipDate>
        <middleName>GRANT</middleName>
        <isOriginalCosponsor>False</isOriginalCosponsor>
        <identifiers>
          <lisID>1351</lisID>
          <bioguideId>H000338</bioguideId>
          <gpoId>8314</gpoId>
        </identifiers>
      </item>
      <item>
        <party>R</party>
        <state>WY</state>
        <bioguideId>E000285</bioguideId>
        <sponsorshipWithdrawnDate />
        <lastName>ENZI</lastName>
        <fullName>Sen. Enzi, Michael B. [R-WY]</fullName>
        <firstName>MICHAEL</firstName>
        <sponsorshipDate>2017-03-27</sponsorshipDate>
        <middleName>B.</middleName>
        <isOriginalCosponsor>False</isOriginalCosponsor>
        <identifiers>
          <bioguideId>E000285</bioguideId>
          <lisID>1542</lisID>
          <gpoId>8328</gpoId>
        </identifiers>
      </item>
      <item>
        <party>R</party>
        <state>OK</state>
        <bioguideId>L000575</bioguideId>
        <sponsorshipWithdrawnDate />
        <lastName>Lankford</lastName>
        <fullName>Sen. Lankford, James [R-OK]</fullName>
        <firstName>James</firstName>
        <sponsorshipDate>2017-06-05</sponsorshipDate>
        <middleName />
        <isOriginalCosponsor>False</isOriginalCosponsor>
        <identifiers>
          <lisID>2050</lisID>
          <gpoId>8113</gpoId>
          <bioguideId>L000575</bioguideId>
        </identifiers>
      </item>
    </cosponsors>
    <recordedVotes />
    <policyArea>
      <name>Environmental Protection</name>
    </policyArea>
    <committees>
      <billCommittees>
        <item>
          <type>Standing</type>
          <name>Environment and Public Works Committee</name>
          <systemCode>ssev00</systemCode>
          <chamber>Senate</chamber>
          <activities>
            <item>
              <name>Referred to</name>
              <date>2017-02-14T21:53:15Z</date>
            </item>
          </activities>
          <subcommittees />
        </item>
      </billCommittees>
    </committees>
    <actions>
      <item>
        <actionDate>2017-02-14</actionDate>
        <committee>
          <systemCode>ssev00</systemCode>
          <name>Environment and Public Works Committee</name>
        </committee>
        <links>
          <link>
            <url>https://www.congress.gov/congressional-record/volume-163/senate-section/page/S1162-1163</url>
            <name>S1162-1163</name>
          </link>
        </links>
        <sourceSystem>
          <code>0</code>
          <name>Senate</name>
        </sourceSystem>
        <text>Read twice and referred to the Committee on Environment and Public Works. (text of measure as introduced: CR S1162-1163)</text>
        <type>IntroReferral</type>
      </item>
      <item>
        <actionDate>2017-02-14</actionDate>
        <actionCode>10000</actionCode>
        <text>Introduced in Senate</text>
        <committee />
        <links />
        <type>IntroReferral</type>
        <sourceSystem>
          <code>9</code>
          <name>Library of Congress</name>
        </sourceSystem>
      </item>
      <actionTypeCounts>
        <referredToCommittee>1</referredToCommittee>
        <introducedInSenate>1</introducedInSenate>
      </actionTypeCounts>
      <actionByCounts>
        <senate>2</senate>
      </actionByCounts>
    </actions>
    <version>1.0.0</version>
    <congress>115</congress>
  </bill>
  <dublinCore xmlns:dc="http://purl.org/dc/elements/1.1/">
    <dc:format>text/xml</dc:format>
    <dc:language>EN</dc:language>
    <dc:rights>Pursuant to Title 17 Section 105 of the United States Code, this file is not subject to copyright protection and is in the public domain.</dc:rights>
    <dc:contributor>Congressional Research Service, Library of Congress</dc:contributor>
    <dc:description>This file contains bill summaries and statuses for federal legislation. A bill summary describes the most significant provisions of a piece of legislation and details the effects the legislative text may have on current law and federal programs. Bill summaries are authored by the Congressional Research Service (CRS) of the Library of Congress. As stated in Public Law 91-510 (2 USC 166 (d)(6)), one of the duties of CRS is "to prepare summaries and digests of bills and resolutions of a public general nature introduced in the Senate or House of Representatives". For more information, refer to the User Guide that accompanies this file.</dc:description>
  </dublinCore>
</billStatus>

