<?xml version="1.0" encoding="UTF-8"?>
<billStatus>
  <bill>
    <laws />
    <committeeReports />
    <recordedVotes />
    <originChamber>Senate</originChamber>
    <congress>115</congress>
    <createDate>2017-01-18T05:04:59Z</createDate>
    <summaries>
      <billSummaries />
    </summaries>
    <relatedBills />
    <introducedDate>2017-01-17</introducedDate>
    <committees>
      <billCommittees>
        <item>
          <type>Standing</type>
          <name>Veterans' Affairs Committee</name>
          <chamber>Senate</chamber>
          <subcommittees />
          <activities>
            <item>
              <name>Referred to</name>
              <date>2017-01-17T20:54:02Z</date>
            </item>
          </activities>
          <systemCode>ssva00</systemCode>
        </item>
      </billCommittees>
    </committees>
    <updateDate>2017-01-18T10:20:27Z</updateDate>
    <title>A bill to amend title 38, United States Code, to provide for the removal or demotion of employees of the Department of Veterans Affairs based on performance or misconduct, and for other purposes.</title>
    <policyArea />
    <notes />
    <titles>
      <item>
        <titleType>Official Title as Introduced</titleType>
        <chamberName />
        <title>A bill to amend title 38, United States Code, to provide for the removal or demotion of employees of the Department of Veterans Affairs based on performance or misconduct, and for other purposes.</title>
        <parentTitleType />
        <chamberCode />
      </item>
      <item>
        <titleType>Display Title</titleType>
        <chamberName />
        <title>A bill to amend title 38, United States Code, to provide for the removal or demotion of employees of the Department of Veterans Affairs based on performance or misconduct, and for other purposes.</title>
        <parentTitleType />
        <chamberCode />
      </item>
    </titles>
    <amendments />
    <cboCostEstimates />
    <billNumber>152</billNumber>
    <billType>S</billType>
    <actions>
      <actionTypeCounts>
        <referredToCommittee>1</referredToCommittee>
        <introducedInSenate>1</introducedInSenate>
      </actionTypeCounts>
      <actionByCounts>
        <senate>2</senate>
      </actionByCounts>
      <item>
        <actionDate>2017-01-17</actionDate>
        <committee>
          <systemCode>ssva00</systemCode>
          <name>Veterans' Affairs Committee</name>
        </committee>
        <links />
        <sourceSystem>
          <name>Senate</name>
          <code>0</code>
        </sourceSystem>
        <text>Read twice and referred to the Committee on Veterans' Affairs.</text>
        <type>IntroReferral</type>
      </item>
      <item>
        <links />
        <sourceSystem>
          <name>Library of Congress</name>
          <code>9</code>
        </sourceSystem>
        <actionCode>10000</actionCode>
        <type>IntroReferral</type>
        <actionDate>2017-01-17</actionDate>
        <committee />
        <text>Introduced in Senate</text>
      </item>
    </actions>
    <calendarNumbers />
    <cosponsors>
      <item>
        <middleName>SIDNEY</middleName>
        <party>R</party>
        <fullName>Sen. McCain, John [R-AZ]</fullName>
        <state>AZ</state>
        <firstName>JOHN</firstName>
        <lastName>MCCAIN</lastName>
        <bioguideId>M000303</bioguideId>
        <sponsorshipDate>2017-01-17</sponsorshipDate>
        <isOriginalCosponsor>True</isOriginalCosponsor>
        <sponsorshipWithdrawnDate />
        <identifiers>
          <lisID>754</lisID>
          <bioguideId>M000303</bioguideId>
          <gpoId>8253</gpoId>
        </identifiers>
      </item>
      <item>
        <middleName />
        <party>R</party>
        <fullName>Sen. Toomey, Pat [R-PA]</fullName>
        <state>PA</state>
        <firstName>Pat</firstName>
        <lastName>Toomey</lastName>
        <bioguideId>T000461</bioguideId>
        <sponsorshipDate>2017-01-17</sponsorshipDate>
        <isOriginalCosponsor>True</isOriginalCosponsor>
        <sponsorshipWithdrawnDate />
        <identifiers>
          <gpoId />
          <lisID>1594</lisID>
          <bioguideId>T000461</bioguideId>
        </identifiers>
      </item>
    </cosponsors>
    <latestAction>
      <actionDate>2017-01-17</actionDate>
      <links />
      <text>Read twice and referred to the Committee on Veterans' Affairs.</text>
    </latestAction>
    <subjects>
      <billSubjects>
        <legislativeSubjects />
      </billSubjects>
    </subjects>
    <sponsors>
      <item>
        <bioguideId>R000595</bioguideId>
        <lastName>Rubio</lastName>
        <fullName>Sen. Rubio, Marco [R-FL]</fullName>
        <state>FL</state>
        <middleName />
        <byRequestType />
        <firstName>Marco</firstName>
        <party>R</party>
        <identifiers>
          <lisID>2084</lisID>
          <bioguideId>R000595</bioguideId>
          <gpoId>8242</gpoId>
        </identifiers>
      </item>
    </sponsors>
  </bill>
  <dublinCore xmlns:dc="http://purl.org/dc/elements/1.1/">
    <dc:format>text/xml</dc:format>
    <dc:language>EN</dc:language>
    <dc:rights>Pursuant to Title 17 Section 105 of the United States Code, this file is not subject to copyright protection and is in the public domain.</dc:rights>
    <dc:contributor>Congressional Research Service, Library of Congress</dc:contributor>
    <dc:description>This file contains bill summaries and statuses for federal legislation. A bill summary describes the most significant provisions of a piece of legislation and details the effects the legislative text may have on current law and federal programs. Bill summaries are authored by the Congressional Research Service (CRS) of the Library of Congress. As stated in Public Law 91-510 (2 USC 166 (d)(6)), one of the duties of CRS is "to prepare summaries and digests of bills and resolutions of a public general nature introduced in the Senate or House of Representatives". For more information, refer to the User Guide that accompanies this file.</dc:description>
  </dublinCore>
</billStatus>

