<?xml version="1.0" encoding="UTF-8"?>
<billStatus>
  <bill>
    <recordedVotes />
    <latestAction>
      <text>Read twice and referred to the Committee on Health, Education, Labor, and Pensions.</text>
      <actionDate>2017-01-05</actionDate>
      <links />
    </latestAction>
    <summaries>
      <billSummaries />
    </summaries>
    <sponsors>
      <item>
        <party>R</party>
        <identifiers>
          <bioguideId>H001041</bioguideId>
          <lisID>1863</lisID>
          <gpoId>8060</gpoId>
        </identifiers>
        <bioguideId>H001041</bioguideId>
        <lastName>Heller</lastName>
        <fullName>Sen. Heller, Dean [R-NV]</fullName>
        <middleName />
        <state>NV</state>
        <byRequestType />
        <firstName>Dean</firstName>
      </item>
    </sponsors>
    <laws />
    <originChamber>Senate</originChamber>
    <cboCostEstimates />
    <notes />
    <title>End Pay Discrimination Through Information Act</title>
    <congress>115</congress>
    <titles>
      <item>
        <titleType>Short Titles as Introduced</titleType>
        <chamberName />
        <title>End Pay Discrimination Through Information Act</title>
        <parentTitleType />
        <chamberCode />
      </item>
      <item>
        <titleType>Official Title as Introduced</titleType>
        <chamberName />
        <title>A bill to amend the Fair Labor Standards Act of 1938 to improve nonretaliation provisions relating to equal pay requirements.</title>
        <parentTitleType />
        <chamberCode />
      </item>
      <item>
        <titleType>Display Title</titleType>
        <chamberName />
        <title>End Pay Discrimination Through Information Act</title>
        <parentTitleType />
        <chamberCode />
      </item>
    </titles>
    <introducedDate>2017-01-05</introducedDate>
    <committeeReports />
    <billType>S</billType>
    <committees>
      <billCommittees>
        <item>
          <subcommittees />
          <chamber>Senate</chamber>
          <name>Health, Education, Labor, and Pensions Committee</name>
          <activities>
            <item>
              <date>2017-01-05T19:36:37Z</date>
              <name>Referred to</name>
            </item>
          </activities>
          <type>Standing</type>
          <systemCode>sshr00</systemCode>
        </item>
      </billCommittees>
    </committees>
    <policyArea>
      <name>Labor and Employment</name>
    </policyArea>
    <amendments />
    <subjects>
      <billSubjects>
        <legislativeSubjects />
        <policyArea>
          <name>Labor and Employment</name>
        </policyArea>
      </billSubjects>
    </subjects>
    <actions>
      <actionTypeCounts>
        <referredToCommittee>1</referredToCommittee>
        <introducedInSenate>1</introducedInSenate>
      </actionTypeCounts>
      <actionByCounts>
        <senate>2</senate>
      </actionByCounts>
      <item>
        <actionDate>2017-01-05</actionDate>
        <committee>
          <systemCode>sshr00</systemCode>
          <name>Health, Education, Labor, and Pensions Committee</name>
        </committee>
        <links />
        <sourceSystem>
          <name>Senate</name>
          <code>0</code>
        </sourceSystem>
        <text>Read twice and referred to the Committee on Health, Education, Labor, and Pensions.</text>
        <type>IntroReferral</type>
      </item>
      <item>
        <links />
        <sourceSystem>
          <name>Library of Congress</name>
          <code>9</code>
        </sourceSystem>
        <actionCode>10000</actionCode>
        <type>IntroReferral</type>
        <actionDate>2017-01-05</actionDate>
        <committee />
        <text>Introduced in Senate</text>
      </item>
    </actions>
    <calendarNumbers />
    <updateDate>2017-01-20T09:55:48Z</updateDate>
    <billNumber>44</billNumber>
    <cosponsors />
    <createDate>2017-01-06T04:57:27Z</createDate>
    <relatedBills />
  </bill>
  <dublinCore xmlns:dc="http://purl.org/dc/elements/1.1/">
    <dc:format>text/xml</dc:format>
    <dc:language>EN</dc:language>
    <dc:rights>Pursuant to Title 17 Section 105 of the United States Code, this file is not subject to copyright protection and is in the public domain.</dc:rights>
    <dc:contributor>Congressional Research Service, Library of Congress</dc:contributor>
    <dc:description>This file contains bill summaries and statuses for federal legislation. A bill summary describes the most significant provisions of a piece of legislation and details the effects the legislative text may have on current law and federal programs. Bill summaries are authored by the Congressional Research Service (CRS) of the Library of Congress. As stated in Public Law 91-510 (2 USC 166 (d)(6)), one of the duties of CRS is "to prepare summaries and digests of bills and resolutions of a public general nature introduced in the Senate or House of Representatives". For more information, refer to the User Guide that accompanies this file.</dc:description>
  </dublinCore>
</billStatus>

