<?xml version="1.0" encoding="UTF-8"?>
<billStatus>
  <bill>
    <congress>115</congress>
    <billNumber>14</billNumber>
    <cosponsors>
      <item>
        <sponsorshipWithdrawnDate />
        <sponsorshipDate>2017-01-03</sponsorshipDate>
        <party>D</party>
        <state>WV</state>
        <middleName />
        <isOriginalCosponsor>True</isOriginalCosponsor>
        <bioguideId>M001183</bioguideId>
        <lastName>Manchin</lastName>
        <firstName>Joe</firstName>
        <identifiers>
          <lisID>1983</lisID>
          <gpoId>8256</gpoId>
          <bioguideId>M001183</bioguideId>
        </identifiers>
        <fullName>Sen. Manchin, Joe, III [D-WV]</fullName>
      </item>
      <item>
        <sponsorshipWithdrawnDate />
        <sponsorshipDate>2017-01-03</sponsorshipDate>
        <party>R</party>
        <state>WY</state>
        <middleName />
        <isOriginalCosponsor>True</isOriginalCosponsor>
        <bioguideId>B001261</bioguideId>
        <lastName>Barrasso</lastName>
        <firstName>John</firstName>
        <identifiers>
          <bioguideId>B001261</bioguideId>
          <gpoId>8300</gpoId>
          <lisID>1881</lisID>
        </identifiers>
        <fullName>Sen. Barrasso, John [R-WY]</fullName>
      </item>
    </cosponsors>
    <subjects>
      <billSubjects>
        <policyArea>
          <name>Congress</name>
        </policyArea>
        <legislativeSubjects>
          <item>
            <name>Appropriations</name>
          </item>
          <item>
            <name>Budget process</name>
          </item>
          <item>
            <name>Government employee pay, benefits, personnel management</name>
          </item>
          <item>
            <name>Legislative rules and procedure</name>
          </item>
          <item>
            <name>Members of Congress</name>
          </item>
        </legislativeSubjects>
      </billSubjects>
    </subjects>
    <relatedBills />
    <latestAction>
      <links />
      <text>Read twice and referred to the Committee on Homeland Security and Governmental Affairs.</text>
      <actionDate>2017-01-03</actionDate>
    </latestAction>
    <updateDate>2017-01-10T10:33:58Z</updateDate>
    <actions>
      <actionByCounts>
        <senate>2</senate>
      </actionByCounts>
      <item>
        <actionDate>2017-01-03</actionDate>
        <committee>
          <name>Homeland Security and Governmental Affairs Committee</name>
          <systemCode>ssga00</systemCode>
        </committee>
        <links />
        <sourceSystem>
          <name>Senate</name>
          <code>0</code>
        </sourceSystem>
        <text>Read twice and referred to the Committee on Homeland Security and Governmental Affairs.</text>
        <type>IntroReferral</type>
      </item>
      <item>
        <actionDate>2017-01-03</actionDate>
        <type>IntroReferral</type>
        <actionCode>10000</actionCode>
        <committee />
        <text>Introduced in Senate</text>
        <sourceSystem>
          <name>Library of Congress</name>
          <code>9</code>
        </sourceSystem>
        <links />
      </item>
      <actionTypeCounts>
        <introducedInSenate>1</introducedInSenate>
        <referredToCommittee>1</referredToCommittee>
      </actionTypeCounts>
    </actions>
    <billType>S</billType>
    <committeeReports />
    <originChamber>Senate</originChamber>
    <notes />
    <policyArea>
      <name>Congress</name>
    </policyArea>
    <committees>
      <billCommittees>
        <item>
          <chamber>Senate</chamber>
          <name>Homeland Security and Governmental Affairs Committee</name>
          <systemCode>ssga00</systemCode>
          <type>Standing</type>
          <subcommittees />
          <activities>
            <item>
              <date>2017-01-03T18:12:56Z</date>
              <name>Referred to</name>
            </item>
          </activities>
        </item>
      </billCommittees>
    </committees>
    <createDate>2017-01-04T04:47:42Z</createDate>
    <title>No Budget, No Pay Act</title>
    <titles>
      <item>
        <chamberCode />
        <titleType>Short Titles as Introduced</titleType>
        <chamberName />
        <title>No Budget, No Pay Act</title>
        <parentTitleType />
      </item>
      <item>
        <chamberCode />
        <titleType>Official Title as Introduced</titleType>
        <chamberName />
        <title>A bill to provide that Members of Congress may not receive pay after October 1 of any fiscal year in which Congress has not approved a concurrent resolution on the budget and passed the regular appropriations bills.</title>
        <parentTitleType />
      </item>
      <item>
        <chamberCode />
        <titleType>Display Title</titleType>
        <chamberName />
        <title>No Budget, No Pay Act</title>
        <parentTitleType />
      </item>
    </titles>
    <recordedVotes />
    <cboCostEstimates />
    <laws />
    <summaries>
      <billSummaries />
    </summaries>
    <calendarNumbers />
    <introducedDate>2017-01-03</introducedDate>
    <amendments />
    <sponsors>
      <item>
        <lastName>Heller</lastName>
        <identifiers>
          <lisID>1863</lisID>
          <gpoId>8060</gpoId>
          <bioguideId>H001041</bioguideId>
        </identifiers>
        <byRequestType />
        <middleName />
        <state>NV</state>
        <firstName>Dean</firstName>
        <party>R</party>
        <fullName>Sen. Heller, Dean [R-NV]</fullName>
        <bioguideId>H001041</bioguideId>
      </item>
    </sponsors>
  </bill>
  <dublinCore xmlns:dc="http://purl.org/dc/elements/1.1/">
    <dc:format>text/xml</dc:format>
    <dc:language>EN</dc:language>
    <dc:rights>Pursuant to Title 17 Section 105 of the United States Code, this file is not subject to copyright protection and is in the public domain.</dc:rights>
    <dc:contributor>Congressional Research Service, Library of Congress</dc:contributor>
    <dc:description>This file contains bill summaries and statuses for federal legislation. A bill summary describes the most significant provisions of a piece of legislation and details the effects the legislative text may have on current law and federal programs. Bill summaries are authored by the Congressional Research Service (CRS) of the Library of Congress. As stated in Public Law 91-510 (2 USC 166 (d)(6)), one of the duties of CRS is "to prepare summaries and digests of bills and resolutions of a public general nature introduced in the Senate or House of Representatives". For more information, refer to the User Guide that accompanies this file.</dc:description>
  </dublinCore>
</billStatus>

