<?xml version="1.0" encoding="UTF-8"?>
<billStatus>
  <bill>
    <titles>
      <item>
        <chamberCode />
        <titleType>Short Titles as Introduced</titleType>
        <chamberName />
        <title>Agricultural Export Expansion Act of 2017</title>
        <parentTitleType />
      </item>
      <item>
        <chamberCode />
        <titleType>Official Title as Introduced</titleType>
        <chamberName />
        <title>A bill to allow the financing by United States persons of sales of agricultural commodities to Cuba.</title>
        <parentTitleType />
      </item>
      <item>
        <chamberCode />
        <titleType>Display Title</titleType>
        <chamberName />
        <title>Agricultural Export Expansion Act of 2017</title>
        <parentTitleType />
      </item>
      <item>
        <chamberCode />
        <titleType>(Extracted from GPO) Short Titles as Introduced</titleType>
        <chamberName />
        <title>Agricultural Export Expansion Act of 2017</title>
        <parentTitleType />
      </item>
    </titles>
    <notes />
    <latestAction>
      <links />
      <text>Read twice and referred to the Committee on Banking, Housing, and Urban Affairs.</text>
      <actionDate>2017-02-02</actionDate>
    </latestAction>
    <committees>
      <billCommittees>
        <item>
          <type>Standing</type>
          <name>Banking, Housing, and Urban Affairs Committee</name>
          <systemCode>ssbk00</systemCode>
          <chamber>Senate</chamber>
          <activities>
            <item>
              <name>Referred to</name>
              <date>2017-02-02T17:13:10Z</date>
            </item>
          </activities>
          <subcommittees />
        </item>
      </billCommittees>
    </committees>
    <actions>
      <item>
        <actionDate>2017-02-02</actionDate>
        <committee>
          <systemCode>ssbk00</systemCode>
          <name>Banking, Housing, and Urban Affairs Committee</name>
        </committee>
        <links />
        <sourceSystem>
          <code>0</code>
          <name>Senate</name>
        </sourceSystem>
        <text>Read twice and referred to the Committee on Banking, Housing, and Urban Affairs.</text>
        <type>IntroReferral</type>
      </item>
      <item>
        <actionDate>2017-02-02</actionDate>
        <actionCode>10000</actionCode>
        <text>Introduced in Senate</text>
        <committee />
        <links />
        <type>IntroReferral</type>
        <sourceSystem>
          <code>9</code>
          <name>Library of Congress</name>
        </sourceSystem>
      </item>
      <actionTypeCounts>
        <referredToCommittee>1</referredToCommittee>
        <introducedInSenate>1</introducedInSenate>
      </actionTypeCounts>
      <actionByCounts>
        <senate>2</senate>
      </actionByCounts>
    </actions>
    <policyArea>
      <name>Foreign Trade and International Finance</name>
    </policyArea>
    <sponsors>
      <item>
        <fullName>Sen. Heitkamp, Heidi [D-ND]</fullName>
        <party>D</party>
        <bioguideId>H001069</bioguideId>
        <identifiers>
          <bioguideId>H001069</bioguideId>
          <lisID>2174</lisID>
          <gpoId />
        </identifiers>
        <lastName>Heitkamp</lastName>
        <byRequestType />
        <middleName />
        <firstName>Heidi</firstName>
        <state>ND</state>
      </item>
    </sponsors>
    <recordedVotes />
    <updateDate>2018-08-28T20:23:26Z</updateDate>
    <billNumber>275</billNumber>
    <title>Agricultural Export Expansion Act of 2017</title>
    <relatedBills />
    <amendments />
    <version>1.0.0</version>
    <laws />
    <cboCostEstimates />
    <billType>S</billType>
    <createDate>2017-02-03T05:17:31Z</createDate>
    <originChamber>Senate</originChamber>
    <summaries>
      <billSummaries>
        <item>
          <versionCode>00</versionCode>
          <actionDate>2017-02-02</actionDate>
          <actionDesc>Introduced in Senate</actionDesc>
          <name>Introduced in Senate</name>
          <lastSummaryUpdateDate>2017-03-01T22:35:02Z</lastSummaryUpdateDate>
          <text><![CDATA[<p><b>Agricultural Export Expansion Act of 2017</b></p> <p>This bill amends the Trade Sanctions Reform and Export Enhancement Act of 2000 to permit a person subject to the jurisdiction of the United States to provide payment or financing for sales of agricultural commodities to Cuba or to an individual or entity in Cuba. </p>]]></text>
          <updateDate>2017-02-02T05:00:00Z</updateDate>
        </item>
      </billSummaries>
    </summaries>
    <committeeReports />
    <calendarNumbers />
    <cosponsors>
      <item>
        <lastName>Boozman</lastName>
        <middleName />
        <sponsorshipWithdrawnDate />
        <bioguideId>B001236</bioguideId>
        <fullName>Sen. Boozman, John [R-AR]</fullName>
        <identifiers>
          <gpoId>8247</gpoId>
          <lisID>1687</lisID>
          <bioguideId>B001236</bioguideId>
        </identifiers>
        <sponsorshipDate>2017-02-02</sponsorshipDate>
        <state>AR</state>
        <firstName>John</firstName>
        <isOriginalCosponsor>True</isOriginalCosponsor>
        <party>R</party>
      </item>
      <item>
        <lastName>UDALL</lastName>
        <middleName />
        <sponsorshipWithdrawnDate />
        <bioguideId>U000039</bioguideId>
        <fullName>Sen. Udall, Tom [D-NM]</fullName>
        <identifiers>
          <lisID>1567</lisID>
          <bioguideId>U000039</bioguideId>
          <gpoId>8260</gpoId>
        </identifiers>
        <sponsorshipDate>2017-02-02</sponsorshipDate>
        <state>NM</state>
        <firstName>TOM</firstName>
        <isOriginalCosponsor>True</isOriginalCosponsor>
        <party>D</party>
      </item>
      <item>
        <lastName>LEAHY</lastName>
        <middleName>JOSEPH</middleName>
        <sponsorshipWithdrawnDate />
        <bioguideId>L000174</bioguideId>
        <fullName>Sen. Leahy, Patrick J. [D-VT]</fullName>
        <identifiers>
          <bioguideId>L000174</bioguideId>
          <lisID>1383</lisID>
          <gpoId>8244</gpoId>
        </identifiers>
        <sponsorshipDate>2017-02-02</sponsorshipDate>
        <state>VT</state>
        <firstName>PATRICK</firstName>
        <isOriginalCosponsor>True</isOriginalCosponsor>
        <party>D</party>
      </item>
      <item>
        <lastName>DURBIN</lastName>
        <middleName>J.</middleName>
        <sponsorshipWithdrawnDate />
        <bioguideId>D000563</bioguideId>
        <fullName>Sen. Durbin, Richard J. [D-IL]</fullName>
        <identifiers>
          <gpoId>8326</gpoId>
          <lisID>326</lisID>
          <bioguideId>D000563</bioguideId>
        </identifiers>
        <sponsorshipDate>2017-02-02</sponsorshipDate>
        <state>IL</state>
        <firstName>RICHARD</firstName>
        <isOriginalCosponsor>True</isOriginalCosponsor>
        <party>D</party>
      </item>
      <item>
        <lastName>Klobuchar</lastName>
        <middleName />
        <sponsorshipWithdrawnDate />
        <bioguideId>K000367</bioguideId>
        <fullName>Sen. Klobuchar, Amy [D-MN]</fullName>
        <identifiers>
          <lisID>1826</lisID>
          <bioguideId>K000367</bioguideId>
          <gpoId>8249</gpoId>
        </identifiers>
        <sponsorshipDate>2017-02-02</sponsorshipDate>
        <state>MN</state>
        <firstName>Amy</firstName>
        <isOriginalCosponsor>True</isOriginalCosponsor>
        <party>D</party>
      </item>
      <item>
        <lastName>King</lastName>
        <middleName />
        <sponsorshipWithdrawnDate />
        <bioguideId>K000383</bioguideId>
        <fullName>Sen. King, Angus S., Jr. [I-ME]</fullName>
        <identifiers>
          <bioguideId>K000383</bioguideId>
          <lisID>2185</lisID>
          <gpoId />
        </identifiers>
        <sponsorshipDate>2017-02-02</sponsorshipDate>
        <state>ME</state>
        <firstName>Angus</firstName>
        <isOriginalCosponsor>True</isOriginalCosponsor>
        <party>I</party>
      </item>
      <item>
        <lastName>COLLINS</lastName>
        <middleName>MARGARET</middleName>
        <sponsorshipWithdrawnDate />
        <bioguideId>C001035</bioguideId>
        <fullName>Sen. Collins, Susan M. [R-ME]</fullName>
        <identifiers>
          <lisID>1541</lisID>
          <bioguideId>C001035</bioguideId>
          <gpoId>8291</gpoId>
        </identifiers>
        <sponsorshipDate>2017-02-02</sponsorshipDate>
        <state>ME</state>
        <firstName>SUSAN</firstName>
        <isOriginalCosponsor>True</isOriginalCosponsor>
        <party>R</party>
      </item>
      <item>
        <lastName>STABENOW</lastName>
        <middleName>ANN</middleName>
        <sponsorshipWithdrawnDate />
        <bioguideId>S000770</bioguideId>
        <fullName>Sen. Stabenow, Debbie [D-MI]</fullName>
        <identifiers>
          <lisID>1531</lisID>
          <gpoId>8261</gpoId>
          <bioguideId>S000770</bioguideId>
        </identifiers>
        <sponsorshipDate>2017-02-02</sponsorshipDate>
        <state>MI</state>
        <firstName>DEBORAH</firstName>
        <isOriginalCosponsor>True</isOriginalCosponsor>
        <party>D</party>
      </item>
      <item>
        <lastName>Donnelly</lastName>
        <middleName />
        <sponsorshipWithdrawnDate />
        <bioguideId>D000607</bioguideId>
        <fullName>Sen. Donnelly, Joe [D-IN]</fullName>
        <identifiers>
          <lisID>1850</lisID>
          <gpoId>7941</gpoId>
          <bioguideId>D000607</bioguideId>
        </identifiers>
        <sponsorshipDate>2017-02-02</sponsorshipDate>
        <state>IN</state>
        <firstName>Joe</firstName>
        <isOriginalCosponsor>True</isOriginalCosponsor>
        <party>D</party>
      </item>
      <item>
        <lastName>BALDWIN</lastName>
        <middleName />
        <sponsorshipWithdrawnDate />
        <bioguideId>B001230</bioguideId>
        <fullName>Sen. Baldwin, Tammy [D-WI]</fullName>
        <identifiers>
          <bioguideId>B001230</bioguideId>
          <gpoId>8215</gpoId>
          <lisID>1558</lisID>
        </identifiers>
        <sponsorshipDate>2017-02-02</sponsorshipDate>
        <state>WI</state>
        <firstName>TAMMY</firstName>
        <isOriginalCosponsor>True</isOriginalCosponsor>
        <party>D</party>
      </item>
      <item>
        <lastName>WYDEN</lastName>
        <middleName />
        <sponsorshipWithdrawnDate />
        <bioguideId>W000779</bioguideId>
        <fullName>Sen. Wyden, Ron [D-OR]</fullName>
        <identifiers>
          <bioguideId>W000779</bioguideId>
          <gpoId>8265</gpoId>
          <lisID>1247</lisID>
        </identifiers>
        <sponsorshipDate>2017-02-02</sponsorshipDate>
        <state>OR</state>
        <firstName>RON</firstName>
        <isOriginalCosponsor>True</isOriginalCosponsor>
        <party>D</party>
      </item>
      <item>
        <lastName>Warner</lastName>
        <middleName>R.</middleName>
        <sponsorshipWithdrawnDate />
        <bioguideId>W000805</bioguideId>
        <fullName>Sen. Warner, Mark R. [D-VA]</fullName>
        <identifiers>
          <lisID>1897</lisID>
          <gpoId>8269</gpoId>
          <bioguideId>W000805</bioguideId>
        </identifiers>
        <sponsorshipDate>2017-02-02</sponsorshipDate>
        <state>VA</state>
        <firstName>Mark</firstName>
        <isOriginalCosponsor>True</isOriginalCosponsor>
        <party>D</party>
      </item>
      <item>
        <lastName>Cochran</lastName>
        <middleName />
        <sponsorshipWithdrawnDate />
        <bioguideId>C000567</bioguideId>
        <fullName>Sen. Cochran, Thad [R-MS]</fullName>
        <identifiers>
          <lisID>213</lisID>
          <bioguideId>C000567</bioguideId>
          <gpoId>8292</gpoId>
        </identifiers>
        <sponsorshipDate>2017-02-02</sponsorshipDate>
        <state>MS</state>
        <firstName>Thad</firstName>
        <isOriginalCosponsor>True</isOriginalCosponsor>
        <party>R</party>
      </item>
      <item>
        <lastName>Bennet</lastName>
        <middleName>F.</middleName>
        <sponsorshipWithdrawnDate />
        <bioguideId>B001267</bioguideId>
        <fullName>Sen. Bennet, Michael F. [D-CO]</fullName>
        <identifiers>
          <bioguideId>B001267</bioguideId>
          <lisID>1965</lisID>
          <gpoId>8302</gpoId>
        </identifiers>
        <sponsorshipDate>2017-02-27</sponsorshipDate>
        <state>CO</state>
        <firstName>Michael</firstName>
        <isOriginalCosponsor>False</isOriginalCosponsor>
        <party>D</party>
      </item>
      <item>
        <lastName>MORAN</lastName>
        <middleName />
        <sponsorshipWithdrawnDate />
        <bioguideId>M000934</bioguideId>
        <fullName>Sen. Moran, Jerry [R-KS]</fullName>
        <identifiers>
          <lisID>1507</lisID>
          <bioguideId>M000934</bioguideId>
          <gpoId>8307</gpoId>
        </identifiers>
        <sponsorshipDate>2017-03-15</sponsorshipDate>
        <state>KS</state>
        <firstName>JERRY</firstName>
        <isOriginalCosponsor>False</isOriginalCosponsor>
        <party>R</party>
      </item>
      <item>
        <lastName>Duckworth</lastName>
        <middleName />
        <sponsorshipWithdrawnDate />
        <bioguideId>D000622</bioguideId>
        <fullName>Sen. Duckworth, Tammy [D-IL]</fullName>
        <identifiers>
          <gpoId />
          <lisID>2123</lisID>
          <bioguideId>D000622</bioguideId>
        </identifiers>
        <sponsorshipDate>2017-05-03</sponsorshipDate>
        <state>IL</state>
        <firstName>Tammy</firstName>
        <isOriginalCosponsor>False</isOriginalCosponsor>
        <party>D</party>
      </item>
      <item>
        <lastName>ENZI</lastName>
        <middleName>B.</middleName>
        <sponsorshipWithdrawnDate />
        <bioguideId>E000285</bioguideId>
        <fullName>Sen. Enzi, Michael B. [R-WY]</fullName>
        <identifiers>
          <bioguideId>E000285</bioguideId>
          <lisID>1542</lisID>
          <gpoId>8328</gpoId>
        </identifiers>
        <sponsorshipDate>2018-06-19</sponsorshipDate>
        <state>WY</state>
        <firstName>MICHAEL</firstName>
        <isOriginalCosponsor>False</isOriginalCosponsor>
        <party>R</party>
      </item>
    </cosponsors>
    <introducedDate>2017-02-02</introducedDate>
    <congress>115</congress>
    <subjects>
      <billSubjects>
        <policyArea>
          <name>Foreign Trade and International Finance</name>
        </policyArea>
        <legislativeSubjects>
          <item>
            <name>Agricultural trade</name>
          </item>
          <item>
            <name>Caribbean area</name>
          </item>
          <item>
            <name>Cuba</name>
          </item>
          <item>
            <name>Latin America</name>
          </item>
          <item>
            <name>Sanctions</name>
          </item>
          <item>
            <name>Trade restrictions</name>
          </item>
        </legislativeSubjects>
      </billSubjects>
    </subjects>
  </bill>
  <dublinCore xmlns:dc="http://purl.org/dc/elements/1.1/">
    <dc:format>text/xml</dc:format>
    <dc:language>EN</dc:language>
    <dc:rights>Pursuant to Title 17 Section 105 of the United States Code, this file is not subject to copyright protection and is in the public domain.</dc:rights>
    <dc:contributor>Congressional Research Service, Library of Congress</dc:contributor>
    <dc:description>This file contains bill summaries and statuses for federal legislation. A bill summary describes the most significant provisions of a piece of legislation and details the effects the legislative text may have on current law and federal programs. Bill summaries are authored by the Congressional Research Service (CRS) of the Library of Congress. As stated in Public Law 91-510 (2 USC 166 (d)(6)), one of the duties of CRS is "to prepare summaries and digests of bills and resolutions of a public general nature introduced in the Senate or House of Representatives". For more information, refer to the User Guide that accompanies this file.</dc:description>
  </dublinCore>
</billStatus>

