<?xml version="1.0" encoding="UTF-8"?>
<billStatus>
  <bill>
    <calendarNumbers />
    <amendments />
    <committeeReports />
    <laws />
    <summaries>
      <billSummaries>
        <item>
          <updateDate>2017-02-06T05:00:00Z</updateDate>
          <actionDate>2017-02-06</actionDate>
          <lastSummaryUpdateDate>2017-03-04T17:22:33Z</lastSummaryUpdateDate>
          <text><![CDATA[<p><strong>Vietnam Helicopter Crew Monument Act</strong></p> <p>This bill directs the Department of the Army to place in Arlington National Cemetery a monument honoring helicopter pilots and crew members who were killed while serving on active duty in the Armed Forces during the Vietnam era, subject to an agreement with the Vietnam Helicopter Pilots Association under which the association shall pay all site preparation, construction, installation, and maintenance costs for the memorial.</p> <p> The Army shall remove the Vietnam Helicopter Pilots Association Memorial Tree and place the monument where the tree stood.</p>]]></text>
          <actionDesc>Introduced in Senate</actionDesc>
          <versionCode>00</versionCode>
          <name>Introduced in Senate</name>
        </item>
      </billSummaries>
    </summaries>
    <relatedBills>
      <item>
        <latestTitle>Vietnam Helicopter Crew Monument Act</latestTitle>
        <number>877</number>
        <latestAction>
          <text>Referred to the Subcommittee on Military Personnel.</text>
          <actionDate>2017-02-24</actionDate>
        </latestAction>
        <type>HR</type>
        <congress>115</congress>
        <relationshipDetails>
          <item>
            <identifiedBy>CRS</identifiedBy>
            <type>Identical bill</type>
          </item>
        </relationshipDetails>
      </item>
    </relatedBills>
    <createDate>2017-02-07T09:43:12Z</createDate>
    <latestAction>
      <links />
      <actionDate>2017-02-06</actionDate>
      <text>Read twice and referred to the Committee on Veterans' Affairs.</text>
    </latestAction>
    <sponsors>
      <item>
        <party>R</party>
        <state>AK</state>
        <bioguideId>S001198</bioguideId>
        <middleName />
        <lastName>Sullivan</lastName>
        <fullName>Sen. Sullivan, Dan  [R-AK]</fullName>
        <firstName>Dan</firstName>
        <byRequestType />
        <identifiers>
          <bioguideId>S001198</bioguideId>
          <lisID>2290</lisID>
          <gpoId />
        </identifiers>
      </item>
    </sponsors>
    <billNumber>315</billNumber>
    <updateDate>2018-08-28T20:23:34Z</updateDate>
    <cboCostEstimates />
    <notes />
    <titles>
      <item>
        <chamberName />
        <chamberCode />
        <titleType>Short Titles as Introduced</titleType>
        <title>Vietnam Helicopter Crew Monument Act</title>
        <parentTitleType />
      </item>
      <item>
        <chamberName />
        <chamberCode />
        <titleType>Official Title as Introduced</titleType>
        <title>A bill to direct the Secretary of the Army to place in Arlington National Cemetery a monument honoring the helicopter pilots and crewmembers who were killed while serving on active duty in the Armed Forces during the Vietnam era, and for other purposes.</title>
        <parentTitleType />
      </item>
      <item>
        <chamberName />
        <chamberCode />
        <titleType>Display Title</titleType>
        <title>Vietnam Helicopter Crew Monument Act</title>
        <parentTitleType />
      </item>
      <item>
        <chamberName />
        <chamberCode />
        <titleType>(Extracted from GPO) Short Titles as Introduced</titleType>
        <title>Vietnam Helicopter Crew Monument Act</title>
        <parentTitleType />
      </item>
    </titles>
    <introducedDate>2017-02-06</introducedDate>
    <subjects>
      <billSubjects>
        <policyArea>
          <name>Armed Forces and National Security</name>
        </policyArea>
        <legislativeSubjects>
          <item>
            <name>Asia</name>
          </item>
          <item>
            <name>Aviation and airports</name>
          </item>
          <item>
            <name>Cemeteries and funerals</name>
          </item>
          <item>
            <name>Conflicts and wars</name>
          </item>
          <item>
            <name>Forests, forestry, trees</name>
          </item>
          <item>
            <name>Monuments and memorials</name>
          </item>
          <item>
            <name>Veterans' organizations and recognition</name>
          </item>
          <item>
            <name>Vietnam</name>
          </item>
          <item>
            <name>Virginia</name>
          </item>
        </legislativeSubjects>
      </billSubjects>
    </subjects>
    <billType>S</billType>
    <originChamber>Senate</originChamber>
    <title>Vietnam Helicopter Crew Monument Act</title>
    <cosponsors>
      <item>
        <fullName>Sen. Baldwin, Tammy [D-WI]</fullName>
        <firstName>TAMMY</firstName>
        <lastName>BALDWIN</lastName>
        <identifiers>
          <bioguideId>B001230</bioguideId>
          <gpoId>8215</gpoId>
          <lisID>1558</lisID>
        </identifiers>
        <state>WI</state>
        <bioguideId>B001230</bioguideId>
        <sponsorshipWithdrawnDate />
        <party>D</party>
        <isOriginalCosponsor>True</isOriginalCosponsor>
        <sponsorshipDate>2017-02-06</sponsorshipDate>
        <middleName />
      </item>
      <item>
        <fullName>Sen. Boozman, John [R-AR]</fullName>
        <firstName>John</firstName>
        <lastName>Boozman</lastName>
        <identifiers>
          <gpoId>8247</gpoId>
          <lisID>1687</lisID>
          <bioguideId>B001236</bioguideId>
        </identifiers>
        <state>AR</state>
        <bioguideId>B001236</bioguideId>
        <sponsorshipWithdrawnDate />
        <party>R</party>
        <isOriginalCosponsor>True</isOriginalCosponsor>
        <sponsorshipDate>2017-02-06</sponsorshipDate>
        <middleName />
      </item>
      <item>
        <fullName>Sen. Cotton, Tom [R-AR]</fullName>
        <firstName>Tom</firstName>
        <lastName>Cotton</lastName>
        <identifiers>
          <gpoId />
          <lisID>2098</lisID>
          <bioguideId>C001095</bioguideId>
        </identifiers>
        <state>AR</state>
        <bioguideId>C001095</bioguideId>
        <sponsorshipWithdrawnDate />
        <party>R</party>
        <isOriginalCosponsor>True</isOriginalCosponsor>
        <sponsorshipDate>2017-02-06</sponsorshipDate>
        <middleName />
      </item>
      <item>
        <fullName>Sen. King, Angus S., Jr. [I-ME]</fullName>
        <firstName>Angus</firstName>
        <lastName>King</lastName>
        <identifiers>
          <bioguideId>K000383</bioguideId>
          <lisID>2185</lisID>
          <gpoId />
        </identifiers>
        <state>ME</state>
        <bioguideId>K000383</bioguideId>
        <sponsorshipWithdrawnDate />
        <party>I</party>
        <isOriginalCosponsor>True</isOriginalCosponsor>
        <sponsorshipDate>2017-02-06</sponsorshipDate>
        <middleName />
      </item>
      <item>
        <fullName>Sen. Manchin, Joe, III [D-WV]</fullName>
        <firstName>Joe</firstName>
        <lastName>Manchin</lastName>
        <identifiers>
          <lisID>1983</lisID>
          <bioguideId>M001183</bioguideId>
          <gpoId>8256</gpoId>
        </identifiers>
        <state>WV</state>
        <bioguideId>M001183</bioguideId>
        <sponsorshipWithdrawnDate />
        <party>D</party>
        <isOriginalCosponsor>True</isOriginalCosponsor>
        <sponsorshipDate>2017-02-06</sponsorshipDate>
        <middleName />
      </item>
      <item>
        <fullName>Sen. Tillis, Thom [R-NC]</fullName>
        <firstName>Thomas</firstName>
        <lastName>Tillis</lastName>
        <identifiers>
          <lisID>2291</lisID>
          <bioguideId>T000476</bioguideId>
          <gpoId />
        </identifiers>
        <state>NC</state>
        <bioguideId>T000476</bioguideId>
        <sponsorshipWithdrawnDate />
        <party>R</party>
        <isOriginalCosponsor>True</isOriginalCosponsor>
        <sponsorshipDate>2017-02-06</sponsorshipDate>
        <middleName>Roland</middleName>
      </item>
      <item>
        <fullName>Sen. Rounds, Mike  [R-SD]</fullName>
        <firstName>Mike</firstName>
        <lastName>Rounds</lastName>
        <identifiers>
          <lisID>2288</lisID>
          <bioguideId>R000605</bioguideId>
          <gpoId />
        </identifiers>
        <state>SD</state>
        <bioguideId>R000605</bioguideId>
        <sponsorshipWithdrawnDate />
        <party>R</party>
        <isOriginalCosponsor>False</isOriginalCosponsor>
        <sponsorshipDate>2017-02-07</sponsorshipDate>
        <middleName />
      </item>
      <item>
        <fullName>Sen. Brown, Sherrod [D-OH]</fullName>
        <firstName>SHERROD</firstName>
        <lastName>BROWN</lastName>
        <identifiers>
          <bioguideId>B000944</bioguideId>
          <lisID>136</lisID>
          <gpoId>8309</gpoId>
        </identifiers>
        <state>OH</state>
        <bioguideId>B000944</bioguideId>
        <sponsorshipWithdrawnDate />
        <party>D</party>
        <isOriginalCosponsor>False</isOriginalCosponsor>
        <sponsorshipDate>2017-02-07</sponsorshipDate>
        <middleName />
      </item>
      <item>
        <fullName>Sen. Cornyn, John [R-TX]</fullName>
        <firstName>John</firstName>
        <lastName>Cornyn</lastName>
        <identifiers>
          <bioguideId>C001056</bioguideId>
          <lisID>1692</lisID>
          <gpoId>8295</gpoId>
        </identifiers>
        <state>TX</state>
        <bioguideId>C001056</bioguideId>
        <sponsorshipWithdrawnDate />
        <party>R</party>
        <isOriginalCosponsor>False</isOriginalCosponsor>
        <sponsorshipDate>2017-02-10</sponsorshipDate>
        <middleName />
      </item>
      <item>
        <fullName>Sen. Tester, Jon [D-MT]</fullName>
        <firstName>Jon</firstName>
        <lastName>Tester</lastName>
        <identifiers>
          <lisID>1829</lisID>
          <gpoId>8258</gpoId>
          <bioguideId>T000464</bioguideId>
        </identifiers>
        <state>MT</state>
        <bioguideId>T000464</bioguideId>
        <sponsorshipWithdrawnDate />
        <party>D</party>
        <isOriginalCosponsor>False</isOriginalCosponsor>
        <sponsorshipDate>2017-02-16</sponsorshipDate>
        <middleName />
      </item>
      <item>
        <fullName>Sen. Heller, Dean [R-NV]</fullName>
        <firstName>Dean</firstName>
        <lastName>Heller</lastName>
        <identifiers>
          <lisID>1863</lisID>
          <gpoId>8060</gpoId>
          <bioguideId>H001041</bioguideId>
        </identifiers>
        <state>NV</state>
        <bioguideId>H001041</bioguideId>
        <sponsorshipWithdrawnDate />
        <party>R</party>
        <isOriginalCosponsor>False</isOriginalCosponsor>
        <sponsorshipDate>2017-03-01</sponsorshipDate>
        <middleName />
      </item>
      <item>
        <fullName>Sen. Johnson, Ron [R-WI]</fullName>
        <firstName>Ron</firstName>
        <lastName>Johnson</lastName>
        <identifiers>
          <lisID>2086</lisID>
          <bioguideId>J000293</bioguideId>
          <gpoId>8355</gpoId>
        </identifiers>
        <state>WI</state>
        <bioguideId>J000293</bioguideId>
        <sponsorshipWithdrawnDate />
        <party>R</party>
        <isOriginalCosponsor>False</isOriginalCosponsor>
        <sponsorshipDate>2017-03-07</sponsorshipDate>
        <middleName />
      </item>
      <item>
        <fullName>Sen. Feinstein, Dianne [D-CA]</fullName>
        <firstName>DIANNE</firstName>
        <lastName>FEINSTEIN</lastName>
        <identifiers>
          <lisID>1332</lisID>
          <bioguideId>F000062</bioguideId>
          <gpoId>8338</gpoId>
        </identifiers>
        <state>CA</state>
        <bioguideId>F000062</bioguideId>
        <sponsorshipWithdrawnDate />
        <party>D</party>
        <isOriginalCosponsor>False</isOriginalCosponsor>
        <sponsorshipDate>2017-05-15</sponsorshipDate>
        <middleName />
      </item>
    </cosponsors>
    <recordedVotes />
    <policyArea>
      <name>Armed Forces and National Security</name>
    </policyArea>
    <committees>
      <billCommittees>
        <item>
          <systemCode>ssva00</systemCode>
          <type>Standing</type>
          <activities>
            <item>
              <date>2017-02-06T22:25:15Z</date>
              <name>Referred to</name>
            </item>
          </activities>
          <name>Veterans' Affairs Committee</name>
          <subcommittees />
          <chamber>Senate</chamber>
        </item>
      </billCommittees>
    </committees>
    <actions>
      <item>
        <actionDate>2017-02-06</actionDate>
        <committee>
          <systemCode>ssva00</systemCode>
          <name>Veterans' Affairs Committee</name>
        </committee>
        <links />
        <sourceSystem>
          <code>0</code>
          <name>Senate</name>
        </sourceSystem>
        <text>Read twice and referred to the Committee on Veterans' Affairs.</text>
        <type>IntroReferral</type>
      </item>
      <item>
        <actionDate>2017-02-06</actionDate>
        <actionCode>10000</actionCode>
        <text>Introduced in Senate</text>
        <committee />
        <links />
        <type>IntroReferral</type>
        <sourceSystem>
          <code>9</code>
          <name>Library of Congress</name>
        </sourceSystem>
      </item>
      <actionTypeCounts>
        <referredToCommittee>1</referredToCommittee>
        <introducedInSenate>1</introducedInSenate>
      </actionTypeCounts>
      <actionByCounts>
        <senate>2</senate>
      </actionByCounts>
    </actions>
    <version>1.0.0</version>
    <congress>115</congress>
  </bill>
  <dublinCore xmlns:dc="http://purl.org/dc/elements/1.1/">
    <dc:format>text/xml</dc:format>
    <dc:language>EN</dc:language>
    <dc:rights>Pursuant to Title 17 Section 105 of the United States Code, this file is not subject to copyright protection and is in the public domain.</dc:rights>
    <dc:contributor>Congressional Research Service, Library of Congress</dc:contributor>
    <dc:description>This file contains bill summaries and statuses for federal legislation. A bill summary describes the most significant provisions of a piece of legislation and details the effects the legislative text may have on current law and federal programs. Bill summaries are authored by the Congressional Research Service (CRS) of the Library of Congress. As stated in Public Law 91-510 (2 USC 166 (d)(6)), one of the duties of CRS is "to prepare summaries and digests of bills and resolutions of a public general nature introduced in the Senate or House of Representatives". For more information, refer to the User Guide that accompanies this file.</dc:description>
  </dublinCore>
</billStatus>

