<?xml version="1.0" encoding="UTF-8"?>
<billStatus>
  <bill>
    <committeeReports />
    <updateDate>2018-08-28T20:25:21Z</updateDate>
    <laws />
    <billType>S</billType>
    <subjects>
      <billSubjects>
        <legislativeSubjects>
          <item>
            <name>Health care costs and insurance</name>
          </item>
          <item>
            <name>Military medicine</name>
          </item>
          <item>
            <name>Military personnel and dependents</name>
          </item>
          <item>
            <name>National Guard and reserves</name>
          </item>
        </legislativeSubjects>
        <policyArea>
          <name>Armed Forces and National Security</name>
        </policyArea>
      </billSubjects>
    </subjects>
    <policyArea>
      <name>Armed Forces and National Security</name>
    </policyArea>
    <recordedVotes />
    <originChamber>Senate</originChamber>
    <latestAction>
      <text>Read twice and referred to the Committee on Armed Services.</text>
      <links />
      <actionDate>2017-03-29</actionDate>
    </latestAction>
    <billNumber>766</billNumber>
    <introducedDate>2017-03-29</introducedDate>
    <cosponsors>
      <item>
        <party>R</party>
        <state>ME</state>
        <bioguideId>C001035</bioguideId>
        <sponsorshipWithdrawnDate />
        <lastName>COLLINS</lastName>
        <fullName>Sen. Collins, Susan M. [R-ME]</fullName>
        <firstName>SUSAN</firstName>
        <sponsorshipDate>2017-04-04</sponsorshipDate>
        <middleName>MARGARET</middleName>
        <isOriginalCosponsor>False</isOriginalCosponsor>
        <identifiers>
          <lisID>1541</lisID>
          <gpoId>8291</gpoId>
          <bioguideId>C001035</bioguideId>
        </identifiers>
      </item>
      <item>
        <party>D</party>
        <state>MT</state>
        <bioguideId>T000464</bioguideId>
        <sponsorshipWithdrawnDate />
        <lastName>Tester</lastName>
        <fullName>Sen. Tester, Jon [D-MT]</fullName>
        <firstName>Jon</firstName>
        <sponsorshipDate>2017-04-04</sponsorshipDate>
        <middleName />
        <isOriginalCosponsor>False</isOriginalCosponsor>
        <identifiers>
          <gpoId>8258</gpoId>
          <lisID>1829</lisID>
          <bioguideId>T000464</bioguideId>
        </identifiers>
      </item>
      <item>
        <party>D</party>
        <state>NH</state>
        <bioguideId>S001181</bioguideId>
        <sponsorshipWithdrawnDate />
        <lastName>Shaheen</lastName>
        <fullName>Sen. Shaheen, Jeanne [D-NH]</fullName>
        <firstName>Jeanne</firstName>
        <sponsorshipDate>2017-04-24</sponsorshipDate>
        <middleName />
        <isOriginalCosponsor>False</isOriginalCosponsor>
        <identifiers>
          <lisID>1901</lisID>
          <gpoId>8276</gpoId>
          <bioguideId>S001181</bioguideId>
        </identifiers>
      </item>
      <item>
        <party>R</party>
        <state>GA</state>
        <bioguideId>P000612</bioguideId>
        <sponsorshipWithdrawnDate />
        <lastName>Perdue</lastName>
        <fullName>Sen. Perdue, David [R-GA]</fullName>
        <firstName>David</firstName>
        <sponsorshipDate>2017-04-24</sponsorshipDate>
        <middleName>Alfred</middleName>
        <isOriginalCosponsor>False</isOriginalCosponsor>
        <identifiers>
          <bioguideId>P000612</bioguideId>
          <lisID>2286</lisID>
          <gpoId />
        </identifiers>
      </item>
      <item>
        <party>R</party>
        <state>SD</state>
        <bioguideId>R000605</bioguideId>
        <sponsorshipWithdrawnDate />
        <lastName>Rounds</lastName>
        <fullName>Sen. Rounds, Mike  [R-SD]</fullName>
        <firstName>Mike</firstName>
        <sponsorshipDate>2017-04-24</sponsorshipDate>
        <middleName />
        <isOriginalCosponsor>False</isOriginalCosponsor>
        <identifiers>
          <lisID>2288</lisID>
          <gpoId />
          <bioguideId>R000605</bioguideId>
        </identifiers>
      </item>
      <item>
        <party>D</party>
        <state>ND</state>
        <bioguideId>H001069</bioguideId>
        <sponsorshipWithdrawnDate />
        <lastName>Heitkamp</lastName>
        <fullName>Sen. Heitkamp, Heidi [D-ND]</fullName>
        <firstName>Heidi</firstName>
        <sponsorshipDate>2017-04-24</sponsorshipDate>
        <middleName />
        <isOriginalCosponsor>False</isOriginalCosponsor>
        <identifiers>
          <lisID>2174</lisID>
          <gpoId />
          <bioguideId>H001069</bioguideId>
        </identifiers>
      </item>
      <item>
        <party>D</party>
        <state>MN</state>
        <bioguideId>K000367</bioguideId>
        <sponsorshipWithdrawnDate />
        <lastName>Klobuchar</lastName>
        <fullName>Sen. Klobuchar, Amy [D-MN]</fullName>
        <firstName>Amy</firstName>
        <sponsorshipDate>2017-05-01</sponsorshipDate>
        <middleName />
        <isOriginalCosponsor>False</isOriginalCosponsor>
        <identifiers>
          <lisID>1826</lisID>
          <gpoId>8249</gpoId>
          <bioguideId>K000367</bioguideId>
        </identifiers>
      </item>
      <item>
        <party>D</party>
        <state>MD</state>
        <bioguideId>C000141</bioguideId>
        <sponsorshipWithdrawnDate />
        <lastName>CARDIN</lastName>
        <fullName>Sen. Cardin, Benjamin L. [D-MD]</fullName>
        <firstName>BENJAMIN</firstName>
        <sponsorshipDate>2017-05-01</sponsorshipDate>
        <middleName>L.</middleName>
        <isOriginalCosponsor>False</isOriginalCosponsor>
        <identifiers>
          <lisID>174</lisID>
          <bioguideId>C000141</bioguideId>
          <gpoId>8287</gpoId>
        </identifiers>
      </item>
      <item>
        <party>R</party>
        <state>MS</state>
        <bioguideId>W000437</bioguideId>
        <sponsorshipWithdrawnDate />
        <lastName>WICKER</lastName>
        <fullName>Sen. Wicker, Roger F. [R-MS]</fullName>
        <firstName>ROGER</firstName>
        <sponsorshipDate>2017-05-02</sponsorshipDate>
        <middleName>F.</middleName>
        <isOriginalCosponsor>False</isOriginalCosponsor>
        <identifiers>
          <lisID>1226</lisID>
          <bioguideId>W000437</bioguideId>
          <gpoId>8263</gpoId>
        </identifiers>
      </item>
      <item>
        <party>R</party>
        <state>ND</state>
        <bioguideId>H001061</bioguideId>
        <sponsorshipWithdrawnDate />
        <lastName>Hoeven</lastName>
        <fullName>Sen. Hoeven, John [R-ND]</fullName>
        <firstName>John</firstName>
        <sponsorshipDate>2017-05-03</sponsorshipDate>
        <middleName />
        <isOriginalCosponsor>False</isOriginalCosponsor>
        <identifiers>
          <gpoId>8331</gpoId>
          <lisID>2079</lisID>
          <bioguideId>H001061</bioguideId>
        </identifiers>
      </item>
      <item>
        <party>R</party>
        <state>LA</state>
        <bioguideId>K000393</bioguideId>
        <sponsorshipWithdrawnDate />
        <lastName>Kennedy</lastName>
        <fullName>Sen. Kennedy, John [R-LA]</fullName>
        <firstName>John</firstName>
        <sponsorshipDate>2017-05-16</sponsorshipDate>
        <middleName>Neely</middleName>
        <isOriginalCosponsor>False</isOriginalCosponsor>
        <identifiers>
          <lisID>2303</lisID>
          <gpoId />
          <bioguideId>K000393</bioguideId>
        </identifiers>
      </item>
      <item>
        <party>R</party>
        <state>SD</state>
        <bioguideId>T000250</bioguideId>
        <sponsorshipWithdrawnDate />
        <lastName>THUNE</lastName>
        <fullName>Sen. Thune, John [R-SD]</fullName>
        <firstName>JOHN</firstName>
        <sponsorshipDate>2017-05-22</sponsorshipDate>
        <middleName>R.</middleName>
        <isOriginalCosponsor>False</isOriginalCosponsor>
        <identifiers>
          <lisID>1534</lisID>
          <bioguideId>T000250</bioguideId>
          <gpoId>8257</gpoId>
        </identifiers>
      </item>
      <item>
        <party>D</party>
        <state>MN</state>
        <bioguideId>F000457</bioguideId>
        <sponsorshipWithdrawnDate />
        <lastName>Franken</lastName>
        <fullName>Sen. Franken, Al [D-MN]</fullName>
        <firstName>Al</firstName>
        <sponsorshipDate>2017-06-05</sponsorshipDate>
        <middleName />
        <isOriginalCosponsor>False</isOriginalCosponsor>
        <identifiers>
          <gpoId>8339</gpoId>
          <lisID>1969</lisID>
          <bioguideId>F000457</bioguideId>
        </identifiers>
      </item>
    </cosponsors>
    <committees>
      <billCommittees>
        <item>
          <systemCode>ssas00</systemCode>
          <type>Standing</type>
          <activities>
            <item>
              <date>2017-03-29T20:45:47Z</date>
              <name>Referred to</name>
            </item>
          </activities>
          <name>Armed Services Committee</name>
          <subcommittees />
          <chamber>Senate</chamber>
        </item>
      </billCommittees>
    </committees>
    <notes />
    <relatedBills>
      <item>
        <latestAction>
          <actionDate>2017-04-12</actionDate>
          <text>Referred to the Subcommittee on Military Personnel.</text>
        </latestAction>
        <relationshipDetails>
          <item>
            <identifiedBy>CRS</identifiedBy>
            <type>Identical bill</type>
          </item>
        </relationshipDetails>
        <congress>115</congress>
        <latestTitle>To amend titles 10 and 32, United States Code, to improve and enhance authorities relating to the employment, use, status, and benefits of military technicians (dual status), and for other purposes.</latestTitle>
        <type>HR</type>
        <number>1777</number>
      </item>
    </relatedBills>
    <title>A bill to amend titles 10 and 32, United States Code, to improve and enhance authorities relating to the employment, use, status, and benefits of military technicians (dual status), and for other purposes.</title>
    <sponsors>
      <item>
        <fullName>Sen. Manchin, Joe, III [D-WV]</fullName>
        <firstName>Joe</firstName>
        <lastName>Manchin</lastName>
        <state>WV</state>
        <bioguideId>M001183</bioguideId>
        <party>D</party>
        <identifiers>
          <lisID>1983</lisID>
          <bioguideId>M001183</bioguideId>
          <gpoId>8256</gpoId>
        </identifiers>
        <byRequestType />
        <middleName />
      </item>
    </sponsors>
    <congress>115</congress>
    <version>1.0.0</version>
    <amendments />
    <titles>
      <item>
        <chamberCode />
        <titleType>Official Title as Introduced</titleType>
        <chamberName />
        <title>A bill to amend titles 10 and 32, United States Code, to improve and enhance authorities relating to the employment, use, status, and benefits of military technicians (dual status), and for other purposes.</title>
        <parentTitleType />
      </item>
      <item>
        <chamberCode />
        <titleType>Display Title</titleType>
        <chamberName />
        <title>A bill to amend titles 10 and 32, United States Code, to improve and enhance authorities relating to the employment, use, status, and benefits of military technicians (dual status), and for other purposes.</title>
        <parentTitleType />
      </item>
    </titles>
    <createDate>2017-03-30T04:33:14Z</createDate>
    <cboCostEstimates />
    <calendarNumbers />
    <actions>
      <item>
        <actionDate>2017-03-29</actionDate>
        <committee>
          <systemCode>ssas00</systemCode>
          <name>Armed Services Committee</name>
        </committee>
        <links />
        <sourceSystem>
          <code>0</code>
          <name>Senate</name>
        </sourceSystem>
        <text>Read twice and referred to the Committee on Armed Services.</text>
        <type>IntroReferral</type>
      </item>
      <item>
        <actionDate>2017-03-29</actionDate>
        <actionCode>10000</actionCode>
        <text>Introduced in Senate</text>
        <committee />
        <links />
        <type>IntroReferral</type>
        <sourceSystem>
          <code>9</code>
          <name>Library of Congress</name>
        </sourceSystem>
      </item>
      <actionTypeCounts>
        <referredToCommittee>1</referredToCommittee>
        <introducedInSenate>1</introducedInSenate>
      </actionTypeCounts>
      <actionByCounts>
        <senate>2</senate>
      </actionByCounts>
    </actions>
    <summaries>
      <billSummaries>
        <item>
          <text><![CDATA[<p>This bill revises provisions concerning military technicians (dual status), including by: (1) transferring authority to issue regulations regarding the employment, use, and status of such technicians from the Departments of the Army and the Air Force to the Department of Defense (DOD); and (2) requiring that such individuals be outside the competitive service and be appointed and administered by an adjutant general.</p> <p>An individual who becomes employed as such a technician while already a member of a reserve component of the armed forces shall not have to repay any enlistment, reenlistment, or affiliation bonus provided before such employment.</p> <p>The bill: (1) makes such technicians eligible for TRICARE, and (2) sets forth FY2018 end strengths for the Army National Guard and the Air National Guard.</p> <p>The National Defense Authorization Act for Fiscal Year 2016 is amended to reduce from 20% to 4.8% the percentage of technician positions filled in administration, clerical, finance, and office service occupations as of October 1, 2017, that DOD must convert to civilian positions.</p> <p> A governor or the commanding general of the District of Columbia National Guard may order a member of the National Guard to perform active Guard and Reserve duty in support of state missions.</p> <p>The bill modifies personnel management authorities of the Chief of the National Guard Bureau, including by requiring adjutants general to exercise the Chief's authority to employ, administer, and assign certain persons within their jurisdictions.</p>]]></text>
          <lastSummaryUpdateDate>2017-12-13T14:56:44Z</lastSummaryUpdateDate>
          <actionDesc>Introduced in Senate</actionDesc>
          <updateDate>2017-03-29T04:00:00Z</updateDate>
          <name>Introduced in Senate</name>
          <versionCode>00</versionCode>
          <actionDate>2017-03-29</actionDate>
        </item>
      </billSummaries>
    </summaries>
  </bill>
  <dublinCore xmlns:dc="http://purl.org/dc/elements/1.1/">
    <dc:format>text/xml</dc:format>
    <dc:language>EN</dc:language>
    <dc:rights>Pursuant to Title 17 Section 105 of the United States Code, this file is not subject to copyright protection and is in the public domain.</dc:rights>
    <dc:contributor>Congressional Research Service, Library of Congress</dc:contributor>
    <dc:description>This file contains bill summaries and statuses for federal legislation. A bill summary describes the most significant provisions of a piece of legislation and details the effects the legislative text may have on current law and federal programs. Bill summaries are authored by the Congressional Research Service (CRS) of the Library of Congress. As stated in Public Law 91-510 (2 USC 166 (d)(6)), one of the duties of CRS is "to prepare summaries and digests of bills and resolutions of a public general nature introduced in the Senate or House of Representatives". For more information, refer to the User Guide that accompanies this file.</dc:description>
  </dublinCore>
</billStatus>

