<?xml version="1.0" encoding="UTF-8"?>
<billStatus>
  <bill>
    <recordedVotes />
    <latestAction>
      <text>Read twice and referred to the Committee on Finance. (Sponsor introductory remarks on measure: CR S60-61)</text>
      <actionDate>2017-01-04</actionDate>
      <links />
    </latestAction>
    <summaries>
      <billSummaries>
        <item>
          <updateDate>2017-01-04T05:00:00Z</updateDate>
          <actionDate>2017-01-04</actionDate>
          <name>Introduced in Senate</name>
          <text><![CDATA[<p><b>Health Savings Account Expansion Act of 201</b><b>7</b></p> <p>This bill amends the Internal Revenue Code to modify the requirements for health savings accounts (HSAs) to:</p> <ul> <li> increase the maximum contribution amounts, </li> <li> permit the use of HSAs to pay health insurance premiums and direct primary care expenses, </li> <li> repeal the restriction on using HSAs for over-the-counter medications, </li> <li> eliminate the requirement that a participant in an HSA be enrolled in a high deductible health care plan, and </li> <li> decrease the additional tax for HSA distributions not used for qualified medical expenses. </li> </ul>]]></text>
          <actionDesc>Introduced in Senate</actionDesc>
          <versionCode>00</versionCode>
          <lastSummaryUpdateDate>2017-01-13T14:59:34Z</lastSummaryUpdateDate>
        </item>
      </billSummaries>
    </summaries>
    <sponsors>
      <item>
        <party>R</party>
        <identifiers>
          <lisID>1633</lisID>
          <gpoId>7803</gpoId>
          <bioguideId>F000444</bioguideId>
        </identifiers>
        <bioguideId>F000444</bioguideId>
        <lastName>FLAKE</lastName>
        <fullName>Sen. Flake, Jeff [R-AZ]</fullName>
        <middleName />
        <state>AZ</state>
        <byRequestType />
        <firstName>JEFF</firstName>
      </item>
    </sponsors>
    <laws />
    <originChamber>Senate</originChamber>
    <cboCostEstimates />
    <notes />
    <title>Health Savings Account Expansion Act of 2017</title>
    <congress>115</congress>
    <titles>
      <item>
        <chamberName />
        <chamberCode />
        <titleType>Short Titles as Introduced</titleType>
        <parentTitleType />
        <title>Health Savings Account Expansion Act of 2017</title>
      </item>
      <item>
        <chamberName />
        <chamberCode />
        <titleType>Official Title as Introduced</titleType>
        <parentTitleType />
        <title>A bill to amend the Internal Revenue Code of 1986 to expand the permissible use of health savings accounts to include health insurance payments and to increase the dollar limitation for contributions to health savings accounts, and for other purposes.</title>
      </item>
      <item>
        <chamberName />
        <chamberCode />
        <titleType>Display Title</titleType>
        <parentTitleType />
        <title>Health Savings Account Expansion Act of 2017</title>
      </item>
    </titles>
    <introducedDate>2017-01-04</introducedDate>
    <committeeReports />
    <billType>S</billType>
    <committees>
      <billCommittees>
        <item>
          <type>Standing</type>
          <subcommittees />
          <systemCode>ssfi00</systemCode>
          <name>Finance Committee</name>
          <chamber>Senate</chamber>
          <activities>
            <item>
              <date>2017-01-04T20:43:59Z</date>
              <name>Referred to</name>
            </item>
          </activities>
        </item>
      </billCommittees>
    </committees>
    <policyArea>
      <name>Taxation</name>
    </policyArea>
    <amendments />
    <subjects>
      <billSubjects>
        <policyArea>
          <name>Taxation</name>
        </policyArea>
        <legislativeSubjects>
          <item>
            <name>Health care costs and insurance</name>
          </item>
          <item>
            <name>Health care coverage and access</name>
          </item>
          <item>
            <name>Income tax deductions</name>
          </item>
          <item>
            <name>Income tax rates</name>
          </item>
        </legislativeSubjects>
      </billSubjects>
    </subjects>
    <actions>
      <actionTypeCounts>
        <referredToCommittee>1</referredToCommittee>
        <introducedInSenate>1</introducedInSenate>
      </actionTypeCounts>
      <actionByCounts>
        <senate>2</senate>
      </actionByCounts>
      <item>
        <actionDate>2017-01-04</actionDate>
        <committee>
          <systemCode>ssfi00</systemCode>
          <name>Finance Committee</name>
        </committee>
        <links>
          <link>
            <url>https://www.congress.gov/congressional-record/volume-163/senate-section/page/S60-61</url>
            <name>S60-61</name>
          </link>
        </links>
        <sourceSystem>
          <name>Senate</name>
          <code>0</code>
        </sourceSystem>
        <text>Read twice and referred to the Committee on Finance. (Sponsor introductory remarks on measure: CR S60-61)</text>
        <type>IntroReferral</type>
      </item>
      <item>
        <links />
        <sourceSystem>
          <name>Library of Congress</name>
          <code>9</code>
        </sourceSystem>
        <actionCode>10000</actionCode>
        <type>IntroReferral</type>
        <actionDate>2017-01-04</actionDate>
        <committee />
        <text>Introduced in Senate</text>
      </item>
    </actions>
    <calendarNumbers />
    <updateDate>2017-01-19T09:53:56Z</updateDate>
    <billNumber>28</billNumber>
    <cosponsors>
      <item>
        <bioguideId>J000293</bioguideId>
        <sponsorshipWithdrawnDate />
        <sponsorshipDate>2017-01-04</sponsorshipDate>
        <lastName>Johnson</lastName>
        <isOriginalCosponsor>True</isOriginalCosponsor>
        <fullName>Sen. Johnson, Ron [R-WI]</fullName>
        <state>WI</state>
        <middleName />
        <firstName>Ron</firstName>
        <party>R</party>
        <identifiers>
          <lisID>2086</lisID>
          <gpoId>8355</gpoId>
          <bioguideId>J000293</bioguideId>
        </identifiers>
      </item>
    </cosponsors>
    <createDate>2017-01-05T04:47:34Z</createDate>
    <relatedBills>
      <item>
        <relationshipDetails>
          <item>
            <type>Identical bill</type>
            <identifiedBy>CRS</identifiedBy>
          </item>
          <item>
            <type>Related bill</type>
            <identifiedBy>CRS</identifiedBy>
          </item>
        </relationshipDetails>
        <latestAction>
          <actionDate>2017-01-04</actionDate>
          <text>Referred to the House Committee on Ways and Means.</text>
        </latestAction>
        <number>247</number>
        <latestTitle>Health Savings Account Expansion Act of 2017</latestTitle>
        <type>HR</type>
        <congress>115</congress>
      </item>
    </relatedBills>
  </bill>
  <dublinCore xmlns:dc="http://purl.org/dc/elements/1.1/">
    <dc:format>text/xml</dc:format>
    <dc:language>EN</dc:language>
    <dc:rights>Pursuant to Title 17 Section 105 of the United States Code, this file is not subject to copyright protection and is in the public domain.</dc:rights>
    <dc:contributor>Congressional Research Service, Library of Congress</dc:contributor>
    <dc:description>This file contains bill summaries and statuses for federal legislation. A bill summary describes the most significant provisions of a piece of legislation and details the effects the legislative text may have on current law and federal programs. Bill summaries are authored by the Congressional Research Service (CRS) of the Library of Congress. As stated in Public Law 91-510 (2 USC 166 (d)(6)), one of the duties of CRS is "to prepare summaries and digests of bills and resolutions of a public general nature introduced in the Senate or House of Representatives". For more information, refer to the User Guide that accompanies this file.</dc:description>
  </dublinCore>
</billStatus>

