<?xml version="1.0" encoding="UTF-8"?>
<billStatus>
  <bill>
    <notes />
    <congress>115</congress>
    <committees>
      <billCommittees>
        <item>
          <activities>
            <item>
              <name>Referred to</name>
              <date>2017-02-16T20:51:43Z</date>
            </item>
          </activities>
          <name>Finance Committee</name>
          <type>Standing</type>
          <chamber>Senate</chamber>
          <subcommittees />
          <systemCode>ssfi00</systemCode>
        </item>
      </billCommittees>
    </committees>
    <committeeReports />
    <cboCostEstimates />
    <title>Social Security Expansion Act</title>
    <laws />
    <updateDate>2018-08-28T20:24:02Z</updateDate>
    <relatedBills>
      <item>
        <congress>115</congress>
        <latestAction>
          <actionDate>2017-03-01</actionDate>
          <text>Referred to the Subcommittee on Social Security.</text>
        </latestAction>
        <relationshipDetails>
          <item>
            <type>Related bill</type>
            <identifiedBy>CRS</identifiedBy>
          </item>
        </relationshipDetails>
        <type>HR</type>
        <latestTitle>Social Security Expansion Act</latestTitle>
        <number>1114</number>
      </item>
      <item>
        <congress>115</congress>
        <latestAction>
          <actionDate>2017-06-20</actionDate>
          <text>Referred to the Subcommittee on Social Security.</text>
        </latestAction>
        <relationshipDetails>
          <item>
            <type>Related bill</type>
            <identifiedBy>CRS</identifiedBy>
          </item>
        </relationshipDetails>
        <type>HR</type>
        <latestTitle>Social Security for Future Generations Act of 2017</latestTitle>
        <number>2855</number>
      </item>
    </relatedBills>
    <version>1.0.0</version>
    <actions>
      <actionTypeCounts>
        <introducedInSenate>1</introducedInSenate>
        <referredToCommittee>1</referredToCommittee>
      </actionTypeCounts>
      <item>
        <actionDate>2017-02-16</actionDate>
        <committee>
          <systemCode>ssfi00</systemCode>
          <name>Finance Committee</name>
        </committee>
        <links />
        <sourceSystem>
          <name>Senate</name>
          <code>0</code>
        </sourceSystem>
        <text>Read twice and referred to the Committee on Finance.</text>
        <type>IntroReferral</type>
      </item>
      <item>
        <actionDate>2017-02-16</actionDate>
        <links />
        <text>Introduced in Senate</text>
        <type>IntroReferral</type>
        <actionCode>10000</actionCode>
        <sourceSystem>
          <name>Library of Congress</name>
          <code>9</code>
        </sourceSystem>
        <committee />
      </item>
      <actionByCounts>
        <senate>2</senate>
      </actionByCounts>
    </actions>
    <sponsors>
      <item>
        <fullName>Sen. Sanders, Bernard [I-VT]</fullName>
        <identifiers>
          <gpoId>8270</gpoId>
          <lisID>1010</lisID>
          <bioguideId>S000033</bioguideId>
        </identifiers>
        <bioguideId>S000033</bioguideId>
        <lastName>SANDERS</lastName>
        <firstName>BERNARD</firstName>
        <party>I</party>
        <byRequestType />
        <middleName />
        <state>VT</state>
      </item>
    </sponsors>
    <billType>S</billType>
    <policyArea>
      <name>Social Welfare</name>
    </policyArea>
    <recordedVotes />
    <billNumber>427</billNumber>
    <titles>
      <item>
        <chamberName />
        <chamberCode />
        <titleType>Short Titles as Introduced</titleType>
        <title>Social Security Expansion Act</title>
        <parentTitleType />
      </item>
      <item>
        <chamberName />
        <chamberCode />
        <titleType>Official Title as Introduced</titleType>
        <title>A bill to enhance Social Security benefits and ensure the long-term solvency of the Social Security program.</title>
        <parentTitleType />
      </item>
      <item>
        <chamberName />
        <chamberCode />
        <titleType>Display Title</titleType>
        <title>Social Security Expansion Act</title>
        <parentTitleType />
      </item>
      <item>
        <chamberName />
        <chamberCode />
        <titleType>(Extracted from GPO) Short Titles as Introduced</titleType>
        <title>Social Security Expansion Act</title>
        <parentTitleType />
      </item>
    </titles>
    <originChamber>Senate</originChamber>
    <subjects>
      <billSubjects>
        <policyArea>
          <name>Social Welfare</name>
        </policyArea>
        <legislativeSubjects>
          <item>
            <name>Aging</name>
          </item>
          <item>
            <name>Employment taxes</name>
          </item>
          <item>
            <name>Government trust funds</name>
          </item>
          <item>
            <name>Inflation and prices</name>
          </item>
          <item>
            <name>Interest, dividends, interest rates</name>
          </item>
          <item>
            <name>Self-employed</name>
          </item>
          <item>
            <name>Social security and elderly assistance</name>
          </item>
          <item>
            <name>Wages and earnings</name>
          </item>
        </legislativeSubjects>
      </billSubjects>
    </subjects>
    <cosponsors>
      <item>
        <lastName>Gillibrand</lastName>
        <state>NY</state>
        <middleName>E.</middleName>
        <party>D</party>
        <bioguideId>G000555</bioguideId>
        <sponsorshipDate>2017-02-16</sponsorshipDate>
        <firstName>Kirsten</firstName>
        <sponsorshipWithdrawnDate />
        <identifiers>
          <bioguideId>G000555</bioguideId>
          <lisID>1866</lisID>
          <gpoId>8336</gpoId>
        </identifiers>
        <fullName>Sen. Gillibrand, Kirsten E. [D-NY]</fullName>
        <isOriginalCosponsor>True</isOriginalCosponsor>
      </item>
      <item>
        <lastName>Merkley</lastName>
        <state>OR</state>
        <middleName />
        <party>D</party>
        <bioguideId>M001176</bioguideId>
        <sponsorshipDate>2018-03-21</sponsorshipDate>
        <firstName>Jeff</firstName>
        <sponsorshipWithdrawnDate />
        <identifiers>
          <bioguideId>M001176</bioguideId>
          <gpoId>8238</gpoId>
          <lisID>1900</lisID>
        </identifiers>
        <fullName>Sen. Merkley, Jeff [D-OR]</fullName>
        <isOriginalCosponsor>False</isOriginalCosponsor>
      </item>
      <item>
        <lastName>Harris</lastName>
        <state>CA</state>
        <middleName>D.</middleName>
        <party>D</party>
        <bioguideId>H001075</bioguideId>
        <sponsorshipDate>2018-04-23</sponsorshipDate>
        <firstName>Kamala</firstName>
        <sponsorshipWithdrawnDate />
        <identifiers>
          <bioguideId>H001075</bioguideId>
          <lisID>2301</lisID>
          <gpoId />
        </identifiers>
        <fullName>Sen. Harris, Kamala D. [D-CA]</fullName>
        <isOriginalCosponsor>False</isOriginalCosponsor>
      </item>
      <item>
        <lastName>Booker</lastName>
        <state>NJ</state>
        <middleName>A.</middleName>
        <party>D</party>
        <bioguideId>B001288</bioguideId>
        <sponsorshipDate>2018-07-17</sponsorshipDate>
        <firstName>Cory</firstName>
        <sponsorshipWithdrawnDate />
        <identifiers>
          <gpoId />
          <lisID>2194</lisID>
          <bioguideId>B001288</bioguideId>
        </identifiers>
        <fullName>Sen. Booker, Cory A. [D-NJ]</fullName>
        <isOriginalCosponsor>False</isOriginalCosponsor>
      </item>
    </cosponsors>
    <introducedDate>2017-02-16</introducedDate>
    <calendarNumbers />
    <latestAction>
      <actionDate>2017-02-16</actionDate>
      <links />
      <text>Read twice and referred to the Committee on Finance.</text>
    </latestAction>
    <amendments />
    <summaries>
      <billSummaries>
        <item>
          <actionDesc>Introduced in Senate</actionDesc>
          <name>Introduced in Senate</name>
          <text><![CDATA[<p><b>Social Security Expansion Act</b></p> <p>This bill amends title II (Old Age, Survivors, and Disability Insurance) of the Social Security Act to: (1) increase the primary insurance amount for all eligible beneficiaries, beginning in 2023; (2) revise computation of cost-of-living adjustments to use the Consumer Price Index for Elderly Consumers; and (3) increase the special minimum primary insurance amount for lifetime low earners based on years in the workforce.</p> <p>This bill amends the Internal Revenue Code to: (1) apply employment and self-employment taxes to remuneration up to the contribution and benefit base and to remuneration in excess of $250,000, and (2) increase the tax rate on investment gain from 3.8% to 10% and allocate specified amounts of such tax revenue to the Federal Old-Age and Survivors Insurance Trust Fund and the Federal Disability Insurance Trust Fund.</p>]]></text>
          <versionCode>00</versionCode>
          <lastSummaryUpdateDate>2017-09-21T22:17:25Z</lastSummaryUpdateDate>
          <updateDate>2017-02-16T05:00:00Z</updateDate>
          <actionDate>2017-02-16</actionDate>
        </item>
      </billSummaries>
    </summaries>
    <createDate>2017-02-17T09:06:58Z</createDate>
  </bill>
  <dublinCore xmlns:dc="http://purl.org/dc/elements/1.1/">
    <dc:format>text/xml</dc:format>
    <dc:language>EN</dc:language>
    <dc:rights>Pursuant to Title 17 Section 105 of the United States Code, this file is not subject to copyright protection and is in the public domain.</dc:rights>
    <dc:contributor>Congressional Research Service, Library of Congress</dc:contributor>
    <dc:description>This file contains bill summaries and statuses for federal legislation. A bill summary describes the most significant provisions of a piece of legislation and details the effects the legislative text may have on current law and federal programs. Bill summaries are authored by the Congressional Research Service (CRS) of the Library of Congress. As stated in Public Law 91-510 (2 USC 166 (d)(6)), one of the duties of CRS is "to prepare summaries and digests of bills and resolutions of a public general nature introduced in the Senate or House of Representatives". For more information, refer to the User Guide that accompanies this file.</dc:description>
  </dublinCore>
</billStatus>

