<?xml version="1.0" encoding="UTF-8"?>
<billStatus>
  <bill>
    <title>Pacific Defenders of World War II Congressional Gold Medal Act</title>
    <originChamber>Senate</originChamber>
    <updateDate>2018-08-28T20:24:07Z</updateDate>
    <calendarNumbers />
    <subjects>
      <billSubjects>
        <legislativeSubjects>
          <item>
            <name>Asia</name>
          </item>
          <item>
            <name>China</name>
          </item>
          <item>
            <name>Conflicts and wars</name>
          </item>
          <item>
            <name>Congressional tributes</name>
          </item>
          <item>
            <name>Guam</name>
          </item>
          <item>
            <name>Japan</name>
          </item>
          <item>
            <name>Military history</name>
          </item>
          <item>
            <name>Military personnel and dependents</name>
          </item>
          <item>
            <name>North Korea</name>
          </item>
          <item>
            <name>Philippines</name>
          </item>
          <item>
            <name>South Korea</name>
          </item>
          <item>
            <name>Veterans' organizations and recognition</name>
          </item>
        </legislativeSubjects>
        <policyArea>
          <name>Armed Forces and National Security</name>
        </policyArea>
      </billSubjects>
    </subjects>
    <version>1.0.0</version>
    <billType>S</billType>
    <latestAction>
      <text>Read twice and referred to the Committee on Banking, Housing, and Urban Affairs.</text>
      <links />
      <actionDate>2017-02-27</actionDate>
    </latestAction>
    <policyArea>
      <name>Armed Forces and National Security</name>
    </policyArea>
    <relatedBills />
    <introducedDate>2017-02-27</introducedDate>
    <actions>
      <item>
        <actionDate>2017-02-27</actionDate>
        <committee>
          <systemCode>ssbk00</systemCode>
          <name>Banking, Housing, and Urban Affairs Committee</name>
        </committee>
        <links />
        <sourceSystem>
          <code>0</code>
          <name>Senate</name>
        </sourceSystem>
        <text>Read twice and referred to the Committee on Banking, Housing, and Urban Affairs.</text>
        <type>IntroReferral</type>
      </item>
      <item>
        <text>Introduced in Senate</text>
        <type>IntroReferral</type>
        <links />
        <actionDate>2017-02-27</actionDate>
        <sourceSystem>
          <code>9</code>
          <name>Library of Congress</name>
        </sourceSystem>
        <committee />
        <actionCode>10000</actionCode>
      </item>
      <actionByCounts>
        <senate>2</senate>
      </actionByCounts>
      <actionTypeCounts>
        <introducedInSenate>1</introducedInSenate>
        <referredToCommittee>1</referredToCommittee>
      </actionTypeCounts>
    </actions>
    <laws />
    <congress>115</congress>
    <committeeReports />
    <billNumber>450</billNumber>
    <cboCostEstimates />
    <cosponsors>
      <item>
        <fullName>Sen. Nelson, Bill [D-FL]</fullName>
        <party>D</party>
        <bioguideId>N000032</bioguideId>
        <identifiers>
          <lisID>859</lisID>
          <gpoId>8236</gpoId>
          <bioguideId>N000032</bioguideId>
        </identifiers>
        <lastName>NELSON</lastName>
        <sponsorshipDate>2017-05-17</sponsorshipDate>
        <middleName>WILLIAM</middleName>
        <isOriginalCosponsor>False</isOriginalCosponsor>
        <firstName>CLARENCE</firstName>
        <state>FL</state>
        <sponsorshipWithdrawnDate />
      </item>
      <item>
        <fullName>Sen. Crapo, Mike [R-ID]</fullName>
        <party>R</party>
        <bioguideId>C000880</bioguideId>
        <identifiers>
          <lisID>250</lisID>
          <bioguideId>C000880</bioguideId>
          <gpoId>8289</gpoId>
        </identifiers>
        <lastName>CRAPO</lastName>
        <sponsorshipDate>2017-06-19</sponsorshipDate>
        <middleName>D.</middleName>
        <isOriginalCosponsor>False</isOriginalCosponsor>
        <firstName>MICHAEL</firstName>
        <state>ID</state>
        <sponsorshipWithdrawnDate />
      </item>
    </cosponsors>
    <summaries>
      <billSummaries>
        <item>
          <updateDate>2017-02-27T05:00:00Z</updateDate>
          <versionCode>00</versionCode>
          <name>Introduced in Senate</name>
          <text><![CDATA[<p><strong>Pacific Defenders of World War II Congressional Gold Medal Act</strong></p> <p>This bill directs the Speaker of the House of Representatives and the President pro tempore of the Senate to arrange for the presentation of a Congressional Gold Medal in commemoration of members of the Armed Forces who fought in defense of Guam, Wake Island, and the Philippine Archipelago between December 7, 1941, and May 10, 1942, and who died or were imprisoned by the Japanese military in the Philippines, Japan, Korea, Manchuria, Wake Island, and Guam from April 9, 1942, until September 2, 1945, in recognition of their personal sacrifice and service to the United States. </p> <p>Following its presentation, the gold medal shall be given to the Smithsonian Institution where it shall be displayed and made available for research. </p> <p>]]></text>
          <actionDate>2017-02-27</actionDate>
          <actionDesc>Introduced in Senate</actionDesc>
          <lastSummaryUpdateDate>2017-06-20T20:10:50Z</lastSummaryUpdateDate>
        </item>
      </billSummaries>
    </summaries>
    <committees>
      <billCommittees>
        <item>
          <systemCode>ssbk00</systemCode>
          <subcommittees />
          <activities>
            <item>
              <name>Referred to</name>
              <date>2017-02-27T21:57:07Z</date>
            </item>
          </activities>
          <name>Banking, Housing, and Urban Affairs Committee</name>
          <chamber>Senate</chamber>
          <type>Standing</type>
        </item>
      </billCommittees>
    </committees>
    <notes />
    <amendments />
    <recordedVotes />
    <createDate>2017-02-28T05:17:32Z</createDate>
    <sponsors>
      <item>
        <bioguideId>M001183</bioguideId>
        <party>D</party>
        <firstName>Joe</firstName>
        <fullName>Sen. Manchin, Joe, III [D-WV]</fullName>
        <state>WV</state>
        <lastName>Manchin</lastName>
        <middleName />
        <identifiers>
          <bioguideId>M001183</bioguideId>
          <lisID>1983</lisID>
          <gpoId>8256</gpoId>
        </identifiers>
        <byRequestType />
      </item>
    </sponsors>
    <titles>
      <item>
        <parentTitleType />
        <titleType>Short Titles as Introduced</titleType>
        <chamberCode />
        <title>Pacific Defenders of World War II Congressional Gold Medal Act</title>
        <chamberName />
      </item>
      <item>
        <parentTitleType />
        <titleType>Official Title as Introduced</titleType>
        <chamberCode />
        <title>A bill to award a Congressional Gold Medal to members of the Armed Forces who fought in defense of Guam, Wake Island, and the Philippine Archipelago between December 7, 1941 and May 10, 1942, and who died or were imprisoned by the Japanese military in the Philippines, Japan, Korea, Manchuria, Wake Island, and Guam from April 9, 1942 until September 2, 1945, in recognition of their personal sacrifice and service to the United States.</title>
        <chamberName />
      </item>
      <item>
        <parentTitleType />
        <titleType>Display Title</titleType>
        <chamberCode />
        <title>Pacific Defenders of World War II Congressional Gold Medal Act</title>
        <chamberName />
      </item>
      <item>
        <parentTitleType />
        <titleType>(Extracted from GPO) Short Titles as Introduced</titleType>
        <chamberCode />
        <title>Pacific Defenders of World War II Congressional Gold Medal Act</title>
        <chamberName />
      </item>
    </titles>
  </bill>
  <dublinCore xmlns:dc="http://purl.org/dc/elements/1.1/">
    <dc:format>text/xml</dc:format>
    <dc:language>EN</dc:language>
    <dc:rights>Pursuant to Title 17 Section 105 of the United States Code, this file is not subject to copyright protection and is in the public domain.</dc:rights>
    <dc:contributor>Congressional Research Service, Library of Congress</dc:contributor>
    <dc:description>This file contains bill summaries and statuses for federal legislation. A bill summary describes the most significant provisions of a piece of legislation and details the effects the legislative text may have on current law and federal programs. Bill summaries are authored by the Congressional Research Service (CRS) of the Library of Congress. As stated in Public Law 91-510 (2 USC 166 (d)(6)), one of the duties of CRS is "to prepare summaries and digests of bills and resolutions of a public general nature introduced in the Senate or House of Representatives". For more information, refer to the User Guide that accompanies this file.</dc:description>
  </dublinCore>
</billStatus>

