<?xml version="1.0" encoding="UTF-8"?>
<billStatus>
  <bill>
    <title>Small Business Cyber Training Act of 2017</title>
    <originChamber>Senate</originChamber>
    <updateDate>2018-08-28T20:28:22Z</updateDate>
    <calendarNumbers>
      <item>
        <calendar>Senate Calendar of Business</calendar>
        <number>0199</number>
      </item>
    </calendarNumbers>
    <subjects>
      <billSubjects>
        <legislativeSubjects>
          <item>
            <name>Business education</name>
          </item>
          <item>
            <name>Computer security and identity theft</name>
          </item>
          <item>
            <name>Licensing and registrations</name>
          </item>
          <item>
            <name>Small business</name>
          </item>
        </legislativeSubjects>
        <policyArea>
          <name>Commerce</name>
        </policyArea>
      </billSubjects>
    </subjects>
    <version>1.0.0</version>
    <billType>S</billType>
    <latestAction>
      <text>Committee on Small Business and Entrepreneurship. Hearings held.</text>
      <links />
      <actionDate>2018-04-25</actionDate>
    </latestAction>
    <policyArea>
      <name>Commerce</name>
    </policyArea>
    <relatedBills>
      <item>
        <latestTitle>Small Business Cyber Training Act of 2017</latestTitle>
        <relationshipDetails>
          <item>
            <type>Related bill</type>
            <identifiedBy>CRS</identifiedBy>
          </item>
        </relationshipDetails>
        <number>3002</number>
        <latestAction>
          <actionDate>2017-06-22</actionDate>
          <text>Referred to the House Committee on Small Business.</text>
        </latestAction>
        <congress>115</congress>
        <type>HR</type>
      </item>
      <item>
        <latestTitle>Small Business Development Center Cyber Training Act of 2017</latestTitle>
        <relationshipDetails>
          <item>
            <type>Related bill</type>
            <identifiedBy>CRS</identifiedBy>
          </item>
        </relationshipDetails>
        <number>3170</number>
        <latestAction>
          <actionDate>2018-05-09</actionDate>
          <text>Received in the Senate and Read twice and referred to the Committee on Small Business and Entrepreneurship.</text>
        </latestAction>
        <congress>115</congress>
        <type>HR</type>
      </item>
    </relatedBills>
    <introducedDate>2017-06-26</introducedDate>
    <actions>
      <item>
        <actionDate>2018-04-25</actionDate>
        <committee>
          <systemCode>sssb00</systemCode>
          <name>Small Business and Entrepreneurship Committee</name>
        </committee>
        <links />
        <sourceSystem>
          <code>0</code>
          <name>Senate</name>
        </sourceSystem>
        <text>Committee on Small Business and Entrepreneurship. Hearings held.</text>
        <type>Committee</type>
      </item>
      <item>
        <actionDate>2017-08-02</actionDate>
        <committee />
        <links />
        <sourceSystem>
          <code>0</code>
          <name>Senate</name>
        </sourceSystem>
        <text>Placed on Senate Legislative Calendar under General Orders. Calendar No. 199.</text>
        <type>Calendars</type>
      </item>
      <item>
        <actionDate>2017-08-02</actionDate>
        <committee>
          <systemCode>sssb00</systemCode>
          <name>Small Business and Entrepreneurship Committee</name>
        </committee>
        <links />
        <sourceSystem>
          <code>0</code>
          <name>Senate</name>
        </sourceSystem>
        <text>Committee on Small Business and Entrepreneurship. Reported by Senator Risch without amendment. Without written report.</text>
        <type>Committee</type>
      </item>
      <item>
        <actionDate>2017-08-02</actionDate>
        <links />
        <sourceSystem>
          <code>9</code>
          <name>Library of Congress</name>
        </sourceSystem>
        <committee>
          <systemCode>sssb00</systemCode>
          <name>Small Business and Entrepreneurship Committee</name>
        </committee>
        <text>Committee on Small Business and Entrepreneurship. Reported by Senator Risch without amendment. Without written report.</text>
        <type>Committee</type>
        <actionCode>14000</actionCode>
      </item>
      <item>
        <actionDate>2017-08-02</actionDate>
        <committee>
          <systemCode>sssb00</systemCode>
          <name>Small Business and Entrepreneurship Committee</name>
        </committee>
        <links />
        <sourceSystem>
          <code>0</code>
          <name>Senate</name>
        </sourceSystem>
        <text>Committee on Small Business and Entrepreneurship. Ordered to be reported without amendment favorably.</text>
        <type>Committee</type>
      </item>
      <item>
        <actionDate>2017-06-26</actionDate>
        <committee>
          <systemCode>sssb00</systemCode>
          <name>Small Business and Entrepreneurship Committee</name>
        </committee>
        <links />
        <sourceSystem>
          <code>0</code>
          <name>Senate</name>
        </sourceSystem>
        <text>Read twice and referred to the Committee on Small Business and Entrepreneurship.</text>
        <type>IntroReferral</type>
      </item>
      <item>
        <actionDate>2017-06-26</actionDate>
        <links />
        <sourceSystem>
          <code>9</code>
          <name>Library of Congress</name>
        </sourceSystem>
        <committee />
        <text>Introduced in Senate</text>
        <type>IntroReferral</type>
        <actionCode>10000</actionCode>
      </item>
      <actionByCounts>
        <senate>7</senate>
      </actionByCounts>
      <actionTypeCounts>
        <placedOnCalendarGeneralOrders>1</placedOnCalendarGeneralOrders>
        <reportedToSenate>2</reportedToSenate>
        <orderedReported>1</orderedReported>
        <hearingsHeld>1</hearingsHeld>
        <referredToCommittee>1</referredToCommittee>
        <introducedInSenate>1</introducedInSenate>
      </actionTypeCounts>
    </actions>
    <laws />
    <congress>115</congress>
    <committeeReports />
    <billNumber>1428</billNumber>
    <cboCostEstimates>
      <item>
        <pubDate>2017-09-13T20:00:35Z</pubDate>
        <title>S. 1428, Small Business Cyber Training Act of 2017</title>
        <url>https://www.cbo.gov/publication/53102</url>
      </item>
    </cboCostEstimates>
    <cosponsors>
      <item>
        <lastName>Peters</lastName>
        <sponsorshipDate>2017-06-26</sponsorshipDate>
        <party>D</party>
        <fullName>Sen. Peters, Gary C. [D-MI]</fullName>
        <identifiers>
          <bioguideId>P000595</bioguideId>
          <lisID>1929</lisID>
          <gpoId>7994</gpoId>
        </identifiers>
        <firstName>Gary</firstName>
        <sponsorshipWithdrawnDate />
        <state>MI</state>
        <middleName>C.</middleName>
        <bioguideId>P000595</bioguideId>
        <isOriginalCosponsor>True</isOriginalCosponsor>
      </item>
      <item>
        <lastName>Kennedy</lastName>
        <sponsorshipDate>2017-06-26</sponsorshipDate>
        <party>R</party>
        <fullName>Sen. Kennedy, John [R-LA]</fullName>
        <identifiers>
          <lisID>2303</lisID>
          <bioguideId>K000393</bioguideId>
          <gpoId />
        </identifiers>
        <firstName>John</firstName>
        <sponsorshipWithdrawnDate />
        <state>LA</state>
        <middleName>Neely</middleName>
        <bioguideId>K000393</bioguideId>
        <isOriginalCosponsor>True</isOriginalCosponsor>
      </item>
      <item>
        <lastName>Duckworth</lastName>
        <sponsorshipDate>2017-06-26</sponsorshipDate>
        <party>D</party>
        <fullName>Sen. Duckworth, Tammy [D-IL]</fullName>
        <identifiers>
          <lisID>2123</lisID>
          <bioguideId>D000622</bioguideId>
          <gpoId />
        </identifiers>
        <firstName>Tammy</firstName>
        <sponsorshipWithdrawnDate />
        <state>IL</state>
        <middleName />
        <bioguideId>D000622</bioguideId>
        <isOriginalCosponsor>True</isOriginalCosponsor>
      </item>
      <item>
        <lastName>Shaheen</lastName>
        <sponsorshipDate>2017-06-26</sponsorshipDate>
        <party>D</party>
        <fullName>Sen. Shaheen, Jeanne [D-NH]</fullName>
        <identifiers>
          <lisID>1901</lisID>
          <gpoId>8276</gpoId>
          <bioguideId>S001181</bioguideId>
        </identifiers>
        <firstName>Jeanne</firstName>
        <sponsorshipWithdrawnDate />
        <state>NH</state>
        <middleName />
        <bioguideId>S001181</bioguideId>
        <isOriginalCosponsor>True</isOriginalCosponsor>
      </item>
      <item>
        <lastName>MARKEY</lastName>
        <sponsorshipDate>2017-08-01</sponsorshipDate>
        <party>D</party>
        <fullName>Sen. Markey, Edward J. [D-MA]</fullName>
        <identifiers>
          <lisID>735</lisID>
          <bioguideId>M000133</bioguideId>
          <gpoId>7972</gpoId>
        </identifiers>
        <firstName>EDWARD</firstName>
        <sponsorshipWithdrawnDate />
        <state>MA</state>
        <middleName>J.</middleName>
        <bioguideId>M000133</bioguideId>
        <isOriginalCosponsor>False</isOriginalCosponsor>
      </item>
      <item>
        <lastName>Coons</lastName>
        <sponsorshipDate>2017-08-02</sponsorshipDate>
        <party>D</party>
        <fullName>Sen. Coons, Christopher A. [D-DE]</fullName>
        <identifiers>
          <lisID>1984</lisID>
          <bioguideId>C001088</bioguideId>
          <gpoId>8297</gpoId>
        </identifiers>
        <firstName>Christopher</firstName>
        <sponsorshipWithdrawnDate />
        <state>DE</state>
        <middleName>A.</middleName>
        <bioguideId>C001088</bioguideId>
        <isOriginalCosponsor>False</isOriginalCosponsor>
      </item>
    </cosponsors>
    <summaries>
      <billSummaries>
        <item>
          <actionDesc>Introduced in Senate</actionDesc>
          <name>Introduced in Senate</name>
          <text><![CDATA[<p><strong>Small Business Cyber Training Act of 2017</strong></p> <p>This bill amends the Small Business Act&nbsp;to require the Small Business Administration to establish a program for certifying employees of small business development centers to provide cybersecurity planning assistance to small businesses. </p>]]></text>
          <versionCode>00</versionCode>
          <lastSummaryUpdateDate>2017-10-06T18:34:40Z</lastSummaryUpdateDate>
          <updateDate>2017-06-26T04:00:00Z</updateDate>
          <actionDate>2017-06-26</actionDate>
        </item>
        <item>
          <actionDesc>Reported to Senate without amendment</actionDesc>
          <name>Reported to Senate without amendment</name>
          <text><![CDATA[<p>(This measure has not been amended since it was introduced. The summary has been expanded because action occurred on the measure.)</p> <p><strong>Small Business Cyber Training Act of 2017</strong></p> <p>(Sec. 2) This bill amends the Small Business Act&nbsp;to require the Small Business Administration to establish a program for certifying employees of small business development centers to provide cybersecurity planning assistance to small businesses. </p>]]></text>
          <versionCode>80</versionCode>
          <lastSummaryUpdateDate>2017-10-06T18:37:10Z</lastSummaryUpdateDate>
          <updateDate>2017-08-02T14:15:56Z</updateDate>
          <actionDate>2017-08-02</actionDate>
        </item>
      </billSummaries>
    </summaries>
    <committees>
      <billCommittees>
        <item>
          <subcommittees />
          <systemCode>sssb00</systemCode>
          <name>Small Business and Entrepreneurship Committee</name>
          <activities>
            <item>
              <date>2018-04-25T19:30:34Z</date>
              <name>Hearings by</name>
            </item>
            <item>
              <date>2017-08-02T21:38:34Z</date>
              <name>Reported by</name>
            </item>
            <item>
              <date>2017-08-02T15:00:34Z</date>
              <name>Markup by</name>
            </item>
            <item>
              <date>2017-06-26T21:15:43Z</date>
              <name>Referred to</name>
            </item>
          </activities>
          <type>Standing</type>
          <chamber>Senate</chamber>
        </item>
      </billCommittees>
    </committees>
    <notes />
    <amendments />
    <recordedVotes />
    <createDate>2017-06-27T00:26:35Z</createDate>
    <sponsors>
      <item>
        <bioguideId>R000584</bioguideId>
        <party>R</party>
        <firstName>James</firstName>
        <fullName>Sen. Risch, James E. [R-ID]</fullName>
        <state>ID</state>
        <lastName>Risch</lastName>
        <middleName>E.</middleName>
        <identifiers>
          <bioguideId>R000584</bioguideId>
          <gpoId>8274</gpoId>
          <lisID>1896</lisID>
        </identifiers>
        <byRequestType />
      </item>
    </sponsors>
    <titles>
      <item>
        <chamberCode>S</chamberCode>
        <titleType>Short Titles as Reported to Senate</titleType>
        <parentTitleType>Short Titles Senate</parentTitleType>
        <chamberName>Senate</chamberName>
        <title>Small Business Cyber Training Act of 2017</title>
      </item>
      <item>
        <chamberCode />
        <titleType>Short Titles as Introduced</titleType>
        <parentTitleType />
        <chamberName />
        <title>Small Business Cyber Training Act of 2017</title>
      </item>
      <item>
        <chamberCode />
        <titleType>Official Title as Introduced</titleType>
        <parentTitleType />
        <chamberName />
        <title>A bill to amend section 21 of the Small Business Act to require cyber certification for small business development center counselors, and for other purposes.</title>
      </item>
      <item>
        <chamberCode />
        <titleType>Display Title</titleType>
        <parentTitleType />
        <chamberName />
        <title>Small Business Cyber Training Act of 2017</title>
      </item>
      <item>
        <chamberCode>S</chamberCode>
        <titleType>(Extracted from GPO) Short Titles as Reported to Senate</titleType>
        <parentTitleType />
        <chamberName>Senate</chamberName>
        <title>Small Business Cyber Training Act of 2017</title>
      </item>
      <item>
        <chamberCode />
        <titleType>(Extracted from GPO) Short Titles as Introduced</titleType>
        <parentTitleType />
        <chamberName />
        <title>Small Business Cyber Training Act of 2017</title>
      </item>
    </titles>
  </bill>
  <dublinCore xmlns:dc="http://purl.org/dc/elements/1.1/">
    <dc:format>text/xml</dc:format>
    <dc:language>EN</dc:language>
    <dc:rights>Pursuant to Title 17 Section 105 of the United States Code, this file is not subject to copyright protection and is in the public domain.</dc:rights>
    <dc:contributor>Congressional Research Service, Library of Congress</dc:contributor>
    <dc:description>This file contains bill summaries and statuses for federal legislation. A bill summary describes the most significant provisions of a piece of legislation and details the effects the legislative text may have on current law and federal programs. Bill summaries are authored by the Congressional Research Service (CRS) of the Library of Congress. As stated in Public Law 91-510 (2 USC 166 (d)(6)), one of the duties of CRS is "to prepare summaries and digests of bills and resolutions of a public general nature introduced in the Senate or House of Representatives". For more information, refer to the User Guide that accompanies this file.</dc:description>
  </dublinCore>
</billStatus>

