<?xml version="1.0" encoding="UTF-8"?>
<billStatus>
  <bill>
    <notes />
    <billNumber>150</billNumber>
    <latestAction>
      <links />
      <actionDate>2017-01-17</actionDate>
      <text>Read twice and referred to the Committee on the Judiciary.</text>
    </latestAction>
    <introducedDate>2017-01-17</introducedDate>
    <amendments />
    <actions>
      <actionTypeCounts>
        <referredToCommittee>1</referredToCommittee>
        <introducedInSenate>1</introducedInSenate>
      </actionTypeCounts>
      <item>
        <actionDate>2017-01-17</actionDate>
        <committee>
          <name>Judiciary Committee</name>
          <systemCode>ssju00</systemCode>
        </committee>
        <links />
        <sourceSystem>
          <code>0</code>
          <name>Senate</name>
        </sourceSystem>
        <text>Read twice and referred to the Committee on the Judiciary.</text>
        <type>IntroReferral</type>
      </item>
      <item>
        <sourceSystem>
          <code>9</code>
          <name>Library of Congress</name>
        </sourceSystem>
        <committee />
        <actionDate>2017-01-17</actionDate>
        <actionCode>10000</actionCode>
        <text>Introduced in Senate</text>
        <links />
        <type>IntroReferral</type>
      </item>
      <actionByCounts>
        <senate>2</senate>
      </actionByCounts>
    </actions>
    <calendarNumbers />
    <billType>S</billType>
    <sponsors>
      <item>
        <firstName>Marco</firstName>
        <party>R</party>
        <fullName>Sen. Rubio, Marco [R-FL]</fullName>
        <middleName />
        <state>FL</state>
        <byRequestType />
        <bioguideId>R000595</bioguideId>
        <identifiers>
          <lisID>2084</lisID>
          <bioguideId>R000595</bioguideId>
          <gpoId>8242</gpoId>
        </identifiers>
        <lastName>Rubio</lastName>
      </item>
    </sponsors>
    <originChamber>Senate</originChamber>
    <recordedVotes />
    <updateDate>2017-01-18T10:20:10Z</updateDate>
    <policyArea />
    <title>A bill to amend title 18, United States Code, to provide an additional tool to prevent certain frauds against veterans, and for other purposes.</title>
    <cboCostEstimates />
    <summaries>
      <billSummaries />
    </summaries>
    <createDate>2017-01-18T05:04:59Z</createDate>
    <committees>
      <billCommittees>
        <item>
          <subcommittees />
          <chamber>Senate</chamber>
          <name>Judiciary Committee</name>
          <activities>
            <item>
              <date>2017-01-17T20:51:25Z</date>
              <name>Referred to</name>
            </item>
          </activities>
          <type>Standing</type>
          <systemCode>ssju00</systemCode>
        </item>
      </billCommittees>
    </committees>
    <relatedBills />
    <laws />
    <titles>
      <item>
        <chamberName />
        <chamberCode />
        <titleType>Official Title as Introduced</titleType>
        <parentTitleType />
        <title>A bill to amend title 18, United States Code, to provide an additional tool to prevent certain frauds against veterans, and for other purposes.</title>
      </item>
      <item>
        <chamberName />
        <chamberCode />
        <titleType>Display Title</titleType>
        <parentTitleType />
        <title>A bill to amend title 18, United States Code, to provide an additional tool to prevent certain frauds against veterans, and for other purposes.</title>
      </item>
    </titles>
    <cosponsors />
    <committeeReports />
    <subjects>
      <billSubjects>
        <legislativeSubjects />
      </billSubjects>
    </subjects>
    <congress>115</congress>
  </bill>
  <dublinCore xmlns:dc="http://purl.org/dc/elements/1.1/">
    <dc:format>text/xml</dc:format>
    <dc:language>EN</dc:language>
    <dc:rights>Pursuant to Title 17 Section 105 of the United States Code, this file is not subject to copyright protection and is in the public domain.</dc:rights>
    <dc:contributor>Congressional Research Service, Library of Congress</dc:contributor>
    <dc:description>This file contains bill summaries and statuses for federal legislation. A bill summary describes the most significant provisions of a piece of legislation and details the effects the legislative text may have on current law and federal programs. Bill summaries are authored by the Congressional Research Service (CRS) of the Library of Congress. As stated in Public Law 91-510 (2 USC 166 (d)(6)), one of the duties of CRS is "to prepare summaries and digests of bills and resolutions of a public general nature introduced in the Senate or House of Representatives". For more information, refer to the User Guide that accompanies this file.</dc:description>
  </dublinCore>
</billStatus>

