<?xml version="1.0" encoding="UTF-8"?>
<billStatus>
  <bill>
    <subjects>
      <billSubjects>
        <legislativeSubjects />
      </billSubjects>
    </subjects>
    <actions>
      <item>
        <actionDate>2017-01-09</actionDate>
        <committee>
          <systemCode>sshr00</systemCode>
          <name>Health, Education, Labor, and Pensions Committee</name>
        </committee>
        <links />
        <sourceSystem>
          <code>0</code>
          <name>Senate</name>
        </sourceSystem>
        <text>Read twice and referred to the Committee on Health, Education, Labor, and Pensions.</text>
        <type>IntroReferral</type>
      </item>
      <item>
        <sourceSystem>
          <code>9</code>
          <name>Library of Congress</name>
        </sourceSystem>
        <type>IntroReferral</type>
        <actionDate>2017-01-09</actionDate>
        <committee />
        <text>Introduced in Senate</text>
        <actionCode>10000</actionCode>
        <links />
      </item>
      <actionByCounts>
        <senate>2</senate>
      </actionByCounts>
      <actionTypeCounts>
        <referredToCommittee>1</referredToCommittee>
        <introducedInSenate>1</introducedInSenate>
      </actionTypeCounts>
    </actions>
    <policyArea />
    <notes />
    <createDate>2017-01-10T05:15:46Z</createDate>
    <title>A bill to amend the Federal Food, Drug, and Cosmetic Act to allow for the personal importation of safe and affordable drugs from approved pharmacies in Canada.</title>
    <relatedBills />
    <cosponsors />
    <cboCostEstimates />
    <updateDate>2017-01-10T10:35:01Z</updateDate>
    <laws />
    <summaries>
      <billSummaries />
    </summaries>
    <latestAction>
      <links />
      <actionDate>2017-01-09</actionDate>
      <text>Read twice and referred to the Committee on Health, Education, Labor, and Pensions.</text>
    </latestAction>
    <originChamber>Senate</originChamber>
    <introducedDate>2017-01-09</introducedDate>
    <billNumber>64</billNumber>
    <amendments />
    <billType>S</billType>
    <committees>
      <billCommittees>
        <item>
          <chamber>Senate</chamber>
          <systemCode>sshr00</systemCode>
          <type>Standing</type>
          <name>Health, Education, Labor, and Pensions Committee</name>
          <activities>
            <item>
              <name>Referred to</name>
              <date>2017-01-09T19:56:43Z</date>
            </item>
          </activities>
          <subcommittees />
        </item>
      </billCommittees>
    </committees>
    <calendarNumbers />
    <congress>115</congress>
    <committeeReports />
    <recordedVotes />
    <sponsors>
      <item>
        <lastName>MCCAIN</lastName>
        <state>AZ</state>
        <byRequestType />
        <firstName>JOHN</firstName>
        <bioguideId>M000303</bioguideId>
        <fullName>Sen. McCain, John [R-AZ]</fullName>
        <identifiers>
          <lisID>754</lisID>
          <gpoId>8253</gpoId>
          <bioguideId>M000303</bioguideId>
        </identifiers>
        <middleName>SIDNEY</middleName>
        <party>R</party>
      </item>
    </sponsors>
    <titles>
      <item>
        <chamberName />
        <title>A bill to amend the Federal Food, Drug, and Cosmetic Act to allow for the personal importation of safe and affordable drugs from approved pharmacies in Canada.</title>
        <titleType>Official Title as Introduced</titleType>
        <parentTitleType />
        <chamberCode />
      </item>
      <item>
        <chamberName />
        <title>A bill to amend the Federal Food, Drug, and Cosmetic Act to allow for the personal importation of safe and affordable drugs from approved pharmacies in Canada.</title>
        <titleType>Display Title</titleType>
        <parentTitleType />
        <chamberCode />
      </item>
    </titles>
  </bill>
  <dublinCore xmlns:dc="http://purl.org/dc/elements/1.1/">
    <dc:format>text/xml</dc:format>
    <dc:language>EN</dc:language>
    <dc:rights>Pursuant to Title 17 Section 105 of the United States Code, this file is not subject to copyright protection and is in the public domain.</dc:rights>
    <dc:contributor>Congressional Research Service, Library of Congress</dc:contributor>
    <dc:description>This file contains bill summaries and statuses for federal legislation. A bill summary describes the most significant provisions of a piece of legislation and details the effects the legislative text may have on current law and federal programs. Bill summaries are authored by the Congressional Research Service (CRS) of the Library of Congress. As stated in Public Law 91-510 (2 USC 166 (d)(6)), one of the duties of CRS is "to prepare summaries and digests of bills and resolutions of a public general nature introduced in the Senate or House of Representatives". For more information, refer to the User Guide that accompanies this file.</dc:description>
  </dublinCore>
</billStatus>

