<?xml version="1.0" encoding="UTF-8"?>
<billStatus>
  <bill>
    <sponsors>
      <item>
        <middleName />
        <party>R</party>
        <bioguideId>B001236</bioguideId>
        <lastName>Boozman</lastName>
        <firstName>John</firstName>
        <state>AR</state>
        <identifiers>
          <lisID>1687</lisID>
          <bioguideId>B001236</bioguideId>
          <gpoId>8247</gpoId>
        </identifiers>
        <fullName>Sen. Boozman, John [R-AR]</fullName>
        <byRequestType />
      </item>
    </sponsors>
    <version>1.0.0</version>
    <createDate>2017-03-30T04:33:14Z</createDate>
    <committeeReports />
    <latestAction>
      <text>Read twice and referred to the Committee on Finance.</text>
      <links />
      <actionDate>2017-03-29</actionDate>
    </latestAction>
    <notes />
    <introducedDate>2017-03-29</introducedDate>
    <committees>
      <billCommittees>
        <item>
          <systemCode>ssfi00</systemCode>
          <type>Standing</type>
          <activities>
            <item>
              <date>2017-03-29T20:56:57Z</date>
              <name>Referred to</name>
            </item>
          </activities>
          <name>Finance Committee</name>
          <subcommittees />
          <chamber>Senate</chamber>
        </item>
      </billCommittees>
    </committees>
    <relatedBills>
      <item>
        <latestTitle>Medicare Access to Radiology Care Act of 2017</latestTitle>
        <relationshipDetails>
          <item>
            <type>Identical bill</type>
            <identifiedBy>CRS</identifiedBy>
          </item>
        </relationshipDetails>
        <number>1904</number>
        <latestAction>
          <actionDate>2017-04-17</actionDate>
          <text>Referred to the Subcommittee on Health.</text>
        </latestAction>
        <congress>115</congress>
        <type>HR</type>
      </item>
    </relatedBills>
    <billNumber>769</billNumber>
    <subjects>
      <billSubjects>
        <policyArea>
          <name>Health</name>
        </policyArea>
        <legislativeSubjects>
          <item>
            <name>Health personnel</name>
          </item>
          <item>
            <name>Licensing and registrations</name>
          </item>
          <item>
            <name>Medical tests and diagnostic methods</name>
          </item>
          <item>
            <name>Medicare</name>
          </item>
          <item>
            <name>Radiation</name>
          </item>
        </legislativeSubjects>
      </billSubjects>
    </subjects>
    <amendments />
    <originChamber>Senate</originChamber>
    <cboCostEstimates />
    <policyArea>
      <name>Health</name>
    </policyArea>
    <congress>115</congress>
    <actions>
      <actionByCounts>
        <senate>2</senate>
      </actionByCounts>
      <item>
        <actionDate>2017-03-29</actionDate>
        <committee>
          <name>Finance Committee</name>
          <systemCode>ssfi00</systemCode>
        </committee>
        <links />
        <sourceSystem>
          <name>Senate</name>
          <code>0</code>
        </sourceSystem>
        <text>Read twice and referred to the Committee on Finance.</text>
        <type>IntroReferral</type>
      </item>
      <item>
        <type>IntroReferral</type>
        <links />
        <sourceSystem>
          <name>Library of Congress</name>
          <code>9</code>
        </sourceSystem>
        <committee />
        <text>Introduced in Senate</text>
        <actionCode>10000</actionCode>
        <actionDate>2017-03-29</actionDate>
      </item>
      <actionTypeCounts>
        <introducedInSenate>1</introducedInSenate>
        <referredToCommittee>1</referredToCommittee>
      </actionTypeCounts>
    </actions>
    <recordedVotes />
    <laws />
    <cosponsors>
      <item>
        <fullName>Sen. Casey, Robert P., Jr. [D-PA]</fullName>
        <identifiers>
          <lisID>1828</lisID>
          <bioguideId>C001070</bioguideId>
          <gpoId>8282</gpoId>
        </identifiers>
        <sponsorshipDate>2017-03-29</sponsorshipDate>
        <lastName>Casey</lastName>
        <firstName>Bob</firstName>
        <sponsorshipWithdrawnDate />
        <state>PA</state>
        <party>D</party>
        <middleName />
        <bioguideId>C001070</bioguideId>
        <isOriginalCosponsor>True</isOriginalCosponsor>
      </item>
      <item>
        <fullName>Sen. Tester, Jon [D-MT]</fullName>
        <identifiers>
          <gpoId>8258</gpoId>
          <lisID>1829</lisID>
          <bioguideId>T000464</bioguideId>
        </identifiers>
        <sponsorshipDate>2017-06-13</sponsorshipDate>
        <lastName>Tester</lastName>
        <firstName>Jon</firstName>
        <sponsorshipWithdrawnDate />
        <state>MT</state>
        <party>D</party>
        <middleName />
        <bioguideId>T000464</bioguideId>
        <isOriginalCosponsor>False</isOriginalCosponsor>
      </item>
    </cosponsors>
    <titles>
      <item>
        <chamberName />
        <parentTitleType />
        <titleType>Short Titles as Introduced</titleType>
        <title>Medicare Access to Radiology Care Act of 2017</title>
        <chamberCode />
      </item>
      <item>
        <chamberName />
        <parentTitleType />
        <titleType>Official Title as Introduced</titleType>
        <title>A bill to amend title XVIII of the Social Security Act to align physician supervision requirements under the Medicare program for radiology services performed by advanced level radiographers with State requirements.</title>
        <chamberCode />
      </item>
      <item>
        <chamberName />
        <parentTitleType />
        <titleType>Display Title</titleType>
        <title>Medicare Access to Radiology Care Act of 2017</title>
        <chamberCode />
      </item>
      <item>
        <chamberName />
        <parentTitleType />
        <titleType>(Extracted from GPO) Short Titles as Introduced</titleType>
        <title>Medicare Access to Radiology Care Act of 2017</title>
        <chamberCode />
      </item>
    </titles>
    <updateDate>2018-08-28T20:25:21Z</updateDate>
    <calendarNumbers />
    <billType>S</billType>
    <summaries>
      <billSummaries>
        <item>
          <actionDesc>Introduced in Senate</actionDesc>
          <name>Introduced in Senate</name>
          <text><![CDATA[<p><strong>Medicare Access to Radiology Care Act of 2017</strong></p> <p>This bill amends title XVIII (Medicare) of the Social Security Act to revise physician supervision requirements under the Medicare program for radiology services performed by advanced level radiographers. Specifically, with respect to&nbsp;a state that has established such&nbsp;requirements for&nbsp;those services, the bill aligns Medicare's requirements with state requirements.</p> <p>An "advanced level radiographer" is a radiographer who has obtained specified certification from either the American Registry of Radiologic Technologists or the Certification Board for Radiology Practitioner Assistants.</p>]]></text>
          <versionCode>00</versionCode>
          <lastSummaryUpdateDate>2017-07-25T19:54:51Z</lastSummaryUpdateDate>
          <updateDate>2017-03-29T04:00:00Z</updateDate>
          <actionDate>2017-03-29</actionDate>
        </item>
      </billSummaries>
    </summaries>
    <title>Medicare Access to Radiology Care Act of 2017</title>
  </bill>
  <dublinCore xmlns:dc="http://purl.org/dc/elements/1.1/">
    <dc:format>text/xml</dc:format>
    <dc:language>EN</dc:language>
    <dc:rights>Pursuant to Title 17 Section 105 of the United States Code, this file is not subject to copyright protection and is in the public domain.</dc:rights>
    <dc:contributor>Congressional Research Service, Library of Congress</dc:contributor>
    <dc:description>This file contains bill summaries and statuses for federal legislation. A bill summary describes the most significant provisions of a piece of legislation and details the effects the legislative text may have on current law and federal programs. Bill summaries are authored by the Congressional Research Service (CRS) of the Library of Congress. As stated in Public Law 91-510 (2 USC 166 (d)(6)), one of the duties of CRS is "to prepare summaries and digests of bills and resolutions of a public general nature introduced in the Senate or House of Representatives". For more information, refer to the User Guide that accompanies this file.</dc:description>
  </dublinCore>
</billStatus>

