<?xml version="1.0" encoding="UTF-8"?>
<billStatus>
  <bill>
    <titles>
      <item>
        <chamberCode />
        <titleType>Short Titles as Introduced</titleType>
        <chamberName />
        <title>Ozone Standards Implementation Act of 2017</title>
        <parentTitleType />
      </item>
      <item>
        <chamberCode />
        <titleType>Official Title as Introduced</titleType>
        <chamberName />
        <title>A bill to facilitate efficient State implementation of ground-level ozone standards, and for other purposes.</title>
        <parentTitleType />
      </item>
      <item>
        <chamberCode />
        <titleType>Display Title</titleType>
        <chamberName />
        <title>Ozone Standards Implementation Act of 2017</title>
        <parentTitleType />
      </item>
      <item>
        <chamberCode />
        <titleType>(Extracted from GPO) Short Titles as Introduced</titleType>
        <chamberName />
        <title>Ozone Standards Implementation Act of 2017</title>
        <parentTitleType />
      </item>
    </titles>
    <notes />
    <latestAction>
      <links />
      <text>Committee on Environment and Public Works Subcommittee on Clean Air and Nuclear Safety. Hearings held. With printed Hearing: S.Hrg. 115-103.</text>
      <actionDate>2017-05-23</actionDate>
    </latestAction>
    <committees>
      <billCommittees>
        <item>
          <activities>
            <item>
              <date>2017-02-01T22:11:08Z</date>
              <name>Referred to</name>
            </item>
          </activities>
          <type>Standing</type>
          <chamber>Senate</chamber>
          <systemCode>ssev00</systemCode>
          <name>Environment and Public Works Committee</name>
          <subcommittees>
            <item>
              <systemCode>ssev10</systemCode>
              <name>Clean Air and Nuclear Safety Subcommittee</name>
              <activities>
                <item>
                  <date>2017-05-23T18:30:34Z</date>
                  <name>Hearings by</name>
                </item>
              </activities>
            </item>
          </subcommittees>
        </item>
      </billCommittees>
    </committees>
    <actions>
      <actionByCounts>
        <senate>3</senate>
      </actionByCounts>
      <item>
        <actionDate>2017-05-23</actionDate>
        <committee>
          <systemCode>ssev10</systemCode>
          <name>Clean Air and Nuclear Safety Subcommittee</name>
        </committee>
        <links />
        <sourceSystem>
          <code>0</code>
          <name>Senate</name>
        </sourceSystem>
        <text>Committee on Environment and Public Works Subcommittee on Clean Air and Nuclear Safety. Hearings held. With printed Hearing: S.Hrg. 115-103.</text>
        <type>Committee</type>
      </item>
      <item>
        <actionDate>2017-02-01</actionDate>
        <committee>
          <systemCode>ssev00</systemCode>
          <name>Environment and Public Works Committee</name>
        </committee>
        <links />
        <sourceSystem>
          <code>0</code>
          <name>Senate</name>
        </sourceSystem>
        <text>Read twice and referred to the Committee on Environment and Public Works.</text>
        <type>IntroReferral</type>
      </item>
      <item>
        <committee />
        <links />
        <type>IntroReferral</type>
        <text>Introduced in Senate</text>
        <actionDate>2017-02-01</actionDate>
        <actionCode>10000</actionCode>
        <sourceSystem>
          <code>9</code>
          <name>Library of Congress</name>
        </sourceSystem>
      </item>
      <actionTypeCounts>
        <hearingsHeld>1</hearingsHeld>
        <referredToCommittee>1</referredToCommittee>
        <introducedInSenate>1</introducedInSenate>
      </actionTypeCounts>
    </actions>
    <policyArea>
      <name>Environmental Protection</name>
    </policyArea>
    <sponsors>
      <item>
        <fullName>Sen. Capito, Shelley Moore [R-WV]</fullName>
        <party>R</party>
        <bioguideId>C001047</bioguideId>
        <identifiers>
          <lisID>1676</lisID>
          <gpoId>8223</gpoId>
          <bioguideId>C001047</bioguideId>
        </identifiers>
        <lastName>CAPITO</lastName>
        <byRequestType />
        <middleName>MOORE</middleName>
        <firstName>SHELLEY</firstName>
        <state>WV</state>
      </item>
    </sponsors>
    <recordedVotes />
    <updateDate>2018-08-28T20:23:23Z</updateDate>
    <billNumber>263</billNumber>
    <title>Ozone Standards Implementation Act of 2017</title>
    <relatedBills />
    <amendments />
    <version>1.0.0</version>
    <laws />
    <cboCostEstimates />
    <billType>S</billType>
    <createDate>2017-02-02T05:28:48Z</createDate>
    <originChamber>Senate</originChamber>
    <summaries>
      <billSummaries>
        <item>
          <actionDesc>Introduced in Senate</actionDesc>
          <name>Introduced in Senate</name>
          <text><![CDATA[<p><b>Ozone Standards Implementation Act of 2017</b></p> <p>This bill amends the Clean Air Act by revising the National Ambient Air Quality Standards (NAAQS) program.</p> <p>The bill delays the implementation of the ozone NAAQS that were published in 2015. The bill extends until: (1) October 26, 2024, the deadline for states to submit designations to implement the 2015 ozone NAAQS; and (2) October 26, 2025, the deadline for the Environmental Protection Agency (EPA) to designate state areas as attainment, nonattainment, or unclassifiable areas with respect to the 2015 ozone NAAQS. States must submit a state implementation plan (SIP) by October 26, 2026, to implement, maintain, and enforce the 2015 ozone NAAQS.</p> <p>The bill also changes the review cycle for criteria pollutant NAAQS from a 5-year review cycle to a 10-year review cycle. The EPA may not complete its next review of ozone NAAQS before October 26, 2025. </p> <p>Prior to establishing or revising NAAQS, the EPA must obtain advice from its scientific advisory committee regarding potential adverse public health, welfare, social, economic, or energy effects which may result from attaining and maintaining NAAQS.</p> <p>The EPA must publish regulations and guidance for implementing NAAQS concurrently with the issuance of a new or revised standard. New or revised NAAQS must not apply to preconstruction permits for constructing or modifying a major emitting facility or major stationary source of air pollutants until those regulations and guidance have been published.</p> <p>The bill revises requirements concerning SIPs for extreme ozone nonattainment areas and particulate matter nonattainment areas.</p>]]></text>
          <versionCode>00</versionCode>
          <lastSummaryUpdateDate>2017-02-14T19:13:04Z</lastSummaryUpdateDate>
          <updateDate>2017-02-01T05:00:00Z</updateDate>
          <actionDate>2017-02-01</actionDate>
        </item>
      </billSummaries>
    </summaries>
    <committeeReports />
    <calendarNumbers />
    <cosponsors>
      <item>
        <fullName>Sen. Flake, Jeff [R-AZ]</fullName>
        <identifiers>
          <lisID>1633</lisID>
          <bioguideId>F000444</bioguideId>
          <gpoId>7803</gpoId>
        </identifiers>
        <sponsorshipDate>2017-02-01</sponsorshipDate>
        <lastName>FLAKE</lastName>
        <firstName>JEFF</firstName>
        <sponsorshipWithdrawnDate />
        <state>AZ</state>
        <party>R</party>
        <middleName />
        <bioguideId>F000444</bioguideId>
        <isOriginalCosponsor>True</isOriginalCosponsor>
      </item>
      <item>
        <fullName>Sen. Manchin, Joe, III [D-WV]</fullName>
        <identifiers>
          <lisID>1983</lisID>
          <bioguideId>M001183</bioguideId>
          <gpoId>8256</gpoId>
        </identifiers>
        <sponsorshipDate>2017-02-01</sponsorshipDate>
        <lastName>Manchin</lastName>
        <firstName>Joe</firstName>
        <sponsorshipWithdrawnDate />
        <state>WV</state>
        <party>D</party>
        <middleName />
        <bioguideId>M001183</bioguideId>
        <isOriginalCosponsor>True</isOriginalCosponsor>
      </item>
      <item>
        <fullName>Sen. Fischer, Deb [R-NE]</fullName>
        <identifiers>
          <gpoId />
          <lisID>2179</lisID>
          <bioguideId>F000463</bioguideId>
        </identifiers>
        <sponsorshipDate>2017-02-01</sponsorshipDate>
        <lastName>Fischer</lastName>
        <firstName>Deb</firstName>
        <sponsorshipWithdrawnDate />
        <state>NE</state>
        <party>R</party>
        <middleName />
        <bioguideId>F000463</bioguideId>
        <isOriginalCosponsor>True</isOriginalCosponsor>
      </item>
      <item>
        <fullName>Sen. Cornyn, John [R-TX]</fullName>
        <identifiers>
          <bioguideId>C001056</bioguideId>
          <lisID>1692</lisID>
          <gpoId>8295</gpoId>
        </identifiers>
        <sponsorshipDate>2017-02-01</sponsorshipDate>
        <lastName>Cornyn</lastName>
        <firstName>John</firstName>
        <sponsorshipWithdrawnDate />
        <state>TX</state>
        <party>R</party>
        <middleName />
        <bioguideId>C001056</bioguideId>
        <isOriginalCosponsor>True</isOriginalCosponsor>
      </item>
      <item>
        <fullName>Sen. Inhofe, James M. [R-OK]</fullName>
        <identifiers>
          <lisID>583</lisID>
          <gpoId>8322</gpoId>
          <bioguideId>I000024</bioguideId>
        </identifiers>
        <sponsorshipDate>2017-02-01</sponsorshipDate>
        <lastName>INHOFE</lastName>
        <firstName>JIM</firstName>
        <sponsorshipWithdrawnDate />
        <state>OK</state>
        <party>R</party>
        <middleName />
        <bioguideId>I000024</bioguideId>
        <isOriginalCosponsor>True</isOriginalCosponsor>
      </item>
      <item>
        <fullName>Sen. Strange, Luther [R-AL]</fullName>
        <identifiers>
          <lisID>2357</lisID>
          <gpoId />
          <bioguideId>S001202</bioguideId>
        </identifiers>
        <sponsorshipDate>2017-05-25</sponsorshipDate>
        <lastName>Strange</lastName>
        <firstName>Luther</firstName>
        <sponsorshipWithdrawnDate />
        <state>AL</state>
        <party>R</party>
        <middleName />
        <bioguideId>S001202</bioguideId>
        <isOriginalCosponsor>False</isOriginalCosponsor>
      </item>
      <item>
        <fullName>Sen. Barrasso, John [R-WY]</fullName>
        <identifiers>
          <bioguideId>B001261</bioguideId>
          <gpoId>8300</gpoId>
          <lisID>1881</lisID>
        </identifiers>
        <sponsorshipDate>2018-07-23</sponsorshipDate>
        <lastName>Barrasso</lastName>
        <firstName>John</firstName>
        <sponsorshipWithdrawnDate />
        <state>WY</state>
        <party>R</party>
        <middleName />
        <bioguideId>B001261</bioguideId>
        <isOriginalCosponsor>False</isOriginalCosponsor>
      </item>
    </cosponsors>
    <introducedDate>2017-02-01</introducedDate>
    <congress>115</congress>
    <subjects>
      <billSubjects>
        <legislativeSubjects>
          <item>
            <name>Administrative law and regulatory procedures</name>
          </item>
          <item>
            <name>Air quality</name>
          </item>
          <item>
            <name>Congressional oversight</name>
          </item>
          <item>
            <name>Electric power generation and transmission</name>
          </item>
          <item>
            <name>Environmental Protection Agency (EPA)</name>
          </item>
          <item>
            <name>Environmental regulatory procedures</name>
          </item>
          <item>
            <name>Environmental technology</name>
          </item>
          <item>
            <name>Industrial facilities</name>
          </item>
          <item>
            <name>Licensing and registrations</name>
          </item>
          <item>
            <name>State and local government operations</name>
          </item>
        </legislativeSubjects>
        <policyArea>
          <name>Environmental Protection</name>
        </policyArea>
      </billSubjects>
    </subjects>
  </bill>
  <dublinCore xmlns:dc="http://purl.org/dc/elements/1.1/">
    <dc:format>text/xml</dc:format>
    <dc:language>EN</dc:language>
    <dc:rights>Pursuant to Title 17 Section 105 of the United States Code, this file is not subject to copyright protection and is in the public domain.</dc:rights>
    <dc:contributor>Congressional Research Service, Library of Congress</dc:contributor>
    <dc:description>This file contains bill summaries and statuses for federal legislation. A bill summary describes the most significant provisions of a piece of legislation and details the effects the legislative text may have on current law and federal programs. Bill summaries are authored by the Congressional Research Service (CRS) of the Library of Congress. As stated in Public Law 91-510 (2 USC 166 (d)(6)), one of the duties of CRS is "to prepare summaries and digests of bills and resolutions of a public general nature introduced in the Senate or House of Representatives". For more information, refer to the User Guide that accompanies this file.</dc:description>
  </dublinCore>
</billStatus>

