<?xml version="1.0" encoding="UTF-8"?>
<billStatus>
  <bill>
    <amendments />
    <latestAction>
      <actionDate>2017-03-01</actionDate>
      <text>Read twice and referred to the Committee on Environment and Public Works.</text>
      <links />
    </latestAction>
    <congress>115</congress>
    <subjects>
      <billSubjects>
        <policyArea>
          <name>Animals</name>
        </policyArea>
        <legislativeSubjects>
          <item>
            <name>Agricultural practices and innovations</name>
          </item>
          <item>
            <name>Birds</name>
          </item>
          <item>
            <name>Hunting and fishing</name>
          </item>
          <item>
            <name>Wildlife conservation and habitat protection</name>
          </item>
        </legislativeSubjects>
      </billSubjects>
    </subjects>
    <laws />
    <notes />
    <billType>S</billType>
    <sponsors>
      <item>
        <middleName />
        <bioguideId>C001095</bioguideId>
        <fullName>Sen. Cotton, Tom [R-AR]</fullName>
        <identifiers>
          <gpoId />
          <lisID>2098</lisID>
          <bioguideId>C001095</bioguideId>
        </identifiers>
        <byRequestType />
        <state>AR</state>
        <firstName>Tom</firstName>
        <party>R</party>
        <lastName>Cotton</lastName>
      </item>
    </sponsors>
    <recordedVotes />
    <committeeReports />
    <introducedDate>2017-03-01</introducedDate>
    <updateDate>2018-08-28T20:24:14Z</updateDate>
    <cosponsors>
      <item>
        <lastName>Boozman</lastName>
        <middleName />
        <sponsorshipWithdrawnDate />
        <bioguideId>B001236</bioguideId>
        <fullName>Sen. Boozman, John [R-AR]</fullName>
        <identifiers>
          <gpoId>8247</gpoId>
          <lisID>1687</lisID>
          <bioguideId>B001236</bioguideId>
        </identifiers>
        <sponsorshipDate>2017-03-01</sponsorshipDate>
        <state>AR</state>
        <firstName>John</firstName>
        <isOriginalCosponsor>True</isOriginalCosponsor>
        <party>R</party>
      </item>
      <item>
        <lastName>Cochran</lastName>
        <middleName />
        <sponsorshipWithdrawnDate />
        <bioguideId>C000567</bioguideId>
        <fullName>Sen. Cochran, Thad [R-MS]</fullName>
        <identifiers>
          <lisID>213</lisID>
          <bioguideId>C000567</bioguideId>
          <gpoId>8292</gpoId>
        </identifiers>
        <sponsorshipDate>2017-03-01</sponsorshipDate>
        <state>MS</state>
        <firstName>Thad</firstName>
        <isOriginalCosponsor>True</isOriginalCosponsor>
        <party>R</party>
      </item>
      <item>
        <lastName>Donnelly</lastName>
        <middleName />
        <sponsorshipWithdrawnDate />
        <bioguideId>D000607</bioguideId>
        <fullName>Sen. Donnelly, Joe [D-IN]</fullName>
        <identifiers>
          <lisID>1850</lisID>
          <bioguideId>D000607</bioguideId>
          <gpoId>7941</gpoId>
        </identifiers>
        <sponsorshipDate>2017-03-01</sponsorshipDate>
        <state>IN</state>
        <firstName>Joe</firstName>
        <isOriginalCosponsor>True</isOriginalCosponsor>
        <party>D</party>
      </item>
      <item>
        <lastName>Hyde-Smith</lastName>
        <middleName />
        <sponsorshipWithdrawnDate />
        <bioguideId>H001079</bioguideId>
        <fullName>Sen. Hyde-Smith, Cindy [R-MS]</fullName>
        <identifiers>
          <bioguideId>H001079</bioguideId>
          <lisID>2366</lisID>
          <gpoId />
        </identifiers>
        <sponsorshipDate>2018-06-07</sponsorshipDate>
        <state>MS</state>
        <firstName>Cindy</firstName>
        <isOriginalCosponsor>False</isOriginalCosponsor>
        <party>R</party>
      </item>
    </cosponsors>
    <actions>
      <actionByCounts>
        <senate>2</senate>
      </actionByCounts>
      <item>
        <actionDate>2017-03-01</actionDate>
        <committee>
          <name>Environment and Public Works Committee</name>
          <systemCode>ssev00</systemCode>
        </committee>
        <links />
        <sourceSystem>
          <name>Senate</name>
          <code>0</code>
        </sourceSystem>
        <text>Read twice and referred to the Committee on Environment and Public Works.</text>
        <type>IntroReferral</type>
      </item>
      <item>
        <type>IntroReferral</type>
        <links />
        <sourceSystem>
          <name>Library of Congress</name>
          <code>9</code>
        </sourceSystem>
        <committee />
        <text>Introduced in Senate</text>
        <actionCode>10000</actionCode>
        <actionDate>2017-03-01</actionDate>
      </item>
      <actionTypeCounts>
        <introducedInSenate>1</introducedInSenate>
        <referredToCommittee>1</referredToCommittee>
      </actionTypeCounts>
    </actions>
    <committees>
      <billCommittees>
        <item>
          <chamber>Senate</chamber>
          <systemCode>ssev00</systemCode>
          <subcommittees />
          <type>Standing</type>
          <name>Environment and Public Works Committee</name>
          <activities>
            <item>
              <name>Referred to</name>
              <date>2017-03-01T18:22:49Z</date>
            </item>
          </activities>
        </item>
      </billCommittees>
    </committees>
    <policyArea>
      <name>Animals</name>
    </policyArea>
    <version>1.0.0</version>
    <title>Hunter and Farmer Protection Act of 2017</title>
    <createDate>2017-03-02T05:13:50Z</createDate>
    <billNumber>478</billNumber>
    <cboCostEstimates />
    <calendarNumbers />
    <relatedBills>
      <item>
        <congress>115</congress>
        <number>2663</number>
        <type>S</type>
        <latestTitle>ACRE Act</latestTitle>
        <relationshipDetails>
          <item>
            <type>Related bill</type>
            <identifiedBy>CRS</identifiedBy>
          </item>
        </relationshipDetails>
        <latestAction>
          <text>Read twice and referred to the Committee on Environment and Public Works.</text>
          <actionDate>2018-04-12</actionDate>
        </latestAction>
      </item>
      <item>
        <congress>115</congress>
        <number>3668</number>
        <type>HR</type>
        <latestTitle>SHARE Act</latestTitle>
        <relationshipDetails>
          <item>
            <type>Related bill</type>
            <identifiedBy>CRS</identifiedBy>
          </item>
        </relationshipDetails>
        <latestAction>
          <text>Placed on the Union Calendar, Calendar No. 224.</text>
          <actionDate>2017-09-18</actionDate>
        </latestAction>
      </item>
      <item>
        <congress>115</congress>
        <number>1514</number>
        <type>S</type>
        <latestTitle>HELP for Wildlife Act</latestTitle>
        <relationshipDetails>
          <item>
            <type>Related bill</type>
            <identifiedBy>CRS</identifiedBy>
          </item>
        </relationshipDetails>
        <latestAction>
          <text>Placed on Senate Legislative Calendar under General Orders. Calendar No. 237.</text>
          <actionDate>2017-10-05</actionDate>
        </latestAction>
      </item>
    </relatedBills>
    <summaries>
      <billSummaries>
        <item>
          <updateDate>2017-03-01T05:00:00Z</updateDate>
          <actionDate>2017-03-01</actionDate>
          <versionCode>00</versionCode>
          <name>Introduced in Senate</name>
          <text><![CDATA[<p><b>Hunter and Farmer Protection Act of 2017</b></p> <p>This bill amends the Migratory Bird Treaty Act to revise standards for determining what constitutes baiting for purposes of the prohibition on taking migratory game birds. </p> <p>A baited area, in the case of waterfowl, cranes, and coots, includes a standing, unharvested crop that has been manipulated through activities such as mowing, discing, or rolling, unless the activities are normal agricultural practices. An area is not considered to be a baited area if it: (1) has been treated with a normal agricultural practice, (2) has standing crops that have not been manipulated, or (3) has standing crops that have been or are flooded.</p> <p>The Department of Agriculture (USDA) must submit to the Department of the Interior a report on changes to normal agricultural practices across the range of crops grown by agricultural producers in each region of the United States in which USDA harvest practice recommendations are provided to agricultural producers.</p>]]></text>
          <lastSummaryUpdateDate>2017-07-17T17:47:02Z</lastSummaryUpdateDate>
          <actionDesc>Introduced in Senate</actionDesc>
        </item>
      </billSummaries>
    </summaries>
    <originChamber>Senate</originChamber>
    <titles>
      <item>
        <title>Hunter and Farmer Protection Act of 2017</title>
        <titleType>Short Titles as Introduced</titleType>
        <parentTitleType />
        <chamberCode />
        <chamberName />
      </item>
      <item>
        <title>A bill to amend the Migratory Bird Treaty Act to prohibit baiting exemptions on certain land.</title>
        <titleType>Official Title as Introduced</titleType>
        <parentTitleType />
        <chamberCode />
        <chamberName />
      </item>
      <item>
        <title>Hunter and Farmer Protection Act of 2017</title>
        <titleType>Display Title</titleType>
        <parentTitleType />
        <chamberCode />
        <chamberName />
      </item>
      <item>
        <title>Hunter and Farmer Protection Act of 2017</title>
        <titleType>(Extracted from GPO) Short Titles as Introduced</titleType>
        <parentTitleType />
        <chamberCode />
        <chamberName />
      </item>
    </titles>
  </bill>
  <dublinCore xmlns:dc="http://purl.org/dc/elements/1.1/">
    <dc:format>text/xml</dc:format>
    <dc:language>EN</dc:language>
    <dc:rights>Pursuant to Title 17 Section 105 of the United States Code, this file is not subject to copyright protection and is in the public domain.</dc:rights>
    <dc:contributor>Congressional Research Service, Library of Congress</dc:contributor>
    <dc:description>This file contains bill summaries and statuses for federal legislation. A bill summary describes the most significant provisions of a piece of legislation and details the effects the legislative text may have on current law and federal programs. Bill summaries are authored by the Congressional Research Service (CRS) of the Library of Congress. As stated in Public Law 91-510 (2 USC 166 (d)(6)), one of the duties of CRS is "to prepare summaries and digests of bills and resolutions of a public general nature introduced in the Senate or House of Representatives". For more information, refer to the User Guide that accompanies this file.</dc:description>
  </dublinCore>
</billStatus>

