<?xml version="1.0" encoding="UTF-8"?>
<billStatus>
  <bill>
    <committees>
      <billCommittees>
        <item>
          <systemCode>ssfi00</systemCode>
          <type>Standing</type>
          <activities>
            <item>
              <date>2017-03-30T20:50:23Z</date>
              <name>Referred to</name>
            </item>
          </activities>
          <name>Finance Committee</name>
          <subcommittees />
          <chamber>Senate</chamber>
        </item>
      </billCommittees>
    </committees>
    <actions>
      <item>
        <actionDate>2017-03-30</actionDate>
        <committee>
          <systemCode>ssfi00</systemCode>
          <name>Finance Committee</name>
        </committee>
        <links />
        <sourceSystem>
          <code>0</code>
          <name>Senate</name>
        </sourceSystem>
        <text>Read twice and referred to the Committee on Finance.</text>
        <type>IntroReferral</type>
      </item>
      <item>
        <actionDate>2017-03-30</actionDate>
        <links />
        <sourceSystem>
          <code>9</code>
          <name>Library of Congress</name>
        </sourceSystem>
        <committee />
        <text>Introduced in Senate</text>
        <type>IntroReferral</type>
        <actionCode>10000</actionCode>
      </item>
      <actionByCounts>
        <senate>2</senate>
      </actionByCounts>
      <actionTypeCounts>
        <introducedInSenate>1</introducedInSenate>
        <referredToCommittee>1</referredToCommittee>
      </actionTypeCounts>
    </actions>
    <recordedVotes />
    <laws />
    <calendarNumbers />
    <titles>
      <item>
        <titleType>Short Titles as Introduced</titleType>
        <title>Local Coverage Determination Clarification Act of 2017</title>
        <parentTitleType />
        <chamberCode />
        <chamberName />
      </item>
      <item>
        <titleType>Official Title as Introduced</titleType>
        <title>A bill to amend title XVIII of the Social Security Act in order to improve the process whereby Medicare administrative contractors issue local coverage determinations under the Medicare program, and for other purposes.</title>
        <parentTitleType />
        <chamberCode />
        <chamberName />
      </item>
      <item>
        <titleType>Display Title</titleType>
        <title>Local Coverage Determination Clarification Act of 2017</title>
        <parentTitleType />
        <chamberCode />
        <chamberName />
      </item>
      <item>
        <titleType>(Extracted from GPO) Short Titles as Introduced</titleType>
        <title>Local Coverage Determination Clarification Act of 2017</title>
        <parentTitleType />
        <chamberCode />
        <chamberName />
      </item>
    </titles>
    <cosponsors>
      <item>
        <lastName>CARPER</lastName>
        <sponsorshipDate>2017-03-30</sponsorshipDate>
        <party>D</party>
        <fullName>Sen. Carper, Thomas R. [D-DE]</fullName>
        <identifiers>
          <lisID>179</lisID>
          <bioguideId>C000174</bioguideId>
          <gpoId>8283</gpoId>
        </identifiers>
        <firstName>THOMAS</firstName>
        <sponsorshipWithdrawnDate />
        <state>DE</state>
        <middleName>R.</middleName>
        <bioguideId>C000174</bioguideId>
        <isOriginalCosponsor>True</isOriginalCosponsor>
      </item>
      <item>
        <lastName>Boozman</lastName>
        <sponsorshipDate>2017-03-30</sponsorshipDate>
        <party>R</party>
        <fullName>Sen. Boozman, John [R-AR]</fullName>
        <identifiers>
          <lisID>1687</lisID>
          <bioguideId>B001236</bioguideId>
          <gpoId>8247</gpoId>
        </identifiers>
        <firstName>John</firstName>
        <sponsorshipWithdrawnDate />
        <state>AR</state>
        <middleName />
        <bioguideId>B001236</bioguideId>
        <isOriginalCosponsor>True</isOriginalCosponsor>
      </item>
      <item>
        <lastName>STABENOW</lastName>
        <sponsorshipDate>2017-03-30</sponsorshipDate>
        <party>D</party>
        <fullName>Sen. Stabenow, Debbie [D-MI]</fullName>
        <identifiers>
          <bioguideId>S000770</bioguideId>
          <lisID>1531</lisID>
          <gpoId>8261</gpoId>
        </identifiers>
        <firstName>DEBORAH</firstName>
        <sponsorshipWithdrawnDate />
        <state>MI</state>
        <middleName>ANN</middleName>
        <bioguideId>S000770</bioguideId>
        <isOriginalCosponsor>True</isOriginalCosponsor>
      </item>
      <item>
        <lastName>ROBERTS</lastName>
        <sponsorshipDate>2017-04-24</sponsorshipDate>
        <party>R</party>
        <fullName>Sen. Roberts, Pat [R-KS]</fullName>
        <identifiers>
          <lisID>968</lisID>
          <bioguideId>R000307</bioguideId>
          <gpoId>8275</gpoId>
        </identifiers>
        <firstName>PAT</firstName>
        <sponsorshipWithdrawnDate />
        <state>KS</state>
        <middleName />
        <bioguideId>R000307</bioguideId>
        <isOriginalCosponsor>False</isOriginalCosponsor>
      </item>
      <item>
        <lastName>GRASSLEY</lastName>
        <sponsorshipDate>2017-04-27</sponsorshipDate>
        <party>R</party>
        <fullName>Sen. Grassley, Chuck [R-IA]</fullName>
        <identifiers>
          <lisID>457</lisID>
          <gpoId>8316</gpoId>
          <bioguideId>G000386</bioguideId>
        </identifiers>
        <firstName>CHARLES</firstName>
        <sponsorshipWithdrawnDate />
        <state>IA</state>
        <middleName>ERNEST</middleName>
        <bioguideId>G000386</bioguideId>
        <isOriginalCosponsor>False</isOriginalCosponsor>
      </item>
      <item>
        <lastName>WICKER</lastName>
        <sponsorshipDate>2017-07-20</sponsorshipDate>
        <party>R</party>
        <fullName>Sen. Wicker, Roger F. [R-MS]</fullName>
        <identifiers>
          <lisID>1226</lisID>
          <gpoId>8263</gpoId>
          <bioguideId>W000437</bioguideId>
        </identifiers>
        <firstName>ROGER</firstName>
        <sponsorshipWithdrawnDate />
        <state>MS</state>
        <middleName>F.</middleName>
        <bioguideId>W000437</bioguideId>
        <isOriginalCosponsor>False</isOriginalCosponsor>
      </item>
      <item>
        <lastName>Duckworth</lastName>
        <sponsorshipDate>2017-08-03</sponsorshipDate>
        <party>D</party>
        <fullName>Sen. Duckworth, Tammy [D-IL]</fullName>
        <identifiers>
          <bioguideId>D000622</bioguideId>
          <lisID>2123</lisID>
          <gpoId />
        </identifiers>
        <firstName>Tammy</firstName>
        <sponsorshipWithdrawnDate />
        <state>IL</state>
        <middleName />
        <bioguideId>D000622</bioguideId>
        <isOriginalCosponsor>False</isOriginalCosponsor>
      </item>
      <item>
        <lastName>MORAN</lastName>
        <sponsorshipDate>2017-09-06</sponsorshipDate>
        <party>R</party>
        <fullName>Sen. Moran, Jerry [R-KS]</fullName>
        <identifiers>
          <lisID>1507</lisID>
          <bioguideId>M000934</bioguideId>
          <gpoId>8307</gpoId>
        </identifiers>
        <firstName>JERRY</firstName>
        <sponsorshipWithdrawnDate />
        <state>KS</state>
        <middleName />
        <bioguideId>M000934</bioguideId>
        <isOriginalCosponsor>False</isOriginalCosponsor>
      </item>
      <item>
        <lastName>Rounds</lastName>
        <sponsorshipDate>2017-09-06</sponsorshipDate>
        <party>R</party>
        <fullName>Sen. Rounds, Mike  [R-SD]</fullName>
        <identifiers>
          <lisID>2288</lisID>
          <gpoId />
          <bioguideId>R000605</bioguideId>
        </identifiers>
        <firstName>Mike</firstName>
        <sponsorshipWithdrawnDate />
        <state>SD</state>
        <middleName />
        <bioguideId>R000605</bioguideId>
        <isOriginalCosponsor>False</isOriginalCosponsor>
      </item>
      <item>
        <lastName>Peters</lastName>
        <sponsorshipDate>2017-10-02</sponsorshipDate>
        <party>D</party>
        <fullName>Sen. Peters, Gary C. [D-MI]</fullName>
        <identifiers>
          <lisID>1929</lisID>
          <bioguideId>P000595</bioguideId>
          <gpoId>7994</gpoId>
        </identifiers>
        <firstName>Gary</firstName>
        <sponsorshipWithdrawnDate />
        <state>MI</state>
        <middleName>C.</middleName>
        <bioguideId>P000595</bioguideId>
        <isOriginalCosponsor>False</isOriginalCosponsor>
      </item>
      <item>
        <lastName>THUNE</lastName>
        <sponsorshipDate>2017-11-07</sponsorshipDate>
        <party>R</party>
        <fullName>Sen. Thune, John [R-SD]</fullName>
        <identifiers>
          <gpoId>8257</gpoId>
          <lisID>1534</lisID>
          <bioguideId>T000250</bioguideId>
        </identifiers>
        <firstName>JOHN</firstName>
        <sponsorshipWithdrawnDate />
        <state>SD</state>
        <middleName>R.</middleName>
        <bioguideId>T000250</bioguideId>
        <isOriginalCosponsor>False</isOriginalCosponsor>
      </item>
      <item>
        <lastName>Shaheen</lastName>
        <sponsorshipDate>2017-11-07</sponsorshipDate>
        <party>D</party>
        <fullName>Sen. Shaheen, Jeanne [D-NH]</fullName>
        <identifiers>
          <lisID>1901</lisID>
          <gpoId>8276</gpoId>
          <bioguideId>S001181</bioguideId>
        </identifiers>
        <firstName>Jeanne</firstName>
        <sponsorshipWithdrawnDate />
        <state>NH</state>
        <middleName />
        <bioguideId>S001181</bioguideId>
        <isOriginalCosponsor>False</isOriginalCosponsor>
      </item>
      <item>
        <lastName>Coons</lastName>
        <sponsorshipDate>2017-11-13</sponsorshipDate>
        <party>D</party>
        <fullName>Sen. Coons, Christopher A. [D-DE]</fullName>
        <identifiers>
          <bioguideId>C001088</bioguideId>
          <lisID>1984</lisID>
          <gpoId>8297</gpoId>
        </identifiers>
        <firstName>Christopher</firstName>
        <sponsorshipWithdrawnDate />
        <state>DE</state>
        <middleName>A.</middleName>
        <bioguideId>C001088</bioguideId>
        <isOriginalCosponsor>False</isOriginalCosponsor>
      </item>
      <item>
        <lastName>Donnelly</lastName>
        <sponsorshipDate>2017-12-12</sponsorshipDate>
        <party>D</party>
        <fullName>Sen. Donnelly, Joe [D-IN]</fullName>
        <identifiers>
          <gpoId>7941</gpoId>
          <lisID>1850</lisID>
          <bioguideId>D000607</bioguideId>
        </identifiers>
        <firstName>Joe</firstName>
        <sponsorshipWithdrawnDate />
        <state>IN</state>
        <middleName />
        <bioguideId>D000607</bioguideId>
        <isOriginalCosponsor>False</isOriginalCosponsor>
      </item>
      <item>
        <lastName>Cassidy</lastName>
        <sponsorshipDate>2018-05-08</sponsorshipDate>
        <party>R</party>
        <fullName>Sen. Cassidy, Bill [R-LA]</fullName>
        <identifiers>
          <lisID>1925</lisID>
          <bioguideId>C001075</bioguideId>
          <gpoId>7964</gpoId>
        </identifiers>
        <firstName>Bill</firstName>
        <sponsorshipWithdrawnDate />
        <state>LA</state>
        <middleName />
        <bioguideId>C001075</bioguideId>
        <isOriginalCosponsor>False</isOriginalCosponsor>
      </item>
      <item>
        <lastName>Cotton</lastName>
        <sponsorshipDate>2018-05-14</sponsorshipDate>
        <party>R</party>
        <fullName>Sen. Cotton, Tom [R-AR]</fullName>
        <identifiers>
          <bioguideId>C001095</bioguideId>
          <lisID>2098</lisID>
          <gpoId />
        </identifiers>
        <firstName>Tom</firstName>
        <sponsorshipWithdrawnDate />
        <state>AR</state>
        <middleName />
        <bioguideId>C001095</bioguideId>
        <isOriginalCosponsor>False</isOriginalCosponsor>
      </item>
      <item>
        <lastName>Kennedy</lastName>
        <sponsorshipDate>2018-06-19</sponsorshipDate>
        <party>R</party>
        <fullName>Sen. Kennedy, John [R-LA]</fullName>
        <identifiers>
          <lisID>2303</lisID>
          <gpoId />
          <bioguideId>K000393</bioguideId>
        </identifiers>
        <firstName>John</firstName>
        <sponsorshipWithdrawnDate />
        <state>LA</state>
        <middleName>Neely</middleName>
        <bioguideId>K000393</bioguideId>
        <isOriginalCosponsor>False</isOriginalCosponsor>
      </item>
      <item>
        <lastName>Cortez Masto</lastName>
        <sponsorshipDate>2018-06-26</sponsorshipDate>
        <party>D</party>
        <fullName>Sen. Cortez Masto, Catherine  [D-NV]</fullName>
        <identifiers>
          <lisID>2299</lisID>
          <gpoId />
          <bioguideId>C001113</bioguideId>
        </identifiers>
        <firstName>Catherine</firstName>
        <sponsorshipWithdrawnDate />
        <state>NV</state>
        <middleName />
        <bioguideId>C001113</bioguideId>
        <isOriginalCosponsor>False</isOriginalCosponsor>
      </item>
      <item>
        <lastName>Jones</lastName>
        <sponsorshipDate>2018-07-10</sponsorshipDate>
        <party>D</party>
        <fullName>Sen. Jones, Doug  [D-AL]</fullName>
        <identifiers>
          <bioguideId>J000300</bioguideId>
          <gpoId />
          <lisID>2364</lisID>
        </identifiers>
        <firstName>Doug</firstName>
        <sponsorshipWithdrawnDate />
        <state>AL</state>
        <middleName />
        <bioguideId>J000300</bioguideId>
        <isOriginalCosponsor>False</isOriginalCosponsor>
      </item>
      <item>
        <lastName>Paul</lastName>
        <sponsorshipDate>2018-07-24</sponsorshipDate>
        <party>R</party>
        <fullName>Sen. Paul, Rand [R-KY]</fullName>
        <identifiers>
          <lisID>2082</lisID>
          <gpoId>8308</gpoId>
          <bioguideId>P000603</bioguideId>
        </identifiers>
        <firstName>Rand</firstName>
        <sponsorshipWithdrawnDate />
        <state>KY</state>
        <middleName />
        <bioguideId>P000603</bioguideId>
        <isOriginalCosponsor>False</isOriginalCosponsor>
      </item>
    </cosponsors>
    <cboCostEstimates />
    <latestAction>
      <text>Read twice and referred to the Committee on Finance.</text>
      <links />
      <actionDate>2017-03-30</actionDate>
    </latestAction>
    <updateDate>2018-08-28T20:25:29Z</updateDate>
    <version>1.0.0</version>
    <policyArea>
      <name>Health</name>
    </policyArea>
    <billType>S</billType>
    <billNumber>794</billNumber>
    <originChamber>Senate</originChamber>
    <relatedBills>
      <item>
        <congress>115</congress>
        <latestAction>
          <actionDate>2017-08-04</actionDate>
          <text>Referred to the Subcommittee on Health.</text>
        </latestAction>
        <relationshipDetails>
          <item>
            <type>Related bill</type>
            <identifiedBy>CRS</identifiedBy>
          </item>
        </relationshipDetails>
        <type>HR</type>
        <latestTitle>Local Coverage Determination Clarification Act of 2017</latestTitle>
        <number>3635</number>
      </item>
    </relatedBills>
    <title>Local Coverage Determination Clarification Act of 2017</title>
    <congress>115</congress>
    <summaries>
      <billSummaries>
        <item>
          <actionDesc>Introduced in Senate</actionDesc>
          <name>Introduced in Senate</name>
          <text><![CDATA[<p><strong>Local Coverage Determination Clarification Act of 2017</strong></p> <p>This bill amends title XVIII (Medicare) of the Social Security Act to revise the process by which Medicare administrative contractors (MACs) issue and reconsider local coverage determinations (LCDs) that: (1) are new,&nbsp;(2) restrict or substantively revise existing LCDs, or (3) are otherwise specified in regulation. (MACs are private insurers that process Medicare claims within specified geographic areas.)</p> <p>Before&nbsp;such an LCD&nbsp;may take effect, the MAC issuing the determination must, with respect to each geographic area to which the determination applies:</p> <ul> <li>publish online a&nbsp;proposed version of the determination and other specified, related information; </li> <li>convene one or more public meetings to review the draft determination, receive comments, and secure the advice of an expert panel; </li> <li>post online a record of the minutes from each such meeting; </li> <li>provide a period for submission of written public comments; and </li> <li>post online specified information related to the rationale for the final determination.</li></ul> <p>Upon the filing of an applicable&nbsp;request by an interested party with regard to the reconsideration of a specified LCD, the MAC that issued the determination shall:</p> <ul> <li>provide specified information related to whether the determination failed to correctly apply qualifying relevant evidence, exceeds the scope of its intended purpose, fails to apply as intended, or is otherwise erroneous; </li> <li>preserve the determination, modify the determination, or rescind the determination in part; and </li> <li>make publicly available a written description of such action.</li></ul> <p>An interested party may appeal&nbsp;a reconsideration decision to the Centers for Medicare &amp; Medicaid Services (CMS).</p> <p>The CMS shall appoint a Medicare Reviews and Appeals Ombudsman to carry out specified duties with regard to LCDs.</p>]]></text>
          <versionCode>00</versionCode>
          <lastSummaryUpdateDate>2017-07-27T19:56:29Z</lastSummaryUpdateDate>
          <updateDate>2017-03-30T04:00:00Z</updateDate>
          <actionDate>2017-03-30</actionDate>
        </item>
      </billSummaries>
    </summaries>
    <subjects>
      <billSubjects>
        <legislativeSubjects>
          <item>
            <name>Administrative law and regulatory procedures</name>
          </item>
          <item>
            <name>Administrative remedies</name>
          </item>
          <item>
            <name>Department of Health and Human Services</name>
          </item>
          <item>
            <name>Government information and archives</name>
          </item>
          <item>
            <name>Medicare</name>
          </item>
          <item>
            <name>Public contracts and procurement</name>
          </item>
        </legislativeSubjects>
        <policyArea>
          <name>Health</name>
        </policyArea>
      </billSubjects>
    </subjects>
    <committeeReports />
    <introducedDate>2017-03-30</introducedDate>
    <sponsors>
      <item>
        <bioguideId>I000055</bioguideId>
        <middleName />
        <byRequestType />
        <fullName>Sen. Isakson, Johnny [R-GA]</fullName>
        <lastName>Isakson</lastName>
        <state>GA</state>
        <party>R</party>
        <identifiers>
          <bioguideId>I000055</bioguideId>
          <lisID>1608</lisID>
          <gpoId>8323</gpoId>
        </identifiers>
        <firstName>Johnny</firstName>
      </item>
    </sponsors>
    <notes />
    <createDate>2017-03-31T05:07:22Z</createDate>
    <amendments />
  </bill>
  <dublinCore xmlns:dc="http://purl.org/dc/elements/1.1/">
    <dc:format>text/xml</dc:format>
    <dc:language>EN</dc:language>
    <dc:rights>Pursuant to Title 17 Section 105 of the United States Code, this file is not subject to copyright protection and is in the public domain.</dc:rights>
    <dc:contributor>Congressional Research Service, Library of Congress</dc:contributor>
    <dc:description>This file contains bill summaries and statuses for federal legislation. A bill summary describes the most significant provisions of a piece of legislation and details the effects the legislative text may have on current law and federal programs. Bill summaries are authored by the Congressional Research Service (CRS) of the Library of Congress. As stated in Public Law 91-510 (2 USC 166 (d)(6)), one of the duties of CRS is "to prepare summaries and digests of bills and resolutions of a public general nature introduced in the Senate or House of Representatives". For more information, refer to the User Guide that accompanies this file.</dc:description>
  </dublinCore>
</billStatus>

