<?xml version="1.0" encoding="UTF-8"?>
<billStatus>
  <bill>
    <titles>
      <item>
        <title>National Park Service Legacy Act of 2017</title>
        <chamberCode />
        <titleType>Short Titles as Introduced</titleType>
        <parentTitleType />
        <chamberName />
      </item>
      <item>
        <title>A bill to amend title 54, United States Code, to establish, fund, and provide for the use of amounts in a National Park Service Legacy Restoration Fund to address the maintenance backlog of the National Park Service, and for other purposes.</title>
        <chamberCode />
        <titleType>Official Title as Introduced</titleType>
        <parentTitleType />
        <chamberName />
      </item>
      <item>
        <title>National Park Service Legacy Act of 2017</title>
        <chamberCode />
        <titleType>Display Title</titleType>
        <parentTitleType />
        <chamberName />
      </item>
      <item>
        <title>National Park Service Legacy Act of 2017</title>
        <chamberCode />
        <titleType>(Extracted from GPO) Short Titles as Introduced</titleType>
        <parentTitleType />
        <chamberName />
      </item>
    </titles>
    <notes />
    <latestAction>
      <links />
      <text>Read twice and referred to the Committee on Energy and Natural Resources.</text>
      <actionDate>2017-03-28</actionDate>
    </latestAction>
    <committees>
      <billCommittees>
        <item>
          <activities>
            <item>
              <name>Referred to</name>
              <date>2017-03-28T21:47:24Z</date>
            </item>
          </activities>
          <name>Energy and Natural Resources Committee</name>
          <type>Standing</type>
          <chamber>Senate</chamber>
          <subcommittees />
          <systemCode>sseg00</systemCode>
        </item>
      </billCommittees>
    </committees>
    <actions>
      <actionTypeCounts>
        <referredToCommittee>1</referredToCommittee>
        <introducedInSenate>1</introducedInSenate>
      </actionTypeCounts>
      <item>
        <actionDate>2017-03-28</actionDate>
        <committee>
          <systemCode>sseg00</systemCode>
          <name>Energy and Natural Resources Committee</name>
        </committee>
        <links />
        <sourceSystem>
          <name>Senate</name>
          <code>0</code>
        </sourceSystem>
        <text>Read twice and referred to the Committee on Energy and Natural Resources.</text>
        <type>IntroReferral</type>
      </item>
      <item>
        <actionDate>2017-03-28</actionDate>
        <actionCode>10000</actionCode>
        <committee />
        <text>Introduced in Senate</text>
        <links />
        <type>IntroReferral</type>
        <sourceSystem>
          <name>Library of Congress</name>
          <code>9</code>
        </sourceSystem>
      </item>
      <actionByCounts>
        <senate>2</senate>
      </actionByCounts>
    </actions>
    <policyArea>
      <name>Public Lands and Natural Resources</name>
    </policyArea>
    <sponsors>
      <item>
        <fullName>Sen. Warner, Mark R. [D-VA]</fullName>
        <party>D</party>
        <bioguideId>W000805</bioguideId>
        <identifiers>
          <bioguideId>W000805</bioguideId>
          <gpoId>8269</gpoId>
          <lisID>1897</lisID>
        </identifiers>
        <lastName>Warner</lastName>
        <byRequestType />
        <middleName>R.</middleName>
        <firstName>Mark</firstName>
        <state>VA</state>
      </item>
    </sponsors>
    <recordedVotes />
    <updateDate>2018-08-28T20:25:17Z</updateDate>
    <billNumber>751</billNumber>
    <title>National Park Service Legacy Act of 2017</title>
    <relatedBills>
      <item>
        <latestAction>
          <actionDate>2018-03-20</actionDate>
          <text>Subcommittee Hearings Held.</text>
        </latestAction>
        <relationshipDetails>
          <item>
            <identifiedBy>CRS</identifiedBy>
            <type>Identical bill</type>
          </item>
        </relationshipDetails>
        <congress>115</congress>
        <latestTitle>National Park Service Legacy Act of 2017</latestTitle>
        <type>HR</type>
        <number>2584</number>
      </item>
      <item>
        <latestAction>
          <actionDate>2018-07-11</actionDate>
          <text>Committee on Energy and Natural Resources Subcommittee on National Parks. Hearings held.</text>
        </latestAction>
        <relationshipDetails>
          <item>
            <identifiedBy>CRS</identifiedBy>
            <type>Related bill</type>
          </item>
        </relationshipDetails>
        <congress>115</congress>
        <latestTitle>Restore Our Parks Act</latestTitle>
        <type>S</type>
        <number>3172</number>
      </item>
    </relatedBills>
    <amendments />
    <version>1.0.0</version>
    <laws />
    <cboCostEstimates />
    <billType>S</billType>
    <createDate>2017-03-29T05:08:05Z</createDate>
    <originChamber>Senate</originChamber>
    <summaries>
      <billSummaries>
        <item>
          <updateDate>2017-03-28T04:00:00Z</updateDate>
          <actionDate>2017-03-28</actionDate>
          <lastSummaryUpdateDate>2017-08-25T14:58:12Z</lastSummaryUpdateDate>
          <text><![CDATA[<p><b>National Park Service Legacy Act of 2017</b></p> <p>This bill: (1) establishes the National Park Service Legacy Restoration Fund, and (2) requires specified amounts of federal mineral revenues that are not otherwise credited, covered, or deposited pursuant to federal law to be deposited into such fund each fiscal year through FY2047. </p> <p>Amounts in the fund shall be used for meeting high-priority deferred maintenance needs of the National Park Service (NPS) as follows:</p> <ul> <li>20% shall be allocated to transportation-related projects that may be eligible for funding made available to the NPS through the federal lands transportation program or any similar federal land highway program administered by the Department of Transportation; and </li> <li>80% shall be allocated for the repair and rehabilitation of assets for certain projects that are not eligible for funding under such programs, including historic assets, nonhistoric assets related to visitor access, health and safety, and recreation, and visitor facilities, water and utility systems, and employee housing. </li> </ul> <p>No fund amounts may be used by the NPS to acquire land or to supplant discretionary funding made available for annually recurring facility operations and maintenance needs. </p> <p>As part of its annual budget submission, the NPS shall submit a prioritized list of deferred maintenance projects proposed to be funded by such fund during the fiscal year. </p>]]></text>
          <actionDesc>Introduced in Senate</actionDesc>
          <versionCode>00</versionCode>
          <name>Introduced in Senate</name>
        </item>
      </billSummaries>
    </summaries>
    <committeeReports />
    <calendarNumbers />
    <cosponsors>
      <item>
        <lastName>PORTMAN</lastName>
        <sponsorshipDate>2017-03-28</sponsorshipDate>
        <party>R</party>
        <fullName>Sen. Portman, Rob [R-OH]</fullName>
        <identifiers>
          <lisID>924</lisID>
          <gpoId>8266</gpoId>
          <bioguideId>P000449</bioguideId>
        </identifiers>
        <firstName>ROB</firstName>
        <sponsorshipWithdrawnDate />
        <state>OH</state>
        <middleName />
        <bioguideId>P000449</bioguideId>
        <isOriginalCosponsor>True</isOriginalCosponsor>
      </item>
      <item>
        <lastName>King</lastName>
        <sponsorshipDate>2017-03-28</sponsorshipDate>
        <party>I</party>
        <fullName>Sen. King, Angus S., Jr. [I-ME]</fullName>
        <identifiers>
          <bioguideId>K000383</bioguideId>
          <lisID>2185</lisID>
          <gpoId />
        </identifiers>
        <firstName>Angus</firstName>
        <sponsorshipWithdrawnDate />
        <state>ME</state>
        <middleName />
        <bioguideId>K000383</bioguideId>
        <isOriginalCosponsor>True</isOriginalCosponsor>
      </item>
      <item>
        <lastName>Kaine</lastName>
        <sponsorshipDate>2017-03-28</sponsorshipDate>
        <party>D</party>
        <fullName>Sen. Kaine, Tim [D-VA]</fullName>
        <identifiers>
          <lisID>2176</lisID>
          <bioguideId>K000384</bioguideId>
          <gpoId />
        </identifiers>
        <firstName>Timothy</firstName>
        <sponsorshipWithdrawnDate />
        <state>VA</state>
        <middleName />
        <bioguideId>K000384</bioguideId>
        <isOriginalCosponsor>True</isOriginalCosponsor>
      </item>
      <item>
        <lastName>Schatz</lastName>
        <sponsorshipDate>2017-03-29</sponsorshipDate>
        <party>D</party>
        <fullName>Sen. Schatz, Brian [D-HI]</fullName>
        <identifiers>
          <gpoId />
          <lisID>2173</lisID>
          <bioguideId>S001194</bioguideId>
        </identifiers>
        <firstName>Brian</firstName>
        <sponsorshipWithdrawnDate />
        <state>HI</state>
        <middleName />
        <bioguideId>S001194</bioguideId>
        <isOriginalCosponsor>False</isOriginalCosponsor>
      </item>
      <item>
        <lastName>COLLINS</lastName>
        <sponsorshipDate>2017-04-03</sponsorshipDate>
        <party>R</party>
        <fullName>Sen. Collins, Susan M. [R-ME]</fullName>
        <identifiers>
          <lisID>1541</lisID>
          <gpoId>8291</gpoId>
          <bioguideId>C001035</bioguideId>
        </identifiers>
        <firstName>SUSAN</firstName>
        <sponsorshipWithdrawnDate />
        <state>ME</state>
        <middleName>MARGARET</middleName>
        <bioguideId>C001035</bioguideId>
        <isOriginalCosponsor>False</isOriginalCosponsor>
      </item>
      <item>
        <lastName>Alexander</lastName>
        <sponsorshipDate>2017-04-05</sponsorshipDate>
        <party>R</party>
        <fullName>Sen. Alexander, Lamar [R-TN]</fullName>
        <identifiers>
          <lisID>1695</lisID>
          <gpoId>8304</gpoId>
          <bioguideId>A000360</bioguideId>
        </identifiers>
        <firstName>Lamar</firstName>
        <sponsorshipWithdrawnDate />
        <state>TN</state>
        <middleName />
        <bioguideId>A000360</bioguideId>
        <isOriginalCosponsor>False</isOriginalCosponsor>
      </item>
      <item>
        <lastName>FEINSTEIN</lastName>
        <sponsorshipDate>2017-04-05</sponsorshipDate>
        <party>D</party>
        <fullName>Sen. Feinstein, Dianne [D-CA]</fullName>
        <identifiers>
          <lisID>1332</lisID>
          <bioguideId>F000062</bioguideId>
          <gpoId>8338</gpoId>
        </identifiers>
        <firstName>DIANNE</firstName>
        <sponsorshipWithdrawnDate />
        <state>CA</state>
        <middleName />
        <bioguideId>F000062</bioguideId>
        <isOriginalCosponsor>False</isOriginalCosponsor>
      </item>
      <item>
        <lastName>Klobuchar</lastName>
        <sponsorshipDate>2017-04-24</sponsorshipDate>
        <party>D</party>
        <fullName>Sen. Klobuchar, Amy [D-MN]</fullName>
        <identifiers>
          <lisID>1826</lisID>
          <gpoId>8249</gpoId>
          <bioguideId>K000367</bioguideId>
        </identifiers>
        <firstName>Amy</firstName>
        <sponsorshipWithdrawnDate />
        <state>MN</state>
        <middleName />
        <bioguideId>K000367</bioguideId>
        <isOriginalCosponsor>False</isOriginalCosponsor>
      </item>
      <item>
        <lastName>Manchin</lastName>
        <sponsorshipDate>2017-04-27</sponsorshipDate>
        <party>D</party>
        <fullName>Sen. Manchin, Joe, III [D-WV]</fullName>
        <identifiers>
          <lisID>1983</lisID>
          <bioguideId>M001183</bioguideId>
          <gpoId>8256</gpoId>
        </identifiers>
        <firstName>Joe</firstName>
        <sponsorshipWithdrawnDate />
        <state>WV</state>
        <middleName />
        <bioguideId>M001183</bioguideId>
        <isOriginalCosponsor>False</isOriginalCosponsor>
      </item>
      <item>
        <lastName>CAPITO</lastName>
        <sponsorshipDate>2017-04-27</sponsorshipDate>
        <party>R</party>
        <fullName>Sen. Capito, Shelley Moore [R-WV]</fullName>
        <identifiers>
          <lisID>1676</lisID>
          <gpoId>8223</gpoId>
          <bioguideId>C001047</bioguideId>
        </identifiers>
        <firstName>SHELLEY</firstName>
        <sponsorshipWithdrawnDate />
        <state>WV</state>
        <middleName>MOORE</middleName>
        <bioguideId>C001047</bioguideId>
        <isOriginalCosponsor>False</isOriginalCosponsor>
      </item>
      <item>
        <lastName>MURRAY</lastName>
        <sponsorshipDate>2017-06-07</sponsorshipDate>
        <party>D</party>
        <fullName>Sen. Murray, Patty [D-WA]</fullName>
        <identifiers>
          <bioguideId>M001111</bioguideId>
          <lisID>1409</lisID>
          <gpoId>8237</gpoId>
        </identifiers>
        <firstName>PATTY</firstName>
        <sponsorshipWithdrawnDate />
        <state>WA</state>
        <middleName />
        <bioguideId>M001111</bioguideId>
        <isOriginalCosponsor>False</isOriginalCosponsor>
      </item>
      <item>
        <lastName>Hassan</lastName>
        <sponsorshipDate>2018-02-08</sponsorshipDate>
        <party>D</party>
        <fullName>Sen. Hassan, Margaret Wood [D-NH]</fullName>
        <identifiers>
          <lisID>2302</lisID>
          <bioguideId>H001076</bioguideId>
          <gpoId />
        </identifiers>
        <firstName>Margaret</firstName>
        <sponsorshipWithdrawnDate />
        <state>NH</state>
        <middleName>Wood</middleName>
        <bioguideId>H001076</bioguideId>
        <isOriginalCosponsor>False</isOriginalCosponsor>
      </item>
      <item>
        <lastName>NELSON</lastName>
        <sponsorshipDate>2018-02-08</sponsorshipDate>
        <party>D</party>
        <fullName>Sen. Nelson, Bill [D-FL]</fullName>
        <identifiers>
          <bioguideId>N000032</bioguideId>
          <lisID>859</lisID>
          <gpoId>8236</gpoId>
        </identifiers>
        <firstName>CLARENCE</firstName>
        <sponsorshipWithdrawnDate />
        <state>FL</state>
        <middleName>WILLIAM</middleName>
        <bioguideId>N000032</bioguideId>
        <isOriginalCosponsor>False</isOriginalCosponsor>
      </item>
      <item>
        <lastName>BROWN</lastName>
        <sponsorshipDate>2018-02-08</sponsorshipDate>
        <party>D</party>
        <fullName>Sen. Brown, Sherrod [D-OH]</fullName>
        <identifiers>
          <lisID>136</lisID>
          <bioguideId>B000944</bioguideId>
          <gpoId>8309</gpoId>
        </identifiers>
        <firstName>SHERROD</firstName>
        <sponsorshipWithdrawnDate />
        <state>OH</state>
        <middleName />
        <bioguideId>B000944</bioguideId>
        <isOriginalCosponsor>False</isOriginalCosponsor>
      </item>
      <item>
        <lastName>Coons</lastName>
        <sponsorshipDate>2018-02-12</sponsorshipDate>
        <party>D</party>
        <fullName>Sen. Coons, Christopher A. [D-DE]</fullName>
        <identifiers>
          <bioguideId>C001088</bioguideId>
          <lisID>1984</lisID>
          <gpoId>8297</gpoId>
        </identifiers>
        <firstName>Christopher</firstName>
        <sponsorshipWithdrawnDate />
        <state>DE</state>
        <middleName>A.</middleName>
        <bioguideId>C001088</bioguideId>
        <isOriginalCosponsor>False</isOriginalCosponsor>
      </item>
      <item>
        <lastName>Shaheen</lastName>
        <sponsorshipDate>2018-02-14</sponsorshipDate>
        <party>D</party>
        <fullName>Sen. Shaheen, Jeanne [D-NH]</fullName>
        <identifiers>
          <lisID>1901</lisID>
          <gpoId>8276</gpoId>
          <bioguideId>S001181</bioguideId>
        </identifiers>
        <firstName>Jeanne</firstName>
        <sponsorshipWithdrawnDate />
        <state>NH</state>
        <middleName />
        <bioguideId>S001181</bioguideId>
        <isOriginalCosponsor>False</isOriginalCosponsor>
      </item>
      <item>
        <lastName>Merkley</lastName>
        <sponsorshipDate>2018-02-14</sponsorshipDate>
        <party>D</party>
        <fullName>Sen. Merkley, Jeff [D-OR]</fullName>
        <identifiers>
          <lisID>1900</lisID>
          <bioguideId>M001176</bioguideId>
          <gpoId>8238</gpoId>
        </identifiers>
        <firstName>Jeff</firstName>
        <sponsorshipWithdrawnDate />
        <state>OR</state>
        <middleName />
        <bioguideId>M001176</bioguideId>
        <isOriginalCosponsor>False</isOriginalCosponsor>
      </item>
      <item>
        <lastName>Casey</lastName>
        <sponsorshipDate>2018-02-26</sponsorshipDate>
        <party>D</party>
        <fullName>Sen. Casey, Robert P., Jr. [D-PA]</fullName>
        <identifiers>
          <lisID>1828</lisID>
          <bioguideId>C001070</bioguideId>
          <gpoId>8282</gpoId>
        </identifiers>
        <firstName>Bob</firstName>
        <sponsorshipWithdrawnDate />
        <state>PA</state>
        <middleName />
        <bioguideId>C001070</bioguideId>
        <isOriginalCosponsor>False</isOriginalCosponsor>
      </item>
      <item>
        <lastName>Harris</lastName>
        <sponsorshipDate>2018-03-12</sponsorshipDate>
        <party>D</party>
        <fullName>Sen. Harris, Kamala D. [D-CA]</fullName>
        <identifiers>
          <bioguideId>H001075</bioguideId>
          <lisID>2301</lisID>
          <gpoId />
        </identifiers>
        <firstName>Kamala</firstName>
        <sponsorshipWithdrawnDate />
        <state>CA</state>
        <middleName>D.</middleName>
        <bioguideId>H001075</bioguideId>
        <isOriginalCosponsor>False</isOriginalCosponsor>
      </item>
      <item>
        <lastName>WYDEN</lastName>
        <sponsorshipDate>2018-05-10</sponsorshipDate>
        <party>D</party>
        <fullName>Sen. Wyden, Ron [D-OR]</fullName>
        <identifiers>
          <bioguideId>W000779</bioguideId>
          <lisID>1247</lisID>
          <gpoId>8265</gpoId>
        </identifiers>
        <firstName>RON</firstName>
        <sponsorshipWithdrawnDate />
        <state>OR</state>
        <middleName />
        <bioguideId>W000779</bioguideId>
        <isOriginalCosponsor>False</isOriginalCosponsor>
      </item>
      <item>
        <lastName>Duckworth</lastName>
        <sponsorshipDate>2018-05-22</sponsorshipDate>
        <party>D</party>
        <fullName>Sen. Duckworth, Tammy [D-IL]</fullName>
        <identifiers>
          <bioguideId>D000622</bioguideId>
          <lisID>2123</lisID>
          <gpoId />
        </identifiers>
        <firstName>Tammy</firstName>
        <sponsorshipWithdrawnDate />
        <state>IL</state>
        <middleName />
        <bioguideId>D000622</bioguideId>
        <isOriginalCosponsor>False</isOriginalCosponsor>
      </item>
    </cosponsors>
    <introducedDate>2017-03-28</introducedDate>
    <congress>115</congress>
    <subjects>
      <billSubjects>
        <legislativeSubjects>
          <item>
            <name>Charitable contributions</name>
          </item>
          <item>
            <name>Congressional oversight</name>
          </item>
          <item>
            <name>Department of the Interior</name>
          </item>
          <item>
            <name>Energy revenues and royalties</name>
          </item>
          <item>
            <name>Executive agency funding and structure</name>
          </item>
          <item>
            <name>Government trust funds</name>
          </item>
          <item>
            <name>Mining</name>
          </item>
          <item>
            <name>Oil and gas</name>
          </item>
          <item>
            <name>Parks, recreation areas, trails</name>
          </item>
          <item>
            <name>Public-private cooperation</name>
          </item>
          <item>
            <name>Roads and highways</name>
          </item>
          <item>
            <name>Transportation programs funding</name>
          </item>
        </legislativeSubjects>
        <policyArea>
          <name>Public Lands and Natural Resources</name>
        </policyArea>
      </billSubjects>
    </subjects>
  </bill>
  <dublinCore xmlns:dc="http://purl.org/dc/elements/1.1/">
    <dc:format>text/xml</dc:format>
    <dc:language>EN</dc:language>
    <dc:rights>Pursuant to Title 17 Section 105 of the United States Code, this file is not subject to copyright protection and is in the public domain.</dc:rights>
    <dc:contributor>Congressional Research Service, Library of Congress</dc:contributor>
    <dc:description>This file contains bill summaries and statuses for federal legislation. A bill summary describes the most significant provisions of a piece of legislation and details the effects the legislative text may have on current law and federal programs. Bill summaries are authored by the Congressional Research Service (CRS) of the Library of Congress. As stated in Public Law 91-510 (2 USC 166 (d)(6)), one of the duties of CRS is "to prepare summaries and digests of bills and resolutions of a public general nature introduced in the Senate or House of Representatives". For more information, refer to the User Guide that accompanies this file.</dc:description>
  </dublinCore>
</billStatus>

