<?xml version="1.0" encoding="UTF-8"?>
<billStatus>
  <bill>
    <sponsors>
      <item>
        <middleName />
        <party>R</party>
        <bioguideId>G000562</bioguideId>
        <lastName>Gardner</lastName>
        <firstName>Cory</firstName>
        <state>CO</state>
        <identifiers>
          <bioguideId>G000562</bioguideId>
          <lisID>1998</lisID>
          <gpoId>7862</gpoId>
        </identifiers>
        <fullName>Sen. Gardner, Cory [R-CO]</fullName>
        <byRequestType />
      </item>
    </sponsors>
    <version>1.0.0</version>
    <createDate>2017-02-03T05:17:31Z</createDate>
    <committeeReports>
      <committeeReport>
        <citation>S. Rept. 115-38</citation>
      </committeeReport>
    </committeeReports>
    <latestAction>
      <text>Placed on Senate Legislative Calendar under General Orders. Calendar No. 52.</text>
      <links />
      <actionDate>2017-05-03</actionDate>
    </latestAction>
    <notes />
    <introducedDate>2017-02-02</introducedDate>
    <committees>
      <billCommittees>
        <item>
          <activities>
            <item>
              <date>2017-05-03T22:44:56Z</date>
              <name>Reported by</name>
            </item>
            <item>
              <date>2017-03-30T13:30:00Z</date>
              <name>Markup by</name>
            </item>
            <item>
              <date>2017-02-02T19:46:54Z</date>
              <name>Referred to</name>
            </item>
          </activities>
          <type>Standing</type>
          <chamber>Senate</chamber>
          <systemCode>sseg00</systemCode>
          <name>Energy and Natural Resources Committee</name>
          <subcommittees />
        </item>
      </billCommittees>
    </committees>
    <relatedBills>
      <item>
        <type>HR</type>
        <latestTitle>To update the map of, and modify the maximum acreage available for inclusion in, the Florissant Fossil Beds National Monument.</latestTitle>
        <congress>115</congress>
        <latestAction>
          <text>Received in the Senate and Read twice and referred to the Committee on Energy and Natural Resources.</text>
          <actionDate>2018-03-20</actionDate>
        </latestAction>
        <number>835</number>
        <relationshipDetails>
          <item>
            <identifiedBy>CRS</identifiedBy>
            <type>Identical bill</type>
          </item>
          <item>
            <identifiedBy>House</identifiedBy>
            <type>Related bill</type>
          </item>
        </relationshipDetails>
      </item>
    </relatedBills>
    <billNumber>287</billNumber>
    <subjects>
      <billSubjects>
        <legislativeSubjects>
          <item>
            <name>Colorado</name>
          </item>
          <item>
            <name>Earth sciences</name>
          </item>
          <item>
            <name>Land transfers</name>
          </item>
          <item>
            <name>Monuments and memorials</name>
          </item>
          <item>
            <name>Parks, recreation areas, trails</name>
          </item>
          <item>
            <name>Wilderness and natural areas, wildlife refuges, wild rivers, habitats</name>
          </item>
        </legislativeSubjects>
        <policyArea>
          <name>Public Lands and Natural Resources</name>
        </policyArea>
      </billSubjects>
    </subjects>
    <amendments />
    <originChamber>Senate</originChamber>
    <cboCostEstimates>
      <item>
        <pubDate>2017-04-10T20:46:49Z</pubDate>
        <title>S. 287, a bill to update the map of, and modify the maximum acreage available for inclusion in, the Florissant Fossil Beds National Monument</title>
        <url>https://www.cbo.gov/publication/52609</url>
      </item>
    </cboCostEstimates>
    <policyArea>
      <name>Public Lands and Natural Resources</name>
    </policyArea>
    <congress>115</congress>
    <actions>
      <item>
        <actionDate>2017-05-03</actionDate>
        <committee />
        <links />
        <sourceSystem>
          <code>0</code>
          <name>Senate</name>
        </sourceSystem>
        <text>Placed on Senate Legislative Calendar under General Orders. Calendar No. 52.</text>
        <type>Calendars</type>
      </item>
      <item>
        <actionDate>2017-05-03</actionDate>
        <committee>
          <systemCode>sseg00</systemCode>
          <name>Energy and Natural Resources Committee</name>
        </committee>
        <links>
          <link>
            <name>report No. 115-38</name>
            <url>https://www.congress.gov/congressional-report/115th-congress/senate-report/38</url>
          </link>
        </links>
        <sourceSystem>
          <code>0</code>
          <name>Senate</name>
        </sourceSystem>
        <text>Committee on Energy and Natural Resources. Reported by Senator Murkowski without amendment. With written report No. 115-38.</text>
        <type>Committee</type>
      </item>
      <item>
        <text>Committee on Energy and Natural Resources. Reported by Senator Murkowski without amendment. With written report No. 115-38.</text>
        <type>Committee</type>
        <committee>
          <systemCode>sseg00</systemCode>
          <name>Energy and Natural Resources Committee</name>
        </committee>
        <actionDate>2017-05-03</actionDate>
        <links>
          <link>
            <name>report No. 115-38</name>
            <url>https://www.congress.gov/congressional-report/115th-congress/senate-report/38</url>
          </link>
        </links>
        <actionCode>14000</actionCode>
        <sourceSystem>
          <code>9</code>
          <name>Library of Congress</name>
        </sourceSystem>
      </item>
      <item>
        <actionDate>2017-03-30</actionDate>
        <committee>
          <systemCode>sseg00</systemCode>
          <name>Energy and Natural Resources Committee</name>
        </committee>
        <links />
        <sourceSystem>
          <code>0</code>
          <name>Senate</name>
        </sourceSystem>
        <text>Committee on Energy and Natural Resources. Ordered to be reported without amendment favorably.</text>
        <type>Committee</type>
      </item>
      <item>
        <actionDate>2017-02-02</actionDate>
        <committee>
          <systemCode>sseg00</systemCode>
          <name>Energy and Natural Resources Committee</name>
        </committee>
        <links />
        <sourceSystem>
          <code>0</code>
          <name>Senate</name>
        </sourceSystem>
        <text>Read twice and referred to the Committee on Energy and Natural Resources.</text>
        <type>IntroReferral</type>
      </item>
      <item>
        <text>Introduced in Senate</text>
        <type>IntroReferral</type>
        <committee />
        <actionDate>2017-02-02</actionDate>
        <links />
        <actionCode>10000</actionCode>
        <sourceSystem>
          <code>9</code>
          <name>Library of Congress</name>
        </sourceSystem>
      </item>
      <actionByCounts>
        <senate>6</senate>
      </actionByCounts>
      <actionTypeCounts>
        <orderedReported>1</orderedReported>
        <placedOnCalendarGeneralOrders>1</placedOnCalendarGeneralOrders>
        <reportedToSenate>2</reportedToSenate>
        <introducedInSenate>1</introducedInSenate>
        <referredToCommittee>1</referredToCommittee>
      </actionTypeCounts>
    </actions>
    <recordedVotes />
    <laws />
    <cosponsors>
      <item>
        <party>D</party>
        <state>CO</state>
        <bioguideId>B001267</bioguideId>
        <sponsorshipWithdrawnDate />
        <lastName>Bennet</lastName>
        <fullName>Sen. Bennet, Michael F. [D-CO]</fullName>
        <firstName>Michael</firstName>
        <sponsorshipDate>2017-02-02</sponsorshipDate>
        <middleName>F.</middleName>
        <isOriginalCosponsor>True</isOriginalCosponsor>
        <identifiers>
          <bioguideId>B001267</bioguideId>
          <lisID>1965</lisID>
          <gpoId>8302</gpoId>
        </identifiers>
      </item>
    </cosponsors>
    <titles>
      <item>
        <chamberCode />
        <titleType>Official Title as Introduced</titleType>
        <chamberName />
        <title>A bill to update the map of, and modify the maximum acreage available for inclusion in, the Florissant Fossil Beds National Monument.</title>
        <parentTitleType />
      </item>
      <item>
        <chamberCode />
        <titleType>Display Title</titleType>
        <chamberName />
        <title>A bill to update the map of, and modify the maximum acreage available for inclusion in, the Florissant Fossil Beds National Monument.</title>
        <parentTitleType />
      </item>
    </titles>
    <updateDate>2018-08-28T20:23:29Z</updateDate>
    <calendarNumbers>
      <item>
        <number>0052</number>
        <calendar>Senate Calendar of Business</calendar>
      </item>
    </calendarNumbers>
    <billType>S</billType>
    <summaries>
      <billSummaries>
        <item>
          <actionDesc>Introduced in Senate</actionDesc>
          <name>Introduced in Senate</name>
          <text><![CDATA[<p> This bill revises the title, number, and date of the map depicting the Florissant Fossil Beds National Monument in Colorado and increases from 6,000 to 6,300 the maximum number of acres that may be made available for inclusion in the monument.</p>]]></text>
          <versionCode>00</versionCode>
          <lastSummaryUpdateDate>2017-02-27T20:18:27Z</lastSummaryUpdateDate>
          <updateDate>2017-02-02T05:00:00Z</updateDate>
          <actionDate>2017-02-02</actionDate>
        </item>
        <item>
          <actionDesc>Reported to Senate without amendment</actionDesc>
          <name>Reported to Senate without amendment</name>
          <text><![CDATA[<p>(This measure has not been amended since it was introduced. The summary has been expanded because action occurred on the measure.)</p> <p> (Sec. 1) This bill revises the title, number, and date of the map depicting the Florissant Fossil Beds National Monument in Colorado and increases from 6,000 to 6,300 the maximum number of acres that may be made available for inclusion in the monument.</p>]]></text>
          <versionCode>80</versionCode>
          <lastSummaryUpdateDate>2017-06-01T20:00:03Z</lastSummaryUpdateDate>
          <updateDate>2017-05-03T14:41:06Z</updateDate>
          <actionDate>2017-05-03</actionDate>
        </item>
      </billSummaries>
    </summaries>
    <title>A bill to update the map of, and modify the maximum acreage available for inclusion in, the Florissant Fossil Beds National Monument.</title>
  </bill>
  <dublinCore xmlns:dc="http://purl.org/dc/elements/1.1/">
    <dc:format>text/xml</dc:format>
    <dc:language>EN</dc:language>
    <dc:rights>Pursuant to Title 17 Section 105 of the United States Code, this file is not subject to copyright protection and is in the public domain.</dc:rights>
    <dc:contributor>Congressional Research Service, Library of Congress</dc:contributor>
    <dc:description>This file contains bill summaries and statuses for federal legislation. A bill summary describes the most significant provisions of a piece of legislation and details the effects the legislative text may have on current law and federal programs. Bill summaries are authored by the Congressional Research Service (CRS) of the Library of Congress. As stated in Public Law 91-510 (2 USC 166 (d)(6)), one of the duties of CRS is "to prepare summaries and digests of bills and resolutions of a public general nature introduced in the Senate or House of Representatives". For more information, refer to the User Guide that accompanies this file.</dc:description>
  </dublinCore>
</billStatus>

