<?xml version="1.0" encoding="UTF-8"?>
<billStatus>
  <bill>
    <congress>115</congress>
    <billNumber>12</billNumber>
    <cosponsors>
      <item>
        <sponsorshipWithdrawnDate />
        <sponsorshipDate>2017-01-03</sponsorshipDate>
        <party>D</party>
        <state>CT</state>
        <middleName />
        <isOriginalCosponsor>True</isOriginalCosponsor>
        <bioguideId>B001277</bioguideId>
        <lastName>Blumenthal</lastName>
        <firstName>Richard</firstName>
        <identifiers>
          <gpoId>8332</gpoId>
          <bioguideId>B001277</bioguideId>
          <lisID>2076</lisID>
        </identifiers>
        <fullName>Sen. Blumenthal, Richard [D-CT]</fullName>
      </item>
      <item>
        <sponsorshipWithdrawnDate />
        <sponsorshipDate>2017-01-03</sponsorshipDate>
        <party>D</party>
        <state>CO</state>
        <middleName>F.</middleName>
        <isOriginalCosponsor>True</isOriginalCosponsor>
        <bioguideId>B001267</bioguideId>
        <lastName>Bennet</lastName>
        <firstName>Michael</firstName>
        <identifiers>
          <lisID>1965</lisID>
          <gpoId>8302</gpoId>
          <bioguideId>B001267</bioguideId>
        </identifiers>
        <fullName>Sen. Bennet, Michael F. [D-CO]</fullName>
      </item>
    </cosponsors>
    <subjects>
      <billSubjects>
        <legislativeSubjects>
          <item>
            <name>Congressional oversight</name>
          </item>
          <item>
            <name>Department of Veterans Affairs</name>
          </item>
          <item>
            <name>Employee performance</name>
          </item>
          <item>
            <name>Federal officials</name>
          </item>
          <item>
            <name>Government employee pay, benefits, personnel management</name>
          </item>
          <item>
            <name>Government ethics and transparency, public corruption</name>
          </item>
          <item>
            <name>Public contracts and procurement</name>
          </item>
        </legislativeSubjects>
        <policyArea>
          <name>Armed Forces and National Security</name>
        </policyArea>
      </billSubjects>
    </subjects>
    <relatedBills />
    <latestAction>
      <links />
      <text>Read twice and referred to the Committee on Veterans' Affairs.</text>
      <actionDate>2017-01-03</actionDate>
    </latestAction>
    <updateDate>2017-01-10T10:33:58Z</updateDate>
    <actions>
      <actionByCounts>
        <senate>2</senate>
      </actionByCounts>
      <actionTypeCounts>
        <introducedInSenate>1</introducedInSenate>
        <referredToCommittee>1</referredToCommittee>
      </actionTypeCounts>
      <item>
        <actionDate>2017-01-03</actionDate>
        <committee>
          <systemCode>ssva00</systemCode>
          <name>Veterans' Affairs Committee</name>
        </committee>
        <links />
        <sourceSystem>
          <name>Senate</name>
          <code>0</code>
        </sourceSystem>
        <text>Read twice and referred to the Committee on Veterans' Affairs.</text>
        <type>IntroReferral</type>
      </item>
      <item>
        <type>IntroReferral</type>
        <text>Introduced in Senate</text>
        <actionCode>10000</actionCode>
        <sourceSystem>
          <name>Library of Congress</name>
          <code>9</code>
        </sourceSystem>
        <links />
        <committee />
        <actionDate>2017-01-03</actionDate>
      </item>
    </actions>
    <billType>S</billType>
    <committeeReports />
    <originChamber>Senate</originChamber>
    <notes />
    <policyArea>
      <name>Armed Forces and National Security</name>
    </policyArea>
    <committees>
      <billCommittees>
        <item>
          <type>Standing</type>
          <chamber>Senate</chamber>
          <activities>
            <item>
              <date>2017-01-03T18:08:14Z</date>
              <name>Referred to</name>
            </item>
          </activities>
          <subcommittees />
          <systemCode>ssva00</systemCode>
          <name>Veterans' Affairs Committee</name>
        </item>
      </billCommittees>
    </committees>
    <createDate>2017-01-04T04:47:42Z</createDate>
    <title>Increasing the Department of Veterans Affairs Accountability to Veterans Act of 2017</title>
    <titles>
      <item>
        <titleType>Short Titles as Introduced</titleType>
        <chamberName />
        <title>Increasing the Department of Veterans Affairs Accountability to Veterans Act of 2017</title>
        <chamberCode />
        <parentTitleType />
      </item>
      <item>
        <titleType>Official Title as Introduced</titleType>
        <chamberName />
        <title>A bill to amend title 38, United States Code, to improve the accountability of employees of the Department of Veterans Affairs, and for other purposes.</title>
        <chamberCode />
        <parentTitleType />
      </item>
      <item>
        <titleType>Display Title</titleType>
        <chamberName />
        <title>Increasing the Department of Veterans Affairs Accountability to Veterans Act of 2017</title>
        <chamberCode />
        <parentTitleType />
      </item>
    </titles>
    <recordedVotes />
    <cboCostEstimates />
    <laws />
    <summaries>
      <billSummaries />
    </summaries>
    <calendarNumbers />
    <introducedDate>2017-01-03</introducedDate>
    <amendments />
    <sponsors>
      <item>
        <lastName>MORAN</lastName>
        <identifiers>
          <lisID>1507</lisID>
          <gpoId>8307</gpoId>
          <bioguideId>M000934</bioguideId>
        </identifiers>
        <byRequestType />
        <middleName />
        <state>KS</state>
        <firstName>JERRY</firstName>
        <party>R</party>
        <fullName>Sen. Moran, Jerry [R-KS]</fullName>
        <bioguideId>M000934</bioguideId>
      </item>
    </sponsors>
  </bill>
  <dublinCore xmlns:dc="http://purl.org/dc/elements/1.1/">
    <dc:format>text/xml</dc:format>
    <dc:language>EN</dc:language>
    <dc:rights>Pursuant to Title 17 Section 105 of the United States Code, this file is not subject to copyright protection and is in the public domain.</dc:rights>
    <dc:contributor>Congressional Research Service, Library of Congress</dc:contributor>
    <dc:description>This file contains bill summaries and statuses for federal legislation. A bill summary describes the most significant provisions of a piece of legislation and details the effects the legislative text may have on current law and federal programs. Bill summaries are authored by the Congressional Research Service (CRS) of the Library of Congress. As stated in Public Law 91-510 (2 USC 166 (d)(6)), one of the duties of CRS is "to prepare summaries and digests of bills and resolutions of a public general nature introduced in the Senate or House of Representatives". For more information, refer to the User Guide that accompanies this file.</dc:description>
  </dublinCore>
</billStatus>

