<?xml version="1.0" encoding="UTF-8"?>
<billStatus>
  <bill>
    <calendarNumbers />
    <amendments />
    <committeeReports />
    <laws />
    <summaries>
      <billSummaries>
        <item>
          <updateDate>2017-03-09T05:00:00Z</updateDate>
          <actionDate>2017-03-09</actionDate>
          <versionCode>00</versionCode>
          <name>Introduced in Senate</name>
          <text><![CDATA[<p><b>Senator Paul Simon Study Abroad Program Act of 2017</b></p> <p>This bill amends title VII (Graduate and Postsecondary Improvement Programs) of the Higher Education Act of 1965 to establish, as part of the Fund for the Improvement of Postsecondary Education (FIPSE) program, the Senator Paul Simon Study Abroad Program.</p> <p>It authorizes the Department of Education, under the FIPSE program, to award Senator Paul Simon Study Abroad Program grants to institutions of higher education (IHEs), or consortia of IHEs, to provide and expand study abroad opportunities for undergraduate students.</p>]]></text>
          <lastSummaryUpdateDate>2017-07-24T21:46:38Z</lastSummaryUpdateDate>
          <actionDesc>Introduced in Senate</actionDesc>
        </item>
      </billSummaries>
    </summaries>
    <relatedBills />
    <createDate>2017-03-10T05:16:41Z</createDate>
    <latestAction>
      <links />
      <actionDate>2017-03-09</actionDate>
      <text>Read twice and referred to the Committee on Health, Education, Labor, and Pensions. (Sponsor introductory remarks on measure: CR S1748)</text>
    </latestAction>
    <sponsors>
      <item>
        <party>D</party>
        <state>IL</state>
        <bioguideId>D000563</bioguideId>
        <middleName>J.</middleName>
        <lastName>DURBIN</lastName>
        <fullName>Sen. Durbin, Richard J. [D-IL]</fullName>
        <firstName>RICHARD</firstName>
        <byRequestType />
        <identifiers>
          <lisID>326</lisID>
          <gpoId>8326</gpoId>
          <bioguideId>D000563</bioguideId>
        </identifiers>
      </item>
    </sponsors>
    <billNumber>601</billNumber>
    <updateDate>2018-08-28T20:24:41Z</updateDate>
    <cboCostEstimates />
    <notes />
    <titles>
      <item>
        <title>Senator Paul Simon Study Abroad Program Act of 2017</title>
        <titleType>Short Titles as Introduced</titleType>
        <parentTitleType />
        <chamberCode />
        <chamberName />
      </item>
      <item>
        <title>A bill to ensure that significantly more students graduate college with the international knowledge and experience essential for success in today's global economy through the establishment of the Senator Paul Simon Study Abroad Program in the Department of Education.</title>
        <titleType>Official Title as Introduced</titleType>
        <parentTitleType />
        <chamberCode />
        <chamberName />
      </item>
      <item>
        <title>Senator Paul Simon Study Abroad Program Act of 2017</title>
        <titleType>Display Title</titleType>
        <parentTitleType />
        <chamberCode />
        <chamberName />
      </item>
      <item>
        <title>Senator Paul Simon Study Abroad Program Act of 2017</title>
        <titleType>(Extracted from GPO) Short Titles as Introduced</titleType>
        <parentTitleType />
        <chamberCode />
        <chamberName />
      </item>
    </titles>
    <introducedDate>2017-03-09</introducedDate>
    <subjects>
      <billSubjects>
        <policyArea>
          <name>Education</name>
        </policyArea>
        <legislativeSubjects>
          <item>
            <name>Area studies and international education</name>
          </item>
          <item>
            <name>Education programs funding</name>
          </item>
          <item>
            <name>Higher education</name>
          </item>
          <item>
            <name>International exchange and broadcasting</name>
          </item>
        </legislativeSubjects>
      </billSubjects>
    </subjects>
    <billType>S</billType>
    <originChamber>Senate</originChamber>
    <title>Senator Paul Simon Study Abroad Program Act of 2017</title>
    <cosponsors>
      <item>
        <bioguideId>W000437</bioguideId>
        <party>R</party>
        <firstName>ROGER</firstName>
        <fullName>Sen. Wicker, Roger F. [R-MS]</fullName>
        <lastName>WICKER</lastName>
        <state>MS</state>
        <isOriginalCosponsor>True</isOriginalCosponsor>
        <middleName>F.</middleName>
        <identifiers>
          <lisID>1226</lisID>
          <bioguideId>W000437</bioguideId>
          <gpoId>8263</gpoId>
        </identifiers>
        <sponsorshipDate>2017-03-09</sponsorshipDate>
        <sponsorshipWithdrawnDate />
      </item>
      <item>
        <bioguideId>R000122</bioguideId>
        <party>D</party>
        <firstName>JOHN</firstName>
        <fullName>Sen. Reed, Jack [D-RI]</fullName>
        <lastName>REED</lastName>
        <state>RI</state>
        <isOriginalCosponsor>True</isOriginalCosponsor>
        <middleName>F.</middleName>
        <identifiers>
          <lisID>949</lisID>
          <gpoId>8272</gpoId>
          <bioguideId>R000122</bioguideId>
        </identifiers>
        <sponsorshipDate>2017-03-09</sponsorshipDate>
        <sponsorshipWithdrawnDate />
      </item>
      <item>
        <bioguideId>C000567</bioguideId>
        <party>R</party>
        <firstName>Thad</firstName>
        <fullName>Sen. Cochran, Thad [R-MS]</fullName>
        <lastName>Cochran</lastName>
        <state>MS</state>
        <isOriginalCosponsor>True</isOriginalCosponsor>
        <middleName />
        <identifiers>
          <lisID>213</lisID>
          <bioguideId>C000567</bioguideId>
          <gpoId>8292</gpoId>
        </identifiers>
        <sponsorshipDate>2017-03-09</sponsorshipDate>
        <sponsorshipWithdrawnDate />
      </item>
      <item>
        <bioguideId>M001176</bioguideId>
        <party>D</party>
        <firstName>Jeff</firstName>
        <fullName>Sen. Merkley, Jeff [D-OR]</fullName>
        <lastName>Merkley</lastName>
        <state>OR</state>
        <isOriginalCosponsor>True</isOriginalCosponsor>
        <middleName />
        <identifiers>
          <bioguideId>M001176</bioguideId>
          <gpoId>8238</gpoId>
          <lisID>1900</lisID>
        </identifiers>
        <sponsorshipDate>2017-03-09</sponsorshipDate>
        <sponsorshipWithdrawnDate />
      </item>
      <item>
        <bioguideId>B000944</bioguideId>
        <party>D</party>
        <firstName>SHERROD</firstName>
        <fullName>Sen. Brown, Sherrod [D-OH]</fullName>
        <lastName>BROWN</lastName>
        <state>OH</state>
        <isOriginalCosponsor>True</isOriginalCosponsor>
        <middleName />
        <identifiers>
          <lisID>136</lisID>
          <bioguideId>B000944</bioguideId>
          <gpoId>8309</gpoId>
        </identifiers>
        <sponsorshipDate>2017-03-09</sponsorshipDate>
        <sponsorshipWithdrawnDate />
      </item>
      <item>
        <bioguideId>F000062</bioguideId>
        <party>D</party>
        <firstName>DIANNE</firstName>
        <fullName>Sen. Feinstein, Dianne [D-CA]</fullName>
        <lastName>FEINSTEIN</lastName>
        <state>CA</state>
        <isOriginalCosponsor>False</isOriginalCosponsor>
        <middleName />
        <identifiers>
          <bioguideId>F000062</bioguideId>
          <lisID>1332</lisID>
          <gpoId>8338</gpoId>
        </identifiers>
        <sponsorshipDate>2017-04-24</sponsorshipDate>
        <sponsorshipWithdrawnDate />
      </item>
      <item>
        <bioguideId>S001181</bioguideId>
        <party>D</party>
        <firstName>Jeanne</firstName>
        <fullName>Sen. Shaheen, Jeanne [D-NH]</fullName>
        <lastName>Shaheen</lastName>
        <state>NH</state>
        <isOriginalCosponsor>False</isOriginalCosponsor>
        <middleName />
        <identifiers>
          <lisID>1901</lisID>
          <gpoId>8276</gpoId>
          <bioguideId>S001181</bioguideId>
        </identifiers>
        <sponsorshipDate>2018-03-22</sponsorshipDate>
        <sponsorshipWithdrawnDate />
      </item>
      <item>
        <bioguideId>C001088</bioguideId>
        <party>D</party>
        <firstName>Christopher</firstName>
        <fullName>Sen. Coons, Christopher A. [D-DE]</fullName>
        <lastName>Coons</lastName>
        <state>DE</state>
        <isOriginalCosponsor>False</isOriginalCosponsor>
        <middleName>A.</middleName>
        <identifiers>
          <bioguideId>C001088</bioguideId>
          <gpoId>8297</gpoId>
          <lisID>1984</lisID>
        </identifiers>
        <sponsorshipDate>2018-06-06</sponsorshipDate>
        <sponsorshipWithdrawnDate />
      </item>
    </cosponsors>
    <recordedVotes />
    <policyArea>
      <name>Education</name>
    </policyArea>
    <committees>
      <billCommittees>
        <item>
          <systemCode>sshr00</systemCode>
          <subcommittees />
          <activities>
            <item>
              <name>Referred to</name>
              <date>2017-03-09T21:39:08Z</date>
            </item>
          </activities>
          <name>Health, Education, Labor, and Pensions Committee</name>
          <chamber>Senate</chamber>
          <type>Standing</type>
        </item>
      </billCommittees>
    </committees>
    <actions>
      <actionTypeCounts>
        <introducedInSenate>1</introducedInSenate>
        <referredToCommittee>1</referredToCommittee>
      </actionTypeCounts>
      <item>
        <actionDate>2017-03-09</actionDate>
        <committee>
          <systemCode>sshr00</systemCode>
          <name>Health, Education, Labor, and Pensions Committee</name>
        </committee>
        <links>
          <link>
            <name>S1748</name>
            <url>https://www.congress.gov/congressional-record/volume-163/senate-section/page/S1748</url>
          </link>
        </links>
        <sourceSystem>
          <name>Senate</name>
          <code>0</code>
        </sourceSystem>
        <text>Read twice and referred to the Committee on Health, Education, Labor, and Pensions. (Sponsor introductory remarks on measure: CR S1748)</text>
        <type>IntroReferral</type>
      </item>
      <item>
        <actionDate>2017-03-09</actionDate>
        <links />
        <text>Introduced in Senate</text>
        <type>IntroReferral</type>
        <actionCode>10000</actionCode>
        <sourceSystem>
          <name>Library of Congress</name>
          <code>9</code>
        </sourceSystem>
        <committee />
      </item>
      <actionByCounts>
        <senate>2</senate>
      </actionByCounts>
    </actions>
    <version>1.0.0</version>
    <congress>115</congress>
  </bill>
  <dublinCore xmlns:dc="http://purl.org/dc/elements/1.1/">
    <dc:format>text/xml</dc:format>
    <dc:language>EN</dc:language>
    <dc:rights>Pursuant to Title 17 Section 105 of the United States Code, this file is not subject to copyright protection and is in the public domain.</dc:rights>
    <dc:contributor>Congressional Research Service, Library of Congress</dc:contributor>
    <dc:description>This file contains bill summaries and statuses for federal legislation. A bill summary describes the most significant provisions of a piece of legislation and details the effects the legislative text may have on current law and federal programs. Bill summaries are authored by the Congressional Research Service (CRS) of the Library of Congress. As stated in Public Law 91-510 (2 USC 166 (d)(6)), one of the duties of CRS is "to prepare summaries and digests of bills and resolutions of a public general nature introduced in the Senate or House of Representatives". For more information, refer to the User Guide that accompanies this file.</dc:description>
  </dublinCore>
</billStatus>

