<?xml version="1.0" encoding="UTF-8"?>
<billStatus>
  <bill>
    <laws />
    <committeeReports />
    <recordedVotes />
    <originChamber>Senate</originChamber>
    <congress>115</congress>
    <createDate>2017-01-06T04:57:27Z</createDate>
    <summaries>
      <billSummaries />
    </summaries>
    <relatedBills />
    <introducedDate>2017-01-05</introducedDate>
    <committees>
      <billCommittees>
        <item>
          <chamber>Senate</chamber>
          <activities>
            <item>
              <name>Referred to</name>
              <date>2017-01-05T17:10:15Z</date>
            </item>
          </activities>
          <subcommittees />
          <name>Judiciary Committee</name>
          <type>Standing</type>
          <systemCode>ssju00</systemCode>
        </item>
      </billCommittees>
    </committees>
    <updateDate>2017-01-20T09:55:47Z</updateDate>
    <title>Keep Our Communities Safe Act of 2017</title>
    <policyArea />
    <notes />
    <titles>
      <item>
        <chamberCode />
        <titleType>Short Titles as Introduced</titleType>
        <parentTitleType />
        <chamberName />
        <title>Keep Our Communities Safe Act of 2017</title>
      </item>
      <item>
        <chamberCode />
        <titleType>Official Title as Introduced</titleType>
        <parentTitleType />
        <chamberName />
        <title>A bill to amend the Immigration and Nationality Act to provide for extensions of detention of certain aliens ordered removed, and for other purposes.</title>
      </item>
      <item>
        <chamberCode />
        <titleType>Display Title</titleType>
        <parentTitleType />
        <chamberName />
        <title>Keep Our Communities Safe Act of 2017</title>
      </item>
    </titles>
    <amendments />
    <cboCostEstimates />
    <billNumber>36</billNumber>
    <billType>S</billType>
    <actions>
      <actionTypeCounts>
        <introducedInSenate>1</introducedInSenate>
        <referredToCommittee>1</referredToCommittee>
      </actionTypeCounts>
      <actionByCounts>
        <senate>2</senate>
      </actionByCounts>
      <item>
        <actionDate>2017-01-05</actionDate>
        <committee>
          <name>Judiciary Committee</name>
          <systemCode>ssju00</systemCode>
        </committee>
        <links />
        <sourceSystem>
          <code>0</code>
          <name>Senate</name>
        </sourceSystem>
        <text>Read twice and referred to the Committee on the Judiciary.</text>
        <type>IntroReferral</type>
      </item>
      <item>
        <committee />
        <links />
        <actionCode>10000</actionCode>
        <type>IntroReferral</type>
        <sourceSystem>
          <code>9</code>
          <name>Library of Congress</name>
        </sourceSystem>
        <actionDate>2017-01-05</actionDate>
        <text>Introduced in Senate</text>
      </item>
    </actions>
    <calendarNumbers />
    <cosponsors>
      <item>
        <middleName>ERNEST</middleName>
        <party>R</party>
        <fullName>Sen. Grassley, Chuck [R-IA]</fullName>
        <state>IA</state>
        <firstName>CHARLES</firstName>
        <lastName>GRASSLEY</lastName>
        <bioguideId>G000386</bioguideId>
        <sponsorshipDate>2017-01-05</sponsorshipDate>
        <isOriginalCosponsor>True</isOriginalCosponsor>
        <sponsorshipWithdrawnDate />
        <identifiers>
          <gpoId>8316</gpoId>
          <lisID>457</lisID>
          <bioguideId>G000386</bioguideId>
        </identifiers>
      </item>
      <item>
        <middleName />
        <party>R</party>
        <fullName>Sen. Cruz, Ted [R-TX]</fullName>
        <state>TX</state>
        <firstName>Ted</firstName>
        <lastName>Cruz</lastName>
        <bioguideId>C001098</bioguideId>
        <sponsorshipDate>2017-01-05</sponsorshipDate>
        <isOriginalCosponsor>True</isOriginalCosponsor>
        <sponsorshipWithdrawnDate />
        <identifiers>
          <lisID>2175</lisID>
          <bioguideId>C001098</bioguideId>
          <gpoId />
        </identifiers>
      </item>
      <item>
        <middleName />
        <party>R</party>
        <fullName>Sen. Cotton, Tom [R-AR]</fullName>
        <state>AR</state>
        <firstName>Tom</firstName>
        <lastName>Cotton</lastName>
        <bioguideId>C001095</bioguideId>
        <sponsorshipDate>2017-01-05</sponsorshipDate>
        <isOriginalCosponsor>True</isOriginalCosponsor>
        <sponsorshipWithdrawnDate />
        <identifiers>
          <bioguideId>C001095</bioguideId>
          <gpoId />
          <lisID>2098</lisID>
        </identifiers>
      </item>
      <item>
        <middleName />
        <party>R</party>
        <fullName>Sen. Boozman, John [R-AR]</fullName>
        <state>AR</state>
        <firstName>John</firstName>
        <lastName>Boozman</lastName>
        <bioguideId>B001236</bioguideId>
        <sponsorshipDate>2017-01-05</sponsorshipDate>
        <isOriginalCosponsor>True</isOriginalCosponsor>
        <sponsorshipWithdrawnDate />
        <identifiers>
          <bioguideId>B001236</bioguideId>
          <lisID>1687</lisID>
          <gpoId>8247</gpoId>
        </identifiers>
      </item>
      <item>
        <middleName>Alfred</middleName>
        <party>R</party>
        <fullName>Sen. Perdue, David [R-GA]</fullName>
        <state>GA</state>
        <firstName>David</firstName>
        <lastName>Perdue</lastName>
        <bioguideId>P000612</bioguideId>
        <sponsorshipDate>2017-01-10</sponsorshipDate>
        <isOriginalCosponsor>False</isOriginalCosponsor>
        <sponsorshipWithdrawnDate />
        <identifiers>
          <lisID>2286</lisID>
          <bioguideId>P000612</bioguideId>
          <gpoId />
        </identifiers>
      </item>
    </cosponsors>
    <latestAction>
      <actionDate>2017-01-05</actionDate>
      <links />
      <text>Read twice and referred to the Committee on the Judiciary.</text>
    </latestAction>
    <subjects>
      <billSubjects>
        <legislativeSubjects />
      </billSubjects>
    </subjects>
    <sponsors>
      <item>
        <bioguideId>I000024</bioguideId>
        <lastName>INHOFE</lastName>
        <fullName>Sen. Inhofe, James M. [R-OK]</fullName>
        <state>OK</state>
        <middleName />
        <byRequestType />
        <firstName>JIM</firstName>
        <party>R</party>
        <identifiers>
          <bioguideId>I000024</bioguideId>
          <gpoId>8322</gpoId>
          <lisID>583</lisID>
        </identifiers>
      </item>
    </sponsors>
  </bill>
  <dublinCore xmlns:dc="http://purl.org/dc/elements/1.1/">
    <dc:format>text/xml</dc:format>
    <dc:language>EN</dc:language>
    <dc:rights>Pursuant to Title 17 Section 105 of the United States Code, this file is not subject to copyright protection and is in the public domain.</dc:rights>
    <dc:contributor>Congressional Research Service, Library of Congress</dc:contributor>
    <dc:description>This file contains bill summaries and statuses for federal legislation. A bill summary describes the most significant provisions of a piece of legislation and details the effects the legislative text may have on current law and federal programs. Bill summaries are authored by the Congressional Research Service (CRS) of the Library of Congress. As stated in Public Law 91-510 (2 USC 166 (d)(6)), one of the duties of CRS is "to prepare summaries and digests of bills and resolutions of a public general nature introduced in the Senate or House of Representatives". For more information, refer to the User Guide that accompanies this file.</dc:description>
  </dublinCore>
</billStatus>

