<?xml version="1.0" encoding="UTF-8"?>
<billStatus>
  <bill>
    <notes />
    <congress>115</congress>
    <committees>
      <billCommittees>
        <item>
          <type>Standing</type>
          <name>Agriculture, Nutrition, and Forestry Committee</name>
          <systemCode>ssaf00</systemCode>
          <chamber>Senate</chamber>
          <activities>
            <item>
              <name>Referred to</name>
              <date>2017-03-07T18:42:15Z</date>
            </item>
          </activities>
          <subcommittees />
        </item>
      </billCommittees>
    </committees>
    <committeeReports />
    <cboCostEstimates />
    <title>Timber Innovation Act of 2017</title>
    <laws />
    <updateDate>2018-08-28T20:24:26Z</updateDate>
    <relatedBills>
      <item>
        <latestTitle>Timber Innovation Act of 2017</latestTitle>
        <number>1380</number>
        <latestAction>
          <text>Referred to the Subcommittee on Environment.</text>
          <actionDate>2017-04-25</actionDate>
        </latestAction>
        <type>HR</type>
        <congress>115</congress>
        <relationshipDetails>
          <item>
            <identifiedBy>CRS</identifiedBy>
            <type>Identical bill</type>
          </item>
        </relationshipDetails>
      </item>
    </relatedBills>
    <version>1.0.0</version>
    <actions>
      <item>
        <actionDate>2017-03-07</actionDate>
        <committee>
          <systemCode>ssaf00</systemCode>
          <name>Agriculture, Nutrition, and Forestry Committee</name>
        </committee>
        <links />
        <sourceSystem>
          <code>0</code>
          <name>Senate</name>
        </sourceSystem>
        <text>Read twice and referred to the Committee on Agriculture, Nutrition, and Forestry.</text>
        <type>IntroReferral</type>
      </item>
      <item>
        <actionDate>2017-03-07</actionDate>
        <links />
        <sourceSystem>
          <code>9</code>
          <name>Library of Congress</name>
        </sourceSystem>
        <committee />
        <text>Introduced in Senate</text>
        <type>IntroReferral</type>
        <actionCode>10000</actionCode>
      </item>
      <actionByCounts>
        <senate>2</senate>
      </actionByCounts>
      <actionTypeCounts>
        <introducedInSenate>1</introducedInSenate>
        <referredToCommittee>1</referredToCommittee>
      </actionTypeCounts>
    </actions>
    <sponsors>
      <item>
        <fullName>Sen. Stabenow, Debbie [D-MI]</fullName>
        <identifiers>
          <bioguideId>S000770</bioguideId>
          <lisID>1531</lisID>
          <gpoId>8261</gpoId>
        </identifiers>
        <bioguideId>S000770</bioguideId>
        <lastName>STABENOW</lastName>
        <firstName>DEBORAH</firstName>
        <party>D</party>
        <byRequestType />
        <middleName>ANN</middleName>
        <state>MI</state>
      </item>
    </sponsors>
    <billType>S</billType>
    <policyArea>
      <name>Public Lands and Natural Resources</name>
    </policyArea>
    <recordedVotes />
    <billNumber>538</billNumber>
    <titles>
      <item>
        <chamberCode />
        <titleType>Short Titles as Introduced</titleType>
        <parentTitleType />
        <chamberName />
        <title>Timber Innovation Act of 2017</title>
      </item>
      <item>
        <chamberCode />
        <titleType>Official Title as Introduced</titleType>
        <parentTitleType />
        <chamberName />
        <title>A bill to clarify research and development for wood products, and for other purposes.</title>
      </item>
      <item>
        <chamberCode />
        <titleType>Display Title</titleType>
        <parentTitleType />
        <chamberName />
        <title>Timber Innovation Act of 2017</title>
      </item>
      <item>
        <chamberCode />
        <titleType>(Extracted from GPO) Short Titles as Introduced</titleType>
        <parentTitleType />
        <chamberName />
        <title>Timber Innovation Act of 2017</title>
      </item>
    </titles>
    <originChamber>Senate</originChamber>
    <subjects>
      <billSubjects>
        <legislativeSubjects>
          <item>
            <name>Advanced technology and technological innovations</name>
          </item>
          <item>
            <name>Building construction</name>
          </item>
          <item>
            <name>Environmental assessment, monitoring, research</name>
          </item>
          <item>
            <name>Forests, forestry, trees</name>
          </item>
          <item>
            <name>Manufacturing</name>
          </item>
          <item>
            <name>Research administration and funding</name>
          </item>
          <item>
            <name>Research and development</name>
          </item>
          <item>
            <name>Technology transfer and commercialization</name>
          </item>
          <item>
            <name>Wildlife conservation and habitat protection</name>
          </item>
        </legislativeSubjects>
        <policyArea>
          <name>Public Lands and Natural Resources</name>
        </policyArea>
      </billSubjects>
    </subjects>
    <cosponsors>
      <item>
        <bioguideId>C000880</bioguideId>
        <party>R</party>
        <firstName>MICHAEL</firstName>
        <fullName>Sen. Crapo, Mike [R-ID]</fullName>
        <lastName>CRAPO</lastName>
        <state>ID</state>
        <isOriginalCosponsor>True</isOriginalCosponsor>
        <middleName>D.</middleName>
        <identifiers>
          <lisID>250</lisID>
          <bioguideId>C000880</bioguideId>
          <gpoId>8289</gpoId>
        </identifiers>
        <sponsorshipDate>2017-03-07</sponsorshipDate>
        <sponsorshipWithdrawnDate />
      </item>
      <item>
        <bioguideId>K000367</bioguideId>
        <party>D</party>
        <firstName>Amy</firstName>
        <fullName>Sen. Klobuchar, Amy [D-MN]</fullName>
        <lastName>Klobuchar</lastName>
        <state>MN</state>
        <isOriginalCosponsor>True</isOriginalCosponsor>
        <middleName />
        <identifiers>
          <lisID>1826</lisID>
          <bioguideId>K000367</bioguideId>
          <gpoId>8249</gpoId>
        </identifiers>
        <sponsorshipDate>2017-03-07</sponsorshipDate>
        <sponsorshipWithdrawnDate />
      </item>
      <item>
        <bioguideId>R000584</bioguideId>
        <party>R</party>
        <firstName>James</firstName>
        <fullName>Sen. Risch, James E. [R-ID]</fullName>
        <lastName>Risch</lastName>
        <state>ID</state>
        <isOriginalCosponsor>True</isOriginalCosponsor>
        <middleName>E.</middleName>
        <identifiers>
          <lisID>1896</lisID>
          <bioguideId>R000584</bioguideId>
          <gpoId>8274</gpoId>
        </identifiers>
        <sponsorshipDate>2017-03-07</sponsorshipDate>
        <sponsorshipWithdrawnDate />
      </item>
      <item>
        <bioguideId>W000779</bioguideId>
        <party>D</party>
        <firstName>RON</firstName>
        <fullName>Sen. Wyden, Ron [D-OR]</fullName>
        <lastName>WYDEN</lastName>
        <state>OR</state>
        <isOriginalCosponsor>True</isOriginalCosponsor>
        <middleName />
        <identifiers>
          <lisID>1247</lisID>
          <bioguideId>W000779</bioguideId>
          <gpoId>8265</gpoId>
        </identifiers>
        <sponsorshipDate>2017-03-07</sponsorshipDate>
        <sponsorshipWithdrawnDate />
      </item>
      <item>
        <bioguideId>W000437</bioguideId>
        <party>R</party>
        <firstName>ROGER</firstName>
        <fullName>Sen. Wicker, Roger F. [R-MS]</fullName>
        <lastName>WICKER</lastName>
        <state>MS</state>
        <isOriginalCosponsor>True</isOriginalCosponsor>
        <middleName>F.</middleName>
        <identifiers>
          <lisID>1226</lisID>
          <bioguideId>W000437</bioguideId>
          <gpoId>8263</gpoId>
        </identifiers>
        <sponsorshipDate>2017-03-07</sponsorshipDate>
        <sponsorshipWithdrawnDate />
      </item>
      <item>
        <bioguideId>C000127</bioguideId>
        <party>D</party>
        <firstName>MARIA</firstName>
        <fullName>Sen. Cantwell, Maria [D-WA]</fullName>
        <lastName>CANTWELL</lastName>
        <state>WA</state>
        <isOriginalCosponsor>True</isOriginalCosponsor>
        <middleName />
        <identifiers>
          <lisID>172</lisID>
          <gpoId>8288</gpoId>
          <bioguideId>C000127</bioguideId>
        </identifiers>
        <sponsorshipDate>2017-03-07</sponsorshipDate>
        <sponsorshipWithdrawnDate />
      </item>
      <item>
        <bioguideId>C001035</bioguideId>
        <party>R</party>
        <firstName>SUSAN</firstName>
        <fullName>Sen. Collins, Susan M. [R-ME]</fullName>
        <lastName>COLLINS</lastName>
        <state>ME</state>
        <isOriginalCosponsor>True</isOriginalCosponsor>
        <middleName>MARGARET</middleName>
        <identifiers>
          <lisID>1541</lisID>
          <gpoId>8291</gpoId>
          <bioguideId>C001035</bioguideId>
        </identifiers>
        <sponsorshipDate>2017-03-07</sponsorshipDate>
        <sponsorshipWithdrawnDate />
      </item>
      <item>
        <bioguideId>M001176</bioguideId>
        <party>D</party>
        <firstName>Jeff</firstName>
        <fullName>Sen. Merkley, Jeff [D-OR]</fullName>
        <lastName>Merkley</lastName>
        <state>OR</state>
        <isOriginalCosponsor>True</isOriginalCosponsor>
        <middleName />
        <identifiers>
          <bioguideId>M001176</bioguideId>
          <gpoId>8238</gpoId>
          <lisID>1900</lisID>
        </identifiers>
        <sponsorshipDate>2017-03-07</sponsorshipDate>
        <sponsorshipWithdrawnDate />
      </item>
      <item>
        <bioguideId>D000618</bioguideId>
        <party>R</party>
        <firstName>Steve</firstName>
        <fullName>Sen. Daines, Steve [R-MT]</fullName>
        <lastName>Daines</lastName>
        <state>MT</state>
        <isOriginalCosponsor>True</isOriginalCosponsor>
        <middleName />
        <identifiers>
          <gpoId />
          <lisID>2138</lisID>
          <bioguideId>D000618</bioguideId>
        </identifiers>
        <sponsorshipDate>2017-03-07</sponsorshipDate>
        <sponsorshipWithdrawnDate />
      </item>
      <item>
        <bioguideId>K000383</bioguideId>
        <party>I</party>
        <firstName>Angus</firstName>
        <fullName>Sen. King, Angus S., Jr. [I-ME]</fullName>
        <lastName>King</lastName>
        <state>ME</state>
        <isOriginalCosponsor>True</isOriginalCosponsor>
        <middleName />
        <identifiers>
          <lisID>2185</lisID>
          <gpoId />
          <bioguideId>K000383</bioguideId>
        </identifiers>
        <sponsorshipDate>2017-03-07</sponsorshipDate>
        <sponsorshipWithdrawnDate />
      </item>
      <item>
        <bioguideId>P000595</bioguideId>
        <party>D</party>
        <firstName>Gary</firstName>
        <fullName>Sen. Peters, Gary C. [D-MI]</fullName>
        <lastName>Peters</lastName>
        <state>MI</state>
        <isOriginalCosponsor>True</isOriginalCosponsor>
        <middleName>C.</middleName>
        <identifiers>
          <lisID>1929</lisID>
          <gpoId>7994</gpoId>
          <bioguideId>P000595</bioguideId>
        </identifiers>
        <sponsorshipDate>2017-03-07</sponsorshipDate>
        <sponsorshipWithdrawnDate />
      </item>
      <item>
        <bioguideId>T000464</bioguideId>
        <party>D</party>
        <firstName>Jon</firstName>
        <fullName>Sen. Tester, Jon [D-MT]</fullName>
        <lastName>Tester</lastName>
        <state>MT</state>
        <isOriginalCosponsor>True</isOriginalCosponsor>
        <middleName />
        <identifiers>
          <lisID>1829</lisID>
          <gpoId>8258</gpoId>
          <bioguideId>T000464</bioguideId>
        </identifiers>
        <sponsorshipDate>2017-03-07</sponsorshipDate>
        <sponsorshipWithdrawnDate />
      </item>
      <item>
        <bioguideId>C000567</bioguideId>
        <party>R</party>
        <firstName>Thad</firstName>
        <fullName>Sen. Cochran, Thad [R-MS]</fullName>
        <lastName>Cochran</lastName>
        <state>MS</state>
        <isOriginalCosponsor>False</isOriginalCosponsor>
        <middleName />
        <identifiers>
          <lisID>213</lisID>
          <bioguideId>C000567</bioguideId>
          <gpoId>8292</gpoId>
        </identifiers>
        <sponsorshipDate>2017-03-08</sponsorshipDate>
        <sponsorshipWithdrawnDate />
      </item>
      <item>
        <bioguideId>S000320</bioguideId>
        <party>R</party>
        <firstName>RICHARD</firstName>
        <fullName>Sen. Shelby, Richard C. [R-AL]</fullName>
        <lastName>SHELBY</lastName>
        <state>AL</state>
        <isOriginalCosponsor>False</isOriginalCosponsor>
        <middleName>CRAIG</middleName>
        <identifiers>
          <lisID>1049</lisID>
          <gpoId>8277</gpoId>
          <bioguideId>S000320</bioguideId>
        </identifiers>
        <sponsorshipDate>2017-04-24</sponsorshipDate>
        <sponsorshipWithdrawnDate />
      </item>
      <item>
        <bioguideId>M001111</bioguideId>
        <party>D</party>
        <firstName>PATTY</firstName>
        <fullName>Sen. Murray, Patty [D-WA]</fullName>
        <lastName>MURRAY</lastName>
        <state>WA</state>
        <isOriginalCosponsor>False</isOriginalCosponsor>
        <middleName />
        <identifiers>
          <bioguideId>M001111</bioguideId>
          <gpoId>8237</gpoId>
          <lisID>1409</lisID>
        </identifiers>
        <sponsorshipDate>2017-04-27</sponsorshipDate>
        <sponsorshipWithdrawnDate />
      </item>
      <item>
        <bioguideId>I000055</bioguideId>
        <party>R</party>
        <firstName>Johnny</firstName>
        <fullName>Sen. Isakson, Johnny [R-GA]</fullName>
        <lastName>Isakson</lastName>
        <state>GA</state>
        <isOriginalCosponsor>False</isOriginalCosponsor>
        <middleName />
        <identifiers>
          <bioguideId>I000055</bioguideId>
          <lisID>1608</lisID>
          <gpoId>8323</gpoId>
        </identifiers>
        <sponsorshipDate>2017-09-27</sponsorshipDate>
        <sponsorshipWithdrawnDate />
      </item>
      <item>
        <bioguideId>G000359</bioguideId>
        <party>R</party>
        <firstName>LINDSEY</firstName>
        <fullName>Sen. Graham, Lindsey [R-SC]</fullName>
        <lastName>GRAHAM</lastName>
        <state>SC</state>
        <isOriginalCosponsor>False</isOriginalCosponsor>
        <middleName>O.</middleName>
        <identifiers>
          <lisID>452</lisID>
          <gpoId>8335</gpoId>
          <bioguideId>G000359</bioguideId>
        </identifiers>
        <sponsorshipDate>2017-10-02</sponsorshipDate>
        <sponsorshipWithdrawnDate />
      </item>
      <item>
        <bioguideId>S001203</bioguideId>
        <party>D</party>
        <firstName>Tina</firstName>
        <fullName>Sen. Smith, Tina  [D-MN]</fullName>
        <lastName>Smith</lastName>
        <state>MN</state>
        <isOriginalCosponsor>False</isOriginalCosponsor>
        <middleName />
        <identifiers>
          <lisID>2365</lisID>
          <gpoId />
          <bioguideId>S001203</bioguideId>
        </identifiers>
        <sponsorshipDate>2018-02-13</sponsorshipDate>
        <sponsorshipWithdrawnDate />
      </item>
      <item>
        <bioguideId>B001230</bioguideId>
        <party>D</party>
        <firstName>TAMMY</firstName>
        <fullName>Sen. Baldwin, Tammy [D-WI]</fullName>
        <lastName>BALDWIN</lastName>
        <state>WI</state>
        <isOriginalCosponsor>False</isOriginalCosponsor>
        <middleName />
        <identifiers>
          <bioguideId>B001230</bioguideId>
          <gpoId>8215</gpoId>
          <lisID>1558</lisID>
        </identifiers>
        <sponsorshipDate>2018-05-24</sponsorshipDate>
        <sponsorshipWithdrawnDate />
      </item>
    </cosponsors>
    <introducedDate>2017-03-07</introducedDate>
    <calendarNumbers />
    <latestAction>
      <actionDate>2017-03-07</actionDate>
      <links />
      <text>Read twice and referred to the Committee on Agriculture, Nutrition, and Forestry.</text>
    </latestAction>
    <amendments />
    <summaries>
      <billSummaries>
        <item>
          <actionDesc>Introduced in Senate</actionDesc>
          <name>Introduced in Senate</name>
          <text><![CDATA[<p><b>Timber Innovation Act of 2017</b></p> <p>This bill directs the Department of Agriculture (USDA), acting through the Research and Development and the State and Private Forestry deputy areas of the Forest Service, to conduct performance-driven research and development, education, and technical assistance to facilitate the use of innovative wood products in wood building construction in the United States. Such activities shall give priority to: (1) improving the commercialization of such products, (2) analyzing the safety of tall wood building materials, (3) calculating and reducing the life cycle environmental footprint of tall wood building construction, and (4) analyzing the potential implications of the use of innovative wood products in building construction on wildlife.</p> <p>&quot;Tall wood building&quot; means a building designed to be over 85 feet high and constructed with large panelized wood construction, including cross-laminated timber, nail laminated timber, glue laminated timber, laminated strand lumber, and laminated veneer lumber.</p> <p> USDA shall carry out an annual competition for FY2017-FY2021 for a tall wood building design, or other innovative wood product demonstration, in accordance with the requirements for prize competitions carried out under the Stevenson-Wydler Technology Innovation Act of 1980. </p> <p>The Forest Service, in carrying out a wood innovation grant program, may make grants to advance the use of innovative wood products, with priority to grant proposals that include the use or retrofitting of existing sawmill facilities in counties where the average annual unemployment rate exceeded the national average by more than 1% in the previous year. </p>]]></text>
          <versionCode>00</versionCode>
          <lastSummaryUpdateDate>2017-06-23T19:38:56Z</lastSummaryUpdateDate>
          <updateDate>2017-03-07T05:00:00Z</updateDate>
          <actionDate>2017-03-07</actionDate>
        </item>
      </billSummaries>
    </summaries>
    <createDate>2017-03-08T05:28:21Z</createDate>
  </bill>
  <dublinCore xmlns:dc="http://purl.org/dc/elements/1.1/">
    <dc:format>text/xml</dc:format>
    <dc:language>EN</dc:language>
    <dc:rights>Pursuant to Title 17 Section 105 of the United States Code, this file is not subject to copyright protection and is in the public domain.</dc:rights>
    <dc:contributor>Congressional Research Service, Library of Congress</dc:contributor>
    <dc:description>This file contains bill summaries and statuses for federal legislation. A bill summary describes the most significant provisions of a piece of legislation and details the effects the legislative text may have on current law and federal programs. Bill summaries are authored by the Congressional Research Service (CRS) of the Library of Congress. As stated in Public Law 91-510 (2 USC 166 (d)(6)), one of the duties of CRS is "to prepare summaries and digests of bills and resolutions of a public general nature introduced in the Senate or House of Representatives". For more information, refer to the User Guide that accompanies this file.</dc:description>
  </dublinCore>
</billStatus>

