<?xml version="1.0" encoding="UTF-8"?>
<billStatus>
  <bill>
    <committeeReports />
    <updateDate>2018-08-28T20:25:28Z</updateDate>
    <laws />
    <billType>S</billType>
    <subjects>
      <billSubjects>
        <legislativeSubjects>
          <item>
            <name>Department of Veterans Affairs</name>
          </item>
          <item>
            <name>Drug therapy</name>
          </item>
          <item>
            <name>Drug trafficking and controlled substances</name>
          </item>
          <item>
            <name>Drug, alcohol, tobacco use</name>
          </item>
          <item>
            <name>Family relationships</name>
          </item>
          <item>
            <name>Government employee pay, benefits, personnel management</name>
          </item>
          <item>
            <name>Government information and archives</name>
          </item>
          <item>
            <name>Government studies and investigations</name>
          </item>
          <item>
            <name>Health facilities and institutions</name>
          </item>
          <item>
            <name>Health information and medical records</name>
          </item>
          <item>
            <name>Health personnel</name>
          </item>
          <item>
            <name>Higher education</name>
          </item>
          <item>
            <name>Hospital care</name>
          </item>
          <item>
            <name>Marriage and family status</name>
          </item>
          <item>
            <name>Medicaid</name>
          </item>
          <item>
            <name>Medical education</name>
          </item>
          <item>
            <name>Medical research</name>
          </item>
          <item>
            <name>Medical tests and diagnostic methods</name>
          </item>
          <item>
            <name>Mental health</name>
          </item>
          <item>
            <name>Neurological disorders</name>
          </item>
          <item>
            <name>Prescription drugs</name>
          </item>
          <item>
            <name>Veterans' medical care</name>
          </item>
        </legislativeSubjects>
        <policyArea>
          <name>Armed Forces and National Security</name>
        </policyArea>
      </billSubjects>
    </subjects>
    <policyArea>
      <name>Armed Forces and National Security</name>
    </policyArea>
    <recordedVotes />
    <originChamber>Senate</originChamber>
    <latestAction>
      <text>Read twice and referred to the Committee on Veterans' Affairs.</text>
      <links />
      <actionDate>2017-03-30</actionDate>
    </latestAction>
    <billNumber>788</billNumber>
    <introducedDate>2017-03-30</introducedDate>
    <cosponsors />
    <committees>
      <billCommittees>
        <item>
          <subcommittees />
          <type>Standing</type>
          <systemCode>ssva00</systemCode>
          <name>Veterans' Affairs Committee</name>
          <activities>
            <item>
              <date>2017-03-30T19:00:27Z</date>
              <name>Referred to</name>
            </item>
          </activities>
          <chamber>Senate</chamber>
        </item>
      </billCommittees>
    </committees>
    <notes />
    <relatedBills>
      <item>
        <type>HR</type>
        <number>5531</number>
        <latestTitle>Opioid Emergency Response Act</latestTitle>
        <congress>115</congress>
        <latestAction>
          <actionDate>2018-05-22</actionDate>
          <text>Referred to the Subcommittee on Crime, Terrorism, Homeland Security, and Investigations.</text>
        </latestAction>
        <relationshipDetails>
          <item>
            <type>Related bill</type>
            <identifiedBy>CRS</identifiedBy>
          </item>
        </relationshipDetails>
      </item>
      <item>
        <type>S</type>
        <number>992</number>
        <latestTitle>Veteran Overmedication Prevention Act of 2017</latestTitle>
        <congress>115</congress>
        <latestAction>
          <actionDate>2017-05-01</actionDate>
          <text>Read twice and referred to the Committee on Veterans' Affairs.</text>
        </latestAction>
        <relationshipDetails>
          <item>
            <type>Related bill</type>
            <identifiedBy>CRS</identifiedBy>
          </item>
        </relationshipDetails>
      </item>
      <item>
        <type>HR</type>
        <number>2652</number>
        <latestTitle>Veteran Overmedication Prevention Act of 2017</latestTitle>
        <congress>115</congress>
        <latestAction>
          <actionDate>2017-05-25</actionDate>
          <text>Referred to the Subcommittee on Health.</text>
        </latestAction>
        <relationshipDetails>
          <item>
            <type>Related bill</type>
            <identifiedBy>CRS</identifiedBy>
          </item>
        </relationshipDetails>
      </item>
    </relatedBills>
    <title>Veteran Overmedication Prevention Act of 2017</title>
    <sponsors>
      <item>
        <fullName>Sen. McCain, John [R-AZ]</fullName>
        <firstName>JOHN</firstName>
        <lastName>MCCAIN</lastName>
        <state>AZ</state>
        <bioguideId>M000303</bioguideId>
        <party>R</party>
        <identifiers>
          <gpoId>8253</gpoId>
          <lisID>754</lisID>
          <bioguideId>M000303</bioguideId>
        </identifiers>
        <byRequestType />
        <middleName>SIDNEY</middleName>
      </item>
    </sponsors>
    <congress>115</congress>
    <version>1.0.0</version>
    <amendments />
    <titles>
      <item>
        <titleType>Short Titles as Introduced</titleType>
        <title>Veteran Overmedication Prevention Act of 2017</title>
        <parentTitleType />
        <chamberCode />
        <chamberName />
      </item>
      <item>
        <titleType>Official Title as Introduced</titleType>
        <title>A bill to direct the Secretary of Veterans Affairs to conduct an independent review of the deaths of certain veterans by suicide, and for other purposes.</title>
        <parentTitleType />
        <chamberCode />
        <chamberName />
      </item>
      <item>
        <titleType>Display Title</titleType>
        <title>Veteran Overmedication Prevention Act of 2017</title>
        <parentTitleType />
        <chamberCode />
        <chamberName />
      </item>
      <item>
        <titleType>(Extracted from GPO) Short Titles as Introduced</titleType>
        <title>Veteran Overmedication Prevention Act of 2017</title>
        <parentTitleType />
        <chamberCode />
        <chamberName />
      </item>
    </titles>
    <createDate>2017-03-31T05:07:21Z</createDate>
    <cboCostEstimates />
    <calendarNumbers />
    <actions>
      <item>
        <actionDate>2017-03-30</actionDate>
        <committee>
          <systemCode>ssva00</systemCode>
          <name>Veterans' Affairs Committee</name>
        </committee>
        <links />
        <sourceSystem>
          <code>0</code>
          <name>Senate</name>
        </sourceSystem>
        <text>Read twice and referred to the Committee on Veterans' Affairs.</text>
        <type>IntroReferral</type>
      </item>
      <item>
        <actionDate>2017-03-30</actionDate>
        <actionCode>10000</actionCode>
        <text>Introduced in Senate</text>
        <committee />
        <links />
        <type>IntroReferral</type>
        <sourceSystem>
          <code>9</code>
          <name>Library of Congress</name>
        </sourceSystem>
      </item>
      <actionTypeCounts>
        <referredToCommittee>1</referredToCommittee>
        <introducedInSenate>1</introducedInSenate>
      </actionTypeCounts>
      <actionByCounts>
        <senate>2</senate>
      </actionByCounts>
    </actions>
    <summaries>
      <billSummaries>
        <item>
          <versionCode>00</versionCode>
          <actionDate>2017-03-30</actionDate>
          <actionDesc>Introduced in Senate</actionDesc>
          <name>Introduced in Senate</name>
          <lastSummaryUpdateDate>2017-04-17T14:30:07Z</lastSummaryUpdateDate>
          <text><![CDATA[<p><strong>Veteran Overmedication Prevention Act of 2017</strong></p> <p>This bill requires the Department of Veterans Affairs (VA) to contract with the National Academies of Sciences, Engineering, and Medicine (or another private, not-for-profit entity with comparable expertise) to review the deaths of all covered veterans who died by suicide during the last five years. A &quot;covered veteran&quot; is any veteran who received VA hospital care or medical services during the five-year period preceding the veteran's death.</p> <p>The review shall include:</p> <ul> <li>the total numbers of veterans who died by a violent death or by an accidental death during such period;</li> <li> each veteran's age, gender, race, and ethnicity;</li> <li>a list of medications and substances prescribed to such veterans, as annotated on toxicology reports;</li> <li>a summary of medical diagnoses by VA physicians that led to such prescriptions in cases of anxiety and depressive disorders;</li> <li>the number of instances in which such a veteran was concurrently on multiple medications prescribed by VA physicians;</li> <li>the number of such veterans who were not taking any VA-prescribed medication;</li> <li> the percentage of such veterans treated for anxiety or depressive disorders who received a non-medication first-line treatment compared to the percentage who received medication only;</li> <li> the number of instances in which a non-medication first-line treatment was attempted and deemed ineffective, which led to prescribing medication;</li> <li>descriptions of how the VA determines and updates clinical practice guidelines for prescribing medications and of VA efforts to maintain appropriate staffing levels for mental health professionals;</li> <li>the percentage of such veterans with combat experience or related trauma; </li> <li>identification of VA medical facilities with markedly high prescription rates and suicide rates for treated veterans;</li> <li> an analysis of VA programs that collaborate with state Medicaid agencies and the Centers for Medicare and Medicaid Services;</li> <li> an analysis of VA medical center collaboration with medical examiners' offices or local jurisdictions to determine veteran mortality and cause of death;</li> <li>identification of a best practice model to collect and share veteran death certificate data;</li> <li>an assessment of any apparent patterns based on the review; and</li> <li>recommendations to improve the safety and well-being of veterans. </li> </ul> <p>The VA shall ensure that such data is compiled in a manner that allows it to be analyzed across all data fields for purposes of informing and updating VA clinical practice guidelines.</p> <p>]]></text>
          <updateDate>2017-03-30T04:00:00Z</updateDate>
        </item>
      </billSummaries>
    </summaries>
  </bill>
  <dublinCore xmlns:dc="http://purl.org/dc/elements/1.1/">
    <dc:format>text/xml</dc:format>
    <dc:language>EN</dc:language>
    <dc:rights>Pursuant to Title 17 Section 105 of the United States Code, this file is not subject to copyright protection and is in the public domain.</dc:rights>
    <dc:contributor>Congressional Research Service, Library of Congress</dc:contributor>
    <dc:description>This file contains bill summaries and statuses for federal legislation. A bill summary describes the most significant provisions of a piece of legislation and details the effects the legislative text may have on current law and federal programs. Bill summaries are authored by the Congressional Research Service (CRS) of the Library of Congress. As stated in Public Law 91-510 (2 USC 166 (d)(6)), one of the duties of CRS is "to prepare summaries and digests of bills and resolutions of a public general nature introduced in the Senate or House of Representatives". For more information, refer to the User Guide that accompanies this file.</dc:description>
  </dublinCore>
</billStatus>

