<?xml version="1.0" encoding="UTF-8"?>
<billStatus>
  <bill>
    <notes />
    <congress>115</congress>
    <committees>
      <billCommittees>
        <item>
          <type>Standing</type>
          <name>Homeland Security and Governmental Affairs Committee</name>
          <systemCode>ssga00</systemCode>
          <chamber>Senate</chamber>
          <activities>
            <item>
              <name>Referred to</name>
              <date>2017-02-02T00:15:56Z</date>
            </item>
          </activities>
          <subcommittees />
        </item>
      </billCommittees>
    </committees>
    <committeeReports />
    <cboCostEstimates />
    <title>Build USA Infrastructure Act</title>
    <laws />
    <updateDate>2018-08-28T20:23:24Z</updateDate>
    <relatedBills />
    <version>1.0.0</version>
    <actions>
      <item>
        <actionDate>2017-02-01</actionDate>
        <committee>
          <systemCode>ssga00</systemCode>
          <name>Homeland Security and Governmental Affairs Committee</name>
        </committee>
        <links />
        <sourceSystem>
          <code>0</code>
          <name>Senate</name>
        </sourceSystem>
        <text>Read twice and referred to the Committee on Homeland Security and Governmental Affairs.</text>
        <type>IntroReferral</type>
      </item>
      <item>
        <text>Introduced in Senate</text>
        <type>IntroReferral</type>
        <links />
        <actionDate>2017-02-01</actionDate>
        <sourceSystem>
          <code>9</code>
          <name>Library of Congress</name>
        </sourceSystem>
        <committee />
        <actionCode>10000</actionCode>
      </item>
      <actionByCounts>
        <senate>2</senate>
      </actionByCounts>
      <actionTypeCounts>
        <introducedInSenate>1</introducedInSenate>
        <referredToCommittee>1</referredToCommittee>
      </actionTypeCounts>
    </actions>
    <sponsors>
      <item>
        <fullName>Sen. Fischer, Deb [R-NE]</fullName>
        <identifiers>
          <gpoId />
          <lisID>2179</lisID>
          <bioguideId>F000463</bioguideId>
        </identifiers>
        <bioguideId>F000463</bioguideId>
        <lastName>Fischer</lastName>
        <firstName>Deb</firstName>
        <party>R</party>
        <byRequestType />
        <middleName />
        <state>NE</state>
      </item>
    </sponsors>
    <billType>S</billType>
    <policyArea>
      <name>Transportation and Public Works</name>
    </policyArea>
    <recordedVotes />
    <billNumber>271</billNumber>
    <titles>
      <item>
        <chamberName />
        <chamberCode />
        <titleType>Short Titles as Introduced</titleType>
        <title>Build USA Infrastructure Act</title>
        <parentTitleType />
      </item>
      <item>
        <chamberName />
        <chamberCode />
        <titleType>Official Title as Introduced</titleType>
        <title>A bill to strengthen highway funding in the near term, to offer States additional financing tools, and for other purposes.</title>
        <parentTitleType />
      </item>
      <item>
        <chamberName />
        <chamberCode />
        <titleType>Display Title</titleType>
        <title>Build USA Infrastructure Act</title>
        <parentTitleType />
      </item>
      <item>
        <chamberName />
        <chamberCode />
        <titleType>(Extracted from GPO) Short Titles as Introduced</titleType>
        <title>Build USA Infrastructure Act</title>
        <parentTitleType />
      </item>
    </titles>
    <originChamber>Senate</originChamber>
    <subjects>
      <billSubjects>
        <legislativeSubjects>
          <item>
            <name>Customs enforcement</name>
          </item>
          <item>
            <name>Department of Homeland Security</name>
          </item>
          <item>
            <name>Environmental assessment, monitoring, research</name>
          </item>
          <item>
            <name>Executive agency funding and structure</name>
          </item>
          <item>
            <name>Government trust funds</name>
          </item>
          <item>
            <name>Intergovernmental relations</name>
          </item>
          <item>
            <name>Roads and highways</name>
          </item>
          <item>
            <name>State and local finance</name>
          </item>
          <item>
            <name>Tariffs</name>
          </item>
          <item>
            <name>Transportation programs funding</name>
          </item>
          <item>
            <name>User charges and fees</name>
          </item>
        </legislativeSubjects>
        <policyArea>
          <name>Transportation and Public Works</name>
        </policyArea>
      </billSubjects>
    </subjects>
    <cosponsors />
    <introducedDate>2017-02-01</introducedDate>
    <calendarNumbers />
    <latestAction>
      <actionDate>2017-02-01</actionDate>
      <links />
      <text>Read twice and referred to the Committee on Homeland Security and Governmental Affairs.</text>
    </latestAction>
    <amendments />
    <summaries>
      <billSummaries>
        <item>
          <lastSummaryUpdateDate>2017-08-04T21:16:13Z</lastSummaryUpdateDate>
          <actionDate>2017-02-01</actionDate>
          <text><![CDATA[<p><b>Build USA Infrastructure Act</b></p> <p>This bill requires, for the five-year period beginning on October 1, 2020, the deposit of the first $21.4 billion of revenues collected by the U.S. Customs and Border Protection of the Department of Homeland Security into the Highway Trust Fund (HTF).</p> <p>A state may enter into a state remittance agreement with the Federal Highway Administration (FHWA), for a period of three years or longer, under which:</p> <ul> <li>it agrees to remit to the FHWA at least 60% of federal funds the state receives during each year of the agreement for federal-aid highway activities under the national highway performance program and the surface transportation block grant program;</li> <li>the FHWA agrees to provide the state with funds equal to 90% of the amount the state remitted to the FHWA; and </li> <li>the state agrees to use those funds to carry out core infrastructure projects in accordance with provisions that authorize the state to determine whether it is in compliance with federal project requirements regarding environmental approvals and permits, the use of only steel, iron, and manufactured products produced in the United States, project development and construction, preapproval for preventative maintenance, project agreements and modifications to such agreements, and consultant procurement services.</li> </ul> <p>The FHWA shall deposit ten percent of state-remitted funds into the HTF.</p>]]></text>
          <updateDate>2017-02-01T05:00:00Z</updateDate>
          <name>Introduced in Senate</name>
          <versionCode>00</versionCode>
          <actionDesc>Introduced in Senate</actionDesc>
        </item>
      </billSummaries>
    </summaries>
    <createDate>2017-02-02T05:28:49Z</createDate>
  </bill>
  <dublinCore xmlns:dc="http://purl.org/dc/elements/1.1/">
    <dc:format>text/xml</dc:format>
    <dc:language>EN</dc:language>
    <dc:rights>Pursuant to Title 17 Section 105 of the United States Code, this file is not subject to copyright protection and is in the public domain.</dc:rights>
    <dc:contributor>Congressional Research Service, Library of Congress</dc:contributor>
    <dc:description>This file contains bill summaries and statuses for federal legislation. A bill summary describes the most significant provisions of a piece of legislation and details the effects the legislative text may have on current law and federal programs. Bill summaries are authored by the Congressional Research Service (CRS) of the Library of Congress. As stated in Public Law 91-510 (2 USC 166 (d)(6)), one of the duties of CRS is "to prepare summaries and digests of bills and resolutions of a public general nature introduced in the Senate or House of Representatives". For more information, refer to the User Guide that accompanies this file.</dc:description>
  </dublinCore>
</billStatus>

