<?xml version="1.0" encoding="UTF-8"?>
<billStatus>
  <bill>
    <notes />
    <congress>115</congress>
    <committees>
      <billCommittees>
        <item>
          <chamber>Senate</chamber>
          <systemCode>ssva00</systemCode>
          <subcommittees />
          <type>Standing</type>
          <name>Veterans' Affairs Committee</name>
          <activities>
            <item>
              <name>Referred to</name>
              <date>2017-02-02T19:22:29Z</date>
            </item>
          </activities>
        </item>
      </billCommittees>
    </committees>
    <committeeReports />
    <cboCostEstimates />
    <title>Mark Takai Atomic Veterans Healthcare Parity Act</title>
    <laws />
    <updateDate>2018-08-28T20:23:28Z</updateDate>
    <relatedBills>
      <item>
        <latestTitle>Mark Takai Atomic Veterans Healthcare Parity Act</latestTitle>
        <number>632</number>
        <latestAction>
          <text>Referred to the Subcommittee on Disability Assistance and Memorial Affairs.</text>
          <actionDate>2017-02-03</actionDate>
        </latestAction>
        <type>HR</type>
        <congress>115</congress>
        <relationshipDetails>
          <item>
            <identifiedBy>CRS</identifiedBy>
            <type>Identical bill</type>
          </item>
        </relationshipDetails>
      </item>
      <item>
        <latestTitle>Mark Takai Atomic Veterans Healthcare Parity Act</latestTitle>
        <number>2821</number>
        <latestAction>
          <text>Read twice and referred to the Committee on Veterans' Affairs.</text>
          <actionDate>2018-05-10</actionDate>
        </latestAction>
        <type>S</type>
        <congress>115</congress>
        <relationshipDetails>
          <item>
            <identifiedBy>CRS</identifiedBy>
            <type>Related bill</type>
          </item>
        </relationshipDetails>
      </item>
    </relatedBills>
    <version>1.0.0</version>
    <actions>
      <actionByCounts>
        <senate>2</senate>
      </actionByCounts>
      <item>
        <actionDate>2017-02-02</actionDate>
        <committee>
          <systemCode>ssva00</systemCode>
          <name>Veterans' Affairs Committee</name>
        </committee>
        <links />
        <sourceSystem>
          <code>0</code>
          <name>Senate</name>
        </sourceSystem>
        <text>Read twice and referred to the Committee on Veterans' Affairs.</text>
        <type>IntroReferral</type>
      </item>
      <item>
        <committee />
        <links />
        <type>IntroReferral</type>
        <text>Introduced in Senate</text>
        <actionDate>2017-02-02</actionDate>
        <actionCode>10000</actionCode>
        <sourceSystem>
          <code>9</code>
          <name>Library of Congress</name>
        </sourceSystem>
      </item>
      <actionTypeCounts>
        <referredToCommittee>1</referredToCommittee>
        <introducedInSenate>1</introducedInSenate>
      </actionTypeCounts>
    </actions>
    <sponsors>
      <item>
        <fullName>Sen. Franken, Al [D-MN]</fullName>
        <identifiers>
          <lisID>1969</lisID>
          <gpoId>8339</gpoId>
          <bioguideId>F000457</bioguideId>
        </identifiers>
        <bioguideId>F000457</bioguideId>
        <lastName>Franken</lastName>
        <firstName>Al</firstName>
        <party>D</party>
        <byRequestType />
        <middleName />
        <state>MN</state>
      </item>
    </sponsors>
    <billType>S</billType>
    <policyArea>
      <name>Armed Forces and National Security</name>
    </policyArea>
    <recordedVotes />
    <billNumber>283</billNumber>
    <titles>
      <item>
        <title>Mark Takai Atomic Veterans Healthcare Parity Act</title>
        <chamberCode />
        <titleType>Short Titles as Introduced</titleType>
        <parentTitleType />
        <chamberName />
      </item>
      <item>
        <title>A bill to amend title 38, United States Code, to provide for the treatment of veterans who participated in the cleanup of Enewetak Atoll as radiation exposed veterans for purposes of the presumption of service-connection of certain disabilities by the Secretary of Veterans Affairs, and for other purposes.</title>
        <chamberCode />
        <titleType>Official Title as Introduced</titleType>
        <parentTitleType />
        <chamberName />
      </item>
      <item>
        <title>Mark Takai Atomic Veterans Healthcare Parity Act</title>
        <chamberCode />
        <titleType>Display Title</titleType>
        <parentTitleType />
        <chamberName />
      </item>
      <item>
        <title>Mark Takai Atomic Veterans Healthcare Parity Act</title>
        <chamberCode />
        <titleType>(Extracted from GPO) Short Titles as Introduced</titleType>
        <parentTitleType />
        <chamberName />
      </item>
    </titles>
    <originChamber>Senate</originChamber>
    <subjects>
      <billSubjects>
        <legislativeSubjects>
          <item>
            <name>Cancer</name>
          </item>
          <item>
            <name>Marshall Islands</name>
          </item>
          <item>
            <name>Nuclear weapons</name>
          </item>
          <item>
            <name>Radiation</name>
          </item>
          <item>
            <name>Veterans' pensions and compensation</name>
          </item>
        </legislativeSubjects>
        <policyArea>
          <name>Armed Forces and National Security</name>
        </policyArea>
      </billSubjects>
    </subjects>
    <cosponsors>
      <item>
        <lastName>Tillis</lastName>
        <state>NC</state>
        <middleName>Roland</middleName>
        <party>R</party>
        <bioguideId>T000476</bioguideId>
        <sponsorshipDate>2017-02-02</sponsorshipDate>
        <firstName>Thomas</firstName>
        <sponsorshipWithdrawnDate />
        <identifiers>
          <lisID>2291</lisID>
          <bioguideId>T000476</bioguideId>
          <gpoId />
        </identifiers>
        <fullName>Sen. Tillis, Thom [R-NC]</fullName>
        <isOriginalCosponsor>True</isOriginalCosponsor>
      </item>
      <item>
        <lastName>Coons</lastName>
        <state>DE</state>
        <middleName>A.</middleName>
        <party>D</party>
        <bioguideId>C001088</bioguideId>
        <sponsorshipDate>2017-02-02</sponsorshipDate>
        <firstName>Christopher</firstName>
        <sponsorshipWithdrawnDate />
        <identifiers>
          <bioguideId>C001088</bioguideId>
          <lisID>1984</lisID>
          <gpoId>8297</gpoId>
        </identifiers>
        <fullName>Sen. Coons, Christopher A. [D-DE]</fullName>
        <isOriginalCosponsor>True</isOriginalCosponsor>
      </item>
      <item>
        <lastName>Merkley</lastName>
        <state>OR</state>
        <middleName />
        <party>D</party>
        <bioguideId>M001176</bioguideId>
        <sponsorshipDate>2017-02-02</sponsorshipDate>
        <firstName>Jeff</firstName>
        <sponsorshipWithdrawnDate />
        <identifiers>
          <gpoId>8238</gpoId>
          <lisID>1900</lisID>
          <bioguideId>M001176</bioguideId>
        </identifiers>
        <fullName>Sen. Merkley, Jeff [D-OR]</fullName>
        <isOriginalCosponsor>True</isOriginalCosponsor>
      </item>
      <item>
        <lastName>WYDEN</lastName>
        <state>OR</state>
        <middleName />
        <party>D</party>
        <bioguideId>W000779</bioguideId>
        <sponsorshipDate>2017-02-02</sponsorshipDate>
        <firstName>RON</firstName>
        <sponsorshipWithdrawnDate />
        <identifiers>
          <bioguideId>W000779</bioguideId>
          <gpoId>8265</gpoId>
          <lisID>1247</lisID>
        </identifiers>
        <fullName>Sen. Wyden, Ron [D-OR]</fullName>
        <isOriginalCosponsor>True</isOriginalCosponsor>
      </item>
      <item>
        <lastName>Hirono</lastName>
        <state>HI</state>
        <middleName>K.</middleName>
        <party>D</party>
        <bioguideId>H001042</bioguideId>
        <sponsorshipDate>2017-02-02</sponsorshipDate>
        <firstName>Mazie</firstName>
        <sponsorshipWithdrawnDate />
        <identifiers>
          <gpoId>7913</gpoId>
          <lisID>1844</lisID>
          <bioguideId>H001042</bioguideId>
        </identifiers>
        <fullName>Sen. Hirono, Mazie K. [D-HI]</fullName>
        <isOriginalCosponsor>True</isOriginalCosponsor>
      </item>
      <item>
        <lastName>BALDWIN</lastName>
        <state>WI</state>
        <middleName />
        <party>D</party>
        <bioguideId>B001230</bioguideId>
        <sponsorshipDate>2017-04-06</sponsorshipDate>
        <firstName>TAMMY</firstName>
        <sponsorshipWithdrawnDate />
        <identifiers>
          <bioguideId>B001230</bioguideId>
          <gpoId>8215</gpoId>
          <lisID>1558</lisID>
        </identifiers>
        <fullName>Sen. Baldwin, Tammy [D-WI]</fullName>
        <isOriginalCosponsor>False</isOriginalCosponsor>
      </item>
      <item>
        <lastName>King</lastName>
        <state>ME</state>
        <middleName />
        <party>I</party>
        <bioguideId>K000383</bioguideId>
        <sponsorshipDate>2017-04-24</sponsorshipDate>
        <firstName>Angus</firstName>
        <sponsorshipWithdrawnDate />
        <identifiers>
          <bioguideId>K000383</bioguideId>
          <lisID>2185</lisID>
          <gpoId />
        </identifiers>
        <fullName>Sen. King, Angus S., Jr. [I-ME]</fullName>
        <isOriginalCosponsor>False</isOriginalCosponsor>
      </item>
      <item>
        <lastName>BROWN</lastName>
        <state>OH</state>
        <middleName />
        <party>D</party>
        <bioguideId>B000944</bioguideId>
        <sponsorshipDate>2017-08-02</sponsorshipDate>
        <firstName>SHERROD</firstName>
        <sponsorshipWithdrawnDate />
        <identifiers>
          <bioguideId>B000944</bioguideId>
          <lisID>136</lisID>
          <gpoId>8309</gpoId>
        </identifiers>
        <fullName>Sen. Brown, Sherrod [D-OH]</fullName>
        <isOriginalCosponsor>False</isOriginalCosponsor>
      </item>
      <item>
        <lastName>SANDERS</lastName>
        <state>VT</state>
        <middleName />
        <party>I</party>
        <bioguideId>S000033</bioguideId>
        <sponsorshipDate>2017-10-05</sponsorshipDate>
        <firstName>BERNARD</firstName>
        <sponsorshipWithdrawnDate />
        <identifiers>
          <gpoId>8270</gpoId>
          <lisID>1010</lisID>
          <bioguideId>S000033</bioguideId>
        </identifiers>
        <fullName>Sen. Sanders, Bernard [I-VT]</fullName>
        <isOriginalCosponsor>False</isOriginalCosponsor>
      </item>
      <item>
        <lastName>Tester</lastName>
        <state>MT</state>
        <middleName />
        <party>D</party>
        <bioguideId>T000464</bioguideId>
        <sponsorshipDate>2017-10-23</sponsorshipDate>
        <firstName>Jon</firstName>
        <sponsorshipWithdrawnDate />
        <identifiers>
          <lisID>1829</lisID>
          <gpoId>8258</gpoId>
          <bioguideId>T000464</bioguideId>
        </identifiers>
        <fullName>Sen. Tester, Jon [D-MT]</fullName>
        <isOriginalCosponsor>False</isOriginalCosponsor>
      </item>
      <item>
        <lastName>Gillibrand</lastName>
        <state>NY</state>
        <middleName>E.</middleName>
        <party>D</party>
        <bioguideId>G000555</bioguideId>
        <sponsorshipDate>2018-03-12</sponsorshipDate>
        <firstName>Kirsten</firstName>
        <sponsorshipWithdrawnDate />
        <identifiers>
          <bioguideId>G000555</bioguideId>
          <lisID>1866</lisID>
          <gpoId>8336</gpoId>
        </identifiers>
        <fullName>Sen. Gillibrand, Kirsten E. [D-NY]</fullName>
        <isOriginalCosponsor>False</isOriginalCosponsor>
      </item>
      <item>
        <lastName>Warren</lastName>
        <state>MA</state>
        <middleName>A.</middleName>
        <party>D</party>
        <bioguideId>W000817</bioguideId>
        <sponsorshipDate>2018-03-21</sponsorshipDate>
        <firstName>Elizabeth</firstName>
        <sponsorshipWithdrawnDate />
        <identifiers>
          <lisID>2182</lisID>
          <bioguideId>W000817</bioguideId>
          <gpoId />
        </identifiers>
        <fullName>Sen. Warren, Elizabeth [D-MA]</fullName>
        <isOriginalCosponsor>False</isOriginalCosponsor>
      </item>
    </cosponsors>
    <introducedDate>2017-02-02</introducedDate>
    <calendarNumbers />
    <latestAction>
      <actionDate>2017-02-02</actionDate>
      <links />
      <text>Read twice and referred to the Committee on Veterans' Affairs.</text>
    </latestAction>
    <amendments />
    <summaries>
      <billSummaries>
        <item>
          <updateDate>2017-02-02T05:00:00Z</updateDate>
          <versionCode>00</versionCode>
          <name>Introduced in Senate</name>
          <text><![CDATA[<p><strong>Mark Takai Atomic Veterans Healthcare Parity Act</strong></p> <p>This bill includes veterans who participated in the cleanup of Enewetak Atoll in the Marshall Islands between January 1, 1977, and December 31, 1980, as radiation exposed veterans for purposes of the Department of Veterans Affairs presumption of service-connection for specified cancers.</p>]]></text>
          <actionDate>2017-02-02</actionDate>
          <actionDesc>Introduced in Senate</actionDesc>
          <lastSummaryUpdateDate>2017-02-25T14:27:47Z</lastSummaryUpdateDate>
        </item>
      </billSummaries>
    </summaries>
    <createDate>2017-02-03T05:17:31Z</createDate>
  </bill>
  <dublinCore xmlns:dc="http://purl.org/dc/elements/1.1/">
    <dc:format>text/xml</dc:format>
    <dc:language>EN</dc:language>
    <dc:rights>Pursuant to Title 17 Section 105 of the United States Code, this file is not subject to copyright protection and is in the public domain.</dc:rights>
    <dc:contributor>Congressional Research Service, Library of Congress</dc:contributor>
    <dc:description>This file contains bill summaries and statuses for federal legislation. A bill summary describes the most significant provisions of a piece of legislation and details the effects the legislative text may have on current law and federal programs. Bill summaries are authored by the Congressional Research Service (CRS) of the Library of Congress. As stated in Public Law 91-510 (2 USC 166 (d)(6)), one of the duties of CRS is "to prepare summaries and digests of bills and resolutions of a public general nature introduced in the Senate or House of Representatives". For more information, refer to the User Guide that accompanies this file.</dc:description>
  </dublinCore>
</billStatus>

