<?xml version="1.0" encoding="UTF-8"?>
<billStatus>
  <bill>
    <sponsors>
      <item>
        <middleName />
        <party>R</party>
        <bioguideId>S001197</bioguideId>
        <lastName>Sasse</lastName>
        <firstName>Ben</firstName>
        <state>NE</state>
        <identifiers>
          <gpoId />
          <lisID>2289</lisID>
          <bioguideId>S001197</bioguideId>
        </identifiers>
        <fullName>Sen. Sasse, Ben  [R-NE]</fullName>
        <byRequestType />
      </item>
    </sponsors>
    <version>1.0.0</version>
    <createDate>2017-01-25T04:45:58Z</createDate>
    <committeeReports />
    <latestAction>
      <text>Read twice and referred to the Committee on the Judiciary.</text>
      <links />
      <actionDate>2017-01-24</actionDate>
    </latestAction>
    <notes />
    <introducedDate>2017-01-24</introducedDate>
    <committees>
      <billCommittees>
        <item>
          <activities>
            <item>
              <date>2017-01-24T21:54:39Z</date>
              <name>Referred to</name>
            </item>
          </activities>
          <type>Standing</type>
          <chamber>Senate</chamber>
          <systemCode>ssju00</systemCode>
          <name>Judiciary Committee</name>
          <subcommittees />
        </item>
      </billCommittees>
    </committees>
    <relatedBills>
      <item>
        <type>HR</type>
        <latestTitle>Born-Alive Abortion Survivors Protection Act</latestTitle>
        <congress>115</congress>
        <latestAction>
          <text>Received in the Senate.</text>
          <actionDate>2018-01-20</actionDate>
        </latestAction>
        <number>4712</number>
        <relationshipDetails>
          <item>
            <identifiedBy>CRS</identifiedBy>
            <type>Identical bill</type>
          </item>
        </relationshipDetails>
      </item>
      <item>
        <type>HR</type>
        <latestTitle>Born-Alive Abortion Survivors Protection Act</latestTitle>
        <congress>115</congress>
        <latestAction>
          <text>Referred to the Subcommittee on the Constitution and Civil Justice.</text>
          <actionDate>2017-01-12</actionDate>
        </latestAction>
        <number>37</number>
        <relationshipDetails>
          <item>
            <identifiedBy>CRS</identifiedBy>
            <type>Identical bill</type>
          </item>
        </relationshipDetails>
      </item>
    </relatedBills>
    <billNumber>220</billNumber>
    <subjects>
      <billSubjects>
        <legislativeSubjects>
          <item>
            <name>Abortion</name>
          </item>
          <item>
            <name>Civil actions and liability</name>
          </item>
          <item>
            <name>Criminal investigation, prosecution, interrogation</name>
          </item>
          <item>
            <name>Health personnel</name>
          </item>
          <item>
            <name>Legal fees and court costs</name>
          </item>
          <item>
            <name>Medical ethics</name>
          </item>
          <item>
            <name>Violent crime</name>
          </item>
        </legislativeSubjects>
        <policyArea>
          <name>Crime and Law Enforcement</name>
        </policyArea>
      </billSubjects>
    </subjects>
    <amendments />
    <originChamber>Senate</originChamber>
    <cboCostEstimates />
    <policyArea>
      <name>Crime and Law Enforcement</name>
    </policyArea>
    <congress>115</congress>
    <actions>
      <actionByCounts>
        <senate>2</senate>
      </actionByCounts>
      <item>
        <actionDate>2017-01-24</actionDate>
        <committee>
          <systemCode>ssju00</systemCode>
          <name>Judiciary Committee</name>
        </committee>
        <links />
        <sourceSystem>
          <code>0</code>
          <name>Senate</name>
        </sourceSystem>
        <text>Read twice and referred to the Committee on the Judiciary.</text>
        <type>IntroReferral</type>
      </item>
      <item>
        <committee />
        <links />
        <type>IntroReferral</type>
        <text>Introduced in Senate</text>
        <actionDate>2017-01-24</actionDate>
        <actionCode>10000</actionCode>
        <sourceSystem>
          <code>9</code>
          <name>Library of Congress</name>
        </sourceSystem>
      </item>
      <actionTypeCounts>
        <referredToCommittee>1</referredToCommittee>
        <introducedInSenate>1</introducedInSenate>
      </actionTypeCounts>
    </actions>
    <recordedVotes />
    <laws />
    <cosponsors>
      <item>
        <party>R</party>
        <state>WY</state>
        <bioguideId>B001261</bioguideId>
        <sponsorshipWithdrawnDate />
        <lastName>Barrasso</lastName>
        <fullName>Sen. Barrasso, John [R-WY]</fullName>
        <firstName>John</firstName>
        <sponsorshipDate>2017-01-24</sponsorshipDate>
        <middleName />
        <isOriginalCosponsor>True</isOriginalCosponsor>
        <identifiers>
          <lisID>1881</lisID>
          <gpoId>8300</gpoId>
          <bioguideId>B001261</bioguideId>
        </identifiers>
      </item>
      <item>
        <party>R</party>
        <state>MO</state>
        <bioguideId>B000575</bioguideId>
        <sponsorshipWithdrawnDate />
        <lastName>Blunt</lastName>
        <fullName>Sen. Blunt, Roy [R-MO]</fullName>
        <firstName>Roy</firstName>
        <sponsorshipDate>2017-01-24</sponsorshipDate>
        <middleName />
        <isOriginalCosponsor>True</isOriginalCosponsor>
        <identifiers>
          <lisID>1464</lisID>
          <bioguideId>B000575</bioguideId>
          <gpoId>8313</gpoId>
        </identifiers>
      </item>
      <item>
        <party>R</party>
        <state>AR</state>
        <bioguideId>B001236</bioguideId>
        <sponsorshipWithdrawnDate />
        <lastName>Boozman</lastName>
        <fullName>Sen. Boozman, John [R-AR]</fullName>
        <firstName>John</firstName>
        <sponsorshipDate>2017-01-24</sponsorshipDate>
        <middleName />
        <isOriginalCosponsor>True</isOriginalCosponsor>
        <identifiers>
          <bioguideId>B001236</bioguideId>
          <lisID>1687</lisID>
          <gpoId>8247</gpoId>
        </identifiers>
      </item>
      <item>
        <party>R</party>
        <state>NC</state>
        <bioguideId>B001135</bioguideId>
        <sponsorshipWithdrawnDate />
        <lastName>BURR</lastName>
        <fullName>Sen. Burr, Richard [R-NC]</fullName>
        <firstName>RICHARD</firstName>
        <sponsorshipDate>2017-01-24</sponsorshipDate>
        <middleName />
        <isOriginalCosponsor>True</isOriginalCosponsor>
        <identifiers>
          <lisID>153</lisID>
          <gpoId>8286</gpoId>
          <bioguideId>B001135</bioguideId>
        </identifiers>
      </item>
      <item>
        <party>R</party>
        <state>LA</state>
        <bioguideId>C001075</bioguideId>
        <sponsorshipWithdrawnDate />
        <lastName>Cassidy</lastName>
        <fullName>Sen. Cassidy, Bill [R-LA]</fullName>
        <firstName>Bill</firstName>
        <sponsorshipDate>2017-01-24</sponsorshipDate>
        <middleName />
        <isOriginalCosponsor>True</isOriginalCosponsor>
        <identifiers>
          <lisID>1925</lisID>
          <gpoId>7964</gpoId>
          <bioguideId>C001075</bioguideId>
        </identifiers>
      </item>
      <item>
        <party>R</party>
        <state>AR</state>
        <bioguideId>C001095</bioguideId>
        <sponsorshipWithdrawnDate />
        <lastName>Cotton</lastName>
        <fullName>Sen. Cotton, Tom [R-AR]</fullName>
        <firstName>Tom</firstName>
        <sponsorshipDate>2017-01-24</sponsorshipDate>
        <middleName />
        <isOriginalCosponsor>True</isOriginalCosponsor>
        <identifiers>
          <lisID>2098</lisID>
          <bioguideId>C001095</bioguideId>
          <gpoId />
        </identifiers>
      </item>
      <item>
        <party>R</party>
        <state>TX</state>
        <bioguideId>C001098</bioguideId>
        <sponsorshipWithdrawnDate />
        <lastName>Cruz</lastName>
        <fullName>Sen. Cruz, Ted [R-TX]</fullName>
        <firstName>Ted</firstName>
        <sponsorshipDate>2017-01-24</sponsorshipDate>
        <middleName />
        <isOriginalCosponsor>True</isOriginalCosponsor>
        <identifiers>
          <lisID>2175</lisID>
          <gpoId />
          <bioguideId>C001098</bioguideId>
        </identifiers>
      </item>
      <item>
        <party>R</party>
        <state>MT</state>
        <bioguideId>D000618</bioguideId>
        <sponsorshipWithdrawnDate />
        <lastName>Daines</lastName>
        <fullName>Sen. Daines, Steve [R-MT]</fullName>
        <firstName>Steve</firstName>
        <sponsorshipDate>2017-01-24</sponsorshipDate>
        <middleName />
        <isOriginalCosponsor>True</isOriginalCosponsor>
        <identifiers>
          <bioguideId>D000618</bioguideId>
          <gpoId />
          <lisID>2138</lisID>
        </identifiers>
      </item>
      <item>
        <party>R</party>
        <state>WY</state>
        <bioguideId>E000285</bioguideId>
        <sponsorshipWithdrawnDate />
        <lastName>ENZI</lastName>
        <fullName>Sen. Enzi, Michael B. [R-WY]</fullName>
        <firstName>MICHAEL</firstName>
        <sponsorshipDate>2017-01-24</sponsorshipDate>
        <middleName>B.</middleName>
        <isOriginalCosponsor>True</isOriginalCosponsor>
        <identifiers>
          <bioguideId>E000285</bioguideId>
          <lisID>1542</lisID>
          <gpoId>8328</gpoId>
        </identifiers>
      </item>
      <item>
        <party>R</party>
        <state>NE</state>
        <bioguideId>F000463</bioguideId>
        <sponsorshipWithdrawnDate />
        <lastName>Fischer</lastName>
        <fullName>Sen. Fischer, Deb [R-NE]</fullName>
        <firstName>Deb</firstName>
        <sponsorshipDate>2017-01-24</sponsorshipDate>
        <middleName />
        <isOriginalCosponsor>True</isOriginalCosponsor>
        <identifiers>
          <gpoId />
          <lisID>2179</lisID>
          <bioguideId>F000463</bioguideId>
        </identifiers>
      </item>
      <item>
        <party>R</party>
        <state>SC</state>
        <bioguideId>G000359</bioguideId>
        <sponsorshipWithdrawnDate />
        <lastName>GRAHAM</lastName>
        <fullName>Sen. Graham, Lindsey [R-SC]</fullName>
        <firstName>LINDSEY</firstName>
        <sponsorshipDate>2017-01-24</sponsorshipDate>
        <middleName>O.</middleName>
        <isOriginalCosponsor>True</isOriginalCosponsor>
        <identifiers>
          <bioguideId>G000359</bioguideId>
          <lisID>452</lisID>
          <gpoId>8335</gpoId>
        </identifiers>
      </item>
      <item>
        <party>R</party>
        <state>IA</state>
        <bioguideId>G000386</bioguideId>
        <sponsorshipWithdrawnDate />
        <lastName>GRASSLEY</lastName>
        <fullName>Sen. Grassley, Chuck [R-IA]</fullName>
        <firstName>CHARLES</firstName>
        <sponsorshipDate>2017-01-24</sponsorshipDate>
        <middleName>ERNEST</middleName>
        <isOriginalCosponsor>True</isOriginalCosponsor>
        <identifiers>
          <lisID>457</lisID>
          <gpoId>8316</gpoId>
          <bioguideId>G000386</bioguideId>
        </identifiers>
      </item>
      <item>
        <party>R</party>
        <state>OK</state>
        <bioguideId>I000024</bioguideId>
        <sponsorshipWithdrawnDate />
        <lastName>INHOFE</lastName>
        <fullName>Sen. Inhofe, James M. [R-OK]</fullName>
        <firstName>JIM</firstName>
        <sponsorshipDate>2017-01-24</sponsorshipDate>
        <middleName />
        <isOriginalCosponsor>True</isOriginalCosponsor>
        <identifiers>
          <lisID>583</lisID>
          <gpoId>8322</gpoId>
          <bioguideId>I000024</bioguideId>
        </identifiers>
      </item>
      <item>
        <party>R</party>
        <state>WI</state>
        <bioguideId>J000293</bioguideId>
        <sponsorshipWithdrawnDate />
        <lastName>Johnson</lastName>
        <fullName>Sen. Johnson, Ron [R-WI]</fullName>
        <firstName>Ron</firstName>
        <sponsorshipDate>2017-01-24</sponsorshipDate>
        <middleName />
        <isOriginalCosponsor>True</isOriginalCosponsor>
        <identifiers>
          <bioguideId>J000293</bioguideId>
          <lisID>2086</lisID>
          <gpoId>8355</gpoId>
        </identifiers>
      </item>
      <item>
        <party>R</party>
        <state>OK</state>
        <bioguideId>L000575</bioguideId>
        <sponsorshipWithdrawnDate />
        <lastName>Lankford</lastName>
        <fullName>Sen. Lankford, James [R-OK]</fullName>
        <firstName>James</firstName>
        <sponsorshipDate>2017-01-24</sponsorshipDate>
        <middleName />
        <isOriginalCosponsor>True</isOriginalCosponsor>
        <identifiers>
          <lisID>2050</lisID>
          <bioguideId>L000575</bioguideId>
          <gpoId>8113</gpoId>
        </identifiers>
      </item>
      <item>
        <party>R</party>
        <state>AZ</state>
        <bioguideId>M000303</bioguideId>
        <sponsorshipWithdrawnDate />
        <lastName>MCCAIN</lastName>
        <fullName>Sen. McCain, John [R-AZ]</fullName>
        <firstName>JOHN</firstName>
        <sponsorshipDate>2017-01-24</sponsorshipDate>
        <middleName>SIDNEY</middleName>
        <isOriginalCosponsor>True</isOriginalCosponsor>
        <identifiers>
          <lisID>754</lisID>
          <bioguideId>M000303</bioguideId>
          <gpoId>8253</gpoId>
        </identifiers>
      </item>
      <item>
        <party>R</party>
        <state>KY</state>
        <bioguideId>M000355</bioguideId>
        <sponsorshipWithdrawnDate />
        <lastName>MCCONNELL</lastName>
        <fullName>Sen. McConnell, Mitch [R-KY]</fullName>
        <firstName>MITCH</firstName>
        <sponsorshipDate>2017-01-24</sponsorshipDate>
        <middleName />
        <isOriginalCosponsor>True</isOriginalCosponsor>
        <identifiers>
          <lisID>1395</lisID>
          <gpoId>8254</gpoId>
          <bioguideId>M000355</bioguideId>
        </identifiers>
      </item>
      <item>
        <party>R</party>
        <state>KS</state>
        <bioguideId>M000934</bioguideId>
        <sponsorshipWithdrawnDate />
        <lastName>MORAN</lastName>
        <fullName>Sen. Moran, Jerry [R-KS]</fullName>
        <firstName>JERRY</firstName>
        <sponsorshipDate>2017-01-24</sponsorshipDate>
        <middleName />
        <isOriginalCosponsor>True</isOriginalCosponsor>
        <identifiers>
          <lisID>1507</lisID>
          <bioguideId>M000934</bioguideId>
          <gpoId>8307</gpoId>
        </identifiers>
      </item>
      <item>
        <party>R</party>
        <state>GA</state>
        <bioguideId>P000612</bioguideId>
        <sponsorshipWithdrawnDate />
        <lastName>Perdue</lastName>
        <fullName>Sen. Perdue, David [R-GA]</fullName>
        <firstName>David</firstName>
        <sponsorshipDate>2017-01-24</sponsorshipDate>
        <middleName>Alfred</middleName>
        <isOriginalCosponsor>True</isOriginalCosponsor>
        <identifiers>
          <lisID>2286</lisID>
          <bioguideId>P000612</bioguideId>
          <gpoId />
        </identifiers>
      </item>
      <item>
        <party>R</party>
        <state>OH</state>
        <bioguideId>P000449</bioguideId>
        <sponsorshipWithdrawnDate />
        <lastName>PORTMAN</lastName>
        <fullName>Sen. Portman, Rob [R-OH]</fullName>
        <firstName>ROB</firstName>
        <sponsorshipDate>2017-01-24</sponsorshipDate>
        <middleName />
        <isOriginalCosponsor>True</isOriginalCosponsor>
        <identifiers>
          <lisID>924</lisID>
          <gpoId>8266</gpoId>
          <bioguideId>P000449</bioguideId>
        </identifiers>
      </item>
      <item>
        <party>R</party>
        <state>ID</state>
        <bioguideId>R000584</bioguideId>
        <sponsorshipWithdrawnDate />
        <lastName>Risch</lastName>
        <fullName>Sen. Risch, James E. [R-ID]</fullName>
        <firstName>James</firstName>
        <sponsorshipDate>2017-01-24</sponsorshipDate>
        <middleName>E.</middleName>
        <isOriginalCosponsor>True</isOriginalCosponsor>
        <identifiers>
          <lisID>1896</lisID>
          <gpoId>8274</gpoId>
          <bioguideId>R000584</bioguideId>
        </identifiers>
      </item>
      <item>
        <party>R</party>
        <state>KS</state>
        <bioguideId>R000307</bioguideId>
        <sponsorshipWithdrawnDate />
        <lastName>ROBERTS</lastName>
        <fullName>Sen. Roberts, Pat [R-KS]</fullName>
        <firstName>PAT</firstName>
        <sponsorshipDate>2017-01-24</sponsorshipDate>
        <middleName />
        <isOriginalCosponsor>True</isOriginalCosponsor>
        <identifiers>
          <gpoId>8275</gpoId>
          <lisID>968</lisID>
          <bioguideId>R000307</bioguideId>
        </identifiers>
      </item>
      <item>
        <party>R</party>
        <state>FL</state>
        <bioguideId>R000595</bioguideId>
        <sponsorshipWithdrawnDate />
        <lastName>Rubio</lastName>
        <fullName>Sen. Rubio, Marco [R-FL]</fullName>
        <firstName>Marco</firstName>
        <sponsorshipDate>2017-01-24</sponsorshipDate>
        <middleName />
        <isOriginalCosponsor>True</isOriginalCosponsor>
        <identifiers>
          <bioguideId>R000595</bioguideId>
          <lisID>2084</lisID>
          <gpoId>8242</gpoId>
        </identifiers>
      </item>
      <item>
        <party>R</party>
        <state>SC</state>
        <bioguideId>S001184</bioguideId>
        <sponsorshipWithdrawnDate />
        <lastName>Scott</lastName>
        <fullName>Sen. Scott, Tim [R-SC]</fullName>
        <firstName>Tim</firstName>
        <sponsorshipDate>2017-01-24</sponsorshipDate>
        <middleName />
        <isOriginalCosponsor>True</isOriginalCosponsor>
        <identifiers>
          <bioguideId>S001184</bioguideId>
          <lisID>2056</lisID>
          <gpoId>8141</gpoId>
        </identifiers>
      </item>
      <item>
        <party>R</party>
        <state>NC</state>
        <bioguideId>T000476</bioguideId>
        <sponsorshipWithdrawnDate />
        <lastName>Tillis</lastName>
        <fullName>Sen. Tillis, Thom [R-NC]</fullName>
        <firstName>Thomas</firstName>
        <sponsorshipDate>2017-01-24</sponsorshipDate>
        <middleName>Roland</middleName>
        <isOriginalCosponsor>True</isOriginalCosponsor>
        <identifiers>
          <bioguideId>T000476</bioguideId>
          <gpoId />
          <lisID>2291</lisID>
        </identifiers>
      </item>
      <item>
        <party>R</party>
        <state>MS</state>
        <bioguideId>W000437</bioguideId>
        <sponsorshipWithdrawnDate />
        <lastName>WICKER</lastName>
        <fullName>Sen. Wicker, Roger F. [R-MS]</fullName>
        <firstName>ROGER</firstName>
        <sponsorshipDate>2017-01-24</sponsorshipDate>
        <middleName>F.</middleName>
        <isOriginalCosponsor>True</isOriginalCosponsor>
        <identifiers>
          <bioguideId>W000437</bioguideId>
          <lisID>1226</lisID>
          <gpoId>8263</gpoId>
        </identifiers>
      </item>
      <item>
        <party>R</party>
        <state>GA</state>
        <bioguideId>I000055</bioguideId>
        <sponsorshipWithdrawnDate />
        <lastName>Isakson</lastName>
        <fullName>Sen. Isakson, Johnny [R-GA]</fullName>
        <firstName>Johnny</firstName>
        <sponsorshipDate>2017-01-24</sponsorshipDate>
        <middleName />
        <isOriginalCosponsor>True</isOriginalCosponsor>
        <identifiers>
          <bioguideId>I000055</bioguideId>
          <lisID>1608</lisID>
          <gpoId>8323</gpoId>
        </identifiers>
      </item>
      <item>
        <party>R</party>
        <state>MS</state>
        <bioguideId>C000567</bioguideId>
        <sponsorshipWithdrawnDate />
        <lastName>Cochran</lastName>
        <fullName>Sen. Cochran, Thad [R-MS]</fullName>
        <firstName>Thad</firstName>
        <sponsorshipDate>2017-01-30</sponsorshipDate>
        <middleName />
        <isOriginalCosponsor>False</isOriginalCosponsor>
        <identifiers>
          <lisID>213</lisID>
          <bioguideId>C000567</bioguideId>
          <gpoId>8292</gpoId>
        </identifiers>
      </item>
      <item>
        <party>R</party>
        <state>TX</state>
        <bioguideId>C001056</bioguideId>
        <sponsorshipWithdrawnDate />
        <lastName>Cornyn</lastName>
        <fullName>Sen. Cornyn, John [R-TX]</fullName>
        <firstName>John</firstName>
        <sponsorshipDate>2017-01-30</sponsorshipDate>
        <middleName />
        <isOriginalCosponsor>False</isOriginalCosponsor>
        <identifiers>
          <bioguideId>C001056</bioguideId>
          <lisID>1692</lisID>
          <gpoId>8295</gpoId>
        </identifiers>
      </item>
      <item>
        <party>R</party>
        <state>SD</state>
        <bioguideId>R000605</bioguideId>
        <sponsorshipWithdrawnDate />
        <lastName>Rounds</lastName>
        <fullName>Sen. Rounds, Mike  [R-SD]</fullName>
        <firstName>Mike</firstName>
        <sponsorshipDate>2017-02-01</sponsorshipDate>
        <middleName />
        <isOriginalCosponsor>False</isOriginalCosponsor>
        <identifiers>
          <gpoId />
          <lisID>2288</lisID>
          <bioguideId>R000605</bioguideId>
        </identifiers>
      </item>
      <item>
        <party>R</party>
        <state>LA</state>
        <bioguideId>K000393</bioguideId>
        <sponsorshipWithdrawnDate />
        <lastName>Kennedy</lastName>
        <fullName>Sen. Kennedy, John [R-LA]</fullName>
        <firstName>John</firstName>
        <sponsorshipDate>2017-03-06</sponsorshipDate>
        <middleName>Neely</middleName>
        <isOriginalCosponsor>False</isOriginalCosponsor>
        <identifiers>
          <lisID>2303</lisID>
          <bioguideId>K000393</bioguideId>
          <gpoId />
        </identifiers>
      </item>
      <item>
        <party>R</party>
        <state>AL</state>
        <bioguideId>S001202</bioguideId>
        <sponsorshipWithdrawnDate />
        <lastName>Strange</lastName>
        <fullName>Sen. Strange, Luther [R-AL]</fullName>
        <firstName>Luther</firstName>
        <sponsorshipDate>2017-06-27</sponsorshipDate>
        <middleName />
        <isOriginalCosponsor>False</isOriginalCosponsor>
        <identifiers>
          <lisID>2357</lisID>
          <gpoId />
          <bioguideId>S001202</bioguideId>
        </identifiers>
      </item>
      <item>
        <party>R</party>
        <state>UT</state>
        <bioguideId>H000338</bioguideId>
        <sponsorshipWithdrawnDate />
        <lastName>HATCH</lastName>
        <fullName>Sen. Hatch, Orrin G. [R-UT]</fullName>
        <firstName>ORRIN</firstName>
        <sponsorshipDate>2017-09-28</sponsorshipDate>
        <middleName>GRANT</middleName>
        <isOriginalCosponsor>False</isOriginalCosponsor>
        <identifiers>
          <lisID>1351</lisID>
          <bioguideId>H000338</bioguideId>
          <gpoId>8314</gpoId>
        </identifiers>
      </item>
      <item>
        <party>R</party>
        <state>IA</state>
        <bioguideId>E000295</bioguideId>
        <sponsorshipWithdrawnDate />
        <lastName>Ernst</lastName>
        <fullName>Sen. Ernst, Joni  [R-IA]</fullName>
        <firstName>Joni</firstName>
        <sponsorshipDate>2018-06-07</sponsorshipDate>
        <middleName />
        <isOriginalCosponsor>False</isOriginalCosponsor>
        <identifiers>
          <lisID>2283</lisID>
          <gpoId />
          <bioguideId>E000295</bioguideId>
        </identifiers>
      </item>
      <item>
        <party>R</party>
        <state>ND</state>
        <bioguideId>H001061</bioguideId>
        <sponsorshipWithdrawnDate />
        <lastName>Hoeven</lastName>
        <fullName>Sen. Hoeven, John [R-ND]</fullName>
        <firstName>John</firstName>
        <sponsorshipDate>2018-06-26</sponsorshipDate>
        <middleName />
        <isOriginalCosponsor>False</isOriginalCosponsor>
        <identifiers>
          <lisID>2079</lisID>
          <gpoId>8331</gpoId>
          <bioguideId>H001061</bioguideId>
        </identifiers>
      </item>
      <item>
        <party>R</party>
        <state>MS</state>
        <bioguideId>H001079</bioguideId>
        <sponsorshipWithdrawnDate />
        <lastName>Hyde-Smith</lastName>
        <fullName>Sen. Hyde-Smith, Cindy [R-MS]</fullName>
        <firstName>Cindy</firstName>
        <sponsorshipDate>2018-07-31</sponsorshipDate>
        <middleName />
        <isOriginalCosponsor>False</isOriginalCosponsor>
        <identifiers>
          <lisID>2366</lisID>
          <gpoId />
          <bioguideId>H001079</bioguideId>
        </identifiers>
      </item>
    </cosponsors>
    <titles>
      <item>
        <chamberName />
        <parentTitleType />
        <titleType>Short Titles as Introduced</titleType>
        <title>Born-Alive Abortion Survivors Protection Act</title>
        <chamberCode />
      </item>
      <item>
        <chamberName />
        <parentTitleType />
        <titleType>Official Title as Introduced</titleType>
        <title>A bill to amend title 18, United States Code, to prohibit a health care practitioner from failing to exercise the proper degree of care in the case of a child who survives an abortion or attempted abortion.</title>
        <chamberCode />
      </item>
      <item>
        <chamberName />
        <parentTitleType />
        <titleType>Display Title</titleType>
        <title>Born-Alive Abortion Survivors Protection Act</title>
        <chamberCode />
      </item>
      <item>
        <chamberName />
        <parentTitleType />
        <titleType>(Extracted from GPO) Short Titles as Introduced</titleType>
        <title>Born-Alive Abortion Survivors Protection Act</title>
        <chamberCode />
      </item>
    </titles>
    <updateDate>2018-08-28T20:23:10Z</updateDate>
    <calendarNumbers />
    <billType>S</billType>
    <summaries>
      <billSummaries>
        <item>
          <name>Introduced in Senate</name>
          <actionDesc>Introduced in Senate</actionDesc>
          <actionDate>2017-01-24</actionDate>
          <lastSummaryUpdateDate>2017-02-07T19:30:07Z</lastSummaryUpdateDate>
          <versionCode>00</versionCode>
          <updateDate>2017-01-24T05:00:00Z</updateDate>
          <text><![CDATA[<p><b>Born-Alive Abortion Survivors Protection Act</b></p> <p>This bill amends the federal criminal code to require any health care practitioner who is present when a child is born alive following an abortion or attempted abortion to: (1) exercise the same degree of care as reasonably provided to any other child born alive at the same gestational age, and (2) ensure that such child is immediately admitted to a hospital. The term &quot;born alive&quot; means the complete expulsion or extraction from his or her mother, at any stage of development, who after such expulsion or extraction breathes or has a beating heart, pulsation of the umbilical cord, or definite movement of voluntary muscles, regardless of whether the umbilical cord has been cut.</p> <p>Also, a health care practitioner or other employee who has knowledge of a failure to comply with these requirements must immediately report such failure to an appropriate law enforcement agency. </p> <p>An individual who violates the provisions of this bill is subject to a criminal fine, up to five years in prison, or both. </p> <p>An individual who commits an overt act that kills a child born alive is subject to criminal prosecution for murder.</p> <p>The bill bars the criminal prosecution of a mother of a child born alive for conspiracy to violate these provisions, for being an accessory after the fact, or for concealment of felony. </p> <p>A woman who undergoes an abortion or attempted abortion may file a civil action for damages against an individual who violates this bill. </p> <p>]]></text>
        </item>
      </billSummaries>
    </summaries>
    <title>Born-Alive Abortion Survivors Protection Act</title>
  </bill>
  <dublinCore xmlns:dc="http://purl.org/dc/elements/1.1/">
    <dc:format>text/xml</dc:format>
    <dc:language>EN</dc:language>
    <dc:rights>Pursuant to Title 17 Section 105 of the United States Code, this file is not subject to copyright protection and is in the public domain.</dc:rights>
    <dc:contributor>Congressional Research Service, Library of Congress</dc:contributor>
    <dc:description>This file contains bill summaries and statuses for federal legislation. A bill summary describes the most significant provisions of a piece of legislation and details the effects the legislative text may have on current law and federal programs. Bill summaries are authored by the Congressional Research Service (CRS) of the Library of Congress. As stated in Public Law 91-510 (2 USC 166 (d)(6)), one of the duties of CRS is "to prepare summaries and digests of bills and resolutions of a public general nature introduced in the Senate or House of Representatives". For more information, refer to the User Guide that accompanies this file.</dc:description>
  </dublinCore>
</billStatus>

