<?xml version="1.0" encoding="UTF-8"?>
<billStatus>
  <bill>
    <introducedDate>2017-01-12</introducedDate>
    <committeeReports />
    <laws />
    <createDate>2017-01-13T04:55:34Z</createDate>
    <actions>
      <actionByCounts>
        <senate>2</senate>
      </actionByCounts>
      <actionTypeCounts>
        <introducedInSenate>1</introducedInSenate>
        <referredToCommittee>1</referredToCommittee>
      </actionTypeCounts>
      <item>
        <actionDate>2017-01-12</actionDate>
        <committee>
          <systemCode>ssva00</systemCode>
          <name>Veterans' Affairs Committee</name>
        </committee>
        <links />
        <sourceSystem>
          <name>Senate</name>
          <code>0</code>
        </sourceSystem>
        <text>Read twice and referred to the Committee on Veterans' Affairs.</text>
        <type>IntroReferral</type>
      </item>
      <item>
        <type>IntroReferral</type>
        <text>Introduced in Senate</text>
        <actionCode>10000</actionCode>
        <sourceSystem>
          <name>Library of Congress</name>
          <code>9</code>
        </sourceSystem>
        <links />
        <committee />
        <actionDate>2017-01-12</actionDate>
      </item>
    </actions>
    <recordedVotes />
    <cboCostEstimates />
    <relatedBills />
    <cosponsors>
      <item>
        <lastName>Hirono</lastName>
        <isOriginalCosponsor>True</isOriginalCosponsor>
        <state>HI</state>
        <sponsorshipWithdrawnDate />
        <bioguideId>H001042</bioguideId>
        <firstName>Mazie</firstName>
        <fullName>Sen. Hirono, Mazie K. [D-HI]</fullName>
        <identifiers>
          <lisID>1844</lisID>
          <gpoId>7913</gpoId>
          <bioguideId>H001042</bioguideId>
        </identifiers>
        <middleName>K.</middleName>
        <sponsorshipDate>2017-01-12</sponsorshipDate>
        <party>D</party>
      </item>
    </cosponsors>
    <billNumber>111</billNumber>
    <amendments />
    <subjects>
      <billSubjects>
        <legislativeSubjects />
      </billSubjects>
    </subjects>
    <sponsors>
      <item>
        <party>R</party>
        <state>NV</state>
        <middleName />
        <bioguideId>H001041</bioguideId>
        <lastName>Heller</lastName>
        <firstName>Dean</firstName>
        <identifiers>
          <bioguideId>H001041</bioguideId>
          <gpoId>8060</gpoId>
          <lisID>1863</lisID>
        </identifiers>
        <fullName>Sen. Heller, Dean [R-NV]</fullName>
        <byRequestType />
      </item>
    </sponsors>
    <billType>S</billType>
    <title>A bill to require the Secretary of Defense to establish a process to determine whether individuals claiming certain service in the Philippines during World War II are eligible for certain benefits despite not being on the Missouri List, and for other purposes.</title>
    <policyArea />
    <congress>115</congress>
    <latestAction>
      <text>Read twice and referred to the Committee on Veterans' Affairs.</text>
      <actionDate>2017-01-12</actionDate>
      <links />
    </latestAction>
    <summaries>
      <billSummaries />
    </summaries>
    <originChamber>Senate</originChamber>
    <notes />
    <committees>
      <billCommittees>
        <item>
          <type>Standing</type>
          <chamber>Senate</chamber>
          <activities>
            <item>
              <date>2017-01-12T19:08:39Z</date>
              <name>Referred to</name>
            </item>
          </activities>
          <subcommittees />
          <systemCode>ssva00</systemCode>
          <name>Veterans' Affairs Committee</name>
        </item>
      </billCommittees>
    </committees>
    <calendarNumbers />
    <updateDate>2017-01-13T10:07:32Z</updateDate>
    <titles>
      <item>
        <titleType>Official Title as Introduced</titleType>
        <chamberName />
        <title>A bill to require the Secretary of Defense to establish a process to determine whether individuals claiming certain service in the Philippines during World War II are eligible for certain benefits despite not being on the Missouri List, and for other purposes.</title>
        <chamberCode />
        <parentTitleType />
      </item>
      <item>
        <titleType>Display Title</titleType>
        <chamberName />
        <title>A bill to require the Secretary of Defense to establish a process to determine whether individuals claiming certain service in the Philippines during World War II are eligible for certain benefits despite not being on the Missouri List, and for other purposes.</title>
        <chamberCode />
        <parentTitleType />
      </item>
    </titles>
  </bill>
  <dublinCore xmlns:dc="http://purl.org/dc/elements/1.1/">
    <dc:format>text/xml</dc:format>
    <dc:language>EN</dc:language>
    <dc:rights>Pursuant to Title 17 Section 105 of the United States Code, this file is not subject to copyright protection and is in the public domain.</dc:rights>
    <dc:contributor>Congressional Research Service, Library of Congress</dc:contributor>
    <dc:description>This file contains bill summaries and statuses for federal legislation. A bill summary describes the most significant provisions of a piece of legislation and details the effects the legislative text may have on current law and federal programs. Bill summaries are authored by the Congressional Research Service (CRS) of the Library of Congress. As stated in Public Law 91-510 (2 USC 166 (d)(6)), one of the duties of CRS is "to prepare summaries and digests of bills and resolutions of a public general nature introduced in the Senate or House of Representatives". For more information, refer to the User Guide that accompanies this file.</dc:description>
  </dublinCore>
</billStatus>

