<?xml version="1.0" encoding="UTF-8"?>
<billStatus>
  <bill>
    <calendarNumbers />
    <amendments />
    <committeeReports />
    <laws />
    <summaries>
      <billSummaries>
        <item>
          <updateDate>2017-02-15T05:00:00Z</updateDate>
          <versionCode>00</versionCode>
          <name>Introduced in Senate</name>
          <text><![CDATA[<p><strong>New Markets Tax Credit Extension Act of 201</strong><b>7</b></p> <p>This bill amends the Internal Revenue Code to: (1) make permanent the new markets tax credit, (2) provide for an inflation adjustment to the limitation amount for such credit after 2016, and (3) allow an offset against the alternative minimum tax for such credit (determined with respect to qualified equity investments initially made after 2016). </p>]]></text>
          <actionDate>2017-02-15</actionDate>
          <actionDesc>Introduced in Senate</actionDesc>
          <lastSummaryUpdateDate>2017-02-24T19:22:25Z</lastSummaryUpdateDate>
        </item>
      </billSummaries>
    </summaries>
    <relatedBills>
      <item>
        <latestTitle>New Markets Tax Credit Extension Act of 2017</latestTitle>
        <relationshipDetails>
          <item>
            <type>Identical bill</type>
            <identifiedBy>CRS</identifiedBy>
          </item>
        </relationshipDetails>
        <number>1098</number>
        <latestAction>
          <actionDate>2018-01-30</actionDate>
          <actionTime>13:53:31</actionTime>
          <text>ASSUMING FIRST SPONSORSHIP - Mr. Reed asked unanimous consent that he may hereafter be considered as the first sponsor of H.R. 1098, a bill originally introduced by Representative Tiberi, for the purpose of adding cosponsors and requesting reprintings pursuant to clause 7 of rule XII. Agreed to without objection.</text>
        </latestAction>
        <congress>115</congress>
        <type>HR</type>
      </item>
    </relatedBills>
    <createDate>2017-02-16T08:49:56Z</createDate>
    <latestAction>
      <links />
      <actionDate>2017-02-15</actionDate>
      <text>Read twice and referred to the Committee on Finance.</text>
    </latestAction>
    <sponsors>
      <item>
        <party>R</party>
        <state>MO</state>
        <bioguideId>B000575</bioguideId>
        <middleName />
        <lastName>Blunt</lastName>
        <fullName>Sen. Blunt, Roy [R-MO]</fullName>
        <firstName>Roy</firstName>
        <byRequestType />
        <identifiers>
          <lisID>1464</lisID>
          <bioguideId>B000575</bioguideId>
          <gpoId>8313</gpoId>
        </identifiers>
      </item>
    </sponsors>
    <billNumber>384</billNumber>
    <updateDate>2018-08-28T20:23:50Z</updateDate>
    <cboCostEstimates />
    <notes />
    <titles>
      <item>
        <chamberCode />
        <titleType>Short Titles as Introduced</titleType>
        <parentTitleType />
        <chamberName />
        <title>New Markets Tax Credit Extension Act of 2017</title>
      </item>
      <item>
        <chamberCode />
        <titleType>Official Title as Introduced</titleType>
        <parentTitleType />
        <chamberName />
        <title>A bill to amend the Internal Revenue Code of 1986 to permanently extend the new markets tax credit, and for other purposes.</title>
      </item>
      <item>
        <chamberCode />
        <titleType>Display Title</titleType>
        <parentTitleType />
        <chamberName />
        <title>New Markets Tax Credit Extension Act of 2017</title>
      </item>
      <item>
        <chamberCode />
        <titleType>(Extracted from GPO) Short Titles as Introduced</titleType>
        <parentTitleType />
        <chamberName />
        <title>New Markets Tax Credit Extension Act of 2017</title>
      </item>
    </titles>
    <introducedDate>2017-02-15</introducedDate>
    <subjects>
      <billSubjects>
        <legislativeSubjects>
          <item>
            <name>Business investment and capital</name>
          </item>
          <item>
            <name>Economic development</name>
          </item>
          <item>
            <name>Financial services and investments</name>
          </item>
          <item>
            <name>Income tax credits</name>
          </item>
          <item>
            <name>Inflation and prices</name>
          </item>
        </legislativeSubjects>
        <policyArea>
          <name>Taxation</name>
        </policyArea>
      </billSubjects>
    </subjects>
    <billType>S</billType>
    <originChamber>Senate</originChamber>
    <title>New Markets Tax Credit Extension Act of 2017</title>
    <cosponsors>
      <item>
        <bioguideId>C000141</bioguideId>
        <middleName>L.</middleName>
        <isOriginalCosponsor>True</isOriginalCosponsor>
        <fullName>Sen. Cardin, Benjamin L. [D-MD]</fullName>
        <lastName>CARDIN</lastName>
        <state>MD</state>
        <party>D</party>
        <sponsorshipWithdrawnDate />
        <identifiers>
          <lisID>174</lisID>
          <bioguideId>C000141</bioguideId>
          <gpoId>8287</gpoId>
        </identifiers>
        <sponsorshipDate>2017-02-15</sponsorshipDate>
        <firstName>BENJAMIN</firstName>
      </item>
      <item>
        <bioguideId>S000148</bioguideId>
        <middleName>E.</middleName>
        <isOriginalCosponsor>True</isOriginalCosponsor>
        <fullName>Sen. Schumer, Charles E. [D-NY]</fullName>
        <lastName>SCHUMER</lastName>
        <state>NY</state>
        <party>D</party>
        <sponsorshipWithdrawnDate />
        <identifiers>
          <lisID>1036</lisID>
          <bioguideId>S000148</bioguideId>
          <gpoId>8279</gpoId>
        </identifiers>
        <sponsorshipDate>2017-02-15</sponsorshipDate>
        <firstName>CHARLES</firstName>
      </item>
      <item>
        <bioguideId>G000555</bioguideId>
        <middleName>E.</middleName>
        <isOriginalCosponsor>True</isOriginalCosponsor>
        <fullName>Sen. Gillibrand, Kirsten E. [D-NY]</fullName>
        <lastName>Gillibrand</lastName>
        <state>NY</state>
        <party>D</party>
        <sponsorshipWithdrawnDate />
        <identifiers>
          <bioguideId>G000555</bioguideId>
          <lisID>1866</lisID>
          <gpoId>8336</gpoId>
        </identifiers>
        <sponsorshipDate>2017-02-15</sponsorshipDate>
        <firstName>Kirsten</firstName>
      </item>
      <item>
        <bioguideId>C000567</bioguideId>
        <middleName />
        <isOriginalCosponsor>False</isOriginalCosponsor>
        <fullName>Sen. Cochran, Thad [R-MS]</fullName>
        <lastName>Cochran</lastName>
        <state>MS</state>
        <party>R</party>
        <sponsorshipWithdrawnDate />
        <identifiers>
          <lisID>213</lisID>
          <bioguideId>C000567</bioguideId>
          <gpoId>8292</gpoId>
        </identifiers>
        <sponsorshipDate>2017-03-08</sponsorshipDate>
        <firstName>Thad</firstName>
      </item>
      <item>
        <bioguideId>W000437</bioguideId>
        <middleName>F.</middleName>
        <isOriginalCosponsor>False</isOriginalCosponsor>
        <fullName>Sen. Wicker, Roger F. [R-MS]</fullName>
        <lastName>WICKER</lastName>
        <state>MS</state>
        <party>R</party>
        <sponsorshipWithdrawnDate />
        <identifiers>
          <lisID>1226</lisID>
          <bioguideId>W000437</bioguideId>
          <gpoId>8263</gpoId>
        </identifiers>
        <sponsorshipDate>2017-03-21</sponsorshipDate>
        <firstName>ROGER</firstName>
      </item>
      <item>
        <bioguideId>P000449</bioguideId>
        <middleName />
        <isOriginalCosponsor>False</isOriginalCosponsor>
        <fullName>Sen. Portman, Rob [R-OH]</fullName>
        <lastName>PORTMAN</lastName>
        <state>OH</state>
        <party>R</party>
        <sponsorshipWithdrawnDate />
        <identifiers>
          <lisID>924</lisID>
          <gpoId>8266</gpoId>
          <bioguideId>P000449</bioguideId>
        </identifiers>
        <sponsorshipDate>2017-04-24</sponsorshipDate>
        <firstName>ROB</firstName>
      </item>
      <item>
        <bioguideId>S000770</bioguideId>
        <middleName>ANN</middleName>
        <isOriginalCosponsor>False</isOriginalCosponsor>
        <fullName>Sen. Stabenow, Debbie [D-MI]</fullName>
        <lastName>STABENOW</lastName>
        <state>MI</state>
        <party>D</party>
        <sponsorshipWithdrawnDate />
        <identifiers>
          <lisID>1531</lisID>
          <gpoId>8261</gpoId>
          <bioguideId>S000770</bioguideId>
        </identifiers>
        <sponsorshipDate>2017-04-26</sponsorshipDate>
        <firstName>DEBORAH</firstName>
      </item>
      <item>
        <bioguideId>B000944</bioguideId>
        <middleName />
        <isOriginalCosponsor>False</isOriginalCosponsor>
        <fullName>Sen. Brown, Sherrod [D-OH]</fullName>
        <lastName>BROWN</lastName>
        <state>OH</state>
        <party>D</party>
        <sponsorshipWithdrawnDate />
        <identifiers>
          <bioguideId>B000944</bioguideId>
          <lisID>136</lisID>
          <gpoId>8309</gpoId>
        </identifiers>
        <sponsorshipDate>2017-04-26</sponsorshipDate>
        <firstName>SHERROD</firstName>
      </item>
      <item>
        <bioguideId>C001047</bioguideId>
        <middleName>MOORE</middleName>
        <isOriginalCosponsor>False</isOriginalCosponsor>
        <fullName>Sen. Capito, Shelley Moore [R-WV]</fullName>
        <lastName>CAPITO</lastName>
        <state>WV</state>
        <party>R</party>
        <sponsorshipWithdrawnDate />
        <identifiers>
          <lisID>1676</lisID>
          <bioguideId>C001047</bioguideId>
          <gpoId>8223</gpoId>
        </identifiers>
        <sponsorshipDate>2017-04-27</sponsorshipDate>
        <firstName>SHELLEY</firstName>
      </item>
      <item>
        <bioguideId>C000127</bioguideId>
        <middleName />
        <isOriginalCosponsor>False</isOriginalCosponsor>
        <fullName>Sen. Cantwell, Maria [D-WA]</fullName>
        <lastName>CANTWELL</lastName>
        <state>WA</state>
        <party>D</party>
        <sponsorshipWithdrawnDate />
        <identifiers>
          <lisID>172</lisID>
          <gpoId>8288</gpoId>
          <bioguideId>C000127</bioguideId>
        </identifiers>
        <sponsorshipDate>2017-05-01</sponsorshipDate>
        <firstName>MARIA</firstName>
      </item>
      <item>
        <bioguideId>D000618</bioguideId>
        <middleName />
        <isOriginalCosponsor>False</isOriginalCosponsor>
        <fullName>Sen. Daines, Steve [R-MT]</fullName>
        <lastName>Daines</lastName>
        <state>MT</state>
        <party>R</party>
        <sponsorshipWithdrawnDate />
        <identifiers>
          <lisID>2138</lisID>
          <gpoId />
          <bioguideId>D000618</bioguideId>
        </identifiers>
        <sponsorshipDate>2017-08-03</sponsorshipDate>
        <firstName>Steve</firstName>
      </item>
      <item>
        <bioguideId>B001236</bioguideId>
        <middleName />
        <isOriginalCosponsor>False</isOriginalCosponsor>
        <fullName>Sen. Boozman, John [R-AR]</fullName>
        <lastName>Boozman</lastName>
        <state>AR</state>
        <party>R</party>
        <sponsorshipWithdrawnDate />
        <identifiers>
          <gpoId>8247</gpoId>
          <lisID>1687</lisID>
          <bioguideId>B001236</bioguideId>
        </identifiers>
        <sponsorshipDate>2017-10-03</sponsorshipDate>
        <firstName>John</firstName>
      </item>
      <item>
        <bioguideId>S001203</bioguideId>
        <middleName />
        <isOriginalCosponsor>False</isOriginalCosponsor>
        <fullName>Sen. Smith, Tina  [D-MN]</fullName>
        <lastName>Smith</lastName>
        <state>MN</state>
        <party>D</party>
        <sponsorshipWithdrawnDate />
        <identifiers>
          <lisID>2365</lisID>
          <bioguideId>S001203</bioguideId>
          <gpoId />
        </identifiers>
        <sponsorshipDate>2018-03-14</sponsorshipDate>
        <firstName>Tina</firstName>
      </item>
      <item>
        <bioguideId>H001079</bioguideId>
        <middleName />
        <isOriginalCosponsor>False</isOriginalCosponsor>
        <fullName>Sen. Hyde-Smith, Cindy [R-MS]</fullName>
        <lastName>Hyde-Smith</lastName>
        <state>MS</state>
        <party>R</party>
        <sponsorshipWithdrawnDate />
        <identifiers>
          <bioguideId>H001079</bioguideId>
          <lisID>2366</lisID>
          <gpoId />
        </identifiers>
        <sponsorshipDate>2018-06-20</sponsorshipDate>
        <firstName>Cindy</firstName>
      </item>
      <item>
        <bioguideId>V000128</bioguideId>
        <middleName />
        <isOriginalCosponsor>False</isOriginalCosponsor>
        <fullName>Sen. Van Hollen, Chris [D-MD]</fullName>
        <lastName>Van Hollen</lastName>
        <state>MD</state>
        <party>D</party>
        <sponsorshipWithdrawnDate />
        <identifiers>
          <gpoId>7983</gpoId>
          <lisID>1729</lisID>
          <bioguideId>V000128</bioguideId>
        </identifiers>
        <sponsorshipDate>2018-06-25</sponsorshipDate>
        <firstName>Chris</firstName>
      </item>
      <item>
        <bioguideId>S001184</bioguideId>
        <middleName />
        <isOriginalCosponsor>False</isOriginalCosponsor>
        <fullName>Sen. Scott, Tim [R-SC]</fullName>
        <lastName>Scott</lastName>
        <state>SC</state>
        <party>R</party>
        <sponsorshipWithdrawnDate />
        <identifiers>
          <lisID>2056</lisID>
          <bioguideId>S001184</bioguideId>
          <gpoId>8141</gpoId>
        </identifiers>
        <sponsorshipDate>2018-08-20</sponsorshipDate>
        <firstName>Tim</firstName>
      </item>
    </cosponsors>
    <recordedVotes />
    <policyArea>
      <name>Taxation</name>
    </policyArea>
    <committees>
      <billCommittees>
        <item>
          <systemCode>ssfi00</systemCode>
          <subcommittees />
          <activities>
            <item>
              <name>Referred to</name>
              <date>2017-02-15T16:56:43Z</date>
            </item>
          </activities>
          <name>Finance Committee</name>
          <chamber>Senate</chamber>
          <type>Standing</type>
        </item>
      </billCommittees>
    </committees>
    <actions>
      <item>
        <actionDate>2017-02-15</actionDate>
        <committee>
          <systemCode>ssfi00</systemCode>
          <name>Finance Committee</name>
        </committee>
        <links />
        <sourceSystem>
          <code>0</code>
          <name>Senate</name>
        </sourceSystem>
        <text>Read twice and referred to the Committee on Finance.</text>
        <type>IntroReferral</type>
      </item>
      <item>
        <text>Introduced in Senate</text>
        <links />
        <type>IntroReferral</type>
        <sourceSystem>
          <code>9</code>
          <name>Library of Congress</name>
        </sourceSystem>
        <committee />
        <actionDate>2017-02-15</actionDate>
        <actionCode>10000</actionCode>
      </item>
      <actionTypeCounts>
        <referredToCommittee>1</referredToCommittee>
        <introducedInSenate>1</introducedInSenate>
      </actionTypeCounts>
      <actionByCounts>
        <senate>2</senate>
      </actionByCounts>
    </actions>
    <version>1.0.0</version>
    <congress>115</congress>
  </bill>
  <dublinCore xmlns:dc="http://purl.org/dc/elements/1.1/">
    <dc:format>text/xml</dc:format>
    <dc:language>EN</dc:language>
    <dc:rights>Pursuant to Title 17 Section 105 of the United States Code, this file is not subject to copyright protection and is in the public domain.</dc:rights>
    <dc:contributor>Congressional Research Service, Library of Congress</dc:contributor>
    <dc:description>This file contains bill summaries and statuses for federal legislation. A bill summary describes the most significant provisions of a piece of legislation and details the effects the legislative text may have on current law and federal programs. Bill summaries are authored by the Congressional Research Service (CRS) of the Library of Congress. As stated in Public Law 91-510 (2 USC 166 (d)(6)), one of the duties of CRS is "to prepare summaries and digests of bills and resolutions of a public general nature introduced in the Senate or House of Representatives". For more information, refer to the User Guide that accompanies this file.</dc:description>
  </dublinCore>
</billStatus>

