<?xml version="1.0" encoding="UTF-8"?>
<billStatus>
  <bill>
    <notes />
    <congress>115</congress>
    <committees>
      <billCommittees>
        <item>
          <chamber>Senate</chamber>
          <systemCode>sscm00</systemCode>
          <subcommittees />
          <type>Standing</type>
          <name>Commerce, Science, and Transportation Committee</name>
          <activities>
            <item>
              <name>Referred to</name>
              <date>2017-02-07T00:10:21Z</date>
            </item>
          </activities>
        </item>
      </billCommittees>
    </committees>
    <committeeReports />
    <cboCostEstimates />
    <title>NextGen Accountability Act</title>
    <laws />
    <updateDate>2018-08-28T20:23:36Z</updateDate>
    <relatedBills>
      <item>
        <latestAction>
          <text>Placed on Senate Legislative Calendar under General Orders. Calendar No. 407.</text>
          <actionDate>2018-05-09</actionDate>
        </latestAction>
        <type>S</type>
        <number>1405</number>
        <latestTitle>Federal Aviation Administration Reauthorization Act of 2017</latestTitle>
        <relationshipDetails>
          <item>
            <type>Related bill</type>
            <identifiedBy>CRS</identifiedBy>
          </item>
        </relationshipDetails>
        <congress>115</congress>
      </item>
    </relatedBills>
    <version>1.0.0</version>
    <actions>
      <item>
        <actionDate>2017-02-06</actionDate>
        <committee>
          <systemCode>sscm00</systemCode>
          <name>Commerce, Science, and Transportation Committee</name>
        </committee>
        <links>
          <link>
            <url>https://www.congress.gov/congressional-record/volume-163/senate-section/page/S746-747</url>
            <name>S746-747</name>
          </link>
          <link>
            <url>https://www.congress.gov/congressional-record/volume-163/senate-section/page/S747</url>
            <name>S747</name>
          </link>
        </links>
        <sourceSystem>
          <code>0</code>
          <name>Senate</name>
        </sourceSystem>
        <text>Read twice and referred to the Committee on Commerce, Science, and Transportation. (Sponsor introductory remarks on measure: CR S746-747; text of measure as introduced: CR S747)</text>
        <type>IntroReferral</type>
      </item>
      <item>
        <text>Introduced in Senate</text>
        <type>IntroReferral</type>
        <links />
        <actionDate>2017-02-06</actionDate>
        <sourceSystem>
          <code>9</code>
          <name>Library of Congress</name>
        </sourceSystem>
        <committee />
        <actionCode>10000</actionCode>
      </item>
      <actionByCounts>
        <senate>2</senate>
      </actionByCounts>
      <actionTypeCounts>
        <introducedInSenate>1</introducedInSenate>
        <referredToCommittee>1</referredToCommittee>
      </actionTypeCounts>
    </actions>
    <sponsors>
      <item>
        <fullName>Sen. Daines, Steve [R-MT]</fullName>
        <identifiers>
          <lisID>2138</lisID>
          <gpoId />
          <bioguideId>D000618</bioguideId>
        </identifiers>
        <bioguideId>D000618</bioguideId>
        <lastName>Daines</lastName>
        <firstName>Steve</firstName>
        <party>R</party>
        <byRequestType />
        <middleName />
        <state>MT</state>
      </item>
    </sponsors>
    <billType>S</billType>
    <policyArea>
      <name>Transportation and Public Works</name>
    </policyArea>
    <recordedVotes />
    <billNumber>320</billNumber>
    <titles>
      <item>
        <titleType>Short Titles as Introduced</titleType>
        <chamberName />
        <chamberCode />
        <parentTitleType />
        <title>NextGen Accountability Act</title>
      </item>
      <item>
        <titleType>Official Title as Introduced</titleType>
        <chamberName />
        <chamberCode />
        <parentTitleType />
        <title>A bill to require the Federal Aviation Administration to establish annual performance objectives and to hold the Chief NextGen Officer accountable for meeting such objectives.</title>
      </item>
      <item>
        <titleType>Display Title</titleType>
        <chamberName />
        <chamberCode />
        <parentTitleType />
        <title>NextGen Accountability Act</title>
      </item>
      <item>
        <titleType>(Extracted from GPO) Short Titles as Introduced</titleType>
        <chamberName />
        <chamberCode />
        <parentTitleType />
        <title>NextGen Accountability Act</title>
      </item>
    </titles>
    <originChamber>Senate</originChamber>
    <subjects>
      <billSubjects>
        <legislativeSubjects>
          <item>
            <name>Aviation and airports</name>
          </item>
          <item>
            <name>Congressional oversight</name>
          </item>
          <item>
            <name>Department of Transportation</name>
          </item>
          <item>
            <name>Federal officials</name>
          </item>
          <item>
            <name>Government employee pay, benefits, personnel management</name>
          </item>
          <item>
            <name>Performance measurement</name>
          </item>
          <item>
            <name>Transportation safety and security</name>
          </item>
        </legislativeSubjects>
        <policyArea>
          <name>Transportation and Public Works</name>
        </policyArea>
      </billSubjects>
    </subjects>
    <cosponsors>
      <item>
        <bioguideId>B001288</bioguideId>
        <party>D</party>
        <firstName>Cory</firstName>
        <fullName>Sen. Booker, Cory A. [D-NJ]</fullName>
        <lastName>Booker</lastName>
        <state>NJ</state>
        <isOriginalCosponsor>True</isOriginalCosponsor>
        <middleName>A.</middleName>
        <identifiers>
          <lisID>2194</lisID>
          <bioguideId>B001288</bioguideId>
          <gpoId />
        </identifiers>
        <sponsorshipDate>2017-02-06</sponsorshipDate>
        <sponsorshipWithdrawnDate />
      </item>
    </cosponsors>
    <introducedDate>2017-02-06</introducedDate>
    <calendarNumbers />
    <latestAction>
      <actionDate>2017-02-06</actionDate>
      <links />
      <text>Read twice and referred to the Committee on Commerce, Science, and Transportation. (Sponsor introductory remarks on measure: CR S746-747; text of measure as introduced: CR S747)</text>
    </latestAction>
    <amendments />
    <summaries>
      <billSummaries>
        <item>
          <actionDesc>Introduced in Senate</actionDesc>
          <name>Introduced in Senate</name>
          <text><![CDATA[<p><b>NextGen Accountability Act</b></p> <p>This bill amends the FAA Modernization and Reform Act of 2012 to direct the Federal Aviation Administration (FAA) to establish annual Next Generation Air Transportation System (NextGen) performance goals for each of the national airspace system performance metrics to meet identified performance metric baselines with respect to NextGen projects.</p> <p>The bill amends the Vision 100--Century of Aviation Reauthorization Act to revise contents of an annual Department of Transportation report to Congress regarding an integrated work plan for the NextGen. The plan shall include, among other things, a description of the progress made in meeting NextGen performance goals relative to the performance metrics.</p> <p>The bill revises requirements for the award of bonuses to the FAA Chief NextGen Officer. The FAA, for purposes of the award of such bonuses, shall also consider any progress made toward meeting the NextGen performance goals. </p> <p>The bill revises certain performance goals set forth in the annual performance agreement between the FAA and the NextGen Officer to include quantifiable NextGen airspace efficiency, productivity, capacity, and safety performance objectives.</p>]]></text>
          <versionCode>00</versionCode>
          <lastSummaryUpdateDate>2017-02-17T21:00:59Z</lastSummaryUpdateDate>
          <updateDate>2017-02-06T05:00:00Z</updateDate>
          <actionDate>2017-02-06</actionDate>
        </item>
      </billSummaries>
    </summaries>
    <createDate>2017-02-07T09:43:12Z</createDate>
  </bill>
  <dublinCore xmlns:dc="http://purl.org/dc/elements/1.1/">
    <dc:format>text/xml</dc:format>
    <dc:language>EN</dc:language>
    <dc:rights>Pursuant to Title 17 Section 105 of the United States Code, this file is not subject to copyright protection and is in the public domain.</dc:rights>
    <dc:contributor>Congressional Research Service, Library of Congress</dc:contributor>
    <dc:description>This file contains bill summaries and statuses for federal legislation. A bill summary describes the most significant provisions of a piece of legislation and details the effects the legislative text may have on current law and federal programs. Bill summaries are authored by the Congressional Research Service (CRS) of the Library of Congress. As stated in Public Law 91-510 (2 USC 166 (d)(6)), one of the duties of CRS is "to prepare summaries and digests of bills and resolutions of a public general nature introduced in the Senate or House of Representatives". For more information, refer to the User Guide that accompanies this file.</dc:description>
  </dublinCore>
</billStatus>

