<?xml version="1.0" encoding="UTF-8"?>
<billStatus>
  <bill>
    <policyArea>
      <name>Science, Technology, Communications</name>
    </policyArea>
    <billType>S</billType>
    <latestAction>
      <links />
      <actionDate>2017-08-04</actionDate>
      <text>Held at the desk.</text>
      <actionTime>14:32:20</actionTime>
    </latestAction>
    <createDate>2017-01-13T04:55:35Z</createDate>
    <notes />
    <actions>
      <actionTypeCounts>
        <placedOnCalendarGeneralOrders>1</placedOnCalendarGeneralOrders>
        <heldAtTheDesk>1</heldAtTheDesk>
        <receivedInTheHouse>1</receivedInTheHouse>
        <sentToHouse>1</sentToHouse>
        <introducedInSenate>1</introducedInSenate>
        <reportedToSenate>2</reportedToSenate>
        <passedSenate>1</passedSenate>
        <referredToCommittee>1</referredToCommittee>
        <passedAgreedToInSenate>1</passedAgreedToInSenate>
        <orderedReported>1</orderedReported>
      </actionTypeCounts>
      <item>
        <links />
        <actionTime>14:32:20</actionTime>
        <actionDate>2017-08-04</actionDate>
        <text>Held at the desk.</text>
        <committee />
        <sourceSystem>
          <code>2</code>
          <name>House floor actions</name>
        </sourceSystem>
        <actionCode>H15000</actionCode>
        <type>Floor</type>
      </item>
      <item>
        <links />
        <actionTime>13:06:31</actionTime>
        <actionDate>2017-08-04</actionDate>
        <text>Received in the House.</text>
        <committee />
        <sourceSystem>
          <code>2</code>
          <name>House floor actions</name>
        </sourceSystem>
        <actionCode>H14000</actionCode>
        <type>Floor</type>
      </item>
      <item>
        <actionDate>2017-08-04</actionDate>
        <committee />
        <links />
        <sourceSystem>
          <code>0</code>
          <name>Senate</name>
        </sourceSystem>
        <text>Message on Senate action sent to the House.</text>
        <type>Floor</type>
      </item>
      <item>
        <actionDate>2017-08-03</actionDate>
        <committee />
        <links>
          <link>
            <url>https://www.congress.gov/congressional-record/volume-163/senate-section/page/S4817-4818</url>
            <name>S4817-4818</name>
          </link>
        </links>
        <sourceSystem>
          <code>0</code>
          <name>Senate</name>
        </sourceSystem>
        <text>Passed Senate with an amendment by Unanimous Consent. (consideration: CR S4817-4818; text: CR S4817-4818)</text>
        <type>Floor</type>
      </item>
      <item>
        <links>
          <link>
            <url>https://www.congress.gov/congressional-record/volume-163/senate-section/page/S4817-4818</url>
            <name>S4817-4818</name>
          </link>
        </links>
        <type>Floor</type>
        <actionDate>2017-08-03</actionDate>
        <text>Passed/agreed to in Senate: Passed Senate with an amendment by Unanimous Consent.(consideration: CR S4817-4818; text: CR S4817-4818)</text>
        <committee />
        <sourceSystem>
          <code>9</code>
          <name>Library of Congress</name>
        </sourceSystem>
        <actionCode>17000</actionCode>
      </item>
      <item>
        <actionDate>2017-06-06</actionDate>
        <committee />
        <links />
        <sourceSystem>
          <code>0</code>
          <name>Senate</name>
        </sourceSystem>
        <text>Placed on Senate Legislative Calendar under General Orders. Calendar No. 117.</text>
        <type>Calendars</type>
      </item>
      <item>
        <actionDate>2017-06-06</actionDate>
        <committee>
          <name>Commerce, Science, and Transportation Committee</name>
          <systemCode>sscm00</systemCode>
        </committee>
        <links>
          <link>
            <url>https://www.congress.gov/congressional-report/115th-congress/senate-report/91</url>
            <name>report No. 115-91</name>
          </link>
        </links>
        <sourceSystem>
          <code>0</code>
          <name>Senate</name>
        </sourceSystem>
        <text>Committee on Commerce, Science, and Transportation. Reported by Senator Thune with an amendment in the nature of a substitute. With written report No. 115-91.</text>
        <type>Committee</type>
      </item>
      <item>
        <links>
          <link>
            <url>https://www.congress.gov/congressional-report/115th-congress/senate-report/91</url>
            <name>report No. 115-91</name>
          </link>
        </links>
        <type>Committee</type>
        <actionDate>2017-06-06</actionDate>
        <text>Committee on Commerce, Science, and Transportation. Reported by Senator Thune with an amendment in the nature of a substitute. With written report No. 115-91.</text>
        <committee>
          <name>Commerce, Science, and Transportation Committee</name>
          <systemCode>sscm00</systemCode>
        </committee>
        <sourceSystem>
          <code>9</code>
          <name>Library of Congress</name>
        </sourceSystem>
        <actionCode>14000</actionCode>
      </item>
      <item>
        <actionDate>2017-01-24</actionDate>
        <committee>
          <name>Commerce, Science, and Transportation Committee</name>
          <systemCode>sscm00</systemCode>
        </committee>
        <links />
        <sourceSystem>
          <code>0</code>
          <name>Senate</name>
        </sourceSystem>
        <text>Committee on Commerce, Science, and Transportation. Ordered to be reported with an amendment in the nature of a substitute favorably.</text>
        <type>Committee</type>
      </item>
      <item>
        <actionDate>2017-01-12</actionDate>
        <committee>
          <name>Commerce, Science, and Transportation Committee</name>
          <systemCode>sscm00</systemCode>
        </committee>
        <links>
          <link>
            <url>https://www.congress.gov/congressional-record/volume-163/senate-section/page/S317-318</url>
            <name>S317-318</name>
          </link>
        </links>
        <sourceSystem>
          <code>0</code>
          <name>Senate</name>
        </sourceSystem>
        <text>Read twice and referred to the Committee on Commerce, Science, and Transportation. (Sponsor introductory remarks on measure: CR S317-318)</text>
        <type>IntroReferral</type>
      </item>
      <item>
        <links />
        <type>IntroReferral</type>
        <actionDate>2017-01-12</actionDate>
        <text>Introduced in Senate</text>
        <committee />
        <sourceSystem>
          <code>9</code>
          <name>Library of Congress</name>
        </sourceSystem>
        <actionCode>10000</actionCode>
      </item>
      <actionByCounts>
        <houseOfRepresentatives>2</houseOfRepresentatives>
        <senate>9</senate>
      </actionByCounts>
    </actions>
    <calendarNumbers>
      <item>
        <calendar>Senate Calendar of Business</calendar>
        <number>0117</number>
      </item>
    </calendarNumbers>
    <congress>115</congress>
    <subjects>
      <billSubjects>
        <policyArea>
          <name>Science, Technology, Communications</name>
        </policyArea>
        <legislativeSubjects>
          <item>
            <name>Administrative law and regulatory procedures</name>
          </item>
          <item>
            <name>Consumer affairs</name>
          </item>
          <item>
            <name>Federal Communications Commission (FCC)</name>
          </item>
          <item>
            <name>Fraud offenses and financial crimes</name>
          </item>
          <item>
            <name>Telephone and wireless communication</name>
          </item>
        </legislativeSubjects>
      </billSubjects>
    </subjects>
    <billNumber>134</billNumber>
    <title>Spoofing Prevention Act of 2017</title>
    <committees>
      <billCommittees>
        <item>
          <activities>
            <item>
              <date>2017-06-06T19:25:58Z</date>
              <name>Reported by</name>
            </item>
            <item>
              <date>2017-01-24T15:00:00Z</date>
              <name>Markup by</name>
            </item>
            <item>
              <date>2017-01-12T21:33:25Z</date>
              <name>Referred to</name>
            </item>
          </activities>
          <type>Standing</type>
          <chamber>Senate</chamber>
          <systemCode>sscm00</systemCode>
          <name>Commerce, Science, and Transportation Committee</name>
          <subcommittees />
        </item>
      </billCommittees>
    </committees>
    <introducedDate>2017-01-12</introducedDate>
    <version>1.0.0</version>
    <committeeReports>
      <committeeReport>
        <citation>S. Rept. 115-91</citation>
      </committeeReport>
    </committeeReports>
    <updateDate>2018-08-28T20:22:49Z</updateDate>
    <laws />
    <originChamber>Senate</originChamber>
    <cboCostEstimates>
      <item>
        <title>S. 134, Spoofing Prevention Act of 2017</title>
        <url>https://www.cbo.gov/publication/52412</url>
        <pubDate>2017-02-09T21:00:55Z</pubDate>
      </item>
    </cboCostEstimates>
    <sponsors>
      <item>
        <middleName>WILLIAM</middleName>
        <bioguideId>N000032</bioguideId>
        <identifiers>
          <lisID>859</lisID>
          <bioguideId>N000032</bioguideId>
          <gpoId>8236</gpoId>
        </identifiers>
        <fullName>Sen. Nelson, Bill [D-FL]</fullName>
        <byRequestType />
        <party>D</party>
        <firstName>CLARENCE</firstName>
        <state>FL</state>
        <lastName>NELSON</lastName>
      </item>
    </sponsors>
    <relatedBills>
      <item>
        <congress>115</congress>
        <latestAction>
          <actionDate>2017-01-24</actionDate>
          <text>Received in the Senate and Read twice and referred to the Committee on Commerce, Science, and Transportation.</text>
        </latestAction>
        <relationshipDetails>
          <item>
            <type>Related bill</type>
            <identifiedBy>CRS</identifiedBy>
          </item>
          <item>
            <type>Related bill</type>
            <identifiedBy>House</identifiedBy>
          </item>
        </relationshipDetails>
        <type>HR</type>
        <latestTitle>Anti-Spoofing Act of 2017</latestTitle>
        <number>423</number>
      </item>
      <item>
        <congress>115</congress>
        <latestAction>
          <actionDate>2018-03-07</actionDate>
          <text>Received in the Senate and Read twice and referred to the Committee on Commerce, Science, and Transportation.</text>
        </latestAction>
        <relationshipDetails>
          <item>
            <type>Related bill</type>
            <identifiedBy>CRS</identifiedBy>
          </item>
        </relationshipDetails>
        <type>HR</type>
        <latestTitle>RAY BAUM'S Act of 2018</latestTitle>
        <number>4986</number>
      </item>
    </relatedBills>
    <cosponsors>
      <item>
        <fullName>Sen. Fischer, Deb [R-NE]</fullName>
        <firstName>Deb</firstName>
        <lastName>Fischer</lastName>
        <identifiers>
          <lisID>2179</lisID>
          <bioguideId>F000463</bioguideId>
          <gpoId />
        </identifiers>
        <state>NE</state>
        <bioguideId>F000463</bioguideId>
        <sponsorshipWithdrawnDate />
        <party>R</party>
        <isOriginalCosponsor>True</isOriginalCosponsor>
        <sponsorshipDate>2017-01-12</sponsorshipDate>
        <middleName />
      </item>
      <item>
        <fullName>Sen. Klobuchar, Amy [D-MN]</fullName>
        <firstName>Amy</firstName>
        <lastName>Klobuchar</lastName>
        <identifiers>
          <lisID>1826</lisID>
          <bioguideId>K000367</bioguideId>
          <gpoId>8249</gpoId>
        </identifiers>
        <state>MN</state>
        <bioguideId>K000367</bioguideId>
        <sponsorshipWithdrawnDate />
        <party>D</party>
        <isOriginalCosponsor>True</isOriginalCosponsor>
        <sponsorshipDate>2017-01-12</sponsorshipDate>
        <middleName />
      </item>
      <item>
        <fullName>Sen. Blunt, Roy [R-MO]</fullName>
        <firstName>Roy</firstName>
        <lastName>Blunt</lastName>
        <identifiers>
          <lisID>1464</lisID>
          <bioguideId>B000575</bioguideId>
          <gpoId>8313</gpoId>
        </identifiers>
        <state>MO</state>
        <bioguideId>B000575</bioguideId>
        <sponsorshipWithdrawnDate />
        <party>R</party>
        <isOriginalCosponsor>True</isOriginalCosponsor>
        <sponsorshipDate>2017-01-12</sponsorshipDate>
        <middleName />
      </item>
      <item>
        <fullName>Sen. Duckworth, Tammy [D-IL]</fullName>
        <firstName>Tammy</firstName>
        <lastName>Duckworth</lastName>
        <identifiers>
          <bioguideId>D000622</bioguideId>
          <lisID>2123</lisID>
          <gpoId />
        </identifiers>
        <state>IL</state>
        <bioguideId>D000622</bioguideId>
        <sponsorshipWithdrawnDate />
        <party>D</party>
        <isOriginalCosponsor>False</isOriginalCosponsor>
        <sponsorshipDate>2017-02-27</sponsorshipDate>
        <middleName />
      </item>
    </cosponsors>
    <titles>
      <item>
        <chamberCode>S</chamberCode>
        <titleType>Short Titles as Passed Senate</titleType>
        <chamberName>Senate</chamberName>
        <title>Spoofing Prevention Act of 2017</title>
        <parentTitleType>Short Titles Senate</parentTitleType>
      </item>
      <item>
        <chamberCode>S</chamberCode>
        <titleType>Short Titles as Reported to Senate</titleType>
        <chamberName>Senate</chamberName>
        <title>Spoofing Prevention Act of 2017</title>
        <parentTitleType>Short Titles Senate</parentTitleType>
      </item>
      <item>
        <chamberCode />
        <titleType>Short Titles as Introduced</titleType>
        <chamberName />
        <title>Spoofing Prevention Act of 2017</title>
        <parentTitleType />
      </item>
      <item>
        <chamberCode />
        <titleType>Official Title as Introduced</titleType>
        <chamberName />
        <title>A bill to expand the prohibition on misleading or inaccurate caller identification information, and for other purposes.</title>
        <parentTitleType />
      </item>
      <item>
        <chamberCode />
        <titleType>Display Title</titleType>
        <chamberName />
        <title>Spoofing Prevention Act of 2017</title>
        <parentTitleType />
      </item>
      <item>
        <chamberCode>S</chamberCode>
        <titleType>(Extracted from GPO) Short Titles as Passed Senate</titleType>
        <chamberName>Senate</chamberName>
        <title>Spoofing Prevention Act of 2017</title>
        <parentTitleType />
      </item>
      <item>
        <chamberCode>S</chamberCode>
        <titleType>(Extracted from GPO) Short Titles as Reported to Senate</titleType>
        <chamberName>Senate</chamberName>
        <title>Spoofing Prevention Act of 2017</title>
        <parentTitleType />
      </item>
      <item>
        <chamberCode />
        <titleType>(Extracted from GPO) Short Titles as Introduced</titleType>
        <chamberName />
        <title>Spoofing Prevention Act of 2017</title>
        <parentTitleType />
      </item>
    </titles>
    <recordedVotes />
    <summaries>
      <billSummaries>
        <item>
          <versionCode>00</versionCode>
          <actionDate>2017-01-12</actionDate>
          <actionDesc>Introduced in Senate</actionDesc>
          <name>Introduced in Senate</name>
          <lastSummaryUpdateDate>2017-02-23T21:19:37Z</lastSummaryUpdateDate>
          <text><![CDATA[<p><strong>Spoofing Prevention Act of 2017</strong></p> <p>This bill amends the Communications Act of 1934 to expand the prohibition against knowingly transmitting misleading or inaccurate caller identification information to apply to: (1) persons outside the United States if the recipient of the call is within the United States, and (2) text messages. </p> <p>Existing caller identification requirements that apply to calls made using a telecommunications service or IP-enabled voice service are revised to apply to: (1) voice communications using resources from the North American Numbering Plan; and (2) transmissions from a telephone facsimile machine, computer, or other device to a telephone facsimile machine.</p> <p>The Federal Communications Commission&nbsp;(FCC) must collaborate with the Federal Trade Commission (FTC) to regularly update education materials that help consumers identify: (1) scams and fraudulent activity that rely upon misleading or inaccurate caller identification information, and (2) existing technologies that consumers can use to protect against such fraud. </p> <p>The Government Accountability Office must report on: (1) actions taken, or actions that could be taken, by the FCC or the FTC to combat the fraudulent provision of misleading or inaccurate caller identification information; and (2) any recommendations to combat the fraudulent provision of such information. </p>]]></text>
          <updateDate>2017-01-12T05:00:00Z</updateDate>
        </item>
        <item>
          <versionCode>01</versionCode>
          <actionDate>2017-06-06</actionDate>
          <actionDesc>Reported to Senate with amendment(s)</actionDesc>
          <name>Reported to Senate with amendment(s)</name>
          <lastSummaryUpdateDate>2017-06-15T18:40:55Z</lastSummaryUpdateDate>
          <text><![CDATA[<p><b>Spoofing Prevention Act of 2017</b></p> <p>(Sec. 3) This bill amends the Communications Act of 1934 to expand the prohibition against knowingly transmitting misleading or inaccurate caller identification information to apply to: (1) persons outside the United States if the recipient of the call is within the United States, and (2) text messages. </p> <p>Existing caller identification requirements that apply to calls made using a telecommunications service or IP-enabled voice service are revised to apply to: (1) services that furnish voice communications using resources from the North American Numbering Plan; and (2) transmissions from a telephone facsimile machine, computer, or other device to a telephone facsimile machine. </p> <p>The Federal Communications Commission (FCC) must collaborate with the Federal Trade Commission (FTC) to regularly update education materials that help consumers identify: (1) scams and fraudulent activity that rely upon misleading or inaccurate caller identification information, and (2) existing technologies that consumers can use to protect against such fraud. </p> <p>The Government Accountability Office must report on: (1) actions taken, or actions that could be taken, by the FCC or the FTC to combat the fraudulent provision of misleading or inaccurate caller identification information; and (2) any recommendations to combat the fraudulent provision of such information. </p>]]></text>
          <updateDate>2017-06-06T14:24:25Z</updateDate>
        </item>
        <item>
          <versionCode>35</versionCode>
          <actionDate>2017-08-03</actionDate>
          <actionDesc>Passed Senate amended</actionDesc>
          <name>Passed Senate amended</name>
          <lastSummaryUpdateDate>2017-12-18T19:41:29Z</lastSummaryUpdateDate>
          <text><![CDATA[<p><b>Spoofing Prevention Act of 2017</b></p> <p>(Sec. 3) This bill amends the Communications Act of 1934 to expand the prohibition against knowingly transmitting misleading or inaccurate caller identification information to apply to: (1) persons outside the United States if the recipient of the call is within the United States, and (2) text messages. </p> <p>Existing caller identification requirements that apply to calls made using a telecommunications service or IP-enabled voice service are revised to apply to: (1) services that furnish voice communications using resources from the North American Numbering Plan; and (2) transmissions from a telephone facsimile machine, computer, or other device to a telephone facsimile machine. </p> <p>The Federal Communications Commission (FCC) must collaborate with the Federal Trade Commission (FTC) to regularly update education materials that help consumers identify: (1) scams and fraudulent activity that rely upon misleading or inaccurate caller identification information, and (2) existing technologies that consumers can use to protect against such fraud. </p> <p>The Government Accountability Office must report on: (1) actions taken, or actions that could be taken, by the FCC or the FTC to combat the fraudulent provision of misleading or inaccurate caller identification information; and (2) any recommendations to combat the fraudulent provision of such information. </p>]]></text>
          <updateDate>2017-08-03T15:06:34Z</updateDate>
        </item>
      </billSummaries>
    </summaries>
    <amendments />
  </bill>
  <dublinCore xmlns:dc="http://purl.org/dc/elements/1.1/">
    <dc:format>text/xml</dc:format>
    <dc:language>EN</dc:language>
    <dc:rights>Pursuant to Title 17 Section 105 of the United States Code, this file is not subject to copyright protection and is in the public domain.</dc:rights>
    <dc:contributor>Congressional Research Service, Library of Congress</dc:contributor>
    <dc:description>This file contains bill summaries and statuses for federal legislation. A bill summary describes the most significant provisions of a piece of legislation and details the effects the legislative text may have on current law and federal programs. Bill summaries are authored by the Congressional Research Service (CRS) of the Library of Congress. As stated in Public Law 91-510 (2 USC 166 (d)(6)), one of the duties of CRS is "to prepare summaries and digests of bills and resolutions of a public general nature introduced in the Senate or House of Representatives". For more information, refer to the User Guide that accompanies this file.</dc:description>
  </dublinCore>
</billStatus>

