<?xml version="1.0" encoding="UTF-8"?>
<billStatus>
  <bill>
    <congress>115</congress>
    <billNumber>135</billNumber>
    <cosponsors>
      <item>
        <firstName>David</firstName>
        <state>GA</state>
        <sponsorshipDate>2017-01-12</sponsorshipDate>
        <isOriginalCosponsor>True</isOriginalCosponsor>
        <bioguideId>P000612</bioguideId>
        <lastName>Perdue</lastName>
        <fullName>Sen. Perdue, David [R-GA]</fullName>
        <sponsorshipWithdrawnDate />
        <party>R</party>
        <identifiers>
          <bioguideId>P000612</bioguideId>
          <lisID>2286</lisID>
          <gpoId />
        </identifiers>
        <middleName>Alfred</middleName>
      </item>
    </cosponsors>
    <subjects>
      <billSubjects>
        <legislativeSubjects />
      </billSubjects>
    </subjects>
    <relatedBills />
    <latestAction>
      <links />
      <text>Read twice and referred to the Committee on Energy and Natural Resources.</text>
      <actionDate>2017-01-12</actionDate>
    </latestAction>
    <updateDate>2017-01-13T10:07:37Z</updateDate>
    <actions>
      <item>
        <actionDate>2017-01-12</actionDate>
        <committee>
          <systemCode>sseg00</systemCode>
          <name>Energy and Natural Resources Committee</name>
        </committee>
        <links />
        <sourceSystem>
          <code>0</code>
          <name>Senate</name>
        </sourceSystem>
        <text>Read twice and referred to the Committee on Energy and Natural Resources.</text>
        <type>IntroReferral</type>
      </item>
      <item>
        <sourceSystem>
          <code>9</code>
          <name>Library of Congress</name>
        </sourceSystem>
        <type>IntroReferral</type>
        <actionDate>2017-01-12</actionDate>
        <committee />
        <text>Introduced in Senate</text>
        <actionCode>10000</actionCode>
        <links />
      </item>
      <actionByCounts>
        <senate>2</senate>
      </actionByCounts>
      <actionTypeCounts>
        <referredToCommittee>1</referredToCommittee>
        <introducedInSenate>1</introducedInSenate>
      </actionTypeCounts>
    </actions>
    <billType>S</billType>
    <committeeReports />
    <originChamber>Senate</originChamber>
    <notes />
    <policyArea />
    <committees>
      <billCommittees>
        <item>
          <subcommittees />
          <name>Energy and Natural Resources Committee</name>
          <systemCode>sseg00</systemCode>
          <type>Standing</type>
          <activities>
            <item>
              <date>2017-01-12T21:36:14Z</date>
              <name>Referred to</name>
            </item>
          </activities>
          <chamber>Senate</chamber>
        </item>
      </billCommittees>
    </committees>
    <createDate>2017-01-13T04:55:35Z</createDate>
    <title>A bill to redesignate Ocmulgee National Monument in the State of Georgia and revise its boundary, and for other purposes.</title>
    <titles>
      <item>
        <chamberCode />
        <title>A bill to redesignate Ocmulgee National Monument in the State of Georgia and revise its boundary, and for other purposes.</title>
        <parentTitleType />
        <titleType>Official Title as Introduced</titleType>
        <chamberName />
      </item>
      <item>
        <chamberCode />
        <title>A bill to redesignate Ocmulgee National Monument in the State of Georgia and revise its boundary, and for other purposes.</title>
        <parentTitleType />
        <titleType>Display Title</titleType>
        <chamberName />
      </item>
    </titles>
    <recordedVotes />
    <cboCostEstimates />
    <laws />
    <summaries>
      <billSummaries />
    </summaries>
    <calendarNumbers />
    <introducedDate>2017-01-12</introducedDate>
    <amendments />
    <sponsors>
      <item>
        <lastName>Isakson</lastName>
        <identifiers>
          <lisID>1608</lisID>
          <gpoId>8323</gpoId>
          <bioguideId>I000055</bioguideId>
        </identifiers>
        <byRequestType />
        <middleName />
        <state>GA</state>
        <firstName>Johnny</firstName>
        <party>R</party>
        <fullName>Sen. Isakson, Johnny [R-GA]</fullName>
        <bioguideId>I000055</bioguideId>
      </item>
    </sponsors>
  </bill>
  <dublinCore xmlns:dc="http://purl.org/dc/elements/1.1/">
    <dc:format>text/xml</dc:format>
    <dc:language>EN</dc:language>
    <dc:rights>Pursuant to Title 17 Section 105 of the United States Code, this file is not subject to copyright protection and is in the public domain.</dc:rights>
    <dc:contributor>Congressional Research Service, Library of Congress</dc:contributor>
    <dc:description>This file contains bill summaries and statuses for federal legislation. A bill summary describes the most significant provisions of a piece of legislation and details the effects the legislative text may have on current law and federal programs. Bill summaries are authored by the Congressional Research Service (CRS) of the Library of Congress. As stated in Public Law 91-510 (2 USC 166 (d)(6)), one of the duties of CRS is "to prepare summaries and digests of bills and resolutions of a public general nature introduced in the Senate or House of Representatives". For more information, refer to the User Guide that accompanies this file.</dc:description>
  </dublinCore>
</billStatus>

