<?xml version="1.0" encoding="UTF-8"?>
<billStatus>
  <bill>
    <policyArea />
    <congress>115</congress>
    <cosponsors />
    <relatedBills />
    <calendarNumbers />
    <title>A bill to require the Secretary of the Treasury to implement security measures in the electronic tax return filing process to prevent tax refund fraud from being perpetrated with electronic identity theft.</title>
    <originChamber>Senate</originChamber>
    <subjects>
      <billSubjects>
        <legislativeSubjects />
      </billSubjects>
    </subjects>
    <committeeReports />
    <recordedVotes />
    <notes />
    <billType>S</billType>
    <titles>
      <item>
        <chamberCode />
        <titleType>Official Title as Introduced</titleType>
        <parentTitleType />
        <chamberName />
        <title>A bill to require the Secretary of the Treasury to implement security measures in the electronic tax return filing process to prevent tax refund fraud from being perpetrated with electronic identity theft.</title>
      </item>
      <item>
        <chamberCode />
        <titleType>Display Title</titleType>
        <parentTitleType />
        <chamberName />
        <title>A bill to require the Secretary of the Treasury to implement security measures in the electronic tax return filing process to prevent tax refund fraud from being perpetrated with electronic identity theft.</title>
      </item>
    </titles>
    <latestAction>
      <links />
      <actionDate>2017-01-17</actionDate>
      <text>Read twice and referred to the Committee on Finance.</text>
    </latestAction>
    <introducedDate>2017-01-17</introducedDate>
    <amendments />
    <createDate>2017-01-18T05:05:00Z</createDate>
    <cboCostEstimates />
    <sponsors>
      <item>
        <state>FL</state>
        <bioguideId>R000595</bioguideId>
        <lastName>Rubio</lastName>
        <party>R</party>
        <fullName>Sen. Rubio, Marco [R-FL]</fullName>
        <identifiers>
          <lisID>2084</lisID>
          <bioguideId>R000595</bioguideId>
          <gpoId>8242</gpoId>
        </identifiers>
        <middleName />
        <firstName>Marco</firstName>
        <byRequestType />
      </item>
    </sponsors>
    <actions>
      <actionTypeCounts>
        <referredToCommittee>1</referredToCommittee>
        <introducedInSenate>1</introducedInSenate>
      </actionTypeCounts>
      <item>
        <actionDate>2017-01-17</actionDate>
        <committee>
          <name>Finance Committee</name>
          <systemCode>ssfi00</systemCode>
        </committee>
        <links />
        <sourceSystem>
          <code>0</code>
          <name>Senate</name>
        </sourceSystem>
        <text>Read twice and referred to the Committee on Finance.</text>
        <type>IntroReferral</type>
      </item>
      <item>
        <sourceSystem>
          <code>9</code>
          <name>Library of Congress</name>
        </sourceSystem>
        <committee />
        <actionDate>2017-01-17</actionDate>
        <actionCode>10000</actionCode>
        <text>Introduced in Senate</text>
        <links />
        <type>IntroReferral</type>
      </item>
      <actionByCounts>
        <senate>2</senate>
      </actionByCounts>
    </actions>
    <updateDate>2017-01-18T10:21:00Z</updateDate>
    <billNumber>156</billNumber>
    <laws />
    <committees>
      <billCommittees>
        <item>
          <systemCode>ssfi00</systemCode>
          <chamber>Senate</chamber>
          <activities>
            <item>
              <name>Referred to</name>
              <date>2017-01-17T20:47:47Z</date>
            </item>
          </activities>
          <name>Finance Committee</name>
          <subcommittees />
          <type>Standing</type>
        </item>
      </billCommittees>
    </committees>
    <summaries>
      <billSummaries />
    </summaries>
  </bill>
  <dublinCore xmlns:dc="http://purl.org/dc/elements/1.1/">
    <dc:format>text/xml</dc:format>
    <dc:language>EN</dc:language>
    <dc:rights>Pursuant to Title 17 Section 105 of the United States Code, this file is not subject to copyright protection and is in the public domain.</dc:rights>
    <dc:contributor>Congressional Research Service, Library of Congress</dc:contributor>
    <dc:description>This file contains bill summaries and statuses for federal legislation. A bill summary describes the most significant provisions of a piece of legislation and details the effects the legislative text may have on current law and federal programs. Bill summaries are authored by the Congressional Research Service (CRS) of the Library of Congress. As stated in Public Law 91-510 (2 USC 166 (d)(6)), one of the duties of CRS is "to prepare summaries and digests of bills and resolutions of a public general nature introduced in the Senate or House of Representatives". For more information, refer to the User Guide that accompanies this file.</dc:description>
  </dublinCore>
</billStatus>

