<?xml version="1.0" encoding="UTF-8"?>
<billStatus>
  <bill>
    <titles>
      <item>
        <parentTitleType />
        <titleType>Short Titles as Introduced</titleType>
        <chamberCode />
        <chamberName />
        <title>Strengthening Medicare Intensive Cardiac Rehabilitation Programs Act of 2017</title>
      </item>
      <item>
        <parentTitleType />
        <titleType>Official Title as Introduced</titleType>
        <chamberCode />
        <chamberName />
        <title>A bill to amend title XVIII of the Social Security Act to strengthen intensive cardiac rehabilitations programs under the Medicare program.</title>
      </item>
      <item>
        <parentTitleType />
        <titleType>Display Title</titleType>
        <chamberCode />
        <chamberName />
        <title>Strengthening Medicare Intensive Cardiac Rehabilitation Programs Act of 2017</title>
      </item>
    </titles>
    <billType>S</billType>
    <calendarNumbers />
    <relatedBills />
    <sponsors>
      <item>
        <firstName>Dean</firstName>
        <fullName>Sen. Heller, Dean [R-NV]</fullName>
        <party>R</party>
        <identifiers>
          <lisID>1863</lisID>
          <bioguideId>H001041</bioguideId>
          <gpoId>8060</gpoId>
        </identifiers>
        <bioguideId>H001041</bioguideId>
        <middleName />
        <lastName>Heller</lastName>
        <state>NV</state>
        <byRequestType />
      </item>
    </sponsors>
    <subjects>
      <billSubjects>
        <legislativeSubjects>
          <item>
            <name>Cardiovascular and respiratory health</name>
          </item>
          <item>
            <name>Long-term, rehabilitative, and terminal care</name>
          </item>
          <item>
            <name>Medical research</name>
          </item>
          <item>
            <name>Medicare</name>
          </item>
        </legislativeSubjects>
        <policyArea>
          <name>Health</name>
        </policyArea>
      </billSubjects>
    </subjects>
    <notes />
    <updateDate>2017-01-23T16:01:20Z</updateDate>
    <actions>
      <item>
        <actionDate>2017-01-05</actionDate>
        <committee>
          <name>Finance Committee</name>
          <systemCode>ssfi00</systemCode>
        </committee>
        <links />
        <sourceSystem>
          <code>0</code>
          <name>Senate</name>
        </sourceSystem>
        <text>Read twice and referred to the Committee on Finance.</text>
        <type>IntroReferral</type>
      </item>
      <item>
        <actionCode>10000</actionCode>
        <actionDate>2017-01-05</actionDate>
        <links />
        <type>IntroReferral</type>
        <sourceSystem>
          <code>9</code>
          <name>Library of Congress</name>
        </sourceSystem>
        <committee />
        <text>Introduced in Senate</text>
      </item>
      <actionTypeCounts>
        <referredToCommittee>1</referredToCommittee>
        <introducedInSenate>1</introducedInSenate>
      </actionTypeCounts>
      <actionByCounts>
        <senate>2</senate>
      </actionByCounts>
    </actions>
    <introducedDate>2017-01-05</introducedDate>
    <policyArea>
      <name>Health</name>
    </policyArea>
    <cosponsors>
      <item>
        <firstName>Roy</firstName>
        <identifiers>
          <bioguideId>B000575</bioguideId>
          <gpoId>8313</gpoId>
          <lisID>1464</lisID>
        </identifiers>
        <state>MO</state>
        <party>R</party>
        <sponsorshipWithdrawnDate />
        <middleName />
        <lastName>Blunt</lastName>
        <bioguideId>B000575</bioguideId>
        <isOriginalCosponsor>True</isOriginalCosponsor>
        <sponsorshipDate>2017-01-05</sponsorshipDate>
        <fullName>Sen. Blunt, Roy [R-MO]</fullName>
      </item>
      <item>
        <firstName>Michael</firstName>
        <identifiers>
          <lisID>1965</lisID>
          <gpoId>8302</gpoId>
          <bioguideId>B001267</bioguideId>
        </identifiers>
        <state>CO</state>
        <party>D</party>
        <sponsorshipWithdrawnDate />
        <middleName>F.</middleName>
        <lastName>Bennet</lastName>
        <bioguideId>B001267</bioguideId>
        <isOriginalCosponsor>True</isOriginalCosponsor>
        <sponsorshipDate>2017-01-05</sponsorshipDate>
        <fullName>Sen. Bennet, Michael F. [D-CO]</fullName>
      </item>
    </cosponsors>
    <createDate>2017-01-06T04:57:27Z</createDate>
    <committeeReports />
    <amendments />
    <cboCostEstimates />
    <laws />
    <originChamber>Senate</originChamber>
    <congress>115</congress>
    <billNumber>46</billNumber>
    <latestAction>
      <links />
      <actionDate>2017-01-05</actionDate>
      <text>Read twice and referred to the Committee on Finance.</text>
    </latestAction>
    <committees>
      <billCommittees>
        <item>
          <systemCode>ssfi00</systemCode>
          <chamber>Senate</chamber>
          <type>Standing</type>
          <activities>
            <item>
              <date>2017-01-05T19:38:38Z</date>
              <name>Referred to</name>
            </item>
          </activities>
          <subcommittees />
          <name>Finance Committee</name>
        </item>
      </billCommittees>
    </committees>
    <recordedVotes />
    <title>Strengthening Medicare Intensive Cardiac Rehabilitation Programs Act of 2017</title>
    <summaries>
      <billSummaries />
    </summaries>
  </bill>
  <dublinCore xmlns:dc="http://purl.org/dc/elements/1.1/">
    <dc:format>text/xml</dc:format>
    <dc:language>EN</dc:language>
    <dc:rights>Pursuant to Title 17 Section 105 of the United States Code, this file is not subject to copyright protection and is in the public domain.</dc:rights>
    <dc:contributor>Congressional Research Service, Library of Congress</dc:contributor>
    <dc:description>This file contains bill summaries and statuses for federal legislation. A bill summary describes the most significant provisions of a piece of legislation and details the effects the legislative text may have on current law and federal programs. Bill summaries are authored by the Congressional Research Service (CRS) of the Library of Congress. As stated in Public Law 91-510 (2 USC 166 (d)(6)), one of the duties of CRS is "to prepare summaries and digests of bills and resolutions of a public general nature introduced in the Senate or House of Representatives". For more information, refer to the User Guide that accompanies this file.</dc:description>
  </dublinCore>
</billStatus>

