<?xml version="1.0" encoding="UTF-8"?>
<billStatus>
  <bill>
    <committeeReports />
    <updateDate>2018-08-28T20:22:42Z</updateDate>
    <laws>
      <item>
        <type>Public Law</type>
        <number>115-46</number>
      </item>
    </laws>
    <billType>S</billType>
    <subjects>
      <billSubjects>
        <policyArea>
          <name>Armed Forces and National Security</name>
        </policyArea>
        <legislativeSubjects>
          <item>
            <name>Alabama</name>
          </item>
          <item>
            <name>Appropriations</name>
          </item>
          <item>
            <name>California</name>
          </item>
          <item>
            <name>Colorado</name>
          </item>
          <item>
            <name>Congressional oversight</name>
          </item>
          <item>
            <name>Department of Veterans Affairs</name>
          </item>
          <item>
            <name>Employee hiring</name>
          </item>
          <item>
            <name>Employee performance</name>
          </item>
          <item>
            <name>Federal officials</name>
          </item>
          <item>
            <name>Florida</name>
          </item>
          <item>
            <name>Georgia</name>
          </item>
          <item>
            <name>Government buildings, facilities, and property</name>
          </item>
          <item>
            <name>Government employee pay, benefits, personnel management</name>
          </item>
          <item>
            <name>Government information and archives</name>
          </item>
          <item>
            <name>Government lending and loan guarantees</name>
          </item>
          <item>
            <name>Government studies and investigations</name>
          </item>
          <item>
            <name>Health facilities and institutions</name>
          </item>
          <item>
            <name>Health personnel</name>
          </item>
          <item>
            <name>Higher education</name>
          </item>
          <item>
            <name>Home and outpatient care</name>
          </item>
          <item>
            <name>Indiana</name>
          </item>
          <item>
            <name>Maine</name>
          </item>
          <item>
            <name>Massachusetts</name>
          </item>
          <item>
            <name>Medicaid</name>
          </item>
          <item>
            <name>Medical research</name>
          </item>
          <item>
            <name>Mental health</name>
          </item>
          <item>
            <name>Michigan</name>
          </item>
          <item>
            <name>Military medicine</name>
          </item>
          <item>
            <name>Montana</name>
          </item>
          <item>
            <name>New York State</name>
          </item>
          <item>
            <name>North Carolina</name>
          </item>
          <item>
            <name>Pennsylvania</name>
          </item>
          <item>
            <name>Performance measurement</name>
          </item>
          <item>
            <name>Public-private cooperation</name>
          </item>
          <item>
            <name>Social work, volunteer service, charitable organizations</name>
          </item>
          <item>
            <name>South Carolina</name>
          </item>
          <item>
            <name>South Dakota</name>
          </item>
          <item>
            <name>Student aid and college costs</name>
          </item>
          <item>
            <name>Texas</name>
          </item>
          <item>
            <name>User charges and fees</name>
          </item>
          <item>
            <name>Veterans' loans, housing, homeless programs</name>
          </item>
          <item>
            <name>Veterans' medical care</name>
          </item>
          <item>
            <name>Veterans' pensions and compensation</name>
          </item>
          <item>
            <name>Virginia</name>
          </item>
        </legislativeSubjects>
      </billSubjects>
    </subjects>
    <policyArea>
      <name>Armed Forces and National Security</name>
    </policyArea>
    <recordedVotes>
      <recordedVote>
        <date>2017-07-28T16:53:37Z</date>
        <sessionNumber>1</sessionNumber>
        <url>http://clerk.house.gov/evs/2017/roll438.xml</url>
        <chamber>House</chamber>
        <congress>115</congress>
        <rollNumber>438</rollNumber>
        <fullActionName>Passage of a Measure</fullActionName>
      </recordedVote>
      <recordedVote>
        <date>2017-07-24T23:03:54Z</date>
        <sessionNumber>1</sessionNumber>
        <url>http://clerk.house.gov/evs/2017/roll408.xml</url>
        <chamber>House</chamber>
        <congress>115</congress>
        <rollNumber>408</rollNumber>
        <fullActionName>Final Passage Under Suspension of the Rules Results</fullActionName>
      </recordedVote>
    </recordedVotes>
    <originChamber>Senate</originChamber>
    <latestAction>
      <text>Became Public Law No: 115-46.</text>
      <links>
        <link>
          <url>https://www.congress.gov/bill/115th-congress/senate-bill/114/text/pl</url>
          <name>Public Law No: 115-46</name>
        </link>
      </links>
      <actionDate>2017-08-12</actionDate>
    </latestAction>
    <billNumber>114</billNumber>
    <introducedDate>2017-01-12</introducedDate>
    <cosponsors>
      <item>
        <lastName>Casey</lastName>
        <middleName />
        <sponsorshipWithdrawnDate />
        <bioguideId>C001070</bioguideId>
        <fullName>Sen. Casey, Robert P., Jr. [D-PA]</fullName>
        <identifiers>
          <lisID>1828</lisID>
          <bioguideId>C001070</bioguideId>
          <gpoId>8282</gpoId>
        </identifiers>
        <sponsorshipDate>2017-01-12</sponsorshipDate>
        <state>PA</state>
        <firstName>Bob</firstName>
        <isOriginalCosponsor>True</isOriginalCosponsor>
        <party>D</party>
      </item>
      <item>
        <lastName>King</lastName>
        <middleName />
        <sponsorshipWithdrawnDate />
        <bioguideId>K000383</bioguideId>
        <fullName>Sen. King, Angus S., Jr. [I-ME]</fullName>
        <identifiers>
          <lisID>2185</lisID>
          <gpoId />
          <bioguideId>K000383</bioguideId>
        </identifiers>
        <sponsorshipDate>2017-08-01</sponsorshipDate>
        <state>ME</state>
        <firstName>Angus</firstName>
        <isOriginalCosponsor>False</isOriginalCosponsor>
        <party>I</party>
      </item>
      <item>
        <lastName>COLLINS</lastName>
        <middleName>MARGARET</middleName>
        <sponsorshipWithdrawnDate />
        <bioguideId>C001035</bioguideId>
        <fullName>Sen. Collins, Susan M. [R-ME]</fullName>
        <identifiers>
          <lisID>1541</lisID>
          <gpoId>8291</gpoId>
          <bioguideId>C001035</bioguideId>
        </identifiers>
        <sponsorshipDate>2017-08-01</sponsorshipDate>
        <state>ME</state>
        <firstName>SUSAN</firstName>
        <isOriginalCosponsor>False</isOriginalCosponsor>
        <party>R</party>
      </item>
    </cosponsors>
    <committees>
      <billCommittees>
        <item>
          <activities>
            <item>
              <name>Referred to</name>
              <date>2017-05-26T15:05:16Z</date>
            </item>
          </activities>
          <name>Veterans' Affairs Committee</name>
          <type>Standing</type>
          <chamber>House</chamber>
          <subcommittees />
          <systemCode>hsvr00</systemCode>
        </item>
        <item>
          <activities>
            <item>
              <name>Discharged from</name>
              <date>2017-05-25T19:33:36Z</date>
            </item>
            <item>
              <name>Referred to</name>
              <date>2017-01-12T19:01:17Z</date>
            </item>
          </activities>
          <name>Veterans' Affairs Committee</name>
          <type>Standing</type>
          <chamber>Senate</chamber>
          <subcommittees />
          <systemCode>ssva00</systemCode>
        </item>
      </billCommittees>
    </committees>
    <notes />
    <relatedBills>
      <item>
        <congress>115</congress>
        <number>480</number>
        <type>HRES</type>
        <latestTitle>Providing for consideration of the bill (S. 114) to amend title 38, United States Code, to require the Secretary of Veterans Affairs to submit an annual report regarding performance awards and bonuses awarded to certain high-level employees of the Department of Veterans Affairs.</latestTitle>
        <relationshipDetails>
          <item>
            <type>Procedurally-related</type>
            <identifiedBy>House</identifiedBy>
          </item>
        </relationshipDetails>
        <latestAction>
          <actionTime>09:35:14</actionTime>
          <text>Motion to reconsider laid on the table Agreed to without objection.</text>
          <actionDate>2017-07-28</actionDate>
        </latestAction>
      </item>
      <item>
        <congress>115</congress>
        <number>1550</number>
        <type>S</type>
        <latestTitle>Department of Veterans Affairs Quality Employment Act of 2017</latestTitle>
        <relationshipDetails>
          <item>
            <type>Related bill</type>
            <identifiedBy>CRS</identifiedBy>
          </item>
        </relationshipDetails>
        <latestAction>
          <text>Read twice and referred to the Committee on Veterans' Affairs.</text>
          <actionDate>2017-07-13</actionDate>
        </latestAction>
      </item>
      <item>
        <congress>115</congress>
        <number>2193</number>
        <type>S</type>
        <latestTitle>Caring for our Veterans Act of 2017</latestTitle>
        <relationshipDetails>
          <item>
            <type>Related bill</type>
            <identifiedBy>CRS</identifiedBy>
          </item>
        </relationshipDetails>
        <latestAction>
          <text>By Senator Isakson from Committee on Veterans' Affairs filed written report. Report No. 115-212.</text>
          <actionDate>2018-03-07</actionDate>
        </latestAction>
      </item>
      <item>
        <congress>115</congress>
        <number>2807</number>
        <type>S</type>
        <latestTitle>Department of Veterans Affairs Bonus Transparency Act</latestTitle>
        <relationshipDetails>
          <item>
            <type>Identical bill</type>
            <identifiedBy>CRS</identifiedBy>
          </item>
        </relationshipDetails>
        <latestAction>
          <text>Read twice and referred to the Committee on Veterans' Affairs.</text>
          <actionDate>2018-05-09</actionDate>
        </latestAction>
      </item>
      <item>
        <congress>115</congress>
        <number>2906</number>
        <type>S</type>
        <latestTitle>VA MISSION Act of 2018</latestTitle>
        <relationshipDetails>
          <item>
            <type>Related bill</type>
            <identifiedBy>CRS</identifiedBy>
          </item>
        </relationshipDetails>
        <latestAction>
          <text>Read twice and referred to the Committee on Veterans' Affairs.</text>
          <actionDate>2018-05-22</actionDate>
        </latestAction>
      </item>
      <item>
        <congress>115</congress>
        <number>233</number>
        <type>S</type>
        <latestTitle>Providing Veterans Overdue Care Act of 2017</latestTitle>
        <relationshipDetails>
          <item>
            <type>Related bill</type>
            <identifiedBy>CRS</identifiedBy>
          </item>
        </relationshipDetails>
        <latestAction>
          <text>Read twice and referred to the Committee on Veterans' Affairs.</text>
          <actionDate>2017-01-24</actionDate>
        </latestAction>
      </item>
      <item>
        <congress>115</congress>
        <number>1690</number>
        <type>HR</type>
        <latestTitle>Department of Veterans Affairs Bonus Transparency Act</latestTitle>
        <relationshipDetails>
          <item>
            <type>Related bill</type>
            <identifiedBy>CRS</identifiedBy>
          </item>
          <item>
            <type>Related bill</type>
            <identifiedBy>House</identifiedBy>
          </item>
        </relationshipDetails>
        <latestAction>
          <text>Received in the Senate and Read twice and referred to the Committee on Veterans' Affairs.</text>
          <actionDate>2017-07-25</actionDate>
        </latestAction>
      </item>
      <item>
        <congress>115</congress>
        <number>90</number>
        <type>HR</type>
        <latestTitle>Providing Veterans Overdue Care Act of 2017</latestTitle>
        <relationshipDetails>
          <item>
            <type>Related bill</type>
            <identifiedBy>CRS</identifiedBy>
          </item>
        </relationshipDetails>
        <latestAction>
          <text>Referred to the Subcommittee on Health.</text>
          <actionDate>2017-01-19</actionDate>
        </latestAction>
      </item>
    </relatedBills>
    <title>VA Choice and Quality Employment Act of 2017</title>
    <sponsors>
      <item>
        <fullName>Sen. Heller, Dean [R-NV]</fullName>
        <firstName>Dean</firstName>
        <lastName>Heller</lastName>
        <state>NV</state>
        <bioguideId>H001041</bioguideId>
        <party>R</party>
        <identifiers>
          <bioguideId>H001041</bioguideId>
          <lisID>1863</lisID>
          <gpoId>8060</gpoId>
        </identifiers>
        <byRequestType />
        <middleName />
      </item>
    </sponsors>
    <congress>115</congress>
    <version>1.0.0</version>
    <amendments>
      <amendment>
        <latestAction />
        <congress>115</congress>
        <cosponsors>
          <totalCount>0</totalCount>
          <currentCount>0</currentCount>
        </cosponsors>
        <amendments>
          <count>0</count>
        </amendments>
        <links />
        <congress>115</congress>
        <updateDate>2018-08-28T20:22:42Z</updateDate>
        <version>1.0.0</version>
        <createDate>2017-07-29T07:16:21Z</createDate>
        <description />
        <chamber>House of Representatives</chamber>
        <number>270</number>
        <notes />
        <proposedDate />
        <sponsors>
          <item>
            <name>Rules Committee</name>
          </item>
        </sponsors>
        <amendedAmendment />
        <purpose>Pursuant to the provisions of H.Res. 480 the amendment in the nature of a substitute printed in the Rules Committee report is considered as adopted.</purpose>
        <submittedDate>2017-07-28T04:00:00Z</submittedDate>
        <actions>
          <actions>
            <item>
              <actionDate>2017-07-28</actionDate>
              <committee />
              <links />
              <text />
            </item>
            <item>
              <text>House amendment offered</text>
              <links />
              <type>Floor</type>
              <sourceSystem>
                <code>9</code>
                <name>Library of Congress</name>
              </sourceSystem>
              <committee />
              <actionDate>2017-07-28</actionDate>
              <actionCode>71000</actionCode>
            </item>
          </actions>
          <actionTypeCounts>
            <houseAmendmentOffered>1</houseAmendmentOffered>
          </actionTypeCounts>
          <actionByCounts>
            <houseOfRepresentatives>1</houseOfRepresentatives>
          </actionByCounts>
          <count>2</count>
        </actions>
        <amendedBill>
          <originChamberCode>S</originChamberCode>
          <congress>115</congress>
          <title>VA Choice and Quality Employment Act of 2017</title>
          <number>114</number>
          <type>S</type>
          <originChamber>Senate</originChamber>
        </amendedBill>
        <type>HAMDT</type>
        <titles />
        <purpose>Pursuant to the provisions of H.Res. 480 the amendment in the nature of a substitute printed in the Rules Committee report is considered as adopted.</purpose>
        <description />
        <type>HAMDT</type>
        <number>270</number>
      </amendment>
    </amendments>
    <titles>
      <item>
        <titleType>Short Titles as Enacted</titleType>
        <title>VA Choice and Quality Employment Act of 2017</title>
        <parentTitleType>Short Title</parentTitleType>
        <chamberCode />
        <chamberName />
      </item>
      <item>
        <titleType>Short Titles as Passed Senate</titleType>
        <title>Department of Veterans Affairs Bonus Transparency Act</title>
        <parentTitleType>Short Titles Senate</parentTitleType>
        <chamberCode>S</chamberCode>
        <chamberName>Senate</chamberName>
      </item>
      <item>
        <titleType>Short Titles as Passed House</titleType>
        <title>VA Choice and Quality Employment Act of 2017</title>
        <parentTitleType>Short Titles House of Representatives</parentTitleType>
        <chamberCode>H</chamberCode>
        <chamberName>House</chamberName>
      </item>
      <item>
        <titleType>Short Titles as Introduced</titleType>
        <title>Department of Veterans Affairs Bonus Transparency Act</title>
        <parentTitleType />
        <chamberCode />
        <chamberName />
      </item>
      <item>
        <titleType>Official Titles as Amended by House</titleType>
        <title>To  authorize  appropriations  and to appropriate amounts for the Veterans Choice Program of the Department  of  Veterans  Affairs,  to  improve  hiring  authorities  of  the  Department,  to  authorize  major  medical  facility  leases,  and  for  other purposes.</title>
        <parentTitleType>Official Titles House of Representatives</parentTitleType>
        <chamberCode>H</chamberCode>
        <chamberName>House</chamberName>
      </item>
      <item>
        <titleType>Official Title as Introduced</titleType>
        <title>A bill to amend title 38, United States Code, to require the Secretary of Veterans Affairs to submit an annual report regarding performance awards and bonuses awarded to certain high-level employees of the Department of Veterans Affairs.</title>
        <parentTitleType />
        <chamberCode />
        <chamberName />
      </item>
      <item>
        <titleType>Display Title</titleType>
        <title>VA Choice and Quality Employment Act of 2017</title>
        <parentTitleType />
        <chamberCode />
        <chamberName />
      </item>
      <item>
        <titleType>(Extracted from GPO) Short Titles as Passed Senate</titleType>
        <title>Department of Veterans Affairs Bonus Transparency Act</title>
        <parentTitleType />
        <chamberCode>S</chamberCode>
        <chamberName>Senate</chamberName>
      </item>
      <item>
        <titleType>(Extracted from GPO) Short Titles as Introduced</titleType>
        <title>Department of Veterans Affairs Bonus Transparency Act</title>
        <parentTitleType />
        <chamberCode />
        <chamberName />
      </item>
    </titles>
    <createDate>2017-01-13T04:55:34Z</createDate>
    <cboCostEstimates />
    <calendarNumbers />
    <actions>
      <item>
        <text>Became Public Law No: 115-46.</text>
        <type>President</type>
        <committee />
        <actionDate>2017-08-12</actionDate>
        <links>
          <link>
            <name>Public Law No: 115-46</name>
            <url>https://www.congress.gov/bill/115th-congress/senate-bill/114/text/pl</url>
          </link>
        </links>
        <actionCode>E40000</actionCode>
        <sourceSystem>
          <code>2</code>
          <name>House floor actions</name>
        </sourceSystem>
      </item>
      <item>
        <text>Became Public Law No: 115-46.</text>
        <type>BecameLaw</type>
        <committee />
        <actionDate>2017-08-12</actionDate>
        <links>
          <link>
            <name>Public Law No: 115-46</name>
            <url>https://www.congress.gov/bill/115th-congress/senate-bill/114/text/pl</url>
          </link>
        </links>
        <actionCode>36000</actionCode>
        <sourceSystem>
          <code>9</code>
          <name>Library of Congress</name>
        </sourceSystem>
      </item>
      <item>
        <text>Signed by President.</text>
        <type>President</type>
        <committee />
        <actionDate>2017-08-12</actionDate>
        <links />
        <actionCode>E30000</actionCode>
        <sourceSystem>
          <code>2</code>
          <name>House floor actions</name>
        </sourceSystem>
      </item>
      <item>
        <text>Signed by President.</text>
        <type>BecameLaw</type>
        <committee />
        <actionDate>2017-08-12</actionDate>
        <links />
        <actionCode>36000</actionCode>
        <sourceSystem>
          <code>9</code>
          <name>Library of Congress</name>
        </sourceSystem>
      </item>
      <item>
        <text>Presented to President.</text>
        <type>Floor</type>
        <committee />
        <actionDate>2017-08-07</actionDate>
        <links />
        <actionCode>E20000</actionCode>
        <sourceSystem>
          <code>2</code>
          <name>House floor actions</name>
        </sourceSystem>
      </item>
      <item>
        <text>Presented to President.</text>
        <type>President</type>
        <committee />
        <actionDate>2017-08-07</actionDate>
        <links />
        <actionCode>28000</actionCode>
        <sourceSystem>
          <code>9</code>
          <name>Library of Congress</name>
        </sourceSystem>
      </item>
      <item>
        <actionDate>2017-08-02</actionDate>
        <committee />
        <links />
        <sourceSystem>
          <code>0</code>
          <name>Senate</name>
        </sourceSystem>
        <text>Message on Senate action sent to the House.</text>
        <type>Floor</type>
      </item>
      <item>
        <actionDate>2017-08-01</actionDate>
        <committee />
        <links>
          <link>
            <name>S4686</name>
            <url>https://www.congress.gov/congressional-record/volume-163/senate-section/page/S4686</url>
          </link>
        </links>
        <sourceSystem>
          <code>0</code>
          <name>Senate</name>
        </sourceSystem>
        <text>Senate agreed to the House amendments to the Senate bill by Voice Vote. (text as Senate agree to the House amendment: CR S4686)</text>
        <type>ResolvingDifferences</type>
      </item>
      <item>
        <text>Resolving differences -- Senate actions: Senate agreed to the House amendments to the Senate bill by Voice Vote.(text as Senate agree to the House amendment: CR S4686)</text>
        <type>NotUsed</type>
        <committee />
        <actionDate>2017-08-01</actionDate>
        <links>
          <link>
            <name>S4686</name>
            <url>https://www.congress.gov/congressional-record/volume-163/senate-section/page/S4686</url>
          </link>
        </links>
        <actionCode>20500</actionCode>
        <sourceSystem>
          <code>9</code>
          <name>Library of Congress</name>
        </sourceSystem>
      </item>
      <item>
        <actionDate>2017-07-31</actionDate>
        <committee />
        <links />
        <sourceSystem>
          <code>0</code>
          <name>Senate</name>
        </sourceSystem>
        <text>Message on House action received in Senate and at desk: House amendments to Senate bill.</text>
        <type>Floor</type>
      </item>
      <item>
        <text>The title of the measure was amended. Agreed to without objection.</text>
        <actionTime>12:53:43</actionTime>
        <type>Floor</type>
        <committee />
        <sourceSystem>
          <code>2</code>
          <name>House floor actions</name>
        </sourceSystem>
        <links />
        <actionCode>H38800</actionCode>
        <actionDate>2017-07-28</actionDate>
      </item>
      <item>
        <text>Motion to reconsider laid on the table Agreed to without objection.</text>
        <actionTime>12:53:41</actionTime>
        <type>Floor</type>
        <committee />
        <sourceSystem>
          <code>2</code>
          <name>House floor actions</name>
        </sourceSystem>
        <links />
        <actionCode>H38310</actionCode>
        <actionDate>2017-07-28</actionDate>
      </item>
      <item>
        <text>On passage Passed by the Yeas and Nays: 414 - 0 (Roll no. 438). (text: CR H6531-6535)</text>
        <actionTime>12:53:37</actionTime>
        <type>Floor</type>
        <committee />
        <sourceSystem>
          <code>2</code>
          <name>House floor actions</name>
        </sourceSystem>
        <links>
          <link>
            <name>H6531-6535</name>
            <url>https://www.congress.gov/congressional-record/volume-163/house-section/page/H6531-6535</url>
          </link>
          <link>
            <name>Roll no. 438</name>
            <url>http://clerk.house.gov/evs/2017/roll438.xml</url>
          </link>
        </links>
        <actionCode>H37100</actionCode>
        <actionDate>2017-07-28</actionDate>
      </item>
      <item>
        <text>Passed/agreed to in House: On passage Passed by the Yeas and Nays: 414 - 0 (Roll no. 438).(text: CR H6531-6535)</text>
        <actionTime>12:53:37</actionTime>
        <type>Floor</type>
        <committee />
        <sourceSystem>
          <code>9</code>
          <name>Library of Congress</name>
        </sourceSystem>
        <links>
          <link>
            <name>H6531-6535</name>
            <url>https://www.congress.gov/congressional-record/volume-163/house-section/page/H6531-6535</url>
          </link>
          <link>
            <name>Roll no. 438</name>
            <url>http://clerk.house.gov/evs/2017/roll438.xml</url>
          </link>
        </links>
        <actionCode>8000</actionCode>
        <actionDate>2017-07-28</actionDate>
      </item>
      <item>
        <text>Considered as unfinished business. (consideration: CR H6557-6558)</text>
        <actionTime>12:46:28</actionTime>
        <type>Floor</type>
        <committee />
        <sourceSystem>
          <code>2</code>
          <name>House floor actions</name>
        </sourceSystem>
        <links>
          <link>
            <name>H6557-6558</name>
            <url>https://www.congress.gov/congressional-record/volume-163/house-section/page/H6557-6558</url>
          </link>
        </links>
        <actionCode>H30000</actionCode>
        <actionDate>2017-07-28</actionDate>
      </item>
      <item>
        <text>POSTPONED PROCEEDINGS - At the conclusion of debate on S. 114, the Chair put the question on passage of the bill and by voice vote, announced that the aye had prevailed. Mr. Roe(TN) demanded the yeas and nays and the Chair postponed further proceedings on the question of passage until later in the legislative day.</text>
        <actionTime>11:00:54</actionTime>
        <type>Floor</type>
        <committee />
        <sourceSystem>
          <code>2</code>
          <name>House floor actions</name>
        </sourceSystem>
        <links>
          <link>
            <name>S. 114</name>
            <url>https://www.congress.gov/bill/115th-congress/senate-bill/114</url>
          </link>
        </links>
        <actionCode>H8D000</actionCode>
        <actionDate>2017-07-28</actionDate>
      </item>
      <item>
        <text>The previous question was ordered pursuant to the rule.</text>
        <actionTime>10:59:42</actionTime>
        <type>Floor</type>
        <committee />
        <sourceSystem>
          <code>2</code>
          <name>House floor actions</name>
        </sourceSystem>
        <links />
        <actionCode>H35000</actionCode>
        <actionDate>2017-07-28</actionDate>
      </item>
      <item>
        <text>DEBATE - The House proceeded with one hour of debate on S. 114.</text>
        <actionTime>10:32:13</actionTime>
        <type>Floor</type>
        <committee />
        <sourceSystem>
          <code>2</code>
          <name>House floor actions</name>
        </sourceSystem>
        <links>
          <link>
            <name>S. 114</name>
            <url>https://www.congress.gov/bill/115th-congress/senate-bill/114</url>
          </link>
        </links>
        <actionCode>H8D000</actionCode>
        <actionDate>2017-07-28</actionDate>
      </item>
      <item>
        <text>Rule provides for consideration of S. 114 with 1 hour of general debate. Motion to recommit with or without instructions allowed. The resolution provides that the amendment in the nature of a substitute printed in the Rules Committee report shall be considered as adopted and the bill, as amended, shall be considered as read.</text>
        <actionTime>10:30:58</actionTime>
        <type>Floor</type>
        <committee />
        <sourceSystem>
          <code>2</code>
          <name>House floor actions</name>
        </sourceSystem>
        <links>
          <link>
            <name>S. 114</name>
            <url>https://www.congress.gov/bill/115th-congress/senate-bill/114</url>
          </link>
        </links>
        <actionCode>H8D000</actionCode>
        <actionDate>2017-07-28</actionDate>
      </item>
      <item>
        <text>Considered under the provisions of rule H. Res. 480. (consideration: CR H6531-6538)</text>
        <actionTime>10:30:53</actionTime>
        <type>Floor</type>
        <committee />
        <sourceSystem>
          <code>2</code>
          <name>House floor actions</name>
        </sourceSystem>
        <links>
          <link>
            <name>H. Res. 480</name>
            <url>https://www.congress.gov/bill/115th-congress/house-resolution/480</url>
          </link>
          <link>
            <name>H6531-6538</name>
            <url>https://www.congress.gov/congressional-record/volume-163/house-section/page/H6531-6538</url>
          </link>
        </links>
        <actionCode>H30000</actionCode>
        <actionDate>2017-07-28</actionDate>
      </item>
      <item>
        <text>Rule H. Res. 480 passed House.</text>
        <actionTime>09:35:10</actionTime>
        <type>Floor</type>
        <committee />
        <sourceSystem>
          <code>2</code>
          <name>House floor actions</name>
        </sourceSystem>
        <links>
          <link>
            <name>H. Res. 480</name>
            <url>https://www.congress.gov/bill/115th-congress/house-resolution/480</url>
          </link>
        </links>
        <actionCode>H1L220</actionCode>
        <actionDate>2017-07-28</actionDate>
      </item>
      <item>
        <text>Rules Committee Resolution H. Res. 480 Reported to House. Rule provides for consideration of S. 114 with 1 hour of general debate. Motion to recommit with or without instructions allowed. The resolution provides that the amendment in the nature of a substitute printed in the Rules Committee report shall be considered as adopted and the bill, as amended, shall be considered as read.</text>
        <actionTime>18:41:05</actionTime>
        <type>Floor</type>
        <committee />
        <sourceSystem>
          <code>2</code>
          <name>House floor actions</name>
        </sourceSystem>
        <links>
          <link>
            <name>H. Res. 480</name>
            <url>https://www.congress.gov/bill/115th-congress/house-resolution/480</url>
          </link>
          <link>
            <name>S. 114</name>
            <url>https://www.congress.gov/bill/115th-congress/senate-bill/114</url>
          </link>
        </links>
        <actionCode>H1L210</actionCode>
        <actionDate>2017-07-27</actionDate>
      </item>
      <item>
        <text>On motion to suspend the rules and pass the bill, as amended Failed by the Yeas and Nays: (2/3 required): 219 - 186 (Roll no. 408).</text>
        <actionTime>19:03:54</actionTime>
        <type>Floor</type>
        <committee />
        <sourceSystem>
          <code>2</code>
          <name>House floor actions</name>
        </sourceSystem>
        <links>
          <link>
            <name>Roll no. 408</name>
            <url>http://clerk.house.gov/evs/2017/roll408.xml</url>
          </link>
        </links>
        <actionCode>H37300</actionCode>
        <actionDate>2017-07-24</actionDate>
      </item>
      <item>
        <text>Failed of passage/not agreed to in House: On motion to suspend the rules and pass the bill, as amended Failed by the Yeas and Nays: (2/3 required): 219 - 186 (Roll no. 408).</text>
        <actionTime>19:03:54</actionTime>
        <type>Floor</type>
        <committee />
        <sourceSystem>
          <code>9</code>
          <name>Library of Congress</name>
        </sourceSystem>
        <links>
          <link>
            <name>Roll no. 408</name>
            <url>http://clerk.house.gov/evs/2017/roll408.xml</url>
          </link>
        </links>
        <actionCode>9000</actionCode>
        <actionDate>2017-07-24</actionDate>
      </item>
      <item>
        <text>Considered as unfinished business. (consideration: CR H6196-6197)</text>
        <actionTime>18:55:59</actionTime>
        <type>Floor</type>
        <committee />
        <sourceSystem>
          <code>2</code>
          <name>House floor actions</name>
        </sourceSystem>
        <links>
          <link>
            <name>H6196-6197</name>
            <url>https://www.congress.gov/congressional-record/volume-163/house-section/page/H6196-6197</url>
          </link>
        </links>
        <actionCode>H30000</actionCode>
        <actionDate>2017-07-24</actionDate>
      </item>
      <item>
        <text>At the conclusion of debate, the Yeas and Nays were demanded and ordered. Pursuant to the provisions of clause 8, rule XX, the Chair announced that further proceedings on the motion would be postponed.</text>
        <actionTime>14:47:14</actionTime>
        <type>Floor</type>
        <committee />
        <sourceSystem>
          <code>2</code>
          <name>House floor actions</name>
        </sourceSystem>
        <links />
        <actionCode>H37220</actionCode>
        <actionDate>2017-07-24</actionDate>
      </item>
      <item>
        <text>DEBATE - The House proceeded with forty minutes of debate on S. 114.</text>
        <actionTime>14:11:15</actionTime>
        <type>Floor</type>
        <committee />
        <sourceSystem>
          <code>2</code>
          <name>House floor actions</name>
        </sourceSystem>
        <links>
          <link>
            <name>S. 114</name>
            <url>https://www.congress.gov/bill/115th-congress/senate-bill/114</url>
          </link>
        </links>
        <actionCode>H8D000</actionCode>
        <actionDate>2017-07-24</actionDate>
      </item>
      <item>
        <text>Considered under suspension of the rules. (consideration: CR H6151-6158; text of measure as received: CR H6151)</text>
        <actionTime>14:11:13</actionTime>
        <type>Floor</type>
        <committee />
        <sourceSystem>
          <code>2</code>
          <name>House floor actions</name>
        </sourceSystem>
        <links>
          <link>
            <name>H6151</name>
            <url>https://www.congress.gov/congressional-record/volume-163/house-section/page/H6151</url>
          </link>
          <link>
            <name>H6151-6158</name>
            <url>https://www.congress.gov/congressional-record/volume-163/house-section/page/H6151-6158</url>
          </link>
        </links>
        <actionCode>H30000</actionCode>
        <actionDate>2017-07-24</actionDate>
      </item>
      <item>
        <text>Mr. Roe (TN) moved to suspend the rules and pass the bill, as amended.</text>
        <actionTime>14:11:11</actionTime>
        <type>Floor</type>
        <committee />
        <sourceSystem>
          <code>2</code>
          <name>House floor actions</name>
        </sourceSystem>
        <links />
        <actionCode>H30300</actionCode>
        <actionDate>2017-07-24</actionDate>
      </item>
      <item>
        <text>Referred to the House Committee on Veterans' Affairs.</text>
        <type>IntroReferral</type>
        <committee>
          <systemCode>hsvr00</systemCode>
          <name>Veterans' Affairs Committee</name>
        </committee>
        <actionDate>2017-05-26</actionDate>
        <links />
        <actionCode>H11100</actionCode>
        <sourceSystem>
          <code>2</code>
          <name>House floor actions</name>
        </sourceSystem>
      </item>
      <item>
        <text>Received in the House.</text>
        <actionTime>10:02:06</actionTime>
        <type>Floor</type>
        <committee />
        <sourceSystem>
          <code>2</code>
          <name>House floor actions</name>
        </sourceSystem>
        <links />
        <actionCode>H14000</actionCode>
        <actionDate>2017-05-26</actionDate>
      </item>
      <item>
        <actionDate>2017-05-25</actionDate>
        <committee />
        <links />
        <sourceSystem>
          <code>0</code>
          <name>Senate</name>
        </sourceSystem>
        <text>Message on Senate action sent to the House.</text>
        <type>Floor</type>
      </item>
      <item>
        <actionDate>2017-05-25</actionDate>
        <committee />
        <links>
          <link>
            <name>S3190</name>
            <url>https://www.congress.gov/congressional-record/volume-163/senate-section/page/S3190</url>
          </link>
        </links>
        <sourceSystem>
          <code>0</code>
          <name>Senate</name>
        </sourceSystem>
        <text>Passed Senate without amendment by Unanimous Consent. (text: CR S3190)</text>
        <type>Floor</type>
      </item>
      <item>
        <text>Passed/agreed to in Senate: Passed Senate without amendment by Unanimous Consent.(text: CR S3190)</text>
        <type>Floor</type>
        <committee />
        <actionDate>2017-05-25</actionDate>
        <links>
          <link>
            <name>S3190</name>
            <url>https://www.congress.gov/congressional-record/volume-163/senate-section/page/S3190</url>
          </link>
        </links>
        <actionCode>17000</actionCode>
        <sourceSystem>
          <code>9</code>
          <name>Library of Congress</name>
        </sourceSystem>
      </item>
      <item>
        <actionDate>2017-05-25</actionDate>
        <committee>
          <systemCode>ssva00</systemCode>
          <name>Veterans' Affairs Committee</name>
        </committee>
        <links>
          <link>
            <name>S3190</name>
            <url>https://www.congress.gov/congressional-record/volume-163/senate-section/page/S3190</url>
          </link>
        </links>
        <sourceSystem>
          <code>0</code>
          <name>Senate</name>
        </sourceSystem>
        <text>Senate Committee on Veterans' Affairs discharged by Unanimous Consent. (consideration: CR S3190)</text>
        <type>Discharge</type>
      </item>
      <item>
        <text>Senate Committee on Veterans' Affairs discharged by Unanimous Consent.(consideration: CR S3190)</text>
        <type>Committee</type>
        <committee>
          <systemCode>ssva00</systemCode>
          <name>Veterans' Affairs Committee</name>
        </committee>
        <actionDate>2017-05-25</actionDate>
        <links>
          <link>
            <name>S3190</name>
            <url>https://www.congress.gov/congressional-record/volume-163/senate-section/page/S3190</url>
          </link>
        </links>
        <actionCode>14500</actionCode>
        <sourceSystem>
          <code>9</code>
          <name>Library of Congress</name>
        </sourceSystem>
      </item>
      <item>
        <actionDate>2017-01-12</actionDate>
        <committee>
          <systemCode>ssva00</systemCode>
          <name>Veterans' Affairs Committee</name>
        </committee>
        <links />
        <sourceSystem>
          <code>0</code>
          <name>Senate</name>
        </sourceSystem>
        <text>Read twice and referred to the Committee on Veterans' Affairs.</text>
        <type>IntroReferral</type>
      </item>
      <item>
        <text>Introduced in Senate</text>
        <type>IntroReferral</type>
        <committee />
        <actionDate>2017-01-12</actionDate>
        <links />
        <actionCode>10000</actionCode>
        <sourceSystem>
          <code>9</code>
          <name>Library of Congress</name>
        </sourceSystem>
      </item>
      <actionByCounts>
        <senate>11</senate>
        <houseOfRepresentatives>21</houseOfRepresentatives>
      </actionByCounts>
      <actionTypeCounts>
        <presentedToPresident>1</presentedToPresident>
        <passedSenate>1</passedSenate>
        <placeholderTextForE>3</placeholderTextForE>
        <becamePublicLaw>2</becamePublicLaw>
        <ruleForConsiderationOfBillReportedToHouse>1</ruleForConsiderationOfBillReportedToHouse>
        <placeholderTextForHL>1</placeholderTextForHL>
        <failedOfPassageNotAgreedToInHouse>1</failedOfPassageNotAgreedToInHouse>
        <billReferrals>1</billReferrals>
        <considerationByHouse>4</considerationByHouse>
        <generalDebate>4</generalDebate>
        <motionMadeToSuspendTheRules>1</motionMadeToSuspendTheRules>
        <messageOnHouseAction>1</messageOnHouseAction>
        <senateCommitteeDischarged>1</senateCommitteeDischarged>
        <placeholderTextForH>1</placeholderTextForH>
        <finalPassageUnderSuspensionOfTheRulesResults>1</finalPassageUnderSuspensionOfTheRulesResults>
        <senateAgreedFreeText>1</senateAgreedFreeText>
        <committeeDischarged>1</committeeDischarged>
        <motionForPreviousQuestion>1</motionForPreviousQuestion>
        <referredToCommittee>1</referredToCommittee>
        <amendingTheTitleOfAnActWithoutObjection>1</amendingTheTitleOfAnActWithoutObjection>
        <passedAgreedToInHouse>1</passedAgreedToInHouse>
        <passedAgreedToInSenate>1</passedAgreedToInSenate>
        <receivedInTheHouse>1</receivedInTheHouse>
        <passageOfAMeasure>1</passageOfAMeasure>
        <resolvingDifferencesSenateActions>1</resolvingDifferencesSenateActions>
        <motionToReconsiderResults>1</motionToReconsiderResults>
        <introducedInSenate>1</introducedInSenate>
        <sentToHouse>2</sentToHouse>
      </actionTypeCounts>
    </actions>
    <summaries>
      <billSummaries>
        <item>
          <updateDate>2017-01-12T05:00:00Z</updateDate>
          <lastSummaryUpdateDate>2017-02-11T16:49:23Z</lastSummaryUpdateDate>
          <text><![CDATA[<p><strong>Department of Veterans Affairs Bonus Transparency Act</strong></p> <p>This bill requires the Department of Veterans Affairs (VA) to submit an annual report to specified congressional committees on the performance awards and bonuses presented to Regional Office Directors of the VA, Directors of Medical Centers of the VA, and Directors of Veterans Integrated Service Networks.</p> <p>Each report shall include:</p> <ul> <li>the amount of each award or bonus,</li> <li>the job title of each recipient, and</li> <li>the location where each recipient individual works.</li> </ul> <ul> </ul>]]></text>
          <actionDate>2017-01-12</actionDate>
          <actionDesc>Introduced in Senate</actionDesc>
          <name>Introduced in Senate</name>
          <versionCode>00</versionCode>
        </item>
        <item>
          <updateDate>2017-05-25T12:45:19Z</updateDate>
          <lastSummaryUpdateDate>2017-06-10T14:42:35Z</lastSummaryUpdateDate>
          <text><![CDATA[<p>(This measure has not been amended since it was introduced. The summary has been expanded because action occurred on the measure.)</p> <p><strong>Department of Veterans Affairs Bonus Transparency Act</strong></p> <p>(Sec. 1) This bill requires the Department of Veterans Affairs (VA) to submit an annual report to specified congressional committees on the performance awards and bonuses presented to Regional Office Directors of the VA, Directors of Medical Centers of the VA, and Directors of Veterans Integrated Service Networks.</p> <p>Each report shall include:</p> <ul> <li>the amount of each award or bonus,</li> <li>the job title of each recipient, and</li> <li>the location where each recipient individual works.</li> </ul> <ul> </ul>]]></text>
          <actionDate>2017-05-25</actionDate>
          <actionDesc>Passed Senate without amendment</actionDesc>
          <name>Passed Senate without amendment</name>
          <versionCode>82</versionCode>
        </item>
        <item>
          <updateDate>2017-08-13T03:59:58Z</updateDate>
          <lastSummaryUpdateDate>2018-06-29T22:39:32Z</lastSummaryUpdateDate>
          <text><![CDATA[<p><b>VA Choice and Quality Employment Act of 2017</b></p> <p>TITLE I--APPROPRIATION OF AMOUNTS FOR VETERANS CHOICE PROGRAM</p> <p>(Sec. 101) This bill provides funding for the Veterans Choice Program.</p> <p>TITLE II--PERSONNEL MATTERS</p> <p>(Sec. 201) The annual determination of the Veterans Health Administration (VHA) staff shortages shall include shortages for a minimum of five clinical and five nonclinical occupations for each network. (Such determination currently includes the five occupations for which there are the largest Department of Veterans Affairs [VA]-wide shortages.) </p> <p>(Sec. 202) The bill establishes in the VA an executive management fellowship program to provide Veterans Benefits Administration and VHA employees with training and experience in the private sector and private sector employees training and experience in the VA. Employees shall be selected in a manner that reflects veteran demographics and provides a preference for rural employees.</p> <p>(Sec. 203) The VA shall conduct an annual performance plan for each political appointee that is similar to the plan conducted for VA career senior executive employees. </p> <p>(Sec. 204) The VA may noncompetitively appoint a qualified former employee to any VA position within the competitive service that is one grade or equivalent higher than the person's most recent position.</p> <p>(Sec. 205) The VA shall establish a promotional track system for employees who are technical experts to advance without being required to transition to management positions. </p> <p>(Sec. 206) The VA shall prescribe regulations to allow for excepted service appointments of qualifying students and recent graduates leading to career employment.</p> <p>(Sec. 207) The VA shall establish a program to encourage service members with a military health care specialty to seek postmilitary employment with the VHA.</p> <p>(Sec. 208) The VA shall establish a single database that lists each vacant VA position that is: (1) critical, difficult to fill, or both; or (2) for a mental health professional. A qualified applicant for a position in the database who is not selected may elect to be considered by the VA for similar positions in the database.</p> <p>(Sec. 209) The VA shall provide VHA human resources professionals with recruitment and retention training.</p> <p>(Sec. 210) The VA shall develop and implement a plan to hire qualified directors for VA medical centers without a permanent director. </p> <p>(Sec. 211) The VA shall develop a standardized exit survey for employees and executives who voluntarily separate from the VA.</p> <p>(Sec. 212) Physician assistants are included in the list of VA health care personnel who must receive pay that is competitive with non-VA health care facilities. </p> <p>(Sec. 213) The VA may appoint highly qualified candidates without regard to competitive service provisions if there is a severe shortage of highly qualified candidates.</p> <p>(Sec. 214) The Government Accountability Office shall assess the VA's succession planning policies.</p> <p>TITLE III--MAJOR MEDICAL FACILITY LEASES</p> <p>(Sec. 301) The VA may carry out major medical facility leases in specified amounts at certain locations. </p> <p>TITLE IV--OTHER MATTERS</p> <p>(Sec. 401) The bill extends through FY2027: (1) the $90 monthly limit on a VA pension paid to veterans residing in nursing homes when their nursing costs are paid through title XIX (Medicaid) of the Social Security Act; (2) VA authority to collect certain fees at current levels for housing loans made, insured, or guaranteed by the VA; and (3) VA authority to obtain veterans' income verification information from the Social Security Administration or the Department of the Treasury.</p> <ul> </ul>]]></text>
          <actionDate>2017-08-12</actionDate>
          <actionDesc>Public Law</actionDesc>
          <name>Public Law</name>
          <versionCode>49</versionCode>
        </item>
      </billSummaries>
    </summaries>
  </bill>
  <dublinCore xmlns:dc="http://purl.org/dc/elements/1.1/">
    <dc:format>text/xml</dc:format>
    <dc:language>EN</dc:language>
    <dc:rights>Pursuant to Title 17 Section 105 of the United States Code, this file is not subject to copyright protection and is in the public domain.</dc:rights>
    <dc:contributor>Congressional Research Service, Library of Congress</dc:contributor>
    <dc:description>This file contains bill summaries and statuses for federal legislation. A bill summary describes the most significant provisions of a piece of legislation and details the effects the legislative text may have on current law and federal programs. Bill summaries are authored by the Congressional Research Service (CRS) of the Library of Congress. As stated in Public Law 91-510 (2 USC 166 (d)(6)), one of the duties of CRS is "to prepare summaries and digests of bills and resolutions of a public general nature introduced in the Senate or House of Representatives". For more information, refer to the User Guide that accompanies this file.</dc:description>
  </dublinCore>
</billStatus>

