<?xml version="1.0" encoding="UTF-8"?>
<billStatus>
  <bill>
    <notes />
    <congress>115</congress>
    <committees>
      <billCommittees>
        <item>
          <activities>
            <item>
              <name>Referred to</name>
              <date>2017-02-06T20:05:56Z</date>
            </item>
          </activities>
          <chamber>Senate</chamber>
          <systemCode>ssbk00</systemCode>
          <name>Banking, Housing, and Urban Affairs Committee</name>
          <type>Standing</type>
          <subcommittees />
        </item>
      </billCommittees>
    </committees>
    <committeeReports />
    <cboCostEstimates />
    <title>A bill to clarify that nonprofit organizations such as Habitat for Humanity may accept donated mortgage appraisals, and for other purposes.</title>
    <laws />
    <updateDate>2018-08-28T20:23:34Z</updateDate>
    <relatedBills>
      <item>
        <type>HR</type>
        <latestTitle>Financial CHOICE Act of 2017</latestTitle>
        <congress>115</congress>
        <latestAction>
          <text>Committee on Banking, Housing, and Urban Affairs. Hearings held. Hearings printed: S.Hrg. 115-108.</text>
          <actionDate>2017-07-13</actionDate>
        </latestAction>
        <number>10</number>
        <relationshipDetails>
          <item>
            <identifiedBy>CRS</identifiedBy>
            <type>Related bill</type>
          </item>
        </relationshipDetails>
      </item>
      <item>
        <type>S</type>
        <latestTitle>HOME Act</latestTitle>
        <congress>115</congress>
        <latestAction>
          <text>Read twice and referred to the Committee on Banking, Housing, and Urban Affairs.</text>
          <actionDate>2017-03-15</actionDate>
        </latestAction>
        <number>639</number>
        <relationshipDetails>
          <item>
            <identifiedBy>CRS</identifiedBy>
            <type>Related bill</type>
          </item>
        </relationshipDetails>
      </item>
      <item>
        <type>HR</type>
        <latestTitle>HOME Act</latestTitle>
        <congress>115</congress>
        <latestAction>
          <text>Received in the Senate and Read twice and referred to the Committee on Banking, Housing, and Urban Affairs.</text>
          <actionDate>2018-01-30</actionDate>
        </latestAction>
        <number>2255</number>
        <relationshipDetails>
          <item>
            <identifiedBy>CRS</identifiedBy>
            <type>Related bill</type>
          </item>
        </relationshipDetails>
      </item>
      <item>
        <type>S</type>
        <latestTitle>Economic Growth, Regulatory Relief, and Consumer Protection Act</latestTitle>
        <congress>115</congress>
        <latestAction>
          <text>Became Public Law No: 115-174.</text>
          <actionDate>2018-05-24</actionDate>
        </latestAction>
        <number>2155</number>
        <relationshipDetails>
          <item>
            <identifiedBy>CRS</identifiedBy>
            <type>Related bill</type>
          </item>
        </relationshipDetails>
      </item>
    </relatedBills>
    <version>1.0.0</version>
    <actions>
      <item>
        <actionDate>2017-02-06</actionDate>
        <committee>
          <systemCode>ssbk00</systemCode>
          <name>Banking, Housing, and Urban Affairs Committee</name>
        </committee>
        <links />
        <sourceSystem>
          <code>0</code>
          <name>Senate</name>
        </sourceSystem>
        <text>Read twice and referred to the Committee on Banking, Housing, and Urban Affairs.</text>
        <type>IntroReferral</type>
      </item>
      <item>
        <text>Introduced in Senate</text>
        <type>IntroReferral</type>
        <committee />
        <actionDate>2017-02-06</actionDate>
        <links />
        <actionCode>10000</actionCode>
        <sourceSystem>
          <code>9</code>
          <name>Library of Congress</name>
        </sourceSystem>
      </item>
      <actionByCounts>
        <senate>2</senate>
      </actionByCounts>
      <actionTypeCounts>
        <referredToCommittee>1</referredToCommittee>
        <introducedInSenate>1</introducedInSenate>
      </actionTypeCounts>
    </actions>
    <sponsors>
      <item>
        <fullName>Sen. Portman, Rob [R-OH]</fullName>
        <identifiers>
          <lisID>924</lisID>
          <gpoId>8266</gpoId>
          <bioguideId>P000449</bioguideId>
        </identifiers>
        <bioguideId>P000449</bioguideId>
        <lastName>PORTMAN</lastName>
        <firstName>ROB</firstName>
        <party>R</party>
        <byRequestType />
        <middleName />
        <state>OH</state>
      </item>
    </sponsors>
    <billType>S</billType>
    <policyArea>
      <name>Housing and Community Development</name>
    </policyArea>
    <recordedVotes />
    <billNumber>310</billNumber>
    <titles>
      <item>
        <titleType>Official Title as Introduced</titleType>
        <chamberName />
        <chamberCode />
        <parentTitleType />
        <title>A bill to clarify that nonprofit organizations such as Habitat for Humanity may accept donated mortgage appraisals, and for other purposes.</title>
      </item>
      <item>
        <titleType>Display Title</titleType>
        <chamberName />
        <chamberCode />
        <parentTitleType />
        <title>A bill to clarify that nonprofit organizations such as Habitat for Humanity may accept donated mortgage appraisals, and for other purposes.</title>
      </item>
    </titles>
    <originChamber>Senate</originChamber>
    <subjects>
      <billSubjects>
        <policyArea>
          <name>Housing and Community Development</name>
        </policyArea>
        <legislativeSubjects>
          <item>
            <name>Charitable contributions</name>
          </item>
          <item>
            <name>Housing finance and home ownership</name>
          </item>
          <item>
            <name>Real estate business</name>
          </item>
          <item>
            <name>Social work, volunteer service, charitable organizations</name>
          </item>
        </legislativeSubjects>
      </billSubjects>
    </subjects>
    <cosponsors>
      <item>
        <fullName>Sen. Bennet, Michael F. [D-CO]</fullName>
        <identifiers>
          <bioguideId>B001267</bioguideId>
          <lisID>1965</lisID>
          <gpoId>8302</gpoId>
        </identifiers>
        <sponsorshipDate>2017-02-06</sponsorshipDate>
        <lastName>Bennet</lastName>
        <firstName>Michael</firstName>
        <sponsorshipWithdrawnDate />
        <state>CO</state>
        <party>D</party>
        <middleName>F.</middleName>
        <bioguideId>B001267</bioguideId>
        <isOriginalCosponsor>True</isOriginalCosponsor>
      </item>
    </cosponsors>
    <introducedDate>2017-02-06</introducedDate>
    <calendarNumbers />
    <latestAction>
      <actionDate>2017-02-06</actionDate>
      <links />
      <text>Read twice and referred to the Committee on Banking, Housing, and Urban Affairs.</text>
    </latestAction>
    <amendments />
    <summaries>
      <billSummaries>
        <item>
          <text><![CDATA[<p>This bill amends the Truth in Lending Act to deem mortgage appraisal services donated by a fee appraiser to an organization that is eligible to receive tax-deductible charitable contributions to be customary and reasonable. </p>]]></text>
          <lastSummaryUpdateDate>2017-07-07T19:30:09Z</lastSummaryUpdateDate>
          <actionDesc>Introduced in Senate</actionDesc>
          <updateDate>2017-02-06T05:00:00Z</updateDate>
          <name>Introduced in Senate</name>
          <versionCode>00</versionCode>
          <actionDate>2017-02-06</actionDate>
        </item>
      </billSummaries>
    </summaries>
    <createDate>2017-02-07T09:43:12Z</createDate>
  </bill>
  <dublinCore xmlns:dc="http://purl.org/dc/elements/1.1/">
    <dc:format>text/xml</dc:format>
    <dc:language>EN</dc:language>
    <dc:rights>Pursuant to Title 17 Section 105 of the United States Code, this file is not subject to copyright protection and is in the public domain.</dc:rights>
    <dc:contributor>Congressional Research Service, Library of Congress</dc:contributor>
    <dc:description>This file contains bill summaries and statuses for federal legislation. A bill summary describes the most significant provisions of a piece of legislation and details the effects the legislative text may have on current law and federal programs. Bill summaries are authored by the Congressional Research Service (CRS) of the Library of Congress. As stated in Public Law 91-510 (2 USC 166 (d)(6)), one of the duties of CRS is "to prepare summaries and digests of bills and resolutions of a public general nature introduced in the Senate or House of Representatives". For more information, refer to the User Guide that accompanies this file.</dc:description>
  </dublinCore>
</billStatus>

