<?xml version="1.0" encoding="UTF-8"?>
<billStatus>
  <bill>
    <laws />
    <committeeReports />
    <recordedVotes />
    <originChamber>Senate</originChamber>
    <congress>115</congress>
    <createDate>2017-01-05T04:47:34Z</createDate>
    <summaries>
      <billSummaries />
    </summaries>
    <relatedBills>
      <item>
        <type>HR</type>
        <congress>115</congress>
        <latestTitle>Nevada Land Sovereignty Act</latestTitle>
        <relationshipDetails>
          <item>
            <type>Identical bill</type>
            <identifiedBy>CRS</identifiedBy>
          </item>
        </relationshipDetails>
        <number>243</number>
        <latestAction>
          <actionDate>2017-01-04</actionDate>
          <text>Referred to the House Committee on Natural Resources.</text>
        </latestAction>
      </item>
    </relatedBills>
    <introducedDate>2017-01-04</introducedDate>
    <committees>
      <billCommittees>
        <item>
          <name>Energy and Natural Resources Committee</name>
          <systemCode>sseg00</systemCode>
          <activities>
            <item>
              <name>Referred to</name>
              <date>2017-01-04T17:59:00Z</date>
            </item>
          </activities>
          <subcommittees />
          <chamber>Senate</chamber>
          <type>Standing</type>
        </item>
      </billCommittees>
    </committees>
    <updateDate>2017-01-19T09:53:55Z</updateDate>
    <title>Nevada Land Sovereignty Act</title>
    <policyArea>
      <name>Public Lands and Natural Resources</name>
    </policyArea>
    <notes />
    <titles>
      <item>
        <titleType>Short Titles as Introduced</titleType>
        <chamberName />
        <title>Nevada Land Sovereignty Act</title>
        <parentTitleType />
        <chamberCode />
      </item>
      <item>
        <titleType>Official Title as Introduced</titleType>
        <chamberName />
        <title>A bill to amend title 54, United States Code, to prohibit the further extension or establishment of national monuments in the State of Nevada except by express authorization of Congress.</title>
        <parentTitleType />
        <chamberCode />
      </item>
      <item>
        <titleType>Display Title</titleType>
        <chamberName />
        <title>Nevada Land Sovereignty Act</title>
        <parentTitleType />
        <chamberCode />
      </item>
    </titles>
    <amendments />
    <cboCostEstimates />
    <billNumber>22</billNumber>
    <billType>S</billType>
    <actions>
      <actionTypeCounts>
        <referredToCommittee>1</referredToCommittee>
        <introducedInSenate>1</introducedInSenate>
      </actionTypeCounts>
      <actionByCounts>
        <senate>2</senate>
      </actionByCounts>
      <item>
        <actionDate>2017-01-04</actionDate>
        <committee>
          <systemCode>sseg00</systemCode>
          <name>Energy and Natural Resources Committee</name>
        </committee>
        <links />
        <sourceSystem>
          <name>Senate</name>
          <code>0</code>
        </sourceSystem>
        <text>Read twice and referred to the Committee on Energy and Natural Resources.</text>
        <type>IntroReferral</type>
      </item>
      <item>
        <links />
        <sourceSystem>
          <name>Library of Congress</name>
          <code>9</code>
        </sourceSystem>
        <actionCode>10000</actionCode>
        <type>IntroReferral</type>
        <actionDate>2017-01-04</actionDate>
        <committee />
        <text>Introduced in Senate</text>
      </item>
    </actions>
    <calendarNumbers />
    <cosponsors />
    <latestAction>
      <actionDate>2017-01-04</actionDate>
      <links />
      <text>Read twice and referred to the Committee on Energy and Natural Resources.</text>
    </latestAction>
    <subjects>
      <billSubjects>
        <legislativeSubjects>
          <item>
            <name>Congressional oversight</name>
          </item>
          <item>
            <name>Land use and conservation</name>
          </item>
          <item>
            <name>Monuments and memorials</name>
          </item>
          <item>
            <name>Nevada</name>
          </item>
          <item>
            <name>Parks, recreation areas, trails</name>
          </item>
        </legislativeSubjects>
        <policyArea>
          <name>Public Lands and Natural Resources</name>
        </policyArea>
      </billSubjects>
    </subjects>
    <sponsors>
      <item>
        <bioguideId>H001041</bioguideId>
        <lastName>Heller</lastName>
        <fullName>Sen. Heller, Dean [R-NV]</fullName>
        <state>NV</state>
        <middleName />
        <byRequestType />
        <firstName>Dean</firstName>
        <party>R</party>
        <identifiers>
          <bioguideId>H001041</bioguideId>
          <lisID>1863</lisID>
          <gpoId>8060</gpoId>
        </identifiers>
      </item>
    </sponsors>
  </bill>
  <dublinCore xmlns:dc="http://purl.org/dc/elements/1.1/">
    <dc:format>text/xml</dc:format>
    <dc:language>EN</dc:language>
    <dc:rights>Pursuant to Title 17 Section 105 of the United States Code, this file is not subject to copyright protection and is in the public domain.</dc:rights>
    <dc:contributor>Congressional Research Service, Library of Congress</dc:contributor>
    <dc:description>This file contains bill summaries and statuses for federal legislation. A bill summary describes the most significant provisions of a piece of legislation and details the effects the legislative text may have on current law and federal programs. Bill summaries are authored by the Congressional Research Service (CRS) of the Library of Congress. As stated in Public Law 91-510 (2 USC 166 (d)(6)), one of the duties of CRS is "to prepare summaries and digests of bills and resolutions of a public general nature introduced in the Senate or House of Representatives". For more information, refer to the User Guide that accompanies this file.</dc:description>
  </dublinCore>
</billStatus>

