<?xml version="1.0" encoding="UTF-8"?>
<billStatus>
  <bill>
    <calendarNumbers />
    <amendments />
    <committeeReports />
    <laws />
    <summaries>
      <billSummaries>
        <item>
          <updateDate>2017-02-28T05:00:00Z</updateDate>
          <actionDate>2017-02-28</actionDate>
          <versionCode>00</versionCode>
          <name>Introduced in Senate</name>
          <text><![CDATA[<p><b>Educational Development for Troops and Veterans Act of 2017</b></p> <p>This bill provides for eligibility of members of reserve components of the Armed Forces who are ordered to active duty for: (1) Post-9/11 educational assistance, (2) non-reduction in pay while serving in the uniformed services or National Guard, and (3) extension of the time limitation with respect to training and rehabilitation assistance for veterans with service-connected disabilities. </p> <p>The bill amends the Higher Education Act of 1965 to allow members of the Armed Forces and National Guard to defer principal payments on Federal Family Education Loans, William D. Ford Federal Direct Loans, and Federal Perkins Loans for the period (not to exceed 180 days) beginning on the date they receive a duty order in connection with a war, military operation, or national emergency and ending on the first day of service. (Currently, the payment of principal on those loans is deferred during the service period and for the 180-day post-service period.) </p> <p>The bill replaces the grant program for model programs to support veterans in postsecondary education with a grant program to assist in the establishment and operation of Veteran Student Centers.</p> <p>The annual educational assistance increase payable to certain Selected Reserve members shall not be less than the percentage by which the average cost of U.S. undergraduate tuition for an academic year exceeds the previous year's average cost. (Currently, such increase is Consumer Price Index based.)</p> <p> Post-9/11 educational assistance shall be prorated in any month in which a Reserve member is on both active and non-active duty, effective on or after August 1, 2016.</p> </p>]]></text>
          <lastSummaryUpdateDate>2017-12-28T16:45:17Z</lastSummaryUpdateDate>
          <actionDesc>Introduced in Senate</actionDesc>
        </item>
      </billSummaries>
    </summaries>
    <relatedBills>
      <item>
        <congress>115</congress>
        <number>3272</number>
        <type>HR</type>
        <latestTitle>Veteran Education Empowerment Act</latestTitle>
        <relationshipDetails>
          <item>
            <type>Related bill</type>
            <identifiedBy>CRS</identifiedBy>
          </item>
        </relationshipDetails>
        <latestAction>
          <text>Referred to the Subcommittee on Economic Opportunity.</text>
          <actionDate>2017-07-17</actionDate>
        </latestAction>
      </item>
      <item>
        <congress>115</congress>
        <number>925</number>
        <type>HR</type>
        <latestTitle>To amend title 38, United States Code, to clarify the eligibility for monthly stipends paid under the Post-9/11 Educational Assistance Program for certain members of the reserve components of the Armed Forces.</latestTitle>
        <relationshipDetails>
          <item>
            <type>Related bill</type>
            <identifiedBy>CRS</identifiedBy>
          </item>
        </relationshipDetails>
        <latestAction>
          <text>Referred to the Subcommittee on Economic Opportunity.</text>
          <actionDate>2017-03-03</actionDate>
        </latestAction>
      </item>
    </relatedBills>
    <createDate>2017-03-01T05:20:57Z</createDate>
    <latestAction>
      <links />
      <actionDate>2017-06-15</actionDate>
      <text>Committee on Veterans' Affairs. Hearings held.</text>
    </latestAction>
    <sponsors>
      <item>
        <party>D</party>
        <state>MT</state>
        <bioguideId>T000464</bioguideId>
        <middleName />
        <lastName>Tester</lastName>
        <fullName>Sen. Tester, Jon [D-MT]</fullName>
        <firstName>Jon</firstName>
        <byRequestType />
        <identifiers>
          <lisID>1829</lisID>
          <gpoId>8258</gpoId>
          <bioguideId>T000464</bioguideId>
        </identifiers>
      </item>
    </sponsors>
    <billNumber>473</billNumber>
    <updateDate>2018-08-28T20:24:13Z</updateDate>
    <cboCostEstimates />
    <notes />
    <titles>
      <item>
        <parentTitleType />
        <titleType>Short Titles as Introduced</titleType>
        <chamberCode />
        <title>Educational Development for Troops and Veterans Act of 2017</title>
        <chamberName />
      </item>
      <item>
        <parentTitleType />
        <titleType>Official Title as Introduced</titleType>
        <chamberCode />
        <title>A bill the amend title 38, United States Code, to make qualification requirements for entitlement to Post-9/11 Education Assistance more equitable, to improve support of veterans receiving such educational assistance, and for other purposes.</title>
        <chamberName />
      </item>
      <item>
        <parentTitleType />
        <titleType>Display Title</titleType>
        <chamberCode />
        <title>Educational Development for Troops and Veterans Act of 2017</title>
        <chamberName />
      </item>
      <item>
        <parentTitleType />
        <titleType>(Extracted from GPO) Short Titles as Introduced</titleType>
        <chamberCode />
        <title>Educational Development for Troops and Veterans Act of 2017</title>
        <chamberName />
      </item>
    </titles>
    <introducedDate>2017-02-28</introducedDate>
    <subjects>
      <billSubjects>
        <policyArea>
          <name>Armed Forces and National Security</name>
        </policyArea>
        <legislativeSubjects>
          <item>
            <name>Congressional oversight</name>
          </item>
          <item>
            <name>Disability and paralysis</name>
          </item>
          <item>
            <name>Education programs funding</name>
          </item>
          <item>
            <name>Higher education</name>
          </item>
          <item>
            <name>Military civil functions</name>
          </item>
          <item>
            <name>Military operations and strategy</name>
          </item>
          <item>
            <name>Military personnel and dependents</name>
          </item>
          <item>
            <name>National Guard and reserves</name>
          </item>
          <item>
            <name>Student aid and college costs</name>
          </item>
          <item>
            <name>Veterans' education, employment, rehabilitation</name>
          </item>
        </legislativeSubjects>
      </billSubjects>
    </subjects>
    <billType>S</billType>
    <originChamber>Senate</originChamber>
    <title>Educational Development for Troops and Veterans Act of 2017</title>
    <cosponsors>
      <item>
        <bioguideId>F000457</bioguideId>
        <middleName />
        <isOriginalCosponsor>True</isOriginalCosponsor>
        <fullName>Sen. Franken, Al [D-MN]</fullName>
        <lastName>Franken</lastName>
        <state>MN</state>
        <party>D</party>
        <sponsorshipWithdrawnDate />
        <identifiers>
          <lisID>1969</lisID>
          <gpoId>8339</gpoId>
          <bioguideId>F000457</bioguideId>
        </identifiers>
        <sponsorshipDate>2017-02-28</sponsorshipDate>
        <firstName>Al</firstName>
      </item>
      <item>
        <bioguideId>V000128</bioguideId>
        <middleName />
        <isOriginalCosponsor>True</isOriginalCosponsor>
        <fullName>Sen. Van Hollen, Chris [D-MD]</fullName>
        <lastName>Van Hollen</lastName>
        <state>MD</state>
        <party>D</party>
        <sponsorshipWithdrawnDate />
        <identifiers>
          <lisID>1729</lisID>
          <bioguideId>V000128</bioguideId>
          <gpoId>7983</gpoId>
        </identifiers>
        <sponsorshipDate>2017-02-28</sponsorshipDate>
        <firstName>Chris</firstName>
      </item>
      <item>
        <bioguideId>H001076</bioguideId>
        <middleName>Wood</middleName>
        <isOriginalCosponsor>True</isOriginalCosponsor>
        <fullName>Sen. Hassan, Margaret Wood [D-NH]</fullName>
        <lastName>Hassan</lastName>
        <state>NH</state>
        <party>D</party>
        <sponsorshipWithdrawnDate />
        <identifiers>
          <bioguideId>H001076</bioguideId>
          <lisID>2302</lisID>
          <gpoId />
        </identifiers>
        <sponsorshipDate>2017-02-28</sponsorshipDate>
        <firstName>Margaret</firstName>
      </item>
      <item>
        <bioguideId>K000367</bioguideId>
        <middleName />
        <isOriginalCosponsor>True</isOriginalCosponsor>
        <fullName>Sen. Klobuchar, Amy [D-MN]</fullName>
        <lastName>Klobuchar</lastName>
        <state>MN</state>
        <party>D</party>
        <sponsorshipWithdrawnDate />
        <identifiers>
          <lisID>1826</lisID>
          <bioguideId>K000367</bioguideId>
          <gpoId>8249</gpoId>
        </identifiers>
        <sponsorshipDate>2017-02-28</sponsorshipDate>
        <firstName>Amy</firstName>
      </item>
      <item>
        <bioguideId>G000555</bioguideId>
        <middleName>E.</middleName>
        <isOriginalCosponsor>False</isOriginalCosponsor>
        <fullName>Sen. Gillibrand, Kirsten E. [D-NY]</fullName>
        <lastName>Gillibrand</lastName>
        <state>NY</state>
        <party>D</party>
        <sponsorshipWithdrawnDate />
        <identifiers>
          <lisID>1866</lisID>
          <bioguideId>G000555</bioguideId>
          <gpoId>8336</gpoId>
        </identifiers>
        <sponsorshipDate>2017-03-01</sponsorshipDate>
        <firstName>Kirsten</firstName>
      </item>
      <item>
        <bioguideId>B000944</bioguideId>
        <middleName />
        <isOriginalCosponsor>False</isOriginalCosponsor>
        <fullName>Sen. Brown, Sherrod [D-OH]</fullName>
        <lastName>BROWN</lastName>
        <state>OH</state>
        <party>D</party>
        <sponsorshipWithdrawnDate />
        <identifiers>
          <lisID>136</lisID>
          <bioguideId>B000944</bioguideId>
          <gpoId>8309</gpoId>
        </identifiers>
        <sponsorshipDate>2017-03-01</sponsorshipDate>
        <firstName>SHERROD</firstName>
      </item>
      <item>
        <bioguideId>P000595</bioguideId>
        <middleName>C.</middleName>
        <isOriginalCosponsor>False</isOriginalCosponsor>
        <fullName>Sen. Peters, Gary C. [D-MI]</fullName>
        <lastName>Peters</lastName>
        <state>MI</state>
        <party>D</party>
        <sponsorshipWithdrawnDate />
        <identifiers>
          <lisID>1929</lisID>
          <gpoId>7994</gpoId>
          <bioguideId>P000595</bioguideId>
        </identifiers>
        <sponsorshipDate>2017-03-01</sponsorshipDate>
        <firstName>Gary</firstName>
      </item>
      <item>
        <bioguideId>K000384</bioguideId>
        <middleName />
        <isOriginalCosponsor>False</isOriginalCosponsor>
        <fullName>Sen. Kaine, Tim [D-VA]</fullName>
        <lastName>Kaine</lastName>
        <state>VA</state>
        <party>D</party>
        <sponsorshipWithdrawnDate />
        <identifiers>
          <lisID>2176</lisID>
          <gpoId />
          <bioguideId>K000384</bioguideId>
        </identifiers>
        <sponsorshipDate>2017-03-02</sponsorshipDate>
        <firstName>Timothy</firstName>
      </item>
      <item>
        <bioguideId>B001277</bioguideId>
        <middleName />
        <isOriginalCosponsor>False</isOriginalCosponsor>
        <fullName>Sen. Blumenthal, Richard [D-CT]</fullName>
        <lastName>Blumenthal</lastName>
        <state>CT</state>
        <party>D</party>
        <sponsorshipWithdrawnDate />
        <identifiers>
          <lisID>2076</lisID>
          <gpoId>8332</gpoId>
          <bioguideId>B001277</bioguideId>
        </identifiers>
        <sponsorshipDate>2017-03-02</sponsorshipDate>
        <firstName>Richard</firstName>
      </item>
      <item>
        <bioguideId>M001111</bioguideId>
        <middleName />
        <isOriginalCosponsor>False</isOriginalCosponsor>
        <fullName>Sen. Murray, Patty [D-WA]</fullName>
        <lastName>MURRAY</lastName>
        <state>WA</state>
        <party>D</party>
        <sponsorshipWithdrawnDate />
        <identifiers>
          <bioguideId>M001111</bioguideId>
          <gpoId>8237</gpoId>
          <lisID>1409</lisID>
        </identifiers>
        <sponsorshipDate>2017-04-03</sponsorshipDate>
        <firstName>PATTY</firstName>
      </item>
      <item>
        <bioguideId>B001230</bioguideId>
        <middleName />
        <isOriginalCosponsor>False</isOriginalCosponsor>
        <fullName>Sen. Baldwin, Tammy [D-WI]</fullName>
        <lastName>BALDWIN</lastName>
        <state>WI</state>
        <party>D</party>
        <sponsorshipWithdrawnDate />
        <identifiers>
          <bioguideId>B001230</bioguideId>
          <gpoId>8215</gpoId>
          <lisID>1558</lisID>
        </identifiers>
        <sponsorshipDate>2017-05-09</sponsorshipDate>
        <firstName>TAMMY</firstName>
      </item>
    </cosponsors>
    <recordedVotes />
    <policyArea>
      <name>Armed Forces and National Security</name>
    </policyArea>
    <committees>
      <billCommittees>
        <item>
          <systemCode>ssva00</systemCode>
          <chamber>Senate</chamber>
          <type>Standing</type>
          <subcommittees />
          <name>Veterans' Affairs Committee</name>
          <activities>
            <item>
              <date>2017-06-15T14:00:14Z</date>
              <name>Hearings by</name>
            </item>
            <item>
              <date>2017-02-28T20:27:58Z</date>
              <name>Referred to</name>
            </item>
          </activities>
        </item>
      </billCommittees>
    </committees>
    <actions>
      <item>
        <actionDate>2017-06-15</actionDate>
        <committee>
          <systemCode>ssva00</systemCode>
          <name>Veterans' Affairs Committee</name>
        </committee>
        <links />
        <sourceSystem>
          <code>0</code>
          <name>Senate</name>
        </sourceSystem>
        <text>Committee on Veterans' Affairs. Hearings held.</text>
        <type>Committee</type>
      </item>
      <item>
        <actionDate>2017-02-28</actionDate>
        <committee>
          <systemCode>ssva00</systemCode>
          <name>Veterans' Affairs Committee</name>
        </committee>
        <links />
        <sourceSystem>
          <code>0</code>
          <name>Senate</name>
        </sourceSystem>
        <text>Read twice and referred to the Committee on Veterans' Affairs.</text>
        <type>IntroReferral</type>
      </item>
      <item>
        <actionDate>2017-02-28</actionDate>
        <links />
        <sourceSystem>
          <code>9</code>
          <name>Library of Congress</name>
        </sourceSystem>
        <committee />
        <text>Introduced in Senate</text>
        <type>IntroReferral</type>
        <actionCode>10000</actionCode>
      </item>
      <actionByCounts>
        <senate>3</senate>
      </actionByCounts>
      <actionTypeCounts>
        <hearingsHeld>1</hearingsHeld>
        <introducedInSenate>1</introducedInSenate>
        <referredToCommittee>1</referredToCommittee>
      </actionTypeCounts>
    </actions>
    <version>1.0.0</version>
    <congress>115</congress>
  </bill>
  <dublinCore xmlns:dc="http://purl.org/dc/elements/1.1/">
    <dc:format>text/xml</dc:format>
    <dc:language>EN</dc:language>
    <dc:rights>Pursuant to Title 17 Section 105 of the United States Code, this file is not subject to copyright protection and is in the public domain.</dc:rights>
    <dc:contributor>Congressional Research Service, Library of Congress</dc:contributor>
    <dc:description>This file contains bill summaries and statuses for federal legislation. A bill summary describes the most significant provisions of a piece of legislation and details the effects the legislative text may have on current law and federal programs. Bill summaries are authored by the Congressional Research Service (CRS) of the Library of Congress. As stated in Public Law 91-510 (2 USC 166 (d)(6)), one of the duties of CRS is "to prepare summaries and digests of bills and resolutions of a public general nature introduced in the Senate or House of Representatives". For more information, refer to the User Guide that accompanies this file.</dc:description>
  </dublinCore>
</billStatus>

