<?xml version="1.0" encoding="UTF-8"?>
<billStatus>
  <bill>
    <sponsors>
      <item>
        <middleName />
        <party>R</party>
        <bioguideId>B000575</bioguideId>
        <lastName>Blunt</lastName>
        <firstName>Roy</firstName>
        <state>MO</state>
        <identifiers>
          <lisID>1464</lisID>
          <bioguideId>B000575</bioguideId>
          <gpoId>8313</gpoId>
        </identifiers>
        <fullName>Sen. Blunt, Roy [R-MO]</fullName>
        <byRequestType />
      </item>
    </sponsors>
    <version>1.0.0</version>
    <createDate>2017-02-02T05:28:48Z</createDate>
    <committeeReports />
    <latestAction>
      <text>Read twice and referred to the Committee on Health, Education, Labor, and Pensions.</text>
      <links />
      <actionDate>2017-02-01</actionDate>
    </latestAction>
    <notes />
    <introducedDate>2017-02-01</introducedDate>
    <committees>
      <billCommittees>
        <item>
          <systemCode>sshr00</systemCode>
          <type>Standing</type>
          <activities>
            <item>
              <date>2017-02-01T21:33:33Z</date>
              <name>Referred to</name>
            </item>
          </activities>
          <name>Health, Education, Labor, and Pensions Committee</name>
          <subcommittees />
          <chamber>Senate</chamber>
        </item>
      </billCommittees>
    </committees>
    <relatedBills>
      <item>
        <latestTitle>Common Sense Nutrition Disclosure Act of 2017</latestTitle>
        <relationshipDetails>
          <item>
            <type>Related bill</type>
            <identifiedBy>CRS</identifiedBy>
          </item>
        </relationshipDetails>
        <number>772</number>
        <latestAction>
          <actionDate>2018-02-07</actionDate>
          <text>Received in the Senate.</text>
        </latestAction>
        <congress>115</congress>
        <type>HR</type>
      </item>
    </relatedBills>
    <billNumber>261</billNumber>
    <subjects>
      <billSubjects>
        <policyArea>
          <name>Health</name>
        </policyArea>
        <legislativeSubjects>
          <item>
            <name>Administrative law and regulatory procedures</name>
          </item>
          <item>
            <name>Consumer affairs</name>
          </item>
          <item>
            <name>Department of Health and Human Services</name>
          </item>
          <item>
            <name>Food industry and services</name>
          </item>
          <item>
            <name>Nutrition and diet</name>
          </item>
          <item>
            <name>Retail and wholesale trades</name>
          </item>
        </legislativeSubjects>
      </billSubjects>
    </subjects>
    <amendments />
    <originChamber>Senate</originChamber>
    <cboCostEstimates />
    <policyArea>
      <name>Health</name>
    </policyArea>
    <congress>115</congress>
    <actions>
      <actionByCounts>
        <senate>2</senate>
      </actionByCounts>
      <item>
        <actionDate>2017-02-01</actionDate>
        <committee>
          <systemCode>sshr00</systemCode>
          <name>Health, Education, Labor, and Pensions Committee</name>
        </committee>
        <links />
        <sourceSystem>
          <code>0</code>
          <name>Senate</name>
        </sourceSystem>
        <text>Read twice and referred to the Committee on Health, Education, Labor, and Pensions.</text>
        <type>IntroReferral</type>
      </item>
      <item>
        <committee />
        <links />
        <type>IntroReferral</type>
        <text>Introduced in Senate</text>
        <actionDate>2017-02-01</actionDate>
        <actionCode>10000</actionCode>
        <sourceSystem>
          <code>9</code>
          <name>Library of Congress</name>
        </sourceSystem>
      </item>
      <actionTypeCounts>
        <referredToCommittee>1</referredToCommittee>
        <introducedInSenate>1</introducedInSenate>
      </actionTypeCounts>
    </actions>
    <recordedVotes />
    <laws />
    <cosponsors>
      <item>
        <lastName>King</lastName>
        <middleName />
        <sponsorshipWithdrawnDate />
        <bioguideId>K000383</bioguideId>
        <fullName>Sen. King, Angus S., Jr. [I-ME]</fullName>
        <identifiers>
          <bioguideId>K000383</bioguideId>
          <lisID>2185</lisID>
          <gpoId />
        </identifiers>
        <sponsorshipDate>2017-02-01</sponsorshipDate>
        <state>ME</state>
        <firstName>Angus</firstName>
        <isOriginalCosponsor>True</isOriginalCosponsor>
        <party>I</party>
      </item>
      <item>
        <lastName>McCaskill</lastName>
        <middleName />
        <sponsorshipWithdrawnDate />
        <bioguideId>M001170</bioguideId>
        <fullName>Sen. McCaskill, Claire [D-MO]</fullName>
        <identifiers>
          <lisID>1820</lisID>
          <gpoId>8252</gpoId>
          <bioguideId>M001170</bioguideId>
        </identifiers>
        <sponsorshipDate>2017-02-01</sponsorshipDate>
        <state>MO</state>
        <firstName>Claire</firstName>
        <isOriginalCosponsor>True</isOriginalCosponsor>
        <party>D</party>
      </item>
      <item>
        <lastName>MCCAIN</lastName>
        <middleName>SIDNEY</middleName>
        <sponsorshipWithdrawnDate />
        <bioguideId>M000303</bioguideId>
        <fullName>Sen. McCain, John [R-AZ]</fullName>
        <identifiers>
          <lisID>754</lisID>
          <bioguideId>M000303</bioguideId>
          <gpoId>8253</gpoId>
        </identifiers>
        <sponsorshipDate>2017-02-01</sponsorshipDate>
        <state>AZ</state>
        <firstName>JOHN</firstName>
        <isOriginalCosponsor>True</isOriginalCosponsor>
        <party>R</party>
      </item>
      <item>
        <lastName>Boozman</lastName>
        <middleName />
        <sponsorshipWithdrawnDate />
        <bioguideId>B001236</bioguideId>
        <fullName>Sen. Boozman, John [R-AR]</fullName>
        <identifiers>
          <gpoId>8247</gpoId>
          <lisID>1687</lisID>
          <bioguideId>B001236</bioguideId>
        </identifiers>
        <sponsorshipDate>2017-02-01</sponsorshipDate>
        <state>AR</state>
        <firstName>John</firstName>
        <isOriginalCosponsor>True</isOriginalCosponsor>
        <party>R</party>
      </item>
      <item>
        <lastName>Scott</lastName>
        <middleName />
        <sponsorshipWithdrawnDate />
        <bioguideId>S001184</bioguideId>
        <fullName>Sen. Scott, Tim [R-SC]</fullName>
        <identifiers>
          <lisID>2056</lisID>
          <bioguideId>S001184</bioguideId>
          <gpoId>8141</gpoId>
        </identifiers>
        <sponsorshipDate>2017-02-01</sponsorshipDate>
        <state>SC</state>
        <firstName>Tim</firstName>
        <isOriginalCosponsor>True</isOriginalCosponsor>
        <party>R</party>
      </item>
      <item>
        <lastName>Heitkamp</lastName>
        <middleName />
        <sponsorshipWithdrawnDate />
        <bioguideId>H001069</bioguideId>
        <fullName>Sen. Heitkamp, Heidi [D-ND]</fullName>
        <identifiers>
          <bioguideId>H001069</bioguideId>
          <lisID>2174</lisID>
          <gpoId />
        </identifiers>
        <sponsorshipDate>2017-02-01</sponsorshipDate>
        <state>ND</state>
        <firstName>Heidi</firstName>
        <isOriginalCosponsor>True</isOriginalCosponsor>
        <party>D</party>
      </item>
      <item>
        <lastName>COLLINS</lastName>
        <middleName>MARGARET</middleName>
        <sponsorshipWithdrawnDate />
        <bioguideId>C001035</bioguideId>
        <fullName>Sen. Collins, Susan M. [R-ME]</fullName>
        <identifiers>
          <lisID>1541</lisID>
          <bioguideId>C001035</bioguideId>
          <gpoId>8291</gpoId>
        </identifiers>
        <sponsorshipDate>2017-03-09</sponsorshipDate>
        <state>ME</state>
        <firstName>SUSAN</firstName>
        <isOriginalCosponsor>False</isOriginalCosponsor>
        <party>R</party>
      </item>
      <item>
        <lastName>Cotton</lastName>
        <middleName />
        <sponsorshipWithdrawnDate />
        <bioguideId>C001095</bioguideId>
        <fullName>Sen. Cotton, Tom [R-AR]</fullName>
        <identifiers>
          <gpoId />
          <lisID>2098</lisID>
          <bioguideId>C001095</bioguideId>
        </identifiers>
        <sponsorshipDate>2017-03-09</sponsorshipDate>
        <state>AR</state>
        <firstName>Tom</firstName>
        <isOriginalCosponsor>False</isOriginalCosponsor>
        <party>R</party>
      </item>
      <item>
        <lastName>INHOFE</lastName>
        <middleName />
        <sponsorshipWithdrawnDate />
        <bioguideId>I000024</bioguideId>
        <fullName>Sen. Inhofe, James M. [R-OK]</fullName>
        <identifiers>
          <lisID>583</lisID>
          <gpoId>8322</gpoId>
          <bioguideId>I000024</bioguideId>
        </identifiers>
        <sponsorshipDate>2017-03-22</sponsorshipDate>
        <state>OK</state>
        <firstName>JIM</firstName>
        <isOriginalCosponsor>False</isOriginalCosponsor>
        <party>R</party>
      </item>
      <item>
        <lastName>ENZI</lastName>
        <middleName>B.</middleName>
        <sponsorshipWithdrawnDate />
        <bioguideId>E000285</bioguideId>
        <fullName>Sen. Enzi, Michael B. [R-WY]</fullName>
        <identifiers>
          <bioguideId>E000285</bioguideId>
          <lisID>1542</lisID>
          <gpoId>8328</gpoId>
        </identifiers>
        <sponsorshipDate>2017-03-27</sponsorshipDate>
        <state>WY</state>
        <firstName>MICHAEL</firstName>
        <isOriginalCosponsor>False</isOriginalCosponsor>
        <party>R</party>
      </item>
      <item>
        <lastName>Ernst</lastName>
        <middleName />
        <sponsorshipWithdrawnDate />
        <bioguideId>E000295</bioguideId>
        <fullName>Sen. Ernst, Joni  [R-IA]</fullName>
        <identifiers>
          <lisID>2283</lisID>
          <gpoId />
          <bioguideId>E000295</bioguideId>
        </identifiers>
        <sponsorshipDate>2017-03-27</sponsorshipDate>
        <state>IA</state>
        <firstName>Joni</firstName>
        <isOriginalCosponsor>False</isOriginalCosponsor>
        <party>R</party>
      </item>
      <item>
        <lastName>Barrasso</lastName>
        <middleName />
        <sponsorshipWithdrawnDate />
        <bioguideId>B001261</bioguideId>
        <fullName>Sen. Barrasso, John [R-WY]</fullName>
        <identifiers>
          <bioguideId>B001261</bioguideId>
          <gpoId>8300</gpoId>
          <lisID>1881</lisID>
        </identifiers>
        <sponsorshipDate>2017-03-28</sponsorshipDate>
        <state>WY</state>
        <firstName>John</firstName>
        <isOriginalCosponsor>False</isOriginalCosponsor>
        <party>R</party>
      </item>
      <item>
        <lastName>Johnson</lastName>
        <middleName />
        <sponsorshipWithdrawnDate />
        <bioguideId>J000293</bioguideId>
        <fullName>Sen. Johnson, Ron [R-WI]</fullName>
        <identifiers>
          <lisID>2086</lisID>
          <bioguideId>J000293</bioguideId>
          <gpoId>8355</gpoId>
        </identifiers>
        <sponsorshipDate>2017-05-04</sponsorshipDate>
        <state>WI</state>
        <firstName>Ron</firstName>
        <isOriginalCosponsor>False</isOriginalCosponsor>
        <party>R</party>
      </item>
      <item>
        <lastName>Strange</lastName>
        <middleName />
        <sponsorshipWithdrawnDate />
        <bioguideId>S001202</bioguideId>
        <fullName>Sen. Strange, Luther [R-AL]</fullName>
        <identifiers>
          <lisID>2357</lisID>
          <gpoId />
          <bioguideId>S001202</bioguideId>
        </identifiers>
        <sponsorshipDate>2017-05-04</sponsorshipDate>
        <state>AL</state>
        <firstName>Luther</firstName>
        <isOriginalCosponsor>False</isOriginalCosponsor>
        <party>R</party>
      </item>
      <item>
        <lastName>WICKER</lastName>
        <middleName>F.</middleName>
        <sponsorshipWithdrawnDate />
        <bioguideId>W000437</bioguideId>
        <fullName>Sen. Wicker, Roger F. [R-MS]</fullName>
        <identifiers>
          <lisID>1226</lisID>
          <bioguideId>W000437</bioguideId>
          <gpoId>8263</gpoId>
        </identifiers>
        <sponsorshipDate>2017-08-02</sponsorshipDate>
        <state>MS</state>
        <firstName>ROGER</firstName>
        <isOriginalCosponsor>False</isOriginalCosponsor>
        <party>R</party>
      </item>
      <item>
        <lastName>Donnelly</lastName>
        <middleName />
        <sponsorshipWithdrawnDate />
        <bioguideId>D000607</bioguideId>
        <fullName>Sen. Donnelly, Joe [D-IN]</fullName>
        <identifiers>
          <lisID>1850</lisID>
          <gpoId>7941</gpoId>
          <bioguideId>D000607</bioguideId>
        </identifiers>
        <sponsorshipDate>2017-11-28</sponsorshipDate>
        <state>IN</state>
        <firstName>Joe</firstName>
        <isOriginalCosponsor>False</isOriginalCosponsor>
        <party>D</party>
      </item>
    </cosponsors>
    <titles>
      <item>
        <chamberName />
        <parentTitleType />
        <titleType>Short Titles as Introduced</titleType>
        <title>Common Sense Nutrition Disclosure Act of 2017</title>
        <chamberCode />
      </item>
      <item>
        <chamberName />
        <parentTitleType />
        <titleType>Official Title as Introduced</titleType>
        <title>A bill to amend the Federal Food, Drug, and Cosmetic Act to improve and clarify certain disclosure requirements for restaurants and similar retail food establishments, and to amend the authority to bring proceedings under section 403A.</title>
        <chamberCode />
      </item>
      <item>
        <chamberName />
        <parentTitleType />
        <titleType>Display Title</titleType>
        <title>Common Sense Nutrition Disclosure Act of 2017</title>
        <chamberCode />
      </item>
      <item>
        <chamberName />
        <parentTitleType />
        <titleType>(Extracted from GPO) Short Titles as Introduced</titleType>
        <title>Common Sense Nutrition Disclosure Act of 2017</title>
        <chamberCode />
      </item>
    </titles>
    <updateDate>2018-08-28T20:23:22Z</updateDate>
    <calendarNumbers />
    <billType>S</billType>
    <summaries>
      <billSummaries>
        <item>
          <name>Introduced in Senate</name>
          <actionDesc>Introduced in Senate</actionDesc>
          <actionDate>2017-02-01</actionDate>
          <lastSummaryUpdateDate>2017-02-16T14:55:08Z</lastSummaryUpdateDate>
          <versionCode>00</versionCode>
          <updateDate>2017-02-01T05:00:00Z</updateDate>
          <text><![CDATA[<p><b>Common Sense Nutrition Disclosure Act of 2017</b></p> <p>This bill amends the Federal Food, Drug, and Cosmetic Act to revise the nutritional information that restaurants and retail food establishments must disclose. The nutrient content disclosure statement on the menu or menu board must include: (1) the number of calories contained in the whole menu item; (2) the number of servings and number of calories per serving; or (3) the number of calories per common unit of the item, such as for a multi-serving item that is typically divided before presentation to the consumer. Nutritional information may be provided solely by a remote-access menu (e.g., an Internet menu) for food establishments where the majority of orders are placed by customers who are off-premises.</p> <p>Establishments with self-serve food may comply with the requirements for restaurants or place signs with nutritional information adjacent to each food item.</p> <p>An establishment's nutrient content disclosures may vary from actual nutrient content if the disclosures comply with current standards for reasonable basis.</p> <p>Establishments with standard menu items that come in different flavors, varieties, or combinations, that are listed as a single menu item can determine and disclose nutritional information using specified methods or methods allowed by the Food and Drug Administration (FDA).</p> <p>Regulations pursuant to this bill or the clause amended by this bill cannot take effect earlier than two years after final regulations are promulgated.</p> <p>The FDA may not exempt states from nutrition labeling requirements.</p>]]></text>
        </item>
      </billSummaries>
    </summaries>
    <title>Common Sense Nutrition Disclosure Act of 2017</title>
  </bill>
  <dublinCore xmlns:dc="http://purl.org/dc/elements/1.1/">
    <dc:format>text/xml</dc:format>
    <dc:language>EN</dc:language>
    <dc:rights>Pursuant to Title 17 Section 105 of the United States Code, this file is not subject to copyright protection and is in the public domain.</dc:rights>
    <dc:contributor>Congressional Research Service, Library of Congress</dc:contributor>
    <dc:description>This file contains bill summaries and statuses for federal legislation. A bill summary describes the most significant provisions of a piece of legislation and details the effects the legislative text may have on current law and federal programs. Bill summaries are authored by the Congressional Research Service (CRS) of the Library of Congress. As stated in Public Law 91-510 (2 USC 166 (d)(6)), one of the duties of CRS is "to prepare summaries and digests of bills and resolutions of a public general nature introduced in the Senate or House of Representatives". For more information, refer to the User Guide that accompanies this file.</dc:description>
  </dublinCore>
</billStatus>

