<?xml version="1.0" encoding="UTF-8"?>
<billStatus>
  <bill>
    <congress>115</congress>
    <billNumber>65</billNumber>
    <cosponsors>
      <item>
        <lastName>CARDIN</lastName>
        <identifiers>
          <bioguideId>C000141</bioguideId>
          <lisID>174</lisID>
          <gpoId>8287</gpoId>
        </identifiers>
        <sponsorshipDate>2017-01-09</sponsorshipDate>
        <middleName>L.</middleName>
        <state>MD</state>
        <firstName>BENJAMIN</firstName>
        <sponsorshipWithdrawnDate />
        <party>D</party>
        <fullName>Sen. Cardin, Benjamin L. [D-MD]</fullName>
        <isOriginalCosponsor>True</isOriginalCosponsor>
        <bioguideId>C000141</bioguideId>
      </item>
      <item>
        <lastName>FEINSTEIN</lastName>
        <identifiers>
          <bioguideId>F000062</bioguideId>
          <gpoId>8338</gpoId>
          <lisID>1332</lisID>
        </identifiers>
        <sponsorshipDate>2017-01-09</sponsorshipDate>
        <middleName />
        <state>CA</state>
        <firstName>DIANNE</firstName>
        <sponsorshipWithdrawnDate />
        <party>D</party>
        <fullName>Sen. Feinstein, Dianne [D-CA]</fullName>
        <isOriginalCosponsor>True</isOriginalCosponsor>
        <bioguideId>F000062</bioguideId>
      </item>
      <item>
        <lastName>Coons</lastName>
        <identifiers>
          <bioguideId>C001088</bioguideId>
          <gpoId>8297</gpoId>
          <lisID>1984</lisID>
        </identifiers>
        <sponsorshipDate>2017-01-09</sponsorshipDate>
        <middleName>A.</middleName>
        <state>DE</state>
        <firstName>Christopher</firstName>
        <sponsorshipWithdrawnDate />
        <party>D</party>
        <fullName>Sen. Coons, Christopher A. [D-DE]</fullName>
        <isOriginalCosponsor>True</isOriginalCosponsor>
        <bioguideId>C001088</bioguideId>
      </item>
      <item>
        <lastName>DURBIN</lastName>
        <identifiers>
          <gpoId>8326</gpoId>
          <bioguideId>D000563</bioguideId>
          <lisID>326</lisID>
        </identifiers>
        <sponsorshipDate>2017-01-09</sponsorshipDate>
        <middleName>J.</middleName>
        <state>IL</state>
        <firstName>RICHARD</firstName>
        <sponsorshipWithdrawnDate />
        <party>D</party>
        <fullName>Sen. Durbin, Richard [D-IL]</fullName>
        <isOriginalCosponsor>True</isOriginalCosponsor>
        <bioguideId>D000563</bioguideId>
      </item>
      <item>
        <lastName>Merkley</lastName>
        <identifiers>
          <gpoId>8238</gpoId>
          <bioguideId>M001176</bioguideId>
          <lisID>1900</lisID>
        </identifiers>
        <sponsorshipDate>2017-01-09</sponsorshipDate>
        <middleName />
        <state>OR</state>
        <firstName>Jeff</firstName>
        <sponsorshipWithdrawnDate />
        <party>D</party>
        <fullName>Sen. Merkley, Jeff [D-OR]</fullName>
        <isOriginalCosponsor>True</isOriginalCosponsor>
        <bioguideId>M001176</bioguideId>
      </item>
      <item>
        <lastName>LEAHY</lastName>
        <identifiers>
          <bioguideId>L000174</bioguideId>
          <lisID>1383</lisID>
          <gpoId>8244</gpoId>
        </identifiers>
        <sponsorshipDate>2017-01-09</sponsorshipDate>
        <middleName>JOSEPH</middleName>
        <state>VT</state>
        <firstName>PATRICK</firstName>
        <sponsorshipWithdrawnDate />
        <party>D</party>
        <fullName>Sen. Leahy, Patrick J. [D-VT]</fullName>
        <isOriginalCosponsor>True</isOriginalCosponsor>
        <bioguideId>L000174</bioguideId>
      </item>
      <item>
        <lastName>MURRAY</lastName>
        <identifiers>
          <lisID>1409</lisID>
          <gpoId>8237</gpoId>
          <bioguideId>M001111</bioguideId>
        </identifiers>
        <sponsorshipDate>2017-01-09</sponsorshipDate>
        <middleName />
        <state>WA</state>
        <firstName>PATTY</firstName>
        <sponsorshipWithdrawnDate />
        <party>D</party>
        <fullName>Sen. Murray, Patty [D-WA]</fullName>
        <isOriginalCosponsor>True</isOriginalCosponsor>
        <bioguideId>M001111</bioguideId>
      </item>
      <item>
        <lastName>WYDEN</lastName>
        <identifiers>
          <lisID>1247</lisID>
          <gpoId>8265</gpoId>
          <bioguideId>W000779</bioguideId>
        </identifiers>
        <sponsorshipDate>2017-01-09</sponsorshipDate>
        <middleName />
        <state>OR</state>
        <firstName>RON</firstName>
        <sponsorshipWithdrawnDate />
        <party>D</party>
        <fullName>Sen. Wyden, Ron [D-OR]</fullName>
        <isOriginalCosponsor>True</isOriginalCosponsor>
        <bioguideId>W000779</bioguideId>
      </item>
      <item>
        <lastName>REED</lastName>
        <identifiers>
          <gpoId>8272</gpoId>
          <bioguideId>R000122</bioguideId>
          <lisID>949</lisID>
        </identifiers>
        <sponsorshipDate>2017-01-09</sponsorshipDate>
        <middleName>F.</middleName>
        <state>RI</state>
        <firstName>JOHN</firstName>
        <sponsorshipWithdrawnDate />
        <party>D</party>
        <fullName>Sen. Reed, Jack [D-RI]</fullName>
        <isOriginalCosponsor>True</isOriginalCosponsor>
        <bioguideId>R000122</bioguideId>
      </item>
      <item>
        <lastName>STABENOW</lastName>
        <identifiers>
          <gpoId>8261</gpoId>
          <bioguideId>S000770</bioguideId>
          <lisID>1531</lisID>
        </identifiers>
        <sponsorshipDate>2017-01-09</sponsorshipDate>
        <middleName>ANN</middleName>
        <state>MI</state>
        <firstName>DEBORAH</firstName>
        <sponsorshipWithdrawnDate />
        <party>D</party>
        <fullName>Sen. Stabenow, Debbie [D-MI]</fullName>
        <isOriginalCosponsor>True</isOriginalCosponsor>
        <bioguideId>S000770</bioguideId>
      </item>
      <item>
        <lastName>BROWN</lastName>
        <identifiers>
          <gpoId>8309</gpoId>
          <bioguideId>B000944</bioguideId>
          <lisID>136</lisID>
        </identifiers>
        <sponsorshipDate>2017-01-09</sponsorshipDate>
        <middleName />
        <state>OH</state>
        <firstName>SHERROD</firstName>
        <sponsorshipWithdrawnDate />
        <party>D</party>
        <fullName>Sen. Brown, Sherrod [D-OH]</fullName>
        <isOriginalCosponsor>True</isOriginalCosponsor>
        <bioguideId>B000944</bioguideId>
      </item>
      <item>
        <lastName>Casey</lastName>
        <identifiers>
          <lisID>1828</lisID>
          <gpoId>8282</gpoId>
          <bioguideId>C001070</bioguideId>
        </identifiers>
        <sponsorshipDate>2017-01-09</sponsorshipDate>
        <middleName />
        <state>PA</state>
        <firstName>Bob</firstName>
        <sponsorshipWithdrawnDate />
        <party>D</party>
        <fullName>Sen. Casey, Robert P., Jr. [D-PA]</fullName>
        <isOriginalCosponsor>True</isOriginalCosponsor>
        <bioguideId>C001070</bioguideId>
      </item>
      <item>
        <lastName>Klobuchar</lastName>
        <identifiers>
          <lisID>1826</lisID>
          <gpoId>8249</gpoId>
          <bioguideId>K000367</bioguideId>
        </identifiers>
        <sponsorshipDate>2017-01-09</sponsorshipDate>
        <middleName />
        <state>MN</state>
        <firstName>Amy</firstName>
        <sponsorshipWithdrawnDate />
        <party>D</party>
        <fullName>Sen. Klobuchar, Amy [D-MN]</fullName>
        <isOriginalCosponsor>True</isOriginalCosponsor>
        <bioguideId>K000367</bioguideId>
      </item>
      <item>
        <lastName>Whitehouse</lastName>
        <identifiers>
          <lisID>1823</lisID>
          <gpoId>8264</gpoId>
          <bioguideId>W000802</bioguideId>
        </identifiers>
        <sponsorshipDate>2017-01-09</sponsorshipDate>
        <middleName />
        <state>RI</state>
        <firstName>Sheldon</firstName>
        <sponsorshipWithdrawnDate />
        <party>D</party>
        <fullName>Sen. Whitehouse, Sheldon [D-RI]</fullName>
        <isOriginalCosponsor>True</isOriginalCosponsor>
        <bioguideId>W000802</bioguideId>
      </item>
      <item>
        <lastName>Bennet</lastName>
        <identifiers>
          <lisID>1965</lisID>
          <gpoId>8302</gpoId>
          <bioguideId>B001267</bioguideId>
        </identifiers>
        <sponsorshipDate>2017-01-09</sponsorshipDate>
        <middleName>F.</middleName>
        <state>CO</state>
        <firstName>Michael</firstName>
        <sponsorshipWithdrawnDate />
        <party>D</party>
        <fullName>Sen. Bennet, Michael F. [D-CO]</fullName>
        <isOriginalCosponsor>True</isOriginalCosponsor>
        <bioguideId>B001267</bioguideId>
      </item>
      <item>
        <lastName>Gillibrand</lastName>
        <identifiers>
          <lisID>1866</lisID>
          <gpoId>8336</gpoId>
          <bioguideId>G000555</bioguideId>
        </identifiers>
        <sponsorshipDate>2017-01-09</sponsorshipDate>
        <middleName>E.</middleName>
        <state>NY</state>
        <firstName>Kirsten</firstName>
        <sponsorshipWithdrawnDate />
        <party>D</party>
        <fullName>Sen. Gillibrand, Kirsten E. [D-NY]</fullName>
        <isOriginalCosponsor>True</isOriginalCosponsor>
        <bioguideId>G000555</bioguideId>
      </item>
      <item>
        <lastName>Franken</lastName>
        <identifiers>
          <bioguideId>F000457</bioguideId>
          <lisID>1969</lisID>
          <gpoId>8339</gpoId>
        </identifiers>
        <sponsorshipDate>2017-01-09</sponsorshipDate>
        <middleName />
        <state>MN</state>
        <firstName>Al</firstName>
        <sponsorshipWithdrawnDate />
        <party>D</party>
        <fullName>Sen. Franken, Al [D-MN]</fullName>
        <isOriginalCosponsor>True</isOriginalCosponsor>
        <bioguideId>F000457</bioguideId>
      </item>
      <item>
        <lastName>Blumenthal</lastName>
        <identifiers>
          <gpoId>8332</gpoId>
          <bioguideId>B001277</bioguideId>
          <lisID>2076</lisID>
        </identifiers>
        <sponsorshipDate>2017-01-09</sponsorshipDate>
        <middleName />
        <state>CT</state>
        <firstName>Richard</firstName>
        <sponsorshipWithdrawnDate />
        <party>D</party>
        <fullName>Sen. Blumenthal, Richard [D-CT]</fullName>
        <isOriginalCosponsor>True</isOriginalCosponsor>
        <bioguideId>B001277</bioguideId>
      </item>
      <item>
        <lastName>BALDWIN</lastName>
        <identifiers>
          <lisID>1558</lisID>
          <gpoId>8215</gpoId>
          <bioguideId>B001230</bioguideId>
        </identifiers>
        <sponsorshipDate>2017-01-09</sponsorshipDate>
        <middleName />
        <state>WI</state>
        <firstName>TAMMY</firstName>
        <sponsorshipWithdrawnDate />
        <party>D</party>
        <fullName>Sen. Baldwin, Tammy [D-WI]</fullName>
        <isOriginalCosponsor>True</isOriginalCosponsor>
        <bioguideId>B001230</bioguideId>
      </item>
      <item>
        <lastName>MARKEY</lastName>
        <identifiers>
          <lisID>735</lisID>
          <gpoId>7972</gpoId>
          <bioguideId>M000133</bioguideId>
        </identifiers>
        <sponsorshipDate>2017-01-09</sponsorshipDate>
        <middleName>J.</middleName>
        <state>MA</state>
        <firstName>EDWARD</firstName>
        <sponsorshipWithdrawnDate />
        <party>D</party>
        <fullName>Sen. Markey, Edward J. [D-MA]</fullName>
        <isOriginalCosponsor>True</isOriginalCosponsor>
        <bioguideId>M000133</bioguideId>
      </item>
      <item>
        <lastName>Booker</lastName>
        <identifiers>
          <lisID>2194</lisID>
          <gpoId />
          <bioguideId>B001288</bioguideId>
        </identifiers>
        <sponsorshipDate>2017-01-09</sponsorshipDate>
        <middleName>A.</middleName>
        <state>NJ</state>
        <firstName>Cory</firstName>
        <sponsorshipWithdrawnDate />
        <party>D</party>
        <fullName>Sen. Booker, Cory A. [D-NJ]</fullName>
        <isOriginalCosponsor>True</isOriginalCosponsor>
        <bioguideId>B001288</bioguideId>
      </item>
      <item>
        <lastName>Peters</lastName>
        <identifiers>
          <gpoId>7994</gpoId>
          <bioguideId>P000595</bioguideId>
          <lisID>1929</lisID>
        </identifiers>
        <sponsorshipDate>2017-01-09</sponsorshipDate>
        <middleName>C.</middleName>
        <state>MI</state>
        <firstName>Gary</firstName>
        <sponsorshipWithdrawnDate />
        <party>D</party>
        <fullName>Sen. Peters, Gary C. [D-MI]</fullName>
        <isOriginalCosponsor>True</isOriginalCosponsor>
        <bioguideId>P000595</bioguideId>
      </item>
      <item>
        <lastName>Duckworth</lastName>
        <identifiers>
          <gpoId />
          <bioguideId>D000622</bioguideId>
          <lisID>2123</lisID>
        </identifiers>
        <sponsorshipDate>2017-01-09</sponsorshipDate>
        <middleName />
        <state>IL</state>
        <firstName>Tammy</firstName>
        <sponsorshipWithdrawnDate />
        <party>D</party>
        <fullName>Sen. Duckworth, Tammy [D-IL]</fullName>
        <isOriginalCosponsor>True</isOriginalCosponsor>
        <bioguideId>D000622</bioguideId>
      </item>
    </cosponsors>
    <subjects>
      <billSubjects>
        <legislativeSubjects />
      </billSubjects>
    </subjects>
    <relatedBills />
    <latestAction>
      <links />
      <text>Read twice and referred to the Committee on Homeland Security and Governmental Affairs.</text>
      <actionDate>2017-01-09</actionDate>
    </latestAction>
    <updateDate>2017-01-10T10:35:09Z</updateDate>
    <actions>
      <actionByCounts>
        <senate>2</senate>
      </actionByCounts>
      <item>
        <actionDate>2017-01-09</actionDate>
        <committee>
          <name>Homeland Security and Governmental Affairs Committee</name>
          <systemCode>ssga00</systemCode>
        </committee>
        <links />
        <sourceSystem>
          <name>Senate</name>
          <code>0</code>
        </sourceSystem>
        <text>Read twice and referred to the Committee on Homeland Security and Governmental Affairs.</text>
        <type>IntroReferral</type>
      </item>
      <item>
        <actionDate>2017-01-09</actionDate>
        <type>IntroReferral</type>
        <actionCode>10000</actionCode>
        <committee />
        <text>Introduced in Senate</text>
        <sourceSystem>
          <name>Library of Congress</name>
          <code>9</code>
        </sourceSystem>
        <links />
      </item>
      <actionTypeCounts>
        <introducedInSenate>1</introducedInSenate>
        <referredToCommittee>1</referredToCommittee>
      </actionTypeCounts>
    </actions>
    <billType>S</billType>
    <committeeReports />
    <originChamber>Senate</originChamber>
    <notes />
    <policyArea />
    <committees>
      <billCommittees>
        <item>
          <chamber>Senate</chamber>
          <subcommittees />
          <type>Standing</type>
          <name>Homeland Security and Governmental Affairs Committee</name>
          <activities>
            <item>
              <name>Referred to</name>
              <date>2017-01-09T21:26:46Z</date>
            </item>
          </activities>
          <systemCode>ssga00</systemCode>
        </item>
      </billCommittees>
    </committees>
    <createDate>2017-01-10T05:15:46Z</createDate>
    <title>A bill to address financial conflicts of interest of the President and Vice President.</title>
    <titles>
      <item>
        <chamberName />
        <title>A bill to address financial conflicts of interest of the President and Vice President.</title>
        <chamberCode />
        <titleType>Official Title as Introduced</titleType>
        <parentTitleType />
      </item>
      <item>
        <chamberName />
        <title>A bill to address financial conflicts of interest of the President and Vice President.</title>
        <chamberCode />
        <titleType>Display Title</titleType>
        <parentTitleType />
      </item>
    </titles>
    <recordedVotes />
    <cboCostEstimates />
    <laws />
    <summaries>
      <billSummaries />
    </summaries>
    <calendarNumbers />
    <introducedDate>2017-01-09</introducedDate>
    <amendments />
    <sponsors>
      <item>
        <lastName>Warren</lastName>
        <identifiers>
          <bioguideId>W000817</bioguideId>
          <lisID>2182</lisID>
          <gpoId />
        </identifiers>
        <byRequestType />
        <middleName>A.</middleName>
        <state>MA</state>
        <firstName>Elizabeth</firstName>
        <party>D</party>
        <fullName>Sen. Warren, Elizabeth [D-MA]</fullName>
        <bioguideId>W000817</bioguideId>
      </item>
    </sponsors>
  </bill>
  <dublinCore xmlns:dc="http://purl.org/dc/elements/1.1/">
    <dc:format>text/xml</dc:format>
    <dc:language>EN</dc:language>
    <dc:rights>Pursuant to Title 17 Section 105 of the United States Code, this file is not subject to copyright protection and is in the public domain.</dc:rights>
    <dc:contributor>Congressional Research Service, Library of Congress</dc:contributor>
    <dc:description>This file contains bill summaries and statuses for federal legislation. A bill summary describes the most significant provisions of a piece of legislation and details the effects the legislative text may have on current law and federal programs. Bill summaries are authored by the Congressional Research Service (CRS) of the Library of Congress. As stated in Public Law 91-510 (2 USC 166 (d)(6)), one of the duties of CRS is "to prepare summaries and digests of bills and resolutions of a public general nature introduced in the Senate or House of Representatives". For more information, refer to the User Guide that accompanies this file.</dc:description>
  </dublinCore>
</billStatus>

