<?xml version="1.0" encoding="UTF-8"?>
<billStatus>
  <bill>
    <titles>
      <item>
        <titleType>Short Titles as Introduced</titleType>
        <title>Volunteer Income Tax Assistance Permanence Act of 2017</title>
        <parentTitleType />
        <chamberCode />
        <chamberName />
      </item>
      <item>
        <titleType>Official Title as Introduced</titleType>
        <title>A bill to amend the Internal Revenue Code of 1986 to make permanent the Volunteer Income Tax Assistance matching grant program.</title>
        <parentTitleType />
        <chamberCode />
        <chamberName />
      </item>
      <item>
        <titleType>Display Title</titleType>
        <title>Volunteer Income Tax Assistance Permanence Act of 2017</title>
        <parentTitleType />
        <chamberCode />
        <chamberName />
      </item>
      <item>
        <titleType>(Extracted from GPO) Short Titles as Introduced</titleType>
        <title>Volunteer Income Tax Assistance Permanence Act of 2017</title>
        <parentTitleType />
        <chamberCode />
        <chamberName />
      </item>
    </titles>
    <notes />
    <latestAction>
      <links />
      <text>Read twice and referred to the Committee on Finance.</text>
      <actionDate>2017-03-30</actionDate>
    </latestAction>
    <committees>
      <billCommittees>
        <item>
          <activities>
            <item>
              <date>2017-03-30T20:48:17Z</date>
              <name>Referred to</name>
            </item>
          </activities>
          <type>Standing</type>
          <chamber>Senate</chamber>
          <systemCode>ssfi00</systemCode>
          <name>Finance Committee</name>
          <subcommittees />
        </item>
      </billCommittees>
    </committees>
    <actions>
      <actionByCounts>
        <senate>2</senate>
      </actionByCounts>
      <item>
        <actionDate>2017-03-30</actionDate>
        <committee>
          <systemCode>ssfi00</systemCode>
          <name>Finance Committee</name>
        </committee>
        <links />
        <sourceSystem>
          <code>0</code>
          <name>Senate</name>
        </sourceSystem>
        <text>Read twice and referred to the Committee on Finance.</text>
        <type>IntroReferral</type>
      </item>
      <item>
        <committee />
        <links />
        <type>IntroReferral</type>
        <text>Introduced in Senate</text>
        <actionDate>2017-03-30</actionDate>
        <actionCode>10000</actionCode>
        <sourceSystem>
          <code>9</code>
          <name>Library of Congress</name>
        </sourceSystem>
      </item>
      <actionTypeCounts>
        <referredToCommittee>1</referredToCommittee>
        <introducedInSenate>1</introducedInSenate>
      </actionTypeCounts>
    </actions>
    <policyArea>
      <name>Taxation</name>
    </policyArea>
    <sponsors>
      <item>
        <fullName>Sen. Brown, Sherrod [D-OH]</fullName>
        <party>D</party>
        <bioguideId>B000944</bioguideId>
        <identifiers>
          <lisID>136</lisID>
          <bioguideId>B000944</bioguideId>
          <gpoId>8309</gpoId>
        </identifiers>
        <lastName>BROWN</lastName>
        <byRequestType />
        <middleName />
        <firstName>SHERROD</firstName>
        <state>OH</state>
      </item>
    </sponsors>
    <recordedVotes />
    <updateDate>2018-08-28T20:25:30Z</updateDate>
    <billNumber>797</billNumber>
    <title>Volunteer Income Tax Assistance Permanence Act of 2017</title>
    <relatedBills>
      <item>
        <latestTitle>An original bill to provide for reconciliation pursuant to title II of the concurrent resolution on the budget for fiscal year 2018.</latestTitle>
        <relationshipDetails>
          <item>
            <type>Related bill</type>
            <identifiedBy>CRS</identifiedBy>
          </item>
        </relationshipDetails>
        <number>1</number>
        <latestAction>
          <actionDate>2017-11-28</actionDate>
          <text>Placed on Senate Legislative Calendar under General Orders. Calendar No. 269.</text>
        </latestAction>
        <congress>115</congress>
        <type>S</type>
      </item>
      <item>
        <latestTitle>Volunteer Income Tax Assistance Permanence Act of 2017</latestTitle>
        <relationshipDetails>
          <item>
            <type>Related bill</type>
            <identifiedBy>CRS</identifiedBy>
          </item>
        </relationshipDetails>
        <number>2901</number>
        <latestAction>
          <actionDate>2018-04-18</actionDate>
          <actionTime>18:20:49</actionTime>
          <text>Pursuant to the provisions of H. Res. 831, H.R. 2901 is laid on the table.</text>
        </latestAction>
        <congress>115</congress>
        <type>HR</type>
      </item>
    </relatedBills>
    <amendments />
    <version>1.0.0</version>
    <laws />
    <cboCostEstimates />
    <billType>S</billType>
    <createDate>2017-03-31T05:07:22Z</createDate>
    <originChamber>Senate</originChamber>
    <summaries>
      <billSummaries>
        <item>
          <lastSummaryUpdateDate>2017-05-23T13:20:46Z</lastSummaryUpdateDate>
          <actionDate>2017-03-30</actionDate>
          <text><![CDATA[<p><b>Volunteer Income Tax Assistance Permanence Act of 2017</b></p> <p>This bill directs the Internal Revenue Service (IRS) to establish a Community Volunteer Income Tax Assistance Matching Grant Program to provide matching funds for the development, expansion, or continuation of tax preparation programs to assist low-income taxpayers and members of underserved populations. </p> <p>The program must be substantially similar to the Community Volunteer Income Tax Assistance matching grants demonstration program established under the Consolidated Appropriations Act, 2008. </p> <p>Unless otherwise provided by a specific appropriation, the IRS may not allocate more than $30 million per fiscal year (exclusive of costs of administering the program) for the program. </p>]]></text>
          <updateDate>2017-03-30T04:00:00Z</updateDate>
          <name>Introduced in Senate</name>
          <versionCode>00</versionCode>
          <actionDesc>Introduced in Senate</actionDesc>
        </item>
      </billSummaries>
    </summaries>
    <committeeReports />
    <calendarNumbers />
    <cosponsors>
      <item>
        <lastName>Heller</lastName>
        <sponsorshipDate>2017-03-30</sponsorshipDate>
        <party>R</party>
        <fullName>Sen. Heller, Dean [R-NV]</fullName>
        <identifiers>
          <lisID>1863</lisID>
          <gpoId>8060</gpoId>
          <bioguideId>H001041</bioguideId>
        </identifiers>
        <firstName>Dean</firstName>
        <sponsorshipWithdrawnDate />
        <state>NV</state>
        <middleName />
        <bioguideId>H001041</bioguideId>
        <isOriginalCosponsor>True</isOriginalCosponsor>
      </item>
    </cosponsors>
    <introducedDate>2017-03-30</introducedDate>
    <congress>115</congress>
    <subjects>
      <billSubjects>
        <legislativeSubjects>
          <item>
            <name>Government information and archives</name>
          </item>
          <item>
            <name>Poverty and welfare assistance</name>
          </item>
          <item>
            <name>Social work, volunteer service, charitable organizations</name>
          </item>
          <item>
            <name>Tax administration and collection, taxpayers</name>
          </item>
        </legislativeSubjects>
        <policyArea>
          <name>Taxation</name>
        </policyArea>
      </billSubjects>
    </subjects>
  </bill>
  <dublinCore xmlns:dc="http://purl.org/dc/elements/1.1/">
    <dc:format>text/xml</dc:format>
    <dc:language>EN</dc:language>
    <dc:rights>Pursuant to Title 17 Section 105 of the United States Code, this file is not subject to copyright protection and is in the public domain.</dc:rights>
    <dc:contributor>Congressional Research Service, Library of Congress</dc:contributor>
    <dc:description>This file contains bill summaries and statuses for federal legislation. A bill summary describes the most significant provisions of a piece of legislation and details the effects the legislative text may have on current law and federal programs. Bill summaries are authored by the Congressional Research Service (CRS) of the Library of Congress. As stated in Public Law 91-510 (2 USC 166 (d)(6)), one of the duties of CRS is "to prepare summaries and digests of bills and resolutions of a public general nature introduced in the Senate or House of Representatives". For more information, refer to the User Guide that accompanies this file.</dc:description>
  </dublinCore>
</billStatus>

