<?xml version="1.0" encoding="UTF-8"?>
<billStatus>
  <bill>
    <committees>
      <billCommittees>
        <item>
          <systemCode>sscm00</systemCode>
          <subcommittees />
          <activities>
            <item>
              <name>Referred to</name>
              <date>2017-03-21T18:50:43Z</date>
            </item>
          </activities>
          <name>Commerce, Science, and Transportation Committee</name>
          <chamber>Senate</chamber>
          <type>Standing</type>
        </item>
      </billCommittees>
    </committees>
    <actions>
      <actionByCounts>
        <senate>2</senate>
      </actionByCounts>
      <item>
        <actionDate>2017-03-21</actionDate>
        <committee>
          <name>Commerce, Science, and Transportation Committee</name>
          <systemCode>sscm00</systemCode>
        </committee>
        <links />
        <sourceSystem>
          <name>Senate</name>
          <code>0</code>
        </sourceSystem>
        <text>Read twice and referred to the Committee on Commerce, Science, and Transportation.</text>
        <type>IntroReferral</type>
      </item>
      <item>
        <type>IntroReferral</type>
        <links />
        <sourceSystem>
          <name>Library of Congress</name>
          <code>9</code>
        </sourceSystem>
        <committee />
        <text>Introduced in Senate</text>
        <actionCode>10000</actionCode>
        <actionDate>2017-03-21</actionDate>
      </item>
      <actionTypeCounts>
        <introducedInSenate>1</introducedInSenate>
        <referredToCommittee>1</referredToCommittee>
      </actionTypeCounts>
    </actions>
    <recordedVotes />
    <laws />
    <calendarNumbers />
    <titles>
      <item>
        <chamberName />
        <parentTitleType />
        <titleType>Short Titles as Introduced</titleType>
        <title>Cyber AIR Act</title>
        <chamberCode />
      </item>
      <item>
        <chamberName />
        <parentTitleType />
        <titleType>Short Titles as Introduced</titleType>
        <title>Cybersecurity Standards for Aircraft to Improve Resilience Act of 2017</title>
        <chamberCode />
      </item>
      <item>
        <chamberName />
        <parentTitleType />
        <titleType>Official Title as Introduced</titleType>
        <title>A bill to require the disclosure of information relating to cyberattacks on aircraft systems and maintenance and ground support systems for aircraft, to identify and address cybersecurity vulnerabilities to the United States commercial aviation system, and for other purposes.</title>
        <chamberCode />
      </item>
      <item>
        <chamberName />
        <parentTitleType />
        <titleType>Display Title</titleType>
        <title>Cyber AIR Act</title>
        <chamberCode />
      </item>
      <item>
        <chamberName />
        <parentTitleType />
        <titleType>(Extracted from GPO) Short Titles as Introduced</titleType>
        <title>Cyber AIR Act</title>
        <chamberCode />
      </item>
      <item>
        <chamberName />
        <parentTitleType />
        <titleType>(Extracted from GPO) Short Titles as Introduced</titleType>
        <title>Cybersecurity Standards for Aircraft to Improve Resilience Act of 2017</title>
        <chamberCode />
      </item>
    </titles>
    <cosponsors>
      <item>
        <bioguideId>B001277</bioguideId>
        <party>D</party>
        <firstName>Richard</firstName>
        <fullName>Sen. Blumenthal, Richard [D-CT]</fullName>
        <lastName>Blumenthal</lastName>
        <state>CT</state>
        <isOriginalCosponsor>True</isOriginalCosponsor>
        <middleName />
        <identifiers>
          <gpoId>8332</gpoId>
          <lisID>2076</lisID>
          <bioguideId>B001277</bioguideId>
        </identifiers>
        <sponsorshipDate>2017-03-21</sponsorshipDate>
        <sponsorshipWithdrawnDate />
      </item>
    </cosponsors>
    <cboCostEstimates />
    <latestAction>
      <text>Read twice and referred to the Committee on Commerce, Science, and Transportation.</text>
      <links />
      <actionDate>2017-03-21</actionDate>
    </latestAction>
    <updateDate>2018-08-28T20:25:00Z</updateDate>
    <version>1.0.0</version>
    <policyArea>
      <name>Transportation and Public Works</name>
    </policyArea>
    <billType>S</billType>
    <billNumber>679</billNumber>
    <originChamber>Senate</originChamber>
    <relatedBills />
    <title>Cyber AIR Act</title>
    <congress>115</congress>
    <summaries>
      <billSummaries>
        <item>
          <lastSummaryUpdateDate>2017-06-20T20:16:46Z</lastSummaryUpdateDate>
          <actionDate>2017-03-21</actionDate>
          <text><![CDATA[<p><strong>Cybersecurity Standards for Aircraft to Improve Resilience Act of 2017 or the Cyber AIR Act</strong></p> <p>This bill directs the Department of Transportation (DOT) to require domestic or foreign air carriers and manufacturers of aircraft or electronic control, communications, maintenance, or ground support systems for aircraft to disclose to the Federal Aviation Administration (FAA) any attempted or successful cyberattack against any system on board an aircraft or against any maintenance or ground support system for aircraft.</p> <p>The FAA shall use the information obtained through such disclosures to: (1) improve the regulations (to be prescribed by DOT) to incorporate requirements relating to cybersecurity into the requirements for obtaining an air carrier operating certificate or a production certificate; and (2) notify air carriers, aircraft manufacturers, and other federal agencies of cybersecurity vulnerabilities in systems on board an aircraft or maintenance or ground support systems for aircraft. </p> <p>In prescribing such regulations, DOT must require: (1) all entry points to the electronic systems of each aircraft operating in U.S. airspace and maintenance or ground support systems for such aircraft to be equipped with reasonable measures to protect against cyberattacks; and (2) the periodic evaluation of, and updates to, such measures for security vulnerabilities using best security practices.</p> <p>The Commercial Aviation Communications Safety and Security Leadership Group shall: (1) be responsible for evaluating the cybersecurity vulnerabilities of certain broadband wireless communications equipment designed for consumer use on board aircraft; and (2) require the implementation by air carriers, manufacturers, and communications service providers of technical and operational security measures it deems necessary to prevent cyberattacks that exploit such equipment.</p>]]></text>
          <updateDate>2017-03-21T04:00:00Z</updateDate>
          <name>Introduced in Senate</name>
          <versionCode>00</versionCode>
          <actionDesc>Introduced in Senate</actionDesc>
        </item>
      </billSummaries>
    </summaries>
    <subjects>
      <billSubjects>
        <legislativeSubjects>
          <item>
            <name>Administrative law and regulatory procedures</name>
          </item>
          <item>
            <name>Aviation and airports</name>
          </item>
          <item>
            <name>Computer security and identity theft</name>
          </item>
          <item>
            <name>Congressional oversight</name>
          </item>
          <item>
            <name>Department of Transportation</name>
          </item>
          <item>
            <name>Telephone and wireless communication</name>
          </item>
          <item>
            <name>Transportation safety and security</name>
          </item>
        </legislativeSubjects>
        <policyArea>
          <name>Transportation and Public Works</name>
        </policyArea>
      </billSubjects>
    </subjects>
    <committeeReports />
    <introducedDate>2017-03-21</introducedDate>
    <sponsors>
      <item>
        <bioguideId>M000133</bioguideId>
        <middleName>J.</middleName>
        <byRequestType />
        <fullName>Sen. Markey, Edward J. [D-MA]</fullName>
        <lastName>MARKEY</lastName>
        <state>MA</state>
        <party>D</party>
        <identifiers>
          <lisID>735</lisID>
          <bioguideId>M000133</bioguideId>
          <gpoId>7972</gpoId>
        </identifiers>
        <firstName>EDWARD</firstName>
      </item>
    </sponsors>
    <notes />
    <createDate>2017-03-22T05:45:19Z</createDate>
    <amendments />
  </bill>
  <dublinCore xmlns:dc="http://purl.org/dc/elements/1.1/">
    <dc:format>text/xml</dc:format>
    <dc:language>EN</dc:language>
    <dc:rights>Pursuant to Title 17 Section 105 of the United States Code, this file is not subject to copyright protection and is in the public domain.</dc:rights>
    <dc:contributor>Congressional Research Service, Library of Congress</dc:contributor>
    <dc:description>This file contains bill summaries and statuses for federal legislation. A bill summary describes the most significant provisions of a piece of legislation and details the effects the legislative text may have on current law and federal programs. Bill summaries are authored by the Congressional Research Service (CRS) of the Library of Congress. As stated in Public Law 91-510 (2 USC 166 (d)(6)), one of the duties of CRS is "to prepare summaries and digests of bills and resolutions of a public general nature introduced in the Senate or House of Representatives". For more information, refer to the User Guide that accompanies this file.</dc:description>
  </dublinCore>
</billStatus>

