<?xml version="1.0" encoding="UTF-8"?>
<billStatus>
  <bill>
    <policyArea>
      <name>Taxation</name>
    </policyArea>
    <billType>S</billType>
    <latestAction>
      <links />
      <actionDate>2017-06-14</actionDate>
      <text>Committee on Small Business and Entrepreneurship. Hearings held. Hearings printed: S.Hrg. 115-101.</text>
    </latestAction>
    <createDate>2017-03-08T05:28:21Z</createDate>
    <notes />
    <actions>
      <item>
        <actionDate>2017-06-14</actionDate>
        <committee>
          <systemCode>sssb00</systemCode>
          <name>Small Business and Entrepreneurship Committee</name>
        </committee>
        <links />
        <sourceSystem>
          <code>0</code>
          <name>Senate</name>
        </sourceSystem>
        <text>Committee on Small Business and Entrepreneurship. Hearings held. Hearings printed: S.Hrg. 115-101.</text>
        <type>Committee</type>
      </item>
      <item>
        <actionDate>2017-03-07</actionDate>
        <committee>
          <systemCode>ssfi00</systemCode>
          <name>Finance Committee</name>
        </committee>
        <links />
        <sourceSystem>
          <code>0</code>
          <name>Senate</name>
        </sourceSystem>
        <text>Read twice and referred to the Committee on Finance.</text>
        <type>IntroReferral</type>
      </item>
      <item>
        <text>Introduced in Senate</text>
        <type>IntroReferral</type>
        <links />
        <actionDate>2017-03-07</actionDate>
        <sourceSystem>
          <code>9</code>
          <name>Library of Congress</name>
        </sourceSystem>
        <committee />
        <actionCode>10000</actionCode>
      </item>
      <actionByCounts>
        <senate>3</senate>
      </actionByCounts>
      <actionTypeCounts>
        <introducedInSenate>1</introducedInSenate>
        <referredToCommittee>1</referredToCommittee>
        <hearingsHeld>1</hearingsHeld>
      </actionTypeCounts>
    </actions>
    <calendarNumbers />
    <congress>115</congress>
    <subjects>
      <billSubjects>
        <policyArea>
          <name>Taxation</name>
        </policyArea>
        <legislativeSubjects>
          <item>
            <name>Employment taxes</name>
          </item>
          <item>
            <name>Intergovernmental relations</name>
          </item>
          <item>
            <name>State and local taxation</name>
          </item>
        </legislativeSubjects>
      </billSubjects>
    </subjects>
    <billNumber>540</billNumber>
    <title>Mobile Workforce State Income Tax Simplification Act of 2017</title>
    <committees>
      <billCommittees>
        <item>
          <systemCode>sssb00</systemCode>
          <type>Standing</type>
          <activities>
            <item>
              <date>2017-06-14T18:30:00Z</date>
              <name>Hearings by</name>
            </item>
          </activities>
          <name>Small Business and Entrepreneurship Committee</name>
          <subcommittees />
          <chamber>Senate</chamber>
        </item>
        <item>
          <systemCode>ssfi00</systemCode>
          <type>Standing</type>
          <activities>
            <item>
              <date>2017-03-07T19:30:59Z</date>
              <name>Referred to</name>
            </item>
          </activities>
          <name>Finance Committee</name>
          <subcommittees />
          <chamber>Senate</chamber>
        </item>
      </billCommittees>
    </committees>
    <introducedDate>2017-03-07</introducedDate>
    <version>1.0.0</version>
    <committeeReports />
    <updateDate>2018-08-28T20:24:27Z</updateDate>
    <laws />
    <originChamber>Senate</originChamber>
    <cboCostEstimates />
    <sponsors>
      <item>
        <middleName>R.</middleName>
        <bioguideId>T000250</bioguideId>
        <identifiers>
          <lisID>1534</lisID>
          <bioguideId>T000250</bioguideId>
          <gpoId>8257</gpoId>
        </identifiers>
        <fullName>Sen. Thune, John [R-SD]</fullName>
        <byRequestType />
        <party>R</party>
        <firstName>JOHN</firstName>
        <state>SD</state>
        <lastName>THUNE</lastName>
      </item>
    </sponsors>
    <relatedBills>
      <item>
        <latestTitle>Mobile Workforce State Income Tax Simplification Act of 2017</latestTitle>
        <number>1393</number>
        <latestAction>
          <text>Received in the Senate and Read twice and referred to the Committee on Finance.</text>
          <actionDate>2017-06-21</actionDate>
        </latestAction>
        <type>HR</type>
        <congress>115</congress>
        <relationshipDetails>
          <item>
            <identifiedBy>CRS</identifiedBy>
            <type>Identical bill</type>
          </item>
        </relationshipDetails>
      </item>
    </relatedBills>
    <cosponsors>
      <item>
        <party>D</party>
        <state>OH</state>
        <bioguideId>B000944</bioguideId>
        <sponsorshipWithdrawnDate />
        <lastName>BROWN</lastName>
        <fullName>Sen. Brown, Sherrod [D-OH]</fullName>
        <firstName>SHERROD</firstName>
        <sponsorshipDate>2017-03-07</sponsorshipDate>
        <middleName />
        <isOriginalCosponsor>True</isOriginalCosponsor>
        <identifiers>
          <lisID>136</lisID>
          <bioguideId>B000944</bioguideId>
          <gpoId>8309</gpoId>
        </identifiers>
      </item>
      <item>
        <party>R</party>
        <state>KS</state>
        <bioguideId>R000307</bioguideId>
        <sponsorshipWithdrawnDate />
        <lastName>ROBERTS</lastName>
        <fullName>Sen. Roberts, Pat [R-KS]</fullName>
        <firstName>PAT</firstName>
        <sponsorshipDate>2017-03-07</sponsorshipDate>
        <middleName />
        <isOriginalCosponsor>True</isOriginalCosponsor>
        <identifiers>
          <lisID>968</lisID>
          <bioguideId>R000307</bioguideId>
          <gpoId>8275</gpoId>
        </identifiers>
      </item>
      <item>
        <party>R</party>
        <state>MO</state>
        <bioguideId>B000575</bioguideId>
        <sponsorshipWithdrawnDate />
        <lastName>Blunt</lastName>
        <fullName>Sen. Blunt, Roy [R-MO]</fullName>
        <firstName>Roy</firstName>
        <sponsorshipDate>2017-03-07</sponsorshipDate>
        <middleName />
        <isOriginalCosponsor>True</isOriginalCosponsor>
        <identifiers>
          <lisID>1464</lisID>
          <bioguideId>B000575</bioguideId>
          <gpoId>8313</gpoId>
        </identifiers>
      </item>
      <item>
        <party>D</party>
        <state>CT</state>
        <bioguideId>B001277</bioguideId>
        <sponsorshipWithdrawnDate />
        <lastName>Blumenthal</lastName>
        <fullName>Sen. Blumenthal, Richard [D-CT]</fullName>
        <firstName>Richard</firstName>
        <sponsorshipDate>2017-03-07</sponsorshipDate>
        <middleName />
        <isOriginalCosponsor>True</isOriginalCosponsor>
        <identifiers>
          <lisID>2076</lisID>
          <gpoId>8332</gpoId>
          <bioguideId>B001277</bioguideId>
        </identifiers>
      </item>
      <item>
        <party>R</party>
        <state>NC</state>
        <bioguideId>T000476</bioguideId>
        <sponsorshipWithdrawnDate />
        <lastName>Tillis</lastName>
        <fullName>Sen. Tillis, Thom [R-NC]</fullName>
        <firstName>Thomas</firstName>
        <sponsorshipDate>2017-03-07</sponsorshipDate>
        <middleName>Roland</middleName>
        <isOriginalCosponsor>True</isOriginalCosponsor>
        <identifiers>
          <bioguideId>T000476</bioguideId>
          <lisID>2291</lisID>
          <gpoId />
        </identifiers>
      </item>
      <item>
        <party>D</party>
        <state>NJ</state>
        <bioguideId>B001288</bioguideId>
        <sponsorshipWithdrawnDate />
        <lastName>Booker</lastName>
        <fullName>Sen. Booker, Cory A. [D-NJ]</fullName>
        <firstName>Cory</firstName>
        <sponsorshipDate>2017-03-07</sponsorshipDate>
        <middleName>A.</middleName>
        <isOriginalCosponsor>True</isOriginalCosponsor>
        <identifiers>
          <gpoId />
          <lisID>2194</lisID>
          <bioguideId>B001288</bioguideId>
        </identifiers>
      </item>
      <item>
        <party>R</party>
        <state>GA</state>
        <bioguideId>P000612</bioguideId>
        <sponsorshipWithdrawnDate />
        <lastName>Perdue</lastName>
        <fullName>Sen. Perdue, David [R-GA]</fullName>
        <firstName>David</firstName>
        <sponsorshipDate>2017-03-07</sponsorshipDate>
        <middleName>Alfred</middleName>
        <isOriginalCosponsor>True</isOriginalCosponsor>
        <identifiers>
          <bioguideId>P000612</bioguideId>
          <lisID>2286</lisID>
          <gpoId />
        </identifiers>
      </item>
      <item>
        <party>D</party>
        <state>RI</state>
        <bioguideId>R000122</bioguideId>
        <sponsorshipWithdrawnDate />
        <lastName>REED</lastName>
        <fullName>Sen. Reed, Jack [D-RI]</fullName>
        <firstName>JOHN</firstName>
        <sponsorshipDate>2017-03-07</sponsorshipDate>
        <middleName>F.</middleName>
        <isOriginalCosponsor>True</isOriginalCosponsor>
        <identifiers>
          <lisID>949</lisID>
          <gpoId>8272</gpoId>
          <bioguideId>R000122</bioguideId>
        </identifiers>
      </item>
      <item>
        <party>R</party>
        <state>ND</state>
        <bioguideId>H001061</bioguideId>
        <sponsorshipWithdrawnDate />
        <lastName>Hoeven</lastName>
        <fullName>Sen. Hoeven, John [R-ND]</fullName>
        <firstName>John</firstName>
        <sponsorshipDate>2017-03-07</sponsorshipDate>
        <middleName />
        <isOriginalCosponsor>True</isOriginalCosponsor>
        <identifiers>
          <lisID>2079</lisID>
          <gpoId>8331</gpoId>
          <bioguideId>H001061</bioguideId>
        </identifiers>
      </item>
      <item>
        <party>D</party>
        <state>MI</state>
        <bioguideId>S000770</bioguideId>
        <sponsorshipWithdrawnDate />
        <lastName>STABENOW</lastName>
        <fullName>Sen. Stabenow, Debbie [D-MI]</fullName>
        <firstName>DEBORAH</firstName>
        <sponsorshipDate>2017-03-07</sponsorshipDate>
        <middleName>ANN</middleName>
        <isOriginalCosponsor>True</isOriginalCosponsor>
        <identifiers>
          <bioguideId>S000770</bioguideId>
          <lisID>1531</lisID>
          <gpoId>8261</gpoId>
        </identifiers>
      </item>
      <item>
        <party>R</party>
        <state>WY</state>
        <bioguideId>B001261</bioguideId>
        <sponsorshipWithdrawnDate />
        <lastName>Barrasso</lastName>
        <fullName>Sen. Barrasso, John [R-WY]</fullName>
        <firstName>John</firstName>
        <sponsorshipDate>2017-03-07</sponsorshipDate>
        <middleName />
        <isOriginalCosponsor>True</isOriginalCosponsor>
        <identifiers>
          <lisID>1881</lisID>
          <gpoId>8300</gpoId>
          <bioguideId>B001261</bioguideId>
        </identifiers>
      </item>
      <item>
        <party>D</party>
        <state>WA</state>
        <bioguideId>M001111</bioguideId>
        <sponsorshipWithdrawnDate />
        <lastName>MURRAY</lastName>
        <fullName>Sen. Murray, Patty [D-WA]</fullName>
        <firstName>PATTY</firstName>
        <sponsorshipDate>2017-03-07</sponsorshipDate>
        <middleName />
        <isOriginalCosponsor>True</isOriginalCosponsor>
        <identifiers>
          <bioguideId>M001111</bioguideId>
          <gpoId>8237</gpoId>
          <lisID>1409</lisID>
        </identifiers>
      </item>
      <item>
        <party>R</party>
        <state>NV</state>
        <bioguideId>H001041</bioguideId>
        <sponsorshipWithdrawnDate />
        <lastName>Heller</lastName>
        <fullName>Sen. Heller, Dean [R-NV]</fullName>
        <firstName>Dean</firstName>
        <sponsorshipDate>2017-03-07</sponsorshipDate>
        <middleName />
        <isOriginalCosponsor>True</isOriginalCosponsor>
        <identifiers>
          <lisID>1863</lisID>
          <bioguideId>H001041</bioguideId>
          <gpoId>8060</gpoId>
        </identifiers>
      </item>
      <item>
        <party>R</party>
        <state>IA</state>
        <bioguideId>E000295</bioguideId>
        <sponsorshipWithdrawnDate />
        <lastName>Ernst</lastName>
        <fullName>Sen. Ernst, Joni  [R-IA]</fullName>
        <firstName>Joni</firstName>
        <sponsorshipDate>2017-03-07</sponsorshipDate>
        <middleName />
        <isOriginalCosponsor>True</isOriginalCosponsor>
        <identifiers>
          <bioguideId>E000295</bioguideId>
          <lisID>2283</lisID>
          <gpoId />
        </identifiers>
      </item>
      <item>
        <party>D</party>
        <state>IN</state>
        <bioguideId>D000607</bioguideId>
        <sponsorshipWithdrawnDate />
        <lastName>Donnelly</lastName>
        <fullName>Sen. Donnelly, Joe [D-IN]</fullName>
        <firstName>Joe</firstName>
        <sponsorshipDate>2017-03-07</sponsorshipDate>
        <middleName />
        <isOriginalCosponsor>True</isOriginalCosponsor>
        <identifiers>
          <lisID>1850</lisID>
          <bioguideId>D000607</bioguideId>
          <gpoId>7941</gpoId>
        </identifiers>
      </item>
      <item>
        <party>R</party>
        <state>GA</state>
        <bioguideId>I000055</bioguideId>
        <sponsorshipWithdrawnDate />
        <lastName>Isakson</lastName>
        <fullName>Sen. Isakson, Johnny [R-GA]</fullName>
        <firstName>Johnny</firstName>
        <sponsorshipDate>2017-03-07</sponsorshipDate>
        <middleName />
        <isOriginalCosponsor>True</isOriginalCosponsor>
        <identifiers>
          <bioguideId>I000055</bioguideId>
          <lisID>1608</lisID>
          <gpoId>8323</gpoId>
        </identifiers>
      </item>
      <item>
        <party>D</party>
        <state>NH</state>
        <bioguideId>H001076</bioguideId>
        <sponsorshipWithdrawnDate />
        <lastName>Hassan</lastName>
        <fullName>Sen. Hassan, Margaret Wood [D-NH]</fullName>
        <firstName>Margaret</firstName>
        <sponsorshipDate>2017-03-07</sponsorshipDate>
        <middleName>Wood</middleName>
        <isOriginalCosponsor>True</isOriginalCosponsor>
        <identifiers>
          <bioguideId>H001076</bioguideId>
          <lisID>2302</lisID>
          <gpoId />
        </identifiers>
      </item>
      <item>
        <party>R</party>
        <state>AR</state>
        <bioguideId>B001236</bioguideId>
        <sponsorshipWithdrawnDate />
        <lastName>Boozman</lastName>
        <fullName>Sen. Boozman, John [R-AR]</fullName>
        <firstName>John</firstName>
        <sponsorshipDate>2017-03-07</sponsorshipDate>
        <middleName />
        <isOriginalCosponsor>True</isOriginalCosponsor>
        <identifiers>
          <lisID>1687</lisID>
          <bioguideId>B001236</bioguideId>
          <gpoId>8247</gpoId>
        </identifiers>
      </item>
      <item>
        <party>I</party>
        <state>ME</state>
        <bioguideId>K000383</bioguideId>
        <sponsorshipWithdrawnDate />
        <lastName>King</lastName>
        <fullName>Sen. King, Angus S., Jr. [I-ME]</fullName>
        <firstName>Angus</firstName>
        <sponsorshipDate>2017-03-21</sponsorshipDate>
        <middleName />
        <isOriginalCosponsor>False</isOriginalCosponsor>
        <identifiers>
          <lisID>2185</lisID>
          <gpoId />
          <bioguideId>K000383</bioguideId>
        </identifiers>
      </item>
      <item>
        <party>R</party>
        <state>NE</state>
        <bioguideId>F000463</bioguideId>
        <sponsorshipWithdrawnDate />
        <lastName>Fischer</lastName>
        <fullName>Sen. Fischer, Deb [R-NE]</fullName>
        <firstName>Deb</firstName>
        <sponsorshipDate>2017-03-28</sponsorshipDate>
        <middleName />
        <isOriginalCosponsor>False</isOriginalCosponsor>
        <identifiers>
          <bioguideId>F000463</bioguideId>
          <lisID>2179</lisID>
          <gpoId />
        </identifiers>
      </item>
      <item>
        <party>R</party>
        <state>WV</state>
        <bioguideId>C001047</bioguideId>
        <sponsorshipWithdrawnDate />
        <lastName>CAPITO</lastName>
        <fullName>Sen. Capito, Shelley Moore [R-WV]</fullName>
        <firstName>SHELLEY</firstName>
        <sponsorshipDate>2017-03-28</sponsorshipDate>
        <middleName>MOORE</middleName>
        <isOriginalCosponsor>False</isOriginalCosponsor>
        <identifiers>
          <lisID>1676</lisID>
          <bioguideId>C001047</bioguideId>
          <gpoId>8223</gpoId>
        </identifiers>
      </item>
      <item>
        <party>D</party>
        <state>MN</state>
        <bioguideId>K000367</bioguideId>
        <sponsorshipWithdrawnDate />
        <lastName>Klobuchar</lastName>
        <fullName>Sen. Klobuchar, Amy [D-MN]</fullName>
        <firstName>Amy</firstName>
        <sponsorshipDate>2017-04-03</sponsorshipDate>
        <middleName />
        <isOriginalCosponsor>False</isOriginalCosponsor>
        <identifiers>
          <lisID>1826</lisID>
          <bioguideId>K000367</bioguideId>
          <gpoId>8249</gpoId>
        </identifiers>
      </item>
      <item>
        <party>R</party>
        <state>TN</state>
        <bioguideId>C001071</bioguideId>
        <sponsorshipWithdrawnDate />
        <lastName>Corker</lastName>
        <fullName>Sen. Corker, Bob [R-TN]</fullName>
        <firstName>Bob</firstName>
        <sponsorshipDate>2017-04-24</sponsorshipDate>
        <middleName />
        <isOriginalCosponsor>False</isOriginalCosponsor>
        <identifiers>
          <lisID>1825</lisID>
          <bioguideId>C001071</bioguideId>
          <gpoId>8294</gpoId>
        </identifiers>
      </item>
      <item>
        <party>D</party>
        <state>MI</state>
        <bioguideId>P000595</bioguideId>
        <sponsorshipWithdrawnDate />
        <lastName>Peters</lastName>
        <fullName>Sen. Peters, Gary C. [D-MI]</fullName>
        <firstName>Gary</firstName>
        <sponsorshipDate>2017-04-27</sponsorshipDate>
        <middleName>C.</middleName>
        <isOriginalCosponsor>False</isOriginalCosponsor>
        <identifiers>
          <lisID>1929</lisID>
          <gpoId>7994</gpoId>
          <bioguideId>P000595</bioguideId>
        </identifiers>
      </item>
      <item>
        <party>R</party>
        <state>ME</state>
        <bioguideId>C001035</bioguideId>
        <sponsorshipWithdrawnDate />
        <lastName>COLLINS</lastName>
        <fullName>Sen. Collins, Susan M. [R-ME]</fullName>
        <firstName>SUSAN</firstName>
        <sponsorshipDate>2017-05-04</sponsorshipDate>
        <middleName>MARGARET</middleName>
        <isOriginalCosponsor>False</isOriginalCosponsor>
        <identifiers>
          <lisID>1541</lisID>
          <gpoId>8291</gpoId>
          <bioguideId>C001035</bioguideId>
        </identifiers>
      </item>
      <item>
        <party>D</party>
        <state>NM</state>
        <bioguideId>U000039</bioguideId>
        <sponsorshipWithdrawnDate />
        <lastName>UDALL</lastName>
        <fullName>Sen. Udall, Tom [D-NM]</fullName>
        <firstName>TOM</firstName>
        <sponsorshipDate>2017-05-08</sponsorshipDate>
        <middleName />
        <isOriginalCosponsor>False</isOriginalCosponsor>
        <identifiers>
          <bioguideId>U000039</bioguideId>
          <lisID>1567</lisID>
          <gpoId>8260</gpoId>
        </identifiers>
      </item>
      <item>
        <party>D</party>
        <state>NJ</state>
        <bioguideId>M000639</bioguideId>
        <sponsorshipWithdrawnDate />
        <lastName>MENENDEZ</lastName>
        <fullName>Sen. Menendez, Robert [D-NJ]</fullName>
        <firstName>ROBERT</firstName>
        <sponsorshipDate>2017-05-08</sponsorshipDate>
        <middleName />
        <isOriginalCosponsor>False</isOriginalCosponsor>
        <identifiers>
          <bioguideId>M000639</bioguideId>
          <gpoId>8239</gpoId>
          <lisID>791</lisID>
        </identifiers>
      </item>
      <item>
        <party>R</party>
        <state>KS</state>
        <bioguideId>M000934</bioguideId>
        <sponsorshipWithdrawnDate />
        <lastName>MORAN</lastName>
        <fullName>Sen. Moran, Jerry [R-KS]</fullName>
        <firstName>JERRY</firstName>
        <sponsorshipDate>2017-05-09</sponsorshipDate>
        <middleName />
        <isOriginalCosponsor>False</isOriginalCosponsor>
        <identifiers>
          <lisID>1507</lisID>
          <bioguideId>M000934</bioguideId>
          <gpoId>8307</gpoId>
        </identifiers>
      </item>
      <item>
        <party>D</party>
        <state>RI</state>
        <bioguideId>W000802</bioguideId>
        <sponsorshipWithdrawnDate />
        <lastName>Whitehouse</lastName>
        <fullName>Sen. Whitehouse, Sheldon [D-RI]</fullName>
        <firstName>Sheldon</firstName>
        <sponsorshipDate>2017-05-09</sponsorshipDate>
        <middleName />
        <isOriginalCosponsor>False</isOriginalCosponsor>
        <identifiers>
          <lisID>1823</lisID>
          <bioguideId>W000802</bioguideId>
          <gpoId>8264</gpoId>
        </identifiers>
      </item>
      <item>
        <party>R</party>
        <state>AZ</state>
        <bioguideId>F000444</bioguideId>
        <sponsorshipWithdrawnDate />
        <lastName>FLAKE</lastName>
        <fullName>Sen. Flake, Jeff [R-AZ]</fullName>
        <firstName>JEFF</firstName>
        <sponsorshipDate>2017-05-11</sponsorshipDate>
        <middleName />
        <isOriginalCosponsor>False</isOriginalCosponsor>
        <identifiers>
          <lisID>1633</lisID>
          <gpoId>7803</gpoId>
          <bioguideId>F000444</bioguideId>
        </identifiers>
      </item>
      <item>
        <party>D</party>
        <state>WI</state>
        <bioguideId>B001230</bioguideId>
        <sponsorshipWithdrawnDate />
        <lastName>BALDWIN</lastName>
        <fullName>Sen. Baldwin, Tammy [D-WI]</fullName>
        <firstName>TAMMY</firstName>
        <sponsorshipDate>2017-05-15</sponsorshipDate>
        <middleName />
        <isOriginalCosponsor>False</isOriginalCosponsor>
        <identifiers>
          <bioguideId>B001230</bioguideId>
          <gpoId>8215</gpoId>
          <lisID>1558</lisID>
        </identifiers>
      </item>
      <item>
        <party>R</party>
        <state>IN</state>
        <bioguideId>Y000064</bioguideId>
        <sponsorshipWithdrawnDate />
        <lastName>Young</lastName>
        <fullName>Sen. Young, Todd C. [R-IN]</fullName>
        <firstName>Todd</firstName>
        <sponsorshipDate>2017-05-17</sponsorshipDate>
        <middleName>C.</middleName>
        <isOriginalCosponsor>False</isOriginalCosponsor>
        <identifiers>
          <lisID>2019</lisID>
          <bioguideId>Y000064</bioguideId>
          <gpoId>7948</gpoId>
        </identifiers>
      </item>
      <item>
        <party>D</party>
        <state>FL</state>
        <bioguideId>N000032</bioguideId>
        <sponsorshipWithdrawnDate />
        <lastName>NELSON</lastName>
        <fullName>Sen. Nelson, Bill [D-FL]</fullName>
        <firstName>CLARENCE</firstName>
        <sponsorshipDate>2017-05-22</sponsorshipDate>
        <middleName>WILLIAM</middleName>
        <isOriginalCosponsor>False</isOriginalCosponsor>
        <identifiers>
          <lisID>859</lisID>
          <gpoId>8236</gpoId>
          <bioguideId>N000032</bioguideId>
        </identifiers>
      </item>
      <item>
        <party>R</party>
        <state>ID</state>
        <bioguideId>C000880</bioguideId>
        <sponsorshipWithdrawnDate />
        <lastName>CRAPO</lastName>
        <fullName>Sen. Crapo, Mike [R-ID]</fullName>
        <firstName>MICHAEL</firstName>
        <sponsorshipDate>2017-05-24</sponsorshipDate>
        <middleName>D.</middleName>
        <isOriginalCosponsor>False</isOriginalCosponsor>
        <identifiers>
          <lisID>250</lisID>
          <bioguideId>C000880</bioguideId>
          <gpoId>8289</gpoId>
        </identifiers>
      </item>
      <item>
        <party>R</party>
        <state>ID</state>
        <bioguideId>R000584</bioguideId>
        <sponsorshipWithdrawnDate />
        <lastName>Risch</lastName>
        <fullName>Sen. Risch, James E. [R-ID]</fullName>
        <firstName>James</firstName>
        <sponsorshipDate>2017-05-25</sponsorshipDate>
        <middleName>E.</middleName>
        <isOriginalCosponsor>False</isOriginalCosponsor>
        <identifiers>
          <lisID>1896</lisID>
          <bioguideId>R000584</bioguideId>
          <gpoId>8274</gpoId>
        </identifiers>
      </item>
      <item>
        <party>D</party>
        <state>NM</state>
        <bioguideId>H001046</bioguideId>
        <sponsorshipWithdrawnDate />
        <lastName>Heinrich</lastName>
        <fullName>Sen. Heinrich, Martin [D-NM]</fullName>
        <firstName>Martin</firstName>
        <sponsorshipDate>2017-06-05</sponsorshipDate>
        <middleName />
        <isOriginalCosponsor>False</isOriginalCosponsor>
        <identifiers>
          <bioguideId>H001046</bioguideId>
          <gpoId>8056</gpoId>
          <lisID>1937</lisID>
        </identifiers>
      </item>
      <item>
        <party>R</party>
        <state>FL</state>
        <bioguideId>R000595</bioguideId>
        <sponsorshipWithdrawnDate />
        <lastName>Rubio</lastName>
        <fullName>Sen. Rubio, Marco [R-FL]</fullName>
        <firstName>Marco</firstName>
        <sponsorshipDate>2017-06-05</sponsorshipDate>
        <middleName />
        <isOriginalCosponsor>False</isOriginalCosponsor>
        <identifiers>
          <lisID>2084</lisID>
          <gpoId>8242</gpoId>
          <bioguideId>R000595</bioguideId>
        </identifiers>
      </item>
      <item>
        <party>R</party>
        <state>WI</state>
        <bioguideId>J000293</bioguideId>
        <sponsorshipWithdrawnDate />
        <lastName>Johnson</lastName>
        <fullName>Sen. Johnson, Ron [R-WI]</fullName>
        <firstName>Ron</firstName>
        <sponsorshipDate>2017-06-14</sponsorshipDate>
        <middleName />
        <isOriginalCosponsor>False</isOriginalCosponsor>
        <identifiers>
          <lisID>2086</lisID>
          <gpoId>8355</gpoId>
          <bioguideId>J000293</bioguideId>
        </identifiers>
      </item>
      <item>
        <party>D</party>
        <state>WA</state>
        <bioguideId>C000127</bioguideId>
        <sponsorshipWithdrawnDate />
        <lastName>CANTWELL</lastName>
        <fullName>Sen. Cantwell, Maria [D-WA]</fullName>
        <firstName>MARIA</firstName>
        <sponsorshipDate>2017-06-19</sponsorshipDate>
        <middleName />
        <isOriginalCosponsor>False</isOriginalCosponsor>
        <identifiers>
          <lisID>172</lisID>
          <gpoId>8288</gpoId>
          <bioguideId>C000127</bioguideId>
        </identifiers>
      </item>
      <item>
        <party>R</party>
        <state>SD</state>
        <bioguideId>R000605</bioguideId>
        <sponsorshipWithdrawnDate />
        <lastName>Rounds</lastName>
        <fullName>Sen. Rounds, Mike  [R-SD]</fullName>
        <firstName>Mike</firstName>
        <sponsorshipDate>2017-06-21</sponsorshipDate>
        <middleName />
        <isOriginalCosponsor>False</isOriginalCosponsor>
        <identifiers>
          <bioguideId>R000605</bioguideId>
          <lisID>2288</lisID>
          <gpoId />
        </identifiers>
      </item>
      <item>
        <party>R</party>
        <state>TX</state>
        <bioguideId>C001098</bioguideId>
        <sponsorshipWithdrawnDate />
        <lastName>Cruz</lastName>
        <fullName>Sen. Cruz, Ted [R-TX]</fullName>
        <firstName>Ted</firstName>
        <sponsorshipDate>2017-06-21</sponsorshipDate>
        <middleName />
        <isOriginalCosponsor>False</isOriginalCosponsor>
        <identifiers>
          <bioguideId>C001098</bioguideId>
          <lisID>2175</lisID>
          <gpoId />
        </identifiers>
      </item>
      <item>
        <party>R</party>
        <state>AR</state>
        <bioguideId>C001095</bioguideId>
        <sponsorshipWithdrawnDate />
        <lastName>Cotton</lastName>
        <fullName>Sen. Cotton, Tom [R-AR]</fullName>
        <firstName>Tom</firstName>
        <sponsorshipDate>2017-06-22</sponsorshipDate>
        <middleName />
        <isOriginalCosponsor>False</isOriginalCosponsor>
        <identifiers>
          <lisID>2098</lisID>
          <gpoId />
          <bioguideId>C001095</bioguideId>
        </identifiers>
      </item>
      <item>
        <party>R</party>
        <state>OH</state>
        <bioguideId>P000449</bioguideId>
        <sponsorshipWithdrawnDate />
        <lastName>PORTMAN</lastName>
        <fullName>Sen. Portman, Rob [R-OH]</fullName>
        <firstName>ROB</firstName>
        <sponsorshipDate>2017-06-22</sponsorshipDate>
        <middleName />
        <isOriginalCosponsor>False</isOriginalCosponsor>
        <identifiers>
          <bioguideId>P000449</bioguideId>
          <gpoId>8266</gpoId>
          <lisID>924</lisID>
        </identifiers>
      </item>
      <item>
        <party>D</party>
        <state>VT</state>
        <bioguideId>L000174</bioguideId>
        <sponsorshipWithdrawnDate />
        <lastName>LEAHY</lastName>
        <fullName>Sen. Leahy, Patrick J. [D-VT]</fullName>
        <firstName>PATRICK</firstName>
        <sponsorshipDate>2017-06-26</sponsorshipDate>
        <middleName>JOSEPH</middleName>
        <isOriginalCosponsor>False</isOriginalCosponsor>
        <identifiers>
          <bioguideId>L000174</bioguideId>
          <lisID>1383</lisID>
          <gpoId>8244</gpoId>
        </identifiers>
      </item>
      <item>
        <party>D</party>
        <state>NH</state>
        <bioguideId>S001181</bioguideId>
        <sponsorshipWithdrawnDate />
        <lastName>Shaheen</lastName>
        <fullName>Sen. Shaheen, Jeanne [D-NH]</fullName>
        <firstName>Jeanne</firstName>
        <sponsorshipDate>2017-06-29</sponsorshipDate>
        <middleName />
        <isOriginalCosponsor>False</isOriginalCosponsor>
        <identifiers>
          <lisID>1901</lisID>
          <gpoId>8276</gpoId>
          <bioguideId>S001181</bioguideId>
        </identifiers>
      </item>
      <item>
        <party>D</party>
        <state>CT</state>
        <bioguideId>M001169</bioguideId>
        <sponsorshipWithdrawnDate />
        <lastName>Murphy</lastName>
        <fullName>Sen. Murphy, Christopher [D-CT]</fullName>
        <firstName>Christopher</firstName>
        <sponsorshipDate>2017-06-29</sponsorshipDate>
        <middleName />
        <isOriginalCosponsor>False</isOriginalCosponsor>
        <identifiers>
          <lisID>1837</lisID>
          <bioguideId>M001169</bioguideId>
          <gpoId>7870</gpoId>
        </identifiers>
      </item>
      <item>
        <party>D</party>
        <state>HI</state>
        <bioguideId>S001194</bioguideId>
        <sponsorshipWithdrawnDate />
        <lastName>Schatz</lastName>
        <fullName>Sen. Schatz, Brian [D-HI]</fullName>
        <firstName>Brian</firstName>
        <sponsorshipDate>2017-07-10</sponsorshipDate>
        <middleName />
        <isOriginalCosponsor>False</isOriginalCosponsor>
        <identifiers>
          <lisID>2173</lisID>
          <bioguideId>S001194</bioguideId>
          <gpoId />
        </identifiers>
      </item>
      <item>
        <party>R</party>
        <state>MT</state>
        <bioguideId>D000618</bioguideId>
        <sponsorshipWithdrawnDate />
        <lastName>Daines</lastName>
        <fullName>Sen. Daines, Steve [R-MT]</fullName>
        <firstName>Steve</firstName>
        <sponsorshipDate>2017-07-10</sponsorshipDate>
        <middleName />
        <isOriginalCosponsor>False</isOriginalCosponsor>
        <identifiers>
          <gpoId />
          <lisID>2138</lisID>
          <bioguideId>D000618</bioguideId>
        </identifiers>
      </item>
      <item>
        <party>R</party>
        <state>IA</state>
        <bioguideId>G000386</bioguideId>
        <sponsorshipWithdrawnDate />
        <lastName>GRASSLEY</lastName>
        <fullName>Sen. Grassley, Chuck [R-IA]</fullName>
        <firstName>CHARLES</firstName>
        <sponsorshipDate>2017-07-18</sponsorshipDate>
        <middleName>ERNEST</middleName>
        <isOriginalCosponsor>False</isOriginalCosponsor>
        <identifiers>
          <bioguideId>G000386</bioguideId>
          <gpoId>8316</gpoId>
          <lisID>457</lisID>
        </identifiers>
      </item>
      <item>
        <party>D</party>
        <state>HI</state>
        <bioguideId>H001042</bioguideId>
        <sponsorshipWithdrawnDate />
        <lastName>Hirono</lastName>
        <fullName>Sen. Hirono, Mazie K. [D-HI]</fullName>
        <firstName>Mazie</firstName>
        <sponsorshipDate>2017-07-26</sponsorshipDate>
        <middleName>K.</middleName>
        <isOriginalCosponsor>False</isOriginalCosponsor>
        <identifiers>
          <bioguideId>H001042</bioguideId>
          <lisID>1844</lisID>
          <gpoId>7913</gpoId>
        </identifiers>
      </item>
      <item>
        <party>R</party>
        <state>SC</state>
        <bioguideId>S001184</bioguideId>
        <sponsorshipWithdrawnDate />
        <lastName>Scott</lastName>
        <fullName>Sen. Scott, Tim [R-SC]</fullName>
        <firstName>Tim</firstName>
        <sponsorshipDate>2017-07-27</sponsorshipDate>
        <middleName />
        <isOriginalCosponsor>False</isOriginalCosponsor>
        <identifiers>
          <lisID>2056</lisID>
          <gpoId>8141</gpoId>
          <bioguideId>S001184</bioguideId>
        </identifiers>
      </item>
      <item>
        <party>R</party>
        <state>UT</state>
        <bioguideId>L000577</bioguideId>
        <sponsorshipWithdrawnDate />
        <lastName>Lee</lastName>
        <fullName>Sen. Lee, Mike [R-UT]</fullName>
        <firstName>Mike</firstName>
        <sponsorshipDate>2017-08-03</sponsorshipDate>
        <middleName />
        <isOriginalCosponsor>False</isOriginalCosponsor>
        <identifiers>
          <lisID>2080</lisID>
          <gpoId>8303</gpoId>
          <bioguideId>L000577</bioguideId>
        </identifiers>
      </item>
      <item>
        <party>D</party>
        <state>MD</state>
        <bioguideId>C000141</bioguideId>
        <sponsorshipWithdrawnDate />
        <lastName>CARDIN</lastName>
        <fullName>Sen. Cardin, Benjamin L. [D-MD]</fullName>
        <firstName>BENJAMIN</firstName>
        <sponsorshipDate>2017-09-12</sponsorshipDate>
        <middleName>L.</middleName>
        <isOriginalCosponsor>False</isOriginalCosponsor>
        <identifiers>
          <gpoId>8287</gpoId>
          <lisID>174</lisID>
          <bioguideId>C000141</bioguideId>
        </identifiers>
      </item>
      <item>
        <party>R</party>
        <state>AZ</state>
        <bioguideId>M000303</bioguideId>
        <sponsorshipWithdrawnDate />
        <lastName>MCCAIN</lastName>
        <fullName>Sen. McCain, John [R-AZ]</fullName>
        <firstName>JOHN</firstName>
        <sponsorshipDate>2017-09-18</sponsorshipDate>
        <middleName>SIDNEY</middleName>
        <isOriginalCosponsor>False</isOriginalCosponsor>
        <identifiers>
          <lisID>754</lisID>
          <bioguideId>M000303</bioguideId>
          <gpoId>8253</gpoId>
        </identifiers>
      </item>
      <item>
        <party>R</party>
        <state>PA</state>
        <bioguideId>T000461</bioguideId>
        <sponsorshipWithdrawnDate />
        <lastName>Toomey</lastName>
        <fullName>Sen. Toomey, Pat [R-PA]</fullName>
        <firstName>Pat</firstName>
        <sponsorshipDate>2017-10-17</sponsorshipDate>
        <middleName />
        <isOriginalCosponsor>False</isOriginalCosponsor>
        <identifiers>
          <lisID>1594</lisID>
          <bioguideId>T000461</bioguideId>
          <gpoId />
        </identifiers>
      </item>
      <item>
        <party>R</party>
        <state>SC</state>
        <bioguideId>G000359</bioguideId>
        <sponsorshipWithdrawnDate />
        <lastName>GRAHAM</lastName>
        <fullName>Sen. Graham, Lindsey [R-SC]</fullName>
        <firstName>LINDSEY</firstName>
        <sponsorshipDate>2017-11-06</sponsorshipDate>
        <middleName>O.</middleName>
        <isOriginalCosponsor>False</isOriginalCosponsor>
        <identifiers>
          <lisID>452</lisID>
          <gpoId>8335</gpoId>
          <bioguideId>G000359</bioguideId>
        </identifiers>
      </item>
      <item>
        <party>D</party>
        <state>NV</state>
        <bioguideId>C001113</bioguideId>
        <sponsorshipWithdrawnDate />
        <lastName>Cortez Masto</lastName>
        <fullName>Sen. Cortez Masto, Catherine  [D-NV]</fullName>
        <firstName>Catherine</firstName>
        <sponsorshipDate>2017-12-07</sponsorshipDate>
        <middleName />
        <isOriginalCosponsor>False</isOriginalCosponsor>
        <identifiers>
          <lisID>2299</lisID>
          <gpoId />
          <bioguideId>C001113</bioguideId>
        </identifiers>
      </item>
      <item>
        <party>R</party>
        <state>MS</state>
        <bioguideId>C000567</bioguideId>
        <sponsorshipWithdrawnDate />
        <lastName>Cochran</lastName>
        <fullName>Sen. Cochran, Thad [R-MS]</fullName>
        <firstName>Thad</firstName>
        <sponsorshipDate>2017-12-18</sponsorshipDate>
        <middleName />
        <isOriginalCosponsor>False</isOriginalCosponsor>
        <identifiers>
          <lisID>213</lisID>
          <bioguideId>C000567</bioguideId>
          <gpoId>8292</gpoId>
        </identifiers>
      </item>
      <item>
        <party>R</party>
        <state>MS</state>
        <bioguideId>W000437</bioguideId>
        <sponsorshipWithdrawnDate />
        <lastName>WICKER</lastName>
        <fullName>Sen. Wicker, Roger F. [R-MS]</fullName>
        <firstName>ROGER</firstName>
        <sponsorshipDate>2017-12-18</sponsorshipDate>
        <middleName>F.</middleName>
        <isOriginalCosponsor>False</isOriginalCosponsor>
        <identifiers>
          <lisID>1226</lisID>
          <bioguideId>W000437</bioguideId>
          <gpoId>8263</gpoId>
        </identifiers>
      </item>
      <item>
        <party>R</party>
        <state>MS</state>
        <bioguideId>H001079</bioguideId>
        <sponsorshipWithdrawnDate />
        <lastName>Hyde-Smith</lastName>
        <fullName>Sen. Hyde-Smith, Cindy [R-MS]</fullName>
        <firstName>Cindy</firstName>
        <sponsorshipDate>2018-05-17</sponsorshipDate>
        <middleName />
        <isOriginalCosponsor>False</isOriginalCosponsor>
        <identifiers>
          <bioguideId>H001079</bioguideId>
          <gpoId />
          <lisID>2366</lisID>
        </identifiers>
      </item>
      <item>
        <party>D</party>
        <state>MD</state>
        <bioguideId>V000128</bioguideId>
        <sponsorshipWithdrawnDate />
        <lastName>Van Hollen</lastName>
        <fullName>Sen. Van Hollen, Chris [D-MD]</fullName>
        <firstName>Chris</firstName>
        <sponsorshipDate>2018-06-18</sponsorshipDate>
        <middleName />
        <isOriginalCosponsor>False</isOriginalCosponsor>
        <identifiers>
          <lisID>1729</lisID>
          <bioguideId>V000128</bioguideId>
          <gpoId>7983</gpoId>
        </identifiers>
      </item>
    </cosponsors>
    <titles>
      <item>
        <chamberCode />
        <titleType>Short Titles as Introduced</titleType>
        <chamberName />
        <title>Mobile Workforce State Income Tax Simplification Act of 2017</title>
        <parentTitleType />
      </item>
      <item>
        <chamberCode />
        <titleType>Official Title as Introduced</titleType>
        <chamberName />
        <title>A bill to limit the authority of States to tax certain income of employees for employment duties performed in other States.</title>
        <parentTitleType />
      </item>
      <item>
        <chamberCode />
        <titleType>Display Title</titleType>
        <chamberName />
        <title>Mobile Workforce State Income Tax Simplification Act of 2017</title>
        <parentTitleType />
      </item>
      <item>
        <chamberCode />
        <titleType>(Extracted from GPO) Short Titles as Introduced</titleType>
        <chamberName />
        <title>Mobile Workforce State Income Tax Simplification Act of 2017</title>
        <parentTitleType />
      </item>
    </titles>
    <recordedVotes />
    <summaries>
      <billSummaries>
        <item>
          <updateDate>2017-03-07T05:00:00Z</updateDate>
          <actionDate>2017-03-07</actionDate>
          <lastSummaryUpdateDate>2017-03-17T12:48:10Z</lastSummaryUpdateDate>
          <text><![CDATA[<p><strong>Mobile Workforce State Income Tax Simplification Act of 201</strong><b>7</b></p> <p>This bill prohibits the wages or other remuneration earned by an employee who performs employment duties in more than one state from being subject to income tax in any state other than: (1) the state of the employee's residence, and (2) the state within which the employee is present and performing employment duties for more than 30 days during the calendar year. </p> <p>The bill exempts employers from state income tax withholding and information reporting requirements for employees not subject to income tax in the state under this bill. For the purposes of determining penalties related to an employer's state income tax withholding or reporting requirements, an employer may rely on an employee's annual determination of the time expected to be spent working in a state in the absence of fraud or collusion by such employee.</p> <p>For the purposes of this bill, the term &quot;employee&quot; excludes: professional athletes; professional entertainers; production employees who perform services in connection with certain film, television, or other commercial video productions; and public figures who are persons of prominence who perform services for wages or other remuneration on a per-event basis. </p>]]></text>
          <actionDesc>Introduced in Senate</actionDesc>
          <versionCode>00</versionCode>
          <name>Introduced in Senate</name>
        </item>
      </billSummaries>
    </summaries>
    <amendments />
  </bill>
  <dublinCore xmlns:dc="http://purl.org/dc/elements/1.1/">
    <dc:format>text/xml</dc:format>
    <dc:language>EN</dc:language>
    <dc:rights>Pursuant to Title 17 Section 105 of the United States Code, this file is not subject to copyright protection and is in the public domain.</dc:rights>
    <dc:contributor>Congressional Research Service, Library of Congress</dc:contributor>
    <dc:description>This file contains bill summaries and statuses for federal legislation. A bill summary describes the most significant provisions of a piece of legislation and details the effects the legislative text may have on current law and federal programs. Bill summaries are authored by the Congressional Research Service (CRS) of the Library of Congress. As stated in Public Law 91-510 (2 USC 166 (d)(6)), one of the duties of CRS is "to prepare summaries and digests of bills and resolutions of a public general nature introduced in the Senate or House of Representatives". For more information, refer to the User Guide that accompanies this file.</dc:description>
  </dublinCore>
</billStatus>

