<?xml version="1.0" encoding="UTF-8"?>
<billStatus>
  <bill>
    <committeeReports />
    <updateDate>2018-08-28T20:23:27Z</updateDate>
    <laws />
    <billType>S</billType>
    <subjects>
      <billSubjects>
        <legislativeSubjects>
          <item>
            <name>Advisory bodies</name>
          </item>
          <item>
            <name>Executive agency funding and structure</name>
          </item>
          <item>
            <name>Federal Communications Commission (FCC)</name>
          </item>
          <item>
            <name>Internet and video services</name>
          </item>
          <item>
            <name>Rural conditions and development</name>
          </item>
          <item>
            <name>Telephone and wireless communication</name>
          </item>
        </legislativeSubjects>
        <policyArea>
          <name>Science, Technology, Communications</name>
        </policyArea>
      </billSubjects>
    </subjects>
    <policyArea>
      <name>Science, Technology, Communications</name>
    </policyArea>
    <recordedVotes />
    <originChamber>Senate</originChamber>
    <latestAction>
      <text>Read twice and referred to the Committee on Commerce, Science, and Transportation.</text>
      <links />
      <actionDate>2017-02-02</actionDate>
    </latestAction>
    <billNumber>277</billNumber>
    <introducedDate>2017-02-02</introducedDate>
    <cosponsors />
    <committees>
      <billCommittees>
        <item>
          <subcommittees />
          <type>Standing</type>
          <systemCode>sscm00</systemCode>
          <name>Commerce, Science, and Transportation Committee</name>
          <activities>
            <item>
              <date>2017-02-02T17:23:56Z</date>
              <name>Referred to</name>
            </item>
          </activities>
          <chamber>Senate</chamber>
        </item>
      </billCommittees>
    </committees>
    <notes />
    <relatedBills />
    <title>Rural Telecommunications and Broadband Service Act of 2017</title>
    <sponsors>
      <item>
        <fullName>Sen. Manchin, Joe, III [D-WV]</fullName>
        <firstName>Joe</firstName>
        <lastName>Manchin</lastName>
        <state>WV</state>
        <bioguideId>M001183</bioguideId>
        <party>D</party>
        <identifiers>
          <lisID>1983</lisID>
          <bioguideId>M001183</bioguideId>
          <gpoId>8256</gpoId>
        </identifiers>
        <byRequestType />
        <middleName />
      </item>
    </sponsors>
    <congress>115</congress>
    <version>1.0.0</version>
    <amendments />
    <titles>
      <item>
        <chamberName />
        <chamberCode />
        <titleType>Short Titles as Introduced</titleType>
        <title>Rural Telecommunications and Broadband Service Act of 2017</title>
        <parentTitleType />
      </item>
      <item>
        <chamberName />
        <chamberCode />
        <titleType>Official Title as Introduced</titleType>
        <title>A bill to establish a Rural Telecommunications and Broadband Advisory Committee within the Federal Communications Commission.</title>
        <parentTitleType />
      </item>
      <item>
        <chamberName />
        <chamberCode />
        <titleType>Display Title</titleType>
        <title>Rural Telecommunications and Broadband Service Act of 2017</title>
        <parentTitleType />
      </item>
      <item>
        <chamberName />
        <chamberCode />
        <titleType>(Extracted from GPO) Short Titles as Introduced</titleType>
        <title>Rural Telecommunications and Broadband Service Act of 2017</title>
        <parentTitleType />
      </item>
    </titles>
    <createDate>2017-02-03T05:17:31Z</createDate>
    <cboCostEstimates />
    <calendarNumbers />
    <actions>
      <actionByCounts>
        <senate>2</senate>
      </actionByCounts>
      <item>
        <actionDate>2017-02-02</actionDate>
        <committee>
          <systemCode>sscm00</systemCode>
          <name>Commerce, Science, and Transportation Committee</name>
        </committee>
        <links />
        <sourceSystem>
          <code>0</code>
          <name>Senate</name>
        </sourceSystem>
        <text>Read twice and referred to the Committee on Commerce, Science, and Transportation.</text>
        <type>IntroReferral</type>
      </item>
      <item>
        <committee />
        <links />
        <type>IntroReferral</type>
        <text>Introduced in Senate</text>
        <actionDate>2017-02-02</actionDate>
        <actionCode>10000</actionCode>
        <sourceSystem>
          <code>9</code>
          <name>Library of Congress</name>
        </sourceSystem>
      </item>
      <actionTypeCounts>
        <referredToCommittee>1</referredToCommittee>
        <introducedInSenate>1</introducedInSenate>
      </actionTypeCounts>
    </actions>
    <summaries>
      <billSummaries>
        <item>
          <name>Introduced in Senate</name>
          <actionDesc>Introduced in Senate</actionDesc>
          <actionDate>2017-02-02</actionDate>
          <lastSummaryUpdateDate>2017-03-28T20:43:42Z</lastSummaryUpdateDate>
          <versionCode>00</versionCode>
          <updateDate>2017-02-02T05:00:00Z</updateDate>
          <text><![CDATA[<p><b>Rural Telecommunications and Broadband Service Act of 2017</b></p> <p>This bill amends the Communications Act of 1934 to establish within the Federal Communications Commission (FCC) a Rural Telecommunications and Broadband Advisory Committee to:</p> <ul> <li> provide advice to the FCC, and reports to Congress, on the deployment of advanced and next-generation telecommunications services in rural areas, the advancement of universal service principles for nationwide access to affordable and quality telecommunications and information services, and other policies relating to telecommunications in rural areas;</li> <li> define what constitutes a rural area that has access to telecommunications and information technologies and services in accordance with universal service principles; and </li> <li>advise on the impact of FCC agenda items on the provision of such services in rural areas.</li> </ul>]]></text>
        </item>
      </billSummaries>
    </summaries>
  </bill>
  <dublinCore xmlns:dc="http://purl.org/dc/elements/1.1/">
    <dc:format>text/xml</dc:format>
    <dc:language>EN</dc:language>
    <dc:rights>Pursuant to Title 17 Section 105 of the United States Code, this file is not subject to copyright protection and is in the public domain.</dc:rights>
    <dc:contributor>Congressional Research Service, Library of Congress</dc:contributor>
    <dc:description>This file contains bill summaries and statuses for federal legislation. A bill summary describes the most significant provisions of a piece of legislation and details the effects the legislative text may have on current law and federal programs. Bill summaries are authored by the Congressional Research Service (CRS) of the Library of Congress. As stated in Public Law 91-510 (2 USC 166 (d)(6)), one of the duties of CRS is "to prepare summaries and digests of bills and resolutions of a public general nature introduced in the Senate or House of Representatives". For more information, refer to the User Guide that accompanies this file.</dc:description>
  </dublinCore>
</billStatus>

