<?xml version="1.0" encoding="UTF-8"?>
<billStatus>
  <bill>
    <notes />
    <congress>115</congress>
    <committees>
      <billCommittees>
        <item>
          <systemCode>ssfi00</systemCode>
          <type>Standing</type>
          <activities>
            <item>
              <date>2017-02-06T18:27:09Z</date>
              <name>Referred to</name>
            </item>
          </activities>
          <name>Finance Committee</name>
          <subcommittees />
          <chamber>Senate</chamber>
        </item>
      </billCommittees>
    </committees>
    <committeeReports />
    <cboCostEstimates />
    <title>Provider Payment Sunshine Act</title>
    <laws />
    <updateDate>2018-08-28T20:23:33Z</updateDate>
    <relatedBills>
      <item>
        <latestTitle>Fighting the Opioid Epidemic with Sunshine Act of 2018</latestTitle>
        <number>2891</number>
        <latestAction>
          <text>Read twice and referred to the Committee on Finance.</text>
          <actionDate>2018-05-22</actionDate>
        </latestAction>
        <type>S</type>
        <congress>115</congress>
        <relationshipDetails>
          <item>
            <identifiedBy>CRS</identifiedBy>
            <type>Related bill</type>
          </item>
        </relationshipDetails>
      </item>
    </relatedBills>
    <version>1.0.0</version>
    <actions>
      <actionTypeCounts>
        <referredToCommittee>1</referredToCommittee>
        <introducedInSenate>1</introducedInSenate>
      </actionTypeCounts>
      <item>
        <actionDate>2017-02-06</actionDate>
        <committee>
          <name>Finance Committee</name>
          <systemCode>ssfi00</systemCode>
        </committee>
        <links />
        <sourceSystem>
          <code>0</code>
          <name>Senate</name>
        </sourceSystem>
        <text>Read twice and referred to the Committee on Finance.</text>
        <type>IntroReferral</type>
      </item>
      <item>
        <links />
        <type>IntroReferral</type>
        <actionDate>2017-02-06</actionDate>
        <text>Introduced in Senate</text>
        <committee />
        <sourceSystem>
          <code>9</code>
          <name>Library of Congress</name>
        </sourceSystem>
        <actionCode>10000</actionCode>
      </item>
      <actionByCounts>
        <senate>2</senate>
      </actionByCounts>
    </actions>
    <sponsors>
      <item>
        <fullName>Sen. Grassley, Chuck [R-IA]</fullName>
        <identifiers>
          <lisID>457</lisID>
          <bioguideId>G000386</bioguideId>
          <gpoId>8316</gpoId>
        </identifiers>
        <bioguideId>G000386</bioguideId>
        <lastName>GRASSLEY</lastName>
        <firstName>CHARLES</firstName>
        <party>R</party>
        <byRequestType />
        <middleName>ERNEST</middleName>
        <state>IA</state>
      </item>
    </sponsors>
    <billType>S</billType>
    <policyArea>
      <name>Health</name>
    </policyArea>
    <recordedVotes />
    <billNumber>308</billNumber>
    <titles>
      <item>
        <chamberName />
        <chamberCode />
        <titleType>Short Titles as Introduced</titleType>
        <title>Provider Payment Sunshine Act</title>
        <parentTitleType />
      </item>
      <item>
        <chamberName />
        <chamberCode />
        <titleType>Official Title as Introduced</titleType>
        <title>A bill to amend title XI of the Social Security Act to require applicable manufacturers to include information regarding payments made to physician assistants, nurse practitioners, and other advance practice nurses in transparency reports submitted under section 1128G of such Act.</title>
        <parentTitleType />
      </item>
      <item>
        <chamberName />
        <chamberCode />
        <titleType>Display Title</titleType>
        <title>Provider Payment Sunshine Act</title>
        <parentTitleType />
      </item>
      <item>
        <chamberName />
        <chamberCode />
        <titleType>(Extracted from GPO) Short Titles as Introduced</titleType>
        <title>Provider Payment Sunshine Act</title>
        <parentTitleType />
      </item>
    </titles>
    <originChamber>Senate</originChamber>
    <subjects>
      <billSubjects>
        <policyArea>
          <name>Health</name>
        </policyArea>
        <legislativeSubjects>
          <item>
            <name>Business records</name>
          </item>
          <item>
            <name>Government information and archives</name>
          </item>
          <item>
            <name>Health personnel</name>
          </item>
          <item>
            <name>Health technology, devices, supplies</name>
          </item>
          <item>
            <name>Medicaid</name>
          </item>
          <item>
            <name>Medical ethics</name>
          </item>
          <item>
            <name>Medicare</name>
          </item>
          <item>
            <name>Nursing</name>
          </item>
        </legislativeSubjects>
      </billSubjects>
    </subjects>
    <cosponsors>
      <item>
        <lastName>Blumenthal</lastName>
        <middleName />
        <sponsorshipWithdrawnDate />
        <bioguideId>B001277</bioguideId>
        <fullName>Sen. Blumenthal, Richard [D-CT]</fullName>
        <identifiers>
          <lisID>2076</lisID>
          <gpoId>8332</gpoId>
          <bioguideId>B001277</bioguideId>
        </identifiers>
        <sponsorshipDate>2017-02-06</sponsorshipDate>
        <state>CT</state>
        <firstName>Richard</firstName>
        <isOriginalCosponsor>True</isOriginalCosponsor>
        <party>D</party>
      </item>
      <item>
        <lastName>BROWN</lastName>
        <middleName />
        <sponsorshipWithdrawnDate />
        <bioguideId>B000944</bioguideId>
        <fullName>Sen. Brown, Sherrod [D-OH]</fullName>
        <identifiers>
          <bioguideId>B000944</bioguideId>
          <lisID>136</lisID>
          <gpoId>8309</gpoId>
        </identifiers>
        <sponsorshipDate>2018-05-15</sponsorshipDate>
        <state>OH</state>
        <firstName>SHERROD</firstName>
        <isOriginalCosponsor>False</isOriginalCosponsor>
        <party>D</party>
      </item>
      <item>
        <lastName>DURBIN</lastName>
        <middleName>J.</middleName>
        <sponsorshipWithdrawnDate />
        <bioguideId>D000563</bioguideId>
        <fullName>Sen. Durbin, Richard J. [D-IL]</fullName>
        <identifiers>
          <gpoId>8326</gpoId>
          <lisID>326</lisID>
          <bioguideId>D000563</bioguideId>
        </identifiers>
        <sponsorshipDate>2018-06-14</sponsorshipDate>
        <state>IL</state>
        <firstName>RICHARD</firstName>
        <isOriginalCosponsor>False</isOriginalCosponsor>
        <party>D</party>
      </item>
    </cosponsors>
    <introducedDate>2017-02-06</introducedDate>
    <calendarNumbers />
    <latestAction>
      <actionDate>2017-02-06</actionDate>
      <links />
      <text>Read twice and referred to the Committee on Finance.</text>
    </latestAction>
    <amendments />
    <summaries>
      <billSummaries>
        <item>
          <updateDate>2017-02-06T05:00:00Z</updateDate>
          <versionCode>00</versionCode>
          <name>Introduced in Senate</name>
          <text><![CDATA[<p><b>Provider Payment Sunshine Act</b></p> <p>This bill amends title XI (General Provisions) of the Social Security Act to expand reporting requirements related to the transparency of physician ownership or investment interests.</p> <p>Under current law, a manufacturer of drugs, devices, or medical supplies that are covered under Medicaid or Medicare must regularly report on any payment or transfer of value by the manufacturer to a &ldquo;covered recipient,&rdquo; defined as either a physician who is not an employee of the manufacturer or a teaching hospital. The bill expands the definition of &ldquo;covered recipient&rdquo; to also include any of the following practitioners who is not an employee of the manufacturer: (1) a physician assistant, (2) a nurse practitioner, (3) a clinical nurse specialist, (4) certified registered nurse anesthetist, or (5) a certified nurse-midwife.</p>]]></text>
          <actionDate>2017-02-06</actionDate>
          <actionDesc>Introduced in Senate</actionDesc>
          <lastSummaryUpdateDate>2017-03-06T17:21:42Z</lastSummaryUpdateDate>
        </item>
      </billSummaries>
    </summaries>
    <createDate>2017-02-07T09:43:12Z</createDate>
  </bill>
  <dublinCore xmlns:dc="http://purl.org/dc/elements/1.1/">
    <dc:format>text/xml</dc:format>
    <dc:language>EN</dc:language>
    <dc:rights>Pursuant to Title 17 Section 105 of the United States Code, this file is not subject to copyright protection and is in the public domain.</dc:rights>
    <dc:contributor>Congressional Research Service, Library of Congress</dc:contributor>
    <dc:description>This file contains bill summaries and statuses for federal legislation. A bill summary describes the most significant provisions of a piece of legislation and details the effects the legislative text may have on current law and federal programs. Bill summaries are authored by the Congressional Research Service (CRS) of the Library of Congress. As stated in Public Law 91-510 (2 USC 166 (d)(6)), one of the duties of CRS is "to prepare summaries and digests of bills and resolutions of a public general nature introduced in the Senate or House of Representatives". For more information, refer to the User Guide that accompanies this file.</dc:description>
  </dublinCore>
</billStatus>

