<?xml version="1.0" encoding="UTF-8"?>
<billStatus>
  <bill>
    <amendments />
    <billNumber>303</billNumber>
    <laws />
    <cboCostEstimates />
    <originChamber>Senate</originChamber>
    <billType>S</billType>
    <summaries>
      <billSummaries>
        <item>
          <name>Introduced in Senate</name>
          <actionDesc>Introduced in Senate</actionDesc>
          <actionDate>2017-02-03</actionDate>
          <lastSummaryUpdateDate>2017-07-20T22:16:07Z</lastSummaryUpdateDate>
          <versionCode>00</versionCode>
          <updateDate>2017-02-03T05:00:00Z</updateDate>
          <text><![CDATA[<p>This bill amends the Immigration and Nationality Act to provide that the authority to inquire about or verify immigration or citizenship status and to investigate, apprehend, arrest, or detain an individual for a violation of such Act is restricted to immigration officers and authorized employees of the Department of Homeland Security (DHS) and subject to limits set forth in other provisions of law. </p> <p>DHS authority to enter into written agreements with a state or state subdivision to perform immigration-related investigations, apprehensions, or detentions of aliens in the United States is eliminated. The bill exempts from the restriction under this bill DOJ authority to enter into other state and local agreements: (1) in the event of an actual or imminent mass influx of aliens representing urgent circumstances; and (2) with respect to immigration-related detentions in non-federal facilities, including personnel and facilities construction. The bill also exempts from such restriction state and local enforcement authority to arrest and detain certain previously-deported illegal aliens who have been convicted of a felony.</p>]]></text>
        </item>
      </billSummaries>
    </summaries>
    <relatedBills>
      <item>
        <congress>115</congress>
        <number>1236</number>
        <type>HR</type>
        <latestTitle>PROTECT Immigration Act of 2017</latestTitle>
        <relationshipDetails>
          <item>
            <type>Related bill</type>
            <identifiedBy>CRS</identifiedBy>
          </item>
        </relationshipDetails>
        <latestAction>
          <text>Referred to the Subcommittee on Immigration and Border Security.</text>
          <actionDate>2017-03-16</actionDate>
        </latestAction>
      </item>
    </relatedBills>
    <createDate>2017-02-04T05:07:09Z</createDate>
    <sponsors>
      <item>
        <lastName>Booker</lastName>
        <party>D</party>
        <middleName>A.</middleName>
        <fullName>Sen. Booker, Cory A. [D-NJ]</fullName>
        <identifiers>
          <lisID>2194</lisID>
          <bioguideId>B001288</bioguideId>
          <gpoId />
        </identifiers>
        <state>NJ</state>
        <firstName>Cory</firstName>
        <byRequestType />
        <bioguideId>B001288</bioguideId>
      </item>
    </sponsors>
    <notes />
    <updateDate>2018-08-28T20:23:33Z</updateDate>
    <committeeReports />
    <actions>
      <item>
        <actionDate>2017-02-03</actionDate>
        <committee>
          <systemCode>ssju00</systemCode>
          <name>Judiciary Committee</name>
        </committee>
        <links />
        <sourceSystem>
          <code>0</code>
          <name>Senate</name>
        </sourceSystem>
        <text>Read twice and referred to the Committee on the Judiciary.</text>
        <type>IntroReferral</type>
      </item>
      <item>
        <actionDate>2017-02-03</actionDate>
        <links />
        <sourceSystem>
          <code>9</code>
          <name>Library of Congress</name>
        </sourceSystem>
        <committee />
        <text>Introduced in Senate</text>
        <type>IntroReferral</type>
        <actionCode>10000</actionCode>
      </item>
      <actionByCounts>
        <senate>2</senate>
      </actionByCounts>
      <actionTypeCounts>
        <introducedInSenate>1</introducedInSenate>
        <referredToCommittee>1</referredToCommittee>
      </actionTypeCounts>
    </actions>
    <cosponsors>
      <item>
        <bioguideId>S001194</bioguideId>
        <middleName />
        <isOriginalCosponsor>True</isOriginalCosponsor>
        <fullName>Sen. Schatz, Brian [D-HI]</fullName>
        <lastName>Schatz</lastName>
        <state>HI</state>
        <party>D</party>
        <sponsorshipWithdrawnDate />
        <identifiers>
          <bioguideId>S001194</bioguideId>
          <lisID>2173</lisID>
          <gpoId />
        </identifiers>
        <sponsorshipDate>2017-02-03</sponsorshipDate>
        <firstName>Brian</firstName>
      </item>
      <item>
        <bioguideId>H001042</bioguideId>
        <middleName>K.</middleName>
        <isOriginalCosponsor>True</isOriginalCosponsor>
        <fullName>Sen. Hirono, Mazie K. [D-HI]</fullName>
        <lastName>Hirono</lastName>
        <state>HI</state>
        <party>D</party>
        <sponsorshipWithdrawnDate />
        <identifiers>
          <gpoId>7913</gpoId>
          <lisID>1844</lisID>
          <bioguideId>H001042</bioguideId>
        </identifiers>
        <sponsorshipDate>2017-02-03</sponsorshipDate>
        <firstName>Mazie</firstName>
      </item>
      <item>
        <bioguideId>D000563</bioguideId>
        <middleName>J.</middleName>
        <isOriginalCosponsor>True</isOriginalCosponsor>
        <fullName>Sen. Durbin, Richard J. [D-IL]</fullName>
        <lastName>DURBIN</lastName>
        <state>IL</state>
        <party>D</party>
        <sponsorshipWithdrawnDate />
        <identifiers>
          <gpoId>8326</gpoId>
          <lisID>326</lisID>
          <bioguideId>D000563</bioguideId>
        </identifiers>
        <sponsorshipDate>2017-02-03</sponsorshipDate>
        <firstName>RICHARD</firstName>
      </item>
      <item>
        <bioguideId>H001075</bioguideId>
        <middleName>D.</middleName>
        <isOriginalCosponsor>True</isOriginalCosponsor>
        <fullName>Sen. Harris, Kamala D. [D-CA]</fullName>
        <lastName>Harris</lastName>
        <state>CA</state>
        <party>D</party>
        <sponsorshipWithdrawnDate />
        <identifiers>
          <bioguideId>H001075</bioguideId>
          <lisID>2301</lisID>
          <gpoId />
        </identifiers>
        <sponsorshipDate>2017-02-03</sponsorshipDate>
        <firstName>Kamala</firstName>
      </item>
      <item>
        <bioguideId>M001176</bioguideId>
        <middleName />
        <isOriginalCosponsor>True</isOriginalCosponsor>
        <fullName>Sen. Merkley, Jeff [D-OR]</fullName>
        <lastName>Merkley</lastName>
        <state>OR</state>
        <party>D</party>
        <sponsorshipWithdrawnDate />
        <identifiers>
          <gpoId>8238</gpoId>
          <lisID>1900</lisID>
          <bioguideId>M001176</bioguideId>
        </identifiers>
        <sponsorshipDate>2017-02-03</sponsorshipDate>
        <firstName>Jeff</firstName>
      </item>
      <item>
        <bioguideId>C000174</bioguideId>
        <middleName>R.</middleName>
        <isOriginalCosponsor>True</isOriginalCosponsor>
        <fullName>Sen. Carper, Thomas R. [D-DE]</fullName>
        <lastName>CARPER</lastName>
        <state>DE</state>
        <party>D</party>
        <sponsorshipWithdrawnDate />
        <identifiers>
          <bioguideId>C000174</bioguideId>
          <lisID>179</lisID>
          <gpoId>8283</gpoId>
        </identifiers>
        <sponsorshipDate>2017-02-03</sponsorshipDate>
        <firstName>THOMAS</firstName>
      </item>
      <item>
        <bioguideId>S000033</bioguideId>
        <middleName />
        <isOriginalCosponsor>False</isOriginalCosponsor>
        <fullName>Sen. Sanders, Bernard [I-VT]</fullName>
        <lastName>SANDERS</lastName>
        <state>VT</state>
        <party>I</party>
        <sponsorshipWithdrawnDate />
        <identifiers>
          <gpoId>8270</gpoId>
          <lisID>1010</lisID>
          <bioguideId>S000033</bioguideId>
        </identifiers>
        <sponsorshipDate>2017-03-06</sponsorshipDate>
        <firstName>BERNARD</firstName>
      </item>
      <item>
        <bioguideId>M000133</bioguideId>
        <middleName>J.</middleName>
        <isOriginalCosponsor>False</isOriginalCosponsor>
        <fullName>Sen. Markey, Edward J. [D-MA]</fullName>
        <lastName>MARKEY</lastName>
        <state>MA</state>
        <party>D</party>
        <sponsorshipWithdrawnDate />
        <identifiers>
          <bioguideId>M000133</bioguideId>
          <lisID>735</lisID>
          <gpoId>7972</gpoId>
        </identifiers>
        <sponsorshipDate>2017-03-07</sponsorshipDate>
        <firstName>EDWARD</firstName>
      </item>
    </cosponsors>
    <title>A bill to discontinue a Federal program that authorizes State and local law enforcement officers to investigate, apprehend, and detain aliens in accordance with a written agreement with the Director of U.S. Immigration and Customs Enforcement and to clarify that immigration enforcement is solely a function of the Federal Government.</title>
    <introducedDate>2017-02-03</introducedDate>
    <recordedVotes />
    <congress>115</congress>
    <policyArea>
      <name>Immigration</name>
    </policyArea>
    <version>1.0.0</version>
    <calendarNumbers />
    <latestAction>
      <actionDate>2017-02-03</actionDate>
      <links />
      <text>Read twice and referred to the Committee on the Judiciary.</text>
    </latestAction>
    <titles>
      <item>
        <chamberName />
        <parentTitleType />
        <titleType>Official Title as Introduced</titleType>
        <title>A bill to discontinue a Federal program that authorizes State and local law enforcement officers to investigate, apprehend, and detain aliens in accordance with a written agreement with the Director of U.S. Immigration and Customs Enforcement and to clarify that immigration enforcement is solely a function of the Federal Government.</title>
        <chamberCode />
      </item>
      <item>
        <chamberName />
        <parentTitleType />
        <titleType>Display Title</titleType>
        <title>A bill to discontinue a Federal program that authorizes State and local law enforcement officers to investigate, apprehend, and detain aliens in accordance with a written agreement with the Director of U.S. Immigration and Customs Enforcement and to clarify that immigration enforcement is solely a function of the Federal Government.</title>
        <chamberCode />
      </item>
    </titles>
    <committees>
      <billCommittees>
        <item>
          <type>Standing</type>
          <name>Judiciary Committee</name>
          <systemCode>ssju00</systemCode>
          <chamber>Senate</chamber>
          <activities>
            <item>
              <name>Referred to</name>
              <date>2017-02-03T17:07:12Z</date>
            </item>
          </activities>
          <subcommittees />
        </item>
      </billCommittees>
    </committees>
    <subjects>
      <billSubjects>
        <legislativeSubjects>
          <item>
            <name>Border security and unlawful immigration</name>
          </item>
          <item>
            <name>Citizenship and naturalization</name>
          </item>
          <item>
            <name>Criminal investigation, prosecution, interrogation</name>
          </item>
          <item>
            <name>Department of Homeland Security</name>
          </item>
          <item>
            <name>Detention of persons</name>
          </item>
          <item>
            <name>Immigration status and procedures</name>
          </item>
          <item>
            <name>Intergovernmental relations</name>
          </item>
          <item>
            <name>Law enforcement officers</name>
          </item>
          <item>
            <name>State and local government operations</name>
          </item>
        </legislativeSubjects>
        <policyArea>
          <name>Immigration</name>
        </policyArea>
      </billSubjects>
    </subjects>
  </bill>
  <dublinCore xmlns:dc="http://purl.org/dc/elements/1.1/">
    <dc:format>text/xml</dc:format>
    <dc:language>EN</dc:language>
    <dc:rights>Pursuant to Title 17 Section 105 of the United States Code, this file is not subject to copyright protection and is in the public domain.</dc:rights>
    <dc:contributor>Congressional Research Service, Library of Congress</dc:contributor>
    <dc:description>This file contains bill summaries and statuses for federal legislation. A bill summary describes the most significant provisions of a piece of legislation and details the effects the legislative text may have on current law and federal programs. Bill summaries are authored by the Congressional Research Service (CRS) of the Library of Congress. As stated in Public Law 91-510 (2 USC 166 (d)(6)), one of the duties of CRS is "to prepare summaries and digests of bills and resolutions of a public general nature introduced in the Senate or House of Representatives". For more information, refer to the User Guide that accompanies this file.</dc:description>
  </dublinCore>
</billStatus>

