<?xml version="1.0" encoding="UTF-8"?>
<billStatus>
  <bill>
    <congress>115</congress>
    <billNumber>105</billNumber>
    <cosponsors>
      <item>
        <sponsorshipWithdrawnDate />
        <sponsorshipDate>2017-01-11</sponsorshipDate>
        <party>R</party>
        <state>WI</state>
        <middleName />
        <isOriginalCosponsor>True</isOriginalCosponsor>
        <bioguideId>J000293</bioguideId>
        <lastName>Johnson</lastName>
        <firstName>Ron</firstName>
        <identifiers>
          <bioguideId>J000293</bioguideId>
          <gpoId>8355</gpoId>
          <lisID>2086</lisID>
        </identifiers>
        <fullName>Sen. Johnson, Ron [R-WI]</fullName>
      </item>
      <item>
        <sponsorshipWithdrawnDate />
        <sponsorshipDate>2017-01-11</sponsorshipDate>
        <party>R</party>
        <state>WY</state>
        <middleName />
        <isOriginalCosponsor>True</isOriginalCosponsor>
        <bioguideId>B001261</bioguideId>
        <lastName>Barrasso</lastName>
        <firstName>John</firstName>
        <identifiers>
          <bioguideId>B001261</bioguideId>
          <lisID>1881</lisID>
          <gpoId>8300</gpoId>
        </identifiers>
        <fullName>Sen. Barrasso, John [R-WY]</fullName>
      </item>
    </cosponsors>
    <subjects>
      <billSubjects>
        <legislativeSubjects />
      </billSubjects>
    </subjects>
    <relatedBills />
    <latestAction>
      <links />
      <text>Read twice and referred to the Committee on Banking, Housing, and Urban Affairs.</text>
      <actionDate>2017-01-11</actionDate>
    </latestAction>
    <updateDate>2017-01-12T14:39:54Z</updateDate>
    <actions>
      <actionTypeCounts>
        <introducedInSenate>1</introducedInSenate>
        <referredToCommittee>1</referredToCommittee>
      </actionTypeCounts>
      <item>
        <actionDate>2017-01-11</actionDate>
        <committee>
          <name>Banking, Housing, and Urban Affairs Committee</name>
          <systemCode>ssbk00</systemCode>
        </committee>
        <links />
        <sourceSystem>
          <code>0</code>
          <name>Senate</name>
        </sourceSystem>
        <text>Read twice and referred to the Committee on Banking, Housing, and Urban Affairs.</text>
        <type>IntroReferral</type>
      </item>
      <item>
        <text>Introduced in Senate</text>
        <committee />
        <type>IntroReferral</type>
        <actionDate>2017-01-11</actionDate>
        <sourceSystem>
          <code>9</code>
          <name>Library of Congress</name>
        </sourceSystem>
        <links />
        <actionCode>10000</actionCode>
      </item>
      <actionByCounts>
        <senate>2</senate>
      </actionByCounts>
    </actions>
    <billType>S</billType>
    <committeeReports />
    <originChamber>Senate</originChamber>
    <notes />
    <policyArea />
    <committees>
      <billCommittees>
        <item>
          <systemCode>ssbk00</systemCode>
          <subcommittees />
          <type>Standing</type>
          <chamber>Senate</chamber>
          <name>Banking, Housing, and Urban Affairs Committee</name>
          <activities>
            <item>
              <name>Referred to</name>
              <date>2017-01-11T23:15:43Z</date>
            </item>
          </activities>
        </item>
      </billCommittees>
    </committees>
    <createDate>2017-01-12T08:17:36Z</createDate>
    <title>A bill to amend the Consumer Financial Protection Act of 2010 to transition the Bureau of Consumer Financial Protection to a 5-member board of directors.</title>
    <titles>
      <item>
        <title>A bill to amend the Consumer Financial Protection Act of 2010 to transition the Bureau of Consumer Financial Protection to a 5-member board of directors.</title>
        <titleType>Official Title as Introduced</titleType>
        <parentTitleType />
        <chamberCode />
        <chamberName />
      </item>
      <item>
        <title>A bill to amend the Consumer Financial Protection Act of 2010 to transition the Bureau of Consumer Financial Protection to a 5-member board of directors.</title>
        <titleType>Display Title</titleType>
        <parentTitleType />
        <chamberCode />
        <chamberName />
      </item>
    </titles>
    <recordedVotes />
    <cboCostEstimates />
    <laws />
    <summaries>
      <billSummaries />
    </summaries>
    <calendarNumbers />
    <introducedDate>2017-01-11</introducedDate>
    <amendments />
    <sponsors>
      <item>
        <lastName>Fischer</lastName>
        <identifiers>
          <gpoId />
          <bioguideId>F000463</bioguideId>
          <lisID>2179</lisID>
        </identifiers>
        <byRequestType />
        <middleName />
        <state>NE</state>
        <firstName>Deb</firstName>
        <party>R</party>
        <fullName>Sen. Fischer, Deb [R-NE]</fullName>
        <bioguideId>F000463</bioguideId>
      </item>
    </sponsors>
  </bill>
  <dublinCore xmlns:dc="http://purl.org/dc/elements/1.1/">
    <dc:format>text/xml</dc:format>
    <dc:language>EN</dc:language>
    <dc:rights>Pursuant to Title 17 Section 105 of the United States Code, this file is not subject to copyright protection and is in the public domain.</dc:rights>
    <dc:contributor>Congressional Research Service, Library of Congress</dc:contributor>
    <dc:description>This file contains bill summaries and statuses for federal legislation. A bill summary describes the most significant provisions of a piece of legislation and details the effects the legislative text may have on current law and federal programs. Bill summaries are authored by the Congressional Research Service (CRS) of the Library of Congress. As stated in Public Law 91-510 (2 USC 166 (d)(6)), one of the duties of CRS is "to prepare summaries and digests of bills and resolutions of a public general nature introduced in the Senate or House of Representatives". For more information, refer to the User Guide that accompanies this file.</dc:description>
  </dublinCore>
</billStatus>

