<?xml version="1.0" encoding="UTF-8"?>
<billStatus>
  <bill>
    <updateDate>2017-01-19T09:53:55Z</updateDate>
    <policyArea>
      <name>Government Operations and Politics</name>
    </policyArea>
    <calendarNumbers />
    <cboCostEstimates />
    <committeeReports />
    <sponsors>
      <item>
        <bioguideId>P000603</bioguideId>
        <middleName />
        <party>R</party>
        <lastName>Paul</lastName>
        <fullName>Sen. Paul, Rand [R-KY]</fullName>
        <firstName>Rand</firstName>
        <identifiers>
          <gpoId>8308</gpoId>
          <lisID>2082</lisID>
          <bioguideId>P000603</bioguideId>
        </identifiers>
        <state>KY</state>
        <byRequestType />
      </item>
    </sponsors>
    <latestAction>
      <actionDate>2017-01-04</actionDate>
      <text>Read twice and referred to the Committee on Homeland Security and Governmental Affairs.</text>
      <links />
    </latestAction>
    <summaries>
      <billSummaries />
    </summaries>
    <billType>S</billType>
    <createDate>2017-01-05T04:47:34Z</createDate>
    <originChamber>Senate</originChamber>
    <introducedDate>2017-01-04</introducedDate>
    <titles>
      <item>
        <parentTitleType />
        <chamberName />
        <titleType>Short Titles as Introduced</titleType>
        <title>Regulations from the Executive in Need of Scrutiny Act of 2017</title>
        <chamberCode />
      </item>
      <item>
        <parentTitleType />
        <chamberName />
        <titleType>Official Title as Introduced</titleType>
        <title>A bill to amend chapter 8 of title 5, United States Code, to provide that major rules of the executive branch shall have no force or effect unless a joint resolution of approval is enacted into law.</title>
        <chamberCode />
      </item>
      <item>
        <parentTitleType />
        <chamberName />
        <titleType>Display Title</titleType>
        <title>Regulations from the Executive in Need of Scrutiny Act of 2017</title>
        <chamberCode />
      </item>
    </titles>
    <billNumber>21</billNumber>
    <committees>
      <billCommittees>
        <item>
          <systemCode>ssga00</systemCode>
          <chamber>Senate</chamber>
          <activities>
            <item>
              <name>Referred to</name>
              <date>2017-01-04T17:57:39Z</date>
            </item>
          </activities>
          <name>Homeland Security and Governmental Affairs Committee</name>
          <subcommittees />
          <type>Standing</type>
        </item>
      </billCommittees>
    </committees>
    <cosponsors>
      <item>
        <isOriginalCosponsor>True</isOriginalCosponsor>
        <party>R</party>
        <identifiers>
          <gpoId>8313</gpoId>
          <bioguideId>B000575</bioguideId>
          <lisID>1464</lisID>
        </identifiers>
        <lastName>Blunt</lastName>
        <sponsorshipWithdrawnDate />
        <fullName>Sen. Blunt, Roy [R-MO]</fullName>
        <middleName />
        <state>MO</state>
        <sponsorshipDate>2017-01-04</sponsorshipDate>
        <bioguideId>B000575</bioguideId>
        <firstName>Roy</firstName>
      </item>
      <item>
        <isOriginalCosponsor>True</isOriginalCosponsor>
        <party>R</party>
        <identifiers>
          <gpoId>7948</gpoId>
          <lisID>2019</lisID>
          <bioguideId>Y000064</bioguideId>
        </identifiers>
        <lastName>Young</lastName>
        <sponsorshipWithdrawnDate />
        <fullName>Sen. Young, Todd C. [R-IN]</fullName>
        <middleName>C.</middleName>
        <state>IN</state>
        <sponsorshipDate>2017-01-04</sponsorshipDate>
        <bioguideId>Y000064</bioguideId>
        <firstName>Todd</firstName>
      </item>
      <item>
        <isOriginalCosponsor>True</isOriginalCosponsor>
        <party>R</party>
        <identifiers>
          <lisID>2288</lisID>
          <bioguideId>R000605</bioguideId>
          <gpoId />
        </identifiers>
        <lastName>Rounds</lastName>
        <sponsorshipWithdrawnDate />
        <fullName>Sen. Rounds, Mike  [R-SD]</fullName>
        <middleName />
        <state>SD</state>
        <sponsorshipDate>2017-01-04</sponsorshipDate>
        <bioguideId>R000605</bioguideId>
        <firstName>Mike</firstName>
      </item>
      <item>
        <isOriginalCosponsor>True</isOriginalCosponsor>
        <party>R</party>
        <identifiers>
          <lisID>457</lisID>
          <bioguideId>G000386</bioguideId>
          <gpoId>8316</gpoId>
        </identifiers>
        <lastName>GRASSLEY</lastName>
        <sponsorshipWithdrawnDate />
        <fullName>Sen. Grassley, Chuck [R-IA]</fullName>
        <middleName>ERNEST</middleName>
        <state>IA</state>
        <sponsorshipDate>2017-01-04</sponsorshipDate>
        <bioguideId>G000386</bioguideId>
        <firstName>CHARLES</firstName>
      </item>
      <item>
        <isOriginalCosponsor>True</isOriginalCosponsor>
        <party>R</party>
        <identifiers>
          <bioguideId>G000562</bioguideId>
          <lisID>1998</lisID>
          <gpoId>7862</gpoId>
        </identifiers>
        <lastName>Gardner</lastName>
        <sponsorshipWithdrawnDate />
        <fullName>Sen. Gardner, Cory [R-CO]</fullName>
        <middleName />
        <state>CO</state>
        <sponsorshipDate>2017-01-04</sponsorshipDate>
        <bioguideId>G000562</bioguideId>
        <firstName>Cory</firstName>
      </item>
      <item>
        <isOriginalCosponsor>True</isOriginalCosponsor>
        <party>R</party>
        <identifiers>
          <lisID>2283</lisID>
          <bioguideId>E000295</bioguideId>
          <gpoId />
        </identifiers>
        <lastName>Ernst</lastName>
        <sponsorshipWithdrawnDate />
        <fullName>Sen. Ernst, Joni  [R-IA]</fullName>
        <middleName />
        <state>IA</state>
        <sponsorshipDate>2017-01-04</sponsorshipDate>
        <bioguideId>E000295</bioguideId>
        <firstName>Joni</firstName>
      </item>
      <item>
        <isOriginalCosponsor>True</isOriginalCosponsor>
        <party>R</party>
        <identifiers>
          <lisID>2098</lisID>
          <gpoId />
          <bioguideId>C001095</bioguideId>
        </identifiers>
        <lastName>Cotton</lastName>
        <sponsorshipWithdrawnDate />
        <fullName>Sen. Cotton, Tom [R-AR]</fullName>
        <middleName />
        <state>AR</state>
        <sponsorshipDate>2017-01-04</sponsorshipDate>
        <bioguideId>C001095</bioguideId>
        <firstName>Tom</firstName>
      </item>
      <item>
        <isOriginalCosponsor>True</isOriginalCosponsor>
        <party>R</party>
        <identifiers>
          <gpoId>8223</gpoId>
          <bioguideId>C001047</bioguideId>
          <lisID>1676</lisID>
        </identifiers>
        <lastName>CAPITO</lastName>
        <sponsorshipWithdrawnDate />
        <fullName>Sen. Capito, Shelley Moore [R-WV]</fullName>
        <middleName>MOORE</middleName>
        <state>WV</state>
        <sponsorshipDate>2017-01-04</sponsorshipDate>
        <bioguideId>C001047</bioguideId>
        <firstName>SHELLEY</firstName>
      </item>
      <item>
        <isOriginalCosponsor>True</isOriginalCosponsor>
        <party>R</party>
        <identifiers>
          <lisID>2138</lisID>
          <bioguideId>D000618</bioguideId>
          <gpoId />
        </identifiers>
        <lastName>Daines</lastName>
        <sponsorshipWithdrawnDate />
        <fullName>Sen. Daines, Steve [R-MT]</fullName>
        <middleName />
        <state>MT</state>
        <sponsorshipDate>2017-01-04</sponsorshipDate>
        <bioguideId>D000618</bioguideId>
        <firstName>Steve</firstName>
      </item>
      <item>
        <isOriginalCosponsor>True</isOriginalCosponsor>
        <party>R</party>
        <identifiers>
          <lisID>754</lisID>
          <gpoId>8253</gpoId>
          <bioguideId>M000303</bioguideId>
        </identifiers>
        <lastName>MCCAIN</lastName>
        <sponsorshipWithdrawnDate />
        <fullName>Sen. McCain, John [R-AZ]</fullName>
        <middleName>SIDNEY</middleName>
        <state>AZ</state>
        <sponsorshipDate>2017-01-04</sponsorshipDate>
        <bioguideId>M000303</bioguideId>
        <firstName>JOHN</firstName>
      </item>
      <item>
        <isOriginalCosponsor>True</isOriginalCosponsor>
        <party>R</party>
        <identifiers>
          <bioguideId>S001184</bioguideId>
          <lisID>2056</lisID>
          <gpoId>8141</gpoId>
        </identifiers>
        <lastName>Scott</lastName>
        <sponsorshipWithdrawnDate />
        <fullName>Sen. Scott, Tim [R-SC]</fullName>
        <middleName />
        <state>SC</state>
        <sponsorshipDate>2017-01-04</sponsorshipDate>
        <bioguideId>S001184</bioguideId>
        <firstName>Tim</firstName>
      </item>
      <item>
        <isOriginalCosponsor>True</isOriginalCosponsor>
        <party>R</party>
        <identifiers>
          <gpoId />
          <bioguideId>C001098</bioguideId>
          <lisID>2175</lisID>
        </identifiers>
        <lastName>Cruz</lastName>
        <sponsorshipWithdrawnDate />
        <fullName>Sen. Cruz, Ted [R-TX]</fullName>
        <middleName />
        <state>TX</state>
        <sponsorshipDate>2017-01-04</sponsorshipDate>
        <bioguideId>C001098</bioguideId>
        <firstName>Ted</firstName>
      </item>
      <item>
        <isOriginalCosponsor>True</isOriginalCosponsor>
        <party>R</party>
        <identifiers>
          <lisID>1881</lisID>
          <bioguideId>B001261</bioguideId>
          <gpoId>8300</gpoId>
        </identifiers>
        <lastName>Barrasso</lastName>
        <sponsorshipWithdrawnDate />
        <fullName>Sen. Barrasso, John [R-WY]</fullName>
        <middleName />
        <state>WY</state>
        <sponsorshipDate>2017-01-04</sponsorshipDate>
        <bioguideId>B001261</bioguideId>
        <firstName>John</firstName>
      </item>
      <item>
        <isOriginalCosponsor>True</isOriginalCosponsor>
        <party>R</party>
        <identifiers>
          <bioguideId>C000880</bioguideId>
          <lisID>250</lisID>
          <gpoId>8289</gpoId>
        </identifiers>
        <lastName>CRAPO</lastName>
        <sponsorshipWithdrawnDate />
        <fullName>Sen. Crapo, Mike [R-ID]</fullName>
        <middleName>D.</middleName>
        <state>ID</state>
        <sponsorshipDate>2017-01-04</sponsorshipDate>
        <bioguideId>C000880</bioguideId>
        <firstName>MICHAEL</firstName>
      </item>
      <item>
        <isOriginalCosponsor>True</isOriginalCosponsor>
        <party>R</party>
        <identifiers>
          <bioguideId>T000250</bioguideId>
          <gpoId>8257</gpoId>
          <lisID>1534</lisID>
        </identifiers>
        <lastName>THUNE</lastName>
        <sponsorshipWithdrawnDate />
        <fullName>Sen. Thune, John [R-SD]</fullName>
        <middleName>R.</middleName>
        <state>SD</state>
        <sponsorshipDate>2017-01-04</sponsorshipDate>
        <bioguideId>T000250</bioguideId>
        <firstName>JOHN</firstName>
      </item>
      <item>
        <isOriginalCosponsor>True</isOriginalCosponsor>
        <party>R</party>
        <identifiers>
          <bioguideId>I000024</bioguideId>
          <lisID>583</lisID>
          <gpoId>8322</gpoId>
        </identifiers>
        <lastName>INHOFE</lastName>
        <sponsorshipWithdrawnDate />
        <fullName>Sen. Inhofe, James M. [R-OK]</fullName>
        <middleName />
        <state>OK</state>
        <sponsorshipDate>2017-01-04</sponsorshipDate>
        <bioguideId>I000024</bioguideId>
        <firstName>JIM</firstName>
      </item>
      <item>
        <isOriginalCosponsor>True</isOriginalCosponsor>
        <party>R</party>
        <identifiers>
          <lisID>2179</lisID>
          <bioguideId>F000463</bioguideId>
          <gpoId />
        </identifiers>
        <lastName>Fischer</lastName>
        <sponsorshipWithdrawnDate />
        <fullName>Sen. Fischer, Deb [R-NE]</fullName>
        <middleName />
        <state>NE</state>
        <sponsorshipDate>2017-01-04</sponsorshipDate>
        <bioguideId>F000463</bioguideId>
        <firstName>Deb</firstName>
      </item>
      <item>
        <isOriginalCosponsor>True</isOriginalCosponsor>
        <party>R</party>
        <identifiers>
          <lisID>2086</lisID>
          <gpoId>8355</gpoId>
          <bioguideId>J000293</bioguideId>
        </identifiers>
        <lastName>Johnson</lastName>
        <sponsorshipWithdrawnDate />
        <fullName>Sen. Johnson, Ron [R-WI]</fullName>
        <middleName />
        <state>WI</state>
        <sponsorshipDate>2017-01-04</sponsorshipDate>
        <bioguideId>J000293</bioguideId>
        <firstName>Ron</firstName>
      </item>
      <item>
        <isOriginalCosponsor>True</isOriginalCosponsor>
        <party>R</party>
        <identifiers>
          <gpoId>8247</gpoId>
          <bioguideId>B001236</bioguideId>
          <lisID>1687</lisID>
        </identifiers>
        <lastName>Boozman</lastName>
        <sponsorshipWithdrawnDate />
        <fullName>Sen. Boozman, John [R-AR]</fullName>
        <middleName />
        <state>AR</state>
        <sponsorshipDate>2017-01-04</sponsorshipDate>
        <bioguideId>B001236</bioguideId>
        <firstName>John</firstName>
      </item>
      <item>
        <isOriginalCosponsor>True</isOriginalCosponsor>
        <party>R</party>
        <identifiers>
          <bioguideId>H001041</bioguideId>
          <lisID>1863</lisID>
          <gpoId>8060</gpoId>
        </identifiers>
        <lastName>Heller</lastName>
        <sponsorshipWithdrawnDate />
        <fullName>Sen. Heller, Dean [R-NV]</fullName>
        <middleName />
        <state>NV</state>
        <sponsorshipDate>2017-01-04</sponsorshipDate>
        <bioguideId>H001041</bioguideId>
        <firstName>Dean</firstName>
      </item>
      <item>
        <isOriginalCosponsor>True</isOriginalCosponsor>
        <party>R</party>
        <identifiers>
          <lisID>2290</lisID>
          <bioguideId>S001198</bioguideId>
          <gpoId />
        </identifiers>
        <lastName>Sullivan</lastName>
        <sponsorshipWithdrawnDate />
        <fullName>Sen. Sullivan, Dan  [R-AK]</fullName>
        <middleName />
        <state>AK</state>
        <sponsorshipDate>2017-01-04</sponsorshipDate>
        <bioguideId>S001198</bioguideId>
        <firstName>Dan</firstName>
      </item>
      <item>
        <isOriginalCosponsor>True</isOriginalCosponsor>
        <party>R</party>
        <identifiers>
          <lisID>1542</lisID>
          <bioguideId>E000285</bioguideId>
          <gpoId>8328</gpoId>
        </identifiers>
        <lastName>ENZI</lastName>
        <sponsorshipWithdrawnDate />
        <fullName>Sen. Enzi, Michael B. [R-WY]</fullName>
        <middleName>B.</middleName>
        <state>WY</state>
        <sponsorshipDate>2017-01-04</sponsorshipDate>
        <bioguideId>E000285</bioguideId>
        <firstName>MICHAEL</firstName>
      </item>
      <item>
        <isOriginalCosponsor>True</isOriginalCosponsor>
        <party>R</party>
        <identifiers>
          <bioguideId>L000577</bioguideId>
          <gpoId>8303</gpoId>
          <lisID>2080</lisID>
        </identifiers>
        <lastName>Lee</lastName>
        <sponsorshipWithdrawnDate />
        <fullName>Sen. Lee, Mike [R-UT]</fullName>
        <middleName />
        <state>UT</state>
        <sponsorshipDate>2017-01-04</sponsorshipDate>
        <bioguideId>L000577</bioguideId>
        <firstName>Mike</firstName>
      </item>
      <item>
        <isOriginalCosponsor>True</isOriginalCosponsor>
        <party>R</party>
        <identifiers>
          <bioguideId>R000307</bioguideId>
          <lisID>968</lisID>
          <gpoId>8275</gpoId>
        </identifiers>
        <lastName>ROBERTS</lastName>
        <sponsorshipWithdrawnDate />
        <fullName>Sen. Roberts, Pat [R-KS]</fullName>
        <middleName />
        <state>KS</state>
        <sponsorshipDate>2017-01-04</sponsorshipDate>
        <bioguideId>R000307</bioguideId>
        <firstName>PAT</firstName>
      </item>
      <item>
        <isOriginalCosponsor>True</isOriginalCosponsor>
        <party>R</party>
        <identifiers>
          <bioguideId>S001197</bioguideId>
          <lisID>2289</lisID>
          <gpoId />
        </identifiers>
        <lastName>Sasse</lastName>
        <sponsorshipWithdrawnDate />
        <fullName>Sen. Sasse, Ben  [R-NE]</fullName>
        <middleName />
        <state>NE</state>
        <sponsorshipDate>2017-01-04</sponsorshipDate>
        <bioguideId>S001197</bioguideId>
        <firstName>Ben</firstName>
      </item>
      <item>
        <isOriginalCosponsor>True</isOriginalCosponsor>
        <party>R</party>
        <identifiers>
          <lisID>1507</lisID>
          <bioguideId>M000934</bioguideId>
          <gpoId>8307</gpoId>
        </identifiers>
        <lastName>MORAN</lastName>
        <sponsorshipWithdrawnDate />
        <fullName>Sen. Moran, Jerry [R-KS]</fullName>
        <middleName />
        <state>KS</state>
        <sponsorshipDate>2017-01-04</sponsorshipDate>
        <bioguideId>M000934</bioguideId>
        <firstName>JERRY</firstName>
      </item>
      <item>
        <isOriginalCosponsor>True</isOriginalCosponsor>
        <party>R</party>
        <identifiers>
          <lisID>1925</lisID>
          <bioguideId>C001075</bioguideId>
          <gpoId>7964</gpoId>
        </identifiers>
        <lastName>Cassidy</lastName>
        <sponsorshipWithdrawnDate />
        <fullName>Sen. Cassidy, Bill [R-LA]</fullName>
        <middleName />
        <state>LA</state>
        <sponsorshipDate>2017-01-04</sponsorshipDate>
        <bioguideId>C001075</bioguideId>
        <firstName>Bill</firstName>
      </item>
      <item>
        <isOriginalCosponsor>False</isOriginalCosponsor>
        <party>R</party>
        <identifiers>
          <gpoId>8263</gpoId>
          <lisID>1226</lisID>
          <bioguideId>W000437</bioguideId>
        </identifiers>
        <lastName>WICKER</lastName>
        <sponsorshipWithdrawnDate />
        <fullName>Sen. Wicker, Roger F. [R-MS]</fullName>
        <middleName>F.</middleName>
        <state>MS</state>
        <sponsorshipDate>2017-01-05</sponsorshipDate>
        <bioguideId>W000437</bioguideId>
        <firstName>ROGER</firstName>
      </item>
      <item>
        <isOriginalCosponsor>False</isOriginalCosponsor>
        <party>R</party>
        <identifiers>
          <gpoId>8295</gpoId>
          <bioguideId>C001056</bioguideId>
          <lisID>1692</lisID>
        </identifiers>
        <lastName>Cornyn</lastName>
        <sponsorshipWithdrawnDate />
        <fullName>Sen. Cornyn, John [R-TX]</fullName>
        <middleName />
        <state>TX</state>
        <sponsorshipDate>2017-01-05</sponsorshipDate>
        <bioguideId>C001056</bioguideId>
        <firstName>John</firstName>
      </item>
      <item>
        <isOriginalCosponsor>False</isOriginalCosponsor>
        <party>R</party>
        <identifiers>
          <gpoId>8274</gpoId>
          <lisID>1896</lisID>
          <bioguideId>R000584</bioguideId>
        </identifiers>
        <lastName>Risch</lastName>
        <sponsorshipWithdrawnDate />
        <fullName>Sen. Risch, James E. [R-ID]</fullName>
        <middleName>E.</middleName>
        <state>ID</state>
        <sponsorshipDate>2017-01-12</sponsorshipDate>
        <bioguideId>R000584</bioguideId>
        <firstName>James</firstName>
      </item>
    </cosponsors>
    <notes />
    <amendments />
    <title>Regulations from the Executive in Need of Scrutiny Act of 2017</title>
    <congress>115</congress>
    <subjects>
      <billSubjects>
        <policyArea>
          <name>Government Operations and Politics</name>
        </policyArea>
        <legislativeSubjects>
          <item>
            <name>Administrative law and regulatory procedures</name>
          </item>
          <item>
            <name>Advanced technology and technological innovations</name>
          </item>
          <item>
            <name>Business investment and capital</name>
          </item>
          <item>
            <name>Competition and antitrust</name>
          </item>
          <item>
            <name>Competitiveness, trade promotion, trade deficits</name>
          </item>
          <item>
            <name>Congressional oversight</name>
          </item>
          <item>
            <name>Economic performance and conditions</name>
          </item>
          <item>
            <name>Industrial policy and productivity</name>
          </item>
          <item>
            <name>Inflation and prices</name>
          </item>
          <item>
            <name>Judicial review and appeals</name>
          </item>
          <item>
            <name>Legislative rules and procedure</name>
          </item>
          <item>
            <name>Unemployment</name>
          </item>
        </legislativeSubjects>
      </billSubjects>
    </subjects>
    <relatedBills>
      <item>
        <number>26</number>
        <type>HR</type>
        <congress>115</congress>
        <latestTitle>Regulations from the Executive in Need of Scrutiny Act of 2017</latestTitle>
        <relationshipDetails>
          <item>
            <type>Related bill</type>
            <identifiedBy>CRS</identifiedBy>
          </item>
        </relationshipDetails>
        <latestAction>
          <text>Received in the Senate and Read twice and referred to the Committee on Homeland Security and Governmental Affairs.</text>
          <actionDate>2017-01-06</actionDate>
        </latestAction>
      </item>
    </relatedBills>
    <recordedVotes />
    <laws />
    <actions>
      <actionTypeCounts>
        <introducedInSenate>1</introducedInSenate>
        <referredToCommittee>1</referredToCommittee>
      </actionTypeCounts>
      <actionByCounts>
        <senate>2</senate>
      </actionByCounts>
      <item>
        <actionDate>2017-01-04</actionDate>
        <committee>
          <name>Homeland Security and Governmental Affairs Committee</name>
          <systemCode>ssga00</systemCode>
        </committee>
        <links />
        <sourceSystem>
          <code>0</code>
          <name>Senate</name>
        </sourceSystem>
        <text>Read twice and referred to the Committee on Homeland Security and Governmental Affairs.</text>
        <type>IntroReferral</type>
      </item>
      <item>
        <committee />
        <links />
        <actionCode>10000</actionCode>
        <type>IntroReferral</type>
        <sourceSystem>
          <code>9</code>
          <name>Library of Congress</name>
        </sourceSystem>
        <actionDate>2017-01-04</actionDate>
        <text>Introduced in Senate</text>
      </item>
    </actions>
  </bill>
  <dublinCore xmlns:dc="http://purl.org/dc/elements/1.1/">
    <dc:format>text/xml</dc:format>
    <dc:language>EN</dc:language>
    <dc:rights>Pursuant to Title 17 Section 105 of the United States Code, this file is not subject to copyright protection and is in the public domain.</dc:rights>
    <dc:contributor>Congressional Research Service, Library of Congress</dc:contributor>
    <dc:description>This file contains bill summaries and statuses for federal legislation. A bill summary describes the most significant provisions of a piece of legislation and details the effects the legislative text may have on current law and federal programs. Bill summaries are authored by the Congressional Research Service (CRS) of the Library of Congress. As stated in Public Law 91-510 (2 USC 166 (d)(6)), one of the duties of CRS is "to prepare summaries and digests of bills and resolutions of a public general nature introduced in the Senate or House of Representatives". For more information, refer to the User Guide that accompanies this file.</dc:description>
  </dublinCore>
</billStatus>

