<?xml version="1.0" encoding="UTF-8"?>
<billStatus>
  <bill>
    <laws />
    <committeeReports />
    <recordedVotes />
    <originChamber>Senate</originChamber>
    <congress>115</congress>
    <createDate>2017-01-18T05:05:00Z</createDate>
    <summaries>
      <billSummaries />
    </summaries>
    <relatedBills />
    <introducedDate>2017-01-17</introducedDate>
    <committees>
      <billCommittees>
        <item>
          <subcommittees />
          <chamber>Senate</chamber>
          <name>Finance Committee</name>
          <activities>
            <item>
              <date>2017-01-17T23:26:39Z</date>
              <name>Referred to</name>
            </item>
          </activities>
          <type>Standing</type>
          <systemCode>ssfi00</systemCode>
        </item>
      </billCommittees>
    </committees>
    <updateDate>2017-01-18T17:33:02Z</updateDate>
    <title>A bill to amend the Surface Mining Control and Reclamation Act of 1977 to transfer certain funds to the Multiemployer Health Benefit Plan, and for other purposes.</title>
    <policyArea />
    <notes />
    <titles>
      <item>
        <parentTitleType />
        <chamberCode />
        <titleType>Official Title as Introduced</titleType>
        <title>A bill to amend the Surface Mining Control and Reclamation Act of 1977 to transfer certain funds to the Multiemployer Health Benefit Plan, and for other purposes.</title>
        <chamberName />
      </item>
      <item>
        <parentTitleType />
        <chamberCode />
        <titleType>Display Title</titleType>
        <title>A bill to amend the Surface Mining Control and Reclamation Act of 1977 to transfer certain funds to the Multiemployer Health Benefit Plan, and for other purposes.</title>
        <chamberName />
      </item>
    </titles>
    <amendments />
    <cboCostEstimates />
    <billNumber>176</billNumber>
    <billType>S</billType>
    <actions>
      <actionTypeCounts>
        <referredToCommittee>1</referredToCommittee>
        <introducedInSenate>1</introducedInSenate>
      </actionTypeCounts>
      <item>
        <actionDate>2017-01-17</actionDate>
        <committee>
          <name>Finance Committee</name>
          <systemCode>ssfi00</systemCode>
        </committee>
        <links>
          <link>
            <name>S343-344</name>
            <url>https://www.congress.gov/congressional-record/volume-163/senate-section/page/S343-344</url>
          </link>
        </links>
        <sourceSystem>
          <name>Senate</name>
          <code>0</code>
        </sourceSystem>
        <text>Read twice and referred to the Committee on Finance. (text of measure as introduced: CR S343-344)</text>
        <type>IntroReferral</type>
      </item>
      <item>
        <links />
        <type>IntroReferral</type>
        <actionDate>2017-01-17</actionDate>
        <text>Introduced in Senate</text>
        <sourceSystem>
          <name>Library of Congress</name>
          <code>9</code>
        </sourceSystem>
        <actionCode>10000</actionCode>
        <committee />
      </item>
      <actionByCounts>
        <senate>2</senate>
      </actionByCounts>
    </actions>
    <calendarNumbers />
    <cosponsors />
    <latestAction>
      <actionDate>2017-01-17</actionDate>
      <links />
      <text>Read twice and referred to the Committee on Finance. (text of measure as introduced: CR S343-344)</text>
    </latestAction>
    <subjects>
      <billSubjects>
        <legislativeSubjects />
      </billSubjects>
    </subjects>
    <sponsors>
      <item>
        <bioguideId>M000355</bioguideId>
        <lastName>MCCONNELL</lastName>
        <fullName>Sen. McConnell, Mitch [R-KY]</fullName>
        <state>KY</state>
        <middleName />
        <byRequestType />
        <firstName>MITCH</firstName>
        <party>R</party>
        <identifiers>
          <bioguideId>M000355</bioguideId>
          <lisID>1395</lisID>
          <gpoId>8254</gpoId>
        </identifiers>
      </item>
    </sponsors>
  </bill>
  <dublinCore xmlns:dc="http://purl.org/dc/elements/1.1/">
    <dc:format>text/xml</dc:format>
    <dc:language>EN</dc:language>
    <dc:rights>Pursuant to Title 17 Section 105 of the United States Code, this file is not subject to copyright protection and is in the public domain.</dc:rights>
    <dc:contributor>Congressional Research Service, Library of Congress</dc:contributor>
    <dc:description>This file contains bill summaries and statuses for federal legislation. A bill summary describes the most significant provisions of a piece of legislation and details the effects the legislative text may have on current law and federal programs. Bill summaries are authored by the Congressional Research Service (CRS) of the Library of Congress. As stated in Public Law 91-510 (2 USC 166 (d)(6)), one of the duties of CRS is "to prepare summaries and digests of bills and resolutions of a public general nature introduced in the Senate or House of Representatives". For more information, refer to the User Guide that accompanies this file.</dc:description>
  </dublinCore>
</billStatus>

