<?xml version="1.0" encoding="UTF-8"?>
<billStatus>
  <bill>
    <amendments />
    <latestAction>
      <actionDate>2017-05-01</actionDate>
      <text>Placed on Senate Legislative Calendar under General Orders. Calendar No. 43.</text>
      <links />
    </latestAction>
    <congress>115</congress>
    <subjects>
      <billSubjects>
        <legislativeSubjects>
          <item>
            <name>Accounting and auditing</name>
          </item>
          <item>
            <name>Congressional oversight</name>
          </item>
          <item>
            <name>Executive agency funding and structure</name>
          </item>
          <item>
            <name>Government employee pay, benefits, personnel management</name>
          </item>
          <item>
            <name>Government information and archives</name>
          </item>
          <item>
            <name>Government studies and investigations</name>
          </item>
          <item>
            <name>Performance measurement</name>
          </item>
        </legislativeSubjects>
        <policyArea>
          <name>Government Operations and Politics</name>
        </policyArea>
      </billSubjects>
    </subjects>
    <laws />
    <notes />
    <billType>S</billType>
    <sponsors>
      <item>
        <middleName />
        <bioguideId>L000575</bioguideId>
        <fullName>Sen. Lankford, James [R-OK]</fullName>
        <identifiers>
          <lisID>2050</lisID>
          <gpoId>8113</gpoId>
          <bioguideId>L000575</bioguideId>
        </identifiers>
        <byRequestType />
        <state>OK</state>
        <firstName>James</firstName>
        <party>R</party>
        <lastName>Lankford</lastName>
      </item>
    </sponsors>
    <recordedVotes />
    <committeeReports>
      <committeeReport>
        <citation>S. Rept. 115-34</citation>
      </committeeReport>
    </committeeReports>
    <introducedDate>2017-02-06</introducedDate>
    <updateDate>2018-08-28T20:23:35Z</updateDate>
    <cosponsors>
      <item>
        <fullName>Sen. McCaskill, Claire [D-MO]</fullName>
        <party>D</party>
        <bioguideId>M001170</bioguideId>
        <identifiers>
          <lisID>1820</lisID>
          <gpoId>8252</gpoId>
          <bioguideId>M001170</bioguideId>
        </identifiers>
        <lastName>McCaskill</lastName>
        <sponsorshipDate>2017-02-06</sponsorshipDate>
        <middleName />
        <isOriginalCosponsor>True</isOriginalCosponsor>
        <firstName>Claire</firstName>
        <state>MO</state>
        <sponsorshipWithdrawnDate />
      </item>
      <item>
        <fullName>Sen. Johnson, Ron [R-WI]</fullName>
        <party>R</party>
        <bioguideId>J000293</bioguideId>
        <identifiers>
          <lisID>2086</lisID>
          <bioguideId>J000293</bioguideId>
          <gpoId>8355</gpoId>
        </identifiers>
        <lastName>Johnson</lastName>
        <sponsorshipDate>2017-02-06</sponsorshipDate>
        <middleName />
        <isOriginalCosponsor>True</isOriginalCosponsor>
        <firstName>Ron</firstName>
        <state>WI</state>
        <sponsorshipWithdrawnDate />
      </item>
      <item>
        <fullName>Sen. Heitkamp, Heidi [D-ND]</fullName>
        <party>D</party>
        <bioguideId>H001069</bioguideId>
        <identifiers>
          <bioguideId>H001069</bioguideId>
          <lisID>2174</lisID>
          <gpoId />
        </identifiers>
        <lastName>Heitkamp</lastName>
        <sponsorshipDate>2017-02-06</sponsorshipDate>
        <middleName />
        <isOriginalCosponsor>True</isOriginalCosponsor>
        <firstName>Heidi</firstName>
        <state>ND</state>
        <sponsorshipWithdrawnDate />
      </item>
      <item>
        <fullName>Sen. McCain, John [R-AZ]</fullName>
        <party>R</party>
        <bioguideId>M000303</bioguideId>
        <identifiers>
          <lisID>754</lisID>
          <bioguideId>M000303</bioguideId>
          <gpoId>8253</gpoId>
        </identifiers>
        <lastName>MCCAIN</lastName>
        <sponsorshipDate>2017-02-06</sponsorshipDate>
        <middleName>SIDNEY</middleName>
        <isOriginalCosponsor>True</isOriginalCosponsor>
        <firstName>JOHN</firstName>
        <state>AZ</state>
        <sponsorshipWithdrawnDate />
      </item>
      <item>
        <fullName>Sen. Hassan, Margaret Wood [D-NH]</fullName>
        <party>D</party>
        <bioguideId>H001076</bioguideId>
        <identifiers>
          <lisID>2302</lisID>
          <gpoId />
          <bioguideId>H001076</bioguideId>
        </identifiers>
        <lastName>Hassan</lastName>
        <sponsorshipDate>2017-02-06</sponsorshipDate>
        <middleName>Wood</middleName>
        <isOriginalCosponsor>True</isOriginalCosponsor>
        <firstName>Margaret</firstName>
        <state>NH</state>
        <sponsorshipWithdrawnDate />
      </item>
      <item>
        <fullName>Sen. Portman, Rob [R-OH]</fullName>
        <party>R</party>
        <bioguideId>P000449</bioguideId>
        <identifiers>
          <lisID>924</lisID>
          <gpoId>8266</gpoId>
          <bioguideId>P000449</bioguideId>
        </identifiers>
        <lastName>PORTMAN</lastName>
        <sponsorshipDate>2017-02-06</sponsorshipDate>
        <middleName />
        <isOriginalCosponsor>True</isOriginalCosponsor>
        <firstName>ROB</firstName>
        <state>OH</state>
        <sponsorshipWithdrawnDate />
      </item>
      <item>
        <fullName>Sen. Daines, Steve [R-MT]</fullName>
        <party>R</party>
        <bioguideId>D000618</bioguideId>
        <identifiers>
          <lisID>2138</lisID>
          <gpoId />
          <bioguideId>D000618</bioguideId>
        </identifiers>
        <lastName>Daines</lastName>
        <sponsorshipDate>2017-02-06</sponsorshipDate>
        <middleName />
        <isOriginalCosponsor>True</isOriginalCosponsor>
        <firstName>Steve</firstName>
        <state>MT</state>
        <sponsorshipWithdrawnDate />
      </item>
      <item>
        <fullName>Sen. Fischer, Deb [R-NE]</fullName>
        <party>R</party>
        <bioguideId>F000463</bioguideId>
        <identifiers>
          <gpoId />
          <lisID>2179</lisID>
          <bioguideId>F000463</bioguideId>
        </identifiers>
        <lastName>Fischer</lastName>
        <sponsorshipDate>2017-02-06</sponsorshipDate>
        <middleName />
        <isOriginalCosponsor>True</isOriginalCosponsor>
        <firstName>Deb</firstName>
        <state>NE</state>
        <sponsorshipWithdrawnDate />
      </item>
      <item>
        <fullName>Sen. Enzi, Michael B. [R-WY]</fullName>
        <party>R</party>
        <bioguideId>E000285</bioguideId>
        <identifiers>
          <bioguideId>E000285</bioguideId>
          <lisID>1542</lisID>
          <gpoId>8328</gpoId>
        </identifiers>
        <lastName>ENZI</lastName>
        <sponsorshipDate>2017-03-02</sponsorshipDate>
        <middleName>B.</middleName>
        <isOriginalCosponsor>False</isOriginalCosponsor>
        <firstName>MICHAEL</firstName>
        <state>WY</state>
        <sponsorshipWithdrawnDate />
      </item>
      <item>
        <fullName>Sen. Tester, Jon [D-MT]</fullName>
        <party>D</party>
        <bioguideId>T000464</bioguideId>
        <identifiers>
          <lisID>1829</lisID>
          <gpoId>8258</gpoId>
          <bioguideId>T000464</bioguideId>
        </identifiers>
        <lastName>Tester</lastName>
        <sponsorshipDate>2017-05-17</sponsorshipDate>
        <middleName />
        <isOriginalCosponsor>False</isOriginalCosponsor>
        <firstName>Jon</firstName>
        <state>MT</state>
        <sponsorshipWithdrawnDate />
      </item>
      <item>
        <fullName>Sen. Kennedy, John [R-LA]</fullName>
        <party>R</party>
        <bioguideId>K000393</bioguideId>
        <identifiers>
          <lisID>2303</lisID>
          <bioguideId>K000393</bioguideId>
          <gpoId />
        </identifiers>
        <lastName>Kennedy</lastName>
        <sponsorshipDate>2017-11-13</sponsorshipDate>
        <middleName>Neely</middleName>
        <isOriginalCosponsor>False</isOriginalCosponsor>
        <firstName>John</firstName>
        <state>LA</state>
        <sponsorshipWithdrawnDate />
      </item>
    </cosponsors>
    <actions>
      <item>
        <actionDate>2017-05-01</actionDate>
        <committee />
        <links />
        <sourceSystem>
          <code>0</code>
          <name>Senate</name>
        </sourceSystem>
        <text>Placed on Senate Legislative Calendar under General Orders. Calendar No. 43.</text>
        <type>Calendars</type>
      </item>
      <item>
        <actionDate>2017-05-01</actionDate>
        <committee>
          <systemCode>ssga00</systemCode>
          <name>Homeland Security and Governmental Affairs Committee</name>
        </committee>
        <links>
          <link>
            <url>https://www.congress.gov/congressional-report/115th-congress/senate-report/34</url>
            <name>report No. 115-34</name>
          </link>
        </links>
        <sourceSystem>
          <code>0</code>
          <name>Senate</name>
        </sourceSystem>
        <text>Committee on Homeland Security and Governmental Affairs. Reported by Senator Johnson with an amendment. With written report No. 115-34.</text>
        <type>Committee</type>
      </item>
      <item>
        <text>Committee on Homeland Security and Governmental Affairs. Reported by Senator Johnson with an amendment. With written report No. 115-34.</text>
        <links>
          <link>
            <url>https://www.congress.gov/congressional-report/115th-congress/senate-report/34</url>
            <name>report No. 115-34</name>
          </link>
        </links>
        <type>Committee</type>
        <sourceSystem>
          <code>9</code>
          <name>Library of Congress</name>
        </sourceSystem>
        <committee>
          <systemCode>ssga00</systemCode>
          <name>Homeland Security and Governmental Affairs Committee</name>
        </committee>
        <actionDate>2017-05-01</actionDate>
        <actionCode>14000</actionCode>
      </item>
      <item>
        <actionDate>2017-03-15</actionDate>
        <committee>
          <systemCode>ssga00</systemCode>
          <name>Homeland Security and Governmental Affairs Committee</name>
        </committee>
        <links />
        <sourceSystem>
          <code>0</code>
          <name>Senate</name>
        </sourceSystem>
        <text>Committee on Homeland Security and Governmental Affairs. Ordered to be reported with an amendment favorably.</text>
        <type>Committee</type>
      </item>
      <item>
        <actionDate>2017-02-06</actionDate>
        <committee>
          <systemCode>ssga00</systemCode>
          <name>Homeland Security and Governmental Affairs Committee</name>
        </committee>
        <links />
        <sourceSystem>
          <code>0</code>
          <name>Senate</name>
        </sourceSystem>
        <text>Read twice and referred to the Committee on Homeland Security and Governmental Affairs.</text>
        <type>IntroReferral</type>
      </item>
      <item>
        <text>Introduced in Senate</text>
        <links />
        <type>IntroReferral</type>
        <sourceSystem>
          <code>9</code>
          <name>Library of Congress</name>
        </sourceSystem>
        <committee />
        <actionDate>2017-02-06</actionDate>
        <actionCode>10000</actionCode>
      </item>
      <actionTypeCounts>
        <reportedToSenate>2</reportedToSenate>
        <orderedReported>1</orderedReported>
        <referredToCommittee>1</referredToCommittee>
        <placedOnCalendarGeneralOrders>1</placedOnCalendarGeneralOrders>
        <introducedInSenate>1</introducedInSenate>
      </actionTypeCounts>
      <actionByCounts>
        <senate>6</senate>
      </actionByCounts>
    </actions>
    <committees>
      <billCommittees>
        <item>
          <systemCode>ssga00</systemCode>
          <subcommittees />
          <activities>
            <item>
              <name>Reported by</name>
              <date>2017-05-01T20:12:49Z</date>
            </item>
            <item>
              <name>Markup by</name>
              <date>2017-03-15T15:49:24Z</date>
            </item>
            <item>
              <name>Referred to</name>
              <date>2017-02-06T23:17:14Z</date>
            </item>
          </activities>
          <name>Homeland Security and Governmental Affairs Committee</name>
          <chamber>Senate</chamber>
          <type>Standing</type>
        </item>
      </billCommittees>
    </committees>
    <policyArea>
      <name>Government Operations and Politics</name>
    </policyArea>
    <version>1.0.0</version>
    <title>Taxpayers Right-To-Know Act</title>
    <createDate>2017-02-07T09:43:12Z</createDate>
    <billNumber>317</billNumber>
    <cboCostEstimates>
      <item>
        <title>S. 317, Taxpayers Right-To-Know Act</title>
        <url>https://www.cbo.gov/publication/52582</url>
        <pubDate>2017-04-07T15:02:00Z</pubDate>
      </item>
    </cboCostEstimates>
    <calendarNumbers>
      <item>
        <calendar>Senate Calendar of Business</calendar>
        <number>0043</number>
      </item>
    </calendarNumbers>
    <relatedBills>
      <item>
        <latestTitle>Taxpayers Right-To-Know Act</latestTitle>
        <number>71</number>
        <latestAction>
          <text>Received in the Senate and Read twice and referred to the Committee on Homeland Security and Governmental Affairs.</text>
          <actionDate>2017-01-05</actionDate>
        </latestAction>
        <type>HR</type>
        <congress>115</congress>
        <relationshipDetails>
          <item>
            <identifiedBy>CRS</identifiedBy>
            <type>Related bill</type>
          </item>
        </relationshipDetails>
      </item>
    </relatedBills>
    <summaries>
      <billSummaries>
        <item>
          <actionDesc>Introduced in Senate</actionDesc>
          <name>Introduced in Senate</name>
          <text><![CDATA[<p><strong>Taxpayers Right-To-Know Act</strong></p> <p>This bill requires that the Office of Management and Budget (OMB) website include an inventory that identifies each federal program for which there is more than $1 million in annual budget authority.</p> <p>For programs for which there is more than $1 million but not more than $10 million in annual budget authority (smaller programs), the inventory must include: </p> <ul> <li>an identification of the program activities that are aggregated, disaggregated, or consolidated; </li> <li>for each such program activity, the amount of funding for the current fiscal year and the previous two fiscal years; </li> <li>an identification of the statutes that authorize the program and any major regulations specific to the program; </li> <li>a description of the individuals served by a program and beneficiaries who received financial assistance under a program for the most recent fiscal year; and </li> <li>links to any evaluation, assessment, or program performance reviews by the agency, an Inspector General, or the Government Accountability Office (GAO) released during the preceding five years. </li></ul> <p>For programs for which there is more than $10 million in annual budget authority (larger programs), the inventory must also include specified additional information, including financial information for each program activity required to be reported under the Federal Funding Accountability and Transparency Act of 2006. </p> <p>The OMB shall archive and preserve the program inventory.</p> <p>The bill requires the OMB to issue initial guidance to assist agencies in identifying how the program activities used in budget or appropriations accounts correspond with programs identified in the program inventory. The OMB may: (1) issue initial guidance to agencies to ensure that programs are presented at a similar level of detail across agencies and are not duplicative; (2) exempt from the requirements of this bill, based on an analysis of the costs of implementation, agencies that are not required to have a chief financial officer and that have not more than $10 million in budget authority; and (3) based on an analysis of the costs of implementation, extend the bill's implementation deadline (June 30, 2019) in one-year increments and by not more than two years. </p>]]></text>
          <versionCode>00</versionCode>
          <lastSummaryUpdateDate>2017-08-08T13:42:49Z</lastSummaryUpdateDate>
          <updateDate>2017-02-06T05:00:00Z</updateDate>
          <actionDate>2017-02-06</actionDate>
        </item>
        <item>
          <actionDesc>Reported to Senate with amendment(s)</actionDesc>
          <name>Reported to Senate with amendment(s)</name>
          <text><![CDATA[<p><strong>Taxpayers Right-To-Know Act</strong></p> <p>(Sec. 2) This bill requires that the Office of Management and Budget (OMB) website include an inventory that identifies each federal program for which there is more than $1 million in annual budget authority.</p> <p>For programs for which there is more than $1 million but not more than $10 million in annual budget authority (smaller programs), the inventory must include: </p> <ul> <li>an identification of the program activities that are aggregated, disaggregated, or consolidated; </li> <li>for each such program activity, the amount of funding for the current fiscal year and the previous two fiscal years; </li> <li>an identification of the statutes that authorize the program and any major regulations specific to the program; </li> <li>a description of the individuals served by a program and beneficiaries who received financial assistance under a program for the most recent fiscal year; and </li> <li>links to any evaluation, assessment, or program performance reviews by the agency, an Inspector General, or the Government Accountability Office (GAO) released during the preceding five years.</li> </ul> <p>For programs for which there is more than $10 million in annual budget authority (larger programs), the inventory must also include specified additional information, including financial information for each program activity required to be reported under the Federal Funding Accountability and Transparency Act of 2006. </p> <p>The OMB shall archive and preserve the program inventory.</p> <p>(Sec. 3) The bill requires the OMB to issue initial guidance to assist agencies in identifying how the program activities used in budget or appropriations accounts correspond with programs identified in the program inventory. The OMB may: (1) issue initial guidance to agencies to ensure that programs are presented at a similar level of detail across agencies and are not duplicative; (2) exempt from the requirements of this bill, based on an analysis of the costs of implementation, agencies that are not required to have a chief financial officer and that have not more than $10 million in budget authority; and (3) based on an analysis of the costs of implementation, extend the bill's implementation deadline (June 30, 2019) in one-year increments and by not more than two years.</p> <p>The Government Accountability Office must report to Congress by five years after this bill's enactment regarding its implementation.</p>]]></text>
          <versionCode>01</versionCode>
          <lastSummaryUpdateDate>2018-01-18T23:10:01Z</lastSummaryUpdateDate>
          <updateDate>2017-05-01T14:17:31Z</updateDate>
          <actionDate>2017-05-01</actionDate>
        </item>
      </billSummaries>
    </summaries>
    <originChamber>Senate</originChamber>
    <titles>
      <item>
        <parentTitleType>Short Titles Senate</parentTitleType>
        <titleType>Short Titles as Reported to Senate</titleType>
        <chamberCode>S</chamberCode>
        <title>Taxpayers Right-To-Know Act</title>
        <chamberName>Senate</chamberName>
      </item>
      <item>
        <parentTitleType />
        <titleType>Short Titles as Introduced</titleType>
        <chamberCode />
        <title>Taxpayers Right-To-Know Act</title>
        <chamberName />
      </item>
      <item>
        <parentTitleType />
        <titleType>Official Title as Introduced</titleType>
        <chamberCode />
        <title>A bill to provide taxpayers with an annual report disclosing the cost and performance of Government programs and areas of duplication among them, and for other purposes.</title>
        <chamberName />
      </item>
      <item>
        <parentTitleType />
        <titleType>Display Title</titleType>
        <chamberCode />
        <title>Taxpayers Right-To-Know Act</title>
        <chamberName />
      </item>
      <item>
        <parentTitleType />
        <titleType>(Extracted from GPO) Short Titles as Reported to Senate</titleType>
        <chamberCode>S</chamberCode>
        <title>Taxpayers Right-To-Know Act</title>
        <chamberName>Senate</chamberName>
      </item>
      <item>
        <parentTitleType />
        <titleType>(Extracted from GPO) Short Titles as Introduced</titleType>
        <chamberCode />
        <title>Taxpayers Right-To-Know Act</title>
        <chamberName />
      </item>
    </titles>
  </bill>
  <dublinCore xmlns:dc="http://purl.org/dc/elements/1.1/">
    <dc:format>text/xml</dc:format>
    <dc:language>EN</dc:language>
    <dc:rights>Pursuant to Title 17 Section 105 of the United States Code, this file is not subject to copyright protection and is in the public domain.</dc:rights>
    <dc:contributor>Congressional Research Service, Library of Congress</dc:contributor>
    <dc:description>This file contains bill summaries and statuses for federal legislation. A bill summary describes the most significant provisions of a piece of legislation and details the effects the legislative text may have on current law and federal programs. Bill summaries are authored by the Congressional Research Service (CRS) of the Library of Congress. As stated in Public Law 91-510 (2 USC 166 (d)(6)), one of the duties of CRS is "to prepare summaries and digests of bills and resolutions of a public general nature introduced in the Senate or House of Representatives". For more information, refer to the User Guide that accompanies this file.</dc:description>
  </dublinCore>
</billStatus>

