<?xml version="1.0" encoding="UTF-8"?>
<billStatus>
  <bill>
    <amendments />
    <latestAction>
      <actionDate>2017-05-09</actionDate>
      <text>Placed on Senate Legislative Calendar under General Orders. Calendar No. 68.</text>
      <links />
    </latestAction>
    <congress>115</congress>
    <subjects>
      <billSubjects>
        <policyArea>
          <name>Public Lands and Natural Resources</name>
        </policyArea>
        <legislativeSubjects>
          <item>
            <name>Connecticut</name>
          </item>
          <item>
            <name>Lakes and rivers</name>
          </item>
          <item>
            <name>Wilderness and natural areas, wildlife refuges, wild rivers, habitats</name>
          </item>
        </legislativeSubjects>
      </billSubjects>
    </subjects>
    <laws />
    <notes />
    <billType>S</billType>
    <sponsors>
      <item>
        <middleName />
        <bioguideId>M001169</bioguideId>
        <fullName>Sen. Murphy, Christopher [D-CT]</fullName>
        <identifiers>
          <lisID>1837</lisID>
          <bioguideId>M001169</bioguideId>
          <gpoId>7870</gpoId>
        </identifiers>
        <byRequestType />
        <state>CT</state>
        <firstName>Christopher</firstName>
        <party>D</party>
        <lastName>Murphy</lastName>
      </item>
    </sponsors>
    <recordedVotes />
    <committeeReports>
      <committeeReport>
        <citation>S. Rept. 115-55</citation>
      </committeeReport>
    </committeeReports>
    <introducedDate>2017-03-14</introducedDate>
    <updateDate>2018-08-28T20:24:44Z</updateDate>
    <cosponsors>
      <item>
        <fullName>Sen. Blumenthal, Richard [D-CT]</fullName>
        <identifiers>
          <lisID>2076</lisID>
          <gpoId>8332</gpoId>
          <bioguideId>B001277</bioguideId>
        </identifiers>
        <sponsorshipDate>2017-07-11</sponsorshipDate>
        <lastName>Blumenthal</lastName>
        <firstName>Richard</firstName>
        <sponsorshipWithdrawnDate />
        <state>CT</state>
        <party>D</party>
        <middleName />
        <bioguideId>B001277</bioguideId>
        <isOriginalCosponsor>False</isOriginalCosponsor>
      </item>
    </cosponsors>
    <actions>
      <item>
        <actionDate>2017-05-09</actionDate>
        <committee />
        <links />
        <sourceSystem>
          <code>0</code>
          <name>Senate</name>
        </sourceSystem>
        <text>Placed on Senate Legislative Calendar under General Orders. Calendar No. 68.</text>
        <type>Calendars</type>
      </item>
      <item>
        <actionDate>2017-05-09</actionDate>
        <committee>
          <systemCode>sseg00</systemCode>
          <name>Energy and Natural Resources Committee</name>
        </committee>
        <links>
          <link>
            <url>https://www.congress.gov/congressional-report/115th-congress/senate-report/55</url>
            <name>report No. 115-55</name>
          </link>
        </links>
        <sourceSystem>
          <code>0</code>
          <name>Senate</name>
        </sourceSystem>
        <text>Committee on Energy and Natural Resources. Reported by Senator Murkowski without amendment. With written report No. 115-55.</text>
        <type>Committee</type>
      </item>
      <item>
        <text>Committee on Energy and Natural Resources. Reported by Senator Murkowski without amendment. With written report No. 115-55.</text>
        <type>Committee</type>
        <links>
          <link>
            <url>https://www.congress.gov/congressional-report/115th-congress/senate-report/55</url>
            <name>report No. 115-55</name>
          </link>
        </links>
        <actionDate>2017-05-09</actionDate>
        <sourceSystem>
          <code>9</code>
          <name>Library of Congress</name>
        </sourceSystem>
        <committee>
          <systemCode>sseg00</systemCode>
          <name>Energy and Natural Resources Committee</name>
        </committee>
        <actionCode>14000</actionCode>
      </item>
      <item>
        <actionDate>2017-03-30</actionDate>
        <committee>
          <systemCode>sseg00</systemCode>
          <name>Energy and Natural Resources Committee</name>
        </committee>
        <links />
        <sourceSystem>
          <code>0</code>
          <name>Senate</name>
        </sourceSystem>
        <text>Committee on Energy and Natural Resources. Ordered to be reported without amendment favorably.</text>
        <type>Committee</type>
      </item>
      <item>
        <actionDate>2017-03-14</actionDate>
        <committee>
          <systemCode>sseg00</systemCode>
          <name>Energy and Natural Resources Committee</name>
        </committee>
        <links />
        <sourceSystem>
          <code>0</code>
          <name>Senate</name>
        </sourceSystem>
        <text>Read twice and referred to the Committee on Energy and Natural Resources.</text>
        <type>IntroReferral</type>
      </item>
      <item>
        <text>Introduced in Senate</text>
        <type>IntroReferral</type>
        <links />
        <actionDate>2017-03-14</actionDate>
        <sourceSystem>
          <code>9</code>
          <name>Library of Congress</name>
        </sourceSystem>
        <committee />
        <actionCode>10000</actionCode>
      </item>
      <actionByCounts>
        <senate>6</senate>
      </actionByCounts>
      <actionTypeCounts>
        <placedOnCalendarGeneralOrders>1</placedOnCalendarGeneralOrders>
        <introducedInSenate>1</introducedInSenate>
        <reportedToSenate>2</reportedToSenate>
        <referredToCommittee>1</referredToCommittee>
        <orderedReported>1</orderedReported>
      </actionTypeCounts>
    </actions>
    <committees>
      <billCommittees>
        <item>
          <chamber>Senate</chamber>
          <systemCode>sseg00</systemCode>
          <subcommittees />
          <type>Standing</type>
          <name>Energy and Natural Resources Committee</name>
          <activities>
            <item>
              <name>Reported by</name>
              <date>2017-05-09T16:16:29Z</date>
            </item>
            <item>
              <name>Markup by</name>
              <date>2017-03-30T13:30:00Z</date>
            </item>
            <item>
              <name>Referred to</name>
              <date>2017-03-14T19:09:33Z</date>
            </item>
          </activities>
        </item>
      </billCommittees>
    </committees>
    <policyArea>
      <name>Public Lands and Natural Resources</name>
    </policyArea>
    <version>1.0.0</version>
    <title>Lower Farmington River and Salmon Brook Wild and Scenic River Act</title>
    <createDate>2017-03-15T05:00:55Z</createDate>
    <billNumber>617</billNumber>
    <cboCostEstimates>
      <item>
        <title>S. 617, Lower Farmington River and Salmon Brook Wild and Scenic River Act</title>
        <url>https://www.cbo.gov/publication/52604</url>
        <pubDate>2017-04-10T20:24:39Z</pubDate>
      </item>
    </cboCostEstimates>
    <calendarNumbers>
      <item>
        <calendar>Senate Calendar of Business</calendar>
        <number>0068</number>
      </item>
    </calendarNumbers>
    <relatedBills>
      <item>
        <congress>115</congress>
        <latestAction>
          <actionDate>2017-03-24</actionDate>
          <text>Referred to the Subcommittee on Federal Lands.</text>
        </latestAction>
        <relationshipDetails>
          <item>
            <type>Related bill</type>
            <identifiedBy>CRS</identifiedBy>
          </item>
        </relationshipDetails>
        <type>HR</type>
        <latestTitle>Lower Farmington River and Salmon Brook Wild and Scenic River Act</latestTitle>
        <number>1535</number>
      </item>
    </relatedBills>
    <summaries>
      <billSummaries>
        <item>
          <versionCode>00</versionCode>
          <actionDate>2017-03-14</actionDate>
          <actionDesc>Introduced in Senate</actionDesc>
          <name>Introduced in Senate</name>
          <lastSummaryUpdateDate>2017-05-17T15:17:34Z</lastSummaryUpdateDate>
          <text><![CDATA[<p><b>Lower Farmington River and Salmon Brook Wild and Scenic River Act</b></p> <p> This bill amends the Wild and Scenic Rivers Act to designate specified segments of the Lower Farmington River and Salmon Brook in Connecticut as components of the National Wild and Scenic Rivers System. </p> <p> The Department of the Interior shall manage: (1) the river segments according to the Lower Farmington River and Salmon Brook Management Plan, dated June 2011; and (2) coordinate the management responsibilities of Interior under this <times/> bill relating to such segments with the Lower Farmington River and Salmon Brook Wild and Scenic Committee. </p> <p> The designation made by this bill shall not be construed to: (1) prohibit, pre-empt, or abridge future licensing of the Rainbow Dam and Reservoir by the Federal Energy Regulatory Commission (FERC) as a federally licensed hydroelectric generation project, provided that FERC may establish any terms and conditions in a hydropower license for the dam as necessary to reduce impacts that invade or unreasonably diminish the scenic, recreational, and fish and wildlife values of the designated segments; or (2) affect the operation of, or impose any flow or release requirements on, the unlicensed hydroelectric facility at the dam and reservoir. </p> <p> The Lower Farmington River shall not be administered as part of the National Park System (NPS) or be subject to NPS regulations.</p> <p> The bill also revises the description of a specified designated segment of the Farmington River in Connecticut.</p>]]></text>
          <updateDate>2017-03-14T04:00:00Z</updateDate>
        </item>
        <item>
          <versionCode>80</versionCode>
          <actionDate>2017-05-09</actionDate>
          <actionDesc>Reported to Senate without amendment</actionDesc>
          <name>Reported to Senate without amendment</name>
          <lastSummaryUpdateDate>2017-06-01T21:54:47Z</lastSummaryUpdateDate>
          <text><![CDATA[<p>(This measure has not been amended since it was introduced. The summary has been expanded because action occurred on the measure.)</p> <p><b>Lower Farmington River and Salmon Brook Wild and Scenic River Act</b></p> <p> (Sec. 3) This bill amends the Wild and Scenic Rivers Act to designate specified segments of the Lower Farmington River and Salmon Brook in Connecticut as components of the National Wild and Scenic Rivers System. </p> <p> (Sec. 4) The Department of the Interior shall manage: (1) the river segments according to the Lower Farmington River and Salmon Brook Management Plan, dated June 2011; and (2) coordinate the management responsibilities of Interior under this <times/> bill relating to such segments with the Lower Farmington River and Salmon Brook Wild and Scenic Committee. </p> <p>Interior may enter into cooperative agreements with: (1) the state of Connecticut; (2) the towns of Avon, Bloomfield, Burlington, East Granby, Farmington, Granby, Hartland, Simsbury, and Windsor in Connecticut; and (3) appropriate local planning and environmental organizations. </p> <p>For purposes of the segments designated by this bill, the zoning ordinances adopted by the towns, including provisions for the conservation of floodplains, wetlands, and watercourses associated with such segments, shall be deemed to satisfy the Act's standards and requirements limiting or prohibiting federal acquisition of lands by condemnation. </p> <p>The authority of Interior to acquire lands for the purposes of such segments shall be limited to acquisition by donation or with the owner's consent and shall be subject to additional management plan criteria. </p> <p> The designation made by this bill shall not be construed to: (1) prohibit, pre-empt, or abridge future licensing of the Rainbow Dam and Reservoir by the Federal Energy Regulatory Commission (FERC) as a federally licensed hydroelectric generation project, provided that FERC may establish any terms and conditions in a hydropower license for the dam as necessary to reduce impacts that invade or unreasonably diminish the scenic, recreational, and fish and wildlife values of the designated segments; or (2) affect the operation of, or impose any flow or release requirements on, the unlicensed hydroelectric facility at the dam and reservoir. </p> <p> The Lower Farmington River shall not be administered as part of the National Park System (NPS) or be subject to NPS regulations.</p> <p> (Sec. 5) The bill also revises the description of a specified designated segment of the Farmington River in Connecticut.</p>]]></text>
          <updateDate>2017-05-09T13:52:08Z</updateDate>
        </item>
      </billSummaries>
    </summaries>
    <originChamber>Senate</originChamber>
    <titles>
      <item>
        <chamberName>Senate</chamberName>
        <chamberCode>S</chamberCode>
        <titleType>Short Titles as Reported to Senate</titleType>
        <title>Lower Farmington River and Salmon Brook Wild and Scenic River Act</title>
        <parentTitleType>Short Titles Senate</parentTitleType>
      </item>
      <item>
        <chamberName />
        <chamberCode />
        <titleType>Short Titles as Introduced</titleType>
        <title>Lower Farmington River and Salmon Brook Wild and Scenic River Act</title>
        <parentTitleType />
      </item>
      <item>
        <chamberName />
        <chamberCode />
        <titleType>Official Title as Introduced</titleType>
        <title>A bill to amend the Wild and Scenic Rivers Act to designate certain segments of the Farmington River and Salmon Brook in the State of Connecticut as components of the National Wild and Scenic Rivers System, and for other purposes.</title>
        <parentTitleType />
      </item>
      <item>
        <chamberName />
        <chamberCode />
        <titleType>Display Title</titleType>
        <title>Lower Farmington River and Salmon Brook Wild and Scenic River Act</title>
        <parentTitleType />
      </item>
      <item>
        <chamberName>Senate</chamberName>
        <chamberCode>S</chamberCode>
        <titleType>(Extracted from GPO) Short Titles as Reported to Senate</titleType>
        <title>Lower Farmington River and Salmon Brook Wild and Scenic River Act</title>
        <parentTitleType />
      </item>
      <item>
        <chamberName />
        <chamberCode />
        <titleType>(Extracted from GPO) Short Titles as Introduced</titleType>
        <title>Lower Farmington River and Salmon Brook Wild and Scenic River Act</title>
        <parentTitleType />
      </item>
    </titles>
  </bill>
  <dublinCore xmlns:dc="http://purl.org/dc/elements/1.1/">
    <dc:format>text/xml</dc:format>
    <dc:language>EN</dc:language>
    <dc:rights>Pursuant to Title 17 Section 105 of the United States Code, this file is not subject to copyright protection and is in the public domain.</dc:rights>
    <dc:contributor>Congressional Research Service, Library of Congress</dc:contributor>
    <dc:description>This file contains bill summaries and statuses for federal legislation. A bill summary describes the most significant provisions of a piece of legislation and details the effects the legislative text may have on current law and federal programs. Bill summaries are authored by the Congressional Research Service (CRS) of the Library of Congress. As stated in Public Law 91-510 (2 USC 166 (d)(6)), one of the duties of CRS is "to prepare summaries and digests of bills and resolutions of a public general nature introduced in the Senate or House of Representatives". For more information, refer to the User Guide that accompanies this file.</dc:description>
  </dublinCore>
</billStatus>

