<?xml version="1.0" encoding="UTF-8"?>
<billStatus>
  <bill>
    <policyArea>
      <name>Environmental Protection</name>
    </policyArea>
    <billType>S</billType>
    <latestAction>
      <links />
      <actionDate>2017-02-27</actionDate>
      <text>Read twice and referred to the Committee on Environment and Public Works.</text>
    </latestAction>
    <createDate>2017-02-28T05:17:32Z</createDate>
    <notes />
    <actions>
      <actionTypeCounts>
        <referredToCommittee>1</referredToCommittee>
        <introducedInSenate>1</introducedInSenate>
      </actionTypeCounts>
      <item>
        <actionDate>2017-02-27</actionDate>
        <committee>
          <systemCode>ssev00</systemCode>
          <name>Environment and Public Works Committee</name>
        </committee>
        <links />
        <sourceSystem>
          <name>Senate</name>
          <code>0</code>
        </sourceSystem>
        <text>Read twice and referred to the Committee on Environment and Public Works.</text>
        <type>IntroReferral</type>
      </item>
      <item>
        <actionDate>2017-02-27</actionDate>
        <actionCode>10000</actionCode>
        <committee />
        <text>Introduced in Senate</text>
        <links />
        <type>IntroReferral</type>
        <sourceSystem>
          <name>Library of Congress</name>
          <code>9</code>
        </sourceSystem>
      </item>
      <actionByCounts>
        <senate>2</senate>
      </actionByCounts>
    </actions>
    <calendarNumbers />
    <congress>115</congress>
    <subjects>
      <billSubjects>
        <legislativeSubjects>
          <item>
            <name>Administrative law and regulatory procedures</name>
          </item>
          <item>
            <name>Air quality</name>
          </item>
          <item>
            <name>Climate change and greenhouse gases</name>
          </item>
          <item>
            <name>Environmental Protection Agency (EPA)</name>
          </item>
          <item>
            <name>Environmental regulatory procedures</name>
          </item>
          <item>
            <name>Executive agency funding and structure</name>
          </item>
        </legislativeSubjects>
        <policyArea>
          <name>Environmental Protection</name>
        </policyArea>
      </billSubjects>
    </subjects>
    <billNumber>453</billNumber>
    <title>Agency PAYGO for Greenhouse Gases Act</title>
    <committees>
      <billCommittees>
        <item>
          <subcommittees />
          <systemCode>ssev00</systemCode>
          <name>Environment and Public Works Committee</name>
          <activities>
            <item>
              <date>2017-02-27T22:58:32Z</date>
              <name>Referred to</name>
            </item>
          </activities>
          <type>Standing</type>
          <chamber>Senate</chamber>
        </item>
      </billCommittees>
    </committees>
    <introducedDate>2017-02-27</introducedDate>
    <version>1.0.0</version>
    <committeeReports />
    <updateDate>2018-08-28T20:24:09Z</updateDate>
    <laws />
    <originChamber>Senate</originChamber>
    <cboCostEstimates />
    <sponsors>
      <item>
        <middleName />
        <bioguideId>F000444</bioguideId>
        <identifiers>
          <lisID>1633</lisID>
          <gpoId>7803</gpoId>
          <bioguideId>F000444</bioguideId>
        </identifiers>
        <fullName>Sen. Flake, Jeff [R-AZ]</fullName>
        <byRequestType />
        <party>R</party>
        <firstName>JEFF</firstName>
        <state>AZ</state>
        <lastName>FLAKE</lastName>
      </item>
    </sponsors>
    <relatedBills />
    <cosponsors>
      <item>
        <lastName>MCCAIN</lastName>
        <sponsorshipDate>2017-02-27</sponsorshipDate>
        <party>R</party>
        <fullName>Sen. McCain, John [R-AZ]</fullName>
        <identifiers>
          <lisID>754</lisID>
          <bioguideId>M000303</bioguideId>
          <gpoId>8253</gpoId>
        </identifiers>
        <firstName>JOHN</firstName>
        <sponsorshipWithdrawnDate />
        <state>AZ</state>
        <middleName>SIDNEY</middleName>
        <bioguideId>M000303</bioguideId>
        <isOriginalCosponsor>True</isOriginalCosponsor>
      </item>
      <item>
        <lastName>Cotton</lastName>
        <sponsorshipDate>2017-02-27</sponsorshipDate>
        <party>R</party>
        <fullName>Sen. Cotton, Tom [R-AR]</fullName>
        <identifiers>
          <gpoId />
          <lisID>2098</lisID>
          <bioguideId>C001095</bioguideId>
        </identifiers>
        <firstName>Tom</firstName>
        <sponsorshipWithdrawnDate />
        <state>AR</state>
        <middleName />
        <bioguideId>C001095</bioguideId>
        <isOriginalCosponsor>True</isOriginalCosponsor>
      </item>
    </cosponsors>
    <titles>
      <item>
        <titleType>Short Titles as Introduced</titleType>
        <chamberName />
        <chamberCode />
        <parentTitleType />
        <title>Agency PAYGO for Greenhouse Gases Act</title>
      </item>
      <item>
        <titleType>Official Title as Introduced</titleType>
        <chamberName />
        <chamberCode />
        <parentTitleType />
        <title>A bill to require the Administrator of the Environmental Protection Agency to include in any proposed rule that limits greenhouse gas emissions and imposes increased costs on other Federal agencies an offset from funds available to the Administrator for all projected increased costs that the proposed rule would impose on other Federal agencies.</title>
      </item>
      <item>
        <titleType>Display Title</titleType>
        <chamberName />
        <chamberCode />
        <parentTitleType />
        <title>Agency PAYGO for Greenhouse Gases Act</title>
      </item>
      <item>
        <titleType>(Extracted from GPO) Short Titles as Introduced</titleType>
        <chamberName />
        <chamberCode />
        <parentTitleType />
        <title>Agency PAYGO for Greenhouse Gases Act</title>
      </item>
    </titles>
    <recordedVotes />
    <summaries>
      <billSummaries>
        <item>
          <actionDesc>Introduced in Senate</actionDesc>
          <name>Introduced in Senate</name>
          <text><![CDATA[<p><b>Agency PAYGO for Greenhouse Gases Act</b></p> <p>This bill requires the Environmental Protection Agency (EPA) to include an offset in any proposed rule that limits greenhouse gas emissions and imposes increased costs on other agencies. The offset must be from funds available to the EPA and be for all projected increased costs imposed on other agencies. </p> <p>Agencies may not pass on the cost imposed by the rule on to any rate payer of the agencies.</p>]]></text>
          <versionCode>00</versionCode>
          <lastSummaryUpdateDate>2017-03-31T20:53:32Z</lastSummaryUpdateDate>
          <updateDate>2017-02-27T05:00:00Z</updateDate>
          <actionDate>2017-02-27</actionDate>
        </item>
      </billSummaries>
    </summaries>
    <amendments />
  </bill>
  <dublinCore xmlns:dc="http://purl.org/dc/elements/1.1/">
    <dc:format>text/xml</dc:format>
    <dc:language>EN</dc:language>
    <dc:rights>Pursuant to Title 17 Section 105 of the United States Code, this file is not subject to copyright protection and is in the public domain.</dc:rights>
    <dc:contributor>Congressional Research Service, Library of Congress</dc:contributor>
    <dc:description>This file contains bill summaries and statuses for federal legislation. A bill summary describes the most significant provisions of a piece of legislation and details the effects the legislative text may have on current law and federal programs. Bill summaries are authored by the Congressional Research Service (CRS) of the Library of Congress. As stated in Public Law 91-510 (2 USC 166 (d)(6)), one of the duties of CRS is "to prepare summaries and digests of bills and resolutions of a public general nature introduced in the Senate or House of Representatives". For more information, refer to the User Guide that accompanies this file.</dc:description>
  </dublinCore>
</billStatus>

