<?xml version="1.0" encoding="UTF-8"?>
<billStatus>
  <bill>
    <amendments />
    <billNumber>544</billNumber>
    <laws>
      <item>
        <type>Public Law</type>
        <number>115-26</number>
      </item>
    </laws>
    <cboCostEstimates />
    <originChamber>Senate</originChamber>
    <billType>S</billType>
    <summaries>
      <billSummaries>
        <item>
          <actionDesc>Introduced in Senate</actionDesc>
          <name>Introduced in Senate</name>
          <text><![CDATA[<p>This bill amends the Veterans Access, Choice, and Accountability Act of 2014 to eliminate the August 7, 2017, sunset date for the Veterans Choice Program, thus allowing the program to operate until all of the money in the Veterans Choice Fund is expended. </p> <p>The bill makes the Department of Veterans Affairs (VA) the primary payer (currently the VA is the secondary payer) for medical care relating to non-service connected disabilities and recovery of costs from third parties for certain care under the program.</p> <p>The VA may share medical information with a non-VA entity (including private entities and other federal agencies) that provides veterans with authorized hospital care or medical services. Such entity may not redisclose or use such information for a purpose other than that for which the disclosure was made.</p>]]></text>
          <versionCode>00</versionCode>
          <lastSummaryUpdateDate>2017-04-12T18:24:10Z</lastSummaryUpdateDate>
          <updateDate>2017-03-07T05:00:00Z</updateDate>
          <actionDate>2017-03-07</actionDate>
        </item>
        <item>
          <actionDesc>Passed Senate without amendment</actionDesc>
          <name>Passed Senate without amendment</name>
          <text><![CDATA[<p>(This measure has not been amended since it was introduced. The summary has been expanded because action occurred on the measure.)</p> <p> (Sec. 1) This bill amends the Veterans Access, Choice, and Accountability Act of 2014 to eliminate the August 7, 2017, sunset date for the Veterans Choice Program, thus allowing the program to operate until all of the money in the Veterans Choice Fund is expended. </p> <p>(Sec. 2) The bill makes the Department of Veterans Affairs (VA) the primary payer (currently the VA is the secondary payer) for medical care relating to non-service connected disabilities and recovery of costs from third parties for certain care under the program.</p> <p>(Sec. 3) The VA may share medical information with a non-VA entity (including private entities and other federal agencies) that provides veterans with authorized hospital care or medical services. Such entity may not redisclose or use such information for a purpose other than that for which the disclosure was made.</p>]]></text>
          <versionCode>82</versionCode>
          <lastSummaryUpdateDate>2017-04-12T18:25:13Z</lastSummaryUpdateDate>
          <updateDate>2017-04-03T10:45:18Z</updateDate>
          <actionDate>2017-04-03</actionDate>
        </item>
        <item>
          <actionDesc>Passed House without amendment</actionDesc>
          <name>Passed House without amendment</name>
          <text><![CDATA[<p>(This measure has not been amended since it was introduced. The expanded summary of the Senate passed version is repeated here.)</p> <p>(Sec. 1) This bill amends the Veterans Access, Choice, and Accountability Act of 2014 to eliminate the August 7, 2017, sunset date for the Veterans Choice Program, thus allowing the program to operate until all of the money in the Veterans Choice Fund is expended. </p> <p>(Sec. 2) The bill makes the Department of Veterans Affairs (VA) the primary payer (currently the VA is the secondary payer) for medical care relating to non-service connected disabilities and recovery of costs from third parties for certain care under the program.</p> <p>(Sec. 3) The VA may share medical information with a non-VA entity (including private entities and other federal agencies) that provides veterans with authorized hospital care or medical services. Such entity may not redisclose or use such information for a purpose other than that for which the disclosure was made.</p>]]></text>
          <versionCode>81</versionCode>
          <lastSummaryUpdateDate>2017-04-28T14:14:22Z</lastSummaryUpdateDate>
          <updateDate>2017-04-05T14:31:05Z</updateDate>
          <actionDate>2017-04-05</actionDate>
        </item>
        <item>
          <actionDesc>Public Law</actionDesc>
          <name>Public Law</name>
          <text><![CDATA[<p>(This measure has not been amended since it was introduced. The expanded summary of the Senate passed version is repeated here.)</p> <p>(Sec. 1) This bill amends the Veterans Access, Choice, and Accountability Act of 2014 to eliminate the August 7, 2017, sunset date for the Veterans Choice Program, thus allowing the program to operate until all of the money in the Veterans Choice Fund is expended. </p> <p>(Sec. 2) The bill makes the Department of Veterans Affairs (VA) the primary payer (currently the VA is the secondary payer) for medical care relating to non-service connected disabilities and recovery of costs from third parties for certain care under the program.</p> <p>(Sec. 3) The VA may share medical information with a non-VA entity (including private entities and other federal agencies) that provides veterans with authorized hospital care or medical services. Such entity may not redisclose or use such information for a purpose other than that for which the disclosure was made.</p>]]></text>
          <versionCode>49</versionCode>
          <lastSummaryUpdateDate>2017-04-28T14:14:33Z</lastSummaryUpdateDate>
          <updateDate>2017-04-20T03:59:58Z</updateDate>
          <actionDate>2017-04-19</actionDate>
        </item>
      </billSummaries>
    </summaries>
    <relatedBills>
      <item>
        <congress>115</congress>
        <number>369</number>
        <type>HR</type>
        <latestTitle>To eliminate the sunset of the Veterans Choice Program, and for other purposes.</latestTitle>
        <relationshipDetails>
          <item>
            <type>Related bill</type>
            <identifiedBy>House</identifiedBy>
          </item>
          <item>
            <type>Related bill</type>
            <identifiedBy>CRS</identifiedBy>
          </item>
        </relationshipDetails>
        <latestAction>
          <text>Placed on the Union Calendar, Calendar No. 36.</text>
          <actionDate>2017-03-29</actionDate>
        </latestAction>
      </item>
      <item>
        <congress>115</congress>
        <number>86</number>
        <type>S</type>
        <latestTitle>Veterans Choice Continuation Act</latestTitle>
        <relationshipDetails>
          <item>
            <type>Related bill</type>
            <identifiedBy>CRS</identifiedBy>
          </item>
        </relationshipDetails>
        <latestAction>
          <text>Read twice and referred to the Committee on Veterans' Affairs.</text>
          <actionDate>2017-01-10</actionDate>
        </latestAction>
      </item>
    </relatedBills>
    <createDate>2017-03-08T05:28:21Z</createDate>
    <sponsors>
      <item>
        <lastName>Tester</lastName>
        <party>D</party>
        <middleName />
        <fullName>Sen. Tester, Jon [D-MT]</fullName>
        <identifiers>
          <lisID>1829</lisID>
          <gpoId>8258</gpoId>
          <bioguideId>T000464</bioguideId>
        </identifiers>
        <state>MT</state>
        <firstName>Jon</firstName>
        <byRequestType />
        <bioguideId>T000464</bioguideId>
      </item>
    </sponsors>
    <notes />
    <updateDate>2018-08-28T20:24:27Z</updateDate>
    <committeeReports />
    <actions>
      <item>
        <text>Became Public Law No: 115-26.</text>
        <type>President</type>
        <committee />
        <actionDate>2017-04-19</actionDate>
        <links>
          <link>
            <name>Public Law No: 115-26</name>
            <url>https://www.congress.gov/bill/115th-congress/senate-bill/544/text/pl</url>
          </link>
        </links>
        <actionCode>E40000</actionCode>
        <sourceSystem>
          <code>2</code>
          <name>House floor actions</name>
        </sourceSystem>
      </item>
      <item>
        <text>Became Public Law No: 115-26.</text>
        <type>BecameLaw</type>
        <committee />
        <actionDate>2017-04-19</actionDate>
        <links>
          <link>
            <name>Public Law No: 115-26</name>
            <url>https://www.congress.gov/bill/115th-congress/senate-bill/544/text/pl</url>
          </link>
        </links>
        <actionCode>36000</actionCode>
        <sourceSystem>
          <code>9</code>
          <name>Library of Congress</name>
        </sourceSystem>
      </item>
      <item>
        <text>Signed by President.</text>
        <type>President</type>
        <committee />
        <actionDate>2017-04-19</actionDate>
        <links />
        <actionCode>E30000</actionCode>
        <sourceSystem>
          <code>2</code>
          <name>House floor actions</name>
        </sourceSystem>
      </item>
      <item>
        <text>Signed by President.</text>
        <type>BecameLaw</type>
        <committee />
        <actionDate>2017-04-19</actionDate>
        <links />
        <actionCode>36000</actionCode>
        <sourceSystem>
          <code>9</code>
          <name>Library of Congress</name>
        </sourceSystem>
      </item>
      <item>
        <text>Presented to President.</text>
        <type>Floor</type>
        <committee />
        <actionDate>2017-04-07</actionDate>
        <links />
        <actionCode>E20000</actionCode>
        <sourceSystem>
          <code>2</code>
          <name>House floor actions</name>
        </sourceSystem>
      </item>
      <item>
        <text>Presented to President.</text>
        <type>President</type>
        <committee />
        <actionDate>2017-04-07</actionDate>
        <links />
        <actionCode>28000</actionCode>
        <sourceSystem>
          <code>9</code>
          <name>Library of Congress</name>
        </sourceSystem>
      </item>
      <item>
        <text>Motion to reconsider laid on the table Agreed to without objection.</text>
        <actionTime>14:42:55</actionTime>
        <type>Floor</type>
        <committee />
        <sourceSystem>
          <code>2</code>
          <name>House floor actions</name>
        </sourceSystem>
        <links />
        <actionCode>H38310</actionCode>
        <actionDate>2017-04-05</actionDate>
      </item>
      <item>
        <text>On motion to suspend the rules and pass the bill Agreed to by voice vote. (text: CR H2722)</text>
        <actionTime>14:42:49</actionTime>
        <type>Floor</type>
        <committee />
        <sourceSystem>
          <code>2</code>
          <name>House floor actions</name>
        </sourceSystem>
        <links>
          <link>
            <name>H2722</name>
            <url>https://www.congress.gov/congressional-record/volume-163/house-section/page/H2722</url>
          </link>
        </links>
        <actionCode>H37300</actionCode>
        <actionDate>2017-04-05</actionDate>
      </item>
      <item>
        <text>Passed/agreed to in House: On motion to suspend the rules and pass the bill Agreed to by voice vote.(text: CR H2722)</text>
        <actionTime>14:42:49</actionTime>
        <type>Floor</type>
        <committee />
        <sourceSystem>
          <code>9</code>
          <name>Library of Congress</name>
        </sourceSystem>
        <links>
          <link>
            <name>H2722</name>
            <url>https://www.congress.gov/congressional-record/volume-163/house-section/page/H2722</url>
          </link>
        </links>
        <actionCode>8000</actionCode>
        <actionDate>2017-04-05</actionDate>
      </item>
      <item>
        <text>DEBATE - The House proceeded with forty minutes of debate on S. 544.</text>
        <actionTime>14:10:13</actionTime>
        <type>Floor</type>
        <committee />
        <sourceSystem>
          <code>2</code>
          <name>House floor actions</name>
        </sourceSystem>
        <links>
          <link>
            <name>S. 544</name>
            <url>https://www.congress.gov/bill/115th-congress/senate-bill/544</url>
          </link>
        </links>
        <actionCode>H8D000</actionCode>
        <actionDate>2017-04-05</actionDate>
      </item>
      <item>
        <text>Considered under suspension of the rules. (consideration: CR H2722-2726)</text>
        <actionTime>14:09:14</actionTime>
        <type>Floor</type>
        <committee />
        <sourceSystem>
          <code>2</code>
          <name>House floor actions</name>
        </sourceSystem>
        <links>
          <link>
            <name>H2722-2726</name>
            <url>https://www.congress.gov/congressional-record/volume-163/house-section/page/H2722-2726</url>
          </link>
        </links>
        <actionCode>H30000</actionCode>
        <actionDate>2017-04-05</actionDate>
      </item>
      <item>
        <text>Mr. Roe (TN) moved to suspend the rules and pass the bill.</text>
        <actionTime>14:08:56</actionTime>
        <type>Floor</type>
        <committee />
        <sourceSystem>
          <code>2</code>
          <name>House floor actions</name>
        </sourceSystem>
        <links />
        <actionCode>H30300</actionCode>
        <actionDate>2017-04-05</actionDate>
      </item>
      <item>
        <text>Held at the desk.</text>
        <actionTime>19:20:15</actionTime>
        <type>Floor</type>
        <committee />
        <sourceSystem>
          <code>2</code>
          <name>House floor actions</name>
        </sourceSystem>
        <links />
        <actionCode>H15000</actionCode>
        <actionDate>2017-04-03</actionDate>
      </item>
      <item>
        <text>Received in the House.</text>
        <actionTime>18:09:30</actionTime>
        <type>Floor</type>
        <committee />
        <sourceSystem>
          <code>2</code>
          <name>House floor actions</name>
        </sourceSystem>
        <links />
        <actionCode>H14000</actionCode>
        <actionDate>2017-04-03</actionDate>
      </item>
      <item>
        <actionDate>2017-04-03</actionDate>
        <committee />
        <links />
        <sourceSystem>
          <code>0</code>
          <name>Senate</name>
        </sourceSystem>
        <text>Message on Senate action sent to the House.</text>
        <type>Floor</type>
      </item>
      <item>
        <actionDate>2017-04-03</actionDate>
        <committee />
        <links>
          <link>
            <name>S2163</name>
            <url>https://www.congress.gov/congressional-record/volume-163/senate-section/page/S2163</url>
          </link>
        </links>
        <sourceSystem>
          <code>0</code>
          <name>Senate</name>
        </sourceSystem>
        <text>Passed Senate without amendment by Voice Vote. (text: CR S2163)</text>
        <type>Floor</type>
      </item>
      <item>
        <text>Passed/agreed to in Senate: Passed Senate without amendment by Voice Vote.(text: CR S2163)</text>
        <type>Floor</type>
        <committee />
        <actionDate>2017-04-03</actionDate>
        <links>
          <link>
            <name>S2163</name>
            <url>https://www.congress.gov/congressional-record/volume-163/senate-section/page/S2163</url>
          </link>
        </links>
        <actionCode>17000</actionCode>
        <sourceSystem>
          <code>9</code>
          <name>Library of Congress</name>
        </sourceSystem>
      </item>
      <item>
        <actionDate>2017-04-03</actionDate>
        <committee>
          <systemCode>ssva00</systemCode>
          <name>Veterans' Affairs Committee</name>
        </committee>
        <links>
          <link>
            <name>S2163-2164</name>
            <url>https://www.congress.gov/congressional-record/volume-163/senate-section/page/S2163-2164</url>
          </link>
        </links>
        <sourceSystem>
          <code>0</code>
          <name>Senate</name>
        </sourceSystem>
        <text>Senate Committee on Veterans' Affairs discharged by Unanimous Consent. (consideration: CR S2163-2164)</text>
        <type>Discharge</type>
      </item>
      <item>
        <text>Senate Committee on Veterans' Affairs discharged by Unanimous Consent.(consideration: CR S2163-2164)</text>
        <type>Committee</type>
        <committee>
          <systemCode>ssva00</systemCode>
          <name>Veterans' Affairs Committee</name>
        </committee>
        <actionDate>2017-04-03</actionDate>
        <links>
          <link>
            <name>S2163-2164</name>
            <url>https://www.congress.gov/congressional-record/volume-163/senate-section/page/S2163-2164</url>
          </link>
        </links>
        <actionCode>14500</actionCode>
        <sourceSystem>
          <code>9</code>
          <name>Library of Congress</name>
        </sourceSystem>
      </item>
      <item>
        <actionDate>2017-03-07</actionDate>
        <committee>
          <systemCode>ssva00</systemCode>
          <name>Veterans' Affairs Committee</name>
        </committee>
        <links />
        <sourceSystem>
          <code>0</code>
          <name>Senate</name>
        </sourceSystem>
        <text>Read twice and referred to the Committee on Veterans' Affairs.</text>
        <type>IntroReferral</type>
      </item>
      <item>
        <text>Introduced in Senate</text>
        <type>IntroReferral</type>
        <committee />
        <actionDate>2017-03-07</actionDate>
        <links />
        <actionCode>10000</actionCode>
        <sourceSystem>
          <code>9</code>
          <name>Library of Congress</name>
        </sourceSystem>
      </item>
      <actionByCounts>
        <senate>7</senate>
        <houseOfRepresentatives>8</houseOfRepresentatives>
      </actionByCounts>
      <actionTypeCounts>
        <generalDebate>1</generalDebate>
        <presentedToPresident>1</presentedToPresident>
        <finalPassageUnderSuspensionOfTheRulesResults>1</finalPassageUnderSuspensionOfTheRulesResults>
        <passedSenate>1</passedSenate>
        <committeeDischarged>1</committeeDischarged>
        <becamePublicLaw>2</becamePublicLaw>
        <referredToCommittee>1</referredToCommittee>
        <introducedInSenate>1</introducedInSenate>
        <passedAgreedToInHouse>1</passedAgreedToInHouse>
        <heldAtTheDesk>1</heldAtTheDesk>
        <passedAgreedToInSenate>1</passedAgreedToInSenate>
        <receivedInTheHouse>1</receivedInTheHouse>
        <placeholderTextForE>3</placeholderTextForE>
        <motionMadeToSuspendTheRules>1</motionMadeToSuspendTheRules>
        <motionToReconsiderResults>1</motionToReconsiderResults>
        <senateCommitteeDischarged>1</senateCommitteeDischarged>
        <sentToHouse>1</sentToHouse>
        <considerationByHouse>1</considerationByHouse>
      </actionTypeCounts>
    </actions>
    <cosponsors>
      <item>
        <lastName>MCCAIN</lastName>
        <middleName>SIDNEY</middleName>
        <sponsorshipWithdrawnDate />
        <bioguideId>M000303</bioguideId>
        <fullName>Sen. McCain, John [R-AZ]</fullName>
        <identifiers>
          <lisID>754</lisID>
          <bioguideId>M000303</bioguideId>
          <gpoId>8253</gpoId>
        </identifiers>
        <sponsorshipDate>2017-03-07</sponsorshipDate>
        <state>AZ</state>
        <firstName>JOHN</firstName>
        <isOriginalCosponsor>True</isOriginalCosponsor>
        <party>R</party>
      </item>
      <item>
        <lastName>MORAN</lastName>
        <middleName />
        <sponsorshipWithdrawnDate />
        <bioguideId>M000934</bioguideId>
        <fullName>Sen. Moran, Jerry [R-KS]</fullName>
        <identifiers>
          <lisID>1507</lisID>
          <bioguideId>M000934</bioguideId>
          <gpoId>8307</gpoId>
        </identifiers>
        <sponsorshipDate>2017-03-07</sponsorshipDate>
        <state>KS</state>
        <firstName>JERRY</firstName>
        <isOriginalCosponsor>True</isOriginalCosponsor>
        <party>R</party>
      </item>
      <item>
        <lastName>Isakson</lastName>
        <middleName />
        <sponsorshipWithdrawnDate />
        <bioguideId>I000055</bioguideId>
        <fullName>Sen. Isakson, Johnny [R-GA]</fullName>
        <identifiers>
          <bioguideId>I000055</bioguideId>
          <lisID>1608</lisID>
          <gpoId>8323</gpoId>
        </identifiers>
        <sponsorshipDate>2017-03-07</sponsorshipDate>
        <state>GA</state>
        <firstName>Johnny</firstName>
        <isOriginalCosponsor>True</isOriginalCosponsor>
        <party>R</party>
      </item>
      <item>
        <lastName>Blumenthal</lastName>
        <middleName />
        <sponsorshipWithdrawnDate />
        <bioguideId>B001277</bioguideId>
        <fullName>Sen. Blumenthal, Richard [D-CT]</fullName>
        <identifiers>
          <lisID>2076</lisID>
          <gpoId>8332</gpoId>
          <bioguideId>B001277</bioguideId>
        </identifiers>
        <sponsorshipDate>2017-03-07</sponsorshipDate>
        <state>CT</state>
        <firstName>Richard</firstName>
        <isOriginalCosponsor>True</isOriginalCosponsor>
        <party>D</party>
      </item>
      <item>
        <lastName>Schatz</lastName>
        <middleName />
        <sponsorshipWithdrawnDate />
        <bioguideId>S001194</bioguideId>
        <fullName>Sen. Schatz, Brian [D-HI]</fullName>
        <identifiers>
          <lisID>2173</lisID>
          <bioguideId>S001194</bioguideId>
          <gpoId />
        </identifiers>
        <sponsorshipDate>2017-03-07</sponsorshipDate>
        <state>HI</state>
        <firstName>Brian</firstName>
        <isOriginalCosponsor>True</isOriginalCosponsor>
        <party>D</party>
      </item>
      <item>
        <lastName>Bennet</lastName>
        <middleName>F.</middleName>
        <sponsorshipWithdrawnDate />
        <bioguideId>B001267</bioguideId>
        <fullName>Sen. Bennet, Michael F. [D-CO]</fullName>
        <identifiers>
          <lisID>1965</lisID>
          <gpoId>8302</gpoId>
          <bioguideId>B001267</bioguideId>
        </identifiers>
        <sponsorshipDate>2017-03-07</sponsorshipDate>
        <state>CO</state>
        <firstName>Michael</firstName>
        <isOriginalCosponsor>True</isOriginalCosponsor>
        <party>D</party>
      </item>
      <item>
        <lastName>Boozman</lastName>
        <middleName />
        <sponsorshipWithdrawnDate />
        <bioguideId>B001236</bioguideId>
        <fullName>Sen. Boozman, John [R-AR]</fullName>
        <identifiers>
          <lisID>1687</lisID>
          <bioguideId>B001236</bioguideId>
          <gpoId>8247</gpoId>
        </identifiers>
        <sponsorshipDate>2017-03-07</sponsorshipDate>
        <state>AR</state>
        <firstName>John</firstName>
        <isOriginalCosponsor>True</isOriginalCosponsor>
        <party>R</party>
      </item>
      <item>
        <lastName>Heitkamp</lastName>
        <middleName />
        <sponsorshipWithdrawnDate />
        <bioguideId>H001069</bioguideId>
        <fullName>Sen. Heitkamp, Heidi [D-ND]</fullName>
        <identifiers>
          <lisID>2174</lisID>
          <bioguideId>H001069</bioguideId>
          <gpoId />
        </identifiers>
        <sponsorshipDate>2017-03-07</sponsorshipDate>
        <state>ND</state>
        <firstName>Heidi</firstName>
        <isOriginalCosponsor>True</isOriginalCosponsor>
        <party>D</party>
      </item>
      <item>
        <lastName>Rounds</lastName>
        <middleName />
        <sponsorshipWithdrawnDate />
        <bioguideId>R000605</bioguideId>
        <fullName>Sen. Rounds, Mike  [R-SD]</fullName>
        <identifiers>
          <bioguideId>R000605</bioguideId>
          <lisID>2288</lisID>
          <gpoId />
        </identifiers>
        <sponsorshipDate>2017-03-07</sponsorshipDate>
        <state>SD</state>
        <firstName>Mike</firstName>
        <isOriginalCosponsor>True</isOriginalCosponsor>
        <party>R</party>
      </item>
      <item>
        <lastName>Manchin</lastName>
        <middleName />
        <sponsorshipWithdrawnDate />
        <bioguideId>M001183</bioguideId>
        <fullName>Sen. Manchin, Joe, III [D-WV]</fullName>
        <identifiers>
          <bioguideId>M001183</bioguideId>
          <lisID>1983</lisID>
          <gpoId>8256</gpoId>
        </identifiers>
        <sponsorshipDate>2017-03-08</sponsorshipDate>
        <state>WV</state>
        <firstName>Joe</firstName>
        <isOriginalCosponsor>False</isOriginalCosponsor>
        <party>D</party>
      </item>
      <item>
        <lastName>BALDWIN</lastName>
        <middleName />
        <sponsorshipWithdrawnDate />
        <bioguideId>B001230</bioguideId>
        <fullName>Sen. Baldwin, Tammy [D-WI]</fullName>
        <identifiers>
          <bioguideId>B001230</bioguideId>
          <gpoId>8215</gpoId>
          <lisID>1558</lisID>
        </identifiers>
        <sponsorshipDate>2017-03-09</sponsorshipDate>
        <state>WI</state>
        <firstName>TAMMY</firstName>
        <isOriginalCosponsor>False</isOriginalCosponsor>
        <party>D</party>
      </item>
      <item>
        <lastName>CRAPO</lastName>
        <middleName>D.</middleName>
        <sponsorshipWithdrawnDate />
        <bioguideId>C000880</bioguideId>
        <fullName>Sen. Crapo, Mike [R-ID]</fullName>
        <identifiers>
          <lisID>250</lisID>
          <bioguideId>C000880</bioguideId>
          <gpoId>8289</gpoId>
        </identifiers>
        <sponsorshipDate>2017-03-14</sponsorshipDate>
        <state>ID</state>
        <firstName>MICHAEL</firstName>
        <isOriginalCosponsor>False</isOriginalCosponsor>
        <party>R</party>
      </item>
      <item>
        <lastName>NELSON</lastName>
        <middleName>WILLIAM</middleName>
        <sponsorshipWithdrawnDate />
        <bioguideId>N000032</bioguideId>
        <fullName>Sen. Nelson, Bill [D-FL]</fullName>
        <identifiers>
          <lisID>859</lisID>
          <gpoId>8236</gpoId>
          <bioguideId>N000032</bioguideId>
        </identifiers>
        <sponsorshipDate>2017-03-14</sponsorshipDate>
        <state>FL</state>
        <firstName>CLARENCE</firstName>
        <isOriginalCosponsor>False</isOriginalCosponsor>
        <party>D</party>
      </item>
      <item>
        <lastName>BROWN</lastName>
        <middleName />
        <sponsorshipWithdrawnDate />
        <bioguideId>B000944</bioguideId>
        <fullName>Sen. Brown, Sherrod [D-OH]</fullName>
        <identifiers>
          <lisID>136</lisID>
          <bioguideId>B000944</bioguideId>
          <gpoId>8309</gpoId>
        </identifiers>
        <sponsorshipDate>2017-03-14</sponsorshipDate>
        <state>OH</state>
        <firstName>SHERROD</firstName>
        <isOriginalCosponsor>False</isOriginalCosponsor>
        <party>D</party>
      </item>
      <item>
        <lastName>Daines</lastName>
        <middleName />
        <sponsorshipWithdrawnDate />
        <bioguideId>D000618</bioguideId>
        <fullName>Sen. Daines, Steve [R-MT]</fullName>
        <identifiers>
          <gpoId />
          <lisID>2138</lisID>
          <bioguideId>D000618</bioguideId>
        </identifiers>
        <sponsorshipDate>2017-03-14</sponsorshipDate>
        <state>MT</state>
        <firstName>Steve</firstName>
        <isOriginalCosponsor>False</isOriginalCosponsor>
        <party>R</party>
      </item>
      <item>
        <lastName>Hirono</lastName>
        <middleName>K.</middleName>
        <sponsorshipWithdrawnDate />
        <bioguideId>H001042</bioguideId>
        <fullName>Sen. Hirono, Mazie K. [D-HI]</fullName>
        <identifiers>
          <bioguideId>H001042</bioguideId>
          <lisID>1844</lisID>
          <gpoId>7913</gpoId>
        </identifiers>
        <sponsorshipDate>2017-03-15</sponsorshipDate>
        <state>HI</state>
        <firstName>Mazie</firstName>
        <isOriginalCosponsor>False</isOriginalCosponsor>
        <party>D</party>
      </item>
      <item>
        <lastName>Hoeven</lastName>
        <middleName />
        <sponsorshipWithdrawnDate />
        <bioguideId>H001061</bioguideId>
        <fullName>Sen. Hoeven, John [R-ND]</fullName>
        <identifiers>
          <lisID>2079</lisID>
          <gpoId>8331</gpoId>
          <bioguideId>H001061</bioguideId>
        </identifiers>
        <sponsorshipDate>2017-03-15</sponsorshipDate>
        <state>ND</state>
        <firstName>John</firstName>
        <isOriginalCosponsor>False</isOriginalCosponsor>
        <party>R</party>
      </item>
      <item>
        <lastName>Peters</lastName>
        <middleName>C.</middleName>
        <sponsorshipWithdrawnDate />
        <bioguideId>P000595</bioguideId>
        <fullName>Sen. Peters, Gary C. [D-MI]</fullName>
        <identifiers>
          <lisID>1929</lisID>
          <gpoId>7994</gpoId>
          <bioguideId>P000595</bioguideId>
        </identifiers>
        <sponsorshipDate>2017-03-21</sponsorshipDate>
        <state>MI</state>
        <firstName>Gary</firstName>
        <isOriginalCosponsor>False</isOriginalCosponsor>
        <party>D</party>
      </item>
      <item>
        <lastName>Van Hollen</lastName>
        <middleName />
        <sponsorshipWithdrawnDate />
        <bioguideId>V000128</bioguideId>
        <fullName>Sen. Van Hollen, Chris [D-MD]</fullName>
        <identifiers>
          <lisID>1729</lisID>
          <bioguideId>V000128</bioguideId>
          <gpoId>7983</gpoId>
        </identifiers>
        <sponsorshipDate>2017-03-21</sponsorshipDate>
        <state>MD</state>
        <firstName>Chris</firstName>
        <isOriginalCosponsor>False</isOriginalCosponsor>
        <party>D</party>
      </item>
      <item>
        <lastName>Merkley</lastName>
        <middleName />
        <sponsorshipWithdrawnDate />
        <bioguideId>M001176</bioguideId>
        <fullName>Sen. Merkley, Jeff [D-OR]</fullName>
        <identifiers>
          <bioguideId>M001176</bioguideId>
          <gpoId>8238</gpoId>
          <lisID>1900</lisID>
        </identifiers>
        <sponsorshipDate>2017-03-28</sponsorshipDate>
        <state>OR</state>
        <firstName>Jeff</firstName>
        <isOriginalCosponsor>False</isOriginalCosponsor>
        <party>D</party>
      </item>
      <item>
        <lastName>King</lastName>
        <middleName />
        <sponsorshipWithdrawnDate />
        <bioguideId>K000383</bioguideId>
        <fullName>Sen. King, Angus S., Jr. [I-ME]</fullName>
        <identifiers>
          <lisID>2185</lisID>
          <gpoId />
          <bioguideId>K000383</bioguideId>
        </identifiers>
        <sponsorshipDate>2017-04-03</sponsorshipDate>
        <state>ME</state>
        <firstName>Angus</firstName>
        <isOriginalCosponsor>False</isOriginalCosponsor>
        <party>I</party>
      </item>
    </cosponsors>
    <title>A bill to amend the Veterans Access, Choice, and Accountability Act of 2014 to modify the termination date for the Veterans Choice Program, and for other purposes.</title>
    <introducedDate>2017-03-07</introducedDate>
    <recordedVotes />
    <congress>115</congress>
    <policyArea>
      <name>Armed Forces and National Security</name>
    </policyArea>
    <version>1.0.0</version>
    <calendarNumbers />
    <latestAction>
      <actionDate>2017-04-19</actionDate>
      <links>
        <link>
          <url>https://www.congress.gov/bill/115th-congress/senate-bill/544/text/pl</url>
          <name>Public Law No: 115-26</name>
        </link>
      </links>
      <text>Became Public Law No: 115-26.</text>
    </latestAction>
    <titles>
      <item>
        <titleType>Official Title as Introduced</titleType>
        <title>A bill to amend the Veterans Access, Choice, and Accountability Act of 2014 to modify the termination date for the Veterans Choice Program, and for other purposes.</title>
        <parentTitleType />
        <chamberCode />
        <chamberName />
      </item>
      <item>
        <titleType>Display Title</titleType>
        <title>A bill to amend the Veterans Access, Choice, and Accountability Act of 2014 to modify the termination date for the Veterans Choice Program, and for other purposes.</title>
        <parentTitleType />
        <chamberCode />
        <chamberName />
      </item>
    </titles>
    <committees>
      <billCommittees>
        <item>
          <subcommittees />
          <systemCode>ssva00</systemCode>
          <name>Veterans' Affairs Committee</name>
          <activities>
            <item>
              <date>2017-04-03T20:19:19Z</date>
              <name>Discharged from</name>
            </item>
            <item>
              <date>2017-03-07T21:25:08Z</date>
              <name>Referred to</name>
            </item>
          </activities>
          <type>Standing</type>
          <chamber>Senate</chamber>
        </item>
      </billCommittees>
    </committees>
    <subjects>
      <billSubjects>
        <legislativeSubjects>
          <item>
            <name>Disability and paralysis</name>
          </item>
          <item>
            <name>Health care coverage and access</name>
          </item>
          <item>
            <name>Health information and medical records</name>
          </item>
          <item>
            <name>Hospital care</name>
          </item>
          <item>
            <name>Veterans' medical care</name>
          </item>
        </legislativeSubjects>
        <policyArea>
          <name>Armed Forces and National Security</name>
        </policyArea>
      </billSubjects>
    </subjects>
  </bill>
  <dublinCore xmlns:dc="http://purl.org/dc/elements/1.1/">
    <dc:format>text/xml</dc:format>
    <dc:language>EN</dc:language>
    <dc:rights>Pursuant to Title 17 Section 105 of the United States Code, this file is not subject to copyright protection and is in the public domain.</dc:rights>
    <dc:contributor>Congressional Research Service, Library of Congress</dc:contributor>
    <dc:description>This file contains bill summaries and statuses for federal legislation. A bill summary describes the most significant provisions of a piece of legislation and details the effects the legislative text may have on current law and federal programs. Bill summaries are authored by the Congressional Research Service (CRS) of the Library of Congress. As stated in Public Law 91-510 (2 USC 166 (d)(6)), one of the duties of CRS is "to prepare summaries and digests of bills and resolutions of a public general nature introduced in the Senate or House of Representatives". For more information, refer to the User Guide that accompanies this file.</dc:description>
  </dublinCore>
</billStatus>

