<?xml version="1.0" encoding="UTF-8"?>
<billStatus>
  <bill>
    <amendments />
    <billNumber>800</billNumber>
    <laws />
    <cboCostEstimates />
    <originChamber>Senate</originChamber>
    <billType>S</billType>
    <summaries>
      <billSummaries>
        <item>
          <updateDate>2017-03-30T04:00:00Z</updateDate>
          <versionCode>00</versionCode>
          <name>Introduced in Senate</name>
          <text><![CDATA[<p><b>Coal Cleanup Taxpayer Protection Act</b></p> <p>This bill amends the Surface Mining Control and Reclamation Act to prohibit the Office of Surface Mining and Reclamation Enforcement (OSMRE)and state regulatory authoritiesfrom accepting new self-bonds for coal reclamation.Additionally, any existing self-bonds or corporate bondsutilized for coal reclamationmust be converted to surety or collateral bonds.</p> <p>The OSMRE may approve state or federal alternative coal miningbond programs thatresult in no greater risk of financial liability to the federalgovernment than a surety or collateral bond program.</p> <p>The bill also requires the OSMRE to issue rules establishing limitations on surety bondsto minimize the financial liability to the federal or stategovernment.</p>]]></text>
          <actionDate>2017-03-30</actionDate>
          <actionDesc>Introduced in Senate</actionDesc>
          <lastSummaryUpdateDate>2017-05-02T13:49:42Z</lastSummaryUpdateDate>
        </item>
      </billSummaries>
    </summaries>
    <relatedBills>
      <item>
        <latestAction>
          <actionDate>2017-04-11</actionDate>
          <text>Referred to the Subcommittee on Energy and Mineral Resources.</text>
        </latestAction>
        <relationshipDetails>
          <item>
            <identifiedBy>CRS</identifiedBy>
            <type>Identical bill</type>
          </item>
        </relationshipDetails>
        <congress>115</congress>
        <latestTitle>Coal Cleanup Taxpayer Protection Act</latestTitle>
        <type>HR</type>
        <number>1819</number>
      </item>
    </relatedBills>
    <createDate>2017-03-31T05:07:22Z</createDate>
    <sponsors>
      <item>
        <lastName>CANTWELL</lastName>
        <party>D</party>
        <middleName />
        <fullName>Sen. Cantwell, Maria [D-WA]</fullName>
        <identifiers>
          <lisID>172</lisID>
          <gpoId>8288</gpoId>
          <bioguideId>C000127</bioguideId>
        </identifiers>
        <state>WA</state>
        <firstName>MARIA</firstName>
        <byRequestType />
        <bioguideId>C000127</bioguideId>
      </item>
    </sponsors>
    <notes />
    <updateDate>2018-08-28T20:25:30Z</updateDate>
    <committeeReports />
    <actions>
      <item>
        <actionDate>2017-03-30</actionDate>
        <committee>
          <systemCode>sseg00</systemCode>
          <name>Energy and Natural Resources Committee</name>
        </committee>
        <links />
        <sourceSystem>
          <code>0</code>
          <name>Senate</name>
        </sourceSystem>
        <text>Read twice and referred to the Committee on Energy and Natural Resources.</text>
        <type>IntroReferral</type>
      </item>
      <item>
        <actionDate>2017-03-30</actionDate>
        <actionCode>10000</actionCode>
        <text>Introduced in Senate</text>
        <committee />
        <links />
        <type>IntroReferral</type>
        <sourceSystem>
          <code>9</code>
          <name>Library of Congress</name>
        </sourceSystem>
      </item>
      <actionTypeCounts>
        <referredToCommittee>1</referredToCommittee>
        <introducedInSenate>1</introducedInSenate>
      </actionTypeCounts>
      <actionByCounts>
        <senate>2</senate>
      </actionByCounts>
    </actions>
    <cosponsors>
      <item>
        <bioguideId>W000802</bioguideId>
        <middleName />
        <isOriginalCosponsor>True</isOriginalCosponsor>
        <fullName>Sen. Whitehouse, Sheldon [D-RI]</fullName>
        <lastName>Whitehouse</lastName>
        <state>RI</state>
        <party>D</party>
        <sponsorshipWithdrawnDate />
        <identifiers>
          <bioguideId>W000802</bioguideId>
          <lisID>1823</lisID>
          <gpoId>8264</gpoId>
        </identifiers>
        <sponsorshipDate>2017-03-30</sponsorshipDate>
        <firstName>Sheldon</firstName>
      </item>
      <item>
        <bioguideId>D000563</bioguideId>
        <middleName>J.</middleName>
        <isOriginalCosponsor>True</isOriginalCosponsor>
        <fullName>Sen. Durbin, Richard J. [D-IL]</fullName>
        <lastName>DURBIN</lastName>
        <state>IL</state>
        <party>D</party>
        <sponsorshipWithdrawnDate />
        <identifiers>
          <lisID>326</lisID>
          <gpoId>8326</gpoId>
          <bioguideId>D000563</bioguideId>
        </identifiers>
        <sponsorshipDate>2017-03-30</sponsorshipDate>
        <firstName>RICHARD</firstName>
      </item>
      <item>
        <bioguideId>H001046</bioguideId>
        <middleName />
        <isOriginalCosponsor>False</isOriginalCosponsor>
        <fullName>Sen. Heinrich, Martin [D-NM]</fullName>
        <lastName>Heinrich</lastName>
        <state>NM</state>
        <party>D</party>
        <sponsorshipWithdrawnDate />
        <identifiers>
          <lisID>1937</lisID>
          <bioguideId>H001046</bioguideId>
          <gpoId>8056</gpoId>
        </identifiers>
        <sponsorshipDate>2017-04-04</sponsorshipDate>
        <firstName>Martin</firstName>
      </item>
    </cosponsors>
    <title>Coal Cleanup Taxpayer Protection Act</title>
    <introducedDate>2017-03-30</introducedDate>
    <recordedVotes />
    <congress>115</congress>
    <policyArea>
      <name>Public Lands and Natural Resources</name>
    </policyArea>
    <version>1.0.0</version>
    <calendarNumbers />
    <latestAction>
      <actionDate>2017-03-30</actionDate>
      <links />
      <text>Read twice and referred to the Committee on Energy and Natural Resources.</text>
    </latestAction>
    <titles>
      <item>
        <titleType>Short Titles as Introduced</titleType>
        <title>Coal Cleanup Taxpayer Protection Act</title>
        <parentTitleType />
        <chamberCode />
        <chamberName />
      </item>
      <item>
        <titleType>Official Title as Introduced</titleType>
        <title>A bill to protect taxpayers from liability associated with the reclamation of surface coal mining operations, and for other purposes.</title>
        <parentTitleType />
        <chamberCode />
        <chamberName />
      </item>
      <item>
        <titleType>Display Title</titleType>
        <title>Coal Cleanup Taxpayer Protection Act</title>
        <parentTitleType />
        <chamberCode />
        <chamberName />
      </item>
      <item>
        <titleType>(Extracted from GPO) Short Titles as Introduced</titleType>
        <title>Coal Cleanup Taxpayer Protection Act</title>
        <parentTitleType />
        <chamberCode />
        <chamberName />
      </item>
    </titles>
    <committees>
      <billCommittees>
        <item>
          <type>Standing</type>
          <name>Energy and Natural Resources Committee</name>
          <systemCode>sseg00</systemCode>
          <chamber>Senate</chamber>
          <activities>
            <item>
              <name>Referred to</name>
              <date>2017-03-30T21:31:38Z</date>
            </item>
          </activities>
          <subcommittees />
        </item>
      </billCommittees>
    </committees>
    <subjects>
      <billSubjects>
        <policyArea>
          <name>Public Lands and Natural Resources</name>
        </policyArea>
        <legislativeSubjects>
          <item>
            <name>Coal</name>
          </item>
          <item>
            <name>Corporate finance and management</name>
          </item>
          <item>
            <name>Environmental regulatory procedures</name>
          </item>
          <item>
            <name>Government liability</name>
          </item>
          <item>
            <name>Land use and conservation</name>
          </item>
          <item>
            <name>Mining</name>
          </item>
          <item>
            <name>Pollution liability</name>
          </item>
          <item>
            <name>Solid waste and recycling</name>
          </item>
          <item>
            <name>State and local government operations</name>
          </item>
          <item>
            <name>Wages and earnings</name>
          </item>
        </legislativeSubjects>
      </billSubjects>
    </subjects>
  </bill>
  <dublinCore xmlns:dc="http://purl.org/dc/elements/1.1/">
    <dc:format>text/xml</dc:format>
    <dc:language>EN</dc:language>
    <dc:rights>Pursuant to Title 17 Section 105 of the United States Code, this file is not subject to copyright protection and is in the public domain.</dc:rights>
    <dc:contributor>Congressional Research Service, Library of Congress</dc:contributor>
    <dc:description>This file contains bill summaries and statuses for federal legislation. A bill summary describes the most significant provisions of a piece of legislation and details the effects the legislative text may have on current law and federal programs. Bill summaries are authored by the Congressional Research Service (CRS) of the Library of Congress. As stated in Public Law 91-510 (2 USC 166 (d)(6)), one of the duties of CRS is "to prepare summaries and digests of bills and resolutions of a public general nature introduced in the Senate or House of Representatives". For more information, refer to the User Guide that accompanies this file.</dc:description>
  </dublinCore>
</billStatus>

