<?xml version="1.0" encoding="UTF-8"?>
<billStatus>
  <bill>
    <committeeReports />
    <updateDate>2018-08-28T20:25:27Z</updateDate>
    <laws />
    <billType>S</billType>
    <subjects>
      <billSubjects>
        <policyArea>
          <name>Health</name>
        </policyArea>
        <legislativeSubjects>
          <item>
            <name>Health technology, devices, supplies</name>
          </item>
          <item>
            <name>Medicare</name>
          </item>
        </legislativeSubjects>
      </billSubjects>
    </subjects>
    <policyArea>
      <name>Health</name>
    </policyArea>
    <recordedVotes />
    <originChamber>Senate</originChamber>
    <latestAction>
      <text>Read twice and referred to the Committee on Finance.</text>
      <links />
      <actionDate>2017-03-30</actionDate>
    </latestAction>
    <billNumber>787</billNumber>
    <introducedDate>2017-03-30</introducedDate>
    <cosponsors>
      <item>
        <bioguideId>P000595</bioguideId>
        <party>D</party>
        <firstName>Gary</firstName>
        <fullName>Sen. Peters, Gary C. [D-MI]</fullName>
        <lastName>Peters</lastName>
        <state>MI</state>
        <isOriginalCosponsor>True</isOriginalCosponsor>
        <middleName>C.</middleName>
        <identifiers>
          <lisID>1929</lisID>
          <bioguideId>P000595</bioguideId>
          <gpoId>7994</gpoId>
        </identifiers>
        <sponsorshipDate>2017-03-30</sponsorshipDate>
        <sponsorshipWithdrawnDate />
      </item>
      <item>
        <bioguideId>T000464</bioguideId>
        <party>D</party>
        <firstName>Jon</firstName>
        <fullName>Sen. Tester, Jon [D-MT]</fullName>
        <lastName>Tester</lastName>
        <state>MT</state>
        <isOriginalCosponsor>False</isOriginalCosponsor>
        <middleName />
        <identifiers>
          <gpoId>8258</gpoId>
          <lisID>1829</lisID>
          <bioguideId>T000464</bioguideId>
        </identifiers>
        <sponsorshipDate>2017-09-12</sponsorshipDate>
        <sponsorshipWithdrawnDate />
      </item>
    </cosponsors>
    <committees>
      <billCommittees>
        <item>
          <systemCode>ssfi00</systemCode>
          <chamber>Senate</chamber>
          <type>Standing</type>
          <subcommittees />
          <name>Finance Committee</name>
          <activities>
            <item>
              <date>2017-03-30T18:37:02Z</date>
              <name>Referred to</name>
            </item>
          </activities>
        </item>
      </billCommittees>
    </committees>
    <notes />
    <relatedBills />
    <title>Telehealth Innovation and Improvement Act of 2017</title>
    <sponsors>
      <item>
        <fullName>Sen. Gardner, Cory [R-CO]</fullName>
        <firstName>Cory</firstName>
        <lastName>Gardner</lastName>
        <state>CO</state>
        <bioguideId>G000562</bioguideId>
        <party>R</party>
        <identifiers>
          <lisID>1998</lisID>
          <gpoId>7862</gpoId>
          <bioguideId>G000562</bioguideId>
        </identifiers>
        <byRequestType />
        <middleName />
      </item>
    </sponsors>
    <congress>115</congress>
    <version>1.0.0</version>
    <amendments />
    <titles>
      <item>
        <chamberCode />
        <titleType>Short Titles as Introduced</titleType>
        <parentTitleType />
        <chamberName />
        <title>Telehealth Innovation and Improvement Act of 2017</title>
      </item>
      <item>
        <chamberCode />
        <titleType>Official Title as Introduced</titleType>
        <parentTitleType />
        <chamberName />
        <title>A bill to require the Center for Medicare and Medicaid Innovation to test the effect of including telehealth services in Medicare health care delivery reform models.</title>
      </item>
      <item>
        <chamberCode />
        <titleType>Display Title</titleType>
        <parentTitleType />
        <chamberName />
        <title>Telehealth Innovation and Improvement Act of 2017</title>
      </item>
      <item>
        <chamberCode />
        <titleType>(Extracted from GPO) Short Titles as Introduced</titleType>
        <parentTitleType />
        <chamberName />
        <title>Telehealth Innovation and Improvement Act of 2017</title>
      </item>
    </titles>
    <createDate>2017-03-31T05:07:21Z</createDate>
    <cboCostEstimates />
    <calendarNumbers />
    <actions>
      <item>
        <actionDate>2017-03-30</actionDate>
        <committee>
          <systemCode>ssfi00</systemCode>
          <name>Finance Committee</name>
        </committee>
        <links />
        <sourceSystem>
          <code>0</code>
          <name>Senate</name>
        </sourceSystem>
        <text>Read twice and referred to the Committee on Finance.</text>
        <type>IntroReferral</type>
      </item>
      <item>
        <actionDate>2017-03-30</actionDate>
        <links />
        <sourceSystem>
          <code>9</code>
          <name>Library of Congress</name>
        </sourceSystem>
        <committee />
        <text>Introduced in Senate</text>
        <type>IntroReferral</type>
        <actionCode>10000</actionCode>
      </item>
      <actionByCounts>
        <senate>2</senate>
      </actionByCounts>
      <actionTypeCounts>
        <introducedInSenate>1</introducedInSenate>
        <referredToCommittee>1</referredToCommittee>
      </actionTypeCounts>
    </actions>
    <summaries>
      <billSummaries>
        <item>
          <actionDesc>Introduced in Senate</actionDesc>
          <name>Introduced in Senate</name>
          <text><![CDATA[<p><strong>Telehealth Innovation and Improvement Act of 2017</strong></p> <p>This bill amends titles XI (General Provisions) and XVIII (Medicare) of the Social Security Act to establish: (1) a telehealth service model, and (2) Medicare payment&nbsp;rules with respect to&nbsp;certain services tested under&nbsp;the model.</p> <p>The Centers for Medicare &amp; Medicaid Services (CMS) shall test Medicare coverage of expanded telehealth services, as defined by the bill, in conjunction with existing models that test the use of accountable care organizations, bundled payments, and other coordinated care models under Medicare. CMS must: (1)&nbsp;establish a methodology for determining the amounts of payment for such services, and (2) provide for evaluations of the service model by an independent entity.</p> <p>CMS shall expand the application of a service tested under the model if: (1) the&nbsp;required evaluation demonstrates that the service either reduced Medicare spending without reducing the quality of care or improved the quality of care without increasing spending, and (2) the Chief Actuary of CMS certifies that such expansion would reduce net program spending. A service that&nbsp;meets these requirements is defined by the bill as a "certified enhanced telehealth service."</p> <p>Medicare payment for a certified enhanced telehealth service shall equal 80% of the lesser of: (1) the actual charge for the service, or (2) the amount determined using the payment methodology established under the test model. </p> <p>CMS shall pay for such services without regard to a Medicare beneficiary's location or area of residence.</p>]]></text>
          <versionCode>00</versionCode>
          <lastSummaryUpdateDate>2017-05-30T15:31:59Z</lastSummaryUpdateDate>
          <updateDate>2017-03-30T04:00:00Z</updateDate>
          <actionDate>2017-03-30</actionDate>
        </item>
      </billSummaries>
    </summaries>
  </bill>
  <dublinCore xmlns:dc="http://purl.org/dc/elements/1.1/">
    <dc:format>text/xml</dc:format>
    <dc:language>EN</dc:language>
    <dc:rights>Pursuant to Title 17 Section 105 of the United States Code, this file is not subject to copyright protection and is in the public domain.</dc:rights>
    <dc:contributor>Congressional Research Service, Library of Congress</dc:contributor>
    <dc:description>This file contains bill summaries and statuses for federal legislation. A bill summary describes the most significant provisions of a piece of legislation and details the effects the legislative text may have on current law and federal programs. Bill summaries are authored by the Congressional Research Service (CRS) of the Library of Congress. As stated in Public Law 91-510 (2 USC 166 (d)(6)), one of the duties of CRS is "to prepare summaries and digests of bills and resolutions of a public general nature introduced in the Senate or House of Representatives". For more information, refer to the User Guide that accompanies this file.</dc:description>
  </dublinCore>
</billStatus>

