<?xml version="1.0" encoding="UTF-8"?>
<billStatus>
  <bill>
    <amendments />
    <latestAction>
      <actionDate>2018-03-22</actionDate>
      <text>Placed on the Union Calendar, Calendar No. 469.</text>
      <links />
    </latestAction>
    <congress>115</congress>
    <subjects>
      <billSubjects>
        <legislativeSubjects>
          <item>
            <name>Arizona</name>
          </item>
          <item>
            <name>Forests, forestry, trees</name>
          </item>
          <item>
            <name>Land transfers</name>
          </item>
        </legislativeSubjects>
        <policyArea>
          <name>Public Lands and Natural Resources</name>
        </policyArea>
      </billSubjects>
    </subjects>
    <laws />
    <notes />
    <billType>S</billType>
    <sponsors>
      <item>
        <middleName />
        <bioguideId>F000444</bioguideId>
        <fullName>Sen. Flake, Jeff [R-AZ]</fullName>
        <identifiers>
          <lisID>1633</lisID>
          <gpoId>7803</gpoId>
          <bioguideId>F000444</bioguideId>
        </identifiers>
        <byRequestType />
        <state>AZ</state>
        <firstName>JEFF</firstName>
        <party>R</party>
        <lastName>FLAKE</lastName>
      </item>
    </sponsors>
    <recordedVotes />
    <committeeReports>
      <committeeReport>
        <citation>S. Rept. 115-41</citation>
      </committeeReport>
      <committeeReport>
        <citation>H. Rept. 115-615</citation>
      </committeeReport>
    </committeeReports>
    <introducedDate>2017-02-28</introducedDate>
    <updateDate>2018-08-28T20:24:12Z</updateDate>
    <cosponsors>
      <item>
        <bioguideId>M000303</bioguideId>
        <middleName>SIDNEY</middleName>
        <isOriginalCosponsor>True</isOriginalCosponsor>
        <fullName>Sen. McCain, John [R-AZ]</fullName>
        <lastName>MCCAIN</lastName>
        <state>AZ</state>
        <party>R</party>
        <sponsorshipWithdrawnDate />
        <identifiers>
          <lisID>754</lisID>
          <bioguideId>M000303</bioguideId>
          <gpoId>8253</gpoId>
        </identifiers>
        <sponsorshipDate>2017-02-28</sponsorshipDate>
        <firstName>JOHN</firstName>
      </item>
    </cosponsors>
    <actions>
      <actionTypeCounts>
        <passedSenate>1</passedSenate>
        <reportedToSenate>2</reportedToSenate>
        <reportedToHouse>1</reportedToHouse>
        <sentToHouse>1</sentToHouse>
        <actionStageOverride>1</actionStageOverride>
        <placedOnCalendarGeneralOrders>1</placedOnCalendarGeneralOrders>
        <passedAgreedToInSenate>1</passedAgreedToInSenate>
        <introducedInSenate>1</introducedInSenate>
        <placeholderTextForH>3</placeholderTextForH>
        <referredToCommittee>1</referredToCommittee>
        <unionCalendarAssignment>1</unionCalendarAssignment>
        <receivedInTheHouse>1</receivedInTheHouse>
        <orderedReported>1</orderedReported>
        <committeeReportOfABill>1</committeeReportOfABill>
        <billReferrals>1</billReferrals>
      </actionTypeCounts>
      <item>
        <actionDate>2018-03-22</actionDate>
        <links />
        <text>Placed on the Union Calendar, Calendar No. 469.</text>
        <type>Calendars</type>
        <actionCode>H12410</actionCode>
        <sourceSystem>
          <name>House floor actions</name>
          <code>2</code>
        </sourceSystem>
        <committee />
      </item>
      <item>
        <actionDate>2018-03-22</actionDate>
        <links>
          <link>
            <name>H. Rept. 115-615</name>
            <url>https://www.congress.gov/congressional-report/115th-congress/house-report/615</url>
          </link>
        </links>
        <text>Reported (Amended) by the Committee on Natural Resources. H. Rept. 115-615.</text>
        <type>Committee</type>
        <actionCode>H12200</actionCode>
        <sourceSystem>
          <name>House floor actions</name>
          <code>2</code>
        </sourceSystem>
        <committee>
          <systemCode>hsii00</systemCode>
          <name>Natural Resources Committee</name>
        </committee>
      </item>
      <item>
        <actionDate>2018-03-22</actionDate>
        <links>
          <link>
            <name>H. Rept. 115-615</name>
            <url>https://www.congress.gov/congressional-report/115th-congress/house-report/615</url>
          </link>
        </links>
        <text>Reported (Amended) by the Committee on Natural Resources. H. Rept. 115-615.</text>
        <type>Committee</type>
        <actionCode>5000</actionCode>
        <sourceSystem>
          <name>Library of Congress</name>
          <code>9</code>
        </sourceSystem>
        <committee>
          <systemCode>hsii00</systemCode>
          <name>Natural Resources Committee</name>
        </committee>
      </item>
      <item>
        <actionDate>2018-03-14</actionDate>
        <committee>
          <systemCode>hsii00</systemCode>
          <name>Natural Resources Committee</name>
        </committee>
        <links />
        <sourceSystem>
          <name>House committee actions</name>
          <code>1</code>
        </sourceSystem>
        <text>Ordered to be Reported (Amended) by Unanimous Consent.</text>
        <type>Committee</type>
      </item>
      <item>
        <actionDate>2018-03-14</actionDate>
        <committee>
          <systemCode>hsii00</systemCode>
          <name>Natural Resources Committee</name>
        </committee>
        <links />
        <sourceSystem>
          <name>House committee actions</name>
          <code>1</code>
        </sourceSystem>
        <text>Committee Consideration and Mark-up Session Held.</text>
        <type>Committee</type>
      </item>
      <item>
        <actionDate>2018-03-14</actionDate>
        <committee>
          <systemCode>hsii00</systemCode>
          <name>Natural Resources Committee</name>
        </committee>
        <links />
        <sourceSystem>
          <name>House committee actions</name>
          <code>1</code>
        </sourceSystem>
        <text>Subcommittee on Federal Lands Discharged.</text>
        <type>Committee</type>
      </item>
      <item>
        <actionDate>2018-01-02</actionDate>
        <committee>
          <systemCode>hsii10</systemCode>
          <name>Federal Lands Subcommittee</name>
        </committee>
        <links />
        <sourceSystem>
          <name>House committee actions</name>
          <code>1</code>
        </sourceSystem>
        <text>Referred to the Subcommittee on Federal Lands.</text>
        <type>Committee</type>
      </item>
      <item>
        <actionDate>2017-12-22</actionDate>
        <links />
        <text>Referred to the House Committee on Natural Resources.</text>
        <type>IntroReferral</type>
        <actionCode>H11100</actionCode>
        <sourceSystem>
          <name>House floor actions</name>
          <code>2</code>
        </sourceSystem>
        <committee>
          <systemCode>hsii00</systemCode>
          <name>Natural Resources Committee</name>
        </committee>
      </item>
      <item>
        <actionDate>2017-12-22</actionDate>
        <actionTime>14:05:50</actionTime>
        <committee />
        <links />
        <text>Received in the House.</text>
        <actionCode>H14000</actionCode>
        <sourceSystem>
          <name>House floor actions</name>
          <code>2</code>
        </sourceSystem>
        <type>Floor</type>
      </item>
      <item>
        <actionDate>2017-12-22</actionDate>
        <committee />
        <links />
        <sourceSystem>
          <name>Senate</name>
          <code>0</code>
        </sourceSystem>
        <text>Message on Senate action sent to the House.</text>
        <type>Floor</type>
      </item>
      <item>
        <actionDate>2017-12-21</actionDate>
        <committee />
        <links>
          <link>
            <name>S8267-8269</name>
            <url>https://www.congress.gov/congressional-record/volume-163/senate-section/page/S8267-8269</url>
          </link>
          <link>
            <name>S8269</name>
            <url>https://www.congress.gov/congressional-record/volume-163/senate-section/page/S8269</url>
          </link>
        </links>
        <sourceSystem>
          <name>Senate</name>
          <code>0</code>
        </sourceSystem>
        <text>Passed Senate without amendment by Voice Vote. (consideration: CR S8267-8269; text: CR S8269)</text>
        <type>Floor</type>
      </item>
      <item>
        <actionDate>2017-12-21</actionDate>
        <links>
          <link>
            <name>S8267-8269</name>
            <url>https://www.congress.gov/congressional-record/volume-163/senate-section/page/S8267-8269</url>
          </link>
          <link>
            <name>S8269</name>
            <url>https://www.congress.gov/congressional-record/volume-163/senate-section/page/S8269</url>
          </link>
        </links>
        <text>Passed/agreed to in Senate: Passed Senate without amendment by Voice Vote.(consideration: CR S8267-8269; text: CR S8269)</text>
        <type>Floor</type>
        <actionCode>17000</actionCode>
        <sourceSystem>
          <name>Library of Congress</name>
          <code>9</code>
        </sourceSystem>
        <committee />
      </item>
      <item>
        <actionDate>2017-05-03</actionDate>
        <committee />
        <links />
        <sourceSystem>
          <name>Senate</name>
          <code>0</code>
        </sourceSystem>
        <text>Placed on Senate Legislative Calendar under General Orders. Calendar No. 55.</text>
        <type>Calendars</type>
      </item>
      <item>
        <actionDate>2017-05-03</actionDate>
        <committee>
          <systemCode>sseg00</systemCode>
          <name>Energy and Natural Resources Committee</name>
        </committee>
        <links>
          <link>
            <name>report No. 115-41</name>
            <url>https://www.congress.gov/congressional-report/115th-congress/senate-report/41</url>
          </link>
        </links>
        <sourceSystem>
          <name>Senate</name>
          <code>0</code>
        </sourceSystem>
        <text>Committee on Energy and Natural Resources. Reported by Senator Murkowski without amendment. With written report No. 115-41.</text>
        <type>Committee</type>
      </item>
      <item>
        <actionDate>2017-05-03</actionDate>
        <links>
          <link>
            <name>report No. 115-41</name>
            <url>https://www.congress.gov/congressional-report/115th-congress/senate-report/41</url>
          </link>
        </links>
        <text>Committee on Energy and Natural Resources. Reported by Senator Murkowski without amendment. With written report No. 115-41.</text>
        <type>Committee</type>
        <actionCode>14000</actionCode>
        <sourceSystem>
          <name>Library of Congress</name>
          <code>9</code>
        </sourceSystem>
        <committee>
          <systemCode>sseg00</systemCode>
          <name>Energy and Natural Resources Committee</name>
        </committee>
      </item>
      <item>
        <actionDate>2017-03-30</actionDate>
        <committee>
          <systemCode>sseg00</systemCode>
          <name>Energy and Natural Resources Committee</name>
        </committee>
        <links />
        <sourceSystem>
          <name>Senate</name>
          <code>0</code>
        </sourceSystem>
        <text>Committee on Energy and Natural Resources. Ordered to be reported without amendment favorably.</text>
        <type>Committee</type>
      </item>
      <item>
        <actionDate>2017-02-28</actionDate>
        <committee>
          <systemCode>sseg00</systemCode>
          <name>Energy and Natural Resources Committee</name>
        </committee>
        <links />
        <sourceSystem>
          <name>Senate</name>
          <code>0</code>
        </sourceSystem>
        <text>Read twice and referred to the Committee on Energy and Natural Resources.</text>
        <type>IntroReferral</type>
      </item>
      <item>
        <actionDate>2017-02-28</actionDate>
        <links />
        <text>Introduced in Senate</text>
        <type>IntroReferral</type>
        <actionCode>10000</actionCode>
        <sourceSystem>
          <name>Library of Congress</name>
          <code>9</code>
        </sourceSystem>
        <committee />
      </item>
      <actionByCounts>
        <houseOfRepresentatives>9</houseOfRepresentatives>
        <senate>9</senate>
      </actionByCounts>
    </actions>
    <committees>
      <billCommittees>
        <item>
          <subcommittees>
            <item>
              <systemCode>hsii10</systemCode>
              <name>Federal Lands Subcommittee</name>
              <activities>
                <item>
                  <date>2018-03-14T19:49:57Z</date>
                  <name>Discharged from</name>
                </item>
                <item>
                  <date>2018-01-02T21:36:42Z</date>
                  <name>Referred to</name>
                </item>
              </activities>
            </item>
          </subcommittees>
          <type>Standing</type>
          <systemCode>hsii00</systemCode>
          <name>Natural Resources Committee</name>
          <activities>
            <item>
              <date>2018-03-22T19:14:24Z</date>
              <name>Reported by</name>
            </item>
            <item>
              <date>2018-03-14T19:50:34Z</date>
              <name>Markup by</name>
            </item>
            <item>
              <date>2017-12-22T20:20:43Z</date>
              <name>Referred to</name>
            </item>
          </activities>
          <chamber>House</chamber>
        </item>
        <item>
          <subcommittees />
          <type>Standing</type>
          <systemCode>sseg00</systemCode>
          <name>Energy and Natural Resources Committee</name>
          <activities>
            <item>
              <date>2017-05-03T22:58:33Z</date>
              <name>Reported by</name>
            </item>
            <item>
              <date>2017-03-30T13:30:00Z</date>
              <name>Markup by</name>
            </item>
            <item>
              <date>2017-02-28T19:44:03Z</date>
              <name>Referred to</name>
            </item>
          </activities>
          <chamber>Senate</chamber>
        </item>
      </billCommittees>
    </committees>
    <policyArea>
      <name>Public Lands and Natural Resources</name>
    </policyArea>
    <version>1.0.0</version>
    <title>A bill to clarify the description of certain Federal land under the Northern Arizona Land Exchange and Verde River Basin Partnership Act of 2005 to include additional land in the Kaibab National Forest.</title>
    <createDate>2017-03-01T05:20:57Z</createDate>
    <billNumber>466</billNumber>
    <cboCostEstimates>
      <item>
        <title>S. 466, a bill to clarify the description of certain Federal land under the Northern Arizona Land Exchange and Verde River Basin Partnership Act of 2005 to include additional land in the Kaibab National Forest</title>
        <url>https://www.cbo.gov/publication/52616</url>
        <pubDate>2017-04-10T21:01:05Z</pubDate>
      </item>
      <item>
        <title>S. 466, an act to clarify the description of certain Federal land under the Northern Arizona Land Exchange and Verde River Basin Partnership Act of 2005 to include additional land in the Kaibab National Forest</title>
        <url>https://www.cbo.gov/publication/53687</url>
        <pubDate>2018-03-23T14:32:00Z</pubDate>
      </item>
    </cboCostEstimates>
    <calendarNumbers>
      <item>
        <calendar>Senate Calendar of Business</calendar>
        <number>0055</number>
      </item>
      <item>
        <calendar>U00469</calendar>
        <number />
      </item>
    </calendarNumbers>
    <relatedBills />
    <summaries>
      <billSummaries>
        <item>
          <text><![CDATA[<p>This bill amends the Northern Arizona Land Exchange and Verde River Basin Partnership Act of 2005 to convey to the Yavapai Ranch 25 acres of land within the Kaibab National Forest at the Gila and Salt River Meridian, Coconino County, Arizona.</p>]]></text>
          <lastSummaryUpdateDate>2018-05-07T22:25:32Z</lastSummaryUpdateDate>
          <actionDesc>Introduced in Senate</actionDesc>
          <updateDate>2017-02-28T05:00:00Z</updateDate>
          <name>Introduced in Senate</name>
          <versionCode>00</versionCode>
          <actionDate>2017-02-28</actionDate>
        </item>
        <item>
          <text><![CDATA[<p>(Sec. 1) This bill amends the Northern Arizona Land Exchange and Verde River Basin Partnership Act of 2005 to convey to the Yavapai Ranch 25 acres of land within the Kaibab National Forest at the Gila and Salt River Meridian, Coconino County, Arizona.</p>]]></text>
          <lastSummaryUpdateDate>2018-05-07T22:24:17Z</lastSummaryUpdateDate>
          <actionDesc>Reported to Senate without amendment</actionDesc>
          <updateDate>2017-05-03T14:43:06Z</updateDate>
          <name>Reported to Senate without amendment</name>
          <versionCode>80</versionCode>
          <actionDate>2017-05-03</actionDate>
        </item>
        <item>
          <text><![CDATA[<p>(Sec. 1) This bill amends the Northern Arizona Land Exchange and Verde River Basin Partnership Act of 2005 to convey to the Yavapai Ranch 25 acres of land within the Kaibab National Forest at the Gila and Salt River Meridian, Coconino County, Arizona.</p>]]></text>
          <lastSummaryUpdateDate>2018-05-07T22:23:20Z</lastSummaryUpdateDate>
          <actionDesc>Passed Senate without amendment</actionDesc>
          <updateDate>2017-12-21T16:24:40Z</updateDate>
          <name>Passed Senate without amendment</name>
          <versionCode>82</versionCode>
          <actionDate>2017-12-21</actionDate>
        </item>
        <item>
          <text><![CDATA[<p>(Sec. 1) This bill amends the Northern Arizona Land Exchange and Verde River Basin Partnership Act of 2005 to convey to the Yavapai Ranch 25 acres of land within the Kaibab National Forest at the Gila and Salt River Meridian, Coconino County, Arizona.</p>]]></text>
          <lastSummaryUpdateDate>2018-05-07T22:21:16Z</lastSummaryUpdateDate>
          <actionDesc>Reported to House with amendment(s)</actionDesc>
          <updateDate>2018-03-22T15:09:33Z</updateDate>
          <name>Reported to House with amendment(s)</name>
          <versionCode>17</versionCode>
          <actionDate>2018-03-22</actionDate>
        </item>
      </billSummaries>
    </summaries>
    <originChamber>Senate</originChamber>
    <titles>
      <item>
        <title>A bill to clarify the description of certain Federal land under the Northern Arizona Land Exchange and Verde River Basin Partnership Act of 2005 to include additional land in the Kaibab National Forest.</title>
        <chamberCode />
        <titleType>Official Title as Introduced</titleType>
        <parentTitleType />
        <chamberName />
      </item>
      <item>
        <title>A bill to clarify the description of certain Federal land under the Northern Arizona Land Exchange and Verde River Basin Partnership Act of 2005 to include additional land in the Kaibab National Forest.</title>
        <chamberCode />
        <titleType>Display Title</titleType>
        <parentTitleType />
        <chamberName />
      </item>
    </titles>
  </bill>
  <dublinCore xmlns:dc="http://purl.org/dc/elements/1.1/">
    <dc:format>text/xml</dc:format>
    <dc:language>EN</dc:language>
    <dc:rights>Pursuant to Title 17 Section 105 of the United States Code, this file is not subject to copyright protection and is in the public domain.</dc:rights>
    <dc:contributor>Congressional Research Service, Library of Congress</dc:contributor>
    <dc:description>This file contains bill summaries and statuses for federal legislation. A bill summary describes the most significant provisions of a piece of legislation and details the effects the legislative text may have on current law and federal programs. Bill summaries are authored by the Congressional Research Service (CRS) of the Library of Congress. As stated in Public Law 91-510 (2 USC 166 (d)(6)), one of the duties of CRS is "to prepare summaries and digests of bills and resolutions of a public general nature introduced in the Senate or House of Representatives". For more information, refer to the User Guide that accompanies this file.</dc:description>
  </dublinCore>
</billStatus>

