<?xml version="1.0" encoding="UTF-8"?>
<billStatus>
  <bill>
    <calendarNumbers />
    <amendments />
    <committeeReports />
    <laws />
    <summaries>
      <billSummaries />
    </summaries>
    <relatedBills>
      <item>
        <type>HRES</type>
        <number>854</number>
        <latestAction>
          <actionDate>2018-05-22</actionDate>
          <text>Referred to the Subcommittee on Crime, Terrorism, Homeland Security, and Investigations.</text>
        </latestAction>
        <congress>115</congress>
        <relationshipDetails>
          <item>
            <type>Related bill</type>
            <identifiedBy>CRS</identifiedBy>
          </item>
        </relationshipDetails>
        <latestTitle>Affirming a commitment to elevate the voices, leadership, and needs of historically and currently disenfranchised and underserved communities in the effort to end sexual violence and support all survivors of sexual violence, including immigrant survivors, survivors with disabilities, survivors of color, survivors of child sexual abuse, and lesbian, gay, bisexual, and transgender survivors.</latestTitle>
      </item>
    </relatedBills>
    <createDate>2018-04-27T04:40:59Z</createDate>
    <latestAction>
      <links />
      <actionDate>2018-04-26</actionDate>
      <text>Referred to the Committee on the Judiciary. (text of measure as introduced: CR S2490-2491)</text>
    </latestAction>
    <sponsors>
      <item>
        <party>D</party>
        <state>NJ</state>
        <bioguideId>B001288</bioguideId>
        <middleName>A.</middleName>
        <lastName>Booker</lastName>
        <fullName>Sen. Booker, Cory A. [D-NJ]</fullName>
        <firstName>Cory</firstName>
        <byRequestType />
        <identifiers>
          <gpoId />
          <lisID>2194</lisID>
          <bioguideId>B001288</bioguideId>
        </identifiers>
      </item>
    </sponsors>
    <billNumber>487</billNumber>
    <updateDate>2018-08-28T20:21:41Z</updateDate>
    <cboCostEstimates />
    <notes />
    <titles>
      <item>
        <chamberCode />
        <titleType>Official Title as Introduced</titleType>
        <parentTitleType />
        <chamberName />
        <title>A resolution affirming a commitment to elevate the voices, leadership, and needs of historically and currently disenfranchised and underserved communities in the effort to end sexual violence and support all survivors of sexual violence, including immigrant survivors, survivors with disabilities, survivors of color, American Indian or Alaska Native survivors, survivors of child sexual abuse, queer and intersex survivors, and lesbian, gay, bisexual, and transgender survivors.</title>
      </item>
      <item>
        <chamberCode />
        <titleType>Display Title</titleType>
        <parentTitleType />
        <chamberName />
        <title>A resolution affirming a commitment to elevate the voices, leadership, and needs of historically and currently disenfranchised and underserved communities in the effort to end sexual violence and support all survivors of sexual violence, including immigrant survivors, survivors with disabilities, survivors of color, American Indian or Alaska Native survivors, survivors of child sexual abuse, queer and intersex survivors, and lesbian, gay, bisexual, and transgender survivors.</title>
      </item>
    </titles>
    <introducedDate>2018-04-26</introducedDate>
    <subjects>
      <billSubjects>
        <legislativeSubjects />
        <policyArea>
          <name>Native Americans</name>
        </policyArea>
      </billSubjects>
    </subjects>
    <billType>SRES</billType>
    <originChamber>Senate</originChamber>
    <title>A resolution affirming a commitment to elevate the voices, leadership, and needs of historically and currently disenfranchised and underserved communities in the effort to end sexual violence and support all survivors of sexual violence, including immigrant survivors, survivors with disabilities, survivors of color, American Indian or Alaska Native survivors, survivors of child sexual abuse, queer and intersex survivors, and lesbian, gay, bisexual, and transgender survivors.</title>
    <cosponsors>
      <item>
        <lastName>Cortez Masto</lastName>
        <sponsorshipDate>2018-04-26</sponsorshipDate>
        <party>D</party>
        <fullName>Sen. Cortez Masto, Catherine  [D-NV]</fullName>
        <identifiers>
          <lisID>2299</lisID>
          <gpoId />
          <bioguideId>C001113</bioguideId>
        </identifiers>
        <firstName>Catherine</firstName>
        <sponsorshipWithdrawnDate />
        <state>NV</state>
        <middleName />
        <bioguideId>C001113</bioguideId>
        <isOriginalCosponsor>True</isOriginalCosponsor>
      </item>
      <item>
        <lastName>BALDWIN</lastName>
        <sponsorshipDate>2018-04-26</sponsorshipDate>
        <party>D</party>
        <fullName>Sen. Baldwin, Tammy [D-WI]</fullName>
        <identifiers>
          <bioguideId>B001230</bioguideId>
          <lisID>1558</lisID>
          <gpoId>8215</gpoId>
        </identifiers>
        <firstName>TAMMY</firstName>
        <sponsorshipWithdrawnDate />
        <state>WI</state>
        <middleName />
        <bioguideId>B001230</bioguideId>
        <isOriginalCosponsor>True</isOriginalCosponsor>
      </item>
      <item>
        <lastName>Harris</lastName>
        <sponsorshipDate>2018-04-26</sponsorshipDate>
        <party>D</party>
        <fullName>Sen. Harris, Kamala D. [D-CA]</fullName>
        <identifiers>
          <lisID>2301</lisID>
          <gpoId />
          <bioguideId>H001075</bioguideId>
        </identifiers>
        <firstName>Kamala</firstName>
        <sponsorshipWithdrawnDate />
        <state>CA</state>
        <middleName>D.</middleName>
        <bioguideId>H001075</bioguideId>
        <isOriginalCosponsor>True</isOriginalCosponsor>
      </item>
    </cosponsors>
    <recordedVotes />
    <policyArea>
      <name>Native Americans</name>
    </policyArea>
    <committees>
      <billCommittees>
        <item>
          <systemCode>ssju00</systemCode>
          <chamber>Senate</chamber>
          <type>Standing</type>
          <subcommittees />
          <name>Judiciary Committee</name>
          <activities>
            <item>
              <date>2018-04-26T19:58:56Z</date>
              <name>Referred to</name>
            </item>
          </activities>
        </item>
      </billCommittees>
    </committees>
    <actions>
      <item>
        <actionDate>2018-04-26</actionDate>
        <committee>
          <systemCode>ssju00</systemCode>
          <name>Judiciary Committee</name>
        </committee>
        <links>
          <link>
            <url>https://www.congress.gov/congressional-record/volume-164/senate-section/page/S2490-2491</url>
            <name>S2490-2491</name>
          </link>
        </links>
        <sourceSystem>
          <code>0</code>
          <name>Senate</name>
        </sourceSystem>
        <text>Referred to the Committee on the Judiciary. (text of measure as introduced: CR S2490-2491)</text>
        <type>IntroReferral</type>
      </item>
      <item>
        <actionDate>2018-04-26</actionDate>
        <actionCode>10000</actionCode>
        <text>Introduced in Senate</text>
        <committee />
        <links />
        <type>IntroReferral</type>
        <sourceSystem>
          <code>9</code>
          <name>Library of Congress</name>
        </sourceSystem>
      </item>
      <actionTypeCounts>
        <referredToCommittee>1</referredToCommittee>
        <introducedInSenate>1</introducedInSenate>
      </actionTypeCounts>
      <actionByCounts>
        <senate>2</senate>
      </actionByCounts>
    </actions>
    <version>1.0.0</version>
    <congress>115</congress>
  </bill>
  <dublinCore xmlns:dc="http://purl.org/dc/elements/1.1/">
    <dc:format>text/xml</dc:format>
    <dc:language>EN</dc:language>
    <dc:rights>Pursuant to Title 17 Section 105 of the United States Code, this file is not subject to copyright protection and is in the public domain.</dc:rights>
    <dc:contributor>Congressional Research Service, Library of Congress</dc:contributor>
    <dc:description>This file contains bill summaries and statuses for federal legislation. A bill summary describes the most significant provisions of a piece of legislation and details the effects the legislative text may have on current law and federal programs. Bill summaries are authored by the Congressional Research Service (CRS) of the Library of Congress. As stated in Public Law 91-510 (2 USC 166 (d)(6)), one of the duties of CRS is "to prepare summaries and digests of bills and resolutions of a public general nature introduced in the Senate or House of Representatives". For more information, refer to the User Guide that accompanies this file.</dc:description>
  </dublinCore>
</billStatus>

