<?xml version="1.0" encoding="UTF-8"?>
<billStatus>
  <bill>
    <updateDate>2017-01-21T10:04:23Z</updateDate>
    <policyArea>
      <name>International Affairs</name>
    </policyArea>
    <calendarNumbers>
      <item>
        <calendar>Senate Calendar of Business</calendar>
        <number>0003</number>
      </item>
    </calendarNumbers>
    <cboCostEstimates />
    <committeeReports />
    <sponsors>
      <item>
        <bioguideId>R000595</bioguideId>
        <middleName />
        <party>R</party>
        <lastName>Rubio</lastName>
        <fullName>Sen. Rubio, Marco [R-FL]</fullName>
        <firstName>Marco</firstName>
        <identifiers>
          <gpoId>8242</gpoId>
          <bioguideId>R000595</bioguideId>
          <lisID>2084</lisID>
        </identifiers>
        <state>FL</state>
        <byRequestType />
      </item>
    </sponsors>
    <latestAction>
      <actionDate>2017-01-12</actionDate>
      <text>Placed on Senate Legislative Calendar under General Orders. Calendar No. 3.</text>
      <links />
    </latestAction>
    <summaries>
      <billSummaries />
    </summaries>
    <billType>SRES</billType>
    <createDate>2017-01-05T04:47:33Z</createDate>
    <originChamber>Senate</originChamber>
    <introducedDate>2017-01-04</introducedDate>
    <titles>
      <item>
        <chamberCode />
        <titleType>Official Title as Introduced</titleType>
        <title>A resolution objecting to United Nations Security Council Resolution 2334 and to all efforts that undermine direct negotiations between Israel and the Palestinians for a secure and peaceful settlement.</title>
        <chamberName />
        <parentTitleType />
      </item>
      <item>
        <chamberCode />
        <titleType>Display Title</titleType>
        <title>A resolution objecting to United Nations Security Council Resolution 2334 and to all efforts that undermine direct negotiations between Israel and the Palestinians for a secure and peaceful settlement.</title>
        <chamberName />
        <parentTitleType />
      </item>
    </titles>
    <billNumber>6</billNumber>
    <committees>
      <billCommittees>
        <item>
          <activities>
            <item>
              <name>Reported by</name>
              <date>2017-01-12T20:28:36Z</date>
            </item>
            <item>
              <name>Markup by</name>
              <date>2017-01-12T17:00:34Z</date>
            </item>
            <item>
              <name>Referred to</name>
              <date>2017-01-04T18:08:16Z</date>
            </item>
          </activities>
          <subcommittees />
          <type>Standing</type>
          <systemCode>ssfr00</systemCode>
          <name>Foreign Relations Committee</name>
          <chamber>Senate</chamber>
        </item>
      </billCommittees>
    </committees>
    <cosponsors>
      <item>
        <middleName>L.</middleName>
        <fullName>Sen. Cardin, Benjamin L. [D-MD]</fullName>
        <firstName>BENJAMIN</firstName>
        <bioguideId>C000141</bioguideId>
        <lastName>CARDIN</lastName>
        <isOriginalCosponsor>True</isOriginalCosponsor>
        <party>D</party>
        <state>MD</state>
        <identifiers>
          <bioguideId>C000141</bioguideId>
          <gpoId>8287</gpoId>
          <lisID>174</lisID>
        </identifiers>
        <sponsorshipDate>2017-01-04</sponsorshipDate>
        <sponsorshipWithdrawnDate />
      </item>
      <item>
        <middleName />
        <fullName>Sen. McConnell, Mitch [R-KY]</fullName>
        <firstName>MITCH</firstName>
        <bioguideId>M000355</bioguideId>
        <lastName>MCCONNELL</lastName>
        <isOriginalCosponsor>True</isOriginalCosponsor>
        <party>R</party>
        <state>KY</state>
        <identifiers>
          <lisID>1395</lisID>
          <gpoId>8254</gpoId>
          <bioguideId>M000355</bioguideId>
        </identifiers>
        <sponsorshipDate>2017-01-04</sponsorshipDate>
        <sponsorshipWithdrawnDate />
      </item>
      <item>
        <middleName>E.</middleName>
        <fullName>Sen. Schumer, Charles E. [D-NY]</fullName>
        <firstName>CHARLES</firstName>
        <bioguideId>S000148</bioguideId>
        <lastName>SCHUMER</lastName>
        <isOriginalCosponsor>True</isOriginalCosponsor>
        <party>D</party>
        <state>NY</state>
        <identifiers>
          <bioguideId>S000148</bioguideId>
          <gpoId>8279</gpoId>
          <lisID>1036</lisID>
        </identifiers>
        <sponsorshipDate>2017-01-04</sponsorshipDate>
        <sponsorshipWithdrawnDate />
      </item>
      <item>
        <middleName />
        <fullName>Sen. Moran, Jerry [R-KS]</fullName>
        <firstName>JERRY</firstName>
        <bioguideId>M000934</bioguideId>
        <lastName>MORAN</lastName>
        <isOriginalCosponsor>True</isOriginalCosponsor>
        <party>R</party>
        <state>KS</state>
        <identifiers>
          <lisID>1507</lisID>
          <bioguideId>M000934</bioguideId>
          <gpoId>8307</gpoId>
        </identifiers>
        <sponsorshipDate>2017-01-04</sponsorshipDate>
        <sponsorshipWithdrawnDate />
      </item>
      <item>
        <middleName>WILLIAM</middleName>
        <fullName>Sen. Nelson, Bill [D-FL]</fullName>
        <firstName>CLARENCE</firstName>
        <bioguideId>N000032</bioguideId>
        <lastName>NELSON</lastName>
        <isOriginalCosponsor>True</isOriginalCosponsor>
        <party>D</party>
        <state>FL</state>
        <identifiers>
          <bioguideId>N000032</bioguideId>
          <lisID>859</lisID>
          <gpoId>8236</gpoId>
        </identifiers>
        <sponsorshipDate>2017-01-04</sponsorshipDate>
        <sponsorshipWithdrawnDate />
      </item>
      <item>
        <middleName />
        <fullName>Sen. Cotton, Tom [R-AR]</fullName>
        <firstName>Tom</firstName>
        <bioguideId>C001095</bioguideId>
        <lastName>Cotton</lastName>
        <isOriginalCosponsor>True</isOriginalCosponsor>
        <party>R</party>
        <state>AR</state>
        <identifiers>
          <bioguideId>C001095</bioguideId>
          <gpoId />
          <lisID>2098</lisID>
        </identifiers>
        <sponsorshipDate>2017-01-04</sponsorshipDate>
        <sponsorshipWithdrawnDate />
      </item>
      <item>
        <middleName />
        <fullName>Sen. Menendez, Robert [D-NJ]</fullName>
        <firstName>ROBERT</firstName>
        <bioguideId>M000639</bioguideId>
        <lastName>MENENDEZ</lastName>
        <isOriginalCosponsor>True</isOriginalCosponsor>
        <party>D</party>
        <state>NJ</state>
        <identifiers>
          <bioguideId>M000639</bioguideId>
          <lisID>791</lisID>
          <gpoId>8239</gpoId>
        </identifiers>
        <sponsorshipDate>2017-01-04</sponsorshipDate>
        <sponsorshipWithdrawnDate />
      </item>
      <item>
        <middleName>O.</middleName>
        <fullName>Sen. Graham, Lindsey [R-SC]</fullName>
        <firstName>LINDSEY</firstName>
        <bioguideId>G000359</bioguideId>
        <lastName>GRAHAM</lastName>
        <isOriginalCosponsor>True</isOriginalCosponsor>
        <party>R</party>
        <state>SC</state>
        <identifiers>
          <lisID>452</lisID>
          <bioguideId>G000359</bioguideId>
          <gpoId>8335</gpoId>
        </identifiers>
        <sponsorshipDate>2017-01-04</sponsorshipDate>
        <sponsorshipWithdrawnDate />
      </item>
      <item>
        <middleName>E.</middleName>
        <fullName>Sen. Gillibrand, Kirsten E. [D-NY]</fullName>
        <firstName>Kirsten</firstName>
        <bioguideId>G000555</bioguideId>
        <lastName>Gillibrand</lastName>
        <isOriginalCosponsor>True</isOriginalCosponsor>
        <party>D</party>
        <state>NY</state>
        <identifiers>
          <lisID>1866</lisID>
          <bioguideId>G000555</bioguideId>
          <gpoId>8336</gpoId>
        </identifiers>
        <sponsorshipDate>2017-01-04</sponsorshipDate>
        <sponsorshipWithdrawnDate />
      </item>
      <item>
        <middleName />
        <fullName>Sen. Cornyn, John [R-TX]</fullName>
        <firstName>John</firstName>
        <bioguideId>C001056</bioguideId>
        <lastName>Cornyn</lastName>
        <isOriginalCosponsor>True</isOriginalCosponsor>
        <party>R</party>
        <state>TX</state>
        <identifiers>
          <gpoId>8295</gpoId>
          <lisID>1692</lisID>
          <bioguideId>C001056</bioguideId>
        </identifiers>
        <sponsorshipDate>2017-01-04</sponsorshipDate>
        <sponsorshipWithdrawnDate />
      </item>
      <item>
        <middleName />
        <fullName>Sen. Blumenthal, Richard [D-CT]</fullName>
        <firstName>Richard</firstName>
        <bioguideId>B001277</bioguideId>
        <lastName>Blumenthal</lastName>
        <isOriginalCosponsor>True</isOriginalCosponsor>
        <party>D</party>
        <state>CT</state>
        <identifiers>
          <lisID>2076</lisID>
          <bioguideId>B001277</bioguideId>
          <gpoId>8332</gpoId>
        </identifiers>
        <sponsorshipDate>2017-01-04</sponsorshipDate>
        <sponsorshipWithdrawnDate />
      </item>
      <item>
        <middleName />
        <fullName>Sen. Ernst, Joni  [R-IA]</fullName>
        <firstName>Joni</firstName>
        <bioguideId>E000295</bioguideId>
        <lastName>Ernst</lastName>
        <isOriginalCosponsor>True</isOriginalCosponsor>
        <party>R</party>
        <state>IA</state>
        <identifiers>
          <bioguideId>E000295</bioguideId>
          <lisID>2283</lisID>
          <gpoId />
        </identifiers>
        <sponsorshipDate>2017-01-04</sponsorshipDate>
        <sponsorshipWithdrawnDate />
      </item>
      <item>
        <middleName>A.</middleName>
        <fullName>Sen. Coons, Christopher A. [D-DE]</fullName>
        <firstName>Christopher</firstName>
        <bioguideId>C001088</bioguideId>
        <lastName>Coons</lastName>
        <isOriginalCosponsor>True</isOriginalCosponsor>
        <party>D</party>
        <state>DE</state>
        <identifiers>
          <gpoId>8297</gpoId>
          <bioguideId>C001088</bioguideId>
          <lisID>1984</lisID>
        </identifiers>
        <sponsorshipDate>2017-01-04</sponsorshipDate>
        <sponsorshipWithdrawnDate />
      </item>
      <item>
        <middleName>C.</middleName>
        <fullName>Sen. Young, Todd C. [R-IN]</fullName>
        <firstName>Todd</firstName>
        <bioguideId>Y000064</bioguideId>
        <lastName>Young</lastName>
        <isOriginalCosponsor>True</isOriginalCosponsor>
        <party>R</party>
        <state>IN</state>
        <identifiers>
          <lisID>2019</lisID>
          <bioguideId>Y000064</bioguideId>
          <gpoId>7948</gpoId>
        </identifiers>
        <sponsorshipDate>2017-01-04</sponsorshipDate>
        <sponsorshipWithdrawnDate />
      </item>
      <item>
        <middleName>F.</middleName>
        <fullName>Sen. Bennet, Michael F. [D-CO]</fullName>
        <firstName>Michael</firstName>
        <bioguideId>B001267</bioguideId>
        <lastName>Bennet</lastName>
        <isOriginalCosponsor>True</isOriginalCosponsor>
        <party>D</party>
        <state>CO</state>
        <identifiers>
          <gpoId>8302</gpoId>
          <lisID>1965</lisID>
          <bioguideId>B001267</bioguideId>
        </identifiers>
        <sponsorshipDate>2017-01-04</sponsorshipDate>
        <sponsorshipWithdrawnDate />
      </item>
      <item>
        <middleName />
        <fullName>Sen. Heller, Dean [R-NV]</fullName>
        <firstName>Dean</firstName>
        <bioguideId>H001041</bioguideId>
        <lastName>Heller</lastName>
        <isOriginalCosponsor>True</isOriginalCosponsor>
        <party>R</party>
        <state>NV</state>
        <identifiers>
          <lisID>1863</lisID>
          <bioguideId>H001041</bioguideId>
          <gpoId>8060</gpoId>
        </identifiers>
        <sponsorshipDate>2017-01-04</sponsorshipDate>
        <sponsorshipWithdrawnDate />
      </item>
      <item>
        <middleName />
        <fullName>Sen. Casey, Robert P., Jr. [D-PA]</fullName>
        <firstName>Bob</firstName>
        <bioguideId>C001070</bioguideId>
        <lastName>Casey</lastName>
        <isOriginalCosponsor>True</isOriginalCosponsor>
        <party>D</party>
        <state>PA</state>
        <identifiers>
          <gpoId>8282</gpoId>
          <lisID>1828</lisID>
          <bioguideId>C001070</bioguideId>
        </identifiers>
        <sponsorshipDate>2017-01-04</sponsorshipDate>
        <sponsorshipWithdrawnDate />
      </item>
      <item>
        <middleName />
        <fullName>Sen. Portman, Rob [R-OH]</fullName>
        <firstName>ROB</firstName>
        <bioguideId>P000449</bioguideId>
        <lastName>PORTMAN</lastName>
        <isOriginalCosponsor>True</isOriginalCosponsor>
        <party>R</party>
        <state>OH</state>
        <identifiers>
          <lisID>924</lisID>
          <bioguideId>P000449</bioguideId>
          <gpoId>8266</gpoId>
        </identifiers>
        <sponsorshipDate>2017-01-04</sponsorshipDate>
        <sponsorshipWithdrawnDate />
      </item>
      <item>
        <middleName />
        <fullName>Sen. Donnelly, Joe [D-IN]</fullName>
        <firstName>Joe</firstName>
        <bioguideId>D000607</bioguideId>
        <lastName>Donnelly</lastName>
        <isOriginalCosponsor>True</isOriginalCosponsor>
        <party>D</party>
        <state>IN</state>
        <identifiers>
          <bioguideId>D000607</bioguideId>
          <gpoId>7941</gpoId>
          <lisID>1850</lisID>
        </identifiers>
        <sponsorshipDate>2017-01-04</sponsorshipDate>
        <sponsorshipWithdrawnDate />
      </item>
      <item>
        <middleName>SIDNEY</middleName>
        <fullName>Sen. McCain, John [R-AZ]</fullName>
        <firstName>JOHN</firstName>
        <bioguideId>M000303</bioguideId>
        <lastName>MCCAIN</lastName>
        <isOriginalCosponsor>True</isOriginalCosponsor>
        <party>R</party>
        <state>AZ</state>
        <identifiers>
          <gpoId>8253</gpoId>
          <lisID>754</lisID>
          <bioguideId>M000303</bioguideId>
        </identifiers>
        <sponsorshipDate>2017-01-04</sponsorshipDate>
        <sponsorshipWithdrawnDate />
      </item>
      <item>
        <middleName>ANN</middleName>
        <fullName>Sen. Stabenow, Debbie [D-MI]</fullName>
        <firstName>DEBORAH</firstName>
        <bioguideId>S000770</bioguideId>
        <lastName>STABENOW</lastName>
        <isOriginalCosponsor>True</isOriginalCosponsor>
        <party>D</party>
        <state>MI</state>
        <identifiers>
          <gpoId>8261</gpoId>
          <lisID>1531</lisID>
          <bioguideId>S000770</bioguideId>
        </identifiers>
        <sponsorshipDate>2017-01-04</sponsorshipDate>
        <sponsorshipWithdrawnDate />
      </item>
      <item>
        <middleName>E.</middleName>
        <fullName>Sen. Risch, James E. [R-ID]</fullName>
        <firstName>James</firstName>
        <bioguideId>R000584</bioguideId>
        <lastName>Risch</lastName>
        <isOriginalCosponsor>True</isOriginalCosponsor>
        <party>R</party>
        <state>ID</state>
        <identifiers>
          <bioguideId>R000584</bioguideId>
          <lisID>1896</lisID>
          <gpoId>8274</gpoId>
        </identifiers>
        <sponsorshipDate>2017-01-04</sponsorshipDate>
        <sponsorshipWithdrawnDate />
      </item>
      <item>
        <middleName>C.</middleName>
        <fullName>Sen. Peters, Gary C. [D-MI]</fullName>
        <firstName>Gary</firstName>
        <bioguideId>P000595</bioguideId>
        <lastName>Peters</lastName>
        <isOriginalCosponsor>True</isOriginalCosponsor>
        <party>D</party>
        <state>MI</state>
        <identifiers>
          <bioguideId>P000595</bioguideId>
          <gpoId>7994</gpoId>
          <lisID>1929</lisID>
        </identifiers>
        <sponsorshipDate>2017-01-04</sponsorshipDate>
        <sponsorshipWithdrawnDate />
      </item>
      <item>
        <middleName />
        <fullName>Sen. Wyden, Ron [D-OR]</fullName>
        <firstName>RON</firstName>
        <bioguideId>W000779</bioguideId>
        <lastName>WYDEN</lastName>
        <isOriginalCosponsor>True</isOriginalCosponsor>
        <party>D</party>
        <state>OR</state>
        <identifiers>
          <bioguideId>W000779</bioguideId>
          <lisID>1247</lisID>
          <gpoId>8265</gpoId>
        </identifiers>
        <sponsorshipDate>2017-01-04</sponsorshipDate>
        <sponsorshipWithdrawnDate />
      </item>
      <item>
        <middleName>R.</middleName>
        <fullName>Sen. Warner, Mark R. [D-VA]</fullName>
        <firstName>Mark</firstName>
        <bioguideId>W000805</bioguideId>
        <lastName>Warner</lastName>
        <isOriginalCosponsor>True</isOriginalCosponsor>
        <party>D</party>
        <state>VA</state>
        <identifiers>
          <gpoId>8269</gpoId>
          <lisID>1897</lisID>
          <bioguideId>W000805</bioguideId>
        </identifiers>
        <sponsorshipDate>2017-01-04</sponsorshipDate>
        <sponsorshipWithdrawnDate />
      </item>
      <item>
        <middleName />
        <fullName>Sen. Sullivan, Dan  [R-AK]</fullName>
        <firstName>Dan</firstName>
        <bioguideId>S001198</bioguideId>
        <lastName>Sullivan</lastName>
        <isOriginalCosponsor>True</isOriginalCosponsor>
        <party>R</party>
        <state>AK</state>
        <identifiers>
          <lisID>2290</lisID>
          <bioguideId>S001198</bioguideId>
          <gpoId />
        </identifiers>
        <sponsorshipDate>2017-01-04</sponsorshipDate>
        <sponsorshipWithdrawnDate />
      </item>
      <item>
        <middleName />
        <fullName>Sen. Blunt, Roy [R-MO]</fullName>
        <firstName>Roy</firstName>
        <bioguideId>B000575</bioguideId>
        <lastName>Blunt</lastName>
        <isOriginalCosponsor>True</isOriginalCosponsor>
        <party>R</party>
        <state>MO</state>
        <identifiers>
          <lisID>1464</lisID>
          <bioguideId>B000575</bioguideId>
          <gpoId>8313</gpoId>
        </identifiers>
        <sponsorshipDate>2017-01-04</sponsorshipDate>
        <sponsorshipWithdrawnDate />
      </item>
      <item>
        <middleName />
        <fullName>Sen. Boozman, John [R-AR]</fullName>
        <firstName>John</firstName>
        <bioguideId>B001236</bioguideId>
        <lastName>Boozman</lastName>
        <isOriginalCosponsor>True</isOriginalCosponsor>
        <party>R</party>
        <state>AR</state>
        <identifiers>
          <bioguideId>B001236</bioguideId>
          <gpoId>8247</gpoId>
          <lisID>1687</lisID>
        </identifiers>
        <sponsorshipDate>2017-01-04</sponsorshipDate>
        <sponsorshipWithdrawnDate />
      </item>
      <item>
        <middleName />
        <fullName>Sen. Roberts, Pat [R-KS]</fullName>
        <firstName>PAT</firstName>
        <bioguideId>R000307</bioguideId>
        <lastName>ROBERTS</lastName>
        <isOriginalCosponsor>True</isOriginalCosponsor>
        <party>R</party>
        <state>KS</state>
        <identifiers>
          <lisID>968</lisID>
          <gpoId>8275</gpoId>
          <bioguideId>R000307</bioguideId>
        </identifiers>
        <sponsorshipDate>2017-01-04</sponsorshipDate>
        <sponsorshipWithdrawnDate />
      </item>
      <item>
        <middleName>Neely</middleName>
        <fullName>Sen. Kennedy, John [R-LA]</fullName>
        <firstName>John</firstName>
        <bioguideId>K000393</bioguideId>
        <lastName>Kennedy</lastName>
        <isOriginalCosponsor>True</isOriginalCosponsor>
        <party>R</party>
        <state>LA</state>
        <identifiers>
          <gpoId />
          <lisID>2303</lisID>
          <bioguideId>K000393</bioguideId>
        </identifiers>
        <sponsorshipDate>2017-01-04</sponsorshipDate>
        <sponsorshipWithdrawnDate />
      </item>
      <item>
        <middleName />
        <fullName>Sen. Cochran, Thad [R-MS]</fullName>
        <firstName>Thad</firstName>
        <bioguideId>C000567</bioguideId>
        <lastName>Cochran</lastName>
        <isOriginalCosponsor>True</isOriginalCosponsor>
        <party>R</party>
        <state>MS</state>
        <identifiers>
          <gpoId>8292</gpoId>
          <bioguideId>C000567</bioguideId>
          <lisID>213</lisID>
        </identifiers>
        <sponsorshipDate>2017-01-04</sponsorshipDate>
        <sponsorshipWithdrawnDate />
      </item>
      <item>
        <middleName />
        <fullName>Sen. Barrasso, John [R-WY]</fullName>
        <firstName>John</firstName>
        <bioguideId>B001261</bioguideId>
        <lastName>Barrasso</lastName>
        <isOriginalCosponsor>True</isOriginalCosponsor>
        <party>R</party>
        <state>WY</state>
        <identifiers>
          <bioguideId>B001261</bioguideId>
          <lisID>1881</lisID>
          <gpoId>8300</gpoId>
        </identifiers>
        <sponsorshipDate>2017-01-04</sponsorshipDate>
        <sponsorshipWithdrawnDate />
      </item>
      <item>
        <middleName>MARGARET</middleName>
        <fullName>Sen. Collins, Susan M. [R-ME]</fullName>
        <firstName>SUSAN</firstName>
        <bioguideId>C001035</bioguideId>
        <lastName>COLLINS</lastName>
        <isOriginalCosponsor>True</isOriginalCosponsor>
        <party>R</party>
        <state>ME</state>
        <identifiers>
          <gpoId>8291</gpoId>
          <bioguideId>C001035</bioguideId>
          <lisID>1541</lisID>
        </identifiers>
        <sponsorshipDate>2017-01-04</sponsorshipDate>
        <sponsorshipWithdrawnDate />
      </item>
      <item>
        <middleName />
        <fullName>Sen. Toomey, Pat [R-PA]</fullName>
        <firstName>Pat</firstName>
        <bioguideId>T000461</bioguideId>
        <lastName>Toomey</lastName>
        <isOriginalCosponsor>True</isOriginalCosponsor>
        <party>R</party>
        <state>PA</state>
        <identifiers>
          <lisID>1594</lisID>
          <gpoId />
          <bioguideId>T000461</bioguideId>
        </identifiers>
        <sponsorshipDate>2017-01-04</sponsorshipDate>
        <sponsorshipWithdrawnDate />
      </item>
      <item>
        <middleName />
        <fullName>Sen. Manchin, Joe, III [D-WV]</fullName>
        <firstName>Joe</firstName>
        <bioguideId>M001183</bioguideId>
        <lastName>Manchin</lastName>
        <isOriginalCosponsor>True</isOriginalCosponsor>
        <party>D</party>
        <state>WV</state>
        <identifiers>
          <bioguideId>M001183</bioguideId>
          <gpoId>8256</gpoId>
          <lisID>1983</lisID>
        </identifiers>
        <sponsorshipDate>2017-01-04</sponsorshipDate>
        <sponsorshipWithdrawnDate />
      </item>
      <item>
        <middleName />
        <fullName>Sen. Flake, Jeff [R-AZ]</fullName>
        <firstName>JEFF</firstName>
        <bioguideId>F000444</bioguideId>
        <lastName>FLAKE</lastName>
        <isOriginalCosponsor>True</isOriginalCosponsor>
        <party>R</party>
        <state>AZ</state>
        <identifiers>
          <gpoId>7803</gpoId>
          <bioguideId>F000444</bioguideId>
          <lisID>1633</lisID>
        </identifiers>
        <sponsorshipDate>2017-01-04</sponsorshipDate>
        <sponsorshipWithdrawnDate />
      </item>
      <item>
        <middleName>A.</middleName>
        <fullName>Sen. Booker, Cory A. [D-NJ]</fullName>
        <firstName>Cory</firstName>
        <bioguideId>B001288</bioguideId>
        <lastName>Booker</lastName>
        <isOriginalCosponsor>True</isOriginalCosponsor>
        <party>D</party>
        <state>NJ</state>
        <identifiers>
          <lisID>2194</lisID>
          <bioguideId>B001288</bioguideId>
          <gpoId />
        </identifiers>
        <sponsorshipDate>2017-01-04</sponsorshipDate>
        <sponsorshipWithdrawnDate />
      </item>
      <item>
        <middleName>MOORE</middleName>
        <fullName>Sen. Capito, Shelley Moore [R-WV]</fullName>
        <firstName>SHELLEY</firstName>
        <bioguideId>C001047</bioguideId>
        <lastName>CAPITO</lastName>
        <isOriginalCosponsor>True</isOriginalCosponsor>
        <party>R</party>
        <state>WV</state>
        <identifiers>
          <lisID>1676</lisID>
          <bioguideId>C001047</bioguideId>
          <gpoId>8223</gpoId>
        </identifiers>
        <sponsorshipDate>2017-01-04</sponsorshipDate>
        <sponsorshipWithdrawnDate />
      </item>
      <item>
        <middleName>Alfred</middleName>
        <fullName>Sen. Perdue, David [R-GA]</fullName>
        <firstName>David</firstName>
        <bioguideId>P000612</bioguideId>
        <lastName>Perdue</lastName>
        <isOriginalCosponsor>False</isOriginalCosponsor>
        <party>R</party>
        <state>GA</state>
        <identifiers>
          <gpoId />
          <bioguideId>P000612</bioguideId>
          <lisID>2286</lisID>
        </identifiers>
        <sponsorshipDate>2017-01-05</sponsorshipDate>
        <sponsorshipWithdrawnDate />
      </item>
      <item>
        <middleName />
        <fullName>Sen. Murkowski, Lisa [R-AK]</fullName>
        <firstName>Lisa</firstName>
        <bioguideId>M001153</bioguideId>
        <lastName>Murkowski</lastName>
        <isOriginalCosponsor>False</isOriginalCosponsor>
        <party>R</party>
        <state>AK</state>
        <identifiers>
          <lisID>1694</lisID>
          <gpoId>8234</gpoId>
          <bioguideId>M001153</bioguideId>
        </identifiers>
        <sponsorshipDate>2017-01-05</sponsorshipDate>
        <sponsorshipWithdrawnDate />
      </item>
      <item>
        <middleName />
        <fullName>Sen. Daines, Steve [R-MT]</fullName>
        <firstName>Steve</firstName>
        <bioguideId>D000618</bioguideId>
        <lastName>Daines</lastName>
        <isOriginalCosponsor>False</isOriginalCosponsor>
        <party>R</party>
        <state>MT</state>
        <identifiers>
          <lisID>2138</lisID>
          <bioguideId>D000618</bioguideId>
          <gpoId />
        </identifiers>
        <sponsorshipDate>2017-01-05</sponsorshipDate>
        <sponsorshipWithdrawnDate />
      </item>
      <item>
        <middleName />
        <fullName>Sen. Burr, Richard [R-NC]</fullName>
        <firstName>RICHARD</firstName>
        <bioguideId>B001135</bioguideId>
        <lastName>BURR</lastName>
        <isOriginalCosponsor>False</isOriginalCosponsor>
        <party>R</party>
        <state>NC</state>
        <identifiers>
          <bioguideId>B001135</bioguideId>
          <lisID>153</lisID>
          <gpoId>8286</gpoId>
        </identifiers>
        <sponsorshipDate>2017-01-05</sponsorshipDate>
        <sponsorshipWithdrawnDate />
      </item>
      <item>
        <middleName />
        <fullName>Sen. Hoeven, John [R-ND]</fullName>
        <firstName>John</firstName>
        <bioguideId>H001061</bioguideId>
        <lastName>Hoeven</lastName>
        <isOriginalCosponsor>False</isOriginalCosponsor>
        <party>R</party>
        <state>ND</state>
        <identifiers>
          <gpoId>8331</gpoId>
          <bioguideId>H001061</bioguideId>
          <lisID>2079</lisID>
        </identifiers>
        <sponsorshipDate>2017-01-05</sponsorshipDate>
        <sponsorshipWithdrawnDate />
      </item>
      <item>
        <middleName>ERNEST</middleName>
        <fullName>Sen. Grassley, Chuck [R-IA]</fullName>
        <firstName>CHARLES</firstName>
        <bioguideId>G000386</bioguideId>
        <lastName>GRASSLEY</lastName>
        <isOriginalCosponsor>False</isOriginalCosponsor>
        <party>R</party>
        <state>IA</state>
        <identifiers>
          <gpoId>8316</gpoId>
          <bioguideId>G000386</bioguideId>
          <lisID>457</lisID>
        </identifiers>
        <sponsorshipDate>2017-01-05</sponsorshipDate>
        <sponsorshipWithdrawnDate />
      </item>
      <item>
        <middleName>GRANT</middleName>
        <fullName>Sen. Hatch, Orrin G. [R-UT]</fullName>
        <firstName>ORRIN</firstName>
        <bioguideId>H000338</bioguideId>
        <lastName>HATCH</lastName>
        <isOriginalCosponsor>False</isOriginalCosponsor>
        <party>R</party>
        <state>UT</state>
        <identifiers>
          <gpoId>8314</gpoId>
          <lisID>1351</lisID>
          <bioguideId>H000338</bioguideId>
        </identifiers>
        <sponsorshipDate>2017-01-05</sponsorshipDate>
        <sponsorshipWithdrawnDate />
      </item>
      <item>
        <middleName>D.</middleName>
        <fullName>Sen. Crapo, Mike [R-ID]</fullName>
        <firstName>MICHAEL</firstName>
        <bioguideId>C000880</bioguideId>
        <lastName>CRAPO</lastName>
        <isOriginalCosponsor>False</isOriginalCosponsor>
        <party>R</party>
        <state>ID</state>
        <identifiers>
          <gpoId>8289</gpoId>
          <lisID>250</lisID>
          <bioguideId>C000880</bioguideId>
        </identifiers>
        <sponsorshipDate>2017-01-05</sponsorshipDate>
        <sponsorshipWithdrawnDate />
      </item>
      <item>
        <middleName />
        <fullName>Sen. Rounds, Mike  [R-SD]</fullName>
        <firstName>Mike</firstName>
        <bioguideId>R000605</bioguideId>
        <lastName>Rounds</lastName>
        <isOriginalCosponsor>False</isOriginalCosponsor>
        <party>R</party>
        <state>SD</state>
        <identifiers>
          <lisID>2288</lisID>
          <bioguideId>R000605</bioguideId>
          <gpoId />
        </identifiers>
        <sponsorshipDate>2017-01-05</sponsorshipDate>
        <sponsorshipWithdrawnDate />
      </item>
      <item>
        <middleName />
        <fullName>Sen. Cassidy, Bill [R-LA]</fullName>
        <firstName>Bill</firstName>
        <bioguideId>C001075</bioguideId>
        <lastName>Cassidy</lastName>
        <isOriginalCosponsor>False</isOriginalCosponsor>
        <party>R</party>
        <state>LA</state>
        <identifiers>
          <lisID>1925</lisID>
          <bioguideId>C001075</bioguideId>
          <gpoId>7964</gpoId>
        </identifiers>
        <sponsorshipDate>2017-01-09</sponsorshipDate>
        <sponsorshipWithdrawnDate />
      </item>
      <item>
        <middleName />
        <fullName>Sen. Lankford, James [R-OK]</fullName>
        <firstName>James</firstName>
        <bioguideId>L000575</bioguideId>
        <lastName>Lankford</lastName>
        <isOriginalCosponsor>False</isOriginalCosponsor>
        <party>R</party>
        <state>OK</state>
        <identifiers>
          <bioguideId>L000575</bioguideId>
          <lisID>2050</lisID>
          <gpoId>8113</gpoId>
        </identifiers>
        <sponsorshipDate>2017-01-09</sponsorshipDate>
        <sponsorshipWithdrawnDate />
      </item>
      <item>
        <middleName />
        <fullName>Sen. Lee, Mike [R-UT]</fullName>
        <firstName>Mike</firstName>
        <bioguideId>L000577</bioguideId>
        <lastName>Lee</lastName>
        <isOriginalCosponsor>False</isOriginalCosponsor>
        <party>R</party>
        <state>UT</state>
        <identifiers>
          <lisID>2080</lisID>
          <gpoId>8303</gpoId>
          <bioguideId>L000577</bioguideId>
        </identifiers>
        <sponsorshipDate>2017-01-09</sponsorshipDate>
        <sponsorshipWithdrawnDate />
      </item>
      <item>
        <middleName />
        <fullName>Sen. Johnson, Ron [R-WI]</fullName>
        <firstName>Ron</firstName>
        <bioguideId>J000293</bioguideId>
        <lastName>Johnson</lastName>
        <isOriginalCosponsor>False</isOriginalCosponsor>
        <party>R</party>
        <state>WI</state>
        <identifiers>
          <bioguideId>J000293</bioguideId>
          <gpoId>8355</gpoId>
          <lisID>2086</lisID>
        </identifiers>
        <sponsorshipDate>2017-01-09</sponsorshipDate>
        <sponsorshipWithdrawnDate />
      </item>
      <item>
        <middleName>F.</middleName>
        <fullName>Sen. Wicker, Roger F. [R-MS]</fullName>
        <firstName>ROGER</firstName>
        <bioguideId>W000437</bioguideId>
        <lastName>WICKER</lastName>
        <isOriginalCosponsor>False</isOriginalCosponsor>
        <party>R</party>
        <state>MS</state>
        <identifiers>
          <bioguideId>W000437</bioguideId>
          <gpoId>8263</gpoId>
          <lisID>1226</lisID>
        </identifiers>
        <sponsorshipDate>2017-01-09</sponsorshipDate>
        <sponsorshipWithdrawnDate />
      </item>
      <item>
        <middleName />
        <fullName>Sen. McCaskill, Claire [D-MO]</fullName>
        <firstName>Claire</firstName>
        <bioguideId>M001170</bioguideId>
        <lastName>McCaskill</lastName>
        <isOriginalCosponsor>False</isOriginalCosponsor>
        <party>D</party>
        <state>MO</state>
        <identifiers>
          <lisID>1820</lisID>
          <gpoId>8252</gpoId>
          <bioguideId>M001170</bioguideId>
        </identifiers>
        <sponsorshipDate>2017-01-09</sponsorshipDate>
        <sponsorshipWithdrawnDate />
      </item>
      <item>
        <middleName />
        <fullName>Sen. Heitkamp, Heidi [D-ND]</fullName>
        <firstName>Heidi</firstName>
        <bioguideId>H001069</bioguideId>
        <lastName>Heitkamp</lastName>
        <isOriginalCosponsor>False</isOriginalCosponsor>
        <party>D</party>
        <state>ND</state>
        <identifiers>
          <bioguideId>H001069</bioguideId>
          <lisID>2174</lisID>
          <gpoId />
        </identifiers>
        <sponsorshipDate>2017-01-09</sponsorshipDate>
        <sponsorshipWithdrawnDate />
      </item>
      <item>
        <middleName />
        <fullName>Sen. Isakson, Johnny [R-GA]</fullName>
        <firstName>Johnny</firstName>
        <bioguideId>I000055</bioguideId>
        <lastName>Isakson</lastName>
        <isOriginalCosponsor>False</isOriginalCosponsor>
        <party>R</party>
        <state>GA</state>
        <identifiers>
          <lisID>1608</lisID>
          <bioguideId>I000055</bioguideId>
          <gpoId>8323</gpoId>
        </identifiers>
        <sponsorshipDate>2017-01-09</sponsorshipDate>
        <sponsorshipWithdrawnDate />
      </item>
      <item>
        <middleName />
        <fullName>Sen. Scott, Tim [R-SC]</fullName>
        <firstName>Tim</firstName>
        <bioguideId>S001184</bioguideId>
        <lastName>Scott</lastName>
        <isOriginalCosponsor>False</isOriginalCosponsor>
        <party>R</party>
        <state>SC</state>
        <identifiers>
          <gpoId>8141</gpoId>
          <lisID>2056</lisID>
          <bioguideId>S001184</bioguideId>
        </identifiers>
        <sponsorshipDate>2017-01-09</sponsorshipDate>
        <sponsorshipWithdrawnDate />
      </item>
      <item>
        <middleName />
        <fullName>Sen. Gardner, Cory [R-CO]</fullName>
        <firstName>Cory</firstName>
        <bioguideId>G000562</bioguideId>
        <lastName>Gardner</lastName>
        <isOriginalCosponsor>False</isOriginalCosponsor>
        <party>R</party>
        <state>CO</state>
        <identifiers>
          <gpoId>7862</gpoId>
          <lisID>1998</lisID>
          <bioguideId>G000562</bioguideId>
        </identifiers>
        <sponsorshipDate>2017-01-09</sponsorshipDate>
        <sponsorshipWithdrawnDate />
      </item>
      <item>
        <middleName>Roland</middleName>
        <fullName>Sen. Tillis, Thom [R-NC]</fullName>
        <firstName>Thomas</firstName>
        <bioguideId>T000476</bioguideId>
        <lastName>Tillis</lastName>
        <isOriginalCosponsor>False</isOriginalCosponsor>
        <party>R</party>
        <state>NC</state>
        <identifiers>
          <bioguideId>T000476</bioguideId>
          <lisID>2291</lisID>
          <gpoId />
        </identifiers>
        <sponsorshipDate>2017-01-09</sponsorshipDate>
        <sponsorshipWithdrawnDate />
      </item>
      <item>
        <middleName />
        <fullName>Sen. Fischer, Deb [R-NE]</fullName>
        <firstName>Deb</firstName>
        <bioguideId>F000463</bioguideId>
        <lastName>Fischer</lastName>
        <isOriginalCosponsor>False</isOriginalCosponsor>
        <party>R</party>
        <state>NE</state>
        <identifiers>
          <lisID>2179</lisID>
          <bioguideId>F000463</bioguideId>
          <gpoId />
        </identifiers>
        <sponsorshipDate>2017-01-09</sponsorshipDate>
        <sponsorshipWithdrawnDate />
      </item>
      <item>
        <middleName />
        <fullName>Sen. Sasse, Ben  [R-NE]</fullName>
        <firstName>Ben</firstName>
        <bioguideId>S001197</bioguideId>
        <lastName>Sasse</lastName>
        <isOriginalCosponsor>False</isOriginalCosponsor>
        <party>R</party>
        <state>NE</state>
        <identifiers>
          <gpoId />
          <lisID>2289</lisID>
          <bioguideId>S001197</bioguideId>
        </identifiers>
        <sponsorshipDate>2017-01-10</sponsorshipDate>
        <sponsorshipWithdrawnDate />
      </item>
      <item>
        <middleName>CRAIG</middleName>
        <fullName>Sen. Shelby, Richard C. [R-AL]</fullName>
        <firstName>RICHARD</firstName>
        <bioguideId>S000320</bioguideId>
        <lastName>SHELBY</lastName>
        <isOriginalCosponsor>False</isOriginalCosponsor>
        <party>R</party>
        <state>AL</state>
        <identifiers>
          <gpoId>8277</gpoId>
          <bioguideId>S000320</bioguideId>
          <lisID>1049</lisID>
        </identifiers>
        <sponsorshipDate>2017-01-10</sponsorshipDate>
        <sponsorshipWithdrawnDate />
      </item>
      <item>
        <middleName />
        <fullName>Sen. Alexander, Lamar [R-TN]</fullName>
        <firstName>Lamar</firstName>
        <bioguideId>A000360</bioguideId>
        <lastName>Alexander</lastName>
        <isOriginalCosponsor>False</isOriginalCosponsor>
        <party>R</party>
        <state>TN</state>
        <identifiers>
          <bioguideId>A000360</bioguideId>
          <lisID>1695</lisID>
          <gpoId>8304</gpoId>
        </identifiers>
        <sponsorshipDate>2017-01-10</sponsorshipDate>
        <sponsorshipWithdrawnDate />
      </item>
      <item>
        <middleName />
        <fullName>Sen. Klobuchar, Amy [D-MN]</fullName>
        <firstName>Amy</firstName>
        <bioguideId>K000367</bioguideId>
        <lastName>Klobuchar</lastName>
        <isOriginalCosponsor>False</isOriginalCosponsor>
        <party>D</party>
        <state>MN</state>
        <identifiers>
          <gpoId>8249</gpoId>
          <lisID>1826</lisID>
          <bioguideId>K000367</bioguideId>
        </identifiers>
        <sponsorshipDate>2017-01-10</sponsorshipDate>
        <sponsorshipWithdrawnDate />
      </item>
      <item>
        <middleName>D.</middleName>
        <fullName>Sen. Harris, Kamala D. [D-CA]</fullName>
        <firstName>Kamala</firstName>
        <bioguideId>H001075</bioguideId>
        <lastName>Harris</lastName>
        <isOriginalCosponsor>False</isOriginalCosponsor>
        <party>D</party>
        <state>CA</state>
        <identifiers>
          <lisID>2301</lisID>
          <bioguideId>H001075</bioguideId>
          <gpoId />
        </identifiers>
        <sponsorshipDate>2017-01-10</sponsorshipDate>
        <sponsorshipWithdrawnDate />
      </item>
      <item>
        <middleName />
        <fullName>Sen. Cruz, Ted [R-TX]</fullName>
        <firstName>Ted</firstName>
        <bioguideId>C001098</bioguideId>
        <lastName>Cruz</lastName>
        <isOriginalCosponsor>False</isOriginalCosponsor>
        <party>R</party>
        <state>TX</state>
        <identifiers>
          <gpoId />
          <lisID>2175</lisID>
          <bioguideId>C001098</bioguideId>
        </identifiers>
        <sponsorshipDate>2017-01-10</sponsorshipDate>
        <sponsorshipWithdrawnDate />
      </item>
      <item>
        <middleName>R.</middleName>
        <fullName>Sen. Thune, John [R-SD]</fullName>
        <firstName>JOHN</firstName>
        <bioguideId>T000250</bioguideId>
        <lastName>THUNE</lastName>
        <isOriginalCosponsor>False</isOriginalCosponsor>
        <party>R</party>
        <state>SD</state>
        <identifiers>
          <lisID>1534</lisID>
          <bioguideId>T000250</bioguideId>
          <gpoId>8257</gpoId>
        </identifiers>
        <sponsorshipDate>2017-01-11</sponsorshipDate>
        <sponsorshipWithdrawnDate />
      </item>
      <item>
        <middleName />
        <fullName>Sen. Tester, Jon [D-MT]</fullName>
        <firstName>Jon</firstName>
        <bioguideId>T000464</bioguideId>
        <lastName>Tester</lastName>
        <isOriginalCosponsor>False</isOriginalCosponsor>
        <party>D</party>
        <state>MT</state>
        <identifiers>
          <gpoId>8258</gpoId>
          <bioguideId>T000464</bioguideId>
          <lisID>1829</lisID>
        </identifiers>
        <sponsorshipDate>2017-01-11</sponsorshipDate>
        <sponsorshipWithdrawnDate />
      </item>
      <item>
        <middleName />
        <fullName>Sen. Brown, Sherrod [D-OH]</fullName>
        <firstName>SHERROD</firstName>
        <bioguideId>B000944</bioguideId>
        <lastName>BROWN</lastName>
        <isOriginalCosponsor>False</isOriginalCosponsor>
        <party>D</party>
        <state>OH</state>
        <identifiers>
          <bioguideId>B000944</bioguideId>
          <lisID>136</lisID>
          <gpoId>8309</gpoId>
        </identifiers>
        <sponsorshipDate>2017-01-12</sponsorshipDate>
        <sponsorshipWithdrawnDate />
      </item>
      <item>
        <middleName />
        <fullName>Sen. Cortez Masto, Catherine  [D-NV]</fullName>
        <firstName>Catherine</firstName>
        <bioguideId>C001113</bioguideId>
        <lastName>Cortez Masto</lastName>
        <isOriginalCosponsor>False</isOriginalCosponsor>
        <party>D</party>
        <state>NV</state>
        <identifiers>
          <gpoId />
          <lisID>2299</lisID>
          <bioguideId>C001113</bioguideId>
        </identifiers>
        <sponsorshipDate>2017-01-12</sponsorshipDate>
        <sponsorshipWithdrawnDate />
      </item>
      <item>
        <middleName>B.</middleName>
        <fullName>Sen. Enzi, Michael B. [R-WY]</fullName>
        <firstName>MICHAEL</firstName>
        <bioguideId>E000285</bioguideId>
        <lastName>ENZI</lastName>
        <isOriginalCosponsor>False</isOriginalCosponsor>
        <party>R</party>
        <state>WY</state>
        <identifiers>
          <gpoId>8328</gpoId>
          <lisID>1542</lisID>
          <bioguideId>E000285</bioguideId>
        </identifiers>
        <sponsorshipDate>2017-01-17</sponsorshipDate>
        <sponsorshipWithdrawnDate />
      </item>
      <item>
        <middleName>Wood</middleName>
        <fullName>Sen. Hassan, Margaret Wood [D-NH]</fullName>
        <firstName>Margaret</firstName>
        <bioguideId>H001076</bioguideId>
        <lastName>Hassan</lastName>
        <isOriginalCosponsor>False</isOriginalCosponsor>
        <party>D</party>
        <state>NH</state>
        <identifiers>
          <lisID>2302</lisID>
          <bioguideId>H001076</bioguideId>
          <gpoId />
        </identifiers>
        <sponsorshipDate>2017-01-17</sponsorshipDate>
        <sponsorshipWithdrawnDate />
      </item>
      <item>
        <middleName />
        <fullName>Sen. Kaine, Tim [D-VA]</fullName>
        <firstName>Timothy</firstName>
        <bioguideId>K000384</bioguideId>
        <lastName>Kaine</lastName>
        <isOriginalCosponsor>False</isOriginalCosponsor>
        <party>D</party>
        <state>VA</state>
        <identifiers>
          <bioguideId>K000384</bioguideId>
          <lisID>2176</lisID>
          <gpoId />
        </identifiers>
        <sponsorshipDate>2017-01-20</sponsorshipDate>
        <sponsorshipWithdrawnDate />
      </item>
    </cosponsors>
    <notes />
    <amendments />
    <title>A resolution objecting to United Nations Security Council Resolution 2334 and to all efforts that undermine direct negotiations between Israel and the Palestinians for a secure and peaceful settlement.</title>
    <congress>115</congress>
    <subjects>
      <billSubjects>
        <policyArea>
          <name>International Affairs</name>
        </policyArea>
        <legislativeSubjects>
          <item>
            <name>Arab-Israeli relations</name>
          </item>
          <item>
            <name>Conflicts and wars</name>
          </item>
          <item>
            <name>Diplomacy, foreign officials, Americans abroad</name>
          </item>
          <item>
            <name>International law and treaties</name>
          </item>
          <item>
            <name>International organizations and cooperation</name>
          </item>
          <item>
            <name>Israel</name>
          </item>
          <item>
            <name>Middle East</name>
          </item>
          <item>
            <name>Palestinians</name>
          </item>
          <item>
            <name>Sovereignty, recognition, national governance and status</name>
          </item>
          <item>
            <name>Trade restrictions</name>
          </item>
          <item>
            <name>United Nations</name>
          </item>
        </legislativeSubjects>
      </billSubjects>
    </subjects>
    <relatedBills />
    <recordedVotes />
    <laws />
    <actions>
      <actionByCounts>
        <senate>6</senate>
      </actionByCounts>
      <item>
        <actionDate>2017-01-12</actionDate>
        <committee />
        <links />
        <sourceSystem>
          <name>Senate</name>
          <code>0</code>
        </sourceSystem>
        <text>Placed on Senate Legislative Calendar under General Orders. Calendar No. 3.</text>
        <type>Calendars</type>
      </item>
      <item>
        <actionDate>2017-01-12</actionDate>
        <committee>
          <name>Foreign Relations Committee</name>
          <systemCode>ssfr00</systemCode>
        </committee>
        <links />
        <sourceSystem>
          <name>Senate</name>
          <code>0</code>
        </sourceSystem>
        <text>Committee on Foreign Relations. Reported by Senator Corker with amendments and with a preamble. Without written report.</text>
        <type>Committee</type>
      </item>
      <item>
        <text>Committee on Foreign Relations. Reported by Senator Corker with amendments and with a preamble. Without written report.</text>
        <actionDate>2017-01-12</actionDate>
        <actionCode>14000</actionCode>
        <committee>
          <name>Foreign Relations Committee</name>
          <systemCode>ssfr00</systemCode>
        </committee>
        <type>Committee</type>
        <sourceSystem>
          <name>Library of Congress</name>
          <code>9</code>
        </sourceSystem>
        <links />
      </item>
      <item>
        <actionDate>2017-01-12</actionDate>
        <committee>
          <name>Foreign Relations Committee</name>
          <systemCode>ssfr00</systemCode>
        </committee>
        <links />
        <sourceSystem>
          <name>Senate</name>
          <code>0</code>
        </sourceSystem>
        <text>Committee on Foreign Relations. Ordered to be reported with amendments favorably.</text>
        <type>Committee</type>
      </item>
      <item>
        <actionDate>2017-01-04</actionDate>
        <committee>
          <name>Foreign Relations Committee</name>
          <systemCode>ssfr00</systemCode>
        </committee>
        <links />
        <sourceSystem>
          <name>Senate</name>
          <code>0</code>
        </sourceSystem>
        <text>Referred to the Committee on Foreign Relations.</text>
        <type>IntroReferral</type>
      </item>
      <item>
        <text>Introduced in Senate</text>
        <actionDate>2017-01-04</actionDate>
        <actionCode>10000</actionCode>
        <committee />
        <type>IntroReferral</type>
        <sourceSystem>
          <name>Library of Congress</name>
          <code>9</code>
        </sourceSystem>
        <links />
      </item>
      <actionTypeCounts>
        <orderedReported>1</orderedReported>
        <placedOnCalendarGeneralOrders>1</placedOnCalendarGeneralOrders>
        <referredToCommittee>1</referredToCommittee>
        <introducedInSenate>1</introducedInSenate>
        <reportedToSenate>2</reportedToSenate>
      </actionTypeCounts>
    </actions>
  </bill>
  <dublinCore xmlns:dc="http://purl.org/dc/elements/1.1/">
    <dc:format>text/xml</dc:format>
    <dc:language>EN</dc:language>
    <dc:rights>Pursuant to Title 17 Section 105 of the United States Code, this file is not subject to copyright protection and is in the public domain.</dc:rights>
    <dc:contributor>Congressional Research Service, Library of Congress</dc:contributor>
    <dc:description>This file contains bill summaries and statuses for federal legislation. A bill summary describes the most significant provisions of a piece of legislation and details the effects the legislative text may have on current law and federal programs. Bill summaries are authored by the Congressional Research Service (CRS) of the Library of Congress. As stated in Public Law 91-510 (2 USC 166 (d)(6)), one of the duties of CRS is "to prepare summaries and digests of bills and resolutions of a public general nature introduced in the Senate or House of Representatives". For more information, refer to the User Guide that accompanies this file.</dc:description>
  </dublinCore>
</billStatus>

