<?xml version="1.0" encoding="UTF-8"?>
<billStatus>
  <bill>
    <committeeReports />
    <updateDate>2018-08-28T20:21:08Z</updateDate>
    <laws />
    <billType>SRES</billType>
    <subjects>
      <billSubjects>
        <policyArea>
          <name>Transportation and Public Works</name>
        </policyArea>
        <legislativeSubjects>
          <item>
            <name>Child safety and welfare</name>
          </item>
          <item>
            <name>Commemorative events and holidays</name>
          </item>
          <item>
            <name>Elementary and secondary education</name>
          </item>
          <item>
            <name>Motor carriers</name>
          </item>
          <item>
            <name>Motor vehicles</name>
          </item>
          <item>
            <name>Transportation safety and security</name>
          </item>
        </legislativeSubjects>
      </billSubjects>
    </subjects>
    <policyArea>
      <name>Transportation and Public Works</name>
    </policyArea>
    <recordedVotes />
    <originChamber>Senate</originChamber>
    <latestAction>
      <text>Submitted in the Senate, considered, and agreed to without amendment and with a preamble by Unanimous Consent. (consideration: CR S5810; text: CR S5804)</text>
      <links />
      <actionDate>2017-09-18</actionDate>
    </latestAction>
    <billNumber>260</billNumber>
    <introducedDate>2017-09-18</introducedDate>
    <cosponsors>
      <item>
        <fullName>Sen. Booker, Cory A. [D-NJ]</fullName>
        <identifiers>
          <lisID>2194</lisID>
          <gpoId />
          <bioguideId>B001288</bioguideId>
        </identifiers>
        <sponsorshipDate>2017-09-18</sponsorshipDate>
        <lastName>Booker</lastName>
        <firstName>Cory</firstName>
        <sponsorshipWithdrawnDate />
        <state>NJ</state>
        <party>D</party>
        <middleName>A.</middleName>
        <bioguideId>B001288</bioguideId>
        <isOriginalCosponsor>True</isOriginalCosponsor>
      </item>
    </cosponsors>
    <committees>
      <billCommittees />
    </committees>
    <notes />
    <relatedBills>
      <item>
        <congress>115</congress>
        <number>603</number>
        <type>SRES</type>
        <latestTitle>A resolution designating September 2018 as "School Bus Safety Month".</latestTitle>
        <relationshipDetails>
          <item>
            <type>Related bill</type>
            <identifiedBy>CRS</identifiedBy>
          </item>
        </relationshipDetails>
        <latestAction>
          <text>Referred to the Committee on the Judiciary. (text of measure as introduced: CR S5587)</text>
          <actionDate>2018-08-01</actionDate>
        </latestAction>
      </item>
    </relatedBills>
    <title>A resolution designating September 2017 as "School Bus Safety Month".</title>
    <sponsors>
      <item>
        <fullName>Sen. Fischer, Deb [R-NE]</fullName>
        <firstName>Deb</firstName>
        <lastName>Fischer</lastName>
        <state>NE</state>
        <bioguideId>F000463</bioguideId>
        <party>R</party>
        <identifiers>
          <lisID>2179</lisID>
          <gpoId />
          <bioguideId>F000463</bioguideId>
        </identifiers>
        <byRequestType />
        <middleName />
      </item>
    </sponsors>
    <congress>115</congress>
    <version>1.0.0</version>
    <amendments />
    <titles>
      <item>
        <chamberCode />
        <titleType>Official Title as Introduced</titleType>
        <chamberName />
        <title>A resolution designating September 2017 as "School Bus Safety Month".</title>
        <parentTitleType />
      </item>
      <item>
        <chamberCode />
        <titleType>Display Title</titleType>
        <chamberName />
        <title>A resolution designating September 2017 as "School Bus Safety Month".</title>
        <parentTitleType />
      </item>
    </titles>
    <createDate>2017-09-19T00:26:17Z</createDate>
    <cboCostEstimates />
    <calendarNumbers />
    <actions>
      <actionTypeCounts>
        <introducedInSenate>1</introducedInSenate>
        <passedAgreedToInSenate>1</passedAgreedToInSenate>
        <passedOrAgreedToInSenateDayOf>1</passedOrAgreedToInSenateDayOf>
      </actionTypeCounts>
      <item>
        <actionDate>2017-09-18</actionDate>
        <committee />
        <links>
          <link>
            <name>S5804</name>
            <url>https://www.congress.gov/congressional-record/volume-163/senate-section/page/S5804</url>
          </link>
          <link>
            <name>S5810</name>
            <url>https://www.congress.gov/congressional-record/volume-163/senate-section/page/S5810</url>
          </link>
        </links>
        <sourceSystem>
          <name>Senate</name>
          <code>0</code>
        </sourceSystem>
        <text>Submitted in the Senate, considered, and agreed to without amendment and with a preamble by Unanimous Consent. (consideration: CR S5810; text: CR S5804)</text>
        <type>Floor</type>
      </item>
      <item>
        <actionDate>2017-09-18</actionDate>
        <actionCode>17000</actionCode>
        <committee />
        <text>Passed/agreed to in Senate: Submitted in the Senate, considered, and agreed to without amendment and with a preamble by Unanimous Consent.(consideration: CR S5810; text: CR S5804)</text>
        <links>
          <link>
            <name>S5804</name>
            <url>https://www.congress.gov/congressional-record/volume-163/senate-section/page/S5804</url>
          </link>
          <link>
            <name>S5810</name>
            <url>https://www.congress.gov/congressional-record/volume-163/senate-section/page/S5810</url>
          </link>
        </links>
        <type>Floor</type>
        <sourceSystem>
          <name>Library of Congress</name>
          <code>9</code>
        </sourceSystem>
      </item>
      <item>
        <actionDate>2017-09-18</actionDate>
        <actionCode>10000</actionCode>
        <committee />
        <text>Introduced in Senate</text>
        <links />
        <type>IntroReferral</type>
        <sourceSystem>
          <name>Library of Congress</name>
          <code>9</code>
        </sourceSystem>
      </item>
      <actionByCounts>
        <senate>3</senate>
      </actionByCounts>
    </actions>
    <summaries>
      <billSummaries>
        <item>
          <text><![CDATA[<p>Designates September 2017 as School Bus Safety Month. </p>]]></text>
          <lastSummaryUpdateDate>2017-12-06T16:11:03Z</lastSummaryUpdateDate>
          <actionDesc>Introduced in Senate</actionDesc>
          <updateDate>2017-09-18T04:00:00Z</updateDate>
          <name>Introduced in Senate</name>
          <versionCode>00</versionCode>
          <actionDate>2017-09-18</actionDate>
        </item>
        <item>
          <text><![CDATA[<p>(This measure has not been amended since it was introduced. The summary of that version is repeated here.)</p> <p>Designates September 2017 as School Bus Safety Month. </p>]]></text>
          <lastSummaryUpdateDate>2017-12-06T16:11:29Z</lastSummaryUpdateDate>
          <actionDesc>Passed Senate without amendment</actionDesc>
          <updateDate>2017-09-18T16:12:21Z</updateDate>
          <name>Passed Senate without amendment</name>
          <versionCode>82</versionCode>
          <actionDate>2017-09-18</actionDate>
        </item>
      </billSummaries>
    </summaries>
  </bill>
  <dublinCore xmlns:dc="http://purl.org/dc/elements/1.1/">
    <dc:format>text/xml</dc:format>
    <dc:language>EN</dc:language>
    <dc:rights>Pursuant to Title 17 Section 105 of the United States Code, this file is not subject to copyright protection and is in the public domain.</dc:rights>
    <dc:contributor>Congressional Research Service, Library of Congress</dc:contributor>
    <dc:description>This file contains bill summaries and statuses for federal legislation. A bill summary describes the most significant provisions of a piece of legislation and details the effects the legislative text may have on current law and federal programs. Bill summaries are authored by the Congressional Research Service (CRS) of the Library of Congress. As stated in Public Law 91-510 (2 USC 166 (d)(6)), one of the duties of CRS is "to prepare summaries and digests of bills and resolutions of a public general nature introduced in the Senate or House of Representatives". For more information, refer to the User Guide that accompanies this file.</dc:description>
  </dublinCore>
</billStatus>

