<?xml version="1.0" encoding="UTF-8"?>
<billStatus>
  <bill>
    <policyArea>
      <name>International Affairs</name>
    </policyArea>
    <billType>SRES</billType>
    <latestAction>
      <links />
      <actionDate>2018-07-16</actionDate>
      <text>Resolution agreed to in Senate with an amendment and an amended preamble by Voice Vote. (consideration: CR S4967-4968; text: CR S4968)</text>
    </latestAction>
    <createDate>2018-01-31T01:11:01Z</createDate>
    <notes />
    <actions>
      <item>
        <actionDate>2018-07-16</actionDate>
        <committee />
        <links>
          <link>
            <url>https://www.congress.gov/congressional-record/volume-164/senate-section/page/S4967-4968</url>
            <name>S4967-4968</name>
          </link>
          <link>
            <url>https://www.congress.gov/congressional-record/volume-164/senate-section/page/S4968</url>
            <name>S4968</name>
          </link>
        </links>
        <sourceSystem>
          <code>0</code>
          <name>Senate</name>
        </sourceSystem>
        <text>Resolution agreed to in Senate with an amendment and an amended preamble by Voice Vote. (consideration: CR S4967-4968; text: CR S4968)</text>
        <type>Floor</type>
      </item>
      <item>
        <actionDate>2018-07-16</actionDate>
        <links>
          <link>
            <url>https://www.congress.gov/congressional-record/volume-164/senate-section/page/S4967-4968</url>
            <name>S4967-4968</name>
          </link>
          <link>
            <url>https://www.congress.gov/congressional-record/volume-164/senate-section/page/S4968</url>
            <name>S4968</name>
          </link>
        </links>
        <sourceSystem>
          <code>9</code>
          <name>Library of Congress</name>
        </sourceSystem>
        <committee />
        <text>Passed/agreed to in Senate: Resolution agreed to in Senate with an amendment and an amended preamble by Voice Vote.(consideration: CR S4967-4968; text: CR S4968)</text>
        <type>Floor</type>
        <actionCode>17000</actionCode>
      </item>
      <item>
        <actionDate>2018-05-24</actionDate>
        <committee />
        <links />
        <sourceSystem>
          <code>0</code>
          <name>Senate</name>
        </sourceSystem>
        <text>Placed on Senate Legislative Calendar under General Orders. Calendar No. 436.</text>
        <type>Calendars</type>
      </item>
      <item>
        <actionDate>2018-05-24</actionDate>
        <committee>
          <systemCode>ssfr00</systemCode>
          <name>Foreign Relations Committee</name>
        </committee>
        <links />
        <sourceSystem>
          <code>0</code>
          <name>Senate</name>
        </sourceSystem>
        <text>Committee on Foreign Relations. Reported by Senator Corker with an amendment in the nature of a substitute and with an amended preamble. Without written report.</text>
        <type>Committee</type>
      </item>
      <item>
        <actionDate>2018-05-24</actionDate>
        <links />
        <sourceSystem>
          <code>9</code>
          <name>Library of Congress</name>
        </sourceSystem>
        <committee>
          <systemCode>ssfr00</systemCode>
          <name>Foreign Relations Committee</name>
        </committee>
        <text>Committee on Foreign Relations. Reported by Senator Corker with an amendment in the nature of a substitute and with an amended preamble. Without written report.</text>
        <type>Committee</type>
        <actionCode>14000</actionCode>
      </item>
      <item>
        <actionDate>2018-05-22</actionDate>
        <committee>
          <systemCode>ssfr00</systemCode>
          <name>Foreign Relations Committee</name>
        </committee>
        <links />
        <sourceSystem>
          <code>0</code>
          <name>Senate</name>
        </sourceSystem>
        <text>Committee on Foreign Relations. Ordered to be reported with amendments favorably.</text>
        <type>Committee</type>
      </item>
      <item>
        <actionDate>2018-01-30</actionDate>
        <committee>
          <systemCode>ssfr00</systemCode>
          <name>Foreign Relations Committee</name>
        </committee>
        <links>
          <link>
            <url>https://www.congress.gov/congressional-record/volume-164/senate-section/page/S584</url>
            <name>S584</name>
          </link>
        </links>
        <sourceSystem>
          <code>0</code>
          <name>Senate</name>
        </sourceSystem>
        <text>Referred to the Committee on Foreign Relations. (text of measure as introduced: CR S584)</text>
        <type>IntroReferral</type>
      </item>
      <item>
        <actionDate>2018-01-30</actionDate>
        <links />
        <sourceSystem>
          <code>9</code>
          <name>Library of Congress</name>
        </sourceSystem>
        <committee />
        <text>Introduced in Senate</text>
        <type>IntroReferral</type>
        <actionCode>10000</actionCode>
      </item>
      <actionByCounts>
        <senate>8</senate>
      </actionByCounts>
      <actionTypeCounts>
        <placedOnCalendarGeneralOrders>1</placedOnCalendarGeneralOrders>
        <referredToCommittee>1</referredToCommittee>
        <orderedReported>1</orderedReported>
        <passedAgreedToInSenate>1</passedAgreedToInSenate>
        <reportedToSenate>2</reportedToSenate>
        <introducedInSenate>1</introducedInSenate>
        <agreedToInSenate>1</agreedToInSenate>
      </actionTypeCounts>
    </actions>
    <calendarNumbers>
      <item>
        <calendar>Senate Calendar of Business</calendar>
        <number>0436</number>
      </item>
    </calendarNumbers>
    <congress>115</congress>
    <subjects>
      <billSubjects>
        <legislativeSubjects>
          <item>
            <name>Africa</name>
          </item>
          <item>
            <name>Democratic Republic of the Congo</name>
          </item>
          <item>
            <name>Diplomacy, foreign officials, Americans abroad</name>
          </item>
          <item>
            <name>Elections, voting, political campaign regulation</name>
          </item>
          <item>
            <name>Human rights</name>
          </item>
          <item>
            <name>International organizations and cooperation</name>
          </item>
          <item>
            <name>Political parties and affiliation</name>
          </item>
          <item>
            <name>Protest and dissent</name>
          </item>
          <item>
            <name>Rule of law and government transparency</name>
          </item>
          <item>
            <name>Sovereignty, recognition, national governance and status</name>
          </item>
        </legislativeSubjects>
        <policyArea>
          <name>International Affairs</name>
        </policyArea>
      </billSubjects>
    </subjects>
    <billNumber>386</billNumber>
    <title>A resolution urging the Government of the Democratic Republic of the Congo to fulfill its agreement to hold credible elections, comply with constitutional limits on presidential terms, and fulfill its constitutional mandate for a democratic transition of power by taking concrete and measurable steps towards holding elections not later than December 2018 as outlined in the existing election calendar, and allowing for freedom of expression and association.</title>
    <committees>
      <billCommittees>
        <item>
          <activities>
            <item>
              <date>2018-05-24T20:26:51Z</date>
              <name>Reported by</name>
            </item>
            <item>
              <date>2018-05-22T18:15:34Z</date>
              <name>Markup by</name>
            </item>
            <item>
              <date>2018-01-30T15:47:28Z</date>
              <name>Referred to</name>
            </item>
          </activities>
          <type>Standing</type>
          <chamber>Senate</chamber>
          <systemCode>ssfr00</systemCode>
          <name>Foreign Relations Committee</name>
          <subcommittees />
        </item>
      </billCommittees>
    </committees>
    <introducedDate>2018-01-30</introducedDate>
    <version>1.0.0</version>
    <committeeReports />
    <updateDate>2018-08-28T20:21:25Z</updateDate>
    <laws />
    <originChamber>Senate</originChamber>
    <cboCostEstimates />
    <sponsors>
      <item>
        <middleName />
        <bioguideId>F000444</bioguideId>
        <identifiers>
          <bioguideId>F000444</bioguideId>
          <gpoId>7803</gpoId>
          <lisID>1633</lisID>
        </identifiers>
        <fullName>Sen. Flake, Jeff [R-AZ]</fullName>
        <byRequestType />
        <party>R</party>
        <firstName>JEFF</firstName>
        <state>AZ</state>
        <lastName>FLAKE</lastName>
      </item>
    </sponsors>
    <relatedBills />
    <cosponsors>
      <item>
        <lastName>Booker</lastName>
        <sponsorshipDate>2018-01-30</sponsorshipDate>
        <party>D</party>
        <fullName>Sen. Booker, Cory A. [D-NJ]</fullName>
        <identifiers>
          <gpoId />
          <lisID>2194</lisID>
          <bioguideId>B001288</bioguideId>
        </identifiers>
        <firstName>Cory</firstName>
        <sponsorshipWithdrawnDate />
        <state>NJ</state>
        <middleName>A.</middleName>
        <bioguideId>B001288</bioguideId>
        <isOriginalCosponsor>True</isOriginalCosponsor>
      </item>
      <item>
        <lastName>Coons</lastName>
        <sponsorshipDate>2018-02-26</sponsorshipDate>
        <party>D</party>
        <fullName>Sen. Coons, Christopher A. [D-DE]</fullName>
        <identifiers>
          <lisID>1984</lisID>
          <bioguideId>C001088</bioguideId>
          <gpoId>8297</gpoId>
        </identifiers>
        <firstName>Christopher</firstName>
        <sponsorshipWithdrawnDate />
        <state>DE</state>
        <middleName>A.</middleName>
        <bioguideId>C001088</bioguideId>
        <isOriginalCosponsor>False</isOriginalCosponsor>
      </item>
      <item>
        <lastName>Merkley</lastName>
        <sponsorshipDate>2018-03-13</sponsorshipDate>
        <party>D</party>
        <fullName>Sen. Merkley, Jeff [D-OR]</fullName>
        <identifiers>
          <lisID>1900</lisID>
          <gpoId>8238</gpoId>
          <bioguideId>M001176</bioguideId>
        </identifiers>
        <firstName>Jeff</firstName>
        <sponsorshipWithdrawnDate />
        <state>OR</state>
        <middleName />
        <bioguideId>M001176</bioguideId>
        <isOriginalCosponsor>False</isOriginalCosponsor>
      </item>
      <item>
        <lastName>FEINSTEIN</lastName>
        <sponsorshipDate>2018-03-13</sponsorshipDate>
        <party>D</party>
        <fullName>Sen. Feinstein, Dianne [D-CA]</fullName>
        <identifiers>
          <gpoId>8338</gpoId>
          <lisID>1332</lisID>
          <bioguideId>F000062</bioguideId>
        </identifiers>
        <firstName>DIANNE</firstName>
        <sponsorshipWithdrawnDate />
        <state>CA</state>
        <middleName />
        <bioguideId>F000062</bioguideId>
        <isOriginalCosponsor>False</isOriginalCosponsor>
      </item>
      <item>
        <lastName>Isakson</lastName>
        <sponsorshipDate>2018-03-13</sponsorshipDate>
        <party>R</party>
        <fullName>Sen. Isakson, Johnny [R-GA]</fullName>
        <identifiers>
          <lisID>1608</lisID>
          <gpoId>8323</gpoId>
          <bioguideId>I000055</bioguideId>
        </identifiers>
        <firstName>Johnny</firstName>
        <sponsorshipWithdrawnDate />
        <state>GA</state>
        <middleName />
        <bioguideId>I000055</bioguideId>
        <isOriginalCosponsor>False</isOriginalCosponsor>
      </item>
      <item>
        <lastName>CARDIN</lastName>
        <sponsorshipDate>2018-05-22</sponsorshipDate>
        <party>D</party>
        <fullName>Sen. Cardin, Benjamin L. [D-MD]</fullName>
        <identifiers>
          <lisID>174</lisID>
          <gpoId>8287</gpoId>
          <bioguideId>C000141</bioguideId>
        </identifiers>
        <firstName>BENJAMIN</firstName>
        <sponsorshipWithdrawnDate />
        <state>MD</state>
        <middleName>L.</middleName>
        <bioguideId>C000141</bioguideId>
        <isOriginalCosponsor>False</isOriginalCosponsor>
      </item>
      <item>
        <lastName>MENENDEZ</lastName>
        <sponsorshipDate>2018-05-22</sponsorshipDate>
        <party>D</party>
        <fullName>Sen. Menendez, Robert [D-NJ]</fullName>
        <identifiers>
          <lisID>791</lisID>
          <bioguideId>M000639</bioguideId>
          <gpoId>8239</gpoId>
        </identifiers>
        <firstName>ROBERT</firstName>
        <sponsorshipWithdrawnDate />
        <state>NJ</state>
        <middleName />
        <bioguideId>M000639</bioguideId>
        <isOriginalCosponsor>False</isOriginalCosponsor>
      </item>
    </cosponsors>
    <titles>
      <item>
        <title>A resolution urging the Government of the Democratic Republic of the Congo to fulfill its agreement to hold credible elections, comply with constitutional limits on presidential terms, and fulfill its constitutional mandate for a democratic transition of power by taking concrete and measurable steps towards holding elections not later than December 2018 as outlined in the existing election calendar, and allowing for freedom of expression and association.</title>
        <titleType>Official Title as Introduced</titleType>
        <parentTitleType />
        <chamberCode />
        <chamberName />
      </item>
      <item>
        <title>A resolution urging the Government of the Democratic Republic of the Congo to fulfill its agreement to hold credible elections, comply with constitutional limits on presidential terms, and fulfill its constitutional mandate for a democratic transition of power by taking concrete and measurable steps towards holding elections not later than December 2018 as outlined in the existing election calendar, and allowing for freedom of expression and association.</title>
        <titleType>Display Title</titleType>
        <parentTitleType />
        <chamberCode />
        <chamberName />
      </item>
    </titles>
    <recordedVotes />
    <summaries>
      <billSummaries>
        <item>
          <updateDate>2018-01-30T05:00:00Z</updateDate>
          <lastSummaryUpdateDate>2018-03-13T18:08:13Z</lastSummaryUpdateDate>
          <text><![CDATA[<p>Expresses concern that: (1) the government of the Democratic Republic of the Congo (DRC) failed to hold elections in 2016 or 2017; and (2) the growing security, humanitarian, and human rights crisis in the DRC is exacerbated by the lack of a duly elected leadership.</p> <p>Recognizes that impunity and lack of effective rule of law undermine democracy and that the arrest and detention of civil society activists and the harassment of political opponents close political space and repress peaceful dissent.</p> <p>Calls on: (1) such government to complete specified concrete steps towards holding elections by December 23, 2018; and (2) the opposition to take all steps possible within the DRC to support and promote immediate free, fair, and inclusive elections.</p> <p>Urges the President of the United States, in close coordination with regional and international partners, to: (1) provide appropriate electoral assistance to support the organization of credible elections as soon as possible, and (2) use appropriate means to deter further electoral calendar slippage and abuses against the Congolese people.</p> <ul> <ul> </ul> </ul>]]></text>
          <actionDate>2018-01-30</actionDate>
          <actionDesc>Introduced in Senate</actionDesc>
          <name>Introduced in Senate</name>
          <versionCode>00</versionCode>
        </item>
      </billSummaries>
    </summaries>
    <amendments />
  </bill>
  <dublinCore xmlns:dc="http://purl.org/dc/elements/1.1/">
    <dc:format>text/xml</dc:format>
    <dc:language>EN</dc:language>
    <dc:rights>Pursuant to Title 17 Section 105 of the United States Code, this file is not subject to copyright protection and is in the public domain.</dc:rights>
    <dc:contributor>Congressional Research Service, Library of Congress</dc:contributor>
    <dc:description>This file contains bill summaries and statuses for federal legislation. A bill summary describes the most significant provisions of a piece of legislation and details the effects the legislative text may have on current law and federal programs. Bill summaries are authored by the Congressional Research Service (CRS) of the Library of Congress. As stated in Public Law 91-510 (2 USC 166 (d)(6)), one of the duties of CRS is "to prepare summaries and digests of bills and resolutions of a public general nature introduced in the Senate or House of Representatives". For more information, refer to the User Guide that accompanies this file.</dc:description>
  </dublinCore>
</billStatus>

