<?xml version="1.0" encoding="UTF-8"?>
<billStatus>
  <bill>
    <committees>
      <billCommittees>
        <item>
          <subcommittees />
          <systemCode>ssfr00</systemCode>
          <name>Foreign Relations Committee</name>
          <activities>
            <item>
              <date>2018-03-20T21:39:15Z</date>
              <name>Reported by</name>
            </item>
            <item>
              <date>2018-03-20T14:00:00Z</date>
              <name>Markup by</name>
            </item>
            <item>
              <date>2017-03-09T16:15:20Z</date>
              <name>Referred to</name>
            </item>
          </activities>
          <type>Standing</type>
          <chamber>Senate</chamber>
        </item>
      </billCommittees>
    </committees>
    <actions>
      <item>
        <actionDate>2018-04-09</actionDate>
        <committee />
        <links>
          <link>
            <url>https://www.congress.gov/congressional-record/volume-164/senate-section/page/S2015-2016</url>
            <name>S2015-2016</name>
          </link>
        </links>
        <sourceSystem>
          <code>0</code>
          <name>Senate</name>
        </sourceSystem>
        <text>Resolution agreed to in Senate with an amendment and an amended preamble by Unanimous Consent. (consideration: CR S2015-2016; text: CR S2015-2016)</text>
        <type>Floor</type>
      </item>
      <item>
        <text>Passed/agreed to in Senate: Resolution agreed to in Senate with an amendment and an amended preamble by Unanimous Consent.(consideration: CR S2015-2016; text: CR S2015-2016)</text>
        <type>Floor</type>
        <links>
          <link>
            <url>https://www.congress.gov/congressional-record/volume-164/senate-section/page/S2015-2016</url>
            <name>S2015-2016</name>
          </link>
        </links>
        <actionDate>2018-04-09</actionDate>
        <sourceSystem>
          <code>9</code>
          <name>Library of Congress</name>
        </sourceSystem>
        <committee />
        <actionCode>17000</actionCode>
      </item>
      <item>
        <actionDate>2018-03-20</actionDate>
        <committee />
        <links />
        <sourceSystem>
          <code>0</code>
          <name>Senate</name>
        </sourceSystem>
        <text>Placed on Senate Legislative Calendar under General Orders. Calendar No. 355.</text>
        <type>Calendars</type>
      </item>
      <item>
        <actionDate>2018-03-20</actionDate>
        <committee>
          <systemCode>ssfr00</systemCode>
          <name>Foreign Relations Committee</name>
        </committee>
        <links />
        <sourceSystem>
          <code>0</code>
          <name>Senate</name>
        </sourceSystem>
        <text>Committee on Foreign Relations. Reported by Senator Corker with an amendment and with an amended preamble. Without written report.</text>
        <type>Committee</type>
      </item>
      <item>
        <text>Committee on Foreign Relations. Reported by Senator Corker with an amendment and with an amended preamble. Without written report.</text>
        <type>Committee</type>
        <links />
        <actionDate>2018-03-20</actionDate>
        <sourceSystem>
          <code>9</code>
          <name>Library of Congress</name>
        </sourceSystem>
        <committee>
          <systemCode>ssfr00</systemCode>
          <name>Foreign Relations Committee</name>
        </committee>
        <actionCode>14000</actionCode>
      </item>
      <item>
        <actionDate>2018-03-20</actionDate>
        <committee>
          <systemCode>ssfr00</systemCode>
          <name>Foreign Relations Committee</name>
        </committee>
        <links />
        <sourceSystem>
          <code>0</code>
          <name>Senate</name>
        </sourceSystem>
        <text>Committee on Foreign Relations. Ordered to be reported with an amendment favorably.</text>
        <type>Committee</type>
      </item>
      <item>
        <actionDate>2017-03-09</actionDate>
        <committee>
          <systemCode>ssfr00</systemCode>
          <name>Foreign Relations Committee</name>
        </committee>
        <links>
          <link>
            <url>https://www.congress.gov/congressional-record/volume-163/senate-section/page/S1749-1750</url>
            <name>S1749-1750</name>
          </link>
        </links>
        <sourceSystem>
          <code>0</code>
          <name>Senate</name>
        </sourceSystem>
        <text>Referred to the Committee on Foreign Relations. (text of measure as introduced: CR S1749-1750)</text>
        <type>IntroReferral</type>
      </item>
      <item>
        <text>Introduced in Senate</text>
        <type>IntroReferral</type>
        <links />
        <actionDate>2017-03-09</actionDate>
        <sourceSystem>
          <code>9</code>
          <name>Library of Congress</name>
        </sourceSystem>
        <committee />
        <actionCode>10000</actionCode>
      </item>
      <actionByCounts>
        <senate>8</senate>
      </actionByCounts>
      <actionTypeCounts>
        <placedOnCalendarGeneralOrders>1</placedOnCalendarGeneralOrders>
        <referredToCommittee>1</referredToCommittee>
        <reportedToSenate>2</reportedToSenate>
        <introducedInSenate>1</introducedInSenate>
        <orderedReported>1</orderedReported>
        <passedAgreedToInSenate>1</passedAgreedToInSenate>
        <agreedToInSenate>1</agreedToInSenate>
      </actionTypeCounts>
    </actions>
    <recordedVotes />
    <laws />
    <calendarNumbers>
      <item>
        <calendar>Senate Calendar of Business</calendar>
        <number>0355</number>
      </item>
    </calendarNumbers>
    <titles>
      <item>
        <title>A resolution calling on the Government of Iran to fulfill repeated promises of assistance in the case of Robert Levinson, the longest held United States civilian in our Nation's history.</title>
        <titleType>Official Title as Introduced</titleType>
        <parentTitleType />
        <chamberCode />
        <chamberName />
      </item>
      <item>
        <title>A resolution calling on the Government of Iran to fulfill repeated promises of assistance in the case of Robert Levinson, the longest held United States civilian in our Nation's history.</title>
        <titleType>Display Title</titleType>
        <parentTitleType />
        <chamberCode />
        <chamberName />
      </item>
    </titles>
    <cosponsors>
      <item>
        <lastName>Rubio</lastName>
        <sponsorshipDate>2017-03-09</sponsorshipDate>
        <party>R</party>
        <fullName>Sen. Rubio, Marco [R-FL]</fullName>
        <identifiers>
          <bioguideId>R000595</bioguideId>
          <lisID>2084</lisID>
          <gpoId>8242</gpoId>
        </identifiers>
        <firstName>Marco</firstName>
        <sponsorshipWithdrawnDate />
        <state>FL</state>
        <middleName />
        <bioguideId>R000595</bioguideId>
        <isOriginalCosponsor>True</isOriginalCosponsor>
      </item>
    </cosponsors>
    <cboCostEstimates />
    <latestAction>
      <text>Resolution agreed to in Senate with an amendment and an amended preamble by Unanimous Consent. (consideration: CR S2015-2016; text: CR S2015-2016)</text>
      <links />
      <actionDate>2018-04-09</actionDate>
    </latestAction>
    <updateDate>2018-08-28T20:20:31Z</updateDate>
    <version>1.0.0</version>
    <policyArea>
      <name>International Affairs</name>
    </policyArea>
    <billType>SRES</billType>
    <billNumber>85</billNumber>
    <originChamber>Senate</originChamber>
    <relatedBills>
      <item>
        <latestTitle>Calling on the Government of Iran to fulfill repeated promises of assistance in the case of Robert Levinson, the longest held United States civilian in our Nation's history.</latestTitle>
        <relationshipDetails>
          <item>
            <type>Related bill</type>
            <identifiedBy>CRS</identifiedBy>
          </item>
        </relationshipDetails>
        <number>185</number>
        <latestAction>
          <actionDate>2017-06-29</actionDate>
          <text>Forwarded by Subcommittee to Full Committee by Voice Vote .</text>
        </latestAction>
        <congress>115</congress>
        <type>HRES</type>
      </item>
    </relatedBills>
    <title>A resolution calling on the Government of Iran to fulfill repeated promises of assistance in the case of Robert Levinson, the longest held United States civilian in our Nation's history.</title>
    <congress>115</congress>
    <summaries>
      <billSummaries>
        <item>
          <text><![CDATA[<p>Recognizes that March 9, 2017, marks 10 years since the disappearance of Robert Levinson from Kish Island, Iran, and that Levinson is the longest held U.S. civilian in U.S. history. Notes that repeated pledges by Iranian officials to provide their government's assistance have not led to any meaningful progress in locating or returning him. </p> <p> Urges the government of Iran to take meaningful steps towards fulfilling its promises to assist in locating and returning Levinson, including immediately providing all information from all entities of such government regarding his disappearance.</p> <p> Urges the President and U.S. allies to continue to press the Iranian government to locate and return Levinson, notwithstanding disagreements with Iran on a broad array of issues. Notes that further delay in locating and returning Levinson remains a significant obstacle to improving U.S.-Iran relations.</p> <p> Expresses sympathy to Levinson's family and expresses hope that their ordeal can be brought to an end in the near future.</p>]]></text>
          <lastSummaryUpdateDate>2017-04-25T14:30:59Z</lastSummaryUpdateDate>
          <actionDesc>Introduced in Senate</actionDesc>
          <updateDate>2017-03-09T05:00:00Z</updateDate>
          <name>Introduced in Senate</name>
          <versionCode>00</versionCode>
          <actionDate>2017-03-09</actionDate>
        </item>
        <item>
          <text><![CDATA[<p>Recognizes that March 9, 2017, marked 10 years since the disappearance of Robert Levinson from Kish Island, Iran, and that Levinson is the longest held U.S. civilian in U.S. history. Notes that repeated pledges by Iranian officials to provide their government's assistance have not led to any meaningful progress in locating or returning him. </p> <p> Urges the government of Iran to take meaningful steps towards fulfilling its promises to assist in locating and returning Levinson, including immediately providing all information from all entities of such government regarding his disappearance.</p> <p> Urges the President and U.S. allies to continue to press the Iranian government to locate and return Levinson, notwithstanding disagreements with Iran on a broad array of issues. Notes that further delay in locating and returning Levinson remains a significant obstacle to improving U.S.-Iran relations.</p> <p> Expresses sympathy to Levinson's family and expresses hope that their ordeal can be brought to an end in the near future.</p>]]></text>
          <lastSummaryUpdateDate>2018-04-05T20:12:32Z</lastSummaryUpdateDate>
          <actionDesc>Reported to Senate with amendment(s)</actionDesc>
          <updateDate>2018-03-20T11:43:11Z</updateDate>
          <name>Reported to Senate with amendment(s)</name>
          <versionCode>01</versionCode>
          <actionDate>2018-03-20</actionDate>
        </item>
      </billSummaries>
    </summaries>
    <subjects>
      <billSubjects>
        <legislativeSubjects>
          <item>
            <name>Diplomacy, foreign officials, Americans abroad</name>
          </item>
          <item>
            <name>Iran</name>
          </item>
          <item>
            <name>Middle East</name>
          </item>
        </legislativeSubjects>
        <policyArea>
          <name>International Affairs</name>
        </policyArea>
      </billSubjects>
    </subjects>
    <committeeReports />
    <introducedDate>2017-03-09</introducedDate>
    <sponsors>
      <item>
        <bioguideId>N000032</bioguideId>
        <middleName>WILLIAM</middleName>
        <byRequestType />
        <fullName>Sen. Nelson, Bill [D-FL]</fullName>
        <lastName>NELSON</lastName>
        <state>FL</state>
        <party>D</party>
        <identifiers>
          <lisID>859</lisID>
          <gpoId>8236</gpoId>
          <bioguideId>N000032</bioguideId>
        </identifiers>
        <firstName>CLARENCE</firstName>
      </item>
    </sponsors>
    <notes />
    <createDate>2017-03-10T05:16:38Z</createDate>
    <amendments />
  </bill>
  <dublinCore xmlns:dc="http://purl.org/dc/elements/1.1/">
    <dc:format>text/xml</dc:format>
    <dc:language>EN</dc:language>
    <dc:rights>Pursuant to Title 17 Section 105 of the United States Code, this file is not subject to copyright protection and is in the public domain.</dc:rights>
    <dc:contributor>Congressional Research Service, Library of Congress</dc:contributor>
    <dc:description>This file contains bill summaries and statuses for federal legislation. A bill summary describes the most significant provisions of a piece of legislation and details the effects the legislative text may have on current law and federal programs. Bill summaries are authored by the Congressional Research Service (CRS) of the Library of Congress. As stated in Public Law 91-510 (2 USC 166 (d)(6)), one of the duties of CRS is "to prepare summaries and digests of bills and resolutions of a public general nature introduced in the Senate or House of Representatives". For more information, refer to the User Guide that accompanies this file.</dc:description>
  </dublinCore>
</billStatus>

