<?xml version="1.0" encoding="UTF-8"?>
<billStatus>
  <bill>
    <amendments />
    <latestAction>
      <actionDate>2017-08-02</actionDate>
      <text>Resolution agreed to in Senate without amendment and with a preamble by Unanimous Consent.</text>
      <links />
    </latestAction>
    <congress>115</congress>
    <subjects>
      <billSubjects>
        <legislativeSubjects>
          <item>
            <name>Commemorative events and holidays</name>
          </item>
          <item>
            <name>Migrant, seasonal, agricultural labor</name>
          </item>
          <item>
            <name>U.S. history</name>
          </item>
        </legislativeSubjects>
        <policyArea>
          <name>Arts, Culture, Religion</name>
        </policyArea>
      </billSubjects>
    </subjects>
    <laws />
    <notes />
    <billType>SRES</billType>
    <sponsors>
      <item>
        <middleName>B.</middleName>
        <bioguideId>E000285</bioguideId>
        <fullName>Sen. Enzi, Michael B. [R-WY]</fullName>
        <identifiers>
          <lisID>1542</lisID>
          <bioguideId>E000285</bioguideId>
          <gpoId>8328</gpoId>
        </identifiers>
        <byRequestType />
        <state>WY</state>
        <firstName>MICHAEL</firstName>
        <party>R</party>
        <lastName>ENZI</lastName>
      </item>
    </sponsors>
    <recordedVotes />
    <committeeReports />
    <introducedDate>2017-07-20</introducedDate>
    <updateDate>2018-08-28T20:21:01Z</updateDate>
    <cosponsors>
      <item>
        <lastName>Heitkamp</lastName>
        <sponsorshipDate>2017-07-20</sponsorshipDate>
        <party>D</party>
        <fullName>Sen. Heitkamp, Heidi [D-ND]</fullName>
        <identifiers>
          <lisID>2174</lisID>
          <bioguideId>H001069</bioguideId>
          <gpoId />
        </identifiers>
        <firstName>Heidi</firstName>
        <sponsorshipWithdrawnDate />
        <state>ND</state>
        <middleName />
        <bioguideId>H001069</bioguideId>
        <isOriginalCosponsor>True</isOriginalCosponsor>
      </item>
      <item>
        <lastName>CRAPO</lastName>
        <sponsorshipDate>2017-07-20</sponsorshipDate>
        <party>R</party>
        <fullName>Sen. Crapo, Mike [R-ID]</fullName>
        <identifiers>
          <bioguideId>C000880</bioguideId>
          <lisID>250</lisID>
          <gpoId>8289</gpoId>
        </identifiers>
        <firstName>MICHAEL</firstName>
        <sponsorshipWithdrawnDate />
        <state>ID</state>
        <middleName>D.</middleName>
        <bioguideId>C000880</bioguideId>
        <isOriginalCosponsor>True</isOriginalCosponsor>
      </item>
      <item>
        <lastName>INHOFE</lastName>
        <sponsorshipDate>2017-07-20</sponsorshipDate>
        <party>R</party>
        <fullName>Sen. Inhofe, James M. [R-OK]</fullName>
        <identifiers>
          <lisID>583</lisID>
          <bioguideId>I000024</bioguideId>
          <gpoId>8322</gpoId>
        </identifiers>
        <firstName>JIM</firstName>
        <sponsorshipWithdrawnDate />
        <state>OK</state>
        <middleName />
        <bioguideId>I000024</bioguideId>
        <isOriginalCosponsor>True</isOriginalCosponsor>
      </item>
      <item>
        <lastName>Risch</lastName>
        <sponsorshipDate>2017-07-20</sponsorshipDate>
        <party>R</party>
        <fullName>Sen. Risch, James E. [R-ID]</fullName>
        <identifiers>
          <bioguideId>R000584</bioguideId>
          <lisID>1896</lisID>
          <gpoId>8274</gpoId>
        </identifiers>
        <firstName>James</firstName>
        <sponsorshipWithdrawnDate />
        <state>ID</state>
        <middleName>E.</middleName>
        <bioguideId>R000584</bioguideId>
        <isOriginalCosponsor>True</isOriginalCosponsor>
      </item>
      <item>
        <lastName>Cornyn</lastName>
        <sponsorshipDate>2017-07-20</sponsorshipDate>
        <party>R</party>
        <fullName>Sen. Cornyn, John [R-TX]</fullName>
        <identifiers>
          <bioguideId>C001056</bioguideId>
          <lisID>1692</lisID>
          <gpoId>8295</gpoId>
        </identifiers>
        <firstName>John</firstName>
        <sponsorshipWithdrawnDate />
        <state>TX</state>
        <middleName />
        <bioguideId>C001056</bioguideId>
        <isOriginalCosponsor>True</isOriginalCosponsor>
      </item>
      <item>
        <lastName>Tester</lastName>
        <sponsorshipDate>2017-07-20</sponsorshipDate>
        <party>D</party>
        <fullName>Sen. Tester, Jon [D-MT]</fullName>
        <identifiers>
          <lisID>1829</lisID>
          <gpoId>8258</gpoId>
          <bioguideId>T000464</bioguideId>
        </identifiers>
        <firstName>Jon</firstName>
        <sponsorshipWithdrawnDate />
        <state>MT</state>
        <middleName />
        <bioguideId>T000464</bioguideId>
        <isOriginalCosponsor>True</isOriginalCosponsor>
      </item>
      <item>
        <lastName>Lankford</lastName>
        <sponsorshipDate>2017-07-20</sponsorshipDate>
        <party>R</party>
        <fullName>Sen. Lankford, James [R-OK]</fullName>
        <identifiers>
          <lisID>2050</lisID>
          <gpoId>8113</gpoId>
          <bioguideId>L000575</bioguideId>
        </identifiers>
        <firstName>James</firstName>
        <sponsorshipWithdrawnDate />
        <state>OK</state>
        <middleName />
        <bioguideId>L000575</bioguideId>
        <isOriginalCosponsor>True</isOriginalCosponsor>
      </item>
      <item>
        <lastName>Hoeven</lastName>
        <sponsorshipDate>2017-07-20</sponsorshipDate>
        <party>R</party>
        <fullName>Sen. Hoeven, John [R-ND]</fullName>
        <identifiers>
          <bioguideId>H001061</bioguideId>
          <lisID>2079</lisID>
          <gpoId>8331</gpoId>
        </identifiers>
        <firstName>John</firstName>
        <sponsorshipWithdrawnDate />
        <state>ND</state>
        <middleName />
        <bioguideId>H001061</bioguideId>
        <isOriginalCosponsor>True</isOriginalCosponsor>
      </item>
      <item>
        <lastName>Barrasso</lastName>
        <sponsorshipDate>2017-07-20</sponsorshipDate>
        <party>R</party>
        <fullName>Sen. Barrasso, John [R-WY]</fullName>
        <identifiers>
          <bioguideId>B001261</bioguideId>
          <lisID>1881</lisID>
          <gpoId>8300</gpoId>
        </identifiers>
        <firstName>John</firstName>
        <sponsorshipWithdrawnDate />
        <state>WY</state>
        <middleName />
        <bioguideId>B001261</bioguideId>
        <isOriginalCosponsor>True</isOriginalCosponsor>
      </item>
      <item>
        <lastName>Heinrich</lastName>
        <sponsorshipDate>2017-07-20</sponsorshipDate>
        <party>D</party>
        <fullName>Sen. Heinrich, Martin [D-NM]</fullName>
        <identifiers>
          <lisID>1937</lisID>
          <bioguideId>H001046</bioguideId>
          <gpoId>8056</gpoId>
        </identifiers>
        <firstName>Martin</firstName>
        <sponsorshipWithdrawnDate />
        <state>NM</state>
        <middleName />
        <bioguideId>H001046</bioguideId>
        <isOriginalCosponsor>True</isOriginalCosponsor>
      </item>
      <item>
        <lastName>UDALL</lastName>
        <sponsorshipDate>2017-07-20</sponsorshipDate>
        <party>D</party>
        <fullName>Sen. Udall, Tom [D-NM]</fullName>
        <identifiers>
          <bioguideId>U000039</bioguideId>
          <lisID>1567</lisID>
          <gpoId>8260</gpoId>
        </identifiers>
        <firstName>TOM</firstName>
        <sponsorshipWithdrawnDate />
        <state>NM</state>
        <middleName />
        <bioguideId>U000039</bioguideId>
        <isOriginalCosponsor>True</isOriginalCosponsor>
      </item>
      <item>
        <lastName>THUNE</lastName>
        <sponsorshipDate>2017-07-20</sponsorshipDate>
        <party>R</party>
        <fullName>Sen. Thune, John [R-SD]</fullName>
        <identifiers>
          <lisID>1534</lisID>
          <bioguideId>T000250</bioguideId>
          <gpoId>8257</gpoId>
        </identifiers>
        <firstName>JOHN</firstName>
        <sponsorshipWithdrawnDate />
        <state>SD</state>
        <middleName>R.</middleName>
        <bioguideId>T000250</bioguideId>
        <isOriginalCosponsor>True</isOriginalCosponsor>
      </item>
      <item>
        <lastName>Merkley</lastName>
        <sponsorshipDate>2017-07-20</sponsorshipDate>
        <party>D</party>
        <fullName>Sen. Merkley, Jeff [D-OR]</fullName>
        <identifiers>
          <bioguideId>M001176</bioguideId>
          <gpoId>8238</gpoId>
          <lisID>1900</lisID>
        </identifiers>
        <firstName>Jeff</firstName>
        <sponsorshipWithdrawnDate />
        <state>OR</state>
        <middleName />
        <bioguideId>M001176</bioguideId>
        <isOriginalCosponsor>True</isOriginalCosponsor>
      </item>
      <item>
        <lastName>Rounds</lastName>
        <sponsorshipDate>2017-07-20</sponsorshipDate>
        <party>R</party>
        <fullName>Sen. Rounds, Mike  [R-SD]</fullName>
        <identifiers>
          <lisID>2288</lisID>
          <gpoId />
          <bioguideId>R000605</bioguideId>
        </identifiers>
        <firstName>Mike</firstName>
        <sponsorshipWithdrawnDate />
        <state>SD</state>
        <middleName />
        <bioguideId>R000605</bioguideId>
        <isOriginalCosponsor>True</isOriginalCosponsor>
      </item>
    </cosponsors>
    <actions>
      <actionTypeCounts>
        <committeeDischarged>1</committeeDischarged>
        <senateCommitteeDischarged>1</senateCommitteeDischarged>
        <referredToCommittee>1</referredToCommittee>
        <agreedToInSenate>1</agreedToInSenate>
        <introducedInSenate>1</introducedInSenate>
        <passedAgreedToInSenate>1</passedAgreedToInSenate>
      </actionTypeCounts>
      <item>
        <actionDate>2017-08-02</actionDate>
        <committee />
        <links />
        <sourceSystem>
          <name>Senate</name>
          <code>0</code>
        </sourceSystem>
        <text>Resolution agreed to in Senate without amendment and with a preamble by Unanimous Consent.</text>
        <type>Floor</type>
      </item>
      <item>
        <actionDate>2017-08-02</actionDate>
        <actionCode>17000</actionCode>
        <committee />
        <text>Passed/agreed to in Senate: Resolution agreed to in Senate without amendment and with a preamble by Unanimous Consent.</text>
        <links />
        <type>Floor</type>
        <sourceSystem>
          <name>Library of Congress</name>
          <code>9</code>
        </sourceSystem>
      </item>
      <item>
        <actionDate>2017-08-02</actionDate>
        <committee>
          <systemCode>ssju00</systemCode>
          <name>Judiciary Committee</name>
        </committee>
        <links>
          <link>
            <name>S4715-4716</name>
            <url>https://www.congress.gov/congressional-record/volume-163/senate-section/page/S4715-4716</url>
          </link>
        </links>
        <sourceSystem>
          <name>Senate</name>
          <code>0</code>
        </sourceSystem>
        <text>Senate Committee on the Judiciary discharged by Unanimous Consent. (consideration: CR S4715-4716)</text>
        <type>Discharge</type>
      </item>
      <item>
        <actionDate>2017-08-02</actionDate>
        <actionCode>14500</actionCode>
        <committee>
          <systemCode>ssju00</systemCode>
          <name>Judiciary Committee</name>
        </committee>
        <text>Senate Committee on the Judiciary discharged by Unanimous Consent.(consideration: CR S4715-4716)</text>
        <links>
          <link>
            <name>S4715-4716</name>
            <url>https://www.congress.gov/congressional-record/volume-163/senate-section/page/S4715-4716</url>
          </link>
        </links>
        <type>Committee</type>
        <sourceSystem>
          <name>Library of Congress</name>
          <code>9</code>
        </sourceSystem>
      </item>
      <item>
        <actionDate>2017-07-20</actionDate>
        <committee>
          <systemCode>ssju00</systemCode>
          <name>Judiciary Committee</name>
        </committee>
        <links>
          <link>
            <name>S4118</name>
            <url>https://www.congress.gov/congressional-record/volume-163/senate-section/page/S4118</url>
          </link>
        </links>
        <sourceSystem>
          <name>Senate</name>
          <code>0</code>
        </sourceSystem>
        <text>Referred to the Committee on the Judiciary. (text of measure as introduced: CR S4118)</text>
        <type>IntroReferral</type>
      </item>
      <item>
        <actionDate>2017-07-20</actionDate>
        <actionCode>10000</actionCode>
        <committee />
        <text>Introduced in Senate</text>
        <links />
        <type>IntroReferral</type>
        <sourceSystem>
          <name>Library of Congress</name>
          <code>9</code>
        </sourceSystem>
      </item>
      <actionByCounts>
        <senate>6</senate>
      </actionByCounts>
    </actions>
    <committees>
      <billCommittees>
        <item>
          <chamber>Senate</chamber>
          <systemCode>ssju00</systemCode>
          <subcommittees />
          <type>Standing</type>
          <name>Judiciary Committee</name>
          <activities>
            <item>
              <name>Discharged from</name>
              <date>2017-08-02T20:48:22Z</date>
            </item>
            <item>
              <name>Referred to</name>
              <date>2017-07-20T14:47:35Z</date>
            </item>
          </activities>
        </item>
      </billCommittees>
    </committees>
    <policyArea>
      <name>Arts, Culture, Religion</name>
    </policyArea>
    <version>1.0.0</version>
    <title>A resolution designating July 22, 2017, as "National Day of the American Cowboy".</title>
    <createDate>2017-07-21T00:56:42Z</createDate>
    <billNumber>225</billNumber>
    <cboCostEstimates />
    <calendarNumbers />
    <relatedBills>
      <item>
        <latestAction>
          <actionDate>2018-07-24</actionDate>
          <text>Submitted in the Senate, considered, and agreed to without amendment and with a preamble by Unanimous Consent. (consideration: CR S5312; text: CR S5269)</text>
        </latestAction>
        <relationshipDetails>
          <item>
            <identifiedBy>CRS</identifiedBy>
            <type>Related bill</type>
          </item>
        </relationshipDetails>
        <congress>115</congress>
        <latestTitle>A resolution designating July 28, 2018, as "National Day of the American Cowboy".</latestTitle>
        <type>SRES</type>
        <number>589</number>
      </item>
    </relatedBills>
    <summaries>
      <billSummaries>
        <item>
          <name>Introduced in Senate</name>
          <actionDesc>Introduced in Senate</actionDesc>
          <actionDate>2017-07-20</actionDate>
          <lastSummaryUpdateDate>2017-09-14T21:47:41Z</lastSummaryUpdateDate>
          <versionCode>00</versionCode>
          <updateDate>2017-07-20T04:00:00Z</updateDate>
          <text><![CDATA[<p> Designates July 22, 2017, as National Day of the American Cowboy.</p>]]></text>
        </item>
        <item>
          <name>Passed Senate without amendment</name>
          <actionDesc>Passed Senate without amendment</actionDesc>
          <actionDate>2017-08-02</actionDate>
          <lastSummaryUpdateDate>2017-09-14T21:48:22Z</lastSummaryUpdateDate>
          <versionCode>82</versionCode>
          <updateDate>2017-08-02T14:32:53Z</updateDate>
          <text><![CDATA[<p>(This measure has not been amended since it was introduced. The summary of that version is repeated here.)</p> <p> Designates July 22, 2017, as National Day of the American Cowboy.</p>]]></text>
        </item>
      </billSummaries>
    </summaries>
    <originChamber>Senate</originChamber>
    <titles>
      <item>
        <titleType>Official Title as Introduced</titleType>
        <chamberName />
        <chamberCode />
        <parentTitleType />
        <title>A resolution designating July 22, 2017, as "National Day of the American Cowboy".</title>
      </item>
      <item>
        <titleType>Display Title</titleType>
        <chamberName />
        <chamberCode />
        <parentTitleType />
        <title>A resolution designating July 22, 2017, as "National Day of the American Cowboy".</title>
      </item>
    </titles>
  </bill>
  <dublinCore xmlns:dc="http://purl.org/dc/elements/1.1/">
    <dc:format>text/xml</dc:format>
    <dc:language>EN</dc:language>
    <dc:rights>Pursuant to Title 17 Section 105 of the United States Code, this file is not subject to copyright protection and is in the public domain.</dc:rights>
    <dc:contributor>Congressional Research Service, Library of Congress</dc:contributor>
    <dc:description>This file contains bill summaries and statuses for federal legislation. A bill summary describes the most significant provisions of a piece of legislation and details the effects the legislative text may have on current law and federal programs. Bill summaries are authored by the Congressional Research Service (CRS) of the Library of Congress. As stated in Public Law 91-510 (2 USC 166 (d)(6)), one of the duties of CRS is "to prepare summaries and digests of bills and resolutions of a public general nature introduced in the Senate or House of Representatives". For more information, refer to the User Guide that accompanies this file.</dc:description>
  </dublinCore>
</billStatus>

