<?xml version="1.0" encoding="UTF-8"?>
<billStatus>
  <bill>
    <titles>
      <item>
        <titleType>Official Title as Introduced</titleType>
        <title>A resolution authorizing the printing of a collection of the rules of the committees of the Senate.</title>
        <parentTitleType />
        <chamberCode />
        <chamberName />
      </item>
      <item>
        <titleType>Display Title</titleType>
        <title>A resolution authorizing the printing of a collection of the rules of the committees of the Senate.</title>
        <parentTitleType />
        <chamberCode />
        <chamberName />
      </item>
    </titles>
    <notes />
    <latestAction>
      <links />
      <text>Submitted in the Senate, considered, and agreed to without amendment by Unanimous Consent. (consideration: CR S1980; text as passed Senate: CR S1979)</text>
      <actionDate>2017-03-23</actionDate>
    </latestAction>
    <committees>
      <billCommittees />
    </committees>
    <actions>
      <actionByCounts>
        <senate>3</senate>
      </actionByCounts>
      <item>
        <actionDate>2017-03-23</actionDate>
        <committee />
        <links>
          <link>
            <url>https://www.congress.gov/congressional-record/volume-163/senate-section/page/S1979</url>
            <name>S1979</name>
          </link>
          <link>
            <url>https://www.congress.gov/congressional-record/volume-163/senate-section/page/S1980</url>
            <name>S1980</name>
          </link>
        </links>
        <sourceSystem>
          <code>0</code>
          <name>Senate</name>
        </sourceSystem>
        <text>Submitted in the Senate, considered, and agreed to without amendment by Unanimous Consent. (consideration: CR S1980; text as passed Senate: CR S1979)</text>
        <type>Floor</type>
      </item>
      <item>
        <committee />
        <links>
          <link>
            <url>https://www.congress.gov/congressional-record/volume-163/senate-section/page/S1979</url>
            <name>S1979</name>
          </link>
          <link>
            <url>https://www.congress.gov/congressional-record/volume-163/senate-section/page/S1980</url>
            <name>S1980</name>
          </link>
        </links>
        <type>Floor</type>
        <text>Passed/agreed to in Senate: Submitted in the Senate, considered, and agreed to without amendment by Unanimous Consent.(consideration: CR S1980; text as passed Senate: CR S1979)</text>
        <actionDate>2017-03-23</actionDate>
        <actionCode>17000</actionCode>
        <sourceSystem>
          <code>9</code>
          <name>Library of Congress</name>
        </sourceSystem>
      </item>
      <item>
        <committee />
        <links />
        <type>IntroReferral</type>
        <text>Introduced in Senate</text>
        <actionDate>2017-03-23</actionDate>
        <actionCode>10000</actionCode>
        <sourceSystem>
          <code>9</code>
          <name>Library of Congress</name>
        </sourceSystem>
      </item>
      <actionTypeCounts>
        <passedAgreedToInSenate>1</passedAgreedToInSenate>
        <passedOrAgreedToInSenateDayOf>1</passedOrAgreedToInSenateDayOf>
        <introducedInSenate>1</introducedInSenate>
      </actionTypeCounts>
    </actions>
    <policyArea>
      <name>Congress</name>
    </policyArea>
    <sponsors>
      <item>
        <fullName>Sen. Shelby, Richard C. [R-AL]</fullName>
        <party>R</party>
        <bioguideId>S000320</bioguideId>
        <identifiers>
          <bioguideId>S000320</bioguideId>
          <lisID>1049</lisID>
          <gpoId>8277</gpoId>
        </identifiers>
        <lastName>SHELBY</lastName>
        <byRequestType />
        <middleName>CRAIG</middleName>
        <firstName>RICHARD</firstName>
        <state>AL</state>
      </item>
    </sponsors>
    <recordedVotes />
    <updateDate>2018-08-28T20:20:34Z</updateDate>
    <billNumber>97</billNumber>
    <title>A resolution authorizing the printing of a collection of the rules of the committees of the Senate.</title>
    <relatedBills />
    <amendments />
    <version>1.0.0</version>
    <laws />
    <cboCostEstimates />
    <billType>SRES</billType>
    <createDate>2017-03-24T05:21:00Z</createDate>
    <originChamber>Senate</originChamber>
    <summaries>
      <billSummaries>
        <item>
          <updateDate>2017-03-23T04:00:00Z</updateDate>
          <lastSummaryUpdateDate>2017-05-31T18:15:14Z</lastSummaryUpdateDate>
          <text><![CDATA[<p>Requires that a collection of the rules of the committees of the Senate be printed as a Senate document. Provides for 250 additional copies of such document for the Committee on Rules and Administration.</p>]]></text>
          <actionDate>2017-03-23</actionDate>
          <actionDesc>Introduced in Senate</actionDesc>
          <name>Introduced in Senate</name>
          <versionCode>00</versionCode>
        </item>
        <item>
          <updateDate>2017-03-23T18:52:57Z</updateDate>
          <lastSummaryUpdateDate>2017-05-31T21:54:21Z</lastSummaryUpdateDate>
          <text><![CDATA[<p>(This measure has not been amended since it was introduced. The summary of that version is repeated here.)</p> <p>Requires that a collection of the rules of the committees of the Senate be printed as a Senate document. Provides for 250 additional copies of such document for the Committee on Rules and Administration.</p>]]></text>
          <actionDate>2017-03-23</actionDate>
          <actionDesc>Passed Senate without amendment</actionDesc>
          <name>Passed Senate without amendment</name>
          <versionCode>82</versionCode>
        </item>
      </billSummaries>
    </summaries>
    <committeeReports />
    <calendarNumbers />
    <cosponsors>
      <item>
        <middleName />
        <bioguideId>K000367</bioguideId>
        <identifiers>
          <gpoId>8249</gpoId>
          <lisID>1826</lisID>
          <bioguideId>K000367</bioguideId>
        </identifiers>
        <state>MN</state>
        <fullName>Sen. Klobuchar, Amy [D-MN]</fullName>
        <isOriginalCosponsor>True</isOriginalCosponsor>
        <party>D</party>
        <sponsorshipWithdrawnDate />
        <firstName>Amy</firstName>
        <lastName>Klobuchar</lastName>
        <sponsorshipDate>2017-03-23</sponsorshipDate>
      </item>
    </cosponsors>
    <introducedDate>2017-03-23</introducedDate>
    <congress>115</congress>
    <subjects>
      <billSubjects>
        <legislativeSubjects>
          <item>
            <name>Congressional committees</name>
          </item>
          <item>
            <name>Legislative rules and procedure</name>
          </item>
          <item>
            <name>Senate</name>
          </item>
          <item>
            <name>Senate Committee on Rules and Administration</name>
          </item>
        </legislativeSubjects>
        <policyArea>
          <name>Congress</name>
        </policyArea>
      </billSubjects>
    </subjects>
  </bill>
  <dublinCore xmlns:dc="http://purl.org/dc/elements/1.1/">
    <dc:format>text/xml</dc:format>
    <dc:language>EN</dc:language>
    <dc:rights>Pursuant to Title 17 Section 105 of the United States Code, this file is not subject to copyright protection and is in the public domain.</dc:rights>
    <dc:contributor>Congressional Research Service, Library of Congress</dc:contributor>
    <dc:description>This file contains bill summaries and statuses for federal legislation. A bill summary describes the most significant provisions of a piece of legislation and details the effects the legislative text may have on current law and federal programs. Bill summaries are authored by the Congressional Research Service (CRS) of the Library of Congress. As stated in Public Law 91-510 (2 USC 166 (d)(6)), one of the duties of CRS is "to prepare summaries and digests of bills and resolutions of a public general nature introduced in the Senate or House of Representatives". For more information, refer to the User Guide that accompanies this file.</dc:description>
  </dublinCore>
</billStatus>

