<?xml version="1.0" encoding="UTF-8"?>
<billStatus>
  <bill>
    <notes />
    <congress>115</congress>
    <committees>
      <billCommittees>
        <item>
          <activities>
            <item>
              <name>Referred to</name>
              <date>2017-02-07T15:26:17Z</date>
            </item>
          </activities>
          <name>Rules and Administration Committee</name>
          <type>Standing</type>
          <chamber>Senate</chamber>
          <subcommittees />
          <systemCode>ssra00</systemCode>
        </item>
        <item>
          <activities>
            <item>
              <name>Reported original measure</name>
              <date>2017-02-07T15:26:03Z</date>
            </item>
          </activities>
          <name>Armed Services Committee</name>
          <type>Standing</type>
          <chamber>Senate</chamber>
          <subcommittees />
          <systemCode>ssas00</systemCode>
        </item>
      </billCommittees>
    </committees>
    <committeeReports />
    <cboCostEstimates />
    <title>An original resolution authorizing expenditures by the Committee on Armed Services.</title>
    <laws />
    <updateDate>2018-08-28T20:20:24Z</updateDate>
    <relatedBills />
    <version>1.0.0</version>
    <actions>
      <item>
        <actionDate>2017-02-07</actionDate>
        <committee>
          <systemCode>ssra00</systemCode>
          <name>Rules and Administration Committee</name>
        </committee>
        <links>
          <link>
            <url>https://www.congress.gov/congressional-record/volume-163/senate-section/page/S869</url>
            <name>S869</name>
          </link>
        </links>
        <sourceSystem>
          <code>0</code>
          <name>Senate</name>
        </sourceSystem>
        <text>Referred to the Committee on Rules and Administration. (text of measure as introduced: CR S869)</text>
        <type>IntroReferral</type>
      </item>
      <item>
        <actionDate>2017-02-07</actionDate>
        <committee>
          <systemCode>ssas00</systemCode>
          <name>Armed Services Committee</name>
        </committee>
        <links />
        <sourceSystem>
          <code>0</code>
          <name>Senate</name>
        </sourceSystem>
        <text>Committee on Armed Services. Original measure reported to Senate by Senator McCain. Without written report.</text>
        <type>Committee</type>
      </item>
      <item>
        <actionDate>2017-02-07</actionDate>
        <links />
        <sourceSystem>
          <code>9</code>
          <name>Library of Congress</name>
        </sourceSystem>
        <committee>
          <systemCode>ssas00</systemCode>
          <name>Armed Services Committee</name>
        </committee>
        <text>Committee on Armed Services. Original measure reported to Senate by Senator McCain. Without written report.</text>
        <type>Committee</type>
        <actionCode>14000</actionCode>
      </item>
      <item>
        <actionDate>2017-02-07</actionDate>
        <links />
        <sourceSystem>
          <code>9</code>
          <name>Library of Congress</name>
        </sourceSystem>
        <committee />
        <text>Introduced in Senate</text>
        <type>IntroReferral</type>
        <actionCode>10000</actionCode>
      </item>
      <actionByCounts>
        <senate>4</senate>
      </actionByCounts>
      <actionTypeCounts>
        <originalBillReported>1</originalBillReported>
        <referredToCommittee>1</referredToCommittee>
        <introducedInSenate>1</introducedInSenate>
        <reportedToSenate>1</reportedToSenate>
      </actionTypeCounts>
    </actions>
    <sponsors>
      <item>
        <fullName>Sen. McCain, John [R-AZ]</fullName>
        <identifiers>
          <bioguideId>M000303</bioguideId>
          <gpoId>8253</gpoId>
          <lisID>754</lisID>
        </identifiers>
        <bioguideId>M000303</bioguideId>
        <lastName>MCCAIN</lastName>
        <firstName>JOHN</firstName>
        <party>R</party>
        <byRequestType />
        <middleName>SIDNEY</middleName>
        <state>AZ</state>
      </item>
    </sponsors>
    <billType>SRES</billType>
    <policyArea>
      <name>Congress</name>
    </policyArea>
    <recordedVotes />
    <billNumber>53</billNumber>
    <titles>
      <item>
        <parentTitleType />
        <titleType>Official Title as Introduced</titleType>
        <chamberCode />
        <title>An original resolution authorizing expenditures by the Committee on Armed Services.</title>
        <chamberName />
      </item>
      <item>
        <parentTitleType />
        <titleType>Display Title</titleType>
        <chamberCode />
        <title>An original resolution authorizing expenditures by the Committee on Armed Services.</title>
        <chamberName />
      </item>
    </titles>
    <originChamber>Senate</originChamber>
    <subjects>
      <billSubjects>
        <legislativeSubjects>
          <item>
            <name>Congressional committees</name>
          </item>
          <item>
            <name>Senate Committee on Armed Services</name>
          </item>
        </legislativeSubjects>
        <policyArea>
          <name>Congress</name>
        </policyArea>
      </billSubjects>
    </subjects>
    <cosponsors />
    <introducedDate>2017-02-07</introducedDate>
    <calendarNumbers />
    <latestAction>
      <actionDate>2017-02-07</actionDate>
      <links />
      <text>Referred to the Committee on Rules and Administration. (text of measure as introduced: CR S869)</text>
    </latestAction>
    <amendments />
    <summaries>
      <billSummaries>
        <item>
          <text><![CDATA[<p>Authorizes expenditures by the Senate Committee on Armed Services from March 1, 2017, through February 28, 2019.</p> <p>Limits expenses of such committee to specified amounts from: (1) March 1, 2017, through September 30, 2017, (2) October 1, 2017, through September 30, 2018, and (3) October 1, 2018, through February 28, 2019.</p>]]></text>
          <lastSummaryUpdateDate>2017-03-20T19:39:56Z</lastSummaryUpdateDate>
          <actionDesc>Introduced in Senate</actionDesc>
          <updateDate>2017-02-07T05:00:00Z</updateDate>
          <name>Introduced in Senate</name>
          <versionCode>00</versionCode>
          <actionDate>2017-02-07</actionDate>
        </item>
        <item>
          <text><![CDATA[<p>(This measure has not been amended since it was introduced. The summary of that version is repeated here.)</p> <p>Authorizes expenditures by the Senate Committee on Armed Services from March 1, 2017, through February 28, 2019.</p> <p>Limits expenses of such committee to specified amounts from: (1) March 1, 2017, through September 30, 2017, (2) October 1, 2017, through September 30, 2018, and (3) October 1, 2018, through February 28, 2019.</p>]]></text>
          <lastSummaryUpdateDate>2017-03-20T19:40:19Z</lastSummaryUpdateDate>
          <actionDesc>Reported to Senate without amendment</actionDesc>
          <updateDate>2017-02-07T16:00:42Z</updateDate>
          <name>Reported to Senate without amendment</name>
          <versionCode>80</versionCode>
          <actionDate>2017-02-07</actionDate>
        </item>
      </billSummaries>
    </summaries>
    <createDate>2017-02-08T08:07:46Z</createDate>
  </bill>
  <dublinCore xmlns:dc="http://purl.org/dc/elements/1.1/">
    <dc:format>text/xml</dc:format>
    <dc:language>EN</dc:language>
    <dc:rights>Pursuant to Title 17 Section 105 of the United States Code, this file is not subject to copyright protection and is in the public domain.</dc:rights>
    <dc:contributor>Congressional Research Service, Library of Congress</dc:contributor>
    <dc:description>This file contains bill summaries and statuses for federal legislation. A bill summary describes the most significant provisions of a piece of legislation and details the effects the legislative text may have on current law and federal programs. Bill summaries are authored by the Congressional Research Service (CRS) of the Library of Congress. As stated in Public Law 91-510 (2 USC 166 (d)(6)), one of the duties of CRS is "to prepare summaries and digests of bills and resolutions of a public general nature introduced in the Senate or House of Representatives". For more information, refer to the User Guide that accompanies this file.</dc:description>
  </dublinCore>
</billStatus>

