<?xml version="1.0" encoding="UTF-8"?>
<billStatus>
  <bill>
    <titles>
      <item>
        <chamberCode />
        <titleType>Official Title as Introduced</titleType>
        <chamberName />
        <title>A resolution supporting the designation of March 2018 as "National Colorectal Cancer Awareness Month".</title>
        <parentTitleType />
      </item>
      <item>
        <chamberCode />
        <titleType>Display Title</titleType>
        <chamberName />
        <title>A resolution supporting the designation of March 2018 as "National Colorectal Cancer Awareness Month".</title>
        <parentTitleType />
      </item>
    </titles>
    <notes />
    <latestAction>
      <links />
      <text>Submitted in the Senate, considered, and agreed to without amendment and with a preamble by Unanimous Consent. (consideration: CR S1525; text: CR S1460-1461)</text>
      <actionDate>2018-03-07</actionDate>
    </latestAction>
    <committees>
      <billCommittees />
    </committees>
    <actions>
      <item>
        <actionDate>2018-03-07</actionDate>
        <committee />
        <links>
          <link>
            <name>S1460-1461</name>
            <url>https://www.congress.gov/congressional-record/volume-164/senate-section/page/S1460-1461</url>
          </link>
          <link>
            <name>S1525</name>
            <url>https://www.congress.gov/congressional-record/volume-164/senate-section/page/S1525</url>
          </link>
        </links>
        <sourceSystem>
          <code>0</code>
          <name>Senate</name>
        </sourceSystem>
        <text>Submitted in the Senate, considered, and agreed to without amendment and with a preamble by Unanimous Consent. (consideration: CR S1525; text: CR S1460-1461)</text>
        <type>Floor</type>
      </item>
      <item>
        <text>Passed/agreed to in Senate: Submitted in the Senate, considered, and agreed to without amendment and with a preamble by Unanimous Consent.(consideration: CR S1525; text: CR S1460-1461)</text>
        <type>Floor</type>
        <committee />
        <actionDate>2018-03-07</actionDate>
        <links>
          <link>
            <name>S1460-1461</name>
            <url>https://www.congress.gov/congressional-record/volume-164/senate-section/page/S1460-1461</url>
          </link>
          <link>
            <name>S1525</name>
            <url>https://www.congress.gov/congressional-record/volume-164/senate-section/page/S1525</url>
          </link>
        </links>
        <actionCode>17000</actionCode>
        <sourceSystem>
          <code>9</code>
          <name>Library of Congress</name>
        </sourceSystem>
      </item>
      <item>
        <text>Introduced in Senate</text>
        <type>IntroReferral</type>
        <committee />
        <actionDate>2018-03-07</actionDate>
        <links />
        <actionCode>10000</actionCode>
        <sourceSystem>
          <code>9</code>
          <name>Library of Congress</name>
        </sourceSystem>
      </item>
      <actionByCounts>
        <senate>3</senate>
      </actionByCounts>
      <actionTypeCounts>
        <passedAgreedToInSenate>1</passedAgreedToInSenate>
        <passedOrAgreedToInSenateDayOf>1</passedOrAgreedToInSenateDayOf>
        <introducedInSenate>1</introducedInSenate>
      </actionTypeCounts>
    </actions>
    <policyArea>
      <name>Health</name>
    </policyArea>
    <sponsors>
      <item>
        <fullName>Sen. Enzi, Michael B. [R-WY]</fullName>
        <party>R</party>
        <bioguideId>E000285</bioguideId>
        <identifiers>
          <lisID>1542</lisID>
          <gpoId>8328</gpoId>
          <bioguideId>E000285</bioguideId>
        </identifiers>
        <lastName>ENZI</lastName>
        <byRequestType />
        <middleName>B.</middleName>
        <firstName>MICHAEL</firstName>
        <state>WY</state>
      </item>
    </sponsors>
    <recordedVotes />
    <updateDate>2018-08-28T20:21:32Z</updateDate>
    <billNumber>425</billNumber>
    <title>A resolution supporting the designation of March 2018 as "National Colorectal Cancer Awareness Month".</title>
    <relatedBills>
      <item>
        <latestTitle>Supporting the designation of March 2017, as National Colorectal Cancer Awareness Month.</latestTitle>
        <number>163</number>
        <latestAction>
          <text>Referred to the House Committee on Oversight and Government Reform.</text>
          <actionDate>2017-03-01</actionDate>
        </latestAction>
        <type>HRES</type>
        <congress>115</congress>
        <relationshipDetails>
          <item>
            <identifiedBy>CRS</identifiedBy>
            <type>Related bill</type>
          </item>
        </relationshipDetails>
      </item>
      <item>
        <latestTitle>Supporting the designation of March 2018 as National Colorectal Cancer Awareness Month.</latestTitle>
        <number>760</number>
        <latestAction>
          <text>Sponsor introductory remarks on measure. (CR H1421)</text>
          <actionDate>2018-03-06</actionDate>
        </latestAction>
        <type>HRES</type>
        <congress>115</congress>
        <relationshipDetails>
          <item>
            <identifiedBy>CRS</identifiedBy>
            <type>Related bill</type>
          </item>
        </relationshipDetails>
      </item>
      <item>
        <latestTitle>A resolution supporting the designation of March 2017 as "National Colorectal Cancer Awareness Month".</latestTitle>
        <number>89</number>
        <latestAction>
          <text>Submitted in the Senate, considered, and agreed to without amendment and with a preamble by Unanimous Consent. (consideration: CR S1849; text as passed Senate: CR 3/21/2017 S1897)</text>
          <actionDate>2017-03-15</actionDate>
        </latestAction>
        <type>SRES</type>
        <congress>115</congress>
        <relationshipDetails>
          <item>
            <identifiedBy>CRS</identifiedBy>
            <type>Related bill</type>
          </item>
        </relationshipDetails>
      </item>
    </relatedBills>
    <amendments />
    <version>1.0.0</version>
    <laws />
    <cboCostEstimates />
    <billType>SRES</billType>
    <createDate>2018-03-08T05:26:02Z</createDate>
    <originChamber>Senate</originChamber>
    <summaries>
      <billSummaries />
    </summaries>
    <committeeReports />
    <calendarNumbers />
    <cosponsors>
      <item>
        <party>D</party>
        <state>NJ</state>
        <bioguideId>M000639</bioguideId>
        <sponsorshipWithdrawnDate />
        <lastName>MENENDEZ</lastName>
        <fullName>Sen. Menendez, Robert [D-NJ]</fullName>
        <firstName>ROBERT</firstName>
        <sponsorshipDate>2018-03-07</sponsorshipDate>
        <middleName />
        <isOriginalCosponsor>True</isOriginalCosponsor>
        <identifiers>
          <lisID>791</lisID>
          <bioguideId>M000639</bioguideId>
          <gpoId>8239</gpoId>
        </identifiers>
      </item>
    </cosponsors>
    <introducedDate>2018-03-07</introducedDate>
    <congress>115</congress>
    <subjects>
      <billSubjects>
        <policyArea>
          <name>Health</name>
        </policyArea>
        <legislativeSubjects>
          <item>
            <name>Cancer</name>
          </item>
          <item>
            <name>Commemorative events and holidays</name>
          </item>
          <item>
            <name>Digestive and metabolic diseases</name>
          </item>
          <item>
            <name>Health promotion and preventive care</name>
          </item>
        </legislativeSubjects>
      </billSubjects>
    </subjects>
  </bill>
  <dublinCore xmlns:dc="http://purl.org/dc/elements/1.1/">
    <dc:format>text/xml</dc:format>
    <dc:language>EN</dc:language>
    <dc:rights>Pursuant to Title 17 Section 105 of the United States Code, this file is not subject to copyright protection and is in the public domain.</dc:rights>
    <dc:contributor>Congressional Research Service, Library of Congress</dc:contributor>
    <dc:description>This file contains bill summaries and statuses for federal legislation. A bill summary describes the most significant provisions of a piece of legislation and details the effects the legislative text may have on current law and federal programs. Bill summaries are authored by the Congressional Research Service (CRS) of the Library of Congress. As stated in Public Law 91-510 (2 USC 166 (d)(6)), one of the duties of CRS is "to prepare summaries and digests of bills and resolutions of a public general nature introduced in the Senate or House of Representatives". For more information, refer to the User Guide that accompanies this file.</dc:description>
  </dublinCore>
</billStatus>

