<?xml version="1.0" encoding="UTF-8"?>
<billStatus>
  <bill>
    <notes />
    <congress>115</congress>
    <committees>
      <billCommittees>
        <item>
          <type>Standing</type>
          <name>Foreign Relations Committee</name>
          <systemCode>ssfr00</systemCode>
          <chamber>Senate</chamber>
          <activities>
            <item>
              <name>Referred to</name>
              <date>2017-07-19T18:06:50Z</date>
            </item>
          </activities>
          <subcommittees />
        </item>
      </billCommittees>
    </committees>
    <committeeReports />
    <cboCostEstimates />
    <title>A resolution honoring the life and legacy of Liu Xiaobo for his steadfast commitment to the protection of human rights, political freedoms, free markets, democratic elections, government accountability, and peaceful change in the People's Republic of China.</title>
    <laws />
    <updateDate>2018-08-28T20:21:01Z</updateDate>
    <relatedBills>
      <item>
        <latestTitle>Honoring the life and legacy of Liu Xiaobo for his steadfast commitment to the protection of human rights, political freedoms, free markets, democratic elections, government accountability, and peaceful change in the People's Republic of China.</latestTitle>
        <number>445</number>
        <latestAction>
          <text>Referred to the Subcommittee on Africa, Global Health, Global Human Rights and International Organizations.</text>
          <actionDate>2017-09-05</actionDate>
        </latestAction>
        <type>HRES</type>
        <congress>115</congress>
        <relationshipDetails>
          <item>
            <identifiedBy>CRS</identifiedBy>
            <type>Identical bill</type>
          </item>
          <item>
            <identifiedBy>CRS</identifiedBy>
            <type>Related bill</type>
          </item>
        </relationshipDetails>
      </item>
    </relatedBills>
    <version>1.0.0</version>
    <actions>
      <item>
        <actionDate>2017-07-19</actionDate>
        <committee>
          <systemCode>ssfr00</systemCode>
          <name>Foreign Relations Committee</name>
        </committee>
        <links>
          <link>
            <url>https://www.congress.gov/congressional-record/volume-163/senate-section/page/S4084</url>
            <name>S4084</name>
          </link>
        </links>
        <sourceSystem>
          <code>0</code>
          <name>Senate</name>
        </sourceSystem>
        <text>Referred to the Committee on Foreign Relations. (text of measure as introduced: CR S4084)</text>
        <type>IntroReferral</type>
      </item>
      <item>
        <text>Introduced in Senate</text>
        <links />
        <type>IntroReferral</type>
        <sourceSystem>
          <code>9</code>
          <name>Library of Congress</name>
        </sourceSystem>
        <committee />
        <actionDate>2017-07-19</actionDate>
        <actionCode>10000</actionCode>
      </item>
      <actionTypeCounts>
        <referredToCommittee>1</referredToCommittee>
        <introducedInSenate>1</introducedInSenate>
      </actionTypeCounts>
      <actionByCounts>
        <senate>2</senate>
      </actionByCounts>
    </actions>
    <sponsors>
      <item>
        <fullName>Sen. Cruz, Ted [R-TX]</fullName>
        <identifiers>
          <bioguideId>C001098</bioguideId>
          <lisID>2175</lisID>
          <gpoId />
        </identifiers>
        <bioguideId>C001098</bioguideId>
        <lastName>Cruz</lastName>
        <firstName>Ted</firstName>
        <party>R</party>
        <byRequestType />
        <middleName />
        <state>TX</state>
      </item>
    </sponsors>
    <billType>SRES</billType>
    <policyArea>
      <name>International Affairs</name>
    </policyArea>
    <recordedVotes />
    <billNumber>223</billNumber>
    <titles>
      <item>
        <title>A resolution honoring the life and legacy of Liu Xiaobo for his steadfast commitment to the protection of human rights, political freedoms, free markets, democratic elections, government accountability, and peaceful change in the People's Republic of China.</title>
        <chamberCode />
        <titleType>Official Title as Introduced</titleType>
        <parentTitleType />
        <chamberName />
      </item>
      <item>
        <title>A resolution honoring the life and legacy of Liu Xiaobo for his steadfast commitment to the protection of human rights, political freedoms, free markets, democratic elections, government accountability, and peaceful change in the People's Republic of China.</title>
        <chamberCode />
        <titleType>Display Title</titleType>
        <parentTitleType />
        <chamberName />
      </item>
    </titles>
    <originChamber>Senate</originChamber>
    <subjects>
      <billSubjects>
        <policyArea>
          <name>International Affairs</name>
        </policyArea>
        <legislativeSubjects>
          <item>
            <name>Asia</name>
          </item>
          <item>
            <name>China</name>
          </item>
          <item>
            <name>Congressional tributes</name>
          </item>
          <item>
            <name>Detention of persons</name>
          </item>
          <item>
            <name>Human rights</name>
          </item>
          <item>
            <name>Protest and dissent</name>
          </item>
        </legislativeSubjects>
      </billSubjects>
    </subjects>
    <cosponsors>
      <item>
        <lastName>FEINSTEIN</lastName>
        <sponsorshipDate>2017-07-19</sponsorshipDate>
        <party>D</party>
        <fullName>Sen. Feinstein, Dianne [D-CA]</fullName>
        <identifiers>
          <bioguideId>F000062</bioguideId>
          <lisID>1332</lisID>
          <gpoId>8338</gpoId>
        </identifiers>
        <firstName>DIANNE</firstName>
        <sponsorshipWithdrawnDate />
        <state>CA</state>
        <middleName />
        <bioguideId>F000062</bioguideId>
        <isOriginalCosponsor>True</isOriginalCosponsor>
      </item>
      <item>
        <lastName>Gardner</lastName>
        <sponsorshipDate>2017-07-19</sponsorshipDate>
        <party>R</party>
        <fullName>Sen. Gardner, Cory [R-CO]</fullName>
        <identifiers>
          <lisID>1998</lisID>
          <bioguideId>G000562</bioguideId>
          <gpoId>7862</gpoId>
        </identifiers>
        <firstName>Cory</firstName>
        <sponsorshipWithdrawnDate />
        <state>CO</state>
        <middleName />
        <bioguideId>G000562</bioguideId>
        <isOriginalCosponsor>True</isOriginalCosponsor>
      </item>
      <item>
        <lastName>Rubio</lastName>
        <sponsorshipDate>2017-07-20</sponsorshipDate>
        <party>R</party>
        <fullName>Sen. Rubio, Marco [R-FL]</fullName>
        <identifiers>
          <bioguideId>R000595</bioguideId>
          <lisID>2084</lisID>
          <gpoId>8242</gpoId>
        </identifiers>
        <firstName>Marco</firstName>
        <sponsorshipWithdrawnDate />
        <state>FL</state>
        <middleName />
        <bioguideId>R000595</bioguideId>
        <isOriginalCosponsor>False</isOriginalCosponsor>
      </item>
    </cosponsors>
    <introducedDate>2017-07-19</introducedDate>
    <calendarNumbers />
    <latestAction>
      <actionDate>2017-07-19</actionDate>
      <links />
      <text>Referred to the Committee on Foreign Relations. (text of measure as introduced: CR S4084)</text>
    </latestAction>
    <amendments />
    <summaries>
      <billSummaries>
        <item>
          <actionDesc>Introduced in Senate</actionDesc>
          <name>Introduced in Senate</name>
          <text><![CDATA[<p>Recognizes the life and accomplishments of Liu Xiaobo.</p> <p>Calls for the Chinese government to release his wife and allow her to settle in a place or country of her own choosing.</p>]]></text>
          <versionCode>00</versionCode>
          <lastSummaryUpdateDate>2017-10-16T21:54:59Z</lastSummaryUpdateDate>
          <updateDate>2017-07-19T04:00:00Z</updateDate>
          <actionDate>2017-07-19</actionDate>
        </item>
      </billSummaries>
    </summaries>
    <createDate>2017-07-20T00:41:31Z</createDate>
  </bill>
  <dublinCore xmlns:dc="http://purl.org/dc/elements/1.1/">
    <dc:format>text/xml</dc:format>
    <dc:language>EN</dc:language>
    <dc:rights>Pursuant to Title 17 Section 105 of the United States Code, this file is not subject to copyright protection and is in the public domain.</dc:rights>
    <dc:contributor>Congressional Research Service, Library of Congress</dc:contributor>
    <dc:description>This file contains bill summaries and statuses for federal legislation. A bill summary describes the most significant provisions of a piece of legislation and details the effects the legislative text may have on current law and federal programs. Bill summaries are authored by the Congressional Research Service (CRS) of the Library of Congress. As stated in Public Law 91-510 (2 USC 166 (d)(6)), one of the duties of CRS is "to prepare summaries and digests of bills and resolutions of a public general nature introduced in the Senate or House of Representatives". For more information, refer to the User Guide that accompanies this file.</dc:description>
  </dublinCore>
</billStatus>

