<?xml version="1.0" encoding="UTF-8"?>
<billStatus>
  <bill>
    <committees>
      <billCommittees />
    </committees>
    <actions>
      <item>
        <actionDate>2017-12-20</actionDate>
        <committee />
        <links>
          <link>
            <name>S8154</name>
            <url>https://www.congress.gov/congressional-record/volume-163/senate-section/page/S8154</url>
          </link>
          <link>
            <name>S8182</name>
            <url>https://www.congress.gov/congressional-record/volume-163/senate-section/page/S8182</url>
          </link>
        </links>
        <sourceSystem>
          <code>0</code>
          <name>Senate</name>
        </sourceSystem>
        <text>Submitted in the Senate, considered, and agreed to without amendment and with a preamble by Unanimous Consent. (consideration: CR S8154; text: CR S8182)</text>
        <type>Floor</type>
      </item>
      <item>
        <text>Passed/agreed to in Senate: Submitted in the Senate, considered, and agreed to without amendment and with a preamble by Unanimous Consent.(consideration: CR S8154; text: CR S8182)</text>
        <type>Floor</type>
        <committee />
        <actionDate>2017-12-20</actionDate>
        <links>
          <link>
            <name>S8154</name>
            <url>https://www.congress.gov/congressional-record/volume-163/senate-section/page/S8154</url>
          </link>
          <link>
            <name>S8182</name>
            <url>https://www.congress.gov/congressional-record/volume-163/senate-section/page/S8182</url>
          </link>
        </links>
        <actionCode>17000</actionCode>
        <sourceSystem>
          <code>9</code>
          <name>Library of Congress</name>
        </sourceSystem>
      </item>
      <item>
        <text>Introduced in Senate</text>
        <type>IntroReferral</type>
        <committee />
        <actionDate>2017-12-20</actionDate>
        <links />
        <actionCode>10000</actionCode>
        <sourceSystem>
          <code>9</code>
          <name>Library of Congress</name>
        </sourceSystem>
      </item>
      <actionByCounts>
        <senate>3</senate>
      </actionByCounts>
      <actionTypeCounts>
        <passedAgreedToInSenate>1</passedAgreedToInSenate>
        <passedOrAgreedToInSenateDayOf>1</passedOrAgreedToInSenateDayOf>
        <introducedInSenate>1</introducedInSenate>
      </actionTypeCounts>
    </actions>
    <recordedVotes />
    <laws />
    <calendarNumbers />
    <titles>
      <item>
        <chamberName />
        <parentTitleType />
        <titleType>Official Title as Introduced</titleType>
        <title>A resolution recognizing the service of the Los Angeles-class attack submarine the USS Jacksonville and the crew of the USS Jacksonville, who served the United States with valor and bravery.</title>
        <chamberCode />
      </item>
      <item>
        <chamberName />
        <parentTitleType />
        <titleType>Display Title</titleType>
        <title>A resolution recognizing the service of the Los Angeles-class attack submarine the USS Jacksonville and the crew of the USS Jacksonville, who served the United States with valor and bravery.</title>
        <chamberCode />
      </item>
    </titles>
    <cosponsors>
      <item>
        <bioguideId>N000032</bioguideId>
        <middleName>WILLIAM</middleName>
        <isOriginalCosponsor>True</isOriginalCosponsor>
        <fullName>Sen. Nelson, Bill [D-FL]</fullName>
        <lastName>NELSON</lastName>
        <state>FL</state>
        <party>D</party>
        <sponsorshipWithdrawnDate />
        <identifiers>
          <lisID>859</lisID>
          <gpoId>8236</gpoId>
          <bioguideId>N000032</bioguideId>
        </identifiers>
        <sponsorshipDate>2017-12-20</sponsorshipDate>
        <firstName>CLARENCE</firstName>
      </item>
    </cosponsors>
    <cboCostEstimates />
    <latestAction>
      <text>Submitted in the Senate, considered, and agreed to without amendment and with a preamble by Unanimous Consent. (consideration: CR S8154; text: CR S8182)</text>
      <links />
      <actionDate>2017-12-20</actionDate>
    </latestAction>
    <updateDate>2018-08-28T20:21:22Z</updateDate>
    <version>1.0.0</version>
    <policyArea>
      <name>Armed Forces and National Security</name>
    </policyArea>
    <billType>SRES</billType>
    <billNumber>362</billNumber>
    <originChamber>Senate</originChamber>
    <relatedBills />
    <title>A resolution recognizing the service of the Los Angeles-class attack submarine the USS Jacksonville and the crew of the USS Jacksonville, who served the United States with valor and bravery.</title>
    <congress>115</congress>
    <summaries>
      <billSummaries>
        <item>
          <name>Introduced in Senate</name>
          <actionDesc>Introduced in Senate</actionDesc>
          <actionDate>2017-12-20</actionDate>
          <lastSummaryUpdateDate>2018-05-30T22:32:01Z</lastSummaryUpdateDate>
          <versionCode>00</versionCode>
          <updateDate>2017-12-20T05:00:00Z</updateDate>
          <text><![CDATA[<p>Recognizes the service of the Los Angeles-class attack submarine the <i>USS Jacksonville</i> and its crew.</p>]]></text>
        </item>
      </billSummaries>
    </summaries>
    <subjects>
      <billSubjects>
        <policyArea>
          <name>Armed Forces and National Security</name>
        </policyArea>
        <legislativeSubjects />
      </billSubjects>
    </subjects>
    <committeeReports />
    <introducedDate>2017-12-20</introducedDate>
    <sponsors>
      <item>
        <bioguideId>R000595</bioguideId>
        <middleName />
        <byRequestType />
        <fullName>Sen. Rubio, Marco [R-FL]</fullName>
        <lastName>Rubio</lastName>
        <state>FL</state>
        <party>R</party>
        <identifiers>
          <bioguideId>R000595</bioguideId>
          <lisID>2084</lisID>
          <gpoId>8242</gpoId>
        </identifiers>
        <firstName>Marco</firstName>
      </item>
    </sponsors>
    <notes />
    <createDate>2017-12-21T00:41:08Z</createDate>
    <amendments />
  </bill>
  <dublinCore xmlns:dc="http://purl.org/dc/elements/1.1/">
    <dc:format>text/xml</dc:format>
    <dc:language>EN</dc:language>
    <dc:rights>Pursuant to Title 17 Section 105 of the United States Code, this file is not subject to copyright protection and is in the public domain.</dc:rights>
    <dc:contributor>Congressional Research Service, Library of Congress</dc:contributor>
    <dc:description>This file contains bill summaries and statuses for federal legislation. A bill summary describes the most significant provisions of a piece of legislation and details the effects the legislative text may have on current law and federal programs. Bill summaries are authored by the Congressional Research Service (CRS) of the Library of Congress. As stated in Public Law 91-510 (2 USC 166 (d)(6)), one of the duties of CRS is "to prepare summaries and digests of bills and resolutions of a public general nature introduced in the Senate or House of Representatives". For more information, refer to the User Guide that accompanies this file.</dc:description>
  </dublinCore>
</billStatus>

