<?xml version="1.0" encoding="UTF-8"?>
<billStatus>
  <bill>
    <amendments />
    <latestAction>
      <actionDate>2017-11-29</actionDate>
      <text>Submitted in the Senate, considered, and agreed to without amendment and with a preamble by Unanimous Consent. (consideration: CR S7490; text: CR S7407)</text>
      <links />
    </latestAction>
    <congress>115</congress>
    <subjects>
      <billSubjects>
        <legislativeSubjects />
        <policyArea>
          <name>Science, Technology, Communications</name>
        </policyArea>
      </billSubjects>
    </subjects>
    <laws />
    <notes />
    <billType>SRES</billType>
    <sponsors>
      <item>
        <middleName>WILLIAM</middleName>
        <bioguideId>N000032</bioguideId>
        <fullName>Sen. Nelson, Bill [D-FL]</fullName>
        <identifiers>
          <lisID>859</lisID>
          <gpoId>8236</gpoId>
          <bioguideId>N000032</bioguideId>
        </identifiers>
        <byRequestType />
        <state>FL</state>
        <firstName>CLARENCE</firstName>
        <party>D</party>
        <lastName>NELSON</lastName>
      </item>
    </sponsors>
    <recordedVotes />
    <committeeReports />
    <introducedDate>2017-11-29</introducedDate>
    <updateDate>2018-08-28T20:21:19Z</updateDate>
    <cosponsors>
      <item>
        <lastName>Rubio</lastName>
        <state>FL</state>
        <middleName />
        <party>R</party>
        <bioguideId>R000595</bioguideId>
        <sponsorshipDate>2017-11-29</sponsorshipDate>
        <firstName>Marco</firstName>
        <sponsorshipWithdrawnDate />
        <identifiers>
          <bioguideId>R000595</bioguideId>
          <lisID>2084</lisID>
          <gpoId>8242</gpoId>
        </identifiers>
        <fullName>Sen. Rubio, Marco [R-FL]</fullName>
        <isOriginalCosponsor>True</isOriginalCosponsor>
      </item>
      <item>
        <lastName>DURBIN</lastName>
        <state>IL</state>
        <middleName>J.</middleName>
        <party>D</party>
        <bioguideId>D000563</bioguideId>
        <sponsorshipDate>2017-11-29</sponsorshipDate>
        <firstName>RICHARD</firstName>
        <sponsorshipWithdrawnDate />
        <identifiers>
          <lisID>326</lisID>
          <gpoId>8326</gpoId>
          <bioguideId>D000563</bioguideId>
        </identifiers>
        <fullName>Sen. Durbin, Richard J. [D-IL]</fullName>
        <isOriginalCosponsor>True</isOriginalCosponsor>
      </item>
      <item>
        <lastName>Cruz</lastName>
        <state>TX</state>
        <middleName />
        <party>R</party>
        <bioguideId>C001098</bioguideId>
        <sponsorshipDate>2017-11-29</sponsorshipDate>
        <firstName>Ted</firstName>
        <sponsorshipWithdrawnDate />
        <identifiers>
          <bioguideId>C001098</bioguideId>
          <lisID>2175</lisID>
          <gpoId />
        </identifiers>
        <fullName>Sen. Cruz, Ted [R-TX]</fullName>
        <isOriginalCosponsor>True</isOriginalCosponsor>
      </item>
      <item>
        <lastName>MARKEY</lastName>
        <state>MA</state>
        <middleName>J.</middleName>
        <party>D</party>
        <bioguideId>M000133</bioguideId>
        <sponsorshipDate>2017-11-29</sponsorshipDate>
        <firstName>EDWARD</firstName>
        <sponsorshipWithdrawnDate />
        <identifiers>
          <lisID>735</lisID>
          <gpoId>7972</gpoId>
          <bioguideId>M000133</bioguideId>
        </identifiers>
        <fullName>Sen. Markey, Edward J. [D-MA]</fullName>
        <isOriginalCosponsor>True</isOriginalCosponsor>
      </item>
      <item>
        <lastName>Duckworth</lastName>
        <state>IL</state>
        <middleName />
        <party>D</party>
        <bioguideId>D000622</bioguideId>
        <sponsorshipDate>2017-11-29</sponsorshipDate>
        <firstName>Tammy</firstName>
        <sponsorshipWithdrawnDate />
        <identifiers>
          <lisID>2123</lisID>
          <gpoId />
          <bioguideId>D000622</bioguideId>
        </identifiers>
        <fullName>Sen. Duckworth, Tammy [D-IL]</fullName>
        <isOriginalCosponsor>True</isOriginalCosponsor>
      </item>
      <item>
        <lastName>THUNE</lastName>
        <state>SD</state>
        <middleName>R.</middleName>
        <party>R</party>
        <bioguideId>T000250</bioguideId>
        <sponsorshipDate>2017-11-29</sponsorshipDate>
        <firstName>JOHN</firstName>
        <sponsorshipWithdrawnDate />
        <identifiers>
          <lisID>1534</lisID>
          <bioguideId>T000250</bioguideId>
          <gpoId>8257</gpoId>
        </identifiers>
        <fullName>Sen. Thune, John [R-SD]</fullName>
        <isOriginalCosponsor>True</isOriginalCosponsor>
      </item>
    </cosponsors>
    <actions>
      <item>
        <actionDate>2017-11-29</actionDate>
        <committee />
        <links>
          <link>
            <url>https://www.congress.gov/congressional-record/volume-163/senate-section/page/S7407</url>
            <name>S7407</name>
          </link>
          <link>
            <url>https://www.congress.gov/congressional-record/volume-163/senate-section/page/S7490</url>
            <name>S7490</name>
          </link>
        </links>
        <sourceSystem>
          <code>0</code>
          <name>Senate</name>
        </sourceSystem>
        <text>Submitted in the Senate, considered, and agreed to without amendment and with a preamble by Unanimous Consent. (consideration: CR S7490; text: CR S7407)</text>
        <type>Floor</type>
      </item>
      <item>
        <actionDate>2017-11-29</actionDate>
        <actionCode>17000</actionCode>
        <text>Passed/agreed to in Senate: Submitted in the Senate, considered, and agreed to without amendment and with a preamble by Unanimous Consent.(consideration: CR S7490; text: CR S7407)</text>
        <committee />
        <links>
          <link>
            <url>https://www.congress.gov/congressional-record/volume-163/senate-section/page/S7407</url>
            <name>S7407</name>
          </link>
          <link>
            <url>https://www.congress.gov/congressional-record/volume-163/senate-section/page/S7490</url>
            <name>S7490</name>
          </link>
        </links>
        <type>Floor</type>
        <sourceSystem>
          <code>9</code>
          <name>Library of Congress</name>
        </sourceSystem>
      </item>
      <item>
        <actionDate>2017-11-29</actionDate>
        <actionCode>10000</actionCode>
        <text>Introduced in Senate</text>
        <committee />
        <links />
        <type>IntroReferral</type>
        <sourceSystem>
          <code>9</code>
          <name>Library of Congress</name>
        </sourceSystem>
      </item>
      <actionTypeCounts>
        <passedAgreedToInSenate>1</passedAgreedToInSenate>
        <passedOrAgreedToInSenateDayOf>1</passedOrAgreedToInSenateDayOf>
        <introducedInSenate>1</introducedInSenate>
      </actionTypeCounts>
      <actionByCounts>
        <senate>3</senate>
      </actionByCounts>
    </actions>
    <committees>
      <billCommittees />
    </committees>
    <policyArea>
      <name>Science, Technology, Communications</name>
    </policyArea>
    <version>1.0.0</version>
    <title>A resolution honoring the life and achievements of Dr. Robert Lawrence Jr.</title>
    <createDate>2017-11-30T00:26:07Z</createDate>
    <billNumber>344</billNumber>
    <cboCostEstimates />
    <calendarNumbers />
    <relatedBills />
    <summaries>
      <billSummaries>
        <item>
          <actionDesc>Introduced in Senate</actionDesc>
          <actionDate>2017-11-29</actionDate>
          <lastSummaryUpdateDate>2018-02-03T14:16:50Z</lastSummaryUpdateDate>
          <name>Introduced in Senate</name>
          <text><![CDATA[<p>Honors the life of Dr. Robert Lawrence, Jr., the first African-American astronaut selected for spaceflight. </p>]]></text>
          <versionCode>00</versionCode>
          <updateDate>2017-11-29T05:00:00Z</updateDate>
        </item>
        <item>
          <actionDesc>Passed Senate without amendment</actionDesc>
          <actionDate>2017-11-29</actionDate>
          <lastSummaryUpdateDate>2018-02-03T14:17:17Z</lastSummaryUpdateDate>
          <name>Passed Senate without amendment</name>
          <text><![CDATA[<p>(This measure has not been amended since it was introduced. The summary of that version is repeated here.)</p> <p>Honors the life of Dr. Robert Lawrence, Jr., the first African-American astronaut selected for spaceflight. </p>]]></text>
          <versionCode>82</versionCode>
          <updateDate>2017-11-29T18:30:57Z</updateDate>
        </item>
      </billSummaries>
    </summaries>
    <originChamber>Senate</originChamber>
    <titles>
      <item>
        <parentTitleType />
        <titleType>Official Title as Introduced</titleType>
        <chamberCode />
        <title>A resolution honoring the life and achievements of Dr. Robert Lawrence Jr.</title>
        <chamberName />
      </item>
      <item>
        <parentTitleType />
        <titleType>Display Title</titleType>
        <chamberCode />
        <title>A resolution honoring the life and achievements of Dr. Robert Lawrence Jr.</title>
        <chamberName />
      </item>
    </titles>
  </bill>
  <dublinCore xmlns:dc="http://purl.org/dc/elements/1.1/">
    <dc:format>text/xml</dc:format>
    <dc:language>EN</dc:language>
    <dc:rights>Pursuant to Title 17 Section 105 of the United States Code, this file is not subject to copyright protection and is in the public domain.</dc:rights>
    <dc:contributor>Congressional Research Service, Library of Congress</dc:contributor>
    <dc:description>This file contains bill summaries and statuses for federal legislation. A bill summary describes the most significant provisions of a piece of legislation and details the effects the legislative text may have on current law and federal programs. Bill summaries are authored by the Congressional Research Service (CRS) of the Library of Congress. As stated in Public Law 91-510 (2 USC 166 (d)(6)), one of the duties of CRS is "to prepare summaries and digests of bills and resolutions of a public general nature introduced in the Senate or House of Representatives". For more information, refer to the User Guide that accompanies this file.</dc:description>
  </dublinCore>
</billStatus>

