<?xml version="1.0" encoding="UTF-8"?>
<billStatus>
  <bill>
    <notes />
    <congress>115</congress>
    <committees>
      <billCommittees />
    </committees>
    <committeeReports />
    <cboCostEstimates />
    <title>A resolution designating May 19, 2018, as "Kids to Parks Day".</title>
    <laws />
    <updateDate>2018-08-28T20:21:38Z</updateDate>
    <relatedBills>
      <item>
        <congress>115</congress>
        <number>123</number>
        <type>SRES</type>
        <latestTitle>A resolution designating May 20, 2017, as "Kids to Parks Day".</latestTitle>
        <relationshipDetails>
          <item>
            <type>Related bill</type>
            <identifiedBy>CRS</identifiedBy>
          </item>
        </relationshipDetails>
        <latestAction>
          <text>Resolution agreed to in Senate without amendment and with a preamble by Unanimous Consent.</text>
          <actionDate>2017-04-26</actionDate>
        </latestAction>
      </item>
    </relatedBills>
    <version>1.0.0</version>
    <actions>
      <item>
        <actionDate>2018-04-16</actionDate>
        <committee />
        <links>
          <link>
            <url>https://www.congress.gov/congressional-record/volume-164/senate-section/page/S2143</url>
            <name>S2143</name>
          </link>
          <link>
            <url>https://www.congress.gov/congressional-record/volume-164/senate-section/page/S2188</url>
            <name>S2188</name>
          </link>
        </links>
        <sourceSystem>
          <code>0</code>
          <name>Senate</name>
        </sourceSystem>
        <text>Submitted in the Senate, considered, and agreed to without amendment and with a preamble by Unanimous Consent. (consideration: CR S2188; text: CR S2143)</text>
        <type>Floor</type>
      </item>
      <item>
        <actionDate>2018-04-16</actionDate>
        <actionCode>17000</actionCode>
        <text>Passed/agreed to in Senate: Submitted in the Senate, considered, and agreed to without amendment and with a preamble by Unanimous Consent.(consideration: CR S2188; text: CR S2143)</text>
        <committee />
        <links>
          <link>
            <url>https://www.congress.gov/congressional-record/volume-164/senate-section/page/S2143</url>
            <name>S2143</name>
          </link>
          <link>
            <url>https://www.congress.gov/congressional-record/volume-164/senate-section/page/S2188</url>
            <name>S2188</name>
          </link>
        </links>
        <type>Floor</type>
        <sourceSystem>
          <code>9</code>
          <name>Library of Congress</name>
        </sourceSystem>
      </item>
      <item>
        <actionDate>2018-04-16</actionDate>
        <actionCode>10000</actionCode>
        <text>Introduced in Senate</text>
        <committee />
        <links />
        <type>IntroReferral</type>
        <sourceSystem>
          <code>9</code>
          <name>Library of Congress</name>
        </sourceSystem>
      </item>
      <actionTypeCounts>
        <passedAgreedToInSenate>1</passedAgreedToInSenate>
        <passedOrAgreedToInSenateDayOf>1</passedOrAgreedToInSenateDayOf>
        <introducedInSenate>1</introducedInSenate>
      </actionTypeCounts>
      <actionByCounts>
        <senate>3</senate>
      </actionByCounts>
    </actions>
    <sponsors>
      <item>
        <fullName>Sen. Wyden, Ron [D-OR]</fullName>
        <identifiers>
          <lisID>1247</lisID>
          <bioguideId>W000779</bioguideId>
          <gpoId>8265</gpoId>
        </identifiers>
        <bioguideId>W000779</bioguideId>
        <lastName>WYDEN</lastName>
        <firstName>RON</firstName>
        <party>D</party>
        <byRequestType />
        <middleName />
        <state>OR</state>
      </item>
    </sponsors>
    <billType>SRES</billType>
    <policyArea>
      <name>Public Lands and Natural Resources</name>
    </policyArea>
    <recordedVotes />
    <billNumber>468</billNumber>
    <titles>
      <item>
        <chamberCode />
        <titleType>Official Title as Introduced</titleType>
        <parentTitleType />
        <chamberName />
        <title>A resolution designating May 19, 2018, as "Kids to Parks Day".</title>
      </item>
      <item>
        <chamberCode />
        <titleType>Display Title</titleType>
        <parentTitleType />
        <chamberName />
        <title>A resolution designating May 19, 2018, as "Kids to Parks Day".</title>
      </item>
    </titles>
    <originChamber>Senate</originChamber>
    <subjects>
      <billSubjects>
        <policyArea>
          <name>Public Lands and Natural Resources</name>
        </policyArea>
        <legislativeSubjects />
      </billSubjects>
    </subjects>
    <cosponsors>
      <item>
        <fullName>Sen. Portman, Rob [R-OH]</fullName>
        <party>R</party>
        <bioguideId>P000449</bioguideId>
        <identifiers>
          <bioguideId>P000449</bioguideId>
          <lisID>924</lisID>
          <gpoId>8266</gpoId>
        </identifiers>
        <lastName>PORTMAN</lastName>
        <sponsorshipDate>2018-04-16</sponsorshipDate>
        <middleName />
        <isOriginalCosponsor>True</isOriginalCosponsor>
        <firstName>ROB</firstName>
        <state>OH</state>
        <sponsorshipWithdrawnDate />
      </item>
      <item>
        <fullName>Sen. Alexander, Lamar [R-TN]</fullName>
        <party>R</party>
        <bioguideId>A000360</bioguideId>
        <identifiers>
          <lisID>1695</lisID>
          <gpoId>8304</gpoId>
          <bioguideId>A000360</bioguideId>
        </identifiers>
        <lastName>Alexander</lastName>
        <sponsorshipDate>2018-04-16</sponsorshipDate>
        <middleName />
        <isOriginalCosponsor>True</isOriginalCosponsor>
        <firstName>Lamar</firstName>
        <state>TN</state>
        <sponsorshipWithdrawnDate />
      </item>
      <item>
        <fullName>Sen. Heinrich, Martin [D-NM]</fullName>
        <party>D</party>
        <bioguideId>H001046</bioguideId>
        <identifiers>
          <lisID>1937</lisID>
          <bioguideId>H001046</bioguideId>
          <gpoId>8056</gpoId>
        </identifiers>
        <lastName>Heinrich</lastName>
        <sponsorshipDate>2018-04-16</sponsorshipDate>
        <middleName />
        <isOriginalCosponsor>True</isOriginalCosponsor>
        <firstName>Martin</firstName>
        <state>NM</state>
        <sponsorshipWithdrawnDate />
      </item>
      <item>
        <fullName>Sen. Hirono, Mazie K. [D-HI]</fullName>
        <party>D</party>
        <bioguideId>H001042</bioguideId>
        <identifiers>
          <gpoId>7913</gpoId>
          <lisID>1844</lisID>
          <bioguideId>H001042</bioguideId>
        </identifiers>
        <lastName>Hirono</lastName>
        <sponsorshipDate>2018-04-16</sponsorshipDate>
        <middleName>K.</middleName>
        <isOriginalCosponsor>True</isOriginalCosponsor>
        <firstName>Mazie</firstName>
        <state>HI</state>
        <sponsorshipWithdrawnDate />
      </item>
      <item>
        <fullName>Sen. Booker, Cory A. [D-NJ]</fullName>
        <party>D</party>
        <bioguideId>B001288</bioguideId>
        <identifiers>
          <gpoId />
          <lisID>2194</lisID>
          <bioguideId>B001288</bioguideId>
        </identifiers>
        <lastName>Booker</lastName>
        <sponsorshipDate>2018-04-16</sponsorshipDate>
        <middleName>A.</middleName>
        <isOriginalCosponsor>True</isOriginalCosponsor>
        <firstName>Cory</firstName>
        <state>NJ</state>
        <sponsorshipWithdrawnDate />
      </item>
    </cosponsors>
    <introducedDate>2018-04-16</introducedDate>
    <calendarNumbers />
    <latestAction>
      <actionDate>2018-04-16</actionDate>
      <links />
      <text>Submitted in the Senate, considered, and agreed to without amendment and with a preamble by Unanimous Consent. (consideration: CR S2188; text: CR S2143)</text>
    </latestAction>
    <amendments />
    <summaries>
      <billSummaries />
    </summaries>
    <createDate>2018-04-17T04:25:57Z</createDate>
  </bill>
  <dublinCore xmlns:dc="http://purl.org/dc/elements/1.1/">
    <dc:format>text/xml</dc:format>
    <dc:language>EN</dc:language>
    <dc:rights>Pursuant to Title 17 Section 105 of the United States Code, this file is not subject to copyright protection and is in the public domain.</dc:rights>
    <dc:contributor>Congressional Research Service, Library of Congress</dc:contributor>
    <dc:description>This file contains bill summaries and statuses for federal legislation. A bill summary describes the most significant provisions of a piece of legislation and details the effects the legislative text may have on current law and federal programs. Bill summaries are authored by the Congressional Research Service (CRS) of the Library of Congress. As stated in Public Law 91-510 (2 USC 166 (d)(6)), one of the duties of CRS is "to prepare summaries and digests of bills and resolutions of a public general nature introduced in the Senate or House of Representatives". For more information, refer to the User Guide that accompanies this file.</dc:description>
  </dublinCore>
</billStatus>

