<?xml version="1.0" encoding="UTF-8"?>
<billStatus>
  <bill>
    <titles>
      <item>
        <title>A resolution commemorating the 100th anniversary of the 3d Infantry Division.</title>
        <titleType>Official Title as Introduced</titleType>
        <parentTitleType />
        <chamberCode />
        <chamberName />
      </item>
      <item>
        <title>A resolution commemorating the 100th anniversary of the 3d Infantry Division.</title>
        <titleType>Display Title</titleType>
        <parentTitleType />
        <chamberCode />
        <chamberName />
      </item>
    </titles>
    <notes />
    <latestAction>
      <links />
      <text>Submitted in the Senate, considered, and agreed to without amendment and with a preamble by Unanimous Consent. (consideration: CR S7310; text: CR S7304-7306)</text>
      <actionDate>2017-11-16</actionDate>
    </latestAction>
    <committees>
      <billCommittees />
    </committees>
    <actions>
      <item>
        <actionDate>2017-11-16</actionDate>
        <committee />
        <links>
          <link>
            <url>https://www.congress.gov/congressional-record/volume-163/senate-section/page/S7304-7306</url>
            <name>S7304-7306</name>
          </link>
          <link>
            <url>https://www.congress.gov/congressional-record/volume-163/senate-section/page/S7310</url>
            <name>S7310</name>
          </link>
        </links>
        <sourceSystem>
          <code>0</code>
          <name>Senate</name>
        </sourceSystem>
        <text>Submitted in the Senate, considered, and agreed to without amendment and with a preamble by Unanimous Consent. (consideration: CR S7310; text: CR S7304-7306)</text>
        <type>Floor</type>
      </item>
      <item>
        <text>Passed/agreed to in Senate: Submitted in the Senate, considered, and agreed to without amendment and with a preamble by Unanimous Consent.(consideration: CR S7310; text: CR S7304-7306)</text>
        <type>Floor</type>
        <links>
          <link>
            <url>https://www.congress.gov/congressional-record/volume-163/senate-section/page/S7304-7306</url>
            <name>S7304-7306</name>
          </link>
          <link>
            <url>https://www.congress.gov/congressional-record/volume-163/senate-section/page/S7310</url>
            <name>S7310</name>
          </link>
        </links>
        <actionDate>2017-11-16</actionDate>
        <sourceSystem>
          <code>9</code>
          <name>Library of Congress</name>
        </sourceSystem>
        <committee />
        <actionCode>17000</actionCode>
      </item>
      <item>
        <text>Introduced in Senate</text>
        <type>IntroReferral</type>
        <links />
        <actionDate>2017-11-16</actionDate>
        <sourceSystem>
          <code>9</code>
          <name>Library of Congress</name>
        </sourceSystem>
        <committee />
        <actionCode>10000</actionCode>
      </item>
      <actionByCounts>
        <senate>3</senate>
      </actionByCounts>
      <actionTypeCounts>
        <introducedInSenate>1</introducedInSenate>
        <passedOrAgreedToInSenateDayOf>1</passedOrAgreedToInSenateDayOf>
        <passedAgreedToInSenate>1</passedAgreedToInSenate>
      </actionTypeCounts>
    </actions>
    <policyArea>
      <name>Armed Forces and National Security</name>
    </policyArea>
    <sponsors>
      <item>
        <fullName>Sen. Perdue, David [R-GA]</fullName>
        <party>R</party>
        <bioguideId>P000612</bioguideId>
        <identifiers>
          <bioguideId>P000612</bioguideId>
          <lisID>2286</lisID>
          <gpoId />
        </identifiers>
        <lastName>Perdue</lastName>
        <byRequestType />
        <middleName>Alfred</middleName>
        <firstName>David</firstName>
        <state>GA</state>
      </item>
    </sponsors>
    <recordedVotes />
    <updateDate>2018-08-28T20:21:18Z</updateDate>
    <billNumber>340</billNumber>
    <title>A resolution commemorating the 100th anniversary of the 3d Infantry Division.</title>
    <relatedBills />
    <amendments />
    <version>1.0.0</version>
    <laws />
    <cboCostEstimates />
    <billType>SRES</billType>
    <createDate>2017-11-17T00:41:19Z</createDate>
    <originChamber>Senate</originChamber>
    <summaries>
      <billSummaries>
        <item>
          <updateDate>2017-11-16T05:00:00Z</updateDate>
          <versionCode>00</versionCode>
          <name>Introduced in Senate</name>
          <text><![CDATA[<p>Commemorates the 100th anniversary of the 3d Infantry Division on November 21, 2017, and reveres its century of service to the military of the United States. </p>]]></text>
          <actionDate>2017-11-16</actionDate>
          <actionDesc>Introduced in Senate</actionDesc>
          <lastSummaryUpdateDate>2017-12-18T20:20:35Z</lastSummaryUpdateDate>
        </item>
        <item>
          <updateDate>2017-11-16T14:21:50Z</updateDate>
          <versionCode>82</versionCode>
          <name>Passed Senate without amendment</name>
          <text><![CDATA[<p>(This measure has not been amended since it was introduced. The summary of that version is repeated here.)</p> <p>Commemorates the 100th anniversary of the 3d Infantry Division on November 21, 2017, and reveres its century of service to the military of the United States. </p>]]></text>
          <actionDate>2017-11-16</actionDate>
          <actionDesc>Passed Senate without amendment</actionDesc>
          <lastSummaryUpdateDate>2017-12-18T20:20:07Z</lastSummaryUpdateDate>
        </item>
      </billSummaries>
    </summaries>
    <committeeReports />
    <calendarNumbers />
    <cosponsors>
      <item>
        <fullName>Sen. Isakson, Johnny [R-GA]</fullName>
        <identifiers>
          <lisID>1608</lisID>
          <gpoId>8323</gpoId>
          <bioguideId>I000055</bioguideId>
        </identifiers>
        <sponsorshipDate>2017-11-16</sponsorshipDate>
        <lastName>Isakson</lastName>
        <firstName>Johnny</firstName>
        <sponsorshipWithdrawnDate />
        <state>GA</state>
        <party>R</party>
        <middleName />
        <bioguideId>I000055</bioguideId>
        <isOriginalCosponsor>True</isOriginalCosponsor>
      </item>
      <item>
        <fullName>Sen. Inhofe, James M. [R-OK]</fullName>
        <identifiers>
          <lisID>583</lisID>
          <bioguideId>I000024</bioguideId>
          <gpoId>8322</gpoId>
        </identifiers>
        <sponsorshipDate>2017-11-16</sponsorshipDate>
        <lastName>INHOFE</lastName>
        <firstName>JIM</firstName>
        <sponsorshipWithdrawnDate />
        <state>OK</state>
        <party>R</party>
        <middleName />
        <bioguideId>I000024</bioguideId>
        <isOriginalCosponsor>True</isOriginalCosponsor>
      </item>
    </cosponsors>
    <introducedDate>2017-11-16</introducedDate>
    <congress>115</congress>
    <subjects>
      <billSubjects>
        <legislativeSubjects />
        <policyArea>
          <name>Armed Forces and National Security</name>
        </policyArea>
      </billSubjects>
    </subjects>
  </bill>
  <dublinCore xmlns:dc="http://purl.org/dc/elements/1.1/">
    <dc:format>text/xml</dc:format>
    <dc:language>EN</dc:language>
    <dc:rights>Pursuant to Title 17 Section 105 of the United States Code, this file is not subject to copyright protection and is in the public domain.</dc:rights>
    <dc:contributor>Congressional Research Service, Library of Congress</dc:contributor>
    <dc:description>This file contains bill summaries and statuses for federal legislation. A bill summary describes the most significant provisions of a piece of legislation and details the effects the legislative text may have on current law and federal programs. Bill summaries are authored by the Congressional Research Service (CRS) of the Library of Congress. As stated in Public Law 91-510 (2 USC 166 (d)(6)), one of the duties of CRS is "to prepare summaries and digests of bills and resolutions of a public general nature introduced in the Senate or House of Representatives". For more information, refer to the User Guide that accompanies this file.</dc:description>
  </dublinCore>
</billStatus>

