<?xml version="1.0" encoding="UTF-8"?>
<billStatus>
  <bill>
    <policyArea>
      <name>International Affairs</name>
    </policyArea>
    <billType>SRES</billType>
    <latestAction>
      <links />
      <actionDate>2017-11-16</actionDate>
      <text>Resolution agreed to in Senate with an amendment and an amended preamble by Unanimous Consent. (text: CR S7309-7310)</text>
    </latestAction>
    <createDate>2017-10-04T00:41:22Z</createDate>
    <notes />
    <actions>
      <actionTypeCounts>
        <passedAgreedToInSenate>1</passedAgreedToInSenate>
        <introducedInSenate>1</introducedInSenate>
        <measureLaidBeforeSenate>1</measureLaidBeforeSenate>
        <referredToCommittee>1</referredToCommittee>
        <reportedToSenate>2</reportedToSenate>
        <placedOnCalendarGeneralOrders>1</placedOnCalendarGeneralOrders>
        <agreedToInSenate>1</agreedToInSenate>
        <orderedReported>1</orderedReported>
      </actionTypeCounts>
      <item>
        <actionDate>2017-11-16</actionDate>
        <committee />
        <links>
          <link>
            <name>S7309-7310</name>
            <url>https://www.congress.gov/congressional-record/volume-163/senate-section/page/S7309-7310</url>
          </link>
        </links>
        <sourceSystem>
          <name>Senate</name>
          <code>0</code>
        </sourceSystem>
        <text>Resolution agreed to in Senate with an amendment and an amended preamble by Unanimous Consent. (text: CR S7309-7310)</text>
        <type>Floor</type>
      </item>
      <item>
        <actionDate>2017-11-16</actionDate>
        <links>
          <link>
            <name>S7309-7310</name>
            <url>https://www.congress.gov/congressional-record/volume-163/senate-section/page/S7309-7310</url>
          </link>
        </links>
        <text>Passed/agreed to in Senate: Resolution agreed to in Senate with an amendment and an amended preamble by Unanimous Consent.(text: CR S7309-7310)</text>
        <type>Floor</type>
        <actionCode>17000</actionCode>
        <sourceSystem>
          <name>Library of Congress</name>
          <code>9</code>
        </sourceSystem>
        <committee />
      </item>
      <item>
        <actionDate>2017-11-16</actionDate>
        <committee />
        <links>
          <link>
            <name>S7308-7309</name>
            <url>https://www.congress.gov/congressional-record/volume-163/senate-section/page/S7308-7309</url>
          </link>
          <link>
            <name>S7308-7310</name>
            <url>https://www.congress.gov/congressional-record/volume-163/senate-section/page/S7308-7310</url>
          </link>
        </links>
        <sourceSystem>
          <name>Senate</name>
          <code>0</code>
        </sourceSystem>
        <text>Measure laid before Senate by unanimous consent. (consideration: CR S7308-7310; text of measure as reported: CR S7308-7309)</text>
        <type>Floor</type>
      </item>
      <item>
        <actionDate>2017-11-01</actionDate>
        <committee />
        <links />
        <sourceSystem>
          <name>Senate</name>
          <code>0</code>
        </sourceSystem>
        <text>Placed on Senate Legislative Calendar under General Orders. Calendar No. 257.</text>
        <type>Calendars</type>
      </item>
      <item>
        <actionDate>2017-11-01</actionDate>
        <committee>
          <systemCode>ssfr00</systemCode>
          <name>Foreign Relations Committee</name>
        </committee>
        <links />
        <sourceSystem>
          <name>Senate</name>
          <code>0</code>
        </sourceSystem>
        <text>Committee on Foreign Relations. Reported by Senator Corker with an amendment in the nature of a substitute and with an amended preamble. Without written report.</text>
        <type>Committee</type>
      </item>
      <item>
        <actionDate>2017-11-01</actionDate>
        <links />
        <text>Committee on Foreign Relations. Reported by Senator Corker with an amendment in the nature of a substitute and with an amended preamble. Without written report.</text>
        <type>Committee</type>
        <actionCode>14000</actionCode>
        <sourceSystem>
          <name>Library of Congress</name>
          <code>9</code>
        </sourceSystem>
        <committee>
          <systemCode>ssfr00</systemCode>
          <name>Foreign Relations Committee</name>
        </committee>
      </item>
      <item>
        <actionDate>2017-10-26</actionDate>
        <committee>
          <systemCode>ssfr00</systemCode>
          <name>Foreign Relations Committee</name>
        </committee>
        <links />
        <sourceSystem>
          <name>Senate</name>
          <code>0</code>
        </sourceSystem>
        <text>Committee on Foreign Relations. Ordered to be reported with an amendment in the nature of a substitute favorably.</text>
        <type>Committee</type>
      </item>
      <item>
        <actionDate>2017-10-03</actionDate>
        <committee>
          <systemCode>ssfr00</systemCode>
          <name>Foreign Relations Committee</name>
        </committee>
        <links>
          <link>
            <name>S6290-6291</name>
            <url>https://www.congress.gov/congressional-record/volume-163/senate-section/page/S6290-6291</url>
          </link>
        </links>
        <sourceSystem>
          <name>Senate</name>
          <code>0</code>
        </sourceSystem>
        <text>Referred to the Committee on Foreign Relations. (text of measure as introduced: CR S6290-6291)</text>
        <type>IntroReferral</type>
      </item>
      <item>
        <actionDate>2017-10-03</actionDate>
        <links />
        <text>Introduced in Senate</text>
        <type>IntroReferral</type>
        <actionCode>10000</actionCode>
        <sourceSystem>
          <name>Library of Congress</name>
          <code>9</code>
        </sourceSystem>
        <committee />
      </item>
      <actionByCounts>
        <senate>9</senate>
      </actionByCounts>
    </actions>
    <calendarNumbers>
      <item>
        <calendar>Senate Calendar of Business</calendar>
        <number>0257</number>
      </item>
    </calendarNumbers>
    <congress>115</congress>
    <subjects>
      <billSubjects>
        <legislativeSubjects>
          <item>
            <name>Asia</name>
          </item>
          <item>
            <name>Cambodia</name>
          </item>
          <item>
            <name>Detention of persons</name>
          </item>
          <item>
            <name>Diplomacy, foreign officials, Americans abroad</name>
          </item>
          <item>
            <name>Elections, voting, political campaign regulation</name>
          </item>
          <item>
            <name>Foreign property</name>
          </item>
          <item>
            <name>Human rights</name>
          </item>
          <item>
            <name>News media and reporting</name>
          </item>
          <item>
            <name>Political parties and affiliation</name>
          </item>
          <item>
            <name>Protest and dissent</name>
          </item>
          <item>
            <name>Rule of law and government transparency</name>
          </item>
          <item>
            <name>Sanctions</name>
          </item>
          <item>
            <name>Sovereignty, recognition, national governance and status</name>
          </item>
        </legislativeSubjects>
        <policyArea>
          <name>International Affairs</name>
        </policyArea>
      </billSubjects>
    </subjects>
    <billNumber>279</billNumber>
    <title>A resolution reaffirming the commitment of the United States to promote democracy, human rights, and the rule of law in Cambodia.</title>
    <committees>
      <billCommittees>
        <item>
          <activities>
            <item>
              <date>2017-11-01T20:48:19Z</date>
              <name>Reported by</name>
            </item>
            <item>
              <date>2017-10-26T13:30:00Z</date>
              <name>Markup by</name>
            </item>
            <item>
              <date>2017-10-03T14:32:01Z</date>
              <name>Referred to</name>
            </item>
          </activities>
          <type>Standing</type>
          <chamber>Senate</chamber>
          <systemCode>ssfr00</systemCode>
          <name>Foreign Relations Committee</name>
          <subcommittees />
        </item>
      </billCommittees>
    </committees>
    <introducedDate>2017-10-03</introducedDate>
    <version>1.0.0</version>
    <committeeReports />
    <updateDate>2018-08-28T20:21:11Z</updateDate>
    <laws />
    <originChamber>Senate</originChamber>
    <cboCostEstimates />
    <sponsors>
      <item>
        <middleName>SIDNEY</middleName>
        <bioguideId>M000303</bioguideId>
        <identifiers>
          <bioguideId>M000303</bioguideId>
          <gpoId>8253</gpoId>
          <lisID>754</lisID>
        </identifiers>
        <fullName>Sen. McCain, John [R-AZ]</fullName>
        <byRequestType />
        <party>R</party>
        <firstName>JOHN</firstName>
        <state>AZ</state>
        <lastName>MCCAIN</lastName>
      </item>
    </sponsors>
    <relatedBills>
      <item>
        <latestAction>
          <actionDate>2017-12-12</actionDate>
          <text>Referred to the Committee on Foreign Affairs, and in addition to the Committee on the Judiciary, for a period to be subsequently determined by the Speaker, in each case for consideration of such provisions as fall within the jurisdiction of the committee concerned.</text>
        </latestAction>
        <relationshipDetails>
          <item>
            <identifiedBy>CRS</identifiedBy>
            <type>Related bill</type>
          </item>
        </relationshipDetails>
        <congress>115</congress>
        <latestTitle>Reaffirming the commitment of the United States to promote democracy, human rights, and the rule of law in Cambodia.</latestTitle>
        <type>HRES</type>
        <number>661</number>
      </item>
    </relatedBills>
    <cosponsors>
      <item>
        <bioguideId>D000563</bioguideId>
        <party>D</party>
        <firstName>RICHARD</firstName>
        <fullName>Sen. Durbin, Richard J. [D-IL]</fullName>
        <lastName>DURBIN</lastName>
        <state>IL</state>
        <isOriginalCosponsor>True</isOriginalCosponsor>
        <middleName>J.</middleName>
        <identifiers>
          <lisID>326</lisID>
          <bioguideId>D000563</bioguideId>
          <gpoId>8326</gpoId>
        </identifiers>
        <sponsorshipDate>2017-10-03</sponsorshipDate>
        <sponsorshipWithdrawnDate />
      </item>
      <item>
        <bioguideId>R000595</bioguideId>
        <party>R</party>
        <firstName>Marco</firstName>
        <fullName>Sen. Rubio, Marco [R-FL]</fullName>
        <lastName>Rubio</lastName>
        <state>FL</state>
        <isOriginalCosponsor>False</isOriginalCosponsor>
        <middleName />
        <identifiers>
          <bioguideId>R000595</bioguideId>
          <lisID>2084</lisID>
          <gpoId>8242</gpoId>
        </identifiers>
        <sponsorshipDate>2017-10-26</sponsorshipDate>
        <sponsorshipWithdrawnDate />
      </item>
      <item>
        <bioguideId>W000817</bioguideId>
        <party>D</party>
        <firstName>Elizabeth</firstName>
        <fullName>Sen. Warren, Elizabeth [D-MA]</fullName>
        <lastName>Warren</lastName>
        <state>MA</state>
        <isOriginalCosponsor>False</isOriginalCosponsor>
        <middleName>A.</middleName>
        <identifiers>
          <lisID>2182</lisID>
          <bioguideId>W000817</bioguideId>
          <gpoId />
        </identifiers>
        <sponsorshipDate>2017-11-07</sponsorshipDate>
        <sponsorshipWithdrawnDate />
      </item>
      <item>
        <bioguideId>C001098</bioguideId>
        <party>R</party>
        <firstName>Ted</firstName>
        <fullName>Sen. Cruz, Ted [R-TX]</fullName>
        <lastName>Cruz</lastName>
        <state>TX</state>
        <isOriginalCosponsor>False</isOriginalCosponsor>
        <middleName />
        <identifiers>
          <bioguideId>C001098</bioguideId>
          <lisID>2175</lisID>
          <gpoId />
        </identifiers>
        <sponsorshipDate>2017-11-08</sponsorshipDate>
        <sponsorshipWithdrawnDate />
      </item>
      <item>
        <bioguideId>M000133</bioguideId>
        <party>D</party>
        <firstName>EDWARD</firstName>
        <fullName>Sen. Markey, Edward J. [D-MA]</fullName>
        <lastName>MARKEY</lastName>
        <state>MA</state>
        <isOriginalCosponsor>False</isOriginalCosponsor>
        <middleName>J.</middleName>
        <identifiers>
          <bioguideId>M000133</bioguideId>
          <lisID>735</lisID>
          <gpoId>7972</gpoId>
        </identifiers>
        <sponsorshipDate>2017-11-13</sponsorshipDate>
        <sponsorshipWithdrawnDate />
      </item>
    </cosponsors>
    <titles>
      <item>
        <titleType>Official Title as Introduced</titleType>
        <title>A resolution reaffirming the commitment of the United States to promote democracy, human rights, and the rule of law in Cambodia.</title>
        <parentTitleType />
        <chamberCode />
        <chamberName />
      </item>
      <item>
        <titleType>Display Title</titleType>
        <title>A resolution reaffirming the commitment of the United States to promote democracy, human rights, and the rule of law in Cambodia.</title>
        <parentTitleType />
        <chamberCode />
        <chamberName />
      </item>
    </titles>
    <recordedVotes />
    <summaries>
      <billSummaries>
        <item>
          <actionDesc>Introduced in Senate</actionDesc>
          <name>Introduced in Senate</name>
          <text><![CDATA[<p>Reaffirms the U.S. commitment to promote democracy, human rights, and the rule of law in Cambodia. </p> <p>Condemns political violence in Cambodia and urges the cessation of human rights violations.</p> <p>Urges:</p> <ul> <li>Prime Minister Hun Sen and the Cambodian People's Party to end all harassment and intimidation of Cambodia's opposition and foster an environment where democracy can thrive and flourish; </li> <li>the Department of State to consider placing all senior Cambodian government officials implicated in such abuses on the Specially Designated Nationals list; </li> <li>the Cambodian government to free Mr. Kem Sokha and to respect freedom of the press and the rights of its citizens to freely assemble, protest, and speak out against the government; and </li> <li>the President to communicate to the Cambodian government that if it ignores the recommendations of the international community and maintains the current restrictive and intimidating political environment, the U.S. government will have to determine that the 2018 elections were not conducted freely or fairly. </li></ul> <p>Supports electoral reform efforts in Cambodia and free and fair elections in 2018.</p> <ul></ul>]]></text>
          <versionCode>00</versionCode>
          <lastSummaryUpdateDate>2018-01-26T21:12:35Z</lastSummaryUpdateDate>
          <updateDate>2017-10-03T04:00:00Z</updateDate>
          <actionDate>2017-10-03</actionDate>
        </item>
        <item>
          <actionDesc>Passed Senate amended</actionDesc>
          <name>Passed Senate amended</name>
          <text><![CDATA[<p>Reaffirms the U.S. commitment to promote democracy, human rights, and the rule of law in Cambodia. </p> <p>Condemns political violence in Cambodia and urges the cessation of human rights violations.</p> <p>Urges:</p> <ul> <li>Prime Minister Hun Sen and the Cambodian People's Party to end all harassment and intimidation of Cambodia's opposition and foster an environment where democracy can thrive and flourish; </li> <li>the Department of the Treasury to consider placing all senior Cambodian government officials implicated in such abuses on the Specially Designated Nationals list; and </li> <li>the Cambodian government to free Mr. Kem Sokha and to respect freedom of the press and the rights of its citizens to freely assemble, protest, and speak out against the government. </li></ul> <p>Supports electoral reform efforts in Cambodia and free and fair elections in 2018.</p> <ul></ul> <ul></ul>]]></text>
          <versionCode>35</versionCode>
          <lastSummaryUpdateDate>2018-01-26T21:12:47Z</lastSummaryUpdateDate>
          <updateDate>2017-11-16T14:13:10Z</updateDate>
          <actionDate>2017-11-16</actionDate>
        </item>
      </billSummaries>
    </summaries>
    <amendments>
      <amendment>
        <description />
        <latestAction>
          <text>Amendment SA 1586 agreed to in Senate by Unanimous Consent.</text>
          <actionDate>2017-11-16</actionDate>
        </latestAction>
        <purpose>To acknowledge the contributions of nongovernmental organizations in Cambodia.</purpose>
        <type>SAMDT</type>
        <number>1586</number>
        <cosponsors>
          <totalCount>0</totalCount>
          <currentCount>0</currentCount>
        </cosponsors>
        <updateDate>2018-08-28T20:21:11Z</updateDate>
        <proposedDate>2017-11-16T05:00:00Z</proposedDate>
        <description />
        <sponsors>
          <item>
            <fullName>Sen. McCain, John [R-AZ]</fullName>
            <firstName>JOHN</firstName>
            <lastName>MCCAIN</lastName>
            <state>AZ</state>
            <bioguideId>M000303</bioguideId>
            <party>R</party>
            <identifiers>
              <bioguideId>M000303</bioguideId>
              <gpoId>8253</gpoId>
              <lisID>754</lisID>
            </identifiers>
            <middleName>SIDNEY</middleName>
          </item>
        </sponsors>
        <number>1586</number>
        <submittedDate>2017-11-16T05:00:00Z</submittedDate>
        <amendments>
          <count>0</count>
        </amendments>
        <version>1.0.0</version>
        <titles />
        <congress>115</congress>
        <amendedAmendment />
        <createDate>2017-11-17T05:46:19Z</createDate>
        <chamber>Senate</chamber>
        <actions>
          <actions>
            <item>
              <actionDate>2017-11-16</actionDate>
              <committee />
              <links>
                <link>
                  <name>S.Amdt.1586</name>
                  <url>https://www.congress.gov/amendment/115th-congress/senate-amendment/1586</url>
                </link>
                <link>
                  <name>SA 1586</name>
                  <url>https://www.congress.gov/amendment/115th-congress/senate-amendment/1586</url>
                </link>
              </links>
              <sourceSystem>
                <code>0</code>
                <name>Senate</name>
              </sourceSystem>
              <text>Amendment SA 1586 agreed to in Senate by Unanimous Consent.</text>
              <type>Floor</type>
            </item>
            <item>
              <actionDate>2017-11-16</actionDate>
              <committee />
              <links>
                <link>
                  <name>S.Amdt.1586</name>
                  <url>https://www.congress.gov/amendment/115th-congress/senate-amendment/1586</url>
                </link>
                <link>
                  <name>S7309</name>
                  <url>https://www.congress.gov/congressional-record/volume-163/senate-section/page/S7309</url>
                </link>
                <link>
                  <name>SA 1586</name>
                  <url>https://www.congress.gov/amendment/115th-congress/senate-amendment/1586</url>
                </link>
              </links>
              <sourceSystem>
                <code>0</code>
                <name>Senate</name>
              </sourceSystem>
              <text>Amendment SA 1586 proposed by Senator McConnell for Senator McCain. (consideration: CR S7309; text: CR S7309) To acknowledge the contributions of nongovernmental organizations in Cambodia.</text>
              <type>Floor</type>
            </item>
            <item>
              <actionDate>2017-11-16</actionDate>
              <committee />
              <links />
              <text />
            </item>
            <item>
              <text>Senate amendment agreed to: Amendment SA 1586 agreed to in Senate by Unanimous Consent.</text>
              <type>Floor</type>
              <committee />
              <actionDate>2017-11-16</actionDate>
              <links>
                <link>
                  <name>S.Amdt.1586</name>
                  <url>https://www.congress.gov/amendment/115th-congress/senate-amendment/1586</url>
                </link>
                <link>
                  <name>SA 1586</name>
                  <url>https://www.congress.gov/amendment/115th-congress/senate-amendment/1586</url>
                </link>
              </links>
              <actionCode>94000</actionCode>
              <sourceSystem>
                <code>9</code>
                <name>Library of Congress</name>
              </sourceSystem>
            </item>
            <item>
              <text>Senate amendment proposed (on the floor): Amendment SA 1586 proposed by Senator McConnell for Senator McCain.(consideration: CR S7309; text: CR S7309)</text>
              <type>Floor</type>
              <committee />
              <actionDate>2017-11-16</actionDate>
              <links>
                <link>
                  <name>S.Amdt.1586</name>
                  <url>https://www.congress.gov/amendment/115th-congress/senate-amendment/1586</url>
                </link>
                <link>
                  <name>S7309</name>
                  <url>https://www.congress.gov/congressional-record/volume-163/senate-section/page/S7309</url>
                </link>
                <link>
                  <name>SA 1586</name>
                  <url>https://www.congress.gov/amendment/115th-congress/senate-amendment/1586</url>
                </link>
              </links>
              <actionCode>93000</actionCode>
              <sourceSystem>
                <code>9</code>
                <name>Library of Congress</name>
              </sourceSystem>
            </item>
            <item>
              <text>Senate amendment submitted</text>
              <type>Floor</type>
              <committee />
              <actionDate>2017-11-16</actionDate>
              <links />
              <actionCode>91000</actionCode>
              <sourceSystem>
                <code>9</code>
                <name>Library of Congress</name>
              </sourceSystem>
            </item>
          </actions>
          <actionByCounts>
            <senate>5</senate>
          </actionByCounts>
          <actionTypeCounts>
            <senateAmendmentSubmitted>1</senateAmendmentSubmitted>
            <amendmentProposed>1</amendmentProposed>
            <senateAmendmentProposedOnTheFloor>1</senateAmendmentProposedOnTheFloor>
            <senateAmendmentAgreedTo>1</senateAmendmentAgreedTo>
            <amendmentAgreedTo>1</amendmentAgreedTo>
          </actionTypeCounts>
          <count>6</count>
        </actions>
        <amendedBill>
          <congress>115</congress>
          <originChamberCode>S</originChamberCode>
          <type>SRES</type>
          <title>A resolution reaffirming the commitment of the United States to promote democracy, human rights, and the rule of law in Cambodia.</title>
          <originChamber>Senate</originChamber>
          <number>279</number>
        </amendedBill>
        <type>SAMDT</type>
        <links />
        <notes />
        <purpose>To acknowledge the contributions of nongovernmental organizations in Cambodia.</purpose>
        <congress>115</congress>
      </amendment>
    </amendments>
  </bill>
  <dublinCore xmlns:dc="http://purl.org/dc/elements/1.1/">
    <dc:format>text/xml</dc:format>
    <dc:language>EN</dc:language>
    <dc:rights>Pursuant to Title 17 Section 105 of the United States Code, this file is not subject to copyright protection and is in the public domain.</dc:rights>
    <dc:contributor>Congressional Research Service, Library of Congress</dc:contributor>
    <dc:description>This file contains bill summaries and statuses for federal legislation. A bill summary describes the most significant provisions of a piece of legislation and details the effects the legislative text may have on current law and federal programs. Bill summaries are authored by the Congressional Research Service (CRS) of the Library of Congress. As stated in Public Law 91-510 (2 USC 166 (d)(6)), one of the duties of CRS is "to prepare summaries and digests of bills and resolutions of a public general nature introduced in the Senate or House of Representatives". For more information, refer to the User Guide that accompanies this file.</dc:description>
  </dublinCore>
</billStatus>

