<?xml version="1.0" encoding="UTF-8"?>
<billStatus>
  <bill>
    <notes />
    <congress>115</congress>
    <committees>
      <billCommittees>
        <item>
          <activities>
            <item>
              <name>Referred to</name>
              <date>2018-02-15T20:10:54Z</date>
            </item>
          </activities>
          <name>Foreign Relations Committee</name>
          <type>Standing</type>
          <chamber>Senate</chamber>
          <subcommittees />
          <systemCode>ssfr00</systemCode>
        </item>
      </billCommittees>
    </committees>
    <committeeReports />
    <cboCostEstimates />
    <title>A resolution recognizing the critical work of human rights defenders in promoting human rights, the rule of law, democracy, and good governance.</title>
    <laws />
    <updateDate>2018-08-28T13:51:01Z</updateDate>
    <relatedBills />
    <version>1.0.0</version>
    <actions>
      <actionByCounts>
        <senate>2</senate>
      </actionByCounts>
      <item>
        <actionDate>2018-02-15</actionDate>
        <committee>
          <name>Foreign Relations Committee</name>
          <systemCode>ssfr00</systemCode>
        </committee>
        <links>
          <link>
            <name>S1166-1167</name>
            <url>https://www.congress.gov/congressional-record/volume-164/senate-section/page/S1166-1167</url>
          </link>
        </links>
        <sourceSystem>
          <name>Senate</name>
          <code>0</code>
        </sourceSystem>
        <text>Referred to the Committee on Foreign Relations. (text of measure as introduced: CR S1166-1167)</text>
        <type>IntroReferral</type>
      </item>
      <item>
        <type>IntroReferral</type>
        <links />
        <sourceSystem>
          <name>Library of Congress</name>
          <code>9</code>
        </sourceSystem>
        <committee />
        <text>Introduced in Senate</text>
        <actionCode>10000</actionCode>
        <actionDate>2018-02-15</actionDate>
      </item>
      <actionTypeCounts>
        <introducedInSenate>1</introducedInSenate>
        <referredToCommittee>1</referredToCommittee>
      </actionTypeCounts>
    </actions>
    <sponsors>
      <item>
        <fullName>Sen. Coons, Christopher A. [D-DE]</fullName>
        <identifiers>
          <lisID>1984</lisID>
          <gpoId>8297</gpoId>
          <bioguideId>C001088</bioguideId>
        </identifiers>
        <bioguideId>C001088</bioguideId>
        <lastName>Coons</lastName>
        <firstName>Christopher</firstName>
        <party>D</party>
        <byRequestType />
        <middleName>A.</middleName>
        <state>DE</state>
      </item>
    </sponsors>
    <billType>SRES</billType>
    <policyArea>
      <name>International Affairs</name>
    </policyArea>
    <recordedVotes />
    <billNumber>407</billNumber>
    <titles>
      <item>
        <chamberName />
        <parentTitleType />
        <titleType>Official Title as Introduced</titleType>
        <title>A resolution recognizing the critical work of human rights defenders in promoting human rights, the rule of law, democracy, and good governance.</title>
        <chamberCode />
      </item>
      <item>
        <chamberName />
        <parentTitleType />
        <titleType>Display Title</titleType>
        <title>A resolution recognizing the critical work of human rights defenders in promoting human rights, the rule of law, democracy, and good governance.</title>
        <chamberCode />
      </item>
    </titles>
    <originChamber>Senate</originChamber>
    <subjects>
      <billSubjects>
        <legislativeSubjects>
          <item>
            <name>Congressional tributes</name>
          </item>
          <item>
            <name>Diplomacy, foreign officials, Americans abroad</name>
          </item>
          <item>
            <name>Government ethics and transparency, public corruption</name>
          </item>
          <item>
            <name>Human rights</name>
          </item>
          <item>
            <name>Protest and dissent</name>
          </item>
          <item>
            <name>Rule of law and government transparency</name>
          </item>
          <item>
            <name>Sanctions</name>
          </item>
          <item>
            <name>Sovereignty, recognition, national governance and status</name>
          </item>
        </legislativeSubjects>
        <policyArea>
          <name>International Affairs</name>
        </policyArea>
      </billSubjects>
    </subjects>
    <cosponsors>
      <item>
        <lastName>Tillis</lastName>
        <sponsorshipDate>2018-02-15</sponsorshipDate>
        <party>R</party>
        <fullName>Sen. Tillis, Thom [R-NC]</fullName>
        <identifiers>
          <lisID>2291</lisID>
          <bioguideId>T000476</bioguideId>
          <gpoId />
        </identifiers>
        <firstName>Thomas</firstName>
        <sponsorshipWithdrawnDate />
        <state>NC</state>
        <middleName>Roland</middleName>
        <bioguideId>T000476</bioguideId>
        <isOriginalCosponsor>True</isOriginalCosponsor>
      </item>
      <item>
        <lastName>MARKEY</lastName>
        <sponsorshipDate>2018-02-28</sponsorshipDate>
        <party>D</party>
        <fullName>Sen. Markey, Edward J. [D-MA]</fullName>
        <identifiers>
          <lisID>735</lisID>
          <bioguideId>M000133</bioguideId>
          <gpoId>7972</gpoId>
        </identifiers>
        <firstName>EDWARD</firstName>
        <sponsorshipWithdrawnDate />
        <state>MA</state>
        <middleName>J.</middleName>
        <bioguideId>M000133</bioguideId>
        <isOriginalCosponsor>False</isOriginalCosponsor>
      </item>
      <item>
        <lastName>Boozman</lastName>
        <sponsorshipDate>2018-03-07</sponsorshipDate>
        <party>R</party>
        <fullName>Sen. Boozman, John [R-AR]</fullName>
        <identifiers>
          <lisID>1687</lisID>
          <bioguideId>B001236</bioguideId>
          <gpoId>8247</gpoId>
        </identifiers>
        <firstName>John</firstName>
        <sponsorshipWithdrawnDate />
        <state>AR</state>
        <middleName />
        <bioguideId>B001236</bioguideId>
        <isOriginalCosponsor>False</isOriginalCosponsor>
      </item>
      <item>
        <lastName>Klobuchar</lastName>
        <sponsorshipDate>2018-03-07</sponsorshipDate>
        <party>D</party>
        <fullName>Sen. Klobuchar, Amy [D-MN]</fullName>
        <identifiers>
          <lisID>1826</lisID>
          <gpoId>8249</gpoId>
          <bioguideId>K000367</bioguideId>
        </identifiers>
        <firstName>Amy</firstName>
        <sponsorshipWithdrawnDate />
        <state>MN</state>
        <middleName />
        <bioguideId>K000367</bioguideId>
        <isOriginalCosponsor>False</isOriginalCosponsor>
      </item>
      <item>
        <lastName>Whitehouse</lastName>
        <sponsorshipDate>2018-03-12</sponsorshipDate>
        <party>D</party>
        <fullName>Sen. Whitehouse, Sheldon [D-RI]</fullName>
        <identifiers>
          <lisID>1823</lisID>
          <gpoId>8264</gpoId>
          <bioguideId>W000802</bioguideId>
        </identifiers>
        <firstName>Sheldon</firstName>
        <sponsorshipWithdrawnDate />
        <state>RI</state>
        <middleName />
        <bioguideId>W000802</bioguideId>
        <isOriginalCosponsor>False</isOriginalCosponsor>
      </item>
      <item>
        <lastName>Rubio</lastName>
        <sponsorshipDate>2018-03-12</sponsorshipDate>
        <party>R</party>
        <fullName>Sen. Rubio, Marco [R-FL]</fullName>
        <identifiers>
          <bioguideId>R000595</bioguideId>
          <lisID>2084</lisID>
          <gpoId>8242</gpoId>
        </identifiers>
        <firstName>Marco</firstName>
        <sponsorshipWithdrawnDate />
        <state>FL</state>
        <middleName />
        <bioguideId>R000595</bioguideId>
        <isOriginalCosponsor>False</isOriginalCosponsor>
      </item>
      <item>
        <lastName>WICKER</lastName>
        <sponsorshipDate>2018-03-20</sponsorshipDate>
        <party>R</party>
        <fullName>Sen. Wicker, Roger F. [R-MS]</fullName>
        <identifiers>
          <lisID>1226</lisID>
          <gpoId>8263</gpoId>
          <bioguideId>W000437</bioguideId>
        </identifiers>
        <firstName>ROGER</firstName>
        <sponsorshipWithdrawnDate />
        <state>MS</state>
        <middleName>F.</middleName>
        <bioguideId>W000437</bioguideId>
        <isOriginalCosponsor>False</isOriginalCosponsor>
      </item>
      <item>
        <lastName>Heinrich</lastName>
        <sponsorshipDate>2018-03-20</sponsorshipDate>
        <party>D</party>
        <fullName>Sen. Heinrich, Martin [D-NM]</fullName>
        <identifiers>
          <bioguideId>H001046</bioguideId>
          <lisID>1937</lisID>
          <gpoId>8056</gpoId>
        </identifiers>
        <firstName>Martin</firstName>
        <sponsorshipWithdrawnDate />
        <state>NM</state>
        <middleName />
        <bioguideId>H001046</bioguideId>
        <isOriginalCosponsor>False</isOriginalCosponsor>
      </item>
      <item>
        <lastName>Lankford</lastName>
        <sponsorshipDate>2018-04-10</sponsorshipDate>
        <party>R</party>
        <fullName>Sen. Lankford, James [R-OK]</fullName>
        <identifiers>
          <lisID>2050</lisID>
          <bioguideId>L000575</bioguideId>
          <gpoId>8113</gpoId>
        </identifiers>
        <firstName>James</firstName>
        <sponsorshipWithdrawnDate />
        <state>OK</state>
        <middleName />
        <bioguideId>L000575</bioguideId>
        <isOriginalCosponsor>False</isOriginalCosponsor>
      </item>
      <item>
        <lastName>DURBIN</lastName>
        <sponsorshipDate>2018-04-10</sponsorshipDate>
        <party>D</party>
        <fullName>Sen. Durbin, Richard J. [D-IL]</fullName>
        <identifiers>
          <bioguideId>D000563</bioguideId>
          <gpoId>8326</gpoId>
          <lisID>326</lisID>
        </identifiers>
        <firstName>RICHARD</firstName>
        <sponsorshipWithdrawnDate />
        <state>IL</state>
        <middleName>J.</middleName>
        <bioguideId>D000563</bioguideId>
        <isOriginalCosponsor>False</isOriginalCosponsor>
      </item>
      <item>
        <lastName>Casey</lastName>
        <sponsorshipDate>2018-04-10</sponsorshipDate>
        <party>D</party>
        <fullName>Sen. Casey, Robert P., Jr. [D-PA]</fullName>
        <identifiers>
          <lisID>1828</lisID>
          <gpoId>8282</gpoId>
          <bioguideId>C001070</bioguideId>
        </identifiers>
        <firstName>Bob</firstName>
        <sponsorshipWithdrawnDate />
        <state>PA</state>
        <middleName />
        <bioguideId>C001070</bioguideId>
        <isOriginalCosponsor>False</isOriginalCosponsor>
      </item>
      <item>
        <lastName>LEAHY</lastName>
        <sponsorshipDate>2018-04-18</sponsorshipDate>
        <party>D</party>
        <fullName>Sen. Leahy, Patrick J. [D-VT]</fullName>
        <identifiers>
          <gpoId>8244</gpoId>
          <lisID>1383</lisID>
          <bioguideId>L000174</bioguideId>
        </identifiers>
        <firstName>PATRICK</firstName>
        <sponsorshipWithdrawnDate />
        <state>VT</state>
        <middleName>JOSEPH</middleName>
        <bioguideId>L000174</bioguideId>
        <isOriginalCosponsor>False</isOriginalCosponsor>
      </item>
      <item>
        <lastName>Merkley</lastName>
        <sponsorshipDate>2018-05-08</sponsorshipDate>
        <party>D</party>
        <fullName>Sen. Merkley, Jeff [D-OR]</fullName>
        <identifiers>
          <lisID>1900</lisID>
          <bioguideId>M001176</bioguideId>
          <gpoId>8238</gpoId>
        </identifiers>
        <firstName>Jeff</firstName>
        <sponsorshipWithdrawnDate />
        <state>OR</state>
        <middleName />
        <bioguideId>M001176</bioguideId>
        <isOriginalCosponsor>False</isOriginalCosponsor>
      </item>
      <item>
        <lastName>Cassidy</lastName>
        <sponsorshipDate>2018-05-14</sponsorshipDate>
        <party>R</party>
        <fullName>Sen. Cassidy, Bill [R-LA]</fullName>
        <identifiers>
          <lisID>1925</lisID>
          <gpoId>7964</gpoId>
          <bioguideId>C001075</bioguideId>
        </identifiers>
        <firstName>Bill</firstName>
        <sponsorshipWithdrawnDate />
        <state>LA</state>
        <middleName />
        <bioguideId>C001075</bioguideId>
        <isOriginalCosponsor>False</isOriginalCosponsor>
      </item>
      <item>
        <lastName>Booker</lastName>
        <sponsorshipDate>2018-06-12</sponsorshipDate>
        <party>D</party>
        <fullName>Sen. Booker, Cory A. [D-NJ]</fullName>
        <identifiers>
          <lisID>2194</lisID>
          <gpoId />
          <bioguideId>B001288</bioguideId>
        </identifiers>
        <firstName>Cory</firstName>
        <sponsorshipWithdrawnDate />
        <state>NJ</state>
        <middleName>A.</middleName>
        <bioguideId>B001288</bioguideId>
        <isOriginalCosponsor>False</isOriginalCosponsor>
      </item>
    </cosponsors>
    <introducedDate>2018-02-15</introducedDate>
    <calendarNumbers />
    <latestAction>
      <actionDate>2018-02-15</actionDate>
      <links />
      <text>Referred to the Committee on Foreign Relations. (text of measure as introduced: CR S1166-1167)</text>
    </latestAction>
    <amendments />
    <summaries>
      <billSummaries>
        <item>
          <updateDate>2018-02-15T05:00:00Z</updateDate>
          <versionCode>00</versionCode>
          <name>Introduced in Senate</name>
          <text><![CDATA[<p>Commends human rights defenders for their critical work, condemns threats to them, and welcomes the imposition of sanctions by the President on December 21, 2017, and under the Global Magnitsky Human Rights Accountability Act, with respect to human rights abusers and corrupt actors.</p>]]></text>
          <actionDate>2018-02-15</actionDate>
          <actionDesc>Introduced in Senate</actionDesc>
          <lastSummaryUpdateDate>2018-03-16T21:52:32Z</lastSummaryUpdateDate>
        </item>
      </billSummaries>
    </summaries>
    <createDate>2018-02-18T21:46:27Z</createDate>
  </bill>
  <dublinCore xmlns:dc="http://purl.org/dc/elements/1.1/">
    <dc:format>text/xml</dc:format>
    <dc:language>EN</dc:language>
    <dc:rights>Pursuant to Title 17 Section 105 of the United States Code, this file is not subject to copyright protection and is in the public domain.</dc:rights>
    <dc:contributor>Congressional Research Service, Library of Congress</dc:contributor>
    <dc:description>This file contains bill summaries and statuses for federal legislation. A bill summary describes the most significant provisions of a piece of legislation and details the effects the legislative text may have on current law and federal programs. Bill summaries are authored by the Congressional Research Service (CRS) of the Library of Congress. As stated in Public Law 91-510 (2 USC 166 (d)(6)), one of the duties of CRS is "to prepare summaries and digests of bills and resolutions of a public general nature introduced in the Senate or House of Representatives". For more information, refer to the User Guide that accompanies this file.</dc:description>
  </dublinCore>
</billStatus>

