<?xml version="1.0" encoding="UTF-8"?>
<billStatus>
  <bill>
    <title>A resolution congratulating the Republic of Korea for hosting the 2018 Winter Olympic Games and supporting the alliance between the United States and the Republic of Korea.</title>
    <originChamber>Senate</originChamber>
    <updateDate>2018-08-28T20:21:24Z</updateDate>
    <calendarNumbers />
    <subjects>
      <billSubjects>
        <policyArea>
          <name>International Affairs</name>
        </policyArea>
        <legislativeSubjects>
          <item>
            <name>Arms control and nonproliferation</name>
          </item>
          <item>
            <name>Asia</name>
          </item>
          <item>
            <name>Congressional tributes</name>
          </item>
          <item>
            <name>Diplomacy, foreign officials, Americans abroad</name>
          </item>
          <item>
            <name>North Korea</name>
          </item>
          <item>
            <name>Nuclear weapons</name>
          </item>
          <item>
            <name>Olympic games</name>
          </item>
          <item>
            <name>South Korea</name>
          </item>
          <item>
            <name>United Nations</name>
          </item>
        </legislativeSubjects>
      </billSubjects>
    </subjects>
    <version>1.0.0</version>
    <billType>SRES</billType>
    <latestAction>
      <text>Referred to the Committee on Foreign Relations. (text of measure as introduced: CR S552)</text>
      <links />
      <actionDate>2018-01-29</actionDate>
    </latestAction>
    <policyArea>
      <name>International Affairs</name>
    </policyArea>
    <relatedBills>
      <item>
        <type>HRES</type>
        <number>716</number>
        <latestTitle>Recognizing the importance of the 2018 Winter Olympic Games in PyeongChang, South Korea, and for other purposes.</latestTitle>
        <congress>115</congress>
        <latestAction>
          <actionDate>2018-01-29</actionDate>
          <text>Referred to the House Committee on Foreign Affairs.</text>
        </latestAction>
        <relationshipDetails>
          <item>
            <type>Related bill</type>
            <identifiedBy>CRS</identifiedBy>
          </item>
        </relationshipDetails>
      </item>
    </relatedBills>
    <introducedDate>2018-01-29</introducedDate>
    <actions>
      <item>
        <actionDate>2018-01-29</actionDate>
        <committee>
          <systemCode>ssfr00</systemCode>
          <name>Foreign Relations Committee</name>
        </committee>
        <links>
          <link>
            <name>S552</name>
            <url>https://www.congress.gov/congressional-record/volume-164/senate-section/page/S552</url>
          </link>
        </links>
        <sourceSystem>
          <code>0</code>
          <name>Senate</name>
        </sourceSystem>
        <text>Referred to the Committee on Foreign Relations. (text of measure as introduced: CR S552)</text>
        <type>IntroReferral</type>
      </item>
      <item>
        <text>Introduced in Senate</text>
        <type>IntroReferral</type>
        <committee />
        <actionDate>2018-01-29</actionDate>
        <links />
        <actionCode>10000</actionCode>
        <sourceSystem>
          <code>9</code>
          <name>Library of Congress</name>
        </sourceSystem>
      </item>
      <actionByCounts>
        <senate>2</senate>
      </actionByCounts>
      <actionTypeCounts>
        <referredToCommittee>1</referredToCommittee>
        <introducedInSenate>1</introducedInSenate>
      </actionTypeCounts>
    </actions>
    <laws />
    <congress>115</congress>
    <committeeReports />
    <billNumber>384</billNumber>
    <cboCostEstimates />
    <cosponsors>
      <item>
        <middleName>J.</middleName>
        <bioguideId>M000133</bioguideId>
        <identifiers>
          <lisID>735</lisID>
          <gpoId>7972</gpoId>
          <bioguideId>M000133</bioguideId>
        </identifiers>
        <state>MA</state>
        <fullName>Sen. Markey, Edward J. [D-MA]</fullName>
        <isOriginalCosponsor>True</isOriginalCosponsor>
        <party>D</party>
        <sponsorshipWithdrawnDate />
        <firstName>EDWARD</firstName>
        <lastName>MARKEY</lastName>
        <sponsorshipDate>2018-01-29</sponsorshipDate>
      </item>
      <item>
        <middleName />
        <bioguideId>R000595</bioguideId>
        <identifiers>
          <bioguideId>R000595</bioguideId>
          <lisID>2084</lisID>
          <gpoId>8242</gpoId>
        </identifiers>
        <state>FL</state>
        <fullName>Sen. Rubio, Marco [R-FL]</fullName>
        <isOriginalCosponsor>True</isOriginalCosponsor>
        <party>R</party>
        <sponsorshipWithdrawnDate />
        <firstName>Marco</firstName>
        <lastName>Rubio</lastName>
        <sponsorshipDate>2018-01-29</sponsorshipDate>
      </item>
      <item>
        <middleName />
        <bioguideId>M001176</bioguideId>
        <identifiers>
          <lisID>1900</lisID>
          <gpoId>8238</gpoId>
          <bioguideId>M001176</bioguideId>
        </identifiers>
        <state>OR</state>
        <fullName>Sen. Merkley, Jeff [D-OR]</fullName>
        <isOriginalCosponsor>True</isOriginalCosponsor>
        <party>D</party>
        <sponsorshipWithdrawnDate />
        <firstName>Jeff</firstName>
        <lastName>Merkley</lastName>
        <sponsorshipDate>2018-01-29</sponsorshipDate>
      </item>
      <item>
        <middleName />
        <bioguideId>B001261</bioguideId>
        <identifiers>
          <bioguideId>B001261</bioguideId>
          <lisID>1881</lisID>
          <gpoId>8300</gpoId>
        </identifiers>
        <state>WY</state>
        <fullName>Sen. Barrasso, John [R-WY]</fullName>
        <isOriginalCosponsor>True</isOriginalCosponsor>
        <party>R</party>
        <sponsorshipWithdrawnDate />
        <firstName>John</firstName>
        <lastName>Barrasso</lastName>
        <sponsorshipDate>2018-01-29</sponsorshipDate>
      </item>
      <item>
        <middleName />
        <bioguideId>I000055</bioguideId>
        <identifiers>
          <lisID>1608</lisID>
          <gpoId>8323</gpoId>
          <bioguideId>I000055</bioguideId>
        </identifiers>
        <state>GA</state>
        <fullName>Sen. Isakson, Johnny [R-GA]</fullName>
        <isOriginalCosponsor>True</isOriginalCosponsor>
        <party>R</party>
        <sponsorshipWithdrawnDate />
        <firstName>Johnny</firstName>
        <lastName>Isakson</lastName>
        <sponsorshipDate>2018-01-29</sponsorshipDate>
      </item>
      <item>
        <middleName />
        <bioguideId>C001056</bioguideId>
        <identifiers>
          <bioguideId>C001056</bioguideId>
          <lisID>1692</lisID>
          <gpoId>8295</gpoId>
        </identifiers>
        <state>TX</state>
        <fullName>Sen. Cornyn, John [R-TX]</fullName>
        <isOriginalCosponsor>True</isOriginalCosponsor>
        <party>R</party>
        <sponsorshipWithdrawnDate />
        <firstName>John</firstName>
        <lastName>Cornyn</lastName>
        <sponsorshipDate>2018-01-29</sponsorshipDate>
      </item>
      <item>
        <middleName />
        <bioguideId>C001075</bioguideId>
        <identifiers>
          <gpoId>7964</gpoId>
          <lisID>1925</lisID>
          <bioguideId>C001075</bioguideId>
        </identifiers>
        <state>LA</state>
        <fullName>Sen. Cassidy, Bill [R-LA]</fullName>
        <isOriginalCosponsor>True</isOriginalCosponsor>
        <party>R</party>
        <sponsorshipWithdrawnDate />
        <firstName>Bill</firstName>
        <lastName>Cassidy</lastName>
        <sponsorshipDate>2018-01-29</sponsorshipDate>
      </item>
      <item>
        <middleName>C.</middleName>
        <bioguideId>Y000064</bioguideId>
        <identifiers>
          <bioguideId>Y000064</bioguideId>
          <gpoId>7948</gpoId>
          <lisID>2019</lisID>
        </identifiers>
        <state>IN</state>
        <fullName>Sen. Young, Todd C. [R-IN]</fullName>
        <isOriginalCosponsor>True</isOriginalCosponsor>
        <party>R</party>
        <sponsorshipWithdrawnDate />
        <firstName>Todd</firstName>
        <lastName>Young</lastName>
        <sponsorshipDate>2018-01-29</sponsorshipDate>
      </item>
      <item>
        <middleName />
        <bioguideId>H001061</bioguideId>
        <identifiers>
          <bioguideId>H001061</bioguideId>
          <lisID>2079</lisID>
          <gpoId>8331</gpoId>
        </identifiers>
        <state>ND</state>
        <fullName>Sen. Hoeven, John [R-ND]</fullName>
        <isOriginalCosponsor>True</isOriginalCosponsor>
        <party>R</party>
        <sponsorshipWithdrawnDate />
        <firstName>John</firstName>
        <lastName>Hoeven</lastName>
        <sponsorshipDate>2018-01-29</sponsorshipDate>
      </item>
      <item>
        <middleName />
        <bioguideId>B001236</bioguideId>
        <identifiers>
          <lisID>1687</lisID>
          <gpoId>8247</gpoId>
          <bioguideId>B001236</bioguideId>
        </identifiers>
        <state>AR</state>
        <fullName>Sen. Boozman, John [R-AR]</fullName>
        <isOriginalCosponsor>True</isOriginalCosponsor>
        <party>R</party>
        <sponsorshipWithdrawnDate />
        <firstName>John</firstName>
        <lastName>Boozman</lastName>
        <sponsorshipDate>2018-01-29</sponsorshipDate>
      </item>
      <item>
        <middleName />
        <bioguideId>J000293</bioguideId>
        <identifiers>
          <gpoId>8355</gpoId>
          <lisID>2086</lisID>
          <bioguideId>J000293</bioguideId>
        </identifiers>
        <state>WI</state>
        <fullName>Sen. Johnson, Ron [R-WI]</fullName>
        <isOriginalCosponsor>True</isOriginalCosponsor>
        <party>R</party>
        <sponsorshipWithdrawnDate />
        <firstName>Ron</firstName>
        <lastName>Johnson</lastName>
        <sponsorshipDate>2018-01-29</sponsorshipDate>
      </item>
      <item>
        <middleName />
        <bioguideId>D000622</bioguideId>
        <identifiers>
          <lisID>2123</lisID>
          <bioguideId>D000622</bioguideId>
          <gpoId />
        </identifiers>
        <state>IL</state>
        <fullName>Sen. Duckworth, Tammy [D-IL]</fullName>
        <isOriginalCosponsor>True</isOriginalCosponsor>
        <party>D</party>
        <sponsorshipWithdrawnDate />
        <firstName>Tammy</firstName>
        <lastName>Duckworth</lastName>
        <sponsorshipDate>2018-01-29</sponsorshipDate>
      </item>
      <item>
        <middleName>A.</middleName>
        <bioguideId>W000817</bioguideId>
        <identifiers>
          <bioguideId>W000817</bioguideId>
          <lisID>2182</lisID>
          <gpoId />
        </identifiers>
        <state>MA</state>
        <fullName>Sen. Warren, Elizabeth [D-MA]</fullName>
        <isOriginalCosponsor>True</isOriginalCosponsor>
        <party>D</party>
        <sponsorshipWithdrawnDate />
        <firstName>Elizabeth</firstName>
        <lastName>Warren</lastName>
        <sponsorshipDate>2018-01-29</sponsorshipDate>
      </item>
      <item>
        <middleName />
        <bioguideId>F000062</bioguideId>
        <identifiers>
          <gpoId>8338</gpoId>
          <lisID>1332</lisID>
          <bioguideId>F000062</bioguideId>
        </identifiers>
        <state>CA</state>
        <fullName>Sen. Feinstein, Dianne [D-CA]</fullName>
        <isOriginalCosponsor>True</isOriginalCosponsor>
        <party>D</party>
        <sponsorshipWithdrawnDate />
        <firstName>DIANNE</firstName>
        <lastName>FEINSTEIN</lastName>
        <sponsorshipDate>2018-01-29</sponsorshipDate>
      </item>
      <item>
        <middleName>K.</middleName>
        <bioguideId>H001042</bioguideId>
        <identifiers>
          <gpoId>7913</gpoId>
          <lisID>1844</lisID>
          <bioguideId>H001042</bioguideId>
        </identifiers>
        <state>HI</state>
        <fullName>Sen. Hirono, Mazie K. [D-HI]</fullName>
        <isOriginalCosponsor>True</isOriginalCosponsor>
        <party>D</party>
        <sponsorshipWithdrawnDate />
        <firstName>Mazie</firstName>
        <lastName>Hirono</lastName>
        <sponsorshipDate>2018-01-29</sponsorshipDate>
      </item>
      <item>
        <middleName>GRANT</middleName>
        <bioguideId>H000338</bioguideId>
        <identifiers>
          <lisID>1351</lisID>
          <gpoId>8314</gpoId>
          <bioguideId>H000338</bioguideId>
        </identifiers>
        <state>UT</state>
        <fullName>Sen. Hatch, Orrin G. [R-UT]</fullName>
        <isOriginalCosponsor>True</isOriginalCosponsor>
        <party>R</party>
        <sponsorshipWithdrawnDate />
        <firstName>ORRIN</firstName>
        <lastName>HATCH</lastName>
        <sponsorshipDate>2018-01-29</sponsorshipDate>
      </item>
      <item>
        <middleName>A.</middleName>
        <bioguideId>C001088</bioguideId>
        <identifiers>
          <lisID>1984</lisID>
          <bioguideId>C001088</bioguideId>
          <gpoId>8297</gpoId>
        </identifiers>
        <state>DE</state>
        <fullName>Sen. Coons, Christopher A. [D-DE]</fullName>
        <isOriginalCosponsor>True</isOriginalCosponsor>
        <party>D</party>
        <sponsorshipWithdrawnDate />
        <firstName>Christopher</firstName>
        <lastName>Coons</lastName>
        <sponsorshipDate>2018-01-29</sponsorshipDate>
      </item>
      <item>
        <middleName />
        <bioguideId>B001230</bioguideId>
        <identifiers>
          <bioguideId>B001230</bioguideId>
          <lisID>1558</lisID>
          <gpoId>8215</gpoId>
        </identifiers>
        <state>WI</state>
        <fullName>Sen. Baldwin, Tammy [D-WI]</fullName>
        <isOriginalCosponsor>True</isOriginalCosponsor>
        <party>D</party>
        <sponsorshipWithdrawnDate />
        <firstName>TAMMY</firstName>
        <lastName>BALDWIN</lastName>
        <sponsorshipDate>2018-01-29</sponsorshipDate>
      </item>
      <item>
        <middleName>F.</middleName>
        <bioguideId>R000122</bioguideId>
        <identifiers>
          <lisID>949</lisID>
          <bioguideId>R000122</bioguideId>
          <gpoId>8272</gpoId>
        </identifiers>
        <state>RI</state>
        <fullName>Sen. Reed, Jack [D-RI]</fullName>
        <isOriginalCosponsor>True</isOriginalCosponsor>
        <party>D</party>
        <sponsorshipWithdrawnDate />
        <firstName>JOHN</firstName>
        <lastName>REED</lastName>
        <sponsorshipDate>2018-01-29</sponsorshipDate>
      </item>
      <item>
        <middleName>F.</middleName>
        <bioguideId>W000437</bioguideId>
        <identifiers>
          <bioguideId>W000437</bioguideId>
          <lisID>1226</lisID>
          <gpoId>8263</gpoId>
        </identifiers>
        <state>MS</state>
        <fullName>Sen. Wicker, Roger F. [R-MS]</fullName>
        <isOriginalCosponsor>True</isOriginalCosponsor>
        <party>R</party>
        <sponsorshipWithdrawnDate />
        <firstName>ROGER</firstName>
        <lastName>WICKER</lastName>
        <sponsorshipDate>2018-01-29</sponsorshipDate>
      </item>
      <item>
        <middleName />
        <bioguideId>S001198</bioguideId>
        <identifiers>
          <lisID>2290</lisID>
          <bioguideId>S001198</bioguideId>
          <gpoId />
        </identifiers>
        <state>AK</state>
        <fullName>Sen. Sullivan, Dan  [R-AK]</fullName>
        <isOriginalCosponsor>False</isOriginalCosponsor>
        <party>R</party>
        <sponsorshipWithdrawnDate />
        <firstName>Dan</firstName>
        <lastName>Sullivan</lastName>
        <sponsorshipDate>2018-02-12</sponsorshipDate>
      </item>
    </cosponsors>
    <summaries>
      <billSummaries>
        <item>
          <versionCode>00</versionCode>
          <actionDate>2018-01-29</actionDate>
          <actionDesc>Introduced in Senate</actionDesc>
          <name>Introduced in Senate</name>
          <lastSummaryUpdateDate>2018-03-13T18:00:11Z</lastSummaryUpdateDate>
          <text><![CDATA[<p>Reaffirms the U.S. commitment to the Republic of Korea to support, participate in, and help ensure the security of the 23rd Olympic Winter Games. </p> <p>Recognizes the importance of such games as a leading international sporting event that can contribute to peace and prosperity on the Korean Peninsula, in Northeast Asia, and around the world.</p> <p>Reaffirms that the United States, the Republic of Korea, and other partners remain committed to pursuing the policy of maximum pressure and engagement toward the Democratic People's Republic of Korea (DPRK). </p> <p>Expresses hope that the games will contribute to the decision by the DPRK to engage in negotiations that will result in complete, verifiable, and irreversible denuclearization of the Korean Peninsula. <p> Wishes the Republic of Korea success in preparing for and hosting such games.</p>]]></text>
          <updateDate>2018-01-29T05:00:00Z</updateDate>
        </item>
      </billSummaries>
    </summaries>
    <committees>
      <billCommittees>
        <item>
          <subcommittees />
          <systemCode>ssfr00</systemCode>
          <name>Foreign Relations Committee</name>
          <activities>
            <item>
              <date>2018-01-30T00:17:42Z</date>
              <name>Referred to</name>
            </item>
          </activities>
          <type>Standing</type>
          <chamber>Senate</chamber>
        </item>
      </billCommittees>
    </committees>
    <notes />
    <amendments />
    <recordedVotes />
    <createDate>2018-01-30T00:26:00Z</createDate>
    <sponsors>
      <item>
        <bioguideId>G000562</bioguideId>
        <party>R</party>
        <firstName>Cory</firstName>
        <fullName>Sen. Gardner, Cory [R-CO]</fullName>
        <state>CO</state>
        <lastName>Gardner</lastName>
        <middleName />
        <identifiers>
          <lisID>1998</lisID>
          <bioguideId>G000562</bioguideId>
          <gpoId>7862</gpoId>
        </identifiers>
        <byRequestType />
      </item>
    </sponsors>
    <titles>
      <item>
        <titleType>Official Title as Introduced</titleType>
        <title>A resolution congratulating the Republic of Korea for hosting the 2018 Winter Olympic Games and supporting the alliance between the United States and the Republic of Korea.</title>
        <parentTitleType />
        <chamberCode />
        <chamberName />
      </item>
      <item>
        <titleType>Display Title</titleType>
        <title>A resolution congratulating the Republic of Korea for hosting the 2018 Winter Olympic Games and supporting the alliance between the United States and the Republic of Korea.</title>
        <parentTitleType />
        <chamberCode />
        <chamberName />
      </item>
    </titles>
  </bill>
  <dublinCore xmlns:dc="http://purl.org/dc/elements/1.1/">
    <dc:format>text/xml</dc:format>
    <dc:language>EN</dc:language>
    <dc:rights>Pursuant to Title 17 Section 105 of the United States Code, this file is not subject to copyright protection and is in the public domain.</dc:rights>
    <dc:contributor>Congressional Research Service, Library of Congress</dc:contributor>
    <dc:description>This file contains bill summaries and statuses for federal legislation. A bill summary describes the most significant provisions of a piece of legislation and details the effects the legislative text may have on current law and federal programs. Bill summaries are authored by the Congressional Research Service (CRS) of the Library of Congress. As stated in Public Law 91-510 (2 USC 166 (d)(6)), one of the duties of CRS is "to prepare summaries and digests of bills and resolutions of a public general nature introduced in the Senate or House of Representatives". For more information, refer to the User Guide that accompanies this file.</dc:description>
  </dublinCore>
</billStatus>

