<?xml version="1.0" encoding="UTF-8"?>
<billStatus>
  <bill>
    <committees>
      <billCommittees>
        <item>
          <chamber>Senate</chamber>
          <systemCode>sshr00</systemCode>
          <subcommittees />
          <type>Standing</type>
          <name>Health, Education, Labor, and Pensions Committee</name>
          <activities>
            <item>
              <name>Discharged from</name>
              <date>2017-12-22T02:57:57Z</date>
            </item>
            <item>
              <name>Referred to</name>
              <date>2017-11-16T21:43:25Z</date>
            </item>
          </activities>
        </item>
      </billCommittees>
    </committees>
    <actions>
      <actionTypeCounts>
        <committeeDischarged>1</committeeDischarged>
        <senateCommitteeDischarged>1</senateCommitteeDischarged>
        <referredToCommittee>1</referredToCommittee>
        <agreedToInSenate>1</agreedToInSenate>
        <introducedInSenate>1</introducedInSenate>
        <passedAgreedToInSenate>1</passedAgreedToInSenate>
        <measureLaidBeforeSenate>1</measureLaidBeforeSenate>
      </actionTypeCounts>
      <item>
        <actionDate>2017-12-21</actionDate>
        <committee />
        <links>
          <link>
            <name>S8278</name>
            <url>https://www.congress.gov/congressional-record/volume-163/senate-section/page/S8278</url>
          </link>
        </links>
        <sourceSystem>
          <name>Senate</name>
          <code>0</code>
        </sourceSystem>
        <text>Resolution agreed to in Senate with amendments and an amended preamble by Unanimous Consent. (text: CR S8278)</text>
        <type>Floor</type>
      </item>
      <item>
        <actionDate>2017-12-21</actionDate>
        <actionCode>17000</actionCode>
        <committee />
        <text>Passed/agreed to in Senate: Resolution agreed to in Senate with amendments and an amended preamble by Unanimous Consent.(text: CR S8278)</text>
        <links>
          <link>
            <name>S8278</name>
            <url>https://www.congress.gov/congressional-record/volume-163/senate-section/page/S8278</url>
          </link>
        </links>
        <type>Floor</type>
        <sourceSystem>
          <name>Library of Congress</name>
          <code>9</code>
        </sourceSystem>
      </item>
      <item>
        <actionDate>2017-12-21</actionDate>
        <committee />
        <links />
        <sourceSystem>
          <name>Senate</name>
          <code>0</code>
        </sourceSystem>
        <text>Measure laid before Senate by unanimous consent.</text>
        <type>Floor</type>
      </item>
      <item>
        <actionDate>2017-12-21</actionDate>
        <committee>
          <systemCode>sshr00</systemCode>
          <name>Health, Education, Labor, and Pensions Committee</name>
        </committee>
        <links>
          <link>
            <name>S8278</name>
            <url>https://www.congress.gov/congressional-record/volume-163/senate-section/page/S8278</url>
          </link>
        </links>
        <sourceSystem>
          <name>Senate</name>
          <code>0</code>
        </sourceSystem>
        <text>Senate Committee on Health, Education, Labor, and Pensions discharged by Unanimous Consent. (consideration: CR S8278)</text>
        <type>Discharge</type>
      </item>
      <item>
        <actionDate>2017-12-21</actionDate>
        <actionCode>14500</actionCode>
        <committee>
          <systemCode>sshr00</systemCode>
          <name>Health, Education, Labor, and Pensions Committee</name>
        </committee>
        <text>Senate Committee on Health, Education, Labor, and Pensions discharged by Unanimous Consent.(consideration: CR S8278)</text>
        <links>
          <link>
            <name>S8278</name>
            <url>https://www.congress.gov/congressional-record/volume-163/senate-section/page/S8278</url>
          </link>
        </links>
        <type>Committee</type>
        <sourceSystem>
          <name>Library of Congress</name>
          <code>9</code>
        </sourceSystem>
      </item>
      <item>
        <actionDate>2017-11-16</actionDate>
        <committee>
          <systemCode>sshr00</systemCode>
          <name>Health, Education, Labor, and Pensions Committee</name>
        </committee>
        <links>
          <link>
            <name>S7303</name>
            <url>https://www.congress.gov/congressional-record/volume-163/senate-section/page/S7303</url>
          </link>
        </links>
        <sourceSystem>
          <name>Senate</name>
          <code>0</code>
        </sourceSystem>
        <text>Referred to the Committee on Health, Education, Labor, and Pensions. (text of measure as introduced: CR S7303)</text>
        <type>IntroReferral</type>
      </item>
      <item>
        <actionDate>2017-11-16</actionDate>
        <actionCode>10000</actionCode>
        <committee />
        <text>Introduced in Senate</text>
        <links />
        <type>IntroReferral</type>
        <sourceSystem>
          <name>Library of Congress</name>
          <code>9</code>
        </sourceSystem>
      </item>
      <actionByCounts>
        <senate>7</senate>
      </actionByCounts>
    </actions>
    <recordedVotes />
    <laws />
    <calendarNumbers />
    <titles>
      <item>
        <parentTitleType />
        <titleType>Official Title as Introduced</titleType>
        <chamberCode />
        <title>A resolution recognizing the seriousness of Polycystic Ovary Syndrome and expressing support for the designation of the month of September 2018 as "Polycystic Ovary Syndrome Awareness Month".</title>
        <chamberName />
      </item>
      <item>
        <parentTitleType />
        <titleType>Display Title</titleType>
        <chamberCode />
        <title>A resolution recognizing the seriousness of Polycystic Ovary Syndrome and expressing support for the designation of the month of September 2018 as "Polycystic Ovary Syndrome Awareness Month".</title>
        <chamberName />
      </item>
    </titles>
    <cosponsors>
      <item>
        <fullName>Sen. Perdue, David [R-GA]</fullName>
        <firstName>David</firstName>
        <lastName>Perdue</lastName>
        <identifiers>
          <bioguideId>P000612</bioguideId>
          <lisID>2286</lisID>
          <gpoId />
        </identifiers>
        <state>GA</state>
        <bioguideId>P000612</bioguideId>
        <sponsorshipWithdrawnDate />
        <party>R</party>
        <isOriginalCosponsor>True</isOriginalCosponsor>
        <sponsorshipDate>2017-11-16</sponsorshipDate>
        <middleName>Alfred</middleName>
      </item>
      <item>
        <fullName>Sen. Baldwin, Tammy [D-WI]</fullName>
        <firstName>TAMMY</firstName>
        <lastName>BALDWIN</lastName>
        <identifiers>
          <bioguideId>B001230</bioguideId>
          <gpoId>8215</gpoId>
          <lisID>1558</lisID>
        </identifiers>
        <state>WI</state>
        <bioguideId>B001230</bioguideId>
        <sponsorshipWithdrawnDate />
        <party>D</party>
        <isOriginalCosponsor>True</isOriginalCosponsor>
        <sponsorshipDate>2017-11-16</sponsorshipDate>
        <middleName />
      </item>
      <item>
        <fullName>Sen. Blumenthal, Richard [D-CT]</fullName>
        <firstName>Richard</firstName>
        <lastName>Blumenthal</lastName>
        <identifiers>
          <lisID>2076</lisID>
          <bioguideId>B001277</bioguideId>
          <gpoId>8332</gpoId>
        </identifiers>
        <state>CT</state>
        <bioguideId>B001277</bioguideId>
        <sponsorshipWithdrawnDate />
        <party>D</party>
        <isOriginalCosponsor>True</isOriginalCosponsor>
        <sponsorshipDate>2017-11-16</sponsorshipDate>
        <middleName />
      </item>
      <item>
        <fullName>Sen. Booker, Cory A. [D-NJ]</fullName>
        <firstName>Cory</firstName>
        <lastName>Booker</lastName>
        <identifiers>
          <gpoId />
          <lisID>2194</lisID>
          <bioguideId>B001288</bioguideId>
        </identifiers>
        <state>NJ</state>
        <bioguideId>B001288</bioguideId>
        <sponsorshipWithdrawnDate />
        <party>D</party>
        <isOriginalCosponsor>True</isOriginalCosponsor>
        <sponsorshipDate>2017-11-16</sponsorshipDate>
        <middleName>A.</middleName>
      </item>
      <item>
        <fullName>Sen. Feinstein, Dianne [D-CA]</fullName>
        <firstName>DIANNE</firstName>
        <lastName>FEINSTEIN</lastName>
        <identifiers>
          <gpoId>8338</gpoId>
          <lisID>1332</lisID>
          <bioguideId>F000062</bioguideId>
        </identifiers>
        <state>CA</state>
        <bioguideId>F000062</bioguideId>
        <sponsorshipWithdrawnDate />
        <party>D</party>
        <isOriginalCosponsor>True</isOriginalCosponsor>
        <sponsorshipDate>2017-11-16</sponsorshipDate>
        <middleName />
      </item>
      <item>
        <fullName>Sen. Isakson, Johnny [R-GA]</fullName>
        <firstName>Johnny</firstName>
        <lastName>Isakson</lastName>
        <identifiers>
          <lisID>1608</lisID>
          <gpoId>8323</gpoId>
          <bioguideId>I000055</bioguideId>
        </identifiers>
        <state>GA</state>
        <bioguideId>I000055</bioguideId>
        <sponsorshipWithdrawnDate />
        <party>R</party>
        <isOriginalCosponsor>True</isOriginalCosponsor>
        <sponsorshipDate>2017-11-16</sponsorshipDate>
        <middleName />
      </item>
      <item>
        <fullName>Sen. Fischer, Deb [R-NE]</fullName>
        <firstName>Deb</firstName>
        <lastName>Fischer</lastName>
        <identifiers>
          <lisID>2179</lisID>
          <gpoId />
          <bioguideId>F000463</bioguideId>
        </identifiers>
        <state>NE</state>
        <bioguideId>F000463</bioguideId>
        <sponsorshipWithdrawnDate />
        <party>R</party>
        <isOriginalCosponsor>False</isOriginalCosponsor>
        <sponsorshipDate>2017-11-30</sponsorshipDate>
        <middleName />
      </item>
    </cosponsors>
    <cboCostEstimates />
    <latestAction>
      <text>Resolution agreed to in Senate with amendments and an amended preamble by Unanimous Consent. (text: CR S8278)</text>
      <links />
      <actionDate>2017-12-21</actionDate>
    </latestAction>
    <updateDate>2018-08-28T20:21:18Z</updateDate>
    <version>1.0.0</version>
    <policyArea>
      <name>Health</name>
    </policyArea>
    <billType>SRES</billType>
    <billNumber>336</billNumber>
    <originChamber>Senate</originChamber>
    <relatedBills>
      <item>
        <congress>115</congress>
        <latestAction>
          <actionDate>2018-04-27</actionDate>
          <text>Referred to the House Committee on Energy and Commerce.</text>
        </latestAction>
        <relationshipDetails>
          <item>
            <type>Related bill</type>
            <identifiedBy>CRS</identifiedBy>
          </item>
        </relationshipDetails>
        <type>HRES</type>
        <latestTitle>Recognizing the seriousness of Polycystic Ovary Syndrome (PCOS) and expressing support for the designation of the month of September 2018 as "PCOS Awareness Month".</latestTitle>
        <number>864</number>
      </item>
      <item>
        <congress>115</congress>
        <latestAction>
          <actionDate>2017-08-04</actionDate>
          <text>Referred to the Subcommittee on Health.</text>
        </latestAction>
        <relationshipDetails>
          <item>
            <type>Related bill</type>
            <identifiedBy>CRS</identifiedBy>
          </item>
        </relationshipDetails>
        <type>HRES</type>
        <latestTitle>Recognizing the seriousness of Polycystic Ovary Syndrome (PCOS) and expressing support for the designation of the month of September 2017 as "PCOS Awareness Month".</latestTitle>
        <number>495</number>
      </item>
    </relatedBills>
    <title>A resolution recognizing the seriousness of Polycystic Ovary Syndrome and expressing support for the designation of the month of September 2018 as "Polycystic Ovary Syndrome Awareness Month".</title>
    <congress>115</congress>
    <summaries>
      <billSummaries>
        <item>
          <actionDesc>Introduced in Senate</actionDesc>
          <name>Introduced in Senate</name>
          <text><![CDATA[<p>Expresses support for the goals and ideals of Polycystic Ovary Syndrome (PCOS) Awareness Month. (PCOS is caused by a hormone imbalance. Symptoms can include infertility, weight gain, excess hair growth, and acne.)</p> <p>Recognizes the need for further research, improved treatment and care options, and a cure for PCOS.</p> <p>Acknowledges the struggles affecting all women and girls afflicted with PCOS.</p>]]></text>
          <versionCode>00</versionCode>
          <lastSummaryUpdateDate>2017-12-18T20:28:13Z</lastSummaryUpdateDate>
          <updateDate>2017-11-16T05:00:00Z</updateDate>
          <actionDate>2017-11-16</actionDate>
        </item>
        <item>
          <actionDesc>Passed Senate amended</actionDesc>
          <name>Passed Senate amended</name>
          <text><![CDATA[<p>Expresses support for the goals and ideals of Polycystic Ovary Syndrome (PCOS) Awareness Month. (PCOS is caused by a hormone imbalance. Symptoms can include infertility, weight gain, excess hair growth, and acne.)</p> <p>Recognizes the need for further research, improved treatment and care options, and a cure for PCOS.</p> <p>Acknowledges the struggles affecting all women and girls afflicted with PCOS.</p>]]></text>
          <versionCode>35</versionCode>
          <lastSummaryUpdateDate>2018-02-12T21:03:27Z</lastSummaryUpdateDate>
          <updateDate>2017-12-21T16:31:21Z</updateDate>
          <actionDate>2017-12-21</actionDate>
        </item>
      </billSummaries>
    </summaries>
    <subjects>
      <billSubjects>
        <legislativeSubjects />
        <policyArea>
          <name>Health</name>
        </policyArea>
      </billSubjects>
    </subjects>
    <committeeReports />
    <introducedDate>2017-11-16</introducedDate>
    <sponsors>
      <item>
        <bioguideId>W000817</bioguideId>
        <middleName>A.</middleName>
        <byRequestType />
        <fullName>Sen. Warren, Elizabeth [D-MA]</fullName>
        <lastName>Warren</lastName>
        <state>MA</state>
        <party>D</party>
        <identifiers>
          <bioguideId>W000817</bioguideId>
          <lisID>2182</lisID>
          <gpoId />
        </identifiers>
        <firstName>Elizabeth</firstName>
      </item>
    </sponsors>
    <notes />
    <createDate>2017-11-17T00:41:18Z</createDate>
    <amendments>
      <amendment>
        <purpose>To amend the preamble.</purpose>
        <congress>115</congress>
        <latestAction>
          <actionDate>2017-12-21</actionDate>
          <text>Amendment SA 1867 agreed to in Senate by Unanimous Consent.</text>
        </latestAction>
        <type>SAMDT</type>
        <description />
        <number>1867</number>
        <cosponsors>
          <totalCount>0</totalCount>
          <currentCount>0</currentCount>
        </cosponsors>
        <amendments>
          <count>0</count>
        </amendments>
        <links />
        <congress>115</congress>
        <updateDate>2018-08-28T20:21:18Z</updateDate>
        <version>1.0.0</version>
        <createDate>2017-12-22T05:46:08Z</createDate>
        <description />
        <chamber>Senate</chamber>
        <number>1867</number>
        <notes />
        <proposedDate>2017-12-21T05:00:00Z</proposedDate>
        <sponsors>
          <item>
            <middleName>A.</middleName>
            <bioguideId>W000817</bioguideId>
            <fullName>Sen. Warren, Elizabeth [D-MA]</fullName>
            <identifiers>
              <bioguideId>W000817</bioguideId>
              <lisID>2182</lisID>
              <gpoId />
            </identifiers>
            <state>MA</state>
            <firstName>Elizabeth</firstName>
            <party>D</party>
            <lastName>Warren</lastName>
          </item>
        </sponsors>
        <amendedAmendment />
        <purpose>To amend the preamble.</purpose>
        <submittedDate>2017-12-21T05:00:00Z</submittedDate>
        <actions>
          <actions>
            <item>
              <actionDate>2017-12-21</actionDate>
              <committee />
              <links>
                <link>
                  <name>S.Amdt.1867</name>
                  <url>https://www.congress.gov/amendment/115th-congress/senate-amendment/1867</url>
                </link>
                <link>
                  <name>SA 1867</name>
                  <url>https://www.congress.gov/amendment/115th-congress/senate-amendment/1867</url>
                </link>
              </links>
              <sourceSystem>
                <code>0</code>
                <name>Senate</name>
              </sourceSystem>
              <text>Amendment SA 1867 agreed to in Senate by Unanimous Consent.</text>
              <type>Floor</type>
            </item>
            <item>
              <actionDate>2017-12-21</actionDate>
              <committee />
              <links>
                <link>
                  <name>S.Amdt.1867</name>
                  <url>https://www.congress.gov/amendment/115th-congress/senate-amendment/1867</url>
                </link>
                <link>
                  <name>SA 1867</name>
                  <url>https://www.congress.gov/amendment/115th-congress/senate-amendment/1867</url>
                </link>
              </links>
              <sourceSystem>
                <code>0</code>
                <name>Senate</name>
              </sourceSystem>
              <text>Amendment SA 1867 proposed by Senator McConnell for Senator Warren. To amend the preamble.</text>
              <type>Floor</type>
            </item>
            <item>
              <actionDate>2017-12-21</actionDate>
              <committee />
              <links />
              <text />
            </item>
            <item>
              <text>Senate amendment agreed to: Amendment SA 1867 agreed to in Senate by Unanimous Consent.</text>
              <type>Floor</type>
              <committee />
              <actionDate>2017-12-21</actionDate>
              <links>
                <link>
                  <name>S.Amdt.1867</name>
                  <url>https://www.congress.gov/amendment/115th-congress/senate-amendment/1867</url>
                </link>
                <link>
                  <name>SA 1867</name>
                  <url>https://www.congress.gov/amendment/115th-congress/senate-amendment/1867</url>
                </link>
              </links>
              <actionCode>94000</actionCode>
              <sourceSystem>
                <code>9</code>
                <name>Library of Congress</name>
              </sourceSystem>
            </item>
            <item>
              <text>Senate amendment proposed (on the floor): Amendment SA 1867 proposed by Senator McConnell for Senator Warren.</text>
              <type>Floor</type>
              <committee />
              <actionDate>2017-12-21</actionDate>
              <links>
                <link>
                  <name>S.Amdt.1867</name>
                  <url>https://www.congress.gov/amendment/115th-congress/senate-amendment/1867</url>
                </link>
                <link>
                  <name>SA 1867</name>
                  <url>https://www.congress.gov/amendment/115th-congress/senate-amendment/1867</url>
                </link>
              </links>
              <actionCode>93000</actionCode>
              <sourceSystem>
                <code>9</code>
                <name>Library of Congress</name>
              </sourceSystem>
            </item>
            <item>
              <text>Senate amendment submitted</text>
              <type>Floor</type>
              <committee />
              <actionDate>2017-12-21</actionDate>
              <links />
              <actionCode>91000</actionCode>
              <sourceSystem>
                <code>9</code>
                <name>Library of Congress</name>
              </sourceSystem>
            </item>
          </actions>
          <actionByCounts>
            <senate>5</senate>
          </actionByCounts>
          <actionTypeCounts>
            <senateAmendmentSubmitted>1</senateAmendmentSubmitted>
            <amendmentProposed>1</amendmentProposed>
            <senateAmendmentProposedOnTheFloor>1</senateAmendmentProposedOnTheFloor>
            <senateAmendmentAgreedTo>1</senateAmendmentAgreedTo>
            <amendmentAgreedTo>1</amendmentAgreedTo>
          </actionTypeCounts>
          <count>6</count>
        </actions>
        <amendedBill>
          <originChamberCode>S</originChamberCode>
          <congress>115</congress>
          <title>A resolution recognizing the seriousness of Polycystic Ovary Syndrome and expressing support for the designation of the month of September 2018 as "Polycystic Ovary Syndrome Awareness Month".</title>
          <number>336</number>
          <type>SRES</type>
          <originChamber>Senate</originChamber>
        </amendedBill>
        <type>SAMDT</type>
        <titles />
      </amendment>
      <amendment>
        <purpose>To amend the resolving clause.</purpose>
        <congress>115</congress>
        <latestAction>
          <actionDate>2017-12-21</actionDate>
          <text>Amendment SA 1866 agreed to in Senate by Unanimous Consent.</text>
        </latestAction>
        <type>SAMDT</type>
        <description />
        <number>1866</number>
        <titles />
        <notes />
        <description />
        <submittedDate>2017-12-21T05:00:00Z</submittedDate>
        <purpose>To amend the resolving clause.</purpose>
        <cosponsors>
          <totalCount>0</totalCount>
          <currentCount>0</currentCount>
        </cosponsors>
        <amendments>
          <count>0</count>
        </amendments>
        <createDate>2017-12-22T05:46:08Z</createDate>
        <actions>
          <count>6</count>
          <actionByCounts>
            <senate>5</senate>
          </actionByCounts>
          <actions>
            <item>
              <actionDate>2017-12-21</actionDate>
              <committee />
              <links>
                <link>
                  <url>https://www.congress.gov/amendment/115th-congress/senate-amendment/1866</url>
                  <name>S.Amdt.1866</name>
                </link>
                <link>
                  <url>https://www.congress.gov/amendment/115th-congress/senate-amendment/1866</url>
                  <name>SA 1866</name>
                </link>
              </links>
              <sourceSystem>
                <code>0</code>
                <name>Senate</name>
              </sourceSystem>
              <text>Amendment SA 1866 agreed to in Senate by Unanimous Consent.</text>
              <type>Floor</type>
            </item>
            <item>
              <actionDate>2017-12-21</actionDate>
              <committee />
              <links>
                <link>
                  <url>https://www.congress.gov/amendment/115th-congress/senate-amendment/1866</url>
                  <name>S.Amdt.1866</name>
                </link>
                <link>
                  <url>https://www.congress.gov/amendment/115th-congress/senate-amendment/1866</url>
                  <name>SA 1866</name>
                </link>
              </links>
              <sourceSystem>
                <code>0</code>
                <name>Senate</name>
              </sourceSystem>
              <text>Amendment SA 1866 proposed by Senator McConnell for Senator Warren. To amend the resolving clause.</text>
              <type>Floor</type>
            </item>
            <item>
              <actionDate>2017-12-21</actionDate>
              <committee />
              <links />
              <text />
            </item>
            <item>
              <committee />
              <links>
                <link>
                  <url>https://www.congress.gov/amendment/115th-congress/senate-amendment/1866</url>
                  <name>S.Amdt.1866</name>
                </link>
                <link>
                  <url>https://www.congress.gov/amendment/115th-congress/senate-amendment/1866</url>
                  <name>SA 1866</name>
                </link>
              </links>
              <type>Floor</type>
              <text>Senate amendment agreed to: Amendment SA 1866 agreed to in Senate by Unanimous Consent.</text>
              <actionDate>2017-12-21</actionDate>
              <actionCode>94000</actionCode>
              <sourceSystem>
                <code>9</code>
                <name>Library of Congress</name>
              </sourceSystem>
            </item>
            <item>
              <committee />
              <links>
                <link>
                  <url>https://www.congress.gov/amendment/115th-congress/senate-amendment/1866</url>
                  <name>S.Amdt.1866</name>
                </link>
                <link>
                  <url>https://www.congress.gov/amendment/115th-congress/senate-amendment/1866</url>
                  <name>SA 1866</name>
                </link>
              </links>
              <type>Floor</type>
              <text>Senate amendment proposed (on the floor): Amendment SA 1866 proposed by Senator McConnell for Senator Warren.</text>
              <actionDate>2017-12-21</actionDate>
              <actionCode>93000</actionCode>
              <sourceSystem>
                <code>9</code>
                <name>Library of Congress</name>
              </sourceSystem>
            </item>
            <item>
              <committee />
              <links />
              <type>Floor</type>
              <text>Senate amendment submitted</text>
              <actionDate>2017-12-21</actionDate>
              <actionCode>91000</actionCode>
              <sourceSystem>
                <code>9</code>
                <name>Library of Congress</name>
              </sourceSystem>
            </item>
          </actions>
          <actionTypeCounts>
            <senateAmendmentSubmitted>1</senateAmendmentSubmitted>
            <senateAmendmentAgreedTo>1</senateAmendmentAgreedTo>
            <amendmentProposed>1</amendmentProposed>
            <amendmentAgreedTo>1</amendmentAgreedTo>
            <senateAmendmentProposedOnTheFloor>1</senateAmendmentProposedOnTheFloor>
          </actionTypeCounts>
        </actions>
        <type>SAMDT</type>
        <number>1866</number>
        <chamber>Senate</chamber>
        <amendedAmendment />
        <version>1.0.0</version>
        <amendedBill>
          <originChamberCode>S</originChamberCode>
          <originChamber>Senate</originChamber>
          <number>336</number>
          <type>SRES</type>
          <title>A resolution recognizing the seriousness of Polycystic Ovary Syndrome and expressing support for the designation of the month of September 2018 as "Polycystic Ovary Syndrome Awareness Month".</title>
          <congress>115</congress>
        </amendedBill>
        <links />
        <updateDate>2018-08-28T20:21:18Z</updateDate>
        <sponsors>
          <item>
            <fullName>Sen. Warren, Elizabeth [D-MA]</fullName>
            <party>D</party>
            <bioguideId>W000817</bioguideId>
            <identifiers>
              <bioguideId>W000817</bioguideId>
              <lisID>2182</lisID>
              <gpoId />
            </identifiers>
            <lastName>Warren</lastName>
            <middleName>A.</middleName>
            <firstName>Elizabeth</firstName>
            <state>MA</state>
          </item>
        </sponsors>
        <congress>115</congress>
        <proposedDate>2017-12-21T05:00:00Z</proposedDate>
      </amendment>
    </amendments>
  </bill>
  <dublinCore xmlns:dc="http://purl.org/dc/elements/1.1/">
    <dc:format>text/xml</dc:format>
    <dc:language>EN</dc:language>
    <dc:rights>Pursuant to Title 17 Section 105 of the United States Code, this file is not subject to copyright protection and is in the public domain.</dc:rights>
    <dc:contributor>Congressional Research Service, Library of Congress</dc:contributor>
    <dc:description>This file contains bill summaries and statuses for federal legislation. A bill summary describes the most significant provisions of a piece of legislation and details the effects the legislative text may have on current law and federal programs. Bill summaries are authored by the Congressional Research Service (CRS) of the Library of Congress. As stated in Public Law 91-510 (2 USC 166 (d)(6)), one of the duties of CRS is "to prepare summaries and digests of bills and resolutions of a public general nature introduced in the Senate or House of Representatives". For more information, refer to the User Guide that accompanies this file.</dc:description>
  </dublinCore>
</billStatus>

