<?xml version="1.0" encoding="UTF-8"?>
<billStatus>
  <bill>
    <title>A resolution commending the University of Central Missouri Jennies for winning the national championship in the National Collegiate Athletic Association Division II tournament.</title>
    <originChamber>Senate</originChamber>
    <updateDate>2018-08-28T20:21:38Z</updateDate>
    <calendarNumbers />
    <subjects>
      <billSubjects>
        <legislativeSubjects />
        <policyArea>
          <name>Sports and Recreation</name>
        </policyArea>
      </billSubjects>
    </subjects>
    <version>1.0.0</version>
    <billType>SRES</billType>
    <latestAction>
      <text>Submitted in the Senate, considered, and agreed to without amendment and with a preamble by Unanimous Consent. (consideration: CR S2128; text: CR S2126-2127)</text>
      <links />
      <actionDate>2018-04-12</actionDate>
    </latestAction>
    <policyArea>
      <name>Sports and Recreation</name>
    </policyArea>
    <relatedBills />
    <introducedDate>2018-04-12</introducedDate>
    <actions>
      <actionTypeCounts>
        <introducedInSenate>1</introducedInSenate>
        <passedAgreedToInSenate>1</passedAgreedToInSenate>
        <passedOrAgreedToInSenateDayOf>1</passedOrAgreedToInSenateDayOf>
      </actionTypeCounts>
      <item>
        <actionDate>2018-04-12</actionDate>
        <committee />
        <links>
          <link>
            <name>S2126-2127</name>
            <url>https://www.congress.gov/congressional-record/volume-164/senate-section/page/S2126-2127</url>
          </link>
          <link>
            <name>S2128</name>
            <url>https://www.congress.gov/congressional-record/volume-164/senate-section/page/S2128</url>
          </link>
        </links>
        <sourceSystem>
          <name>Senate</name>
          <code>0</code>
        </sourceSystem>
        <text>Submitted in the Senate, considered, and agreed to without amendment and with a preamble by Unanimous Consent. (consideration: CR S2128; text: CR S2126-2127)</text>
        <type>Floor</type>
      </item>
      <item>
        <actionDate>2018-04-12</actionDate>
        <actionCode>17000</actionCode>
        <committee />
        <text>Passed/agreed to in Senate: Submitted in the Senate, considered, and agreed to without amendment and with a preamble by Unanimous Consent.(consideration: CR S2128; text: CR S2126-2127)</text>
        <links>
          <link>
            <name>S2126-2127</name>
            <url>https://www.congress.gov/congressional-record/volume-164/senate-section/page/S2126-2127</url>
          </link>
          <link>
            <name>S2128</name>
            <url>https://www.congress.gov/congressional-record/volume-164/senate-section/page/S2128</url>
          </link>
        </links>
        <type>Floor</type>
        <sourceSystem>
          <name>Library of Congress</name>
          <code>9</code>
        </sourceSystem>
      </item>
      <item>
        <actionDate>2018-04-12</actionDate>
        <actionCode>10000</actionCode>
        <committee />
        <text>Introduced in Senate</text>
        <links />
        <type>IntroReferral</type>
        <sourceSystem>
          <name>Library of Congress</name>
          <code>9</code>
        </sourceSystem>
      </item>
      <actionByCounts>
        <senate>3</senate>
      </actionByCounts>
    </actions>
    <laws />
    <congress>115</congress>
    <committeeReports />
    <billNumber>461</billNumber>
    <cboCostEstimates />
    <cosponsors>
      <item>
        <lastName>McCaskill</lastName>
        <middleName />
        <sponsorshipWithdrawnDate />
        <bioguideId>M001170</bioguideId>
        <fullName>Sen. McCaskill, Claire [D-MO]</fullName>
        <identifiers>
          <lisID>1820</lisID>
          <gpoId>8252</gpoId>
          <bioguideId>M001170</bioguideId>
        </identifiers>
        <sponsorshipDate>2018-04-12</sponsorshipDate>
        <state>MO</state>
        <firstName>Claire</firstName>
        <isOriginalCosponsor>True</isOriginalCosponsor>
        <party>D</party>
      </item>
    </cosponsors>
    <summaries>
      <billSummaries />
    </summaries>
    <committees>
      <billCommittees />
    </committees>
    <notes />
    <amendments />
    <recordedVotes />
    <createDate>2018-04-13T04:25:58Z</createDate>
    <sponsors>
      <item>
        <bioguideId>B000575</bioguideId>
        <party>R</party>
        <firstName>Roy</firstName>
        <fullName>Sen. Blunt, Roy [R-MO]</fullName>
        <state>MO</state>
        <lastName>Blunt</lastName>
        <middleName />
        <identifiers>
          <gpoId>8313</gpoId>
          <lisID>1464</lisID>
          <bioguideId>B000575</bioguideId>
        </identifiers>
        <byRequestType />
      </item>
    </sponsors>
    <titles>
      <item>
        <chamberCode />
        <titleType>Official Title as Introduced</titleType>
        <parentTitleType />
        <chamberName />
        <title>A resolution commending the University of Central Missouri Jennies for winning the national championship in the National Collegiate Athletic Association Division II tournament.</title>
      </item>
      <item>
        <chamberCode />
        <titleType>Display Title</titleType>
        <parentTitleType />
        <chamberName />
        <title>A resolution commending the University of Central Missouri Jennies for winning the national championship in the National Collegiate Athletic Association Division II tournament.</title>
      </item>
    </titles>
  </bill>
  <dublinCore xmlns:dc="http://purl.org/dc/elements/1.1/">
    <dc:format>text/xml</dc:format>
    <dc:language>EN</dc:language>
    <dc:rights>Pursuant to Title 17 Section 105 of the United States Code, this file is not subject to copyright protection and is in the public domain.</dc:rights>
    <dc:contributor>Congressional Research Service, Library of Congress</dc:contributor>
    <dc:description>This file contains bill summaries and statuses for federal legislation. A bill summary describes the most significant provisions of a piece of legislation and details the effects the legislative text may have on current law and federal programs. Bill summaries are authored by the Congressional Research Service (CRS) of the Library of Congress. As stated in Public Law 91-510 (2 USC 166 (d)(6)), one of the duties of CRS is "to prepare summaries and digests of bills and resolutions of a public general nature introduced in the Senate or House of Representatives". For more information, refer to the User Guide that accompanies this file.</dc:description>
  </dublinCore>
</billStatus>

