<?xml version="1.0" encoding="UTF-8"?>
<billStatus>
  <bill>
    <committeeReports />
    <updateDate>2018-08-28T20:20:54Z</updateDate>
    <laws />
    <billType>SRES</billType>
    <subjects>
      <billSubjects>
        <policyArea>
          <name>Crime and Law Enforcement</name>
        </policyArea>
        <legislativeSubjects>
          <item>
            <name>Congressional tributes</name>
          </item>
          <item>
            <name>Crime victims</name>
          </item>
          <item>
            <name>Emergency medical services and trauma care</name>
          </item>
          <item>
            <name>First responders and emergency personnel</name>
          </item>
          <item>
            <name>Florida</name>
          </item>
          <item>
            <name>Hate crimes</name>
          </item>
          <item>
            <name>Iraq</name>
          </item>
          <item>
            <name>Law enforcement officers</name>
          </item>
          <item>
            <name>Middle East</name>
          </item>
          <item>
            <name>Racial and ethnic relations</name>
          </item>
          <item>
            <name>Religion</name>
          </item>
          <item>
            <name>Sex, gender, sexual orientation discrimination</name>
          </item>
          <item>
            <name>Terrorism</name>
          </item>
          <item>
            <name>Violent crime</name>
          </item>
        </legislativeSubjects>
      </billSubjects>
    </subjects>
    <policyArea>
      <name>Crime and Law Enforcement</name>
    </policyArea>
    <recordedVotes />
    <originChamber>Senate</originChamber>
    <latestAction>
      <text>Submitted in the Senate, considered, and agreed to without amendment and with a preamble by Unanimous Consent. (consideration: CR S3398-3399, S3410; text: CR S3397-3398)</text>
      <links />
      <actionDate>2017-06-12</actionDate>
    </latestAction>
    <billNumber>190</billNumber>
    <introducedDate>2017-06-12</introducedDate>
    <cosponsors>
      <item>
        <fullName>Sen. Rubio, Marco [R-FL]</fullName>
        <firstName>Marco</firstName>
        <lastName>Rubio</lastName>
        <identifiers>
          <bioguideId>R000595</bioguideId>
          <lisID>2084</lisID>
          <gpoId>8242</gpoId>
        </identifiers>
        <state>FL</state>
        <bioguideId>R000595</bioguideId>
        <sponsorshipWithdrawnDate />
        <party>R</party>
        <isOriginalCosponsor>True</isOriginalCosponsor>
        <sponsorshipDate>2017-06-12</sponsorshipDate>
        <middleName />
      </item>
      <item>
        <fullName>Sen. Durbin, Richard J. [D-IL]</fullName>
        <firstName>RICHARD</firstName>
        <lastName>DURBIN</lastName>
        <identifiers>
          <lisID>326</lisID>
          <bioguideId>D000563</bioguideId>
          <gpoId>8326</gpoId>
        </identifiers>
        <state>IL</state>
        <bioguideId>D000563</bioguideId>
        <sponsorshipWithdrawnDate />
        <party>D</party>
        <isOriginalCosponsor>True</isOriginalCosponsor>
        <sponsorshipDate>2017-06-12</sponsorshipDate>
        <middleName>J.</middleName>
      </item>
      <item>
        <fullName>Sen. Van Hollen, Chris [D-MD]</fullName>
        <firstName>Chris</firstName>
        <lastName>Van Hollen</lastName>
        <identifiers>
          <lisID>1729</lisID>
          <gpoId>7983</gpoId>
          <bioguideId>V000128</bioguideId>
        </identifiers>
        <state>MD</state>
        <bioguideId>V000128</bioguideId>
        <sponsorshipWithdrawnDate />
        <party>D</party>
        <isOriginalCosponsor>True</isOriginalCosponsor>
        <sponsorshipDate>2017-06-12</sponsorshipDate>
        <middleName />
      </item>
      <item>
        <fullName>Sen. Blumenthal, Richard [D-CT]</fullName>
        <firstName>Richard</firstName>
        <lastName>Blumenthal</lastName>
        <identifiers>
          <bioguideId>B001277</bioguideId>
          <gpoId>8332</gpoId>
          <lisID>2076</lisID>
        </identifiers>
        <state>CT</state>
        <bioguideId>B001277</bioguideId>
        <sponsorshipWithdrawnDate />
        <party>D</party>
        <isOriginalCosponsor>True</isOriginalCosponsor>
        <sponsorshipDate>2017-06-12</sponsorshipDate>
        <middleName />
      </item>
      <item>
        <fullName>Sen. Coons, Christopher A. [D-DE]</fullName>
        <firstName>Christopher</firstName>
        <lastName>Coons</lastName>
        <identifiers>
          <lisID>1984</lisID>
          <bioguideId>C001088</bioguideId>
          <gpoId>8297</gpoId>
        </identifiers>
        <state>DE</state>
        <bioguideId>C001088</bioguideId>
        <sponsorshipWithdrawnDate />
        <party>D</party>
        <isOriginalCosponsor>True</isOriginalCosponsor>
        <sponsorshipDate>2017-06-12</sponsorshipDate>
        <middleName>A.</middleName>
      </item>
      <item>
        <fullName>Sen. Baldwin, Tammy [D-WI]</fullName>
        <firstName>TAMMY</firstName>
        <lastName>BALDWIN</lastName>
        <identifiers>
          <bioguideId>B001230</bioguideId>
          <gpoId>8215</gpoId>
          <lisID>1558</lisID>
        </identifiers>
        <state>WI</state>
        <bioguideId>B001230</bioguideId>
        <sponsorshipWithdrawnDate />
        <party>D</party>
        <isOriginalCosponsor>True</isOriginalCosponsor>
        <sponsorshipDate>2017-06-12</sponsorshipDate>
        <middleName />
      </item>
      <item>
        <fullName>Sen. Markey, Edward J. [D-MA]</fullName>
        <firstName>EDWARD</firstName>
        <lastName>MARKEY</lastName>
        <identifiers>
          <bioguideId>M000133</bioguideId>
          <lisID>735</lisID>
          <gpoId>7972</gpoId>
        </identifiers>
        <state>MA</state>
        <bioguideId>M000133</bioguideId>
        <sponsorshipWithdrawnDate />
        <party>D</party>
        <isOriginalCosponsor>True</isOriginalCosponsor>
        <sponsorshipDate>2017-06-12</sponsorshipDate>
        <middleName>J.</middleName>
      </item>
      <item>
        <fullName>Sen. Hassan, Margaret Wood [D-NH]</fullName>
        <firstName>Margaret</firstName>
        <lastName>Hassan</lastName>
        <identifiers>
          <bioguideId>H001076</bioguideId>
          <lisID>2302</lisID>
          <gpoId />
        </identifiers>
        <state>NH</state>
        <bioguideId>H001076</bioguideId>
        <sponsorshipWithdrawnDate />
        <party>D</party>
        <isOriginalCosponsor>True</isOriginalCosponsor>
        <sponsorshipDate>2017-06-12</sponsorshipDate>
        <middleName>Wood</middleName>
      </item>
      <item>
        <fullName>Sen. Carper, Thomas R. [D-DE]</fullName>
        <firstName>THOMAS</firstName>
        <lastName>CARPER</lastName>
        <identifiers>
          <lisID>179</lisID>
          <bioguideId>C000174</bioguideId>
          <gpoId>8283</gpoId>
        </identifiers>
        <state>DE</state>
        <bioguideId>C000174</bioguideId>
        <sponsorshipWithdrawnDate />
        <party>D</party>
        <isOriginalCosponsor>True</isOriginalCosponsor>
        <sponsorshipDate>2017-06-12</sponsorshipDate>
        <middleName>R.</middleName>
      </item>
      <item>
        <fullName>Sen. Whitehouse, Sheldon [D-RI]</fullName>
        <firstName>Sheldon</firstName>
        <lastName>Whitehouse</lastName>
        <identifiers>
          <bioguideId>W000802</bioguideId>
          <lisID>1823</lisID>
          <gpoId>8264</gpoId>
        </identifiers>
        <state>RI</state>
        <bioguideId>W000802</bioguideId>
        <sponsorshipWithdrawnDate />
        <party>D</party>
        <isOriginalCosponsor>True</isOriginalCosponsor>
        <sponsorshipDate>2017-06-12</sponsorshipDate>
        <middleName />
      </item>
      <item>
        <fullName>Sen. Gillibrand, Kirsten E. [D-NY]</fullName>
        <firstName>Kirsten</firstName>
        <lastName>Gillibrand</lastName>
        <identifiers>
          <lisID>1866</lisID>
          <gpoId>8336</gpoId>
          <bioguideId>G000555</bioguideId>
        </identifiers>
        <state>NY</state>
        <bioguideId>G000555</bioguideId>
        <sponsorshipWithdrawnDate />
        <party>D</party>
        <isOriginalCosponsor>True</isOriginalCosponsor>
        <sponsorshipDate>2017-06-12</sponsorshipDate>
        <middleName>E.</middleName>
      </item>
      <item>
        <fullName>Sen. Warren, Elizabeth [D-MA]</fullName>
        <firstName>Elizabeth</firstName>
        <lastName>Warren</lastName>
        <identifiers>
          <lisID>2182</lisID>
          <bioguideId>W000817</bioguideId>
          <gpoId />
        </identifiers>
        <state>MA</state>
        <bioguideId>W000817</bioguideId>
        <sponsorshipWithdrawnDate />
        <party>D</party>
        <isOriginalCosponsor>True</isOriginalCosponsor>
        <sponsorshipDate>2017-06-12</sponsorshipDate>
        <middleName>A.</middleName>
      </item>
      <item>
        <fullName>Sen. King, Angus S., Jr. [I-ME]</fullName>
        <firstName>Angus</firstName>
        <lastName>King</lastName>
        <identifiers>
          <lisID>2185</lisID>
          <bioguideId>K000383</bioguideId>
          <gpoId />
        </identifiers>
        <state>ME</state>
        <bioguideId>K000383</bioguideId>
        <sponsorshipWithdrawnDate />
        <party>I</party>
        <isOriginalCosponsor>True</isOriginalCosponsor>
        <sponsorshipDate>2017-06-12</sponsorshipDate>
        <middleName />
      </item>
      <item>
        <fullName>Sen. Casey, Robert P., Jr. [D-PA]</fullName>
        <firstName>Bob</firstName>
        <lastName>Casey</lastName>
        <identifiers>
          <lisID>1828</lisID>
          <gpoId>8282</gpoId>
          <bioguideId>C001070</bioguideId>
        </identifiers>
        <state>PA</state>
        <bioguideId>C001070</bioguideId>
        <sponsorshipWithdrawnDate />
        <party>D</party>
        <isOriginalCosponsor>True</isOriginalCosponsor>
        <sponsorshipDate>2017-06-12</sponsorshipDate>
        <middleName />
      </item>
      <item>
        <fullName>Sen. Franken, Al [D-MN]</fullName>
        <firstName>Al</firstName>
        <lastName>Franken</lastName>
        <identifiers>
          <lisID>1969</lisID>
          <gpoId>8339</gpoId>
          <bioguideId>F000457</bioguideId>
        </identifiers>
        <state>MN</state>
        <bioguideId>F000457</bioguideId>
        <sponsorshipWithdrawnDate />
        <party>D</party>
        <isOriginalCosponsor>True</isOriginalCosponsor>
        <sponsorshipDate>2017-06-12</sponsorshipDate>
        <middleName />
      </item>
      <item>
        <fullName>Sen. Booker, Cory A. [D-NJ]</fullName>
        <firstName>Cory</firstName>
        <lastName>Booker</lastName>
        <identifiers>
          <lisID>2194</lisID>
          <gpoId />
          <bioguideId>B001288</bioguideId>
        </identifiers>
        <state>NJ</state>
        <bioguideId>B001288</bioguideId>
        <sponsorshipWithdrawnDate />
        <party>D</party>
        <isOriginalCosponsor>True</isOriginalCosponsor>
        <sponsorshipDate>2017-06-12</sponsorshipDate>
        <middleName>A.</middleName>
      </item>
      <item>
        <fullName>Sen. Cortez Masto, Catherine  [D-NV]</fullName>
        <firstName>Catherine</firstName>
        <lastName>Cortez Masto</lastName>
        <identifiers>
          <bioguideId>C001113</bioguideId>
          <lisID>2299</lisID>
          <gpoId />
        </identifiers>
        <state>NV</state>
        <bioguideId>C001113</bioguideId>
        <sponsorshipWithdrawnDate />
        <party>D</party>
        <isOriginalCosponsor>True</isOriginalCosponsor>
        <sponsorshipDate>2017-06-12</sponsorshipDate>
        <middleName />
      </item>
      <item>
        <fullName>Sen. Menendez, Robert [D-NJ]</fullName>
        <firstName>ROBERT</firstName>
        <lastName>MENENDEZ</lastName>
        <identifiers>
          <bioguideId>M000639</bioguideId>
          <lisID>791</lisID>
          <gpoId>8239</gpoId>
        </identifiers>
        <state>NJ</state>
        <bioguideId>M000639</bioguideId>
        <sponsorshipWithdrawnDate />
        <party>D</party>
        <isOriginalCosponsor>True</isOriginalCosponsor>
        <sponsorshipDate>2017-06-12</sponsorshipDate>
        <middleName />
      </item>
      <item>
        <fullName>Sen. Schatz, Brian [D-HI]</fullName>
        <firstName>Brian</firstName>
        <lastName>Schatz</lastName>
        <identifiers>
          <bioguideId>S001194</bioguideId>
          <gpoId />
          <lisID>2173</lisID>
        </identifiers>
        <state>HI</state>
        <bioguideId>S001194</bioguideId>
        <sponsorshipWithdrawnDate />
        <party>D</party>
        <isOriginalCosponsor>True</isOriginalCosponsor>
        <sponsorshipDate>2017-06-12</sponsorshipDate>
        <middleName />
      </item>
      <item>
        <fullName>Sen. Merkley, Jeff [D-OR]</fullName>
        <firstName>Jeff</firstName>
        <lastName>Merkley</lastName>
        <identifiers>
          <bioguideId>M001176</bioguideId>
          <gpoId>8238</gpoId>
          <lisID>1900</lisID>
        </identifiers>
        <state>OR</state>
        <bioguideId>M001176</bioguideId>
        <sponsorshipWithdrawnDate />
        <party>D</party>
        <isOriginalCosponsor>True</isOriginalCosponsor>
        <sponsorshipDate>2017-06-12</sponsorshipDate>
        <middleName />
      </item>
      <item>
        <fullName>Sen. Feinstein, Dianne [D-CA]</fullName>
        <firstName>DIANNE</firstName>
        <lastName>FEINSTEIN</lastName>
        <identifiers>
          <bioguideId>F000062</bioguideId>
          <lisID>1332</lisID>
          <gpoId>8338</gpoId>
        </identifiers>
        <state>CA</state>
        <bioguideId>F000062</bioguideId>
        <sponsorshipWithdrawnDate />
        <party>D</party>
        <isOriginalCosponsor>True</isOriginalCosponsor>
        <sponsorshipDate>2017-06-12</sponsorshipDate>
        <middleName />
      </item>
      <item>
        <fullName>Sen. McCain, John [R-AZ]</fullName>
        <firstName>JOHN</firstName>
        <lastName>MCCAIN</lastName>
        <identifiers>
          <bioguideId>M000303</bioguideId>
          <gpoId>8253</gpoId>
          <lisID>754</lisID>
        </identifiers>
        <state>AZ</state>
        <bioguideId>M000303</bioguideId>
        <sponsorshipWithdrawnDate />
        <party>R</party>
        <isOriginalCosponsor>True</isOriginalCosponsor>
        <sponsorshipDate>2017-06-12</sponsorshipDate>
        <middleName>SIDNEY</middleName>
      </item>
      <item>
        <fullName>Sen. Enzi, Michael B. [R-WY]</fullName>
        <firstName>MICHAEL</firstName>
        <lastName>ENZI</lastName>
        <identifiers>
          <lisID>1542</lisID>
          <bioguideId>E000285</bioguideId>
          <gpoId>8328</gpoId>
        </identifiers>
        <state>WY</state>
        <bioguideId>E000285</bioguideId>
        <sponsorshipWithdrawnDate />
        <party>R</party>
        <isOriginalCosponsor>True</isOriginalCosponsor>
        <sponsorshipDate>2017-06-12</sponsorshipDate>
        <middleName>B.</middleName>
      </item>
      <item>
        <fullName>Sen. Rounds, Mike  [R-SD]</fullName>
        <firstName>Mike</firstName>
        <lastName>Rounds</lastName>
        <identifiers>
          <bioguideId>R000605</bioguideId>
          <lisID>2288</lisID>
          <gpoId />
        </identifiers>
        <state>SD</state>
        <bioguideId>R000605</bioguideId>
        <sponsorshipWithdrawnDate />
        <party>R</party>
        <isOriginalCosponsor>True</isOriginalCosponsor>
        <sponsorshipDate>2017-06-12</sponsorshipDate>
        <middleName />
      </item>
      <item>
        <fullName>Sen. Inhofe, James M. [R-OK]</fullName>
        <firstName>JIM</firstName>
        <lastName>INHOFE</lastName>
        <identifiers>
          <bioguideId>I000024</bioguideId>
          <lisID>583</lisID>
          <gpoId>8322</gpoId>
        </identifiers>
        <state>OK</state>
        <bioguideId>I000024</bioguideId>
        <sponsorshipWithdrawnDate />
        <party>R</party>
        <isOriginalCosponsor>True</isOriginalCosponsor>
        <sponsorshipDate>2017-06-12</sponsorshipDate>
        <middleName />
      </item>
      <item>
        <fullName>Sen. Murkowski, Lisa [R-AK]</fullName>
        <firstName>Lisa</firstName>
        <lastName>Murkowski</lastName>
        <identifiers>
          <bioguideId>M001153</bioguideId>
          <gpoId>8234</gpoId>
          <lisID>1694</lisID>
        </identifiers>
        <state>AK</state>
        <bioguideId>M001153</bioguideId>
        <sponsorshipWithdrawnDate />
        <party>R</party>
        <isOriginalCosponsor>True</isOriginalCosponsor>
        <sponsorshipDate>2017-06-12</sponsorshipDate>
        <middleName />
      </item>
      <item>
        <fullName>Sen. Sullivan, Dan  [R-AK]</fullName>
        <firstName>Dan</firstName>
        <lastName>Sullivan</lastName>
        <identifiers>
          <lisID>2290</lisID>
          <gpoId />
          <bioguideId>S001198</bioguideId>
        </identifiers>
        <state>AK</state>
        <bioguideId>S001198</bioguideId>
        <sponsorshipWithdrawnDate />
        <party>R</party>
        <isOriginalCosponsor>True</isOriginalCosponsor>
        <sponsorshipDate>2017-06-12</sponsorshipDate>
        <middleName />
      </item>
    </cosponsors>
    <committees>
      <billCommittees />
    </committees>
    <notes />
    <relatedBills>
      <item>
        <type>SRES</type>
        <latestTitle>A resolution honoring the memory of the victims of the terrorist attack on the Pulse Orlando nightclub on June 12, 2016.</latestTitle>
        <congress>115</congress>
        <latestAction>
          <text>Submitted in the Senate, considered, and agreed to without amendment and with a preamble by Unanimous Consent. (consideration: CR S3861; text: CR S3765)</text>
          <actionDate>2018-06-12</actionDate>
        </latestAction>
        <number>545</number>
        <relationshipDetails>
          <item>
            <identifiedBy>CRS</identifiedBy>
            <type>Identical bill</type>
          </item>
        </relationshipDetails>
      </item>
    </relatedBills>
    <title>A resolution honoring the memory of the victims of the terrorist attack on the Pulse Orlando nightclub one year ago.</title>
    <sponsors>
      <item>
        <fullName>Sen. Nelson, Bill [D-FL]</fullName>
        <firstName>CLARENCE</firstName>
        <lastName>NELSON</lastName>
        <state>FL</state>
        <bioguideId>N000032</bioguideId>
        <party>D</party>
        <identifiers>
          <lisID>859</lisID>
          <gpoId>8236</gpoId>
          <bioguideId>N000032</bioguideId>
        </identifiers>
        <byRequestType />
        <middleName>WILLIAM</middleName>
      </item>
    </sponsors>
    <congress>115</congress>
    <version>1.0.0</version>
    <amendments />
    <titles>
      <item>
        <titleType>Official Title as Introduced</titleType>
        <chamberName />
        <chamberCode />
        <parentTitleType />
        <title>A resolution honoring the memory of the victims of the terrorist attack on the Pulse Orlando nightclub one year ago.</title>
      </item>
      <item>
        <titleType>Display Title</titleType>
        <chamberName />
        <chamberCode />
        <parentTitleType />
        <title>A resolution honoring the memory of the victims of the terrorist attack on the Pulse Orlando nightclub one year ago.</title>
      </item>
    </titles>
    <createDate>2017-06-13T00:41:35Z</createDate>
    <cboCostEstimates />
    <calendarNumbers />
    <actions>
      <actionTypeCounts>
        <passedOrAgreedToInSenateDayOf>1</passedOrAgreedToInSenateDayOf>
        <passedAgreedToInSenate>1</passedAgreedToInSenate>
        <introducedInSenate>1</introducedInSenate>
      </actionTypeCounts>
      <item>
        <actionDate>2017-06-12</actionDate>
        <committee />
        <links>
          <link>
            <name>S3397-3398</name>
            <url>https://www.congress.gov/congressional-record/volume-163/senate-section/page/S3397-3398</url>
          </link>
          <link>
            <name>S3398-3399</name>
            <url>https://www.congress.gov/congressional-record/volume-163/senate-section/page/S3398-3399</url>
          </link>
          <link>
            <name>S3410</name>
            <url>https://www.congress.gov/congressional-record/volume-163/senate-section/page/S3410</url>
          </link>
        </links>
        <sourceSystem>
          <name>Senate</name>
          <code>0</code>
        </sourceSystem>
        <text>Submitted in the Senate, considered, and agreed to without amendment and with a preamble by Unanimous Consent. (consideration: CR S3398-3399, S3410; text: CR S3397-3398)</text>
        <type>Floor</type>
      </item>
      <item>
        <actionDate>2017-06-12</actionDate>
        <links>
          <link>
            <name>S3397-3398</name>
            <url>https://www.congress.gov/congressional-record/volume-163/senate-section/page/S3397-3398</url>
          </link>
          <link>
            <name>S3398-3399</name>
            <url>https://www.congress.gov/congressional-record/volume-163/senate-section/page/S3398-3399</url>
          </link>
          <link>
            <name>S3410</name>
            <url>https://www.congress.gov/congressional-record/volume-163/senate-section/page/S3410</url>
          </link>
        </links>
        <text>Passed/agreed to in Senate: Submitted in the Senate, considered, and agreed to without amendment and with a preamble by Unanimous Consent.(consideration: CR S3398-3399, S3410; text: CR S3397-3398)</text>
        <type>Floor</type>
        <actionCode>17000</actionCode>
        <sourceSystem>
          <name>Library of Congress</name>
          <code>9</code>
        </sourceSystem>
        <committee />
      </item>
      <item>
        <actionDate>2017-06-12</actionDate>
        <links />
        <text>Introduced in Senate</text>
        <type>IntroReferral</type>
        <actionCode>10000</actionCode>
        <sourceSystem>
          <name>Library of Congress</name>
          <code>9</code>
        </sourceSystem>
        <committee />
      </item>
      <actionByCounts>
        <senate>3</senate>
      </actionByCounts>
    </actions>
    <summaries>
      <billSummaries>
        <item>
          <updateDate>2017-06-12T04:00:00Z</updateDate>
          <versionCode>00</versionCode>
          <name>Introduced in Senate</name>
          <text><![CDATA[<p>Commemorates the victims killed in the attack at the Pulse nightclub in Orlando, Florida, on June 12, 2016.</p> <p>Honors the survivors of the attack and pledges continued support for their recovery.</p>]]></text>
          <actionDate>2017-06-12</actionDate>
          <actionDesc>Introduced in Senate</actionDesc>
          <lastSummaryUpdateDate>2017-09-28T16:32:35Z</lastSummaryUpdateDate>
        </item>
        <item>
          <updateDate>2017-06-12T15:47:26Z</updateDate>
          <versionCode>82</versionCode>
          <name>Passed Senate without amendment</name>
          <text><![CDATA[<p>(This measure has not been amended since it was introduced. The summary of that version is repeated here.)</p> <p>Commemorates the victims killed in the attack at the Pulse nightclub in Orlando, Florida, on June 12, 2016.</p> <p>Honors the survivors of the attack and pledges continued support for their recovery.</p>]]></text>
          <actionDate>2017-06-12</actionDate>
          <actionDesc>Passed Senate without amendment</actionDesc>
          <lastSummaryUpdateDate>2018-01-31T16:31:22Z</lastSummaryUpdateDate>
        </item>
      </billSummaries>
    </summaries>
  </bill>
  <dublinCore xmlns:dc="http://purl.org/dc/elements/1.1/">
    <dc:format>text/xml</dc:format>
    <dc:language>EN</dc:language>
    <dc:rights>Pursuant to Title 17 Section 105 of the United States Code, this file is not subject to copyright protection and is in the public domain.</dc:rights>
    <dc:contributor>Congressional Research Service, Library of Congress</dc:contributor>
    <dc:description>This file contains bill summaries and statuses for federal legislation. A bill summary describes the most significant provisions of a piece of legislation and details the effects the legislative text may have on current law and federal programs. Bill summaries are authored by the Congressional Research Service (CRS) of the Library of Congress. As stated in Public Law 91-510 (2 USC 166 (d)(6)), one of the duties of CRS is "to prepare summaries and digests of bills and resolutions of a public general nature introduced in the Senate or House of Representatives". For more information, refer to the User Guide that accompanies this file.</dc:description>
  </dublinCore>
</billStatus>

