<?xml version="1.0" encoding="UTF-8"?>
<billStatus>
  <bill>
    <committees>
      <billCommittees />
    </committees>
    <actions>
      <item>
        <actionDate>2018-04-16</actionDate>
        <committee />
        <links>
          <link>
            <url>https://www.congress.gov/congressional-record/volume-164/senate-section/page/S2143</url>
            <name>S2143</name>
          </link>
          <link>
            <url>https://www.congress.gov/congressional-record/volume-164/senate-section/page/S2188</url>
            <name>S2188</name>
          </link>
        </links>
        <sourceSystem>
          <code>0</code>
          <name>Senate</name>
        </sourceSystem>
        <text>Submitted in the Senate, considered, and agreed to without amendment by Unanimous Consent. (consideration: CR S2188; text: CR S2143)</text>
        <type>Floor</type>
      </item>
      <item>
        <text>Passed/agreed to in Senate: Submitted in the Senate, considered, and agreed to without amendment by Unanimous Consent.(consideration: CR S2188; text: CR S2143)</text>
        <links>
          <link>
            <url>https://www.congress.gov/congressional-record/volume-164/senate-section/page/S2143</url>
            <name>S2143</name>
          </link>
          <link>
            <url>https://www.congress.gov/congressional-record/volume-164/senate-section/page/S2188</url>
            <name>S2188</name>
          </link>
        </links>
        <type>Floor</type>
        <sourceSystem>
          <code>9</code>
          <name>Library of Congress</name>
        </sourceSystem>
        <committee />
        <actionDate>2018-04-16</actionDate>
        <actionCode>17000</actionCode>
      </item>
      <item>
        <text>Introduced in Senate</text>
        <links />
        <type>IntroReferral</type>
        <sourceSystem>
          <code>9</code>
          <name>Library of Congress</name>
        </sourceSystem>
        <committee />
        <actionDate>2018-04-16</actionDate>
        <actionCode>10000</actionCode>
      </item>
      <actionTypeCounts>
        <passedOrAgreedToInSenateDayOf>1</passedOrAgreedToInSenateDayOf>
        <introducedInSenate>1</introducedInSenate>
        <passedAgreedToInSenate>1</passedAgreedToInSenate>
      </actionTypeCounts>
      <actionByCounts>
        <senate>3</senate>
      </actionByCounts>
    </actions>
    <recordedVotes />
    <laws />
    <calendarNumbers />
    <titles>
      <item>
        <titleType>Official Title as Introduced</titleType>
        <chamberName />
        <chamberCode />
        <parentTitleType />
        <title>A resolution notifying the House of Representatives of the election of a Sergeant at Arms and Doorkeeper of the Senate.</title>
      </item>
      <item>
        <titleType>Display Title</titleType>
        <chamberName />
        <chamberCode />
        <parentTitleType />
        <title>A resolution notifying the House of Representatives of the election of a Sergeant at Arms and Doorkeeper of the Senate.</title>
      </item>
    </titles>
    <cosponsors />
    <cboCostEstimates />
    <latestAction>
      <text>Submitted in the Senate, considered, and agreed to without amendment by Unanimous Consent. (consideration: CR S2188; text: CR S2143)</text>
      <links />
      <actionDate>2018-04-16</actionDate>
    </latestAction>
    <updateDate>2018-08-28T20:21:38Z</updateDate>
    <version>1.0.0</version>
    <policyArea>
      <name>Congress</name>
    </policyArea>
    <billType>SRES</billType>
    <billNumber>467</billNumber>
    <originChamber>Senate</originChamber>
    <relatedBills />
    <title>A resolution notifying the House of Representatives of the election of a Sergeant at Arms and Doorkeeper of the Senate.</title>
    <congress>115</congress>
    <summaries>
      <billSummaries>
        <item>
          <updateDate>2018-04-16T04:00:00Z</updateDate>
          <actionDate>2018-04-16</actionDate>
          <lastSummaryUpdateDate>2018-05-29T14:39:35Z</lastSummaryUpdateDate>
          <text><![CDATA[<p>Notifies the House of Representatives of the election of the Honorable Michael C. Stenger as Sergeant at Arms and Doorkeeper of the Senate.</p>]]></text>
          <actionDesc>Introduced in Senate</actionDesc>
          <versionCode>00</versionCode>
          <name>Introduced in Senate</name>
        </item>
        <item>
          <updateDate>2018-04-16T14:32:07Z</updateDate>
          <actionDate>2018-04-16</actionDate>
          <lastSummaryUpdateDate>2018-05-29T14:39:24Z</lastSummaryUpdateDate>
          <text><![CDATA[<p>Notifies the House of Representatives of the election of the Honorable Michael C. Stenger as Sergeant at Arms and Doorkeeper of the Senate.</p>]]></text>
          <actionDesc>Passed Senate without amendment</actionDesc>
          <versionCode>82</versionCode>
          <name>Passed Senate without amendment</name>
        </item>
      </billSummaries>
    </summaries>
    <subjects>
      <billSubjects>
        <legislativeSubjects />
        <policyArea>
          <name>Congress</name>
        </policyArea>
      </billSubjects>
    </subjects>
    <committeeReports />
    <introducedDate>2018-04-16</introducedDate>
    <sponsors>
      <item>
        <bioguideId>M000355</bioguideId>
        <middleName />
        <byRequestType />
        <fullName>Sen. McConnell, Mitch [R-KY]</fullName>
        <lastName>MCCONNELL</lastName>
        <state>KY</state>
        <party>R</party>
        <identifiers>
          <lisID>1395</lisID>
          <gpoId>8254</gpoId>
          <bioguideId>M000355</bioguideId>
        </identifiers>
        <firstName>MITCH</firstName>
      </item>
    </sponsors>
    <notes />
    <createDate>2018-04-17T04:25:57Z</createDate>
    <amendments />
  </bill>
  <dublinCore xmlns:dc="http://purl.org/dc/elements/1.1/">
    <dc:format>text/xml</dc:format>
    <dc:language>EN</dc:language>
    <dc:rights>Pursuant to Title 17 Section 105 of the United States Code, this file is not subject to copyright protection and is in the public domain.</dc:rights>
    <dc:contributor>Congressional Research Service, Library of Congress</dc:contributor>
    <dc:description>This file contains bill summaries and statuses for federal legislation. A bill summary describes the most significant provisions of a piece of legislation and details the effects the legislative text may have on current law and federal programs. Bill summaries are authored by the Congressional Research Service (CRS) of the Library of Congress. As stated in Public Law 91-510 (2 USC 166 (d)(6)), one of the duties of CRS is "to prepare summaries and digests of bills and resolutions of a public general nature introduced in the Senate or House of Representatives". For more information, refer to the User Guide that accompanies this file.</dc:description>
  </dublinCore>
</billStatus>

