<?xml version="1.0" encoding="UTF-8"?>
<billStatus>
  <bill>
    <titles>
      <item>
        <chamberCode />
        <titleType>Official Title as Introduced</titleType>
        <chamberName />
        <title>A resolution expressing support for the designation of October 2017 as "National Audiology Awareness Month".</title>
        <parentTitleType />
      </item>
      <item>
        <chamberCode />
        <titleType>Display Title</titleType>
        <chamberName />
        <title>A resolution expressing support for the designation of October 2017 as "National Audiology Awareness Month".</title>
        <parentTitleType />
      </item>
    </titles>
    <notes />
    <latestAction>
      <links />
      <text>Referred to the Committee on Health, Education, Labor, and Pensions. (text of measure as introduced: CR S6818)</text>
      <actionDate>2017-10-25</actionDate>
    </latestAction>
    <committees>
      <billCommittees>
        <item>
          <systemCode>sshr00</systemCode>
          <subcommittees />
          <activities>
            <item>
              <name>Referred to</name>
              <date>2017-10-25T16:35:50Z</date>
            </item>
          </activities>
          <name>Health, Education, Labor, and Pensions Committee</name>
          <chamber>Senate</chamber>
          <type>Standing</type>
        </item>
      </billCommittees>
    </committees>
    <actions>
      <item>
        <actionDate>2017-10-25</actionDate>
        <committee>
          <systemCode>sshr00</systemCode>
          <name>Health, Education, Labor, and Pensions Committee</name>
        </committee>
        <links>
          <link>
            <name>S6818</name>
            <url>https://www.congress.gov/congressional-record/volume-163/senate-section/page/S6818</url>
          </link>
        </links>
        <sourceSystem>
          <code>0</code>
          <name>Senate</name>
        </sourceSystem>
        <text>Referred to the Committee on Health, Education, Labor, and Pensions. (text of measure as introduced: CR S6818)</text>
        <type>IntroReferral</type>
      </item>
      <item>
        <text>Introduced in Senate</text>
        <type>IntroReferral</type>
        <committee />
        <actionDate>2017-10-25</actionDate>
        <links />
        <actionCode>10000</actionCode>
        <sourceSystem>
          <code>9</code>
          <name>Library of Congress</name>
        </sourceSystem>
      </item>
      <actionByCounts>
        <senate>2</senate>
      </actionByCounts>
      <actionTypeCounts>
        <referredToCommittee>1</referredToCommittee>
        <introducedInSenate>1</introducedInSenate>
      </actionTypeCounts>
    </actions>
    <policyArea>
      <name>Health</name>
    </policyArea>
    <sponsors>
      <item>
        <fullName>Sen. Warren, Elizabeth [D-MA]</fullName>
        <party>D</party>
        <bioguideId>W000817</bioguideId>
        <identifiers>
          <lisID>2182</lisID>
          <bioguideId>W000817</bioguideId>
          <gpoId />
        </identifiers>
        <lastName>Warren</lastName>
        <byRequestType />
        <middleName>A.</middleName>
        <firstName>Elizabeth</firstName>
        <state>MA</state>
      </item>
    </sponsors>
    <recordedVotes />
    <updateDate>2018-08-28T20:21:15Z</updateDate>
    <billNumber>303</billNumber>
    <title>A resolution expressing support for the designation of October 2017 as "National Audiology Awareness Month".</title>
    <relatedBills>
      <item>
        <latestAction>
          <actionDate>2017-11-09</actionDate>
          <text>Submitted in the Senate, considered, and agreed to without amendment and with a preamble by Unanimous Consent. (consideration: CR S7167; text: CR S7159)</text>
        </latestAction>
        <relationshipDetails>
          <item>
            <identifiedBy>CRS</identifiedBy>
            <type>Related bill</type>
          </item>
        </relationshipDetails>
        <congress>115</congress>
        <latestTitle>A resolution expressing support for the designation of October 2017 as "National Audiology Awareness Month".</latestTitle>
        <type>SRES</type>
        <number>329</number>
      </item>
    </relatedBills>
    <amendments />
    <version>1.0.0</version>
    <laws />
    <cboCostEstimates />
    <billType>SRES</billType>
    <createDate>2017-10-26T00:26:16Z</createDate>
    <originChamber>Senate</originChamber>
    <summaries>
      <billSummaries>
        <item>
          <name>Introduced in Senate</name>
          <actionDesc>Introduced in Senate</actionDesc>
          <actionDate>2017-10-25</actionDate>
          <lastSummaryUpdateDate>2018-02-07T21:07:22Z</lastSummaryUpdateDate>
          <versionCode>00</versionCode>
          <updateDate>2017-10-25T04:00:00Z</updateDate>
          <text><![CDATA[<p>Expresses support for the designation of October 2017 as National Audiology Awareness Month, and applauds the actions of those advancing the profession of audiology. </p>]]></text>
        </item>
      </billSummaries>
    </summaries>
    <committeeReports />
    <calendarNumbers />
    <cosponsors>
      <item>
        <fullName>Sen. Grassley, Chuck [R-IA]</fullName>
        <identifiers>
          <lisID>457</lisID>
          <gpoId>8316</gpoId>
          <bioguideId>G000386</bioguideId>
        </identifiers>
        <sponsorshipDate>2017-10-25</sponsorshipDate>
        <lastName>GRASSLEY</lastName>
        <firstName>CHARLES</firstName>
        <sponsorshipWithdrawnDate />
        <state>IA</state>
        <party>R</party>
        <middleName>ERNEST</middleName>
        <bioguideId>G000386</bioguideId>
        <isOriginalCosponsor>True</isOriginalCosponsor>
      </item>
      <item>
        <fullName>Sen. Hassan, Margaret Wood [D-NH]</fullName>
        <identifiers>
          <bioguideId>H001076</bioguideId>
          <lisID>2302</lisID>
          <gpoId />
        </identifiers>
        <sponsorshipDate>2017-10-25</sponsorshipDate>
        <lastName>Hassan</lastName>
        <firstName>Margaret</firstName>
        <sponsorshipWithdrawnDate />
        <state>NH</state>
        <party>D</party>
        <middleName>Wood</middleName>
        <bioguideId>H001076</bioguideId>
        <isOriginalCosponsor>True</isOriginalCosponsor>
      </item>
    </cosponsors>
    <introducedDate>2017-10-25</introducedDate>
    <congress>115</congress>
    <subjects>
      <billSubjects>
        <policyArea>
          <name>Health</name>
        </policyArea>
        <legislativeSubjects />
      </billSubjects>
    </subjects>
  </bill>
  <dublinCore xmlns:dc="http://purl.org/dc/elements/1.1/">
    <dc:format>text/xml</dc:format>
    <dc:language>EN</dc:language>
    <dc:rights>Pursuant to Title 17 Section 105 of the United States Code, this file is not subject to copyright protection and is in the public domain.</dc:rights>
    <dc:contributor>Congressional Research Service, Library of Congress</dc:contributor>
    <dc:description>This file contains bill summaries and statuses for federal legislation. A bill summary describes the most significant provisions of a piece of legislation and details the effects the legislative text may have on current law and federal programs. Bill summaries are authored by the Congressional Research Service (CRS) of the Library of Congress. As stated in Public Law 91-510 (2 USC 166 (d)(6)), one of the duties of CRS is "to prepare summaries and digests of bills and resolutions of a public general nature introduced in the Senate or House of Representatives". For more information, refer to the User Guide that accompanies this file.</dc:description>
  </dublinCore>
</billStatus>

