<?xml version="1.0" encoding="UTF-8"?>
<billStatus>
  <bill>
    <sponsors>
      <item>
        <middleName />
        <party>D</party>
        <bioguideId>M001183</bioguideId>
        <lastName>Manchin</lastName>
        <firstName>Joe</firstName>
        <state>WV</state>
        <identifiers>
          <bioguideId>M001183</bioguideId>
          <lisID>1983</lisID>
          <gpoId>8256</gpoId>
        </identifiers>
        <fullName>Sen. Manchin, Joe, III [D-WV]</fullName>
        <byRequestType />
      </item>
    </sponsors>
    <version>1.0.0</version>
    <createDate>2017-11-16T00:26:14Z</createDate>
    <committeeReports />
    <latestAction>
      <text>Submitted in the Senate, considered, and agreed to without amendment and with a preamble by Unanimous Consent. (consideration: CR S7267; text: CR S7265)</text>
      <links />
      <actionDate>2017-11-15</actionDate>
    </latestAction>
    <notes />
    <introducedDate>2017-11-15</introducedDate>
    <committees>
      <billCommittees />
    </committees>
    <relatedBills />
    <billNumber>332</billNumber>
    <subjects>
      <billSubjects>
        <policyArea>
          <name>Armed Forces and National Security</name>
        </policyArea>
        <legislativeSubjects />
      </billSubjects>
    </subjects>
    <amendments />
    <originChamber>Senate</originChamber>
    <cboCostEstimates />
    <policyArea>
      <name>Armed Forces and National Security</name>
    </policyArea>
    <congress>115</congress>
    <actions>
      <item>
        <actionDate>2017-11-15</actionDate>
        <committee />
        <links>
          <link>
            <name>S7265</name>
            <url>https://www.congress.gov/congressional-record/volume-163/senate-section/page/S7265</url>
          </link>
          <link>
            <name>S7267</name>
            <url>https://www.congress.gov/congressional-record/volume-163/senate-section/page/S7267</url>
          </link>
        </links>
        <sourceSystem>
          <code>0</code>
          <name>Senate</name>
        </sourceSystem>
        <text>Submitted in the Senate, considered, and agreed to without amendment and with a preamble by Unanimous Consent. (consideration: CR S7267; text: CR S7265)</text>
        <type>Floor</type>
      </item>
      <item>
        <text>Passed/agreed to in Senate: Submitted in the Senate, considered, and agreed to without amendment and with a preamble by Unanimous Consent.(consideration: CR S7267; text: CR S7265)</text>
        <type>Floor</type>
        <committee />
        <actionDate>2017-11-15</actionDate>
        <links>
          <link>
            <name>S7265</name>
            <url>https://www.congress.gov/congressional-record/volume-163/senate-section/page/S7265</url>
          </link>
          <link>
            <name>S7267</name>
            <url>https://www.congress.gov/congressional-record/volume-163/senate-section/page/S7267</url>
          </link>
        </links>
        <actionCode>17000</actionCode>
        <sourceSystem>
          <code>9</code>
          <name>Library of Congress</name>
        </sourceSystem>
      </item>
      <item>
        <text>Introduced in Senate</text>
        <type>IntroReferral</type>
        <committee />
        <actionDate>2017-11-15</actionDate>
        <links />
        <actionCode>10000</actionCode>
        <sourceSystem>
          <code>9</code>
          <name>Library of Congress</name>
        </sourceSystem>
      </item>
      <actionByCounts>
        <senate>3</senate>
      </actionByCounts>
      <actionTypeCounts>
        <passedAgreedToInSenate>1</passedAgreedToInSenate>
        <passedOrAgreedToInSenateDayOf>1</passedOrAgreedToInSenateDayOf>
        <introducedInSenate>1</introducedInSenate>
      </actionTypeCounts>
    </actions>
    <recordedVotes />
    <laws />
    <cosponsors>
      <item>
        <fullName>Sen. Capito, Shelley Moore [R-WV]</fullName>
        <party>R</party>
        <bioguideId>C001047</bioguideId>
        <identifiers>
          <lisID>1676</lisID>
          <gpoId>8223</gpoId>
          <bioguideId>C001047</bioguideId>
        </identifiers>
        <lastName>CAPITO</lastName>
        <sponsorshipDate>2017-11-15</sponsorshipDate>
        <middleName>MOORE</middleName>
        <isOriginalCosponsor>True</isOriginalCosponsor>
        <firstName>SHELLEY</firstName>
        <state>WV</state>
        <sponsorshipWithdrawnDate />
      </item>
    </cosponsors>
    <titles>
      <item>
        <titleType>Official Title as Introduced</titleType>
        <chamberName />
        <chamberCode />
        <parentTitleType />
        <title>A resolution commemorating the christening of the USNS Hershel "Woody" Williams.</title>
      </item>
      <item>
        <titleType>Display Title</titleType>
        <chamberName />
        <chamberCode />
        <parentTitleType />
        <title>A resolution commemorating the christening of the USNS Hershel "Woody" Williams.</title>
      </item>
    </titles>
    <updateDate>2018-08-28T20:21:17Z</updateDate>
    <calendarNumbers />
    <billType>SRES</billType>
    <summaries>
      <billSummaries>
        <item>
          <updateDate>2017-11-15T05:00:00Z</updateDate>
          <versionCode>00</versionCode>
          <name>Introduced in Senate</name>
          <text><![CDATA[<p>Commemorates the christening of the United States Naval Ship <i>Hershel &quot;Woody&quot; Williams</i> and its mission to support mine countermeasures, counter-piracy operations, maritime security, and humanitarian and crisis response operations.</p>]]></text>
          <actionDate>2017-11-15</actionDate>
          <actionDesc>Introduced in Senate</actionDesc>
          <lastSummaryUpdateDate>2018-05-30T22:21:39Z</lastSummaryUpdateDate>
        </item>
        <item>
          <updateDate>2017-11-15T19:12:07Z</updateDate>
          <versionCode>82</versionCode>
          <name>Passed Senate without amendment</name>
          <text><![CDATA[<p>(This measure has not been amended since it was introduced. The summary of that version is repeated here.)</p> <p>Commemorates the christening of the United States Naval Ship <i>Hershel &quot;Woody&quot; Williams</i> and its mission to support mine countermeasures, counter-piracy operations, maritime security, and humanitarian and crisis response operations.</p>]]></text>
          <actionDate>2017-11-15</actionDate>
          <actionDesc>Passed Senate without amendment</actionDesc>
          <lastSummaryUpdateDate>2018-05-30T22:22:11Z</lastSummaryUpdateDate>
        </item>
      </billSummaries>
    </summaries>
    <title>A resolution commemorating the christening of the USNS Hershel "Woody" Williams.</title>
  </bill>
  <dublinCore xmlns:dc="http://purl.org/dc/elements/1.1/">
    <dc:format>text/xml</dc:format>
    <dc:language>EN</dc:language>
    <dc:rights>Pursuant to Title 17 Section 105 of the United States Code, this file is not subject to copyright protection and is in the public domain.</dc:rights>
    <dc:contributor>Congressional Research Service, Library of Congress</dc:contributor>
    <dc:description>This file contains bill summaries and statuses for federal legislation. A bill summary describes the most significant provisions of a piece of legislation and details the effects the legislative text may have on current law and federal programs. Bill summaries are authored by the Congressional Research Service (CRS) of the Library of Congress. As stated in Public Law 91-510 (2 USC 166 (d)(6)), one of the duties of CRS is "to prepare summaries and digests of bills and resolutions of a public general nature introduced in the Senate or House of Representatives". For more information, refer to the User Guide that accompanies this file.</dc:description>
  </dublinCore>
</billStatus>

