<?xml version="1.0" encoding="UTF-8"?>
<billStatus>
  <bill>
    <notes />
    <congress>115</congress>
    <committees>
      <billCommittees>
        <item>
          <type>Standing</type>
          <name>Rules and Administration Committee</name>
          <systemCode>ssra00</systemCode>
          <chamber>Senate</chamber>
          <activities>
            <item>
              <name>Referred to</name>
              <date>2017-02-02T17:08:12Z</date>
            </item>
          </activities>
          <subcommittees />
        </item>
        <item>
          <type>Standing</type>
          <name>Environment and Public Works Committee</name>
          <systemCode>ssev00</systemCode>
          <chamber>Senate</chamber>
          <activities>
            <item>
              <name>Reported original measure</name>
              <date>2017-02-02T17:07:06Z</date>
            </item>
          </activities>
          <subcommittees />
        </item>
      </billCommittees>
    </committees>
    <committeeReports />
    <cboCostEstimates />
    <title>An original resolution authorizing expenditures by the Committee on Environment and Public Works.</title>
    <laws />
    <updateDate>2018-08-28T20:20:22Z</updateDate>
    <relatedBills />
    <version>1.0.0</version>
    <actions>
      <actionByCounts>
        <senate>4</senate>
      </actionByCounts>
      <item>
        <actionDate>2017-02-02</actionDate>
        <committee>
          <systemCode>ssra00</systemCode>
          <name>Rules and Administration Committee</name>
        </committee>
        <links>
          <link>
            <url>https://www.congress.gov/congressional-record/volume-163/senate-section/page/S659-660</url>
            <name>S659-660</name>
          </link>
        </links>
        <sourceSystem>
          <code>0</code>
          <name>Senate</name>
        </sourceSystem>
        <text>Referred to the Committee on Rules and Administration. (text of measure as introduced: CR S659-660)</text>
        <type>IntroReferral</type>
      </item>
      <item>
        <actionDate>2017-02-02</actionDate>
        <committee>
          <systemCode>ssev00</systemCode>
          <name>Environment and Public Works Committee</name>
        </committee>
        <links />
        <sourceSystem>
          <code>0</code>
          <name>Senate</name>
        </sourceSystem>
        <text>Committee on Environment and Public Works. Original measure reported to Senate by Senator Barrasso. Without written report.</text>
        <type>Committee</type>
      </item>
      <item>
        <committee>
          <systemCode>ssev00</systemCode>
          <name>Environment and Public Works Committee</name>
        </committee>
        <links />
        <type>Committee</type>
        <text>Committee on Environment and Public Works. Original measure reported to Senate by Senator Barrasso. Without written report.</text>
        <actionDate>2017-02-02</actionDate>
        <actionCode>14000</actionCode>
        <sourceSystem>
          <code>9</code>
          <name>Library of Congress</name>
        </sourceSystem>
      </item>
      <item>
        <committee />
        <links />
        <type>IntroReferral</type>
        <text>Introduced in Senate</text>
        <actionDate>2017-02-02</actionDate>
        <actionCode>10000</actionCode>
        <sourceSystem>
          <code>9</code>
          <name>Library of Congress</name>
        </sourceSystem>
      </item>
      <actionTypeCounts>
        <originalBillReported>1</originalBillReported>
        <reportedToSenate>1</reportedToSenate>
        <referredToCommittee>1</referredToCommittee>
        <introducedInSenate>1</introducedInSenate>
      </actionTypeCounts>
    </actions>
    <sponsors>
      <item>
        <fullName>Sen. Barrasso, John [R-WY]</fullName>
        <identifiers>
          <lisID>1881</lisID>
          <gpoId>8300</gpoId>
          <bioguideId>B001261</bioguideId>
        </identifiers>
        <bioguideId>B001261</bioguideId>
        <lastName>Barrasso</lastName>
        <firstName>John</firstName>
        <party>R</party>
        <byRequestType />
        <middleName />
        <state>WY</state>
      </item>
    </sponsors>
    <billType>SRES</billType>
    <policyArea>
      <name>Congress</name>
    </policyArea>
    <recordedVotes />
    <billNumber>42</billNumber>
    <titles>
      <item>
        <chamberName />
        <parentTitleType />
        <titleType>Official Title as Introduced</titleType>
        <title>An original resolution authorizing expenditures by the Committee on Environment and Public Works.</title>
        <chamberCode />
      </item>
      <item>
        <chamberName />
        <parentTitleType />
        <titleType>Display Title</titleType>
        <title>An original resolution authorizing expenditures by the Committee on Environment and Public Works.</title>
        <chamberCode />
      </item>
    </titles>
    <originChamber>Senate</originChamber>
    <subjects>
      <billSubjects>
        <policyArea>
          <name>Congress</name>
        </policyArea>
        <legislativeSubjects>
          <item>
            <name>Congressional committees</name>
          </item>
          <item>
            <name>Senate Committee on Environment and Public Works</name>
          </item>
        </legislativeSubjects>
      </billSubjects>
    </subjects>
    <cosponsors />
    <introducedDate>2017-02-02</introducedDate>
    <calendarNumbers />
    <latestAction>
      <actionDate>2017-02-02</actionDate>
      <links />
      <text>Referred to the Committee on Rules and Administration. (text of measure as introduced: CR S659-660)</text>
    </latestAction>
    <amendments />
    <summaries>
      <billSummaries>
        <item>
          <updateDate>2017-02-02T05:00:00Z</updateDate>
          <lastSummaryUpdateDate>2017-03-06T21:24:29Z</lastSummaryUpdateDate>
          <text><![CDATA[<p>Authorizes expenditures by the Senate Committee on Environment and Public Works for the 115th Congress.</p>]]></text>
          <actionDate>2017-02-02</actionDate>
          <actionDesc>Introduced in Senate</actionDesc>
          <name>Introduced in Senate</name>
          <versionCode>00</versionCode>
        </item>
        <item>
          <updateDate>2017-02-02T13:10:06Z</updateDate>
          <lastSummaryUpdateDate>2017-03-06T21:24:42Z</lastSummaryUpdateDate>
          <text><![CDATA[<p>(This measure has not been amended since it was introduced. The summary of that version is repeated here.)</p> <p>Authorizes expenditures by the Senate Committee on Environment and Public Works for the 115th Congress.</p>]]></text>
          <actionDate>2017-02-02</actionDate>
          <actionDesc>Reported to Senate without amendment</actionDesc>
          <name>Reported to Senate without amendment</name>
          <versionCode>80</versionCode>
        </item>
      </billSummaries>
    </summaries>
    <createDate>2017-02-03T05:17:29Z</createDate>
  </bill>
  <dublinCore xmlns:dc="http://purl.org/dc/elements/1.1/">
    <dc:format>text/xml</dc:format>
    <dc:language>EN</dc:language>
    <dc:rights>Pursuant to Title 17 Section 105 of the United States Code, this file is not subject to copyright protection and is in the public domain.</dc:rights>
    <dc:contributor>Congressional Research Service, Library of Congress</dc:contributor>
    <dc:description>This file contains bill summaries and statuses for federal legislation. A bill summary describes the most significant provisions of a piece of legislation and details the effects the legislative text may have on current law and federal programs. Bill summaries are authored by the Congressional Research Service (CRS) of the Library of Congress. As stated in Public Law 91-510 (2 USC 166 (d)(6)), one of the duties of CRS is "to prepare summaries and digests of bills and resolutions of a public general nature introduced in the Senate or House of Representatives". For more information, refer to the User Guide that accompanies this file.</dc:description>
  </dublinCore>
</billStatus>

