<?xml version="1.0" encoding="UTF-8"?>
<billStatus>
  <bill>
    <committeeReports />
    <updateDate>2018-08-28T20:20:55Z</updateDate>
    <laws />
    <billType>SRES</billType>
    <subjects>
      <billSubjects>
        <policyArea>
          <name>International Affairs</name>
        </policyArea>
        <legislativeSubjects>
          <item>
            <name>Conflicts and wars</name>
          </item>
          <item>
            <name>Diplomacy, foreign officials, Americans abroad</name>
          </item>
          <item>
            <name>Europe</name>
          </item>
          <item>
            <name>Foreign aid and international relief</name>
          </item>
          <item>
            <name>Jordan</name>
          </item>
          <item>
            <name>Lebanon</name>
          </item>
          <item>
            <name>Middle East</name>
          </item>
          <item>
            <name>Military assistance, sales, and agreements</name>
          </item>
          <item>
            <name>Refugees, asylum, displaced persons</name>
          </item>
          <item>
            <name>Sovereignty, recognition, national governance and status</name>
          </item>
          <item>
            <name>Syria</name>
          </item>
          <item>
            <name>Terrorism</name>
          </item>
          <item>
            <name>Turkey</name>
          </item>
          <item>
            <name>United Nations</name>
          </item>
        </legislativeSubjects>
      </billSubjects>
    </subjects>
    <policyArea>
      <name>International Affairs</name>
    </policyArea>
    <recordedVotes />
    <originChamber>Senate</originChamber>
    <latestAction>
      <text>Referred to the Committee on Foreign Relations. (text of measure as introduced: CR S3690)</text>
      <links />
      <actionDate>2017-06-21</actionDate>
    </latestAction>
    <billNumber>196</billNumber>
    <introducedDate>2017-06-21</introducedDate>
    <cosponsors>
      <item>
        <lastName>Perdue</lastName>
        <middleName>Alfred</middleName>
        <sponsorshipWithdrawnDate />
        <bioguideId>P000612</bioguideId>
        <fullName>Sen. Perdue, David [R-GA]</fullName>
        <identifiers>
          <lisID>2286</lisID>
          <gpoId />
          <bioguideId>P000612</bioguideId>
        </identifiers>
        <sponsorshipDate>2017-06-21</sponsorshipDate>
        <state>GA</state>
        <firstName>David</firstName>
        <isOriginalCosponsor>True</isOriginalCosponsor>
        <party>R</party>
      </item>
      <item>
        <lastName>Bennet</lastName>
        <middleName>F.</middleName>
        <sponsorshipWithdrawnDate />
        <bioguideId>B001267</bioguideId>
        <fullName>Sen. Bennet, Michael F. [D-CO]</fullName>
        <identifiers>
          <lisID>1965</lisID>
          <gpoId>8302</gpoId>
          <bioguideId>B001267</bioguideId>
        </identifiers>
        <sponsorshipDate>2017-06-21</sponsorshipDate>
        <state>CO</state>
        <firstName>Michael</firstName>
        <isOriginalCosponsor>True</isOriginalCosponsor>
        <party>D</party>
      </item>
    </cosponsors>
    <committees>
      <billCommittees>
        <item>
          <subcommittees />
          <systemCode>ssfr00</systemCode>
          <name>Foreign Relations Committee</name>
          <activities>
            <item>
              <date>2017-06-21T17:04:48Z</date>
              <name>Referred to</name>
            </item>
          </activities>
          <type>Standing</type>
          <chamber>Senate</chamber>
        </item>
      </billCommittees>
    </committees>
    <notes />
    <relatedBills>
      <item>
        <relationshipDetails>
          <item>
            <type>Related bill</type>
            <identifiedBy>CRS</identifiedBy>
          </item>
        </relationshipDetails>
        <latestTitle>Expressing the sense of the House of Representatives on the challenges posed to long-term stability in Lebanon by the conflict in Syria and supporting the establishment of safe zones in Syria.</latestTitle>
        <type>HRES</type>
        <congress>115</congress>
        <number>252</number>
        <latestAction>
          <text>Referred to the Subcommittee on Middle East and North Africa.</text>
          <actionDate>2017-05-18</actionDate>
        </latestAction>
      </item>
    </relatedBills>
    <title>A resolution expressing the sense of the Senate on the challenges the conflict in Syria poses to long-term stability and prosperity in Lebanon.</title>
    <sponsors>
      <item>
        <fullName>Sen. Shaheen, Jeanne [D-NH]</fullName>
        <firstName>Jeanne</firstName>
        <lastName>Shaheen</lastName>
        <state>NH</state>
        <bioguideId>S001181</bioguideId>
        <party>D</party>
        <identifiers>
          <lisID>1901</lisID>
          <gpoId>8276</gpoId>
          <bioguideId>S001181</bioguideId>
        </identifiers>
        <byRequestType />
        <middleName />
      </item>
    </sponsors>
    <congress>115</congress>
    <version>1.0.0</version>
    <amendments />
    <titles>
      <item>
        <chamberCode />
        <titleType>Official Title as Introduced</titleType>
        <chamberName />
        <title>A resolution expressing the sense of the Senate on the challenges the conflict in Syria poses to long-term stability and prosperity in Lebanon.</title>
        <parentTitleType />
      </item>
      <item>
        <chamberCode />
        <titleType>Display Title</titleType>
        <chamberName />
        <title>A resolution expressing the sense of the Senate on the challenges the conflict in Syria poses to long-term stability and prosperity in Lebanon.</title>
        <parentTitleType />
      </item>
    </titles>
    <createDate>2017-06-22T08:44:32Z</createDate>
    <cboCostEstimates />
    <calendarNumbers />
    <actions>
      <item>
        <actionDate>2017-06-21</actionDate>
        <committee>
          <systemCode>ssfr00</systemCode>
          <name>Foreign Relations Committee</name>
        </committee>
        <links>
          <link>
            <url>https://www.congress.gov/congressional-record/volume-163/senate-section/page/S3690</url>
            <name>S3690</name>
          </link>
        </links>
        <sourceSystem>
          <code>0</code>
          <name>Senate</name>
        </sourceSystem>
        <text>Referred to the Committee on Foreign Relations. (text of measure as introduced: CR S3690)</text>
        <type>IntroReferral</type>
      </item>
      <item>
        <actionDate>2017-06-21</actionDate>
        <links />
        <sourceSystem>
          <code>9</code>
          <name>Library of Congress</name>
        </sourceSystem>
        <committee />
        <text>Introduced in Senate</text>
        <type>IntroReferral</type>
        <actionCode>10000</actionCode>
      </item>
      <actionByCounts>
        <senate>2</senate>
      </actionByCounts>
      <actionTypeCounts>
        <introducedInSenate>1</introducedInSenate>
        <referredToCommittee>1</referredToCommittee>
      </actionTypeCounts>
    </actions>
    <summaries>
      <billSummaries>
        <item>
          <versionCode>00</versionCode>
          <actionDate>2017-06-21</actionDate>
          <actionDesc>Introduced in Senate</actionDesc>
          <name>Introduced in Senate</name>
          <lastSummaryUpdateDate>2017-06-26T19:43:44Z</lastSummaryUpdateDate>
          <text><![CDATA[<p>Recognizes the importance of bilateral U.S. assistance to the government of Lebanon in building its capacity to provide services and security and curbing Hizbollah's influence.</p> <p>Encourages coordination between the Department of State, the United Nations High Commissioner for Refugees, and humanitarian organizations to ensure that refugees from the conflict in Syria are supported so as to mitigate any adverse effect on their host countries. </p> <p>Recognizes that it is in the interest of the United States to seek a negotiated end to the conflict in Syria that includes the ultimate departure of Bashar al-Assad, which would allow for the eventual return of the millions of Syrian refugees in Lebanon, Jordan, Turkey, and other countries.</p> <p>Supports full implementation of U.N. Security Council Resolution 1701 (calling for the disarmament of all armed groups in Lebanon). </p> <p>Recognizes the Lebanese Armed Forces as the sole institution entrusted with the defense of Lebanon's sovereignty, and supports U.S. partnerships with the LAF, particularly through the global coalition to defeat the Islamic State of Iraq and Syria. </p>]]></text>
          <updateDate>2017-06-21T04:00:00Z</updateDate>
        </item>
      </billSummaries>
    </summaries>
  </bill>
  <dublinCore xmlns:dc="http://purl.org/dc/elements/1.1/">
    <dc:format>text/xml</dc:format>
    <dc:language>EN</dc:language>
    <dc:rights>Pursuant to Title 17 Section 105 of the United States Code, this file is not subject to copyright protection and is in the public domain.</dc:rights>
    <dc:contributor>Congressional Research Service, Library of Congress</dc:contributor>
    <dc:description>This file contains bill summaries and statuses for federal legislation. A bill summary describes the most significant provisions of a piece of legislation and details the effects the legislative text may have on current law and federal programs. Bill summaries are authored by the Congressional Research Service (CRS) of the Library of Congress. As stated in Public Law 91-510 (2 USC 166 (d)(6)), one of the duties of CRS is "to prepare summaries and digests of bills and resolutions of a public general nature introduced in the Senate or House of Representatives". For more information, refer to the User Guide that accompanies this file.</dc:description>
  </dublinCore>
</billStatus>

