<?xml version="1.0" encoding="UTF-8"?>
<billStatus>
  <bill>
    <committees>
      <billCommittees>
        <item>
          <systemCode>ssas00</systemCode>
          <chamber>Senate</chamber>
          <type>Standing</type>
          <subcommittees />
          <name>Armed Services Committee</name>
          <activities>
            <item>
              <date>2017-06-08T21:42:58Z</date>
              <name>Discharged from</name>
            </item>
            <item>
              <date>2017-04-05T20:10:22Z</date>
              <name>Referred to</name>
            </item>
          </activities>
        </item>
      </billCommittees>
    </committees>
    <actions>
      <actionByCounts>
        <senate>7</senate>
      </actionByCounts>
      <item>
        <actionDate>2017-06-08</actionDate>
        <committee />
        <links>
          <link>
            <name>S3374-3375</name>
            <url>https://www.congress.gov/congressional-record/volume-163/senate-section/page/S3374-3375</url>
          </link>
        </links>
        <sourceSystem>
          <name>Senate</name>
          <code>0</code>
        </sourceSystem>
        <text>Resolution agreed to in Senate with an amendment and an amended preamble by Unanimous Consent. (text: CR S3374-3375)</text>
        <type>Floor</type>
      </item>
      <item>
        <type>Floor</type>
        <links>
          <link>
            <name>S3374-3375</name>
            <url>https://www.congress.gov/congressional-record/volume-163/senate-section/page/S3374-3375</url>
          </link>
        </links>
        <sourceSystem>
          <name>Library of Congress</name>
          <code>9</code>
        </sourceSystem>
        <committee />
        <text>Passed/agreed to in Senate: Resolution agreed to in Senate with an amendment and an amended preamble by Unanimous Consent.(text: CR S3374-3375)</text>
        <actionCode>17000</actionCode>
        <actionDate>2017-06-08</actionDate>
      </item>
      <item>
        <actionDate>2017-06-08</actionDate>
        <committee />
        <links>
          <link>
            <name>S3373-3375</name>
            <url>https://www.congress.gov/congressional-record/volume-163/senate-section/page/S3373-3375</url>
          </link>
        </links>
        <sourceSystem>
          <name>Senate</name>
          <code>0</code>
        </sourceSystem>
        <text>Measure laid before Senate by unanimous consent. (consideration: CR S3373-3375)</text>
        <type>Floor</type>
      </item>
      <item>
        <actionDate>2017-06-08</actionDate>
        <committee>
          <name>Armed Services Committee</name>
          <systemCode>ssas00</systemCode>
        </committee>
        <links />
        <sourceSystem>
          <name>Senate</name>
          <code>0</code>
        </sourceSystem>
        <text>Senate Committee on Armed Services discharged by Unanimous Consent.</text>
        <type>Discharge</type>
      </item>
      <item>
        <type>Committee</type>
        <links />
        <sourceSystem>
          <name>Library of Congress</name>
          <code>9</code>
        </sourceSystem>
        <committee>
          <name>Armed Services Committee</name>
          <systemCode>ssas00</systemCode>
        </committee>
        <text>Senate Committee on Armed Services discharged by Unanimous Consent.</text>
        <actionCode>14500</actionCode>
        <actionDate>2017-06-08</actionDate>
      </item>
      <item>
        <actionDate>2017-04-05</actionDate>
        <committee>
          <name>Armed Services Committee</name>
          <systemCode>ssas00</systemCode>
        </committee>
        <links>
          <link>
            <name>S2369</name>
            <url>https://www.congress.gov/congressional-record/volume-163/senate-section/page/S2369</url>
          </link>
        </links>
        <sourceSystem>
          <name>Senate</name>
          <code>0</code>
        </sourceSystem>
        <text>Referred to the Committee on Armed Services. (text as introduced in Senate: CR S2369)</text>
        <type>IntroReferral</type>
      </item>
      <item>
        <type>IntroReferral</type>
        <links />
        <sourceSystem>
          <name>Library of Congress</name>
          <code>9</code>
        </sourceSystem>
        <committee />
        <text>Introduced in Senate</text>
        <actionCode>10000</actionCode>
        <actionDate>2017-04-05</actionDate>
      </item>
      <actionTypeCounts>
        <introducedInSenate>1</introducedInSenate>
        <measureLaidBeforeSenate>1</measureLaidBeforeSenate>
        <passedAgreedToInSenate>1</passedAgreedToInSenate>
        <senateCommitteeDischarged>1</senateCommitteeDischarged>
        <agreedToInSenate>1</agreedToInSenate>
        <committeeDischarged>1</committeeDischarged>
        <referredToCommittee>1</referredToCommittee>
      </actionTypeCounts>
    </actions>
    <recordedVotes />
    <laws />
    <calendarNumbers />
    <titles>
      <item>
        <chamberName />
        <parentTitleType />
        <titleType>Official Title as Introduced</titleType>
        <title>A resolution commemorating the 100th anniversary of the 1st Infrantry Division.</title>
        <chamberCode />
      </item>
      <item>
        <chamberName />
        <parentTitleType />
        <titleType>Display Title</titleType>
        <title>A resolution commemorating the 100th anniversary of the 1st Infrantry Division.</title>
        <chamberCode />
      </item>
    </titles>
    <cosponsors>
      <item>
        <lastName>ROBERTS</lastName>
        <sponsorshipDate>2017-04-05</sponsorshipDate>
        <party>R</party>
        <fullName>Sen. Roberts, Pat [R-KS]</fullName>
        <identifiers>
          <lisID>968</lisID>
          <gpoId>8275</gpoId>
          <bioguideId>R000307</bioguideId>
        </identifiers>
        <firstName>PAT</firstName>
        <sponsorshipWithdrawnDate />
        <state>KS</state>
        <middleName />
        <bioguideId>R000307</bioguideId>
        <isOriginalCosponsor>True</isOriginalCosponsor>
      </item>
    </cosponsors>
    <cboCostEstimates />
    <latestAction>
      <text>Resolution agreed to in Senate with an amendment and an amended preamble by Unanimous Consent. (text: CR S3374-3375)</text>
      <links />
      <actionDate>2017-06-08</actionDate>
    </latestAction>
    <updateDate>2018-08-28T20:20:39Z</updateDate>
    <version>1.0.0</version>
    <policyArea>
      <name>Armed Forces and National Security</name>
    </policyArea>
    <billType>SRES</billType>
    <billNumber>115</billNumber>
    <originChamber>Senate</originChamber>
    <relatedBills>
      <item>
        <type>HRES</type>
        <latestTitle>Recognizing the 100th anniversary of the 1st Infantry Division.</latestTitle>
        <congress>115</congress>
        <latestAction>
          <text>Referred to the Subcommittee on Military Personnel.</text>
          <actionDate>2017-04-12</actionDate>
        </latestAction>
        <number>267</number>
        <relationshipDetails>
          <item>
            <identifiedBy>CRS</identifiedBy>
            <type>Related bill</type>
          </item>
        </relationshipDetails>
      </item>
    </relatedBills>
    <title>A resolution commemorating the 100th anniversary of the 1st Infrantry Division.</title>
    <congress>115</congress>
    <summaries>
      <billSummaries>
        <item>
          <updateDate>2017-04-05T04:00:00Z</updateDate>
          <actionDate>2017-04-05</actionDate>
          <lastSummaryUpdateDate>2017-07-07T19:45:12Z</lastSummaryUpdateDate>
          <text><![CDATA[<p>Commemorates the 100th anniversary of the 1st Infantry Division on June 8, 2017. </p> <p>Commends such division for continuing to exemplify its motto, &quot;No Mission Too Difficult. No Sacrifice Too Great. Duty First!&quot;</p> <p>Honors the memory of the more than 13,000 soldiers of such division who lost their lives in battle.</p>]]></text>
          <actionDesc>Introduced in Senate</actionDesc>
          <versionCode>00</versionCode>
          <name>Introduced in Senate</name>
        </item>
        <item>
          <updateDate>2017-06-08T14:15:41Z</updateDate>
          <actionDate>2017-06-08</actionDate>
          <lastSummaryUpdateDate>2017-08-03T21:03:48Z</lastSummaryUpdateDate>
          <text><![CDATA[<p>Commemorates the 100th anniversary of the 1st Infantry Division on June 8, 2017. </p> <p>Commends such division for continuing to exemplify its motto, &quot;No Mission Too Difficult. No Sacrifice Too Great. Duty First!&quot;</p> <p>Honors the memory of the more than 13,000 soldiers of such division who lost their lives in battle.</p>]]></text>
          <actionDesc>Passed Senate amended</actionDesc>
          <versionCode>35</versionCode>
          <name>Passed Senate amended</name>
        </item>
      </billSummaries>
    </summaries>
    <subjects>
      <billSubjects>
        <legislativeSubjects>
          <item>
            <name>Commemorative events and holidays</name>
          </item>
          <item>
            <name>Conflicts and wars</name>
          </item>
          <item>
            <name>Congressional tributes</name>
          </item>
          <item>
            <name>Military history</name>
          </item>
          <item>
            <name>Military personnel and dependents</name>
          </item>
          <item>
            <name>Veterans' organizations and recognition</name>
          </item>
        </legislativeSubjects>
        <policyArea>
          <name>Armed Forces and National Security</name>
        </policyArea>
      </billSubjects>
    </subjects>
    <committeeReports />
    <introducedDate>2017-04-05</introducedDate>
    <sponsors>
      <item>
        <bioguideId>M000934</bioguideId>
        <middleName />
        <byRequestType />
        <fullName>Sen. Moran, Jerry [R-KS]</fullName>
        <lastName>MORAN</lastName>
        <state>KS</state>
        <party>R</party>
        <identifiers>
          <lisID>1507</lisID>
          <gpoId>8307</gpoId>
          <bioguideId>M000934</bioguideId>
        </identifiers>
        <firstName>JERRY</firstName>
      </item>
    </sponsors>
    <notes />
    <createDate>2017-04-06T02:11:45Z</createDate>
    <amendments>
      <amendment>
        <titles />
        <notes />
        <description />
        <submittedDate>2017-06-08T04:00:00Z</submittedDate>
        <purpose>To provide a complete substitute.</purpose>
        <cosponsors>
          <totalCount>1</totalCount>
          <currentCount>1</currentCount>
          <item>
            <lastName>ROBERTS</lastName>
            <state>KS</state>
            <middleName />
            <party>R</party>
            <bioguideId>R000307</bioguideId>
            <sponsorshipDate>2017-06-08</sponsorshipDate>
            <firstName>PAT</firstName>
            <sponsorshipWithdrawnDate />
            <identifiers>
              <lisID>968</lisID>
              <gpoId>8275</gpoId>
              <bioguideId>R000307</bioguideId>
            </identifiers>
            <fullName>Sen. Roberts, Pat [R-KS]</fullName>
            <isOriginalCosponsor>True</isOriginalCosponsor>
          </item>
        </cosponsors>
        <amendments>
          <count>0</count>
        </amendments>
        <createDate>2017-06-09T04:31:08Z</createDate>
        <actions>
          <count>6</count>
          <actionByCounts>
            <senate>5</senate>
          </actionByCounts>
          <actions>
            <item>
              <actionDate>2017-06-08</actionDate>
              <committee />
              <links>
                <link>
                  <name>S.Amdt.228</name>
                  <url>https://www.congress.gov/amendment/115th-congress/senate-amendment/228</url>
                </link>
                <link>
                  <name>SA 228</name>
                  <url>https://www.congress.gov/amendment/115th-congress/senate-amendment/228</url>
                </link>
              </links>
              <sourceSystem>
                <name>Senate</name>
                <code>0</code>
              </sourceSystem>
              <text>Amendment SA 228 agreed to in Senate by Unanimous Consent.</text>
              <type>Floor</type>
            </item>
            <item>
              <actionDate>2017-06-08</actionDate>
              <committee />
              <links>
                <link>
                  <name>S.Amdt.228</name>
                  <url>https://www.congress.gov/amendment/115th-congress/senate-amendment/228</url>
                </link>
                <link>
                  <name>S3373-3374</name>
                  <url>https://www.congress.gov/congressional-record/volume-163/senate-section/page/S3373-3374</url>
                </link>
                <link>
                  <name>SA 228</name>
                  <url>https://www.congress.gov/amendment/115th-congress/senate-amendment/228</url>
                </link>
              </links>
              <sourceSystem>
                <name>Senate</name>
                <code>0</code>
              </sourceSystem>
              <text>Amendment SA 228 proposed by Senator McConnell for Senator Moran. (consideration: CR S3373-3374; text: CR S3373-3374) To provide a complete substitute.</text>
              <type>Floor</type>
            </item>
            <item>
              <actionDate>2017-06-08</actionDate>
              <committee />
              <links />
              <text />
            </item>
            <item>
              <type>Floor</type>
              <links>
                <link>
                  <name>S.Amdt.228</name>
                  <url>https://www.congress.gov/amendment/115th-congress/senate-amendment/228</url>
                </link>
                <link>
                  <name>S3373-3374</name>
                  <url>https://www.congress.gov/congressional-record/volume-163/senate-section/page/S3373-3374</url>
                </link>
                <link>
                  <name>SA 228</name>
                  <url>https://www.congress.gov/amendment/115th-congress/senate-amendment/228</url>
                </link>
              </links>
              <sourceSystem>
                <name>Library of Congress</name>
                <code>9</code>
              </sourceSystem>
              <committee />
              <text>Senate amendment proposed (on the floor): Amendment SA 228 proposed by Senator McConnell for Senator Moran.(consideration: CR S3373-3374; text: CR S3373-3374)</text>
              <actionCode>93000</actionCode>
              <actionDate>2017-06-08</actionDate>
            </item>
            <item>
              <type>Floor</type>
              <links>
                <link>
                  <name>S.Amdt.228</name>
                  <url>https://www.congress.gov/amendment/115th-congress/senate-amendment/228</url>
                </link>
                <link>
                  <name>SA 228</name>
                  <url>https://www.congress.gov/amendment/115th-congress/senate-amendment/228</url>
                </link>
              </links>
              <sourceSystem>
                <name>Library of Congress</name>
                <code>9</code>
              </sourceSystem>
              <committee />
              <text>Senate amendment agreed to: Amendment SA 228 agreed to in Senate by Unanimous Consent.</text>
              <actionCode>94000</actionCode>
              <actionDate>2017-06-08</actionDate>
            </item>
            <item>
              <type>Floor</type>
              <links />
              <sourceSystem>
                <name>Library of Congress</name>
                <code>9</code>
              </sourceSystem>
              <committee />
              <text>Senate amendment submitted</text>
              <actionCode>91000</actionCode>
              <actionDate>2017-06-08</actionDate>
            </item>
          </actions>
          <actionTypeCounts>
            <senateAmendmentSubmitted>1</senateAmendmentSubmitted>
            <senateAmendmentProposedOnTheFloor>1</senateAmendmentProposedOnTheFloor>
            <senateAmendmentAgreedTo>1</senateAmendmentAgreedTo>
            <amendmentProposed>1</amendmentProposed>
            <amendmentAgreedTo>1</amendmentAgreedTo>
          </actionTypeCounts>
        </actions>
        <type>SAMDT</type>
        <number>228</number>
        <chamber>Senate</chamber>
        <amendedAmendment />
        <version>1.0.0</version>
        <amendedBill>
          <originChamberCode>S</originChamberCode>
          <originChamber>Senate</originChamber>
          <number>115</number>
          <type>SRES</type>
          <title>A resolution commemorating the 100th anniversary of the 1st Infrantry Division.</title>
          <congress>115</congress>
        </amendedBill>
        <links />
        <updateDate>2018-08-28T20:20:39Z</updateDate>
        <sponsors>
          <item>
            <fullName>Sen. Moran, Jerry [R-KS]</fullName>
            <party>R</party>
            <bioguideId>M000934</bioguideId>
            <identifiers>
              <lisID>1507</lisID>
              <gpoId>8307</gpoId>
              <bioguideId>M000934</bioguideId>
            </identifiers>
            <lastName>MORAN</lastName>
            <middleName />
            <firstName>JERRY</firstName>
            <state>KS</state>
          </item>
        </sponsors>
        <congress>115</congress>
        <proposedDate>2017-06-08T04:00:00Z</proposedDate>
        <description />
        <purpose>To provide a complete substitute.</purpose>
        <number>228</number>
        <latestAction>
          <actionDate>2017-06-08</actionDate>
          <text>Amendment SA 228 agreed to in Senate by Unanimous Consent.</text>
        </latestAction>
        <congress>115</congress>
        <type>SAMDT</type>
      </amendment>
      <amendment>
        <actions>
          <count>6</count>
          <actions>
            <item>
              <actionDate>2017-06-08</actionDate>
              <committee />
              <links>
                <link>
                  <name>S.Amdt.227</name>
                  <url>https://www.congress.gov/amendment/115th-congress/senate-amendment/227</url>
                </link>
                <link>
                  <name>SA 227</name>
                  <url>https://www.congress.gov/amendment/115th-congress/senate-amendment/227</url>
                </link>
              </links>
              <sourceSystem>
                <code>0</code>
                <name>Senate</name>
              </sourceSystem>
              <text>Amendment SA 227 agreed to in Senate by Unanimous Consent.</text>
              <type>Floor</type>
            </item>
            <item>
              <actionDate>2017-06-08</actionDate>
              <committee />
              <links>
                <link>
                  <name>S.Amdt.227</name>
                  <url>https://www.congress.gov/amendment/115th-congress/senate-amendment/227</url>
                </link>
                <link>
                  <name>S3373</name>
                  <url>https://www.congress.gov/congressional-record/volume-163/senate-section/page/S3373</url>
                </link>
                <link>
                  <name>SA 227</name>
                  <url>https://www.congress.gov/amendment/115th-congress/senate-amendment/227</url>
                </link>
              </links>
              <sourceSystem>
                <code>0</code>
                <name>Senate</name>
              </sourceSystem>
              <text>Amendment SA 227 proposed by Senator McConnell for Senator Moran. (consideration: CR S3373; text: CR S3373) To provide a complete substitute.</text>
              <type>Floor</type>
            </item>
            <item>
              <actionDate>2017-06-08</actionDate>
              <committee />
              <links />
              <text />
            </item>
            <item>
              <text>Senate amendment agreed to: Amendment SA 227 agreed to in Senate by Unanimous Consent.</text>
              <type>Floor</type>
              <committee />
              <actionDate>2017-06-08</actionDate>
              <links>
                <link>
                  <name>S.Amdt.227</name>
                  <url>https://www.congress.gov/amendment/115th-congress/senate-amendment/227</url>
                </link>
                <link>
                  <name>SA 227</name>
                  <url>https://www.congress.gov/amendment/115th-congress/senate-amendment/227</url>
                </link>
              </links>
              <actionCode>94000</actionCode>
              <sourceSystem>
                <code>9</code>
                <name>Library of Congress</name>
              </sourceSystem>
            </item>
            <item>
              <text>Senate amendment proposed (on the floor): Amendment SA 227 proposed by Senator McConnell for Senator Moran.(consideration: CR S3373; text: CR S3373)</text>
              <type>Floor</type>
              <committee />
              <actionDate>2017-06-08</actionDate>
              <links>
                <link>
                  <name>S.Amdt.227</name>
                  <url>https://www.congress.gov/amendment/115th-congress/senate-amendment/227</url>
                </link>
                <link>
                  <name>S3373</name>
                  <url>https://www.congress.gov/congressional-record/volume-163/senate-section/page/S3373</url>
                </link>
                <link>
                  <name>SA 227</name>
                  <url>https://www.congress.gov/amendment/115th-congress/senate-amendment/227</url>
                </link>
              </links>
              <actionCode>93000</actionCode>
              <sourceSystem>
                <code>9</code>
                <name>Library of Congress</name>
              </sourceSystem>
            </item>
            <item>
              <text>Senate amendment submitted</text>
              <type>Floor</type>
              <committee />
              <actionDate>2017-06-08</actionDate>
              <links />
              <actionCode>91000</actionCode>
              <sourceSystem>
                <code>9</code>
                <name>Library of Congress</name>
              </sourceSystem>
            </item>
          </actions>
          <actionByCounts>
            <senate>5</senate>
          </actionByCounts>
          <actionTypeCounts>
            <senateAmendmentSubmitted>1</senateAmendmentSubmitted>
            <amendmentProposed>1</amendmentProposed>
            <senateAmendmentProposedOnTheFloor>1</senateAmendmentProposedOnTheFloor>
            <senateAmendmentAgreedTo>1</senateAmendmentAgreedTo>
            <amendmentAgreedTo>1</amendmentAgreedTo>
          </actionTypeCounts>
        </actions>
        <updateDate>2018-08-28T20:20:39Z</updateDate>
        <congress>115</congress>
        <titles />
        <purpose>To provide a complete substitute.</purpose>
        <links />
        <description />
        <amendedBill>
          <type>SRES</type>
          <congress>115</congress>
          <title>A resolution commemorating the 100th anniversary of the 1st Infrantry Division.</title>
          <originChamber>Senate</originChamber>
          <number>115</number>
          <originChamberCode>S</originChamberCode>
        </amendedBill>
        <chamber>Senate</chamber>
        <cosponsors>
          <item>
            <fullName>Sen. Roberts, Pat [R-KS]</fullName>
            <firstName>PAT</firstName>
            <lastName>ROBERTS</lastName>
            <identifiers>
              <lisID>968</lisID>
              <gpoId>8275</gpoId>
              <bioguideId>R000307</bioguideId>
            </identifiers>
            <state>KS</state>
            <bioguideId>R000307</bioguideId>
            <sponsorshipWithdrawnDate />
            <party>R</party>
            <isOriginalCosponsor>True</isOriginalCosponsor>
            <sponsorshipDate>2017-06-08</sponsorshipDate>
            <middleName />
          </item>
          <totalCount>1</totalCount>
          <currentCount>1</currentCount>
        </cosponsors>
        <amendedAmendment />
        <version>1.0.0</version>
        <amendments>
          <count>0</count>
        </amendments>
        <sponsors>
          <item>
            <bioguideId>M000934</bioguideId>
            <party>R</party>
            <firstName>JERRY</firstName>
            <fullName>Sen. Moran, Jerry [R-KS]</fullName>
            <state>KS</state>
            <lastName>MORAN</lastName>
            <middleName />
            <identifiers>
              <lisID>1507</lisID>
              <gpoId>8307</gpoId>
              <bioguideId>M000934</bioguideId>
            </identifiers>
          </item>
        </sponsors>
        <createDate>2017-06-09T04:31:08Z</createDate>
        <number>227</number>
        <notes />
        <type>SAMDT</type>
        <submittedDate>2017-06-08T04:00:00Z</submittedDate>
        <proposedDate>2017-06-08T04:00:00Z</proposedDate>
        <description />
        <purpose>To provide a complete substitute.</purpose>
        <number>227</number>
        <latestAction>
          <actionDate>2017-06-08</actionDate>
          <text>Amendment SA 227 agreed to in Senate by Unanimous Consent.</text>
        </latestAction>
        <congress>115</congress>
        <type>SAMDT</type>
      </amendment>
    </amendments>
  </bill>
  <dublinCore xmlns:dc="http://purl.org/dc/elements/1.1/">
    <dc:format>text/xml</dc:format>
    <dc:language>EN</dc:language>
    <dc:rights>Pursuant to Title 17 Section 105 of the United States Code, this file is not subject to copyright protection and is in the public domain.</dc:rights>
    <dc:contributor>Congressional Research Service, Library of Congress</dc:contributor>
    <dc:description>This file contains bill summaries and statuses for federal legislation. A bill summary describes the most significant provisions of a piece of legislation and details the effects the legislative text may have on current law and federal programs. Bill summaries are authored by the Congressional Research Service (CRS) of the Library of Congress. As stated in Public Law 91-510 (2 USC 166 (d)(6)), one of the duties of CRS is "to prepare summaries and digests of bills and resolutions of a public general nature introduced in the Senate or House of Representatives". For more information, refer to the User Guide that accompanies this file.</dc:description>
  </dublinCore>
</billStatus>

