<?xml version="1.0" encoding="UTF-8"?>
<billStatus>
  <bill>
    <notes />
    <congress>115</congress>
    <committees>
      <billCommittees />
    </committees>
    <committeeReports />
    <cboCostEstimates />
    <title>A resolution making minority party appointments for the 115th Congress.</title>
    <laws />
    <updateDate>2018-08-28T20:21:26Z</updateDate>
    <relatedBills />
    <version>1.0.0</version>
    <actions>
      <actionByCounts>
        <senate>3</senate>
      </actionByCounts>
      <item>
        <actionDate>2018-02-06</actionDate>
        <committee />
        <links>
          <link>
            <name>S567</name>
            <url>https://www.congress.gov/congressional-record/volume-164/senate-section/page/S567</url>
          </link>
          <link>
            <name>S655</name>
            <url>https://www.congress.gov/congressional-record/volume-164/senate-section/page/S655</url>
          </link>
        </links>
        <sourceSystem>
          <name>Senate</name>
          <code>0</code>
        </sourceSystem>
        <text>Submitted in the Senate, considered, and agreed to without amendment by Unanimous Consent. (consideration: CR S567; text: CR S655)</text>
        <type>Floor</type>
      </item>
      <item>
        <type>Floor</type>
        <links>
          <link>
            <name>S567</name>
            <url>https://www.congress.gov/congressional-record/volume-164/senate-section/page/S567</url>
          </link>
          <link>
            <name>S655</name>
            <url>https://www.congress.gov/congressional-record/volume-164/senate-section/page/S655</url>
          </link>
        </links>
        <sourceSystem>
          <name>Library of Congress</name>
          <code>9</code>
        </sourceSystem>
        <committee />
        <text>Passed/agreed to in Senate: Submitted in the Senate, considered, and agreed to without amendment by Unanimous Consent.(consideration: CR S567; text: CR S655)</text>
        <actionCode>17000</actionCode>
        <actionDate>2018-02-06</actionDate>
      </item>
      <item>
        <type>IntroReferral</type>
        <links />
        <sourceSystem>
          <name>Library of Congress</name>
          <code>9</code>
        </sourceSystem>
        <committee />
        <text>Introduced in Senate</text>
        <actionCode>10000</actionCode>
        <actionDate>2018-02-06</actionDate>
      </item>
      <actionTypeCounts>
        <introducedInSenate>1</introducedInSenate>
        <passedOrAgreedToInSenateDayOf>1</passedOrAgreedToInSenateDayOf>
        <passedAgreedToInSenate>1</passedAgreedToInSenate>
      </actionTypeCounts>
    </actions>
    <sponsors>
      <item>
        <fullName>Sen. Schumer, Charles E. [D-NY]</fullName>
        <identifiers>
          <bioguideId>S000148</bioguideId>
          <lisID>1036</lisID>
          <gpoId>8279</gpoId>
        </identifiers>
        <bioguideId>S000148</bioguideId>
        <lastName>SCHUMER</lastName>
        <firstName>CHARLES</firstName>
        <party>D</party>
        <byRequestType />
        <middleName>E.</middleName>
        <state>NY</state>
      </item>
    </sponsors>
    <billType>SRES</billType>
    <policyArea>
      <name>Congress</name>
    </policyArea>
    <recordedVotes />
    <billNumber>393</billNumber>
    <titles>
      <item>
        <chamberCode />
        <titleType>Official Title as Introduced</titleType>
        <chamberName />
        <title>A resolution making minority party appointments for the 115th Congress.</title>
        <parentTitleType />
      </item>
      <item>
        <chamberCode />
        <titleType>Display Title</titleType>
        <chamberName />
        <title>A resolution making minority party appointments for the 115th Congress.</title>
        <parentTitleType />
      </item>
    </titles>
    <originChamber>Senate</originChamber>
    <subjects>
      <billSubjects>
        <policyArea>
          <name>Congress</name>
        </policyArea>
        <legislativeSubjects />
      </billSubjects>
    </subjects>
    <cosponsors />
    <introducedDate>2018-02-06</introducedDate>
    <calendarNumbers />
    <latestAction>
      <actionDate>2018-02-06</actionDate>
      <links />
      <text>Submitted in the Senate, considered, and agreed to without amendment by Unanimous Consent. (consideration: CR S567; text: CR S655)</text>
    </latestAction>
    <amendments />
    <summaries>
      <billSummaries>
        <item>
          <name>Introduced in Senate</name>
          <actionDesc>Introduced in Senate</actionDesc>
          <actionDate>2018-02-06</actionDate>
          <lastSummaryUpdateDate>2018-03-06T17:09:35Z</lastSummaryUpdateDate>
          <versionCode>00</versionCode>
          <updateDate>2018-02-06T05:00:00Z</updateDate>
          <text><![CDATA[<p>Designates the minority party membership on specified Senate committees for the 115th Congress.</p>]]></text>
        </item>
        <item>
          <name>Passed Senate without amendment</name>
          <actionDesc>Passed Senate without amendment</actionDesc>
          <actionDate>2018-02-06</actionDate>
          <lastSummaryUpdateDate>2018-03-06T20:18:38Z</lastSummaryUpdateDate>
          <versionCode>82</versionCode>
          <updateDate>2018-02-06T17:48:32Z</updateDate>
          <text><![CDATA[<p>(This measure has not been amended since it was introduced. The summary of that version is repeated here.)</p> <p>Designates the minority party membership on specified Senate committees for the 115th Congress.</p>]]></text>
        </item>
      </billSummaries>
    </summaries>
    <createDate>2018-02-07T00:26:00Z</createDate>
  </bill>
  <dublinCore xmlns:dc="http://purl.org/dc/elements/1.1/">
    <dc:format>text/xml</dc:format>
    <dc:language>EN</dc:language>
    <dc:rights>Pursuant to Title 17 Section 105 of the United States Code, this file is not subject to copyright protection and is in the public domain.</dc:rights>
    <dc:contributor>Congressional Research Service, Library of Congress</dc:contributor>
    <dc:description>This file contains bill summaries and statuses for federal legislation. A bill summary describes the most significant provisions of a piece of legislation and details the effects the legislative text may have on current law and federal programs. Bill summaries are authored by the Congressional Research Service (CRS) of the Library of Congress. As stated in Public Law 91-510 (2 USC 166 (d)(6)), one of the duties of CRS is "to prepare summaries and digests of bills and resolutions of a public general nature introduced in the Senate or House of Representatives". For more information, refer to the User Guide that accompanies this file.</dc:description>
  </dublinCore>
</billStatus>

