<?xml version="1.0" encoding="UTF-8"?>
<billStatus>
  <bill>
    <committees>
      <billCommittees />
    </committees>
    <actions>
      <item>
        <actionDate>2017-11-28</actionDate>
        <committee />
        <links>
          <link>
            <url>https://www.congress.gov/congressional-record/volume-163/senate-section/page/S7337</url>
            <name>S7337</name>
          </link>
          <link>
            <url>https://www.congress.gov/congressional-record/volume-163/senate-section/page/S7362</url>
            <name>S7362</name>
          </link>
        </links>
        <sourceSystem>
          <code>0</code>
          <name>Senate</name>
        </sourceSystem>
        <text>Submitted in the Senate, considered, and agreed to without amendment and with a preamble by Unanimous Consent. (consideration: CR S7337; text of measure as introduced: CR S7362)</text>
        <type>Floor</type>
      </item>
      <item>
        <actionDate>2017-11-28</actionDate>
        <links>
          <link>
            <url>https://www.congress.gov/congressional-record/volume-163/senate-section/page/S7337</url>
            <name>S7337</name>
          </link>
          <link>
            <url>https://www.congress.gov/congressional-record/volume-163/senate-section/page/S7362</url>
            <name>S7362</name>
          </link>
        </links>
        <sourceSystem>
          <code>9</code>
          <name>Library of Congress</name>
        </sourceSystem>
        <committee />
        <text>Passed/agreed to in Senate: Submitted in the Senate, considered, and agreed to without amendment and with a preamble by Unanimous Consent.(consideration: CR S7337; text of measure as introduced: CR S7362)</text>
        <type>Floor</type>
        <actionCode>17000</actionCode>
      </item>
      <item>
        <actionDate>2017-11-28</actionDate>
        <links />
        <sourceSystem>
          <code>9</code>
          <name>Library of Congress</name>
        </sourceSystem>
        <committee />
        <text>Introduced in Senate</text>
        <type>IntroReferral</type>
        <actionCode>10000</actionCode>
      </item>
      <actionByCounts>
        <senate>3</senate>
      </actionByCounts>
      <actionTypeCounts>
        <passedAgreedToInSenate>1</passedAgreedToInSenate>
        <passedOrAgreedToInSenateDayOf>1</passedOrAgreedToInSenateDayOf>
        <introducedInSenate>1</introducedInSenate>
      </actionTypeCounts>
    </actions>
    <recordedVotes />
    <laws />
    <calendarNumbers />
    <titles>
      <item>
        <chamberCode />
        <titleType>Official Title as Introduced</titleType>
        <chamberName />
        <title>A resolution to authorize testimony, document production, and representation in Arizona v. Mark Louis Prichard.</title>
        <parentTitleType />
      </item>
      <item>
        <chamberCode />
        <titleType>Display Title</titleType>
        <chamberName />
        <title>A resolution to authorize testimony, document production, and representation in Arizona v. Mark Louis Prichard.</title>
        <parentTitleType />
      </item>
    </titles>
    <cosponsors>
      <item>
        <lastName>SCHUMER</lastName>
        <sponsorshipDate>2017-11-28</sponsorshipDate>
        <party>D</party>
        <fullName>Sen. Schumer, Charles E. [D-NY]</fullName>
        <identifiers>
          <lisID>1036</lisID>
          <bioguideId>S000148</bioguideId>
          <gpoId>8279</gpoId>
        </identifiers>
        <firstName>CHARLES</firstName>
        <sponsorshipWithdrawnDate />
        <state>NY</state>
        <middleName>E.</middleName>
        <bioguideId>S000148</bioguideId>
        <isOriginalCosponsor>True</isOriginalCosponsor>
      </item>
    </cosponsors>
    <cboCostEstimates />
    <latestAction>
      <text>Submitted in the Senate, considered, and agreed to without amendment and with a preamble by Unanimous Consent. (consideration: CR S7337; text of measure as introduced: CR S7362)</text>
      <links />
      <actionDate>2017-11-28</actionDate>
    </latestAction>
    <updateDate>2018-08-28T20:21:18Z</updateDate>
    <version>1.0.0</version>
    <policyArea>
      <name>Congress</name>
    </policyArea>
    <billType>SRES</billType>
    <billNumber>343</billNumber>
    <originChamber>Senate</originChamber>
    <relatedBills />
    <title>A resolution to authorize testimony, document production, and representation in Arizona v. Mark Louis Prichard.</title>
    <congress>115</congress>
    <summaries>
      <billSummaries>
        <item>
          <updateDate>2017-11-28T05:00:00Z</updateDate>
          <lastSummaryUpdateDate>2018-03-08T15:41:30Z</lastSummaryUpdateDate>
          <text><![CDATA[<p> Authorizes: (1) Julie Katsel, an employee in the Office of Senator Jeff Flake, and any other current or former employee of the Senator's office from whom relevant evidence may be necessary, to testify and produce documents in the case of<i> Arizona v. Mark Louis Prichard</i>, except concerning matters for which a privilege should be asserted; and (2) the Senate Legal Counsel to represent current and former Senators, Senate officers, and Senate employees in connection with this case.</p>]]></text>
          <actionDate>2017-11-28</actionDate>
          <actionDesc>Introduced in Senate</actionDesc>
          <name>Introduced in Senate</name>
          <versionCode>00</versionCode>
        </item>
        <item>
          <updateDate>2017-11-28T14:02:59Z</updateDate>
          <lastSummaryUpdateDate>2018-03-08T15:42:54Z</lastSummaryUpdateDate>
          <text><![CDATA[<p>(This measure has not been amended since it was introduced. The summary of that version is repeated here.)</p> <p> Authorizes: (1) Julie Katsel, an employee in the Office of Senator Jeff Flake, and any other current or former employee of the Senator's office from whom relevant evidence may be necessary, to testify and produce documents in the case of<i> Arizona v. Mark Louis Prichard</i>, except concerning matters for which a privilege should be asserted; and (2) the Senate Legal Counsel to represent current and former Senators, Senate officers, and Senate employees in connection with this case.</p>]]></text>
          <actionDate>2017-11-28</actionDate>
          <actionDesc>Passed Senate without amendment</actionDesc>
          <name>Passed Senate without amendment</name>
          <versionCode>82</versionCode>
        </item>
      </billSummaries>
    </summaries>
    <subjects>
      <billSubjects>
        <policyArea>
          <name>Congress</name>
        </policyArea>
        <legislativeSubjects>
          <item>
            <name>Arizona</name>
          </item>
          <item>
            <name>Congressional officers and employees</name>
          </item>
          <item>
            <name>Criminal investigation, prosecution, interrogation</name>
          </item>
          <item>
            <name>Evidence and witnesses</name>
          </item>
          <item>
            <name>Legislative rules and procedure</name>
          </item>
          <item>
            <name>Members of Congress</name>
          </item>
          <item>
            <name>Senate</name>
          </item>
        </legislativeSubjects>
      </billSubjects>
    </subjects>
    <committeeReports />
    <introducedDate>2017-11-28</introducedDate>
    <sponsors>
      <item>
        <bioguideId>M000355</bioguideId>
        <middleName />
        <byRequestType />
        <fullName>Sen. McConnell, Mitch [R-KY]</fullName>
        <lastName>MCCONNELL</lastName>
        <state>KY</state>
        <party>R</party>
        <identifiers>
          <bioguideId>M000355</bioguideId>
          <lisID>1395</lisID>
          <gpoId>8254</gpoId>
        </identifiers>
        <firstName>MITCH</firstName>
      </item>
    </sponsors>
    <notes />
    <createDate>2017-11-29T00:26:11Z</createDate>
    <amendments />
  </bill>
  <dublinCore xmlns:dc="http://purl.org/dc/elements/1.1/">
    <dc:format>text/xml</dc:format>
    <dc:language>EN</dc:language>
    <dc:rights>Pursuant to Title 17 Section 105 of the United States Code, this file is not subject to copyright protection and is in the public domain.</dc:rights>
    <dc:contributor>Congressional Research Service, Library of Congress</dc:contributor>
    <dc:description>This file contains bill summaries and statuses for federal legislation. A bill summary describes the most significant provisions of a piece of legislation and details the effects the legislative text may have on current law and federal programs. Bill summaries are authored by the Congressional Research Service (CRS) of the Library of Congress. As stated in Public Law 91-510 (2 USC 166 (d)(6)), one of the duties of CRS is "to prepare summaries and digests of bills and resolutions of a public general nature introduced in the Senate or House of Representatives". For more information, refer to the User Guide that accompanies this file.</dc:description>
  </dublinCore>
</billStatus>

