<?xml version="1.0" encoding="UTF-8"?>
<billStatus>
  <bill>
    <policyArea>
      <name>Social Welfare</name>
    </policyArea>
    <billType>SRES</billType>
    <latestAction>
      <links />
      <actionDate>2018-03-08</actionDate>
      <text>Referred to the Committee on Health, Education, Labor, and Pensions. (text of measure as introduced: CR S1582)</text>
    </latestAction>
    <createDate>2018-03-09T05:26:04Z</createDate>
    <notes />
    <actions>
      <item>
        <actionDate>2018-03-08</actionDate>
        <committee>
          <systemCode>sshr00</systemCode>
          <name>Health, Education, Labor, and Pensions Committee</name>
        </committee>
        <links>
          <link>
            <url>https://www.congress.gov/congressional-record/volume-164/senate-section/page/S1582</url>
            <name>S1582</name>
          </link>
        </links>
        <sourceSystem>
          <code>0</code>
          <name>Senate</name>
        </sourceSystem>
        <text>Referred to the Committee on Health, Education, Labor, and Pensions. (text of measure as introduced: CR S1582)</text>
        <type>IntroReferral</type>
      </item>
      <item>
        <text>Introduced in Senate</text>
        <type>IntroReferral</type>
        <links />
        <actionDate>2018-03-08</actionDate>
        <sourceSystem>
          <code>9</code>
          <name>Library of Congress</name>
        </sourceSystem>
        <committee />
        <actionCode>10000</actionCode>
      </item>
      <actionByCounts>
        <senate>2</senate>
      </actionByCounts>
      <actionTypeCounts>
        <introducedInSenate>1</introducedInSenate>
        <referredToCommittee>1</referredToCommittee>
      </actionTypeCounts>
    </actions>
    <calendarNumbers />
    <congress>115</congress>
    <subjects>
      <billSubjects>
        <policyArea>
          <name>Social Welfare</name>
        </policyArea>
        <legislativeSubjects />
      </billSubjects>
    </subjects>
    <billNumber>427</billNumber>
    <title>A resolution supporting the goals and ideals of Social Work Month during March 2018 and World Social Work Day on March 20, 2018.</title>
    <committees>
      <billCommittees>
        <item>
          <activities>
            <item>
              <name>Referred to</name>
              <date>2018-03-08T19:12:44Z</date>
            </item>
          </activities>
          <chamber>Senate</chamber>
          <systemCode>sshr00</systemCode>
          <name>Health, Education, Labor, and Pensions Committee</name>
          <type>Standing</type>
          <subcommittees />
        </item>
      </billCommittees>
    </committees>
    <introducedDate>2018-03-08</introducedDate>
    <version>1.0.0</version>
    <committeeReports />
    <updateDate>2018-08-28T20:21:32Z</updateDate>
    <laws />
    <originChamber>Senate</originChamber>
    <cboCostEstimates />
    <sponsors>
      <item>
        <middleName>ANN</middleName>
        <bioguideId>S000770</bioguideId>
        <identifiers>
          <bioguideId>S000770</bioguideId>
          <gpoId>8261</gpoId>
          <lisID>1531</lisID>
        </identifiers>
        <fullName>Sen. Stabenow, Debbie [D-MI]</fullName>
        <byRequestType />
        <party>D</party>
        <firstName>DEBORAH</firstName>
        <state>MI</state>
        <lastName>STABENOW</lastName>
      </item>
    </sponsors>
    <relatedBills>
      <item>
        <congress>115</congress>
        <number>770</number>
        <type>HRES</type>
        <latestTitle>Supporting the goals and ideals of Social Work Month during March 2018 and World Social Work Day on March 20, 2018.</latestTitle>
        <relationshipDetails>
          <item>
            <type>Related bill</type>
            <identifiedBy>CRS</identifiedBy>
          </item>
        </relationshipDetails>
        <latestAction>
          <text>Referred to the House Committee on Education and the Workforce.</text>
          <actionDate>2018-03-09</actionDate>
        </latestAction>
      </item>
    </relatedBills>
    <cosponsors />
    <titles>
      <item>
        <chamberCode />
        <titleType>Official Title as Introduced</titleType>
        <parentTitleType />
        <chamberName />
        <title>A resolution supporting the goals and ideals of Social Work Month during March 2018 and World Social Work Day on March 20, 2018.</title>
      </item>
      <item>
        <chamberCode />
        <titleType>Display Title</titleType>
        <parentTitleType />
        <chamberName />
        <title>A resolution supporting the goals and ideals of Social Work Month during March 2018 and World Social Work Day on March 20, 2018.</title>
      </item>
    </titles>
    <recordedVotes />
    <summaries>
      <billSummaries>
        <item>
          <versionCode>00</versionCode>
          <actionDate>2018-03-08</actionDate>
          <actionDesc>Introduced in Senate</actionDesc>
          <name>Introduced in Senate</name>
          <lastSummaryUpdateDate>2018-04-06T14:53:19Z</lastSummaryUpdateDate>
          <text><![CDATA[<p>Expresses support for the goals and ideals of Social Work Month during March 2018 and World Social Work Day on March 20, 2018.<br /></p>]]></text>
          <updateDate>2018-03-08T05:00:00Z</updateDate>
        </item>
      </billSummaries>
    </summaries>
    <amendments />
  </bill>
  <dublinCore xmlns:dc="http://purl.org/dc/elements/1.1/">
    <dc:format>text/xml</dc:format>
    <dc:language>EN</dc:language>
    <dc:rights>Pursuant to Title 17 Section 105 of the United States Code, this file is not subject to copyright protection and is in the public domain.</dc:rights>
    <dc:contributor>Congressional Research Service, Library of Congress</dc:contributor>
    <dc:description>This file contains bill summaries and statuses for federal legislation. A bill summary describes the most significant provisions of a piece of legislation and details the effects the legislative text may have on current law and federal programs. Bill summaries are authored by the Congressional Research Service (CRS) of the Library of Congress. As stated in Public Law 91-510 (2 USC 166 (d)(6)), one of the duties of CRS is "to prepare summaries and digests of bills and resolutions of a public general nature introduced in the Senate or House of Representatives". For more information, refer to the User Guide that accompanies this file.</dc:description>
  </dublinCore>
</billStatus>

