<?xml version="1.0" encoding="UTF-8"?>
<billStatus>
  <bill>
    <notes />
    <congress>115</congress>
    <committees>
      <billCommittees />
    </committees>
    <committeeReports />
    <cboCostEstimates />
    <title>A resolution designating the week of September 25 through 29, 2017, as "National Adult Education and Family Literacy Week".</title>
    <laws />
    <updateDate>2018-08-28T20:21:11Z</updateDate>
    <relatedBills />
    <version>1.0.0</version>
    <actions>
      <actionTypeCounts>
        <passedOrAgreedToInSenateDayOf>1</passedOrAgreedToInSenateDayOf>
        <passedAgreedToInSenate>1</passedAgreedToInSenate>
        <introducedInSenate>1</introducedInSenate>
      </actionTypeCounts>
      <item>
        <actionDate>2017-09-28</actionDate>
        <committee />
        <links>
          <link>
            <url>https://www.congress.gov/congressional-record/volume-163/senate-section/page/S6231</url>
            <name>S6231</name>
          </link>
          <link>
            <url>https://www.congress.gov/congressional-record/volume-163/senate-section/page/S6234</url>
            <name>S6234</name>
          </link>
        </links>
        <sourceSystem>
          <code>0</code>
          <name>Senate</name>
        </sourceSystem>
        <text>Submitted in the Senate, considered, and agreed to without amendment and with a preamble by Unanimous Consent. (consideration: CR S6234; text: CR S6231)</text>
        <type>Floor</type>
      </item>
      <item>
        <links>
          <link>
            <url>https://www.congress.gov/congressional-record/volume-163/senate-section/page/S6231</url>
            <name>S6231</name>
          </link>
          <link>
            <url>https://www.congress.gov/congressional-record/volume-163/senate-section/page/S6234</url>
            <name>S6234</name>
          </link>
        </links>
        <type>Floor</type>
        <actionDate>2017-09-28</actionDate>
        <text>Passed/agreed to in Senate: Submitted in the Senate, considered, and agreed to without amendment and with a preamble by Unanimous Consent.(consideration: CR S6234; text: CR S6231)</text>
        <committee />
        <sourceSystem>
          <code>9</code>
          <name>Library of Congress</name>
        </sourceSystem>
        <actionCode>17000</actionCode>
      </item>
      <item>
        <links />
        <type>IntroReferral</type>
        <actionDate>2017-09-28</actionDate>
        <text>Introduced in Senate</text>
        <committee />
        <sourceSystem>
          <code>9</code>
          <name>Library of Congress</name>
        </sourceSystem>
        <actionCode>10000</actionCode>
      </item>
      <actionByCounts>
        <senate>3</senate>
      </actionByCounts>
    </actions>
    <sponsors>
      <item>
        <fullName>Sen. Murray, Patty [D-WA]</fullName>
        <identifiers>
          <bioguideId>M001111</bioguideId>
          <gpoId>8237</gpoId>
          <lisID>1409</lisID>
        </identifiers>
        <bioguideId>M001111</bioguideId>
        <lastName>MURRAY</lastName>
        <firstName>PATTY</firstName>
        <party>D</party>
        <byRequestType />
        <middleName />
        <state>WA</state>
      </item>
    </sponsors>
    <billType>SRES</billType>
    <policyArea>
      <name>Education</name>
    </policyArea>
    <recordedVotes />
    <billNumber>277</billNumber>
    <titles>
      <item>
        <chamberCode />
        <titleType>Official Title as Introduced</titleType>
        <chamberName />
        <title>A resolution designating the week of September 25 through 29, 2017, as "National Adult Education and Family Literacy Week".</title>
        <parentTitleType />
      </item>
      <item>
        <chamberCode />
        <titleType>Display Title</titleType>
        <chamberName />
        <title>A resolution designating the week of September 25 through 29, 2017, as "National Adult Education and Family Literacy Week".</title>
        <parentTitleType />
      </item>
    </titles>
    <originChamber>Senate</originChamber>
    <subjects>
      <billSubjects>
        <legislativeSubjects>
          <item>
            <name>Adult education and literacy</name>
          </item>
          <item>
            <name>Commemorative events and holidays</name>
          </item>
        </legislativeSubjects>
        <policyArea>
          <name>Education</name>
        </policyArea>
      </billSubjects>
    </subjects>
    <cosponsors>
      <item>
        <fullName>Sen. Alexander, Lamar [R-TN]</fullName>
        <identifiers>
          <lisID>1695</lisID>
          <bioguideId>A000360</bioguideId>
          <gpoId>8304</gpoId>
        </identifiers>
        <sponsorshipDate>2017-09-28</sponsorshipDate>
        <lastName>Alexander</lastName>
        <firstName>Lamar</firstName>
        <sponsorshipWithdrawnDate />
        <state>TN</state>
        <party>R</party>
        <middleName />
        <bioguideId>A000360</bioguideId>
        <isOriginalCosponsor>True</isOriginalCosponsor>
      </item>
      <item>
        <fullName>Sen. Durbin, Richard J. [D-IL]</fullName>
        <identifiers>
          <lisID>326</lisID>
          <bioguideId>D000563</bioguideId>
          <gpoId>8326</gpoId>
        </identifiers>
        <sponsorshipDate>2017-09-28</sponsorshipDate>
        <lastName>DURBIN</lastName>
        <firstName>RICHARD</firstName>
        <sponsorshipWithdrawnDate />
        <state>IL</state>
        <party>D</party>
        <middleName>J.</middleName>
        <bioguideId>D000563</bioguideId>
        <isOriginalCosponsor>True</isOriginalCosponsor>
      </item>
      <item>
        <fullName>Sen. Cochran, Thad [R-MS]</fullName>
        <identifiers>
          <lisID>213</lisID>
          <gpoId>8292</gpoId>
          <bioguideId>C000567</bioguideId>
        </identifiers>
        <sponsorshipDate>2017-09-28</sponsorshipDate>
        <lastName>Cochran</lastName>
        <firstName>Thad</firstName>
        <sponsorshipWithdrawnDate />
        <state>MS</state>
        <party>R</party>
        <middleName />
        <bioguideId>C000567</bioguideId>
        <isOriginalCosponsor>True</isOriginalCosponsor>
      </item>
      <item>
        <fullName>Sen. Collins, Susan M. [R-ME]</fullName>
        <identifiers>
          <lisID>1541</lisID>
          <bioguideId>C001035</bioguideId>
          <gpoId>8291</gpoId>
        </identifiers>
        <sponsorshipDate>2017-09-28</sponsorshipDate>
        <lastName>COLLINS</lastName>
        <firstName>SUSAN</firstName>
        <sponsorshipWithdrawnDate />
        <state>ME</state>
        <party>R</party>
        <middleName>MARGARET</middleName>
        <bioguideId>C001035</bioguideId>
        <isOriginalCosponsor>True</isOriginalCosponsor>
      </item>
      <item>
        <fullName>Sen. Donnelly, Joe [D-IN]</fullName>
        <identifiers>
          <bioguideId>D000607</bioguideId>
          <gpoId>7941</gpoId>
          <lisID>1850</lisID>
        </identifiers>
        <sponsorshipDate>2017-09-28</sponsorshipDate>
        <lastName>Donnelly</lastName>
        <firstName>Joe</firstName>
        <sponsorshipWithdrawnDate />
        <state>IN</state>
        <party>D</party>
        <middleName />
        <bioguideId>D000607</bioguideId>
        <isOriginalCosponsor>True</isOriginalCosponsor>
      </item>
      <item>
        <fullName>Sen. Murphy, Christopher [D-CT]</fullName>
        <identifiers>
          <gpoId>7870</gpoId>
          <lisID>1837</lisID>
          <bioguideId>M001169</bioguideId>
        </identifiers>
        <sponsorshipDate>2017-09-28</sponsorshipDate>
        <lastName>Murphy</lastName>
        <firstName>Christopher</firstName>
        <sponsorshipWithdrawnDate />
        <state>CT</state>
        <party>D</party>
        <middleName />
        <bioguideId>M001169</bioguideId>
        <isOriginalCosponsor>True</isOriginalCosponsor>
      </item>
      <item>
        <fullName>Sen. Reed, Jack [D-RI]</fullName>
        <identifiers>
          <lisID>949</lisID>
          <bioguideId>R000122</bioguideId>
          <gpoId>8272</gpoId>
        </identifiers>
        <sponsorshipDate>2017-09-28</sponsorshipDate>
        <lastName>REED</lastName>
        <firstName>JOHN</firstName>
        <sponsorshipWithdrawnDate />
        <state>RI</state>
        <party>D</party>
        <middleName>F.</middleName>
        <bioguideId>R000122</bioguideId>
        <isOriginalCosponsor>True</isOriginalCosponsor>
      </item>
    </cosponsors>
    <introducedDate>2017-09-28</introducedDate>
    <calendarNumbers />
    <latestAction>
      <actionDate>2017-09-28</actionDate>
      <links />
      <text>Submitted in the Senate, considered, and agreed to without amendment and with a preamble by Unanimous Consent. (consideration: CR S6234; text: CR S6231)</text>
    </latestAction>
    <amendments />
    <summaries>
      <billSummaries>
        <item>
          <lastSummaryUpdateDate>2018-03-02T16:33:38Z</lastSummaryUpdateDate>
          <actionDate>2017-09-28</actionDate>
          <text><![CDATA[<p>Designates the week of September 25-29, 2017, as National Adult Education and Family Literacy Week.</p>]]></text>
          <updateDate>2017-09-28T04:00:00Z</updateDate>
          <name>Introduced in Senate</name>
          <versionCode>00</versionCode>
          <actionDesc>Introduced in Senate</actionDesc>
        </item>
        <item>
          <lastSummaryUpdateDate>2018-03-02T16:34:13Z</lastSummaryUpdateDate>
          <actionDate>2017-09-28</actionDate>
          <text><![CDATA[<p>(This measure has not been amended since it was introduced. The summary of that version is repeated here.)</p> <p>Designates the week of September 25-29, 2017, as National Adult Education and Family Literacy Week.</p>]]></text>
          <updateDate>2017-09-28T13:44:15Z</updateDate>
          <name>Passed Senate without amendment</name>
          <versionCode>82</versionCode>
          <actionDesc>Passed Senate without amendment</actionDesc>
        </item>
      </billSummaries>
    </summaries>
    <createDate>2017-09-29T00:26:24Z</createDate>
  </bill>
  <dublinCore xmlns:dc="http://purl.org/dc/elements/1.1/">
    <dc:format>text/xml</dc:format>
    <dc:language>EN</dc:language>
    <dc:rights>Pursuant to Title 17 Section 105 of the United States Code, this file is not subject to copyright protection and is in the public domain.</dc:rights>
    <dc:contributor>Congressional Research Service, Library of Congress</dc:contributor>
    <dc:description>This file contains bill summaries and statuses for federal legislation. A bill summary describes the most significant provisions of a piece of legislation and details the effects the legislative text may have on current law and federal programs. Bill summaries are authored by the Congressional Research Service (CRS) of the Library of Congress. As stated in Public Law 91-510 (2 USC 166 (d)(6)), one of the duties of CRS is "to prepare summaries and digests of bills and resolutions of a public general nature introduced in the Senate or House of Representatives". For more information, refer to the User Guide that accompanies this file.</dc:description>
  </dublinCore>
</billStatus>

