<?xml version="1.0" encoding="UTF-8"?>
<billStatus>
  <bill>
    <title>A resolution recognizing and celebrating the National Comedy Center being built at 203-217 West Second Street, Jamestown, New York.</title>
    <originChamber>Senate</originChamber>
    <updateDate>2018-08-28T20:21:40Z</updateDate>
    <calendarNumbers />
    <subjects>
      <billSubjects>
        <policyArea>
          <name>Arts, Culture, Religion</name>
        </policyArea>
        <legislativeSubjects />
      </billSubjects>
    </subjects>
    <version>1.0.0</version>
    <billType>SRES</billType>
    <latestAction>
      <text>Referred to the Committee on the Judiciary. (text of measure as introduced: CR S2329)</text>
      <links />
      <actionDate>2018-04-19</actionDate>
    </latestAction>
    <policyArea>
      <name>Arts, Culture, Religion</name>
    </policyArea>
    <relatedBills />
    <introducedDate>2018-04-19</introducedDate>
    <actions>
      <item>
        <actionDate>2018-04-19</actionDate>
        <committee>
          <systemCode>ssju00</systemCode>
          <name>Judiciary Committee</name>
        </committee>
        <links>
          <link>
            <url>https://www.congress.gov/congressional-record/volume-164/senate-section/page/S2329</url>
            <name>S2329</name>
          </link>
        </links>
        <sourceSystem>
          <code>0</code>
          <name>Senate</name>
        </sourceSystem>
        <text>Referred to the Committee on the Judiciary. (text of measure as introduced: CR S2329)</text>
        <type>IntroReferral</type>
      </item>
      <item>
        <actionDate>2018-04-19</actionDate>
        <actionCode>10000</actionCode>
        <text>Introduced in Senate</text>
        <committee />
        <links />
        <type>IntroReferral</type>
        <sourceSystem>
          <code>9</code>
          <name>Library of Congress</name>
        </sourceSystem>
      </item>
      <actionTypeCounts>
        <referredToCommittee>1</referredToCommittee>
        <introducedInSenate>1</introducedInSenate>
      </actionTypeCounts>
      <actionByCounts>
        <senate>2</senate>
      </actionByCounts>
    </actions>
    <laws />
    <congress>115</congress>
    <committeeReports />
    <billNumber>477</billNumber>
    <cboCostEstimates />
    <cosponsors>
      <item>
        <bioguideId>G000555</bioguideId>
        <middleName>E.</middleName>
        <isOriginalCosponsor>False</isOriginalCosponsor>
        <fullName>Sen. Gillibrand, Kirsten E. [D-NY]</fullName>
        <lastName>Gillibrand</lastName>
        <state>NY</state>
        <party>D</party>
        <sponsorshipWithdrawnDate />
        <identifiers>
          <lisID>1866</lisID>
          <bioguideId>G000555</bioguideId>
          <gpoId>8336</gpoId>
        </identifiers>
        <sponsorshipDate>2018-06-20</sponsorshipDate>
        <firstName>Kirsten</firstName>
      </item>
    </cosponsors>
    <summaries>
      <billSummaries />
    </summaries>
    <committees>
      <billCommittees>
        <item>
          <type>Standing</type>
          <name>Judiciary Committee</name>
          <systemCode>ssju00</systemCode>
          <chamber>Senate</chamber>
          <activities>
            <item>
              <name>Referred to</name>
              <date>2018-04-19T19:44:43Z</date>
            </item>
          </activities>
          <subcommittees />
        </item>
      </billCommittees>
    </committees>
    <notes />
    <amendments />
    <recordedVotes />
    <createDate>2018-04-20T04:25:57Z</createDate>
    <sponsors>
      <item>
        <bioguideId>S000148</bioguideId>
        <party>D</party>
        <firstName>CHARLES</firstName>
        <fullName>Sen. Schumer, Charles E. [D-NY]</fullName>
        <state>NY</state>
        <lastName>SCHUMER</lastName>
        <middleName>E.</middleName>
        <identifiers>
          <bioguideId>S000148</bioguideId>
          <lisID>1036</lisID>
          <gpoId>8279</gpoId>
        </identifiers>
        <byRequestType />
      </item>
    </sponsors>
    <titles>
      <item>
        <titleType>Official Title as Introduced</titleType>
        <chamberName />
        <chamberCode />
        <parentTitleType />
        <title>A resolution recognizing and celebrating the National Comedy Center being built at 203-217 West Second Street, Jamestown, New York.</title>
      </item>
      <item>
        <titleType>Display Title</titleType>
        <chamberName />
        <chamberCode />
        <parentTitleType />
        <title>A resolution recognizing and celebrating the National Comedy Center being built at 203-217 West Second Street, Jamestown, New York.</title>
      </item>
    </titles>
  </bill>
  <dublinCore xmlns:dc="http://purl.org/dc/elements/1.1/">
    <dc:format>text/xml</dc:format>
    <dc:language>EN</dc:language>
    <dc:rights>Pursuant to Title 17 Section 105 of the United States Code, this file is not subject to copyright protection and is in the public domain.</dc:rights>
    <dc:contributor>Congressional Research Service, Library of Congress</dc:contributor>
    <dc:description>This file contains bill summaries and statuses for federal legislation. A bill summary describes the most significant provisions of a piece of legislation and details the effects the legislative text may have on current law and federal programs. Bill summaries are authored by the Congressional Research Service (CRS) of the Library of Congress. As stated in Public Law 91-510 (2 USC 166 (d)(6)), one of the duties of CRS is "to prepare summaries and digests of bills and resolutions of a public general nature introduced in the Senate or House of Representatives". For more information, refer to the User Guide that accompanies this file.</dc:description>
  </dublinCore>
</billStatus>

