<?xml version="1.0" encoding="UTF-8"?>
<billStatus>
  <bill>
    <policyArea>
      <name>Sports and Recreation</name>
    </policyArea>
    <billType>SRES</billType>
    <latestAction>
      <links />
      <actionDate>2017-12-21</actionDate>
      <text>Submitted in the Senate, considered, and agreed to without amendment and with a preamble by Unanimous Consent. (consideration: CR S8238-8239; text: CR S8263-8264)</text>
    </latestAction>
    <createDate>2017-12-22T00:41:10Z</createDate>
    <notes />
    <actions>
      <actionTypeCounts>
        <introducedInSenate>1</introducedInSenate>
        <passedAgreedToInSenate>1</passedAgreedToInSenate>
        <passedOrAgreedToInSenateDayOf>1</passedOrAgreedToInSenateDayOf>
      </actionTypeCounts>
      <item>
        <actionDate>2017-12-21</actionDate>
        <committee />
        <links>
          <link>
            <name>S8238-8239</name>
            <url>https://www.congress.gov/congressional-record/volume-163/senate-section/page/S8238-8239</url>
          </link>
          <link>
            <name>S8263-8264</name>
            <url>https://www.congress.gov/congressional-record/volume-163/senate-section/page/S8263-8264</url>
          </link>
        </links>
        <sourceSystem>
          <name>Senate</name>
          <code>0</code>
        </sourceSystem>
        <text>Submitted in the Senate, considered, and agreed to without amendment and with a preamble by Unanimous Consent. (consideration: CR S8238-8239; text: CR S8263-8264)</text>
        <type>Floor</type>
      </item>
      <item>
        <actionDate>2017-12-21</actionDate>
        <actionCode>17000</actionCode>
        <committee />
        <text>Passed/agreed to in Senate: Submitted in the Senate, considered, and agreed to without amendment and with a preamble by Unanimous Consent.(consideration: CR S8238-8239; text: CR S8263-8264)</text>
        <links>
          <link>
            <name>S8238-8239</name>
            <url>https://www.congress.gov/congressional-record/volume-163/senate-section/page/S8238-8239</url>
          </link>
          <link>
            <name>S8263-8264</name>
            <url>https://www.congress.gov/congressional-record/volume-163/senate-section/page/S8263-8264</url>
          </link>
        </links>
        <type>Floor</type>
        <sourceSystem>
          <name>Library of Congress</name>
          <code>9</code>
        </sourceSystem>
      </item>
      <item>
        <actionDate>2017-12-21</actionDate>
        <actionCode>10000</actionCode>
        <committee />
        <text>Introduced in Senate</text>
        <links />
        <type>IntroReferral</type>
        <sourceSystem>
          <name>Library of Congress</name>
          <code>9</code>
        </sourceSystem>
      </item>
      <actionByCounts>
        <senate>3</senate>
      </actionByCounts>
    </actions>
    <calendarNumbers />
    <congress>115</congress>
    <subjects>
      <billSubjects>
        <policyArea>
          <name>Sports and Recreation</name>
        </policyArea>
        <legislativeSubjects />
      </billSubjects>
    </subjects>
    <billNumber>365</billNumber>
    <title>A resolution congratulating the University of Nebraska-Lincoln volleyball team for winning the 2017 National Collegiate Athletic Association Division I Volleyball Championship.</title>
    <committees>
      <billCommittees />
    </committees>
    <introducedDate>2017-12-21</introducedDate>
    <version>1.0.0</version>
    <committeeReports />
    <updateDate>2018-08-28T20:21:22Z</updateDate>
    <laws />
    <originChamber>Senate</originChamber>
    <cboCostEstimates />
    <sponsors>
      <item>
        <middleName />
        <bioguideId>F000463</bioguideId>
        <identifiers>
          <lisID>2179</lisID>
          <gpoId />
          <bioguideId>F000463</bioguideId>
        </identifiers>
        <fullName>Sen. Fischer, Deb [R-NE]</fullName>
        <byRequestType />
        <party>R</party>
        <firstName>Deb</firstName>
        <state>NE</state>
        <lastName>Fischer</lastName>
      </item>
    </sponsors>
    <relatedBills />
    <cosponsors>
      <item>
        <middleName />
        <bioguideId>S001197</bioguideId>
        <identifiers>
          <lisID>2289</lisID>
          <gpoId />
          <bioguideId>S001197</bioguideId>
        </identifiers>
        <state>NE</state>
        <fullName>Sen. Sasse, Ben  [R-NE]</fullName>
        <isOriginalCosponsor>True</isOriginalCosponsor>
        <party>R</party>
        <sponsorshipWithdrawnDate />
        <firstName>Ben</firstName>
        <lastName>Sasse</lastName>
        <sponsorshipDate>2017-12-21</sponsorshipDate>
      </item>
    </cosponsors>
    <titles>
      <item>
        <titleType>Official Title as Introduced</titleType>
        <chamberName />
        <chamberCode />
        <parentTitleType />
        <title>A resolution congratulating the University of Nebraska-Lincoln volleyball team for winning the 2017 National Collegiate Athletic Association Division I Volleyball Championship.</title>
      </item>
      <item>
        <titleType>Display Title</titleType>
        <chamberName />
        <chamberCode />
        <parentTitleType />
        <title>A resolution congratulating the University of Nebraska-Lincoln volleyball team for winning the 2017 National Collegiate Athletic Association Division I Volleyball Championship.</title>
      </item>
    </titles>
    <recordedVotes />
    <summaries>
      <billSummaries>
        <item>
          <name>Introduced in Senate</name>
          <actionDesc>Introduced in Senate</actionDesc>
          <actionDate>2017-12-21</actionDate>
          <lastSummaryUpdateDate>2018-01-03T23:09:03Z</lastSummaryUpdateDate>
          <versionCode>00</versionCode>
          <updateDate>2017-12-21T05:00:00Z</updateDate>
          <text><![CDATA[<p>Congratulates the University of Nebraska-Lincoln volleyball team as the winner of the 2017 National Collegiate Athletic Association Division I Volleyball Championship.</p>]]></text>
        </item>
        <item>
          <name>Passed Senate without amendment</name>
          <actionDesc>Passed Senate without amendment</actionDesc>
          <actionDate>2017-12-21</actionDate>
          <lastSummaryUpdateDate>2018-01-03T23:09:14Z</lastSummaryUpdateDate>
          <versionCode>82</versionCode>
          <updateDate>2017-12-21T16:32:21Z</updateDate>
          <text><![CDATA[<p>(This measure has not been amended since it was introduced. The summary of that version is repeated here.)</p> <p>Congratulates the University of Nebraska-Lincoln volleyball team as the winner of the 2017 National Collegiate Athletic Association Division I Volleyball Championship.</p>]]></text>
        </item>
      </billSummaries>
    </summaries>
    <amendments />
  </bill>
  <dublinCore xmlns:dc="http://purl.org/dc/elements/1.1/">
    <dc:format>text/xml</dc:format>
    <dc:language>EN</dc:language>
    <dc:rights>Pursuant to Title 17 Section 105 of the United States Code, this file is not subject to copyright protection and is in the public domain.</dc:rights>
    <dc:contributor>Congressional Research Service, Library of Congress</dc:contributor>
    <dc:description>This file contains bill summaries and statuses for federal legislation. A bill summary describes the most significant provisions of a piece of legislation and details the effects the legislative text may have on current law and federal programs. Bill summaries are authored by the Congressional Research Service (CRS) of the Library of Congress. As stated in Public Law 91-510 (2 USC 166 (d)(6)), one of the duties of CRS is "to prepare summaries and digests of bills and resolutions of a public general nature introduced in the Senate or House of Representatives". For more information, refer to the User Guide that accompanies this file.</dc:description>
  </dublinCore>
</billStatus>

