<?xml version="1.0" encoding="UTF-8"?>
<billStatus>
  <bill>
    <committeeReports />
    <updateDate>2018-08-28T20:20:29Z</updateDate>
    <laws />
    <billType>SRES</billType>
    <subjects>
      <billSubjects>
        <legislativeSubjects>
          <item>
            <name>Commemorative events and holidays</name>
          </item>
          <item>
            <name>Conflicts and wars</name>
          </item>
          <item>
            <name>Military history</name>
          </item>
          <item>
            <name>U.S. history</name>
          </item>
          <item>
            <name>Women's employment</name>
          </item>
        </legislativeSubjects>
        <policyArea>
          <name>Labor and Employment</name>
        </policyArea>
      </billSubjects>
    </subjects>
    <policyArea>
      <name>Labor and Employment</name>
    </policyArea>
    <recordedVotes />
    <originChamber>Senate</originChamber>
    <latestAction>
      <text>Resolution agreed to in Senate without amendment and with a preamble by Unanimous Consent.</text>
      <links />
      <actionDate>2017-03-15</actionDate>
    </latestAction>
    <billNumber>76</billNumber>
    <introducedDate>2017-03-01</introducedDate>
    <cosponsors>
      <item>
        <bioguideId>I000055</bioguideId>
        <party>R</party>
        <firstName>Johnny</firstName>
        <fullName>Sen. Isakson, Johnny [R-GA]</fullName>
        <lastName>Isakson</lastName>
        <state>GA</state>
        <isOriginalCosponsor>True</isOriginalCosponsor>
        <middleName />
        <identifiers>
          <bioguideId>I000055</bioguideId>
          <gpoId>8323</gpoId>
          <lisID>1608</lisID>
        </identifiers>
        <sponsorshipDate>2017-03-01</sponsorshipDate>
        <sponsorshipWithdrawnDate />
      </item>
      <item>
        <bioguideId>C001047</bioguideId>
        <party>R</party>
        <firstName>SHELLEY</firstName>
        <fullName>Sen. Capito, Shelley Moore [R-WV]</fullName>
        <lastName>CAPITO</lastName>
        <state>WV</state>
        <isOriginalCosponsor>True</isOriginalCosponsor>
        <middleName>MOORE</middleName>
        <identifiers>
          <bioguideId>C001047</bioguideId>
          <lisID>1676</lisID>
          <gpoId>8223</gpoId>
        </identifiers>
        <sponsorshipDate>2017-03-01</sponsorshipDate>
        <sponsorshipWithdrawnDate />
      </item>
      <item>
        <bioguideId>C001088</bioguideId>
        <party>D</party>
        <firstName>Christopher</firstName>
        <fullName>Sen. Coons, Christopher A. [D-DE]</fullName>
        <lastName>Coons</lastName>
        <state>DE</state>
        <isOriginalCosponsor>True</isOriginalCosponsor>
        <middleName>A.</middleName>
        <identifiers>
          <lisID>1984</lisID>
          <gpoId>8297</gpoId>
          <bioguideId>C001088</bioguideId>
        </identifiers>
        <sponsorshipDate>2017-03-01</sponsorshipDate>
        <sponsorshipWithdrawnDate />
      </item>
      <item>
        <bioguideId>S001181</bioguideId>
        <party>D</party>
        <firstName>Jeanne</firstName>
        <fullName>Sen. Shaheen, Jeanne [D-NH]</fullName>
        <lastName>Shaheen</lastName>
        <state>NH</state>
        <isOriginalCosponsor>True</isOriginalCosponsor>
        <middleName />
        <identifiers>
          <lisID>1901</lisID>
          <bioguideId>S001181</bioguideId>
          <gpoId>8276</gpoId>
        </identifiers>
        <sponsorshipDate>2017-03-01</sponsorshipDate>
        <sponsorshipWithdrawnDate />
      </item>
      <item>
        <bioguideId>F000062</bioguideId>
        <party>D</party>
        <firstName>DIANNE</firstName>
        <fullName>Sen. Feinstein, Dianne [D-CA]</fullName>
        <lastName>FEINSTEIN</lastName>
        <state>CA</state>
        <isOriginalCosponsor>False</isOriginalCosponsor>
        <middleName />
        <identifiers>
          <bioguideId>F000062</bioguideId>
          <lisID>1332</lisID>
          <gpoId>8338</gpoId>
        </identifiers>
        <sponsorshipDate>2017-03-13</sponsorshipDate>
        <sponsorshipWithdrawnDate />
      </item>
      <item>
        <bioguideId>M001183</bioguideId>
        <party>D</party>
        <firstName>Joe</firstName>
        <fullName>Sen. Manchin, Joe, III [D-WV]</fullName>
        <lastName>Manchin</lastName>
        <state>WV</state>
        <isOriginalCosponsor>False</isOriginalCosponsor>
        <middleName />
        <identifiers>
          <gpoId>8256</gpoId>
          <lisID>1983</lisID>
          <bioguideId>M001183</bioguideId>
        </identifiers>
        <sponsorshipDate>2017-03-13</sponsorshipDate>
        <sponsorshipWithdrawnDate />
      </item>
    </cosponsors>
    <committees>
      <billCommittees>
        <item>
          <systemCode>ssju00</systemCode>
          <chamber>Senate</chamber>
          <type>Standing</type>
          <subcommittees />
          <name>Judiciary Committee</name>
          <activities>
            <item>
              <date>2017-03-15T21:32:25Z</date>
              <name>Discharged from</name>
            </item>
            <item>
              <date>2017-03-01T20:24:41Z</date>
              <name>Referred to</name>
            </item>
          </activities>
        </item>
      </billCommittees>
    </committees>
    <notes />
    <relatedBills>
      <item>
        <relationshipDetails>
          <item>
            <type>Related bill</type>
            <identifiedBy>CRS</identifiedBy>
          </item>
        </relationshipDetails>
        <latestTitle>Expressing support for designation of March 21, 2017, as "National Rosie the Riveter Day".</latestTitle>
        <type>HRES</type>
        <congress>115</congress>
        <number>162</number>
        <latestAction>
          <text>Referred to the House Committee on Education and the Workforce.</text>
          <actionDate>2017-03-01</actionDate>
        </latestAction>
      </item>
      <item>
        <relationshipDetails>
          <item>
            <type>Related bill</type>
            <identifiedBy>CRS</identifiedBy>
          </item>
        </relationshipDetails>
        <latestTitle>A resolution expressing support for the designation of March 21, 2018 as "National Rosie the Riveter Day".</latestTitle>
        <type>SRES</type>
        <congress>115</congress>
        <number>418</number>
        <latestAction>
          <text>Submitted in the Senate, considered, and agreed to without amendment and with a preamble by Unanimous Consent. (consideration: CR S1293; text: CR S1290)</text>
          <actionDate>2018-02-28</actionDate>
        </latestAction>
      </item>
    </relatedBills>
    <title>A resolution expressing support for the designation of March 21, 2017, as "National Rosie the Riveter Day".</title>
    <sponsors>
      <item>
        <fullName>Sen. Casey, Robert P., Jr. [D-PA]</fullName>
        <firstName>Bob</firstName>
        <lastName>Casey</lastName>
        <state>PA</state>
        <bioguideId>C001070</bioguideId>
        <party>D</party>
        <identifiers>
          <lisID>1828</lisID>
          <bioguideId>C001070</bioguideId>
          <gpoId>8282</gpoId>
        </identifiers>
        <byRequestType />
        <middleName />
      </item>
    </sponsors>
    <congress>115</congress>
    <version>1.0.0</version>
    <amendments />
    <titles>
      <item>
        <chamberName />
        <parentTitleType />
        <titleType>Official Title as Introduced</titleType>
        <title>A resolution expressing support for the designation of March 21, 2017, as "National Rosie the Riveter Day".</title>
        <chamberCode />
      </item>
      <item>
        <chamberName />
        <parentTitleType />
        <titleType>Display Title</titleType>
        <title>A resolution expressing support for the designation of March 21, 2017, as "National Rosie the Riveter Day".</title>
        <chamberCode />
      </item>
    </titles>
    <createDate>2017-03-02T05:13:48Z</createDate>
    <cboCostEstimates />
    <calendarNumbers />
    <actions>
      <actionByCounts>
        <senate>6</senate>
      </actionByCounts>
      <item>
        <actionDate>2017-03-15</actionDate>
        <committee />
        <links />
        <sourceSystem>
          <code>0</code>
          <name>Senate</name>
        </sourceSystem>
        <text>Resolution agreed to in Senate without amendment and with a preamble by Unanimous Consent.</text>
        <type>Floor</type>
      </item>
      <item>
        <committee />
        <links />
        <type>Floor</type>
        <text>Passed/agreed to in Senate: Resolution agreed to in Senate without amendment and with a preamble by Unanimous Consent.</text>
        <actionDate>2017-03-15</actionDate>
        <actionCode>17000</actionCode>
        <sourceSystem>
          <code>9</code>
          <name>Library of Congress</name>
        </sourceSystem>
      </item>
      <item>
        <actionDate>2017-03-15</actionDate>
        <committee>
          <systemCode>ssju00</systemCode>
          <name>Judiciary Committee</name>
        </committee>
        <links>
          <link>
            <url>https://www.congress.gov/congressional-record/volume-163/senate-section/page/S1849</url>
            <name>S1849</name>
          </link>
        </links>
        <sourceSystem>
          <code>0</code>
          <name>Senate</name>
        </sourceSystem>
        <text>Senate Committee on the Judiciary discharged by Unanimous Consent. (consideration: CR S1849)</text>
        <type>Discharge</type>
      </item>
      <item>
        <committee>
          <systemCode>ssju00</systemCode>
          <name>Judiciary Committee</name>
        </committee>
        <links>
          <link>
            <url>https://www.congress.gov/congressional-record/volume-163/senate-section/page/S1849</url>
            <name>S1849</name>
          </link>
        </links>
        <type>Committee</type>
        <text>Senate Committee on the Judiciary discharged by Unanimous Consent.(consideration: CR S1849)</text>
        <actionDate>2017-03-15</actionDate>
        <actionCode>14500</actionCode>
        <sourceSystem>
          <code>9</code>
          <name>Library of Congress</name>
        </sourceSystem>
      </item>
      <item>
        <actionDate>2017-03-01</actionDate>
        <committee>
          <systemCode>ssju00</systemCode>
          <name>Judiciary Committee</name>
        </committee>
        <links>
          <link>
            <url>https://www.congress.gov/congressional-record/volume-163/senate-section/page/S1542</url>
            <name>S1542</name>
          </link>
        </links>
        <sourceSystem>
          <code>0</code>
          <name>Senate</name>
        </sourceSystem>
        <text>Referred to the Committee on the Judiciary. (text of measure as introduced: CR S1542)</text>
        <type>IntroReferral</type>
      </item>
      <item>
        <committee />
        <links />
        <type>IntroReferral</type>
        <text>Introduced in Senate</text>
        <actionDate>2017-03-01</actionDate>
        <actionCode>10000</actionCode>
        <sourceSystem>
          <code>9</code>
          <name>Library of Congress</name>
        </sourceSystem>
      </item>
      <actionTypeCounts>
        <senateCommitteeDischarged>1</senateCommitteeDischarged>
        <passedAgreedToInSenate>1</passedAgreedToInSenate>
        <agreedToInSenate>1</agreedToInSenate>
        <committeeDischarged>1</committeeDischarged>
        <referredToCommittee>1</referredToCommittee>
        <introducedInSenate>1</introducedInSenate>
      </actionTypeCounts>
    </actions>
    <summaries>
      <billSummaries>
        <item>
          <updateDate>2017-03-01T05:00:00Z</updateDate>
          <actionDate>2017-03-01</actionDate>
          <versionCode>00</versionCode>
          <name>Introduced in Senate</name>
          <text><![CDATA[<p>Supports the designation of March 21, 2017, as National Rosie the Riveter Day.</p> <p>Acknowledges the important role played by women during World War II.</p>]]></text>
          <lastSummaryUpdateDate>2017-04-15T15:54:31Z</lastSummaryUpdateDate>
          <actionDesc>Introduced in Senate</actionDesc>
        </item>
        <item>
          <updateDate>2017-03-15T13:23:14Z</updateDate>
          <actionDate>2017-03-15</actionDate>
          <versionCode>82</versionCode>
          <name>Passed Senate without amendment</name>
          <text><![CDATA[<p>(This measure has not been amended since it was introduced. The summary of that version is repeated here.)</p> <p>Supports the designation of March 21, 2017, as National Rosie the Riveter Day.</p> <p>Acknowledges the important role played by women during World War II.</p>]]></text>
          <lastSummaryUpdateDate>2017-04-25T17:35:02Z</lastSummaryUpdateDate>
          <actionDesc>Passed Senate without amendment</actionDesc>
        </item>
      </billSummaries>
    </summaries>
  </bill>
  <dublinCore xmlns:dc="http://purl.org/dc/elements/1.1/">
    <dc:format>text/xml</dc:format>
    <dc:language>EN</dc:language>
    <dc:rights>Pursuant to Title 17 Section 105 of the United States Code, this file is not subject to copyright protection and is in the public domain.</dc:rights>
    <dc:contributor>Congressional Research Service, Library of Congress</dc:contributor>
    <dc:description>This file contains bill summaries and statuses for federal legislation. A bill summary describes the most significant provisions of a piece of legislation and details the effects the legislative text may have on current law and federal programs. Bill summaries are authored by the Congressional Research Service (CRS) of the Library of Congress. As stated in Public Law 91-510 (2 USC 166 (d)(6)), one of the duties of CRS is "to prepare summaries and digests of bills and resolutions of a public general nature introduced in the Senate or House of Representatives". For more information, refer to the User Guide that accompanies this file.</dc:description>
  </dublinCore>
</billStatus>

