<?xml version="1.0" encoding="UTF-8"?>
<billStatus>
  <bill>
    <calendarNumbers>
      <item>
        <number>0107</number>
        <calendar>Senate Calendar of Business</calendar>
      </item>
    </calendarNumbers>
    <amendments />
    <committeeReports />
    <laws />
    <summaries>
      <billSummaries>
        <item>
          <text><![CDATA[<p>Recognizes the 50th anniversary of Jerusalem's reunification and extends the Senate's friendship and hopes for peace to Jerusalem's residents and Israel's people. </p> <p>Reaffirms support for Israel's commitment to religious freedom and administration of holy sites in Jerusalem. </p> <p>Supports strengthening the mutually beneficial American-Israeli relationship. </p> <p>Commends Egypt and Jordan, former combatant states of the Six Day War, for embracing a vision of peace and coexistence with Israel and continuing to uphold their respective peace agreements. </p> <p>Reaffirms: (1) that it is long-standing U.S. bipartisan policy that the permanent status of Jerusalem remains a matter to be decided between the parties through final status negotiations towards a two-state solution; and (2) the Jerusalem Embassy Act of 1995 as U.S. law, and calls upon the President and all U.S. officials to abide by its provisions.</p>]]></text>
          <lastSummaryUpdateDate>2017-06-05T16:26:53Z</lastSummaryUpdateDate>
          <actionDesc>Introduced in Senate</actionDesc>
          <updateDate>2017-05-24T04:00:00Z</updateDate>
          <name>Introduced in Senate</name>
          <versionCode>00</versionCode>
          <actionDate>2017-05-24</actionDate>
        </item>
        <item>
          <text><![CDATA[<p>(This measure has not been amended since it was introduced. The summary of that version is repeated here.)</p> <p>Recognizes the 50th anniversary of Jerusalem's reunification and extends the Senate's friendship and hopes for peace to Jerusalem's residents and Israel's people. </p> <p>Reaffirms support for Israel's commitment to religious freedom and administration of holy sites in Jerusalem. </p> <p>Supports strengthening the mutually beneficial American-Israeli relationship. </p> <p>Commends Egypt and Jordan, former combatant states of the Six Day War, for embracing a vision of peace and coexistence with Israel and continuing to uphold their respective peace agreements. </p> <p>Reaffirms: (1) that it is long-standing U.S. bipartisan policy that the permanent status of Jerusalem remains a matter to be decided between the parties through final status negotiations towards a two-state solution; and (2) the Jerusalem Embassy Act of 1995 as U.S. law, and calls upon the President and all U.S. officials to abide by its provisions.</p>]]></text>
          <lastSummaryUpdateDate>2017-06-14T15:41:38Z</lastSummaryUpdateDate>
          <actionDesc>Reported to Senate without amendment</actionDesc>
          <updateDate>2017-05-25T12:43:24Z</updateDate>
          <name>Reported to Senate without amendment</name>
          <versionCode>80</versionCode>
          <actionDate>2017-05-25</actionDate>
        </item>
        <item>
          <text><![CDATA[<p>(This measure has not been amended since it was introduced. The summary of that version is repeated here.)</p> <p>Recognizes the 50th anniversary of Jerusalem's reunification and extends the Senate's friendship and hopes for peace to Jerusalem's residents and Israel's people. </p> <p>Reaffirms support for Israel's commitment to religious freedom and administration of holy sites in Jerusalem. </p> <p>Supports strengthening the mutually beneficial American-Israeli relationship. </p> <p>Commends Egypt and Jordan, former combatant states of the Six Day War, for embracing a vision of peace and coexistence with Israel and continuing to uphold their respective peace agreements. </p> <p>Reaffirms: (1) that it is long-standing U.S. bipartisan policy that the permanent status of Jerusalem remains a matter to be decided between the parties through final status negotiations towards a two-state solution; and (2) the Jerusalem Embassy Act of 1995 as U.S. law, and calls upon the President and all U.S. officials to abide by its provisions.</p>]]></text>
          <lastSummaryUpdateDate>2017-06-14T18:35:25Z</lastSummaryUpdateDate>
          <actionDesc>Passed Senate without amendment</actionDesc>
          <updateDate>2017-06-05T14:50:16Z</updateDate>
          <name>Passed Senate without amendment</name>
          <versionCode>82</versionCode>
          <actionDate>2017-06-05</actionDate>
        </item>
      </billSummaries>
    </summaries>
    <relatedBills />
    <createDate>2017-05-25T00:26:37Z</createDate>
    <latestAction>
      <links />
      <actionDate>2017-06-05</actionDate>
      <text>Resolution agreed to in Senate without amendment and with a preamble by Yea-Nay Vote. 90 - 0. Record Vote Number: 138. (consideration: CR S3235-3238)</text>
    </latestAction>
    <sponsors>
      <item>
        <party>R</party>
        <state>KY</state>
        <bioguideId>M000355</bioguideId>
        <middleName />
        <lastName>MCCONNELL</lastName>
        <fullName>Sen. McConnell, Mitch [R-KY]</fullName>
        <firstName>MITCH</firstName>
        <byRequestType />
        <identifiers>
          <bioguideId>M000355</bioguideId>
          <lisID>1395</lisID>
          <gpoId>8254</gpoId>
        </identifiers>
      </item>
    </sponsors>
    <billNumber>176</billNumber>
    <updateDate>2018-08-28T20:20:51Z</updateDate>
    <cboCostEstimates />
    <notes />
    <titles>
      <item>
        <chamberName />
        <parentTitleType />
        <titleType>Official Title as Introduced</titleType>
        <title>A resolution commemorating the 50th anniversary of the reunification of Jerusalem.</title>
        <chamberCode />
      </item>
      <item>
        <chamberName />
        <parentTitleType />
        <titleType>Display Title</titleType>
        <title>A resolution commemorating the 50th anniversary of the reunification of Jerusalem.</title>
        <chamberCode />
      </item>
    </titles>
    <introducedDate>2017-05-24</introducedDate>
    <subjects>
      <billSubjects>
        <policyArea>
          <name>International Affairs</name>
        </policyArea>
        <legislativeSubjects>
          <item>
            <name>Arab-Israeli relations</name>
          </item>
          <item>
            <name>Commemorative events and holidays</name>
          </item>
          <item>
            <name>Conflicts and wars</name>
          </item>
          <item>
            <name>Congressional tributes</name>
          </item>
          <item>
            <name>Diplomacy, foreign officials, Americans abroad</name>
          </item>
          <item>
            <name>Egypt</name>
          </item>
          <item>
            <name>Human rights</name>
          </item>
          <item>
            <name>International law and treaties</name>
          </item>
          <item>
            <name>Israel</name>
          </item>
          <item>
            <name>Jordan</name>
          </item>
          <item>
            <name>Middle East</name>
          </item>
          <item>
            <name>Religion</name>
          </item>
        </legislativeSubjects>
      </billSubjects>
    </subjects>
    <billType>SRES</billType>
    <originChamber>Senate</originChamber>
    <title>A resolution commemorating the 50th anniversary of the reunification of Jerusalem.</title>
    <cosponsors>
      <item>
        <fullName>Sen. Schumer, Charles E. [D-NY]</fullName>
        <identifiers>
          <lisID>1036</lisID>
          <bioguideId>S000148</bioguideId>
          <gpoId>8279</gpoId>
        </identifiers>
        <sponsorshipDate>2017-05-24</sponsorshipDate>
        <lastName>SCHUMER</lastName>
        <firstName>CHARLES</firstName>
        <sponsorshipWithdrawnDate />
        <state>NY</state>
        <party>D</party>
        <middleName>E.</middleName>
        <bioguideId>S000148</bioguideId>
        <isOriginalCosponsor>True</isOriginalCosponsor>
      </item>
      <item>
        <fullName>Sen. Heller, Dean [R-NV]</fullName>
        <identifiers>
          <lisID>1863</lisID>
          <bioguideId>H001041</bioguideId>
          <gpoId>8060</gpoId>
        </identifiers>
        <sponsorshipDate>2017-05-24</sponsorshipDate>
        <lastName>Heller</lastName>
        <firstName>Dean</firstName>
        <sponsorshipWithdrawnDate />
        <state>NV</state>
        <party>R</party>
        <middleName />
        <bioguideId>H001041</bioguideId>
        <isOriginalCosponsor>True</isOriginalCosponsor>
      </item>
      <item>
        <fullName>Sen. Graham, Lindsey [R-SC]</fullName>
        <identifiers>
          <lisID>452</lisID>
          <gpoId>8335</gpoId>
          <bioguideId>G000359</bioguideId>
        </identifiers>
        <sponsorshipDate>2017-05-24</sponsorshipDate>
        <lastName>GRAHAM</lastName>
        <firstName>LINDSEY</firstName>
        <sponsorshipWithdrawnDate />
        <state>SC</state>
        <party>R</party>
        <middleName>O.</middleName>
        <bioguideId>G000359</bioguideId>
        <isOriginalCosponsor>True</isOriginalCosponsor>
      </item>
      <item>
        <fullName>Sen. Nelson, Bill [D-FL]</fullName>
        <identifiers>
          <lisID>859</lisID>
          <gpoId>8236</gpoId>
          <bioguideId>N000032</bioguideId>
        </identifiers>
        <sponsorshipDate>2017-05-24</sponsorshipDate>
        <lastName>NELSON</lastName>
        <firstName>CLARENCE</firstName>
        <sponsorshipWithdrawnDate />
        <state>FL</state>
        <party>D</party>
        <middleName>WILLIAM</middleName>
        <bioguideId>N000032</bioguideId>
        <isOriginalCosponsor>True</isOriginalCosponsor>
      </item>
      <item>
        <fullName>Sen. Baldwin, Tammy [D-WI]</fullName>
        <identifiers>
          <bioguideId>B001230</bioguideId>
          <gpoId>8215</gpoId>
          <lisID>1558</lisID>
        </identifiers>
        <sponsorshipDate>2017-05-24</sponsorshipDate>
        <lastName>BALDWIN</lastName>
        <firstName>TAMMY</firstName>
        <sponsorshipWithdrawnDate />
        <state>WI</state>
        <party>D</party>
        <middleName />
        <bioguideId>B001230</bioguideId>
        <isOriginalCosponsor>True</isOriginalCosponsor>
      </item>
      <item>
        <fullName>Sen. McCaskill, Claire [D-MO]</fullName>
        <identifiers>
          <lisID>1820</lisID>
          <gpoId>8252</gpoId>
          <bioguideId>M001170</bioguideId>
        </identifiers>
        <sponsorshipDate>2017-05-24</sponsorshipDate>
        <lastName>McCaskill</lastName>
        <firstName>Claire</firstName>
        <sponsorshipWithdrawnDate />
        <state>MO</state>
        <party>D</party>
        <middleName />
        <bioguideId>M001170</bioguideId>
        <isOriginalCosponsor>True</isOriginalCosponsor>
      </item>
      <item>
        <fullName>Sen. Gillibrand, Kirsten E. [D-NY]</fullName>
        <identifiers>
          <lisID>1866</lisID>
          <gpoId>8336</gpoId>
          <bioguideId>G000555</bioguideId>
        </identifiers>
        <sponsorshipDate>2017-05-24</sponsorshipDate>
        <lastName>Gillibrand</lastName>
        <firstName>Kirsten</firstName>
        <sponsorshipWithdrawnDate />
        <state>NY</state>
        <party>D</party>
        <middleName>E.</middleName>
        <bioguideId>G000555</bioguideId>
        <isOriginalCosponsor>True</isOriginalCosponsor>
      </item>
      <item>
        <fullName>Sen. Menendez, Robert [D-NJ]</fullName>
        <identifiers>
          <bioguideId>M000639</bioguideId>
          <lisID>791</lisID>
          <gpoId>8239</gpoId>
        </identifiers>
        <sponsorshipDate>2017-05-25</sponsorshipDate>
        <lastName>MENENDEZ</lastName>
        <firstName>ROBERT</firstName>
        <sponsorshipWithdrawnDate />
        <state>NJ</state>
        <party>D</party>
        <middleName />
        <bioguideId>M000639</bioguideId>
        <isOriginalCosponsor>False</isOriginalCosponsor>
      </item>
      <item>
        <fullName>Sen. Blumenthal, Richard [D-CT]</fullName>
        <identifiers>
          <bioguideId>B001277</bioguideId>
          <gpoId>8332</gpoId>
          <lisID>2076</lisID>
        </identifiers>
        <sponsorshipDate>2017-05-25</sponsorshipDate>
        <lastName>Blumenthal</lastName>
        <firstName>Richard</firstName>
        <sponsorshipWithdrawnDate />
        <state>CT</state>
        <party>D</party>
        <middleName />
        <bioguideId>B001277</bioguideId>
        <isOriginalCosponsor>False</isOriginalCosponsor>
      </item>
      <item>
        <fullName>Sen. Wyden, Ron [D-OR]</fullName>
        <identifiers>
          <lisID>1247</lisID>
          <gpoId>8265</gpoId>
          <bioguideId>W000779</bioguideId>
        </identifiers>
        <sponsorshipDate>2017-05-25</sponsorshipDate>
        <lastName>WYDEN</lastName>
        <firstName>RON</firstName>
        <sponsorshipWithdrawnDate />
        <state>OR</state>
        <party>D</party>
        <middleName />
        <bioguideId>W000779</bioguideId>
        <isOriginalCosponsor>False</isOriginalCosponsor>
      </item>
      <item>
        <fullName>Sen. Casey, Robert P., Jr. [D-PA]</fullName>
        <identifiers>
          <lisID>1828</lisID>
          <gpoId>8282</gpoId>
          <bioguideId>C001070</bioguideId>
        </identifiers>
        <sponsorshipDate>2017-05-25</sponsorshipDate>
        <lastName>Casey</lastName>
        <firstName>Bob</firstName>
        <sponsorshipWithdrawnDate />
        <state>PA</state>
        <party>D</party>
        <middleName />
        <bioguideId>C001070</bioguideId>
        <isOriginalCosponsor>False</isOriginalCosponsor>
      </item>
      <item>
        <fullName>Sen. Bennet, Michael F. [D-CO]</fullName>
        <identifiers>
          <lisID>1965</lisID>
          <gpoId>8302</gpoId>
          <bioguideId>B001267</bioguideId>
        </identifiers>
        <sponsorshipDate>2017-05-25</sponsorshipDate>
        <lastName>Bennet</lastName>
        <firstName>Michael</firstName>
        <sponsorshipWithdrawnDate />
        <state>CO</state>
        <party>D</party>
        <middleName>F.</middleName>
        <bioguideId>B001267</bioguideId>
        <isOriginalCosponsor>False</isOriginalCosponsor>
      </item>
      <item>
        <fullName>Sen. Rounds, Mike  [R-SD]</fullName>
        <identifiers>
          <bioguideId>R000605</bioguideId>
          <lisID>2288</lisID>
          <gpoId />
        </identifiers>
        <sponsorshipDate>2017-05-25</sponsorshipDate>
        <lastName>Rounds</lastName>
        <firstName>Mike</firstName>
        <sponsorshipWithdrawnDate />
        <state>SD</state>
        <party>R</party>
        <middleName />
        <bioguideId>R000605</bioguideId>
        <isOriginalCosponsor>False</isOriginalCosponsor>
      </item>
      <item>
        <fullName>Sen. Rubio, Marco [R-FL]</fullName>
        <identifiers>
          <bioguideId>R000595</bioguideId>
          <lisID>2084</lisID>
          <gpoId>8242</gpoId>
        </identifiers>
        <sponsorshipDate>2017-05-25</sponsorshipDate>
        <lastName>Rubio</lastName>
        <firstName>Marco</firstName>
        <sponsorshipWithdrawnDate />
        <state>FL</state>
        <party>R</party>
        <middleName />
        <bioguideId>R000595</bioguideId>
        <isOriginalCosponsor>False</isOriginalCosponsor>
      </item>
      <item>
        <fullName>Sen. Moran, Jerry [R-KS]</fullName>
        <identifiers>
          <lisID>1507</lisID>
          <gpoId>8307</gpoId>
          <bioguideId>M000934</bioguideId>
        </identifiers>
        <sponsorshipDate>2017-05-25</sponsorshipDate>
        <lastName>MORAN</lastName>
        <firstName>JERRY</firstName>
        <sponsorshipWithdrawnDate />
        <state>KS</state>
        <party>R</party>
        <middleName />
        <bioguideId>M000934</bioguideId>
        <isOriginalCosponsor>False</isOriginalCosponsor>
      </item>
      <item>
        <fullName>Sen. Murkowski, Lisa [R-AK]</fullName>
        <identifiers>
          <bioguideId>M001153</bioguideId>
          <gpoId>8234</gpoId>
          <lisID>1694</lisID>
        </identifiers>
        <sponsorshipDate>2017-05-25</sponsorshipDate>
        <lastName>Murkowski</lastName>
        <firstName>Lisa</firstName>
        <sponsorshipWithdrawnDate />
        <state>AK</state>
        <party>R</party>
        <middleName />
        <bioguideId>M001153</bioguideId>
        <isOriginalCosponsor>False</isOriginalCosponsor>
      </item>
      <item>
        <fullName>Sen. Booker, Cory A. [D-NJ]</fullName>
        <identifiers>
          <lisID>2194</lisID>
          <gpoId />
          <bioguideId>B001288</bioguideId>
        </identifiers>
        <sponsorshipDate>2017-06-05</sponsorshipDate>
        <lastName>Booker</lastName>
        <firstName>Cory</firstName>
        <sponsorshipWithdrawnDate />
        <state>NJ</state>
        <party>D</party>
        <middleName>A.</middleName>
        <bioguideId>B001288</bioguideId>
        <isOriginalCosponsor>False</isOriginalCosponsor>
      </item>
      <item>
        <fullName>Sen. Stabenow, Debbie [D-MI]</fullName>
        <identifiers>
          <bioguideId>S000770</bioguideId>
          <lisID>1531</lisID>
          <gpoId>8261</gpoId>
        </identifiers>
        <sponsorshipDate>2017-06-05</sponsorshipDate>
        <lastName>STABENOW</lastName>
        <firstName>DEBORAH</firstName>
        <sponsorshipWithdrawnDate />
        <state>MI</state>
        <party>D</party>
        <middleName>ANN</middleName>
        <bioguideId>S000770</bioguideId>
        <isOriginalCosponsor>False</isOriginalCosponsor>
      </item>
      <item>
        <fullName>Sen. Grassley, Chuck [R-IA]</fullName>
        <identifiers>
          <lisID>457</lisID>
          <gpoId>8316</gpoId>
          <bioguideId>G000386</bioguideId>
        </identifiers>
        <sponsorshipDate>2017-06-05</sponsorshipDate>
        <lastName>GRASSLEY</lastName>
        <firstName>CHARLES</firstName>
        <sponsorshipWithdrawnDate />
        <state>IA</state>
        <party>R</party>
        <middleName>ERNEST</middleName>
        <bioguideId>G000386</bioguideId>
        <isOriginalCosponsor>False</isOriginalCosponsor>
      </item>
      <item>
        <fullName>Sen. Cassidy, Bill [R-LA]</fullName>
        <identifiers>
          <lisID>1925</lisID>
          <bioguideId>C001075</bioguideId>
          <gpoId>7964</gpoId>
        </identifiers>
        <sponsorshipDate>2017-06-05</sponsorshipDate>
        <lastName>Cassidy</lastName>
        <firstName>Bill</firstName>
        <sponsorshipWithdrawnDate />
        <state>LA</state>
        <party>R</party>
        <middleName />
        <bioguideId>C001075</bioguideId>
        <isOriginalCosponsor>False</isOriginalCosponsor>
      </item>
      <item>
        <fullName>Sen. Blunt, Roy [R-MO]</fullName>
        <identifiers>
          <lisID>1464</lisID>
          <gpoId>8313</gpoId>
          <bioguideId>B000575</bioguideId>
        </identifiers>
        <sponsorshipDate>2017-06-05</sponsorshipDate>
        <lastName>Blunt</lastName>
        <firstName>Roy</firstName>
        <sponsorshipWithdrawnDate />
        <state>MO</state>
        <party>R</party>
        <middleName />
        <bioguideId>B000575</bioguideId>
        <isOriginalCosponsor>False</isOriginalCosponsor>
      </item>
      <item>
        <fullName>Sen. Boozman, John [R-AR]</fullName>
        <identifiers>
          <lisID>1687</lisID>
          <bioguideId>B001236</bioguideId>
          <gpoId>8247</gpoId>
        </identifiers>
        <sponsorshipDate>2017-06-05</sponsorshipDate>
        <lastName>Boozman</lastName>
        <firstName>John</firstName>
        <sponsorshipWithdrawnDate />
        <state>AR</state>
        <party>R</party>
        <middleName />
        <bioguideId>B001236</bioguideId>
        <isOriginalCosponsor>False</isOriginalCosponsor>
      </item>
      <item>
        <fullName>Sen. Kennedy, John [R-LA]</fullName>
        <identifiers>
          <lisID>2303</lisID>
          <gpoId />
          <bioguideId>K000393</bioguideId>
        </identifiers>
        <sponsorshipDate>2017-06-05</sponsorshipDate>
        <lastName>Kennedy</lastName>
        <firstName>John</firstName>
        <sponsorshipWithdrawnDate />
        <state>LA</state>
        <party>R</party>
        <middleName>Neely</middleName>
        <bioguideId>K000393</bioguideId>
        <isOriginalCosponsor>False</isOriginalCosponsor>
      </item>
      <item>
        <fullName>Sen. Tillis, Thom [R-NC]</fullName>
        <identifiers>
          <lisID>2291</lisID>
          <gpoId />
          <bioguideId>T000476</bioguideId>
        </identifiers>
        <sponsorshipDate>2017-06-05</sponsorshipDate>
        <lastName>Tillis</lastName>
        <firstName>Thomas</firstName>
        <sponsorshipWithdrawnDate />
        <state>NC</state>
        <party>R</party>
        <middleName>Roland</middleName>
        <bioguideId>T000476</bioguideId>
        <isOriginalCosponsor>False</isOriginalCosponsor>
      </item>
      <item>
        <fullName>Sen. Shelby, Richard C. [R-AL]</fullName>
        <identifiers>
          <bioguideId>S000320</bioguideId>
          <lisID>1049</lisID>
          <gpoId>8277</gpoId>
        </identifiers>
        <sponsorshipDate>2017-06-05</sponsorshipDate>
        <lastName>SHELBY</lastName>
        <firstName>RICHARD</firstName>
        <sponsorshipWithdrawnDate />
        <state>AL</state>
        <party>R</party>
        <middleName>CRAIG</middleName>
        <bioguideId>S000320</bioguideId>
        <isOriginalCosponsor>False</isOriginalCosponsor>
      </item>
      <item>
        <fullName>Sen. Collins, Susan M. [R-ME]</fullName>
        <identifiers>
          <lisID>1541</lisID>
          <bioguideId>C001035</bioguideId>
          <gpoId>8291</gpoId>
        </identifiers>
        <sponsorshipDate>2017-06-05</sponsorshipDate>
        <lastName>COLLINS</lastName>
        <firstName>SUSAN</firstName>
        <sponsorshipWithdrawnDate />
        <state>ME</state>
        <party>R</party>
        <middleName>MARGARET</middleName>
        <bioguideId>C001035</bioguideId>
        <isOriginalCosponsor>False</isOriginalCosponsor>
      </item>
      <item>
        <fullName>Sen. Strange, Luther [R-AL]</fullName>
        <identifiers>
          <lisID>2357</lisID>
          <bioguideId>S001202</bioguideId>
          <gpoId />
        </identifiers>
        <sponsorshipDate>2017-06-05</sponsorshipDate>
        <lastName>Strange</lastName>
        <firstName>Luther</firstName>
        <sponsorshipWithdrawnDate />
        <state>AL</state>
        <party>R</party>
        <middleName />
        <bioguideId>S001202</bioguideId>
        <isOriginalCosponsor>False</isOriginalCosponsor>
      </item>
      <item>
        <fullName>Sen. Fischer, Deb [R-NE]</fullName>
        <identifiers>
          <lisID>2179</lisID>
          <gpoId />
          <bioguideId>F000463</bioguideId>
        </identifiers>
        <sponsorshipDate>2017-06-05</sponsorshipDate>
        <lastName>Fischer</lastName>
        <firstName>Deb</firstName>
        <sponsorshipWithdrawnDate />
        <state>NE</state>
        <party>R</party>
        <middleName />
        <bioguideId>F000463</bioguideId>
        <isOriginalCosponsor>False</isOriginalCosponsor>
      </item>
      <item>
        <fullName>Sen. Scott, Tim [R-SC]</fullName>
        <identifiers>
          <lisID>2056</lisID>
          <bioguideId>S001184</bioguideId>
          <gpoId>8141</gpoId>
        </identifiers>
        <sponsorshipDate>2017-06-05</sponsorshipDate>
        <lastName>Scott</lastName>
        <firstName>Tim</firstName>
        <sponsorshipWithdrawnDate />
        <state>SC</state>
        <party>R</party>
        <middleName />
        <bioguideId>S001184</bioguideId>
        <isOriginalCosponsor>False</isOriginalCosponsor>
      </item>
      <item>
        <fullName>Sen. Isakson, Johnny [R-GA]</fullName>
        <identifiers>
          <bioguideId>I000055</bioguideId>
          <gpoId>8323</gpoId>
          <lisID>1608</lisID>
        </identifiers>
        <sponsorshipDate>2017-06-05</sponsorshipDate>
        <lastName>Isakson</lastName>
        <firstName>Johnny</firstName>
        <sponsorshipWithdrawnDate />
        <state>GA</state>
        <party>R</party>
        <middleName />
        <bioguideId>I000055</bioguideId>
        <isOriginalCosponsor>False</isOriginalCosponsor>
      </item>
      <item>
        <fullName>Sen. Roberts, Pat [R-KS]</fullName>
        <identifiers>
          <lisID>968</lisID>
          <gpoId>8275</gpoId>
          <bioguideId>R000307</bioguideId>
        </identifiers>
        <sponsorshipDate>2017-06-05</sponsorshipDate>
        <lastName>ROBERTS</lastName>
        <firstName>PAT</firstName>
        <sponsorshipWithdrawnDate />
        <state>KS</state>
        <party>R</party>
        <middleName />
        <bioguideId>R000307</bioguideId>
        <isOriginalCosponsor>False</isOriginalCosponsor>
      </item>
      <item>
        <fullName>Sen. Ernst, Joni  [R-IA]</fullName>
        <identifiers>
          <lisID>2283</lisID>
          <gpoId />
          <bioguideId>E000295</bioguideId>
        </identifiers>
        <sponsorshipDate>2017-06-05</sponsorshipDate>
        <lastName>Ernst</lastName>
        <firstName>Joni</firstName>
        <sponsorshipWithdrawnDate />
        <state>IA</state>
        <party>R</party>
        <middleName />
        <bioguideId>E000295</bioguideId>
        <isOriginalCosponsor>False</isOriginalCosponsor>
      </item>
      <item>
        <fullName>Sen. Daines, Steve [R-MT]</fullName>
        <identifiers>
          <lisID>2138</lisID>
          <gpoId />
          <bioguideId>D000618</bioguideId>
        </identifiers>
        <sponsorshipDate>2017-06-05</sponsorshipDate>
        <lastName>Daines</lastName>
        <firstName>Steve</firstName>
        <sponsorshipWithdrawnDate />
        <state>MT</state>
        <party>R</party>
        <middleName />
        <bioguideId>D000618</bioguideId>
        <isOriginalCosponsor>False</isOriginalCosponsor>
      </item>
      <item>
        <fullName>Sen. Cornyn, John [R-TX]</fullName>
        <identifiers>
          <bioguideId>C001056</bioguideId>
          <lisID>1692</lisID>
          <gpoId>8295</gpoId>
        </identifiers>
        <sponsorshipDate>2017-06-05</sponsorshipDate>
        <lastName>Cornyn</lastName>
        <firstName>John</firstName>
        <sponsorshipWithdrawnDate />
        <state>TX</state>
        <party>R</party>
        <middleName />
        <bioguideId>C001056</bioguideId>
        <isOriginalCosponsor>False</isOriginalCosponsor>
      </item>
      <item>
        <fullName>Sen. Cruz, Ted [R-TX]</fullName>
        <identifiers>
          <lisID>2175</lisID>
          <gpoId />
          <bioguideId>C001098</bioguideId>
        </identifiers>
        <sponsorshipDate>2017-06-05</sponsorshipDate>
        <lastName>Cruz</lastName>
        <firstName>Ted</firstName>
        <sponsorshipWithdrawnDate />
        <state>TX</state>
        <party>R</party>
        <middleName />
        <bioguideId>C001098</bioguideId>
        <isOriginalCosponsor>False</isOriginalCosponsor>
      </item>
      <item>
        <fullName>Sen. Young, Todd C. [R-IN]</fullName>
        <identifiers>
          <lisID>2019</lisID>
          <gpoId>7948</gpoId>
          <bioguideId>Y000064</bioguideId>
        </identifiers>
        <sponsorshipDate>2017-06-05</sponsorshipDate>
        <lastName>Young</lastName>
        <firstName>Todd</firstName>
        <sponsorshipWithdrawnDate />
        <state>IN</state>
        <party>R</party>
        <middleName>C.</middleName>
        <bioguideId>Y000064</bioguideId>
        <isOriginalCosponsor>False</isOriginalCosponsor>
      </item>
      <item>
        <fullName>Sen. Perdue, David [R-GA]</fullName>
        <identifiers>
          <lisID>2286</lisID>
          <gpoId />
          <bioguideId>P000612</bioguideId>
        </identifiers>
        <sponsorshipDate>2017-06-05</sponsorshipDate>
        <lastName>Perdue</lastName>
        <firstName>David</firstName>
        <sponsorshipWithdrawnDate />
        <state>GA</state>
        <party>R</party>
        <middleName>Alfred</middleName>
        <bioguideId>P000612</bioguideId>
        <isOriginalCosponsor>False</isOriginalCosponsor>
      </item>
      <item>
        <fullName>Sen. Wicker, Roger F. [R-MS]</fullName>
        <identifiers>
          <lisID>1226</lisID>
          <bioguideId>W000437</bioguideId>
          <gpoId>8263</gpoId>
        </identifiers>
        <sponsorshipDate>2017-06-05</sponsorshipDate>
        <lastName>WICKER</lastName>
        <firstName>ROGER</firstName>
        <sponsorshipWithdrawnDate />
        <state>MS</state>
        <party>R</party>
        <middleName>F.</middleName>
        <bioguideId>W000437</bioguideId>
        <isOriginalCosponsor>False</isOriginalCosponsor>
      </item>
      <item>
        <fullName>Sen. Hatch, Orrin G. [R-UT]</fullName>
        <identifiers>
          <lisID>1351</lisID>
          <gpoId>8314</gpoId>
          <bioguideId>H000338</bioguideId>
        </identifiers>
        <sponsorshipDate>2017-06-05</sponsorshipDate>
        <lastName>HATCH</lastName>
        <firstName>ORRIN</firstName>
        <sponsorshipWithdrawnDate />
        <state>UT</state>
        <party>R</party>
        <middleName>GRANT</middleName>
        <bioguideId>H000338</bioguideId>
        <isOriginalCosponsor>False</isOriginalCosponsor>
      </item>
      <item>
        <fullName>Sen. Flake, Jeff [R-AZ]</fullName>
        <identifiers>
          <bioguideId>F000444</bioguideId>
          <gpoId>7803</gpoId>
          <lisID>1633</lisID>
        </identifiers>
        <sponsorshipDate>2017-06-05</sponsorshipDate>
        <lastName>FLAKE</lastName>
        <firstName>JEFF</firstName>
        <sponsorshipWithdrawnDate />
        <state>AZ</state>
        <party>R</party>
        <middleName />
        <bioguideId>F000444</bioguideId>
        <isOriginalCosponsor>False</isOriginalCosponsor>
      </item>
      <item>
        <fullName>Sen. Cochran, Thad [R-MS]</fullName>
        <identifiers>
          <lisID>213</lisID>
          <bioguideId>C000567</bioguideId>
          <gpoId>8292</gpoId>
        </identifiers>
        <sponsorshipDate>2017-06-05</sponsorshipDate>
        <lastName>Cochran</lastName>
        <firstName>Thad</firstName>
        <sponsorshipWithdrawnDate />
        <state>MS</state>
        <party>R</party>
        <middleName />
        <bioguideId>C000567</bioguideId>
        <isOriginalCosponsor>False</isOriginalCosponsor>
      </item>
      <item>
        <fullName>Sen. Manchin, Joe, III [D-WV]</fullName>
        <identifiers>
          <bioguideId>M001183</bioguideId>
          <lisID>1983</lisID>
          <gpoId>8256</gpoId>
        </identifiers>
        <sponsorshipDate>2017-06-05</sponsorshipDate>
        <lastName>Manchin</lastName>
        <firstName>Joe</firstName>
        <sponsorshipWithdrawnDate />
        <state>WV</state>
        <party>D</party>
        <middleName />
        <bioguideId>M001183</bioguideId>
        <isOriginalCosponsor>False</isOriginalCosponsor>
      </item>
      <item>
        <fullName>Sen. Cardin, Benjamin L. [D-MD]</fullName>
        <identifiers>
          <bioguideId>C000141</bioguideId>
          <lisID>174</lisID>
          <gpoId>8287</gpoId>
        </identifiers>
        <sponsorshipDate>2017-06-05</sponsorshipDate>
        <lastName>CARDIN</lastName>
        <firstName>BENJAMIN</firstName>
        <sponsorshipWithdrawnDate />
        <state>MD</state>
        <party>D</party>
        <middleName>L.</middleName>
        <bioguideId>C000141</bioguideId>
        <isOriginalCosponsor>False</isOriginalCosponsor>
      </item>
      <item>
        <fullName>Sen. Portman, Rob [R-OH]</fullName>
        <identifiers>
          <lisID>924</lisID>
          <gpoId>8266</gpoId>
          <bioguideId>P000449</bioguideId>
        </identifiers>
        <sponsorshipDate>2017-06-05</sponsorshipDate>
        <lastName>PORTMAN</lastName>
        <firstName>ROB</firstName>
        <sponsorshipWithdrawnDate />
        <state>OH</state>
        <party>R</party>
        <middleName />
        <bioguideId>P000449</bioguideId>
        <isOriginalCosponsor>False</isOriginalCosponsor>
      </item>
      <item>
        <fullName>Sen. Sasse, Ben  [R-NE]</fullName>
        <identifiers>
          <bioguideId>S001197</bioguideId>
          <gpoId />
          <lisID>2289</lisID>
        </identifiers>
        <sponsorshipDate>2017-06-05</sponsorshipDate>
        <lastName>Sasse</lastName>
        <firstName>Ben</firstName>
        <sponsorshipWithdrawnDate />
        <state>NE</state>
        <party>R</party>
        <middleName />
        <bioguideId>S001197</bioguideId>
        <isOriginalCosponsor>False</isOriginalCosponsor>
      </item>
    </cosponsors>
    <recordedVotes>
      <recordedVote>
        <congress>115</congress>
        <date>2017-06-05T21:57:01Z</date>
        <fullActionName>AGREED TO IN SENATE</fullActionName>
        <chamber>Senate</chamber>
        <rollNumber>138</rollNumber>
        <sessionNumber>1</sessionNumber>
        <url>http://www.senate.gov/legislative/LIS/roll_call_lists/roll_call_vote_cfm.cfm?&amp;congress=115&amp;session=1&amp;vote=00138</url>
      </recordedVote>
    </recordedVotes>
    <policyArea>
      <name>International Affairs</name>
    </policyArea>
    <committees>
      <billCommittees>
        <item>
          <activities>
            <item>
              <name>Reported by</name>
              <date>2017-05-25T18:22:37Z</date>
            </item>
            <item>
              <name>Markup by</name>
              <date>2017-05-25T13:30:02Z</date>
            </item>
            <item>
              <name>Referred to</name>
              <date>2017-05-24T18:54:49Z</date>
            </item>
          </activities>
          <chamber>Senate</chamber>
          <systemCode>ssfr00</systemCode>
          <name>Foreign Relations Committee</name>
          <type>Standing</type>
          <subcommittees />
        </item>
      </billCommittees>
    </committees>
    <actions>
      <actionByCounts>
        <senate>8</senate>
      </actionByCounts>
      <item>
        <actionDate>2017-06-05</actionDate>
        <committee />
        <links>
          <link>
            <url>http://www.senate.gov/legislative/LIS/roll_call_lists/roll_call_vote_cfm.cfm?congress=115&amp;session=1&amp;vote=00138</url>
            <name>Record Vote Number: 138</name>
          </link>
          <link>
            <url>https://www.congress.gov/congressional-record/volume-163/senate-section/page/S3235-3238</url>
            <name>S3235-3238</name>
          </link>
        </links>
        <sourceSystem>
          <code>0</code>
          <name>Senate</name>
        </sourceSystem>
        <text>Resolution agreed to in Senate without amendment and with a preamble by Yea-Nay Vote. 90 - 0. Record Vote Number: 138. (consideration: CR S3235-3238)</text>
        <type>Floor</type>
      </item>
      <item>
        <committee />
        <links>
          <link>
            <url>http://www.senate.gov/legislative/LIS/roll_call_lists/roll_call_vote_cfm.cfm?congress=115&amp;session=1&amp;vote=00138</url>
            <name>Record Vote Number: 138</name>
          </link>
          <link>
            <url>https://www.congress.gov/congressional-record/volume-163/senate-section/page/S3235-3238</url>
            <name>S3235-3238</name>
          </link>
        </links>
        <type>Floor</type>
        <text>Passed/agreed to in Senate: Resolution agreed to in Senate without amendment and with a preamble by Yea-Nay Vote. 90 - 0. Record Vote Number: 138.(consideration: CR S3235-3238)</text>
        <actionDate>2017-06-05</actionDate>
        <actionCode>17000</actionCode>
        <sourceSystem>
          <code>9</code>
          <name>Library of Congress</name>
        </sourceSystem>
      </item>
      <item>
        <actionDate>2017-05-25</actionDate>
        <committee />
        <links />
        <sourceSystem>
          <code>0</code>
          <name>Senate</name>
        </sourceSystem>
        <text>Placed on Senate Legislative Calendar under General Orders. Calendar No. 107.</text>
        <type>Calendars</type>
      </item>
      <item>
        <actionDate>2017-05-25</actionDate>
        <committee>
          <systemCode>ssfr00</systemCode>
          <name>Foreign Relations Committee</name>
        </committee>
        <links />
        <sourceSystem>
          <code>0</code>
          <name>Senate</name>
        </sourceSystem>
        <text>Committee on Foreign Relations. Reported by Senator Corker without amendment and with a preamble. Without written report.</text>
        <type>Committee</type>
      </item>
      <item>
        <committee>
          <systemCode>ssfr00</systemCode>
          <name>Foreign Relations Committee</name>
        </committee>
        <links />
        <type>Committee</type>
        <text>Committee on Foreign Relations. Reported by Senator Corker without amendment and with a preamble. Without written report.</text>
        <actionDate>2017-05-25</actionDate>
        <actionCode>14000</actionCode>
        <sourceSystem>
          <code>9</code>
          <name>Library of Congress</name>
        </sourceSystem>
      </item>
      <item>
        <actionDate>2017-05-25</actionDate>
        <committee>
          <systemCode>ssfr00</systemCode>
          <name>Foreign Relations Committee</name>
        </committee>
        <links />
        <sourceSystem>
          <code>0</code>
          <name>Senate</name>
        </sourceSystem>
        <text>Committee on Foreign Relations. Ordered to be reported without amendment favorably.</text>
        <type>Committee</type>
      </item>
      <item>
        <actionDate>2017-05-24</actionDate>
        <committee>
          <systemCode>ssfr00</systemCode>
          <name>Foreign Relations Committee</name>
        </committee>
        <links>
          <link>
            <url>https://www.congress.gov/congressional-record/volume-163/senate-section/page/S3148</url>
            <name>S3148</name>
          </link>
        </links>
        <sourceSystem>
          <code>0</code>
          <name>Senate</name>
        </sourceSystem>
        <text>Referred to the Committee on Foreign Relations. (text of measure as introduced: CR S3148)</text>
        <type>IntroReferral</type>
      </item>
      <item>
        <committee />
        <links />
        <type>IntroReferral</type>
        <text>Introduced in Senate</text>
        <actionDate>2017-05-24</actionDate>
        <actionCode>10000</actionCode>
        <sourceSystem>
          <code>9</code>
          <name>Library of Congress</name>
        </sourceSystem>
      </item>
      <actionTypeCounts>
        <reportedToSenate>2</reportedToSenate>
        <passedAgreedToInSenate>1</passedAgreedToInSenate>
        <agreedToInSenate>1</agreedToInSenate>
        <placedOnCalendarGeneralOrders>1</placedOnCalendarGeneralOrders>
        <referredToCommittee>1</referredToCommittee>
        <introducedInSenate>1</introducedInSenate>
        <orderedReported>1</orderedReported>
      </actionTypeCounts>
    </actions>
    <version>1.0.0</version>
    <congress>115</congress>
  </bill>
  <dublinCore xmlns:dc="http://purl.org/dc/elements/1.1/">
    <dc:format>text/xml</dc:format>
    <dc:language>EN</dc:language>
    <dc:rights>Pursuant to Title 17 Section 105 of the United States Code, this file is not subject to copyright protection and is in the public domain.</dc:rights>
    <dc:contributor>Congressional Research Service, Library of Congress</dc:contributor>
    <dc:description>This file contains bill summaries and statuses for federal legislation. A bill summary describes the most significant provisions of a piece of legislation and details the effects the legislative text may have on current law and federal programs. Bill summaries are authored by the Congressional Research Service (CRS) of the Library of Congress. As stated in Public Law 91-510 (2 USC 166 (d)(6)), one of the duties of CRS is "to prepare summaries and digests of bills and resolutions of a public general nature introduced in the Senate or House of Representatives". For more information, refer to the User Guide that accompanies this file.</dc:description>
  </dublinCore>
</billStatus>

