<?xml version="1.0" encoding="UTF-8"?>
<billStatus>
  <bill>
    <committees>
      <billCommittees>
        <item>
          <systemCode>ssfr00</systemCode>
          <subcommittees />
          <activities>
            <item>
              <name>Referred to</name>
              <date>2018-03-14T20:59:57Z</date>
            </item>
          </activities>
          <name>Foreign Relations Committee</name>
          <chamber>Senate</chamber>
          <type>Standing</type>
        </item>
      </billCommittees>
    </committees>
    <actions>
      <item>
        <actionDate>2018-03-14</actionDate>
        <committee>
          <systemCode>ssfr00</systemCode>
          <name>Foreign Relations Committee</name>
        </committee>
        <links>
          <link>
            <name>S1737</name>
            <url>https://www.congress.gov/congressional-record/volume-164/senate-section/page/S1737</url>
          </link>
        </links>
        <sourceSystem>
          <code>0</code>
          <name>Senate</name>
        </sourceSystem>
        <text>Referred to the Committee on Foreign Relations. (text of measure as introduced:  CR S1737)</text>
        <type>IntroReferral</type>
      </item>
      <item>
        <text>Introduced in Senate</text>
        <type>IntroReferral</type>
        <committee />
        <actionDate>2018-03-14</actionDate>
        <links />
        <actionCode>10000</actionCode>
        <sourceSystem>
          <code>9</code>
          <name>Library of Congress</name>
        </sourceSystem>
      </item>
      <actionByCounts>
        <senate>2</senate>
      </actionByCounts>
      <actionTypeCounts>
        <referredToCommittee>1</referredToCommittee>
        <introducedInSenate>1</introducedInSenate>
      </actionTypeCounts>
    </actions>
    <recordedVotes />
    <laws />
    <calendarNumbers />
    <titles>
      <item>
        <chamberName />
        <chamberCode />
        <titleType>Official Title as Introduced</titleType>
        <title>A resolution expressing the sense of the Senate that the 85th anniversary of the Ukrainian Famine of 1932-1933, known as the Holodomor, should serve as a reminder of repressive Soviet policies against the people of Ukraine.</title>
        <parentTitleType />
      </item>
      <item>
        <chamberName />
        <chamberCode />
        <titleType>Display Title</titleType>
        <title>A resolution expressing the sense of the Senate that the 85th anniversary of the Ukrainian Famine of 1932-1933, known as the Holodomor, should serve as a reminder of repressive Soviet policies against the people of Ukraine.</title>
        <parentTitleType />
      </item>
    </titles>
    <cosponsors>
      <item>
        <bioguideId>D000563</bioguideId>
        <middleName>J.</middleName>
        <isOriginalCosponsor>True</isOriginalCosponsor>
        <fullName>Sen. Durbin, Richard J. [D-IL]</fullName>
        <lastName>DURBIN</lastName>
        <state>IL</state>
        <party>D</party>
        <sponsorshipWithdrawnDate />
        <identifiers>
          <lisID>326</lisID>
          <gpoId>8326</gpoId>
          <bioguideId>D000563</bioguideId>
        </identifiers>
        <sponsorshipDate>2018-03-14</sponsorshipDate>
        <firstName>RICHARD</firstName>
      </item>
      <item>
        <bioguideId>C001070</bioguideId>
        <middleName />
        <isOriginalCosponsor>True</isOriginalCosponsor>
        <fullName>Sen. Casey, Robert P., Jr. [D-PA]</fullName>
        <lastName>Casey</lastName>
        <state>PA</state>
        <party>D</party>
        <sponsorshipWithdrawnDate />
        <identifiers>
          <lisID>1828</lisID>
          <bioguideId>C001070</bioguideId>
          <gpoId>8282</gpoId>
        </identifiers>
        <sponsorshipDate>2018-03-14</sponsorshipDate>
        <firstName>Bob</firstName>
      </item>
      <item>
        <bioguideId>R000595</bioguideId>
        <middleName />
        <isOriginalCosponsor>True</isOriginalCosponsor>
        <fullName>Sen. Rubio, Marco [R-FL]</fullName>
        <lastName>Rubio</lastName>
        <state>FL</state>
        <party>R</party>
        <sponsorshipWithdrawnDate />
        <identifiers>
          <lisID>2084</lisID>
          <bioguideId>R000595</bioguideId>
          <gpoId>8242</gpoId>
        </identifiers>
        <sponsorshipDate>2018-03-14</sponsorshipDate>
        <firstName>Marco</firstName>
      </item>
      <item>
        <bioguideId>G000562</bioguideId>
        <middleName />
        <isOriginalCosponsor>True</isOriginalCosponsor>
        <fullName>Sen. Gardner, Cory [R-CO]</fullName>
        <lastName>Gardner</lastName>
        <state>CO</state>
        <party>R</party>
        <sponsorshipWithdrawnDate />
        <identifiers>
          <lisID>1998</lisID>
          <bioguideId>G000562</bioguideId>
          <gpoId>7862</gpoId>
        </identifiers>
        <sponsorshipDate>2018-03-14</sponsorshipDate>
        <firstName>Cory</firstName>
      </item>
      <item>
        <bioguideId>I000024</bioguideId>
        <middleName />
        <isOriginalCosponsor>True</isOriginalCosponsor>
        <fullName>Sen. Inhofe, James M. [R-OK]</fullName>
        <lastName>INHOFE</lastName>
        <state>OK</state>
        <party>R</party>
        <sponsorshipWithdrawnDate />
        <identifiers>
          <bioguideId>I000024</bioguideId>
          <gpoId>8322</gpoId>
          <lisID>583</lisID>
        </identifiers>
        <sponsorshipDate>2018-03-14</sponsorshipDate>
        <firstName>JIM</firstName>
      </item>
      <item>
        <bioguideId>B001277</bioguideId>
        <middleName />
        <isOriginalCosponsor>True</isOriginalCosponsor>
        <fullName>Sen. Blumenthal, Richard [D-CT]</fullName>
        <lastName>Blumenthal</lastName>
        <state>CT</state>
        <party>D</party>
        <sponsorshipWithdrawnDate />
        <identifiers>
          <lisID>2076</lisID>
          <bioguideId>B001277</bioguideId>
          <gpoId>8332</gpoId>
        </identifiers>
        <sponsorshipDate>2018-03-14</sponsorshipDate>
        <firstName>Richard</firstName>
      </item>
      <item>
        <bioguideId>B000944</bioguideId>
        <middleName />
        <isOriginalCosponsor>True</isOriginalCosponsor>
        <fullName>Sen. Brown, Sherrod [D-OH]</fullName>
        <lastName>BROWN</lastName>
        <state>OH</state>
        <party>D</party>
        <sponsorshipWithdrawnDate />
        <identifiers>
          <bioguideId>B000944</bioguideId>
          <gpoId>8309</gpoId>
          <lisID>136</lisID>
        </identifiers>
        <sponsorshipDate>2018-03-14</sponsorshipDate>
        <firstName>SHERROD</firstName>
      </item>
      <item>
        <bioguideId>J000293</bioguideId>
        <middleName />
        <isOriginalCosponsor>True</isOriginalCosponsor>
        <fullName>Sen. Johnson, Ron [R-WI]</fullName>
        <lastName>Johnson</lastName>
        <state>WI</state>
        <party>R</party>
        <sponsorshipWithdrawnDate />
        <identifiers>
          <lisID>2086</lisID>
          <bioguideId>J000293</bioguideId>
          <gpoId>8355</gpoId>
        </identifiers>
        <sponsorshipDate>2018-03-14</sponsorshipDate>
        <firstName>Ron</firstName>
      </item>
      <item>
        <bioguideId>W000437</bioguideId>
        <middleName>F.</middleName>
        <isOriginalCosponsor>True</isOriginalCosponsor>
        <fullName>Sen. Wicker, Roger F. [R-MS]</fullName>
        <lastName>WICKER</lastName>
        <state>MS</state>
        <party>R</party>
        <sponsorshipWithdrawnDate />
        <identifiers>
          <bioguideId>W000437</bioguideId>
          <lisID>1226</lisID>
          <gpoId>8263</gpoId>
        </identifiers>
        <sponsorshipDate>2018-03-14</sponsorshipDate>
        <firstName>ROGER</firstName>
      </item>
      <item>
        <bioguideId>K000367</bioguideId>
        <middleName />
        <isOriginalCosponsor>True</isOriginalCosponsor>
        <fullName>Sen. Klobuchar, Amy [D-MN]</fullName>
        <lastName>Klobuchar</lastName>
        <state>MN</state>
        <party>D</party>
        <sponsorshipWithdrawnDate />
        <identifiers>
          <lisID>1826</lisID>
          <gpoId>8249</gpoId>
          <bioguideId>K000367</bioguideId>
        </identifiers>
        <sponsorshipDate>2018-03-14</sponsorshipDate>
        <firstName>Amy</firstName>
      </item>
      <item>
        <bioguideId>M001169</bioguideId>
        <middleName />
        <isOriginalCosponsor>True</isOriginalCosponsor>
        <fullName>Sen. Murphy, Christopher [D-CT]</fullName>
        <lastName>Murphy</lastName>
        <state>CT</state>
        <party>D</party>
        <sponsorshipWithdrawnDate />
        <identifiers>
          <bioguideId>M001169</bioguideId>
          <gpoId>7870</gpoId>
          <lisID>1837</lisID>
        </identifiers>
        <sponsorshipDate>2018-03-14</sponsorshipDate>
        <firstName>Christopher</firstName>
      </item>
      <item>
        <bioguideId>S001181</bioguideId>
        <middleName />
        <isOriginalCosponsor>True</isOriginalCosponsor>
        <fullName>Sen. Shaheen, Jeanne [D-NH]</fullName>
        <lastName>Shaheen</lastName>
        <state>NH</state>
        <party>D</party>
        <sponsorshipWithdrawnDate />
        <identifiers>
          <lisID>1901</lisID>
          <bioguideId>S001181</bioguideId>
          <gpoId>8276</gpoId>
        </identifiers>
        <sponsorshipDate>2018-03-14</sponsorshipDate>
        <firstName>Jeanne</firstName>
      </item>
      <item>
        <bioguideId>T000461</bioguideId>
        <middleName />
        <isOriginalCosponsor>False</isOriginalCosponsor>
        <fullName>Sen. Toomey, Pat [R-PA]</fullName>
        <lastName>Toomey</lastName>
        <state>PA</state>
        <party>R</party>
        <sponsorshipWithdrawnDate />
        <identifiers>
          <bioguideId>T000461</bioguideId>
          <lisID>1594</lisID>
          <gpoId />
        </identifiers>
        <sponsorshipDate>2018-04-12</sponsorshipDate>
        <firstName>Pat</firstName>
      </item>
      <item>
        <bioguideId>M000639</bioguideId>
        <middleName />
        <isOriginalCosponsor>False</isOriginalCosponsor>
        <fullName>Sen. Menendez, Robert [D-NJ]</fullName>
        <lastName>MENENDEZ</lastName>
        <state>NJ</state>
        <party>D</party>
        <sponsorshipWithdrawnDate />
        <identifiers>
          <lisID>791</lisID>
          <bioguideId>M000639</bioguideId>
          <gpoId>8239</gpoId>
        </identifiers>
        <sponsorshipDate>2018-04-12</sponsorshipDate>
        <firstName>ROBERT</firstName>
      </item>
      <item>
        <bioguideId>C001088</bioguideId>
        <middleName>A.</middleName>
        <isOriginalCosponsor>False</isOriginalCosponsor>
        <fullName>Sen. Coons, Christopher A. [D-DE]</fullName>
        <lastName>Coons</lastName>
        <state>DE</state>
        <party>D</party>
        <sponsorshipWithdrawnDate />
        <identifiers>
          <lisID>1984</lisID>
          <bioguideId>C001088</bioguideId>
          <gpoId>8297</gpoId>
        </identifiers>
        <sponsorshipDate>2018-05-15</sponsorshipDate>
        <firstName>Christopher</firstName>
      </item>
      <item>
        <bioguideId>S000148</bioguideId>
        <middleName>E.</middleName>
        <isOriginalCosponsor>False</isOriginalCosponsor>
        <fullName>Sen. Schumer, Charles E. [D-NY]</fullName>
        <lastName>SCHUMER</lastName>
        <state>NY</state>
        <party>D</party>
        <sponsorshipWithdrawnDate />
        <identifiers>
          <bioguideId>S000148</bioguideId>
          <lisID>1036</lisID>
          <gpoId>8279</gpoId>
        </identifiers>
        <sponsorshipDate>2018-05-24</sponsorshipDate>
        <firstName>CHARLES</firstName>
      </item>
      <item>
        <bioguideId>H001076</bioguideId>
        <middleName>Wood</middleName>
        <isOriginalCosponsor>False</isOriginalCosponsor>
        <fullName>Sen. Hassan, Margaret Wood [D-NH]</fullName>
        <lastName>Hassan</lastName>
        <state>NH</state>
        <party>D</party>
        <sponsorshipWithdrawnDate />
        <identifiers>
          <lisID>2302</lisID>
          <gpoId />
          <bioguideId>H001076</bioguideId>
        </identifiers>
        <sponsorshipDate>2018-06-07</sponsorshipDate>
        <firstName>Margaret</firstName>
      </item>
      <item>
        <bioguideId>G000359</bioguideId>
        <middleName>O.</middleName>
        <isOriginalCosponsor>False</isOriginalCosponsor>
        <fullName>Sen. Graham, Lindsey [R-SC]</fullName>
        <lastName>GRAHAM</lastName>
        <state>SC</state>
        <party>R</party>
        <sponsorshipWithdrawnDate />
        <identifiers>
          <lisID>452</lisID>
          <bioguideId>G000359</bioguideId>
          <gpoId>8335</gpoId>
        </identifiers>
        <sponsorshipDate>2018-06-07</sponsorshipDate>
        <firstName>LINDSEY</firstName>
      </item>
      <item>
        <bioguideId>D000622</bioguideId>
        <middleName />
        <isOriginalCosponsor>False</isOriginalCosponsor>
        <fullName>Sen. Duckworth, Tammy [D-IL]</fullName>
        <lastName>Duckworth</lastName>
        <state>IL</state>
        <party>D</party>
        <sponsorshipWithdrawnDate />
        <identifiers>
          <lisID>2123</lisID>
          <bioguideId>D000622</bioguideId>
          <gpoId />
        </identifiers>
        <sponsorshipDate>2018-06-14</sponsorshipDate>
        <firstName>Tammy</firstName>
      </item>
      <item>
        <bioguideId>B001288</bioguideId>
        <middleName>A.</middleName>
        <isOriginalCosponsor>False</isOriginalCosponsor>
        <fullName>Sen. Booker, Cory A. [D-NJ]</fullName>
        <lastName>Booker</lastName>
        <state>NJ</state>
        <party>D</party>
        <sponsorshipWithdrawnDate />
        <identifiers>
          <gpoId />
          <lisID>2194</lisID>
          <bioguideId>B001288</bioguideId>
        </identifiers>
        <sponsorshipDate>2018-07-16</sponsorshipDate>
        <firstName>Cory</firstName>
      </item>
    </cosponsors>
    <cboCostEstimates />
    <latestAction>
      <text>Referred to the Committee on Foreign Relations. (text of measure as introduced:  CR S1737)</text>
      <links />
      <actionDate>2018-03-14</actionDate>
    </latestAction>
    <updateDate>2018-08-28T20:21:34Z</updateDate>
    <version>1.0.0</version>
    <policyArea>
      <name>International Affairs</name>
    </policyArea>
    <billType>SRES</billType>
    <billNumber>435</billNumber>
    <originChamber>Senate</originChamber>
    <relatedBills>
      <item>
        <congress>115</congress>
        <latestAction>
          <actionDate>2018-06-08</actionDate>
          <text>Referred to the House Committee on Foreign Affairs.</text>
        </latestAction>
        <relationshipDetails>
          <item>
            <type>Identical bill</type>
            <identifiedBy>CRS</identifiedBy>
          </item>
        </relationshipDetails>
        <type>HRES</type>
        <latestTitle>Expressing the sense of the House of Representatives that the 85th anniversary of the Ukrainian Famine of 1932-1933, known as the Holodomor, should serve as a reminder of repressive Soviet policies against the people of Ukraine.</latestTitle>
        <number>931</number>
      </item>
      <item>
        <congress>115</congress>
        <latestAction>
          <actionDate>2017-11-29</actionDate>
          <text>Referred to the Subcommittee on Europe, Eurasia, and Emerging Threats.</text>
        </latestAction>
        <relationshipDetails>
          <item>
            <type>Related bill</type>
            <identifiedBy>CRS</identifiedBy>
          </item>
        </relationshipDetails>
        <type>HRES</type>
        <latestTitle>Expressing the sense of the House of Representatives that the 85th anniversary of the Ukrainian Famine-Genocide of 1932-1933 (Holodomor) should serve as a reminder of repressive Soviet policies against the people of Ukraine.</latestTitle>
        <number>608</number>
      </item>
    </relatedBills>
    <title>A resolution expressing the sense of the Senate that the 85th anniversary of the Ukrainian Famine of 1932-1933, known as the Holodomor, should serve as a reminder of repressive Soviet policies against the people of Ukraine.</title>
    <congress>115</congress>
    <summaries>
      <billSummaries>
        <item>
          <text><![CDATA[<p>Recognizes the 85th anniversary of the Ukrainian Famine (Holodomor) of 1932-1933 and extends sympathies to the victims, survivors, and families of that tragedy. Encourages dissemination of information regarding the famine.</p> <p>Condemns the systematic violations of human rights of the Ukrainian people by the Soviet government. </p> <p> Recognizes the 1988 findings of the Commission on the Ukraine Famine that Joseph Stalin committed genocide against the Ukrainians in 1932-1933. </p> <p>Supports the continuing efforts of the people of Ukraine to work toward ensuring democratic principles, a free-market economy, and full respect for human rights.</p>]]></text>
          <lastSummaryUpdateDate>2018-03-24T13:04:23Z</lastSummaryUpdateDate>
          <actionDesc>Introduced in Senate</actionDesc>
          <updateDate>2018-03-14T04:00:00Z</updateDate>
          <name>Introduced in Senate</name>
          <versionCode>00</versionCode>
          <actionDate>2018-03-14</actionDate>
        </item>
      </billSummaries>
    </summaries>
    <subjects>
      <billSubjects>
        <legislativeSubjects>
          <item>
            <name>Commemorative events and holidays</name>
          </item>
          <item>
            <name>Congressional tributes</name>
          </item>
          <item>
            <name>Europe</name>
          </item>
          <item>
            <name>Food supply, safety, and labeling</name>
          </item>
          <item>
            <name>Human rights</name>
          </item>
          <item>
            <name>Sovereignty, recognition, national governance and status</name>
          </item>
          <item>
            <name>Ukraine</name>
          </item>
          <item>
            <name>War crimes, genocide, crimes against humanity</name>
          </item>
        </legislativeSubjects>
        <policyArea>
          <name>International Affairs</name>
        </policyArea>
      </billSubjects>
    </subjects>
    <committeeReports />
    <introducedDate>2018-03-14</introducedDate>
    <sponsors>
      <item>
        <bioguideId>P000449</bioguideId>
        <middleName />
        <byRequestType />
        <fullName>Sen. Portman, Rob [R-OH]</fullName>
        <lastName>PORTMAN</lastName>
        <state>OH</state>
        <party>R</party>
        <identifiers>
          <bioguideId>P000449</bioguideId>
          <lisID>924</lisID>
          <gpoId>8266</gpoId>
        </identifiers>
        <firstName>ROB</firstName>
      </item>
    </sponsors>
    <notes />
    <createDate>2018-03-15T04:26:02Z</createDate>
    <amendments />
  </bill>
  <dublinCore xmlns:dc="http://purl.org/dc/elements/1.1/">
    <dc:format>text/xml</dc:format>
    <dc:language>EN</dc:language>
    <dc:rights>Pursuant to Title 17 Section 105 of the United States Code, this file is not subject to copyright protection and is in the public domain.</dc:rights>
    <dc:contributor>Congressional Research Service, Library of Congress</dc:contributor>
    <dc:description>This file contains bill summaries and statuses for federal legislation. A bill summary describes the most significant provisions of a piece of legislation and details the effects the legislative text may have on current law and federal programs. Bill summaries are authored by the Congressional Research Service (CRS) of the Library of Congress. As stated in Public Law 91-510 (2 USC 166 (d)(6)), one of the duties of CRS is "to prepare summaries and digests of bills and resolutions of a public general nature introduced in the Senate or House of Representatives". For more information, refer to the User Guide that accompanies this file.</dc:description>
  </dublinCore>
</billStatus>

