<?xml version="1.0" encoding="UTF-8"?>
<billStatus>
  <bill>
    <title>A resolution recognizing the 100th anniversary of Lions Clubs International and celebrating the Lions Clubs International for a long history of humanitarian service.</title>
    <originChamber>Senate</originChamber>
    <updateDate>2018-08-28T20:20:51Z</updateDate>
    <calendarNumbers />
    <subjects>
      <billSubjects>
        <legislativeSubjects>
          <item>
            <name>Commemorative events and holidays</name>
          </item>
          <item>
            <name>Community life and organization</name>
          </item>
          <item>
            <name>Congressional tributes</name>
          </item>
          <item>
            <name>Social work, volunteer service, charitable organizations</name>
          </item>
        </legislativeSubjects>
        <policyArea>
          <name>Social Welfare</name>
        </policyArea>
      </billSubjects>
    </subjects>
    <version>1.0.0</version>
    <billType>SRES</billType>
    <latestAction>
      <text>Resolution agreed to in Senate without amendment and an amended preamble by Unanimous Consent. (text: CR S3342-3343)</text>
      <links />
      <actionDate>2017-06-07</actionDate>
    </latestAction>
    <policyArea>
      <name>Social Welfare</name>
    </policyArea>
    <relatedBills />
    <introducedDate>2017-05-18</introducedDate>
    <actions>
      <item>
        <actionDate>2017-06-07</actionDate>
        <committee />
        <links>
          <link>
            <url>https://www.congress.gov/congressional-record/volume-163/senate-section/page/S3342-3343</url>
            <name>S3342-3343</name>
          </link>
        </links>
        <sourceSystem>
          <code>0</code>
          <name>Senate</name>
        </sourceSystem>
        <text>Resolution agreed to in Senate without amendment and an amended preamble by Unanimous Consent. (text: CR S3342-3343)</text>
        <type>Floor</type>
      </item>
      <item>
        <actionDate>2017-06-07</actionDate>
        <actionCode>17000</actionCode>
        <text>Passed/agreed to in Senate: Resolution agreed to in Senate without amendment and an amended preamble by Unanimous Consent.(text: CR S3342-3343)</text>
        <committee />
        <links>
          <link>
            <url>https://www.congress.gov/congressional-record/volume-163/senate-section/page/S3342-3343</url>
            <name>S3342-3343</name>
          </link>
        </links>
        <type>Floor</type>
        <sourceSystem>
          <code>9</code>
          <name>Library of Congress</name>
        </sourceSystem>
      </item>
      <item>
        <actionDate>2017-06-07</actionDate>
        <committee />
        <links>
          <link>
            <url>https://www.congress.gov/congressional-record/volume-163/senate-section/page/S3342-3343</url>
            <name>S3342-3343</name>
          </link>
        </links>
        <sourceSystem>
          <code>0</code>
          <name>Senate</name>
        </sourceSystem>
        <text>Measure laid before Senate by unanimous consent. (consideration: CR S3342-3343)</text>
        <type>Floor</type>
      </item>
      <item>
        <actionDate>2017-06-07</actionDate>
        <committee>
          <systemCode>ssju00</systemCode>
          <name>Judiciary Committee</name>
        </committee>
        <links />
        <sourceSystem>
          <code>0</code>
          <name>Senate</name>
        </sourceSystem>
        <text>Senate Committee on the Judiciary discharged by Unanimous Consent.</text>
        <type>Discharge</type>
      </item>
      <item>
        <actionDate>2017-06-07</actionDate>
        <actionCode>14500</actionCode>
        <text>Senate Committee on the Judiciary discharged by Unanimous Consent.</text>
        <committee>
          <systemCode>ssju00</systemCode>
          <name>Judiciary Committee</name>
        </committee>
        <links />
        <type>Committee</type>
        <sourceSystem>
          <code>9</code>
          <name>Library of Congress</name>
        </sourceSystem>
      </item>
      <item>
        <actionDate>2017-05-18</actionDate>
        <committee>
          <systemCode>ssju00</systemCode>
          <name>Judiciary Committee</name>
        </committee>
        <links>
          <link>
            <url>https://www.congress.gov/congressional-record/volume-163/senate-section/page/S3046-3047</url>
            <name>S3046-3047</name>
          </link>
        </links>
        <sourceSystem>
          <code>0</code>
          <name>Senate</name>
        </sourceSystem>
        <text>Referred to the Committee on the Judiciary. (text of measure as introduced: CR S3046-3047)</text>
        <type>IntroReferral</type>
      </item>
      <item>
        <actionDate>2017-05-18</actionDate>
        <actionCode>10000</actionCode>
        <text>Introduced in Senate</text>
        <committee />
        <links />
        <type>IntroReferral</type>
        <sourceSystem>
          <code>9</code>
          <name>Library of Congress</name>
        </sourceSystem>
      </item>
      <actionTypeCounts>
        <senateCommitteeDischarged>1</senateCommitteeDischarged>
        <measureLaidBeforeSenate>1</measureLaidBeforeSenate>
        <agreedToInSenate>1</agreedToInSenate>
        <passedAgreedToInSenate>1</passedAgreedToInSenate>
        <committeeDischarged>1</committeeDischarged>
        <referredToCommittee>1</referredToCommittee>
        <introducedInSenate>1</introducedInSenate>
      </actionTypeCounts>
      <actionByCounts>
        <senate>7</senate>
      </actionByCounts>
    </actions>
    <laws />
    <congress>115</congress>
    <committeeReports />
    <billNumber>174</billNumber>
    <cboCostEstimates />
    <cosponsors>
      <item>
        <middleName />
        <bioguideId>D000622</bioguideId>
        <identifiers>
          <lisID>2123</lisID>
          <gpoId />
          <bioguideId>D000622</bioguideId>
        </identifiers>
        <state>IL</state>
        <fullName>Sen. Duckworth, Tammy [D-IL]</fullName>
        <isOriginalCosponsor>True</isOriginalCosponsor>
        <party>D</party>
        <sponsorshipWithdrawnDate />
        <firstName>Tammy</firstName>
        <lastName>Duckworth</lastName>
        <sponsorshipDate>2017-05-18</sponsorshipDate>
      </item>
      <item>
        <middleName>B.</middleName>
        <bioguideId>E000285</bioguideId>
        <identifiers>
          <lisID>1542</lisID>
          <bioguideId>E000285</bioguideId>
          <gpoId>8328</gpoId>
        </identifiers>
        <state>WY</state>
        <fullName>Sen. Enzi, Michael B. [R-WY]</fullName>
        <isOriginalCosponsor>True</isOriginalCosponsor>
        <party>R</party>
        <sponsorshipWithdrawnDate />
        <firstName>MICHAEL</firstName>
        <lastName>ENZI</lastName>
        <sponsorshipDate>2017-05-18</sponsorshipDate>
      </item>
      <item>
        <middleName>J.</middleName>
        <bioguideId>D000563</bioguideId>
        <identifiers>
          <lisID>326</lisID>
          <bioguideId>D000563</bioguideId>
          <gpoId>8326</gpoId>
        </identifiers>
        <state>IL</state>
        <fullName>Sen. Durbin, Richard J. [D-IL]</fullName>
        <isOriginalCosponsor>True</isOriginalCosponsor>
        <party>D</party>
        <sponsorshipWithdrawnDate />
        <firstName>RICHARD</firstName>
        <lastName>DURBIN</lastName>
        <sponsorshipDate>2017-05-18</sponsorshipDate>
      </item>
      <item>
        <middleName />
        <bioguideId>P000603</bioguideId>
        <identifiers>
          <lisID>2082</lisID>
          <gpoId>8308</gpoId>
          <bioguideId>P000603</bioguideId>
        </identifiers>
        <state>KY</state>
        <fullName>Sen. Paul, Rand [R-KY]</fullName>
        <isOriginalCosponsor>True</isOriginalCosponsor>
        <party>R</party>
        <sponsorshipWithdrawnDate />
        <firstName>Rand</firstName>
        <lastName>Paul</lastName>
        <sponsorshipDate>2017-05-18</sponsorshipDate>
      </item>
      <item>
        <middleName />
        <bioguideId>S001181</bioguideId>
        <identifiers>
          <lisID>1901</lisID>
          <gpoId>8276</gpoId>
          <bioguideId>S001181</bioguideId>
        </identifiers>
        <state>NH</state>
        <fullName>Sen. Shaheen, Jeanne [D-NH]</fullName>
        <isOriginalCosponsor>True</isOriginalCosponsor>
        <party>D</party>
        <sponsorshipWithdrawnDate />
        <firstName>Jeanne</firstName>
        <lastName>Shaheen</lastName>
        <sponsorshipDate>2017-05-18</sponsorshipDate>
      </item>
      <item>
        <middleName />
        <bioguideId>A000360</bioguideId>
        <identifiers>
          <lisID>1695</lisID>
          <bioguideId>A000360</bioguideId>
          <gpoId>8304</gpoId>
        </identifiers>
        <state>TN</state>
        <fullName>Sen. Alexander, Lamar [R-TN]</fullName>
        <isOriginalCosponsor>False</isOriginalCosponsor>
        <party>R</party>
        <sponsorshipWithdrawnDate />
        <firstName>Lamar</firstName>
        <lastName>Alexander</lastName>
        <sponsorshipDate>2017-05-24</sponsorshipDate>
      </item>
      <item>
        <middleName />
        <bioguideId>B001236</bioguideId>
        <identifiers>
          <lisID>1687</lisID>
          <bioguideId>B001236</bioguideId>
          <gpoId>8247</gpoId>
        </identifiers>
        <state>AR</state>
        <fullName>Sen. Boozman, John [R-AR]</fullName>
        <isOriginalCosponsor>False</isOriginalCosponsor>
        <party>R</party>
        <sponsorshipWithdrawnDate />
        <firstName>John</firstName>
        <lastName>Boozman</lastName>
        <sponsorshipDate>2017-05-25</sponsorshipDate>
      </item>
      <item>
        <middleName />
        <bioguideId>M001153</bioguideId>
        <identifiers>
          <bioguideId>M001153</bioguideId>
          <gpoId>8234</gpoId>
          <lisID>1694</lisID>
        </identifiers>
        <state>AK</state>
        <fullName>Sen. Murkowski, Lisa [R-AK]</fullName>
        <isOriginalCosponsor>False</isOriginalCosponsor>
        <party>R</party>
        <sponsorshipWithdrawnDate />
        <firstName>Lisa</firstName>
        <lastName>Murkowski</lastName>
        <sponsorshipDate>2017-06-05</sponsorshipDate>
      </item>
      <item>
        <middleName>MARGARET</middleName>
        <bioguideId>C001035</bioguideId>
        <identifiers>
          <lisID>1541</lisID>
          <bioguideId>C001035</bioguideId>
          <gpoId>8291</gpoId>
        </identifiers>
        <state>ME</state>
        <fullName>Sen. Collins, Susan M. [R-ME]</fullName>
        <isOriginalCosponsor>False</isOriginalCosponsor>
        <party>R</party>
        <sponsorshipWithdrawnDate />
        <firstName>SUSAN</firstName>
        <lastName>COLLINS</lastName>
        <sponsorshipDate>2017-06-05</sponsorshipDate>
      </item>
      <item>
        <middleName>Wood</middleName>
        <bioguideId>H001076</bioguideId>
        <identifiers>
          <bioguideId>H001076</bioguideId>
          <lisID>2302</lisID>
          <gpoId />
        </identifiers>
        <state>NH</state>
        <fullName>Sen. Hassan, Margaret Wood [D-NH]</fullName>
        <isOriginalCosponsor>False</isOriginalCosponsor>
        <party>D</party>
        <sponsorshipWithdrawnDate />
        <firstName>Margaret</firstName>
        <lastName>Hassan</lastName>
        <sponsorshipDate>2017-06-06</sponsorshipDate>
      </item>
      <item>
        <middleName />
        <bioguideId>B000575</bioguideId>
        <identifiers>
          <lisID>1464</lisID>
          <gpoId>8313</gpoId>
          <bioguideId>B000575</bioguideId>
        </identifiers>
        <state>MO</state>
        <fullName>Sen. Blunt, Roy [R-MO]</fullName>
        <isOriginalCosponsor>False</isOriginalCosponsor>
        <party>R</party>
        <sponsorshipWithdrawnDate />
        <firstName>Roy</firstName>
        <lastName>Blunt</lastName>
        <sponsorshipDate>2017-06-07</sponsorshipDate>
      </item>
      <item>
        <middleName />
        <bioguideId>M000639</bioguideId>
        <identifiers>
          <bioguideId>M000639</bioguideId>
          <lisID>791</lisID>
          <gpoId>8239</gpoId>
        </identifiers>
        <state>NJ</state>
        <fullName>Sen. Menendez, Robert [D-NJ]</fullName>
        <isOriginalCosponsor>False</isOriginalCosponsor>
        <party>D</party>
        <sponsorshipWithdrawnDate />
        <firstName>ROBERT</firstName>
        <lastName>MENENDEZ</lastName>
        <sponsorshipDate>2017-06-07</sponsorshipDate>
      </item>
    </cosponsors>
    <summaries>
      <billSummaries>
        <item>
          <text><![CDATA[<p>Congratulates Lions Clubs International on its 100th anniversary on June 7, 2017, and recognizes Lions Clubs International for promoting community service and humanitarian assistance.</p>]]></text>
          <lastSummaryUpdateDate>2017-09-11T18:08:13Z</lastSummaryUpdateDate>
          <actionDesc>Introduced in Senate</actionDesc>
          <updateDate>2017-05-18T04:00:00Z</updateDate>
          <name>Introduced in Senate</name>
          <versionCode>00</versionCode>
          <actionDate>2017-05-18</actionDate>
        </item>
        <item>
          <text><![CDATA[<p>(This measure has not been amended since it was introduced. The summary of that version is repeated here.)</p> <p>Congratulates Lions Clubs International on its 100th anniversary on June 7, 2017, and recognizes Lions Clubs International&nbsp;for promoting community service and humanitarian assistance.</p>]]></text>
          <lastSummaryUpdateDate>2017-10-05T17:12:15Z</lastSummaryUpdateDate>
          <actionDesc>Passed Senate without amendment</actionDesc>
          <updateDate>2017-06-07T15:12:30Z</updateDate>
          <name>Passed Senate without amendment</name>
          <versionCode>82</versionCode>
          <actionDate>2017-06-07</actionDate>
        </item>
      </billSummaries>
    </summaries>
    <committees>
      <billCommittees>
        <item>
          <systemCode>ssju00</systemCode>
          <chamber>Senate</chamber>
          <type>Standing</type>
          <subcommittees />
          <name>Judiciary Committee</name>
          <activities>
            <item>
              <date>2017-06-07T22:07:31Z</date>
              <name>Discharged from</name>
            </item>
            <item>
              <date>2017-05-18T18:30:18Z</date>
              <name>Referred to</name>
            </item>
          </activities>
        </item>
      </billCommittees>
    </committees>
    <notes />
    <amendments>
      <amendment>
        <description />
        <type>SAMDT</type>
        <number>222</number>
        <type>SAMDT</type>
        <amendedBill>
          <type>SRES</type>
          <number>174</number>
          <originChamberCode>S</originChamberCode>
          <title>A resolution recognizing the 100th anniversary of Lions Clubs International and celebrating the Lions Clubs International for a long history of humanitarian service.</title>
          <congress>115</congress>
          <originChamber>Senate</originChamber>
        </amendedBill>
        <description />
        <number>222</number>
        <cosponsors>
          <currentCount>0</currentCount>
          <totalCount>0</totalCount>
        </cosponsors>
        <chamber>Senate</chamber>
        <updateDate>2018-08-28T20:20:51Z</updateDate>
        <submittedDate>2017-06-07T04:00:00Z</submittedDate>
        <purpose>To remove references to specific entities.</purpose>
        <links />
        <sponsors>
          <item>
            <middleName />
            <bioguideId>M000934</bioguideId>
            <identifiers>
              <lisID>1507</lisID>
              <gpoId>8307</gpoId>
              <bioguideId>M000934</bioguideId>
            </identifiers>
            <fullName>Sen. Moran, Jerry [R-KS]</fullName>
            <party>R</party>
            <firstName>JERRY</firstName>
            <state>KS</state>
            <lastName>MORAN</lastName>
          </item>
        </sponsors>
        <congress>115</congress>
        <actions>
          <actions>
            <item>
              <actionDate>2017-06-07</actionDate>
              <committee />
              <links>
                <link>
                  <url>https://www.congress.gov/amendment/115th-congress/senate-amendment/222</url>
                  <name>S.Amdt.222</name>
                </link>
                <link>
                  <url>https://www.congress.gov/amendment/115th-congress/senate-amendment/222</url>
                  <name>SA 222</name>
                </link>
              </links>
              <sourceSystem>
                <code>0</code>
                <name>Senate</name>
              </sourceSystem>
              <text>Amendment SA 222 agreed to in Senate by Unanimous Consent.</text>
              <type>Floor</type>
            </item>
            <item>
              <actionDate>2017-06-07</actionDate>
              <committee />
              <links>
                <link>
                  <url>https://www.congress.gov/amendment/115th-congress/senate-amendment/222</url>
                  <name>S.Amdt.222</name>
                </link>
                <link>
                  <url>https://www.congress.gov/congressional-record/volume-163/senate-section/page/S3342</url>
                  <name>S3342</name>
                </link>
                <link>
                  <url>https://www.congress.gov/amendment/115th-congress/senate-amendment/222</url>
                  <name>SA 222</name>
                </link>
              </links>
              <sourceSystem>
                <code>0</code>
                <name>Senate</name>
              </sourceSystem>
              <text>Amendment SA 222 proposed by Senator Tillis for Senator Moran. (consideration: CR S3342; text: CR S3342) To remove references to specific entities.</text>
              <type>Floor</type>
            </item>
            <item>
              <actionDate>2017-06-07</actionDate>
              <committee />
              <links />
              <text />
            </item>
            <item>
              <text>Senate amendment agreed to: Amendment SA 222 agreed to in Senate by Unanimous Consent.</text>
              <type>Floor</type>
              <links>
                <link>
                  <url>https://www.congress.gov/amendment/115th-congress/senate-amendment/222</url>
                  <name>S.Amdt.222</name>
                </link>
                <link>
                  <url>https://www.congress.gov/amendment/115th-congress/senate-amendment/222</url>
                  <name>SA 222</name>
                </link>
              </links>
              <actionDate>2017-06-07</actionDate>
              <sourceSystem>
                <code>9</code>
                <name>Library of Congress</name>
              </sourceSystem>
              <committee />
              <actionCode>94000</actionCode>
            </item>
            <item>
              <text>Senate amendment proposed (on the floor): Amendment SA 222 proposed by Senator Tillis for Senator Moran.(consideration: CR S3342; text: CR S3342)</text>
              <type>Floor</type>
              <links>
                <link>
                  <url>https://www.congress.gov/amendment/115th-congress/senate-amendment/222</url>
                  <name>S.Amdt.222</name>
                </link>
                <link>
                  <url>https://www.congress.gov/congressional-record/volume-163/senate-section/page/S3342</url>
                  <name>S3342</name>
                </link>
                <link>
                  <url>https://www.congress.gov/amendment/115th-congress/senate-amendment/222</url>
                  <name>SA 222</name>
                </link>
              </links>
              <actionDate>2017-06-07</actionDate>
              <sourceSystem>
                <code>9</code>
                <name>Library of Congress</name>
              </sourceSystem>
              <committee />
              <actionCode>93000</actionCode>
            </item>
            <item>
              <text>Senate amendment submitted</text>
              <type>Floor</type>
              <links />
              <actionDate>2017-06-07</actionDate>
              <sourceSystem>
                <code>9</code>
                <name>Library of Congress</name>
              </sourceSystem>
              <committee />
              <actionCode>91000</actionCode>
            </item>
          </actions>
          <actionByCounts>
            <senate>5</senate>
          </actionByCounts>
          <actionTypeCounts>
            <senateAmendmentAgreedTo>1</senateAmendmentAgreedTo>
            <senateAmendmentSubmitted>1</senateAmendmentSubmitted>
            <senateAmendmentProposedOnTheFloor>1</senateAmendmentProposedOnTheFloor>
            <amendmentAgreedTo>1</amendmentAgreedTo>
            <amendmentProposed>1</amendmentProposed>
          </actionTypeCounts>
          <count>6</count>
        </actions>
        <version>1.0.0</version>
        <proposedDate>2017-06-07T04:00:00Z</proposedDate>
        <titles />
        <createDate>2017-06-08T04:31:07Z</createDate>
        <amendedAmendment />
        <notes />
        <amendments>
          <count>0</count>
        </amendments>
        <congress>115</congress>
        <latestAction>
          <actionDate>2017-06-07</actionDate>
          <text>Amendment SA 222 agreed to in Senate by Unanimous Consent.</text>
        </latestAction>
        <purpose>To remove references to specific entities.</purpose>
      </amendment>
    </amendments>
    <recordedVotes />
    <createDate>2017-05-19T00:26:37Z</createDate>
    <sponsors>
      <item>
        <bioguideId>M000934</bioguideId>
        <party>R</party>
        <firstName>JERRY</firstName>
        <fullName>Sen. Moran, Jerry [R-KS]</fullName>
        <state>KS</state>
        <lastName>MORAN</lastName>
        <middleName />
        <identifiers>
          <lisID>1507</lisID>
          <gpoId>8307</gpoId>
          <bioguideId>M000934</bioguideId>
        </identifiers>
        <byRequestType />
      </item>
    </sponsors>
    <titles>
      <item>
        <chamberCode />
        <titleType>Official Title as Introduced</titleType>
        <chamberName />
        <title>A resolution recognizing the 100th anniversary of Lions Clubs International and celebrating the Lions Clubs International for a long history of humanitarian service.</title>
        <parentTitleType />
      </item>
      <item>
        <chamberCode />
        <titleType>Display Title</titleType>
        <chamberName />
        <title>A resolution recognizing the 100th anniversary of Lions Clubs International and celebrating the Lions Clubs International for a long history of humanitarian service.</title>
        <parentTitleType />
      </item>
    </titles>
  </bill>
  <dublinCore xmlns:dc="http://purl.org/dc/elements/1.1/">
    <dc:format>text/xml</dc:format>
    <dc:language>EN</dc:language>
    <dc:rights>Pursuant to Title 17 Section 105 of the United States Code, this file is not subject to copyright protection and is in the public domain.</dc:rights>
    <dc:contributor>Congressional Research Service, Library of Congress</dc:contributor>
    <dc:description>This file contains bill summaries and statuses for federal legislation. A bill summary describes the most significant provisions of a piece of legislation and details the effects the legislative text may have on current law and federal programs. Bill summaries are authored by the Congressional Research Service (CRS) of the Library of Congress. As stated in Public Law 91-510 (2 USC 166 (d)(6)), one of the duties of CRS is "to prepare summaries and digests of bills and resolutions of a public general nature introduced in the Senate or House of Representatives". For more information, refer to the User Guide that accompanies this file.</dc:description>
  </dublinCore>
</billStatus>

