<?xml version="1.0" encoding="UTF-8"?>
<billStatus>
  <bill>
    <policyArea>
      <name>International Affairs</name>
    </policyArea>
    <billType>SRES</billType>
    <latestAction>
      <links />
      <actionDate>2017-09-25</actionDate>
      <text>Referred to the Committee on Foreign Relations. (text of measure as introduced: CR S5887-5888)</text>
    </latestAction>
    <createDate>2017-09-26T00:26:18Z</createDate>
    <notes />
    <actions>
      <actionTypeCounts>
        <referredToCommittee>1</referredToCommittee>
        <introducedInSenate>1</introducedInSenate>
      </actionTypeCounts>
      <item>
        <actionDate>2017-09-25</actionDate>
        <committee>
          <systemCode>ssfr00</systemCode>
          <name>Foreign Relations Committee</name>
        </committee>
        <links>
          <link>
            <name>S5887-5888</name>
            <url>https://www.congress.gov/congressional-record/volume-163/senate-section/page/S5887-5888</url>
          </link>
        </links>
        <sourceSystem>
          <name>Senate</name>
          <code>0</code>
        </sourceSystem>
        <text>Referred to the Committee on Foreign Relations. (text of measure as introduced: CR S5887-5888)</text>
        <type>IntroReferral</type>
      </item>
      <item>
        <actionDate>2017-09-25</actionDate>
        <actionCode>10000</actionCode>
        <committee />
        <text>Introduced in Senate</text>
        <links />
        <type>IntroReferral</type>
        <sourceSystem>
          <name>Library of Congress</name>
          <code>9</code>
        </sourceSystem>
      </item>
      <actionByCounts>
        <senate>2</senate>
      </actionByCounts>
    </actions>
    <calendarNumbers />
    <congress>115</congress>
    <subjects>
      <billSubjects>
        <policyArea>
          <name>International Affairs</name>
        </policyArea>
        <legislativeSubjects>
          <item>
            <name>Africa</name>
          </item>
          <item>
            <name>Congressional tributes</name>
          </item>
          <item>
            <name>Department of State</name>
          </item>
          <item>
            <name>Diplomacy, foreign officials, Americans abroad</name>
          </item>
          <item>
            <name>Economic development</name>
          </item>
          <item>
            <name>Elections, voting, political campaign regulation</name>
          </item>
          <item>
            <name>Federal officials</name>
          </item>
          <item>
            <name>Foreign aid and international relief</name>
          </item>
          <item>
            <name>International organizations and cooperation</name>
          </item>
          <item>
            <name>Liberia</name>
          </item>
          <item>
            <name>Political parties and affiliation</name>
          </item>
          <item>
            <name>Sex, gender, sexual orientation discrimination</name>
          </item>
          <item>
            <name>Sovereignty, recognition, national governance and status</name>
          </item>
          <item>
            <name>War crimes, genocide, crimes against humanity</name>
          </item>
        </legislativeSubjects>
      </billSubjects>
    </subjects>
    <billNumber>266</billNumber>
    <title>A resolution reaffirming the United States-Liberia partnership, calling for free, fair, and peaceful elections in Liberia in October 2017.</title>
    <committees>
      <billCommittees>
        <item>
          <subcommittees />
          <type>Standing</type>
          <systemCode>ssfr00</systemCode>
          <name>Foreign Relations Committee</name>
          <activities>
            <item>
              <date>2017-09-25T20:40:39Z</date>
              <name>Referred to</name>
            </item>
          </activities>
          <chamber>Senate</chamber>
        </item>
      </billCommittees>
    </committees>
    <introducedDate>2017-09-25</introducedDate>
    <version>1.0.0</version>
    <committeeReports />
    <updateDate>2018-08-28T20:21:09Z</updateDate>
    <laws />
    <originChamber>Senate</originChamber>
    <cboCostEstimates />
    <sponsors>
      <item>
        <middleName>A.</middleName>
        <bioguideId>C001088</bioguideId>
        <identifiers>
          <lisID>1984</lisID>
          <bioguideId>C001088</bioguideId>
          <gpoId>8297</gpoId>
        </identifiers>
        <fullName>Sen. Coons, Christopher A. [D-DE]</fullName>
        <byRequestType />
        <party>D</party>
        <firstName>Christopher</firstName>
        <state>DE</state>
        <lastName>Coons</lastName>
      </item>
    </sponsors>
    <relatedBills>
      <item>
        <type>HRES</type>
        <number>552</number>
        <latestAction>
          <actionDate>2017-10-02</actionDate>
          <text>Referred to the House Committee on Foreign Affairs.</text>
        </latestAction>
        <congress>115</congress>
        <relationshipDetails>
          <item>
            <type>Identical bill</type>
            <identifiedBy>CRS</identifiedBy>
          </item>
        </relationshipDetails>
        <latestTitle>Reaffirming the United States-Liberia partnership, and calling for free, fair, and peaceful elections in Liberia in October 2017.</latestTitle>
      </item>
    </relatedBills>
    <cosponsors>
      <item>
        <bioguideId>B001288</bioguideId>
        <middleName>A.</middleName>
        <isOriginalCosponsor>True</isOriginalCosponsor>
        <fullName>Sen. Booker, Cory A. [D-NJ]</fullName>
        <lastName>Booker</lastName>
        <state>NJ</state>
        <party>D</party>
        <sponsorshipWithdrawnDate />
        <identifiers>
          <lisID>2194</lisID>
          <gpoId />
          <bioguideId>B001288</bioguideId>
        </identifiers>
        <sponsorshipDate>2017-09-25</sponsorshipDate>
        <firstName>Cory</firstName>
      </item>
      <item>
        <bioguideId>D000563</bioguideId>
        <middleName>J.</middleName>
        <isOriginalCosponsor>False</isOriginalCosponsor>
        <fullName>Sen. Durbin, Richard J. [D-IL]</fullName>
        <lastName>DURBIN</lastName>
        <state>IL</state>
        <party>D</party>
        <sponsorshipWithdrawnDate />
        <identifiers>
          <lisID>326</lisID>
          <bioguideId>D000563</bioguideId>
          <gpoId>8326</gpoId>
        </identifiers>
        <sponsorshipDate>2017-09-26</sponsorshipDate>
        <firstName>RICHARD</firstName>
      </item>
    </cosponsors>
    <titles>
      <item>
        <chamberName />
        <parentTitleType />
        <titleType>Official Title as Introduced</titleType>
        <title>A resolution reaffirming the United States-Liberia partnership, calling for free, fair, and peaceful elections in Liberia in October 2017.</title>
        <chamberCode />
      </item>
      <item>
        <chamberName />
        <parentTitleType />
        <titleType>Display Title</titleType>
        <title>A resolution reaffirming the United States-Liberia partnership, calling for free, fair, and peaceful elections in Liberia in October 2017.</title>
        <chamberCode />
      </item>
    </titles>
    <recordedVotes />
    <summaries>
      <billSummaries>
        <item>
          <updateDate>2017-09-25T04:00:00Z</updateDate>
          <actionDate>2017-09-25</actionDate>
          <versionCode>00</versionCode>
          <name>Introduced in Senate</name>
          <text><![CDATA[<p>Welcomes the visit of President Ellen Johnson Sirleaf to the U.S. Congress for her final address as President of Liberia.</p> <p>Commends Sirleaf's efforts to consolidate post-conflict peacebuilding and democratic gains, promote social and economic development, and foster ties with the international community and her work to advance international gender equality.</p> <p>Urges the government, people, and political parties of Liberia to:</p> <ul> <li> hold free, fair, credible, and peaceful elections in October 2017 and in the future; </li> <li> adhere to the objectives set out in the Ganta and Farmington River Declarations and promote and ensure peaceful conduct among candidates, their supporters, and Liberian citizens; </li> <li> ensure that there is robust civic education and electoral campaign outreach to politically marginalized groups; and </li> <li> raise awareness of, and express zero tolerance for, violence against women, gender discrimination, or social bias in the electoral process.</li> </ul> <p>Supports efforts by the Department of State and the U.S. Agency for International Development to assist in election preparations.</p> <p>Calls on Liberian citizens to fully participate in the general elections and to pursue legal avenues to resolve any disputes over the results. Encourages Liberian civil society organizations to intensify civic and voter education. Condemns any external interference in the election.</p> <p>Encourages President Trump to appoint an Assistant Secretary of State for African Affairs.</p> <p> Calls upon the U.S. government and international partners to support successful elections and Liberia's anticipated historic democratic post-electoral transition of executive power.</p>]]></text>
          <lastSummaryUpdateDate>2017-12-12T20:36:10Z</lastSummaryUpdateDate>
          <actionDesc>Introduced in Senate</actionDesc>
        </item>
      </billSummaries>
    </summaries>
    <amendments />
  </bill>
  <dublinCore xmlns:dc="http://purl.org/dc/elements/1.1/">
    <dc:format>text/xml</dc:format>
    <dc:language>EN</dc:language>
    <dc:rights>Pursuant to Title 17 Section 105 of the United States Code, this file is not subject to copyright protection and is in the public domain.</dc:rights>
    <dc:contributor>Congressional Research Service, Library of Congress</dc:contributor>
    <dc:description>This file contains bill summaries and statuses for federal legislation. A bill summary describes the most significant provisions of a piece of legislation and details the effects the legislative text may have on current law and federal programs. Bill summaries are authored by the Congressional Research Service (CRS) of the Library of Congress. As stated in Public Law 91-510 (2 USC 166 (d)(6)), one of the duties of CRS is "to prepare summaries and digests of bills and resolutions of a public general nature introduced in the Senate or House of Representatives". For more information, refer to the User Guide that accompanies this file.</dc:description>
  </dublinCore>
</billStatus>

