<?xml version="1.0" encoding="UTF-8"?>
<billStatus>
  <bill>
    <amendments />
    <billNumber>250</billNumber>
    <laws />
    <cboCostEstimates />
    <originChamber>Senate</originChamber>
    <billType>SRES</billType>
    <summaries>
      <billSummaries>
        <item>
          <updateDate>2017-09-07T04:00:00Z</updateDate>
          <lastSummaryUpdateDate>2018-05-03T20:28:24Z</lastSummaryUpdateDate>
          <text><![CDATA[<p>Condemns: (1) the violence and displacement inflicted on Burma's (Myanmar's) Rohingya civilians, and (2) the attacks by the Arakan Rohingya Salvation Army militant group. </p> <p>Calls for an immediate halt to all hostilities by Burmese authorities.</p> <p>Urges the government of Burma to allow access to the United Nations Fact-Finding Mission on Myanmar and delivery of field work and humanitarian aid.</p> <p>Calls on the government of Burma to implement the August 2017 recommendations of its Advisory Commission on Rakhine State, including: (1) ending restrictions on Rohingya movement, and (2) providing the Rohingya with citizenship. </p> <p>Encourages Aung San Suu Kyi to: (1) live up to her inspiring words upon receiving the 2012 Nobel Peace Prize with respect to ethnic reconciliation in Burma, and (2) address Rohingya repression.</p>]]></text>
          <actionDate>2017-09-07</actionDate>
          <actionDesc>Introduced in Senate</actionDesc>
          <name>Introduced in Senate</name>
          <versionCode>00</versionCode>
        </item>
      </billSummaries>
    </summaries>
    <relatedBills>
      <item>
        <type>HRES</type>
        <number>528</number>
        <latestAction>
          <actionDate>2017-11-29</actionDate>
          <text>Referred to the Subcommittee on Asia and the Pacific.</text>
        </latestAction>
        <congress>115</congress>
        <relationshipDetails>
          <item>
            <type>Related bill</type>
            <identifiedBy>CRS</identifiedBy>
          </item>
        </relationshipDetails>
        <latestTitle>Condemning horrific acts of violence against Burma's Rohingya population and calling on Aung San Suu Kyi to play an active role in ending this humanitarian tragedy.</latestTitle>
      </item>
    </relatedBills>
    <createDate>2017-09-08T10:26:38Z</createDate>
    <sponsors>
      <item>
        <lastName>DURBIN</lastName>
        <party>D</party>
        <middleName>J.</middleName>
        <fullName>Sen. Durbin, Richard J. [D-IL]</fullName>
        <identifiers>
          <lisID>326</lisID>
          <bioguideId>D000563</bioguideId>
          <gpoId>8326</gpoId>
        </identifiers>
        <state>IL</state>
        <firstName>RICHARD</firstName>
        <byRequestType />
        <bioguideId>D000563</bioguideId>
      </item>
    </sponsors>
    <notes />
    <updateDate>2018-08-28T20:21:06Z</updateDate>
    <committeeReports />
    <actions>
      <actionTypeCounts>
        <referredToCommittee>1</referredToCommittee>
        <introducedInSenate>1</introducedInSenate>
      </actionTypeCounts>
      <item>
        <actionDate>2017-09-07</actionDate>
        <committee>
          <systemCode>ssfr00</systemCode>
          <name>Foreign Relations Committee</name>
        </committee>
        <links>
          <link>
            <name>S5059-5061</name>
            <url>https://www.congress.gov/congressional-record/volume-163/senate-section/page/S5059-5061</url>
          </link>
        </links>
        <sourceSystem>
          <name>Senate</name>
          <code>0</code>
        </sourceSystem>
        <text>Referred to the Committee on Foreign Relations. (text of measure as introduced: CR S5059-5061)</text>
        <type>IntroReferral</type>
      </item>
      <item>
        <actionDate>2017-09-07</actionDate>
        <actionCode>10000</actionCode>
        <committee />
        <text>Introduced in Senate</text>
        <links />
        <type>IntroReferral</type>
        <sourceSystem>
          <name>Library of Congress</name>
          <code>9</code>
        </sourceSystem>
      </item>
      <actionByCounts>
        <senate>2</senate>
      </actionByCounts>
    </actions>
    <cosponsors>
      <item>
        <fullName>Sen. McCain, John [R-AZ]</fullName>
        <firstName>JOHN</firstName>
        <lastName>MCCAIN</lastName>
        <identifiers>
          <bioguideId>M000303</bioguideId>
          <gpoId>8253</gpoId>
          <lisID>754</lisID>
        </identifiers>
        <state>AZ</state>
        <bioguideId>M000303</bioguideId>
        <sponsorshipWithdrawnDate />
        <party>R</party>
        <isOriginalCosponsor>True</isOriginalCosponsor>
        <sponsorshipDate>2017-09-07</sponsorshipDate>
        <middleName>SIDNEY</middleName>
      </item>
      <item>
        <fullName>Sen. Feinstein, Dianne [D-CA]</fullName>
        <firstName>DIANNE</firstName>
        <lastName>FEINSTEIN</lastName>
        <identifiers>
          <bioguideId>F000062</bioguideId>
          <lisID>1332</lisID>
          <gpoId>8338</gpoId>
        </identifiers>
        <state>CA</state>
        <bioguideId>F000062</bioguideId>
        <sponsorshipWithdrawnDate />
        <party>D</party>
        <isOriginalCosponsor>True</isOriginalCosponsor>
        <sponsorshipDate>2017-09-07</sponsorshipDate>
        <middleName />
      </item>
      <item>
        <fullName>Sen. Booker, Cory A. [D-NJ]</fullName>
        <firstName>Cory</firstName>
        <lastName>Booker</lastName>
        <identifiers>
          <lisID>2194</lisID>
          <gpoId />
          <bioguideId>B001288</bioguideId>
        </identifiers>
        <state>NJ</state>
        <bioguideId>B001288</bioguideId>
        <sponsorshipWithdrawnDate />
        <party>D</party>
        <isOriginalCosponsor>True</isOriginalCosponsor>
        <sponsorshipDate>2017-09-07</sponsorshipDate>
        <middleName>A.</middleName>
      </item>
      <item>
        <fullName>Sen. Menendez, Robert [D-NJ]</fullName>
        <firstName>ROBERT</firstName>
        <lastName>MENENDEZ</lastName>
        <identifiers>
          <bioguideId>M000639</bioguideId>
          <lisID>791</lisID>
          <gpoId>8239</gpoId>
        </identifiers>
        <state>NJ</state>
        <bioguideId>M000639</bioguideId>
        <sponsorshipWithdrawnDate />
        <party>D</party>
        <isOriginalCosponsor>True</isOriginalCosponsor>
        <sponsorshipDate>2017-09-07</sponsorshipDate>
        <middleName />
      </item>
      <item>
        <fullName>Sen. Leahy, Patrick J. [D-VT]</fullName>
        <firstName>PATRICK</firstName>
        <lastName>LEAHY</lastName>
        <identifiers>
          <lisID>1383</lisID>
          <bioguideId>L000174</bioguideId>
          <gpoId>8244</gpoId>
        </identifiers>
        <state>VT</state>
        <bioguideId>L000174</bioguideId>
        <sponsorshipWithdrawnDate />
        <party>D</party>
        <isOriginalCosponsor>True</isOriginalCosponsor>
        <sponsorshipDate>2017-09-07</sponsorshipDate>
        <middleName>JOSEPH</middleName>
      </item>
      <item>
        <fullName>Sen. Rubio, Marco [R-FL]</fullName>
        <firstName>Marco</firstName>
        <lastName>Rubio</lastName>
        <identifiers>
          <bioguideId>R000595</bioguideId>
          <lisID>2084</lisID>
          <gpoId>8242</gpoId>
        </identifiers>
        <state>FL</state>
        <bioguideId>R000595</bioguideId>
        <sponsorshipWithdrawnDate />
        <party>R</party>
        <isOriginalCosponsor>False</isOriginalCosponsor>
        <sponsorshipDate>2017-09-12</sponsorshipDate>
        <middleName />
      </item>
      <item>
        <fullName>Sen. Coons, Christopher A. [D-DE]</fullName>
        <firstName>Christopher</firstName>
        <lastName>Coons</lastName>
        <identifiers>
          <lisID>1984</lisID>
          <bioguideId>C001088</bioguideId>
          <gpoId>8297</gpoId>
        </identifiers>
        <state>DE</state>
        <bioguideId>C001088</bioguideId>
        <sponsorshipWithdrawnDate />
        <party>D</party>
        <isOriginalCosponsor>False</isOriginalCosponsor>
        <sponsorshipDate>2017-09-18</sponsorshipDate>
        <middleName>A.</middleName>
      </item>
      <item>
        <fullName>Sen. Van Hollen, Chris [D-MD]</fullName>
        <firstName>Chris</firstName>
        <lastName>Van Hollen</lastName>
        <identifiers>
          <lisID>1729</lisID>
          <gpoId>7983</gpoId>
          <bioguideId>V000128</bioguideId>
        </identifiers>
        <state>MD</state>
        <bioguideId>V000128</bioguideId>
        <sponsorshipWithdrawnDate />
        <party>D</party>
        <isOriginalCosponsor>False</isOriginalCosponsor>
        <sponsorshipDate>2017-09-18</sponsorshipDate>
        <middleName />
      </item>
      <item>
        <fullName>Sen. Baldwin, Tammy [D-WI]</fullName>
        <firstName>TAMMY</firstName>
        <lastName>BALDWIN</lastName>
        <identifiers>
          <bioguideId>B001230</bioguideId>
          <gpoId>8215</gpoId>
          <lisID>1558</lisID>
        </identifiers>
        <state>WI</state>
        <bioguideId>B001230</bioguideId>
        <sponsorshipWithdrawnDate />
        <party>D</party>
        <isOriginalCosponsor>False</isOriginalCosponsor>
        <sponsorshipDate>2017-09-19</sponsorshipDate>
        <middleName />
      </item>
      <item>
        <fullName>Sen. Wyden, Ron [D-OR]</fullName>
        <firstName>RON</firstName>
        <lastName>WYDEN</lastName>
        <identifiers>
          <lisID>1247</lisID>
          <gpoId>8265</gpoId>
          <bioguideId>W000779</bioguideId>
        </identifiers>
        <state>OR</state>
        <bioguideId>W000779</bioguideId>
        <sponsorshipWithdrawnDate />
        <party>D</party>
        <isOriginalCosponsor>False</isOriginalCosponsor>
        <sponsorshipDate>2017-09-19</sponsorshipDate>
        <middleName />
      </item>
      <item>
        <fullName>Sen. Merkley, Jeff [D-OR]</fullName>
        <firstName>Jeff</firstName>
        <lastName>Merkley</lastName>
        <identifiers>
          <bioguideId>M001176</bioguideId>
          <gpoId>8238</gpoId>
          <lisID>1900</lisID>
        </identifiers>
        <state>OR</state>
        <bioguideId>M001176</bioguideId>
        <sponsorshipWithdrawnDate />
        <party>D</party>
        <isOriginalCosponsor>False</isOriginalCosponsor>
        <sponsorshipDate>2017-09-19</sponsorshipDate>
        <middleName />
      </item>
      <item>
        <fullName>Sen. Gillibrand, Kirsten E. [D-NY]</fullName>
        <firstName>Kirsten</firstName>
        <lastName>Gillibrand</lastName>
        <identifiers>
          <lisID>1866</lisID>
          <gpoId>8336</gpoId>
          <bioguideId>G000555</bioguideId>
        </identifiers>
        <state>NY</state>
        <bioguideId>G000555</bioguideId>
        <sponsorshipWithdrawnDate />
        <party>D</party>
        <isOriginalCosponsor>False</isOriginalCosponsor>
        <sponsorshipDate>2017-09-25</sponsorshipDate>
        <middleName>E.</middleName>
      </item>
      <item>
        <fullName>Sen. Markey, Edward J. [D-MA]</fullName>
        <firstName>EDWARD</firstName>
        <lastName>MARKEY</lastName>
        <identifiers>
          <bioguideId>M000133</bioguideId>
          <lisID>735</lisID>
          <gpoId>7972</gpoId>
        </identifiers>
        <state>MA</state>
        <bioguideId>M000133</bioguideId>
        <sponsorshipWithdrawnDate />
        <party>D</party>
        <isOriginalCosponsor>False</isOriginalCosponsor>
        <sponsorshipDate>2017-09-25</sponsorshipDate>
        <middleName>J.</middleName>
      </item>
      <item>
        <fullName>Sen. Kaine, Tim [D-VA]</fullName>
        <firstName>Timothy</firstName>
        <lastName>Kaine</lastName>
        <identifiers>
          <lisID>2176</lisID>
          <gpoId />
          <bioguideId>K000384</bioguideId>
        </identifiers>
        <state>VA</state>
        <bioguideId>K000384</bioguideId>
        <sponsorshipWithdrawnDate />
        <party>D</party>
        <isOriginalCosponsor>False</isOriginalCosponsor>
        <sponsorshipDate>2017-09-25</sponsorshipDate>
        <middleName />
      </item>
      <item>
        <fullName>Sen. Cantwell, Maria [D-WA]</fullName>
        <firstName>MARIA</firstName>
        <lastName>CANTWELL</lastName>
        <identifiers>
          <lisID>172</lisID>
          <gpoId>8288</gpoId>
          <bioguideId>C000127</bioguideId>
        </identifiers>
        <state>WA</state>
        <bioguideId>C000127</bioguideId>
        <sponsorshipWithdrawnDate />
        <party>D</party>
        <isOriginalCosponsor>False</isOriginalCosponsor>
        <sponsorshipDate>2017-09-25</sponsorshipDate>
        <middleName />
      </item>
      <item>
        <fullName>Sen. Shaheen, Jeanne [D-NH]</fullName>
        <firstName>Jeanne</firstName>
        <lastName>Shaheen</lastName>
        <identifiers>
          <lisID>1901</lisID>
          <gpoId>8276</gpoId>
          <bioguideId>S001181</bioguideId>
        </identifiers>
        <state>NH</state>
        <bioguideId>S001181</bioguideId>
        <sponsorshipWithdrawnDate />
        <party>D</party>
        <isOriginalCosponsor>False</isOriginalCosponsor>
        <sponsorshipDate>2017-09-27</sponsorshipDate>
        <middleName />
      </item>
      <item>
        <fullName>Sen. Peters, Gary C. [D-MI]</fullName>
        <firstName>Gary</firstName>
        <lastName>Peters</lastName>
        <identifiers>
          <lisID>1929</lisID>
          <bioguideId>P000595</bioguideId>
          <gpoId>7994</gpoId>
        </identifiers>
        <state>MI</state>
        <bioguideId>P000595</bioguideId>
        <sponsorshipWithdrawnDate />
        <party>D</party>
        <isOriginalCosponsor>False</isOriginalCosponsor>
        <sponsorshipDate>2017-09-28</sponsorshipDate>
        <middleName>C.</middleName>
      </item>
      <item>
        <fullName>Sen. Brown, Sherrod [D-OH]</fullName>
        <firstName>SHERROD</firstName>
        <lastName>BROWN</lastName>
        <identifiers>
          <lisID>136</lisID>
          <bioguideId>B000944</bioguideId>
          <gpoId>8309</gpoId>
        </identifiers>
        <state>OH</state>
        <bioguideId>B000944</bioguideId>
        <sponsorshipWithdrawnDate />
        <party>D</party>
        <isOriginalCosponsor>False</isOriginalCosponsor>
        <sponsorshipDate>2017-10-17</sponsorshipDate>
        <middleName />
      </item>
      <item>
        <fullName>Sen. Duckworth, Tammy [D-IL]</fullName>
        <firstName>Tammy</firstName>
        <lastName>Duckworth</lastName>
        <identifiers>
          <lisID>2123</lisID>
          <gpoId />
          <bioguideId>D000622</bioguideId>
        </identifiers>
        <state>IL</state>
        <bioguideId>D000622</bioguideId>
        <sponsorshipWithdrawnDate />
        <party>D</party>
        <isOriginalCosponsor>False</isOriginalCosponsor>
        <sponsorshipDate>2017-10-17</sponsorshipDate>
        <middleName />
      </item>
      <item>
        <fullName>Sen. Hassan, Margaret Wood [D-NH]</fullName>
        <firstName>Margaret</firstName>
        <lastName>Hassan</lastName>
        <identifiers>
          <bioguideId>H001076</bioguideId>
          <lisID>2302</lisID>
          <gpoId />
        </identifiers>
        <state>NH</state>
        <bioguideId>H001076</bioguideId>
        <sponsorshipWithdrawnDate />
        <party>D</party>
        <isOriginalCosponsor>False</isOriginalCosponsor>
        <sponsorshipDate>2017-10-19</sponsorshipDate>
        <middleName>Wood</middleName>
      </item>
      <item>
        <fullName>Sen. King, Angus S., Jr. [I-ME]</fullName>
        <firstName>Angus</firstName>
        <lastName>King</lastName>
        <identifiers>
          <lisID>2185</lisID>
          <bioguideId>K000383</bioguideId>
          <gpoId />
        </identifiers>
        <state>ME</state>
        <bioguideId>K000383</bioguideId>
        <sponsorshipWithdrawnDate />
        <party>I</party>
        <isOriginalCosponsor>False</isOriginalCosponsor>
        <sponsorshipDate>2017-10-23</sponsorshipDate>
        <middleName />
      </item>
      <item>
        <fullName>Sen. Casey, Robert P., Jr. [D-PA]</fullName>
        <firstName>Bob</firstName>
        <lastName>Casey</lastName>
        <identifiers>
          <lisID>1828</lisID>
          <gpoId>8282</gpoId>
          <bioguideId>C001070</bioguideId>
        </identifiers>
        <state>PA</state>
        <bioguideId>C001070</bioguideId>
        <sponsorshipWithdrawnDate />
        <party>D</party>
        <isOriginalCosponsor>False</isOriginalCosponsor>
        <sponsorshipDate>2017-10-25</sponsorshipDate>
        <middleName />
      </item>
      <item>
        <fullName>Sen. Young, Todd C. [R-IN]</fullName>
        <firstName>Todd</firstName>
        <lastName>Young</lastName>
        <identifiers>
          <bioguideId>Y000064</bioguideId>
          <gpoId>7948</gpoId>
          <lisID>2019</lisID>
        </identifiers>
        <state>IN</state>
        <bioguideId>Y000064</bioguideId>
        <sponsorshipWithdrawnDate />
        <party>R</party>
        <isOriginalCosponsor>False</isOriginalCosponsor>
        <sponsorshipDate>2017-10-30</sponsorshipDate>
        <middleName>C.</middleName>
      </item>
      <item>
        <fullName>Sen. Collins, Susan M. [R-ME]</fullName>
        <firstName>SUSAN</firstName>
        <lastName>COLLINS</lastName>
        <identifiers>
          <lisID>1541</lisID>
          <bioguideId>C001035</bioguideId>
          <gpoId>8291</gpoId>
        </identifiers>
        <state>ME</state>
        <bioguideId>C001035</bioguideId>
        <sponsorshipWithdrawnDate />
        <party>R</party>
        <isOriginalCosponsor>False</isOriginalCosponsor>
        <sponsorshipDate>2017-11-07</sponsorshipDate>
        <middleName>MARGARET</middleName>
      </item>
      <item>
        <fullName>Sen. Stabenow, Debbie [D-MI]</fullName>
        <firstName>DEBORAH</firstName>
        <lastName>STABENOW</lastName>
        <identifiers>
          <bioguideId>S000770</bioguideId>
          <lisID>1531</lisID>
          <gpoId>8261</gpoId>
        </identifiers>
        <state>MI</state>
        <bioguideId>S000770</bioguideId>
        <sponsorshipWithdrawnDate />
        <party>D</party>
        <isOriginalCosponsor>False</isOriginalCosponsor>
        <sponsorshipDate>2017-12-12</sponsorshipDate>
        <middleName>ANN</middleName>
      </item>
    </cosponsors>
    <title>A resolution condemning horrific acts of violence against Burma's Rohingya population and calling on Aung San Suu Kyi to play an active role in ending this humanitarian tragedy.</title>
    <introducedDate>2017-09-07</introducedDate>
    <recordedVotes />
    <congress>115</congress>
    <policyArea>
      <name>International Affairs</name>
    </policyArea>
    <version>1.0.0</version>
    <calendarNumbers />
    <latestAction>
      <actionDate>2017-09-07</actionDate>
      <links />
      <text>Referred to the Committee on Foreign Relations. (text of measure as introduced: CR S5059-5061)</text>
    </latestAction>
    <titles>
      <item>
        <chamberName />
        <chamberCode />
        <titleType>Official Title as Introduced</titleType>
        <title>A resolution condemning horrific acts of violence against Burma's Rohingya population and calling on Aung San Suu Kyi to play an active role in ending this humanitarian tragedy.</title>
        <parentTitleType />
      </item>
      <item>
        <chamberName />
        <chamberCode />
        <titleType>Display Title</titleType>
        <title>A resolution condemning horrific acts of violence against Burma's Rohingya population and calling on Aung San Suu Kyi to play an active role in ending this humanitarian tragedy.</title>
        <parentTitleType />
      </item>
    </titles>
    <committees>
      <billCommittees>
        <item>
          <systemCode>ssfr00</systemCode>
          <subcommittees />
          <activities>
            <item>
              <name>Referred to</name>
              <date>2017-09-07T20:26:08Z</date>
            </item>
          </activities>
          <name>Foreign Relations Committee</name>
          <chamber>Senate</chamber>
          <type>Standing</type>
        </item>
      </billCommittees>
    </committees>
    <subjects>
      <billSubjects>
        <legislativeSubjects>
          <item>
            <name>Asia</name>
          </item>
          <item>
            <name>Burma</name>
          </item>
          <item>
            <name>Citizenship and naturalization</name>
          </item>
          <item>
            <name>Conflicts and wars</name>
          </item>
          <item>
            <name>Diplomacy, foreign officials, Americans abroad</name>
          </item>
          <item>
            <name>Foreign aid and international relief</name>
          </item>
          <item>
            <name>Human rights</name>
          </item>
          <item>
            <name>Racial and ethnic relations</name>
          </item>
          <item>
            <name>Refugees, asylum, displaced persons</name>
          </item>
          <item>
            <name>United Nations</name>
          </item>
        </legislativeSubjects>
        <policyArea>
          <name>International Affairs</name>
        </policyArea>
      </billSubjects>
    </subjects>
  </bill>
  <dublinCore xmlns:dc="http://purl.org/dc/elements/1.1/">
    <dc:format>text/xml</dc:format>
    <dc:language>EN</dc:language>
    <dc:rights>Pursuant to Title 17 Section 105 of the United States Code, this file is not subject to copyright protection and is in the public domain.</dc:rights>
    <dc:contributor>Congressional Research Service, Library of Congress</dc:contributor>
    <dc:description>This file contains bill summaries and statuses for federal legislation. A bill summary describes the most significant provisions of a piece of legislation and details the effects the legislative text may have on current law and federal programs. Bill summaries are authored by the Congressional Research Service (CRS) of the Library of Congress. As stated in Public Law 91-510 (2 USC 166 (d)(6)), one of the duties of CRS is "to prepare summaries and digests of bills and resolutions of a public general nature introduced in the Senate or House of Representatives". For more information, refer to the User Guide that accompanies this file.</dc:description>
  </dublinCore>
</billStatus>

