<?xml version="1.0" encoding="UTF-8"?>
<billStatus>
  <bill>
    <policyArea>
      <name>Civil Rights and Liberties, Minority Issues</name>
    </policyArea>
    <billType>SRES</billType>
    <latestAction>
      <links />
      <actionDate>2017-03-30</actionDate>
      <text>Referred to the Committee on the Judiciary. (text of measure as introduced: CR S2154)</text>
    </latestAction>
    <createDate>2017-03-31T05:07:11Z</createDate>
    <notes />
    <actions>
      <actionTypeCounts>
        <introducedInSenate>1</introducedInSenate>
        <referredToCommittee>1</referredToCommittee>
      </actionTypeCounts>
      <item>
        <actionDate>2017-03-30</actionDate>
        <committee>
          <systemCode>ssju00</systemCode>
          <name>Judiciary Committee</name>
        </committee>
        <links>
          <link>
            <name>S2154</name>
            <url>https://www.congress.gov/congressional-record/volume-163/senate-section/page/S2154</url>
          </link>
        </links>
        <sourceSystem>
          <name>Senate</name>
          <code>0</code>
        </sourceSystem>
        <text>Referred to the Committee on the Judiciary. (text of measure as introduced: CR S2154)</text>
        <type>IntroReferral</type>
      </item>
      <item>
        <actionDate>2017-03-30</actionDate>
        <links />
        <text>Introduced in Senate</text>
        <type>IntroReferral</type>
        <actionCode>10000</actionCode>
        <sourceSystem>
          <name>Library of Congress</name>
          <code>9</code>
        </sourceSystem>
        <committee />
      </item>
      <actionByCounts>
        <senate>2</senate>
      </actionByCounts>
    </actions>
    <calendarNumbers />
    <congress>115</congress>
    <subjects>
      <billSubjects>
        <legislativeSubjects>
          <item>
            <name>California</name>
          </item>
          <item>
            <name>Congressional tributes</name>
          </item>
          <item>
            <name>Labor-management relations</name>
          </item>
          <item>
            <name>Migrant, seasonal, agricultural labor</name>
          </item>
        </legislativeSubjects>
        <policyArea>
          <name>Civil Rights and Liberties, Minority Issues</name>
        </policyArea>
      </billSubjects>
    </subjects>
    <billNumber>104</billNumber>
    <title>A resolution honoring the accomplishments and legacy of Cesar Estrada Chavez.</title>
    <committees>
      <billCommittees>
        <item>
          <subcommittees />
          <systemCode>ssju00</systemCode>
          <name>Judiciary Committee</name>
          <activities>
            <item>
              <date>2017-03-30T18:51:57Z</date>
              <name>Referred to</name>
            </item>
          </activities>
          <type>Standing</type>
          <chamber>Senate</chamber>
        </item>
      </billCommittees>
    </committees>
    <introducedDate>2017-03-30</introducedDate>
    <version>1.0.0</version>
    <committeeReports />
    <updateDate>2018-08-28T20:20:35Z</updateDate>
    <laws />
    <originChamber>Senate</originChamber>
    <cboCostEstimates />
    <sponsors>
      <item>
        <middleName />
        <bioguideId>M000639</bioguideId>
        <identifiers>
          <lisID>791</lisID>
          <gpoId>8239</gpoId>
          <bioguideId>M000639</bioguideId>
        </identifiers>
        <fullName>Sen. Menendez, Robert [D-NJ]</fullName>
        <byRequestType />
        <party>D</party>
        <firstName>ROBERT</firstName>
        <state>NJ</state>
        <lastName>MENENDEZ</lastName>
      </item>
    </sponsors>
    <relatedBills>
      <item>
        <latestAction>
          <text>Referred to the Committee on the Judiciary. (text: CR S1950-1951)</text>
          <actionDate>2018-03-22</actionDate>
        </latestAction>
        <type>SRES</type>
        <number>441</number>
        <latestTitle>A resolution honoring the accomplishments and legacy of Cesar Estrada Chavez.</latestTitle>
        <relationshipDetails>
          <item>
            <type>Identical bill</type>
            <identifiedBy>CRS</identifiedBy>
          </item>
        </relationshipDetails>
        <congress>115</congress>
      </item>
      <item>
        <latestAction>
          <text>Referred to the House Committee on Oversight and Government Reform.</text>
          <actionDate>2018-03-22</actionDate>
        </latestAction>
        <type>HRES</type>
        <number>799</number>
        <latestTitle>Recognizing March 31 as "César Chávez Day" in honor of the accomplishments and legacy of César Estrada Chávez.</latestTitle>
        <relationshipDetails>
          <item>
            <type>Related bill</type>
            <identifiedBy>CRS</identifiedBy>
          </item>
        </relationshipDetails>
        <congress>115</congress>
      </item>
      <item>
        <latestAction>
          <text>Referred to the House Committee on Oversight and Government Reform.</text>
          <actionDate>2017-03-30</actionDate>
        </latestAction>
        <type>HRES</type>
        <number>237</number>
        <latestTitle>Honoring the accomplishments and legacy of César Estrada Chávez.</latestTitle>
        <relationshipDetails>
          <item>
            <type>Identical bill</type>
            <identifiedBy>CRS</identifiedBy>
          </item>
        </relationshipDetails>
        <congress>115</congress>
      </item>
    </relatedBills>
    <cosponsors>
      <item>
        <party>D</party>
        <state>CO</state>
        <bioguideId>B001267</bioguideId>
        <sponsorshipWithdrawnDate />
        <lastName>Bennet</lastName>
        <fullName>Sen. Bennet, Michael F. [D-CO]</fullName>
        <firstName>Michael</firstName>
        <sponsorshipDate>2017-03-30</sponsorshipDate>
        <middleName>F.</middleName>
        <isOriginalCosponsor>True</isOriginalCosponsor>
        <identifiers>
          <gpoId>8302</gpoId>
          <lisID>1965</lisID>
          <bioguideId>B001267</bioguideId>
        </identifiers>
      </item>
      <item>
        <party>D</party>
        <state>NJ</state>
        <bioguideId>B001288</bioguideId>
        <sponsorshipWithdrawnDate />
        <lastName>Booker</lastName>
        <fullName>Sen. Booker, Cory A. [D-NJ]</fullName>
        <firstName>Cory</firstName>
        <sponsorshipDate>2017-03-30</sponsorshipDate>
        <middleName>A.</middleName>
        <isOriginalCosponsor>True</isOriginalCosponsor>
        <identifiers>
          <lisID>2194</lisID>
          <gpoId />
          <bioguideId>B001288</bioguideId>
        </identifiers>
      </item>
      <item>
        <party>D</party>
        <state>NV</state>
        <bioguideId>C001113</bioguideId>
        <sponsorshipWithdrawnDate />
        <lastName>Cortez Masto</lastName>
        <fullName>Sen. Cortez Masto, Catherine  [D-NV]</fullName>
        <firstName>Catherine</firstName>
        <sponsorshipDate>2017-03-30</sponsorshipDate>
        <middleName />
        <isOriginalCosponsor>True</isOriginalCosponsor>
        <identifiers>
          <bioguideId>C001113</bioguideId>
          <lisID>2299</lisID>
          <gpoId />
        </identifiers>
      </item>
      <item>
        <party>D</party>
        <state>IL</state>
        <bioguideId>D000622</bioguideId>
        <sponsorshipWithdrawnDate />
        <lastName>Duckworth</lastName>
        <fullName>Sen. Duckworth, Tammy [D-IL]</fullName>
        <firstName>Tammy</firstName>
        <sponsorshipDate>2017-03-30</sponsorshipDate>
        <middleName />
        <isOriginalCosponsor>True</isOriginalCosponsor>
        <identifiers>
          <lisID>2123</lisID>
          <gpoId />
          <bioguideId>D000622</bioguideId>
        </identifiers>
      </item>
      <item>
        <party>D</party>
        <state>IL</state>
        <bioguideId>D000563</bioguideId>
        <sponsorshipWithdrawnDate />
        <lastName>DURBIN</lastName>
        <fullName>Sen. Durbin, Richard J. [D-IL]</fullName>
        <firstName>RICHARD</firstName>
        <sponsorshipDate>2017-03-30</sponsorshipDate>
        <middleName>J.</middleName>
        <isOriginalCosponsor>True</isOriginalCosponsor>
        <identifiers>
          <lisID>326</lisID>
          <bioguideId>D000563</bioguideId>
          <gpoId>8326</gpoId>
        </identifiers>
      </item>
      <item>
        <party>D</party>
        <state>CA</state>
        <bioguideId>F000062</bioguideId>
        <sponsorshipWithdrawnDate />
        <lastName>FEINSTEIN</lastName>
        <fullName>Sen. Feinstein, Dianne [D-CA]</fullName>
        <firstName>DIANNE</firstName>
        <sponsorshipDate>2017-03-30</sponsorshipDate>
        <middleName />
        <isOriginalCosponsor>True</isOriginalCosponsor>
        <identifiers>
          <bioguideId>F000062</bioguideId>
          <lisID>1332</lisID>
          <gpoId>8338</gpoId>
        </identifiers>
      </item>
      <item>
        <party>D</party>
        <state>CA</state>
        <bioguideId>H001075</bioguideId>
        <sponsorshipWithdrawnDate />
        <lastName>Harris</lastName>
        <fullName>Sen. Harris, Kamala D. [D-CA]</fullName>
        <firstName>Kamala</firstName>
        <sponsorshipDate>2017-03-30</sponsorshipDate>
        <middleName>D.</middleName>
        <isOriginalCosponsor>True</isOriginalCosponsor>
        <identifiers>
          <lisID>2301</lisID>
          <bioguideId>H001075</bioguideId>
          <gpoId />
        </identifiers>
      </item>
      <item>
        <party>D</party>
        <state>NM</state>
        <bioguideId>H001046</bioguideId>
        <sponsorshipWithdrawnDate />
        <lastName>Heinrich</lastName>
        <fullName>Sen. Heinrich, Martin [D-NM]</fullName>
        <firstName>Martin</firstName>
        <sponsorshipDate>2017-03-30</sponsorshipDate>
        <middleName />
        <isOriginalCosponsor>True</isOriginalCosponsor>
        <identifiers>
          <gpoId>8056</gpoId>
          <lisID>1937</lisID>
          <bioguideId>H001046</bioguideId>
        </identifiers>
      </item>
      <item>
        <party>D</party>
        <state>VT</state>
        <bioguideId>L000174</bioguideId>
        <sponsorshipWithdrawnDate />
        <lastName>LEAHY</lastName>
        <fullName>Sen. Leahy, Patrick J. [D-VT]</fullName>
        <firstName>PATRICK</firstName>
        <sponsorshipDate>2017-03-30</sponsorshipDate>
        <middleName>JOSEPH</middleName>
        <isOriginalCosponsor>True</isOriginalCosponsor>
        <identifiers>
          <lisID>1383</lisID>
          <bioguideId>L000174</bioguideId>
          <gpoId>8244</gpoId>
        </identifiers>
      </item>
      <item>
        <party>D</party>
        <state>MA</state>
        <bioguideId>M000133</bioguideId>
        <sponsorshipWithdrawnDate />
        <lastName>MARKEY</lastName>
        <fullName>Sen. Markey, Edward J. [D-MA]</fullName>
        <firstName>EDWARD</firstName>
        <sponsorshipDate>2017-03-30</sponsorshipDate>
        <middleName>J.</middleName>
        <isOriginalCosponsor>True</isOriginalCosponsor>
        <identifiers>
          <bioguideId>M000133</bioguideId>
          <lisID>735</lisID>
          <gpoId>7972</gpoId>
        </identifiers>
      </item>
      <item>
        <party>D</party>
        <state>OR</state>
        <bioguideId>M001176</bioguideId>
        <sponsorshipWithdrawnDate />
        <lastName>Merkley</lastName>
        <fullName>Sen. Merkley, Jeff [D-OR]</fullName>
        <firstName>Jeff</firstName>
        <sponsorshipDate>2017-03-30</sponsorshipDate>
        <middleName />
        <isOriginalCosponsor>True</isOriginalCosponsor>
        <identifiers>
          <gpoId>8238</gpoId>
          <lisID>1900</lisID>
          <bioguideId>M001176</bioguideId>
        </identifiers>
      </item>
      <item>
        <party>D</party>
        <state>WA</state>
        <bioguideId>M001111</bioguideId>
        <sponsorshipWithdrawnDate />
        <lastName>MURRAY</lastName>
        <fullName>Sen. Murray, Patty [D-WA]</fullName>
        <firstName>PATTY</firstName>
        <sponsorshipDate>2017-03-30</sponsorshipDate>
        <middleName />
        <isOriginalCosponsor>True</isOriginalCosponsor>
        <identifiers>
          <bioguideId>M001111</bioguideId>
          <gpoId>8237</gpoId>
          <lisID>1409</lisID>
        </identifiers>
      </item>
      <item>
        <party>I</party>
        <state>VT</state>
        <bioguideId>S000033</bioguideId>
        <sponsorshipWithdrawnDate />
        <lastName>SANDERS</lastName>
        <fullName>Sen. Sanders, Bernard [I-VT]</fullName>
        <firstName>BERNARD</firstName>
        <sponsorshipDate>2017-03-30</sponsorshipDate>
        <middleName />
        <isOriginalCosponsor>True</isOriginalCosponsor>
        <identifiers>
          <bioguideId>S000033</bioguideId>
          <lisID>1010</lisID>
          <gpoId>8270</gpoId>
        </identifiers>
      </item>
      <item>
        <party>D</party>
        <state>NY</state>
        <bioguideId>S000148</bioguideId>
        <sponsorshipWithdrawnDate />
        <lastName>SCHUMER</lastName>
        <fullName>Sen. Schumer, Charles E. [D-NY]</fullName>
        <firstName>CHARLES</firstName>
        <sponsorshipDate>2017-03-30</sponsorshipDate>
        <middleName>E.</middleName>
        <isOriginalCosponsor>True</isOriginalCosponsor>
        <identifiers>
          <lisID>1036</lisID>
          <bioguideId>S000148</bioguideId>
          <gpoId>8279</gpoId>
        </identifiers>
      </item>
      <item>
        <party>D</party>
        <state>NM</state>
        <bioguideId>U000039</bioguideId>
        <sponsorshipWithdrawnDate />
        <lastName>UDALL</lastName>
        <fullName>Sen. Udall, Tom [D-NM]</fullName>
        <firstName>TOM</firstName>
        <sponsorshipDate>2017-03-30</sponsorshipDate>
        <middleName />
        <isOriginalCosponsor>True</isOriginalCosponsor>
        <identifiers>
          <bioguideId>U000039</bioguideId>
          <lisID>1567</lisID>
          <gpoId>8260</gpoId>
        </identifiers>
      </item>
      <item>
        <party>D</party>
        <state>MA</state>
        <bioguideId>W000817</bioguideId>
        <sponsorshipWithdrawnDate />
        <lastName>Warren</lastName>
        <fullName>Sen. Warren, Elizabeth [D-MA]</fullName>
        <firstName>Elizabeth</firstName>
        <sponsorshipDate>2017-03-30</sponsorshipDate>
        <middleName>A.</middleName>
        <isOriginalCosponsor>True</isOriginalCosponsor>
        <identifiers>
          <lisID>2182</lisID>
          <bioguideId>W000817</bioguideId>
          <gpoId />
        </identifiers>
      </item>
    </cosponsors>
    <titles>
      <item>
        <parentTitleType />
        <titleType>Official Title as Introduced</titleType>
        <chamberCode />
        <title>A resolution honoring the accomplishments and legacy of Cesar Estrada Chavez.</title>
        <chamberName />
      </item>
      <item>
        <parentTitleType />
        <titleType>Display Title</titleType>
        <chamberCode />
        <title>A resolution honoring the accomplishments and legacy of Cesar Estrada Chavez.</title>
        <chamberName />
      </item>
    </titles>
    <recordedVotes />
    <summaries>
      <billSummaries>
        <item>
          <updateDate>2017-03-30T04:00:00Z</updateDate>
          <actionDate>2017-03-30</actionDate>
          <lastSummaryUpdateDate>2017-08-14T15:53:57Z</lastSummaryUpdateDate>
          <text><![CDATA[<p>Recognizes the accomplishments and example of Cesar Estrada Chavez, pledges to promote his legacy, and encourages the people of the United States to commemorate his legacy and to always remember his rallying cry, "Si, se puede!" ("Si, se puede!" is Spanish for "Yes, we can!")</p>]]></text>
          <actionDesc>Introduced in Senate</actionDesc>
          <versionCode>00</versionCode>
          <name>Introduced in Senate</name>
        </item>
      </billSummaries>
    </summaries>
    <amendments />
  </bill>
  <dublinCore xmlns:dc="http://purl.org/dc/elements/1.1/">
    <dc:format>text/xml</dc:format>
    <dc:language>EN</dc:language>
    <dc:rights>Pursuant to Title 17 Section 105 of the United States Code, this file is not subject to copyright protection and is in the public domain.</dc:rights>
    <dc:contributor>Congressional Research Service, Library of Congress</dc:contributor>
    <dc:description>This file contains bill summaries and statuses for federal legislation. A bill summary describes the most significant provisions of a piece of legislation and details the effects the legislative text may have on current law and federal programs. Bill summaries are authored by the Congressional Research Service (CRS) of the Library of Congress. As stated in Public Law 91-510 (2 USC 166 (d)(6)), one of the duties of CRS is "to prepare summaries and digests of bills and resolutions of a public general nature introduced in the Senate or House of Representatives". For more information, refer to the User Guide that accompanies this file.</dc:description>
  </dublinCore>
</billStatus>

