<?xml version="1.0" encoding="UTF-8"?>
<billStatus>
  <bill>
    <summaries>
      <billSummaries />
    </summaries>
    <calendarNumbers />
    <sponsors>
      <item>
        <identifiers>
          <lisID>1692</lisID>
          <gpoId>8295</gpoId>
          <bioguideId>C001056</bioguideId>
        </identifiers>
        <fullName>Sen. Cornyn, John [R-TX]</fullName>
        <lastName>Cornyn</lastName>
        <middleName />
        <bioguideId>C001056</bioguideId>
        <party>R</party>
        <firstName>John</firstName>
        <state>TX</state>
        <byRequestType />
      </item>
    </sponsors>
    <billType>SRES</billType>
    <committees>
      <billCommittees>
        <item>
          <chamber>Senate</chamber>
          <name>Judiciary Committee</name>
          <systemCode>ssju00</systemCode>
          <type>Standing</type>
          <subcommittees />
          <activities>
            <item>
              <date>2017-01-12T19:03:40Z</date>
              <name>Referred to</name>
            </item>
          </activities>
        </item>
      </billCommittees>
    </committees>
    <titles>
      <item>
        <title>A resolution recognizing the historical importance of Associate Justice Clarence Thomas.</title>
        <titleType>Official Title as Introduced</titleType>
        <parentTitleType />
        <chamberCode />
        <chamberName />
      </item>
      <item>
        <title>A resolution recognizing the historical importance of Associate Justice Clarence Thomas.</title>
        <titleType>Display Title</titleType>
        <parentTitleType />
        <chamberCode />
        <chamberName />
      </item>
    </titles>
    <billNumber>13</billNumber>
    <cboCostEstimates />
    <title>A resolution recognizing the historical importance of Associate Justice Clarence Thomas.</title>
    <amendments />
    <actions>
      <actionByCounts>
        <senate>2</senate>
      </actionByCounts>
      <actionTypeCounts>
        <introducedInSenate>1</introducedInSenate>
        <referredToCommittee>1</referredToCommittee>
      </actionTypeCounts>
      <item>
        <actionDate>2017-01-12</actionDate>
        <committee>
          <systemCode>ssju00</systemCode>
          <name>Judiciary Committee</name>
        </committee>
        <links />
        <sourceSystem>
          <name>Senate</name>
          <code>0</code>
        </sourceSystem>
        <text>Referred to the Committee on the Judiciary.</text>
        <type>IntroReferral</type>
      </item>
      <item>
        <type>IntroReferral</type>
        <text>Introduced in Senate</text>
        <actionCode>10000</actionCode>
        <sourceSystem>
          <name>Library of Congress</name>
          <code>9</code>
        </sourceSystem>
        <links />
        <committee />
        <actionDate>2017-01-12</actionDate>
      </item>
    </actions>
    <notes />
    <updateDate>2017-01-13T10:07:27Z</updateDate>
    <createDate>2017-01-13T04:55:34Z</createDate>
    <recordedVotes />
    <introducedDate>2017-01-12</introducedDate>
    <congress>115</congress>
    <committeeReports />
    <laws />
    <cosponsors>
      <item>
        <identifiers>
          <bioguideId>H000338</bioguideId>
          <gpoId>8314</gpoId>
          <lisID>1351</lisID>
        </identifiers>
        <state>UT</state>
        <sponsorshipDate>2017-01-12</sponsorshipDate>
        <bioguideId>H000338</bioguideId>
        <lastName>HATCH</lastName>
        <middleName>GRANT</middleName>
        <party>R</party>
        <isOriginalCosponsor>True</isOriginalCosponsor>
        <fullName>Sen. Hatch, Orrin G. [R-UT]</fullName>
        <sponsorshipWithdrawnDate />
        <firstName>ORRIN</firstName>
      </item>
      <item>
        <identifiers>
          <lisID>2080</lisID>
          <gpoId>8303</gpoId>
          <bioguideId>L000577</bioguideId>
        </identifiers>
        <state>UT</state>
        <sponsorshipDate>2017-01-12</sponsorshipDate>
        <bioguideId>L000577</bioguideId>
        <lastName>Lee</lastName>
        <middleName />
        <party>R</party>
        <isOriginalCosponsor>True</isOriginalCosponsor>
        <fullName>Sen. Lee, Mike [R-UT]</fullName>
        <sponsorshipWithdrawnDate />
        <firstName>Mike</firstName>
      </item>
      <item>
        <identifiers>
          <lisID>2056</lisID>
          <gpoId>8141</gpoId>
          <bioguideId>S001184</bioguideId>
        </identifiers>
        <state>SC</state>
        <sponsorshipDate>2017-01-12</sponsorshipDate>
        <bioguideId>S001184</bioguideId>
        <lastName>Scott</lastName>
        <middleName />
        <party>R</party>
        <isOriginalCosponsor>True</isOriginalCosponsor>
        <fullName>Sen. Scott, Tim [R-SC]</fullName>
        <sponsorshipWithdrawnDate />
        <firstName>Tim</firstName>
      </item>
      <item>
        <identifiers>
          <lisID>2175</lisID>
          <gpoId />
          <bioguideId>C001098</bioguideId>
        </identifiers>
        <state>TX</state>
        <sponsorshipDate>2017-01-12</sponsorshipDate>
        <bioguideId>C001098</bioguideId>
        <lastName>Cruz</lastName>
        <middleName />
        <party>R</party>
        <isOriginalCosponsor>True</isOriginalCosponsor>
        <fullName>Sen. Cruz, Ted [R-TX]</fullName>
        <sponsorshipWithdrawnDate />
        <firstName>Ted</firstName>
      </item>
    </cosponsors>
    <originChamber>Senate</originChamber>
    <latestAction>
      <links />
      <text>Referred to the Committee on the Judiciary.</text>
      <actionDate>2017-01-12</actionDate>
    </latestAction>
    <policyArea />
    <relatedBills />
    <subjects>
      <billSubjects>
        <legislativeSubjects />
      </billSubjects>
    </subjects>
  </bill>
  <dublinCore xmlns:dc="http://purl.org/dc/elements/1.1/">
    <dc:format>text/xml</dc:format>
    <dc:language>EN</dc:language>
    <dc:rights>Pursuant to Title 17 Section 105 of the United States Code, this file is not subject to copyright protection and is in the public domain.</dc:rights>
    <dc:contributor>Congressional Research Service, Library of Congress</dc:contributor>
    <dc:description>This file contains bill summaries and statuses for federal legislation. A bill summary describes the most significant provisions of a piece of legislation and details the effects the legislative text may have on current law and federal programs. Bill summaries are authored by the Congressional Research Service (CRS) of the Library of Congress. As stated in Public Law 91-510 (2 USC 166 (d)(6)), one of the duties of CRS is "to prepare summaries and digests of bills and resolutions of a public general nature introduced in the Senate or House of Representatives". For more information, refer to the User Guide that accompanies this file.</dc:description>
  </dublinCore>
</billStatus>

