<?xml version="1.0" encoding="UTF-8"?>
<billStatus>
  <bill>
    <committeeReports />
    <updateDate>2018-08-28T20:21:30Z</updateDate>
    <laws />
    <billType>SRES</billType>
    <subjects>
      <billSubjects>
        <legislativeSubjects>
          <item>
            <name>Criminal investigation, prosecution, interrogation</name>
          </item>
          <item>
            <name>Detention of persons</name>
          </item>
          <item>
            <name>Diplomacy, foreign officials, Americans abroad</name>
          </item>
          <item>
            <name>Elections, voting, political campaign regulation</name>
          </item>
          <item>
            <name>Food supply, safety, and labeling</name>
          </item>
          <item>
            <name>Foreign aid and international relief</name>
          </item>
          <item>
            <name>Government ethics and transparency, public corruption</name>
          </item>
          <item>
            <name>Human rights</name>
          </item>
          <item>
            <name>International law and treaties</name>
          </item>
          <item>
            <name>Judicial procedure and administration</name>
          </item>
          <item>
            <name>Latin America</name>
          </item>
          <item>
            <name>Peru</name>
          </item>
          <item>
            <name>Political parties and affiliation</name>
          </item>
          <item>
            <name>Protest and dissent</name>
          </item>
          <item>
            <name>Sovereignty, recognition, national governance and status</name>
          </item>
          <item>
            <name>Venezuela</name>
          </item>
        </legislativeSubjects>
        <policyArea>
          <name>International Affairs</name>
        </policyArea>
      </billSubjects>
    </subjects>
    <policyArea>
      <name>International Affairs</name>
    </policyArea>
    <recordedVotes />
    <originChamber>Senate</originChamber>
    <latestAction>
      <text>Referred to the Committee on Foreign Relations. (text of measure as introduced: CR S1251-1252)</text>
      <links />
      <actionDate>2018-02-27</actionDate>
    </latestAction>
    <billNumber>414</billNumber>
    <introducedDate>2018-02-27</introducedDate>
    <cosponsors>
      <item>
        <lastName>MENENDEZ</lastName>
        <state>NJ</state>
        <middleName />
        <party>D</party>
        <bioguideId>M000639</bioguideId>
        <sponsorshipDate>2018-02-27</sponsorshipDate>
        <firstName>ROBERT</firstName>
        <sponsorshipWithdrawnDate />
        <identifiers>
          <lisID>791</lisID>
          <bioguideId>M000639</bioguideId>
          <gpoId>8239</gpoId>
        </identifiers>
        <fullName>Sen. Menendez, Robert [D-NJ]</fullName>
        <isOriginalCosponsor>True</isOriginalCosponsor>
      </item>
      <item>
        <lastName>CARDIN</lastName>
        <state>MD</state>
        <middleName>L.</middleName>
        <party>D</party>
        <bioguideId>C000141</bioguideId>
        <sponsorshipDate>2018-02-27</sponsorshipDate>
        <firstName>BENJAMIN</firstName>
        <sponsorshipWithdrawnDate />
        <identifiers>
          <lisID>174</lisID>
          <gpoId>8287</gpoId>
          <bioguideId>C000141</bioguideId>
        </identifiers>
        <fullName>Sen. Cardin, Benjamin L. [D-MD]</fullName>
        <isOriginalCosponsor>True</isOriginalCosponsor>
      </item>
      <item>
        <lastName>Van Hollen</lastName>
        <state>MD</state>
        <middleName />
        <party>D</party>
        <bioguideId>V000128</bioguideId>
        <sponsorshipDate>2018-02-27</sponsorshipDate>
        <firstName>Chris</firstName>
        <sponsorshipWithdrawnDate />
        <identifiers>
          <lisID>1729</lisID>
          <gpoId>7983</gpoId>
          <bioguideId>V000128</bioguideId>
        </identifiers>
        <fullName>Sen. Van Hollen, Chris [D-MD]</fullName>
        <isOriginalCosponsor>True</isOriginalCosponsor>
      </item>
      <item>
        <lastName>LEAHY</lastName>
        <state>VT</state>
        <middleName>JOSEPH</middleName>
        <party>D</party>
        <bioguideId>L000174</bioguideId>
        <sponsorshipDate>2018-02-27</sponsorshipDate>
        <firstName>PATRICK</firstName>
        <sponsorshipWithdrawnDate />
        <identifiers>
          <lisID>1383</lisID>
          <bioguideId>L000174</bioguideId>
          <gpoId>8244</gpoId>
        </identifiers>
        <fullName>Sen. Leahy, Patrick J. [D-VT]</fullName>
        <isOriginalCosponsor>True</isOriginalCosponsor>
      </item>
      <item>
        <lastName>NELSON</lastName>
        <state>FL</state>
        <middleName>WILLIAM</middleName>
        <party>D</party>
        <bioguideId>N000032</bioguideId>
        <sponsorshipDate>2018-02-27</sponsorshipDate>
        <firstName>CLARENCE</firstName>
        <sponsorshipWithdrawnDate />
        <identifiers>
          <lisID>859</lisID>
          <gpoId>8236</gpoId>
          <bioguideId>N000032</bioguideId>
        </identifiers>
        <fullName>Sen. Nelson, Bill [D-FL]</fullName>
        <isOriginalCosponsor>True</isOriginalCosponsor>
      </item>
      <item>
        <lastName>Bennet</lastName>
        <state>CO</state>
        <middleName>F.</middleName>
        <party>D</party>
        <bioguideId>B001267</bioguideId>
        <sponsorshipDate>2018-02-27</sponsorshipDate>
        <firstName>Michael</firstName>
        <sponsorshipWithdrawnDate />
        <identifiers>
          <lisID>1965</lisID>
          <bioguideId>B001267</bioguideId>
          <gpoId>8302</gpoId>
        </identifiers>
        <fullName>Sen. Bennet, Michael F. [D-CO]</fullName>
        <isOriginalCosponsor>True</isOriginalCosponsor>
      </item>
      <item>
        <lastName>Coons</lastName>
        <state>DE</state>
        <middleName>A.</middleName>
        <party>D</party>
        <bioguideId>C001088</bioguideId>
        <sponsorshipDate>2018-02-27</sponsorshipDate>
        <firstName>Christopher</firstName>
        <sponsorshipWithdrawnDate />
        <identifiers>
          <lisID>1984</lisID>
          <bioguideId>C001088</bioguideId>
          <gpoId>8297</gpoId>
        </identifiers>
        <fullName>Sen. Coons, Christopher A. [D-DE]</fullName>
        <isOriginalCosponsor>True</isOriginalCosponsor>
      </item>
      <item>
        <lastName>REED</lastName>
        <state>RI</state>
        <middleName>F.</middleName>
        <party>D</party>
        <bioguideId>R000122</bioguideId>
        <sponsorshipDate>2018-02-27</sponsorshipDate>
        <firstName>JOHN</firstName>
        <sponsorshipWithdrawnDate />
        <identifiers>
          <lisID>949</lisID>
          <bioguideId>R000122</bioguideId>
          <gpoId>8272</gpoId>
        </identifiers>
        <fullName>Sen. Reed, Jack [D-RI]</fullName>
        <isOriginalCosponsor>True</isOriginalCosponsor>
      </item>
      <item>
        <lastName>Kaine</lastName>
        <state>VA</state>
        <middleName />
        <party>D</party>
        <bioguideId>K000384</bioguideId>
        <sponsorshipDate>2018-02-27</sponsorshipDate>
        <firstName>Timothy</firstName>
        <sponsorshipWithdrawnDate />
        <identifiers>
          <bioguideId>K000384</bioguideId>
          <lisID>2176</lisID>
          <gpoId />
        </identifiers>
        <fullName>Sen. Kaine, Tim [D-VA]</fullName>
        <isOriginalCosponsor>True</isOriginalCosponsor>
      </item>
      <item>
        <lastName>SANDERS</lastName>
        <state>VT</state>
        <middleName />
        <party>I</party>
        <bioguideId>S000033</bioguideId>
        <sponsorshipDate>2018-02-27</sponsorshipDate>
        <firstName>BERNARD</firstName>
        <sponsorshipWithdrawnDate />
        <identifiers>
          <gpoId>8270</gpoId>
          <lisID>1010</lisID>
          <bioguideId>S000033</bioguideId>
        </identifiers>
        <fullName>Sen. Sanders, Bernard [I-VT]</fullName>
        <isOriginalCosponsor>True</isOriginalCosponsor>
      </item>
      <item>
        <lastName>MARKEY</lastName>
        <state>MA</state>
        <middleName>J.</middleName>
        <party>D</party>
        <bioguideId>M000133</bioguideId>
        <sponsorshipDate>2018-04-19</sponsorshipDate>
        <firstName>EDWARD</firstName>
        <sponsorshipWithdrawnDate />
        <identifiers>
          <lisID>735</lisID>
          <gpoId>7972</gpoId>
          <bioguideId>M000133</bioguideId>
        </identifiers>
        <fullName>Sen. Markey, Edward J. [D-MA]</fullName>
        <isOriginalCosponsor>False</isOriginalCosponsor>
      </item>
      <item>
        <lastName>Whitehouse</lastName>
        <state>RI</state>
        <middleName />
        <party>D</party>
        <bioguideId>W000802</bioguideId>
        <sponsorshipDate>2018-04-23</sponsorshipDate>
        <firstName>Sheldon</firstName>
        <sponsorshipWithdrawnDate />
        <identifiers>
          <gpoId>8264</gpoId>
          <lisID>1823</lisID>
          <bioguideId>W000802</bioguideId>
        </identifiers>
        <fullName>Sen. Whitehouse, Sheldon [D-RI]</fullName>
        <isOriginalCosponsor>False</isOriginalCosponsor>
      </item>
      <item>
        <lastName>Booker</lastName>
        <state>NJ</state>
        <middleName>A.</middleName>
        <party>D</party>
        <bioguideId>B001288</bioguideId>
        <sponsorshipDate>2018-05-15</sponsorshipDate>
        <firstName>Cory</firstName>
        <sponsorshipWithdrawnDate />
        <identifiers>
          <gpoId />
          <lisID>2194</lisID>
          <bioguideId>B001288</bioguideId>
        </identifiers>
        <fullName>Sen. Booker, Cory A. [D-NJ]</fullName>
        <isOriginalCosponsor>False</isOriginalCosponsor>
      </item>
      <item>
        <lastName>UDALL</lastName>
        <state>NM</state>
        <middleName />
        <party>D</party>
        <bioguideId>U000039</bioguideId>
        <sponsorshipDate>2018-05-21</sponsorshipDate>
        <firstName>TOM</firstName>
        <sponsorshipWithdrawnDate />
        <identifiers>
          <bioguideId>U000039</bioguideId>
          <lisID>1567</lisID>
          <gpoId>8260</gpoId>
        </identifiers>
        <fullName>Sen. Udall, Tom [D-NM]</fullName>
        <isOriginalCosponsor>False</isOriginalCosponsor>
      </item>
      <item>
        <lastName>Merkley</lastName>
        <state>OR</state>
        <middleName />
        <party>D</party>
        <bioguideId>M001176</bioguideId>
        <sponsorshipDate>2018-06-13</sponsorshipDate>
        <firstName>Jeff</firstName>
        <sponsorshipWithdrawnDate />
        <identifiers>
          <lisID>1900</lisID>
          <gpoId>8238</gpoId>
          <bioguideId>M001176</bioguideId>
        </identifiers>
        <fullName>Sen. Merkley, Jeff [D-OR]</fullName>
        <isOriginalCosponsor>False</isOriginalCosponsor>
      </item>
    </cosponsors>
    <committees>
      <billCommittees>
        <item>
          <subcommittees />
          <systemCode>ssfr00</systemCode>
          <name>Foreign Relations Committee</name>
          <activities>
            <item>
              <date>2018-02-27T22:35:25Z</date>
              <name>Referred to</name>
            </item>
          </activities>
          <type>Standing</type>
          <chamber>Senate</chamber>
        </item>
      </billCommittees>
    </committees>
    <notes />
    <relatedBills />
    <title>A resolution condemning the continued undemocratic measures by the Government of Venezuela to undermine the independence of democratic institutions and calling for a free and fair electoral process.</title>
    <sponsors>
      <item>
        <fullName>Sen. Durbin, Richard J. [D-IL]</fullName>
        <firstName>RICHARD</firstName>
        <lastName>DURBIN</lastName>
        <state>IL</state>
        <bioguideId>D000563</bioguideId>
        <party>D</party>
        <identifiers>
          <lisID>326</lisID>
          <gpoId>8326</gpoId>
          <bioguideId>D000563</bioguideId>
        </identifiers>
        <byRequestType />
        <middleName>J.</middleName>
      </item>
    </sponsors>
    <congress>115</congress>
    <version>1.0.0</version>
    <amendments />
    <titles>
      <item>
        <titleType>Official Title as Introduced</titleType>
        <chamberName />
        <chamberCode />
        <parentTitleType />
        <title>A resolution condemning the continued undemocratic measures by the Government of Venezuela to undermine the independence of democratic institutions and calling for a free and fair electoral process.</title>
      </item>
      <item>
        <titleType>Display Title</titleType>
        <chamberName />
        <chamberCode />
        <parentTitleType />
        <title>A resolution condemning the continued undemocratic measures by the Government of Venezuela to undermine the independence of democratic institutions and calling for a free and fair electoral process.</title>
      </item>
    </titles>
    <createDate>2018-02-28T05:26:07Z</createDate>
    <cboCostEstimates />
    <calendarNumbers />
    <actions>
      <actionTypeCounts>
        <referredToCommittee>1</referredToCommittee>
        <introducedInSenate>1</introducedInSenate>
      </actionTypeCounts>
      <item>
        <actionDate>2018-02-27</actionDate>
        <committee>
          <name>Foreign Relations Committee</name>
          <systemCode>ssfr00</systemCode>
        </committee>
        <links>
          <link>
            <url>https://www.congress.gov/congressional-record/volume-164/senate-section/page/S1251-1252</url>
            <name>S1251-1252</name>
          </link>
        </links>
        <sourceSystem>
          <code>0</code>
          <name>Senate</name>
        </sourceSystem>
        <text>Referred to the Committee on Foreign Relations. (text of measure as introduced: CR S1251-1252)</text>
        <type>IntroReferral</type>
      </item>
      <item>
        <links />
        <type>IntroReferral</type>
        <actionDate>2018-02-27</actionDate>
        <text>Introduced in Senate</text>
        <committee />
        <sourceSystem>
          <code>9</code>
          <name>Library of Congress</name>
        </sourceSystem>
        <actionCode>10000</actionCode>
      </item>
      <actionByCounts>
        <senate>2</senate>
      </actionByCounts>
    </actions>
    <summaries>
      <billSummaries>
        <item>
          <updateDate>2018-02-27T05:00:00Z</updateDate>
          <lastSummaryUpdateDate>2018-03-05T19:26:39Z</lastSummaryUpdateDate>
          <text><![CDATA[<p>Calls on the Venezuelan government to postpone the presidential election and any concurrent National Assembly, state legislative council, or municipal council elections scheduled for April 22, 2018, until: (1) credible election observers are allowed to observe the electoral process; (2) the National Electoral Council is led by trusted nonpartisan members; (3) opposition parties and candidates are free to peacefully compete in the election without threat of arrest or retribution; (4) arrangements are made for all Venezuelan voters, including those residing outside of Venezuela, to participate in the election; and (5) there is no link between an individual's vote and his or her receipt of food rations.</p> <p> Condemns Venezuelan President Maduro's authoritarian steps to undermine democratic institutions.</p> <p> Rejects the Venezuelan government's efforts to blame the country's economic, humanitarian, and political crisis on other actors instead of recognizing its own malfeasance and criminality. </p> <p>Urges the Venezuelan government to permit the delivery of humanitarian assistance and to stop using food as a tool of political coercion. </p> <p>Condemns the Venezuelan government for failing to credibly participate in internationally mediated negotiations to restore democracy, free political prisoners, and permit the delivery of humanitarian assistance.</p> <p> Supports: (1) Peru's decision, as host of the Eighth Summit of the Americas, to not invite President Maduro; and (2) efforts of the Office of the Prosecutor of the International Criminal Court to examine Venezuela's use of torture and arbitrary detentions.</p>]]></text>
          <actionDate>2018-02-27</actionDate>
          <actionDesc>Introduced in Senate</actionDesc>
          <name>Introduced in Senate</name>
          <versionCode>00</versionCode>
        </item>
      </billSummaries>
    </summaries>
  </bill>
  <dublinCore xmlns:dc="http://purl.org/dc/elements/1.1/">
    <dc:format>text/xml</dc:format>
    <dc:language>EN</dc:language>
    <dc:rights>Pursuant to Title 17 Section 105 of the United States Code, this file is not subject to copyright protection and is in the public domain.</dc:rights>
    <dc:contributor>Congressional Research Service, Library of Congress</dc:contributor>
    <dc:description>This file contains bill summaries and statuses for federal legislation. A bill summary describes the most significant provisions of a piece of legislation and details the effects the legislative text may have on current law and federal programs. Bill summaries are authored by the Congressional Research Service (CRS) of the Library of Congress. As stated in Public Law 91-510 (2 USC 166 (d)(6)), one of the duties of CRS is "to prepare summaries and digests of bills and resolutions of a public general nature introduced in the Senate or House of Representatives". For more information, refer to the User Guide that accompanies this file.</dc:description>
  </dublinCore>
</billStatus>

