<?xml version="1.0" encoding="UTF-8"?>
<billStatus>
  <bill>
    <policyArea>
      <name>International Affairs</name>
    </policyArea>
    <billType>SRES</billType>
    <latestAction>
      <links />
      <actionDate>2018-02-15</actionDate>
      <text>Referred to the Committee on Foreign Relations. (text of measure as introduced: CR S1167-1168)</text>
    </latestAction>
    <createDate>2018-02-18T21:46:27Z</createDate>
    <notes />
    <actions>
      <item>
        <actionDate>2018-02-15</actionDate>
        <committee>
          <systemCode>ssfr00</systemCode>
          <name>Foreign Relations Committee</name>
        </committee>
        <links>
          <link>
            <url>https://www.congress.gov/congressional-record/volume-164/senate-section/page/S1167-1168</url>
            <name>S1167-1168</name>
          </link>
        </links>
        <sourceSystem>
          <code>0</code>
          <name>Senate</name>
        </sourceSystem>
        <text>Referred to the Committee on Foreign Relations. (text of measure as introduced: CR S1167-1168)</text>
        <type>IntroReferral</type>
      </item>
      <item>
        <text>Introduced in Senate</text>
        <type>IntroReferral</type>
        <links />
        <actionDate>2018-02-15</actionDate>
        <sourceSystem>
          <code>9</code>
          <name>Library of Congress</name>
        </sourceSystem>
        <committee />
        <actionCode>10000</actionCode>
      </item>
      <actionByCounts>
        <senate>2</senate>
      </actionByCounts>
      <actionTypeCounts>
        <introducedInSenate>1</introducedInSenate>
        <referredToCommittee>1</referredToCommittee>
      </actionTypeCounts>
    </actions>
    <calendarNumbers />
    <congress>115</congress>
    <subjects>
      <billSubjects>
        <policyArea>
          <name>International Affairs</name>
        </policyArea>
        <legislativeSubjects>
          <item>
            <name>Asia</name>
          </item>
          <item>
            <name>China</name>
          </item>
          <item>
            <name>Commemorative events and holidays</name>
          </item>
          <item>
            <name>Congressional tributes</name>
          </item>
          <item>
            <name>Diplomacy, foreign officials, Americans abroad</name>
          </item>
          <item>
            <name>Human rights</name>
          </item>
          <item>
            <name>Protest and dissent</name>
          </item>
          <item>
            <name>Religion</name>
          </item>
          <item>
            <name>Sovereignty, recognition, national governance and status</name>
          </item>
          <item>
            <name>Tibet</name>
          </item>
        </legislativeSubjects>
      </billSubjects>
    </subjects>
    <billNumber>408</billNumber>
    <title>A resolution commemorating the 59th anniversary of Tibet's 1959 uprising as "Tibetan Rights Day", and expressing support for the human rights and religious freedom of the Tibetan people and the Tibetan Buddhist faith community.</title>
    <committees>
      <billCommittees>
        <item>
          <subcommittees />
          <systemCode>ssfr00</systemCode>
          <name>Foreign Relations Committee</name>
          <activities>
            <item>
              <date>2018-02-15T20:49:06Z</date>
              <name>Referred to</name>
            </item>
          </activities>
          <type>Standing</type>
          <chamber>Senate</chamber>
        </item>
      </billCommittees>
    </committees>
    <introducedDate>2018-02-15</introducedDate>
    <version>1.0.0</version>
    <committeeReports />
    <updateDate>2018-08-28T20:21:29Z</updateDate>
    <laws />
    <originChamber>Senate</originChamber>
    <cboCostEstimates />
    <sponsors>
      <item>
        <middleName>JOSEPH</middleName>
        <bioguideId>L000174</bioguideId>
        <identifiers>
          <lisID>1383</lisID>
          <bioguideId>L000174</bioguideId>
          <gpoId>8244</gpoId>
        </identifiers>
        <fullName>Sen. Leahy, Patrick J. [D-VT]</fullName>
        <byRequestType />
        <party>D</party>
        <firstName>PATRICK</firstName>
        <state>VT</state>
        <lastName>LEAHY</lastName>
      </item>
    </sponsors>
    <relatedBills>
      <item>
        <type>HRES</type>
        <number>743</number>
        <latestAction>
          <actionDate>2018-02-16</actionDate>
          <text>Referred to the House Committee on Foreign Affairs.</text>
        </latestAction>
        <congress>115</congress>
        <relationshipDetails>
          <item>
            <type>Related bill</type>
            <identifiedBy>CRS</identifiedBy>
          </item>
        </relationshipDetails>
        <latestTitle>Expressing support for the human rights and religious freedom of the Tibetan people and the Tibetan Buddhist faith community, and for the designation of a "Tibetan Rights Day".</latestTitle>
      </item>
      <item>
        <type>SRES</type>
        <number>429</number>
        <latestAction>
          <actionDate>2018-04-25</actionDate>
          <text>Resolution agreed to in Senate without amendment and with a preamble by Unanimous Consent. (consideration: CR S2442)</text>
        </latestAction>
        <congress>115</congress>
        <relationshipDetails>
          <item>
            <type>Identical bill</type>
            <identifiedBy>CRS</identifiedBy>
          </item>
        </relationshipDetails>
        <latestTitle>A resolution commemorating the 59th anniversary of Tibet's 1959 uprising as "Tibetan Rights Day", and expressing support for the human rights and religious freedom of the Tibetan people and the Tibetan Buddhist faith community.</latestTitle>
      </item>
    </relatedBills>
    <cosponsors>
      <item>
        <bioguideId>F000062</bioguideId>
        <middleName />
        <isOriginalCosponsor>True</isOriginalCosponsor>
        <fullName>Sen. Feinstein, Dianne [D-CA]</fullName>
        <lastName>FEINSTEIN</lastName>
        <state>CA</state>
        <party>D</party>
        <sponsorshipWithdrawnDate />
        <identifiers>
          <gpoId>8338</gpoId>
          <lisID>1332</lisID>
          <bioguideId>F000062</bioguideId>
        </identifiers>
        <sponsorshipDate>2018-02-15</sponsorshipDate>
        <firstName>DIANNE</firstName>
      </item>
      <item>
        <bioguideId>C001098</bioguideId>
        <middleName />
        <isOriginalCosponsor>True</isOriginalCosponsor>
        <fullName>Sen. Cruz, Ted [R-TX]</fullName>
        <lastName>Cruz</lastName>
        <state>TX</state>
        <party>R</party>
        <sponsorshipWithdrawnDate />
        <identifiers>
          <bioguideId>C001098</bioguideId>
          <lisID>2175</lisID>
          <gpoId />
        </identifiers>
        <sponsorshipDate>2018-02-15</sponsorshipDate>
        <firstName>Ted</firstName>
      </item>
    </cosponsors>
    <titles>
      <item>
        <titleType>Official Title as Introduced</titleType>
        <chamberName />
        <chamberCode />
        <parentTitleType />
        <title>A resolution commemorating the 59th anniversary of Tibet's 1959 uprising as "Tibetan Rights Day", and expressing support for the human rights and religious freedom of the Tibetan people and the Tibetan Buddhist faith community.</title>
      </item>
      <item>
        <titleType>Display Title</titleType>
        <chamberName />
        <chamberCode />
        <parentTitleType />
        <title>A resolution commemorating the 59th anniversary of Tibet's 1959 uprising as "Tibetan Rights Day", and expressing support for the human rights and religious freedom of the Tibetan people and the Tibetan Buddhist faith community.</title>
      </item>
    </titles>
    <recordedVotes />
    <summaries>
      <billSummaries>
        <item>
          <updateDate>2018-02-15T05:00:00Z</updateDate>
          <actionDate>2018-02-15</actionDate>
          <versionCode>00</versionCode>
          <name>Introduced in Senate</name>
          <text><![CDATA[<p>Recognizes March 10, 2018, as Tibetan Rights Day and calls on the Department of State to fully implement the provisions of the Tibetan Policy Act of 2002.</p>]]></text>
          <lastSummaryUpdateDate>2018-03-15T20:57:38Z</lastSummaryUpdateDate>
          <actionDesc>Introduced in Senate</actionDesc>
        </item>
      </billSummaries>
    </summaries>
    <amendments />
  </bill>
  <dublinCore xmlns:dc="http://purl.org/dc/elements/1.1/">
    <dc:format>text/xml</dc:format>
    <dc:language>EN</dc:language>
    <dc:rights>Pursuant to Title 17 Section 105 of the United States Code, this file is not subject to copyright protection and is in the public domain.</dc:rights>
    <dc:contributor>Congressional Research Service, Library of Congress</dc:contributor>
    <dc:description>This file contains bill summaries and statuses for federal legislation. A bill summary describes the most significant provisions of a piece of legislation and details the effects the legislative text may have on current law and federal programs. Bill summaries are authored by the Congressional Research Service (CRS) of the Library of Congress. As stated in Public Law 91-510 (2 USC 166 (d)(6)), one of the duties of CRS is "to prepare summaries and digests of bills and resolutions of a public general nature introduced in the Senate or House of Representatives". For more information, refer to the User Guide that accompanies this file.</dc:description>
  </dublinCore>
</billStatus>

