<?xml version="1.0" encoding="UTF-8"?>
<billStatus>
  <bill>
    <notes />
    <congress>115</congress>
    <committees>
      <billCommittees>
        <item>
          <systemCode>ssju00</systemCode>
          <type>Standing</type>
          <activities>
            <item>
              <date>2017-03-28T22:01:43Z</date>
              <name>Discharged from</name>
            </item>
            <item>
              <date>2017-03-23T21:03:29Z</date>
              <name>Referred to</name>
            </item>
          </activities>
          <name>Judiciary Committee</name>
          <subcommittees />
          <chamber>Senate</chamber>
        </item>
      </billCommittees>
    </committees>
    <committeeReports />
    <cboCostEstimates />
    <title>A resolution designating March 22, 2017, as "National Rehabilitation Counselors Appreciation Day".</title>
    <laws />
    <updateDate>2018-08-28T20:20:33Z</updateDate>
    <relatedBills>
      <item>
        <relationshipDetails>
          <item>
            <type>Related bill</type>
            <identifiedBy>CRS</identifiedBy>
          </item>
        </relationshipDetails>
        <latestTitle>A resolution designating March 22, 2018, as "National Rehabilitation Counselors Appreciation Day".</latestTitle>
        <type>SRES</type>
        <congress>115</congress>
        <number>447</number>
        <latestAction>
          <text>Submitted in the Senate, considered, and agreed to without amendment and with a preamble by Unanimous Consent. (consideration: CR S1978; text: CR S1954)</text>
          <actionDate>2018-03-22</actionDate>
        </latestAction>
      </item>
    </relatedBills>
    <version>1.0.0</version>
    <actions>
      <item>
        <actionDate>2017-03-28</actionDate>
        <committee />
        <links />
        <sourceSystem>
          <code>0</code>
          <name>Senate</name>
        </sourceSystem>
        <text>Resolution agreed to in Senate without amendment and with a preamble by Unanimous Consent.</text>
        <type>Floor</type>
      </item>
      <item>
        <actionDate>2017-03-28</actionDate>
        <links />
        <sourceSystem>
          <code>9</code>
          <name>Library of Congress</name>
        </sourceSystem>
        <committee />
        <text>Passed/agreed to in Senate: Resolution agreed to in Senate without amendment and with a preamble by Unanimous Consent.</text>
        <type>Floor</type>
        <actionCode>17000</actionCode>
      </item>
      <item>
        <actionDate>2017-03-28</actionDate>
        <committee>
          <systemCode>ssju00</systemCode>
          <name>Judiciary Committee</name>
        </committee>
        <links>
          <link>
            <url>https://www.congress.gov/congressional-record/volume-163/senate-section/page/S2051</url>
            <name>S2051</name>
          </link>
        </links>
        <sourceSystem>
          <code>0</code>
          <name>Senate</name>
        </sourceSystem>
        <text>Senate Committee on the Judiciary discharged by Unanimous Consent. (consideration: CR S2051)</text>
        <type>Discharge</type>
      </item>
      <item>
        <actionDate>2017-03-28</actionDate>
        <links>
          <link>
            <url>https://www.congress.gov/congressional-record/volume-163/senate-section/page/S2051</url>
            <name>S2051</name>
          </link>
        </links>
        <sourceSystem>
          <code>9</code>
          <name>Library of Congress</name>
        </sourceSystem>
        <committee>
          <systemCode>ssju00</systemCode>
          <name>Judiciary Committee</name>
        </committee>
        <text>Senate Committee on the Judiciary discharged by Unanimous Consent.(consideration: CR S2051)</text>
        <type>Committee</type>
        <actionCode>14500</actionCode>
      </item>
      <item>
        <actionDate>2017-03-23</actionDate>
        <committee>
          <systemCode>ssju00</systemCode>
          <name>Judiciary Committee</name>
        </committee>
        <links>
          <link>
            <url>https://www.congress.gov/congressional-record/volume-163/senate-section/page/S1978-1979</url>
            <name>S1978-1979</name>
          </link>
        </links>
        <sourceSystem>
          <code>0</code>
          <name>Senate</name>
        </sourceSystem>
        <text>Referred to the Committee on the Judiciary. (text of measure as introduced: CR S1978-1979)</text>
        <type>IntroReferral</type>
      </item>
      <item>
        <actionDate>2017-03-23</actionDate>
        <links />
        <sourceSystem>
          <code>9</code>
          <name>Library of Congress</name>
        </sourceSystem>
        <committee />
        <text>Introduced in Senate</text>
        <type>IntroReferral</type>
        <actionCode>10000</actionCode>
      </item>
      <actionByCounts>
        <senate>6</senate>
      </actionByCounts>
      <actionTypeCounts>
        <senateCommitteeDischarged>1</senateCommitteeDischarged>
        <referredToCommittee>1</referredToCommittee>
        <committeeDischarged>1</committeeDischarged>
        <passedAgreedToInSenate>1</passedAgreedToInSenate>
        <introducedInSenate>1</introducedInSenate>
        <agreedToInSenate>1</agreedToInSenate>
      </actionTypeCounts>
    </actions>
    <sponsors>
      <item>
        <fullName>Sen. Casey, Robert P., Jr. [D-PA]</fullName>
        <identifiers>
          <lisID>1828</lisID>
          <bioguideId>C001070</bioguideId>
          <gpoId>8282</gpoId>
        </identifiers>
        <bioguideId>C001070</bioguideId>
        <lastName>Casey</lastName>
        <firstName>Bob</firstName>
        <party>D</party>
        <byRequestType />
        <middleName />
        <state>PA</state>
      </item>
    </sponsors>
    <billType>SRES</billType>
    <policyArea>
      <name>Health</name>
    </policyArea>
    <recordedVotes />
    <billNumber>95</billNumber>
    <titles>
      <item>
        <title>A resolution designating March 22, 2017, as "National Rehabilitation Counselors Appreciation Day".</title>
        <titleType>Official Title as Introduced</titleType>
        <parentTitleType />
        <chamberCode />
        <chamberName />
      </item>
      <item>
        <title>A resolution designating March 22, 2017, as "National Rehabilitation Counselors Appreciation Day".</title>
        <titleType>Display Title</titleType>
        <parentTitleType />
        <chamberCode />
        <chamberName />
      </item>
    </titles>
    <originChamber>Senate</originChamber>
    <subjects>
      <billSubjects>
        <policyArea>
          <name>Health</name>
        </policyArea>
        <legislativeSubjects>
          <item>
            <name>Commemorative events and holidays</name>
          </item>
          <item>
            <name>Congressional tributes</name>
          </item>
          <item>
            <name>Disability and paralysis</name>
          </item>
          <item>
            <name>Health personnel</name>
          </item>
          <item>
            <name>Long-term, rehabilitative, and terminal care</name>
          </item>
          <item>
            <name>Social work, volunteer service, charitable organizations</name>
          </item>
        </legislativeSubjects>
      </billSubjects>
    </subjects>
    <cosponsors>
      <item>
        <fullName>Sen. Isakson, Johnny [R-GA]</fullName>
        <party>R</party>
        <bioguideId>I000055</bioguideId>
        <identifiers>
          <bioguideId>I000055</bioguideId>
          <gpoId>8323</gpoId>
          <lisID>1608</lisID>
        </identifiers>
        <lastName>Isakson</lastName>
        <sponsorshipDate>2017-03-23</sponsorshipDate>
        <middleName />
        <isOriginalCosponsor>True</isOriginalCosponsor>
        <firstName>Johnny</firstName>
        <state>GA</state>
        <sponsorshipWithdrawnDate />
      </item>
    </cosponsors>
    <introducedDate>2017-03-23</introducedDate>
    <calendarNumbers />
    <latestAction>
      <actionDate>2017-03-28</actionDate>
      <links />
      <text>Resolution agreed to in Senate without amendment and with a preamble by Unanimous Consent.</text>
    </latestAction>
    <amendments />
    <summaries>
      <billSummaries>
        <item>
          <updateDate>2017-03-23T04:00:00Z</updateDate>
          <actionDate>2017-03-23</actionDate>
          <lastSummaryUpdateDate>2017-04-03T19:41:33Z</lastSummaryUpdateDate>
          <text><![CDATA[<p>Designates March 22, 2017, as National Rehabilitation Counselors Appreciation Day.</p> <p>Commends rehabilitation counselors and professional organizations assisting individuals who require rehabilitation.</p>]]></text>
          <actionDesc>Introduced in Senate</actionDesc>
          <versionCode>00</versionCode>
          <name>Introduced in Senate</name>
        </item>
        <item>
          <updateDate>2017-03-28T13:04:42Z</updateDate>
          <actionDate>2017-03-28</actionDate>
          <lastSummaryUpdateDate>2017-04-10T14:01:47Z</lastSummaryUpdateDate>
          <text><![CDATA[<p>(This measure has not been amended since it was introduced. The summary of that version is repeated here.)</p> <p>Designates March 22, 2017, as National Rehabilitation Counselors Appreciation Day.</p> <p>Commends rehabilitation counselors and professional organizations assisting individuals who require rehabilitation.</p>]]></text>
          <actionDesc>Passed Senate without amendment</actionDesc>
          <versionCode>82</versionCode>
          <name>Passed Senate without amendment</name>
        </item>
      </billSummaries>
    </summaries>
    <createDate>2017-03-24T05:21:00Z</createDate>
  </bill>
  <dublinCore xmlns:dc="http://purl.org/dc/elements/1.1/">
    <dc:format>text/xml</dc:format>
    <dc:language>EN</dc:language>
    <dc:rights>Pursuant to Title 17 Section 105 of the United States Code, this file is not subject to copyright protection and is in the public domain.</dc:rights>
    <dc:contributor>Congressional Research Service, Library of Congress</dc:contributor>
    <dc:description>This file contains bill summaries and statuses for federal legislation. A bill summary describes the most significant provisions of a piece of legislation and details the effects the legislative text may have on current law and federal programs. Bill summaries are authored by the Congressional Research Service (CRS) of the Library of Congress. As stated in Public Law 91-510 (2 USC 166 (d)(6)), one of the duties of CRS is "to prepare summaries and digests of bills and resolutions of a public general nature introduced in the Senate or House of Representatives". For more information, refer to the User Guide that accompanies this file.</dc:description>
  </dublinCore>
</billStatus>

