<?xml version="1.0" encoding="UTF-8"?>
<billStatus>
  <bill>
    <sponsors>
      <item>
        <middleName>Neely</middleName>
        <party>R</party>
        <bioguideId>K000393</bioguideId>
        <lastName>Kennedy</lastName>
        <firstName>John</firstName>
        <state>LA</state>
        <identifiers>
          <lisID>2303</lisID>
          <bioguideId>K000393</bioguideId>
          <gpoId />
        </identifiers>
        <fullName>Sen. Kennedy, John [R-LA]</fullName>
        <byRequestType />
      </item>
    </sponsors>
    <version>1.0.0</version>
    <createDate>2017-12-12T00:26:06Z</createDate>
    <committeeReports />
    <latestAction>
      <text>Submitted in the Senate, considered, and agreed to without amendment and with a preamble by Voice Vote. (consideration: CR S7946-7947; text as passed Senate: CR S7946)</text>
      <links />
      <actionDate>2017-12-11</actionDate>
    </latestAction>
    <notes />
    <introducedDate>2017-12-11</introducedDate>
    <committees>
      <billCommittees />
    </committees>
    <relatedBills />
    <billNumber>356</billNumber>
    <subjects>
      <billSubjects>
        <legislativeSubjects />
        <policyArea>
          <name>Congress</name>
        </policyArea>
      </billSubjects>
    </subjects>
    <amendments />
    <originChamber>Senate</originChamber>
    <cboCostEstimates />
    <policyArea>
      <name>Congress</name>
    </policyArea>
    <congress>115</congress>
    <actions>
      <actionByCounts>
        <senate>3</senate>
      </actionByCounts>
      <item>
        <actionDate>2017-12-11</actionDate>
        <committee />
        <links>
          <link>
            <url>https://www.congress.gov/congressional-record/volume-163/senate-section/page/S7946</url>
            <name>S7946</name>
          </link>
          <link>
            <url>https://www.congress.gov/congressional-record/volume-163/senate-section/page/S7946-7947</url>
            <name>S7946-7947</name>
          </link>
        </links>
        <sourceSystem>
          <code>0</code>
          <name>Senate</name>
        </sourceSystem>
        <text>Submitted in the Senate, considered, and agreed to without amendment and with a preamble by Voice Vote. (consideration: CR S7946-7947; text as passed Senate: CR S7946)</text>
        <type>Floor</type>
      </item>
      <item>
        <committee />
        <links>
          <link>
            <url>https://www.congress.gov/congressional-record/volume-163/senate-section/page/S7946</url>
            <name>S7946</name>
          </link>
          <link>
            <url>https://www.congress.gov/congressional-record/volume-163/senate-section/page/S7946-7947</url>
            <name>S7946-7947</name>
          </link>
        </links>
        <type>Floor</type>
        <text>Passed/agreed to in Senate: Submitted in the Senate, considered, and agreed to without amendment and with a preamble by Voice Vote.(consideration: CR S7946-7947; text as passed Senate: CR S7946)</text>
        <actionDate>2017-12-11</actionDate>
        <actionCode>17000</actionCode>
        <sourceSystem>
          <code>9</code>
          <name>Library of Congress</name>
        </sourceSystem>
      </item>
      <item>
        <committee />
        <links />
        <type>IntroReferral</type>
        <text>Introduced in Senate</text>
        <actionDate>2017-12-11</actionDate>
        <actionCode>10000</actionCode>
        <sourceSystem>
          <code>9</code>
          <name>Library of Congress</name>
        </sourceSystem>
      </item>
      <actionTypeCounts>
        <passedAgreedToInSenate>1</passedAgreedToInSenate>
        <passedOrAgreedToInSenateDayOf>1</passedOrAgreedToInSenateDayOf>
        <introducedInSenate>1</introducedInSenate>
      </actionTypeCounts>
    </actions>
    <recordedVotes />
    <laws />
    <cosponsors>
      <item>
        <party>D</party>
        <state>RI</state>
        <bioguideId>W000802</bioguideId>
        <sponsorshipWithdrawnDate />
        <lastName>Whitehouse</lastName>
        <fullName>Sen. Whitehouse, Sheldon [D-RI]</fullName>
        <firstName>Sheldon</firstName>
        <sponsorshipDate>2017-12-11</sponsorshipDate>
        <middleName />
        <isOriginalCosponsor>True</isOriginalCosponsor>
        <identifiers>
          <gpoId>8264</gpoId>
          <lisID>1823</lisID>
          <bioguideId>W000802</bioguideId>
        </identifiers>
      </item>
    </cosponsors>
    <titles>
      <item>
        <titleType>Official Title as Introduced</titleType>
        <title>A resolution expressing the sense of the Senate that Members of Congress should substitute teach at least 1 day per year in a public school to gain firsthand knowledge on how to address the prevailing challenges facing educators and how to remove obstacles to learning for students.</title>
        <parentTitleType />
        <chamberCode />
        <chamberName />
      </item>
      <item>
        <titleType>Display Title</titleType>
        <title>A resolution expressing the sense of the Senate that Members of Congress should substitute teach at least 1 day per year in a public school to gain firsthand knowledge on how to address the prevailing challenges facing educators and how to remove obstacles to learning for students.</title>
        <parentTitleType />
        <chamberCode />
        <chamberName />
      </item>
    </titles>
    <updateDate>2018-08-28T20:21:20Z</updateDate>
    <calendarNumbers />
    <billType>SRES</billType>
    <summaries>
      <billSummaries>
        <item>
          <lastSummaryUpdateDate>2018-03-14T20:00:41Z</lastSummaryUpdateDate>
          <actionDate>2017-12-11</actionDate>
          <text><![CDATA[<p> Recognizes the contributions of teachers to the United States.</p> <p>Thanks teachers for their service.</p> <p>Recommends that each Member of Congress spend at least one day per year serving as a substitute teacher in a public school.</p>]]></text>
          <updateDate>2017-12-11T05:00:00Z</updateDate>
          <name>Introduced in Senate</name>
          <versionCode>00</versionCode>
          <actionDesc>Introduced in Senate</actionDesc>
        </item>
        <item>
          <lastSummaryUpdateDate>2018-03-14T20:03:39Z</lastSummaryUpdateDate>
          <actionDate>2017-12-11</actionDate>
          <text><![CDATA[<p>(This measure has not been amended since it was introduced. The summary of that version is repeated here.)</p> <p> Recognizes the contributions of teachers to the United States.</p> <p>Thanks teachers for their service.</p> <p>Recommends that each Member of Congress spend at least one day per year serving as a substitute teacher in a public school.</p>]]></text>
          <updateDate>2017-12-11T14:47:26Z</updateDate>
          <name>Passed Senate without amendment</name>
          <versionCode>82</versionCode>
          <actionDesc>Passed Senate without amendment</actionDesc>
        </item>
      </billSummaries>
    </summaries>
    <title>A resolution expressing the sense of the Senate that Members of Congress should substitute teach at least 1 day per year in a public school to gain firsthand knowledge on how to address the prevailing challenges facing educators and how to remove obstacles to learning for students.</title>
  </bill>
  <dublinCore xmlns:dc="http://purl.org/dc/elements/1.1/">
    <dc:format>text/xml</dc:format>
    <dc:language>EN</dc:language>
    <dc:rights>Pursuant to Title 17 Section 105 of the United States Code, this file is not subject to copyright protection and is in the public domain.</dc:rights>
    <dc:contributor>Congressional Research Service, Library of Congress</dc:contributor>
    <dc:description>This file contains bill summaries and statuses for federal legislation. A bill summary describes the most significant provisions of a piece of legislation and details the effects the legislative text may have on current law and federal programs. Bill summaries are authored by the Congressional Research Service (CRS) of the Library of Congress. As stated in Public Law 91-510 (2 USC 166 (d)(6)), one of the duties of CRS is "to prepare summaries and digests of bills and resolutions of a public general nature introduced in the Senate or House of Representatives". For more information, refer to the User Guide that accompanies this file.</dc:description>
  </dublinCore>
</billStatus>

