<?xml version="1.0" encoding="UTF-8"?>
<billStatus>
  <bill>
    <sponsors>
      <item>
        <middleName />
        <party>D</party>
        <bioguideId>S001181</bioguideId>
        <lastName>Shaheen</lastName>
        <firstName>Jeanne</firstName>
        <state>NH</state>
        <identifiers>
          <lisID>1901</lisID>
          <gpoId>8276</gpoId>
          <bioguideId>S001181</bioguideId>
        </identifiers>
        <fullName>Sen. Shaheen, Jeanne [D-NH]</fullName>
        <byRequestType />
      </item>
    </sponsors>
    <version>1.0.0</version>
    <createDate>2017-10-06T00:41:17Z</createDate>
    <committeeReports />
    <latestAction>
      <text>Submitted in the Senate, considered, and agreed to without amendment and with a preamble by Unanimous Consent. (consideration: CR S6375; text of measure as introduced: CR S6369)</text>
      <links />
      <actionDate>2017-10-05</actionDate>
    </latestAction>
    <notes />
    <introducedDate>2017-10-05</introducedDate>
    <committees>
      <billCommittees />
    </committees>
    <relatedBills />
    <billNumber>290</billNumber>
    <subjects>
      <billSubjects>
        <legislativeSubjects />
        <policyArea>
          <name>Energy</name>
        </policyArea>
      </billSubjects>
    </subjects>
    <amendments />
    <originChamber>Senate</originChamber>
    <cboCostEstimates />
    <policyArea>
      <name>Energy</name>
    </policyArea>
    <congress>115</congress>
    <actions>
      <actionTypeCounts>
        <passedOrAgreedToInSenateDayOf>1</passedOrAgreedToInSenateDayOf>
        <passedAgreedToInSenate>1</passedAgreedToInSenate>
        <introducedInSenate>1</introducedInSenate>
      </actionTypeCounts>
      <item>
        <actionDate>2017-10-05</actionDate>
        <committee />
        <links>
          <link>
            <name>S6369</name>
            <url>https://www.congress.gov/congressional-record/volume-163/senate-section/page/S6369</url>
          </link>
          <link>
            <name>S6375</name>
            <url>https://www.congress.gov/congressional-record/volume-163/senate-section/page/S6375</url>
          </link>
        </links>
        <sourceSystem>
          <name>Senate</name>
          <code>0</code>
        </sourceSystem>
        <text>Submitted in the Senate, considered, and agreed to without amendment and with a preamble by Unanimous Consent. (consideration: CR S6375; text of measure as introduced: CR S6369)</text>
        <type>Floor</type>
      </item>
      <item>
        <actionDate>2017-10-05</actionDate>
        <links>
          <link>
            <name>S6369</name>
            <url>https://www.congress.gov/congressional-record/volume-163/senate-section/page/S6369</url>
          </link>
          <link>
            <name>S6375</name>
            <url>https://www.congress.gov/congressional-record/volume-163/senate-section/page/S6375</url>
          </link>
        </links>
        <text>Passed/agreed to in Senate: Submitted in the Senate, considered, and agreed to without amendment and with a preamble by Unanimous Consent.(consideration: CR S6375; text of measure as introduced: CR S6369)</text>
        <type>Floor</type>
        <actionCode>17000</actionCode>
        <sourceSystem>
          <name>Library of Congress</name>
          <code>9</code>
        </sourceSystem>
        <committee />
      </item>
      <item>
        <actionDate>2017-10-05</actionDate>
        <links />
        <text>Introduced in Senate</text>
        <type>IntroReferral</type>
        <actionCode>10000</actionCode>
        <sourceSystem>
          <name>Library of Congress</name>
          <code>9</code>
        </sourceSystem>
        <committee />
      </item>
      <actionByCounts>
        <senate>3</senate>
      </actionByCounts>
    </actions>
    <recordedVotes />
    <laws />
    <cosponsors>
      <item>
        <middleName />
        <bioguideId>P000449</bioguideId>
        <identifiers>
          <lisID>924</lisID>
          <gpoId>8266</gpoId>
          <bioguideId>P000449</bioguideId>
        </identifiers>
        <state>OH</state>
        <fullName>Sen. Portman, Rob [R-OH]</fullName>
        <isOriginalCosponsor>True</isOriginalCosponsor>
        <party>R</party>
        <sponsorshipWithdrawnDate />
        <firstName>ROB</firstName>
        <lastName>PORTMAN</lastName>
        <sponsorshipDate>2017-10-05</sponsorshipDate>
      </item>
      <item>
        <middleName>F.</middleName>
        <bioguideId>B001267</bioguideId>
        <identifiers>
          <lisID>1965</lisID>
          <gpoId>8302</gpoId>
          <bioguideId>B001267</bioguideId>
        </identifiers>
        <state>CO</state>
        <fullName>Sen. Bennet, Michael F. [D-CO]</fullName>
        <isOriginalCosponsor>True</isOriginalCosponsor>
        <party>D</party>
        <sponsorshipWithdrawnDate />
        <firstName>Michael</firstName>
        <lastName>Bennet</lastName>
        <sponsorshipDate>2017-10-05</sponsorshipDate>
      </item>
      <item>
        <middleName>A.</middleName>
        <bioguideId>C001088</bioguideId>
        <identifiers>
          <lisID>1984</lisID>
          <bioguideId>C001088</bioguideId>
          <gpoId>8297</gpoId>
        </identifiers>
        <state>DE</state>
        <fullName>Sen. Coons, Christopher A. [D-DE]</fullName>
        <isOriginalCosponsor>True</isOriginalCosponsor>
        <party>D</party>
        <sponsorshipWithdrawnDate />
        <firstName>Christopher</firstName>
        <lastName>Coons</lastName>
        <sponsorshipDate>2017-10-05</sponsorshipDate>
      </item>
      <item>
        <middleName>GRANT</middleName>
        <bioguideId>H000338</bioguideId>
        <identifiers>
          <lisID>1351</lisID>
          <gpoId>8314</gpoId>
          <bioguideId>H000338</bioguideId>
        </identifiers>
        <state>UT</state>
        <fullName>Sen. Hatch, Orrin G. [R-UT]</fullName>
        <isOriginalCosponsor>True</isOriginalCosponsor>
        <party>R</party>
        <sponsorshipWithdrawnDate />
        <firstName>ORRIN</firstName>
        <lastName>HATCH</lastName>
        <sponsorshipDate>2017-10-05</sponsorshipDate>
      </item>
      <item>
        <middleName />
        <bioguideId>W000802</bioguideId>
        <identifiers>
          <bioguideId>W000802</bioguideId>
          <lisID>1823</lisID>
          <gpoId>8264</gpoId>
        </identifiers>
        <state>RI</state>
        <fullName>Sen. Whitehouse, Sheldon [D-RI]</fullName>
        <isOriginalCosponsor>True</isOriginalCosponsor>
        <party>D</party>
        <sponsorshipWithdrawnDate />
        <firstName>Sheldon</firstName>
        <lastName>Whitehouse</lastName>
        <sponsorshipDate>2017-10-05</sponsorshipDate>
      </item>
      <item>
        <middleName />
        <bioguideId>H001046</bioguideId>
        <identifiers>
          <lisID>1937</lisID>
          <bioguideId>H001046</bioguideId>
          <gpoId>8056</gpoId>
        </identifiers>
        <state>NM</state>
        <fullName>Sen. Heinrich, Martin [D-NM]</fullName>
        <isOriginalCosponsor>True</isOriginalCosponsor>
        <party>D</party>
        <sponsorshipWithdrawnDate />
        <firstName>Martin</firstName>
        <lastName>Heinrich</lastName>
        <sponsorshipDate>2017-10-05</sponsorshipDate>
      </item>
      <item>
        <middleName>Wood</middleName>
        <bioguideId>H001076</bioguideId>
        <identifiers>
          <bioguideId>H001076</bioguideId>
          <lisID>2302</lisID>
          <gpoId />
        </identifiers>
        <state>NH</state>
        <fullName>Sen. Hassan, Margaret Wood [D-NH]</fullName>
        <isOriginalCosponsor>True</isOriginalCosponsor>
        <party>D</party>
        <sponsorshipWithdrawnDate />
        <firstName>Margaret</firstName>
        <lastName>Hassan</lastName>
        <sponsorshipDate>2017-10-05</sponsorshipDate>
      </item>
      <item>
        <middleName />
        <bioguideId>M001153</bioguideId>
        <identifiers>
          <bioguideId>M001153</bioguideId>
          <gpoId>8234</gpoId>
          <lisID>1694</lisID>
        </identifiers>
        <state>AK</state>
        <fullName>Sen. Murkowski, Lisa [R-AK]</fullName>
        <isOriginalCosponsor>True</isOriginalCosponsor>
        <party>R</party>
        <sponsorshipWithdrawnDate />
        <firstName>Lisa</firstName>
        <lastName>Murkowski</lastName>
        <sponsorshipDate>2017-10-05</sponsorshipDate>
      </item>
      <item>
        <middleName />
        <bioguideId>C000127</bioguideId>
        <identifiers>
          <lisID>172</lisID>
          <gpoId>8288</gpoId>
          <bioguideId>C000127</bioguideId>
        </identifiers>
        <state>WA</state>
        <fullName>Sen. Cantwell, Maria [D-WA]</fullName>
        <isOriginalCosponsor>True</isOriginalCosponsor>
        <party>D</party>
        <sponsorshipWithdrawnDate />
        <firstName>MARIA</firstName>
        <lastName>CANTWELL</lastName>
        <sponsorshipDate>2017-10-05</sponsorshipDate>
      </item>
      <item>
        <middleName />
        <bioguideId>F000457</bioguideId>
        <identifiers>
          <lisID>1969</lisID>
          <gpoId>8339</gpoId>
          <bioguideId>F000457</bioguideId>
        </identifiers>
        <state>MN</state>
        <fullName>Sen. Franken, Al [D-MN]</fullName>
        <isOriginalCosponsor>True</isOriginalCosponsor>
        <party>D</party>
        <sponsorshipWithdrawnDate />
        <firstName>Al</firstName>
        <lastName>Franken</lastName>
        <sponsorshipDate>2017-10-05</sponsorshipDate>
      </item>
      <item>
        <middleName>F.</middleName>
        <bioguideId>R000122</bioguideId>
        <identifiers>
          <lisID>949</lisID>
          <bioguideId>R000122</bioguideId>
          <gpoId>8272</gpoId>
        </identifiers>
        <state>RI</state>
        <fullName>Sen. Reed, Jack [D-RI]</fullName>
        <isOriginalCosponsor>True</isOriginalCosponsor>
        <party>D</party>
        <sponsorshipWithdrawnDate />
        <firstName>JOHN</firstName>
        <lastName>REED</lastName>
        <sponsorshipDate>2017-10-05</sponsorshipDate>
      </item>
      <item>
        <middleName>K.</middleName>
        <bioguideId>H001042</bioguideId>
        <identifiers>
          <bioguideId>H001042</bioguideId>
          <lisID>1844</lisID>
          <gpoId>7913</gpoId>
        </identifiers>
        <state>HI</state>
        <fullName>Sen. Hirono, Mazie K. [D-HI]</fullName>
        <isOriginalCosponsor>True</isOriginalCosponsor>
        <party>D</party>
        <sponsorshipWithdrawnDate />
        <firstName>Mazie</firstName>
        <lastName>Hirono</lastName>
        <sponsorshipDate>2017-10-05</sponsorshipDate>
      </item>
      <item>
        <middleName>J.</middleName>
        <bioguideId>M000133</bioguideId>
        <identifiers>
          <bioguideId>M000133</bioguideId>
          <lisID>735</lisID>
          <gpoId>7972</gpoId>
        </identifiers>
        <state>MA</state>
        <fullName>Sen. Markey, Edward J. [D-MA]</fullName>
        <isOriginalCosponsor>True</isOriginalCosponsor>
        <party>D</party>
        <sponsorshipWithdrawnDate />
        <firstName>EDWARD</firstName>
        <lastName>MARKEY</lastName>
        <sponsorshipDate>2017-10-05</sponsorshipDate>
      </item>
      <item>
        <middleName>R.</middleName>
        <bioguideId>W000805</bioguideId>
        <identifiers>
          <lisID>1897</lisID>
          <bioguideId>W000805</bioguideId>
          <gpoId>8269</gpoId>
        </identifiers>
        <state>VA</state>
        <fullName>Sen. Warner, Mark R. [D-VA]</fullName>
        <isOriginalCosponsor>True</isOriginalCosponsor>
        <party>D</party>
        <sponsorshipWithdrawnDate />
        <firstName>Mark</firstName>
        <lastName>Warner</lastName>
        <sponsorshipDate>2017-10-05</sponsorshipDate>
      </item>
      <item>
        <middleName>ANN</middleName>
        <bioguideId>S000770</bioguideId>
        <identifiers>
          <bioguideId>S000770</bioguideId>
          <lisID>1531</lisID>
          <gpoId>8261</gpoId>
        </identifiers>
        <state>MI</state>
        <fullName>Sen. Stabenow, Debbie [D-MI]</fullName>
        <isOriginalCosponsor>True</isOriginalCosponsor>
        <party>D</party>
        <sponsorshipWithdrawnDate />
        <firstName>DEBORAH</firstName>
        <lastName>STABENOW</lastName>
        <sponsorshipDate>2017-10-05</sponsorshipDate>
      </item>
      <item>
        <middleName />
        <bioguideId>M001183</bioguideId>
        <identifiers>
          <bioguideId>M001183</bioguideId>
          <lisID>1983</lisID>
          <gpoId>8256</gpoId>
        </identifiers>
        <state>WV</state>
        <fullName>Sen. Manchin, Joe, III [D-WV]</fullName>
        <isOriginalCosponsor>True</isOriginalCosponsor>
        <party>D</party>
        <sponsorshipWithdrawnDate />
        <firstName>Joe</firstName>
        <lastName>Manchin</lastName>
        <sponsorshipDate>2017-10-05</sponsorshipDate>
      </item>
      <item>
        <middleName />
        <bioguideId>B000944</bioguideId>
        <identifiers>
          <lisID>136</lisID>
          <bioguideId>B000944</bioguideId>
          <gpoId>8309</gpoId>
        </identifiers>
        <state>OH</state>
        <fullName>Sen. Brown, Sherrod [D-OH]</fullName>
        <isOriginalCosponsor>True</isOriginalCosponsor>
        <party>D</party>
        <sponsorshipWithdrawnDate />
        <firstName>SHERROD</firstName>
        <lastName>BROWN</lastName>
        <sponsorshipDate>2017-10-05</sponsorshipDate>
      </item>
      <item>
        <middleName>MARGARET</middleName>
        <bioguideId>C001035</bioguideId>
        <identifiers>
          <lisID>1541</lisID>
          <bioguideId>C001035</bioguideId>
          <gpoId>8291</gpoId>
        </identifiers>
        <state>ME</state>
        <fullName>Sen. Collins, Susan M. [R-ME]</fullName>
        <isOriginalCosponsor>True</isOriginalCosponsor>
        <party>R</party>
        <sponsorshipWithdrawnDate />
        <firstName>SUSAN</firstName>
        <lastName>COLLINS</lastName>
        <sponsorshipDate>2017-10-05</sponsorshipDate>
      </item>
      <item>
        <middleName />
        <bioguideId>G000562</bioguideId>
        <identifiers>
          <lisID>1998</lisID>
          <bioguideId>G000562</bioguideId>
          <gpoId>7862</gpoId>
        </identifiers>
        <state>CO</state>
        <fullName>Sen. Gardner, Cory [R-CO]</fullName>
        <isOriginalCosponsor>True</isOriginalCosponsor>
        <party>R</party>
        <sponsorshipWithdrawnDate />
        <firstName>Cory</firstName>
        <lastName>Gardner</lastName>
        <sponsorshipDate>2017-10-05</sponsorshipDate>
      </item>
      <item>
        <middleName />
        <bioguideId>W000779</bioguideId>
        <identifiers>
          <lisID>1247</lisID>
          <gpoId>8265</gpoId>
          <bioguideId>W000779</bioguideId>
        </identifiers>
        <state>OR</state>
        <fullName>Sen. Wyden, Ron [D-OR]</fullName>
        <isOriginalCosponsor>True</isOriginalCosponsor>
        <party>D</party>
        <sponsorshipWithdrawnDate />
        <firstName>RON</firstName>
        <lastName>WYDEN</lastName>
        <sponsorshipDate>2017-10-05</sponsorshipDate>
      </item>
    </cosponsors>
    <titles>
      <item>
        <chamberCode />
        <titleType>Official Title as Introduced</titleType>
        <chamberName />
        <title>A resolution designating October 5, 2017, as "Energy Efficiency Day" in celebration of the economic and environmental benefits that have been driven by private sector innovation and Federal energy efficiency policies put in place over the past 4 decades.</title>
        <parentTitleType />
      </item>
      <item>
        <chamberCode />
        <titleType>Display Title</titleType>
        <chamberName />
        <title>A resolution designating October 5, 2017, as "Energy Efficiency Day" in celebration of the economic and environmental benefits that have been driven by private sector innovation and Federal energy efficiency policies put in place over the past 4 decades.</title>
        <parentTitleType />
      </item>
    </titles>
    <updateDate>2018-08-28T20:21:13Z</updateDate>
    <calendarNumbers />
    <billType>SRES</billType>
    <summaries>
      <billSummaries>
        <item>
          <updateDate>2017-10-05T04:00:00Z</updateDate>
          <lastSummaryUpdateDate>2017-10-12T19:59:56Z</lastSummaryUpdateDate>
          <text><![CDATA[<p>Designates October 5, 2017, as Energy Efficiency Day.</p>]]></text>
          <actionDate>2017-10-05</actionDate>
          <actionDesc>Introduced in Senate</actionDesc>
          <name>Introduced in Senate</name>
          <versionCode>00</versionCode>
        </item>
        <item>
          <updateDate>2017-10-05T12:19:12Z</updateDate>
          <lastSummaryUpdateDate>2017-12-22T18:45:04Z</lastSummaryUpdateDate>
          <text><![CDATA[<p>(This measure has not been amended since it was introduced. The summary of that version is repeated here.)</p> <p>Designates October 5, 2017, as Energy Efficiency Day.</p>]]></text>
          <actionDate>2017-10-05</actionDate>
          <actionDesc>Passed Senate without amendment</actionDesc>
          <name>Passed Senate without amendment</name>
          <versionCode>82</versionCode>
        </item>
      </billSummaries>
    </summaries>
    <title>A resolution designating October 5, 2017, as "Energy Efficiency Day" in celebration of the economic and environmental benefits that have been driven by private sector innovation and Federal energy efficiency policies put in place over the past 4 decades.</title>
  </bill>
  <dublinCore xmlns:dc="http://purl.org/dc/elements/1.1/">
    <dc:format>text/xml</dc:format>
    <dc:language>EN</dc:language>
    <dc:rights>Pursuant to Title 17 Section 105 of the United States Code, this file is not subject to copyright protection and is in the public domain.</dc:rights>
    <dc:contributor>Congressional Research Service, Library of Congress</dc:contributor>
    <dc:description>This file contains bill summaries and statuses for federal legislation. A bill summary describes the most significant provisions of a piece of legislation and details the effects the legislative text may have on current law and federal programs. Bill summaries are authored by the Congressional Research Service (CRS) of the Library of Congress. As stated in Public Law 91-510 (2 USC 166 (d)(6)), one of the duties of CRS is "to prepare summaries and digests of bills and resolutions of a public general nature introduced in the Senate or House of Representatives". For more information, refer to the User Guide that accompanies this file.</dc:description>
  </dublinCore>
</billStatus>

