<?xml version="1.0" encoding="UTF-8"?>
<billStatus>
  <bill>
    <committees>
      <billCommittees />
    </committees>
    <actions>
      <item>
        <actionDate>2017-12-07</actionDate>
        <committee />
        <links>
          <link>
            <url>https://www.congress.gov/congressional-record/volume-163/senate-section/page/S7932-7933</url>
            <name>S7932-7933</name>
          </link>
          <link>
            <url>https://www.congress.gov/congressional-record/volume-163/senate-section/page/S7935</url>
            <name>S7935</name>
          </link>
        </links>
        <sourceSystem>
          <code>0</code>
          <name>Senate</name>
        </sourceSystem>
        <text>Submitted in the Senate, considered, and agreed to without amendment and with a preamble by Unanimous Consent. (consideration: CR S7935; text: CR S7932-7933)</text>
        <type>Floor</type>
      </item>
      <item>
        <text>Passed/agreed to in Senate: Submitted in the Senate, considered, and agreed to without amendment and with a preamble by Unanimous Consent.(consideration: CR S7935; text: CR S7932-7933)</text>
        <links>
          <link>
            <url>https://www.congress.gov/congressional-record/volume-163/senate-section/page/S7932-7933</url>
            <name>S7932-7933</name>
          </link>
          <link>
            <url>https://www.congress.gov/congressional-record/volume-163/senate-section/page/S7935</url>
            <name>S7935</name>
          </link>
        </links>
        <type>Floor</type>
        <sourceSystem>
          <code>9</code>
          <name>Library of Congress</name>
        </sourceSystem>
        <committee />
        <actionDate>2017-12-07</actionDate>
        <actionCode>17000</actionCode>
      </item>
      <item>
        <text>Introduced in Senate</text>
        <links />
        <type>IntroReferral</type>
        <sourceSystem>
          <code>9</code>
          <name>Library of Congress</name>
        </sourceSystem>
        <committee />
        <actionDate>2017-12-07</actionDate>
        <actionCode>10000</actionCode>
      </item>
      <actionTypeCounts>
        <passedOrAgreedToInSenateDayOf>1</passedOrAgreedToInSenateDayOf>
        <introducedInSenate>1</introducedInSenate>
        <passedAgreedToInSenate>1</passedAgreedToInSenate>
      </actionTypeCounts>
      <actionByCounts>
        <senate>3</senate>
      </actionByCounts>
    </actions>
    <recordedVotes />
    <laws />
    <calendarNumbers />
    <titles>
      <item>
        <titleType>Official Title as Introduced</titleType>
        <chamberName />
        <chamberCode />
        <parentTitleType />
        <title>A resolution designating December 16, 2017, as "Wreaths Across America Day".</title>
      </item>
      <item>
        <titleType>Display Title</titleType>
        <chamberName />
        <chamberCode />
        <parentTitleType />
        <title>A resolution designating December 16, 2017, as "Wreaths Across America Day".</title>
      </item>
    </titles>
    <cosponsors>
      <item>
        <bioguideId>K000383</bioguideId>
        <middleName />
        <isOriginalCosponsor>True</isOriginalCosponsor>
        <fullName>Sen. King, Angus S., Jr. [I-ME]</fullName>
        <lastName>King</lastName>
        <state>ME</state>
        <party>I</party>
        <sponsorshipWithdrawnDate />
        <identifiers>
          <bioguideId>K000383</bioguideId>
          <gpoId />
          <lisID>2185</lisID>
        </identifiers>
        <sponsorshipDate>2017-12-07</sponsorshipDate>
        <firstName>Angus</firstName>
      </item>
    </cosponsors>
    <cboCostEstimates />
    <latestAction>
      <text>Submitted in the Senate, considered, and agreed to without amendment and with a preamble by Unanimous Consent. (consideration: CR S7935; text: CR S7932-7933)</text>
      <links />
      <actionDate>2017-12-07</actionDate>
    </latestAction>
    <updateDate>2018-08-28T20:21:20Z</updateDate>
    <version>1.0.0</version>
    <policyArea>
      <name>Armed Forces and National Security</name>
    </policyArea>
    <billType>SRES</billType>
    <billNumber>353</billNumber>
    <originChamber>Senate</originChamber>
    <relatedBills />
    <title>A resolution designating December 16, 2017, as "Wreaths Across America Day".</title>
    <congress>115</congress>
    <summaries>
      <billSummaries>
        <item>
          <updateDate>2017-12-07T05:00:00Z</updateDate>
          <lastSummaryUpdateDate>2018-05-30T22:25:41Z</lastSummaryUpdateDate>
          <text><![CDATA[<p>Designates December 16, 2017, as Wreaths Across America Day to honor the service of veterans and members of the Armed Forces.</p>]]></text>
          <actionDate>2017-12-07</actionDate>
          <actionDesc>Introduced in Senate</actionDesc>
          <name>Introduced in Senate</name>
          <versionCode>00</versionCode>
        </item>
      </billSummaries>
    </summaries>
    <subjects>
      <billSubjects>
        <policyArea>
          <name>Armed Forces and National Security</name>
        </policyArea>
        <legislativeSubjects />
      </billSubjects>
    </subjects>
    <committeeReports />
    <introducedDate>2017-12-07</introducedDate>
    <sponsors>
      <item>
        <bioguideId>C001035</bioguideId>
        <middleName>MARGARET</middleName>
        <byRequestType />
        <fullName>Sen. Collins, Susan M. [R-ME]</fullName>
        <lastName>COLLINS</lastName>
        <state>ME</state>
        <party>R</party>
        <identifiers>
          <lisID>1541</lisID>
          <bioguideId>C001035</bioguideId>
          <gpoId>8291</gpoId>
        </identifiers>
        <firstName>SUSAN</firstName>
      </item>
    </sponsors>
    <notes />
    <createDate>2017-12-08T00:26:07Z</createDate>
    <amendments />
  </bill>
  <dublinCore xmlns:dc="http://purl.org/dc/elements/1.1/">
    <dc:format>text/xml</dc:format>
    <dc:language>EN</dc:language>
    <dc:rights>Pursuant to Title 17 Section 105 of the United States Code, this file is not subject to copyright protection and is in the public domain.</dc:rights>
    <dc:contributor>Congressional Research Service, Library of Congress</dc:contributor>
    <dc:description>This file contains bill summaries and statuses for federal legislation. A bill summary describes the most significant provisions of a piece of legislation and details the effects the legislative text may have on current law and federal programs. Bill summaries are authored by the Congressional Research Service (CRS) of the Library of Congress. As stated in Public Law 91-510 (2 USC 166 (d)(6)), one of the duties of CRS is "to prepare summaries and digests of bills and resolutions of a public general nature introduced in the Senate or House of Representatives". For more information, refer to the User Guide that accompanies this file.</dc:description>
  </dublinCore>
</billStatus>

