<?xml version="1.0" encoding="UTF-8"?>
<billStatus>
  <bill>
    <policyArea>
      <name>Health</name>
    </policyArea>
    <billType>SRES</billType>
    <latestAction>
      <links />
      <actionDate>2017-06-28</actionDate>
      <text>Referred to the Committee on the Judiciary. (text of measure as introduced: CR S3834)</text>
    </latestAction>
    <createDate>2017-06-29T00:26:33Z</createDate>
    <notes />
    <actions>
      <item>
        <actionDate>2017-06-28</actionDate>
        <committee>
          <systemCode>ssju00</systemCode>
          <name>Judiciary Committee</name>
        </committee>
        <links>
          <link>
            <url>https://www.congress.gov/congressional-record/volume-163/senate-section/page/S3834</url>
            <name>S3834</name>
          </link>
        </links>
        <sourceSystem>
          <code>0</code>
          <name>Senate</name>
        </sourceSystem>
        <text>Referred to the Committee on the Judiciary. (text of measure as introduced: CR S3834)</text>
        <type>IntroReferral</type>
      </item>
      <item>
        <actionDate>2017-06-28</actionDate>
        <links />
        <sourceSystem>
          <code>9</code>
          <name>Library of Congress</name>
        </sourceSystem>
        <committee />
        <text>Introduced in Senate</text>
        <type>IntroReferral</type>
        <actionCode>10000</actionCode>
      </item>
      <actionByCounts>
        <senate>2</senate>
      </actionByCounts>
      <actionTypeCounts>
        <introducedInSenate>1</introducedInSenate>
        <referredToCommittee>1</referredToCommittee>
      </actionTypeCounts>
    </actions>
    <calendarNumbers />
    <congress>115</congress>
    <subjects>
      <billSubjects>
        <legislativeSubjects>
          <item>
            <name>Cancer</name>
          </item>
          <item>
            <name>Commemorative events and holidays</name>
          </item>
          <item>
            <name>Congressional tributes</name>
          </item>
          <item>
            <name>Health personnel</name>
          </item>
          <item>
            <name>Health promotion and preventive care</name>
          </item>
          <item>
            <name>Medical research</name>
          </item>
          <item>
            <name>Musculoskeletal and skin diseases</name>
          </item>
        </legislativeSubjects>
        <policyArea>
          <name>Health</name>
        </policyArea>
      </billSubjects>
    </subjects>
    <billNumber>207</billNumber>
    <title>A resolution designating the week of July 9 through July 15, 2017 as "Sarcoma Awareness Week" and designating July 15, 2017 as "Leiomyosarcoma Awareness Day".</title>
    <committees>
      <billCommittees>
        <item>
          <activities>
            <item>
              <date>2017-06-28T18:53:47Z</date>
              <name>Referred to</name>
            </item>
          </activities>
          <type>Standing</type>
          <chamber>Senate</chamber>
          <systemCode>ssju00</systemCode>
          <name>Judiciary Committee</name>
          <subcommittees />
        </item>
      </billCommittees>
    </committees>
    <introducedDate>2017-06-28</introducedDate>
    <version>1.0.0</version>
    <committeeReports />
    <updateDate>2018-08-28T20:20:58Z</updateDate>
    <laws />
    <originChamber>Senate</originChamber>
    <cboCostEstimates />
    <sponsors>
      <item>
        <middleName>ANN</middleName>
        <bioguideId>S000770</bioguideId>
        <identifiers>
          <bioguideId>S000770</bioguideId>
          <lisID>1531</lisID>
          <gpoId>8261</gpoId>
        </identifiers>
        <fullName>Sen. Stabenow, Debbie [D-MI]</fullName>
        <byRequestType />
        <party>D</party>
        <firstName>DEBORAH</firstName>
        <state>MI</state>
        <lastName>STABENOW</lastName>
      </item>
    </sponsors>
    <relatedBills>
      <item>
        <latestAction>
          <text>Referred to the House Committee on Energy and Commerce.</text>
          <actionDate>2018-06-28</actionDate>
        </latestAction>
        <type>HRES</type>
        <number>973</number>
        <latestTitle>Expressing support for the designation of July 15, 2018, as "National Leiomyosarcoma Awareness Day" and the designation of July 2018, as "National Sarcoma Awareness Month".</latestTitle>
        <relationshipDetails>
          <item>
            <type>Related bill</type>
            <identifiedBy>CRS</identifiedBy>
          </item>
        </relationshipDetails>
        <congress>115</congress>
      </item>
      <item>
        <latestAction>
          <text>Referred to the Committee on the Judiciary. (text of measure as introduced: CR S4743)</text>
          <actionDate>2018-06-28</actionDate>
        </latestAction>
        <type>SRES</type>
        <number>561</number>
        <latestTitle>A resolution designating July 15, 2018, as "National Leiomyosarcoma Awareness Day" and the month of July 2018 as "National Sarcoma Awareness Month".</latestTitle>
        <relationshipDetails>
          <item>
            <type>Related bill</type>
            <identifiedBy>CRS</identifiedBy>
          </item>
        </relationshipDetails>
        <congress>115</congress>
      </item>
      <item>
        <latestAction>
          <text>Referred to the Subcommittee on Health.</text>
          <actionDate>2017-06-30</actionDate>
        </latestAction>
        <type>HRES</type>
        <number>420</number>
        <latestTitle>Expressing support for the designation of the week of July 9 through July 15, 2017, as "Sarcoma Awareness Week" and July 15, 2017, as "Leiomyosarcoma Awareness Day".</latestTitle>
        <relationshipDetails>
          <item>
            <type>Related bill</type>
            <identifiedBy>CRS</identifiedBy>
          </item>
        </relationshipDetails>
        <congress>115</congress>
      </item>
    </relatedBills>
    <cosponsors />
    <titles>
      <item>
        <chamberCode />
        <titleType>Official Title as Introduced</titleType>
        <parentTitleType />
        <chamberName />
        <title>A resolution designating the week of July 9 through July 15, 2017 as "Sarcoma Awareness Week" and designating July 15, 2017 as "Leiomyosarcoma Awareness Day".</title>
      </item>
      <item>
        <chamberCode />
        <titleType>Display Title</titleType>
        <parentTitleType />
        <chamberName />
        <title>A resolution designating the week of July 9 through July 15, 2017 as "Sarcoma Awareness Week" and designating July 15, 2017 as "Leiomyosarcoma Awareness Day".</title>
      </item>
    </titles>
    <recordedVotes />
    <summaries>
      <billSummaries>
        <item>
          <updateDate>2017-06-28T04:00:00Z</updateDate>
          <actionDate>2017-06-28</actionDate>
          <lastSummaryUpdateDate>2017-07-17T15:02:35Z</lastSummaryUpdateDate>
          <text><![CDATA[<p> Designates July 9-July 15, 2017, as Sarcoma Awareness Week and July 15, 2017, as Leiomyosarcoma Awareness Day. (Sarcoma is a malignant cancer that arises from certain tissues, such as bone or muscle. Leiomyosarcoma is a type of sarcoma that arises from smooth muscle tissue, most commonly originating in the uterus, stomach, intestine, or blood vessels.)</p> <p>Recognizes the challenges faced by sarcoma and leiomyosarcoma patients and commends the dedication of organizations, volunteers, researchers, and caregivers working to improve the quality of life of sarcoma and leiomyosarcoma patients and their families.</p>]]></text>
          <actionDesc>Introduced in Senate</actionDesc>
          <versionCode>00</versionCode>
          <name>Introduced in Senate</name>
        </item>
      </billSummaries>
    </summaries>
    <amendments />
  </bill>
  <dublinCore xmlns:dc="http://purl.org/dc/elements/1.1/">
    <dc:format>text/xml</dc:format>
    <dc:language>EN</dc:language>
    <dc:rights>Pursuant to Title 17 Section 105 of the United States Code, this file is not subject to copyright protection and is in the public domain.</dc:rights>
    <dc:contributor>Congressional Research Service, Library of Congress</dc:contributor>
    <dc:description>This file contains bill summaries and statuses for federal legislation. A bill summary describes the most significant provisions of a piece of legislation and details the effects the legislative text may have on current law and federal programs. Bill summaries are authored by the Congressional Research Service (CRS) of the Library of Congress. As stated in Public Law 91-510 (2 USC 166 (d)(6)), one of the duties of CRS is "to prepare summaries and digests of bills and resolutions of a public general nature introduced in the Senate or House of Representatives". For more information, refer to the User Guide that accompanies this file.</dc:description>
  </dublinCore>
</billStatus>

