<?xml version="1.0" encoding="UTF-8"?>
<billStatus>
  <bill>
    <committees>
      <billCommittees>
        <item>
          <systemCode>ssra00</systemCode>
          <subcommittees />
          <activities>
            <item>
              <name>Discharged from</name>
              <date>2018-04-18T22:36:30Z</date>
            </item>
            <item>
              <name>Referred to</name>
              <date>2018-04-12T22:10:49Z</date>
            </item>
          </activities>
          <name>Rules and Administration Committee</name>
          <chamber>Senate</chamber>
          <type>Standing</type>
        </item>
      </billCommittees>
    </committees>
    <actions>
      <item>
        <actionDate>2018-04-18</actionDate>
        <committee />
        <links>
          <link>
            <url>https://www.congress.gov/congressional-record/volume-164/senate-section/page/S2283</url>
            <name>S2283</name>
          </link>
        </links>
        <sourceSystem>
          <code>0</code>
          <name>Senate</name>
        </sourceSystem>
        <text>Resolution agreed to in Senate without amendment by Unanimous Consent. (consideration: CR S2283)</text>
        <type>Floor</type>
      </item>
      <item>
        <text>Passed/agreed to in Senate: Resolution agreed to in Senate without amendment by Unanimous Consent.(consideration: CR S2283)</text>
        <links>
          <link>
            <url>https://www.congress.gov/congressional-record/volume-164/senate-section/page/S2283</url>
            <name>S2283</name>
          </link>
        </links>
        <type>Floor</type>
        <sourceSystem>
          <code>9</code>
          <name>Library of Congress</name>
        </sourceSystem>
        <committee />
        <actionDate>2018-04-18</actionDate>
        <actionCode>17000</actionCode>
      </item>
      <item>
        <actionDate>2018-04-18</actionDate>
        <committee>
          <systemCode>ssra00</systemCode>
          <name>Rules and Administration Committee</name>
        </committee>
        <links />
        <sourceSystem>
          <code>0</code>
          <name>Senate</name>
        </sourceSystem>
        <text>Senate Committee on Rules and Administration discharged by Unanimous Consent.</text>
        <type>Discharge</type>
      </item>
      <item>
        <text>Senate Committee on Rules and Administration discharged by Unanimous Consent.</text>
        <links />
        <type>Committee</type>
        <sourceSystem>
          <code>9</code>
          <name>Library of Congress</name>
        </sourceSystem>
        <committee>
          <systemCode>ssra00</systemCode>
          <name>Rules and Administration Committee</name>
        </committee>
        <actionDate>2018-04-18</actionDate>
        <actionCode>14500</actionCode>
      </item>
      <item>
        <actionDate>2018-04-12</actionDate>
        <committee>
          <systemCode>ssra00</systemCode>
          <name>Rules and Administration Committee</name>
        </committee>
        <links>
          <link>
            <url>https://www.congress.gov/congressional-record/volume-164/senate-section/page/S2127</url>
            <name>S2127</name>
          </link>
        </links>
        <sourceSystem>
          <code>0</code>
          <name>Senate</name>
        </sourceSystem>
        <text>Referred to the Committee on Rules and Administration. (text of measure as introduced: CR S2127)</text>
        <type>IntroReferral</type>
      </item>
      <item>
        <text>Introduced in Senate</text>
        <links />
        <type>IntroReferral</type>
        <sourceSystem>
          <code>9</code>
          <name>Library of Congress</name>
        </sourceSystem>
        <committee />
        <actionDate>2018-04-12</actionDate>
        <actionCode>10000</actionCode>
      </item>
      <actionTypeCounts>
        <referredToCommittee>1</referredToCommittee>
        <introducedInSenate>1</introducedInSenate>
        <agreedToInSenate>1</agreedToInSenate>
        <passedAgreedToInSenate>1</passedAgreedToInSenate>
        <committeeDischarged>1</committeeDischarged>
        <senateCommitteeDischarged>1</senateCommitteeDischarged>
      </actionTypeCounts>
      <actionByCounts>
        <senate>6</senate>
      </actionByCounts>
    </actions>
    <recordedVotes />
    <laws />
    <calendarNumbers />
    <titles>
      <item>
        <chamberName />
        <chamberCode />
        <titleType>Official Title as Introduced</titleType>
        <title>A resolution authorizing a Senator to bring a young son or daughter of the Senator onto the floor of the Senate during votes.</title>
        <parentTitleType />
      </item>
      <item>
        <chamberName />
        <chamberCode />
        <titleType>Display Title</titleType>
        <title>A resolution authorizing a Senator to bring a young son or daughter of the Senator onto the floor of the Senate during votes.</title>
        <parentTitleType />
      </item>
    </titles>
    <cosponsors>
      <item>
        <lastName>DURBIN</lastName>
        <state>IL</state>
        <middleName>J.</middleName>
        <party>D</party>
        <bioguideId>D000563</bioguideId>
        <sponsorshipDate>2018-04-17</sponsorshipDate>
        <firstName>RICHARD</firstName>
        <sponsorshipWithdrawnDate />
        <identifiers>
          <lisID>326</lisID>
          <gpoId>8326</gpoId>
          <bioguideId>D000563</bioguideId>
        </identifiers>
        <fullName>Sen. Durbin, Richard J. [D-IL]</fullName>
        <isOriginalCosponsor>False</isOriginalCosponsor>
      </item>
    </cosponsors>
    <cboCostEstimates />
    <latestAction>
      <text>Resolution agreed to in Senate without amendment by Unanimous Consent. (consideration: CR S2283)</text>
      <links />
      <actionDate>2018-04-18</actionDate>
    </latestAction>
    <updateDate>2018-08-28T20:21:38Z</updateDate>
    <version>1.0.0</version>
    <policyArea>
      <name>Congress</name>
    </policyArea>
    <billType>SRES</billType>
    <billNumber>463</billNumber>
    <originChamber>Senate</originChamber>
    <relatedBills />
    <title>A resolution authorizing a Senator to bring a young son or daughter of the Senator onto the floor of the Senate during votes.</title>
    <congress>115</congress>
    <summaries>
      <billSummaries>
        <item>
          <lastSummaryUpdateDate>2018-05-29T15:09:57Z</lastSummaryUpdateDate>
          <actionDate>2018-04-12</actionDate>
          <text><![CDATA[<p>Authorizes a Senator who has a son or daughter under age one to bring such child onto the floor of the Senate during votes.</p>]]></text>
          <updateDate>2018-04-12T04:00:00Z</updateDate>
          <name>Introduced in Senate</name>
          <versionCode>00</versionCode>
          <actionDesc>Introduced in Senate</actionDesc>
        </item>
        <item>
          <lastSummaryUpdateDate>2018-05-29T15:10:17Z</lastSummaryUpdateDate>
          <actionDate>2018-04-18</actionDate>
          <text><![CDATA[<p>(Sec. 1) Authorizes a Senator who has a son or daughter under age one to bring such child onto the floor of the Senate during votes.</p>]]></text>
          <updateDate>2018-04-18T14:03:57Z</updateDate>
          <name>Passed Senate without amendment</name>
          <versionCode>82</versionCode>
          <actionDesc>Passed Senate without amendment</actionDesc>
        </item>
      </billSummaries>
    </summaries>
    <subjects>
      <billSubjects>
        <legislativeSubjects>
          <item>
            <name>Child health</name>
          </item>
          <item>
            <name>Family relationships</name>
          </item>
          <item>
            <name>Legislative rules and procedure</name>
          </item>
          <item>
            <name>Members of Congress</name>
          </item>
          <item>
            <name>Senate</name>
          </item>
        </legislativeSubjects>
        <policyArea>
          <name>Congress</name>
        </policyArea>
      </billSubjects>
    </subjects>
    <committeeReports />
    <introducedDate>2018-04-12</introducedDate>
    <sponsors>
      <item>
        <bioguideId>D000622</bioguideId>
        <middleName />
        <byRequestType />
        <fullName>Sen. Duckworth, Tammy [D-IL]</fullName>
        <lastName>Duckworth</lastName>
        <state>IL</state>
        <party>D</party>
        <identifiers>
          <lisID>2123</lisID>
          <bioguideId>D000622</bioguideId>
          <gpoId />
        </identifiers>
        <firstName>Tammy</firstName>
      </item>
    </sponsors>
    <notes />
    <createDate>2018-04-13T04:25:58Z</createDate>
    <amendments />
  </bill>
  <dublinCore xmlns:dc="http://purl.org/dc/elements/1.1/">
    <dc:format>text/xml</dc:format>
    <dc:language>EN</dc:language>
    <dc:rights>Pursuant to Title 17 Section 105 of the United States Code, this file is not subject to copyright protection and is in the public domain.</dc:rights>
    <dc:contributor>Congressional Research Service, Library of Congress</dc:contributor>
    <dc:description>This file contains bill summaries and statuses for federal legislation. A bill summary describes the most significant provisions of a piece of legislation and details the effects the legislative text may have on current law and federal programs. Bill summaries are authored by the Congressional Research Service (CRS) of the Library of Congress. As stated in Public Law 91-510 (2 USC 166 (d)(6)), one of the duties of CRS is "to prepare summaries and digests of bills and resolutions of a public general nature introduced in the Senate or House of Representatives". For more information, refer to the User Guide that accompanies this file.</dc:description>
  </dublinCore>
</billStatus>

