<?xml version="1.0" encoding="UTF-8"?>
<billStatus>
  <bill>
    <amendments />
    <latestAction>
      <actionDate>2017-02-10</actionDate>
      <text>Resolution agreed to in Senate without amendment and with a preamble by Unanimous Consent.</text>
      <links />
    </latestAction>
    <congress>115</congress>
    <subjects>
      <billSubjects>
        <policyArea>
          <name>Education</name>
        </policyArea>
        <legislativeSubjects>
          <item>
            <name>Commemorative events and holidays</name>
          </item>
          <item>
            <name>Congressional tributes</name>
          </item>
          <item>
            <name>Elementary and secondary education</name>
          </item>
          <item>
            <name>Religion</name>
          </item>
          <item>
            <name>Teaching, teachers, curricula</name>
          </item>
        </legislativeSubjects>
      </billSubjects>
    </subjects>
    <laws />
    <notes />
    <billType>SRES</billType>
    <sponsors>
      <item>
        <middleName />
        <bioguideId>D000607</bioguideId>
        <fullName>Sen. Donnelly, Joe [D-IN]</fullName>
        <identifiers>
          <bioguideId>D000607</bioguideId>
          <gpoId>7941</gpoId>
          <lisID>1850</lisID>
        </identifiers>
        <byRequestType />
        <state>IN</state>
        <firstName>Joe</firstName>
        <party>D</party>
        <lastName>Donnelly</lastName>
      </item>
    </sponsors>
    <recordedVotes />
    <committeeReports />
    <introducedDate>2017-02-03</introducedDate>
    <updateDate>2018-08-28T20:20:23Z</updateDate>
    <cosponsors>
      <item>
        <party>R</party>
        <state>FL</state>
        <bioguideId>R000595</bioguideId>
        <sponsorshipWithdrawnDate />
        <lastName>Rubio</lastName>
        <fullName>Sen. Rubio, Marco [R-FL]</fullName>
        <firstName>Marco</firstName>
        <sponsorshipDate>2017-02-03</sponsorshipDate>
        <middleName />
        <isOriginalCosponsor>True</isOriginalCosponsor>
        <identifiers>
          <bioguideId>R000595</bioguideId>
          <lisID>2084</lisID>
          <gpoId>8242</gpoId>
        </identifiers>
      </item>
      <item>
        <party>R</party>
        <state>PA</state>
        <bioguideId>T000461</bioguideId>
        <sponsorshipWithdrawnDate />
        <lastName>Toomey</lastName>
        <fullName>Sen. Toomey, Pat [R-PA]</fullName>
        <firstName>Pat</firstName>
        <sponsorshipDate>2017-02-03</sponsorshipDate>
        <middleName />
        <isOriginalCosponsor>True</isOriginalCosponsor>
        <identifiers>
          <lisID>1594</lisID>
          <bioguideId>T000461</bioguideId>
          <gpoId />
        </identifiers>
      </item>
    </cosponsors>
    <actions>
      <actionByCounts>
        <senate>6</senate>
      </actionByCounts>
      <item>
        <actionDate>2017-02-10</actionDate>
        <committee />
        <links />
        <sourceSystem>
          <name>Senate</name>
          <code>0</code>
        </sourceSystem>
        <text>Resolution agreed to in Senate without amendment and with a preamble by Unanimous Consent.</text>
        <type>Floor</type>
      </item>
      <item>
        <type>Floor</type>
        <links />
        <sourceSystem>
          <name>Library of Congress</name>
          <code>9</code>
        </sourceSystem>
        <committee />
        <text>Passed/agreed to in Senate: Resolution agreed to in Senate without amendment and with a preamble by Unanimous Consent.</text>
        <actionCode>17000</actionCode>
        <actionDate>2017-02-10</actionDate>
      </item>
      <item>
        <actionDate>2017-02-10</actionDate>
        <committee>
          <name>Health, Education, Labor, and Pensions Committee</name>
          <systemCode>sshr00</systemCode>
        </committee>
        <links>
          <link>
            <name>S1092</name>
            <url>https://www.congress.gov/congressional-record/volume-163/senate-section/page/S1092</url>
          </link>
        </links>
        <sourceSystem>
          <name>Senate</name>
          <code>0</code>
        </sourceSystem>
        <text>Senate Committee on Health, Education, Labor, and Pensions discharged by Unanimous Consent. (consideration: CR S1092)</text>
        <type>Discharge</type>
      </item>
      <item>
        <type>Committee</type>
        <links>
          <link>
            <name>S1092</name>
            <url>https://www.congress.gov/congressional-record/volume-163/senate-section/page/S1092</url>
          </link>
        </links>
        <sourceSystem>
          <name>Library of Congress</name>
          <code>9</code>
        </sourceSystem>
        <committee>
          <name>Health, Education, Labor, and Pensions Committee</name>
          <systemCode>sshr00</systemCode>
        </committee>
        <text>Senate Committee on Health, Education, Labor, and Pensions discharged by Unanimous Consent.(consideration: CR S1092)</text>
        <actionCode>14500</actionCode>
        <actionDate>2017-02-10</actionDate>
      </item>
      <item>
        <actionDate>2017-02-03</actionDate>
        <committee>
          <name>Health, Education, Labor, and Pensions Committee</name>
          <systemCode>sshr00</systemCode>
        </committee>
        <links>
          <link>
            <name>S682-683</name>
            <url>https://www.congress.gov/congressional-record/volume-163/senate-section/page/S682-683</url>
          </link>
        </links>
        <sourceSystem>
          <name>Senate</name>
          <code>0</code>
        </sourceSystem>
        <text>Referred to the Committee on Health, Education, Labor, and Pensions. (text of measure as introduced: CR S682-683)</text>
        <type>IntroReferral</type>
      </item>
      <item>
        <type>IntroReferral</type>
        <links />
        <sourceSystem>
          <name>Library of Congress</name>
          <code>9</code>
        </sourceSystem>
        <committee />
        <text>Introduced in Senate</text>
        <actionCode>10000</actionCode>
        <actionDate>2017-02-03</actionDate>
      </item>
      <actionTypeCounts>
        <introducedInSenate>1</introducedInSenate>
        <referredToCommittee>1</referredToCommittee>
        <senateCommitteeDischarged>1</senateCommitteeDischarged>
        <agreedToInSenate>1</agreedToInSenate>
        <committeeDischarged>1</committeeDischarged>
        <passedAgreedToInSenate>1</passedAgreedToInSenate>
      </actionTypeCounts>
    </actions>
    <committees>
      <billCommittees>
        <item>
          <systemCode>sshr00</systemCode>
          <type>Standing</type>
          <activities>
            <item>
              <date>2017-02-10T19:22:18Z</date>
              <name>Discharged from</name>
            </item>
            <item>
              <date>2017-02-03T18:22:13Z</date>
              <name>Referred to</name>
            </item>
          </activities>
          <name>Health, Education, Labor, and Pensions Committee</name>
          <subcommittees />
          <chamber>Senate</chamber>
        </item>
      </billCommittees>
    </committees>
    <policyArea>
      <name>Education</name>
    </policyArea>
    <version>1.0.0</version>
    <title>A resolution supporting the contributions of Catholic schools.</title>
    <createDate>2017-02-04T05:07:07Z</createDate>
    <billNumber>47</billNumber>
    <cboCostEstimates />
    <calendarNumbers />
    <relatedBills>
      <item>
        <congress>115</congress>
        <number>57</number>
        <type>HRES</type>
        <latestTitle>Supporting the contributions of Catholic schools.</latestTitle>
        <relationshipDetails>
          <item>
            <type>Related bill</type>
            <identifiedBy>CRS</identifiedBy>
          </item>
        </relationshipDetails>
        <latestAction>
          <text>Sponsor introductory remarks on measure. (CR H828)</text>
          <actionDate>2017-02-01</actionDate>
        </latestAction>
      </item>
      <item>
        <congress>115</congress>
        <number>382</number>
        <type>SRES</type>
        <latestTitle>A resolution supporting the contributions of Catholic schools.</latestTitle>
        <relationshipDetails>
          <item>
            <type>Related bill</type>
            <identifiedBy>CRS</identifiedBy>
          </item>
        </relationshipDetails>
        <latestAction>
          <text>Submitted in the Senate, considered, and agreed to without amendment and with a preamble by Unanimous Consent. (consideration: CR S526; text: CR S524-525)</text>
          <actionDate>2018-01-25</actionDate>
        </latestAction>
      </item>
      <item>
        <congress>115</congress>
        <number>692</number>
        <type>HRES</type>
        <latestTitle>Supporting the contributions of Catholic schools.</latestTitle>
        <relationshipDetails>
          <item>
            <type>Related bill</type>
            <identifiedBy>CRS</identifiedBy>
          </item>
        </relationshipDetails>
        <latestAction>
          <text>Sponsor introductory remarks on measure. (CR E129)</text>
          <actionDate>2018-02-02</actionDate>
        </latestAction>
      </item>
    </relatedBills>
    <summaries>
      <billSummaries>
        <item>
          <text><![CDATA[<p>Expresses support for: (1) the goals of National Catholic Schools Week, an event cosponsored by the National Catholic Educational Association and the United States Conference of Catholic Bishops and established to recognize the contributions of Catholic elementary and secondary schools in the United States; and (2) the continued dedication of Catholic schools, students, parents, and teachers toward academic excellence and the key role they play in promoting and ensuring a brighter, stronger future for the nation.</p>]]></text>
          <lastSummaryUpdateDate>2017-02-27T16:56:50Z</lastSummaryUpdateDate>
          <actionDesc>Introduced in Senate</actionDesc>
          <updateDate>2017-02-03T05:00:00Z</updateDate>
          <name>Introduced in Senate</name>
          <versionCode>00</versionCode>
          <actionDate>2017-02-03</actionDate>
        </item>
        <item>
          <text><![CDATA[<p>(This measure has not been amended since it was introduced. The summary of that version is repeated here.)</p> <p>Expresses support for: (1) the goals of National Catholic Schools Week, an event cosponsored by the National Catholic Educational Association and the United States Conference of Catholic Bishops and established to recognize the contributions of Catholic elementary and secondary schools in the United States; and (2) the continued dedication of Catholic schools, students, parents, and teachers toward academic excellence and the key role they play in promoting and ensuring a brighter, stronger future for the nation.</p>]]></text>
          <lastSummaryUpdateDate>2017-02-27T16:55:00Z</lastSummaryUpdateDate>
          <actionDesc>Passed Senate without amendment</actionDesc>
          <updateDate>2017-02-10T14:39:42Z</updateDate>
          <name>Passed Senate without amendment</name>
          <versionCode>82</versionCode>
          <actionDate>2017-02-10</actionDate>
        </item>
      </billSummaries>
    </summaries>
    <originChamber>Senate</originChamber>
    <titles>
      <item>
        <titleType>Official Title as Introduced</titleType>
        <chamberName />
        <chamberCode />
        <parentTitleType />
        <title>A resolution supporting the contributions of Catholic schools.</title>
      </item>
      <item>
        <titleType>Display Title</titleType>
        <chamberName />
        <chamberCode />
        <parentTitleType />
        <title>A resolution supporting the contributions of Catholic schools.</title>
      </item>
    </titles>
  </bill>
  <dublinCore xmlns:dc="http://purl.org/dc/elements/1.1/">
    <dc:format>text/xml</dc:format>
    <dc:language>EN</dc:language>
    <dc:rights>Pursuant to Title 17 Section 105 of the United States Code, this file is not subject to copyright protection and is in the public domain.</dc:rights>
    <dc:contributor>Congressional Research Service, Library of Congress</dc:contributor>
    <dc:description>This file contains bill summaries and statuses for federal legislation. A bill summary describes the most significant provisions of a piece of legislation and details the effects the legislative text may have on current law and federal programs. Bill summaries are authored by the Congressional Research Service (CRS) of the Library of Congress. As stated in Public Law 91-510 (2 USC 166 (d)(6)), one of the duties of CRS is "to prepare summaries and digests of bills and resolutions of a public general nature introduced in the Senate or House of Representatives". For more information, refer to the User Guide that accompanies this file.</dc:description>
  </dublinCore>
</billStatus>

