<?xml version="1.0" encoding="UTF-8"?>
<billStatus>
  <bill>
    <titles>
      <item>
        <chamberName />
        <chamberCode />
        <parentTitleType />
        <titleType>Short Titles as Introduced</titleType>
        <title>Consistency, Accuracy, Responsibility, and Excellence in Medical Imaging and Radiation Therapy Act of 2013</title>
      </item>
      <item>
        <chamberName />
        <chamberCode />
        <parentTitleType />
        <titleType>Official Title as Introduced</titleType>
        <title>To amend the Public Health Service Act and title XVIII of the Social Security Act to make the provision of technical services for medical imaging examinations and radiation therapy treatments safer, more accurate, and less costly.</title>
      </item>
      <item>
        <chamberName />
        <chamberCode />
        <parentTitleType />
        <titleType>Display Title</titleType>
        <title>Consistency, Accuracy, Responsibility, and Excellence in Medical Imaging and Radiation Therapy Act of 2013</title>
      </item>
    </titles>
    <introducedDate>2013-03-13</introducedDate>
    <notes />
    <calendarNumbers />
    <committees>
      <billCommittees>
        <item>
          <name>Ways and Means Committee</name>
          <type>Standing</type>
          <subcommittees>
            <item>
              <activities>
                <item>
                  <name>Referred to</name>
                  <date>2013-04-11T14:52:07Z</date>
                </item>
              </activities>
              <name>Health Subcommittee</name>
              <systemCode>hswm02</systemCode>
            </item>
          </subcommittees>
          <chamber>House</chamber>
          <activities>
            <item>
              <name>Referred to</name>
              <date>2013-03-13T14:01:30Z</date>
            </item>
          </activities>
          <systemCode>hswm00</systemCode>
        </item>
        <item>
          <name>Energy and Commerce Committee</name>
          <type>Standing</type>
          <subcommittees>
            <item>
              <activities>
                <item>
                  <name>Referred to</name>
                  <date>2013-03-15T18:54:56Z</date>
                </item>
              </activities>
              <name>Health Subcommittee</name>
              <systemCode>hsif14</systemCode>
            </item>
          </subcommittees>
          <chamber>House</chamber>
          <activities>
            <item>
              <name>Referred to</name>
              <date>2013-03-13T14:01:25Z</date>
            </item>
          </activities>
          <systemCode>hsif00</systemCode>
        </item>
      </billCommittees>
    </committees>
    <sponsors>
      <item>
        <lastName>WHITFIELD</lastName>
        <middleName />
        <bioguideId>W000413</bioguideId>
        <firstName>EDWARD</firstName>
        <byRequestType />
        <fullName>Rep. Whitfield, Ed [R-KY-1]</fullName>
        <identifiers>
          <lisID>1222</lisID>
          <bioguideId>W000413</bioguideId>
          <gpoId>7953</gpoId>
        </identifiers>
      </item>
    </sponsors>
    <subjects>
      <billSubjects>
        <policyArea>
          <name>Health</name>
        </policyArea>
        <legislativeSubjects>
          <item>
            <name>Drug therapy</name>
          </item>
          <item>
            <name>Health care coverage and access</name>
          </item>
          <item>
            <name>Health care quality</name>
          </item>
          <item>
            <name>Health personnel</name>
          </item>
          <item>
            <name>Health technology, devices, supplies</name>
          </item>
          <item>
            <name>Licensing and registrations</name>
          </item>
          <item>
            <name>Medical tests and diagnostic methods</name>
          </item>
          <item>
            <name>Medicare</name>
          </item>
          <item>
            <name>Rural conditions and development</name>
          </item>
        </legislativeSubjects>
      </billSubjects>
    </subjects>
    <originChamber>House</originChamber>
    <createDate>2013-03-14T07:01:12Z</createDate>
    <congress>113</congress>
    <recordedVotes />
    <billType>HR</billType>
    <actions>
      <item>
        <actionDate>2013-04-11</actionDate>
        <committee>
          <systemCode>hswm02</systemCode>
          <name>Health Subcommittee</name>
        </committee>
        <links />
        <sourceSystem>
          <name>House committee actions</name>
          <code>1</code>
        </sourceSystem>
        <text>Referred to the Subcommittee on Health.</text>
        <type>Committee</type>
      </item>
      <item>
        <actionDate>2013-03-15</actionDate>
        <committee>
          <systemCode>hsif14</systemCode>
          <name>Health Subcommittee</name>
        </committee>
        <links />
        <sourceSystem>
          <name>House committee actions</name>
          <code>1</code>
        </sourceSystem>
        <text>Referred to the Subcommittee on Health.</text>
        <type>Committee</type>
      </item>
      <item>
        <links />
        <actionCode>H11100</actionCode>
        <committee>
          <systemCode>hswm00</systemCode>
          <name>Ways and Means Committee</name>
        </committee>
        <type>IntroReferral</type>
        <sourceSystem>
          <name>House floor actions</name>
          <code>2</code>
        </sourceSystem>
        <text>Referred to House Ways and Means</text>
        <actionDate>2013-03-13</actionDate>
      </item>
      <item>
        <links />
        <actionCode>H11100</actionCode>
        <committee>
          <systemCode>hsif00</systemCode>
          <name>Energy and Commerce Committee</name>
        </committee>
        <type>IntroReferral</type>
        <sourceSystem>
          <name>House floor actions</name>
          <code>2</code>
        </sourceSystem>
        <text>Referred to House Energy and Commerce</text>
        <actionDate>2013-03-13</actionDate>
      </item>
      <item>
        <links />
        <actionCode>H11100-A</actionCode>
        <committee />
        <type>IntroReferral</type>
        <sourceSystem>
          <name>Library of Congress</name>
          <code>9</code>
        </sourceSystem>
        <text>Referred to the Committee on Energy and Commerce, and in addition to the Committee on Ways and Means, for a period to be subsequently determined by the Speaker, in each case for consideration of such provisions as fall within the jurisdiction of the committee concerned.</text>
        <actionDate>2013-03-13</actionDate>
      </item>
      <item>
        <links />
        <actionCode>Intro-H</actionCode>
        <committee />
        <type>IntroReferral</type>
        <sourceSystem>
          <name>Library of Congress</name>
          <code>9</code>
        </sourceSystem>
        <text>Introduced in House</text>
        <actionDate>2013-03-13</actionDate>
      </item>
      <item>
        <links />
        <actionCode>1000</actionCode>
        <committee />
        <type>IntroReferral</type>
        <sourceSystem>
          <name>Library of Congress</name>
          <code>9</code>
        </sourceSystem>
        <text>Introduced in House</text>
        <actionDate>2013-03-13</actionDate>
      </item>
      <actionTypeCounts>
        <billReferrals>2</billReferrals>
        <placeholderTextForH>2</placeholderTextForH>
        <billReferralsAggregate>1</billReferralsAggregate>
        <introducedInHouse>1</introducedInHouse>
        <introducedInTheHouse>1</introducedInTheHouse>
      </actionTypeCounts>
      <actionByCounts>
        <houseOfRepresentatives>7</houseOfRepresentatives>
      </actionByCounts>
    </actions>
    <summaries>
      <billSummaries>
        <item>
          <versionCode>00</versionCode>
          <name>Introduced in House</name>
          <actionDate>2013-03-13</actionDate>
          <updateDate>2013-03-13T04:00:00Z</updateDate>
          <lastSummaryUpdateDate>2013-06-14T15:42:01Z</lastSummaryUpdateDate>
          <text><![CDATA[<p>Consistency, Accuracy, Responsibility, and Excellence in Medical Imaging and Radiation Therapy Act of 2013 - Amends the Public Health Service Act to require personnel (excluding physicians, nurse practitioners, and physician assistants) who furnish the technical component of either medical imaging examinations or radiation therapy procedures for medical purposes (except certain exempt individuals) to possess current: (1) certification in each medical imaging or radiation therapy modality and service they furnish from a certification organization designated under this Act; and (2) state licensure or certification where such services and modalities are within the profession's scope of practice as defined by the state, and where requirements for licensure, certification, or registration meet or exceed standards established by the certification organization designated under this Act.</p> <p>Gives individuals enrolled in specified training or certification programs when the list of approved certification organizations is published an additional six months after completion of a training program to become fully qualified under this Act.</p> <p>Directs the Secretary of Health and Human Services (HHS) to: (1) establish a program for designating certification organizations after consideration of specified criteria; (2) provide a process for individuals whose training or experience is determined to be equal to, or in excess of, that of a graduate of an accredited educational program in that specialty to demonstrate that their experience meets the educational standards for qualified personnel in their imaging modality or radiation therapy procedures; and (3) publish a list of designated certification organizations. Authorizes the Secretary to waive standards under this Act or to develop alternative standards for rural or health professional shortage areas as appropriate.</p> <p>Amends title XVIII (Medicare) of the Social Security Act to allow Medicare payment for medical imaging and radiation therapy services only if the examination or procedure is furnished by an individual who meets this Act's requirements.</p>]]></text>
          <actionDesc>Introduced in House</actionDesc>
        </item>
      </billSummaries>
    </summaries>
    <constitutionalAuthorityStatementText><![CDATA[<pre>By Mr. WHITFIELD:H.R. 1146.Congress has the power to enact this legislation pursuantto the following:Article I, Section 8, Clause 3The Congress shall have the Power to lay and collect Taxes,Duties, Imposts, and Excises, to pay the debts and providefor the common Defence and general Welfare of the UnitedStates; but all Duties, Imposts and Excises shall be uniformthroughout the United States.ANDArticle I, Section 8, Clause 8The Congress shall have Power . . . to regulate Commercewith foreign Nations, among the several States, and with theIndian tribes.[Page H1398]</pre>]]></constitutionalAuthorityStatementText>
    <relatedBills>
      <item>
        <relationshipDetails>
          <item>
            <type>Related bill</type>
            <identifiedBy>CRS</identifiedBy>
          </item>
        </relationshipDetails>
        <latestAction>
          <text>Read twice and referred to the Committee on Health, Education, Labor, and Pensions.</text>
          <actionDate>2013-03-21</actionDate>
        </latestAction>
        <latestTitle>Consistency, Accuracy, Responsibility, and Excellence in Medical Imaging and Radiation Therapy Act of 2013</latestTitle>
        <congress>113</congress>
        <number>642</number>
        <type>S</type>
      </item>
    </relatedBills>
    <policyArea>
      <name>Health</name>
    </policyArea>
    <updateDate>2016-10-25T16:00:49Z</updateDate>
    <cosponsors>
      <item>
        <lastName>Barrow</lastName>
        <identifiers>
          <gpoId>7909</gpoId>
          <bioguideId>B001252</bioguideId>
          <lisID>1780</lisID>
        </identifiers>
        <firstName>John</firstName>
        <fullName>Rep. Barrow, John [D-GA-12]</fullName>
        <bioguideId>B001252</bioguideId>
        <sponsorshipDate>2013-03-13</sponsorshipDate>
        <middleName />
        <isOriginalCosponsor>True</isOriginalCosponsor>
        <sponsorshipWithdrawnDate />
      </item>
      <item>
        <lastName>Schwartz</lastName>
        <identifiers>
          <bioguideId>S001162</bioguideId>
          <lisID>1798</lisID>
          <gpoId>8131</gpoId>
        </identifiers>
        <firstName>Allyson</firstName>
        <fullName>Rep. Schwartz, Allyson Y. [D-PA-13]</fullName>
        <bioguideId>S001162</bioguideId>
        <sponsorshipDate>2013-03-13</sponsorshipDate>
        <middleName>Y.</middleName>
        <isOriginalCosponsor>True</isOriginalCosponsor>
        <sponsorshipWithdrawnDate />
      </item>
      <item>
        <lastName>Moore</lastName>
        <identifiers>
          <gpoId>8217</gpoId>
          <bioguideId>M001160</bioguideId>
          <lisID>1811</lisID>
        </identifiers>
        <firstName>Gwen</firstName>
        <fullName>Rep. Moore, Gwen [D-WI-4]</fullName>
        <bioguideId>M001160</bioguideId>
        <sponsorshipDate>2013-03-19</sponsorshipDate>
        <middleName />
        <isOriginalCosponsor>False</isOriginalCosponsor>
        <sponsorshipWithdrawnDate />
      </item>
      <item>
        <lastName>Harper</lastName>
        <identifiers>
          <bioguideId>H001045</bioguideId>
          <lisID>1933</lisID>
          <gpoId>8021</gpoId>
        </identifiers>
        <firstName>Gregg</firstName>
        <fullName>Rep. Harper, Gregg [R-MS-3]</fullName>
        <bioguideId>H001045</bioguideId>
        <sponsorshipDate>2013-03-21</sponsorshipDate>
        <middleName />
        <isOriginalCosponsor>False</isOriginalCosponsor>
        <sponsorshipWithdrawnDate />
      </item>
      <item>
        <lastName>Bonamici</lastName>
        <identifiers>
          <lisID>2092</lisID>
          <bioguideId>B001278</bioguideId>
          <gpoId>8367</gpoId>
        </identifiers>
        <firstName>Suzanne</firstName>
        <fullName>Rep. Bonamici, Suzanne [D-OR-1]</fullName>
        <bioguideId>B001278</bioguideId>
        <sponsorshipDate>2013-03-21</sponsorshipDate>
        <middleName />
        <isOriginalCosponsor>False</isOriginalCosponsor>
        <sponsorshipWithdrawnDate />
      </item>
      <item>
        <lastName>PETRI</lastName>
        <identifiers>
          <gpoId>8219</gpoId>
          <bioguideId>P000265</bioguideId>
          <lisID>912</lisID>
        </identifiers>
        <firstName>TOM</firstName>
        <fullName>Rep. Petri, Thomas E. [R-WI-6]</fullName>
        <bioguideId>P000265</bioguideId>
        <sponsorshipDate>2013-03-25</sponsorshipDate>
        <middleName />
        <isOriginalCosponsor>False</isOriginalCosponsor>
        <sponsorshipWithdrawnDate />
      </item>
      <item>
        <lastName>Blackburn</lastName>
        <identifiers>
          <gpoId>8154</gpoId>
          <lisID>1748</lisID>
          <bioguideId>B001243</bioguideId>
        </identifiers>
        <firstName>Marsha</firstName>
        <fullName>Rep. Blackburn, Marsha [R-TN-7]</fullName>
        <bioguideId>B001243</bioguideId>
        <sponsorshipDate>2013-04-09</sponsorshipDate>
        <middleName />
        <isOriginalCosponsor>False</isOriginalCosponsor>
        <sponsorshipWithdrawnDate />
      </item>
      <item>
        <lastName>Roe</lastName>
        <identifiers>
          <gpoId>8148</gpoId>
          <bioguideId>R000582</bioguideId>
          <lisID>1954</lisID>
        </identifiers>
        <firstName>David</firstName>
        <fullName>Rep. Roe, David P. [R-TN-1]</fullName>
        <bioguideId>R000582</bioguideId>
        <sponsorshipDate>2013-04-09</sponsorshipDate>
        <middleName>P.</middleName>
        <isOriginalCosponsor>False</isOriginalCosponsor>
        <sponsorshipWithdrawnDate />
      </item>
      <item>
        <lastName>Carson</lastName>
        <identifiers>
          <bioguideId>C001072</bioguideId>
          <lisID>1889</lisID>
          <gpoId>7946</gpoId>
        </identifiers>
        <firstName>Andre</firstName>
        <fullName>Rep. Carson, Andre [D-IN-7]</fullName>
        <bioguideId>C001072</bioguideId>
        <sponsorshipDate>2013-04-09</sponsorshipDate>
        <middleName />
        <isOriginalCosponsor>False</isOriginalCosponsor>
        <sponsorshipWithdrawnDate />
      </item>
      <item>
        <lastName>Bucshon</lastName>
        <identifiers>
          <bioguideId>B001275</bioguideId>
          <lisID>2018</lisID>
          <gpoId>7947</gpoId>
        </identifiers>
        <firstName>Larry</firstName>
        <fullName>Rep. Bucshon, Larry [R-IN-8]</fullName>
        <bioguideId>B001275</bioguideId>
        <sponsorshipDate>2013-04-10</sponsorshipDate>
        <middleName />
        <isOriginalCosponsor>False</isOriginalCosponsor>
        <sponsorshipWithdrawnDate />
      </item>
      <item>
        <lastName>Wittman</lastName>
        <identifiers>
          <gpoId>8192</gpoId>
          <bioguideId>W000804</bioguideId>
          <lisID>1886</lisID>
        </identifiers>
        <firstName>Robert</firstName>
        <fullName>Rep. Wittman, Robert J. [R-VA-1]</fullName>
        <bioguideId>W000804</bioguideId>
        <sponsorshipDate>2013-04-11</sponsorshipDate>
        <middleName>J.</middleName>
        <isOriginalCosponsor>False</isOriginalCosponsor>
        <sponsorshipWithdrawnDate />
      </item>
      <item>
        <lastName>DUNCAN</lastName>
        <identifiers>
          <gpoId>8149</gpoId>
          <lisID>322</lisID>
          <bioguideId>D000533</bioguideId>
        </identifiers>
        <firstName>JOHN</firstName>
        <fullName>Rep. Duncan, John J., Jr. [R-TN-2]</fullName>
        <bioguideId>D000533</bioguideId>
        <sponsorshipDate>2013-04-23</sponsorshipDate>
        <middleName>J.</middleName>
        <isOriginalCosponsor>False</isOriginalCosponsor>
        <sponsorshipWithdrawnDate />
      </item>
      <item>
        <lastName>MCCARTHY</lastName>
        <identifiers>
          <gpoId>8065</gpoId>
          <lisID>1503</lisID>
          <bioguideId>M000309</bioguideId>
        </identifiers>
        <firstName>CAROLYN</firstName>
        <fullName>Rep. McCarthy, Carolyn [D-NY-4]</fullName>
        <bioguideId>M000309</bioguideId>
        <sponsorshipDate>2013-05-06</sponsorshipDate>
        <middleName />
        <isOriginalCosponsor>False</isOriginalCosponsor>
        <sponsorshipWithdrawnDate />
      </item>
      <item>
        <lastName>Rokita</lastName>
        <identifiers>
          <gpoId>7943</gpoId>
          <lisID>2017</lisID>
          <bioguideId>R000592</bioguideId>
        </identifiers>
        <firstName>Todd</firstName>
        <fullName>Rep. Rokita, Todd [R-IN-4]</fullName>
        <bioguideId>R000592</bioguideId>
        <sponsorshipDate>2013-05-08</sponsorshipDate>
        <middleName />
        <isOriginalCosponsor>False</isOriginalCosponsor>
        <sponsorshipWithdrawnDate />
      </item>
      <item>
        <lastName>Brooks</lastName>
        <identifiers>
          <lisID>2129</lisID>
          <bioguideId>B001284</bioguideId>
          <gpoId />
        </identifiers>
        <firstName>Susan</firstName>
        <fullName>Rep. Brooks, Susan W. [R-IN-5]</fullName>
        <bioguideId>B001284</bioguideId>
        <sponsorshipDate>2013-05-08</sponsorshipDate>
        <middleName>W.</middleName>
        <isOriginalCosponsor>False</isOriginalCosponsor>
        <sponsorshipWithdrawnDate />
      </item>
      <item>
        <lastName>TIBERI</lastName>
        <identifiers>
          <gpoId>8102</gpoId>
          <bioguideId>T000462</bioguideId>
          <lisID>1664</lisID>
        </identifiers>
        <firstName>PATRICK</firstName>
        <fullName>Rep. Tiberi, Patrick J. [R-OH-12]</fullName>
        <bioguideId>T000462</bioguideId>
        <sponsorshipDate>2013-05-09</sponsorshipDate>
        <middleName>J.</middleName>
        <isOriginalCosponsor>False</isOriginalCosponsor>
        <sponsorshipWithdrawnDate />
      </item>
      <item>
        <lastName>Connolly</lastName>
        <identifiers>
          <gpoId>8202</gpoId>
          <lisID>1959</lisID>
          <bioguideId>C001078</bioguideId>
        </identifiers>
        <firstName>Gerald</firstName>
        <fullName>Rep. Connolly, Gerald E. [D-VA-11]</fullName>
        <bioguideId>C001078</bioguideId>
        <sponsorshipDate>2013-05-09</sponsorshipDate>
        <middleName>E.</middleName>
        <isOriginalCosponsor>False</isOriginalCosponsor>
        <sponsorshipWithdrawnDate />
      </item>
      <item>
        <lastName>DesJarlais</lastName>
        <identifiers>
          <gpoId>8151</gpoId>
          <bioguideId>D000616</bioguideId>
          <lisID>2062</lisID>
        </identifiers>
        <firstName>Scott</firstName>
        <fullName>Rep. DesJarlais, Scott [R-TN-4]</fullName>
        <bioguideId>D000616</bioguideId>
        <sponsorshipDate>2013-05-17</sponsorshipDate>
        <middleName />
        <isOriginalCosponsor>False</isOriginalCosponsor>
        <sponsorshipWithdrawnDate />
      </item>
      <item>
        <lastName>MORAN</lastName>
        <identifiers>
          <gpoId>8199</gpoId>
          <lisID>832</lisID>
          <bioguideId>M000933</bioguideId>
        </identifiers>
        <firstName>JAMES</firstName>
        <fullName>Rep. Moran, James P. [D-VA-8]</fullName>
        <bioguideId>M000933</bioguideId>
        <sponsorshipDate>2013-05-21</sponsorshipDate>
        <middleName>P.</middleName>
        <isOriginalCosponsor>False</isOriginalCosponsor>
        <sponsorshipWithdrawnDate />
      </item>
      <item>
        <lastName>Guthrie</lastName>
        <identifiers>
          <lisID>1922</lisID>
          <bioguideId>G000558</bioguideId>
          <gpoId>7954</gpoId>
        </identifiers>
        <firstName>Brett</firstName>
        <fullName>Rep. Guthrie, Brett [R-KY-2]</fullName>
        <bioguideId>G000558</bioguideId>
        <sponsorshipDate>2013-05-21</sponsorshipDate>
        <middleName />
        <isOriginalCosponsor>False</isOriginalCosponsor>
        <sponsorshipWithdrawnDate />
      </item>
      <item>
        <lastName>Lujan</lastName>
        <identifiers>
          <gpoId>8058</gpoId>
          <bioguideId>L000570</bioguideId>
          <lisID>1939</lisID>
        </identifiers>
        <firstName>Ben</firstName>
        <fullName>Rep. Lujan, Ben Ray [D-NM-3]</fullName>
        <bioguideId>L000570</bioguideId>
        <sponsorshipDate>2013-05-21</sponsorshipDate>
        <middleName>Ray</middleName>
        <isOriginalCosponsor>False</isOriginalCosponsor>
        <sponsorshipWithdrawnDate />
      </item>
      <item>
        <lastName>KIND</lastName>
        <identifiers>
          <gpoId>8216</gpoId>
          <lisID>1498</lisID>
          <bioguideId>K000188</bioguideId>
        </identifiers>
        <firstName>RON</firstName>
        <fullName>Rep. Kind, Ron [D-WI-3]</fullName>
        <bioguideId>K000188</bioguideId>
        <sponsorshipDate>2013-05-21</sponsorshipDate>
        <middleName />
        <isOriginalCosponsor>False</isOriginalCosponsor>
        <sponsorshipWithdrawnDate />
      </item>
      <item>
        <lastName>Turner</lastName>
        <identifiers>
          <bioguideId>T000463</bioguideId>
          <lisID>1741</lisID>
          <gpoId>8093</gpoId>
        </identifiers>
        <firstName>Michael</firstName>
        <fullName>Rep. Turner, Michael R. [R-OH-10]</fullName>
        <bioguideId>T000463</bioguideId>
        <sponsorshipDate>2013-05-22</sponsorshipDate>
        <middleName>R.</middleName>
        <isOriginalCosponsor>False</isOriginalCosponsor>
        <sponsorshipWithdrawnDate />
      </item>
      <item>
        <lastName>NADLER</lastName>
        <identifiers>
          <gpoId>8069</gpoId>
          <bioguideId>N000002</bioguideId>
          <lisID>850</lisID>
        </identifiers>
        <firstName>JERROLD</firstName>
        <fullName>Rep. Nadler, Jerrold [D-NY-10]</fullName>
        <bioguideId>N000002</bioguideId>
        <sponsorshipDate>2013-05-23</sponsorshipDate>
        <middleName />
        <isOriginalCosponsor>False</isOriginalCosponsor>
        <sponsorshipWithdrawnDate />
      </item>
      <item>
        <lastName>Cohen</lastName>
        <identifiers>
          <gpoId>8156</gpoId>
          <lisID>1878</lisID>
          <bioguideId>C001068</bioguideId>
        </identifiers>
        <firstName>Steve</firstName>
        <fullName>Rep. Cohen, Steve [D-TN-9]</fullName>
        <bioguideId>C001068</bioguideId>
        <sponsorshipDate>2013-06-03</sponsorshipDate>
        <middleName />
        <isOriginalCosponsor>False</isOriginalCosponsor>
        <sponsorshipWithdrawnDate />
      </item>
      <item>
        <lastName>Lujan Grisham</lastName>
        <identifiers>
          <gpoId />
          <lisID>2146</lisID>
          <bioguideId>L000580</bioguideId>
        </identifiers>
        <firstName>Michelle</firstName>
        <fullName>Rep. Lujan Grisham, Michelle [D-NM-1]</fullName>
        <bioguideId>L000580</bioguideId>
        <sponsorshipDate>2013-06-03</sponsorshipDate>
        <middleName />
        <isOriginalCosponsor>False</isOriginalCosponsor>
        <sponsorshipWithdrawnDate />
      </item>
      <item>
        <lastName>Ruiz</lastName>
        <identifiers>
          <gpoId />
          <bioguideId>R000599</bioguideId>
          <lisID>2109</lisID>
        </identifiers>
        <firstName>Raul</firstName>
        <fullName>Rep. Ruiz, Raul [D-CA-36]</fullName>
        <bioguideId>R000599</bioguideId>
        <sponsorshipDate>2013-06-03</sponsorshipDate>
        <middleName />
        <isOriginalCosponsor>False</isOriginalCosponsor>
        <sponsorshipWithdrawnDate />
      </item>
      <item>
        <lastName>DelBene</lastName>
        <identifiers>
          <lisID>2096</lisID>
          <bioguideId>D000617</bioguideId>
          <gpoId>8374</gpoId>
        </identifiers>
        <firstName>Suzan</firstName>
        <fullName>Rep. DelBene, Suzan K. [D-WA-1]</fullName>
        <bioguideId>D000617</bioguideId>
        <sponsorshipDate>2013-06-03</sponsorshipDate>
        <middleName>K.</middleName>
        <isOriginalCosponsor>False</isOriginalCosponsor>
        <sponsorshipWithdrawnDate />
      </item>
      <item>
        <lastName>Messer</lastName>
        <identifiers>
          <gpoId />
          <lisID>2130</lisID>
          <bioguideId>M001189</bioguideId>
        </identifiers>
        <firstName>Luke</firstName>
        <fullName>Rep. Messer, Luke [R-IN-6]</fullName>
        <bioguideId>M001189</bioguideId>
        <sponsorshipDate>2013-06-10</sponsorshipDate>
        <middleName />
        <isOriginalCosponsor>False</isOriginalCosponsor>
        <sponsorshipWithdrawnDate />
      </item>
      <item>
        <lastName>Barr</lastName>
        <identifiers>
          <lisID>2131</lisID>
          <bioguideId>B001282</bioguideId>
          <gpoId />
        </identifiers>
        <firstName>Andy</firstName>
        <fullName>Rep. Barr, Andy [R-KY-6]</fullName>
        <bioguideId>B001282</bioguideId>
        <sponsorshipDate>2013-06-12</sponsorshipDate>
        <middleName />
        <isOriginalCosponsor>False</isOriginalCosponsor>
        <sponsorshipWithdrawnDate />
      </item>
      <item>
        <lastName>Johnson</lastName>
        <identifiers>
          <gpoId>8096</gpoId>
          <lisID>2046</lisID>
          <bioguideId>J000292</bioguideId>
        </identifiers>
        <firstName>Bill</firstName>
        <fullName>Rep. Johnson, Bill [R-OH-6]</fullName>
        <bioguideId>J000292</bioguideId>
        <sponsorshipDate>2013-06-17</sponsorshipDate>
        <middleName />
        <isOriginalCosponsor>False</isOriginalCosponsor>
        <sponsorshipWithdrawnDate />
      </item>
      <item>
        <lastName>MCINTYRE</lastName>
        <identifiers>
          <gpoId>8030</gpoId>
          <bioguideId>M000485</bioguideId>
          <lisID>1505</lisID>
        </identifiers>
        <firstName>MIKE</firstName>
        <fullName>Rep. McIntyre, Mike [D-NC-7]</fullName>
        <bioguideId>M000485</bioguideId>
        <sponsorshipDate>2013-07-18</sponsorshipDate>
        <middleName />
        <isOriginalCosponsor>False</isOriginalCosponsor>
        <sponsorshipWithdrawnDate />
      </item>
      <item>
        <lastName>Speier</lastName>
        <identifiers>
          <gpoId>7817</gpoId>
          <bioguideId>S001175</bioguideId>
          <lisID>1890</lisID>
        </identifiers>
        <firstName>Jackie</firstName>
        <fullName>Rep. Speier, Jackie [D-CA-14]</fullName>
        <bioguideId>S001175</bioguideId>
        <sponsorshipDate>2013-07-18</sponsorshipDate>
        <middleName />
        <isOriginalCosponsor>False</isOriginalCosponsor>
        <sponsorshipWithdrawnDate />
      </item>
      <item>
        <lastName>Courtney</lastName>
        <identifiers>
          <lisID>1836</lisID>
          <gpoId>7867</gpoId>
          <bioguideId>C001069</bioguideId>
        </identifiers>
        <firstName>Joe</firstName>
        <fullName>Rep. Courtney, Joe [D-CT-2]</fullName>
        <bioguideId>C001069</bioguideId>
        <sponsorshipDate>2013-07-18</sponsorshipDate>
        <middleName />
        <isOriginalCosponsor>False</isOriginalCosponsor>
        <sponsorshipWithdrawnDate />
      </item>
      <item>
        <lastName>PETERSON</lastName>
        <identifiers>
          <lisID>910</lisID>
          <bioguideId>P000258</bioguideId>
          <gpoId>8007</gpoId>
        </identifiers>
        <firstName>COLLIN</firstName>
        <fullName>Rep. Peterson, Collin C. [D-MN-7]</fullName>
        <bioguideId>P000258</bioguideId>
        <sponsorshipDate>2013-07-18</sponsorshipDate>
        <middleName>C.</middleName>
        <isOriginalCosponsor>False</isOriginalCosponsor>
        <sponsorshipWithdrawnDate />
      </item>
      <item>
        <lastName>THORNBERRY</lastName>
        <identifiers>
          <gpoId>8755</gpoId>
          <lisID>1155</lisID>
          <bioguideId>T000238</bioguideId>
        </identifiers>
        <firstName>WILLIAM</firstName>
        <fullName>Rep. Thornberry, Mac [R-TX-13]</fullName>
        <bioguideId>T000238</bioguideId>
        <sponsorshipDate>2013-07-18</sponsorshipDate>
        <middleName>M.</middleName>
        <isOriginalCosponsor>False</isOriginalCosponsor>
        <sponsorshipWithdrawnDate />
      </item>
      <item>
        <lastName>ROGERS</lastName>
        <identifiers>
          <lisID>977</lisID>
          <gpoId>7957</gpoId>
          <bioguideId>R000395</bioguideId>
        </identifiers>
        <firstName>HAROLD</firstName>
        <fullName>Rep. Rogers, Harold [R-KY-5]</fullName>
        <bioguideId>R000395</bioguideId>
        <sponsorshipDate>2013-07-18</sponsorshipDate>
        <middleName />
        <isOriginalCosponsor>False</isOriginalCosponsor>
        <sponsorshipWithdrawnDate />
      </item>
      <item>
        <lastName>McKinley</lastName>
        <identifiers>
          <gpoId>8222</gpoId>
          <bioguideId>M001180</bioguideId>
          <lisID>2074</lisID>
        </identifiers>
        <firstName>David</firstName>
        <fullName>Rep. McKinley, David B. [R-WV-1]</fullName>
        <bioguideId>M001180</bioguideId>
        <sponsorshipDate>2013-07-22</sponsorshipDate>
        <middleName>B.</middleName>
        <isOriginalCosponsor>False</isOriginalCosponsor>
        <sponsorshipWithdrawnDate />
      </item>
      <item>
        <lastName>DEFAZIO</lastName>
        <identifiers>
          <lisID>279</lisID>
          <bioguideId>D000191</bioguideId>
          <gpoId>8117</gpoId>
        </identifiers>
        <firstName>PETER</firstName>
        <fullName>Rep. DeFazio, Peter A. [D-OR-4]</fullName>
        <bioguideId>D000191</bioguideId>
        <sponsorshipDate>2013-07-22</sponsorshipDate>
        <middleName>A.</middleName>
        <isOriginalCosponsor>False</isOriginalCosponsor>
        <sponsorshipWithdrawnDate />
      </item>
      <item>
        <lastName>KING</lastName>
        <identifiers>
          <gpoId>8064</gpoId>
          <bioguideId>K000210</bioguideId>
          <lisID>635</lisID>
        </identifiers>
        <firstName>PETER</firstName>
        <fullName>Rep. King, Peter T. [R-NY-2]</fullName>
        <bioguideId>K000210</bioguideId>
        <sponsorshipDate>2013-07-30</sponsorshipDate>
        <middleName>T.</middleName>
        <isOriginalCosponsor>False</isOriginalCosponsor>
        <sponsorshipWithdrawnDate />
      </item>
      <item>
        <lastName>McHenry</lastName>
        <identifiers>
          <bioguideId>M001156</bioguideId>
          <lisID>1792</lisID>
          <gpoId>8033</gpoId>
        </identifiers>
        <firstName>Patrick</firstName>
        <fullName>Rep. McHenry, Patrick T. [R-NC-10]</fullName>
        <bioguideId>M001156</bioguideId>
        <sponsorshipDate>2013-08-01</sponsorshipDate>
        <middleName />
        <isOriginalCosponsor>False</isOriginalCosponsor>
        <sponsorshipWithdrawnDate />
      </item>
      <item>
        <lastName>CAPUANO</lastName>
        <identifiers>
          <lisID>1564</lisID>
          <bioguideId>C001037</bioguideId>
          <gpoId>7973</gpoId>
        </identifiers>
        <firstName>MICHAEL</firstName>
        <fullName>Rep. Capuano, Michael E. [D-MA-7]</fullName>
        <bioguideId>C001037</bioguideId>
        <sponsorshipDate>2013-08-02</sponsorshipDate>
        <middleName>E.</middleName>
        <isOriginalCosponsor>False</isOriginalCosponsor>
        <sponsorshipWithdrawnDate />
      </item>
      <item>
        <lastName>THOMPSON</lastName>
        <identifiers>
          <bioguideId>T000460</bioguideId>
          <lisID>1593</lisID>
          <gpoId>7806</gpoId>
        </identifiers>
        <firstName>MIKE</firstName>
        <fullName>Rep. Thompson, Mike [D-CA-5]</fullName>
        <bioguideId>T000460</bioguideId>
        <sponsorshipDate>2013-08-02</sponsorshipDate>
        <middleName />
        <isOriginalCosponsor>False</isOriginalCosponsor>
        <sponsorshipWithdrawnDate />
      </item>
      <item>
        <lastName>CAPITO</lastName>
        <identifiers>
          <gpoId>8223</gpoId>
          <lisID>1676</lisID>
          <bioguideId>C001047</bioguideId>
        </identifiers>
        <firstName>SHELLEY</firstName>
        <fullName>Rep. Capito, Shelley Moore [R-WV-2]</fullName>
        <bioguideId>C001047</bioguideId>
        <sponsorshipDate>2013-09-10</sponsorshipDate>
        <middleName>MOORE</middleName>
        <isOriginalCosponsor>False</isOriginalCosponsor>
        <sponsorshipWithdrawnDate />
      </item>
      <item>
        <lastName>ESHOO</lastName>
        <identifiers>
          <gpoId>7819</gpoId>
          <lisID>355</lisID>
          <bioguideId>E000215</bioguideId>
        </identifiers>
        <firstName>ANNA</firstName>
        <fullName>Rep. Eshoo, Anna G. [D-CA-18]</fullName>
        <bioguideId>E000215</bioguideId>
        <sponsorshipDate>2013-09-10</sponsorshipDate>
        <middleName>G.</middleName>
        <isOriginalCosponsor>False</isOriginalCosponsor>
        <sponsorshipWithdrawnDate />
      </item>
      <item>
        <lastName>Young</lastName>
        <identifiers>
          <lisID>2019</lisID>
          <gpoId>7948</gpoId>
          <bioguideId>Y000064</bioguideId>
        </identifiers>
        <firstName>Todd</firstName>
        <fullName>Rep. Young, Todd C. [R-IN-9]</fullName>
        <bioguideId>Y000064</bioguideId>
        <sponsorshipDate>2013-09-10</sponsorshipDate>
        <middleName>C.</middleName>
        <isOriginalCosponsor>False</isOriginalCosponsor>
        <sponsorshipWithdrawnDate />
      </item>
      <item>
        <lastName>Thompson</lastName>
        <identifiers>
          <bioguideId>T000467</bioguideId>
          <lisID>1952</lisID>
          <gpoId>8123</gpoId>
        </identifiers>
        <firstName>Glenn</firstName>
        <fullName>Rep. Thompson, Glenn [R-PA-5]</fullName>
        <bioguideId>T000467</bioguideId>
        <sponsorshipDate>2013-09-10</sponsorshipDate>
        <middleName />
        <isOriginalCosponsor>False</isOriginalCosponsor>
        <sponsorshipWithdrawnDate />
      </item>
      <item>
        <lastName>Tsongas</lastName>
        <identifiers>
          <bioguideId>T000465</bioguideId>
          <lisID>1884</lisID>
          <gpoId>7970</gpoId>
        </identifiers>
        <firstName>Niki</firstName>
        <fullName>Rep. Tsongas, Niki [D-MA-3]</fullName>
        <bioguideId>T000465</bioguideId>
        <sponsorshipDate>2013-09-10</sponsorshipDate>
        <middleName />
        <isOriginalCosponsor>False</isOriginalCosponsor>
        <sponsorshipWithdrawnDate />
      </item>
      <item>
        <lastName>PRICE</lastName>
        <identifiers>
          <lisID>930</lisID>
          <bioguideId>P000523</bioguideId>
          <gpoId>8027</gpoId>
        </identifiers>
        <firstName>DAVID</firstName>
        <fullName>Rep. Price, David E. [D-NC-4]</fullName>
        <bioguideId>P000523</bioguideId>
        <sponsorshipDate>2013-09-17</sponsorshipDate>
        <middleName>E.</middleName>
        <isOriginalCosponsor>False</isOriginalCosponsor>
        <sponsorshipWithdrawnDate />
      </item>
      <item>
        <lastName>LATHAM</lastName>
        <identifiers>
          <bioguideId>L000111</bioguideId>
          <lisID>666</lisID>
          <gpoId>7917</gpoId>
        </identifiers>
        <firstName>TOM</firstName>
        <fullName>Rep. Latham, Tom [R-IA-3]</fullName>
        <bioguideId>L000111</bioguideId>
        <sponsorshipDate>2013-09-17</sponsorshipDate>
        <middleName />
        <isOriginalCosponsor>False</isOriginalCosponsor>
        <sponsorshipWithdrawnDate />
      </item>
      <item>
        <lastName>TIERNEY</lastName>
        <identifiers>
          <lisID>1535</lisID>
          <gpoId>7971</gpoId>
          <bioguideId>T000266</bioguideId>
        </identifiers>
        <firstName>JOHN</firstName>
        <fullName>Rep. Tierney, John F. [D-MA-6]</fullName>
        <bioguideId>T000266</bioguideId>
        <sponsorshipDate>2013-09-17</sponsorshipDate>
        <middleName>F.</middleName>
        <isOriginalCosponsor>False</isOriginalCosponsor>
        <sponsorshipWithdrawnDate />
      </item>
      <item>
        <lastName>Walorski</lastName>
        <identifiers>
          <gpoId />
          <lisID>2128</lisID>
          <bioguideId>W000813</bioguideId>
        </identifiers>
        <firstName>Jackie</firstName>
        <fullName>Rep. Walorski, Jackie [R-IN-2]</fullName>
        <bioguideId>W000813</bioguideId>
        <sponsorshipDate>2013-09-18</sponsorshipDate>
        <middleName />
        <isOriginalCosponsor>False</isOriginalCosponsor>
        <sponsorshipWithdrawnDate />
      </item>
      <item>
        <lastName>Scott</lastName>
        <identifiers>
          <bioguideId>S001157</bioguideId>
          <lisID>1722</lisID>
          <gpoId>7910</gpoId>
        </identifiers>
        <firstName>David</firstName>
        <fullName>Rep. Scott, David [D-GA-13]</fullName>
        <bioguideId>S001157</bioguideId>
        <sponsorshipDate>2013-09-18</sponsorshipDate>
        <middleName />
        <isOriginalCosponsor>False</isOriginalCosponsor>
        <sponsorshipWithdrawnDate />
      </item>
      <item>
        <lastName>RUSH</lastName>
        <identifiers>
          <lisID>1003</lisID>
          <bioguideId>R000515</bioguideId>
          <gpoId>7921</gpoId>
        </identifiers>
        <firstName>BOBBY</firstName>
        <fullName>Rep. Rush, Bobby L. [D-IL-1]</fullName>
        <bioguideId>R000515</bioguideId>
        <sponsorshipDate>2013-09-25</sponsorshipDate>
        <middleName>L.</middleName>
        <isOriginalCosponsor>False</isOriginalCosponsor>
        <sponsorshipWithdrawnDate />
      </item>
      <item>
        <lastName>Loebsack</lastName>
        <identifiers>
          <gpoId>7915</gpoId>
          <bioguideId>L000565</bioguideId>
          <lisID>1846</lisID>
        </identifiers>
        <firstName>David</firstName>
        <fullName>Rep. Loebsack, David [D-IA-2]</fullName>
        <bioguideId>L000565</bioguideId>
        <sponsorshipDate>2013-09-28</sponsorshipDate>
        <middleName />
        <isOriginalCosponsor>False</isOriginalCosponsor>
        <sponsorshipWithdrawnDate />
      </item>
      <item>
        <lastName>Schock</lastName>
        <identifiers>
          <gpoId>7938</gpoId>
          <lisID>1920</lisID>
          <bioguideId>S001179</bioguideId>
        </identifiers>
        <firstName>Aaron</firstName>
        <fullName>Rep. Schock, Aaron [R-IL-18]</fullName>
        <bioguideId>S001179</bioguideId>
        <sponsorshipDate>2013-10-11</sponsorshipDate>
        <middleName />
        <isOriginalCosponsor>False</isOriginalCosponsor>
        <sponsorshipWithdrawnDate />
      </item>
      <item>
        <lastName>WATERS</lastName>
        <identifiers>
          <bioguideId>W000187</bioguideId>
          <lisID>1205</lisID>
          <gpoId>7840</gpoId>
        </identifiers>
        <firstName>MAXINE</firstName>
        <fullName>Rep. Waters, Maxine [D-CA-43]</fullName>
        <bioguideId>W000187</bioguideId>
        <sponsorshipDate>2013-10-16</sponsorshipDate>
        <middleName />
        <isOriginalCosponsor>False</isOriginalCosponsor>
        <sponsorshipWithdrawnDate />
      </item>
      <item>
        <lastName>Joyce</lastName>
        <identifiers>
          <bioguideId>J000295</bioguideId>
          <lisID>2154</lisID>
          <gpoId />
        </identifiers>
        <firstName>David</firstName>
        <fullName>Rep. Joyce, David P. [R-OH-14]</fullName>
        <bioguideId>J000295</bioguideId>
        <sponsorshipDate>2013-10-29</sponsorshipDate>
        <middleName>P.</middleName>
        <isOriginalCosponsor>False</isOriginalCosponsor>
        <sponsorshipWithdrawnDate />
      </item>
      <item>
        <lastName>Roskam</lastName>
        <identifiers>
          <gpoId>7926</gpoId>
          <bioguideId>R000580</bioguideId>
          <lisID>1848</lisID>
        </identifiers>
        <firstName>Peter</firstName>
        <fullName>Rep. Roskam, Peter J. [R-IL-6]</fullName>
        <bioguideId>R000580</bioguideId>
        <sponsorshipDate>2013-11-20</sponsorshipDate>
        <middleName>J.</middleName>
        <isOriginalCosponsor>False</isOriginalCosponsor>
        <sponsorshipWithdrawnDate />
      </item>
      <item>
        <lastName>Kildee</lastName>
        <identifiers>
          <gpoId />
          <lisID>2134</lisID>
          <bioguideId>K000380</bioguideId>
        </identifiers>
        <firstName>Daniel</firstName>
        <fullName>Rep. Kildee, Daniel T [D-MI-5]</fullName>
        <bioguideId>K000380</bioguideId>
        <sponsorshipDate>2013-12-09</sponsorshipDate>
        <middleName>T.</middleName>
        <isOriginalCosponsor>False</isOriginalCosponsor>
        <sponsorshipWithdrawnDate />
      </item>
      <item>
        <lastName>Kirkpatrick</lastName>
        <identifiers>
          <gpoId>7220</gpoId>
          <lisID>1907</lisID>
          <bioguideId>K000368</bioguideId>
        </identifiers>
        <firstName>Ann</firstName>
        <fullName>Rep. Kirkpatrick, Ann [D-AZ-1]</fullName>
        <bioguideId>K000368</bioguideId>
        <sponsorshipDate>2013-12-09</sponsorshipDate>
        <middleName />
        <isOriginalCosponsor>False</isOriginalCosponsor>
        <sponsorshipWithdrawnDate />
      </item>
      <item>
        <lastName>SHIMKUS</lastName>
        <identifiers>
          <bioguideId>S000364</bioguideId>
          <lisID>1527</lisID>
          <gpoId>7939</gpoId>
        </identifiers>
        <firstName>JOHN</firstName>
        <fullName>Rep. Shimkus, John [R-IL-15]</fullName>
        <bioguideId>S000364</bioguideId>
        <sponsorshipDate>2013-12-09</sponsorshipDate>
        <middleName>M.</middleName>
        <isOriginalCosponsor>False</isOriginalCosponsor>
        <sponsorshipWithdrawnDate />
      </item>
      <item>
        <lastName>DEGETTE</lastName>
        <identifiers>
          <bioguideId>D000197</bioguideId>
          <lisID>1479</lisID>
          <gpoId>7859</gpoId>
        </identifiers>
        <firstName>DIANA</firstName>
        <fullName>Rep. DeGette, Diana [D-CO-1]</fullName>
        <bioguideId>D000197</bioguideId>
        <sponsorshipDate>2013-12-12</sponsorshipDate>
        <middleName />
        <isOriginalCosponsor>False</isOriginalCosponsor>
        <sponsorshipWithdrawnDate />
      </item>
      <item>
        <lastName>LEWIS</lastName>
        <identifiers>
          <gpoId>7902</gpoId>
          <lisID>688</lisID>
          <bioguideId>L000287</bioguideId>
        </identifiers>
        <firstName>JOHN</firstName>
        <fullName>Rep. Lewis, John [D-GA-5]</fullName>
        <bioguideId>L000287</bioguideId>
        <sponsorshipDate>2013-12-19</sponsorshipDate>
        <middleName />
        <isOriginalCosponsor>False</isOriginalCosponsor>
        <sponsorshipWithdrawnDate />
      </item>
      <item>
        <lastName>Walz</lastName>
        <identifiers>
          <bioguideId>W000799</bioguideId>
          <lisID>1856</lisID>
          <gpoId>8001</gpoId>
        </identifiers>
        <firstName>Timothy</firstName>
        <fullName>Rep. Walz, Timothy J. [D-MN-1]</fullName>
        <bioguideId>W000799</bioguideId>
        <sponsorshipDate>2014-01-10</sponsorshipDate>
        <middleName>J.</middleName>
        <isOriginalCosponsor>False</isOriginalCosponsor>
        <sponsorshipWithdrawnDate />
      </item>
      <item>
        <lastName>LARSON</lastName>
        <identifiers>
          <bioguideId>L000557</bioguideId>
          <lisID>1583</lisID>
          <gpoId>7866</gpoId>
        </identifiers>
        <firstName>JOHN</firstName>
        <fullName>Rep. Larson, John B. [D-CT-1]</fullName>
        <bioguideId>L000557</bioguideId>
        <sponsorshipDate>2014-01-10</sponsorshipDate>
        <middleName>B.</middleName>
        <isOriginalCosponsor>False</isOriginalCosponsor>
        <sponsorshipWithdrawnDate />
      </item>
      <item>
        <lastName>Wenstrup</lastName>
        <identifiers>
          <lisID>2152</lisID>
          <bioguideId>W000815</bioguideId>
          <gpoId />
        </identifiers>
        <firstName>Brad</firstName>
        <fullName>Rep. Wenstrup, Brad R. [R-OH-2]</fullName>
        <bioguideId>W000815</bioguideId>
        <sponsorshipDate>2014-01-27</sponsorshipDate>
        <middleName>R.</middleName>
        <isOriginalCosponsor>False</isOriginalCosponsor>
        <sponsorshipWithdrawnDate />
      </item>
      <item>
        <lastName>Stivers</lastName>
        <identifiers>
          <gpoId>8105</gpoId>
          <lisID>2047</lisID>
          <bioguideId>S001187</bioguideId>
        </identifiers>
        <firstName>Steve</firstName>
        <fullName>Rep. Stivers, Steve [R-OH-15]</fullName>
        <bioguideId>S001187</bioguideId>
        <sponsorshipDate>2014-01-28</sponsorshipDate>
        <middleName />
        <isOriginalCosponsor>False</isOriginalCosponsor>
        <sponsorshipWithdrawnDate />
      </item>
      <item>
        <lastName>MCGOVERN</lastName>
        <identifiers>
          <gpoId>7968</gpoId>
          <lisID>1504</lisID>
          <bioguideId>M000312</bioguideId>
        </identifiers>
        <firstName>JAMES</firstName>
        <fullName>Rep. McGovern, James P. [D-MA-2]</fullName>
        <bioguideId>M000312</bioguideId>
        <sponsorshipDate>2014-03-27</sponsorshipDate>
        <middleName>P.</middleName>
        <isOriginalCosponsor>False</isOriginalCosponsor>
        <sponsorshipWithdrawnDate />
      </item>
      <item>
        <lastName>Palazzo</lastName>
        <identifiers>
          <bioguideId>P000601</bioguideId>
          <lisID>2035</lisID>
          <gpoId>8022</gpoId>
        </identifiers>
        <firstName>Steven</firstName>
        <fullName>Rep. Palazzo, Steven M. [R-MS-4]</fullName>
        <bioguideId>P000601</bioguideId>
        <sponsorshipDate>2014-03-27</sponsorshipDate>
        <middleName>M.</middleName>
        <isOriginalCosponsor>False</isOriginalCosponsor>
        <sponsorshipWithdrawnDate />
      </item>
      <item>
        <lastName>CHABOT</lastName>
        <identifiers>
          <gpoId>8091</gpoId>
          <bioguideId>C000266</bioguideId>
          <lisID>186</lisID>
        </identifiers>
        <firstName>STEVE</firstName>
        <fullName>Rep. Chabot, Steve [R-OH-1]</fullName>
        <bioguideId>C000266</bioguideId>
        <sponsorshipDate>2014-03-27</sponsorshipDate>
        <middleName />
        <isOriginalCosponsor>False</isOriginalCosponsor>
        <sponsorshipWithdrawnDate />
      </item>
      <item>
        <lastName>Forbes</lastName>
        <identifiers>
          <gpoId>8786</gpoId>
          <lisID>1683</lisID>
          <bioguideId>F000445</bioguideId>
        </identifiers>
        <firstName>J.</firstName>
        <fullName>Rep. Forbes, J. Randy [R-VA-4]</fullName>
        <bioguideId>F000445</bioguideId>
        <sponsorshipDate>2014-04-07</sponsorshipDate>
        <middleName>Randy</middleName>
        <isOriginalCosponsor>False</isOriginalCosponsor>
        <sponsorshipWithdrawnDate />
      </item>
      <item>
        <lastName>DOYLE</lastName>
        <identifiers>
          <gpoId>8132</gpoId>
          <lisID>316</lisID>
          <bioguideId>D000482</bioguideId>
        </identifiers>
        <firstName>MIKE</firstName>
        <fullName>Rep. Doyle, Michael F. [D-PA-14]</fullName>
        <bioguideId>D000482</bioguideId>
        <sponsorshipDate>2014-04-07</sponsorshipDate>
        <middleName />
        <isOriginalCosponsor>False</isOriginalCosponsor>
        <sponsorshipWithdrawnDate />
      </item>
      <item>
        <lastName>Kilmer</lastName>
        <identifiers>
          <lisID>2169</lisID>
          <bioguideId>K000381</bioguideId>
          <gpoId />
        </identifiers>
        <firstName>Derek</firstName>
        <fullName>Rep. Kilmer, Derek [D-WA-6]</fullName>
        <bioguideId>K000381</bioguideId>
        <sponsorshipDate>2014-05-08</sponsorshipDate>
        <middleName />
        <isOriginalCosponsor>False</isOriginalCosponsor>
        <sponsorshipWithdrawnDate />
      </item>
      <item>
        <lastName>Beatty</lastName>
        <identifiers>
          <gpoId />
          <bioguideId>B001281</bioguideId>
          <lisID>2153</lisID>
        </identifiers>
        <firstName>Joyce</firstName>
        <fullName>Rep. Beatty, Joyce [D-OH-3]</fullName>
        <bioguideId>B001281</bioguideId>
        <sponsorshipDate>2014-05-22</sponsorshipDate>
        <middleName />
        <isOriginalCosponsor>False</isOriginalCosponsor>
        <sponsorshipWithdrawnDate />
      </item>
      <item>
        <lastName>Bera</lastName>
        <identifiers>
          <lisID>2102</lisID>
          <bioguideId>B001287</bioguideId>
          <gpoId />
        </identifiers>
        <firstName>Ami</firstName>
        <fullName>Rep. Bera, Ami [D-CA-7]</fullName>
        <bioguideId>B001287</bioguideId>
        <sponsorshipDate>2014-05-22</sponsorshipDate>
        <middleName />
        <isOriginalCosponsor>False</isOriginalCosponsor>
        <sponsorshipWithdrawnDate />
      </item>
      <item>
        <lastName>Paulsen</lastName>
        <identifiers>
          <bioguideId>P000594</bioguideId>
          <lisID>1930</lisID>
          <gpoId>8003</gpoId>
        </identifiers>
        <firstName>Erik</firstName>
        <fullName>Rep. Paulsen, Erik [R-MN-3]</fullName>
        <bioguideId>P000594</bioguideId>
        <sponsorshipDate>2014-06-02</sponsorshipDate>
        <middleName />
        <isOriginalCosponsor>False</isOriginalCosponsor>
        <sponsorshipWithdrawnDate />
      </item>
      <item>
        <lastName>TERRY</lastName>
        <identifiers>
          <lisID>1566</lisID>
          <gpoId>8039</gpoId>
          <bioguideId>T000459</bioguideId>
        </identifiers>
        <firstName>LEE</firstName>
        <fullName>Rep. Terry, Lee [R-NE-2]</fullName>
        <bioguideId>T000459</bioguideId>
        <sponsorshipDate>2014-06-26</sponsorshipDate>
        <middleName />
        <isOriginalCosponsor>False</isOriginalCosponsor>
        <sponsorshipWithdrawnDate />
      </item>
      <item>
        <lastName>SCHAKOWSKY</lastName>
        <identifiers>
          <lisID>1588</lisID>
          <bioguideId>S001145</bioguideId>
          <gpoId>7929</gpoId>
        </identifiers>
        <firstName>JANICE</firstName>
        <fullName>Rep. Schakowsky, Janice D. [D-IL-9]</fullName>
        <bioguideId>S001145</bioguideId>
        <sponsorshipDate>2014-07-11</sponsorshipDate>
        <middleName>D.</middleName>
        <isOriginalCosponsor>False</isOriginalCosponsor>
        <sponsorshipWithdrawnDate />
      </item>
      <item>
        <lastName>ROYBAL-ALLARD</lastName>
        <identifiers>
          <lisID>997</lisID>
          <gpoId>7839</gpoId>
          <bioguideId>R000486</bioguideId>
        </identifiers>
        <firstName>LUCILLE</firstName>
        <fullName>Rep. Roybal-Allard, Lucille [D-CA-40]</fullName>
        <bioguideId>R000486</bioguideId>
        <sponsorshipDate>2014-07-11</sponsorshipDate>
        <middleName />
        <isOriginalCosponsor>False</isOriginalCosponsor>
        <sponsorshipWithdrawnDate />
      </item>
      <item>
        <lastName>Lipinski</lastName>
        <identifiers>
          <gpoId>7923</gpoId>
          <bioguideId>L000563</bioguideId>
          <lisID>1781</lisID>
        </identifiers>
        <firstName>Daniel</firstName>
        <fullName>Rep. Lipinski, Daniel [D-IL-3]</fullName>
        <bioguideId>L000563</bioguideId>
        <sponsorshipDate>2014-11-12</sponsorshipDate>
        <middleName>William</middleName>
        <isOriginalCosponsor>False</isOriginalCosponsor>
        <sponsorshipWithdrawnDate />
      </item>
      <item>
        <lastName>Heck</lastName>
        <identifiers>
          <lisID>2170</lisID>
          <bioguideId>H001064</bioguideId>
          <gpoId />
        </identifiers>
        <firstName>Denny</firstName>
        <fullName>Rep. Heck, Denny [D-WA-10]</fullName>
        <bioguideId>H001064</bioguideId>
        <sponsorshipDate>2014-11-13</sponsorshipDate>
        <middleName />
        <isOriginalCosponsor>False</isOriginalCosponsor>
        <sponsorshipWithdrawnDate />
      </item>
    </cosponsors>
    <cboCostEstimates />
    <latestAction>
      <text>Referred to the Subcommittee on Health.</text>
      <actionDate>2013-04-11</actionDate>
      <links />
    </latestAction>
    <committeeReports />
    <title>Consistency, Accuracy, Responsibility, and Excellence in Medical Imaging and Radiation Therapy Act of 2013</title>
    <amendments />
    <laws />
    <billNumber>1146</billNumber>
  </bill>
  <dublinCore xmlns:dc="http://purl.org/dc/elements/1.1/">
    <dc:format>text/xml</dc:format>
    <dc:language>EN</dc:language>
    <dc:rights>Pursuant to Title 17 Section 105 of the United States Code, this file is not subject to copyright protection and is in the public domain.</dc:rights>
    <dc:contributor>Congressional Research Service, Library of Congress</dc:contributor>
    <dc:description>This file contains bill summaries and statuses for federal legislation. A bill summary describes the most significant provisions of a piece of legislation and details the effects the legislative text may have on current law and federal programs. Bill summaries are authored by the Congressional Research Service (CRS) of the Library of Congress. As stated in Public Law 91-510 (2 USC 166 (d)(6)), one of the duties of CRS is "to prepare summaries and digests of bills and resolutions of a public general nature introduced in the Senate or House of Representatives". For more information, refer to the User Guide that accompanies this file.</dc:description>
  </dublinCore>
</billStatus>

