<?xml version="1.0" encoding="UTF-8"?>
<billStatus>
  <bill>
    <relatedBills />
    <policyArea>
      <name>Education</name>
    </policyArea>
    <congress>113</congress>
    <cboCostEstimates />
    <laws />
    <billNumber>700</billNumber>
    <notes />
    <originChamber>House</originChamber>
    <constitutionalAuthorityStatementText><![CDATA[<pre>By Mr. GEORGE MILLER of California:H.R. 700.Congress has the power to enact this legislation pursuantto the following:Article I, Section 8[Page H548]</pre>]]></constitutionalAuthorityStatementText>
    <latestAction>
      <actionDate>2013-04-23</actionDate>
      <text>Referred to the Subcommittee on Early Childhood, Elementary, and Secondary Education.</text>
      <links />
    </latestAction>
    <updateDate>2016-10-25T15:59:12Z</updateDate>
    <calendarNumbers />
    <titles>
      <item>
        <parentTitleType />
        <title>ARPA-ED Act</title>
        <chamberName />
        <titleType>Short Titles as Introduced</titleType>
        <chamberCode />
      </item>
      <item>
        <parentTitleType />
        <title>To direct the Secretary of Education to carry out the Advanced Research Projects Agency-Education to fund directed development projects to support targeted breakthroughs in teaching and learning.</title>
        <chamberName />
        <titleType>Official Title as Introduced</titleType>
        <chamberCode />
      </item>
      <item>
        <parentTitleType />
        <title>ARPA-ED Act</title>
        <chamberName />
        <titleType>Display Title</titleType>
        <chamberCode />
      </item>
    </titles>
    <title>ARPA-ED Act</title>
    <committeeReports />
    <sponsors>
      <item>
        <bioguideId>M000725</bioguideId>
        <fullName>Rep. Miller, George [D-CA-11]</fullName>
        <identifiers>
          <bioguideId>M000725</bioguideId>
          <lisID>808</lisID>
          <gpoId>7812</gpoId>
        </identifiers>
        <byRequestType />
        <middleName />
        <firstName>GEORGE</firstName>
        <lastName>MILLER</lastName>
      </item>
    </sponsors>
    <introducedDate>2013-02-14</introducedDate>
    <createDate>2013-02-15T07:00:52Z</createDate>
    <committees>
      <billCommittees>
        <item>
          <subcommittees>
            <item>
              <systemCode>hsed14</systemCode>
              <activities>
                <item>
                  <name>Referred to</name>
                  <date>2013-04-23T15:51:37Z</date>
                </item>
              </activities>
              <name>Early Childhood, Elementary, and Secondary Education Subcommittee</name>
            </item>
          </subcommittees>
          <activities>
            <item>
              <name>Referred to</name>
              <date>2013-02-14T15:03:40Z</date>
            </item>
          </activities>
          <type>Standing</type>
          <systemCode>hsed00</systemCode>
          <chamber>House</chamber>
          <name>Education and the Workforce Committee</name>
        </item>
      </billCommittees>
    </committees>
    <cosponsors>
      <item>
        <bioguideId>P000598</bioguideId>
        <fullName>Rep. Polis, Jared [D-CO-2]</fullName>
        <lastName>Polis</lastName>
        <firstName>Jared</firstName>
        <sponsorshipWithdrawnDate />
        <sponsorshipDate>2013-10-23</sponsorshipDate>
        <middleName />
        <isOriginalCosponsor>False</isOriginalCosponsor>
        <identifiers>
          <gpoId>7860</gpoId>
          <lisID>1910</lisID>
          <bioguideId>P000598</bioguideId>
        </identifiers>
      </item>
    </cosponsors>
    <billType>HR</billType>
    <summaries>
      <billSummaries>
        <item>
          <actionDesc>Introduced in House</actionDesc>
          <actionDate>2013-02-14</actionDate>
          <updateDate>2013-02-14T05:00:00Z</updateDate>
          <versionCode>00</versionCode>
          <lastSummaryUpdateDate>2013-03-08T19:18:34Z</lastSummaryUpdateDate>
          <name>Introduced in House</name>
          <text><![CDATA[<p>ARPA-ED Act - Authorizes the Secretary of Education to reserve up to 30% of amounts appropriated for the Investing in Innovation Fund under the American Recovery and Reinvestment Act of 2009 to establish and carry out the objectives of the Advanced Research Projects Agency-Education (ARPA-ED). </p> <p>Requires the Secretary to appoint to the ARPA-ED, for terms of up to four years, individuals who have expertise in carrying out the Agency's objectives.</p> <p>Requires the ARPA-ED to: (1) identify and promote advances in learning, fundamental and applied sciences, and engineering that may be translated into new learning technologies; (2) develop, test, and evaluate new learning technologies and related processes; and (3) accelerate transformational technological advances in education.</p> <p>Directs the Secretary to award grants, contracts, cooperative agreements, or cash prizes to, or enter into other transactions with, public or private entities in pursuit of these objectives.</p> <p>Directs the Secretary to: (1) convene an advisory panel to provide the Secretary and the ARPA-ED with advice in making those awards or entering into those transactions; (2) obtain independent, periodic, and rigorous evaluations of the ARPA-ED's effectiveness; and (3) disseminate information to education practitioners on effective practices and technologies developed through the ARPA-ED.</p>]]></text>
        </item>
      </billSummaries>
    </summaries>
    <recordedVotes />
    <amendments />
    <actions>
      <actionTypeCounts>
        <billReferrals>1</billReferrals>
        <placeholderTextForH>1</placeholderTextForH>
        <introducedInHouse>1</introducedInHouse>
        <introducedInTheHouse>1</introducedInTheHouse>
      </actionTypeCounts>
      <actionByCounts>
        <houseOfRepresentatives>4</houseOfRepresentatives>
      </actionByCounts>
      <item>
        <actionDate>2013-04-23</actionDate>
        <committee>
          <name>Early Childhood, Elementary, and Secondary Education Subcommittee</name>
          <systemCode>hsed14</systemCode>
        </committee>
        <links />
        <sourceSystem>
          <name>House committee actions</name>
          <code>1</code>
        </sourceSystem>
        <text>Referred to the Subcommittee on Early Childhood, Elementary, and Secondary Education.</text>
        <type>Committee</type>
      </item>
      <item>
        <committee>
          <name>Education and the Workforce Committee</name>
          <systemCode>hsed00</systemCode>
        </committee>
        <sourceSystem>
          <name>House floor actions</name>
          <code>2</code>
        </sourceSystem>
        <type>IntroReferral</type>
        <text>Referred to the House Committee on Education and the Workforce.</text>
        <actionDate>2013-02-14</actionDate>
        <links />
        <actionCode>H11100</actionCode>
      </item>
      <item>
        <committee />
        <sourceSystem>
          <name>Library of Congress</name>
          <code>9</code>
        </sourceSystem>
        <type>IntroReferral</type>
        <text>Introduced in House</text>
        <actionDate>2013-02-14</actionDate>
        <links />
        <actionCode>Intro-H</actionCode>
      </item>
      <item>
        <committee />
        <sourceSystem>
          <name>Library of Congress</name>
          <code>9</code>
        </sourceSystem>
        <type>IntroReferral</type>
        <text>Introduced in House</text>
        <actionDate>2013-02-14</actionDate>
        <links />
        <actionCode>1000</actionCode>
      </item>
    </actions>
    <subjects>
      <billSubjects>
        <policyArea>
          <name>Education</name>
        </policyArea>
        <legislativeSubjects>
          <item>
            <name>Advanced technology and technological innovations</name>
          </item>
          <item>
            <name>Advisory bodies</name>
          </item>
          <item>
            <name>Department of Education</name>
          </item>
          <item>
            <name>Education programs funding</name>
          </item>
          <item>
            <name>Educational technology and distance education</name>
          </item>
          <item>
            <name>Elementary and secondary education</name>
          </item>
          <item>
            <name>Executive agency funding and structure</name>
          </item>
          <item>
            <name>Government employee pay, benefits, personnel management</name>
          </item>
          <item>
            <name>Higher education</name>
          </item>
          <item>
            <name>Performance measurement</name>
          </item>
          <item>
            <name>Research administration and funding</name>
          </item>
          <item>
            <name>Research and development</name>
          </item>
          <item>
            <name>Teaching, teachers, curricula</name>
          </item>
          <item>
            <name>Technology assessment</name>
          </item>
        </legislativeSubjects>
      </billSubjects>
    </subjects>
  </bill>
  <dublinCore xmlns:dc="http://purl.org/dc/elements/1.1/">
    <dc:format>text/xml</dc:format>
    <dc:language>EN</dc:language>
    <dc:rights>Pursuant to Title 17 Section 105 of the United States Code, this file is not subject to copyright protection and is in the public domain.</dc:rights>
    <dc:contributor>Congressional Research Service, Library of Congress</dc:contributor>
    <dc:description>This file contains bill summaries and statuses for federal legislation. A bill summary describes the most significant provisions of a piece of legislation and details the effects the legislative text may have on current law and federal programs. Bill summaries are authored by the Congressional Research Service (CRS) of the Library of Congress. As stated in Public Law 91-510 (2 USC 166 (d)(6)), one of the duties of CRS is "to prepare summaries and digests of bills and resolutions of a public general nature introduced in the Senate or House of Representatives". For more information, refer to the User Guide that accompanies this file.</dc:description>
  </dublinCore>
</billStatus>

