<?xml version="1.0" encoding="UTF-8"?>
<billStatus>
  <bill>
    <actions>
      <actionTypeCounts>
        <billReferralsAggregate>1</billReferralsAggregate>
        <billReferrals>2</billReferrals>
        <placeholderTextForH>1</placeholderTextForH>
        <placeholderTextForB>1</placeholderTextForB>
        <introducedInTheHouse>1</introducedInTheHouse>
        <introducedInHouse>1</introducedInHouse>
      </actionTypeCounts>
      <actionByCounts>
        <houseOfRepresentatives>6</houseOfRepresentatives>
      </actionByCounts>
      <item>
        <actionDate>2013-01-30</actionDate>
        <committee>
          <name>Aviation Subcommittee</name>
          <systemCode>hspw05</systemCode>
        </committee>
        <links />
        <sourceSystem>
          <name>House committee actions</name>
          <code>1</code>
        </sourceSystem>
        <text>Referred to the Subcommittee on Aviation.</text>
        <type>Committee</type>
      </item>
      <item>
        <committee>
          <name>Transportation and Infrastructure Committee</name>
          <systemCode>hspw00</systemCode>
        </committee>
        <sourceSystem>
          <name>House floor actions</name>
          <code>2</code>
        </sourceSystem>
        <type>IntroReferral</type>
        <text>Referred to House Transportation and Infrastructure</text>
        <actionDate>2013-01-29</actionDate>
        <links />
        <actionCode>H11100</actionCode>
      </item>
      <item>
        <committee />
        <sourceSystem>
          <name>Library of Congress</name>
          <code>9</code>
        </sourceSystem>
        <type>IntroReferral</type>
        <text>Referred to the Committee on Oversight and Government Reform, and in addition to the Committee on Transportation and Infrastructure, for a period to be subsequently determined by the Speaker, in each case for consideration of such provisions as fall within the jurisdiction of the committee concerned.</text>
        <actionDate>2013-01-29</actionDate>
        <links />
        <actionCode>H11100-A</actionCode>
      </item>
      <item>
        <committee>
          <name>Oversight and Government Reform Committee</name>
          <systemCode>hsgo00</systemCode>
        </committee>
        <sourceSystem>
          <name>House floor actions</name>
          <code>2</code>
        </sourceSystem>
        <type>IntroReferral</type>
        <text>Referred to House Oversight and Government Reform</text>
        <actionDate>2013-01-29</actionDate>
        <links />
        <actionCode>H11100</actionCode>
      </item>
      <item>
        <committee />
        <sourceSystem>
          <name>Library of Congress</name>
          <code>9</code>
        </sourceSystem>
        <type>IntroReferral</type>
        <text>Sponsor introductory remarks on measure. (CR E74-75)</text>
        <actionDate>2013-01-29</actionDate>
        <links>
          <link>
            <name>E74-75</name>
            <url>/congressional-record/2013/extensions-of-remarks-section/page/E74-75</url>
          </link>
        </links>
        <actionCode>B00100</actionCode>
      </item>
      <item>
        <committee />
        <sourceSystem>
          <name>Library of Congress</name>
          <code>9</code>
        </sourceSystem>
        <type>IntroReferral</type>
        <text>Introduced in House</text>
        <actionDate>2013-01-29</actionDate>
        <links />
        <actionCode>Intro-H</actionCode>
      </item>
      <item>
        <committee />
        <sourceSystem>
          <name>Library of Congress</name>
          <code>9</code>
        </sourceSystem>
        <type>IntroReferral</type>
        <text>Introduced in House</text>
        <actionDate>2013-01-29</actionDate>
        <links />
        <actionCode>1000</actionCode>
      </item>
    </actions>
    <title>To ensure that the Metropolitan Washington Airports Authority complies with certain Federal regulations and statutes.</title>
    <cosponsors />
    <sponsors>
      <item>
        <middleName>HOLMES</middleName>
        <firstName>ELEANOR</firstName>
        <byRequestType />
        <bioguideId>N000147</bioguideId>
        <fullName>Rep. Norton, Eleanor Holmes [D-DC-At Large]</fullName>
        <lastName>NORTON</lastName>
        <identifiers>
          <lisID>868</lisID>
          <bioguideId>N000147</bioguideId>
          <gpoId>7871</gpoId>
        </identifiers>
      </item>
    </sponsors>
    <subjects>
      <billSubjects>
        <policyArea>
          <name>Transportation and Public Works</name>
        </policyArea>
        <legislativeSubjects>
          <item>
            <name>Aviation and airports</name>
          </item>
          <item>
            <name>District of Columbia</name>
          </item>
          <item>
            <name>Family relationships</name>
          </item>
          <item>
            <name>Government ethics and transparency, public corruption</name>
          </item>
          <item>
            <name>Maryland</name>
          </item>
          <item>
            <name>Public contracts and procurement</name>
          </item>
          <item>
            <name>State and local government operations</name>
          </item>
          <item>
            <name>Virginia</name>
          </item>
        </legislativeSubjects>
      </billSubjects>
    </subjects>
    <updateDate>2016-10-25T15:58:18Z</updateDate>
    <originChamber>House</originChamber>
    <billNumber>439</billNumber>
    <titles>
      <item>
        <parentTitleType />
        <title>To ensure that the Metropolitan Washington Airports Authority complies with certain Federal regulations and statutes.</title>
        <chamberName />
        <chamberCode />
        <titleType>Official Title as Introduced</titleType>
      </item>
      <item>
        <parentTitleType />
        <title>To ensure that the Metropolitan Washington Airports Authority complies with certain Federal regulations and statutes.</title>
        <chamberName />
        <chamberCode />
        <titleType>Display Title</titleType>
      </item>
    </titles>
    <createDate>2013-01-30T07:00:55Z</createDate>
    <congress>113</congress>
    <introducedDate>2013-01-29</introducedDate>
    <latestAction>
      <links />
      <actionDate>2013-01-30</actionDate>
      <text>Referred to the Subcommittee on Aviation.</text>
    </latestAction>
    <laws />
    <relatedBills />
    <notes />
    <recordedVotes />
    <cboCostEstimates />
    <policyArea>
      <name>Transportation and Public Works</name>
    </policyArea>
    <billType>HR</billType>
    <constitutionalAuthorityStatementText><![CDATA[<pre>By Ms. NORTON:H.R. 439.Congress has the power to enact this legislation pursuantto the following:clause 18 of section 8 of article I of the Constitution.[Page H301]</pre>]]></constitutionalAuthorityStatementText>
    <committees>
      <billCommittees>
        <item>
          <activities>
            <item>
              <date>2013-01-29T18:01:05Z</date>
              <name>Referred to</name>
            </item>
          </activities>
          <chamber>House</chamber>
          <type>Standing</type>
          <subcommittees>
            <item>
              <activities>
                <item>
                  <date>2013-01-30T21:38:10Z</date>
                  <name>Referred to</name>
                </item>
              </activities>
              <name>Aviation Subcommittee</name>
              <systemCode>hspw05</systemCode>
            </item>
          </subcommittees>
          <name>Transportation and Infrastructure Committee</name>
          <systemCode>hspw00</systemCode>
        </item>
        <item>
          <activities>
            <item>
              <date>2013-01-29T18:01:00Z</date>
              <name>Referred to</name>
            </item>
          </activities>
          <chamber>House</chamber>
          <type>Standing</type>
          <subcommittees />
          <name>Oversight and Government Reform Committee</name>
          <systemCode>hsgo00</systemCode>
        </item>
      </billCommittees>
    </committees>
    <amendments />
    <summaries>
      <billSummaries>
        <item>
          <versionCode>00</versionCode>
          <name>Introduced in House</name>
          <actionDate>2013-01-29</actionDate>
          <updateDate>2013-01-29T05:00:00Z</updateDate>
          <lastSummaryUpdateDate>2013-02-28T20:11:55Z</lastSummaryUpdateDate>
          <text><![CDATA[<p>Requires the Metropolitan Washington Airports Authority (MWAA) to comply with the Federal Acquisition Regulation (which governs the government's purchase of goods and services).</p> <p>Applies to MWAA officials the prohibition against the appointment, hiring, or advancement of relatives to or in a civilian position in the agency in which the official is serving or over which he or she exercises jurisdiction or control.</p>]]></text>
          <actionDesc>Introduced in House</actionDesc>
        </item>
      </billSummaries>
    </summaries>
    <calendarNumbers />
    <committeeReports />
  </bill>
  <dublinCore xmlns:dc="http://purl.org/dc/elements/1.1/">
    <dc:format>text/xml</dc:format>
    <dc:language>EN</dc:language>
    <dc:rights>Pursuant to Title 17 Section 105 of the United States Code, this file is not subject to copyright protection and is in the public domain.</dc:rights>
    <dc:contributor>Congressional Research Service, Library of Congress</dc:contributor>
    <dc:description>This file contains bill summaries and statuses for federal legislation. A bill summary describes the most significant provisions of a piece of legislation and details the effects the legislative text may have on current law and federal programs. Bill summaries are authored by the Congressional Research Service (CRS) of the Library of Congress. As stated in Public Law 91-510 (2 USC 166 (d)(6)), one of the duties of CRS is "to prepare summaries and digests of bills and resolutions of a public general nature introduced in the Senate or House of Representatives". For more information, refer to the User Guide that accompanies this file.</dc:description>
  </dublinCore>
</billStatus>

