<?xml version="1.0" encoding="UTF-8"?>
<billStatus>
  <bill>
    <constitutionalAuthorityStatementText><![CDATA[<pre>By Ms. JENKINS:H.R. 529.Congress has the power to enact this legislation pursuantto the following:Clause 1 of Section 8 of Article I of the United StatesConstitution and Amendment XVI to the United StatesConstitution.[Page H414]</pre>]]></constitutionalAuthorityStatementText>
    <sponsors>
      <item>
        <lastName>Jenkins</lastName>
        <firstName>Lynn</firstName>
        <identifiers>
          <bioguideId>J000290</bioguideId>
          <lisID>1921</lisID>
          <gpoId>7950</gpoId>
        </identifiers>
        <bioguideId>J000290</bioguideId>
        <middleName />
        <fullName>Rep. Jenkins, Lynn [R-KS-2]</fullName>
        <byRequestType />
      </item>
    </sponsors>
    <createDate>2013-02-07T07:00:55Z</createDate>
    <subjects>
      <billSubjects>
        <policyArea>
          <name>Taxation</name>
        </policyArea>
        <legislativeSubjects>
          <item>
            <name>Employee benefits and pensions</name>
          </item>
          <item>
            <name>Employment taxes</name>
          </item>
          <item>
            <name>Financial services and investments</name>
          </item>
          <item>
            <name>Higher education</name>
          </item>
          <item>
            <name>Income tax credits</name>
          </item>
          <item>
            <name>Income tax exclusion</name>
          </item>
          <item>
            <name>Student aid and college costs</name>
          </item>
        </legislativeSubjects>
      </billSubjects>
    </subjects>
    <billType>HR</billType>
    <committeeReports />
    <committees>
      <billCommittees>
        <item>
          <subcommittees />
          <chamber>House</chamber>
          <systemCode>hswm00</systemCode>
          <type>Standing</type>
          <activities>
            <item>
              <name>Referred to</name>
              <date>2013-02-06T14:00:39Z</date>
            </item>
          </activities>
          <name>Ways and Means Committee</name>
        </item>
      </billCommittees>
    </committees>
    <cboCostEstimates />
    <amendments />
    <title>Savings Enhancement for Education in College Act</title>
    <laws />
    <notes />
    <billNumber>529</billNumber>
    <originChamber>House</originChamber>
    <cosponsors>
      <item>
        <lastName>KIND</lastName>
        <sponsorshipDate>2013-02-06</sponsorshipDate>
        <firstName>RON</firstName>
        <identifiers>
          <bioguideId>K000188</bioguideId>
          <lisID>1498</lisID>
          <gpoId>8216</gpoId>
        </identifiers>
        <isOriginalCosponsor>True</isOriginalCosponsor>
        <bioguideId>K000188</bioguideId>
        <fullName>Rep. Kind, Ron [D-WI-3]</fullName>
        <middleName />
        <sponsorshipWithdrawnDate />
      </item>
      <item>
        <lastName>Johnson</lastName>
        <sponsorshipDate>2013-06-28</sponsorshipDate>
        <firstName>Henry</firstName>
        <identifiers>
          <gpoId>7901</gpoId>
          <bioguideId>J000288</bioguideId>
          <lisID>1843</lisID>
        </identifiers>
        <isOriginalCosponsor>False</isOriginalCosponsor>
        <bioguideId>J000288</bioguideId>
        <fullName>Rep. Johnson, Henry C. "Hank," Jr. [D-GA-4]</fullName>
        <middleName>C. "Hank"</middleName>
        <sponsorshipWithdrawnDate />
      </item>
      <item>
        <lastName>Kilmer</lastName>
        <sponsorshipDate>2013-06-28</sponsorshipDate>
        <firstName>Derek</firstName>
        <identifiers>
          <lisID>2169</lisID>
          <gpoId />
          <bioguideId>K000381</bioguideId>
        </identifiers>
        <isOriginalCosponsor>False</isOriginalCosponsor>
        <bioguideId>K000381</bioguideId>
        <fullName>Rep. Kilmer, Derek [D-WA-6]</fullName>
        <middleName />
        <sponsorshipWithdrawnDate />
      </item>
    </cosponsors>
    <calendarNumbers />
    <congress>113</congress>
    <summaries>
      <billSummaries>
        <item>
          <versionCode>00</versionCode>
          <actionDesc>Introduced in House</actionDesc>
          <text><![CDATA[<p>Savings Enhancement for Education in College Act - Amends the Internal Revenue Code to: (1) allow a tax credit for contributions to qualified tuition plans; and (2) allow an exclusion, up to $600, from the gross income of an employee for employer contributions to a qualified tuition program.</p>]]></text>
          <lastSummaryUpdateDate>2013-02-25T19:32:38Z</lastSummaryUpdateDate>
          <name>Introduced in House</name>
          <actionDate>2013-02-06</actionDate>
          <updateDate>2013-02-06T05:00:00Z</updateDate>
        </item>
      </billSummaries>
    </summaries>
    <policyArea>
      <name>Taxation</name>
    </policyArea>
    <titles>
      <item>
        <parentTitleType />
        <title>Savings Enhancement for Education in College Act</title>
        <chamberName />
        <titleType>Short Titles as Introduced</titleType>
        <chamberCode />
      </item>
      <item>
        <parentTitleType />
        <title>To amend the Internal Revenue Code of 1986 to allow certain individuals a credit against income tax for contributions to 529 plans, and for other purposes.</title>
        <chamberName />
        <titleType>Official Title as Introduced</titleType>
        <chamberCode />
      </item>
      <item>
        <parentTitleType />
        <title>Savings Enhancement for Education in College Act</title>
        <chamberName />
        <titleType>Display Title</titleType>
        <chamberCode />
      </item>
    </titles>
    <latestAction>
      <text>Referred to the House Committee on Ways and Means.</text>
      <actionDate>2013-02-06</actionDate>
      <links />
    </latestAction>
    <actions>
      <item>
        <actionDate>2013-02-06</actionDate>
        <committee>
          <name>Ways and Means Committee</name>
          <systemCode>hswm00</systemCode>
        </committee>
        <actionCode>H11100</actionCode>
        <links />
        <type>IntroReferral</type>
        <sourceSystem>
          <name>House floor actions</name>
          <code>2</code>
        </sourceSystem>
        <text>Referred to the House Committee on Ways and Means.</text>
      </item>
      <item>
        <actionDate>2013-02-06</actionDate>
        <committee />
        <actionCode>Intro-H</actionCode>
        <links />
        <type>IntroReferral</type>
        <sourceSystem>
          <name>Library of Congress</name>
          <code>9</code>
        </sourceSystem>
        <text>Introduced in House</text>
      </item>
      <item>
        <actionDate>2013-02-06</actionDate>
        <committee />
        <actionCode>1000</actionCode>
        <links />
        <type>IntroReferral</type>
        <sourceSystem>
          <name>Library of Congress</name>
          <code>9</code>
        </sourceSystem>
        <text>Introduced in House</text>
      </item>
      <actionByCounts>
        <houseOfRepresentatives>3</houseOfRepresentatives>
      </actionByCounts>
      <actionTypeCounts>
        <introducedInTheHouse>1</introducedInTheHouse>
        <introducedInHouse>1</introducedInHouse>
        <billReferrals>1</billReferrals>
      </actionTypeCounts>
    </actions>
    <updateDate>2016-10-25T15:58:35Z</updateDate>
    <recordedVotes />
    <introducedDate>2013-02-06</introducedDate>
    <relatedBills>
      <item>
        <latestAction>
          <actionDate>2014-09-18</actionDate>
          <text>Read twice and referred to the Committee on Finance. (text of measure as introduced: CR S5789)</text>
        </latestAction>
        <type>S</type>
        <congress>113</congress>
        <relationshipDetails>
          <item>
            <type>Related bill</type>
            <identifiedBy>CRS</identifiedBy>
          </item>
        </relationshipDetails>
        <number>2882</number>
        <latestTitle>Enhanced 529 - S.A.V.E. Act</latestTitle>
      </item>
    </relatedBills>
  </bill>
  <dublinCore xmlns:dc="http://purl.org/dc/elements/1.1/">
    <dc:format>text/xml</dc:format>
    <dc:language>EN</dc:language>
    <dc:rights>Pursuant to Title 17 Section 105 of the United States Code, this file is not subject to copyright protection and is in the public domain.</dc:rights>
    <dc:contributor>Congressional Research Service, Library of Congress</dc:contributor>
    <dc:description>This file contains bill summaries and statuses for federal legislation. A bill summary describes the most significant provisions of a piece of legislation and details the effects the legislative text may have on current law and federal programs. Bill summaries are authored by the Congressional Research Service (CRS) of the Library of Congress. As stated in Public Law 91-510 (2 USC 166 (d)(6)), one of the duties of CRS is "to prepare summaries and digests of bills and resolutions of a public general nature introduced in the Senate or House of Representatives". For more information, refer to the User Guide that accompanies this file.</dc:description>
  </dublinCore>
</billStatus>

