<?xml version="1.0" encoding="UTF-8"?>
<billStatus>
  <bill>
    <actions>
      <item>
        <sourceSystem>
          <code>2</code>
          <name>House floor actions</name>
        </sourceSystem>
        <actionDate>2013-02-06</actionDate>
        <committee>
          <systemCode>hsfa00</systemCode>
          <name>Foreign Affairs Committee</name>
        </committee>
        <actionCode>H11100</actionCode>
        <type>IntroReferral</type>
        <links />
        <text>Referred to the House Committee on Foreign Affairs.</text>
      </item>
      <item>
        <sourceSystem>
          <code>9</code>
          <name>Library of Congress</name>
        </sourceSystem>
        <actionDate>2013-02-06</actionDate>
        <committee />
        <actionCode>Intro-H</actionCode>
        <type>IntroReferral</type>
        <links />
        <text>Introduced in House</text>
      </item>
      <item>
        <sourceSystem>
          <code>9</code>
          <name>Library of Congress</name>
        </sourceSystem>
        <actionDate>2013-02-06</actionDate>
        <committee />
        <actionCode>1000</actionCode>
        <type>IntroReferral</type>
        <links />
        <text>Introduced in House</text>
      </item>
      <actionByCounts>
        <houseOfRepresentatives>3</houseOfRepresentatives>
      </actionByCounts>
      <actionTypeCounts>
        <introducedInHouse>1</introducedInHouse>
        <billReferrals>1</billReferrals>
        <introducedInTheHouse>1</introducedInTheHouse>
      </actionTypeCounts>
    </actions>
    <title>Invest in America First Act of 2013</title>
    <cosponsors>
      <item>
        <bioguideId>B001248</bioguideId>
        <fullName>Rep. Burgess, Michael C. [R-TX-26]</fullName>
        <lastName>Burgess</lastName>
        <firstName>Michael</firstName>
        <sponsorshipWithdrawnDate />
        <sponsorshipDate>2013-02-15</sponsorshipDate>
        <middleName>C.</middleName>
        <isOriginalCosponsor>False</isOriginalCosponsor>
        <identifiers>
          <gpoId>8182</gpoId>
          <bioguideId>B001248</bioguideId>
          <lisID>1751</lisID>
        </identifiers>
      </item>
      <item>
        <bioguideId>B001269</bioguideId>
        <fullName>Rep. Barletta, Lou [R-PA-11]</fullName>
        <lastName>Barletta</lastName>
        <firstName>Lou</firstName>
        <sponsorshipWithdrawnDate />
        <sponsorshipDate>2013-02-15</sponsorshipDate>
        <middleName />
        <isOriginalCosponsor>False</isOriginalCosponsor>
        <identifiers>
          <gpoId>8129</gpoId>
          <bioguideId>B001269</bioguideId>
          <lisID>2054</lisID>
        </identifiers>
      </item>
      <item>
        <bioguideId>P000599</bioguideId>
        <fullName>Rep. Posey, Bill [R-FL-8]</fullName>
        <lastName>Posey</lastName>
        <firstName>Bill</firstName>
        <sponsorshipWithdrawnDate />
        <sponsorshipDate>2013-03-12</sponsorshipDate>
        <middleName />
        <isOriginalCosponsor>False</isOriginalCosponsor>
        <identifiers>
          <lisID>1915</lisID>
          <gpoId>7887</gpoId>
          <bioguideId>P000599</bioguideId>
        </identifiers>
      </item>
    </cosponsors>
    <sponsors>
      <item>
        <middleName />
        <firstName>Larry</firstName>
        <byRequestType />
        <bioguideId>B001275</bioguideId>
        <fullName>Rep. Bucshon, Larry [R-IN-8]</fullName>
        <lastName>Bucshon</lastName>
        <identifiers>
          <lisID>2018</lisID>
          <gpoId>7947</gpoId>
          <bioguideId>B001275</bioguideId>
        </identifiers>
      </item>
    </sponsors>
    <subjects>
      <billSubjects>
        <policyArea>
          <name>International Affairs</name>
        </policyArea>
        <legislativeSubjects>
          <item>
            <name>Economic performance and conditions</name>
          </item>
          <item>
            <name>Foreign aid and international relief</name>
          </item>
        </legislativeSubjects>
      </billSubjects>
    </subjects>
    <updateDate>2016-10-25T15:58:35Z</updateDate>
    <originChamber>House</originChamber>
    <billNumber>528</billNumber>
    <titles>
      <item>
        <parentTitleType />
        <title>Invest in America First Act of 2013</title>
        <chamberName />
        <titleType>Short Titles as Introduced</titleType>
        <chamberCode />
      </item>
      <item>
        <parentTitleType />
        <title>To prohibit foreign assistance to countries with a gross domestic product of $1,500,000,000,000 or more.</title>
        <chamberName />
        <titleType>Official Title as Introduced</titleType>
        <chamberCode />
      </item>
      <item>
        <parentTitleType />
        <title>Invest in America First Act of 2013</title>
        <chamberName />
        <titleType>Display Title</titleType>
        <chamberCode />
      </item>
    </titles>
    <createDate>2013-02-07T07:00:55Z</createDate>
    <congress>113</congress>
    <introducedDate>2013-02-06</introducedDate>
    <latestAction>
      <links />
      <actionDate>2013-02-06</actionDate>
      <text>Referred to the House Committee on Foreign Affairs.</text>
    </latestAction>
    <laws />
    <relatedBills />
    <notes />
    <recordedVotes />
    <cboCostEstimates />
    <policyArea>
      <name>International Affairs</name>
    </policyArea>
    <billType>HR</billType>
    <constitutionalAuthorityStatementText><![CDATA[<pre>By Mr. BUCSHON:H.R. 528.Congress has the power to enact this legislation pursuantto the following:This bill is enacted pursuant to the powers granted toCongress under Article 1, Section 8, Clauses 1 and 2.[Page H414]</pre>]]></constitutionalAuthorityStatementText>
    <committees>
      <billCommittees>
        <item>
          <systemCode>hsfa00</systemCode>
          <subcommittees />
          <chamber>House</chamber>
          <type>Standing</type>
          <name>Foreign Affairs Committee</name>
          <activities>
            <item>
              <name>Referred to</name>
              <date>2013-02-06T14:10:00Z</date>
            </item>
          </activities>
        </item>
      </billCommittees>
    </committees>
    <amendments />
    <summaries>
      <billSummaries>
        <item>
          <updateDate>2013-02-06T05:00:00Z</updateDate>
          <text><![CDATA[<p>Invest in America First Act of 2013 - Prohibits foreign assistance from being provided to a country with a GDP of $1.5 trillion or more. </p> <p>Exempts from such prohibition military, security, or humanitarian assistance.</p> <p>Defines &quot;GDP&quot; as a country's gross domestic product on a purchasing power parity basis divided by the population of the country, as determined by the most recent publication of the Central Intelligence Agency's (CIA) The World Factbook.</p>]]></text>
          <actionDate>2013-02-06</actionDate>
          <actionDesc>Introduced in House</actionDesc>
          <name>Introduced in House</name>
          <lastSummaryUpdateDate>2013-02-26T20:29:53Z</lastSummaryUpdateDate>
          <versionCode>00</versionCode>
        </item>
      </billSummaries>
    </summaries>
    <calendarNumbers />
    <committeeReports />
  </bill>
  <dublinCore xmlns:dc="http://purl.org/dc/elements/1.1/">
    <dc:format>text/xml</dc:format>
    <dc:language>EN</dc:language>
    <dc:rights>Pursuant to Title 17 Section 105 of the United States Code, this file is not subject to copyright protection and is in the public domain.</dc:rights>
    <dc:contributor>Congressional Research Service, Library of Congress</dc:contributor>
    <dc:description>This file contains bill summaries and statuses for federal legislation. A bill summary describes the most significant provisions of a piece of legislation and details the effects the legislative text may have on current law and federal programs. Bill summaries are authored by the Congressional Research Service (CRS) of the Library of Congress. As stated in Public Law 91-510 (2 USC 166 (d)(6)), one of the duties of CRS is "to prepare summaries and digests of bills and resolutions of a public general nature introduced in the Senate or House of Representatives". For more information, refer to the User Guide that accompanies this file.</dc:description>
  </dublinCore>
</billStatus>

