<?xml version="1.0" encoding="UTF-8"?>
<billStatus>
  <bill>
    <cosponsors>
      <item>
        <sponsorshipWithdrawnDate />
        <bioguideId>C001051</bioguideId>
        <fullName>Rep. Carter, John R. [R-TX-31]</fullName>
        <lastName>Carter</lastName>
        <isOriginalCosponsor>False</isOriginalCosponsor>
        <identifiers>
          <gpoId>8187</gpoId>
          <bioguideId>C001051</bioguideId>
          <lisID>1752</lisID>
        </identifiers>
        <middleName>R.</middleName>
        <sponsorshipDate>2013-02-25</sponsorshipDate>
        <firstName>John</firstName>
      </item>
      <item>
        <sponsorshipWithdrawnDate />
        <bioguideId>S000018</bioguideId>
        <fullName>Rep. Salmon, Matt [R-AZ-5]</fullName>
        <lastName>SALMON</lastName>
        <isOriginalCosponsor>False</isOriginalCosponsor>
        <identifiers>
          <bioguideId>S000018</bioguideId>
          <lisID>1009</lisID>
          <gpoId />
        </identifiers>
        <middleName />
        <sponsorshipDate>2013-02-25</sponsorshipDate>
        <firstName>MATT</firstName>
      </item>
    </cosponsors>
    <latestAction>
      <actionDate>2013-02-06</actionDate>
      <links />
      <text>Referred to the House Committee on Natural Resources.</text>
    </latestAction>
    <amendments />
    <laws />
    <createDate>2013-02-07T07:00:56Z</createDate>
    <summaries>
      <billSummaries>
        <item>
          <text><![CDATA[<p>Save Endangered Species Act of 2013 - Requires the Secretary of the Interior to reissue the final rule published on September 2, 2005, which allows for the taking, export or re-import, delivery, receipt, carrying, and transport, shipment, or sale in interstate or foreign commerce, in the course of a commercial activity, of U.S. captive-bred live scimitar-horned oryx, addax, or dama gazelle, including embryos, gametes, and sport-hunted trophies, as long as certain criteria are met, including that the purpose of such activity is associated with the management or transfer of live wildlife or sport hunting in a manner that contributes to increasing or sustaining captive numbers or to potential reintroduction to range countries.</p> <p>Directs the Secretary to reissue such rule without regard to any other statute or regulation that applies to issuance of such rule. Exempts such reissuance from judicial review.<br> </p>]]></text>
          <name>Introduced in House</name>
          <versionCode>00</versionCode>
          <actionDate>2013-02-06</actionDate>
          <actionDesc>Introduced in House</actionDesc>
          <lastSummaryUpdateDate>2013-02-14T16:24:58Z</lastSummaryUpdateDate>
          <updateDate>2013-02-06T05:00:00Z</updateDate>
        </item>
      </billSummaries>
    </summaries>
    <constitutionalAuthorityStatementText><![CDATA[<pre>By Mr. STOCKMAN:H.R. 576.Congress has the power to enact this legislation pursuantto the following:Article I, Section 8``The Congress shall have Power . . . To make all Lawswhich shall be necessary and proper for carrying intoExecution the foregoing Powers, and all other Powers vestedby this Constitution in the Government of the United States,or in any Department or Officer thereof.''[Page H415]</pre>]]></constitutionalAuthorityStatementText>
    <titles>
      <item>
        <chamberName />
        <chamberCode />
        <parentTitleType />
        <titleType>Short Titles as Introduced</titleType>
        <title>Save Endangered Species Act of 2013</title>
      </item>
      <item>
        <chamberName />
        <chamberCode />
        <parentTitleType />
        <titleType>Official Title as Introduced</titleType>
        <title>To save endangered species.</title>
      </item>
      <item>
        <chamberName />
        <chamberCode />
        <parentTitleType />
        <titleType>Display Title</titleType>
        <title>Save Endangered Species Act of 2013</title>
      </item>
    </titles>
    <calendarNumbers />
    <updateDate>2016-10-25T15:58:44Z</updateDate>
    <introducedDate>2013-02-06</introducedDate>
    <recordedVotes />
    <policyArea>
      <name>Animals</name>
    </policyArea>
    <subjects>
      <billSubjects>
        <policyArea>
          <name>Animals</name>
        </policyArea>
        <legislativeSubjects>
          <item>
            <name>Administrative law and regulatory procedures</name>
          </item>
          <item>
            <name>Department of the Interior</name>
          </item>
          <item>
            <name>Endangered and threatened species</name>
          </item>
          <item>
            <name>Hunting and fishing</name>
          </item>
          <item>
            <name>Mammals</name>
          </item>
        </legislativeSubjects>
      </billSubjects>
    </subjects>
    <actions>
      <item>
        <actionCode>H11100</actionCode>
        <type>IntroReferral</type>
        <text>Referred to the House Committee on Natural Resources.</text>
        <actionDate>2013-02-06</actionDate>
        <links />
        <committee>
          <systemCode>hsii00</systemCode>
          <name>Natural Resources Committee</name>
        </committee>
        <sourceSystem>
          <name>House floor actions</name>
          <code>2</code>
        </sourceSystem>
      </item>
      <item>
        <actionCode>Intro-H</actionCode>
        <type>IntroReferral</type>
        <text>Introduced in House</text>
        <actionDate>2013-02-06</actionDate>
        <links />
        <committee />
        <sourceSystem>
          <name>Library of Congress</name>
          <code>9</code>
        </sourceSystem>
      </item>
      <item>
        <actionCode>1000</actionCode>
        <type>IntroReferral</type>
        <text>Introduced in House</text>
        <actionDate>2013-02-06</actionDate>
        <links />
        <committee />
        <sourceSystem>
          <name>Library of Congress</name>
          <code>9</code>
        </sourceSystem>
      </item>
      <actionByCounts>
        <houseOfRepresentatives>3</houseOfRepresentatives>
      </actionByCounts>
      <actionTypeCounts>
        <billReferrals>1</billReferrals>
        <introducedInHouse>1</introducedInHouse>
        <introducedInTheHouse>1</introducedInTheHouse>
      </actionTypeCounts>
    </actions>
    <originChamber>House</originChamber>
    <committees>
      <billCommittees>
        <item>
          <subcommittees />
          <activities>
            <item>
              <name>Referred to</name>
              <date>2013-02-06T14:03:35Z</date>
            </item>
          </activities>
          <type>Standing</type>
          <systemCode>hsii00</systemCode>
          <chamber>House</chamber>
          <name>Natural Resources Committee</name>
        </item>
      </billCommittees>
    </committees>
    <cboCostEstimates />
    <billType>HR</billType>
    <billNumber>576</billNumber>
    <committeeReports />
    <notes />
    <title>Save Endangered Species Act of 2013</title>
    <congress>113</congress>
    <sponsors>
      <item>
        <lastName>STOCKMAN</lastName>
        <fullName>Rep. Stockman, Steve [R-TX-36]</fullName>
        <byRequestType />
        <identifiers>
          <gpoId />
          <lisID>1114</lisID>
          <bioguideId>S000937</bioguideId>
        </identifiers>
        <bioguideId>S000937</bioguideId>
        <firstName>STEVE</firstName>
        <middleName />
      </item>
    </sponsors>
    <relatedBills />
  </bill>
  <dublinCore xmlns:dc="http://purl.org/dc/elements/1.1/">
    <dc:format>text/xml</dc:format>
    <dc:language>EN</dc:language>
    <dc:rights>Pursuant to Title 17 Section 105 of the United States Code, this file is not subject to copyright protection and is in the public domain.</dc:rights>
    <dc:contributor>Congressional Research Service, Library of Congress</dc:contributor>
    <dc:description>This file contains bill summaries and statuses for federal legislation. A bill summary describes the most significant provisions of a piece of legislation and details the effects the legislative text may have on current law and federal programs. Bill summaries are authored by the Congressional Research Service (CRS) of the Library of Congress. As stated in Public Law 91-510 (2 USC 166 (d)(6)), one of the duties of CRS is "to prepare summaries and digests of bills and resolutions of a public general nature introduced in the Senate or House of Representatives". For more information, refer to the User Guide that accompanies this file.</dc:description>
  </dublinCore>
</billStatus>

