<?xml version="1.0" encoding="UTF-8"?>
<billStatus>
  <bill>
    <billNumber>833</billNumber>
    <titles>
      <item>
        <parentTitleType />
        <title>To amend title 10, United States Code, to require that the Purple Heart occupy a position of precedence above the new Distinguished Warfare Medal.</title>
        <chamberName />
        <titleType>Official Title as Introduced</titleType>
        <chamberCode />
      </item>
      <item>
        <parentTitleType />
        <title>To amend title 10, United States Code, to require that the Purple Heart occupy a position of precedence above the new Distinguished Warfare Medal.</title>
        <chamberName />
        <titleType>Display Title</titleType>
        <chamberCode />
      </item>
    </titles>
    <actions>
      <item>
        <actionDate>2013-03-14</actionDate>
        <committee>
          <name>Military Personnel Subcommittee</name>
          <systemCode>hsas02</systemCode>
        </committee>
        <links />
        <sourceSystem>
          <name>House committee actions</name>
          <code>1</code>
        </sourceSystem>
        <text>Referred to the Subcommittee on Military Personnel.</text>
        <type>Committee</type>
      </item>
      <item>
        <actionDate>2013-02-26</actionDate>
        <committee>
          <name>Armed Services Committee</name>
          <systemCode>hsas00</systemCode>
        </committee>
        <actionCode>H11100</actionCode>
        <links />
        <type>IntroReferral</type>
        <sourceSystem>
          <name>House floor actions</name>
          <code>2</code>
        </sourceSystem>
        <text>Referred to the House Committee on Armed Services.</text>
      </item>
      <item>
        <actionDate>2013-02-26</actionDate>
        <committee />
        <actionCode>Intro-H</actionCode>
        <links />
        <type>IntroReferral</type>
        <sourceSystem>
          <name>Library of Congress</name>
          <code>9</code>
        </sourceSystem>
        <text>Introduced in House</text>
      </item>
      <item>
        <actionDate>2013-02-26</actionDate>
        <committee />
        <actionCode>1000</actionCode>
        <links />
        <type>IntroReferral</type>
        <sourceSystem>
          <name>Library of Congress</name>
          <code>9</code>
        </sourceSystem>
        <text>Introduced in House</text>
      </item>
      <actionByCounts>
        <houseOfRepresentatives>4</houseOfRepresentatives>
      </actionByCounts>
      <actionTypeCounts>
        <introducedInTheHouse>1</introducedInTheHouse>
        <placeholderTextForH>1</placeholderTextForH>
        <introducedInHouse>1</introducedInHouse>
        <billReferrals>1</billReferrals>
      </actionTypeCounts>
    </actions>
    <updateDate>2016-10-25T15:59:38Z</updateDate>
    <summaries>
      <billSummaries>
        <item>
          <lastSummaryUpdateDate>2013-03-15T13:49:21Z</lastSummaryUpdateDate>
          <text><![CDATA[<p>Requires the Purple Heart to be placed in precedence above the Distinguished Warfare Medal.</p>]]></text>
          <updateDate>2013-02-26T05:00:00Z</updateDate>
          <actionDesc>Introduced in House</actionDesc>
          <name>Introduced in House</name>
          <versionCode>00</versionCode>
          <actionDate>2013-02-26</actionDate>
        </item>
      </billSummaries>
    </summaries>
    <sponsors>
      <item>
        <firstName>Duncan</firstName>
        <fullName>Rep. Hunter, Duncan D. [R-CA-50]</fullName>
        <middleName>D.</middleName>
        <bioguideId>H001048</bioguideId>
        <byRequestType />
        <lastName>Hunter</lastName>
        <identifiers>
          <bioguideId>H001048</bioguideId>
          <lisID>1909</lisID>
          <gpoId>7857</gpoId>
        </identifiers>
      </item>
    </sponsors>
    <introducedDate>2013-02-26</introducedDate>
    <notes />
    <committees>
      <billCommittees>
        <item>
          <name>Armed Services Committee</name>
          <type>Standing</type>
          <subcommittees>
            <item>
              <activities>
                <item>
                  <name>Referred to</name>
                  <date>2013-03-14T20:29:15Z</date>
                </item>
              </activities>
              <name>Military Personnel Subcommittee</name>
              <systemCode>hsas02</systemCode>
            </item>
          </subcommittees>
          <chamber>House</chamber>
          <activities>
            <item>
              <name>Referred to</name>
              <date>2013-02-26T15:03:15Z</date>
            </item>
          </activities>
          <systemCode>hsas00</systemCode>
        </item>
      </billCommittees>
    </committees>
    <congress>113</congress>
    <createDate>2013-02-27T07:00:51Z</createDate>
    <policyArea>
      <name>Armed Forces and National Security</name>
    </policyArea>
    <laws />
    <billType>HR</billType>
    <subjects>
      <billSubjects>
        <policyArea>
          <name>Armed Forces and National Security</name>
        </policyArea>
        <legislativeSubjects>
          <item>
            <name>Administrative law and regulatory procedures</name>
          </item>
          <item>
            <name>Conflicts and wars</name>
          </item>
          <item>
            <name>Department of Defense</name>
          </item>
          <item>
            <name>Military personnel and dependents</name>
          </item>
        </legislativeSubjects>
      </billSubjects>
    </subjects>
    <cosponsors>
      <item>
        <firstName>Thomas</firstName>
        <fullName>Rep. Rooney, Thomas J. [R-FL-17]</fullName>
        <identifiers>
          <gpoId>7888</gpoId>
          <bioguideId>R000583</bioguideId>
          <lisID>1916</lisID>
        </identifiers>
        <bioguideId>R000583</bioguideId>
        <sponsorshipWithdrawnDate />
        <middleName>J.</middleName>
        <isOriginalCosponsor>True</isOriginalCosponsor>
        <sponsorshipDate>2013-02-26</sponsorshipDate>
        <lastName>Rooney</lastName>
      </item>
      <item>
        <firstName>Tim</firstName>
        <fullName>Rep. Murphy, Tim [R-PA-18]</fullName>
        <identifiers>
          <gpoId>8723</gpoId>
          <bioguideId>M001151</bioguideId>
          <lisID>1744</lisID>
        </identifiers>
        <bioguideId>M001151</bioguideId>
        <sponsorshipWithdrawnDate />
        <middleName />
        <isOriginalCosponsor>True</isOriginalCosponsor>
        <sponsorshipDate>2013-02-26</sponsorshipDate>
        <lastName>Murphy</lastName>
      </item>
      <item>
        <firstName>Adam</firstName>
        <fullName>Rep. Kinzinger, Adam [R-IL-16]</fullName>
        <identifiers>
          <bioguideId>K000378</bioguideId>
          <lisID>2014</lisID>
          <gpoId>7931</gpoId>
        </identifiers>
        <bioguideId>K000378</bioguideId>
        <sponsorshipWithdrawnDate />
        <middleName />
        <isOriginalCosponsor>True</isOriginalCosponsor>
        <sponsorshipDate>2013-02-26</sponsorshipDate>
        <lastName>Kinzinger</lastName>
      </item>
      <item>
        <firstName>Joseph</firstName>
        <fullName>Rep. Heck, Joseph J. [R-NV-3]</fullName>
        <identifiers>
          <bioguideId>H001055</bioguideId>
          <lisID>2040</lisID>
          <gpoId>8061</gpoId>
        </identifiers>
        <bioguideId>H001055</bioguideId>
        <sponsorshipWithdrawnDate />
        <middleName>J.</middleName>
        <isOriginalCosponsor>True</isOriginalCosponsor>
        <sponsorshipDate>2013-02-26</sponsorshipDate>
        <lastName>Heck</lastName>
      </item>
      <item>
        <firstName>Mike</firstName>
        <fullName>Rep. Coffman, Mike [R-CO-6]</fullName>
        <identifiers>
          <bioguideId>C001077</bioguideId>
          <lisID>1912</lisID>
          <gpoId>7864</gpoId>
        </identifiers>
        <bioguideId>C001077</bioguideId>
        <sponsorshipWithdrawnDate />
        <middleName />
        <isOriginalCosponsor>False</isOriginalCosponsor>
        <sponsorshipDate>2013-02-27</sponsorshipDate>
        <lastName>Coffman</lastName>
      </item>
      <item>
        <firstName>Steven</firstName>
        <fullName>Rep. Palazzo, Steven M. [R-MS-4]</fullName>
        <identifiers>
          <lisID>2035</lisID>
          <bioguideId>P000601</bioguideId>
          <gpoId>8022</gpoId>
        </identifiers>
        <bioguideId>P000601</bioguideId>
        <sponsorshipWithdrawnDate />
        <middleName>M.</middleName>
        <isOriginalCosponsor>False</isOriginalCosponsor>
        <sponsorshipDate>2013-02-27</sponsorshipDate>
        <lastName>Palazzo</lastName>
      </item>
      <item>
        <firstName>Michael</firstName>
        <fullName>Rep. Grimm, Michael G. [R-NY-11]</fullName>
        <identifiers>
          <lisID>2041</lisID>
          <gpoId>8074</gpoId>
          <bioguideId>G000569</bioguideId>
        </identifiers>
        <bioguideId>G000569</bioguideId>
        <sponsorshipWithdrawnDate />
        <middleName>G.</middleName>
        <isOriginalCosponsor>False</isOriginalCosponsor>
        <sponsorshipDate>2013-02-27</sponsorshipDate>
        <lastName>Grimm</lastName>
      </item>
      <item>
        <firstName>C. W.</firstName>
        <fullName>Rep. Young, C. W. Bill [R-FL-13]</fullName>
        <identifiers>
          <gpoId>7882</gpoId>
          <lisID>1255</lisID>
          <bioguideId>Y000031</bioguideId>
        </identifiers>
        <bioguideId>Y000031</bioguideId>
        <sponsorshipWithdrawnDate />
        <middleName>Bill</middleName>
        <isOriginalCosponsor>False</isOriginalCosponsor>
        <sponsorshipDate>2013-02-27</sponsorshipDate>
        <lastName>Young</lastName>
      </item>
      <item>
        <firstName>KEN</firstName>
        <fullName>Rep. Calvert, Ken [R-CA-42]</fullName>
        <identifiers>
          <gpoId>7849</gpoId>
          <lisID>165</lisID>
          <bioguideId>C000059</bioguideId>
        </identifiers>
        <bioguideId>C000059</bioguideId>
        <sponsorshipWithdrawnDate />
        <middleName />
        <isOriginalCosponsor>False</isOriginalCosponsor>
        <sponsorshipDate>2013-02-27</sponsorshipDate>
        <lastName>CALVERT</lastName>
      </item>
      <item>
        <firstName>E.</firstName>
        <fullName>Rep. Rigell, E. Scott [R-VA-2]</fullName>
        <identifiers>
          <gpoId>8193</gpoId>
          <bioguideId>R000589</bioguideId>
          <lisID>2068</lisID>
        </identifiers>
        <bioguideId>R000589</bioguideId>
        <sponsorshipWithdrawnDate />
        <middleName>Scott</middleName>
        <isOriginalCosponsor>False</isOriginalCosponsor>
        <sponsorshipDate>2013-03-04</sponsorshipDate>
        <lastName>Rigell</lastName>
      </item>
      <item>
        <firstName>Michael</firstName>
        <fullName>Rep. Turner, Michael R. [R-OH-10]</fullName>
        <identifiers>
          <bioguideId>T000463</bioguideId>
          <lisID>1741</lisID>
          <gpoId>8093</gpoId>
        </identifiers>
        <bioguideId>T000463</bioguideId>
        <sponsorshipWithdrawnDate />
        <middleName>R.</middleName>
        <isOriginalCosponsor>False</isOriginalCosponsor>
        <sponsorshipDate>2013-03-04</sponsorshipDate>
        <lastName>Turner</lastName>
      </item>
      <item>
        <firstName>Richard</firstName>
        <fullName>Rep. Nugent, Richard B. [R-FL-11]</fullName>
        <identifiers>
          <bioguideId>N000185</bioguideId>
          <lisID>2001</lisID>
          <gpoId>7877</gpoId>
        </identifiers>
        <bioguideId>N000185</bioguideId>
        <sponsorshipWithdrawnDate />
        <middleName>B.</middleName>
        <isOriginalCosponsor>False</isOriginalCosponsor>
        <sponsorshipDate>2013-03-04</sponsorshipDate>
        <lastName>Nugent</lastName>
      </item>
      <item>
        <firstName>Lynn</firstName>
        <fullName>Rep. Westmoreland, Lynn A. [R-GA-3]</fullName>
        <identifiers>
          <gpoId>7900</gpoId>
          <lisID>1779</lisID>
          <bioguideId>W000796</bioguideId>
        </identifiers>
        <bioguideId>W000796</bioguideId>
        <sponsorshipWithdrawnDate />
        <middleName>A.</middleName>
        <isOriginalCosponsor>False</isOriginalCosponsor>
        <sponsorshipDate>2013-03-04</sponsorshipDate>
        <lastName>Westmoreland</lastName>
      </item>
      <item>
        <firstName>MIKE</firstName>
        <fullName>Rep. Thompson, Mike [D-CA-5]</fullName>
        <identifiers>
          <gpoId>7806</gpoId>
          <lisID>1593</lisID>
          <bioguideId>T000460</bioguideId>
        </identifiers>
        <bioguideId>T000460</bioguideId>
        <sponsorshipWithdrawnDate />
        <middleName />
        <isOriginalCosponsor>False</isOriginalCosponsor>
        <sponsorshipDate>2013-03-04</sponsorshipDate>
        <lastName>THOMPSON</lastName>
      </item>
      <item>
        <firstName>John</firstName>
        <fullName>Rep. Fleming, John [R-LA-4]</fullName>
        <identifiers>
          <lisID>1924</lisID>
          <gpoId>7962</gpoId>
          <bioguideId>F000456</bioguideId>
        </identifiers>
        <bioguideId>F000456</bioguideId>
        <sponsorshipWithdrawnDate />
        <middleName />
        <isOriginalCosponsor>False</isOriginalCosponsor>
        <sponsorshipDate>2013-03-04</sponsorshipDate>
        <lastName>Fleming</lastName>
      </item>
      <item>
        <firstName>Paul</firstName>
        <fullName>Rep. Cook, Paul [R-CA-8]</fullName>
        <identifiers>
          <gpoId />
          <bioguideId>C001094</bioguideId>
          <lisID>2103</lisID>
        </identifiers>
        <bioguideId>C001094</bioguideId>
        <sponsorshipWithdrawnDate />
        <middleName />
        <isOriginalCosponsor>False</isOriginalCosponsor>
        <sponsorshipDate>2013-03-04</sponsorshipDate>
        <lastName>Cook</lastName>
      </item>
      <item>
        <firstName>Tom</firstName>
        <fullName>Rep. Reed, Tom [R-NY-23]</fullName>
        <identifiers>
          <gpoId>8090</gpoId>
          <lisID>1982</lisID>
          <bioguideId>R000585</bioguideId>
        </identifiers>
        <bioguideId>R000585</bioguideId>
        <sponsorshipWithdrawnDate />
        <middleName />
        <isOriginalCosponsor>False</isOriginalCosponsor>
        <sponsorshipDate>2013-03-04</sponsorshipDate>
        <lastName>Reed</lastName>
      </item>
      <item>
        <firstName>David</firstName>
        <fullName>Rep. McKinley, David B. [R-WV-1]</fullName>
        <identifiers>
          <gpoId>8222</gpoId>
          <lisID>2074</lisID>
          <bioguideId>M001180</bioguideId>
        </identifiers>
        <bioguideId>M001180</bioguideId>
        <sponsorshipWithdrawnDate />
        <middleName>B.</middleName>
        <isOriginalCosponsor>False</isOriginalCosponsor>
        <sponsorshipDate>2013-03-04</sponsorshipDate>
        <lastName>McKinley</lastName>
      </item>
      <item>
        <firstName>Doug</firstName>
        <fullName>Rep. Lamborn, Doug [R-CO-5]</fullName>
        <identifiers>
          <gpoId>7863</gpoId>
          <bioguideId>L000564</bioguideId>
          <lisID>1834</lisID>
        </identifiers>
        <bioguideId>L000564</bioguideId>
        <sponsorshipWithdrawnDate />
        <middleName />
        <isOriginalCosponsor>False</isOriginalCosponsor>
        <sponsorshipDate>2013-03-04</sponsorshipDate>
        <lastName>Lamborn</lastName>
      </item>
      <item>
        <firstName>Ted</firstName>
        <fullName>Rep. Yoho, Ted S. [R-FL-3]</fullName>
        <identifiers>
          <gpoId />
          <lisID>2115</lisID>
          <bioguideId>Y000065</bioguideId>
        </identifiers>
        <bioguideId>Y000065</bioguideId>
        <sponsorshipWithdrawnDate />
        <middleName>S.</middleName>
        <isOriginalCosponsor>False</isOriginalCosponsor>
        <sponsorshipDate>2013-03-04</sponsorshipDate>
        <lastName>Yoho</lastName>
      </item>
      <item>
        <firstName>Trent</firstName>
        <fullName>Rep. Franks, Trent [R-AZ-8]</fullName>
        <identifiers>
          <bioguideId>F000448</bioguideId>
          <lisID>1707</lisID>
          <gpoId>7799</gpoId>
        </identifiers>
        <bioguideId>F000448</bioguideId>
        <sponsorshipWithdrawnDate />
        <middleName />
        <isOriginalCosponsor>False</isOriginalCosponsor>
        <sponsorshipDate>2013-03-04</sponsorshipDate>
        <lastName>Franks</lastName>
      </item>
      <item>
        <firstName>Tom</firstName>
        <fullName>Rep. Cole, Tom [R-OK-4]</fullName>
        <identifiers>
          <bioguideId>C001053</bioguideId>
          <lisID>1742</lisID>
          <gpoId>8112</gpoId>
        </identifiers>
        <bioguideId>C001053</bioguideId>
        <sponsorshipWithdrawnDate />
        <middleName />
        <isOriginalCosponsor>False</isOriginalCosponsor>
        <sponsorshipDate>2013-03-04</sponsorshipDate>
        <lastName>Cole</lastName>
      </item>
      <item>
        <firstName>Alan</firstName>
        <fullName>Rep. Nunnelee, Alan [R-MS-1]</fullName>
        <identifiers>
          <bioguideId>N000186</bioguideId>
          <lisID>2034</lisID>
          <gpoId>8019</gpoId>
        </identifiers>
        <bioguideId>N000186</bioguideId>
        <sponsorshipWithdrawnDate />
        <middleName />
        <isOriginalCosponsor>False</isOriginalCosponsor>
        <sponsorshipDate>2013-03-05</sponsorshipDate>
        <lastName>Nunnelee</lastName>
      </item>
      <item>
        <firstName>Gerald</firstName>
        <fullName>Rep. Connolly, Gerald E. [D-VA-11]</fullName>
        <identifiers>
          <lisID>1959</lisID>
          <bioguideId>C001078</bioguideId>
          <gpoId>8202</gpoId>
        </identifiers>
        <bioguideId>C001078</bioguideId>
        <sponsorshipWithdrawnDate />
        <middleName>E.</middleName>
        <isOriginalCosponsor>False</isOriginalCosponsor>
        <sponsorshipDate>2013-03-05</sponsorshipDate>
        <lastName>Connolly</lastName>
      </item>
      <item>
        <firstName>Christopher</firstName>
        <fullName>Rep. Gibson, Christopher P. [R-NY-19]</fullName>
        <identifiers>
          <lisID>2043</lisID>
          <bioguideId>G000564</bioguideId>
          <gpoId>8081</gpoId>
        </identifiers>
        <bioguideId>G000564</bioguideId>
        <sponsorshipWithdrawnDate />
        <middleName>P.</middleName>
        <isOriginalCosponsor>False</isOriginalCosponsor>
        <sponsorshipDate>2013-03-05</sponsorshipDate>
        <lastName>Gibson</lastName>
      </item>
      <item>
        <firstName>Martha</firstName>
        <fullName>Rep. Roby, Martha [R-AL-2]</fullName>
        <identifiers>
          <bioguideId>R000591</bioguideId>
          <lisID>1986</lisID>
          <gpoId>7787</gpoId>
        </identifiers>
        <bioguideId>R000591</bioguideId>
        <sponsorshipWithdrawnDate />
        <middleName />
        <isOriginalCosponsor>False</isOriginalCosponsor>
        <sponsorshipDate>2013-03-05</sponsorshipDate>
        <lastName>Roby</lastName>
      </item>
      <item>
        <firstName>Steve</firstName>
        <fullName>Rep. Stivers, Steve [R-OH-15]</fullName>
        <identifiers>
          <lisID>2047</lisID>
          <bioguideId>S001187</bioguideId>
          <gpoId>8105</gpoId>
        </identifiers>
        <bioguideId>S001187</bioguideId>
        <sponsorshipWithdrawnDate />
        <middleName />
        <isOriginalCosponsor>False</isOriginalCosponsor>
        <sponsorshipDate>2013-03-05</sponsorshipDate>
        <lastName>Stivers</lastName>
      </item>
      <item>
        <firstName>Robert</firstName>
        <fullName>Rep. Pittenger, Robert [R-NC-9]</fullName>
        <identifiers>
          <gpoId />
          <bioguideId>P000606</bioguideId>
          <lisID>2141</lisID>
        </identifiers>
        <bioguideId>P000606</bioguideId>
        <sponsorshipWithdrawnDate />
        <middleName />
        <isOriginalCosponsor>False</isOriginalCosponsor>
        <sponsorshipDate>2013-03-05</sponsorshipDate>
        <lastName>Pittenger</lastName>
      </item>
      <item>
        <firstName>Eric</firstName>
        <fullName>Rep. Crawford, Eric A. "Rick" [R-AR-1]</fullName>
        <identifiers>
          <gpoId>7793</gpoId>
          <bioguideId>C001087</bioguideId>
          <lisID>1989</lisID>
        </identifiers>
        <bioguideId>C001087</bioguideId>
        <sponsorshipWithdrawnDate />
        <middleName>A. "Rick"</middleName>
        <isOriginalCosponsor>False</isOriginalCosponsor>
        <sponsorshipDate>2013-03-05</sponsorshipDate>
        <lastName>Crawford</lastName>
      </item>
      <item>
        <firstName>Chellie</firstName>
        <fullName>Rep. Pingree, Chellie [D-ME-1]</fullName>
        <identifiers>
          <lisID>1927</lisID>
          <bioguideId>P000597</bioguideId>
          <gpoId>7984</gpoId>
        </identifiers>
        <bioguideId>P000597</bioguideId>
        <sponsorshipWithdrawnDate />
        <middleName />
        <isOriginalCosponsor>False</isOriginalCosponsor>
        <sponsorshipDate>2013-03-05</sponsorshipDate>
        <lastName>Pingree</lastName>
      </item>
      <item>
        <firstName>Jon</firstName>
        <fullName>Rep. Runyan, Jon [R-NJ-3]</fullName>
        <identifiers>
          <bioguideId>R000594</bioguideId>
          <lisID>2039</lisID>
          <gpoId>8045</gpoId>
        </identifiers>
        <bioguideId>R000594</bioguideId>
        <sponsorshipWithdrawnDate />
        <middleName />
        <isOriginalCosponsor>False</isOriginalCosponsor>
        <sponsorshipDate>2013-03-05</sponsorshipDate>
        <lastName>Runyan</lastName>
      </item>
      <item>
        <firstName>Michele</firstName>
        <fullName>Rep. Bachmann, Michele [R-MN-6]</fullName>
        <identifiers>
          <bioguideId>B001256</bioguideId>
          <lisID>1858</lisID>
          <gpoId>8006</gpoId>
        </identifiers>
        <bioguideId>B001256</bioguideId>
        <sponsorshipWithdrawnDate />
        <middleName />
        <isOriginalCosponsor>False</isOriginalCosponsor>
        <sponsorshipDate>2013-03-05</sponsorshipDate>
        <lastName>Bachmann</lastName>
      </item>
      <item>
        <firstName>Kyrsten</firstName>
        <fullName>Rep. Sinema, Kyrsten [D-AZ-9]</fullName>
        <identifiers>
          <gpoId />
          <lisID>2099</lisID>
          <bioguideId>S001191</bioguideId>
        </identifiers>
        <bioguideId>S001191</bioguideId>
        <sponsorshipWithdrawnDate />
        <middleName />
        <isOriginalCosponsor>False</isOriginalCosponsor>
        <sponsorshipDate>2013-03-05</sponsorshipDate>
        <lastName>Sinema</lastName>
      </item>
      <item>
        <firstName>MICHAEL</firstName>
        <fullName>Rep. Simpson, Michael K. [R-ID-2]</fullName>
        <identifiers>
          <gpoId>7920</gpoId>
          <lisID>1590</lisID>
          <bioguideId>S001148</bioguideId>
        </identifiers>
        <bioguideId>S001148</bioguideId>
        <sponsorshipWithdrawnDate />
        <middleName>K.</middleName>
        <isOriginalCosponsor>False</isOriginalCosponsor>
        <sponsorshipDate>2013-03-05</sponsorshipDate>
        <lastName>SIMPSON</lastName>
      </item>
      <item>
        <firstName>Thomas</firstName>
        <fullName>Rep. Massie, Thomas [R-KY-4]</fullName>
        <identifiers>
          <lisID>2094</lisID>
          <gpoId>8371</gpoId>
          <bioguideId>M001184</bioguideId>
        </identifiers>
        <bioguideId>M001184</bioguideId>
        <sponsorshipWithdrawnDate />
        <middleName />
        <isOriginalCosponsor>False</isOriginalCosponsor>
        <sponsorshipDate>2013-03-06</sponsorshipDate>
        <lastName>Massie</lastName>
      </item>
      <item>
        <firstName>Robert</firstName>
        <fullName>Rep. Wittman, Robert J. [R-VA-1]</fullName>
        <identifiers>
          <lisID>1886</lisID>
          <bioguideId>W000804</bioguideId>
          <gpoId>8192</gpoId>
        </identifiers>
        <bioguideId>W000804</bioguideId>
        <sponsorshipWithdrawnDate />
        <middleName>J.</middleName>
        <isOriginalCosponsor>False</isOriginalCosponsor>
        <sponsorshipDate>2013-03-06</sponsorshipDate>
        <lastName>Wittman</lastName>
      </item>
      <item>
        <firstName>GENE</firstName>
        <fullName>Rep. Green, Gene [D-TX-29]</fullName>
        <identifiers>
          <bioguideId>G000410</bioguideId>
          <lisID>462</lisID>
          <gpoId>8185</gpoId>
        </identifiers>
        <bioguideId>G000410</bioguideId>
        <sponsorshipWithdrawnDate />
        <middleName />
        <isOriginalCosponsor>False</isOriginalCosponsor>
        <sponsorshipDate>2013-03-06</sponsorshipDate>
        <lastName>GREEN</lastName>
      </item>
      <item>
        <firstName>JIM</firstName>
        <fullName>Rep. Matheson, Jim [D-UT-4]</fullName>
        <identifiers>
          <bioguideId>M001142</bioguideId>
          <lisID>1671</lisID>
          <gpoId>8190</gpoId>
        </identifiers>
        <bioguideId>M001142</bioguideId>
        <sponsorshipWithdrawnDate />
        <middleName />
        <isOriginalCosponsor>False</isOriginalCosponsor>
        <sponsorshipDate>2013-03-06</sponsorshipDate>
        <lastName>MATHESON</lastName>
      </item>
      <item>
        <firstName>Jim</firstName>
        <fullName>Rep. Bridenstine, Jim [R-OK-1]</fullName>
        <identifiers>
          <bioguideId>B001283</bioguideId>
          <lisID>2155</lisID>
          <gpoId />
        </identifiers>
        <bioguideId>B001283</bioguideId>
        <sponsorshipWithdrawnDate />
        <middleName />
        <isOriginalCosponsor>False</isOriginalCosponsor>
        <sponsorshipDate>2013-03-06</sponsorshipDate>
        <lastName>Bridenstine</lastName>
      </item>
      <item>
        <firstName>Robert</firstName>
        <fullName>Rep. Latta, Robert E. [R-OH-5]</fullName>
        <identifiers>
          <bioguideId>L000566</bioguideId>
          <lisID>1885</lisID>
          <gpoId>8095</gpoId>
        </identifiers>
        <bioguideId>L000566</bioguideId>
        <sponsorshipWithdrawnDate />
        <middleName>E.</middleName>
        <isOriginalCosponsor>False</isOriginalCosponsor>
        <sponsorshipDate>2013-03-06</sponsorshipDate>
        <lastName>Latta</lastName>
      </item>
      <item>
        <firstName>Erik</firstName>
        <fullName>Rep. Paulsen, Erik [R-MN-3]</fullName>
        <identifiers>
          <bioguideId>P000594</bioguideId>
          <lisID>1930</lisID>
          <gpoId>8003</gpoId>
        </identifiers>
        <bioguideId>P000594</bioguideId>
        <sponsorshipWithdrawnDate />
        <middleName />
        <isOriginalCosponsor>False</isOriginalCosponsor>
        <sponsorshipDate>2013-03-06</sponsorshipDate>
        <lastName>Paulsen</lastName>
      </item>
      <item>
        <firstName>Joe</firstName>
        <fullName>Rep. Courtney, Joe [D-CT-2]</fullName>
        <identifiers>
          <gpoId>7867</gpoId>
          <lisID>1836</lisID>
          <bioguideId>C001069</bioguideId>
        </identifiers>
        <bioguideId>C001069</bioguideId>
        <sponsorshipWithdrawnDate />
        <middleName />
        <isOriginalCosponsor>False</isOriginalCosponsor>
        <sponsorshipDate>2013-03-12</sponsorshipDate>
        <lastName>Courtney</lastName>
      </item>
      <item>
        <firstName>Glenn</firstName>
        <fullName>Rep. Thompson, Glenn [R-PA-5]</fullName>
        <identifiers>
          <gpoId>8123</gpoId>
          <lisID>1952</lisID>
          <bioguideId>T000467</bioguideId>
        </identifiers>
        <bioguideId>T000467</bioguideId>
        <sponsorshipWithdrawnDate />
        <middleName />
        <isOriginalCosponsor>False</isOriginalCosponsor>
        <sponsorshipDate>2013-03-12</sponsorshipDate>
        <lastName>Thompson</lastName>
      </item>
      <item>
        <firstName>John</firstName>
        <fullName>Rep. Carter, John R. [R-TX-31]</fullName>
        <identifiers>
          <bioguideId>C001051</bioguideId>
          <lisID>1752</lisID>
          <gpoId>8187</gpoId>
        </identifiers>
        <bioguideId>C001051</bioguideId>
        <sponsorshipWithdrawnDate />
        <middleName>R.</middleName>
        <isOriginalCosponsor>False</isOriginalCosponsor>
        <sponsorshipDate>2013-03-12</sponsorshipDate>
        <lastName>Carter</lastName>
      </item>
      <item>
        <firstName>FRANK</firstName>
        <fullName>Rep. LoBiondo, Frank A. [R-NJ-2]</fullName>
        <identifiers>
          <gpoId>8044</gpoId>
          <bioguideId>L000554</bioguideId>
          <lisID>699</lisID>
        </identifiers>
        <bioguideId>L000554</bioguideId>
        <sponsorshipWithdrawnDate />
        <middleName>A.</middleName>
        <isOriginalCosponsor>False</isOriginalCosponsor>
        <sponsorshipDate>2013-03-12</sponsorshipDate>
        <lastName>LOBIONDO</lastName>
      </item>
      <item>
        <firstName>Bill</firstName>
        <fullName>Rep. Posey, Bill [R-FL-8]</fullName>
        <identifiers>
          <lisID>1915</lisID>
          <bioguideId>P000599</bioguideId>
          <gpoId>7887</gpoId>
        </identifiers>
        <bioguideId>P000599</bioguideId>
        <sponsorshipWithdrawnDate />
        <middleName />
        <isOriginalCosponsor>False</isOriginalCosponsor>
        <sponsorshipDate>2013-03-12</sponsorshipDate>
        <lastName>Posey</lastName>
      </item>
      <item>
        <firstName>GREG</firstName>
        <fullName>Rep. Walden, Greg [R-OR-2]</fullName>
        <identifiers>
          <bioguideId>W000791</bioguideId>
          <lisID>1596</lisID>
          <gpoId>8115</gpoId>
        </identifiers>
        <bioguideId>W000791</bioguideId>
        <sponsorshipWithdrawnDate />
        <middleName />
        <isOriginalCosponsor>False</isOriginalCosponsor>
        <sponsorshipDate>2013-03-12</sponsorshipDate>
        <lastName>WALDEN</lastName>
      </item>
      <item>
        <firstName>Billy</firstName>
        <fullName>Rep. Long, Billy [R-MO-7]</fullName>
        <identifiers>
          <gpoId>8015</gpoId>
          <lisID>2033</lisID>
          <bioguideId>L000576</bioguideId>
        </identifiers>
        <bioguideId>L000576</bioguideId>
        <sponsorshipWithdrawnDate />
        <middleName />
        <isOriginalCosponsor>False</isOriginalCosponsor>
        <sponsorshipDate>2013-03-12</sponsorshipDate>
        <lastName>Long</lastName>
      </item>
      <item>
        <firstName>JAMES</firstName>
        <fullName>Rep. Langevin, James R. [D-RI-2]</fullName>
        <identifiers>
          <gpoId>8140</gpoId>
          <bioguideId>L000559</bioguideId>
          <lisID>1668</lisID>
        </identifiers>
        <bioguideId>L000559</bioguideId>
        <sponsorshipWithdrawnDate />
        <middleName>R.</middleName>
        <isOriginalCosponsor>False</isOriginalCosponsor>
        <sponsorshipDate>2013-03-12</sponsorshipDate>
        <lastName>LANGEVIN</lastName>
      </item>
      <item>
        <firstName>Renee</firstName>
        <fullName>Rep. Ellmers, Renee L. [R-NC-2]</fullName>
        <identifiers>
          <gpoId>8025</gpoId>
          <lisID>2036</lisID>
          <bioguideId>E000291</bioguideId>
        </identifiers>
        <bioguideId>E000291</bioguideId>
        <sponsorshipWithdrawnDate />
        <middleName>L.</middleName>
        <isOriginalCosponsor>False</isOriginalCosponsor>
        <sponsorshipDate>2013-03-12</sponsorshipDate>
        <lastName>Ellmers</lastName>
      </item>
      <item>
        <firstName>Vern</firstName>
        <fullName>Rep. Buchanan, Vern [R-FL-16]</fullName>
        <identifiers>
          <bioguideId>B001260</bioguideId>
          <lisID>1840</lisID>
          <gpoId>7885</gpoId>
        </identifiers>
        <bioguideId>B001260</bioguideId>
        <sponsorshipWithdrawnDate />
        <middleName />
        <isOriginalCosponsor>False</isOriginalCosponsor>
        <sponsorshipDate>2013-03-12</sponsorshipDate>
        <lastName>Buchanan</lastName>
      </item>
      <item>
        <firstName>Carol</firstName>
        <fullName>Rep. Shea-Porter, Carol [D-NH-1]</fullName>
        <identifiers>
          <bioguideId>S001170</bioguideId>
          <lisID>1861</lisID>
          <gpoId>7528</gpoId>
        </identifiers>
        <bioguideId>S001170</bioguideId>
        <sponsorshipWithdrawnDate />
        <middleName />
        <isOriginalCosponsor>False</isOriginalCosponsor>
        <sponsorshipDate>2013-03-12</sponsorshipDate>
        <lastName>Shea-Porter</lastName>
      </item>
      <item>
        <firstName>Rob</firstName>
        <fullName>Rep. Bishop, Rob [R-UT-1]</fullName>
        <identifiers>
          <lisID>1753</lisID>
          <gpoId>8189</gpoId>
          <bioguideId>B001250</bioguideId>
        </identifiers>
        <bioguideId>B001250</bioguideId>
        <sponsorshipWithdrawnDate />
        <middleName />
        <isOriginalCosponsor>False</isOriginalCosponsor>
        <sponsorshipDate>2013-03-12</sponsorshipDate>
        <lastName>Bishop</lastName>
      </item>
      <item>
        <firstName>Bob</firstName>
        <fullName>Rep. Gibbs, Bob [R-OH-7]</fullName>
        <identifiers>
          <bioguideId>G000563</bioguideId>
          <lisID>2049</lisID>
          <gpoId>8108</gpoId>
        </identifiers>
        <bioguideId>G000563</bioguideId>
        <sponsorshipWithdrawnDate />
        <middleName />
        <isOriginalCosponsor>False</isOriginalCosponsor>
        <sponsorshipDate>2013-03-12</sponsorshipDate>
        <lastName>Gibbs</lastName>
      </item>
      <item>
        <firstName>DARRELL</firstName>
        <fullName>Rep. Issa, Darrell E. [R-CA-49]</fullName>
        <identifiers>
          <gpoId>7854</gpoId>
          <lisID>1640</lisID>
          <bioguideId>I000056</bioguideId>
        </identifiers>
        <bioguideId>I000056</bioguideId>
        <sponsorshipWithdrawnDate />
        <middleName>E.</middleName>
        <isOriginalCosponsor>False</isOriginalCosponsor>
        <sponsorshipDate>2013-03-12</sponsorshipDate>
        <lastName>ISSA</lastName>
      </item>
      <item>
        <firstName>Rodney</firstName>
        <fullName>Rep. Davis, Rodney [R-IL-13]</fullName>
        <identifiers>
          <gpoId />
          <bioguideId>D000619</bioguideId>
          <lisID>2126</lisID>
        </identifiers>
        <bioguideId>D000619</bioguideId>
        <sponsorshipWithdrawnDate />
        <middleName />
        <isOriginalCosponsor>False</isOriginalCosponsor>
        <sponsorshipDate>2013-03-12</sponsorshipDate>
        <lastName>Davis</lastName>
      </item>
      <item>
        <firstName>FRANK</firstName>
        <fullName>Rep. Wolf, Frank R. [R-VA-10]</fullName>
        <identifiers>
          <gpoId>8201</gpoId>
          <lisID>1238</lisID>
          <bioguideId>W000672</bioguideId>
        </identifiers>
        <bioguideId>W000672</bioguideId>
        <sponsorshipWithdrawnDate />
        <middleName>R.</middleName>
        <isOriginalCosponsor>False</isOriginalCosponsor>
        <sponsorshipDate>2013-03-12</sponsorshipDate>
        <lastName>WOLF</lastName>
      </item>
      <item>
        <firstName>Tim</firstName>
        <fullName>Rep. Griffin, Tim [R-AR-2]</fullName>
        <identifiers>
          <bioguideId>G000567</bioguideId>
          <lisID>1990</lisID>
          <gpoId>7794</gpoId>
        </identifiers>
        <bioguideId>G000567</bioguideId>
        <sponsorshipWithdrawnDate />
        <middleName />
        <isOriginalCosponsor>False</isOriginalCosponsor>
        <sponsorshipDate>2013-03-12</sponsorshipDate>
        <lastName>Griffin</lastName>
      </item>
      <item>
        <firstName>MIKE</firstName>
        <fullName>Rep. Doyle, Michael F. [D-PA-14]</fullName>
        <identifiers>
          <bioguideId>D000482</bioguideId>
          <lisID>316</lisID>
          <gpoId>8132</gpoId>
        </identifiers>
        <bioguideId>D000482</bioguideId>
        <sponsorshipWithdrawnDate />
        <middleName />
        <isOriginalCosponsor>False</isOriginalCosponsor>
        <sponsorshipDate>2013-03-12</sponsorshipDate>
        <lastName>DOYLE</lastName>
      </item>
      <item>
        <firstName>Timothy</firstName>
        <fullName>Rep. Bishop, Timothy H. [D-NY-1]</fullName>
        <identifiers>
          <gpoId>8062</gpoId>
          <bioguideId>B001242</bioguideId>
          <lisID>1740</lisID>
        </identifiers>
        <bioguideId>B001242</bioguideId>
        <sponsorshipWithdrawnDate />
        <middleName>H.</middleName>
        <isOriginalCosponsor>False</isOriginalCosponsor>
        <sponsorshipDate>2013-03-12</sponsorshipDate>
        <lastName>Bishop</lastName>
      </item>
      <item>
        <firstName>RODNEY</firstName>
        <fullName>Rep. Frelinghuysen, Rodney P. [R-NJ-11]</fullName>
        <identifiers>
          <bioguideId>F000372</bioguideId>
          <lisID>414</lisID>
          <gpoId>8053</gpoId>
        </identifiers>
        <bioguideId>F000372</bioguideId>
        <sponsorshipWithdrawnDate />
        <middleName />
        <isOriginalCosponsor>False</isOriginalCosponsor>
        <sponsorshipDate>2013-03-12</sponsorshipDate>
        <lastName>FRELINGHUYSEN</lastName>
      </item>
      <item>
        <firstName>John</firstName>
        <fullName>Rep. Kline, John [R-MN-2]</fullName>
        <identifiers>
          <lisID>1733</lisID>
          <gpoId>8002</gpoId>
          <bioguideId>K000363</bioguideId>
        </identifiers>
        <bioguideId>K000363</bioguideId>
        <sponsorshipWithdrawnDate />
        <middleName />
        <isOriginalCosponsor>False</isOriginalCosponsor>
        <sponsorshipDate>2013-03-12</sponsorshipDate>
        <lastName>Kline</lastName>
      </item>
      <item>
        <firstName>Joe</firstName>
        <fullName>Rep. Wilson, Joe [R-SC-2]</fullName>
        <identifiers>
          <gpoId>8142</gpoId>
          <bioguideId>W000795</bioguideId>
          <lisID>1688</lisID>
        </identifiers>
        <bioguideId>W000795</bioguideId>
        <sponsorshipWithdrawnDate />
        <middleName />
        <isOriginalCosponsor>False</isOriginalCosponsor>
        <sponsorshipDate>2013-03-12</sponsorshipDate>
        <lastName>Wilson</lastName>
      </item>
      <item>
        <firstName>Steve</firstName>
        <fullName>Rep. Womack, Steve [R-AR-3]</fullName>
        <identifiers>
          <bioguideId>W000809</bioguideId>
          <lisID>1991</lisID>
          <gpoId>7795</gpoId>
        </identifiers>
        <bioguideId>W000809</bioguideId>
        <sponsorshipWithdrawnDate />
        <middleName />
        <isOriginalCosponsor>False</isOriginalCosponsor>
        <sponsorshipDate>2013-03-12</sponsorshipDate>
        <lastName>Womack</lastName>
      </item>
      <item>
        <firstName>Todd</firstName>
        <fullName>Rep. Young, Todd C. [R-IN-9]</fullName>
        <identifiers>
          <lisID>2019</lisID>
          <gpoId>7948</gpoId>
          <bioguideId>Y000064</bioguideId>
        </identifiers>
        <bioguideId>Y000064</bioguideId>
        <sponsorshipWithdrawnDate />
        <middleName>C.</middleName>
        <isOriginalCosponsor>False</isOriginalCosponsor>
        <sponsorshipDate>2013-03-12</sponsorshipDate>
        <lastName>Young</lastName>
      </item>
      <item>
        <firstName>Scott</firstName>
        <fullName>Rep. Perry, Scott [R-PA-4]</fullName>
        <identifiers>
          <lisID>2157</lisID>
          <bioguideId>P000605</bioguideId>
          <gpoId />
        </identifiers>
        <bioguideId>P000605</bioguideId>
        <sponsorshipWithdrawnDate />
        <middleName />
        <isOriginalCosponsor>False</isOriginalCosponsor>
        <sponsorshipDate>2013-03-13</sponsorshipDate>
        <lastName>Perry</lastName>
      </item>
      <item>
        <firstName>David</firstName>
        <fullName>Rep. Schweikert, David [R-AZ-6]</fullName>
        <identifiers>
          <gpoId>7802</gpoId>
          <lisID>1994</lisID>
          <bioguideId>S001183</bioguideId>
        </identifiers>
        <bioguideId>S001183</bioguideId>
        <sponsorshipWithdrawnDate />
        <middleName />
        <isOriginalCosponsor>False</isOriginalCosponsor>
        <sponsorshipDate>2013-03-13</sponsorshipDate>
        <lastName>Schweikert</lastName>
      </item>
      <item>
        <firstName>Ron</firstName>
        <fullName>Rep. DeSantis, Ron [R-FL-6]</fullName>
        <identifiers>
          <bioguideId>D000621</bioguideId>
          <lisID>2116</lisID>
          <gpoId />
        </identifiers>
        <bioguideId>D000621</bioguideId>
        <sponsorshipWithdrawnDate />
        <middleName />
        <isOriginalCosponsor>False</isOriginalCosponsor>
        <sponsorshipDate>2013-03-13</sponsorshipDate>
        <lastName>DeSantis</lastName>
      </item>
      <item>
        <firstName>Chris</firstName>
        <fullName>Rep. Stewart, Chris [R-UT-2]</fullName>
        <identifiers>
          <bioguideId>S001192</bioguideId>
          <lisID>2168</lisID>
          <gpoId />
        </identifiers>
        <bioguideId>S001192</bioguideId>
        <sponsorshipWithdrawnDate />
        <middleName />
        <isOriginalCosponsor>False</isOriginalCosponsor>
        <sponsorshipDate>2013-03-13</sponsorshipDate>
        <lastName>Stewart</lastName>
      </item>
      <item>
        <firstName>SHELLEY</firstName>
        <fullName>Rep. Capito, Shelley Moore [R-WV-2]</fullName>
        <identifiers>
          <lisID>1676</lisID>
          <gpoId>8223</gpoId>
          <bioguideId>C001047</bioguideId>
        </identifiers>
        <bioguideId>C001047</bioguideId>
        <sponsorshipWithdrawnDate />
        <middleName>MOORE</middleName>
        <isOriginalCosponsor>False</isOriginalCosponsor>
        <sponsorshipDate>2013-03-13</sponsorshipDate>
        <lastName>CAPITO</lastName>
      </item>
      <item>
        <firstName>Beto</firstName>
        <fullName>Rep. O'Rourke, Beto [D-TX-16]</fullName>
        <identifiers>
          <gpoId />
          <lisID>2162</lisID>
          <bioguideId>O000170</bioguideId>
        </identifiers>
        <bioguideId>O000170</bioguideId>
        <sponsorshipWithdrawnDate />
        <middleName />
        <isOriginalCosponsor>False</isOriginalCosponsor>
        <sponsorshipDate>2013-03-13</sponsorshipDate>
        <lastName>O'Rourke</lastName>
      </item>
      <item>
        <firstName>Mark</firstName>
        <fullName>Rep. Amodei, Mark E. [R-NV-2]</fullName>
        <identifiers>
          <bioguideId>A000369</bioguideId>
          <lisID>2090</lisID>
          <gpoId>8366</gpoId>
        </identifiers>
        <bioguideId>A000369</bioguideId>
        <sponsorshipWithdrawnDate />
        <middleName>E.</middleName>
        <isOriginalCosponsor>False</isOriginalCosponsor>
        <sponsorshipDate>2013-03-13</sponsorshipDate>
        <lastName>Amodei</lastName>
      </item>
      <item>
        <firstName>Paul</firstName>
        <fullName>Rep. Gosar, Paul A. [R-AZ-4]</fullName>
        <identifiers>
          <bioguideId>G000565</bioguideId>
          <lisID>1992</lisID>
          <gpoId>7798</gpoId>
        </identifiers>
        <bioguideId>G000565</bioguideId>
        <sponsorshipWithdrawnDate />
        <middleName>A.</middleName>
        <isOriginalCosponsor>False</isOriginalCosponsor>
        <sponsorshipDate>2013-03-13</sponsorshipDate>
        <lastName>Gosar</lastName>
      </item>
      <item>
        <firstName>JIM</firstName>
        <fullName>Rep. McDermott, Jim [D-WA-7]</fullName>
        <identifiers>
          <bioguideId>M000404</bioguideId>
          <lisID>766</lisID>
          <gpoId>8211</gpoId>
        </identifiers>
        <bioguideId>M000404</bioguideId>
        <sponsorshipWithdrawnDate />
        <middleName />
        <isOriginalCosponsor>False</isOriginalCosponsor>
        <sponsorshipDate>2013-03-13</sponsorshipDate>
        <lastName>MCDERMOTT</lastName>
      </item>
      <item>
        <firstName>Raul</firstName>
        <fullName>Rep. Grijalva, Raul M. [D-AZ-3]</fullName>
        <identifiers>
          <gpoId>7804</gpoId>
          <bioguideId>G000551</bioguideId>
          <lisID>1708</lisID>
        </identifiers>
        <bioguideId>G000551</bioguideId>
        <sponsorshipWithdrawnDate />
        <middleName>M.</middleName>
        <isOriginalCosponsor>False</isOriginalCosponsor>
        <sponsorshipDate>2013-03-13</sponsorshipDate>
        <lastName>Grijalva</lastName>
      </item>
      <item>
        <firstName>Ann</firstName>
        <fullName>Rep. Kuster, Ann M. [D-NH-2]</fullName>
        <identifiers>
          <bioguideId>K000382</bioguideId>
          <lisID>2145</lisID>
          <gpoId />
        </identifiers>
        <bioguideId>K000382</bioguideId>
        <sponsorshipWithdrawnDate />
        <middleName>M.</middleName>
        <isOriginalCosponsor>False</isOriginalCosponsor>
        <sponsorshipDate>2013-03-13</sponsorshipDate>
        <lastName>Kuster</lastName>
      </item>
      <item>
        <firstName>Mark</firstName>
        <fullName>Rep. Pocan, Mark [D-WI-2]</fullName>
        <identifiers>
          <lisID>2171</lisID>
          <gpoId />
          <bioguideId>P000607</bioguideId>
        </identifiers>
        <bioguideId>P000607</bioguideId>
        <sponsorshipWithdrawnDate />
        <middleName />
        <isOriginalCosponsor>False</isOriginalCosponsor>
        <sponsorshipDate>2013-03-13</sponsorshipDate>
        <lastName>Pocan</lastName>
      </item>
      <item>
        <firstName>John</firstName>
        <fullName>Rep. Campbell, John [R-CA-45]</fullName>
        <identifiers>
          <gpoId>7853</gpoId>
          <bioguideId>C001064</bioguideId>
          <lisID>1816</lisID>
        </identifiers>
        <bioguideId>C001064</bioguideId>
        <sponsorshipWithdrawnDate />
        <middleName />
        <isOriginalCosponsor>False</isOriginalCosponsor>
        <sponsorshipDate>2013-03-14</sponsorshipDate>
        <lastName>Campbell</lastName>
      </item>
      <item>
        <firstName>Doug</firstName>
        <fullName>Rep. LaMalfa, Doug [R-CA-1]</fullName>
        <identifiers>
          <bioguideId>L000578</bioguideId>
          <lisID>2100</lisID>
          <gpoId />
        </identifiers>
        <bioguideId>L000578</bioguideId>
        <sponsorshipWithdrawnDate />
        <middleName />
        <isOriginalCosponsor>False</isOriginalCosponsor>
        <sponsorshipDate>2013-03-14</sponsorshipDate>
        <lastName>LaMalfa</lastName>
      </item>
      <item>
        <firstName>Kerry</firstName>
        <fullName>Rep. Bentivolio, Kerry L. [R-MI-11]</fullName>
        <identifiers>
          <gpoId />
          <lisID>2135</lisID>
          <bioguideId>B001280</bioguideId>
        </identifiers>
        <bioguideId>B001280</bioguideId>
        <sponsorshipWithdrawnDate />
        <middleName>L.</middleName>
        <isOriginalCosponsor>False</isOriginalCosponsor>
        <sponsorshipDate>2013-03-14</sponsorshipDate>
        <lastName>Bentivolio</lastName>
      </item>
      <item>
        <firstName>David</firstName>
        <fullName>Rep. Roe, David P. [R-TN-1]</fullName>
        <identifiers>
          <gpoId>8148</gpoId>
          <bioguideId>R000582</bioguideId>
          <lisID>1954</lisID>
        </identifiers>
        <bioguideId>R000582</bioguideId>
        <sponsorshipWithdrawnDate />
        <middleName>P.</middleName>
        <isOriginalCosponsor>False</isOriginalCosponsor>
        <sponsorshipDate>2013-03-14</sponsorshipDate>
        <lastName>Roe</lastName>
      </item>
      <item>
        <firstName>STEVE</firstName>
        <fullName>Rep. Stockman, Steve [R-TX-36]</fullName>
        <identifiers>
          <gpoId />
          <lisID>1114</lisID>
          <bioguideId>S000937</bioguideId>
        </identifiers>
        <bioguideId>S000937</bioguideId>
        <sponsorshipWithdrawnDate />
        <middleName />
        <isOriginalCosponsor>False</isOriginalCosponsor>
        <sponsorshipDate>2013-03-14</sponsorshipDate>
        <lastName>STOCKMAN</lastName>
      </item>
      <item>
        <firstName>Kevin</firstName>
        <fullName>Rep. Yoder, Kevin [R-KS-3]</fullName>
        <identifiers>
          <bioguideId>Y000063</bioguideId>
          <lisID>2021</lisID>
          <gpoId>7951</gpoId>
        </identifiers>
        <bioguideId>Y000063</bioguideId>
        <sponsorshipWithdrawnDate />
        <middleName />
        <isOriginalCosponsor>False</isOriginalCosponsor>
        <sponsorshipDate>2013-03-14</sponsorshipDate>
        <lastName>Yoder</lastName>
      </item>
      <item>
        <firstName>Stevan</firstName>
        <fullName>Rep. Pearce, Stevan [R-NM-2]</fullName>
        <identifiers>
          <gpoId>8057</gpoId>
          <bioguideId>P000588</bioguideId>
          <lisID>1738</lisID>
        </identifiers>
        <bioguideId>P000588</bioguideId>
        <sponsorshipWithdrawnDate />
        <middleName />
        <isOriginalCosponsor>False</isOriginalCosponsor>
        <sponsorshipDate>2013-03-14</sponsorshipDate>
        <lastName>Pearce</lastName>
      </item>
      <item>
        <firstName>JACK</firstName>
        <fullName>Rep. Kingston, Jack [R-GA-1]</fullName>
        <identifiers>
          <gpoId>7898</gpoId>
          <lisID>636</lisID>
          <bioguideId>K000220</bioguideId>
        </identifiers>
        <bioguideId>K000220</bioguideId>
        <sponsorshipWithdrawnDate />
        <middleName />
        <isOriginalCosponsor>False</isOriginalCosponsor>
        <sponsorshipDate>2013-03-14</sponsorshipDate>
        <lastName>KINGSTON</lastName>
      </item>
      <item>
        <firstName>NICK</firstName>
        <fullName>Rep. Rahall, Nick J., II [D-WV-3]</fullName>
        <identifiers>
          <bioguideId>R000011</bioguideId>
          <lisID>940</lisID>
          <gpoId>8224</gpoId>
        </identifiers>
        <bioguideId>R000011</bioguideId>
        <sponsorshipWithdrawnDate />
        <middleName>J.</middleName>
        <isOriginalCosponsor>False</isOriginalCosponsor>
        <sponsorshipDate>2013-03-14</sponsorshipDate>
        <lastName>RAHALL</lastName>
      </item>
      <item>
        <firstName>Steve</firstName>
        <fullName>Rep. Daines, Steve [R-MT-At Large]</fullName>
        <identifiers>
          <bioguideId>D000618</bioguideId>
          <lisID>2138</lisID>
          <gpoId />
        </identifiers>
        <bioguideId>D000618</bioguideId>
        <sponsorshipWithdrawnDate />
        <middleName />
        <isOriginalCosponsor>False</isOriginalCosponsor>
        <sponsorshipDate>2013-03-15</sponsorshipDate>
        <lastName>Daines</lastName>
      </item>
      <item>
        <firstName>LAMAR</firstName>
        <fullName>Rep. Smith, Lamar [R-TX-21]</fullName>
        <identifiers>
          <bioguideId>S000583</bioguideId>
          <lisID>1075</lisID>
          <gpoId>8177</gpoId>
        </identifiers>
        <bioguideId>S000583</bioguideId>
        <sponsorshipWithdrawnDate />
        <middleName />
        <isOriginalCosponsor>False</isOriginalCosponsor>
        <sponsorshipDate>2013-03-15</sponsorshipDate>
        <lastName>SMITH</lastName>
      </item>
      <item>
        <firstName>Michael</firstName>
        <fullName>Rep. Michaud, Michael H. [D-ME-2]</fullName>
        <identifiers>
          <gpoId>7985</gpoId>
          <bioguideId>M001149</bioguideId>
          <lisID>1730</lisID>
        </identifiers>
        <bioguideId>M001149</bioguideId>
        <sponsorshipWithdrawnDate />
        <middleName>H.</middleName>
        <isOriginalCosponsor>False</isOriginalCosponsor>
        <sponsorshipDate>2013-03-15</sponsorshipDate>
        <lastName>Michaud</lastName>
      </item>
      <item>
        <firstName>TOM</firstName>
        <fullName>Rep. Latham, Tom [R-IA-3]</fullName>
        <identifiers>
          <bioguideId>L000111</bioguideId>
          <lisID>666</lisID>
          <gpoId>7917</gpoId>
        </identifiers>
        <bioguideId>L000111</bioguideId>
        <sponsorshipWithdrawnDate />
        <middleName />
        <isOriginalCosponsor>False</isOriginalCosponsor>
        <sponsorshipDate>2013-03-15</sponsorshipDate>
        <lastName>LATHAM</lastName>
      </item>
      <item>
        <firstName>Leonard</firstName>
        <fullName>Rep. Lance, Leonard [R-NJ-7]</fullName>
        <identifiers>
          <gpoId>8049</gpoId>
          <lisID>1936</lisID>
          <bioguideId>L000567</bioguideId>
        </identifiers>
        <bioguideId>L000567</bioguideId>
        <sponsorshipWithdrawnDate />
        <middleName />
        <isOriginalCosponsor>False</isOriginalCosponsor>
        <sponsorshipDate>2013-03-15</sponsorshipDate>
        <lastName>Lance</lastName>
      </item>
      <item>
        <firstName>JOHN</firstName>
        <fullName>Rep. Dingell, John D. [D-MI-12]</fullName>
        <identifiers>
          <lisID>299</lisID>
          <bioguideId>D000355</bioguideId>
          <gpoId>8000</gpoId>
        </identifiers>
        <bioguideId>D000355</bioguideId>
        <sponsorshipWithdrawnDate />
        <middleName>D.</middleName>
        <isOriginalCosponsor>False</isOriginalCosponsor>
        <sponsorshipDate>2013-03-15</sponsorshipDate>
        <lastName>DINGELL</lastName>
      </item>
      <item>
        <firstName>CHRISTOPHER</firstName>
        <fullName>Rep. Smith, Christopher H. [R-NJ-4]</fullName>
        <identifiers>
          <lisID>1071</lisID>
          <gpoId>8046</gpoId>
          <bioguideId>S000522</bioguideId>
        </identifiers>
        <bioguideId>S000522</bioguideId>
        <sponsorshipWithdrawnDate />
        <middleName>H.</middleName>
        <isOriginalCosponsor>False</isOriginalCosponsor>
        <sponsorshipDate>2013-03-15</sponsorshipDate>
        <lastName>SMITH</lastName>
      </item>
      <item>
        <firstName>Bill</firstName>
        <fullName>Rep. Johnson, Bill [R-OH-6]</fullName>
        <identifiers>
          <gpoId>8096</gpoId>
          <lisID>2046</lisID>
          <bioguideId>J000292</bioguideId>
        </identifiers>
        <bioguideId>J000292</bioguideId>
        <sponsorshipWithdrawnDate />
        <middleName />
        <isOriginalCosponsor>False</isOriginalCosponsor>
        <sponsorshipDate>2013-03-15</sponsorshipDate>
        <lastName>Johnson</lastName>
      </item>
      <item>
        <firstName>Patrick</firstName>
        <fullName>Rep. Meehan, Patrick [R-PA-7]</fullName>
        <identifiers>
          <bioguideId>M001181</bioguideId>
          <lisID>2052</lisID>
          <gpoId>8125</gpoId>
        </identifiers>
        <bioguideId>M001181</bioguideId>
        <sponsorshipWithdrawnDate />
        <middleName />
        <isOriginalCosponsor>False</isOriginalCosponsor>
        <sponsorshipDate>2013-03-18</sponsorshipDate>
        <lastName>Meehan</lastName>
      </item>
      <item>
        <firstName>Mark</firstName>
        <fullName>Rep. Meadows, Mark [R-NC-11]</fullName>
        <identifiers>
          <lisID>2142</lisID>
          <bioguideId>M001187</bioguideId>
          <gpoId />
        </identifiers>
        <bioguideId>M001187</bioguideId>
        <sponsorshipWithdrawnDate />
        <middleName />
        <isOriginalCosponsor>False</isOriginalCosponsor>
        <sponsorshipDate>2013-03-18</sponsorshipDate>
        <lastName>Meadows</lastName>
      </item>
      <item>
        <firstName>JOHN</firstName>
        <fullName>Rep. Culberson, John Abney [R-TX-7]</fullName>
        <identifiers>
          <bioguideId>C001048</bioguideId>
          <lisID>1670</lisID>
          <gpoId>8163</gpoId>
        </identifiers>
        <bioguideId>C001048</bioguideId>
        <sponsorshipWithdrawnDate />
        <middleName>ABNEY</middleName>
        <isOriginalCosponsor>False</isOriginalCosponsor>
        <sponsorshipDate>2013-03-18</sponsorshipDate>
        <lastName>CULBERSON</lastName>
      </item>
      <item>
        <firstName>RUSH</firstName>
        <fullName>Rep. Holt, Rush [D-NJ-12]</fullName>
        <identifiers>
          <gpoId>8054</gpoId>
          <lisID>1580</lisID>
          <bioguideId>H001032</bioguideId>
        </identifiers>
        <bioguideId>H001032</bioguideId>
        <sponsorshipWithdrawnDate />
        <middleName>D.</middleName>
        <isOriginalCosponsor>False</isOriginalCosponsor>
        <sponsorshipDate>2013-03-18</sponsorshipDate>
        <lastName>HOLT</lastName>
      </item>
      <item>
        <firstName>Bill</firstName>
        <fullName>Rep. Foster, Bill [D-IL-11]</fullName>
        <identifiers>
          <gpoId>7355</gpoId>
          <bioguideId>F000454</bioguideId>
          <lisID>1888</lisID>
        </identifiers>
        <bioguideId>F000454</bioguideId>
        <sponsorshipWithdrawnDate />
        <middleName />
        <isOriginalCosponsor>False</isOriginalCosponsor>
        <sponsorshipDate>2013-03-18</sponsorshipDate>
        <lastName>Foster</lastName>
      </item>
      <item>
        <firstName>J.</firstName>
        <fullName>Rep. Forbes, J. Randy [R-VA-4]</fullName>
        <identifiers>
          <lisID>1683</lisID>
          <bioguideId>F000445</bioguideId>
          <gpoId>8786</gpoId>
        </identifiers>
        <bioguideId>F000445</bioguideId>
        <sponsorshipWithdrawnDate />
        <middleName>Randy</middleName>
        <isOriginalCosponsor>False</isOriginalCosponsor>
        <sponsorshipDate>2013-03-18</sponsorshipDate>
        <lastName>Forbes</lastName>
      </item>
      <item>
        <firstName>Raul</firstName>
        <fullName>Rep. Labrador, Raul R. [R-ID-1]</fullName>
        <identifiers>
          <gpoId>7919</gpoId>
          <lisID>2011</lisID>
          <bioguideId>L000573</bioguideId>
        </identifiers>
        <bioguideId>L000573</bioguideId>
        <sponsorshipWithdrawnDate />
        <middleName>R.</middleName>
        <isOriginalCosponsor>False</isOriginalCosponsor>
        <sponsorshipDate>2013-03-18</sponsorshipDate>
        <lastName>Labrador</lastName>
      </item>
      <item>
        <firstName>MIKE</firstName>
        <fullName>Rep. McIntyre, Mike [D-NC-7]</fullName>
        <identifiers>
          <lisID>1505</lisID>
          <bioguideId>M000485</bioguideId>
          <gpoId>8030</gpoId>
        </identifiers>
        <bioguideId>M000485</bioguideId>
        <sponsorshipWithdrawnDate />
        <middleName />
        <isOriginalCosponsor>False</isOriginalCosponsor>
        <sponsorshipDate>2013-03-18</sponsorshipDate>
        <lastName>MCINTYRE</lastName>
      </item>
      <item>
        <firstName>Patrick</firstName>
        <fullName>Rep. McHenry, Patrick T. [R-NC-10]</fullName>
        <identifiers>
          <bioguideId>M001156</bioguideId>
          <lisID>1792</lisID>
          <gpoId>8033</gpoId>
        </identifiers>
        <bioguideId>M001156</bioguideId>
        <sponsorshipWithdrawnDate />
        <middleName />
        <isOriginalCosponsor>False</isOriginalCosponsor>
        <sponsorshipDate>2013-03-18</sponsorshipDate>
        <lastName>McHenry</lastName>
      </item>
      <item>
        <firstName>Kenny</firstName>
        <fullName>Rep. Marchant, Kenny [R-TX-24]</fullName>
        <identifiers>
          <lisID>1806</lisID>
          <bioguideId>M001158</bioguideId>
          <gpoId>8766</gpoId>
        </identifiers>
        <bioguideId>M001158</bioguideId>
        <sponsorshipWithdrawnDate />
        <middleName />
        <isOriginalCosponsor>False</isOriginalCosponsor>
        <sponsorshipDate>2013-03-19</sponsorshipDate>
        <lastName>Marchant</lastName>
      </item>
      <item>
        <firstName>MICHAEL</firstName>
        <fullName>Rep. Honda, Michael M. [D-CA-17]</fullName>
        <identifiers>
          <bioguideId>H001034</bioguideId>
          <lisID>1634</lisID>
          <gpoId>7820</gpoId>
        </identifiers>
        <bioguideId>H001034</bioguideId>
        <sponsorshipWithdrawnDate />
        <middleName>M.</middleName>
        <isOriginalCosponsor>False</isOriginalCosponsor>
        <sponsorshipDate>2013-03-19</sponsorshipDate>
        <lastName>HONDA</lastName>
      </item>
      <item>
        <firstName>ROBERT</firstName>
        <fullName>Rep. Andrews, Robert E. [D-NJ-1]</fullName>
        <identifiers>
          <gpoId>8043</gpoId>
          <bioguideId>A000210</bioguideId>
          <lisID>21</lisID>
        </identifiers>
        <bioguideId>A000210</bioguideId>
        <sponsorshipWithdrawnDate />
        <middleName>E.</middleName>
        <isOriginalCosponsor>False</isOriginalCosponsor>
        <sponsorshipDate>2013-03-19</sponsorshipDate>
        <lastName>ANDREWS</lastName>
      </item>
      <item>
        <firstName>Kristi</firstName>
        <fullName>Rep. Noem, Kristi L. [R-SD-At Large]</fullName>
        <identifiers>
          <bioguideId>N000184</bioguideId>
          <lisID>2060</lisID>
          <gpoId>8147</gpoId>
        </identifiers>
        <bioguideId>N000184</bioguideId>
        <sponsorshipWithdrawnDate />
        <middleName>L.</middleName>
        <isOriginalCosponsor>False</isOriginalCosponsor>
        <sponsorshipDate>2013-03-25</sponsorshipDate>
        <lastName>Noem</lastName>
      </item>
      <item>
        <firstName>Eric</firstName>
        <fullName>Rep. Swalwell, Eric [D-CA-15]</fullName>
        <identifiers>
          <lisID>2104</lisID>
          <bioguideId>S001193</bioguideId>
          <gpoId />
        </identifiers>
        <bioguideId>S001193</bioguideId>
        <sponsorshipWithdrawnDate />
        <middleName />
        <isOriginalCosponsor>False</isOriginalCosponsor>
        <sponsorshipDate>2013-03-25</sponsorshipDate>
        <lastName>Swalwell</lastName>
      </item>
      <item>
        <firstName>JAMES</firstName>
        <fullName>Rep. McGovern, James P. [D-MA-2]</fullName>
        <identifiers>
          <bioguideId>M000312</bioguideId>
          <lisID>1504</lisID>
          <gpoId>7968</gpoId>
        </identifiers>
        <bioguideId>M000312</bioguideId>
        <sponsorshipWithdrawnDate />
        <middleName>P.</middleName>
        <isOriginalCosponsor>False</isOriginalCosponsor>
        <sponsorshipDate>2013-03-25</sponsorshipDate>
        <lastName>MCGOVERN</lastName>
      </item>
      <item>
        <firstName>David</firstName>
        <fullName>Rep. Loebsack, David [D-IA-2]</fullName>
        <identifiers>
          <gpoId>7915</gpoId>
          <bioguideId>L000565</bioguideId>
          <lisID>1846</lisID>
        </identifiers>
        <bioguideId>L000565</bioguideId>
        <sponsorshipWithdrawnDate />
        <middleName />
        <isOriginalCosponsor>False</isOriginalCosponsor>
        <sponsorshipDate>2013-03-25</sponsorshipDate>
        <lastName>Loebsack</lastName>
      </item>
      <item>
        <firstName>Bill</firstName>
        <fullName>Rep. Huizenga, Bill [R-MI-2]</fullName>
        <identifiers>
          <lisID>2028</lisID>
          <gpoId>7987</gpoId>
          <bioguideId>H001058</bioguideId>
        </identifiers>
        <bioguideId>H001058</bioguideId>
        <sponsorshipWithdrawnDate />
        <middleName />
        <isOriginalCosponsor>False</isOriginalCosponsor>
        <sponsorshipDate>2013-03-25</sponsorshipDate>
        <lastName>Huizenga</lastName>
      </item>
      <item>
        <firstName>Michael</firstName>
        <fullName>Rep. Burgess, Michael C. [R-TX-26]</fullName>
        <identifiers>
          <gpoId>8182</gpoId>
          <bioguideId>B001248</bioguideId>
          <lisID>1751</lisID>
        </identifiers>
        <bioguideId>B001248</bioguideId>
        <sponsorshipWithdrawnDate />
        <middleName>C.</middleName>
        <isOriginalCosponsor>False</isOriginalCosponsor>
        <sponsorshipDate>2013-03-25</sponsorshipDate>
        <lastName>Burgess</lastName>
      </item>
      <item>
        <firstName>Scott</firstName>
        <fullName>Rep. Tipton, Scott  R. [R-CO-3]</fullName>
        <identifiers>
          <lisID>1997</lisID>
          <gpoId>7861</gpoId>
          <bioguideId>T000470</bioguideId>
        </identifiers>
        <bioguideId>T000470</bioguideId>
        <sponsorshipWithdrawnDate />
        <middleName>R.</middleName>
        <isOriginalCosponsor>False</isOriginalCosponsor>
        <sponsorshipDate>2013-03-25</sponsorshipDate>
        <lastName>Tipton</lastName>
      </item>
      <item>
        <firstName>ED</firstName>
        <fullName>Rep. Pastor, Ed [D-AZ-7]</fullName>
        <identifiers>
          <bioguideId>P000099</bioguideId>
          <lisID>893</lisID>
          <gpoId>7801</gpoId>
        </identifiers>
        <bioguideId>P000099</bioguideId>
        <sponsorshipWithdrawnDate />
        <middleName />
        <isOriginalCosponsor>False</isOriginalCosponsor>
        <sponsorshipDate>2013-03-25</sponsorshipDate>
        <lastName>PASTOR</lastName>
      </item>
      <item>
        <firstName>Scott</firstName>
        <fullName>Rep. Garrett, Scott [R-NJ-5]</fullName>
        <identifiers>
          <bioguideId>G000548</bioguideId>
          <lisID>1737</lisID>
          <gpoId>8047</gpoId>
        </identifiers>
        <bioguideId>G000548</bioguideId>
        <sponsorshipWithdrawnDate />
        <middleName />
        <isOriginalCosponsor>False</isOriginalCosponsor>
        <sponsorshipDate>2013-03-25</sponsorshipDate>
        <lastName>Garrett</lastName>
      </item>
      <item>
        <firstName>Dennis</firstName>
        <fullName>Rep. Ross, Dennis A. [R-FL-15]</fullName>
        <identifiers>
          <gpoId>7884</gpoId>
          <bioguideId>R000593</bioguideId>
          <lisID>2003</lisID>
        </identifiers>
        <bioguideId>R000593</bioguideId>
        <sponsorshipWithdrawnDate />
        <middleName>A.</middleName>
        <isOriginalCosponsor>False</isOriginalCosponsor>
        <sponsorshipDate>2013-03-25</sponsorshipDate>
        <lastName>Ross</lastName>
      </item>
      <item>
        <firstName>Donald</firstName>
        <fullName>Rep. Payne, Donald M., Jr. [D-NJ-10]</fullName>
        <identifiers>
          <bioguideId>P000604</bioguideId>
          <lisID>2097</lisID>
          <gpoId>8373</gpoId>
        </identifiers>
        <bioguideId>P000604</bioguideId>
        <sponsorshipWithdrawnDate />
        <middleName>M.</middleName>
        <isOriginalCosponsor>False</isOriginalCosponsor>
        <sponsorshipDate>2013-03-25</sponsorshipDate>
        <lastName>Payne</lastName>
      </item>
      <item>
        <firstName>Tom</firstName>
        <fullName>Rep. Cotton, Tom [R-AR-4]</fullName>
        <identifiers>
          <bioguideId>C001095</bioguideId>
          <lisID>2098</lisID>
          <gpoId />
        </identifiers>
        <bioguideId>C001095</bioguideId>
        <sponsorshipWithdrawnDate />
        <middleName />
        <isOriginalCosponsor>False</isOriginalCosponsor>
        <sponsorshipDate>2013-04-09</sponsorshipDate>
        <lastName>Cotton</lastName>
      </item>
      <item>
        <firstName>EDWARD</firstName>
        <fullName>Rep. Whitfield, Ed [R-KY-1]</fullName>
        <identifiers>
          <lisID>1222</lisID>
          <gpoId>7953</gpoId>
          <bioguideId>W000413</bioguideId>
        </identifiers>
        <bioguideId>W000413</bioguideId>
        <sponsorshipWithdrawnDate />
        <middleName />
        <isOriginalCosponsor>False</isOriginalCosponsor>
        <sponsorshipDate>2013-04-09</sponsorshipDate>
        <lastName>WHITFIELD</lastName>
      </item>
      <item>
        <firstName>Candice</firstName>
        <fullName>Rep. Miller, Candice S. [R-MI-10]</fullName>
        <identifiers>
          <gpoId>8589</gpoId>
          <lisID>1731</lisID>
          <bioguideId>M001150</bioguideId>
        </identifiers>
        <bioguideId>M001150</bioguideId>
        <sponsorshipWithdrawnDate />
        <middleName>S.</middleName>
        <isOriginalCosponsor>False</isOriginalCosponsor>
        <sponsorshipDate>2013-04-09</sponsorshipDate>
        <lastName>Miller</lastName>
      </item>
      <item>
        <firstName>RICHARD</firstName>
        <fullName>Rep. Neal, Richard E. [D-MA-1]</fullName>
        <identifiers>
          <gpoId>7967</gpoId>
          <lisID>854</lisID>
          <bioguideId>N000015</bioguideId>
        </identifiers>
        <bioguideId>N000015</bioguideId>
        <sponsorshipWithdrawnDate />
        <middleName>E.</middleName>
        <isOriginalCosponsor>False</isOriginalCosponsor>
        <sponsorshipDate>2013-04-09</sponsorshipDate>
        <lastName>NEAL</lastName>
      </item>
      <item>
        <firstName>Derek</firstName>
        <fullName>Rep. Kilmer, Derek [D-WA-6]</fullName>
        <identifiers>
          <lisID>2169</lisID>
          <bioguideId>K000381</bioguideId>
          <gpoId />
        </identifiers>
        <bioguideId>K000381</bioguideId>
        <sponsorshipWithdrawnDate />
        <middleName />
        <isOriginalCosponsor>False</isOriginalCosponsor>
        <sponsorshipDate>2013-04-09</sponsorshipDate>
        <lastName>Kilmer</lastName>
      </item>
      <item>
        <firstName>Elizabeth</firstName>
        <fullName>Rep. Esty, Elizabeth H. [D-CT-5]</fullName>
        <identifiers>
          <lisID>2114</lisID>
          <bioguideId>E000293</bioguideId>
          <gpoId />
        </identifiers>
        <bioguideId>E000293</bioguideId>
        <sponsorshipWithdrawnDate />
        <middleName>H.</middleName>
        <isOriginalCosponsor>False</isOriginalCosponsor>
        <sponsorshipDate>2013-04-09</sponsorshipDate>
        <lastName>Esty</lastName>
      </item>
      <item>
        <firstName>Cynthia</firstName>
        <fullName>Rep. Lummis, Cynthia M. [R-WY-At Large]</fullName>
        <identifiers>
          <bioguideId>L000571</bioguideId>
          <lisID>1960</lisID>
          <gpoId>8225</gpoId>
        </identifiers>
        <bioguideId>L000571</bioguideId>
        <sponsorshipWithdrawnDate />
        <middleName>M.</middleName>
        <isOriginalCosponsor>False</isOriginalCosponsor>
        <sponsorshipDate>2013-04-09</sponsorshipDate>
        <lastName>Lummis</lastName>
      </item>
      <item>
        <firstName>STEVE</firstName>
        <fullName>Rep. Chabot, Steve [R-OH-1]</fullName>
        <identifiers>
          <bioguideId>C000266</bioguideId>
          <lisID>186</lisID>
          <gpoId>8091</gpoId>
        </identifiers>
        <bioguideId>C000266</bioguideId>
        <sponsorshipWithdrawnDate />
        <middleName />
        <isOriginalCosponsor>False</isOriginalCosponsor>
        <sponsorshipDate>2013-04-16</sponsorshipDate>
        <lastName>CHABOT</lastName>
      </item>
      <item>
        <firstName>Andy</firstName>
        <fullName>Rep. Barr, Andy [R-KY-6]</fullName>
        <identifiers>
          <bioguideId>B001282</bioguideId>
          <lisID>2131</lisID>
          <gpoId />
        </identifiers>
        <bioguideId>B001282</bioguideId>
        <sponsorshipWithdrawnDate />
        <middleName />
        <isOriginalCosponsor>False</isOriginalCosponsor>
        <sponsorshipDate>2013-04-18</sponsorshipDate>
        <lastName>Barr</lastName>
      </item>
      <item>
        <firstName>Susan</firstName>
        <fullName>Rep. Brooks, Susan W. [R-IN-5]</fullName>
        <identifiers>
          <gpoId />
          <lisID>2129</lisID>
          <bioguideId>B001284</bioguideId>
        </identifiers>
        <bioguideId>B001284</bioguideId>
        <sponsorshipWithdrawnDate />
        <middleName>W.</middleName>
        <isOriginalCosponsor>False</isOriginalCosponsor>
        <sponsorshipDate>2013-05-08</sponsorshipDate>
        <lastName>Brooks</lastName>
      </item>
      <item>
        <firstName>Tom</firstName>
        <fullName>Rep. Rice, Tom [R-SC-7]</fullName>
        <identifiers>
          <gpoId />
          <bioguideId>R000597</bioguideId>
          <lisID>2160</lisID>
        </identifiers>
        <bioguideId>R000597</bioguideId>
        <sponsorshipWithdrawnDate />
        <middleName />
        <isOriginalCosponsor>False</isOriginalCosponsor>
        <sponsorshipDate>2013-06-25</sponsorshipDate>
        <lastName>Rice</lastName>
      </item>
      <item>
        <firstName>Trey</firstName>
        <fullName>Rep. Radel, Trey [R-FL-19]</fullName>
        <identifiers>
          <gpoId />
          <lisID>2118</lisID>
          <bioguideId>R000596</bioguideId>
        </identifiers>
        <bioguideId>R000596</bioguideId>
        <sponsorshipWithdrawnDate />
        <middleName />
        <isOriginalCosponsor>False</isOriginalCosponsor>
        <sponsorshipDate>2013-09-09</sponsorshipDate>
        <lastName>Radel</lastName>
      </item>
      <item>
        <firstName>Matt</firstName>
        <fullName>Rep. Cartwright, Matt [D-PA-17]</fullName>
        <identifiers>
          <lisID>2159</lisID>
          <gpoId />
          <bioguideId>C001090</bioguideId>
        </identifiers>
        <bioguideId>C001090</bioguideId>
        <sponsorshipWithdrawnDate />
        <middleName />
        <isOriginalCosponsor>False</isOriginalCosponsor>
        <sponsorshipDate>2013-09-12</sponsorshipDate>
        <lastName>Cartwright</lastName>
      </item>
      <item>
        <firstName>JOHN</firstName>
        <fullName>Rep. Tierney, John F. [D-MA-6]</fullName>
        <identifiers>
          <gpoId>7971</gpoId>
          <lisID>1535</lisID>
          <bioguideId>T000266</bioguideId>
        </identifiers>
        <bioguideId>T000266</bioguideId>
        <sponsorshipWithdrawnDate />
        <middleName>F.</middleName>
        <isOriginalCosponsor>False</isOriginalCosponsor>
        <sponsorshipDate>2014-03-24</sponsorshipDate>
        <lastName>TIERNEY</lastName>
      </item>
    </cosponsors>
    <calendarNumbers />
    <relatedBills>
      <item>
        <latestAction>
          <text>Read twice and referred to the Committee on Armed Services.</text>
          <actionDate>2013-03-06</actionDate>
        </latestAction>
        <relationshipDetails>
          <item>
            <identifiedBy>CRS</identifiedBy>
            <type>Identical bill</type>
          </item>
        </relationshipDetails>
        <type>S</type>
        <number>470</number>
        <congress>113</congress>
        <latestTitle>A bill to amend title 10, United States Code, to require that the Purple Heart occupy a position of precedence above the new Distinguished Warfare Medal.</latestTitle>
      </item>
    </relatedBills>
    <amendments />
    <recordedVotes />
    <title>To amend title 10, United States Code, to require that the Purple Heart occupy a position of precedence above the new Distinguished Warfare Medal.</title>
    <latestAction>
      <actionDate>2013-03-14</actionDate>
      <text>Referred to the Subcommittee on Military Personnel.</text>
      <links />
    </latestAction>
    <constitutionalAuthorityStatementText><![CDATA[<pre>By Mr. HUNTER:H.R. 833.Congress has the power to enact this legislation pursuantto the following:Specific authority is provided by Article I, section 8 ofthe United States Constitution (clauses 12, 13, and 14),which grants Congress the power to raise and support an Army;to provide and maintain a Navy; and to make rules for thegovernment and regulation of the land and naval forces.[Page H660]</pre>]]></constitutionalAuthorityStatementText>
    <cboCostEstimates />
    <originChamber>House</originChamber>
    <committeeReports />
  </bill>
  <dublinCore xmlns:dc="http://purl.org/dc/elements/1.1/">
    <dc:format>text/xml</dc:format>
    <dc:language>EN</dc:language>
    <dc:rights>Pursuant to Title 17 Section 105 of the United States Code, this file is not subject to copyright protection and is in the public domain.</dc:rights>
    <dc:contributor>Congressional Research Service, Library of Congress</dc:contributor>
    <dc:description>This file contains bill summaries and statuses for federal legislation. A bill summary describes the most significant provisions of a piece of legislation and details the effects the legislative text may have on current law and federal programs. Bill summaries are authored by the Congressional Research Service (CRS) of the Library of Congress. As stated in Public Law 91-510 (2 USC 166 (d)(6)), one of the duties of CRS is "to prepare summaries and digests of bills and resolutions of a public general nature introduced in the Senate or House of Representatives". For more information, refer to the User Guide that accompanies this file.</dc:description>
  </dublinCore>
</billStatus>

