<?xml version="1.0" encoding="UTF-8"?>
<billStatus>
  <bill>
    <billNumber>1072</billNumber>
    <titles>
      <item>
        <chamberCode />
        <parentTitleType />
        <titleType>Short Titles as Introduced</titleType>
        <title>Freedom from Government Competition Act of 2013</title>
        <chamberName />
      </item>
      <item>
        <chamberCode />
        <parentTitleType />
        <titleType>Official Title as Introduced</titleType>
        <title>To require that the Federal Government procure from the private sector the goods and services necessary for the operations and management of certain Government agencies, and for other purposes.</title>
        <chamberName />
      </item>
      <item>
        <chamberCode />
        <parentTitleType />
        <titleType>Display Title</titleType>
        <title>Freedom from Government Competition Act of 2013</title>
        <chamberName />
      </item>
    </titles>
    <actions>
      <actionTypeCounts>
        <billReferrals>1</billReferrals>
        <introducedInHouse>1</introducedInHouse>
        <introducedInTheHouse>1</introducedInTheHouse>
      </actionTypeCounts>
      <actionByCounts>
        <houseOfRepresentatives>3</houseOfRepresentatives>
      </actionByCounts>
      <item>
        <committee>
          <name>Oversight and Government Reform Committee</name>
          <systemCode>hsgo00</systemCode>
        </committee>
        <sourceSystem>
          <name>House floor actions</name>
          <code>2</code>
        </sourceSystem>
        <type>IntroReferral</type>
        <text>Referred to the House Committee on Oversight and Government Reform.</text>
        <actionDate>2013-03-12</actionDate>
        <links />
        <actionCode>H11100</actionCode>
      </item>
      <item>
        <committee />
        <sourceSystem>
          <name>Library of Congress</name>
          <code>9</code>
        </sourceSystem>
        <type>IntroReferral</type>
        <text>Introduced in House</text>
        <actionDate>2013-03-12</actionDate>
        <links />
        <actionCode>Intro-H</actionCode>
      </item>
      <item>
        <committee />
        <sourceSystem>
          <name>Library of Congress</name>
          <code>9</code>
        </sourceSystem>
        <type>IntroReferral</type>
        <text>Introduced in House</text>
        <actionDate>2013-03-12</actionDate>
        <links />
        <actionCode>1000</actionCode>
      </item>
    </actions>
    <updateDate>2016-10-25T16:00:31Z</updateDate>
    <summaries>
      <billSummaries>
        <item>
          <versionCode>00</versionCode>
          <text><![CDATA[<p>Freedom from Government Competition Act of 2013 - Requires each executive or military department or independent establishment to obtain all goods and services necessary for or beneficial to the accomplishment of its authorized functions by procurement from private sources, except if: (1) such goods or services are required by law to be produced or performed by such agency; or (2) the head of the agency determines and certifies that federal production, manufacture, or provision of a good or service is necessary for the national defense or homeland security, that a good or service is so inherently governmental in nature that it is in the public interest to require production or performance by government employees, or that there is no private source capable of providing the good or service.</p> <p>Requires such private sector provision of goods and services to be performed through: (1) the divestiture of federal involvement, (2) the award of a contract using competitive procedures, or (3) conducting a public-private competitive sourcing analysis in accordance with Office of Management and Budget (OMB) procedures and determining that using the private sector is in the best interest of the United States and provides the best value to the taxpayer.</p> <p>Authorizes an agency head to utilize federal employees to provide goods or services previously provided by a private sector entity upon completion of a public-private competitive sourcing analysis and after determining that provision by federal employees provides the best value.</p> <p>Requires the Director of OMB to carry out a study, in conjunction with the Comptroller General (GAO), to evaluate the activities carried out in each agency.</p>]]></text>
          <updateDate>2013-03-12T04:00:00Z</updateDate>
          <lastSummaryUpdateDate>2013-04-03T20:48:49Z</lastSummaryUpdateDate>
          <actionDate>2013-03-12</actionDate>
          <actionDesc>Introduced in House</actionDesc>
          <name>Introduced in House</name>
        </item>
      </billSummaries>
    </summaries>
    <sponsors>
      <item>
        <firstName>JOHN</firstName>
        <fullName>Rep. Duncan, John J., Jr. [R-TN-2]</fullName>
        <middleName>J.</middleName>
        <bioguideId>D000533</bioguideId>
        <byRequestType />
        <lastName>DUNCAN</lastName>
        <identifiers>
          <bioguideId>D000533</bioguideId>
          <lisID>322</lisID>
          <gpoId>8149</gpoId>
        </identifiers>
      </item>
    </sponsors>
    <introducedDate>2013-03-12</introducedDate>
    <notes />
    <committees>
      <billCommittees>
        <item>
          <chamber>House</chamber>
          <activities>
            <item>
              <name>Referred to</name>
              <date>2013-03-12T16:00:49Z</date>
            </item>
          </activities>
          <name>Oversight and Government Reform Committee</name>
          <subcommittees />
          <type>Standing</type>
          <systemCode>hsgo00</systemCode>
        </item>
      </billCommittees>
    </committees>
    <congress>113</congress>
    <createDate>2013-03-13T07:01:12Z</createDate>
    <policyArea>
      <name>Government Operations and Politics</name>
    </policyArea>
    <laws />
    <billType>HR</billType>
    <subjects>
      <billSubjects>
        <policyArea>
          <name>Government Operations and Politics</name>
        </policyArea>
        <legislativeSubjects>
          <item>
            <name>Congressional oversight</name>
          </item>
          <item>
            <name>Government employee pay, benefits, personnel management</name>
          </item>
          <item>
            <name>Government studies and investigations</name>
          </item>
          <item>
            <name>Military procurement, research, weapons development</name>
          </item>
          <item>
            <name>Public contracts and procurement</name>
          </item>
        </legislativeSubjects>
      </billSubjects>
    </subjects>
    <cosponsors>
      <item>
        <lastName>Blackburn</lastName>
        <fullName>Rep. Blackburn, Marsha [R-TN-7]</fullName>
        <bioguideId>B001243</bioguideId>
        <sponsorshipWithdrawnDate />
        <identifiers>
          <lisID>1748</lisID>
          <gpoId>8154</gpoId>
          <bioguideId>B001243</bioguideId>
        </identifiers>
        <isOriginalCosponsor>True</isOriginalCosponsor>
        <firstName>Marsha</firstName>
        <sponsorshipDate>2013-03-12</sponsorshipDate>
        <middleName />
      </item>
      <item>
        <lastName>Black</lastName>
        <fullName>Rep. Black, Diane [R-TN-6]</fullName>
        <bioguideId>B001273</bioguideId>
        <sponsorshipWithdrawnDate />
        <identifiers>
          <gpoId>8153</gpoId>
          <lisID>2063</lisID>
          <bioguideId>B001273</bioguideId>
        </identifiers>
        <isOriginalCosponsor>True</isOriginalCosponsor>
        <firstName>Diane</firstName>
        <sponsorshipDate>2013-03-12</sponsorshipDate>
        <middleName />
      </item>
      <item>
        <lastName>Hanna</lastName>
        <fullName>Rep. Hanna, Richard L. [R-NY-22]</fullName>
        <bioguideId>H001051</bioguideId>
        <sponsorshipWithdrawnDate />
        <identifiers>
          <lisID>2044</lisID>
          <gpoId>8085</gpoId>
          <bioguideId>H001051</bioguideId>
        </identifiers>
        <isOriginalCosponsor>True</isOriginalCosponsor>
        <firstName>Richard</firstName>
        <sponsorshipDate>2013-03-12</sponsorshipDate>
        <middleName>L.</middleName>
      </item>
      <item>
        <lastName>GRAVES</lastName>
        <fullName>Rep. Graves, Sam [R-MO-6]</fullName>
        <bioguideId>G000546</bioguideId>
        <sponsorshipWithdrawnDate />
        <identifiers>
          <gpoId>8014</gpoId>
          <lisID>1656</lisID>
          <bioguideId>G000546</bioguideId>
        </identifiers>
        <isOriginalCosponsor>True</isOriginalCosponsor>
        <firstName>SAM</firstName>
        <sponsorshipDate>2013-03-12</sponsorshipDate>
        <middleName />
      </item>
      <item>
        <lastName>Westmoreland</lastName>
        <fullName>Rep. Westmoreland, Lynn A. [R-GA-3]</fullName>
        <bioguideId>W000796</bioguideId>
        <sponsorshipWithdrawnDate />
        <identifiers>
          <gpoId>7900</gpoId>
          <lisID>1779</lisID>
          <bioguideId>W000796</bioguideId>
        </identifiers>
        <isOriginalCosponsor>True</isOriginalCosponsor>
        <firstName>Lynn</firstName>
        <sponsorshipDate>2013-03-12</sponsorshipDate>
        <middleName>A.</middleName>
      </item>
      <item>
        <lastName>Huizenga</lastName>
        <fullName>Rep. Huizenga, Bill [R-MI-2]</fullName>
        <bioguideId>H001058</bioguideId>
        <sponsorshipWithdrawnDate />
        <identifiers>
          <gpoId>7987</gpoId>
          <bioguideId>H001058</bioguideId>
          <lisID>2028</lisID>
        </identifiers>
        <isOriginalCosponsor>True</isOriginalCosponsor>
        <firstName>Bill</firstName>
        <sponsorshipDate>2013-03-12</sponsorshipDate>
        <middleName />
      </item>
      <item>
        <lastName>Broun</lastName>
        <fullName>Rep. Broun, Paul C. [R-GA-10]</fullName>
        <bioguideId>B001262</bioguideId>
        <sponsorshipWithdrawnDate />
        <identifiers>
          <bioguideId>B001262</bioguideId>
          <lisID>1882</lisID>
          <gpoId>7907</gpoId>
        </identifiers>
        <isOriginalCosponsor>True</isOriginalCosponsor>
        <firstName>Paul</firstName>
        <sponsorshipDate>2013-03-12</sponsorshipDate>
        <middleName>C.</middleName>
      </item>
      <item>
        <lastName>Benishek</lastName>
        <fullName>Rep. Benishek, Dan [R-MI-1]</fullName>
        <bioguideId>B001271</bioguideId>
        <sponsorshipWithdrawnDate />
        <identifiers>
          <gpoId>7986</gpoId>
          <lisID>2027</lisID>
          <bioguideId>B001271</bioguideId>
        </identifiers>
        <isOriginalCosponsor>True</isOriginalCosponsor>
        <firstName>Dan</firstName>
        <sponsorshipDate>2013-03-12</sponsorshipDate>
        <middleName />
      </item>
      <item>
        <lastName>Duncan</lastName>
        <fullName>Rep. Duncan, Jeff [R-SC-3]</fullName>
        <bioguideId>D000615</bioguideId>
        <sponsorshipWithdrawnDate />
        <identifiers>
          <bioguideId>D000615</bioguideId>
          <lisID>2057</lisID>
          <gpoId>8143</gpoId>
        </identifiers>
        <isOriginalCosponsor>True</isOriginalCosponsor>
        <firstName>Jeff</firstName>
        <sponsorshipDate>2013-03-12</sponsorshipDate>
        <middleName />
      </item>
      <item>
        <lastName>Coffman</lastName>
        <fullName>Rep. Coffman, Mike [R-CO-6]</fullName>
        <bioguideId>C001077</bioguideId>
        <sponsorshipWithdrawnDate />
        <identifiers>
          <gpoId>7864</gpoId>
          <lisID>1912</lisID>
          <bioguideId>C001077</bioguideId>
        </identifiers>
        <isOriginalCosponsor>True</isOriginalCosponsor>
        <firstName>Mike</firstName>
        <sponsorshipDate>2013-03-12</sponsorshipDate>
        <middleName />
      </item>
      <item>
        <lastName>Cramer</lastName>
        <fullName>Rep. Cramer, Kevin [R-ND-At Large]</fullName>
        <bioguideId>C001096</bioguideId>
        <sponsorshipWithdrawnDate />
        <identifiers>
          <gpoId />
          <lisID>2144</lisID>
          <bioguideId>C001096</bioguideId>
        </identifiers>
        <isOriginalCosponsor>True</isOriginalCosponsor>
        <firstName>Kevin</firstName>
        <sponsorshipDate>2013-03-12</sponsorshipDate>
        <middleName />
      </item>
      <item>
        <lastName>Graves</lastName>
        <fullName>Rep. Graves, Tom [R-GA-14]</fullName>
        <bioguideId>G000560</bioguideId>
        <sponsorshipWithdrawnDate />
        <identifiers>
          <gpoId>7906</gpoId>
          <bioguideId>G000560</bioguideId>
          <lisID>1979</lisID>
        </identifiers>
        <isOriginalCosponsor>True</isOriginalCosponsor>
        <firstName>Tom</firstName>
        <sponsorshipDate>2013-03-12</sponsorshipDate>
        <middleName />
      </item>
      <item>
        <lastName>SESSIONS</lastName>
        <fullName>Rep. Sessions, Pete [R-TX-32]</fullName>
        <bioguideId>S000250</bioguideId>
        <sponsorshipWithdrawnDate />
        <identifiers>
          <gpoId>8188</gpoId>
          <lisID>1525</lisID>
          <bioguideId>S000250</bioguideId>
        </identifiers>
        <isOriginalCosponsor>True</isOriginalCosponsor>
        <firstName>PETE</firstName>
        <sponsorshipDate>2013-03-12</sponsorshipDate>
        <middleName />
      </item>
      <item>
        <lastName>YOUNG</lastName>
        <fullName>Rep. Young, Don [R-AK-At Large]</fullName>
        <bioguideId>Y000033</bioguideId>
        <sponsorshipWithdrawnDate />
        <identifiers>
          <lisID>1256</lisID>
          <bioguideId>Y000033</bioguideId>
          <gpoId>7785</gpoId>
        </identifiers>
        <isOriginalCosponsor>False</isOriginalCosponsor>
        <firstName>DON</firstName>
        <sponsorshipDate>2013-03-14</sponsorshipDate>
        <middleName>E.</middleName>
      </item>
      <item>
        <lastName>Yoder</lastName>
        <fullName>Rep. Yoder, Kevin [R-KS-3]</fullName>
        <bioguideId>Y000063</bioguideId>
        <sponsorshipWithdrawnDate />
        <identifiers>
          <lisID>2021</lisID>
          <bioguideId>Y000063</bioguideId>
          <gpoId>7951</gpoId>
        </identifiers>
        <isOriginalCosponsor>False</isOriginalCosponsor>
        <firstName>Kevin</firstName>
        <sponsorshipDate>2013-03-14</sponsorshipDate>
        <middleName />
      </item>
      <item>
        <lastName>Stewart</lastName>
        <fullName>Rep. Stewart, Chris [R-UT-2]</fullName>
        <bioguideId>S001192</bioguideId>
        <sponsorshipWithdrawnDate />
        <identifiers>
          <gpoId />
          <lisID>2168</lisID>
          <bioguideId>S001192</bioguideId>
        </identifiers>
        <isOriginalCosponsor>False</isOriginalCosponsor>
        <firstName>Chris</firstName>
        <sponsorshipDate>2013-03-14</sponsorshipDate>
        <middleName />
      </item>
      <item>
        <lastName>Meadows</lastName>
        <fullName>Rep. Meadows, Mark [R-NC-11]</fullName>
        <bioguideId>M001187</bioguideId>
        <sponsorshipWithdrawnDate />
        <identifiers>
          <gpoId />
          <lisID>2142</lisID>
          <bioguideId>M001187</bioguideId>
        </identifiers>
        <isOriginalCosponsor>False</isOriginalCosponsor>
        <firstName>Mark</firstName>
        <sponsorshipDate>2013-03-19</sponsorshipDate>
        <middleName />
      </item>
      <item>
        <lastName>Hartzler</lastName>
        <fullName>Rep. Hartzler, Vicky [R-MO-4]</fullName>
        <bioguideId>H001053</bioguideId>
        <sponsorshipWithdrawnDate />
        <identifiers>
          <gpoId>8012</gpoId>
          <bioguideId>H001053</bioguideId>
          <lisID>2032</lisID>
        </identifiers>
        <isOriginalCosponsor>False</isOriginalCosponsor>
        <firstName>Vicky</firstName>
        <sponsorshipDate>2013-03-19</sponsorshipDate>
        <middleName />
      </item>
      <item>
        <lastName>Pearce</lastName>
        <fullName>Rep. Pearce, Stevan [R-NM-2]</fullName>
        <bioguideId>P000588</bioguideId>
        <sponsorshipWithdrawnDate />
        <identifiers>
          <lisID>1738</lisID>
          <bioguideId>P000588</bioguideId>
          <gpoId>8057</gpoId>
        </identifiers>
        <isOriginalCosponsor>False</isOriginalCosponsor>
        <firstName>Stevan</firstName>
        <sponsorshipDate>2013-03-19</sponsorshipDate>
        <middleName />
      </item>
      <item>
        <lastName>Barr</lastName>
        <fullName>Rep. Barr, Andy [R-KY-6]</fullName>
        <bioguideId>B001282</bioguideId>
        <sponsorshipWithdrawnDate />
        <identifiers>
          <bioguideId>B001282</bioguideId>
          <lisID>2131</lisID>
          <gpoId />
        </identifiers>
        <isOriginalCosponsor>False</isOriginalCosponsor>
        <firstName>Andy</firstName>
        <sponsorshipDate>2013-04-09</sponsorshipDate>
        <middleName />
      </item>
      <item>
        <lastName>Johnson</lastName>
        <fullName>Rep. Johnson, Bill [R-OH-6]</fullName>
        <bioguideId>J000292</bioguideId>
        <sponsorshipWithdrawnDate />
        <identifiers>
          <bioguideId>J000292</bioguideId>
          <lisID>2046</lisID>
          <gpoId>8096</gpoId>
        </identifiers>
        <isOriginalCosponsor>False</isOriginalCosponsor>
        <firstName>Bill</firstName>
        <sponsorshipDate>2013-04-09</sponsorshipDate>
        <middleName />
      </item>
      <item>
        <lastName>Bridenstine</lastName>
        <fullName>Rep. Bridenstine, Jim [R-OK-1]</fullName>
        <bioguideId>B001283</bioguideId>
        <sponsorshipWithdrawnDate />
        <identifiers>
          <lisID>2155</lisID>
          <bioguideId>B001283</bioguideId>
          <gpoId />
        </identifiers>
        <isOriginalCosponsor>False</isOriginalCosponsor>
        <firstName>Jim</firstName>
        <sponsorshipDate>2013-04-12</sponsorshipDate>
        <middleName />
      </item>
      <item>
        <lastName>Bachmann</lastName>
        <fullName>Rep. Bachmann, Michele [R-MN-6]</fullName>
        <bioguideId>B001256</bioguideId>
        <sponsorshipWithdrawnDate />
        <identifiers>
          <lisID>1858</lisID>
          <bioguideId>B001256</bioguideId>
          <gpoId>8006</gpoId>
        </identifiers>
        <isOriginalCosponsor>False</isOriginalCosponsor>
        <firstName>Michele</firstName>
        <sponsorshipDate>2013-05-08</sponsorshipDate>
        <middleName />
      </item>
      <item>
        <lastName>Mulvaney</lastName>
        <fullName>Rep. Mulvaney, Mick [R-SC-5]</fullName>
        <bioguideId>M001182</bioguideId>
        <sponsorshipWithdrawnDate />
        <identifiers>
          <bioguideId>M001182</bioguideId>
          <lisID>2059</lisID>
          <gpoId>8145</gpoId>
        </identifiers>
        <isOriginalCosponsor>False</isOriginalCosponsor>
        <firstName>Mick</firstName>
        <sponsorshipDate>2014-04-09</sponsorshipDate>
        <middleName />
      </item>
      <item>
        <lastName>Kelly</lastName>
        <fullName>Rep. Kelly, Mike [R-PA-3]</fullName>
        <bioguideId>K000376</bioguideId>
        <sponsorshipWithdrawnDate />
        <identifiers>
          <bioguideId>K000376</bioguideId>
          <lisID>2051</lisID>
          <gpoId>8708</gpoId>
        </identifiers>
        <isOriginalCosponsor>False</isOriginalCosponsor>
        <firstName>Mike</firstName>
        <sponsorshipDate>2014-04-30</sponsorshipDate>
        <middleName />
      </item>
      <item>
        <lastName>Joyce</lastName>
        <fullName>Rep. Joyce, David P. [R-OH-14]</fullName>
        <bioguideId>J000295</bioguideId>
        <sponsorshipWithdrawnDate />
        <identifiers>
          <lisID>2154</lisID>
          <bioguideId>J000295</bioguideId>
          <gpoId />
        </identifiers>
        <isOriginalCosponsor>False</isOriginalCosponsor>
        <firstName>David</firstName>
        <sponsorshipDate>2014-07-09</sponsorshipDate>
        <middleName>P.</middleName>
      </item>
    </cosponsors>
    <calendarNumbers />
    <relatedBills>
      <item>
        <latestAction>
          <actionDate>2013-03-12</actionDate>
          <text>Read twice and referred to the Committee on Homeland Security and Governmental Affairs.</text>
        </latestAction>
        <type>S</type>
        <congress>113</congress>
        <relationshipDetails>
          <item>
            <type>Related bill</type>
            <identifiedBy>CRS</identifiedBy>
          </item>
        </relationshipDetails>
        <number>523</number>
        <latestTitle>Freedom from Government Competition Act</latestTitle>
      </item>
    </relatedBills>
    <amendments />
    <recordedVotes />
    <title>Freedom from Government Competition Act of 2013</title>
    <latestAction>
      <actionDate>2013-03-12</actionDate>
      <text>Referred to the House Committee on Oversight and Government Reform.</text>
      <links />
    </latestAction>
    <constitutionalAuthorityStatementText><![CDATA[<pre>By Mr. DUNCAN of Tennessee:H.R. 1072.Congress has the power to enact this legislation pursuantto the following:Article 1, Section 8--this bill regulates Commerce amongthe several states.Amendment V--the bill assures that citizens' liberty andproperty (their businesses and livelihood) are not deprived,that the government does not take property (market share,potential for profit and livelihood) without justcompensation.Amendment X--Nothing in the Constitution authorizes theFederal government to do anything other than those thingsenumerated (coin money, enter into treaties, conduct aCensus--which are inherently governmental). Thus, underAmendment X, the right to carry out commercial activities isreserved to the people. Note that the Constitution authorizesthe Post Office. The bill exempts the Postal Service.[Page H1358]</pre>]]></constitutionalAuthorityStatementText>
    <cboCostEstimates />
    <originChamber>House</originChamber>
    <committeeReports />
  </bill>
  <dublinCore xmlns:dc="http://purl.org/dc/elements/1.1/">
    <dc:format>text/xml</dc:format>
    <dc:language>EN</dc:language>
    <dc:rights>Pursuant to Title 17 Section 105 of the United States Code, this file is not subject to copyright protection and is in the public domain.</dc:rights>
    <dc:contributor>Congressional Research Service, Library of Congress</dc:contributor>
    <dc:description>This file contains bill summaries and statuses for federal legislation. A bill summary describes the most significant provisions of a piece of legislation and details the effects the legislative text may have on current law and federal programs. Bill summaries are authored by the Congressional Research Service (CRS) of the Library of Congress. As stated in Public Law 91-510 (2 USC 166 (d)(6)), one of the duties of CRS is "to prepare summaries and digests of bills and resolutions of a public general nature introduced in the Senate or House of Representatives". For more information, refer to the User Guide that accompanies this file.</dc:description>
  </dublinCore>
</billStatus>

