<?xml version="1.0" encoding="UTF-8"?>
<billStatus>
  <bill>
    <updateDate>2016-10-25T15:58:35Z</updateDate>
    <latestAction>
      <text>Referred to the Subcommittee on Regulatory Reform, Commercial And Antitrust Law.</text>
      <links />
      <actionDate>2013-02-28</actionDate>
    </latestAction>
    <policyArea>
      <name>Finance and Financial Sector</name>
    </policyArea>
    <constitutionalAuthorityStatementText><![CDATA[<pre>By Mr. COHEN:H.R. 532.Congress has the power to enact this legislation pursuantto the following:Article I, Section 8, clause 4 of the United StatesConstitution[Page H414]</pre>]]></constitutionalAuthorityStatementText>
    <introducedDate>2013-02-06</introducedDate>
    <subjects>
      <billSubjects>
        <policyArea>
          <name>Finance and Financial Sector</name>
        </policyArea>
        <legislativeSubjects>
          <item>
            <name>Bankruptcy</name>
          </item>
          <item>
            <name>Higher education</name>
          </item>
          <item>
            <name>Student aid and college costs</name>
          </item>
        </legislativeSubjects>
      </billSubjects>
    </subjects>
    <summaries>
      <billSummaries>
        <item>
          <lastSummaryUpdateDate>2014-02-10T19:00:20Z</lastSummaryUpdateDate>
          <name>Introduced in House</name>
          <actionDesc>Introduced in House</actionDesc>
          <text><![CDATA[<p> Private Student Loan Bankruptcy Fairness Act of 2013 - Amends the federal bankruptcy code to limit the non-dischargeability, except in cases of undue hardship, of educational loans to those made, insured, or guaranteed by a governmental unit, or made under any program funded by a governmental unit or any program for which substantially all of the funds are provided by a nonprofit institution (thus allowing the discharge of private educational loan indebtedness without the need to show an undue hardship).]]></text>
          <actionDate>2013-02-06</actionDate>
          <versionCode>00</versionCode>
          <updateDate>2013-02-06T05:00:00Z</updateDate>
        </item>
      </billSummaries>
    </summaries>
    <recordedVotes />
    <notes />
    <billNumber>532</billNumber>
    <committeeReports />
    <calendarNumbers />
    <congress>113</congress>
    <amendments />
    <laws />
    <cboCostEstimates />
    <originChamber>House</originChamber>
    <createDate>2013-02-07T07:00:55Z</createDate>
    <title>Private Student Loan Bankruptcy Fairness Act of 2013</title>
    <sponsors>
      <item>
        <lastName>Cohen</lastName>
        <identifiers>
          <gpoId>8156</gpoId>
          <lisID>1878</lisID>
          <bioguideId>C001068</bioguideId>
        </identifiers>
        <firstName>Steve</firstName>
        <fullName>Rep. Cohen, Steve [D-TN-9]</fullName>
        <bioguideId>C001068</bioguideId>
        <middleName />
        <byRequestType />
      </item>
    </sponsors>
    <cosponsors>
      <item>
        <lastName>DAVIS</lastName>
        <sponsorshipDate>2013-02-06</sponsorshipDate>
        <firstName>DANNY</firstName>
        <identifiers>
          <lisID>1477</lisID>
          <gpoId>7927</gpoId>
          <bioguideId>D000096</bioguideId>
        </identifiers>
        <isOriginalCosponsor>True</isOriginalCosponsor>
        <bioguideId>D000096</bioguideId>
        <fullName>Rep. Davis, Danny K. [D-IL-7]</fullName>
        <middleName>K.</middleName>
        <sponsorshipWithdrawnDate />
      </item>
      <item>
        <lastName>MILLER</lastName>
        <sponsorshipDate>2013-02-06</sponsorshipDate>
        <firstName>GEORGE</firstName>
        <identifiers>
          <gpoId>7812</gpoId>
          <lisID>808</lisID>
          <bioguideId>M000725</bioguideId>
        </identifiers>
        <isOriginalCosponsor>True</isOriginalCosponsor>
        <bioguideId>M000725</bioguideId>
        <fullName>Rep. Miller, George [D-CA-11]</fullName>
        <middleName />
        <sponsorshipWithdrawnDate />
      </item>
      <item>
        <lastName>CONYERS</lastName>
        <sponsorshipDate>2013-02-06</sponsorshipDate>
        <firstName>JOHN</firstName>
        <identifiers>
          <bioguideId>C000714</bioguideId>
          <lisID>229</lisID>
          <gpoId>7999</gpoId>
        </identifiers>
        <isOriginalCosponsor>True</isOriginalCosponsor>
        <bioguideId>C000714</bioguideId>
        <fullName>Rep. Conyers, John, Jr. [D-MI-13]</fullName>
        <middleName />
        <sponsorshipWithdrawnDate />
      </item>
      <item>
        <lastName>LOFGREN</lastName>
        <sponsorshipDate>2013-02-06</sponsorshipDate>
        <firstName>ZOE</firstName>
        <identifiers>
          <gpoId>7821</gpoId>
          <lisID>701</lisID>
          <bioguideId>L000397</bioguideId>
        </identifiers>
        <isOriginalCosponsor>True</isOriginalCosponsor>
        <bioguideId>L000397</bioguideId>
        <fullName>Rep. Lofgren, Zoe [D-CA-19]</fullName>
        <middleName />
        <sponsorshipWithdrawnDate />
      </item>
      <item>
        <lastName>Bordallo</lastName>
        <sponsorshipDate>2013-02-06</sponsorshipDate>
        <firstName>Madeleine</firstName>
        <identifiers>
          <lisID>1723</lisID>
          <bioguideId>B001245</bioguideId>
          <gpoId>7911</gpoId>
        </identifiers>
        <isOriginalCosponsor>True</isOriginalCosponsor>
        <bioguideId>B001245</bioguideId>
        <fullName>Rep. Bordallo, Madeleine Z. [D-GU-At Large]</fullName>
        <middleName>Z.</middleName>
        <sponsorshipWithdrawnDate />
      </item>
      <item>
        <lastName>Chu</lastName>
        <sponsorshipDate>2013-02-06</sponsorshipDate>
        <firstName>Judy</firstName>
        <identifiers>
          <gpoId>7837</gpoId>
          <lisID>1970</lisID>
          <bioguideId>C001080</bioguideId>
        </identifiers>
        <isOriginalCosponsor>True</isOriginalCosponsor>
        <bioguideId>C001080</bioguideId>
        <fullName>Rep. Chu, Judy [D-CA-27]</fullName>
        <middleName />
        <sponsorshipWithdrawnDate />
      </item>
      <item>
        <lastName>Ellison</lastName>
        <sponsorshipDate>2013-02-06</sponsorshipDate>
        <firstName>Keith</firstName>
        <identifiers>
          <bioguideId>E000288</bioguideId>
          <lisID>1857</lisID>
          <gpoId>8005</gpoId>
        </identifiers>
        <isOriginalCosponsor>True</isOriginalCosponsor>
        <bioguideId>E000288</bioguideId>
        <fullName>Rep. Ellison, Keith [D-MN-5]</fullName>
        <middleName />
        <sponsorshipWithdrawnDate />
      </item>
      <item>
        <lastName>HOLT</lastName>
        <sponsorshipDate>2013-02-06</sponsorshipDate>
        <firstName>RUSH</firstName>
        <identifiers>
          <lisID>1580</lisID>
          <bioguideId>H001032</bioguideId>
          <gpoId>8054</gpoId>
        </identifiers>
        <isOriginalCosponsor>True</isOriginalCosponsor>
        <bioguideId>H001032</bioguideId>
        <fullName>Rep. Holt, Rush [D-NJ-12]</fullName>
        <middleName>D.</middleName>
        <sponsorshipWithdrawnDate />
      </item>
      <item>
        <lastName>Johnson</lastName>
        <sponsorshipDate>2013-02-06</sponsorshipDate>
        <firstName>Henry</firstName>
        <identifiers>
          <lisID>1843</lisID>
          <gpoId>7901</gpoId>
          <bioguideId>J000288</bioguideId>
        </identifiers>
        <isOriginalCosponsor>True</isOriginalCosponsor>
        <bioguideId>J000288</bioguideId>
        <fullName>Rep. Johnson, Henry C. "Hank," Jr. [D-GA-4]</fullName>
        <middleName>C. "Hank"</middleName>
        <sponsorshipWithdrawnDate />
      </item>
      <item>
        <lastName>RANGEL</lastName>
        <sponsorshipDate>2013-02-06</sponsorshipDate>
        <firstName>CHARLES</firstName>
        <identifiers>
          <lisID>944</lisID>
          <gpoId>8076</gpoId>
          <bioguideId>R000053</bioguideId>
        </identifiers>
        <isOriginalCosponsor>True</isOriginalCosponsor>
        <bioguideId>R000053</bioguideId>
        <fullName>Rep. Rangel, Charles B. [D-NY-13]</fullName>
        <middleName>B.</middleName>
        <sponsorshipWithdrawnDate />
      </item>
      <item>
        <lastName>WAXMAN</lastName>
        <sponsorshipDate>2013-02-06</sponsorshipDate>
        <firstName>HENRY</firstName>
        <identifiers>
          <lisID>1209</lisID>
          <gpoId>7835</gpoId>
          <bioguideId>W000215</bioguideId>
        </identifiers>
        <isOriginalCosponsor>True</isOriginalCosponsor>
        <bioguideId>W000215</bioguideId>
        <fullName>Rep. Waxman, Henry A. [D-CA-33]</fullName>
        <middleName>A.</middleName>
        <sponsorshipWithdrawnDate />
      </item>
      <item>
        <lastName>LEE</lastName>
        <sponsorshipDate>2013-02-06</sponsorshipDate>
        <firstName>BARBARA</firstName>
        <identifiers>
          <bioguideId>L000551</bioguideId>
          <lisID>1501</lisID>
          <gpoId>7814</gpoId>
        </identifiers>
        <isOriginalCosponsor>True</isOriginalCosponsor>
        <bioguideId>L000551</bioguideId>
        <fullName>Rep. Lee, Barbara [D-CA-13]</fullName>
        <middleName />
        <sponsorshipWithdrawnDate />
      </item>
      <item>
        <lastName>Courtney</lastName>
        <sponsorshipDate>2013-02-06</sponsorshipDate>
        <firstName>Joe</firstName>
        <identifiers>
          <bioguideId>C001069</bioguideId>
          <lisID>1836</lisID>
          <gpoId>7867</gpoId>
        </identifiers>
        <isOriginalCosponsor>True</isOriginalCosponsor>
        <bioguideId>C001069</bioguideId>
        <fullName>Rep. Courtney, Joe [D-CT-2]</fullName>
        <middleName />
        <sponsorshipWithdrawnDate />
      </item>
      <item>
        <lastName>Pingree</lastName>
        <sponsorshipDate>2013-02-06</sponsorshipDate>
        <firstName>Chellie</firstName>
        <identifiers>
          <lisID>1927</lisID>
          <gpoId>7984</gpoId>
          <bioguideId>P000597</bioguideId>
        </identifiers>
        <isOriginalCosponsor>True</isOriginalCosponsor>
        <bioguideId>P000597</bioguideId>
        <fullName>Rep. Pingree, Chellie [D-ME-1]</fullName>
        <middleName />
        <sponsorshipWithdrawnDate />
      </item>
      <item>
        <lastName>Quigley</lastName>
        <sponsorshipDate>2013-02-28</sponsorshipDate>
        <firstName>Mike</firstName>
        <identifiers>
          <gpoId>7925</gpoId>
          <lisID>1967</lisID>
          <bioguideId>Q000023</bioguideId>
        </identifiers>
        <isOriginalCosponsor>False</isOriginalCosponsor>
        <bioguideId>Q000023</bioguideId>
        <fullName>Rep. Quigley, Mike [D-IL-5]</fullName>
        <middleName />
        <sponsorshipWithdrawnDate />
      </item>
      <item>
        <lastName>McNerney</lastName>
        <sponsorshipDate>2013-02-28</sponsorshipDate>
        <firstName>Jerry</firstName>
        <identifiers>
          <gpoId>7816</gpoId>
          <lisID>1832</lisID>
          <bioguideId>M001166</bioguideId>
        </identifiers>
        <isOriginalCosponsor>False</isOriginalCosponsor>
        <bioguideId>M001166</bioguideId>
        <fullName>Rep. McNerney, Jerry [D-CA-9]</fullName>
        <middleName />
        <sponsorshipWithdrawnDate />
      </item>
      <item>
        <lastName>VELAZQUEZ</lastName>
        <sponsorshipDate>2013-02-28</sponsorshipDate>
        <firstName>NYDIA</firstName>
        <identifiers>
          <gpoId>8073</gpoId>
          <bioguideId>V000081</bioguideId>
          <lisID>1184</lisID>
        </identifiers>
        <isOriginalCosponsor>False</isOriginalCosponsor>
        <bioguideId>V000081</bioguideId>
        <fullName>Rep. Velazquez, Nydia M. [D-NY-7]</fullName>
        <middleName>M.</middleName>
        <sponsorshipWithdrawnDate />
      </item>
      <item>
        <lastName>MORAN</lastName>
        <sponsorshipDate>2013-03-12</sponsorshipDate>
        <firstName>JAMES</firstName>
        <identifiers>
          <gpoId>8199</gpoId>
          <bioguideId>M000933</bioguideId>
          <lisID>832</lisID>
        </identifiers>
        <isOriginalCosponsor>False</isOriginalCosponsor>
        <bioguideId>M000933</bioguideId>
        <fullName>Rep. Moran, James P. [D-VA-8]</fullName>
        <middleName>P.</middleName>
        <sponsorshipWithdrawnDate />
      </item>
      <item>
        <lastName>HONDA</lastName>
        <sponsorshipDate>2013-03-12</sponsorshipDate>
        <firstName>MICHAEL</firstName>
        <identifiers>
          <bioguideId>H001034</bioguideId>
          <lisID>1634</lisID>
          <gpoId>7820</gpoId>
        </identifiers>
        <isOriginalCosponsor>False</isOriginalCosponsor>
        <bioguideId>H001034</bioguideId>
        <fullName>Rep. Honda, Michael M. [D-CA-17]</fullName>
        <middleName>M.</middleName>
        <sponsorshipWithdrawnDate />
      </item>
      <item>
        <lastName>MCGOVERN</lastName>
        <sponsorshipDate>2013-03-12</sponsorshipDate>
        <firstName>JAMES</firstName>
        <identifiers>
          <lisID>1504</lisID>
          <bioguideId>M000312</bioguideId>
          <gpoId>7968</gpoId>
        </identifiers>
        <isOriginalCosponsor>False</isOriginalCosponsor>
        <bioguideId>M000312</bioguideId>
        <fullName>Rep. McGovern, James P. [D-MA-2]</fullName>
        <middleName>P.</middleName>
        <sponsorshipWithdrawnDate />
      </item>
      <item>
        <lastName>WATT</lastName>
        <sponsorshipDate>2013-03-12</sponsorshipDate>
        <firstName>MELVIN</firstName>
        <identifiers>
          <gpoId>8035</gpoId>
          <bioguideId>W000207</bioguideId>
          <lisID>1207</lisID>
        </identifiers>
        <isOriginalCosponsor>False</isOriginalCosponsor>
        <bioguideId>W000207</bioguideId>
        <fullName>Rep. Watt, Melvin L. [D-NC-12]</fullName>
        <middleName />
        <sponsorshipWithdrawnDate />
      </item>
      <item>
        <lastName>ESHOO</lastName>
        <sponsorshipDate>2013-03-12</sponsorshipDate>
        <firstName>ANNA</firstName>
        <identifiers>
          <gpoId>7819</gpoId>
          <bioguideId>E000215</bioguideId>
          <lisID>355</lisID>
        </identifiers>
        <isOriginalCosponsor>False</isOriginalCosponsor>
        <bioguideId>E000215</bioguideId>
        <fullName>Rep. Eshoo, Anna G. [D-CA-18]</fullName>
        <middleName>G.</middleName>
        <sponsorshipWithdrawnDate />
      </item>
      <item>
        <lastName>Castor</lastName>
        <sponsorshipDate>2013-03-20</sponsorshipDate>
        <firstName>Kathy</firstName>
        <identifiers>
          <lisID>1839</lisID>
          <gpoId>7883</gpoId>
          <bioguideId>C001066</bioguideId>
        </identifiers>
        <isOriginalCosponsor>False</isOriginalCosponsor>
        <bioguideId>C001066</bioguideId>
        <fullName>Rep. Castor, Kathy [D-FL-14]</fullName>
        <middleName />
        <sponsorshipWithdrawnDate />
      </item>
      <item>
        <lastName>Moore</lastName>
        <sponsorshipDate>2013-03-20</sponsorshipDate>
        <firstName>Gwen</firstName>
        <identifiers>
          <bioguideId>M001160</bioguideId>
          <lisID>1811</lisID>
          <gpoId>8217</gpoId>
        </identifiers>
        <isOriginalCosponsor>False</isOriginalCosponsor>
        <bioguideId>M001160</bioguideId>
        <fullName>Rep. Moore, Gwen [D-WI-4]</fullName>
        <middleName />
        <sponsorshipWithdrawnDate />
      </item>
      <item>
        <lastName>TIERNEY</lastName>
        <sponsorshipDate>2013-04-09</sponsorshipDate>
        <firstName>JOHN</firstName>
        <identifiers>
          <lisID>1535</lisID>
          <bioguideId>T000266</bioguideId>
          <gpoId>7971</gpoId>
        </identifiers>
        <isOriginalCosponsor>False</isOriginalCosponsor>
        <bioguideId>T000266</bioguideId>
        <fullName>Rep. Tierney, John F. [D-MA-6]</fullName>
        <middleName>F.</middleName>
        <sponsorshipWithdrawnDate />
      </item>
      <item>
        <lastName>RYAN</lastName>
        <sponsorshipDate>2013-04-09</sponsorshipDate>
        <firstName>TIM</firstName>
        <identifiers>
          <lisID>1756</lisID>
          <gpoId>8107</gpoId>
          <bioguideId>R000577</bioguideId>
        </identifiers>
        <isOriginalCosponsor>False</isOriginalCosponsor>
        <bioguideId>R000577</bioguideId>
        <fullName>Rep. Ryan, Tim [D-OH-13]</fullName>
        <middleName />
        <sponsorshipWithdrawnDate />
      </item>
      <item>
        <lastName>Brownley</lastName>
        <sponsorshipDate>2013-04-18</sponsorshipDate>
        <firstName>Julia</firstName>
        <identifiers>
          <bioguideId>B001285</bioguideId>
          <lisID>2106</lisID>
          <gpoId />
        </identifiers>
        <isOriginalCosponsor>False</isOriginalCosponsor>
        <bioguideId>B001285</bioguideId>
        <fullName>Rep. Brownley, Julia [D-CA-26]</fullName>
        <middleName />
        <sponsorshipWithdrawnDate />
      </item>
      <item>
        <lastName>Swalwell</lastName>
        <sponsorshipDate>2013-05-09</sponsorshipDate>
        <firstName>Eric</firstName>
        <identifiers>
          <lisID>2104</lisID>
          <gpoId />
          <bioguideId>S001193</bioguideId>
        </identifiers>
        <isOriginalCosponsor>False</isOriginalCosponsor>
        <bioguideId>S001193</bioguideId>
        <fullName>Rep. Swalwell, Eric [D-CA-15]</fullName>
        <middleName />
        <sponsorshipWithdrawnDate />
      </item>
      <item>
        <lastName>SCHAKOWSKY</lastName>
        <sponsorshipDate>2013-05-09</sponsorshipDate>
        <firstName>JANICE</firstName>
        <identifiers>
          <bioguideId>S001145</bioguideId>
          <lisID>1588</lisID>
          <gpoId>7929</gpoId>
        </identifiers>
        <isOriginalCosponsor>False</isOriginalCosponsor>
        <bioguideId>S001145</bioguideId>
        <fullName>Rep. Schakowsky, Janice D. [D-IL-9]</fullName>
        <middleName>D.</middleName>
        <sponsorshipWithdrawnDate />
      </item>
      <item>
        <lastName>Butterfield</lastName>
        <sponsorshipDate>2013-06-20</sponsorshipDate>
        <firstName>G. K.</firstName>
        <identifiers>
          <lisID>1761</lisID>
          <bioguideId>B001251</bioguideId>
          <gpoId>8024</gpoId>
        </identifiers>
        <isOriginalCosponsor>False</isOriginalCosponsor>
        <bioguideId>B001251</bioguideId>
        <fullName>Rep. Butterfield, G. K. [D-NC-1]</fullName>
        <middleName />
        <sponsorshipWithdrawnDate />
      </item>
      <item>
        <lastName>Titus</lastName>
        <sponsorshipDate>2013-06-20</sponsorshipDate>
        <firstName>Dina</firstName>
        <identifiers>
          <gpoId>7493</gpoId>
          <bioguideId>T000468</bioguideId>
          <lisID>1940</lisID>
        </identifiers>
        <isOriginalCosponsor>False</isOriginalCosponsor>
        <bioguideId>T000468</bioguideId>
        <fullName>Rep. Titus, Dina [D-NV-1]</fullName>
        <middleName />
        <sponsorshipWithdrawnDate />
      </item>
      <item>
        <lastName>Peters</lastName>
        <sponsorshipDate>2013-06-20</sponsorshipDate>
        <firstName>Scott</firstName>
        <identifiers>
          <lisID>2113</lisID>
          <bioguideId>P000608</bioguideId>
          <gpoId />
        </identifiers>
        <isOriginalCosponsor>False</isOriginalCosponsor>
        <bioguideId>P000608</bioguideId>
        <fullName>Rep. Peters, Scott H. [D-CA-52]</fullName>
        <middleName>H.</middleName>
        <sponsorshipWithdrawnDate />
      </item>
      <item>
        <lastName>Edwards</lastName>
        <sponsorshipDate>2013-06-20</sponsorshipDate>
        <firstName>Donna</firstName>
        <identifiers>
          <lisID>1894</lisID>
          <bioguideId>E000290</bioguideId>
          <gpoId>7979</gpoId>
        </identifiers>
        <isOriginalCosponsor>False</isOriginalCosponsor>
        <bioguideId>E000290</bioguideId>
        <fullName>Rep. Edwards, Donna F. [D-MD-4]</fullName>
        <middleName>F.</middleName>
        <sponsorshipWithdrawnDate />
      </item>
      <item>
        <lastName>Shea-Porter</lastName>
        <sponsorshipDate>2013-12-12</sponsorshipDate>
        <firstName>Carol</firstName>
        <identifiers>
          <bioguideId>S001170</bioguideId>
          <lisID>1861</lisID>
          <gpoId>7528</gpoId>
        </identifiers>
        <isOriginalCosponsor>False</isOriginalCosponsor>
        <bioguideId>S001170</bioguideId>
        <fullName>Rep. Shea-Porter, Carol [D-NH-1]</fullName>
        <middleName />
        <sponsorshipWithdrawnDate />
      </item>
      <item>
        <lastName>Grijalva</lastName>
        <sponsorshipDate>2014-03-12</sponsorshipDate>
        <firstName>Raul</firstName>
        <identifiers>
          <gpoId>7804</gpoId>
          <lisID>1708</lisID>
          <bioguideId>G000551</bioguideId>
        </identifiers>
        <isOriginalCosponsor>False</isOriginalCosponsor>
        <bioguideId>G000551</bioguideId>
        <fullName>Rep. Grijalva, Raul M. [D-AZ-3]</fullName>
        <middleName>M.</middleName>
        <sponsorshipWithdrawnDate />
      </item>
      <item>
        <lastName>Yarmuth</lastName>
        <sponsorshipDate>2014-03-12</sponsorshipDate>
        <firstName>John</firstName>
        <identifiers>
          <bioguideId>Y000062</bioguideId>
          <lisID>1853</lisID>
          <gpoId>7955</gpoId>
        </identifiers>
        <isOriginalCosponsor>False</isOriginalCosponsor>
        <bioguideId>Y000062</bioguideId>
        <fullName>Rep. Yarmuth, John A. [D-KY-3]</fullName>
        <middleName>A.</middleName>
        <sponsorshipWithdrawnDate />
      </item>
      <item>
        <lastName>Connolly</lastName>
        <sponsorshipDate>2014-03-26</sponsorshipDate>
        <firstName>Gerald</firstName>
        <identifiers>
          <lisID>1959</lisID>
          <bioguideId>C001078</bioguideId>
          <gpoId>8202</gpoId>
        </identifiers>
        <isOriginalCosponsor>False</isOriginalCosponsor>
        <bioguideId>C001078</bioguideId>
        <fullName>Rep. Connolly, Gerald E. [D-VA-11]</fullName>
        <middleName>E.</middleName>
        <sponsorshipWithdrawnDate />
      </item>
      <item>
        <lastName>Keating</lastName>
        <sponsorshipDate>2014-03-26</sponsorshipDate>
        <firstName>William</firstName>
        <identifiers>
          <lisID>2025</lisID>
          <bioguideId>K000375</bioguideId>
          <gpoId>7975</gpoId>
        </identifiers>
        <isOriginalCosponsor>False</isOriginalCosponsor>
        <bioguideId>K000375</bioguideId>
        <fullName>Rep. Keating, William R. [D-MA-9]</fullName>
        <middleName>R.</middleName>
        <sponsorshipWithdrawnDate />
      </item>
      <item>
        <lastName>LANGEVIN</lastName>
        <sponsorshipDate>2014-03-26</sponsorshipDate>
        <firstName>JAMES</firstName>
        <identifiers>
          <bioguideId>L000559</bioguideId>
          <lisID>1668</lisID>
          <gpoId>8140</gpoId>
        </identifiers>
        <isOriginalCosponsor>False</isOriginalCosponsor>
        <bioguideId>L000559</bioguideId>
        <fullName>Rep. Langevin, James R. [D-RI-2]</fullName>
        <middleName>R.</middleName>
        <sponsorshipWithdrawnDate />
      </item>
      <item>
        <lastName>DELAURO</lastName>
        <sponsorshipDate>2014-05-29</sponsorshipDate>
        <firstName>ROSA</firstName>
        <identifiers>
          <bioguideId>D000216</bioguideId>
          <lisID>281</lisID>
          <gpoId>7868</gpoId>
        </identifiers>
        <isOriginalCosponsor>False</isOriginalCosponsor>
        <bioguideId>D000216</bioguideId>
        <fullName>Rep. DeLauro, Rosa L. [D-CT-3]</fullName>
        <middleName />
        <sponsorshipWithdrawnDate />
      </item>
      <item>
        <lastName>NOLAN</lastName>
        <sponsorshipDate>2014-06-17</sponsorshipDate>
        <firstName>RICHARD</firstName>
        <identifiers>
          <gpoId />
          <bioguideId>N000127</bioguideId>
          <lisID>867</lisID>
        </identifiers>
        <isOriginalCosponsor>False</isOriginalCosponsor>
        <bioguideId>N000127</bioguideId>
        <fullName>Rep. Nolan, Richard M. [D-MN-8]</fullName>
        <middleName />
        <sponsorshipWithdrawnDate />
      </item>
      <item>
        <lastName>Deutch</lastName>
        <sponsorshipDate>2014-07-10</sponsorshipDate>
        <firstName>Theodore</firstName>
        <identifiers>
          <gpoId>7891</gpoId>
          <lisID>1976</lisID>
          <bioguideId>D000610</bioguideId>
        </identifiers>
        <isOriginalCosponsor>False</isOriginalCosponsor>
        <bioguideId>D000610</bioguideId>
        <fullName>Rep. Deutch, Theodore E. [D-FL-21]</fullName>
        <middleName>E.</middleName>
        <sponsorshipWithdrawnDate />
      </item>
      <item>
        <lastName>Welch</lastName>
        <sponsorshipDate>2014-07-31</sponsorshipDate>
        <firstName>Peter</firstName>
        <identifiers>
          <gpoId>8204</gpoId>
          <lisID>1879</lisID>
          <bioguideId>W000800</bioguideId>
        </identifiers>
        <isOriginalCosponsor>False</isOriginalCosponsor>
        <bioguideId>W000800</bioguideId>
        <fullName>Rep. Welch, Peter [D-VT-At Large]</fullName>
        <middleName />
        <sponsorshipWithdrawnDate />
      </item>
      <item>
        <lastName>CAPPS</lastName>
        <sponsorshipDate>2014-11-14</sponsorshipDate>
        <firstName>LOIS</firstName>
        <identifiers>
          <bioguideId>C001036</bioguideId>
          <lisID>1471</lisID>
          <gpoId>7828</gpoId>
        </identifiers>
        <isOriginalCosponsor>False</isOriginalCosponsor>
        <bioguideId>C001036</bioguideId>
        <fullName>Rep. Capps, Lois [D-CA-24]</fullName>
        <middleName />
        <sponsorshipWithdrawnDate />
      </item>
    </cosponsors>
    <actions>
      <item>
        <actionDate>2013-02-28</actionDate>
        <committee>
          <systemCode>hsju05</systemCode>
          <name>Regulatory Reform, Commercial And Antitrust Law Subcommittee</name>
        </committee>
        <links />
        <sourceSystem>
          <code>1</code>
          <name>House committee actions</name>
        </sourceSystem>
        <text>Referred to the Subcommittee on Regulatory Reform, Commercial And Antitrust Law.</text>
        <type>Committee</type>
      </item>
      <item>
        <sourceSystem>
          <code>2</code>
          <name>House floor actions</name>
        </sourceSystem>
        <actionDate>2013-02-06</actionDate>
        <committee>
          <systemCode>hsju00</systemCode>
          <name>Judiciary Committee</name>
        </committee>
        <actionCode>H11100</actionCode>
        <type>IntroReferral</type>
        <links />
        <text>Referred to the House Committee on the Judiciary.</text>
      </item>
      <item>
        <sourceSystem>
          <code>9</code>
          <name>Library of Congress</name>
        </sourceSystem>
        <actionDate>2013-02-06</actionDate>
        <committee />
        <actionCode>Intro-H</actionCode>
        <type>IntroReferral</type>
        <links />
        <text>Introduced in House</text>
      </item>
      <item>
        <sourceSystem>
          <code>9</code>
          <name>Library of Congress</name>
        </sourceSystem>
        <actionDate>2013-02-06</actionDate>
        <committee />
        <actionCode>1000</actionCode>
        <type>IntroReferral</type>
        <links />
        <text>Introduced in House</text>
      </item>
      <actionByCounts>
        <houseOfRepresentatives>4</houseOfRepresentatives>
      </actionByCounts>
      <actionTypeCounts>
        <introducedInHouse>1</introducedInHouse>
        <placeholderTextForH>1</placeholderTextForH>
        <billReferrals>1</billReferrals>
        <introducedInTheHouse>1</introducedInTheHouse>
      </actionTypeCounts>
    </actions>
    <titles>
      <item>
        <parentTitleType />
        <title>Private Student Loan Bankruptcy Fairness Act of 2013</title>
        <chamberName />
        <titleType>Short Titles as Introduced</titleType>
        <chamberCode />
      </item>
      <item>
        <parentTitleType />
        <title>To amend title 11 of the United States Code to modify the dischargeability of debts for certain educational payments and loans.</title>
        <chamberName />
        <titleType>Official Title as Introduced</titleType>
        <chamberCode />
      </item>
      <item>
        <parentTitleType />
        <title>Private Student Loan Bankruptcy Fairness Act of 2013</title>
        <chamberName />
        <titleType>Display Title</titleType>
        <chamberCode />
      </item>
    </titles>
    <billType>HR</billType>
    <relatedBills>
      <item>
        <latestAction>
          <text>Referred to the Subcommittee on Regulatory Reform, Commercial And Antitrust Law.</text>
          <actionDate>2013-04-08</actionDate>
        </latestAction>
        <relationshipDetails>
          <item>
            <identifiedBy>CRS</identifiedBy>
            <type>Related bill</type>
          </item>
        </relationshipDetails>
        <type>HR</type>
        <number>646</number>
        <congress>113</congress>
        <latestTitle>Bankruptcy Nondiscrimination Enhancement Act of 2013</latestTitle>
      </item>
    </relatedBills>
    <committees>
      <billCommittees>
        <item>
          <systemCode>hsju00</systemCode>
          <subcommittees>
            <item>
              <systemCode>hsju05</systemCode>
              <name>Regulatory Reform, Commercial And Antitrust Law Subcommittee</name>
              <activities>
                <item>
                  <name>Referred to</name>
                  <date>2013-02-28T21:42:50Z</date>
                </item>
              </activities>
            </item>
          </subcommittees>
          <chamber>House</chamber>
          <type>Standing</type>
          <name>Judiciary Committee</name>
          <activities>
            <item>
              <name>Referred to</name>
              <date>2013-02-06T14:06:20Z</date>
            </item>
          </activities>
        </item>
      </billCommittees>
    </committees>
  </bill>
  <dublinCore xmlns:dc="http://purl.org/dc/elements/1.1/">
    <dc:format>text/xml</dc:format>
    <dc:language>EN</dc:language>
    <dc:rights>Pursuant to Title 17 Section 105 of the United States Code, this file is not subject to copyright protection and is in the public domain.</dc:rights>
    <dc:contributor>Congressional Research Service, Library of Congress</dc:contributor>
    <dc:description>This file contains bill summaries and statuses for federal legislation. A bill summary describes the most significant provisions of a piece of legislation and details the effects the legislative text may have on current law and federal programs. Bill summaries are authored by the Congressional Research Service (CRS) of the Library of Congress. As stated in Public Law 91-510 (2 USC 166 (d)(6)), one of the duties of CRS is "to prepare summaries and digests of bills and resolutions of a public general nature introduced in the Senate or House of Representatives". For more information, refer to the User Guide that accompanies this file.</dc:description>
  </dublinCore>
</billStatus>

