<?xml version="1.0" encoding="UTF-8"?>
<billStatus>
  <bill>
    <updateDate>2016-10-25T16:01:30Z</updateDate>
    <latestAction>
      <text>Referred to the Subcommittee on Workforce Protections.</text>
      <links />
      <actionDate>2013-04-23</actionDate>
    </latestAction>
    <policyArea>
      <name>Labor and Employment</name>
    </policyArea>
    <constitutionalAuthorityStatementText><![CDATA[<pre>By Mr. GRAYSON:H.R. 1346.Congress has the power to enact this legislation pursuantto the following:Article I, Section 8, Clause 3``The Congress shall have Power . . . To regulate Commercewith foreign Nations and among the several States, and withthe Indian Tribes.''[Page H1827]</pre>]]></constitutionalAuthorityStatementText>
    <introducedDate>2013-03-21</introducedDate>
    <subjects>
      <billSubjects>
        <policyArea>
          <name>Labor and Employment</name>
        </policyArea>
        <legislativeSubjects>
          <item>
            <name>Government information and archives</name>
          </item>
          <item>
            <name>Home and outpatient care</name>
          </item>
          <item>
            <name>Inflation and prices</name>
          </item>
          <item>
            <name>Migrant, seasonal, agricultural labor</name>
          </item>
          <item>
            <name>Wages and earnings</name>
          </item>
        </legislativeSubjects>
      </billSubjects>
    </subjects>
    <summaries>
      <billSummaries>
        <item>
          <text><![CDATA[<p>Catching Up To 1968 Act of 2013 - Amends the Fair Labor Standards Act of 1938 to increase to $10.50 an hour (adjusted annually based on increases in the Consumer Price Index) the federal minimum wage for employees.</p> <p>Prescribes the federal minimum wage for tipped employees to be 70% of the federal minimum wage in effect for employees.</p> <p>Directs the Secretary of Labor, 60 days before any increase in the minimum wage, to publish the increase in the Federal Register and on the Department of Labor's website. </p> <p> Revises the exemption from minimum wage and maximum hour requirements of agricultural employees to eliminate (and so subject to such requirements) all agricultural employees except those who are members of the employer's immediate family.</p> <p>Eliminates from that same exemption (and thereby subject to such requirements) any employee employed in domestic service employment to provide companionship services for individuals who because of age or infirmity are unable to care for themselves.</p>]]></text>
          <actionDesc>Introduced in House</actionDesc>
          <lastSummaryUpdateDate>2013-05-10T17:02:15Z</lastSummaryUpdateDate>
          <versionCode>00</versionCode>
          <actionDate>2013-03-21</actionDate>
          <name>Introduced in House</name>
          <updateDate>2013-03-21T04:00:00Z</updateDate>
        </item>
      </billSummaries>
    </summaries>
    <recordedVotes />
    <notes />
    <billNumber>1346</billNumber>
    <committeeReports />
    <calendarNumbers />
    <congress>113</congress>
    <amendments />
    <laws />
    <cboCostEstimates />
    <originChamber>House</originChamber>
    <createDate>2013-03-22T07:01:11Z</createDate>
    <title>Catching Up To 1968 Act of 2013</title>
    <sponsors>
      <item>
        <lastName>Grayson</lastName>
        <identifiers>
          <bioguideId>G000556</bioguideId>
          <lisID>1914</lisID>
          <gpoId>7302</gpoId>
        </identifiers>
        <firstName>Alan</firstName>
        <fullName>Rep. Grayson, Alan [D-FL-9]</fullName>
        <bioguideId>G000556</bioguideId>
        <middleName />
        <byRequestType />
      </item>
    </sponsors>
    <cosponsors>
      <item>
        <lastName>CONYERS</lastName>
        <identifiers>
          <lisID>229</lisID>
          <bioguideId>C000714</bioguideId>
          <gpoId>7999</gpoId>
        </identifiers>
        <firstName>JOHN</firstName>
        <fullName>Rep. Conyers, John, Jr. [D-MI-13]</fullName>
        <bioguideId>C000714</bioguideId>
        <sponsorshipDate>2013-04-24</sponsorshipDate>
        <middleName />
        <isOriginalCosponsor>False</isOriginalCosponsor>
        <sponsorshipWithdrawnDate />
      </item>
      <item>
        <lastName>RUSH</lastName>
        <identifiers>
          <bioguideId>R000515</bioguideId>
          <lisID>1003</lisID>
          <gpoId>7921</gpoId>
        </identifiers>
        <firstName>BOBBY</firstName>
        <fullName>Rep. Rush, Bobby L. [D-IL-1]</fullName>
        <bioguideId>R000515</bioguideId>
        <sponsorshipDate>2013-04-30</sponsorshipDate>
        <middleName>L.</middleName>
        <isOriginalCosponsor>False</isOriginalCosponsor>
        <sponsorshipWithdrawnDate />
      </item>
      <item>
        <lastName>Bass</lastName>
        <identifiers>
          <gpoId>7838</gpoId>
          <bioguideId>B001270</bioguideId>
          <lisID>1996</lisID>
        </identifiers>
        <firstName>Karen</firstName>
        <fullName>Rep. Bass, Karen [D-CA-37]</fullName>
        <bioguideId>B001270</bioguideId>
        <sponsorshipDate>2013-05-06</sponsorshipDate>
        <middleName />
        <isOriginalCosponsor>False</isOriginalCosponsor>
        <sponsorshipWithdrawnDate />
      </item>
      <item>
        <lastName>Wilson</lastName>
        <identifiers>
          <gpoId>7889</gpoId>
          <bioguideId>W000808</bioguideId>
          <lisID>2004</lisID>
        </identifiers>
        <firstName>Frederica</firstName>
        <fullName>Rep. Wilson, Frederica S. [D-FL-24]</fullName>
        <bioguideId>W000808</bioguideId>
        <sponsorshipDate>2013-05-16</sponsorshipDate>
        <middleName>S.</middleName>
        <isOriginalCosponsor>False</isOriginalCosponsor>
        <sponsorshipWithdrawnDate />
      </item>
      <item>
        <lastName>HASTINGS</lastName>
        <identifiers>
          <gpoId>7895</gpoId>
          <lisID>511</lisID>
          <bioguideId>H000324</bioguideId>
        </identifiers>
        <firstName>ALCEE</firstName>
        <fullName>Rep. Hastings, Alcee L. [D-FL-20]</fullName>
        <bioguideId>H000324</bioguideId>
        <sponsorshipDate>2013-05-17</sponsorshipDate>
        <middleName>L.</middleName>
        <isOriginalCosponsor>False</isOriginalCosponsor>
        <sponsorshipWithdrawnDate />
      </item>
      <item>
        <lastName>RANGEL</lastName>
        <identifiers>
          <lisID>944</lisID>
          <gpoId>8076</gpoId>
          <bioguideId>R000053</bioguideId>
        </identifiers>
        <firstName>CHARLES</firstName>
        <fullName>Rep. Rangel, Charles B. [D-NY-13]</fullName>
        <bioguideId>R000053</bioguideId>
        <sponsorshipDate>2013-05-20</sponsorshipDate>
        <middleName>B.</middleName>
        <isOriginalCosponsor>False</isOriginalCosponsor>
        <sponsorshipWithdrawnDate />
      </item>
      <item>
        <lastName>LEWIS</lastName>
        <identifiers>
          <gpoId>7902</gpoId>
          <lisID>688</lisID>
          <bioguideId>L000287</bioguideId>
        </identifiers>
        <firstName>JOHN</firstName>
        <fullName>Rep. Lewis, John [D-GA-5]</fullName>
        <bioguideId>L000287</bioguideId>
        <sponsorshipDate>2013-05-22</sponsorshipDate>
        <middleName />
        <isOriginalCosponsor>False</isOriginalCosponsor>
        <sponsorshipWithdrawnDate />
      </item>
      <item>
        <lastName>Ellison</lastName>
        <identifiers>
          <gpoId>8005</gpoId>
          <bioguideId>E000288</bioguideId>
          <lisID>1857</lisID>
        </identifiers>
        <firstName>Keith</firstName>
        <fullName>Rep. Ellison, Keith [D-MN-5]</fullName>
        <bioguideId>E000288</bioguideId>
        <sponsorshipDate>2013-06-03</sponsorshipDate>
        <middleName />
        <isOriginalCosponsor>False</isOriginalCosponsor>
        <sponsorshipWithdrawnDate />
      </item>
      <item>
        <lastName>LEE</lastName>
        <identifiers>
          <bioguideId>L000551</bioguideId>
          <lisID>1501</lisID>
          <gpoId>7814</gpoId>
        </identifiers>
        <firstName>BARBARA</firstName>
        <fullName>Rep. Lee, Barbara [D-CA-13]</fullName>
        <bioguideId>L000551</bioguideId>
        <sponsorshipDate>2013-06-03</sponsorshipDate>
        <middleName />
        <isOriginalCosponsor>False</isOriginalCosponsor>
        <sponsorshipWithdrawnDate />
      </item>
      <item>
        <lastName>MCGOVERN</lastName>
        <identifiers>
          <gpoId>7968</gpoId>
          <bioguideId>M000312</bioguideId>
          <lisID>1504</lisID>
        </identifiers>
        <firstName>JAMES</firstName>
        <fullName>Rep. McGovern, James P. [D-MA-2]</fullName>
        <bioguideId>M000312</bioguideId>
        <sponsorshipDate>2013-07-17</sponsorshipDate>
        <middleName>P.</middleName>
        <isOriginalCosponsor>False</isOriginalCosponsor>
        <sponsorshipWithdrawnDate />
      </item>
      <item>
        <lastName>JOHNSON</lastName>
        <identifiers>
          <bioguideId>J000126</bioguideId>
          <lisID>599</lisID>
          <gpoId>8186</gpoId>
        </identifiers>
        <firstName>EDDIE</firstName>
        <fullName>Rep. Johnson, Eddie Bernice [D-TX-30]</fullName>
        <bioguideId>J000126</bioguideId>
        <sponsorshipDate>2013-07-25</sponsorshipDate>
        <middleName>BERNICE</middleName>
        <isOriginalCosponsor>False</isOriginalCosponsor>
        <sponsorshipWithdrawnDate />
      </item>
      <item>
        <lastName>NADLER</lastName>
        <identifiers>
          <bioguideId>N000002</bioguideId>
          <lisID>850</lisID>
          <gpoId>8069</gpoId>
        </identifiers>
        <firstName>JERROLD</firstName>
        <fullName>Rep. Nadler, Jerrold [D-NY-10]</fullName>
        <bioguideId>N000002</bioguideId>
        <sponsorshipDate>2013-07-25</sponsorshipDate>
        <middleName />
        <isOriginalCosponsor>False</isOriginalCosponsor>
        <sponsorshipWithdrawnDate />
      </item>
      <item>
        <lastName>Clarke</lastName>
        <identifiers>
          <gpoId>8072</gpoId>
          <lisID>1864</lisID>
          <bioguideId>C001067</bioguideId>
        </identifiers>
        <firstName>Yvette</firstName>
        <fullName>Rep. Clarke, Yvette D. [D-NY-9]</fullName>
        <bioguideId>C001067</bioguideId>
        <sponsorshipDate>2013-07-25</sponsorshipDate>
        <middleName>D.</middleName>
        <isOriginalCosponsor>False</isOriginalCosponsor>
        <sponsorshipWithdrawnDate />
      </item>
      <item>
        <lastName>NOLAN</lastName>
        <identifiers>
          <gpoId />
          <bioguideId>N000127</bioguideId>
          <lisID>867</lisID>
        </identifiers>
        <firstName>RICHARD</firstName>
        <fullName>Rep. Nolan, Richard M. [D-MN-8]</fullName>
        <bioguideId>N000127</bioguideId>
        <sponsorshipDate>2013-07-25</sponsorshipDate>
        <middleName />
        <isOriginalCosponsor>False</isOriginalCosponsor>
        <sponsorshipWithdrawnDate />
      </item>
      <item>
        <lastName>Kildee</lastName>
        <identifiers>
          <gpoId />
          <lisID>2134</lisID>
          <bioguideId>K000380</bioguideId>
        </identifiers>
        <firstName>Daniel</firstName>
        <fullName>Rep. Kildee, Daniel T [D-MI-5]</fullName>
        <bioguideId>K000380</bioguideId>
        <sponsorshipDate>2013-07-25</sponsorshipDate>
        <middleName>T.</middleName>
        <isOriginalCosponsor>False</isOriginalCosponsor>
        <sponsorshipWithdrawnDate />
      </item>
      <item>
        <lastName>MEEKS</lastName>
        <identifiers>
          <lisID>1506</lisID>
          <bioguideId>M001137</bioguideId>
          <gpoId>8067</gpoId>
        </identifiers>
        <firstName>GREGORY</firstName>
        <fullName>Rep. Meeks, Gregory W. [D-NY-5]</fullName>
        <bioguideId>M001137</bioguideId>
        <sponsorshipDate>2013-07-30</sponsorshipDate>
        <middleName>W.</middleName>
        <isOriginalCosponsor>False</isOriginalCosponsor>
        <sponsorshipWithdrawnDate />
      </item>
      <item>
        <lastName>NORTON</lastName>
        <identifiers>
          <gpoId>7871</gpoId>
          <bioguideId>N000147</bioguideId>
          <lisID>868</lisID>
        </identifiers>
        <firstName>ELEANOR</firstName>
        <fullName>Rep. Norton, Eleanor Holmes [D-DC-At Large]</fullName>
        <bioguideId>N000147</bioguideId>
        <sponsorshipDate>2013-07-30</sponsorshipDate>
        <middleName>HOLMES</middleName>
        <isOriginalCosponsor>False</isOriginalCosponsor>
        <sponsorshipWithdrawnDate />
      </item>
      <item>
        <lastName>Lowenthal</lastName>
        <identifiers>
          <gpoId />
          <bioguideId>L000579</bioguideId>
          <lisID>2111</lisID>
        </identifiers>
        <firstName>Alan</firstName>
        <fullName>Rep. Lowenthal, Alan S. [D-CA-47]</fullName>
        <bioguideId>L000579</bioguideId>
        <sponsorshipDate>2013-08-01</sponsorshipDate>
        <middleName>S.</middleName>
        <isOriginalCosponsor>False</isOriginalCosponsor>
        <sponsorshipWithdrawnDate />
      </item>
      <item>
        <lastName>DELAURO</lastName>
        <identifiers>
          <gpoId>7868</gpoId>
          <bioguideId>D000216</bioguideId>
          <lisID>281</lisID>
        </identifiers>
        <firstName>ROSA</firstName>
        <fullName>Rep. DeLauro, Rosa L. [D-CT-3]</fullName>
        <bioguideId>D000216</bioguideId>
        <sponsorshipDate>2013-09-10</sponsorshipDate>
        <middleName />
        <isOriginalCosponsor>False</isOriginalCosponsor>
        <sponsorshipWithdrawnDate />
      </item>
    </cosponsors>
    <actions>
      <item>
        <actionDate>2013-04-23</actionDate>
        <committee>
          <systemCode>hsed10</systemCode>
          <name>Workforce Protections Subcommittee</name>
        </committee>
        <links />
        <sourceSystem>
          <name>House committee actions</name>
          <code>1</code>
        </sourceSystem>
        <text>Referred to the Subcommittee on Workforce Protections.</text>
        <type>Committee</type>
      </item>
      <item>
        <links />
        <actionCode>H11100</actionCode>
        <committee>
          <systemCode>hsed00</systemCode>
          <name>Education and the Workforce Committee</name>
        </committee>
        <type>IntroReferral</type>
        <sourceSystem>
          <name>House floor actions</name>
          <code>2</code>
        </sourceSystem>
        <text>Referred to the House Committee on Education and the Workforce.</text>
        <actionDate>2013-03-21</actionDate>
      </item>
      <item>
        <links />
        <actionCode>Intro-H</actionCode>
        <committee />
        <type>IntroReferral</type>
        <sourceSystem>
          <name>Library of Congress</name>
          <code>9</code>
        </sourceSystem>
        <text>Introduced in House</text>
        <actionDate>2013-03-21</actionDate>
      </item>
      <item>
        <links />
        <actionCode>1000</actionCode>
        <committee />
        <type>IntroReferral</type>
        <sourceSystem>
          <name>Library of Congress</name>
          <code>9</code>
        </sourceSystem>
        <text>Introduced in House</text>
        <actionDate>2013-03-21</actionDate>
      </item>
      <actionTypeCounts>
        <billReferrals>1</billReferrals>
        <placeholderTextForH>1</placeholderTextForH>
        <introducedInHouse>1</introducedInHouse>
        <introducedInTheHouse>1</introducedInTheHouse>
      </actionTypeCounts>
      <actionByCounts>
        <houseOfRepresentatives>4</houseOfRepresentatives>
      </actionByCounts>
    </actions>
    <titles>
      <item>
        <title>Catching Up To 1968 Act of 2013</title>
        <titleType>Short Titles as Introduced</titleType>
        <parentTitleType />
        <chamberName />
        <chamberCode />
      </item>
      <item>
        <title>To amend the Fair Labor Standards Act of 1938 to provide for an increase in the Federal minimum wage and to index future increases to such wage to increases in the consumer price index.</title>
        <titleType>Official Title as Introduced</titleType>
        <parentTitleType />
        <chamberName />
        <chamberCode />
      </item>
      <item>
        <title>Catching Up To 1968 Act of 2013</title>
        <titleType>Display Title</titleType>
        <parentTitleType />
        <chamberName />
        <chamberCode />
      </item>
    </titles>
    <billType>HR</billType>
    <relatedBills />
    <committees>
      <billCommittees>
        <item>
          <chamber>House</chamber>
          <activities>
            <item>
              <name>Referred to</name>
              <date>2013-03-21T13:07:45Z</date>
            </item>
          </activities>
          <name>Education and the Workforce Committee</name>
          <subcommittees>
            <item>
              <name>Workforce Protections Subcommittee</name>
              <activities>
                <item>
                  <name>Referred to</name>
                  <date>2013-04-23T20:13:51Z</date>
                </item>
              </activities>
              <systemCode>hsed10</systemCode>
            </item>
          </subcommittees>
          <type>Standing</type>
          <systemCode>hsed00</systemCode>
        </item>
      </billCommittees>
    </committees>
  </bill>
  <dublinCore xmlns:dc="http://purl.org/dc/elements/1.1/">
    <dc:format>text/xml</dc:format>
    <dc:language>EN</dc:language>
    <dc:rights>Pursuant to Title 17 Section 105 of the United States Code, this file is not subject to copyright protection and is in the public domain.</dc:rights>
    <dc:contributor>Congressional Research Service, Library of Congress</dc:contributor>
    <dc:description>This file contains bill summaries and statuses for federal legislation. A bill summary describes the most significant provisions of a piece of legislation and details the effects the legislative text may have on current law and federal programs. Bill summaries are authored by the Congressional Research Service (CRS) of the Library of Congress. As stated in Public Law 91-510 (2 USC 166 (d)(6)), one of the duties of CRS is "to prepare summaries and digests of bills and resolutions of a public general nature introduced in the Senate or House of Representatives". For more information, refer to the User Guide that accompanies this file.</dc:description>
  </dublinCore>
</billStatus>

