<?xml version="1.0" encoding="UTF-8"?>
<billStatus>
  <bill>
    <latestAction>
      <actionDate>2013-01-18</actionDate>
      <text>Referred to the Subcommittee on Communications and Technology.</text>
      <links />
    </latestAction>
    <committeeReports />
    <cboCostEstimates />
    <billType>HR</billType>
    <relatedBills />
    <createDate>2013-01-16T07:02:11Z</createDate>
    <title>To revoke a requirement of Executive Order 13618 with respect to the use of privately owned communications resources by the Secretary of Homeland Security, and for other purposes.</title>
    <cosponsors />
    <updateDate>2016-10-25T15:57:50Z</updateDate>
    <amendments />
    <originChamber>House</originChamber>
    <subjects>
      <billSubjects>
        <legislativeSubjects>
          <item>
            <name>Broadcasting, cable, digital technologies</name>
          </item>
          <item>
            <name>Congressional oversight</name>
          </item>
          <item>
            <name>Emergency communications systems</name>
          </item>
          <item>
            <name>Homeland security</name>
          </item>
          <item>
            <name>Internet and video services</name>
          </item>
          <item>
            <name>Presidents and presidential powers, Vice Presidents</name>
          </item>
          <item>
            <name>Telephone and wireless communication</name>
          </item>
        </legislativeSubjects>
        <policyArea>
          <name>Science, Technology, Communications</name>
        </policyArea>
      </billSubjects>
    </subjects>
    <policyArea>
      <name>Science, Technology, Communications</name>
    </policyArea>
    <congress>113</congress>
    <constitutionalAuthorityStatementText><![CDATA[<pre>By Mr. NUGENT:H.R. 294.Congress has the power to enact this legislation pursuantto the following:Article I, Section 8, Clause 3--To regulate Commerce withforeign Nations, and among the several States, and with theIndian Tribes.[Page H172]</pre>]]></constitutionalAuthorityStatementText>
    <summaries>
      <billSummaries>
        <item>
          <lastSummaryUpdateDate>2013-01-22T20:30:13Z</lastSummaryUpdateDate>
          <name>Introduced in House</name>
          <actionDesc>Introduced in House</actionDesc>
          <text><![CDATA[<p>Revokes a provision of Executive Order 13618 (entitled &quot;Assignment of National Security and Emergency Preparedness Communications Functions&quot;) to the extent that it requires the Secretary of Homeland Security (DHS) to satisfy priority communications requirements through the use of privately owned communications resources.</p> <p>Prohibits: (1) any federal agency or instrumentality from satisfying priority communications requirements through the use of privately owned communications resources, or (2) appropriated funds from being used to take any action that expands the federal government's authority to control such resources.</p>]]></text>
          <actionDate>2013-01-15</actionDate>
          <versionCode>00</versionCode>
          <updateDate>2013-01-15T05:00:00Z</updateDate>
        </item>
      </billSummaries>
    </summaries>
    <sponsors>
      <item>
        <fullName>Rep. Nugent, Richard B. [R-FL-11]</fullName>
        <byRequestType />
        <bioguideId>N000185</bioguideId>
        <firstName>Richard</firstName>
        <middleName>B.</middleName>
        <identifiers>
          <lisID>2001</lisID>
          <bioguideId>N000185</bioguideId>
          <gpoId>7877</gpoId>
        </identifiers>
        <lastName>Nugent</lastName>
      </item>
    </sponsors>
    <calendarNumbers />
    <laws />
    <introducedDate>2013-01-15</introducedDate>
    <billNumber>294</billNumber>
    <actions>
      <actionByCounts>
        <houseOfRepresentatives>4</houseOfRepresentatives>
      </actionByCounts>
      <actionTypeCounts>
        <billReferrals>1</billReferrals>
        <introducedInHouse>1</introducedInHouse>
        <placeholderTextForH>1</placeholderTextForH>
        <introducedInTheHouse>1</introducedInTheHouse>
      </actionTypeCounts>
      <item>
        <actionDate>2013-01-18</actionDate>
        <committee>
          <name>Communications and Technology Subcommittee</name>
          <systemCode>hsif16</systemCode>
        </committee>
        <links />
        <sourceSystem>
          <code>1</code>
          <name>House committee actions</name>
        </sourceSystem>
        <text>Referred to the Subcommittee on Communications and Technology.</text>
        <type>Committee</type>
      </item>
      <item>
        <sourceSystem>
          <code>2</code>
          <name>House floor actions</name>
        </sourceSystem>
        <type>IntroReferral</type>
        <actionDate>2013-01-15</actionDate>
        <text>Referred to the House Committee on Energy and Commerce.</text>
        <committee>
          <name>Energy and Commerce Committee</name>
          <systemCode>hsif00</systemCode>
        </committee>
        <actionCode>H11100</actionCode>
        <links />
      </item>
      <item>
        <sourceSystem>
          <code>9</code>
          <name>Library of Congress</name>
        </sourceSystem>
        <type>IntroReferral</type>
        <actionDate>2013-01-15</actionDate>
        <text>Introduced in House</text>
        <committee />
        <actionCode>Intro-H</actionCode>
        <links />
      </item>
      <item>
        <sourceSystem>
          <code>9</code>
          <name>Library of Congress</name>
        </sourceSystem>
        <type>IntroReferral</type>
        <actionDate>2013-01-15</actionDate>
        <text>Introduced in House</text>
        <committee />
        <actionCode>1000</actionCode>
        <links />
      </item>
    </actions>
    <notes />
    <titles>
      <item>
        <title>To revoke a requirement of Executive Order 13618 with respect to the use of privately owned communications resources by the Secretary of Homeland Security, and for other purposes.</title>
        <titleType>Official Title as Introduced</titleType>
        <parentTitleType />
        <chamberName />
        <chamberCode />
      </item>
      <item>
        <title>To revoke a requirement of Executive Order 13618 with respect to the use of privately owned communications resources by the Secretary of Homeland Security, and for other purposes.</title>
        <titleType>Display Title</titleType>
        <parentTitleType />
        <chamberName />
        <chamberCode />
      </item>
    </titles>
    <recordedVotes />
    <committees>
      <billCommittees>
        <item>
          <activities>
            <item>
              <date>2013-01-15T15:03:10Z</date>
              <name>Referred to</name>
            </item>
          </activities>
          <chamber>House</chamber>
          <type>Standing</type>
          <subcommittees>
            <item>
              <activities>
                <item>
                  <date>2013-01-18T21:26:53Z</date>
                  <name>Referred to</name>
                </item>
              </activities>
              <name>Communications and Technology Subcommittee</name>
              <systemCode>hsif16</systemCode>
            </item>
          </subcommittees>
          <name>Energy and Commerce Committee</name>
          <systemCode>hsif00</systemCode>
        </item>
      </billCommittees>
    </committees>
  </bill>
  <dublinCore xmlns:dc="http://purl.org/dc/elements/1.1/">
    <dc:format>text/xml</dc:format>
    <dc:language>EN</dc:language>
    <dc:rights>Pursuant to Title 17 Section 105 of the United States Code, this file is not subject to copyright protection and is in the public domain.</dc:rights>
    <dc:contributor>Congressional Research Service, Library of Congress</dc:contributor>
    <dc:description>This file contains bill summaries and statuses for federal legislation. A bill summary describes the most significant provisions of a piece of legislation and details the effects the legislative text may have on current law and federal programs. Bill summaries are authored by the Congressional Research Service (CRS) of the Library of Congress. As stated in Public Law 91-510 (2 USC 166 (d)(6)), one of the duties of CRS is "to prepare summaries and digests of bills and resolutions of a public general nature introduced in the Senate or House of Representatives". For more information, refer to the User Guide that accompanies this file.</dc:description>
  </dublinCore>
</billStatus>

