<?xml version="1.0" encoding="UTF-8"?>
<billStatus>
  <bill>
    <sponsors>
      <item>
        <lastName>Hanabusa</lastName>
        <fullName>Rep. Hanabusa, Colleen W. [D-HI-1]</fullName>
        <middleName>W.</middleName>
        <firstName>Colleen</firstName>
        <identifiers>
          <gpoId>7912</gpoId>
          <bioguideId>H001050</bioguideId>
          <lisID>2010</lisID>
        </identifiers>
        <byRequestType />
        <bioguideId>H001050</bioguideId>
      </item>
    </sponsors>
    <latestAction>
      <links />
      <text>Referred to House Armed Services</text>
      <actionDate>2013-02-25</actionDate>
    </latestAction>
    <laws />
    <createDate>2013-02-26T07:00:51Z</createDate>
    <updateDate>2016-10-25T15:59:34Z</updateDate>
    <committees>
      <billCommittees>
        <item>
          <subcommittees />
          <activities>
            <item>
              <name>Referred to</name>
              <date>2013-02-25T19:01:35Z</date>
            </item>
          </activities>
          <type>Standing</type>
          <systemCode>hsas00</systemCode>
          <chamber>House</chamber>
          <name>Armed Services Committee</name>
        </item>
        <item>
          <subcommittees />
          <activities>
            <item>
              <name>Referred to</name>
              <date>2013-02-25T19:01:30Z</date>
            </item>
          </activities>
          <type>Standing</type>
          <systemCode>hsap00</systemCode>
          <chamber>House</chamber>
          <name>Appropriations Committee</name>
        </item>
      </billCommittees>
    </committees>
    <title>To grant the Secretary of Defense the authority to transfer funding under a continuing resolution, and for other purposes.</title>
    <introducedDate>2013-02-25</introducedDate>
    <relatedBills />
    <billNumber>810</billNumber>
    <amendments />
    <subjects>
      <billSubjects>
        <legislativeSubjects>
          <item>
            <name>Appropriations</name>
          </item>
          <item>
            <name>Congressional oversight</name>
          </item>
          <item>
            <name>Defense spending</name>
          </item>
          <item>
            <name>Department of Defense</name>
          </item>
          <item>
            <name>Executive agency funding and structure</name>
          </item>
          <item>
            <name>Military procurement, research, weapons development</name>
          </item>
        </legislativeSubjects>
        <policyArea>
          <name>Armed Forces and National Security</name>
        </policyArea>
      </billSubjects>
    </subjects>
    <actions>
      <actionByCounts>
        <houseOfRepresentatives>5</houseOfRepresentatives>
      </actionByCounts>
      <actionTypeCounts>
        <billReferrals>2</billReferrals>
        <introducedInHouse>1</introducedInHouse>
        <billReferralsAggregate>1</billReferralsAggregate>
        <introducedInTheHouse>1</introducedInTheHouse>
      </actionTypeCounts>
      <item>
        <sourceSystem>
          <code>2</code>
          <name>House floor actions</name>
        </sourceSystem>
        <type>IntroReferral</type>
        <actionDate>2013-02-25</actionDate>
        <text>Referred to House Armed Services</text>
        <committee>
          <name>Armed Services Committee</name>
          <systemCode>hsas00</systemCode>
        </committee>
        <actionCode>H11100</actionCode>
        <links />
      </item>
      <item>
        <sourceSystem>
          <code>2</code>
          <name>House floor actions</name>
        </sourceSystem>
        <type>IntroReferral</type>
        <actionDate>2013-02-25</actionDate>
        <text>Referred to House Appropriations</text>
        <committee>
          <name>Appropriations Committee</name>
          <systemCode>hsap00</systemCode>
        </committee>
        <actionCode>H11100</actionCode>
        <links />
      </item>
      <item>
        <sourceSystem>
          <code>9</code>
          <name>Library of Congress</name>
        </sourceSystem>
        <type>IntroReferral</type>
        <actionDate>2013-02-25</actionDate>
        <text>Referred to the Committee on Appropriations, and in addition to the Committee on Armed Services, for a period to be subsequently determined by the Speaker, in each case for consideration of such provisions as fall within the jurisdiction of the committee concerned.</text>
        <committee />
        <actionCode>H11100-A</actionCode>
        <links />
      </item>
      <item>
        <sourceSystem>
          <code>9</code>
          <name>Library of Congress</name>
        </sourceSystem>
        <type>IntroReferral</type>
        <actionDate>2013-02-25</actionDate>
        <text>Introduced in House</text>
        <committee />
        <actionCode>Intro-H</actionCode>
        <links />
      </item>
      <item>
        <sourceSystem>
          <code>9</code>
          <name>Library of Congress</name>
        </sourceSystem>
        <type>IntroReferral</type>
        <actionDate>2013-02-25</actionDate>
        <text>Introduced in House</text>
        <committee />
        <actionCode>1000</actionCode>
        <links />
      </item>
    </actions>
    <constitutionalAuthorityStatementText><![CDATA[<pre>By Ms. HANABUSA:H.R. 810.Congress has the power to enact this legislation pursuantto the following:The constitutional authority on which this bill rests isthe power of Congress ``to provide for the common Defence'',``to raise and support Armies'', ``to provide and maintain aNavy'' and ``to make Rules for the Government and Regulationof the land and naval Forces'' as enumerated in Article I,section 8 of the United States Constitution.[Page H628]</pre>]]></constitutionalAuthorityStatementText>
    <policyArea>
      <name>Armed Forces and National Security</name>
    </policyArea>
    <cosponsors>
      <item>
        <sponsorshipDate>2013-03-04</sponsorshipDate>
        <lastName>Enyart</lastName>
        <fullName>Rep. Enyart, William L. [D-IL-12]</fullName>
        <middleName>L.</middleName>
        <firstName>William</firstName>
        <sponsorshipWithdrawnDate />
        <identifiers>
          <bioguideId>E000292</bioguideId>
          <lisID>2125</lisID>
          <gpoId />
        </identifiers>
        <isOriginalCosponsor>False</isOriginalCosponsor>
        <bioguideId>E000292</bioguideId>
      </item>
      <item>
        <sponsorshipDate>2013-03-04</sponsorshipDate>
        <lastName>MCDERMOTT</lastName>
        <fullName>Rep. McDermott, Jim [D-WA-7]</fullName>
        <middleName />
        <firstName>JIM</firstName>
        <sponsorshipWithdrawnDate />
        <identifiers>
          <lisID>766</lisID>
          <gpoId>8211</gpoId>
          <bioguideId>M000404</bioguideId>
        </identifiers>
        <isOriginalCosponsor>False</isOriginalCosponsor>
        <bioguideId>M000404</bioguideId>
      </item>
      <item>
        <sponsorshipDate>2013-03-12</sponsorshipDate>
        <lastName>Bucshon</lastName>
        <fullName>Rep. Bucshon, Larry [R-IN-8]</fullName>
        <middleName />
        <firstName>Larry</firstName>
        <sponsorshipWithdrawnDate />
        <identifiers>
          <lisID>2018</lisID>
          <bioguideId>B001275</bioguideId>
          <gpoId>7947</gpoId>
        </identifiers>
        <isOriginalCosponsor>False</isOriginalCosponsor>
        <bioguideId>B001275</bioguideId>
      </item>
    </cosponsors>
    <cboCostEstimates />
    <summaries>
      <billSummaries>
        <item>
          <lastSummaryUpdateDate>2013-03-12T19:34:43Z</lastSummaryUpdateDate>
          <text><![CDATA[<p>Directs the Secretary of Defense to submit to the congressional defense and appropriations committees a detailed outline of, and accounting under the discretionary spending limit for: (1) the efficiencies relating to Department of Defense (DOD) contracting for goods and services, and (2) the DOD budget initiate.</p> <p>Authorizes the Secretary to transfer amounts made available by a continuing resolution among DOD accounts. Prohibits the amount transferred to any account from exceeding that authorized for such account by the National Defense Authorization Act for Fiscal Year 2013.</p> <p>Makes such transfer authority inapplicable in the event a regular appropriations Act for DOD is enacted for FY2013.</p> <p>Requires 15 days' advance notification to such committees prior to any such transfer.</p>]]></text>
          <updateDate>2013-02-25T05:00:00Z</updateDate>
          <actionDesc>Introduced in House</actionDesc>
          <name>Introduced in House</name>
          <versionCode>00</versionCode>
          <actionDate>2013-02-25</actionDate>
        </item>
      </billSummaries>
    </summaries>
    <committeeReports />
    <recordedVotes />
    <calendarNumbers />
    <notes />
    <billType>HR</billType>
    <congress>113</congress>
    <originChamber>House</originChamber>
    <titles>
      <item>
        <titleType>Official Title as Introduced</titleType>
        <title>To grant the Secretary of Defense the authority to transfer funding under a continuing resolution, and for other purposes.</title>
        <chamberCode />
        <chamberName />
        <parentTitleType />
      </item>
      <item>
        <titleType>Display Title</titleType>
        <title>To grant the Secretary of Defense the authority to transfer funding under a continuing resolution, and for other purposes.</title>
        <chamberCode />
        <chamberName />
        <parentTitleType />
      </item>
    </titles>
  </bill>
  <dublinCore xmlns:dc="http://purl.org/dc/elements/1.1/">
    <dc:format>text/xml</dc:format>
    <dc:language>EN</dc:language>
    <dc:rights>Pursuant to Title 17 Section 105 of the United States Code, this file is not subject to copyright protection and is in the public domain.</dc:rights>
    <dc:contributor>Congressional Research Service, Library of Congress</dc:contributor>
    <dc:description>This file contains bill summaries and statuses for federal legislation. A bill summary describes the most significant provisions of a piece of legislation and details the effects the legislative text may have on current law and federal programs. Bill summaries are authored by the Congressional Research Service (CRS) of the Library of Congress. As stated in Public Law 91-510 (2 USC 166 (d)(6)), one of the duties of CRS is "to prepare summaries and digests of bills and resolutions of a public general nature introduced in the Senate or House of Representatives". For more information, refer to the User Guide that accompanies this file.</dc:description>
  </dublinCore>
</billStatus>

