<?xml version="1.0" encoding="UTF-8"?>
<billStatus>
  <bill>
    <cosponsors>
      <item>
        <middleName>B.</middleName>
        <firstName>WALTER</firstName>
        <fullName>Rep. Jones, Walter B., Jr. [R-NC-3]</fullName>
        <sponsorshipWithdrawnDate />
        <sponsorshipDate>2013-02-06</sponsorshipDate>
        <bioguideId>J000255</bioguideId>
        <lastName>JONES</lastName>
        <isOriginalCosponsor>True</isOriginalCosponsor>
        <identifiers>
          <bioguideId>J000255</bioguideId>
          <lisID>612</lisID>
          <gpoId>8026</gpoId>
        </identifiers>
      </item>
      <item>
        <middleName>A.</middleName>
        <firstName>PETER</firstName>
        <fullName>Rep. DeFazio, Peter A. [D-OR-4]</fullName>
        <sponsorshipWithdrawnDate />
        <sponsorshipDate>2013-02-06</sponsorshipDate>
        <bioguideId>D000191</bioguideId>
        <lastName>DEFAZIO</lastName>
        <isOriginalCosponsor>True</isOriginalCosponsor>
        <identifiers>
          <gpoId>8117</gpoId>
          <lisID>279</lisID>
          <bioguideId>D000191</bioguideId>
        </identifiers>
      </item>
      <item>
        <middleName />
        <firstName>MIKE</firstName>
        <fullName>Rep. Thompson, Mike [D-CA-5]</fullName>
        <sponsorshipWithdrawnDate />
        <sponsorshipDate>2013-02-06</sponsorshipDate>
        <bioguideId>T000460</bioguideId>
        <lastName>THOMPSON</lastName>
        <isOriginalCosponsor>True</isOriginalCosponsor>
        <identifiers>
          <gpoId>7806</gpoId>
          <bioguideId>T000460</bioguideId>
          <lisID>1593</lisID>
        </identifiers>
      </item>
      <item>
        <middleName />
        <firstName>Jared</firstName>
        <fullName>Rep. Huffman, Jared [D-CA-2]</fullName>
        <sponsorshipWithdrawnDate />
        <sponsorshipDate>2013-02-06</sponsorshipDate>
        <bioguideId>H001068</bioguideId>
        <lastName>Huffman</lastName>
        <isOriginalCosponsor>True</isOriginalCosponsor>
        <identifiers>
          <gpoId />
          <lisID>2101</lisID>
          <bioguideId>H001068</bioguideId>
        </identifiers>
      </item>
      <item>
        <middleName>Z.</middleName>
        <firstName>Madeleine</firstName>
        <fullName>Rep. Bordallo, Madeleine Z. [D-GU-At Large]</fullName>
        <sponsorshipWithdrawnDate />
        <sponsorshipDate>2013-02-12</sponsorshipDate>
        <bioguideId>B001245</bioguideId>
        <lastName>Bordallo</lastName>
        <isOriginalCosponsor>False</isOriginalCosponsor>
        <identifiers>
          <gpoId>7911</gpoId>
          <lisID>1723</lisID>
          <bioguideId>B001245</bioguideId>
        </identifiers>
      </item>
      <item>
        <middleName>P.</middleName>
        <firstName>JAMES</firstName>
        <fullName>Rep. Moran, James P. [D-VA-8]</fullName>
        <sponsorshipWithdrawnDate />
        <sponsorshipDate>2013-02-12</sponsorshipDate>
        <bioguideId>M000933</bioguideId>
        <lastName>MORAN</lastName>
        <isOriginalCosponsor>False</isOriginalCosponsor>
        <identifiers>
          <lisID>832</lisID>
          <gpoId>8199</gpoId>
          <bioguideId>M000933</bioguideId>
        </identifiers>
      </item>
      <item>
        <middleName />
        <firstName>Chellie</firstName>
        <fullName>Rep. Pingree, Chellie [D-ME-1]</fullName>
        <sponsorshipWithdrawnDate />
        <sponsorshipDate>2013-02-12</sponsorshipDate>
        <bioguideId>P000597</bioguideId>
        <lastName>Pingree</lastName>
        <isOriginalCosponsor>False</isOriginalCosponsor>
        <identifiers>
          <gpoId>7984</gpoId>
          <bioguideId>P000597</bioguideId>
          <lisID>1927</lisID>
        </identifiers>
      </item>
      <item>
        <middleName>M.</middleName>
        <firstName>LOUISE</firstName>
        <fullName>Rep. Slaughter, Louise McIntosh [D-NY-25]</fullName>
        <sponsorshipWithdrawnDate />
        <sponsorshipDate>2013-02-12</sponsorshipDate>
        <bioguideId>S000480</bioguideId>
        <lastName>SLAUGHTER</lastName>
        <isOriginalCosponsor>False</isOriginalCosponsor>
        <identifiers>
          <gpoId>8089</gpoId>
          <lisID>1069</lisID>
          <bioguideId>S000480</bioguideId>
        </identifiers>
      </item>
      <item>
        <middleName />
        <firstName>BETTY</firstName>
        <fullName>Rep. McCollum, Betty [D-MN-4]</fullName>
        <sponsorshipWithdrawnDate />
        <sponsorshipDate>2013-02-12</sponsorshipDate>
        <bioguideId>M001143</bioguideId>
        <lastName>MCCOLLUM</lastName>
        <isOriginalCosponsor>False</isOriginalCosponsor>
        <identifiers>
          <bioguideId>M001143</bioguideId>
          <lisID>1653</lisID>
          <gpoId>8004</gpoId>
        </identifiers>
      </item>
      <item>
        <middleName />
        <firstName>LOIS</firstName>
        <fullName>Rep. Capps, Lois [D-CA-24]</fullName>
        <sponsorshipWithdrawnDate />
        <sponsorshipDate>2013-02-12</sponsorshipDate>
        <bioguideId>C001036</bioguideId>
        <lastName>CAPPS</lastName>
        <isOriginalCosponsor>False</isOriginalCosponsor>
        <identifiers>
          <gpoId>7828</gpoId>
          <lisID>1471</lisID>
          <bioguideId>C001036</bioguideId>
        </identifiers>
      </item>
      <item>
        <middleName>William</middleName>
        <firstName>Daniel</firstName>
        <fullName>Rep. Lipinski, Daniel [D-IL-3]</fullName>
        <sponsorshipWithdrawnDate />
        <sponsorshipDate>2013-02-14</sponsorshipDate>
        <bioguideId>L000563</bioguideId>
        <lastName>Lipinski</lastName>
        <isOriginalCosponsor>False</isOriginalCosponsor>
        <identifiers>
          <lisID>1781</lisID>
          <gpoId>7923</gpoId>
          <bioguideId>L000563</bioguideId>
        </identifiers>
      </item>
      <item>
        <middleName />
        <firstName>ZOE</firstName>
        <fullName>Rep. Lofgren, Zoe [D-CA-19]</fullName>
        <sponsorshipWithdrawnDate />
        <sponsorshipDate>2013-02-14</sponsorshipDate>
        <bioguideId>L000397</bioguideId>
        <lastName>LOFGREN</lastName>
        <isOriginalCosponsor>False</isOriginalCosponsor>
        <identifiers>
          <gpoId>7821</gpoId>
          <lisID>701</lisID>
          <bioguideId>L000397</bioguideId>
        </identifiers>
      </item>
      <item>
        <middleName />
        <firstName>GEORGE</firstName>
        <fullName>Rep. Miller, George [D-CA-11]</fullName>
        <sponsorshipWithdrawnDate />
        <sponsorshipDate>2013-02-14</sponsorshipDate>
        <bioguideId>M000725</bioguideId>
        <lastName>MILLER</lastName>
        <isOriginalCosponsor>False</isOriginalCosponsor>
        <identifiers>
          <gpoId>7812</gpoId>
          <bioguideId>M000725</bioguideId>
          <lisID>808</lisID>
        </identifiers>
      </item>
      <item>
        <middleName />
        <firstName>EARL</firstName>
        <fullName>Rep. Blumenauer, Earl [D-OR-3]</fullName>
        <sponsorshipWithdrawnDate />
        <sponsorshipDate>2013-02-14</sponsorshipDate>
        <bioguideId>B000574</bioguideId>
        <lastName>BLUMENAUER</lastName>
        <isOriginalCosponsor>False</isOriginalCosponsor>
        <identifiers>
          <lisID>99</lisID>
          <bioguideId>B000574</bioguideId>
          <gpoId>8116</gpoId>
        </identifiers>
      </item>
      <item>
        <middleName>G.</middleName>
        <firstName>ANNA</firstName>
        <fullName>Rep. Eshoo, Anna G. [D-CA-18]</fullName>
        <sponsorshipWithdrawnDate />
        <sponsorshipDate>2013-03-13</sponsorshipDate>
        <bioguideId>E000215</bioguideId>
        <lastName>ESHOO</lastName>
        <isOriginalCosponsor>False</isOriginalCosponsor>
        <identifiers>
          <lisID>355</lisID>
          <bioguideId>E000215</bioguideId>
          <gpoId>7819</gpoId>
        </identifiers>
      </item>
      <item>
        <middleName />
        <firstName>JIM</firstName>
        <fullName>Rep. McDermott, Jim [D-WA-7]</fullName>
        <sponsorshipWithdrawnDate />
        <sponsorshipDate>2013-03-13</sponsorshipDate>
        <bioguideId>M000404</bioguideId>
        <lastName>MCDERMOTT</lastName>
        <isOriginalCosponsor>False</isOriginalCosponsor>
        <identifiers>
          <bioguideId>M000404</bioguideId>
          <lisID>766</lisID>
          <gpoId>8211</gpoId>
        </identifiers>
      </item>
      <item>
        <middleName />
        <firstName>Suzanne</firstName>
        <fullName>Rep. Bonamici, Suzanne [D-OR-1]</fullName>
        <sponsorshipWithdrawnDate />
        <sponsorshipDate>2013-03-13</sponsorshipDate>
        <bioguideId>B001278</bioguideId>
        <lastName>Bonamici</lastName>
        <isOriginalCosponsor>False</isOriginalCosponsor>
        <identifiers>
          <lisID>2092</lisID>
          <gpoId>8367</gpoId>
          <bioguideId>B001278</bioguideId>
        </identifiers>
      </item>
      <item>
        <middleName />
        <firstName>Jackie</firstName>
        <fullName>Rep. Speier, Jackie [D-CA-14]</fullName>
        <sponsorshipWithdrawnDate />
        <sponsorshipDate>2013-03-13</sponsorshipDate>
        <bioguideId>S001175</bioguideId>
        <lastName>Speier</lastName>
        <isOriginalCosponsor>False</isOriginalCosponsor>
        <identifiers>
          <bioguideId>S001175</bioguideId>
          <lisID>1890</lisID>
          <gpoId>7817</gpoId>
        </identifiers>
      </item>
      <item>
        <middleName>LACY</middleName>
        <firstName>WM.</firstName>
        <fullName>Rep. Clay, Wm. Lacy [D-MO-1]</fullName>
        <sponsorshipWithdrawnDate />
        <sponsorshipDate>2013-03-13</sponsorshipDate>
        <bioguideId>C001049</bioguideId>
        <lastName>CLAY</lastName>
        <isOriginalCosponsor>False</isOriginalCosponsor>
        <identifiers>
          <bioguideId>C001049</bioguideId>
          <lisID>1654</lisID>
          <gpoId>8009</gpoId>
        </identifiers>
      </item>
      <item>
        <middleName>L.</middleName>
        <firstName>ALCEE</firstName>
        <fullName>Rep. Hastings, Alcee L. [D-FL-20]</fullName>
        <sponsorshipWithdrawnDate />
        <sponsorshipDate>2013-03-13</sponsorshipDate>
        <bioguideId>H000324</bioguideId>
        <lastName>HASTINGS</lastName>
        <isOriginalCosponsor>False</isOriginalCosponsor>
        <identifiers>
          <lisID>511</lisID>
          <gpoId>7895</gpoId>
          <bioguideId>H000324</bioguideId>
        </identifiers>
      </item>
      <item>
        <middleName />
        <firstName>SAM</firstName>
        <fullName>Rep. Farr, Sam [D-CA-20]</fullName>
        <sponsorshipWithdrawnDate />
        <sponsorshipDate>2013-03-13</sponsorshipDate>
        <bioguideId>F000030</bioguideId>
        <lastName>FARR</lastName>
        <isOriginalCosponsor>False</isOriginalCosponsor>
        <identifiers>
          <gpoId>7822</gpoId>
          <lisID>368</lisID>
          <bioguideId>F000030</bioguideId>
        </identifiers>
      </item>
      <item>
        <middleName />
        <firstName>Carol</firstName>
        <fullName>Rep. Shea-Porter, Carol [D-NH-1]</fullName>
        <sponsorshipWithdrawnDate />
        <sponsorshipDate>2013-03-15</sponsorshipDate>
        <bioguideId>S001170</bioguideId>
        <lastName>Shea-Porter</lastName>
        <isOriginalCosponsor>False</isOriginalCosponsor>
        <identifiers>
          <gpoId>7528</gpoId>
          <bioguideId>S001170</bioguideId>
          <lisID>1861</lisID>
        </identifiers>
      </item>
      <item>
        <middleName />
        <firstName>Steve</firstName>
        <fullName>Rep. Cohen, Steve [D-TN-9]</fullName>
        <sponsorshipWithdrawnDate />
        <sponsorshipDate>2013-04-09</sponsorshipDate>
        <bioguideId>C001068</bioguideId>
        <lastName>Cohen</lastName>
        <isOriginalCosponsor>False</isOriginalCosponsor>
        <identifiers>
          <lisID>1878</lisID>
          <bioguideId>C001068</bioguideId>
          <gpoId>8156</gpoId>
        </identifiers>
      </item>
    </cosponsors>
    <latestAction>
      <actionDate>2013-02-08</actionDate>
      <links />
      <text>Referred to the Subcommittee on Health.</text>
    </latestAction>
    <amendments />
    <laws />
    <createDate>2013-02-07T07:00:56Z</createDate>
    <summaries>
      <billSummaries>
        <item>
          <lastSummaryUpdateDate>2013-02-22T21:26:54Z</lastSummaryUpdateDate>
          <text><![CDATA[<p>Amends the Federal Food, Drug, and Cosmetic Act to deem a food to be misbranded if it contains genetically-engineered fish unless the food bears a label stating that it contains genetically-engineered fish.</p>]]></text>
          <updateDate>2013-02-06T05:00:00Z</updateDate>
          <actionDesc>Introduced in House</actionDesc>
          <name>Introduced in House</name>
          <versionCode>00</versionCode>
          <actionDate>2013-02-06</actionDate>
        </item>
      </billSummaries>
    </summaries>
    <constitutionalAuthorityStatementText><![CDATA[<pre>By Mr. YOUNG of Alaska:H.R. 584.Congress has the power to enact this legislation pursuantto the following:Article 1, Section 8, Clause 3[Page H416]</pre>]]></constitutionalAuthorityStatementText>
    <titles>
      <item>
        <chamberName />
        <titleType>Official Title as Introduced</titleType>
        <title>To amend the Federal Food, Drug, and Cosmetic Act to require labeling of genetically engineered fish.</title>
        <chamberCode />
        <parentTitleType />
      </item>
      <item>
        <chamberName />
        <titleType>Display Title</titleType>
        <title>To amend the Federal Food, Drug, and Cosmetic Act to require labeling of genetically engineered fish.</title>
        <chamberCode />
        <parentTitleType />
      </item>
    </titles>
    <calendarNumbers />
    <updateDate>2016-10-25T15:58:45Z</updateDate>
    <introducedDate>2013-02-06</introducedDate>
    <recordedVotes />
    <policyArea>
      <name>Agriculture and Food</name>
    </policyArea>
    <subjects>
      <billSubjects>
        <policyArea>
          <name>Agriculture and Food</name>
        </policyArea>
        <legislativeSubjects>
          <item>
            <name>Fishes</name>
          </item>
          <item>
            <name>Food supply, safety, and labeling</name>
          </item>
          <item>
            <name>Genetics</name>
          </item>
          <item>
            <name>Seafood</name>
          </item>
        </legislativeSubjects>
      </billSubjects>
    </subjects>
    <actions>
      <item>
        <actionDate>2013-02-08</actionDate>
        <committee>
          <systemCode>hsif14</systemCode>
          <name>Health Subcommittee</name>
        </committee>
        <links />
        <sourceSystem>
          <code>1</code>
          <name>House committee actions</name>
        </sourceSystem>
        <text>Referred to the Subcommittee on Health.</text>
        <type>Committee</type>
      </item>
      <item>
        <sourceSystem>
          <code>2</code>
          <name>House floor actions</name>
        </sourceSystem>
        <actionDate>2013-02-06</actionDate>
        <committee>
          <systemCode>hsif00</systemCode>
          <name>Energy and Commerce Committee</name>
        </committee>
        <actionCode>H11100</actionCode>
        <type>IntroReferral</type>
        <links />
        <text>Referred to the House Committee on Energy and Commerce.</text>
      </item>
      <item>
        <sourceSystem>
          <code>9</code>
          <name>Library of Congress</name>
        </sourceSystem>
        <actionDate>2013-02-06</actionDate>
        <committee />
        <actionCode>Intro-H</actionCode>
        <type>IntroReferral</type>
        <links />
        <text>Introduced in House</text>
      </item>
      <item>
        <sourceSystem>
          <code>9</code>
          <name>Library of Congress</name>
        </sourceSystem>
        <actionDate>2013-02-06</actionDate>
        <committee />
        <actionCode>1000</actionCode>
        <type>IntroReferral</type>
        <links />
        <text>Introduced in House</text>
      </item>
      <actionByCounts>
        <houseOfRepresentatives>4</houseOfRepresentatives>
      </actionByCounts>
      <actionTypeCounts>
        <introducedInHouse>1</introducedInHouse>
        <placeholderTextForH>1</placeholderTextForH>
        <billReferrals>1</billReferrals>
        <introducedInTheHouse>1</introducedInTheHouse>
      </actionTypeCounts>
    </actions>
    <originChamber>House</originChamber>
    <committees>
      <billCommittees>
        <item>
          <subcommittees>
            <item>
              <name>Health Subcommittee</name>
              <activities>
                <item>
                  <name>Referred to</name>
                  <date>2013-02-08T22:24:46Z</date>
                </item>
              </activities>
              <systemCode>hsif14</systemCode>
            </item>
          </subcommittees>
          <name>Energy and Commerce Committee</name>
          <type>Standing</type>
          <activities>
            <item>
              <name>Referred to</name>
              <date>2013-02-06T14:06:25Z</date>
            </item>
          </activities>
          <chamber>House</chamber>
          <systemCode>hsif00</systemCode>
        </item>
      </billCommittees>
    </committees>
    <cboCostEstimates />
    <billType>HR</billType>
    <billNumber>584</billNumber>
    <committeeReports />
    <notes />
    <title>To amend the Federal Food, Drug, and Cosmetic Act to require labeling of genetically engineered fish.</title>
    <congress>113</congress>
    <sponsors>
      <item>
        <lastName>YOUNG</lastName>
        <fullName>Rep. Young, Don [R-AK-At Large]</fullName>
        <byRequestType />
        <identifiers>
          <lisID>1256</lisID>
          <bioguideId>Y000033</bioguideId>
          <gpoId>7785</gpoId>
        </identifiers>
        <bioguideId>Y000033</bioguideId>
        <firstName>DON</firstName>
        <middleName>E.</middleName>
      </item>
    </sponsors>
    <relatedBills>
      <item>
        <type>S</type>
        <congress>113</congress>
        <latestTitle>A bill to amend the Federal Food, Drug, and Cosmetic Act to require labeling of genetically engineered fish.</latestTitle>
        <latestAction>
          <actionDate>2013-02-07</actionDate>
          <text>Read twice and referred to the Committee on Health, Education, Labor, and Pensions.</text>
        </latestAction>
        <relationshipDetails>
          <item>
            <identifiedBy>CRS</identifiedBy>
            <type>Related bill</type>
          </item>
        </relationshipDetails>
        <number>248</number>
      </item>
    </relatedBills>
  </bill>
  <dublinCore xmlns:dc="http://purl.org/dc/elements/1.1/">
    <dc:format>text/xml</dc:format>
    <dc:language>EN</dc:language>
    <dc:rights>Pursuant to Title 17 Section 105 of the United States Code, this file is not subject to copyright protection and is in the public domain.</dc:rights>
    <dc:contributor>Congressional Research Service, Library of Congress</dc:contributor>
    <dc:description>This file contains bill summaries and statuses for federal legislation. A bill summary describes the most significant provisions of a piece of legislation and details the effects the legislative text may have on current law and federal programs. Bill summaries are authored by the Congressional Research Service (CRS) of the Library of Congress. As stated in Public Law 91-510 (2 USC 166 (d)(6)), one of the duties of CRS is "to prepare summaries and digests of bills and resolutions of a public general nature introduced in the Senate or House of Representatives". For more information, refer to the User Guide that accompanies this file.</dc:description>
  </dublinCore>
</billStatus>

