<?xml version="1.0" encoding="UTF-8"?>
<billStatus>
  <bill>
    <constitutionalAuthorityStatementText><![CDATA[<pre>[Pages H1396-H1397]By Mr. CUELLAR:H.R. 1108.Congress has the power to enact this legislation pursuantto the following:The U.S. Constitution Article I, Section 8: Powers ofCongress Clause 18[[Page H1397]]The Congress shall have power . . . To make all laws whichshall be necessary and proper for carrying into execution theforegoing powers, and all other powers vested by thisConstitution in the government of the United States, or inany department or officer thereof.</pre>]]></constitutionalAuthorityStatementText>
    <latestAction>
      <links />
      <actionDate>2013-04-11</actionDate>
      <text>Referred to the Subcommittee on Trade.</text>
    </latestAction>
    <congress>113</congress>
    <summaries>
      <billSummaries>
        <item>
          <actionDesc>Introduced in House</actionDesc>
          <actionDate>2013-03-13</actionDate>
          <updateDate>2013-03-13T04:00:00Z</updateDate>
          <versionCode>00</versionCode>
          <lastSummaryUpdateDate>2013-03-26T20:38:50Z</lastSummaryUpdateDate>
          <name>Introduced in House</name>
          <text><![CDATA[<p>Cross-Border Trade Enhancement Act of 2013 - Authorizes the Secretary of Homeland Security (DHS) to enter into agreements with persons for the U.S. Customs and Border Protection (CBP) to provide customs and immigration services at a land border port of entry, subject to payment of a fee to reimburse the CBP for providing such services. Declares that nothing in this grant of authority shall be construed to reduce the responsibilities or duties of the CBP to provide services at land border ports of entry that have been authorized by law and federally-funded.</p> <p>Directs the Administrator of General Services to establish procedures for evaluating proposals submitted by persons to: (1) enter into cost-sharing or reimbursement agreements with the General Services Administration (GSA) for the construction or maintenance of infrastructure at a land border port of entry, and (2) provide GSA an unconditional gift of property for use in the construction or maintenance of such infrastructure.</p> <p>Prescribes minimum requirements for such procedures.</p>]]></text>
        </item>
      </billSummaries>
    </summaries>
    <cboCostEstimates />
    <calendarNumbers />
    <billType>HR</billType>
    <committees>
      <billCommittees>
        <item>
          <subcommittees>
            <item>
              <name>Trade Subcommittee</name>
              <activities>
                <item>
                  <name>Referred to</name>
                  <date>2013-04-11T14:51:54Z</date>
                </item>
              </activities>
              <systemCode>hswm04</systemCode>
            </item>
          </subcommittees>
          <name>Ways and Means Committee</name>
          <type>Standing</type>
          <activities>
            <item>
              <name>Referred to</name>
              <date>2013-03-13T14:02:10Z</date>
            </item>
          </activities>
          <chamber>House</chamber>
          <systemCode>hswm00</systemCode>
        </item>
        <item>
          <subcommittees>
            <item>
              <name>Immigration and Border Security Subcommittee</name>
              <activities>
                <item>
                  <name>Referred to</name>
                  <date>2013-04-08T21:27:34Z</date>
                </item>
              </activities>
              <systemCode>hsju01</systemCode>
            </item>
          </subcommittees>
          <name>Judiciary Committee</name>
          <type>Standing</type>
          <activities>
            <item>
              <name>Referred to</name>
              <date>2013-03-13T14:02:20Z</date>
            </item>
          </activities>
          <chamber>House</chamber>
          <systemCode>hsju00</systemCode>
        </item>
        <item>
          <subcommittees>
            <item>
              <name>Economic Development, Public Buildings and Emergency Management Subcommittee</name>
              <activities>
                <item>
                  <name>Referred to</name>
                  <date>2013-03-14T14:19:54Z</date>
                </item>
              </activities>
              <systemCode>hspw13</systemCode>
            </item>
          </subcommittees>
          <name>Transportation and Infrastructure Committee</name>
          <type>Standing</type>
          <activities>
            <item>
              <name>Referred to</name>
              <date>2013-03-13T14:02:15Z</date>
            </item>
          </activities>
          <chamber>House</chamber>
          <systemCode>hspw00</systemCode>
        </item>
      </billCommittees>
    </committees>
    <introducedDate>2013-03-13</introducedDate>
    <recordedVotes />
    <titles>
      <item>
        <title>Cross-Border Trade Enhancement Act of 2013</title>
        <parentTitleType />
        <chamberName />
        <chamberCode />
        <titleType>Short Titles as Introduced</titleType>
      </item>
      <item>
        <title>To provide for alternative financing arrangements for the provision of certain services and the construction and maintenance of infrastructure at land border ports of entry, and for other purposes.</title>
        <parentTitleType />
        <chamberName />
        <chamberCode />
        <titleType>Official Title as Introduced</titleType>
      </item>
      <item>
        <title>Cross-Border Trade Enhancement Act of 2013</title>
        <parentTitleType />
        <chamberName />
        <chamberCode />
        <titleType>Display Title</titleType>
      </item>
    </titles>
    <sponsors>
      <item>
        <bioguideId>C001063</bioguideId>
        <fullName>Rep. Cuellar, Henry [D-TX-28]</fullName>
        <byRequestType />
        <lastName>Cuellar</lastName>
        <firstName>Henry</firstName>
        <middleName />
        <identifiers>
          <lisID>1807</lisID>
          <bioguideId>C001063</bioguideId>
          <gpoId>8184</gpoId>
        </identifiers>
      </item>
    </sponsors>
    <laws />
    <originChamber>House</originChamber>
    <createDate>2013-03-14T07:01:11Z</createDate>
    <notes />
    <title>Cross-Border Trade Enhancement Act of 2013</title>
    <policyArea>
      <name>Government Operations and Politics</name>
    </policyArea>
    <billNumber>1108</billNumber>
    <committeeReports />
    <subjects>
      <billSubjects>
        <legislativeSubjects>
          <item>
            <name>Border security and unlawful immigration</name>
          </item>
          <item>
            <name>Customs enforcement</name>
          </item>
          <item>
            <name>Government buildings, facilities, and property</name>
          </item>
          <item>
            <name>User charges and fees</name>
          </item>
        </legislativeSubjects>
        <policyArea>
          <name>Government Operations and Politics</name>
        </policyArea>
      </billSubjects>
    </subjects>
    <relatedBills>
      <item>
        <latestAction>
          <text>Read twice and referred to the Committee on Homeland Security and Governmental Affairs. (text of measure as introduced: CR S401-402)</text>
          <actionDate>2013-01-30</actionDate>
        </latestAction>
        <relationshipDetails>
          <item>
            <identifiedBy>CRS</identifiedBy>
            <type>Identical bill</type>
          </item>
        </relationshipDetails>
        <type>S</type>
        <number>178</number>
        <congress>113</congress>
        <latestTitle>Cross-Border Trade Enhancement Act of 2013</latestTitle>
      </item>
    </relatedBills>
    <updateDate>2016-10-25T16:00:38Z</updateDate>
    <amendments />
    <actions>
      <item>
        <actionDate>2013-04-11</actionDate>
        <committee>
          <systemCode>hswm04</systemCode>
          <name>Trade Subcommittee</name>
        </committee>
        <links />
        <sourceSystem>
          <name>House committee actions</name>
          <code>1</code>
        </sourceSystem>
        <text>Referred to the Subcommittee on Trade.</text>
        <type>Committee</type>
      </item>
      <item>
        <actionDate>2013-04-08</actionDate>
        <committee>
          <systemCode>hsju01</systemCode>
          <name>Immigration and Border Security Subcommittee</name>
        </committee>
        <links />
        <sourceSystem>
          <name>House committee actions</name>
          <code>1</code>
        </sourceSystem>
        <text>Referred to the Subcommittee on Immigration And Border Security.</text>
        <type>Committee</type>
      </item>
      <item>
        <actionDate>2013-03-14</actionDate>
        <committee>
          <systemCode>hspw13</systemCode>
          <name>Economic Development, Public Buildings and Emergency Management Subcommittee</name>
        </committee>
        <links />
        <sourceSystem>
          <name>House committee actions</name>
          <code>1</code>
        </sourceSystem>
        <text>Referred to the Subcommittee on Economic Development, Public Buildings and Emergency Management.</text>
        <type>Committee</type>
      </item>
      <item>
        <links />
        <actionCode>H11100</actionCode>
        <committee>
          <systemCode>hsju00</systemCode>
          <name>Judiciary Committee</name>
        </committee>
        <type>IntroReferral</type>
        <sourceSystem>
          <name>House floor actions</name>
          <code>2</code>
        </sourceSystem>
        <text>Referred to House Judiciary</text>
        <actionDate>2013-03-13</actionDate>
      </item>
      <item>
        <links />
        <actionCode>H11100</actionCode>
        <committee>
          <systemCode>hspw00</systemCode>
          <name>Transportation and Infrastructure Committee</name>
        </committee>
        <type>IntroReferral</type>
        <sourceSystem>
          <name>House floor actions</name>
          <code>2</code>
        </sourceSystem>
        <text>Referred to House Transportation and Infrastructure</text>
        <actionDate>2013-03-13</actionDate>
      </item>
      <item>
        <links />
        <actionCode>H11100</actionCode>
        <committee>
          <systemCode>hswm00</systemCode>
          <name>Ways and Means Committee</name>
        </committee>
        <type>IntroReferral</type>
        <sourceSystem>
          <name>House floor actions</name>
          <code>2</code>
        </sourceSystem>
        <text>Referred to House Ways and Means</text>
        <actionDate>2013-03-13</actionDate>
      </item>
      <item>
        <links />
        <actionCode>H11100-A</actionCode>
        <committee />
        <type>IntroReferral</type>
        <sourceSystem>
          <name>Library of Congress</name>
          <code>9</code>
        </sourceSystem>
        <text>Referred to the Committee on Ways and Means, and in addition to the Committees on Transportation and Infrastructure, and the Judiciary, for a period to be subsequently determined by the Speaker, in each case for consideration of such provisions as fall within the jurisdiction of the committee concerned.</text>
        <actionDate>2013-03-13</actionDate>
      </item>
      <item>
        <links />
        <actionCode>Intro-H</actionCode>
        <committee />
        <type>IntroReferral</type>
        <sourceSystem>
          <name>Library of Congress</name>
          <code>9</code>
        </sourceSystem>
        <text>Introduced in House</text>
        <actionDate>2013-03-13</actionDate>
      </item>
      <item>
        <links />
        <actionCode>1000</actionCode>
        <committee />
        <type>IntroReferral</type>
        <sourceSystem>
          <name>Library of Congress</name>
          <code>9</code>
        </sourceSystem>
        <text>Introduced in House</text>
        <actionDate>2013-03-13</actionDate>
      </item>
      <actionTypeCounts>
        <billReferrals>3</billReferrals>
        <placeholderTextForH>3</placeholderTextForH>
        <billReferralsAggregate>1</billReferralsAggregate>
        <introducedInHouse>1</introducedInHouse>
        <introducedInTheHouse>1</introducedInTheHouse>
      </actionTypeCounts>
      <actionByCounts>
        <houseOfRepresentatives>9</houseOfRepresentatives>
      </actionByCounts>
    </actions>
    <cosponsors>
      <item>
        <lastName>McCaul</lastName>
        <fullName>Rep. McCaul, Michael T. [R-TX-10]</fullName>
        <bioguideId>M001157</bioguideId>
        <sponsorshipWithdrawnDate />
        <identifiers>
          <gpoId>8166</gpoId>
          <lisID>1804</lisID>
          <bioguideId>M001157</bioguideId>
        </identifiers>
        <isOriginalCosponsor>True</isOriginalCosponsor>
        <firstName>Michael</firstName>
        <sponsorshipDate>2013-03-13</sponsorshipDate>
        <middleName>T.</middleName>
      </item>
      <item>
        <lastName>Vela</lastName>
        <fullName>Rep. Vela, Filemon [D-TX-34]</fullName>
        <bioguideId>V000132</bioguideId>
        <sponsorshipWithdrawnDate />
        <identifiers>
          <gpoId />
          <lisID>2167</lisID>
          <bioguideId>V000132</bioguideId>
        </identifiers>
        <isOriginalCosponsor>True</isOriginalCosponsor>
        <firstName>Filemon</firstName>
        <sponsorshipDate>2013-03-13</sponsorshipDate>
        <middleName />
      </item>
      <item>
        <lastName>O'Rourke</lastName>
        <fullName>Rep. O'Rourke, Beto [D-TX-16]</fullName>
        <bioguideId>O000170</bioguideId>
        <sponsorshipWithdrawnDate />
        <identifiers>
          <bioguideId>O000170</bioguideId>
          <lisID>2162</lisID>
          <gpoId />
        </identifiers>
        <isOriginalCosponsor>True</isOriginalCosponsor>
        <firstName>Beto</firstName>
        <sponsorshipDate>2013-03-13</sponsorshipDate>
        <middleName />
      </item>
      <item>
        <lastName>Gallego</lastName>
        <fullName>Rep. Gallego, Pete P. [D-TX-23]</fullName>
        <bioguideId>G000572</bioguideId>
        <sponsorshipWithdrawnDate />
        <identifiers>
          <gpoId />
          <bioguideId>G000572</bioguideId>
          <lisID>2164</lisID>
        </identifiers>
        <isOriginalCosponsor>True</isOriginalCosponsor>
        <firstName>Pete</firstName>
        <sponsorshipDate>2013-03-13</sponsorshipDate>
        <middleName>P.</middleName>
      </item>
      <item>
        <lastName>Farenthold</lastName>
        <fullName>Rep. Farenthold, Blake [R-TX-27]</fullName>
        <bioguideId>F000460</bioguideId>
        <sponsorshipWithdrawnDate />
        <identifiers>
          <lisID>2067</lisID>
          <bioguideId>F000460</bioguideId>
          <gpoId>8183</gpoId>
        </identifiers>
        <isOriginalCosponsor>True</isOriginalCosponsor>
        <firstName>Blake</firstName>
        <sponsorshipDate>2013-03-13</sponsorshipDate>
        <middleName />
      </item>
      <item>
        <lastName>HINOJOSA</lastName>
        <fullName>Rep. Hinojosa, Ruben [D-TX-15]</fullName>
        <bioguideId>H000636</bioguideId>
        <sponsorshipWithdrawnDate />
        <identifiers>
          <bioguideId>H000636</bioguideId>
          <lisID>1490</lisID>
          <gpoId>8171</gpoId>
        </identifiers>
        <isOriginalCosponsor>False</isOriginalCosponsor>
        <firstName>RUBEN</firstName>
        <sponsorshipDate>2013-03-14</sponsorshipDate>
        <middleName />
      </item>
      <item>
        <lastName>Vargas</lastName>
        <fullName>Rep. Vargas, Juan [D-CA-51]</fullName>
        <bioguideId>V000130</bioguideId>
        <sponsorshipWithdrawnDate />
        <identifiers>
          <lisID>2112</lisID>
          <bioguideId>V000130</bioguideId>
          <gpoId />
        </identifiers>
        <isOriginalCosponsor>False</isOriginalCosponsor>
        <firstName>Juan</firstName>
        <sponsorshipDate>2013-03-19</sponsorshipDate>
        <middleName />
      </item>
      <item>
        <lastName>NOLAN</lastName>
        <fullName>Rep. Nolan, Richard M. [D-MN-8]</fullName>
        <bioguideId>N000127</bioguideId>
        <sponsorshipWithdrawnDate />
        <identifiers>
          <gpoId />
          <lisID>867</lisID>
          <bioguideId>N000127</bioguideId>
        </identifiers>
        <isOriginalCosponsor>False</isOriginalCosponsor>
        <firstName>RICHARD</firstName>
        <sponsorshipDate>2013-10-29</sponsorshipDate>
        <middleName />
      </item>
      <item>
        <lastName>Williams</lastName>
        <fullName>Rep. Williams, Roger [R-TX-25]</fullName>
        <bioguideId>W000816</bioguideId>
        <sponsorshipWithdrawnDate />
        <identifiers>
          <gpoId />
          <lisID>2165</lisID>
          <bioguideId>W000816</bioguideId>
        </identifiers>
        <isOriginalCosponsor>False</isOriginalCosponsor>
        <firstName>Roger</firstName>
        <sponsorshipDate>2014-02-27</sponsorshipDate>
        <middleName />
      </item>
    </cosponsors>
  </bill>
  <dublinCore xmlns:dc="http://purl.org/dc/elements/1.1/">
    <dc:format>text/xml</dc:format>
    <dc:language>EN</dc:language>
    <dc:rights>Pursuant to Title 17 Section 105 of the United States Code, this file is not subject to copyright protection and is in the public domain.</dc:rights>
    <dc:contributor>Congressional Research Service, Library of Congress</dc:contributor>
    <dc:description>This file contains bill summaries and statuses for federal legislation. A bill summary describes the most significant provisions of a piece of legislation and details the effects the legislative text may have on current law and federal programs. Bill summaries are authored by the Congressional Research Service (CRS) of the Library of Congress. As stated in Public Law 91-510 (2 USC 166 (d)(6)), one of the duties of CRS is "to prepare summaries and digests of bills and resolutions of a public general nature introduced in the Senate or House of Representatives". For more information, refer to the User Guide that accompanies this file.</dc:description>
  </dublinCore>
</billStatus>

