<?xml version="1.0" encoding="UTF-8"?>
<billStatus>
  <bill>
    <titles>
      <item>
        <parentTitleType />
        <title>Real Education for Healthy Youth Act of 2013</title>
        <chamberName />
        <chamberCode />
        <titleType>Short Titles as Introduced</titleType>
      </item>
      <item>
        <parentTitleType />
        <title>To provide for the reduction of unintended pregnancy and sexually transmitted infections, including HIV, and the promotion of healthy relationships, and for other purposes.</title>
        <chamberName />
        <chamberCode />
        <titleType>Official Title as Introduced</titleType>
      </item>
      <item>
        <parentTitleType />
        <title>Real Education for Healthy Youth Act of 2013</title>
        <chamberName />
        <chamberCode />
        <titleType>Display Title</titleType>
      </item>
    </titles>
    <introducedDate>2013-02-14</introducedDate>
    <notes />
    <calendarNumbers />
    <committees>
      <billCommittees>
        <item>
          <name>Education and the Workforce Committee</name>
          <subcommittees>
            <item>
              <activities>
                <item>
                  <name>Referred to</name>
                  <date>2013-04-23T20:00:48Z</date>
                </item>
              </activities>
              <systemCode>hsed13</systemCode>
              <name>Higher Education and Workforce Training Subcommittee</name>
            </item>
            <item>
              <activities>
                <item>
                  <name>Referred to</name>
                  <date>2013-04-23T15:52:18Z</date>
                </item>
              </activities>
              <systemCode>hsed14</systemCode>
              <name>Early Childhood, Elementary, and Secondary Education Subcommittee</name>
            </item>
          </subcommittees>
          <chamber>House</chamber>
          <type>Standing</type>
          <systemCode>hsed00</systemCode>
          <activities>
            <item>
              <name>Referred to</name>
              <date>2013-02-14T15:03:10Z</date>
            </item>
          </activities>
        </item>
        <item>
          <name>Energy and Commerce Committee</name>
          <subcommittees>
            <item>
              <activities>
                <item>
                  <name>Referred to</name>
                  <date>2013-02-15T21:25:47Z</date>
                </item>
              </activities>
              <systemCode>hsif14</systemCode>
              <name>Health Subcommittee</name>
            </item>
          </subcommittees>
          <chamber>House</chamber>
          <type>Standing</type>
          <systemCode>hsif00</systemCode>
          <activities>
            <item>
              <name>Referred to</name>
              <date>2013-02-14T15:03:05Z</date>
            </item>
          </activities>
        </item>
      </billCommittees>
    </committees>
    <sponsors>
      <item>
        <lastName>LEE</lastName>
        <middleName />
        <bioguideId>L000551</bioguideId>
        <firstName>BARBARA</firstName>
        <byRequestType />
        <fullName>Rep. Lee, Barbara [D-CA-13]</fullName>
        <identifiers>
          <bioguideId>L000551</bioguideId>
          <lisID>1501</lisID>
          <gpoId>7814</gpoId>
        </identifiers>
      </item>
    </sponsors>
    <subjects>
      <billSubjects>
        <policyArea>
          <name>Health</name>
        </policyArea>
        <legislativeSubjects>
          <item>
            <name>Assault and harassment offenses</name>
          </item>
          <item>
            <name>Child health</name>
          </item>
          <item>
            <name>Domestic violence and child abuse</name>
          </item>
          <item>
            <name>Drug, alcohol, tobacco use</name>
          </item>
          <item>
            <name>Education of the disadvantaged</name>
          </item>
          <item>
            <name>Education programs funding</name>
          </item>
          <item>
            <name>Educational technology and distance education</name>
          </item>
          <item>
            <name>Elementary and secondary education</name>
          </item>
          <item>
            <name>Family planning and birth control</name>
          </item>
          <item>
            <name>HIV/AIDS</name>
          </item>
          <item>
            <name>Health programs administration and funding</name>
          </item>
          <item>
            <name>Health promotion and preventive care</name>
          </item>
          <item>
            <name>Higher education</name>
          </item>
          <item>
            <name>Minority education</name>
          </item>
          <item>
            <name>Performance measurement</name>
          </item>
          <item>
            <name>Sex and reproductive health</name>
          </item>
          <item>
            <name>Sex offenses</name>
          </item>
          <item>
            <name>Sex, gender, sexual orientation discrimination</name>
          </item>
          <item>
            <name>Sexually transmitted diseases</name>
          </item>
          <item>
            <name>Teaching, teachers, curricula</name>
          </item>
          <item>
            <name>Teenage pregnancy</name>
          </item>
          <item>
            <name>Violent crime</name>
          </item>
        </legislativeSubjects>
      </billSubjects>
    </subjects>
    <originChamber>House</originChamber>
    <createDate>2013-02-15T07:00:52Z</createDate>
    <congress>113</congress>
    <recordedVotes />
    <billType>HR</billType>
    <actions>
      <item>
        <actionDate>2013-04-23</actionDate>
        <committee>
          <systemCode>hsed13</systemCode>
          <name>Higher Education and Workforce Training Subcommittee</name>
        </committee>
        <links />
        <sourceSystem>
          <name>House committee actions</name>
          <code>1</code>
        </sourceSystem>
        <text>Referred to the Subcommittee on Higher Education and Workforce Training.</text>
        <type>Committee</type>
      </item>
      <item>
        <actionDate>2013-04-23</actionDate>
        <committee>
          <systemCode>hsed14</systemCode>
          <name>Early Childhood, Elementary, and Secondary Education Subcommittee</name>
        </committee>
        <links />
        <sourceSystem>
          <name>House committee actions</name>
          <code>1</code>
        </sourceSystem>
        <text>Referred to the Subcommittee on Early Childhood, Elementary, and Secondary Education.</text>
        <type>Committee</type>
      </item>
      <item>
        <actionDate>2013-02-15</actionDate>
        <committee>
          <systemCode>hsif14</systemCode>
          <name>Health Subcommittee</name>
        </committee>
        <links />
        <sourceSystem>
          <name>House committee actions</name>
          <code>1</code>
        </sourceSystem>
        <text>Referred to the Subcommittee on Health.</text>
        <type>Committee</type>
      </item>
      <item>
        <links />
        <actionCode>H11100</actionCode>
        <committee>
          <systemCode>hsed00</systemCode>
          <name>Education and the Workforce Committee</name>
        </committee>
        <type>IntroReferral</type>
        <sourceSystem>
          <name>House floor actions</name>
          <code>2</code>
        </sourceSystem>
        <text>Referred to House Education and the Workforce</text>
        <actionDate>2013-02-14</actionDate>
      </item>
      <item>
        <links />
        <actionCode>H11100</actionCode>
        <committee>
          <systemCode>hsif00</systemCode>
          <name>Energy and Commerce Committee</name>
        </committee>
        <type>IntroReferral</type>
        <sourceSystem>
          <name>House floor actions</name>
          <code>2</code>
        </sourceSystem>
        <text>Referred to House Energy and Commerce</text>
        <actionDate>2013-02-14</actionDate>
      </item>
      <item>
        <links />
        <actionCode>H11100-A</actionCode>
        <committee />
        <type>IntroReferral</type>
        <sourceSystem>
          <name>Library of Congress</name>
          <code>9</code>
        </sourceSystem>
        <text>Referred to the Committee on Energy and Commerce, and in addition to the Committee on Education and the Workforce, for a period to be subsequently determined by the Speaker, in each case for consideration of such provisions as fall within the jurisdiction of the committee concerned.</text>
        <actionDate>2013-02-14</actionDate>
      </item>
      <item>
        <links />
        <actionCode>Intro-H</actionCode>
        <committee />
        <type>IntroReferral</type>
        <sourceSystem>
          <name>Library of Congress</name>
          <code>9</code>
        </sourceSystem>
        <text>Introduced in House</text>
        <actionDate>2013-02-14</actionDate>
      </item>
      <item>
        <links />
        <actionCode>1000</actionCode>
        <committee />
        <type>IntroReferral</type>
        <sourceSystem>
          <name>Library of Congress</name>
          <code>9</code>
        </sourceSystem>
        <text>Introduced in House</text>
        <actionDate>2013-02-14</actionDate>
      </item>
      <actionTypeCounts>
        <billReferrals>2</billReferrals>
        <placeholderTextForH>3</placeholderTextForH>
        <billReferralsAggregate>1</billReferralsAggregate>
        <introducedInHouse>1</introducedInHouse>
        <introducedInTheHouse>1</introducedInTheHouse>
      </actionTypeCounts>
      <actionByCounts>
        <houseOfRepresentatives>8</houseOfRepresentatives>
      </actionByCounts>
    </actions>
    <summaries>
      <billSummaries>
        <item>
          <versionCode>00</versionCode>
          <name>Introduced in House</name>
          <actionDate>2013-02-14</actionDate>
          <updateDate>2013-02-14T05:00:00Z</updateDate>
          <lastSummaryUpdateDate>2013-04-09T20:26:23Z</lastSummaryUpdateDate>
          <text><![CDATA[<p>Real Education for Healthy Youth Act of 2013 - Requires the Secretary of Health and Human Services (HHS) to award competitive grants to enable eligible entities to carry out programs that provide adolescents with comprehensive sex education to: (1) replicate evidence-based sex education programs, (2) substantially incorporate elements of evidence-based sex education programs, or (3) create a demonstration project based on generally accepted characteristics of effective sex education programs. Sets forth provisions regarding evaluation of such programs. Requires the Secretary to establish a common set of performance measures to assess the implementation and impact of grant programs funded under this Act.</p> <p>Requires the Secretary to award competitive grants to: (1) institutions of higher education to enable such institutions to provide young people with comprehensive sex education with an emphasis on reducing HIV, other sexually transmitted infections, and unintended pregnancy; and (2) eligible entities to train targeted faculty and staff in order to increase effective teaching of comprehensive sex education for elementary and secondary school students.</p> <p>Prohibits programs funded under this Act from discriminating on the basis of actual or perceived sex, race, color, ethnicity, national origin, disability, sexual orientation, gender identity, or religion.</p> <p>Prohibits federal funds provided under this Act from being used for health education programs that: (1) deliberately withhold life-saving information about HIV; (2) are medically inaccurate or have been scientifically shown to be ineffective; (3) promote gender stereotypes; (4) are insensitive and unresponsive to the needs of sexually active youth or lesbian, gay, bisexual, or transgender youth; or (5) are inconsistent with the ethical imperatives of medicine and public health.</p> <p>Amends the Public Health Service Act to repeal a prohibition against the use of appropriations for AIDS prevention programs to provide education or information designed to promote or encourage, directly, homosexual or heterosexual activity or intravenous substance abuse.</p> <p>Amends the Elementary and Secondary Education Act of 1965 to repeal a prohibition against the use of authorized funds to operate a program of contraceptive distribution in schools.</p>]]></text>
          <actionDesc>Introduced in House</actionDesc>
        </item>
      </billSummaries>
    </summaries>
    <constitutionalAuthorityStatementText><![CDATA[<pre>By Ms. LEE of California:H.R. 725.Congress has the power to enact this legislation pursuantto the following:This bill is enacted pursuant to the power granted toCongress under Article I of the United States Constitutionand its subsequent amendments, and further clarified andinterpreted by the Supreme Court of the United States.[Page H549]</pre>]]></constitutionalAuthorityStatementText>
    <relatedBills>
      <item>
        <relationshipDetails>
          <item>
            <type>Identical bill</type>
            <identifiedBy>CRS</identifiedBy>
          </item>
        </relationshipDetails>
        <latestAction>
          <text>Read twice and referred to the Committee on Health, Education, Labor, and Pensions.</text>
          <actionDate>2013-02-14</actionDate>
        </latestAction>
        <latestTitle>Real Education for Healthy Youth Act of 2013</latestTitle>
        <congress>113</congress>
        <number>372</number>
        <type>S</type>
      </item>
    </relatedBills>
    <policyArea>
      <name>Health</name>
    </policyArea>
    <updateDate>2016-10-25T15:59:16Z</updateDate>
    <cosponsors>
      <item>
        <lastName>Moore</lastName>
        <fullName>Rep. Moore, Gwen [D-WI-4]</fullName>
        <bioguideId>M001160</bioguideId>
        <sponsorshipWithdrawnDate />
        <identifiers>
          <lisID>1811</lisID>
          <gpoId>8217</gpoId>
          <bioguideId>M001160</bioguideId>
        </identifiers>
        <isOriginalCosponsor>True</isOriginalCosponsor>
        <firstName>Gwen</firstName>
        <sponsorshipDate>2013-02-14</sponsorshipDate>
        <middleName />
      </item>
      <item>
        <lastName>Pingree</lastName>
        <fullName>Rep. Pingree, Chellie [D-ME-1]</fullName>
        <bioguideId>P000597</bioguideId>
        <sponsorshipWithdrawnDate />
        <identifiers>
          <bioguideId>P000597</bioguideId>
          <lisID>1927</lisID>
          <gpoId>7984</gpoId>
        </identifiers>
        <isOriginalCosponsor>True</isOriginalCosponsor>
        <firstName>Chellie</firstName>
        <sponsorshipDate>2013-02-14</sponsorshipDate>
        <middleName />
      </item>
      <item>
        <lastName>MCDERMOTT</lastName>
        <fullName>Rep. McDermott, Jim [D-WA-7]</fullName>
        <bioguideId>M000404</bioguideId>
        <sponsorshipWithdrawnDate />
        <identifiers>
          <bioguideId>M000404</bioguideId>
          <lisID>766</lisID>
          <gpoId>8211</gpoId>
        </identifiers>
        <isOriginalCosponsor>True</isOriginalCosponsor>
        <firstName>JIM</firstName>
        <sponsorshipDate>2013-02-14</sponsorshipDate>
        <middleName />
      </item>
      <item>
        <lastName>DAVIS</lastName>
        <fullName>Rep. Davis, Susan A. [D-CA-53]</fullName>
        <bioguideId>D000598</bioguideId>
        <sponsorshipWithdrawnDate />
        <identifiers>
          <bioguideId>D000598</bioguideId>
          <lisID>1641</lisID>
          <gpoId>7858</gpoId>
        </identifiers>
        <isOriginalCosponsor>True</isOriginalCosponsor>
        <firstName>SUSAN</firstName>
        <sponsorshipDate>2013-02-14</sponsorshipDate>
        <middleName>A.</middleName>
      </item>
      <item>
        <lastName>CLAY</lastName>
        <fullName>Rep. Clay, Wm. Lacy [D-MO-1]</fullName>
        <bioguideId>C001049</bioguideId>
        <sponsorshipWithdrawnDate />
        <identifiers>
          <gpoId>8009</gpoId>
          <lisID>1654</lisID>
          <bioguideId>C001049</bioguideId>
        </identifiers>
        <isOriginalCosponsor>True</isOriginalCosponsor>
        <firstName>WM.</firstName>
        <sponsorshipDate>2013-02-14</sponsorshipDate>
        <middleName>LACY</middleName>
      </item>
      <item>
        <lastName>NORTON</lastName>
        <fullName>Rep. Norton, Eleanor Holmes [D-DC-At Large]</fullName>
        <bioguideId>N000147</bioguideId>
        <sponsorshipWithdrawnDate />
        <identifiers>
          <gpoId>7871</gpoId>
          <lisID>868</lisID>
          <bioguideId>N000147</bioguideId>
        </identifiers>
        <isOriginalCosponsor>True</isOriginalCosponsor>
        <firstName>ELEANOR</firstName>
        <sponsorshipDate>2013-02-14</sponsorshipDate>
        <middleName>HOLMES</middleName>
      </item>
      <item>
        <lastName>DEGETTE</lastName>
        <fullName>Rep. DeGette, Diana [D-CO-1]</fullName>
        <bioguideId>D000197</bioguideId>
        <sponsorshipWithdrawnDate />
        <identifiers>
          <lisID>1479</lisID>
          <bioguideId>D000197</bioguideId>
          <gpoId>7859</gpoId>
        </identifiers>
        <isOriginalCosponsor>True</isOriginalCosponsor>
        <firstName>DIANA</firstName>
        <sponsorshipDate>2013-02-14</sponsorshipDate>
        <middleName />
      </item>
      <item>
        <lastName>SLAUGHTER</lastName>
        <fullName>Rep. Slaughter, Louise McIntosh [D-NY-25]</fullName>
        <bioguideId>S000480</bioguideId>
        <sponsorshipWithdrawnDate />
        <identifiers>
          <gpoId>8089</gpoId>
          <lisID>1069</lisID>
          <bioguideId>S000480</bioguideId>
        </identifiers>
        <isOriginalCosponsor>True</isOriginalCosponsor>
        <firstName>LOUISE</firstName>
        <sponsorshipDate>2013-02-14</sponsorshipDate>
        <middleName>M.</middleName>
      </item>
      <item>
        <lastName>MORAN</lastName>
        <fullName>Rep. Moran, James P. [D-VA-8]</fullName>
        <bioguideId>M000933</bioguideId>
        <sponsorshipWithdrawnDate />
        <identifiers>
          <lisID>832</lisID>
          <bioguideId>M000933</bioguideId>
          <gpoId>8199</gpoId>
        </identifiers>
        <isOriginalCosponsor>True</isOriginalCosponsor>
        <firstName>JAMES</firstName>
        <sponsorshipDate>2013-02-14</sponsorshipDate>
        <middleName>P.</middleName>
      </item>
      <item>
        <lastName>Wasserman Schultz</lastName>
        <fullName>Rep. Wasserman Schultz, Debbie [D-FL-23]</fullName>
        <bioguideId>W000797</bioguideId>
        <sponsorshipWithdrawnDate />
        <identifiers>
          <gpoId>7892</gpoId>
          <lisID>1777</lisID>
          <bioguideId>W000797</bioguideId>
        </identifiers>
        <isOriginalCosponsor>True</isOriginalCosponsor>
        <firstName>Debbie</firstName>
        <sponsorshipDate>2013-02-14</sponsorshipDate>
        <middleName />
      </item>
      <item>
        <lastName>ROYBAL-ALLARD</lastName>
        <fullName>Rep. Roybal-Allard, Lucille [D-CA-40]</fullName>
        <bioguideId>R000486</bioguideId>
        <sponsorshipWithdrawnDate />
        <identifiers>
          <lisID>997</lisID>
          <bioguideId>R000486</bioguideId>
          <gpoId>7839</gpoId>
        </identifiers>
        <isOriginalCosponsor>True</isOriginalCosponsor>
        <firstName>LUCILLE</firstName>
        <sponsorshipDate>2013-02-14</sponsorshipDate>
        <middleName />
      </item>
      <item>
        <lastName>Grijalva</lastName>
        <fullName>Rep. Grijalva, Raul M. [D-AZ-3]</fullName>
        <bioguideId>G000551</bioguideId>
        <sponsorshipWithdrawnDate />
        <identifiers>
          <gpoId>7804</gpoId>
          <lisID>1708</lisID>
          <bioguideId>G000551</bioguideId>
        </identifiers>
        <isOriginalCosponsor>True</isOriginalCosponsor>
        <firstName>Raul</firstName>
        <sponsorshipDate>2013-02-14</sponsorshipDate>
        <middleName>M.</middleName>
      </item>
      <item>
        <lastName>Bonamici</lastName>
        <fullName>Rep. Bonamici, Suzanne [D-OR-1]</fullName>
        <bioguideId>B001278</bioguideId>
        <sponsorshipWithdrawnDate />
        <identifiers>
          <gpoId>8367</gpoId>
          <lisID>2092</lisID>
          <bioguideId>B001278</bioguideId>
        </identifiers>
        <isOriginalCosponsor>True</isOriginalCosponsor>
        <firstName>Suzanne</firstName>
        <sponsorshipDate>2013-02-14</sponsorshipDate>
        <middleName />
      </item>
      <item>
        <lastName>Clarke</lastName>
        <fullName>Rep. Clarke, Yvette D. [D-NY-9]</fullName>
        <bioguideId>C001067</bioguideId>
        <sponsorshipWithdrawnDate />
        <identifiers>
          <lisID>1864</lisID>
          <gpoId>8072</gpoId>
          <bioguideId>C001067</bioguideId>
        </identifiers>
        <isOriginalCosponsor>True</isOriginalCosponsor>
        <firstName>Yvette</firstName>
        <sponsorshipDate>2013-02-14</sponsorshipDate>
        <middleName>D.</middleName>
      </item>
      <item>
        <lastName>Speier</lastName>
        <fullName>Rep. Speier, Jackie [D-CA-14]</fullName>
        <bioguideId>S001175</bioguideId>
        <sponsorshipWithdrawnDate />
        <identifiers>
          <bioguideId>S001175</bioguideId>
          <lisID>1890</lisID>
          <gpoId>7817</gpoId>
        </identifiers>
        <isOriginalCosponsor>True</isOriginalCosponsor>
        <firstName>Jackie</firstName>
        <sponsorshipDate>2013-02-14</sponsorshipDate>
        <middleName />
      </item>
      <item>
        <lastName>Deutch</lastName>
        <fullName>Rep. Deutch, Theodore E. [D-FL-21]</fullName>
        <bioguideId>D000610</bioguideId>
        <sponsorshipWithdrawnDate />
        <identifiers>
          <gpoId>7891</gpoId>
          <bioguideId>D000610</bioguideId>
          <lisID>1976</lisID>
        </identifiers>
        <isOriginalCosponsor>True</isOriginalCosponsor>
        <firstName>Theodore</firstName>
        <sponsorshipDate>2013-02-14</sponsorshipDate>
        <middleName>E.</middleName>
      </item>
      <item>
        <lastName>BLUMENAUER</lastName>
        <fullName>Rep. Blumenauer, Earl [D-OR-3]</fullName>
        <bioguideId>B000574</bioguideId>
        <sponsorshipWithdrawnDate />
        <identifiers>
          <lisID>99</lisID>
          <bioguideId>B000574</bioguideId>
          <gpoId>8116</gpoId>
        </identifiers>
        <isOriginalCosponsor>True</isOriginalCosponsor>
        <firstName>EARL</firstName>
        <sponsorshipDate>2013-02-14</sponsorshipDate>
        <middleName />
      </item>
      <item>
        <lastName>LOFGREN</lastName>
        <fullName>Rep. Lofgren, Zoe [D-CA-19]</fullName>
        <bioguideId>L000397</bioguideId>
        <sponsorshipWithdrawnDate />
        <identifiers>
          <lisID>701</lisID>
          <bioguideId>L000397</bioguideId>
          <gpoId>7821</gpoId>
        </identifiers>
        <isOriginalCosponsor>True</isOriginalCosponsor>
        <firstName>ZOE</firstName>
        <sponsorshipDate>2013-02-14</sponsorshipDate>
        <middleName />
      </item>
      <item>
        <lastName>LEWIS</lastName>
        <fullName>Rep. Lewis, John [D-GA-5]</fullName>
        <bioguideId>L000287</bioguideId>
        <sponsorshipWithdrawnDate />
        <identifiers>
          <lisID>688</lisID>
          <bioguideId>L000287</bioguideId>
          <gpoId>7902</gpoId>
        </identifiers>
        <isOriginalCosponsor>True</isOriginalCosponsor>
        <firstName>JOHN</firstName>
        <sponsorshipDate>2013-02-14</sponsorshipDate>
        <middleName />
      </item>
      <item>
        <lastName>Chu</lastName>
        <fullName>Rep. Chu, Judy [D-CA-27]</fullName>
        <bioguideId>C001080</bioguideId>
        <sponsorshipWithdrawnDate />
        <identifiers>
          <lisID>1970</lisID>
          <bioguideId>C001080</bioguideId>
          <gpoId>7837</gpoId>
        </identifiers>
        <isOriginalCosponsor>True</isOriginalCosponsor>
        <firstName>Judy</firstName>
        <sponsorshipDate>2013-02-14</sponsorshipDate>
        <middleName />
      </item>
      <item>
        <lastName>RANGEL</lastName>
        <fullName>Rep. Rangel, Charles B. [D-NY-13]</fullName>
        <bioguideId>R000053</bioguideId>
        <sponsorshipWithdrawnDate />
        <identifiers>
          <bioguideId>R000053</bioguideId>
          <lisID>944</lisID>
          <gpoId>8076</gpoId>
        </identifiers>
        <isOriginalCosponsor>True</isOriginalCosponsor>
        <firstName>CHARLES</firstName>
        <sponsorshipDate>2013-02-14</sponsorshipDate>
        <middleName>B.</middleName>
      </item>
      <item>
        <lastName>MCCOLLUM</lastName>
        <fullName>Rep. McCollum, Betty [D-MN-4]</fullName>
        <bioguideId>M001143</bioguideId>
        <sponsorshipWithdrawnDate />
        <identifiers>
          <bioguideId>M001143</bioguideId>
          <lisID>1653</lisID>
          <gpoId>8004</gpoId>
        </identifiers>
        <isOriginalCosponsor>True</isOriginalCosponsor>
        <firstName>BETTY</firstName>
        <sponsorshipDate>2013-02-14</sponsorshipDate>
        <middleName />
      </item>
      <item>
        <lastName>HONDA</lastName>
        <fullName>Rep. Honda, Michael M. [D-CA-17]</fullName>
        <bioguideId>H001034</bioguideId>
        <sponsorshipWithdrawnDate />
        <identifiers>
          <gpoId>7820</gpoId>
          <bioguideId>H001034</bioguideId>
          <lisID>1634</lisID>
        </identifiers>
        <isOriginalCosponsor>True</isOriginalCosponsor>
        <firstName>MICHAEL</firstName>
        <sponsorshipDate>2013-02-14</sponsorshipDate>
        <middleName>M.</middleName>
      </item>
      <item>
        <lastName>NADLER</lastName>
        <fullName>Rep. Nadler, Jerrold [D-NY-10]</fullName>
        <bioguideId>N000002</bioguideId>
        <sponsorshipWithdrawnDate />
        <identifiers>
          <bioguideId>N000002</bioguideId>
          <lisID>850</lisID>
          <gpoId>8069</gpoId>
        </identifiers>
        <isOriginalCosponsor>True</isOriginalCosponsor>
        <firstName>JERROLD</firstName>
        <sponsorshipDate>2013-02-14</sponsorshipDate>
        <middleName />
      </item>
      <item>
        <lastName>CONYERS</lastName>
        <fullName>Rep. Conyers, John, Jr. [D-MI-13]</fullName>
        <bioguideId>C000714</bioguideId>
        <sponsorshipWithdrawnDate />
        <identifiers>
          <lisID>229</lisID>
          <bioguideId>C000714</bioguideId>
          <gpoId>7999</gpoId>
        </identifiers>
        <isOriginalCosponsor>True</isOriginalCosponsor>
        <firstName>JOHN</firstName>
        <sponsorshipDate>2013-02-14</sponsorshipDate>
        <middleName />
      </item>
      <item>
        <lastName>HOLT</lastName>
        <fullName>Rep. Holt, Rush [D-NJ-12]</fullName>
        <bioguideId>H001032</bioguideId>
        <sponsorshipWithdrawnDate />
        <identifiers>
          <gpoId>8054</gpoId>
          <bioguideId>H001032</bioguideId>
          <lisID>1580</lisID>
        </identifiers>
        <isOriginalCosponsor>True</isOriginalCosponsor>
        <firstName>RUSH</firstName>
        <sponsorshipDate>2013-02-14</sponsorshipDate>
        <middleName>D.</middleName>
      </item>
      <item>
        <lastName>WATERS</lastName>
        <fullName>Rep. Waters, Maxine [D-CA-43]</fullName>
        <bioguideId>W000187</bioguideId>
        <sponsorshipWithdrawnDate />
        <identifiers>
          <lisID>1205</lisID>
          <bioguideId>W000187</bioguideId>
          <gpoId>7840</gpoId>
        </identifiers>
        <isOriginalCosponsor>True</isOriginalCosponsor>
        <firstName>MAXINE</firstName>
        <sponsorshipDate>2013-02-14</sponsorshipDate>
        <middleName />
      </item>
      <item>
        <lastName>HASTINGS</lastName>
        <fullName>Rep. Hastings, Alcee L. [D-FL-20]</fullName>
        <bioguideId>H000324</bioguideId>
        <sponsorshipWithdrawnDate />
        <identifiers>
          <bioguideId>H000324</bioguideId>
          <lisID>511</lisID>
          <gpoId>7895</gpoId>
        </identifiers>
        <isOriginalCosponsor>True</isOriginalCosponsor>
        <firstName>ALCEE</firstName>
        <sponsorshipDate>2013-02-14</sponsorshipDate>
        <middleName>L.</middleName>
      </item>
      <item>
        <lastName>SCHAKOWSKY</lastName>
        <fullName>Rep. Schakowsky, Janice D. [D-IL-9]</fullName>
        <bioguideId>S001145</bioguideId>
        <sponsorshipWithdrawnDate />
        <identifiers>
          <lisID>1588</lisID>
          <bioguideId>S001145</bioguideId>
          <gpoId>7929</gpoId>
        </identifiers>
        <isOriginalCosponsor>True</isOriginalCosponsor>
        <firstName>JANICE</firstName>
        <sponsorshipDate>2013-02-14</sponsorshipDate>
        <middleName>D.</middleName>
      </item>
      <item>
        <lastName>LARSEN</lastName>
        <fullName>Rep. Larsen, Rick [D-WA-2]</fullName>
        <bioguideId>L000560</bioguideId>
        <sponsorshipWithdrawnDate />
        <identifiers>
          <bioguideId>L000560</bioguideId>
          <lisID>1675</lisID>
          <gpoId>8206</gpoId>
        </identifiers>
        <isOriginalCosponsor>True</isOriginalCosponsor>
        <firstName>RICK</firstName>
        <sponsorshipDate>2013-02-14</sponsorshipDate>
        <middleName />
      </item>
      <item>
        <lastName>CHRISTENSEN</lastName>
        <fullName>Rep. Christensen, Donna M. [D-VI-At Large]</fullName>
        <bioguideId>C000380</bioguideId>
        <sponsorshipWithdrawnDate />
        <identifiers>
          <gpoId>8203</gpoId>
          <lisID>1474</lisID>
          <bioguideId>C000380</bioguideId>
        </identifiers>
        <isOriginalCosponsor>True</isOriginalCosponsor>
        <firstName>DONNA</firstName>
        <sponsorshipDate>2013-02-14</sponsorshipDate>
        <middleName>M.</middleName>
      </item>
      <item>
        <lastName>Sires</lastName>
        <fullName>Rep. Sires, Albio [D-NJ-8]</fullName>
        <bioguideId>S001165</bioguideId>
        <sponsorshipWithdrawnDate />
        <identifiers>
          <bioguideId>S001165</bioguideId>
          <lisID>1818</lisID>
          <gpoId>8055</gpoId>
        </identifiers>
        <isOriginalCosponsor>True</isOriginalCosponsor>
        <firstName>Albio</firstName>
        <sponsorshipDate>2013-02-14</sponsorshipDate>
        <middleName />
      </item>
      <item>
        <lastName>Takano</lastName>
        <fullName>Rep. Takano, Mark [D-CA-41]</fullName>
        <bioguideId>T000472</bioguideId>
        <sponsorshipWithdrawnDate />
        <identifiers>
          <gpoId />
          <bioguideId>T000472</bioguideId>
          <lisID>2110</lisID>
        </identifiers>
        <isOriginalCosponsor>False</isOriginalCosponsor>
        <firstName>Mark</firstName>
        <sponsorshipDate>2013-02-15</sponsorshipDate>
        <middleName />
      </item>
      <item>
        <lastName>Bass</lastName>
        <fullName>Rep. Bass, Karen [D-CA-37]</fullName>
        <bioguideId>B001270</bioguideId>
        <sponsorshipWithdrawnDate />
        <identifiers>
          <lisID>1996</lisID>
          <bioguideId>B001270</bioguideId>
          <gpoId>7838</gpoId>
        </identifiers>
        <isOriginalCosponsor>False</isOriginalCosponsor>
        <firstName>Karen</firstName>
        <sponsorshipDate>2013-02-15</sponsorshipDate>
        <middleName />
      </item>
      <item>
        <lastName>Ellison</lastName>
        <fullName>Rep. Ellison, Keith [D-MN-5]</fullName>
        <bioguideId>E000288</bioguideId>
        <sponsorshipWithdrawnDate />
        <identifiers>
          <lisID>1857</lisID>
          <gpoId>8005</gpoId>
          <bioguideId>E000288</bioguideId>
        </identifiers>
        <isOriginalCosponsor>False</isOriginalCosponsor>
        <firstName>Keith</firstName>
        <sponsorshipDate>2013-02-15</sponsorshipDate>
        <middleName />
      </item>
      <item>
        <lastName>MCGOVERN</lastName>
        <fullName>Rep. McGovern, James P. [D-MA-2]</fullName>
        <bioguideId>M000312</bioguideId>
        <sponsorshipWithdrawnDate />
        <identifiers>
          <bioguideId>M000312</bioguideId>
          <lisID>1504</lisID>
          <gpoId>7968</gpoId>
        </identifiers>
        <isOriginalCosponsor>False</isOriginalCosponsor>
        <firstName>JAMES</firstName>
        <sponsorshipDate>2013-03-05</sponsorshipDate>
        <middleName>P.</middleName>
      </item>
      <item>
        <lastName>DELAURO</lastName>
        <fullName>Rep. DeLauro, Rosa L. [D-CT-3]</fullName>
        <bioguideId>D000216</bioguideId>
        <sponsorshipWithdrawnDate />
        <identifiers>
          <gpoId>7868</gpoId>
          <bioguideId>D000216</bioguideId>
          <lisID>281</lisID>
        </identifiers>
        <isOriginalCosponsor>False</isOriginalCosponsor>
        <firstName>ROSA</firstName>
        <sponsorshipDate>2013-03-05</sponsorshipDate>
        <middleName />
      </item>
      <item>
        <lastName>Scott</lastName>
        <fullName>Rep. Scott, Robert C. "Bobby" [D-VA-3]</fullName>
        <bioguideId>S000185</bioguideId>
        <sponsorshipWithdrawnDate />
        <identifiers>
          <lisID>1037</lisID>
          <bioguideId>S000185</bioguideId>
          <gpoId>8194</gpoId>
        </identifiers>
        <isOriginalCosponsor>False</isOriginalCosponsor>
        <firstName>Robert</firstName>
        <sponsorshipDate>2013-03-05</sponsorshipDate>
        <middleName>C. "Bobby"</middleName>
      </item>
      <item>
        <lastName>PRICE</lastName>
        <fullName>Rep. Price, David E. [D-NC-4]</fullName>
        <bioguideId>P000523</bioguideId>
        <sponsorshipWithdrawnDate />
        <identifiers>
          <gpoId>8027</gpoId>
          <bioguideId>P000523</bioguideId>
          <lisID>930</lisID>
        </identifiers>
        <isOriginalCosponsor>False</isOriginalCosponsor>
        <firstName>DAVID</firstName>
        <sponsorshipDate>2013-03-05</sponsorshipDate>
        <middleName>E.</middleName>
      </item>
      <item>
        <lastName>Quigley</lastName>
        <fullName>Rep. Quigley, Mike [D-IL-5]</fullName>
        <bioguideId>Q000023</bioguideId>
        <sponsorshipWithdrawnDate />
        <identifiers>
          <bioguideId>Q000023</bioguideId>
          <lisID>1967</lisID>
          <gpoId>7925</gpoId>
        </identifiers>
        <isOriginalCosponsor>False</isOriginalCosponsor>
        <firstName>Mike</firstName>
        <sponsorshipDate>2013-03-12</sponsorshipDate>
        <middleName />
      </item>
      <item>
        <lastName>NAPOLITANO</lastName>
        <fullName>Rep. Napolitano, Grace F. [D-CA-32]</fullName>
        <bioguideId>N000179</bioguideId>
        <sponsorshipWithdrawnDate />
        <identifiers>
          <lisID>1602</lisID>
          <bioguideId>N000179</bioguideId>
          <gpoId>7843</gpoId>
        </identifiers>
        <isOriginalCosponsor>False</isOriginalCosponsor>
        <firstName>GRACE</firstName>
        <sponsorshipDate>2013-03-12</sponsorshipDate>
        <middleName>F.</middleName>
      </item>
      <item>
        <lastName>DEFAZIO</lastName>
        <fullName>Rep. DeFazio, Peter A. [D-OR-4]</fullName>
        <bioguideId>D000191</bioguideId>
        <sponsorshipWithdrawnDate />
        <identifiers>
          <gpoId>8117</gpoId>
          <bioguideId>D000191</bioguideId>
          <lisID>279</lisID>
        </identifiers>
        <isOriginalCosponsor>False</isOriginalCosponsor>
        <firstName>PETER</firstName>
        <sponsorshipDate>2013-03-12</sponsorshipDate>
        <middleName>A.</middleName>
      </item>
      <item>
        <lastName>Pocan</lastName>
        <fullName>Rep. Pocan, Mark [D-WI-2]</fullName>
        <bioguideId>P000607</bioguideId>
        <sponsorshipWithdrawnDate />
        <identifiers>
          <gpoId />
          <bioguideId>P000607</bioguideId>
          <lisID>2171</lisID>
        </identifiers>
        <isOriginalCosponsor>False</isOriginalCosponsor>
        <firstName>Mark</firstName>
        <sponsorshipDate>2013-03-12</sponsorshipDate>
        <middleName />
      </item>
      <item>
        <lastName>McNerney</lastName>
        <fullName>Rep. McNerney, Jerry [D-CA-9]</fullName>
        <bioguideId>M001166</bioguideId>
        <sponsorshipWithdrawnDate />
        <identifiers>
          <gpoId>7816</gpoId>
          <lisID>1832</lisID>
          <bioguideId>M001166</bioguideId>
        </identifiers>
        <isOriginalCosponsor>False</isOriginalCosponsor>
        <firstName>Jerry</firstName>
        <sponsorshipDate>2013-03-13</sponsorshipDate>
        <middleName />
      </item>
      <item>
        <lastName>Cohen</lastName>
        <fullName>Rep. Cohen, Steve [D-TN-9]</fullName>
        <bioguideId>C001068</bioguideId>
        <sponsorshipWithdrawnDate />
        <identifiers>
          <lisID>1878</lisID>
          <gpoId>8156</gpoId>
          <bioguideId>C001068</bioguideId>
        </identifiers>
        <isOriginalCosponsor>False</isOriginalCosponsor>
        <firstName>Steve</firstName>
        <sponsorshipDate>2013-03-15</sponsorshipDate>
        <middleName />
      </item>
      <item>
        <lastName>FARR</lastName>
        <fullName>Rep. Farr, Sam [D-CA-20]</fullName>
        <bioguideId>F000030</bioguideId>
        <sponsorshipWithdrawnDate />
        <identifiers>
          <lisID>368</lisID>
          <bioguideId>F000030</bioguideId>
          <gpoId>7822</gpoId>
        </identifiers>
        <isOriginalCosponsor>False</isOriginalCosponsor>
        <firstName>SAM</firstName>
        <sponsorshipDate>2013-04-10</sponsorshipDate>
        <middleName />
      </item>
      <item>
        <lastName>LANGEVIN</lastName>
        <fullName>Rep. Langevin, James R. [D-RI-2]</fullName>
        <bioguideId>L000559</bioguideId>
        <sponsorshipWithdrawnDate />
        <identifiers>
          <gpoId>8140</gpoId>
          <bioguideId>L000559</bioguideId>
          <lisID>1668</lisID>
        </identifiers>
        <isOriginalCosponsor>False</isOriginalCosponsor>
        <firstName>JAMES</firstName>
        <sponsorshipDate>2013-04-10</sponsorshipDate>
        <middleName>R.</middleName>
      </item>
      <item>
        <lastName>Lowenthal</lastName>
        <fullName>Rep. Lowenthal, Alan S. [D-CA-47]</fullName>
        <bioguideId>L000579</bioguideId>
        <sponsorshipWithdrawnDate />
        <identifiers>
          <lisID>2111</lisID>
          <gpoId />
          <bioguideId>L000579</bioguideId>
        </identifiers>
        <isOriginalCosponsor>False</isOriginalCosponsor>
        <firstName>Alan</firstName>
        <sponsorshipDate>2013-05-07</sponsorshipDate>
        <middleName>S.</middleName>
      </item>
      <item>
        <lastName>JOHNSON</lastName>
        <fullName>Rep. Johnson, Eddie Bernice [D-TX-30]</fullName>
        <bioguideId>J000126</bioguideId>
        <sponsorshipWithdrawnDate />
        <identifiers>
          <gpoId>8186</gpoId>
          <bioguideId>J000126</bioguideId>
          <lisID>599</lisID>
        </identifiers>
        <isOriginalCosponsor>False</isOriginalCosponsor>
        <firstName>EDDIE</firstName>
        <sponsorshipDate>2013-05-08</sponsorshipDate>
        <middleName>BERNICE</middleName>
      </item>
      <item>
        <lastName>Schwartz</lastName>
        <fullName>Rep. Schwartz, Allyson Y. [D-PA-13]</fullName>
        <bioguideId>S001162</bioguideId>
        <sponsorshipWithdrawnDate />
        <identifiers>
          <gpoId>8131</gpoId>
          <bioguideId>S001162</bioguideId>
          <lisID>1798</lisID>
        </identifiers>
        <isOriginalCosponsor>False</isOriginalCosponsor>
        <firstName>Allyson</firstName>
        <sponsorshipDate>2013-06-05</sponsorshipDate>
        <middleName>Y.</middleName>
      </item>
      <item>
        <lastName>Hahn</lastName>
        <fullName>Rep. Hahn, Janice [D-CA-44]</fullName>
        <bioguideId>H001063</bioguideId>
        <sponsorshipWithdrawnDate />
        <identifiers>
          <gpoId>8360</gpoId>
          <lisID>2089</lisID>
          <bioguideId>H001063</bioguideId>
        </identifiers>
        <isOriginalCosponsor>False</isOriginalCosponsor>
        <firstName>Janice</firstName>
        <sponsorshipDate>2013-06-17</sponsorshipDate>
        <middleName />
      </item>
      <item>
        <lastName>Frankel</lastName>
        <fullName>Rep. Frankel, Lois [D-FL-22]</fullName>
        <bioguideId>F000462</bioguideId>
        <sponsorshipWithdrawnDate />
        <identifiers>
          <lisID>2119</lisID>
          <bioguideId>F000462</bioguideId>
          <gpoId />
        </identifiers>
        <isOriginalCosponsor>False</isOriginalCosponsor>
        <firstName>Lois</firstName>
        <sponsorshipDate>2013-06-18</sponsorshipDate>
        <middleName />
      </item>
      <item>
        <lastName>MALONEY</lastName>
        <fullName>Rep. Maloney, Carolyn B. [D-NY-12]</fullName>
        <bioguideId>M000087</bioguideId>
        <sponsorshipWithdrawnDate />
        <identifiers>
          <gpoId>8075</gpoId>
          <bioguideId>M000087</bioguideId>
          <lisID>729</lisID>
        </identifiers>
        <isOriginalCosponsor>False</isOriginalCosponsor>
        <firstName>CAROLYN</firstName>
        <sponsorshipDate>2013-07-11</sponsorshipDate>
        <middleName>B.</middleName>
      </item>
      <item>
        <lastName>O'Rourke</lastName>
        <fullName>Rep. O'Rourke, Beto [D-TX-16]</fullName>
        <bioguideId>O000170</bioguideId>
        <sponsorshipWithdrawnDate />
        <identifiers>
          <lisID>2162</lisID>
          <bioguideId>O000170</bioguideId>
          <gpoId />
        </identifiers>
        <isOriginalCosponsor>False</isOriginalCosponsor>
        <firstName>Beto</firstName>
        <sponsorshipDate>2013-09-09</sponsorshipDate>
        <middleName />
      </item>
      <item>
        <lastName>Titus</lastName>
        <fullName>Rep. Titus, Dina [D-NV-1]</fullName>
        <bioguideId>T000468</bioguideId>
        <sponsorshipWithdrawnDate />
        <identifiers>
          <gpoId>7493</gpoId>
          <lisID>1940</lisID>
          <bioguideId>T000468</bioguideId>
        </identifiers>
        <isOriginalCosponsor>False</isOriginalCosponsor>
        <firstName>Dina</firstName>
        <sponsorshipDate>2013-10-08</sponsorshipDate>
        <middleName />
      </item>
      <item>
        <lastName>SERRANO</lastName>
        <fullName>Rep. Serrano, Jose E. [D-NY-15]</fullName>
        <bioguideId>S000248</bioguideId>
        <sponsorshipWithdrawnDate />
        <identifiers>
          <gpoId>8077</gpoId>
          <lisID>1042</lisID>
          <bioguideId>S000248</bioguideId>
        </identifiers>
        <isOriginalCosponsor>False</isOriginalCosponsor>
        <firstName>JOSE</firstName>
        <sponsorshipDate>2013-10-16</sponsorshipDate>
        <middleName>E.</middleName>
      </item>
      <item>
        <lastName>Huffman</lastName>
        <fullName>Rep. Huffman, Jared [D-CA-2]</fullName>
        <bioguideId>H001068</bioguideId>
        <sponsorshipWithdrawnDate />
        <identifiers>
          <gpoId />
          <lisID>2101</lisID>
          <bioguideId>H001068</bioguideId>
        </identifiers>
        <isOriginalCosponsor>False</isOriginalCosponsor>
        <firstName>Jared</firstName>
        <sponsorshipDate>2013-12-04</sponsorshipDate>
        <middleName />
      </item>
      <item>
        <lastName>TIERNEY</lastName>
        <fullName>Rep. Tierney, John F. [D-MA-6]</fullName>
        <bioguideId>T000266</bioguideId>
        <sponsorshipWithdrawnDate />
        <identifiers>
          <gpoId>7971</gpoId>
          <lisID>1535</lisID>
          <bioguideId>T000266</bioguideId>
        </identifiers>
        <isOriginalCosponsor>False</isOriginalCosponsor>
        <firstName>JOHN</firstName>
        <sponsorshipDate>2014-03-25</sponsorshipDate>
        <middleName>F.</middleName>
      </item>
      <item>
        <lastName>ISRAEL</lastName>
        <fullName>Rep. Israel, Steve [D-NY-3]</fullName>
        <bioguideId>I000057</bioguideId>
        <sponsorshipWithdrawnDate />
        <identifiers>
          <gpoId>8063</gpoId>
          <bioguideId>I000057</bioguideId>
          <lisID>1663</lisID>
        </identifiers>
        <isOriginalCosponsor>False</isOriginalCosponsor>
        <firstName>STEVE</firstName>
        <sponsorshipDate>2014-07-22</sponsorshipDate>
        <middleName />
      </item>
      <item>
        <lastName>THOMPSON</lastName>
        <fullName>Rep. Thompson, Mike [D-CA-5]</fullName>
        <bioguideId>T000460</bioguideId>
        <sponsorshipWithdrawnDate />
        <identifiers>
          <lisID>1593</lisID>
          <gpoId>7806</gpoId>
          <bioguideId>T000460</bioguideId>
        </identifiers>
        <isOriginalCosponsor>False</isOriginalCosponsor>
        <firstName>MIKE</firstName>
        <sponsorshipDate>2014-07-30</sponsorshipDate>
        <middleName />
      </item>
      <item>
        <lastName>Perlmutter</lastName>
        <fullName>Rep. Perlmutter, Ed [D-CO-7]</fullName>
        <bioguideId>P000593</bioguideId>
        <sponsorshipWithdrawnDate />
        <identifiers>
          <gpoId>7865</gpoId>
          <bioguideId>P000593</bioguideId>
          <lisID>1835</lisID>
        </identifiers>
        <isOriginalCosponsor>False</isOriginalCosponsor>
        <firstName>Ed</firstName>
        <sponsorshipDate>2014-08-01</sponsorshipDate>
        <middleName />
      </item>
      <item>
        <lastName>Peters</lastName>
        <fullName>Rep. Peters, Scott H. [D-CA-52]</fullName>
        <bioguideId>P000608</bioguideId>
        <sponsorshipWithdrawnDate />
        <identifiers>
          <gpoId />
          <lisID>2113</lisID>
          <bioguideId>P000608</bioguideId>
        </identifiers>
        <isOriginalCosponsor>False</isOriginalCosponsor>
        <firstName>Scott</firstName>
        <sponsorshipDate>2014-09-11</sponsorshipDate>
        <middleName>H.</middleName>
      </item>
      <item>
        <lastName>Johnson</lastName>
        <fullName>Rep. Johnson, Henry C. "Hank," Jr. [D-GA-4]</fullName>
        <bioguideId>J000288</bioguideId>
        <sponsorshipWithdrawnDate />
        <identifiers>
          <gpoId>7901</gpoId>
          <bioguideId>J000288</bioguideId>
          <lisID>1843</lisID>
        </identifiers>
        <isOriginalCosponsor>False</isOriginalCosponsor>
        <firstName>Henry</firstName>
        <sponsorshipDate>2014-09-16</sponsorshipDate>
        <middleName>C. "Hank"</middleName>
      </item>
      <item>
        <lastName>KAPTUR</lastName>
        <fullName>Rep. Kaptur, Marcy [D-OH-9]</fullName>
        <bioguideId>K000009</bioguideId>
        <sponsorshipWithdrawnDate />
        <identifiers>
          <lisID>616</lisID>
          <bioguideId>K000009</bioguideId>
          <gpoId>8099</gpoId>
        </identifiers>
        <isOriginalCosponsor>False</isOriginalCosponsor>
        <firstName>MARCY</firstName>
        <sponsorshipDate>2014-09-18</sponsorshipDate>
        <middleName />
      </item>
      <item>
        <lastName>Lujan Grisham</lastName>
        <fullName>Rep. Lujan Grisham, Michelle [D-NM-1]</fullName>
        <bioguideId>L000580</bioguideId>
        <sponsorshipWithdrawnDate />
        <identifiers>
          <gpoId />
          <bioguideId>L000580</bioguideId>
          <lisID>2146</lisID>
        </identifiers>
        <isOriginalCosponsor>False</isOriginalCosponsor>
        <firstName>Michelle</firstName>
        <sponsorshipDate>2014-09-18</sponsorshipDate>
        <middleName />
      </item>
      <item>
        <lastName>GUTIERREZ</lastName>
        <fullName>Rep. Gutierrez, Luis V. [D-IL-4]</fullName>
        <bioguideId>G000535</bioguideId>
        <sponsorshipWithdrawnDate />
        <identifiers>
          <gpoId>7924</gpoId>
          <bioguideId>G000535</bioguideId>
          <lisID>478</lisID>
        </identifiers>
        <isOriginalCosponsor>False</isOriginalCosponsor>
        <firstName>LUIS</firstName>
        <sponsorshipDate>2014-11-13</sponsorshipDate>
        <middleName>V.</middleName>
      </item>
    </cosponsors>
    <cboCostEstimates />
    <latestAction>
      <text>Referred to the Subcommittee on Higher Education and Workforce Training.</text>
      <actionDate>2013-04-23</actionDate>
      <links />
    </latestAction>
    <committeeReports />
    <title>Real Education for Healthy Youth Act of 2013</title>
    <amendments />
    <laws />
    <billNumber>725</billNumber>
  </bill>
  <dublinCore xmlns:dc="http://purl.org/dc/elements/1.1/">
    <dc:format>text/xml</dc:format>
    <dc:language>EN</dc:language>
    <dc:rights>Pursuant to Title 17 Section 105 of the United States Code, this file is not subject to copyright protection and is in the public domain.</dc:rights>
    <dc:contributor>Congressional Research Service, Library of Congress</dc:contributor>
    <dc:description>This file contains bill summaries and statuses for federal legislation. A bill summary describes the most significant provisions of a piece of legislation and details the effects the legislative text may have on current law and federal programs. Bill summaries are authored by the Congressional Research Service (CRS) of the Library of Congress. As stated in Public Law 91-510 (2 USC 166 (d)(6)), one of the duties of CRS is "to prepare summaries and digests of bills and resolutions of a public general nature introduced in the Senate or House of Representatives". For more information, refer to the User Guide that accompanies this file.</dc:description>
  </dublinCore>
</billStatus>

