<?xml version="1.0" encoding="UTF-8"?>
<billStatus>
  <bill>
    <latestAction>
      <actionDate>2014-06-10</actionDate>
      <text>Referred to the House Committee on Ways and Means.</text>
      <links />
    </latestAction>
    <committeeReports />
    <cboCostEstimates />
    <billType>HR</billType>
    <relatedBills />
    <createDate>2014-06-11T07:11:04Z</createDate>
    <title>Accelerate Our Manufacturers Act</title>
    <cosponsors>
      <item>
        <sponsorshipWithdrawnDate />
        <bioguideId>R000597</bioguideId>
        <fullName>Rep. Rice, Tom [R-SC-7]</fullName>
        <lastName>Rice</lastName>
        <isOriginalCosponsor>True</isOriginalCosponsor>
        <identifiers>
          <gpoId />
          <bioguideId>R000597</bioguideId>
          <lisID>2160</lisID>
        </identifiers>
        <middleName />
        <sponsorshipDate>2014-06-10</sponsorshipDate>
        <firstName>Tom</firstName>
      </item>
    </cosponsors>
    <updateDate>2016-10-25T16:13:54Z</updateDate>
    <amendments />
    <originChamber>House</originChamber>
    <subjects>
      <billSubjects>
        <policyArea>
          <name>Taxation</name>
        </policyArea>
        <legislativeSubjects>
          <item>
            <name>Business investment and capital</name>
          </item>
          <item>
            <name>Income tax deductions</name>
          </item>
          <item>
            <name>Industrial facilities</name>
          </item>
          <item>
            <name>Manufacturing</name>
          </item>
        </legislativeSubjects>
      </billSubjects>
    </subjects>
    <policyArea>
      <name>Taxation</name>
    </policyArea>
    <congress>113</congress>
    <constitutionalAuthorityStatementText />
    <summaries>
      <billSummaries>
        <item>
          <lastSummaryUpdateDate>2014-07-28T18:37:49Z</lastSummaryUpdateDate>
          <name>Introduced in House</name>
          <actionDesc>Introduced in House</actionDesc>
          <text><![CDATA[<p>Accelerate Our Manufacturers Act - Amends the Internal Revenue Code to allow an additional 100% depreciation allowance (bonus depreciation)&nbsp;for qualified manufacturing property and an election to accelerate the alternative minimum tax (AMT) credit with respect to such property&nbsp;in lieu of bonus depreciation. Defines "qualified manufacturing property" as property that is acquired after December 31, 2013, and before January 1, 2019, and that is used by a manufacturer to produce an article from new or raw material, or from scrap, salvage, or junk material, by processing or changing the form of an article or by combining or assembling two or more articles. </p>]]></text>
          <actionDate>2014-06-10</actionDate>
          <versionCode>00</versionCode>
          <updateDate>2014-06-10T04:00:00Z</updateDate>
        </item>
      </billSummaries>
    </summaries>
    <sponsors>
      <item>
        <fullName>Rep. Schneider, Bradley S. [D-IL-10]</fullName>
        <byRequestType />
        <bioguideId>S001190</bioguideId>
        <firstName>Bradley</firstName>
        <middleName>S.</middleName>
        <identifiers>
          <gpoId />
          <lisID>2124</lisID>
          <bioguideId>S001190</bioguideId>
        </identifiers>
        <lastName>Schneider</lastName>
      </item>
    </sponsors>
    <calendarNumbers />
    <laws />
    <introducedDate>2014-06-10</introducedDate>
    <billNumber>4822</billNumber>
    <actions>
      <item>
        <type>IntroReferral</type>
        <sourceSystem>
          <code>2</code>
          <name>House floor actions</name>
        </sourceSystem>
        <text>Referred to the House Committee on Ways and Means.</text>
        <committee>
          <systemCode>hswm00</systemCode>
          <name>Ways and Means Committee</name>
        </committee>
        <actionDate>2014-06-10</actionDate>
        <links />
        <actionCode>H11100</actionCode>
      </item>
      <item>
        <type>IntroReferral</type>
        <sourceSystem>
          <code>9</code>
          <name>Library of Congress</name>
        </sourceSystem>
        <text>Introduced in House</text>
        <committee />
        <actionDate>2014-06-10</actionDate>
        <links />
        <actionCode>Intro-H</actionCode>
      </item>
      <item>
        <type>IntroReferral</type>
        <sourceSystem>
          <code>9</code>
          <name>Library of Congress</name>
        </sourceSystem>
        <text>Introduced in House</text>
        <committee />
        <actionDate>2014-06-10</actionDate>
        <links />
        <actionCode>1000</actionCode>
      </item>
      <actionTypeCounts>
        <introducedInTheHouse>1</introducedInTheHouse>
        <introducedInHouse>1</introducedInHouse>
        <billReferrals>1</billReferrals>
      </actionTypeCounts>
      <actionByCounts>
        <houseOfRepresentatives>3</houseOfRepresentatives>
      </actionByCounts>
    </actions>
    <notes />
    <titles>
      <item>
        <parentTitleType />
        <title>Accelerate Our Manufacturers Act</title>
        <chamberName />
        <titleType>Short Titles as Introduced</titleType>
        <chamberCode />
      </item>
      <item>
        <parentTitleType />
        <title>To amend the Internal Revenue Code of 1986 to provide for 100 percent bonus depreciation for manufacturing property.</title>
        <chamberName />
        <titleType>Official Title as Introduced</titleType>
        <chamberCode />
      </item>
      <item>
        <parentTitleType />
        <title>Accelerate Our Manufacturers Act</title>
        <chamberName />
        <titleType>Display Title</titleType>
        <chamberCode />
      </item>
    </titles>
    <recordedVotes />
    <committees>
      <billCommittees>
        <item>
          <systemCode>hswm00</systemCode>
          <subcommittees />
          <chamber>House</chamber>
          <type>Standing</type>
          <name>Ways and Means Committee</name>
          <activities>
            <item>
              <name>Referred to</name>
              <date>2014-06-10T14:00:49Z</date>
            </item>
          </activities>
        </item>
      </billCommittees>
    </committees>
  </bill>
  <dublinCore xmlns:dc="http://purl.org/dc/elements/1.1/">
    <dc:format>text/xml</dc:format>
    <dc:language>EN</dc:language>
    <dc:rights>Pursuant to Title 17 Section 105 of the United States Code, this file is not subject to copyright protection and is in the public domain.</dc:rights>
    <dc:contributor>Congressional Research Service, Library of Congress</dc:contributor>
    <dc:description>This file contains bill summaries and statuses for federal legislation. A bill summary describes the most significant provisions of a piece of legislation and details the effects the legislative text may have on current law and federal programs. Bill summaries are authored by the Congressional Research Service (CRS) of the Library of Congress. As stated in Public Law 91-510 (2 USC 166 (d)(6)), one of the duties of CRS is "to prepare summaries and digests of bills and resolutions of a public general nature introduced in the Senate or House of Representatives". For more information, refer to the User Guide that accompanies this file.</dc:description>
  </dublinCore>
</billStatus>

