<?xml version="1.0" encoding="UTF-8"?>
<billStatus>
  <bill>
    <constitutionalAuthorityStatementText><![CDATA[<pre>By Mr. HINOJOSA:H.R. 551.Congress has the power to enact this legislation pursuantto the following:This bill is enacted pursuant to Clauses 1,3, and 18 ofArticle 1, Section 8 of the United States Constitution.[Page H414]</pre>]]></constitutionalAuthorityStatementText>
    <sponsors>
      <item>
        <lastName>HINOJOSA</lastName>
        <firstName>RUBEN</firstName>
        <identifiers>
          <lisID>1490</lisID>
          <gpoId>8171</gpoId>
          <bioguideId>H000636</bioguideId>
        </identifiers>
        <bioguideId>H000636</bioguideId>
        <middleName />
        <fullName>Rep. Hinojosa, Ruben [D-TX-15]</fullName>
        <byRequestType />
      </item>
    </sponsors>
    <createDate>2013-02-07T07:00:56Z</createDate>
    <subjects>
      <billSubjects>
        <policyArea>
          <name>Education</name>
        </policyArea>
        <legislativeSubjects>
          <item>
            <name>Education of the disadvantaged</name>
          </item>
          <item>
            <name>Education programs funding</name>
          </item>
          <item>
            <name>Elementary and secondary education</name>
          </item>
          <item>
            <name>Higher education</name>
          </item>
          <item>
            <name>Student aid and college costs</name>
          </item>
          <item>
            <name>Teaching, teachers, curricula</name>
          </item>
        </legislativeSubjects>
      </billSubjects>
    </subjects>
    <billType>HR</billType>
    <committeeReports />
    <committees>
      <billCommittees>
        <item>
          <activities>
            <item>
              <date>2013-02-06T14:04:15Z</date>
              <name>Referred to</name>
            </item>
          </activities>
          <chamber>House</chamber>
          <type>Standing</type>
          <subcommittees>
            <item>
              <activities>
                <item>
                  <date>2013-04-23T16:03:42Z</date>
                  <name>Referred to</name>
                </item>
              </activities>
              <name>Higher Education and Workforce Training Subcommittee</name>
              <systemCode>hsed13</systemCode>
            </item>
            <item>
              <activities>
                <item>
                  <date>2013-04-23T15:51:15Z</date>
                  <name>Referred to</name>
                </item>
              </activities>
              <name>Early Childhood, Elementary, and Secondary Education Subcommittee</name>
              <systemCode>hsed14</systemCode>
            </item>
          </subcommittees>
          <name>Education and the Workforce Committee</name>
          <systemCode>hsed00</systemCode>
        </item>
      </billCommittees>
    </committees>
    <cboCostEstimates />
    <amendments />
    <title>Fast Track to College Act of 2013</title>
    <laws />
    <notes />
    <billNumber>551</billNumber>
    <originChamber>House</originChamber>
    <cosponsors>
      <item>
        <lastName>FATTAH</lastName>
        <identifiers>
          <gpoId>8120</gpoId>
          <bioguideId>F000043</bioguideId>
          <lisID>371</lisID>
        </identifiers>
        <firstName>CHAKA</firstName>
        <fullName>Rep. Fattah, Chaka [D-PA-2]</fullName>
        <bioguideId>F000043</bioguideId>
        <sponsorshipDate>2013-02-06</sponsorshipDate>
        <middleName />
        <isOriginalCosponsor>True</isOriginalCosponsor>
        <sponsorshipWithdrawnDate />
      </item>
      <item>
        <lastName>RANGEL</lastName>
        <identifiers>
          <lisID>944</lisID>
          <bioguideId>R000053</bioguideId>
          <gpoId>8076</gpoId>
        </identifiers>
        <firstName>CHARLES</firstName>
        <fullName>Rep. Rangel, Charles B. [D-NY-13]</fullName>
        <bioguideId>R000053</bioguideId>
        <sponsorshipDate>2013-07-17</sponsorshipDate>
        <middleName>B.</middleName>
        <isOriginalCosponsor>False</isOriginalCosponsor>
        <sponsorshipWithdrawnDate />
      </item>
      <item>
        <lastName>DAVIS</lastName>
        <identifiers>
          <lisID>1477</lisID>
          <bioguideId>D000096</bioguideId>
          <gpoId>7927</gpoId>
        </identifiers>
        <firstName>DANNY</firstName>
        <fullName>Rep. Davis, Danny K. [D-IL-7]</fullName>
        <bioguideId>D000096</bioguideId>
        <sponsorshipDate>2013-07-17</sponsorshipDate>
        <middleName>K.</middleName>
        <isOriginalCosponsor>False</isOriginalCosponsor>
        <sponsorshipWithdrawnDate />
      </item>
      <item>
        <lastName>Veasey</lastName>
        <identifiers>
          <gpoId />
          <lisID>2166</lisID>
          <bioguideId>V000131</bioguideId>
        </identifiers>
        <firstName>Marc</firstName>
        <fullName>Rep. Veasey, Marc A. [D-TX-33]</fullName>
        <bioguideId>V000131</bioguideId>
        <sponsorshipDate>2013-07-17</sponsorshipDate>
        <middleName>A.</middleName>
        <isOriginalCosponsor>False</isOriginalCosponsor>
        <sponsorshipWithdrawnDate />
      </item>
      <item>
        <lastName>Loebsack</lastName>
        <identifiers>
          <lisID>1846</lisID>
          <bioguideId>L000565</bioguideId>
          <gpoId>7915</gpoId>
        </identifiers>
        <firstName>David</firstName>
        <fullName>Rep. Loebsack, David [D-IA-2]</fullName>
        <bioguideId>L000565</bioguideId>
        <sponsorshipDate>2013-07-17</sponsorshipDate>
        <middleName />
        <isOriginalCosponsor>False</isOriginalCosponsor>
        <sponsorshipWithdrawnDate />
      </item>
      <item>
        <lastName>Payne</lastName>
        <identifiers>
          <lisID>2097</lisID>
          <bioguideId>P000604</bioguideId>
          <gpoId>8373</gpoId>
        </identifiers>
        <firstName>Donald</firstName>
        <fullName>Rep. Payne, Donald M., Jr. [D-NJ-10]</fullName>
        <bioguideId>P000604</bioguideId>
        <sponsorshipDate>2013-07-17</sponsorshipDate>
        <middleName>M.</middleName>
        <isOriginalCosponsor>False</isOriginalCosponsor>
        <sponsorshipWithdrawnDate />
      </item>
      <item>
        <lastName>HONDA</lastName>
        <identifiers>
          <lisID>1634</lisID>
          <gpoId>7820</gpoId>
          <bioguideId>H001034</bioguideId>
        </identifiers>
        <firstName>MICHAEL</firstName>
        <fullName>Rep. Honda, Michael M. [D-CA-17]</fullName>
        <bioguideId>H001034</bioguideId>
        <sponsorshipDate>2013-07-17</sponsorshipDate>
        <middleName>M.</middleName>
        <isOriginalCosponsor>False</isOriginalCosponsor>
        <sponsorshipWithdrawnDate />
      </item>
      <item>
        <lastName>Cardenas</lastName>
        <identifiers>
          <bioguideId>C001097</bioguideId>
          <lisID>2107</lisID>
          <gpoId />
        </identifiers>
        <firstName>Tony</firstName>
        <fullName>Rep. Cardenas, Tony [D-CA-29]</fullName>
        <bioguideId>C001097</bioguideId>
        <sponsorshipDate>2013-07-17</sponsorshipDate>
        <middleName />
        <isOriginalCosponsor>False</isOriginalCosponsor>
        <sponsorshipWithdrawnDate />
      </item>
      <item>
        <lastName>Polis</lastName>
        <identifiers>
          <bioguideId>P000598</bioguideId>
          <lisID>1910</lisID>
          <gpoId>7860</gpoId>
        </identifiers>
        <firstName>Jared</firstName>
        <fullName>Rep. Polis, Jared [D-CO-2]</fullName>
        <bioguideId>P000598</bioguideId>
        <sponsorshipDate>2013-07-17</sponsorshipDate>
        <middleName />
        <isOriginalCosponsor>False</isOriginalCosponsor>
        <sponsorshipWithdrawnDate />
      </item>
      <item>
        <lastName>Grijalva</lastName>
        <identifiers>
          <lisID>1708</lisID>
          <bioguideId>G000551</bioguideId>
          <gpoId>7804</gpoId>
        </identifiers>
        <firstName>Raul</firstName>
        <fullName>Rep. Grijalva, Raul M. [D-AZ-3]</fullName>
        <bioguideId>G000551</bioguideId>
        <sponsorshipDate>2013-07-17</sponsorshipDate>
        <middleName>M.</middleName>
        <isOriginalCosponsor>False</isOriginalCosponsor>
        <sponsorshipWithdrawnDate />
      </item>
      <item>
        <lastName>Chu</lastName>
        <identifiers>
          <lisID>1970</lisID>
          <gpoId>7837</gpoId>
          <bioguideId>C001080</bioguideId>
        </identifiers>
        <firstName>Judy</firstName>
        <fullName>Rep. Chu, Judy [D-CA-27]</fullName>
        <bioguideId>C001080</bioguideId>
        <sponsorshipDate>2013-07-17</sponsorshipDate>
        <middleName />
        <isOriginalCosponsor>False</isOriginalCosponsor>
        <sponsorshipWithdrawnDate />
      </item>
      <item>
        <lastName>ROYBAL-ALLARD</lastName>
        <identifiers>
          <bioguideId>R000486</bioguideId>
          <lisID>997</lisID>
          <gpoId>7839</gpoId>
        </identifiers>
        <firstName>LUCILLE</firstName>
        <fullName>Rep. Roybal-Allard, Lucille [D-CA-40]</fullName>
        <bioguideId>R000486</bioguideId>
        <sponsorshipDate>2014-04-10</sponsorshipDate>
        <middleName />
        <isOriginalCosponsor>False</isOriginalCosponsor>
        <sponsorshipWithdrawnDate />
      </item>
    </cosponsors>
    <calendarNumbers />
    <congress>113</congress>
    <summaries>
      <billSummaries>
        <item>
          <actionDesc>Introduced in House</actionDesc>
          <actionDate>2013-02-06</actionDate>
          <updateDate>2013-02-06T05:00:00Z</updateDate>
          <versionCode>00</versionCode>
          <lastSummaryUpdateDate>2013-02-19T22:08:45Z</lastSummaryUpdateDate>
          <name>Introduced in House</name>
          <text><![CDATA[<p>Fast Track to College Act of 2013 - Authorizes the Secretary of Education to award matching six-year grants to local educational agencies (LEAs) that partner with institutions of higher education (IHEs) to establish or support dual enrollment programs, such as early college high schools, that allow secondary school students to earn credit simultaneously toward a secondary school diploma and a postsecondary degree or certificate.</p> <p>Gives grant priority to applicants: (1) that propose to establish or support a dual enrollment program for a student body at least 40% of which is impoverished; and (2) from states that provide assistance to dual enrollment programs, such as assistance defraying the costs of higher education.</p> <p>Requires applicants to make assurances that: (1) students will not be required to pay tuition or fees for postsecondary courses, and (2) those courses will be taught by faculty that meet their partner IHE's normal standards.</p> <p>Authorizes the Secretary to award matching five-year grants to states to: (1) plan and implement statewide strategies to make dual enrollment programs more accessible to students who are underrepresented in postsecondary education; (2) provide technical assistance to dual enrollment programs; and (3) engage in outreach, assessment, and teacher training activities designed to strengthen such programs.</p> <p>Directs the Secretary to: (1) contract for an independent evaluation of this Act's programs, and (2) provide technical assistance to LEAs and their partners and disseminate information concerning best practices in dual enrollment programs.</p>]]></text>
        </item>
      </billSummaries>
    </summaries>
    <policyArea>
      <name>Education</name>
    </policyArea>
    <titles>
      <item>
        <chamberName />
        <titleType>Short Titles as Introduced</titleType>
        <title>Fast Track to College Act of 2013</title>
        <chamberCode />
        <parentTitleType />
      </item>
      <item>
        <chamberName />
        <titleType>Official Title as Introduced</titleType>
        <title>To authorize the Secretary of Education to make grants to support early college high schools and other dual enrollment programs.</title>
        <chamberCode />
        <parentTitleType />
      </item>
      <item>
        <chamberName />
        <titleType>Display Title</titleType>
        <title>Fast Track to College Act of 2013</title>
        <chamberCode />
        <parentTitleType />
      </item>
    </titles>
    <latestAction>
      <text>Referred to the Subcommittee on Higher Education and Workforce Training.</text>
      <actionDate>2013-04-23</actionDate>
      <links />
    </latestAction>
    <actions>
      <item>
        <actionDate>2013-04-23</actionDate>
        <committee>
          <systemCode>hsed13</systemCode>
          <name>Higher Education and Workforce Training Subcommittee</name>
        </committee>
        <links />
        <sourceSystem>
          <name>House committee actions</name>
          <code>1</code>
        </sourceSystem>
        <text>Referred to the Subcommittee on Higher Education and Workforce Training.</text>
        <type>Committee</type>
      </item>
      <item>
        <actionDate>2013-04-23</actionDate>
        <committee>
          <systemCode>hsed14</systemCode>
          <name>Early Childhood, Elementary, and Secondary Education Subcommittee</name>
        </committee>
        <links />
        <sourceSystem>
          <name>House committee actions</name>
          <code>1</code>
        </sourceSystem>
        <text>Referred to the Subcommittee on Early Childhood, Elementary, and Secondary Education.</text>
        <type>Committee</type>
      </item>
      <item>
        <committee>
          <systemCode>hsed00</systemCode>
          <name>Education and the Workforce Committee</name>
        </committee>
        <type>IntroReferral</type>
        <links />
        <actionCode>H11100</actionCode>
        <sourceSystem>
          <name>House floor actions</name>
          <code>2</code>
        </sourceSystem>
        <actionDate>2013-02-06</actionDate>
        <text>Referred to the House Committee on Education and the Workforce.</text>
      </item>
      <item>
        <committee />
        <type>IntroReferral</type>
        <links />
        <actionCode>Intro-H</actionCode>
        <sourceSystem>
          <name>Library of Congress</name>
          <code>9</code>
        </sourceSystem>
        <actionDate>2013-02-06</actionDate>
        <text>Introduced in House</text>
      </item>
      <item>
        <committee />
        <type>IntroReferral</type>
        <links />
        <actionCode>1000</actionCode>
        <sourceSystem>
          <name>Library of Congress</name>
          <code>9</code>
        </sourceSystem>
        <actionDate>2013-02-06</actionDate>
        <text>Introduced in House</text>
      </item>
      <actionByCounts>
        <houseOfRepresentatives>5</houseOfRepresentatives>
      </actionByCounts>
      <actionTypeCounts>
        <introducedInTheHouse>1</introducedInTheHouse>
        <placeholderTextForH>2</placeholderTextForH>
        <billReferrals>1</billReferrals>
        <introducedInHouse>1</introducedInHouse>
      </actionTypeCounts>
    </actions>
    <updateDate>2016-10-25T15:58:40Z</updateDate>
    <recordedVotes />
    <introducedDate>2013-02-06</introducedDate>
    <relatedBills>
      <item>
        <latestTitle>Fast Track to College Act of 2014</latestTitle>
        <type>S</type>
        <number>2860</number>
        <latestAction>
          <text>Read twice and referred to the Committee on Health, Education, Labor, and Pensions.</text>
          <actionDate>2014-09-18</actionDate>
        </latestAction>
        <relationshipDetails>
          <item>
            <type>Related bill</type>
            <identifiedBy>CRS</identifiedBy>
          </item>
        </relationshipDetails>
        <congress>113</congress>
      </item>
    </relatedBills>
  </bill>
  <dublinCore xmlns:dc="http://purl.org/dc/elements/1.1/">
    <dc:format>text/xml</dc:format>
    <dc:language>EN</dc:language>
    <dc:rights>Pursuant to Title 17 Section 105 of the United States Code, this file is not subject to copyright protection and is in the public domain.</dc:rights>
    <dc:contributor>Congressional Research Service, Library of Congress</dc:contributor>
    <dc:description>This file contains bill summaries and statuses for federal legislation. A bill summary describes the most significant provisions of a piece of legislation and details the effects the legislative text may have on current law and federal programs. Bill summaries are authored by the Congressional Research Service (CRS) of the Library of Congress. As stated in Public Law 91-510 (2 USC 166 (d)(6)), one of the duties of CRS is "to prepare summaries and digests of bills and resolutions of a public general nature introduced in the Senate or House of Representatives". For more information, refer to the User Guide that accompanies this file.</dc:description>
  </dublinCore>
</billStatus>

