<?xml version="1.0" encoding="UTF-8"?>
<billStatus>
  <bill>
    <actions>
      <item>
        <actionDate>2013-04-23</actionDate>
        <committee>
          <name>Higher Education and Workforce Training Subcommittee</name>
          <systemCode>hsed13</systemCode>
        </committee>
        <links />
        <sourceSystem>
          <name>House committee actions</name>
          <code>1</code>
        </sourceSystem>
        <text>Referred to the Subcommittee on Higher Education and Workforce Training.</text>
        <type>Committee</type>
      </item>
      <item>
        <actionDate>2013-02-27</actionDate>
        <committee>
          <name>Ways and Means Committee</name>
          <systemCode>hswm00</systemCode>
        </committee>
        <actionCode>H11100</actionCode>
        <links />
        <type>IntroReferral</type>
        <sourceSystem>
          <name>House floor actions</name>
          <code>2</code>
        </sourceSystem>
        <text>Referred to House Ways and Means</text>
      </item>
      <item>
        <actionDate>2013-02-27</actionDate>
        <committee>
          <name>Education and the Workforce Committee</name>
          <systemCode>hsed00</systemCode>
        </committee>
        <actionCode>H11100</actionCode>
        <links />
        <type>IntroReferral</type>
        <sourceSystem>
          <name>House floor actions</name>
          <code>2</code>
        </sourceSystem>
        <text>Referred to House Education and the Workforce</text>
      </item>
      <item>
        <actionDate>2013-02-27</actionDate>
        <committee />
        <actionCode>H11100-A</actionCode>
        <links />
        <type>IntroReferral</type>
        <sourceSystem>
          <name>Library of Congress</name>
          <code>9</code>
        </sourceSystem>
        <text>Referred to the Committee on Education and the Workforce, and in addition to the Committee on Ways and Means, for a period to be subsequently determined by the Speaker, in each case for consideration of such provisions as fall within the jurisdiction of the committee concerned.</text>
      </item>
      <item>
        <actionDate>2013-02-27</actionDate>
        <committee />
        <actionCode>B00100</actionCode>
        <links>
          <link>
            <name>E206-207</name>
            <url>/congressional-record/2013/extensions-of-remarks-section/page/E206-207</url>
          </link>
        </links>
        <type>IntroReferral</type>
        <sourceSystem>
          <name>Library of Congress</name>
          <code>9</code>
        </sourceSystem>
        <text>Sponsor introductory remarks on measure. (CR E206-207)</text>
      </item>
      <item>
        <actionDate>2013-02-27</actionDate>
        <committee />
        <actionCode>Intro-H</actionCode>
        <links />
        <type>IntroReferral</type>
        <sourceSystem>
          <name>Library of Congress</name>
          <code>9</code>
        </sourceSystem>
        <text>Introduced in House</text>
      </item>
      <item>
        <actionDate>2013-02-27</actionDate>
        <committee />
        <actionCode>1000</actionCode>
        <links />
        <type>IntroReferral</type>
        <sourceSystem>
          <name>Library of Congress</name>
          <code>9</code>
        </sourceSystem>
        <text>Introduced in House</text>
      </item>
      <actionByCounts>
        <houseOfRepresentatives>6</houseOfRepresentatives>
      </actionByCounts>
      <actionTypeCounts>
        <introducedInTheHouse>1</introducedInTheHouse>
        <placeholderTextForB>1</placeholderTextForB>
        <billReferralsAggregate>1</billReferralsAggregate>
        <introducedInHouse>1</introducedInHouse>
        <billReferrals>2</billReferrals>
        <placeholderTextForH>1</placeholderTextForH>
      </actionTypeCounts>
    </actions>
    <title>Humphrey-Hawkins 21st Century Full Employment and Training Act of 2013</title>
    <cosponsors>
      <item>
        <sponsorshipDate>2013-02-27</sponsorshipDate>
        <lastName>Chu</lastName>
        <fullName>Rep. Chu, Judy [D-CA-27]</fullName>
        <middleName />
        <firstName>Judy</firstName>
        <sponsorshipWithdrawnDate />
        <identifiers>
          <lisID>1970</lisID>
          <bioguideId>C001080</bioguideId>
          <gpoId>7837</gpoId>
        </identifiers>
        <isOriginalCosponsor>True</isOriginalCosponsor>
        <bioguideId>C001080</bioguideId>
      </item>
      <item>
        <sponsorshipDate>2013-02-27</sponsorshipDate>
        <lastName>CLAY</lastName>
        <fullName>Rep. Clay, Wm. Lacy [D-MO-1]</fullName>
        <middleName>LACY</middleName>
        <firstName>WM.</firstName>
        <sponsorshipWithdrawnDate />
        <identifiers>
          <gpoId>8009</gpoId>
          <lisID>1654</lisID>
          <bioguideId>C001049</bioguideId>
        </identifiers>
        <isOriginalCosponsor>True</isOriginalCosponsor>
        <bioguideId>C001049</bioguideId>
      </item>
      <item>
        <sponsorshipDate>2013-02-27</sponsorshipDate>
        <lastName>MCDERMOTT</lastName>
        <fullName>Rep. McDermott, Jim [D-WA-7]</fullName>
        <middleName />
        <firstName>JIM</firstName>
        <sponsorshipWithdrawnDate />
        <identifiers>
          <gpoId>8211</gpoId>
          <bioguideId>M000404</bioguideId>
          <lisID>766</lisID>
        </identifiers>
        <isOriginalCosponsor>True</isOriginalCosponsor>
        <bioguideId>M000404</bioguideId>
      </item>
      <item>
        <sponsorshipDate>2013-02-27</sponsorshipDate>
        <lastName>DAVIS</lastName>
        <fullName>Rep. Davis, Danny K. [D-IL-7]</fullName>
        <middleName>K.</middleName>
        <firstName>DANNY</firstName>
        <sponsorshipWithdrawnDate />
        <identifiers>
          <bioguideId>D000096</bioguideId>
          <lisID>1477</lisID>
          <gpoId>7927</gpoId>
        </identifiers>
        <isOriginalCosponsor>True</isOriginalCosponsor>
        <bioguideId>D000096</bioguideId>
      </item>
      <item>
        <sponsorshipDate>2013-02-27</sponsorshipDate>
        <lastName>Ellison</lastName>
        <fullName>Rep. Ellison, Keith [D-MN-5]</fullName>
        <middleName />
        <firstName>Keith</firstName>
        <sponsorshipWithdrawnDate />
        <identifiers>
          <gpoId>8005</gpoId>
          <lisID>1857</lisID>
          <bioguideId>E000288</bioguideId>
        </identifiers>
        <isOriginalCosponsor>True</isOriginalCosponsor>
        <bioguideId>E000288</bioguideId>
      </item>
      <item>
        <sponsorshipDate>2013-02-27</sponsorshipDate>
        <lastName>BROWN</lastName>
        <fullName>Rep. Brown, Corrine [D-FL-5]</fullName>
        <middleName />
        <firstName>CORRINE</firstName>
        <sponsorshipWithdrawnDate />
        <identifiers>
          <bioguideId>B000911</bioguideId>
          <lisID>132</lisID>
          <gpoId>7875</gpoId>
        </identifiers>
        <isOriginalCosponsor>True</isOriginalCosponsor>
        <bioguideId>B000911</bioguideId>
      </item>
      <item>
        <sponsorshipDate>2013-02-27</sponsorshipDate>
        <lastName>CUMMINGS</lastName>
        <fullName>Rep. Cummings, Elijah E. [D-MD-7]</fullName>
        <middleName>E.</middleName>
        <firstName>ELIJAH</firstName>
        <sponsorshipWithdrawnDate />
        <identifiers>
          <lisID>256</lisID>
          <bioguideId>C000984</bioguideId>
          <gpoId>7982</gpoId>
        </identifiers>
        <isOriginalCosponsor>True</isOriginalCosponsor>
        <bioguideId>C000984</bioguideId>
      </item>
      <item>
        <sponsorshipDate>2013-02-27</sponsorshipDate>
        <lastName>Edwards</lastName>
        <fullName>Rep. Edwards, Donna F. [D-MD-4]</fullName>
        <middleName>F.</middleName>
        <firstName>Donna</firstName>
        <sponsorshipWithdrawnDate />
        <identifiers>
          <gpoId>7979</gpoId>
          <lisID>1894</lisID>
          <bioguideId>E000290</bioguideId>
        </identifiers>
        <isOriginalCosponsor>True</isOriginalCosponsor>
        <bioguideId>E000290</bioguideId>
      </item>
      <item>
        <sponsorshipDate>2013-02-27</sponsorshipDate>
        <lastName>JOHNSON</lastName>
        <fullName>Rep. Johnson, Eddie Bernice [D-TX-30]</fullName>
        <middleName>BERNICE</middleName>
        <firstName>EDDIE</firstName>
        <sponsorshipWithdrawnDate />
        <identifiers>
          <gpoId>8186</gpoId>
          <bioguideId>J000126</bioguideId>
          <lisID>599</lisID>
        </identifiers>
        <isOriginalCosponsor>True</isOriginalCosponsor>
        <bioguideId>J000126</bioguideId>
      </item>
      <item>
        <sponsorshipDate>2013-02-27</sponsorshipDate>
        <lastName>LEE</lastName>
        <fullName>Rep. Lee, Barbara [D-CA-13]</fullName>
        <middleName />
        <firstName>BARBARA</firstName>
        <sponsorshipWithdrawnDate />
        <identifiers>
          <bioguideId>L000551</bioguideId>
          <lisID>1501</lisID>
          <gpoId>7814</gpoId>
        </identifiers>
        <isOriginalCosponsor>True</isOriginalCosponsor>
        <bioguideId>L000551</bioguideId>
      </item>
      <item>
        <sponsorshipDate>2013-02-27</sponsorshipDate>
        <lastName>Grijalva</lastName>
        <fullName>Rep. Grijalva, Raul M. [D-AZ-3]</fullName>
        <middleName>M.</middleName>
        <firstName>Raul</firstName>
        <sponsorshipWithdrawnDate />
        <identifiers>
          <bioguideId>G000551</bioguideId>
          <lisID>1708</lisID>
          <gpoId>7804</gpoId>
        </identifiers>
        <isOriginalCosponsor>True</isOriginalCosponsor>
        <bioguideId>G000551</bioguideId>
      </item>
      <item>
        <sponsorshipDate>2013-02-27</sponsorshipDate>
        <lastName>HASTINGS</lastName>
        <fullName>Rep. Hastings, Alcee L. [D-FL-20]</fullName>
        <middleName>L.</middleName>
        <firstName>ALCEE</firstName>
        <sponsorshipWithdrawnDate />
        <identifiers>
          <lisID>511</lisID>
          <bioguideId>H000324</bioguideId>
          <gpoId>7895</gpoId>
        </identifiers>
        <isOriginalCosponsor>True</isOriginalCosponsor>
        <bioguideId>H000324</bioguideId>
      </item>
      <item>
        <sponsorshipDate>2013-02-27</sponsorshipDate>
        <lastName>HOLT</lastName>
        <fullName>Rep. Holt, Rush [D-NJ-12]</fullName>
        <middleName>D.</middleName>
        <firstName>RUSH</firstName>
        <sponsorshipWithdrawnDate />
        <identifiers>
          <lisID>1580</lisID>
          <bioguideId>H001032</bioguideId>
          <gpoId>8054</gpoId>
        </identifiers>
        <isOriginalCosponsor>True</isOriginalCosponsor>
        <bioguideId>H001032</bioguideId>
      </item>
      <item>
        <sponsorshipDate>2013-02-27</sponsorshipDate>
        <lastName>Cohen</lastName>
        <fullName>Rep. Cohen, Steve [D-TN-9]</fullName>
        <middleName />
        <firstName>Steve</firstName>
        <sponsorshipWithdrawnDate />
        <identifiers>
          <gpoId>8156</gpoId>
          <lisID>1878</lisID>
          <bioguideId>C001068</bioguideId>
        </identifiers>
        <isOriginalCosponsor>True</isOriginalCosponsor>
        <bioguideId>C001068</bioguideId>
      </item>
      <item>
        <sponsorshipDate>2013-02-27</sponsorshipDate>
        <lastName>Fudge</lastName>
        <fullName>Rep. Fudge, Marcia L. [D-OH-11]</fullName>
        <middleName>L.</middleName>
        <firstName>Marcia</firstName>
        <sponsorshipWithdrawnDate />
        <identifiers>
          <bioguideId>F000455</bioguideId>
          <lisID>1895</lisID>
          <gpoId>8101</gpoId>
        </identifiers>
        <isOriginalCosponsor>True</isOriginalCosponsor>
        <bioguideId>F000455</bioguideId>
      </item>
    </cosponsors>
    <sponsors>
      <item>
        <middleName />
        <firstName>JOHN</firstName>
        <byRequestType />
        <bioguideId>C000714</bioguideId>
        <fullName>Rep. Conyers, John, Jr. [D-MI-13]</fullName>
        <lastName>CONYERS</lastName>
        <identifiers>
          <lisID>229</lisID>
          <bioguideId>C000714</bioguideId>
          <gpoId>7999</gpoId>
        </identifiers>
      </item>
    </sponsors>
    <subjects>
      <billSubjects>
        <policyArea>
          <name>Labor and Employment</name>
        </policyArea>
        <legislativeSubjects>
          <item>
            <name>Employment and training programs</name>
          </item>
          <item>
            <name>Employment discrimination and employee rights</name>
          </item>
          <item>
            <name>Financial services and investments</name>
          </item>
          <item>
            <name>Government information and archives</name>
          </item>
          <item>
            <name>Government trust funds</name>
          </item>
          <item>
            <name>Labor standards</name>
          </item>
          <item>
            <name>Labor-management relations</name>
          </item>
          <item>
            <name>Sales and excise taxes</name>
          </item>
          <item>
            <name>Unemployment</name>
          </item>
          <item>
            <name>Wages and earnings</name>
          </item>
          <item>
            <name>Youth employment and child labor</name>
          </item>
        </legislativeSubjects>
      </billSubjects>
    </subjects>
    <updateDate>2016-10-25T15:59:46Z</updateDate>
    <originChamber>House</originChamber>
    <billNumber>870</billNumber>
    <titles>
      <item>
        <chamberCode />
        <parentTitleType />
        <titleType>Short Titles as Introduced</titleType>
        <title>Humphrey-Hawkins 21st Century Full Employment and Training Act of 2013</title>
        <chamberName />
      </item>
      <item>
        <chamberCode />
        <parentTitleType />
        <titleType>Official Title as Introduced</titleType>
        <title>To establish the National Full Employment Trust Fund to create employment opportunities for the unemployed.</title>
        <chamberName />
      </item>
      <item>
        <chamberCode />
        <parentTitleType />
        <titleType>Display Title</titleType>
        <title>Humphrey-Hawkins 21st Century Full Employment and Training Act of 2013</title>
        <chamberName />
      </item>
    </titles>
    <createDate>2013-02-28T07:00:51Z</createDate>
    <congress>113</congress>
    <introducedDate>2013-02-27</introducedDate>
    <latestAction>
      <links />
      <actionDate>2013-04-23</actionDate>
      <text>Referred to the Subcommittee on Higher Education and Workforce Training.</text>
    </latestAction>
    <laws />
    <relatedBills>
      <item>
        <latestAction>
          <actionDate>2013-04-23</actionDate>
          <text>Referred to the Subcommittee on Health, Employment, Labor, and Pensions.</text>
        </latestAction>
        <number>1000</number>
        <congress>113</congress>
        <type>HR</type>
        <latestTitle>Humphrey-Hawkins Full Employment and Training Act</latestTitle>
        <relationshipDetails>
          <item>
            <type>Related bill</type>
            <identifiedBy>CRS</identifiedBy>
          </item>
        </relationshipDetails>
      </item>
    </relatedBills>
    <notes />
    <recordedVotes />
    <cboCostEstimates />
    <policyArea>
      <name>Labor and Employment</name>
    </policyArea>
    <billType>HR</billType>
    <constitutionalAuthorityStatementText><![CDATA[<pre>By Mr. CONYERS:H.R. 870.Congress has the power to enact this legislation pursuantto the following:Article 1, Section 8[Page H703]</pre>]]></constitutionalAuthorityStatementText>
    <committees>
      <billCommittees>
        <item>
          <activities>
            <item>
              <date>2013-02-27T15:03:25Z</date>
              <name>Referred to</name>
            </item>
          </activities>
          <systemCode>hsed00</systemCode>
          <subcommittees>
            <item>
              <activities>
                <item>
                  <date>2013-04-23T20:02:57Z</date>
                  <name>Referred to</name>
                </item>
              </activities>
              <systemCode>hsed13</systemCode>
              <name>Higher Education and Workforce Training Subcommittee</name>
            </item>
          </subcommittees>
          <type>Standing</type>
          <name>Education and the Workforce Committee</name>
          <chamber>House</chamber>
        </item>
        <item>
          <activities>
            <item>
              <date>2013-02-27T15:03:30Z</date>
              <name>Referred to</name>
            </item>
          </activities>
          <systemCode>hswm00</systemCode>
          <subcommittees />
          <type>Standing</type>
          <name>Ways and Means Committee</name>
          <chamber>House</chamber>
        </item>
      </billCommittees>
    </committees>
    <amendments />
    <summaries>
      <billSummaries>
        <item>
          <text><![CDATA[<p>Humphrey-Hawkins 21st Century Full Employment and Training Act of 2013 - Directs the Secretary of Labor to establish a Full Employment National Trust Fund with two separate accounts for: (1) Employment Opportunity Grants to states, local governments, and Indian tribes for job-creating activities in communities whose economy is not at a level of full employment; and (2) Workforce Investment programs.</p> <p>Directs the Secretary to convene a national employment conference to bring together leaders of small, medium, and large businesses, labor, government, and other parties to discuss employment, with particular attention to structural unemployment and the plight of disadvantaged youth.</p> <p>Amends the Workforce Investment Act of 1998 to revise member composition requirements for state and local workforce investment boards to include at least 25% of the chief executive officers of minority-serving, community-based organizations.</p> <p>Amends the Internal Revenue Code to impose a tax on certain covered securities transactions, payable by trading facilities that deal in such transactions.</p>]]></text>
          <name>Introduced in House</name>
          <versionCode>00</versionCode>
          <actionDate>2013-02-27</actionDate>
          <actionDesc>Introduced in House</actionDesc>
          <lastSummaryUpdateDate>2013-03-26T20:33:39Z</lastSummaryUpdateDate>
          <updateDate>2013-02-27T05:00:00Z</updateDate>
        </item>
      </billSummaries>
    </summaries>
    <calendarNumbers />
    <committeeReports />
  </bill>
  <dublinCore xmlns:dc="http://purl.org/dc/elements/1.1/">
    <dc:format>text/xml</dc:format>
    <dc:language>EN</dc:language>
    <dc:rights>Pursuant to Title 17 Section 105 of the United States Code, this file is not subject to copyright protection and is in the public domain.</dc:rights>
    <dc:contributor>Congressional Research Service, Library of Congress</dc:contributor>
    <dc:description>This file contains bill summaries and statuses for federal legislation. A bill summary describes the most significant provisions of a piece of legislation and details the effects the legislative text may have on current law and federal programs. Bill summaries are authored by the Congressional Research Service (CRS) of the Library of Congress. As stated in Public Law 91-510 (2 USC 166 (d)(6)), one of the duties of CRS is "to prepare summaries and digests of bills and resolutions of a public general nature introduced in the Senate or House of Representatives". For more information, refer to the User Guide that accompanies this file.</dc:description>
  </dublinCore>
</billStatus>

