<?xml version="1.0" encoding="UTF-8"?>
<billStatus>
  <bill>
    <sponsors>
      <item>
        <lastName>MCCARTHY</lastName>
        <fullName>Rep. McCarthy, Carolyn [D-NY-4]</fullName>
        <middleName />
        <firstName>CAROLYN</firstName>
        <identifiers>
          <bioguideId>M000309</bioguideId>
          <lisID>1503</lisID>
          <gpoId>8065</gpoId>
        </identifiers>
        <byRequestType />
        <bioguideId>M000309</bioguideId>
      </item>
    </sponsors>
    <latestAction>
      <links />
      <text>Referred to the Subcommittee on Early Childhood, Elementary, and Secondary Education.</text>
      <actionDate>2013-04-23</actionDate>
    </latestAction>
    <laws />
    <createDate>2013-03-12T07:01:11Z</createDate>
    <updateDate>2016-10-25T16:00:27Z</updateDate>
    <committees>
      <billCommittees>
        <item>
          <activities>
            <item>
              <date>2013-03-11T14:01:30Z</date>
              <name>Referred to</name>
            </item>
          </activities>
          <chamber>House</chamber>
          <type>Standing</type>
          <subcommittees>
            <item>
              <activities>
                <item>
                  <date>2013-04-23T15:53:39Z</date>
                  <name>Referred to</name>
                </item>
              </activities>
              <name>Early Childhood, Elementary, and Secondary Education Subcommittee</name>
              <systemCode>hsed14</systemCode>
            </item>
          </subcommittees>
          <name>Education and the Workforce Committee</name>
          <systemCode>hsed00</systemCode>
        </item>
      </billCommittees>
    </committees>
    <title>PRE-K Act</title>
    <introducedDate>2013-03-11</introducedDate>
    <relatedBills>
      <item>
        <latestTitle>PRE-K Act</latestTitle>
        <type>S</type>
        <number>519</number>
        <latestAction>
          <text>Read twice and referred to the Committee on Health, Education, Labor, and Pensions.</text>
          <actionDate>2013-03-11</actionDate>
        </latestAction>
        <relationshipDetails>
          <item>
            <type>Identical bill</type>
            <identifiedBy>CRS</identifiedBy>
          </item>
        </relationshipDetails>
        <congress>113</congress>
      </item>
    </relatedBills>
    <billNumber>1041</billNumber>
    <amendments />
    <subjects>
      <billSubjects>
        <policyArea>
          <name>Education</name>
        </policyArea>
        <legislativeSubjects>
          <item>
            <name>Child care and development</name>
          </item>
          <item>
            <name>Child health</name>
          </item>
          <item>
            <name>Education of the disadvantaged</name>
          </item>
          <item>
            <name>Education programs funding</name>
          </item>
          <item>
            <name>Educational facilities and institutions</name>
          </item>
          <item>
            <name>Higher education</name>
          </item>
          <item>
            <name>Indian social and development programs</name>
          </item>
          <item>
            <name>Language arts</name>
          </item>
          <item>
            <name>Minority education</name>
          </item>
          <item>
            <name>Preschool education</name>
          </item>
          <item>
            <name>Rural conditions and development</name>
          </item>
          <item>
            <name>School administration</name>
          </item>
          <item>
            <name>Special education</name>
          </item>
          <item>
            <name>Teaching, teachers, curricula</name>
          </item>
        </legislativeSubjects>
      </billSubjects>
    </subjects>
    <actions>
      <item>
        <actionDate>2013-04-23</actionDate>
        <committee>
          <name>Early Childhood, Elementary, and Secondary Education Subcommittee</name>
          <systemCode>hsed14</systemCode>
        </committee>
        <links />
        <sourceSystem>
          <name>House committee actions</name>
          <code>1</code>
        </sourceSystem>
        <text>Referred to the Subcommittee on Early Childhood, Elementary, and Secondary Education.</text>
        <type>Committee</type>
      </item>
      <item>
        <actionDate>2013-03-11</actionDate>
        <committee>
          <name>Education and the Workforce Committee</name>
          <systemCode>hsed00</systemCode>
        </committee>
        <actionCode>H11100</actionCode>
        <links />
        <type>IntroReferral</type>
        <sourceSystem>
          <name>House floor actions</name>
          <code>2</code>
        </sourceSystem>
        <text>Referred to the House Committee on Education and the Workforce.</text>
      </item>
      <item>
        <actionDate>2013-03-11</actionDate>
        <committee />
        <actionCode>Intro-H</actionCode>
        <links />
        <type>IntroReferral</type>
        <sourceSystem>
          <name>Library of Congress</name>
          <code>9</code>
        </sourceSystem>
        <text>Introduced in House</text>
      </item>
      <item>
        <actionDate>2013-03-11</actionDate>
        <committee />
        <actionCode>1000</actionCode>
        <links />
        <type>IntroReferral</type>
        <sourceSystem>
          <name>Library of Congress</name>
          <code>9</code>
        </sourceSystem>
        <text>Introduced in House</text>
      </item>
      <actionByCounts>
        <houseOfRepresentatives>4</houseOfRepresentatives>
      </actionByCounts>
      <actionTypeCounts>
        <introducedInTheHouse>1</introducedInTheHouse>
        <placeholderTextForH>1</placeholderTextForH>
        <introducedInHouse>1</introducedInHouse>
        <billReferrals>1</billReferrals>
      </actionTypeCounts>
    </actions>
    <constitutionalAuthorityStatementText><![CDATA[<pre>By Mrs. McCARTHY of New York:H.R. 1041.Congress has the power to enact this legislation pursuantto the following:This bill is enacted pursuant to the powers granted to theCongress by Article I, Section 8, Clause 3 of the UnitedStates Constitution.[Page H1330]</pre>]]></constitutionalAuthorityStatementText>
    <policyArea>
      <name>Education</name>
    </policyArea>
    <cosponsors>
      <item>
        <lastName>Schwartz</lastName>
        <fullName>Rep. Schwartz, Allyson Y. [D-PA-13]</fullName>
        <bioguideId>S001162</bioguideId>
        <sponsorshipWithdrawnDate />
        <identifiers>
          <bioguideId>S001162</bioguideId>
          <lisID>1798</lisID>
          <gpoId>8131</gpoId>
        </identifiers>
        <isOriginalCosponsor>False</isOriginalCosponsor>
        <firstName>Allyson</firstName>
        <sponsorshipDate>2013-03-15</sponsorshipDate>
        <middleName>Y.</middleName>
      </item>
      <item>
        <lastName>RANGEL</lastName>
        <fullName>Rep. Rangel, Charles B. [D-NY-13]</fullName>
        <bioguideId>R000053</bioguideId>
        <sponsorshipWithdrawnDate />
        <identifiers>
          <gpoId>8076</gpoId>
          <lisID>944</lisID>
          <bioguideId>R000053</bioguideId>
        </identifiers>
        <isOriginalCosponsor>False</isOriginalCosponsor>
        <firstName>CHARLES</firstName>
        <sponsorshipDate>2013-04-25</sponsorshipDate>
        <middleName>B.</middleName>
      </item>
      <item>
        <lastName>Polis</lastName>
        <fullName>Rep. Polis, Jared [D-CO-2]</fullName>
        <bioguideId>P000598</bioguideId>
        <sponsorshipWithdrawnDate />
        <identifiers>
          <bioguideId>P000598</bioguideId>
          <lisID>1910</lisID>
          <gpoId>7860</gpoId>
        </identifiers>
        <isOriginalCosponsor>False</isOriginalCosponsor>
        <firstName>Jared</firstName>
        <sponsorshipDate>2013-05-06</sponsorshipDate>
        <middleName />
      </item>
      <item>
        <lastName>Wilson</lastName>
        <fullName>Rep. Wilson, Frederica S. [D-FL-24]</fullName>
        <bioguideId>W000808</bioguideId>
        <sponsorshipWithdrawnDate />
        <identifiers>
          <gpoId>7889</gpoId>
          <bioguideId>W000808</bioguideId>
          <lisID>2004</lisID>
        </identifiers>
        <isOriginalCosponsor>False</isOriginalCosponsor>
        <firstName>Frederica</firstName>
        <sponsorshipDate>2013-05-06</sponsorshipDate>
        <middleName>S.</middleName>
      </item>
      <item>
        <lastName>Bera</lastName>
        <fullName>Rep. Bera, Ami [D-CA-7]</fullName>
        <bioguideId>B001287</bioguideId>
        <sponsorshipWithdrawnDate />
        <identifiers>
          <lisID>2102</lisID>
          <gpoId />
          <bioguideId>B001287</bioguideId>
        </identifiers>
        <isOriginalCosponsor>False</isOriginalCosponsor>
        <firstName>Ami</firstName>
        <sponsorshipDate>2013-06-04</sponsorshipDate>
        <middleName />
      </item>
      <item>
        <lastName>Cartwright</lastName>
        <fullName>Rep. Cartwright, Matt [D-PA-17]</fullName>
        <bioguideId>C001090</bioguideId>
        <sponsorshipWithdrawnDate />
        <identifiers>
          <gpoId />
          <lisID>2159</lisID>
          <bioguideId>C001090</bioguideId>
        </identifiers>
        <isOriginalCosponsor>False</isOriginalCosponsor>
        <firstName>Matt</firstName>
        <sponsorshipDate>2013-09-11</sponsorshipDate>
        <middleName />
      </item>
      <item>
        <lastName>Maffei</lastName>
        <fullName>Rep. Maffei, Daniel B. [D-NY-24]</fullName>
        <bioguideId>M001171</bioguideId>
        <sponsorshipWithdrawnDate />
        <identifiers>
          <gpoId>7506</gpoId>
          <bioguideId>M001171</bioguideId>
          <lisID>1943</lisID>
        </identifiers>
        <isOriginalCosponsor>False</isOriginalCosponsor>
        <firstName>Daniel</firstName>
        <sponsorshipDate>2013-10-28</sponsorshipDate>
        <middleName>B.</middleName>
      </item>
      <item>
        <lastName>PRICE</lastName>
        <fullName>Rep. Price, David E. [D-NC-4]</fullName>
        <bioguideId>P000523</bioguideId>
        <sponsorshipWithdrawnDate />
        <identifiers>
          <lisID>930</lisID>
          <bioguideId>P000523</bioguideId>
          <gpoId>8027</gpoId>
        </identifiers>
        <isOriginalCosponsor>False</isOriginalCosponsor>
        <firstName>DAVID</firstName>
        <sponsorshipDate>2014-02-10</sponsorshipDate>
        <middleName>E.</middleName>
      </item>
      <item>
        <lastName>Swalwell</lastName>
        <fullName>Rep. Swalwell, Eric [D-CA-15]</fullName>
        <bioguideId>S001193</bioguideId>
        <sponsorshipWithdrawnDate />
        <identifiers>
          <lisID>2104</lisID>
          <bioguideId>S001193</bioguideId>
          <gpoId />
        </identifiers>
        <isOriginalCosponsor>False</isOriginalCosponsor>
        <firstName>Eric</firstName>
        <sponsorshipDate>2014-09-11</sponsorshipDate>
        <middleName />
      </item>
      <item>
        <lastName>Pocan</lastName>
        <fullName>Rep. Pocan, Mark [D-WI-2]</fullName>
        <bioguideId>P000607</bioguideId>
        <sponsorshipWithdrawnDate />
        <identifiers>
          <gpoId />
          <lisID>2171</lisID>
          <bioguideId>P000607</bioguideId>
        </identifiers>
        <isOriginalCosponsor>False</isOriginalCosponsor>
        <firstName>Mark</firstName>
        <sponsorshipDate>2014-11-19</sponsorshipDate>
        <middleName />
      </item>
    </cosponsors>
    <cboCostEstimates />
    <summaries>
      <billSummaries>
        <item>
          <updateDate>2013-03-11T04:00:00Z</updateDate>
          <text><![CDATA[<p>Providing Resources Early for Kids Act of 2013 or the PRE-K Act - Amends the Elementary and Secondary Education Act of 1965 to direct the Secretary of Education to award matching grants to states to enhance or improve state-funded preschool programs.</p> <p>Sets forth a grant formula favoring states that: (1) have curricula aligned with state early learning standards; (2) use nationally-established, or better, best practices for class size and teacher-to-student ratios; (3) require each teacher to have at least an associate degree in early childhood education or a related field; (4) require such programs to operate for at least a full academic year; and (5) have a plan for meeting the requirement, within five years of receiving such grant, that teachers have at least a baccalaureate degree in early childhood education or have such degree in a related field, but have also completed specialized training in early childhood education.</p> <p>Directs the Secretary to establish a competitive process for awarding grants to other states that demonstrate that they will meet such requirements within two fiscal years.</p> <p>Prohibits state grantees from reducing their preschool or child care expenditures. </p> <p>Requires states to give priority, in using grant funds, to preschool programs in communities with high concentrations of impoverished children.</p> <p> Includes among grant uses: (1) increasing the qualifications of, and benefits provided to, teachers, teacher aides, and program directors; (2) decreasing class size and improving teacher-to-student ratios; (3) providing certain comprehensive services that support healthy child development; (4) extending program duration; (5) improving program monitoring and learning environments; and (6) providing classroom supplies or equipment.</p> <p>Reserves funds for competitive grants to Indians for their preschool programs.</p>]]></text>
          <actionDate>2013-03-11</actionDate>
          <actionDesc>Introduced in House</actionDesc>
          <name>Introduced in House</name>
          <lastSummaryUpdateDate>2013-03-15T22:37:55Z</lastSummaryUpdateDate>
          <versionCode>00</versionCode>
        </item>
      </billSummaries>
    </summaries>
    <committeeReports />
    <recordedVotes />
    <calendarNumbers />
    <notes />
    <billType>HR</billType>
    <congress>113</congress>
    <originChamber>House</originChamber>
    <titles>
      <item>
        <chamberName />
        <parentTitleType />
        <titleType>Short Titles as Introduced</titleType>
        <chamberCode />
        <title>PRE-K Act</title>
      </item>
      <item>
        <chamberName />
        <parentTitleType />
        <titleType>Short Titles as Introduced</titleType>
        <chamberCode />
        <title>Providing Resources Early for Kids Act of 2013</title>
      </item>
      <item>
        <chamberName />
        <parentTitleType />
        <titleType>Official Title as Introduced</titleType>
        <chamberCode />
        <title>To amend the Elementary and Secondary Education Act of 1965 to improve early education.</title>
      </item>
      <item>
        <chamberName />
        <parentTitleType />
        <titleType>Display Title</titleType>
        <chamberCode />
        <title>PRE-K Act</title>
      </item>
    </titles>
  </bill>
  <dublinCore xmlns:dc="http://purl.org/dc/elements/1.1/">
    <dc:format>text/xml</dc:format>
    <dc:language>EN</dc:language>
    <dc:rights>Pursuant to Title 17 Section 105 of the United States Code, this file is not subject to copyright protection and is in the public domain.</dc:rights>
    <dc:contributor>Congressional Research Service, Library of Congress</dc:contributor>
    <dc:description>This file contains bill summaries and statuses for federal legislation. A bill summary describes the most significant provisions of a piece of legislation and details the effects the legislative text may have on current law and federal programs. Bill summaries are authored by the Congressional Research Service (CRS) of the Library of Congress. As stated in Public Law 91-510 (2 USC 166 (d)(6)), one of the duties of CRS is "to prepare summaries and digests of bills and resolutions of a public general nature introduced in the Senate or House of Representatives". For more information, refer to the User Guide that accompanies this file.</dc:description>
  </dublinCore>
</billStatus>

