<?xml version="1.0" encoding="UTF-8"?>
<billStatus>
  <bill>
    <updateDate>2016-10-25T16:00:48Z</updateDate>
    <latestAction>
      <text>Referred to the Subcommittee on Immigration And Border Security.</text>
      <links />
      <actionDate>2013-04-15</actionDate>
    </latestAction>
    <policyArea>
      <name>Immigration</name>
    </policyArea>
    <constitutionalAuthorityStatementText><![CDATA[<pre>[Pages H1397-H1398]By Mr. OWENS:H.R. 1139.Congress has the power to enact this legislation pursuantto the following:This bill is enacted pursuant to the power granted toCongress under Article I, Section 8, of the United StatesConstitution.[[Page H1398]]</pre>]]></constitutionalAuthorityStatementText>
    <introducedDate>2013-03-13</introducedDate>
    <subjects>
      <billSubjects>
        <policyArea>
          <name>Immigration</name>
        </policyArea>
        <legislativeSubjects>
          <item>
            <name>Education programs funding</name>
          </item>
          <item>
            <name>Elementary and secondary education</name>
          </item>
          <item>
            <name>Immigrant health and welfare</name>
          </item>
          <item>
            <name>Immigration status and procedures</name>
          </item>
        </legislativeSubjects>
      </billSubjects>
    </subjects>
    <summaries>
      <billSummaries>
        <item>
          <versionCode>00</versionCode>
          <name>Introduced in House</name>
          <actionDate>2013-03-13</actionDate>
          <updateDate>2013-03-13T04:00:00Z</updateDate>
          <lastSummaryUpdateDate>2013-03-23T16:09:58Z</lastSummaryUpdateDate>
          <text><![CDATA[<p>Strengthening America's Public Schools Through Promoting Foreign Investment Act - Amends the Immigration and Nationality Act to permit a lawful alien who enters the United States on a nonimmigrant student visa (including Mexican and Canadian commuter students) to attend a U.S. public secondary school for longer than one year if such alien reimburses the local educational agency for the full, unsubsidized per capita cost of providing education at such school for the period of the alien's attendance.</p>]]></text>
          <actionDesc>Introduced in House</actionDesc>
        </item>
      </billSummaries>
    </summaries>
    <recordedVotes />
    <notes />
    <billNumber>1139</billNumber>
    <committeeReports />
    <calendarNumbers />
    <congress>113</congress>
    <amendments />
    <laws />
    <cboCostEstimates />
    <originChamber>House</originChamber>
    <createDate>2013-03-14T07:01:11Z</createDate>
    <title>Strengthening America's Public Schools Through Promoting Foreign Investment Act</title>
    <sponsors>
      <item>
        <lastName>Owens</lastName>
        <identifiers>
          <gpoId>8673</gpoId>
          <lisID>1974</lisID>
          <bioguideId>O000169</bioguideId>
        </identifiers>
        <firstName>William</firstName>
        <fullName>Rep. Owens, William L. [D-NY-21]</fullName>
        <bioguideId>O000169</bioguideId>
        <middleName>L.</middleName>
        <byRequestType />
      </item>
    </sponsors>
    <cosponsors>
      <item>
        <bioguideId>G000564</bioguideId>
        <fullName>Rep. Gibson, Christopher P. [R-NY-19]</fullName>
        <lastName>Gibson</lastName>
        <firstName>Christopher</firstName>
        <sponsorshipWithdrawnDate />
        <sponsorshipDate>2013-03-13</sponsorshipDate>
        <middleName>P.</middleName>
        <isOriginalCosponsor>True</isOriginalCosponsor>
        <identifiers>
          <lisID>2043</lisID>
          <gpoId>8081</gpoId>
          <bioguideId>G000564</bioguideId>
        </identifiers>
      </item>
      <item>
        <bioguideId>M001149</bioguideId>
        <fullName>Rep. Michaud, Michael H. [D-ME-2]</fullName>
        <lastName>Michaud</lastName>
        <firstName>Michael</firstName>
        <sponsorshipWithdrawnDate />
        <sponsorshipDate>2013-03-13</sponsorshipDate>
        <middleName>H.</middleName>
        <isOriginalCosponsor>True</isOriginalCosponsor>
        <identifiers>
          <gpoId>7985</gpoId>
          <lisID>1730</lisID>
          <bioguideId>M001149</bioguideId>
        </identifiers>
      </item>
      <item>
        <bioguideId>W000800</bioguideId>
        <fullName>Rep. Welch, Peter [D-VT-At Large]</fullName>
        <lastName>Welch</lastName>
        <firstName>Peter</firstName>
        <sponsorshipWithdrawnDate />
        <sponsorshipDate>2013-03-13</sponsorshipDate>
        <middleName />
        <isOriginalCosponsor>True</isOriginalCosponsor>
        <identifiers>
          <gpoId>8204</gpoId>
          <bioguideId>W000800</bioguideId>
          <lisID>1879</lisID>
        </identifiers>
      </item>
      <item>
        <bioguideId>T000469</bioguideId>
        <fullName>Rep. Tonko, Paul [D-NY-20]</fullName>
        <lastName>Tonko</lastName>
        <firstName>Paul</firstName>
        <sponsorshipWithdrawnDate />
        <sponsorshipDate>2013-03-13</sponsorshipDate>
        <middleName />
        <isOriginalCosponsor>True</isOriginalCosponsor>
        <identifiers>
          <gpoId>8082</gpoId>
          <bioguideId>T000469</bioguideId>
          <lisID>1942</lisID>
        </identifiers>
      </item>
      <item>
        <bioguideId>N000187</bioguideId>
        <fullName>Rep. Negrete McLeod, Gloria [D-CA-35]</fullName>
        <lastName>Negrete McLeod</lastName>
        <firstName>Gloria</firstName>
        <sponsorshipWithdrawnDate />
        <sponsorshipDate>2013-07-31</sponsorshipDate>
        <middleName />
        <isOriginalCosponsor>False</isOriginalCosponsor>
        <identifiers>
          <gpoId />
          <lisID>2108</lisID>
          <bioguideId>N000187</bioguideId>
        </identifiers>
      </item>
      <item>
        <bioguideId>V000131</bioguideId>
        <fullName>Rep. Veasey, Marc A. [D-TX-33]</fullName>
        <lastName>Veasey</lastName>
        <firstName>Marc</firstName>
        <sponsorshipWithdrawnDate />
        <sponsorshipDate>2014-01-15</sponsorshipDate>
        <middleName>A.</middleName>
        <isOriginalCosponsor>False</isOriginalCosponsor>
        <identifiers>
          <lisID>2166</lisID>
          <bioguideId>V000131</bioguideId>
          <gpoId />
        </identifiers>
      </item>
      <item>
        <bioguideId>K000382</bioguideId>
        <fullName>Rep. Kuster, Ann M. [D-NH-2]</fullName>
        <lastName>Kuster</lastName>
        <firstName>Ann</firstName>
        <sponsorshipWithdrawnDate />
        <sponsorshipDate>2014-04-29</sponsorshipDate>
        <middleName>M.</middleName>
        <isOriginalCosponsor>False</isOriginalCosponsor>
        <identifiers>
          <bioguideId>K000382</bioguideId>
          <lisID>2145</lisID>
          <gpoId />
        </identifiers>
      </item>
    </cosponsors>
    <actions>
      <item>
        <actionDate>2013-04-15</actionDate>
        <committee>
          <systemCode>hsju01</systemCode>
          <name>Immigration and Border Security Subcommittee</name>
        </committee>
        <links />
        <sourceSystem>
          <code>1</code>
          <name>House committee actions</name>
        </sourceSystem>
        <text>Referred to the Subcommittee on Immigration And Border Security.</text>
        <type>Committee</type>
      </item>
      <item>
        <type>IntroReferral</type>
        <sourceSystem>
          <code>2</code>
          <name>House floor actions</name>
        </sourceSystem>
        <text>Referred to the House Committee on the Judiciary.</text>
        <committee>
          <systemCode>hsju00</systemCode>
          <name>Judiciary Committee</name>
        </committee>
        <actionDate>2013-03-13</actionDate>
        <links />
        <actionCode>H11100</actionCode>
      </item>
      <item>
        <type>IntroReferral</type>
        <sourceSystem>
          <code>9</code>
          <name>Library of Congress</name>
        </sourceSystem>
        <text>Introduced in House</text>
        <committee />
        <actionDate>2013-03-13</actionDate>
        <links />
        <actionCode>Intro-H</actionCode>
      </item>
      <item>
        <type>IntroReferral</type>
        <sourceSystem>
          <code>9</code>
          <name>Library of Congress</name>
        </sourceSystem>
        <text>Introduced in House</text>
        <committee />
        <actionDate>2013-03-13</actionDate>
        <links />
        <actionCode>1000</actionCode>
      </item>
      <actionTypeCounts>
        <introducedInTheHouse>1</introducedInTheHouse>
        <placeholderTextForH>1</placeholderTextForH>
        <introducedInHouse>1</introducedInHouse>
        <billReferrals>1</billReferrals>
      </actionTypeCounts>
      <actionByCounts>
        <houseOfRepresentatives>4</houseOfRepresentatives>
      </actionByCounts>
    </actions>
    <titles>
      <item>
        <titleType>Short Titles as Introduced</titleType>
        <title>Strengthening America's Public Schools Through Promoting Foreign Investment Act</title>
        <chamberCode />
        <chamberName />
        <parentTitleType />
      </item>
      <item>
        <titleType>Official Title as Introduced</titleType>
        <title>To permit aliens who lawfully enter the United States on valid visas as nonimmigrant elementary and secondary school students to attend public schools in the United States for longer than 1 year if such aliens reimburse the local educational agency that administers the school for the full, unsubsidized per capita cost of providing education at such school for the period of the alien's attendance.</title>
        <chamberCode />
        <chamberName />
        <parentTitleType />
      </item>
      <item>
        <titleType>Display Title</titleType>
        <title>Strengthening America's Public Schools Through Promoting Foreign Investment Act</title>
        <chamberCode />
        <chamberName />
        <parentTitleType />
      </item>
    </titles>
    <billType>HR</billType>
    <relatedBills />
    <committees>
      <billCommittees>
        <item>
          <activities>
            <item>
              <date>2013-03-13T14:04:50Z</date>
              <name>Referred to</name>
            </item>
          </activities>
          <systemCode>hsju00</systemCode>
          <subcommittees>
            <item>
              <activities>
                <item>
                  <date>2013-04-15T21:11:11Z</date>
                  <name>Referred to</name>
                </item>
              </activities>
              <systemCode>hsju01</systemCode>
              <name>Immigration and Border Security Subcommittee</name>
            </item>
          </subcommittees>
          <type>Standing</type>
          <name>Judiciary Committee</name>
          <chamber>House</chamber>
        </item>
      </billCommittees>
    </committees>
  </bill>
  <dublinCore xmlns:dc="http://purl.org/dc/elements/1.1/">
    <dc:format>text/xml</dc:format>
    <dc:language>EN</dc:language>
    <dc:rights>Pursuant to Title 17 Section 105 of the United States Code, this file is not subject to copyright protection and is in the public domain.</dc:rights>
    <dc:contributor>Congressional Research Service, Library of Congress</dc:contributor>
    <dc:description>This file contains bill summaries and statuses for federal legislation. A bill summary describes the most significant provisions of a piece of legislation and details the effects the legislative text may have on current law and federal programs. Bill summaries are authored by the Congressional Research Service (CRS) of the Library of Congress. As stated in Public Law 91-510 (2 USC 166 (d)(6)), one of the duties of CRS is "to prepare summaries and digests of bills and resolutions of a public general nature introduced in the Senate or House of Representatives". For more information, refer to the User Guide that accompanies this file.</dc:description>
  </dublinCore>
</billStatus>

