<?xml version="1.0" encoding="UTF-8"?>
<billStatus>
  <bill>
    <actions>
      <actionTypeCounts>
        <introducedInTheHouse>1</introducedInTheHouse>
        <billReferrals>1</billReferrals>
        <introducedInHouse>1</introducedInHouse>
      </actionTypeCounts>
      <item>
        <committee>
          <name>Oversight and Government Reform Committee</name>
          <systemCode>hsgo00</systemCode>
        </committee>
        <actionCode>H11100</actionCode>
        <type>IntroReferral</type>
        <sourceSystem>
          <name>House floor actions</name>
          <code>2</code>
        </sourceSystem>
        <links />
        <text>Referred to the House Committee on Oversight and Government Reform.</text>
        <actionDate>2013-02-25</actionDate>
      </item>
      <item>
        <committee />
        <actionCode>Intro-H</actionCode>
        <type>IntroReferral</type>
        <sourceSystem>
          <name>Library of Congress</name>
          <code>9</code>
        </sourceSystem>
        <links />
        <text>Introduced in House</text>
        <actionDate>2013-02-25</actionDate>
      </item>
      <item>
        <committee />
        <actionCode>1000</actionCode>
        <type>IntroReferral</type>
        <sourceSystem>
          <name>Library of Congress</name>
          <code>9</code>
        </sourceSystem>
        <links />
        <text>Introduced in House</text>
        <actionDate>2013-02-25</actionDate>
      </item>
      <actionByCounts>
        <houseOfRepresentatives>3</houseOfRepresentatives>
      </actionByCounts>
    </actions>
    <title>Department of Peacebuilding Act of 2013</title>
    <cosponsors>
      <item>
        <sponsorshipDate>2013-02-25</sponsorshipDate>
        <lastName>CONYERS</lastName>
        <fullName>Rep. Conyers, John, Jr. [D-MI-13]</fullName>
        <middleName />
        <firstName>JOHN</firstName>
        <sponsorshipWithdrawnDate />
        <identifiers>
          <lisID>229</lisID>
          <bioguideId>C000714</bioguideId>
          <gpoId>7999</gpoId>
        </identifiers>
        <isOriginalCosponsor>True</isOriginalCosponsor>
        <bioguideId>C000714</bioguideId>
      </item>
      <item>
        <sponsorshipDate>2013-02-25</sponsorshipDate>
        <lastName>Hahn</lastName>
        <fullName>Rep. Hahn, Janice [D-CA-44]</fullName>
        <middleName />
        <firstName>Janice</firstName>
        <sponsorshipWithdrawnDate />
        <identifiers>
          <bioguideId>H001063</bioguideId>
          <lisID>2089</lisID>
          <gpoId>8360</gpoId>
        </identifiers>
        <isOriginalCosponsor>True</isOriginalCosponsor>
        <bioguideId>H001063</bioguideId>
      </item>
      <item>
        <sponsorshipDate>2013-02-25</sponsorshipDate>
        <lastName>Polis</lastName>
        <fullName>Rep. Polis, Jared [D-CO-2]</fullName>
        <middleName />
        <firstName>Jared</firstName>
        <sponsorshipWithdrawnDate />
        <identifiers>
          <lisID>1910</lisID>
          <bioguideId>P000598</bioguideId>
          <gpoId>7860</gpoId>
        </identifiers>
        <isOriginalCosponsor>True</isOriginalCosponsor>
        <bioguideId>P000598</bioguideId>
      </item>
      <item>
        <sponsorshipDate>2013-02-25</sponsorshipDate>
        <lastName>Clarke</lastName>
        <fullName>Rep. Clarke, Yvette D. [D-NY-9]</fullName>
        <middleName>D.</middleName>
        <firstName>Yvette</firstName>
        <sponsorshipWithdrawnDate />
        <identifiers>
          <lisID>1864</lisID>
          <gpoId>8072</gpoId>
          <bioguideId>C001067</bioguideId>
        </identifiers>
        <isOriginalCosponsor>True</isOriginalCosponsor>
        <bioguideId>C001067</bioguideId>
      </item>
      <item>
        <sponsorshipDate>2013-02-25</sponsorshipDate>
        <lastName>Pingree</lastName>
        <fullName>Rep. Pingree, Chellie [D-ME-1]</fullName>
        <middleName />
        <firstName>Chellie</firstName>
        <sponsorshipWithdrawnDate />
        <identifiers>
          <gpoId>7984</gpoId>
          <lisID>1927</lisID>
          <bioguideId>P000597</bioguideId>
        </identifiers>
        <isOriginalCosponsor>True</isOriginalCosponsor>
        <bioguideId>P000597</bioguideId>
      </item>
      <item>
        <sponsorshipDate>2013-02-25</sponsorshipDate>
        <lastName>ANDREWS</lastName>
        <fullName>Rep. Andrews, Robert E. [D-NJ-1]</fullName>
        <middleName>E.</middleName>
        <firstName>ROBERT</firstName>
        <sponsorshipWithdrawnDate />
        <identifiers>
          <lisID>21</lisID>
          <bioguideId>A000210</bioguideId>
          <gpoId>8043</gpoId>
        </identifiers>
        <isOriginalCosponsor>True</isOriginalCosponsor>
        <bioguideId>A000210</bioguideId>
      </item>
      <item>
        <sponsorshipDate>2013-02-25</sponsorshipDate>
        <lastName>MCGOVERN</lastName>
        <fullName>Rep. McGovern, James P. [D-MA-2]</fullName>
        <middleName>P.</middleName>
        <firstName>JAMES</firstName>
        <sponsorshipWithdrawnDate />
        <identifiers>
          <bioguideId>M000312</bioguideId>
          <lisID>1504</lisID>
          <gpoId>7968</gpoId>
        </identifiers>
        <isOriginalCosponsor>True</isOriginalCosponsor>
        <bioguideId>M000312</bioguideId>
      </item>
      <item>
        <sponsorshipDate>2013-02-25</sponsorshipDate>
        <lastName>Moore</lastName>
        <fullName>Rep. Moore, Gwen [D-WI-4]</fullName>
        <middleName />
        <firstName>Gwen</firstName>
        <sponsorshipWithdrawnDate />
        <identifiers>
          <gpoId>8217</gpoId>
          <lisID>1811</lisID>
          <bioguideId>M001160</bioguideId>
        </identifiers>
        <isOriginalCosponsor>True</isOriginalCosponsor>
        <bioguideId>M001160</bioguideId>
      </item>
      <item>
        <sponsorshipDate>2013-04-10</sponsorshipDate>
        <lastName>Grijalva</lastName>
        <fullName>Rep. Grijalva, Raul M. [D-AZ-3]</fullName>
        <middleName>M.</middleName>
        <firstName>Raul</firstName>
        <sponsorshipWithdrawnDate />
        <identifiers>
          <lisID>1708</lisID>
          <gpoId>7804</gpoId>
          <bioguideId>G000551</bioguideId>
        </identifiers>
        <isOriginalCosponsor>False</isOriginalCosponsor>
        <bioguideId>G000551</bioguideId>
      </item>
      <item>
        <sponsorshipDate>2013-04-10</sponsorshipDate>
        <lastName>MARKEY</lastName>
        <fullName>Rep. Markey, Edward J. [D-MA-5]</fullName>
        <middleName>J.</middleName>
        <firstName>EDWARD</firstName>
        <sponsorshipWithdrawnDate />
        <identifiers>
          <gpoId>7972</gpoId>
          <lisID>735</lisID>
          <bioguideId>M000133</bioguideId>
        </identifiers>
        <isOriginalCosponsor>False</isOriginalCosponsor>
        <bioguideId>M000133</bioguideId>
      </item>
      <item>
        <sponsorshipDate>2013-04-10</sponsorshipDate>
        <lastName>NORTON</lastName>
        <fullName>Rep. Norton, Eleanor Holmes [D-DC-At Large]</fullName>
        <middleName>HOLMES</middleName>
        <firstName>ELEANOR</firstName>
        <sponsorshipWithdrawnDate />
        <identifiers>
          <bioguideId>N000147</bioguideId>
          <lisID>868</lisID>
          <gpoId>7871</gpoId>
        </identifiers>
        <isOriginalCosponsor>False</isOriginalCosponsor>
        <bioguideId>N000147</bioguideId>
      </item>
      <item>
        <sponsorshipDate>2013-04-11</sponsorshipDate>
        <lastName>HONDA</lastName>
        <fullName>Rep. Honda, Michael M. [D-CA-17]</fullName>
        <middleName>M.</middleName>
        <firstName>MICHAEL</firstName>
        <sponsorshipWithdrawnDate />
        <identifiers>
          <lisID>1634</lisID>
          <gpoId>7820</gpoId>
          <bioguideId>H001034</bioguideId>
        </identifiers>
        <isOriginalCosponsor>False</isOriginalCosponsor>
        <bioguideId>H001034</bioguideId>
      </item>
      <item>
        <sponsorshipDate>2013-05-13</sponsorshipDate>
        <lastName>Edwards</lastName>
        <fullName>Rep. Edwards, Donna F. [D-MD-4]</fullName>
        <middleName>F.</middleName>
        <firstName>Donna</firstName>
        <sponsorshipWithdrawnDate />
        <identifiers>
          <gpoId>7979</gpoId>
          <bioguideId>E000290</bioguideId>
          <lisID>1894</lisID>
        </identifiers>
        <isOriginalCosponsor>False</isOriginalCosponsor>
        <bioguideId>E000290</bioguideId>
      </item>
      <item>
        <sponsorshipDate>2013-05-17</sponsorshipDate>
        <lastName>LEWIS</lastName>
        <fullName>Rep. Lewis, John [D-GA-5]</fullName>
        <middleName />
        <firstName>JOHN</firstName>
        <sponsorshipWithdrawnDate />
        <identifiers>
          <gpoId>7902</gpoId>
          <lisID>688</lisID>
          <bioguideId>L000287</bioguideId>
        </identifiers>
        <isOriginalCosponsor>False</isOriginalCosponsor>
        <bioguideId>L000287</bioguideId>
      </item>
      <item>
        <sponsorshipDate>2013-07-17</sponsorshipDate>
        <lastName>Johnson</lastName>
        <fullName>Rep. Johnson, Henry C. "Hank," Jr. [D-GA-4]</fullName>
        <middleName>C. "Hank"</middleName>
        <firstName>Henry</firstName>
        <sponsorshipWithdrawnDate />
        <identifiers>
          <bioguideId>J000288</bioguideId>
          <lisID>1843</lisID>
          <gpoId>7901</gpoId>
        </identifiers>
        <isOriginalCosponsor>False</isOriginalCosponsor>
        <bioguideId>J000288</bioguideId>
      </item>
      <item>
        <sponsorshipDate>2013-07-31</sponsorshipDate>
        <lastName>HOLT</lastName>
        <fullName>Rep. Holt, Rush [D-NJ-12]</fullName>
        <middleName>D.</middleName>
        <firstName>RUSH</firstName>
        <sponsorshipWithdrawnDate />
        <identifiers>
          <gpoId>8054</gpoId>
          <lisID>1580</lisID>
          <bioguideId>H001032</bioguideId>
        </identifiers>
        <isOriginalCosponsor>False</isOriginalCosponsor>
        <bioguideId>H001032</bioguideId>
      </item>
      <item>
        <sponsorshipDate>2013-11-12</sponsorshipDate>
        <lastName>FARR</lastName>
        <fullName>Rep. Farr, Sam [D-CA-20]</fullName>
        <middleName />
        <firstName>SAM</firstName>
        <sponsorshipWithdrawnDate />
        <identifiers>
          <bioguideId>F000030</bioguideId>
          <lisID>368</lisID>
          <gpoId>7822</gpoId>
        </identifiers>
        <isOriginalCosponsor>False</isOriginalCosponsor>
        <bioguideId>F000030</bioguideId>
      </item>
      <item>
        <sponsorshipDate>2013-12-19</sponsorshipDate>
        <lastName>MILLER</lastName>
        <fullName>Rep. Miller, George [D-CA-11]</fullName>
        <middleName />
        <firstName>GEORGE</firstName>
        <sponsorshipWithdrawnDate />
        <identifiers>
          <gpoId>7812</gpoId>
          <bioguideId>M000725</bioguideId>
          <lisID>808</lisID>
        </identifiers>
        <isOriginalCosponsor>False</isOriginalCosponsor>
        <bioguideId>M000725</bioguideId>
      </item>
      <item>
        <sponsorshipDate>2014-01-07</sponsorshipDate>
        <lastName>MCDERMOTT</lastName>
        <fullName>Rep. McDermott, Jim [D-WA-7]</fullName>
        <middleName />
        <firstName>JIM</firstName>
        <sponsorshipWithdrawnDate />
        <identifiers>
          <lisID>766</lisID>
          <bioguideId>M000404</bioguideId>
          <gpoId>8211</gpoId>
        </identifiers>
        <isOriginalCosponsor>False</isOriginalCosponsor>
        <bioguideId>M000404</bioguideId>
      </item>
      <item>
        <sponsorshipDate>2014-03-06</sponsorshipDate>
        <lastName>DEFAZIO</lastName>
        <fullName>Rep. DeFazio, Peter A. [D-OR-4]</fullName>
        <middleName>A.</middleName>
        <firstName>PETER</firstName>
        <sponsorshipWithdrawnDate />
        <identifiers>
          <gpoId>8117</gpoId>
          <bioguideId>D000191</bioguideId>
          <lisID>279</lisID>
        </identifiers>
        <isOriginalCosponsor>False</isOriginalCosponsor>
        <bioguideId>D000191</bioguideId>
      </item>
      <item>
        <sponsorshipDate>2014-03-25</sponsorshipDate>
        <lastName>Cleaver</lastName>
        <fullName>Rep. Cleaver, Emanuel [D-MO-5]</fullName>
        <middleName />
        <firstName>Emanuel</firstName>
        <sponsorshipWithdrawnDate />
        <identifiers>
          <lisID>1790</lisID>
          <bioguideId>C001061</bioguideId>
          <gpoId>8013</gpoId>
        </identifiers>
        <isOriginalCosponsor>False</isOriginalCosponsor>
        <bioguideId>C001061</bioguideId>
      </item>
      <item>
        <sponsorshipDate>2014-03-25</sponsorshipDate>
        <lastName>CLAY</lastName>
        <fullName>Rep. Clay, Wm. Lacy [D-MO-1]</fullName>
        <middleName>LACY</middleName>
        <firstName>WM.</firstName>
        <sponsorshipWithdrawnDate />
        <identifiers>
          <gpoId>8009</gpoId>
          <bioguideId>C001049</bioguideId>
          <lisID>1654</lisID>
        </identifiers>
        <isOriginalCosponsor>False</isOriginalCosponsor>
        <bioguideId>C001049</bioguideId>
      </item>
      <item>
        <sponsorshipDate>2014-03-25</sponsorshipDate>
        <lastName>JACKSON LEE</lastName>
        <fullName>Rep. Jackson Lee, Sheila [D-TX-18]</fullName>
        <middleName />
        <firstName>SHEILA</firstName>
        <sponsorshipWithdrawnDate />
        <identifiers>
          <lisID>588</lisID>
          <gpoId>8174</gpoId>
          <bioguideId>J000032</bioguideId>
        </identifiers>
        <isOriginalCosponsor>False</isOriginalCosponsor>
        <bioguideId>J000032</bioguideId>
      </item>
      <item>
        <sponsorshipDate>2014-04-01</sponsorshipDate>
        <lastName>SCHAKOWSKY</lastName>
        <fullName>Rep. Schakowsky, Janice D. [D-IL-9]</fullName>
        <middleName>D.</middleName>
        <firstName>JANICE</firstName>
        <sponsorshipWithdrawnDate />
        <identifiers>
          <gpoId>7929</gpoId>
          <lisID>1588</lisID>
          <bioguideId>S001145</bioguideId>
        </identifiers>
        <isOriginalCosponsor>False</isOriginalCosponsor>
        <bioguideId>S001145</bioguideId>
      </item>
      <item>
        <sponsorshipDate>2014-04-07</sponsorshipDate>
        <lastName>HASTINGS</lastName>
        <fullName>Rep. Hastings, Alcee L. [D-FL-20]</fullName>
        <middleName>L.</middleName>
        <firstName>ALCEE</firstName>
        <sponsorshipWithdrawnDate />
        <identifiers>
          <gpoId>7895</gpoId>
          <bioguideId>H000324</bioguideId>
          <lisID>511</lisID>
        </identifiers>
        <isOriginalCosponsor>False</isOriginalCosponsor>
        <bioguideId>H000324</bioguideId>
      </item>
      <item>
        <sponsorshipDate>2014-04-09</sponsorshipDate>
        <lastName>Ellison</lastName>
        <fullName>Rep. Ellison, Keith [D-MN-5]</fullName>
        <middleName />
        <firstName>Keith</firstName>
        <sponsorshipWithdrawnDate />
        <identifiers>
          <gpoId>8005</gpoId>
          <bioguideId>E000288</bioguideId>
          <lisID>1857</lisID>
        </identifiers>
        <isOriginalCosponsor>False</isOriginalCosponsor>
        <bioguideId>E000288</bioguideId>
      </item>
      <item>
        <sponsorshipDate>2014-05-06</sponsorshipDate>
        <lastName>DAVIS</lastName>
        <fullName>Rep. Davis, Danny K. [D-IL-7]</fullName>
        <middleName>K.</middleName>
        <firstName>DANNY</firstName>
        <sponsorshipWithdrawnDate />
        <identifiers>
          <lisID>1477</lisID>
          <bioguideId>D000096</bioguideId>
          <gpoId>7927</gpoId>
        </identifiers>
        <isOriginalCosponsor>False</isOriginalCosponsor>
        <bioguideId>D000096</bioguideId>
      </item>
      <item>
        <sponsorshipDate>2014-05-06</sponsorshipDate>
        <lastName>Grayson</lastName>
        <fullName>Rep. Grayson, Alan [D-FL-9]</fullName>
        <middleName />
        <firstName>Alan</firstName>
        <sponsorshipWithdrawnDate />
        <identifiers>
          <gpoId>7302</gpoId>
          <bioguideId>G000556</bioguideId>
          <lisID>1914</lisID>
        </identifiers>
        <isOriginalCosponsor>False</isOriginalCosponsor>
        <bioguideId>G000556</bioguideId>
      </item>
      <item>
        <sponsorshipDate>2014-05-19</sponsorshipDate>
        <lastName>KAPTUR</lastName>
        <fullName>Rep. Kaptur, Marcy [D-OH-9]</fullName>
        <middleName />
        <firstName>MARCY</firstName>
        <sponsorshipWithdrawnDate />
        <identifiers>
          <lisID>616</lisID>
          <gpoId>8099</gpoId>
          <bioguideId>K000009</bioguideId>
        </identifiers>
        <isOriginalCosponsor>False</isOriginalCosponsor>
        <bioguideId>K000009</bioguideId>
      </item>
      <item>
        <sponsorshipDate>2014-05-19</sponsorshipDate>
        <lastName>RYAN</lastName>
        <fullName>Rep. Ryan, Tim [D-OH-13]</fullName>
        <middleName />
        <firstName>TIM</firstName>
        <sponsorshipWithdrawnDate />
        <identifiers>
          <bioguideId>R000577</bioguideId>
          <lisID>1756</lisID>
          <gpoId>8107</gpoId>
        </identifiers>
        <isOriginalCosponsor>False</isOriginalCosponsor>
        <bioguideId>R000577</bioguideId>
      </item>
      <item>
        <sponsorshipDate>2014-05-19</sponsorshipDate>
        <lastName>CHRISTENSEN</lastName>
        <fullName>Rep. Christensen, Donna M. [D-VI-At Large]</fullName>
        <middleName>M.</middleName>
        <firstName>DONNA</firstName>
        <sponsorshipWithdrawnDate />
        <identifiers>
          <gpoId>8203</gpoId>
          <lisID>1474</lisID>
          <bioguideId>C000380</bioguideId>
        </identifiers>
        <isOriginalCosponsor>False</isOriginalCosponsor>
        <bioguideId>C000380</bioguideId>
      </item>
      <item>
        <sponsorshipDate>2014-06-09</sponsorshipDate>
        <lastName>Scott</lastName>
        <fullName>Rep. Scott, Robert C. "Bobby" [D-VA-3]</fullName>
        <middleName>C. "Bobby"</middleName>
        <firstName>Robert</firstName>
        <sponsorshipWithdrawnDate />
        <identifiers>
          <lisID>1037</lisID>
          <bioguideId>S000185</bioguideId>
          <gpoId>8194</gpoId>
        </identifiers>
        <isOriginalCosponsor>False</isOriginalCosponsor>
        <bioguideId>S000185</bioguideId>
      </item>
      <item>
        <sponsorshipDate>2014-06-17</sponsorshipDate>
        <lastName>RANGEL</lastName>
        <fullName>Rep. Rangel, Charles B. [D-NY-13]</fullName>
        <middleName>B.</middleName>
        <firstName>CHARLES</firstName>
        <sponsorshipWithdrawnDate />
        <identifiers>
          <gpoId>8076</gpoId>
          <bioguideId>R000053</bioguideId>
          <lisID>944</lisID>
        </identifiers>
        <isOriginalCosponsor>False</isOriginalCosponsor>
        <bioguideId>R000053</bioguideId>
      </item>
      <item>
        <sponsorshipDate>2014-08-01</sponsorshipDate>
        <lastName>WATERS</lastName>
        <fullName>Rep. Waters, Maxine [D-CA-43]</fullName>
        <middleName />
        <firstName>MAXINE</firstName>
        <sponsorshipWithdrawnDate />
        <identifiers>
          <gpoId>7840</gpoId>
          <bioguideId>W000187</bioguideId>
          <lisID>1205</lisID>
        </identifiers>
        <isOriginalCosponsor>False</isOriginalCosponsor>
        <bioguideId>W000187</bioguideId>
      </item>
      <item>
        <sponsorshipDate>2014-08-01</sponsorshipDate>
        <lastName>DAVIS</lastName>
        <fullName>Rep. Davis, Susan A. [D-CA-53]</fullName>
        <middleName>A.</middleName>
        <firstName>SUSAN</firstName>
        <sponsorshipWithdrawnDate />
        <identifiers>
          <lisID>1641</lisID>
          <gpoId>7858</gpoId>
          <bioguideId>D000598</bioguideId>
        </identifiers>
        <isOriginalCosponsor>False</isOriginalCosponsor>
        <bioguideId>D000598</bioguideId>
      </item>
    </cosponsors>
    <sponsors>
      <item>
        <middleName />
        <firstName>BARBARA</firstName>
        <byRequestType />
        <bioguideId>L000551</bioguideId>
        <fullName>Rep. Lee, Barbara [D-CA-13]</fullName>
        <lastName>LEE</lastName>
        <identifiers>
          <bioguideId>L000551</bioguideId>
          <lisID>1501</lisID>
          <gpoId>7814</gpoId>
        </identifiers>
      </item>
    </sponsors>
    <subjects>
      <billSubjects>
        <legislativeSubjects>
          <item>
            <name>Advanced technology and technological innovations</name>
          </item>
          <item>
            <name>Advisory bodies</name>
          </item>
          <item>
            <name>Alternative dispute resolution, mediation, arbitration</name>
          </item>
          <item>
            <name>Arms control and nonproliferation</name>
          </item>
          <item>
            <name>Assault and harassment offenses</name>
          </item>
          <item>
            <name>Child health</name>
          </item>
          <item>
            <name>Commemorative events and holidays</name>
          </item>
          <item>
            <name>Correctional facilities and imprisonment</name>
          </item>
          <item>
            <name>Crime prevention</name>
          </item>
          <item>
            <name>Crime victims</name>
          </item>
          <item>
            <name>Crimes against children</name>
          </item>
          <item>
            <name>Crimes against women</name>
          </item>
          <item>
            <name>Cultural exchanges and relations</name>
          </item>
          <item>
            <name>Diplomacy, foreign officials, Americans abroad</name>
          </item>
          <item>
            <name>Domestic violence and child abuse</name>
          </item>
          <item>
            <name>Drug, alcohol, tobacco use</name>
          </item>
          <item>
            <name>Economic development</name>
          </item>
          <item>
            <name>Elementary and secondary education</name>
          </item>
          <item>
            <name>Employment discrimination and employee rights</name>
          </item>
          <item>
            <name>Executive agency funding and structure</name>
          </item>
          <item>
            <name>Firearms and explosives</name>
          </item>
          <item>
            <name>Foreign aid and international relief</name>
          </item>
          <item>
            <name>Government information and archives</name>
          </item>
          <item>
            <name>Higher education</name>
          </item>
          <item>
            <name>Human rights</name>
          </item>
          <item>
            <name>International organizations and cooperation</name>
          </item>
          <item>
            <name>Juvenile crime and gang violence</name>
          </item>
          <item>
            <name>Mental health</name>
          </item>
          <item>
            <name>News media and reporting</name>
          </item>
          <item>
            <name>Preschool education</name>
          </item>
          <item>
            <name>Racial and ethnic relations</name>
          </item>
          <item>
            <name>Reconstruction and stabilization</name>
          </item>
          <item>
            <name>Sex offenses</name>
          </item>
          <item>
            <name>Sex, gender, sexual orientation discrimination</name>
          </item>
          <item>
            <name>Teaching, teachers, curricula</name>
          </item>
          <item>
            <name>United Nations</name>
          </item>
          <item>
            <name>Violent crime</name>
          </item>
          <item>
            <name>Women's rights</name>
          </item>
        </legislativeSubjects>
        <policyArea>
          <name>Government Operations and Politics</name>
        </policyArea>
      </billSubjects>
    </subjects>
    <updateDate>2016-10-25T15:59:34Z</updateDate>
    <originChamber>House</originChamber>
    <billNumber>808</billNumber>
    <titles>
      <item>
        <parentTitleType />
        <title>Department of Peacebuilding Act of 2013</title>
        <chamberName />
        <chamberCode />
        <titleType>Short Titles as Introduced</titleType>
      </item>
      <item>
        <parentTitleType />
        <title>To establish a Department of Peacebuilding.</title>
        <chamberName />
        <chamberCode />
        <titleType>Official Title as Introduced</titleType>
      </item>
      <item>
        <parentTitleType />
        <title>Department of Peacebuilding Act of 2013</title>
        <chamberName />
        <chamberCode />
        <titleType>Display Title</titleType>
      </item>
    </titles>
    <createDate>2013-02-26T07:00:51Z</createDate>
    <congress>113</congress>
    <introducedDate>2013-02-25</introducedDate>
    <latestAction>
      <links />
      <actionDate>2013-02-25</actionDate>
      <text>Referred to the House Committee on Oversight and Government Reform.</text>
    </latestAction>
    <laws />
    <relatedBills />
    <notes />
    <recordedVotes />
    <cboCostEstimates />
    <policyArea>
      <name>Government Operations and Politics</name>
    </policyArea>
    <billType>HR</billType>
    <constitutionalAuthorityStatementText><![CDATA[<pre>By Ms. LEE of California:H.R. 808. Congress has the power to enact this legislationpursuant to the following:This bill is enacted pursuant to the power granted toCongress under Article I of the United States Constitutionand its subsequent amendments, and further clarified andinterpreted by the Supreme Court of the United States.[Page H628]</pre>]]></constitutionalAuthorityStatementText>
    <committees>
      <billCommittees>
        <item>
          <name>Oversight and Government Reform Committee</name>
          <subcommittees />
          <chamber>House</chamber>
          <type>Standing</type>
          <systemCode>hsgo00</systemCode>
          <activities>
            <item>
              <name>Referred to</name>
              <date>2013-02-25T19:01:40Z</date>
            </item>
          </activities>
        </item>
      </billCommittees>
    </committees>
    <amendments />
    <summaries>
      <billSummaries>
        <item>
          <lastSummaryUpdateDate>2013-03-14T18:43:11Z</lastSummaryUpdateDate>
          <text><![CDATA[<p>Department of Peacebuilding Act of 2013 - Establishes a Department of Peacebuilding, which shall be headed by a Secretary of Peacebuilding (Secretary). </p> <p>Sets forth the mission of the Department, including: (1) cultivation of peace as a national policy objective; and (2) development of policies that promote national and international conflict prevention, nonviolent intervention, mediation, peaceful conflict resolution, and structured conflict mediation.</p> <p>Establishes in the Department: (1) the Office of Peace Education and Training, (2) the Office of Domestic Peace Activities, (3) the Office of International Peace Activities, (4) the Office of Technology for Peace, (5) the Office of Arms Control and Disarmament, (6) the Office of Peacebuilding Information and Research, (7) the Office of Human Rights and Economic Rights, and (8) the Intergovernmental Advisory Council on Peace. </p> <p>Establishes a Federal Interagency Committee on Peace. </p> <p>Directs the Secretary of Defense (DOD) and the Secretary of State to consult with the Secretary concerning nonviolent means of conflict resolution when a conflict between the United States and any other government or entity is imminent or occurring. </p> <p>Directs the Secretary to encourage citizens to celebrate the blessings of peace and endeavor to create peace on a Peace Day. </p>]]></text>
          <updateDate>2013-02-25T05:00:00Z</updateDate>
          <actionDesc>Introduced in House</actionDesc>
          <name>Introduced in House</name>
          <versionCode>00</versionCode>
          <actionDate>2013-02-25</actionDate>
        </item>
      </billSummaries>
    </summaries>
    <calendarNumbers />
    <committeeReports />
  </bill>
  <dublinCore xmlns:dc="http://purl.org/dc/elements/1.1/">
    <dc:format>text/xml</dc:format>
    <dc:language>EN</dc:language>
    <dc:rights>Pursuant to Title 17 Section 105 of the United States Code, this file is not subject to copyright protection and is in the public domain.</dc:rights>
    <dc:contributor>Congressional Research Service, Library of Congress</dc:contributor>
    <dc:description>This file contains bill summaries and statuses for federal legislation. A bill summary describes the most significant provisions of a piece of legislation and details the effects the legislative text may have on current law and federal programs. Bill summaries are authored by the Congressional Research Service (CRS) of the Library of Congress. As stated in Public Law 91-510 (2 USC 166 (d)(6)), one of the duties of CRS is "to prepare summaries and digests of bills and resolutions of a public general nature introduced in the Senate or House of Representatives". For more information, refer to the User Guide that accompanies this file.</dc:description>
  </dublinCore>
</billStatus>

