<?xml version="1.0" encoding="UTF-8"?>
<billStatus>
  <bill>
    <constitutionalAuthorityStatementText><![CDATA[<pre>By Mr. WATT:H.R. 1057.Congress has the power to enact this legislation pursuantto the following:Article I, Section 8, Clause 1 of the United StatesConstitution, the Taxing and Spending Clause: ``The Congressshall have Power To lay and collect Taxes, Duties, Impostsand Excises, to pay the Debts and provide for the commonDefence and general Welfare of the United States . . .''[Page H1331]</pre>]]></constitutionalAuthorityStatementText>
    <sponsors>
      <item>
        <lastName>WATT</lastName>
        <firstName>MELVIN</firstName>
        <identifiers>
          <bioguideId>W000207</bioguideId>
          <lisID>1207</lisID>
          <gpoId>8035</gpoId>
        </identifiers>
        <bioguideId>W000207</bioguideId>
        <middleName />
        <fullName>Rep. Watt, Melvin L. [D-NC-12]</fullName>
        <byRequestType />
      </item>
    </sponsors>
    <createDate>2013-03-12T07:01:11Z</createDate>
    <subjects>
      <billSubjects>
        <policyArea>
          <name>Foreign Trade and International Finance</name>
        </policyArea>
        <legislativeSubjects>
          <item>
            <name>Tariffs</name>
          </item>
        </legislativeSubjects>
      </billSubjects>
    </subjects>
    <billType>HR</billType>
    <committeeReports />
    <committees>
      <billCommittees>
        <item>
          <systemCode>hswm00</systemCode>
          <subcommittees>
            <item>
              <systemCode>hswm04</systemCode>
              <name>Trade Subcommittee</name>
              <activities>
                <item>
                  <name>Referred to</name>
                  <date>2013-04-11T14:47:02Z</date>
                </item>
              </activities>
            </item>
          </subcommittees>
          <chamber>House</chamber>
          <type>Standing</type>
          <name>Ways and Means Committee</name>
          <activities>
            <item>
              <name>Referred to</name>
              <date>2013-03-11T14:01:50Z</date>
            </item>
          </activities>
        </item>
      </billCommittees>
    </committees>
    <cboCostEstimates />
    <amendments />
    <title>To suspend temporarily the duty on Reactive Blue 21.</title>
    <laws />
    <notes />
    <billNumber>1057</billNumber>
    <originChamber>House</originChamber>
    <cosponsors />
    <calendarNumbers />
    <congress>113</congress>
    <summaries>
      <billSummaries>
        <item>
          <actionDesc>Introduced in House</actionDesc>
          <actionDate>2013-03-11</actionDate>
          <updateDate>2013-03-11T04:00:00Z</updateDate>
          <versionCode>00</versionCode>
          <lastSummaryUpdateDate>2013-03-12T08:02:57Z</lastSummaryUpdateDate>
          <name>Introduced in House</name>
          <text><![CDATA[Amends the Harmonized Tariff Schedule of the United States to suspend temporarily the duty on Reactive Blue 21.]]></text>
        </item>
      </billSummaries>
    </summaries>
    <policyArea>
      <name>Foreign Trade and International Finance</name>
    </policyArea>
    <titles>
      <item>
        <title>To suspend temporarily the duty on Reactive Blue 21.</title>
        <parentTitleType />
        <chamberName />
        <chamberCode />
        <titleType>Official Title as Introduced</titleType>
      </item>
      <item>
        <title>To suspend temporarily the duty on Reactive Blue 21.</title>
        <parentTitleType />
        <chamberName />
        <chamberCode />
        <titleType>Display Title</titleType>
      </item>
    </titles>
    <latestAction>
      <text>Referred to the Subcommittee on Trade.</text>
      <actionDate>2013-04-11</actionDate>
      <links />
    </latestAction>
    <actions>
      <item>
        <actionDate>2013-04-11</actionDate>
        <committee>
          <systemCode>hswm04</systemCode>
          <name>Trade Subcommittee</name>
        </committee>
        <links />
        <sourceSystem>
          <name>House committee actions</name>
          <code>1</code>
        </sourceSystem>
        <text>Referred to the Subcommittee on Trade.</text>
        <type>Committee</type>
      </item>
      <item>
        <links />
        <actionCode>H11100</actionCode>
        <committee>
          <systemCode>hswm00</systemCode>
          <name>Ways and Means Committee</name>
        </committee>
        <type>IntroReferral</type>
        <sourceSystem>
          <name>House floor actions</name>
          <code>2</code>
        </sourceSystem>
        <text>Referred to the House Committee on Ways and Means.</text>
        <actionDate>2013-03-11</actionDate>
      </item>
      <item>
        <links />
        <actionCode>Intro-H</actionCode>
        <committee />
        <type>IntroReferral</type>
        <sourceSystem>
          <name>Library of Congress</name>
          <code>9</code>
        </sourceSystem>
        <text>Introduced in House</text>
        <actionDate>2013-03-11</actionDate>
      </item>
      <item>
        <links />
        <actionCode>1000</actionCode>
        <committee />
        <type>IntroReferral</type>
        <sourceSystem>
          <name>Library of Congress</name>
          <code>9</code>
        </sourceSystem>
        <text>Introduced in House</text>
        <actionDate>2013-03-11</actionDate>
      </item>
      <actionTypeCounts>
        <billReferrals>1</billReferrals>
        <placeholderTextForH>1</placeholderTextForH>
        <introducedInHouse>1</introducedInHouse>
        <introducedInTheHouse>1</introducedInTheHouse>
      </actionTypeCounts>
      <actionByCounts>
        <houseOfRepresentatives>4</houseOfRepresentatives>
      </actionByCounts>
    </actions>
    <updateDate>2016-10-25T16:00:29Z</updateDate>
    <recordedVotes />
    <introducedDate>2013-03-11</introducedDate>
    <relatedBills />
  </bill>
  <dublinCore xmlns:dc="http://purl.org/dc/elements/1.1/">
    <dc:format>text/xml</dc:format>
    <dc:language>EN</dc:language>
    <dc:rights>Pursuant to Title 17 Section 105 of the United States Code, this file is not subject to copyright protection and is in the public domain.</dc:rights>
    <dc:contributor>Congressional Research Service, Library of Congress</dc:contributor>
    <dc:description>This file contains bill summaries and statuses for federal legislation. A bill summary describes the most significant provisions of a piece of legislation and details the effects the legislative text may have on current law and federal programs. Bill summaries are authored by the Congressional Research Service (CRS) of the Library of Congress. As stated in Public Law 91-510 (2 USC 166 (d)(6)), one of the duties of CRS is "to prepare summaries and digests of bills and resolutions of a public general nature introduced in the Senate or House of Representatives". For more information, refer to the User Guide that accompanies this file.</dc:description>
  </dublinCore>
</billStatus>

