<?xml version="1.0" encoding="UTF-8"?>
<billStatus>
  <bill>
    <updateDate>2016-10-25T16:00:32Z</updateDate>
    <latestAction>
      <text>Referred to the House Committee on Oversight and Government Reform.</text>
      <links />
      <actionDate>2013-03-12</actionDate>
    </latestAction>
    <policyArea>
      <name>Government Operations and Politics</name>
    </policyArea>
    <constitutionalAuthorityStatementText><![CDATA[<pre>By Mr. POE of Texas:H.R. 1078.Congress has the power to enact this legislation pursuantto the following:Clause 18 of Section 8 of Article I of the ConstitutionAmendment IV--The right of the people to be secure in theirpersons, houses, and papers, and effects, againstunreasonable searches and seizures.[Page H1358]</pre>]]></constitutionalAuthorityStatementText>
    <introducedDate>2013-03-12</introducedDate>
    <subjects>
      <billSubjects>
        <policyArea>
          <name>Government Operations and Politics</name>
        </policyArea>
        <legislativeSubjects>
          <item>
            <name>Census and government statistics</name>
          </item>
        </legislativeSubjects>
      </billSubjects>
    </subjects>
    <summaries>
      <billSummaries>
        <item>
          <updateDate>2013-03-12T04:00:00Z</updateDate>
          <text><![CDATA[<p>Requires the Secretary of Commerce, in conducting any survey relating to the Census, to include in instructions for completing any such survey that participation in the survey is optional, except that survey respondents must provide their names, contract information, the date of response, and the number of people living or staying at the same addresses where the respondents reside. Prohibits any person participating in a survey from being fined or otherwise compelled to answer questions in connection with the survey (except for the basic questions permitted by this Act).</p>]]></text>
          <actionDate>2013-03-12</actionDate>
          <actionDesc>Introduced in House</actionDesc>
          <name>Introduced in House</name>
          <lastSummaryUpdateDate>2013-04-05T19:16:01Z</lastSummaryUpdateDate>
          <versionCode>00</versionCode>
        </item>
      </billSummaries>
    </summaries>
    <recordedVotes />
    <notes />
    <billNumber>1078</billNumber>
    <committeeReports />
    <calendarNumbers />
    <congress>113</congress>
    <amendments />
    <laws />
    <cboCostEstimates />
    <originChamber>House</originChamber>
    <createDate>2013-03-13T07:01:12Z</createDate>
    <title>To make participation in the American Community Survey voluntary, except with respect to certain basic questions, and for other purposes.</title>
    <sponsors>
      <item>
        <lastName>Poe</lastName>
        <identifiers>
          <gpoId>8158</gpoId>
          <bioguideId>P000592</bioguideId>
          <lisID>1802</lisID>
        </identifiers>
        <firstName>Ted</firstName>
        <fullName>Rep. Poe, Ted [R-TX-2]</fullName>
        <bioguideId>P000592</bioguideId>
        <middleName />
        <byRequestType />
      </item>
    </sponsors>
    <cosponsors>
      <item>
        <middleName />
        <firstName>Doug</firstName>
        <identifiers>
          <gpoId>7863</gpoId>
          <bioguideId>L000564</bioguideId>
          <lisID>1834</lisID>
        </identifiers>
        <bioguideId>L000564</bioguideId>
        <fullName>Rep. Lamborn, Doug [R-CO-5]</fullName>
        <lastName>Lamborn</lastName>
        <sponsorshipWithdrawnDate />
        <sponsorshipDate>2013-03-12</sponsorshipDate>
        <isOriginalCosponsor>True</isOriginalCosponsor>
      </item>
      <item>
        <middleName />
        <firstName>Jeff</firstName>
        <identifiers>
          <bioguideId>D000615</bioguideId>
          <lisID>2057</lisID>
          <gpoId>8143</gpoId>
        </identifiers>
        <bioguideId>D000615</bioguideId>
        <fullName>Rep. Duncan, Jeff [R-SC-3]</fullName>
        <lastName>Duncan</lastName>
        <sponsorshipWithdrawnDate />
        <sponsorshipDate>2013-03-12</sponsorshipDate>
        <isOriginalCosponsor>True</isOriginalCosponsor>
      </item>
      <item>
        <middleName>B.</middleName>
        <firstName>WALTER</firstName>
        <identifiers>
          <lisID>612</lisID>
          <bioguideId>J000255</bioguideId>
          <gpoId>8026</gpoId>
        </identifiers>
        <bioguideId>J000255</bioguideId>
        <fullName>Rep. Jones, Walter B., Jr. [R-NC-3]</fullName>
        <lastName>JONES</lastName>
        <sponsorshipWithdrawnDate />
        <sponsorshipDate>2013-03-12</sponsorshipDate>
        <isOriginalCosponsor>True</isOriginalCosponsor>
      </item>
      <item>
        <middleName />
        <firstName>Tim</firstName>
        <identifiers>
          <gpoId>7949</gpoId>
          <lisID>2020</lisID>
          <bioguideId>H001057</bioguideId>
        </identifiers>
        <bioguideId>H001057</bioguideId>
        <fullName>Rep. Huelskamp, Tim [R-KS-1]</fullName>
        <lastName>Huelskamp</lastName>
        <sponsorshipWithdrawnDate />
        <sponsorshipDate>2013-03-12</sponsorshipDate>
        <isOriginalCosponsor>True</isOriginalCosponsor>
      </item>
      <item>
        <middleName />
        <firstName>Jason</firstName>
        <identifiers>
          <bioguideId>C001076</bioguideId>
          <lisID>1956</lisID>
          <gpoId>8191</gpoId>
        </identifiers>
        <bioguideId>C001076</bioguideId>
        <fullName>Rep. Chaffetz, Jason [R-UT-3]</fullName>
        <lastName>Chaffetz</lastName>
        <sponsorshipWithdrawnDate />
        <sponsorshipDate>2013-03-12</sponsorshipDate>
        <isOriginalCosponsor>True</isOriginalCosponsor>
      </item>
      <item>
        <middleName />
        <firstName>SAM</firstName>
        <identifiers>
          <lisID>603</lisID>
          <gpoId>8159</gpoId>
          <bioguideId>J000174</bioguideId>
        </identifiers>
        <bioguideId>J000174</bioguideId>
        <fullName>Rep. Johnson, Sam [R-TX-3]</fullName>
        <lastName>JOHNSON</lastName>
        <sponsorshipWithdrawnDate />
        <sponsorshipDate>2013-03-12</sponsorshipDate>
        <isOriginalCosponsor>True</isOriginalCosponsor>
      </item>
      <item>
        <middleName />
        <firstName>Steve</firstName>
        <identifiers>
          <bioguideId>S001176</bioguideId>
          <lisID>1892</lisID>
          <gpoId>7959</gpoId>
        </identifiers>
        <bioguideId>S001176</bioguideId>
        <fullName>Rep. Scalise, Steve [R-LA-1]</fullName>
        <lastName>Scalise</lastName>
        <sponsorshipWithdrawnDate />
        <sponsorshipDate>2013-03-12</sponsorshipDate>
        <isOriginalCosponsor>True</isOriginalCosponsor>
      </item>
      <item>
        <middleName />
        <firstName>Tim</firstName>
        <identifiers>
          <bioguideId>W000798</bioguideId>
          <lisID>1855</lisID>
          <gpoId>7992</gpoId>
        </identifiers>
        <bioguideId>W000798</bioguideId>
        <fullName>Rep. Walberg, Tim [R-MI-7]</fullName>
        <lastName>Walberg</lastName>
        <sponsorshipWithdrawnDate />
        <sponsorshipDate>2013-03-12</sponsorshipDate>
        <isOriginalCosponsor>True</isOriginalCosponsor>
      </item>
      <item>
        <middleName />
        <firstName>Austin</firstName>
        <identifiers>
          <lisID>2009</lisID>
          <gpoId>7905</gpoId>
          <bioguideId>S001189</bioguideId>
        </identifiers>
        <bioguideId>S001189</bioguideId>
        <fullName>Rep. Scott, Austin [R-GA-8]</fullName>
        <lastName>Scott</lastName>
        <sponsorshipWithdrawnDate />
        <sponsorshipDate>2013-03-12</sponsorshipDate>
        <isOriginalCosponsor>True</isOriginalCosponsor>
      </item>
      <item>
        <middleName />
        <firstName>Trey</firstName>
        <identifiers>
          <gpoId>8144</gpoId>
          <lisID>2058</lisID>
          <bioguideId>G000566</bioguideId>
        </identifiers>
        <bioguideId>G000566</bioguideId>
        <fullName>Rep. Gowdy, Trey [R-SC-4]</fullName>
        <lastName>Gowdy</lastName>
        <sponsorshipWithdrawnDate />
        <sponsorshipDate>2013-03-12</sponsorshipDate>
        <isOriginalCosponsor>True</isOriginalCosponsor>
      </item>
      <item>
        <middleName />
        <firstName>Jeff</firstName>
        <identifiers>
          <lisID>1793</lisID>
          <bioguideId>F000449</bioguideId>
          <gpoId>8038</gpoId>
        </identifiers>
        <bioguideId>F000449</bioguideId>
        <fullName>Rep. Fortenberry, Jeff [R-NE-1]</fullName>
        <lastName>Fortenberry</lastName>
        <sponsorshipWithdrawnDate />
        <sponsorshipDate>2013-03-12</sponsorshipDate>
        <isOriginalCosponsor>True</isOriginalCosponsor>
      </item>
      <item>
        <middleName>ABNEY</middleName>
        <firstName>JOHN</firstName>
        <identifiers>
          <bioguideId>C001048</bioguideId>
          <lisID>1670</lisID>
          <gpoId>8163</gpoId>
        </identifiers>
        <bioguideId>C001048</bioguideId>
        <fullName>Rep. Culberson, John Abney [R-TX-7]</fullName>
        <lastName>CULBERSON</lastName>
        <sponsorshipWithdrawnDate />
        <sponsorshipDate>2013-03-12</sponsorshipDate>
        <isOriginalCosponsor>True</isOriginalCosponsor>
      </item>
      <item>
        <middleName>M.</middleName>
        <firstName>RALPH</firstName>
        <identifiers>
          <gpoId>8160</gpoId>
          <lisID>484</lisID>
          <bioguideId>H000067</bioguideId>
        </identifiers>
        <bioguideId>H000067</bioguideId>
        <fullName>Rep. Hall, Ralph M. [R-TX-4]</fullName>
        <lastName>HALL</lastName>
        <sponsorshipWithdrawnDate />
        <sponsorshipDate>2013-03-12</sponsorshipDate>
        <isOriginalCosponsor>True</isOriginalCosponsor>
      </item>
      <item>
        <middleName>L.</middleName>
        <firstName>Renee</firstName>
        <identifiers>
          <lisID>2036</lisID>
          <gpoId>8025</gpoId>
          <bioguideId>E000291</bioguideId>
        </identifiers>
        <bioguideId>E000291</bioguideId>
        <fullName>Rep. Ellmers, Renee L. [R-NC-2]</fullName>
        <lastName>Ellmers</lastName>
        <sponsorshipWithdrawnDate />
        <sponsorshipDate>2013-03-12</sponsorshipDate>
        <isOriginalCosponsor>True</isOriginalCosponsor>
      </item>
      <item>
        <middleName>E.</middleName>
        <firstName>Robert</firstName>
        <identifiers>
          <bioguideId>L000566</bioguideId>
          <lisID>1885</lisID>
          <gpoId>8095</gpoId>
        </identifiers>
        <bioguideId>L000566</bioguideId>
        <fullName>Rep. Latta, Robert E. [R-OH-5]</fullName>
        <lastName>Latta</lastName>
        <sponsorshipWithdrawnDate />
        <sponsorshipDate>2013-03-12</sponsorshipDate>
        <isOriginalCosponsor>True</isOriginalCosponsor>
      </item>
      <item>
        <middleName />
        <firstName>Blaine</firstName>
        <identifiers>
          <lisID>1931</lisID>
          <gpoId>8017</gpoId>
          <bioguideId>L000569</bioguideId>
        </identifiers>
        <bioguideId>L000569</bioguideId>
        <fullName>Rep. Luetkemeyer, Blaine [R-MO-3]</fullName>
        <lastName>Luetkemeyer</lastName>
        <sponsorshipWithdrawnDate />
        <sponsorshipDate>2013-03-12</sponsorshipDate>
        <isOriginalCosponsor>True</isOriginalCosponsor>
      </item>
      <item>
        <middleName />
        <firstName>Todd</firstName>
        <identifiers>
          <gpoId>7943</gpoId>
          <lisID>2017</lisID>
          <bioguideId>R000592</bioguideId>
        </identifiers>
        <bioguideId>R000592</bioguideId>
        <fullName>Rep. Rokita, Todd [R-IN-4]</fullName>
        <lastName>Rokita</lastName>
        <sponsorshipWithdrawnDate />
        <sponsorshipDate>2013-03-18</sponsorshipDate>
        <isOriginalCosponsor>False</isOriginalCosponsor>
      </item>
      <item>
        <middleName>A.</middleName>
        <firstName>Lynn</firstName>
        <identifiers>
          <gpoId>7900</gpoId>
          <lisID>1779</lisID>
          <bioguideId>W000796</bioguideId>
        </identifiers>
        <bioguideId>W000796</bioguideId>
        <fullName>Rep. Westmoreland, Lynn A. [R-GA-3]</fullName>
        <lastName>Westmoreland</lastName>
        <sponsorshipWithdrawnDate />
        <sponsorshipDate>2013-03-18</sponsorshipDate>
        <isOriginalCosponsor>False</isOriginalCosponsor>
      </item>
      <item>
        <middleName />
        <firstName>Bill</firstName>
        <identifiers>
          <bioguideId>P000599</bioguideId>
          <lisID>1915</lisID>
          <gpoId>7887</gpoId>
        </identifiers>
        <bioguideId>P000599</bioguideId>
        <fullName>Rep. Posey, Bill [R-FL-8]</fullName>
        <lastName>Posey</lastName>
        <sponsorshipWithdrawnDate />
        <sponsorshipDate>2013-03-21</sponsorshipDate>
        <isOriginalCosponsor>False</isOriginalCosponsor>
      </item>
      <item>
        <middleName>T.</middleName>
        <firstName>Michael</firstName>
        <identifiers>
          <bioguideId>M001157</bioguideId>
          <lisID>1804</lisID>
          <gpoId>8166</gpoId>
        </identifiers>
        <bioguideId>M001157</bioguideId>
        <fullName>Rep. McCaul, Michael T. [R-TX-10]</fullName>
        <lastName>McCaul</lastName>
        <sponsorshipWithdrawnDate />
        <sponsorshipDate>2013-03-21</sponsorshipDate>
        <isOriginalCosponsor>False</isOriginalCosponsor>
      </item>
      <item>
        <middleName />
        <firstName>Doug</firstName>
        <identifiers>
          <gpoId />
          <lisID>2100</lisID>
          <bioguideId>L000578</bioguideId>
        </identifiers>
        <bioguideId>L000578</bioguideId>
        <fullName>Rep. LaMalfa, Doug [R-CA-1]</fullName>
        <lastName>LaMalfa</lastName>
        <sponsorshipWithdrawnDate />
        <sponsorshipDate>2013-04-09</sponsorshipDate>
        <isOriginalCosponsor>False</isOriginalCosponsor>
      </item>
      <item>
        <middleName />
        <firstName>Steve</firstName>
        <identifiers>
          <lisID>2138</lisID>
          <bioguideId>D000618</bioguideId>
          <gpoId />
        </identifiers>
        <bioguideId>D000618</bioguideId>
        <fullName>Rep. Daines, Steve [R-MT-At Large]</fullName>
        <lastName>Daines</lastName>
        <sponsorshipWithdrawnDate />
        <sponsorshipDate>2013-04-09</sponsorshipDate>
        <isOriginalCosponsor>False</isOriginalCosponsor>
      </item>
      <item>
        <middleName />
        <firstName>Dan</firstName>
        <identifiers>
          <gpoId>7986</gpoId>
          <lisID>2027</lisID>
          <bioguideId>B001271</bioguideId>
        </identifiers>
        <bioguideId>B001271</bioguideId>
        <fullName>Rep. Benishek, Dan [R-MI-1]</fullName>
        <lastName>Benishek</lastName>
        <sponsorshipWithdrawnDate />
        <sponsorshipDate>2013-04-09</sponsorshipDate>
        <isOriginalCosponsor>False</isOriginalCosponsor>
      </item>
      <item>
        <middleName />
        <firstName>Bill</firstName>
        <identifiers>
          <lisID>2028</lisID>
          <bioguideId>H001058</bioguideId>
          <gpoId>7987</gpoId>
        </identifiers>
        <bioguideId>H001058</bioguideId>
        <fullName>Rep. Huizenga, Bill [R-MI-2]</fullName>
        <lastName>Huizenga</lastName>
        <sponsorshipWithdrawnDate />
        <sponsorshipDate>2013-04-10</sponsorshipDate>
        <isOriginalCosponsor>False</isOriginalCosponsor>
      </item>
      <item>
        <middleName />
        <firstName>Alan</firstName>
        <identifiers>
          <lisID>2034</lisID>
          <bioguideId>N000186</bioguideId>
          <gpoId>8019</gpoId>
        </identifiers>
        <bioguideId>N000186</bioguideId>
        <fullName>Rep. Nunnelee, Alan [R-MS-1]</fullName>
        <lastName>Nunnelee</lastName>
        <sponsorshipWithdrawnDate />
        <sponsorshipDate>2013-04-11</sponsorshipDate>
        <isOriginalCosponsor>False</isOriginalCosponsor>
      </item>
      <item>
        <middleName />
        <firstName>KAY</firstName>
        <identifiers>
          <bioguideId>G000377</bioguideId>
          <lisID>1487</lisID>
          <gpoId>8168</gpoId>
        </identifiers>
        <bioguideId>G000377</bioguideId>
        <fullName>Rep. Granger, Kay [R-TX-12]</fullName>
        <lastName>GRANGER</lastName>
        <sponsorshipWithdrawnDate />
        <sponsorshipDate>2013-04-12</sponsorshipDate>
        <isOriginalCosponsor>False</isOriginalCosponsor>
      </item>
      <item>
        <middleName />
        <firstName>Adrian</firstName>
        <identifiers>
          <gpoId>8040</gpoId>
          <lisID>1860</lisID>
          <bioguideId>S001172</bioguideId>
        </identifiers>
        <bioguideId>S001172</bioguideId>
        <fullName>Rep. Smith, Adrian [R-NE-3]</fullName>
        <lastName>Smith</lastName>
        <sponsorshipWithdrawnDate />
        <sponsorshipDate>2013-04-17</sponsorshipDate>
        <isOriginalCosponsor>False</isOriginalCosponsor>
      </item>
      <item>
        <middleName>E.</middleName>
        <firstName>DON</firstName>
        <identifiers>
          <gpoId>7785</gpoId>
          <lisID>1256</lisID>
          <bioguideId>Y000033</bioguideId>
        </identifiers>
        <bioguideId>Y000033</bioguideId>
        <fullName>Rep. Young, Don [R-AK-At Large]</fullName>
        <lastName>YOUNG</lastName>
        <sponsorshipWithdrawnDate />
        <sponsorshipDate>2013-05-03</sponsorshipDate>
        <isOriginalCosponsor>False</isOriginalCosponsor>
      </item>
      <item>
        <middleName />
        <firstName>Lynn</firstName>
        <identifiers>
          <lisID>1921</lisID>
          <gpoId>7950</gpoId>
          <bioguideId>J000290</bioguideId>
        </identifiers>
        <bioguideId>J000290</bioguideId>
        <fullName>Rep. Jenkins, Lynn [R-KS-2]</fullName>
        <lastName>Jenkins</lastName>
        <sponsorshipWithdrawnDate />
        <sponsorshipDate>2013-05-03</sponsorshipDate>
        <isOriginalCosponsor>False</isOriginalCosponsor>
      </item>
      <item>
        <middleName />
        <firstName>John</firstName>
        <identifiers>
          <gpoId>8002</gpoId>
          <bioguideId>K000363</bioguideId>
          <lisID>1733</lisID>
        </identifiers>
        <bioguideId>K000363</bioguideId>
        <fullName>Rep. Kline, John [R-MN-2]</fullName>
        <lastName>Kline</lastName>
        <sponsorshipWithdrawnDate />
        <sponsorshipDate>2013-05-07</sponsorshipDate>
        <isOriginalCosponsor>False</isOriginalCosponsor>
      </item>
      <item>
        <middleName />
        <firstName>Doug</firstName>
        <identifiers>
          <gpoId />
          <bioguideId>C001093</bioguideId>
          <lisID>2121</lisID>
        </identifiers>
        <bioguideId>C001093</bioguideId>
        <fullName>Rep. Collins, Doug [R-GA-9]</fullName>
        <lastName>Collins</lastName>
        <sponsorshipWithdrawnDate />
        <sponsorshipDate>2013-05-09</sponsorshipDate>
        <isOriginalCosponsor>False</isOriginalCosponsor>
      </item>
      <item>
        <middleName>J.</middleName>
        <firstName>JOHN</firstName>
        <identifiers>
          <gpoId>8149</gpoId>
          <lisID>322</lisID>
          <bioguideId>D000533</bioguideId>
        </identifiers>
        <bioguideId>D000533</bioguideId>
        <fullName>Rep. Duncan, John J., Jr. [R-TN-2]</fullName>
        <lastName>DUNCAN</lastName>
        <sponsorshipWithdrawnDate />
        <sponsorshipDate>2013-05-14</sponsorshipDate>
        <isOriginalCosponsor>False</isOriginalCosponsor>
      </item>
      <item>
        <middleName />
        <firstName>GREG</firstName>
        <identifiers>
          <gpoId>8115</gpoId>
          <lisID>1596</lisID>
          <bioguideId>W000791</bioguideId>
        </identifiers>
        <bioguideId>W000791</bioguideId>
        <fullName>Rep. Walden, Greg [R-OR-2]</fullName>
        <lastName>WALDEN</lastName>
        <sponsorshipWithdrawnDate />
        <sponsorshipDate>2013-06-03</sponsorshipDate>
        <isOriginalCosponsor>False</isOriginalCosponsor>
      </item>
      <item>
        <middleName>M.</middleName>
        <firstName>Cynthia</firstName>
        <identifiers>
          <lisID>1960</lisID>
          <bioguideId>L000571</bioguideId>
          <gpoId>8225</gpoId>
        </identifiers>
        <bioguideId>L000571</bioguideId>
        <fullName>Rep. Lummis, Cynthia M. [R-WY-At Large]</fullName>
        <lastName>Lummis</lastName>
        <sponsorshipWithdrawnDate />
        <sponsorshipDate>2013-06-12</sponsorshipDate>
        <isOriginalCosponsor>False</isOriginalCosponsor>
      </item>
      <item>
        <middleName />
        <firstName>Rodney</firstName>
        <identifiers>
          <gpoId>7963</gpoId>
          <bioguideId>A000361</bioguideId>
          <lisID>1727</lisID>
        </identifiers>
        <bioguideId>A000361</bioguideId>
        <fullName>Rep. Alexander, Rodney [R-LA-5]</fullName>
        <lastName>Alexander</lastName>
        <sponsorshipWithdrawnDate />
        <sponsorshipDate>2013-06-14</sponsorshipDate>
        <isOriginalCosponsor>False</isOriginalCosponsor>
      </item>
      <item>
        <middleName />
        <firstName>Tom</firstName>
        <identifiers>
          <bioguideId>C001095</bioguideId>
          <lisID>2098</lisID>
          <gpoId />
        </identifiers>
        <bioguideId>C001095</bioguideId>
        <fullName>Rep. Cotton, Tom [R-AR-4]</fullName>
        <lastName>Cotton</lastName>
        <sponsorshipWithdrawnDate />
        <sponsorshipDate>2013-06-20</sponsorshipDate>
        <isOriginalCosponsor>False</isOriginalCosponsor>
      </item>
      <item>
        <middleName>K.</middleName>
        <firstName>Randy</firstName>
        <identifiers>
          <lisID>2161</lisID>
          <gpoId />
          <bioguideId>W000814</bioguideId>
        </identifiers>
        <bioguideId>W000814</bioguideId>
        <fullName>Rep. Weber, Randy K. Sr. [R-TX-14]</fullName>
        <lastName>Weber</lastName>
        <sponsorshipWithdrawnDate />
        <sponsorshipDate>2013-06-27</sponsorshipDate>
        <isOriginalCosponsor>False</isOriginalCosponsor>
      </item>
      <item>
        <middleName />
        <firstName>Steve</firstName>
        <identifiers>
          <gpoId>7795</gpoId>
          <lisID>1991</lisID>
          <bioguideId>W000809</bioguideId>
        </identifiers>
        <bioguideId>W000809</bioguideId>
        <fullName>Rep. Womack, Steve [R-AR-3]</fullName>
        <lastName>Womack</lastName>
        <sponsorshipWithdrawnDate />
        <sponsorshipDate>2013-07-16</sponsorshipDate>
        <isOriginalCosponsor>False</isOriginalCosponsor>
      </item>
      <item>
        <middleName />
        <firstName>Andy</firstName>
        <identifiers>
          <gpoId />
          <bioguideId>B001282</bioguideId>
          <lisID>2131</lisID>
        </identifiers>
        <bioguideId>B001282</bioguideId>
        <fullName>Rep. Barr, Andy [R-KY-6]</fullName>
        <lastName>Barr</lastName>
        <sponsorshipWithdrawnDate />
        <sponsorshipDate>2013-09-09</sponsorshipDate>
        <isOriginalCosponsor>False</isOriginalCosponsor>
      </item>
      <item>
        <middleName />
        <firstName>TOM</firstName>
        <identifiers>
          <lisID>666</lisID>
          <bioguideId>L000111</bioguideId>
          <gpoId>7917</gpoId>
        </identifiers>
        <bioguideId>L000111</bioguideId>
        <fullName>Rep. Latham, Tom [R-IA-3]</fullName>
        <lastName>LATHAM</lastName>
        <sponsorshipWithdrawnDate />
        <sponsorshipDate>2013-09-09</sponsorshipDate>
        <isOriginalCosponsor>False</isOriginalCosponsor>
      </item>
      <item>
        <middleName />
        <firstName>Ann</firstName>
        <identifiers>
          <gpoId />
          <lisID>2137</lisID>
          <bioguideId>W000812</bioguideId>
        </identifiers>
        <bioguideId>W000812</bioguideId>
        <fullName>Rep. Wagner, Ann [R-MO-2]</fullName>
        <lastName>Wagner</lastName>
        <sponsorshipWithdrawnDate />
        <sponsorshipDate>2013-09-12</sponsorshipDate>
        <isOriginalCosponsor>False</isOriginalCosponsor>
      </item>
      <item>
        <middleName />
        <firstName>KEN</firstName>
        <identifiers>
          <gpoId>7849</gpoId>
          <lisID>165</lisID>
          <bioguideId>C000059</bioguideId>
        </identifiers>
        <bioguideId>C000059</bioguideId>
        <fullName>Rep. Calvert, Ken [R-CA-42]</fullName>
        <lastName>CALVERT</lastName>
        <sponsorshipWithdrawnDate />
        <sponsorshipDate>2013-09-19</sponsorshipDate>
        <isOriginalCosponsor>False</isOriginalCosponsor>
      </item>
      <item>
        <middleName />
        <firstName>SAM</firstName>
        <identifiers>
          <bioguideId>G000546</bioguideId>
          <lisID>1656</lisID>
          <gpoId>8014</gpoId>
        </identifiers>
        <bioguideId>G000546</bioguideId>
        <fullName>Rep. Graves, Sam [R-MO-6]</fullName>
        <lastName>GRAVES</lastName>
        <sponsorshipWithdrawnDate />
        <sponsorshipDate>2013-09-25</sponsorshipDate>
        <isOriginalCosponsor>False</isOriginalCosponsor>
      </item>
      <item>
        <middleName>B.</middleName>
        <firstName>Richard</firstName>
        <identifiers>
          <lisID>2001</lisID>
          <gpoId>7877</gpoId>
          <bioguideId>N000185</bioguideId>
        </identifiers>
        <bioguideId>N000185</bioguideId>
        <fullName>Rep. Nugent, Richard B. [R-FL-11]</fullName>
        <lastName>Nugent</lastName>
        <sponsorshipWithdrawnDate />
        <sponsorshipDate>2013-09-26</sponsorshipDate>
        <isOriginalCosponsor>False</isOriginalCosponsor>
      </item>
      <item>
        <middleName>M.</middleName>
        <firstName>JOHN</firstName>
        <identifiers>
          <lisID>1527</lisID>
          <bioguideId>S000364</bioguideId>
          <gpoId>7939</gpoId>
        </identifiers>
        <bioguideId>S000364</bioguideId>
        <fullName>Rep. Shimkus, John [R-IL-15]</fullName>
        <lastName>SHIMKUS</lastName>
        <sponsorshipWithdrawnDate />
        <sponsorshipDate>2013-10-11</sponsorshipDate>
        <isOriginalCosponsor>False</isOriginalCosponsor>
      </item>
      <item>
        <middleName />
        <firstName>Kenny</firstName>
        <identifiers>
          <gpoId>8766</gpoId>
          <bioguideId>M001158</bioguideId>
          <lisID>1806</lisID>
        </identifiers>
        <bioguideId>M001158</bioguideId>
        <fullName>Rep. Marchant, Kenny [R-TX-24]</fullName>
        <lastName>Marchant</lastName>
        <sponsorshipWithdrawnDate />
        <sponsorshipDate>2013-12-04</sponsorshipDate>
        <isOriginalCosponsor>False</isOriginalCosponsor>
      </item>
      <item>
        <middleName />
        <firstName>John</firstName>
        <identifiers>
          <bioguideId>F000456</bioguideId>
          <lisID>1924</lisID>
          <gpoId>7962</gpoId>
        </identifiers>
        <bioguideId>F000456</bioguideId>
        <fullName>Rep. Fleming, John [R-LA-4]</fullName>
        <lastName>Fleming</lastName>
        <sponsorshipWithdrawnDate />
        <sponsorshipDate>2013-12-12</sponsorshipDate>
        <isOriginalCosponsor>False</isOriginalCosponsor>
      </item>
      <item>
        <middleName />
        <firstName>James</firstName>
        <identifiers>
          <gpoId>8113</gpoId>
          <lisID>2050</lisID>
          <bioguideId>L000575</bioguideId>
        </identifiers>
        <bioguideId>L000575</bioguideId>
        <fullName>Rep. Lankford, James [R-OK-5]</fullName>
        <lastName>Lankford</lastName>
        <sponsorshipWithdrawnDate />
        <sponsorshipDate>2014-01-08</sponsorshipDate>
        <isOriginalCosponsor>False</isOriginalCosponsor>
      </item>
      <item>
        <middleName />
        <firstName>Kevin</firstName>
        <identifiers>
          <gpoId>7951</gpoId>
          <bioguideId>Y000063</bioguideId>
          <lisID>2021</lisID>
        </identifiers>
        <bioguideId>Y000063</bioguideId>
        <fullName>Rep. Yoder, Kevin [R-KS-3]</fullName>
        <lastName>Yoder</lastName>
        <sponsorshipWithdrawnDate />
        <sponsorshipDate>2014-01-27</sponsorshipDate>
        <isOriginalCosponsor>False</isOriginalCosponsor>
      </item>
      <item>
        <middleName />
        <firstName>Aaron</firstName>
        <identifiers>
          <lisID>1920</lisID>
          <bioguideId>S001179</bioguideId>
          <gpoId>7938</gpoId>
        </identifiers>
        <bioguideId>S001179</bioguideId>
        <fullName>Rep. Schock, Aaron [R-IL-18]</fullName>
        <lastName>Schock</lastName>
        <sponsorshipWithdrawnDate />
        <sponsorshipDate>2014-01-28</sponsorshipDate>
        <isOriginalCosponsor>False</isOriginalCosponsor>
      </item>
      <item>
        <middleName />
        <firstName>Rob</firstName>
        <identifiers>
          <bioguideId>W000810</bioguideId>
          <lisID>2008</lisID>
          <gpoId>7904</gpoId>
        </identifiers>
        <bioguideId>W000810</bioguideId>
        <fullName>Rep. Woodall, Rob [R-GA-7]</fullName>
        <lastName>Woodall</lastName>
        <sponsorshipWithdrawnDate />
        <sponsorshipDate>2014-03-11</sponsorshipDate>
        <isOriginalCosponsor>False</isOriginalCosponsor>
      </item>
      <item>
        <middleName />
        <firstName>Scott</firstName>
        <identifiers>
          <bioguideId>D000616</bioguideId>
          <lisID>2062</lisID>
          <gpoId>8151</gpoId>
        </identifiers>
        <bioguideId>D000616</bioguideId>
        <fullName>Rep. DesJarlais, Scott [R-TN-4]</fullName>
        <lastName>DesJarlais</lastName>
        <sponsorshipWithdrawnDate />
        <sponsorshipDate>2014-03-12</sponsorshipDate>
        <isOriginalCosponsor>False</isOriginalCosponsor>
      </item>
      <item>
        <middleName />
        <firstName>DANA</firstName>
        <identifiers>
          <gpoId>7851</gpoId>
          <bioguideId>R000409</bioguideId>
          <lisID>979</lisID>
        </identifiers>
        <bioguideId>R000409</bioguideId>
        <fullName>Rep. Rohrabacher, Dana [R-CA-48]</fullName>
        <lastName>ROHRABACHER</lastName>
        <sponsorshipWithdrawnDate />
        <sponsorshipDate>2014-04-09</sponsorshipDate>
        <isOriginalCosponsor>False</isOriginalCosponsor>
      </item>
      <item>
        <middleName>J.</middleName>
        <firstName>Keith</firstName>
        <identifiers>
          <gpoId />
          <lisID>2158</lisID>
          <bioguideId>R000598</bioguideId>
        </identifiers>
        <bioguideId>R000598</bioguideId>
        <fullName>Rep. Rothfus, Keith J. [R-PA-12]</fullName>
        <lastName>Rothfus</lastName>
        <sponsorshipWithdrawnDate />
        <sponsorshipDate>2014-05-28</sponsorshipDate>
        <isOriginalCosponsor>False</isOriginalCosponsor>
      </item>
      <item>
        <middleName />
        <firstName>Scott</firstName>
        <identifiers>
          <bioguideId>P000605</bioguideId>
          <lisID>2157</lisID>
          <gpoId />
        </identifiers>
        <bioguideId>P000605</bioguideId>
        <fullName>Rep. Perry, Scott [R-PA-4]</fullName>
        <lastName>Perry</lastName>
        <sponsorshipWithdrawnDate />
        <sponsorshipDate>2014-06-18</sponsorshipDate>
        <isOriginalCosponsor>False</isOriginalCosponsor>
      </item>
      <item>
        <middleName />
        <firstName>Mike</firstName>
        <identifiers>
          <lisID>1912</lisID>
          <bioguideId>C001077</bioguideId>
          <gpoId>7864</gpoId>
        </identifiers>
        <bioguideId>C001077</bioguideId>
        <fullName>Rep. Coffman, Mike [R-CO-6]</fullName>
        <lastName>Coffman</lastName>
        <sponsorshipWithdrawnDate />
        <sponsorshipDate>2014-06-19</sponsorshipDate>
        <isOriginalCosponsor>False</isOriginalCosponsor>
      </item>
      <item>
        <middleName />
        <firstName>Tim</firstName>
        <identifiers>
          <bioguideId>M001151</bioguideId>
          <lisID>1744</lisID>
          <gpoId>8723</gpoId>
        </identifiers>
        <bioguideId>M001151</bioguideId>
        <fullName>Rep. Murphy, Tim [R-PA-18]</fullName>
        <lastName>Murphy</lastName>
        <sponsorshipWithdrawnDate />
        <sponsorshipDate>2014-07-28</sponsorshipDate>
        <isOriginalCosponsor>False</isOriginalCosponsor>
      </item>
      <item>
        <middleName>P.</middleName>
        <firstName>David</firstName>
        <identifiers>
          <lisID>2154</lisID>
          <bioguideId>J000295</bioguideId>
          <gpoId />
        </identifiers>
        <bioguideId>J000295</bioguideId>
        <fullName>Rep. Joyce, David P. [R-OH-14]</fullName>
        <lastName>Joyce</lastName>
        <sponsorshipWithdrawnDate />
        <sponsorshipDate>2014-11-13</sponsorshipDate>
        <isOriginalCosponsor>False</isOriginalCosponsor>
      </item>
    </cosponsors>
    <actions>
      <actionTypeCounts>
        <introducedInTheHouse>1</introducedInTheHouse>
        <billReferrals>1</billReferrals>
        <introducedInHouse>1</introducedInHouse>
      </actionTypeCounts>
      <item>
        <committee>
          <name>Oversight and Government Reform Committee</name>
          <systemCode>hsgo00</systemCode>
        </committee>
        <actionCode>H11100</actionCode>
        <type>IntroReferral</type>
        <sourceSystem>
          <name>House floor actions</name>
          <code>2</code>
        </sourceSystem>
        <links />
        <text>Referred to the House Committee on Oversight and Government Reform.</text>
        <actionDate>2013-03-12</actionDate>
      </item>
      <item>
        <committee />
        <actionCode>Intro-H</actionCode>
        <type>IntroReferral</type>
        <sourceSystem>
          <name>Library of Congress</name>
          <code>9</code>
        </sourceSystem>
        <links />
        <text>Introduced in House</text>
        <actionDate>2013-03-12</actionDate>
      </item>
      <item>
        <committee />
        <actionCode>1000</actionCode>
        <type>IntroReferral</type>
        <sourceSystem>
          <name>Library of Congress</name>
          <code>9</code>
        </sourceSystem>
        <links />
        <text>Introduced in House</text>
        <actionDate>2013-03-12</actionDate>
      </item>
      <actionByCounts>
        <houseOfRepresentatives>3</houseOfRepresentatives>
      </actionByCounts>
    </actions>
    <titles>
      <item>
        <parentTitleType />
        <title>To make participation in the American Community Survey voluntary, except with respect to certain basic questions, and for other purposes.</title>
        <chamberName />
        <chamberCode />
        <titleType>Official Title as Introduced</titleType>
      </item>
      <item>
        <parentTitleType />
        <title>To make participation in the American Community Survey voluntary, except with respect to certain basic questions, and for other purposes.</title>
        <chamberName />
        <chamberCode />
        <titleType>Display Title</titleType>
      </item>
    </titles>
    <billType>HR</billType>
    <relatedBills>
      <item>
        <type>S</type>
        <latestTitle>A bill to make participation in the American Community Survey voluntary, except with respect to certain basic questions, and for other purposes.</latestTitle>
        <number>530</number>
        <latestAction>
          <actionDate>2013-03-12</actionDate>
          <text>Read twice and referred to the Committee on Homeland Security and Governmental Affairs.</text>
        </latestAction>
        <congress>113</congress>
        <relationshipDetails>
          <item>
            <type>Identical bill</type>
            <identifiedBy>CRS</identifiedBy>
          </item>
        </relationshipDetails>
      </item>
    </relatedBills>
    <committees>
      <billCommittees>
        <item>
          <name>Oversight and Government Reform Committee</name>
          <subcommittees />
          <chamber>House</chamber>
          <type>Standing</type>
          <systemCode>hsgo00</systemCode>
          <activities>
            <item>
              <name>Referred to</name>
              <date>2013-03-12T16:04:05Z</date>
            </item>
          </activities>
        </item>
      </billCommittees>
    </committees>
  </bill>
  <dublinCore xmlns:dc="http://purl.org/dc/elements/1.1/">
    <dc:format>text/xml</dc:format>
    <dc:language>EN</dc:language>
    <dc:rights>Pursuant to Title 17 Section 105 of the United States Code, this file is not subject to copyright protection and is in the public domain.</dc:rights>
    <dc:contributor>Congressional Research Service, Library of Congress</dc:contributor>
    <dc:description>This file contains bill summaries and statuses for federal legislation. A bill summary describes the most significant provisions of a piece of legislation and details the effects the legislative text may have on current law and federal programs. Bill summaries are authored by the Congressional Research Service (CRS) of the Library of Congress. As stated in Public Law 91-510 (2 USC 166 (d)(6)), one of the duties of CRS is "to prepare summaries and digests of bills and resolutions of a public general nature introduced in the Senate or House of Representatives". For more information, refer to the User Guide that accompanies this file.</dc:description>
  </dublinCore>
</billStatus>

