<?xml version="1.0" encoding="UTF-8"?>
<billStatus>
  <bill>
    <constitutionalAuthorityStatementText><![CDATA[<pre>By Mr. ROSS:H.R. 1197.Congress has the power to enact this legislation pursuantto the following:Clause 3 of Section 8 of the Constitution[Page H1429]</pre>]]></constitutionalAuthorityStatementText>
    <sponsors>
      <item>
        <lastName>Ross</lastName>
        <firstName>Dennis</firstName>
        <identifiers>
          <bioguideId>R000593</bioguideId>
          <lisID>2003</lisID>
          <gpoId>7884</gpoId>
        </identifiers>
        <bioguideId>R000593</bioguideId>
        <middleName>A.</middleName>
        <fullName>Rep. Ross, Dennis A. [R-FL-15]</fullName>
        <byRequestType />
      </item>
    </sponsors>
    <createDate>2013-03-15T07:01:12Z</createDate>
    <subjects>
      <billSubjects>
        <policyArea>
          <name>Taxation</name>
        </policyArea>
        <legislativeSubjects>
          <item>
            <name>Electric power generation and transmission</name>
          </item>
          <item>
            <name>Financial services and investments</name>
          </item>
          <item>
            <name>Income tax exclusion</name>
          </item>
          <item>
            <name>Public utilities and utility rates</name>
          </item>
          <item>
            <name>Securities</name>
          </item>
          <item>
            <name>State and local finance</name>
          </item>
          <item>
            <name>Water use and supply</name>
          </item>
        </legislativeSubjects>
      </billSubjects>
    </subjects>
    <billType>HR</billType>
    <committeeReports />
    <committees>
      <billCommittees>
        <item>
          <activities>
            <item>
              <date>2013-03-14T14:00:39Z</date>
              <name>Referred to</name>
            </item>
          </activities>
          <chamber>House</chamber>
          <type>Standing</type>
          <subcommittees />
          <name>Ways and Means Committee</name>
          <systemCode>hswm00</systemCode>
        </item>
      </billCommittees>
    </committees>
    <cboCostEstimates />
    <amendments />
    <title>To waive the arbitrage rules for certain bonds issued in 1990 and partially defeased in 1996.</title>
    <laws />
    <notes />
    <billNumber>1197</billNumber>
    <originChamber>House</originChamber>
    <cosponsors />
    <calendarNumbers />
    <congress>113</congress>
    <summaries>
      <billSummaries>
        <item>
          <text><![CDATA[<p>Provides that bond arbitrage requirements shall not apply to an issue of bonds that were partially defeased (made void) if: (1) such bonds are redeemed by the governmental issuer within 90 days of the sale of the escrow securities, and (2) any net profit remaining after the proceeds of the sale of the escrow securities have been applied to such redemption is used by the issuer for an essential governmental function within 12 months of such redemption. Makes this waiver applicable to bonds issued on January 4, 1990, that were partially defeased on July 19, 1996, with revenues of a municipally-owned electric and water system.</p>]]></text>
          <actionDesc>Introduced in House</actionDesc>
          <lastSummaryUpdateDate>2013-04-25T20:56:56Z</lastSummaryUpdateDate>
          <versionCode>00</versionCode>
          <actionDate>2013-03-14</actionDate>
          <name>Introduced in House</name>
          <updateDate>2013-03-14T04:00:00Z</updateDate>
        </item>
      </billSummaries>
    </summaries>
    <policyArea>
      <name>Taxation</name>
    </policyArea>
    <titles>
      <item>
        <chamberName />
        <titleType>Official Title as Introduced</titleType>
        <title>To waive the arbitrage rules for certain bonds issued in 1990 and partially defeased in 1996.</title>
        <chamberCode />
        <parentTitleType />
      </item>
      <item>
        <chamberName />
        <titleType>Display Title</titleType>
        <title>To waive the arbitrage rules for certain bonds issued in 1990 and partially defeased in 1996.</title>
        <chamberCode />
        <parentTitleType />
      </item>
    </titles>
    <latestAction>
      <text>Referred to the House Committee on Ways and Means.</text>
      <actionDate>2013-03-14</actionDate>
      <links />
    </latestAction>
    <actions>
      <item>
        <sourceSystem>
          <code>2</code>
          <name>House floor actions</name>
        </sourceSystem>
        <actionDate>2013-03-14</actionDate>
        <committee>
          <systemCode>hswm00</systemCode>
          <name>Ways and Means Committee</name>
        </committee>
        <actionCode>H11100</actionCode>
        <type>IntroReferral</type>
        <links />
        <text>Referred to the House Committee on Ways and Means.</text>
      </item>
      <item>
        <sourceSystem>
          <code>9</code>
          <name>Library of Congress</name>
        </sourceSystem>
        <actionDate>2013-03-14</actionDate>
        <committee />
        <actionCode>Intro-H</actionCode>
        <type>IntroReferral</type>
        <links />
        <text>Introduced in House</text>
      </item>
      <item>
        <sourceSystem>
          <code>9</code>
          <name>Library of Congress</name>
        </sourceSystem>
        <actionDate>2013-03-14</actionDate>
        <committee />
        <actionCode>1000</actionCode>
        <type>IntroReferral</type>
        <links />
        <text>Introduced in House</text>
      </item>
      <actionByCounts>
        <houseOfRepresentatives>3</houseOfRepresentatives>
      </actionByCounts>
      <actionTypeCounts>
        <introducedInHouse>1</introducedInHouse>
        <billReferrals>1</billReferrals>
        <introducedInTheHouse>1</introducedInTheHouse>
      </actionTypeCounts>
    </actions>
    <updateDate>2016-10-25T16:00:59Z</updateDate>
    <recordedVotes />
    <introducedDate>2013-03-14</introducedDate>
    <relatedBills />
  </bill>
  <dublinCore xmlns:dc="http://purl.org/dc/elements/1.1/">
    <dc:format>text/xml</dc:format>
    <dc:language>EN</dc:language>
    <dc:rights>Pursuant to Title 17 Section 105 of the United States Code, this file is not subject to copyright protection and is in the public domain.</dc:rights>
    <dc:contributor>Congressional Research Service, Library of Congress</dc:contributor>
    <dc:description>This file contains bill summaries and statuses for federal legislation. A bill summary describes the most significant provisions of a piece of legislation and details the effects the legislative text may have on current law and federal programs. Bill summaries are authored by the Congressional Research Service (CRS) of the Library of Congress. As stated in Public Law 91-510 (2 USC 166 (d)(6)), one of the duties of CRS is "to prepare summaries and digests of bills and resolutions of a public general nature introduced in the Senate or House of Representatives". For more information, refer to the User Guide that accompanies this file.</dc:description>
  </dublinCore>
</billStatus>

