<?xml version="1.0" encoding="UTF-8"?>
<billStatus>
  <bill>
    <cosponsors />
    <latestAction>
      <actionDate>2013-01-22</actionDate>
      <links />
      <text>Referred to the House Committee on Oversight and Government Reform.</text>
    </latestAction>
    <amendments />
    <laws />
    <createDate>2013-01-23T10:00:52Z</createDate>
    <summaries>
      <billSummaries>
        <item>
          <actionDesc>Introduced in House</actionDesc>
          <actionDate>2013-01-22</actionDate>
          <updateDate>2013-01-22T05:00:00Z</updateDate>
          <versionCode>00</versionCode>
          <lastSummaryUpdateDate>2013-03-01T21:00:46Z</lastSummaryUpdateDate>
          <name>Introduced in House</name>
          <text><![CDATA[<p>District of Columbia Budget Autonomy Act of 2013 - Amends the District of Columbia Home Rule Act to eliminate, with respect to each fiscal year that is not a control year, all federally-imposed mandates over the District of Columbia's: (1) local budget process, financial management, audits, and accountability requirements; and (2) short-term borrowing of money, with specified exceptions.</p> <p>Declares that the process by which the District develops and enacts the District government's budget for a fiscal year, the activities carried out regarding financial management of the District government, and the process and rules by which the District issues bonds or otherwise borrows money shall be established under laws enacted by the District.</p>  <p>Provides that Acts adopting the District government's annual budget for FY2014 and succeeding non-control fiscal years shall take effect upon their prescribed dates. (Thus eliminates congressional review of such Acts).</p> <p>Repeals the federal cap on amounts the District may borrow (other than in a control year).</p> <p>Repeals the application of the Federal Anti-Deficiency Act to the District government. Makes conforming amendments to the Act.</p> <p>Makes conforming amendments to the Financial Services and General Government Appropriations Act, 2009.</p>]]></text>
        </item>
      </billSummaries>
    </summaries>
    <constitutionalAuthorityStatementText><![CDATA[<pre>By Ms. NORTON:H.R. 345.Congress has the power to enact this legislation pursuantto the following:Clause 17 of section 8 of article I of the Constitution.[Page H223]</pre>]]></constitutionalAuthorityStatementText>
    <titles>
      <item>
        <parentTitleType />
        <title>District of Columbia Budget Autonomy Act of 2013</title>
        <chamberName />
        <titleType>Short Titles as Introduced</titleType>
        <chamberCode />
      </item>
      <item>
        <parentTitleType />
        <title>To amend the District of Columbia Home Rule Act to eliminate all federally imposed mandates over the local budget process and financial management of the District of Columbia and the borrowing of money by the District of Columbia.</title>
        <chamberName />
        <titleType>Official Title as Introduced</titleType>
        <chamberCode />
      </item>
      <item>
        <parentTitleType />
        <title>District of Columbia Budget Autonomy Act of 2013</title>
        <chamberName />
        <titleType>Display Title</titleType>
        <chamberCode />
      </item>
    </titles>
    <calendarNumbers />
    <updateDate>2016-10-25T15:58:00Z</updateDate>
    <introducedDate>2013-01-22</introducedDate>
    <recordedVotes />
    <policyArea>
      <name>Government Operations and Politics</name>
    </policyArea>
    <subjects>
      <billSubjects>
        <legislativeSubjects>
          <item>
            <name>Appropriations</name>
          </item>
          <item>
            <name>Budget process</name>
          </item>
          <item>
            <name>Congressional oversight</name>
          </item>
          <item>
            <name>District of Columbia</name>
          </item>
          <item>
            <name>Intergovernmental relations</name>
          </item>
          <item>
            <name>Public contracts and procurement</name>
          </item>
          <item>
            <name>State and local finance</name>
          </item>
          <item>
            <name>State and local government operations</name>
          </item>
        </legislativeSubjects>
        <policyArea>
          <name>Government Operations and Politics</name>
        </policyArea>
      </billSubjects>
    </subjects>
    <actions>
      <actionTypeCounts>
        <placeholderTextForB>1</placeholderTextForB>
        <introducedInTheHouse>1</introducedInTheHouse>
        <billReferrals>1</billReferrals>
        <introducedInHouse>1</introducedInHouse>
      </actionTypeCounts>
      <item>
        <committee>
          <name>Oversight and Government Reform Committee</name>
          <systemCode>hsgo00</systemCode>
        </committee>
        <actionCode>H11100</actionCode>
        <type>IntroReferral</type>
        <sourceSystem>
          <name>House floor actions</name>
          <code>2</code>
        </sourceSystem>
        <links />
        <text>Referred to the House Committee on Oversight and Government Reform.</text>
        <actionDate>2013-01-22</actionDate>
      </item>
      <item>
        <committee />
        <actionCode>B00100</actionCode>
        <type>IntroReferral</type>
        <sourceSystem>
          <name>Library of Congress</name>
          <code>9</code>
        </sourceSystem>
        <links>
          <link>
            <url>/congressional-record/2013/extensions-of-remarks-section/page/E48</url>
            <name>E48</name>
          </link>
        </links>
        <text>Sponsor introductory remarks on measure. (CR E48)</text>
        <actionDate>2013-01-22</actionDate>
      </item>
      <item>
        <committee />
        <actionCode>Intro-H</actionCode>
        <type>IntroReferral</type>
        <sourceSystem>
          <name>Library of Congress</name>
          <code>9</code>
        </sourceSystem>
        <links />
        <text>Introduced in House</text>
        <actionDate>2013-01-22</actionDate>
      </item>
      <item>
        <committee />
        <actionCode>1000</actionCode>
        <type>IntroReferral</type>
        <sourceSystem>
          <name>Library of Congress</name>
          <code>9</code>
        </sourceSystem>
        <links />
        <text>Introduced in House</text>
        <actionDate>2013-01-22</actionDate>
      </item>
      <actionByCounts>
        <houseOfRepresentatives>3</houseOfRepresentatives>
      </actionByCounts>
    </actions>
    <originChamber>House</originChamber>
    <committees>
      <billCommittees>
        <item>
          <activities>
            <item>
              <date>2013-01-22T15:04:25Z</date>
              <name>Referred to</name>
            </item>
          </activities>
          <chamber>House</chamber>
          <type>Standing</type>
          <subcommittees />
          <name>Oversight and Government Reform Committee</name>
          <systemCode>hsgo00</systemCode>
        </item>
      </billCommittees>
    </committees>
    <cboCostEstimates />
    <billType>HR</billType>
    <billNumber>345</billNumber>
    <committeeReports />
    <notes />
    <title>District of Columbia Budget Autonomy Act of 2013</title>
    <congress>113</congress>
    <sponsors>
      <item>
        <lastName>NORTON</lastName>
        <fullName>Rep. Norton, Eleanor Holmes [D-DC-At Large]</fullName>
        <byRequestType />
        <identifiers>
          <gpoId>7871</gpoId>
          <bioguideId>N000147</bioguideId>
          <lisID>868</lisID>
        </identifiers>
        <bioguideId>N000147</bioguideId>
        <firstName>ELEANOR</firstName>
        <middleName>HOLMES</middleName>
      </item>
    </sponsors>
    <relatedBills />
  </bill>
  <dublinCore xmlns:dc="http://purl.org/dc/elements/1.1/">
    <dc:format>text/xml</dc:format>
    <dc:language>EN</dc:language>
    <dc:rights>Pursuant to Title 17 Section 105 of the United States Code, this file is not subject to copyright protection and is in the public domain.</dc:rights>
    <dc:contributor>Congressional Research Service, Library of Congress</dc:contributor>
    <dc:description>This file contains bill summaries and statuses for federal legislation. A bill summary describes the most significant provisions of a piece of legislation and details the effects the legislative text may have on current law and federal programs. Bill summaries are authored by the Congressional Research Service (CRS) of the Library of Congress. As stated in Public Law 91-510 (2 USC 166 (d)(6)), one of the duties of CRS is "to prepare summaries and digests of bills and resolutions of a public general nature introduced in the Senate or House of Representatives". For more information, refer to the User Guide that accompanies this file.</dc:description>
  </dublinCore>
</billStatus>

