<?xml version="1.0" encoding="UTF-8"?>
<billStatus>
  <bill>
    <billNumber>4825</billNumber>
    <titles>
      <item>
        <chamberCode />
        <parentTitleType />
        <titleType>Short Titles as Introduced</titleType>
        <title>Presidential Make it in America Awards Act of 2014</title>
        <chamberName />
      </item>
      <item>
        <chamberCode />
        <parentTitleType />
        <titleType>Official Title as Introduced</titleType>
        <title>To establish Presidential awards to recognize organizations that have made extraordinary efforts to create jobs and strengthen the economy of the United States.</title>
        <chamberName />
      </item>
      <item>
        <chamberCode />
        <parentTitleType />
        <titleType>Display Title</titleType>
        <title>Presidential Make it in America Awards Act of 2014</title>
        <chamberName />
      </item>
    </titles>
    <actions>
      <item>
        <actionDate>2014-06-13</actionDate>
        <committee>
          <systemCode>hsif17</systemCode>
          <name>Commerce, Manufacturing, and Trade Subcommittee</name>
        </committee>
        <links />
        <sourceSystem>
          <name>House committee actions</name>
          <code>1</code>
        </sourceSystem>
        <text>Referred to the Subcommittee on Commerce, Manufacturing, and Trade.</text>
        <type>Committee</type>
      </item>
      <item>
        <committee>
          <systemCode>hsif00</systemCode>
          <name>Energy and Commerce Committee</name>
        </committee>
        <type>IntroReferral</type>
        <links />
        <actionCode>H11100</actionCode>
        <sourceSystem>
          <name>House floor actions</name>
          <code>2</code>
        </sourceSystem>
        <actionDate>2014-06-10</actionDate>
        <text>Referred to the House Committee on Energy and Commerce.</text>
      </item>
      <item>
        <committee />
        <type>IntroReferral</type>
        <links />
        <actionCode>Intro-H</actionCode>
        <sourceSystem>
          <name>Library of Congress</name>
          <code>9</code>
        </sourceSystem>
        <actionDate>2014-06-10</actionDate>
        <text>Introduced in House</text>
      </item>
      <item>
        <committee />
        <type>IntroReferral</type>
        <links />
        <actionCode>1000</actionCode>
        <sourceSystem>
          <name>Library of Congress</name>
          <code>9</code>
        </sourceSystem>
        <actionDate>2014-06-10</actionDate>
        <text>Introduced in House</text>
      </item>
      <actionByCounts>
        <houseOfRepresentatives>4</houseOfRepresentatives>
      </actionByCounts>
      <actionTypeCounts>
        <introducedInTheHouse>1</introducedInTheHouse>
        <placeholderTextForH>1</placeholderTextForH>
        <billReferrals>1</billReferrals>
        <introducedInHouse>1</introducedInHouse>
      </actionTypeCounts>
    </actions>
    <updateDate>2016-10-25T16:13:55Z</updateDate>
    <summaries>
      <billSummaries>
        <item>
          <actionDesc>Introduced in House</actionDesc>
          <actionDate>2014-06-10</actionDate>
          <updateDate>2014-06-10T04:00:00Z</updateDate>
          <versionCode>00</versionCode>
          <lastSummaryUpdateDate>2014-07-18T15:39:28Z</lastSummaryUpdateDate>
          <name>Introduced in House</name>
          <text><![CDATA[<p>Presidential Make it in America Awards Act of 2014 - Establishes the following presidential awards:</p> <ul> <li>the Presidential Reshoring Award, for the best example of a U.S. company that returns manufacturing jobs and operations from overseas to the United States;</li> <li>the Presidential Invest in America Award, for the best example of a U.S. company that invests in significant new domestic manufacturing jobs and operations, and</li> <li>the Presidential Foreign Direct Investment Award, for the best example of a foreign company that invests in U.S. manufacturing jobs and operations.</li> </ul> <p>Authorizes the awards, subject to modification, in the categories of: (1) small business, (2) company or its subsidiary, (3) company which primarily provides services, (4) health care provider, (5) education provider, and (6) nonprofit organization.</p> <p>Limits the awards to one of each in any year to a qualified organization in each eligible category.</p> <p>Requires the Secretary of Commerce to publish on the departmental website information on the successful strategies and programs of organizations that receive these awards.</p>]]></text>
        </item>
      </billSummaries>
    </summaries>
    <sponsors>
      <item>
        <firstName>RICHARD</firstName>
        <fullName>Rep. Nolan, Richard M. [D-MN-8]</fullName>
        <middleName />
        <bioguideId>N000127</bioguideId>
        <byRequestType />
        <lastName>NOLAN</lastName>
        <identifiers>
          <bioguideId>N000127</bioguideId>
          <lisID>867</lisID>
          <gpoId />
        </identifiers>
      </item>
    </sponsors>
    <introducedDate>2014-06-10</introducedDate>
    <notes />
    <committees>
      <billCommittees>
        <item>
          <name>Energy and Commerce Committee</name>
          <subcommittees>
            <item>
              <activities>
                <item>
                  <name>Referred to</name>
                  <date>2014-06-13T16:41:28Z</date>
                </item>
              </activities>
              <systemCode>hsif17</systemCode>
              <name>Commerce, Manufacturing, and Trade Subcommittee</name>
            </item>
          </subcommittees>
          <chamber>House</chamber>
          <type>Standing</type>
          <systemCode>hsif00</systemCode>
          <activities>
            <item>
              <name>Referred to</name>
              <date>2014-06-10T14:01:35Z</date>
            </item>
          </activities>
        </item>
      </billCommittees>
    </committees>
    <congress>113</congress>
    <createDate>2014-06-11T07:11:04Z</createDate>
    <policyArea>
      <name>Commerce</name>
    </policyArea>
    <laws />
    <billType>HR</billType>
    <subjects>
      <billSubjects>
        <policyArea>
          <name>Commerce</name>
        </policyArea>
        <legislativeSubjects>
          <item>
            <name>Business investment and capital</name>
          </item>
          <item>
            <name>Commemorative events and holidays</name>
          </item>
          <item>
            <name>Congressional oversight</name>
          </item>
          <item>
            <name>Corporate finance and management</name>
          </item>
          <item>
            <name>Employee hiring</name>
          </item>
          <item>
            <name>Government information and archives</name>
          </item>
          <item>
            <name>Manufacturing</name>
          </item>
          <item>
            <name>Presidents and presidential powers, Vice Presidents</name>
          </item>
          <item>
            <name>U.S. and foreign investments</name>
          </item>
        </legislativeSubjects>
      </billSubjects>
    </subjects>
    <cosponsors />
    <calendarNumbers />
    <relatedBills />
    <amendments />
    <recordedVotes />
    <title>Presidential Make it in America Awards Act of 2014</title>
    <latestAction>
      <actionDate>2014-06-13</actionDate>
      <text>Referred to the Subcommittee on Commerce, Manufacturing, and Trade.</text>
      <links />
    </latestAction>
    <constitutionalAuthorityStatementText />
    <cboCostEstimates />
    <originChamber>House</originChamber>
    <committeeReports />
  </bill>
  <dublinCore xmlns:dc="http://purl.org/dc/elements/1.1/">
    <dc:format>text/xml</dc:format>
    <dc:language>EN</dc:language>
    <dc:rights>Pursuant to Title 17 Section 105 of the United States Code, this file is not subject to copyright protection and is in the public domain.</dc:rights>
    <dc:contributor>Congressional Research Service, Library of Congress</dc:contributor>
    <dc:description>This file contains bill summaries and statuses for federal legislation. A bill summary describes the most significant provisions of a piece of legislation and details the effects the legislative text may have on current law and federal programs. Bill summaries are authored by the Congressional Research Service (CRS) of the Library of Congress. As stated in Public Law 91-510 (2 USC 166 (d)(6)), one of the duties of CRS is "to prepare summaries and digests of bills and resolutions of a public general nature introduced in the Senate or House of Representatives". For more information, refer to the User Guide that accompanies this file.</dc:description>
  </dublinCore>
</billStatus>

