<?xml version="1.0" encoding="UTF-8"?>
<billStatus>
  <bill>
    <relatedBills />
    <policyArea>
      <name>Government Operations and Politics</name>
    </policyArea>
    <congress>113</congress>
    <cboCostEstimates />
    <laws />
    <billNumber>1166</billNumber>
    <notes />
    <originChamber>House</originChamber>
    <constitutionalAuthorityStatementText><![CDATA[<pre>By Mr. PEARCE:H.R. 1166.Congress has the power to enact this legislation pursuantto the following:Article 4, Section 3, Clause 2 of the Constitution of theUnited States grants Congress the power to enact this law.[Page H1428]</pre>]]></constitutionalAuthorityStatementText>
    <latestAction>
      <actionDate>2013-03-15</actionDate>
      <text>Referred to the Subcommittee on Economic Development, Public Buildings and Emergency Management.</text>
      <links />
    </latestAction>
    <updateDate>2016-10-25T16:00:53Z</updateDate>
    <calendarNumbers />
    <titles>
      <item>
        <parentTitleType />
        <title>To designate the United States courthouse located at 100 North Church Street in Las Cruces, New Mexico, as the "Edwin L. Mechem United States Courthouse".</title>
        <chamberName />
        <titleType>Official Title as Introduced</titleType>
        <chamberCode />
      </item>
      <item>
        <parentTitleType />
        <title>To designate the United States courthouse located at 100 North Church Street in Las Cruces, New Mexico, as the "Edwin L. Mechem United States Courthouse".</title>
        <chamberName />
        <titleType>Display Title</titleType>
        <chamberCode />
      </item>
    </titles>
    <title>To designate the United States courthouse located at 100 North Church Street in Las Cruces, New Mexico, as the "Edwin L. Mechem United States Courthouse".</title>
    <committeeReports />
    <sponsors>
      <item>
        <bioguideId>P000588</bioguideId>
        <fullName>Rep. Pearce, Stevan [R-NM-2]</fullName>
        <identifiers>
          <lisID>1738</lisID>
          <gpoId>8057</gpoId>
          <bioguideId>P000588</bioguideId>
        </identifiers>
        <byRequestType />
        <middleName />
        <firstName>Stevan</firstName>
        <lastName>Pearce</lastName>
      </item>
    </sponsors>
    <introducedDate>2013-03-14</introducedDate>
    <createDate>2013-03-15T07:01:12Z</createDate>
    <committees>
      <billCommittees>
        <item>
          <activities>
            <item>
              <date>2013-03-14T14:03:05Z</date>
              <name>Referred to</name>
            </item>
          </activities>
          <systemCode>hspw00</systemCode>
          <subcommittees>
            <item>
              <activities>
                <item>
                  <date>2013-03-15T14:27:01Z</date>
                  <name>Referred to</name>
                </item>
              </activities>
              <systemCode>hspw13</systemCode>
              <name>Economic Development, Public Buildings and Emergency Management Subcommittee</name>
            </item>
          </subcommittees>
          <type>Standing</type>
          <name>Transportation and Infrastructure Committee</name>
          <chamber>House</chamber>
        </item>
      </billCommittees>
    </committees>
    <cosponsors />
    <billType>HR</billType>
    <summaries>
      <billSummaries>
        <item>
          <updateDate>2013-03-14T04:00:00Z</updateDate>
          <text><![CDATA[<p>Designates the U.S. courthouse located at 100 North Church Street in Las Cruces, New Mexico, as the &quot;Edwin L. Mechem United States Courthouse.&quot;</p>]]></text>
          <actionDate>2013-03-14</actionDate>
          <actionDesc>Introduced in House</actionDesc>
          <name>Introduced in House</name>
          <lastSummaryUpdateDate>2013-04-12T15:32:13Z</lastSummaryUpdateDate>
          <versionCode>00</versionCode>
        </item>
      </billSummaries>
    </summaries>
    <recordedVotes />
    <amendments />
    <actions>
      <item>
        <actionDate>2013-03-15</actionDate>
        <committee>
          <systemCode>hspw13</systemCode>
          <name>Economic Development, Public Buildings and Emergency Management Subcommittee</name>
        </committee>
        <links />
        <sourceSystem>
          <code>1</code>
          <name>House committee actions</name>
        </sourceSystem>
        <text>Referred to the Subcommittee on Economic Development, Public Buildings and Emergency Management.</text>
        <type>Committee</type>
      </item>
      <item>
        <type>IntroReferral</type>
        <sourceSystem>
          <code>2</code>
          <name>House floor actions</name>
        </sourceSystem>
        <text>Referred to the House Committee on Transportation and Infrastructure.</text>
        <committee>
          <systemCode>hspw00</systemCode>
          <name>Transportation and Infrastructure Committee</name>
        </committee>
        <actionDate>2013-03-14</actionDate>
        <links />
        <actionCode>H11100</actionCode>
      </item>
      <item>
        <type>IntroReferral</type>
        <sourceSystem>
          <code>9</code>
          <name>Library of Congress</name>
        </sourceSystem>
        <text>Introduced in House</text>
        <committee />
        <actionDate>2013-03-14</actionDate>
        <links />
        <actionCode>Intro-H</actionCode>
      </item>
      <item>
        <type>IntroReferral</type>
        <sourceSystem>
          <code>9</code>
          <name>Library of Congress</name>
        </sourceSystem>
        <text>Introduced in House</text>
        <committee />
        <actionDate>2013-03-14</actionDate>
        <links />
        <actionCode>1000</actionCode>
      </item>
      <actionTypeCounts>
        <introducedInTheHouse>1</introducedInTheHouse>
        <placeholderTextForH>1</placeholderTextForH>
        <introducedInHouse>1</introducedInHouse>
        <billReferrals>1</billReferrals>
      </actionTypeCounts>
      <actionByCounts>
        <houseOfRepresentatives>4</houseOfRepresentatives>
      </actionByCounts>
    </actions>
    <subjects>
      <billSubjects>
        <policyArea>
          <name>Government Operations and Politics</name>
        </policyArea>
        <legislativeSubjects>
          <item>
            <name>Congressional tributes</name>
          </item>
          <item>
            <name>Government buildings, facilities, and property</name>
          </item>
          <item>
            <name>Judges</name>
          </item>
          <item>
            <name>Members of Congress</name>
          </item>
          <item>
            <name>New Mexico</name>
          </item>
          <item>
            <name>Senate</name>
          </item>
        </legislativeSubjects>
      </billSubjects>
    </subjects>
  </bill>
  <dublinCore xmlns:dc="http://purl.org/dc/elements/1.1/">
    <dc:format>text/xml</dc:format>
    <dc:language>EN</dc:language>
    <dc:rights>Pursuant to Title 17 Section 105 of the United States Code, this file is not subject to copyright protection and is in the public domain.</dc:rights>
    <dc:contributor>Congressional Research Service, Library of Congress</dc:contributor>
    <dc:description>This file contains bill summaries and statuses for federal legislation. A bill summary describes the most significant provisions of a piece of legislation and details the effects the legislative text may have on current law and federal programs. Bill summaries are authored by the Congressional Research Service (CRS) of the Library of Congress. As stated in Public Law 91-510 (2 USC 166 (d)(6)), one of the duties of CRS is "to prepare summaries and digests of bills and resolutions of a public general nature introduced in the Senate or House of Representatives". For more information, refer to the User Guide that accompanies this file.</dc:description>
  </dublinCore>
</billStatus>

