<?xml version="1.0" encoding="UTF-8"?>
<billStatus>
  <bill>
    <constitutionalAuthorityStatementText><![CDATA[<pre>By Mr. McGOVERN:H.R. 881.Congress has the power to enact this legislation pursuantto the following:Article I, Section 8, Clause 1 (to provide for the commonDefense and general Welfare); Article I, Section 8, Clause 14(to make Rules for the government and regulation of the landand naval Forces); and Article I, Section 8, Clause 18 (tomake laws necessary and proper . . . in the Government of theUnited States or in any Department or Officer thereof).[Page H816]</pre>]]></constitutionalAuthorityStatementText>
    <latestAction>
      <links />
      <actionDate>2013-02-28</actionDate>
      <text>Referred to the House Committee on Armed Services.</text>
    </latestAction>
    <congress>113</congress>
    <summaries>
      <billSummaries>
        <item>
          <text><![CDATA[<p>Cluster Munitions Civilian Protection Act of 2013 - Places specified restrictions on the use of cluster munitions. </p> <p>Directs the President, within 90 days after the use of such munitions, to submit to the congressional defense, appropriations, and foreign relations committees a plan for cleaning up any such munitions or submunitions which fail to explode and continue to pose a hazard to civilians.</p>]]></text>
          <name>Introduced in House</name>
          <versionCode>00</versionCode>
          <actionDate>2013-02-28</actionDate>
          <actionDesc>Introduced in House</actionDesc>
          <lastSummaryUpdateDate>2013-03-15T18:51:26Z</lastSummaryUpdateDate>
          <updateDate>2013-02-28T05:00:00Z</updateDate>
        </item>
      </billSummaries>
    </summaries>
    <cboCostEstimates />
    <calendarNumbers />
    <billType>HR</billType>
    <committees>
      <billCommittees>
        <item>
          <type>Standing</type>
          <chamber>House</chamber>
          <systemCode>hsas00</systemCode>
          <subcommittees />
          <activities>
            <item>
              <date>2013-02-28T14:05:40Z</date>
              <name>Referred to</name>
            </item>
          </activities>
          <name>Armed Services Committee</name>
        </item>
      </billCommittees>
    </committees>
    <introducedDate>2013-02-28</introducedDate>
    <recordedVotes />
    <titles>
      <item>
        <title>Cluster Munitions Civilian Protection Act of 2013</title>
        <titleType>Short Titles as Introduced</titleType>
        <parentTitleType />
        <chamberName />
        <chamberCode />
      </item>
      <item>
        <title>To limit the use of cluster munitions.</title>
        <titleType>Official Title as Introduced</titleType>
        <parentTitleType />
        <chamberName />
        <chamberCode />
      </item>
      <item>
        <title>Cluster Munitions Civilian Protection Act of 2013</title>
        <titleType>Display Title</titleType>
        <parentTitleType />
        <chamberName />
        <chamberCode />
      </item>
    </titles>
    <sponsors>
      <item>
        <bioguideId>M000312</bioguideId>
        <fullName>Rep. McGovern, James P. [D-MA-2]</fullName>
        <byRequestType />
        <lastName>MCGOVERN</lastName>
        <firstName>JAMES</firstName>
        <middleName>P.</middleName>
        <identifiers>
          <gpoId>7968</gpoId>
          <lisID>1504</lisID>
          <bioguideId>M000312</bioguideId>
        </identifiers>
      </item>
    </sponsors>
    <laws />
    <originChamber>House</originChamber>
    <createDate>2013-03-01T07:00:52Z</createDate>
    <notes />
    <title>Cluster Munitions Civilian Protection Act of 2013</title>
    <policyArea>
      <name>International Affairs</name>
    </policyArea>
    <billNumber>881</billNumber>
    <committeeReports />
    <subjects>
      <billSubjects>
        <policyArea>
          <name>International Affairs</name>
        </policyArea>
        <legislativeSubjects>
          <item>
            <name>Arms control and nonproliferation</name>
          </item>
          <item>
            <name>Congressional oversight</name>
          </item>
          <item>
            <name>Defense spending</name>
          </item>
          <item>
            <name>Military operations and strategy</name>
          </item>
        </legislativeSubjects>
      </billSubjects>
    </subjects>
    <relatedBills>
      <item>
        <latestAction>
          <text>Read twice and referred to the Committee on Foreign Relations.</text>
          <actionDate>2013-02-28</actionDate>
        </latestAction>
        <congress>113</congress>
        <latestTitle>Cluster Munitions Civilian Protection Act of 2013</latestTitle>
        <relationshipDetails>
          <item>
            <identifiedBy>CRS</identifiedBy>
            <type>Identical bill</type>
          </item>
        </relationshipDetails>
        <number>419</number>
        <type>S</type>
      </item>
      <item>
        <latestAction>
          <text>Referred to the Subcommittee on Crime, Terrorism, Homeland Security, and Investigations.</text>
          <actionDate>2013-07-15</actionDate>
        </latestAction>
        <congress>113</congress>
        <latestTitle>DRONES Act</latestTitle>
        <relationshipDetails>
          <item>
            <identifiedBy>CRS</identifiedBy>
            <type>Related bill</type>
          </item>
        </relationshipDetails>
        <number>2438</number>
        <type>HR</type>
      </item>
    </relatedBills>
    <updateDate>2016-10-25T15:59:48Z</updateDate>
    <amendments />
    <actions>
      <actionTypeCounts>
        <introducedInTheHouse>1</introducedInTheHouse>
        <placeholderTextForB>1</placeholderTextForB>
        <introducedInHouse>1</introducedInHouse>
        <billReferrals>1</billReferrals>
      </actionTypeCounts>
      <item>
        <sourceSystem>
          <name>House floor actions</name>
          <code>2</code>
        </sourceSystem>
        <actionDate>2013-02-28</actionDate>
        <links />
        <text>Referred to the House Committee on Armed Services.</text>
        <type>IntroReferral</type>
        <actionCode>H11100</actionCode>
        <committee>
          <systemCode>hsas00</systemCode>
          <name>Armed Services Committee</name>
        </committee>
      </item>
      <item>
        <sourceSystem>
          <name>Library of Congress</name>
          <code>9</code>
        </sourceSystem>
        <actionDate>2013-02-28</actionDate>
        <links>
          <link>
            <name>E219</name>
            <url>/congressional-record/2013/extensions-of-remarks-section/page/E219</url>
          </link>
        </links>
        <text>Sponsor introductory remarks on measure. (CR E219)</text>
        <type>IntroReferral</type>
        <actionCode>B00100</actionCode>
        <committee />
      </item>
      <item>
        <sourceSystem>
          <name>Library of Congress</name>
          <code>9</code>
        </sourceSystem>
        <actionDate>2013-02-28</actionDate>
        <links />
        <text>Introduced in House</text>
        <type>IntroReferral</type>
        <actionCode>Intro-H</actionCode>
        <committee />
      </item>
      <item>
        <sourceSystem>
          <name>Library of Congress</name>
          <code>9</code>
        </sourceSystem>
        <actionDate>2013-02-28</actionDate>
        <links />
        <text>Introduced in House</text>
        <type>IntroReferral</type>
        <actionCode>1000</actionCode>
        <committee />
      </item>
      <actionByCounts>
        <houseOfRepresentatives>3</houseOfRepresentatives>
      </actionByCounts>
    </actions>
    <cosponsors>
      <item>
        <sponsorshipDate>2013-02-28</sponsorshipDate>
        <lastName>Boustany</lastName>
        <middleName>W.</middleName>
        <firstName>Charles</firstName>
        <fullName>Rep. Boustany, Charles W., Jr. [R-LA-3]</fullName>
        <bioguideId>B001255</bioguideId>
        <identifiers>
          <lisID>1787</lisID>
          <bioguideId>B001255</bioguideId>
          <gpoId>7965</gpoId>
        </identifiers>
        <sponsorshipWithdrawnDate />
        <isOriginalCosponsor>True</isOriginalCosponsor>
      </item>
      <item>
        <sponsorshipDate>2013-02-28</sponsorshipDate>
        <lastName>ISSA</lastName>
        <middleName>E.</middleName>
        <firstName>DARRELL</firstName>
        <fullName>Rep. Issa, Darrell E. [R-CA-49]</fullName>
        <bioguideId>I000056</bioguideId>
        <identifiers>
          <lisID>1640</lisID>
          <gpoId>7854</gpoId>
          <bioguideId>I000056</bioguideId>
        </identifiers>
        <sponsorshipWithdrawnDate />
        <isOriginalCosponsor>True</isOriginalCosponsor>
      </item>
      <item>
        <sponsorshipDate>2013-04-25</sponsorshipDate>
        <lastName>HONDA</lastName>
        <middleName>M.</middleName>
        <firstName>MICHAEL</firstName>
        <fullName>Rep. Honda, Michael M. [D-CA-17]</fullName>
        <bioguideId>H001034</bioguideId>
        <identifiers>
          <bioguideId>H001034</bioguideId>
          <lisID>1634</lisID>
          <gpoId>7820</gpoId>
        </identifiers>
        <sponsorshipWithdrawnDate />
        <isOriginalCosponsor>False</isOriginalCosponsor>
      </item>
    </cosponsors>
  </bill>
  <dublinCore xmlns:dc="http://purl.org/dc/elements/1.1/">
    <dc:format>text/xml</dc:format>
    <dc:language>EN</dc:language>
    <dc:rights>Pursuant to Title 17 Section 105 of the United States Code, this file is not subject to copyright protection and is in the public domain.</dc:rights>
    <dc:contributor>Congressional Research Service, Library of Congress</dc:contributor>
    <dc:description>This file contains bill summaries and statuses for federal legislation. A bill summary describes the most significant provisions of a piece of legislation and details the effects the legislative text may have on current law and federal programs. Bill summaries are authored by the Congressional Research Service (CRS) of the Library of Congress. As stated in Public Law 91-510 (2 USC 166 (d)(6)), one of the duties of CRS is "to prepare summaries and digests of bills and resolutions of a public general nature introduced in the Senate or House of Representatives". For more information, refer to the User Guide that accompanies this file.</dc:description>
  </dublinCore>
</billStatus>

