<?xml version="1.0" encoding="UTF-8"?>
<billStatus>
  <bill>
    <updateDate>2016-10-25T15:57:29Z</updateDate>
    <latestAction>
      <text>Referred to the House Committee on Financial Services.</text>
      <links />
      <actionDate>2013-01-04</actionDate>
    </latestAction>
    <policyArea>
      <name>Housing and Community Development</name>
    </policyArea>
    <constitutionalAuthorityStatementText><![CDATA[<pre>By Ms. KAPTUR:H.R. 189.Congress has the power to enact this legislation pursuantto the following:Article I. Section 8. Clause 3. and Article I. Section 8.Clause 18[Page H54]</pre>]]></constitutionalAuthorityStatementText>
    <introducedDate>2013-01-04</introducedDate>
    <subjects>
      <billSubjects>
        <policyArea>
          <name>Housing and Community Development</name>
        </policyArea>
        <legislativeSubjects>
          <item>
            <name>Congressional oversight</name>
          </item>
          <item>
            <name>Government National Mortgage Association (Ginnie Mae)</name>
          </item>
          <item>
            <name>Government corporations and government-sponsored enterprises</name>
          </item>
          <item>
            <name>Government information and archives</name>
          </item>
          <item>
            <name>Government lending and loan guarantees</name>
          </item>
          <item>
            <name>Government studies and investigations</name>
          </item>
          <item>
            <name>Housing finance and home ownership</name>
          </item>
          <item>
            <name>Land transfers</name>
          </item>
          <item>
            <name>Securities</name>
          </item>
        </legislativeSubjects>
      </billSubjects>
    </subjects>
    <summaries>
      <billSummaries>
        <item>
          <actionDesc>Introduced in House</actionDesc>
          <actionDate>2013-01-04</actionDate>
          <updateDate>2013-01-04T05:00:00Z</updateDate>
          <versionCode>00</versionCode>
          <lastSummaryUpdateDate>2013-02-08T16:58:35Z</lastSummaryUpdateDate>
          <name>Introduced in House</name>
          <text><![CDATA[<p>Transparency and Security in Mortgage Registration Act of 2013 - Amends the National Housing Act to prohibit the Federal National Mortgage Association (Fannie Mae) and the Federal Home Loan Mortgage Corporation (Freddie Mac) from purchasing, acquiring, newly lending on the security of, newly investing in securities consisting of, or otherwise newly dealing in any Mortgage Electronic Registration System, Inc. (MERS) mortgage or mortgages.</p> <p>Prohibits the Government National Mortgage Association (Ginnie Mae) from newly guaranteeing the payment of principal of or interest on any trust certificate or other security based or backed by a trust or pool that contains, or purchase or acquire, any MERS mortgage.</p> <p>Directs Fannie Mae, Freddie Mac, and Ginnie Mae to require all their current MERS mortgages to be assigned to the proper servicer, holder, or creditor.</p> <p>Directs the Secretary of Housing and Urban Development (HUD) to study: (1) the impacts of the lack of electronic records and uniform standards found in local land title recordation systems currently used in the various states; (2) any progress states have made in developing electronic land title recordation systems containing uniform standards; (3) the current oversight role of the federal government in the transfer and recordation of land titles; and (4) the feasibility of creating a federal land title recordation system for property transfers that would maintain all previous records of the land-property without invalidating, interfering with, or preempting state real property law governing the transfer and perfection of land title. </p>]]></text>
        </item>
      </billSummaries>
    </summaries>
    <recordedVotes />
    <notes />
    <billNumber>189</billNumber>
    <committeeReports />
    <calendarNumbers />
    <congress>113</congress>
    <amendments />
    <laws />
    <cboCostEstimates />
    <originChamber>House</originChamber>
    <createDate>2013-01-05T07:00:46Z</createDate>
    <title>Transparency and Security in Mortgage Registration Act of 2013</title>
    <sponsors>
      <item>
        <lastName>KAPTUR</lastName>
        <identifiers>
          <bioguideId>K000009</bioguideId>
          <lisID>616</lisID>
          <gpoId>8099</gpoId>
        </identifiers>
        <firstName>MARCY</firstName>
        <fullName>Rep. Kaptur, Marcy [D-OH-9]</fullName>
        <bioguideId>K000009</bioguideId>
        <middleName />
        <byRequestType />
      </item>
    </sponsors>
    <cosponsors />
    <actions>
      <item>
        <actionDate>2013-01-04</actionDate>
        <committee>
          <name>Financial Services Committee</name>
          <systemCode>hsba00</systemCode>
        </committee>
        <actionCode>H11100</actionCode>
        <links />
        <type>IntroReferral</type>
        <sourceSystem>
          <name>House floor actions</name>
          <code>2</code>
        </sourceSystem>
        <text>Referred to the House Committee on Financial Services.</text>
      </item>
      <item>
        <actionDate>2013-01-04</actionDate>
        <committee />
        <actionCode>Intro-H</actionCode>
        <links />
        <type>IntroReferral</type>
        <sourceSystem>
          <name>Library of Congress</name>
          <code>9</code>
        </sourceSystem>
        <text>Introduced in House</text>
      </item>
      <item>
        <actionDate>2013-01-04</actionDate>
        <committee />
        <actionCode>1000</actionCode>
        <links />
        <type>IntroReferral</type>
        <sourceSystem>
          <name>Library of Congress</name>
          <code>9</code>
        </sourceSystem>
        <text>Introduced in House</text>
      </item>
      <actionByCounts>
        <houseOfRepresentatives>3</houseOfRepresentatives>
      </actionByCounts>
      <actionTypeCounts>
        <introducedInTheHouse>1</introducedInTheHouse>
        <introducedInHouse>1</introducedInHouse>
        <billReferrals>1</billReferrals>
      </actionTypeCounts>
    </actions>
    <titles>
      <item>
        <title>Transparency and Security in Mortgage Registration Act of 2013</title>
        <titleType>Short Titles as Introduced</titleType>
        <parentTitleType />
        <chamberName />
        <chamberCode />
      </item>
      <item>
        <title>To prohibit Fannie Mae, Freddie Mac, and Ginnie Mae from owning or guaranteeing any mortgage that is assigned to the Mortgage Electronic Registration Systems or for which MERS is the mortgagee of record.</title>
        <titleType>Official Title as Introduced</titleType>
        <parentTitleType />
        <chamberName />
        <chamberCode />
      </item>
      <item>
        <title>Transparency and Security in Mortgage Registration Act of 2013</title>
        <titleType>Display Title</titleType>
        <parentTitleType />
        <chamberName />
        <chamberCode />
      </item>
    </titles>
    <billType>HR</billType>
    <relatedBills />
    <committees>
      <billCommittees>
        <item>
          <subcommittees />
          <chamber>House</chamber>
          <systemCode>hsba00</systemCode>
          <type>Standing</type>
          <activities>
            <item>
              <name>Referred to</name>
              <date>2013-01-04T15:06:50Z</date>
            </item>
          </activities>
          <name>Financial Services Committee</name>
        </item>
      </billCommittees>
    </committees>
  </bill>
  <dublinCore xmlns:dc="http://purl.org/dc/elements/1.1/">
    <dc:format>text/xml</dc:format>
    <dc:language>EN</dc:language>
    <dc:rights>Pursuant to Title 17 Section 105 of the United States Code, this file is not subject to copyright protection and is in the public domain.</dc:rights>
    <dc:contributor>Congressional Research Service, Library of Congress</dc:contributor>
    <dc:description>This file contains bill summaries and statuses for federal legislation. A bill summary describes the most significant provisions of a piece of legislation and details the effects the legislative text may have on current law and federal programs. Bill summaries are authored by the Congressional Research Service (CRS) of the Library of Congress. As stated in Public Law 91-510 (2 USC 166 (d)(6)), one of the duties of CRS is "to prepare summaries and digests of bills and resolutions of a public general nature introduced in the Senate or House of Representatives". For more information, refer to the User Guide that accompanies this file.</dc:description>
  </dublinCore>
</billStatus>

