<?xml version="1.0" encoding="UTF-8"?>
<billStatus>
  <bill>
    <updateDate>2016-10-25T15:57:57Z</updateDate>
    <latestAction>
      <text>Referred to the Subcommittee on Crime, Terrorism, Homeland Security, And Investigations.</text>
      <links />
      <actionDate>2013-02-28</actionDate>
    </latestAction>
    <policyArea>
      <name>Crime and Law Enforcement</name>
    </policyArea>
    <constitutionalAuthorityStatementText><![CDATA[<pre>By Mr. FITZPATRICK:H.R. 329.Congress has the power to enact this legislation pursuantto the following:Article I, Section 8, Clause 1The Congress shall have power to lay and collect taxes,duties, imposts and excises, to pay the debts and provide forthe common defense and general welfare of the United States;but all duties, imposts and excises shall be uniformthroughout the United States;[Page H223]</pre>]]></constitutionalAuthorityStatementText>
    <introducedDate>2013-01-22</introducedDate>
    <subjects>
      <billSubjects>
        <policyArea>
          <name>Crime and Law Enforcement</name>
        </policyArea>
        <legislativeSubjects>
          <item>
            <name>Criminal justice information and records</name>
          </item>
          <item>
            <name>Firearms and explosives</name>
          </item>
          <item>
            <name>Government information and archives</name>
          </item>
          <item>
            <name>Intergovernmental relations</name>
          </item>
          <item>
            <name>Law enforcement administration and funding</name>
          </item>
          <item>
            <name>State and local government operations</name>
          </item>
        </legislativeSubjects>
      </billSubjects>
    </subjects>
    <summaries>
      <billSummaries>
        <item>
          <lastSummaryUpdateDate>2013-03-25T21:29:45Z</lastSummaryUpdateDate>
          <text><![CDATA[<p>Strengthening Background Checks Act of 2013 - Amends the NICS Improvement Amendments Act of 2007 to require each state, for each fiscal year after a two-year period after this Act's enactment, to have in effect laws and policies that require it to: (1) provide to the Attorney General not less than 90% of the records relevant to a determination of whether a person is disqualified from possessing or receiving a firearm that are required to be provided under such Act for the National Instant Criminal Background Check System; and (2) provide such records to the Attorney General in the same manner, or in a manner substantially similar to, that in which such records are required to be provided by the state under such Act.</p> <p> Directs the Attorney General to withhold 10% of the Edward Byrne Memorial Justice Assistance Grant funds that would otherwise be allocated to the state if the state fails to comply with such requirements. Authorizes the Attorney General to waive such withholding for a state: (1) for one year if the state provides substantial evidence that it is making a reasonable effort to comply; and (2) for additional one-year periods if the state provides substantial evidence that it is making a reasonable effort to comply and if the Attorney General withholds 5% of the amount that would otherwise be allocated to a state for each one-year period.</p> <p>Authorizes appropriations for FY2012-FY2015 for grants under such Act to states and Indian tribal governments to establish or upgrade information and identification technologies for firearms eligibility determinations. Appropriates such authorized amount for the first fiscal year beginning after enactment of this Act and cancels a corresponding amount of the unobligated balances available under the Department of Justice Assets Forfeiture Fund.</p>]]></text>
          <updateDate>2013-01-22T05:00:00Z</updateDate>
          <actionDesc>Introduced in House</actionDesc>
          <name>Introduced in House</name>
          <versionCode>00</versionCode>
          <actionDate>2013-01-22</actionDate>
        </item>
      </billSummaries>
    </summaries>
    <recordedVotes />
    <notes />
    <billNumber>329</billNumber>
    <committeeReports />
    <calendarNumbers />
    <congress>113</congress>
    <amendments />
    <laws />
    <cboCostEstimates />
    <originChamber>House</originChamber>
    <createDate>2013-01-23T10:00:52Z</createDate>
    <title>Strengthening Background Checks Act of 2013</title>
    <sponsors>
      <item>
        <lastName>Fitzpatrick</lastName>
        <identifiers>
          <bioguideId>F000451</bioguideId>
          <lisID>1797</lisID>
          <gpoId>8126</gpoId>
        </identifiers>
        <firstName>Michael</firstName>
        <fullName>Rep. Fitzpatrick, Michael G. [R-PA-8]</fullName>
        <bioguideId>F000451</bioguideId>
        <middleName>G.</middleName>
        <byRequestType />
      </item>
    </sponsors>
    <cosponsors>
      <item>
        <lastName>Lance</lastName>
        <identifiers>
          <gpoId>8049</gpoId>
          <lisID>1936</lisID>
          <bioguideId>L000567</bioguideId>
        </identifiers>
        <firstName>Leonard</firstName>
        <fullName>Rep. Lance, Leonard [R-NJ-7]</fullName>
        <bioguideId>L000567</bioguideId>
        <sponsorshipDate>2013-03-05</sponsorshipDate>
        <middleName />
        <isOriginalCosponsor>False</isOriginalCosponsor>
        <sponsorshipWithdrawnDate />
      </item>
      <item>
        <lastName>Lynch</lastName>
        <identifiers>
          <bioguideId>L000562</bioguideId>
          <lisID>1686</lisID>
          <gpoId>7974</gpoId>
        </identifiers>
        <firstName>Stephen</firstName>
        <fullName>Rep. Lynch, Stephen F. [D-MA-8]</fullName>
        <bioguideId>L000562</bioguideId>
        <sponsorshipDate>2013-04-09</sponsorshipDate>
        <middleName>F.</middleName>
        <isOriginalCosponsor>False</isOriginalCosponsor>
        <sponsorshipWithdrawnDate />
      </item>
    </cosponsors>
    <actions>
      <item>
        <actionDate>2013-02-28</actionDate>
        <committee>
          <systemCode>hsju08</systemCode>
          <name>Crime, Terrorism, Homeland Security, and Investigations Subcommittee</name>
        </committee>
        <links />
        <sourceSystem>
          <code>1</code>
          <name>House committee actions</name>
        </sourceSystem>
        <text>Referred to the Subcommittee on Crime, Terrorism, Homeland Security, And Investigations.</text>
        <type>Committee</type>
      </item>
      <item>
        <type>IntroReferral</type>
        <sourceSystem>
          <code>2</code>
          <name>House floor actions</name>
        </sourceSystem>
        <text>Referred to the House Committee on the Judiciary.</text>
        <committee>
          <systemCode>hsju00</systemCode>
          <name>Judiciary Committee</name>
        </committee>
        <actionDate>2013-01-22</actionDate>
        <links />
        <actionCode>H11100</actionCode>
      </item>
      <item>
        <type>IntroReferral</type>
        <sourceSystem>
          <code>9</code>
          <name>Library of Congress</name>
        </sourceSystem>
        <text>Introduced in House</text>
        <committee />
        <actionDate>2013-01-22</actionDate>
        <links />
        <actionCode>Intro-H</actionCode>
      </item>
      <item>
        <type>IntroReferral</type>
        <sourceSystem>
          <code>9</code>
          <name>Library of Congress</name>
        </sourceSystem>
        <text>Introduced in House</text>
        <committee />
        <actionDate>2013-01-22</actionDate>
        <links />
        <actionCode>1000</actionCode>
      </item>
      <actionTypeCounts>
        <introducedInTheHouse>1</introducedInTheHouse>
        <placeholderTextForH>1</placeholderTextForH>
        <introducedInHouse>1</introducedInHouse>
        <billReferrals>1</billReferrals>
      </actionTypeCounts>
      <actionByCounts>
        <houseOfRepresentatives>4</houseOfRepresentatives>
      </actionByCounts>
    </actions>
    <titles>
      <item>
        <title>Strengthening Background Checks Act of 2013</title>
        <parentTitleType />
        <chamberName />
        <chamberCode />
        <titleType>Short Titles as Introduced</titleType>
      </item>
      <item>
        <title>To amend the NICS Improvement Amendments Act of 2007 to encourage States to provide records to the National Instant Background Check System.</title>
        <parentTitleType />
        <chamberName />
        <chamberCode />
        <titleType>Official Title as Introduced</titleType>
      </item>
      <item>
        <title>Strengthening Background Checks Act of 2013</title>
        <parentTitleType />
        <chamberName />
        <chamberCode />
        <titleType>Display Title</titleType>
      </item>
    </titles>
    <billType>HR</billType>
    <relatedBills />
    <committees>
      <billCommittees>
        <item>
          <subcommittees>
            <item>
              <name>Crime, Terrorism, Homeland Security, and Investigations Subcommittee</name>
              <activities>
                <item>
                  <name>Referred to</name>
                  <date>2013-02-28T21:27:58Z</date>
                </item>
              </activities>
              <systemCode>hsju08</systemCode>
            </item>
          </subcommittees>
          <name>Judiciary Committee</name>
          <type>Standing</type>
          <activities>
            <item>
              <name>Referred to</name>
              <date>2013-01-22T15:02:45Z</date>
            </item>
          </activities>
          <chamber>House</chamber>
          <systemCode>hsju00</systemCode>
        </item>
      </billCommittees>
    </committees>
  </bill>
  <dublinCore xmlns:dc="http://purl.org/dc/elements/1.1/">
    <dc:format>text/xml</dc:format>
    <dc:language>EN</dc:language>
    <dc:rights>Pursuant to Title 17 Section 105 of the United States Code, this file is not subject to copyright protection and is in the public domain.</dc:rights>
    <dc:contributor>Congressional Research Service, Library of Congress</dc:contributor>
    <dc:description>This file contains bill summaries and statuses for federal legislation. A bill summary describes the most significant provisions of a piece of legislation and details the effects the legislative text may have on current law and federal programs. Bill summaries are authored by the Congressional Research Service (CRS) of the Library of Congress. As stated in Public Law 91-510 (2 USC 166 (d)(6)), one of the duties of CRS is "to prepare summaries and digests of bills and resolutions of a public general nature introduced in the Senate or House of Representatives". For more information, refer to the User Guide that accompanies this file.</dc:description>
  </dublinCore>
</billStatus>

