<?xml version="1.0" encoding="UTF-8"?>
<billStatus>
  <bill>
    <latestAction>
      <actionDate>2013-03-05</actionDate>
      <text>Referred to the House Committee on Ways and Means.</text>
      <links />
    </latestAction>
    <committeeReports />
    <cboCostEstimates />
    <billType>HR</billType>
    <relatedBills />
    <createDate>2013-03-06T07:01:11Z</createDate>
    <title>Main Street Revival Act</title>
    <cosponsors>
      <item>
        <sponsorshipWithdrawnDate />
        <bioguideId>C001092</bioguideId>
        <fullName>Rep. Collins, Chris [R-NY-27]</fullName>
        <lastName>Collins</lastName>
        <isOriginalCosponsor>False</isOriginalCosponsor>
        <identifiers>
          <bioguideId>C001092</bioguideId>
          <lisID>2151</lisID>
          <gpoId />
        </identifiers>
        <middleName />
        <sponsorshipDate>2013-04-25</sponsorshipDate>
        <firstName>Chris</firstName>
      </item>
      <item>
        <sponsorshipWithdrawnDate />
        <bioguideId>G000571</bioguideId>
        <fullName>Rep. Gabbard, Tulsi [D-HI-2]</fullName>
        <lastName>Gabbard</lastName>
        <isOriginalCosponsor>False</isOriginalCosponsor>
        <identifiers>
          <gpoId />
          <bioguideId>G000571</bioguideId>
          <lisID>2122</lisID>
        </identifiers>
        <middleName />
        <sponsorshipDate>2013-05-23</sponsorshipDate>
        <firstName>Tulsi</firstName>
      </item>
      <item>
        <sponsorshipWithdrawnDate />
        <bioguideId>D000619</bioguideId>
        <fullName>Rep. Davis, Rodney [R-IL-13]</fullName>
        <lastName>Davis</lastName>
        <isOriginalCosponsor>False</isOriginalCosponsor>
        <identifiers>
          <lisID>2126</lisID>
          <bioguideId>D000619</bioguideId>
          <gpoId />
        </identifiers>
        <middleName />
        <sponsorshipDate>2013-05-23</sponsorshipDate>
        <firstName>Rodney</firstName>
      </item>
      <item>
        <sponsorshipWithdrawnDate />
        <bioguideId>S001170</bioguideId>
        <fullName>Rep. Shea-Porter, Carol [D-NH-1]</fullName>
        <lastName>Shea-Porter</lastName>
        <isOriginalCosponsor>False</isOriginalCosponsor>
        <identifiers>
          <bioguideId>S001170</bioguideId>
          <lisID>1861</lisID>
          <gpoId>7528</gpoId>
        </identifiers>
        <middleName />
        <sponsorshipDate>2013-06-14</sponsorshipDate>
        <firstName>Carol</firstName>
      </item>
      <item>
        <sponsorshipWithdrawnDate />
        <bioguideId>S001191</bioguideId>
        <fullName>Rep. Sinema, Kyrsten [D-AZ-9]</fullName>
        <lastName>Sinema</lastName>
        <isOriginalCosponsor>False</isOriginalCosponsor>
        <identifiers>
          <lisID>2099</lisID>
          <bioguideId>S001191</bioguideId>
          <gpoId />
        </identifiers>
        <middleName />
        <sponsorshipDate>2013-06-14</sponsorshipDate>
        <firstName>Kyrsten</firstName>
      </item>
      <item>
        <sponsorshipWithdrawnDate />
        <bioguideId>M001185</bioguideId>
        <fullName>Rep. Maloney, Sean Patrick [D-NY-18]</fullName>
        <lastName>Maloney</lastName>
        <isOriginalCosponsor>False</isOriginalCosponsor>
        <identifiers>
          <bioguideId>M001185</bioguideId>
          <lisID>2150</lisID>
          <gpoId />
        </identifiers>
        <middleName>Patrick</middleName>
        <sponsorshipDate>2013-06-28</sponsorshipDate>
        <firstName>Sean</firstName>
      </item>
      <item>
        <sponsorshipWithdrawnDate />
        <bioguideId>C001068</bioguideId>
        <fullName>Rep. Cohen, Steve [D-TN-9]</fullName>
        <lastName>Cohen</lastName>
        <isOriginalCosponsor>False</isOriginalCosponsor>
        <identifiers>
          <lisID>1878</lisID>
          <gpoId>8156</gpoId>
          <bioguideId>C001068</bioguideId>
        </identifiers>
        <middleName />
        <sponsorshipDate>2013-08-02</sponsorshipDate>
        <firstName>Steve</firstName>
      </item>
      <item>
        <sponsorshipWithdrawnDate />
        <bioguideId>P000604</bioguideId>
        <fullName>Rep. Payne, Donald M., Jr. [D-NJ-10]</fullName>
        <lastName>Payne</lastName>
        <isOriginalCosponsor>False</isOriginalCosponsor>
        <identifiers>
          <bioguideId>P000604</bioguideId>
          <lisID>2097</lisID>
          <gpoId>8373</gpoId>
        </identifiers>
        <middleName>M.</middleName>
        <sponsorshipDate>2013-10-04</sponsorshipDate>
        <firstName>Donald</firstName>
      </item>
    </cosponsors>
    <updateDate>2016-10-25T16:00:11Z</updateDate>
    <amendments />
    <originChamber>House</originChamber>
    <subjects>
      <billSubjects>
        <legislativeSubjects>
          <item>
            <name>Economic performance and conditions</name>
          </item>
          <item>
            <name>Employment taxes</name>
          </item>
          <item>
            <name>Small business</name>
          </item>
          <item>
            <name>Tax administration and collection, taxpayers</name>
          </item>
        </legislativeSubjects>
        <policyArea>
          <name>Taxation</name>
        </policyArea>
      </billSubjects>
    </subjects>
    <policyArea>
      <name>Taxation</name>
    </policyArea>
    <congress>113</congress>
    <constitutionalAuthorityStatementText><![CDATA[<pre>By Mr. SWALWELL of California:H.R. 952.Congress has the power to enact this legislation pursuantto the following:Article I, Section 8; Sixteenth Amendment[Page H982]</pre>]]></constitutionalAuthorityStatementText>
    <summaries>
      <billSummaries>
        <item>
          <versionCode>00</versionCode>
          <name>Introduced in House</name>
          <actionDate>2013-03-05</actionDate>
          <updateDate>2013-03-05T05:00:00Z</updateDate>
          <lastSummaryUpdateDate>2013-04-03T18:35:09Z</lastSummaryUpdateDate>
          <text><![CDATA[<p>Main Street Revival Act - Amends the Internal Revenue Code to allow a specified small business to pay its first-year employment taxes in four annual installments. Defines "specified small business" as any HUBZone business (a business operating in a historically underutilized business zone as defined by the Small Business Act) that is not reasonably expected to employ more than 25 full-time employees in its first year of operation.</p>]]></text>
          <actionDesc>Introduced in House</actionDesc>
        </item>
      </billSummaries>
    </summaries>
    <sponsors>
      <item>
        <fullName>Rep. Swalwell, Eric [D-CA-15]</fullName>
        <byRequestType />
        <bioguideId>S001193</bioguideId>
        <firstName>Eric</firstName>
        <middleName />
        <identifiers>
          <lisID>2104</lisID>
          <gpoId />
          <bioguideId>S001193</bioguideId>
        </identifiers>
        <lastName>Swalwell</lastName>
      </item>
    </sponsors>
    <calendarNumbers />
    <laws />
    <introducedDate>2013-03-05</introducedDate>
    <billNumber>952</billNumber>
    <actions>
      <item>
        <type>IntroReferral</type>
        <sourceSystem>
          <code>2</code>
          <name>House floor actions</name>
        </sourceSystem>
        <text>Referred to the House Committee on Ways and Means.</text>
        <committee>
          <systemCode>hswm00</systemCode>
          <name>Ways and Means Committee</name>
        </committee>
        <actionDate>2013-03-05</actionDate>
        <links />
        <actionCode>H11100</actionCode>
      </item>
      <item>
        <type>IntroReferral</type>
        <sourceSystem>
          <code>9</code>
          <name>Library of Congress</name>
        </sourceSystem>
        <text>Introduced in House</text>
        <committee />
        <actionDate>2013-03-05</actionDate>
        <links />
        <actionCode>Intro-H</actionCode>
      </item>
      <item>
        <type>IntroReferral</type>
        <sourceSystem>
          <code>9</code>
          <name>Library of Congress</name>
        </sourceSystem>
        <text>Introduced in House</text>
        <committee />
        <actionDate>2013-03-05</actionDate>
        <links />
        <actionCode>1000</actionCode>
      </item>
      <actionTypeCounts>
        <introducedInTheHouse>1</introducedInTheHouse>
        <introducedInHouse>1</introducedInHouse>
        <billReferrals>1</billReferrals>
      </actionTypeCounts>
      <actionByCounts>
        <houseOfRepresentatives>3</houseOfRepresentatives>
      </actionByCounts>
    </actions>
    <notes />
    <titles>
      <item>
        <title>Main Street Revival Act</title>
        <titleType>Short Titles as Introduced</titleType>
        <parentTitleType />
        <chamberName />
        <chamberCode />
      </item>
      <item>
        <title>To amend the Internal Revenue Code of 1986 to allow small businesses to defer the payment of certain employment taxes.</title>
        <titleType>Official Title as Introduced</titleType>
        <parentTitleType />
        <chamberName />
        <chamberCode />
      </item>
      <item>
        <title>Main Street Revival Act</title>
        <titleType>Display Title</titleType>
        <parentTitleType />
        <chamberName />
        <chamberCode />
      </item>
    </titles>
    <recordedVotes />
    <committees>
      <billCommittees>
        <item>
          <activities>
            <item>
              <date>2013-03-05T15:03:20Z</date>
              <name>Referred to</name>
            </item>
          </activities>
          <chamber>House</chamber>
          <type>Standing</type>
          <subcommittees />
          <name>Ways and Means Committee</name>
          <systemCode>hswm00</systemCode>
        </item>
      </billCommittees>
    </committees>
  </bill>
  <dublinCore xmlns:dc="http://purl.org/dc/elements/1.1/">
    <dc:format>text/xml</dc:format>
    <dc:language>EN</dc:language>
    <dc:rights>Pursuant to Title 17 Section 105 of the United States Code, this file is not subject to copyright protection and is in the public domain.</dc:rights>
    <dc:contributor>Congressional Research Service, Library of Congress</dc:contributor>
    <dc:description>This file contains bill summaries and statuses for federal legislation. A bill summary describes the most significant provisions of a piece of legislation and details the effects the legislative text may have on current law and federal programs. Bill summaries are authored by the Congressional Research Service (CRS) of the Library of Congress. As stated in Public Law 91-510 (2 USC 166 (d)(6)), one of the duties of CRS is "to prepare summaries and digests of bills and resolutions of a public general nature introduced in the Senate or House of Representatives". For more information, refer to the User Guide that accompanies this file.</dc:description>
  </dublinCore>
</billStatus>

