<?xml version="1.0" encoding="UTF-8"?>
<billStatus>
  <bill>
    <titles>
      <item>
        <parentTitleType />
        <title>Arms Sale Responsibility Act of 2013</title>
        <chamberName />
        <titleType>Short Titles as Introduced</titleType>
        <chamberCode />
      </item>
      <item>
        <parentTitleType />
        <title>To prohibit the transfer of defense articles and defense services to the governments of foreign countries that are engaging in gross violations of internationally recognized human rights, and for other purposes.</title>
        <chamberName />
        <titleType>Official Title as Introduced</titleType>
        <chamberCode />
      </item>
      <item>
        <parentTitleType />
        <title>Arms Sale Responsibility Act of 2013</title>
        <chamberName />
        <titleType>Display Title</titleType>
        <chamberCode />
      </item>
    </titles>
    <introducedDate>2013-02-08</introducedDate>
    <notes />
    <calendarNumbers />
    <committees>
      <billCommittees>
        <item>
          <chamber>House</chamber>
          <activities>
            <item>
              <name>Referred to</name>
              <date>2013-02-08T16:00:35Z</date>
            </item>
          </activities>
          <name>Foreign Affairs Committee</name>
          <subcommittees />
          <type>Standing</type>
          <systemCode>hsfa00</systemCode>
        </item>
      </billCommittees>
    </committees>
    <sponsors>
      <item>
        <lastName>Grijalva</lastName>
        <middleName>M.</middleName>
        <bioguideId>G000551</bioguideId>
        <firstName>Raul</firstName>
        <byRequestType />
        <fullName>Rep. Grijalva, Raul M. [D-AZ-3]</fullName>
        <identifiers>
          <gpoId>7804</gpoId>
          <lisID>1708</lisID>
          <bioguideId>G000551</bioguideId>
        </identifiers>
      </item>
    </sponsors>
    <subjects>
      <billSubjects>
        <policyArea>
          <name>International Affairs</name>
        </policyArea>
        <legislativeSubjects>
          <item>
            <name>Arms control and nonproliferation</name>
          </item>
          <item>
            <name>Congressional oversight</name>
          </item>
          <item>
            <name>Human rights</name>
          </item>
          <item>
            <name>International law and treaties</name>
          </item>
          <item>
            <name>Military assistance, sales, and agreements</name>
          </item>
        </legislativeSubjects>
      </billSubjects>
    </subjects>
    <originChamber>House</originChamber>
    <createDate>2013-02-09T07:00:51Z</createDate>
    <congress>113</congress>
    <recordedVotes />
    <billType>HR</billType>
    <actions>
      <item>
        <links />
        <actionCode>H11100</actionCode>
        <committee>
          <systemCode>hsfa00</systemCode>
          <name>Foreign Affairs Committee</name>
        </committee>
        <type>IntroReferral</type>
        <sourceSystem>
          <name>House floor actions</name>
          <code>2</code>
        </sourceSystem>
        <text>Referred to the House Committee on Foreign Affairs.</text>
        <actionDate>2013-02-08</actionDate>
      </item>
      <item>
        <links />
        <actionCode>Intro-H</actionCode>
        <committee />
        <type>IntroReferral</type>
        <sourceSystem>
          <name>Library of Congress</name>
          <code>9</code>
        </sourceSystem>
        <text>Introduced in House</text>
        <actionDate>2013-02-08</actionDate>
      </item>
      <item>
        <links />
        <actionCode>1000</actionCode>
        <committee />
        <type>IntroReferral</type>
        <sourceSystem>
          <name>Library of Congress</name>
          <code>9</code>
        </sourceSystem>
        <text>Introduced in House</text>
        <actionDate>2013-02-08</actionDate>
      </item>
      <actionTypeCounts>
        <billReferrals>1</billReferrals>
        <introducedInHouse>1</introducedInHouse>
        <introducedInTheHouse>1</introducedInTheHouse>
      </actionTypeCounts>
      <actionByCounts>
        <houseOfRepresentatives>3</houseOfRepresentatives>
      </actionByCounts>
    </actions>
    <summaries>
      <billSummaries>
        <item>
          <lastSummaryUpdateDate>2013-03-01T17:02:30Z</lastSummaryUpdateDate>
          <name>Introduced in House</name>
          <actionDesc>Introduced in House</actionDesc>
          <text><![CDATA[<p>Arms Sale Responsibility Act of 2013 - Expresses the sense of Congress that it should be U.S. policy to adhere to a policy of restraint in transferring conventional arms if evidence exists of substantial risk that such arms will be used to commit or facilitate serious violations of international human rights law or international humanitarian law.</p> <p>Urges the President, in negotiating any conventional arms control agreement, to: (1) encourage the national control list of each party to an agreement to cover all types of weaponry, munitions, armaments and related material used for potentially lethal force in military and law enforcement operations; (2) assess each application or proposal to export or internationally transfer arms on a case-by-case basis; (3) deny an arms transfer authorization if there is a substantial risk that the arms will be used to commit or facilitate violations of international human rights law or international humanitarian law; (4) require import and transit state authorizations and certified end use assurances before issuing an export license or authorization for any international transfer of conventional arms; and (6) require each party to an agreement to establish a legal framework for lawful brokering and shipping activities relating to conventional arms transfers. </p> <p>Prohibits, with certain exemptions, the transfer of defense articles or defense services to the government of a foreign country under the Foreign Assistance Act of 1961 or the Arms Export Control Act unless the President certifies to Congress that such government is not: (1) engaging in gross violations of internationally-recognized human rights, and (2) identified by the Secretary of State as having governmental armed forces or government supported armed groups that recruit or use child soldiers.</p>]]></text>
          <actionDate>2013-02-08</actionDate>
          <versionCode>00</versionCode>
          <updateDate>2013-02-08T05:00:00Z</updateDate>
        </item>
      </billSummaries>
    </summaries>
    <constitutionalAuthorityStatementText><![CDATA[<pre>By Mr. GRIJALVA:H.R. 599.Congress has the power to enact this legislation pursuantto the following:U.S. Const. art. I, Sec. Sec. 1 and 8.[Page H432]</pre>]]></constitutionalAuthorityStatementText>
    <relatedBills>
      <item>
        <latestTitle>Arms Sale Responsibility Act of 2013</latestTitle>
        <type>HR</type>
        <number>479</number>
        <latestAction>
          <text>Referred to the House Committee on Foreign Affairs.</text>
          <actionDate>2013-02-04</actionDate>
        </latestAction>
        <relationshipDetails>
          <item>
            <type>Identical bill</type>
            <identifiedBy>CRS</identifiedBy>
          </item>
        </relationshipDetails>
        <congress>113</congress>
      </item>
    </relatedBills>
    <policyArea>
      <name>International Affairs</name>
    </policyArea>
    <updateDate>2016-10-25T15:58:49Z</updateDate>
    <cosponsors>
      <item>
        <lastName>BLUMENAUER</lastName>
        <fullName>Rep. Blumenauer, Earl [D-OR-3]</fullName>
        <bioguideId>B000574</bioguideId>
        <sponsorshipWithdrawnDate />
        <identifiers>
          <bioguideId>B000574</bioguideId>
          <lisID>99</lisID>
          <gpoId>8116</gpoId>
        </identifiers>
        <isOriginalCosponsor>True</isOriginalCosponsor>
        <firstName>EARL</firstName>
        <sponsorshipDate>2013-02-08</sponsorshipDate>
        <middleName />
      </item>
      <item>
        <lastName>DEFAZIO</lastName>
        <fullName>Rep. DeFazio, Peter A. [D-OR-4]</fullName>
        <bioguideId>D000191</bioguideId>
        <sponsorshipWithdrawnDate />
        <identifiers>
          <lisID>279</lisID>
          <bioguideId>D000191</bioguideId>
          <gpoId>8117</gpoId>
        </identifiers>
        <isOriginalCosponsor>True</isOriginalCosponsor>
        <firstName>PETER</firstName>
        <sponsorshipDate>2013-02-08</sponsorshipDate>
        <middleName>A.</middleName>
      </item>
      <item>
        <lastName>HOLT</lastName>
        <fullName>Rep. Holt, Rush [D-NJ-12]</fullName>
        <bioguideId>H001032</bioguideId>
        <sponsorshipWithdrawnDate />
        <identifiers>
          <bioguideId>H001032</bioguideId>
          <lisID>1580</lisID>
          <gpoId>8054</gpoId>
        </identifiers>
        <isOriginalCosponsor>True</isOriginalCosponsor>
        <firstName>RUSH</firstName>
        <sponsorshipDate>2013-02-08</sponsorshipDate>
        <middleName>D.</middleName>
      </item>
      <item>
        <lastName>HONDA</lastName>
        <fullName>Rep. Honda, Michael M. [D-CA-17]</fullName>
        <bioguideId>H001034</bioguideId>
        <sponsorshipWithdrawnDate />
        <identifiers>
          <bioguideId>H001034</bioguideId>
          <lisID>1634</lisID>
          <gpoId>7820</gpoId>
        </identifiers>
        <isOriginalCosponsor>True</isOriginalCosponsor>
        <firstName>MICHAEL</firstName>
        <sponsorshipDate>2013-02-08</sponsorshipDate>
        <middleName>M.</middleName>
      </item>
      <item>
        <lastName>LEE</lastName>
        <fullName>Rep. Lee, Barbara [D-CA-13]</fullName>
        <bioguideId>L000551</bioguideId>
        <sponsorshipWithdrawnDate />
        <identifiers>
          <gpoId>7814</gpoId>
          <bioguideId>L000551</bioguideId>
          <lisID>1501</lisID>
        </identifiers>
        <isOriginalCosponsor>True</isOriginalCosponsor>
        <firstName>BARBARA</firstName>
        <sponsorshipDate>2013-02-08</sponsorshipDate>
        <middleName />
      </item>
      <item>
        <lastName>MCCOLLUM</lastName>
        <fullName>Rep. McCollum, Betty [D-MN-4]</fullName>
        <bioguideId>M001143</bioguideId>
        <sponsorshipWithdrawnDate />
        <identifiers>
          <bioguideId>M001143</bioguideId>
          <lisID>1653</lisID>
          <gpoId>8004</gpoId>
        </identifiers>
        <isOriginalCosponsor>True</isOriginalCosponsor>
        <firstName>BETTY</firstName>
        <sponsorshipDate>2013-02-08</sponsorshipDate>
        <middleName />
      </item>
      <item>
        <lastName>MCGOVERN</lastName>
        <fullName>Rep. McGovern, James P. [D-MA-2]</fullName>
        <bioguideId>M000312</bioguideId>
        <sponsorshipWithdrawnDate />
        <identifiers>
          <bioguideId>M000312</bioguideId>
          <lisID>1504</lisID>
          <gpoId>7968</gpoId>
        </identifiers>
        <isOriginalCosponsor>True</isOriginalCosponsor>
        <firstName>JAMES</firstName>
        <sponsorshipDate>2013-02-08</sponsorshipDate>
        <middleName>P.</middleName>
      </item>
      <item>
        <lastName>NAPOLITANO</lastName>
        <fullName>Rep. Napolitano, Grace F. [D-CA-32]</fullName>
        <bioguideId>N000179</bioguideId>
        <sponsorshipWithdrawnDate />
        <identifiers>
          <gpoId>7843</gpoId>
          <lisID>1602</lisID>
          <bioguideId>N000179</bioguideId>
        </identifiers>
        <isOriginalCosponsor>True</isOriginalCosponsor>
        <firstName>GRACE</firstName>
        <sponsorshipDate>2013-02-08</sponsorshipDate>
        <middleName>F.</middleName>
      </item>
      <item>
        <lastName>Pingree</lastName>
        <fullName>Rep. Pingree, Chellie [D-ME-1]</fullName>
        <bioguideId>P000597</bioguideId>
        <sponsorshipWithdrawnDate />
        <identifiers>
          <lisID>1927</lisID>
          <gpoId>7984</gpoId>
          <bioguideId>P000597</bioguideId>
        </identifiers>
        <isOriginalCosponsor>True</isOriginalCosponsor>
        <firstName>Chellie</firstName>
        <sponsorshipDate>2013-02-08</sponsorshipDate>
        <middleName />
      </item>
      <item>
        <lastName>RANGEL</lastName>
        <fullName>Rep. Rangel, Charles B. [D-NY-13]</fullName>
        <bioguideId>R000053</bioguideId>
        <sponsorshipWithdrawnDate />
        <identifiers>
          <lisID>944</lisID>
          <gpoId>8076</gpoId>
          <bioguideId>R000053</bioguideId>
        </identifiers>
        <isOriginalCosponsor>True</isOriginalCosponsor>
        <firstName>CHARLES</firstName>
        <sponsorshipDate>2013-02-08</sponsorshipDate>
        <middleName>B.</middleName>
      </item>
      <item>
        <lastName>SLAUGHTER</lastName>
        <fullName>Rep. Slaughter, Louise McIntosh [D-NY-25]</fullName>
        <bioguideId>S000480</bioguideId>
        <sponsorshipWithdrawnDate />
        <identifiers>
          <gpoId>8089</gpoId>
          <bioguideId>S000480</bioguideId>
          <lisID>1069</lisID>
        </identifiers>
        <isOriginalCosponsor>True</isOriginalCosponsor>
        <firstName>LOUISE</firstName>
        <sponsorshipDate>2013-02-08</sponsorshipDate>
        <middleName>M.</middleName>
      </item>
      <item>
        <lastName>FARR</lastName>
        <fullName>Rep. Farr, Sam [D-CA-20]</fullName>
        <bioguideId>F000030</bioguideId>
        <sponsorshipWithdrawnDate />
        <identifiers>
          <bioguideId>F000030</bioguideId>
          <lisID>368</lisID>
          <gpoId>7822</gpoId>
        </identifiers>
        <isOriginalCosponsor>True</isOriginalCosponsor>
        <firstName>SAM</firstName>
        <sponsorshipDate>2013-02-08</sponsorshipDate>
        <middleName />
      </item>
      <item>
        <lastName>Ellison</lastName>
        <fullName>Rep. Ellison, Keith [D-MN-5]</fullName>
        <bioguideId>E000288</bioguideId>
        <sponsorshipWithdrawnDate />
        <identifiers>
          <gpoId>8005</gpoId>
          <lisID>1857</lisID>
          <bioguideId>E000288</bioguideId>
        </identifiers>
        <isOriginalCosponsor>True</isOriginalCosponsor>
        <firstName>Keith</firstName>
        <sponsorshipDate>2013-02-08</sponsorshipDate>
        <middleName />
      </item>
      <item>
        <lastName>CONYERS</lastName>
        <fullName>Rep. Conyers, John, Jr. [D-MI-13]</fullName>
        <bioguideId>C000714</bioguideId>
        <sponsorshipWithdrawnDate />
        <identifiers>
          <gpoId>7999</gpoId>
          <bioguideId>C000714</bioguideId>
          <lisID>229</lisID>
        </identifiers>
        <isOriginalCosponsor>False</isOriginalCosponsor>
        <firstName>JOHN</firstName>
        <sponsorshipDate>2013-03-05</sponsorshipDate>
        <middleName />
      </item>
      <item>
        <lastName>Clarke</lastName>
        <fullName>Rep. Clarke, Yvette D. [D-NY-9]</fullName>
        <bioguideId>C001067</bioguideId>
        <sponsorshipWithdrawnDate />
        <identifiers>
          <gpoId>8072</gpoId>
          <bioguideId>C001067</bioguideId>
          <lisID>1864</lisID>
        </identifiers>
        <isOriginalCosponsor>False</isOriginalCosponsor>
        <firstName>Yvette</firstName>
        <sponsorshipDate>2013-03-12</sponsorshipDate>
        <middleName>D.</middleName>
      </item>
      <item>
        <lastName>Payne</lastName>
        <fullName>Rep. Payne, Donald M., Jr. [D-NJ-10]</fullName>
        <bioguideId>P000604</bioguideId>
        <sponsorshipWithdrawnDate />
        <identifiers>
          <lisID>2097</lisID>
          <bioguideId>P000604</bioguideId>
          <gpoId>8373</gpoId>
        </identifiers>
        <isOriginalCosponsor>False</isOriginalCosponsor>
        <firstName>Donald</firstName>
        <sponsorshipDate>2013-03-14</sponsorshipDate>
        <middleName>M.</middleName>
      </item>
      <item>
        <lastName>Bass</lastName>
        <fullName>Rep. Bass, Karen [D-CA-37]</fullName>
        <bioguideId>B001270</bioguideId>
        <sponsorshipWithdrawnDate />
        <identifiers>
          <gpoId>7838</gpoId>
          <lisID>1996</lisID>
          <bioguideId>B001270</bioguideId>
        </identifiers>
        <isOriginalCosponsor>False</isOriginalCosponsor>
        <firstName>Karen</firstName>
        <sponsorshipDate>2013-03-18</sponsorshipDate>
        <middleName />
      </item>
      <item>
        <lastName>WATERS</lastName>
        <fullName>Rep. Waters, Maxine [D-CA-43]</fullName>
        <bioguideId>W000187</bioguideId>
        <sponsorshipWithdrawnDate />
        <identifiers>
          <bioguideId>W000187</bioguideId>
          <lisID>1205</lisID>
          <gpoId>7840</gpoId>
        </identifiers>
        <isOriginalCosponsor>False</isOriginalCosponsor>
        <firstName>MAXINE</firstName>
        <sponsorshipDate>2013-07-16</sponsorshipDate>
        <middleName />
      </item>
    </cosponsors>
    <cboCostEstimates />
    <latestAction>
      <text>Referred to the House Committee on Foreign Affairs.</text>
      <actionDate>2013-02-08</actionDate>
      <links />
    </latestAction>
    <committeeReports />
    <title>Arms Sale Responsibility Act of 2013</title>
    <amendments />
    <laws />
    <billNumber>599</billNumber>
  </bill>
  <dublinCore xmlns:dc="http://purl.org/dc/elements/1.1/">
    <dc:format>text/xml</dc:format>
    <dc:language>EN</dc:language>
    <dc:rights>Pursuant to Title 17 Section 105 of the United States Code, this file is not subject to copyright protection and is in the public domain.</dc:rights>
    <dc:contributor>Congressional Research Service, Library of Congress</dc:contributor>
    <dc:description>This file contains bill summaries and statuses for federal legislation. A bill summary describes the most significant provisions of a piece of legislation and details the effects the legislative text may have on current law and federal programs. Bill summaries are authored by the Congressional Research Service (CRS) of the Library of Congress. As stated in Public Law 91-510 (2 USC 166 (d)(6)), one of the duties of CRS is "to prepare summaries and digests of bills and resolutions of a public general nature introduced in the Senate or House of Representatives". For more information, refer to the User Guide that accompanies this file.</dc:description>
  </dublinCore>
</billStatus>

