<?xml version="1.0" encoding="UTF-8"?>
<billStatus>
  <bill>
    <latestAction>
      <actionDate>2013-02-05</actionDate>
      <text>Referred to the House Committee on Ways and Means.</text>
      <links />
    </latestAction>
    <committeeReports />
    <cboCostEstimates />
    <billType>HR</billType>
    <relatedBills>
      <item>
        <relationshipDetails>
          <item>
            <type>Related bill</type>
            <identifiedBy>CRS</identifiedBy>
          </item>
        </relationshipDetails>
        <latestAction>
          <text>Read twice and referred to the Committee on Finance.</text>
          <actionDate>2013-04-09</actionDate>
        </latestAction>
        <latestTitle>Free File Program Act of 2013</latestTitle>
        <congress>113</congress>
        <number>669</number>
        <type>S</type>
      </item>
    </relatedBills>
    <createDate>2013-02-06T07:00:55Z</createDate>
    <title>Free File Program Act of 2013</title>
    <cosponsors>
      <item>
        <lastName>KIND</lastName>
        <sponsorshipDate>2013-02-05</sponsorshipDate>
        <firstName>RON</firstName>
        <identifiers>
          <bioguideId>K000188</bioguideId>
          <lisID>1498</lisID>
          <gpoId>8216</gpoId>
        </identifiers>
        <isOriginalCosponsor>True</isOriginalCosponsor>
        <bioguideId>K000188</bioguideId>
        <fullName>Rep. Kind, Ron [D-WI-3]</fullName>
        <middleName />
        <sponsorshipWithdrawnDate />
      </item>
      <item>
        <lastName>Loebsack</lastName>
        <sponsorshipDate>2013-02-25</sponsorshipDate>
        <firstName>David</firstName>
        <identifiers>
          <bioguideId>L000565</bioguideId>
          <lisID>1846</lisID>
          <gpoId>7915</gpoId>
        </identifiers>
        <isOriginalCosponsor>False</isOriginalCosponsor>
        <bioguideId>L000565</bioguideId>
        <fullName>Rep. Loebsack, David [D-IA-2]</fullName>
        <middleName />
        <sponsorshipWithdrawnDate />
      </item>
      <item>
        <lastName>Schock</lastName>
        <sponsorshipDate>2013-02-25</sponsorshipDate>
        <firstName>Aaron</firstName>
        <identifiers>
          <lisID>1920</lisID>
          <gpoId>7938</gpoId>
          <bioguideId>S001179</bioguideId>
        </identifiers>
        <isOriginalCosponsor>False</isOriginalCosponsor>
        <bioguideId>S001179</bioguideId>
        <fullName>Rep. Schock, Aaron [R-IL-18]</fullName>
        <middleName />
        <sponsorshipWithdrawnDate />
      </item>
      <item>
        <lastName>Boustany</lastName>
        <sponsorshipDate>2013-02-25</sponsorshipDate>
        <firstName>Charles</firstName>
        <identifiers>
          <lisID>1787</lisID>
          <bioguideId>B001255</bioguideId>
          <gpoId>7965</gpoId>
        </identifiers>
        <isOriginalCosponsor>False</isOriginalCosponsor>
        <bioguideId>B001255</bioguideId>
        <fullName>Rep. Boustany, Charles W., Jr. [R-LA-3]</fullName>
        <middleName>W.</middleName>
        <sponsorshipWithdrawnDate />
      </item>
      <item>
        <lastName>JONES</lastName>
        <sponsorshipDate>2013-02-25</sponsorshipDate>
        <firstName>WALTER</firstName>
        <identifiers>
          <gpoId>8026</gpoId>
          <bioguideId>J000255</bioguideId>
          <lisID>612</lisID>
        </identifiers>
        <isOriginalCosponsor>False</isOriginalCosponsor>
        <bioguideId>J000255</bioguideId>
        <fullName>Rep. Jones, Walter B., Jr. [R-NC-3]</fullName>
        <middleName>B.</middleName>
        <sponsorshipWithdrawnDate />
      </item>
      <item>
        <lastName>Farenthold</lastName>
        <sponsorshipDate>2013-02-25</sponsorshipDate>
        <firstName>Blake</firstName>
        <identifiers>
          <gpoId>8183</gpoId>
          <bioguideId>F000460</bioguideId>
          <lisID>2067</lisID>
        </identifiers>
        <isOriginalCosponsor>False</isOriginalCosponsor>
        <bioguideId>F000460</bioguideId>
        <fullName>Rep. Farenthold, Blake [R-TX-27]</fullName>
        <middleName />
        <sponsorshipWithdrawnDate />
      </item>
      <item>
        <lastName>ROS-LEHTINEN</lastName>
        <sponsorshipDate>2013-02-25</sponsorshipDate>
        <firstName>ILEANA</firstName>
        <identifiers>
          <bioguideId>R000435</bioguideId>
          <lisID>985</lisID>
          <gpoId>7890</gpoId>
        </identifiers>
        <isOriginalCosponsor>False</isOriginalCosponsor>
        <bioguideId>R000435</bioguideId>
        <fullName>Rep. Ros-Lehtinen, Ileana [R-FL-27]</fullName>
        <middleName />
        <sponsorshipWithdrawnDate />
      </item>
      <item>
        <lastName>Hanna</lastName>
        <sponsorshipDate>2013-02-25</sponsorshipDate>
        <firstName>Richard</firstName>
        <identifiers>
          <bioguideId>H001051</bioguideId>
          <lisID>2044</lisID>
          <gpoId>8085</gpoId>
        </identifiers>
        <isOriginalCosponsor>False</isOriginalCosponsor>
        <bioguideId>H001051</bioguideId>
        <fullName>Rep. Hanna, Richard L. [R-NY-22]</fullName>
        <middleName>L.</middleName>
        <sponsorshipWithdrawnDate />
      </item>
      <item>
        <lastName>MORAN</lastName>
        <sponsorshipDate>2013-02-25</sponsorshipDate>
        <firstName>JAMES</firstName>
        <identifiers>
          <bioguideId>M000933</bioguideId>
          <lisID>832</lisID>
          <gpoId>8199</gpoId>
        </identifiers>
        <isOriginalCosponsor>False</isOriginalCosponsor>
        <bioguideId>M000933</bioguideId>
        <fullName>Rep. Moran, James P. [D-VA-8]</fullName>
        <middleName>P.</middleName>
        <sponsorshipWithdrawnDate />
      </item>
      <item>
        <lastName>RANGEL</lastName>
        <sponsorshipDate>2013-02-25</sponsorshipDate>
        <firstName>CHARLES</firstName>
        <identifiers>
          <lisID>944</lisID>
          <bioguideId>R000053</bioguideId>
          <gpoId>8076</gpoId>
        </identifiers>
        <isOriginalCosponsor>False</isOriginalCosponsor>
        <bioguideId>R000053</bioguideId>
        <fullName>Rep. Rangel, Charles B. [D-NY-13]</fullName>
        <middleName>B.</middleName>
        <sponsorshipWithdrawnDate />
      </item>
      <item>
        <lastName>CRENSHAW</lastName>
        <sponsorshipDate>2013-02-25</sponsorshipDate>
        <firstName>ANDER</firstName>
        <identifiers>
          <bioguideId>C001045</bioguideId>
          <lisID>1643</lisID>
          <gpoId>7876</gpoId>
        </identifiers>
        <isOriginalCosponsor>False</isOriginalCosponsor>
        <bioguideId>C001045</bioguideId>
        <fullName>Rep. Crenshaw, Ander [R-FL-4]</fullName>
        <middleName />
        <sponsorshipWithdrawnDate />
      </item>
      <item>
        <lastName>Griffin</lastName>
        <sponsorshipDate>2013-02-25</sponsorshipDate>
        <firstName>Tim</firstName>
        <identifiers>
          <bioguideId>G000567</bioguideId>
          <lisID>1990</lisID>
          <gpoId>7794</gpoId>
        </identifiers>
        <isOriginalCosponsor>False</isOriginalCosponsor>
        <bioguideId>G000567</bioguideId>
        <fullName>Rep. Griffin, Tim [R-AR-2]</fullName>
        <middleName />
        <sponsorshipWithdrawnDate />
      </item>
      <item>
        <lastName>Walberg</lastName>
        <sponsorshipDate>2013-02-25</sponsorshipDate>
        <firstName>Tim</firstName>
        <identifiers>
          <lisID>1855</lisID>
          <bioguideId>W000798</bioguideId>
          <gpoId>7992</gpoId>
        </identifiers>
        <isOriginalCosponsor>False</isOriginalCosponsor>
        <bioguideId>W000798</bioguideId>
        <fullName>Rep. Walberg, Tim [R-MI-7]</fullName>
        <middleName />
        <sponsorshipWithdrawnDate />
      </item>
      <item>
        <lastName>Paulsen</lastName>
        <sponsorshipDate>2013-02-25</sponsorshipDate>
        <firstName>Erik</firstName>
        <identifiers>
          <gpoId>8003</gpoId>
          <bioguideId>P000594</bioguideId>
          <lisID>1930</lisID>
        </identifiers>
        <isOriginalCosponsor>False</isOriginalCosponsor>
        <bioguideId>P000594</bioguideId>
        <fullName>Rep. Paulsen, Erik [R-MN-3]</fullName>
        <middleName />
        <sponsorshipWithdrawnDate />
      </item>
      <item>
        <lastName>WALDEN</lastName>
        <sponsorshipDate>2013-02-25</sponsorshipDate>
        <firstName>GREG</firstName>
        <identifiers>
          <gpoId>8115</gpoId>
          <lisID>1596</lisID>
          <bioguideId>W000791</bioguideId>
        </identifiers>
        <isOriginalCosponsor>False</isOriginalCosponsor>
        <bioguideId>W000791</bioguideId>
        <fullName>Rep. Walden, Greg [R-OR-2]</fullName>
        <middleName />
        <sponsorshipWithdrawnDate />
      </item>
      <item>
        <lastName>Gerlach</lastName>
        <sponsorshipDate>2013-02-25</sponsorshipDate>
        <firstName>Jim</firstName>
        <identifiers>
          <bioguideId>G000549</bioguideId>
          <lisID>1743</lisID>
          <gpoId>8124</gpoId>
        </identifiers>
        <isOriginalCosponsor>False</isOriginalCosponsor>
        <bioguideId>G000549</bioguideId>
        <fullName>Rep. Gerlach, Jim [R-PA-6]</fullName>
        <middleName />
        <sponsorshipWithdrawnDate />
      </item>
      <item>
        <lastName>SANCHEZ</lastName>
        <sponsorshipDate>2013-02-25</sponsorshipDate>
        <firstName>LINDA</firstName>
        <identifiers>
          <bioguideId>S001156</bioguideId>
          <lisID>1757</lisID>
          <gpoId>7844</gpoId>
        </identifiers>
        <isOriginalCosponsor>False</isOriginalCosponsor>
        <bioguideId>S001156</bioguideId>
        <fullName>Rep. Sanchez, Linda T. [D-CA-38]</fullName>
        <middleName>T.</middleName>
        <sponsorshipWithdrawnDate />
      </item>
      <item>
        <lastName>SLAUGHTER</lastName>
        <sponsorshipDate>2013-02-25</sponsorshipDate>
        <firstName>LOUISE</firstName>
        <identifiers>
          <bioguideId>S000480</bioguideId>
          <lisID>1069</lisID>
          <gpoId>8089</gpoId>
        </identifiers>
        <isOriginalCosponsor>False</isOriginalCosponsor>
        <bioguideId>S000480</bioguideId>
        <fullName>Rep. Slaughter, Louise McIntosh [D-NY-25]</fullName>
        <middleName>M.</middleName>
        <sponsorshipWithdrawnDate />
      </item>
      <item>
        <lastName>Westmoreland</lastName>
        <sponsorshipDate>2013-04-16</sponsorshipDate>
        <firstName>Lynn</firstName>
        <identifiers>
          <bioguideId>W000796</bioguideId>
          <lisID>1779</lisID>
          <gpoId>7900</gpoId>
        </identifiers>
        <isOriginalCosponsor>False</isOriginalCosponsor>
        <bioguideId>W000796</bioguideId>
        <fullName>Rep. Westmoreland, Lynn A. [R-GA-3]</fullName>
        <middleName>A.</middleName>
        <sponsorshipWithdrawnDate />
      </item>
      <item>
        <lastName>Shea-Porter</lastName>
        <sponsorshipDate>2013-04-16</sponsorshipDate>
        <firstName>Carol</firstName>
        <identifiers>
          <gpoId>7528</gpoId>
          <bioguideId>S001170</bioguideId>
          <lisID>1861</lisID>
        </identifiers>
        <isOriginalCosponsor>False</isOriginalCosponsor>
        <bioguideId>S001170</bioguideId>
        <fullName>Rep. Shea-Porter, Carol [D-NH-1]</fullName>
        <middleName />
        <sponsorshipWithdrawnDate />
      </item>
      <item>
        <lastName>Chu</lastName>
        <sponsorshipDate>2013-04-16</sponsorshipDate>
        <firstName>Judy</firstName>
        <identifiers>
          <lisID>1970</lisID>
          <bioguideId>C001080</bioguideId>
          <gpoId>7837</gpoId>
        </identifiers>
        <isOriginalCosponsor>False</isOriginalCosponsor>
        <bioguideId>C001080</bioguideId>
        <fullName>Rep. Chu, Judy [D-CA-27]</fullName>
        <middleName />
        <sponsorshipWithdrawnDate />
      </item>
      <item>
        <lastName>Duncan</lastName>
        <sponsorshipDate>2013-04-16</sponsorshipDate>
        <firstName>Jeff</firstName>
        <identifiers>
          <gpoId>8143</gpoId>
          <lisID>2057</lisID>
          <bioguideId>D000615</bioguideId>
        </identifiers>
        <isOriginalCosponsor>False</isOriginalCosponsor>
        <bioguideId>D000615</bioguideId>
        <fullName>Rep. Duncan, Jeff [R-SC-3]</fullName>
        <middleName />
        <sponsorshipWithdrawnDate />
      </item>
      <item>
        <lastName>Diaz-Balart</lastName>
        <sponsorshipDate>2013-04-16</sponsorshipDate>
        <firstName>Mario</firstName>
        <identifiers>
          <gpoId>7893</gpoId>
          <bioguideId>D000600</bioguideId>
          <lisID>1717</lisID>
        </identifiers>
        <isOriginalCosponsor>False</isOriginalCosponsor>
        <bioguideId>D000600</bioguideId>
        <fullName>Rep. Diaz-Balart, Mario [R-FL-25]</fullName>
        <middleName />
        <sponsorshipWithdrawnDate />
      </item>
      <item>
        <lastName>Johnson</lastName>
        <sponsorshipDate>2013-04-16</sponsorshipDate>
        <firstName>Henry</firstName>
        <identifiers>
          <bioguideId>J000288</bioguideId>
          <lisID>1843</lisID>
          <gpoId>7901</gpoId>
        </identifiers>
        <isOriginalCosponsor>False</isOriginalCosponsor>
        <bioguideId>J000288</bioguideId>
        <fullName>Rep. Johnson, Henry C. "Hank," Jr. [D-GA-4]</fullName>
        <middleName>C. "Hank"</middleName>
        <sponsorshipWithdrawnDate />
      </item>
      <item>
        <lastName>Rokita</lastName>
        <sponsorshipDate>2013-04-16</sponsorshipDate>
        <firstName>Todd</firstName>
        <identifiers>
          <gpoId>7943</gpoId>
          <bioguideId>R000592</bioguideId>
          <lisID>2017</lisID>
        </identifiers>
        <isOriginalCosponsor>False</isOriginalCosponsor>
        <bioguideId>R000592</bioguideId>
        <fullName>Rep. Rokita, Todd [R-IN-4]</fullName>
        <middleName />
        <sponsorshipWithdrawnDate />
      </item>
      <item>
        <lastName>Blackburn</lastName>
        <sponsorshipDate>2013-04-16</sponsorshipDate>
        <firstName>Marsha</firstName>
        <identifiers>
          <bioguideId>B001243</bioguideId>
          <lisID>1748</lisID>
          <gpoId>8154</gpoId>
        </identifiers>
        <isOriginalCosponsor>False</isOriginalCosponsor>
        <bioguideId>B001243</bioguideId>
        <fullName>Rep. Blackburn, Marsha [R-TN-7]</fullName>
        <middleName />
        <sponsorshipWithdrawnDate />
      </item>
      <item>
        <lastName>Nunes</lastName>
        <sponsorshipDate>2013-04-17</sponsorshipDate>
        <firstName>Devin</firstName>
        <identifiers>
          <bioguideId>N000181</bioguideId>
          <lisID>1710</lisID>
          <gpoId>7826</gpoId>
        </identifiers>
        <isOriginalCosponsor>False</isOriginalCosponsor>
        <bioguideId>N000181</bioguideId>
        <fullName>Rep. Nunes, Devin [R-CA-22]</fullName>
        <middleName />
        <sponsorshipWithdrawnDate />
      </item>
      <item>
        <lastName>CROWLEY</lastName>
        <sponsorshipDate>2013-04-18</sponsorshipDate>
        <firstName>JOSEPH</firstName>
        <identifiers>
          <gpoId>8068</gpoId>
          <bioguideId>C001038</bioguideId>
          <lisID>1604</lisID>
        </identifiers>
        <isOriginalCosponsor>False</isOriginalCosponsor>
        <bioguideId>C001038</bioguideId>
        <fullName>Rep. Crowley, Joseph [D-NY-14]</fullName>
        <middleName />
        <sponsorshipWithdrawnDate />
      </item>
      <item>
        <lastName>KING</lastName>
        <sponsorshipDate>2013-04-18</sponsorshipDate>
        <firstName>PETER</firstName>
        <identifiers>
          <bioguideId>K000210</bioguideId>
          <lisID>635</lisID>
          <gpoId>8064</gpoId>
        </identifiers>
        <isOriginalCosponsor>False</isOriginalCosponsor>
        <bioguideId>K000210</bioguideId>
        <fullName>Rep. King, Peter T. [R-NY-2]</fullName>
        <middleName>T.</middleName>
        <sponsorshipWithdrawnDate />
      </item>
      <item>
        <lastName>LUCAS</lastName>
        <sponsorshipDate>2013-04-18</sponsorshipDate>
        <firstName>FRANK</firstName>
        <identifiers>
          <lisID>711</lisID>
          <gpoId>8111</gpoId>
          <bioguideId>L000491</bioguideId>
        </identifiers>
        <isOriginalCosponsor>False</isOriginalCosponsor>
        <bioguideId>L000491</bioguideId>
        <fullName>Rep. Lucas, Frank D. [R-OK-3]</fullName>
        <middleName>D.</middleName>
        <sponsorshipWithdrawnDate />
      </item>
      <item>
        <lastName>Schwartz</lastName>
        <sponsorshipDate>2013-04-18</sponsorshipDate>
        <firstName>Allyson</firstName>
        <identifiers>
          <gpoId>8131</gpoId>
          <bioguideId>S001162</bioguideId>
          <lisID>1798</lisID>
        </identifiers>
        <isOriginalCosponsor>False</isOriginalCosponsor>
        <bioguideId>S001162</bioguideId>
        <fullName>Rep. Schwartz, Allyson Y. [D-PA-13]</fullName>
        <middleName>Y.</middleName>
        <sponsorshipWithdrawnDate />
      </item>
      <item>
        <lastName>Kinzinger</lastName>
        <sponsorshipDate>2013-04-18</sponsorshipDate>
        <firstName>Adam</firstName>
        <identifiers>
          <bioguideId>K000378</bioguideId>
          <lisID>2014</lisID>
          <gpoId>7931</gpoId>
        </identifiers>
        <isOriginalCosponsor>False</isOriginalCosponsor>
        <bioguideId>K000378</bioguideId>
        <fullName>Rep. Kinzinger, Adam [R-IL-16]</fullName>
        <middleName />
        <sponsorshipWithdrawnDate />
      </item>
      <item>
        <lastName>Flores</lastName>
        <sponsorshipDate>2013-04-18</sponsorshipDate>
        <firstName>Bill</firstName>
        <identifiers>
          <gpoId>8173</gpoId>
          <bioguideId>F000461</bioguideId>
          <lisID>2065</lisID>
        </identifiers>
        <isOriginalCosponsor>False</isOriginalCosponsor>
        <bioguideId>F000461</bioguideId>
        <fullName>Rep. Flores, Bill [R-TX-17]</fullName>
        <middleName />
        <sponsorshipWithdrawnDate />
      </item>
      <item>
        <lastName>Meadows</lastName>
        <sponsorshipDate>2013-04-23</sponsorshipDate>
        <firstName>Mark</firstName>
        <identifiers>
          <bioguideId>M001187</bioguideId>
          <lisID>2142</lisID>
          <gpoId />
        </identifiers>
        <isOriginalCosponsor>False</isOriginalCosponsor>
        <bioguideId>M001187</bioguideId>
        <fullName>Rep. Meadows, Mark [R-NC-11]</fullName>
        <middleName />
        <sponsorshipWithdrawnDate />
      </item>
      <item>
        <lastName>SMITH</lastName>
        <sponsorshipDate>2013-04-23</sponsorshipDate>
        <firstName>ADAM</firstName>
        <identifiers>
          <bioguideId>S000510</bioguideId>
          <lisID>1528</lisID>
          <gpoId>8213</gpoId>
        </identifiers>
        <isOriginalCosponsor>False</isOriginalCosponsor>
        <bioguideId>S000510</bioguideId>
        <fullName>Rep. Smith, Adam [D-WA-9]</fullName>
        <middleName />
        <sponsorshipWithdrawnDate />
      </item>
      <item>
        <lastName>ESHOO</lastName>
        <sponsorshipDate>2013-04-23</sponsorshipDate>
        <firstName>ANNA</firstName>
        <identifiers>
          <lisID>355</lisID>
          <bioguideId>E000215</bioguideId>
          <gpoId>7819</gpoId>
        </identifiers>
        <isOriginalCosponsor>False</isOriginalCosponsor>
        <bioguideId>E000215</bioguideId>
        <fullName>Rep. Eshoo, Anna G. [D-CA-18]</fullName>
        <middleName>G.</middleName>
        <sponsorshipWithdrawnDate />
      </item>
      <item>
        <lastName>Richmond</lastName>
        <sponsorshipDate>2013-04-23</sponsorshipDate>
        <firstName>Cedric</firstName>
        <identifiers>
          <lisID>2023</lisID>
          <bioguideId>R000588</bioguideId>
          <gpoId>7960</gpoId>
        </identifiers>
        <isOriginalCosponsor>False</isOriginalCosponsor>
        <bioguideId>R000588</bioguideId>
        <fullName>Rep. Richmond, Cedric L. [D-LA-2]</fullName>
        <middleName>L.</middleName>
        <sponsorshipWithdrawnDate />
      </item>
      <item>
        <lastName>Michaud</lastName>
        <sponsorshipDate>2013-04-23</sponsorshipDate>
        <firstName>Michael</firstName>
        <identifiers>
          <lisID>1730</lisID>
          <bioguideId>M001149</bioguideId>
          <gpoId>7985</gpoId>
        </identifiers>
        <isOriginalCosponsor>False</isOriginalCosponsor>
        <bioguideId>M001149</bioguideId>
        <fullName>Rep. Michaud, Michael H. [D-ME-2]</fullName>
        <middleName>H.</middleName>
        <sponsorshipWithdrawnDate />
      </item>
      <item>
        <lastName>Connolly</lastName>
        <sponsorshipDate>2013-04-23</sponsorshipDate>
        <firstName>Gerald</firstName>
        <identifiers>
          <gpoId>8202</gpoId>
          <lisID>1959</lisID>
          <bioguideId>C001078</bioguideId>
        </identifiers>
        <isOriginalCosponsor>False</isOriginalCosponsor>
        <bioguideId>C001078</bioguideId>
        <fullName>Rep. Connolly, Gerald E. [D-VA-11]</fullName>
        <middleName>E.</middleName>
        <sponsorshipWithdrawnDate />
      </item>
      <item>
        <lastName>HASTINGS</lastName>
        <sponsorshipDate>2013-04-23</sponsorshipDate>
        <firstName>ALCEE</firstName>
        <identifiers>
          <gpoId>7895</gpoId>
          <bioguideId>H000324</bioguideId>
          <lisID>511</lisID>
        </identifiers>
        <isOriginalCosponsor>False</isOriginalCosponsor>
        <bioguideId>H000324</bioguideId>
        <fullName>Rep. Hastings, Alcee L. [D-FL-20]</fullName>
        <middleName>L.</middleName>
        <sponsorshipWithdrawnDate />
      </item>
      <item>
        <lastName>Butterfield</lastName>
        <sponsorshipDate>2013-04-23</sponsorshipDate>
        <firstName>G. K.</firstName>
        <identifiers>
          <lisID>1761</lisID>
          <bioguideId>B001251</bioguideId>
          <gpoId>8024</gpoId>
        </identifiers>
        <isOriginalCosponsor>False</isOriginalCosponsor>
        <bioguideId>B001251</bioguideId>
        <fullName>Rep. Butterfield, G. K. [D-NC-1]</fullName>
        <middleName />
        <sponsorshipWithdrawnDate />
      </item>
      <item>
        <lastName>Himes</lastName>
        <sponsorshipDate>2013-04-23</sponsorshipDate>
        <firstName>James</firstName>
        <identifiers>
          <bioguideId>H001047</bioguideId>
          <lisID>1913</lisID>
          <gpoId>7869</gpoId>
        </identifiers>
        <isOriginalCosponsor>False</isOriginalCosponsor>
        <bioguideId>H001047</bioguideId>
        <fullName>Rep. Himes, James A. [D-CT-4]</fullName>
        <middleName>A.</middleName>
        <sponsorshipWithdrawnDate />
      </item>
      <item>
        <lastName>Gardner</lastName>
        <sponsorshipDate>2013-04-23</sponsorshipDate>
        <firstName>Cory</firstName>
        <identifiers>
          <lisID>1998</lisID>
          <bioguideId>G000562</bioguideId>
          <gpoId>7862</gpoId>
        </identifiers>
        <isOriginalCosponsor>False</isOriginalCosponsor>
        <bioguideId>G000562</bioguideId>
        <fullName>Rep. Gardner, Cory [R-CO-4]</fullName>
        <middleName />
        <sponsorshipWithdrawnDate />
      </item>
      <item>
        <lastName>Peters</lastName>
        <sponsorshipDate>2013-04-26</sponsorshipDate>
        <firstName>Gary</firstName>
        <identifiers>
          <bioguideId>P000595</bioguideId>
          <lisID>1929</lisID>
          <gpoId>7994</gpoId>
        </identifiers>
        <isOriginalCosponsor>False</isOriginalCosponsor>
        <bioguideId>P000595</bioguideId>
        <fullName>Rep. Peters, Gary C. [D-MI-14]</fullName>
        <middleName>C.</middleName>
        <sponsorshipWithdrawnDate />
      </item>
      <item>
        <lastName>MCCARTHY</lastName>
        <sponsorshipDate>2013-04-26</sponsorshipDate>
        <firstName>CAROLYN</firstName>
        <identifiers>
          <lisID>1503</lisID>
          <gpoId>8065</gpoId>
          <bioguideId>M000309</bioguideId>
        </identifiers>
        <isOriginalCosponsor>False</isOriginalCosponsor>
        <bioguideId>M000309</bioguideId>
        <fullName>Rep. McCarthy, Carolyn [D-NY-4]</fullName>
        <middleName />
        <sponsorshipWithdrawnDate />
      </item>
      <item>
        <lastName>Speier</lastName>
        <sponsorshipDate>2013-04-26</sponsorshipDate>
        <firstName>Jackie</firstName>
        <identifiers>
          <lisID>1890</lisID>
          <bioguideId>S001175</bioguideId>
          <gpoId>7817</gpoId>
        </identifiers>
        <isOriginalCosponsor>False</isOriginalCosponsor>
        <bioguideId>S001175</bioguideId>
        <fullName>Rep. Speier, Jackie [D-CA-14]</fullName>
        <middleName />
        <sponsorshipWithdrawnDate />
      </item>
      <item>
        <lastName>Rogers</lastName>
        <sponsorshipDate>2013-04-26</sponsorshipDate>
        <firstName>Mike</firstName>
        <identifiers>
          <bioguideId>R000572</bioguideId>
          <lisID>1651</lisID>
          <gpoId>7993</gpoId>
        </identifiers>
        <isOriginalCosponsor>False</isOriginalCosponsor>
        <bioguideId>R000572</bioguideId>
        <fullName>Rep. Rogers, Mike J. [R-MI-8]</fullName>
        <middleName />
        <sponsorshipWithdrawnDate />
      </item>
      <item>
        <lastName>Grijalva</lastName>
        <sponsorshipDate>2013-04-26</sponsorshipDate>
        <firstName>Raul</firstName>
        <identifiers>
          <gpoId>7804</gpoId>
          <bioguideId>G000551</bioguideId>
          <lisID>1708</lisID>
        </identifiers>
        <isOriginalCosponsor>False</isOriginalCosponsor>
        <bioguideId>G000551</bioguideId>
        <fullName>Rep. Grijalva, Raul M. [D-AZ-3]</fullName>
        <middleName>M.</middleName>
        <sponsorshipWithdrawnDate />
      </item>
      <item>
        <lastName>LOFGREN</lastName>
        <sponsorshipDate>2013-04-26</sponsorshipDate>
        <firstName>ZOE</firstName>
        <identifiers>
          <bioguideId>L000397</bioguideId>
          <lisID>701</lisID>
          <gpoId>7821</gpoId>
        </identifiers>
        <isOriginalCosponsor>False</isOriginalCosponsor>
        <bioguideId>L000397</bioguideId>
        <fullName>Rep. Lofgren, Zoe [D-CA-19]</fullName>
        <middleName />
        <sponsorshipWithdrawnDate />
      </item>
      <item>
        <lastName>ROYCE</lastName>
        <sponsorshipDate>2013-04-26</sponsorshipDate>
        <firstName>ED</firstName>
        <identifiers>
          <gpoId>7845</gpoId>
          <bioguideId>R000487</bioguideId>
          <lisID>998</lisID>
        </identifiers>
        <isOriginalCosponsor>False</isOriginalCosponsor>
        <bioguideId>R000487</bioguideId>
        <fullName>Rep. Royce, Edward R. [R-CA-39]</fullName>
        <middleName />
        <sponsorshipWithdrawnDate />
      </item>
      <item>
        <lastName>Fincher</lastName>
        <sponsorshipDate>2013-04-26</sponsorshipDate>
        <firstName>Stephen</firstName>
        <identifiers>
          <lisID>2064</lisID>
          <bioguideId>F000458</bioguideId>
          <gpoId>8741</gpoId>
        </identifiers>
        <isOriginalCosponsor>False</isOriginalCosponsor>
        <bioguideId>F000458</bioguideId>
        <fullName>Rep. Fincher, Stephen Lee [R-TN-8]</fullName>
        <middleName>Lee</middleName>
        <sponsorshipWithdrawnDate />
      </item>
      <item>
        <lastName>Huizenga</lastName>
        <sponsorshipDate>2013-04-26</sponsorshipDate>
        <firstName>Bill</firstName>
        <identifiers>
          <gpoId>7987</gpoId>
          <bioguideId>H001058</bioguideId>
          <lisID>2028</lisID>
        </identifiers>
        <isOriginalCosponsor>False</isOriginalCosponsor>
        <bioguideId>H001058</bioguideId>
        <fullName>Rep. Huizenga, Bill [R-MI-2]</fullName>
        <middleName />
        <sponsorshipWithdrawnDate />
      </item>
      <item>
        <lastName>CALVERT</lastName>
        <sponsorshipDate>2013-04-26</sponsorshipDate>
        <firstName>KEN</firstName>
        <identifiers>
          <gpoId>7849</gpoId>
          <bioguideId>C000059</bioguideId>
          <lisID>165</lisID>
        </identifiers>
        <isOriginalCosponsor>False</isOriginalCosponsor>
        <bioguideId>C000059</bioguideId>
        <fullName>Rep. Calvert, Ken [R-CA-42]</fullName>
        <middleName />
        <sponsorshipWithdrawnDate />
      </item>
      <item>
        <lastName>Reed</lastName>
        <sponsorshipDate>2013-05-07</sponsorshipDate>
        <firstName>Tom</firstName>
        <identifiers>
          <lisID>1982</lisID>
          <gpoId>8090</gpoId>
          <bioguideId>R000585</bioguideId>
        </identifiers>
        <isOriginalCosponsor>False</isOriginalCosponsor>
        <bioguideId>R000585</bioguideId>
        <fullName>Rep. Reed, Tom [R-NY-23]</fullName>
        <middleName />
        <sponsorshipWithdrawnDate />
      </item>
      <item>
        <lastName>Clarke</lastName>
        <sponsorshipDate>2013-05-07</sponsorshipDate>
        <firstName>Yvette</firstName>
        <identifiers>
          <gpoId>8072</gpoId>
          <bioguideId>C001067</bioguideId>
          <lisID>1864</lisID>
        </identifiers>
        <isOriginalCosponsor>False</isOriginalCosponsor>
        <bioguideId>C001067</bioguideId>
        <fullName>Rep. Clarke, Yvette D. [D-NY-9]</fullName>
        <middleName>D.</middleName>
        <sponsorshipWithdrawnDate />
      </item>
      <item>
        <lastName>Bass</lastName>
        <sponsorshipDate>2013-05-07</sponsorshipDate>
        <firstName>Karen</firstName>
        <identifiers>
          <lisID>1996</lisID>
          <bioguideId>B001270</bioguideId>
          <gpoId>7838</gpoId>
        </identifiers>
        <isOriginalCosponsor>False</isOriginalCosponsor>
        <bioguideId>B001270</bioguideId>
        <fullName>Rep. Bass, Karen [D-CA-37]</fullName>
        <middleName />
        <sponsorshipWithdrawnDate />
      </item>
      <item>
        <lastName>Cassidy</lastName>
        <sponsorshipDate>2013-05-07</sponsorshipDate>
        <firstName>Bill</firstName>
        <identifiers>
          <bioguideId>C001075</bioguideId>
          <lisID>1925</lisID>
          <gpoId>7964</gpoId>
        </identifiers>
        <isOriginalCosponsor>False</isOriginalCosponsor>
        <bioguideId>C001075</bioguideId>
        <fullName>Rep. Cassidy, Bill [R-LA-6]</fullName>
        <middleName />
        <sponsorshipWithdrawnDate />
      </item>
      <item>
        <lastName>Crawford</lastName>
        <sponsorshipDate>2013-05-07</sponsorshipDate>
        <firstName>Eric</firstName>
        <identifiers>
          <lisID>1989</lisID>
          <bioguideId>C001087</bioguideId>
          <gpoId>7793</gpoId>
        </identifiers>
        <isOriginalCosponsor>False</isOriginalCosponsor>
        <bioguideId>C001087</bioguideId>
        <fullName>Rep. Crawford, Eric A. "Rick" [R-AR-1]</fullName>
        <middleName>A. "Rick"</middleName>
        <sponsorshipWithdrawnDate />
      </item>
      <item>
        <lastName>KINGSTON</lastName>
        <sponsorshipDate>2013-05-07</sponsorshipDate>
        <firstName>JACK</firstName>
        <identifiers>
          <gpoId>7898</gpoId>
          <bioguideId>K000220</bioguideId>
          <lisID>636</lisID>
        </identifiers>
        <isOriginalCosponsor>False</isOriginalCosponsor>
        <bioguideId>K000220</bioguideId>
        <fullName>Rep. Kingston, Jack [R-GA-1]</fullName>
        <middleName />
        <sponsorshipWithdrawnDate />
      </item>
      <item>
        <lastName>CHABOT</lastName>
        <sponsorshipDate>2013-05-07</sponsorshipDate>
        <firstName>STEVE</firstName>
        <identifiers>
          <bioguideId>C000266</bioguideId>
          <lisID>186</lisID>
          <gpoId>8091</gpoId>
        </identifiers>
        <isOriginalCosponsor>False</isOriginalCosponsor>
        <bioguideId>C000266</bioguideId>
        <fullName>Rep. Chabot, Steve [R-OH-1]</fullName>
        <middleName />
        <sponsorshipWithdrawnDate />
      </item>
      <item>
        <lastName>Franks</lastName>
        <sponsorshipDate>2013-05-07</sponsorshipDate>
        <firstName>Trent</firstName>
        <identifiers>
          <lisID>1707</lisID>
          <bioguideId>F000448</bioguideId>
          <gpoId>7799</gpoId>
        </identifiers>
        <isOriginalCosponsor>False</isOriginalCosponsor>
        <bioguideId>F000448</bioguideId>
        <fullName>Rep. Franks, Trent [R-AZ-8]</fullName>
        <middleName />
        <sponsorshipWithdrawnDate />
      </item>
      <item>
        <lastName>Gibson</lastName>
        <sponsorshipDate>2013-05-07</sponsorshipDate>
        <firstName>Christopher</firstName>
        <identifiers>
          <gpoId>8081</gpoId>
          <bioguideId>G000564</bioguideId>
          <lisID>2043</lisID>
        </identifiers>
        <isOriginalCosponsor>False</isOriginalCosponsor>
        <bioguideId>G000564</bioguideId>
        <fullName>Rep. Gibson, Christopher P. [R-NY-19]</fullName>
        <middleName>P.</middleName>
        <sponsorshipWithdrawnDate />
      </item>
      <item>
        <lastName>Kline</lastName>
        <sponsorshipDate>2013-05-07</sponsorshipDate>
        <firstName>John</firstName>
        <identifiers>
          <lisID>1733</lisID>
          <gpoId>8002</gpoId>
          <bioguideId>K000363</bioguideId>
        </identifiers>
        <isOriginalCosponsor>False</isOriginalCosponsor>
        <bioguideId>K000363</bioguideId>
        <fullName>Rep. Kline, John [R-MN-2]</fullName>
        <middleName />
        <sponsorshipWithdrawnDate />
      </item>
      <item>
        <lastName>RUSH</lastName>
        <sponsorshipDate>2013-05-14</sponsorshipDate>
        <firstName>BOBBY</firstName>
        <identifiers>
          <bioguideId>R000515</bioguideId>
          <lisID>1003</lisID>
          <gpoId>7921</gpoId>
        </identifiers>
        <isOriginalCosponsor>False</isOriginalCosponsor>
        <bioguideId>R000515</bioguideId>
        <fullName>Rep. Rush, Bobby L. [D-IL-1]</fullName>
        <middleName>L.</middleName>
        <sponsorshipWithdrawnDate />
      </item>
      <item>
        <lastName>WATT</lastName>
        <sponsorshipDate>2013-05-14</sponsorshipDate>
        <firstName>MELVIN</firstName>
        <identifiers>
          <bioguideId>W000207</bioguideId>
          <lisID>1207</lisID>
          <gpoId>8035</gpoId>
        </identifiers>
        <isOriginalCosponsor>False</isOriginalCosponsor>
        <bioguideId>W000207</bioguideId>
        <fullName>Rep. Watt, Melvin L. [D-NC-12]</fullName>
        <middleName />
        <sponsorshipWithdrawnDate />
      </item>
      <item>
        <lastName>Wilson</lastName>
        <sponsorshipDate>2013-05-14</sponsorshipDate>
        <firstName>Joe</firstName>
        <identifiers>
          <bioguideId>W000795</bioguideId>
          <lisID>1688</lisID>
          <gpoId>8142</gpoId>
        </identifiers>
        <isOriginalCosponsor>False</isOriginalCosponsor>
        <bioguideId>W000795</bioguideId>
        <fullName>Rep. Wilson, Joe [R-SC-2]</fullName>
        <middleName />
        <sponsorshipWithdrawnDate />
      </item>
      <item>
        <lastName>JACKSON LEE</lastName>
        <sponsorshipDate>2013-05-14</sponsorshipDate>
        <firstName>SHEILA</firstName>
        <identifiers>
          <gpoId>8174</gpoId>
          <bioguideId>J000032</bioguideId>
          <lisID>588</lisID>
        </identifiers>
        <isOriginalCosponsor>False</isOriginalCosponsor>
        <bioguideId>J000032</bioguideId>
        <fullName>Rep. Jackson Lee, Sheila [D-TX-18]</fullName>
        <middleName />
        <sponsorshipWithdrawnDate />
      </item>
      <item>
        <lastName>Webster</lastName>
        <sponsorshipDate>2013-05-14</sponsorshipDate>
        <firstName>Daniel</firstName>
        <identifiers>
          <bioguideId>W000806</bioguideId>
          <lisID>2002</lisID>
          <gpoId>7880</gpoId>
        </identifiers>
        <isOriginalCosponsor>False</isOriginalCosponsor>
        <bioguideId>W000806</bioguideId>
        <fullName>Rep. Webster, Daniel [R-FL-10]</fullName>
        <middleName />
        <sponsorshipWithdrawnDate />
      </item>
      <item>
        <lastName>NEAL</lastName>
        <sponsorshipDate>2013-05-14</sponsorshipDate>
        <firstName>RICHARD</firstName>
        <identifiers>
          <lisID>854</lisID>
          <bioguideId>N000015</bioguideId>
          <gpoId>7967</gpoId>
        </identifiers>
        <isOriginalCosponsor>False</isOriginalCosponsor>
        <bioguideId>N000015</bioguideId>
        <fullName>Rep. Neal, Richard E. [D-MA-1]</fullName>
        <middleName>E.</middleName>
        <sponsorshipWithdrawnDate />
      </item>
      <item>
        <lastName>Collins</lastName>
        <sponsorshipDate>2013-05-14</sponsorshipDate>
        <firstName>Chris</firstName>
        <identifiers>
          <lisID>2151</lisID>
          <gpoId />
          <bioguideId>C001092</bioguideId>
        </identifiers>
        <isOriginalCosponsor>False</isOriginalCosponsor>
        <bioguideId>C001092</bioguideId>
        <fullName>Rep. Collins, Chris [R-NY-27]</fullName>
        <middleName />
        <sponsorshipWithdrawnDate />
      </item>
      <item>
        <lastName>Bishop</lastName>
        <sponsorshipDate>2013-05-14</sponsorshipDate>
        <firstName>Timothy</firstName>
        <identifiers>
          <gpoId>8062</gpoId>
          <lisID>1740</lisID>
          <bioguideId>B001242</bioguideId>
        </identifiers>
        <isOriginalCosponsor>False</isOriginalCosponsor>
        <bioguideId>B001242</bioguideId>
        <fullName>Rep. Bishop, Timothy H. [D-NY-1]</fullName>
        <middleName>H.</middleName>
        <sponsorshipWithdrawnDate />
      </item>
      <item>
        <lastName>Young</lastName>
        <sponsorshipDate>2013-05-14</sponsorshipDate>
        <firstName>Todd</firstName>
        <identifiers>
          <gpoId>7948</gpoId>
          <lisID>2019</lisID>
          <bioguideId>Y000064</bioguideId>
        </identifiers>
        <isOriginalCosponsor>False</isOriginalCosponsor>
        <bioguideId>Y000064</bioguideId>
        <fullName>Rep. Young, Todd C. [R-IN-9]</fullName>
        <middleName>C.</middleName>
        <sponsorshipWithdrawnDate />
      </item>
      <item>
        <lastName>Swalwell</lastName>
        <sponsorshipDate>2013-05-14</sponsorshipDate>
        <firstName>Eric</firstName>
        <identifiers>
          <gpoId />
          <lisID>2104</lisID>
          <bioguideId>S001193</bioguideId>
        </identifiers>
        <isOriginalCosponsor>False</isOriginalCosponsor>
        <bioguideId>S001193</bioguideId>
        <fullName>Rep. Swalwell, Eric [D-CA-15]</fullName>
        <middleName />
        <sponsorshipWithdrawnDate />
      </item>
      <item>
        <lastName>Black</lastName>
        <sponsorshipDate>2013-05-14</sponsorshipDate>
        <firstName>Diane</firstName>
        <identifiers>
          <bioguideId>B001273</bioguideId>
          <lisID>2063</lisID>
          <gpoId>8153</gpoId>
        </identifiers>
        <isOriginalCosponsor>False</isOriginalCosponsor>
        <bioguideId>B001273</bioguideId>
        <fullName>Rep. Black, Diane [R-TN-6]</fullName>
        <middleName />
        <sponsorshipWithdrawnDate />
      </item>
      <item>
        <lastName>Garcia</lastName>
        <sponsorshipDate>2013-05-14</sponsorshipDate>
        <firstName>Joe</firstName>
        <identifiers>
          <gpoId />
          <lisID>2120</lisID>
          <bioguideId>G000573</bioguideId>
        </identifiers>
        <isOriginalCosponsor>False</isOriginalCosponsor>
        <bioguideId>G000573</bioguideId>
        <fullName>Rep. Garcia, Joe [D-FL-26]</fullName>
        <middleName />
        <sponsorshipWithdrawnDate />
      </item>
      <item>
        <lastName>Guthrie</lastName>
        <sponsorshipDate>2013-05-14</sponsorshipDate>
        <firstName>Brett</firstName>
        <identifiers>
          <gpoId>7954</gpoId>
          <lisID>1922</lisID>
          <bioguideId>G000558</bioguideId>
        </identifiers>
        <isOriginalCosponsor>False</isOriginalCosponsor>
        <bioguideId>G000558</bioguideId>
        <fullName>Rep. Guthrie, Brett [R-KY-2]</fullName>
        <middleName />
        <sponsorshipWithdrawnDate />
      </item>
      <item>
        <lastName>SESSIONS</lastName>
        <sponsorshipDate>2013-05-14</sponsorshipDate>
        <firstName>PETE</firstName>
        <identifiers>
          <bioguideId>S000250</bioguideId>
          <lisID>1525</lisID>
          <gpoId>8188</gpoId>
        </identifiers>
        <isOriginalCosponsor>False</isOriginalCosponsor>
        <bioguideId>S000250</bioguideId>
        <fullName>Rep. Sessions, Pete [R-TX-32]</fullName>
        <middleName />
        <sponsorshipWithdrawnDate />
      </item>
      <item>
        <lastName>Fudge</lastName>
        <sponsorshipDate>2013-05-14</sponsorshipDate>
        <firstName>Marcia</firstName>
        <identifiers>
          <bioguideId>F000455</bioguideId>
          <lisID>1895</lisID>
          <gpoId>8101</gpoId>
        </identifiers>
        <isOriginalCosponsor>False</isOriginalCosponsor>
        <bioguideId>F000455</bioguideId>
        <fullName>Rep. Fudge, Marcia L. [D-OH-11]</fullName>
        <middleName>L.</middleName>
        <sponsorshipWithdrawnDate />
      </item>
      <item>
        <lastName>Reichert</lastName>
        <sponsorshipDate>2013-05-14</sponsorshipDate>
        <firstName>David</firstName>
        <identifiers>
          <lisID>1810</lisID>
          <bioguideId>R000578</bioguideId>
          <gpoId>8212</gpoId>
        </identifiers>
        <isOriginalCosponsor>False</isOriginalCosponsor>
        <bioguideId>R000578</bioguideId>
        <fullName>Rep. Reichert, David G. [R-WA-8]</fullName>
        <middleName>G.</middleName>
        <sponsorshipWithdrawnDate />
      </item>
      <item>
        <lastName>Bilirakis</lastName>
        <sponsorshipDate>2013-05-14</sponsorshipDate>
        <firstName>Gus</firstName>
        <identifiers>
          <bioguideId>B001257</bioguideId>
          <lisID>1838</lisID>
          <gpoId>7881</gpoId>
        </identifiers>
        <isOriginalCosponsor>False</isOriginalCosponsor>
        <bioguideId>B001257</bioguideId>
        <fullName>Rep. Bilirakis, Gus M. [R-FL-12]</fullName>
        <middleName>M.</middleName>
        <sponsorshipWithdrawnDate />
      </item>
      <item>
        <lastName>Cole</lastName>
        <sponsorshipDate>2013-05-22</sponsorshipDate>
        <firstName>Tom</firstName>
        <identifiers>
          <gpoId>8112</gpoId>
          <lisID>1742</lisID>
          <bioguideId>C001053</bioguideId>
        </identifiers>
        <isOriginalCosponsor>False</isOriginalCosponsor>
        <bioguideId>C001053</bioguideId>
        <fullName>Rep. Cole, Tom [R-OK-4]</fullName>
        <middleName />
        <sponsorshipWithdrawnDate />
      </item>
      <item>
        <lastName>McCaul</lastName>
        <sponsorshipDate>2013-05-22</sponsorshipDate>
        <firstName>Michael</firstName>
        <identifiers>
          <bioguideId>M001157</bioguideId>
          <lisID>1804</lisID>
          <gpoId>8166</gpoId>
        </identifiers>
        <isOriginalCosponsor>False</isOriginalCosponsor>
        <bioguideId>M001157</bioguideId>
        <fullName>Rep. McCaul, Michael T. [R-TX-10]</fullName>
        <middleName>T.</middleName>
        <sponsorshipWithdrawnDate />
      </item>
      <item>
        <lastName>Grimm</lastName>
        <sponsorshipDate>2013-05-22</sponsorshipDate>
        <firstName>Michael</firstName>
        <identifiers>
          <bioguideId>G000569</bioguideId>
          <lisID>2041</lisID>
          <gpoId>8074</gpoId>
        </identifiers>
        <isOriginalCosponsor>False</isOriginalCosponsor>
        <bioguideId>G000569</bioguideId>
        <fullName>Rep. Grimm, Michael G. [R-NY-11]</fullName>
        <middleName>G.</middleName>
        <sponsorshipWithdrawnDate />
      </item>
      <item>
        <lastName>Costa</lastName>
        <sponsorshipDate>2013-05-22</sponsorshipDate>
        <firstName>Jim</firstName>
        <identifiers>
          <gpoId>7825</gpoId>
          <bioguideId>C001059</bioguideId>
          <lisID>1774</lisID>
        </identifiers>
        <isOriginalCosponsor>False</isOriginalCosponsor>
        <bioguideId>C001059</bioguideId>
        <fullName>Rep. Costa, Jim [D-CA-16]</fullName>
        <middleName />
        <sponsorshipWithdrawnDate />
      </item>
      <item>
        <lastName>Burgess</lastName>
        <sponsorshipDate>2013-05-22</sponsorshipDate>
        <firstName>Michael</firstName>
        <identifiers>
          <lisID>1751</lisID>
          <gpoId>8182</gpoId>
          <bioguideId>B001248</bioguideId>
        </identifiers>
        <isOriginalCosponsor>False</isOriginalCosponsor>
        <bioguideId>B001248</bioguideId>
        <fullName>Rep. Burgess, Michael C. [R-TX-26]</fullName>
        <middleName>C.</middleName>
        <sponsorshipWithdrawnDate />
      </item>
      <item>
        <lastName>Holding</lastName>
        <sponsorshipDate>2013-05-22</sponsorshipDate>
        <firstName>George</firstName>
        <identifiers>
          <gpoId />
          <lisID>2143</lisID>
          <bioguideId>H001065</bioguideId>
        </identifiers>
        <isOriginalCosponsor>False</isOriginalCosponsor>
        <bioguideId>H001065</bioguideId>
        <fullName>Rep. Holding, George [R-NC-13]</fullName>
        <middleName />
        <sponsorshipWithdrawnDate />
      </item>
      <item>
        <lastName>Neugebauer</lastName>
        <sponsorshipDate>2013-05-22</sponsorshipDate>
        <firstName>Randy</firstName>
        <identifiers>
          <bioguideId>N000182</bioguideId>
          <lisID>1758</lisID>
          <gpoId>8175</gpoId>
        </identifiers>
        <isOriginalCosponsor>False</isOriginalCosponsor>
        <bioguideId>N000182</bioguideId>
        <fullName>Rep. Neugebauer, Randy [R-TX-19]</fullName>
        <middleName />
        <sponsorshipWithdrawnDate />
      </item>
      <item>
        <lastName>PASCRELL</lastName>
        <sponsorshipDate>2013-06-04</sponsorshipDate>
        <firstName>WILLIAM</firstName>
        <identifiers>
          <bioguideId>P000096</bioguideId>
          <lisID>1510</lisID>
          <gpoId>8050</gpoId>
        </identifiers>
        <isOriginalCosponsor>False</isOriginalCosponsor>
        <bioguideId>P000096</bioguideId>
        <fullName>Rep. Pascrell, Bill, Jr. [D-NJ-9]</fullName>
        <middleName>J.</middleName>
        <sponsorshipWithdrawnDate />
      </item>
      <item>
        <lastName>Schrader</lastName>
        <sponsorshipDate>2013-06-04</sponsorshipDate>
        <firstName>Kurt</firstName>
        <identifiers>
          <gpoId>8118</gpoId>
          <lisID>1950</lisID>
          <bioguideId>S001180</bioguideId>
        </identifiers>
        <isOriginalCosponsor>False</isOriginalCosponsor>
        <bioguideId>S001180</bioguideId>
        <fullName>Rep. Schrader, Kurt [D-OR-5]</fullName>
        <middleName />
        <sponsorshipWithdrawnDate />
      </item>
      <item>
        <lastName>Kilmer</lastName>
        <sponsorshipDate>2013-06-04</sponsorshipDate>
        <firstName>Derek</firstName>
        <identifiers>
          <lisID>2169</lisID>
          <gpoId />
          <bioguideId>K000381</bioguideId>
        </identifiers>
        <isOriginalCosponsor>False</isOriginalCosponsor>
        <bioguideId>K000381</bioguideId>
        <fullName>Rep. Kilmer, Derek [D-WA-6]</fullName>
        <middleName />
        <sponsorshipWithdrawnDate />
      </item>
      <item>
        <lastName>Griffith</lastName>
        <sponsorshipDate>2013-06-04</sponsorshipDate>
        <firstName>H.</firstName>
        <identifiers>
          <gpoId>8200</gpoId>
          <bioguideId>G000568</bioguideId>
          <lisID>2070</lisID>
        </identifiers>
        <isOriginalCosponsor>False</isOriginalCosponsor>
        <bioguideId>G000568</bioguideId>
        <fullName>Rep. Griffith, H. Morgan [R-VA-9]</fullName>
        <middleName>Morgan</middleName>
        <sponsorshipWithdrawnDate />
      </item>
      <item>
        <lastName>Cardenas</lastName>
        <sponsorshipDate>2013-06-04</sponsorshipDate>
        <firstName>Tony</firstName>
        <identifiers>
          <bioguideId>C001097</bioguideId>
          <lisID>2107</lisID>
          <gpoId />
        </identifiers>
        <isOriginalCosponsor>False</isOriginalCosponsor>
        <bioguideId>C001097</bioguideId>
        <fullName>Rep. Cardenas, Tony [D-CA-29]</fullName>
        <middleName />
        <sponsorshipWithdrawnDate />
      </item>
      <item>
        <lastName>Conaway</lastName>
        <sponsorshipDate>2013-06-04</sponsorshipDate>
        <firstName>K.</firstName>
        <identifiers>
          <bioguideId>C001062</bioguideId>
          <lisID>1805</lisID>
          <gpoId>8167</gpoId>
        </identifiers>
        <isOriginalCosponsor>False</isOriginalCosponsor>
        <bioguideId>C001062</bioguideId>
        <fullName>Rep. Conaway, K. Michael [R-TX-11]</fullName>
        <middleName>Michael</middleName>
        <sponsorshipWithdrawnDate />
      </item>
      <item>
        <lastName>Broun</lastName>
        <sponsorshipDate>2013-06-04</sponsorshipDate>
        <firstName>Paul</firstName>
        <identifiers>
          <gpoId>7907</gpoId>
          <bioguideId>B001262</bioguideId>
          <lisID>1882</lisID>
        </identifiers>
        <isOriginalCosponsor>False</isOriginalCosponsor>
        <bioguideId>B001262</bioguideId>
        <fullName>Rep. Broun, Paul C. [R-GA-10]</fullName>
        <middleName>C.</middleName>
        <sponsorshipWithdrawnDate />
      </item>
      <item>
        <lastName>GOODLATTE</lastName>
        <sponsorshipDate>2013-06-04</sponsorshipDate>
        <firstName>ROBERT</firstName>
        <identifiers>
          <gpoId>8197</gpoId>
          <bioguideId>G000289</bioguideId>
          <lisID>446</lisID>
        </identifiers>
        <isOriginalCosponsor>False</isOriginalCosponsor>
        <bioguideId>G000289</bioguideId>
        <fullName>Rep. Goodlatte, Bob [R-VA-6]</fullName>
        <middleName>W.</middleName>
        <sponsorshipWithdrawnDate />
      </item>
      <item>
        <lastName>Valadao</lastName>
        <sponsorshipDate>2013-06-04</sponsorshipDate>
        <firstName>David</firstName>
        <identifiers>
          <gpoId />
          <bioguideId>V000129</bioguideId>
          <lisID>2105</lisID>
        </identifiers>
        <isOriginalCosponsor>False</isOriginalCosponsor>
        <bioguideId>V000129</bioguideId>
        <fullName>Rep. Valadao, David G. [R-CA-21]</fullName>
        <middleName>G.</middleName>
        <sponsorshipWithdrawnDate />
      </item>
      <item>
        <lastName>McHenry</lastName>
        <sponsorshipDate>2013-06-04</sponsorshipDate>
        <firstName>Patrick</firstName>
        <identifiers>
          <gpoId>8033</gpoId>
          <lisID>1792</lisID>
          <bioguideId>M001156</bioguideId>
        </identifiers>
        <isOriginalCosponsor>False</isOriginalCosponsor>
        <bioguideId>M001156</bioguideId>
        <fullName>Rep. McHenry, Patrick T. [R-NC-10]</fullName>
        <middleName />
        <sponsorshipWithdrawnDate />
      </item>
      <item>
        <lastName>Polis</lastName>
        <sponsorshipDate>2013-06-04</sponsorshipDate>
        <firstName>Jared</firstName>
        <identifiers>
          <bioguideId>P000598</bioguideId>
          <lisID>1910</lisID>
          <gpoId>7860</gpoId>
        </identifiers>
        <isOriginalCosponsor>False</isOriginalCosponsor>
        <bioguideId>P000598</bioguideId>
        <fullName>Rep. Polis, Jared [D-CO-2]</fullName>
        <middleName />
        <sponsorshipWithdrawnDate />
      </item>
      <item>
        <lastName>SENSENBRENNER</lastName>
        <sponsorshipDate>2013-06-04</sponsorshipDate>
        <firstName>F.</firstName>
        <identifiers>
          <gpoId>8218</gpoId>
          <lisID>1041</lisID>
          <bioguideId>S000244</bioguideId>
        </identifiers>
        <isOriginalCosponsor>False</isOriginalCosponsor>
        <bioguideId>S000244</bioguideId>
        <fullName>Rep. Sensenbrenner, F. James, Jr. [R-WI-5]</fullName>
        <middleName>JAMES</middleName>
        <sponsorshipWithdrawnDate />
      </item>
      <item>
        <lastName>Carney</lastName>
        <sponsorshipDate>2013-07-09</sponsorshipDate>
        <firstName>John</firstName>
        <identifiers>
          <bioguideId>C001083</bioguideId>
          <lisID>1999</lisID>
          <gpoId>7872</gpoId>
        </identifiers>
        <isOriginalCosponsor>False</isOriginalCosponsor>
        <bioguideId>C001083</bioguideId>
        <fullName>Rep. Carney, John C., Jr. [D-DE-At Large]</fullName>
        <middleName>C.</middleName>
        <sponsorshipWithdrawnDate />
      </item>
      <item>
        <lastName>MATHESON</lastName>
        <sponsorshipDate>2013-07-09</sponsorshipDate>
        <firstName>JIM</firstName>
        <identifiers>
          <lisID>1671</lisID>
          <gpoId>8190</gpoId>
          <bioguideId>M001142</bioguideId>
        </identifiers>
        <isOriginalCosponsor>False</isOriginalCosponsor>
        <bioguideId>M001142</bioguideId>
        <fullName>Rep. Matheson, Jim [D-UT-4]</fullName>
        <middleName />
        <sponsorshipWithdrawnDate />
      </item>
      <item>
        <lastName>LARSON</lastName>
        <sponsorshipDate>2013-07-09</sponsorshipDate>
        <firstName>JOHN</firstName>
        <identifiers>
          <gpoId>7866</gpoId>
          <lisID>1583</lisID>
          <bioguideId>L000557</bioguideId>
        </identifiers>
        <isOriginalCosponsor>False</isOriginalCosponsor>
        <bioguideId>L000557</bioguideId>
        <fullName>Rep. Larson, John B. [D-CT-1]</fullName>
        <middleName>B.</middleName>
        <sponsorshipWithdrawnDate />
      </item>
      <item>
        <lastName>Hensarling</lastName>
        <sponsorshipDate>2013-07-09</sponsorshipDate>
        <firstName>Jeb</firstName>
        <identifiers>
          <gpoId>8161</gpoId>
          <bioguideId>H001036</bioguideId>
          <lisID>1749</lisID>
        </identifiers>
        <isOriginalCosponsor>False</isOriginalCosponsor>
        <bioguideId>H001036</bioguideId>
        <fullName>Rep. Hensarling, Jeb [R-TX-5]</fullName>
        <middleName />
        <sponsorshipWithdrawnDate />
      </item>
      <item>
        <lastName>Nunnelee</lastName>
        <sponsorshipDate>2013-07-09</sponsorshipDate>
        <firstName>Alan</firstName>
        <identifiers>
          <lisID>2034</lisID>
          <gpoId>8019</gpoId>
          <bioguideId>N000186</bioguideId>
        </identifiers>
        <isOriginalCosponsor>False</isOriginalCosponsor>
        <bioguideId>N000186</bioguideId>
        <fullName>Rep. Nunnelee, Alan [R-MS-1]</fullName>
        <middleName />
        <sponsorshipWithdrawnDate />
      </item>
      <item>
        <lastName>MEEKS</lastName>
        <sponsorshipDate>2013-07-09</sponsorshipDate>
        <firstName>GREGORY</firstName>
        <identifiers>
          <gpoId>8067</gpoId>
          <lisID>1506</lisID>
          <bioguideId>M001137</bioguideId>
        </identifiers>
        <isOriginalCosponsor>False</isOriginalCosponsor>
        <bioguideId>M001137</bioguideId>
        <fullName>Rep. Meeks, Gregory W. [D-NY-5]</fullName>
        <middleName>W.</middleName>
        <sponsorshipWithdrawnDate />
      </item>
      <item>
        <lastName>Nugent</lastName>
        <sponsorshipDate>2013-07-09</sponsorshipDate>
        <firstName>Richard</firstName>
        <identifiers>
          <bioguideId>N000185</bioguideId>
          <lisID>2001</lisID>
          <gpoId>7877</gpoId>
        </identifiers>
        <isOriginalCosponsor>False</isOriginalCosponsor>
        <bioguideId>N000185</bioguideId>
        <fullName>Rep. Nugent, Richard B. [R-FL-11]</fullName>
        <middleName>B.</middleName>
        <sponsorshipWithdrawnDate />
      </item>
      <item>
        <lastName>Brownley</lastName>
        <sponsorshipDate>2013-07-09</sponsorshipDate>
        <firstName>Julia</firstName>
        <identifiers>
          <gpoId />
          <bioguideId>B001285</bioguideId>
          <lisID>2106</lisID>
        </identifiers>
        <isOriginalCosponsor>False</isOriginalCosponsor>
        <bioguideId>B001285</bioguideId>
        <fullName>Rep. Brownley, Julia [D-CA-26]</fullName>
        <middleName />
        <sponsorshipWithdrawnDate />
      </item>
      <item>
        <lastName>Amodei</lastName>
        <sponsorshipDate>2013-07-09</sponsorshipDate>
        <firstName>Mark</firstName>
        <identifiers>
          <gpoId>8366</gpoId>
          <bioguideId>A000369</bioguideId>
          <lisID>2090</lisID>
        </identifiers>
        <isOriginalCosponsor>False</isOriginalCosponsor>
        <bioguideId>A000369</bioguideId>
        <fullName>Rep. Amodei, Mark E. [R-NV-2]</fullName>
        <middleName>E.</middleName>
        <sponsorshipWithdrawnDate />
      </item>
      <item>
        <lastName>Renacci</lastName>
        <sponsorshipDate>2013-07-18</sponsorshipDate>
        <firstName>James</firstName>
        <identifiers>
          <lisID>2048</lisID>
          <bioguideId>R000586</bioguideId>
          <gpoId>8106</gpoId>
        </identifiers>
        <isOriginalCosponsor>False</isOriginalCosponsor>
        <bioguideId>R000586</bioguideId>
        <fullName>Rep. Renacci, James B. [R-OH-16]</fullName>
        <middleName>B.</middleName>
        <sponsorshipWithdrawnDate />
      </item>
      <item>
        <lastName>Rooney</lastName>
        <sponsorshipDate>2013-07-18</sponsorshipDate>
        <firstName>Thomas</firstName>
        <identifiers>
          <gpoId>7888</gpoId>
          <lisID>1916</lisID>
          <bioguideId>R000583</bioguideId>
        </identifiers>
        <isOriginalCosponsor>False</isOriginalCosponsor>
        <bioguideId>R000583</bioguideId>
        <fullName>Rep. Rooney, Thomas J. [R-FL-17]</fullName>
        <middleName>J.</middleName>
        <sponsorshipWithdrawnDate />
      </item>
      <item>
        <lastName>Rogers</lastName>
        <sponsorshipDate>2013-07-18</sponsorshipDate>
        <firstName>Mike</firstName>
        <identifiers>
          <lisID>1704</lisID>
          <gpoId>7788</gpoId>
          <bioguideId>R000575</bioguideId>
        </identifiers>
        <isOriginalCosponsor>False</isOriginalCosponsor>
        <bioguideId>R000575</bioguideId>
        <fullName>Rep. Rogers, Mike D. [R-AL-3]</fullName>
        <middleName />
        <sponsorshipWithdrawnDate />
      </item>
      <item>
        <lastName>Ross</lastName>
        <sponsorshipDate>2013-07-18</sponsorshipDate>
        <firstName>Dennis</firstName>
        <identifiers>
          <gpoId>7884</gpoId>
          <lisID>2003</lisID>
          <bioguideId>R000593</bioguideId>
        </identifiers>
        <isOriginalCosponsor>False</isOriginalCosponsor>
        <bioguideId>R000593</bioguideId>
        <fullName>Rep. Ross, Dennis A. [R-FL-15]</fullName>
        <middleName>A.</middleName>
        <sponsorshipWithdrawnDate />
      </item>
      <item>
        <lastName>Latta</lastName>
        <sponsorshipDate>2013-07-18</sponsorshipDate>
        <firstName>Robert</firstName>
        <identifiers>
          <lisID>1885</lisID>
          <gpoId>8095</gpoId>
          <bioguideId>L000566</bioguideId>
        </identifiers>
        <isOriginalCosponsor>False</isOriginalCosponsor>
        <bioguideId>L000566</bioguideId>
        <fullName>Rep. Latta, Robert E. [R-OH-5]</fullName>
        <middleName>E.</middleName>
        <sponsorshipWithdrawnDate />
      </item>
      <item>
        <lastName>Womack</lastName>
        <sponsorshipDate>2013-07-18</sponsorshipDate>
        <firstName>Steve</firstName>
        <identifiers>
          <gpoId>7795</gpoId>
          <bioguideId>W000809</bioguideId>
          <lisID>1991</lisID>
        </identifiers>
        <isOriginalCosponsor>False</isOriginalCosponsor>
        <bioguideId>W000809</bioguideId>
        <fullName>Rep. Womack, Steve [R-AR-3]</fullName>
        <middleName />
        <sponsorshipWithdrawnDate />
      </item>
      <item>
        <lastName>Turner</lastName>
        <sponsorshipDate>2013-07-18</sponsorshipDate>
        <firstName>Michael</firstName>
        <identifiers>
          <bioguideId>T000463</bioguideId>
          <lisID>1741</lisID>
          <gpoId>8093</gpoId>
        </identifiers>
        <isOriginalCosponsor>False</isOriginalCosponsor>
        <bioguideId>T000463</bioguideId>
        <fullName>Rep. Turner, Michael R. [R-OH-10]</fullName>
        <middleName>R.</middleName>
        <sponsorshipWithdrawnDate />
      </item>
      <item>
        <lastName>Graves</lastName>
        <sponsorshipDate>2013-07-18</sponsorshipDate>
        <firstName>Tom</firstName>
        <identifiers>
          <gpoId>7906</gpoId>
          <bioguideId>G000560</bioguideId>
          <lisID>1979</lisID>
        </identifiers>
        <isOriginalCosponsor>False</isOriginalCosponsor>
        <bioguideId>G000560</bioguideId>
        <fullName>Rep. Graves, Tom [R-GA-14]</fullName>
        <middleName />
        <sponsorshipWithdrawnDate />
      </item>
      <item>
        <lastName>Barrow</lastName>
        <sponsorshipDate>2013-07-23</sponsorshipDate>
        <firstName>John</firstName>
        <identifiers>
          <gpoId>7909</gpoId>
          <lisID>1780</lisID>
          <bioguideId>B001252</bioguideId>
        </identifiers>
        <isOriginalCosponsor>False</isOriginalCosponsor>
        <bioguideId>B001252</bioguideId>
        <fullName>Rep. Barrow, John [D-GA-12]</fullName>
        <middleName />
        <sponsorshipWithdrawnDate />
      </item>
      <item>
        <lastName>Campbell</lastName>
        <sponsorshipDate>2013-07-23</sponsorshipDate>
        <firstName>John</firstName>
        <identifiers>
          <gpoId>7853</gpoId>
          <bioguideId>C001064</bioguideId>
          <lisID>1816</lisID>
        </identifiers>
        <isOriginalCosponsor>False</isOriginalCosponsor>
        <bioguideId>C001064</bioguideId>
        <fullName>Rep. Campbell, John [R-CA-45]</fullName>
        <middleName />
        <sponsorshipWithdrawnDate />
      </item>
      <item>
        <lastName>Jenkins</lastName>
        <sponsorshipDate>2013-07-23</sponsorshipDate>
        <firstName>Lynn</firstName>
        <identifiers>
          <lisID>1921</lisID>
          <gpoId>7950</gpoId>
          <bioguideId>J000290</bioguideId>
        </identifiers>
        <isOriginalCosponsor>False</isOriginalCosponsor>
        <bioguideId>J000290</bioguideId>
        <fullName>Rep. Jenkins, Lynn [R-KS-2]</fullName>
        <middleName />
        <sponsorshipWithdrawnDate />
      </item>
      <item>
        <lastName>Wilson</lastName>
        <sponsorshipDate>2013-07-23</sponsorshipDate>
        <firstName>Frederica</firstName>
        <identifiers>
          <gpoId>7889</gpoId>
          <bioguideId>W000808</bioguideId>
          <lisID>2004</lisID>
        </identifiers>
        <isOriginalCosponsor>False</isOriginalCosponsor>
        <bioguideId>W000808</bioguideId>
        <fullName>Rep. Wilson, Frederica S. [D-FL-24]</fullName>
        <middleName>S.</middleName>
        <sponsorshipWithdrawnDate />
      </item>
      <item>
        <lastName>LATHAM</lastName>
        <sponsorshipDate>2013-07-23</sponsorshipDate>
        <firstName>TOM</firstName>
        <identifiers>
          <lisID>666</lisID>
          <bioguideId>L000111</bioguideId>
          <gpoId>7917</gpoId>
        </identifiers>
        <isOriginalCosponsor>False</isOriginalCosponsor>
        <bioguideId>L000111</bioguideId>
        <fullName>Rep. Latham, Tom [R-IA-3]</fullName>
        <middleName />
        <sponsorshipWithdrawnDate />
      </item>
      <item>
        <lastName>Enyart</lastName>
        <sponsorshipDate>2013-07-23</sponsorshipDate>
        <firstName>William</firstName>
        <identifiers>
          <gpoId />
          <bioguideId>E000292</bioguideId>
          <lisID>2125</lisID>
        </identifiers>
        <isOriginalCosponsor>False</isOriginalCosponsor>
        <bioguideId>E000292</bioguideId>
        <fullName>Rep. Enyart, William L. [D-IL-12]</fullName>
        <middleName>L.</middleName>
        <sponsorshipWithdrawnDate />
      </item>
      <item>
        <lastName>BROWN</lastName>
        <sponsorshipDate>2013-07-23</sponsorshipDate>
        <firstName>CORRINE</firstName>
        <identifiers>
          <lisID>132</lisID>
          <gpoId>7875</gpoId>
          <bioguideId>B000911</bioguideId>
        </identifiers>
        <isOriginalCosponsor>False</isOriginalCosponsor>
        <bioguideId>B000911</bioguideId>
        <fullName>Rep. Brown, Corrine [D-FL-5]</fullName>
        <middleName />
        <sponsorshipWithdrawnDate />
      </item>
      <item>
        <lastName>JOHNSON</lastName>
        <sponsorshipDate>2013-07-23</sponsorshipDate>
        <firstName>SAM</firstName>
        <identifiers>
          <bioguideId>J000174</bioguideId>
          <lisID>603</lisID>
          <gpoId>8159</gpoId>
        </identifiers>
        <isOriginalCosponsor>False</isOriginalCosponsor>
        <bioguideId>J000174</bioguideId>
        <fullName>Rep. Johnson, Sam [R-TX-3]</fullName>
        <middleName />
        <sponsorshipWithdrawnDate />
      </item>
      <item>
        <lastName>Pierluisi</lastName>
        <sponsorshipDate>2013-07-23</sponsorshipDate>
        <firstName>Pedro</firstName>
        <identifiers>
          <lisID>1953</lisID>
          <bioguideId>P000596</bioguideId>
          <gpoId>8138</gpoId>
        </identifiers>
        <isOriginalCosponsor>False</isOriginalCosponsor>
        <bioguideId>P000596</bioguideId>
        <fullName>Rep. Pierluisi, Pedro R. [D-PR-At Large]</fullName>
        <middleName>R.</middleName>
        <sponsorshipWithdrawnDate />
      </item>
      <item>
        <lastName>Bucshon</lastName>
        <sponsorshipDate>2013-07-23</sponsorshipDate>
        <firstName>Larry</firstName>
        <identifiers>
          <gpoId>7947</gpoId>
          <bioguideId>B001275</bioguideId>
          <lisID>2018</lisID>
        </identifiers>
        <isOriginalCosponsor>False</isOriginalCosponsor>
        <bioguideId>B001275</bioguideId>
        <fullName>Rep. Bucshon, Larry [R-IN-8]</fullName>
        <middleName />
        <sponsorshipWithdrawnDate />
      </item>
      <item>
        <lastName>Pittenger</lastName>
        <sponsorshipDate>2013-07-25</sponsorshipDate>
        <firstName>Robert</firstName>
        <identifiers>
          <gpoId />
          <lisID>2141</lisID>
          <bioguideId>P000606</bioguideId>
        </identifiers>
        <isOriginalCosponsor>False</isOriginalCosponsor>
        <bioguideId>P000606</bioguideId>
        <fullName>Rep. Pittenger, Robert [R-NC-9]</fullName>
        <middleName />
        <sponsorshipWithdrawnDate />
      </item>
      <item>
        <lastName>TERRY</lastName>
        <sponsorshipDate>2013-07-30</sponsorshipDate>
        <firstName>LEE</firstName>
        <identifiers>
          <gpoId>8039</gpoId>
          <bioguideId>T000459</bioguideId>
          <lisID>1566</lisID>
        </identifiers>
        <isOriginalCosponsor>False</isOriginalCosponsor>
        <bioguideId>T000459</bioguideId>
        <fullName>Rep. Terry, Lee [R-NE-2]</fullName>
        <middleName />
        <sponsorshipWithdrawnDate />
      </item>
      <item>
        <lastName>HOLT</lastName>
        <sponsorshipDate>2013-07-30</sponsorshipDate>
        <firstName>RUSH</firstName>
        <identifiers>
          <lisID>1580</lisID>
          <bioguideId>H001032</bioguideId>
          <gpoId>8054</gpoId>
        </identifiers>
        <isOriginalCosponsor>False</isOriginalCosponsor>
        <bioguideId>H001032</bioguideId>
        <fullName>Rep. Holt, Rush [D-NJ-12]</fullName>
        <middleName>D.</middleName>
        <sponsorshipWithdrawnDate />
      </item>
      <item>
        <lastName>Poe</lastName>
        <sponsorshipDate>2013-07-30</sponsorshipDate>
        <firstName>Ted</firstName>
        <identifiers>
          <gpoId>8158</gpoId>
          <lisID>1802</lisID>
          <bioguideId>P000592</bioguideId>
        </identifiers>
        <isOriginalCosponsor>False</isOriginalCosponsor>
        <bioguideId>P000592</bioguideId>
        <fullName>Rep. Poe, Ted [R-TX-2]</fullName>
        <middleName />
        <sponsorshipWithdrawnDate />
      </item>
      <item>
        <lastName>Mulvaney</lastName>
        <sponsorshipDate>2013-07-31</sponsorshipDate>
        <firstName>Mick</firstName>
        <identifiers>
          <bioguideId>M001182</bioguideId>
          <lisID>2059</lisID>
          <gpoId>8145</gpoId>
        </identifiers>
        <isOriginalCosponsor>False</isOriginalCosponsor>
        <bioguideId>M001182</bioguideId>
        <fullName>Rep. Mulvaney, Mick [R-SC-5]</fullName>
        <middleName />
        <sponsorshipWithdrawnDate />
      </item>
      <item>
        <lastName>Hultgren</lastName>
        <sponsorshipDate>2013-07-31</sponsorshipDate>
        <firstName>Randy</firstName>
        <identifiers>
          <lisID>2015</lisID>
          <gpoId>7934</gpoId>
          <bioguideId>H001059</bioguideId>
        </identifiers>
        <isOriginalCosponsor>False</isOriginalCosponsor>
        <bioguideId>H001059</bioguideId>
        <fullName>Rep. Hultgren, Randy [R-IL-14]</fullName>
        <middleName />
        <sponsorshipWithdrawnDate />
      </item>
      <item>
        <lastName>CAPITO</lastName>
        <sponsorshipDate>2013-07-31</sponsorshipDate>
        <firstName>SHELLEY</firstName>
        <identifiers>
          <gpoId>8223</gpoId>
          <lisID>1676</lisID>
          <bioguideId>C001047</bioguideId>
        </identifiers>
        <isOriginalCosponsor>False</isOriginalCosponsor>
        <bioguideId>C001047</bioguideId>
        <fullName>Rep. Capito, Shelley Moore [R-WV-2]</fullName>
        <middleName>MOORE</middleName>
        <sponsorshipWithdrawnDate />
      </item>
      <item>
        <lastName>Hudson</lastName>
        <sponsorshipDate>2013-07-31</sponsorshipDate>
        <firstName>Richard</firstName>
        <identifiers>
          <gpoId />
          <bioguideId>H001067</bioguideId>
          <lisID>2140</lisID>
        </identifiers>
        <isOriginalCosponsor>False</isOriginalCosponsor>
        <bioguideId>H001067</bioguideId>
        <fullName>Rep. Hudson, Richard [R-NC-8]</fullName>
        <middleName />
        <sponsorshipWithdrawnDate />
      </item>
      <item>
        <lastName>CAPPS</lastName>
        <sponsorshipDate>2013-08-02</sponsorshipDate>
        <firstName>LOIS</firstName>
        <identifiers>
          <lisID>1471</lisID>
          <bioguideId>C001036</bioguideId>
          <gpoId>7828</gpoId>
        </identifiers>
        <isOriginalCosponsor>False</isOriginalCosponsor>
        <bioguideId>C001036</bioguideId>
        <fullName>Rep. Capps, Lois [D-CA-24]</fullName>
        <middleName />
        <sponsorshipWithdrawnDate />
      </item>
      <item>
        <lastName>TIBERI</lastName>
        <sponsorshipDate>2013-08-02</sponsorshipDate>
        <firstName>PATRICK</firstName>
        <identifiers>
          <gpoId>8102</gpoId>
          <lisID>1664</lisID>
          <bioguideId>T000462</bioguideId>
        </identifiers>
        <isOriginalCosponsor>False</isOriginalCosponsor>
        <bioguideId>T000462</bioguideId>
        <fullName>Rep. Tiberi, Patrick J. [R-OH-12]</fullName>
        <middleName>J.</middleName>
        <sponsorshipWithdrawnDate />
      </item>
      <item>
        <lastName>THORNBERRY</lastName>
        <sponsorshipDate>2013-08-02</sponsorshipDate>
        <firstName>WILLIAM</firstName>
        <identifiers>
          <gpoId>8755</gpoId>
          <bioguideId>T000238</bioguideId>
          <lisID>1155</lisID>
        </identifiers>
        <isOriginalCosponsor>False</isOriginalCosponsor>
        <bioguideId>T000238</bioguideId>
        <fullName>Rep. Thornberry, Mac [R-TX-13]</fullName>
        <middleName>M.</middleName>
        <sponsorshipWithdrawnDate />
      </item>
      <item>
        <lastName>Marchant</lastName>
        <sponsorshipDate>2013-08-02</sponsorshipDate>
        <firstName>Kenny</firstName>
        <identifiers>
          <lisID>1806</lisID>
          <gpoId>8766</gpoId>
          <bioguideId>M001158</bioguideId>
        </identifiers>
        <isOriginalCosponsor>False</isOriginalCosponsor>
        <bioguideId>M001158</bioguideId>
        <fullName>Rep. Marchant, Kenny [R-TX-24]</fullName>
        <middleName />
        <sponsorshipWithdrawnDate />
      </item>
      <item>
        <lastName>Roe</lastName>
        <sponsorshipDate>2013-08-02</sponsorshipDate>
        <firstName>David</firstName>
        <identifiers>
          <lisID>1954</lisID>
          <bioguideId>R000582</bioguideId>
          <gpoId>8148</gpoId>
        </identifiers>
        <isOriginalCosponsor>False</isOriginalCosponsor>
        <bioguideId>R000582</bioguideId>
        <fullName>Rep. Roe, David P. [R-TN-1]</fullName>
        <middleName>P.</middleName>
        <sponsorshipWithdrawnDate />
      </item>
      <item>
        <lastName>MCINTYRE</lastName>
        <sponsorshipDate>2013-08-02</sponsorshipDate>
        <firstName>MIKE</firstName>
        <identifiers>
          <gpoId>8030</gpoId>
          <lisID>1505</lisID>
          <bioguideId>M000485</bioguideId>
        </identifiers>
        <isOriginalCosponsor>False</isOriginalCosponsor>
        <bioguideId>M000485</bioguideId>
        <fullName>Rep. McIntyre, Mike [D-NC-7]</fullName>
        <middleName />
        <sponsorshipWithdrawnDate />
      </item>
      <item>
        <lastName>WHITFIELD</lastName>
        <sponsorshipDate>2013-09-09</sponsorshipDate>
        <firstName>EDWARD</firstName>
        <identifiers>
          <lisID>1222</lisID>
          <bioguideId>W000413</bioguideId>
          <gpoId>7953</gpoId>
        </identifiers>
        <isOriginalCosponsor>False</isOriginalCosponsor>
        <bioguideId>W000413</bioguideId>
        <fullName>Rep. Whitfield, Ed [R-KY-1]</fullName>
        <middleName />
        <sponsorshipWithdrawnDate />
      </item>
      <item>
        <lastName>Fitzpatrick</lastName>
        <sponsorshipDate>2013-09-09</sponsorshipDate>
        <firstName>Michael</firstName>
        <identifiers>
          <gpoId>8126</gpoId>
          <bioguideId>F000451</bioguideId>
          <lisID>1797</lisID>
        </identifiers>
        <isOriginalCosponsor>False</isOriginalCosponsor>
        <bioguideId>F000451</bioguideId>
        <fullName>Rep. Fitzpatrick, Michael G. [R-PA-8]</fullName>
        <middleName>G.</middleName>
        <sponsorshipWithdrawnDate />
      </item>
      <item>
        <lastName>Long</lastName>
        <sponsorshipDate>2013-09-09</sponsorshipDate>
        <firstName>Billy</firstName>
        <identifiers>
          <gpoId>8015</gpoId>
          <bioguideId>L000576</bioguideId>
          <lisID>2033</lisID>
        </identifiers>
        <isOriginalCosponsor>False</isOriginalCosponsor>
        <bioguideId>L000576</bioguideId>
        <fullName>Rep. Long, Billy [R-MO-7]</fullName>
        <middleName />
        <sponsorshipWithdrawnDate />
      </item>
      <item>
        <lastName>Buchanan</lastName>
        <sponsorshipDate>2013-09-10</sponsorshipDate>
        <firstName>Vern</firstName>
        <identifiers>
          <lisID>1840</lisID>
          <bioguideId>B001260</bioguideId>
          <gpoId>7885</gpoId>
        </identifiers>
        <isOriginalCosponsor>False</isOriginalCosponsor>
        <bioguideId>B001260</bioguideId>
        <fullName>Rep. Buchanan, Vern [R-FL-16]</fullName>
        <middleName />
        <sponsorshipWithdrawnDate />
      </item>
      <item>
        <lastName>Price</lastName>
        <sponsorshipDate>2013-09-10</sponsorshipDate>
        <firstName>Tom</firstName>
        <identifiers>
          <gpoId>7903</gpoId>
          <bioguideId>P000591</bioguideId>
          <lisID>1778</lisID>
        </identifiers>
        <isOriginalCosponsor>False</isOriginalCosponsor>
        <bioguideId>P000591</bioguideId>
        <fullName>Rep. Price, Tom [R-GA-6]</fullName>
        <middleName />
        <sponsorshipWithdrawnDate />
      </item>
      <item>
        <lastName>Miller</lastName>
        <sponsorshipDate>2013-09-12</sponsorshipDate>
        <firstName>Jeff</firstName>
        <identifiers>
          <bioguideId>M001144</bioguideId>
          <lisID>1685</lisID>
          <gpoId>7873</gpoId>
        </identifiers>
        <isOriginalCosponsor>False</isOriginalCosponsor>
        <bioguideId>M001144</bioguideId>
        <fullName>Rep. Miller, Jeff [R-FL-1]</fullName>
        <middleName />
        <sponsorshipWithdrawnDate />
      </item>
      <item>
        <lastName>Davis</lastName>
        <sponsorshipDate>2013-09-12</sponsorshipDate>
        <firstName>Rodney</firstName>
        <identifiers>
          <gpoId />
          <lisID>2126</lisID>
          <bioguideId>D000619</bioguideId>
        </identifiers>
        <isOriginalCosponsor>False</isOriginalCosponsor>
        <bioguideId>D000619</bioguideId>
        <fullName>Rep. Davis, Rodney [R-IL-13]</fullName>
        <middleName />
        <sponsorshipWithdrawnDate />
      </item>
      <item>
        <lastName>MCCOLLUM</lastName>
        <sponsorshipDate>2013-09-17</sponsorshipDate>
        <firstName>BETTY</firstName>
        <identifiers>
          <gpoId>8004</gpoId>
          <bioguideId>M001143</bioguideId>
          <lisID>1653</lisID>
        </identifiers>
        <isOriginalCosponsor>False</isOriginalCosponsor>
        <bioguideId>M001143</bioguideId>
        <fullName>Rep. McCollum, Betty [D-MN-4]</fullName>
        <middleName />
        <sponsorshipWithdrawnDate />
      </item>
      <item>
        <lastName>BRADY</lastName>
        <sponsorshipDate>2013-09-17</sponsorshipDate>
        <firstName>KEVIN</firstName>
        <identifiers>
          <lisID>1468</lisID>
          <bioguideId>B000755</bioguideId>
          <gpoId>8164</gpoId>
        </identifiers>
        <isOriginalCosponsor>False</isOriginalCosponsor>
        <bioguideId>B000755</bioguideId>
        <fullName>Rep. Brady, Kevin [R-TX-8]</fullName>
        <middleName />
        <sponsorshipWithdrawnDate />
      </item>
      <item>
        <lastName>Lummis</lastName>
        <sponsorshipDate>2013-09-17</sponsorshipDate>
        <firstName>Cynthia</firstName>
        <identifiers>
          <bioguideId>L000571</bioguideId>
          <lisID>1960</lisID>
          <gpoId>8225</gpoId>
        </identifiers>
        <isOriginalCosponsor>False</isOriginalCosponsor>
        <bioguideId>L000571</bioguideId>
        <fullName>Rep. Lummis, Cynthia M. [R-WY-At Large]</fullName>
        <middleName>M.</middleName>
        <sponsorshipWithdrawnDate />
      </item>
      <item>
        <lastName>Forbes</lastName>
        <sponsorshipDate>2013-09-17</sponsorshipDate>
        <firstName>J.</firstName>
        <identifiers>
          <bioguideId>F000445</bioguideId>
          <lisID>1683</lisID>
          <gpoId>8786</gpoId>
        </identifiers>
        <isOriginalCosponsor>False</isOriginalCosponsor>
        <bioguideId>F000445</bioguideId>
        <fullName>Rep. Forbes, J. Randy [R-VA-4]</fullName>
        <middleName>Randy</middleName>
        <sponsorshipWithdrawnDate />
      </item>
      <item>
        <lastName>Hunter</lastName>
        <sponsorshipDate>2013-09-17</sponsorshipDate>
        <firstName>Duncan</firstName>
        <identifiers>
          <bioguideId>H001048</bioguideId>
          <lisID>1909</lisID>
          <gpoId>7857</gpoId>
        </identifiers>
        <isOriginalCosponsor>False</isOriginalCosponsor>
        <bioguideId>H001048</bioguideId>
        <fullName>Rep. Hunter, Duncan D. [R-CA-50]</fullName>
        <middleName>D.</middleName>
        <sponsorshipWithdrawnDate />
      </item>
      <item>
        <lastName>Beatty</lastName>
        <sponsorshipDate>2013-09-25</sponsorshipDate>
        <firstName>Joyce</firstName>
        <identifiers>
          <bioguideId>B001281</bioguideId>
          <lisID>2153</lisID>
          <gpoId />
        </identifiers>
        <isOriginalCosponsor>False</isOriginalCosponsor>
        <bioguideId>B001281</bioguideId>
        <fullName>Rep. Beatty, Joyce [D-OH-3]</fullName>
        <middleName />
        <sponsorshipWithdrawnDate />
      </item>
      <item>
        <lastName>LEWIS</lastName>
        <sponsorshipDate>2013-09-25</sponsorshipDate>
        <firstName>JOHN</firstName>
        <identifiers>
          <gpoId>7902</gpoId>
          <bioguideId>L000287</bioguideId>
          <lisID>688</lisID>
        </identifiers>
        <isOriginalCosponsor>False</isOriginalCosponsor>
        <bioguideId>L000287</bioguideId>
        <fullName>Rep. Lewis, John [D-GA-5]</fullName>
        <middleName />
        <sponsorshipWithdrawnDate />
      </item>
      <item>
        <lastName>Cohen</lastName>
        <sponsorshipDate>2013-10-22</sponsorshipDate>
        <firstName>Steve</firstName>
        <identifiers>
          <lisID>1878</lisID>
          <gpoId>8156</gpoId>
          <bioguideId>C001068</bioguideId>
        </identifiers>
        <isOriginalCosponsor>False</isOriginalCosponsor>
        <bioguideId>C001068</bioguideId>
        <fullName>Rep. Cohen, Steve [D-TN-9]</fullName>
        <middleName />
        <sponsorshipWithdrawnDate />
      </item>
      <item>
        <lastName>ROYBAL-ALLARD</lastName>
        <sponsorshipDate>2013-10-22</sponsorshipDate>
        <firstName>LUCILLE</firstName>
        <identifiers>
          <lisID>997</lisID>
          <bioguideId>R000486</bioguideId>
          <gpoId>7839</gpoId>
        </identifiers>
        <isOriginalCosponsor>False</isOriginalCosponsor>
        <bioguideId>R000486</bioguideId>
        <fullName>Rep. Roybal-Allard, Lucille [D-CA-40]</fullName>
        <middleName />
        <sponsorshipWithdrawnDate />
      </item>
      <item>
        <lastName>Kelly</lastName>
        <sponsorshipDate>2013-10-29</sponsorshipDate>
        <firstName>Mike</firstName>
        <identifiers>
          <bioguideId>K000376</bioguideId>
          <lisID>2051</lisID>
          <gpoId>8708</gpoId>
        </identifiers>
        <isOriginalCosponsor>False</isOriginalCosponsor>
        <bioguideId>K000376</bioguideId>
        <fullName>Rep. Kelly, Mike [R-PA-3]</fullName>
        <middleName />
        <sponsorshipWithdrawnDate />
      </item>
      <item>
        <lastName>SCHIFF</lastName>
        <sponsorshipDate>2013-11-14</sponsorshipDate>
        <firstName>ADAM</firstName>
        <identifiers>
          <bioguideId>S001150</bioguideId>
          <lisID>1635</lisID>
          <gpoId>7834</gpoId>
        </identifiers>
        <isOriginalCosponsor>False</isOriginalCosponsor>
        <bioguideId>S001150</bioguideId>
        <fullName>Rep. Schiff, Adam B. [D-CA-28]</fullName>
        <middleName>B.</middleName>
        <sponsorshipWithdrawnDate />
      </item>
      <item>
        <lastName>Foxx</lastName>
        <sponsorshipDate>2013-11-18</sponsorshipDate>
        <firstName>Virginia</firstName>
        <identifiers>
          <bioguideId>F000450</bioguideId>
          <lisID>1791</lisID>
          <gpoId>8028</gpoId>
        </identifiers>
        <isOriginalCosponsor>False</isOriginalCosponsor>
        <bioguideId>F000450</bioguideId>
        <fullName>Rep. Foxx, Virginia [R-NC-5]</fullName>
        <middleName />
        <sponsorshipWithdrawnDate />
      </item>
      <item>
        <lastName>Brooks</lastName>
        <sponsorshipDate>2014-01-07</sponsorshipDate>
        <firstName>Susan</firstName>
        <identifiers>
          <lisID>2129</lisID>
          <bioguideId>B001284</bioguideId>
          <gpoId />
        </identifiers>
        <isOriginalCosponsor>False</isOriginalCosponsor>
        <bioguideId>B001284</bioguideId>
        <fullName>Rep. Brooks, Susan W. [R-IN-5]</fullName>
        <middleName>W.</middleName>
        <sponsorshipWithdrawnDate />
      </item>
    </cosponsors>
    <updateDate>2016-10-25T15:58:28Z</updateDate>
    <amendments />
    <originChamber>House</originChamber>
    <subjects>
      <billSubjects>
        <policyArea>
          <name>Taxation</name>
        </policyArea>
        <legislativeSubjects>
          <item>
            <name>Computers and information technology</name>
          </item>
          <item>
            <name>Internet and video services</name>
          </item>
          <item>
            <name>Tax administration and collection, taxpayers</name>
          </item>
        </legislativeSubjects>
      </billSubjects>
    </subjects>
    <policyArea>
      <name>Taxation</name>
    </policyArea>
    <congress>113</congress>
    <constitutionalAuthorityStatementText><![CDATA[<pre>By Mr. ROSKAM:H.R. 495.Congress has the power to enact this legislation pursuantto the following:Congress has the power to enact this legislation pursuantto Article I, Section 8, which states ``The Congress shallhave Power To lay and collect Taxes,'' and Article I, Section7, which states ``All Bills for raising Revenue shalloriginate in the House of Representatives.''[Page H371]</pre>]]></constitutionalAuthorityStatementText>
    <summaries>
      <billSummaries>
        <item>
          <updateDate>2013-02-05T05:00:00Z</updateDate>
          <text><![CDATA[<p>Free File Program Act of 2013 - Authorizes and directs the Secretary of the Treasury to continue to implement and operate the Internal Revenue Service (IRS) Free File program (free online individual income tax preparation and electronic filing services provided by the private sector technology industry to lower income taxpayers).</p>]]></text>
          <actionDate>2013-02-05</actionDate>
          <actionDesc>Introduced in House</actionDesc>
          <name>Introduced in House</name>
          <lastSummaryUpdateDate>2013-02-12T21:55:19Z</lastSummaryUpdateDate>
          <versionCode>00</versionCode>
        </item>
      </billSummaries>
    </summaries>
    <sponsors>
      <item>
        <fullName>Rep. Roskam, Peter J. [R-IL-6]</fullName>
        <byRequestType />
        <bioguideId>R000580</bioguideId>
        <firstName>Peter</firstName>
        <middleName>J.</middleName>
        <identifiers>
          <gpoId>7926</gpoId>
          <bioguideId>R000580</bioguideId>
          <lisID>1848</lisID>
        </identifiers>
        <lastName>Roskam</lastName>
      </item>
    </sponsors>
    <calendarNumbers />
    <laws />
    <introducedDate>2013-02-05</introducedDate>
    <billNumber>495</billNumber>
    <actions>
      <actionByCounts>
        <houseOfRepresentatives>3</houseOfRepresentatives>
      </actionByCounts>
      <actionTypeCounts>
        <billReferrals>1</billReferrals>
        <introducedInHouse>1</introducedInHouse>
        <introducedInTheHouse>1</introducedInTheHouse>
      </actionTypeCounts>
      <item>
        <sourceSystem>
          <code>2</code>
          <name>House floor actions</name>
        </sourceSystem>
        <type>IntroReferral</type>
        <actionDate>2013-02-05</actionDate>
        <text>Referred to the House Committee on Ways and Means.</text>
        <committee>
          <name>Ways and Means Committee</name>
          <systemCode>hswm00</systemCode>
        </committee>
        <actionCode>H11100</actionCode>
        <links />
      </item>
      <item>
        <sourceSystem>
          <code>9</code>
          <name>Library of Congress</name>
        </sourceSystem>
        <type>IntroReferral</type>
        <actionDate>2013-02-05</actionDate>
        <text>Introduced in House</text>
        <committee />
        <actionCode>Intro-H</actionCode>
        <links />
      </item>
      <item>
        <sourceSystem>
          <code>9</code>
          <name>Library of Congress</name>
        </sourceSystem>
        <type>IntroReferral</type>
        <actionDate>2013-02-05</actionDate>
        <text>Introduced in House</text>
        <committee />
        <actionCode>1000</actionCode>
        <links />
      </item>
    </actions>
    <notes />
    <titles>
      <item>
        <chamberName />
        <titleType>Short Titles as Introduced</titleType>
        <title>Free File Program Act of 2013</title>
        <chamberCode />
        <parentTitleType />
      </item>
      <item>
        <chamberName />
        <titleType>Official Title as Introduced</titleType>
        <title>To make the Internal Revenue Service Free File Program permanent.</title>
        <chamberCode />
        <parentTitleType />
      </item>
      <item>
        <chamberName />
        <titleType>Display Title</titleType>
        <title>Free File Program Act of 2013</title>
        <chamberCode />
        <parentTitleType />
      </item>
    </titles>
    <recordedVotes />
    <committees>
      <billCommittees>
        <item>
          <subcommittees />
          <name>Ways and Means Committee</name>
          <type>Standing</type>
          <activities>
            <item>
              <name>Referred to</name>
              <date>2013-02-05T15:00:54Z</date>
            </item>
          </activities>
          <chamber>House</chamber>
          <systemCode>hswm00</systemCode>
        </item>
      </billCommittees>
    </committees>
  </bill>
  <dublinCore xmlns:dc="http://purl.org/dc/elements/1.1/">
    <dc:format>text/xml</dc:format>
    <dc:language>EN</dc:language>
    <dc:rights>Pursuant to Title 17 Section 105 of the United States Code, this file is not subject to copyright protection and is in the public domain.</dc:rights>
    <dc:contributor>Congressional Research Service, Library of Congress</dc:contributor>
    <dc:description>This file contains bill summaries and statuses for federal legislation. A bill summary describes the most significant provisions of a piece of legislation and details the effects the legislative text may have on current law and federal programs. Bill summaries are authored by the Congressional Research Service (CRS) of the Library of Congress. As stated in Public Law 91-510 (2 USC 166 (d)(6)), one of the duties of CRS is "to prepare summaries and digests of bills and resolutions of a public general nature introduced in the Senate or House of Representatives". For more information, refer to the User Guide that accompanies this file.</dc:description>
  </dublinCore>
</billStatus>

