<?xml version="1.0" encoding="UTF-8"?>
<billStatus>
  <bill>
    <constitutionalAuthorityStatementText><![CDATA[<pre>By Mr. PIERLUISI:H.R. 364.Congress has the power to enact this legislation pursuantto the following:The constitutional authority on which this bill rests isthe power of the Congress to provide for the general welfareof the United States, as enumerated in Article I, Section 8,Clause 1 of the United States Constitution; to make all lawswhich shall be necessary and proper for carrying intoexecution such power, as enumerated in Article I, Section 8,Clause 18 of the Constitution; and to make rules andregulations respecting the U.S. territories, as enumerated inArticle IV, Section 3, Clause 2 of the Constitution.[Page H282]</pre>]]></constitutionalAuthorityStatementText>
    <latestAction>
      <links />
      <actionDate>2013-02-04</actionDate>
      <text>Referred to the Subcommittee on Human Resources.</text>
    </latestAction>
    <congress>113</congress>
    <summaries>
      <billSummaries>
        <item>
          <updateDate>2013-01-23T05:00:00Z</updateDate>
          <text><![CDATA[<p>Supplemental Security Income Equality Act - Amends the Social Security Amendments of 1972 to extend the Supplemental Security Income (SSI) program under title XVI of the Social Security Act to Puerto Rico, the United States Virgin Islands, Guam, and American Samoa.</p>]]></text>
          <actionDate>2013-01-23</actionDate>
          <actionDesc>Introduced in House</actionDesc>
          <name>Introduced in House</name>
          <lastSummaryUpdateDate>2013-02-25T21:50:22Z</lastSummaryUpdateDate>
          <versionCode>00</versionCode>
        </item>
      </billSummaries>
    </summaries>
    <cboCostEstimates />
    <calendarNumbers />
    <billType>HR</billType>
    <committees>
      <billCommittees>
        <item>
          <subcommittees>
            <item>
              <name>Human Resources Subcommittee</name>
              <activities>
                <item>
                  <name>Referred to</name>
                  <date>2013-02-04T21:41:47Z</date>
                </item>
              </activities>
              <systemCode>hswm03</systemCode>
            </item>
          </subcommittees>
          <name>Ways and Means Committee</name>
          <type>Standing</type>
          <activities>
            <item>
              <name>Referred to</name>
              <date>2013-01-23T14:08:30Z</date>
            </item>
          </activities>
          <chamber>House</chamber>
          <systemCode>hswm00</systemCode>
        </item>
      </billCommittees>
    </committees>
    <introducedDate>2013-01-23</introducedDate>
    <recordedVotes />
    <titles>
      <item>
        <chamberName />
        <parentTitleType />
        <titleType>Short Titles as Introduced</titleType>
        <chamberCode />
        <title>Supplemental Security Income Equality Act</title>
      </item>
      <item>
        <chamberName />
        <parentTitleType />
        <titleType>Official Title as Introduced</titleType>
        <chamberCode />
        <title>To extend the supplemental security income program to Puerto Rico, the United States Virgin Islands, Guam, and American Samoa, and for other purposes.</title>
      </item>
      <item>
        <chamberName />
        <parentTitleType />
        <titleType>Display Title</titleType>
        <chamberCode />
        <title>Supplemental Security Income Equality Act</title>
      </item>
    </titles>
    <sponsors>
      <item>
        <bioguideId>P000596</bioguideId>
        <fullName>Rep. Pierluisi, Pedro R. [D-PR-At Large]</fullName>
        <byRequestType />
        <lastName>Pierluisi</lastName>
        <firstName>Pedro</firstName>
        <middleName>R.</middleName>
        <identifiers>
          <bioguideId>P000596</bioguideId>
          <lisID>1953</lisID>
          <gpoId>8138</gpoId>
        </identifiers>
      </item>
    </sponsors>
    <laws />
    <originChamber>House</originChamber>
    <createDate>2013-01-24T07:00:55Z</createDate>
    <notes />
    <title>Supplemental Security Income Equality Act</title>
    <policyArea>
      <name>Social Welfare</name>
    </policyArea>
    <billNumber>364</billNumber>
    <committeeReports />
    <subjects>
      <billSubjects>
        <policyArea>
          <name>Social Welfare</name>
        </policyArea>
        <legislativeSubjects>
          <item>
            <name>Administrative remedies</name>
          </item>
          <item>
            <name>American Samoa</name>
          </item>
          <item>
            <name>Caribbean area</name>
          </item>
          <item>
            <name>Guam</name>
          </item>
          <item>
            <name>Poverty and welfare assistance</name>
          </item>
          <item>
            <name>Puerto Rico</name>
          </item>
          <item>
            <name>Social Security Administration</name>
          </item>
          <item>
            <name>U.S. territories and protectorates</name>
          </item>
          <item>
            <name>Virgin Islands</name>
          </item>
        </legislativeSubjects>
      </billSubjects>
    </subjects>
    <relatedBills />
    <updateDate>2016-10-25T15:58:04Z</updateDate>
    <amendments />
    <actions>
      <item>
        <actionDate>2013-02-04</actionDate>
        <committee>
          <systemCode>hswm03</systemCode>
          <name>Human Resources Subcommittee</name>
        </committee>
        <links />
        <sourceSystem>
          <name>House committee actions</name>
          <code>1</code>
        </sourceSystem>
        <text>Referred to the Subcommittee on Human Resources.</text>
        <type>Committee</type>
      </item>
      <item>
        <committee>
          <systemCode>hswm00</systemCode>
          <name>Ways and Means Committee</name>
        </committee>
        <type>IntroReferral</type>
        <links />
        <actionCode>H11100</actionCode>
        <sourceSystem>
          <name>House floor actions</name>
          <code>2</code>
        </sourceSystem>
        <actionDate>2013-01-23</actionDate>
        <text>Referred to the House Committee on Ways and Means.</text>
      </item>
      <item>
        <committee />
        <type>IntroReferral</type>
        <links>
          <link>
            <name>CR 1/22/2013 H183</name>
            <url>/congressional-record/2013/house-section/page/H183</url>
          </link>
        </links>
        <actionCode>B00100</actionCode>
        <sourceSystem>
          <name>Library of Congress</name>
          <code>9</code>
        </sourceSystem>
        <actionDate>2013-01-23</actionDate>
        <text>Sponsor introductory remarks on measure. (CR 1/22/2013 H183)</text>
      </item>
      <item>
        <committee />
        <type>IntroReferral</type>
        <links />
        <actionCode>Intro-H</actionCode>
        <sourceSystem>
          <name>Library of Congress</name>
          <code>9</code>
        </sourceSystem>
        <actionDate>2013-01-23</actionDate>
        <text>Introduced in House</text>
      </item>
      <item>
        <committee />
        <type>IntroReferral</type>
        <links />
        <actionCode>1000</actionCode>
        <sourceSystem>
          <name>Library of Congress</name>
          <code>9</code>
        </sourceSystem>
        <actionDate>2013-01-23</actionDate>
        <text>Introduced in House</text>
      </item>
      <actionByCounts>
        <houseOfRepresentatives>4</houseOfRepresentatives>
      </actionByCounts>
      <actionTypeCounts>
        <placeholderTextForB>1</placeholderTextForB>
        <introducedInTheHouse>1</introducedInTheHouse>
        <placeholderTextForH>1</placeholderTextForH>
        <billReferrals>1</billReferrals>
        <introducedInHouse>1</introducedInHouse>
      </actionTypeCounts>
    </actions>
    <cosponsors>
      <item>
        <sponsorshipDate>2013-01-23</sponsorshipDate>
        <lastName>Faleomavaega</lastName>
        <middleName>F. H.</middleName>
        <firstName>Eni</firstName>
        <fullName>Rep. Faleomavaega, Eni F. H. [D-AS-At Large]</fullName>
        <bioguideId>F000010</bioguideId>
        <identifiers>
          <bioguideId>F000010</bioguideId>
          <lisID>367</lisID>
          <gpoId>7797</gpoId>
        </identifiers>
        <sponsorshipWithdrawnDate />
        <isOriginalCosponsor>True</isOriginalCosponsor>
      </item>
      <item>
        <sponsorshipDate>2013-01-23</sponsorshipDate>
        <lastName>CHRISTENSEN</lastName>
        <middleName>M.</middleName>
        <firstName>DONNA</firstName>
        <fullName>Rep. Christensen, Donna M. [D-VI-At Large]</fullName>
        <bioguideId>C000380</bioguideId>
        <identifiers>
          <gpoId>8203</gpoId>
          <lisID>1474</lisID>
          <bioguideId>C000380</bioguideId>
        </identifiers>
        <sponsorshipWithdrawnDate />
        <isOriginalCosponsor>True</isOriginalCosponsor>
      </item>
      <item>
        <sponsorshipDate>2013-01-23</sponsorshipDate>
        <lastName>Bordallo</lastName>
        <middleName>Z.</middleName>
        <firstName>Madeleine</firstName>
        <fullName>Rep. Bordallo, Madeleine Z. [D-GU-At Large]</fullName>
        <bioguideId>B001245</bioguideId>
        <identifiers>
          <lisID>1723</lisID>
          <gpoId>7911</gpoId>
          <bioguideId>B001245</bioguideId>
        </identifiers>
        <sponsorshipWithdrawnDate />
        <isOriginalCosponsor>True</isOriginalCosponsor>
      </item>
      <item>
        <sponsorshipDate>2013-01-23</sponsorshipDate>
        <lastName>Sablan</lastName>
        <middleName>Kilili Camacho</middleName>
        <firstName>Gregorio</firstName>
        <fullName>Rep. Sablan, Gregorio Kilili Camacho [D-MP-At Large]</fullName>
        <bioguideId>S001177</bioguideId>
        <identifiers>
          <gpoId>8018</gpoId>
          <bioguideId>S001177</bioguideId>
          <lisID>1962</lisID>
        </identifiers>
        <sponsorshipWithdrawnDate />
        <isOriginalCosponsor>True</isOriginalCosponsor>
      </item>
      <item>
        <sponsorshipDate>2013-01-23</sponsorshipDate>
        <lastName>SERRANO</lastName>
        <middleName>E.</middleName>
        <firstName>JOSE</firstName>
        <fullName>Rep. Serrano, Jose E. [D-NY-15]</fullName>
        <bioguideId>S000248</bioguideId>
        <identifiers>
          <gpoId>8077</gpoId>
          <lisID>1042</lisID>
          <bioguideId>S000248</bioguideId>
        </identifiers>
        <sponsorshipWithdrawnDate />
        <isOriginalCosponsor>True</isOriginalCosponsor>
      </item>
    </cosponsors>
  </bill>
  <dublinCore xmlns:dc="http://purl.org/dc/elements/1.1/">
    <dc:format>text/xml</dc:format>
    <dc:language>EN</dc:language>
    <dc:rights>Pursuant to Title 17 Section 105 of the United States Code, this file is not subject to copyright protection and is in the public domain.</dc:rights>
    <dc:contributor>Congressional Research Service, Library of Congress</dc:contributor>
    <dc:description>This file contains bill summaries and statuses for federal legislation. A bill summary describes the most significant provisions of a piece of legislation and details the effects the legislative text may have on current law and federal programs. Bill summaries are authored by the Congressional Research Service (CRS) of the Library of Congress. As stated in Public Law 91-510 (2 USC 166 (d)(6)), one of the duties of CRS is "to prepare summaries and digests of bills and resolutions of a public general nature introduced in the Senate or House of Representatives". For more information, refer to the User Guide that accompanies this file.</dc:description>
  </dublinCore>
</billStatus>

