<?xml version="1.0" encoding="UTF-8"?>
<billStatus>
  <bill>
    <billNumber>590</billNumber>
    <titles>
      <item>
        <parentTitleType />
        <title>For the relief of Nery Antonio Velasquez-Roblero.</title>
        <chamberName />
        <chamberCode />
        <titleType>Official Title as Introduced</titleType>
      </item>
      <item>
        <parentTitleType />
        <title>For the relief of Nery Antonio Velasquez-Roblero.</title>
        <chamberName />
        <chamberCode />
        <titleType>Display Title</titleType>
      </item>
    </titles>
    <actions>
      <item>
        <actionDate>2013-02-06</actionDate>
        <committee>
          <systemCode>hsju01</systemCode>
          <name>Immigration and Border Security Subcommittee</name>
        </committee>
        <links />
        <sourceSystem>
          <name>House committee actions</name>
          <code>1</code>
        </sourceSystem>
        <text>Referred to the Subcommittee on Immigration and Border Security.</text>
        <type>Committee</type>
      </item>
      <item>
        <committee>
          <systemCode>hsju00</systemCode>
          <name>Judiciary Committee</name>
        </committee>
        <type>IntroReferral</type>
        <links />
        <actionCode>H11100</actionCode>
        <sourceSystem>
          <name>House floor actions</name>
          <code>2</code>
        </sourceSystem>
        <actionDate>2013-02-06</actionDate>
        <text>Referred to the House Committee on the Judiciary.</text>
      </item>
      <item>
        <committee />
        <type>IntroReferral</type>
        <links />
        <actionCode>Intro-H</actionCode>
        <sourceSystem>
          <name>Library of Congress</name>
          <code>9</code>
        </sourceSystem>
        <actionDate>2013-02-06</actionDate>
        <text>Introduced in House</text>
      </item>
      <item>
        <committee />
        <type>IntroReferral</type>
        <links />
        <actionCode>1000</actionCode>
        <sourceSystem>
          <name>Library of Congress</name>
          <code>9</code>
        </sourceSystem>
        <actionDate>2013-02-06</actionDate>
        <text>Introduced in House</text>
      </item>
      <actionByCounts>
        <houseOfRepresentatives>4</houseOfRepresentatives>
      </actionByCounts>
      <actionTypeCounts>
        <introducedInTheHouse>1</introducedInTheHouse>
        <placeholderTextForH>1</placeholderTextForH>
        <billReferrals>1</billReferrals>
        <introducedInHouse>1</introducedInHouse>
      </actionTypeCounts>
    </actions>
    <updateDate>2016-10-25T15:58:47Z</updateDate>
    <summaries>
      <billSummaries>
        <item>
          <text><![CDATA[Provides for the relief of Nery Antonio Velasquez-Roblero.]]></text>
          <name>Introduced in House</name>
          <versionCode>00</versionCode>
          <actionDate>2013-02-06</actionDate>
          <actionDesc>Introduced in House</actionDesc>
          <lastSummaryUpdateDate>2013-02-07T09:02:31Z</lastSummaryUpdateDate>
          <updateDate>2013-02-06T05:00:00Z</updateDate>
        </item>
      </billSummaries>
    </summaries>
    <sponsors>
      <item>
        <firstName>ED</firstName>
        <fullName>Rep. Pastor, Ed [D-AZ-7]</fullName>
        <middleName />
        <bioguideId>P000099</bioguideId>
        <byRequestType />
        <lastName>PASTOR</lastName>
        <identifiers>
          <lisID>893</lisID>
          <gpoId>7801</gpoId>
          <bioguideId>P000099</bioguideId>
        </identifiers>
      </item>
    </sponsors>
    <introducedDate>2013-02-06</introducedDate>
    <notes />
    <committees>
      <billCommittees>
        <item>
          <subcommittees>
            <item>
              <systemCode>hsju01</systemCode>
              <activities>
                <item>
                  <name>Referred to</name>
                  <date>2013-02-06T15:21:52Z</date>
                </item>
              </activities>
              <name>Immigration and Border Security Subcommittee</name>
            </item>
          </subcommittees>
          <activities>
            <item>
              <name>Referred to</name>
              <date>2013-02-06T14:07:05Z</date>
            </item>
          </activities>
          <type>Standing</type>
          <systemCode>hsju00</systemCode>
          <chamber>House</chamber>
          <name>Judiciary Committee</name>
        </item>
      </billCommittees>
    </committees>
    <congress>113</congress>
    <createDate>2013-02-07T07:00:56Z</createDate>
    <policyArea>
      <name>Private Legislation</name>
    </policyArea>
    <laws />
    <billType>HR</billType>
    <subjects>
      <billSubjects>
        <policyArea>
          <name>Private Legislation</name>
        </policyArea>
        <legislativeSubjects />
      </billSubjects>
    </subjects>
    <cosponsors />
    <calendarNumbers />
    <relatedBills />
    <amendments />
    <recordedVotes />
    <title>For the relief of Nery Antonio Velasquez-Roblero.</title>
    <latestAction>
      <actionDate>2013-02-06</actionDate>
      <text>Referred to the Subcommittee on Immigration and Border Security.</text>
      <links />
    </latestAction>
    <constitutionalAuthorityStatementText><![CDATA[<pre>By Mr. PASTOR of Arizona:H.R. 590.Congress has the power to enact this legislation pursuantto the following:Article I, section 8, clause 4[Page H416]</pre>]]></constitutionalAuthorityStatementText>
    <cboCostEstimates />
    <originChamber>House</originChamber>
    <committeeReports />
  </bill>
  <dublinCore xmlns:dc="http://purl.org/dc/elements/1.1/">
    <dc:format>text/xml</dc:format>
    <dc:language>EN</dc:language>
    <dc:rights>Pursuant to Title 17 Section 105 of the United States Code, this file is not subject to copyright protection and is in the public domain.</dc:rights>
    <dc:contributor>Congressional Research Service, Library of Congress</dc:contributor>
    <dc:description>This file contains bill summaries and statuses for federal legislation. A bill summary describes the most significant provisions of a piece of legislation and details the effects the legislative text may have on current law and federal programs. Bill summaries are authored by the Congressional Research Service (CRS) of the Library of Congress. As stated in Public Law 91-510 (2 USC 166 (d)(6)), one of the duties of CRS is "to prepare summaries and digests of bills and resolutions of a public general nature introduced in the Senate or House of Representatives". For more information, refer to the User Guide that accompanies this file.</dc:description>
  </dublinCore>
</billStatus>

