<?xml version="1.0" encoding="UTF-8"?>
<billStatus>
  <bill>
    <sponsors>
      <item>
        <lastName>SCHIFF</lastName>
        <fullName>Rep. Schiff, Adam B. [D-CA-28]</fullName>
        <middleName>B.</middleName>
        <firstName>ADAM</firstName>
        <identifiers>
          <bioguideId>S001150</bioguideId>
          <lisID>1635</lisID>
          <gpoId>7834</gpoId>
        </identifiers>
        <byRequestType />
        <bioguideId>S001150</bioguideId>
      </item>
    </sponsors>
    <latestAction>
      <links />
      <text>Referred to the Subcommittee on Crime, Terrorism, Homeland Security, And Investigations.</text>
      <actionDate>2013-02-28</actionDate>
    </latestAction>
    <laws />
    <createDate>2013-01-24T07:00:55Z</createDate>
    <updateDate>2016-10-25T15:58:12Z</updateDate>
    <committees>
      <billCommittees>
        <item>
          <subcommittees>
            <item>
              <systemCode>hsju08</systemCode>
              <name>Crime, Terrorism, Homeland Security, and Investigations Subcommittee</name>
              <activities>
                <item>
                  <name>Referred to</name>
                  <date>2013-02-28T21:32:04Z</date>
                </item>
              </activities>
            </item>
          </subcommittees>
          <chamber>House</chamber>
          <systemCode>hsju00</systemCode>
          <type>Standing</type>
          <activities>
            <item>
              <name>Referred to</name>
              <date>2013-01-23T14:02:25Z</date>
            </item>
          </activities>
          <name>Judiciary Committee</name>
        </item>
      </billCommittees>
    </committees>
    <title>Straw Purchaser Penalty Enhancement Act</title>
    <introducedDate>2013-01-23</introducedDate>
    <relatedBills />
    <billNumber>404</billNumber>
    <amendments />
    <subjects>
      <billSubjects>
        <policyArea>
          <name>Crime and Law Enforcement</name>
        </policyArea>
        <legislativeSubjects>
          <item>
            <name>Criminal procedure and sentencing</name>
          </item>
          <item>
            <name>Firearms and explosives</name>
          </item>
        </legislativeSubjects>
      </billSubjects>
    </subjects>
    <actions>
      <item>
        <actionDate>2013-02-28</actionDate>
        <committee>
          <systemCode>hsju08</systemCode>
          <name>Crime, Terrorism, Homeland Security, and Investigations Subcommittee</name>
        </committee>
        <links />
        <sourceSystem>
          <code>1</code>
          <name>House committee actions</name>
        </sourceSystem>
        <text>Referred to the Subcommittee on Crime, Terrorism, Homeland Security, And Investigations.</text>
        <type>Committee</type>
      </item>
      <item>
        <type>IntroReferral</type>
        <sourceSystem>
          <code>2</code>
          <name>House floor actions</name>
        </sourceSystem>
        <text>Referred to the House Committee on the Judiciary.</text>
        <committee>
          <systemCode>hsju00</systemCode>
          <name>Judiciary Committee</name>
        </committee>
        <actionDate>2013-01-23</actionDate>
        <links />
        <actionCode>H11100</actionCode>
      </item>
      <item>
        <type>IntroReferral</type>
        <sourceSystem>
          <code>9</code>
          <name>Library of Congress</name>
        </sourceSystem>
        <text>Introduced in House</text>
        <committee />
        <actionDate>2013-01-23</actionDate>
        <links />
        <actionCode>Intro-H</actionCode>
      </item>
      <item>
        <type>IntroReferral</type>
        <sourceSystem>
          <code>9</code>
          <name>Library of Congress</name>
        </sourceSystem>
        <text>Introduced in House</text>
        <committee />
        <actionDate>2013-01-23</actionDate>
        <links />
        <actionCode>1000</actionCode>
      </item>
      <actionTypeCounts>
        <introducedInTheHouse>1</introducedInTheHouse>
        <placeholderTextForH>1</placeholderTextForH>
        <introducedInHouse>1</introducedInHouse>
        <billReferrals>1</billReferrals>
      </actionTypeCounts>
      <actionByCounts>
        <houseOfRepresentatives>4</houseOfRepresentatives>
      </actionByCounts>
    </actions>
    <constitutionalAuthorityStatementText><![CDATA[<pre>By Mr. SCHIFF:H.R. 404.Congress has the power to enact this legislation pursuantto the following:The Straw Purchaser Penalty Enhancement Act isconstitutionally authorized under Article I, Section 8,Clause 3, the Commerce Clause and Article I, Section 8,Clause 18, the Necessary and Proper Clause. Additionally, thePreamble to the Constitution provides support of theauthority to enact legislation to promote the GeneralWelfare.[Page H283]</pre>]]></constitutionalAuthorityStatementText>
    <policyArea>
      <name>Crime and Law Enforcement</name>
    </policyArea>
    <cosponsors>
      <item>
        <sponsorshipDate>2013-01-23</sponsorshipDate>
        <lastName>LEE</lastName>
        <fullName>Rep. Lee, Barbara [D-CA-13]</fullName>
        <middleName />
        <firstName>BARBARA</firstName>
        <sponsorshipWithdrawnDate />
        <identifiers>
          <bioguideId>L000551</bioguideId>
          <lisID>1501</lisID>
          <gpoId>7814</gpoId>
        </identifiers>
        <isOriginalCosponsor>True</isOriginalCosponsor>
        <bioguideId>L000551</bioguideId>
      </item>
      <item>
        <sponsorshipDate>2013-01-23</sponsorshipDate>
        <lastName>MEEKS</lastName>
        <fullName>Rep. Meeks, Gregory W. [D-NY-5]</fullName>
        <middleName>W.</middleName>
        <firstName>GREGORY</firstName>
        <sponsorshipWithdrawnDate />
        <identifiers>
          <gpoId>8067</gpoId>
          <lisID>1506</lisID>
          <bioguideId>M001137</bioguideId>
        </identifiers>
        <isOriginalCosponsor>True</isOriginalCosponsor>
        <bioguideId>M001137</bioguideId>
      </item>
      <item>
        <sponsorshipDate>2013-01-23</sponsorshipDate>
        <lastName>Pierluisi</lastName>
        <fullName>Rep. Pierluisi, Pedro R. [D-PR-At Large]</fullName>
        <middleName>R.</middleName>
        <firstName>Pedro</firstName>
        <sponsorshipWithdrawnDate />
        <identifiers>
          <gpoId>8138</gpoId>
          <bioguideId>P000596</bioguideId>
          <lisID>1953</lisID>
        </identifiers>
        <isOriginalCosponsor>True</isOriginalCosponsor>
        <bioguideId>P000596</bioguideId>
      </item>
      <item>
        <sponsorshipDate>2013-01-23</sponsorshipDate>
        <lastName>NORTON</lastName>
        <fullName>Rep. Norton, Eleanor Holmes [D-DC-At Large]</fullName>
        <middleName>HOLMES</middleName>
        <firstName>ELEANOR</firstName>
        <sponsorshipWithdrawnDate />
        <identifiers>
          <lisID>868</lisID>
          <bioguideId>N000147</bioguideId>
          <gpoId>7871</gpoId>
        </identifiers>
        <isOriginalCosponsor>True</isOriginalCosponsor>
        <bioguideId>N000147</bioguideId>
      </item>
      <item>
        <sponsorshipDate>2013-01-23</sponsorshipDate>
        <lastName>MORAN</lastName>
        <fullName>Rep. Moran, James P. [D-VA-8]</fullName>
        <middleName>P.</middleName>
        <firstName>JAMES</firstName>
        <sponsorshipWithdrawnDate />
        <identifiers>
          <bioguideId>M000933</bioguideId>
          <lisID>832</lisID>
          <gpoId>8199</gpoId>
        </identifiers>
        <isOriginalCosponsor>True</isOriginalCosponsor>
        <bioguideId>M000933</bioguideId>
      </item>
      <item>
        <sponsorshipDate>2013-01-23</sponsorshipDate>
        <lastName>DAVIS</lastName>
        <fullName>Rep. Davis, Danny K. [D-IL-7]</fullName>
        <middleName>K.</middleName>
        <firstName>DANNY</firstName>
        <sponsorshipWithdrawnDate />
        <identifiers>
          <bioguideId>D000096</bioguideId>
          <lisID>1477</lisID>
          <gpoId>7927</gpoId>
        </identifiers>
        <isOriginalCosponsor>True</isOriginalCosponsor>
        <bioguideId>D000096</bioguideId>
      </item>
      <item>
        <sponsorshipDate>2013-01-23</sponsorshipDate>
        <lastName>DELAURO</lastName>
        <fullName>Rep. DeLauro, Rosa L. [D-CT-3]</fullName>
        <middleName />
        <firstName>ROSA</firstName>
        <sponsorshipWithdrawnDate />
        <identifiers>
          <bioguideId>D000216</bioguideId>
          <lisID>281</lisID>
          <gpoId>7868</gpoId>
        </identifiers>
        <isOriginalCosponsor>True</isOriginalCosponsor>
        <bioguideId>D000216</bioguideId>
      </item>
      <item>
        <sponsorshipDate>2013-01-23</sponsorshipDate>
        <lastName>Takano</lastName>
        <fullName>Rep. Takano, Mark [D-CA-41]</fullName>
        <middleName />
        <firstName>Mark</firstName>
        <sponsorshipWithdrawnDate />
        <identifiers>
          <bioguideId>T000472</bioguideId>
          <lisID>2110</lisID>
          <gpoId />
        </identifiers>
        <isOriginalCosponsor>True</isOriginalCosponsor>
        <bioguideId>T000472</bioguideId>
      </item>
      <item>
        <sponsorshipDate>2013-01-23</sponsorshipDate>
        <lastName>SLAUGHTER</lastName>
        <fullName>Rep. Slaughter, Louise McIntosh [D-NY-25]</fullName>
        <middleName>M.</middleName>
        <firstName>LOUISE</firstName>
        <sponsorshipWithdrawnDate />
        <identifiers>
          <bioguideId>S000480</bioguideId>
          <lisID>1069</lisID>
          <gpoId>8089</gpoId>
        </identifiers>
        <isOriginalCosponsor>True</isOriginalCosponsor>
        <bioguideId>S000480</bioguideId>
      </item>
      <item>
        <sponsorshipDate>2013-01-23</sponsorshipDate>
        <lastName>SHERMAN</lastName>
        <fullName>Rep. Sherman, Brad [D-CA-30]</fullName>
        <middleName />
        <firstName>BRAD</firstName>
        <sponsorshipWithdrawnDate />
        <identifiers>
          <lisID>1526</lisID>
          <gpoId>7832</gpoId>
          <bioguideId>S000344</bioguideId>
        </identifiers>
        <isOriginalCosponsor>True</isOriginalCosponsor>
        <bioguideId>S000344</bioguideId>
      </item>
      <item>
        <sponsorshipDate>2013-02-06</sponsorshipDate>
        <lastName>Grijalva</lastName>
        <fullName>Rep. Grijalva, Raul M. [D-AZ-3]</fullName>
        <middleName>M.</middleName>
        <firstName>Raul</firstName>
        <sponsorshipWithdrawnDate />
        <identifiers>
          <gpoId>7804</gpoId>
          <lisID>1708</lisID>
          <bioguideId>G000551</bioguideId>
        </identifiers>
        <isOriginalCosponsor>False</isOriginalCosponsor>
        <bioguideId>G000551</bioguideId>
      </item>
      <item>
        <sponsorshipDate>2013-02-06</sponsorshipDate>
        <lastName>Cicilline</lastName>
        <fullName>Rep. Cicilline, David N. [D-RI-1]</fullName>
        <middleName>N.</middleName>
        <firstName>David</firstName>
        <sponsorshipWithdrawnDate />
        <identifiers>
          <lisID>2055</lisID>
          <bioguideId>C001084</bioguideId>
          <gpoId>8139</gpoId>
        </identifiers>
        <isOriginalCosponsor>False</isOriginalCosponsor>
        <bioguideId>C001084</bioguideId>
      </item>
      <item>
        <sponsorshipDate>2013-02-06</sponsorshipDate>
        <lastName>MCCOLLUM</lastName>
        <fullName>Rep. McCollum, Betty [D-MN-4]</fullName>
        <middleName />
        <firstName>BETTY</firstName>
        <sponsorshipWithdrawnDate />
        <identifiers>
          <gpoId>8004</gpoId>
          <lisID>1653</lisID>
          <bioguideId>M001143</bioguideId>
        </identifiers>
        <isOriginalCosponsor>False</isOriginalCosponsor>
        <bioguideId>M001143</bioguideId>
      </item>
      <item>
        <sponsorshipDate>2013-02-06</sponsorshipDate>
        <lastName>Huffman</lastName>
        <fullName>Rep. Huffman, Jared [D-CA-2]</fullName>
        <middleName />
        <firstName>Jared</firstName>
        <sponsorshipWithdrawnDate />
        <identifiers>
          <bioguideId>H001068</bioguideId>
          <lisID>2101</lisID>
          <gpoId />
        </identifiers>
        <isOriginalCosponsor>False</isOriginalCosponsor>
        <bioguideId>H001068</bioguideId>
      </item>
      <item>
        <sponsorshipDate>2013-02-13</sponsorshipDate>
        <lastName>Van Hollen</lastName>
        <fullName>Rep. Van Hollen, Chris [D-MD-8]</fullName>
        <middleName />
        <firstName>Chris</firstName>
        <sponsorshipWithdrawnDate />
        <identifiers>
          <gpoId>7983</gpoId>
          <bioguideId>V000128</bioguideId>
          <lisID>1729</lisID>
        </identifiers>
        <isOriginalCosponsor>False</isOriginalCosponsor>
        <bioguideId>V000128</bioguideId>
      </item>
      <item>
        <sponsorshipDate>2013-02-13</sponsorshipDate>
        <lastName>Bass</lastName>
        <fullName>Rep. Bass, Karen [D-CA-37]</fullName>
        <middleName />
        <firstName>Karen</firstName>
        <sponsorshipWithdrawnDate />
        <identifiers>
          <lisID>1996</lisID>
          <bioguideId>B001270</bioguideId>
          <gpoId>7838</gpoId>
        </identifiers>
        <isOriginalCosponsor>False</isOriginalCosponsor>
        <bioguideId>B001270</bioguideId>
      </item>
      <item>
        <sponsorshipDate>2013-03-14</sponsorshipDate>
        <lastName>Esty</lastName>
        <fullName>Rep. Esty, Elizabeth H. [D-CT-5]</fullName>
        <middleName>H.</middleName>
        <firstName>Elizabeth</firstName>
        <sponsorshipWithdrawnDate />
        <identifiers>
          <bioguideId>E000293</bioguideId>
          <lisID>2114</lisID>
          <gpoId />
        </identifiers>
        <isOriginalCosponsor>False</isOriginalCosponsor>
        <bioguideId>E000293</bioguideId>
      </item>
      <item>
        <sponsorshipDate>2013-03-14</sponsorshipDate>
        <lastName>Shea-Porter</lastName>
        <fullName>Rep. Shea-Porter, Carol [D-NH-1]</fullName>
        <middleName />
        <firstName>Carol</firstName>
        <sponsorshipWithdrawnDate />
        <identifiers>
          <gpoId>7528</gpoId>
          <lisID>1861</lisID>
          <bioguideId>S001170</bioguideId>
        </identifiers>
        <isOriginalCosponsor>False</isOriginalCosponsor>
        <bioguideId>S001170</bioguideId>
      </item>
      <item>
        <sponsorshipDate>2013-04-11</sponsorshipDate>
        <lastName>Garamendi</lastName>
        <fullName>Rep. Garamendi, John [D-CA-3]</fullName>
        <middleName />
        <firstName>John</firstName>
        <sponsorshipWithdrawnDate />
        <identifiers>
          <lisID>1973</lisID>
          <bioguideId>G000559</bioguideId>
          <gpoId>7815</gpoId>
        </identifiers>
        <isOriginalCosponsor>False</isOriginalCosponsor>
        <bioguideId>G000559</bioguideId>
      </item>
      <item>
        <sponsorshipDate>2013-04-11</sponsorshipDate>
        <lastName>Courtney</lastName>
        <fullName>Rep. Courtney, Joe [D-CT-2]</fullName>
        <middleName />
        <firstName>Joe</firstName>
        <sponsorshipWithdrawnDate />
        <identifiers>
          <bioguideId>C001069</bioguideId>
          <lisID>1836</lisID>
          <gpoId>7867</gpoId>
        </identifiers>
        <isOriginalCosponsor>False</isOriginalCosponsor>
        <bioguideId>C001069</bioguideId>
      </item>
      <item>
        <sponsorshipDate>2013-04-11</sponsorshipDate>
        <lastName>NAPOLITANO</lastName>
        <fullName>Rep. Napolitano, Grace F. [D-CA-32]</fullName>
        <middleName>F.</middleName>
        <firstName>GRACE</firstName>
        <sponsorshipWithdrawnDate />
        <identifiers>
          <bioguideId>N000179</bioguideId>
          <lisID>1602</lisID>
          <gpoId>7843</gpoId>
        </identifiers>
        <isOriginalCosponsor>False</isOriginalCosponsor>
        <bioguideId>N000179</bioguideId>
      </item>
      <item>
        <sponsorshipDate>2014-07-25</sponsorshipDate>
        <lastName>RUSH</lastName>
        <fullName>Rep. Rush, Bobby L. [D-IL-1]</fullName>
        <middleName>L.</middleName>
        <firstName>BOBBY</firstName>
        <sponsorshipWithdrawnDate />
        <identifiers>
          <gpoId>7921</gpoId>
          <bioguideId>R000515</bioguideId>
          <lisID>1003</lisID>
        </identifiers>
        <isOriginalCosponsor>False</isOriginalCosponsor>
        <bioguideId>R000515</bioguideId>
      </item>
    </cosponsors>
    <cboCostEstimates />
    <summaries>
      <billSummaries>
        <item>
          <updateDate>2013-01-23T05:00:00Z</updateDate>
          <text><![CDATA[<p>Straw Purchaser Penalty Enhancement Act - Amends the federal criminal code to provide for an additional sentence of two years' imprisonment for violating the prohibitions against making false statements or misrepresenting identification regarding the acquisition of a firearm or ammunition: (1) knowing that the violation will further the transfer of two or more firearms to a person prohibited by law from shipping, transporting, possessing, or receiving a firearm; and (2) with the intent to conceal such person's identity from the transferor.</p> <p>Prohibits the court from: (1) placing any person convicted of such violation on probation; and (2) reducing a term of imprisonment for such a violation so as to compensate for, or otherwise take into account, a term of imprisonment imposed or to be imposed for a separate such violation. Prohibits a term of imprisonment imposed under this Act from running concurrently with a term imposed on the person under any other legal provision, except that a term imposed may, in the court's discretion, run concurrently with another term imposed by the court at the same time for a separate such violation, subject to applicable guidelines and policy statements issued by the United States Sentencing Commission. Requires the court to specify in its statement of the reasons for imposing a sentence for such a violation the factors that require any sentence below the statutory minimum.</p> <p>Directs the Attorney General to issue regulations requiring any form required to be completed by the purchaser of a firearm from a licensed firearms dealer to include a notice of the provisions of this Act.</p>]]></text>
          <actionDate>2013-01-23</actionDate>
          <actionDesc>Introduced in House</actionDesc>
          <name>Introduced in House</name>
          <lastSummaryUpdateDate>2013-02-06T20:09:40Z</lastSummaryUpdateDate>
          <versionCode>00</versionCode>
        </item>
      </billSummaries>
    </summaries>
    <committeeReports />
    <recordedVotes />
    <calendarNumbers />
    <notes />
    <billType>HR</billType>
    <congress>113</congress>
    <originChamber>House</originChamber>
    <titles>
      <item>
        <chamberName />
        <titleType>Short Titles as Introduced</titleType>
        <title>Straw Purchaser Penalty Enhancement Act</title>
        <chamberCode />
        <parentTitleType />
      </item>
      <item>
        <chamberName />
        <titleType>Official Title as Introduced</titleType>
        <title>To enhance criminal penalties for straw purchasers of firearms.</title>
        <chamberCode />
        <parentTitleType />
      </item>
      <item>
        <chamberName />
        <titleType>Display Title</titleType>
        <title>Straw Purchaser Penalty Enhancement Act</title>
        <chamberCode />
        <parentTitleType />
      </item>
    </titles>
  </bill>
  <dublinCore xmlns:dc="http://purl.org/dc/elements/1.1/">
    <dc:format>text/xml</dc:format>
    <dc:language>EN</dc:language>
    <dc:rights>Pursuant to Title 17 Section 105 of the United States Code, this file is not subject to copyright protection and is in the public domain.</dc:rights>
    <dc:contributor>Congressional Research Service, Library of Congress</dc:contributor>
    <dc:description>This file contains bill summaries and statuses for federal legislation. A bill summary describes the most significant provisions of a piece of legislation and details the effects the legislative text may have on current law and federal programs. Bill summaries are authored by the Congressional Research Service (CRS) of the Library of Congress. As stated in Public Law 91-510 (2 USC 166 (d)(6)), one of the duties of CRS is "to prepare summaries and digests of bills and resolutions of a public general nature introduced in the Senate or House of Representatives". For more information, refer to the User Guide that accompanies this file.</dc:description>
  </dublinCore>
</billStatus>

