<?xml version="1.0" encoding="UTF-8"?>
<billStatus>
  <bill>
    <constitutionalAuthorityStatementText><![CDATA[<pre>By Mr. PALAZZO:H.R. 1267.Congress has the power to enact this legislation pursuantto the following:--The Commerce Clause of Article I, Section 8.[Page H1631]</pre>]]></constitutionalAuthorityStatementText>
    <sponsors>
      <item>
        <lastName>Palazzo</lastName>
        <firstName>Steven</firstName>
        <identifiers>
          <bioguideId>P000601</bioguideId>
          <lisID>2035</lisID>
          <gpoId>8022</gpoId>
        </identifiers>
        <bioguideId>P000601</bioguideId>
        <middleName>M.</middleName>
        <fullName>Rep. Palazzo, Steven M. [R-MS-4]</fullName>
        <byRequestType />
      </item>
    </sponsors>
    <createDate>2013-03-20T07:01:12Z</createDate>
    <subjects>
      <billSubjects>
        <legislativeSubjects>
          <item>
            <name>Disaster relief and insurance</name>
          </item>
          <item>
            <name>Floods and storm protection</name>
          </item>
        </legislativeSubjects>
        <policyArea>
          <name>Emergency Management</name>
        </policyArea>
      </billSubjects>
    </subjects>
    <billType>HR</billType>
    <committeeReports />
    <committees>
      <billCommittees>
        <item>
          <subcommittees />
          <name>Financial Services Committee</name>
          <type>Standing</type>
          <activities>
            <item>
              <name>Referred to</name>
              <date>2013-03-19T14:02:40Z</date>
            </item>
          </activities>
          <chamber>House</chamber>
          <systemCode>hsba00</systemCode>
        </item>
      </billCommittees>
    </committees>
    <cboCostEstimates />
    <amendments />
    <title>Flood Insurance Premium Relief Act of 2013</title>
    <laws />
    <notes />
    <billNumber>1267</billNumber>
    <originChamber>House</originChamber>
    <cosponsors>
      <item>
        <sponsorshipDate>2013-04-18</sponsorshipDate>
        <lastName>JONES</lastName>
        <middleName>B.</middleName>
        <firstName>WALTER</firstName>
        <fullName>Rep. Jones, Walter B., Jr. [R-NC-3]</fullName>
        <bioguideId>J000255</bioguideId>
        <identifiers>
          <gpoId>8026</gpoId>
          <bioguideId>J000255</bioguideId>
          <lisID>612</lisID>
        </identifiers>
        <sponsorshipWithdrawnDate />
        <isOriginalCosponsor>False</isOriginalCosponsor>
      </item>
    </cosponsors>
    <calendarNumbers />
    <congress>113</congress>
    <summaries>
      <billSummaries>
        <item>
          <actionDesc>Introduced in House</actionDesc>
          <actionDate>2013-03-19</actionDate>
          <updateDate>2013-03-19T04:00:00Z</updateDate>
          <versionCode>00</versionCode>
          <lastSummaryUpdateDate>2013-05-07T14:18:37Z</lastSummaryUpdateDate>
          <name>Introduced in House</name>
          <text><![CDATA[<p>Flood Insurance Premium Relief Act of 2013 - States that the flood insurance risk premium rate for property purchased between July 6, 2012, and January 1, 2015, shall, during the 12-month period beginning upon such purchase, be the amount chargeable for such property immediately before its purchase (thus delaying implementation of the rate increase).</p> <p>Requires phase-in of the rate increase, following expiration of such 12-month period, over a 10-year period, at 10% for each year.</p> <p>Makes conforming amendments to the National Flood Insurance Act of 1968.</p>]]></text>
        </item>
      </billSummaries>
    </summaries>
    <policyArea>
      <name>Emergency Management</name>
    </policyArea>
    <titles>
      <item>
        <title>Flood Insurance Premium Relief Act of 2013</title>
        <titleType>Short Titles as Introduced</titleType>
        <parentTitleType />
        <chamberName />
        <chamberCode />
      </item>
      <item>
        <title>To delay and phase-in increases in flood insurance premium rates under the national flood insurance program for certain properties, and for other purposes.</title>
        <titleType>Official Title as Introduced</titleType>
        <parentTitleType />
        <chamberName />
        <chamberCode />
      </item>
      <item>
        <title>Flood Insurance Premium Relief Act of 2013</title>
        <titleType>Display Title</titleType>
        <parentTitleType />
        <chamberName />
        <chamberCode />
      </item>
    </titles>
    <latestAction>
      <text>Referred to the House Committee on Financial Services.</text>
      <actionDate>2013-03-19</actionDate>
      <links />
    </latestAction>
    <actions>
      <item>
        <type>IntroReferral</type>
        <sourceSystem>
          <code>2</code>
          <name>House floor actions</name>
        </sourceSystem>
        <text>Referred to the House Committee on Financial Services.</text>
        <committee>
          <systemCode>hsba00</systemCode>
          <name>Financial Services Committee</name>
        </committee>
        <actionDate>2013-03-19</actionDate>
        <links />
        <actionCode>H11100</actionCode>
      </item>
      <item>
        <type>IntroReferral</type>
        <sourceSystem>
          <code>9</code>
          <name>Library of Congress</name>
        </sourceSystem>
        <text>Introduced in House</text>
        <committee />
        <actionDate>2013-03-19</actionDate>
        <links />
        <actionCode>Intro-H</actionCode>
      </item>
      <item>
        <type>IntroReferral</type>
        <sourceSystem>
          <code>9</code>
          <name>Library of Congress</name>
        </sourceSystem>
        <text>Introduced in House</text>
        <committee />
        <actionDate>2013-03-19</actionDate>
        <links />
        <actionCode>1000</actionCode>
      </item>
      <actionTypeCounts>
        <introducedInTheHouse>1</introducedInTheHouse>
        <introducedInHouse>1</introducedInHouse>
        <billReferrals>1</billReferrals>
      </actionTypeCounts>
      <actionByCounts>
        <houseOfRepresentatives>3</houseOfRepresentatives>
      </actionByCounts>
    </actions>
    <updateDate>2016-10-25T16:01:15Z</updateDate>
    <recordedVotes />
    <introducedDate>2013-03-19</introducedDate>
    <relatedBills />
  </bill>
  <dublinCore xmlns:dc="http://purl.org/dc/elements/1.1/">
    <dc:format>text/xml</dc:format>
    <dc:language>EN</dc:language>
    <dc:rights>Pursuant to Title 17 Section 105 of the United States Code, this file is not subject to copyright protection and is in the public domain.</dc:rights>
    <dc:contributor>Congressional Research Service, Library of Congress</dc:contributor>
    <dc:description>This file contains bill summaries and statuses for federal legislation. A bill summary describes the most significant provisions of a piece of legislation and details the effects the legislative text may have on current law and federal programs. Bill summaries are authored by the Congressional Research Service (CRS) of the Library of Congress. As stated in Public Law 91-510 (2 USC 166 (d)(6)), one of the duties of CRS is "to prepare summaries and digests of bills and resolutions of a public general nature introduced in the Senate or House of Representatives". For more information, refer to the User Guide that accompanies this file.</dc:description>
  </dublinCore>
</billStatus>

