<?xml version="1.0" encoding="UTF-8"?>
<billStatus>
  <bill>
    <actions>
      <item>
        <actionDate>2013-01-18</actionDate>
        <committee>
          <systemCode>hsif14</systemCode>
          <name>Health Subcommittee</name>
        </committee>
        <links />
        <sourceSystem>
          <code>1</code>
          <name>House committee actions</name>
        </sourceSystem>
        <text>Referred to the Subcommittee on Health.</text>
        <type>Committee</type>
      </item>
      <item>
        <type>IntroReferral</type>
        <sourceSystem>
          <code>2</code>
          <name>House floor actions</name>
        </sourceSystem>
        <text>Referred to the House Committee on Energy and Commerce.</text>
        <committee>
          <systemCode>hsif00</systemCode>
          <name>Energy and Commerce Committee</name>
        </committee>
        <actionDate>2013-01-18</actionDate>
        <links />
        <actionCode>H11100</actionCode>
      </item>
      <item>
        <type>IntroReferral</type>
        <sourceSystem>
          <code>9</code>
          <name>Library of Congress</name>
        </sourceSystem>
        <text>Sponsor introductory remarks on measure. (CR E39)</text>
        <committee />
        <actionDate>2013-01-18</actionDate>
        <links>
          <link>
            <url>/congressional-record/2013/extensions-of-remarks-section/page/E39</url>
            <name>E39</name>
          </link>
        </links>
        <actionCode>B00100</actionCode>
      </item>
      <item>
        <type>IntroReferral</type>
        <sourceSystem>
          <code>9</code>
          <name>Library of Congress</name>
        </sourceSystem>
        <text>Introduced in House</text>
        <committee />
        <actionDate>2013-01-18</actionDate>
        <links />
        <actionCode>Intro-H</actionCode>
      </item>
      <item>
        <type>IntroReferral</type>
        <sourceSystem>
          <code>9</code>
          <name>Library of Congress</name>
        </sourceSystem>
        <text>Introduced in House</text>
        <committee />
        <actionDate>2013-01-18</actionDate>
        <links />
        <actionCode>1000</actionCode>
      </item>
      <actionTypeCounts>
        <introducedInTheHouse>1</introducedInTheHouse>
        <placeholderTextForB>1</placeholderTextForB>
        <placeholderTextForH>1</placeholderTextForH>
        <introducedInHouse>1</introducedInHouse>
        <billReferrals>1</billReferrals>
      </actionTypeCounts>
      <actionByCounts>
        <houseOfRepresentatives>4</houseOfRepresentatives>
      </actionByCounts>
    </actions>
    <title>Firearm Safety and Public Health Research Act of 2013</title>
    <cosponsors>
      <item>
        <bioguideId>M000133</bioguideId>
        <fullName>Rep. Markey, Edward J. [D-MA-5]</fullName>
        <lastName>MARKEY</lastName>
        <firstName>EDWARD</firstName>
        <sponsorshipWithdrawnDate />
        <sponsorshipDate>2013-01-18</sponsorshipDate>
        <middleName>J.</middleName>
        <isOriginalCosponsor>True</isOriginalCosponsor>
        <identifiers>
          <gpoId>7972</gpoId>
          <lisID>735</lisID>
          <bioguideId>M000133</bioguideId>
        </identifiers>
      </item>
      <item>
        <bioguideId>L000263</bioguideId>
        <fullName>Rep. Levin, Sander M. [D-MI-9]</fullName>
        <lastName>LEVIN</lastName>
        <firstName>SANDER</firstName>
        <sponsorshipWithdrawnDate />
        <sponsorshipDate>2013-01-18</sponsorshipDate>
        <middleName>M.</middleName>
        <isOriginalCosponsor>True</isOriginalCosponsor>
        <identifiers>
          <lisID>683</lisID>
          <gpoId>7997</gpoId>
          <bioguideId>L000263</bioguideId>
        </identifiers>
      </item>
      <item>
        <bioguideId>S000480</bioguideId>
        <fullName>Rep. Slaughter, Louise McIntosh [D-NY-25]</fullName>
        <lastName>SLAUGHTER</lastName>
        <firstName>LOUISE</firstName>
        <sponsorshipWithdrawnDate />
        <sponsorshipDate>2013-01-18</sponsorshipDate>
        <middleName>M.</middleName>
        <isOriginalCosponsor>True</isOriginalCosponsor>
        <identifiers>
          <gpoId>8089</gpoId>
          <bioguideId>S000480</bioguideId>
          <lisID>1069</lisID>
        </identifiers>
      </item>
      <item>
        <bioguideId>V000128</bioguideId>
        <fullName>Rep. Van Hollen, Chris [D-MD-8]</fullName>
        <lastName>Van Hollen</lastName>
        <firstName>Chris</firstName>
        <sponsorshipWithdrawnDate />
        <sponsorshipDate>2013-01-18</sponsorshipDate>
        <middleName />
        <isOriginalCosponsor>True</isOriginalCosponsor>
        <identifiers>
          <bioguideId>V000128</bioguideId>
          <lisID>1729</lisID>
          <gpoId>7983</gpoId>
        </identifiers>
      </item>
      <item>
        <bioguideId>W000797</bioguideId>
        <fullName>Rep. Wasserman Schultz, Debbie [D-FL-23]</fullName>
        <lastName>Wasserman Schultz</lastName>
        <firstName>Debbie</firstName>
        <sponsorshipWithdrawnDate />
        <sponsorshipDate>2013-01-18</sponsorshipDate>
        <middleName />
        <isOriginalCosponsor>True</isOriginalCosponsor>
        <identifiers>
          <gpoId>7892</gpoId>
          <lisID>1777</lisID>
          <bioguideId>W000797</bioguideId>
        </identifiers>
      </item>
      <item>
        <bioguideId>R000053</bioguideId>
        <fullName>Rep. Rangel, Charles B. [D-NY-13]</fullName>
        <lastName>RANGEL</lastName>
        <firstName>CHARLES</firstName>
        <sponsorshipWithdrawnDate />
        <sponsorshipDate>2013-01-18</sponsorshipDate>
        <middleName>B.</middleName>
        <isOriginalCosponsor>True</isOriginalCosponsor>
        <identifiers>
          <lisID>944</lisID>
          <bioguideId>R000053</bioguideId>
          <gpoId>8076</gpoId>
        </identifiers>
      </item>
      <item>
        <bioguideId>S001175</bioguideId>
        <fullName>Rep. Speier, Jackie [D-CA-14]</fullName>
        <lastName>Speier</lastName>
        <firstName>Jackie</firstName>
        <sponsorshipWithdrawnDate />
        <sponsorshipDate>2013-01-18</sponsorshipDate>
        <middleName />
        <isOriginalCosponsor>True</isOriginalCosponsor>
        <identifiers>
          <gpoId>7817</gpoId>
          <bioguideId>S001175</bioguideId>
          <lisID>1890</lisID>
        </identifiers>
      </item>
      <item>
        <bioguideId>L000551</bioguideId>
        <fullName>Rep. Lee, Barbara [D-CA-13]</fullName>
        <lastName>LEE</lastName>
        <firstName>BARBARA</firstName>
        <sponsorshipWithdrawnDate />
        <sponsorshipDate>2013-01-18</sponsorshipDate>
        <middleName />
        <isOriginalCosponsor>True</isOriginalCosponsor>
        <identifiers>
          <gpoId>7814</gpoId>
          <lisID>1501</lisID>
          <bioguideId>L000551</bioguideId>
        </identifiers>
      </item>
      <item>
        <bioguideId>S001162</bioguideId>
        <fullName>Rep. Schwartz, Allyson Y. [D-PA-13]</fullName>
        <lastName>Schwartz</lastName>
        <firstName>Allyson</firstName>
        <sponsorshipWithdrawnDate />
        <sponsorshipDate>2013-01-18</sponsorshipDate>
        <middleName>Y.</middleName>
        <isOriginalCosponsor>True</isOriginalCosponsor>
        <identifiers>
          <gpoId>8131</gpoId>
          <lisID>1798</lisID>
          <bioguideId>S001162</bioguideId>
        </identifiers>
      </item>
      <item>
        <bioguideId>C001037</bioguideId>
        <fullName>Rep. Capuano, Michael E. [D-MA-7]</fullName>
        <lastName>CAPUANO</lastName>
        <firstName>MICHAEL</firstName>
        <sponsorshipWithdrawnDate />
        <sponsorshipDate>2013-01-18</sponsorshipDate>
        <middleName>E.</middleName>
        <isOriginalCosponsor>True</isOriginalCosponsor>
        <identifiers>
          <bioguideId>C001037</bioguideId>
          <lisID>1564</lisID>
          <gpoId>7973</gpoId>
        </identifiers>
      </item>
      <item>
        <bioguideId>G000551</bioguideId>
        <fullName>Rep. Grijalva, Raul M. [D-AZ-3]</fullName>
        <lastName>Grijalva</lastName>
        <firstName>Raul</firstName>
        <sponsorshipWithdrawnDate />
        <sponsorshipDate>2013-01-18</sponsorshipDate>
        <middleName>M.</middleName>
        <isOriginalCosponsor>True</isOriginalCosponsor>
        <identifiers>
          <gpoId>7804</gpoId>
          <lisID>1708</lisID>
          <bioguideId>G000551</bioguideId>
        </identifiers>
      </item>
      <item>
        <bioguideId>E000288</bioguideId>
        <fullName>Rep. Ellison, Keith [D-MN-5]</fullName>
        <lastName>Ellison</lastName>
        <firstName>Keith</firstName>
        <sponsorshipWithdrawnDate />
        <sponsorshipDate>2013-01-18</sponsorshipDate>
        <middleName />
        <isOriginalCosponsor>True</isOriginalCosponsor>
        <identifiers>
          <gpoId>8005</gpoId>
          <lisID>1857</lisID>
          <bioguideId>E000288</bioguideId>
        </identifiers>
      </item>
      <item>
        <bioguideId>M001143</bioguideId>
        <fullName>Rep. McCollum, Betty [D-MN-4]</fullName>
        <lastName>MCCOLLUM</lastName>
        <firstName>BETTY</firstName>
        <sponsorshipWithdrawnDate />
        <sponsorshipDate>2013-01-18</sponsorshipDate>
        <middleName />
        <isOriginalCosponsor>True</isOriginalCosponsor>
        <identifiers>
          <lisID>1653</lisID>
          <bioguideId>M001143</bioguideId>
          <gpoId>8004</gpoId>
        </identifiers>
      </item>
      <item>
        <bioguideId>B000574</bioguideId>
        <fullName>Rep. Blumenauer, Earl [D-OR-3]</fullName>
        <lastName>BLUMENAUER</lastName>
        <firstName>EARL</firstName>
        <sponsorshipWithdrawnDate />
        <sponsorshipDate>2013-01-18</sponsorshipDate>
        <middleName />
        <isOriginalCosponsor>True</isOriginalCosponsor>
        <identifiers>
          <lisID>99</lisID>
          <gpoId>8116</gpoId>
          <bioguideId>B000574</bioguideId>
        </identifiers>
      </item>
      <item>
        <bioguideId>M000933</bioguideId>
        <fullName>Rep. Moran, James P. [D-VA-8]</fullName>
        <lastName>MORAN</lastName>
        <firstName>JAMES</firstName>
        <sponsorshipWithdrawnDate />
        <sponsorshipDate>2013-01-18</sponsorshipDate>
        <middleName>P.</middleName>
        <isOriginalCosponsor>True</isOriginalCosponsor>
        <identifiers>
          <bioguideId>M000933</bioguideId>
          <lisID>832</lisID>
          <gpoId>8199</gpoId>
        </identifiers>
      </item>
      <item>
        <bioguideId>M001160</bioguideId>
        <fullName>Rep. Moore, Gwen [D-WI-4]</fullName>
        <lastName>Moore</lastName>
        <firstName>Gwen</firstName>
        <sponsorshipWithdrawnDate />
        <sponsorshipDate>2013-01-18</sponsorshipDate>
        <middleName />
        <isOriginalCosponsor>True</isOriginalCosponsor>
        <identifiers>
          <gpoId>8217</gpoId>
          <lisID>1811</lisID>
          <bioguideId>M001160</bioguideId>
        </identifiers>
      </item>
      <item>
        <bioguideId>C001084</bioguideId>
        <fullName>Rep. Cicilline, David N. [D-RI-1]</fullName>
        <lastName>Cicilline</lastName>
        <firstName>David</firstName>
        <sponsorshipWithdrawnDate />
        <sponsorshipDate>2013-01-18</sponsorshipDate>
        <middleName>N.</middleName>
        <isOriginalCosponsor>True</isOriginalCosponsor>
        <identifiers>
          <gpoId>8139</gpoId>
          <bioguideId>C001084</bioguideId>
          <lisID>2055</lisID>
        </identifiers>
      </item>
      <item>
        <bioguideId>M000312</bioguideId>
        <fullName>Rep. McGovern, James P. [D-MA-2]</fullName>
        <lastName>MCGOVERN</lastName>
        <firstName>JAMES</firstName>
        <sponsorshipWithdrawnDate />
        <sponsorshipDate>2013-01-18</sponsorshipDate>
        <middleName>P.</middleName>
        <isOriginalCosponsor>True</isOriginalCosponsor>
        <identifiers>
          <lisID>1504</lisID>
          <gpoId>7968</gpoId>
          <bioguideId>M000312</bioguideId>
        </identifiers>
      </item>
      <item>
        <bioguideId>J000032</bioguideId>
        <fullName>Rep. Jackson Lee, Sheila [D-TX-18]</fullName>
        <lastName>JACKSON LEE</lastName>
        <firstName>SHEILA</firstName>
        <sponsorshipWithdrawnDate />
        <sponsorshipDate>2013-01-18</sponsorshipDate>
        <middleName />
        <isOriginalCosponsor>True</isOriginalCosponsor>
        <identifiers>
          <gpoId>8174</gpoId>
          <lisID>588</lisID>
          <bioguideId>J000032</bioguideId>
        </identifiers>
      </item>
      <item>
        <bioguideId>C001080</bioguideId>
        <fullName>Rep. Chu, Judy [D-CA-27]</fullName>
        <lastName>Chu</lastName>
        <firstName>Judy</firstName>
        <sponsorshipWithdrawnDate />
        <sponsorshipDate>2013-01-18</sponsorshipDate>
        <middleName />
        <isOriginalCosponsor>True</isOriginalCosponsor>
        <identifiers>
          <bioguideId>C001080</bioguideId>
          <lisID>1970</lisID>
          <gpoId>7837</gpoId>
        </identifiers>
      </item>
      <item>
        <bioguideId>M001163</bioguideId>
        <fullName>Rep. Matsui, Doris O. [D-CA-6]</fullName>
        <lastName>Matsui</lastName>
        <firstName>Doris</firstName>
        <sponsorshipWithdrawnDate />
        <sponsorshipDate>2013-01-18</sponsorshipDate>
        <middleName>O.</middleName>
        <isOriginalCosponsor>True</isOriginalCosponsor>
        <identifiers>
          <bioguideId>M001163</bioguideId>
          <lisID>1814</lisID>
          <gpoId>7810</gpoId>
        </identifiers>
      </item>
      <item>
        <bioguideId>N000147</bioguideId>
        <fullName>Rep. Norton, Eleanor Holmes [D-DC-At Large]</fullName>
        <lastName>NORTON</lastName>
        <firstName>ELEANOR</firstName>
        <sponsorshipWithdrawnDate />
        <sponsorshipDate>2013-01-18</sponsorshipDate>
        <middleName>HOLMES</middleName>
        <isOriginalCosponsor>True</isOriginalCosponsor>
        <identifiers>
          <gpoId>7871</gpoId>
          <lisID>868</lisID>
          <bioguideId>N000147</bioguideId>
        </identifiers>
      </item>
      <item>
        <bioguideId>Q000023</bioguideId>
        <fullName>Rep. Quigley, Mike [D-IL-5]</fullName>
        <lastName>Quigley</lastName>
        <firstName>Mike</firstName>
        <sponsorshipWithdrawnDate />
        <sponsorshipDate>2013-01-18</sponsorshipDate>
        <middleName />
        <isOriginalCosponsor>True</isOriginalCosponsor>
        <identifiers>
          <gpoId>7925</gpoId>
          <lisID>1967</lisID>
          <bioguideId>Q000023</bioguideId>
        </identifiers>
      </item>
      <item>
        <bioguideId>H001032</bioguideId>
        <fullName>Rep. Holt, Rush [D-NJ-12]</fullName>
        <lastName>HOLT</lastName>
        <firstName>RUSH</firstName>
        <sponsorshipWithdrawnDate />
        <sponsorshipDate>2013-01-18</sponsorshipDate>
        <middleName>D.</middleName>
        <isOriginalCosponsor>True</isOriginalCosponsor>
        <identifiers>
          <bioguideId>H001032</bioguideId>
          <lisID>1580</lisID>
          <gpoId>8054</gpoId>
        </identifiers>
      </item>
      <item>
        <bioguideId>H001047</bioguideId>
        <fullName>Rep. Himes, James A. [D-CT-4]</fullName>
        <lastName>Himes</lastName>
        <firstName>James</firstName>
        <sponsorshipWithdrawnDate />
        <sponsorshipDate>2013-01-18</sponsorshipDate>
        <middleName>A.</middleName>
        <isOriginalCosponsor>True</isOriginalCosponsor>
        <identifiers>
          <bioguideId>H001047</bioguideId>
          <lisID>1913</lisID>
          <gpoId>7869</gpoId>
        </identifiers>
      </item>
      <item>
        <bioguideId>S001150</bioguideId>
        <fullName>Rep. Schiff, Adam B. [D-CA-28]</fullName>
        <lastName>SCHIFF</lastName>
        <firstName>ADAM</firstName>
        <sponsorshipWithdrawnDate />
        <sponsorshipDate>2013-01-18</sponsorshipDate>
        <middleName>B.</middleName>
        <isOriginalCosponsor>True</isOriginalCosponsor>
        <identifiers>
          <gpoId>7834</gpoId>
          <lisID>1635</lisID>
          <bioguideId>S001150</bioguideId>
        </identifiers>
      </item>
      <item>
        <bioguideId>S001145</bioguideId>
        <fullName>Rep. Schakowsky, Janice D. [D-IL-9]</fullName>
        <lastName>SCHAKOWSKY</lastName>
        <firstName>JANICE</firstName>
        <sponsorshipWithdrawnDate />
        <sponsorshipDate>2013-01-18</sponsorshipDate>
        <middleName>D.</middleName>
        <isOriginalCosponsor>True</isOriginalCosponsor>
        <identifiers>
          <gpoId>7929</gpoId>
          <bioguideId>S001145</bioguideId>
          <lisID>1588</lisID>
        </identifiers>
      </item>
      <item>
        <bioguideId>D000482</bioguideId>
        <fullName>Rep. Doyle, Michael F. [D-PA-14]</fullName>
        <lastName>DOYLE</lastName>
        <firstName>MIKE</firstName>
        <sponsorshipWithdrawnDate />
        <sponsorshipDate>2013-01-18</sponsorshipDate>
        <middleName />
        <isOriginalCosponsor>True</isOriginalCosponsor>
        <identifiers>
          <gpoId>8132</gpoId>
          <bioguideId>D000482</bioguideId>
          <lisID>316</lisID>
        </identifiers>
      </item>
      <item>
        <bioguideId>J000126</bioguideId>
        <fullName>Rep. Johnson, Eddie Bernice [D-TX-30]</fullName>
        <lastName>JOHNSON</lastName>
        <firstName>EDDIE</firstName>
        <sponsorshipWithdrawnDate />
        <sponsorshipDate>2013-01-18</sponsorshipDate>
        <middleName>BERNICE</middleName>
        <isOriginalCosponsor>True</isOriginalCosponsor>
        <identifiers>
          <bioguideId>J000126</bioguideId>
          <lisID>599</lisID>
          <gpoId>8186</gpoId>
        </identifiers>
      </item>
      <item>
        <bioguideId>S001170</bioguideId>
        <fullName>Rep. Shea-Porter, Carol [D-NH-1]</fullName>
        <lastName>Shea-Porter</lastName>
        <firstName>Carol</firstName>
        <sponsorshipWithdrawnDate />
        <sponsorshipDate>2013-01-18</sponsorshipDate>
        <middleName />
        <isOriginalCosponsor>True</isOriginalCosponsor>
        <identifiers>
          <lisID>1861</lisID>
          <bioguideId>S001170</bioguideId>
          <gpoId>7528</gpoId>
        </identifiers>
      </item>
      <item>
        <bioguideId>P000597</bioguideId>
        <fullName>Rep. Pingree, Chellie [D-ME-1]</fullName>
        <lastName>Pingree</lastName>
        <firstName>Chellie</firstName>
        <sponsorshipWithdrawnDate />
        <sponsorshipDate>2013-01-18</sponsorshipDate>
        <middleName />
        <isOriginalCosponsor>True</isOriginalCosponsor>
        <identifiers>
          <gpoId>7984</gpoId>
          <lisID>1927</lisID>
          <bioguideId>P000597</bioguideId>
        </identifiers>
      </item>
      <item>
        <bioguideId>L000397</bioguideId>
        <fullName>Rep. Lofgren, Zoe [D-CA-19]</fullName>
        <lastName>LOFGREN</lastName>
        <firstName>ZOE</firstName>
        <sponsorshipWithdrawnDate />
        <sponsorshipDate>2013-01-18</sponsorshipDate>
        <middleName />
        <isOriginalCosponsor>True</isOriginalCosponsor>
        <identifiers>
          <lisID>701</lisID>
          <gpoId>7821</gpoId>
          <bioguideId>L000397</bioguideId>
        </identifiers>
      </item>
      <item>
        <bioguideId>C000984</bioguideId>
        <fullName>Rep. Cummings, Elijah E. [D-MD-7]</fullName>
        <lastName>CUMMINGS</lastName>
        <firstName>ELIJAH</firstName>
        <sponsorshipWithdrawnDate />
        <sponsorshipDate>2013-01-23</sponsorshipDate>
        <middleName>E.</middleName>
        <isOriginalCosponsor>False</isOriginalCosponsor>
        <identifiers>
          <bioguideId>C000984</bioguideId>
          <lisID>256</lisID>
          <gpoId>7982</gpoId>
        </identifiers>
      </item>
      <item>
        <bioguideId>C001069</bioguideId>
        <fullName>Rep. Courtney, Joe [D-CT-2]</fullName>
        <lastName>Courtney</lastName>
        <firstName>Joe</firstName>
        <sponsorshipWithdrawnDate />
        <sponsorshipDate>2013-01-23</sponsorshipDate>
        <middleName />
        <isOriginalCosponsor>False</isOriginalCosponsor>
        <identifiers>
          <lisID>1836</lisID>
          <gpoId>7867</gpoId>
          <bioguideId>C001069</bioguideId>
        </identifiers>
      </item>
      <item>
        <bioguideId>B001242</bioguideId>
        <fullName>Rep. Bishop, Timothy H. [D-NY-1]</fullName>
        <lastName>Bishop</lastName>
        <firstName>Timothy</firstName>
        <sponsorshipWithdrawnDate />
        <sponsorshipDate>2013-01-23</sponsorshipDate>
        <middleName>H.</middleName>
        <isOriginalCosponsor>False</isOriginalCosponsor>
        <identifiers>
          <bioguideId>B001242</bioguideId>
          <lisID>1740</lisID>
          <gpoId>8062</gpoId>
        </identifiers>
      </item>
      <item>
        <bioguideId>R000486</bioguideId>
        <fullName>Rep. Roybal-Allard, Lucille [D-CA-40]</fullName>
        <lastName>ROYBAL-ALLARD</lastName>
        <firstName>LUCILLE</firstName>
        <sponsorshipWithdrawnDate />
        <sponsorshipDate>2013-01-25</sponsorshipDate>
        <middleName />
        <isOriginalCosponsor>False</isOriginalCosponsor>
        <identifiers>
          <gpoId>7839</gpoId>
          <bioguideId>R000486</bioguideId>
          <lisID>997</lisID>
        </identifiers>
      </item>
      <item>
        <bioguideId>C001036</bioguideId>
        <fullName>Rep. Capps, Lois [D-CA-24]</fullName>
        <lastName>CAPPS</lastName>
        <firstName>LOIS</firstName>
        <sponsorshipWithdrawnDate />
        <sponsorshipDate>2013-01-25</sponsorshipDate>
        <middleName />
        <isOriginalCosponsor>False</isOriginalCosponsor>
        <identifiers>
          <lisID>1471</lisID>
          <bioguideId>C001036</bioguideId>
          <gpoId>7828</gpoId>
        </identifiers>
      </item>
      <item>
        <bioguideId>D000610</bioguideId>
        <fullName>Rep. Deutch, Theodore E. [D-FL-21]</fullName>
        <lastName>Deutch</lastName>
        <firstName>Theodore</firstName>
        <sponsorshipWithdrawnDate />
        <sponsorshipDate>2013-01-29</sponsorshipDate>
        <middleName>E.</middleName>
        <isOriginalCosponsor>False</isOriginalCosponsor>
        <identifiers>
          <bioguideId>D000610</bioguideId>
          <lisID>1976</lisID>
          <gpoId>7891</gpoId>
        </identifiers>
      </item>
      <item>
        <bioguideId>T000266</bioguideId>
        <fullName>Rep. Tierney, John F. [D-MA-6]</fullName>
        <lastName>TIERNEY</lastName>
        <firstName>JOHN</firstName>
        <sponsorshipWithdrawnDate />
        <sponsorshipDate>2013-01-29</sponsorshipDate>
        <middleName>F.</middleName>
        <isOriginalCosponsor>False</isOriginalCosponsor>
        <identifiers>
          <gpoId>7971</gpoId>
          <bioguideId>T000266</bioguideId>
          <lisID>1535</lisID>
        </identifiers>
      </item>
      <item>
        <bioguideId>C001067</bioguideId>
        <fullName>Rep. Clarke, Yvette D. [D-NY-9]</fullName>
        <lastName>Clarke</lastName>
        <firstName>Yvette</firstName>
        <sponsorshipWithdrawnDate />
        <sponsorshipDate>2013-01-29</sponsorshipDate>
        <middleName>D.</middleName>
        <isOriginalCosponsor>False</isOriginalCosponsor>
        <identifiers>
          <gpoId>8072</gpoId>
          <bioguideId>C001067</bioguideId>
          <lisID>1864</lisID>
        </identifiers>
      </item>
      <item>
        <bioguideId>M000309</bioguideId>
        <fullName>Rep. McCarthy, Carolyn [D-NY-4]</fullName>
        <lastName>MCCARTHY</lastName>
        <firstName>CAROLYN</firstName>
        <sponsorshipWithdrawnDate />
        <sponsorshipDate>2013-01-29</sponsorshipDate>
        <middleName />
        <isOriginalCosponsor>False</isOriginalCosponsor>
        <identifiers>
          <lisID>1503</lisID>
          <gpoId>8065</gpoId>
          <bioguideId>M000309</bioguideId>
        </identifiers>
      </item>
      <item>
        <bioguideId>J000288</bioguideId>
        <fullName>Rep. Johnson, Henry C. "Hank," Jr. [D-GA-4]</fullName>
        <lastName>Johnson</lastName>
        <firstName>Henry</firstName>
        <sponsorshipWithdrawnDate />
        <sponsorshipDate>2013-02-04</sponsorshipDate>
        <middleName>C. "Hank"</middleName>
        <isOriginalCosponsor>False</isOriginalCosponsor>
        <identifiers>
          <bioguideId>J000288</bioguideId>
          <lisID>1843</lisID>
          <gpoId>7901</gpoId>
        </identifiers>
      </item>
      <item>
        <bioguideId>G000535</bioguideId>
        <fullName>Rep. Gutierrez, Luis V. [D-IL-4]</fullName>
        <lastName>GUTIERREZ</lastName>
        <firstName>LUIS</firstName>
        <sponsorshipWithdrawnDate />
        <sponsorshipDate>2013-02-04</sponsorshipDate>
        <middleName>V.</middleName>
        <isOriginalCosponsor>False</isOriginalCosponsor>
        <identifiers>
          <gpoId>7924</gpoId>
          <bioguideId>G000535</bioguideId>
          <lisID>478</lisID>
        </identifiers>
      </item>
      <item>
        <bioguideId>L000560</bioguideId>
        <fullName>Rep. Larsen, Rick [D-WA-2]</fullName>
        <lastName>LARSEN</lastName>
        <firstName>RICK</firstName>
        <sponsorshipWithdrawnDate />
        <sponsorshipDate>2013-02-05</sponsorshipDate>
        <middleName />
        <isOriginalCosponsor>False</isOriginalCosponsor>
        <identifiers>
          <gpoId>8206</gpoId>
          <lisID>1675</lisID>
          <bioguideId>L000560</bioguideId>
        </identifiers>
      </item>
      <item>
        <bioguideId>P000607</bioguideId>
        <fullName>Rep. Pocan, Mark [D-WI-2]</fullName>
        <lastName>Pocan</lastName>
        <firstName>Mark</firstName>
        <sponsorshipWithdrawnDate />
        <sponsorshipDate>2013-02-05</sponsorshipDate>
        <middleName />
        <isOriginalCosponsor>False</isOriginalCosponsor>
        <identifiers>
          <gpoId />
          <bioguideId>P000607</bioguideId>
          <lisID>2171</lisID>
        </identifiers>
      </item>
      <item>
        <bioguideId>L000562</bioguideId>
        <fullName>Rep. Lynch, Stephen F. [D-MA-8]</fullName>
        <lastName>Lynch</lastName>
        <firstName>Stephen</firstName>
        <sponsorshipWithdrawnDate />
        <sponsorshipDate>2013-02-05</sponsorshipDate>
        <middleName>F.</middleName>
        <isOriginalCosponsor>False</isOriginalCosponsor>
        <identifiers>
          <gpoId>7974</gpoId>
          <lisID>1686</lisID>
          <bioguideId>L000562</bioguideId>
        </identifiers>
      </item>
      <item>
        <bioguideId>S000510</bioguideId>
        <fullName>Rep. Smith, Adam [D-WA-9]</fullName>
        <lastName>SMITH</lastName>
        <firstName>ADAM</firstName>
        <sponsorshipWithdrawnDate />
        <sponsorshipDate>2013-02-06</sponsorshipDate>
        <middleName />
        <isOriginalCosponsor>False</isOriginalCosponsor>
        <identifiers>
          <lisID>1528</lisID>
          <bioguideId>S000510</bioguideId>
          <gpoId>8213</gpoId>
        </identifiers>
      </item>
      <item>
        <bioguideId>H001068</bioguideId>
        <fullName>Rep. Huffman, Jared [D-CA-2]</fullName>
        <lastName>Huffman</lastName>
        <firstName>Jared</firstName>
        <sponsorshipWithdrawnDate />
        <sponsorshipDate>2013-02-06</sponsorshipDate>
        <middleName />
        <isOriginalCosponsor>False</isOriginalCosponsor>
        <identifiers>
          <gpoId />
          <lisID>2101</lisID>
          <bioguideId>H001068</bioguideId>
        </identifiers>
      </item>
      <item>
        <bioguideId>H001038</bioguideId>
        <fullName>Rep. Higgins, Brian [D-NY-26]</fullName>
        <lastName>Higgins</lastName>
        <firstName>Brian</firstName>
        <sponsorshipWithdrawnDate />
        <sponsorshipDate>2013-02-06</sponsorshipDate>
        <middleName />
        <isOriginalCosponsor>False</isOriginalCosponsor>
        <identifiers>
          <gpoId>8088</gpoId>
          <lisID>1794</lisID>
          <bioguideId>H001038</bioguideId>
        </identifiers>
      </item>
      <item>
        <bioguideId>L000579</bioguideId>
        <fullName>Rep. Lowenthal, Alan S. [D-CA-47]</fullName>
        <lastName>Lowenthal</lastName>
        <firstName>Alan</firstName>
        <sponsorshipWithdrawnDate />
        <sponsorshipDate>2013-02-06</sponsorshipDate>
        <middleName>S.</middleName>
        <isOriginalCosponsor>False</isOriginalCosponsor>
        <identifiers>
          <gpoId />
          <lisID>2111</lisID>
          <bioguideId>L000579</bioguideId>
        </identifiers>
      </item>
      <item>
        <bioguideId>B001270</bioguideId>
        <fullName>Rep. Bass, Karen [D-CA-37]</fullName>
        <lastName>Bass</lastName>
        <firstName>Karen</firstName>
        <sponsorshipWithdrawnDate />
        <sponsorshipDate>2013-02-12</sponsorshipDate>
        <middleName />
        <isOriginalCosponsor>False</isOriginalCosponsor>
        <identifiers>
          <gpoId>7838</gpoId>
          <bioguideId>B001270</bioguideId>
          <lisID>1996</lisID>
        </identifiers>
      </item>
      <item>
        <bioguideId>V000130</bioguideId>
        <fullName>Rep. Vargas, Juan [D-CA-51]</fullName>
        <lastName>Vargas</lastName>
        <firstName>Juan</firstName>
        <sponsorshipWithdrawnDate />
        <sponsorshipDate>2013-02-12</sponsorshipDate>
        <middleName />
        <isOriginalCosponsor>False</isOriginalCosponsor>
        <identifiers>
          <bioguideId>V000130</bioguideId>
          <lisID>2112</lisID>
          <gpoId />
        </identifiers>
      </item>
      <item>
        <bioguideId>C001068</bioguideId>
        <fullName>Rep. Cohen, Steve [D-TN-9]</fullName>
        <lastName>Cohen</lastName>
        <firstName>Steve</firstName>
        <sponsorshipWithdrawnDate />
        <sponsorshipDate>2013-02-12</sponsorshipDate>
        <middleName />
        <isOriginalCosponsor>False</isOriginalCosponsor>
        <identifiers>
          <lisID>1878</lisID>
          <bioguideId>C001068</bioguideId>
          <gpoId>8156</gpoId>
        </identifiers>
      </item>
      <item>
        <bioguideId>C001072</bioguideId>
        <fullName>Rep. Carson, Andre [D-IN-7]</fullName>
        <lastName>Carson</lastName>
        <firstName>Andre</firstName>
        <sponsorshipWithdrawnDate />
        <sponsorshipDate>2013-02-12</sponsorshipDate>
        <middleName />
        <isOriginalCosponsor>False</isOriginalCosponsor>
        <identifiers>
          <gpoId>7946</gpoId>
          <lisID>1889</lisID>
          <bioguideId>C001072</bioguideId>
        </identifiers>
      </item>
      <item>
        <bioguideId>N000187</bioguideId>
        <fullName>Rep. Negrete McLeod, Gloria [D-CA-35]</fullName>
        <lastName>Negrete McLeod</lastName>
        <firstName>Gloria</firstName>
        <sponsorshipWithdrawnDate />
        <sponsorshipDate>2013-02-12</sponsorshipDate>
        <middleName />
        <isOriginalCosponsor>False</isOriginalCosponsor>
        <identifiers>
          <gpoId />
          <lisID>2108</lisID>
          <bioguideId>N000187</bioguideId>
        </identifiers>
      </item>
      <item>
        <bioguideId>E000215</bioguideId>
        <fullName>Rep. Eshoo, Anna G. [D-CA-18]</fullName>
        <lastName>ESHOO</lastName>
        <firstName>ANNA</firstName>
        <sponsorshipWithdrawnDate />
        <sponsorshipDate>2013-02-14</sponsorshipDate>
        <middleName>G.</middleName>
        <isOriginalCosponsor>False</isOriginalCosponsor>
        <identifiers>
          <lisID>355</lisID>
          <bioguideId>E000215</bioguideId>
          <gpoId>7819</gpoId>
        </identifiers>
      </item>
      <item>
        <bioguideId>G000571</bioguideId>
        <fullName>Rep. Gabbard, Tulsi [D-HI-2]</fullName>
        <lastName>Gabbard</lastName>
        <firstName>Tulsi</firstName>
        <sponsorshipWithdrawnDate />
        <sponsorshipDate>2013-02-14</sponsorshipDate>
        <middleName />
        <isOriginalCosponsor>False</isOriginalCosponsor>
        <identifiers>
          <gpoId />
          <bioguideId>G000571</bioguideId>
          <lisID>2122</lisID>
        </identifiers>
      </item>
      <item>
        <bioguideId>P000523</bioguideId>
        <fullName>Rep. Price, David E. [D-NC-4]</fullName>
        <lastName>PRICE</lastName>
        <firstName>DAVID</firstName>
        <sponsorshipWithdrawnDate />
        <sponsorshipDate>2013-02-25</sponsorshipDate>
        <middleName>E.</middleName>
        <isOriginalCosponsor>False</isOriginalCosponsor>
        <identifiers>
          <gpoId>8027</gpoId>
          <lisID>930</lisID>
          <bioguideId>P000523</bioguideId>
        </identifiers>
      </item>
      <item>
        <bioguideId>T000465</bioguideId>
        <fullName>Rep. Tsongas, Niki [D-MA-3]</fullName>
        <lastName>Tsongas</lastName>
        <firstName>Niki</firstName>
        <sponsorshipWithdrawnDate />
        <sponsorshipDate>2013-02-25</sponsorshipDate>
        <middleName />
        <isOriginalCosponsor>False</isOriginalCosponsor>
        <identifiers>
          <gpoId>7970</gpoId>
          <lisID>1884</lisID>
          <bioguideId>T000465</bioguideId>
        </identifiers>
      </item>
      <item>
        <bioguideId>S000185</bioguideId>
        <fullName>Rep. Scott, Robert C. "Bobby" [D-VA-3]</fullName>
        <lastName>Scott</lastName>
        <firstName>Robert</firstName>
        <sponsorshipWithdrawnDate />
        <sponsorshipDate>2013-02-25</sponsorshipDate>
        <middleName>C. "Bobby"</middleName>
        <isOriginalCosponsor>False</isOriginalCosponsor>
        <identifiers>
          <gpoId>8194</gpoId>
          <bioguideId>S000185</bioguideId>
          <lisID>1037</lisID>
        </identifiers>
      </item>
      <item>
        <bioguideId>V000131</bioguideId>
        <fullName>Rep. Veasey, Marc A. [D-TX-33]</fullName>
        <lastName>Veasey</lastName>
        <firstName>Marc</firstName>
        <sponsorshipWithdrawnDate />
        <sponsorshipDate>2013-02-25</sponsorshipDate>
        <middleName>A.</middleName>
        <isOriginalCosponsor>False</isOriginalCosponsor>
        <identifiers>
          <gpoId />
          <bioguideId>V000131</bioguideId>
          <lisID>2166</lisID>
        </identifiers>
      </item>
      <item>
        <bioguideId>T000469</bioguideId>
        <fullName>Rep. Tonko, Paul [D-NY-20]</fullName>
        <lastName>Tonko</lastName>
        <firstName>Paul</firstName>
        <sponsorshipWithdrawnDate />
        <sponsorshipDate>2013-02-25</sponsorshipDate>
        <middleName />
        <isOriginalCosponsor>False</isOriginalCosponsor>
        <identifiers>
          <lisID>1942</lisID>
          <gpoId>8082</gpoId>
          <bioguideId>T000469</bioguideId>
        </identifiers>
      </item>
      <item>
        <bioguideId>P000096</bioguideId>
        <fullName>Rep. Pascrell, Bill, Jr. [D-NJ-9]</fullName>
        <lastName>PASCRELL</lastName>
        <firstName>WILLIAM</firstName>
        <sponsorshipWithdrawnDate />
        <sponsorshipDate>2013-03-19</sponsorshipDate>
        <middleName>J.</middleName>
        <isOriginalCosponsor>False</isOriginalCosponsor>
        <identifiers>
          <lisID>1510</lisID>
          <bioguideId>P000096</bioguideId>
          <gpoId>8050</gpoId>
        </identifiers>
      </item>
      <item>
        <bioguideId>C001097</bioguideId>
        <fullName>Rep. Cardenas, Tony [D-CA-29]</fullName>
        <lastName>Cardenas</lastName>
        <firstName>Tony</firstName>
        <sponsorshipWithdrawnDate />
        <sponsorshipDate>2013-03-19</sponsorshipDate>
        <middleName />
        <isOriginalCosponsor>False</isOriginalCosponsor>
        <identifiers>
          <gpoId />
          <lisID>2107</lisID>
          <bioguideId>C001097</bioguideId>
        </identifiers>
      </item>
      <item>
        <bioguideId>D000598</bioguideId>
        <fullName>Rep. Davis, Susan A. [D-CA-53]</fullName>
        <lastName>DAVIS</lastName>
        <firstName>SUSAN</firstName>
        <sponsorshipWithdrawnDate />
        <sponsorshipDate>2013-04-09</sponsorshipDate>
        <middleName>A.</middleName>
        <isOriginalCosponsor>False</isOriginalCosponsor>
        <identifiers>
          <lisID>1641</lisID>
          <bioguideId>D000598</bioguideId>
          <gpoId>7858</gpoId>
        </identifiers>
      </item>
      <item>
        <bioguideId>T000472</bioguideId>
        <fullName>Rep. Takano, Mark [D-CA-41]</fullName>
        <lastName>Takano</lastName>
        <firstName>Mark</firstName>
        <sponsorshipWithdrawnDate />
        <sponsorshipDate>2013-04-09</sponsorshipDate>
        <middleName />
        <isOriginalCosponsor>False</isOriginalCosponsor>
        <identifiers>
          <lisID>2110</lisID>
          <bioguideId>T000472</bioguideId>
          <gpoId />
        </identifiers>
      </item>
      <item>
        <bioguideId>K000385</bioguideId>
        <fullName>Rep. Kelly, Robin L. [D-IL-2]</fullName>
        <lastName>Kelly</lastName>
        <firstName>Robin</firstName>
        <sponsorshipWithdrawnDate />
        <sponsorshipDate>2013-07-23</sponsorshipDate>
        <middleName>L.</middleName>
        <isOriginalCosponsor>False</isOriginalCosponsor>
        <identifiers>
          <bioguideId>K000385</bioguideId>
          <lisID>2190</lisID>
          <gpoId />
        </identifiers>
      </item>
      <item>
        <bioguideId>C001090</bioguideId>
        <fullName>Rep. Cartwright, Matt [D-PA-17]</fullName>
        <lastName>Cartwright</lastName>
        <firstName>Matt</firstName>
        <sponsorshipWithdrawnDate />
        <sponsorshipDate>2013-12-12</sponsorshipDate>
        <middleName />
        <isOriginalCosponsor>False</isOriginalCosponsor>
        <identifiers>
          <lisID>2159</lisID>
          <gpoId />
          <bioguideId>C001090</bioguideId>
        </identifiers>
      </item>
    </cosponsors>
    <sponsors>
      <item>
        <middleName>B.</middleName>
        <firstName>CAROLYN</firstName>
        <byRequestType />
        <bioguideId>M000087</bioguideId>
        <fullName>Rep. Maloney, Carolyn B. [D-NY-12]</fullName>
        <lastName>MALONEY</lastName>
        <identifiers>
          <lisID>729</lisID>
          <bioguideId>M000087</bioguideId>
          <gpoId>8075</gpoId>
        </identifiers>
      </item>
    </sponsors>
    <subjects>
      <billSubjects>
        <policyArea>
          <name>Crime and Law Enforcement</name>
        </policyArea>
        <legislativeSubjects>
          <item>
            <name>Appropriations</name>
          </item>
          <item>
            <name>Firearms and explosives</name>
          </item>
          <item>
            <name>Health programs administration and funding</name>
          </item>
          <item>
            <name>Medical research</name>
          </item>
          <item>
            <name>Research administration and funding</name>
          </item>
          <item>
            <name>Violent crime</name>
          </item>
        </legislativeSubjects>
      </billSubjects>
    </subjects>
    <updateDate>2016-10-25T15:57:56Z</updateDate>
    <originChamber>House</originChamber>
    <billNumber>321</billNumber>
    <titles>
      <item>
        <chamberName />
        <chamberCode />
        <parentTitleType />
        <titleType>Short Titles as Introduced</titleType>
        <title>Firearm Safety and Public Health Research Act of 2013</title>
      </item>
      <item>
        <chamberName />
        <chamberCode />
        <parentTitleType />
        <titleType>Official Title as Introduced</titleType>
        <title>To amend the Continuing Appropriations Resolution, 2013 (Public Law 112-175) to permit research on firearms safety and gun violence.</title>
      </item>
      <item>
        <chamberName />
        <chamberCode />
        <parentTitleType />
        <titleType>Display Title</titleType>
        <title>Firearm Safety and Public Health Research Act of 2013</title>
      </item>
    </titles>
    <createDate>2013-01-19T07:02:09Z</createDate>
    <congress>113</congress>
    <introducedDate>2013-01-18</introducedDate>
    <latestAction>
      <links />
      <actionDate>2013-01-18</actionDate>
      <text>Referred to the Subcommittee on Health.</text>
    </latestAction>
    <laws />
    <relatedBills />
    <notes />
    <recordedVotes />
    <cboCostEstimates />
    <policyArea>
      <name>Crime and Law Enforcement</name>
    </policyArea>
    <billType>HR</billType>
    <constitutionalAuthorityStatementText><![CDATA[<pre>By Mrs. CAROLYN B. MALONEY of New York:H.R. 321.Congress has the power to enact this legislation pursuantto the following:Article I, Section VIII, Clause I of U.S. Constitution[Page H178]</pre>]]></constitutionalAuthorityStatementText>
    <committees>
      <billCommittees>
        <item>
          <systemCode>hsif00</systemCode>
          <subcommittees>
            <item>
              <systemCode>hsif14</systemCode>
              <name>Health Subcommittee</name>
              <activities>
                <item>
                  <name>Referred to</name>
                  <date>2013-01-18T21:27:49Z</date>
                </item>
              </activities>
            </item>
          </subcommittees>
          <chamber>House</chamber>
          <type>Standing</type>
          <name>Energy and Commerce Committee</name>
          <activities>
            <item>
              <name>Referred to</name>
              <date>2013-01-18T20:02:05Z</date>
            </item>
          </activities>
        </item>
      </billCommittees>
    </committees>
    <amendments />
    <summaries>
      <billSummaries>
        <item>
          <lastSummaryUpdateDate>2013-03-14T20:43:10Z</lastSummaryUpdateDate>
          <name>Introduced in House</name>
          <actionDesc>Introduced in House</actionDesc>
          <text><![CDATA[<p>Firearm Safety and Public Health Research Act of 2013 - Makes prohibitions under the Consolidated Appropriations Act, 2012, against the use of funds to advocate or promote gun control inapplicable to amounts made available by the Continuing Appropriations Resolution, 2013, insofar as such prohibitions relate to any activity to conduct research on firearms safety or gun violence.</p>]]></text>
          <actionDate>2013-01-18</actionDate>
          <versionCode>00</versionCode>
          <updateDate>2013-01-18T05:00:00Z</updateDate>
        </item>
      </billSummaries>
    </summaries>
    <calendarNumbers />
    <committeeReports />
  </bill>
  <dublinCore xmlns:dc="http://purl.org/dc/elements/1.1/">
    <dc:format>text/xml</dc:format>
    <dc:language>EN</dc:language>
    <dc:rights>Pursuant to Title 17 Section 105 of the United States Code, this file is not subject to copyright protection and is in the public domain.</dc:rights>
    <dc:contributor>Congressional Research Service, Library of Congress</dc:contributor>
    <dc:description>This file contains bill summaries and statuses for federal legislation. A bill summary describes the most significant provisions of a piece of legislation and details the effects the legislative text may have on current law and federal programs. Bill summaries are authored by the Congressional Research Service (CRS) of the Library of Congress. As stated in Public Law 91-510 (2 USC 166 (d)(6)), one of the duties of CRS is "to prepare summaries and digests of bills and resolutions of a public general nature introduced in the Senate or House of Representatives". For more information, refer to the User Guide that accompanies this file.</dc:description>
  </dublinCore>
</billStatus>

