<?xml version="1.0" encoding="UTF-8"?>
<billStatus>
  <bill>
    <titles>
      <item>
        <chamberName />
        <chamberCode />
        <parentTitleType />
        <titleType>Short Titles as Introduced</titleType>
        <title>John Tanner Fairness and Independence in Redistricting Act</title>
      </item>
      <item>
        <chamberName />
        <chamberCode />
        <parentTitleType />
        <titleType>Official Title as Introduced</titleType>
        <title>To prohibit States from carrying out more than one Congressional redistricting after a decennial census and apportionment, to require States to conduct such redistricting through independent commissions, and for other purposes.</title>
      </item>
      <item>
        <chamberName />
        <chamberCode />
        <parentTitleType />
        <titleType>Display Title</titleType>
        <title>John Tanner Fairness and Independence in Redistricting Act</title>
      </item>
    </titles>
    <introducedDate>2013-01-14</introducedDate>
    <notes />
    <calendarNumbers />
    <committees>
      <billCommittees>
        <item>
          <subcommittees>
            <item>
              <name>Constitution and Civil Justice Subcommittee</name>
              <activities>
                <item>
                  <name>Referred to</name>
                  <date>2013-01-25T19:44:26Z</date>
                </item>
              </activities>
              <systemCode>hsju10</systemCode>
            </item>
          </subcommittees>
          <name>Judiciary Committee</name>
          <type>Standing</type>
          <activities>
            <item>
              <name>Referred to</name>
              <date>2013-01-14T19:03:35Z</date>
            </item>
          </activities>
          <chamber>House</chamber>
          <systemCode>hsju00</systemCode>
        </item>
      </billCommittees>
    </committees>
    <sponsors>
      <item>
        <lastName>Barrow</lastName>
        <middleName />
        <bioguideId>B001252</bioguideId>
        <firstName>John</firstName>
        <byRequestType />
        <fullName>Rep. Barrow, John [D-GA-12]</fullName>
        <identifiers>
          <lisID>1780</lisID>
          <bioguideId>B001252</bioguideId>
          <gpoId>7909</gpoId>
        </identifiers>
      </item>
    </sponsors>
    <subjects>
      <billSubjects>
        <policyArea>
          <name>Congress</name>
        </policyArea>
        <legislativeSubjects>
          <item>
            <name>Congressional districts and representation</name>
          </item>
          <item>
            <name>Constitution and constitutional amendments</name>
          </item>
          <item>
            <name>Government information and archives</name>
          </item>
          <item>
            <name>House of Representatives</name>
          </item>
          <item>
            <name>Members of Congress</name>
          </item>
          <item>
            <name>State and local courts</name>
          </item>
          <item>
            <name>State and local government operations</name>
          </item>
          <item>
            <name>Voting rights</name>
          </item>
        </legislativeSubjects>
      </billSubjects>
    </subjects>
    <originChamber>House</originChamber>
    <createDate>2013-01-15T07:02:09Z</createDate>
    <congress>113</congress>
    <recordedVotes />
    <billType>HR</billType>
    <actions>
      <item>
        <actionDate>2013-01-25</actionDate>
        <committee>
          <systemCode>hsju10</systemCode>
          <name>Constitution and Civil Justice Subcommittee</name>
        </committee>
        <links />
        <sourceSystem>
          <name>House committee actions</name>
          <code>1</code>
        </sourceSystem>
        <text>Referred to the Subcommittee on the Constitution And Civil Justice.</text>
        <type>Committee</type>
      </item>
      <item>
        <committee>
          <systemCode>hsju00</systemCode>
          <name>Judiciary Committee</name>
        </committee>
        <type>IntroReferral</type>
        <links />
        <actionCode>H11100</actionCode>
        <sourceSystem>
          <name>House floor actions</name>
          <code>2</code>
        </sourceSystem>
        <actionDate>2013-01-14</actionDate>
        <text>Referred to the House Committee on the Judiciary.</text>
      </item>
      <item>
        <committee />
        <type>IntroReferral</type>
        <links />
        <actionCode>Intro-H</actionCode>
        <sourceSystem>
          <name>Library of Congress</name>
          <code>9</code>
        </sourceSystem>
        <actionDate>2013-01-14</actionDate>
        <text>Introduced in House</text>
      </item>
      <item>
        <committee />
        <type>IntroReferral</type>
        <links />
        <actionCode>1000</actionCode>
        <sourceSystem>
          <name>Library of Congress</name>
          <code>9</code>
        </sourceSystem>
        <actionDate>2013-01-14</actionDate>
        <text>Introduced in House</text>
      </item>
      <actionByCounts>
        <houseOfRepresentatives>4</houseOfRepresentatives>
      </actionByCounts>
      <actionTypeCounts>
        <introducedInTheHouse>1</introducedInTheHouse>
        <placeholderTextForH>1</placeholderTextForH>
        <billReferrals>1</billReferrals>
        <introducedInHouse>1</introducedInHouse>
      </actionTypeCounts>
    </actions>
    <summaries>
      <billSummaries>
        <item>
          <updateDate>2013-01-14T05:00:00Z</updateDate>
          <text><![CDATA[<p>John Tanner Fairness and Independence in Redistricting Act - Prohibits a state that has been redistricted after an apportionment from being redistricted again until after the next apportionment of Representatives, unless the state is ordered by a court to conduct such a subsequent redistricting in order to: (1) comply with the U.S. Constitution, or (2) enforce the Voting Rights Act of 1965.</p> <p>Requires such redistricting to be conducted through a plan developed by the independent redistricting commission established in the state, or if such plan is not enacted into law, the redistricting plan selected by the state's highest court or developed by a U.S. district court.</p> <p>Prescribes requirements for: (1) establishment of a state independent redistricting commission (including provisions for holding each of its meetings in public and maintaining a public Internet site); (2) development of a redistricting plan (including soliciting and considering public comments) and its submission to the state legislature (with public notice of plans at least seven days prior to such submission); (3) selection of a plan, under specified conditions, by the state's highest court or the U.S. district court for the district in which the capital of the state is located; (4) special rules for redistricting conducted under a federal court order; and (5) Election Assistance Commission payments to states for carrying out redistricting.</p>]]></text>
          <actionDate>2013-01-14</actionDate>
          <actionDesc>Introduced in House</actionDesc>
          <name>Introduced in House</name>
          <lastSummaryUpdateDate>2013-01-19T16:42:32Z</lastSummaryUpdateDate>
          <versionCode>00</versionCode>
        </item>
      </billSummaries>
    </summaries>
    <constitutionalAuthorityStatementText><![CDATA[<pre>By Mr. BARROW:H.R. 223.Congress has the power to enact this legislation pursuantto the following:Congress has the power to enact this legislation pursuantto Article I, Section 4, of the Constitution which expresslyprovides Congress with the power to enact laws governing thetime, place, and manner of elections for Members of the Houseof Representatives.[Page H85]</pre>]]></constitutionalAuthorityStatementText>
    <relatedBills>
      <item>
        <latestAction>
          <text>Referred to the Subcommittee on the Constitution And Civil Justice.</text>
          <actionDate>2013-02-28</actionDate>
        </latestAction>
        <relationshipDetails>
          <item>
            <identifiedBy>CRS</identifiedBy>
            <type>Related bill</type>
          </item>
        </relationshipDetails>
        <type>HR</type>
        <number>337</number>
        <congress>113</congress>
        <latestTitle>Redistricting Transparency Act of 2013</latestTitle>
      </item>
      <item>
        <latestAction>
          <text>Referred to the Subcommittee on the Constitution and Civil Justice.</text>
          <actionDate>2013-07-15</actionDate>
        </latestAction>
        <relationshipDetails>
          <item>
            <identifiedBy>CRS</identifiedBy>
            <type>Related bill</type>
          </item>
        </relationshipDetails>
        <type>HR</type>
        <number>2490</number>
        <congress>113</congress>
        <latestTitle>Coretta Scott King Mid-Decade Redistricting Prohibition Act of 2013</latestTitle>
      </item>
      <item>
        <latestAction>
          <text>Referred to the Subcommittee on the Constitution and Civil Justice.</text>
          <actionDate>2013-09-13</actionDate>
        </latestAction>
        <relationshipDetails>
          <item>
            <identifiedBy>CRS</identifiedBy>
            <type>Related bill</type>
          </item>
        </relationshipDetails>
        <type>HR</type>
        <number>2758</number>
        <congress>113</congress>
        <latestTitle>Redistricting Reform Act of 2013</latestTitle>
      </item>
      <item>
        <latestAction>
          <text>Referred to the Subcommittee on the Constitution And Civil Justice.</text>
          <actionDate>2013-02-28</actionDate>
        </latestAction>
        <relationshipDetails>
          <item>
            <identifiedBy>CRS</identifiedBy>
            <type>Identical bill</type>
          </item>
        </relationshipDetails>
        <type>HR</type>
        <number>278</number>
        <congress>113</congress>
        <latestTitle>John Tanner Fairness and Independence in Redistricting Act</latestTitle>
      </item>
      <item>
        <latestAction>
          <text>Referred to the Subcommittee on the Constitution and Civil Justice.</text>
          <actionDate>2013-09-13</actionDate>
        </latestAction>
        <relationshipDetails>
          <item>
            <identifiedBy>CRS</identifiedBy>
            <type>Related bill</type>
          </item>
        </relationshipDetails>
        <type>HR</type>
        <number>2978</number>
        <congress>113</congress>
        <latestTitle>Let the People Draw the Lines Act of 2013</latestTitle>
      </item>
      <item>
        <latestAction>
          <text>Read twice and referred to the Committee on the Judiciary.</text>
          <actionDate>2014-09-18</actionDate>
        </latestAction>
        <relationshipDetails>
          <item>
            <identifiedBy>CRS</identifiedBy>
            <type>Related bill</type>
          </item>
        </relationshipDetails>
        <type>S</type>
        <number>2910</number>
        <congress>113</congress>
        <latestTitle>Fairness and Independence in Redistricting Act</latestTitle>
      </item>
    </relatedBills>
    <policyArea>
      <name>Congress</name>
    </policyArea>
    <updateDate>2016-10-25T15:57:35Z</updateDate>
    <cosponsors>
      <item>
        <bioguideId>C000754</bioguideId>
        <fullName>Rep. Cooper, Jim [D-TN-5]</fullName>
        <lastName>COOPER</lastName>
        <firstName>JAMES</firstName>
        <sponsorshipWithdrawnDate />
        <sponsorshipDate>2013-02-15</sponsorshipDate>
        <middleName>H.</middleName>
        <isOriginalCosponsor>False</isOriginalCosponsor>
        <identifiers>
          <gpoId>8152</gpoId>
          <bioguideId>C000754</bioguideId>
          <lisID>231</lisID>
        </identifiers>
      </item>
      <item>
        <bioguideId>C001059</bioguideId>
        <fullName>Rep. Costa, Jim [D-CA-16]</fullName>
        <lastName>Costa</lastName>
        <firstName>Jim</firstName>
        <sponsorshipWithdrawnDate />
        <sponsorshipDate>2013-03-21</sponsorshipDate>
        <middleName />
        <isOriginalCosponsor>False</isOriginalCosponsor>
        <identifiers>
          <lisID>1774</lisID>
          <gpoId>7825</gpoId>
          <bioguideId>C001059</bioguideId>
        </identifiers>
      </item>
      <item>
        <bioguideId>V000128</bioguideId>
        <fullName>Rep. Van Hollen, Chris [D-MD-8]</fullName>
        <lastName>Van Hollen</lastName>
        <firstName>Chris</firstName>
        <sponsorshipWithdrawnDate />
        <sponsorshipDate>2013-06-12</sponsorshipDate>
        <middleName />
        <isOriginalCosponsor>False</isOriginalCosponsor>
        <identifiers>
          <lisID>1729</lisID>
          <gpoId>7983</gpoId>
          <bioguideId>V000128</bioguideId>
        </identifiers>
      </item>
      <item>
        <bioguideId>P000607</bioguideId>
        <fullName>Rep. Pocan, Mark [D-WI-2]</fullName>
        <lastName>Pocan</lastName>
        <firstName>Mark</firstName>
        <sponsorshipWithdrawnDate />
        <sponsorshipDate>2014-01-03</sponsorshipDate>
        <middleName />
        <isOriginalCosponsor>False</isOriginalCosponsor>
        <identifiers>
          <gpoId />
          <bioguideId>P000607</bioguideId>
          <lisID>2171</lisID>
        </identifiers>
      </item>
      <item>
        <bioguideId>K000188</bioguideId>
        <fullName>Rep. Kind, Ron [D-WI-3]</fullName>
        <lastName>KIND</lastName>
        <firstName>RON</firstName>
        <sponsorshipWithdrawnDate />
        <sponsorshipDate>2014-01-14</sponsorshipDate>
        <middleName />
        <isOriginalCosponsor>False</isOriginalCosponsor>
        <identifiers>
          <bioguideId>K000188</bioguideId>
          <lisID>1498</lisID>
          <gpoId>8216</gpoId>
        </identifiers>
      </item>
      <item>
        <bioguideId>P000523</bioguideId>
        <fullName>Rep. Price, David E. [D-NC-4]</fullName>
        <lastName>PRICE</lastName>
        <firstName>DAVID</firstName>
        <sponsorshipWithdrawnDate />
        <sponsorshipDate>2014-02-26</sponsorshipDate>
        <middleName>E.</middleName>
        <isOriginalCosponsor>False</isOriginalCosponsor>
        <identifiers>
          <bioguideId>P000523</bioguideId>
          <lisID>930</lisID>
          <gpoId>8027</gpoId>
        </identifiers>
      </item>
      <item>
        <bioguideId>G000564</bioguideId>
        <fullName>Rep. Gibson, Christopher P. [R-NY-19]</fullName>
        <lastName>Gibson</lastName>
        <firstName>Christopher</firstName>
        <sponsorshipWithdrawnDate />
        <sponsorshipDate>2014-06-26</sponsorshipDate>
        <middleName>P.</middleName>
        <isOriginalCosponsor>False</isOriginalCosponsor>
        <identifiers>
          <lisID>2043</lisID>
          <bioguideId>G000564</bioguideId>
          <gpoId>8081</gpoId>
        </identifiers>
      </item>
      <item>
        <bioguideId>M001191</bioguideId>
        <fullName>Rep. Murphy, Patrick [D-FL-18]</fullName>
        <lastName>Murphy</lastName>
        <firstName>Patrick</firstName>
        <sponsorshipWithdrawnDate />
        <sponsorshipDate>2014-07-10</sponsorshipDate>
        <middleName />
        <isOriginalCosponsor>False</isOriginalCosponsor>
        <identifiers>
          <bioguideId>M001191</bioguideId>
          <lisID>2117</lisID>
          <gpoId />
        </identifiers>
      </item>
      <item>
        <bioguideId>I000057</bioguideId>
        <fullName>Rep. Israel, Steve [D-NY-3]</fullName>
        <lastName>ISRAEL</lastName>
        <firstName>STEVE</firstName>
        <sponsorshipWithdrawnDate />
        <sponsorshipDate>2014-11-12</sponsorshipDate>
        <middleName />
        <isOriginalCosponsor>False</isOriginalCosponsor>
        <identifiers>
          <bioguideId>I000057</bioguideId>
          <lisID>1663</lisID>
          <gpoId>8063</gpoId>
        </identifiers>
      </item>
    </cosponsors>
    <cboCostEstimates />
    <latestAction>
      <text>Referred to the Subcommittee on the Constitution And Civil Justice.</text>
      <actionDate>2013-01-25</actionDate>
      <links />
    </latestAction>
    <committeeReports />
    <title>John Tanner Fairness and Independence in Redistricting Act</title>
    <amendments />
    <laws />
    <billNumber>223</billNumber>
  </bill>
  <dublinCore xmlns:dc="http://purl.org/dc/elements/1.1/">
    <dc:format>text/xml</dc:format>
    <dc:language>EN</dc:language>
    <dc:rights>Pursuant to Title 17 Section 105 of the United States Code, this file is not subject to copyright protection and is in the public domain.</dc:rights>
    <dc:contributor>Congressional Research Service, Library of Congress</dc:contributor>
    <dc:description>This file contains bill summaries and statuses for federal legislation. A bill summary describes the most significant provisions of a piece of legislation and details the effects the legislative text may have on current law and federal programs. Bill summaries are authored by the Congressional Research Service (CRS) of the Library of Congress. As stated in Public Law 91-510 (2 USC 166 (d)(6)), one of the duties of CRS is "to prepare summaries and digests of bills and resolutions of a public general nature introduced in the Senate or House of Representatives". For more information, refer to the User Guide that accompanies this file.</dc:description>
  </dublinCore>
</billStatus>

