<?xml version="1.0" encoding="UTF-8"?>
<billStatus>
  <bill>
    <actions>
      <actionTypeCounts>
        <introducedInTheHouse>1</introducedInTheHouse>
        <placeholderTextForB>1</placeholderTextForB>
        <introducedInHouse>1</introducedInHouse>
        <billReferrals>1</billReferrals>
      </actionTypeCounts>
      <item>
        <sourceSystem>
          <name>House floor actions</name>
          <code>2</code>
        </sourceSystem>
        <actionDate>2013-02-12</actionDate>
        <links />
        <text>Referred to the House Committee on Ways and Means.</text>
        <type>IntroReferral</type>
        <actionCode>H11100</actionCode>
        <committee>
          <systemCode>hswm00</systemCode>
          <name>Ways and Means Committee</name>
        </committee>
      </item>
      <item>
        <sourceSystem>
          <name>Library of Congress</name>
          <code>9</code>
        </sourceSystem>
        <actionDate>2013-02-12</actionDate>
        <links>
          <link>
            <name>E130</name>
            <url>/congressional-record/2013/extensions-of-remarks-section/page/E130</url>
          </link>
        </links>
        <text>Sponsor introductory remarks on measure. (CR E130)</text>
        <type>IntroReferral</type>
        <actionCode>B00100</actionCode>
        <committee />
      </item>
      <item>
        <sourceSystem>
          <name>Library of Congress</name>
          <code>9</code>
        </sourceSystem>
        <actionDate>2013-02-12</actionDate>
        <links />
        <text>Introduced in House</text>
        <type>IntroReferral</type>
        <actionCode>Intro-H</actionCode>
        <committee />
      </item>
      <item>
        <sourceSystem>
          <name>Library of Congress</name>
          <code>9</code>
        </sourceSystem>
        <actionDate>2013-02-12</actionDate>
        <links />
        <text>Introduced in House</text>
        <type>IntroReferral</type>
        <actionCode>1000</actionCode>
        <committee />
      </item>
      <actionByCounts>
        <houseOfRepresentatives>3</houseOfRepresentatives>
      </actionByCounts>
    </actions>
    <title>End Big Oil Tax Subsidies Act of 2013</title>
    <cosponsors>
      <item>
        <middleName>J.</middleName>
        <firstName>EDWARD</firstName>
        <identifiers>
          <lisID>735</lisID>
          <bioguideId>M000133</bioguideId>
          <gpoId>7972</gpoId>
        </identifiers>
        <bioguideId>M000133</bioguideId>
        <fullName>Rep. Markey, Edward J. [D-MA-5]</fullName>
        <lastName>MARKEY</lastName>
        <sponsorshipWithdrawnDate />
        <sponsorshipDate>2013-02-12</sponsorshipDate>
        <isOriginalCosponsor>True</isOriginalCosponsor>
      </item>
      <item>
        <middleName>D.</middleName>
        <firstName>JANICE</firstName>
        <identifiers>
          <bioguideId>S001145</bioguideId>
          <lisID>1588</lisID>
          <gpoId>7929</gpoId>
        </identifiers>
        <bioguideId>S001145</bioguideId>
        <fullName>Rep. Schakowsky, Janice D. [D-IL-9]</fullName>
        <lastName>SCHAKOWSKY</lastName>
        <sponsorshipWithdrawnDate />
        <sponsorshipDate>2013-02-12</sponsorshipDate>
        <isOriginalCosponsor>True</isOriginalCosponsor>
      </item>
      <item>
        <middleName />
        <firstName>JOHN</firstName>
        <identifiers>
          <gpoId>7999</gpoId>
          <lisID>229</lisID>
          <bioguideId>C000714</bioguideId>
        </identifiers>
        <bioguideId>C000714</bioguideId>
        <fullName>Rep. Conyers, John, Jr. [D-MI-13]</fullName>
        <lastName>CONYERS</lastName>
        <sponsorshipWithdrawnDate />
        <sponsorshipDate>2013-02-12</sponsorshipDate>
        <isOriginalCosponsor>True</isOriginalCosponsor>
      </item>
      <item>
        <middleName />
        <firstName>Chellie</firstName>
        <identifiers>
          <gpoId>7984</gpoId>
          <lisID>1927</lisID>
          <bioguideId>P000597</bioguideId>
        </identifiers>
        <bioguideId>P000597</bioguideId>
        <fullName>Rep. Pingree, Chellie [D-ME-1]</fullName>
        <lastName>Pingree</lastName>
        <sponsorshipWithdrawnDate />
        <sponsorshipDate>2013-02-12</sponsorshipDate>
        <isOriginalCosponsor>True</isOriginalCosponsor>
      </item>
      <item>
        <middleName>HOLMES</middleName>
        <firstName>ELEANOR</firstName>
        <identifiers>
          <bioguideId>N000147</bioguideId>
          <lisID>868</lisID>
          <gpoId>7871</gpoId>
        </identifiers>
        <bioguideId>N000147</bioguideId>
        <fullName>Rep. Norton, Eleanor Holmes [D-DC-At Large]</fullName>
        <lastName>NORTON</lastName>
        <sponsorshipWithdrawnDate />
        <sponsorshipDate>2013-02-12</sponsorshipDate>
        <isOriginalCosponsor>True</isOriginalCosponsor>
      </item>
      <item>
        <middleName />
        <firstName>BETTY</firstName>
        <identifiers>
          <gpoId>8004</gpoId>
          <bioguideId>M001143</bioguideId>
          <lisID>1653</lisID>
        </identifiers>
        <bioguideId>M001143</bioguideId>
        <fullName>Rep. McCollum, Betty [D-MN-4]</fullName>
        <lastName>MCCOLLUM</lastName>
        <sponsorshipWithdrawnDate />
        <sponsorshipDate>2013-02-12</sponsorshipDate>
        <isOriginalCosponsor>True</isOriginalCosponsor>
      </item>
      <item>
        <middleName>A.</middleName>
        <firstName>PETER</firstName>
        <identifiers>
          <gpoId>8117</gpoId>
          <bioguideId>D000191</bioguideId>
          <lisID>279</lisID>
        </identifiers>
        <bioguideId>D000191</bioguideId>
        <fullName>Rep. DeFazio, Peter A. [D-OR-4]</fullName>
        <lastName>DEFAZIO</lastName>
        <sponsorshipWithdrawnDate />
        <sponsorshipDate>2013-02-12</sponsorshipDate>
        <isOriginalCosponsor>True</isOriginalCosponsor>
      </item>
      <item>
        <middleName>M.</middleName>
        <firstName>LOUISE</firstName>
        <identifiers>
          <bioguideId>S000480</bioguideId>
          <lisID>1069</lisID>
          <gpoId>8089</gpoId>
        </identifiers>
        <bioguideId>S000480</bioguideId>
        <fullName>Rep. Slaughter, Louise McIntosh [D-NY-25]</fullName>
        <lastName>SLAUGHTER</lastName>
        <sponsorshipWithdrawnDate />
        <sponsorshipDate>2013-02-12</sponsorshipDate>
        <isOriginalCosponsor>True</isOriginalCosponsor>
      </item>
      <item>
        <middleName />
        <firstName>JERROLD</firstName>
        <identifiers>
          <gpoId>8069</gpoId>
          <lisID>850</lisID>
          <bioguideId>N000002</bioguideId>
        </identifiers>
        <bioguideId>N000002</bioguideId>
        <fullName>Rep. Nadler, Jerrold [D-NY-10]</fullName>
        <lastName>NADLER</lastName>
        <sponsorshipWithdrawnDate />
        <sponsorshipDate>2013-02-12</sponsorshipDate>
        <isOriginalCosponsor>True</isOriginalCosponsor>
      </item>
      <item>
        <middleName />
        <firstName>ROSA</firstName>
        <identifiers>
          <gpoId>7868</gpoId>
          <lisID>281</lisID>
          <bioguideId>D000216</bioguideId>
        </identifiers>
        <bioguideId>D000216</bioguideId>
        <fullName>Rep. DeLauro, Rosa L. [D-CT-3]</fullName>
        <lastName>DELAURO</lastName>
        <sponsorshipWithdrawnDate />
        <sponsorshipDate>2013-02-12</sponsorshipDate>
        <isOriginalCosponsor>True</isOriginalCosponsor>
      </item>
      <item>
        <middleName>P.</middleName>
        <firstName>JAMES</firstName>
        <identifiers>
          <lisID>832</lisID>
          <gpoId>8199</gpoId>
          <bioguideId>M000933</bioguideId>
        </identifiers>
        <bioguideId>M000933</bioguideId>
        <fullName>Rep. Moran, James P. [D-VA-8]</fullName>
        <lastName>MORAN</lastName>
        <sponsorshipWithdrawnDate />
        <sponsorshipDate>2013-02-12</sponsorshipDate>
        <isOriginalCosponsor>True</isOriginalCosponsor>
      </item>
      <item>
        <middleName>M.</middleName>
        <firstName>Raul</firstName>
        <identifiers>
          <lisID>1708</lisID>
          <gpoId>7804</gpoId>
          <bioguideId>G000551</bioguideId>
        </identifiers>
        <bioguideId>G000551</bioguideId>
        <fullName>Rep. Grijalva, Raul M. [D-AZ-3]</fullName>
        <lastName>Grijalva</lastName>
        <sponsorshipWithdrawnDate />
        <sponsorshipDate>2013-02-12</sponsorshipDate>
        <isOriginalCosponsor>True</isOriginalCosponsor>
      </item>
      <item>
        <middleName />
        <firstName>Jared</firstName>
        <identifiers>
          <lisID>1910</lisID>
          <bioguideId>P000598</bioguideId>
          <gpoId>7860</gpoId>
        </identifiers>
        <bioguideId>P000598</bioguideId>
        <fullName>Rep. Polis, Jared [D-CO-2]</fullName>
        <lastName>Polis</lastName>
        <sponsorshipWithdrawnDate />
        <sponsorshipDate>2013-02-12</sponsorshipDate>
        <isOriginalCosponsor>True</isOriginalCosponsor>
      </item>
      <item>
        <middleName />
        <firstName>Niki</firstName>
        <identifiers>
          <bioguideId>T000465</bioguideId>
          <lisID>1884</lisID>
          <gpoId>7970</gpoId>
        </identifiers>
        <bioguideId>T000465</bioguideId>
        <fullName>Rep. Tsongas, Niki [D-MA-3]</fullName>
        <lastName>Tsongas</lastName>
        <sponsorshipWithdrawnDate />
        <sponsorshipDate>2013-02-12</sponsorshipDate>
        <isOriginalCosponsor>True</isOriginalCosponsor>
      </item>
      <item>
        <middleName>R.</middleName>
        <firstName>JAMES</firstName>
        <identifiers>
          <lisID>1668</lisID>
          <bioguideId>L000559</bioguideId>
          <gpoId>8140</gpoId>
        </identifiers>
        <bioguideId>L000559</bioguideId>
        <fullName>Rep. Langevin, James R. [D-RI-2]</fullName>
        <lastName>LANGEVIN</lastName>
        <sponsorshipWithdrawnDate />
        <sponsorshipDate>2013-02-12</sponsorshipDate>
        <isOriginalCosponsor>True</isOriginalCosponsor>
      </item>
      <item>
        <middleName />
        <firstName>BARBARA</firstName>
        <identifiers>
          <lisID>1501</lisID>
          <bioguideId>L000551</bioguideId>
          <gpoId>7814</gpoId>
        </identifiers>
        <bioguideId>L000551</bioguideId>
        <fullName>Rep. Lee, Barbara [D-CA-13]</fullName>
        <lastName>LEE</lastName>
        <sponsorshipWithdrawnDate />
        <sponsorshipDate>2013-02-12</sponsorshipDate>
        <isOriginalCosponsor>True</isOriginalCosponsor>
      </item>
      <item>
        <middleName />
        <firstName>Mike</firstName>
        <identifiers>
          <bioguideId>Q000023</bioguideId>
          <lisID>1967</lisID>
          <gpoId>7925</gpoId>
        </identifiers>
        <bioguideId>Q000023</bioguideId>
        <fullName>Rep. Quigley, Mike [D-IL-5]</fullName>
        <lastName>Quigley</lastName>
        <sponsorshipWithdrawnDate />
        <sponsorshipDate>2013-02-12</sponsorshipDate>
        <isOriginalCosponsor>True</isOriginalCosponsor>
      </item>
      <item>
        <middleName>N.</middleName>
        <firstName>David</firstName>
        <identifiers>
          <gpoId>8139</gpoId>
          <lisID>2055</lisID>
          <bioguideId>C001084</bioguideId>
        </identifiers>
        <bioguideId>C001084</bioguideId>
        <fullName>Rep. Cicilline, David N. [D-RI-1]</fullName>
        <lastName>Cicilline</lastName>
        <sponsorshipWithdrawnDate />
        <sponsorshipDate>2013-02-12</sponsorshipDate>
        <isOriginalCosponsor>True</isOriginalCosponsor>
      </item>
      <item>
        <middleName />
        <firstName>Jackie</firstName>
        <identifiers>
          <lisID>1890</lisID>
          <gpoId>7817</gpoId>
          <bioguideId>S001175</bioguideId>
        </identifiers>
        <bioguideId>S001175</bioguideId>
        <fullName>Rep. Speier, Jackie [D-CA-14]</fullName>
        <lastName>Speier</lastName>
        <sponsorshipWithdrawnDate />
        <sponsorshipDate>2013-02-12</sponsorshipDate>
        <isOriginalCosponsor>True</isOriginalCosponsor>
      </item>
      <item>
        <middleName />
        <firstName>Chris</firstName>
        <identifiers>
          <gpoId>7983</gpoId>
          <bioguideId>V000128</bioguideId>
          <lisID>1729</lisID>
        </identifiers>
        <bioguideId>V000128</bioguideId>
        <fullName>Rep. Van Hollen, Chris [D-MD-8]</fullName>
        <lastName>Van Hollen</lastName>
        <sponsorshipWithdrawnDate />
        <sponsorshipDate>2013-02-12</sponsorshipDate>
        <isOriginalCosponsor>True</isOriginalCosponsor>
      </item>
      <item>
        <middleName>P.</middleName>
        <firstName>JAMES</firstName>
        <identifiers>
          <gpoId>7968</gpoId>
          <bioguideId>M000312</bioguideId>
          <lisID>1504</lisID>
        </identifiers>
        <bioguideId>M000312</bioguideId>
        <fullName>Rep. McGovern, James P. [D-MA-2]</fullName>
        <lastName>MCGOVERN</lastName>
        <sponsorshipWithdrawnDate />
        <sponsorshipDate>2013-02-12</sponsorshipDate>
        <isOriginalCosponsor>True</isOriginalCosponsor>
      </item>
      <item>
        <middleName />
        <firstName>Peter</firstName>
        <identifiers>
          <bioguideId>W000800</bioguideId>
          <lisID>1879</lisID>
          <gpoId>8204</gpoId>
        </identifiers>
        <bioguideId>W000800</bioguideId>
        <fullName>Rep. Welch, Peter [D-VT-At Large]</fullName>
        <lastName>Welch</lastName>
        <sponsorshipWithdrawnDate />
        <sponsorshipDate>2013-02-12</sponsorshipDate>
        <isOriginalCosponsor>True</isOriginalCosponsor>
      </item>
      <item>
        <middleName>E.</middleName>
        <firstName>Gerald</firstName>
        <identifiers>
          <gpoId>8202</gpoId>
          <lisID>1959</lisID>
          <bioguideId>C001078</bioguideId>
        </identifiers>
        <bioguideId>C001078</bioguideId>
        <fullName>Rep. Connolly, Gerald E. [D-VA-11]</fullName>
        <lastName>Connolly</lastName>
        <sponsorshipWithdrawnDate />
        <sponsorshipDate>2013-02-12</sponsorshipDate>
        <isOriginalCosponsor>True</isOriginalCosponsor>
      </item>
      <item>
        <middleName>M.</middleName>
        <firstName>MICHAEL</firstName>
        <identifiers>
          <gpoId>7820</gpoId>
          <lisID>1634</lisID>
          <bioguideId>H001034</bioguideId>
        </identifiers>
        <bioguideId>H001034</bioguideId>
        <fullName>Rep. Honda, Michael M. [D-CA-17]</fullName>
        <lastName>HONDA</lastName>
        <sponsorshipWithdrawnDate />
        <sponsorshipDate>2013-02-12</sponsorshipDate>
        <isOriginalCosponsor>True</isOriginalCosponsor>
      </item>
      <item>
        <middleName />
        <firstName>LOIS</firstName>
        <identifiers>
          <lisID>1471</lisID>
          <bioguideId>C001036</bioguideId>
          <gpoId>7828</gpoId>
        </identifiers>
        <bioguideId>C001036</bioguideId>
        <fullName>Rep. Capps, Lois [D-CA-24]</fullName>
        <lastName>CAPPS</lastName>
        <sponsorshipWithdrawnDate />
        <sponsorshipDate>2013-02-12</sponsorshipDate>
        <isOriginalCosponsor>True</isOriginalCosponsor>
      </item>
      <item>
        <middleName>A.</middleName>
        <firstName>HENRY</firstName>
        <identifiers>
          <lisID>1209</lisID>
          <bioguideId>W000215</bioguideId>
          <gpoId>7835</gpoId>
        </identifiers>
        <bioguideId>W000215</bioguideId>
        <fullName>Rep. Waxman, Henry A. [D-CA-33]</fullName>
        <lastName>WAXMAN</lastName>
        <sponsorshipWithdrawnDate />
        <sponsorshipDate>2013-02-12</sponsorshipDate>
        <isOriginalCosponsor>True</isOriginalCosponsor>
      </item>
      <item>
        <middleName />
        <firstName>GEORGE</firstName>
        <identifiers>
          <lisID>808</lisID>
          <bioguideId>M000725</bioguideId>
          <gpoId>7812</gpoId>
        </identifiers>
        <bioguideId>M000725</bioguideId>
        <fullName>Rep. Miller, George [D-CA-11]</fullName>
        <lastName>MILLER</lastName>
        <sponsorshipWithdrawnDate />
        <sponsorshipDate>2013-02-13</sponsorshipDate>
        <isOriginalCosponsor>False</isOriginalCosponsor>
      </item>
      <item>
        <middleName />
        <firstName>Keith</firstName>
        <identifiers>
          <gpoId>8005</gpoId>
          <bioguideId>E000288</bioguideId>
          <lisID>1857</lisID>
        </identifiers>
        <bioguideId>E000288</bioguideId>
        <fullName>Rep. Ellison, Keith [D-MN-5]</fullName>
        <lastName>Ellison</lastName>
        <sponsorshipWithdrawnDate />
        <sponsorshipDate>2013-02-13</sponsorshipDate>
        <isOriginalCosponsor>False</isOriginalCosponsor>
      </item>
      <item>
        <middleName>C.</middleName>
        <firstName>Gary</firstName>
        <identifiers>
          <gpoId>7994</gpoId>
          <bioguideId>P000595</bioguideId>
          <lisID>1929</lisID>
        </identifiers>
        <bioguideId>P000595</bioguideId>
        <fullName>Rep. Peters, Gary C. [D-MI-14]</fullName>
        <lastName>Peters</lastName>
        <sponsorshipWithdrawnDate />
        <sponsorshipDate>2013-02-15</sponsorshipDate>
        <isOriginalCosponsor>False</isOriginalCosponsor>
      </item>
      <item>
        <middleName />
        <firstName>ZOE</firstName>
        <identifiers>
          <gpoId>7821</gpoId>
          <lisID>701</lisID>
          <bioguideId>L000397</bioguideId>
        </identifiers>
        <bioguideId>L000397</bioguideId>
        <fullName>Rep. Lofgren, Zoe [D-CA-19]</fullName>
        <lastName>LOFGREN</lastName>
        <sponsorshipWithdrawnDate />
        <sponsorshipDate>2013-02-15</sponsorshipDate>
        <isOriginalCosponsor>False</isOriginalCosponsor>
      </item>
      <item>
        <middleName />
        <firstName>Jared</firstName>
        <identifiers>
          <bioguideId>H001068</bioguideId>
          <lisID>2101</lisID>
          <gpoId />
        </identifiers>
        <bioguideId>H001068</bioguideId>
        <fullName>Rep. Huffman, Jared [D-CA-2]</fullName>
        <lastName>Huffman</lastName>
        <sponsorshipWithdrawnDate />
        <sponsorshipDate>2013-02-15</sponsorshipDate>
        <isOriginalCosponsor>False</isOriginalCosponsor>
      </item>
      <item>
        <middleName>G.</middleName>
        <firstName>ANNA</firstName>
        <identifiers>
          <gpoId>7819</gpoId>
          <lisID>355</lisID>
          <bioguideId>E000215</bioguideId>
        </identifiers>
        <bioguideId>E000215</bioguideId>
        <fullName>Rep. Eshoo, Anna G. [D-CA-18]</fullName>
        <lastName>ESHOO</lastName>
        <sponsorshipWithdrawnDate />
        <sponsorshipDate>2013-02-28</sponsorshipDate>
        <isOriginalCosponsor>False</isOriginalCosponsor>
      </item>
      <item>
        <middleName>E.</middleName>
        <firstName>DAVID</firstName>
        <identifiers>
          <gpoId>8027</gpoId>
          <bioguideId>P000523</bioguideId>
          <lisID>930</lisID>
        </identifiers>
        <bioguideId>P000523</bioguideId>
        <fullName>Rep. Price, David E. [D-NC-4]</fullName>
        <lastName>PRICE</lastName>
        <sponsorshipWithdrawnDate />
        <sponsorshipDate>2013-03-05</sponsorshipDate>
        <isOriginalCosponsor>False</isOriginalCosponsor>
      </item>
      <item>
        <middleName>D.</middleName>
        <firstName>RUSH</firstName>
        <identifiers>
          <lisID>1580</lisID>
          <bioguideId>H001032</bioguideId>
          <gpoId>8054</gpoId>
        </identifiers>
        <bioguideId>H001032</bioguideId>
        <fullName>Rep. Holt, Rush [D-NJ-12]</fullName>
        <lastName>HOLT</lastName>
        <sponsorshipWithdrawnDate />
        <sponsorshipDate>2013-06-26</sponsorshipDate>
        <isOriginalCosponsor>False</isOriginalCosponsor>
      </item>
      <item>
        <middleName />
        <firstName>Patrick</firstName>
        <identifiers>
          <bioguideId>M001191</bioguideId>
          <lisID>2117</lisID>
          <gpoId />
        </identifiers>
        <bioguideId>M001191</bioguideId>
        <fullName>Rep. Murphy, Patrick [D-FL-18]</fullName>
        <lastName>Murphy</lastName>
        <sponsorshipWithdrawnDate />
        <sponsorshipDate>2013-07-31</sponsorshipDate>
        <isOriginalCosponsor>False</isOriginalCosponsor>
      </item>
      <item>
        <middleName>R.</middleName>
        <firstName>William</firstName>
        <identifiers>
          <lisID>2025</lisID>
          <bioguideId>K000375</bioguideId>
          <gpoId>7975</gpoId>
        </identifiers>
        <bioguideId>K000375</bioguideId>
        <fullName>Rep. Keating, William R. [D-MA-9]</fullName>
        <lastName>Keating</lastName>
        <sponsorshipWithdrawnDate />
        <sponsorshipDate>2013-10-01</sponsorshipDate>
        <isOriginalCosponsor>False</isOriginalCosponsor>
      </item>
      <item>
        <middleName />
        <firstName>Joe</firstName>
        <identifiers>
          <gpoId>7867</gpoId>
          <bioguideId>C001069</bioguideId>
          <lisID>1836</lisID>
        </identifiers>
        <bioguideId>C001069</bioguideId>
        <fullName>Rep. Courtney, Joe [D-CT-2]</fullName>
        <lastName>Courtney</lastName>
        <sponsorshipWithdrawnDate />
        <sponsorshipDate>2013-10-02</sponsorshipDate>
        <isOriginalCosponsor>False</isOriginalCosponsor>
      </item>
      <item>
        <middleName />
        <firstName>Cheri</firstName>
        <identifiers>
          <lisID>2127</lisID>
          <gpoId />
          <bioguideId>B001286</bioguideId>
        </identifiers>
        <bioguideId>B001286</bioguideId>
        <fullName>Rep. Bustos, Cheri [D-IL-17]</fullName>
        <lastName>Bustos</lastName>
        <sponsorshipWithdrawnDate />
        <sponsorshipDate>2014-01-29</sponsorshipDate>
        <isOriginalCosponsor>False</isOriginalCosponsor>
      </item>
      <item>
        <middleName>B.</middleName>
        <firstName>CHARLES</firstName>
        <identifiers>
          <bioguideId>R000053</bioguideId>
          <lisID>944</lisID>
          <gpoId>8076</gpoId>
        </identifiers>
        <bioguideId>R000053</bioguideId>
        <fullName>Rep. Rangel, Charles B. [D-NY-13]</fullName>
        <lastName>RANGEL</lastName>
        <sponsorshipWithdrawnDate />
        <sponsorshipDate>2014-05-19</sponsorshipDate>
        <isOriginalCosponsor>False</isOriginalCosponsor>
      </item>
      <item>
        <middleName>L.</middleName>
        <firstName>Bruce</firstName>
        <identifiers>
          <lisID>1845</lisID>
          <bioguideId>B001259</bioguideId>
          <gpoId>7914</gpoId>
        </identifiers>
        <bioguideId>B001259</bioguideId>
        <fullName>Rep. Braley, Bruce L. [D-IA-1]</fullName>
        <lastName>Braley</lastName>
        <sponsorshipWithdrawnDate />
        <sponsorshipDate>2014-07-31</sponsorshipDate>
        <isOriginalCosponsor>False</isOriginalCosponsor>
      </item>
      <item>
        <middleName />
        <firstName>Suzanne</firstName>
        <identifiers>
          <lisID>2092</lisID>
          <bioguideId>B001278</bioguideId>
          <gpoId>8367</gpoId>
        </identifiers>
        <bioguideId>B001278</bioguideId>
        <fullName>Rep. Bonamici, Suzanne [D-OR-1]</fullName>
        <lastName>Bonamici</lastName>
        <sponsorshipWithdrawnDate />
        <sponsorshipDate>2014-09-18</sponsorshipDate>
        <isOriginalCosponsor>False</isOriginalCosponsor>
      </item>
    </cosponsors>
    <sponsors>
      <item>
        <middleName />
        <firstName>EARL</firstName>
        <byRequestType />
        <bioguideId>B000574</bioguideId>
        <fullName>Rep. Blumenauer, Earl [D-OR-3]</fullName>
        <lastName>BLUMENAUER</lastName>
        <identifiers>
          <bioguideId>B000574</bioguideId>
          <lisID>99</lisID>
          <gpoId>8116</gpoId>
        </identifiers>
      </item>
    </sponsors>
    <subjects>
      <billSubjects>
        <policyArea>
          <name>Taxation</name>
        </policyArea>
        <legislativeSubjects>
          <item>
            <name>Accounting and auditing</name>
          </item>
          <item>
            <name>Business investment and capital</name>
          </item>
          <item>
            <name>Income tax credits</name>
          </item>
          <item>
            <name>Income tax deductions</name>
          </item>
          <item>
            <name>Oil and gas</name>
          </item>
          <item>
            <name>Taxation of foreign income</name>
          </item>
        </legislativeSubjects>
      </billSubjects>
    </subjects>
    <updateDate>2016-10-25T15:58:51Z</updateDate>
    <originChamber>House</originChamber>
    <billNumber>609</billNumber>
    <titles>
      <item>
        <title>End Big Oil Tax Subsidies Act of 2013</title>
        <parentTitleType />
        <chamberName />
        <chamberCode />
        <titleType>Short Titles as Introduced</titleType>
      </item>
      <item>
        <title>To amend the Internal Revenue Code of 1986 to repeal fossil fuel subsidies for large oil companies.</title>
        <parentTitleType />
        <chamberName />
        <chamberCode />
        <titleType>Official Title as Introduced</titleType>
      </item>
      <item>
        <title>End Big Oil Tax Subsidies Act of 2013</title>
        <parentTitleType />
        <chamberName />
        <chamberCode />
        <titleType>Display Title</titleType>
      </item>
    </titles>
    <createDate>2013-02-13T07:00:50Z</createDate>
    <congress>113</congress>
    <introducedDate>2013-02-12</introducedDate>
    <latestAction>
      <links />
      <actionDate>2013-02-12</actionDate>
      <text>Referred to the House Committee on Ways and Means.</text>
    </latestAction>
    <laws />
    <relatedBills>
      <item>
        <type>HR</type>
        <latestTitle>Permanent Repeal of Oil Subsidies Act</latestTitle>
        <number>601</number>
        <latestAction>
          <actionDate>2013-02-21</actionDate>
          <text>Referred to the Subcommittee on Energy and Mineral Resources.</text>
        </latestAction>
        <congress>113</congress>
        <relationshipDetails>
          <item>
            <type>Related bill</type>
            <identifiedBy>CRS</identifiedBy>
          </item>
        </relationshipDetails>
      </item>
    </relatedBills>
    <notes />
    <recordedVotes />
    <cboCostEstimates />
    <policyArea>
      <name>Taxation</name>
    </policyArea>
    <billType>HR</billType>
    <constitutionalAuthorityStatementText><![CDATA[<pre>By Mr. BLUMENAUER:H.R. 609.Congress has the power to enact this legislation pursuantto the following:The Constitution of the United States provides clearauthority for Congress to pass legislation regarding incometaxes. Article I of the Constitution, in detailingCongressional authority, provides that ``Congress shall havePower to lay and collect Taxes . . .'' (Section 8, Clause 1).Further clarifying Congressional power to enact an incometax, voters amended the Constitution by popular vote toprovide that ``Congress shall have power to lay and collecttaxes on incomes, from whatever source derived. . . .''(Sixteenth Amendment).[Page H455]</pre>]]></constitutionalAuthorityStatementText>
    <committees>
      <billCommittees>
        <item>
          <name>Ways and Means Committee</name>
          <subcommittees />
          <chamber>House</chamber>
          <type>Standing</type>
          <systemCode>hswm00</systemCode>
          <activities>
            <item>
              <name>Referred to</name>
              <date>2013-02-12T17:01:24Z</date>
            </item>
          </activities>
        </item>
      </billCommittees>
    </committees>
    <amendments />
    <summaries>
      <billSummaries>
        <item>
          <lastSummaryUpdateDate>2013-02-27T14:54:40Z</lastSummaryUpdateDate>
          <name>Introduced in House</name>
          <actionDesc>Introduced in House</actionDesc>
          <text><![CDATA[<p>End Big Oil Tax Subsidies Act of 2013 - Amends the Internal Revenue Code to require seven-year amortization of the geological and geophysical expenditures of covered large oil companies. Defines &quot;covered large oil company&quot; as a taxpayer which is a major integrated oil company or which has gross receipts in excess of $50 million in a taxable year. </p> <p>Denies certain tax benefits to any taxpayer that is not a small, independent oil and gas company, including: (1) the tax credits for producing oil and gas from marginal wells and for enhanced oil recovery, (2) expensing of intangible drilling and development costs in the case of gas wells and geothermal wells, (3) percentage depletion, (4) the tax deduction for qualified tertiary injectant expenses, (5) the exemption from limitations on passive activity losses, and (6) the tax deduction for income attributable to domestic production activities.</p> <p>Prohibits the use of the last-in, first-out (LIFO) accounting method by major integrated oil companies. </p> <p>Limits or denies the foreign tax credit and tax deferrals for amounts paid or accrued by a dual capacity taxpayer to a foreign country or U.S. possession for any period with respect to combined foreign oil and gas income. Defines &quot;dual capacity taxpayer&quot; as a person who is subject to a levy of a foreign country or U.S. possession and receives (or will receive) directly or indirectly a specific economic benefit from such county or possession.. </p>]]></text>
          <actionDate>2013-02-12</actionDate>
          <versionCode>00</versionCode>
          <updateDate>2013-02-12T05:00:00Z</updateDate>
        </item>
      </billSummaries>
    </summaries>
    <calendarNumbers />
    <committeeReports />
  </bill>
  <dublinCore xmlns:dc="http://purl.org/dc/elements/1.1/">
    <dc:format>text/xml</dc:format>
    <dc:language>EN</dc:language>
    <dc:rights>Pursuant to Title 17 Section 105 of the United States Code, this file is not subject to copyright protection and is in the public domain.</dc:rights>
    <dc:contributor>Congressional Research Service, Library of Congress</dc:contributor>
    <dc:description>This file contains bill summaries and statuses for federal legislation. A bill summary describes the most significant provisions of a piece of legislation and details the effects the legislative text may have on current law and federal programs. Bill summaries are authored by the Congressional Research Service (CRS) of the Library of Congress. As stated in Public Law 91-510 (2 USC 166 (d)(6)), one of the duties of CRS is "to prepare summaries and digests of bills and resolutions of a public general nature introduced in the Senate or House of Representatives". For more information, refer to the User Guide that accompanies this file.</dc:description>
  </dublinCore>
</billStatus>

