<?xml version="1.0" encoding="UTF-8"?>
<billStatus>
  <bill>
    <actions>
      <actionTypeCounts>
        <billReferrals>1</billReferrals>
        <placeholderTextForH>1</placeholderTextForH>
        <introducedInHouse>1</introducedInHouse>
        <introducedInTheHouse>1</introducedInTheHouse>
      </actionTypeCounts>
      <actionByCounts>
        <houseOfRepresentatives>4</houseOfRepresentatives>
      </actionByCounts>
      <item>
        <actionDate>2014-11-17</actionDate>
        <committee>
          <name>Workforce Protections Subcommittee</name>
          <systemCode>hsed10</systemCode>
        </committee>
        <links />
        <sourceSystem>
          <name>House committee actions</name>
          <code>1</code>
        </sourceSystem>
        <text>Referred to the Subcommittee on Workforce Protections.</text>
        <type>Committee</type>
      </item>
      <item>
        <committee>
          <name>Education and the Workforce Committee</name>
          <systemCode>hsed00</systemCode>
        </committee>
        <sourceSystem>
          <name>House floor actions</name>
          <code>2</code>
        </sourceSystem>
        <type>IntroReferral</type>
        <text>Referred to the House Committee on Education and the Workforce.</text>
        <actionDate>2014-06-11</actionDate>
        <links />
        <actionCode>H11100</actionCode>
      </item>
      <item>
        <committee />
        <sourceSystem>
          <name>Library of Congress</name>
          <code>9</code>
        </sourceSystem>
        <type>IntroReferral</type>
        <text>Introduced in House</text>
        <actionDate>2014-06-11</actionDate>
        <links />
        <actionCode>Intro-H</actionCode>
      </item>
      <item>
        <committee />
        <sourceSystem>
          <name>Library of Congress</name>
          <code>9</code>
        </sourceSystem>
        <type>IntroReferral</type>
        <text>Introduced in House</text>
        <actionDate>2014-06-11</actionDate>
        <links />
        <actionCode>1000</actionCode>
      </item>
    </actions>
    <title>Original Living Wage Act of 2014</title>
    <cosponsors>
      <item>
        <sponsorshipDate>2014-06-11</sponsorshipDate>
        <lastName>Cleaver</lastName>
        <middleName />
        <firstName>Emanuel</firstName>
        <fullName>Rep. Cleaver, Emanuel [D-MO-5]</fullName>
        <bioguideId>C001061</bioguideId>
        <identifiers>
          <lisID>1790</lisID>
          <bioguideId>C001061</bioguideId>
          <gpoId>8013</gpoId>
        </identifiers>
        <sponsorshipWithdrawnDate />
        <isOriginalCosponsor>True</isOriginalCosponsor>
      </item>
      <item>
        <sponsorshipDate>2014-06-11</sponsorshipDate>
        <lastName>CONYERS</lastName>
        <middleName />
        <firstName>JOHN</firstName>
        <fullName>Rep. Conyers, John, Jr. [D-MI-13]</fullName>
        <bioguideId>C000714</bioguideId>
        <identifiers>
          <gpoId>7999</gpoId>
          <bioguideId>C000714</bioguideId>
          <lisID>229</lisID>
        </identifiers>
        <sponsorshipWithdrawnDate />
        <isOriginalCosponsor>True</isOriginalCosponsor>
      </item>
      <item>
        <sponsorshipDate>2014-06-11</sponsorshipDate>
        <lastName>HONDA</lastName>
        <middleName>M.</middleName>
        <firstName>MICHAEL</firstName>
        <fullName>Rep. Honda, Michael M. [D-CA-17]</fullName>
        <bioguideId>H001034</bioguideId>
        <identifiers>
          <gpoId>7820</gpoId>
          <bioguideId>H001034</bioguideId>
          <lisID>1634</lisID>
        </identifiers>
        <sponsorshipWithdrawnDate />
        <isOriginalCosponsor>True</isOriginalCosponsor>
      </item>
      <item>
        <sponsorshipDate>2014-06-11</sponsorshipDate>
        <lastName>LEWIS</lastName>
        <middleName />
        <firstName>JOHN</firstName>
        <fullName>Rep. Lewis, John [D-GA-5]</fullName>
        <bioguideId>L000287</bioguideId>
        <identifiers>
          <bioguideId>L000287</bioguideId>
          <lisID>688</lisID>
          <gpoId>7902</gpoId>
        </identifiers>
        <sponsorshipWithdrawnDate />
        <isOriginalCosponsor>True</isOriginalCosponsor>
      </item>
      <item>
        <sponsorshipDate>2014-06-11</sponsorshipDate>
        <lastName>JOHNSON</lastName>
        <middleName>BERNICE</middleName>
        <firstName>EDDIE</firstName>
        <fullName>Rep. Johnson, Eddie Bernice [D-TX-30]</fullName>
        <bioguideId>J000126</bioguideId>
        <identifiers>
          <bioguideId>J000126</bioguideId>
          <lisID>599</lisID>
          <gpoId>8186</gpoId>
        </identifiers>
        <sponsorshipWithdrawnDate />
        <isOriginalCosponsor>True</isOriginalCosponsor>
      </item>
      <item>
        <sponsorshipDate>2014-06-11</sponsorshipDate>
        <lastName>LEE</lastName>
        <middleName />
        <firstName>BARBARA</firstName>
        <fullName>Rep. Lee, Barbara [D-CA-13]</fullName>
        <bioguideId>L000551</bioguideId>
        <identifiers>
          <bioguideId>L000551</bioguideId>
          <lisID>1501</lisID>
          <gpoId>7814</gpoId>
        </identifiers>
        <sponsorshipWithdrawnDate />
        <isOriginalCosponsor>True</isOriginalCosponsor>
      </item>
      <item>
        <sponsorshipDate>2014-06-11</sponsorshipDate>
        <lastName>NORTON</lastName>
        <middleName>HOLMES</middleName>
        <firstName>ELEANOR</firstName>
        <fullName>Rep. Norton, Eleanor Holmes [D-DC-At Large]</fullName>
        <bioguideId>N000147</bioguideId>
        <identifiers>
          <gpoId>7871</gpoId>
          <bioguideId>N000147</bioguideId>
          <lisID>868</lisID>
        </identifiers>
        <sponsorshipWithdrawnDate />
        <isOriginalCosponsor>True</isOriginalCosponsor>
      </item>
      <item>
        <sponsorshipDate>2014-06-11</sponsorshipDate>
        <lastName>Bass</lastName>
        <middleName />
        <firstName>Karen</firstName>
        <fullName>Rep. Bass, Karen [D-CA-37]</fullName>
        <bioguideId>B001270</bioguideId>
        <identifiers>
          <bioguideId>B001270</bioguideId>
          <lisID>1996</lisID>
          <gpoId>7838</gpoId>
        </identifiers>
        <sponsorshipWithdrawnDate />
        <isOriginalCosponsor>True</isOriginalCosponsor>
      </item>
      <item>
        <sponsorshipDate>2014-06-11</sponsorshipDate>
        <lastName>BISHOP</lastName>
        <middleName>D.</middleName>
        <firstName>SANFORD</firstName>
        <fullName>Rep. Bishop, Sanford D., Jr. [D-GA-2]</fullName>
        <bioguideId>B000490</bioguideId>
        <identifiers>
          <bioguideId>B000490</bioguideId>
          <lisID>91</lisID>
          <gpoId>7899</gpoId>
        </identifiers>
        <sponsorshipWithdrawnDate />
        <isOriginalCosponsor>True</isOriginalCosponsor>
      </item>
      <item>
        <sponsorshipDate>2014-06-11</sponsorshipDate>
        <lastName>Butterfield</lastName>
        <middleName />
        <firstName>G. K.</firstName>
        <fullName>Rep. Butterfield, G. K. [D-NC-1]</fullName>
        <bioguideId>B001251</bioguideId>
        <identifiers>
          <bioguideId>B001251</bioguideId>
          <lisID>1761</lisID>
          <gpoId>8024</gpoId>
        </identifiers>
        <sponsorshipWithdrawnDate />
        <isOriginalCosponsor>True</isOriginalCosponsor>
      </item>
      <item>
        <sponsorshipDate>2014-06-11</sponsorshipDate>
        <lastName>Carson</lastName>
        <middleName />
        <firstName>Andre</firstName>
        <fullName>Rep. Carson, Andre [D-IN-7]</fullName>
        <bioguideId>C001072</bioguideId>
        <identifiers>
          <lisID>1889</lisID>
          <gpoId>7946</gpoId>
          <bioguideId>C001072</bioguideId>
        </identifiers>
        <sponsorshipWithdrawnDate />
        <isOriginalCosponsor>True</isOriginalCosponsor>
      </item>
      <item>
        <sponsorshipDate>2014-06-11</sponsorshipDate>
        <lastName>CHRISTENSEN</lastName>
        <middleName>M.</middleName>
        <firstName>DONNA</firstName>
        <fullName>Rep. Christensen, Donna M. [D-VI-At Large]</fullName>
        <bioguideId>C000380</bioguideId>
        <identifiers>
          <gpoId>8203</gpoId>
          <lisID>1474</lisID>
          <bioguideId>C000380</bioguideId>
        </identifiers>
        <sponsorshipWithdrawnDate />
        <isOriginalCosponsor>True</isOriginalCosponsor>
      </item>
      <item>
        <sponsorshipDate>2014-06-11</sponsorshipDate>
        <lastName>Clarke</lastName>
        <middleName>D.</middleName>
        <firstName>Yvette</firstName>
        <fullName>Rep. Clarke, Yvette D. [D-NY-9]</fullName>
        <bioguideId>C001067</bioguideId>
        <identifiers>
          <lisID>1864</lisID>
          <gpoId>8072</gpoId>
          <bioguideId>C001067</bioguideId>
        </identifiers>
        <sponsorshipWithdrawnDate />
        <isOriginalCosponsor>True</isOriginalCosponsor>
      </item>
      <item>
        <sponsorshipDate>2014-06-11</sponsorshipDate>
        <lastName>CLAY</lastName>
        <middleName>LACY</middleName>
        <firstName>WM.</firstName>
        <fullName>Rep. Clay, Wm. Lacy [D-MO-1]</fullName>
        <bioguideId>C001049</bioguideId>
        <identifiers>
          <bioguideId>C001049</bioguideId>
          <lisID>1654</lisID>
          <gpoId>8009</gpoId>
        </identifiers>
        <sponsorshipWithdrawnDate />
        <isOriginalCosponsor>True</isOriginalCosponsor>
      </item>
      <item>
        <sponsorshipDate>2014-06-11</sponsorshipDate>
        <lastName>CLYBURN</lastName>
        <middleName>E.</middleName>
        <firstName>JAMES</firstName>
        <fullName>Rep. Clyburn, James E. [D-SC-6]</fullName>
        <bioguideId>C000537</bioguideId>
        <identifiers>
          <bioguideId>C000537</bioguideId>
          <lisID>208</lisID>
          <gpoId>8146</gpoId>
        </identifiers>
        <sponsorshipWithdrawnDate />
        <isOriginalCosponsor>True</isOriginalCosponsor>
      </item>
      <item>
        <sponsorshipDate>2014-06-11</sponsorshipDate>
        <lastName>CUMMINGS</lastName>
        <middleName>E.</middleName>
        <firstName>ELIJAH</firstName>
        <fullName>Rep. Cummings, Elijah E. [D-MD-7]</fullName>
        <bioguideId>C000984</bioguideId>
        <identifiers>
          <gpoId>7982</gpoId>
          <bioguideId>C000984</bioguideId>
          <lisID>256</lisID>
        </identifiers>
        <sponsorshipWithdrawnDate />
        <isOriginalCosponsor>True</isOriginalCosponsor>
      </item>
      <item>
        <sponsorshipDate>2014-06-11</sponsorshipDate>
        <lastName>DAVIS</lastName>
        <middleName>K.</middleName>
        <firstName>DANNY</firstName>
        <fullName>Rep. Davis, Danny K. [D-IL-7]</fullName>
        <bioguideId>D000096</bioguideId>
        <identifiers>
          <bioguideId>D000096</bioguideId>
          <lisID>1477</lisID>
          <gpoId>7927</gpoId>
        </identifiers>
        <sponsorshipWithdrawnDate />
        <isOriginalCosponsor>True</isOriginalCosponsor>
      </item>
      <item>
        <sponsorshipDate>2014-06-11</sponsorshipDate>
        <lastName>Ellison</lastName>
        <middleName />
        <firstName>Keith</firstName>
        <fullName>Rep. Ellison, Keith [D-MN-5]</fullName>
        <bioguideId>E000288</bioguideId>
        <identifiers>
          <lisID>1857</lisID>
          <bioguideId>E000288</bioguideId>
          <gpoId>8005</gpoId>
        </identifiers>
        <sponsorshipWithdrawnDate />
        <isOriginalCosponsor>True</isOriginalCosponsor>
      </item>
      <item>
        <sponsorshipDate>2014-06-11</sponsorshipDate>
        <lastName>Fudge</lastName>
        <middleName>L.</middleName>
        <firstName>Marcia</firstName>
        <fullName>Rep. Fudge, Marcia L. [D-OH-11]</fullName>
        <bioguideId>F000455</bioguideId>
        <identifiers>
          <bioguideId>F000455</bioguideId>
          <lisID>1895</lisID>
          <gpoId>8101</gpoId>
        </identifiers>
        <sponsorshipWithdrawnDate />
        <isOriginalCosponsor>True</isOriginalCosponsor>
      </item>
      <item>
        <sponsorshipDate>2014-06-11</sponsorshipDate>
        <lastName>JACKSON LEE</lastName>
        <middleName />
        <firstName>SHEILA</firstName>
        <fullName>Rep. Jackson Lee, Sheila [D-TX-18]</fullName>
        <bioguideId>J000032</bioguideId>
        <identifiers>
          <gpoId>8174</gpoId>
          <lisID>588</lisID>
          <bioguideId>J000032</bioguideId>
        </identifiers>
        <sponsorshipWithdrawnDate />
        <isOriginalCosponsor>True</isOriginalCosponsor>
      </item>
      <item>
        <sponsorshipDate>2014-06-11</sponsorshipDate>
        <lastName>Jeffries</lastName>
        <middleName>S.</middleName>
        <firstName>Hakeem</firstName>
        <fullName>Rep. Jeffries, Hakeem S. [D-NY-8]</fullName>
        <bioguideId>J000294</bioguideId>
        <identifiers>
          <lisID>2149</lisID>
          <bioguideId>J000294</bioguideId>
          <gpoId />
        </identifiers>
        <sponsorshipWithdrawnDate />
        <isOriginalCosponsor>True</isOriginalCosponsor>
      </item>
      <item>
        <sponsorshipDate>2014-06-11</sponsorshipDate>
        <lastName>Johnson</lastName>
        <middleName>C. "Hank"</middleName>
        <firstName>Henry</firstName>
        <fullName>Rep. Johnson, Henry C. "Hank," Jr. [D-GA-4]</fullName>
        <bioguideId>J000288</bioguideId>
        <identifiers>
          <lisID>1843</lisID>
          <bioguideId>J000288</bioguideId>
          <gpoId>7901</gpoId>
        </identifiers>
        <sponsorshipWithdrawnDate />
        <isOriginalCosponsor>True</isOriginalCosponsor>
      </item>
      <item>
        <sponsorshipDate>2014-06-11</sponsorshipDate>
        <lastName>Kelly</lastName>
        <middleName>L.</middleName>
        <firstName>Robin</firstName>
        <fullName>Rep. Kelly, Robin L. [D-IL-2]</fullName>
        <bioguideId>K000385</bioguideId>
        <identifiers>
          <lisID>2190</lisID>
          <gpoId />
          <bioguideId>K000385</bioguideId>
        </identifiers>
        <sponsorshipWithdrawnDate />
        <isOriginalCosponsor>True</isOriginalCosponsor>
      </item>
      <item>
        <sponsorshipDate>2014-06-11</sponsorshipDate>
        <lastName>MEEKS</lastName>
        <middleName>W.</middleName>
        <firstName>GREGORY</firstName>
        <fullName>Rep. Meeks, Gregory W. [D-NY-5]</fullName>
        <bioguideId>M001137</bioguideId>
        <identifiers>
          <lisID>1506</lisID>
          <gpoId>8067</gpoId>
          <bioguideId>M001137</bioguideId>
        </identifiers>
        <sponsorshipWithdrawnDate />
        <isOriginalCosponsor>True</isOriginalCosponsor>
      </item>
      <item>
        <sponsorshipDate>2014-06-11</sponsorshipDate>
        <lastName>Moore</lastName>
        <middleName />
        <firstName>Gwen</firstName>
        <fullName>Rep. Moore, Gwen [D-WI-4]</fullName>
        <bioguideId>M001160</bioguideId>
        <identifiers>
          <lisID>1811</lisID>
          <bioguideId>M001160</bioguideId>
          <gpoId>8217</gpoId>
        </identifiers>
        <sponsorshipWithdrawnDate />
        <isOriginalCosponsor>True</isOriginalCosponsor>
      </item>
      <item>
        <sponsorshipDate>2014-06-11</sponsorshipDate>
        <lastName>Payne</lastName>
        <middleName>M.</middleName>
        <firstName>Donald</firstName>
        <fullName>Rep. Payne, Donald M., Jr. [D-NJ-10]</fullName>
        <bioguideId>P000604</bioguideId>
        <identifiers>
          <bioguideId>P000604</bioguideId>
          <lisID>2097</lisID>
          <gpoId>8373</gpoId>
        </identifiers>
        <sponsorshipWithdrawnDate />
        <isOriginalCosponsor>True</isOriginalCosponsor>
      </item>
      <item>
        <sponsorshipDate>2014-06-11</sponsorshipDate>
        <lastName>RANGEL</lastName>
        <middleName>B.</middleName>
        <firstName>CHARLES</firstName>
        <fullName>Rep. Rangel, Charles B. [D-NY-13]</fullName>
        <bioguideId>R000053</bioguideId>
        <identifiers>
          <bioguideId>R000053</bioguideId>
          <lisID>944</lisID>
          <gpoId>8076</gpoId>
        </identifiers>
        <sponsorshipWithdrawnDate />
        <isOriginalCosponsor>True</isOriginalCosponsor>
      </item>
      <item>
        <sponsorshipDate>2014-06-11</sponsorshipDate>
        <lastName>RUSH</lastName>
        <middleName>L.</middleName>
        <firstName>BOBBY</firstName>
        <fullName>Rep. Rush, Bobby L. [D-IL-1]</fullName>
        <bioguideId>R000515</bioguideId>
        <identifiers>
          <bioguideId>R000515</bioguideId>
          <lisID>1003</lisID>
          <gpoId>7921</gpoId>
        </identifiers>
        <sponsorshipWithdrawnDate />
        <isOriginalCosponsor>True</isOriginalCosponsor>
      </item>
      <item>
        <sponsorshipDate>2014-06-11</sponsorshipDate>
        <lastName>Scott</lastName>
        <middleName />
        <firstName>David</firstName>
        <fullName>Rep. Scott, David [D-GA-13]</fullName>
        <bioguideId>S001157</bioguideId>
        <identifiers>
          <lisID>1722</lisID>
          <gpoId>7910</gpoId>
          <bioguideId>S001157</bioguideId>
        </identifiers>
        <sponsorshipWithdrawnDate />
        <isOriginalCosponsor>True</isOriginalCosponsor>
      </item>
      <item>
        <sponsorshipDate>2014-06-11</sponsorshipDate>
        <lastName>THOMPSON</lastName>
        <middleName />
        <firstName>BENNIE</firstName>
        <fullName>Rep. Thompson, Bennie G. [D-MS-2]</fullName>
        <bioguideId>T000193</bioguideId>
        <identifiers>
          <bioguideId>T000193</bioguideId>
          <lisID>1151</lisID>
          <gpoId>8020</gpoId>
        </identifiers>
        <sponsorshipWithdrawnDate />
        <isOriginalCosponsor>True</isOriginalCosponsor>
      </item>
      <item>
        <sponsorshipDate>2014-06-11</sponsorshipDate>
        <lastName>Veasey</lastName>
        <middleName>A.</middleName>
        <firstName>Marc</firstName>
        <fullName>Rep. Veasey, Marc A. [D-TX-33]</fullName>
        <bioguideId>V000131</bioguideId>
        <identifiers>
          <gpoId />
          <lisID>2166</lisID>
          <bioguideId>V000131</bioguideId>
        </identifiers>
        <sponsorshipWithdrawnDate />
        <isOriginalCosponsor>True</isOriginalCosponsor>
      </item>
      <item>
        <sponsorshipDate>2014-06-11</sponsorshipDate>
        <lastName>WATERS</lastName>
        <middleName />
        <firstName>MAXINE</firstName>
        <fullName>Rep. Waters, Maxine [D-CA-43]</fullName>
        <bioguideId>W000187</bioguideId>
        <identifiers>
          <bioguideId>W000187</bioguideId>
          <lisID>1205</lisID>
          <gpoId>7840</gpoId>
        </identifiers>
        <sponsorshipWithdrawnDate />
        <isOriginalCosponsor>True</isOriginalCosponsor>
      </item>
      <item>
        <sponsorshipDate>2014-06-11</sponsorshipDate>
        <lastName>Wilson</lastName>
        <middleName>S.</middleName>
        <firstName>Frederica</firstName>
        <fullName>Rep. Wilson, Frederica S. [D-FL-24]</fullName>
        <bioguideId>W000808</bioguideId>
        <identifiers>
          <gpoId>7889</gpoId>
          <bioguideId>W000808</bioguideId>
          <lisID>2004</lisID>
        </identifiers>
        <sponsorshipWithdrawnDate />
        <isOriginalCosponsor>True</isOriginalCosponsor>
      </item>
      <item>
        <sponsorshipDate>2014-06-11</sponsorshipDate>
        <lastName>BROWN</lastName>
        <middleName />
        <firstName>CORRINE</firstName>
        <fullName>Rep. Brown, Corrine [D-FL-5]</fullName>
        <bioguideId>B000911</bioguideId>
        <identifiers>
          <lisID>132</lisID>
          <gpoId>7875</gpoId>
          <bioguideId>B000911</bioguideId>
        </identifiers>
        <sponsorshipWithdrawnDate />
        <isOriginalCosponsor>True</isOriginalCosponsor>
      </item>
      <item>
        <sponsorshipDate>2014-06-11</sponsorshipDate>
        <lastName>Richmond</lastName>
        <middleName>L.</middleName>
        <firstName>Cedric</firstName>
        <fullName>Rep. Richmond, Cedric L. [D-LA-2]</fullName>
        <bioguideId>R000588</bioguideId>
        <identifiers>
          <gpoId>7960</gpoId>
          <bioguideId>R000588</bioguideId>
          <lisID>2023</lisID>
        </identifiers>
        <sponsorshipWithdrawnDate />
        <isOriginalCosponsor>True</isOriginalCosponsor>
      </item>
    </cosponsors>
    <sponsors>
      <item>
        <middleName />
        <firstName>Al</firstName>
        <byRequestType />
        <bioguideId>G000553</bioguideId>
        <fullName>Rep. Green, Al [D-TX-9]</fullName>
        <lastName>Green</lastName>
        <identifiers>
          <bioguideId>G000553</bioguideId>
          <lisID>1803</lisID>
          <gpoId>8165</gpoId>
        </identifiers>
      </item>
    </sponsors>
    <subjects>
      <billSubjects>
        <policyArea>
          <name>Labor and Employment</name>
        </policyArea>
        <legislativeSubjects>
          <item>
            <name>Housing finance and home ownership</name>
          </item>
          <item>
            <name>Labor standards</name>
          </item>
          <item>
            <name>Wages and earnings</name>
          </item>
        </legislativeSubjects>
      </billSubjects>
    </subjects>
    <updateDate>2016-10-25T16:13:58Z</updateDate>
    <originChamber>House</originChamber>
    <billNumber>4839</billNumber>
    <titles>
      <item>
        <chamberName />
        <chamberCode />
        <parentTitleType />
        <titleType>Short Titles as Introduced</titleType>
        <title>Original Living Wage Act of 2014</title>
      </item>
      <item>
        <chamberName />
        <chamberCode />
        <parentTitleType />
        <titleType>Official Title as Introduced</titleType>
        <title>To amend the Fair Labor Standards Act to provide for the calculation of the minimum wage based on the Federal poverty threshold for a family of 4, as determined by the Bureau of the Census.</title>
      </item>
      <item>
        <chamberName />
        <chamberCode />
        <parentTitleType />
        <titleType>Display Title</titleType>
        <title>Original Living Wage Act of 2014</title>
      </item>
    </titles>
    <createDate>2014-06-12T07:19:56Z</createDate>
    <congress>113</congress>
    <introducedDate>2014-06-11</introducedDate>
    <latestAction>
      <links />
      <actionDate>2014-11-17</actionDate>
      <text>Referred to the Subcommittee on Workforce Protections.</text>
    </latestAction>
    <laws />
    <relatedBills>
      <item>
        <latestAction>
          <actionDate>2013-04-23</actionDate>
          <text>Referred to the Subcommittee on Workforce Protections.</text>
        </latestAction>
        <type>HR</type>
        <congress>113</congress>
        <relationshipDetails>
          <item>
            <type>Related bill</type>
            <identifiedBy>CRS</identifiedBy>
          </item>
        </relationshipDetails>
        <number>229</number>
        <latestTitle>Original Living American Wage (LAW) Act</latestTitle>
      </item>
    </relatedBills>
    <notes />
    <recordedVotes />
    <cboCostEstimates />
    <policyArea>
      <name>Labor and Employment</name>
    </policyArea>
    <billType>HR</billType>
    <constitutionalAuthorityStatementText><![CDATA[<pre>By Mr. AL GREEN of Texas:H.R. 4839Congress has the power to enact this legislation pursuantto the following:The Constitutional authority to enact this legislation canbe found in:Commerce Clause (Art. 1 sec. 8 cl. 3)Necessary and Proper Clause (Art. 1 sec. 8 cl. 18)[Page H5319]</pre>]]></constitutionalAuthorityStatementText>
    <committees>
      <billCommittees>
        <item>
          <name>Education and the Workforce Committee</name>
          <subcommittees>
            <item>
              <activities>
                <item>
                  <name>Referred to</name>
                  <date>2014-11-17T22:05:02Z</date>
                </item>
              </activities>
              <systemCode>hsed10</systemCode>
              <name>Workforce Protections Subcommittee</name>
            </item>
          </subcommittees>
          <chamber>House</chamber>
          <type>Standing</type>
          <systemCode>hsed00</systemCode>
          <activities>
            <item>
              <name>Referred to</name>
              <date>2014-06-11T14:00:34Z</date>
            </item>
          </activities>
        </item>
      </billCommittees>
    </committees>
    <amendments />
    <summaries>
      <billSummaries>
        <item>
          <updateDate>2014-06-11T04:00:00Z</updateDate>
          <text><![CDATA[<p>Original Living Wage Act of 2014 - Expresses the sense of Congress that: (1) the federal minimum wage should, as a minimum, be adjusted every four years so that a person working for it may earn an annual income at least 15% higher than the federal poverty threshold for a family of four; (2) it should be set at a level high enough to allow two full-time minimum wage workers to earn an income above the national housing wage; and (3) Congress, any of the several states, the District of Columbia, any U.S. territories or possessions, any Indian tribe, or local or state government may establish a higher minimum wage requirement than that established in this Act.</p> <p>Amends the Fair Labor Standards Act of 1938 to increase the federal minimum wage to at least the amount determined by the Secretary of Labor according to the formula prescribed by this Act beginning September 1, 2014.</p> <p>Requires the Secretary to determine such minimum wage rate by June 1, 2014, and once every four years thereafter. Prohibits any adjustment if the determination would result in a minimum wage lower than the current one.</p> <p>Requires the minimum wage so determined to be the minimum hourly wage sufficient for a person working for it 40 hours per week, 52 weeks per year, to earn an annual income 15% higher than the federal poverty threshold for a four-person household, with two children under age 18, and living in the 48 contiguous states, as published for each such year by the Census Bureau.</p>]]></text>
          <actionDate>2014-06-11</actionDate>
          <actionDesc>Introduced in House</actionDesc>
          <name>Introduced in House</name>
          <lastSummaryUpdateDate>2014-07-15T21:34:29Z</lastSummaryUpdateDate>
          <versionCode>00</versionCode>
        </item>
      </billSummaries>
    </summaries>
    <calendarNumbers />
    <committeeReports />
  </bill>
  <dublinCore xmlns:dc="http://purl.org/dc/elements/1.1/">
    <dc:format>text/xml</dc:format>
    <dc:language>EN</dc:language>
    <dc:rights>Pursuant to Title 17 Section 105 of the United States Code, this file is not subject to copyright protection and is in the public domain.</dc:rights>
    <dc:contributor>Congressional Research Service, Library of Congress</dc:contributor>
    <dc:description>This file contains bill summaries and statuses for federal legislation. A bill summary describes the most significant provisions of a piece of legislation and details the effects the legislative text may have on current law and federal programs. Bill summaries are authored by the Congressional Research Service (CRS) of the Library of Congress. As stated in Public Law 91-510 (2 USC 166 (d)(6)), one of the duties of CRS is "to prepare summaries and digests of bills and resolutions of a public general nature introduced in the Senate or House of Representatives". For more information, refer to the User Guide that accompanies this file.</dc:description>
  </dublinCore>
</billStatus>

