<?xml version="1.0" encoding="UTF-8"?>
<billStatus>
  <bill>
    <constitutionalAuthorityStatementText><![CDATA[<pre>By Mr. GOSAR:H.R. 448.Congress has the power to enact this legislation pursuantto the following:Because this legislation adjusts the formula the federalgovernment uses to spend money on federal contracts, it isauthorized by the Constitution under Article 1, Section 8,Clause 1, which grants Congress its spending power.[Page H315]</pre>]]></constitutionalAuthorityStatementText>
    <latestAction>
      <links />
      <actionDate>2013-04-23</actionDate>
      <text>Referred to the Subcommittee on Workforce Protections.</text>
    </latestAction>
    <congress>113</congress>
    <summaries>
      <billSummaries>
        <item>
          <versionCode>00</versionCode>
          <text><![CDATA[<p>Responsibility in Federal Contracting Act - Requires that the locally prevailing wage paid to various classes of laborers and mechanics working under federally-financed or federally-assisted contracts for construction, alteration, and repair of public buildings or public works (Davis-Bacon Act) be determined by the Secretary of Labor (as under current law), but acting through the Bureau of Labor Statistics (BLS), using surveys carried out by BLS that use proper random statistical sampling techniques.</p>]]></text>
          <updateDate>2013-02-01T05:00:00Z</updateDate>
          <lastSummaryUpdateDate>2013-03-04T22:22:33Z</lastSummaryUpdateDate>
          <actionDate>2013-02-01</actionDate>
          <actionDesc>Introduced in House</actionDesc>
          <name>Introduced in House</name>
        </item>
      </billSummaries>
    </summaries>
    <cboCostEstimates />
    <calendarNumbers />
    <billType>HR</billType>
    <committees>
      <billCommittees>
        <item>
          <activities>
            <item>
              <date>2013-02-01T16:00:50Z</date>
              <name>Referred to</name>
            </item>
          </activities>
          <systemCode>hsed00</systemCode>
          <subcommittees>
            <item>
              <activities>
                <item>
                  <date>2013-04-23T20:07:15Z</date>
                  <name>Referred to</name>
                </item>
              </activities>
              <systemCode>hsed10</systemCode>
              <name>Workforce Protections Subcommittee</name>
            </item>
          </subcommittees>
          <type>Standing</type>
          <name>Education and the Workforce Committee</name>
          <chamber>House</chamber>
        </item>
      </billCommittees>
    </committees>
    <introducedDate>2013-02-01</introducedDate>
    <recordedVotes />
    <titles>
      <item>
        <title>Responsibility in Federal Contracting Act</title>
        <titleType>Short Titles as Introduced</titleType>
        <parentTitleType />
        <chamberName />
        <chamberCode />
      </item>
      <item>
        <title>To require that the prevailing wage utilized for purposes of subchapter IV of chapter 31 of title 40, United States Code (commonly referred to as the Davis-Bacon Act), be determined by the Bureau of Labor Statistics.</title>
        <titleType>Official Title as Introduced</titleType>
        <parentTitleType />
        <chamberName />
        <chamberCode />
      </item>
      <item>
        <title>Responsibility in Federal Contracting Act</title>
        <titleType>Display Title</titleType>
        <parentTitleType />
        <chamberName />
        <chamberCode />
      </item>
    </titles>
    <sponsors>
      <item>
        <bioguideId>G000565</bioguideId>
        <fullName>Rep. Gosar, Paul A. [R-AZ-4]</fullName>
        <byRequestType />
        <lastName>Gosar</lastName>
        <firstName>Paul</firstName>
        <middleName>A.</middleName>
        <identifiers>
          <bioguideId>G000565</bioguideId>
          <lisID>1992</lisID>
          <gpoId>7798</gpoId>
        </identifiers>
      </item>
    </sponsors>
    <laws />
    <originChamber>House</originChamber>
    <createDate>2013-02-02T07:00:54Z</createDate>
    <notes />
    <title>Responsibility in Federal Contracting Act</title>
    <policyArea>
      <name>Government Operations and Politics</name>
    </policyArea>
    <billNumber>448</billNumber>
    <committeeReports />
    <subjects>
      <billSubjects>
        <policyArea>
          <name>Government Operations and Politics</name>
        </policyArea>
        <legislativeSubjects>
          <item>
            <name>Census and government statistics</name>
          </item>
          <item>
            <name>Public contracts and procurement</name>
          </item>
          <item>
            <name>Wages and earnings</name>
          </item>
        </legislativeSubjects>
      </billSubjects>
    </subjects>
    <relatedBills />
    <updateDate>2016-10-25T15:58:20Z</updateDate>
    <amendments />
    <actions>
      <item>
        <actionDate>2013-04-23</actionDate>
        <committee>
          <systemCode>hsed10</systemCode>
          <name>Workforce Protections Subcommittee</name>
        </committee>
        <links />
        <sourceSystem>
          <name>House committee actions</name>
          <code>1</code>
        </sourceSystem>
        <text>Referred to the Subcommittee on Workforce Protections.</text>
        <type>Committee</type>
      </item>
      <item>
        <actionCode>H11100</actionCode>
        <type>IntroReferral</type>
        <text>Referred to the House Committee on Education and the Workforce.</text>
        <actionDate>2013-02-01</actionDate>
        <links />
        <committee>
          <systemCode>hsed00</systemCode>
          <name>Education and the Workforce Committee</name>
        </committee>
        <sourceSystem>
          <name>House floor actions</name>
          <code>2</code>
        </sourceSystem>
      </item>
      <item>
        <actionCode>Intro-H</actionCode>
        <type>IntroReferral</type>
        <text>Introduced in House</text>
        <actionDate>2013-02-01</actionDate>
        <links />
        <committee />
        <sourceSystem>
          <name>Library of Congress</name>
          <code>9</code>
        </sourceSystem>
      </item>
      <item>
        <actionCode>1000</actionCode>
        <type>IntroReferral</type>
        <text>Introduced in House</text>
        <actionDate>2013-02-01</actionDate>
        <links />
        <committee />
        <sourceSystem>
          <name>Library of Congress</name>
          <code>9</code>
        </sourceSystem>
      </item>
      <actionByCounts>
        <houseOfRepresentatives>4</houseOfRepresentatives>
      </actionByCounts>
      <actionTypeCounts>
        <billReferrals>1</billReferrals>
        <introducedInHouse>1</introducedInHouse>
        <placeholderTextForH>1</placeholderTextForH>
        <introducedInTheHouse>1</introducedInTheHouse>
      </actionTypeCounts>
    </actions>
    <cosponsors>
      <item>
        <sponsorshipDate>2013-02-06</sponsorshipDate>
        <lastName>Duncan</lastName>
        <middleName />
        <firstName>Jeff</firstName>
        <fullName>Rep. Duncan, Jeff [R-SC-3]</fullName>
        <bioguideId>D000615</bioguideId>
        <identifiers>
          <lisID>2057</lisID>
          <bioguideId>D000615</bioguideId>
          <gpoId>8143</gpoId>
        </identifiers>
        <sponsorshipWithdrawnDate />
        <isOriginalCosponsor>False</isOriginalCosponsor>
      </item>
      <item>
        <sponsorshipDate>2013-03-15</sponsorshipDate>
        <lastName>KINGSTON</lastName>
        <middleName />
        <firstName>JACK</firstName>
        <fullName>Rep. Kingston, Jack [R-GA-1]</fullName>
        <bioguideId>K000220</bioguideId>
        <identifiers>
          <lisID>636</lisID>
          <gpoId>7898</gpoId>
          <bioguideId>K000220</bioguideId>
        </identifiers>
        <sponsorshipWithdrawnDate />
        <isOriginalCosponsor>False</isOriginalCosponsor>
      </item>
      <item>
        <sponsorshipDate>2014-07-24</sponsorshipDate>
        <lastName>Jolly</lastName>
        <middleName>W.</middleName>
        <firstName>David</firstName>
        <fullName>Rep. Jolly, David [R-FL-13]</fullName>
        <bioguideId>J000296</bioguideId>
        <identifiers>
          <gpoId />
          <bioguideId>J000296</bioguideId>
          <lisID>2199</lisID>
        </identifiers>
        <sponsorshipWithdrawnDate />
        <isOriginalCosponsor>False</isOriginalCosponsor>
      </item>
    </cosponsors>
  </bill>
  <dublinCore xmlns:dc="http://purl.org/dc/elements/1.1/">
    <dc:format>text/xml</dc:format>
    <dc:language>EN</dc:language>
    <dc:rights>Pursuant to Title 17 Section 105 of the United States Code, this file is not subject to copyright protection and is in the public domain.</dc:rights>
    <dc:contributor>Congressional Research Service, Library of Congress</dc:contributor>
    <dc:description>This file contains bill summaries and statuses for federal legislation. A bill summary describes the most significant provisions of a piece of legislation and details the effects the legislative text may have on current law and federal programs. Bill summaries are authored by the Congressional Research Service (CRS) of the Library of Congress. As stated in Public Law 91-510 (2 USC 166 (d)(6)), one of the duties of CRS is "to prepare summaries and digests of bills and resolutions of a public general nature introduced in the Senate or House of Representatives". For more information, refer to the User Guide that accompanies this file.</dc:description>
  </dublinCore>
</billStatus>

