<?xml version="1.0" encoding="UTF-8"?>
<billStatus>
  <bill>
    <actions>
      <actionTypeCounts>
        <introducedInTheHouse>1</introducedInTheHouse>
        <placeholderTextForH>1</placeholderTextForH>
        <introducedInHouse>1</introducedInHouse>
        <billReferrals>1</billReferrals>
      </actionTypeCounts>
      <item>
        <actionDate>2013-02-27</actionDate>
        <committee>
          <systemCode>hspw02</systemCode>
          <name>Water Resources and Environment Subcommittee</name>
        </committee>
        <links />
        <sourceSystem>
          <name>House committee actions</name>
          <code>1</code>
        </sourceSystem>
        <text>Referred to the Subcommittee on Water Resources and Environment.</text>
        <type>Committee</type>
      </item>
      <item>
        <sourceSystem>
          <name>House floor actions</name>
          <code>2</code>
        </sourceSystem>
        <actionDate>2013-02-26</actionDate>
        <links />
        <text>Referred to the House Committee on Transportation and Infrastructure.</text>
        <type>IntroReferral</type>
        <actionCode>H11100</actionCode>
        <committee>
          <systemCode>hspw00</systemCode>
          <name>Transportation and Infrastructure Committee</name>
        </committee>
      </item>
      <item>
        <sourceSystem>
          <name>Library of Congress</name>
          <code>9</code>
        </sourceSystem>
        <actionDate>2013-02-26</actionDate>
        <links />
        <text>Introduced in House</text>
        <type>IntroReferral</type>
        <actionCode>Intro-H</actionCode>
        <committee />
      </item>
      <item>
        <sourceSystem>
          <name>Library of Congress</name>
          <code>9</code>
        </sourceSystem>
        <actionDate>2013-02-26</actionDate>
        <links />
        <text>Introduced in House</text>
        <type>IntroReferral</type>
        <actionCode>1000</actionCode>
        <committee />
      </item>
      <actionByCounts>
        <houseOfRepresentatives>4</houseOfRepresentatives>
      </actionByCounts>
    </actions>
    <title>Freedom to Fish Act of 2013</title>
    <cosponsors>
      <item>
        <sponsorshipDate>2013-03-05</sponsorshipDate>
        <lastName>Fincher</lastName>
        <fullName>Rep. Fincher, Stephen Lee [R-TN-8]</fullName>
        <middleName>Lee</middleName>
        <firstName>Stephen</firstName>
        <sponsorshipWithdrawnDate />
        <identifiers>
          <gpoId>8741</gpoId>
          <lisID>2064</lisID>
          <bioguideId>F000458</bioguideId>
        </identifiers>
        <isOriginalCosponsor>False</isOriginalCosponsor>
        <bioguideId>F000458</bioguideId>
      </item>
      <item>
        <sponsorshipDate>2013-03-06</sponsorshipDate>
        <lastName>Blackburn</lastName>
        <fullName>Rep. Blackburn, Marsha [R-TN-7]</fullName>
        <middleName />
        <firstName>Marsha</firstName>
        <sponsorshipWithdrawnDate />
        <identifiers>
          <gpoId>8154</gpoId>
          <lisID>1748</lisID>
          <bioguideId>B001243</bioguideId>
        </identifiers>
        <isOriginalCosponsor>False</isOriginalCosponsor>
        <bioguideId>B001243</bioguideId>
      </item>
      <item>
        <sponsorshipDate>2013-03-13</sponsorshipDate>
        <lastName>Barr</lastName>
        <fullName>Rep. Barr, Andy [R-KY-6]</fullName>
        <middleName />
        <firstName>Andy</firstName>
        <sponsorshipWithdrawnDate />
        <identifiers>
          <bioguideId>B001282</bioguideId>
          <lisID>2131</lisID>
          <gpoId />
        </identifiers>
        <isOriginalCosponsor>False</isOriginalCosponsor>
        <bioguideId>B001282</bioguideId>
      </item>
      <item>
        <sponsorshipDate>2013-04-09</sponsorshipDate>
        <lastName>Black</lastName>
        <fullName>Rep. Black, Diane [R-TN-6]</fullName>
        <middleName />
        <firstName>Diane</firstName>
        <sponsorshipWithdrawnDate />
        <identifiers>
          <bioguideId>B001273</bioguideId>
          <lisID>2063</lisID>
          <gpoId>8153</gpoId>
        </identifiers>
        <isOriginalCosponsor>False</isOriginalCosponsor>
        <bioguideId>B001273</bioguideId>
      </item>
      <item>
        <sponsorshipDate>2013-04-15</sponsorshipDate>
        <lastName>COOPER</lastName>
        <fullName>Rep. Cooper, Jim [D-TN-5]</fullName>
        <middleName>H.</middleName>
        <firstName>JAMES</firstName>
        <sponsorshipWithdrawnDate />
        <identifiers>
          <lisID>231</lisID>
          <bioguideId>C000754</bioguideId>
          <gpoId>8152</gpoId>
        </identifiers>
        <isOriginalCosponsor>False</isOriginalCosponsor>
        <bioguideId>C000754</bioguideId>
      </item>
      <item>
        <sponsorshipDate>2013-05-06</sponsorshipDate>
        <lastName>Guthrie</lastName>
        <fullName>Rep. Guthrie, Brett [R-KY-2]</fullName>
        <middleName />
        <firstName>Brett</firstName>
        <sponsorshipWithdrawnDate />
        <identifiers>
          <gpoId>7954</gpoId>
          <lisID>1922</lisID>
          <bioguideId>G000558</bioguideId>
        </identifiers>
        <isOriginalCosponsor>False</isOriginalCosponsor>
        <bioguideId>G000558</bioguideId>
      </item>
    </cosponsors>
    <sponsors>
      <item>
        <middleName />
        <firstName>EDWARD</firstName>
        <byRequestType />
        <bioguideId>W000413</bioguideId>
        <fullName>Rep. Whitfield, Ed [R-KY-1]</fullName>
        <lastName>WHITFIELD</lastName>
        <identifiers>
          <gpoId>7953</gpoId>
          <lisID>1222</lisID>
          <bioguideId>W000413</bioguideId>
        </identifiers>
      </item>
    </sponsors>
    <subjects>
      <billSubjects>
        <policyArea>
          <name>Water Resources Development</name>
        </policyArea>
        <legislativeSubjects>
          <item>
            <name>Dams and canals</name>
          </item>
          <item>
            <name>Hunting and fishing</name>
          </item>
          <item>
            <name>Lakes and rivers</name>
          </item>
          <item>
            <name>Outdoor recreation</name>
          </item>
        </legislativeSubjects>
      </billSubjects>
    </subjects>
    <updateDate>2016-10-25T15:59:37Z</updateDate>
    <originChamber>House</originChamber>
    <billNumber>826</billNumber>
    <titles>
      <item>
        <title>Freedom to Fish Act of 2013</title>
        <parentTitleType />
        <chamberName />
        <chamberCode />
        <titleType>Short Titles as Introduced</titleType>
      </item>
      <item>
        <title>To prohibit the Corps of Engineers from taking any action to establish a restricted area prohibiting public access to waters downstream of a dam, and for other purposes.</title>
        <parentTitleType />
        <chamberName />
        <chamberCode />
        <titleType>Official Title as Introduced</titleType>
      </item>
      <item>
        <title>Freedom to Fish Act of 2013</title>
        <parentTitleType />
        <chamberName />
        <chamberCode />
        <titleType>Display Title</titleType>
      </item>
    </titles>
    <createDate>2013-02-27T07:00:51Z</createDate>
    <congress>113</congress>
    <introducedDate>2013-02-26</introducedDate>
    <latestAction>
      <links />
      <actionDate>2013-02-27</actionDate>
      <text>Referred to the Subcommittee on Water Resources and Environment.</text>
    </latestAction>
    <laws />
    <relatedBills>
      <item>
        <number>421</number>
        <type>S</type>
        <congress>113</congress>
        <relationshipDetails>
          <item>
            <type>Related bill</type>
            <identifiedBy>CRS</identifiedBy>
          </item>
          <item>
            <type>Text similarities</type>
            <identifiedBy>House</identifiedBy>
          </item>
        </relationshipDetails>
        <latestAction>
          <actionDate>2013-02-28</actionDate>
          <text>Read twice and referred to the Committee on Environment and Public Works. (text of measure as introduced: CR S1028-1029)</text>
        </latestAction>
        <latestTitle>Freedom to Fish Act</latestTitle>
      </item>
    </relatedBills>
    <notes>
      <item>
        <links />
        <text><![CDATA[For further action, see S.982, which became Public Law 113-13 on 6/3/2013.]]></text>
      </item>
    </notes>
    <recordedVotes />
    <cboCostEstimates />
    <policyArea>
      <name>Water Resources Development</name>
    </policyArea>
    <billType>HR</billType>
    <constitutionalAuthorityStatementText><![CDATA[<pre>By Mr. WHITFIELD:H.R. 826.Congress has the power to enact this legislation pursuantto the following:Article IV, Section 3, Clause 2The Congress shall have Power to dispose of and make allneedful Rules and Regulations respecting the Territory orother Property belonging to the United States; and nothing inthis Constitution shall be so construed as to Prejudice anyClaims of the United States, or of any particular State.[Page H660]</pre>]]></constitutionalAuthorityStatementText>
    <committees>
      <billCommittees>
        <item>
          <activities>
            <item>
              <date>2013-02-26T15:03:35Z</date>
              <name>Referred to</name>
            </item>
          </activities>
          <systemCode>hspw00</systemCode>
          <subcommittees>
            <item>
              <activities>
                <item>
                  <date>2013-02-27T15:32:25Z</date>
                  <name>Referred to</name>
                </item>
              </activities>
              <systemCode>hspw02</systemCode>
              <name>Water Resources and Environment Subcommittee</name>
            </item>
          </subcommittees>
          <type>Standing</type>
          <name>Transportation and Infrastructure Committee</name>
          <chamber>House</chamber>
        </item>
      </billCommittees>
    </committees>
    <amendments />
    <summaries>
      <billSummaries>
        <item>
          <text><![CDATA[<p>Freedom to Fish Act of 2013 - Prohibits the Chief of the Army Corps of Engineers from taking any action (after August 1, 2012) to establish a restricted area prohibiting public access to waters downstream of a dam owned by the Corps. Requires the Chief to cease implementing any restricted area resulting from such action taken between August 12, 2012, and the date of enactment of this Act and to remove any barriers constructed in connection with that area.</p>]]></text>
          <name>Introduced in House</name>
          <versionCode>00</versionCode>
          <actionDate>2013-02-26</actionDate>
          <actionDesc>Introduced in House</actionDesc>
          <lastSummaryUpdateDate>2013-04-24T19:08:08Z</lastSummaryUpdateDate>
          <updateDate>2013-02-26T05:00:00Z</updateDate>
        </item>
      </billSummaries>
    </summaries>
    <calendarNumbers />
    <committeeReports />
  </bill>
  <dublinCore xmlns:dc="http://purl.org/dc/elements/1.1/">
    <dc:format>text/xml</dc:format>
    <dc:language>EN</dc:language>
    <dc:rights>Pursuant to Title 17 Section 105 of the United States Code, this file is not subject to copyright protection and is in the public domain.</dc:rights>
    <dc:contributor>Congressional Research Service, Library of Congress</dc:contributor>
    <dc:description>This file contains bill summaries and statuses for federal legislation. A bill summary describes the most significant provisions of a piece of legislation and details the effects the legislative text may have on current law and federal programs. Bill summaries are authored by the Congressional Research Service (CRS) of the Library of Congress. As stated in Public Law 91-510 (2 USC 166 (d)(6)), one of the duties of CRS is "to prepare summaries and digests of bills and resolutions of a public general nature introduced in the Senate or House of Representatives". For more information, refer to the User Guide that accompanies this file.</dc:description>
  </dublinCore>
</billStatus>

