<?xml version="1.0" encoding="UTF-8"?>
<billStatus>
  <bill>
    <actions>
      <actionByCounts>
        <houseOfRepresentatives>4</houseOfRepresentatives>
      </actionByCounts>
      <actionTypeCounts>
        <billReferrals>1</billReferrals>
        <introducedInHouse>1</introducedInHouse>
        <placeholderTextForH>1</placeholderTextForH>
        <introducedInTheHouse>1</introducedInTheHouse>
      </actionTypeCounts>
      <item>
        <actionDate>2013-02-08</actionDate>
        <committee>
          <name>Health Subcommittee</name>
          <systemCode>hsif14</systemCode>
        </committee>
        <links />
        <sourceSystem>
          <code>1</code>
          <name>House committee actions</name>
        </sourceSystem>
        <text>Referred to the Subcommittee on Health.</text>
        <type>Committee</type>
      </item>
      <item>
        <sourceSystem>
          <code>2</code>
          <name>House floor actions</name>
        </sourceSystem>
        <type>IntroReferral</type>
        <actionDate>2013-02-06</actionDate>
        <text>Referred to the House Committee on Energy and Commerce.</text>
        <committee>
          <name>Energy and Commerce Committee</name>
          <systemCode>hsif00</systemCode>
        </committee>
        <actionCode>H11100</actionCode>
        <links />
      </item>
      <item>
        <sourceSystem>
          <code>9</code>
          <name>Library of Congress</name>
        </sourceSystem>
        <type>IntroReferral</type>
        <actionDate>2013-02-06</actionDate>
        <text>Introduced in House</text>
        <committee />
        <actionCode>Intro-H</actionCode>
        <links />
      </item>
      <item>
        <sourceSystem>
          <code>9</code>
          <name>Library of Congress</name>
        </sourceSystem>
        <type>IntroReferral</type>
        <actionDate>2013-02-06</actionDate>
        <text>Introduced in House</text>
        <committee />
        <actionCode>1000</actionCode>
        <links />
      </item>
    </actions>
    <title>Access to Health Information Centers for Families with Disabilities Act of 2013</title>
    <cosponsors>
      <item>
        <firstName>David</firstName>
        <fullName>Rep. Cicilline, David N. [D-RI-1]</fullName>
        <identifiers>
          <gpoId>8139</gpoId>
          <lisID>2055</lisID>
          <bioguideId>C001084</bioguideId>
        </identifiers>
        <bioguideId>C001084</bioguideId>
        <sponsorshipWithdrawnDate />
        <middleName>N.</middleName>
        <isOriginalCosponsor>False</isOriginalCosponsor>
        <sponsorshipDate>2013-02-25</sponsorshipDate>
        <lastName>Cicilline</lastName>
      </item>
      <item>
        <firstName>Tony</firstName>
        <fullName>Rep. Cardenas, Tony [D-CA-29]</fullName>
        <identifiers>
          <lisID>2107</lisID>
          <bioguideId>C001097</bioguideId>
          <gpoId />
        </identifiers>
        <bioguideId>C001097</bioguideId>
        <sponsorshipWithdrawnDate />
        <middleName />
        <isOriginalCosponsor>False</isOriginalCosponsor>
        <sponsorshipDate>2013-11-13</sponsorshipDate>
        <lastName>Cardenas</lastName>
      </item>
      <item>
        <firstName>Colleen</firstName>
        <fullName>Rep. Hanabusa, Colleen W. [D-HI-1]</fullName>
        <identifiers>
          <bioguideId>H001050</bioguideId>
          <lisID>2010</lisID>
          <gpoId>7912</gpoId>
        </identifiers>
        <bioguideId>H001050</bioguideId>
        <sponsorshipWithdrawnDate />
        <middleName>W.</middleName>
        <isOriginalCosponsor>False</isOriginalCosponsor>
        <sponsorshipDate>2013-12-11</sponsorshipDate>
        <lastName>Hanabusa</lastName>
      </item>
      <item>
        <firstName>JANICE</firstName>
        <fullName>Rep. Schakowsky, Janice D. [D-IL-9]</fullName>
        <identifiers>
          <gpoId>7929</gpoId>
          <lisID>1588</lisID>
          <bioguideId>S001145</bioguideId>
        </identifiers>
        <bioguideId>S001145</bioguideId>
        <sponsorshipWithdrawnDate />
        <middleName>D.</middleName>
        <isOriginalCosponsor>False</isOriginalCosponsor>
        <sponsorshipDate>2013-12-12</sponsorshipDate>
        <lastName>SCHAKOWSKY</lastName>
      </item>
      <item>
        <firstName>Michael</firstName>
        <fullName>Rep. Michaud, Michael H. [D-ME-2]</fullName>
        <identifiers>
          <lisID>1730</lisID>
          <bioguideId>M001149</bioguideId>
          <gpoId>7985</gpoId>
        </identifiers>
        <bioguideId>M001149</bioguideId>
        <sponsorshipWithdrawnDate />
        <middleName>H.</middleName>
        <isOriginalCosponsor>False</isOriginalCosponsor>
        <sponsorshipDate>2014-01-07</sponsorshipDate>
        <lastName>Michaud</lastName>
      </item>
      <item>
        <firstName>Andre</firstName>
        <fullName>Rep. Carson, Andre [D-IN-7]</fullName>
        <identifiers>
          <gpoId>7946</gpoId>
          <lisID>1889</lisID>
          <bioguideId>C001072</bioguideId>
        </identifiers>
        <bioguideId>C001072</bioguideId>
        <sponsorshipWithdrawnDate />
        <middleName />
        <isOriginalCosponsor>False</isOriginalCosponsor>
        <sponsorshipDate>2014-01-15</sponsorshipDate>
        <lastName>Carson</lastName>
      </item>
      <item>
        <firstName>Chellie</firstName>
        <fullName>Rep. Pingree, Chellie [D-ME-1]</fullName>
        <identifiers>
          <lisID>1927</lisID>
          <gpoId>7984</gpoId>
          <bioguideId>P000597</bioguideId>
        </identifiers>
        <bioguideId>P000597</bioguideId>
        <sponsorshipWithdrawnDate />
        <middleName />
        <isOriginalCosponsor>False</isOriginalCosponsor>
        <sponsorshipDate>2014-03-05</sponsorshipDate>
        <lastName>Pingree</lastName>
      </item>
    </cosponsors>
    <sponsors>
      <item>
        <middleName />
        <firstName>FRANK</firstName>
        <byRequestType />
        <bioguideId>P000034</bioguideId>
        <fullName>Rep. Pallone, Frank, Jr. [D-NJ-6]</fullName>
        <lastName>PALLONE</lastName>
        <identifiers>
          <bioguideId>P000034</bioguideId>
          <lisID>887</lisID>
          <gpoId>8048</gpoId>
        </identifiers>
      </item>
    </sponsors>
    <subjects>
      <billSubjects>
        <policyArea>
          <name>Health</name>
        </policyArea>
        <legislativeSubjects>
          <item>
            <name>Child health</name>
          </item>
          <item>
            <name>Disability and paralysis</name>
          </item>
          <item>
            <name>Health information and medical records</name>
          </item>
          <item>
            <name>Health programs administration and funding</name>
          </item>
          <item>
            <name>Health promotion and preventive care</name>
          </item>
          <item>
            <name>Women's health</name>
          </item>
        </legislativeSubjects>
      </billSubjects>
    </subjects>
    <updateDate>2016-10-25T15:58:42Z</updateDate>
    <originChamber>House</originChamber>
    <billNumber>564</billNumber>
    <titles>
      <item>
        <parentTitleType />
        <title>Access to Health Information Centers for Families with Disabilities Act of 2013</title>
        <chamberName />
        <titleType>Short Titles as Introduced</titleType>
        <chamberCode />
      </item>
      <item>
        <parentTitleType />
        <title>To amend title V of the Social Security Act to extend funding for family-to-family health information centers to help families of children with disabilities or special health care needs make informed choices about health care for their children.</title>
        <chamberName />
        <titleType>Official Title as Introduced</titleType>
        <chamberCode />
      </item>
      <item>
        <parentTitleType />
        <title>Access to Health Information Centers for Families with Disabilities Act of 2013</title>
        <chamberName />
        <titleType>Display Title</titleType>
        <chamberCode />
      </item>
    </titles>
    <createDate>2013-02-07T07:00:56Z</createDate>
    <congress>113</congress>
    <introducedDate>2013-02-06</introducedDate>
    <latestAction>
      <links />
      <actionDate>2013-02-08</actionDate>
      <text>Referred to the Subcommittee on Health.</text>
    </latestAction>
    <laws />
    <relatedBills>
      <item>
        <latestAction>
          <actionDate>2013-02-28</actionDate>
          <text>Read twice and referred to the Committee on Finance.</text>
        </latestAction>
        <type>S</type>
        <congress>113</congress>
        <relationshipDetails>
          <item>
            <type>Related bill</type>
            <identifiedBy>CRS</identifiedBy>
          </item>
        </relationshipDetails>
        <number>423</number>
        <latestTitle>A bill to amend title V of the Social Security Act to extend funding for family-to-family health information centers to help families of children with disabilities or special health care needs make informed choices about health care for their children.</latestTitle>
      </item>
    </relatedBills>
    <notes />
    <recordedVotes />
    <cboCostEstimates />
    <policyArea>
      <name>Health</name>
    </policyArea>
    <billType>HR</billType>
    <constitutionalAuthorityStatementText><![CDATA[<pre>By Mr. PALLONE:H.R. 564.Congress has the power to enact this legislation pursuantto the following:Article I, Section 8, Clause 18The Congress shall have power to make all Laws which shallbe necessary and proper for carrying into Execution theforegoing Powers, and all other Powers vested by theConstitution in the Government of the United States, or inany Department or Officer thereof.[Page H415]</pre>]]></constitutionalAuthorityStatementText>
    <committees>
      <billCommittees>
        <item>
          <systemCode>hsif00</systemCode>
          <subcommittees>
            <item>
              <systemCode>hsif14</systemCode>
              <name>Health Subcommittee</name>
              <activities>
                <item>
                  <name>Referred to</name>
                  <date>2013-02-08T22:23:51Z</date>
                </item>
              </activities>
            </item>
          </subcommittees>
          <chamber>House</chamber>
          <type>Standing</type>
          <name>Energy and Commerce Committee</name>
          <activities>
            <item>
              <name>Referred to</name>
              <date>2013-02-06T14:05:05Z</date>
            </item>
          </activities>
        </item>
      </billCommittees>
    </committees>
    <amendments />
    <summaries>
      <billSummaries>
        <item>
          <updateDate>2013-02-06T05:00:00Z</updateDate>
          <text><![CDATA[<p>Access to Health Information Centers for Families with Disabilities Act of 2013 - Amends title V (Maternal and Child Health Services) of the Social Security Act, as amended by the American Taxpayer Relief Act of 2012, to extend through FY2016 appropriations for family-to-family health information centers to help families of children with disabilities or special health care needs make informed choices about health care for their children.</p>]]></text>
          <actionDate>2013-02-06</actionDate>
          <actionDesc>Introduced in House</actionDesc>
          <name>Introduced in House</name>
          <lastSummaryUpdateDate>2013-02-28T21:02:31Z</lastSummaryUpdateDate>
          <versionCode>00</versionCode>
        </item>
      </billSummaries>
    </summaries>
    <calendarNumbers />
    <committeeReports />
  </bill>
  <dublinCore xmlns:dc="http://purl.org/dc/elements/1.1/">
    <dc:format>text/xml</dc:format>
    <dc:language>EN</dc:language>
    <dc:rights>Pursuant to Title 17 Section 105 of the United States Code, this file is not subject to copyright protection and is in the public domain.</dc:rights>
    <dc:contributor>Congressional Research Service, Library of Congress</dc:contributor>
    <dc:description>This file contains bill summaries and statuses for federal legislation. A bill summary describes the most significant provisions of a piece of legislation and details the effects the legislative text may have on current law and federal programs. Bill summaries are authored by the Congressional Research Service (CRS) of the Library of Congress. As stated in Public Law 91-510 (2 USC 166 (d)(6)), one of the duties of CRS is "to prepare summaries and digests of bills and resolutions of a public general nature introduced in the Senate or House of Representatives". For more information, refer to the User Guide that accompanies this file.</dc:description>
  </dublinCore>
</billStatus>

