<?xml version="1.0" encoding="UTF-8"?>
<billStatus>
  <bill>
    <sponsors>
      <item>
        <lastName>Grayson</lastName>
        <fullName>Rep. Grayson, Alan [D-FL-9]</fullName>
        <middleName />
        <firstName>Alan</firstName>
        <identifiers>
          <lisID>1914</lisID>
          <gpoId>7302</gpoId>
          <bioguideId>G000556</bioguideId>
        </identifiers>
        <byRequestType />
        <bioguideId>G000556</bioguideId>
      </item>
    </sponsors>
    <latestAction>
      <links />
      <text>Referred to the House Committee on Financial Services.</text>
      <actionDate>2013-03-13</actionDate>
    </latestAction>
    <laws />
    <createDate>2013-03-14T07:01:11Z</createDate>
    <updateDate>2016-10-25T16:00:40Z</updateDate>
    <committees>
      <billCommittees>
        <item>
          <activities>
            <item>
              <date>2013-03-13T14:03:15Z</date>
              <name>Referred to</name>
            </item>
          </activities>
          <chamber>House</chamber>
          <type>Standing</type>
          <subcommittees />
          <name>Financial Services Committee</name>
          <systemCode>hsba00</systemCode>
        </item>
      </billCommittees>
    </committees>
    <title>Corporate Propaganda Sunshine Act</title>
    <introducedDate>2013-03-13</introducedDate>
    <relatedBills />
    <billNumber>1112</billNumber>
    <amendments />
    <subjects>
      <billSubjects>
        <policyArea>
          <name>Finance and Financial Sector</name>
        </policyArea>
        <legislativeSubjects>
          <item>
            <name>Administrative law and regulatory procedures</name>
          </item>
          <item>
            <name>Business records</name>
          </item>
          <item>
            <name>Corporate finance and management</name>
          </item>
          <item>
            <name>Elections, voting, political campaign regulation</name>
          </item>
          <item>
            <name>Public participation and lobbying</name>
          </item>
          <item>
            <name>Securities</name>
          </item>
          <item>
            <name>Securities and Exchange Commission (SEC)</name>
          </item>
        </legislativeSubjects>
      </billSubjects>
    </subjects>
    <actions>
      <item>
        <committee>
          <systemCode>hsba00</systemCode>
          <name>Financial Services Committee</name>
        </committee>
        <type>IntroReferral</type>
        <links />
        <actionCode>H11100</actionCode>
        <sourceSystem>
          <name>House floor actions</name>
          <code>2</code>
        </sourceSystem>
        <actionDate>2013-03-13</actionDate>
        <text>Referred to the House Committee on Financial Services.</text>
      </item>
      <item>
        <committee />
        <type>IntroReferral</type>
        <links />
        <actionCode>Intro-H</actionCode>
        <sourceSystem>
          <name>Library of Congress</name>
          <code>9</code>
        </sourceSystem>
        <actionDate>2013-03-13</actionDate>
        <text>Introduced in House</text>
      </item>
      <item>
        <committee />
        <type>IntroReferral</type>
        <links />
        <actionCode>1000</actionCode>
        <sourceSystem>
          <name>Library of Congress</name>
          <code>9</code>
        </sourceSystem>
        <actionDate>2013-03-13</actionDate>
        <text>Introduced in House</text>
      </item>
      <actionByCounts>
        <houseOfRepresentatives>3</houseOfRepresentatives>
      </actionByCounts>
      <actionTypeCounts>
        <introducedInTheHouse>1</introducedInTheHouse>
        <billReferrals>1</billReferrals>
        <introducedInHouse>1</introducedInHouse>
      </actionTypeCounts>
    </actions>
    <constitutionalAuthorityStatementText><![CDATA[<pre>By Mr. GRAYSON:H.R. 1112.Congress has the power to enact this legislation pursuantto the following:Article I, Section 8, Clause 3``The Congress shall have Power . . . To regulate Commercewith foreign Nations and among the several States, and withthe Indian Tribes.''[Page H1397]</pre>]]></constitutionalAuthorityStatementText>
    <policyArea>
      <name>Finance and Financial Sector</name>
    </policyArea>
    <cosponsors />
    <cboCostEstimates />
    <summaries>
      <billSummaries>
        <item>
          <actionDesc>Introduced in House</actionDesc>
          <actionDate>2013-03-13</actionDate>
          <updateDate>2013-03-13T04:00:00Z</updateDate>
          <versionCode>00</versionCode>
          <lastSummaryUpdateDate>2013-05-01T20:55:05Z</lastSummaryUpdateDate>
          <name>Introduced in House</name>
          <text><![CDATA[<p>Corporate Propaganda Sunshine Act - Directs the Securities and Exchange Commission (SEC) to revise certain regulations to require issuers to include in specified periodic reports any expenditures totaling $1,000 or more that were made for the purpose of influencing public opinion on any matter other than the promotion of the issuer's products or services. Requires such disclosures to include the date, amount, and purpose of the expenditure and to identify (by name, address, and phone number) the person to whom it was made.</p>]]></text>
        </item>
      </billSummaries>
    </summaries>
    <committeeReports />
    <recordedVotes />
    <calendarNumbers />
    <notes />
    <billType>HR</billType>
    <congress>113</congress>
    <originChamber>House</originChamber>
    <titles>
      <item>
        <chamberName />
        <titleType>Short Titles as Introduced</titleType>
        <title>Corporate Propaganda Sunshine Act</title>
        <chamberCode />
        <parentTitleType />
      </item>
      <item>
        <chamberName />
        <titleType>Official Title as Introduced</titleType>
        <title>To direct the Securities and Exchange Commission to revise its reporting requirements to require public companies to report certain expenditures made to influence public opinion on any matter other than the promotion of the company's products or services.</title>
        <chamberCode />
        <parentTitleType />
      </item>
      <item>
        <chamberName />
        <titleType>Display Title</titleType>
        <title>Corporate Propaganda Sunshine Act</title>
        <chamberCode />
        <parentTitleType />
      </item>
    </titles>
  </bill>
  <dublinCore xmlns:dc="http://purl.org/dc/elements/1.1/">
    <dc:format>text/xml</dc:format>
    <dc:language>EN</dc:language>
    <dc:rights>Pursuant to Title 17 Section 105 of the United States Code, this file is not subject to copyright protection and is in the public domain.</dc:rights>
    <dc:contributor>Congressional Research Service, Library of Congress</dc:contributor>
    <dc:description>This file contains bill summaries and statuses for federal legislation. A bill summary describes the most significant provisions of a piece of legislation and details the effects the legislative text may have on current law and federal programs. Bill summaries are authored by the Congressional Research Service (CRS) of the Library of Congress. As stated in Public Law 91-510 (2 USC 166 (d)(6)), one of the duties of CRS is "to prepare summaries and digests of bills and resolutions of a public general nature introduced in the Senate or House of Representatives". For more information, refer to the User Guide that accompanies this file.</dc:description>
  </dublinCore>
</billStatus>

