<?xml version="1.0" encoding="UTF-8"?>
<billStatus>
  <bill>
    <actions>
      <actionTypeCounts>
        <introducedInTheHouse>1</introducedInTheHouse>
        <introducedInHouse>1</introducedInHouse>
        <billReferrals>1</billReferrals>
      </actionTypeCounts>
      <item>
        <sourceSystem>
          <name>House floor actions</name>
          <code>2</code>
        </sourceSystem>
        <actionDate>2013-03-15</actionDate>
        <links />
        <text>Referred to the House Committee on Financial Services.</text>
        <type>IntroReferral</type>
        <actionCode>H11100</actionCode>
        <committee>
          <systemCode>hsba00</systemCode>
          <name>Financial Services Committee</name>
        </committee>
      </item>
      <item>
        <sourceSystem>
          <name>Library of Congress</name>
          <code>9</code>
        </sourceSystem>
        <actionDate>2013-03-15</actionDate>
        <links />
        <text>Introduced in House</text>
        <type>IntroReferral</type>
        <actionCode>Intro-H</actionCode>
        <committee />
      </item>
      <item>
        <sourceSystem>
          <name>Library of Congress</name>
          <code>9</code>
        </sourceSystem>
        <actionDate>2013-03-15</actionDate>
        <links />
        <text>Introduced in House</text>
        <type>IntroReferral</type>
        <actionCode>1000</actionCode>
        <committee />
      </item>
      <actionByCounts>
        <houseOfRepresentatives>3</houseOfRepresentatives>
      </actionByCounts>
    </actions>
    <title>Father Mychal Judge, O.F.M., Congressional Gold Medal Act</title>
    <cosponsors>
      <item>
        <middleName>G.</middleName>
        <firstName>Michael</firstName>
        <fullName>Rep. Grimm, Michael G. [R-NY-11]</fullName>
        <sponsorshipWithdrawnDate />
        <sponsorshipDate>2013-03-15</sponsorshipDate>
        <bioguideId>G000569</bioguideId>
        <lastName>Grimm</lastName>
        <isOriginalCosponsor>True</isOriginalCosponsor>
        <identifiers>
          <lisID>2041</lisID>
          <gpoId>8074</gpoId>
          <bioguideId>G000569</bioguideId>
        </identifiers>
      </item>
      <item>
        <middleName />
        <firstName>JOSEPH</firstName>
        <fullName>Rep. Crowley, Joseph [D-NY-14]</fullName>
        <sponsorshipWithdrawnDate />
        <sponsorshipDate>2013-03-15</sponsorshipDate>
        <bioguideId>C001038</bioguideId>
        <lastName>CROWLEY</lastName>
        <isOriginalCosponsor>True</isOriginalCosponsor>
        <identifiers>
          <lisID>1604</lisID>
          <bioguideId>C001038</bioguideId>
          <gpoId>8068</gpoId>
        </identifiers>
      </item>
      <item>
        <middleName />
        <firstName>STEVE</firstName>
        <fullName>Rep. Israel, Steve [D-NY-3]</fullName>
        <sponsorshipWithdrawnDate />
        <sponsorshipDate>2013-03-15</sponsorshipDate>
        <bioguideId>I000057</bioguideId>
        <lastName>ISRAEL</lastName>
        <isOriginalCosponsor>True</isOriginalCosponsor>
        <identifiers>
          <lisID>1663</lisID>
          <bioguideId>I000057</bioguideId>
          <gpoId>8063</gpoId>
        </identifiers>
      </item>
      <item>
        <middleName />
        <firstName>Tom</firstName>
        <fullName>Rep. Marino, Tom [R-PA-10]</fullName>
        <sponsorshipWithdrawnDate />
        <sponsorshipDate>2013-03-15</sponsorshipDate>
        <bioguideId>M001179</bioguideId>
        <lastName>Marino</lastName>
        <isOriginalCosponsor>True</isOriginalCosponsor>
        <identifiers>
          <gpoId>8128</gpoId>
          <lisID>2053</lisID>
          <bioguideId>M001179</bioguideId>
        </identifiers>
      </item>
      <item>
        <middleName>B.</middleName>
        <firstName>CHARLES</firstName>
        <fullName>Rep. Rangel, Charles B. [D-NY-13]</fullName>
        <sponsorshipWithdrawnDate />
        <sponsorshipDate>2013-03-15</sponsorshipDate>
        <bioguideId>R000053</bioguideId>
        <lastName>RANGEL</lastName>
        <isOriginalCosponsor>True</isOriginalCosponsor>
        <identifiers>
          <lisID>944</lisID>
          <bioguideId>R000053</bioguideId>
          <gpoId>8076</gpoId>
        </identifiers>
      </item>
      <item>
        <middleName />
        <firstName>Jon</firstName>
        <fullName>Rep. Runyan, Jon [R-NJ-3]</fullName>
        <sponsorshipWithdrawnDate />
        <sponsorshipDate>2013-03-15</sponsorshipDate>
        <bioguideId>R000594</bioguideId>
        <lastName>Runyan</lastName>
        <isOriginalCosponsor>True</isOriginalCosponsor>
        <identifiers>
          <bioguideId>R000594</bioguideId>
          <lisID>2039</lisID>
          <gpoId>8045</gpoId>
        </identifiers>
      </item>
      <item>
        <middleName>M.</middleName>
        <firstName>LOUISE</firstName>
        <fullName>Rep. Slaughter, Louise McIntosh [D-NY-25]</fullName>
        <sponsorshipWithdrawnDate />
        <sponsorshipDate>2013-03-15</sponsorshipDate>
        <bioguideId>S000480</bioguideId>
        <lastName>SLAUGHTER</lastName>
        <isOriginalCosponsor>True</isOriginalCosponsor>
        <identifiers>
          <gpoId>8089</gpoId>
          <lisID>1069</lisID>
          <bioguideId>S000480</bioguideId>
        </identifiers>
      </item>
      <item>
        <middleName>P.</middleName>
        <firstName>Christopher</firstName>
        <fullName>Rep. Gibson, Christopher P. [R-NY-19]</fullName>
        <sponsorshipWithdrawnDate />
        <sponsorshipDate>2013-03-15</sponsorshipDate>
        <bioguideId>G000564</bioguideId>
        <lastName>Gibson</lastName>
        <isOriginalCosponsor>True</isOriginalCosponsor>
        <identifiers>
          <lisID>2043</lisID>
          <bioguideId>G000564</bioguideId>
          <gpoId>8081</gpoId>
        </identifiers>
      </item>
      <item>
        <middleName />
        <firstName>Brian</firstName>
        <fullName>Rep. Higgins, Brian [D-NY-26]</fullName>
        <sponsorshipWithdrawnDate />
        <sponsorshipDate>2013-03-15</sponsorshipDate>
        <bioguideId>H001038</bioguideId>
        <lastName>Higgins</lastName>
        <isOriginalCosponsor>True</isOriginalCosponsor>
        <identifiers>
          <lisID>1794</lisID>
          <gpoId>8088</gpoId>
          <bioguideId>H001038</bioguideId>
        </identifiers>
      </item>
      <item>
        <middleName>R.</middleName>
        <firstName>FRANK</firstName>
        <fullName>Rep. Wolf, Frank R. [R-VA-10]</fullName>
        <sponsorshipWithdrawnDate />
        <sponsorshipDate>2013-03-15</sponsorshipDate>
        <bioguideId>W000672</bioguideId>
        <lastName>WOLF</lastName>
        <isOriginalCosponsor>True</isOriginalCosponsor>
        <identifiers>
          <bioguideId>W000672</bioguideId>
          <lisID>1238</lisID>
          <gpoId>8201</gpoId>
        </identifiers>
      </item>
      <item>
        <middleName>L.</middleName>
        <firstName>Richard</firstName>
        <fullName>Rep. Hanna, Richard L. [R-NY-22]</fullName>
        <sponsorshipWithdrawnDate />
        <sponsorshipDate>2013-09-17</sponsorshipDate>
        <bioguideId>H001051</bioguideId>
        <lastName>Hanna</lastName>
        <isOriginalCosponsor>False</isOriginalCosponsor>
        <identifiers>
          <gpoId>8085</gpoId>
          <bioguideId>H001051</bioguideId>
          <lisID>2044</lisID>
        </identifiers>
      </item>
    </cosponsors>
    <sponsors>
      <item>
        <middleName>T.</middleName>
        <firstName>PETER</firstName>
        <byRequestType />
        <bioguideId>K000210</bioguideId>
        <fullName>Rep. King, Peter T. [R-NY-2]</fullName>
        <lastName>KING</lastName>
        <identifiers>
          <bioguideId>K000210</bioguideId>
          <lisID>635</lisID>
          <gpoId>8064</gpoId>
        </identifiers>
      </item>
    </sponsors>
    <subjects>
      <billSubjects>
        <policyArea>
          <name>Arts, Culture, Religion</name>
        </policyArea>
        <legislativeSubjects>
          <item>
            <name>Congressional tributes</name>
          </item>
          <item>
            <name>Crime victims</name>
          </item>
          <item>
            <name>Government employee pay, benefits, personnel management</name>
          </item>
          <item>
            <name>New York City</name>
          </item>
          <item>
            <name>Religion</name>
          </item>
          <item>
            <name>State and local government operations</name>
          </item>
          <item>
            <name>Terrorism</name>
          </item>
        </legislativeSubjects>
      </billSubjects>
    </subjects>
    <updateDate>2016-10-25T16:01:05Z</updateDate>
    <originChamber>House</originChamber>
    <billNumber>1224</billNumber>
    <titles>
      <item>
        <title>Father Mychal Judge, O.F.M., Congressional Gold Medal Act</title>
        <parentTitleType />
        <chamberName />
        <chamberCode />
        <titleType>Short Titles as Introduced</titleType>
      </item>
      <item>
        <title>To provide for the award of a gold medal on behalf of Congress posthumously to Father Mychal Judge, O.F.M., beloved Chaplain of the Fire Department of New York who passed away as the first recorded victim of the September 11, 2001, attacks in recognition of his example to the Nation of selfless dedication to duty and compassion for one's fellow citizens.</title>
        <parentTitleType />
        <chamberName />
        <chamberCode />
        <titleType>Official Title as Introduced</titleType>
      </item>
      <item>
        <title>Father Mychal Judge, O.F.M., Congressional Gold Medal Act</title>
        <parentTitleType />
        <chamberName />
        <chamberCode />
        <titleType>Display Title</titleType>
      </item>
    </titles>
    <createDate>2013-03-16T07:01:12Z</createDate>
    <congress>113</congress>
    <introducedDate>2013-03-15</introducedDate>
    <latestAction>
      <links />
      <actionDate>2013-03-15</actionDate>
      <text>Referred to the House Committee on Financial Services.</text>
    </latestAction>
    <laws />
    <relatedBills />
    <notes />
    <recordedVotes />
    <cboCostEstimates />
    <policyArea>
      <name>Arts, Culture, Religion</name>
    </policyArea>
    <billType>HR</billType>
    <constitutionalAuthorityStatementText><![CDATA[<pre>By Mr. KING of New York:H.R. 1224.Congress has the power to enact this legislation pursuantto the following:Article I, Section 8, Clause 6The Congress shall have Power . . . To make all Laws whichshall be necessary and proper for carrying into Execution theforegoing Powers, and all other Powers vested by thisConstitution in the Government of the United States, or inany Department or Officer thereof.[Page H1549]</pre>]]></constitutionalAuthorityStatementText>
    <committees>
      <billCommittees>
        <item>
          <name>Financial Services Committee</name>
          <subcommittees />
          <chamber>House</chamber>
          <type>Standing</type>
          <systemCode>hsba00</systemCode>
          <activities>
            <item>
              <name>Referred to</name>
              <date>2013-03-15T13:03:40Z</date>
            </item>
          </activities>
        </item>
      </billCommittees>
    </committees>
    <amendments />
    <summaries>
      <billSummaries>
        <item>
          <versionCode>00</versionCode>
          <actionDesc>Introduced in House</actionDesc>
          <text><![CDATA[<p>Father Mychal Judge, O.F.M., Congressional Gold Medal Act - Directs the Speaker of the House of Representatives and the President pro tempore of the Senate to arrange for the presentation, on behalf of Congress, of a gold medal to the next of kin or personal representative of Father Mychal Judge, O.F.M., in recognition of his example to the nation of selfless dedication to duty and compassion for one's fellow citizens.</p>]]></text>
          <lastSummaryUpdateDate>2013-04-16T14:34:32Z</lastSummaryUpdateDate>
          <name>Introduced in House</name>
          <actionDate>2013-03-15</actionDate>
          <updateDate>2013-03-15T04:00:00Z</updateDate>
        </item>
      </billSummaries>
    </summaries>
    <calendarNumbers />
    <committeeReports />
  </bill>
  <dublinCore xmlns:dc="http://purl.org/dc/elements/1.1/">
    <dc:format>text/xml</dc:format>
    <dc:language>EN</dc:language>
    <dc:rights>Pursuant to Title 17 Section 105 of the United States Code, this file is not subject to copyright protection and is in the public domain.</dc:rights>
    <dc:contributor>Congressional Research Service, Library of Congress</dc:contributor>
    <dc:description>This file contains bill summaries and statuses for federal legislation. A bill summary describes the most significant provisions of a piece of legislation and details the effects the legislative text may have on current law and federal programs. Bill summaries are authored by the Congressional Research Service (CRS) of the Library of Congress. As stated in Public Law 91-510 (2 USC 166 (d)(6)), one of the duties of CRS is "to prepare summaries and digests of bills and resolutions of a public general nature introduced in the Senate or House of Representatives". For more information, refer to the User Guide that accompanies this file.</dc:description>
  </dublinCore>
</billStatus>

