<?xml version="1.0" encoding="UTF-8"?>
<billStatus>
  <bill>
    <latestAction>
      <actionDate>2013-04-08</actionDate>
      <text>Referred to the Subcommittee on Crime, Terrorism, Homeland Security, And Investigations.</text>
      <links />
    </latestAction>
    <committeeReports />
    <cboCostEstimates />
    <billType>HR</billType>
    <relatedBills />
    <createDate>2013-02-14T07:00:52Z</createDate>
    <title>Preserving American Privacy Act of 2013</title>
    <cosponsors>
      <item>
        <sponsorshipDate>2013-02-13</sponsorshipDate>
        <lastName>LOFGREN</lastName>
        <fullName>Rep. Lofgren, Zoe [D-CA-19]</fullName>
        <middleName />
        <firstName>ZOE</firstName>
        <sponsorshipWithdrawnDate />
        <identifiers>
          <bioguideId>L000397</bioguideId>
          <lisID>701</lisID>
          <gpoId>7821</gpoId>
        </identifiers>
        <isOriginalCosponsor>True</isOriginalCosponsor>
        <bioguideId>L000397</bioguideId>
      </item>
      <item>
        <sponsorshipDate>2013-02-15</sponsorshipDate>
        <lastName>Gowdy</lastName>
        <fullName>Rep. Gowdy, Trey [R-SC-4]</fullName>
        <middleName />
        <firstName>Trey</firstName>
        <sponsorshipWithdrawnDate />
        <identifiers>
          <lisID>2058</lisID>
          <bioguideId>G000566</bioguideId>
          <gpoId>8144</gpoId>
        </identifiers>
        <isOriginalCosponsor>False</isOriginalCosponsor>
        <bioguideId>G000566</bioguideId>
      </item>
      <item>
        <sponsorshipDate>2013-02-25</sponsorshipDate>
        <lastName>Garrett</lastName>
        <fullName>Rep. Garrett, Scott [R-NJ-5]</fullName>
        <middleName />
        <firstName>Scott</firstName>
        <sponsorshipWithdrawnDate />
        <identifiers>
          <gpoId>8047</gpoId>
          <lisID>1737</lisID>
          <bioguideId>G000548</bioguideId>
        </identifiers>
        <isOriginalCosponsor>False</isOriginalCosponsor>
        <bioguideId>G000548</bioguideId>
      </item>
      <item>
        <sponsorshipDate>2013-02-25</sponsorshipDate>
        <lastName>Duncan</lastName>
        <fullName>Rep. Duncan, Jeff [R-SC-3]</fullName>
        <middleName />
        <firstName>Jeff</firstName>
        <sponsorshipWithdrawnDate />
        <identifiers>
          <bioguideId>D000615</bioguideId>
          <lisID>2057</lisID>
          <gpoId>8143</gpoId>
        </identifiers>
        <isOriginalCosponsor>False</isOriginalCosponsor>
        <bioguideId>D000615</bioguideId>
      </item>
      <item>
        <sponsorshipDate>2013-02-28</sponsorshipDate>
        <lastName>Jordan</lastName>
        <fullName>Rep. Jordan, Jim [R-OH-4]</fullName>
        <middleName />
        <firstName>Jim</firstName>
        <sponsorshipWithdrawnDate />
        <identifiers>
          <bioguideId>J000289</bioguideId>
          <lisID>1868</lisID>
          <gpoId>8094</gpoId>
        </identifiers>
        <isOriginalCosponsor>False</isOriginalCosponsor>
        <bioguideId>J000289</bioguideId>
      </item>
      <item>
        <sponsorshipDate>2013-02-28</sponsorshipDate>
        <lastName>Long</lastName>
        <fullName>Rep. Long, Billy [R-MO-7]</fullName>
        <middleName />
        <firstName>Billy</firstName>
        <sponsorshipWithdrawnDate />
        <identifiers>
          <lisID>2033</lisID>
          <gpoId>8015</gpoId>
          <bioguideId>L000576</bioguideId>
        </identifiers>
        <isOriginalCosponsor>False</isOriginalCosponsor>
        <bioguideId>L000576</bioguideId>
      </item>
      <item>
        <sponsorshipDate>2013-03-07</sponsorshipDate>
        <lastName>SENSENBRENNER</lastName>
        <fullName>Rep. Sensenbrenner, F. James, Jr. [R-WI-5]</fullName>
        <middleName>JAMES</middleName>
        <firstName>F.</firstName>
        <sponsorshipWithdrawnDate />
        <identifiers>
          <bioguideId>S000244</bioguideId>
          <lisID>1041</lisID>
          <gpoId>8218</gpoId>
        </identifiers>
        <isOriginalCosponsor>False</isOriginalCosponsor>
        <bioguideId>S000244</bioguideId>
      </item>
      <item>
        <sponsorshipDate>2013-03-14</sponsorshipDate>
        <lastName>Yoho</lastName>
        <fullName>Rep. Yoho, Ted S. [R-FL-3]</fullName>
        <middleName>S.</middleName>
        <firstName>Ted</firstName>
        <sponsorshipWithdrawnDate />
        <identifiers>
          <bioguideId>Y000065</bioguideId>
          <lisID>2115</lisID>
          <gpoId />
        </identifiers>
        <isOriginalCosponsor>False</isOriginalCosponsor>
        <bioguideId>Y000065</bioguideId>
      </item>
      <item>
        <sponsorshipDate>2013-03-18</sponsorshipDate>
        <lastName>HOLT</lastName>
        <fullName>Rep. Holt, Rush [D-NJ-12]</fullName>
        <middleName>D.</middleName>
        <firstName>RUSH</firstName>
        <sponsorshipWithdrawnDate />
        <identifiers>
          <lisID>1580</lisID>
          <bioguideId>H001032</bioguideId>
          <gpoId>8054</gpoId>
        </identifiers>
        <isOriginalCosponsor>False</isOriginalCosponsor>
        <bioguideId>H001032</bioguideId>
      </item>
      <item>
        <sponsorshipDate>2013-03-19</sponsorshipDate>
        <lastName>Polis</lastName>
        <fullName>Rep. Polis, Jared [D-CO-2]</fullName>
        <middleName />
        <firstName>Jared</firstName>
        <sponsorshipWithdrawnDate />
        <identifiers>
          <gpoId>7860</gpoId>
          <lisID>1910</lisID>
          <bioguideId>P000598</bioguideId>
        </identifiers>
        <isOriginalCosponsor>False</isOriginalCosponsor>
        <bioguideId>P000598</bioguideId>
      </item>
      <item>
        <sponsorshipDate>2013-03-20</sponsorshipDate>
        <lastName>Enyart</lastName>
        <fullName>Rep. Enyart, William L. [D-IL-12]</fullName>
        <middleName>L.</middleName>
        <firstName>William</firstName>
        <sponsorshipWithdrawnDate />
        <identifiers>
          <bioguideId>E000292</bioguideId>
          <lisID>2125</lisID>
          <gpoId />
        </identifiers>
        <isOriginalCosponsor>False</isOriginalCosponsor>
        <bioguideId>E000292</bioguideId>
      </item>
      <item>
        <sponsorshipDate>2013-04-09</sponsorshipDate>
        <lastName>CAPUANO</lastName>
        <fullName>Rep. Capuano, Michael E. [D-MA-7]</fullName>
        <middleName>E.</middleName>
        <firstName>MICHAEL</firstName>
        <sponsorshipWithdrawnDate />
        <identifiers>
          <lisID>1564</lisID>
          <bioguideId>C001037</bioguideId>
          <gpoId>7973</gpoId>
        </identifiers>
        <isOriginalCosponsor>False</isOriginalCosponsor>
        <bioguideId>C001037</bioguideId>
      </item>
      <item>
        <sponsorshipDate>2013-04-09</sponsorshipDate>
        <lastName>Lummis</lastName>
        <fullName>Rep. Lummis, Cynthia M. [R-WY-At Large]</fullName>
        <middleName>M.</middleName>
        <firstName>Cynthia</firstName>
        <sponsorshipWithdrawnDate />
        <identifiers>
          <bioguideId>L000571</bioguideId>
          <lisID>1960</lisID>
          <gpoId>8225</gpoId>
        </identifiers>
        <isOriginalCosponsor>False</isOriginalCosponsor>
        <bioguideId>L000571</bioguideId>
      </item>
      <item>
        <sponsorshipDate>2013-04-09</sponsorshipDate>
        <lastName>CONYERS</lastName>
        <fullName>Rep. Conyers, John, Jr. [D-MI-13]</fullName>
        <middleName />
        <firstName>JOHN</firstName>
        <sponsorshipWithdrawnDate />
        <identifiers>
          <bioguideId>C000714</bioguideId>
          <lisID>229</lisID>
          <gpoId>7999</gpoId>
        </identifiers>
        <isOriginalCosponsor>False</isOriginalCosponsor>
        <bioguideId>C000714</bioguideId>
      </item>
      <item>
        <sponsorshipDate>2013-04-09</sponsorshipDate>
        <lastName>Johnson</lastName>
        <fullName>Rep. Johnson, Henry C. "Hank," Jr. [D-GA-4]</fullName>
        <middleName>C. "Hank"</middleName>
        <firstName>Henry</firstName>
        <sponsorshipWithdrawnDate />
        <identifiers>
          <gpoId>7901</gpoId>
          <bioguideId>J000288</bioguideId>
          <lisID>1843</lisID>
        </identifiers>
        <isOriginalCosponsor>False</isOriginalCosponsor>
        <bioguideId>J000288</bioguideId>
      </item>
      <item>
        <sponsorshipDate>2013-04-09</sponsorshipDate>
        <lastName>Huelskamp</lastName>
        <fullName>Rep. Huelskamp, Tim [R-KS-1]</fullName>
        <middleName />
        <firstName>Tim</firstName>
        <sponsorshipWithdrawnDate />
        <identifiers>
          <lisID>2020</lisID>
          <bioguideId>H001057</bioguideId>
          <gpoId>7949</gpoId>
        </identifiers>
        <isOriginalCosponsor>False</isOriginalCosponsor>
        <bioguideId>H001057</bioguideId>
      </item>
      <item>
        <sponsorshipDate>2013-04-09</sponsorshipDate>
        <lastName>Gohmert</lastName>
        <fullName>Rep. Gohmert, Louie [R-TX-1]</fullName>
        <middleName />
        <firstName>Louie</firstName>
        <sponsorshipWithdrawnDate />
        <identifiers>
          <lisID>1801</lisID>
          <gpoId>8157</gpoId>
          <bioguideId>G000552</bioguideId>
        </identifiers>
        <isOriginalCosponsor>False</isOriginalCosponsor>
        <bioguideId>G000552</bioguideId>
      </item>
      <item>
        <sponsorshipDate>2013-04-09</sponsorshipDate>
        <lastName>Crawford</lastName>
        <fullName>Rep. Crawford, Eric A. "Rick" [R-AR-1]</fullName>
        <middleName>A. "Rick"</middleName>
        <firstName>Eric</firstName>
        <sponsorshipWithdrawnDate />
        <identifiers>
          <gpoId>7793</gpoId>
          <bioguideId>C001087</bioguideId>
          <lisID>1989</lisID>
        </identifiers>
        <isOriginalCosponsor>False</isOriginalCosponsor>
        <bioguideId>C001087</bioguideId>
      </item>
      <item>
        <sponsorshipDate>2013-05-15</sponsorshipDate>
        <lastName>STOCKMAN</lastName>
        <fullName>Rep. Stockman, Steve [R-TX-36]</fullName>
        <middleName />
        <firstName>STEVE</firstName>
        <sponsorshipWithdrawnDate />
        <identifiers>
          <bioguideId>S000937</bioguideId>
          <lisID>1114</lisID>
          <gpoId />
        </identifiers>
        <isOriginalCosponsor>False</isOriginalCosponsor>
        <bioguideId>S000937</bioguideId>
      </item>
      <item>
        <sponsorshipDate>2013-05-15</sponsorshipDate>
        <lastName>Pearce</lastName>
        <fullName>Rep. Pearce, Stevan [R-NM-2]</fullName>
        <middleName />
        <firstName>Stevan</firstName>
        <sponsorshipWithdrawnDate />
        <identifiers>
          <gpoId>8057</gpoId>
          <lisID>1738</lisID>
          <bioguideId>P000588</bioguideId>
        </identifiers>
        <isOriginalCosponsor>False</isOriginalCosponsor>
        <bioguideId>P000588</bioguideId>
      </item>
      <item>
        <sponsorshipDate>2013-06-26</sponsorshipDate>
        <lastName>SALMON</lastName>
        <fullName>Rep. Salmon, Matt [R-AZ-5]</fullName>
        <middleName />
        <firstName>MATT</firstName>
        <sponsorshipWithdrawnDate />
        <identifiers>
          <lisID>1009</lisID>
          <bioguideId>S000018</bioguideId>
          <gpoId />
        </identifiers>
        <isOriginalCosponsor>False</isOriginalCosponsor>
        <bioguideId>S000018</bioguideId>
      </item>
      <item>
        <sponsorshipDate>2013-07-08</sponsorshipDate>
        <lastName>Hensarling</lastName>
        <fullName>Rep. Hensarling, Jeb [R-TX-5]</fullName>
        <middleName />
        <firstName>Jeb</firstName>
        <sponsorshipWithdrawnDate />
        <identifiers>
          <bioguideId>H001036</bioguideId>
          <lisID>1749</lisID>
          <gpoId>8161</gpoId>
        </identifiers>
        <isOriginalCosponsor>False</isOriginalCosponsor>
        <bioguideId>H001036</bioguideId>
      </item>
      <item>
        <sponsorshipDate>2013-12-10</sponsorshipDate>
        <lastName>Grayson</lastName>
        <fullName>Rep. Grayson, Alan [D-FL-9]</fullName>
        <middleName />
        <firstName>Alan</firstName>
        <sponsorshipWithdrawnDate />
        <identifiers>
          <lisID>1914</lisID>
          <bioguideId>G000556</bioguideId>
          <gpoId>7302</gpoId>
        </identifiers>
        <isOriginalCosponsor>False</isOriginalCosponsor>
        <bioguideId>G000556</bioguideId>
      </item>
      <item>
        <sponsorshipDate>2014-01-27</sponsorshipDate>
        <lastName>Labrador</lastName>
        <fullName>Rep. Labrador, Raul R. [R-ID-1]</fullName>
        <middleName>R.</middleName>
        <firstName>Raul</firstName>
        <sponsorshipWithdrawnDate />
        <identifiers>
          <lisID>2011</lisID>
          <bioguideId>L000573</bioguideId>
          <gpoId>7919</gpoId>
        </identifiers>
        <isOriginalCosponsor>False</isOriginalCosponsor>
        <bioguideId>L000573</bioguideId>
      </item>
      <item>
        <sponsorshipDate>2014-01-27</sponsorshipDate>
        <lastName>O'Rourke</lastName>
        <fullName>Rep. O'Rourke, Beto [D-TX-16]</fullName>
        <middleName />
        <firstName>Beto</firstName>
        <sponsorshipWithdrawnDate />
        <identifiers>
          <gpoId />
          <lisID>2162</lisID>
          <bioguideId>O000170</bioguideId>
        </identifiers>
        <isOriginalCosponsor>False</isOriginalCosponsor>
        <bioguideId>O000170</bioguideId>
      </item>
      <item>
        <sponsorshipDate>2014-02-05</sponsorshipDate>
        <lastName>LaMalfa</lastName>
        <fullName>Rep. LaMalfa, Doug [R-CA-1]</fullName>
        <middleName />
        <firstName>Doug</firstName>
        <sponsorshipWithdrawnDate />
        <identifiers>
          <gpoId />
          <bioguideId>L000578</bioguideId>
          <lisID>2100</lisID>
        </identifiers>
        <isOriginalCosponsor>False</isOriginalCosponsor>
        <bioguideId>L000578</bioguideId>
      </item>
      <item>
        <sponsorshipDate>2014-02-05</sponsorshipDate>
        <lastName>Weber</lastName>
        <fullName>Rep. Weber, Randy K. Sr. [R-TX-14]</fullName>
        <middleName>K.</middleName>
        <firstName>Randy</firstName>
        <sponsorshipWithdrawnDate />
        <identifiers>
          <lisID>2161</lisID>
          <bioguideId>W000814</bioguideId>
          <gpoId />
        </identifiers>
        <isOriginalCosponsor>False</isOriginalCosponsor>
        <bioguideId>W000814</bioguideId>
      </item>
      <item>
        <sponsorshipDate>2014-02-05</sponsorshipDate>
        <lastName>Roe</lastName>
        <fullName>Rep. Roe, David P. [R-TN-1]</fullName>
        <middleName>P.</middleName>
        <firstName>David</firstName>
        <sponsorshipWithdrawnDate />
        <identifiers>
          <gpoId>8148</gpoId>
          <bioguideId>R000582</bioguideId>
          <lisID>1954</lisID>
        </identifiers>
        <isOriginalCosponsor>False</isOriginalCosponsor>
        <bioguideId>R000582</bioguideId>
      </item>
      <item>
        <sponsorshipDate>2014-02-05</sponsorshipDate>
        <lastName>KINGSTON</lastName>
        <fullName>Rep. Kingston, Jack [R-GA-1]</fullName>
        <middleName />
        <firstName>JACK</firstName>
        <sponsorshipWithdrawnDate />
        <identifiers>
          <bioguideId>K000220</bioguideId>
          <lisID>636</lisID>
          <gpoId>7898</gpoId>
        </identifiers>
        <isOriginalCosponsor>False</isOriginalCosponsor>
        <bioguideId>K000220</bioguideId>
      </item>
      <item>
        <sponsorshipDate>2014-02-05</sponsorshipDate>
        <lastName>Posey</lastName>
        <fullName>Rep. Posey, Bill [R-FL-8]</fullName>
        <middleName />
        <firstName>Bill</firstName>
        <sponsorshipWithdrawnDate />
        <identifiers>
          <lisID>1915</lisID>
          <gpoId>7887</gpoId>
          <bioguideId>P000599</bioguideId>
        </identifiers>
        <isOriginalCosponsor>False</isOriginalCosponsor>
        <bioguideId>P000599</bioguideId>
      </item>
      <item>
        <sponsorshipDate>2014-02-05</sponsorshipDate>
        <lastName>BARTON</lastName>
        <fullName>Rep. Barton, Joe [R-TX-6]</fullName>
        <middleName>L.</middleName>
        <firstName>JOE</firstName>
        <sponsorshipWithdrawnDate />
        <identifiers>
          <lisID>62</lisID>
          <bioguideId>B000213</bioguideId>
          <gpoId>8162</gpoId>
        </identifiers>
        <isOriginalCosponsor>False</isOriginalCosponsor>
        <bioguideId>B000213</bioguideId>
      </item>
      <item>
        <sponsorshipDate>2014-02-05</sponsorshipDate>
        <lastName>Flores</lastName>
        <fullName>Rep. Flores, Bill [R-TX-17]</fullName>
        <middleName />
        <firstName>Bill</firstName>
        <sponsorshipWithdrawnDate />
        <identifiers>
          <gpoId>8173</gpoId>
          <lisID>2065</lisID>
          <bioguideId>F000461</bioguideId>
        </identifiers>
        <isOriginalCosponsor>False</isOriginalCosponsor>
        <bioguideId>F000461</bioguideId>
      </item>
      <item>
        <sponsorshipDate>2014-02-05</sponsorshipDate>
        <lastName>Harris</lastName>
        <fullName>Rep. Harris, Andy [R-MD-1]</fullName>
        <middleName />
        <firstName>Andy</firstName>
        <sponsorshipWithdrawnDate />
        <identifiers>
          <lisID>2026</lisID>
          <bioguideId>H001052</bioguideId>
          <gpoId>7976</gpoId>
        </identifiers>
        <isOriginalCosponsor>False</isOriginalCosponsor>
        <bioguideId>H001052</bioguideId>
      </item>
      <item>
        <sponsorshipDate>2014-02-10</sponsorshipDate>
        <lastName>Jeffries</lastName>
        <fullName>Rep. Jeffries, Hakeem S. [D-NY-8]</fullName>
        <middleName>S.</middleName>
        <firstName>Hakeem</firstName>
        <sponsorshipWithdrawnDate />
        <identifiers>
          <lisID>2149</lisID>
          <gpoId />
          <bioguideId>J000294</bioguideId>
        </identifiers>
        <isOriginalCosponsor>False</isOriginalCosponsor>
        <bioguideId>J000294</bioguideId>
      </item>
    </cosponsors>
    <updateDate>2016-10-25T15:58:58Z</updateDate>
    <amendments />
    <originChamber>House</originChamber>
    <subjects>
      <billSubjects>
        <policyArea>
          <name>Crime and Law Enforcement</name>
        </policyArea>
        <legislativeSubjects>
          <item>
            <name>Administrative law and regulatory procedures</name>
          </item>
          <item>
            <name>Aviation and airports</name>
          </item>
          <item>
            <name>Criminal investigation, prosecution, interrogation</name>
          </item>
          <item>
            <name>Criminal justice information and records</name>
          </item>
          <item>
            <name>Criminal procedure and sentencing</name>
          </item>
          <item>
            <name>Department of Justice</name>
          </item>
          <item>
            <name>Evidence and witnesses</name>
          </item>
          <item>
            <name>Firearms and explosives</name>
          </item>
          <item>
            <name>Government information and archives</name>
          </item>
          <item>
            <name>Homeland security</name>
          </item>
          <item>
            <name>Intelligence activities, surveillance, classified information</name>
          </item>
          <item>
            <name>Organized crime</name>
          </item>
          <item>
            <name>Right of privacy</name>
          </item>
        </legislativeSubjects>
      </billSubjects>
    </subjects>
    <policyArea>
      <name>Crime and Law Enforcement</name>
    </policyArea>
    <congress>113</congress>
    <constitutionalAuthorityStatementText><![CDATA[<pre>By Mr. POE of Texas:H.R. 637.Congress has the power to enact this legislation pursuantto the following:Fourth Amendment to the United States Constitution[Page H502]</pre>]]></constitutionalAuthorityStatementText>
    <summaries>
      <billSummaries>
        <item>
          <lastSummaryUpdateDate>2013-05-06T13:46:21Z</lastSummaryUpdateDate>
          <text><![CDATA[<p>Preserving American Privacy Act of 2013 - Amends the federal criminal code to require a governmental entity operating a public unmanned aircraft system to minimize the collection or disclosure of covered information. Defines "covered information" as: (1) information that is reasonably likely to enable identification of an individual, or (2) information about an individual's property that is not in plain view.</p> <p>Requires such entity to submit to the Attorney General, with an application for a certificate or license to operate such a system in national airspace, a data collection statement that describes the purpose for which the system will be used, the length of time the collected information will be retained, the entity responsible for operating the system, the data minimization policies barring the collection of information unrelated to the investigation and requiring the destruction of information that is no longer relevant, and applicable audit and oversight procedures. Authorizes the Attorney General to request that the Secretary of Transportation (DOT) revoke such a certificate or license if the operator's activity contravenes such statement. Directs the Attorney General to issue regulations to establish a database indexing such certificates, licenses, and statements.</p> <p>Prohibits a government entity from operating a public unmanned aircraft system and collecting or disclosing covered information for a law enforcement purpose, except: (1) pursuant to a warrant or court order meeting specified requirements; (2) for the purpose of patrolling or securing the border within 25 miles from any external land boundary of the United States; (3) with the prior written consent of the individual to whom the covered information pertains; or (4) where an emergency situation exists that involves immediate danger of death or serious physical injury to any person, or conspiratorial activities threatening the national security interest or characteristic of organized crime, and that requires action before a warrant or order can be obtained. Bars covered information obtained otherwise from being received as evidence in any trial, hearing, or other proceeding.</p> <p>Requires federal judges and state and local prosecuting attorneys to report on such warrants or orders issued or denied each year to the Administrative Office of the United States Courts, which shall report a summary of such information to Congress.</p> <p>Provides for administrative discipline proceedings when there is a serious question about whether a U.S. officer or employee acted intentionally with respect to a violation of this Act.</p> <p>Prohibits: (1) intentionally operating a private unmanned aircraft system to capture, in a manner that is highly offensive to a reasonable person, any type of visual image, sound recording, or other physical impression of an individual engaging in personal or familial activity under circumstances in which the individual had a reasonable expectation of privacy; and (2) any investigative or law enforcement officer or private individual from operating an unmanned aircraft system that is armed with a firearm within U.S. airspace.</p>]]></text>
          <updateDate>2013-02-13T05:00:00Z</updateDate>
          <actionDesc>Introduced in House</actionDesc>
          <name>Introduced in House</name>
          <versionCode>00</versionCode>
          <actionDate>2013-02-13</actionDate>
        </item>
      </billSummaries>
    </summaries>
    <sponsors>
      <item>
        <fullName>Rep. Poe, Ted [R-TX-2]</fullName>
        <byRequestType />
        <bioguideId>P000592</bioguideId>
        <firstName>Ted</firstName>
        <middleName />
        <identifiers>
          <bioguideId>P000592</bioguideId>
          <lisID>1802</lisID>
          <gpoId>8158</gpoId>
        </identifiers>
        <lastName>Poe</lastName>
      </item>
    </sponsors>
    <calendarNumbers />
    <laws />
    <introducedDate>2013-02-13</introducedDate>
    <billNumber>637</billNumber>
    <actions>
      <item>
        <actionDate>2013-04-08</actionDate>
        <committee>
          <systemCode>hsju08</systemCode>
          <name>Crime, Terrorism, Homeland Security, and Investigations Subcommittee</name>
        </committee>
        <links />
        <sourceSystem>
          <code>1</code>
          <name>House committee actions</name>
        </sourceSystem>
        <text>Referred to the Subcommittee on Crime, Terrorism, Homeland Security, And Investigations.</text>
        <type>Committee</type>
      </item>
      <item>
        <sourceSystem>
          <code>2</code>
          <name>House floor actions</name>
        </sourceSystem>
        <actionDate>2013-02-13</actionDate>
        <committee>
          <systemCode>hsju00</systemCode>
          <name>Judiciary Committee</name>
        </committee>
        <actionCode>H11100</actionCode>
        <type>IntroReferral</type>
        <links />
        <text>Referred to the House Committee on the Judiciary.</text>
      </item>
      <item>
        <sourceSystem>
          <code>9</code>
          <name>Library of Congress</name>
        </sourceSystem>
        <actionDate>2013-02-13</actionDate>
        <committee />
        <actionCode>B00100</actionCode>
        <type>IntroReferral</type>
        <links>
          <link>
            <name>H461</name>
            <url>/congressional-record/2013/house-section/page/H461</url>
          </link>
        </links>
        <text>Sponsor introductory remarks on measure. (CR H461)</text>
      </item>
      <item>
        <sourceSystem>
          <code>9</code>
          <name>Library of Congress</name>
        </sourceSystem>
        <actionDate>2013-02-13</actionDate>
        <committee />
        <actionCode>Intro-H</actionCode>
        <type>IntroReferral</type>
        <links />
        <text>Introduced in House</text>
      </item>
      <item>
        <sourceSystem>
          <code>9</code>
          <name>Library of Congress</name>
        </sourceSystem>
        <actionDate>2013-02-13</actionDate>
        <committee />
        <actionCode>1000</actionCode>
        <type>IntroReferral</type>
        <links />
        <text>Introduced in House</text>
      </item>
      <actionByCounts>
        <houseOfRepresentatives>4</houseOfRepresentatives>
      </actionByCounts>
      <actionTypeCounts>
        <introducedInHouse>1</introducedInHouse>
        <placeholderTextForB>1</placeholderTextForB>
        <billReferrals>1</billReferrals>
        <placeholderTextForH>1</placeholderTextForH>
        <introducedInTheHouse>1</introducedInTheHouse>
      </actionTypeCounts>
    </actions>
    <notes />
    <titles>
      <item>
        <parentTitleType />
        <title>Preserving American Privacy Act of 2013</title>
        <chamberName />
        <titleType>Short Titles as Introduced</titleType>
        <chamberCode />
      </item>
      <item>
        <parentTitleType />
        <title>To provide for a legal framework for the operation of public unmanned aircraft systems, and for other purposes.</title>
        <chamberName />
        <titleType>Official Title as Introduced</titleType>
        <chamberCode />
      </item>
      <item>
        <parentTitleType />
        <title>Preserving American Privacy Act of 2013</title>
        <chamberName />
        <titleType>Display Title</titleType>
        <chamberCode />
      </item>
    </titles>
    <recordedVotes />
    <committees>
      <billCommittees>
        <item>
          <activities>
            <item>
              <date>2013-02-13T15:08:25Z</date>
              <name>Referred to</name>
            </item>
          </activities>
          <chamber>House</chamber>
          <type>Standing</type>
          <subcommittees>
            <item>
              <activities>
                <item>
                  <date>2013-04-08T20:52:15Z</date>
                  <name>Referred to</name>
                </item>
              </activities>
              <name>Crime, Terrorism, Homeland Security, and Investigations Subcommittee</name>
              <systemCode>hsju08</systemCode>
            </item>
          </subcommittees>
          <name>Judiciary Committee</name>
          <systemCode>hsju00</systemCode>
        </item>
      </billCommittees>
    </committees>
  </bill>
  <dublinCore xmlns:dc="http://purl.org/dc/elements/1.1/">
    <dc:format>text/xml</dc:format>
    <dc:language>EN</dc:language>
    <dc:rights>Pursuant to Title 17 Section 105 of the United States Code, this file is not subject to copyright protection and is in the public domain.</dc:rights>
    <dc:contributor>Congressional Research Service, Library of Congress</dc:contributor>
    <dc:description>This file contains bill summaries and statuses for federal legislation. A bill summary describes the most significant provisions of a piece of legislation and details the effects the legislative text may have on current law and federal programs. Bill summaries are authored by the Congressional Research Service (CRS) of the Library of Congress. As stated in Public Law 91-510 (2 USC 166 (d)(6)), one of the duties of CRS is "to prepare summaries and digests of bills and resolutions of a public general nature introduced in the Senate or House of Representatives". For more information, refer to the User Guide that accompanies this file.</dc:description>
  </dublinCore>
</billStatus>

