<?xml version="1.0" encoding="UTF-8"?>
<billStatus>
  <bill>
    <constitutionalAuthorityStatementText><![CDATA[<pre>By Mrs. ROBY:H.R. 349.Congress has the power to enact this legislation pursuantto the following:The Constitutional authority on which this bill rests inthe power of Congress in in the U.S. Constitution underArticle 1, Section 8, Clause 3, Commerce Clause.[Page H223]</pre>]]></constitutionalAuthorityStatementText>
    <sponsors>
      <item>
        <lastName>Roby</lastName>
        <firstName>Martha</firstName>
        <identifiers>
          <gpoId>7787</gpoId>
          <bioguideId>R000591</bioguideId>
          <lisID>1986</lisID>
        </identifiers>
        <bioguideId>R000591</bioguideId>
        <middleName />
        <fullName>Rep. Roby, Martha [R-AL-2]</fullName>
        <byRequestType />
      </item>
    </sponsors>
    <createDate>2013-01-23T10:00:53Z</createDate>
    <subjects>
      <billSubjects>
        <policyArea>
          <name>Agriculture and Food</name>
        </policyArea>
        <legislativeSubjects>
          <item>
            <name>Agricultural conservation and pollution</name>
          </item>
          <item>
            <name>Farmland</name>
          </item>
          <item>
            <name>Floods and storm protection</name>
          </item>
          <item>
            <name>Forests, forestry, trees</name>
          </item>
          <item>
            <name>Land use and conservation</name>
          </item>
          <item>
            <name>Wetlands</name>
          </item>
          <item>
            <name>Wildlife conservation and habitat protection</name>
          </item>
        </legislativeSubjects>
      </billSubjects>
    </subjects>
    <billType>HR</billType>
    <committeeReports />
    <committees>
      <billCommittees>
        <item>
          <activities>
            <item>
              <date>2013-01-22T15:03:00Z</date>
              <name>Referred to</name>
            </item>
          </activities>
          <chamber>House</chamber>
          <type>Standing</type>
          <subcommittees>
            <item>
              <activities>
                <item>
                  <date>2013-02-04T20:59:42Z</date>
                  <name>Referred to</name>
                </item>
              </activities>
              <name>Conservation and Forestry Subcommittee</name>
              <systemCode>hsag15</systemCode>
            </item>
          </subcommittees>
          <name>Agriculture Committee</name>
          <systemCode>hsag00</systemCode>
        </item>
      </billCommittees>
    </committees>
    <cboCostEstimates />
    <amendments />
    <title>Preserving Marginal Lands and Protecting Farming Act of 2013</title>
    <laws />
    <notes />
    <billNumber>349</billNumber>
    <originChamber>House</originChamber>
    <cosponsors>
      <item>
        <sponsorshipDate>2013-01-22</sponsorshipDate>
        <lastName>Bonner</lastName>
        <fullName>Rep. Bonner, Jo [R-AL-1]</fullName>
        <middleName />
        <firstName>Jo</firstName>
        <sponsorshipWithdrawnDate />
        <identifiers>
          <bioguideId>B001244</bioguideId>
          <lisID>1703</lisID>
          <gpoId>7786</gpoId>
        </identifiers>
        <isOriginalCosponsor>True</isOriginalCosponsor>
        <bioguideId>B001244</bioguideId>
      </item>
      <item>
        <sponsorshipDate>2013-01-22</sponsorshipDate>
        <lastName>BACHUS</lastName>
        <fullName>Rep. Bachus, Spencer [R-AL-6]</fullName>
        <middleName />
        <firstName>SPENCER</firstName>
        <sponsorshipWithdrawnDate />
        <identifiers>
          <gpoId>7791</gpoId>
          <lisID>38</lisID>
          <bioguideId>B000013</bioguideId>
        </identifiers>
        <isOriginalCosponsor>True</isOriginalCosponsor>
        <bioguideId>B000013</bioguideId>
      </item>
      <item>
        <sponsorshipDate>2013-01-22</sponsorshipDate>
        <lastName>Sewell</lastName>
        <fullName>Rep. Sewell, Terri A. [D-AL-7]</fullName>
        <middleName>A.</middleName>
        <firstName>Terri</firstName>
        <sponsorshipWithdrawnDate />
        <identifiers>
          <lisID>1988</lisID>
          <gpoId>7792</gpoId>
          <bioguideId>S001185</bioguideId>
        </identifiers>
        <isOriginalCosponsor>True</isOriginalCosponsor>
        <bioguideId>S001185</bioguideId>
      </item>
    </cosponsors>
    <calendarNumbers />
    <congress>113</congress>
    <summaries>
      <billSummaries>
        <item>
          <versionCode>00</versionCode>
          <actionDesc>Introduced in House</actionDesc>
          <text><![CDATA[<p>Preserving Marginal Lands and Protecting Farming Act of 2013 - Amends the Food Security Act of 1985 to set the maximum number of acres that may be enrolled at any one time in the conservation reserve program (CRP) at: (1) 29 million acres for FY2013, (2) 26 million acres for FY2014, and (3) 26 million acres for each of FY2015 through FY2018.</p> <p>Prohibits the enrollment of land in the conservation reserve that is classified as class I or class II land under the National Soil Survey Handbook's land capability classification system unless such land is enrolled as a buffer, filterstrip, or strip adjacent to a riparian area.</p> <p>Directs the Secretary of Agriculture (USDA), during FY2014, to permit a participant that entered into a CRP contract to terminate the contract at any time if the contract has been in effect for at least five years. </p> <p>Revises the types of land that are not subject to early contract termination.</p>]]></text>
          <lastSummaryUpdateDate>2013-02-21T17:17:18Z</lastSummaryUpdateDate>
          <name>Introduced in House</name>
          <actionDate>2013-01-22</actionDate>
          <updateDate>2013-01-22T05:00:00Z</updateDate>
        </item>
      </billSummaries>
    </summaries>
    <policyArea>
      <name>Agriculture and Food</name>
    </policyArea>
    <titles>
      <item>
        <parentTitleType />
        <title>Preserving Marginal Lands and Protecting Farming Act of 2013</title>
        <chamberName />
        <chamberCode />
        <titleType>Short Titles as Introduced</titleType>
      </item>
      <item>
        <parentTitleType />
        <title>To amend the Food Security Act of 1985 with respect to maximum enrollment and eligible land in the conservation reserve program.</title>
        <chamberName />
        <chamberCode />
        <titleType>Official Title as Introduced</titleType>
      </item>
      <item>
        <parentTitleType />
        <title>Preserving Marginal Lands and Protecting Farming Act of 2013</title>
        <chamberName />
        <chamberCode />
        <titleType>Display Title</titleType>
      </item>
    </titles>
    <latestAction>
      <text>Referred to the Subcommittee on Conservation, Energy, and Forestry.</text>
      <actionDate>2013-02-04</actionDate>
      <links />
    </latestAction>
    <actions>
      <actionTypeCounts>
        <placeholderTextForH>1</placeholderTextForH>
        <introducedInTheHouse>1</introducedInTheHouse>
        <billReferrals>1</billReferrals>
        <introducedInHouse>1</introducedInHouse>
      </actionTypeCounts>
      <item>
        <actionDate>2013-02-04</actionDate>
        <committee>
          <name>Conservation and Forestry Subcommittee</name>
          <systemCode>hsag15</systemCode>
        </committee>
        <links />
        <sourceSystem>
          <name>House committee actions</name>
          <code>1</code>
        </sourceSystem>
        <text>Referred to the Subcommittee on Conservation, Energy, and Forestry.</text>
        <type>Committee</type>
      </item>
      <item>
        <committee>
          <name>Agriculture Committee</name>
          <systemCode>hsag00</systemCode>
        </committee>
        <actionCode>H11100</actionCode>
        <type>IntroReferral</type>
        <sourceSystem>
          <name>House floor actions</name>
          <code>2</code>
        </sourceSystem>
        <links />
        <text>Referred to the House Committee on Agriculture.</text>
        <actionDate>2013-01-22</actionDate>
      </item>
      <item>
        <committee />
        <actionCode>Intro-H</actionCode>
        <type>IntroReferral</type>
        <sourceSystem>
          <name>Library of Congress</name>
          <code>9</code>
        </sourceSystem>
        <links />
        <text>Introduced in House</text>
        <actionDate>2013-01-22</actionDate>
      </item>
      <item>
        <committee />
        <actionCode>1000</actionCode>
        <type>IntroReferral</type>
        <sourceSystem>
          <name>Library of Congress</name>
          <code>9</code>
        </sourceSystem>
        <links />
        <text>Introduced in House</text>
        <actionDate>2013-01-22</actionDate>
      </item>
      <actionByCounts>
        <houseOfRepresentatives>4</houseOfRepresentatives>
      </actionByCounts>
    </actions>
    <updateDate>2016-10-25T15:58:01Z</updateDate>
    <recordedVotes />
    <introducedDate>2013-01-22</introducedDate>
    <relatedBills />
  </bill>
  <dublinCore xmlns:dc="http://purl.org/dc/elements/1.1/">
    <dc:format>text/xml</dc:format>
    <dc:language>EN</dc:language>
    <dc:rights>Pursuant to Title 17 Section 105 of the United States Code, this file is not subject to copyright protection and is in the public domain.</dc:rights>
    <dc:contributor>Congressional Research Service, Library of Congress</dc:contributor>
    <dc:description>This file contains bill summaries and statuses for federal legislation. A bill summary describes the most significant provisions of a piece of legislation and details the effects the legislative text may have on current law and federal programs. Bill summaries are authored by the Congressional Research Service (CRS) of the Library of Congress. As stated in Public Law 91-510 (2 USC 166 (d)(6)), one of the duties of CRS is "to prepare summaries and digests of bills and resolutions of a public general nature introduced in the Senate or House of Representatives". For more information, refer to the User Guide that accompanies this file.</dc:description>
  </dublinCore>
</billStatus>

