<?xml version="1.0" encoding="UTF-8"?>
<billStatus>
  <bill>
    <titles>
      <item>
        <chamberName />
        <titleType>Short Titles as Introduced</titleType>
        <title>ACCESS (ADA Compliance for Customer Entry to Stores and Services) Act of 2013</title>
        <chamberCode />
        <parentTitleType />
      </item>
      <item>
        <chamberName />
        <titleType>Official Title as Introduced</titleType>
        <title>To amend the Americans with Disabilities Act of 1990 to impose notice and a compliance opportunity to be provided before commencement of a private civil action.</title>
        <chamberCode />
        <parentTitleType />
      </item>
      <item>
        <chamberName />
        <titleType>Display Title</titleType>
        <title>ACCESS (ADA Compliance for Customer Entry to Stores and Services) Act of 2013</title>
        <chamberCode />
        <parentTitleType />
      </item>
    </titles>
    <introducedDate>2013-03-06</introducedDate>
    <notes />
    <calendarNumbers />
    <committees>
      <billCommittees>
        <item>
          <subcommittees>
            <item>
              <systemCode>hsju10</systemCode>
              <name>Constitution and Civil Justice Subcommittee</name>
              <activities>
                <item>
                  <name>Referred to</name>
                  <date>2013-04-08T21:27:23Z</date>
                </item>
              </activities>
            </item>
          </subcommittees>
          <chamber>House</chamber>
          <systemCode>hsju00</systemCode>
          <type>Standing</type>
          <activities>
            <item>
              <name>Referred to</name>
              <date>2013-03-06T15:02:25Z</date>
            </item>
          </activities>
          <name>Judiciary Committee</name>
        </item>
      </billCommittees>
    </committees>
    <sponsors>
      <item>
        <lastName>CALVERT</lastName>
        <middleName />
        <bioguideId>C000059</bioguideId>
        <firstName>KEN</firstName>
        <byRequestType />
        <fullName>Rep. Calvert, Ken [R-CA-42]</fullName>
        <identifiers>
          <bioguideId>C000059</bioguideId>
          <lisID>165</lisID>
          <gpoId>7849</gpoId>
        </identifiers>
      </item>
    </sponsors>
    <subjects>
      <billSubjects>
        <policyArea>
          <name>Law</name>
        </policyArea>
        <legislativeSubjects>
          <item>
            <name>Civil actions and liability</name>
          </item>
          <item>
            <name>Consumer affairs</name>
          </item>
          <item>
            <name>Disability and health-based discrimination</name>
          </item>
        </legislativeSubjects>
      </billSubjects>
    </subjects>
    <originChamber>House</originChamber>
    <createDate>2013-03-07T07:01:11Z</createDate>
    <congress>113</congress>
    <recordedVotes />
    <billType>HR</billType>
    <actions>
      <item>
        <actionDate>2013-04-08</actionDate>
        <committee>
          <name>Constitution and Civil Justice Subcommittee</name>
          <systemCode>hsju10</systemCode>
        </committee>
        <links />
        <sourceSystem>
          <name>House committee actions</name>
          <code>1</code>
        </sourceSystem>
        <text>Referred to the Subcommittee on the Constitution And Civil Justice.</text>
        <type>Committee</type>
      </item>
      <item>
        <actionDate>2013-03-06</actionDate>
        <committee>
          <name>Judiciary Committee</name>
          <systemCode>hsju00</systemCode>
        </committee>
        <actionCode>H11100</actionCode>
        <links />
        <type>IntroReferral</type>
        <sourceSystem>
          <name>House floor actions</name>
          <code>2</code>
        </sourceSystem>
        <text>Referred to the House Committee on the Judiciary.</text>
      </item>
      <item>
        <actionDate>2013-03-06</actionDate>
        <committee />
        <actionCode>Intro-H</actionCode>
        <links />
        <type>IntroReferral</type>
        <sourceSystem>
          <name>Library of Congress</name>
          <code>9</code>
        </sourceSystem>
        <text>Introduced in House</text>
      </item>
      <item>
        <actionDate>2013-03-06</actionDate>
        <committee />
        <actionCode>1000</actionCode>
        <links />
        <type>IntroReferral</type>
        <sourceSystem>
          <name>Library of Congress</name>
          <code>9</code>
        </sourceSystem>
        <text>Introduced in House</text>
      </item>
      <actionByCounts>
        <houseOfRepresentatives>4</houseOfRepresentatives>
      </actionByCounts>
      <actionTypeCounts>
        <introducedInTheHouse>1</introducedInTheHouse>
        <placeholderTextForH>1</placeholderTextForH>
        <introducedInHouse>1</introducedInHouse>
        <billReferrals>1</billReferrals>
      </actionTypeCounts>
    </actions>
    <summaries>
      <billSummaries>
        <item>
          <versionCode>00</versionCode>
          <actionDesc>Introduced in House</actionDesc>
          <text><![CDATA[<p>ACCESS (ADA Compliance for Customer Entry to Stores and Services) Act of 2013&nbsp;- Amends the Americans with Disabilities Act of 1990 to prohibit an aggrieved person from commencing a civil action for discrimination based on the failure to remove a structural barrier to entry into an existing public accommodation unless the owner or operator of such accommodation: (1) is provided a written notice specific enough to identify such barrier; and (2) has, within specified time periods, either failed to provide the aggrieved person with a written description outlining improvements that will be made to remove such barrier or provided such description and failed to remove such barrier.</p>]]></text>
          <lastSummaryUpdateDate>2013-03-28T12:37:22Z</lastSummaryUpdateDate>
          <name>Introduced in House</name>
          <actionDate>2013-03-06</actionDate>
          <updateDate>2013-03-06T05:00:00Z</updateDate>
        </item>
      </billSummaries>
    </summaries>
    <constitutionalAuthorityStatementText><![CDATA[<pre>By Mr. CALVERT:H.R. 994.Congress has the power to enact this legislation pursuantto the following:The constitutional authority of Congress to enact thislegislation is provided by Article I, section 8 of the UnitedStates Constitution, specifically clause 18 (relating to thepower to make all laws necessary and proper for carrying outthe powers vested in Congress).[Page H1321]</pre>]]></constitutionalAuthorityStatementText>
    <relatedBills />
    <policyArea>
      <name>Law</name>
    </policyArea>
    <updateDate>2016-10-25T16:00:19Z</updateDate>
    <cosponsors>
      <item>
        <bioguideId>N000181</bioguideId>
        <fullName>Rep. Nunes, Devin [R-CA-22]</fullName>
        <lastName>Nunes</lastName>
        <firstName>Devin</firstName>
        <sponsorshipWithdrawnDate />
        <sponsorshipDate>2013-03-06</sponsorshipDate>
        <middleName />
        <isOriginalCosponsor>True</isOriginalCosponsor>
        <identifiers>
          <gpoId>7826</gpoId>
          <bioguideId>N000181</bioguideId>
          <lisID>1710</lisID>
        </identifiers>
      </item>
      <item>
        <bioguideId>J000290</bioguideId>
        <fullName>Rep. Jenkins, Lynn [R-KS-2]</fullName>
        <lastName>Jenkins</lastName>
        <firstName>Lynn</firstName>
        <sponsorshipWithdrawnDate />
        <sponsorshipDate>2013-03-06</sponsorshipDate>
        <middleName />
        <isOriginalCosponsor>True</isOriginalCosponsor>
        <identifiers>
          <lisID>1921</lisID>
          <bioguideId>J000290</bioguideId>
          <gpoId>7950</gpoId>
        </identifiers>
      </item>
      <item>
        <bioguideId>H001048</bioguideId>
        <fullName>Rep. Hunter, Duncan D. [R-CA-50]</fullName>
        <lastName>Hunter</lastName>
        <firstName>Duncan</firstName>
        <sponsorshipWithdrawnDate />
        <sponsorshipDate>2013-03-06</sponsorshipDate>
        <middleName>D.</middleName>
        <isOriginalCosponsor>True</isOriginalCosponsor>
        <identifiers>
          <gpoId>7857</gpoId>
          <bioguideId>H001048</bioguideId>
          <lisID>1909</lisID>
        </identifiers>
      </item>
      <item>
        <bioguideId>R000487</bioguideId>
        <fullName>Rep. Royce, Edward R. [R-CA-39]</fullName>
        <lastName>ROYCE</lastName>
        <firstName>ED</firstName>
        <sponsorshipWithdrawnDate />
        <sponsorshipDate>2013-03-06</sponsorshipDate>
        <middleName />
        <isOriginalCosponsor>True</isOriginalCosponsor>
        <identifiers>
          <gpoId>7845</gpoId>
          <lisID>998</lisID>
          <bioguideId>R000487</bioguideId>
        </identifiers>
      </item>
      <item>
        <bioguideId>M001177</bioguideId>
        <fullName>Rep. McClintock, Tom [R-CA-4]</fullName>
        <lastName>McClintock</lastName>
        <firstName>Tom</firstName>
        <sponsorshipWithdrawnDate />
        <sponsorshipDate>2013-03-06</sponsorshipDate>
        <middleName />
        <isOriginalCosponsor>True</isOriginalCosponsor>
        <identifiers>
          <lisID>1908</lisID>
          <bioguideId>M001177</bioguideId>
          <gpoId>7809</gpoId>
        </identifiers>
      </item>
      <item>
        <bioguideId>R000409</bioguideId>
        <fullName>Rep. Rohrabacher, Dana [R-CA-48]</fullName>
        <lastName>ROHRABACHER</lastName>
        <firstName>DANA</firstName>
        <sponsorshipWithdrawnDate />
        <sponsorshipDate>2013-03-06</sponsorshipDate>
        <middleName />
        <isOriginalCosponsor>True</isOriginalCosponsor>
        <identifiers>
          <bioguideId>R000409</bioguideId>
          <lisID>979</lisID>
          <gpoId>7851</gpoId>
        </identifiers>
      </item>
      <item>
        <bioguideId>W000796</bioguideId>
        <fullName>Rep. Westmoreland, Lynn A. [R-GA-3]</fullName>
        <lastName>Westmoreland</lastName>
        <firstName>Lynn</firstName>
        <sponsorshipWithdrawnDate />
        <sponsorshipDate>2013-03-06</sponsorshipDate>
        <middleName>A.</middleName>
        <isOriginalCosponsor>True</isOriginalCosponsor>
        <identifiers>
          <gpoId>7900</gpoId>
          <lisID>1779</lisID>
          <bioguideId>W000796</bioguideId>
        </identifiers>
      </item>
      <item>
        <bioguideId>V000129</bioguideId>
        <fullName>Rep. Valadao, David G. [R-CA-21]</fullName>
        <lastName>Valadao</lastName>
        <firstName>David</firstName>
        <sponsorshipWithdrawnDate />
        <sponsorshipDate>2013-03-06</sponsorshipDate>
        <middleName>G.</middleName>
        <isOriginalCosponsor>True</isOriginalCosponsor>
        <identifiers>
          <lisID>2105</lisID>
          <bioguideId>V000129</bioguideId>
          <gpoId />
        </identifiers>
      </item>
      <item>
        <bioguideId>C001094</bioguideId>
        <fullName>Rep. Cook, Paul [R-CA-8]</fullName>
        <lastName>Cook</lastName>
        <firstName>Paul</firstName>
        <sponsorshipWithdrawnDate />
        <sponsorshipDate>2013-03-06</sponsorshipDate>
        <middleName />
        <isOriginalCosponsor>True</isOriginalCosponsor>
        <identifiers>
          <gpoId />
          <bioguideId>C001094</bioguideId>
          <lisID>2103</lisID>
        </identifiers>
      </item>
      <item>
        <bioguideId>L000578</bioguideId>
        <fullName>Rep. LaMalfa, Doug [R-CA-1]</fullName>
        <lastName>LaMalfa</lastName>
        <firstName>Doug</firstName>
        <sponsorshipWithdrawnDate />
        <sponsorshipDate>2013-03-06</sponsorshipDate>
        <middleName />
        <isOriginalCosponsor>True</isOriginalCosponsor>
        <identifiers>
          <bioguideId>L000578</bioguideId>
          <lisID>2100</lisID>
          <gpoId />
        </identifiers>
      </item>
      <item>
        <bioguideId>D000612</bioguideId>
        <fullName>Rep. Denham, Jeff [R-CA-10]</fullName>
        <lastName>Denham</lastName>
        <firstName>Jeff</firstName>
        <sponsorshipWithdrawnDate />
        <sponsorshipDate>2013-03-06</sponsorshipDate>
        <middleName />
        <isOriginalCosponsor>True</isOriginalCosponsor>
        <identifiers>
          <gpoId>7824</gpoId>
          <bioguideId>D000612</bioguideId>
          <lisID>1995</lisID>
        </identifiers>
      </item>
      <item>
        <bioguideId>I000056</bioguideId>
        <fullName>Rep. Issa, Darrell E. [R-CA-49]</fullName>
        <lastName>ISSA</lastName>
        <firstName>DARRELL</firstName>
        <sponsorshipWithdrawnDate />
        <sponsorshipDate>2013-03-06</sponsorshipDate>
        <middleName>E.</middleName>
        <isOriginalCosponsor>True</isOriginalCosponsor>
        <identifiers>
          <bioguideId>I000056</bioguideId>
          <lisID>1640</lisID>
          <gpoId>7854</gpoId>
        </identifiers>
      </item>
      <item>
        <bioguideId>S001148</bioguideId>
        <fullName>Rep. Simpson, Michael K. [R-ID-2]</fullName>
        <lastName>SIMPSON</lastName>
        <firstName>MICHAEL</firstName>
        <sponsorshipWithdrawnDate />
        <sponsorshipDate>2013-03-06</sponsorshipDate>
        <middleName>K.</middleName>
        <isOriginalCosponsor>True</isOriginalCosponsor>
        <identifiers>
          <lisID>1590</lisID>
          <bioguideId>S001148</bioguideId>
          <gpoId>7920</gpoId>
        </identifiers>
      </item>
    </cosponsors>
    <cboCostEstimates />
    <latestAction>
      <text>Referred to the Subcommittee on the Constitution And Civil Justice.</text>
      <actionDate>2013-04-08</actionDate>
      <links />
    </latestAction>
    <committeeReports />
    <title>ACCESS (ADA Compliance for Customer Entry to Stores and Services) Act of 2013</title>
    <amendments />
    <laws />
    <billNumber>994</billNumber>
  </bill>
  <dublinCore xmlns:dc="http://purl.org/dc/elements/1.1/">
    <dc:format>text/xml</dc:format>
    <dc:language>EN</dc:language>
    <dc:rights>Pursuant to Title 17 Section 105 of the United States Code, this file is not subject to copyright protection and is in the public domain.</dc:rights>
    <dc:contributor>Congressional Research Service, Library of Congress</dc:contributor>
    <dc:description>This file contains bill summaries and statuses for federal legislation. A bill summary describes the most significant provisions of a piece of legislation and details the effects the legislative text may have on current law and federal programs. Bill summaries are authored by the Congressional Research Service (CRS) of the Library of Congress. As stated in Public Law 91-510 (2 USC 166 (d)(6)), one of the duties of CRS is "to prepare summaries and digests of bills and resolutions of a public general nature introduced in the Senate or House of Representatives". For more information, refer to the User Guide that accompanies this file.</dc:description>
  </dublinCore>
</billStatus>

