<?xml version="1.0" encoding="UTF-8"?>
<billStatus>
  <bill>
    <updateDate>2016-10-25T16:00:28Z</updateDate>
    <latestAction>
      <text>Referred to the Subcommittee on Trade.</text>
      <links />
      <actionDate>2013-04-11</actionDate>
    </latestAction>
    <policyArea>
      <name>Foreign Trade and International Finance</name>
    </policyArea>
    <constitutionalAuthorityStatementText><![CDATA[<pre>By Mr. WATT:H.R. 1053.Congress has the power to enact this legislation pursuantto the following:Article I, Section 8, Clause 1 of the United StatesConstitution, the Taxing and Spending Clause: ``The Congressshall have Power To lay and collect Taxes, Duties, Impostsand Excises, to pay the Debts and provide for the commonDefence and general Welfare of the United States . . .''[Page H1331]</pre>]]></constitutionalAuthorityStatementText>
    <introducedDate>2013-03-11</introducedDate>
    <subjects>
      <billSubjects>
        <policyArea>
          <name>Foreign Trade and International Finance</name>
        </policyArea>
        <legislativeSubjects>
          <item>
            <name>Tariffs</name>
          </item>
        </legislativeSubjects>
      </billSubjects>
    </subjects>
    <summaries>
      <billSummaries>
        <item>
          <versionCode>00</versionCode>
          <actionDesc>Introduced in House</actionDesc>
          <text><![CDATA[Amends the Harmonized Tariff Schedule of the United States to suspend temporarily the duty on Disperse Red 177.]]></text>
          <lastSummaryUpdateDate>2013-03-12T08:02:57Z</lastSummaryUpdateDate>
          <name>Introduced in House</name>
          <actionDate>2013-03-11</actionDate>
          <updateDate>2013-03-11T04:00:00Z</updateDate>
        </item>
      </billSummaries>
    </summaries>
    <recordedVotes />
    <notes />
    <billNumber>1053</billNumber>
    <committeeReports />
    <calendarNumbers />
    <congress>113</congress>
    <amendments />
    <laws />
    <cboCostEstimates />
    <originChamber>House</originChamber>
    <createDate>2013-03-12T07:01:11Z</createDate>
    <title>To suspend temporarily the duty on Disperse Red 177.</title>
    <sponsors>
      <item>
        <lastName>WATT</lastName>
        <identifiers>
          <gpoId>8035</gpoId>
          <lisID>1207</lisID>
          <bioguideId>W000207</bioguideId>
        </identifiers>
        <firstName>MELVIN</firstName>
        <fullName>Rep. Watt, Melvin L. [D-NC-12]</fullName>
        <bioguideId>W000207</bioguideId>
        <middleName />
        <byRequestType />
      </item>
    </sponsors>
    <cosponsors />
    <actions>
      <item>
        <actionDate>2013-04-11</actionDate>
        <committee>
          <systemCode>hswm04</systemCode>
          <name>Trade Subcommittee</name>
        </committee>
        <links />
        <sourceSystem>
          <code>1</code>
          <name>House committee actions</name>
        </sourceSystem>
        <text>Referred to the Subcommittee on Trade.</text>
        <type>Committee</type>
      </item>
      <item>
        <type>IntroReferral</type>
        <sourceSystem>
          <code>2</code>
          <name>House floor actions</name>
        </sourceSystem>
        <text>Referred to the House Committee on Ways and Means.</text>
        <committee>
          <systemCode>hswm00</systemCode>
          <name>Ways and Means Committee</name>
        </committee>
        <actionDate>2013-03-11</actionDate>
        <links />
        <actionCode>H11100</actionCode>
      </item>
      <item>
        <type>IntroReferral</type>
        <sourceSystem>
          <code>9</code>
          <name>Library of Congress</name>
        </sourceSystem>
        <text>Introduced in House</text>
        <committee />
        <actionDate>2013-03-11</actionDate>
        <links />
        <actionCode>Intro-H</actionCode>
      </item>
      <item>
        <type>IntroReferral</type>
        <sourceSystem>
          <code>9</code>
          <name>Library of Congress</name>
        </sourceSystem>
        <text>Introduced in House</text>
        <committee />
        <actionDate>2013-03-11</actionDate>
        <links />
        <actionCode>1000</actionCode>
      </item>
      <actionTypeCounts>
        <introducedInTheHouse>1</introducedInTheHouse>
        <placeholderTextForH>1</placeholderTextForH>
        <introducedInHouse>1</introducedInHouse>
        <billReferrals>1</billReferrals>
      </actionTypeCounts>
      <actionByCounts>
        <houseOfRepresentatives>4</houseOfRepresentatives>
      </actionByCounts>
    </actions>
    <titles>
      <item>
        <title>To suspend temporarily the duty on Disperse Red 177.</title>
        <titleType>Official Title as Introduced</titleType>
        <parentTitleType />
        <chamberName />
        <chamberCode />
      </item>
      <item>
        <title>To suspend temporarily the duty on Disperse Red 177.</title>
        <titleType>Display Title</titleType>
        <parentTitleType />
        <chamberName />
        <chamberCode />
      </item>
    </titles>
    <billType>HR</billType>
    <relatedBills />
    <committees>
      <billCommittees>
        <item>
          <name>Ways and Means Committee</name>
          <type>Standing</type>
          <subcommittees>
            <item>
              <activities>
                <item>
                  <name>Referred to</name>
                  <date>2013-04-11T14:45:42Z</date>
                </item>
              </activities>
              <name>Trade Subcommittee</name>
              <systemCode>hswm04</systemCode>
            </item>
          </subcommittees>
          <chamber>House</chamber>
          <activities>
            <item>
              <name>Referred to</name>
              <date>2013-03-11T14:01:25Z</date>
            </item>
          </activities>
          <systemCode>hswm00</systemCode>
        </item>
      </billCommittees>
    </committees>
  </bill>
  <dublinCore xmlns:dc="http://purl.org/dc/elements/1.1/">
    <dc:format>text/xml</dc:format>
    <dc:language>EN</dc:language>
    <dc:rights>Pursuant to Title 17 Section 105 of the United States Code, this file is not subject to copyright protection and is in the public domain.</dc:rights>
    <dc:contributor>Congressional Research Service, Library of Congress</dc:contributor>
    <dc:description>This file contains bill summaries and statuses for federal legislation. A bill summary describes the most significant provisions of a piece of legislation and details the effects the legislative text may have on current law and federal programs. Bill summaries are authored by the Congressional Research Service (CRS) of the Library of Congress. As stated in Public Law 91-510 (2 USC 166 (d)(6)), one of the duties of CRS is "to prepare summaries and digests of bills and resolutions of a public general nature introduced in the Senate or House of Representatives". For more information, refer to the User Guide that accompanies this file.</dc:description>
  </dublinCore>
</billStatus>

