<?xml version="1.0" encoding="UTF-8"?>
<billStatus>
  <bill>
    <updateDate>2016-10-25T15:57:43Z</updateDate>
    <latestAction>
      <text>Referred to the House Committee on Financial Services.</text>
      <links />
      <actionDate>2013-01-15</actionDate>
    </latestAction>
    <policyArea>
      <name>Housing and Community Development</name>
    </policyArea>
    <constitutionalAuthorityStatementText><![CDATA[<pre>By Mr. LYNCH:H.R. 264.Congress has the power to enact this legislation pursuantto the following:Article I, Section 8, Clause 3 of the Constitution--theCommerce Clause--and Article I, Section 8, Clause 18 of theConstitution--the Necessary and Proper Clause.[Page H171]</pre>]]></constitutionalAuthorityStatementText>
    <introducedDate>2013-01-15</introducedDate>
    <subjects>
      <billSubjects>
        <policyArea>
          <name>Housing and Community Development</name>
        </policyArea>
        <legislativeSubjects>
          <item>
            <name>Accounting and auditing</name>
          </item>
          <item>
            <name>Government lending and loan guarantees</name>
          </item>
          <item>
            <name>Government trust funds</name>
          </item>
          <item>
            <name>Housing finance and home ownership</name>
          </item>
        </legislativeSubjects>
      </billSubjects>
    </subjects>
    <summaries>
      <billSummaries>
        <item>
          <lastSummaryUpdateDate>2013-02-08T22:28:10Z</lastSummaryUpdateDate>
          <name>Introduced in House</name>
          <actionDesc>Introduced in House</actionDesc>
          <text><![CDATA[<p>FHA Enhanced Oversight Act of 2013 - Amends the National Housing Act to require semiannual independent studies during any period that the Mutual Mortgage Insurance Fund does not meet minimum capital ratio requirements. </p>]]></text>
          <actionDate>2013-01-15</actionDate>
          <versionCode>00</versionCode>
          <updateDate>2013-01-15T05:00:00Z</updateDate>
        </item>
      </billSummaries>
    </summaries>
    <recordedVotes />
    <notes />
    <billNumber>264</billNumber>
    <committeeReports />
    <calendarNumbers />
    <congress>113</congress>
    <amendments />
    <laws />
    <cboCostEstimates />
    <originChamber>House</originChamber>
    <createDate>2013-01-16T07:02:11Z</createDate>
    <title>FHA Enhanced Oversight Act of 2013</title>
    <sponsors>
      <item>
        <lastName>Lynch</lastName>
        <identifiers>
          <lisID>1686</lisID>
          <bioguideId>L000562</bioguideId>
          <gpoId>7974</gpoId>
        </identifiers>
        <firstName>Stephen</firstName>
        <fullName>Rep. Lynch, Stephen F. [D-MA-8]</fullName>
        <bioguideId>L000562</bioguideId>
        <middleName>F.</middleName>
        <byRequestType />
      </item>
    </sponsors>
    <cosponsors />
    <actions>
      <actionTypeCounts>
        <billReferrals>1</billReferrals>
        <introducedInHouse>1</introducedInHouse>
        <introducedInTheHouse>1</introducedInTheHouse>
      </actionTypeCounts>
      <actionByCounts>
        <houseOfRepresentatives>3</houseOfRepresentatives>
      </actionByCounts>
      <item>
        <committee>
          <name>Financial Services Committee</name>
          <systemCode>hsba00</systemCode>
        </committee>
        <sourceSystem>
          <name>House floor actions</name>
          <code>2</code>
        </sourceSystem>
        <type>IntroReferral</type>
        <text>Referred to the House Committee on Financial Services.</text>
        <actionDate>2013-01-15</actionDate>
        <links />
        <actionCode>H11100</actionCode>
      </item>
      <item>
        <committee />
        <sourceSystem>
          <name>Library of Congress</name>
          <code>9</code>
        </sourceSystem>
        <type>IntroReferral</type>
        <text>Introduced in House</text>
        <actionDate>2013-01-15</actionDate>
        <links />
        <actionCode>Intro-H</actionCode>
      </item>
      <item>
        <committee />
        <sourceSystem>
          <name>Library of Congress</name>
          <code>9</code>
        </sourceSystem>
        <type>IntroReferral</type>
        <text>Introduced in House</text>
        <actionDate>2013-01-15</actionDate>
        <links />
        <actionCode>1000</actionCode>
      </item>
    </actions>
    <titles>
      <item>
        <parentTitleType />
        <title>FHA Enhanced Oversight Act of 2013</title>
        <chamberName />
        <chamberCode />
        <titleType>Short Titles as Introduced</titleType>
      </item>
      <item>
        <parentTitleType />
        <title>To provide for semiannual actuarial studies of the FHA mortgage insurance program of the Secretary of Housing and Urban Development during periods that the Mutual Mortgage Insurance Fund does not meet minimum capital ratio requirements.</title>
        <chamberName />
        <chamberCode />
        <titleType>Official Title as Introduced</titleType>
      </item>
      <item>
        <parentTitleType />
        <title>FHA Enhanced Oversight Act of 2013</title>
        <chamberName />
        <chamberCode />
        <titleType>Display Title</titleType>
      </item>
    </titles>
    <billType>HR</billType>
    <relatedBills>
      <item>
        <latestTitle>FHA Enhanced Oversight Act of 2013</latestTitle>
        <type>HR</type>
        <number>264</number>
        <latestAction>
          <text>Referred to the House Committee on Financial Services.</text>
          <actionDate>2013-01-15</actionDate>
        </latestAction>
        <relationshipDetails>
          <item>
            <type>Related bill</type>
            <identifiedBy>CRS</identifiedBy>
          </item>
        </relationshipDetails>
        <congress>113</congress>
      </item>
    </relatedBills>
    <committees>
      <billCommittees>
        <item>
          <name>Financial Services Committee</name>
          <type>Standing</type>
          <subcommittees />
          <chamber>House</chamber>
          <activities>
            <item>
              <name>Referred to</name>
              <date>2013-01-15T15:03:50Z</date>
            </item>
          </activities>
          <systemCode>hsba00</systemCode>
        </item>
      </billCommittees>
    </committees>
  </bill>
  <dublinCore xmlns:dc="http://purl.org/dc/elements/1.1/">
    <dc:format>text/xml</dc:format>
    <dc:language>EN</dc:language>
    <dc:rights>Pursuant to Title 17 Section 105 of the United States Code, this file is not subject to copyright protection and is in the public domain.</dc:rights>
    <dc:contributor>Congressional Research Service, Library of Congress</dc:contributor>
    <dc:description>This file contains bill summaries and statuses for federal legislation. A bill summary describes the most significant provisions of a piece of legislation and details the effects the legislative text may have on current law and federal programs. Bill summaries are authored by the Congressional Research Service (CRS) of the Library of Congress. As stated in Public Law 91-510 (2 USC 166 (d)(6)), one of the duties of CRS is "to prepare summaries and digests of bills and resolutions of a public general nature introduced in the Senate or House of Representatives". For more information, refer to the User Guide that accompanies this file.</dc:description>
  </dublinCore>
</billStatus>

