<?xml version="1.0" encoding="UTF-8"?>
<billStatus>
  <bill>
    <titles>
      <item>
        <chamberCode />
        <parentTitleType />
        <titleType>Official Title as Introduced</titleType>
        <title>To extend the temporary suspension of duty on Disperse Blue 79:1.</title>
        <chamberName />
      </item>
      <item>
        <chamberCode />
        <parentTitleType />
        <titleType>Display Title</titleType>
        <title>To extend the temporary suspension of duty on Disperse Blue 79:1.</title>
        <chamberName />
      </item>
    </titles>
    <introducedDate>2013-03-11</introducedDate>
    <notes />
    <calendarNumbers />
    <committees>
      <billCommittees>
        <item>
          <subcommittees>
            <item>
              <systemCode>hswm04</systemCode>
              <activities>
                <item>
                  <name>Referred to</name>
                  <date>2013-04-10T14:42:43Z</date>
                </item>
              </activities>
              <name>Trade Subcommittee</name>
            </item>
          </subcommittees>
          <activities>
            <item>
              <name>Referred to</name>
              <date>2013-03-11T14:00:15Z</date>
            </item>
          </activities>
          <type>Standing</type>
          <systemCode>hswm00</systemCode>
          <chamber>House</chamber>
          <name>Ways and Means Committee</name>
        </item>
      </billCommittees>
    </committees>
    <sponsors>
      <item>
        <lastName>WATT</lastName>
        <middleName />
        <bioguideId>W000207</bioguideId>
        <firstName>MELVIN</firstName>
        <byRequestType />
        <fullName>Rep. Watt, Melvin L. [D-NC-12]</fullName>
        <identifiers>
          <gpoId>8035</gpoId>
          <lisID>1207</lisID>
          <bioguideId>W000207</bioguideId>
        </identifiers>
      </item>
    </sponsors>
    <subjects>
      <billSubjects>
        <policyArea>
          <name>Foreign Trade and International Finance</name>
        </policyArea>
        <legislativeSubjects>
          <item>
            <name>Tariffs</name>
          </item>
        </legislativeSubjects>
      </billSubjects>
    </subjects>
    <originChamber>House</originChamber>
    <createDate>2013-03-12T07:01:11Z</createDate>
    <congress>113</congress>
    <recordedVotes />
    <billType>HR</billType>
    <actions>
      <item>
        <actionDate>2013-04-10</actionDate>
        <committee>
          <systemCode>hswm04</systemCode>
          <name>Trade Subcommittee</name>
        </committee>
        <links />
        <sourceSystem>
          <name>House committee actions</name>
          <code>1</code>
        </sourceSystem>
        <text>Referred to the Subcommittee on Trade.</text>
        <type>Committee</type>
      </item>
      <item>
        <actionCode>H11100</actionCode>
        <type>IntroReferral</type>
        <text>Referred to the House Committee on Ways and Means.</text>
        <actionDate>2013-03-11</actionDate>
        <links />
        <committee>
          <systemCode>hswm00</systemCode>
          <name>Ways and Means Committee</name>
        </committee>
        <sourceSystem>
          <name>House floor actions</name>
          <code>2</code>
        </sourceSystem>
      </item>
      <item>
        <actionCode>Intro-H</actionCode>
        <type>IntroReferral</type>
        <text>Introduced in House</text>
        <actionDate>2013-03-11</actionDate>
        <links />
        <committee />
        <sourceSystem>
          <name>Library of Congress</name>
          <code>9</code>
        </sourceSystem>
      </item>
      <item>
        <actionCode>1000</actionCode>
        <type>IntroReferral</type>
        <text>Introduced in House</text>
        <actionDate>2013-03-11</actionDate>
        <links />
        <committee />
        <sourceSystem>
          <name>Library of Congress</name>
          <code>9</code>
        </sourceSystem>
      </item>
      <actionByCounts>
        <houseOfRepresentatives>4</houseOfRepresentatives>
      </actionByCounts>
      <actionTypeCounts>
        <billReferrals>1</billReferrals>
        <introducedInHouse>1</introducedInHouse>
        <placeholderTextForH>1</placeholderTextForH>
        <introducedInTheHouse>1</introducedInTheHouse>
      </actionTypeCounts>
    </actions>
    <summaries>
      <billSummaries>
        <item>
          <versionCode>00</versionCode>
          <actionDesc>Introduced in House</actionDesc>
          <text><![CDATA[Amends the Harmonized Tariff Schedule of the United States to extend the temporary suspension of duty on Disperse Blue 79:1.]]></text>
          <lastSummaryUpdateDate>2013-03-12T08:02:57Z</lastSummaryUpdateDate>
          <name>Introduced in House</name>
          <actionDate>2013-03-11</actionDate>
          <updateDate>2013-03-11T04:00:00Z</updateDate>
        </item>
      </billSummaries>
    </summaries>
    <constitutionalAuthorityStatementText><![CDATA[<pre>By Mr. WATT:H.R. 1044.Congress has the power to enact this legislation pursuantto the following:Article I, Section 8, Clause 1 of the United StatesConstitution, the Taxing and Spending Clause: ``The Congressshall have Power To lay and collect Taxes, Duties, Impostsand Excises, to pay the Debts and provide for the commonDefence and general Welfare of the United States . . .''[Page H1331]</pre>]]></constitutionalAuthorityStatementText>
    <relatedBills />
    <policyArea>
      <name>Foreign Trade and International Finance</name>
    </policyArea>
    <updateDate>2016-10-25T16:00:27Z</updateDate>
    <cosponsors />
    <cboCostEstimates />
    <latestAction>
      <text>Referred to the Subcommittee on Trade.</text>
      <actionDate>2013-04-10</actionDate>
      <links />
    </latestAction>
    <committeeReports />
    <title>To extend the temporary suspension of duty on Disperse Blue 79:1.</title>
    <amendments />
    <laws />
    <billNumber>1044</billNumber>
  </bill>
  <dublinCore xmlns:dc="http://purl.org/dc/elements/1.1/">
    <dc:format>text/xml</dc:format>
    <dc:language>EN</dc:language>
    <dc:rights>Pursuant to Title 17 Section 105 of the United States Code, this file is not subject to copyright protection and is in the public domain.</dc:rights>
    <dc:contributor>Congressional Research Service, Library of Congress</dc:contributor>
    <dc:description>This file contains bill summaries and statuses for federal legislation. A bill summary describes the most significant provisions of a piece of legislation and details the effects the legislative text may have on current law and federal programs. Bill summaries are authored by the Congressional Research Service (CRS) of the Library of Congress. As stated in Public Law 91-510 (2 USC 166 (d)(6)), one of the duties of CRS is "to prepare summaries and digests of bills and resolutions of a public general nature introduced in the Senate or House of Representatives". For more information, refer to the User Guide that accompanies this file.</dc:description>
  </dublinCore>
</billStatus>

