<?xml version="1.0" encoding="UTF-8"?>
<billStatus>
  <bill>
    <titles>
      <item>
        <chamberName />
        <chamberCode />
        <parentTitleType />
        <titleType>Short Titles as Introduced</titleType>
        <title>Marine Turtle Conservation Reauthorization Act of 2013</title>
      </item>
      <item>
        <chamberName />
        <chamberCode />
        <parentTitleType />
        <titleType>Official Title as Introduced</titleType>
        <title>To reauthorize the Marine Turtle Conservation Act of 2004, and for other purposes.</title>
      </item>
      <item>
        <chamberName />
        <chamberCode />
        <parentTitleType />
        <titleType>Display Title</titleType>
        <title>Marine Turtle Conservation Reauthorization Act of 2013</title>
      </item>
    </titles>
    <introducedDate>2013-03-21</introducedDate>
    <notes />
    <calendarNumbers />
    <committees>
      <billCommittees>
        <item>
          <chamber>House</chamber>
          <activities>
            <item>
              <name>Referred to</name>
              <date>2013-03-21T13:06:05Z</date>
            </item>
          </activities>
          <name>Natural Resources Committee</name>
          <subcommittees>
            <item>
              <name>Fisheries, Wildlife, Oceans, and Insular Affairs Subcommittee</name>
              <activities>
                <item>
                  <name>Referred to</name>
                  <date>2013-04-11T21:00:32Z</date>
                </item>
              </activities>
              <systemCode>hsii22</systemCode>
            </item>
          </subcommittees>
          <type>Standing</type>
          <systemCode>hsii00</systemCode>
        </item>
      </billCommittees>
    </committees>
    <sponsors>
      <item>
        <lastName>Pierluisi</lastName>
        <middleName>R.</middleName>
        <bioguideId>P000596</bioguideId>
        <firstName>Pedro</firstName>
        <byRequestType />
        <fullName>Rep. Pierluisi, Pedro R. [D-PR-At Large]</fullName>
        <identifiers>
          <lisID>1953</lisID>
          <bioguideId>P000596</bioguideId>
          <gpoId>8138</gpoId>
        </identifiers>
      </item>
    </sponsors>
    <subjects>
      <billSubjects>
        <policyArea>
          <name>Public Lands and Natural Resources</name>
        </policyArea>
        <legislativeSubjects>
          <item>
            <name>Department of the Interior</name>
          </item>
          <item>
            <name>Executive agency funding and structure</name>
          </item>
          <item>
            <name>Foreign aid and international relief</name>
          </item>
          <item>
            <name>International organizations and cooperation</name>
          </item>
          <item>
            <name>Marine and coastal resources, fisheries</name>
          </item>
          <item>
            <name>Reptiles</name>
          </item>
          <item>
            <name>Wildlife conservation and habitat protection</name>
          </item>
        </legislativeSubjects>
      </billSubjects>
    </subjects>
    <originChamber>House</originChamber>
    <createDate>2013-03-22T07:01:11Z</createDate>
    <congress>113</congress>
    <recordedVotes />
    <billType>HR</billType>
    <actions>
      <actionTypeCounts>
        <billReferrals>1</billReferrals>
        <placeholderTextForH>1</placeholderTextForH>
        <introducedInHouse>1</introducedInHouse>
        <introducedInTheHouse>1</introducedInTheHouse>
      </actionTypeCounts>
      <actionByCounts>
        <houseOfRepresentatives>4</houseOfRepresentatives>
      </actionByCounts>
      <item>
        <actionDate>2013-04-11</actionDate>
        <committee>
          <name>Fisheries, Wildlife, Oceans, and Insular Affairs Subcommittee</name>
          <systemCode>hsii22</systemCode>
        </committee>
        <links />
        <sourceSystem>
          <name>House committee actions</name>
          <code>1</code>
        </sourceSystem>
        <text>Referred to the Subcommittee on Fisheries, Wildlife, Oceans, and Insular Affairs.</text>
        <type>Committee</type>
      </item>
      <item>
        <committee>
          <name>Natural Resources Committee</name>
          <systemCode>hsii00</systemCode>
        </committee>
        <sourceSystem>
          <name>House floor actions</name>
          <code>2</code>
        </sourceSystem>
        <type>IntroReferral</type>
        <text>Referred to the House Committee on Natural Resources.</text>
        <actionDate>2013-03-21</actionDate>
        <links />
        <actionCode>H11100</actionCode>
      </item>
      <item>
        <committee />
        <sourceSystem>
          <name>Library of Congress</name>
          <code>9</code>
        </sourceSystem>
        <type>IntroReferral</type>
        <text>Introduced in House</text>
        <actionDate>2013-03-21</actionDate>
        <links />
        <actionCode>Intro-H</actionCode>
      </item>
      <item>
        <committee />
        <sourceSystem>
          <name>Library of Congress</name>
          <code>9</code>
        </sourceSystem>
        <type>IntroReferral</type>
        <text>Introduced in House</text>
        <actionDate>2013-03-21</actionDate>
        <links />
        <actionCode>1000</actionCode>
      </item>
    </actions>
    <summaries>
      <billSummaries>
        <item>
          <versionCode>00</versionCode>
          <text><![CDATA[<p>Marine Turtle Conservation Reauthorization Act of 2013 - Amends the Marine Turtle Conservation Act of 2004 to provide for its applicability to the United States (currently, the Act applies to foreign countries). </p> <p>Authorizes appropriations to the Marine Turtle Conservation Fund for FY2014-FY2018. Authorizes an increase in the amount available from the Fund for administrative expenses. Requires not less than 20% of amounts made available from the Fund for any fiscal year to be used for projects relating to the conservation of marine turtles in the United States.</p>]]></text>
          <updateDate>2013-03-21T04:00:00Z</updateDate>
          <lastSummaryUpdateDate>2013-03-29T21:59:38Z</lastSummaryUpdateDate>
          <actionDate>2013-03-21</actionDate>
          <actionDesc>Introduced in House</actionDesc>
          <name>Introduced in House</name>
        </item>
      </billSummaries>
    </summaries>
    <constitutionalAuthorityStatementText><![CDATA[<pre>By Mr. PIERLUISI:H.R. 1329.Congress has the power to enact this legislation pursuantto the following:The constitutional authority on which this bill rests isthe power of the Congress enumerated in Article I, Section 8,Clause 1 of the United States Constitution.[Page H1826]</pre>]]></constitutionalAuthorityStatementText>
    <relatedBills />
    <policyArea>
      <name>Public Lands and Natural Resources</name>
    </policyArea>
    <updateDate>2016-10-25T16:01:27Z</updateDate>
    <cosponsors>
      <item>
        <lastName>YOUNG</lastName>
        <identifiers>
          <gpoId>7785</gpoId>
          <lisID>1256</lisID>
          <bioguideId>Y000033</bioguideId>
        </identifiers>
        <firstName>DON</firstName>
        <fullName>Rep. Young, Don [R-AK-At Large]</fullName>
        <bioguideId>Y000033</bioguideId>
        <sponsorshipDate>2013-03-21</sponsorshipDate>
        <middleName>E.</middleName>
        <isOriginalCosponsor>True</isOriginalCosponsor>
        <sponsorshipWithdrawnDate />
      </item>
      <item>
        <lastName>MILLER</lastName>
        <identifiers>
          <bioguideId>M000725</bioguideId>
          <lisID>808</lisID>
          <gpoId>7812</gpoId>
        </identifiers>
        <firstName>GEORGE</firstName>
        <fullName>Rep. Miller, George [D-CA-11]</fullName>
        <bioguideId>M000725</bioguideId>
        <sponsorshipDate>2013-03-21</sponsorshipDate>
        <middleName />
        <isOriginalCosponsor>True</isOriginalCosponsor>
        <sponsorshipWithdrawnDate />
      </item>
      <item>
        <lastName>RANGEL</lastName>
        <identifiers>
          <bioguideId>R000053</bioguideId>
          <lisID>944</lisID>
          <gpoId>8076</gpoId>
        </identifiers>
        <firstName>CHARLES</firstName>
        <fullName>Rep. Rangel, Charles B. [D-NY-13]</fullName>
        <bioguideId>R000053</bioguideId>
        <sponsorshipDate>2013-03-21</sponsorshipDate>
        <middleName>B.</middleName>
        <isOriginalCosponsor>True</isOriginalCosponsor>
        <sponsorshipWithdrawnDate />
      </item>
      <item>
        <lastName>Faleomavaega</lastName>
        <identifiers>
          <lisID>367</lisID>
          <bioguideId>F000010</bioguideId>
          <gpoId>7797</gpoId>
        </identifiers>
        <firstName>Eni</firstName>
        <fullName>Rep. Faleomavaega, Eni F. H. [D-AS-At Large]</fullName>
        <bioguideId>F000010</bioguideId>
        <sponsorshipDate>2013-03-21</sponsorshipDate>
        <middleName>F. H.</middleName>
        <isOriginalCosponsor>True</isOriginalCosponsor>
        <sponsorshipWithdrawnDate />
      </item>
      <item>
        <lastName>MORAN</lastName>
        <identifiers>
          <bioguideId>M000933</bioguideId>
          <lisID>832</lisID>
          <gpoId>8199</gpoId>
        </identifiers>
        <firstName>JAMES</firstName>
        <fullName>Rep. Moran, James P. [D-VA-8]</fullName>
        <bioguideId>M000933</bioguideId>
        <sponsorshipDate>2013-03-21</sponsorshipDate>
        <middleName>P.</middleName>
        <isOriginalCosponsor>True</isOriginalCosponsor>
        <sponsorshipWithdrawnDate />
      </item>
      <item>
        <lastName>FARR</lastName>
        <identifiers>
          <gpoId>7822</gpoId>
          <bioguideId>F000030</bioguideId>
          <lisID>368</lisID>
        </identifiers>
        <firstName>SAM</firstName>
        <fullName>Rep. Farr, Sam [D-CA-20]</fullName>
        <bioguideId>F000030</bioguideId>
        <sponsorshipDate>2013-03-21</sponsorshipDate>
        <middleName />
        <isOriginalCosponsor>True</isOriginalCosponsor>
        <sponsorshipWithdrawnDate />
      </item>
      <item>
        <lastName>LOFGREN</lastName>
        <identifiers>
          <gpoId>7821</gpoId>
          <bioguideId>L000397</bioguideId>
          <lisID>701</lisID>
        </identifiers>
        <firstName>ZOE</firstName>
        <fullName>Rep. Lofgren, Zoe [D-CA-19]</fullName>
        <bioguideId>L000397</bioguideId>
        <sponsorshipDate>2013-03-21</sponsorshipDate>
        <middleName />
        <isOriginalCosponsor>True</isOriginalCosponsor>
        <sponsorshipWithdrawnDate />
      </item>
      <item>
        <lastName>CHRISTENSEN</lastName>
        <identifiers>
          <bioguideId>C000380</bioguideId>
          <lisID>1474</lisID>
          <gpoId>8203</gpoId>
        </identifiers>
        <firstName>DONNA</firstName>
        <fullName>Rep. Christensen, Donna M. [D-VI-At Large]</fullName>
        <bioguideId>C000380</bioguideId>
        <sponsorshipDate>2013-03-21</sponsorshipDate>
        <middleName>M.</middleName>
        <isOriginalCosponsor>True</isOriginalCosponsor>
        <sponsorshipWithdrawnDate />
      </item>
      <item>
        <lastName>Grijalva</lastName>
        <identifiers>
          <lisID>1708</lisID>
          <bioguideId>G000551</bioguideId>
          <gpoId>7804</gpoId>
        </identifiers>
        <firstName>Raul</firstName>
        <fullName>Rep. Grijalva, Raul M. [D-AZ-3]</fullName>
        <bioguideId>G000551</bioguideId>
        <sponsorshipDate>2013-03-21</sponsorshipDate>
        <middleName>M.</middleName>
        <isOriginalCosponsor>True</isOriginalCosponsor>
        <sponsorshipWithdrawnDate />
      </item>
      <item>
        <lastName>Bordallo</lastName>
        <identifiers>
          <lisID>1723</lisID>
          <bioguideId>B001245</bioguideId>
          <gpoId>7911</gpoId>
        </identifiers>
        <firstName>Madeleine</firstName>
        <fullName>Rep. Bordallo, Madeleine Z. [D-GU-At Large]</fullName>
        <bioguideId>B001245</bioguideId>
        <sponsorshipDate>2013-03-21</sponsorshipDate>
        <middleName>Z.</middleName>
        <isOriginalCosponsor>True</isOriginalCosponsor>
        <sponsorshipWithdrawnDate />
      </item>
      <item>
        <lastName>Grimm</lastName>
        <identifiers>
          <gpoId>8074</gpoId>
          <bioguideId>G000569</bioguideId>
          <lisID>2041</lisID>
        </identifiers>
        <firstName>Michael</firstName>
        <fullName>Rep. Grimm, Michael G. [R-NY-11]</fullName>
        <bioguideId>G000569</bioguideId>
        <sponsorshipDate>2013-03-21</sponsorshipDate>
        <middleName>G.</middleName>
        <isOriginalCosponsor>True</isOriginalCosponsor>
        <sponsorshipWithdrawnDate />
      </item>
      <item>
        <lastName>CAPPS</lastName>
        <identifiers>
          <gpoId>7828</gpoId>
          <lisID>1471</lisID>
          <bioguideId>C001036</bioguideId>
        </identifiers>
        <firstName>LOIS</firstName>
        <fullName>Rep. Capps, Lois [D-CA-24]</fullName>
        <bioguideId>C001036</bioguideId>
        <sponsorshipDate>2013-04-09</sponsorshipDate>
        <middleName />
        <isOriginalCosponsor>False</isOriginalCosponsor>
        <sponsorshipWithdrawnDate />
      </item>
      <item>
        <lastName>Vela</lastName>
        <identifiers>
          <bioguideId>V000132</bioguideId>
          <lisID>2167</lisID>
          <gpoId />
        </identifiers>
        <firstName>Filemon</firstName>
        <fullName>Rep. Vela, Filemon [D-TX-34]</fullName>
        <bioguideId>V000132</bioguideId>
        <sponsorshipDate>2013-04-09</sponsorshipDate>
        <middleName />
        <isOriginalCosponsor>False</isOriginalCosponsor>
        <sponsorshipWithdrawnDate />
      </item>
      <item>
        <lastName>Sablan</lastName>
        <identifiers>
          <lisID>1962</lisID>
          <bioguideId>S001177</bioguideId>
          <gpoId>8018</gpoId>
        </identifiers>
        <firstName>Gregorio</firstName>
        <fullName>Rep. Sablan, Gregorio Kilili Camacho [D-MP-At Large]</fullName>
        <bioguideId>S001177</bioguideId>
        <sponsorshipDate>2013-07-08</sponsorshipDate>
        <middleName>Kilili Camacho</middleName>
        <isOriginalCosponsor>False</isOriginalCosponsor>
        <sponsorshipWithdrawnDate />
      </item>
    </cosponsors>
    <cboCostEstimates />
    <latestAction>
      <text>Referred to the Subcommittee on Fisheries, Wildlife, Oceans, and Insular Affairs.</text>
      <actionDate>2013-04-11</actionDate>
      <links />
    </latestAction>
    <committeeReports />
    <title>Marine Turtle Conservation Reauthorization Act of 2013</title>
    <amendments />
    <laws />
    <billNumber>1329</billNumber>
  </bill>
  <dublinCore xmlns:dc="http://purl.org/dc/elements/1.1/">
    <dc:format>text/xml</dc:format>
    <dc:language>EN</dc:language>
    <dc:rights>Pursuant to Title 17 Section 105 of the United States Code, this file is not subject to copyright protection and is in the public domain.</dc:rights>
    <dc:contributor>Congressional Research Service, Library of Congress</dc:contributor>
    <dc:description>This file contains bill summaries and statuses for federal legislation. A bill summary describes the most significant provisions of a piece of legislation and details the effects the legislative text may have on current law and federal programs. Bill summaries are authored by the Congressional Research Service (CRS) of the Library of Congress. As stated in Public Law 91-510 (2 USC 166 (d)(6)), one of the duties of CRS is "to prepare summaries and digests of bills and resolutions of a public general nature introduced in the Senate or House of Representatives". For more information, refer to the User Guide that accompanies this file.</dc:description>
  </dublinCore>
</billStatus>

