<?xml version="1.0" encoding="UTF-8"?>
<billStatus>
  <bill>
    <actions>
      <item>
        <actionDate>2013-04-08</actionDate>
        <committee>
          <name>Crime, Terrorism, Homeland Security, and Investigations Subcommittee</name>
          <systemCode>hsju08</systemCode>
        </committee>
        <links />
        <sourceSystem>
          <name>House committee actions</name>
          <code>1</code>
        </sourceSystem>
        <text>Referred to the Subcommittee on Crime, Terrorism, Homeland Security, And Investigations.</text>
        <type>Committee</type>
      </item>
      <item>
        <actionDate>2013-04-08</actionDate>
        <committee>
          <name>Constitution and Civil Justice Subcommittee</name>
          <systemCode>hsju10</systemCode>
        </committee>
        <links />
        <sourceSystem>
          <name>House committee actions</name>
          <code>1</code>
        </sourceSystem>
        <text>Referred to the Subcommittee on the Constitution And Civil Justice.</text>
        <type>Committee</type>
      </item>
      <item>
        <actionDate>2013-02-14</actionDate>
        <committee>
          <name>Judiciary Committee</name>
          <systemCode>hsju00</systemCode>
        </committee>
        <actionCode>H11100</actionCode>
        <links />
        <type>IntroReferral</type>
        <sourceSystem>
          <name>House floor actions</name>
          <code>2</code>
        </sourceSystem>
        <text>Referred to the House Committee on the Judiciary.</text>
      </item>
      <item>
        <actionDate>2013-02-14</actionDate>
        <committee />
        <actionCode>Intro-H</actionCode>
        <links />
        <type>IntroReferral</type>
        <sourceSystem>
          <name>Library of Congress</name>
          <code>9</code>
        </sourceSystem>
        <text>Introduced in House</text>
      </item>
      <item>
        <actionDate>2013-02-14</actionDate>
        <committee />
        <actionCode>1000</actionCode>
        <links />
        <type>IntroReferral</type>
        <sourceSystem>
          <name>Library of Congress</name>
          <code>9</code>
        </sourceSystem>
        <text>Introduced in House</text>
      </item>
      <actionByCounts>
        <houseOfRepresentatives>5</houseOfRepresentatives>
      </actionByCounts>
      <actionTypeCounts>
        <introducedInTheHouse>1</introducedInTheHouse>
        <placeholderTextForH>2</placeholderTextForH>
        <introducedInHouse>1</introducedInHouse>
        <billReferrals>1</billReferrals>
      </actionTypeCounts>
    </actions>
    <title>Child Interstate Abortion Notification Act</title>
    <cosponsors>
      <item>
        <sponsorshipDate>2013-02-14</sponsorshipDate>
        <lastName>Black</lastName>
        <fullName>Rep. Black, Diane [R-TN-6]</fullName>
        <middleName />
        <firstName>Diane</firstName>
        <sponsorshipWithdrawnDate />
        <identifiers>
          <lisID>2063</lisID>
          <bioguideId>B001273</bioguideId>
          <gpoId>8153</gpoId>
        </identifiers>
        <isOriginalCosponsor>True</isOriginalCosponsor>
        <bioguideId>B001273</bioguideId>
      </item>
      <item>
        <sponsorshipDate>2013-02-14</sponsorshipDate>
        <lastName>Boustany</lastName>
        <fullName>Rep. Boustany, Charles W., Jr. [R-LA-3]</fullName>
        <middleName>W.</middleName>
        <firstName>Charles</firstName>
        <sponsorshipWithdrawnDate />
        <identifiers>
          <gpoId>7965</gpoId>
          <lisID>1787</lisID>
          <bioguideId>B001255</bioguideId>
        </identifiers>
        <isOriginalCosponsor>True</isOriginalCosponsor>
        <bioguideId>B001255</bioguideId>
      </item>
      <item>
        <sponsorshipDate>2013-02-14</sponsorshipDate>
        <lastName>BRADY</lastName>
        <fullName>Rep. Brady, Kevin [R-TX-8]</fullName>
        <middleName />
        <firstName>KEVIN</firstName>
        <sponsorshipWithdrawnDate />
        <identifiers>
          <lisID>1468</lisID>
          <bioguideId>B000755</bioguideId>
          <gpoId>8164</gpoId>
        </identifiers>
        <isOriginalCosponsor>True</isOriginalCosponsor>
        <bioguideId>B000755</bioguideId>
      </item>
      <item>
        <sponsorshipDate>2013-02-14</sponsorshipDate>
        <lastName>Franks</lastName>
        <fullName>Rep. Franks, Trent [R-AZ-8]</fullName>
        <middleName />
        <firstName>Trent</firstName>
        <sponsorshipWithdrawnDate />
        <identifiers>
          <bioguideId>F000448</bioguideId>
          <lisID>1707</lisID>
          <gpoId>7799</gpoId>
        </identifiers>
        <isOriginalCosponsor>True</isOriginalCosponsor>
        <bioguideId>F000448</bioguideId>
      </item>
      <item>
        <sponsorshipDate>2013-02-14</sponsorshipDate>
        <lastName>JONES</lastName>
        <fullName>Rep. Jones, Walter B., Jr. [R-NC-3]</fullName>
        <middleName>B.</middleName>
        <firstName>WALTER</firstName>
        <sponsorshipWithdrawnDate />
        <identifiers>
          <bioguideId>J000255</bioguideId>
          <lisID>612</lisID>
          <gpoId>8026</gpoId>
        </identifiers>
        <isOriginalCosponsor>True</isOriginalCosponsor>
        <bioguideId>J000255</bioguideId>
      </item>
      <item>
        <sponsorshipDate>2013-02-14</sponsorshipDate>
        <lastName>DesJarlais</lastName>
        <fullName>Rep. DesJarlais, Scott [R-TN-4]</fullName>
        <middleName />
        <firstName>Scott</firstName>
        <sponsorshipWithdrawnDate />
        <identifiers>
          <lisID>2062</lisID>
          <gpoId>8151</gpoId>
          <bioguideId>D000616</bioguideId>
        </identifiers>
        <isOriginalCosponsor>True</isOriginalCosponsor>
        <bioguideId>D000616</bioguideId>
      </item>
      <item>
        <sponsorshipDate>2013-02-14</sponsorshipDate>
        <lastName>CRENSHAW</lastName>
        <fullName>Rep. Crenshaw, Ander [R-FL-4]</fullName>
        <middleName />
        <firstName>ANDER</firstName>
        <sponsorshipWithdrawnDate />
        <identifiers>
          <gpoId>7876</gpoId>
          <lisID>1643</lisID>
          <bioguideId>C001045</bioguideId>
        </identifiers>
        <isOriginalCosponsor>True</isOriginalCosponsor>
        <bioguideId>C001045</bioguideId>
      </item>
      <item>
        <sponsorshipDate>2013-02-14</sponsorshipDate>
        <lastName>Lipinski</lastName>
        <fullName>Rep. Lipinski, Daniel [D-IL-3]</fullName>
        <middleName>William</middleName>
        <firstName>Daniel</firstName>
        <sponsorshipWithdrawnDate />
        <identifiers>
          <bioguideId>L000563</bioguideId>
          <lisID>1781</lisID>
          <gpoId>7923</gpoId>
        </identifiers>
        <isOriginalCosponsor>True</isOriginalCosponsor>
        <bioguideId>L000563</bioguideId>
      </item>
      <item>
        <sponsorshipDate>2013-02-14</sponsorshipDate>
        <lastName>Marchant</lastName>
        <fullName>Rep. Marchant, Kenny [R-TX-24]</fullName>
        <middleName />
        <firstName>Kenny</firstName>
        <sponsorshipWithdrawnDate />
        <identifiers>
          <gpoId>8766</gpoId>
          <lisID>1806</lisID>
          <bioguideId>M001158</bioguideId>
        </identifiers>
        <isOriginalCosponsor>True</isOriginalCosponsor>
        <bioguideId>M001158</bioguideId>
      </item>
      <item>
        <sponsorshipDate>2013-02-14</sponsorshipDate>
        <lastName>King</lastName>
        <fullName>Rep. King, Steve [R-IA-4]</fullName>
        <middleName />
        <firstName>Steve</firstName>
        <sponsorshipWithdrawnDate />
        <identifiers>
          <gpoId>7918</gpoId>
          <lisID>1724</lisID>
          <bioguideId>K000362</bioguideId>
        </identifiers>
        <isOriginalCosponsor>True</isOriginalCosponsor>
        <bioguideId>K000362</bioguideId>
      </item>
      <item>
        <sponsorshipDate>2013-02-14</sponsorshipDate>
        <lastName>Griffith</lastName>
        <fullName>Rep. Griffith, H. Morgan [R-VA-9]</fullName>
        <middleName>Morgan</middleName>
        <firstName>H.</firstName>
        <sponsorshipWithdrawnDate />
        <identifiers>
          <gpoId>8200</gpoId>
          <bioguideId>G000568</bioguideId>
          <lisID>2070</lisID>
        </identifiers>
        <isOriginalCosponsor>True</isOriginalCosponsor>
        <bioguideId>G000568</bioguideId>
      </item>
      <item>
        <sponsorshipDate>2013-02-14</sponsorshipDate>
        <lastName>Neugebauer</lastName>
        <fullName>Rep. Neugebauer, Randy [R-TX-19]</fullName>
        <middleName />
        <firstName>Randy</firstName>
        <sponsorshipWithdrawnDate />
        <identifiers>
          <lisID>1758</lisID>
          <bioguideId>N000182</bioguideId>
          <gpoId>8175</gpoId>
        </identifiers>
        <isOriginalCosponsor>True</isOriginalCosponsor>
        <bioguideId>N000182</bioguideId>
      </item>
      <item>
        <sponsorshipDate>2013-02-14</sponsorshipDate>
        <lastName>CHABOT</lastName>
        <fullName>Rep. Chabot, Steve [R-OH-1]</fullName>
        <middleName />
        <firstName>STEVE</firstName>
        <sponsorshipWithdrawnDate />
        <identifiers>
          <gpoId>8091</gpoId>
          <bioguideId>C000266</bioguideId>
          <lisID>186</lisID>
        </identifiers>
        <isOriginalCosponsor>True</isOriginalCosponsor>
        <bioguideId>C000266</bioguideId>
      </item>
      <item>
        <sponsorshipDate>2013-02-14</sponsorshipDate>
        <lastName>Cole</lastName>
        <fullName>Rep. Cole, Tom [R-OK-4]</fullName>
        <middleName />
        <firstName>Tom</firstName>
        <sponsorshipWithdrawnDate />
        <identifiers>
          <gpoId>8112</gpoId>
          <lisID>1742</lisID>
          <bioguideId>C001053</bioguideId>
        </identifiers>
        <isOriginalCosponsor>True</isOriginalCosponsor>
        <bioguideId>C001053</bioguideId>
      </item>
      <item>
        <sponsorshipDate>2013-02-14</sponsorshipDate>
        <lastName>HALL</lastName>
        <fullName>Rep. Hall, Ralph M. [R-TX-4]</fullName>
        <middleName>M.</middleName>
        <firstName>RALPH</firstName>
        <sponsorshipWithdrawnDate />
        <identifiers>
          <bioguideId>H000067</bioguideId>
          <lisID>484</lisID>
          <gpoId>8160</gpoId>
        </identifiers>
        <isOriginalCosponsor>True</isOriginalCosponsor>
        <bioguideId>H000067</bioguideId>
      </item>
      <item>
        <sponsorshipDate>2013-02-14</sponsorshipDate>
        <lastName>Garrett</lastName>
        <fullName>Rep. Garrett, Scott [R-NJ-5]</fullName>
        <middleName />
        <firstName>Scott</firstName>
        <sponsorshipWithdrawnDate />
        <identifiers>
          <bioguideId>G000548</bioguideId>
          <lisID>1737</lisID>
          <gpoId>8047</gpoId>
        </identifiers>
        <isOriginalCosponsor>True</isOriginalCosponsor>
        <bioguideId>G000548</bioguideId>
      </item>
      <item>
        <sponsorshipDate>2013-02-14</sponsorshipDate>
        <lastName>MICA</lastName>
        <fullName>Rep. Mica, John L. [R-FL-7]</fullName>
        <middleName>L.</middleName>
        <firstName>JOHN</firstName>
        <sponsorshipWithdrawnDate />
        <identifiers>
          <gpoId>7879</gpoId>
          <lisID>800</lisID>
          <bioguideId>M000689</bioguideId>
        </identifiers>
        <isOriginalCosponsor>True</isOriginalCosponsor>
        <bioguideId>M000689</bioguideId>
      </item>
      <item>
        <sponsorshipDate>2013-02-14</sponsorshipDate>
        <lastName>SMITH</lastName>
        <fullName>Rep. Smith, Christopher H. [R-NJ-4]</fullName>
        <middleName>H.</middleName>
        <firstName>CHRISTOPHER</firstName>
        <sponsorshipWithdrawnDate />
        <identifiers>
          <bioguideId>S000522</bioguideId>
          <lisID>1071</lisID>
          <gpoId>8046</gpoId>
        </identifiers>
        <isOriginalCosponsor>True</isOriginalCosponsor>
        <bioguideId>S000522</bioguideId>
      </item>
      <item>
        <sponsorshipDate>2013-02-14</sponsorshipDate>
        <lastName>Fincher</lastName>
        <fullName>Rep. Fincher, Stephen Lee [R-TN-8]</fullName>
        <middleName>Lee</middleName>
        <firstName>Stephen</firstName>
        <sponsorshipWithdrawnDate />
        <identifiers>
          <lisID>2064</lisID>
          <bioguideId>F000458</bioguideId>
          <gpoId>8741</gpoId>
        </identifiers>
        <isOriginalCosponsor>True</isOriginalCosponsor>
        <bioguideId>F000458</bioguideId>
      </item>
      <item>
        <sponsorshipDate>2013-02-14</sponsorshipDate>
        <lastName>Pompeo</lastName>
        <fullName>Rep. Pompeo, Mike [R-KS-4]</fullName>
        <middleName />
        <firstName>Mike</firstName>
        <sponsorshipWithdrawnDate />
        <identifiers>
          <gpoId>7952</gpoId>
          <bioguideId>P000602</bioguideId>
          <lisID>2022</lisID>
        </identifiers>
        <isOriginalCosponsor>True</isOriginalCosponsor>
        <bioguideId>P000602</bioguideId>
      </item>
      <item>
        <sponsorshipDate>2013-02-14</sponsorshipDate>
        <lastName>Wittman</lastName>
        <fullName>Rep. Wittman, Robert J. [R-VA-1]</fullName>
        <middleName>J.</middleName>
        <firstName>Robert</firstName>
        <sponsorshipWithdrawnDate />
        <identifiers>
          <lisID>1886</lisID>
          <bioguideId>W000804</bioguideId>
          <gpoId>8192</gpoId>
        </identifiers>
        <isOriginalCosponsor>True</isOriginalCosponsor>
        <bioguideId>W000804</bioguideId>
      </item>
      <item>
        <sponsorshipDate>2013-02-14</sponsorshipDate>
        <lastName>Poe</lastName>
        <fullName>Rep. Poe, Ted [R-TX-2]</fullName>
        <middleName />
        <firstName>Ted</firstName>
        <sponsorshipWithdrawnDate />
        <identifiers>
          <bioguideId>P000592</bioguideId>
          <lisID>1802</lisID>
          <gpoId>8158</gpoId>
        </identifiers>
        <isOriginalCosponsor>True</isOriginalCosponsor>
        <bioguideId>P000592</bioguideId>
      </item>
      <item>
        <sponsorshipDate>2013-02-14</sponsorshipDate>
        <lastName>Diaz-Balart</lastName>
        <fullName>Rep. Diaz-Balart, Mario [R-FL-25]</fullName>
        <middleName />
        <firstName>Mario</firstName>
        <sponsorshipWithdrawnDate />
        <identifiers>
          <lisID>1717</lisID>
          <bioguideId>D000600</bioguideId>
          <gpoId>7893</gpoId>
        </identifiers>
        <isOriginalCosponsor>True</isOriginalCosponsor>
        <bioguideId>D000600</bioguideId>
      </item>
      <item>
        <sponsorshipDate>2013-02-14</sponsorshipDate>
        <lastName>Griffin</lastName>
        <fullName>Rep. Griffin, Tim [R-AR-2]</fullName>
        <middleName />
        <firstName>Tim</firstName>
        <sponsorshipWithdrawnDate />
        <identifiers>
          <gpoId>7794</gpoId>
          <bioguideId>G000567</bioguideId>
          <lisID>1990</lisID>
        </identifiers>
        <isOriginalCosponsor>True</isOriginalCosponsor>
        <bioguideId>G000567</bioguideId>
      </item>
      <item>
        <sponsorshipDate>2013-02-14</sponsorshipDate>
        <lastName>Stivers</lastName>
        <fullName>Rep. Stivers, Steve [R-OH-15]</fullName>
        <middleName />
        <firstName>Steve</firstName>
        <sponsorshipWithdrawnDate />
        <identifiers>
          <bioguideId>S001187</bioguideId>
          <lisID>2047</lisID>
          <gpoId>8105</gpoId>
        </identifiers>
        <isOriginalCosponsor>True</isOriginalCosponsor>
        <bioguideId>S001187</bioguideId>
      </item>
      <item>
        <sponsorshipDate>2013-02-14</sponsorshipDate>
        <lastName>Carter</lastName>
        <fullName>Rep. Carter, John R. [R-TX-31]</fullName>
        <middleName>R.</middleName>
        <firstName>John</firstName>
        <sponsorshipWithdrawnDate />
        <identifiers>
          <gpoId>8187</gpoId>
          <bioguideId>C001051</bioguideId>
          <lisID>1752</lisID>
        </identifiers>
        <isOriginalCosponsor>True</isOriginalCosponsor>
        <bioguideId>C001051</bioguideId>
      </item>
      <item>
        <sponsorshipDate>2013-02-14</sponsorshipDate>
        <lastName>Davis</lastName>
        <fullName>Rep. Davis, Rodney [R-IL-13]</fullName>
        <middleName />
        <firstName>Rodney</firstName>
        <sponsorshipWithdrawnDate />
        <identifiers>
          <bioguideId>D000619</bioguideId>
          <lisID>2126</lisID>
          <gpoId />
        </identifiers>
        <isOriginalCosponsor>True</isOriginalCosponsor>
        <bioguideId>D000619</bioguideId>
      </item>
      <item>
        <sponsorshipDate>2013-02-14</sponsorshipDate>
        <lastName>Hartzler</lastName>
        <fullName>Rep. Hartzler, Vicky [R-MO-4]</fullName>
        <middleName />
        <firstName>Vicky</firstName>
        <sponsorshipWithdrawnDate />
        <identifiers>
          <lisID>2032</lisID>
          <gpoId>8012</gpoId>
          <bioguideId>H001053</bioguideId>
        </identifiers>
        <isOriginalCosponsor>True</isOriginalCosponsor>
        <bioguideId>H001053</bioguideId>
      </item>
      <item>
        <sponsorshipDate>2013-02-14</sponsorshipDate>
        <lastName>Nunnelee</lastName>
        <fullName>Rep. Nunnelee, Alan [R-MS-1]</fullName>
        <middleName />
        <firstName>Alan</firstName>
        <sponsorshipWithdrawnDate />
        <identifiers>
          <lisID>2034</lisID>
          <bioguideId>N000186</bioguideId>
          <gpoId>8019</gpoId>
        </identifiers>
        <isOriginalCosponsor>True</isOriginalCosponsor>
        <bioguideId>N000186</bioguideId>
      </item>
      <item>
        <sponsorshipDate>2013-02-14</sponsorshipDate>
        <lastName>Walberg</lastName>
        <fullName>Rep. Walberg, Tim [R-MI-7]</fullName>
        <middleName />
        <firstName>Tim</firstName>
        <sponsorshipWithdrawnDate />
        <identifiers>
          <bioguideId>W000798</bioguideId>
          <lisID>1855</lisID>
          <gpoId>7992</gpoId>
        </identifiers>
        <isOriginalCosponsor>True</isOriginalCosponsor>
        <bioguideId>W000798</bioguideId>
      </item>
      <item>
        <sponsorshipDate>2013-02-14</sponsorshipDate>
        <lastName>Ribble</lastName>
        <fullName>Rep. Ribble, Reid J. [R-WI-8]</fullName>
        <middleName>J.</middleName>
        <firstName>Reid</firstName>
        <sponsorshipWithdrawnDate />
        <identifiers>
          <gpoId>8221</gpoId>
          <bioguideId>R000587</bioguideId>
          <lisID>2073</lisID>
        </identifiers>
        <isOriginalCosponsor>True</isOriginalCosponsor>
        <bioguideId>R000587</bioguideId>
      </item>
      <item>
        <sponsorshipDate>2013-02-14</sponsorshipDate>
        <lastName>Mulvaney</lastName>
        <fullName>Rep. Mulvaney, Mick [R-SC-5]</fullName>
        <middleName />
        <firstName>Mick</firstName>
        <sponsorshipWithdrawnDate />
        <identifiers>
          <gpoId>8145</gpoId>
          <lisID>2059</lisID>
          <bioguideId>M001182</bioguideId>
        </identifiers>
        <isOriginalCosponsor>True</isOriginalCosponsor>
        <bioguideId>M001182</bioguideId>
      </item>
      <item>
        <sponsorshipDate>2013-02-14</sponsorshipDate>
        <lastName>Lamborn</lastName>
        <fullName>Rep. Lamborn, Doug [R-CO-5]</fullName>
        <middleName />
        <firstName>Doug</firstName>
        <sponsorshipWithdrawnDate />
        <identifiers>
          <gpoId>7863</gpoId>
          <lisID>1834</lisID>
          <bioguideId>L000564</bioguideId>
        </identifiers>
        <isOriginalCosponsor>True</isOriginalCosponsor>
        <bioguideId>L000564</bioguideId>
      </item>
      <item>
        <sponsorshipDate>2013-02-14</sponsorshipDate>
        <lastName>Benishek</lastName>
        <fullName>Rep. Benishek, Dan [R-MI-1]</fullName>
        <middleName />
        <firstName>Dan</firstName>
        <sponsorshipWithdrawnDate />
        <identifiers>
          <gpoId>7986</gpoId>
          <lisID>2027</lisID>
          <bioguideId>B001271</bioguideId>
        </identifiers>
        <isOriginalCosponsor>True</isOriginalCosponsor>
        <bioguideId>B001271</bioguideId>
      </item>
      <item>
        <sponsorshipDate>2013-02-14</sponsorshipDate>
        <lastName>Fleming</lastName>
        <fullName>Rep. Fleming, John [R-LA-4]</fullName>
        <middleName />
        <firstName>John</firstName>
        <sponsorshipWithdrawnDate />
        <identifiers>
          <gpoId>7962</gpoId>
          <bioguideId>F000456</bioguideId>
          <lisID>1924</lisID>
        </identifiers>
        <isOriginalCosponsor>True</isOriginalCosponsor>
        <bioguideId>F000456</bioguideId>
      </item>
      <item>
        <sponsorshipDate>2013-02-14</sponsorshipDate>
        <lastName>CALVERT</lastName>
        <fullName>Rep. Calvert, Ken [R-CA-42]</fullName>
        <middleName />
        <firstName>KEN</firstName>
        <sponsorshipWithdrawnDate />
        <identifiers>
          <lisID>165</lisID>
          <bioguideId>C000059</bioguideId>
          <gpoId>7849</gpoId>
        </identifiers>
        <isOriginalCosponsor>True</isOriginalCosponsor>
        <bioguideId>C000059</bioguideId>
      </item>
      <item>
        <sponsorshipDate>2013-02-14</sponsorshipDate>
        <lastName>Kelly</lastName>
        <fullName>Rep. Kelly, Mike [R-PA-3]</fullName>
        <middleName />
        <firstName>Mike</firstName>
        <sponsorshipWithdrawnDate />
        <identifiers>
          <bioguideId>K000376</bioguideId>
          <lisID>2051</lisID>
          <gpoId>8708</gpoId>
        </identifiers>
        <isOriginalCosponsor>True</isOriginalCosponsor>
        <bioguideId>K000376</bioguideId>
      </item>
      <item>
        <sponsorshipDate>2013-02-14</sponsorshipDate>
        <lastName>Palazzo</lastName>
        <fullName>Rep. Palazzo, Steven M. [R-MS-4]</fullName>
        <middleName>M.</middleName>
        <firstName>Steven</firstName>
        <sponsorshipWithdrawnDate />
        <identifiers>
          <gpoId>8022</gpoId>
          <lisID>2035</lisID>
          <bioguideId>P000601</bioguideId>
        </identifiers>
        <isOriginalCosponsor>True</isOriginalCosponsor>
        <bioguideId>P000601</bioguideId>
      </item>
      <item>
        <sponsorshipDate>2013-02-14</sponsorshipDate>
        <lastName>Wenstrup</lastName>
        <fullName>Rep. Wenstrup, Brad R. [R-OH-2]</fullName>
        <middleName>R.</middleName>
        <firstName>Brad</firstName>
        <sponsorshipWithdrawnDate />
        <identifiers>
          <bioguideId>W000815</bioguideId>
          <lisID>2152</lisID>
          <gpoId />
        </identifiers>
        <isOriginalCosponsor>True</isOriginalCosponsor>
        <bioguideId>W000815</bioguideId>
      </item>
      <item>
        <sponsorshipDate>2013-02-14</sponsorshipDate>
        <lastName>Hultgren</lastName>
        <fullName>Rep. Hultgren, Randy [R-IL-14]</fullName>
        <middleName />
        <firstName>Randy</firstName>
        <sponsorshipWithdrawnDate />
        <identifiers>
          <bioguideId>H001059</bioguideId>
          <lisID>2015</lisID>
          <gpoId>7934</gpoId>
        </identifiers>
        <isOriginalCosponsor>True</isOriginalCosponsor>
        <bioguideId>H001059</bioguideId>
      </item>
      <item>
        <sponsorshipDate>2013-02-14</sponsorshipDate>
        <lastName>Jordan</lastName>
        <fullName>Rep. Jordan, Jim [R-OH-4]</fullName>
        <middleName />
        <firstName>Jim</firstName>
        <sponsorshipWithdrawnDate />
        <identifiers>
          <lisID>1868</lisID>
          <bioguideId>J000289</bioguideId>
          <gpoId>8094</gpoId>
        </identifiers>
        <isOriginalCosponsor>True</isOriginalCosponsor>
        <bioguideId>J000289</bioguideId>
      </item>
      <item>
        <sponsorshipDate>2013-02-14</sponsorshipDate>
        <lastName>Pearce</lastName>
        <fullName>Rep. Pearce, Stevan [R-NM-2]</fullName>
        <middleName />
        <firstName>Stevan</firstName>
        <sponsorshipWithdrawnDate />
        <identifiers>
          <bioguideId>P000588</bioguideId>
          <lisID>1738</lisID>
          <gpoId>8057</gpoId>
        </identifiers>
        <isOriginalCosponsor>True</isOriginalCosponsor>
        <bioguideId>P000588</bioguideId>
      </item>
      <item>
        <sponsorshipDate>2013-02-14</sponsorshipDate>
        <lastName>Wilson</lastName>
        <fullName>Rep. Wilson, Joe [R-SC-2]</fullName>
        <middleName />
        <firstName>Joe</firstName>
        <sponsorshipWithdrawnDate />
        <identifiers>
          <gpoId>8142</gpoId>
          <bioguideId>W000795</bioguideId>
          <lisID>1688</lisID>
        </identifiers>
        <isOriginalCosponsor>True</isOriginalCosponsor>
        <bioguideId>W000795</bioguideId>
      </item>
      <item>
        <sponsorshipDate>2013-02-14</sponsorshipDate>
        <lastName>Guthrie</lastName>
        <fullName>Rep. Guthrie, Brett [R-KY-2]</fullName>
        <middleName />
        <firstName>Brett</firstName>
        <sponsorshipWithdrawnDate />
        <identifiers>
          <gpoId>7954</gpoId>
          <bioguideId>G000558</bioguideId>
          <lisID>1922</lisID>
        </identifiers>
        <isOriginalCosponsor>True</isOriginalCosponsor>
        <bioguideId>G000558</bioguideId>
      </item>
      <item>
        <sponsorshipDate>2013-02-14</sponsorshipDate>
        <lastName>Westmoreland</lastName>
        <fullName>Rep. Westmoreland, Lynn A. [R-GA-3]</fullName>
        <middleName>A.</middleName>
        <firstName>Lynn</firstName>
        <sponsorshipWithdrawnDate />
        <identifiers>
          <bioguideId>W000796</bioguideId>
          <lisID>1779</lisID>
          <gpoId>7900</gpoId>
        </identifiers>
        <isOriginalCosponsor>True</isOriginalCosponsor>
        <bioguideId>W000796</bioguideId>
      </item>
      <item>
        <sponsorshipDate>2013-02-14</sponsorshipDate>
        <lastName>McClintock</lastName>
        <fullName>Rep. McClintock, Tom [R-CA-4]</fullName>
        <middleName />
        <firstName>Tom</firstName>
        <sponsorshipWithdrawnDate />
        <identifiers>
          <lisID>1908</lisID>
          <bioguideId>M001177</bioguideId>
          <gpoId>7809</gpoId>
        </identifiers>
        <isOriginalCosponsor>True</isOriginalCosponsor>
        <bioguideId>M001177</bioguideId>
      </item>
      <item>
        <sponsorshipDate>2013-02-14</sponsorshipDate>
        <lastName>Blackburn</lastName>
        <fullName>Rep. Blackburn, Marsha [R-TN-7]</fullName>
        <middleName />
        <firstName>Marsha</firstName>
        <sponsorshipWithdrawnDate />
        <identifiers>
          <bioguideId>B001243</bioguideId>
          <lisID>1748</lisID>
          <gpoId>8154</gpoId>
        </identifiers>
        <isOriginalCosponsor>True</isOriginalCosponsor>
        <bioguideId>B001243</bioguideId>
      </item>
      <item>
        <sponsorshipDate>2013-02-14</sponsorshipDate>
        <lastName>Huelskamp</lastName>
        <fullName>Rep. Huelskamp, Tim [R-KS-1]</fullName>
        <middleName />
        <firstName>Tim</firstName>
        <sponsorshipWithdrawnDate />
        <identifiers>
          <lisID>2020</lisID>
          <gpoId>7949</gpoId>
          <bioguideId>H001057</bioguideId>
        </identifiers>
        <isOriginalCosponsor>True</isOriginalCosponsor>
        <bioguideId>H001057</bioguideId>
      </item>
      <item>
        <sponsorshipDate>2013-02-14</sponsorshipDate>
        <lastName>Conaway</lastName>
        <fullName>Rep. Conaway, K. Michael [R-TX-11]</fullName>
        <middleName>Michael</middleName>
        <firstName>K.</firstName>
        <sponsorshipWithdrawnDate />
        <identifiers>
          <gpoId>8167</gpoId>
          <lisID>1805</lisID>
          <bioguideId>C001062</bioguideId>
        </identifiers>
        <isOriginalCosponsor>True</isOriginalCosponsor>
        <bioguideId>C001062</bioguideId>
      </item>
      <item>
        <sponsorshipDate>2013-02-14</sponsorshipDate>
        <lastName>TERRY</lastName>
        <fullName>Rep. Terry, Lee [R-NE-2]</fullName>
        <middleName />
        <firstName>LEE</firstName>
        <sponsorshipWithdrawnDate />
        <identifiers>
          <bioguideId>T000459</bioguideId>
          <lisID>1566</lisID>
          <gpoId>8039</gpoId>
        </identifiers>
        <isOriginalCosponsor>True</isOriginalCosponsor>
        <bioguideId>T000459</bioguideId>
      </item>
      <item>
        <sponsorshipDate>2013-02-14</sponsorshipDate>
        <lastName>Miller</lastName>
        <fullName>Rep. Miller, Jeff [R-FL-1]</fullName>
        <middleName />
        <firstName>Jeff</firstName>
        <sponsorshipWithdrawnDate />
        <identifiers>
          <bioguideId>M001144</bioguideId>
          <lisID>1685</lisID>
          <gpoId>7873</gpoId>
        </identifiers>
        <isOriginalCosponsor>True</isOriginalCosponsor>
        <bioguideId>M001144</bioguideId>
      </item>
      <item>
        <sponsorshipDate>2013-02-14</sponsorshipDate>
        <lastName>Shuster</lastName>
        <fullName>Rep. Shuster, Bill [R-PA-9]</fullName>
        <middleName />
        <firstName>Bill</firstName>
        <sponsorshipWithdrawnDate />
        <identifiers>
          <gpoId>8127</gpoId>
          <lisID>1681</lisID>
          <bioguideId>S001154</bioguideId>
        </identifiers>
        <isOriginalCosponsor>True</isOriginalCosponsor>
        <bioguideId>S001154</bioguideId>
      </item>
      <item>
        <sponsorshipDate>2013-02-14</sponsorshipDate>
        <lastName>Bilirakis</lastName>
        <fullName>Rep. Bilirakis, Gus M. [R-FL-12]</fullName>
        <middleName>M.</middleName>
        <firstName>Gus</firstName>
        <sponsorshipWithdrawnDate />
        <identifiers>
          <lisID>1838</lisID>
          <gpoId>7881</gpoId>
          <bioguideId>B001257</bioguideId>
        </identifiers>
        <isOriginalCosponsor>True</isOriginalCosponsor>
        <bioguideId>B001257</bioguideId>
      </item>
      <item>
        <sponsorshipDate>2013-02-14</sponsorshipDate>
        <lastName>TIBERI</lastName>
        <fullName>Rep. Tiberi, Patrick J. [R-OH-12]</fullName>
        <middleName>J.</middleName>
        <firstName>PATRICK</firstName>
        <sponsorshipWithdrawnDate />
        <identifiers>
          <lisID>1664</lisID>
          <bioguideId>T000462</bioguideId>
          <gpoId>8102</gpoId>
        </identifiers>
        <isOriginalCosponsor>True</isOriginalCosponsor>
        <bioguideId>T000462</bioguideId>
      </item>
      <item>
        <sponsorshipDate>2013-02-14</sponsorshipDate>
        <lastName>Huizenga</lastName>
        <fullName>Rep. Huizenga, Bill [R-MI-2]</fullName>
        <middleName />
        <firstName>Bill</firstName>
        <sponsorshipWithdrawnDate />
        <identifiers>
          <bioguideId>H001058</bioguideId>
          <lisID>2028</lisID>
          <gpoId>7987</gpoId>
        </identifiers>
        <isOriginalCosponsor>True</isOriginalCosponsor>
        <bioguideId>H001058</bioguideId>
      </item>
      <item>
        <sponsorshipDate>2013-02-14</sponsorshipDate>
        <lastName>ROGERS</lastName>
        <fullName>Rep. Rogers, Harold [R-KY-5]</fullName>
        <middleName />
        <firstName>HAROLD</firstName>
        <sponsorshipWithdrawnDate />
        <identifiers>
          <gpoId>7957</gpoId>
          <lisID>977</lisID>
          <bioguideId>R000395</bioguideId>
        </identifiers>
        <isOriginalCosponsor>True</isOriginalCosponsor>
        <bioguideId>R000395</bioguideId>
      </item>
      <item>
        <sponsorshipDate>2013-02-14</sponsorshipDate>
        <lastName>Latta</lastName>
        <fullName>Rep. Latta, Robert E. [R-OH-5]</fullName>
        <middleName>E.</middleName>
        <firstName>Robert</firstName>
        <sponsorshipWithdrawnDate />
        <identifiers>
          <gpoId>8095</gpoId>
          <bioguideId>L000566</bioguideId>
          <lisID>1885</lisID>
        </identifiers>
        <isOriginalCosponsor>True</isOriginalCosponsor>
        <bioguideId>L000566</bioguideId>
      </item>
      <item>
        <sponsorshipDate>2013-02-14</sponsorshipDate>
        <lastName>KING</lastName>
        <fullName>Rep. King, Peter T. [R-NY-2]</fullName>
        <middleName>T.</middleName>
        <firstName>PETER</firstName>
        <sponsorshipWithdrawnDate />
        <identifiers>
          <lisID>635</lisID>
          <gpoId>8064</gpoId>
          <bioguideId>K000210</bioguideId>
        </identifiers>
        <isOriginalCosponsor>True</isOriginalCosponsor>
        <bioguideId>K000210</bioguideId>
      </item>
      <item>
        <sponsorshipDate>2013-02-14</sponsorshipDate>
        <lastName>Olson</lastName>
        <fullName>Rep. Olson, Pete [R-TX-22]</fullName>
        <middleName />
        <firstName>Pete</firstName>
        <sponsorshipWithdrawnDate />
        <identifiers>
          <bioguideId>O000168</bioguideId>
          <lisID>1955</lisID>
          <gpoId>8178</gpoId>
        </identifiers>
        <isOriginalCosponsor>True</isOriginalCosponsor>
        <bioguideId>O000168</bioguideId>
      </item>
      <item>
        <sponsorshipDate>2013-02-14</sponsorshipDate>
        <lastName>GRAVES</lastName>
        <fullName>Rep. Graves, Sam [R-MO-6]</fullName>
        <middleName />
        <firstName>SAM</firstName>
        <sponsorshipWithdrawnDate />
        <identifiers>
          <gpoId>8014</gpoId>
          <bioguideId>G000546</bioguideId>
          <lisID>1656</lisID>
        </identifiers>
        <isOriginalCosponsor>True</isOriginalCosponsor>
        <bioguideId>G000546</bioguideId>
      </item>
      <item>
        <sponsorshipDate>2013-02-14</sponsorshipDate>
        <lastName>Hensarling</lastName>
        <fullName>Rep. Hensarling, Jeb [R-TX-5]</fullName>
        <middleName />
        <firstName>Jeb</firstName>
        <sponsorshipWithdrawnDate />
        <identifiers>
          <gpoId>8161</gpoId>
          <lisID>1749</lisID>
          <bioguideId>H001036</bioguideId>
        </identifiers>
        <isOriginalCosponsor>True</isOriginalCosponsor>
        <bioguideId>H001036</bioguideId>
      </item>
      <item>
        <sponsorshipDate>2013-02-14</sponsorshipDate>
        <lastName>RAHALL</lastName>
        <fullName>Rep. Rahall, Nick J., II [D-WV-3]</fullName>
        <middleName>J.</middleName>
        <firstName>NICK</firstName>
        <sponsorshipWithdrawnDate />
        <identifiers>
          <gpoId>8224</gpoId>
          <lisID>940</lisID>
          <bioguideId>R000011</bioguideId>
        </identifiers>
        <isOriginalCosponsor>True</isOriginalCosponsor>
        <bioguideId>R000011</bioguideId>
      </item>
      <item>
        <sponsorshipDate>2013-02-14</sponsorshipDate>
        <lastName>Turner</lastName>
        <fullName>Rep. Turner, Michael R. [R-OH-10]</fullName>
        <middleName>R.</middleName>
        <firstName>Michael</firstName>
        <sponsorshipWithdrawnDate />
        <identifiers>
          <gpoId>8093</gpoId>
          <lisID>1741</lisID>
          <bioguideId>T000463</bioguideId>
        </identifiers>
        <isOriginalCosponsor>True</isOriginalCosponsor>
        <bioguideId>T000463</bioguideId>
      </item>
      <item>
        <sponsorshipDate>2013-02-14</sponsorshipDate>
        <lastName>Bachmann</lastName>
        <fullName>Rep. Bachmann, Michele [R-MN-6]</fullName>
        <middleName />
        <firstName>Michele</firstName>
        <sponsorshipWithdrawnDate />
        <identifiers>
          <gpoId>8006</gpoId>
          <bioguideId>B001256</bioguideId>
          <lisID>1858</lisID>
        </identifiers>
        <isOriginalCosponsor>True</isOriginalCosponsor>
        <bioguideId>B001256</bioguideId>
      </item>
      <item>
        <sponsorshipDate>2013-02-14</sponsorshipDate>
        <lastName>Alexander</lastName>
        <fullName>Rep. Alexander, Rodney [R-LA-5]</fullName>
        <middleName />
        <firstName>Rodney</firstName>
        <sponsorshipWithdrawnDate />
        <identifiers>
          <lisID>1727</lisID>
          <bioguideId>A000361</bioguideId>
          <gpoId>7963</gpoId>
        </identifiers>
        <isOriginalCosponsor>True</isOriginalCosponsor>
        <bioguideId>A000361</bioguideId>
      </item>
      <item>
        <sponsorshipDate>2013-02-14</sponsorshipDate>
        <lastName>Murphy</lastName>
        <fullName>Rep. Murphy, Tim [R-PA-18]</fullName>
        <middleName />
        <firstName>Tim</firstName>
        <sponsorshipWithdrawnDate />
        <identifiers>
          <gpoId>8723</gpoId>
          <lisID>1744</lisID>
          <bioguideId>M001151</bioguideId>
        </identifiers>
        <isOriginalCosponsor>True</isOriginalCosponsor>
        <bioguideId>M001151</bioguideId>
      </item>
      <item>
        <sponsorshipDate>2013-02-14</sponsorshipDate>
        <lastName>Mullin</lastName>
        <fullName>Rep. Mullin, Markwayne [R-OK-2]</fullName>
        <middleName />
        <firstName>Markwayne</firstName>
        <sponsorshipWithdrawnDate />
        <identifiers>
          <gpoId />
          <bioguideId>M001190</bioguideId>
          <lisID>2156</lisID>
        </identifiers>
        <isOriginalCosponsor>True</isOriginalCosponsor>
        <bioguideId>M001190</bioguideId>
      </item>
      <item>
        <sponsorshipDate>2013-02-14</sponsorshipDate>
        <lastName>Scalise</lastName>
        <fullName>Rep. Scalise, Steve [R-LA-1]</fullName>
        <middleName />
        <firstName>Steve</firstName>
        <sponsorshipWithdrawnDate />
        <identifiers>
          <gpoId>7959</gpoId>
          <bioguideId>S001176</bioguideId>
          <lisID>1892</lisID>
        </identifiers>
        <isOriginalCosponsor>True</isOriginalCosponsor>
        <bioguideId>S001176</bioguideId>
      </item>
      <item>
        <sponsorshipDate>2013-02-15</sponsorshipDate>
        <lastName>Broun</lastName>
        <fullName>Rep. Broun, Paul C. [R-GA-10]</fullName>
        <middleName>C.</middleName>
        <firstName>Paul</firstName>
        <sponsorshipWithdrawnDate />
        <identifiers>
          <lisID>1882</lisID>
          <bioguideId>B001262</bioguideId>
          <gpoId>7907</gpoId>
        </identifiers>
        <isOriginalCosponsor>False</isOriginalCosponsor>
        <bioguideId>B001262</bioguideId>
      </item>
      <item>
        <sponsorshipDate>2013-02-15</sponsorshipDate>
        <lastName>SALMON</lastName>
        <fullName>Rep. Salmon, Matt [R-AZ-5]</fullName>
        <middleName />
        <firstName>MATT</firstName>
        <sponsorshipWithdrawnDate />
        <identifiers>
          <gpoId />
          <lisID>1009</lisID>
          <bioguideId>S000018</bioguideId>
        </identifiers>
        <isOriginalCosponsor>False</isOriginalCosponsor>
        <bioguideId>S000018</bioguideId>
      </item>
      <item>
        <sponsorshipDate>2013-02-15</sponsorshipDate>
        <lastName>Long</lastName>
        <fullName>Rep. Long, Billy [R-MO-7]</fullName>
        <middleName />
        <firstName>Billy</firstName>
        <sponsorshipWithdrawnDate />
        <identifiers>
          <lisID>2033</lisID>
          <bioguideId>L000576</bioguideId>
          <gpoId>8015</gpoId>
        </identifiers>
        <isOriginalCosponsor>False</isOriginalCosponsor>
        <bioguideId>L000576</bioguideId>
      </item>
      <item>
        <sponsorshipDate>2013-02-15</sponsorshipDate>
        <lastName>Cassidy</lastName>
        <fullName>Rep. Cassidy, Bill [R-LA-6]</fullName>
        <middleName />
        <firstName>Bill</firstName>
        <sponsorshipWithdrawnDate />
        <identifiers>
          <gpoId>7964</gpoId>
          <bioguideId>C001075</bioguideId>
          <lisID>1925</lisID>
        </identifiers>
        <isOriginalCosponsor>False</isOriginalCosponsor>
        <bioguideId>C001075</bioguideId>
      </item>
      <item>
        <sponsorshipDate>2013-02-15</sponsorshipDate>
        <lastName>Rogers</lastName>
        <fullName>Rep. Rogers, Mike D. [R-AL-3]</fullName>
        <middleName />
        <firstName>Mike</firstName>
        <sponsorshipWithdrawnDate />
        <identifiers>
          <bioguideId>R000575</bioguideId>
          <lisID>1704</lisID>
          <gpoId>7788</gpoId>
        </identifiers>
        <isOriginalCosponsor>False</isOriginalCosponsor>
        <bioguideId>R000575</bioguideId>
      </item>
      <item>
        <sponsorshipDate>2013-02-15</sponsorshipDate>
        <lastName>Yoho</lastName>
        <fullName>Rep. Yoho, Ted S. [R-FL-3]</fullName>
        <middleName>S.</middleName>
        <firstName>Ted</firstName>
        <sponsorshipWithdrawnDate />
        <identifiers>
          <lisID>2115</lisID>
          <gpoId />
          <bioguideId>Y000065</bioguideId>
        </identifiers>
        <isOriginalCosponsor>False</isOriginalCosponsor>
        <bioguideId>Y000065</bioguideId>
      </item>
      <item>
        <sponsorshipDate>2013-02-26</sponsorshipDate>
        <lastName>Johnson</lastName>
        <fullName>Rep. Johnson, Bill [R-OH-6]</fullName>
        <middleName />
        <firstName>Bill</firstName>
        <sponsorshipWithdrawnDate />
        <identifiers>
          <bioguideId>J000292</bioguideId>
          <lisID>2046</lisID>
          <gpoId>8096</gpoId>
        </identifiers>
        <isOriginalCosponsor>False</isOriginalCosponsor>
        <bioguideId>J000292</bioguideId>
      </item>
      <item>
        <sponsorshipDate>2013-02-26</sponsorshipDate>
        <lastName>Burgess</lastName>
        <fullName>Rep. Burgess, Michael C. [R-TX-26]</fullName>
        <middleName>C.</middleName>
        <firstName>Michael</firstName>
        <sponsorshipWithdrawnDate />
        <identifiers>
          <gpoId>8182</gpoId>
          <lisID>1751</lisID>
          <bioguideId>B001248</bioguideId>
        </identifiers>
        <isOriginalCosponsor>False</isOriginalCosponsor>
        <bioguideId>B001248</bioguideId>
      </item>
      <item>
        <sponsorshipDate>2013-02-26</sponsorshipDate>
        <lastName>Collins</lastName>
        <fullName>Rep. Collins, Chris [R-NY-27]</fullName>
        <middleName />
        <firstName>Chris</firstName>
        <sponsorshipWithdrawnDate />
        <identifiers>
          <lisID>2151</lisID>
          <bioguideId>C001092</bioguideId>
          <gpoId />
        </identifiers>
        <isOriginalCosponsor>False</isOriginalCosponsor>
        <bioguideId>C001092</bioguideId>
      </item>
      <item>
        <sponsorshipDate>2013-02-26</sponsorshipDate>
        <lastName>Renacci</lastName>
        <fullName>Rep. Renacci, James B. [R-OH-16]</fullName>
        <middleName>B.</middleName>
        <firstName>James</firstName>
        <sponsorshipWithdrawnDate />
        <identifiers>
          <gpoId>8106</gpoId>
          <bioguideId>R000586</bioguideId>
          <lisID>2048</lisID>
        </identifiers>
        <isOriginalCosponsor>False</isOriginalCosponsor>
        <bioguideId>R000586</bioguideId>
      </item>
      <item>
        <sponsorshipDate>2013-02-26</sponsorshipDate>
        <lastName>SIMPSON</lastName>
        <fullName>Rep. Simpson, Michael K. [R-ID-2]</fullName>
        <middleName>K.</middleName>
        <firstName>MICHAEL</firstName>
        <sponsorshipWithdrawnDate />
        <identifiers>
          <gpoId>7920</gpoId>
          <lisID>1590</lisID>
          <bioguideId>S001148</bioguideId>
        </identifiers>
        <isOriginalCosponsor>False</isOriginalCosponsor>
        <bioguideId>S001148</bioguideId>
      </item>
      <item>
        <sponsorshipDate>2013-02-26</sponsorshipDate>
        <lastName>Roe</lastName>
        <fullName>Rep. Roe, David P. [R-TN-1]</fullName>
        <middleName>P.</middleName>
        <firstName>David</firstName>
        <sponsorshipWithdrawnDate />
        <identifiers>
          <lisID>1954</lisID>
          <bioguideId>R000582</bioguideId>
          <gpoId>8148</gpoId>
        </identifiers>
        <isOriginalCosponsor>False</isOriginalCosponsor>
        <bioguideId>R000582</bioguideId>
      </item>
      <item>
        <sponsorshipDate>2013-02-26</sponsorshipDate>
        <lastName>Fortenberry</lastName>
        <fullName>Rep. Fortenberry, Jeff [R-NE-1]</fullName>
        <middleName />
        <firstName>Jeff</firstName>
        <sponsorshipWithdrawnDate />
        <identifiers>
          <gpoId>8038</gpoId>
          <lisID>1793</lisID>
          <bioguideId>F000449</bioguideId>
        </identifiers>
        <isOriginalCosponsor>False</isOriginalCosponsor>
        <bioguideId>F000449</bioguideId>
      </item>
      <item>
        <sponsorshipDate>2013-02-26</sponsorshipDate>
        <lastName>Kline</lastName>
        <fullName>Rep. Kline, John [R-MN-2]</fullName>
        <middleName />
        <firstName>John</firstName>
        <sponsorshipWithdrawnDate />
        <identifiers>
          <lisID>1733</lisID>
          <bioguideId>K000363</bioguideId>
          <gpoId>8002</gpoId>
        </identifiers>
        <isOriginalCosponsor>False</isOriginalCosponsor>
        <bioguideId>K000363</bioguideId>
      </item>
      <item>
        <sponsorshipDate>2013-02-26</sponsorshipDate>
        <lastName>Schock</lastName>
        <fullName>Rep. Schock, Aaron [R-IL-18]</fullName>
        <middleName />
        <firstName>Aaron</firstName>
        <sponsorshipWithdrawnDate />
        <identifiers>
          <gpoId>7938</gpoId>
          <bioguideId>S001179</bioguideId>
          <lisID>1920</lisID>
        </identifiers>
        <isOriginalCosponsor>False</isOriginalCosponsor>
        <bioguideId>S001179</bioguideId>
      </item>
      <item>
        <sponsorshipDate>2013-03-04</sponsorshipDate>
        <lastName>Luetkemeyer</lastName>
        <fullName>Rep. Luetkemeyer, Blaine [R-MO-3]</fullName>
        <middleName />
        <firstName>Blaine</firstName>
        <sponsorshipWithdrawnDate />
        <identifiers>
          <gpoId>8017</gpoId>
          <bioguideId>L000569</bioguideId>
          <lisID>1931</lisID>
        </identifiers>
        <isOriginalCosponsor>False</isOriginalCosponsor>
        <bioguideId>L000569</bioguideId>
      </item>
      <item>
        <sponsorshipDate>2013-03-04</sponsorshipDate>
        <lastName>CAMP</lastName>
        <fullName>Rep. Camp, Dave [R-MI-4]</fullName>
        <middleName />
        <firstName>DAVE</firstName>
        <sponsorshipWithdrawnDate />
        <identifiers>
          <lisID>166</lisID>
          <bioguideId>C000071</bioguideId>
          <gpoId>7989</gpoId>
        </identifiers>
        <isOriginalCosponsor>False</isOriginalCosponsor>
        <bioguideId>C000071</bioguideId>
      </item>
      <item>
        <sponsorshipDate>2013-03-04</sponsorshipDate>
        <lastName>Young</lastName>
        <fullName>Rep. Young, C. W. Bill [R-FL-13]</fullName>
        <middleName>Bill</middleName>
        <firstName>C. W.</firstName>
        <sponsorshipWithdrawnDate />
        <identifiers>
          <gpoId>7882</gpoId>
          <bioguideId>Y000031</bioguideId>
          <lisID>1255</lisID>
        </identifiers>
        <isOriginalCosponsor>False</isOriginalCosponsor>
        <bioguideId>Y000031</bioguideId>
      </item>
      <item>
        <sponsorshipDate>2013-03-04</sponsorshipDate>
        <lastName>Cramer</lastName>
        <fullName>Rep. Cramer, Kevin [R-ND-At Large]</fullName>
        <middleName />
        <firstName>Kevin</firstName>
        <sponsorshipWithdrawnDate />
        <identifiers>
          <bioguideId>C001096</bioguideId>
          <lisID>2144</lisID>
          <gpoId />
        </identifiers>
        <isOriginalCosponsor>False</isOriginalCosponsor>
        <bioguideId>C001096</bioguideId>
      </item>
      <item>
        <sponsorshipDate>2013-03-12</sponsorshipDate>
        <lastName>Denham</lastName>
        <fullName>Rep. Denham, Jeff [R-CA-10]</fullName>
        <middleName />
        <firstName>Jeff</firstName>
        <sponsorshipWithdrawnDate />
        <identifiers>
          <bioguideId>D000612</bioguideId>
          <lisID>1995</lisID>
          <gpoId>7824</gpoId>
        </identifiers>
        <isOriginalCosponsor>False</isOriginalCosponsor>
        <bioguideId>D000612</bioguideId>
      </item>
      <item>
        <sponsorshipDate>2013-03-12</sponsorshipDate>
        <lastName>Gowdy</lastName>
        <fullName>Rep. Gowdy, Trey [R-SC-4]</fullName>
        <middleName />
        <firstName>Trey</firstName>
        <sponsorshipWithdrawnDate />
        <identifiers>
          <bioguideId>G000566</bioguideId>
          <lisID>2058</lisID>
          <gpoId>8144</gpoId>
        </identifiers>
        <isOriginalCosponsor>False</isOriginalCosponsor>
        <bioguideId>G000566</bioguideId>
      </item>
      <item>
        <sponsorshipDate>2013-03-13</sponsorshipDate>
        <lastName>Weber</lastName>
        <fullName>Rep. Weber, Randy K. Sr. [R-TX-14]</fullName>
        <middleName>K.</middleName>
        <firstName>Randy</firstName>
        <sponsorshipWithdrawnDate />
        <identifiers>
          <bioguideId>W000814</bioguideId>
          <lisID>2161</lisID>
          <gpoId />
        </identifiers>
        <isOriginalCosponsor>False</isOriginalCosponsor>
        <bioguideId>W000814</bioguideId>
      </item>
      <item>
        <sponsorshipDate>2013-03-13</sponsorshipDate>
        <lastName>Bucshon</lastName>
        <fullName>Rep. Bucshon, Larry [R-IN-8]</fullName>
        <middleName />
        <firstName>Larry</firstName>
        <sponsorshipWithdrawnDate />
        <identifiers>
          <gpoId>7947</gpoId>
          <lisID>2018</lisID>
          <bioguideId>B001275</bioguideId>
        </identifiers>
        <isOriginalCosponsor>False</isOriginalCosponsor>
        <bioguideId>B001275</bioguideId>
      </item>
      <item>
        <sponsorshipDate>2013-03-13</sponsorshipDate>
        <lastName>Gosar</lastName>
        <fullName>Rep. Gosar, Paul A. [R-AZ-4]</fullName>
        <middleName>A.</middleName>
        <firstName>Paul</firstName>
        <sponsorshipWithdrawnDate />
        <identifiers>
          <gpoId>7798</gpoId>
          <lisID>1992</lisID>
          <bioguideId>G000565</bioguideId>
        </identifiers>
        <isOriginalCosponsor>False</isOriginalCosponsor>
        <bioguideId>G000565</bioguideId>
      </item>
      <item>
        <sponsorshipDate>2013-03-18</sponsorshipDate>
        <lastName>Forbes</lastName>
        <fullName>Rep. Forbes, J. Randy [R-VA-4]</fullName>
        <middleName>Randy</middleName>
        <firstName>J.</firstName>
        <sponsorshipWithdrawnDate />
        <identifiers>
          <bioguideId>F000445</bioguideId>
          <lisID>1683</lisID>
          <gpoId>8786</gpoId>
        </identifiers>
        <isOriginalCosponsor>False</isOriginalCosponsor>
        <bioguideId>F000445</bioguideId>
      </item>
      <item>
        <sponsorshipDate>2013-03-21</sponsorshipDate>
        <lastName>Brooks</lastName>
        <fullName>Rep. Brooks, Susan W. [R-IN-5]</fullName>
        <middleName>W.</middleName>
        <firstName>Susan</firstName>
        <sponsorshipWithdrawnDate />
        <identifiers>
          <gpoId />
          <bioguideId>B001284</bioguideId>
          <lisID>2129</lisID>
        </identifiers>
        <isOriginalCosponsor>False</isOriginalCosponsor>
        <bioguideId>B001284</bioguideId>
      </item>
      <item>
        <sponsorshipDate>2013-04-10</sponsorshipDate>
        <lastName>Ryan</lastName>
        <fullName>Rep. Ryan, Paul [R-WI-1]</fullName>
        <middleName>D.</middleName>
        <firstName>Paul</firstName>
        <sponsorshipWithdrawnDate />
        <identifiers>
          <lisID>1560</lisID>
          <bioguideId>R000570</bioguideId>
          <gpoId>8214</gpoId>
        </identifiers>
        <isOriginalCosponsor>False</isOriginalCosponsor>
        <bioguideId>R000570</bioguideId>
      </item>
      <item>
        <sponsorshipDate>2013-04-10</sponsorshipDate>
        <lastName>Gibbs</lastName>
        <fullName>Rep. Gibbs, Bob [R-OH-7]</fullName>
        <middleName />
        <firstName>Bob</firstName>
        <sponsorshipWithdrawnDate />
        <identifiers>
          <bioguideId>G000563</bioguideId>
          <lisID>2049</lisID>
          <gpoId>8108</gpoId>
        </identifiers>
        <isOriginalCosponsor>False</isOriginalCosponsor>
        <bioguideId>G000563</bioguideId>
      </item>
      <item>
        <sponsorshipDate>2013-04-10</sponsorshipDate>
        <lastName>KINGSTON</lastName>
        <fullName>Rep. Kingston, Jack [R-GA-1]</fullName>
        <middleName />
        <firstName>JACK</firstName>
        <sponsorshipWithdrawnDate />
        <identifiers>
          <bioguideId>K000220</bioguideId>
          <lisID>636</lisID>
          <gpoId>7898</gpoId>
        </identifiers>
        <isOriginalCosponsor>False</isOriginalCosponsor>
        <bioguideId>K000220</bioguideId>
      </item>
      <item>
        <sponsorshipDate>2013-04-10</sponsorshipDate>
        <lastName>Roby</lastName>
        <fullName>Rep. Roby, Martha [R-AL-2]</fullName>
        <middleName />
        <firstName>Martha</firstName>
        <sponsorshipWithdrawnDate />
        <identifiers>
          <lisID>1986</lisID>
          <bioguideId>R000591</bioguideId>
          <gpoId>7787</gpoId>
        </identifiers>
        <isOriginalCosponsor>False</isOriginalCosponsor>
        <bioguideId>R000591</bioguideId>
      </item>
      <item>
        <sponsorshipDate>2013-04-17</sponsorshipDate>
        <lastName>Bentivolio</lastName>
        <fullName>Rep. Bentivolio, Kerry L. [R-MI-11]</fullName>
        <middleName>L.</middleName>
        <firstName>Kerry</firstName>
        <sponsorshipWithdrawnDate />
        <identifiers>
          <bioguideId>B001280</bioguideId>
          <lisID>2135</lisID>
          <gpoId />
        </identifiers>
        <isOriginalCosponsor>False</isOriginalCosponsor>
        <bioguideId>B001280</bioguideId>
      </item>
      <item>
        <sponsorshipDate>2013-04-23</sponsorshipDate>
        <lastName>Bridenstine</lastName>
        <fullName>Rep. Bridenstine, Jim [R-OK-1]</fullName>
        <middleName />
        <firstName>Jim</firstName>
        <sponsorshipWithdrawnDate />
        <identifiers>
          <lisID>2155</lisID>
          <bioguideId>B001283</bioguideId>
          <gpoId />
        </identifiers>
        <isOriginalCosponsor>False</isOriginalCosponsor>
        <bioguideId>B001283</bioguideId>
      </item>
      <item>
        <sponsorshipDate>2013-04-23</sponsorshipDate>
        <lastName>WOLF</lastName>
        <fullName>Rep. Wolf, Frank R. [R-VA-10]</fullName>
        <middleName>R.</middleName>
        <firstName>FRANK</firstName>
        <sponsorshipWithdrawnDate />
        <identifiers>
          <gpoId>8201</gpoId>
          <bioguideId>W000672</bioguideId>
          <lisID>1238</lisID>
        </identifiers>
        <isOriginalCosponsor>False</isOriginalCosponsor>
        <bioguideId>W000672</bioguideId>
      </item>
      <item>
        <sponsorshipDate>2013-05-03</sponsorshipDate>
        <lastName>Lankford</lastName>
        <fullName>Rep. Lankford, James [R-OK-5]</fullName>
        <middleName />
        <firstName>James</firstName>
        <sponsorshipWithdrawnDate />
        <identifiers>
          <gpoId>8113</gpoId>
          <lisID>2050</lisID>
          <bioguideId>L000575</bioguideId>
        </identifiers>
        <isOriginalCosponsor>False</isOriginalCosponsor>
        <bioguideId>L000575</bioguideId>
      </item>
      <item>
        <sponsorshipDate>2013-05-16</sponsorshipDate>
        <lastName>SHIMKUS</lastName>
        <fullName>Rep. Shimkus, John [R-IL-15]</fullName>
        <middleName>M.</middleName>
        <firstName>JOHN</firstName>
        <sponsorshipWithdrawnDate />
        <identifiers>
          <bioguideId>S000364</bioguideId>
          <lisID>1527</lisID>
          <gpoId>7939</gpoId>
        </identifiers>
        <isOriginalCosponsor>False</isOriginalCosponsor>
        <bioguideId>S000364</bioguideId>
      </item>
      <item>
        <sponsorshipDate>2013-06-05</sponsorshipDate>
        <lastName>Kinzinger</lastName>
        <fullName>Rep. Kinzinger, Adam [R-IL-16]</fullName>
        <middleName />
        <firstName>Adam</firstName>
        <sponsorshipWithdrawnDate />
        <identifiers>
          <bioguideId>K000378</bioguideId>
          <lisID>2014</lisID>
          <gpoId>7931</gpoId>
        </identifiers>
        <isOriginalCosponsor>False</isOriginalCosponsor>
        <bioguideId>K000378</bioguideId>
      </item>
      <item>
        <sponsorshipDate>2013-07-16</sponsorshipDate>
        <lastName>Barletta</lastName>
        <fullName>Rep. Barletta, Lou [R-PA-11]</fullName>
        <middleName />
        <firstName>Lou</firstName>
        <sponsorshipWithdrawnDate />
        <identifiers>
          <gpoId>8129</gpoId>
          <bioguideId>B001269</bioguideId>
          <lisID>2054</lisID>
        </identifiers>
        <isOriginalCosponsor>False</isOriginalCosponsor>
        <bioguideId>B001269</bioguideId>
      </item>
      <item>
        <sponsorshipDate>2013-09-17</sponsorshipDate>
        <lastName>Duncan</lastName>
        <fullName>Rep. Duncan, Jeff [R-SC-3]</fullName>
        <middleName />
        <firstName>Jeff</firstName>
        <sponsorshipWithdrawnDate />
        <identifiers>
          <lisID>2057</lisID>
          <gpoId>8143</gpoId>
          <bioguideId>D000615</bioguideId>
        </identifiers>
        <isOriginalCosponsor>False</isOriginalCosponsor>
        <bioguideId>D000615</bioguideId>
      </item>
      <item>
        <sponsorshipDate>2013-09-17</sponsorshipDate>
        <lastName>Buchanan</lastName>
        <fullName>Rep. Buchanan, Vern [R-FL-16]</fullName>
        <middleName />
        <firstName>Vern</firstName>
        <sponsorshipWithdrawnDate />
        <identifiers>
          <bioguideId>B001260</bioguideId>
          <lisID>1840</lisID>
          <gpoId>7885</gpoId>
        </identifiers>
        <isOriginalCosponsor>False</isOriginalCosponsor>
        <bioguideId>B001260</bioguideId>
      </item>
      <item>
        <sponsorshipDate>2013-09-17</sponsorshipDate>
        <lastName>LaMalfa</lastName>
        <fullName>Rep. LaMalfa, Doug [R-CA-1]</fullName>
        <middleName />
        <firstName>Doug</firstName>
        <sponsorshipWithdrawnDate />
        <identifiers>
          <gpoId />
          <lisID>2100</lisID>
          <bioguideId>L000578</bioguideId>
        </identifiers>
        <isOriginalCosponsor>False</isOriginalCosponsor>
        <bioguideId>L000578</bioguideId>
      </item>
      <item>
        <sponsorshipDate>2013-09-17</sponsorshipDate>
        <lastName>Labrador</lastName>
        <fullName>Rep. Labrador, Raul R. [R-ID-1]</fullName>
        <middleName>R.</middleName>
        <firstName>Raul</firstName>
        <sponsorshipWithdrawnDate />
        <identifiers>
          <gpoId>7919</gpoId>
          <lisID>2011</lisID>
          <bioguideId>L000573</bioguideId>
        </identifiers>
        <isOriginalCosponsor>False</isOriginalCosponsor>
        <bioguideId>L000573</bioguideId>
      </item>
      <item>
        <sponsorshipDate>2013-09-27</sponsorshipDate>
        <lastName>Foxx</lastName>
        <fullName>Rep. Foxx, Virginia [R-NC-5]</fullName>
        <middleName />
        <firstName>Virginia</firstName>
        <sponsorshipWithdrawnDate />
        <identifiers>
          <bioguideId>F000450</bioguideId>
          <lisID>1791</lisID>
          <gpoId>8028</gpoId>
        </identifiers>
        <isOriginalCosponsor>False</isOriginalCosponsor>
        <bioguideId>F000450</bioguideId>
      </item>
      <item>
        <sponsorshipDate>2013-10-09</sponsorshipDate>
        <lastName>Fitzpatrick</lastName>
        <fullName>Rep. Fitzpatrick, Michael G. [R-PA-8]</fullName>
        <middleName>G.</middleName>
        <firstName>Michael</firstName>
        <sponsorshipWithdrawnDate />
        <identifiers>
          <gpoId>8126</gpoId>
          <lisID>1797</lisID>
          <bioguideId>F000451</bioguideId>
        </identifiers>
        <isOriginalCosponsor>False</isOriginalCosponsor>
        <bioguideId>F000451</bioguideId>
      </item>
      <item>
        <sponsorshipDate>2013-11-13</sponsorshipDate>
        <lastName>McHenry</lastName>
        <fullName>Rep. McHenry, Patrick T. [R-NC-10]</fullName>
        <middleName />
        <firstName>Patrick</firstName>
        <sponsorshipWithdrawnDate />
        <identifiers>
          <bioguideId>M001156</bioguideId>
          <lisID>1792</lisID>
          <gpoId>8033</gpoId>
        </identifiers>
        <isOriginalCosponsor>False</isOriginalCosponsor>
        <bioguideId>M001156</bioguideId>
      </item>
      <item>
        <sponsorshipDate>2014-01-08</sponsorshipDate>
        <lastName>Jenkins</lastName>
        <fullName>Rep. Jenkins, Lynn [R-KS-2]</fullName>
        <middleName />
        <firstName>Lynn</firstName>
        <sponsorshipWithdrawnDate />
        <identifiers>
          <gpoId>7950</gpoId>
          <bioguideId>J000290</bioguideId>
          <lisID>1921</lisID>
        </identifiers>
        <isOriginalCosponsor>False</isOriginalCosponsor>
        <bioguideId>J000290</bioguideId>
      </item>
      <item>
        <sponsorshipDate>2014-01-15</sponsorshipDate>
        <lastName>Wagner</lastName>
        <fullName>Rep. Wagner, Ann [R-MO-2]</fullName>
        <middleName />
        <firstName>Ann</firstName>
        <sponsorshipWithdrawnDate />
        <identifiers>
          <gpoId />
          <bioguideId>W000812</bioguideId>
          <lisID>2137</lisID>
        </identifiers>
        <isOriginalCosponsor>False</isOriginalCosponsor>
        <bioguideId>W000812</bioguideId>
      </item>
      <item>
        <sponsorshipDate>2014-03-05</sponsorshipDate>
        <lastName>Smith</lastName>
        <fullName>Rep. Smith, Adrian [R-NE-3]</fullName>
        <middleName />
        <firstName>Adrian</firstName>
        <sponsorshipWithdrawnDate />
        <identifiers>
          <lisID>1860</lisID>
          <gpoId>8040</gpoId>
          <bioguideId>S001172</bioguideId>
        </identifiers>
        <isOriginalCosponsor>False</isOriginalCosponsor>
        <bioguideId>S001172</bioguideId>
      </item>
      <item>
        <sponsorshipDate>2014-04-28</sponsorshipDate>
        <lastName>Gingrey</lastName>
        <fullName>Rep. Gingrey, Phil [R-GA-11]</fullName>
        <middleName />
        <firstName>Phil</firstName>
        <sponsorshipWithdrawnDate />
        <identifiers>
          <bioguideId>G000550</bioguideId>
          <lisID>1720</lisID>
          <gpoId>7908</gpoId>
        </identifiers>
        <isOriginalCosponsor>False</isOriginalCosponsor>
        <bioguideId>G000550</bioguideId>
      </item>
      <item>
        <sponsorshipDate>2014-06-25</sponsorshipDate>
        <lastName>Jolly</lastName>
        <fullName>Rep. Jolly, David [R-FL-13]</fullName>
        <middleName>W.</middleName>
        <firstName>David</firstName>
        <sponsorshipWithdrawnDate />
        <identifiers>
          <gpoId />
          <bioguideId>J000296</bioguideId>
          <lisID>2199</lisID>
        </identifiers>
        <isOriginalCosponsor>False</isOriginalCosponsor>
        <bioguideId>J000296</bioguideId>
      </item>
    </cosponsors>
    <sponsors>
      <item>
        <middleName />
        <firstName>ILEANA</firstName>
        <byRequestType />
        <bioguideId>R000435</bioguideId>
        <fullName>Rep. Ros-Lehtinen, Ileana [R-FL-27]</fullName>
        <lastName>ROS-LEHTINEN</lastName>
        <identifiers>
          <gpoId>7890</gpoId>
          <bioguideId>R000435</bioguideId>
          <lisID>985</lisID>
        </identifiers>
      </item>
    </sponsors>
    <subjects>
      <billSubjects>
        <legislativeSubjects>
          <item>
            <name>Abortion</name>
          </item>
          <item>
            <name>Child health</name>
          </item>
          <item>
            <name>Civil actions and liability</name>
          </item>
          <item>
            <name>Criminal procedure and sentencing</name>
          </item>
          <item>
            <name>Family relationships</name>
          </item>
          <item>
            <name>Health personnel</name>
          </item>
          <item>
            <name>Separation, divorce, custody, support</name>
          </item>
          <item>
            <name>Teenage pregnancy</name>
          </item>
        </legislativeSubjects>
        <policyArea>
          <name>Crime and Law Enforcement</name>
        </policyArea>
      </billSubjects>
    </subjects>
    <updateDate>2016-10-25T15:59:18Z</updateDate>
    <originChamber>House</originChamber>
    <billNumber>732</billNumber>
    <titles>
      <item>
        <title>Child Interstate Abortion Notification Act</title>
        <titleType>Short Titles as Introduced</titleType>
        <parentTitleType />
        <chamberName />
        <chamberCode />
      </item>
      <item>
        <title>To amend title 18, United States Code, to prohibit taking minors across State lines in circumvention of laws requiring the involvement of parents in abortion decisions.</title>
        <titleType>Official Title as Introduced</titleType>
        <parentTitleType />
        <chamberName />
        <chamberCode />
      </item>
      <item>
        <title>Child Interstate Abortion Notification Act</title>
        <titleType>Display Title</titleType>
        <parentTitleType />
        <chamberName />
        <chamberCode />
      </item>
    </titles>
    <createDate>2013-02-15T07:00:52Z</createDate>
    <congress>113</congress>
    <introducedDate>2013-02-14</introducedDate>
    <latestAction>
      <links />
      <actionDate>2013-04-08</actionDate>
      <text>Referred to the Subcommittee on Crime, Terrorism, Homeland Security, And Investigations.</text>
    </latestAction>
    <laws />
    <relatedBills>
      <item>
        <type>S</type>
        <congress>113</congress>
        <latestTitle>Child Custody Protection Act of 2013</latestTitle>
        <latestAction>
          <actionDate>2013-01-22</actionDate>
          <text>Read twice and referred to the Committee on the Judiciary. (consideration: CR S716-717; text as passed Senate: CR S716-717)</text>
        </latestAction>
        <relationshipDetails>
          <item>
            <identifiedBy>CRS</identifiedBy>
            <type>Related bill</type>
          </item>
        </relationshipDetails>
        <number>32</number>
      </item>
      <item>
        <type>S</type>
        <congress>113</congress>
        <latestTitle>Child Interstate Abortion Notification Act</latestTitle>
        <latestAction>
          <actionDate>2013-02-14</actionDate>
          <text>Read twice and referred to the Committee on the Judiciary.</text>
        </latestAction>
        <relationshipDetails>
          <item>
            <identifiedBy>CRS</identifiedBy>
            <type>Identical bill</type>
          </item>
        </relationshipDetails>
        <number>369</number>
      </item>
    </relatedBills>
    <notes />
    <recordedVotes />
    <cboCostEstimates />
    <policyArea>
      <name>Crime and Law Enforcement</name>
    </policyArea>
    <billType>HR</billType>
    <constitutionalAuthorityStatementText><![CDATA[<pre>By Ms. ROS-LEHTINEN:H.R. 732.Congress has the power to enact this legislation pursuantto the following:This bill is enacted pursuant to the power granted toCongress under Article I, Section 8, Clause 3 of the UnitedStates Constitution.[Page H549]</pre>]]></constitutionalAuthorityStatementText>
    <committees>
      <billCommittees>
        <item>
          <subcommittees>
            <item>
              <systemCode>hsju08</systemCode>
              <activities>
                <item>
                  <name>Referred to</name>
                  <date>2013-04-08T21:15:34Z</date>
                </item>
              </activities>
              <name>Crime, Terrorism, Homeland Security, and Investigations Subcommittee</name>
            </item>
            <item>
              <systemCode>hsju10</systemCode>
              <activities>
                <item>
                  <name>Referred to</name>
                  <date>2013-04-08T15:58:57Z</date>
                </item>
              </activities>
              <name>Constitution and Civil Justice Subcommittee</name>
            </item>
          </subcommittees>
          <activities>
            <item>
              <name>Referred to</name>
              <date>2013-02-14T15:03:45Z</date>
            </item>
          </activities>
          <type>Standing</type>
          <systemCode>hsju00</systemCode>
          <chamber>House</chamber>
          <name>Judiciary Committee</name>
        </item>
      </billCommittees>
    </committees>
    <amendments />
    <summaries>
      <billSummaries>
        <item>
          <lastSummaryUpdateDate>2013-02-27T22:06:45Z</lastSummaryUpdateDate>
          <text><![CDATA[<p>Child Interstate Abortion Notification Act - Amends the federal criminal code to prohibit transporting a minor child across a state line to obtain an abortion (deems such transporting to be a de facto abridgment of the right of a parent under any law in the minor&#146;s state of residence that requires parental involvement in the minor&#146;s abortion decision). Makes an exception for an abortion necessary to save the life of the minor. </p> <p>Makes it an affirmative defense to a prosecution or civil action under this Act that a defendant: (1) reasonably believed that before the minor obtained the abortion, the required parental consent or notification or judicial authorization took place; or (2) was presented with documentation showing that a court waived parental notification requirements or authorized the minor's abortion.</p> <p>Defines &quot;abortion&quot; to mean the use or prescription of any instrument, medicine, drug, or any other substance or device: (1) to intentionally kill the unborn child of a woman known to be pregnant; or (2) to intentionally prematurely terminate the pregnancy of a woman known to be pregnant with an intention other than to increase the probability of a live birth or of preserving the life or health of the child after live birth, or to remove a dead unborn child. </p> <p>Imposes a fine and/or prison term of up to one year on a physician who performs or induces an abortion on an out-of-state minor in violation of parental notification requirements. Requires such physician to give 24-hour actual or constructive notice to a parent of the minor seeking an abortion, subject to certain exceptions. </p>]]></text>
          <updateDate>2013-02-14T05:00:00Z</updateDate>
          <actionDesc>Introduced in House</actionDesc>
          <name>Introduced in House</name>
          <versionCode>00</versionCode>
          <actionDate>2013-02-14</actionDate>
        </item>
      </billSummaries>
    </summaries>
    <calendarNumbers />
    <committeeReports />
  </bill>
  <dublinCore xmlns:dc="http://purl.org/dc/elements/1.1/">
    <dc:format>text/xml</dc:format>
    <dc:language>EN</dc:language>
    <dc:rights>Pursuant to Title 17 Section 105 of the United States Code, this file is not subject to copyright protection and is in the public domain.</dc:rights>
    <dc:contributor>Congressional Research Service, Library of Congress</dc:contributor>
    <dc:description>This file contains bill summaries and statuses for federal legislation. A bill summary describes the most significant provisions of a piece of legislation and details the effects the legislative text may have on current law and federal programs. Bill summaries are authored by the Congressional Research Service (CRS) of the Library of Congress. As stated in Public Law 91-510 (2 USC 166 (d)(6)), one of the duties of CRS is "to prepare summaries and digests of bills and resolutions of a public general nature introduced in the Senate or House of Representatives". For more information, refer to the User Guide that accompanies this file.</dc:description>
  </dublinCore>
</billStatus>

