<?xml version="1.0" encoding="UTF-8"?>
<billStatus>
  <bill>
    <billNumber>1102</billNumber>
    <titles>
      <item>
        <chamberCode />
        <parentTitleType />
        <titleType>Short Titles as Introduced</titleType>
        <title>Medicare Prescription Drug Price Negotiation Act of 2013</title>
        <chamberName />
      </item>
      <item>
        <chamberCode />
        <parentTitleType />
        <titleType>Official Title as Introduced</titleType>
        <title>To amend part D of title XVIII of the Social Security Act to require the Secretary of Health and Human Services to negotiate covered part D drug prices on behalf of Medicare beneficiaries.</title>
        <chamberName />
      </item>
      <item>
        <chamberCode />
        <parentTitleType />
        <titleType>Display Title</titleType>
        <title>Medicare Prescription Drug Price Negotiation Act of 2013</title>
        <chamberName />
      </item>
    </titles>
    <actions>
      <item>
        <actionDate>2013-04-11</actionDate>
        <committee>
          <systemCode>hswm02</systemCode>
          <name>Health Subcommittee</name>
        </committee>
        <links />
        <sourceSystem>
          <name>House committee actions</name>
          <code>1</code>
        </sourceSystem>
        <text>Referred to the Subcommittee on Health.</text>
        <type>Committee</type>
      </item>
      <item>
        <actionDate>2013-03-15</actionDate>
        <committee>
          <systemCode>hsif14</systemCode>
          <name>Health Subcommittee</name>
        </committee>
        <links />
        <sourceSystem>
          <name>House committee actions</name>
          <code>1</code>
        </sourceSystem>
        <text>Referred to the Subcommittee on Health.</text>
        <type>Committee</type>
      </item>
      <item>
        <committee>
          <systemCode>hswm00</systemCode>
          <name>Ways and Means Committee</name>
        </committee>
        <type>IntroReferral</type>
        <links />
        <actionCode>H11100</actionCode>
        <sourceSystem>
          <name>House floor actions</name>
          <code>2</code>
        </sourceSystem>
        <actionDate>2013-03-12</actionDate>
        <text>Referred to House Ways and Means</text>
      </item>
      <item>
        <committee>
          <systemCode>hsif00</systemCode>
          <name>Energy and Commerce Committee</name>
        </committee>
        <type>IntroReferral</type>
        <links />
        <actionCode>H11100</actionCode>
        <sourceSystem>
          <name>House floor actions</name>
          <code>2</code>
        </sourceSystem>
        <actionDate>2013-03-12</actionDate>
        <text>Referred to House Energy and Commerce</text>
      </item>
      <item>
        <committee />
        <type>IntroReferral</type>
        <links />
        <actionCode>H11100-A</actionCode>
        <sourceSystem>
          <name>Library of Congress</name>
          <code>9</code>
        </sourceSystem>
        <actionDate>2013-03-12</actionDate>
        <text>Referred to the Committee on Energy and Commerce, and in addition to the Committee on Ways and Means, for a period to be subsequently determined by the Speaker, in each case for consideration of such provisions as fall within the jurisdiction of the committee concerned.</text>
      </item>
      <item>
        <committee />
        <type>IntroReferral</type>
        <links />
        <actionCode>Intro-H</actionCode>
        <sourceSystem>
          <name>Library of Congress</name>
          <code>9</code>
        </sourceSystem>
        <actionDate>2013-03-12</actionDate>
        <text>Introduced in House</text>
      </item>
      <item>
        <committee />
        <type>IntroReferral</type>
        <links />
        <actionCode>1000</actionCode>
        <sourceSystem>
          <name>Library of Congress</name>
          <code>9</code>
        </sourceSystem>
        <actionDate>2013-03-12</actionDate>
        <text>Introduced in House</text>
      </item>
      <actionByCounts>
        <houseOfRepresentatives>7</houseOfRepresentatives>
      </actionByCounts>
      <actionTypeCounts>
        <billReferrals>2</billReferrals>
        <introducedInTheHouse>1</introducedInTheHouse>
        <placeholderTextForH>2</placeholderTextForH>
        <billReferralsAggregate>1</billReferralsAggregate>
        <introducedInHouse>1</introducedInHouse>
      </actionTypeCounts>
    </actions>
    <updateDate>2016-10-25T16:00:36Z</updateDate>
    <summaries>
      <billSummaries>
        <item>
          <updateDate>2013-03-12T04:00:00Z</updateDate>
          <actionDate>2013-03-12</actionDate>
          <lastSummaryUpdateDate>2013-03-29T14:19:15Z</lastSummaryUpdateDate>
          <text><![CDATA[<p>Medicare Prescription Drug Price Negotiation Act of 2013 - Amends part D (Voluntary Prescription Drug Benefit Program) of title XVIII (Medicare) of the Social Security Act to direct the Secretary of Health and Human Services (HHS) to negotiate with pharmaceutical manufacturers the prices that may be charged to Medicare part D prescription drug plan (PDP) sponsors and MedicareAdvantage (MA) organizations for covered part D drugs for part D eligible individuals who are enrolled under a PDP or under an MA-Prescription Drug (MA-PD) plan.</p>]]></text>
          <versionCode>00</versionCode>
          <actionDesc>Introduced in House</actionDesc>
          <name>Introduced in House</name>
        </item>
      </billSummaries>
    </summaries>
    <sponsors>
      <item>
        <firstName>Peter</firstName>
        <fullName>Rep. Welch, Peter [D-VT-At Large]</fullName>
        <middleName />
        <bioguideId>W000800</bioguideId>
        <byRequestType />
        <lastName>Welch</lastName>
        <identifiers>
          <lisID>1879</lisID>
          <gpoId>8204</gpoId>
          <bioguideId>W000800</bioguideId>
        </identifiers>
      </item>
    </sponsors>
    <introducedDate>2013-03-12</introducedDate>
    <notes />
    <committees>
      <billCommittees>
        <item>
          <name>Ways and Means Committee</name>
          <type>Standing</type>
          <subcommittees>
            <item>
              <activities>
                <item>
                  <name>Referred to</name>
                  <date>2013-04-11T14:49:52Z</date>
                </item>
              </activities>
              <name>Health Subcommittee</name>
              <systemCode>hswm02</systemCode>
            </item>
          </subcommittees>
          <chamber>House</chamber>
          <activities>
            <item>
              <name>Referred to</name>
              <date>2013-03-12T16:03:50Z</date>
            </item>
          </activities>
          <systemCode>hswm00</systemCode>
        </item>
        <item>
          <name>Energy and Commerce Committee</name>
          <type>Standing</type>
          <subcommittees>
            <item>
              <activities>
                <item>
                  <name>Referred to</name>
                  <date>2013-03-15T18:54:19Z</date>
                </item>
              </activities>
              <name>Health Subcommittee</name>
              <systemCode>hsif14</systemCode>
            </item>
          </subcommittees>
          <chamber>House</chamber>
          <activities>
            <item>
              <name>Referred to</name>
              <date>2013-03-12T16:03:45Z</date>
            </item>
          </activities>
          <systemCode>hsif00</systemCode>
        </item>
      </billCommittees>
    </committees>
    <congress>113</congress>
    <createDate>2013-03-13T07:01:12Z</createDate>
    <policyArea>
      <name>Health</name>
    </policyArea>
    <laws />
    <billType>HR</billType>
    <subjects>
      <billSubjects>
        <policyArea>
          <name>Health</name>
        </policyArea>
        <legislativeSubjects>
          <item>
            <name>Health care costs and insurance</name>
          </item>
          <item>
            <name>Inflation and prices</name>
          </item>
          <item>
            <name>Medicare</name>
          </item>
          <item>
            <name>Prescription drugs</name>
          </item>
          <item>
            <name>Public contracts and procurement</name>
          </item>
        </legislativeSubjects>
      </billSubjects>
    </subjects>
    <cosponsors>
      <item>
        <sponsorshipWithdrawnDate />
        <bioguideId>C001066</bioguideId>
        <fullName>Rep. Castor, Kathy [D-FL-14]</fullName>
        <lastName>Castor</lastName>
        <isOriginalCosponsor>True</isOriginalCosponsor>
        <identifiers>
          <gpoId>7883</gpoId>
          <lisID>1839</lisID>
          <bioguideId>C001066</bioguideId>
        </identifiers>
        <middleName />
        <sponsorshipDate>2013-03-12</sponsorshipDate>
        <firstName>Kathy</firstName>
      </item>
      <item>
        <sponsorshipWithdrawnDate />
        <bioguideId>C001084</bioguideId>
        <fullName>Rep. Cicilline, David N. [D-RI-1]</fullName>
        <lastName>Cicilline</lastName>
        <isOriginalCosponsor>True</isOriginalCosponsor>
        <identifiers>
          <bioguideId>C001084</bioguideId>
          <lisID>2055</lisID>
          <gpoId>8139</gpoId>
        </identifiers>
        <middleName>N.</middleName>
        <sponsorshipDate>2013-03-12</sponsorshipDate>
        <firstName>David</firstName>
      </item>
      <item>
        <sponsorshipWithdrawnDate />
        <bioguideId>C000714</bioguideId>
        <fullName>Rep. Conyers, John, Jr. [D-MI-13]</fullName>
        <lastName>CONYERS</lastName>
        <isOriginalCosponsor>True</isOriginalCosponsor>
        <identifiers>
          <gpoId>7999</gpoId>
          <lisID>229</lisID>
          <bioguideId>C000714</bioguideId>
        </identifiers>
        <middleName />
        <sponsorshipDate>2013-03-12</sponsorshipDate>
        <firstName>JOHN</firstName>
      </item>
      <item>
        <sponsorshipWithdrawnDate />
        <bioguideId>E000288</bioguideId>
        <fullName>Rep. Ellison, Keith [D-MN-5]</fullName>
        <lastName>Ellison</lastName>
        <isOriginalCosponsor>True</isOriginalCosponsor>
        <identifiers>
          <lisID>1857</lisID>
          <gpoId>8005</gpoId>
          <bioguideId>E000288</bioguideId>
        </identifiers>
        <middleName />
        <sponsorshipDate>2013-03-12</sponsorshipDate>
        <firstName>Keith</firstName>
      </item>
      <item>
        <sponsorshipWithdrawnDate />
        <bioguideId>C001049</bioguideId>
        <fullName>Rep. Clay, Wm. Lacy [D-MO-1]</fullName>
        <lastName>CLAY</lastName>
        <isOriginalCosponsor>True</isOriginalCosponsor>
        <identifiers>
          <lisID>1654</lisID>
          <bioguideId>C001049</bioguideId>
          <gpoId>8009</gpoId>
        </identifiers>
        <middleName>LACY</middleName>
        <sponsorshipDate>2013-03-12</sponsorshipDate>
        <firstName>WM.</firstName>
      </item>
      <item>
        <sponsorshipWithdrawnDate />
        <bioguideId>M001160</bioguideId>
        <fullName>Rep. Moore, Gwen [D-WI-4]</fullName>
        <lastName>Moore</lastName>
        <isOriginalCosponsor>True</isOriginalCosponsor>
        <identifiers>
          <gpoId>8217</gpoId>
          <bioguideId>M001160</bioguideId>
          <lisID>1811</lisID>
        </identifiers>
        <middleName />
        <sponsorshipDate>2013-03-12</sponsorshipDate>
        <firstName>Gwen</firstName>
      </item>
      <item>
        <sponsorshipWithdrawnDate />
        <bioguideId>S000480</bioguideId>
        <fullName>Rep. Slaughter, Louise McIntosh [D-NY-25]</fullName>
        <lastName>SLAUGHTER</lastName>
        <isOriginalCosponsor>True</isOriginalCosponsor>
        <identifiers>
          <bioguideId>S000480</bioguideId>
          <lisID>1069</lisID>
          <gpoId>8089</gpoId>
        </identifiers>
        <middleName>M.</middleName>
        <sponsorshipDate>2013-03-12</sponsorshipDate>
        <firstName>LOUISE</firstName>
      </item>
      <item>
        <sponsorshipWithdrawnDate />
        <bioguideId>Y000062</bioguideId>
        <fullName>Rep. Yarmuth, John A. [D-KY-3]</fullName>
        <lastName>Yarmuth</lastName>
        <isOriginalCosponsor>True</isOriginalCosponsor>
        <identifiers>
          <gpoId>7955</gpoId>
          <lisID>1853</lisID>
          <bioguideId>Y000062</bioguideId>
        </identifiers>
        <middleName>A.</middleName>
        <sponsorshipDate>2013-03-12</sponsorshipDate>
        <firstName>John</firstName>
      </item>
      <item>
        <sponsorshipWithdrawnDate />
        <bioguideId>M001149</bioguideId>
        <fullName>Rep. Michaud, Michael H. [D-ME-2]</fullName>
        <lastName>Michaud</lastName>
        <isOriginalCosponsor>True</isOriginalCosponsor>
        <identifiers>
          <bioguideId>M001149</bioguideId>
          <lisID>1730</lisID>
          <gpoId>7985</gpoId>
        </identifiers>
        <middleName>H.</middleName>
        <sponsorshipDate>2013-03-12</sponsorshipDate>
        <firstName>Michael</firstName>
      </item>
      <item>
        <sponsorshipWithdrawnDate />
        <bioguideId>S001145</bioguideId>
        <fullName>Rep. Schakowsky, Janice D. [D-IL-9]</fullName>
        <lastName>SCHAKOWSKY</lastName>
        <isOriginalCosponsor>True</isOriginalCosponsor>
        <identifiers>
          <lisID>1588</lisID>
          <gpoId>7929</gpoId>
          <bioguideId>S001145</bioguideId>
        </identifiers>
        <middleName>D.</middleName>
        <sponsorshipDate>2013-03-12</sponsorshipDate>
        <firstName>JANICE</firstName>
      </item>
      <item>
        <sponsorshipWithdrawnDate />
        <bioguideId>N000147</bioguideId>
        <fullName>Rep. Norton, Eleanor Holmes [D-DC-At Large]</fullName>
        <lastName>NORTON</lastName>
        <isOriginalCosponsor>False</isOriginalCosponsor>
        <identifiers>
          <gpoId>7871</gpoId>
          <bioguideId>N000147</bioguideId>
          <lisID>868</lisID>
        </identifiers>
        <middleName>HOLMES</middleName>
        <sponsorshipDate>2013-03-13</sponsorshipDate>
        <firstName>ELEANOR</firstName>
      </item>
      <item>
        <sponsorshipWithdrawnDate />
        <bioguideId>L000397</bioguideId>
        <fullName>Rep. Lofgren, Zoe [D-CA-19]</fullName>
        <lastName>LOFGREN</lastName>
        <isOriginalCosponsor>False</isOriginalCosponsor>
        <identifiers>
          <gpoId>7821</gpoId>
          <lisID>701</lisID>
          <bioguideId>L000397</bioguideId>
        </identifiers>
        <middleName />
        <sponsorshipDate>2013-03-13</sponsorshipDate>
        <firstName>ZOE</firstName>
      </item>
      <item>
        <sponsorshipWithdrawnDate />
        <bioguideId>D000191</bioguideId>
        <fullName>Rep. DeFazio, Peter A. [D-OR-4]</fullName>
        <lastName>DEFAZIO</lastName>
        <isOriginalCosponsor>False</isOriginalCosponsor>
        <identifiers>
          <bioguideId>D000191</bioguideId>
          <lisID>279</lisID>
          <gpoId>8117</gpoId>
        </identifiers>
        <middleName>A.</middleName>
        <sponsorshipDate>2013-03-13</sponsorshipDate>
        <firstName>PETER</firstName>
      </item>
      <item>
        <sponsorshipWithdrawnDate />
        <bioguideId>G000551</bioguideId>
        <fullName>Rep. Grijalva, Raul M. [D-AZ-3]</fullName>
        <lastName>Grijalva</lastName>
        <isOriginalCosponsor>False</isOriginalCosponsor>
        <identifiers>
          <lisID>1708</lisID>
          <bioguideId>G000551</bioguideId>
          <gpoId>7804</gpoId>
        </identifiers>
        <middleName>M.</middleName>
        <sponsorshipDate>2013-03-14</sponsorshipDate>
        <firstName>Raul</firstName>
      </item>
      <item>
        <sponsorshipWithdrawnDate />
        <bioguideId>T000472</bioguideId>
        <fullName>Rep. Takano, Mark [D-CA-41]</fullName>
        <lastName>Takano</lastName>
        <isOriginalCosponsor>False</isOriginalCosponsor>
        <identifiers>
          <gpoId />
          <lisID>2110</lisID>
          <bioguideId>T000472</bioguideId>
        </identifiers>
        <middleName />
        <sponsorshipDate>2013-03-14</sponsorshipDate>
        <firstName>Mark</firstName>
      </item>
      <item>
        <sponsorshipWithdrawnDate />
        <bioguideId>S000185</bioguideId>
        <fullName>Rep. Scott, Robert C. "Bobby" [D-VA-3]</fullName>
        <lastName>Scott</lastName>
        <isOriginalCosponsor>False</isOriginalCosponsor>
        <identifiers>
          <gpoId>8194</gpoId>
          <lisID>1037</lisID>
          <bioguideId>S000185</bioguideId>
        </identifiers>
        <middleName>C. "Bobby"</middleName>
        <sponsorshipDate>2013-03-14</sponsorshipDate>
        <firstName>Robert</firstName>
      </item>
      <item>
        <sponsorshipWithdrawnDate />
        <bioguideId>O000169</bioguideId>
        <fullName>Rep. Owens, William L. [D-NY-21]</fullName>
        <lastName>Owens</lastName>
        <isOriginalCosponsor>False</isOriginalCosponsor>
        <identifiers>
          <bioguideId>O000169</bioguideId>
          <lisID>1974</lisID>
          <gpoId>8673</gpoId>
        </identifiers>
        <middleName>L.</middleName>
        <sponsorshipDate>2013-03-14</sponsorshipDate>
        <firstName>William</firstName>
      </item>
      <item>
        <sponsorshipWithdrawnDate />
        <bioguideId>A000210</bioguideId>
        <fullName>Rep. Andrews, Robert E. [D-NJ-1]</fullName>
        <lastName>ANDREWS</lastName>
        <isOriginalCosponsor>False</isOriginalCosponsor>
        <identifiers>
          <lisID>21</lisID>
          <bioguideId>A000210</bioguideId>
          <gpoId>8043</gpoId>
        </identifiers>
        <middleName>E.</middleName>
        <sponsorshipDate>2013-03-14</sponsorshipDate>
        <firstName>ROBERT</firstName>
      </item>
      <item>
        <sponsorshipWithdrawnDate />
        <bioguideId>L000563</bioguideId>
        <fullName>Rep. Lipinski, Daniel [D-IL-3]</fullName>
        <lastName>Lipinski</lastName>
        <isOriginalCosponsor>False</isOriginalCosponsor>
        <identifiers>
          <gpoId>7923</gpoId>
          <lisID>1781</lisID>
          <bioguideId>L000563</bioguideId>
        </identifiers>
        <middleName>William</middleName>
        <sponsorshipDate>2013-03-14</sponsorshipDate>
        <firstName>Daniel</firstName>
      </item>
      <item>
        <sponsorshipWithdrawnDate />
        <bioguideId>L000580</bioguideId>
        <fullName>Rep. Lujan Grisham, Michelle [D-NM-1]</fullName>
        <lastName>Lujan Grisham</lastName>
        <isOriginalCosponsor>False</isOriginalCosponsor>
        <identifiers>
          <gpoId />
          <lisID>2146</lisID>
          <bioguideId>L000580</bioguideId>
        </identifiers>
        <middleName />
        <sponsorshipDate>2013-03-14</sponsorshipDate>
        <firstName>Michelle</firstName>
      </item>
      <item>
        <sponsorshipWithdrawnDate />
        <bioguideId>H000324</bioguideId>
        <fullName>Rep. Hastings, Alcee L. [D-FL-20]</fullName>
        <lastName>HASTINGS</lastName>
        <isOriginalCosponsor>False</isOriginalCosponsor>
        <identifiers>
          <bioguideId>H000324</bioguideId>
          <lisID>511</lisID>
          <gpoId>7895</gpoId>
        </identifiers>
        <middleName>L.</middleName>
        <sponsorshipDate>2013-03-14</sponsorshipDate>
        <firstName>ALCEE</firstName>
      </item>
      <item>
        <sponsorshipWithdrawnDate />
        <bioguideId>F000030</bioguideId>
        <fullName>Rep. Farr, Sam [D-CA-20]</fullName>
        <lastName>FARR</lastName>
        <isOriginalCosponsor>False</isOriginalCosponsor>
        <identifiers>
          <gpoId>7822</gpoId>
          <bioguideId>F000030</bioguideId>
          <lisID>368</lisID>
        </identifiers>
        <middleName />
        <sponsorshipDate>2013-03-15</sponsorshipDate>
        <firstName>SAM</firstName>
      </item>
      <item>
        <sponsorshipWithdrawnDate />
        <bioguideId>V000108</bioguideId>
        <fullName>Rep. Visclosky, Peter J. [D-IN-1]</fullName>
        <lastName>VISCLOSKY</lastName>
        <isOriginalCosponsor>False</isOriginalCosponsor>
        <identifiers>
          <lisID>1188</lisID>
          <bioguideId>V000108</bioguideId>
          <gpoId>7940</gpoId>
        </identifiers>
        <middleName>J.</middleName>
        <sponsorshipDate>2013-03-15</sponsorshipDate>
        <firstName>PETER</firstName>
      </item>
      <item>
        <sponsorshipWithdrawnDate />
        <bioguideId>K000382</bioguideId>
        <fullName>Rep. Kuster, Ann M. [D-NH-2]</fullName>
        <lastName>Kuster</lastName>
        <isOriginalCosponsor>False</isOriginalCosponsor>
        <identifiers>
          <bioguideId>K000382</bioguideId>
          <lisID>2145</lisID>
          <gpoId />
        </identifiers>
        <middleName>M.</middleName>
        <sponsorshipDate>2013-03-19</sponsorshipDate>
        <firstName>Ann</firstName>
      </item>
      <item>
        <sponsorshipWithdrawnDate />
        <bioguideId>C001080</bioguideId>
        <fullName>Rep. Chu, Judy [D-CA-27]</fullName>
        <lastName>Chu</lastName>
        <isOriginalCosponsor>False</isOriginalCosponsor>
        <identifiers>
          <lisID>1970</lisID>
          <gpoId>7837</gpoId>
          <bioguideId>C001080</bioguideId>
        </identifiers>
        <middleName />
        <sponsorshipDate>2013-03-19</sponsorshipDate>
        <firstName>Judy</firstName>
      </item>
      <item>
        <sponsorshipWithdrawnDate />
        <bioguideId>B001287</bioguideId>
        <fullName>Rep. Bera, Ami [D-CA-7]</fullName>
        <lastName>Bera</lastName>
        <isOriginalCosponsor>False</isOriginalCosponsor>
        <identifiers>
          <bioguideId>B001287</bioguideId>
          <lisID>2102</lisID>
          <gpoId />
        </identifiers>
        <middleName />
        <sponsorshipDate>2013-03-19</sponsorshipDate>
        <firstName>Ami</firstName>
      </item>
      <item>
        <sponsorshipWithdrawnDate />
        <bioguideId>F000462</bioguideId>
        <fullName>Rep. Frankel, Lois [D-FL-22]</fullName>
        <lastName>Frankel</lastName>
        <isOriginalCosponsor>False</isOriginalCosponsor>
        <identifiers>
          <lisID>2119</lisID>
          <bioguideId>F000462</bioguideId>
          <gpoId />
        </identifiers>
        <middleName />
        <sponsorshipDate>2013-03-19</sponsorshipDate>
        <firstName>Lois</firstName>
      </item>
      <item>
        <sponsorshipWithdrawnDate />
        <bioguideId>L000480</bioguideId>
        <fullName>Rep. Lowey, Nita M. [D-NY-17]</fullName>
        <lastName>LOWEY</lastName>
        <isOriginalCosponsor>False</isOriginalCosponsor>
        <identifiers>
          <bioguideId>L000480</bioguideId>
          <lisID>709</lisID>
          <gpoId>8079</gpoId>
        </identifiers>
        <middleName>M.</middleName>
        <sponsorshipDate>2013-05-06</sponsorshipDate>
        <firstName>NITA</firstName>
      </item>
      <item>
        <sponsorshipWithdrawnDate />
        <bioguideId>R000599</bioguideId>
        <fullName>Rep. Ruiz, Raul [D-CA-36]</fullName>
        <lastName>Ruiz</lastName>
        <isOriginalCosponsor>False</isOriginalCosponsor>
        <identifiers>
          <bioguideId>R000599</bioguideId>
          <lisID>2109</lisID>
          <gpoId />
        </identifiers>
        <middleName />
        <sponsorshipDate>2013-06-04</sponsorshipDate>
        <firstName>Raul</firstName>
      </item>
      <item>
        <sponsorshipWithdrawnDate />
        <bioguideId>C001090</bioguideId>
        <fullName>Rep. Cartwright, Matt [D-PA-17]</fullName>
        <lastName>Cartwright</lastName>
        <isOriginalCosponsor>False</isOriginalCosponsor>
        <identifiers>
          <gpoId />
          <lisID>2159</lisID>
          <bioguideId>C001090</bioguideId>
        </identifiers>
        <middleName />
        <sponsorshipDate>2013-06-04</sponsorshipDate>
        <firstName>Matt</firstName>
      </item>
      <item>
        <sponsorshipWithdrawnDate />
        <bioguideId>B001285</bioguideId>
        <fullName>Rep. Brownley, Julia [D-CA-26]</fullName>
        <lastName>Brownley</lastName>
        <isOriginalCosponsor>False</isOriginalCosponsor>
        <identifiers>
          <bioguideId>B001285</bioguideId>
          <lisID>2106</lisID>
          <gpoId />
        </identifiers>
        <middleName />
        <sponsorshipDate>2013-06-04</sponsorshipDate>
        <firstName>Julia</firstName>
      </item>
      <item>
        <sponsorshipWithdrawnDate />
        <bioguideId>L000560</bioguideId>
        <fullName>Rep. Larsen, Rick [D-WA-2]</fullName>
        <lastName>LARSEN</lastName>
        <isOriginalCosponsor>False</isOriginalCosponsor>
        <identifiers>
          <bioguideId>L000560</bioguideId>
          <lisID>1675</lisID>
          <gpoId>8206</gpoId>
        </identifiers>
        <middleName />
        <sponsorshipDate>2013-06-14</sponsorshipDate>
        <firstName>RICK</firstName>
      </item>
      <item>
        <sponsorshipWithdrawnDate />
        <bioguideId>T000266</bioguideId>
        <fullName>Rep. Tierney, John F. [D-MA-6]</fullName>
        <lastName>TIERNEY</lastName>
        <isOriginalCosponsor>False</isOriginalCosponsor>
        <identifiers>
          <gpoId>7971</gpoId>
          <bioguideId>T000266</bioguideId>
          <lisID>1535</lisID>
        </identifiers>
        <middleName>F.</middleName>
        <sponsorshipDate>2013-06-18</sponsorshipDate>
        <firstName>JOHN</firstName>
      </item>
      <item>
        <sponsorshipWithdrawnDate />
        <bioguideId>S001170</bioguideId>
        <fullName>Rep. Shea-Porter, Carol [D-NH-1]</fullName>
        <lastName>Shea-Porter</lastName>
        <isOriginalCosponsor>False</isOriginalCosponsor>
        <identifiers>
          <lisID>1861</lisID>
          <gpoId>7528</gpoId>
          <bioguideId>S001170</bioguideId>
        </identifiers>
        <middleName />
        <sponsorshipDate>2013-06-18</sponsorshipDate>
        <firstName>Carol</firstName>
      </item>
      <item>
        <sponsorshipWithdrawnDate />
        <bioguideId>B001286</bioguideId>
        <fullName>Rep. Bustos, Cheri [D-IL-17]</fullName>
        <lastName>Bustos</lastName>
        <isOriginalCosponsor>False</isOriginalCosponsor>
        <identifiers>
          <gpoId />
          <lisID>2127</lisID>
          <bioguideId>B001286</bioguideId>
        </identifiers>
        <middleName />
        <sponsorshipDate>2013-07-08</sponsorshipDate>
        <firstName>Cheri</firstName>
      </item>
      <item>
        <sponsorshipWithdrawnDate />
        <bioguideId>M000404</bioguideId>
        <fullName>Rep. McDermott, Jim [D-WA-7]</fullName>
        <lastName>MCDERMOTT</lastName>
        <isOriginalCosponsor>False</isOriginalCosponsor>
        <identifiers>
          <bioguideId>M000404</bioguideId>
          <lisID>766</lisID>
          <gpoId>8211</gpoId>
        </identifiers>
        <middleName />
        <sponsorshipDate>2013-09-10</sponsorshipDate>
        <firstName>JIM</firstName>
      </item>
      <item>
        <sponsorshipWithdrawnDate />
        <bioguideId>N000002</bioguideId>
        <fullName>Rep. Nadler, Jerrold [D-NY-10]</fullName>
        <lastName>NADLER</lastName>
        <isOriginalCosponsor>False</isOriginalCosponsor>
        <identifiers>
          <lisID>850</lisID>
          <bioguideId>N000002</bioguideId>
          <gpoId>8069</gpoId>
        </identifiers>
        <middleName />
        <sponsorshipDate>2013-11-21</sponsorshipDate>
        <firstName>JERROLD</firstName>
      </item>
      <item>
        <sponsorshipWithdrawnDate />
        <bioguideId>D000610</bioguideId>
        <fullName>Rep. Deutch, Theodore E. [D-FL-21]</fullName>
        <lastName>Deutch</lastName>
        <isOriginalCosponsor>False</isOriginalCosponsor>
        <identifiers>
          <gpoId>7891</gpoId>
          <bioguideId>D000610</bioguideId>
          <lisID>1976</lisID>
        </identifiers>
        <middleName>E.</middleName>
        <sponsorshipDate>2013-12-12</sponsorshipDate>
        <firstName>Theodore</firstName>
      </item>
      <item>
        <sponsorshipWithdrawnDate />
        <bioguideId>C001068</bioguideId>
        <fullName>Rep. Cohen, Steve [D-TN-9]</fullName>
        <lastName>Cohen</lastName>
        <isOriginalCosponsor>False</isOriginalCosponsor>
        <identifiers>
          <bioguideId>C001068</bioguideId>
          <lisID>1878</lisID>
          <gpoId>8156</gpoId>
        </identifiers>
        <middleName />
        <sponsorshipDate>2014-03-14</sponsorshipDate>
        <firstName>Steve</firstName>
      </item>
      <item>
        <sponsorshipWithdrawnDate />
        <bioguideId>P000258</bioguideId>
        <fullName>Rep. Peterson, Collin C. [D-MN-7]</fullName>
        <lastName>PETERSON</lastName>
        <isOriginalCosponsor>False</isOriginalCosponsor>
        <identifiers>
          <bioguideId>P000258</bioguideId>
          <lisID>910</lisID>
          <gpoId>8007</gpoId>
        </identifiers>
        <middleName>C.</middleName>
        <sponsorshipDate>2014-12-11</sponsorshipDate>
        <firstName>COLLIN</firstName>
      </item>
    </cosponsors>
    <calendarNumbers />
    <relatedBills>
      <item>
        <latestAction>
          <text>Read twice and referred to the Committee on Finance.</text>
          <actionDate>2013-01-23</actionDate>
        </latestAction>
        <congress>113</congress>
        <latestTitle>Medicare Prescription Drug Price Negotiation Act of 2013</latestTitle>
        <relationshipDetails>
          <item>
            <identifiedBy>CRS</identifiedBy>
            <type>Identical bill</type>
          </item>
        </relationshipDetails>
        <number>117</number>
        <type>S</type>
      </item>
    </relatedBills>
    <amendments />
    <recordedVotes />
    <title>Medicare Prescription Drug Price Negotiation Act of 2013</title>
    <latestAction>
      <actionDate>2013-04-11</actionDate>
      <text>Referred to the Subcommittee on Health.</text>
      <links />
    </latestAction>
    <constitutionalAuthorityStatementText><![CDATA[<pre>By Mr. WELCH:H.R. 1102.Congress has the power to enact this legislation pursuantto the following:Article 1, Section 8, Clause 18, the power to make lawswhich shall be necessary and proper for carrying intoexecution the foregoing powers, and all other powers vestedby this Constitution in the Government of the United States.[Page H1359]</pre>]]></constitutionalAuthorityStatementText>
    <cboCostEstimates />
    <originChamber>House</originChamber>
    <committeeReports />
  </bill>
  <dublinCore xmlns:dc="http://purl.org/dc/elements/1.1/">
    <dc:format>text/xml</dc:format>
    <dc:language>EN</dc:language>
    <dc:rights>Pursuant to Title 17 Section 105 of the United States Code, this file is not subject to copyright protection and is in the public domain.</dc:rights>
    <dc:contributor>Congressional Research Service, Library of Congress</dc:contributor>
    <dc:description>This file contains bill summaries and statuses for federal legislation. A bill summary describes the most significant provisions of a piece of legislation and details the effects the legislative text may have on current law and federal programs. Bill summaries are authored by the Congressional Research Service (CRS) of the Library of Congress. As stated in Public Law 91-510 (2 USC 166 (d)(6)), one of the duties of CRS is "to prepare summaries and digests of bills and resolutions of a public general nature introduced in the Senate or House of Representatives". For more information, refer to the User Guide that accompanies this file.</dc:description>
  </dublinCore>
</billStatus>

