<?xml version="1.0" encoding="UTF-8"?>
<billStatus>
  <bill>
    <actions>
      <actionTypeCounts>
        <placeholderTextForH>1</placeholderTextForH>
        <introducedInTheHouse>1</introducedInTheHouse>
        <billReferrals>1</billReferrals>
        <introducedInHouse>1</introducedInHouse>
      </actionTypeCounts>
      <item>
        <actionDate>2013-02-27</actionDate>
        <committee>
          <name>Water Resources and Environment Subcommittee</name>
          <systemCode>hspw02</systemCode>
        </committee>
        <links />
        <sourceSystem>
          <name>House committee actions</name>
          <code>1</code>
        </sourceSystem>
        <text>Referred to the Subcommittee on Water Resources and Environment.</text>
        <type>Committee</type>
      </item>
      <item>
        <committee>
          <name>Transportation and Infrastructure Committee</name>
          <systemCode>hspw00</systemCode>
        </committee>
        <actionCode>H11100</actionCode>
        <type>IntroReferral</type>
        <sourceSystem>
          <name>House floor actions</name>
          <code>2</code>
        </sourceSystem>
        <links />
        <text>Referred to the House Committee on Transportation and Infrastructure.</text>
        <actionDate>2013-02-26</actionDate>
      </item>
      <item>
        <committee />
        <actionCode>Intro-H</actionCode>
        <type>IntroReferral</type>
        <sourceSystem>
          <name>Library of Congress</name>
          <code>9</code>
        </sourceSystem>
        <links />
        <text>Introduced in House</text>
        <actionDate>2013-02-26</actionDate>
      </item>
      <item>
        <committee />
        <actionCode>1000</actionCode>
        <type>IntroReferral</type>
        <sourceSystem>
          <name>Library of Congress</name>
          <code>9</code>
        </sourceSystem>
        <links />
        <text>Introduced in House</text>
        <actionDate>2013-02-26</actionDate>
      </item>
      <actionByCounts>
        <houseOfRepresentatives>4</houseOfRepresentatives>
      </actionByCounts>
    </actions>
    <title>San Francisco Bay Restoration Act</title>
    <cosponsors>
      <item>
        <firstName>NANCY</firstName>
        <fullName>Rep. Pelosi, Nancy [D-CA-12]</fullName>
        <identifiers>
          <gpoId>7813</gpoId>
          <lisID>905</lisID>
          <bioguideId>P000197</bioguideId>
        </identifiers>
        <bioguideId>P000197</bioguideId>
        <sponsorshipWithdrawnDate />
        <middleName />
        <isOriginalCosponsor>True</isOriginalCosponsor>
        <sponsorshipDate>2013-02-26</sponsorshipDate>
        <lastName>PELOSI</lastName>
      </item>
      <item>
        <firstName>ANNA</firstName>
        <fullName>Rep. Eshoo, Anna G. [D-CA-18]</fullName>
        <identifiers>
          <gpoId>7819</gpoId>
          <bioguideId>E000215</bioguideId>
          <lisID>355</lisID>
        </identifiers>
        <bioguideId>E000215</bioguideId>
        <sponsorshipWithdrawnDate />
        <middleName>G.</middleName>
        <isOriginalCosponsor>True</isOriginalCosponsor>
        <sponsorshipDate>2013-02-26</sponsorshipDate>
        <lastName>ESHOO</lastName>
      </item>
      <item>
        <firstName>John</firstName>
        <fullName>Rep. Garamendi, John [D-CA-3]</fullName>
        <identifiers>
          <gpoId>7815</gpoId>
          <bioguideId>G000559</bioguideId>
          <lisID>1973</lisID>
        </identifiers>
        <bioguideId>G000559</bioguideId>
        <sponsorshipWithdrawnDate />
        <middleName />
        <isOriginalCosponsor>True</isOriginalCosponsor>
        <sponsorshipDate>2013-02-26</sponsorshipDate>
        <lastName>Garamendi</lastName>
      </item>
      <item>
        <firstName>MICHAEL</firstName>
        <fullName>Rep. Honda, Michael M. [D-CA-17]</fullName>
        <identifiers>
          <bioguideId>H001034</bioguideId>
          <lisID>1634</lisID>
          <gpoId>7820</gpoId>
        </identifiers>
        <bioguideId>H001034</bioguideId>
        <sponsorshipWithdrawnDate />
        <middleName>M.</middleName>
        <isOriginalCosponsor>True</isOriginalCosponsor>
        <sponsorshipDate>2013-02-26</sponsorshipDate>
        <lastName>HONDA</lastName>
      </item>
      <item>
        <firstName>Jared</firstName>
        <fullName>Rep. Huffman, Jared [D-CA-2]</fullName>
        <identifiers>
          <gpoId />
          <bioguideId>H001068</bioguideId>
          <lisID>2101</lisID>
        </identifiers>
        <bioguideId>H001068</bioguideId>
        <sponsorshipWithdrawnDate />
        <middleName />
        <isOriginalCosponsor>True</isOriginalCosponsor>
        <sponsorshipDate>2013-02-26</sponsorshipDate>
        <lastName>Huffman</lastName>
      </item>
      <item>
        <firstName>BARBARA</firstName>
        <fullName>Rep. Lee, Barbara [D-CA-13]</fullName>
        <identifiers>
          <gpoId>7814</gpoId>
          <lisID>1501</lisID>
          <bioguideId>L000551</bioguideId>
        </identifiers>
        <bioguideId>L000551</bioguideId>
        <sponsorshipWithdrawnDate />
        <middleName />
        <isOriginalCosponsor>True</isOriginalCosponsor>
        <sponsorshipDate>2013-02-26</sponsorshipDate>
        <lastName>LEE</lastName>
      </item>
      <item>
        <firstName>ZOE</firstName>
        <fullName>Rep. Lofgren, Zoe [D-CA-19]</fullName>
        <identifiers>
          <gpoId>7821</gpoId>
          <bioguideId>L000397</bioguideId>
          <lisID>701</lisID>
        </identifiers>
        <bioguideId>L000397</bioguideId>
        <sponsorshipWithdrawnDate />
        <middleName />
        <isOriginalCosponsor>True</isOriginalCosponsor>
        <sponsorshipDate>2013-02-26</sponsorshipDate>
        <lastName>LOFGREN</lastName>
      </item>
      <item>
        <firstName>Jerry</firstName>
        <fullName>Rep. McNerney, Jerry [D-CA-9]</fullName>
        <identifiers>
          <lisID>1832</lisID>
          <gpoId>7816</gpoId>
          <bioguideId>M001166</bioguideId>
        </identifiers>
        <bioguideId>M001166</bioguideId>
        <sponsorshipWithdrawnDate />
        <middleName />
        <isOriginalCosponsor>True</isOriginalCosponsor>
        <sponsorshipDate>2013-02-26</sponsorshipDate>
        <lastName>McNerney</lastName>
      </item>
      <item>
        <firstName>GEORGE</firstName>
        <fullName>Rep. Miller, George [D-CA-11]</fullName>
        <identifiers>
          <gpoId>7812</gpoId>
          <lisID>808</lisID>
          <bioguideId>M000725</bioguideId>
        </identifiers>
        <bioguideId>M000725</bioguideId>
        <sponsorshipWithdrawnDate />
        <middleName />
        <isOriginalCosponsor>True</isOriginalCosponsor>
        <sponsorshipDate>2013-02-26</sponsorshipDate>
        <lastName>MILLER</lastName>
      </item>
      <item>
        <firstName>Eric</firstName>
        <fullName>Rep. Swalwell, Eric [D-CA-15]</fullName>
        <identifiers>
          <lisID>2104</lisID>
          <bioguideId>S001193</bioguideId>
          <gpoId />
        </identifiers>
        <bioguideId>S001193</bioguideId>
        <sponsorshipWithdrawnDate />
        <middleName />
        <isOriginalCosponsor>True</isOriginalCosponsor>
        <sponsorshipDate>2013-02-26</sponsorshipDate>
        <lastName>Swalwell</lastName>
      </item>
      <item>
        <firstName>MIKE</firstName>
        <fullName>Rep. Thompson, Mike [D-CA-5]</fullName>
        <identifiers>
          <lisID>1593</lisID>
          <gpoId>7806</gpoId>
          <bioguideId>T000460</bioguideId>
        </identifiers>
        <bioguideId>T000460</bioguideId>
        <sponsorshipWithdrawnDate />
        <middleName />
        <isOriginalCosponsor>True</isOriginalCosponsor>
        <sponsorshipDate>2013-02-26</sponsorshipDate>
        <lastName>THOMPSON</lastName>
      </item>
    </cosponsors>
    <sponsors>
      <item>
        <middleName />
        <firstName>Jackie</firstName>
        <byRequestType />
        <bioguideId>S001175</bioguideId>
        <fullName>Rep. Speier, Jackie [D-CA-14]</fullName>
        <lastName>Speier</lastName>
        <identifiers>
          <gpoId>7817</gpoId>
          <lisID>1890</lisID>
          <bioguideId>S001175</bioguideId>
        </identifiers>
      </item>
    </sponsors>
    <subjects>
      <billSubjects>
        <policyArea>
          <name>Environmental Protection</name>
        </policyArea>
        <legislativeSubjects>
          <item>
            <name>California</name>
          </item>
          <item>
            <name>Marine and coastal resources, fisheries</name>
          </item>
          <item>
            <name>Water quality</name>
          </item>
          <item>
            <name>Watersheds</name>
          </item>
          <item>
            <name>Wetlands</name>
          </item>
          <item>
            <name>Wildlife conservation and habitat protection</name>
          </item>
        </legislativeSubjects>
      </billSubjects>
    </subjects>
    <updateDate>2016-10-25T15:59:40Z</updateDate>
    <originChamber>House</originChamber>
    <billNumber>843</billNumber>
    <titles>
      <item>
        <parentTitleType />
        <title>San Francisco Bay Restoration Act</title>
        <chamberName />
        <chamberCode />
        <titleType>Short Titles as Introduced</titleType>
      </item>
      <item>
        <parentTitleType />
        <title>To amend the Federal Water Pollution Control Act to establish a grant program to support the restoration of San Francisco Bay.</title>
        <chamberName />
        <chamberCode />
        <titleType>Official Title as Introduced</titleType>
      </item>
      <item>
        <parentTitleType />
        <title>San Francisco Bay Restoration Act</title>
        <chamberName />
        <chamberCode />
        <titleType>Display Title</titleType>
      </item>
    </titles>
    <createDate>2013-02-27T07:00:51Z</createDate>
    <congress>113</congress>
    <introducedDate>2013-02-26</introducedDate>
    <latestAction>
      <links />
      <actionDate>2013-02-27</actionDate>
      <text>Referred to the Subcommittee on Water Resources and Environment.</text>
    </latestAction>
    <laws />
    <relatedBills>
      <item>
        <latestAction>
          <actionDate>2014-06-05</actionDate>
          <text>Placed on Senate Legislative Calendar under General Orders. Calendar No. 415.</text>
        </latestAction>
        <type>S</type>
        <congress>113</congress>
        <relationshipDetails>
          <item>
            <type>Identical bill</type>
            <identifiedBy>CRS</identifiedBy>
          </item>
        </relationshipDetails>
        <number>224</number>
        <latestTitle>San Francisco Bay Restoration Act</latestTitle>
      </item>
    </relatedBills>
    <notes />
    <recordedVotes />
    <cboCostEstimates />
    <policyArea>
      <name>Environmental Protection</name>
    </policyArea>
    <billType>HR</billType>
    <constitutionalAuthorityStatementText><![CDATA[<pre>By Ms. SPEIER:H.R. 843.Congress has the power to enact this legislation pursuantto the following:Article 1, Section 8: Congress shall have the power toregulate commerce among the states, and provide for thegeneral welfare.[Page H660]</pre>]]></constitutionalAuthorityStatementText>
    <committees>
      <billCommittees>
        <item>
          <activities>
            <item>
              <date>2013-02-26T15:00:25Z</date>
              <name>Referred to</name>
            </item>
          </activities>
          <chamber>House</chamber>
          <type>Standing</type>
          <subcommittees>
            <item>
              <activities>
                <item>
                  <date>2013-02-27T15:35:03Z</date>
                  <name>Referred to</name>
                </item>
              </activities>
              <name>Water Resources and Environment Subcommittee</name>
              <systemCode>hspw02</systemCode>
            </item>
          </subcommittees>
          <name>Transportation and Infrastructure Committee</name>
          <systemCode>hspw00</systemCode>
        </item>
      </billCommittees>
    </committees>
    <amendments />
    <summaries>
      <billSummaries>
        <item>
          <text><![CDATA[<p>San Francisco Bay Restoration Act - Amends the Federal Water Pollution Control Act (commonly known as the Clean Water Act) to authorize the Administrator of the Environmental Protection Agency (EPA) to provide funding for activities, studies, or projects, including restoration projects and habitat improvement for fish, waterfowl, and wildlife, that are identified in an annual priority list and that advance the goals and objectives of the comprehensive management plan for the San Francisco estuary. </p> <p>Authorizes funding to be provided through cooperative agreements, grants, or other means to state and local agencies, special districts, public or nonprofit agencies, institutions, and organizations. Prohibits funding from being used for the administration of a management conference for the San Francisco estuary under the National Estuary Program.</p> <p>Requires the Administrator, in developing the priority list, to consult with and consider the recommendations of: (1) the San Francisco Estuary Partnership, (2) the state of California and affected local governments in the San Francisco Bay estuary watershed, and (3) any other relevant stakeholder involved with the protection and restoration of such estuary.</p> <p>Limits funding amounts under this Act to 75% of the total cost of eligible activities to be carried out using those amounts.</p> <p>Authorizes the Administrator to carry out this Act for each of FY2013-FY2017. </p>]]></text>
          <name>Introduced in House</name>
          <versionCode>00</versionCode>
          <actionDate>2013-02-26</actionDate>
          <actionDesc>Introduced in House</actionDesc>
          <lastSummaryUpdateDate>2014-11-12T17:08:54Z</lastSummaryUpdateDate>
          <updateDate>2013-02-26T05:00:00Z</updateDate>
        </item>
      </billSummaries>
    </summaries>
    <calendarNumbers />
    <committeeReports />
  </bill>
  <dublinCore xmlns:dc="http://purl.org/dc/elements/1.1/">
    <dc:format>text/xml</dc:format>
    <dc:language>EN</dc:language>
    <dc:rights>Pursuant to Title 17 Section 105 of the United States Code, this file is not subject to copyright protection and is in the public domain.</dc:rights>
    <dc:contributor>Congressional Research Service, Library of Congress</dc:contributor>
    <dc:description>This file contains bill summaries and statuses for federal legislation. A bill summary describes the most significant provisions of a piece of legislation and details the effects the legislative text may have on current law and federal programs. Bill summaries are authored by the Congressional Research Service (CRS) of the Library of Congress. As stated in Public Law 91-510 (2 USC 166 (d)(6)), one of the duties of CRS is "to prepare summaries and digests of bills and resolutions of a public general nature introduced in the Senate or House of Representatives". For more information, refer to the User Guide that accompanies this file.</dc:description>
  </dublinCore>
</billStatus>

