<?xml version="1.0" encoding="UTF-8"?>
<billStatus>
  <bill>
    <constitutionalAuthorityStatementText><![CDATA[<pre>By Mr. ROSS:H.R. 242.Congress has the power to enact this legislation pursuantto the following:Article I, Section 8, Clause 4 of the United StatesConstitution[Page H86]</pre>]]></constitutionalAuthorityStatementText>
    <latestAction>
      <links />
      <actionDate>2013-01-25</actionDate>
      <text>Referred to the Subcommittee on Immigration And Border Security.</text>
    </latestAction>
    <congress>113</congress>
    <summaries>
      <billSummaries>
        <item>
          <updateDate>2013-01-14T05:00:00Z</updateDate>
          <actionDate>2013-01-14</actionDate>
          <lastSummaryUpdateDate>2013-01-18T20:09:11Z</lastSummaryUpdateDate>
          <text><![CDATA[<p>Legal Agricultural Workforce Act - Amends the Immigration and Nationality Act to establish a W-visa nonimmigrant classification for temporary agricultural workers.</p> <p>Directs the Secretary of Agriculture (USDA) to establish: (1) a nonimmigrant temporary agricultural worker program (W-visa) which shall include annual numerical limitations and monthly limitations based on enrollment requests, historical agricultural employment needs, and the reports of U.S. workers applying for agricultural employment; and (2) a trust fund to administer and enforce the program and provide a monetary incentive for such workers to return to their countries upon visa expiration.</p> <p>Sets forth program provisions, including: (1) enrollment requirements, (2) a visa preference allocation system, (3) a biometric identification card requirement, (4) U.S. worker protections, and (5) visa increases due to extraordinary and unusual employment circumstances.</p> <p>Makes such agricultural workers ineligible for need-based federal financial assistance.</p>]]></text>
          <versionCode>00</versionCode>
          <actionDesc>Introduced in House</actionDesc>
          <name>Introduced in House</name>
        </item>
      </billSummaries>
    </summaries>
    <cboCostEstimates />
    <calendarNumbers />
    <billType>HR</billType>
    <committees>
      <billCommittees>
        <item>
          <chamber>House</chamber>
          <activities>
            <item>
              <name>Referred to</name>
              <date>2013-01-14T19:01:50Z</date>
            </item>
          </activities>
          <name>Judiciary Committee</name>
          <subcommittees>
            <item>
              <name>Immigration and Border Security Subcommittee</name>
              <activities>
                <item>
                  <name>Referred to</name>
                  <date>2013-01-25T19:45:35Z</date>
                </item>
              </activities>
              <systemCode>hsju01</systemCode>
            </item>
          </subcommittees>
          <type>Standing</type>
          <systemCode>hsju00</systemCode>
        </item>
        <item>
          <chamber>House</chamber>
          <activities>
            <item>
              <name>Referred to</name>
              <date>2013-01-14T19:02:05Z</date>
            </item>
          </activities>
          <name>Energy and Commerce Committee</name>
          <subcommittees>
            <item>
              <name>Health Subcommittee</name>
              <activities>
                <item>
                  <name>Referred to</name>
                  <date>2013-01-18T21:24:44Z</date>
                </item>
              </activities>
              <systemCode>hsif14</systemCode>
            </item>
          </subcommittees>
          <type>Standing</type>
          <systemCode>hsif00</systemCode>
        </item>
        <item>
          <chamber>House</chamber>
          <activities>
            <item>
              <name>Referred to</name>
              <date>2013-01-14T19:02:10Z</date>
            </item>
          </activities>
          <name>Foreign Affairs Committee</name>
          <subcommittees />
          <type>Standing</type>
          <systemCode>hsfa00</systemCode>
        </item>
        <item>
          <chamber>House</chamber>
          <activities>
            <item>
              <name>Referred to</name>
              <date>2013-01-14T19:02:00Z</date>
            </item>
          </activities>
          <name>Education and the Workforce Committee</name>
          <subcommittees />
          <type>Standing</type>
          <systemCode>hsed00</systemCode>
        </item>
      </billCommittees>
    </committees>
    <introducedDate>2013-01-14</introducedDate>
    <recordedVotes />
    <titles>
      <item>
        <chamberName />
        <titleType>Short Titles as Introduced</titleType>
        <title>Legal Agricultural Workforce Act</title>
        <chamberCode />
        <parentTitleType />
      </item>
      <item>
        <chamberName />
        <titleType>Official Title as Introduced</titleType>
        <title>To amend the Immigration and Nationality Act to provide for a temporary agricultural worker program, and for other purposes.</title>
        <chamberCode />
        <parentTitleType />
      </item>
      <item>
        <chamberName />
        <titleType>Display Title</titleType>
        <title>Legal Agricultural Workforce Act</title>
        <chamberCode />
        <parentTitleType />
      </item>
    </titles>
    <sponsors>
      <item>
        <bioguideId>R000593</bioguideId>
        <fullName>Rep. Ross, Dennis A. [R-FL-15]</fullName>
        <byRequestType />
        <lastName>Ross</lastName>
        <firstName>Dennis</firstName>
        <middleName>A.</middleName>
        <identifiers>
          <gpoId>7884</gpoId>
          <bioguideId>R000593</bioguideId>
          <lisID>2003</lisID>
        </identifiers>
      </item>
    </sponsors>
    <laws />
    <originChamber>House</originChamber>
    <createDate>2013-01-15T07:02:09Z</createDate>
    <notes />
    <title>Legal Agricultural Workforce Act</title>
    <policyArea>
      <name>Immigration</name>
    </policyArea>
    <billNumber>242</billNumber>
    <committeeReports />
    <subjects>
      <billSubjects>
        <policyArea>
          <name>Immigration</name>
        </policyArea>
        <legislativeSubjects>
          <item>
            <name>Administrative remedies</name>
          </item>
          <item>
            <name>Business records</name>
          </item>
          <item>
            <name>Department of Agriculture</name>
          </item>
          <item>
            <name>Disability assistance</name>
          </item>
          <item>
            <name>Emergency medical services and trauma care</name>
          </item>
          <item>
            <name>Employee benefits and pensions</name>
          </item>
          <item>
            <name>Employment discrimination and employee rights</name>
          </item>
          <item>
            <name>Employment taxes</name>
          </item>
          <item>
            <name>Federal preemption</name>
          </item>
          <item>
            <name>Foreign labor</name>
          </item>
          <item>
            <name>Government information and archives</name>
          </item>
          <item>
            <name>Government trust funds</name>
          </item>
          <item>
            <name>Health care costs and insurance</name>
          </item>
          <item>
            <name>Immigration status and procedures</name>
          </item>
          <item>
            <name>Migrant, seasonal, agricultural labor</name>
          </item>
          <item>
            <name>Visas and passports</name>
          </item>
          <item>
            <name>Worker safety and health</name>
          </item>
        </legislativeSubjects>
      </billSubjects>
    </subjects>
    <relatedBills />
    <updateDate>2016-10-25T15:57:39Z</updateDate>
    <amendments />
    <actions>
      <item>
        <actionDate>2013-01-25</actionDate>
        <committee>
          <systemCode>hsju01</systemCode>
          <name>Immigration and Border Security Subcommittee</name>
        </committee>
        <links />
        <sourceSystem>
          <name>House committee actions</name>
          <code>1</code>
        </sourceSystem>
        <text>Referred to the Subcommittee on Immigration And Border Security.</text>
        <type>Committee</type>
      </item>
      <item>
        <actionDate>2013-01-18</actionDate>
        <committee>
          <systemCode>hsif14</systemCode>
          <name>Health Subcommittee</name>
        </committee>
        <links />
        <sourceSystem>
          <name>House committee actions</name>
          <code>1</code>
        </sourceSystem>
        <text>Referred to the Subcommittee on Health.</text>
        <type>Committee</type>
      </item>
      <item>
        <actionCode>H11100</actionCode>
        <type>IntroReferral</type>
        <text>Referred to House Foreign Affairs</text>
        <actionDate>2013-01-14</actionDate>
        <links />
        <committee>
          <systemCode>hsfa00</systemCode>
          <name>Foreign Affairs Committee</name>
        </committee>
        <sourceSystem>
          <name>House floor actions</name>
          <code>2</code>
        </sourceSystem>
      </item>
      <item>
        <actionCode>H11100</actionCode>
        <type>IntroReferral</type>
        <text>Referred to House Energy and Commerce</text>
        <actionDate>2013-01-14</actionDate>
        <links />
        <committee>
          <systemCode>hsif00</systemCode>
          <name>Energy and Commerce Committee</name>
        </committee>
        <sourceSystem>
          <name>House floor actions</name>
          <code>2</code>
        </sourceSystem>
      </item>
      <item>
        <actionCode>H11100</actionCode>
        <type>IntroReferral</type>
        <text>Referred to House Education and the Workforce</text>
        <actionDate>2013-01-14</actionDate>
        <links />
        <committee>
          <systemCode>hsed00</systemCode>
          <name>Education and the Workforce Committee</name>
        </committee>
        <sourceSystem>
          <name>House floor actions</name>
          <code>2</code>
        </sourceSystem>
      </item>
      <item>
        <actionCode>H11100</actionCode>
        <type>IntroReferral</type>
        <text>Referred to House Judiciary</text>
        <actionDate>2013-01-14</actionDate>
        <links />
        <committee>
          <systemCode>hsju00</systemCode>
          <name>Judiciary Committee</name>
        </committee>
        <sourceSystem>
          <name>House floor actions</name>
          <code>2</code>
        </sourceSystem>
      </item>
      <item>
        <actionCode>H11100-A</actionCode>
        <type>IntroReferral</type>
        <text>Referred to the Committee on the Judiciary, and in addition to the Committees on Education and the Workforce, Energy and Commerce, and Foreign Affairs, for a period to be subsequently determined by the Speaker, in each case for consideration of such provisions as fall within the jurisdiction of the committee concerned.</text>
        <actionDate>2013-01-14</actionDate>
        <links />
        <committee />
        <sourceSystem>
          <name>Library of Congress</name>
          <code>9</code>
        </sourceSystem>
      </item>
      <item>
        <actionCode>Intro-H</actionCode>
        <type>IntroReferral</type>
        <text>Introduced in House</text>
        <actionDate>2013-01-14</actionDate>
        <links />
        <committee />
        <sourceSystem>
          <name>Library of Congress</name>
          <code>9</code>
        </sourceSystem>
      </item>
      <item>
        <actionCode>1000</actionCode>
        <type>IntroReferral</type>
        <text>Introduced in House</text>
        <actionDate>2013-01-14</actionDate>
        <links />
        <committee />
        <sourceSystem>
          <name>Library of Congress</name>
          <code>9</code>
        </sourceSystem>
      </item>
      <actionByCounts>
        <houseOfRepresentatives>9</houseOfRepresentatives>
      </actionByCounts>
      <actionTypeCounts>
        <billReferrals>4</billReferrals>
        <billReferralsAggregate>1</billReferralsAggregate>
        <introducedInHouse>1</introducedInHouse>
        <placeholderTextForH>2</placeholderTextForH>
        <introducedInTheHouse>1</introducedInTheHouse>
      </actionTypeCounts>
    </actions>
    <cosponsors />
  </bill>
  <dublinCore xmlns:dc="http://purl.org/dc/elements/1.1/">
    <dc:format>text/xml</dc:format>
    <dc:language>EN</dc:language>
    <dc:rights>Pursuant to Title 17 Section 105 of the United States Code, this file is not subject to copyright protection and is in the public domain.</dc:rights>
    <dc:contributor>Congressional Research Service, Library of Congress</dc:contributor>
    <dc:description>This file contains bill summaries and statuses for federal legislation. A bill summary describes the most significant provisions of a piece of legislation and details the effects the legislative text may have on current law and federal programs. Bill summaries are authored by the Congressional Research Service (CRS) of the Library of Congress. As stated in Public Law 91-510 (2 USC 166 (d)(6)), one of the duties of CRS is "to prepare summaries and digests of bills and resolutions of a public general nature introduced in the Senate or House of Representatives". For more information, refer to the User Guide that accompanies this file.</dc:description>
  </dublinCore>
</billStatus>

