<?xml version="1.0" encoding="UTF-8"?>
<billStatus>
  <bill>
    <constitutionalAuthorityStatementText><![CDATA[<pre>By Mr. HARPER:H.R. 511.Congress has the power to enact this legislation pursuantto the following:Article I, Sec. 8, clause 1[Page H371]</pre>]]></constitutionalAuthorityStatementText>
    <sponsors>
      <item>
        <lastName>Harper</lastName>
        <firstName>Gregg</firstName>
        <identifiers>
          <lisID>1933</lisID>
          <bioguideId>H001045</bioguideId>
          <gpoId>8021</gpoId>
        </identifiers>
        <bioguideId>H001045</bioguideId>
        <middleName />
        <fullName>Rep. Harper, Gregg [R-MS-3]</fullName>
        <byRequestType />
      </item>
    </sponsors>
    <createDate>2013-02-06T07:00:55Z</createDate>
    <subjects>
      <billSubjects>
        <policyArea>
          <name>Education</name>
        </policyArea>
        <legislativeSubjects>
          <item>
            <name>Disability and paralysis</name>
          </item>
          <item>
            <name>Education programs funding</name>
          </item>
          <item>
            <name>Elementary and secondary education</name>
          </item>
          <item>
            <name>Employment and training programs</name>
          </item>
          <item>
            <name>Higher education</name>
          </item>
          <item>
            <name>Special education</name>
          </item>
          <item>
            <name>State and local government operations</name>
          </item>
          <item>
            <name>Vocational and technical education</name>
          </item>
          <item>
            <name>Youth employment and child labor</name>
          </item>
        </legislativeSubjects>
      </billSubjects>
    </subjects>
    <billType>HR</billType>
    <committeeReports />
    <committees>
      <billCommittees>
        <item>
          <activities>
            <item>
              <date>2013-02-05T15:02:25Z</date>
              <name>Referred to</name>
            </item>
          </activities>
          <chamber>House</chamber>
          <type>Standing</type>
          <subcommittees>
            <item>
              <activities>
                <item>
                  <date>2013-02-08T22:22:12Z</date>
                  <name>Referred to</name>
                </item>
              </activities>
              <name>Health Subcommittee</name>
              <systemCode>hsif14</systemCode>
            </item>
          </subcommittees>
          <name>Energy and Commerce Committee</name>
          <systemCode>hsif00</systemCode>
        </item>
      </billCommittees>
    </committees>
    <cboCostEstimates />
    <amendments />
    <title>TEAM-Empowerment Act of 2013</title>
    <laws />
    <notes />
    <billNumber>511</billNumber>
    <originChamber>House</originChamber>
    <cosponsors>
      <item>
        <middleName />
        <firstName>Cathy</firstName>
        <identifiers>
          <lisID>1809</lisID>
          <bioguideId>M001159</bioguideId>
          <gpoId>8209</gpoId>
        </identifiers>
        <bioguideId>M001159</bioguideId>
        <fullName>Rep. McMorris Rodgers, Cathy [R-WA-5]</fullName>
        <lastName>McMorris Rodgers</lastName>
        <sponsorshipWithdrawnDate />
        <sponsorshipDate>2013-02-05</sponsorshipDate>
        <isOriginalCosponsor>True</isOriginalCosponsor>
      </item>
      <item>
        <middleName>B.</middleName>
        <firstName>CAROLYN</firstName>
        <identifiers>
          <gpoId>8075</gpoId>
          <bioguideId>M000087</bioguideId>
          <lisID>729</lisID>
        </identifiers>
        <bioguideId>M000087</bioguideId>
        <fullName>Rep. Maloney, Carolyn B. [D-NY-12]</fullName>
        <lastName>MALONEY</lastName>
        <sponsorshipWithdrawnDate />
        <sponsorshipDate>2013-03-21</sponsorshipDate>
        <isOriginalCosponsor>False</isOriginalCosponsor>
      </item>
      <item>
        <middleName>C. "Hank"</middleName>
        <firstName>Henry</firstName>
        <identifiers>
          <gpoId>7901</gpoId>
          <lisID>1843</lisID>
          <bioguideId>J000288</bioguideId>
        </identifiers>
        <bioguideId>J000288</bioguideId>
        <fullName>Rep. Johnson, Henry C. "Hank," Jr. [D-GA-4]</fullName>
        <lastName>Johnson</lastName>
        <sponsorshipWithdrawnDate />
        <sponsorshipDate>2013-05-09</sponsorshipDate>
        <isOriginalCosponsor>False</isOriginalCosponsor>
      </item>
      <item>
        <middleName>M.</middleName>
        <firstName>MICHAEL</firstName>
        <identifiers>
          <gpoId>7820</gpoId>
          <bioguideId>H001034</bioguideId>
          <lisID>1634</lisID>
        </identifiers>
        <bioguideId>H001034</bioguideId>
        <fullName>Rep. Honda, Michael M. [D-CA-17]</fullName>
        <lastName>HONDA</lastName>
        <sponsorshipWithdrawnDate />
        <sponsorshipDate>2013-06-05</sponsorshipDate>
        <isOriginalCosponsor>False</isOriginalCosponsor>
      </item>
      <item>
        <middleName>M.</middleName>
        <firstName>Donald</firstName>
        <identifiers>
          <bioguideId>P000604</bioguideId>
          <lisID>2097</lisID>
          <gpoId>8373</gpoId>
        </identifiers>
        <bioguideId>P000604</bioguideId>
        <fullName>Rep. Payne, Donald M., Jr. [D-NJ-10]</fullName>
        <lastName>Payne</lastName>
        <sponsorshipWithdrawnDate />
        <sponsorshipDate>2013-06-19</sponsorshipDate>
        <isOriginalCosponsor>False</isOriginalCosponsor>
      </item>
      <item>
        <middleName />
        <firstName>Ron</firstName>
        <identifiers>
          <gpoId>8368</gpoId>
          <bioguideId>B001279</bioguideId>
          <lisID>2093</lisID>
        </identifiers>
        <bioguideId>B001279</bioguideId>
        <fullName>Rep. Barber, Ron [D-AZ-2]</fullName>
        <lastName>Barber</lastName>
        <sponsorshipWithdrawnDate />
        <sponsorshipDate>2013-07-17</sponsorshipDate>
        <isOriginalCosponsor>False</isOriginalCosponsor>
      </item>
      <item>
        <middleName>H.</middleName>
        <firstName>Michael</firstName>
        <identifiers>
          <gpoId>7985</gpoId>
          <bioguideId>M001149</bioguideId>
          <lisID>1730</lisID>
        </identifiers>
        <bioguideId>M001149</bioguideId>
        <fullName>Rep. Michaud, Michael H. [D-ME-2]</fullName>
        <lastName>Michaud</lastName>
        <sponsorshipWithdrawnDate />
        <sponsorshipDate>2013-09-11</sponsorshipDate>
        <isOriginalCosponsor>False</isOriginalCosponsor>
      </item>
    </cosponsors>
    <calendarNumbers />
    <congress>113</congress>
    <summaries>
      <billSummaries>
        <item>
          <updateDate>2013-02-05T05:00:00Z</updateDate>
          <actionDate>2013-02-05</actionDate>
          <lastSummaryUpdateDate>2013-02-19T21:51:58Z</lastSummaryUpdateDate>
          <text><![CDATA[<p>Transition toward Excellence, Achievement, and Mobility through Empowerment Act of 2013 or the TEAM-Empowerment Act of 2013 - Amends the Developmental Disabilities Assistance and Bill of Rights Act of 2000 to direct the Secretary of Health and Human Services (HHS) to award competitive grants to states for the development and implementation of an individual transition plan (ITP) for each individual with a developmental disability in the state who is transitioning from secondary school into adulthood. </p> <p>Requires ITPs to assist the developmentally disabled achieve integrated employment, postsecondary education, independent living, and community engagement.</p> <p>Requires each grantee to establish a transition planning and services (TPS) administrative unit within its intellectual and developmental disabilities agency to develop, and assist in the implementation of, ITPs. Requires that unit to offer strategies, training, and information to the developmentally disabled and their families that facilitates their participation in the transition process.</p> <p>States that ITPs are to: (1) apply until an individual's 26th birthday; (2) be reviewed annually and updated as needed; (3) be developed during in-person meetings that include the individual and his or her family; and (4) address the individual's needs in the areas of postsecondary education, career preparation and work-based learning, development and leadership, connecting activities, and family involvement and supports.</p> <p>Requires the TPS administrative unit to use transition brokers to: (1) facilitate coordination among state agencies in the development of ITPs; and (2) assist the developmentally disabled, consistent with their ITPs, in navigating the complex system of supports and services available through federal and state programs.</p>]]></text>
          <versionCode>00</versionCode>
          <actionDesc>Introduced in House</actionDesc>
          <name>Introduced in House</name>
        </item>
      </billSummaries>
    </summaries>
    <policyArea>
      <name>Education</name>
    </policyArea>
    <titles>
      <item>
        <title>TEAM-Empowerment Act of 2013</title>
        <titleType>Short Titles as Introduced</titleType>
        <parentTitleType />
        <chamberName />
        <chamberCode />
      </item>
      <item>
        <title>Transition toward Excellence, Achievement, and Mobility through Empowerment Act of 2013</title>
        <titleType>Short Titles as Introduced</titleType>
        <parentTitleType />
        <chamberName />
        <chamberCode />
      </item>
      <item>
        <title>To amend the Developmental Disabilities Assistance and Bill of Rights Act of 2000 to provide assistance to States for development and implementation of an individual transition plan for each individual with a developmental disability in the State who is making the transition from the secondary school system into adulthood, and for other purposes.</title>
        <titleType>Official Title as Introduced</titleType>
        <parentTitleType />
        <chamberName />
        <chamberCode />
      </item>
      <item>
        <title>TEAM-Empowerment Act of 2013</title>
        <titleType>Display Title</titleType>
        <parentTitleType />
        <chamberName />
        <chamberCode />
      </item>
    </titles>
    <latestAction>
      <text>Referred to the Subcommittee on Health.</text>
      <actionDate>2013-02-08</actionDate>
      <links />
    </latestAction>
    <actions>
      <item>
        <actionDate>2013-02-08</actionDate>
        <committee>
          <systemCode>hsif14</systemCode>
          <name>Health Subcommittee</name>
        </committee>
        <links />
        <sourceSystem>
          <code>1</code>
          <name>House committee actions</name>
        </sourceSystem>
        <text>Referred to the Subcommittee on Health.</text>
        <type>Committee</type>
      </item>
      <item>
        <sourceSystem>
          <code>2</code>
          <name>House floor actions</name>
        </sourceSystem>
        <actionDate>2013-02-05</actionDate>
        <committee>
          <systemCode>hsif00</systemCode>
          <name>Energy and Commerce Committee</name>
        </committee>
        <actionCode>H11100</actionCode>
        <type>IntroReferral</type>
        <links />
        <text>Referred to the House Committee on Energy and Commerce.</text>
      </item>
      <item>
        <sourceSystem>
          <code>9</code>
          <name>Library of Congress</name>
        </sourceSystem>
        <actionDate>2013-02-05</actionDate>
        <committee />
        <actionCode>Intro-H</actionCode>
        <type>IntroReferral</type>
        <links />
        <text>Introduced in House</text>
      </item>
      <item>
        <sourceSystem>
          <code>9</code>
          <name>Library of Congress</name>
        </sourceSystem>
        <actionDate>2013-02-05</actionDate>
        <committee />
        <actionCode>1000</actionCode>
        <type>IntroReferral</type>
        <links />
        <text>Introduced in House</text>
      </item>
      <actionByCounts>
        <houseOfRepresentatives>4</houseOfRepresentatives>
      </actionByCounts>
      <actionTypeCounts>
        <introducedInHouse>1</introducedInHouse>
        <placeholderTextForH>1</placeholderTextForH>
        <billReferrals>1</billReferrals>
        <introducedInTheHouse>1</introducedInTheHouse>
      </actionTypeCounts>
    </actions>
    <updateDate>2016-10-25T15:58:32Z</updateDate>
    <recordedVotes />
    <introducedDate>2013-02-05</introducedDate>
    <relatedBills />
  </bill>
  <dublinCore xmlns:dc="http://purl.org/dc/elements/1.1/">
    <dc:format>text/xml</dc:format>
    <dc:language>EN</dc:language>
    <dc:rights>Pursuant to Title 17 Section 105 of the United States Code, this file is not subject to copyright protection and is in the public domain.</dc:rights>
    <dc:contributor>Congressional Research Service, Library of Congress</dc:contributor>
    <dc:description>This file contains bill summaries and statuses for federal legislation. A bill summary describes the most significant provisions of a piece of legislation and details the effects the legislative text may have on current law and federal programs. Bill summaries are authored by the Congressional Research Service (CRS) of the Library of Congress. As stated in Public Law 91-510 (2 USC 166 (d)(6)), one of the duties of CRS is "to prepare summaries and digests of bills and resolutions of a public general nature introduced in the Senate or House of Representatives". For more information, refer to the User Guide that accompanies this file.</dc:description>
  </dublinCore>
</billStatus>

