<?xml version="1.0" encoding="UTF-8"?>
<billStatus>
  <bill>
    <cosponsors>
      <item>
        <middleName>W.</middleName>
        <firstName>GREGORY</firstName>
        <identifiers>
          <gpoId>8067</gpoId>
          <bioguideId>M001137</bioguideId>
          <lisID>1506</lisID>
        </identifiers>
        <bioguideId>M001137</bioguideId>
        <fullName>Rep. Meeks, Gregory W. [D-NY-5]</fullName>
        <lastName>MEEKS</lastName>
        <sponsorshipWithdrawnDate />
        <sponsorshipDate>2013-02-27</sponsorshipDate>
        <isOriginalCosponsor>True</isOriginalCosponsor>
      </item>
      <item>
        <middleName>B.</middleName>
        <firstName>CHARLES</firstName>
        <identifiers>
          <lisID>944</lisID>
          <bioguideId>R000053</bioguideId>
          <gpoId>8076</gpoId>
        </identifiers>
        <bioguideId>R000053</bioguideId>
        <fullName>Rep. Rangel, Charles B. [D-NY-13]</fullName>
        <lastName>RANGEL</lastName>
        <sponsorshipWithdrawnDate />
        <sponsorshipDate>2013-02-27</sponsorshipDate>
        <isOriginalCosponsor>True</isOriginalCosponsor>
      </item>
    </cosponsors>
    <latestAction>
      <actionDate>2013-03-04</actionDate>
      <links />
      <text>Referred to the Subcommittee on Public Lands and Environmental Regulation.</text>
    </latestAction>
    <amendments />
    <laws />
    <createDate>2013-02-28T07:00:51Z</createDate>
    <summaries>
      <billSummaries>
        <item>
          <lastSummaryUpdateDate>2013-03-15T16:30:30Z</lastSummaryUpdateDate>
          <name>Introduced in House</name>
          <actionDesc>Introduced in House</actionDesc>
          <text><![CDATA[<p>African Burial Ground International Memorial Museum and Educational Center Act - Establishes the African Burial Ground International Memorial Museum and Educational Center at the African Burial Ground National Monument in New York, New York. </p> <p>Directs the Secretary of the Interior, through the Director of the National Park Service (NPS), to: (1) acquire for the Museum property that is located adjacent to the National Monument or in any other area of the African Burial Ground National Historic Landmark in the city other than the location adjacent to the Monument, and (2) construct the Museum on the acquired property. </p> <p>Establishes within the Department of the Interior the African Burial Ground Advisory Council to: (1) make recommendations to the Secretary on the construction of the Museum, and (2) advise and assist the Secretary on all matters relating to the operation and preservation of the Museum.</p>]]></text>
          <actionDate>2013-02-27</actionDate>
          <versionCode>00</versionCode>
          <updateDate>2013-02-27T05:00:00Z</updateDate>
        </item>
      </billSummaries>
    </summaries>
    <constitutionalAuthorityStatementText><![CDATA[<pre>By Mr. NADLER:H.R. 865.Congress has the power to enact this legislation pursuantto the following:Article 1, section 8, clauses 1, 17, and 18.[Page H702]</pre>]]></constitutionalAuthorityStatementText>
    <titles>
      <item>
        <chamberName />
        <parentTitleType />
        <titleType>Short Titles as Introduced</titleType>
        <chamberCode />
        <title>African Burial Ground International Memorial Museum and Educational Center Act</title>
      </item>
      <item>
        <chamberName />
        <parentTitleType />
        <titleType>Official Title as Introduced</titleType>
        <chamberCode />
        <title>To establish the African Burial Ground International Memorial Museum and Educational Center in New York, New York, and for other purposes.</title>
      </item>
      <item>
        <chamberName />
        <parentTitleType />
        <titleType>Display Title</titleType>
        <chamberCode />
        <title>African Burial Ground International Memorial Museum and Educational Center Act</title>
      </item>
    </titles>
    <calendarNumbers />
    <updateDate>2016-10-25T15:59:45Z</updateDate>
    <introducedDate>2013-02-27</introducedDate>
    <recordedVotes />
    <policyArea>
      <name>Social Sciences and History</name>
    </policyArea>
    <subjects>
      <billSubjects>
        <policyArea>
          <name>Social Sciences and History</name>
        </policyArea>
        <legislativeSubjects>
          <item>
            <name>Advisory bodies</name>
          </item>
          <item>
            <name>Archaeology and anthropology</name>
          </item>
          <item>
            <name>Department of the Interior</name>
          </item>
          <item>
            <name>Executive agency funding and structure</name>
          </item>
          <item>
            <name>Land transfers</name>
          </item>
          <item>
            <name>Monuments and memorials</name>
          </item>
          <item>
            <name>Museums, exhibitions, cultural centers</name>
          </item>
          <item>
            <name>New York City</name>
          </item>
          <item>
            <name>Parks, recreation areas, trails</name>
          </item>
          <item>
            <name>Racial and ethnic relations</name>
          </item>
          <item>
            <name>U.S. history</name>
          </item>
        </legislativeSubjects>
      </billSubjects>
    </subjects>
    <actions>
      <item>
        <actionDate>2013-03-04</actionDate>
        <committee>
          <systemCode>hsii10</systemCode>
          <name>Federal Lands Subcommittee</name>
        </committee>
        <links />
        <sourceSystem>
          <code>1</code>
          <name>House committee actions</name>
        </sourceSystem>
        <text>Referred to the Subcommittee on Public Lands and Environmental Regulation.</text>
        <type>Committee</type>
      </item>
      <item>
        <type>IntroReferral</type>
        <sourceSystem>
          <code>2</code>
          <name>House floor actions</name>
        </sourceSystem>
        <text>Referred to the House Committee on Natural Resources.</text>
        <committee>
          <systemCode>hsii00</systemCode>
          <name>Natural Resources Committee</name>
        </committee>
        <actionDate>2013-02-27</actionDate>
        <links />
        <actionCode>H11100</actionCode>
      </item>
      <item>
        <type>IntroReferral</type>
        <sourceSystem>
          <code>9</code>
          <name>Library of Congress</name>
        </sourceSystem>
        <text>Introduced in House</text>
        <committee />
        <actionDate>2013-02-27</actionDate>
        <links />
        <actionCode>Intro-H</actionCode>
      </item>
      <item>
        <type>IntroReferral</type>
        <sourceSystem>
          <code>9</code>
          <name>Library of Congress</name>
        </sourceSystem>
        <text>Introduced in House</text>
        <committee />
        <actionDate>2013-02-27</actionDate>
        <links />
        <actionCode>1000</actionCode>
      </item>
      <actionTypeCounts>
        <introducedInTheHouse>1</introducedInTheHouse>
        <placeholderTextForH>1</placeholderTextForH>
        <introducedInHouse>1</introducedInHouse>
        <billReferrals>1</billReferrals>
      </actionTypeCounts>
      <actionByCounts>
        <houseOfRepresentatives>4</houseOfRepresentatives>
      </actionByCounts>
    </actions>
    <originChamber>House</originChamber>
    <committees>
      <billCommittees>
        <item>
          <subcommittees>
            <item>
              <name>Federal Lands Subcommittee</name>
              <activities>
                <item>
                  <name>Referred to</name>
                  <date>2013-03-04T21:42:08Z</date>
                </item>
              </activities>
              <systemCode>hsii10</systemCode>
            </item>
          </subcommittees>
          <name>Natural Resources Committee</name>
          <type>Standing</type>
          <activities>
            <item>
              <name>Referred to</name>
              <date>2013-02-27T15:01:25Z</date>
            </item>
          </activities>
          <chamber>House</chamber>
          <systemCode>hsii00</systemCode>
        </item>
      </billCommittees>
    </committees>
    <cboCostEstimates />
    <billType>HR</billType>
    <billNumber>865</billNumber>
    <committeeReports />
    <notes />
    <title>African Burial Ground International Memorial Museum and Educational Center Act</title>
    <congress>113</congress>
    <sponsors>
      <item>
        <lastName>NADLER</lastName>
        <fullName>Rep. Nadler, Jerrold [D-NY-10]</fullName>
        <byRequestType />
        <identifiers>
          <bioguideId>N000002</bioguideId>
          <lisID>850</lisID>
          <gpoId>8069</gpoId>
        </identifiers>
        <bioguideId>N000002</bioguideId>
        <firstName>JERROLD</firstName>
        <middleName />
      </item>
    </sponsors>
    <relatedBills />
  </bill>
  <dublinCore xmlns:dc="http://purl.org/dc/elements/1.1/">
    <dc:format>text/xml</dc:format>
    <dc:language>EN</dc:language>
    <dc:rights>Pursuant to Title 17 Section 105 of the United States Code, this file is not subject to copyright protection and is in the public domain.</dc:rights>
    <dc:contributor>Congressional Research Service, Library of Congress</dc:contributor>
    <dc:description>This file contains bill summaries and statuses for federal legislation. A bill summary describes the most significant provisions of a piece of legislation and details the effects the legislative text may have on current law and federal programs. Bill summaries are authored by the Congressional Research Service (CRS) of the Library of Congress. As stated in Public Law 91-510 (2 USC 166 (d)(6)), one of the duties of CRS is "to prepare summaries and digests of bills and resolutions of a public general nature introduced in the Senate or House of Representatives". For more information, refer to the User Guide that accompanies this file.</dc:description>
  </dublinCore>
</billStatus>

