<?xml version="1.0" encoding="UTF-8"?>
<billStatus>
  <bill>
    <constitutionalAuthorityStatementText><![CDATA[<pre>By Mr. ISRAEL:H.R. 4840Congress has the power to enact this legislation pursuantto the following:Article I, Section 8, Clause 18 of the United StatesConstitution[Page H5319]</pre>]]></constitutionalAuthorityStatementText>
    <latestAction>
      <links />
      <actionDate>2014-06-13</actionDate>
      <text>Referred to the Subcommittee on Health.</text>
    </latestAction>
    <congress>113</congress>
    <summaries>
      <billSummaries>
        <item>
          <text><![CDATA[<p>Seniors' Identity Protection Act of 2014 - Amends title II (Old Age, Survivors and Disability Insurance) (OASDI) of the Social Security Act (SSA) to prohibit the use of Social Security account numbers on identification cards issued by the U.S. government in connection with benefits under SSA titles XVIII (Medicare), XIX (Medicaid), and XXI (Children's Health Insurance Program) (CHIP). </p> <p>Declares the sense of Congress that private entities should not use Social Security account numbers as a method identifying individuals on documents made available to the public or on personal identification cards.</p>]]></text>
          <name>Introduced in House</name>
          <versionCode>00</versionCode>
          <actionDate>2014-06-11</actionDate>
          <actionDesc>Introduced in House</actionDesc>
          <lastSummaryUpdateDate>2014-06-30T19:35:29Z</lastSummaryUpdateDate>
          <updateDate>2014-06-11T04:00:00Z</updateDate>
        </item>
      </billSummaries>
    </summaries>
    <cboCostEstimates />
    <calendarNumbers />
    <billType>HR</billType>
    <committees>
      <billCommittees>
        <item>
          <systemCode>hsif00</systemCode>
          <subcommittees>
            <item>
              <systemCode>hsif14</systemCode>
              <name>Health Subcommittee</name>
              <activities>
                <item>
                  <name>Referred to</name>
                  <date>2014-06-13T16:41:47Z</date>
                </item>
              </activities>
            </item>
          </subcommittees>
          <chamber>House</chamber>
          <type>Standing</type>
          <name>Energy and Commerce Committee</name>
          <activities>
            <item>
              <name>Referred to</name>
              <date>2014-06-11T14:00:44Z</date>
            </item>
          </activities>
        </item>
        <item>
          <systemCode>hswm00</systemCode>
          <subcommittees />
          <chamber>House</chamber>
          <type>Standing</type>
          <name>Ways and Means Committee</name>
          <activities>
            <item>
              <name>Referred to</name>
              <date>2014-06-11T14:00:39Z</date>
            </item>
          </activities>
        </item>
      </billCommittees>
    </committees>
    <introducedDate>2014-06-11</introducedDate>
    <recordedVotes />
    <titles>
      <item>
        <chamberName />
        <titleType>Short Titles as Introduced</titleType>
        <title>Seniors' Identity Protection Act of 2014</title>
        <chamberCode />
        <parentTitleType />
      </item>
      <item>
        <chamberName />
        <titleType>Official Title as Introduced</titleType>
        <title>To amend title II of the Social Security Act to preclude use of the social security account number on Government-issued identification cards issued in connection with Medicare, Medicaid, and SCHIP benefits, and for other purposes.</title>
        <chamberCode />
        <parentTitleType />
      </item>
      <item>
        <chamberName />
        <titleType>Display Title</titleType>
        <title>Seniors' Identity Protection Act of 2014</title>
        <chamberCode />
        <parentTitleType />
      </item>
    </titles>
    <sponsors>
      <item>
        <bioguideId>I000057</bioguideId>
        <fullName>Rep. Israel, Steve [D-NY-3]</fullName>
        <byRequestType />
        <lastName>ISRAEL</lastName>
        <firstName>STEVE</firstName>
        <middleName />
        <identifiers>
          <bioguideId>I000057</bioguideId>
          <lisID>1663</lisID>
          <gpoId>8063</gpoId>
        </identifiers>
      </item>
    </sponsors>
    <laws />
    <originChamber>House</originChamber>
    <createDate>2014-06-12T07:19:56Z</createDate>
    <notes />
    <title>Seniors' Identity Protection Act of 2014</title>
    <policyArea>
      <name>Social Welfare</name>
    </policyArea>
    <billNumber>4840</billNumber>
    <committeeReports />
    <subjects>
      <billSubjects>
        <policyArea>
          <name>Social Welfare</name>
        </policyArea>
        <legislativeSubjects>
          <item>
            <name>Child health</name>
          </item>
          <item>
            <name>Computer security and identity theft</name>
          </item>
          <item>
            <name>Crime prevention</name>
          </item>
          <item>
            <name>Fraud offenses and financial crimes</name>
          </item>
          <item>
            <name>Government information and archives</name>
          </item>
          <item>
            <name>Health care costs and insurance</name>
          </item>
          <item>
            <name>Medicaid</name>
          </item>
          <item>
            <name>Medicare</name>
          </item>
          <item>
            <name>Social security and elderly assistance</name>
          </item>
        </legislativeSubjects>
      </billSubjects>
    </subjects>
    <relatedBills />
    <updateDate>2016-10-25T16:13:58Z</updateDate>
    <amendments />
    <actions>
      <item>
        <actionDate>2014-06-13</actionDate>
        <committee>
          <systemCode>hsif14</systemCode>
          <name>Health Subcommittee</name>
        </committee>
        <links />
        <sourceSystem>
          <code>1</code>
          <name>House committee actions</name>
        </sourceSystem>
        <text>Referred to the Subcommittee on Health.</text>
        <type>Committee</type>
      </item>
      <item>
        <type>IntroReferral</type>
        <sourceSystem>
          <code>2</code>
          <name>House floor actions</name>
        </sourceSystem>
        <text>Referred to House Energy and Commerce</text>
        <committee>
          <systemCode>hsif00</systemCode>
          <name>Energy and Commerce Committee</name>
        </committee>
        <actionDate>2014-06-11</actionDate>
        <links />
        <actionCode>H11100</actionCode>
      </item>
      <item>
        <type>IntroReferral</type>
        <sourceSystem>
          <code>2</code>
          <name>House floor actions</name>
        </sourceSystem>
        <text>Referred to House Ways and Means</text>
        <committee>
          <systemCode>hswm00</systemCode>
          <name>Ways and Means Committee</name>
        </committee>
        <actionDate>2014-06-11</actionDate>
        <links />
        <actionCode>H11100</actionCode>
      </item>
      <item>
        <type>IntroReferral</type>
        <sourceSystem>
          <code>9</code>
          <name>Library of Congress</name>
        </sourceSystem>
        <text>Referred to the Committee on Ways and Means, and in addition to the Committee on Energy and Commerce, for a period to be subsequently determined by the Speaker, in each case for consideration of such provisions as fall within the jurisdiction of the committee concerned.</text>
        <committee />
        <actionDate>2014-06-11</actionDate>
        <links />
        <actionCode>H11100-A</actionCode>
      </item>
      <item>
        <type>IntroReferral</type>
        <sourceSystem>
          <code>9</code>
          <name>Library of Congress</name>
        </sourceSystem>
        <text>Introduced in House</text>
        <committee />
        <actionDate>2014-06-11</actionDate>
        <links />
        <actionCode>Intro-H</actionCode>
      </item>
      <item>
        <type>IntroReferral</type>
        <sourceSystem>
          <code>9</code>
          <name>Library of Congress</name>
        </sourceSystem>
        <text>Introduced in House</text>
        <committee />
        <actionDate>2014-06-11</actionDate>
        <links />
        <actionCode>1000</actionCode>
      </item>
      <actionTypeCounts>
        <introducedInTheHouse>1</introducedInTheHouse>
        <billReferralsAggregate>1</billReferralsAggregate>
        <placeholderTextForH>1</placeholderTextForH>
        <introducedInHouse>1</introducedInHouse>
        <billReferrals>2</billReferrals>
      </actionTypeCounts>
      <actionByCounts>
        <houseOfRepresentatives>6</houseOfRepresentatives>
      </actionByCounts>
    </actions>
    <cosponsors>
      <item>
        <sponsorshipDate>2014-12-04</sponsorshipDate>
        <lastName>Meng</lastName>
        <fullName>Rep. Meng, Grace [D-NY-6]</fullName>
        <middleName />
        <firstName>Grace</firstName>
        <sponsorshipWithdrawnDate />
        <identifiers>
          <lisID>2148</lisID>
          <bioguideId>M001188</bioguideId>
          <gpoId />
        </identifiers>
        <isOriginalCosponsor>False</isOriginalCosponsor>
        <bioguideId>M001188</bioguideId>
      </item>
    </cosponsors>
  </bill>
  <dublinCore xmlns:dc="http://purl.org/dc/elements/1.1/">
    <dc:format>text/xml</dc:format>
    <dc:language>EN</dc:language>
    <dc:rights>Pursuant to Title 17 Section 105 of the United States Code, this file is not subject to copyright protection and is in the public domain.</dc:rights>
    <dc:contributor>Congressional Research Service, Library of Congress</dc:contributor>
    <dc:description>This file contains bill summaries and statuses for federal legislation. A bill summary describes the most significant provisions of a piece of legislation and details the effects the legislative text may have on current law and federal programs. Bill summaries are authored by the Congressional Research Service (CRS) of the Library of Congress. As stated in Public Law 91-510 (2 USC 166 (d)(6)), one of the duties of CRS is "to prepare summaries and digests of bills and resolutions of a public general nature introduced in the Senate or House of Representatives". For more information, refer to the User Guide that accompanies this file.</dc:description>
  </dublinCore>
</billStatus>

