<?xml version="1.0" encoding="UTF-8"?>
<billStatus>
  <bill>
    <titles>
      <item>
        <title>Rural Housing Preservation Act of 2013</title>
        <parentTitleType />
        <chamberName />
        <chamberCode />
        <titleType>Short Titles as Introduced</titleType>
      </item>
      <item>
        <title>To amend section 520 of the Housing Act of 1949 to revise the requirements for areas to be considered as rural areas for purposes of such Act.</title>
        <parentTitleType />
        <chamberName />
        <chamberCode />
        <titleType>Official Title as Introduced</titleType>
      </item>
      <item>
        <title>Rural Housing Preservation Act of 2013</title>
        <parentTitleType />
        <chamberName />
        <chamberCode />
        <titleType>Display Title</titleType>
      </item>
    </titles>
    <introducedDate>2013-02-27</introducedDate>
    <notes />
    <calendarNumbers />
    <committees>
      <billCommittees>
        <item>
          <subcommittees />
          <chamber>House</chamber>
          <systemCode>hsba00</systemCode>
          <type>Standing</type>
          <activities>
            <item>
              <name>Referred to</name>
              <date>2013-02-27T15:03:20Z</date>
            </item>
          </activities>
          <name>Financial Services Committee</name>
        </item>
      </billCommittees>
    </committees>
    <sponsors>
      <item>
        <lastName>Fortenberry</lastName>
        <middleName />
        <bioguideId>F000449</bioguideId>
        <firstName>Jeff</firstName>
        <byRequestType />
        <fullName>Rep. Fortenberry, Jeff [R-NE-1]</fullName>
        <identifiers>
          <lisID>1793</lisID>
          <bioguideId>F000449</bioguideId>
          <gpoId>8038</gpoId>
        </identifiers>
      </item>
    </sponsors>
    <subjects>
      <billSubjects>
        <policyArea>
          <name>Housing and Community Development</name>
        </policyArea>
        <legislativeSubjects>
          <item>
            <name>Census and government statistics</name>
          </item>
          <item>
            <name>Government lending and loan guarantees</name>
          </item>
          <item>
            <name>Housing finance and home ownership</name>
          </item>
          <item>
            <name>Rural conditions and development</name>
          </item>
        </legislativeSubjects>
      </billSubjects>
    </subjects>
    <originChamber>House</originChamber>
    <createDate>2013-02-28T07:00:51Z</createDate>
    <congress>113</congress>
    <recordedVotes />
    <billType>HR</billType>
    <actions>
      <actionTypeCounts>
        <introducedInTheHouse>1</introducedInTheHouse>
        <billReferrals>1</billReferrals>
        <introducedInHouse>1</introducedInHouse>
      </actionTypeCounts>
      <item>
        <committee>
          <name>Financial Services Committee</name>
          <systemCode>hsba00</systemCode>
        </committee>
        <actionCode>H11100</actionCode>
        <type>IntroReferral</type>
        <sourceSystem>
          <name>House floor actions</name>
          <code>2</code>
        </sourceSystem>
        <links />
        <text>Referred to the House Committee on Financial Services.</text>
        <actionDate>2013-02-27</actionDate>
      </item>
      <item>
        <committee />
        <actionCode>Intro-H</actionCode>
        <type>IntroReferral</type>
        <sourceSystem>
          <name>Library of Congress</name>
          <code>9</code>
        </sourceSystem>
        <links />
        <text>Introduced in House</text>
        <actionDate>2013-02-27</actionDate>
      </item>
      <item>
        <committee />
        <actionCode>1000</actionCode>
        <type>IntroReferral</type>
        <sourceSystem>
          <name>Library of Congress</name>
          <code>9</code>
        </sourceSystem>
        <links />
        <text>Introduced in House</text>
        <actionDate>2013-02-27</actionDate>
      </item>
      <actionByCounts>
        <houseOfRepresentatives>3</houseOfRepresentatives>
      </actionByCounts>
    </actions>
    <summaries>
      <billSummaries>
        <item>
          <lastSummaryUpdateDate>2013-03-14T19:25:39Z</lastSummaryUpdateDate>
          <text><![CDATA[<p>Rural Housing Preservation Act of 2013 - Amends the Housing Act of 1949 to revise the requirements for consideration as rural areas with respect to assistance for farm housing.</p> <p> States that any area classified as &quot;rural&quot; or a &quot;rural area&quot; before October 1, 1990, and determined not to be &quot;rural&quot; or a &quot;rural area&quot; as a result of data received from or after the 1990, 2000, or 2010 (currently, only the 1990 or 2000) decennial census shall continue to be so classified until the receipt of data from the decennial census in the year 2020 (currently, 2010), if, as under current law, such area has a population of between 10,000 and 25,000, is rural in character, and has a serious lack of mortgage credit for lower and moderate-income families.</p>]]></text>
          <updateDate>2013-02-27T05:00:00Z</updateDate>
          <actionDesc>Introduced in House</actionDesc>
          <name>Introduced in House</name>
          <versionCode>00</versionCode>
          <actionDate>2013-02-27</actionDate>
        </item>
      </billSummaries>
    </summaries>
    <constitutionalAuthorityStatementText><![CDATA[<pre>By Mr. FORTENBERRY:H.R. 858.Congress has the power to enact this legislation pursuantto the following:Article I, Section 8, Clause 1 of the United StatesConstitution.[Page H702]</pre>]]></constitutionalAuthorityStatementText>
    <relatedBills />
    <policyArea>
      <name>Housing and Community Development</name>
    </policyArea>
    <updateDate>2016-10-25T15:59:43Z</updateDate>
    <cosponsors>
      <item>
        <sponsorshipDate>2013-02-27</sponsorshipDate>
        <lastName>HINOJOSA</lastName>
        <middleName />
        <firstName>RUBEN</firstName>
        <fullName>Rep. Hinojosa, Ruben [D-TX-15]</fullName>
        <bioguideId>H000636</bioguideId>
        <identifiers>
          <gpoId>8171</gpoId>
          <bioguideId>H000636</bioguideId>
          <lisID>1490</lisID>
        </identifiers>
        <sponsorshipWithdrawnDate />
        <isOriginalCosponsor>True</isOriginalCosponsor>
      </item>
      <item>
        <sponsorshipDate>2013-02-27</sponsorshipDate>
        <lastName>CAPITO</lastName>
        <middleName>MOORE</middleName>
        <firstName>SHELLEY</firstName>
        <fullName>Rep. Capito, Shelley Moore [R-WV-2]</fullName>
        <bioguideId>C001047</bioguideId>
        <identifiers>
          <lisID>1676</lisID>
          <bioguideId>C001047</bioguideId>
          <gpoId>8223</gpoId>
        </identifiers>
        <sponsorshipWithdrawnDate />
        <isOriginalCosponsor>True</isOriginalCosponsor>
      </item>
      <item>
        <sponsorshipDate>2013-02-27</sponsorshipDate>
        <lastName>Walz</lastName>
        <middleName>J.</middleName>
        <firstName>Timothy</firstName>
        <fullName>Rep. Walz, Timothy J. [D-MN-1]</fullName>
        <bioguideId>W000799</bioguideId>
        <identifiers>
          <gpoId>8001</gpoId>
          <bioguideId>W000799</bioguideId>
          <lisID>1856</lisID>
        </identifiers>
        <sponsorshipWithdrawnDate />
        <isOriginalCosponsor>True</isOriginalCosponsor>
      </item>
      <item>
        <sponsorshipDate>2013-02-27</sponsorshipDate>
        <lastName>Womack</lastName>
        <middleName />
        <firstName>Steve</firstName>
        <fullName>Rep. Womack, Steve [R-AR-3]</fullName>
        <bioguideId>W000809</bioguideId>
        <identifiers>
          <lisID>1991</lisID>
          <bioguideId>W000809</bioguideId>
          <gpoId>7795</gpoId>
        </identifiers>
        <sponsorshipWithdrawnDate />
        <isOriginalCosponsor>True</isOriginalCosponsor>
      </item>
      <item>
        <sponsorshipDate>2013-02-27</sponsorshipDate>
        <lastName>Courtney</lastName>
        <middleName />
        <firstName>Joe</firstName>
        <fullName>Rep. Courtney, Joe [D-CT-2]</fullName>
        <bioguideId>C001069</bioguideId>
        <identifiers>
          <lisID>1836</lisID>
          <gpoId>7867</gpoId>
          <bioguideId>C001069</bioguideId>
        </identifiers>
        <sponsorshipWithdrawnDate />
        <isOriginalCosponsor>True</isOriginalCosponsor>
      </item>
      <item>
        <sponsorshipDate>2013-03-14</sponsorshipDate>
        <lastName>FARR</lastName>
        <middleName />
        <firstName>SAM</firstName>
        <fullName>Rep. Farr, Sam [D-CA-20]</fullName>
        <bioguideId>F000030</bioguideId>
        <identifiers>
          <lisID>368</lisID>
          <gpoId>7822</gpoId>
          <bioguideId>F000030</bioguideId>
        </identifiers>
        <sponsorshipWithdrawnDate />
        <isOriginalCosponsor>False</isOriginalCosponsor>
      </item>
      <item>
        <sponsorshipDate>2013-03-14</sponsorshipDate>
        <lastName>Harper</lastName>
        <middleName />
        <firstName>Gregg</firstName>
        <fullName>Rep. Harper, Gregg [R-MS-3]</fullName>
        <bioguideId>H001045</bioguideId>
        <identifiers>
          <bioguideId>H001045</bioguideId>
          <lisID>1933</lisID>
          <gpoId>8021</gpoId>
        </identifiers>
        <sponsorshipWithdrawnDate />
        <isOriginalCosponsor>False</isOriginalCosponsor>
      </item>
      <item>
        <sponsorshipDate>2013-03-14</sponsorshipDate>
        <lastName>JONES</lastName>
        <middleName>B.</middleName>
        <firstName>WALTER</firstName>
        <fullName>Rep. Jones, Walter B., Jr. [R-NC-3]</fullName>
        <bioguideId>J000255</bioguideId>
        <identifiers>
          <lisID>612</lisID>
          <gpoId>8026</gpoId>
          <bioguideId>J000255</bioguideId>
        </identifiers>
        <sponsorshipWithdrawnDate />
        <isOriginalCosponsor>False</isOriginalCosponsor>
      </item>
      <item>
        <sponsorshipDate>2013-03-14</sponsorshipDate>
        <lastName>Denham</lastName>
        <middleName />
        <firstName>Jeff</firstName>
        <fullName>Rep. Denham, Jeff [R-CA-10]</fullName>
        <bioguideId>D000612</bioguideId>
        <identifiers>
          <bioguideId>D000612</bioguideId>
          <lisID>1995</lisID>
          <gpoId>7824</gpoId>
        </identifiers>
        <sponsorshipWithdrawnDate />
        <isOriginalCosponsor>False</isOriginalCosponsor>
      </item>
      <item>
        <sponsorshipDate>2013-03-14</sponsorshipDate>
        <lastName>LANGEVIN</lastName>
        <middleName>R.</middleName>
        <firstName>JAMES</firstName>
        <fullName>Rep. Langevin, James R. [D-RI-2]</fullName>
        <bioguideId>L000559</bioguideId>
        <identifiers>
          <lisID>1668</lisID>
          <bioguideId>L000559</bioguideId>
          <gpoId>8140</gpoId>
        </identifiers>
        <sponsorshipWithdrawnDate />
        <isOriginalCosponsor>False</isOriginalCosponsor>
      </item>
      <item>
        <sponsorshipDate>2013-03-14</sponsorshipDate>
        <lastName>YOUNG</lastName>
        <middleName>E.</middleName>
        <firstName>DON</firstName>
        <fullName>Rep. Young, Don [R-AK-At Large]</fullName>
        <bioguideId>Y000033</bioguideId>
        <identifiers>
          <gpoId>7785</gpoId>
          <bioguideId>Y000033</bioguideId>
          <lisID>1256</lisID>
        </identifiers>
        <sponsorshipWithdrawnDate />
        <isOriginalCosponsor>False</isOriginalCosponsor>
      </item>
      <item>
        <sponsorshipDate>2013-03-14</sponsorshipDate>
        <lastName>NEAL</lastName>
        <middleName>E.</middleName>
        <firstName>RICHARD</firstName>
        <fullName>Rep. Neal, Richard E. [D-MA-1]</fullName>
        <bioguideId>N000015</bioguideId>
        <identifiers>
          <gpoId>7967</gpoId>
          <lisID>854</lisID>
          <bioguideId>N000015</bioguideId>
        </identifiers>
        <sponsorshipWithdrawnDate />
        <isOriginalCosponsor>False</isOriginalCosponsor>
      </item>
      <item>
        <sponsorshipDate>2013-03-14</sponsorshipDate>
        <lastName>CAPPS</lastName>
        <middleName />
        <firstName>LOIS</firstName>
        <fullName>Rep. Capps, Lois [D-CA-24]</fullName>
        <bioguideId>C001036</bioguideId>
        <identifiers>
          <lisID>1471</lisID>
          <gpoId>7828</gpoId>
          <bioguideId>C001036</bioguideId>
        </identifiers>
        <sponsorshipWithdrawnDate />
        <isOriginalCosponsor>False</isOriginalCosponsor>
      </item>
      <item>
        <sponsorshipDate>2013-03-14</sponsorshipDate>
        <lastName>MCINTYRE</lastName>
        <middleName />
        <firstName>MIKE</firstName>
        <fullName>Rep. McIntyre, Mike [D-NC-7]</fullName>
        <bioguideId>M000485</bioguideId>
        <identifiers>
          <lisID>1505</lisID>
          <bioguideId>M000485</bioguideId>
          <gpoId>8030</gpoId>
        </identifiers>
        <sponsorshipWithdrawnDate />
        <isOriginalCosponsor>False</isOriginalCosponsor>
      </item>
      <item>
        <sponsorshipDate>2013-03-14</sponsorshipDate>
        <lastName>Griffin</lastName>
        <middleName />
        <firstName>Tim</firstName>
        <fullName>Rep. Griffin, Tim [R-AR-2]</fullName>
        <bioguideId>G000567</bioguideId>
        <identifiers>
          <gpoId>7794</gpoId>
          <bioguideId>G000567</bioguideId>
          <lisID>1990</lisID>
        </identifiers>
        <sponsorshipWithdrawnDate />
        <isOriginalCosponsor>False</isOriginalCosponsor>
      </item>
      <item>
        <sponsorshipDate>2013-03-14</sponsorshipDate>
        <lastName>LARSEN</lastName>
        <middleName />
        <firstName>RICK</firstName>
        <fullName>Rep. Larsen, Rick [D-WA-2]</fullName>
        <bioguideId>L000560</bioguideId>
        <identifiers>
          <bioguideId>L000560</bioguideId>
          <lisID>1675</lisID>
          <gpoId>8206</gpoId>
        </identifiers>
        <sponsorshipWithdrawnDate />
        <isOriginalCosponsor>False</isOriginalCosponsor>
      </item>
      <item>
        <sponsorshipDate>2013-03-14</sponsorshipDate>
        <lastName>Pierluisi</lastName>
        <middleName>R.</middleName>
        <firstName>Pedro</firstName>
        <fullName>Rep. Pierluisi, Pedro R. [D-PR-At Large]</fullName>
        <bioguideId>P000596</bioguideId>
        <identifiers>
          <lisID>1953</lisID>
          <bioguideId>P000596</bioguideId>
          <gpoId>8138</gpoId>
        </identifiers>
        <sponsorshipWithdrawnDate />
        <isOriginalCosponsor>False</isOriginalCosponsor>
      </item>
      <item>
        <sponsorshipDate>2013-03-14</sponsorshipDate>
        <lastName>Long</lastName>
        <middleName />
        <firstName>Billy</firstName>
        <fullName>Rep. Long, Billy [R-MO-7]</fullName>
        <bioguideId>L000576</bioguideId>
        <identifiers>
          <gpoId>8015</gpoId>
          <bioguideId>L000576</bioguideId>
          <lisID>2033</lisID>
        </identifiers>
        <sponsorshipWithdrawnDate />
        <isOriginalCosponsor>False</isOriginalCosponsor>
      </item>
      <item>
        <sponsorshipDate>2013-03-14</sponsorshipDate>
        <lastName>Valadao</lastName>
        <middleName>G.</middleName>
        <firstName>David</firstName>
        <fullName>Rep. Valadao, David G. [R-CA-21]</fullName>
        <bioguideId>V000129</bioguideId>
        <identifiers>
          <bioguideId>V000129</bioguideId>
          <lisID>2105</lisID>
          <gpoId />
        </identifiers>
        <sponsorshipWithdrawnDate />
        <isOriginalCosponsor>False</isOriginalCosponsor>
      </item>
      <item>
        <sponsorshipDate>2013-03-14</sponsorshipDate>
        <lastName>Michaud</lastName>
        <middleName>H.</middleName>
        <firstName>Michael</firstName>
        <fullName>Rep. Michaud, Michael H. [D-ME-2]</fullName>
        <bioguideId>M001149</bioguideId>
        <identifiers>
          <gpoId>7985</gpoId>
          <bioguideId>M001149</bioguideId>
          <lisID>1730</lisID>
        </identifiers>
        <sponsorshipWithdrawnDate />
        <isOriginalCosponsor>False</isOriginalCosponsor>
      </item>
      <item>
        <sponsorshipDate>2013-03-14</sponsorshipDate>
        <lastName>Nunes</lastName>
        <middleName />
        <firstName>Devin</firstName>
        <fullName>Rep. Nunes, Devin [R-CA-22]</fullName>
        <bioguideId>N000181</bioguideId>
        <identifiers>
          <gpoId>7826</gpoId>
          <lisID>1710</lisID>
          <bioguideId>N000181</bioguideId>
        </identifiers>
        <sponsorshipWithdrawnDate />
        <isOriginalCosponsor>False</isOriginalCosponsor>
      </item>
      <item>
        <sponsorshipDate>2013-03-14</sponsorshipDate>
        <lastName>PASTOR</lastName>
        <middleName />
        <firstName>ED</firstName>
        <fullName>Rep. Pastor, Ed [D-AZ-7]</fullName>
        <bioguideId>P000099</bioguideId>
        <identifiers>
          <lisID>893</lisID>
          <bioguideId>P000099</bioguideId>
          <gpoId>7801</gpoId>
        </identifiers>
        <sponsorshipWithdrawnDate />
        <isOriginalCosponsor>False</isOriginalCosponsor>
      </item>
      <item>
        <sponsorshipDate>2013-03-14</sponsorshipDate>
        <lastName>Enyart</lastName>
        <middleName>L.</middleName>
        <firstName>William</firstName>
        <fullName>Rep. Enyart, William L. [D-IL-12]</fullName>
        <bioguideId>E000292</bioguideId>
        <identifiers>
          <lisID>2125</lisID>
          <bioguideId>E000292</bioguideId>
          <gpoId />
        </identifiers>
        <sponsorshipWithdrawnDate />
        <isOriginalCosponsor>False</isOriginalCosponsor>
      </item>
      <item>
        <sponsorshipDate>2013-03-14</sponsorshipDate>
        <lastName>Welch</lastName>
        <middleName />
        <firstName>Peter</firstName>
        <fullName>Rep. Welch, Peter [D-VT-At Large]</fullName>
        <bioguideId>W000800</bioguideId>
        <identifiers>
          <gpoId>8204</gpoId>
          <lisID>1879</lisID>
          <bioguideId>W000800</bioguideId>
        </identifiers>
        <sponsorshipWithdrawnDate />
        <isOriginalCosponsor>False</isOriginalCosponsor>
      </item>
      <item>
        <sponsorshipDate>2013-03-14</sponsorshipDate>
        <lastName>Vargas</lastName>
        <middleName />
        <firstName>Juan</firstName>
        <fullName>Rep. Vargas, Juan [D-CA-51]</fullName>
        <bioguideId>V000130</bioguideId>
        <identifiers>
          <gpoId />
          <lisID>2112</lisID>
          <bioguideId>V000130</bioguideId>
        </identifiers>
        <sponsorshipWithdrawnDate />
        <isOriginalCosponsor>False</isOriginalCosponsor>
      </item>
      <item>
        <sponsorshipDate>2013-03-14</sponsorshipDate>
        <lastName>Gosar</lastName>
        <middleName>A.</middleName>
        <firstName>Paul</firstName>
        <fullName>Rep. Gosar, Paul A. [R-AZ-4]</fullName>
        <bioguideId>G000565</bioguideId>
        <identifiers>
          <bioguideId>G000565</bioguideId>
          <lisID>1992</lisID>
          <gpoId>7798</gpoId>
        </identifiers>
        <sponsorshipWithdrawnDate />
        <isOriginalCosponsor>False</isOriginalCosponsor>
      </item>
      <item>
        <sponsorshipDate>2013-03-14</sponsorshipDate>
        <lastName>LOBIONDO</lastName>
        <middleName>A.</middleName>
        <firstName>FRANK</firstName>
        <fullName>Rep. LoBiondo, Frank A. [R-NJ-2]</fullName>
        <bioguideId>L000554</bioguideId>
        <identifiers>
          <lisID>699</lisID>
          <bioguideId>L000554</bioguideId>
          <gpoId>8044</gpoId>
        </identifiers>
        <sponsorshipWithdrawnDate />
        <isOriginalCosponsor>False</isOriginalCosponsor>
      </item>
      <item>
        <sponsorshipDate>2013-03-14</sponsorshipDate>
        <lastName>Grijalva</lastName>
        <middleName>M.</middleName>
        <firstName>Raul</firstName>
        <fullName>Rep. Grijalva, Raul M. [D-AZ-3]</fullName>
        <bioguideId>G000551</bioguideId>
        <identifiers>
          <lisID>1708</lisID>
          <gpoId>7804</gpoId>
          <bioguideId>G000551</bioguideId>
        </identifiers>
        <sponsorshipWithdrawnDate />
        <isOriginalCosponsor>False</isOriginalCosponsor>
      </item>
      <item>
        <sponsorshipDate>2013-03-14</sponsorshipDate>
        <lastName>McNerney</lastName>
        <middleName />
        <firstName>Jerry</firstName>
        <fullName>Rep. McNerney, Jerry [D-CA-9]</fullName>
        <bioguideId>M001166</bioguideId>
        <identifiers>
          <gpoId>7816</gpoId>
          <bioguideId>M001166</bioguideId>
          <lisID>1832</lisID>
        </identifiers>
        <sponsorshipWithdrawnDate />
        <isOriginalCosponsor>False</isOriginalCosponsor>
      </item>
      <item>
        <sponsorshipDate>2013-03-14</sponsorshipDate>
        <lastName>Pearce</lastName>
        <middleName />
        <firstName>Stevan</firstName>
        <fullName>Rep. Pearce, Stevan [R-NM-2]</fullName>
        <bioguideId>P000588</bioguideId>
        <identifiers>
          <gpoId>8057</gpoId>
          <bioguideId>P000588</bioguideId>
          <lisID>1738</lisID>
        </identifiers>
        <sponsorshipWithdrawnDate />
        <isOriginalCosponsor>False</isOriginalCosponsor>
      </item>
      <item>
        <sponsorshipDate>2013-03-14</sponsorshipDate>
        <lastName>Noem</lastName>
        <middleName>L.</middleName>
        <firstName>Kristi</firstName>
        <fullName>Rep. Noem, Kristi L. [R-SD-At Large]</fullName>
        <bioguideId>N000184</bioguideId>
        <identifiers>
          <bioguideId>N000184</bioguideId>
          <lisID>2060</lisID>
          <gpoId>8147</gpoId>
        </identifiers>
        <sponsorshipWithdrawnDate />
        <isOriginalCosponsor>False</isOriginalCosponsor>
      </item>
      <item>
        <sponsorshipDate>2013-03-14</sponsorshipDate>
        <lastName>TERRY</lastName>
        <middleName />
        <firstName>LEE</firstName>
        <fullName>Rep. Terry, Lee [R-NE-2]</fullName>
        <bioguideId>T000459</bioguideId>
        <identifiers>
          <gpoId>8039</gpoId>
          <lisID>1566</lisID>
          <bioguideId>T000459</bioguideId>
        </identifiers>
        <sponsorshipWithdrawnDate />
        <isOriginalCosponsor>False</isOriginalCosponsor>
      </item>
      <item>
        <sponsorshipDate>2013-03-14</sponsorshipDate>
        <lastName>THOMPSON</lastName>
        <middleName />
        <firstName>BENNIE</firstName>
        <fullName>Rep. Thompson, Bennie G. [D-MS-2]</fullName>
        <bioguideId>T000193</bioguideId>
        <identifiers>
          <gpoId>8020</gpoId>
          <bioguideId>T000193</bioguideId>
          <lisID>1151</lisID>
        </identifiers>
        <sponsorshipWithdrawnDate />
        <isOriginalCosponsor>False</isOriginalCosponsor>
      </item>
      <item>
        <sponsorshipDate>2013-03-14</sponsorshipDate>
        <lastName>Keating</lastName>
        <middleName>R.</middleName>
        <firstName>William</firstName>
        <fullName>Rep. Keating, William R. [D-MA-9]</fullName>
        <bioguideId>K000375</bioguideId>
        <identifiers>
          <lisID>2025</lisID>
          <gpoId>7975</gpoId>
          <bioguideId>K000375</bioguideId>
        </identifiers>
        <sponsorshipWithdrawnDate />
        <isOriginalCosponsor>False</isOriginalCosponsor>
      </item>
      <item>
        <sponsorshipDate>2013-03-14</sponsorshipDate>
        <lastName>Loebsack</lastName>
        <middleName />
        <firstName>David</firstName>
        <fullName>Rep. Loebsack, David [D-IA-2]</fullName>
        <bioguideId>L000565</bioguideId>
        <identifiers>
          <bioguideId>L000565</bioguideId>
          <lisID>1846</lisID>
          <gpoId>7915</gpoId>
        </identifiers>
        <sponsorshipWithdrawnDate />
        <isOriginalCosponsor>False</isOriginalCosponsor>
      </item>
      <item>
        <sponsorshipDate>2013-03-21</sponsorshipDate>
        <lastName>Brownley</lastName>
        <middleName />
        <firstName>Julia</firstName>
        <fullName>Rep. Brownley, Julia [D-CA-26]</fullName>
        <bioguideId>B001285</bioguideId>
        <identifiers>
          <lisID>2106</lisID>
          <bioguideId>B001285</bioguideId>
          <gpoId />
        </identifiers>
        <sponsorshipWithdrawnDate />
        <isOriginalCosponsor>False</isOriginalCosponsor>
      </item>
      <item>
        <sponsorshipDate>2013-03-21</sponsorshipDate>
        <lastName>Barletta</lastName>
        <middleName />
        <firstName>Lou</firstName>
        <fullName>Rep. Barletta, Lou [R-PA-11]</fullName>
        <bioguideId>B001269</bioguideId>
        <identifiers>
          <bioguideId>B001269</bioguideId>
          <lisID>2054</lisID>
          <gpoId>8129</gpoId>
        </identifiers>
        <sponsorshipWithdrawnDate />
        <isOriginalCosponsor>False</isOriginalCosponsor>
      </item>
      <item>
        <sponsorshipDate>2013-03-21</sponsorshipDate>
        <lastName>Crawford</lastName>
        <middleName>A. "Rick"</middleName>
        <firstName>Eric</firstName>
        <fullName>Rep. Crawford, Eric A. "Rick" [R-AR-1]</fullName>
        <bioguideId>C001087</bioguideId>
        <identifiers>
          <bioguideId>C001087</bioguideId>
          <lisID>1989</lisID>
          <gpoId>7793</gpoId>
        </identifiers>
        <sponsorshipWithdrawnDate />
        <isOriginalCosponsor>False</isOriginalCosponsor>
      </item>
      <item>
        <sponsorshipDate>2013-03-21</sponsorshipDate>
        <lastName>Harris</lastName>
        <middleName />
        <firstName>Andy</firstName>
        <fullName>Rep. Harris, Andy [R-MD-1]</fullName>
        <bioguideId>H001052</bioguideId>
        <identifiers>
          <gpoId>7976</gpoId>
          <lisID>2026</lisID>
          <bioguideId>H001052</bioguideId>
        </identifiers>
        <sponsorshipWithdrawnDate />
        <isOriginalCosponsor>False</isOriginalCosponsor>
      </item>
      <item>
        <sponsorshipDate>2013-03-21</sponsorshipDate>
        <lastName>MCGOVERN</lastName>
        <middleName>P.</middleName>
        <firstName>JAMES</firstName>
        <fullName>Rep. McGovern, James P. [D-MA-2]</fullName>
        <bioguideId>M000312</bioguideId>
        <identifiers>
          <lisID>1504</lisID>
          <bioguideId>M000312</bioguideId>
          <gpoId>7968</gpoId>
        </identifiers>
        <sponsorshipWithdrawnDate />
        <isOriginalCosponsor>False</isOriginalCosponsor>
      </item>
      <item>
        <sponsorshipDate>2013-03-21</sponsorshipDate>
        <lastName>Bonamici</lastName>
        <middleName />
        <firstName>Suzanne</firstName>
        <fullName>Rep. Bonamici, Suzanne [D-OR-1]</fullName>
        <bioguideId>B001278</bioguideId>
        <identifiers>
          <gpoId>8367</gpoId>
          <bioguideId>B001278</bioguideId>
          <lisID>2092</lisID>
        </identifiers>
        <sponsorshipWithdrawnDate />
        <isOriginalCosponsor>False</isOriginalCosponsor>
      </item>
      <item>
        <sponsorshipDate>2013-03-21</sponsorshipDate>
        <lastName>Hanabusa</lastName>
        <middleName>W.</middleName>
        <firstName>Colleen</firstName>
        <fullName>Rep. Hanabusa, Colleen W. [D-HI-1]</fullName>
        <bioguideId>H001050</bioguideId>
        <identifiers>
          <gpoId>7912</gpoId>
          <lisID>2010</lisID>
          <bioguideId>H001050</bioguideId>
        </identifiers>
        <sponsorshipWithdrawnDate />
        <isOriginalCosponsor>False</isOriginalCosponsor>
      </item>
      <item>
        <sponsorshipDate>2013-03-21</sponsorshipDate>
        <lastName>Cicilline</lastName>
        <middleName>N.</middleName>
        <firstName>David</firstName>
        <fullName>Rep. Cicilline, David N. [D-RI-1]</fullName>
        <bioguideId>C001084</bioguideId>
        <identifiers>
          <bioguideId>C001084</bioguideId>
          <lisID>2055</lisID>
          <gpoId>8139</gpoId>
        </identifiers>
        <sponsorshipWithdrawnDate />
        <isOriginalCosponsor>False</isOriginalCosponsor>
      </item>
      <item>
        <sponsorshipDate>2013-03-21</sponsorshipDate>
        <lastName>Ruiz</lastName>
        <middleName />
        <firstName>Raul</firstName>
        <fullName>Rep. Ruiz, Raul [D-CA-36]</fullName>
        <bioguideId>R000599</bioguideId>
        <identifiers>
          <bioguideId>R000599</bioguideId>
          <lisID>2109</lisID>
          <gpoId />
        </identifiers>
        <sponsorshipWithdrawnDate />
        <isOriginalCosponsor>False</isOriginalCosponsor>
      </item>
      <item>
        <sponsorshipDate>2013-04-19</sponsorshipDate>
        <lastName>Murphy</lastName>
        <middleName />
        <firstName>Patrick</firstName>
        <fullName>Rep. Murphy, Patrick [D-FL-18]</fullName>
        <bioguideId>M001191</bioguideId>
        <identifiers>
          <bioguideId>M001191</bioguideId>
          <lisID>2117</lisID>
          <gpoId />
        </identifiers>
        <sponsorshipWithdrawnDate />
        <isOriginalCosponsor>False</isOriginalCosponsor>
      </item>
      <item>
        <sponsorshipDate>2013-04-19</sponsorshipDate>
        <lastName>Vela</lastName>
        <middleName />
        <firstName>Filemon</firstName>
        <fullName>Rep. Vela, Filemon [D-TX-34]</fullName>
        <bioguideId>V000132</bioguideId>
        <identifiers>
          <lisID>2167</lisID>
          <bioguideId>V000132</bioguideId>
          <gpoId />
        </identifiers>
        <sponsorshipWithdrawnDate />
        <isOriginalCosponsor>False</isOriginalCosponsor>
      </item>
      <item>
        <sponsorshipDate>2013-04-19</sponsorshipDate>
        <lastName>Barr</lastName>
        <middleName />
        <firstName>Andy</firstName>
        <fullName>Rep. Barr, Andy [R-KY-6]</fullName>
        <bioguideId>B001282</bioguideId>
        <identifiers>
          <gpoId />
          <bioguideId>B001282</bioguideId>
          <lisID>2131</lisID>
        </identifiers>
        <sponsorshipWithdrawnDate />
        <isOriginalCosponsor>False</isOriginalCosponsor>
      </item>
      <item>
        <sponsorshipDate>2013-04-19</sponsorshipDate>
        <lastName>Guthrie</lastName>
        <middleName />
        <firstName>Brett</firstName>
        <fullName>Rep. Guthrie, Brett [R-KY-2]</fullName>
        <bioguideId>G000558</bioguideId>
        <identifiers>
          <lisID>1922</lisID>
          <bioguideId>G000558</bioguideId>
          <gpoId>7954</gpoId>
        </identifiers>
        <sponsorshipWithdrawnDate />
        <isOriginalCosponsor>False</isOriginalCosponsor>
      </item>
      <item>
        <sponsorshipDate>2013-04-19</sponsorshipDate>
        <lastName>Tipton</lastName>
        <middleName>R.</middleName>
        <firstName>Scott</firstName>
        <fullName>Rep. Tipton, Scott  R. [R-CO-3]</fullName>
        <bioguideId>T000470</bioguideId>
        <identifiers>
          <gpoId>7861</gpoId>
          <bioguideId>T000470</bioguideId>
          <lisID>1997</lisID>
        </identifiers>
        <sponsorshipWithdrawnDate />
        <isOriginalCosponsor>False</isOriginalCosponsor>
      </item>
      <item>
        <sponsorshipDate>2013-04-19</sponsorshipDate>
        <lastName>Gardner</lastName>
        <middleName />
        <firstName>Cory</firstName>
        <fullName>Rep. Gardner, Cory [R-CO-4]</fullName>
        <bioguideId>G000562</bioguideId>
        <identifiers>
          <lisID>1998</lisID>
          <bioguideId>G000562</bioguideId>
          <gpoId>7862</gpoId>
        </identifiers>
        <sponsorshipWithdrawnDate />
        <isOriginalCosponsor>False</isOriginalCosponsor>
      </item>
      <item>
        <sponsorshipDate>2013-04-19</sponsorshipDate>
        <lastName>RYAN</lastName>
        <middleName />
        <firstName>TIM</firstName>
        <fullName>Rep. Ryan, Tim [D-OH-13]</fullName>
        <bioguideId>R000577</bioguideId>
        <identifiers>
          <gpoId>8107</gpoId>
          <bioguideId>R000577</bioguideId>
          <lisID>1756</lisID>
        </identifiers>
        <sponsorshipWithdrawnDate />
        <isOriginalCosponsor>False</isOriginalCosponsor>
      </item>
      <item>
        <sponsorshipDate>2013-04-19</sponsorshipDate>
        <lastName>Woodall</lastName>
        <middleName />
        <firstName>Rob</firstName>
        <fullName>Rep. Woodall, Rob [R-GA-7]</fullName>
        <bioguideId>W000810</bioguideId>
        <identifiers>
          <bioguideId>W000810</bioguideId>
          <lisID>2008</lisID>
          <gpoId>7904</gpoId>
        </identifiers>
        <sponsorshipWithdrawnDate />
        <isOriginalCosponsor>False</isOriginalCosponsor>
      </item>
      <item>
        <sponsorshipDate>2013-05-09</sponsorshipDate>
        <lastName>Bustos</lastName>
        <middleName />
        <firstName>Cheri</firstName>
        <fullName>Rep. Bustos, Cheri [D-IL-17]</fullName>
        <bioguideId>B001286</bioguideId>
        <identifiers>
          <bioguideId>B001286</bioguideId>
          <lisID>2127</lisID>
          <gpoId />
        </identifiers>
        <sponsorshipWithdrawnDate />
        <isOriginalCosponsor>False</isOriginalCosponsor>
      </item>
      <item>
        <sponsorshipDate>2013-05-09</sponsorshipDate>
        <lastName>Shea-Porter</lastName>
        <middleName />
        <firstName>Carol</firstName>
        <fullName>Rep. Shea-Porter, Carol [D-NH-1]</fullName>
        <bioguideId>S001170</bioguideId>
        <identifiers>
          <lisID>1861</lisID>
          <bioguideId>S001170</bioguideId>
          <gpoId>7528</gpoId>
        </identifiers>
        <sponsorshipWithdrawnDate />
        <isOriginalCosponsor>False</isOriginalCosponsor>
      </item>
      <item>
        <sponsorshipDate>2013-05-09</sponsorshipDate>
        <lastName>Collins</lastName>
        <middleName />
        <firstName>Chris</firstName>
        <fullName>Rep. Collins, Chris [R-NY-27]</fullName>
        <bioguideId>C001092</bioguideId>
        <identifiers>
          <gpoId />
          <bioguideId>C001092</bioguideId>
          <lisID>2151</lisID>
        </identifiers>
        <sponsorshipWithdrawnDate />
        <isOriginalCosponsor>False</isOriginalCosponsor>
      </item>
      <item>
        <sponsorshipDate>2013-06-04</sponsorshipDate>
        <lastName>LUCAS</lastName>
        <middleName>D.</middleName>
        <firstName>FRANK</firstName>
        <fullName>Rep. Lucas, Frank D. [R-OK-3]</fullName>
        <bioguideId>L000491</bioguideId>
        <identifiers>
          <gpoId>8111</gpoId>
          <lisID>711</lisID>
          <bioguideId>L000491</bioguideId>
        </identifiers>
        <sponsorshipWithdrawnDate />
        <isOriginalCosponsor>False</isOriginalCosponsor>
      </item>
      <item>
        <sponsorshipDate>2013-06-04</sponsorshipDate>
        <lastName>Schock</lastName>
        <middleName />
        <firstName>Aaron</firstName>
        <fullName>Rep. Schock, Aaron [R-IL-18]</fullName>
        <bioguideId>S001179</bioguideId>
        <identifiers>
          <bioguideId>S001179</bioguideId>
          <lisID>1920</lisID>
          <gpoId>7938</gpoId>
        </identifiers>
        <sponsorshipWithdrawnDate />
        <isOriginalCosponsor>False</isOriginalCosponsor>
      </item>
      <item>
        <sponsorshipDate>2013-06-04</sponsorshipDate>
        <lastName>Kilmer</lastName>
        <middleName />
        <firstName>Derek</firstName>
        <fullName>Rep. Kilmer, Derek [D-WA-6]</fullName>
        <bioguideId>K000381</bioguideId>
        <identifiers>
          <bioguideId>K000381</bioguideId>
          <lisID>2169</lisID>
          <gpoId />
        </identifiers>
        <sponsorshipWithdrawnDate />
        <isOriginalCosponsor>False</isOriginalCosponsor>
      </item>
      <item>
        <sponsorshipDate>2013-06-04</sponsorshipDate>
        <lastName>Ribble</lastName>
        <middleName>J.</middleName>
        <firstName>Reid</firstName>
        <fullName>Rep. Ribble, Reid J. [R-WI-8]</fullName>
        <bioguideId>R000587</bioguideId>
        <identifiers>
          <gpoId>8221</gpoId>
          <lisID>2073</lisID>
          <bioguideId>R000587</bioguideId>
        </identifiers>
        <sponsorshipWithdrawnDate />
        <isOriginalCosponsor>False</isOriginalCosponsor>
      </item>
      <item>
        <sponsorshipDate>2013-08-02</sponsorshipDate>
        <lastName>DelBene</lastName>
        <middleName>K.</middleName>
        <firstName>Suzan</firstName>
        <fullName>Rep. DelBene, Suzan K. [D-WA-1]</fullName>
        <bioguideId>D000617</bioguideId>
        <identifiers>
          <bioguideId>D000617</bioguideId>
          <lisID>2096</lisID>
          <gpoId>8374</gpoId>
        </identifiers>
        <sponsorshipWithdrawnDate />
        <isOriginalCosponsor>False</isOriginalCosponsor>
      </item>
      <item>
        <sponsorshipDate>2013-09-10</sponsorshipDate>
        <lastName>Davis</lastName>
        <middleName />
        <firstName>Rodney</firstName>
        <fullName>Rep. Davis, Rodney [R-IL-13]</fullName>
        <bioguideId>D000619</bioguideId>
        <identifiers>
          <lisID>2126</lisID>
          <bioguideId>D000619</bioguideId>
          <gpoId />
        </identifiers>
        <sponsorshipWithdrawnDate />
        <isOriginalCosponsor>False</isOriginalCosponsor>
      </item>
      <item>
        <sponsorshipDate>2013-09-10</sponsorshipDate>
        <lastName>THOMPSON</lastName>
        <middleName />
        <firstName>MIKE</firstName>
        <fullName>Rep. Thompson, Mike [D-CA-5]</fullName>
        <bioguideId>T000460</bioguideId>
        <identifiers>
          <lisID>1593</lisID>
          <bioguideId>T000460</bioguideId>
          <gpoId>7806</gpoId>
        </identifiers>
        <sponsorshipWithdrawnDate />
        <isOriginalCosponsor>False</isOriginalCosponsor>
      </item>
      <item>
        <sponsorshipDate>2013-11-13</sponsorshipDate>
        <lastName>Gabbard</lastName>
        <middleName />
        <firstName>Tulsi</firstName>
        <fullName>Rep. Gabbard, Tulsi [D-HI-2]</fullName>
        <bioguideId>G000571</bioguideId>
        <identifiers>
          <gpoId />
          <bioguideId>G000571</bioguideId>
          <lisID>2122</lisID>
        </identifiers>
        <sponsorshipWithdrawnDate />
        <isOriginalCosponsor>False</isOriginalCosponsor>
      </item>
      <item>
        <sponsorshipDate>2014-01-15</sponsorshipDate>
        <lastName>Tsongas</lastName>
        <middleName />
        <firstName>Niki</firstName>
        <fullName>Rep. Tsongas, Niki [D-MA-3]</fullName>
        <bioguideId>T000465</bioguideId>
        <identifiers>
          <lisID>1884</lisID>
          <bioguideId>T000465</bioguideId>
          <gpoId>7970</gpoId>
        </identifiers>
        <sponsorshipWithdrawnDate />
        <isOriginalCosponsor>False</isOriginalCosponsor>
      </item>
    </cosponsors>
    <cboCostEstimates />
    <latestAction>
      <text>Referred to the House Committee on Financial Services.</text>
      <actionDate>2013-02-27</actionDate>
      <links />
    </latestAction>
    <committeeReports />
    <title>Rural Housing Preservation Act of 2013</title>
    <amendments />
    <laws />
    <billNumber>858</billNumber>
  </bill>
  <dublinCore xmlns:dc="http://purl.org/dc/elements/1.1/">
    <dc:format>text/xml</dc:format>
    <dc:language>EN</dc:language>
    <dc:rights>Pursuant to Title 17 Section 105 of the United States Code, this file is not subject to copyright protection and is in the public domain.</dc:rights>
    <dc:contributor>Congressional Research Service, Library of Congress</dc:contributor>
    <dc:description>This file contains bill summaries and statuses for federal legislation. A bill summary describes the most significant provisions of a piece of legislation and details the effects the legislative text may have on current law and federal programs. Bill summaries are authored by the Congressional Research Service (CRS) of the Library of Congress. As stated in Public Law 91-510 (2 USC 166 (d)(6)), one of the duties of CRS is "to prepare summaries and digests of bills and resolutions of a public general nature introduced in the Senate or House of Representatives". For more information, refer to the User Guide that accompanies this file.</dc:description>
  </dublinCore>
</billStatus>

