<?xml version="1.0" encoding="UTF-8"?>
<billStatus>
  <bill>
    <latestAction>
      <actionDate>2013-04-23</actionDate>
      <text>Referred to the Subcommittee on Early Childhood, Elementary, and Secondary Education.</text>
      <links />
    </latestAction>
    <committeeReports />
    <cboCostEstimates />
    <billType>HR</billType>
    <relatedBills />
    <createDate>2013-02-07T07:00:55Z</createDate>
    <title>School Social Workers Improving Student Success Act</title>
    <cosponsors>
      <item>
        <sponsorshipDate>2013-02-06</sponsorshipDate>
        <lastName>LANGEVIN</lastName>
        <fullName>Rep. Langevin, James R. [D-RI-2]</fullName>
        <middleName>R.</middleName>
        <firstName>JAMES</firstName>
        <sponsorshipWithdrawnDate />
        <identifiers>
          <lisID>1668</lisID>
          <bioguideId>L000559</bioguideId>
          <gpoId>8140</gpoId>
        </identifiers>
        <isOriginalCosponsor>True</isOriginalCosponsor>
        <bioguideId>L000559</bioguideId>
      </item>
      <item>
        <sponsorshipDate>2013-02-06</sponsorshipDate>
        <lastName>LEE</lastName>
        <fullName>Rep. Lee, Barbara [D-CA-13]</fullName>
        <middleName />
        <firstName>BARBARA</firstName>
        <sponsorshipWithdrawnDate />
        <identifiers>
          <lisID>1501</lisID>
          <gpoId>7814</gpoId>
          <bioguideId>L000551</bioguideId>
        </identifiers>
        <isOriginalCosponsor>True</isOriginalCosponsor>
        <bioguideId>L000551</bioguideId>
      </item>
      <item>
        <sponsorshipDate>2013-02-06</sponsorshipDate>
        <lastName>Grijalva</lastName>
        <fullName>Rep. Grijalva, Raul M. [D-AZ-3]</fullName>
        <middleName>M.</middleName>
        <firstName>Raul</firstName>
        <sponsorshipWithdrawnDate />
        <identifiers>
          <gpoId>7804</gpoId>
          <bioguideId>G000551</bioguideId>
          <lisID>1708</lisID>
        </identifiers>
        <isOriginalCosponsor>True</isOriginalCosponsor>
        <bioguideId>G000551</bioguideId>
      </item>
      <item>
        <sponsorshipDate>2013-02-06</sponsorshipDate>
        <lastName>SCHAKOWSKY</lastName>
        <fullName>Rep. Schakowsky, Janice D. [D-IL-9]</fullName>
        <middleName>D.</middleName>
        <firstName>JANICE</firstName>
        <sponsorshipWithdrawnDate />
        <identifiers>
          <gpoId>7929</gpoId>
          <bioguideId>S001145</bioguideId>
          <lisID>1588</lisID>
        </identifiers>
        <isOriginalCosponsor>True</isOriginalCosponsor>
        <bioguideId>S001145</bioguideId>
      </item>
      <item>
        <sponsorshipDate>2013-02-12</sponsorshipDate>
        <lastName>Carson</lastName>
        <fullName>Rep. Carson, Andre [D-IN-7]</fullName>
        <middleName />
        <firstName>Andre</firstName>
        <sponsorshipWithdrawnDate />
        <identifiers>
          <gpoId>7946</gpoId>
          <bioguideId>C001072</bioguideId>
          <lisID>1889</lisID>
        </identifiers>
        <isOriginalCosponsor>False</isOriginalCosponsor>
        <bioguideId>C001072</bioguideId>
      </item>
      <item>
        <sponsorshipDate>2013-02-25</sponsorshipDate>
        <lastName>Loebsack</lastName>
        <fullName>Rep. Loebsack, David [D-IA-2]</fullName>
        <middleName />
        <firstName>David</firstName>
        <sponsorshipWithdrawnDate />
        <identifiers>
          <lisID>1846</lisID>
          <bioguideId>L000565</bioguideId>
          <gpoId>7915</gpoId>
        </identifiers>
        <isOriginalCosponsor>False</isOriginalCosponsor>
        <bioguideId>L000565</bioguideId>
      </item>
      <item>
        <sponsorshipDate>2013-02-28</sponsorshipDate>
        <lastName>PRICE</lastName>
        <fullName>Rep. Price, David E. [D-NC-4]</fullName>
        <middleName>E.</middleName>
        <firstName>DAVID</firstName>
        <sponsorshipWithdrawnDate />
        <identifiers>
          <bioguideId>P000523</bioguideId>
          <lisID>930</lisID>
          <gpoId>8027</gpoId>
        </identifiers>
        <isOriginalCosponsor>False</isOriginalCosponsor>
        <bioguideId>P000523</bioguideId>
      </item>
      <item>
        <sponsorshipDate>2013-03-21</sponsorshipDate>
        <lastName>Pocan</lastName>
        <fullName>Rep. Pocan, Mark [D-WI-2]</fullName>
        <middleName />
        <firstName>Mark</firstName>
        <sponsorshipWithdrawnDate />
        <identifiers>
          <gpoId />
          <lisID>2171</lisID>
          <bioguideId>P000607</bioguideId>
        </identifiers>
        <isOriginalCosponsor>False</isOriginalCosponsor>
        <bioguideId>P000607</bioguideId>
      </item>
      <item>
        <sponsorshipDate>2014-04-28</sponsorshipDate>
        <lastName>Shea-Porter</lastName>
        <fullName>Rep. Shea-Porter, Carol [D-NH-1]</fullName>
        <middleName />
        <firstName>Carol</firstName>
        <sponsorshipWithdrawnDate />
        <identifiers>
          <gpoId>7528</gpoId>
          <bioguideId>S001170</bioguideId>
          <lisID>1861</lisID>
        </identifiers>
        <isOriginalCosponsor>False</isOriginalCosponsor>
        <bioguideId>S001170</bioguideId>
      </item>
      <item>
        <sponsorshipDate>2014-05-29</sponsorshipDate>
        <lastName>ESHOO</lastName>
        <fullName>Rep. Eshoo, Anna G. [D-CA-18]</fullName>
        <middleName>G.</middleName>
        <firstName>ANNA</firstName>
        <sponsorshipWithdrawnDate />
        <identifiers>
          <lisID>355</lisID>
          <bioguideId>E000215</bioguideId>
          <gpoId>7819</gpoId>
        </identifiers>
        <isOriginalCosponsor>False</isOriginalCosponsor>
        <bioguideId>E000215</bioguideId>
      </item>
    </cosponsors>
    <updateDate>2016-10-25T15:58:42Z</updateDate>
    <amendments />
    <originChamber>House</originChamber>
    <subjects>
      <billSubjects>
        <policyArea>
          <name>Education</name>
        </policyArea>
        <legislativeSubjects>
          <item>
            <name>Child care and development</name>
          </item>
          <item>
            <name>Child safety and welfare</name>
          </item>
          <item>
            <name>Education of the disadvantaged</name>
          </item>
          <item>
            <name>Education programs funding</name>
          </item>
          <item>
            <name>Elementary and secondary education</name>
          </item>
          <item>
            <name>Social work, volunteer service, charitable organizations</name>
          </item>
        </legislativeSubjects>
      </billSubjects>
    </subjects>
    <policyArea>
      <name>Education</name>
    </policyArea>
    <congress>113</congress>
    <constitutionalAuthorityStatementText><![CDATA[<pre>By Ms. MOORE:H.R. 563.Congress has the power to enact this legislation pursuantto the following:Article 1, Section 8[Page H415]</pre>]]></constitutionalAuthorityStatementText>
    <summaries>
      <billSummaries>
        <item>
          <versionCode>00</versionCode>
          <text><![CDATA[<p>School Social Workers Improving Student Success Act - Amends the Elementary and Secondary Education Act of 1965 to authorize the Secretary of Education to award renewable grants to high-need local educational agencies (LEAs) to retain or hire additional school social workers.</p> <p>Permits grantees to use the funds to reimburse school social workers for expenses they incur in rendering services.</p> <p>Requires grant-funded social workers to target their services to the highest-need students.</p> <p>Directs the Secretary to provide technical assistance to high-need LEAs in applying for such grants.</p> <p>Prohibits the grant funds from being used to supplant other federal, state, or local funds used for hiring and retaining school social workers.</p>]]></text>
          <updateDate>2013-02-06T05:00:00Z</updateDate>
          <lastSummaryUpdateDate>2013-02-25T19:18:59Z</lastSummaryUpdateDate>
          <actionDate>2013-02-06</actionDate>
          <actionDesc>Introduced in House</actionDesc>
          <name>Introduced in House</name>
        </item>
      </billSummaries>
    </summaries>
    <sponsors>
      <item>
        <fullName>Rep. Moore, Gwen [D-WI-4]</fullName>
        <byRequestType />
        <bioguideId>M001160</bioguideId>
        <firstName>Gwen</firstName>
        <middleName />
        <identifiers>
          <gpoId>8217</gpoId>
          <lisID>1811</lisID>
          <bioguideId>M001160</bioguideId>
        </identifiers>
        <lastName>Moore</lastName>
      </item>
    </sponsors>
    <calendarNumbers />
    <laws />
    <introducedDate>2013-02-06</introducedDate>
    <billNumber>563</billNumber>
    <actions>
      <actionByCounts>
        <houseOfRepresentatives>4</houseOfRepresentatives>
      </actionByCounts>
      <actionTypeCounts>
        <billReferrals>1</billReferrals>
        <introducedInHouse>1</introducedInHouse>
        <placeholderTextForH>1</placeholderTextForH>
        <introducedInTheHouse>1</introducedInTheHouse>
      </actionTypeCounts>
      <item>
        <actionDate>2013-04-23</actionDate>
        <committee>
          <name>Early Childhood, Elementary, and Secondary Education Subcommittee</name>
          <systemCode>hsed14</systemCode>
        </committee>
        <links />
        <sourceSystem>
          <code>1</code>
          <name>House committee actions</name>
        </sourceSystem>
        <text>Referred to the Subcommittee on Early Childhood, Elementary, and Secondary Education.</text>
        <type>Committee</type>
      </item>
      <item>
        <sourceSystem>
          <code>2</code>
          <name>House floor actions</name>
        </sourceSystem>
        <type>IntroReferral</type>
        <actionDate>2013-02-06</actionDate>
        <text>Referred to the House Committee on Education and the Workforce.</text>
        <committee>
          <name>Education and the Workforce Committee</name>
          <systemCode>hsed00</systemCode>
        </committee>
        <actionCode>H11100</actionCode>
        <links />
      </item>
      <item>
        <sourceSystem>
          <code>9</code>
          <name>Library of Congress</name>
        </sourceSystem>
        <type>IntroReferral</type>
        <actionDate>2013-02-06</actionDate>
        <text>Introduced in House</text>
        <committee />
        <actionCode>Intro-H</actionCode>
        <links />
      </item>
      <item>
        <sourceSystem>
          <code>9</code>
          <name>Library of Congress</name>
        </sourceSystem>
        <type>IntroReferral</type>
        <actionDate>2013-02-06</actionDate>
        <text>Introduced in House</text>
        <committee />
        <actionCode>1000</actionCode>
        <links />
      </item>
    </actions>
    <notes />
    <titles>
      <item>
        <titleType>Short Titles as Introduced</titleType>
        <title>School Social Workers Improving Student Success Act</title>
        <chamberCode />
        <chamberName />
        <parentTitleType />
      </item>
      <item>
        <titleType>Official Title as Introduced</titleType>
        <title>To amend the Elementary and Secondary Education Act of 1965 to establish a grant program to fund additional school social workers and retain school social workers already employed in high-need local educational agencies.</title>
        <chamberCode />
        <chamberName />
        <parentTitleType />
      </item>
      <item>
        <titleType>Display Title</titleType>
        <title>School Social Workers Improving Student Success Act</title>
        <chamberCode />
        <chamberName />
        <parentTitleType />
      </item>
    </titles>
    <recordedVotes />
    <committees>
      <billCommittees>
        <item>
          <activities>
            <item>
              <date>2013-02-06T14:01:20Z</date>
              <name>Referred to</name>
            </item>
          </activities>
          <chamber>House</chamber>
          <type>Standing</type>
          <subcommittees>
            <item>
              <activities>
                <item>
                  <date>2013-04-23T15:51:28Z</date>
                  <name>Referred to</name>
                </item>
              </activities>
              <name>Early Childhood, Elementary, and Secondary Education Subcommittee</name>
              <systemCode>hsed14</systemCode>
            </item>
          </subcommittees>
          <name>Education and the Workforce Committee</name>
          <systemCode>hsed00</systemCode>
        </item>
      </billCommittees>
    </committees>
  </bill>
  <dublinCore xmlns:dc="http://purl.org/dc/elements/1.1/">
    <dc:format>text/xml</dc:format>
    <dc:language>EN</dc:language>
    <dc:rights>Pursuant to Title 17 Section 105 of the United States Code, this file is not subject to copyright protection and is in the public domain.</dc:rights>
    <dc:contributor>Congressional Research Service, Library of Congress</dc:contributor>
    <dc:description>This file contains bill summaries and statuses for federal legislation. A bill summary describes the most significant provisions of a piece of legislation and details the effects the legislative text may have on current law and federal programs. Bill summaries are authored by the Congressional Research Service (CRS) of the Library of Congress. As stated in Public Law 91-510 (2 USC 166 (d)(6)), one of the duties of CRS is "to prepare summaries and digests of bills and resolutions of a public general nature introduced in the Senate or House of Representatives". For more information, refer to the User Guide that accompanies this file.</dc:description>
  </dublinCore>
</billStatus>

