<?xml version="1.0" encoding="UTF-8"?>
<billStatus>
  <bill>
    <titles>
      <item>
        <title>Respecting States' Rights and Concealed Carry Reciprocity Act of 2013</title>
        <parentTitleType />
        <chamberName />
        <chamberCode />
        <titleType>Short Titles as Introduced</titleType>
      </item>
      <item>
        <title>To allow reciprocity for the carrying of certain concealed firearms.</title>
        <parentTitleType />
        <chamberName />
        <chamberCode />
        <titleType>Official Title as Introduced</titleType>
      </item>
      <item>
        <title>Respecting States' Rights and Concealed Carry Reciprocity Act of 2013</title>
        <parentTitleType />
        <chamberName />
        <chamberCode />
        <titleType>Display Title</titleType>
      </item>
    </titles>
    <introducedDate>2013-02-06</introducedDate>
    <notes />
    <calendarNumbers />
    <committees>
      <billCommittees>
        <item>
          <systemCode>hsju00</systemCode>
          <subcommittees>
            <item>
              <systemCode>hsju08</systemCode>
              <name>Crime, Terrorism, Homeland Security, and Investigations Subcommittee</name>
              <activities>
                <item>
                  <name>Referred to</name>
                  <date>2013-02-28T21:43:55Z</date>
                </item>
              </activities>
            </item>
          </subcommittees>
          <chamber>House</chamber>
          <type>Standing</type>
          <name>Judiciary Committee</name>
          <activities>
            <item>
              <name>Referred to</name>
              <date>2013-02-06T14:04:40Z</date>
            </item>
          </activities>
        </item>
      </billCommittees>
    </committees>
    <sponsors>
      <item>
        <lastName>Stutzman</lastName>
        <middleName>A.</middleName>
        <bioguideId>S001188</bioguideId>
        <firstName>Marlin</firstName>
        <byRequestType />
        <fullName>Rep. Stutzman, Marlin A. [R-IN-3]</fullName>
        <identifiers>
          <gpoId>7942</gpoId>
          <bioguideId>S001188</bioguideId>
          <lisID>1981</lisID>
        </identifiers>
      </item>
    </sponsors>
    <subjects>
      <billSubjects>
        <legislativeSubjects>
          <item>
            <name>Firearms and explosives</name>
          </item>
          <item>
            <name>Intergovernmental relations</name>
          </item>
          <item>
            <name>Licensing and registrations</name>
          </item>
        </legislativeSubjects>
        <policyArea>
          <name>Crime and Law Enforcement</name>
        </policyArea>
      </billSubjects>
    </subjects>
    <originChamber>House</originChamber>
    <createDate>2013-02-07T07:00:55Z</createDate>
    <congress>113</congress>
    <recordedVotes />
    <billType>HR</billType>
    <actions>
      <item>
        <actionDate>2013-02-28</actionDate>
        <committee>
          <systemCode>hsju08</systemCode>
          <name>Crime, Terrorism, Homeland Security, and Investigations Subcommittee</name>
        </committee>
        <links />
        <sourceSystem>
          <code>1</code>
          <name>House committee actions</name>
        </sourceSystem>
        <text>Referred to the Subcommittee on Crime, Terrorism, Homeland Security, And Investigations.</text>
        <type>Committee</type>
      </item>
      <item>
        <type>IntroReferral</type>
        <sourceSystem>
          <code>2</code>
          <name>House floor actions</name>
        </sourceSystem>
        <text>Referred to the House Committee on the Judiciary.</text>
        <committee>
          <systemCode>hsju00</systemCode>
          <name>Judiciary Committee</name>
        </committee>
        <actionDate>2013-02-06</actionDate>
        <links />
        <actionCode>H11100</actionCode>
      </item>
      <item>
        <type>IntroReferral</type>
        <sourceSystem>
          <code>9</code>
          <name>Library of Congress</name>
        </sourceSystem>
        <text>Introduced in House</text>
        <committee />
        <actionDate>2013-02-06</actionDate>
        <links />
        <actionCode>Intro-H</actionCode>
      </item>
      <item>
        <type>IntroReferral</type>
        <sourceSystem>
          <code>9</code>
          <name>Library of Congress</name>
        </sourceSystem>
        <text>Introduced in House</text>
        <committee />
        <actionDate>2013-02-06</actionDate>
        <links />
        <actionCode>1000</actionCode>
      </item>
      <actionTypeCounts>
        <introducedInTheHouse>1</introducedInTheHouse>
        <placeholderTextForH>1</placeholderTextForH>
        <introducedInHouse>1</introducedInHouse>
        <billReferrals>1</billReferrals>
      </actionTypeCounts>
      <actionByCounts>
        <houseOfRepresentatives>4</houseOfRepresentatives>
      </actionByCounts>
    </actions>
    <summaries>
      <billSummaries>
        <item>
          <text><![CDATA[<p>Respecting States' Rights and Concealed Carry Reciprocity Act of 2013 - Amends the federal criminal code to authorize a person who is not prohibited from possessing, transporting, shipping, or receiving a firearm under federal law, who is entitled and not prohibited from carrying a concealed firearm in his or her state of residence or who is carrying a valid state license or permit to carry a concealed weapon, and who is carrying a government-issued photographic identification document, to carry a concealed handgun (which has been shipped or transported in interstate or foreign commerce, other than a machine gun or destructive device) in any state in accordance with the restrictions of that state.</p> <p>Provides that in a state that allows the issuing authority for licenses or permits to carry concealed firearms to impose restrictions on the carrying of firearms by individual license or permit holders, an individual carrying a concealed handgun under this Act shall be permitted to carry it according to the same terms authorized by an unrestricted license or permit issued by such state.</p>]]></text>
          <name>Introduced in House</name>
          <versionCode>00</versionCode>
          <actionDate>2013-02-06</actionDate>
          <actionDesc>Introduced in House</actionDesc>
          <lastSummaryUpdateDate>2013-02-16T17:36:08Z</lastSummaryUpdateDate>
          <updateDate>2013-02-06T05:00:00Z</updateDate>
        </item>
      </billSummaries>
    </summaries>
    <constitutionalAuthorityStatementText><![CDATA[<pre>By Mr. STUTZMAN:H.R. 578.Congress has the power to enact this legislation pursuantto the following:The Congress enacts this bill pursuant to Clause 3 ofSection 8 of Aritcle I of the United States Constitution.[Page H415]</pre>]]></constitutionalAuthorityStatementText>
    <relatedBills>
      <item>
        <latestTitle>National Right-to-Carry Reciprocity Act of 2013</latestTitle>
        <type>HR</type>
        <number>2959</number>
        <latestAction>
          <text>Referred to the Subcommittee on Crime, Terrorism, Homeland Security, and Investigations.</text>
          <actionDate>2013-09-13</actionDate>
        </latestAction>
        <relationshipDetails>
          <item>
            <type>Related bill</type>
            <identifiedBy>CRS</identifiedBy>
          </item>
        </relationshipDetails>
        <congress>113</congress>
      </item>
      <item>
        <latestTitle>Constitutional Concealed Carry Reciprocity Act of 2014</latestTitle>
        <type>S</type>
        <number>1908</number>
        <latestAction>
          <text>Read twice and referred to the Committee on the Judiciary.</text>
          <actionDate>2014-01-09</actionDate>
        </latestAction>
        <relationshipDetails>
          <item>
            <type>Related bill</type>
            <identifiedBy>CRS</identifiedBy>
          </item>
        </relationshipDetails>
        <congress>113</congress>
      </item>
    </relatedBills>
    <policyArea>
      <name>Crime and Law Enforcement</name>
    </policyArea>
    <updateDate>2016-10-25T15:58:45Z</updateDate>
    <cosponsors>
      <item>
        <lastName>Hartzler</lastName>
        <fullName>Rep. Hartzler, Vicky [R-MO-4]</fullName>
        <bioguideId>H001053</bioguideId>
        <sponsorshipWithdrawnDate />
        <identifiers>
          <lisID>2032</lisID>
          <bioguideId>H001053</bioguideId>
          <gpoId>8012</gpoId>
        </identifiers>
        <isOriginalCosponsor>False</isOriginalCosponsor>
        <firstName>Vicky</firstName>
        <sponsorshipDate>2013-02-12</sponsorshipDate>
        <middleName />
      </item>
      <item>
        <lastName>Bucshon</lastName>
        <fullName>Rep. Bucshon, Larry [R-IN-8]</fullName>
        <bioguideId>B001275</bioguideId>
        <sponsorshipWithdrawnDate />
        <identifiers>
          <gpoId>7947</gpoId>
          <bioguideId>B001275</bioguideId>
          <lisID>2018</lisID>
        </identifiers>
        <isOriginalCosponsor>False</isOriginalCosponsor>
        <firstName>Larry</firstName>
        <sponsorshipDate>2013-02-12</sponsorshipDate>
        <middleName />
      </item>
      <item>
        <lastName>STOCKMAN</lastName>
        <fullName>Rep. Stockman, Steve [R-TX-36]</fullName>
        <bioguideId>S000937</bioguideId>
        <sponsorshipWithdrawnDate />
        <identifiers>
          <lisID>1114</lisID>
          <bioguideId>S000937</bioguideId>
          <gpoId />
        </identifiers>
        <isOriginalCosponsor>False</isOriginalCosponsor>
        <firstName>STEVE</firstName>
        <sponsorshipDate>2013-02-12</sponsorshipDate>
        <middleName />
      </item>
      <item>
        <lastName>THORNBERRY</lastName>
        <fullName>Rep. Thornberry, Mac [R-TX-13]</fullName>
        <bioguideId>T000238</bioguideId>
        <sponsorshipWithdrawnDate />
        <identifiers>
          <gpoId>8755</gpoId>
          <lisID>1155</lisID>
          <bioguideId>T000238</bioguideId>
        </identifiers>
        <isOriginalCosponsor>False</isOriginalCosponsor>
        <firstName>WILLIAM</firstName>
        <sponsorshipDate>2013-02-12</sponsorshipDate>
        <middleName>M.</middleName>
      </item>
      <item>
        <lastName>LUCAS</lastName>
        <fullName>Rep. Lucas, Frank D. [R-OK-3]</fullName>
        <bioguideId>L000491</bioguideId>
        <sponsorshipWithdrawnDate />
        <identifiers>
          <bioguideId>L000491</bioguideId>
          <lisID>711</lisID>
          <gpoId>8111</gpoId>
        </identifiers>
        <isOriginalCosponsor>False</isOriginalCosponsor>
        <firstName>FRANK</firstName>
        <sponsorshipDate>2013-02-13</sponsorshipDate>
        <middleName>D.</middleName>
      </item>
      <item>
        <lastName>Palazzo</lastName>
        <fullName>Rep. Palazzo, Steven M. [R-MS-4]</fullName>
        <bioguideId>P000601</bioguideId>
        <sponsorshipWithdrawnDate />
        <identifiers>
          <lisID>2035</lisID>
          <gpoId>8022</gpoId>
          <bioguideId>P000601</bioguideId>
        </identifiers>
        <isOriginalCosponsor>False</isOriginalCosponsor>
        <firstName>Steven</firstName>
        <sponsorshipDate>2013-02-13</sponsorshipDate>
        <middleName>M.</middleName>
      </item>
      <item>
        <lastName>Griffin</lastName>
        <fullName>Rep. Griffin, Tim [R-AR-2]</fullName>
        <bioguideId>G000567</bioguideId>
        <sponsorshipWithdrawnDate />
        <identifiers>
          <gpoId>7794</gpoId>
          <bioguideId>G000567</bioguideId>
          <lisID>1990</lisID>
        </identifiers>
        <isOriginalCosponsor>False</isOriginalCosponsor>
        <firstName>Tim</firstName>
        <sponsorshipDate>2013-02-14</sponsorshipDate>
        <middleName />
      </item>
      <item>
        <lastName>Jordan</lastName>
        <fullName>Rep. Jordan, Jim [R-OH-4]</fullName>
        <bioguideId>J000289</bioguideId>
        <sponsorshipWithdrawnDate />
        <identifiers>
          <lisID>1868</lisID>
          <bioguideId>J000289</bioguideId>
          <gpoId>8094</gpoId>
        </identifiers>
        <isOriginalCosponsor>False</isOriginalCosponsor>
        <firstName>Jim</firstName>
        <sponsorshipDate>2013-02-14</sponsorshipDate>
        <middleName />
      </item>
      <item>
        <lastName>LaMalfa</lastName>
        <fullName>Rep. LaMalfa, Doug [R-CA-1]</fullName>
        <bioguideId>L000578</bioguideId>
        <sponsorshipWithdrawnDate />
        <identifiers>
          <lisID>2100</lisID>
          <gpoId />
          <bioguideId>L000578</bioguideId>
        </identifiers>
        <isOriginalCosponsor>False</isOriginalCosponsor>
        <firstName>Doug</firstName>
        <sponsorshipDate>2013-02-14</sponsorshipDate>
        <middleName />
      </item>
      <item>
        <lastName>BRADY</lastName>
        <fullName>Rep. Brady, Kevin [R-TX-8]</fullName>
        <bioguideId>B000755</bioguideId>
        <sponsorshipWithdrawnDate />
        <identifiers>
          <gpoId>8164</gpoId>
          <lisID>1468</lisID>
          <bioguideId>B000755</bioguideId>
        </identifiers>
        <isOriginalCosponsor>False</isOriginalCosponsor>
        <firstName>KEVIN</firstName>
        <sponsorshipDate>2013-02-14</sponsorshipDate>
        <middleName />
      </item>
      <item>
        <lastName>Walberg</lastName>
        <fullName>Rep. Walberg, Tim [R-MI-7]</fullName>
        <bioguideId>W000798</bioguideId>
        <sponsorshipWithdrawnDate />
        <identifiers>
          <bioguideId>W000798</bioguideId>
          <lisID>1855</lisID>
          <gpoId>7992</gpoId>
        </identifiers>
        <isOriginalCosponsor>False</isOriginalCosponsor>
        <firstName>Tim</firstName>
        <sponsorshipDate>2013-02-14</sponsorshipDate>
        <middleName />
      </item>
      <item>
        <lastName>Meadows</lastName>
        <fullName>Rep. Meadows, Mark [R-NC-11]</fullName>
        <bioguideId>M001187</bioguideId>
        <sponsorshipWithdrawnDate />
        <identifiers>
          <bioguideId>M001187</bioguideId>
          <lisID>2142</lisID>
          <gpoId />
        </identifiers>
        <isOriginalCosponsor>False</isOriginalCosponsor>
        <firstName>Mark</firstName>
        <sponsorshipDate>2013-02-14</sponsorshipDate>
        <middleName />
      </item>
      <item>
        <lastName>Wilson</lastName>
        <fullName>Rep. Wilson, Joe [R-SC-2]</fullName>
        <bioguideId>W000795</bioguideId>
        <sponsorshipWithdrawnDate />
        <identifiers>
          <gpoId>8142</gpoId>
          <bioguideId>W000795</bioguideId>
          <lisID>1688</lisID>
        </identifiers>
        <isOriginalCosponsor>False</isOriginalCosponsor>
        <firstName>Joe</firstName>
        <sponsorshipDate>2013-02-14</sponsorshipDate>
        <middleName />
      </item>
      <item>
        <lastName>Johnson</lastName>
        <fullName>Rep. Johnson, Bill [R-OH-6]</fullName>
        <bioguideId>J000292</bioguideId>
        <sponsorshipWithdrawnDate />
        <identifiers>
          <gpoId>8096</gpoId>
          <lisID>2046</lisID>
          <bioguideId>J000292</bioguideId>
        </identifiers>
        <isOriginalCosponsor>False</isOriginalCosponsor>
        <firstName>Bill</firstName>
        <sponsorshipDate>2013-02-25</sponsorshipDate>
        <middleName />
      </item>
      <item>
        <lastName>Cotton</lastName>
        <fullName>Rep. Cotton, Tom [R-AR-4]</fullName>
        <bioguideId>C001095</bioguideId>
        <sponsorshipWithdrawnDate />
        <identifiers>
          <lisID>2098</lisID>
          <bioguideId>C001095</bioguideId>
          <gpoId />
        </identifiers>
        <isOriginalCosponsor>False</isOriginalCosponsor>
        <firstName>Tom</firstName>
        <sponsorshipDate>2013-02-25</sponsorshipDate>
        <middleName />
      </item>
      <item>
        <lastName>Westmoreland</lastName>
        <fullName>Rep. Westmoreland, Lynn A. [R-GA-3]</fullName>
        <bioguideId>W000796</bioguideId>
        <sponsorshipWithdrawnDate />
        <identifiers>
          <bioguideId>W000796</bioguideId>
          <lisID>1779</lisID>
          <gpoId>7900</gpoId>
        </identifiers>
        <isOriginalCosponsor>False</isOriginalCosponsor>
        <firstName>Lynn</firstName>
        <sponsorshipDate>2013-02-25</sponsorshipDate>
        <middleName>A.</middleName>
      </item>
      <item>
        <lastName>Graves</lastName>
        <fullName>Rep. Graves, Tom [R-GA-14]</fullName>
        <bioguideId>G000560</bioguideId>
        <sponsorshipWithdrawnDate />
        <identifiers>
          <gpoId>7906</gpoId>
          <bioguideId>G000560</bioguideId>
          <lisID>1979</lisID>
        </identifiers>
        <isOriginalCosponsor>False</isOriginalCosponsor>
        <firstName>Tom</firstName>
        <sponsorshipDate>2013-02-28</sponsorshipDate>
        <middleName />
      </item>
      <item>
        <lastName>Mullin</lastName>
        <fullName>Rep. Mullin, Markwayne [R-OK-2]</fullName>
        <bioguideId>M001190</bioguideId>
        <sponsorshipWithdrawnDate />
        <identifiers>
          <gpoId />
          <lisID>2156</lisID>
          <bioguideId>M001190</bioguideId>
        </identifiers>
        <isOriginalCosponsor>False</isOriginalCosponsor>
        <firstName>Markwayne</firstName>
        <sponsorshipDate>2013-03-06</sponsorshipDate>
        <middleName />
      </item>
      <item>
        <lastName>Crawford</lastName>
        <fullName>Rep. Crawford, Eric A. "Rick" [R-AR-1]</fullName>
        <bioguideId>C001087</bioguideId>
        <sponsorshipWithdrawnDate />
        <identifiers>
          <gpoId>7793</gpoId>
          <lisID>1989</lisID>
          <bioguideId>C001087</bioguideId>
        </identifiers>
        <isOriginalCosponsor>False</isOriginalCosponsor>
        <firstName>Eric</firstName>
        <sponsorshipDate>2013-03-14</sponsorshipDate>
        <middleName>A. "Rick"</middleName>
      </item>
      <item>
        <lastName>ISSA</lastName>
        <fullName>Rep. Issa, Darrell E. [R-CA-49]</fullName>
        <bioguideId>I000056</bioguideId>
        <sponsorshipWithdrawnDate />
        <identifiers>
          <bioguideId>I000056</bioguideId>
          <lisID>1640</lisID>
          <gpoId>7854</gpoId>
        </identifiers>
        <isOriginalCosponsor>False</isOriginalCosponsor>
        <firstName>DARRELL</firstName>
        <sponsorshipDate>2013-03-14</sponsorshipDate>
        <middleName>E.</middleName>
      </item>
      <item>
        <lastName>Rothfus</lastName>
        <fullName>Rep. Rothfus, Keith J. [R-PA-12]</fullName>
        <bioguideId>R000598</bioguideId>
        <sponsorshipWithdrawnDate />
        <identifiers>
          <lisID>2158</lisID>
          <bioguideId>R000598</bioguideId>
          <gpoId />
        </identifiers>
        <isOriginalCosponsor>False</isOriginalCosponsor>
        <firstName>Keith</firstName>
        <sponsorshipDate>2013-03-18</sponsorshipDate>
        <middleName>J.</middleName>
      </item>
      <item>
        <lastName>Brooks</lastName>
        <fullName>Rep. Brooks, Susan W. [R-IN-5]</fullName>
        <bioguideId>B001284</bioguideId>
        <sponsorshipWithdrawnDate />
        <identifiers>
          <gpoId />
          <lisID>2129</lisID>
          <bioguideId>B001284</bioguideId>
        </identifiers>
        <isOriginalCosponsor>False</isOriginalCosponsor>
        <firstName>Susan</firstName>
        <sponsorshipDate>2013-03-19</sponsorshipDate>
        <middleName>W.</middleName>
      </item>
      <item>
        <lastName>Messer</lastName>
        <fullName>Rep. Messer, Luke [R-IN-6]</fullName>
        <bioguideId>M001189</bioguideId>
        <sponsorshipWithdrawnDate />
        <identifiers>
          <gpoId />
          <lisID>2130</lisID>
          <bioguideId>M001189</bioguideId>
        </identifiers>
        <isOriginalCosponsor>False</isOriginalCosponsor>
        <firstName>Luke</firstName>
        <sponsorshipDate>2013-04-12</sponsorshipDate>
        <middleName />
      </item>
      <item>
        <lastName>Bridenstine</lastName>
        <fullName>Rep. Bridenstine, Jim [R-OK-1]</fullName>
        <bioguideId>B001283</bioguideId>
        <sponsorshipWithdrawnDate />
        <identifiers>
          <bioguideId>B001283</bioguideId>
          <lisID>2155</lisID>
          <gpoId />
        </identifiers>
        <isOriginalCosponsor>False</isOriginalCosponsor>
        <firstName>Jim</firstName>
        <sponsorshipDate>2013-04-23</sponsorshipDate>
        <middleName />
      </item>
      <item>
        <lastName>Latta</lastName>
        <fullName>Rep. Latta, Robert E. [R-OH-5]</fullName>
        <bioguideId>L000566</bioguideId>
        <sponsorshipWithdrawnDate />
        <identifiers>
          <gpoId>8095</gpoId>
          <lisID>1885</lisID>
          <bioguideId>L000566</bioguideId>
        </identifiers>
        <isOriginalCosponsor>False</isOriginalCosponsor>
        <firstName>Robert</firstName>
        <sponsorshipDate>2013-04-24</sponsorshipDate>
        <middleName>E.</middleName>
      </item>
      <item>
        <lastName>Huelskamp</lastName>
        <fullName>Rep. Huelskamp, Tim [R-KS-1]</fullName>
        <bioguideId>H001057</bioguideId>
        <sponsorshipWithdrawnDate />
        <identifiers>
          <bioguideId>H001057</bioguideId>
          <lisID>2020</lisID>
          <gpoId>7949</gpoId>
        </identifiers>
        <isOriginalCosponsor>False</isOriginalCosponsor>
        <firstName>Tim</firstName>
        <sponsorshipDate>2013-04-26</sponsorshipDate>
        <middleName />
      </item>
      <item>
        <lastName>Duncan</lastName>
        <fullName>Rep. Duncan, Jeff [R-SC-3]</fullName>
        <bioguideId>D000615</bioguideId>
        <sponsorshipWithdrawnDate />
        <identifiers>
          <gpoId>8143</gpoId>
          <lisID>2057</lisID>
          <bioguideId>D000615</bioguideId>
        </identifiers>
        <isOriginalCosponsor>False</isOriginalCosponsor>
        <firstName>Jeff</firstName>
        <sponsorshipDate>2013-05-06</sponsorshipDate>
        <middleName />
      </item>
      <item>
        <lastName>Smith</lastName>
        <fullName>Rep. Smith, Adrian [R-NE-3]</fullName>
        <bioguideId>S001172</bioguideId>
        <sponsorshipWithdrawnDate />
        <identifiers>
          <lisID>1860</lisID>
          <bioguideId>S001172</bioguideId>
          <gpoId>8040</gpoId>
        </identifiers>
        <isOriginalCosponsor>False</isOriginalCosponsor>
        <firstName>Adrian</firstName>
        <sponsorshipDate>2013-05-07</sponsorshipDate>
        <middleName />
      </item>
      <item>
        <lastName>Pearce</lastName>
        <fullName>Rep. Pearce, Stevan [R-NM-2]</fullName>
        <bioguideId>P000588</bioguideId>
        <sponsorshipWithdrawnDate />
        <identifiers>
          <gpoId>8057</gpoId>
          <bioguideId>P000588</bioguideId>
          <lisID>1738</lisID>
        </identifiers>
        <isOriginalCosponsor>False</isOriginalCosponsor>
        <firstName>Stevan</firstName>
        <sponsorshipDate>2013-05-15</sponsorshipDate>
        <middleName />
      </item>
      <item>
        <lastName>Fleischmann</lastName>
        <fullName>Rep. Fleischmann, Charles J. "Chuck" [R-TN-3]</fullName>
        <bioguideId>F000459</bioguideId>
        <sponsorshipWithdrawnDate />
        <identifiers>
          <gpoId>8150</gpoId>
          <lisID>2061</lisID>
          <bioguideId>F000459</bioguideId>
        </identifiers>
        <isOriginalCosponsor>False</isOriginalCosponsor>
        <firstName>Charles</firstName>
        <sponsorshipDate>2013-06-13</sponsorshipDate>
        <middleName>J. "Chuck"</middleName>
      </item>
      <item>
        <lastName>Bishop</lastName>
        <fullName>Rep. Bishop, Rob [R-UT-1]</fullName>
        <bioguideId>B001250</bioguideId>
        <sponsorshipWithdrawnDate />
        <identifiers>
          <lisID>1753</lisID>
          <bioguideId>B001250</bioguideId>
          <gpoId>8189</gpoId>
        </identifiers>
        <isOriginalCosponsor>False</isOriginalCosponsor>
        <firstName>Rob</firstName>
        <sponsorshipDate>2013-06-19</sponsorshipDate>
        <middleName />
      </item>
      <item>
        <lastName>Smith</lastName>
        <fullName>Rep. Smith, Jason T. [R-MO-8]</fullName>
        <bioguideId>S001195</bioguideId>
        <sponsorshipWithdrawnDate />
        <identifiers>
          <gpoId />
          <lisID>2191</lisID>
          <bioguideId>S001195</bioguideId>
        </identifiers>
        <isOriginalCosponsor>False</isOriginalCosponsor>
        <firstName>Jason</firstName>
        <sponsorshipDate>2013-06-26</sponsorshipDate>
        <middleName />
      </item>
      <item>
        <lastName>Daines</lastName>
        <fullName>Rep. Daines, Steve [R-MT-At Large]</fullName>
        <bioguideId>D000618</bioguideId>
        <sponsorshipWithdrawnDate />
        <identifiers>
          <bioguideId>D000618</bioguideId>
          <lisID>2138</lisID>
          <gpoId />
        </identifiers>
        <isOriginalCosponsor>False</isOriginalCosponsor>
        <firstName>Steve</firstName>
        <sponsorshipDate>2013-06-26</sponsorshipDate>
        <middleName />
      </item>
      <item>
        <lastName>Davis</lastName>
        <fullName>Rep. Davis, Rodney [R-IL-13]</fullName>
        <bioguideId>D000619</bioguideId>
        <sponsorshipWithdrawnDate />
        <identifiers>
          <gpoId />
          <lisID>2126</lisID>
          <bioguideId>D000619</bioguideId>
        </identifiers>
        <isOriginalCosponsor>False</isOriginalCosponsor>
        <firstName>Rodney</firstName>
        <sponsorshipDate>2013-07-11</sponsorshipDate>
        <middleName />
      </item>
      <item>
        <lastName>Kinzinger</lastName>
        <fullName>Rep. Kinzinger, Adam [R-IL-16]</fullName>
        <bioguideId>K000378</bioguideId>
        <sponsorshipWithdrawnDate />
        <identifiers>
          <bioguideId>K000378</bioguideId>
          <lisID>2014</lisID>
          <gpoId>7931</gpoId>
        </identifiers>
        <isOriginalCosponsor>False</isOriginalCosponsor>
        <firstName>Adam</firstName>
        <sponsorshipDate>2013-07-17</sponsorshipDate>
        <middleName />
      </item>
      <item>
        <lastName>Womack</lastName>
        <fullName>Rep. Womack, Steve [R-AR-3]</fullName>
        <bioguideId>W000809</bioguideId>
        <sponsorshipWithdrawnDate />
        <identifiers>
          <lisID>1991</lisID>
          <bioguideId>W000809</bioguideId>
          <gpoId>7795</gpoId>
        </identifiers>
        <isOriginalCosponsor>False</isOriginalCosponsor>
        <firstName>Steve</firstName>
        <sponsorshipDate>2013-08-01</sponsorshipDate>
        <middleName />
      </item>
      <item>
        <lastName>Perry</lastName>
        <fullName>Rep. Perry, Scott [R-PA-4]</fullName>
        <bioguideId>P000605</bioguideId>
        <sponsorshipWithdrawnDate />
        <identifiers>
          <gpoId />
          <lisID>2157</lisID>
          <bioguideId>P000605</bioguideId>
        </identifiers>
        <isOriginalCosponsor>False</isOriginalCosponsor>
        <firstName>Scott</firstName>
        <sponsorshipDate>2013-11-14</sponsorshipDate>
        <middleName />
      </item>
      <item>
        <lastName>DesJarlais</lastName>
        <fullName>Rep. DesJarlais, Scott [R-TN-4]</fullName>
        <bioguideId>D000616</bioguideId>
        <sponsorshipWithdrawnDate />
        <identifiers>
          <gpoId>8151</gpoId>
          <lisID>2062</lisID>
          <bioguideId>D000616</bioguideId>
        </identifiers>
        <isOriginalCosponsor>False</isOriginalCosponsor>
        <firstName>Scott</firstName>
        <sponsorshipDate>2014-01-16</sponsorshipDate>
        <middleName />
      </item>
      <item>
        <lastName>DUNCAN</lastName>
        <fullName>Rep. Duncan, John J., Jr. [R-TN-2]</fullName>
        <bioguideId>D000533</bioguideId>
        <sponsorshipWithdrawnDate />
        <identifiers>
          <gpoId>8149</gpoId>
          <bioguideId>D000533</bioguideId>
          <lisID>322</lisID>
        </identifiers>
        <isOriginalCosponsor>False</isOriginalCosponsor>
        <firstName>JOHN</firstName>
        <sponsorshipDate>2014-04-01</sponsorshipDate>
        <middleName>J.</middleName>
      </item>
      <item>
        <lastName>Stewart</lastName>
        <fullName>Rep. Stewart, Chris [R-UT-2]</fullName>
        <bioguideId>S001192</bioguideId>
        <sponsorshipWithdrawnDate />
        <identifiers>
          <gpoId />
          <bioguideId>S001192</bioguideId>
          <lisID>2168</lisID>
        </identifiers>
        <isOriginalCosponsor>False</isOriginalCosponsor>
        <firstName>Chris</firstName>
        <sponsorshipDate>2014-04-01</sponsorshipDate>
        <middleName />
      </item>
      <item>
        <lastName>Blackburn</lastName>
        <fullName>Rep. Blackburn, Marsha [R-TN-7]</fullName>
        <bioguideId>B001243</bioguideId>
        <sponsorshipWithdrawnDate />
        <identifiers>
          <bioguideId>B001243</bioguideId>
          <lisID>1748</lisID>
          <gpoId>8154</gpoId>
        </identifiers>
        <isOriginalCosponsor>False</isOriginalCosponsor>
        <firstName>Marsha</firstName>
        <sponsorshipDate>2014-04-09</sponsorshipDate>
        <middleName />
      </item>
      <item>
        <lastName>Benishek</lastName>
        <fullName>Rep. Benishek, Dan [R-MI-1]</fullName>
        <bioguideId>B001271</bioguideId>
        <sponsorshipWithdrawnDate />
        <identifiers>
          <gpoId>7986</gpoId>
          <bioguideId>B001271</bioguideId>
          <lisID>2027</lisID>
        </identifiers>
        <isOriginalCosponsor>False</isOriginalCosponsor>
        <firstName>Dan</firstName>
        <sponsorshipDate>2014-04-10</sponsorshipDate>
        <middleName />
      </item>
      <item>
        <lastName>YOUNG</lastName>
        <fullName>Rep. Young, Don [R-AK-At Large]</fullName>
        <bioguideId>Y000033</bioguideId>
        <sponsorshipWithdrawnDate />
        <identifiers>
          <gpoId>7785</gpoId>
          <lisID>1256</lisID>
          <bioguideId>Y000033</bioguideId>
        </identifiers>
        <isOriginalCosponsor>False</isOriginalCosponsor>
        <firstName>DON</firstName>
        <sponsorshipDate>2014-04-28</sponsorshipDate>
        <middleName>E.</middleName>
      </item>
      <item>
        <lastName>Gowdy</lastName>
        <fullName>Rep. Gowdy, Trey [R-SC-4]</fullName>
        <bioguideId>G000566</bioguideId>
        <sponsorshipWithdrawnDate />
        <identifiers>
          <lisID>2058</lisID>
          <bioguideId>G000566</bioguideId>
          <gpoId>8144</gpoId>
        </identifiers>
        <isOriginalCosponsor>False</isOriginalCosponsor>
        <firstName>Trey</firstName>
        <sponsorshipDate>2014-04-28</sponsorshipDate>
        <middleName />
      </item>
      <item>
        <lastName>McClintock</lastName>
        <fullName>Rep. McClintock, Tom [R-CA-4]</fullName>
        <bioguideId>M001177</bioguideId>
        <sponsorshipWithdrawnDate />
        <identifiers>
          <lisID>1908</lisID>
          <bioguideId>M001177</bioguideId>
          <gpoId>7809</gpoId>
        </identifiers>
        <isOriginalCosponsor>False</isOriginalCosponsor>
        <firstName>Tom</firstName>
        <sponsorshipDate>2014-09-18</sponsorshipDate>
        <middleName />
      </item>
    </cosponsors>
    <cboCostEstimates />
    <latestAction>
      <text>Referred to the Subcommittee on Crime, Terrorism, Homeland Security, And Investigations.</text>
      <actionDate>2013-02-28</actionDate>
      <links />
    </latestAction>
    <committeeReports />
    <title>Respecting States' Rights and Concealed Carry Reciprocity Act of 2013</title>
    <amendments />
    <laws />
    <billNumber>578</billNumber>
  </bill>
  <dublinCore xmlns:dc="http://purl.org/dc/elements/1.1/">
    <dc:format>text/xml</dc:format>
    <dc:language>EN</dc:language>
    <dc:rights>Pursuant to Title 17 Section 105 of the United States Code, this file is not subject to copyright protection and is in the public domain.</dc:rights>
    <dc:contributor>Congressional Research Service, Library of Congress</dc:contributor>
    <dc:description>This file contains bill summaries and statuses for federal legislation. A bill summary describes the most significant provisions of a piece of legislation and details the effects the legislative text may have on current law and federal programs. Bill summaries are authored by the Congressional Research Service (CRS) of the Library of Congress. As stated in Public Law 91-510 (2 USC 166 (d)(6)), one of the duties of CRS is "to prepare summaries and digests of bills and resolutions of a public general nature introduced in the Senate or House of Representatives". For more information, refer to the User Guide that accompanies this file.</dc:description>
  </dublinCore>
</billStatus>

