<?xml version="1.0" encoding="UTF-8"?>
<billStatus>
  <bill>
    <actions>
      <item>
        <actionDate>2013-02-08</actionDate>
        <committee>
          <systemCode>hsif16</systemCode>
          <name>Communications and Technology Subcommittee</name>
        </committee>
        <links />
        <sourceSystem>
          <name>House committee actions</name>
          <code>1</code>
        </sourceSystem>
        <text>Referred to the Subcommittee on Communications and Technology.</text>
        <type>Committee</type>
      </item>
      <item>
        <committee>
          <systemCode>hsif00</systemCode>
          <name>Energy and Commerce Committee</name>
        </committee>
        <type>IntroReferral</type>
        <links />
        <actionCode>H11100</actionCode>
        <sourceSystem>
          <name>House floor actions</name>
          <code>2</code>
        </sourceSystem>
        <actionDate>2013-02-06</actionDate>
        <text>Referred to the House Committee on Energy and Commerce.</text>
      </item>
      <item>
        <committee />
        <type>IntroReferral</type>
        <links />
        <actionCode>Intro-H</actionCode>
        <sourceSystem>
          <name>Library of Congress</name>
          <code>9</code>
        </sourceSystem>
        <actionDate>2013-02-06</actionDate>
        <text>Introduced in House</text>
      </item>
      <item>
        <committee />
        <type>IntroReferral</type>
        <links />
        <actionCode>1000</actionCode>
        <sourceSystem>
          <name>Library of Congress</name>
          <code>9</code>
        </sourceSystem>
        <actionDate>2013-02-06</actionDate>
        <text>Introduced in House</text>
      </item>
      <actionByCounts>
        <houseOfRepresentatives>4</houseOfRepresentatives>
      </actionByCounts>
      <actionTypeCounts>
        <introducedInTheHouse>1</introducedInTheHouse>
        <placeholderTextForH>1</placeholderTextForH>
        <billReferrals>1</billReferrals>
        <introducedInHouse>1</introducedInHouse>
      </actionTypeCounts>
    </actions>
    <title>Federal Communications Commission Collaboration Act of 2013</title>
    <cosponsors>
      <item>
        <middleName>M.</middleName>
        <firstName>JOHN</firstName>
        <fullName>Rep. Shimkus, John [R-IL-15]</fullName>
        <sponsorshipWithdrawnDate />
        <sponsorshipDate>2013-02-06</sponsorshipDate>
        <bioguideId>S000364</bioguideId>
        <lastName>SHIMKUS</lastName>
        <isOriginalCosponsor>True</isOriginalCosponsor>
        <identifiers>
          <gpoId>7939</gpoId>
          <bioguideId>S000364</bioguideId>
          <lisID>1527</lisID>
        </identifiers>
      </item>
      <item>
        <middleName />
        <firstName>MIKE</firstName>
        <fullName>Rep. Doyle, Michael F. [D-PA-14]</fullName>
        <sponsorshipWithdrawnDate />
        <sponsorshipDate>2013-02-06</sponsorshipDate>
        <bioguideId>D000482</bioguideId>
        <lastName>DOYLE</lastName>
        <isOriginalCosponsor>True</isOriginalCosponsor>
        <identifiers>
          <bioguideId>D000482</bioguideId>
          <lisID>316</lisID>
          <gpoId>8132</gpoId>
        </identifiers>
      </item>
      <item>
        <middleName>L.</middleName>
        <firstName>BOBBY</firstName>
        <fullName>Rep. Rush, Bobby L. [D-IL-1]</fullName>
        <sponsorshipWithdrawnDate />
        <sponsorshipDate>2013-02-25</sponsorshipDate>
        <bioguideId>R000515</bioguideId>
        <lastName>RUSH</lastName>
        <isOriginalCosponsor>False</isOriginalCosponsor>
        <identifiers>
          <lisID>1003</lisID>
          <bioguideId>R000515</bioguideId>
          <gpoId>7921</gpoId>
        </identifiers>
      </item>
      <item>
        <middleName>O.</middleName>
        <firstName>Doris</firstName>
        <fullName>Rep. Matsui, Doris O. [D-CA-6]</fullName>
        <sponsorshipWithdrawnDate />
        <sponsorshipDate>2013-02-25</sponsorshipDate>
        <bioguideId>M001163</bioguideId>
        <lastName>Matsui</lastName>
        <isOriginalCosponsor>False</isOriginalCosponsor>
        <identifiers>
          <gpoId>7810</gpoId>
          <lisID>1814</lisID>
          <bioguideId>M001163</bioguideId>
        </identifiers>
      </item>
      <item>
        <middleName>L.</middleName>
        <firstName>JOE</firstName>
        <fullName>Rep. Barton, Joe [R-TX-6]</fullName>
        <sponsorshipWithdrawnDate />
        <sponsorshipDate>2013-02-27</sponsorshipDate>
        <bioguideId>B000213</bioguideId>
        <lastName>BARTON</lastName>
        <isOriginalCosponsor>False</isOriginalCosponsor>
        <identifiers>
          <bioguideId>B000213</bioguideId>
          <lisID>62</lisID>
          <gpoId>8162</gpoId>
        </identifiers>
      </item>
      <item>
        <middleName />
        <firstName>Peter</firstName>
        <fullName>Rep. Welch, Peter [D-VT-At Large]</fullName>
        <sponsorshipWithdrawnDate />
        <sponsorshipDate>2013-04-09</sponsorshipDate>
        <bioguideId>W000800</bioguideId>
        <lastName>Welch</lastName>
        <isOriginalCosponsor>False</isOriginalCosponsor>
        <identifiers>
          <bioguideId>W000800</bioguideId>
          <lisID>1879</lisID>
          <gpoId>8204</gpoId>
        </identifiers>
      </item>
    </cosponsors>
    <sponsors>
      <item>
        <middleName>G.</middleName>
        <firstName>ANNA</firstName>
        <byRequestType />
        <bioguideId>E000215</bioguideId>
        <fullName>Rep. Eshoo, Anna G. [D-CA-18]</fullName>
        <lastName>ESHOO</lastName>
        <identifiers>
          <gpoId>7819</gpoId>
          <lisID>355</lisID>
          <bioguideId>E000215</bioguideId>
        </identifiers>
      </item>
    </sponsors>
    <subjects>
      <billSubjects>
        <policyArea>
          <name>Science, Technology, Communications</name>
        </policyArea>
        <legislativeSubjects>
          <item>
            <name>Administrative law and regulatory procedures</name>
          </item>
          <item>
            <name>Broadcasting, cable, digital technologies</name>
          </item>
          <item>
            <name>Federal Communications Commission (FCC)</name>
          </item>
          <item>
            <name>Government information and archives</name>
          </item>
          <item>
            <name>Internet and video services</name>
          </item>
          <item>
            <name>Lawyers and legal services</name>
          </item>
          <item>
            <name>Public participation and lobbying</name>
          </item>
        </legislativeSubjects>
      </billSubjects>
    </subjects>
    <updateDate>2016-10-25T15:58:37Z</updateDate>
    <originChamber>House</originChamber>
    <billNumber>539</billNumber>
    <titles>
      <item>
        <title>Federal Communications Commission Collaboration Act of 2013</title>
        <parentTitleType />
        <chamberName />
        <chamberCode />
        <titleType>Short Titles as Introduced</titleType>
      </item>
      <item>
        <title>To amend the Communications Act of 1934 to authorize a bipartisan majority of Commissioners of the Federal Communications Commission to hold nonpublic collaborative discussions, and for other purposes.</title>
        <parentTitleType />
        <chamberName />
        <chamberCode />
        <titleType>Official Title as Introduced</titleType>
      </item>
      <item>
        <title>Federal Communications Commission Collaboration Act of 2013</title>
        <parentTitleType />
        <chamberName />
        <chamberCode />
        <titleType>Display Title</titleType>
      </item>
    </titles>
    <createDate>2013-02-07T07:00:55Z</createDate>
    <congress>113</congress>
    <introducedDate>2013-02-06</introducedDate>
    <latestAction>
      <links />
      <actionDate>2013-02-08</actionDate>
      <text>Referred to the Subcommittee on Communications and Technology.</text>
    </latestAction>
    <laws />
    <relatedBills>
      <item>
        <latestAction>
          <actionDate>2013-02-07</actionDate>
          <text>Read twice and referred to the Committee on Commerce, Science, and Transportation.</text>
        </latestAction>
        <number>245</number>
        <congress>113</congress>
        <type>S</type>
        <latestTitle>Federal Communications Commission Collaboration Act of 2013</latestTitle>
        <relationshipDetails>
          <item>
            <type>Identical bill</type>
            <identifiedBy>CRS</identifiedBy>
          </item>
        </relationshipDetails>
      </item>
    </relatedBills>
    <notes />
    <recordedVotes />
    <cboCostEstimates />
    <policyArea>
      <name>Science, Technology, Communications</name>
    </policyArea>
    <billType>HR</billType>
    <constitutionalAuthorityStatementText><![CDATA[<pre>By Ms. ESHOO:H.R. 539.Congress has the power to enact this legislation pursuantto the following:Article I, Section 8Article IV, Section 3[Page H414]</pre>]]></constitutionalAuthorityStatementText>
    <committees>
      <billCommittees>
        <item>
          <subcommittees>
            <item>
              <systemCode>hsif16</systemCode>
              <name>Communications and Technology Subcommittee</name>
              <activities>
                <item>
                  <name>Referred to</name>
                  <date>2013-02-08T22:23:00Z</date>
                </item>
              </activities>
            </item>
          </subcommittees>
          <chamber>House</chamber>
          <systemCode>hsif00</systemCode>
          <type>Standing</type>
          <activities>
            <item>
              <name>Referred to</name>
              <date>2013-02-06T14:01:25Z</date>
            </item>
          </activities>
          <name>Energy and Commerce Committee</name>
        </item>
      </billCommittees>
    </committees>
    <amendments />
    <summaries>
      <billSummaries>
        <item>
          <lastSummaryUpdateDate>2013-03-04T20:50:17Z</lastSummaryUpdateDate>
          <name>Introduced in House</name>
          <actionDesc>Introduced in House</actionDesc>
          <text><![CDATA[<p>Federal Communications Commission Collaboration Act of 2013 - Amends the Communications Act of 1934 to allow a bipartisan majority of Commissioners of the Federal Communications Commission (FCC), notwithstanding a specified open meeting provision, to hold a meeting that is closed to the public to discuss official business if: (1) no agency action is taken, (2) each person present is an FCC Commissioner or employee or a member or person on the staff of a joint board to which the FCC has referred a matter under such Act, and (3) an attorney from the FCC's Office of General Counsel is present. </p> <p>Defines &quot;bipartisan majority of Commissioners&quot; as at least three Commissioners including at least one Commissioner for each political party of which any Commissioner is a member and at least one unaffiliated Commissioner if any Commissioner has no political affiliation. </p> <p>Requires public disclosure of the meeting, attendees, and matters discussed.</p>]]></text>
          <actionDate>2013-02-06</actionDate>
          <versionCode>00</versionCode>
          <updateDate>2013-02-06T05:00:00Z</updateDate>
        </item>
      </billSummaries>
    </summaries>
    <calendarNumbers />
    <committeeReports />
  </bill>
  <dublinCore xmlns:dc="http://purl.org/dc/elements/1.1/">
    <dc:format>text/xml</dc:format>
    <dc:language>EN</dc:language>
    <dc:rights>Pursuant to Title 17 Section 105 of the United States Code, this file is not subject to copyright protection and is in the public domain.</dc:rights>
    <dc:contributor>Congressional Research Service, Library of Congress</dc:contributor>
    <dc:description>This file contains bill summaries and statuses for federal legislation. A bill summary describes the most significant provisions of a piece of legislation and details the effects the legislative text may have on current law and federal programs. Bill summaries are authored by the Congressional Research Service (CRS) of the Library of Congress. As stated in Public Law 91-510 (2 USC 166 (d)(6)), one of the duties of CRS is "to prepare summaries and digests of bills and resolutions of a public general nature introduced in the Senate or House of Representatives". For more information, refer to the User Guide that accompanies this file.</dc:description>
  </dublinCore>
</billStatus>

