<?xml version="1.0" encoding="UTF-8"?>
<billStatus>
  <bill>
    <billNumber>1028</billNumber>
    <titles>
      <item>
        <chamberName />
        <titleType>Short Titles as Introduced</titleType>
        <title>End Unnecessary Borrowing Act of 2013</title>
        <chamberCode />
        <parentTitleType />
      </item>
      <item>
        <chamberName />
        <titleType>Official Title as Introduced</titleType>
        <title>To ensure that any authority of the Mutual Mortgage Insurance Fund to borrow amounts from the Treasury is used only to pay mortgage insurance claims.</title>
        <chamberCode />
        <parentTitleType />
      </item>
      <item>
        <chamberName />
        <titleType>Display Title</titleType>
        <title>End Unnecessary Borrowing Act of 2013</title>
        <chamberCode />
        <parentTitleType />
      </item>
    </titles>
    <actions>
      <actionTypeCounts>
        <introducedInTheHouse>1</introducedInTheHouse>
        <billReferrals>1</billReferrals>
        <introducedInHouse>1</introducedInHouse>
      </actionTypeCounts>
      <item>
        <committee>
          <name>Financial Services Committee</name>
          <systemCode>hsba00</systemCode>
        </committee>
        <actionCode>H11100</actionCode>
        <type>IntroReferral</type>
        <sourceSystem>
          <name>House floor actions</name>
          <code>2</code>
        </sourceSystem>
        <links />
        <text>Referred to the House Committee on Financial Services.</text>
        <actionDate>2013-03-07</actionDate>
      </item>
      <item>
        <committee />
        <actionCode>Intro-H</actionCode>
        <type>IntroReferral</type>
        <sourceSystem>
          <name>Library of Congress</name>
          <code>9</code>
        </sourceSystem>
        <links />
        <text>Introduced in House</text>
        <actionDate>2013-03-07</actionDate>
      </item>
      <item>
        <committee />
        <actionCode>1000</actionCode>
        <type>IntroReferral</type>
        <sourceSystem>
          <name>Library of Congress</name>
          <code>9</code>
        </sourceSystem>
        <links />
        <text>Introduced in House</text>
        <actionDate>2013-03-07</actionDate>
      </item>
      <actionByCounts>
        <houseOfRepresentatives>3</houseOfRepresentatives>
      </actionByCounts>
    </actions>
    <updateDate>2016-10-25T16:00:25Z</updateDate>
    <summaries>
      <billSummaries>
        <item>
          <updateDate>2013-03-07T05:00:00Z</updateDate>
          <text><![CDATA[<p>End Unnecessary Borrowing Act of 2013 - Amends the National Housing Act with respect to the requirement that the Secretary of Housing and Urban Development (HUD) endeavor to ensure that the Mutual Mortgage Insurance Fund attains a capital ratio of not less than 2% within 10 years after enactment of that requirement (November 5, 1990) and to ensure that the Fund maintains at least that capital ratio at all times thereafter.</p> <p>Prohibits these requirements from being construed to authorize or require the Secretary to borrow any amounts to comply with the capital ratio requirement.</p> <p>Limits the use of any authority of the Secretary to borrow from the Treasury for the Mutual Mortgage Insurance Fund only to the extent necessary to pay claims on mortgage insurance that is an obligation of such Fund.</p> <p><BR> </p>]]></text>
          <actionDate>2013-03-07</actionDate>
          <actionDesc>Introduced in House</actionDesc>
          <name>Introduced in House</name>
          <lastSummaryUpdateDate>2013-03-20T21:30:19Z</lastSummaryUpdateDate>
          <versionCode>00</versionCode>
        </item>
      </billSummaries>
    </summaries>
    <sponsors>
      <item>
        <firstName>MICHAEL</firstName>
        <fullName>Rep. Capuano, Michael E. [D-MA-7]</fullName>
        <middleName>E.</middleName>
        <bioguideId>C001037</bioguideId>
        <byRequestType />
        <lastName>CAPUANO</lastName>
        <identifiers>
          <gpoId>7973</gpoId>
          <lisID>1564</lisID>
          <bioguideId>C001037</bioguideId>
        </identifiers>
      </item>
    </sponsors>
    <introducedDate>2013-03-07</introducedDate>
    <notes />
    <committees>
      <billCommittees>
        <item>
          <subcommittees />
          <chamber>House</chamber>
          <systemCode>hsba00</systemCode>
          <type>Standing</type>
          <activities>
            <item>
              <name>Referred to</name>
              <date>2013-03-07T17:02:30Z</date>
            </item>
          </activities>
          <name>Financial Services Committee</name>
        </item>
      </billCommittees>
    </committees>
    <congress>113</congress>
    <createDate>2013-03-08T07:01:11Z</createDate>
    <policyArea>
      <name>Housing and Community Development</name>
    </policyArea>
    <laws />
    <billType>HR</billType>
    <subjects>
      <billSubjects>
        <policyArea>
          <name>Housing and Community Development</name>
        </policyArea>
        <legislativeSubjects>
          <item>
            <name>Government lending and loan guarantees</name>
          </item>
          <item>
            <name>Government trust funds</name>
          </item>
          <item>
            <name>Housing finance and home ownership</name>
          </item>
        </legislativeSubjects>
      </billSubjects>
    </subjects>
    <cosponsors>
      <item>
        <sponsorshipDate>2013-03-15</sponsorshipDate>
        <lastName>Ellison</lastName>
        <fullName>Rep. Ellison, Keith [D-MN-5]</fullName>
        <middleName />
        <firstName>Keith</firstName>
        <sponsorshipWithdrawnDate />
        <identifiers>
          <lisID>1857</lisID>
          <bioguideId>E000288</bioguideId>
          <gpoId>8005</gpoId>
        </identifiers>
        <isOriginalCosponsor>False</isOriginalCosponsor>
        <bioguideId>E000288</bioguideId>
      </item>
      <item>
        <sponsorshipDate>2013-03-15</sponsorshipDate>
        <lastName>CLAY</lastName>
        <fullName>Rep. Clay, Wm. Lacy [D-MO-1]</fullName>
        <middleName>LACY</middleName>
        <firstName>WM.</firstName>
        <sponsorshipWithdrawnDate />
        <identifiers>
          <gpoId>8009</gpoId>
          <bioguideId>C001049</bioguideId>
          <lisID>1654</lisID>
        </identifiers>
        <isOriginalCosponsor>False</isOriginalCosponsor>
        <bioguideId>C001049</bioguideId>
      </item>
      <item>
        <sponsorshipDate>2013-04-10</sponsorshipDate>
        <lastName>SHERMAN</lastName>
        <fullName>Rep. Sherman, Brad [D-CA-30]</fullName>
        <middleName />
        <firstName>BRAD</firstName>
        <sponsorshipWithdrawnDate />
        <identifiers>
          <lisID>1526</lisID>
          <gpoId>7832</gpoId>
          <bioguideId>S000344</bioguideId>
        </identifiers>
        <isOriginalCosponsor>False</isOriginalCosponsor>
        <bioguideId>S000344</bioguideId>
      </item>
    </cosponsors>
    <calendarNumbers />
    <relatedBills>
      <item>
        <latestAction>
          <text>Referred to the House Committee on Financial Services.</text>
          <actionDate>2013-03-04</actionDate>
        </latestAction>
        <congress>113</congress>
        <latestTitle>End Unnecessary Borrowing Act of 2013</latestTitle>
        <relationshipDetails>
          <item>
            <identifiedBy>CRS</identifiedBy>
            <type>Identical bill</type>
          </item>
          <item>
            <identifiedBy>CRS</identifiedBy>
            <type>Related bill</type>
          </item>
        </relationshipDetails>
        <number>941</number>
        <type>HR</type>
      </item>
    </relatedBills>
    <amendments />
    <recordedVotes />
    <title>End Unnecessary Borrowing Act of 2013</title>
    <latestAction>
      <actionDate>2013-03-07</actionDate>
      <text>Referred to the House Committee on Financial Services.</text>
      <links />
    </latestAction>
    <constitutionalAuthorityStatementText><![CDATA[<pre>By Mr. CAPUANO:H.R. 1028.Congress has the power to enact this legislation pursuantto the following:Article I, section 8, clause 1 (relating to the generalwelfare of the United States); and Article I, section 8,clause 3 (relating to the power to regulate interstatecommerce).[Page H1328]</pre>]]></constitutionalAuthorityStatementText>
    <cboCostEstimates />
    <originChamber>House</originChamber>
    <committeeReports />
  </bill>
  <dublinCore xmlns:dc="http://purl.org/dc/elements/1.1/">
    <dc:format>text/xml</dc:format>
    <dc:language>EN</dc:language>
    <dc:rights>Pursuant to Title 17 Section 105 of the United States Code, this file is not subject to copyright protection and is in the public domain.</dc:rights>
    <dc:contributor>Congressional Research Service, Library of Congress</dc:contributor>
    <dc:description>This file contains bill summaries and statuses for federal legislation. A bill summary describes the most significant provisions of a piece of legislation and details the effects the legislative text may have on current law and federal programs. Bill summaries are authored by the Congressional Research Service (CRS) of the Library of Congress. As stated in Public Law 91-510 (2 USC 166 (d)(6)), one of the duties of CRS is "to prepare summaries and digests of bills and resolutions of a public general nature introduced in the Senate or House of Representatives". For more information, refer to the User Guide that accompanies this file.</dc:description>
  </dublinCore>
</billStatus>

