<?xml version="1.0" encoding="UTF-8"?>
<billStatus>
  <bill>
    <latestAction>
      <actionDate>2013-04-23</actionDate>
      <text>Referred to the Subcommittee on Early Childhood, Elementary, and Secondary Education.</text>
      <links />
    </latestAction>
    <committeeReports />
    <cboCostEstimates />
    <billType>HR</billType>
    <relatedBills />
    <createDate>2013-02-28T07:00:51Z</createDate>
    <title>Universal Prekindergarten and Early Childhood Education Act of 2013</title>
    <cosponsors />
    <updateDate>2016-10-25T15:59:45Z</updateDate>
    <amendments />
    <originChamber>House</originChamber>
    <subjects>
      <billSubjects>
        <policyArea>
          <name>Education</name>
        </policyArea>
        <legislativeSubjects>
          <item>
            <name>Education programs funding</name>
          </item>
          <item>
            <name>Preschool education</name>
          </item>
          <item>
            <name>Teaching, teachers, curricula</name>
          </item>
        </legislativeSubjects>
      </billSubjects>
    </subjects>
    <policyArea>
      <name>Education</name>
    </policyArea>
    <congress>113</congress>
    <constitutionalAuthorityStatementText><![CDATA[<pre>By Ms. NORTON:H.R. 866.Congress has the power to enact this legislation pursuantto the following:Clause 1 of section 8 of article I of the Constitution.[Page H702]</pre>]]></constitutionalAuthorityStatementText>
    <summaries>
      <billSummaries>
        <item>
          <updateDate>2013-02-27T05:00:00Z</updateDate>
          <actionDate>2013-02-27</actionDate>
          <lastSummaryUpdateDate>2013-03-08T20:28:57Z</lastSummaryUpdateDate>
          <text><![CDATA[<p>Universal Prekindergarten and Early Childhood Education Act of 2013 - Authorizes the Secretary of Education to award competitive grants to states to establish full-day prekindergarten programs at public schools.</p> <p>Requires those programs to: (1) permit parents, regardless of income, to enroll their four-year old children at a school in which their children may be enrolled for kindergarten; (2) run for the length of the regular school year; and (3) be taught by teachers who possess qualifications similar to the qualifications of other teachers at the applicable school.</p> <p>Prohibits the federal share of a prekindergarten program grant from exceeding 80% of the prekindergarten program's costs.</p>]]></text>
          <versionCode>00</versionCode>
          <actionDesc>Introduced in House</actionDesc>
          <name>Introduced in House</name>
        </item>
      </billSummaries>
    </summaries>
    <sponsors>
      <item>
        <fullName>Rep. Norton, Eleanor Holmes [D-DC-At Large]</fullName>
        <byRequestType />
        <bioguideId>N000147</bioguideId>
        <firstName>ELEANOR</firstName>
        <middleName>HOLMES</middleName>
        <identifiers>
          <bioguideId>N000147</bioguideId>
          <lisID>868</lisID>
          <gpoId>7871</gpoId>
        </identifiers>
        <lastName>NORTON</lastName>
      </item>
    </sponsors>
    <calendarNumbers />
    <laws />
    <introducedDate>2013-02-27</introducedDate>
    <billNumber>866</billNumber>
    <actions>
      <item>
        <actionDate>2013-04-23</actionDate>
        <committee>
          <systemCode>hsed14</systemCode>
          <name>Early Childhood, Elementary, and Secondary Education Subcommittee</name>
        </committee>
        <links />
        <sourceSystem>
          <name>House committee actions</name>
          <code>1</code>
        </sourceSystem>
        <text>Referred to the Subcommittee on Early Childhood, Elementary, and Secondary Education.</text>
        <type>Committee</type>
      </item>
      <item>
        <committee>
          <systemCode>hsed00</systemCode>
          <name>Education and the Workforce Committee</name>
        </committee>
        <type>IntroReferral</type>
        <links />
        <actionCode>H11100</actionCode>
        <sourceSystem>
          <name>House floor actions</name>
          <code>2</code>
        </sourceSystem>
        <actionDate>2013-02-27</actionDate>
        <text>Referred to the House Committee on Education and the Workforce.</text>
      </item>
      <item>
        <committee />
        <type>IntroReferral</type>
        <links>
          <link>
            <name>E207</name>
            <url>/congressional-record/2013/extensions-of-remarks-section/page/E207</url>
          </link>
        </links>
        <actionCode>B00100</actionCode>
        <sourceSystem>
          <name>Library of Congress</name>
          <code>9</code>
        </sourceSystem>
        <actionDate>2013-02-27</actionDate>
        <text>Sponsor introductory remarks on measure. (CR E207)</text>
      </item>
      <item>
        <committee />
        <type>IntroReferral</type>
        <links />
        <actionCode>Intro-H</actionCode>
        <sourceSystem>
          <name>Library of Congress</name>
          <code>9</code>
        </sourceSystem>
        <actionDate>2013-02-27</actionDate>
        <text>Introduced in House</text>
      </item>
      <item>
        <committee />
        <type>IntroReferral</type>
        <links />
        <actionCode>1000</actionCode>
        <sourceSystem>
          <name>Library of Congress</name>
          <code>9</code>
        </sourceSystem>
        <actionDate>2013-02-27</actionDate>
        <text>Introduced in House</text>
      </item>
      <actionByCounts>
        <houseOfRepresentatives>4</houseOfRepresentatives>
      </actionByCounts>
      <actionTypeCounts>
        <placeholderTextForB>1</placeholderTextForB>
        <introducedInTheHouse>1</introducedInTheHouse>
        <placeholderTextForH>1</placeholderTextForH>
        <billReferrals>1</billReferrals>
        <introducedInHouse>1</introducedInHouse>
      </actionTypeCounts>
    </actions>
    <notes />
    <titles>
      <item>
        <chamberName />
        <chamberCode />
        <parentTitleType />
        <titleType>Short Titles as Introduced</titleType>
        <title>Universal Prekindergarten and Early Childhood Education Act of 2013</title>
      </item>
      <item>
        <chamberName />
        <chamberCode />
        <parentTitleType />
        <titleType>Official Title as Introduced</titleType>
        <title>To establish a grant program to assist States to establish universal prekindergarten in public schools and public charter schools.</title>
      </item>
      <item>
        <chamberName />
        <chamberCode />
        <parentTitleType />
        <titleType>Display Title</titleType>
        <title>Universal Prekindergarten and Early Childhood Education Act of 2013</title>
      </item>
    </titles>
    <recordedVotes />
    <committees>
      <billCommittees>
        <item>
          <type>Standing</type>
          <chamber>House</chamber>
          <systemCode>hsed00</systemCode>
          <subcommittees>
            <item>
              <systemCode>hsed14</systemCode>
              <activities>
                <item>
                  <date>2013-04-23T15:52:53Z</date>
                  <name>Referred to</name>
                </item>
              </activities>
              <name>Early Childhood, Elementary, and Secondary Education Subcommittee</name>
            </item>
          </subcommittees>
          <activities>
            <item>
              <date>2013-02-27T15:04:35Z</date>
              <name>Referred to</name>
            </item>
          </activities>
          <name>Education and the Workforce Committee</name>
        </item>
      </billCommittees>
    </committees>
  </bill>
  <dublinCore xmlns:dc="http://purl.org/dc/elements/1.1/">
    <dc:format>text/xml</dc:format>
    <dc:language>EN</dc:language>
    <dc:rights>Pursuant to Title 17 Section 105 of the United States Code, this file is not subject to copyright protection and is in the public domain.</dc:rights>
    <dc:contributor>Congressional Research Service, Library of Congress</dc:contributor>
    <dc:description>This file contains bill summaries and statuses for federal legislation. A bill summary describes the most significant provisions of a piece of legislation and details the effects the legislative text may have on current law and federal programs. Bill summaries are authored by the Congressional Research Service (CRS) of the Library of Congress. As stated in Public Law 91-510 (2 USC 166 (d)(6)), one of the duties of CRS is "to prepare summaries and digests of bills and resolutions of a public general nature introduced in the Senate or House of Representatives". For more information, refer to the User Guide that accompanies this file.</dc:description>
  </dublinCore>
</billStatus>

