<?xml version="1.0" encoding="UTF-8"?>
<billStatus>
  <bill>
    <billNumber>986</billNumber>
    <titles>
      <item>
        <parentTitleType />
        <title>Rural Health Clinic Fairness Act of 2013</title>
        <chamberName />
        <chamberCode />
        <titleType>Short Titles as Introduced</titleType>
      </item>
      <item>
        <parentTitleType />
        <title>To amend title XVIII of the Social Security Act to ensure the eligibility of eligible professionals practicing in rural health clinics for electronic health records and quality improvement incentives under Medicare, and for other purposes.</title>
        <chamberName />
        <chamberCode />
        <titleType>Official Title as Introduced</titleType>
      </item>
      <item>
        <parentTitleType />
        <title>Rural Health Clinic Fairness Act of 2013</title>
        <chamberName />
        <chamberCode />
        <titleType>Display Title</titleType>
      </item>
    </titles>
    <actions>
      <actionTypeCounts>
        <billReferralsAggregate>1</billReferralsAggregate>
        <placeholderTextForH>2</placeholderTextForH>
        <introducedInTheHouse>1</introducedInTheHouse>
        <billReferrals>2</billReferrals>
        <introducedInHouse>1</introducedInHouse>
      </actionTypeCounts>
      <item>
        <actionDate>2013-03-08</actionDate>
        <committee>
          <name>Health Subcommittee</name>
          <systemCode>hsif14</systemCode>
        </committee>
        <links />
        <sourceSystem>
          <name>House committee actions</name>
          <code>1</code>
        </sourceSystem>
        <text>Referred to the Subcommittee on Health.</text>
        <type>Committee</type>
      </item>
      <item>
        <actionDate>2013-03-07</actionDate>
        <committee>
          <name>Health Subcommittee</name>
          <systemCode>hswm02</systemCode>
        </committee>
        <links />
        <sourceSystem>
          <name>House committee actions</name>
          <code>1</code>
        </sourceSystem>
        <text>Referred to the Subcommittee on Health.</text>
        <type>Committee</type>
      </item>
      <item>
        <committee>
          <name>Ways and Means Committee</name>
          <systemCode>hswm00</systemCode>
        </committee>
        <actionCode>H11100</actionCode>
        <type>IntroReferral</type>
        <sourceSystem>
          <name>House floor actions</name>
          <code>2</code>
        </sourceSystem>
        <links />
        <text>Referred to House Ways and Means</text>
        <actionDate>2013-03-06</actionDate>
      </item>
      <item>
        <committee>
          <name>Energy and Commerce Committee</name>
          <systemCode>hsif00</systemCode>
        </committee>
        <actionCode>H11100</actionCode>
        <type>IntroReferral</type>
        <sourceSystem>
          <name>House floor actions</name>
          <code>2</code>
        </sourceSystem>
        <links />
        <text>Referred to House Energy and Commerce</text>
        <actionDate>2013-03-06</actionDate>
      </item>
      <item>
        <committee />
        <actionCode>H11100-A</actionCode>
        <type>IntroReferral</type>
        <sourceSystem>
          <name>Library of Congress</name>
          <code>9</code>
        </sourceSystem>
        <links />
        <text>Referred to the Committee on Energy and Commerce, and in addition to the Committee on Ways and Means, for a period to be subsequently determined by the Speaker, in each case for consideration of such provisions as fall within the jurisdiction of the committee concerned.</text>
        <actionDate>2013-03-06</actionDate>
      </item>
      <item>
        <committee />
        <actionCode>Intro-H</actionCode>
        <type>IntroReferral</type>
        <sourceSystem>
          <name>Library of Congress</name>
          <code>9</code>
        </sourceSystem>
        <links />
        <text>Introduced in House</text>
        <actionDate>2013-03-06</actionDate>
      </item>
      <item>
        <committee />
        <actionCode>1000</actionCode>
        <type>IntroReferral</type>
        <sourceSystem>
          <name>Library of Congress</name>
          <code>9</code>
        </sourceSystem>
        <links />
        <text>Introduced in House</text>
        <actionDate>2013-03-06</actionDate>
      </item>
      <actionByCounts>
        <houseOfRepresentatives>7</houseOfRepresentatives>
      </actionByCounts>
    </actions>
    <updateDate>2016-10-25T16:00:17Z</updateDate>
    <summaries>
      <billSummaries>
        <item>
          <updateDate>2013-03-06T05:00:00Z</updateDate>
          <text><![CDATA[<p>Rural Health Clinic Fairness Act of 2013 - Amends title XVIII (Medicare) of the Social Security Act to extend Medicare: (1) electronic health record (EHR) incentives to eligible professionals practicing in rural health clinics, and (2) electronic prescribing (eRx) and quality reporting incentives to such clinics. </p> <p>Revises requirements for incentive payments to such professionals who are meaningful EHR users or who submit to the Secretary of Health and Human Services (HHS) satisfactory quality data reports. Directs the Secretary to reduce the applicable incentive payments that would otherwise be determined by a budget-neutral amount calculated according to a specified formula to ensure that estimated aggregate payments are not increased as a result of this Act. </p>]]></text>
          <actionDate>2013-03-06</actionDate>
          <actionDesc>Introduced in House</actionDesc>
          <name>Introduced in House</name>
          <lastSummaryUpdateDate>2013-03-25T21:04:10Z</lastSummaryUpdateDate>
          <versionCode>00</versionCode>
        </item>
      </billSummaries>
    </summaries>
    <sponsors>
      <item>
        <firstName>Aaron</firstName>
        <fullName>Rep. Schock, Aaron [R-IL-18]</fullName>
        <middleName />
        <bioguideId>S001179</bioguideId>
        <byRequestType />
        <lastName>Schock</lastName>
        <identifiers>
          <gpoId>7938</gpoId>
          <lisID>1920</lisID>
          <bioguideId>S001179</bioguideId>
        </identifiers>
      </item>
    </sponsors>
    <introducedDate>2013-03-06</introducedDate>
    <notes />
    <committees>
      <billCommittees>
        <item>
          <activities>
            <item>
              <date>2013-03-06T15:01:40Z</date>
              <name>Referred to</name>
            </item>
          </activities>
          <chamber>House</chamber>
          <type>Standing</type>
          <subcommittees>
            <item>
              <activities>
                <item>
                  <date>2013-03-08T20:55:17Z</date>
                  <name>Referred to</name>
                </item>
              </activities>
              <name>Health Subcommittee</name>
              <systemCode>hsif14</systemCode>
            </item>
          </subcommittees>
          <name>Energy and Commerce Committee</name>
          <systemCode>hsif00</systemCode>
        </item>
        <item>
          <activities>
            <item>
              <date>2013-03-06T15:01:45Z</date>
              <name>Referred to</name>
            </item>
          </activities>
          <chamber>House</chamber>
          <type>Standing</type>
          <subcommittees>
            <item>
              <activities>
                <item>
                  <date>2013-03-07T21:33:45Z</date>
                  <name>Referred to</name>
                </item>
              </activities>
              <name>Health Subcommittee</name>
              <systemCode>hswm02</systemCode>
            </item>
          </subcommittees>
          <name>Ways and Means Committee</name>
          <systemCode>hswm00</systemCode>
        </item>
      </billCommittees>
    </committees>
    <congress>113</congress>
    <createDate>2013-03-07T07:01:11Z</createDate>
    <policyArea>
      <name>Health</name>
    </policyArea>
    <laws />
    <billType>HR</billType>
    <subjects>
      <billSubjects>
        <policyArea>
          <name>Health</name>
        </policyArea>
        <legislativeSubjects>
          <item>
            <name>Health care quality</name>
          </item>
          <item>
            <name>Health information and medical records</name>
          </item>
          <item>
            <name>Health personnel</name>
          </item>
          <item>
            <name>Health programs administration and funding</name>
          </item>
          <item>
            <name>Medicare</name>
          </item>
          <item>
            <name>Rural conditions and development</name>
          </item>
        </legislativeSubjects>
      </billSubjects>
    </subjects>
    <cosponsors>
      <item>
        <lastName>Braley</lastName>
        <sponsorshipDate>2013-03-06</sponsorshipDate>
        <firstName>Bruce</firstName>
        <identifiers>
          <bioguideId>B001259</bioguideId>
          <lisID>1845</lisID>
          <gpoId>7914</gpoId>
        </identifiers>
        <isOriginalCosponsor>True</isOriginalCosponsor>
        <bioguideId>B001259</bioguideId>
        <fullName>Rep. Braley, Bruce L. [D-IA-1]</fullName>
        <middleName>L.</middleName>
        <sponsorshipWithdrawnDate />
      </item>
      <item>
        <lastName>Huizenga</lastName>
        <sponsorshipDate>2013-03-06</sponsorshipDate>
        <firstName>Bill</firstName>
        <identifiers>
          <lisID>2028</lisID>
          <gpoId>7987</gpoId>
          <bioguideId>H001058</bioguideId>
        </identifiers>
        <isOriginalCosponsor>True</isOriginalCosponsor>
        <bioguideId>H001058</bioguideId>
        <fullName>Rep. Huizenga, Bill [R-MI-2]</fullName>
        <middleName />
        <sponsorshipWithdrawnDate />
      </item>
      <item>
        <lastName>McMorris Rodgers</lastName>
        <sponsorshipDate>2013-03-06</sponsorshipDate>
        <firstName>Cathy</firstName>
        <identifiers>
          <bioguideId>M001159</bioguideId>
          <lisID>1809</lisID>
          <gpoId>8209</gpoId>
        </identifiers>
        <isOriginalCosponsor>True</isOriginalCosponsor>
        <bioguideId>M001159</bioguideId>
        <fullName>Rep. McMorris Rodgers, Cathy [R-WA-5]</fullName>
        <middleName />
        <sponsorshipWithdrawnDate />
      </item>
      <item>
        <lastName>WALDEN</lastName>
        <sponsorshipDate>2013-03-06</sponsorshipDate>
        <firstName>GREG</firstName>
        <identifiers>
          <bioguideId>W000791</bioguideId>
          <lisID>1596</lisID>
          <gpoId>8115</gpoId>
        </identifiers>
        <isOriginalCosponsor>True</isOriginalCosponsor>
        <bioguideId>W000791</bioguideId>
        <fullName>Rep. Walden, Greg [R-OR-2]</fullName>
        <middleName />
        <sponsorshipWithdrawnDate />
      </item>
      <item>
        <lastName>Fortenberry</lastName>
        <sponsorshipDate>2013-03-19</sponsorshipDate>
        <firstName>Jeff</firstName>
        <identifiers>
          <lisID>1793</lisID>
          <bioguideId>F000449</bioguideId>
          <gpoId>8038</gpoId>
        </identifiers>
        <isOriginalCosponsor>False</isOriginalCosponsor>
        <bioguideId>F000449</bioguideId>
        <fullName>Rep. Fortenberry, Jeff [R-NE-1]</fullName>
        <middleName />
        <sponsorshipWithdrawnDate />
      </item>
      <item>
        <lastName>Valadao</lastName>
        <sponsorshipDate>2013-03-20</sponsorshipDate>
        <firstName>David</firstName>
        <identifiers>
          <bioguideId>V000129</bioguideId>
          <lisID>2105</lisID>
          <gpoId />
        </identifiers>
        <isOriginalCosponsor>False</isOriginalCosponsor>
        <bioguideId>V000129</bioguideId>
        <fullName>Rep. Valadao, David G. [R-CA-21]</fullName>
        <middleName>G.</middleName>
        <sponsorshipWithdrawnDate />
      </item>
      <item>
        <lastName>Benishek</lastName>
        <sponsorshipDate>2013-04-09</sponsorshipDate>
        <firstName>Dan</firstName>
        <identifiers>
          <gpoId>7986</gpoId>
          <lisID>2027</lisID>
          <bioguideId>B001271</bioguideId>
        </identifiers>
        <isOriginalCosponsor>False</isOriginalCosponsor>
        <bioguideId>B001271</bioguideId>
        <fullName>Rep. Benishek, Dan [R-MI-1]</fullName>
        <middleName />
        <sponsorshipWithdrawnDate />
      </item>
      <item>
        <lastName>Davis</lastName>
        <sponsorshipDate>2013-04-09</sponsorshipDate>
        <firstName>Rodney</firstName>
        <identifiers>
          <gpoId />
          <lisID>2126</lisID>
          <bioguideId>D000619</bioguideId>
        </identifiers>
        <isOriginalCosponsor>False</isOriginalCosponsor>
        <bioguideId>D000619</bioguideId>
        <fullName>Rep. Davis, Rodney [R-IL-13]</fullName>
        <middleName />
        <sponsorshipWithdrawnDate />
      </item>
      <item>
        <lastName>Loebsack</lastName>
        <sponsorshipDate>2013-04-09</sponsorshipDate>
        <firstName>David</firstName>
        <identifiers>
          <gpoId>7915</gpoId>
          <bioguideId>L000565</bioguideId>
          <lisID>1846</lisID>
        </identifiers>
        <isOriginalCosponsor>False</isOriginalCosponsor>
        <bioguideId>L000565</bioguideId>
        <fullName>Rep. Loebsack, David [D-IA-2]</fullName>
        <middleName />
        <sponsorshipWithdrawnDate />
      </item>
      <item>
        <lastName>Butterfield</lastName>
        <sponsorshipDate>2013-04-26</sponsorshipDate>
        <firstName>G. K.</firstName>
        <identifiers>
          <gpoId>8024</gpoId>
          <bioguideId>B001251</bioguideId>
          <lisID>1761</lisID>
        </identifiers>
        <isOriginalCosponsor>False</isOriginalCosponsor>
        <bioguideId>B001251</bioguideId>
        <fullName>Rep. Butterfield, G. K. [D-NC-1]</fullName>
        <middleName />
        <sponsorshipWithdrawnDate />
      </item>
      <item>
        <lastName>PETERSON</lastName>
        <sponsorshipDate>2013-05-20</sponsorshipDate>
        <firstName>COLLIN</firstName>
        <identifiers>
          <bioguideId>P000258</bioguideId>
          <lisID>910</lisID>
          <gpoId>8007</gpoId>
        </identifiers>
        <isOriginalCosponsor>False</isOriginalCosponsor>
        <bioguideId>P000258</bioguideId>
        <fullName>Rep. Peterson, Collin C. [D-MN-7]</fullName>
        <middleName>C.</middleName>
        <sponsorshipWithdrawnDate />
      </item>
      <item>
        <lastName>Stivers</lastName>
        <sponsorshipDate>2014-02-28</sponsorshipDate>
        <firstName>Steve</firstName>
        <identifiers>
          <lisID>2047</lisID>
          <bioguideId>S001187</bioguideId>
          <gpoId>8105</gpoId>
        </identifiers>
        <isOriginalCosponsor>False</isOriginalCosponsor>
        <bioguideId>S001187</bioguideId>
        <fullName>Rep. Stivers, Steve [R-OH-15]</fullName>
        <middleName />
        <sponsorshipWithdrawnDate />
      </item>
      <item>
        <lastName>Black</lastName>
        <sponsorshipDate>2014-07-31</sponsorshipDate>
        <firstName>Diane</firstName>
        <identifiers>
          <lisID>2063</lisID>
          <bioguideId>B001273</bioguideId>
          <gpoId>8153</gpoId>
        </identifiers>
        <isOriginalCosponsor>False</isOriginalCosponsor>
        <bioguideId>B001273</bioguideId>
        <fullName>Rep. Black, Diane [R-TN-6]</fullName>
        <middleName />
        <sponsorshipWithdrawnDate />
      </item>
    </cosponsors>
    <calendarNumbers />
    <relatedBills />
    <amendments />
    <recordedVotes />
    <title>Rural Health Clinic Fairness Act of 2013</title>
    <latestAction>
      <actionDate>2013-03-08</actionDate>
      <text>Referred to the Subcommittee on Health.</text>
      <links />
    </latestAction>
    <constitutionalAuthorityStatementText><![CDATA[<pre>By Mr. SCHOCK:H.R. 986.Congress has the power to enact this legislation pursuantto the following:The constitutional authority on which this bill rests isthe power of Congress as stated in Article I, Section 8 ofthe United States Constitution.[Page H1320]</pre>]]></constitutionalAuthorityStatementText>
    <cboCostEstimates />
    <originChamber>House</originChamber>
    <committeeReports />
  </bill>
  <dublinCore xmlns:dc="http://purl.org/dc/elements/1.1/">
    <dc:format>text/xml</dc:format>
    <dc:language>EN</dc:language>
    <dc:rights>Pursuant to Title 17 Section 105 of the United States Code, this file is not subject to copyright protection and is in the public domain.</dc:rights>
    <dc:contributor>Congressional Research Service, Library of Congress</dc:contributor>
    <dc:description>This file contains bill summaries and statuses for federal legislation. A bill summary describes the most significant provisions of a piece of legislation and details the effects the legislative text may have on current law and federal programs. Bill summaries are authored by the Congressional Research Service (CRS) of the Library of Congress. As stated in Public Law 91-510 (2 USC 166 (d)(6)), one of the duties of CRS is "to prepare summaries and digests of bills and resolutions of a public general nature introduced in the Senate or House of Representatives". For more information, refer to the User Guide that accompanies this file.</dc:description>
  </dublinCore>
</billStatus>

