<?xml version="1.0" encoding="UTF-8"?>
<billStatus>
  <bill>
    <billNumber>1335</billNumber>
    <titles>
      <item>
        <chamberCode />
        <parentTitleType />
        <titleType>Short Titles as Introduced</titleType>
        <title>Short Sale Transparency Act of 2013</title>
        <chamberName />
      </item>
      <item>
        <chamberCode />
        <parentTitleType />
        <titleType>Official Title as Introduced</titleType>
        <title>To require Fannie Mae and Freddie Mac to disclose the minimum purchase price that such an enterprise will accept on the short sale of a residence financed by a mortgage purchased by such an enterprise in order to make short sales a viable alternative to foreclosure.</title>
        <chamberName />
      </item>
      <item>
        <chamberCode />
        <parentTitleType />
        <titleType>Display Title</titleType>
        <title>Short Sale Transparency Act of 2013</title>
        <chamberName />
      </item>
    </titles>
    <actions>
      <item>
        <committee>
          <systemCode>hsba00</systemCode>
          <name>Financial Services Committee</name>
        </committee>
        <type>IntroReferral</type>
        <links />
        <actionCode>H11100</actionCode>
        <sourceSystem>
          <name>House floor actions</name>
          <code>2</code>
        </sourceSystem>
        <actionDate>2013-03-21</actionDate>
        <text>Referred to the House Committee on Financial Services.</text>
      </item>
      <item>
        <committee />
        <type>IntroReferral</type>
        <links />
        <actionCode>Intro-H</actionCode>
        <sourceSystem>
          <name>Library of Congress</name>
          <code>9</code>
        </sourceSystem>
        <actionDate>2013-03-21</actionDate>
        <text>Introduced in House</text>
      </item>
      <item>
        <committee />
        <type>IntroReferral</type>
        <links />
        <actionCode>1000</actionCode>
        <sourceSystem>
          <name>Library of Congress</name>
          <code>9</code>
        </sourceSystem>
        <actionDate>2013-03-21</actionDate>
        <text>Introduced in House</text>
      </item>
      <actionByCounts>
        <houseOfRepresentatives>3</houseOfRepresentatives>
      </actionByCounts>
      <actionTypeCounts>
        <introducedInTheHouse>1</introducedInTheHouse>
        <billReferrals>1</billReferrals>
        <introducedInHouse>1</introducedInHouse>
      </actionTypeCounts>
    </actions>
    <updateDate>2016-10-25T16:01:28Z</updateDate>
    <summaries>
      <billSummaries>
        <item>
          <versionCode>00</versionCode>
          <name>Introduced in House</name>
          <actionDate>2013-03-21</actionDate>
          <updateDate>2013-03-21T04:00:00Z</updateDate>
          <lastSummaryUpdateDate>2013-04-24T20:53:52Z</lastSummaryUpdateDate>
          <text><![CDATA[<p>Short Sale Transparency Act of 2013 - Directs the Director of the Federal Housing Finance Agency to require the Federal National Mortgage Association (Fannie Mae) and the Federal Home Loan Mortgage Corporation (Freddie Mac), in any case in which one or the other denies the purchase of a residential mortgage loan made to finance the purchase, under a short sale, of a covered dwelling on the basis that the purchase price involved is insufficient, to disclose promptly to the prospective seller the amount by which the purchase price was less than the minimum purchase price sufficient for approval of the purchase of such mortgage. </p>]]></text>
          <actionDesc>Introduced in House</actionDesc>
        </item>
      </billSummaries>
    </summaries>
    <sponsors>
      <item>
        <firstName>SUSAN</firstName>
        <fullName>Rep. Davis, Susan A. [D-CA-53]</fullName>
        <middleName>A.</middleName>
        <bioguideId>D000598</bioguideId>
        <byRequestType />
        <lastName>DAVIS</lastName>
        <identifiers>
          <gpoId>7858</gpoId>
          <bioguideId>D000598</bioguideId>
          <lisID>1641</lisID>
        </identifiers>
      </item>
    </sponsors>
    <introducedDate>2013-03-21</introducedDate>
    <notes />
    <committees>
      <billCommittees>
        <item>
          <activities>
            <item>
              <date>2013-03-21T13:03:05Z</date>
              <name>Referred to</name>
            </item>
          </activities>
          <chamber>House</chamber>
          <type>Standing</type>
          <subcommittees />
          <name>Financial Services Committee</name>
          <systemCode>hsba00</systemCode>
        </item>
      </billCommittees>
    </committees>
    <congress>113</congress>
    <createDate>2013-03-22T07:01:11Z</createDate>
    <policyArea>
      <name>Housing and Community Development</name>
    </policyArea>
    <laws />
    <billType>HR</billType>
    <subjects>
      <billSubjects>
        <policyArea>
          <name>Housing and Community Development</name>
        </policyArea>
        <legislativeSubjects>
          <item>
            <name>Government information and archives</name>
          </item>
          <item>
            <name>Housing finance and home ownership</name>
          </item>
        </legislativeSubjects>
      </billSubjects>
    </subjects>
    <cosponsors>
      <item>
        <sponsorshipDate>2013-04-09</sponsorshipDate>
        <lastName>HASTINGS</lastName>
        <fullName>Rep. Hastings, Alcee L. [D-FL-20]</fullName>
        <middleName>L.</middleName>
        <firstName>ALCEE</firstName>
        <sponsorshipWithdrawnDate />
        <identifiers>
          <gpoId>7895</gpoId>
          <lisID>511</lisID>
          <bioguideId>H000324</bioguideId>
        </identifiers>
        <isOriginalCosponsor>False</isOriginalCosponsor>
        <bioguideId>H000324</bioguideId>
      </item>
      <item>
        <sponsorshipDate>2013-04-09</sponsorshipDate>
        <lastName>Johnson</lastName>
        <fullName>Rep. Johnson, Henry C. "Hank," Jr. [D-GA-4]</fullName>
        <middleName>C. "Hank"</middleName>
        <firstName>Henry</firstName>
        <sponsorshipWithdrawnDate />
        <identifiers>
          <lisID>1843</lisID>
          <bioguideId>J000288</bioguideId>
          <gpoId>7901</gpoId>
        </identifiers>
        <isOriginalCosponsor>False</isOriginalCosponsor>
        <bioguideId>J000288</bioguideId>
      </item>
      <item>
        <sponsorshipDate>2013-04-09</sponsorshipDate>
        <lastName>Connolly</lastName>
        <fullName>Rep. Connolly, Gerald E. [D-VA-11]</fullName>
        <middleName>E.</middleName>
        <firstName>Gerald</firstName>
        <sponsorshipWithdrawnDate />
        <identifiers>
          <gpoId>8202</gpoId>
          <lisID>1959</lisID>
          <bioguideId>C001078</bioguideId>
        </identifiers>
        <isOriginalCosponsor>False</isOriginalCosponsor>
        <bioguideId>C001078</bioguideId>
      </item>
    </cosponsors>
    <calendarNumbers />
    <relatedBills />
    <amendments />
    <recordedVotes />
    <title>Short Sale Transparency Act of 2013</title>
    <latestAction>
      <actionDate>2013-03-21</actionDate>
      <text>Referred to the House Committee on Financial Services.</text>
      <links />
    </latestAction>
    <constitutionalAuthorityStatementText><![CDATA[<pre>By Mrs. DAVIS of California:H.R. 1335.Congress has the power to enact this legislation pursuantto the following:Article I, Section 8[Page H1826]</pre>]]></constitutionalAuthorityStatementText>
    <cboCostEstimates />
    <originChamber>House</originChamber>
    <committeeReports />
  </bill>
  <dublinCore xmlns:dc="http://purl.org/dc/elements/1.1/">
    <dc:format>text/xml</dc:format>
    <dc:language>EN</dc:language>
    <dc:rights>Pursuant to Title 17 Section 105 of the United States Code, this file is not subject to copyright protection and is in the public domain.</dc:rights>
    <dc:contributor>Congressional Research Service, Library of Congress</dc:contributor>
    <dc:description>This file contains bill summaries and statuses for federal legislation. A bill summary describes the most significant provisions of a piece of legislation and details the effects the legislative text may have on current law and federal programs. Bill summaries are authored by the Congressional Research Service (CRS) of the Library of Congress. As stated in Public Law 91-510 (2 USC 166 (d)(6)), one of the duties of CRS is "to prepare summaries and digests of bills and resolutions of a public general nature introduced in the Senate or House of Representatives". For more information, refer to the User Guide that accompanies this file.</dc:description>
  </dublinCore>
</billStatus>

