<?xml version="1.0" encoding="UTF-8"?>
<billStatus>
  <bill>
    <titles>
      <item>
        <parentTitleType />
        <title>Justifiable Homicide Accuracy in Reporting Act of 2014</title>
        <chamberName />
        <chamberCode />
        <titleType>Short Titles as Introduced</titleType>
      </item>
      <item>
        <parentTitleType />
        <title>To revise the Uniform Crime Reports, and the National Incident-Based Reporting System, to direct the Director of the Federal Bureau of Investigation to include information in those reports pertaining to law enforcement-involved justifiable homicides, and for other purposes.</title>
        <chamberName />
        <chamberCode />
        <titleType>Official Title as Introduced</titleType>
      </item>
      <item>
        <parentTitleType />
        <title>Justifiable Homicide Accuracy in Reporting Act of 2014</title>
        <chamberName />
        <chamberCode />
        <titleType>Display Title</titleType>
      </item>
    </titles>
    <introducedDate>2015-01-02</introducedDate>
    <notes />
    <calendarNumbers />
    <committees>
      <billCommittees>
        <item>
          <name>Judiciary Committee</name>
          <subcommittees />
          <chamber>House</chamber>
          <type>Standing</type>
          <systemCode>hsju00</systemCode>
          <activities>
            <item>
              <name>Referred to</name>
              <date>2015-01-02T18:00:30Z</date>
            </item>
          </activities>
        </item>
      </billCommittees>
    </committees>
    <sponsors>
      <item>
        <lastName>JACKSON LEE</lastName>
        <middleName />
        <bioguideId>J000032</bioguideId>
        <firstName>SHEILA</firstName>
        <byRequestType />
        <fullName>Rep. Jackson Lee, Sheila [D-TX-18]</fullName>
        <identifiers>
          <bioguideId>J000032</bioguideId>
          <lisID>588</lisID>
          <gpoId>8174</gpoId>
        </identifiers>
      </item>
    </sponsors>
    <subjects>
      <billSubjects>
        <policyArea>
          <name>Crime and Law Enforcement</name>
        </policyArea>
        <legislativeSubjects>
          <item>
            <name>Criminal justice information and records</name>
          </item>
          <item>
            <name>Law enforcement officers</name>
          </item>
          <item>
            <name>Violent crime</name>
          </item>
        </legislativeSubjects>
      </billSubjects>
    </subjects>
    <originChamber>House</originChamber>
    <createDate>2015-01-03T04:46:23Z</createDate>
    <congress>113</congress>
    <recordedVotes />
    <billType>HR</billType>
    <actions>
      <item>
        <actionDate>2015-01-02</actionDate>
        <committee>
          <name>Judiciary Committee</name>
          <systemCode>hsju00</systemCode>
        </committee>
        <actionCode>H11100</actionCode>
        <links />
        <type>IntroReferral</type>
        <sourceSystem>
          <name>House floor actions</name>
          <code>2</code>
        </sourceSystem>
        <text>Referred to the House Committee on the Judiciary.</text>
      </item>
      <item>
        <actionDate>2015-01-02</actionDate>
        <committee />
        <actionCode>Intro-H</actionCode>
        <links />
        <type>IntroReferral</type>
        <sourceSystem>
          <name>Library of Congress</name>
          <code>9</code>
        </sourceSystem>
        <text>Introduced in House</text>
      </item>
      <item>
        <actionDate>2015-01-02</actionDate>
        <committee />
        <actionCode>1000</actionCode>
        <links />
        <type>IntroReferral</type>
        <sourceSystem>
          <name>Library of Congress</name>
          <code>9</code>
        </sourceSystem>
        <text>Introduced in House</text>
      </item>
      <actionByCounts>
        <houseOfRepresentatives>3</houseOfRepresentatives>
      </actionByCounts>
      <actionTypeCounts>
        <introducedInTheHouse>1</introducedInTheHouse>
        <introducedInHouse>1</introducedInHouse>
        <billReferrals>1</billReferrals>
      </actionTypeCounts>
    </actions>
    <summaries>
      <billSummaries>
        <item>
          <lastSummaryUpdateDate>2015-01-30T20:08:23Z</lastSummaryUpdateDate>
          <name>Introduced in House</name>
          <actionDesc>Introduced in House</actionDesc>
          <text><![CDATA[<p>Justifiable Homicide Accuracy in Reporting Act of 2014 - Requires the Director of the Federal Bureau of Investigation (FBI) to revise the Uniform Crime Reports and the National Incident-Based Reporting System to include information pertaining to law enforcement-involved justifiable homicides.</p>]]></text>
          <actionDate>2015-01-02</actionDate>
          <versionCode>00</versionCode>
          <updateDate>2015-01-02T16:29:48Z</updateDate>
        </item>
      </billSummaries>
    </summaries>
    <constitutionalAuthorityStatementText><![CDATA[<pre>By Ms. JACKSON LEE:H.R. 5889.Congress has the power to enact this legislation pursuantto the following:This bill is enacted pursuant to the power granted toCongress under Article I, Section 8, Clauses 1, 3, and 18 ofthe United States Constitution.[Page H10335]</pre>]]></constitutionalAuthorityStatementText>
    <relatedBills />
    <policyArea>
      <name>Crime and Law Enforcement</name>
    </policyArea>
    <updateDate>2016-10-25T16:17:55Z</updateDate>
    <cosponsors />
    <cboCostEstimates />
    <latestAction>
      <text>Referred to the House Committee on the Judiciary.</text>
      <actionDate>2015-01-02</actionDate>
      <links />
    </latestAction>
    <committeeReports />
    <title>Justifiable Homicide Accuracy in Reporting Act of 2014</title>
    <amendments />
    <laws />
    <billNumber>5889</billNumber>
  </bill>
  <dublinCore xmlns:dc="http://purl.org/dc/elements/1.1/">
    <dc:format>text/xml</dc:format>
    <dc:language>EN</dc:language>
    <dc:rights>Pursuant to Title 17 Section 105 of the United States Code, this file is not subject to copyright protection and is in the public domain.</dc:rights>
    <dc:contributor>Congressional Research Service, Library of Congress</dc:contributor>
    <dc:description>This file contains bill summaries and statuses for federal legislation. A bill summary describes the most significant provisions of a piece of legislation and details the effects the legislative text may have on current law and federal programs. Bill summaries are authored by the Congressional Research Service (CRS) of the Library of Congress. As stated in Public Law 91-510 (2 USC 166 (d)(6)), one of the duties of CRS is "to prepare summaries and digests of bills and resolutions of a public general nature introduced in the Senate or House of Representatives". For more information, refer to the User Guide that accompanies this file.</dc:description>
  </dublinCore>
</billStatus>

