<?xml version="1.0" encoding="UTF-8"?>
<billStatus>
  <bill>
    <relatedBills>
      <item>
        <latestAction>
          <text>Received in the Senate. Read twice. Placed on Senate Legislative Calendar under General Orders. Calendar No. 232, Pursuant to Sec. 1002 of Public Law 113-46.</text>
          <actionDate>2013-10-31</actionDate>
        </latestAction>
        <congress>113</congress>
        <latestTitle>Relating to the disapproval of the President's exercise of authority to suspend the debt limit, as submitted under section 1002(b) of the Continuing Appropriations Act, 2014 on October 17, 2013.</latestTitle>
        <relationshipDetails>
          <item>
            <identifiedBy>CRS</identifiedBy>
            <type>Identical bill</type>
          </item>
          <item>
            <identifiedBy>House</identifiedBy>
            <type>Related bill</type>
          </item>
        </relationshipDetails>
        <number>99</number>
        <type>HJRES</type>
      </item>
    </relatedBills>
    <policyArea>
      <name>Economics and Public Finance</name>
    </policyArea>
    <congress>113</congress>
    <cboCostEstimates />
    <laws />
    <billNumber>26</billNumber>
    <notes />
    <originChamber>Senate</originChamber>
    <latestAction>
      <actionDate>2013-10-29</actionDate>
      <text>Motion to proceed to consideration of measure rejected in Senate by Yea-Nay Vote. 45 - 54. Record Vote Number: 220.</text>
      <links />
    </latestAction>
    <updateDate>2016-10-25T16:19:37Z</updateDate>
    <calendarNumbers>
      <item>
        <calendar>Senate Calendar of Business</calendar>
        <number>0223</number>
      </item>
    </calendarNumbers>
    <titles>
      <item>
        <chamberName />
        <titleType>Official Title as Introduced</titleType>
        <title>A joint resolution relating to the disapproval of the President's exercise of authority to suspend the debt limit, as submitted under section 1002(b) of the Continuing Appropriations Act, 2014 on October 17, 2013.</title>
        <chamberCode />
        <parentTitleType />
      </item>
      <item>
        <chamberName />
        <titleType>Display Title</titleType>
        <title>A joint resolution relating to the disapproval of the President's exercise of authority to suspend the debt limit, as submitted under section 1002(b) of the Continuing Appropriations Act, 2014 on October 17, 2013.</title>
        <chamberCode />
        <parentTitleType />
      </item>
    </titles>
    <title>A joint resolution relating to the disapproval of the President's exercise of authority to suspend the debt limit, as submitted under section 1002(b) of the Continuing Appropriations Act, 2014 on October 17, 2013.</title>
    <committeeReports />
    <sponsors>
      <item>
        <bioguideId>M000355</bioguideId>
        <fullName>Sen. McConnell, Mitch [R-KY]</fullName>
        <identifiers>
          <lisID>1395</lisID>
          <bioguideId>M000355</bioguideId>
          <gpoId>8254</gpoId>
        </identifiers>
        <byRequestType />
        <middleName />
        <firstName>MITCH</firstName>
        <lastName>MCCONNELL</lastName>
      </item>
    </sponsors>
    <introducedDate>2013-10-28</introducedDate>
    <createDate>2013-10-29T01:29:47Z</createDate>
    <committees>
      <billCommittees />
    </committees>
    <cosponsors />
    <billType>SJRES</billType>
    <summaries>
      <billSummaries>
        <item>
          <updateDate>2013-10-28T04:00:00Z</updateDate>
          <actionDate>2013-10-28</actionDate>
          <lastSummaryUpdateDate>2013-10-30T20:00:02Z</lastSummaryUpdateDate>
          <text><![CDATA[<p>Disapproves of the President's exercise of authority to suspend the debt limit.</p>]]></text>
          <versionCode>00</versionCode>
          <actionDesc>Introduced in Senate</actionDesc>
          <name>Introduced in Senate</name>
        </item>
      </billSummaries>
    </summaries>
    <recordedVotes>
      <recordedVote>
        <date>2013-10-29T18:23:17Z</date>
        <chamber>Senate</chamber>
        <rollNumber>220</rollNumber>
        <congress>113</congress>
        <url>http://www.senate.gov/legislative/LIS/roll_call_lists/roll_call_vote_cfm.cfm?&amp;congress=113&amp;session=1&amp;vote=00220</url>
        <fullActionName>MOTION TO CONSIDER</fullActionName>
        <sessionNumber>1</sessionNumber>
      </recordedVote>
    </recordedVotes>
    <amendments />
    <actions>
      <actionByCounts>
        <senate>4</senate>
      </actionByCounts>
      <actionTypeCounts>
        <introducedInSenate>1</introducedInSenate>
        <motionToConsider>2</motionToConsider>
        <placedOnCalendarSection>1</placedOnCalendarSection>
      </actionTypeCounts>
      <item>
        <actionDate>2013-10-29</actionDate>
        <committee />
        <links>
          <link>
            <name>Record Vote Number: 220</name>
            <url>http://www.senate.gov/legislative/LIS/roll_call_lists/roll_call_vote_cfm.cfm?congress=113&amp;session=1&amp;vote=00220</url>
          </link>
        </links>
        <sourceSystem>
          <code>0</code>
          <name>Senate</name>
        </sourceSystem>
        <text>Motion to proceed to consideration of measure rejected in Senate by Yea-Nay Vote. 45 - 54. Record Vote Number: 220.</text>
        <type>Floor</type>
      </item>
      <item>
        <actionDate>2013-10-29</actionDate>
        <committee />
        <links>
          <link>
            <name>S7585-7595</name>
            <url>/congressional-record/2013/senate-section/page/S7585-7595</url>
          </link>
          <link>
            <name>S7595</name>
            <url>/congressional-record/2013/senate-section/page/S7595</url>
          </link>
        </links>
        <sourceSystem>
          <code>0</code>
          <name>Senate</name>
        </sourceSystem>
        <text>Motion to proceed to consideration of measure made in Senate. (consideration: CR S7585-7595, S7595)</text>
        <type>Floor</type>
      </item>
      <item>
        <actionDate>2013-10-28</actionDate>
        <committee />
        <links>
          <link>
            <name>S7580</name>
            <url>/congressional-record/2013/senate-section/page/S7580</url>
          </link>
        </links>
        <sourceSystem>
          <code>0</code>
          <name>Senate</name>
        </sourceSystem>
        <text>Introduced in the Senate. Read twice. Placed on Senate Legislative Calendar under General Orders. Calendar No. 223 pursuant to Sec. 1002 of Public Law 113-46. (text of measure as introduced: CR S7580)</text>
        <type>Calendars</type>
      </item>
      <item>
        <sourceSystem>
          <code>9</code>
          <name>Library of Congress</name>
        </sourceSystem>
        <type>IntroReferral</type>
        <actionDate>2013-10-28</actionDate>
        <text>Introduced in Senate</text>
        <committee />
        <actionCode>10000</actionCode>
        <links />
      </item>
    </actions>
    <subjects>
      <billSubjects>
        <legislativeSubjects>
          <item>
            <name>Budget deficits and national debt</name>
          </item>
          <item>
            <name>Congressional oversight</name>
          </item>
          <item>
            <name>Presidents and presidential powers, Vice Presidents</name>
          </item>
        </legislativeSubjects>
        <policyArea>
          <name>Economics and Public Finance</name>
        </policyArea>
      </billSubjects>
    </subjects>
  </bill>
  <dublinCore xmlns:dc="http://purl.org/dc/elements/1.1/">
    <dc:format>text/xml</dc:format>
    <dc:language>EN</dc:language>
    <dc:rights>Pursuant to Title 17 Section 105 of the United States Code, this file is not subject to copyright protection and is in the public domain.</dc:rights>
    <dc:contributor>Congressional Research Service, Library of Congress</dc:contributor>
    <dc:description>This file contains bill summaries and statuses for federal legislation. A bill summary describes the most significant provisions of a piece of legislation and details the effects the legislative text may have on current law and federal programs. Bill summaries are authored by the Congressional Research Service (CRS) of the Library of Congress. As stated in Public Law 91-510 (2 USC 166 (d)(6)), one of the duties of CRS is "to prepare summaries and digests of bills and resolutions of a public general nature introduced in the Senate or House of Representatives". For more information, refer to the User Guide that accompanies this file.</dc:description>
  </dublinCore>
</billStatus>

