<?xml version="1.0" encoding="UTF-8"?>
<billStatus>
  <bill>
    <updateDate>2016-10-25T16:19:37Z</updateDate>
    <latestAction>
      <text>Read twice and referred to the Committee on the Judiciary.</text>
      <links />
      <actionDate>2013-10-11</actionDate>
    </latestAction>
    <policyArea>
      <name>Law</name>
    </policyArea>
    <laws />
    <introducedDate>2013-10-11</introducedDate>
    <summaries>
      <billSummaries>
        <item>
          <versionCode>00</versionCode>
          <name>Introduced in Senate</name>
          <actionDate>2013-10-11</actionDate>
          <updateDate>2013-10-11T04:00:00Z</updateDate>
          <lastSummaryUpdateDate>2013-11-02T13:47:51Z</lastSummaryUpdateDate>
          <text><![CDATA[<p>Constitutional Amendment - Prohibits Congress from making any law that is applicable to a U.S. citizen but not equally applicable to: (1) Congress; (2) the executive branch, including the President, Vice President, ambassadors, other public ministers and consuls, and all other officers of the United States, including those provided for under the Constitution and by law; and (3) Justices of the Supreme Court and judges of inferior courts.</p>]]></text>
          <actionDesc>Introduced in Senate</actionDesc>
        </item>
      </billSummaries>
    </summaries>
    <recordedVotes />
    <notes />
    <billNumber>25</billNumber>
    <committeeReports />
    <calendarNumbers />
    <congress>113</congress>
    <amendments />
    <cboCostEstimates />
    <originChamber>Senate</originChamber>
    <createDate>2013-10-13T07:01:46Z</createDate>
    <subjects>
      <billSubjects>
        <legislativeSubjects>
          <item>
            <name>Constitution and constitutional amendments</name>
          </item>
          <item>
            <name>Diplomacy, foreign officials, Americans abroad</name>
          </item>
          <item>
            <name>Due process and equal protection</name>
          </item>
          <item>
            <name>Federal officials</name>
          </item>
          <item>
            <name>Judges</name>
          </item>
          <item>
            <name>Members of Congress</name>
          </item>
          <item>
            <name>Presidents and presidential powers, Vice Presidents</name>
          </item>
          <item>
            <name>Supreme Court</name>
          </item>
        </legislativeSubjects>
        <policyArea>
          <name>Law</name>
        </policyArea>
      </billSubjects>
    </subjects>
    <sponsors>
      <item>
        <lastName>Paul</lastName>
        <identifiers>
          <bioguideId>P000603</bioguideId>
          <lisID>2082</lisID>
          <gpoId>8308</gpoId>
        </identifiers>
        <firstName>Rand</firstName>
        <fullName>Sen. Paul, Rand [R-KY]</fullName>
        <bioguideId>P000603</bioguideId>
        <middleName />
        <byRequestType />
      </item>
    </sponsors>
    <cosponsors />
    <title>A joint resolution proposing an amendment to the Constitution of the United States relative to applying laws equally to the citizens of the United States and the Federal Government.</title>
    <actions>
      <item>
        <actionDate>2013-10-11</actionDate>
        <committee>
          <name>Judiciary Committee</name>
          <systemCode>ssju00</systemCode>
        </committee>
        <links />
        <sourceSystem>
          <name>Senate</name>
          <code>0</code>
        </sourceSystem>
        <text>Read twice and referred to the Committee on the Judiciary.</text>
        <type>IntroReferral</type>
      </item>
      <item>
        <actionDate>2013-10-11</actionDate>
        <committee />
        <actionCode>10000</actionCode>
        <links />
        <type>IntroReferral</type>
        <sourceSystem>
          <name>Library of Congress</name>
          <code>9</code>
        </sourceSystem>
        <text>Introduced in Senate</text>
      </item>
      <actionByCounts>
        <senate>2</senate>
      </actionByCounts>
      <actionTypeCounts>
        <introducedInSenate>1</introducedInSenate>
        <referredToCommittee>1</referredToCommittee>
      </actionTypeCounts>
    </actions>
    <titles>
      <item>
        <chamberName />
        <titleType>Official Title as Introduced</titleType>
        <title>A joint resolution proposing an amendment to the Constitution of the United States relative to applying laws equally to the citizens of the United States and the Federal Government.</title>
        <chamberCode />
        <parentTitleType />
      </item>
      <item>
        <chamberName />
        <titleType>Display Title</titleType>
        <title>A joint resolution proposing an amendment to the Constitution of the United States relative to applying laws equally to the citizens of the United States and the Federal Government.</title>
        <chamberCode />
        <parentTitleType />
      </item>
    </titles>
    <billType>SJRES</billType>
    <relatedBills>
      <item>
        <latestTitle>Proposing an amendment to the Constitution of the United States relative to applying laws equally to the citizens of the United States and the Federal Government.</latestTitle>
        <type>HJRES</type>
        <number>98</number>
        <latestAction>
          <text>Referred to the Subcommittee on the Constitution and Civil Justice.</text>
          <actionDate>2014-01-09</actionDate>
        </latestAction>
        <relationshipDetails>
          <item>
            <type>Identical bill</type>
            <identifiedBy>CRS</identifiedBy>
          </item>
        </relationshipDetails>
        <congress>113</congress>
      </item>
      <item>
        <latestTitle>Proposing an amendment to the Constitution of the United States relative to applying laws equally to the citizens of the United States and the Federal Government.</latestTitle>
        <type>HJRES</type>
        <number>97</number>
        <latestAction>
          <text>Referred to the Subcommittee on the Constitution and Civil Justice.</text>
          <actionDate>2014-01-09</actionDate>
        </latestAction>
        <relationshipDetails>
          <item>
            <type>Related bill</type>
            <identifiedBy>CRS</identifiedBy>
          </item>
        </relationshipDetails>
        <congress>113</congress>
      </item>
    </relatedBills>
    <committees>
      <billCommittees>
        <item>
          <chamber>Senate</chamber>
          <activities>
            <item>
              <name>Referred to</name>
              <date>2013-10-11T14:53:54Z</date>
            </item>
          </activities>
          <name>Judiciary Committee</name>
          <subcommittees />
          <type>Standing</type>
          <systemCode>ssju00</systemCode>
        </item>
      </billCommittees>
    </committees>
  </bill>
  <dublinCore xmlns:dc="http://purl.org/dc/elements/1.1/">
    <dc:format>text/xml</dc:format>
    <dc:language>EN</dc:language>
    <dc:rights>Pursuant to Title 17 Section 105 of the United States Code, this file is not subject to copyright protection and is in the public domain.</dc:rights>
    <dc:contributor>Congressional Research Service, Library of Congress</dc:contributor>
    <dc:description>This file contains bill summaries and statuses for federal legislation. A bill summary describes the most significant provisions of a piece of legislation and details the effects the legislative text may have on current law and federal programs. Bill summaries are authored by the Congressional Research Service (CRS) of the Library of Congress. As stated in Public Law 91-510 (2 USC 166 (d)(6)), one of the duties of CRS is "to prepare summaries and digests of bills and resolutions of a public general nature introduced in the Senate or House of Representatives". For more information, refer to the User Guide that accompanies this file.</dc:description>
  </dublinCore>
</billStatus>

