<?xml version="1.0" encoding="UTF-8"?>
<billStatus>
  <bill>
    <sponsors>
      <item>
        <lastName>Lee</lastName>
        <fullName>Sen. Lee, Mike [R-UT]</fullName>
        <middleName />
        <firstName>Mike</firstName>
        <identifiers>
          <lisID>2080</lisID>
          <gpoId>8303</gpoId>
          <bioguideId>L000577</bioguideId>
        </identifiers>
        <byRequestType />
        <bioguideId>L000577</bioguideId>
      </item>
    </sponsors>
    <latestAction>
      <links />
      <text>Read twice and referred to the Committee on the Judiciary.</text>
      <actionDate>2013-01-22</actionDate>
    </latestAction>
    <laws />
    <createDate>2013-01-23T10:00:53Z</createDate>
    <updateDate>2016-10-25T16:19:33Z</updateDate>
    <committees>
      <billCommittees>
        <item>
          <type>Standing</type>
          <chamber>Senate</chamber>
          <systemCode>ssju00</systemCode>
          <subcommittees />
          <activities>
            <item>
              <date>2013-01-22T16:10:31Z</date>
              <name>Referred to</name>
            </item>
          </activities>
          <name>Judiciary Committee</name>
        </item>
      </billCommittees>
    </committees>
    <recordedVotes />
    <introducedDate>2013-01-22</introducedDate>
    <relatedBills>
      <item>
        <latestAction>
          <text>Referred to the Subcommittee on the Constitution And Civil Justice.</text>
          <actionDate>2013-01-25</actionDate>
        </latestAction>
        <congress>113</congress>
        <latestTitle>Proposing an amendment to the Constitution of the United States requiring that the Federal budget be balanced and that an increase in the Federal debt requires approval from a majority of the legislatures of the several States.</latestTitle>
        <relationshipDetails>
          <item>
            <identifiedBy>CRS</identifiedBy>
            <type>Related bill</type>
          </item>
        </relationshipDetails>
        <number>10</number>
        <type>HJRES</type>
      </item>
    </relatedBills>
    <billNumber>1</billNumber>
    <amendments />
    <billType>SJRES</billType>
    <actions>
      <item>
        <actionDate>2013-01-22</actionDate>
        <committee>
          <name>Judiciary Committee</name>
          <systemCode>ssju00</systemCode>
        </committee>
        <links />
        <sourceSystem>
          <name>Senate</name>
          <code>0</code>
        </sourceSystem>
        <text>Read twice and referred to the Committee on the Judiciary.</text>
        <type>IntroReferral</type>
      </item>
      <item>
        <actionDate>2013-01-22</actionDate>
        <committee />
        <actionCode>10000</actionCode>
        <links />
        <type>IntroReferral</type>
        <sourceSystem>
          <name>Library of Congress</name>
          <code>9</code>
        </sourceSystem>
        <text>Introduced in Senate</text>
      </item>
      <actionByCounts>
        <senate>2</senate>
      </actionByCounts>
      <actionTypeCounts>
        <introducedInSenate>1</introducedInSenate>
        <referredToCommittee>1</referredToCommittee>
      </actionTypeCounts>
    </actions>
    <policyArea>
      <name>Economics and Public Finance</name>
    </policyArea>
    <cosponsors />
    <cboCostEstimates />
    <summaries>
      <billSummaries>
        <item>
          <versionCode>00</versionCode>
          <actionDesc>Introduced in Senate</actionDesc>
          <text><![CDATA[<p>Constitutional Amendment - Prohibits total outlays for a fiscal year (except those for repayment of debt principal) from exceeding total receipts for that fiscal year (except those derived from borrowing).</p> <p>Prohibits total outlays from exceeding 18% of the gross domestic product (GDP) for the calendar year ending before the beginning of such fiscal year.</p> <p>Authorizes Congress to provide for suspension of the imposed limitations for any fiscal year for which two-thirds of each chamber shall provide, by a roll call vote, for a specific excess of outlays over receipts or over 18% of such GDP for such calendar year.</p> <p>Prohibits any bill to levy a new tax or increase the rate of any tax from becoming law unless approved by a two-thirds roll call vote of each chamber.</p> <p>Requires a two-thirds roll call vote of each chamber to increase the public debt limit.</p> <p>Grants Members of Congress standing and a cause of action to seek judicial enforcement of this article when authorized to do so by a petition signed by one-third of the Members of either chamber. Prohibits a federal or state court from ordering any increase in revenue to enforce this article.</p>]]></text>
          <lastSummaryUpdateDate>2013-02-19T18:03:33Z</lastSummaryUpdateDate>
          <name>Introduced in Senate</name>
          <actionDate>2013-01-22</actionDate>
          <updateDate>2013-01-22T05:00:00Z</updateDate>
        </item>
      </billSummaries>
    </summaries>
    <committeeReports />
    <title>A joint resolution proposing an amendment to the Constitution of the United States requiring that the Federal budget be balanced.</title>
    <calendarNumbers />
    <notes />
    <subjects>
      <billSubjects>
        <legislativeSubjects>
          <item>
            <name>Budget deficits and national debt</name>
          </item>
          <item>
            <name>Constitution and constitutional amendments</name>
          </item>
          <item>
            <name>Income tax rates</name>
          </item>
          <item>
            <name>Legislative rules and procedure</name>
          </item>
        </legislativeSubjects>
        <policyArea>
          <name>Economics and Public Finance</name>
        </policyArea>
      </billSubjects>
    </subjects>
    <congress>113</congress>
    <originChamber>Senate</originChamber>
    <titles>
      <item>
        <chamberName />
        <chamberCode />
        <parentTitleType />
        <titleType>Official Title as Introduced</titleType>
        <title>A joint resolution proposing an amendment to the Constitution of the United States requiring that the Federal budget be balanced.</title>
      </item>
      <item>
        <chamberName />
        <chamberCode />
        <parentTitleType />
        <titleType>Display Title</titleType>
        <title>A joint resolution proposing an amendment to the Constitution of the United States requiring that the Federal budget be balanced.</title>
      </item>
    </titles>
  </bill>
  <dublinCore xmlns:dc="http://purl.org/dc/elements/1.1/">
    <dc:format>text/xml</dc:format>
    <dc:language>EN</dc:language>
    <dc:rights>Pursuant to Title 17 Section 105 of the United States Code, this file is not subject to copyright protection and is in the public domain.</dc:rights>
    <dc:contributor>Congressional Research Service, Library of Congress</dc:contributor>
    <dc:description>This file contains bill summaries and statuses for federal legislation. A bill summary describes the most significant provisions of a piece of legislation and details the effects the legislative text may have on current law and federal programs. Bill summaries are authored by the Congressional Research Service (CRS) of the Library of Congress. As stated in Public Law 91-510 (2 USC 166 (d)(6)), one of the duties of CRS is "to prepare summaries and digests of bills and resolutions of a public general nature introduced in the Senate or House of Representatives". For more information, refer to the User Guide that accompanies this file.</dc:description>
  </dublinCore>
</billStatus>

