<?xml version="1.0" encoding="UTF-8"?>
<billStatus>
  <bill>
    <sponsors>
      <item>
        <lastName>MCCONNELL</lastName>
        <fullName>Sen. McConnell, Mitch [R-KY]</fullName>
        <middleName />
        <firstName>MITCH</firstName>
        <identifiers>
          <lisID>1395</lisID>
          <bioguideId>M000355</bioguideId>
          <gpoId>8254</gpoId>
        </identifiers>
        <byRequestType />
        <bioguideId>M000355</bioguideId>
      </item>
    </sponsors>
    <latestAction>
      <links />
      <text>Referred to the Committee on Finance. (text of measure as introduced: CR S1831)</text>
      <actionDate>2014-03-27</actionDate>
    </latestAction>
    <laws />
    <createDate>2014-03-28T07:21:30Z</createDate>
    <updateDate>2016-10-25T16:19:38Z</updateDate>
    <committees>
      <billCommittees>
        <item>
          <type>Standing</type>
          <chamber>Senate</chamber>
          <systemCode>ssfi00</systemCode>
          <subcommittees />
          <activities>
            <item>
              <date>2014-03-27T21:02:35Z</date>
              <name>Referred to</name>
            </item>
          </activities>
          <name>Finance Committee</name>
        </item>
      </billCommittees>
    </committees>
    <recordedVotes />
    <introducedDate>2014-03-27</introducedDate>
    <relatedBills>
      <item>
        <latestTitle>A joint resolution providing for congressional disapproval under chapter 8 of title 5, United States Code, of the rule submitted by the Internal Revenue Service of the Department of the Treasury relating to liability under section 5000A of the Internal Revenue Code of 1986 for the shared responsibility payment for not maintaining minimum essential coverage.</latestTitle>
        <type>SJRES</type>
        <number>27</number>
        <latestAction>
          <text>Read twice and referred to the Committee on Finance. (text of measure as introduced: CR S7732)</text>
          <actionDate>2013-10-31</actionDate>
        </latestAction>
        <relationshipDetails>
          <item>
            <type>Identical bill</type>
            <identifiedBy>CRS</identifiedBy>
          </item>
        </relationshipDetails>
        <congress>113</congress>
      </item>
    </relatedBills>
    <billNumber>35</billNumber>
    <amendments />
    <billType>SJRES</billType>
    <actions>
      <item>
        <actionDate>2014-03-27</actionDate>
        <committee>
          <systemCode>ssfi00</systemCode>
          <name>Finance Committee</name>
        </committee>
        <links>
          <link>
            <url>/congressional-record/2014/senate-section/page/S1831</url>
            <name>S1831</name>
          </link>
        </links>
        <sourceSystem>
          <code>0</code>
          <name>Senate</name>
        </sourceSystem>
        <text>Referred to the Committee on Finance. (text of measure as introduced: CR S1831)</text>
        <type>IntroReferral</type>
      </item>
      <item>
        <type>IntroReferral</type>
        <sourceSystem>
          <code>9</code>
          <name>Library of Congress</name>
        </sourceSystem>
        <text>Introduced in Senate</text>
        <committee />
        <actionDate>2014-03-27</actionDate>
        <links />
        <actionCode>10000</actionCode>
      </item>
      <actionTypeCounts>
        <referredToCommittee>1</referredToCommittee>
        <introducedInSenate>1</introducedInSenate>
      </actionTypeCounts>
      <actionByCounts>
        <senate>2</senate>
      </actionByCounts>
    </actions>
    <policyArea>
      <name>Taxation</name>
    </policyArea>
    <cosponsors>
      <item>
        <middleName>GRANT</middleName>
        <firstName>ORRIN</firstName>
        <fullName>Sen. Hatch, Orrin G. [R-UT]</fullName>
        <sponsorshipWithdrawnDate />
        <sponsorshipDate>2014-03-27</sponsorshipDate>
        <bioguideId>H000338</bioguideId>
        <lastName>HATCH</lastName>
        <isOriginalCosponsor>True</isOriginalCosponsor>
        <identifiers>
          <lisID>1351</lisID>
          <bioguideId>H000338</bioguideId>
          <gpoId>8314</gpoId>
        </identifiers>
      </item>
      <item>
        <middleName>RAY</middleName>
        <firstName>DANIEL</firstName>
        <fullName>Sen. Coats, Daniel [R-IN]</fullName>
        <sponsorshipWithdrawnDate />
        <sponsorshipDate>2014-03-27</sponsorshipDate>
        <bioguideId>C000542</bioguideId>
        <lastName>COATS</lastName>
        <isOriginalCosponsor>True</isOriginalCosponsor>
        <identifiers>
          <lisID>209</lisID>
          <bioguideId>C000542</bioguideId>
          <gpoId>8299</gpoId>
        </identifiers>
      </item>
    </cosponsors>
    <cboCostEstimates />
    <summaries>
      <billSummaries>
        <item>
          <actionDesc>Introduced in Senate</actionDesc>
          <actionDate>2014-03-27</actionDate>
          <updateDate>2014-03-27T04:00:00Z</updateDate>
          <versionCode>00</versionCode>
          <lastSummaryUpdateDate>2014-04-02T18:34:59Z</lastSummaryUpdateDate>
          <name>Introduced in Senate</name>
          <text><![CDATA[<p>Disapproves and nullifies final regulations submitted by the Internal Revenue Service (IRS) that provide guidance to individual taxpayers on the liability under section 5000A of the Internal Revenue Code for the shared responsibility payment for not maintaining minimum essential health care coverage.</p>]]></text>
        </item>
      </billSummaries>
    </summaries>
    <committeeReports />
    <title>A joint resolution providing for congressional disapproval under chapter 8 of title 5, United States Code, of the rule submitted by the Internal Revenue Service of the Department of the Treasury relating to liability under section 5000A of the Internal Revenue Code of 1986 for the shared responsibility payment for not maintaining minimum essential coverage.</title>
    <calendarNumbers />
    <notes />
    <subjects>
      <billSubjects>
        <policyArea>
          <name>Taxation</name>
        </policyArea>
        <legislativeSubjects>
          <item>
            <name>Administrative law and regulatory procedures</name>
          </item>
          <item>
            <name>Comprehensive health care</name>
          </item>
          <item>
            <name>Congressional oversight</name>
          </item>
          <item>
            <name>Department of the Treasury</name>
          </item>
          <item>
            <name>Health care costs and insurance</name>
          </item>
          <item>
            <name>Health care coverage and access</name>
          </item>
          <item>
            <name>Internal Revenue Service (IRS)</name>
          </item>
          <item>
            <name>Sales and excise taxes</name>
          </item>
        </legislativeSubjects>
      </billSubjects>
    </subjects>
    <congress>113</congress>
    <originChamber>Senate</originChamber>
    <titles>
      <item>
        <title>A joint resolution providing for congressional disapproval under chapter 8 of title 5, United States Code, of the rule submitted by the Internal Revenue Service of the Department of the Treasury relating to liability under section 5000A of the Internal Revenue Code of 1986 for the shared responsibility payment for not maintaining minimum essential coverage.</title>
        <titleType>Official Title as Introduced</titleType>
        <parentTitleType />
        <chamberName />
        <chamberCode />
      </item>
      <item>
        <title>A joint resolution providing for congressional disapproval under chapter 8 of title 5, United States Code, of the rule submitted by the Internal Revenue Service of the Department of the Treasury relating to liability under section 5000A of the Internal Revenue Code of 1986 for the shared responsibility payment for not maintaining minimum essential coverage.</title>
        <titleType>Display Title</titleType>
        <parentTitleType />
        <chamberName />
        <chamberCode />
      </item>
    </titles>
  </bill>
  <dublinCore xmlns:dc="http://purl.org/dc/elements/1.1/">
    <dc:format>text/xml</dc:format>
    <dc:language>EN</dc:language>
    <dc:rights>Pursuant to Title 17 Section 105 of the United States Code, this file is not subject to copyright protection and is in the public domain.</dc:rights>
    <dc:contributor>Congressional Research Service, Library of Congress</dc:contributor>
    <dc:description>This file contains bill summaries and statuses for federal legislation. A bill summary describes the most significant provisions of a piece of legislation and details the effects the legislative text may have on current law and federal programs. Bill summaries are authored by the Congressional Research Service (CRS) of the Library of Congress. As stated in Public Law 91-510 (2 USC 166 (d)(6)), one of the duties of CRS is "to prepare summaries and digests of bills and resolutions of a public general nature introduced in the Senate or House of Representatives". For more information, refer to the User Guide that accompanies this file.</dc:description>
  </dublinCore>
</billStatus>

