<?xml version="1.0" encoding="UTF-8"?>
<billStatus>
  <bill>
    <billNumber>31</billNumber>
    <titles>
      <item>
        <title>A joint resolution relating to the approval of the proposed Agreement for Cooperation Between the American Institute in Taiwan and the Taipei Economic and Cultural Representatives Office in the United States Concerning Peaceful Uses of Nuclear Energy.</title>
        <titleType>Official Title as Introduced</titleType>
        <parentTitleType />
        <chamberName />
        <chamberCode />
      </item>
      <item>
        <title>A joint resolution relating to the approval of the proposed Agreement for Cooperation Between the American Institute in Taiwan and the Taipei Economic and Cultural Representatives Office in the United States Concerning Peaceful Uses of Nuclear Energy.</title>
        <titleType>Display Title</titleType>
        <parentTitleType />
        <chamberName />
        <chamberCode />
      </item>
    </titles>
    <actions>
      <item>
        <actionDate>2014-02-10</actionDate>
        <committee>
          <systemCode>ssfr00</systemCode>
          <name>Foreign Relations Committee</name>
        </committee>
        <links />
        <sourceSystem>
          <name>Senate</name>
          <code>0</code>
        </sourceSystem>
        <text>Read twice and referred to the Committee on Foreign Relations.</text>
        <type>IntroReferral</type>
      </item>
      <item>
        <links />
        <actionCode>10000</actionCode>
        <committee />
        <type>IntroReferral</type>
        <sourceSystem>
          <name>Library of Congress</name>
          <code>9</code>
        </sourceSystem>
        <text>Introduced in Senate</text>
        <actionDate>2014-02-10</actionDate>
      </item>
      <actionTypeCounts>
        <referredToCommittee>1</referredToCommittee>
        <introducedInSenate>1</introducedInSenate>
      </actionTypeCounts>
      <actionByCounts>
        <senate>2</senate>
      </actionByCounts>
    </actions>
    <updateDate>2016-10-25T16:19:38Z</updateDate>
    <summaries>
      <billSummaries>
        <item>
          <updateDate>2014-02-10T05:00:00Z</updateDate>
          <text><![CDATA[<p>Favors the proposed agreement for peaceful nuclear energy cooperation between the American Institute in Taiwan and the Taipei Economic and Cultural Representative Office in the United States transmitted to Congress by the President on January 7, 2014.</p>]]></text>
          <actionDate>2014-02-10</actionDate>
          <actionDesc>Introduced in Senate</actionDesc>
          <name>Introduced in Senate</name>
          <lastSummaryUpdateDate>2014-02-18T21:23:37Z</lastSummaryUpdateDate>
          <versionCode>00</versionCode>
        </item>
      </billSummaries>
    </summaries>
    <sponsors>
      <item>
        <firstName>ROBERT</firstName>
        <fullName>Sen. Menendez, Robert [D-NJ]</fullName>
        <middleName />
        <bioguideId>M000639</bioguideId>
        <byRequestType>Single Sponsor by request</byRequestType>
        <lastName>MENENDEZ</lastName>
        <identifiers>
          <gpoId>8239</gpoId>
          <bioguideId>M000639</bioguideId>
          <lisID>791</lisID>
        </identifiers>
      </item>
    </sponsors>
    <congress>113</congress>
    <notes />
    <committees>
      <billCommittees>
        <item>
          <name>Foreign Relations Committee</name>
          <subcommittees />
          <chamber>Senate</chamber>
          <type>Standing</type>
          <systemCode>ssfr00</systemCode>
          <activities>
            <item>
              <name>Referred to</name>
              <date>2014-02-10T23:47:30Z</date>
            </item>
          </activities>
        </item>
      </billCommittees>
    </committees>
    <introducedDate>2014-02-10</introducedDate>
    <createDate>2014-02-11T07:02:02Z</createDate>
    <policyArea>
      <name>International Affairs</name>
    </policyArea>
    <laws />
    <billType>SJRES</billType>
    <subjects>
      <billSubjects>
        <policyArea>
          <name>International Affairs</name>
        </policyArea>
        <legislativeSubjects>
          <item>
            <name>Asia</name>
          </item>
          <item>
            <name>Congressional oversight</name>
          </item>
          <item>
            <name>International law and treaties</name>
          </item>
          <item>
            <name>International organizations and cooperation</name>
          </item>
          <item>
            <name>Nuclear power</name>
          </item>
          <item>
            <name>Taiwan</name>
          </item>
        </legislativeSubjects>
      </billSubjects>
    </subjects>
    <cosponsors>
      <item>
        <sponsorshipDate>2014-02-10</sponsorshipDate>
        <lastName>Corker</lastName>
        <fullName>Sen. Corker, Bob [R-TN]</fullName>
        <middleName />
        <firstName>Bob</firstName>
        <sponsorshipWithdrawnDate />
        <identifiers>
          <gpoId>8294</gpoId>
          <bioguideId>C001071</bioguideId>
          <lisID>1825</lisID>
        </identifiers>
        <isOriginalCosponsor>True</isOriginalCosponsor>
        <bioguideId>C001071</bioguideId>
      </item>
    </cosponsors>
    <calendarNumbers />
    <relatedBills>
      <item>
        <latestTitle>Providing for the approval of the Congress of the proposed agreement for cooperation between the American Institute in Taiwan and the Taipei Economic and Cultural Representative Office in the United States concerning peaceful uses of nuclear energy pursuant to the Atomic Energy Act of 1954.</latestTitle>
        <type>HJRES</type>
        <number>109</number>
        <latestAction>
          <text>Referred to the House Committee on Foreign Affairs.</text>
          <actionDate>2014-02-10</actionDate>
        </latestAction>
        <relationshipDetails>
          <item>
            <type>Identical bill</type>
            <identifiedBy>CRS</identifiedBy>
          </item>
        </relationshipDetails>
        <congress>113</congress>
      </item>
    </relatedBills>
    <amendments />
    <recordedVotes />
    <title>A joint resolution relating to the approval of the proposed Agreement for Cooperation Between the American Institute in Taiwan and the Taipei Economic and Cultural Representatives Office in the United States Concerning Peaceful Uses of Nuclear Energy.</title>
    <latestAction>
      <actionDate>2014-02-10</actionDate>
      <text>Read twice and referred to the Committee on Foreign Relations.</text>
      <links />
    </latestAction>
    <cboCostEstimates />
    <originChamber>Senate</originChamber>
    <committeeReports />
  </bill>
  <dublinCore xmlns:dc="http://purl.org/dc/elements/1.1/">
    <dc:format>text/xml</dc:format>
    <dc:language>EN</dc:language>
    <dc:rights>Pursuant to Title 17 Section 105 of the United States Code, this file is not subject to copyright protection and is in the public domain.</dc:rights>
    <dc:contributor>Congressional Research Service, Library of Congress</dc:contributor>
    <dc:description>This file contains bill summaries and statuses for federal legislation. A bill summary describes the most significant provisions of a piece of legislation and details the effects the legislative text may have on current law and federal programs. Bill summaries are authored by the Congressional Research Service (CRS) of the Library of Congress. As stated in Public Law 91-510 (2 USC 166 (d)(6)), one of the duties of CRS is "to prepare summaries and digests of bills and resolutions of a public general nature introduced in the Senate or House of Representatives". For more information, refer to the User Guide that accompanies this file.</dc:description>
  </dublinCore>
</billStatus>

