<?xml version="1.0" encoding="UTF-8"?>
<billStatus>
  <bill>
    <cosponsors>
      <item>
        <sponsorshipWithdrawnDate />
        <bioguideId>V000127</bioguideId>
        <fullName>Sen. Vitter, David [R-LA]</fullName>
        <lastName>Vitter</lastName>
        <isOriginalCosponsor>True</isOriginalCosponsor>
        <identifiers>
          <lisID>1609</lisID>
          <bioguideId>V000127</bioguideId>
          <gpoId>8267</gpoId>
        </identifiers>
        <middleName />
        <sponsorshipDate>2013-01-23</sponsorshipDate>
        <firstName>David</firstName>
      </item>
    </cosponsors>
    <latestAction>
      <actionDate>2013-01-23</actionDate>
      <links />
      <text>Read twice and referred to the Committee on the Judiciary.</text>
    </latestAction>
    <amendments />
    <notes />
    <laws />
    <createDate>2013-01-24T07:00:55Z</createDate>
    <summaries>
      <billSummaries>
        <item>
          <text><![CDATA[<p>Constitutional Amendment - Limits Members of the House of Representatives to three terms and Members of the Senate to two terms.</p>]]></text>
          <name>Introduced in Senate</name>
          <versionCode>00</versionCode>
          <actionDate>2013-01-23</actionDate>
          <actionDesc>Introduced in Senate</actionDesc>
          <lastSummaryUpdateDate>2013-02-20T16:13:35Z</lastSummaryUpdateDate>
          <updateDate>2013-01-23T05:00:00Z</updateDate>
        </item>
      </billSummaries>
    </summaries>
    <titles>
      <item>
        <chamberName />
        <titleType>Official Title as Introduced</titleType>
        <title>A joint resolution proposing an amendment to the Constitution of the United States relative to limiting the number of terms that a Member of Congress may serve to 3 in the House of Representatives and 2 in the Senate.</title>
        <chamberCode />
        <parentTitleType />
      </item>
      <item>
        <chamberName />
        <titleType>Display Title</titleType>
        <title>A joint resolution proposing an amendment to the Constitution of the United States relative to limiting the number of terms that a Member of Congress may serve to 3 in the House of Representatives and 2 in the Senate.</title>
        <chamberCode />
        <parentTitleType />
      </item>
    </titles>
    <calendarNumbers />
    <updateDate>2016-10-25T16:19:34Z</updateDate>
    <introducedDate>2013-01-23</introducedDate>
    <recordedVotes />
    <policyArea>
      <name>Congress</name>
    </policyArea>
    <subjects>
      <billSubjects>
        <policyArea>
          <name>Congress</name>
        </policyArea>
        <legislativeSubjects>
          <item>
            <name>Congressional elections</name>
          </item>
          <item>
            <name>Constitution and constitutional amendments</name>
          </item>
          <item>
            <name>House of Representatives</name>
          </item>
          <item>
            <name>Members of Congress</name>
          </item>
          <item>
            <name>Senate</name>
          </item>
        </legislativeSubjects>
      </billSubjects>
    </subjects>
    <actions>
      <actionByCounts>
        <senate>2</senate>
      </actionByCounts>
      <actionTypeCounts>
        <referredToCommittee>1</referredToCommittee>
        <introducedInSenate>1</introducedInSenate>
      </actionTypeCounts>
      <item>
        <actionDate>2013-01-23</actionDate>
        <committee>
          <name>Judiciary Committee</name>
          <systemCode>ssju00</systemCode>
        </committee>
        <links />
        <sourceSystem>
          <code>0</code>
          <name>Senate</name>
        </sourceSystem>
        <text>Read twice and referred to the Committee on the Judiciary.</text>
        <type>IntroReferral</type>
      </item>
      <item>
        <sourceSystem>
          <code>9</code>
          <name>Library of Congress</name>
        </sourceSystem>
        <type>IntroReferral</type>
        <actionDate>2013-01-23</actionDate>
        <text>Introduced in Senate</text>
        <committee />
        <actionCode>10000</actionCode>
        <links />
      </item>
    </actions>
    <originChamber>Senate</originChamber>
    <committees>
      <billCommittees>
        <item>
          <name>Judiciary Committee</name>
          <subcommittees />
          <chamber>Senate</chamber>
          <type>Standing</type>
          <systemCode>ssju00</systemCode>
          <activities>
            <item>
              <name>Referred to</name>
              <date>2013-01-23T18:40:52Z</date>
            </item>
          </activities>
        </item>
      </billCommittees>
    </committees>
    <cboCostEstimates />
    <billNumber>3</billNumber>
    <title>A joint resolution proposing an amendment to the Constitution of the United States relative to limiting the number of terms that a Member of Congress may serve to 3 in the House of Representatives and 2 in the Senate.</title>
    <billType>SJRES</billType>
    <committeeReports />
    <congress>113</congress>
    <sponsors>
      <item>
        <lastName>Paul</lastName>
        <fullName>Sen. Paul, Rand [R-KY]</fullName>
        <byRequestType />
        <identifiers>
          <bioguideId>P000603</bioguideId>
          <lisID>2082</lisID>
          <gpoId>8308</gpoId>
        </identifiers>
        <bioguideId>P000603</bioguideId>
        <firstName>Rand</firstName>
        <middleName />
      </item>
    </sponsors>
    <relatedBills>
      <item>
        <latestTitle>A joint resolution proposing an amendment to the Constitution of the United States relative to limiting the number of terms that a Member of Congress may serve.</latestTitle>
        <type>SJRES</type>
        <number>2</number>
        <latestAction>
          <text>Read twice and referred to the Committee on the Judiciary.</text>
          <actionDate>2013-01-23</actionDate>
        </latestAction>
        <relationshipDetails>
          <item>
            <type>Related bill</type>
            <identifiedBy>CRS</identifiedBy>
          </item>
        </relationshipDetails>
        <congress>113</congress>
      </item>
      <item>
        <latestTitle>Proposing an amendment to the Constitution of the United States relative to limiting the number of terms that a Member of Congress may serve.</latestTitle>
        <type>HJRES</type>
        <number>41</number>
        <latestAction>
          <text>Referred to the Subcommittee on the Constitution and Civil Justice.</text>
          <actionDate>2013-04-30</actionDate>
        </latestAction>
        <relationshipDetails>
          <item>
            <type>Related bill</type>
            <identifiedBy>CRS</identifiedBy>
          </item>
          <item>
            <type>Identical bill</type>
            <identifiedBy>Senate</identifiedBy>
          </item>
        </relationshipDetails>
        <congress>113</congress>
      </item>
      <item>
        <latestTitle>Proposing an amendment to the Constitution of the United States to limit the number of terms that a Member of Congress may serve to 4 in the House of Representatives and 2 in the Senate.</latestTitle>
        <type>HJRES</type>
        <number>8</number>
        <latestAction>
          <text>Referred to the Subcommittee on the Constitution And Civil Justice.</text>
          <actionDate>2013-01-25</actionDate>
        </latestAction>
        <relationshipDetails>
          <item>
            <type>Related bill</type>
            <identifiedBy>CRS</identifiedBy>
          </item>
        </relationshipDetails>
        <congress>113</congress>
      </item>
      <item>
        <latestTitle>Proposing an amendment to the Constitution of the United States to limit the number of terms that a Member of Congress may serve.</latestTitle>
        <type>HJRES</type>
        <number>108</number>
        <latestAction>
          <text>Referred to the Subcommittee on the Constitution and Civil Justice.</text>
          <actionDate>2014-03-20</actionDate>
        </latestAction>
        <relationshipDetails>
          <item>
            <type>Related bill</type>
            <identifiedBy>CRS</identifiedBy>
          </item>
        </relationshipDetails>
        <congress>113</congress>
      </item>
    </relatedBills>
  </bill>
  <dublinCore xmlns:dc="http://purl.org/dc/elements/1.1/">
    <dc:format>text/xml</dc:format>
    <dc:language>EN</dc:language>
    <dc:rights>Pursuant to Title 17 Section 105 of the United States Code, this file is not subject to copyright protection and is in the public domain.</dc:rights>
    <dc:contributor>Congressional Research Service, Library of Congress</dc:contributor>
    <dc:description>This file contains bill summaries and statuses for federal legislation. A bill summary describes the most significant provisions of a piece of legislation and details the effects the legislative text may have on current law and federal programs. Bill summaries are authored by the Congressional Research Service (CRS) of the Library of Congress. As stated in Public Law 91-510 (2 USC 166 (d)(6)), one of the duties of CRS is "to prepare summaries and digests of bills and resolutions of a public general nature introduced in the Senate or House of Representatives". For more information, refer to the User Guide that accompanies this file.</dc:description>
  </dublinCore>
</billStatus>

