<?xml version="1.0" encoding="UTF-8"?>
<billStatus>
  <bill>
    <updateDate>2016-10-25T16:19:41Z</updateDate>
    <sponsors>
      <item>
        <lastName>MENENDEZ</lastName>
        <firstName>ROBERT</firstName>
        <identifiers>
          <bioguideId>M000639</bioguideId>
          <lisID>791</lisID>
          <gpoId>8239</gpoId>
        </identifiers>
        <bioguideId>M000639</bioguideId>
        <middleName />
        <fullName>Sen. Menendez, Robert [D-NJ]</fullName>
        <byRequestType />
      </item>
    </sponsors>
    <createDate>2014-12-15T00:10:57Z</createDate>
    <subjects>
      <billSubjects>
        <policyArea>
          <name>International Affairs</name>
        </policyArea>
        <legislativeSubjects>
          <item>
            <name>Conflicts and wars</name>
          </item>
          <item>
            <name>Congressional oversight</name>
          </item>
          <item>
            <name>Diplomacy, foreign officials, Americans abroad</name>
          </item>
          <item>
            <name>Foreign aid and international relief</name>
          </item>
          <item>
            <name>Intelligence activities, surveillance, classified information</name>
          </item>
          <item>
            <name>Iraq</name>
          </item>
          <item>
            <name>Middle East</name>
          </item>
          <item>
            <name>Military assistance, sales, and agreements</name>
          </item>
          <item>
            <name>Military operations and strategy</name>
          </item>
          <item>
            <name>Syria</name>
          </item>
          <item>
            <name>Terrorism</name>
          </item>
          <item>
            <name>War and emergency powers</name>
          </item>
        </legislativeSubjects>
      </billSubjects>
    </subjects>
    <introducedDate>2014-12-13</introducedDate>
    <committeeReports>
      <committeeReport>
        <citation>S. Rept. 113-323</citation>
      </committeeReport>
    </committeeReports>
    <committees>
      <billCommittees>
        <item>
          <subcommittees />
          <chamber>Senate</chamber>
          <systemCode>ssfr00</systemCode>
          <type>Standing</type>
          <activities>
            <item>
              <name>Reported original measure</name>
              <date>2014-12-14T00:29:52Z</date>
            </item>
          </activities>
          <name>Foreign Relations Committee</name>
        </item>
      </billCommittees>
    </committees>
    <cboCostEstimates />
    <amendments />
    <title>Authorization for the Use of Military Force against the Islamic State of Iraq and the Levant</title>
    <notes />
    <billNumber>47</billNumber>
    <originChamber>Senate</originChamber>
    <cosponsors />
    <calendarNumbers>
      <item>
        <number>0653</number>
        <calendar>Senate Calendar of Business</calendar>
      </item>
    </calendarNumbers>
    <congress>113</congress>
    <summaries>
      <billSummaries>
        <item>
          <updateDate>2014-12-13T05:00:00Z</updateDate>
          <text><![CDATA[<p>Authorization for the Use of Military Force against the Islamic State of Iraq and the Levant - Authorizes the President to use the U.S. Armed Forces against the Islamic State of Iraq and the Levant (ISIL) or associated persons or forces.</p> <p>Declares that this resolution is intended to constitute specific statutory authorization pursuant to section 5(b) of the War Powers Resolution. </p> <p>States that the authority granted by this resolution does not authorize use of the U.S. Armed Forces for ground combat operations except as necessary: </p> <ul> <li>for the protection or rescue of U.S. Armed Forces members or U.S. citizens from imminent danger posed by ISIL; or </li> <li>to conduct missions not intended to result in ground combat operations by U.S. forces, such as intelligence collection and sharing, enabling kinetic strikes, operational planning, or other forms of advice and assistance to forces fighting ISIL in Iraq or Syria.</li> </ul> <p>Terminates such military use authorization in three years.</p>]]></text>
          <actionDate>2014-12-13</actionDate>
          <actionDesc>Introduced in Senate</actionDesc>
          <name>Introduced in Senate</name>
          <lastSummaryUpdateDate>2014-12-19T19:39:15Z</lastSummaryUpdateDate>
          <versionCode>00</versionCode>
        </item>
        <item>
          <updateDate>2014-12-13T15:23:56Z</updateDate>
          <text><![CDATA[<p><b>(This measure has not been amended since it was introduced. The summary of that version is repeated here.)</b></p> <p>Authorization for the Use of Military Force against the Islamic State of Iraq and the Levant - Authorizes the President to use the U.S. Armed Forces against the Islamic State of Iraq and the Levant (ISIL) or associated persons or forces.</p> <p>Declares that this resolution is intended to constitute specific statutory authorization pursuant to section 5(b) of the War Powers Resolution. </p> <p>States that the authority granted by this resolution does not authorize use of the U.S. Armed Forces for ground combat operations except as necessary: </p> <ul> <li>for the protection or rescue of U.S. Armed Forces members or U.S. citizens from imminent danger posed by ISIL; or </li> <li>to conduct missions not intended to result in ground combat operations by U.S. forces, such as intelligence collection and sharing, enabling kinetic strikes, operational planning, or other forms of advice and assistance to forces fighting ISIL in Iraq or Syria.</li> </ul> <p>Terminates such military use authorization in three years.</p>]]></text>
          <actionDate>2014-12-13</actionDate>
          <actionDesc>Reported to Senate without amendment</actionDesc>
          <name>Reported to Senate without amendment</name>
          <lastSummaryUpdateDate>2014-12-22T16:09:26Z</lastSummaryUpdateDate>
          <versionCode>80</versionCode>
        </item>
      </billSummaries>
    </summaries>
    <policyArea>
      <name>International Affairs</name>
    </policyArea>
    <titles>
      <item>
        <chamberName />
        <titleType>Short Titles as Introduced</titleType>
        <title>Authorization for the Use of Military Force against the Islamic State of Iraq and the Levant</title>
        <chamberCode />
        <parentTitleType />
      </item>
      <item>
        <chamberName />
        <titleType>Official Title as Introduced</titleType>
        <title>An original joint resolution to authorize the limited use of the United States Armed Forces against the Islamic State of Iraq and the Levant.</title>
        <chamberCode />
        <parentTitleType />
      </item>
      <item>
        <chamberName />
        <titleType>Display Title</titleType>
        <title>Authorization for the Use of Military Force against the Islamic State of Iraq and the Levant</title>
        <chamberCode />
        <parentTitleType />
      </item>
    </titles>
    <latestAction>
      <text>Placed on Senate Legislative Calendar under General Orders. Calendar No. 653.</text>
      <actionDate>2014-12-13</actionDate>
      <links />
    </latestAction>
    <actions>
      <actionTypeCounts>
        <originalBillReported>1</originalBillReported>
        <reportedToSenate>1</reportedToSenate>
        <placedOnCalendarGeneralOrders>1</placedOnCalendarGeneralOrders>
        <introducedInSenate>1</introducedInSenate>
      </actionTypeCounts>
      <item>
        <actionDate>2014-12-13</actionDate>
        <committee />
        <links />
        <sourceSystem>
          <name>Senate</name>
          <code>0</code>
        </sourceSystem>
        <text>Placed on Senate Legislative Calendar under General Orders. Calendar No. 653.</text>
        <type>Calendars</type>
      </item>
      <item>
        <actionDate>2014-12-13</actionDate>
        <committee>
          <name>Foreign Relations Committee</name>
          <systemCode>ssfr00</systemCode>
        </committee>
        <links>
          <link>
            <url>/congressional-report/113th-congress/senate-report/323</url>
            <name>report No. 113-323</name>
          </link>
        </links>
        <sourceSystem>
          <name>Senate</name>
          <code>0</code>
        </sourceSystem>
        <text>Committee on Foreign Relations. Original measure reported to Senate by Senator Menendez with a preamble. With written report No. 113-323. Minority views filed.</text>
        <type>Committee</type>
      </item>
      <item>
        <committee>
          <name>Foreign Relations Committee</name>
          <systemCode>ssfr00</systemCode>
        </committee>
        <actionCode>14000</actionCode>
        <type>Committee</type>
        <sourceSystem>
          <name>Library of Congress</name>
          <code>9</code>
        </sourceSystem>
        <links>
          <link>
            <url>/congressional-report/113th-congress/senate-report/323</url>
            <name>report No. 113-323</name>
          </link>
        </links>
        <text>Committee on Foreign Relations. Original measure reported to Senate by Senator Menendez with a preamble. With written report No. 113-323. Minority views filed.</text>
        <actionDate>2014-12-13</actionDate>
      </item>
      <item>
        <committee />
        <actionCode>10000</actionCode>
        <type>IntroReferral</type>
        <sourceSystem>
          <name>Library of Congress</name>
          <code>9</code>
        </sourceSystem>
        <links />
        <text>Introduced in Senate</text>
        <actionDate>2014-12-13</actionDate>
      </item>
      <actionByCounts>
        <senate>4</senate>
      </actionByCounts>
    </actions>
    <laws />
    <recordedVotes />
    <billType>SJRES</billType>
    <relatedBills>
      <item>
        <type>SJRES</type>
        <congress>113</congress>
        <latestTitle>Authorization for Use of Military Force against the Islamic State in Iraq and the Levant</latestTitle>
        <latestAction>
          <actionDate>2014-09-08</actionDate>
          <text>Read twice and referred to the Committee on Foreign Relations.</text>
        </latestAction>
        <relationshipDetails>
          <item>
            <identifiedBy>CRS</identifiedBy>
            <type>Related bill</type>
          </item>
        </relationshipDetails>
        <number>42</number>
      </item>
    </relatedBills>
  </bill>
  <dublinCore xmlns:dc="http://purl.org/dc/elements/1.1/">
    <dc:format>text/xml</dc:format>
    <dc:language>EN</dc:language>
    <dc:rights>Pursuant to Title 17 Section 105 of the United States Code, this file is not subject to copyright protection and is in the public domain.</dc:rights>
    <dc:contributor>Congressional Research Service, Library of Congress</dc:contributor>
    <dc:description>This file contains bill summaries and statuses for federal legislation. A bill summary describes the most significant provisions of a piece of legislation and details the effects the legislative text may have on current law and federal programs. Bill summaries are authored by the Congressional Research Service (CRS) of the Library of Congress. As stated in Public Law 91-510 (2 USC 166 (d)(6)), one of the duties of CRS is "to prepare summaries and digests of bills and resolutions of a public general nature introduced in the Senate or House of Representatives". For more information, refer to the User Guide that accompanies this file.</dc:description>
  </dublinCore>
</billStatus>

