<?xml version="1.0" encoding="UTF-8"?>
<billStatus>
  <bill>
    <actions>
      <item>
        <links />
        <type>IntroReferral</type>
        <actionCode>H11100</actionCode>
        <committee>
          <systemCode>hsgo00</systemCode>
          <name>Oversight and Government Reform Committee</name>
        </committee>
        <text>Referred to the House Committee on Oversight and Government Reform.</text>
        <sourceSystem>
          <code>2</code>
          <name>House floor actions</name>
        </sourceSystem>
        <actionDate>2015-01-21</actionDate>
      </item>
      <item>
        <links />
        <type>IntroReferral</type>
        <actionCode>Intro-H</actionCode>
        <committee />
        <text>Introduced in House</text>
        <sourceSystem>
          <code>9</code>
          <name>Library of Congress</name>
        </sourceSystem>
        <actionDate>2015-01-21</actionDate>
      </item>
      <item>
        <links />
        <type>IntroReferral</type>
        <actionCode>1000</actionCode>
        <committee />
        <text>Introduced in House</text>
        <sourceSystem>
          <code>9</code>
          <name>Library of Congress</name>
        </sourceSystem>
        <actionDate>2015-01-21</actionDate>
      </item>
      <actionByCounts>
        <houseOfRepresentatives>3</houseOfRepresentatives>
      </actionByCounts>
      <actionTypeCounts>
        <billReferrals>1</billReferrals>
        <introducedInHouse>1</introducedInHouse>
        <introducedInTheHouse>1</introducedInTheHouse>
      </actionTypeCounts>
    </actions>
    <amendments />
    <updateDate>2017-01-11T14:28:44Z</updateDate>
    <titles>
      <item>
        <title>Supporting the goals and ideals of No Name-Calling Week in bringing attention to name-calling of all kinds and providing schools with the tools and inspiration to launch an on-going dialogue about ways to eliminate name-calling and bullying in their communities.</title>
        <chamberCode />
        <parentTitleType />
        <chamberName />
        <titleType>Official Title as Introduced</titleType>
      </item>
      <item>
        <title>Supporting the goals and ideals of No Name-Calling Week in bringing attention to name-calling of all kinds and providing schools with the tools and inspiration to launch an on-going dialogue about ways to eliminate name-calling and bullying in their communities.</title>
        <chamberCode />
        <parentTitleType />
        <chamberName />
        <titleType>Display Title</titleType>
      </item>
    </titles>
    <notes />
    <originChamber>House</originChamber>
    <committeeReports />
    <introducedDate>2015-01-21</introducedDate>
    <sponsors>
      <item>
        <middleName />
        <firstName>ILEANA</firstName>
        <bioguideId>R000435</bioguideId>
        <district>27</district>
        <byRequestType />
        <state>FL</state>
        <identifiers>
          <lisID>985</lisID>
          <gpoId>7890</gpoId>
          <bioguideId>R000435</bioguideId>
        </identifiers>
        <party>R</party>
        <lastName>ROS-LEHTINEN</lastName>
        <fullName>Rep. Ros-Lehtinen, Ileana [R-FL-27]</fullName>
      </item>
    </sponsors>
    <summaries>
      <billSummaries>
        <item>
          <text><![CDATA[<p>Expresses support for the goals and ideals of No Name-Calling Week. </p>]]></text>
          <name>Introduced in House</name>
          <actionDesc>Introduced in House</actionDesc>
          <actionDate>2015-01-21</actionDate>
          <lastSummaryUpdateDate>2015-01-29T21:14:04Z</lastSummaryUpdateDate>
          <updateDate>2015-01-21T05:00:00Z</updateDate>
          <versionCode>00</versionCode>
        </item>
      </billSummaries>
    </summaries>
    <calendarNumbers />
    <latestAction>
      <actionDate>2015-01-21</actionDate>
      <links />
      <text>Referred to the House Committee on Oversight and Government Reform.</text>
    </latestAction>
    <congress>114</congress>
    <cosponsors>
      <item>
        <lastName>HONDA</lastName>
        <state>CA</state>
        <bioguideId>H001034</bioguideId>
        <firstName>MICHAEL</firstName>
        <identifiers>
          <lisID>1634</lisID>
          <gpoId>7820</gpoId>
          <bioguideId>H001034</bioguideId>
        </identifiers>
        <sponsorshipDate>2015-01-21</sponsorshipDate>
        <party>D</party>
        <isOriginalCosponsor>True</isOriginalCosponsor>
        <sponsorshipWithdrawnDate />
        <district>17</district>
        <fullName>Rep. Honda, Michael M. [D-CA-17]</fullName>
        <middleName>M.</middleName>
      </item>
      <item>
        <lastName>MALONEY</lastName>
        <state>NY</state>
        <bioguideId>M000087</bioguideId>
        <firstName>CAROLYN</firstName>
        <identifiers>
          <lisID>729</lisID>
          <gpoId>8075</gpoId>
          <bioguideId>M000087</bioguideId>
        </identifiers>
        <sponsorshipDate>2015-01-21</sponsorshipDate>
        <party>D</party>
        <isOriginalCosponsor>True</isOriginalCosponsor>
        <sponsorshipWithdrawnDate />
        <district>12</district>
        <fullName>Rep. Maloney, Carolyn B. [D-NY-12]</fullName>
        <middleName>B.</middleName>
      </item>
      <item>
        <lastName>Clarke</lastName>
        <state>NY</state>
        <bioguideId>C001067</bioguideId>
        <firstName>Yvette</firstName>
        <identifiers>
          <lisID>1864</lisID>
          <gpoId>8072</gpoId>
          <bioguideId>C001067</bioguideId>
        </identifiers>
        <sponsorshipDate>2015-01-21</sponsorshipDate>
        <party>D</party>
        <isOriginalCosponsor>True</isOriginalCosponsor>
        <sponsorshipWithdrawnDate />
        <district>9</district>
        <fullName>Rep. Clarke, Yvette D. [D-NY-9]</fullName>
        <middleName>D.</middleName>
      </item>
      <item>
        <lastName>NORTON</lastName>
        <state>DC</state>
        <bioguideId>N000147</bioguideId>
        <firstName>ELEANOR</firstName>
        <identifiers>
          <bioguideId>N000147</bioguideId>
          <gpoId>7871</gpoId>
          <lisID>868</lisID>
        </identifiers>
        <sponsorshipDate>2015-01-21</sponsorshipDate>
        <party>D</party>
        <isOriginalCosponsor>True</isOriginalCosponsor>
        <sponsorshipWithdrawnDate />
        <district>0</district>
        <fullName>Rep. Norton, Eleanor Holmes [D-DC-At Large]</fullName>
        <middleName>HOLMES</middleName>
      </item>
      <item>
        <lastName>Pocan</lastName>
        <state>WI</state>
        <bioguideId>P000607</bioguideId>
        <firstName>Mark</firstName>
        <identifiers>
          <lisID>2171</lisID>
          <gpoId />
          <bioguideId>P000607</bioguideId>
        </identifiers>
        <sponsorshipDate>2015-01-21</sponsorshipDate>
        <party>D</party>
        <isOriginalCosponsor>True</isOriginalCosponsor>
        <sponsorshipWithdrawnDate />
        <district>2</district>
        <fullName>Rep. Pocan, Mark [D-WI-2]</fullName>
        <middleName />
      </item>
      <item>
        <lastName>Speier</lastName>
        <state>CA</state>
        <bioguideId>S001175</bioguideId>
        <firstName>Jackie</firstName>
        <identifiers>
          <bioguideId>S001175</bioguideId>
          <gpoId>7817</gpoId>
          <lisID>1890</lisID>
        </identifiers>
        <sponsorshipDate>2015-01-21</sponsorshipDate>
        <party>D</party>
        <isOriginalCosponsor>True</isOriginalCosponsor>
        <sponsorshipWithdrawnDate />
        <district>14</district>
        <fullName>Rep. Speier, Jackie [D-CA-14]</fullName>
        <middleName />
      </item>
      <item>
        <lastName>SANCHEZ</lastName>
        <state>CA</state>
        <bioguideId>S000030</bioguideId>
        <firstName>LORETTA</firstName>
        <identifiers>
          <lisID>1522</lisID>
          <gpoId>7852</gpoId>
          <bioguideId>S000030</bioguideId>
        </identifiers>
        <sponsorshipDate>2015-01-21</sponsorshipDate>
        <party>D</party>
        <isOriginalCosponsor>True</isOriginalCosponsor>
        <sponsorshipWithdrawnDate />
        <district>46</district>
        <fullName>Rep. Sanchez, Loretta [D-CA-46]</fullName>
        <middleName />
      </item>
      <item>
        <lastName>Lowenthal</lastName>
        <state>CA</state>
        <bioguideId>L000579</bioguideId>
        <firstName>Alan</firstName>
        <identifiers>
          <lisID>2111</lisID>
          <gpoId />
          <bioguideId>L000579</bioguideId>
        </identifiers>
        <sponsorshipDate>2015-01-21</sponsorshipDate>
        <party>D</party>
        <isOriginalCosponsor>True</isOriginalCosponsor>
        <sponsorshipWithdrawnDate />
        <district>47</district>
        <fullName>Rep. Lowenthal, Alan S. [D-CA-47]</fullName>
        <middleName>S.</middleName>
      </item>
      <item>
        <lastName>Titus</lastName>
        <state>NV</state>
        <bioguideId>T000468</bioguideId>
        <firstName>Dina</firstName>
        <identifiers>
          <gpoId>7493</gpoId>
          <bioguideId>T000468</bioguideId>
          <lisID>1940</lisID>
        </identifiers>
        <sponsorshipDate>2015-01-21</sponsorshipDate>
        <party>D</party>
        <isOriginalCosponsor>True</isOriginalCosponsor>
        <sponsorshipWithdrawnDate />
        <district>1</district>
        <fullName>Rep. Titus, Dina [D-NV-1]</fullName>
        <middleName />
      </item>
      <item>
        <lastName>Quigley</lastName>
        <state>IL</state>
        <bioguideId>Q000023</bioguideId>
        <firstName>Mike</firstName>
        <identifiers>
          <lisID>1967</lisID>
          <gpoId>7925</gpoId>
          <bioguideId>Q000023</bioguideId>
        </identifiers>
        <sponsorshipDate>2015-01-21</sponsorshipDate>
        <party>D</party>
        <isOriginalCosponsor>True</isOriginalCosponsor>
        <sponsorshipWithdrawnDate />
        <district>5</district>
        <fullName>Rep. Quigley, Mike [D-IL-5]</fullName>
        <middleName />
      </item>
      <item>
        <lastName>Cicilline</lastName>
        <state>RI</state>
        <bioguideId>C001084</bioguideId>
        <firstName>David</firstName>
        <identifiers>
          <bioguideId>C001084</bioguideId>
          <lisID>2055</lisID>
          <gpoId>8139</gpoId>
        </identifiers>
        <sponsorshipDate>2015-01-21</sponsorshipDate>
        <party>D</party>
        <isOriginalCosponsor>True</isOriginalCosponsor>
        <sponsorshipWithdrawnDate />
        <district>1</district>
        <fullName>Rep. Cicilline, David N. [D-RI-1]</fullName>
        <middleName>N.</middleName>
      </item>
      <item>
        <lastName>Cartwright</lastName>
        <state>PA</state>
        <bioguideId>C001090</bioguideId>
        <firstName>Matt</firstName>
        <identifiers>
          <gpoId />
          <bioguideId>C001090</bioguideId>
          <lisID>2159</lisID>
        </identifiers>
        <sponsorshipDate>2015-01-21</sponsorshipDate>
        <party>D</party>
        <isOriginalCosponsor>True</isOriginalCosponsor>
        <sponsorshipWithdrawnDate />
        <district>17</district>
        <fullName>Rep. Cartwright, Matt [D-PA-17]</fullName>
        <middleName />
      </item>
      <item>
        <lastName>LEE</lastName>
        <state>CA</state>
        <bioguideId>L000551</bioguideId>
        <firstName>BARBARA</firstName>
        <identifiers>
          <gpoId>7814</gpoId>
          <bioguideId>L000551</bioguideId>
          <lisID>1501</lisID>
        </identifiers>
        <sponsorshipDate>2015-01-21</sponsorshipDate>
        <party>D</party>
        <isOriginalCosponsor>True</isOriginalCosponsor>
        <sponsorshipWithdrawnDate />
        <district>13</district>
        <fullName>Rep. Lee, Barbara [D-CA-13]</fullName>
        <middleName />
      </item>
      <item>
        <lastName>DelBene</lastName>
        <state>WA</state>
        <bioguideId>D000617</bioguideId>
        <firstName>Suzan</firstName>
        <identifiers>
          <lisID>2096</lisID>
          <gpoId>8374</gpoId>
          <bioguideId>D000617</bioguideId>
        </identifiers>
        <sponsorshipDate>2015-01-21</sponsorshipDate>
        <party>D</party>
        <isOriginalCosponsor>True</isOriginalCosponsor>
        <sponsorshipWithdrawnDate />
        <district>1</district>
        <fullName>Rep. DelBene, Suzan K. [D-WA-1]</fullName>
        <middleName>K.</middleName>
      </item>
      <item>
        <lastName>Sires</lastName>
        <state>NJ</state>
        <bioguideId>S001165</bioguideId>
        <firstName>Albio</firstName>
        <identifiers>
          <gpoId>8055</gpoId>
          <bioguideId>S001165</bioguideId>
          <lisID>1818</lisID>
        </identifiers>
        <sponsorshipDate>2015-01-21</sponsorshipDate>
        <party>D</party>
        <isOriginalCosponsor>True</isOriginalCosponsor>
        <sponsorshipWithdrawnDate />
        <district>8</district>
        <fullName>Rep. Sires, Albio [D-NJ-8]</fullName>
        <middleName />
      </item>
      <item>
        <lastName>Ellison</lastName>
        <state>MN</state>
        <bioguideId>E000288</bioguideId>
        <firstName>Keith</firstName>
        <identifiers>
          <bioguideId>E000288</bioguideId>
          <gpoId>8005</gpoId>
          <lisID>1857</lisID>
        </identifiers>
        <sponsorshipDate>2015-01-21</sponsorshipDate>
        <party>D</party>
        <isOriginalCosponsor>True</isOriginalCosponsor>
        <sponsorshipWithdrawnDate />
        <district>5</district>
        <fullName>Rep. Ellison, Keith [D-MN-5]</fullName>
        <middleName />
      </item>
      <item>
        <lastName>DAVIS</lastName>
        <state>CA</state>
        <bioguideId>D000598</bioguideId>
        <firstName>SUSAN</firstName>
        <identifiers>
          <lisID>1641</lisID>
          <gpoId>7858</gpoId>
          <bioguideId>D000598</bioguideId>
        </identifiers>
        <sponsorshipDate>2015-01-21</sponsorshipDate>
        <party>D</party>
        <isOriginalCosponsor>True</isOriginalCosponsor>
        <sponsorshipWithdrawnDate />
        <district>53</district>
        <fullName>Rep. Davis, Susan A. [D-CA-53]</fullName>
        <middleName>A.</middleName>
      </item>
      <item>
        <lastName>Takano</lastName>
        <state>CA</state>
        <bioguideId>T000472</bioguideId>
        <firstName>Mark</firstName>
        <identifiers>
          <lisID>2110</lisID>
          <gpoId />
          <bioguideId>T000472</bioguideId>
        </identifiers>
        <sponsorshipDate>2015-01-21</sponsorshipDate>
        <party>D</party>
        <isOriginalCosponsor>True</isOriginalCosponsor>
        <sponsorshipWithdrawnDate />
        <district>41</district>
        <fullName>Rep. Takano, Mark [D-CA-41]</fullName>
        <middleName />
      </item>
      <item>
        <lastName>SANCHEZ</lastName>
        <state>CA</state>
        <bioguideId>S001156</bioguideId>
        <firstName>LINDA</firstName>
        <identifiers>
          <lisID>1757</lisID>
          <gpoId>7844</gpoId>
          <bioguideId>S001156</bioguideId>
        </identifiers>
        <sponsorshipDate>2015-01-21</sponsorshipDate>
        <party>D</party>
        <isOriginalCosponsor>True</isOriginalCosponsor>
        <sponsorshipWithdrawnDate />
        <district>38</district>
        <fullName>Rep. Sanchez, Linda T. [D-CA-38]</fullName>
        <middleName>T.</middleName>
      </item>
      <item>
        <lastName>LANGEVIN</lastName>
        <state>RI</state>
        <bioguideId>L000559</bioguideId>
        <firstName>JAMES</firstName>
        <identifiers>
          <lisID>1668</lisID>
          <gpoId>8140</gpoId>
          <bioguideId>L000559</bioguideId>
        </identifiers>
        <sponsorshipDate>2015-01-22</sponsorshipDate>
        <party>D</party>
        <isOriginalCosponsor>False</isOriginalCosponsor>
        <sponsorshipWithdrawnDate />
        <district>2</district>
        <fullName>Rep. Langevin, James R. [D-RI-2]</fullName>
        <middleName>R.</middleName>
      </item>
      <item>
        <lastName>Wilson</lastName>
        <state>FL</state>
        <bioguideId>W000808</bioguideId>
        <firstName>Frederica</firstName>
        <identifiers>
          <lisID>2004</lisID>
          <gpoId>7889</gpoId>
          <bioguideId>W000808</bioguideId>
        </identifiers>
        <sponsorshipDate>2015-01-22</sponsorshipDate>
        <party>D</party>
        <isOriginalCosponsor>False</isOriginalCosponsor>
        <sponsorshipWithdrawnDate />
        <district>24</district>
        <fullName>Rep. Wilson, Frederica S. [D-FL-24]</fullName>
        <middleName>S.</middleName>
      </item>
      <item>
        <lastName>Grijalva</lastName>
        <state>AZ</state>
        <bioguideId>G000551</bioguideId>
        <firstName>Raul</firstName>
        <identifiers>
          <lisID>1708</lisID>
          <gpoId>7804</gpoId>
          <bioguideId>G000551</bioguideId>
        </identifiers>
        <sponsorshipDate>2015-01-22</sponsorshipDate>
        <party>D</party>
        <isOriginalCosponsor>False</isOriginalCosponsor>
        <sponsorshipWithdrawnDate />
        <district>3</district>
        <fullName>Rep. Grijalva, Raul M. [D-AZ-3]</fullName>
        <middleName>M.</middleName>
      </item>
      <item>
        <lastName>Swalwell</lastName>
        <state>CA</state>
        <bioguideId>S001193</bioguideId>
        <firstName>Eric</firstName>
        <identifiers>
          <gpoId />
          <bioguideId>S001193</bioguideId>
          <lisID>2104</lisID>
        </identifiers>
        <sponsorshipDate>2015-01-22</sponsorshipDate>
        <party>D</party>
        <isOriginalCosponsor>False</isOriginalCosponsor>
        <sponsorshipWithdrawnDate />
        <district>15</district>
        <fullName>Rep. Swalwell, Eric [D-CA-15]</fullName>
        <middleName />
      </item>
      <item>
        <lastName>Polis</lastName>
        <state>CO</state>
        <bioguideId>P000598</bioguideId>
        <firstName>Jared</firstName>
        <identifiers>
          <bioguideId>P000598</bioguideId>
          <lisID>1910</lisID>
          <gpoId>7860</gpoId>
        </identifiers>
        <sponsorshipDate>2015-01-22</sponsorshipDate>
        <party>D</party>
        <isOriginalCosponsor>False</isOriginalCosponsor>
        <sponsorshipWithdrawnDate />
        <district>2</district>
        <fullName>Rep. Polis, Jared [D-CO-2]</fullName>
        <middleName />
      </item>
      <item>
        <lastName>Loebsack</lastName>
        <state>IA</state>
        <bioguideId>L000565</bioguideId>
        <firstName>David</firstName>
        <identifiers>
          <bioguideId>L000565</bioguideId>
          <lisID>1846</lisID>
          <gpoId>7915</gpoId>
        </identifiers>
        <sponsorshipDate>2015-01-22</sponsorshipDate>
        <party>D</party>
        <isOriginalCosponsor>False</isOriginalCosponsor>
        <sponsorshipWithdrawnDate />
        <district>2</district>
        <fullName>Rep. Loebsack, David [D-IA-2]</fullName>
        <middleName />
      </item>
      <item>
        <lastName>RANGEL</lastName>
        <state>NY</state>
        <bioguideId>R000053</bioguideId>
        <firstName>CHARLES</firstName>
        <identifiers>
          <lisID>944</lisID>
          <gpoId>8076</gpoId>
          <bioguideId>R000053</bioguideId>
        </identifiers>
        <sponsorshipDate>2015-01-22</sponsorshipDate>
        <party>D</party>
        <isOriginalCosponsor>False</isOriginalCosponsor>
        <sponsorshipWithdrawnDate />
        <district>13</district>
        <fullName>Rep. Rangel, Charles B. [D-NY-13]</fullName>
        <middleName>B.</middleName>
      </item>
      <item>
        <lastName>Himes</lastName>
        <state>CT</state>
        <bioguideId>H001047</bioguideId>
        <firstName>James</firstName>
        <identifiers>
          <gpoId>7869</gpoId>
          <bioguideId>H001047</bioguideId>
          <lisID>1913</lisID>
        </identifiers>
        <sponsorshipDate>2015-01-22</sponsorshipDate>
        <party>D</party>
        <isOriginalCosponsor>False</isOriginalCosponsor>
        <sponsorshipWithdrawnDate />
        <district>4</district>
        <fullName>Rep. Himes, James A. [D-CT-4]</fullName>
        <middleName>A.</middleName>
      </item>
      <item>
        <lastName>Huffman</lastName>
        <state>CA</state>
        <bioguideId>H001068</bioguideId>
        <firstName>Jared</firstName>
        <identifiers>
          <lisID>2101</lisID>
          <gpoId />
          <bioguideId>H001068</bioguideId>
        </identifiers>
        <sponsorshipDate>2015-03-25</sponsorshipDate>
        <party>D</party>
        <isOriginalCosponsor>False</isOriginalCosponsor>
        <sponsorshipWithdrawnDate />
        <district>2</district>
        <fullName>Rep. Huffman, Jared [D-CA-2]</fullName>
        <middleName />
      </item>
    </cosponsors>
    <relatedBills />
    <subjects>
      <billSubjects>
        <policyArea>
          <name>Education</name>
        </policyArea>
        <legislativeSubjects>
          <item>
            <name>Assault and harassment offenses</name>
          </item>
          <item>
            <name>Commemorative events and holidays</name>
          </item>
          <item>
            <name>Elementary and secondary education</name>
          </item>
          <item>
            <name>Sex, gender, sexual orientation discrimination</name>
          </item>
          <item>
            <name>Teaching, teachers, curricula</name>
          </item>
        </legislativeSubjects>
      </billSubjects>
    </subjects>
    <laws />
    <constitutionalAuthorityStatementText />
    <title>Supporting the goals and ideals of No Name-Calling Week in bringing attention to name-calling of all kinds and providing schools with the tools and inspiration to launch an on-going dialogue about ways to eliminate name-calling and bullying in their communities.</title>
    <recordedVotes />
    <cboCostEstimates />
    <committees>
      <billCommittees>
        <item>
          <type>Standing</type>
          <chamber>House</chamber>
          <activities>
            <item>
              <date>2015-01-21T15:05:10Z</date>
              <name>Referred to</name>
            </item>
          </activities>
          <subcommittees />
          <systemCode>hsgo00</systemCode>
          <name>Oversight and Government Reform Committee</name>
        </item>
      </billCommittees>
    </committees>
    <createDate>2015-01-22T04:46:22Z</createDate>
    <billType>HCONRES</billType>
    <billNumber>8</billNumber>
    <policyArea>
      <name>Education</name>
    </policyArea>
  </bill>
  <dublinCore xmlns:dc="http://purl.org/dc/elements/1.1/">
    <dc:format>text/xml</dc:format>
    <dc:language>EN</dc:language>
    <dc:rights>Pursuant to Title 17 Section 105 of the United States Code, this file is not subject to copyright protection and is in the public domain.</dc:rights>
    <dc:contributor>Congressional Research Service, Library of Congress</dc:contributor>
    <dc:description>This file contains bill summaries and statuses for federal legislation. A bill summary describes the most significant provisions of a piece of legislation and details the effects the legislative text may have on current law and federal programs. Bill summaries are authored by the Congressional Research Service (CRS) of the Library of Congress. As stated in Public Law 91-510 (2 USC 166 (d)(6)), one of the duties of CRS is "to prepare summaries and digests of bills and resolutions of a public general nature introduced in the Senate or House of Representatives". For more information, refer to the User Guide that accompanies this file.</dc:description>
  </dublinCore>
</billStatus>

