<?xml version="1.0" encoding="UTF-8"?>
<billStatus>
  <bill>
    <subjects>
      <billSubjects>
        <policyArea>
          <name>Civil Rights and Liberties, Minority Issues</name>
        </policyArea>
        <legislativeSubjects>
          <item>
            <name>Commemorative events and holidays</name>
          </item>
          <item>
            <name>Employment discrimination and employee rights</name>
          </item>
          <item>
            <name>Sex, gender, sexual orientation discrimination</name>
          </item>
          <item>
            <name>Wages and earnings</name>
          </item>
          <item>
            <name>Women's employment</name>
          </item>
        </legislativeSubjects>
      </billSubjects>
    </subjects>
    <actions>
      <actionByCounts>
        <houseOfRepresentatives>3</houseOfRepresentatives>
      </actionByCounts>
      <item>
        <committee>
          <systemCode>hsgo00</systemCode>
          <name>Oversight and Government Reform Committee</name>
        </committee>
        <actionCode>H11100</actionCode>
        <type>IntroReferral</type>
        <text>Referred to the House Committee on Oversight and Government Reform.</text>
        <actionDate>2015-04-14</actionDate>
        <sourceSystem>
          <name>House floor actions</name>
          <code>2</code>
        </sourceSystem>
        <links />
      </item>
      <item>
        <committee />
        <actionCode>Intro-H</actionCode>
        <type>IntroReferral</type>
        <text>Introduced in House</text>
        <actionDate>2015-04-14</actionDate>
        <sourceSystem>
          <name>Library of Congress</name>
          <code>9</code>
        </sourceSystem>
        <links />
      </item>
      <item>
        <committee />
        <actionCode>1000</actionCode>
        <type>IntroReferral</type>
        <text>Introduced in House</text>
        <actionDate>2015-04-14</actionDate>
        <sourceSystem>
          <name>Library of Congress</name>
          <code>9</code>
        </sourceSystem>
        <links />
      </item>
      <actionTypeCounts>
        <billReferrals>1</billReferrals>
        <introducedInHouse>1</introducedInHouse>
        <introducedInTheHouse>1</introducedInTheHouse>
      </actionTypeCounts>
    </actions>
    <policyArea>
      <name>Civil Rights and Liberties, Minority Issues</name>
    </policyArea>
    <notes />
    <createDate>2015-04-15T08:46:05Z</createDate>
    <title>Recognizing the significance of Equal Pay Day to illustrate the disparity between wages paid to men and women.</title>
    <relatedBills />
    <cosponsors>
      <item>
        <lastName>DELAURO</lastName>
        <state>CT</state>
        <bioguideId>D000216</bioguideId>
        <firstName>ROSA</firstName>
        <identifiers>
          <lisID>281</lisID>
          <gpoId>7868</gpoId>
          <bioguideId>D000216</bioguideId>
        </identifiers>
        <sponsorshipDate>2015-04-14</sponsorshipDate>
        <party>D</party>
        <isOriginalCosponsor>True</isOriginalCosponsor>
        <sponsorshipWithdrawnDate />
        <district>3</district>
        <fullName>Rep. DeLauro, Rosa L. [D-CT-3]</fullName>
        <middleName />
      </item>
      <item>
        <lastName>Matsui</lastName>
        <state>CA</state>
        <bioguideId>M001163</bioguideId>
        <firstName>Doris</firstName>
        <identifiers>
          <gpoId>7810</gpoId>
          <bioguideId>M001163</bioguideId>
          <lisID>1814</lisID>
        </identifiers>
        <sponsorshipDate>2015-04-14</sponsorshipDate>
        <party>D</party>
        <isOriginalCosponsor>True</isOriginalCosponsor>
        <sponsorshipWithdrawnDate />
        <district>6</district>
        <fullName>Rep. Matsui, Doris O. [D-CA-6]</fullName>
        <middleName>O.</middleName>
      </item>
      <item>
        <lastName>Edwards</lastName>
        <state>MD</state>
        <bioguideId>E000290</bioguideId>
        <firstName>Donna</firstName>
        <identifiers>
          <bioguideId>E000290</bioguideId>
          <gpoId>7979</gpoId>
          <lisID>1894</lisID>
        </identifiers>
        <sponsorshipDate>2015-04-14</sponsorshipDate>
        <party>D</party>
        <isOriginalCosponsor>True</isOriginalCosponsor>
        <sponsorshipWithdrawnDate />
        <district>4</district>
        <fullName>Rep. Edwards, Donna F. [D-MD-4]</fullName>
        <middleName>F.</middleName>
      </item>
      <item>
        <lastName>NORTON</lastName>
        <state>DC</state>
        <bioguideId>N000147</bioguideId>
        <firstName>ELEANOR</firstName>
        <identifiers>
          <bioguideId>N000147</bioguideId>
          <gpoId>7871</gpoId>
          <lisID>868</lisID>
        </identifiers>
        <sponsorshipDate>2015-04-14</sponsorshipDate>
        <party>D</party>
        <isOriginalCosponsor>True</isOriginalCosponsor>
        <sponsorshipWithdrawnDate />
        <district>0</district>
        <fullName>Rep. Norton, Eleanor Holmes [D-DC-At Large]</fullName>
        <middleName>HOLMES</middleName>
      </item>
      <item>
        <lastName>Speier</lastName>
        <state>CA</state>
        <bioguideId>S001175</bioguideId>
        <firstName>Jackie</firstName>
        <identifiers>
          <bioguideId>S001175</bioguideId>
          <gpoId>7817</gpoId>
          <lisID>1890</lisID>
        </identifiers>
        <sponsorshipDate>2015-04-14</sponsorshipDate>
        <party>D</party>
        <isOriginalCosponsor>True</isOriginalCosponsor>
        <sponsorshipWithdrawnDate />
        <district>14</district>
        <fullName>Rep. Speier, Jackie [D-CA-14]</fullName>
        <middleName />
      </item>
      <item>
        <lastName>HASTINGS</lastName>
        <state>FL</state>
        <bioguideId>H000324</bioguideId>
        <firstName>ALCEE</firstName>
        <identifiers>
          <gpoId>7895</gpoId>
          <bioguideId>H000324</bioguideId>
          <lisID>511</lisID>
        </identifiers>
        <sponsorshipDate>2015-04-14</sponsorshipDate>
        <party>D</party>
        <isOriginalCosponsor>True</isOriginalCosponsor>
        <sponsorshipWithdrawnDate />
        <district>20</district>
        <fullName>Rep. Hastings, Alcee L. [D-FL-20]</fullName>
        <middleName>L.</middleName>
      </item>
      <item>
        <lastName>Vargas</lastName>
        <state>CA</state>
        <bioguideId>V000130</bioguideId>
        <firstName>Juan</firstName>
        <identifiers>
          <gpoId />
          <bioguideId>V000130</bioguideId>
          <lisID>2112</lisID>
        </identifiers>
        <sponsorshipDate>2015-04-14</sponsorshipDate>
        <party>D</party>
        <isOriginalCosponsor>True</isOriginalCosponsor>
        <sponsorshipWithdrawnDate />
        <district>51</district>
        <fullName>Rep. Vargas, Juan [D-CA-51]</fullName>
        <middleName />
      </item>
      <item>
        <lastName>BROWN</lastName>
        <state>FL</state>
        <bioguideId>B000911</bioguideId>
        <firstName>CORRINE</firstName>
        <identifiers>
          <lisID>132</lisID>
          <gpoId>7875</gpoId>
          <bioguideId>B000911</bioguideId>
        </identifiers>
        <sponsorshipDate>2015-04-14</sponsorshipDate>
        <party>D</party>
        <isOriginalCosponsor>True</isOriginalCosponsor>
        <sponsorshipWithdrawnDate />
        <district>5</district>
        <fullName>Rep. Brown, Corrine [D-FL-5]</fullName>
        <middleName />
      </item>
      <item>
        <lastName>Bordallo</lastName>
        <state>GU</state>
        <bioguideId>B001245</bioguideId>
        <firstName>Madeleine</firstName>
        <identifiers>
          <lisID>1723</lisID>
          <gpoId>7911</gpoId>
          <bioguideId>B001245</bioguideId>
        </identifiers>
        <sponsorshipDate>2015-04-14</sponsorshipDate>
        <party>D</party>
        <isOriginalCosponsor>True</isOriginalCosponsor>
        <sponsorshipWithdrawnDate />
        <district>0</district>
        <fullName>Rep. Bordallo, Madeleine Z. [D-GU-At Large]</fullName>
        <middleName>Z.</middleName>
      </item>
      <item>
        <lastName>CONYERS</lastName>
        <state>MI</state>
        <bioguideId>C000714</bioguideId>
        <firstName>JOHN</firstName>
        <identifiers>
          <gpoId>7999</gpoId>
          <bioguideId>C000714</bioguideId>
          <lisID>229</lisID>
        </identifiers>
        <sponsorshipDate>2015-04-14</sponsorshipDate>
        <party>D</party>
        <isOriginalCosponsor>True</isOriginalCosponsor>
        <sponsorshipWithdrawnDate />
        <district>13</district>
        <fullName>Rep. Conyers, John, Jr. [D-MI-13]</fullName>
        <middleName />
      </item>
      <item>
        <lastName>Wasserman Schultz</lastName>
        <state>FL</state>
        <bioguideId>W000797</bioguideId>
        <firstName>Debbie</firstName>
        <identifiers>
          <bioguideId>W000797</bioguideId>
          <lisID>1777</lisID>
          <gpoId>7892</gpoId>
        </identifiers>
        <sponsorshipDate>2015-04-14</sponsorshipDate>
        <party>D</party>
        <isOriginalCosponsor>True</isOriginalCosponsor>
        <sponsorshipWithdrawnDate />
        <district>23</district>
        <fullName>Rep. Wasserman Schultz, Debbie [D-FL-23]</fullName>
        <middleName />
      </item>
      <item>
        <lastName>MCCOLLUM</lastName>
        <state>MN</state>
        <bioguideId>M001143</bioguideId>
        <firstName>BETTY</firstName>
        <identifiers>
          <gpoId>8004</gpoId>
          <bioguideId>M001143</bioguideId>
          <lisID>1653</lisID>
        </identifiers>
        <sponsorshipDate>2015-04-14</sponsorshipDate>
        <party>D</party>
        <isOriginalCosponsor>True</isOriginalCosponsor>
        <sponsorshipWithdrawnDate />
        <district>4</district>
        <fullName>Rep. McCollum, Betty [D-MN-4]</fullName>
        <middleName />
      </item>
      <item>
        <lastName>Tonko</lastName>
        <state>NY</state>
        <bioguideId>T000469</bioguideId>
        <firstName>Paul</firstName>
        <identifiers>
          <lisID>1942</lisID>
          <gpoId>8082</gpoId>
          <bioguideId>T000469</bioguideId>
        </identifiers>
        <sponsorshipDate>2015-04-14</sponsorshipDate>
        <party>D</party>
        <isOriginalCosponsor>True</isOriginalCosponsor>
        <sponsorshipWithdrawnDate />
        <district>20</district>
        <fullName>Rep. Tonko, Paul [D-NY-20]</fullName>
        <middleName />
      </item>
      <item>
        <lastName>Clarke</lastName>
        <state>NY</state>
        <bioguideId>C001067</bioguideId>
        <firstName>Yvette</firstName>
        <identifiers>
          <lisID>1864</lisID>
          <gpoId>8072</gpoId>
          <bioguideId>C001067</bioguideId>
        </identifiers>
        <sponsorshipDate>2015-04-14</sponsorshipDate>
        <party>D</party>
        <isOriginalCosponsor>True</isOriginalCosponsor>
        <sponsorshipWithdrawnDate />
        <district>9</district>
        <fullName>Rep. Clarke, Yvette D. [D-NY-9]</fullName>
        <middleName>D.</middleName>
      </item>
      <item>
        <lastName>DelBene</lastName>
        <state>WA</state>
        <bioguideId>D000617</bioguideId>
        <firstName>Suzan</firstName>
        <identifiers>
          <lisID>2096</lisID>
          <gpoId>8374</gpoId>
          <bioguideId>D000617</bioguideId>
        </identifiers>
        <sponsorshipDate>2015-04-14</sponsorshipDate>
        <party>D</party>
        <isOriginalCosponsor>True</isOriginalCosponsor>
        <sponsorshipWithdrawnDate />
        <district>1</district>
        <fullName>Rep. DelBene, Suzan K. [D-WA-1]</fullName>
        <middleName>K.</middleName>
      </item>
      <item>
        <lastName>SCHAKOWSKY</lastName>
        <state>IL</state>
        <bioguideId>S001145</bioguideId>
        <firstName>JANICE</firstName>
        <identifiers>
          <gpoId>7929</gpoId>
          <bioguideId>S001145</bioguideId>
          <lisID>1588</lisID>
        </identifiers>
        <sponsorshipDate>2015-04-14</sponsorshipDate>
        <party>D</party>
        <isOriginalCosponsor>True</isOriginalCosponsor>
        <sponsorshipWithdrawnDate />
        <district>9</district>
        <fullName>Rep. Schakowsky, Janice D. [D-IL-9]</fullName>
        <middleName>D.</middleName>
      </item>
      <item>
        <lastName>RANGEL</lastName>
        <state>NY</state>
        <bioguideId>R000053</bioguideId>
        <firstName>CHARLES</firstName>
        <identifiers>
          <lisID>944</lisID>
          <gpoId>8076</gpoId>
          <bioguideId>R000053</bioguideId>
        </identifiers>
        <sponsorshipDate>2015-04-14</sponsorshipDate>
        <party>D</party>
        <isOriginalCosponsor>True</isOriginalCosponsor>
        <sponsorshipWithdrawnDate />
        <district>13</district>
        <fullName>Rep. Rangel, Charles B. [D-NY-13]</fullName>
        <middleName>B.</middleName>
      </item>
      <item>
        <lastName>Peters</lastName>
        <state>CA</state>
        <bioguideId>P000608</bioguideId>
        <firstName>Scott</firstName>
        <identifiers>
          <bioguideId>P000608</bioguideId>
          <lisID>2113</lisID>
          <gpoId />
        </identifiers>
        <sponsorshipDate>2015-04-14</sponsorshipDate>
        <party>D</party>
        <isOriginalCosponsor>True</isOriginalCosponsor>
        <sponsorshipWithdrawnDate />
        <district>52</district>
        <fullName>Rep. Peters, Scott H. [D-CA-52]</fullName>
        <middleName>H.</middleName>
      </item>
      <item>
        <lastName>Wilson</lastName>
        <state>FL</state>
        <bioguideId>W000808</bioguideId>
        <firstName>Frederica</firstName>
        <identifiers>
          <lisID>2004</lisID>
          <gpoId>7889</gpoId>
          <bioguideId>W000808</bioguideId>
        </identifiers>
        <sponsorshipDate>2015-04-14</sponsorshipDate>
        <party>D</party>
        <isOriginalCosponsor>True</isOriginalCosponsor>
        <sponsorshipWithdrawnDate />
        <district>24</district>
        <fullName>Rep. Wilson, Frederica S. [D-FL-24]</fullName>
        <middleName>S.</middleName>
      </item>
      <item>
        <lastName>BRADY</lastName>
        <state>PA</state>
        <bioguideId>B001227</bioguideId>
        <firstName>ROBERT</firstName>
        <identifiers>
          <lisID>1469</lisID>
          <gpoId>8119</gpoId>
          <bioguideId>B001227</bioguideId>
        </identifiers>
        <sponsorshipDate>2015-04-14</sponsorshipDate>
        <party>D</party>
        <isOriginalCosponsor>True</isOriginalCosponsor>
        <sponsorshipWithdrawnDate />
        <district>1</district>
        <fullName>Rep. Brady, Robert A. [D-PA-1]</fullName>
        <middleName>A.</middleName>
      </item>
      <item>
        <lastName>LANGEVIN</lastName>
        <state>RI</state>
        <bioguideId>L000559</bioguideId>
        <firstName>JAMES</firstName>
        <identifiers>
          <lisID>1668</lisID>
          <gpoId>8140</gpoId>
          <bioguideId>L000559</bioguideId>
        </identifiers>
        <sponsorshipDate>2015-04-14</sponsorshipDate>
        <party>D</party>
        <isOriginalCosponsor>True</isOriginalCosponsor>
        <sponsorshipWithdrawnDate />
        <district>2</district>
        <fullName>Rep. Langevin, James R. [D-RI-2]</fullName>
        <middleName>R.</middleName>
      </item>
      <item>
        <lastName>Lowenthal</lastName>
        <state>CA</state>
        <bioguideId>L000579</bioguideId>
        <firstName>Alan</firstName>
        <identifiers>
          <lisID>2111</lisID>
          <gpoId />
          <bioguideId>L000579</bioguideId>
        </identifiers>
        <sponsorshipDate>2015-04-14</sponsorshipDate>
        <party>D</party>
        <isOriginalCosponsor>True</isOriginalCosponsor>
        <sponsorshipWithdrawnDate />
        <district>47</district>
        <fullName>Rep. Lowenthal, Alan S. [D-CA-47]</fullName>
        <middleName>S.</middleName>
      </item>
      <item>
        <lastName>Moore</lastName>
        <state>WI</state>
        <bioguideId>M001160</bioguideId>
        <firstName>Gwen</firstName>
        <identifiers>
          <gpoId>8217</gpoId>
          <bioguideId>M001160</bioguideId>
          <lisID>1811</lisID>
        </identifiers>
        <sponsorshipDate>2015-04-14</sponsorshipDate>
        <party>D</party>
        <isOriginalCosponsor>True</isOriginalCosponsor>
        <sponsorshipWithdrawnDate />
        <district>4</district>
        <fullName>Rep. Moore, Gwen [D-WI-4]</fullName>
        <middleName />
      </item>
      <item>
        <lastName>Cardenas</lastName>
        <state>CA</state>
        <bioguideId>C001097</bioguideId>
        <firstName>Tony</firstName>
        <identifiers>
          <bioguideId>C001097</bioguideId>
          <gpoId />
          <lisID>2107</lisID>
        </identifiers>
        <sponsorshipDate>2015-04-14</sponsorshipDate>
        <party>D</party>
        <isOriginalCosponsor>True</isOriginalCosponsor>
        <sponsorshipWithdrawnDate />
        <district>29</district>
        <fullName>Rep. Cardenas, Tony [D-CA-29]</fullName>
        <middleName />
      </item>
      <item>
        <lastName>Grijalva</lastName>
        <state>AZ</state>
        <bioguideId>G000551</bioguideId>
        <firstName>Raul</firstName>
        <identifiers>
          <lisID>1708</lisID>
          <gpoId>7804</gpoId>
          <bioguideId>G000551</bioguideId>
        </identifiers>
        <sponsorshipDate>2015-04-14</sponsorshipDate>
        <party>D</party>
        <isOriginalCosponsor>True</isOriginalCosponsor>
        <sponsorshipWithdrawnDate />
        <district>3</district>
        <fullName>Rep. Grijalva, Raul M. [D-AZ-3]</fullName>
        <middleName>M.</middleName>
      </item>
      <item>
        <lastName>Hahn</lastName>
        <state>CA</state>
        <bioguideId>H001063</bioguideId>
        <firstName>Janice</firstName>
        <identifiers>
          <gpoId>8360</gpoId>
          <bioguideId>H001063</bioguideId>
          <lisID>2089</lisID>
        </identifiers>
        <sponsorshipDate>2015-04-14</sponsorshipDate>
        <party>D</party>
        <isOriginalCosponsor>True</isOriginalCosponsor>
        <sponsorshipWithdrawnDate />
        <district>44</district>
        <fullName>Rep. Hahn, Janice [D-CA-44]</fullName>
        <middleName />
      </item>
      <item>
        <lastName>Kelly</lastName>
        <state>IL</state>
        <bioguideId>K000385</bioguideId>
        <firstName>Robin</firstName>
        <identifiers>
          <gpoId />
          <bioguideId>K000385</bioguideId>
          <lisID>2190</lisID>
        </identifiers>
        <sponsorshipDate>2015-04-14</sponsorshipDate>
        <party>D</party>
        <isOriginalCosponsor>True</isOriginalCosponsor>
        <sponsorshipWithdrawnDate />
        <district>2</district>
        <fullName>Rep. Kelly, Robin L. [D-IL-2]</fullName>
        <middleName>L.</middleName>
      </item>
      <item>
        <lastName>Clark</lastName>
        <state>MA</state>
        <bioguideId>C001101</bioguideId>
        <firstName>Katherine</firstName>
        <identifiers>
          <bioguideId>C001101</bioguideId>
          <lisID>2196</lisID>
          <gpoId />
        </identifiers>
        <sponsorshipDate>2015-04-14</sponsorshipDate>
        <party>D</party>
        <isOriginalCosponsor>True</isOriginalCosponsor>
        <sponsorshipWithdrawnDate />
        <district>5</district>
        <fullName>Rep. Clark, Katherine M. [D-MA-5]</fullName>
        <middleName>M.</middleName>
      </item>
      <item>
        <lastName>Pocan</lastName>
        <state>WI</state>
        <bioguideId>P000607</bioguideId>
        <firstName>Mark</firstName>
        <identifiers>
          <lisID>2171</lisID>
          <gpoId />
          <bioguideId>P000607</bioguideId>
        </identifiers>
        <sponsorshipDate>2015-04-14</sponsorshipDate>
        <party>D</party>
        <isOriginalCosponsor>True</isOriginalCosponsor>
        <sponsorshipWithdrawnDate />
        <district>2</district>
        <fullName>Rep. Pocan, Mark [D-WI-2]</fullName>
        <middleName />
      </item>
      <item>
        <lastName>Payne</lastName>
        <state>NJ</state>
        <bioguideId>P000604</bioguideId>
        <firstName>Donald</firstName>
        <identifiers>
          <lisID>2097</lisID>
          <gpoId>8373</gpoId>
          <bioguideId>P000604</bioguideId>
        </identifiers>
        <sponsorshipDate>2015-04-14</sponsorshipDate>
        <party>D</party>
        <isOriginalCosponsor>True</isOriginalCosponsor>
        <sponsorshipWithdrawnDate />
        <district>10</district>
        <fullName>Rep. Payne, Donald M., Jr. [D-NJ-10]</fullName>
        <middleName>M.</middleName>
      </item>
      <item>
        <lastName>Kirkpatrick</lastName>
        <state>AZ</state>
        <bioguideId>K000368</bioguideId>
        <firstName>Ann</firstName>
        <identifiers>
          <lisID>1907</lisID>
          <gpoId>7220</gpoId>
          <bioguideId>K000368</bioguideId>
        </identifiers>
        <sponsorshipDate>2015-04-14</sponsorshipDate>
        <party>D</party>
        <isOriginalCosponsor>True</isOriginalCosponsor>
        <sponsorshipWithdrawnDate />
        <district>1</district>
        <fullName>Rep. Kirkpatrick, Ann [D-AZ-1]</fullName>
        <middleName />
      </item>
      <item>
        <lastName>DAVIS</lastName>
        <state>CA</state>
        <bioguideId>D000598</bioguideId>
        <firstName>SUSAN</firstName>
        <identifiers>
          <lisID>1641</lisID>
          <gpoId>7858</gpoId>
          <bioguideId>D000598</bioguideId>
        </identifiers>
        <sponsorshipDate>2015-04-14</sponsorshipDate>
        <party>D</party>
        <isOriginalCosponsor>True</isOriginalCosponsor>
        <sponsorshipWithdrawnDate />
        <district>53</district>
        <fullName>Rep. Davis, Susan A. [D-CA-53]</fullName>
        <middleName>A.</middleName>
      </item>
      <item>
        <lastName>SCHIFF</lastName>
        <state>CA</state>
        <bioguideId>S001150</bioguideId>
        <firstName>ADAM</firstName>
        <identifiers>
          <bioguideId>S001150</bioguideId>
          <lisID>1635</lisID>
          <gpoId>7834</gpoId>
        </identifiers>
        <sponsorshipDate>2015-04-14</sponsorshipDate>
        <party>D</party>
        <isOriginalCosponsor>True</isOriginalCosponsor>
        <sponsorshipWithdrawnDate />
        <district>28</district>
        <fullName>Rep. Schiff, Adam B. [D-CA-28]</fullName>
        <middleName>B.</middleName>
      </item>
      <item>
        <lastName>Keating</lastName>
        <state>MA</state>
        <bioguideId>K000375</bioguideId>
        <firstName>William</firstName>
        <identifiers>
          <lisID>2025</lisID>
          <gpoId>7975</gpoId>
          <bioguideId>K000375</bioguideId>
        </identifiers>
        <sponsorshipDate>2015-04-14</sponsorshipDate>
        <party>D</party>
        <isOriginalCosponsor>True</isOriginalCosponsor>
        <sponsorshipWithdrawnDate />
        <district>9</district>
        <fullName>Rep. Keating, William R. [D-MA-9]</fullName>
        <middleName>R.</middleName>
      </item>
      <item>
        <lastName>Pingree</lastName>
        <state>ME</state>
        <bioguideId>P000597</bioguideId>
        <firstName>Chellie</firstName>
        <identifiers>
          <lisID>1927</lisID>
          <gpoId>7984</gpoId>
          <bioguideId>P000597</bioguideId>
        </identifiers>
        <sponsorshipDate>2015-04-14</sponsorshipDate>
        <party>D</party>
        <isOriginalCosponsor>True</isOriginalCosponsor>
        <sponsorshipWithdrawnDate />
        <district>1</district>
        <fullName>Rep. Pingree, Chellie [D-ME-1]</fullName>
        <middleName />
      </item>
      <item>
        <lastName>Dingell</lastName>
        <state>MI</state>
        <bioguideId>D000624</bioguideId>
        <firstName>Debbie</firstName>
        <identifiers>
          <lisID>2251</lisID>
          <gpoId />
          <bioguideId>D000624</bioguideId>
        </identifiers>
        <sponsorshipDate>2015-04-14</sponsorshipDate>
        <party>D</party>
        <isOriginalCosponsor>True</isOriginalCosponsor>
        <sponsorshipWithdrawnDate />
        <district>12</district>
        <fullName>Rep. Dingell, Debbie [D-MI-12]</fullName>
        <middleName />
      </item>
      <item>
        <lastName>Sarbanes</lastName>
        <state>MD</state>
        <bioguideId>S001168</bioguideId>
        <firstName>John</firstName>
        <identifiers>
          <lisID>1854</lisID>
          <gpoId>7978</gpoId>
          <bioguideId>S001168</bioguideId>
        </identifiers>
        <sponsorshipDate>2015-04-14</sponsorshipDate>
        <party>D</party>
        <isOriginalCosponsor>True</isOriginalCosponsor>
        <sponsorshipWithdrawnDate />
        <district>3</district>
        <fullName>Rep. Sarbanes, John P. [D-MD-3]</fullName>
        <middleName>P.</middleName>
      </item>
      <item>
        <lastName>Bustos</lastName>
        <state>IL</state>
        <bioguideId>B001286</bioguideId>
        <firstName>Cheri</firstName>
        <identifiers>
          <lisID>2127</lisID>
          <gpoId />
          <bioguideId>B001286</bioguideId>
        </identifiers>
        <sponsorshipDate>2015-04-14</sponsorshipDate>
        <party>D</party>
        <isOriginalCosponsor>True</isOriginalCosponsor>
        <sponsorshipWithdrawnDate />
        <district>17</district>
        <fullName>Rep. Bustos, Cheri [D-IL-17]</fullName>
        <middleName />
      </item>
      <item>
        <lastName>SLAUGHTER</lastName>
        <state>NY</state>
        <bioguideId>S000480</bioguideId>
        <firstName>LOUISE</firstName>
        <identifiers>
          <lisID>1069</lisID>
          <gpoId>8089</gpoId>
          <bioguideId>S000480</bioguideId>
        </identifiers>
        <sponsorshipDate>2015-04-14</sponsorshipDate>
        <party>D</party>
        <isOriginalCosponsor>True</isOriginalCosponsor>
        <sponsorshipWithdrawnDate />
        <district>25</district>
        <fullName>Rep. Slaughter, Louise McIntosh [D-NY-25]</fullName>
        <middleName>M.</middleName>
      </item>
      <item>
        <lastName>Cartwright</lastName>
        <state>PA</state>
        <bioguideId>C001090</bioguideId>
        <firstName>Matt</firstName>
        <identifiers>
          <gpoId />
          <bioguideId>C001090</bioguideId>
          <lisID>2159</lisID>
        </identifiers>
        <sponsorshipDate>2015-04-14</sponsorshipDate>
        <party>D</party>
        <isOriginalCosponsor>True</isOriginalCosponsor>
        <sponsorshipWithdrawnDate />
        <district>17</district>
        <fullName>Rep. Cartwright, Matt [D-PA-17]</fullName>
        <middleName />
      </item>
      <item>
        <lastName>MCGOVERN</lastName>
        <state>MA</state>
        <bioguideId>M000312</bioguideId>
        <firstName>JAMES</firstName>
        <identifiers>
          <lisID>1504</lisID>
          <gpoId>7968</gpoId>
          <bioguideId>M000312</bioguideId>
        </identifiers>
        <sponsorshipDate>2015-04-14</sponsorshipDate>
        <party>D</party>
        <isOriginalCosponsor>True</isOriginalCosponsor>
        <sponsorshipWithdrawnDate />
        <district>2</district>
        <fullName>Rep. McGovern, James P. [D-MA-2]</fullName>
        <middleName>P.</middleName>
      </item>
      <item>
        <lastName>CAPPS</lastName>
        <state>CA</state>
        <bioguideId>C001036</bioguideId>
        <firstName>LOIS</firstName>
        <identifiers>
          <lisID>1471</lisID>
          <gpoId>7828</gpoId>
          <bioguideId>C001036</bioguideId>
        </identifiers>
        <sponsorshipDate>2015-04-14</sponsorshipDate>
        <party>D</party>
        <isOriginalCosponsor>True</isOriginalCosponsor>
        <sponsorshipWithdrawnDate />
        <district>24</district>
        <fullName>Rep. Capps, Lois [D-CA-24]</fullName>
        <middleName />
      </item>
      <item>
        <lastName>Tsongas</lastName>
        <state>MA</state>
        <bioguideId>T000465</bioguideId>
        <firstName>Niki</firstName>
        <identifiers>
          <lisID>1884</lisID>
          <gpoId>7970</gpoId>
          <bioguideId>T000465</bioguideId>
        </identifiers>
        <sponsorshipDate>2015-04-14</sponsorshipDate>
        <party>D</party>
        <isOriginalCosponsor>True</isOriginalCosponsor>
        <sponsorshipWithdrawnDate />
        <district>3</district>
        <fullName>Rep. Tsongas, Niki [D-MA-3]</fullName>
        <middleName />
      </item>
      <item>
        <lastName>JACKSON LEE</lastName>
        <state>TX</state>
        <bioguideId>J000032</bioguideId>
        <firstName>SHEILA</firstName>
        <identifiers>
          <gpoId>8174</gpoId>
          <bioguideId>J000032</bioguideId>
          <lisID>588</lisID>
        </identifiers>
        <sponsorshipDate>2015-04-14</sponsorshipDate>
        <party>D</party>
        <isOriginalCosponsor>True</isOriginalCosponsor>
        <sponsorshipWithdrawnDate />
        <district>18</district>
        <fullName>Rep. Jackson Lee, Sheila [D-TX-18]</fullName>
        <middleName />
      </item>
      <item>
        <lastName>Sewell</lastName>
        <state>AL</state>
        <bioguideId>S001185</bioguideId>
        <firstName>Terri</firstName>
        <identifiers>
          <bioguideId>S001185</bioguideId>
          <gpoId>7792</gpoId>
          <lisID>1988</lisID>
        </identifiers>
        <sponsorshipDate>2015-04-14</sponsorshipDate>
        <party>D</party>
        <isOriginalCosponsor>True</isOriginalCosponsor>
        <sponsorshipWithdrawnDate />
        <district>7</district>
        <fullName>Rep. Sewell, Terri A. [D-AL-7]</fullName>
        <middleName>A.</middleName>
      </item>
      <item>
        <lastName>Boyle</lastName>
        <state>PA</state>
        <bioguideId>B001296</bioguideId>
        <firstName>Brendan</firstName>
        <identifiers>
          <lisID>2267</lisID>
          <gpoId />
          <bioguideId>B001296</bioguideId>
        </identifiers>
        <sponsorshipDate>2015-04-14</sponsorshipDate>
        <party>D</party>
        <isOriginalCosponsor>True</isOriginalCosponsor>
        <sponsorshipWithdrawnDate />
        <district>13</district>
        <fullName>Rep. Boyle, Brendan F. [D-PA-13]</fullName>
        <middleName>F.</middleName>
      </item>
      <item>
        <lastName>Takai</lastName>
        <state>HI</state>
        <bioguideId>T000473</bioguideId>
        <firstName>Mark</firstName>
        <identifiers>
          <lisID>2240</lisID>
          <gpoId />
          <bioguideId>T000473</bioguideId>
        </identifiers>
        <sponsorshipDate>2015-04-14</sponsorshipDate>
        <party>D</party>
        <isOriginalCosponsor>True</isOriginalCosponsor>
        <sponsorshipWithdrawnDate />
        <district>1</district>
        <fullName>Rep. Takai, Mark [D-HI-1]</fullName>
        <middleName />
      </item>
      <item>
        <lastName>Sinema</lastName>
        <state>AZ</state>
        <bioguideId>S001191</bioguideId>
        <firstName>Kyrsten</firstName>
        <identifiers>
          <lisID>2099</lisID>
          <gpoId />
          <bioguideId>S001191</bioguideId>
        </identifiers>
        <sponsorshipDate>2015-04-14</sponsorshipDate>
        <party>D</party>
        <isOriginalCosponsor>True</isOriginalCosponsor>
        <sponsorshipWithdrawnDate />
        <district>9</district>
        <fullName>Rep. Sinema, Kyrsten [D-AZ-9]</fullName>
        <middleName />
      </item>
      <item>
        <lastName>LEE</lastName>
        <state>CA</state>
        <bioguideId>L000551</bioguideId>
        <firstName>BARBARA</firstName>
        <identifiers>
          <gpoId>7814</gpoId>
          <bioguideId>L000551</bioguideId>
          <lisID>1501</lisID>
        </identifiers>
        <sponsorshipDate>2015-04-14</sponsorshipDate>
        <party>D</party>
        <isOriginalCosponsor>True</isOriginalCosponsor>
        <sponsorshipWithdrawnDate />
        <district>13</district>
        <fullName>Rep. Lee, Barbara [D-CA-13]</fullName>
        <middleName />
      </item>
      <item>
        <lastName>Chu</lastName>
        <state>CA</state>
        <bioguideId>C001080</bioguideId>
        <firstName>Judy</firstName>
        <identifiers>
          <lisID>1970</lisID>
          <gpoId>7837</gpoId>
          <bioguideId>C001080</bioguideId>
        </identifiers>
        <sponsorshipDate>2015-04-14</sponsorshipDate>
        <party>D</party>
        <isOriginalCosponsor>True</isOriginalCosponsor>
        <sponsorshipWithdrawnDate />
        <district>27</district>
        <fullName>Rep. Chu, Judy [D-CA-27]</fullName>
        <middleName />
      </item>
      <item>
        <lastName>LEVIN</lastName>
        <state>MI</state>
        <bioguideId>L000263</bioguideId>
        <firstName>SANDER</firstName>
        <identifiers>
          <lisID>683</lisID>
          <gpoId>7997</gpoId>
          <bioguideId>L000263</bioguideId>
        </identifiers>
        <sponsorshipDate>2015-04-14</sponsorshipDate>
        <party>D</party>
        <isOriginalCosponsor>True</isOriginalCosponsor>
        <sponsorshipWithdrawnDate />
        <district>9</district>
        <fullName>Rep. Levin, Sander M. [D-MI-9]</fullName>
        <middleName>M.</middleName>
      </item>
      <item>
        <lastName>KIND</lastName>
        <state>WI</state>
        <bioguideId>K000188</bioguideId>
        <firstName>RON</firstName>
        <identifiers>
          <bioguideId>K000188</bioguideId>
          <lisID>1498</lisID>
          <gpoId>8216</gpoId>
        </identifiers>
        <sponsorshipDate>2015-04-14</sponsorshipDate>
        <party>D</party>
        <isOriginalCosponsor>True</isOriginalCosponsor>
        <sponsorshipWithdrawnDate />
        <district>3</district>
        <fullName>Rep. Kind, Ron [D-WI-3]</fullName>
        <middleName />
      </item>
      <item>
        <lastName>MEEKS</lastName>
        <state>NY</state>
        <bioguideId>M001137</bioguideId>
        <firstName>GREGORY</firstName>
        <identifiers>
          <gpoId>8067</gpoId>
          <bioguideId>M001137</bioguideId>
          <lisID>1506</lisID>
        </identifiers>
        <sponsorshipDate>2015-04-14</sponsorshipDate>
        <party>D</party>
        <isOriginalCosponsor>True</isOriginalCosponsor>
        <sponsorshipWithdrawnDate />
        <district>5</district>
        <fullName>Rep. Meeks, Gregory W. [D-NY-5]</fullName>
        <middleName>W.</middleName>
      </item>
      <item>
        <lastName>Kuster</lastName>
        <state>NH</state>
        <bioguideId>K000382</bioguideId>
        <firstName>Ann</firstName>
        <identifiers>
          <bioguideId>K000382</bioguideId>
          <lisID>2145</lisID>
          <gpoId />
        </identifiers>
        <sponsorshipDate>2015-04-14</sponsorshipDate>
        <party>D</party>
        <isOriginalCosponsor>True</isOriginalCosponsor>
        <sponsorshipWithdrawnDate />
        <district>2</district>
        <fullName>Rep. Kuster, Ann M. [D-NH-2]</fullName>
        <middleName>M.</middleName>
      </item>
      <item>
        <lastName>Lawrence</lastName>
        <state>MI</state>
        <bioguideId>L000581</bioguideId>
        <firstName>Brenda</firstName>
        <identifiers>
          <lisID>2252</lisID>
          <gpoId />
          <bioguideId>L000581</bioguideId>
        </identifiers>
        <sponsorshipDate>2015-04-14</sponsorshipDate>
        <party>D</party>
        <isOriginalCosponsor>True</isOriginalCosponsor>
        <sponsorshipWithdrawnDate />
        <district>14</district>
        <fullName>Rep. Lawrence, Brenda L. [D-MI-14]</fullName>
        <middleName>L.</middleName>
      </item>
      <item>
        <lastName>Torres</lastName>
        <state>CA</state>
        <bioguideId>T000474</bioguideId>
        <firstName>Norma</firstName>
        <identifiers>
          <gpoId />
          <bioguideId>T000474</bioguideId>
          <lisID>2231</lisID>
        </identifiers>
        <sponsorshipDate>2015-04-14</sponsorshipDate>
        <party>D</party>
        <isOriginalCosponsor>True</isOriginalCosponsor>
        <sponsorshipWithdrawnDate />
        <district>35</district>
        <fullName>Rep. Torres, Norma J. [D-CA-35]</fullName>
        <middleName>J.</middleName>
      </item>
      <item>
        <lastName>Van Hollen</lastName>
        <state>MD</state>
        <bioguideId>V000128</bioguideId>
        <firstName>Chris</firstName>
        <identifiers>
          <bioguideId>V000128</bioguideId>
          <lisID>1729</lisID>
          <gpoId>7983</gpoId>
        </identifiers>
        <sponsorshipDate>2015-04-14</sponsorshipDate>
        <party>D</party>
        <isOriginalCosponsor>True</isOriginalCosponsor>
        <sponsorshipWithdrawnDate />
        <district>8</district>
        <fullName>Rep. Van Hollen, Chris [D-MD-8]</fullName>
        <middleName />
      </item>
      <item>
        <lastName>LEWIS</lastName>
        <state>GA</state>
        <bioguideId>L000287</bioguideId>
        <firstName>JOHN</firstName>
        <identifiers>
          <lisID>688</lisID>
          <gpoId>7902</gpoId>
          <bioguideId>L000287</bioguideId>
        </identifiers>
        <sponsorshipDate>2015-04-14</sponsorshipDate>
        <party>D</party>
        <isOriginalCosponsor>True</isOriginalCosponsor>
        <sponsorshipWithdrawnDate />
        <district>5</district>
        <fullName>Rep. Lewis, John [D-GA-5]</fullName>
        <middleName />
      </item>
      <item>
        <lastName>MALONEY</lastName>
        <state>NY</state>
        <bioguideId>M000087</bioguideId>
        <firstName>CAROLYN</firstName>
        <identifiers>
          <lisID>729</lisID>
          <gpoId>8075</gpoId>
          <bioguideId>M000087</bioguideId>
        </identifiers>
        <sponsorshipDate>2015-04-14</sponsorshipDate>
        <party>D</party>
        <isOriginalCosponsor>True</isOriginalCosponsor>
        <sponsorshipWithdrawnDate />
        <district>12</district>
        <fullName>Rep. Maloney, Carolyn B. [D-NY-12]</fullName>
        <middleName>B.</middleName>
      </item>
      <item>
        <lastName>Huffman</lastName>
        <state>CA</state>
        <bioguideId>H001068</bioguideId>
        <firstName>Jared</firstName>
        <identifiers>
          <lisID>2101</lisID>
          <gpoId />
          <bioguideId>H001068</bioguideId>
        </identifiers>
        <sponsorshipDate>2015-04-14</sponsorshipDate>
        <party>D</party>
        <isOriginalCosponsor>True</isOriginalCosponsor>
        <sponsorshipWithdrawnDate />
        <district>2</district>
        <fullName>Rep. Huffman, Jared [D-CA-2]</fullName>
        <middleName />
      </item>
      <item>
        <lastName>Lujan Grisham</lastName>
        <state>NM</state>
        <bioguideId>L000580</bioguideId>
        <firstName>Michelle</firstName>
        <identifiers>
          <lisID>2146</lisID>
          <gpoId />
          <bioguideId>L000580</bioguideId>
        </identifiers>
        <sponsorshipDate>2015-04-14</sponsorshipDate>
        <party>D</party>
        <isOriginalCosponsor>True</isOriginalCosponsor>
        <sponsorshipWithdrawnDate />
        <district>1</district>
        <fullName>Rep. Lujan Grisham, Michelle [D-NM-1]</fullName>
        <middleName />
      </item>
      <item>
        <lastName>RUSH</lastName>
        <state>IL</state>
        <bioguideId>R000515</bioguideId>
        <firstName>BOBBY</firstName>
        <identifiers>
          <lisID>1003</lisID>
          <gpoId>7921</gpoId>
          <bioguideId>R000515</bioguideId>
        </identifiers>
        <sponsorshipDate>2015-04-14</sponsorshipDate>
        <party>D</party>
        <isOriginalCosponsor>True</isOriginalCosponsor>
        <sponsorshipWithdrawnDate />
        <district>1</district>
        <fullName>Rep. Rush, Bobby L. [D-IL-1]</fullName>
        <middleName>L.</middleName>
      </item>
      <item>
        <lastName>SHERMAN</lastName>
        <state>CA</state>
        <bioguideId>S000344</bioguideId>
        <firstName>BRAD</firstName>
        <identifiers>
          <lisID>1526</lisID>
          <gpoId>7832</gpoId>
          <bioguideId>S000344</bioguideId>
        </identifiers>
        <sponsorshipDate>2015-04-14</sponsorshipDate>
        <party>D</party>
        <isOriginalCosponsor>True</isOriginalCosponsor>
        <sponsorshipWithdrawnDate />
        <district>30</district>
        <fullName>Rep. Sherman, Brad [D-CA-30]</fullName>
        <middleName />
      </item>
      <item>
        <lastName>Esty</lastName>
        <state>CT</state>
        <bioguideId>E000293</bioguideId>
        <firstName>Elizabeth</firstName>
        <identifiers>
          <gpoId />
          <bioguideId>E000293</bioguideId>
          <lisID>2114</lisID>
        </identifiers>
        <sponsorshipDate>2015-04-14</sponsorshipDate>
        <party>D</party>
        <isOriginalCosponsor>True</isOriginalCosponsor>
        <sponsorshipWithdrawnDate />
        <district>5</district>
        <fullName>Rep. Esty, Elizabeth H. [D-CT-5]</fullName>
        <middleName>H.</middleName>
      </item>
      <item>
        <lastName>SANCHEZ</lastName>
        <state>CA</state>
        <bioguideId>S000030</bioguideId>
        <firstName>LORETTA</firstName>
        <identifiers>
          <lisID>1522</lisID>
          <gpoId>7852</gpoId>
          <bioguideId>S000030</bioguideId>
        </identifiers>
        <sponsorshipDate>2015-04-14</sponsorshipDate>
        <party>D</party>
        <isOriginalCosponsor>True</isOriginalCosponsor>
        <sponsorshipWithdrawnDate />
        <district>46</district>
        <fullName>Rep. Sanchez, Loretta [D-CA-46]</fullName>
        <middleName />
      </item>
      <item>
        <lastName>SANCHEZ</lastName>
        <state>CA</state>
        <bioguideId>S001156</bioguideId>
        <firstName>LINDA</firstName>
        <identifiers>
          <lisID>1757</lisID>
          <gpoId>7844</gpoId>
          <bioguideId>S001156</bioguideId>
        </identifiers>
        <sponsorshipDate>2015-04-14</sponsorshipDate>
        <party>D</party>
        <isOriginalCosponsor>True</isOriginalCosponsor>
        <sponsorshipWithdrawnDate />
        <district>38</district>
        <fullName>Rep. Sanchez, Linda T. [D-CA-38]</fullName>
        <middleName>T.</middleName>
      </item>
      <item>
        <lastName>Scott</lastName>
        <state>VA</state>
        <bioguideId>S000185</bioguideId>
        <firstName>Robert</firstName>
        <identifiers>
          <lisID>1037</lisID>
          <gpoId>8194</gpoId>
          <bioguideId>S000185</bioguideId>
        </identifiers>
        <sponsorshipDate>2015-04-14</sponsorshipDate>
        <party>D</party>
        <isOriginalCosponsor>True</isOriginalCosponsor>
        <sponsorshipWithdrawnDate />
        <district>3</district>
        <fullName>Rep. Scott, Robert C. "Bobby" [D-VA-3]</fullName>
        <middleName>C. "Bobby"</middleName>
      </item>
      <item>
        <lastName>Cicilline</lastName>
        <state>RI</state>
        <bioguideId>C001084</bioguideId>
        <firstName>David</firstName>
        <identifiers>
          <bioguideId>C001084</bioguideId>
          <lisID>2055</lisID>
          <gpoId>8139</gpoId>
        </identifiers>
        <sponsorshipDate>2015-04-14</sponsorshipDate>
        <party>D</party>
        <isOriginalCosponsor>True</isOriginalCosponsor>
        <sponsorshipWithdrawnDate />
        <district>1</district>
        <fullName>Rep. Cicilline, David N. [D-RI-1]</fullName>
        <middleName>N.</middleName>
      </item>
      <item>
        <lastName>Yarmuth</lastName>
        <state>KY</state>
        <bioguideId>Y000062</bioguideId>
        <firstName>John</firstName>
        <identifiers>
          <gpoId>7955</gpoId>
          <bioguideId>Y000062</bioguideId>
          <lisID>1853</lisID>
        </identifiers>
        <sponsorshipDate>2015-04-14</sponsorshipDate>
        <party>D</party>
        <isOriginalCosponsor>True</isOriginalCosponsor>
        <sponsorshipWithdrawnDate />
        <district>3</district>
        <fullName>Rep. Yarmuth, John A. [D-KY-3]</fullName>
        <middleName>A.</middleName>
      </item>
      <item>
        <lastName>Fudge</lastName>
        <state>OH</state>
        <bioguideId>F000455</bioguideId>
        <firstName>Marcia</firstName>
        <identifiers>
          <lisID>1895</lisID>
          <gpoId>8101</gpoId>
          <bioguideId>F000455</bioguideId>
        </identifiers>
        <sponsorshipDate>2015-04-14</sponsorshipDate>
        <party>D</party>
        <isOriginalCosponsor>True</isOriginalCosponsor>
        <sponsorshipWithdrawnDate />
        <district>11</district>
        <fullName>Rep. Fudge, Marcia L. [D-OH-11]</fullName>
        <middleName>L.</middleName>
      </item>
      <item>
        <lastName>O'Rourke</lastName>
        <state>TX</state>
        <bioguideId>O000170</bioguideId>
        <firstName>Beto</firstName>
        <identifiers>
          <bioguideId>O000170</bioguideId>
          <gpoId />
          <lisID>2162</lisID>
        </identifiers>
        <sponsorshipDate>2015-04-14</sponsorshipDate>
        <party>D</party>
        <isOriginalCosponsor>True</isOriginalCosponsor>
        <sponsorshipWithdrawnDate />
        <district>16</district>
        <fullName>Rep. O'Rourke, Beto [D-TX-16]</fullName>
        <middleName />
      </item>
      <item>
        <lastName>Foster</lastName>
        <state>IL</state>
        <bioguideId>F000454</bioguideId>
        <firstName>Bill</firstName>
        <identifiers>
          <lisID>1888</lisID>
          <gpoId>7355</gpoId>
          <bioguideId>F000454</bioguideId>
        </identifiers>
        <sponsorshipDate>2015-04-14</sponsorshipDate>
        <party>D</party>
        <isOriginalCosponsor>True</isOriginalCosponsor>
        <sponsorshipWithdrawnDate />
        <district>11</district>
        <fullName>Rep. Foster, Bill [D-IL-11]</fullName>
        <middleName />
      </item>
      <item>
        <lastName>Bass</lastName>
        <state>CA</state>
        <bioguideId>B001270</bioguideId>
        <firstName>Karen</firstName>
        <identifiers>
          <lisID>1996</lisID>
          <gpoId>7838</gpoId>
          <bioguideId>B001270</bioguideId>
        </identifiers>
        <sponsorshipDate>2015-04-14</sponsorshipDate>
        <party>D</party>
        <isOriginalCosponsor>True</isOriginalCosponsor>
        <sponsorshipWithdrawnDate />
        <district>37</district>
        <fullName>Rep. Bass, Karen [D-CA-37]</fullName>
        <middleName />
      </item>
      <item>
        <lastName>Garamendi</lastName>
        <state>CA</state>
        <bioguideId>G000559</bioguideId>
        <firstName>John</firstName>
        <identifiers>
          <lisID>1973</lisID>
          <gpoId>7815</gpoId>
          <bioguideId>G000559</bioguideId>
        </identifiers>
        <sponsorshipDate>2015-04-14</sponsorshipDate>
        <party>D</party>
        <isOriginalCosponsor>True</isOriginalCosponsor>
        <sponsorshipWithdrawnDate />
        <district>3</district>
        <fullName>Rep. Garamendi, John [D-CA-3]</fullName>
        <middleName />
      </item>
      <item>
        <lastName>ESHOO</lastName>
        <state>CA</state>
        <bioguideId>E000215</bioguideId>
        <firstName>ANNA</firstName>
        <identifiers>
          <lisID>355</lisID>
          <gpoId>7819</gpoId>
          <bioguideId>E000215</bioguideId>
        </identifiers>
        <sponsorshipDate>2015-04-14</sponsorshipDate>
        <party>D</party>
        <isOriginalCosponsor>True</isOriginalCosponsor>
        <sponsorshipWithdrawnDate />
        <district>18</district>
        <fullName>Rep. Eshoo, Anna G. [D-CA-18]</fullName>
        <middleName>G.</middleName>
      </item>
      <item>
        <lastName>Bera</lastName>
        <state>CA</state>
        <bioguideId>B001287</bioguideId>
        <firstName>Ami</firstName>
        <identifiers>
          <lisID>2102</lisID>
          <gpoId />
          <bioguideId>B001287</bioguideId>
        </identifiers>
        <sponsorshipDate>2015-04-14</sponsorshipDate>
        <party>D</party>
        <isOriginalCosponsor>True</isOriginalCosponsor>
        <sponsorshipWithdrawnDate />
        <district>7</district>
        <fullName>Rep. Bera, Ami [D-CA-7]</fullName>
        <middleName />
      </item>
      <item>
        <lastName>Murphy</lastName>
        <state>FL</state>
        <bioguideId>M001191</bioguideId>
        <firstName>Patrick</firstName>
        <identifiers>
          <lisID>2117</lisID>
          <gpoId />
          <bioguideId>M001191</bioguideId>
        </identifiers>
        <sponsorshipDate>2015-04-14</sponsorshipDate>
        <party>D</party>
        <isOriginalCosponsor>True</isOriginalCosponsor>
        <sponsorshipWithdrawnDate />
        <district>18</district>
        <fullName>Rep. Murphy, Patrick [D-FL-18]</fullName>
        <middleName />
      </item>
      <item>
        <lastName>KAPTUR</lastName>
        <state>OH</state>
        <bioguideId>K000009</bioguideId>
        <firstName>MARCY</firstName>
        <identifiers>
          <bioguideId>K000009</bioguideId>
          <gpoId>8099</gpoId>
          <lisID>616</lisID>
        </identifiers>
        <sponsorshipDate>2015-04-14</sponsorshipDate>
        <party>D</party>
        <isOriginalCosponsor>True</isOriginalCosponsor>
        <sponsorshipWithdrawnDate />
        <district>9</district>
        <fullName>Rep. Kaptur, Marcy [D-OH-9]</fullName>
        <middleName />
      </item>
      <item>
        <lastName>Johnson</lastName>
        <state>GA</state>
        <bioguideId>J000288</bioguideId>
        <firstName>Henry</firstName>
        <identifiers>
          <bioguideId>J000288</bioguideId>
          <gpoId>7901</gpoId>
          <lisID>1843</lisID>
        </identifiers>
        <sponsorshipDate>2015-04-14</sponsorshipDate>
        <party>D</party>
        <isOriginalCosponsor>True</isOriginalCosponsor>
        <sponsorshipWithdrawnDate />
        <district>4</district>
        <fullName>Rep. Johnson, Henry C. "Hank," Jr. [D-GA-4]</fullName>
        <middleName>C. "Hank"</middleName>
      </item>
      <item>
        <lastName>Beyer</lastName>
        <state>VA</state>
        <bioguideId>B001292</bioguideId>
        <firstName>Donald</firstName>
        <identifiers>
          <bioguideId>B001292</bioguideId>
          <lisID>2272</lisID>
          <gpoId />
        </identifiers>
        <sponsorshipDate>2015-04-14</sponsorshipDate>
        <party>D</party>
        <isOriginalCosponsor>True</isOriginalCosponsor>
        <sponsorshipWithdrawnDate />
        <district>8</district>
        <fullName>Rep. Beyer, Donald S., Jr. [D-VA-8]</fullName>
        <middleName>S.</middleName>
      </item>
      <item>
        <lastName>Adams</lastName>
        <state>NC</state>
        <bioguideId>A000370</bioguideId>
        <firstName>Alma</firstName>
        <identifiers>
          <lisID>2201</lisID>
          <gpoId />
          <bioguideId>A000370</bioguideId>
        </identifiers>
        <sponsorshipDate>2015-04-14</sponsorshipDate>
        <party>D</party>
        <isOriginalCosponsor>True</isOriginalCosponsor>
        <sponsorshipWithdrawnDate />
        <district>12</district>
        <fullName>Rep. Adams, Alma S. [D-NC-12]</fullName>
        <middleName>S.</middleName>
      </item>
      <item>
        <lastName>SMITH</lastName>
        <state>WA</state>
        <bioguideId>S000510</bioguideId>
        <firstName>ADAM</firstName>
        <identifiers>
          <lisID>1528</lisID>
          <gpoId>8213</gpoId>
          <bioguideId>S000510</bioguideId>
        </identifiers>
        <sponsorshipDate>2015-04-14</sponsorshipDate>
        <party>D</party>
        <isOriginalCosponsor>True</isOriginalCosponsor>
        <sponsorshipWithdrawnDate />
        <district>9</district>
        <fullName>Rep. Smith, Adam [D-WA-9]</fullName>
        <middleName />
      </item>
      <item>
        <lastName>NOLAN</lastName>
        <state>MN</state>
        <bioguideId>N000127</bioguideId>
        <firstName>RICHARD</firstName>
        <identifiers>
          <lisID>867</lisID>
          <gpoId />
          <bioguideId>N000127</bioguideId>
        </identifiers>
        <sponsorshipDate>2015-04-14</sponsorshipDate>
        <party>D</party>
        <isOriginalCosponsor>True</isOriginalCosponsor>
        <sponsorshipWithdrawnDate />
        <district>8</district>
        <fullName>Rep. Nolan, Richard M. [D-MN-8]</fullName>
        <middleName />
      </item>
      <item>
        <lastName>Lieu</lastName>
        <state>CA</state>
        <bioguideId>L000582</bioguideId>
        <firstName>Ted</firstName>
        <identifiers>
          <lisID>2230</lisID>
          <gpoId />
          <bioguideId>L000582</bioguideId>
        </identifiers>
        <sponsorshipDate>2015-04-14</sponsorshipDate>
        <party>D</party>
        <isOriginalCosponsor>True</isOriginalCosponsor>
        <sponsorshipWithdrawnDate />
        <district>33</district>
        <fullName>Rep. Lieu, Ted [D-CA-33]</fullName>
        <middleName />
      </item>
      <item>
        <lastName>Beatty</lastName>
        <state>OH</state>
        <bioguideId>B001281</bioguideId>
        <firstName>Joyce</firstName>
        <identifiers>
          <lisID>2153</lisID>
          <gpoId />
          <bioguideId>B001281</bioguideId>
        </identifiers>
        <sponsorshipDate>2015-04-14</sponsorshipDate>
        <party>D</party>
        <isOriginalCosponsor>True</isOriginalCosponsor>
        <sponsorshipWithdrawnDate />
        <district>3</district>
        <fullName>Rep. Beatty, Joyce [D-OH-3]</fullName>
        <middleName />
      </item>
      <item>
        <lastName>COOPER</lastName>
        <state>TN</state>
        <bioguideId>C000754</bioguideId>
        <firstName>JAMES</firstName>
        <identifiers>
          <gpoId>8152</gpoId>
          <bioguideId>C000754</bioguideId>
          <lisID>231</lisID>
        </identifiers>
        <sponsorshipDate>2015-04-14</sponsorshipDate>
        <party>D</party>
        <isOriginalCosponsor>True</isOriginalCosponsor>
        <sponsorshipWithdrawnDate />
        <district>5</district>
        <fullName>Rep. Cooper, Jim [D-TN-5]</fullName>
        <middleName>H.</middleName>
      </item>
      <item>
        <lastName>HINOJOSA</lastName>
        <state>TX</state>
        <bioguideId>H000636</bioguideId>
        <firstName>RUBEN</firstName>
        <identifiers>
          <lisID>1490</lisID>
          <gpoId>8171</gpoId>
          <bioguideId>H000636</bioguideId>
        </identifiers>
        <sponsorshipDate>2015-04-14</sponsorshipDate>
        <party>D</party>
        <isOriginalCosponsor>True</isOriginalCosponsor>
        <sponsorshipWithdrawnDate />
        <district>15</district>
        <fullName>Rep. Hinojosa, Ruben [D-TX-15]</fullName>
        <middleName />
      </item>
      <item>
        <lastName>Kennedy</lastName>
        <state>MA</state>
        <bioguideId>K000379</bioguideId>
        <firstName>Joseph</firstName>
        <identifiers>
          <lisID>2172</lisID>
          <gpoId />
          <bioguideId>K000379</bioguideId>
        </identifiers>
        <sponsorshipDate>2015-04-14</sponsorshipDate>
        <party>D</party>
        <isOriginalCosponsor>True</isOriginalCosponsor>
        <sponsorshipWithdrawnDate />
        <district>4</district>
        <fullName>Rep. Kennedy, Joseph P., III [D-MA-4]</fullName>
        <middleName>P.</middleName>
      </item>
      <item>
        <lastName>Gallego</lastName>
        <state>AZ</state>
        <bioguideId>G000574</bioguideId>
        <firstName>Ruben</firstName>
        <identifiers>
          <bioguideId>G000574</bioguideId>
          <gpoId />
          <lisID>2226</lisID>
        </identifiers>
        <sponsorshipDate>2015-04-14</sponsorshipDate>
        <party>D</party>
        <isOriginalCosponsor>True</isOriginalCosponsor>
        <sponsorshipWithdrawnDate />
        <district>7</district>
        <fullName>Rep. Gallego, Ruben [D-AZ-7]</fullName>
        <middleName />
      </item>
      <item>
        <lastName>THOMPSON</lastName>
        <state>CA</state>
        <bioguideId>T000460</bioguideId>
        <firstName>MIKE</firstName>
        <identifiers>
          <lisID>1593</lisID>
          <gpoId>7806</gpoId>
          <bioguideId>T000460</bioguideId>
        </identifiers>
        <sponsorshipDate>2015-04-14</sponsorshipDate>
        <party>D</party>
        <isOriginalCosponsor>True</isOriginalCosponsor>
        <sponsorshipWithdrawnDate />
        <district>5</district>
        <fullName>Rep. Thompson, Mike [D-CA-5]</fullName>
        <middleName />
      </item>
      <item>
        <lastName>Perlmutter</lastName>
        <state>CO</state>
        <bioguideId>P000593</bioguideId>
        <firstName>Ed</firstName>
        <identifiers>
          <bioguideId>P000593</bioguideId>
          <lisID>1835</lisID>
          <gpoId>7865</gpoId>
        </identifiers>
        <sponsorshipDate>2015-04-14</sponsorshipDate>
        <party>D</party>
        <isOriginalCosponsor>True</isOriginalCosponsor>
        <sponsorshipWithdrawnDate />
        <district>7</district>
        <fullName>Rep. Perlmutter, Ed [D-CO-7]</fullName>
        <middleName />
      </item>
      <item>
        <lastName>Watson Coleman</lastName>
        <state>NJ</state>
        <bioguideId>W000822</bioguideId>
        <firstName>Bonnie</firstName>
        <identifiers>
          <lisID>2259</lisID>
          <gpoId />
          <bioguideId>W000822</bioguideId>
        </identifiers>
        <sponsorshipDate>2015-04-14</sponsorshipDate>
        <party>D</party>
        <isOriginalCosponsor>True</isOriginalCosponsor>
        <sponsorshipWithdrawnDate />
        <district>12</district>
        <fullName>Rep. Watson Coleman, Bonnie [D-NJ-12]</fullName>
        <middleName />
      </item>
      <item>
        <lastName>Welch</lastName>
        <state>VT</state>
        <bioguideId>W000800</bioguideId>
        <firstName>Peter</firstName>
        <identifiers>
          <lisID>1879</lisID>
          <gpoId>8204</gpoId>
          <bioguideId>W000800</bioguideId>
        </identifiers>
        <sponsorshipDate>2015-04-14</sponsorshipDate>
        <party>D</party>
        <isOriginalCosponsor>True</isOriginalCosponsor>
        <sponsorshipWithdrawnDate />
        <district>0</district>
        <fullName>Rep. Welch, Peter [D-VT-At Large]</fullName>
        <middleName />
      </item>
      <item>
        <lastName>BLUMENAUER</lastName>
        <state>OR</state>
        <bioguideId>B000574</bioguideId>
        <firstName>EARL</firstName>
        <identifiers>
          <gpoId>8116</gpoId>
          <bioguideId>B000574</bioguideId>
          <lisID>99</lisID>
        </identifiers>
        <sponsorshipDate>2015-04-14</sponsorshipDate>
        <party>D</party>
        <isOriginalCosponsor>True</isOriginalCosponsor>
        <sponsorshipWithdrawnDate />
        <district>3</district>
        <fullName>Rep. Blumenauer, Earl [D-OR-3]</fullName>
        <middleName />
      </item>
      <item>
        <lastName>MCDERMOTT</lastName>
        <state>WA</state>
        <bioguideId>M000404</bioguideId>
        <firstName>JIM</firstName>
        <identifiers>
          <lisID>766</lisID>
          <gpoId>8211</gpoId>
          <bioguideId>M000404</bioguideId>
        </identifiers>
        <sponsorshipDate>2015-04-14</sponsorshipDate>
        <party>D</party>
        <isOriginalCosponsor>True</isOriginalCosponsor>
        <sponsorshipWithdrawnDate />
        <district>7</district>
        <fullName>Rep. McDermott, Jim [D-WA-7]</fullName>
        <middleName />
      </item>
      <item>
        <lastName>Delaney</lastName>
        <state>MD</state>
        <bioguideId>D000620</bioguideId>
        <firstName>John</firstName>
        <identifiers>
          <bioguideId>D000620</bioguideId>
          <gpoId />
          <lisID>2133</lisID>
        </identifiers>
        <sponsorshipDate>2015-04-14</sponsorshipDate>
        <party>D</party>
        <isOriginalCosponsor>True</isOriginalCosponsor>
        <sponsorshipWithdrawnDate />
        <district>6</district>
        <fullName>Rep. Delaney, John K. [D-MD-6]</fullName>
        <middleName>K.</middleName>
      </item>
      <item>
        <lastName>Carney</lastName>
        <state>DE</state>
        <bioguideId>C001083</bioguideId>
        <firstName>John</firstName>
        <identifiers>
          <gpoId>7872</gpoId>
          <bioguideId>C001083</bioguideId>
          <lisID>1999</lisID>
        </identifiers>
        <sponsorshipDate>2015-04-14</sponsorshipDate>
        <party>D</party>
        <isOriginalCosponsor>True</isOriginalCosponsor>
        <sponsorshipWithdrawnDate />
        <district>0</district>
        <fullName>Rep. Carney, John C., Jr. [D-DE-At Large]</fullName>
        <middleName>C.</middleName>
      </item>
      <item>
        <lastName>Cohen</lastName>
        <state>TN</state>
        <bioguideId>C001068</bioguideId>
        <firstName>Steve</firstName>
        <identifiers>
          <bioguideId>C001068</bioguideId>
          <lisID>1878</lisID>
          <gpoId>8156</gpoId>
        </identifiers>
        <sponsorshipDate>2015-04-14</sponsorshipDate>
        <party>D</party>
        <isOriginalCosponsor>True</isOriginalCosponsor>
        <sponsorshipWithdrawnDate />
        <district>9</district>
        <fullName>Rep. Cohen, Steve [D-TN-9]</fullName>
        <middleName />
      </item>
      <item>
        <lastName>Bonamici</lastName>
        <state>OR</state>
        <bioguideId>B001278</bioguideId>
        <firstName>Suzanne</firstName>
        <identifiers>
          <lisID>2092</lisID>
          <gpoId>8367</gpoId>
          <bioguideId>B001278</bioguideId>
        </identifiers>
        <sponsorshipDate>2015-04-14</sponsorshipDate>
        <party>D</party>
        <isOriginalCosponsor>True</isOriginalCosponsor>
        <sponsorshipWithdrawnDate />
        <district>1</district>
        <fullName>Rep. Bonamici, Suzanne [D-OR-1]</fullName>
        <middleName />
      </item>
      <item>
        <lastName>Castor</lastName>
        <state>FL</state>
        <bioguideId>C001066</bioguideId>
        <firstName>Kathy</firstName>
        <identifiers>
          <lisID>1839</lisID>
          <gpoId>7883</gpoId>
          <bioguideId>C001066</bioguideId>
        </identifiers>
        <sponsorshipDate>2015-04-14</sponsorshipDate>
        <party>D</party>
        <isOriginalCosponsor>True</isOriginalCosponsor>
        <sponsorshipWithdrawnDate />
        <district>14</district>
        <fullName>Rep. Castor, Kathy [D-FL-14]</fullName>
        <middleName />
      </item>
      <item>
        <lastName>McNerney</lastName>
        <state>CA</state>
        <bioguideId>M001166</bioguideId>
        <firstName>Jerry</firstName>
        <identifiers>
          <bioguideId>M001166</bioguideId>
          <lisID>1832</lisID>
          <gpoId>7816</gpoId>
        </identifiers>
        <sponsorshipDate>2015-04-14</sponsorshipDate>
        <party>D</party>
        <isOriginalCosponsor>True</isOriginalCosponsor>
        <sponsorshipWithdrawnDate />
        <district>9</district>
        <fullName>Rep. McNerney, Jerry [D-CA-9]</fullName>
        <middleName />
      </item>
      <item>
        <lastName>RYAN</lastName>
        <state>OH</state>
        <bioguideId>R000577</bioguideId>
        <firstName>TIM</firstName>
        <identifiers>
          <bioguideId>R000577</bioguideId>
          <lisID>1756</lisID>
          <gpoId>8107</gpoId>
        </identifiers>
        <sponsorshipDate>2015-04-14</sponsorshipDate>
        <party>D</party>
        <isOriginalCosponsor>True</isOriginalCosponsor>
        <sponsorshipWithdrawnDate />
        <district>13</district>
        <fullName>Rep. Ryan, Tim [D-OH-13]</fullName>
        <middleName />
      </item>
      <item>
        <lastName>Kildee</lastName>
        <state>MI</state>
        <bioguideId>K000380</bioguideId>
        <firstName>Daniel</firstName>
        <identifiers>
          <lisID>2134</lisID>
          <gpoId />
          <bioguideId>K000380</bioguideId>
        </identifiers>
        <sponsorshipDate>2015-04-14</sponsorshipDate>
        <party>D</party>
        <isOriginalCosponsor>True</isOriginalCosponsor>
        <sponsorshipWithdrawnDate />
        <district>5</district>
        <fullName>Rep. Kildee, Daniel T. [D-MI-5]</fullName>
        <middleName>T.</middleName>
      </item>
      <item>
        <lastName>Green</lastName>
        <state>TX</state>
        <bioguideId>G000553</bioguideId>
        <firstName>Al</firstName>
        <identifiers>
          <lisID>1803</lisID>
          <gpoId>8165</gpoId>
          <bioguideId>G000553</bioguideId>
        </identifiers>
        <sponsorshipDate>2015-04-14</sponsorshipDate>
        <party>D</party>
        <isOriginalCosponsor>True</isOriginalCosponsor>
        <sponsorshipWithdrawnDate />
        <district>9</district>
        <fullName>Rep. Green, Al [D-TX-9]</fullName>
        <middleName />
      </item>
      <item>
        <lastName>Connolly</lastName>
        <state>VA</state>
        <bioguideId>C001078</bioguideId>
        <firstName>Gerald</firstName>
        <identifiers>
          <lisID>1959</lisID>
          <gpoId>8202</gpoId>
          <bioguideId>C001078</bioguideId>
        </identifiers>
        <sponsorshipDate>2015-04-14</sponsorshipDate>
        <party>D</party>
        <isOriginalCosponsor>True</isOriginalCosponsor>
        <sponsorshipWithdrawnDate />
        <district>11</district>
        <fullName>Rep. Connolly, Gerald E. [D-VA-11]</fullName>
        <middleName>E.</middleName>
      </item>
      <item>
        <lastName>Meng</lastName>
        <state>NY</state>
        <bioguideId>M001188</bioguideId>
        <firstName>Grace</firstName>
        <identifiers>
          <lisID>2148</lisID>
          <gpoId />
          <bioguideId>M001188</bioguideId>
        </identifiers>
        <sponsorshipDate>2015-04-14</sponsorshipDate>
        <party>D</party>
        <isOriginalCosponsor>True</isOriginalCosponsor>
        <sponsorshipWithdrawnDate />
        <district>6</district>
        <fullName>Rep. Meng, Grace [D-NY-6]</fullName>
        <middleName />
      </item>
      <item>
        <lastName>Higgins</lastName>
        <state>NY</state>
        <bioguideId>H001038</bioguideId>
        <firstName>Brian</firstName>
        <identifiers>
          <lisID>1794</lisID>
          <gpoId>8088</gpoId>
          <bioguideId>H001038</bioguideId>
        </identifiers>
        <sponsorshipDate>2015-04-14</sponsorshipDate>
        <party>D</party>
        <isOriginalCosponsor>True</isOriginalCosponsor>
        <sponsorshipWithdrawnDate />
        <district>26</district>
        <fullName>Rep. Higgins, Brian [D-NY-26]</fullName>
        <middleName />
      </item>
      <item>
        <lastName>Takano</lastName>
        <state>CA</state>
        <bioguideId>T000472</bioguideId>
        <firstName>Mark</firstName>
        <identifiers>
          <lisID>2110</lisID>
          <gpoId />
          <bioguideId>T000472</bioguideId>
        </identifiers>
        <sponsorshipDate>2015-04-14</sponsorshipDate>
        <party>D</party>
        <isOriginalCosponsor>True</isOriginalCosponsor>
        <sponsorshipWithdrawnDate />
        <district>41</district>
        <fullName>Rep. Takano, Mark [D-CA-41]</fullName>
        <middleName />
      </item>
      <item>
        <lastName>ISRAEL</lastName>
        <state>NY</state>
        <bioguideId>I000057</bioguideId>
        <firstName>STEVE</firstName>
        <identifiers>
          <bioguideId>I000057</bioguideId>
          <gpoId>8063</gpoId>
          <lisID>1663</lisID>
        </identifiers>
        <sponsorshipDate>2015-04-14</sponsorshipDate>
        <party>D</party>
        <isOriginalCosponsor>True</isOriginalCosponsor>
        <sponsorshipWithdrawnDate />
        <district>3</district>
        <fullName>Rep. Israel, Steve [D-NY-3]</fullName>
        <middleName />
      </item>
      <item>
        <lastName>SERRANO</lastName>
        <state>NY</state>
        <bioguideId>S000248</bioguideId>
        <firstName>JOSE</firstName>
        <identifiers>
          <gpoId>8077</gpoId>
          <bioguideId>S000248</bioguideId>
          <lisID>1042</lisID>
        </identifiers>
        <sponsorshipDate>2015-04-14</sponsorshipDate>
        <party>D</party>
        <isOriginalCosponsor>True</isOriginalCosponsor>
        <sponsorshipWithdrawnDate />
        <district>15</district>
        <fullName>Rep. Serrano, Jose E. [D-NY-15]</fullName>
        <middleName>E.</middleName>
      </item>
      <item>
        <lastName>Carson</lastName>
        <state>IN</state>
        <bioguideId>C001072</bioguideId>
        <firstName>Andre</firstName>
        <identifiers>
          <gpoId>7946</gpoId>
          <bioguideId>C001072</bioguideId>
          <lisID>1889</lisID>
        </identifiers>
        <sponsorshipDate>2015-04-14</sponsorshipDate>
        <party>D</party>
        <isOriginalCosponsor>True</isOriginalCosponsor>
        <sponsorshipWithdrawnDate />
        <district>7</district>
        <fullName>Rep. Carson, Andre [D-IN-7]</fullName>
        <middleName />
      </item>
      <item>
        <lastName>Gabbard</lastName>
        <state>HI</state>
        <bioguideId>G000571</bioguideId>
        <firstName>Tulsi</firstName>
        <identifiers>
          <lisID>2122</lisID>
          <gpoId />
          <bioguideId>G000571</bioguideId>
        </identifiers>
        <sponsorshipDate>2015-04-14</sponsorshipDate>
        <party>D</party>
        <isOriginalCosponsor>True</isOriginalCosponsor>
        <sponsorshipWithdrawnDate />
        <district>2</district>
        <fullName>Rep. Gabbard, Tulsi [D-HI-2]</fullName>
        <middleName />
      </item>
      <item>
        <lastName>Costa</lastName>
        <state>CA</state>
        <bioguideId>C001059</bioguideId>
        <firstName>Jim</firstName>
        <identifiers>
          <bioguideId>C001059</bioguideId>
          <lisID>1774</lisID>
          <gpoId>7825</gpoId>
        </identifiers>
        <sponsorshipDate>2015-04-14</sponsorshipDate>
        <party>D</party>
        <isOriginalCosponsor>True</isOriginalCosponsor>
        <sponsorshipWithdrawnDate />
        <district>16</district>
        <fullName>Rep. Costa, Jim [D-CA-16]</fullName>
        <middleName />
      </item>
      <item>
        <lastName>LOWEY</lastName>
        <state>NY</state>
        <bioguideId>L000480</bioguideId>
        <firstName>NITA</firstName>
        <identifiers>
          <lisID>709</lisID>
          <gpoId>8079</gpoId>
          <bioguideId>L000480</bioguideId>
        </identifiers>
        <sponsorshipDate>2015-04-14</sponsorshipDate>
        <party>D</party>
        <isOriginalCosponsor>True</isOriginalCosponsor>
        <sponsorshipWithdrawnDate />
        <district>17</district>
        <fullName>Rep. Lowey, Nita M. [D-NY-17]</fullName>
        <middleName>M.</middleName>
      </item>
      <item>
        <lastName>Polis</lastName>
        <state>CO</state>
        <bioguideId>P000598</bioguideId>
        <firstName>Jared</firstName>
        <identifiers>
          <bioguideId>P000598</bioguideId>
          <lisID>1910</lisID>
          <gpoId>7860</gpoId>
        </identifiers>
        <sponsorshipDate>2015-04-14</sponsorshipDate>
        <party>D</party>
        <isOriginalCosponsor>True</isOriginalCosponsor>
        <sponsorshipWithdrawnDate />
        <district>2</district>
        <fullName>Rep. Polis, Jared [D-CO-2]</fullName>
        <middleName />
      </item>
      <item>
        <lastName>Lynch</lastName>
        <state>MA</state>
        <bioguideId>L000562</bioguideId>
        <firstName>Stephen</firstName>
        <identifiers>
          <lisID>1686</lisID>
          <gpoId>7974</gpoId>
          <bioguideId>L000562</bioguideId>
        </identifiers>
        <sponsorshipDate>2015-04-14</sponsorshipDate>
        <party>D</party>
        <isOriginalCosponsor>True</isOriginalCosponsor>
        <sponsorshipWithdrawnDate />
        <district>8</district>
        <fullName>Rep. Lynch, Stephen F. [D-MA-8]</fullName>
        <middleName>F.</middleName>
      </item>
      <item>
        <lastName>DEGETTE</lastName>
        <state>CO</state>
        <bioguideId>D000197</bioguideId>
        <firstName>DIANA</firstName>
        <identifiers>
          <bioguideId>D000197</bioguideId>
          <gpoId>7859</gpoId>
          <lisID>1479</lisID>
        </identifiers>
        <sponsorshipDate>2015-04-14</sponsorshipDate>
        <party>D</party>
        <isOriginalCosponsor>True</isOriginalCosponsor>
        <sponsorshipWithdrawnDate />
        <district>1</district>
        <fullName>Rep. DeGette, Diana [D-CO-1]</fullName>
        <middleName />
      </item>
      <item>
        <lastName>Quigley</lastName>
        <state>IL</state>
        <bioguideId>Q000023</bioguideId>
        <firstName>Mike</firstName>
        <identifiers>
          <lisID>1967</lisID>
          <gpoId>7925</gpoId>
          <bioguideId>Q000023</bioguideId>
        </identifiers>
        <sponsorshipDate>2015-04-14</sponsorshipDate>
        <party>D</party>
        <isOriginalCosponsor>True</isOriginalCosponsor>
        <sponsorshipWithdrawnDate />
        <district>5</district>
        <fullName>Rep. Quigley, Mike [D-IL-5]</fullName>
        <middleName />
      </item>
      <item>
        <lastName>Castro</lastName>
        <state>TX</state>
        <bioguideId>C001091</bioguideId>
        <firstName>Joaquin</firstName>
        <identifiers>
          <lisID>2163</lisID>
          <gpoId />
          <bioguideId>C001091</bioguideId>
        </identifiers>
        <sponsorshipDate>2015-04-14</sponsorshipDate>
        <party>D</party>
        <isOriginalCosponsor>True</isOriginalCosponsor>
        <sponsorshipWithdrawnDate />
        <district>20</district>
        <fullName>Rep. Castro, Joaquin [D-TX-20]</fullName>
        <middleName />
      </item>
      <item>
        <lastName>Titus</lastName>
        <state>NV</state>
        <bioguideId>T000468</bioguideId>
        <firstName>Dina</firstName>
        <identifiers>
          <gpoId>7493</gpoId>
          <bioguideId>T000468</bioguideId>
          <lisID>1940</lisID>
        </identifiers>
        <sponsorshipDate>2015-04-14</sponsorshipDate>
        <party>D</party>
        <isOriginalCosponsor>True</isOriginalCosponsor>
        <sponsorshipWithdrawnDate />
        <district>1</district>
        <fullName>Rep. Titus, Dina [D-NV-1]</fullName>
        <middleName />
      </item>
      <item>
        <lastName>Brownley</lastName>
        <state>CA</state>
        <bioguideId>B001285</bioguideId>
        <firstName>Julia</firstName>
        <identifiers>
          <gpoId />
          <bioguideId>B001285</bioguideId>
          <lisID>2106</lisID>
        </identifiers>
        <sponsorshipDate>2015-04-14</sponsorshipDate>
        <party>D</party>
        <isOriginalCosponsor>True</isOriginalCosponsor>
        <sponsorshipWithdrawnDate />
        <district>26</district>
        <fullName>Rep. Brownley, Julia [D-CA-26]</fullName>
        <middleName />
      </item>
      <item>
        <lastName>Maloney</lastName>
        <state>NY</state>
        <bioguideId>M001185</bioguideId>
        <firstName>Sean</firstName>
        <identifiers>
          <lisID>2150</lisID>
          <gpoId />
          <bioguideId>M001185</bioguideId>
        </identifiers>
        <sponsorshipDate>2015-04-14</sponsorshipDate>
        <party>D</party>
        <isOriginalCosponsor>True</isOriginalCosponsor>
        <sponsorshipWithdrawnDate />
        <district>18</district>
        <fullName>Rep. Maloney, Sean Patrick [D-NY-18]</fullName>
        <middleName>Patrick</middleName>
      </item>
      <item>
        <lastName>HONDA</lastName>
        <state>CA</state>
        <bioguideId>H001034</bioguideId>
        <firstName>MICHAEL</firstName>
        <identifiers>
          <lisID>1634</lisID>
          <gpoId>7820</gpoId>
          <bioguideId>H001034</bioguideId>
        </identifiers>
        <sponsorshipDate>2015-04-14</sponsorshipDate>
        <party>D</party>
        <isOriginalCosponsor>True</isOriginalCosponsor>
        <sponsorshipWithdrawnDate />
        <district>17</district>
        <fullName>Rep. Honda, Michael M. [D-CA-17]</fullName>
        <middleName>M.</middleName>
      </item>
      <item>
        <lastName>FARR</lastName>
        <state>CA</state>
        <bioguideId>F000030</bioguideId>
        <firstName>SAM</firstName>
        <identifiers>
          <lisID>368</lisID>
          <gpoId>7822</gpoId>
          <bioguideId>F000030</bioguideId>
        </identifiers>
        <sponsorshipDate>2015-04-14</sponsorshipDate>
        <party>D</party>
        <isOriginalCosponsor>True</isOriginalCosponsor>
        <sponsorshipWithdrawnDate />
        <district>20</district>
        <fullName>Rep. Farr, Sam [D-CA-20]</fullName>
        <middleName />
      </item>
      <item>
        <lastName>Kilmer</lastName>
        <state>WA</state>
        <bioguideId>K000381</bioguideId>
        <firstName>Derek</firstName>
        <identifiers>
          <bioguideId>K000381</bioguideId>
          <lisID>2169</lisID>
          <gpoId />
        </identifiers>
        <sponsorshipDate>2015-04-14</sponsorshipDate>
        <party>D</party>
        <isOriginalCosponsor>True</isOriginalCosponsor>
        <sponsorshipWithdrawnDate />
        <district>6</district>
        <fullName>Rep. Kilmer, Derek [D-WA-6]</fullName>
        <middleName />
      </item>
      <item>
        <lastName>LOFGREN</lastName>
        <state>CA</state>
        <bioguideId>L000397</bioguideId>
        <firstName>ZOE</firstName>
        <identifiers>
          <lisID>701</lisID>
          <gpoId>7821</gpoId>
          <bioguideId>L000397</bioguideId>
        </identifiers>
        <sponsorshipDate>2015-04-14</sponsorshipDate>
        <party>D</party>
        <isOriginalCosponsor>True</isOriginalCosponsor>
        <sponsorshipWithdrawnDate />
        <district>19</district>
        <fullName>Rep. Lofgren, Zoe [D-CA-19]</fullName>
        <middleName />
      </item>
      <item>
        <lastName>PRICE</lastName>
        <state>NC</state>
        <bioguideId>P000523</bioguideId>
        <firstName>DAVID</firstName>
        <identifiers>
          <bioguideId>P000523</bioguideId>
          <gpoId>8027</gpoId>
          <lisID>930</lisID>
        </identifiers>
        <sponsorshipDate>2015-04-30</sponsorshipDate>
        <party>D</party>
        <isOriginalCosponsor>False</isOriginalCosponsor>
        <sponsorshipWithdrawnDate />
        <district>4</district>
        <fullName>Rep. Price, David E. [D-NC-4]</fullName>
        <middleName>E.</middleName>
      </item>
      <item>
        <lastName>ROYBAL-ALLARD</lastName>
        <state>CA</state>
        <bioguideId>R000486</bioguideId>
        <firstName>LUCILLE</firstName>
        <identifiers>
          <gpoId>7839</gpoId>
          <bioguideId>R000486</bioguideId>
          <lisID>997</lisID>
        </identifiers>
        <sponsorshipDate>2015-04-30</sponsorshipDate>
        <party>D</party>
        <isOriginalCosponsor>False</isOriginalCosponsor>
        <sponsorshipWithdrawnDate />
        <district>40</district>
        <fullName>Rep. Roybal-Allard, Lucille [D-CA-40]</fullName>
        <middleName />
      </item>
      <item>
        <lastName>Loebsack</lastName>
        <state>IA</state>
        <bioguideId>L000565</bioguideId>
        <firstName>David</firstName>
        <identifiers>
          <bioguideId>L000565</bioguideId>
          <lisID>1846</lisID>
          <gpoId>7915</gpoId>
        </identifiers>
        <sponsorshipDate>2015-04-30</sponsorshipDate>
        <party>D</party>
        <isOriginalCosponsor>False</isOriginalCosponsor>
        <sponsorshipWithdrawnDate />
        <district>2</district>
        <fullName>Rep. Loebsack, David [D-IA-2]</fullName>
        <middleName />
      </item>
    </cosponsors>
    <constitutionalAuthorityStatementText />
    <cboCostEstimates />
    <updateDate>2017-01-11T14:28:52Z</updateDate>
    <laws />
    <summaries>
      <billSummaries>
        <item>
          <actionDesc>Introduced in House</actionDesc>
          <text><![CDATA[<p>Recognizes the significance of Equal Pay Day to illustrate the disparity between wages paid to men and women, and its impact on women, families, and the nation. <BR> <BR> </p>]]></text>
          <versionCode>00</versionCode>
          <lastSummaryUpdateDate>2015-04-16T14:07:12Z</lastSummaryUpdateDate>
          <updateDate>2015-04-14T04:00:00Z</updateDate>
          <actionDate>2015-04-14</actionDate>
          <name>Introduced in House</name>
        </item>
      </billSummaries>
    </summaries>
    <latestAction>
      <links />
      <actionDate>2015-04-14</actionDate>
      <text>Referred to the House Committee on Oversight and Government Reform.</text>
    </latestAction>
    <originChamber>House</originChamber>
    <introducedDate>2015-04-14</introducedDate>
    <billNumber>35</billNumber>
    <amendments />
    <billType>HCONRES</billType>
    <committees>
      <billCommittees>
        <item>
          <systemCode>hsgo00</systemCode>
          <name>Oversight and Government Reform Committee</name>
          <subcommittees />
          <chamber>House</chamber>
          <activities>
            <item>
              <name>Referred to</name>
              <date>2015-04-14T14:02:15Z</date>
            </item>
          </activities>
          <type>Standing</type>
        </item>
      </billCommittees>
    </committees>
    <calendarNumbers />
    <congress>114</congress>
    <committeeReports />
    <recordedVotes />
    <sponsors>
      <item>
        <lastName>Frankel</lastName>
        <state>FL</state>
        <byRequestType />
        <firstName>Lois</firstName>
        <bioguideId>F000462</bioguideId>
        <fullName>Rep. Frankel, Lois [D-FL-22]</fullName>
        <identifiers>
          <lisID>2119</lisID>
          <gpoId />
          <bioguideId>F000462</bioguideId>
        </identifiers>
        <middleName />
        <district>22</district>
        <party>D</party>
      </item>
    </sponsors>
    <titles>
      <item>
        <chamberCode />
        <title>Recognizing the significance of Equal Pay Day to illustrate the disparity between wages paid to men and women.</title>
        <parentTitleType />
        <titleType>Official Title as Introduced</titleType>
        <chamberName />
      </item>
      <item>
        <chamberCode />
        <title>Recognizing the significance of Equal Pay Day to illustrate the disparity between wages paid to men and women.</title>
        <parentTitleType />
        <titleType>Display Title</titleType>
        <chamberName />
      </item>
    </titles>
  </bill>
  <dublinCore xmlns:dc="http://purl.org/dc/elements/1.1/">
    <dc:format>text/xml</dc:format>
    <dc:language>EN</dc:language>
    <dc:rights>Pursuant to Title 17 Section 105 of the United States Code, this file is not subject to copyright protection and is in the public domain.</dc:rights>
    <dc:contributor>Congressional Research Service, Library of Congress</dc:contributor>
    <dc:description>This file contains bill summaries and statuses for federal legislation. A bill summary describes the most significant provisions of a piece of legislation and details the effects the legislative text may have on current law and federal programs. Bill summaries are authored by the Congressional Research Service (CRS) of the Library of Congress. As stated in Public Law 91-510 (2 USC 166 (d)(6)), one of the duties of CRS is "to prepare summaries and digests of bills and resolutions of a public general nature introduced in the Senate or House of Representatives". For more information, refer to the User Guide that accompanies this file.</dc:description>
  </dublinCore>
</billStatus>

