<?xml version="1.0" encoding="UTF-8"?>
<billStatus>
  <bill>
    <committees>
      <billCommittees>
        <item>
          <name>Veterans' Affairs Committee</name>
          <activities>
            <item>
              <name>Referred to</name>
              <date>2015-05-22T18:30:27Z</date>
            </item>
          </activities>
          <subcommittees />
          <chamber>House</chamber>
          <type>Standing</type>
          <systemCode>hsvr00</systemCode>
        </item>
      </billCommittees>
    </committees>
    <calendarNumbers />
    <sponsors>
      <item>
        <identifiers>
          <lisID>2119</lisID>
          <gpoId />
          <bioguideId>F000462</bioguideId>
        </identifiers>
        <district>22</district>
        <fullName>Rep. Frankel, Lois [D-FL-22]</fullName>
        <lastName>Frankel</lastName>
        <middleName />
        <bioguideId>F000462</bioguideId>
        <party>D</party>
        <firstName>Lois</firstName>
        <state>FL</state>
        <byRequestType />
      </item>
    </sponsors>
    <billType>HCONRES</billType>
    <summaries>
      <billSummaries>
        <item>
          <text><![CDATA[<p>Honors American veterans disabled for life. Expresses appreciation to the men and women left permanently wounded, ill, or injured as a result of service in the Armed Forces.</p>]]></text>
          <lastSummaryUpdateDate>2015-07-27T17:56:17Z</lastSummaryUpdateDate>
          <actionDesc>Introduced in House</actionDesc>
          <versionCode>00</versionCode>
          <updateDate>2015-05-22T04:00:00Z</updateDate>
          <name>Introduced in House</name>
          <actionDate>2015-05-22</actionDate>
        </item>
      </billSummaries>
    </summaries>
    <titles>
      <item>
        <chamberCode />
        <chamberName />
        <parentTitleType />
        <titleType>Official Title as Introduced</titleType>
        <title>Honoring American veterans disabled for life.</title>
      </item>
      <item>
        <chamberCode />
        <chamberName />
        <parentTitleType />
        <titleType>Display Title</titleType>
        <title>Honoring American veterans disabled for life.</title>
      </item>
    </titles>
    <billNumber>52</billNumber>
    <constitutionalAuthorityStatementText />
    <cboCostEstimates />
    <title>Honoring American veterans disabled for life.</title>
    <amendments />
    <actions>
      <actionByCounts>
        <houseOfRepresentatives>3</houseOfRepresentatives>
      </actionByCounts>
      <item>
        <text>Referred to the House Committee on Veterans' Affairs.</text>
        <actionCode>H11100</actionCode>
        <sourceSystem>
          <code>2</code>
          <name>House floor actions</name>
        </sourceSystem>
        <committee>
          <name>Veterans' Affairs Committee</name>
          <systemCode>hsvr00</systemCode>
        </committee>
        <type>IntroReferral</type>
        <actionDate>2015-05-22</actionDate>
        <links />
      </item>
      <item>
        <text>Introduced in House</text>
        <actionCode>Intro-H</actionCode>
        <sourceSystem>
          <code>9</code>
          <name>Library of Congress</name>
        </sourceSystem>
        <committee />
        <type>IntroReferral</type>
        <actionDate>2015-05-22</actionDate>
        <links />
      </item>
      <item>
        <text>Introduced in House</text>
        <actionCode>1000</actionCode>
        <sourceSystem>
          <code>9</code>
          <name>Library of Congress</name>
        </sourceSystem>
        <committee />
        <type>IntroReferral</type>
        <actionDate>2015-05-22</actionDate>
        <links />
      </item>
      <actionTypeCounts>
        <introducedInTheHouse>1</introducedInTheHouse>
        <billReferrals>1</billReferrals>
        <introducedInHouse>1</introducedInHouse>
      </actionTypeCounts>
    </actions>
    <notes />
    <updateDate>2017-01-11T14:28:57Z</updateDate>
    <createDate>2015-05-23T08:46:00Z</createDate>
    <recordedVotes />
    <introducedDate>2015-05-22</introducedDate>
    <congress>114</congress>
    <committeeReports />
    <laws />
    <cosponsors />
    <originChamber>House</originChamber>
    <latestAction>
      <links />
      <text>Referred to the House Committee on Veterans' Affairs.</text>
      <actionDate>2015-05-22</actionDate>
    </latestAction>
    <policyArea>
      <name>Armed Forces and National Security</name>
    </policyArea>
    <relatedBills>
      <item>
        <congress>114</congress>
        <type>HCONRES</type>
        <latestAction>
          <text>Referred to the House Committee on Veterans' Affairs.</text>
          <actionDate>2015-05-26</actionDate>
        </latestAction>
        <latestTitle>Honoring American veterans disabled for life.</latestTitle>
        <number>53</number>
        <relationshipDetails>
          <item>
            <type>Identical bill</type>
            <identifiedBy>CRS</identifiedBy>
          </item>
        </relationshipDetails>
      </item>
    </relatedBills>
    <subjects>
      <billSubjects>
        <policyArea>
          <name>Armed Forces and National Security</name>
        </policyArea>
        <legislativeSubjects>
          <item>
            <name>Congressional tributes</name>
          </item>
          <item>
            <name>Disability and paralysis</name>
          </item>
          <item>
            <name>Veterans' organizations and recognition</name>
          </item>
        </legislativeSubjects>
      </billSubjects>
    </subjects>
  </bill>
  <dublinCore xmlns:dc="http://purl.org/dc/elements/1.1/">
    <dc:format>text/xml</dc:format>
    <dc:language>EN</dc:language>
    <dc:rights>Pursuant to Title 17 Section 105 of the United States Code, this file is not subject to copyright protection and is in the public domain.</dc:rights>
    <dc:contributor>Congressional Research Service, Library of Congress</dc:contributor>
    <dc:description>This file contains bill summaries and statuses for federal legislation. A bill summary describes the most significant provisions of a piece of legislation and details the effects the legislative text may have on current law and federal programs. Bill summaries are authored by the Congressional Research Service (CRS) of the Library of Congress. As stated in Public Law 91-510 (2 USC 166 (d)(6)), one of the duties of CRS is "to prepare summaries and digests of bills and resolutions of a public general nature introduced in the Senate or House of Representatives". For more information, refer to the User Guide that accompanies this file.</dc:description>
  </dublinCore>
</billStatus>

