<?xml version="1.0" encoding="UTF-8"?>
<billStatus>
  <bill>
    <congress>114</congress>
    <billNumber>182</billNumber>
    <cosponsors>
      <item>
        <fullName>Rep. McKinley, David B. [R-WV-1]</fullName>
        <party>R</party>
        <isOriginalCosponsor>True</isOriginalCosponsor>
        <district>1</district>
        <identifiers>
          <lisID>2074</lisID>
          <gpoId>8222</gpoId>
          <bioguideId>M001180</bioguideId>
        </identifiers>
        <sponsorshipWithdrawnDate />
        <bioguideId>M001180</bioguideId>
        <sponsorshipDate>2016-12-07</sponsorshipDate>
        <firstName>David</firstName>
        <middleName>B.</middleName>
        <state>WV</state>
        <lastName>McKinley</lastName>
      </item>
      <item>
        <fullName>Rep. Mooney, Alexander X. [R-WV-2]</fullName>
        <party>R</party>
        <isOriginalCosponsor>True</isOriginalCosponsor>
        <district>2</district>
        <identifiers>
          <lisID>2277</lisID>
          <gpoId />
          <bioguideId>M001195</bioguideId>
        </identifiers>
        <sponsorshipWithdrawnDate />
        <bioguideId>M001195</bioguideId>
        <sponsorshipDate>2016-12-07</sponsorshipDate>
        <firstName>Alexander</firstName>
        <middleName>X.</middleName>
        <state>WV</state>
        <lastName>Mooney</lastName>
      </item>
    </cosponsors>
    <subjects>
      <billSubjects>
        <legislativeSubjects />
        <policyArea>
          <name>Armed Forces and National Security</name>
        </policyArea>
      </billSubjects>
    </subjects>
    <relatedBills />
    <constitutionalAuthorityStatementText />
    <updateDate>2017-01-11T14:29:34Z</updateDate>
    <actions>
      <actionByCounts>
        <houseOfRepresentatives>3</houseOfRepresentatives>
      </actionByCounts>
      <actionTypeCounts>
        <introducedInTheHouse>1</introducedInTheHouse>
        <introducedInHouse>1</introducedInHouse>
        <billReferrals>1</billReferrals>
      </actionTypeCounts>
      <item>
        <type>IntroReferral</type>
        <text>Referred to the House Committee on Armed Services.</text>
        <actionCode>H11100</actionCode>
        <sourceSystem>
          <name>House floor actions</name>
          <code>2</code>
        </sourceSystem>
        <links />
        <committee>
          <systemCode>hsas00</systemCode>
          <name>Armed Services Committee</name>
        </committee>
        <actionDate>2016-12-07</actionDate>
      </item>
      <item>
        <type>IntroReferral</type>
        <text>Introduced in House</text>
        <actionCode>Intro-H</actionCode>
        <sourceSystem>
          <name>Library of Congress</name>
          <code>9</code>
        </sourceSystem>
        <links />
        <committee />
        <actionDate>2016-12-07</actionDate>
      </item>
      <item>
        <type>IntroReferral</type>
        <text>Introduced in House</text>
        <actionCode>1000</actionCode>
        <sourceSystem>
          <name>Library of Congress</name>
          <code>9</code>
        </sourceSystem>
        <links />
        <committee />
        <actionDate>2016-12-07</actionDate>
      </item>
    </actions>
    <summaries>
      <billSummaries />
    </summaries>
    <billType>HCONRES</billType>
    <committeeReports />
    <originChamber>House</originChamber>
    <notes />
    <policyArea>
      <name>Armed Forces and National Security</name>
    </policyArea>
    <title>Commemorating the 75th anniversary of the attack on Pearl Harbor on December 7, 1941, and the sinking of the U.S.S. West Virginia during that attack.</title>
    <createDate>2016-12-08T05:07:51Z</createDate>
    <sponsors>
      <item>
        <lastName>Jenkins</lastName>
        <identifiers>
          <gpoId />
          <bioguideId>J000297</bioguideId>
          <lisID>2278</lisID>
        </identifiers>
        <byRequestType />
        <middleName>H.</middleName>
        <state>WV</state>
        <firstName>Evan</firstName>
        <party>R</party>
        <fullName>Rep. Jenkins, Evan H. [R-WV-3]</fullName>
        <district>3</district>
        <bioguideId>J000297</bioguideId>
      </item>
    </sponsors>
    <committees>
      <billCommittees>
        <item>
          <systemCode>hsas00</systemCode>
          <name>Armed Services Committee</name>
          <subcommittees />
          <chamber>House</chamber>
          <activities>
            <item>
              <name>Referred to</name>
              <date>2016-12-07T15:04:10Z</date>
            </item>
          </activities>
          <type>Standing</type>
        </item>
      </billCommittees>
    </committees>
    <titles>
      <item>
        <parentTitleType />
        <chamberCode />
        <chamberName />
        <titleType>Official Title as Introduced</titleType>
        <title>Commemorating the 75th anniversary of the attack on Pearl Harbor on December 7, 1941, and the sinking of the U.S.S. West Virginia during that attack.</title>
      </item>
      <item>
        <parentTitleType />
        <chamberCode />
        <chamberName />
        <titleType>Display Title</titleType>
        <title>Commemorating the 75th anniversary of the attack on Pearl Harbor on December 7, 1941, and the sinking of the U.S.S. West Virginia during that attack.</title>
      </item>
    </titles>
    <recordedVotes />
    <cboCostEstimates />
    <laws />
    <latestAction>
      <links />
      <text>Referred to the House Committee on Armed Services.</text>
      <actionDate>2016-12-07</actionDate>
    </latestAction>
    <calendarNumbers />
    <introducedDate>2016-12-07</introducedDate>
    <amendments />
  </bill>
  <dublinCore xmlns:dc="http://purl.org/dc/elements/1.1/">
    <dc:format>text/xml</dc:format>
    <dc:language>EN</dc:language>
    <dc:rights>Pursuant to Title 17 Section 105 of the United States Code, this file is not subject to copyright protection and is in the public domain.</dc:rights>
    <dc:contributor>Congressional Research Service, Library of Congress</dc:contributor>
    <dc:description>This file contains bill summaries and statuses for federal legislation. A bill summary describes the most significant provisions of a piece of legislation and details the effects the legislative text may have on current law and federal programs. Bill summaries are authored by the Congressional Research Service (CRS) of the Library of Congress. As stated in Public Law 91-510 (2 USC 166 (d)(6)), one of the duties of CRS is "to prepare summaries and digests of bills and resolutions of a public general nature introduced in the Senate or House of Representatives". For more information, refer to the User Guide that accompanies this file.</dc:description>
  </dublinCore>
</billStatus>

