<?xml version="1.0" encoding="UTF-8"?>
<billStatus>
  <bill>
    <committees>
      <billCommittees>
        <item>
          <chamber>House</chamber>
          <systemCode>hsha00</systemCode>
          <type>Standing</type>
          <name>House Administration Committee</name>
          <activities>
            <item>
              <name>Discharged from</name>
              <date>2015-06-01T23:44:02Z</date>
            </item>
            <item>
              <name>Referred to</name>
              <date>2015-05-20T14:02:30Z</date>
            </item>
          </activities>
          <subcommittees />
        </item>
      </billCommittees>
    </committees>
    <calendarNumbers />
    <sponsors>
      <item>
        <identifiers>
          <lisID>1685</lisID>
          <gpoId>7873</gpoId>
          <bioguideId>M001144</bioguideId>
        </identifiers>
        <district>1</district>
        <fullName>Rep. Miller, Jeff [R-FL-1]</fullName>
        <lastName>Miller</lastName>
        <middleName />
        <bioguideId>M001144</bioguideId>
        <party>R</party>
        <firstName>Jeff</firstName>
        <state>FL</state>
        <byRequestType />
      </item>
    </sponsors>
    <billType>HCONRES</billType>
    <summaries>
      <billSummaries>
        <item>
          <text><![CDATA[<p>Authorizes the use of Emancipation Hall in the Capitol Visitor Center on July 8, 2015, for a ceremony to commemorate the 50th anniversary of the Vietnam War.</p>]]></text>
          <lastSummaryUpdateDate>2015-05-23T14:59:28Z</lastSummaryUpdateDate>
          <actionDesc>Introduced in House</actionDesc>
          <versionCode>00</versionCode>
          <updateDate>2015-05-20T04:00:00Z</updateDate>
          <name>Introduced in House</name>
          <actionDate>2015-05-20</actionDate>
        </item>
        <item>
          <text><![CDATA[<p>(This measure has not been amended since it was introduced. The summary of that version is repeated here.)</p> <p>Authorizes the use of Emancipation Hall in the Capitol Visitor Center on July 8, 2015, for a ceremony to commemorate the 50th anniversary of the Vietnam War.</p>]]></text>
          <lastSummaryUpdateDate>2015-06-05T18:51:09Z</lastSummaryUpdateDate>
          <actionDesc>Passed House without amendment</actionDesc>
          <versionCode>81</versionCode>
          <updateDate>2015-06-01T14:44:10Z</updateDate>
          <name>Passed House without amendment</name>
          <actionDate>2015-06-01</actionDate>
        </item>
        <item>
          <text><![CDATA[<p>(This measure has not been amended since it was introduced. The summary of that version is repeated here.)</p> <p>Authorizes the use of Emancipation Hall in the Capitol Visitor Center on July 8, 2015, for a ceremony to commemorate the 50th anniversary of the Vietnam War.</p>]]></text>
          <lastSummaryUpdateDate>2015-06-05T18:53:48Z</lastSummaryUpdateDate>
          <actionDesc>Passed Senate without amendment</actionDesc>
          <versionCode>82</versionCode>
          <updateDate>2015-06-03T13:39:50Z</updateDate>
          <name>Passed Senate without amendment</name>
          <actionDate>2015-06-03</actionDate>
        </item>
      </billSummaries>
    </summaries>
    <titles>
      <item>
        <chamberName />
        <title>Authorizing the use of Emancipation Hall in the Capitol Visitor Center for a ceremony to commemorate the 50th anniversary of the Vietnam War.</title>
        <titleType>Official Title as Introduced</titleType>
        <parentTitleType />
        <chamberCode />
      </item>
      <item>
        <chamberName />
        <title>Authorizing the use of Emancipation Hall in the Capitol Visitor Center for a ceremony to commemorate the 50th anniversary of the Vietnam War.</title>
        <titleType>Display Title</titleType>
        <parentTitleType />
        <chamberCode />
      </item>
    </titles>
    <billNumber>48</billNumber>
    <constitutionalAuthorityStatementText />
    <cboCostEstimates />
    <title>Authorizing the use of Emancipation Hall in the Capitol Visitor Center for a ceremony to commemorate the 50th anniversary of the Vietnam War.</title>
    <amendments />
    <actions>
      <actionByCounts>
        <senate>4</senate>
        <houseOfRepresentatives>10</houseOfRepresentatives>
      </actionByCounts>
      <item>
        <actionDate>2015-06-04</actionDate>
        <committee />
        <links />
        <sourceSystem>
          <code>0</code>
          <name>Senate</name>
        </sourceSystem>
        <text>Message on Senate action sent to the House.</text>
        <type>Floor</type>
      </item>
      <item>
        <actionDate>2015-06-03</actionDate>
        <committee />
        <links>
          <link>
            <url>https://www.congress.gov/congressional-record/volume-161/senate-section/page/S3728</url>
            <name>S3728</name>
          </link>
        </links>
        <sourceSystem>
          <code>0</code>
          <name>Senate</name>
        </sourceSystem>
        <text>Resolution agreed to in Senate without amendment by Unanimous Consent. (consideration: CR S3728)</text>
        <type>Floor</type>
      </item>
      <item>
        <text>Passed/agreed to in Senate: Resolution agreed to in Senate without amendment by Unanimous Consent.(consideration: CR S3728)</text>
        <actionCode>17000</actionCode>
        <sourceSystem>
          <code>9</code>
          <name>Library of Congress</name>
        </sourceSystem>
        <committee />
        <type>Floor</type>
        <actionDate>2015-06-03</actionDate>
        <links>
          <link>
            <url>https://www.congress.gov/congressional-record/volume-161/senate-section/page/S3728</url>
            <name>S3728</name>
          </link>
        </links>
      </item>
      <item>
        <actionDate>2015-06-02</actionDate>
        <committee />
        <links />
        <sourceSystem>
          <code>0</code>
          <name>Senate</name>
        </sourceSystem>
        <text>Received in the Senate.</text>
        <type>IntroReferral</type>
      </item>
      <item>
        <text>Motion to reconsider laid on the table Agreed to without objection.</text>
        <actionCode>H38310</actionCode>
        <sourceSystem>
          <code>2</code>
          <name>House floor actions</name>
        </sourceSystem>
        <committee />
        <links />
        <actionDate>2015-06-01</actionDate>
        <type>Floor</type>
        <actionTime>19:44:22</actionTime>
      </item>
      <item>
        <text>On agreeing to the resolution Agreed to without objection. (text: CR H3624)</text>
        <actionCode>H37100</actionCode>
        <sourceSystem>
          <code>2</code>
          <name>House floor actions</name>
        </sourceSystem>
        <committee />
        <links>
          <link>
            <url>https://www.congress.gov/congressional-record/volume-161/house-section/page/H3624</url>
            <name>H3624</name>
          </link>
        </links>
        <actionDate>2015-06-01</actionDate>
        <type>Floor</type>
        <actionTime>19:44:21</actionTime>
      </item>
      <item>
        <text>Passed/agreed to in House: On agreeing to the resolution Agreed to without objection.(text: CR H3624)</text>
        <actionCode>8000</actionCode>
        <sourceSystem>
          <code>9</code>
          <name>Library of Congress</name>
        </sourceSystem>
        <committee />
        <links>
          <link>
            <url>https://www.congress.gov/congressional-record/volume-161/house-section/page/H3624</url>
            <name>H3624</name>
          </link>
        </links>
        <actionDate>2015-06-01</actionDate>
        <type>Floor</type>
        <actionTime>19:44:21</actionTime>
      </item>
      <item>
        <text>Considered by unanimous consent. (consideration: CR H3624)</text>
        <actionCode>H30000</actionCode>
        <sourceSystem>
          <code>2</code>
          <name>House floor actions</name>
        </sourceSystem>
        <committee />
        <links>
          <link>
            <url>https://www.congress.gov/congressional-record/volume-161/house-section/page/H3624</url>
            <name>H3624</name>
          </link>
        </links>
        <actionDate>2015-06-01</actionDate>
        <type>Floor</type>
        <actionTime>19:44:05</actionTime>
      </item>
      <item>
        <text>Mr. Harper asked unanimous consent to discharge from committee and consider. (consideration: CR H3624)</text>
        <actionCode>H30200</actionCode>
        <sourceSystem>
          <code>2</code>
          <name>House floor actions</name>
        </sourceSystem>
        <committee />
        <links>
          <link>
            <url>https://www.congress.gov/congressional-record/volume-161/house-section/page/H3624</url>
            <name>H3624</name>
          </link>
        </links>
        <actionDate>2015-06-01</actionDate>
        <type>Floor</type>
        <actionTime>19:44:04</actionTime>
      </item>
      <item>
        <text>Committee on House Administration discharged.</text>
        <actionCode>H12300</actionCode>
        <sourceSystem>
          <code>2</code>
          <name>House floor actions</name>
        </sourceSystem>
        <committee>
          <name>House Administration Committee</name>
          <systemCode>hsha00</systemCode>
        </committee>
        <type>Discharge</type>
        <actionDate>2015-06-01</actionDate>
        <links />
      </item>
      <item>
        <text>Committee on House Administration discharged.</text>
        <actionCode>5500</actionCode>
        <sourceSystem>
          <code>9</code>
          <name>Library of Congress</name>
        </sourceSystem>
        <committee>
          <name>House Administration Committee</name>
          <systemCode>hsha00</systemCode>
        </committee>
        <type>Committee</type>
        <actionDate>2015-06-01</actionDate>
        <links />
      </item>
      <item>
        <text>Referred to the House Committee on House Administration.</text>
        <actionCode>H11100</actionCode>
        <sourceSystem>
          <code>2</code>
          <name>House floor actions</name>
        </sourceSystem>
        <committee>
          <name>House Administration Committee</name>
          <systemCode>hsha00</systemCode>
        </committee>
        <type>IntroReferral</type>
        <actionDate>2015-05-20</actionDate>
        <links />
      </item>
      <item>
        <text>Introduced in House</text>
        <actionCode>Intro-H</actionCode>
        <sourceSystem>
          <code>9</code>
          <name>Library of Congress</name>
        </sourceSystem>
        <committee />
        <type>IntroReferral</type>
        <actionDate>2015-05-20</actionDate>
        <links />
      </item>
      <item>
        <text>Introduced in House</text>
        <actionCode>1000</actionCode>
        <sourceSystem>
          <code>9</code>
          <name>Library of Congress</name>
        </sourceSystem>
        <committee />
        <type>IntroReferral</type>
        <actionDate>2015-05-20</actionDate>
        <links />
      </item>
      <actionTypeCounts>
        <passageOfAMeasure>1</passageOfAMeasure>
        <sentToHouse>1</sentToHouse>
        <unanimousConsentRequestToConsider>1</unanimousConsentRequestToConsider>
        <considerationByHouse>1</considerationByHouse>
        <committeeDischarged>1</committeeDischarged>
        <agreedToInSenate>1</agreedToInSenate>
        <passedAgreedToInHouse>1</passedAgreedToInHouse>
        <introducedInHouse>1</introducedInHouse>
        <introducedInSenate>1</introducedInSenate>
        <billReferrals>1</billReferrals>
        <houseCommitteeDischarged>1</houseCommitteeDischarged>
        <passedAgreedToInSenate>1</passedAgreedToInSenate>
        <introducedInTheHouse>1</introducedInTheHouse>
        <motionToReconsiderResults>1</motionToReconsiderResults>
      </actionTypeCounts>
    </actions>
    <notes />
    <updateDate>2017-01-11T14:28:56Z</updateDate>
    <createDate>2015-05-21T09:20:46Z</createDate>
    <recordedVotes />
    <introducedDate>2015-05-20</introducedDate>
    <congress>114</congress>
    <committeeReports />
    <laws />
    <cosponsors>
      <item>
        <bioguideId>B000911</bioguideId>
        <firstName>CORRINE</firstName>
        <party>D</party>
        <lastName>BROWN</lastName>
        <sponsorshipDate>2015-05-20</sponsorshipDate>
        <middleName />
        <state>FL</state>
        <district>5</district>
        <isOriginalCosponsor>True</isOriginalCosponsor>
        <sponsorshipWithdrawnDate />
        <identifiers>
          <bioguideId>B000911</bioguideId>
          <gpoId>7875</gpoId>
          <lisID>132</lisID>
        </identifiers>
        <fullName>Rep. Brown, Corrine [D-FL-5]</fullName>
      </item>
    </cosponsors>
    <originChamber>House</originChamber>
    <latestAction>
      <links />
      <text>Message on Senate action sent to the House.</text>
      <actionDate>2015-06-04</actionDate>
    </latestAction>
    <policyArea>
      <name>Congress</name>
    </policyArea>
    <relatedBills />
    <subjects>
      <billSubjects>
        <legislativeSubjects>
          <item>
            <name>Asia</name>
          </item>
          <item>
            <name>Commemorative events and holidays</name>
          </item>
          <item>
            <name>Conflicts and wars</name>
          </item>
          <item>
            <name>Military history</name>
          </item>
          <item>
            <name>U.S. Capitol</name>
          </item>
          <item>
            <name>Vietnam</name>
          </item>
        </legislativeSubjects>
        <policyArea>
          <name>Congress</name>
        </policyArea>
      </billSubjects>
    </subjects>
  </bill>
  <dublinCore xmlns:dc="http://purl.org/dc/elements/1.1/">
    <dc:format>text/xml</dc:format>
    <dc:language>EN</dc:language>
    <dc:rights>Pursuant to Title 17 Section 105 of the United States Code, this file is not subject to copyright protection and is in the public domain.</dc:rights>
    <dc:contributor>Congressional Research Service, Library of Congress</dc:contributor>
    <dc:description>This file contains bill summaries and statuses for federal legislation. A bill summary describes the most significant provisions of a piece of legislation and details the effects the legislative text may have on current law and federal programs. Bill summaries are authored by the Congressional Research Service (CRS) of the Library of Congress. As stated in Public Law 91-510 (2 USC 166 (d)(6)), one of the duties of CRS is "to prepare summaries and digests of bills and resolutions of a public general nature introduced in the Senate or House of Representatives". For more information, refer to the User Guide that accompanies this file.</dc:description>
  </dublinCore>
</billStatus>

