<?xml version="1.0" encoding="UTF-8"?>
<billStatus>
  <bill>
    <policyArea>
      <name>Congress</name>
    </policyArea>
    <updateDate>2017-01-11T14:29:08Z</updateDate>
    <billType>HCONRES</billType>
    <laws />
    <sponsors>
      <item>
        <fullName>Rep. Foxx, Virginia [R-NC-5]</fullName>
        <identifiers>
          <bioguideId>F000450</bioguideId>
          <gpoId>8028</gpoId>
          <lisID>1791</lisID>
        </identifiers>
        <byRequestType />
        <firstName>Virginia</firstName>
        <bioguideId>F000450</bioguideId>
        <lastName>Foxx</lastName>
        <state>NC</state>
        <district>5</district>
        <party>R</party>
        <middleName />
      </item>
    </sponsors>
    <congress>114</congress>
    <latestAction>
      <actionDate>2015-12-16</actionDate>
      <text>Indefinitely postponed by Senate by Unanimous Consent.</text>
      <links />
    </latestAction>
    <recordedVotes />
    <calendarNumbers />
    <cboCostEstimates />
    <title>Providing for a conditional adjournment of the House of Representatives.</title>
    <actions>
      <actionTypeCounts>
        <introducedInSenate>1</introducedInSenate>
        <motionToReconsiderResults>1</motionToReconsiderResults>
        <indefinitelyPostponed>1</indefinitelyPostponed>
        <introducedInTheHouse>1</introducedInTheHouse>
        <introducedInHouse>1</introducedInHouse>
        <considerationByHouse>1</considerationByHouse>
        <passedAgreedToInHouse>1</passedAgreedToInHouse>
        <passageOfAMeasure>1</passageOfAMeasure>
      </actionTypeCounts>
      <item>
        <actionDate>2015-12-16</actionDate>
        <committee />
        <links />
        <sourceSystem>
          <code>0</code>
          <name>Senate</name>
        </sourceSystem>
        <text>Indefinitely postponed by Senate by Unanimous Consent.</text>
        <type>Floor</type>
      </item>
      <item>
        <actionDate>2015-11-05</actionDate>
        <committee />
        <links />
        <sourceSystem>
          <code>0</code>
          <name>Senate</name>
        </sourceSystem>
        <text>Received in the Senate.</text>
        <type>IntroReferral</type>
      </item>
      <item>
        <text>Motion to reconsider laid on the table Agreed to without objection.</text>
        <committee />
        <type>Floor</type>
        <actionTime>12:13:26</actionTime>
        <actionDate>2015-11-05</actionDate>
        <sourceSystem>
          <code>2</code>
          <name>House floor actions</name>
        </sourceSystem>
        <links />
        <actionCode>H38310</actionCode>
      </item>
      <item>
        <text>On agreeing to the resolution Agreed to without objection. (text: CR H8136-8137)</text>
        <committee />
        <type>Floor</type>
        <actionTime>12:13:23</actionTime>
        <actionDate>2015-11-05</actionDate>
        <sourceSystem>
          <code>2</code>
          <name>House floor actions</name>
        </sourceSystem>
        <links>
          <link>
            <url>https://www.congress.gov/congressional-record/volume-161/house-section/page/H8136-8137</url>
            <name>H8136-8137</name>
          </link>
        </links>
        <actionCode>H37100</actionCode>
      </item>
      <item>
        <text>Passed/agreed to in House: On agreeing to the resolution Agreed to without objection.(text: CR H8136-8137)</text>
        <committee />
        <type>Floor</type>
        <actionTime>12:13:23</actionTime>
        <actionDate>2015-11-05</actionDate>
        <sourceSystem>
          <code>9</code>
          <name>Library of Congress</name>
        </sourceSystem>
        <links>
          <link>
            <url>https://www.congress.gov/congressional-record/volume-161/house-section/page/H8136-8137</url>
            <name>H8136-8137</name>
          </link>
        </links>
        <actionCode>8000</actionCode>
      </item>
      <item>
        <text>Considered as privileged matter. (consideration: CR H8136-8137)</text>
        <committee />
        <type>Floor</type>
        <actionTime>12:11:37</actionTime>
        <actionDate>2015-11-05</actionDate>
        <sourceSystem>
          <code>2</code>
          <name>House floor actions</name>
        </sourceSystem>
        <links>
          <link>
            <url>https://www.congress.gov/congressional-record/volume-161/house-section/page/H8136-8137</url>
            <name>H8136-8137</name>
          </link>
        </links>
        <actionCode>H30000</actionCode>
      </item>
      <item>
        <text>Introduced in House</text>
        <committee />
        <type>IntroReferral</type>
        <actionDate>2015-11-05</actionDate>
        <sourceSystem>
          <code>9</code>
          <name>Library of Congress</name>
        </sourceSystem>
        <links />
        <actionCode>Intro-H</actionCode>
      </item>
      <item>
        <text>Introduced in House</text>
        <committee />
        <type>IntroReferral</type>
        <actionDate>2015-11-05</actionDate>
        <sourceSystem>
          <code>9</code>
          <name>Library of Congress</name>
        </sourceSystem>
        <links />
        <actionCode>1000</actionCode>
      </item>
      <actionByCounts>
        <houseOfRepresentatives>6</houseOfRepresentatives>
        <senate>2</senate>
      </actionByCounts>
    </actions>
    <amendments />
    <introducedDate>2015-11-05</introducedDate>
    <billNumber>91</billNumber>
    <relatedBills />
    <titles>
      <item>
        <parentTitleType />
        <chamberCode />
        <chamberName />
        <titleType>Official Title as Introduced</titleType>
        <title>Providing for a conditional adjournment of the House of Representatives.</title>
      </item>
      <item>
        <parentTitleType />
        <chamberCode />
        <chamberName />
        <titleType>Display Title</titleType>
        <title>Providing for a conditional adjournment of the House of Representatives.</title>
      </item>
    </titles>
    <cosponsors />
    <constitutionalAuthorityStatementText />
    <committeeReports />
    <originChamber>House</originChamber>
    <summaries>
      <billSummaries>
        <item>
          <actionDate>2015-11-05</actionDate>
          <lastSummaryUpdateDate>2015-11-06T21:29:45Z</lastSummaryUpdateDate>
          <name>Introduced in House</name>
          <text><![CDATA[<p>Declares that when the House adjourns on any legislative day from Thursday, November 5, 2015, through Thursday, November 12, 2015, it stand adjourned until 2 p.m. on Monday, November 16, 2015.</p>]]></text>
          <actionDesc>Introduced in House</actionDesc>
          <updateDate>2015-11-05T05:00:00Z</updateDate>
          <versionCode>00</versionCode>
        </item>
        <item>
          <actionDate>2015-11-05</actionDate>
          <lastSummaryUpdateDate>2015-11-06T21:30:01Z</lastSummaryUpdateDate>
          <name>Passed House without amendment</name>
          <text><![CDATA[<p>(This measure has not been amended since it was introduced. The summary of that version is repeated here.)</p> <p>Declares that when the House adjourns on any legislative day from Thursday, November 5, 2015, through Thursday, November 12, 2015, it stand adjourned until 2 p.m. on Monday, November 16, 2015.</p>]]></text>
          <actionDesc>Passed House without amendment</actionDesc>
          <updateDate>2015-11-05T13:22:02Z</updateDate>
          <versionCode>81</versionCode>
        </item>
      </billSummaries>
    </summaries>
    <subjects>
      <billSubjects>
        <legislativeSubjects>
          <item>
            <name>Congressional operations and organization</name>
          </item>
          <item>
            <name>House of Representatives</name>
          </item>
        </legislativeSubjects>
        <policyArea>
          <name>Congress</name>
        </policyArea>
      </billSubjects>
    </subjects>
    <createDate>2015-11-06T10:19:22Z</createDate>
    <notes />
    <committees>
      <billCommittees />
    </committees>
  </bill>
  <dublinCore xmlns:dc="http://purl.org/dc/elements/1.1/">
    <dc:format>text/xml</dc:format>
    <dc:language>EN</dc:language>
    <dc:rights>Pursuant to Title 17 Section 105 of the United States Code, this file is not subject to copyright protection and is in the public domain.</dc:rights>
    <dc:contributor>Congressional Research Service, Library of Congress</dc:contributor>
    <dc:description>This file contains bill summaries and statuses for federal legislation. A bill summary describes the most significant provisions of a piece of legislation and details the effects the legislative text may have on current law and federal programs. Bill summaries are authored by the Congressional Research Service (CRS) of the Library of Congress. As stated in Public Law 91-510 (2 USC 166 (d)(6)), one of the duties of CRS is "to prepare summaries and digests of bills and resolutions of a public general nature introduced in the Senate or House of Representatives". For more information, refer to the User Guide that accompanies this file.</dc:description>
  </dublinCore>
</billStatus>

