<?xml version="1.0" encoding="UTF-8"?>
<billStatus>
  <bill>
    <policyArea>
      <name>Sports and Recreation</name>
    </policyArea>
    <updateDate>2017-01-11T14:29:24Z</updateDate>
    <billType>HCONRES</billType>
    <laws />
    <sponsors>
      <item>
        <fullName>Rep. Becerra, Xavier [D-CA-34]</fullName>
        <identifiers>
          <lisID>70</lisID>
          <gpoId>7836</gpoId>
          <bioguideId>B000287</bioguideId>
        </identifiers>
        <byRequestType />
        <firstName>XAVIER</firstName>
        <bioguideId>B000287</bioguideId>
        <lastName>BECERRA</lastName>
        <state>CA</state>
        <district>34</district>
        <party>D</party>
        <middleName />
      </item>
    </sponsors>
    <congress>114</congress>
    <latestAction>
      <actionDate>2016-07-15</actionDate>
      <text>Message on Senate action sent to the House.</text>
      <links />
    </latestAction>
    <recordedVotes />
    <calendarNumbers />
    <cboCostEstimates />
    <title>Supporting the bid of Los Angeles, California, to bring the 2024 Summer Olympic Games back to the United States and pledging the cooperation of Congress with respect to that bid.</title>
    <actions>
      <item>
        <actionDate>2016-07-15</actionDate>
        <committee />
        <links />
        <sourceSystem>
          <code>0</code>
          <name>Senate</name>
        </sourceSystem>
        <text>Message on Senate action sent to the House.</text>
        <type>Floor</type>
      </item>
      <item>
        <actionDate>2016-07-14</actionDate>
        <committee />
        <links>
          <link>
            <url>https://www.congress.gov/congressional-record/volume-162/senate-section/page/S5187</url>
            <name>S5187</name>
          </link>
        </links>
        <sourceSystem>
          <code>0</code>
          <name>Senate</name>
        </sourceSystem>
        <text>Resolution agreed to in Senate without amendment and with a preamble by Unanimous Consent. (consideration: CR S5187)</text>
        <type>Floor</type>
      </item>
      <item>
        <links>
          <link>
            <url>https://www.congress.gov/congressional-record/volume-162/senate-section/page/S5187</url>
            <name>S5187</name>
          </link>
        </links>
        <type>Floor</type>
        <actionCode>17000</actionCode>
        <committee />
        <text>Passed/agreed to in Senate: Resolution agreed to in Senate without amendment and with a preamble by Unanimous Consent.(consideration: CR S5187)</text>
        <sourceSystem>
          <code>9</code>
          <name>Library of Congress</name>
        </sourceSystem>
        <actionDate>2016-07-14</actionDate>
      </item>
      <item>
        <actionDate>2016-07-13</actionDate>
        <committee />
        <links />
        <sourceSystem>
          <code>0</code>
          <name>Senate</name>
        </sourceSystem>
        <text>Received in the Senate.</text>
        <type>IntroReferral</type>
      </item>
      <item>
        <links />
        <type>Floor</type>
        <actionCode>H38310</actionCode>
        <actionTime>16:32:48</actionTime>
        <committee />
        <text>Motion to reconsider laid on the table Agreed to without objection.</text>
        <sourceSystem>
          <code>2</code>
          <name>House floor actions</name>
        </sourceSystem>
        <actionDate>2016-07-12</actionDate>
      </item>
      <item>
        <links>
          <link>
            <url>https://www.congress.gov/congressional-record/volume-162/house-section/page/H4695-4696</url>
            <name>H4695-4696</name>
          </link>
        </links>
        <type>Floor</type>
        <actionCode>H37100</actionCode>
        <actionTime>16:32:45</actionTime>
        <committee />
        <text>On agreeing to the resolution Agreed to without objection. (text: CR H4695-4696)</text>
        <sourceSystem>
          <code>2</code>
          <name>House floor actions</name>
        </sourceSystem>
        <actionDate>2016-07-12</actionDate>
      </item>
      <item>
        <links>
          <link>
            <url>https://www.congress.gov/congressional-record/volume-162/house-section/page/H4695-4696</url>
            <name>H4695-4696</name>
          </link>
        </links>
        <type>Floor</type>
        <actionCode>8000</actionCode>
        <actionTime>16:32:45</actionTime>
        <committee />
        <text>Passed/agreed to in House: On agreeing to the resolution Agreed to without objection.(text: CR H4695-4696)</text>
        <sourceSystem>
          <code>9</code>
          <name>Library of Congress</name>
        </sourceSystem>
        <actionDate>2016-07-12</actionDate>
      </item>
      <item>
        <links>
          <link>
            <url>https://www.congress.gov/congressional-record/volume-162/house-section/page/H4695-4696</url>
            <name>H4695-4696</name>
          </link>
        </links>
        <type>Floor</type>
        <actionCode>H30000</actionCode>
        <actionTime>16:32:29</actionTime>
        <committee />
        <text>Considered by unanimous consent. (consideration: CR H4695-4696)</text>
        <sourceSystem>
          <code>2</code>
          <name>House floor actions</name>
        </sourceSystem>
        <actionDate>2016-07-12</actionDate>
      </item>
      <item>
        <links />
        <type>Floor</type>
        <actionCode>H30200</actionCode>
        <actionTime>16:32:13</actionTime>
        <committee />
        <text>Mr. Royce asked unanimous consent to discharge from committee and consider.</text>
        <sourceSystem>
          <code>2</code>
          <name>House floor actions</name>
        </sourceSystem>
        <actionDate>2016-07-12</actionDate>
      </item>
      <item>
        <links />
        <type>Discharge</type>
        <actionCode>H12300</actionCode>
        <committee>
          <systemCode>hsfa00</systemCode>
          <name>Foreign Affairs Committee</name>
        </committee>
        <text>Committee on Foreign Affairs discharged.</text>
        <sourceSystem>
          <code>2</code>
          <name>House floor actions</name>
        </sourceSystem>
        <actionDate>2016-07-12</actionDate>
      </item>
      <item>
        <links />
        <type>Committee</type>
        <actionCode>5500</actionCode>
        <committee>
          <systemCode>hsfa00</systemCode>
          <name>Foreign Affairs Committee</name>
        </committee>
        <text>Committee on Foreign Affairs discharged.</text>
        <sourceSystem>
          <code>9</code>
          <name>Library of Congress</name>
        </sourceSystem>
        <actionDate>2016-07-12</actionDate>
      </item>
      <item>
        <links />
        <type>IntroReferral</type>
        <actionCode>H11100</actionCode>
        <committee>
          <systemCode>hsfa00</systemCode>
          <name>Foreign Affairs Committee</name>
        </committee>
        <text>Referred to the House Committee on Foreign Affairs.</text>
        <sourceSystem>
          <code>2</code>
          <name>House floor actions</name>
        </sourceSystem>
        <actionDate>2016-07-07</actionDate>
      </item>
      <item>
        <links />
        <type>IntroReferral</type>
        <actionCode>Intro-H</actionCode>
        <committee />
        <text>Introduced in House</text>
        <sourceSystem>
          <code>9</code>
          <name>Library of Congress</name>
        </sourceSystem>
        <actionDate>2016-07-07</actionDate>
      </item>
      <item>
        <links />
        <type>IntroReferral</type>
        <actionCode>1000</actionCode>
        <committee />
        <text>Introduced in House</text>
        <sourceSystem>
          <code>9</code>
          <name>Library of Congress</name>
        </sourceSystem>
        <actionDate>2016-07-07</actionDate>
      </item>
      <actionByCounts>
        <senate>4</senate>
        <houseOfRepresentatives>10</houseOfRepresentatives>
      </actionByCounts>
      <actionTypeCounts>
        <billReferrals>1</billReferrals>
        <introducedInHouse>1</introducedInHouse>
        <houseCommitteeDischarged>1</houseCommitteeDischarged>
        <sentToHouse>1</sentToHouse>
        <agreedToInSenate>1</agreedToInSenate>
        <motionToReconsiderResults>1</motionToReconsiderResults>
        <introducedInTheHouse>1</introducedInTheHouse>
        <passedAgreedToInSenate>1</passedAgreedToInSenate>
        <committeeDischarged>1</committeeDischarged>
        <passageOfAMeasure>1</passageOfAMeasure>
        <unanimousConsentRequestToConsider>1</unanimousConsentRequestToConsider>
        <introducedInSenate>1</introducedInSenate>
        <considerationByHouse>1</considerationByHouse>
        <passedAgreedToInHouse>1</passedAgreedToInHouse>
      </actionTypeCounts>
    </actions>
    <amendments />
    <introducedDate>2016-07-07</introducedDate>
    <billNumber>142</billNumber>
    <relatedBills>
      <item>
        <type>SCONRES</type>
        <congress>114</congress>
        <number>43</number>
        <latestTitle>A concurrent resolution supporting the bid of Los Angeles, California, to bring the 2024 Summer Olympic Games back to the United States and pledging the cooperation of Congress with respect to that bid.</latestTitle>
        <relationshipDetails>
          <item>
            <type>Identical bill</type>
            <identifiedBy>CRS</identifiedBy>
          </item>
        </relationshipDetails>
        <latestAction>
          <actionDate>2016-07-11</actionDate>
          <text>Referred to the Committee on Commerce, Science, and Transportation. (text of measure as introduced: CR S4946-4947)</text>
        </latestAction>
      </item>
    </relatedBills>
    <titles>
      <item>
        <chamberName />
        <title>Supporting the bid of Los Angeles, California, to bring the 2024 Summer Olympic Games back to the United States and pledging the cooperation of Congress with respect to that bid.</title>
        <titleType>Official Title as Introduced</titleType>
        <parentTitleType />
        <chamberCode />
      </item>
      <item>
        <chamberName />
        <title>Supporting the bid of Los Angeles, California, to bring the 2024 Summer Olympic Games back to the United States and pledging the cooperation of Congress with respect to that bid.</title>
        <titleType>Display Title</titleType>
        <parentTitleType />
        <chamberCode />
      </item>
    </titles>
    <cosponsors>
      <item>
        <bioguideId>K000387</bioguideId>
        <firstName>Stephen</firstName>
        <party>R</party>
        <lastName>Knight</lastName>
        <sponsorshipDate>2016-07-07</sponsorshipDate>
        <middleName />
        <state>CA</state>
        <district>25</district>
        <isOriginalCosponsor>True</isOriginalCosponsor>
        <sponsorshipWithdrawnDate />
        <identifiers>
          <bioguideId>K000387</bioguideId>
          <lisID>2228</lisID>
          <gpoId />
        </identifiers>
        <fullName>Rep. Knight, Stephen [R-CA-25]</fullName>
      </item>
      <item>
        <bioguideId>P000197</bioguideId>
        <firstName>NANCY</firstName>
        <party>D</party>
        <lastName>PELOSI</lastName>
        <sponsorshipDate>2016-07-07</sponsorshipDate>
        <middleName />
        <state>CA</state>
        <district>12</district>
        <isOriginalCosponsor>True</isOriginalCosponsor>
        <sponsorshipWithdrawnDate />
        <identifiers>
          <gpoId>7813</gpoId>
          <bioguideId>P000197</bioguideId>
          <lisID>905</lisID>
        </identifiers>
        <fullName>Rep. Pelosi, Nancy [D-CA-12]</fullName>
      </item>
      <item>
        <bioguideId>M001165</bioguideId>
        <firstName>Kevin</firstName>
        <party>R</party>
        <lastName>McCarthy</lastName>
        <sponsorshipDate>2016-07-07</sponsorshipDate>
        <middleName />
        <state>CA</state>
        <district>23</district>
        <isOriginalCosponsor>True</isOriginalCosponsor>
        <sponsorshipWithdrawnDate />
        <identifiers>
          <bioguideId>M001165</bioguideId>
          <lisID>1833</lisID>
          <gpoId>7827</gpoId>
        </identifiers>
        <fullName>Rep. McCarthy, Kevin [R-CA-23]</fullName>
      </item>
      <item>
        <bioguideId>R000486</bioguideId>
        <firstName>LUCILLE</firstName>
        <party>D</party>
        <lastName>ROYBAL-ALLARD</lastName>
        <sponsorshipDate>2016-07-07</sponsorshipDate>
        <middleName />
        <state>CA</state>
        <district>40</district>
        <isOriginalCosponsor>True</isOriginalCosponsor>
        <sponsorshipWithdrawnDate />
        <identifiers>
          <bioguideId>R000486</bioguideId>
          <lisID>997</lisID>
          <gpoId>7839</gpoId>
        </identifiers>
        <fullName>Rep. Roybal-Allard, Lucille [D-CA-40]</fullName>
      </item>
      <item>
        <bioguideId>R000487</bioguideId>
        <firstName>ED</firstName>
        <party>R</party>
        <lastName>ROYCE</lastName>
        <sponsorshipDate>2016-07-07</sponsorshipDate>
        <middleName />
        <state>CA</state>
        <district>39</district>
        <isOriginalCosponsor>True</isOriginalCosponsor>
        <sponsorshipWithdrawnDate />
        <identifiers>
          <lisID>998</lisID>
          <gpoId>7845</gpoId>
          <bioguideId>R000487</bioguideId>
        </identifiers>
        <fullName>Rep. Royce, Edward R. [R-CA-39]</fullName>
      </item>
      <item>
        <bioguideId>W000796</bioguideId>
        <firstName>Lynn</firstName>
        <party>R</party>
        <lastName>Westmoreland</lastName>
        <sponsorshipDate>2016-07-07</sponsorshipDate>
        <middleName>A.</middleName>
        <state>GA</state>
        <district>3</district>
        <isOriginalCosponsor>True</isOriginalCosponsor>
        <sponsorshipWithdrawnDate />
        <identifiers>
          <lisID>1779</lisID>
          <gpoId>7900</gpoId>
          <bioguideId>W000796</bioguideId>
        </identifiers>
        <fullName>Rep. Westmoreland, Lynn A. [R-GA-3]</fullName>
      </item>
      <item>
        <bioguideId>L000559</bioguideId>
        <firstName>JAMES</firstName>
        <party>D</party>
        <lastName>LANGEVIN</lastName>
        <sponsorshipDate>2016-07-07</sponsorshipDate>
        <middleName>R.</middleName>
        <state>RI</state>
        <district>2</district>
        <isOriginalCosponsor>True</isOriginalCosponsor>
        <sponsorshipWithdrawnDate />
        <identifiers>
          <lisID>1668</lisID>
          <gpoId>8140</gpoId>
          <bioguideId>L000559</bioguideId>
        </identifiers>
        <fullName>Rep. Langevin, James R. [D-RI-2]</fullName>
      </item>
      <item>
        <bioguideId>H001063</bioguideId>
        <firstName>Janice</firstName>
        <party>D</party>
        <lastName>Hahn</lastName>
        <sponsorshipDate>2016-07-07</sponsorshipDate>
        <middleName />
        <state>CA</state>
        <district>44</district>
        <isOriginalCosponsor>True</isOriginalCosponsor>
        <sponsorshipWithdrawnDate />
        <identifiers>
          <lisID>2089</lisID>
          <gpoId>8360</gpoId>
          <bioguideId>H001063</bioguideId>
        </identifiers>
        <fullName>Rep. Hahn, Janice [D-CA-44]</fullName>
      </item>
      <item>
        <bioguideId>N000179</bioguideId>
        <firstName>GRACE</firstName>
        <party>D</party>
        <lastName>NAPOLITANO</lastName>
        <sponsorshipDate>2016-07-07</sponsorshipDate>
        <middleName>F.</middleName>
        <state>CA</state>
        <district>32</district>
        <isOriginalCosponsor>True</isOriginalCosponsor>
        <sponsorshipWithdrawnDate />
        <identifiers>
          <bioguideId>N000179</bioguideId>
          <lisID>1602</lisID>
          <gpoId>7843</gpoId>
        </identifiers>
        <fullName>Rep. Napolitano, Grace F. [D-CA-32]</fullName>
      </item>
      <item>
        <bioguideId>S001150</bioguideId>
        <firstName>ADAM</firstName>
        <party>D</party>
        <lastName>SCHIFF</lastName>
        <sponsorshipDate>2016-07-07</sponsorshipDate>
        <middleName>B.</middleName>
        <state>CA</state>
        <district>28</district>
        <isOriginalCosponsor>True</isOriginalCosponsor>
        <sponsorshipWithdrawnDate />
        <identifiers>
          <bioguideId>S001150</bioguideId>
          <lisID>1635</lisID>
          <gpoId>7834</gpoId>
        </identifiers>
        <fullName>Rep. Schiff, Adam B. [D-CA-28]</fullName>
      </item>
      <item>
        <bioguideId>C001097</bioguideId>
        <firstName>Tony</firstName>
        <party>D</party>
        <lastName>Cardenas</lastName>
        <sponsorshipDate>2016-07-07</sponsorshipDate>
        <middleName />
        <state>CA</state>
        <district>29</district>
        <isOriginalCosponsor>True</isOriginalCosponsor>
        <sponsorshipWithdrawnDate />
        <identifiers>
          <lisID>2107</lisID>
          <gpoId />
          <bioguideId>C001097</bioguideId>
        </identifiers>
        <fullName>Rep. Cardenas, Tony [D-CA-29]</fullName>
      </item>
      <item>
        <bioguideId>S001156</bioguideId>
        <firstName>LINDA</firstName>
        <party>D</party>
        <lastName>SANCHEZ</lastName>
        <sponsorshipDate>2016-07-07</sponsorshipDate>
        <middleName>T.</middleName>
        <state>CA</state>
        <district>38</district>
        <isOriginalCosponsor>True</isOriginalCosponsor>
        <sponsorshipWithdrawnDate />
        <identifiers>
          <lisID>1757</lisID>
          <gpoId>7844</gpoId>
          <bioguideId>S001156</bioguideId>
        </identifiers>
        <fullName>Rep. Sanchez, Linda T. [D-CA-38]</fullName>
      </item>
      <item>
        <bioguideId>R000599</bioguideId>
        <firstName>Raul</firstName>
        <party>D</party>
        <lastName>Ruiz</lastName>
        <sponsorshipDate>2016-07-07</sponsorshipDate>
        <middleName />
        <state>CA</state>
        <district>36</district>
        <isOriginalCosponsor>True</isOriginalCosponsor>
        <sponsorshipWithdrawnDate />
        <identifiers>
          <bioguideId>R000599</bioguideId>
          <lisID>2109</lisID>
          <gpoId />
        </identifiers>
        <fullName>Rep. Ruiz, Raul [D-CA-36]</fullName>
      </item>
      <item>
        <bioguideId>P000593</bioguideId>
        <firstName>Ed</firstName>
        <party>D</party>
        <lastName>Perlmutter</lastName>
        <sponsorshipDate>2016-07-07</sponsorshipDate>
        <middleName />
        <state>CO</state>
        <district>7</district>
        <isOriginalCosponsor>True</isOriginalCosponsor>
        <sponsorshipWithdrawnDate />
        <identifiers>
          <lisID>1835</lisID>
          <gpoId>7865</gpoId>
          <bioguideId>P000593</bioguideId>
        </identifiers>
        <fullName>Rep. Perlmutter, Ed [D-CO-7]</fullName>
      </item>
      <item>
        <bioguideId>S001191</bioguideId>
        <firstName>Kyrsten</firstName>
        <party>D</party>
        <lastName>Sinema</lastName>
        <sponsorshipDate>2016-07-07</sponsorshipDate>
        <middleName />
        <state>AZ</state>
        <district>9</district>
        <isOriginalCosponsor>True</isOriginalCosponsor>
        <sponsorshipWithdrawnDate />
        <identifiers>
          <bioguideId>S001191</bioguideId>
          <gpoId />
          <lisID>2099</lisID>
        </identifiers>
        <fullName>Rep. Sinema, Kyrsten [D-AZ-9]</fullName>
      </item>
      <item>
        <bioguideId>S001189</bioguideId>
        <firstName>Austin</firstName>
        <party>R</party>
        <lastName>Scott</lastName>
        <sponsorshipDate>2016-07-07</sponsorshipDate>
        <middleName />
        <state>GA</state>
        <district>8</district>
        <isOriginalCosponsor>True</isOriginalCosponsor>
        <sponsorshipWithdrawnDate />
        <identifiers>
          <lisID>2009</lisID>
          <gpoId>7905</gpoId>
          <bioguideId>S001189</bioguideId>
        </identifiers>
        <fullName>Rep. Scott, Austin [R-GA-8]</fullName>
      </item>
      <item>
        <bioguideId>S001193</bioguideId>
        <firstName>Eric</firstName>
        <party>D</party>
        <lastName>Swalwell</lastName>
        <sponsorshipDate>2016-07-07</sponsorshipDate>
        <middleName />
        <state>CA</state>
        <district>15</district>
        <isOriginalCosponsor>True</isOriginalCosponsor>
        <sponsorshipWithdrawnDate />
        <identifiers>
          <bioguideId>S001193</bioguideId>
          <gpoId />
          <lisID>2104</lisID>
        </identifiers>
        <fullName>Rep. Swalwell, Eric [D-CA-15]</fullName>
      </item>
      <item>
        <bioguideId>T000468</bioguideId>
        <firstName>Dina</firstName>
        <party>D</party>
        <lastName>Titus</lastName>
        <sponsorshipDate>2016-07-07</sponsorshipDate>
        <middleName />
        <state>NV</state>
        <district>1</district>
        <isOriginalCosponsor>True</isOriginalCosponsor>
        <sponsorshipWithdrawnDate />
        <identifiers>
          <lisID>1940</lisID>
          <gpoId>7493</gpoId>
          <bioguideId>T000468</bioguideId>
        </identifiers>
        <fullName>Rep. Titus, Dina [D-NV-1]</fullName>
      </item>
      <item>
        <bioguideId>A000371</bioguideId>
        <firstName>Pete</firstName>
        <party>D</party>
        <lastName>Aguilar</lastName>
        <sponsorshipDate>2016-07-07</sponsorshipDate>
        <middleName />
        <state>CA</state>
        <district>31</district>
        <isOriginalCosponsor>True</isOriginalCosponsor>
        <sponsorshipWithdrawnDate />
        <identifiers>
          <gpoId />
          <bioguideId>A000371</bioguideId>
          <lisID>2229</lisID>
        </identifiers>
        <fullName>Rep. Aguilar, Pete [D-CA-31]</fullName>
      </item>
      <item>
        <bioguideId>C001080</bioguideId>
        <firstName>Judy</firstName>
        <party>D</party>
        <lastName>Chu</lastName>
        <sponsorshipDate>2016-07-07</sponsorshipDate>
        <middleName />
        <state>CA</state>
        <district>27</district>
        <isOriginalCosponsor>True</isOriginalCosponsor>
        <sponsorshipWithdrawnDate />
        <identifiers>
          <gpoId>7837</gpoId>
          <bioguideId>C001080</bioguideId>
          <lisID>1970</lisID>
        </identifiers>
        <fullName>Rep. Chu, Judy [D-CA-27]</fullName>
      </item>
      <item>
        <bioguideId>G000575</bioguideId>
        <firstName>Gwen</firstName>
        <party>D</party>
        <lastName>Graham</lastName>
        <sponsorshipDate>2016-07-07</sponsorshipDate>
        <middleName />
        <state>FL</state>
        <district>2</district>
        <isOriginalCosponsor>True</isOriginalCosponsor>
        <sponsorshipWithdrawnDate />
        <identifiers>
          <bioguideId>G000575</bioguideId>
          <lisID>2234</lisID>
          <gpoId />
        </identifiers>
        <fullName>Rep. Graham, Gwen [D-FL-2]</fullName>
      </item>
      <item>
        <bioguideId>L000551</bioguideId>
        <firstName>BARBARA</firstName>
        <party>D</party>
        <lastName>LEE</lastName>
        <sponsorshipDate>2016-07-07</sponsorshipDate>
        <middleName />
        <state>CA</state>
        <district>13</district>
        <isOriginalCosponsor>True</isOriginalCosponsor>
        <sponsorshipWithdrawnDate />
        <identifiers>
          <gpoId>7814</gpoId>
          <bioguideId>L000551</bioguideId>
          <lisID>1501</lisID>
        </identifiers>
        <fullName>Rep. Lee, Barbara [D-CA-13]</fullName>
      </item>
      <item>
        <bioguideId>C001103</bioguideId>
        <firstName>Earl</firstName>
        <party>R</party>
        <lastName>Carter</lastName>
        <sponsorshipDate>2016-07-07</sponsorshipDate>
        <middleName>L. "Buddy"</middleName>
        <state>GA</state>
        <district>1</district>
        <isOriginalCosponsor>True</isOriginalCosponsor>
        <sponsorshipWithdrawnDate />
        <identifiers>
          <bioguideId>C001103</bioguideId>
          <lisID>2236</lisID>
          <gpoId />
        </identifiers>
        <fullName>Rep. Carter, Earl L. "Buddy" [R-GA-1]</fullName>
      </item>
      <item>
        <bioguideId>D000197</bioguideId>
        <firstName>DIANA</firstName>
        <party>D</party>
        <lastName>DEGETTE</lastName>
        <sponsorshipDate>2016-07-07</sponsorshipDate>
        <middleName />
        <state>CO</state>
        <district>1</district>
        <isOriginalCosponsor>True</isOriginalCosponsor>
        <sponsorshipWithdrawnDate />
        <identifiers>
          <gpoId>7859</gpoId>
          <bioguideId>D000197</bioguideId>
          <lisID>1479</lisID>
        </identifiers>
        <fullName>Rep. DeGette, Diana [D-CO-1]</fullName>
      </item>
      <item>
        <bioguideId>G000574</bioguideId>
        <firstName>Ruben</firstName>
        <party>D</party>
        <lastName>Gallego</lastName>
        <sponsorshipDate>2016-07-07</sponsorshipDate>
        <middleName />
        <state>AZ</state>
        <district>7</district>
        <isOriginalCosponsor>True</isOriginalCosponsor>
        <sponsorshipWithdrawnDate />
        <identifiers>
          <lisID>2226</lisID>
          <gpoId />
          <bioguideId>G000574</bioguideId>
        </identifiers>
        <fullName>Rep. Gallego, Ruben [D-AZ-7]</fullName>
      </item>
      <item>
        <bioguideId>B001285</bioguideId>
        <firstName>Julia</firstName>
        <party>D</party>
        <lastName>Brownley</lastName>
        <sponsorshipDate>2016-07-07</sponsorshipDate>
        <middleName />
        <state>CA</state>
        <district>26</district>
        <isOriginalCosponsor>True</isOriginalCosponsor>
        <sponsorshipWithdrawnDate />
        <identifiers>
          <bioguideId>B001285</bioguideId>
          <lisID>2106</lisID>
          <gpoId />
        </identifiers>
        <fullName>Rep. Brownley, Julia [D-CA-26]</fullName>
      </item>
      <item>
        <bioguideId>L000397</bioguideId>
        <firstName>ZOE</firstName>
        <party>D</party>
        <lastName>LOFGREN</lastName>
        <sponsorshipDate>2016-07-07</sponsorshipDate>
        <middleName />
        <state>CA</state>
        <district>19</district>
        <isOriginalCosponsor>True</isOriginalCosponsor>
        <sponsorshipWithdrawnDate />
        <identifiers>
          <lisID>701</lisID>
          <gpoId>7821</gpoId>
          <bioguideId>L000397</bioguideId>
        </identifiers>
        <fullName>Rep. Lofgren, Zoe [D-CA-19]</fullName>
      </item>
      <item>
        <bioguideId>S000250</bioguideId>
        <firstName>PETE</firstName>
        <party>R</party>
        <lastName>SESSIONS</lastName>
        <sponsorshipDate>2016-07-07</sponsorshipDate>
        <middleName />
        <state>TX</state>
        <district>32</district>
        <isOriginalCosponsor>True</isOriginalCosponsor>
        <sponsorshipWithdrawnDate />
        <identifiers>
          <lisID>1525</lisID>
          <gpoId>8188</gpoId>
          <bioguideId>S000250</bioguideId>
        </identifiers>
        <fullName>Rep. Sessions, Pete [R-TX-32]</fullName>
      </item>
      <item>
        <bioguideId>P000598</bioguideId>
        <firstName>Jared</firstName>
        <party>D</party>
        <lastName>Polis</lastName>
        <sponsorshipDate>2016-07-07</sponsorshipDate>
        <middleName />
        <state>CO</state>
        <district>2</district>
        <isOriginalCosponsor>True</isOriginalCosponsor>
        <sponsorshipWithdrawnDate />
        <identifiers>
          <lisID>1910</lisID>
          <gpoId>7860</gpoId>
          <bioguideId>P000598</bioguideId>
        </identifiers>
        <fullName>Rep. Polis, Jared [D-CO-2]</fullName>
      </item>
      <item>
        <bioguideId>A000372</bioguideId>
        <firstName>Rick</firstName>
        <party>R</party>
        <lastName>Allen</lastName>
        <sponsorshipDate>2016-07-07</sponsorshipDate>
        <middleName>W.</middleName>
        <state>GA</state>
        <district>12</district>
        <isOriginalCosponsor>True</isOriginalCosponsor>
        <sponsorshipWithdrawnDate />
        <identifiers>
          <gpoId />
          <bioguideId>A000372</bioguideId>
          <lisID>2239</lisID>
        </identifiers>
        <fullName>Rep. Allen, Rick W. [R-GA-12]</fullName>
      </item>
      <item>
        <bioguideId>B001281</bioguideId>
        <firstName>Joyce</firstName>
        <party>D</party>
        <lastName>Beatty</lastName>
        <sponsorshipDate>2016-07-07</sponsorshipDate>
        <middleName />
        <state>OH</state>
        <district>3</district>
        <isOriginalCosponsor>True</isOriginalCosponsor>
        <sponsorshipWithdrawnDate />
        <identifiers>
          <lisID>2153</lisID>
          <gpoId />
          <bioguideId>B001281</bioguideId>
        </identifiers>
        <fullName>Rep. Beatty, Joyce [D-OH-3]</fullName>
      </item>
      <item>
        <bioguideId>H000324</bioguideId>
        <firstName>ALCEE</firstName>
        <party>D</party>
        <lastName>HASTINGS</lastName>
        <sponsorshipDate>2016-07-07</sponsorshipDate>
        <middleName>L.</middleName>
        <state>FL</state>
        <district>20</district>
        <isOriginalCosponsor>True</isOriginalCosponsor>
        <sponsorshipWithdrawnDate />
        <identifiers>
          <lisID>511</lisID>
          <gpoId>7895</gpoId>
          <bioguideId>H000324</bioguideId>
        </identifiers>
        <fullName>Rep. Hastings, Alcee L. [D-FL-20]</fullName>
      </item>
      <item>
        <bioguideId>L000579</bioguideId>
        <firstName>Alan</firstName>
        <party>D</party>
        <lastName>Lowenthal</lastName>
        <sponsorshipDate>2016-07-07</sponsorshipDate>
        <middleName>S.</middleName>
        <state>CA</state>
        <district>47</district>
        <isOriginalCosponsor>True</isOriginalCosponsor>
        <sponsorshipWithdrawnDate />
        <identifiers>
          <lisID>2111</lisID>
          <gpoId />
          <bioguideId>L000579</bioguideId>
        </identifiers>
        <fullName>Rep. Lowenthal, Alan S. [D-CA-47]</fullName>
      </item>
      <item>
        <bioguideId>H001055</bioguideId>
        <firstName>Joseph</firstName>
        <party>R</party>
        <lastName>Heck</lastName>
        <sponsorshipDate>2016-07-07</sponsorshipDate>
        <middleName>J.</middleName>
        <state>NV</state>
        <district>3</district>
        <isOriginalCosponsor>True</isOriginalCosponsor>
        <sponsorshipWithdrawnDate />
        <identifiers>
          <lisID>2040</lisID>
          <gpoId>8061</gpoId>
          <bioguideId>H001055</bioguideId>
        </identifiers>
        <fullName>Rep. Heck, Joseph J. [R-NV-3]</fullName>
      </item>
      <item>
        <bioguideId>T000462</bioguideId>
        <firstName>PATRICK</firstName>
        <party>R</party>
        <lastName>TIBERI</lastName>
        <sponsorshipDate>2016-07-07</sponsorshipDate>
        <middleName>J.</middleName>
        <state>OH</state>
        <district>12</district>
        <isOriginalCosponsor>True</isOriginalCosponsor>
        <sponsorshipWithdrawnDate />
        <identifiers>
          <gpoId>8102</gpoId>
          <bioguideId>T000462</bioguideId>
          <lisID>1664</lisID>
        </identifiers>
        <fullName>Rep. Tiberi, Patrick J. [R-OH-12]</fullName>
      </item>
      <item>
        <bioguideId>T000472</bioguideId>
        <firstName>Mark</firstName>
        <party>D</party>
        <lastName>Takano</lastName>
        <sponsorshipDate>2016-07-07</sponsorshipDate>
        <middleName />
        <state>CA</state>
        <district>41</district>
        <isOriginalCosponsor>True</isOriginalCosponsor>
        <sponsorshipWithdrawnDate />
        <identifiers>
          <lisID>2110</lisID>
          <gpoId />
          <bioguideId>T000472</bioguideId>
        </identifiers>
        <fullName>Rep. Takano, Mark [D-CA-41]</fullName>
      </item>
      <item>
        <bioguideId>L000263</bioguideId>
        <firstName>SANDER</firstName>
        <party>D</party>
        <lastName>LEVIN</lastName>
        <sponsorshipDate>2016-07-07</sponsorshipDate>
        <middleName>M.</middleName>
        <state>MI</state>
        <district>9</district>
        <isOriginalCosponsor>True</isOriginalCosponsor>
        <sponsorshipWithdrawnDate />
        <identifiers>
          <gpoId>7997</gpoId>
          <bioguideId>L000263</bioguideId>
          <lisID>683</lisID>
        </identifiers>
        <fullName>Rep. Levin, Sander M. [D-MI-9]</fullName>
      </item>
    </cosponsors>
    <constitutionalAuthorityStatementText />
    <committeeReports />
    <originChamber>House</originChamber>
    <summaries>
      <billSummaries>
        <item>
          <lastSummaryUpdateDate>2016-07-26T14:27:19Z</lastSummaryUpdateDate>
          <actionDate>2016-07-07</actionDate>
          <text><![CDATA[<p>Advises the International Olympic Committee that the United States would welcome the holding of the 2024 Summer Olympic and Paralympic Games in Los Angeles, California, the site designated by the United States Olympic Committee.</p> <p>Expresses the hope that the United States will be selected.</p> <p>Pledges cooperation and support toward the successful fulfillment of those games.</p>]]></text>
          <updateDate>2016-07-07T04:00:00Z</updateDate>
          <name>Introduced in House</name>
          <versionCode>00</versionCode>
          <actionDesc>Introduced in House</actionDesc>
        </item>
        <item>
          <lastSummaryUpdateDate>2016-07-26T14:27:29Z</lastSummaryUpdateDate>
          <actionDate>2016-07-12</actionDate>
          <text><![CDATA[<p>(This measure has not been amended since it was introduced. The summary of that version is repeated here.)</p> <p>Advises the International Olympic Committee that the United States would welcome the holding of the 2024 Summer Olympic and Paralympic Games in Los Angeles, California, the site designated by the United States Olympic Committee.</p> <p>Expresses the hope that the United States will be selected.</p> <p>Pledges cooperation and support toward the successful fulfillment of those games.</p>]]></text>
          <updateDate>2016-07-12T13:37:38Z</updateDate>
          <name>Passed House without amendment</name>
          <versionCode>81</versionCode>
          <actionDesc>Passed House without amendment</actionDesc>
        </item>
        <item>
          <lastSummaryUpdateDate>2016-07-26T14:29:00Z</lastSummaryUpdateDate>
          <actionDate>2016-07-14</actionDate>
          <text><![CDATA[<p>(This measure has not been amended since it was introduced. The summary of that version is repeated here.)</p> <p>Advises the International Olympic Committee that the United States would welcome the holding of the 2024 Summer Olympic and Paralympic Games in Los Angeles, California, the site designated by the United States Olympic Committee.</p> <p>Expresses the hope that the United States will be selected.</p> <p>Pledges cooperation and support toward the successful fulfillment of those games.</p>]]></text>
          <updateDate>2016-07-14T14:36:32Z</updateDate>
          <name>Passed Senate without amendment</name>
          <versionCode>82</versionCode>
          <actionDesc>Passed Senate without amendment</actionDesc>
        </item>
      </billSummaries>
    </summaries>
    <subjects>
      <billSubjects>
        <legislativeSubjects>
          <item>
            <name>California</name>
          </item>
          <item>
            <name>Disability and paralysis</name>
          </item>
          <item>
            <name>Olympic games</name>
          </item>
        </legislativeSubjects>
        <policyArea>
          <name>Sports and Recreation</name>
        </policyArea>
      </billSubjects>
    </subjects>
    <createDate>2016-07-08T05:34:30Z</createDate>
    <notes />
    <committees>
      <billCommittees>
        <item>
          <chamber>House</chamber>
          <subcommittees />
          <type>Standing</type>
          <name>Foreign Affairs Committee</name>
          <activities>
            <item>
              <name>Discharged from</name>
              <date>2016-07-12T20:29:00Z</date>
            </item>
            <item>
              <name>Referred to</name>
              <date>2016-07-07T14:01:15Z</date>
            </item>
          </activities>
          <systemCode>hsfa00</systemCode>
        </item>
      </billCommittees>
    </committees>
  </bill>
  <dublinCore xmlns:dc="http://purl.org/dc/elements/1.1/">
    <dc:format>text/xml</dc:format>
    <dc:language>EN</dc:language>
    <dc:rights>Pursuant to Title 17 Section 105 of the United States Code, this file is not subject to copyright protection and is in the public domain.</dc:rights>
    <dc:contributor>Congressional Research Service, Library of Congress</dc:contributor>
    <dc:description>This file contains bill summaries and statuses for federal legislation. A bill summary describes the most significant provisions of a piece of legislation and details the effects the legislative text may have on current law and federal programs. Bill summaries are authored by the Congressional Research Service (CRS) of the Library of Congress. As stated in Public Law 91-510 (2 USC 166 (d)(6)), one of the duties of CRS is "to prepare summaries and digests of bills and resolutions of a public general nature introduced in the Senate or House of Representatives". For more information, refer to the User Guide that accompanies this file.</dc:description>
  </dublinCore>
</billStatus>

