<?xml version="1.0" encoding="UTF-8"?>
<billStatus>
  <bill>
    <introducedDate>2015-11-19</introducedDate>
    <committeeReports />
    <laws />
    <createDate>2015-11-20T10:16:00Z</createDate>
    <actions>
      <actionByCounts>
        <senate>3</senate>
        <houseOfRepresentatives>6</houseOfRepresentatives>
      </actionByCounts>
      <item>
        <actionDate>2015-11-20</actionDate>
        <committee />
        <links />
        <sourceSystem>
          <name>Senate</name>
          <code>0</code>
        </sourceSystem>
        <text>Message on Senate action sent to the House.</text>
        <type>Floor</type>
      </item>
      <item>
        <actionDate>2015-11-19</actionDate>
        <committee />
        <links>
          <link>
            <name>S8175</name>
            <url>https://www.congress.gov/congressional-record/volume-161/senate-section/page/S8175</url>
          </link>
        </links>
        <sourceSystem>
          <name>Senate</name>
          <code>0</code>
        </sourceSystem>
        <text>Received in the Senate, considered, and agreed to without amendment by Unanimous Consent. (consideration: CR S8175; text as passed Senate: CR S8175)</text>
        <type>Floor</type>
      </item>
      <item>
        <committee />
        <actionCode>17000</actionCode>
        <type>Floor</type>
        <text>Passed/agreed to in Senate: Received in the Senate, considered, and agreed to without amendment by Unanimous Consent.(consideration: CR S8175; text as passed Senate: CR S8175)</text>
        <actionDate>2015-11-19</actionDate>
        <sourceSystem>
          <name>Library of Congress</name>
          <code>9</code>
        </sourceSystem>
        <links>
          <link>
            <name>S8175</name>
            <url>https://www.congress.gov/congressional-record/volume-161/senate-section/page/S8175</url>
          </link>
        </links>
      </item>
      <item>
        <committee />
        <actionCode>H38310</actionCode>
        <type>Floor</type>
        <text>Motion to reconsider laid on the table Agreed to without objection.</text>
        <actionDate>2015-11-19</actionDate>
        <actionTime>14:18:09</actionTime>
        <links />
        <sourceSystem>
          <name>House floor actions</name>
          <code>2</code>
        </sourceSystem>
      </item>
      <item>
        <committee />
        <actionCode>H37100</actionCode>
        <type>Floor</type>
        <text>On agreeing to the resolution Agreed to without objection. (text: CR H8402)</text>
        <actionDate>2015-11-19</actionDate>
        <actionTime>14:18:00</actionTime>
        <links>
          <link>
            <name>H8402</name>
            <url>https://www.congress.gov/congressional-record/volume-161/house-section/page/H8402</url>
          </link>
        </links>
        <sourceSystem>
          <name>House floor actions</name>
          <code>2</code>
        </sourceSystem>
      </item>
      <item>
        <committee />
        <actionCode>8000</actionCode>
        <type>Floor</type>
        <text>Passed/agreed to in House: On agreeing to the resolution Agreed to without objection.(text: CR H8402)</text>
        <actionDate>2015-11-19</actionDate>
        <actionTime>14:18:00</actionTime>
        <links>
          <link>
            <name>H8402</name>
            <url>https://www.congress.gov/congressional-record/volume-161/house-section/page/H8402</url>
          </link>
        </links>
        <sourceSystem>
          <name>Library of Congress</name>
          <code>9</code>
        </sourceSystem>
      </item>
      <item>
        <committee />
        <actionCode>H30000</actionCode>
        <type>Floor</type>
        <text>Considered as privileged matter. (consideration: CR H8402)</text>
        <actionDate>2015-11-19</actionDate>
        <actionTime>14:15:52</actionTime>
        <links>
          <link>
            <name>H8402</name>
            <url>https://www.congress.gov/congressional-record/volume-161/house-section/page/H8402</url>
          </link>
        </links>
        <sourceSystem>
          <name>House floor actions</name>
          <code>2</code>
        </sourceSystem>
      </item>
      <item>
        <committee />
        <actionCode>Intro-H</actionCode>
        <type>IntroReferral</type>
        <text>Introduced in House</text>
        <actionDate>2015-11-19</actionDate>
        <sourceSystem>
          <name>Library of Congress</name>
          <code>9</code>
        </sourceSystem>
        <links />
      </item>
      <item>
        <committee />
        <actionCode>1000</actionCode>
        <type>IntroReferral</type>
        <text>Introduced in House</text>
        <actionDate>2015-11-19</actionDate>
        <sourceSystem>
          <name>Library of Congress</name>
          <code>9</code>
        </sourceSystem>
        <links />
      </item>
      <actionTypeCounts>
        <sentToHouse>1</sentToHouse>
        <passedAgreedToInSenate>1</passedAgreedToInSenate>
        <passedAgreedToInHouse>1</passedAgreedToInHouse>
        <passedOrAgreedToInSenateDayOf>1</passedOrAgreedToInSenateDayOf>
        <passageOfAMeasure>1</passageOfAMeasure>
        <considerationByHouse>1</considerationByHouse>
        <motionToReconsiderResults>1</motionToReconsiderResults>
        <introducedInHouse>1</introducedInHouse>
        <introducedInTheHouse>1</introducedInTheHouse>
      </actionTypeCounts>
    </actions>
    <recordedVotes />
    <relatedBills />
    <cosponsors />
    <billNumber>95</billNumber>
    <amendments />
    <subjects>
      <billSubjects>
        <legislativeSubjects>
          <item>
            <name>Congressional operations and organization</name>
          </item>
        </legislativeSubjects>
        <policyArea>
          <name>Congress</name>
        </policyArea>
      </billSubjects>
    </subjects>
    <sponsors>
      <item>
        <party>R</party>
        <state>LA</state>
        <middleName />
        <bioguideId>G000577</bioguideId>
        <lastName>Graves</lastName>
        <firstName>Garret</firstName>
        <identifiers>
          <bioguideId>G000577</bioguideId>
          <lisID>2245</lisID>
          <gpoId />
        </identifiers>
        <fullName>Rep. Graves, Garret [R-LA-6]</fullName>
        <district>6</district>
        <byRequestType />
      </item>
    </sponsors>
    <summaries>
      <billSummaries>
        <item>
          <actionDate>2015-11-19</actionDate>
          <name>Introduced in House</name>
          <actionDesc>Introduced in House</actionDesc>
          <updateDate>2015-11-19T05:00:00Z</updateDate>
          <text><![CDATA[<p>Declares that when the House adjourns on any legislative day from Thursday, November 19, 2015, through Wednesday, November 25, 2015, it stand adjourned until 2:00 p.m. on Monday, November 30, 2015.</p> <p>Declares that when the Senate recesses or adjourns on any day from Thursday, November 19, 2015, through Tuesday, November 24, 2015, it stand recessed or adjourned until noon on Monday, November 30, 2015.</p>]]></text>
          <lastSummaryUpdateDate>2015-11-20T21:03:31Z</lastSummaryUpdateDate>
          <versionCode>00</versionCode>
        </item>
        <item>
          <actionDate>2015-11-19</actionDate>
          <name>Passed Senate without amendment</name>
          <actionDesc>Passed Senate without amendment</actionDesc>
          <updateDate>2015-11-19T13:02:40Z</updateDate>
          <text><![CDATA[<p>(This measure has not been amended since it was introduced. The summary of that version is repeated here.)</p> <p>Declares that when the House adjourns on any legislative day from Thursday, November 19, 2015, through Wednesday, November 25, 2015, it stand adjourned until 2:00 p.m. on Monday, November 30, 2015.</p> <p>Declares that when the Senate recesses or adjourns on any day from Thursday, November 19, 2015, through Tuesday, November 24, 2015, it stand recessed or adjourned until noon on Monday, November 30, 2015.</p>]]></text>
          <lastSummaryUpdateDate>2015-11-20T20:59:46Z</lastSummaryUpdateDate>
          <versionCode>82</versionCode>
        </item>
        <item>
          <actionDate>2015-11-19</actionDate>
          <name>Passed House without amendment</name>
          <actionDesc>Passed House without amendment</actionDesc>
          <updateDate>2015-11-19T16:41:18Z</updateDate>
          <text><![CDATA[<p>(This measure has not been amended since it was introduced. The summary of that version is repeated here.)</p> <p>Declares that when the House adjourns on any legislative day from Thursday, November 19, 2015, through Wednesday, November 25, 2015, it stand adjourned until 2:00 p.m. on Monday, November 30, 2015.</p> <p>Declares that when the Senate recesses or adjourns on any day from Thursday, November 19, 2015, through Tuesday, November 24, 2015, it stand recessed or adjourned until noon on Monday, November 30, 2015.</p>]]></text>
          <lastSummaryUpdateDate>2015-11-20T20:59:38Z</lastSummaryUpdateDate>
          <versionCode>81</versionCode>
        </item>
      </billSummaries>
    </summaries>
    <constitutionalAuthorityStatementText />
    <billType>HCONRES</billType>
    <title>Providing for a conditional adjournment of the House of Representatives and a conditional recess or adjournment of the Senate.</title>
    <policyArea>
      <name>Congress</name>
    </policyArea>
    <congress>114</congress>
    <latestAction>
      <text>Message on Senate action sent to the House.</text>
      <actionDate>2015-11-20</actionDate>
      <links />
    </latestAction>
    <cboCostEstimates />
    <originChamber>House</originChamber>
    <notes />
    <committees>
      <billCommittees />
    </committees>
    <calendarNumbers />
    <updateDate>2017-01-11T14:29:09Z</updateDate>
    <titles>
      <item>
        <chamberCode />
        <chamberName />
        <parentTitleType />
        <titleType>Official Title as Introduced</titleType>
        <title>Providing for a conditional adjournment of the House of Representatives and a conditional recess or adjournment of the Senate.</title>
      </item>
      <item>
        <chamberCode />
        <chamberName />
        <parentTitleType />
        <titleType>Display Title</titleType>
        <title>Providing for a conditional adjournment of the House of Representatives and a conditional recess or adjournment of the Senate.</title>
      </item>
    </titles>
  </bill>
  <dublinCore xmlns:dc="http://purl.org/dc/elements/1.1/">
    <dc:format>text/xml</dc:format>
    <dc:language>EN</dc:language>
    <dc:rights>Pursuant to Title 17 Section 105 of the United States Code, this file is not subject to copyright protection and is in the public domain.</dc:rights>
    <dc:contributor>Congressional Research Service, Library of Congress</dc:contributor>
    <dc:description>This file contains bill summaries and statuses for federal legislation. A bill summary describes the most significant provisions of a piece of legislation and details the effects the legislative text may have on current law and federal programs. Bill summaries are authored by the Congressional Research Service (CRS) of the Library of Congress. As stated in Public Law 91-510 (2 USC 166 (d)(6)), one of the duties of CRS is "to prepare summaries and digests of bills and resolutions of a public general nature introduced in the Senate or House of Representatives". For more information, refer to the User Guide that accompanies this file.</dc:description>
  </dublinCore>
</billStatus>

