<?xml version="1.0" encoding="UTF-8"?>
<billStatus>
  <bill>
    <createDate>2015-05-22T13:34:38Z</createDate>
    <introducedDate>2015-05-21</introducedDate>
    <cosponsors>
      <item>
        <sponsorshipDate>2015-05-21</sponsorshipDate>
        <party>R</party>
        <fullName>Rep. Miller, Candice S. [R-MI-10]</fullName>
        <sponsorshipWithdrawnDate />
        <identifiers>
          <bioguideId>M001150</bioguideId>
          <gpoId>8589</gpoId>
          <lisID>1731</lisID>
        </identifiers>
        <firstName>Candice</firstName>
        <state>MI</state>
        <district>10</district>
        <isOriginalCosponsor>True</isOriginalCosponsor>
        <bioguideId>M001150</bioguideId>
        <lastName>Miller</lastName>
        <middleName>S.</middleName>
      </item>
      <item>
        <sponsorshipDate>2015-05-21</sponsorshipDate>
        <party>R</party>
        <fullName>Rep. Franks, Trent [R-AZ-8]</fullName>
        <sponsorshipWithdrawnDate />
        <identifiers>
          <gpoId>7799</gpoId>
          <bioguideId>F000448</bioguideId>
          <lisID>1707</lisID>
        </identifiers>
        <firstName>Trent</firstName>
        <state>AZ</state>
        <district>8</district>
        <isOriginalCosponsor>True</isOriginalCosponsor>
        <bioguideId>F000448</bioguideId>
        <lastName>Franks</lastName>
        <middleName />
      </item>
      <item>
        <sponsorshipDate>2015-05-21</sponsorshipDate>
        <party>R</party>
        <fullName>Rep. Walden, Greg [R-OR-2]</fullName>
        <sponsorshipWithdrawnDate />
        <identifiers>
          <bioguideId>W000791</bioguideId>
          <lisID>1596</lisID>
          <gpoId>8115</gpoId>
        </identifiers>
        <firstName>GREG</firstName>
        <state>OR</state>
        <district>2</district>
        <isOriginalCosponsor>True</isOriginalCosponsor>
        <bioguideId>W000791</bioguideId>
        <lastName>WALDEN</lastName>
        <middleName />
      </item>
      <item>
        <sponsorshipDate>2015-05-21</sponsorshipDate>
        <party>R</party>
        <fullName>Rep. Rothfus, Keith J. [R-PA-12]</fullName>
        <sponsorshipWithdrawnDate />
        <identifiers>
          <lisID>2158</lisID>
          <gpoId />
          <bioguideId>R000598</bioguideId>
        </identifiers>
        <firstName>Keith</firstName>
        <state>PA</state>
        <district>12</district>
        <isOriginalCosponsor>True</isOriginalCosponsor>
        <bioguideId>R000598</bioguideId>
        <lastName>Rothfus</lastName>
        <middleName>J.</middleName>
      </item>
      <item>
        <sponsorshipDate>2015-05-21</sponsorshipDate>
        <party>R</party>
        <fullName>Rep. Pitts, Joseph R. [R-PA-16]</fullName>
        <sponsorshipWithdrawnDate />
        <identifiers>
          <bioguideId>P000373</bioguideId>
          <lisID>1514</lisID>
          <gpoId>8134</gpoId>
        </identifiers>
        <firstName>JOSEPH</firstName>
        <state>PA</state>
        <district>16</district>
        <isOriginalCosponsor>True</isOriginalCosponsor>
        <bioguideId>P000373</bioguideId>
        <lastName>PITTS</lastName>
        <middleName>R.</middleName>
      </item>
      <item>
        <sponsorshipDate>2015-05-21</sponsorshipDate>
        <party>R</party>
        <fullName>Rep. Stutzman, Marlin A. [R-IN-3]</fullName>
        <sponsorshipWithdrawnDate />
        <identifiers>
          <bioguideId>S001188</bioguideId>
          <lisID>1981</lisID>
          <gpoId>7942</gpoId>
        </identifiers>
        <firstName>Marlin</firstName>
        <state>IN</state>
        <district>3</district>
        <isOriginalCosponsor>True</isOriginalCosponsor>
        <bioguideId>S001188</bioguideId>
        <lastName>Stutzman</lastName>
        <middleName>A.</middleName>
      </item>
      <item>
        <sponsorshipDate>2015-05-21</sponsorshipDate>
        <party>R</party>
        <fullName>Rep. Sensenbrenner, F. James, Jr. [R-WI-5]</fullName>
        <sponsorshipWithdrawnDate />
        <identifiers>
          <lisID>1041</lisID>
          <gpoId>8218</gpoId>
          <bioguideId>S000244</bioguideId>
        </identifiers>
        <firstName>F.</firstName>
        <state>WI</state>
        <district>5</district>
        <isOriginalCosponsor>True</isOriginalCosponsor>
        <bioguideId>S000244</bioguideId>
        <lastName>SENSENBRENNER</lastName>
        <middleName>JAMES</middleName>
      </item>
      <item>
        <sponsorshipDate>2015-05-21</sponsorshipDate>
        <party>R</party>
        <fullName>Rep. Smith, Christopher H. [R-NJ-4]</fullName>
        <sponsorshipWithdrawnDate />
        <identifiers>
          <lisID>1071</lisID>
          <gpoId>8046</gpoId>
          <bioguideId>S000522</bioguideId>
        </identifiers>
        <firstName>CHRISTOPHER</firstName>
        <state>NJ</state>
        <district>4</district>
        <isOriginalCosponsor>True</isOriginalCosponsor>
        <bioguideId>S000522</bioguideId>
        <lastName>SMITH</lastName>
        <middleName>H.</middleName>
      </item>
      <item>
        <sponsorshipDate>2015-05-21</sponsorshipDate>
        <party>R</party>
        <fullName>Rep. DesJarlais, Scott [R-TN-4]</fullName>
        <sponsorshipWithdrawnDate />
        <identifiers>
          <bioguideId>D000616</bioguideId>
          <gpoId>8151</gpoId>
          <lisID>2062</lisID>
        </identifiers>
        <firstName>Scott</firstName>
        <state>TN</state>
        <district>4</district>
        <isOriginalCosponsor>True</isOriginalCosponsor>
        <bioguideId>D000616</bioguideId>
        <lastName>DesJarlais</lastName>
        <middleName />
      </item>
      <item>
        <sponsorshipDate>2015-05-21</sponsorshipDate>
        <party>R</party>
        <fullName>Rep. Grothman, Glenn [R-WI-6]</fullName>
        <sponsorshipWithdrawnDate />
        <identifiers>
          <lisID>2276</lisID>
          <gpoId />
          <bioguideId>G000576</bioguideId>
        </identifiers>
        <firstName>Glenn</firstName>
        <state>WI</state>
        <district>6</district>
        <isOriginalCosponsor>True</isOriginalCosponsor>
        <bioguideId>G000576</bioguideId>
        <lastName>Grothman</lastName>
        <middleName />
      </item>
      <item>
        <sponsorshipDate>2015-05-21</sponsorshipDate>
        <party>R</party>
        <fullName>Rep. Westmoreland, Lynn A. [R-GA-3]</fullName>
        <sponsorshipWithdrawnDate />
        <identifiers>
          <gpoId>7900</gpoId>
          <bioguideId>W000796</bioguideId>
          <lisID>1779</lisID>
        </identifiers>
        <firstName>Lynn</firstName>
        <state>GA</state>
        <district>3</district>
        <isOriginalCosponsor>True</isOriginalCosponsor>
        <bioguideId>W000796</bioguideId>
        <lastName>Westmoreland</lastName>
        <middleName>A.</middleName>
      </item>
      <item>
        <sponsorshipDate>2015-05-21</sponsorshipDate>
        <party>R</party>
        <fullName>Rep. Cole, Tom [R-OK-4]</fullName>
        <sponsorshipWithdrawnDate />
        <identifiers>
          <gpoId>8112</gpoId>
          <bioguideId>C001053</bioguideId>
          <lisID>1742</lisID>
        </identifiers>
        <firstName>Tom</firstName>
        <state>OK</state>
        <district>4</district>
        <isOriginalCosponsor>True</isOriginalCosponsor>
        <bioguideId>C001053</bioguideId>
        <lastName>Cole</lastName>
        <middleName />
      </item>
      <item>
        <sponsorshipDate>2015-05-21</sponsorshipDate>
        <party>R</party>
        <fullName>Rep. Dold, Robert J. [R-IL-10]</fullName>
        <sponsorshipWithdrawnDate />
        <identifiers>
          <gpoId>7930</gpoId>
          <bioguideId>D000613</bioguideId>
          <lisID>2013</lisID>
        </identifiers>
        <firstName>Robert</firstName>
        <state>IL</state>
        <district>10</district>
        <isOriginalCosponsor>True</isOriginalCosponsor>
        <bioguideId>D000613</bioguideId>
        <lastName>Dold</lastName>
        <middleName>J.</middleName>
      </item>
      <item>
        <sponsorshipDate>2015-05-21</sponsorshipDate>
        <party>R</party>
        <fullName>Rep. Clawson, Curt [R-FL-19]</fullName>
        <sponsorshipWithdrawnDate />
        <identifiers>
          <bioguideId>C001102</bioguideId>
          <lisID>2200</lisID>
          <gpoId />
        </identifiers>
        <firstName>Curt</firstName>
        <state>FL</state>
        <district>19</district>
        <isOriginalCosponsor>True</isOriginalCosponsor>
        <bioguideId>C001102</bioguideId>
        <lastName>Clawson</lastName>
        <middleName />
      </item>
      <item>
        <sponsorshipDate>2015-05-21</sponsorshipDate>
        <party>R</party>
        <fullName>Rep. Jolly, David [R-FL-13]</fullName>
        <sponsorshipWithdrawnDate />
        <identifiers>
          <lisID>2199</lisID>
          <gpoId />
          <bioguideId>J000296</bioguideId>
        </identifiers>
        <firstName>David</firstName>
        <state>FL</state>
        <district>13</district>
        <isOriginalCosponsor>True</isOriginalCosponsor>
        <bioguideId>J000296</bioguideId>
        <lastName>Jolly</lastName>
        <middleName>W.</middleName>
      </item>
      <item>
        <sponsorshipDate>2015-05-21</sponsorshipDate>
        <party>R</party>
        <fullName>Rep. Zinke, Ryan K. [R-MT-At Large]</fullName>
        <sponsorshipWithdrawnDate />
        <identifiers>
          <bioguideId>Z000018</bioguideId>
          <gpoId />
          <lisID>2254</lisID>
        </identifiers>
        <firstName>Ryan</firstName>
        <state>MT</state>
        <district>0</district>
        <isOriginalCosponsor>True</isOriginalCosponsor>
        <bioguideId>Z000018</bioguideId>
        <lastName>Zinke</lastName>
        <middleName>K.</middleName>
      </item>
      <item>
        <sponsorshipDate>2015-05-21</sponsorshipDate>
        <party>R</party>
        <fullName>Rep. Walorski, Jackie [R-IN-2]</fullName>
        <sponsorshipWithdrawnDate />
        <identifiers>
          <lisID>2128</lisID>
          <gpoId />
          <bioguideId>W000813</bioguideId>
        </identifiers>
        <firstName>Jackie</firstName>
        <state>IN</state>
        <district>2</district>
        <isOriginalCosponsor>True</isOriginalCosponsor>
        <bioguideId>W000813</bioguideId>
        <lastName>Walorski</lastName>
        <middleName />
      </item>
      <item>
        <sponsorshipDate>2015-05-21</sponsorshipDate>
        <party>R</party>
        <fullName>Rep. Rogers, Harold [R-KY-5]</fullName>
        <sponsorshipWithdrawnDate />
        <identifiers>
          <bioguideId>R000395</bioguideId>
          <lisID>977</lisID>
          <gpoId>7957</gpoId>
        </identifiers>
        <firstName>HAROLD</firstName>
        <state>KY</state>
        <district>5</district>
        <isOriginalCosponsor>True</isOriginalCosponsor>
        <bioguideId>R000395</bioguideId>
        <lastName>ROGERS</lastName>
        <middleName />
      </item>
      <item>
        <sponsorshipDate>2015-05-21</sponsorshipDate>
        <party>R</party>
        <fullName>Rep. Gosar, Paul A. [R-AZ-4]</fullName>
        <sponsorshipWithdrawnDate />
        <identifiers>
          <bioguideId>G000565</bioguideId>
          <gpoId>7798</gpoId>
          <lisID>1992</lisID>
        </identifiers>
        <firstName>Paul</firstName>
        <state>AZ</state>
        <district>4</district>
        <isOriginalCosponsor>True</isOriginalCosponsor>
        <bioguideId>G000565</bioguideId>
        <lastName>Gosar</lastName>
        <middleName>A.</middleName>
      </item>
      <item>
        <sponsorshipDate>2015-05-21</sponsorshipDate>
        <party>R</party>
        <fullName>Rep. Rigell, E. Scott [R-VA-2]</fullName>
        <sponsorshipWithdrawnDate />
        <identifiers>
          <gpoId>8193</gpoId>
          <bioguideId>R000589</bioguideId>
          <lisID>2068</lisID>
        </identifiers>
        <firstName>E.</firstName>
        <state>VA</state>
        <district>2</district>
        <isOriginalCosponsor>True</isOriginalCosponsor>
        <bioguideId>R000589</bioguideId>
        <lastName>Rigell</lastName>
        <middleName>Scott</middleName>
      </item>
      <item>
        <sponsorshipDate>2015-05-21</sponsorshipDate>
        <party>R</party>
        <fullName>Rep. Herrera Beutler, Jaime [R-WA-3]</fullName>
        <sponsorshipWithdrawnDate />
        <identifiers>
          <lisID>2071</lisID>
          <gpoId>8207</gpoId>
          <bioguideId>H001056</bioguideId>
        </identifiers>
        <firstName>Jaime</firstName>
        <state>WA</state>
        <district>3</district>
        <isOriginalCosponsor>True</isOriginalCosponsor>
        <bioguideId>H001056</bioguideId>
        <lastName>Beutler</lastName>
        <middleName>Herrera</middleName>
      </item>
      <item>
        <sponsorshipDate>2015-05-21</sponsorshipDate>
        <party>R</party>
        <fullName>Rep. Lance, Leonard [R-NJ-7]</fullName>
        <sponsorshipWithdrawnDate />
        <identifiers>
          <bioguideId>L000567</bioguideId>
          <lisID>1936</lisID>
          <gpoId>8049</gpoId>
        </identifiers>
        <firstName>Leonard</firstName>
        <state>NJ</state>
        <district>7</district>
        <isOriginalCosponsor>True</isOriginalCosponsor>
        <bioguideId>L000567</bioguideId>
        <lastName>Lance</lastName>
        <middleName />
      </item>
      <item>
        <sponsorshipDate>2015-05-21</sponsorshipDate>
        <party>R</party>
        <fullName>Rep. Boustany, Charles W., Jr. [R-LA-3]</fullName>
        <sponsorshipWithdrawnDate />
        <identifiers>
          <lisID>1787</lisID>
          <gpoId>7965</gpoId>
          <bioguideId>B001255</bioguideId>
        </identifiers>
        <firstName>Charles</firstName>
        <state>LA</state>
        <district>3</district>
        <isOriginalCosponsor>True</isOriginalCosponsor>
        <bioguideId>B001255</bioguideId>
        <lastName>Boustany</lastName>
        <middleName>W.</middleName>
      </item>
      <item>
        <sponsorshipDate>2015-05-21</sponsorshipDate>
        <party>R</party>
        <fullName>Rep. Byrne, Bradley [R-AL-1]</fullName>
        <sponsorshipWithdrawnDate />
        <identifiers>
          <bioguideId>B001289</bioguideId>
          <gpoId />
          <lisID>2197</lisID>
        </identifiers>
        <firstName>Bradley</firstName>
        <state>AL</state>
        <district>1</district>
        <isOriginalCosponsor>True</isOriginalCosponsor>
        <bioguideId>B001289</bioguideId>
        <lastName>Byrne</lastName>
        <middleName />
      </item>
      <item>
        <sponsorshipDate>2015-05-21</sponsorshipDate>
        <party>R</party>
        <fullName>Rep. Kinzinger, Adam [R-IL-16]</fullName>
        <sponsorshipWithdrawnDate />
        <identifiers>
          <lisID>2014</lisID>
          <gpoId>7931</gpoId>
          <bioguideId>K000378</bioguideId>
        </identifiers>
        <firstName>Adam</firstName>
        <state>IL</state>
        <district>16</district>
        <isOriginalCosponsor>True</isOriginalCosponsor>
        <bioguideId>K000378</bioguideId>
        <lastName>Kinzinger</lastName>
        <middleName />
      </item>
      <item>
        <sponsorshipDate>2015-05-21</sponsorshipDate>
        <party>R</party>
        <fullName>Rep. Meadows, Mark [R-NC-11]</fullName>
        <sponsorshipWithdrawnDate />
        <identifiers>
          <bioguideId>M001187</bioguideId>
          <gpoId />
          <lisID>2142</lisID>
        </identifiers>
        <firstName>Mark</firstName>
        <state>NC</state>
        <district>11</district>
        <isOriginalCosponsor>True</isOriginalCosponsor>
        <bioguideId>M001187</bioguideId>
        <lastName>Meadows</lastName>
        <middleName />
      </item>
      <item>
        <sponsorshipDate>2015-05-21</sponsorshipDate>
        <party>R</party>
        <fullName>Rep. Bridenstine, Jim [R-OK-1]</fullName>
        <sponsorshipWithdrawnDate />
        <identifiers>
          <gpoId />
          <bioguideId>B001283</bioguideId>
          <lisID>2155</lisID>
        </identifiers>
        <firstName>Jim</firstName>
        <state>OK</state>
        <district>1</district>
        <isOriginalCosponsor>True</isOriginalCosponsor>
        <bioguideId>B001283</bioguideId>
        <lastName>Bridenstine</lastName>
        <middleName />
      </item>
      <item>
        <sponsorshipDate>2015-05-21</sponsorshipDate>
        <party>R</party>
        <fullName>Rep. Graves, Garret [R-LA-6]</fullName>
        <sponsorshipWithdrawnDate />
        <identifiers>
          <lisID>2245</lisID>
          <gpoId />
          <bioguideId>G000577</bioguideId>
        </identifiers>
        <firstName>Garret</firstName>
        <state>LA</state>
        <district>6</district>
        <isOriginalCosponsor>True</isOriginalCosponsor>
        <bioguideId>G000577</bioguideId>
        <lastName>Graves</lastName>
        <middleName />
      </item>
      <item>
        <sponsorshipDate>2015-05-21</sponsorshipDate>
        <party>R</party>
        <fullName>Rep. Lummis, Cynthia M. [R-WY-At Large]</fullName>
        <sponsorshipWithdrawnDate />
        <identifiers>
          <lisID>1960</lisID>
          <gpoId>8225</gpoId>
          <bioguideId>L000571</bioguideId>
        </identifiers>
        <firstName>Cynthia</firstName>
        <state>WY</state>
        <district>0</district>
        <isOriginalCosponsor>True</isOriginalCosponsor>
        <bioguideId>L000571</bioguideId>
        <lastName>Lummis</lastName>
        <middleName>M.</middleName>
      </item>
      <item>
        <sponsorshipDate>2015-05-21</sponsorshipDate>
        <party>R</party>
        <fullName>Rep. Fleischmann, Charles J. "Chuck" [R-TN-3]</fullName>
        <sponsorshipWithdrawnDate />
        <identifiers>
          <gpoId>8150</gpoId>
          <bioguideId>F000459</bioguideId>
          <lisID>2061</lisID>
        </identifiers>
        <firstName>Charles</firstName>
        <state>TN</state>
        <district>3</district>
        <isOriginalCosponsor>True</isOriginalCosponsor>
        <bioguideId>F000459</bioguideId>
        <lastName>Fleischmann</lastName>
        <middleName>J. "Chuck"</middleName>
      </item>
      <item>
        <sponsorshipDate>2015-05-21</sponsorshipDate>
        <party>R</party>
        <fullName>Rep. Neugebauer, Randy [R-TX-19]</fullName>
        <sponsorshipWithdrawnDate />
        <identifiers>
          <bioguideId>N000182</bioguideId>
          <gpoId>8175</gpoId>
          <lisID>1758</lisID>
        </identifiers>
        <firstName>Randy</firstName>
        <state>TX</state>
        <district>19</district>
        <isOriginalCosponsor>True</isOriginalCosponsor>
        <bioguideId>N000182</bioguideId>
        <lastName>Neugebauer</lastName>
        <middleName />
      </item>
      <item>
        <sponsorshipDate>2015-05-21</sponsorshipDate>
        <party>R</party>
        <fullName>Rep. Comstock, Barbara [R-VA-10]</fullName>
        <sponsorshipWithdrawnDate />
        <identifiers>
          <gpoId />
          <bioguideId>C001105</bioguideId>
          <lisID>2273</lisID>
        </identifiers>
        <firstName>Barbara</firstName>
        <state>VA</state>
        <district>10</district>
        <isOriginalCosponsor>True</isOriginalCosponsor>
        <bioguideId>C001105</bioguideId>
        <lastName>Comstock</lastName>
        <middleName />
      </item>
      <item>
        <sponsorshipDate>2015-05-21</sponsorshipDate>
        <party>R</party>
        <fullName>Rep. Buck, Ken [R-CO-4]</fullName>
        <sponsorshipWithdrawnDate />
        <identifiers>
          <bioguideId>B001297</bioguideId>
          <gpoId />
          <lisID>2233</lisID>
        </identifiers>
        <firstName>Ken</firstName>
        <state>CO</state>
        <district>4</district>
        <isOriginalCosponsor>True</isOriginalCosponsor>
        <bioguideId>B001297</bioguideId>
        <lastName>Buck</lastName>
        <middleName />
      </item>
      <item>
        <sponsorshipDate>2015-05-21</sponsorshipDate>
        <party>R</party>
        <fullName>Rep. McMorris Rodgers, Cathy [R-WA-5]</fullName>
        <sponsorshipWithdrawnDate />
        <identifiers>
          <bioguideId>M001159</bioguideId>
          <gpoId>8209</gpoId>
          <lisID>1809</lisID>
        </identifiers>
        <firstName>Cathy</firstName>
        <state>WA</state>
        <district>5</district>
        <isOriginalCosponsor>True</isOriginalCosponsor>
        <bioguideId>M001159</bioguideId>
        <lastName>McMorris Rodgers</lastName>
        <middleName />
      </item>
      <item>
        <sponsorshipDate>2015-05-21</sponsorshipDate>
        <party>R</party>
        <fullName>Rep. Stewart, Chris [R-UT-2]</fullName>
        <sponsorshipWithdrawnDate />
        <identifiers>
          <lisID>2168</lisID>
          <gpoId />
          <bioguideId>S001192</bioguideId>
        </identifiers>
        <firstName>Chris</firstName>
        <state>UT</state>
        <district>2</district>
        <isOriginalCosponsor>True</isOriginalCosponsor>
        <bioguideId>S001192</bioguideId>
        <lastName>Stewart</lastName>
        <middleName />
      </item>
      <item>
        <sponsorshipDate>2015-05-21</sponsorshipDate>
        <party>R</party>
        <fullName>Rep. Walker, Mark [R-NC-6]</fullName>
        <sponsorshipWithdrawnDate />
        <identifiers>
          <bioguideId>W000819</bioguideId>
          <lisID>2255</lisID>
          <gpoId />
        </identifiers>
        <firstName>Mark</firstName>
        <state>NC</state>
        <district>6</district>
        <isOriginalCosponsor>True</isOriginalCosponsor>
        <bioguideId>W000819</bioguideId>
        <lastName>Walker</lastName>
        <middleName />
      </item>
      <item>
        <sponsorshipDate>2015-05-21</sponsorshipDate>
        <party>R</party>
        <fullName>Rep. Pearce, Stevan [R-NM-2]</fullName>
        <sponsorshipWithdrawnDate />
        <identifiers>
          <lisID>1738</lisID>
          <gpoId>8057</gpoId>
          <bioguideId>P000588</bioguideId>
        </identifiers>
        <firstName>Stevan</firstName>
        <state>NM</state>
        <district>2</district>
        <isOriginalCosponsor>True</isOriginalCosponsor>
        <bioguideId>P000588</bioguideId>
        <lastName>Pearce</lastName>
        <middleName />
      </item>
      <item>
        <sponsorshipDate>2015-05-21</sponsorshipDate>
        <party>R</party>
        <fullName>Rep. Roby, Martha [R-AL-2]</fullName>
        <sponsorshipWithdrawnDate />
        <identifiers>
          <lisID>1986</lisID>
          <gpoId>7787</gpoId>
          <bioguideId>R000591</bioguideId>
        </identifiers>
        <firstName>Martha</firstName>
        <state>AL</state>
        <district>2</district>
        <isOriginalCosponsor>True</isOriginalCosponsor>
        <bioguideId>R000591</bioguideId>
        <lastName>Roby</lastName>
        <middleName />
      </item>
      <item>
        <sponsorshipDate>2015-05-21</sponsorshipDate>
        <party>R</party>
        <fullName>Rep. Brooks, Susan W. [R-IN-5]</fullName>
        <sponsorshipWithdrawnDate />
        <identifiers>
          <lisID>2129</lisID>
          <gpoId />
          <bioguideId>B001284</bioguideId>
        </identifiers>
        <firstName>Susan</firstName>
        <state>IN</state>
        <district>5</district>
        <isOriginalCosponsor>True</isOriginalCosponsor>
        <bioguideId>B001284</bioguideId>
        <lastName>Brooks</lastName>
        <middleName>W.</middleName>
      </item>
      <item>
        <sponsorshipDate>2015-05-21</sponsorshipDate>
        <party>R</party>
        <fullName>Rep. Scott, Austin [R-GA-8]</fullName>
        <sponsorshipWithdrawnDate />
        <identifiers>
          <lisID>2009</lisID>
          <gpoId>7905</gpoId>
          <bioguideId>S001189</bioguideId>
        </identifiers>
        <firstName>Austin</firstName>
        <state>GA</state>
        <district>8</district>
        <isOriginalCosponsor>True</isOriginalCosponsor>
        <bioguideId>S001189</bioguideId>
        <lastName>Scott</lastName>
        <middleName />
      </item>
      <item>
        <sponsorshipDate>2015-05-21</sponsorshipDate>
        <party>R</party>
        <fullName>Rep. Fleming, John [R-LA-4]</fullName>
        <sponsorshipWithdrawnDate />
        <identifiers>
          <lisID>1924</lisID>
          <gpoId>7962</gpoId>
          <bioguideId>F000456</bioguideId>
        </identifiers>
        <firstName>John</firstName>
        <state>LA</state>
        <district>4</district>
        <isOriginalCosponsor>True</isOriginalCosponsor>
        <bioguideId>F000456</bioguideId>
        <lastName>Fleming</lastName>
        <middleName />
      </item>
      <item>
        <sponsorshipDate>2015-05-21</sponsorshipDate>
        <party>R</party>
        <fullName>Rep. Black, Diane [R-TN-6]</fullName>
        <sponsorshipWithdrawnDate />
        <identifiers>
          <lisID>2063</lisID>
          <gpoId>8153</gpoId>
          <bioguideId>B001273</bioguideId>
        </identifiers>
        <firstName>Diane</firstName>
        <state>TN</state>
        <district>6</district>
        <isOriginalCosponsor>True</isOriginalCosponsor>
        <bioguideId>B001273</bioguideId>
        <lastName>Black</lastName>
        <middleName />
      </item>
      <item>
        <sponsorshipDate>2015-05-21</sponsorshipDate>
        <party>R</party>
        <fullName>Rep. Fortenberry, Jeff [R-NE-1]</fullName>
        <sponsorshipWithdrawnDate />
        <identifiers>
          <gpoId>8038</gpoId>
          <bioguideId>F000449</bioguideId>
          <lisID>1793</lisID>
        </identifiers>
        <firstName>Jeff</firstName>
        <state>NE</state>
        <district>1</district>
        <isOriginalCosponsor>True</isOriginalCosponsor>
        <bioguideId>F000449</bioguideId>
        <lastName>Fortenberry</lastName>
        <middleName />
      </item>
      <item>
        <sponsorshipDate>2015-05-21</sponsorshipDate>
        <party>R</party>
        <fullName>Rep. Stefanik, Elise M. [R-NY-21]</fullName>
        <sponsorshipWithdrawnDate />
        <identifiers>
          <bioguideId>S001196</bioguideId>
          <lisID>2263</lisID>
          <gpoId />
        </identifiers>
        <firstName>Elise</firstName>
        <state>NY</state>
        <district>21</district>
        <isOriginalCosponsor>True</isOriginalCosponsor>
        <bioguideId>S001196</bioguideId>
        <lastName>Stefanik</lastName>
        <middleName>M.</middleName>
      </item>
      <item>
        <sponsorshipDate>2015-05-21</sponsorshipDate>
        <party>R</party>
        <fullName>Rep. Poliquin, Bruce [R-ME-2]</fullName>
        <sponsorshipWithdrawnDate />
        <identifiers>
          <bioguideId>P000611</bioguideId>
          <lisID>2247</lisID>
          <gpoId />
        </identifiers>
        <firstName>Bruce</firstName>
        <state>ME</state>
        <district>2</district>
        <isOriginalCosponsor>True</isOriginalCosponsor>
        <bioguideId>P000611</bioguideId>
        <lastName>Poliquin</lastName>
        <middleName />
      </item>
      <item>
        <sponsorshipDate>2015-05-21</sponsorshipDate>
        <party>R</party>
        <fullName>Rep. Duncan, Jeff [R-SC-3]</fullName>
        <sponsorshipWithdrawnDate />
        <identifiers>
          <gpoId>8143</gpoId>
          <bioguideId>D000615</bioguideId>
          <lisID>2057</lisID>
        </identifiers>
        <firstName>Jeff</firstName>
        <state>SC</state>
        <district>3</district>
        <isOriginalCosponsor>True</isOriginalCosponsor>
        <bioguideId>D000615</bioguideId>
        <lastName>Duncan</lastName>
        <middleName />
      </item>
      <item>
        <sponsorshipDate>2015-05-21</sponsorshipDate>
        <party>R</party>
        <fullName>Rep. Simpson, Michael K. [R-ID-2]</fullName>
        <sponsorshipWithdrawnDate />
        <identifiers>
          <gpoId>7920</gpoId>
          <bioguideId>S001148</bioguideId>
          <lisID>1590</lisID>
        </identifiers>
        <firstName>MICHAEL</firstName>
        <state>ID</state>
        <district>2</district>
        <isOriginalCosponsor>True</isOriginalCosponsor>
        <bioguideId>S001148</bioguideId>
        <lastName>SIMPSON</lastName>
        <middleName>K.</middleName>
      </item>
      <item>
        <sponsorshipDate>2015-05-21</sponsorshipDate>
        <party>R</party>
        <fullName>Rep. Mica, John L. [R-FL-7]</fullName>
        <sponsorshipWithdrawnDate />
        <identifiers>
          <lisID>800</lisID>
          <gpoId>7879</gpoId>
          <bioguideId>M000689</bioguideId>
        </identifiers>
        <firstName>JOHN</firstName>
        <state>FL</state>
        <district>7</district>
        <isOriginalCosponsor>True</isOriginalCosponsor>
        <bioguideId>M000689</bioguideId>
        <lastName>MICA</lastName>
        <middleName>L.</middleName>
      </item>
      <item>
        <sponsorshipDate>2015-05-21</sponsorshipDate>
        <party>R</party>
        <fullName>Rep. Wenstrup, Brad R. [R-OH-2]</fullName>
        <sponsorshipWithdrawnDate />
        <identifiers>
          <gpoId />
          <bioguideId>W000815</bioguideId>
          <lisID>2152</lisID>
        </identifiers>
        <firstName>Brad</firstName>
        <state>OH</state>
        <district>2</district>
        <isOriginalCosponsor>True</isOriginalCosponsor>
        <bioguideId>W000815</bioguideId>
        <lastName>Wenstrup</lastName>
        <middleName>R.</middleName>
      </item>
      <item>
        <sponsorshipDate>2015-05-21</sponsorshipDate>
        <party>R</party>
        <fullName>Rep. Mullin, Markwayne [R-OK-2]</fullName>
        <sponsorshipWithdrawnDate />
        <identifiers>
          <bioguideId>M001190</bioguideId>
          <lisID>2156</lisID>
          <gpoId />
        </identifiers>
        <firstName>Markwayne</firstName>
        <state>OK</state>
        <district>2</district>
        <isOriginalCosponsor>True</isOriginalCosponsor>
        <bioguideId>M001190</bioguideId>
        <lastName>Mullin</lastName>
        <middleName />
      </item>
      <item>
        <sponsorshipDate>2015-05-21</sponsorshipDate>
        <party>R</party>
        <fullName>Rep. Smith, Jason [R-MO-8]</fullName>
        <sponsorshipWithdrawnDate />
        <identifiers>
          <bioguideId>S001195</bioguideId>
          <lisID>2191</lisID>
          <gpoId />
        </identifiers>
        <firstName>Jason</firstName>
        <state>MO</state>
        <district>8</district>
        <isOriginalCosponsor>True</isOriginalCosponsor>
        <bioguideId>S001195</bioguideId>
        <lastName>Smith</lastName>
        <middleName />
      </item>
      <item>
        <sponsorshipDate>2015-05-21</sponsorshipDate>
        <party>R</party>
        <fullName>Rep. Hultgren, Randy [R-IL-14]</fullName>
        <sponsorshipWithdrawnDate />
        <identifiers>
          <lisID>2015</lisID>
          <gpoId>7934</gpoId>
          <bioguideId>H001059</bioguideId>
        </identifiers>
        <firstName>Randy</firstName>
        <state>IL</state>
        <district>14</district>
        <isOriginalCosponsor>True</isOriginalCosponsor>
        <bioguideId>H001059</bioguideId>
        <lastName>Hultgren</lastName>
        <middleName />
      </item>
      <item>
        <sponsorshipDate>2015-05-21</sponsorshipDate>
        <party>R</party>
        <fullName>Rep. Johnson, Bill [R-OH-6]</fullName>
        <sponsorshipWithdrawnDate />
        <identifiers>
          <lisID>2046</lisID>
          <gpoId>8096</gpoId>
          <bioguideId>J000292</bioguideId>
        </identifiers>
        <firstName>Bill</firstName>
        <state>OH</state>
        <district>6</district>
        <isOriginalCosponsor>True</isOriginalCosponsor>
        <bioguideId>J000292</bioguideId>
        <lastName>Johnson</lastName>
        <middleName />
      </item>
      <item>
        <sponsorshipDate>2015-05-21</sponsorshipDate>
        <party>R</party>
        <fullName>Rep. Burgess, Michael C. [R-TX-26]</fullName>
        <sponsorshipWithdrawnDate />
        <identifiers>
          <bioguideId>B001248</bioguideId>
          <gpoId>8182</gpoId>
          <lisID>1751</lisID>
        </identifiers>
        <firstName>Michael</firstName>
        <state>TX</state>
        <district>26</district>
        <isOriginalCosponsor>True</isOriginalCosponsor>
        <bioguideId>B001248</bioguideId>
        <lastName>Burgess</lastName>
        <middleName>C.</middleName>
      </item>
      <item>
        <sponsorshipDate>2015-05-21</sponsorshipDate>
        <party>R</party>
        <fullName>Rep. Marino, Tom [R-PA-10]</fullName>
        <sponsorshipWithdrawnDate />
        <identifiers>
          <lisID>2053</lisID>
          <gpoId>8128</gpoId>
          <bioguideId>M001179</bioguideId>
        </identifiers>
        <firstName>Tom</firstName>
        <state>PA</state>
        <district>10</district>
        <isOriginalCosponsor>True</isOriginalCosponsor>
        <bioguideId>M001179</bioguideId>
        <lastName>Marino</lastName>
        <middleName />
      </item>
      <item>
        <sponsorshipDate>2015-05-21</sponsorshipDate>
        <party>R</party>
        <fullName>Rep. Knight, Stephen [R-CA-25]</fullName>
        <sponsorshipWithdrawnDate />
        <identifiers>
          <lisID>2228</lisID>
          <gpoId />
          <bioguideId>K000387</bioguideId>
        </identifiers>
        <firstName>Stephen</firstName>
        <state>CA</state>
        <district>25</district>
        <isOriginalCosponsor>True</isOriginalCosponsor>
        <bioguideId>K000387</bioguideId>
        <lastName>Knight</lastName>
        <middleName />
      </item>
      <item>
        <sponsorshipDate>2015-05-21</sponsorshipDate>
        <party>R</party>
        <fullName>Rep. Palazzo, Steven M. [R-MS-4]</fullName>
        <sponsorshipWithdrawnDate />
        <identifiers>
          <bioguideId>P000601</bioguideId>
          <gpoId>8022</gpoId>
          <lisID>2035</lisID>
        </identifiers>
        <firstName>Steven</firstName>
        <state>MS</state>
        <district>4</district>
        <isOriginalCosponsor>True</isOriginalCosponsor>
        <bioguideId>P000601</bioguideId>
        <lastName>Palazzo</lastName>
        <middleName>M.</middleName>
      </item>
      <item>
        <sponsorshipDate>2015-05-21</sponsorshipDate>
        <party>R</party>
        <fullName>Rep. Allen, Rick W. [R-GA-12]</fullName>
        <sponsorshipWithdrawnDate />
        <identifiers>
          <lisID>2239</lisID>
          <gpoId />
          <bioguideId>A000372</bioguideId>
        </identifiers>
        <firstName>Rick</firstName>
        <state>GA</state>
        <district>12</district>
        <isOriginalCosponsor>True</isOriginalCosponsor>
        <bioguideId>A000372</bioguideId>
        <lastName>Allen</lastName>
        <middleName>W.</middleName>
      </item>
      <item>
        <sponsorshipDate>2015-05-21</sponsorshipDate>
        <party>R</party>
        <fullName>Rep. Sessions, Pete [R-TX-32]</fullName>
        <sponsorshipWithdrawnDate />
        <identifiers>
          <lisID>1525</lisID>
          <gpoId>8188</gpoId>
          <bioguideId>S000250</bioguideId>
        </identifiers>
        <firstName>PETE</firstName>
        <state>TX</state>
        <district>32</district>
        <isOriginalCosponsor>True</isOriginalCosponsor>
        <bioguideId>S000250</bioguideId>
        <lastName>SESSIONS</lastName>
        <middleName />
      </item>
      <item>
        <sponsorshipDate>2015-05-21</sponsorshipDate>
        <party>R</party>
        <fullName>Rep. Yoho, Ted S. [R-FL-3]</fullName>
        <sponsorshipWithdrawnDate />
        <identifiers>
          <bioguideId>Y000065</bioguideId>
          <lisID>2115</lisID>
          <gpoId />
        </identifiers>
        <firstName>Ted</firstName>
        <state>FL</state>
        <district>3</district>
        <isOriginalCosponsor>True</isOriginalCosponsor>
        <bioguideId>Y000065</bioguideId>
        <lastName>Yoho</lastName>
        <middleName>S.</middleName>
      </item>
      <item>
        <sponsorshipDate>2015-05-21</sponsorshipDate>
        <party>R</party>
        <fullName>Rep. Hice, Jody B. [R-GA-10]</fullName>
        <sponsorshipWithdrawnDate />
        <identifiers>
          <bioguideId>H001071</bioguideId>
          <lisID>2237</lisID>
          <gpoId />
        </identifiers>
        <firstName>Jody</firstName>
        <state>GA</state>
        <district>10</district>
        <isOriginalCosponsor>True</isOriginalCosponsor>
        <bioguideId>H001071</bioguideId>
        <lastName>Hice</lastName>
        <middleName>B.</middleName>
      </item>
      <item>
        <sponsorshipDate>2015-05-22</sponsorshipDate>
        <party>R</party>
        <fullName>Rep. Hartzler, Vicky [R-MO-4]</fullName>
        <sponsorshipWithdrawnDate />
        <identifiers>
          <lisID>2032</lisID>
          <gpoId>8012</gpoId>
          <bioguideId>H001053</bioguideId>
        </identifiers>
        <firstName>Vicky</firstName>
        <state>MO</state>
        <district>4</district>
        <isOriginalCosponsor>False</isOriginalCosponsor>
        <bioguideId>H001053</bioguideId>
        <lastName>Hartzler</lastName>
        <middleName />
      </item>
      <item>
        <sponsorshipDate>2015-05-22</sponsorshipDate>
        <party>R</party>
        <fullName>Rep. Barr, Andy [R-KY-6]</fullName>
        <sponsorshipWithdrawnDate />
        <identifiers>
          <lisID>2131</lisID>
          <gpoId />
          <bioguideId>B001282</bioguideId>
        </identifiers>
        <firstName>Andy</firstName>
        <state>KY</state>
        <district>6</district>
        <isOriginalCosponsor>False</isOriginalCosponsor>
        <bioguideId>B001282</bioguideId>
        <lastName>Barr</lastName>
        <middleName />
      </item>
      <item>
        <sponsorshipDate>2015-05-26</sponsorshipDate>
        <party>R</party>
        <fullName>Rep. Issa, Darrell E. [R-CA-49]</fullName>
        <sponsorshipWithdrawnDate />
        <identifiers>
          <lisID>1640</lisID>
          <gpoId>7854</gpoId>
          <bioguideId>I000056</bioguideId>
        </identifiers>
        <firstName>DARRELL</firstName>
        <state>CA</state>
        <district>49</district>
        <isOriginalCosponsor>False</isOriginalCosponsor>
        <bioguideId>I000056</bioguideId>
        <lastName>ISSA</lastName>
        <middleName>E.</middleName>
      </item>
      <item>
        <sponsorshipDate>2015-05-29</sponsorshipDate>
        <party>D</party>
        <fullName>Rep. Lewis, John [D-GA-5]</fullName>
        <sponsorshipWithdrawnDate />
        <identifiers>
          <lisID>688</lisID>
          <gpoId>7902</gpoId>
          <bioguideId>L000287</bioguideId>
        </identifiers>
        <firstName>JOHN</firstName>
        <state>GA</state>
        <district>5</district>
        <isOriginalCosponsor>False</isOriginalCosponsor>
        <bioguideId>L000287</bioguideId>
        <lastName>LEWIS</lastName>
        <middleName />
      </item>
      <item>
        <sponsorshipDate>2015-05-29</sponsorshipDate>
        <party>R</party>
        <fullName>Rep. Graves, Tom [R-GA-14]</fullName>
        <sponsorshipWithdrawnDate />
        <identifiers>
          <lisID>1979</lisID>
          <gpoId>7906</gpoId>
          <bioguideId>G000560</bioguideId>
        </identifiers>
        <firstName>Tom</firstName>
        <state>GA</state>
        <district>14</district>
        <isOriginalCosponsor>False</isOriginalCosponsor>
        <bioguideId>G000560</bioguideId>
        <lastName>Graves</lastName>
        <middleName />
      </item>
      <item>
        <sponsorshipDate>2015-05-29</sponsorshipDate>
        <party>D</party>
        <fullName>Rep. Scott, David [D-GA-13]</fullName>
        <sponsorshipWithdrawnDate />
        <identifiers>
          <bioguideId>S001157</bioguideId>
          <gpoId>7910</gpoId>
          <lisID>1722</lisID>
        </identifiers>
        <firstName>David</firstName>
        <state>GA</state>
        <district>13</district>
        <isOriginalCosponsor>False</isOriginalCosponsor>
        <bioguideId>S001157</bioguideId>
        <lastName>Scott</lastName>
        <middleName />
      </item>
      <item>
        <sponsorshipDate>2015-06-02</sponsorshipDate>
        <party>R</party>
        <fullName>Rep. Carter, Earl L. "Buddy" [R-GA-1]</fullName>
        <sponsorshipWithdrawnDate />
        <identifiers>
          <lisID>2236</lisID>
          <gpoId />
          <bioguideId>C001103</bioguideId>
        </identifiers>
        <firstName>Earl</firstName>
        <state>GA</state>
        <district>1</district>
        <isOriginalCosponsor>False</isOriginalCosponsor>
        <bioguideId>C001103</bioguideId>
        <lastName>Carter</lastName>
        <middleName>L. "Buddy"</middleName>
      </item>
      <item>
        <sponsorshipDate>2015-06-02</sponsorshipDate>
        <party>R</party>
        <fullName>Rep. Price, Tom [R-GA-6]</fullName>
        <sponsorshipWithdrawnDate />
        <identifiers>
          <lisID>1778</lisID>
          <gpoId>7903</gpoId>
          <bioguideId>P000591</bioguideId>
        </identifiers>
        <firstName>Tom</firstName>
        <state>GA</state>
        <district>6</district>
        <isOriginalCosponsor>False</isOriginalCosponsor>
        <bioguideId>P000591</bioguideId>
        <lastName>Price</lastName>
        <middleName />
      </item>
      <item>
        <sponsorshipDate>2015-06-02</sponsorshipDate>
        <party>R</party>
        <fullName>Rep. Loudermilk, Barry [R-GA-11]</fullName>
        <sponsorshipWithdrawnDate />
        <identifiers>
          <gpoId />
          <bioguideId>L000583</bioguideId>
          <lisID>2238</lisID>
        </identifiers>
        <firstName>Barry</firstName>
        <state>GA</state>
        <district>11</district>
        <isOriginalCosponsor>False</isOriginalCosponsor>
        <bioguideId>L000583</bioguideId>
        <lastName>Loudermilk</lastName>
        <middleName />
      </item>
      <item>
        <sponsorshipDate>2015-06-08</sponsorshipDate>
        <party>D</party>
        <fullName>Rep. Bishop, Sanford D., Jr. [D-GA-2]</fullName>
        <sponsorshipWithdrawnDate />
        <identifiers>
          <bioguideId>B000490</bioguideId>
          <lisID>91</lisID>
          <gpoId>7899</gpoId>
        </identifiers>
        <firstName>SANFORD</firstName>
        <state>GA</state>
        <district>2</district>
        <isOriginalCosponsor>False</isOriginalCosponsor>
        <bioguideId>B000490</bioguideId>
        <lastName>BISHOP</lastName>
        <middleName>D.</middleName>
      </item>
      <item>
        <sponsorshipDate>2015-06-08</sponsorshipDate>
        <party>D</party>
        <fullName>Rep. Serrano, Jose E. [D-NY-15]</fullName>
        <sponsorshipWithdrawnDate />
        <identifiers>
          <lisID>1042</lisID>
          <gpoId>8077</gpoId>
          <bioguideId>S000248</bioguideId>
        </identifiers>
        <firstName>JOSE</firstName>
        <state>NY</state>
        <district>15</district>
        <isOriginalCosponsor>False</isOriginalCosponsor>
        <bioguideId>S000248</bioguideId>
        <lastName>SERRANO</lastName>
        <middleName>E.</middleName>
      </item>
      <item>
        <sponsorshipDate>2015-06-08</sponsorshipDate>
        <party>D</party>
        <fullName>Rep. Johnson, Henry C. "Hank," Jr. [D-GA-4]</fullName>
        <sponsorshipWithdrawnDate />
        <identifiers>
          <lisID>1843</lisID>
          <gpoId>7901</gpoId>
          <bioguideId>J000288</bioguideId>
        </identifiers>
        <firstName>Henry</firstName>
        <state>GA</state>
        <district>4</district>
        <isOriginalCosponsor>False</isOriginalCosponsor>
        <bioguideId>J000288</bioguideId>
        <lastName>Johnson</lastName>
        <middleName>C. "Hank"</middleName>
      </item>
      <item>
        <sponsorshipDate>2015-06-11</sponsorshipDate>
        <party>D</party>
        <fullName>Rep. Gallego, Ruben [D-AZ-7]</fullName>
        <sponsorshipWithdrawnDate />
        <identifiers>
          <bioguideId>G000574</bioguideId>
          <gpoId />
          <lisID>2226</lisID>
        </identifiers>
        <firstName>Ruben</firstName>
        <state>AZ</state>
        <district>7</district>
        <isOriginalCosponsor>False</isOriginalCosponsor>
        <bioguideId>G000574</bioguideId>
        <lastName>Gallego</lastName>
        <middleName />
      </item>
      <item>
        <sponsorshipDate>2015-06-12</sponsorshipDate>
        <party>R</party>
        <fullName>Rep. Perry, Scott [R-PA-4]</fullName>
        <sponsorshipWithdrawnDate />
        <identifiers>
          <lisID>2157</lisID>
          <gpoId />
          <bioguideId>P000605</bioguideId>
        </identifiers>
        <firstName>Scott</firstName>
        <state>PA</state>
        <district>4</district>
        <isOriginalCosponsor>False</isOriginalCosponsor>
        <bioguideId>P000605</bioguideId>
        <lastName>Perry</lastName>
        <middleName />
      </item>
      <item>
        <sponsorshipDate>2015-06-17</sponsorshipDate>
        <party>D</party>
        <fullName>Rep. Peters, Scott H. [D-CA-52]</fullName>
        <sponsorshipWithdrawnDate />
        <identifiers>
          <bioguideId>P000608</bioguideId>
          <lisID>2113</lisID>
          <gpoId />
        </identifiers>
        <firstName>Scott</firstName>
        <state>CA</state>
        <district>52</district>
        <isOriginalCosponsor>False</isOriginalCosponsor>
        <bioguideId>P000608</bioguideId>
        <lastName>Peters</lastName>
        <middleName>H.</middleName>
      </item>
      <item>
        <sponsorshipDate>2015-06-19</sponsorshipDate>
        <party>D</party>
        <fullName>Rep. Larson, John B. [D-CT-1]</fullName>
        <sponsorshipWithdrawnDate />
        <identifiers>
          <lisID>1583</lisID>
          <gpoId>7866</gpoId>
          <bioguideId>L000557</bioguideId>
        </identifiers>
        <firstName>JOHN</firstName>
        <state>CT</state>
        <district>1</district>
        <isOriginalCosponsor>False</isOriginalCosponsor>
        <bioguideId>L000557</bioguideId>
        <lastName>LARSON</lastName>
        <middleName>B.</middleName>
      </item>
      <item>
        <sponsorshipDate>2015-07-07</sponsorshipDate>
        <party>R</party>
        <fullName>Rep. Miller, Jeff [R-FL-1]</fullName>
        <sponsorshipWithdrawnDate />
        <identifiers>
          <lisID>1685</lisID>
          <gpoId>7873</gpoId>
          <bioguideId>M001144</bioguideId>
        </identifiers>
        <firstName>Jeff</firstName>
        <state>FL</state>
        <district>1</district>
        <isOriginalCosponsor>False</isOriginalCosponsor>
        <bioguideId>M001144</bioguideId>
        <lastName>Miller</lastName>
        <middleName />
      </item>
      <item>
        <sponsorshipDate>2015-07-07</sponsorshipDate>
        <party>D</party>
        <fullName>Rep. Esty, Elizabeth H. [D-CT-5]</fullName>
        <sponsorshipWithdrawnDate />
        <identifiers>
          <gpoId />
          <bioguideId>E000293</bioguideId>
          <lisID>2114</lisID>
        </identifiers>
        <firstName>Elizabeth</firstName>
        <state>CT</state>
        <district>5</district>
        <isOriginalCosponsor>False</isOriginalCosponsor>
        <bioguideId>E000293</bioguideId>
        <lastName>Esty</lastName>
        <middleName>H.</middleName>
      </item>
      <item>
        <sponsorshipDate>2015-07-28</sponsorshipDate>
        <party>R</party>
        <fullName>Rep. Woodall, Rob [R-GA-7]</fullName>
        <sponsorshipWithdrawnDate />
        <identifiers>
          <bioguideId>W000810</bioguideId>
          <gpoId>7904</gpoId>
          <lisID>2008</lisID>
        </identifiers>
        <firstName>Rob</firstName>
        <state>GA</state>
        <district>7</district>
        <isOriginalCosponsor>False</isOriginalCosponsor>
        <bioguideId>W000810</bioguideId>
        <lastName>Woodall</lastName>
        <middleName />
      </item>
      <item>
        <sponsorshipDate>2015-09-08</sponsorshipDate>
        <party>D</party>
        <fullName>Rep. Lieu, Ted [D-CA-33]</fullName>
        <sponsorshipWithdrawnDate />
        <identifiers>
          <lisID>2230</lisID>
          <gpoId />
          <bioguideId>L000582</bioguideId>
        </identifiers>
        <firstName>Ted</firstName>
        <state>CA</state>
        <district>33</district>
        <isOriginalCosponsor>False</isOriginalCosponsor>
        <bioguideId>L000582</bioguideId>
        <lastName>Lieu</lastName>
        <middleName />
      </item>
    </cosponsors>
    <calendarNumbers />
    <policyArea>
      <name>Armed Forces and National Security</name>
    </policyArea>
    <billType>HCONRES</billType>
    <summaries>
      <billSummaries>
        <item>
          <text><![CDATA[<p>Honors military caregivers of members of the Armed Forces and veterans for their service and sacrifice to the United States. </p> <p>Encourages the people of the United States to show support to military families and the sacrifices endured by those families in service to the United States.</p> <p> Recognizes the daisy as the flower for military caregivers.</p>]]></text>
          <lastSummaryUpdateDate>2015-05-27T19:09:06Z</lastSummaryUpdateDate>
          <actionDesc>Introduced in House</actionDesc>
          <versionCode>00</versionCode>
          <updateDate>2015-05-21T04:00:00Z</updateDate>
          <name>Introduced in House</name>
          <actionDate>2015-05-21</actionDate>
        </item>
      </billSummaries>
    </summaries>
    <notes />
    <congress>114</congress>
    <recordedVotes />
    <sponsors>
      <item>
        <party>R</party>
        <middleName />
        <lastName>Collins</lastName>
        <fullName>Rep. Collins, Doug [R-GA-9]</fullName>
        <bioguideId>C001093</bioguideId>
        <state>GA</state>
        <byRequestType />
        <district>9</district>
        <identifiers>
          <lisID>2121</lisID>
          <gpoId />
          <bioguideId>C001093</bioguideId>
        </identifiers>
        <firstName>Doug</firstName>
      </item>
    </sponsors>
    <titles>
      <item>
        <title>Recognizing the daisy as the flower for military caregivers.</title>
        <parentTitleType />
        <chamberName />
        <titleType>Official Title as Introduced</titleType>
        <chamberCode />
      </item>
      <item>
        <title>Recognizing the daisy as the flower for military caregivers.</title>
        <parentTitleType />
        <chamberName />
        <titleType>Display Title</titleType>
        <chamberCode />
      </item>
    </titles>
    <billNumber>49</billNumber>
    <relatedBills>
      <item>
        <congress>114</congress>
        <number>18</number>
        <latestAction>
          <text>Referred to the Committee on Veterans' Affairs. (text of measure as introduced: CR S4348)</text>
          <actionDate>2015-06-22</actionDate>
        </latestAction>
        <type>SCONRES</type>
        <relationshipDetails>
          <item>
            <type>Related bill</type>
            <identifiedBy>CRS</identifiedBy>
          </item>
        </relationshipDetails>
        <latestTitle>A concurrent resolution recongizing the daisy as the flower for military caregivers.</latestTitle>
      </item>
      <item>
        <congress>114</congress>
        <number>44</number>
        <latestAction>
          <text>Referred to the Subcommittee on Military Personnel.</text>
          <actionDate>2016-08-11</actionDate>
        </latestAction>
        <type>SCONRES</type>
        <relationshipDetails>
          <item>
            <type>Related bill</type>
            <identifiedBy>CRS</identifiedBy>
          </item>
        </relationshipDetails>
        <latestTitle>A concurrent resolution recognizing the sunflower as the flower for military caregivers.</latestTitle>
      </item>
    </relatedBills>
    <subjects>
      <billSubjects>
        <legislativeSubjects>
          <item>
            <name>Congressional tributes</name>
          </item>
          <item>
            <name>Horticulture and plants</name>
          </item>
          <item>
            <name>Military personnel and dependents</name>
          </item>
          <item>
            <name>Veterans' medical care</name>
          </item>
        </legislativeSubjects>
        <policyArea>
          <name>Armed Forces and National Security</name>
        </policyArea>
      </billSubjects>
    </subjects>
    <amendments />
    <originChamber>House</originChamber>
    <updateDate>2017-01-11T14:28:56Z</updateDate>
    <latestAction>
      <actionDate>2015-08-13</actionDate>
      <links />
      <text>Referred to the Subcommittee on Military Personnel.</text>
    </latestAction>
    <committees>
      <billCommittees>
        <item>
          <name>Armed Services Committee</name>
          <activities>
            <item>
              <name>Referred to</name>
              <date>2015-05-21T14:08:35Z</date>
            </item>
          </activities>
          <subcommittees>
            <item>
              <name>Military Personnel Subcommittee</name>
              <activities>
                <item>
                  <name>Referred to</name>
                  <date>2015-08-13T20:26:34Z</date>
                </item>
              </activities>
              <systemCode>hsas02</systemCode>
            </item>
          </subcommittees>
          <chamber>House</chamber>
          <type>Standing</type>
          <systemCode>hsas00</systemCode>
        </item>
        <item>
          <name>Veterans' Affairs Committee</name>
          <activities>
            <item>
              <name>Referred to</name>
              <date>2015-05-21T14:08:40Z</date>
            </item>
          </activities>
          <subcommittees />
          <chamber>House</chamber>
          <type>Standing</type>
          <systemCode>hsvr00</systemCode>
        </item>
      </billCommittees>
    </committees>
    <committeeReports />
    <constitutionalAuthorityStatementText />
    <actions>
      <item>
        <actionDate>2015-08-13</actionDate>
        <committee>
          <systemCode>hsas02</systemCode>
          <name>Military Personnel Subcommittee</name>
        </committee>
        <links />
        <sourceSystem>
          <code>1</code>
          <name>House committee actions</name>
        </sourceSystem>
        <text>Referred to the Subcommittee on Military Personnel.</text>
        <type>Committee</type>
      </item>
      <item>
        <sourceSystem>
          <code>2</code>
          <name>House floor actions</name>
        </sourceSystem>
        <type>IntroReferral</type>
        <actionDate>2015-05-21</actionDate>
        <committee>
          <systemCode>hsvr00</systemCode>
          <name>Veterans' Affairs Committee</name>
        </committee>
        <text>Referred to House Veterans' Affairs</text>
        <actionCode>H11100</actionCode>
        <links />
      </item>
      <item>
        <sourceSystem>
          <code>9</code>
          <name>Library of Congress</name>
        </sourceSystem>
        <type>IntroReferral</type>
        <actionDate>2015-05-21</actionDate>
        <committee />
        <text>Referred to the Committee on Armed Services, and in addition to the Committee on Veterans' Affairs, for a period to be subsequently determined by the Speaker, in each case for consideration of such provisions as fall within the jurisdiction of the committee concerned.</text>
        <actionCode>H11100-A</actionCode>
        <links />
      </item>
      <item>
        <sourceSystem>
          <code>2</code>
          <name>House floor actions</name>
        </sourceSystem>
        <type>IntroReferral</type>
        <actionDate>2015-05-21</actionDate>
        <committee>
          <systemCode>hsas00</systemCode>
          <name>Armed Services Committee</name>
        </committee>
        <text>Referred to House Armed Services</text>
        <actionCode>H11100</actionCode>
        <links />
      </item>
      <item>
        <sourceSystem>
          <code>9</code>
          <name>Library of Congress</name>
        </sourceSystem>
        <type>IntroReferral</type>
        <actionDate>2015-05-21</actionDate>
        <committee />
        <text>Introduced in House</text>
        <actionCode>Intro-H</actionCode>
        <links />
      </item>
      <item>
        <sourceSystem>
          <code>9</code>
          <name>Library of Congress</name>
        </sourceSystem>
        <type>IntroReferral</type>
        <actionDate>2015-05-21</actionDate>
        <committee />
        <text>Introduced in House</text>
        <actionCode>1000</actionCode>
        <links />
      </item>
      <actionByCounts>
        <houseOfRepresentatives>6</houseOfRepresentatives>
      </actionByCounts>
      <actionTypeCounts>
        <introducedInTheHouse>1</introducedInTheHouse>
        <billReferrals>2</billReferrals>
        <introducedInHouse>1</introducedInHouse>
        <billReferralsAggregate>1</billReferralsAggregate>
        <placeholderTextForH>1</placeholderTextForH>
      </actionTypeCounts>
    </actions>
    <laws />
    <cboCostEstimates />
    <title>Recognizing the daisy as the flower for military caregivers.</title>
  </bill>
  <dublinCore xmlns:dc="http://purl.org/dc/elements/1.1/">
    <dc:format>text/xml</dc:format>
    <dc:language>EN</dc:language>
    <dc:rights>Pursuant to Title 17 Section 105 of the United States Code, this file is not subject to copyright protection and is in the public domain.</dc:rights>
    <dc:contributor>Congressional Research Service, Library of Congress</dc:contributor>
    <dc:description>This file contains bill summaries and statuses for federal legislation. A bill summary describes the most significant provisions of a piece of legislation and details the effects the legislative text may have on current law and federal programs. Bill summaries are authored by the Congressional Research Service (CRS) of the Library of Congress. As stated in Public Law 91-510 (2 USC 166 (d)(6)), one of the duties of CRS is "to prepare summaries and digests of bills and resolutions of a public general nature introduced in the Senate or House of Representatives". For more information, refer to the User Guide that accompanies this file.</dc:description>
  </dublinCore>
</billStatus>

