<?xml version="1.0" encoding="UTF-8"?>
<billStatus>
  <bill>
    <committeeReports>
      <committeeReport>
        <citation>H. Rept. 114-86</citation>
      </committeeReport>
    </committeeReports>
    <sponsors>
      <item>
        <middleName>H.</middleName>
        <party>D</party>
        <fullName>Rep. Hoyer, Steny H. [D-MD-5]</fullName>
        <state>MD</state>
        <byRequestType />
        <lastName>HOYER</lastName>
        <district>5</district>
        <identifiers>
          <bioguideId>H000874</bioguideId>
          <lisID>566</lisID>
          <gpoId>7980</gpoId>
        </identifiers>
        <firstName>STENY</firstName>
        <bioguideId>H000874</bioguideId>
      </item>
    </sponsors>
    <recordedVotes />
    <updateDate>2017-01-20T12:33:23Z</updateDate>
    <actions>
      <item>
        <actionDate>2015-04-27</actionDate>
        <committee />
        <links />
        <sourceSystem>
          <code>0</code>
          <name>Senate</name>
        </sourceSystem>
        <text>Message on Senate action sent to the House.</text>
        <type>Floor</type>
      </item>
      <item>
        <actionDate>2015-04-23</actionDate>
        <committee />
        <links>
          <link>
            <url>https://www.congress.gov/congressional-record/volume-161/senate-section/page/S2417</url>
            <name>S2417</name>
          </link>
        </links>
        <sourceSystem>
          <code>0</code>
          <name>Senate</name>
        </sourceSystem>
        <text>Resolution agreed to in Senate without amendment by Unanimous Consent. (consideration: CR S2417)</text>
        <type>Floor</type>
      </item>
      <item>
        <actionCode>17000</actionCode>
        <actionDate>2015-04-23</actionDate>
        <text>Passed/agreed to in Senate: Resolution agreed to in Senate without amendment by Unanimous Consent.(consideration: CR S2417)</text>
        <sourceSystem>
          <code>9</code>
          <name>Library of Congress</name>
        </sourceSystem>
        <committee />
        <links>
          <link>
            <url>https://www.congress.gov/congressional-record/volume-161/senate-section/page/S2417</url>
            <name>S2417</name>
          </link>
        </links>
        <type>Floor</type>
      </item>
      <item>
        <actionDate>2015-04-22</actionDate>
        <committee />
        <links />
        <sourceSystem>
          <code>0</code>
          <name>Senate</name>
        </sourceSystem>
        <text>Received in the Senate.</text>
        <type>IntroReferral</type>
      </item>
      <item>
        <actionCode>H38310</actionCode>
        <actionDate>2015-04-21</actionDate>
        <text>Motion to reconsider laid on the table Agreed to without objection.</text>
        <sourceSystem>
          <code>2</code>
          <name>House floor actions</name>
        </sourceSystem>
        <committee />
        <links />
        <actionTime>16:28:04</actionTime>
        <type>Floor</type>
      </item>
      <item>
        <actionCode>H37300</actionCode>
        <actionDate>2015-04-21</actionDate>
        <text>On motion to suspend the rules and agree to the resolution Agreed to by voice vote. (text: CR H2332)</text>
        <sourceSystem>
          <code>2</code>
          <name>House floor actions</name>
        </sourceSystem>
        <committee />
        <links>
          <link>
            <url>https://www.congress.gov/congressional-record/volume-161/house-section/page/H2332</url>
            <name>H2332</name>
          </link>
        </links>
        <actionTime>16:28:03</actionTime>
        <type>Floor</type>
      </item>
      <item>
        <actionCode>8000</actionCode>
        <actionDate>2015-04-21</actionDate>
        <text>Passed/agreed to in House: On motion to suspend the rules and agree to the resolution Agreed to by voice vote.(text: CR H2332)</text>
        <sourceSystem>
          <code>9</code>
          <name>Library of Congress</name>
        </sourceSystem>
        <committee />
        <links>
          <link>
            <url>https://www.congress.gov/congressional-record/volume-161/house-section/page/H2332</url>
            <name>H2332</name>
          </link>
        </links>
        <actionTime>16:28:03</actionTime>
        <type>Floor</type>
      </item>
      <item>
        <actionCode>H8D000</actionCode>
        <actionDate>2015-04-21</actionDate>
        <text>DEBATE - The House proceeded with forty minutes of debate on H. Con. Res. 21.</text>
        <sourceSystem>
          <code>2</code>
          <name>House floor actions</name>
        </sourceSystem>
        <committee />
        <links>
          <link>
            <url>https://www.congress.gov/bill/114th-congress/house-concurrent-resolution/21</url>
            <name>H. Con. Res. 21</name>
          </link>
        </links>
        <actionTime>16:18:08</actionTime>
        <type>Floor</type>
      </item>
      <item>
        <actionCode>H30000</actionCode>
        <actionDate>2015-04-21</actionDate>
        <text>Considered under suspension of the rules. (consideration: CR H2332-2333)</text>
        <sourceSystem>
          <code>2</code>
          <name>House floor actions</name>
        </sourceSystem>
        <committee />
        <links>
          <link>
            <url>https://www.congress.gov/congressional-record/volume-161/house-section/page/H2332-2333</url>
            <name>H2332-2333</name>
          </link>
        </links>
        <actionTime>16:18:06</actionTime>
        <type>Floor</type>
      </item>
      <item>
        <actionCode>H30300</actionCode>
        <actionDate>2015-04-21</actionDate>
        <text>Mr. Barletta moved to suspend the rules and agree to the resolution.</text>
        <sourceSystem>
          <code>2</code>
          <name>House floor actions</name>
        </sourceSystem>
        <committee />
        <links />
        <actionTime>16:18:01</actionTime>
        <type>Floor</type>
      </item>
      <item>
        <actionCode>H12420</actionCode>
        <actionDate>2015-04-20</actionDate>
        <text>Placed on the House Calendar, Calendar No. 22.</text>
        <sourceSystem>
          <code>2</code>
          <name>House floor actions</name>
        </sourceSystem>
        <committee />
        <links />
        <type>Calendars</type>
      </item>
      <item>
        <actionCode>H12200</actionCode>
        <actionDate>2015-04-20</actionDate>
        <text>Reported by the Committee on Transportation and Infrastructure. H. Rept. 114-86.</text>
        <sourceSystem>
          <code>2</code>
          <name>House floor actions</name>
        </sourceSystem>
        <committee>
          <systemCode>hspw00</systemCode>
          <name>Transportation and Infrastructure Committee</name>
        </committee>
        <links>
          <link>
            <url>https://www.congress.gov/congressional-report/114th-congress/house-report/86</url>
            <name>H. Rept. 114-86</name>
          </link>
        </links>
        <type>Committee</type>
      </item>
      <item>
        <actionCode>5000</actionCode>
        <actionDate>2015-04-20</actionDate>
        <text>Reported by the Committee on Transportation and Infrastructure. H. Rept. 114-86.</text>
        <sourceSystem>
          <code>9</code>
          <name>Library of Congress</name>
        </sourceSystem>
        <committee>
          <systemCode>hspw00</systemCode>
          <name>Transportation and Infrastructure Committee</name>
        </committee>
        <links>
          <link>
            <url>https://www.congress.gov/congressional-report/114th-congress/house-report/86</url>
            <name>H. Rept. 114-86</name>
          </link>
        </links>
        <type>Committee</type>
      </item>
      <item>
        <actionDate>2015-04-15</actionDate>
        <committee>
          <systemCode>hspw00</systemCode>
          <name>Transportation and Infrastructure Committee</name>
        </committee>
        <links />
        <sourceSystem>
          <code>1</code>
          <name>House committee actions</name>
        </sourceSystem>
        <text>Ordered to be Reported by Voice Vote.</text>
        <type>Committee</type>
      </item>
      <item>
        <actionDate>2015-04-15</actionDate>
        <committee>
          <systemCode>hspw00</systemCode>
          <name>Transportation and Infrastructure Committee</name>
        </committee>
        <links />
        <sourceSystem>
          <code>1</code>
          <name>House committee actions</name>
        </sourceSystem>
        <text>Committee Consideration and Mark-up Session Held.</text>
        <type>Committee</type>
      </item>
      <item>
        <actionDate>2015-04-15</actionDate>
        <committee>
          <systemCode>hspw00</systemCode>
          <name>Transportation and Infrastructure Committee</name>
        </committee>
        <links />
        <sourceSystem>
          <code>1</code>
          <name>House committee actions</name>
        </sourceSystem>
        <text>Subcommittee on Economic Development, Public Buildings and Emergency Management Discharged.</text>
        <type>Committee</type>
      </item>
      <item>
        <actionDate>2015-03-04</actionDate>
        <committee>
          <systemCode>hspw13</systemCode>
          <name>Economic Development, Public Buildings and Emergency Management Subcommittee</name>
        </committee>
        <links />
        <sourceSystem>
          <code>1</code>
          <name>House committee actions</name>
        </sourceSystem>
        <text>Referred to the Subcommittee on Economic Development, Public Buildings and Emergency Management.</text>
        <type>Committee</type>
      </item>
      <item>
        <actionCode>H11100</actionCode>
        <actionDate>2015-03-03</actionDate>
        <text>Referred to the House Committee on Transportation and Infrastructure.</text>
        <sourceSystem>
          <code>2</code>
          <name>House floor actions</name>
        </sourceSystem>
        <committee>
          <systemCode>hspw00</systemCode>
          <name>Transportation and Infrastructure Committee</name>
        </committee>
        <links />
        <type>IntroReferral</type>
      </item>
      <item>
        <actionCode>Intro-H</actionCode>
        <actionDate>2015-03-03</actionDate>
        <text>Introduced in House</text>
        <sourceSystem>
          <code>9</code>
          <name>Library of Congress</name>
        </sourceSystem>
        <committee />
        <links />
        <type>IntroReferral</type>
      </item>
      <item>
        <actionCode>1000</actionCode>
        <actionDate>2015-03-03</actionDate>
        <text>Introduced in House</text>
        <sourceSystem>
          <code>9</code>
          <name>Library of Congress</name>
        </sourceSystem>
        <committee />
        <links />
        <type>IntroReferral</type>
      </item>
      <actionTypeCounts>
        <actionStageOverride>1</actionStageOverride>
        <generalDebate>1</generalDebate>
        <reportedToHouse>1</reportedToHouse>
        <motionToReconsiderResults>1</motionToReconsiderResults>
        <committeeReportOfABill>1</committeeReportOfABill>
        <agreedToInSenate>1</agreedToInSenate>
        <passedAgreedToInSenate>1</passedAgreedToInSenate>
        <houseCalendarAssignment>1</houseCalendarAssignment>
        <introducedInSenate>1</introducedInSenate>
        <motionMadeToSuspendTheRules>1</motionMadeToSuspendTheRules>
        <finalPassageUnderSuspensionOfTheRulesResults>1</finalPassageUnderSuspensionOfTheRulesResults>
        <introducedInHouse>1</introducedInHouse>
        <introducedInTheHouse>1</introducedInTheHouse>
        <billReferrals>1</billReferrals>
        <passedAgreedToInHouse>1</passedAgreedToInHouse>
        <considerationByHouse>1</considerationByHouse>
        <placeholderTextForH>3</placeholderTextForH>
        <sentToHouse>1</sentToHouse>
      </actionTypeCounts>
      <actionByCounts>
        <houseOfRepresentatives>16</houseOfRepresentatives>
        <senate>4</senate>
      </actionByCounts>
    </actions>
    <createDate>2015-03-04T04:46:19Z</createDate>
    <introducedDate>2015-03-03</introducedDate>
    <constitutionalAuthorityStatementText />
    <title>Authorizing the use of the Capitol Grounds for the Greater Washington Soap Box Derby.</title>
    <latestAction>
      <actionDate>2015-04-27</actionDate>
      <links />
      <text>Message on Senate action sent to the House.</text>
    </latestAction>
    <cosponsors>
      <item>
        <sponsorshipDate>2015-03-03</sponsorshipDate>
        <fullName>Rep. Van Hollen, Chris [D-MD-8]</fullName>
        <isOriginalCosponsor>True</isOriginalCosponsor>
        <middleName />
        <lastName>Van Hollen</lastName>
        <firstName>Chris</firstName>
        <sponsorshipWithdrawnDate />
        <bioguideId>V000128</bioguideId>
        <identifiers>
          <lisID>1729</lisID>
          <bioguideId>V000128</bioguideId>
          <gpoId>7983</gpoId>
        </identifiers>
        <party>D</party>
        <state>MD</state>
        <district>8</district>
      </item>
      <item>
        <sponsorshipDate>2015-03-03</sponsorshipDate>
        <fullName>Rep. Norton, Eleanor Holmes [D-DC-At Large]</fullName>
        <isOriginalCosponsor>True</isOriginalCosponsor>
        <middleName>HOLMES</middleName>
        <lastName>NORTON</lastName>
        <firstName>ELEANOR</firstName>
        <sponsorshipWithdrawnDate />
        <bioguideId>N000147</bioguideId>
        <identifiers>
          <lisID>868</lisID>
          <bioguideId>N000147</bioguideId>
          <gpoId>7871</gpoId>
        </identifiers>
        <party>D</party>
        <state>DC</state>
        <district>0</district>
      </item>
      <item>
        <sponsorshipDate>2015-03-03</sponsorshipDate>
        <fullName>Rep. Edwards, Donna F. [D-MD-4]</fullName>
        <isOriginalCosponsor>True</isOriginalCosponsor>
        <middleName>F.</middleName>
        <lastName>Edwards</lastName>
        <firstName>Donna</firstName>
        <sponsorshipWithdrawnDate />
        <bioguideId>E000290</bioguideId>
        <identifiers>
          <bioguideId>E000290</bioguideId>
          <gpoId>7979</gpoId>
          <lisID>1894</lisID>
        </identifiers>
        <party>D</party>
        <state>MD</state>
        <district>4</district>
      </item>
      <item>
        <sponsorshipDate>2015-03-03</sponsorshipDate>
        <fullName>Rep. Delaney, John K. [D-MD-6]</fullName>
        <isOriginalCosponsor>True</isOriginalCosponsor>
        <middleName>K.</middleName>
        <lastName>Delaney</lastName>
        <firstName>John</firstName>
        <sponsorshipWithdrawnDate />
        <bioguideId>D000620</bioguideId>
        <identifiers>
          <gpoId />
          <lisID>2133</lisID>
          <bioguideId>D000620</bioguideId>
        </identifiers>
        <party>D</party>
        <state>MD</state>
        <district>6</district>
      </item>
      <item>
        <sponsorshipDate>2015-03-03</sponsorshipDate>
        <fullName>Rep. Connolly, Gerald E. [D-VA-11]</fullName>
        <isOriginalCosponsor>True</isOriginalCosponsor>
        <middleName>E.</middleName>
        <lastName>Connolly</lastName>
        <firstName>Gerald</firstName>
        <sponsorshipWithdrawnDate />
        <bioguideId>C001078</bioguideId>
        <identifiers>
          <bioguideId>C001078</bioguideId>
          <lisID>1959</lisID>
          <gpoId>8202</gpoId>
        </identifiers>
        <party>D</party>
        <state>VA</state>
        <district>11</district>
      </item>
      <item>
        <sponsorshipDate>2015-03-03</sponsorshipDate>
        <fullName>Rep. Beyer, Donald S., Jr. [D-VA-8]</fullName>
        <isOriginalCosponsor>True</isOriginalCosponsor>
        <middleName>S.</middleName>
        <lastName>Beyer</lastName>
        <firstName>Donald</firstName>
        <sponsorshipWithdrawnDate />
        <bioguideId>B001292</bioguideId>
        <identifiers>
          <lisID>2272</lisID>
          <bioguideId>B001292</bioguideId>
          <gpoId />
        </identifiers>
        <party>D</party>
        <state>VA</state>
        <district>8</district>
      </item>
      <item>
        <sponsorshipDate>2015-03-03</sponsorshipDate>
        <fullName>Rep. Comstock, Barbara [R-VA-10]</fullName>
        <isOriginalCosponsor>True</isOriginalCosponsor>
        <middleName />
        <lastName>Comstock</lastName>
        <firstName>Barbara</firstName>
        <sponsorshipWithdrawnDate />
        <bioguideId>C001105</bioguideId>
        <identifiers>
          <bioguideId>C001105</bioguideId>
          <gpoId />
          <lisID>2273</lisID>
        </identifiers>
        <party>R</party>
        <state>VA</state>
        <district>10</district>
      </item>
    </cosponsors>
    <originChamber>House</originChamber>
    <subjects>
      <billSubjects>
        <policyArea>
          <name>Congress</name>
        </policyArea>
        <legislativeSubjects>
          <item>
            <name>Games and hobbies</name>
          </item>
          <item>
            <name>Outdoor recreation</name>
          </item>
          <item>
            <name>U.S. Capitol</name>
          </item>
        </legislativeSubjects>
      </billSubjects>
    </subjects>
    <billType>HCONRES</billType>
    <policyArea>
      <name>Congress</name>
    </policyArea>
    <laws />
    <cboCostEstimates>
      <item>
        <title>H. Con. Res. 21, a concurrent resolution authorizing the use of the Capitol Grounds for the Greater Washington Soap Box Derby</title>
        <pubDate>2015-04-17T17:35:46Z</pubDate>
        <url>https://www.cbo.gov/publication/50120</url>
      </item>
    </cboCostEstimates>
    <calendarNumbers>
      <item>
        <calendar>H00022</calendar>
        <number />
      </item>
    </calendarNumbers>
    <amendments />
    <summaries>
      <billSummaries>
        <item>
          <name>Introduced in House</name>
          <actionDate>2015-03-03</actionDate>
          <actionDesc>Introduced in House</actionDesc>
          <lastSummaryUpdateDate>2015-03-04T17:35:06Z</lastSummaryUpdateDate>
          <text><![CDATA[<p>Permits the Greater Washington Soap Box Derby Association to sponsor soap box derby races as a free public event on the Capitol grounds on June 20, 2015.</p>]]></text>
          <updateDate>2015-03-03T05:00:00Z</updateDate>
          <versionCode>00</versionCode>
        </item>
        <item>
          <name>Reported to House without amendment</name>
          <actionDate>2015-04-20</actionDate>
          <actionDesc>Reported to House without amendment</actionDesc>
          <lastSummaryUpdateDate>2015-04-21T18:55:27Z</lastSummaryUpdateDate>
          <text><![CDATA[<p>(This measure has not been amended since it was introduced. The summary of that version is repeated here.)</p> <p>Permits the Greater Washington Soap Box Derby Association to sponsor soap box derby races as a free public event on the Capitol grounds on June 20, 2015.</p>]]></text>
          <updateDate>2015-04-20T13:02:22Z</updateDate>
          <versionCode>79</versionCode>
        </item>
        <item>
          <name>Passed House without amendment</name>
          <actionDate>2015-04-21</actionDate>
          <actionDesc>Passed House without amendment</actionDesc>
          <lastSummaryUpdateDate>2015-04-22T15:08:28Z</lastSummaryUpdateDate>
          <text><![CDATA[<p>(This measure has not been amended since it was introduced. The summary of that version is repeated here.)</p> <p>Permits the Greater Washington Soap Box Derby Association to sponsor soap box derby races as a free public event on the Capitol grounds on June 20, 2015.</p>]]></text>
          <updateDate>2015-04-21T11:54:17Z</updateDate>
          <versionCode>81</versionCode>
        </item>
        <item>
          <name>Passed Senate without amendment</name>
          <actionDate>2015-04-23</actionDate>
          <actionDesc>Passed Senate without amendment</actionDesc>
          <lastSummaryUpdateDate>2015-04-27T14:55:11Z</lastSummaryUpdateDate>
          <text><![CDATA[<p>(This measure has not been amended since it was introduced. The summary of that version is repeated here.)</p> <p>Permits the Greater Washington Soap Box Derby Association to sponsor soap box derby races as a free public event on the Capitol grounds on June 20, 2015.</p>]]></text>
          <updateDate>2015-04-23T12:01:47Z</updateDate>
          <versionCode>82</versionCode>
        </item>
      </billSummaries>
    </summaries>
    <titles>
      <item>
        <titleType>Official Title as Introduced</titleType>
        <title>Authorizing the use of the Capitol Grounds for the Greater Washington Soap Box Derby.</title>
        <chamberCode />
        <chamberName />
        <parentTitleType />
      </item>
      <item>
        <titleType>Display Title</titleType>
        <title>Authorizing the use of the Capitol Grounds for the Greater Washington Soap Box Derby.</title>
        <chamberCode />
        <chamberName />
        <parentTitleType />
      </item>
    </titles>
    <committees>
      <billCommittees>
        <item>
          <subcommittees>
            <item>
              <name>Economic Development, Public Buildings and Emergency Management Subcommittee</name>
              <activities>
                <item>
                  <name>Discharged from</name>
                  <date>2015-04-15T16:33:02Z</date>
                </item>
                <item>
                  <name>Referred to</name>
                  <date>2015-03-04T22:50:26Z</date>
                </item>
              </activities>
              <systemCode>hspw13</systemCode>
            </item>
          </subcommittees>
          <type>Standing</type>
          <systemCode>hspw00</systemCode>
          <name>Transportation and Infrastructure Committee</name>
          <activities>
            <item>
              <name>Reported by</name>
              <date>2015-04-20T18:21:45Z</date>
            </item>
            <item>
              <name>Markup by</name>
              <date>2015-04-15T16:36:23Z</date>
            </item>
            <item>
              <name>Referred to</name>
              <date>2015-03-03T15:01:15Z</date>
            </item>
          </activities>
          <chamber>House</chamber>
        </item>
      </billCommittees>
    </committees>
    <billNumber>21</billNumber>
    <relatedBills>
      <item>
        <type>HCONRES</type>
        <congress>114</congress>
        <latestTitle>Authorizing the use of the Capitol Grounds for the Greater Washington Soap Box Derby.</latestTitle>
        <relationshipDetails>
          <item>
            <type>Related bill</type>
            <identifiedBy>House</identifiedBy>
          </item>
        </relationshipDetails>
        <number>119</number>
        <latestAction>
          <actionDate>2016-06-08</actionDate>
          <text>Message on Senate action sent to the House.</text>
        </latestAction>
      </item>
    </relatedBills>
    <notes />
    <congress>114</congress>
  </bill>
  <dublinCore xmlns:dc="http://purl.org/dc/elements/1.1/">
    <dc:format>text/xml</dc:format>
    <dc:language>EN</dc:language>
    <dc:rights>Pursuant to Title 17 Section 105 of the United States Code, this file is not subject to copyright protection and is in the public domain.</dc:rights>
    <dc:contributor>Congressional Research Service, Library of Congress</dc:contributor>
    <dc:description>This file contains bill summaries and statuses for federal legislation. A bill summary describes the most significant provisions of a piece of legislation and details the effects the legislative text may have on current law and federal programs. Bill summaries are authored by the Congressional Research Service (CRS) of the Library of Congress. As stated in Public Law 91-510 (2 USC 166 (d)(6)), one of the duties of CRS is "to prepare summaries and digests of bills and resolutions of a public general nature introduced in the Senate or House of Representatives". For more information, refer to the User Guide that accompanies this file.</dc:description>
  </dublinCore>
</billStatus>

