<?xml version="1.0" encoding="UTF-8"?>
<billStatus>
  <bill>
    <policyArea>
      <name>Agriculture and Food</name>
    </policyArea>
    <updateDate>2017-01-11T14:29:24Z</updateDate>
    <billType>HCONRES</billType>
    <laws />
    <sponsors>
      <item>
        <fullName>Rep. Thompson, Glenn [R-PA-5]</fullName>
        <identifiers>
          <lisID>1952</lisID>
          <gpoId>8123</gpoId>
          <bioguideId>T000467</bioguideId>
        </identifiers>
        <byRequestType />
        <firstName>Glenn</firstName>
        <bioguideId>T000467</bioguideId>
        <lastName>Thompson</lastName>
        <state>PA</state>
        <district>5</district>
        <party>R</party>
        <middleName />
      </item>
    </sponsors>
    <congress>114</congress>
    <latestAction>
      <actionDate>2016-07-13</actionDate>
      <text>Referred to the House Committee on Agriculture.</text>
      <links />
    </latestAction>
    <recordedVotes />
    <calendarNumbers />
    <cboCostEstimates />
    <title>Recognizing the 75th anniversary of the American Tree Farm System.</title>
    <actions>
      <item>
        <type>IntroReferral</type>
        <committee>
          <name>Agriculture Committee</name>
          <systemCode>hsag00</systemCode>
        </committee>
        <links />
        <actionDate>2016-07-13</actionDate>
        <text>Referred to the House Committee on Agriculture.</text>
        <actionCode>H11100</actionCode>
        <sourceSystem>
          <name>House floor actions</name>
          <code>2</code>
        </sourceSystem>
      </item>
      <item>
        <type>IntroReferral</type>
        <committee />
        <links />
        <actionDate>2016-07-13</actionDate>
        <text>Introduced in House</text>
        <actionCode>Intro-H</actionCode>
        <sourceSystem>
          <name>Library of Congress</name>
          <code>9</code>
        </sourceSystem>
      </item>
      <item>
        <type>IntroReferral</type>
        <committee />
        <links />
        <actionDate>2016-07-13</actionDate>
        <text>Introduced in House</text>
        <actionCode>1000</actionCode>
        <sourceSystem>
          <name>Library of Congress</name>
          <code>9</code>
        </sourceSystem>
      </item>
      <actionByCounts>
        <houseOfRepresentatives>3</houseOfRepresentatives>
      </actionByCounts>
      <actionTypeCounts>
        <billReferrals>1</billReferrals>
        <introducedInTheHouse>1</introducedInTheHouse>
        <introducedInHouse>1</introducedInHouse>
      </actionTypeCounts>
    </actions>
    <amendments />
    <introducedDate>2016-07-13</introducedDate>
    <billNumber>144</billNumber>
    <relatedBills>
      <item>
        <type>SRES</type>
        <congress>114</congress>
        <number>547</number>
        <latestAction>
          <text>Submitted in the Senate, considered, and agreed to without amendment and with a preamble by Unanimous Consent. (consideration: CR S5193-5194; text as passed Senate: CR S5175-5176)</text>
          <actionDate>2016-07-14</actionDate>
        </latestAction>
        <relationshipDetails>
          <item>
            <type>Related bill</type>
            <identifiedBy>CRS</identifiedBy>
          </item>
        </relationshipDetails>
        <latestTitle>A resolution recognizing the 75th anniversary of the American Tree Farm System.</latestTitle>
      </item>
    </relatedBills>
    <titles>
      <item>
        <chamberCode />
        <titleType>Official Title as Introduced</titleType>
        <chamberName />
        <title>Recognizing the 75th anniversary of the American Tree Farm System.</title>
        <parentTitleType />
      </item>
      <item>
        <chamberCode />
        <titleType>Display Title</titleType>
        <chamberName />
        <title>Recognizing the 75th anniversary of the American Tree Farm System.</title>
        <parentTitleType />
      </item>
    </titles>
    <cosponsors>
      <item>
        <identifiers>
          <bioguideId>S001180</bioguideId>
          <lisID>1950</lisID>
          <gpoId>8118</gpoId>
        </identifiers>
        <state>OR</state>
        <sponsorshipDate>2016-07-13</sponsorshipDate>
        <district>5</district>
        <middleName />
        <party>D</party>
        <sponsorshipWithdrawnDate />
        <bioguideId>S001180</bioguideId>
        <lastName>Schrader</lastName>
        <isOriginalCosponsor>True</isOriginalCosponsor>
        <fullName>Rep. Schrader, Kurt [D-OR-5]</fullName>
        <firstName>Kurt</firstName>
      </item>
      <item>
        <identifiers>
          <bioguideId>K000381</bioguideId>
          <gpoId />
          <lisID>2169</lisID>
        </identifiers>
        <state>WA</state>
        <sponsorshipDate>2016-07-13</sponsorshipDate>
        <district>6</district>
        <middleName />
        <party>D</party>
        <sponsorshipWithdrawnDate />
        <bioguideId>K000381</bioguideId>
        <lastName>Kilmer</lastName>
        <isOriginalCosponsor>True</isOriginalCosponsor>
        <fullName>Rep. Kilmer, Derek [D-WA-6]</fullName>
        <firstName>Derek</firstName>
      </item>
      <item>
        <identifiers>
          <bioguideId>N000127</bioguideId>
          <gpoId />
          <lisID>867</lisID>
        </identifiers>
        <state>MN</state>
        <sponsorshipDate>2016-07-13</sponsorshipDate>
        <district>8</district>
        <middleName />
        <party>D</party>
        <sponsorshipWithdrawnDate />
        <bioguideId>N000127</bioguideId>
        <lastName>NOLAN</lastName>
        <isOriginalCosponsor>True</isOriginalCosponsor>
        <fullName>Rep. Nolan, Richard M. [D-MN-8]</fullName>
        <firstName>RICHARD</firstName>
      </item>
      <item>
        <identifiers>
          <bioguideId>B000490</bioguideId>
          <gpoId>7899</gpoId>
          <lisID>91</lisID>
        </identifiers>
        <state>GA</state>
        <sponsorshipDate>2016-07-13</sponsorshipDate>
        <district>2</district>
        <middleName>D.</middleName>
        <party>D</party>
        <sponsorshipWithdrawnDate />
        <bioguideId>B000490</bioguideId>
        <lastName>BISHOP</lastName>
        <isOriginalCosponsor>True</isOriginalCosponsor>
        <fullName>Rep. Bishop, Sanford D., Jr. [D-GA-2]</fullName>
        <firstName>SANFORD</firstName>
      </item>
      <item>
        <identifiers>
          <bioguideId>G000289</bioguideId>
          <lisID>446</lisID>
          <gpoId>8197</gpoId>
        </identifiers>
        <state>VA</state>
        <sponsorshipDate>2016-07-13</sponsorshipDate>
        <district>6</district>
        <middleName>W.</middleName>
        <party>R</party>
        <sponsorshipWithdrawnDate />
        <bioguideId>G000289</bioguideId>
        <lastName>GOODLATTE</lastName>
        <isOriginalCosponsor>True</isOriginalCosponsor>
        <fullName>Rep. Goodlatte, Bob [R-VA-6]</fullName>
        <firstName>ROBERT</firstName>
      </item>
      <item>
        <identifiers>
          <gpoId />
          <bioguideId>W000821</bioguideId>
          <lisID>2224</lisID>
        </identifiers>
        <state>AR</state>
        <sponsorshipDate>2016-07-13</sponsorshipDate>
        <district>4</district>
        <middleName />
        <party>R</party>
        <sponsorshipWithdrawnDate />
        <bioguideId>W000821</bioguideId>
        <lastName>Westerman</lastName>
        <isOriginalCosponsor>True</isOriginalCosponsor>
        <fullName>Rep. Westerman, Bruce [R-AR-4]</fullName>
        <firstName>Bruce</firstName>
      </item>
      <item>
        <identifiers>
          <gpoId>7788</gpoId>
          <bioguideId>R000575</bioguideId>
          <lisID>1704</lisID>
        </identifiers>
        <state>AL</state>
        <sponsorshipDate>2016-07-13</sponsorshipDate>
        <district>3</district>
        <middleName />
        <party>R</party>
        <sponsorshipWithdrawnDate />
        <bioguideId>R000575</bioguideId>
        <lastName>Rogers</lastName>
        <isOriginalCosponsor>True</isOriginalCosponsor>
        <fullName>Rep. Rogers, Mike D. [R-AL-3]</fullName>
        <firstName>Mike</firstName>
      </item>
      <item>
        <identifiers>
          <lisID>2092</lisID>
          <gpoId>8367</gpoId>
          <bioguideId>B001278</bioguideId>
        </identifiers>
        <state>OR</state>
        <sponsorshipDate>2016-12-07</sponsorshipDate>
        <district>1</district>
        <middleName />
        <party>D</party>
        <sponsorshipWithdrawnDate />
        <bioguideId>B001278</bioguideId>
        <lastName>Bonamici</lastName>
        <isOriginalCosponsor>False</isOriginalCosponsor>
        <fullName>Rep. Bonamici, Suzanne [D-OR-1]</fullName>
        <firstName>Suzanne</firstName>
      </item>
      <item>
        <identifiers>
          <bioguideId>D000191</bioguideId>
          <lisID>279</lisID>
          <gpoId>8117</gpoId>
        </identifiers>
        <state>OR</state>
        <sponsorshipDate>2016-12-07</sponsorshipDate>
        <district>4</district>
        <middleName>A.</middleName>
        <party>D</party>
        <sponsorshipWithdrawnDate />
        <bioguideId>D000191</bioguideId>
        <lastName>DEFAZIO</lastName>
        <isOriginalCosponsor>False</isOriginalCosponsor>
        <fullName>Rep. DeFazio, Peter A. [D-OR-4]</fullName>
        <firstName>PETER</firstName>
      </item>
      <item>
        <identifiers>
          <lisID>1997</lisID>
          <gpoId>7861</gpoId>
          <bioguideId>T000470</bioguideId>
        </identifiers>
        <state>CO</state>
        <sponsorshipDate>2016-12-07</sponsorshipDate>
        <district>3</district>
        <middleName>R.</middleName>
        <party>R</party>
        <sponsorshipWithdrawnDate />
        <bioguideId>T000470</bioguideId>
        <lastName>Tipton</lastName>
        <isOriginalCosponsor>False</isOriginalCosponsor>
        <fullName>Rep. Tipton, Scott  R. [R-CO-3]</fullName>
        <firstName>Scott</firstName>
      </item>
      <item>
        <identifiers>
          <lisID>2072</lisID>
          <gpoId>8220</gpoId>
          <bioguideId>D000614</bioguideId>
        </identifiers>
        <state>WI</state>
        <sponsorshipDate>2016-12-08</sponsorshipDate>
        <district>7</district>
        <middleName>P.</middleName>
        <party>R</party>
        <sponsorshipWithdrawnDate />
        <bioguideId>D000614</bioguideId>
        <lastName>Duffy</lastName>
        <isOriginalCosponsor>False</isOriginalCosponsor>
        <fullName>Rep. Duffy, Sean P. [R-WI-7]</fullName>
        <firstName>Sean</firstName>
      </item>
      <item>
        <identifiers>
          <lisID>1879</lisID>
          <gpoId>8204</gpoId>
          <bioguideId>W000800</bioguideId>
        </identifiers>
        <state>VT</state>
        <sponsorshipDate>2016-12-12</sponsorshipDate>
        <district>0</district>
        <middleName />
        <party>D</party>
        <sponsorshipWithdrawnDate />
        <bioguideId>W000800</bioguideId>
        <lastName>Welch</lastName>
        <isOriginalCosponsor>False</isOriginalCosponsor>
        <fullName>Rep. Welch, Peter [D-VT-At Large]</fullName>
        <firstName>Peter</firstName>
      </item>
    </cosponsors>
    <constitutionalAuthorityStatementText />
    <committeeReports />
    <originChamber>House</originChamber>
    <summaries>
      <billSummaries>
        <item>
          <actionDesc>Introduced in House</actionDesc>
          <text><![CDATA[<p>Recognizes the 75th anniversary of the American Tree Farm System. Encourages the public to participate in ceremonies and activities that recognize the importance of this program, working family-owned forests, and the clean water, wildlife habitat, and wood supply they provide. Supports conservation and management of the nation's trees and forests through landowner participation in the Conservation Reserve Program, the Environmental Quality Incentives Program, the Conservation Stewardship Program, and the Forest Stewardship Program.</p>]]></text>
          <versionCode>00</versionCode>
          <lastSummaryUpdateDate>2016-07-22T13:39:23Z</lastSummaryUpdateDate>
          <updateDate>2016-07-13T04:00:00Z</updateDate>
          <actionDate>2016-07-13</actionDate>
          <name>Introduced in House</name>
        </item>
      </billSummaries>
    </summaries>
    <subjects>
      <billSubjects>
        <legislativeSubjects>
          <item>
            <name>Agricultural conservation and pollution</name>
          </item>
          <item>
            <name>Commemorative events and holidays</name>
          </item>
          <item>
            <name>Forests, forestry, trees</name>
          </item>
          <item>
            <name>Land use and conservation</name>
          </item>
          <item>
            <name>Water quality</name>
          </item>
          <item>
            <name>Wildlife conservation and habitat protection</name>
          </item>
        </legislativeSubjects>
        <policyArea>
          <name>Agriculture and Food</name>
        </policyArea>
      </billSubjects>
    </subjects>
    <createDate>2016-07-14T06:10:03Z</createDate>
    <notes />
    <committees>
      <billCommittees>
        <item>
          <systemCode>hsag00</systemCode>
          <name>Agriculture Committee</name>
          <subcommittees />
          <chamber>House</chamber>
          <activities>
            <item>
              <name>Referred to</name>
              <date>2016-07-13T14:02:25Z</date>
            </item>
          </activities>
          <type>Standing</type>
        </item>
      </billCommittees>
    </committees>
  </bill>
  <dublinCore xmlns:dc="http://purl.org/dc/elements/1.1/">
    <dc:format>text/xml</dc:format>
    <dc:language>EN</dc:language>
    <dc:rights>Pursuant to Title 17 Section 105 of the United States Code, this file is not subject to copyright protection and is in the public domain.</dc:rights>
    <dc:contributor>Congressional Research Service, Library of Congress</dc:contributor>
    <dc:description>This file contains bill summaries and statuses for federal legislation. A bill summary describes the most significant provisions of a piece of legislation and details the effects the legislative text may have on current law and federal programs. Bill summaries are authored by the Congressional Research Service (CRS) of the Library of Congress. As stated in Public Law 91-510 (2 USC 166 (d)(6)), one of the duties of CRS is "to prepare summaries and digests of bills and resolutions of a public general nature introduced in the Senate or House of Representatives". For more information, refer to the User Guide that accompanies this file.</dc:description>
  </dublinCore>
</billStatus>

