<?xml version="1.0" encoding="UTF-8"?>
<billStatus>
  <bill>
    <congress>114</congress>
    <calendarNumbers />
    <cboCostEstimates />
    <actions>
      <item>
        <committee>
          <name>Education and the Workforce Committee</name>
          <systemCode>hsed00</systemCode>
        </committee>
        <actionDate>2016-07-13</actionDate>
        <text>Referred to the House Committee on Education and the Workforce.</text>
        <links />
        <actionCode>H11100</actionCode>
        <type>IntroReferral</type>
        <sourceSystem>
          <name>House floor actions</name>
          <code>2</code>
        </sourceSystem>
      </item>
      <item>
        <committee />
        <actionDate>2016-07-13</actionDate>
        <text>Introduced in House</text>
        <links />
        <actionCode>Intro-H</actionCode>
        <type>IntroReferral</type>
        <sourceSystem>
          <name>Library of Congress</name>
          <code>9</code>
        </sourceSystem>
      </item>
      <item>
        <committee />
        <actionDate>2016-07-13</actionDate>
        <text>Introduced in House</text>
        <links />
        <actionCode>1000</actionCode>
        <type>IntroReferral</type>
        <sourceSystem>
          <name>Library of Congress</name>
          <code>9</code>
        </sourceSystem>
      </item>
      <actionTypeCounts>
        <billReferrals>1</billReferrals>
        <introducedInTheHouse>1</introducedInTheHouse>
        <introducedInHouse>1</introducedInHouse>
      </actionTypeCounts>
      <actionByCounts>
        <houseOfRepresentatives>3</houseOfRepresentatives>
      </actionByCounts>
    </actions>
    <relatedBills>
      <item>
        <congress>114</congress>
        <type>SRES</type>
        <latestAction>
          <text>Referred to the Committee on Health, Education, Labor, and Pensions. (text of measure as introduced: CR S5086)</text>
          <actionDate>2016-07-13</actionDate>
        </latestAction>
        <latestTitle>A resolution celebrating the 25th anniversary of the Albert Eintein Distinguished Educator Fellowship Program and recognizing the significant contributions of Albert Einstein Fellows.</latestTitle>
        <number>531</number>
        <relationshipDetails>
          <item>
            <type>Identical bill</type>
            <identifiedBy>CRS</identifiedBy>
          </item>
        </relationshipDetails>
      </item>
    </relatedBills>
    <latestAction>
      <text>Referred to the House Committee on Education and the Workforce.</text>
      <links />
      <actionDate>2016-07-13</actionDate>
    </latestAction>
    <originChamber>House</originChamber>
    <title>Celebrating the 25th anniversary of the Albert Einstein Distinguished Educator Fellowship Program and recognizing the significant contributions of Albert Einstein Fellows.</title>
    <titles>
      <item>
        <chamberCode />
        <title>Celebrating the 25th anniversary of the Albert Einstein Distinguished Educator Fellowship Program and recognizing the significant contributions of Albert Einstein Fellows.</title>
        <parentTitleType />
        <titleType>Official Title as Introduced</titleType>
        <chamberName />
      </item>
      <item>
        <chamberCode />
        <title>Celebrating the 25th anniversary of the Albert Einstein Distinguished Educator Fellowship Program and recognizing the significant contributions of Albert Einstein Fellows.</title>
        <parentTitleType />
        <titleType>Display Title</titleType>
        <chamberName />
      </item>
    </titles>
    <committeeReports />
    <updateDate>2017-01-11T14:29:24Z</updateDate>
    <billType>HCONRES</billType>
    <recordedVotes />
    <subjects>
      <billSubjects>
        <legislativeSubjects>
          <item>
            <name>Commemorative events and holidays</name>
          </item>
          <item>
            <name>Congressional officers and employees</name>
          </item>
          <item>
            <name>Elementary and secondary education</name>
          </item>
          <item>
            <name>Government employee pay, benefits, personnel management</name>
          </item>
          <item>
            <name>Science and engineering education</name>
          </item>
          <item>
            <name>Student aid and college costs</name>
          </item>
          <item>
            <name>Teaching, teachers, curricula</name>
          </item>
        </legislativeSubjects>
        <policyArea>
          <name>Education</name>
        </policyArea>
      </billSubjects>
    </subjects>
    <policyArea>
      <name>Education</name>
    </policyArea>
    <laws />
    <amendments />
    <committees>
      <billCommittees>
        <item>
          <chamber>House</chamber>
          <type>Standing</type>
          <name>Education and the Workforce Committee</name>
          <activities>
            <item>
              <name>Referred to</name>
              <date>2016-07-13T14:02:50Z</date>
            </item>
          </activities>
          <subcommittees />
          <systemCode>hsed00</systemCode>
        </item>
      </billCommittees>
    </committees>
    <sponsors>
      <item>
        <identifiers>
          <lisID>1634</lisID>
          <gpoId>7820</gpoId>
          <bioguideId>H001034</bioguideId>
        </identifiers>
        <state>CA</state>
        <bioguideId>H001034</bioguideId>
        <lastName>HONDA</lastName>
        <middleName>M.</middleName>
        <party>D</party>
        <district>17</district>
        <fullName>Rep. Honda, Michael M. [D-CA-17]</fullName>
        <byRequestType />
        <firstName>MICHAEL</firstName>
      </item>
    </sponsors>
    <introducedDate>2016-07-13</introducedDate>
    <summaries>
      <billSummaries>
        <item>
          <actionDesc>Introduced in House</actionDesc>
          <text><![CDATA[<p>Recognizes:</p> <ul> <li> the significance of the 25th anniversary of the Albert Einstein Distinguished Educator Fellowship Program;</li> <li> the value of having current science, technology, engineering, and mathematics teachers directly engaged in the policymaking process; </li> <li> the sacrifices made by teachers who interrupt their careers to serve as Einstein Fellows; and</li> <li> the contributions of Einstein Fellows.</li> </ul> <p>Expresses support for the continuation of the program.</p> <p>Encourages federal agencies and congressional offices to host Einstein Fellows and to leverage the expertise of former Einstein Fellows.</p>]]></text>
          <versionCode>00</versionCode>
          <lastSummaryUpdateDate>2016-09-14T20:06:47Z</lastSummaryUpdateDate>
          <updateDate>2016-07-13T04:00:00Z</updateDate>
          <actionDate>2016-07-13</actionDate>
          <name>Introduced in House</name>
        </item>
      </billSummaries>
    </summaries>
    <notes />
    <createDate>2016-07-14T06:10:03Z</createDate>
    <billNumber>145</billNumber>
    <cosponsors>
      <item>
        <sponsorshipDate>2016-07-13</sponsorshipDate>
        <party>R</party>
        <fullName>Rep. Roe, David P. [R-TN-1]</fullName>
        <sponsorshipWithdrawnDate />
        <identifiers>
          <lisID>1954</lisID>
          <gpoId>8148</gpoId>
          <bioguideId>R000582</bioguideId>
        </identifiers>
        <firstName>David</firstName>
        <state>TN</state>
        <district>1</district>
        <isOriginalCosponsor>True</isOriginalCosponsor>
        <bioguideId>R000582</bioguideId>
        <lastName>Roe</lastName>
        <middleName>P.</middleName>
      </item>
      <item>
        <sponsorshipDate>2016-07-13</sponsorshipDate>
        <party>D</party>
        <fullName>Rep. Welch, Peter [D-VT-At Large]</fullName>
        <sponsorshipWithdrawnDate />
        <identifiers>
          <lisID>1879</lisID>
          <gpoId>8204</gpoId>
          <bioguideId>W000800</bioguideId>
        </identifiers>
        <firstName>Peter</firstName>
        <state>VT</state>
        <district>0</district>
        <isOriginalCosponsor>True</isOriginalCosponsor>
        <bioguideId>W000800</bioguideId>
        <lastName>Welch</lastName>
        <middleName />
      </item>
      <item>
        <sponsorshipDate>2016-07-13</sponsorshipDate>
        <party>D</party>
        <fullName>Rep. Slaughter, Louise McIntosh [D-NY-25]</fullName>
        <sponsorshipWithdrawnDate />
        <identifiers>
          <lisID>1069</lisID>
          <gpoId>8089</gpoId>
          <bioguideId>S000480</bioguideId>
        </identifiers>
        <firstName>LOUISE</firstName>
        <state>NY</state>
        <district>25</district>
        <isOriginalCosponsor>True</isOriginalCosponsor>
        <bioguideId>S000480</bioguideId>
        <lastName>SLAUGHTER</lastName>
        <middleName>M.</middleName>
      </item>
      <item>
        <sponsorshipDate>2016-07-13</sponsorshipDate>
        <party>D</party>
        <fullName>Rep. McDermott, Jim [D-WA-7]</fullName>
        <sponsorshipWithdrawnDate />
        <identifiers>
          <lisID>766</lisID>
          <gpoId>8211</gpoId>
          <bioguideId>M000404</bioguideId>
        </identifiers>
        <firstName>JIM</firstName>
        <state>WA</state>
        <district>7</district>
        <isOriginalCosponsor>True</isOriginalCosponsor>
        <bioguideId>M000404</bioguideId>
        <lastName>MCDERMOTT</lastName>
        <middleName />
      </item>
      <item>
        <sponsorshipDate>2016-07-13</sponsorshipDate>
        <party>D</party>
        <fullName>Rep. Chu, Judy [D-CA-27]</fullName>
        <sponsorshipWithdrawnDate />
        <identifiers>
          <gpoId>7837</gpoId>
          <bioguideId>C001080</bioguideId>
          <lisID>1970</lisID>
        </identifiers>
        <firstName>Judy</firstName>
        <state>CA</state>
        <district>27</district>
        <isOriginalCosponsor>True</isOriginalCosponsor>
        <bioguideId>C001080</bioguideId>
        <lastName>Chu</lastName>
        <middleName />
      </item>
      <item>
        <sponsorshipDate>2016-07-13</sponsorshipDate>
        <party>D</party>
        <fullName>Rep. Norton, Eleanor Holmes [D-DC-At Large]</fullName>
        <sponsorshipWithdrawnDate />
        <identifiers>
          <gpoId>7871</gpoId>
          <bioguideId>N000147</bioguideId>
          <lisID>868</lisID>
        </identifiers>
        <firstName>ELEANOR</firstName>
        <state>DC</state>
        <district>0</district>
        <isOriginalCosponsor>True</isOriginalCosponsor>
        <bioguideId>N000147</bioguideId>
        <lastName>NORTON</lastName>
        <middleName>HOLMES</middleName>
      </item>
      <item>
        <sponsorshipDate>2016-07-13</sponsorshipDate>
        <party>D</party>
        <fullName>Rep. Sablan, Gregorio Kilili Camacho [D-MP-At Large]</fullName>
        <sponsorshipWithdrawnDate />
        <identifiers>
          <lisID>1962</lisID>
          <gpoId>8018</gpoId>
          <bioguideId>S001177</bioguideId>
        </identifiers>
        <firstName>Gregorio</firstName>
        <state>MP</state>
        <district>0</district>
        <isOriginalCosponsor>True</isOriginalCosponsor>
        <bioguideId>S001177</bioguideId>
        <lastName>Sablan</lastName>
        <middleName>Kilili Camacho</middleName>
      </item>
      <item>
        <sponsorshipDate>2016-07-13</sponsorshipDate>
        <party>D</party>
        <fullName>Rep. Takano, Mark [D-CA-41]</fullName>
        <sponsorshipWithdrawnDate />
        <identifiers>
          <lisID>2110</lisID>
          <gpoId />
          <bioguideId>T000472</bioguideId>
        </identifiers>
        <firstName>Mark</firstName>
        <state>CA</state>
        <district>41</district>
        <isOriginalCosponsor>True</isOriginalCosponsor>
        <bioguideId>T000472</bioguideId>
        <lastName>Takano</lastName>
        <middleName />
      </item>
      <item>
        <sponsorshipDate>2016-07-13</sponsorshipDate>
        <party>D</party>
        <fullName>Rep. Sarbanes, John P. [D-MD-3]</fullName>
        <sponsorshipWithdrawnDate />
        <identifiers>
          <gpoId>7978</gpoId>
          <bioguideId>S001168</bioguideId>
          <lisID>1854</lisID>
        </identifiers>
        <firstName>John</firstName>
        <state>MD</state>
        <district>3</district>
        <isOriginalCosponsor>True</isOriginalCosponsor>
        <bioguideId>S001168</bioguideId>
        <lastName>Sarbanes</lastName>
        <middleName>P.</middleName>
      </item>
      <item>
        <sponsorshipDate>2016-07-13</sponsorshipDate>
        <party>D</party>
        <fullName>Rep. Grijalva, Raul M. [D-AZ-3]</fullName>
        <sponsorshipWithdrawnDate />
        <identifiers>
          <lisID>1708</lisID>
          <gpoId>7804</gpoId>
          <bioguideId>G000551</bioguideId>
        </identifiers>
        <firstName>Raul</firstName>
        <state>AZ</state>
        <district>3</district>
        <isOriginalCosponsor>True</isOriginalCosponsor>
        <bioguideId>G000551</bioguideId>
        <lastName>Grijalva</lastName>
        <middleName>M.</middleName>
      </item>
      <item>
        <sponsorshipDate>2016-07-13</sponsorshipDate>
        <party>D</party>
        <fullName>Rep. DeSaulnier, Mark [D-CA-11]</fullName>
        <sponsorshipWithdrawnDate />
        <identifiers>
          <gpoId />
          <bioguideId>D000623</bioguideId>
          <lisID>2227</lisID>
        </identifiers>
        <firstName>Mark</firstName>
        <state>CA</state>
        <district>11</district>
        <isOriginalCosponsor>True</isOriginalCosponsor>
        <bioguideId>D000623</bioguideId>
        <lastName>DeSaulnier</lastName>
        <middleName />
      </item>
      <item>
        <sponsorshipDate>2016-07-13</sponsorshipDate>
        <party>D</party>
        <fullName>Rep. Johnson, Eddie Bernice [D-TX-30]</fullName>
        <sponsorshipWithdrawnDate />
        <identifiers>
          <lisID>599</lisID>
          <gpoId>8186</gpoId>
          <bioguideId>J000126</bioguideId>
        </identifiers>
        <firstName>EDDIE</firstName>
        <state>TX</state>
        <district>30</district>
        <isOriginalCosponsor>True</isOriginalCosponsor>
        <bioguideId>J000126</bioguideId>
        <lastName>JOHNSON</lastName>
        <middleName>BERNICE</middleName>
      </item>
      <item>
        <sponsorshipDate>2016-07-18</sponsorshipDate>
        <party>R</party>
        <fullName>Rep. Rouzer, David [R-NC-7]</fullName>
        <sponsorshipWithdrawnDate />
        <identifiers>
          <bioguideId>R000603</bioguideId>
          <lisID>2256</lisID>
          <gpoId />
        </identifiers>
        <firstName>David</firstName>
        <state>NC</state>
        <district>7</district>
        <isOriginalCosponsor>False</isOriginalCosponsor>
        <bioguideId>R000603</bioguideId>
        <lastName>Rouzer</lastName>
        <middleName />
      </item>
      <item>
        <sponsorshipDate>2016-11-29</sponsorshipDate>
        <party>D</party>
        <fullName>Rep. Jackson Lee, Sheila [D-TX-18]</fullName>
        <sponsorshipWithdrawnDate />
        <identifiers>
          <gpoId>8174</gpoId>
          <bioguideId>J000032</bioguideId>
          <lisID>588</lisID>
        </identifiers>
        <firstName>SHEILA</firstName>
        <state>TX</state>
        <district>18</district>
        <isOriginalCosponsor>False</isOriginalCosponsor>
        <bioguideId>J000032</bioguideId>
        <lastName>JACKSON LEE</lastName>
        <middleName />
      </item>
      <item>
        <sponsorshipDate>2016-11-29</sponsorshipDate>
        <party>D</party>
        <fullName>Rep. Ryan, Tim [D-OH-13]</fullName>
        <sponsorshipWithdrawnDate />
        <identifiers>
          <bioguideId>R000577</bioguideId>
          <lisID>1756</lisID>
          <gpoId>8107</gpoId>
        </identifiers>
        <firstName>TIM</firstName>
        <state>OH</state>
        <district>13</district>
        <isOriginalCosponsor>False</isOriginalCosponsor>
        <bioguideId>R000577</bioguideId>
        <lastName>RYAN</lastName>
        <middleName />
      </item>
    </cosponsors>
    <constitutionalAuthorityStatementText />
  </bill>
  <dublinCore xmlns:dc="http://purl.org/dc/elements/1.1/">
    <dc:format>text/xml</dc:format>
    <dc:language>EN</dc:language>
    <dc:rights>Pursuant to Title 17 Section 105 of the United States Code, this file is not subject to copyright protection and is in the public domain.</dc:rights>
    <dc:contributor>Congressional Research Service, Library of Congress</dc:contributor>
    <dc:description>This file contains bill summaries and statuses for federal legislation. A bill summary describes the most significant provisions of a piece of legislation and details the effects the legislative text may have on current law and federal programs. Bill summaries are authored by the Congressional Research Service (CRS) of the Library of Congress. As stated in Public Law 91-510 (2 USC 166 (d)(6)), one of the duties of CRS is "to prepare summaries and digests of bills and resolutions of a public general nature introduced in the Senate or House of Representatives". For more information, refer to the User Guide that accompanies this file.</dc:description>
  </dublinCore>
</billStatus>

