<?xml version="1.0" encoding="UTF-8"?>
<billStatus>
  <bill>
    <congress>114</congress>
    <billNumber>102</billNumber>
    <cosponsors />
    <subjects>
      <billSubjects>
        <legislativeSubjects>
          <item>
            <name>Congressional operations and organization</name>
          </item>
          <item>
            <name>Presidents and presidential powers, Vice Presidents</name>
          </item>
        </legislativeSubjects>
        <policyArea>
          <name>Congress</name>
        </policyArea>
      </billSubjects>
    </subjects>
    <relatedBills />
    <constitutionalAuthorityStatementText />
    <updateDate>2017-01-11T14:29:11Z</updateDate>
    <actions>
      <item>
        <actionDate>2015-12-18</actionDate>
        <committee />
        <links />
        <sourceSystem>
          <name>Senate</name>
          <code>0</code>
        </sourceSystem>
        <text>Message on Senate action sent to the House.</text>
        <type>Floor</type>
      </item>
      <item>
        <actionDate>2015-12-17</actionDate>
        <committee />
        <links>
          <link>
            <name>S8830</name>
            <url>https://www.congress.gov/congressional-record/volume-161/senate-section/page/S8830</url>
          </link>
        </links>
        <sourceSystem>
          <name>Senate</name>
          <code>0</code>
        </sourceSystem>
        <text>Resolution agreed to in Senate without amendment by Unanimous Consent. (consideration: CR S8830)</text>
        <type>Floor</type>
      </item>
      <item>
        <type>Floor</type>
        <committee />
        <links>
          <link>
            <name>S8830</name>
            <url>https://www.congress.gov/congressional-record/volume-161/senate-section/page/S8830</url>
          </link>
        </links>
        <actionDate>2015-12-17</actionDate>
        <text>Passed/agreed to in Senate: Resolution agreed to in Senate without amendment by Unanimous Consent.(consideration: CR S8830)</text>
        <actionCode>17000</actionCode>
        <sourceSystem>
          <name>Library of Congress</name>
          <code>9</code>
        </sourceSystem>
      </item>
      <item>
        <actionDate>2015-12-16</actionDate>
        <committee />
        <links />
        <sourceSystem>
          <name>Senate</name>
          <code>0</code>
        </sourceSystem>
        <text>Received in the Senate.</text>
        <type>IntroReferral</type>
      </item>
      <item>
        <type>Floor</type>
        <committee />
        <actionTime>19:05:29</actionTime>
        <actionDate>2015-12-15</actionDate>
        <text>Motion to reconsider laid on the table Agreed to without objection.</text>
        <actionCode>H38310</actionCode>
        <sourceSystem>
          <name>House floor actions</name>
          <code>2</code>
        </sourceSystem>
        <links />
      </item>
      <item>
        <type>Floor</type>
        <committee />
        <actionTime>19:05:25</actionTime>
        <actionDate>2015-12-15</actionDate>
        <text>On agreeing to the resolution Agreed to by voice vote. (text: CR H9322)</text>
        <actionCode>H37100</actionCode>
        <sourceSystem>
          <name>House floor actions</name>
          <code>2</code>
        </sourceSystem>
        <links>
          <link>
            <name>H9322</name>
            <url>https://www.congress.gov/congressional-record/volume-161/house-section/page/H9322</url>
          </link>
        </links>
      </item>
      <item>
        <type>Floor</type>
        <committee />
        <actionTime>19:05:25</actionTime>
        <actionDate>2015-12-15</actionDate>
        <text>Passed/agreed to in House: On agreeing to the resolution Agreed to by voice vote.(text: CR H9322)</text>
        <actionCode>8000</actionCode>
        <sourceSystem>
          <name>Library of Congress</name>
          <code>9</code>
        </sourceSystem>
        <links>
          <link>
            <name>H9322</name>
            <url>https://www.congress.gov/congressional-record/volume-161/house-section/page/H9322</url>
          </link>
        </links>
      </item>
      <item>
        <type>Floor</type>
        <committee />
        <actionTime>19:05:14</actionTime>
        <actionDate>2015-12-15</actionDate>
        <text>Considered as privileged matter. (consideration: CR H9322)</text>
        <actionCode>H30000</actionCode>
        <sourceSystem>
          <name>House floor actions</name>
          <code>2</code>
        </sourceSystem>
        <links>
          <link>
            <name>H9322</name>
            <url>https://www.congress.gov/congressional-record/volume-161/house-section/page/H9322</url>
          </link>
        </links>
      </item>
      <item>
        <type>IntroReferral</type>
        <committee />
        <links />
        <actionDate>2015-12-15</actionDate>
        <text>Introduced in House</text>
        <actionCode>Intro-H</actionCode>
        <sourceSystem>
          <name>Library of Congress</name>
          <code>9</code>
        </sourceSystem>
      </item>
      <item>
        <type>IntroReferral</type>
        <committee />
        <links />
        <actionDate>2015-12-15</actionDate>
        <text>Introduced in House</text>
        <actionCode>1000</actionCode>
        <sourceSystem>
          <name>Library of Congress</name>
          <code>9</code>
        </sourceSystem>
      </item>
      <actionByCounts>
        <senate>4</senate>
        <houseOfRepresentatives>6</houseOfRepresentatives>
      </actionByCounts>
      <actionTypeCounts>
        <motionToReconsiderResults>1</motionToReconsiderResults>
        <considerationByHouse>1</considerationByHouse>
        <introducedInSenate>1</introducedInSenate>
        <introducedInTheHouse>1</introducedInTheHouse>
        <agreedToInSenate>1</agreedToInSenate>
        <passedAgreedToInSenate>1</passedAgreedToInSenate>
        <sentToHouse>1</sentToHouse>
        <passedAgreedToInHouse>1</passedAgreedToInHouse>
        <introducedInHouse>1</introducedInHouse>
        <passageOfAMeasure>1</passageOfAMeasure>
      </actionTypeCounts>
    </actions>
    <summaries>
      <billSummaries>
        <item>
          <actionDate>2015-12-15</actionDate>
          <name>Introduced in House</name>
          <actionDesc>Introduced in House</actionDesc>
          <updateDate>2015-12-15T05:00:00Z</updateDate>
          <text><![CDATA[<p>Provides for a joint session of Congress on January 12, 2016, to receive a message from the President.</p>]]></text>
          <lastSummaryUpdateDate>2016-01-04T16:55:09Z</lastSummaryUpdateDate>
          <versionCode>00</versionCode>
        </item>
        <item>
          <actionDate>2015-12-15</actionDate>
          <name>Passed House without amendment</name>
          <actionDesc>Passed House without amendment</actionDesc>
          <updateDate>2015-12-15T14:35:32Z</updateDate>
          <text><![CDATA[<p>(This measure has not been amended since it was introduced. The summary of that version is repeated here.)</p> <p>Provides for a joint session of Congress on January 12, 2016, to receive a message from the President.</p>]]></text>
          <lastSummaryUpdateDate>2016-01-04T16:55:20Z</lastSummaryUpdateDate>
          <versionCode>81</versionCode>
        </item>
        <item>
          <actionDate>2015-12-17</actionDate>
          <name>Passed Senate without amendment</name>
          <actionDesc>Passed Senate without amendment</actionDesc>
          <updateDate>2015-12-17T13:16:19Z</updateDate>
          <text><![CDATA[<p>(This measure has not been amended since it was introduced. The summary of that version is repeated here.)</p> <p>Provides for a joint session of Congress on January 12, 2016, to receive a message from the President.</p>]]></text>
          <lastSummaryUpdateDate>2016-01-04T16:55:31Z</lastSummaryUpdateDate>
          <versionCode>82</versionCode>
        </item>
      </billSummaries>
    </summaries>
    <billType>HCONRES</billType>
    <committeeReports />
    <originChamber>House</originChamber>
    <notes />
    <policyArea>
      <name>Congress</name>
    </policyArea>
    <title>Providing for a joint session of Congress to receive a message from the President.</title>
    <createDate>2015-12-16T10:22:00Z</createDate>
    <sponsors>
      <item>
        <lastName>McCarthy</lastName>
        <identifiers>
          <bioguideId>M001165</bioguideId>
          <lisID>1833</lisID>
          <gpoId>7827</gpoId>
        </identifiers>
        <byRequestType />
        <middleName />
        <state>CA</state>
        <firstName>Kevin</firstName>
        <party>R</party>
        <fullName>Rep. McCarthy, Kevin [R-CA-23]</fullName>
        <district>23</district>
        <bioguideId>M001165</bioguideId>
      </item>
    </sponsors>
    <committees>
      <billCommittees />
    </committees>
    <titles>
      <item>
        <chamberCode />
        <chamberName />
        <parentTitleType />
        <titleType>Official Title as Introduced</titleType>
        <title>Providing for a joint session of Congress to receive a message from the President.</title>
      </item>
      <item>
        <chamberCode />
        <chamberName />
        <parentTitleType />
        <titleType>Display Title</titleType>
        <title>Providing for a joint session of Congress to receive a message from the President.</title>
      </item>
    </titles>
    <recordedVotes />
    <cboCostEstimates />
    <laws />
    <latestAction>
      <links />
      <text>Message on Senate action sent to the House.</text>
      <actionDate>2015-12-18</actionDate>
    </latestAction>
    <calendarNumbers />
    <introducedDate>2015-12-15</introducedDate>
    <amendments />
  </bill>
  <dublinCore xmlns:dc="http://purl.org/dc/elements/1.1/">
    <dc:format>text/xml</dc:format>
    <dc:language>EN</dc:language>
    <dc:rights>Pursuant to Title 17 Section 105 of the United States Code, this file is not subject to copyright protection and is in the public domain.</dc:rights>
    <dc:contributor>Congressional Research Service, Library of Congress</dc:contributor>
    <dc:description>This file contains bill summaries and statuses for federal legislation. A bill summary describes the most significant provisions of a piece of legislation and details the effects the legislative text may have on current law and federal programs. Bill summaries are authored by the Congressional Research Service (CRS) of the Library of Congress. As stated in Public Law 91-510 (2 USC 166 (d)(6)), one of the duties of CRS is "to prepare summaries and digests of bills and resolutions of a public general nature introduced in the Senate or House of Representatives". For more information, refer to the User Guide that accompanies this file.</dc:description>
  </dublinCore>
</billStatus>

