<?xml version="1.0" encoding="UTF-8"?>
<billStatus>
  <bill>
    <createDate>2016-02-02T05:12:42Z</createDate>
    <introducedDate>2016-02-01</introducedDate>
    <cosponsors />
    <calendarNumbers />
    <policyArea>
      <name>Congress</name>
    </policyArea>
    <billType>HCONRES</billType>
    <summaries>
      <billSummaries>
        <item>
          <actionDate>2016-02-01</actionDate>
          <name>Introduced in House</name>
          <actionDesc>Introduced in House</actionDesc>
          <updateDate>2016-02-01T05:00:00Z</updateDate>
          <text><![CDATA[<p>Authorizes the use of Emancipation Hall in the Capitol Visitor Center on February 24, 2016, for a ceremony to present the Congressional Gold Medal to the foot soldiers who participated in the 1965 Selma to Montgomery, Alabama, marches, which served as a catalyst for the Voting Rights Act of 1965.</p>]]></text>
          <lastSummaryUpdateDate>2016-07-21T18:38:26Z</lastSummaryUpdateDate>
          <versionCode>00</versionCode>
        </item>
        <item>
          <actionDate>2016-02-03</actionDate>
          <name>Passed House without amendment</name>
          <actionDesc>Passed House without amendment</actionDesc>
          <updateDate>2016-02-03T15:42:20Z</updateDate>
          <text><![CDATA[<p>(This measure has not been amended since it was introduced. The summary of that version is repeated here.)</p> <p>Authorizes the use of Emancipation Hall in the Capitol Visitor Center on February 24, 2016, for a ceremony to present the Congressional Gold Medal to the foot soldiers who participated in the 1965 Selma to Montgomery, Alabama, marches, which served as a catalyst for the Voting Rights Act of 1965.</p>]]></text>
          <lastSummaryUpdateDate>2016-07-21T18:40:43Z</lastSummaryUpdateDate>
          <versionCode>81</versionCode>
        </item>
        <item>
          <actionDate>2016-02-04</actionDate>
          <name>Passed Senate without amendment</name>
          <actionDesc>Passed Senate without amendment</actionDesc>
          <updateDate>2016-02-04T12:55:12Z</updateDate>
          <text><![CDATA[<p>(This measure has not been amended since it was introduced. The summary of that version is repeated here.)</p> <p>Authorizes the use of Emancipation Hall in the Capitol Visitor Center on February 24, 2016, for a ceremony to present the Congressional Gold Medal to the foot soldiers who participated in the 1965 Selma to Montgomery, Alabama, marches, which served as a catalyst for the Voting Rights Act of 1965.</p>]]></text>
          <lastSummaryUpdateDate>2016-07-21T18:42:36Z</lastSummaryUpdateDate>
          <versionCode>82</versionCode>
        </item>
      </billSummaries>
    </summaries>
    <notes />
    <congress>114</congress>
    <recordedVotes />
    <sponsors>
      <item>
        <party>D</party>
        <middleName>A.</middleName>
        <lastName>Sewell</lastName>
        <fullName>Rep. Sewell, Terri A. [D-AL-7]</fullName>
        <bioguideId>S001185</bioguideId>
        <state>AL</state>
        <byRequestType />
        <district>7</district>
        <identifiers>
          <lisID>1988</lisID>
          <gpoId>7792</gpoId>
          <bioguideId>S001185</bioguideId>
        </identifiers>
        <firstName>Terri</firstName>
      </item>
    </sponsors>
    <titles>
      <item>
        <titleType>Official Title as Introduced</titleType>
        <chamberName />
        <title>Authorizing the use of Emancipation Hall in the Capitol Visitor Center for a ceremony to present the Congressional Gold Medal to the foot soldiers who participated in the 1965 Selma to Montgomery marches.</title>
        <chamberCode />
        <parentTitleType />
      </item>
      <item>
        <titleType>Display Title</titleType>
        <chamberName />
        <title>Authorizing the use of Emancipation Hall in the Capitol Visitor Center for a ceremony to present the Congressional Gold Medal to the foot soldiers who participated in the 1965 Selma to Montgomery marches.</title>
        <chamberCode />
        <parentTitleType />
      </item>
    </titles>
    <billNumber>109</billNumber>
    <relatedBills />
    <subjects>
      <billSubjects>
        <legislativeSubjects>
          <item>
            <name>Alabama</name>
          </item>
          <item>
            <name>Congressional tributes</name>
          </item>
          <item>
            <name>Protest and dissent</name>
          </item>
          <item>
            <name>Racial and ethnic relations</name>
          </item>
          <item>
            <name>U.S. Capitol</name>
          </item>
          <item>
            <name>U.S. history</name>
          </item>
          <item>
            <name>Voting rights</name>
          </item>
        </legislativeSubjects>
        <policyArea>
          <name>Congress</name>
        </policyArea>
      </billSubjects>
    </subjects>
    <amendments />
    <originChamber>House</originChamber>
    <updateDate>2017-01-11T14:29:13Z</updateDate>
    <latestAction>
      <actionDate>2016-02-08</actionDate>
      <links />
      <text>Message on Senate action sent to the House.</text>
    </latestAction>
    <committees>
      <billCommittees>
        <item>
          <chamber>House</chamber>
          <subcommittees />
          <type>Standing</type>
          <name>House Administration Committee</name>
          <activities>
            <item>
              <name>Discharged from</name>
              <date>2016-02-03T22:01:59Z</date>
            </item>
            <item>
              <name>Referred to</name>
              <date>2016-02-01T17:01:00Z</date>
            </item>
          </activities>
          <systemCode>hsha00</systemCode>
        </item>
      </billCommittees>
    </committees>
    <committeeReports />
    <constitutionalAuthorityStatementText />
    <actions>
      <item>
        <actionDate>2016-02-08</actionDate>
        <committee />
        <links />
        <sourceSystem>
          <name>Senate</name>
          <code>0</code>
        </sourceSystem>
        <text>Message on Senate action sent to the House.</text>
        <type>Floor</type>
      </item>
      <item>
        <actionDate>2016-02-04</actionDate>
        <committee />
        <links>
          <link>
            <name>S691</name>
            <url>https://www.congress.gov/congressional-record/volume-162/senate-section/page/S691</url>
          </link>
        </links>
        <sourceSystem>
          <name>Senate</name>
          <code>0</code>
        </sourceSystem>
        <text>Received in the Senate, considered, and agreed to without amendment by Unanimous Consent. (consideration: CR S691)</text>
        <type>Floor</type>
      </item>
      <item>
        <type>Floor</type>
        <committee />
        <links>
          <link>
            <name>S691</name>
            <url>https://www.congress.gov/congressional-record/volume-162/senate-section/page/S691</url>
          </link>
        </links>
        <actionDate>2016-02-04</actionDate>
        <text>Passed/agreed to in Senate: Received in the Senate, considered, and agreed to without amendment by Unanimous Consent.(consideration: CR S691)</text>
        <actionCode>17000</actionCode>
        <sourceSystem>
          <name>Library of Congress</name>
          <code>9</code>
        </sourceSystem>
      </item>
      <item>
        <type>Floor</type>
        <committee />
        <actionTime>17:02:29</actionTime>
        <actionDate>2016-02-03</actionDate>
        <text>Motion to reconsider laid on the table Agreed to without objection.</text>
        <actionCode>H38310</actionCode>
        <sourceSystem>
          <name>House floor actions</name>
          <code>2</code>
        </sourceSystem>
        <links />
      </item>
      <item>
        <type>Floor</type>
        <committee />
        <actionTime>17:02:26</actionTime>
        <actionDate>2016-02-03</actionDate>
        <text>On agreeing to the resolution Agreed to without objection. (text: CR H540)</text>
        <actionCode>H37100</actionCode>
        <sourceSystem>
          <name>House floor actions</name>
          <code>2</code>
        </sourceSystem>
        <links>
          <link>
            <name>H540</name>
            <url>https://www.congress.gov/congressional-record/volume-162/house-section/page/H540</url>
          </link>
        </links>
      </item>
      <item>
        <type>Floor</type>
        <committee />
        <actionTime>17:02:26</actionTime>
        <actionDate>2016-02-03</actionDate>
        <text>Passed/agreed to in House: On agreeing to the resolution Agreed to without objection.(text: CR H540)</text>
        <actionCode>8000</actionCode>
        <sourceSystem>
          <name>Library of Congress</name>
          <code>9</code>
        </sourceSystem>
        <links>
          <link>
            <name>H540</name>
            <url>https://www.congress.gov/congressional-record/volume-162/house-section/page/H540</url>
          </link>
        </links>
      </item>
      <item>
        <type>Floor</type>
        <committee />
        <actionTime>17:02:22</actionTime>
        <actionDate>2016-02-03</actionDate>
        <text>Considered by unanimous consent. (consideration: CR H540)</text>
        <actionCode>H30000</actionCode>
        <sourceSystem>
          <name>House floor actions</name>
          <code>2</code>
        </sourceSystem>
        <links>
          <link>
            <name>H540</name>
            <url>https://www.congress.gov/congressional-record/volume-162/house-section/page/H540</url>
          </link>
        </links>
      </item>
      <item>
        <type>Discharge</type>
        <committee>
          <name>House Administration Committee</name>
          <systemCode>hsha00</systemCode>
        </committee>
        <links>
          <link>
            <name>H540</name>
            <url>https://www.congress.gov/congressional-record/volume-162/house-section/page/H540</url>
          </link>
        </links>
        <actionDate>2016-02-03</actionDate>
        <text>Committee on House Administration discharged. (consideration: CR H540)</text>
        <actionCode>H12300</actionCode>
        <sourceSystem>
          <name>House floor actions</name>
          <code>2</code>
        </sourceSystem>
      </item>
      <item>
        <type>Committee</type>
        <committee>
          <name>House Administration Committee</name>
          <systemCode>hsha00</systemCode>
        </committee>
        <links>
          <link>
            <name>H540</name>
            <url>https://www.congress.gov/congressional-record/volume-162/house-section/page/H540</url>
          </link>
        </links>
        <actionDate>2016-02-03</actionDate>
        <text>Committee on House Administration discharged.(consideration: CR H540)</text>
        <actionCode>5500</actionCode>
        <sourceSystem>
          <name>Library of Congress</name>
          <code>9</code>
        </sourceSystem>
      </item>
      <item>
        <type>Floor</type>
        <committee />
        <actionTime>17:01:58</actionTime>
        <actionDate>2016-02-03</actionDate>
        <text>Mrs. Miller (MI) asked unanimous consent to discharge from committee and consider.</text>
        <actionCode>H30200</actionCode>
        <sourceSystem>
          <name>House floor actions</name>
          <code>2</code>
        </sourceSystem>
        <links />
      </item>
      <item>
        <type>IntroReferral</type>
        <committee>
          <name>House Administration Committee</name>
          <systemCode>hsha00</systemCode>
        </committee>
        <links />
        <actionDate>2016-02-01</actionDate>
        <text>Referred to the House Committee on House Administration.</text>
        <actionCode>H11100</actionCode>
        <sourceSystem>
          <name>House floor actions</name>
          <code>2</code>
        </sourceSystem>
      </item>
      <item>
        <type>IntroReferral</type>
        <committee />
        <links />
        <actionDate>2016-02-01</actionDate>
        <text>Introduced in House</text>
        <actionCode>Intro-H</actionCode>
        <sourceSystem>
          <name>Library of Congress</name>
          <code>9</code>
        </sourceSystem>
      </item>
      <item>
        <type>IntroReferral</type>
        <committee />
        <links />
        <actionDate>2016-02-01</actionDate>
        <text>Introduced in House</text>
        <actionCode>1000</actionCode>
        <sourceSystem>
          <name>Library of Congress</name>
          <code>9</code>
        </sourceSystem>
      </item>
      <actionByCounts>
        <senate>3</senate>
        <houseOfRepresentatives>10</houseOfRepresentatives>
      </actionByCounts>
      <actionTypeCounts>
        <motionToReconsiderResults>1</motionToReconsiderResults>
        <considerationByHouse>1</considerationByHouse>
        <committeeDischarged>1</committeeDischarged>
        <introducedInTheHouse>1</introducedInTheHouse>
        <introducedInHouse>1</introducedInHouse>
        <houseCommitteeDischarged>1</houseCommitteeDischarged>
        <unanimousConsentRequestToConsider>1</unanimousConsentRequestToConsider>
        <passedOrAgreedToInSenateDayOf>1</passedOrAgreedToInSenateDayOf>
        <billReferrals>1</billReferrals>
        <passedAgreedToInSenate>1</passedAgreedToInSenate>
        <sentToHouse>1</sentToHouse>
        <passedAgreedToInHouse>1</passedAgreedToInHouse>
        <passageOfAMeasure>1</passageOfAMeasure>
      </actionTypeCounts>
    </actions>
    <laws />
    <cboCostEstimates />
    <title>Authorizing the use of Emancipation Hall in the Capitol Visitor Center for a ceremony to present the Congressional Gold Medal to the foot soldiers who participated in the 1965 Selma to Montgomery marches.</title>
  </bill>
  <dublinCore xmlns:dc="http://purl.org/dc/elements/1.1/">
    <dc:format>text/xml</dc:format>
    <dc:language>EN</dc:language>
    <dc:rights>Pursuant to Title 17 Section 105 of the United States Code, this file is not subject to copyright protection and is in the public domain.</dc:rights>
    <dc:contributor>Congressional Research Service, Library of Congress</dc:contributor>
    <dc:description>This file contains bill summaries and statuses for federal legislation. A bill summary describes the most significant provisions of a piece of legislation and details the effects the legislative text may have on current law and federal programs. Bill summaries are authored by the Congressional Research Service (CRS) of the Library of Congress. As stated in Public Law 91-510 (2 USC 166 (d)(6)), one of the duties of CRS is "to prepare summaries and digests of bills and resolutions of a public general nature introduced in the Senate or House of Representatives". For more information, refer to the User Guide that accompanies this file.</dc:description>
  </dublinCore>
</billStatus>

