<?xml version="1.0" encoding="UTF-8"?>
<billStatus>
  <bill>
    <congress>114</congress>
    <billNumber>66</billNumber>
    <cosponsors>
      <item>
        <sponsorshipWithdrawnDate />
        <lastName>HOYER</lastName>
        <state>MD</state>
        <middleName>H.</middleName>
        <sponsorshipDate>2015-07-28</sponsorshipDate>
        <identifiers>
          <gpoId>7980</gpoId>
          <bioguideId>H000874</bioguideId>
          <lisID>566</lisID>
        </identifiers>
        <isOriginalCosponsor>True</isOriginalCosponsor>
        <party>D</party>
        <bioguideId>H000874</bioguideId>
        <firstName>STENY</firstName>
        <fullName>Rep. Hoyer, Steny H. [D-MD-5]</fullName>
        <district>5</district>
      </item>
      <item>
        <sponsorshipWithdrawnDate />
        <lastName>McMorris Rodgers</lastName>
        <state>WA</state>
        <middleName />
        <sponsorshipDate>2015-07-28</sponsorshipDate>
        <identifiers>
          <bioguideId>M001159</bioguideId>
          <gpoId>8209</gpoId>
          <lisID>1809</lisID>
        </identifiers>
        <isOriginalCosponsor>True</isOriginalCosponsor>
        <party>R</party>
        <bioguideId>M001159</bioguideId>
        <firstName>Cathy</firstName>
        <fullName>Rep. McMorris Rodgers, Cathy [R-WA-5]</fullName>
        <district>5</district>
      </item>
      <item>
        <sponsorshipWithdrawnDate />
        <lastName>UPTON</lastName>
        <state>MI</state>
        <middleName />
        <sponsorshipDate>2015-07-28</sponsorshipDate>
        <identifiers>
          <lisID>1177</lisID>
          <gpoId>7991</gpoId>
          <bioguideId>U000031</bioguideId>
        </identifiers>
        <isOriginalCosponsor>True</isOriginalCosponsor>
        <party>R</party>
        <bioguideId>U000031</bioguideId>
        <firstName>FRED</firstName>
        <fullName>Rep. Upton, Fred [R-MI-6]</fullName>
        <district>6</district>
      </item>
      <item>
        <sponsorshipWithdrawnDate />
        <lastName>Harper</lastName>
        <state>MS</state>
        <middleName />
        <sponsorshipDate>2015-07-28</sponsorshipDate>
        <identifiers>
          <bioguideId>H001045</bioguideId>
          <lisID>1933</lisID>
          <gpoId>8021</gpoId>
        </identifiers>
        <isOriginalCosponsor>True</isOriginalCosponsor>
        <party>R</party>
        <bioguideId>H001045</bioguideId>
        <firstName>Gregg</firstName>
        <fullName>Rep. Harper, Gregg [R-MS-3]</fullName>
        <district>3</district>
      </item>
      <item>
        <sponsorshipWithdrawnDate />
        <lastName>Scott</lastName>
        <state>VA</state>
        <middleName>C. "Bobby"</middleName>
        <sponsorshipDate>2015-07-28</sponsorshipDate>
        <identifiers>
          <bioguideId>S000185</bioguideId>
          <lisID>1037</lisID>
          <gpoId>8194</gpoId>
        </identifiers>
        <isOriginalCosponsor>True</isOriginalCosponsor>
        <party>D</party>
        <bioguideId>S000185</bioguideId>
        <firstName>Robert</firstName>
        <fullName>Rep. Scott, Robert C. "Bobby" [D-VA-3]</fullName>
        <district>3</district>
      </item>
      <item>
        <sponsorshipWithdrawnDate />
        <lastName>NADLER</lastName>
        <state>NY</state>
        <middleName />
        <sponsorshipDate>2015-07-28</sponsorshipDate>
        <identifiers>
          <lisID>850</lisID>
          <gpoId>8069</gpoId>
          <bioguideId>N000002</bioguideId>
        </identifiers>
        <isOriginalCosponsor>True</isOriginalCosponsor>
        <party>D</party>
        <bioguideId>N000002</bioguideId>
        <firstName>JERROLD</firstName>
        <fullName>Rep. Nadler, Jerrold [D-NY-10]</fullName>
        <district>10</district>
      </item>
      <item>
        <sponsorshipWithdrawnDate />
        <lastName>Cohen</lastName>
        <state>TN</state>
        <middleName />
        <sponsorshipDate>2015-07-28</sponsorshipDate>
        <identifiers>
          <lisID>1878</lisID>
          <gpoId>8156</gpoId>
          <bioguideId>C001068</bioguideId>
        </identifiers>
        <isOriginalCosponsor>True</isOriginalCosponsor>
        <party>D</party>
        <bioguideId>C001068</bioguideId>
        <firstName>Steve</firstName>
        <fullName>Rep. Cohen, Steve [D-TN-9]</fullName>
        <district>9</district>
      </item>
      <item>
        <sponsorshipWithdrawnDate />
        <lastName>CONYERS</lastName>
        <state>MI</state>
        <middleName />
        <sponsorshipDate>2015-07-28</sponsorshipDate>
        <identifiers>
          <gpoId>7999</gpoId>
          <bioguideId>C000714</bioguideId>
          <lisID>229</lisID>
        </identifiers>
        <isOriginalCosponsor>True</isOriginalCosponsor>
        <party>D</party>
        <bioguideId>C000714</bioguideId>
        <firstName>JOHN</firstName>
        <fullName>Rep. Conyers, John, Jr. [D-MI-13]</fullName>
        <district>13</district>
      </item>
      <item>
        <sponsorshipWithdrawnDate />
        <lastName>Duckworth</lastName>
        <state>IL</state>
        <middleName />
        <sponsorshipDate>2015-07-28</sponsorshipDate>
        <identifiers>
          <gpoId />
          <bioguideId>D000622</bioguideId>
          <lisID>2123</lisID>
        </identifiers>
        <isOriginalCosponsor>True</isOriginalCosponsor>
        <party>D</party>
        <bioguideId>D000622</bioguideId>
        <firstName>Tammy</firstName>
        <fullName>Rep. Duckworth, Tammy [D-IL-8]</fullName>
        <district>8</district>
      </item>
      <item>
        <sponsorshipWithdrawnDate />
        <lastName>NORTON</lastName>
        <state>DC</state>
        <middleName>HOLMES</middleName>
        <sponsorshipDate>2015-07-28</sponsorshipDate>
        <identifiers>
          <bioguideId>N000147</bioguideId>
          <gpoId>7871</gpoId>
          <lisID>868</lisID>
        </identifiers>
        <isOriginalCosponsor>True</isOriginalCosponsor>
        <party>D</party>
        <bioguideId>N000147</bioguideId>
        <firstName>ELEANOR</firstName>
        <fullName>Rep. Norton, Eleanor Holmes [D-DC-At Large]</fullName>
        <district>0</district>
      </item>
      <item>
        <sponsorshipWithdrawnDate />
        <lastName>Scott</lastName>
        <state>GA</state>
        <middleName />
        <sponsorshipDate>2015-07-28</sponsorshipDate>
        <identifiers>
          <bioguideId>S001157</bioguideId>
          <gpoId>7910</gpoId>
          <lisID>1722</lisID>
        </identifiers>
        <isOriginalCosponsor>True</isOriginalCosponsor>
        <party>D</party>
        <bioguideId>S001157</bioguideId>
        <firstName>David</firstName>
        <fullName>Rep. Scott, David [D-GA-13]</fullName>
        <district>13</district>
      </item>
      <item>
        <sponsorshipWithdrawnDate />
        <lastName>Tonko</lastName>
        <state>NY</state>
        <middleName />
        <sponsorshipDate>2015-07-28</sponsorshipDate>
        <identifiers>
          <lisID>1942</lisID>
          <gpoId>8082</gpoId>
          <bioguideId>T000469</bioguideId>
        </identifiers>
        <isOriginalCosponsor>True</isOriginalCosponsor>
        <party>D</party>
        <bioguideId>T000469</bioguideId>
        <firstName>Paul</firstName>
        <fullName>Rep. Tonko, Paul [D-NY-20]</fullName>
        <district>20</district>
      </item>
      <item>
        <sponsorshipWithdrawnDate />
        <lastName>Vargas</lastName>
        <state>CA</state>
        <middleName />
        <sponsorshipDate>2015-07-28</sponsorshipDate>
        <identifiers>
          <bioguideId>V000130</bioguideId>
          <lisID>2112</lisID>
          <gpoId />
        </identifiers>
        <isOriginalCosponsor>True</isOriginalCosponsor>
        <party>D</party>
        <bioguideId>V000130</bioguideId>
        <firstName>Juan</firstName>
        <fullName>Rep. Vargas, Juan [D-CA-51]</fullName>
        <district>51</district>
      </item>
      <item>
        <sponsorshipWithdrawnDate />
        <lastName>Wasserman Schultz</lastName>
        <state>FL</state>
        <middleName />
        <sponsorshipDate>2015-07-28</sponsorshipDate>
        <identifiers>
          <lisID>1777</lisID>
          <gpoId>7892</gpoId>
          <bioguideId>W000797</bioguideId>
        </identifiers>
        <isOriginalCosponsor>True</isOriginalCosponsor>
        <party>D</party>
        <bioguideId>W000797</bioguideId>
        <firstName>Debbie</firstName>
        <fullName>Rep. Wasserman Schultz, Debbie [D-FL-23]</fullName>
        <district>23</district>
      </item>
      <item>
        <sponsorshipWithdrawnDate />
        <lastName>Edwards</lastName>
        <state>MD</state>
        <middleName>F.</middleName>
        <sponsorshipDate>2015-07-28</sponsorshipDate>
        <identifiers>
          <gpoId>7979</gpoId>
          <bioguideId>E000290</bioguideId>
          <lisID>1894</lisID>
        </identifiers>
        <isOriginalCosponsor>True</isOriginalCosponsor>
        <party>D</party>
        <bioguideId>E000290</bioguideId>
        <firstName>Donna</firstName>
        <fullName>Rep. Edwards, Donna F. [D-MD-4]</fullName>
        <district>4</district>
      </item>
      <item>
        <sponsorshipWithdrawnDate />
        <lastName>Blum</lastName>
        <state>IA</state>
        <middleName />
        <sponsorshipDate>2015-07-28</sponsorshipDate>
        <identifiers>
          <bioguideId>B001294</bioguideId>
          <lisID>2241</lisID>
          <gpoId />
        </identifiers>
        <isOriginalCosponsor>True</isOriginalCosponsor>
        <party>R</party>
        <bioguideId>B001294</bioguideId>
        <firstName>Rod</firstName>
        <fullName>Rep. Blum, Rod [R-IA-1]</fullName>
        <district>1</district>
      </item>
      <item>
        <sponsorshipWithdrawnDate />
        <lastName>Lujan Grisham</lastName>
        <state>NM</state>
        <middleName />
        <sponsorshipDate>2015-07-28</sponsorshipDate>
        <identifiers>
          <lisID>2146</lisID>
          <gpoId />
          <bioguideId>L000580</bioguideId>
        </identifiers>
        <isOriginalCosponsor>True</isOriginalCosponsor>
        <party>D</party>
        <bioguideId>L000580</bioguideId>
        <firstName>Michelle</firstName>
        <fullName>Rep. Lujan Grisham, Michelle [D-NM-1]</fullName>
        <district>1</district>
      </item>
      <item>
        <sponsorshipWithdrawnDate />
        <lastName>Kennedy</lastName>
        <state>MA</state>
        <middleName>P.</middleName>
        <sponsorshipDate>2015-07-28</sponsorshipDate>
        <identifiers>
          <lisID>2172</lisID>
          <gpoId />
          <bioguideId>K000379</bioguideId>
        </identifiers>
        <isOriginalCosponsor>True</isOriginalCosponsor>
        <party>D</party>
        <bioguideId>K000379</bioguideId>
        <firstName>Joseph</firstName>
        <fullName>Rep. Kennedy, Joseph P., III [D-MA-4]</fullName>
        <district>4</district>
      </item>
      <item>
        <sponsorshipWithdrawnDate />
        <lastName>Ashford</lastName>
        <state>NE</state>
        <middleName />
        <sponsorshipDate>2015-07-28</sponsorshipDate>
        <identifiers>
          <bioguideId>A000373</bioguideId>
          <gpoId />
          <lisID>2257</lisID>
        </identifiers>
        <isOriginalCosponsor>True</isOriginalCosponsor>
        <party>D</party>
        <bioguideId>A000373</bioguideId>
        <firstName>Brad</firstName>
        <fullName>Rep. Ashford, Brad [D-NE-2]</fullName>
        <district>2</district>
      </item>
      <item>
        <sponsorshipWithdrawnDate />
        <lastName>CRENSHAW</lastName>
        <state>FL</state>
        <middleName />
        <sponsorshipDate>2015-07-28</sponsorshipDate>
        <identifiers>
          <lisID>1643</lisID>
          <gpoId>7876</gpoId>
          <bioguideId>C001045</bioguideId>
        </identifiers>
        <isOriginalCosponsor>True</isOriginalCosponsor>
        <party>R</party>
        <bioguideId>C001045</bioguideId>
        <firstName>ANDER</firstName>
        <fullName>Rep. Crenshaw, Ander [R-FL-4]</fullName>
        <district>4</district>
      </item>
      <item>
        <sponsorshipWithdrawnDate />
        <lastName>LEWIS</lastName>
        <state>GA</state>
        <middleName />
        <sponsorshipDate>2015-07-28</sponsorshipDate>
        <identifiers>
          <lisID>688</lisID>
          <gpoId>7902</gpoId>
          <bioguideId>L000287</bioguideId>
        </identifiers>
        <isOriginalCosponsor>True</isOriginalCosponsor>
        <party>D</party>
        <bioguideId>L000287</bioguideId>
        <firstName>JOHN</firstName>
        <fullName>Rep. Lewis, John [D-GA-5]</fullName>
        <district>5</district>
      </item>
      <item>
        <sponsorshipWithdrawnDate />
        <lastName>FARR</lastName>
        <state>CA</state>
        <middleName />
        <sponsorshipDate>2015-07-28</sponsorshipDate>
        <identifiers>
          <bioguideId>F000030</bioguideId>
          <lisID>368</lisID>
          <gpoId>7822</gpoId>
        </identifiers>
        <isOriginalCosponsor>True</isOriginalCosponsor>
        <party>D</party>
        <bioguideId>F000030</bioguideId>
        <firstName>SAM</firstName>
        <fullName>Rep. Farr, Sam [D-CA-20]</fullName>
        <district>20</district>
      </item>
      <item>
        <sponsorshipWithdrawnDate />
        <lastName>MEEKS</lastName>
        <state>NY</state>
        <middleName>W.</middleName>
        <sponsorshipDate>2015-07-28</sponsorshipDate>
        <identifiers>
          <lisID>1506</lisID>
          <gpoId>8067</gpoId>
          <bioguideId>M001137</bioguideId>
        </identifiers>
        <isOriginalCosponsor>True</isOriginalCosponsor>
        <party>D</party>
        <bioguideId>M001137</bioguideId>
        <firstName>GREGORY</firstName>
        <fullName>Rep. Meeks, Gregory W. [D-NY-5]</fullName>
        <district>5</district>
      </item>
      <item>
        <sponsorshipWithdrawnDate />
        <lastName>SLAUGHTER</lastName>
        <state>NY</state>
        <middleName>M.</middleName>
        <sponsorshipDate>2015-07-28</sponsorshipDate>
        <identifiers>
          <lisID>1069</lisID>
          <gpoId>8089</gpoId>
          <bioguideId>S000480</bioguideId>
        </identifiers>
        <isOriginalCosponsor>True</isOriginalCosponsor>
        <party>D</party>
        <bioguideId>S000480</bioguideId>
        <firstName>LOUISE</firstName>
        <fullName>Rep. Slaughter, Louise McIntosh [D-NY-25]</fullName>
        <district>25</district>
      </item>
      <item>
        <sponsorshipWithdrawnDate />
        <lastName>RANGEL</lastName>
        <state>NY</state>
        <middleName>B.</middleName>
        <sponsorshipDate>2015-07-28</sponsorshipDate>
        <identifiers>
          <lisID>944</lisID>
          <gpoId>8076</gpoId>
          <bioguideId>R000053</bioguideId>
        </identifiers>
        <isOriginalCosponsor>True</isOriginalCosponsor>
        <party>D</party>
        <bioguideId>R000053</bioguideId>
        <firstName>CHARLES</firstName>
        <fullName>Rep. Rangel, Charles B. [D-NY-13]</fullName>
        <district>13</district>
      </item>
      <item>
        <sponsorshipWithdrawnDate />
        <lastName>Dent</lastName>
        <state>PA</state>
        <middleName>W.</middleName>
        <sponsorshipDate>2015-07-28</sponsorshipDate>
        <identifiers>
          <lisID>1799</lisID>
          <gpoId>8133</gpoId>
          <bioguideId>D000604</bioguideId>
        </identifiers>
        <isOriginalCosponsor>True</isOriginalCosponsor>
        <party>R</party>
        <bioguideId>D000604</bioguideId>
        <firstName>Charles</firstName>
        <fullName>Rep. Dent, Charles W. [R-PA-15]</fullName>
        <district>15</district>
      </item>
      <item>
        <sponsorshipWithdrawnDate />
        <lastName>DEGETTE</lastName>
        <state>CO</state>
        <middleName />
        <sponsorshipDate>2015-07-28</sponsorshipDate>
        <identifiers>
          <bioguideId>D000197</bioguideId>
          <gpoId>7859</gpoId>
          <lisID>1479</lisID>
        </identifiers>
        <isOriginalCosponsor>True</isOriginalCosponsor>
        <party>D</party>
        <bioguideId>D000197</bioguideId>
        <firstName>DIANA</firstName>
        <fullName>Rep. DeGette, Diana [D-CO-1]</fullName>
        <district>1</district>
      </item>
      <item>
        <sponsorshipWithdrawnDate />
        <lastName>Maloney</lastName>
        <state>NY</state>
        <middleName>Patrick</middleName>
        <sponsorshipDate>2015-07-28</sponsorshipDate>
        <identifiers>
          <bioguideId>M001185</bioguideId>
          <lisID>2150</lisID>
          <gpoId />
        </identifiers>
        <isOriginalCosponsor>True</isOriginalCosponsor>
        <party>D</party>
        <bioguideId>M001185</bioguideId>
        <firstName>Sean</firstName>
        <fullName>Rep. Maloney, Sean Patrick [D-NY-18]</fullName>
        <district>18</district>
      </item>
      <item>
        <sponsorshipWithdrawnDate />
        <lastName>Collins</lastName>
        <state>GA</state>
        <middleName />
        <sponsorshipDate>2015-07-28</sponsorshipDate>
        <identifiers>
          <lisID>2121</lisID>
          <gpoId />
          <bioguideId>C001093</bioguideId>
        </identifiers>
        <isOriginalCosponsor>True</isOriginalCosponsor>
        <party>R</party>
        <bioguideId>C001093</bioguideId>
        <firstName>Doug</firstName>
        <fullName>Rep. Collins, Doug [R-GA-9]</fullName>
        <district>9</district>
      </item>
      <item>
        <sponsorshipWithdrawnDate />
        <lastName>Bustos</lastName>
        <state>IL</state>
        <middleName />
        <sponsorshipDate>2015-07-28</sponsorshipDate>
        <identifiers>
          <bioguideId>B001286</bioguideId>
          <lisID>2127</lisID>
          <gpoId />
        </identifiers>
        <isOriginalCosponsor>True</isOriginalCosponsor>
        <party>D</party>
        <bioguideId>B001286</bioguideId>
        <firstName>Cheri</firstName>
        <fullName>Rep. Bustos, Cheri [D-IL-17]</fullName>
        <district>17</district>
      </item>
      <item>
        <sponsorshipWithdrawnDate />
        <lastName>Hahn</lastName>
        <state>CA</state>
        <middleName />
        <sponsorshipDate>2015-07-28</sponsorshipDate>
        <identifiers>
          <gpoId>8360</gpoId>
          <bioguideId>H001063</bioguideId>
          <lisID>2089</lisID>
        </identifiers>
        <isOriginalCosponsor>True</isOriginalCosponsor>
        <party>D</party>
        <bioguideId>H001063</bioguideId>
        <firstName>Janice</firstName>
        <fullName>Rep. Hahn, Janice [D-CA-44]</fullName>
        <district>44</district>
      </item>
      <item>
        <sponsorshipWithdrawnDate />
        <lastName>Cicilline</lastName>
        <state>RI</state>
        <middleName>N.</middleName>
        <sponsorshipDate>2015-07-28</sponsorshipDate>
        <identifiers>
          <lisID>2055</lisID>
          <gpoId>8139</gpoId>
          <bioguideId>C001084</bioguideId>
        </identifiers>
        <isOriginalCosponsor>True</isOriginalCosponsor>
        <party>D</party>
        <bioguideId>C001084</bioguideId>
        <firstName>David</firstName>
        <fullName>Rep. Cicilline, David N. [D-RI-1]</fullName>
        <district>1</district>
      </item>
      <item>
        <sponsorshipWithdrawnDate />
        <lastName>Frankel</lastName>
        <state>FL</state>
        <middleName />
        <sponsorshipDate>2015-07-28</sponsorshipDate>
        <identifiers>
          <lisID>2119</lisID>
          <gpoId />
          <bioguideId>F000462</bioguideId>
        </identifiers>
        <isOriginalCosponsor>True</isOriginalCosponsor>
        <party>D</party>
        <bioguideId>F000462</bioguideId>
        <firstName>Lois</firstName>
        <fullName>Rep. Frankel, Lois [D-FL-22]</fullName>
        <district>22</district>
      </item>
      <item>
        <sponsorshipWithdrawnDate />
        <lastName>SMITH</lastName>
        <state>WA</state>
        <middleName />
        <sponsorshipDate>2015-07-28</sponsorshipDate>
        <identifiers>
          <bioguideId>S000510</bioguideId>
          <gpoId>8213</gpoId>
          <lisID>1528</lisID>
        </identifiers>
        <isOriginalCosponsor>True</isOriginalCosponsor>
        <party>D</party>
        <bioguideId>S000510</bioguideId>
        <firstName>ADAM</firstName>
        <fullName>Rep. Smith, Adam [D-WA-9]</fullName>
        <district>9</district>
      </item>
      <item>
        <sponsorshipWithdrawnDate />
        <lastName>Lawrence</lastName>
        <state>MI</state>
        <middleName>L.</middleName>
        <sponsorshipDate>2015-07-28</sponsorshipDate>
        <identifiers>
          <lisID>2252</lisID>
          <gpoId />
          <bioguideId>L000581</bioguideId>
        </identifiers>
        <isOriginalCosponsor>True</isOriginalCosponsor>
        <party>D</party>
        <bioguideId>L000581</bioguideId>
        <firstName>Brenda</firstName>
        <fullName>Rep. Lawrence, Brenda L. [D-MI-14]</fullName>
        <district>14</district>
      </item>
      <item>
        <sponsorshipWithdrawnDate />
        <lastName>Dold</lastName>
        <state>IL</state>
        <middleName>J.</middleName>
        <sponsorshipDate>2015-07-28</sponsorshipDate>
        <identifiers>
          <lisID>2013</lisID>
          <gpoId>7930</gpoId>
          <bioguideId>D000613</bioguideId>
        </identifiers>
        <isOriginalCosponsor>True</isOriginalCosponsor>
        <party>R</party>
        <bioguideId>D000613</bioguideId>
        <firstName>Robert</firstName>
        <fullName>Rep. Dold, Robert J. [R-IL-10]</fullName>
        <district>10</district>
      </item>
      <item>
        <sponsorshipWithdrawnDate />
        <lastName>Foster</lastName>
        <state>IL</state>
        <middleName />
        <sponsorshipDate>2015-07-28</sponsorshipDate>
        <identifiers>
          <lisID>1888</lisID>
          <gpoId>7355</gpoId>
          <bioguideId>F000454</bioguideId>
        </identifiers>
        <isOriginalCosponsor>True</isOriginalCosponsor>
        <party>D</party>
        <bioguideId>F000454</bioguideId>
        <firstName>Bill</firstName>
        <fullName>Rep. Foster, Bill [D-IL-11]</fullName>
        <district>11</district>
      </item>
      <item>
        <sponsorshipWithdrawnDate />
        <lastName>Esty</lastName>
        <state>CT</state>
        <middleName>H.</middleName>
        <sponsorshipDate>2015-07-28</sponsorshipDate>
        <identifiers>
          <gpoId />
          <bioguideId>E000293</bioguideId>
          <lisID>2114</lisID>
        </identifiers>
        <isOriginalCosponsor>True</isOriginalCosponsor>
        <party>D</party>
        <bioguideId>E000293</bioguideId>
        <firstName>Elizabeth</firstName>
        <fullName>Rep. Esty, Elizabeth H. [D-CT-5]</fullName>
        <district>5</district>
      </item>
      <item>
        <sponsorshipWithdrawnDate />
        <lastName>Moulton</lastName>
        <state>MA</state>
        <middleName />
        <sponsorshipDate>2015-07-28</sponsorshipDate>
        <identifiers>
          <lisID>2246</lisID>
          <gpoId />
          <bioguideId>M001196</bioguideId>
        </identifiers>
        <isOriginalCosponsor>True</isOriginalCosponsor>
        <party>D</party>
        <bioguideId>M001196</bioguideId>
        <firstName>Seth</firstName>
        <fullName>Rep. Moulton, Seth [D-MA-6]</fullName>
        <district>6</district>
      </item>
      <item>
        <sponsorshipWithdrawnDate />
        <lastName>SERRANO</lastName>
        <state>NY</state>
        <middleName>E.</middleName>
        <sponsorshipDate>2015-07-28</sponsorshipDate>
        <identifiers>
          <lisID>1042</lisID>
          <gpoId>8077</gpoId>
          <bioguideId>S000248</bioguideId>
        </identifiers>
        <isOriginalCosponsor>True</isOriginalCosponsor>
        <party>D</party>
        <bioguideId>S000248</bioguideId>
        <firstName>JOSE</firstName>
        <fullName>Rep. Serrano, Jose E. [D-NY-15]</fullName>
        <district>15</district>
      </item>
      <item>
        <sponsorshipWithdrawnDate />
        <lastName>Carter</lastName>
        <state>GA</state>
        <middleName>L. "Buddy"</middleName>
        <sponsorshipDate>2015-07-28</sponsorshipDate>
        <identifiers>
          <lisID>2236</lisID>
          <gpoId />
          <bioguideId>C001103</bioguideId>
        </identifiers>
        <isOriginalCosponsor>True</isOriginalCosponsor>
        <party>R</party>
        <bioguideId>C001103</bioguideId>
        <firstName>Earl</firstName>
        <fullName>Rep. Carter, Earl L. "Buddy" [R-GA-1]</fullName>
        <district>1</district>
      </item>
      <item>
        <sponsorshipWithdrawnDate />
        <lastName>Jenkins</lastName>
        <state>KS</state>
        <middleName />
        <sponsorshipDate>2015-07-28</sponsorshipDate>
        <identifiers>
          <gpoId>7950</gpoId>
          <bioguideId>J000290</bioguideId>
          <lisID>1921</lisID>
        </identifiers>
        <isOriginalCosponsor>True</isOriginalCosponsor>
        <party>R</party>
        <bioguideId>J000290</bioguideId>
        <firstName>Lynn</firstName>
        <fullName>Rep. Jenkins, Lynn [R-KS-2]</fullName>
        <district>2</district>
      </item>
      <item>
        <sponsorshipWithdrawnDate />
        <lastName>SCHAKOWSKY</lastName>
        <state>IL</state>
        <middleName>D.</middleName>
        <sponsorshipDate>2015-07-28</sponsorshipDate>
        <identifiers>
          <lisID>1588</lisID>
          <gpoId>7929</gpoId>
          <bioguideId>S001145</bioguideId>
        </identifiers>
        <isOriginalCosponsor>True</isOriginalCosponsor>
        <party>D</party>
        <bioguideId>S001145</bioguideId>
        <firstName>JANICE</firstName>
        <fullName>Rep. Schakowsky, Janice D. [D-IL-9]</fullName>
        <district>9</district>
      </item>
      <item>
        <sponsorshipWithdrawnDate />
        <lastName>MCCOLLUM</lastName>
        <state>MN</state>
        <middleName />
        <sponsorshipDate>2015-07-28</sponsorshipDate>
        <identifiers>
          <lisID>1653</lisID>
          <gpoId>8004</gpoId>
          <bioguideId>M001143</bioguideId>
        </identifiers>
        <isOriginalCosponsor>True</isOriginalCosponsor>
        <party>D</party>
        <bioguideId>M001143</bioguideId>
        <firstName>BETTY</firstName>
        <fullName>Rep. McCollum, Betty [D-MN-4]</fullName>
        <district>4</district>
      </item>
      <item>
        <sponsorshipWithdrawnDate />
        <lastName>CUMMINGS</lastName>
        <state>MD</state>
        <middleName>E.</middleName>
        <sponsorshipDate>2015-07-28</sponsorshipDate>
        <identifiers>
          <gpoId>7982</gpoId>
          <bioguideId>C000984</bioguideId>
          <lisID>256</lisID>
        </identifiers>
        <isOriginalCosponsor>True</isOriginalCosponsor>
        <party>D</party>
        <bioguideId>C000984</bioguideId>
        <firstName>ELIJAH</firstName>
        <fullName>Rep. Cummings, Elijah E. [D-MD-7]</fullName>
        <district>7</district>
      </item>
      <item>
        <sponsorshipWithdrawnDate />
        <lastName>SANCHEZ</lastName>
        <state>CA</state>
        <middleName>T.</middleName>
        <sponsorshipDate>2015-07-28</sponsorshipDate>
        <identifiers>
          <lisID>1757</lisID>
          <gpoId>7844</gpoId>
          <bioguideId>S001156</bioguideId>
        </identifiers>
        <isOriginalCosponsor>True</isOriginalCosponsor>
        <party>D</party>
        <bioguideId>S001156</bioguideId>
        <firstName>LINDA</firstName>
        <fullName>Rep. Sanchez, Linda T. [D-CA-38]</fullName>
        <district>38</district>
      </item>
      <item>
        <sponsorshipWithdrawnDate />
        <lastName>Chu</lastName>
        <state>CA</state>
        <middleName />
        <sponsorshipDate>2015-07-28</sponsorshipDate>
        <identifiers>
          <bioguideId>C001080</bioguideId>
          <gpoId>7837</gpoId>
          <lisID>1970</lisID>
        </identifiers>
        <isOriginalCosponsor>True</isOriginalCosponsor>
        <party>D</party>
        <bioguideId>C001080</bioguideId>
        <firstName>Judy</firstName>
        <fullName>Rep. Chu, Judy [D-CA-27]</fullName>
        <district>27</district>
      </item>
      <item>
        <sponsorshipWithdrawnDate />
        <lastName>Beyer</lastName>
        <state>VA</state>
        <middleName>S.</middleName>
        <sponsorshipDate>2015-07-28</sponsorshipDate>
        <identifiers>
          <lisID>2272</lisID>
          <gpoId />
          <bioguideId>B001292</bioguideId>
        </identifiers>
        <isOriginalCosponsor>True</isOriginalCosponsor>
        <party>D</party>
        <bioguideId>B001292</bioguideId>
        <firstName>Donald</firstName>
        <fullName>Rep. Beyer, Donald S., Jr. [D-VA-8]</fullName>
        <district>8</district>
      </item>
      <item>
        <sponsorshipWithdrawnDate />
        <lastName>BROWN</lastName>
        <state>FL</state>
        <middleName />
        <sponsorshipDate>2015-07-28</sponsorshipDate>
        <identifiers>
          <bioguideId>B000911</bioguideId>
          <gpoId>7875</gpoId>
          <lisID>132</lisID>
        </identifiers>
        <isOriginalCosponsor>True</isOriginalCosponsor>
        <party>D</party>
        <bioguideId>B000911</bioguideId>
        <firstName>CORRINE</firstName>
        <fullName>Rep. Brown, Corrine [D-FL-5]</fullName>
        <district>5</district>
      </item>
      <item>
        <sponsorshipWithdrawnDate />
        <lastName>Van Hollen</lastName>
        <state>MD</state>
        <middleName />
        <sponsorshipDate>2015-07-29</sponsorshipDate>
        <identifiers>
          <gpoId>7983</gpoId>
          <bioguideId>V000128</bioguideId>
          <lisID>1729</lisID>
        </identifiers>
        <isOriginalCosponsor>False</isOriginalCosponsor>
        <party>D</party>
        <bioguideId>V000128</bioguideId>
        <firstName>Chris</firstName>
        <fullName>Rep. Van Hollen, Chris [D-MD-8]</fullName>
        <district>8</district>
      </item>
      <item>
        <sponsorshipWithdrawnDate />
        <lastName>Costello</lastName>
        <state>PA</state>
        <middleName>A.</middleName>
        <sponsorshipDate>2015-07-29</sponsorshipDate>
        <identifiers>
          <gpoId />
          <bioguideId>C001106</bioguideId>
          <lisID>2266</lisID>
        </identifiers>
        <isOriginalCosponsor>False</isOriginalCosponsor>
        <party>R</party>
        <bioguideId>C001106</bioguideId>
        <firstName>Ryan</firstName>
        <fullName>Rep. Costello, Ryan A. [R-PA-6]</fullName>
        <district>6</district>
      </item>
      <item>
        <sponsorshipWithdrawnDate />
        <lastName>Bordallo</lastName>
        <state>GU</state>
        <middleName>Z.</middleName>
        <sponsorshipDate>2015-07-29</sponsorshipDate>
        <identifiers>
          <lisID>1723</lisID>
          <gpoId>7911</gpoId>
          <bioguideId>B001245</bioguideId>
        </identifiers>
        <isOriginalCosponsor>False</isOriginalCosponsor>
        <party>D</party>
        <bioguideId>B001245</bioguideId>
        <firstName>Madeleine</firstName>
        <fullName>Rep. Bordallo, Madeleine Z. [D-GU-At Large]</fullName>
        <district>0</district>
      </item>
      <item>
        <sponsorshipWithdrawnDate />
        <lastName>Carson</lastName>
        <state>IN</state>
        <middleName />
        <sponsorshipDate>2015-07-29</sponsorshipDate>
        <identifiers>
          <bioguideId>C001072</bioguideId>
          <lisID>1889</lisID>
          <gpoId>7946</gpoId>
        </identifiers>
        <isOriginalCosponsor>False</isOriginalCosponsor>
        <party>D</party>
        <bioguideId>C001072</bioguideId>
        <firstName>Andre</firstName>
        <fullName>Rep. Carson, Andre [D-IN-7]</fullName>
        <district>7</district>
      </item>
      <item>
        <sponsorshipWithdrawnDate />
        <lastName>GUTIERREZ</lastName>
        <state>IL</state>
        <middleName>V.</middleName>
        <sponsorshipDate>2015-07-29</sponsorshipDate>
        <identifiers>
          <lisID>478</lisID>
          <gpoId>7924</gpoId>
          <bioguideId>G000535</bioguideId>
        </identifiers>
        <isOriginalCosponsor>False</isOriginalCosponsor>
        <party>D</party>
        <bioguideId>G000535</bioguideId>
        <firstName>LUIS</firstName>
        <fullName>Rep. Gutierrez, Luis V. [D-IL-4]</fullName>
        <district>4</district>
      </item>
      <item>
        <sponsorshipWithdrawnDate />
        <lastName>Takano</lastName>
        <state>CA</state>
        <middleName />
        <sponsorshipDate>2015-07-29</sponsorshipDate>
        <identifiers>
          <bioguideId>T000472</bioguideId>
          <gpoId />
          <lisID>2110</lisID>
        </identifiers>
        <isOriginalCosponsor>False</isOriginalCosponsor>
        <party>D</party>
        <bioguideId>T000472</bioguideId>
        <firstName>Mark</firstName>
        <fullName>Rep. Takano, Mark [D-CA-41]</fullName>
        <district>41</district>
      </item>
      <item>
        <sponsorshipWithdrawnDate />
        <lastName>Higgins</lastName>
        <state>NY</state>
        <middleName />
        <sponsorshipDate>2015-07-29</sponsorshipDate>
        <identifiers>
          <lisID>1794</lisID>
          <gpoId>8088</gpoId>
          <bioguideId>H001038</bioguideId>
        </identifiers>
        <isOriginalCosponsor>False</isOriginalCosponsor>
        <party>D</party>
        <bioguideId>H001038</bioguideId>
        <firstName>Brian</firstName>
        <fullName>Rep. Higgins, Brian [D-NY-26]</fullName>
        <district>26</district>
      </item>
      <item>
        <sponsorshipWithdrawnDate />
        <lastName>BISHOP</lastName>
        <state>GA</state>
        <middleName>D.</middleName>
        <sponsorshipDate>2015-07-29</sponsorshipDate>
        <identifiers>
          <bioguideId>B000490</bioguideId>
          <lisID>91</lisID>
          <gpoId>7899</gpoId>
        </identifiers>
        <isOriginalCosponsor>False</isOriginalCosponsor>
        <party>D</party>
        <bioguideId>B000490</bioguideId>
        <firstName>SANFORD</firstName>
        <fullName>Rep. Bishop, Sanford D., Jr. [D-GA-2]</fullName>
        <district>2</district>
      </item>
      <item>
        <sponsorshipWithdrawnDate />
        <lastName>Watson Coleman</lastName>
        <state>NJ</state>
        <middleName />
        <sponsorshipDate>2015-07-29</sponsorshipDate>
        <identifiers>
          <lisID>2259</lisID>
          <gpoId />
          <bioguideId>W000822</bioguideId>
        </identifiers>
        <isOriginalCosponsor>False</isOriginalCosponsor>
        <party>D</party>
        <bioguideId>W000822</bioguideId>
        <firstName>Bonnie</firstName>
        <fullName>Rep. Watson Coleman, Bonnie [D-NJ-12]</fullName>
        <district>12</district>
      </item>
      <item>
        <sponsorshipWithdrawnDate />
        <lastName>LARSON</lastName>
        <state>CT</state>
        <middleName>B.</middleName>
        <sponsorshipDate>2015-07-29</sponsorshipDate>
        <identifiers>
          <bioguideId>L000557</bioguideId>
          <lisID>1583</lisID>
          <gpoId>7866</gpoId>
        </identifiers>
        <isOriginalCosponsor>False</isOriginalCosponsor>
        <party>D</party>
        <bioguideId>L000557</bioguideId>
        <firstName>JOHN</firstName>
        <fullName>Rep. Larson, John B. [D-CT-1]</fullName>
        <district>1</district>
      </item>
      <item>
        <sponsorshipWithdrawnDate />
        <lastName>Zinke</lastName>
        <state>MT</state>
        <middleName>K.</middleName>
        <sponsorshipDate>2015-07-29</sponsorshipDate>
        <identifiers>
          <bioguideId>Z000018</bioguideId>
          <gpoId />
          <lisID>2254</lisID>
        </identifiers>
        <isOriginalCosponsor>False</isOriginalCosponsor>
        <party>R</party>
        <bioguideId>Z000018</bioguideId>
        <firstName>Ryan</firstName>
        <fullName>Rep. Zinke, Ryan K. [R-MT-At Large]</fullName>
        <district>0</district>
      </item>
      <item>
        <sponsorshipWithdrawnDate />
        <lastName>Castro</lastName>
        <state>TX</state>
        <middleName />
        <sponsorshipDate>2015-07-29</sponsorshipDate>
        <identifiers>
          <bioguideId>C001091</bioguideId>
          <gpoId />
          <lisID>2163</lisID>
        </identifiers>
        <isOriginalCosponsor>False</isOriginalCosponsor>
        <party>D</party>
        <bioguideId>C001091</bioguideId>
        <firstName>Joaquin</firstName>
        <fullName>Rep. Castro, Joaquin [D-TX-20]</fullName>
        <district>20</district>
      </item>
      <item>
        <sponsorshipWithdrawnDate />
        <lastName>Rice</lastName>
        <state>NY</state>
        <middleName>M.</middleName>
        <sponsorshipDate>2015-07-29</sponsorshipDate>
        <identifiers>
          <lisID>2262</lisID>
          <gpoId />
          <bioguideId>R000602</bioguideId>
        </identifiers>
        <isOriginalCosponsor>False</isOriginalCosponsor>
        <party>D</party>
        <bioguideId>R000602</bioguideId>
        <firstName>Kathleen</firstName>
        <fullName>Rep. Rice, Kathleen M. [D-NY-4]</fullName>
        <district>4</district>
      </item>
      <item>
        <sponsorshipWithdrawnDate />
        <lastName>LEVIN</lastName>
        <state>MI</state>
        <middleName>M.</middleName>
        <sponsorshipDate>2015-07-29</sponsorshipDate>
        <identifiers>
          <lisID>683</lisID>
          <gpoId>7997</gpoId>
          <bioguideId>L000263</bioguideId>
        </identifiers>
        <isOriginalCosponsor>False</isOriginalCosponsor>
        <party>D</party>
        <bioguideId>L000263</bioguideId>
        <firstName>SANDER</firstName>
        <fullName>Rep. Levin, Sander M. [D-MI-9]</fullName>
        <district>9</district>
      </item>
      <item>
        <sponsorshipWithdrawnDate />
        <lastName>DAVIS</lastName>
        <state>IL</state>
        <middleName>K.</middleName>
        <sponsorshipDate>2015-07-29</sponsorshipDate>
        <identifiers>
          <lisID>1477</lisID>
          <gpoId>7927</gpoId>
          <bioguideId>D000096</bioguideId>
        </identifiers>
        <isOriginalCosponsor>False</isOriginalCosponsor>
        <party>D</party>
        <bioguideId>D000096</bioguideId>
        <firstName>DANNY</firstName>
        <fullName>Rep. Davis, Danny K. [D-IL-7]</fullName>
        <district>7</district>
      </item>
      <item>
        <sponsorshipWithdrawnDate />
        <lastName>Johnson</lastName>
        <state>OH</state>
        <middleName />
        <sponsorshipDate>2015-07-29</sponsorshipDate>
        <identifiers>
          <lisID>2046</lisID>
          <gpoId>8096</gpoId>
          <bioguideId>J000292</bioguideId>
        </identifiers>
        <isOriginalCosponsor>False</isOriginalCosponsor>
        <party>R</party>
        <bioguideId>J000292</bioguideId>
        <firstName>Bill</firstName>
        <fullName>Rep. Johnson, Bill [R-OH-6]</fullName>
        <district>6</district>
      </item>
      <item>
        <sponsorshipWithdrawnDate />
        <lastName>RYAN</lastName>
        <state>OH</state>
        <middleName />
        <sponsorshipDate>2015-07-29</sponsorshipDate>
        <identifiers>
          <lisID>1756</lisID>
          <gpoId>8107</gpoId>
          <bioguideId>R000577</bioguideId>
        </identifiers>
        <isOriginalCosponsor>False</isOriginalCosponsor>
        <party>D</party>
        <bioguideId>R000577</bioguideId>
        <firstName>TIM</firstName>
        <fullName>Rep. Ryan, Tim [D-OH-13]</fullName>
        <district>13</district>
      </item>
      <item>
        <sponsorshipWithdrawnDate />
        <lastName>Kilmer</lastName>
        <state>WA</state>
        <middleName />
        <sponsorshipDate>2015-07-29</sponsorshipDate>
        <identifiers>
          <gpoId />
          <bioguideId>K000381</bioguideId>
          <lisID>2169</lisID>
        </identifiers>
        <isOriginalCosponsor>False</isOriginalCosponsor>
        <party>D</party>
        <bioguideId>K000381</bioguideId>
        <firstName>Derek</firstName>
        <fullName>Rep. Kilmer, Derek [D-WA-6]</fullName>
        <district>6</district>
      </item>
      <item>
        <sponsorshipWithdrawnDate />
        <lastName>Delaney</lastName>
        <state>MD</state>
        <middleName>K.</middleName>
        <sponsorshipDate>2015-07-29</sponsorshipDate>
        <identifiers>
          <gpoId />
          <bioguideId>D000620</bioguideId>
          <lisID>2133</lisID>
        </identifiers>
        <isOriginalCosponsor>False</isOriginalCosponsor>
        <party>D</party>
        <bioguideId>D000620</bioguideId>
        <firstName>John</firstName>
        <fullName>Rep. Delaney, John K. [D-MD-6]</fullName>
        <district>6</district>
      </item>
      <item>
        <sponsorshipWithdrawnDate />
        <lastName>Courtney</lastName>
        <state>CT</state>
        <middleName />
        <sponsorshipDate>2015-07-29</sponsorshipDate>
        <identifiers>
          <lisID>1836</lisID>
          <gpoId>7867</gpoId>
          <bioguideId>C001069</bioguideId>
        </identifiers>
        <isOriginalCosponsor>False</isOriginalCosponsor>
        <party>D</party>
        <bioguideId>C001069</bioguideId>
        <firstName>Joe</firstName>
        <fullName>Rep. Courtney, Joe [D-CT-2]</fullName>
        <district>2</district>
      </item>
      <item>
        <sponsorshipWithdrawnDate />
        <lastName>PASCRELL</lastName>
        <state>NJ</state>
        <middleName>J.</middleName>
        <sponsorshipDate>2015-07-29</sponsorshipDate>
        <identifiers>
          <bioguideId>P000096</bioguideId>
          <gpoId>8050</gpoId>
          <lisID>1510</lisID>
        </identifiers>
        <isOriginalCosponsor>False</isOriginalCosponsor>
        <party>D</party>
        <bioguideId>P000096</bioguideId>
        <firstName>WILLIAM</firstName>
        <fullName>Rep. Pascrell, Bill, Jr. [D-NJ-9]</fullName>
        <district>9</district>
      </item>
      <item>
        <sponsorshipWithdrawnDate />
        <lastName>Clarke</lastName>
        <state>NY</state>
        <middleName>D.</middleName>
        <sponsorshipDate>2015-07-29</sponsorshipDate>
        <identifiers>
          <lisID>1864</lisID>
          <gpoId>8072</gpoId>
          <bioguideId>C001067</bioguideId>
        </identifiers>
        <isOriginalCosponsor>False</isOriginalCosponsor>
        <party>D</party>
        <bioguideId>C001067</bioguideId>
        <firstName>Yvette</firstName>
        <fullName>Rep. Clarke, Yvette D. [D-NY-9]</fullName>
        <district>9</district>
      </item>
      <item>
        <sponsorshipWithdrawnDate />
        <lastName>MCGOVERN</lastName>
        <state>MA</state>
        <middleName>P.</middleName>
        <sponsorshipDate>2015-07-29</sponsorshipDate>
        <identifiers>
          <bioguideId>M000312</bioguideId>
          <gpoId>7968</gpoId>
          <lisID>1504</lisID>
        </identifiers>
        <isOriginalCosponsor>False</isOriginalCosponsor>
        <party>D</party>
        <bioguideId>M000312</bioguideId>
        <firstName>JAMES</firstName>
        <fullName>Rep. McGovern, James P. [D-MA-2]</fullName>
        <district>2</district>
      </item>
      <item>
        <sponsorshipWithdrawnDate />
        <lastName>Torres</lastName>
        <state>CA</state>
        <middleName>J.</middleName>
        <sponsorshipDate>2015-07-29</sponsorshipDate>
        <identifiers>
          <bioguideId>T000474</bioguideId>
          <gpoId />
          <lisID>2231</lisID>
        </identifiers>
        <isOriginalCosponsor>False</isOriginalCosponsor>
        <party>D</party>
        <bioguideId>T000474</bioguideId>
        <firstName>Norma</firstName>
        <fullName>Rep. Torres, Norma J. [D-CA-35]</fullName>
        <district>35</district>
      </item>
      <item>
        <sponsorshipWithdrawnDate />
        <lastName>Newhouse</lastName>
        <state>WA</state>
        <middleName />
        <sponsorshipDate>2015-07-29</sponsorshipDate>
        <identifiers>
          <gpoId />
          <bioguideId>N000189</bioguideId>
          <lisID>2275</lisID>
        </identifiers>
        <isOriginalCosponsor>False</isOriginalCosponsor>
        <party>R</party>
        <bioguideId>N000189</bioguideId>
        <firstName>Dan</firstName>
        <fullName>Rep. Newhouse, Dan [R-WA-4]</fullName>
        <district>4</district>
      </item>
      <item>
        <sponsorshipWithdrawnDate />
        <lastName>Beatty</lastName>
        <state>OH</state>
        <middleName />
        <sponsorshipDate>2015-07-29</sponsorshipDate>
        <identifiers>
          <gpoId />
          <bioguideId>B001281</bioguideId>
          <lisID>2153</lisID>
        </identifiers>
        <isOriginalCosponsor>False</isOriginalCosponsor>
        <party>D</party>
        <bioguideId>B001281</bioguideId>
        <firstName>Joyce</firstName>
        <fullName>Rep. Beatty, Joyce [D-OH-3]</fullName>
        <district>3</district>
      </item>
      <item>
        <sponsorshipWithdrawnDate />
        <lastName>Peters</lastName>
        <state>CA</state>
        <middleName>H.</middleName>
        <sponsorshipDate>2015-07-29</sponsorshipDate>
        <identifiers>
          <bioguideId>P000608</bioguideId>
          <lisID>2113</lisID>
          <gpoId />
        </identifiers>
        <isOriginalCosponsor>False</isOriginalCosponsor>
        <party>D</party>
        <bioguideId>P000608</bioguideId>
        <firstName>Scott</firstName>
        <fullName>Rep. Peters, Scott H. [D-CA-52]</fullName>
        <district>52</district>
      </item>
      <item>
        <sponsorshipWithdrawnDate />
        <lastName>ROYBAL-ALLARD</lastName>
        <state>CA</state>
        <middleName />
        <sponsorshipDate>2015-07-29</sponsorshipDate>
        <identifiers>
          <lisID>997</lisID>
          <gpoId>7839</gpoId>
          <bioguideId>R000486</bioguideId>
        </identifiers>
        <isOriginalCosponsor>False</isOriginalCosponsor>
        <party>D</party>
        <bioguideId>R000486</bioguideId>
        <firstName>LUCILLE</firstName>
        <fullName>Rep. Roybal-Allard, Lucille [D-CA-40]</fullName>
        <district>40</district>
      </item>
      <item>
        <sponsorshipWithdrawnDate />
        <lastName>Dingell</lastName>
        <state>MI</state>
        <middleName />
        <sponsorshipDate>2015-07-29</sponsorshipDate>
        <identifiers>
          <lisID>2251</lisID>
          <gpoId />
          <bioguideId>D000624</bioguideId>
        </identifiers>
        <isOriginalCosponsor>False</isOriginalCosponsor>
        <party>D</party>
        <bioguideId>D000624</bioguideId>
        <firstName>Debbie</firstName>
        <fullName>Rep. Dingell, Debbie [D-MI-12]</fullName>
        <district>12</district>
      </item>
      <item>
        <sponsorshipWithdrawnDate />
        <lastName>PRICE</lastName>
        <state>NC</state>
        <middleName>E.</middleName>
        <sponsorshipDate>2015-07-29</sponsorshipDate>
        <identifiers>
          <gpoId>8027</gpoId>
          <bioguideId>P000523</bioguideId>
          <lisID>930</lisID>
        </identifiers>
        <isOriginalCosponsor>False</isOriginalCosponsor>
        <party>D</party>
        <bioguideId>P000523</bioguideId>
        <firstName>DAVID</firstName>
        <fullName>Rep. Price, David E. [D-NC-4]</fullName>
        <district>4</district>
      </item>
      <item>
        <sponsorshipWithdrawnDate />
        <lastName>Connolly</lastName>
        <state>VA</state>
        <middleName>E.</middleName>
        <sponsorshipDate>2015-07-29</sponsorshipDate>
        <identifiers>
          <gpoId>8202</gpoId>
          <bioguideId>C001078</bioguideId>
          <lisID>1959</lisID>
        </identifiers>
        <isOriginalCosponsor>False</isOriginalCosponsor>
        <party>D</party>
        <bioguideId>C001078</bioguideId>
        <firstName>Gerald</firstName>
        <fullName>Rep. Connolly, Gerald E. [D-VA-11]</fullName>
        <district>11</district>
      </item>
      <item>
        <sponsorshipWithdrawnDate />
        <lastName>Lieu</lastName>
        <state>CA</state>
        <middleName />
        <sponsorshipDate>2015-07-29</sponsorshipDate>
        <identifiers>
          <gpoId />
          <bioguideId>L000582</bioguideId>
          <lisID>2230</lisID>
        </identifiers>
        <isOriginalCosponsor>False</isOriginalCosponsor>
        <party>D</party>
        <bioguideId>L000582</bioguideId>
        <firstName>Ted</firstName>
        <fullName>Rep. Lieu, Ted [D-CA-33]</fullName>
        <district>33</district>
      </item>
      <item>
        <sponsorshipWithdrawnDate />
        <lastName>Collins</lastName>
        <state>NY</state>
        <middleName />
        <sponsorshipDate>2015-07-29</sponsorshipDate>
        <identifiers>
          <lisID>2151</lisID>
          <gpoId />
          <bioguideId>C001092</bioguideId>
        </identifiers>
        <isOriginalCosponsor>False</isOriginalCosponsor>
        <party>R</party>
        <bioguideId>C001092</bioguideId>
        <firstName>Chris</firstName>
        <fullName>Rep. Collins, Chris [R-NY-27]</fullName>
        <district>27</district>
      </item>
      <item>
        <sponsorshipWithdrawnDate />
        <lastName>VELAZQUEZ</lastName>
        <state>NY</state>
        <middleName>M.</middleName>
        <sponsorshipDate>2016-01-06</sponsorshipDate>
        <identifiers>
          <bioguideId>V000081</bioguideId>
          <lisID>1184</lisID>
          <gpoId>8073</gpoId>
        </identifiers>
        <isOriginalCosponsor>False</isOriginalCosponsor>
        <party>D</party>
        <bioguideId>V000081</bioguideId>
        <firstName>NYDIA</firstName>
        <fullName>Rep. Velazquez, Nydia M. [D-NY-7]</fullName>
        <district>7</district>
      </item>
    </cosponsors>
    <subjects>
      <billSubjects>
        <legislativeSubjects>
          <item>
            <name>Commemorative events and holidays</name>
          </item>
          <item>
            <name>Congressional tributes</name>
          </item>
          <item>
            <name>Disability and health-based discrimination</name>
          </item>
          <item>
            <name>Employment discrimination and employee rights</name>
          </item>
        </legislativeSubjects>
        <policyArea>
          <name>Civil Rights and Liberties, Minority Issues</name>
        </policyArea>
      </billSubjects>
    </subjects>
    <relatedBills>
      <item>
        <number>20</number>
        <type>SCONRES</type>
        <latestTitle>A concurrent resolution recognizing and honoring the 25th anniversary of the date of enactment of the Americans with Disabilities Act of 1990.</latestTitle>
        <latestAction>
          <actionDate>2015-09-08</actionDate>
          <text>Referred to the Subcommittee on the Constitution and Civil Justice.</text>
        </latestAction>
        <relationshipDetails>
          <item>
            <identifiedBy>CRS</identifiedBy>
            <type>Identical bill</type>
          </item>
        </relationshipDetails>
        <congress>114</congress>
      </item>
    </relatedBills>
    <constitutionalAuthorityStatementText />
    <updateDate>2017-01-11T14:29:01Z</updateDate>
    <actions>
      <actionTypeCounts>
        <placeholderTextForH>3</placeholderTextForH>
        <billReferralsAggregate>1</billReferralsAggregate>
        <billReferrals>4</billReferrals>
        <introducedInTheHouse>1</introducedInTheHouse>
        <introducedInHouse>1</introducedInHouse>
      </actionTypeCounts>
      <item>
        <actionDate>2015-09-08</actionDate>
        <committee>
          <name>Constitution and Civil Justice Subcommittee</name>
          <systemCode>hsju10</systemCode>
        </committee>
        <links />
        <sourceSystem>
          <code>1</code>
          <name>House committee actions</name>
        </sourceSystem>
        <text>Referred to the Subcommittee on the Constitution and Civil Justice.</text>
        <type>Committee</type>
      </item>
      <item>
        <actionDate>2015-07-31</actionDate>
        <committee>
          <name>Health Subcommittee</name>
          <systemCode>hsif14</systemCode>
        </committee>
        <links />
        <sourceSystem>
          <code>1</code>
          <name>House committee actions</name>
        </sourceSystem>
        <text>Referred to the Subcommittee on Health.</text>
        <type>Committee</type>
      </item>
      <item>
        <actionDate>2015-07-29</actionDate>
        <committee>
          <name>Highways and Transit Subcommittee</name>
          <systemCode>hspw12</systemCode>
        </committee>
        <links />
        <sourceSystem>
          <code>1</code>
          <name>House committee actions</name>
        </sourceSystem>
        <text>Referred to the Subcommittee on Highways and Transit.</text>
        <type>Committee</type>
      </item>
      <item>
        <text>Referred to House Energy and Commerce</text>
        <committee>
          <name>Energy and Commerce Committee</name>
          <systemCode>hsif00</systemCode>
        </committee>
        <type>IntroReferral</type>
        <actionDate>2015-07-28</actionDate>
        <sourceSystem>
          <code>2</code>
          <name>House floor actions</name>
        </sourceSystem>
        <links />
        <actionCode>H11100</actionCode>
      </item>
      <item>
        <text>Referred to House Judiciary</text>
        <committee>
          <name>Judiciary Committee</name>
          <systemCode>hsju00</systemCode>
        </committee>
        <type>IntroReferral</type>
        <actionDate>2015-07-28</actionDate>
        <sourceSystem>
          <code>2</code>
          <name>House floor actions</name>
        </sourceSystem>
        <links />
        <actionCode>H11100</actionCode>
      </item>
      <item>
        <text>Referred to House Transportation and Infrastructure</text>
        <committee>
          <name>Transportation and Infrastructure Committee</name>
          <systemCode>hspw00</systemCode>
        </committee>
        <type>IntroReferral</type>
        <actionDate>2015-07-28</actionDate>
        <sourceSystem>
          <code>2</code>
          <name>House floor actions</name>
        </sourceSystem>
        <links />
        <actionCode>H11100</actionCode>
      </item>
      <item>
        <text>Referred to the Committee on Education and the Workforce, and in addition to the Committees on Transportation and Infrastructure, the Judiciary, and Energy and Commerce, for a period to be subsequently determined by the Speaker, in each case for consideration of such provisions as fall within the jurisdiction of the committee concerned.</text>
        <committee />
        <type>IntroReferral</type>
        <actionDate>2015-07-28</actionDate>
        <sourceSystem>
          <code>9</code>
          <name>Library of Congress</name>
        </sourceSystem>
        <links />
        <actionCode>H11100-A</actionCode>
      </item>
      <item>
        <text>Referred to House Education and the Workforce</text>
        <committee>
          <name>Education and the Workforce Committee</name>
          <systemCode>hsed00</systemCode>
        </committee>
        <type>IntroReferral</type>
        <actionDate>2015-07-28</actionDate>
        <sourceSystem>
          <code>2</code>
          <name>House floor actions</name>
        </sourceSystem>
        <links />
        <actionCode>H11100</actionCode>
      </item>
      <item>
        <text>Introduced in House</text>
        <committee />
        <type>IntroReferral</type>
        <actionDate>2015-07-28</actionDate>
        <sourceSystem>
          <code>9</code>
          <name>Library of Congress</name>
        </sourceSystem>
        <links />
        <actionCode>Intro-H</actionCode>
      </item>
      <item>
        <text>Introduced in House</text>
        <committee />
        <type>IntroReferral</type>
        <actionDate>2015-07-28</actionDate>
        <sourceSystem>
          <code>9</code>
          <name>Library of Congress</name>
        </sourceSystem>
        <links />
        <actionCode>1000</actionCode>
      </item>
      <actionByCounts>
        <houseOfRepresentatives>10</houseOfRepresentatives>
      </actionByCounts>
    </actions>
    <summaries>
      <billSummaries>
        <item>
          <actionDate>2015-07-28</actionDate>
          <text><![CDATA[<p>Recognizes the 25th anniversary of the enactment of the Americans with Disabilities Act of 1990. Encourages celebration of the advancement of freedom and the expansion of opportunity made possible by its enactment.</p> <p>Pledges continued work on a bipartisan basis to support opportunity, independent living, economic self-sufficiency, and the full participation of individuals in the United States who have disabilities.</p> <ul> </ul>]]></text>
          <name>Introduced in House</name>
          <versionCode>00</versionCode>
          <actionDesc>Introduced in House</actionDesc>
          <updateDate>2015-07-28T04:00:00Z</updateDate>
          <lastSummaryUpdateDate>2015-08-12T20:17:33Z</lastSummaryUpdateDate>
        </item>
      </billSummaries>
    </summaries>
    <billType>HCONRES</billType>
    <committeeReports />
    <originChamber>House</originChamber>
    <notes />
    <policyArea>
      <name>Civil Rights and Liberties, Minority Issues</name>
    </policyArea>
    <title>Recognizing and honoring the 25th anniversary of the date of enactment of the Americans with Disabilities Act of 1990.</title>
    <createDate>2015-07-29T09:31:39Z</createDate>
    <sponsors>
      <item>
        <lastName>LANGEVIN</lastName>
        <identifiers>
          <lisID>1668</lisID>
          <gpoId>8140</gpoId>
          <bioguideId>L000559</bioguideId>
        </identifiers>
        <byRequestType />
        <middleName>R.</middleName>
        <state>RI</state>
        <firstName>JAMES</firstName>
        <party>D</party>
        <fullName>Rep. Langevin, James R. [D-RI-2]</fullName>
        <district>2</district>
        <bioguideId>L000559</bioguideId>
      </item>
    </sponsors>
    <committees>
      <billCommittees>
        <item>
          <systemCode>hsju00</systemCode>
          <subcommittees>
            <item>
              <systemCode>hsju10</systemCode>
              <name>Constitution and Civil Justice Subcommittee</name>
              <activities>
                <item>
                  <name>Referred to</name>
                  <date>2015-09-08T20:01:44Z</date>
                </item>
              </activities>
            </item>
          </subcommittees>
          <type>Standing</type>
          <chamber>House</chamber>
          <name>Judiciary Committee</name>
          <activities>
            <item>
              <name>Referred to</name>
              <date>2015-07-28T14:05:30Z</date>
            </item>
          </activities>
        </item>
        <item>
          <systemCode>hsif00</systemCode>
          <subcommittees>
            <item>
              <systemCode>hsif14</systemCode>
              <name>Health Subcommittee</name>
              <activities>
                <item>
                  <name>Referred to</name>
                  <date>2015-07-31T20:06:49Z</date>
                </item>
              </activities>
            </item>
          </subcommittees>
          <type>Standing</type>
          <chamber>House</chamber>
          <name>Energy and Commerce Committee</name>
          <activities>
            <item>
              <name>Referred to</name>
              <date>2015-07-28T14:05:35Z</date>
            </item>
          </activities>
        </item>
        <item>
          <systemCode>hspw00</systemCode>
          <subcommittees>
            <item>
              <systemCode>hspw12</systemCode>
              <name>Highways and Transit Subcommittee</name>
              <activities>
                <item>
                  <name>Referred to</name>
                  <date>2015-07-29T16:33:05Z</date>
                </item>
              </activities>
            </item>
          </subcommittees>
          <type>Standing</type>
          <chamber>House</chamber>
          <name>Transportation and Infrastructure Committee</name>
          <activities>
            <item>
              <name>Referred to</name>
              <date>2015-07-28T14:05:25Z</date>
            </item>
          </activities>
        </item>
        <item>
          <systemCode>hsed00</systemCode>
          <subcommittees />
          <type>Standing</type>
          <chamber>House</chamber>
          <name>Education and the Workforce Committee</name>
          <activities>
            <item>
              <name>Referred to</name>
              <date>2015-07-28T14:05:20Z</date>
            </item>
          </activities>
        </item>
      </billCommittees>
    </committees>
    <titles>
      <item>
        <parentTitleType />
        <chamberCode />
        <chamberName />
        <titleType>Official Title as Introduced</titleType>
        <title>Recognizing and honoring the 25th anniversary of the date of enactment of the Americans with Disabilities Act of 1990.</title>
      </item>
      <item>
        <parentTitleType />
        <chamberCode />
        <chamberName />
        <titleType>Display Title</titleType>
        <title>Recognizing and honoring the 25th anniversary of the date of enactment of the Americans with Disabilities Act of 1990.</title>
      </item>
    </titles>
    <recordedVotes />
    <cboCostEstimates />
    <laws />
    <latestAction>
      <links />
      <text>Referred to the Subcommittee on the Constitution and Civil Justice.</text>
      <actionDate>2015-09-08</actionDate>
    </latestAction>
    <calendarNumbers />
    <introducedDate>2015-07-28</introducedDate>
    <amendments />
  </bill>
  <dublinCore xmlns:dc="http://purl.org/dc/elements/1.1/">
    <dc:format>text/xml</dc:format>
    <dc:language>EN</dc:language>
    <dc:rights>Pursuant to Title 17 Section 105 of the United States Code, this file is not subject to copyright protection and is in the public domain.</dc:rights>
    <dc:contributor>Congressional Research Service, Library of Congress</dc:contributor>
    <dc:description>This file contains bill summaries and statuses for federal legislation. A bill summary describes the most significant provisions of a piece of legislation and details the effects the legislative text may have on current law and federal programs. Bill summaries are authored by the Congressional Research Service (CRS) of the Library of Congress. As stated in Public Law 91-510 (2 USC 166 (d)(6)), one of the duties of CRS is "to prepare summaries and digests of bills and resolutions of a public general nature introduced in the Senate or House of Representatives". For more information, refer to the User Guide that accompanies this file.</dc:description>
  </dublinCore>
</billStatus>

