<?xml version="1.0" encoding="UTF-8"?>
<billStatus>
  <bill>
    <subjects>
      <billSubjects>
        <policyArea>
          <name>Immigration</name>
        </policyArea>
        <legislativeSubjects>
          <item>
            <name>Intergovernmental relations</name>
          </item>
          <item>
            <name>Middle East</name>
          </item>
          <item>
            <name>Refugees, asylum, displaced persons</name>
          </item>
          <item>
            <name>State and local government operations</name>
          </item>
          <item>
            <name>Syria</name>
          </item>
        </legislativeSubjects>
      </billSubjects>
    </subjects>
    <actions>
      <actionByCounts>
        <houseOfRepresentatives>6</houseOfRepresentatives>
      </actionByCounts>
      <actionTypeCounts>
        <billReferralsAggregate>1</billReferralsAggregate>
        <introducedInTheHouse>1</introducedInTheHouse>
        <billReferrals>2</billReferrals>
        <placeholderTextForH>1</placeholderTextForH>
        <introducedInHouse>1</introducedInHouse>
      </actionTypeCounts>
      <item>
        <actionDate>2015-12-04</actionDate>
        <committee>
          <systemCode>hsju01</systemCode>
          <name>Immigration and Border Security Subcommittee</name>
        </committee>
        <links />
        <sourceSystem>
          <name>House committee actions</name>
          <code>1</code>
        </sourceSystem>
        <text>Referred to the Subcommittee on Immigration and Border Security.</text>
        <type>Committee</type>
      </item>
      <item>
        <type>IntroReferral</type>
        <text>Referred to House Oversight and Government Reform</text>
        <actionCode>H11100</actionCode>
        <sourceSystem>
          <name>House floor actions</name>
          <code>2</code>
        </sourceSystem>
        <links />
        <committee>
          <systemCode>hsgo00</systemCode>
          <name>Oversight and Government Reform Committee</name>
        </committee>
        <actionDate>2015-11-18</actionDate>
      </item>
      <item>
        <type>IntroReferral</type>
        <text>Referred to the Committee on the Judiciary, and in addition to the Committee on Oversight and Government Reform, for a period to be subsequently determined by the Speaker, in each case for consideration of such provisions as fall within the jurisdiction of the committee concerned.</text>
        <actionCode>H11100-A</actionCode>
        <sourceSystem>
          <name>Library of Congress</name>
          <code>9</code>
        </sourceSystem>
        <links />
        <committee />
        <actionDate>2015-11-18</actionDate>
      </item>
      <item>
        <type>IntroReferral</type>
        <text>Referred to House Judiciary</text>
        <actionCode>H11100</actionCode>
        <sourceSystem>
          <name>House floor actions</name>
          <code>2</code>
        </sourceSystem>
        <links />
        <committee>
          <systemCode>hsju00</systemCode>
          <name>Judiciary Committee</name>
        </committee>
        <actionDate>2015-11-18</actionDate>
      </item>
      <item>
        <type>IntroReferral</type>
        <text>Introduced in House</text>
        <actionCode>Intro-H</actionCode>
        <sourceSystem>
          <name>Library of Congress</name>
          <code>9</code>
        </sourceSystem>
        <links />
        <committee />
        <actionDate>2015-11-18</actionDate>
      </item>
      <item>
        <type>IntroReferral</type>
        <text>Introduced in House</text>
        <actionCode>1000</actionCode>
        <sourceSystem>
          <name>Library of Congress</name>
          <code>9</code>
        </sourceSystem>
        <links />
        <committee />
        <actionDate>2015-11-18</actionDate>
      </item>
    </actions>
    <policyArea>
      <name>Immigration</name>
    </policyArea>
    <notes />
    <createDate>2015-11-19T09:46:07Z</createDate>
    <title>Expressing the sense of the Congress regarding the treatment of State Governors who have made a determination with respect to Syrian refugees.</title>
    <relatedBills />
    <cosponsors>
      <item>
        <sponsorshipDate>2015-11-30</sponsorshipDate>
        <party>R</party>
        <lastName>DesJarlais</lastName>
        <sponsorshipWithdrawnDate />
        <bioguideId>D000616</bioguideId>
        <isOriginalCosponsor>False</isOriginalCosponsor>
        <district>4</district>
        <state>TN</state>
        <middleName />
        <identifiers>
          <lisID>2062</lisID>
          <gpoId>8151</gpoId>
          <bioguideId>D000616</bioguideId>
        </identifiers>
        <fullName>Rep. DesJarlais, Scott [R-TN-4]</fullName>
        <firstName>Scott</firstName>
      </item>
      <item>
        <sponsorshipDate>2015-11-30</sponsorshipDate>
        <party>R</party>
        <lastName>SMITH</lastName>
        <sponsorshipWithdrawnDate />
        <bioguideId>S000583</bioguideId>
        <isOriginalCosponsor>False</isOriginalCosponsor>
        <district>21</district>
        <state>TX</state>
        <middleName />
        <identifiers>
          <bioguideId>S000583</bioguideId>
          <lisID>1075</lisID>
          <gpoId>8177</gpoId>
        </identifiers>
        <fullName>Rep. Smith, Lamar [R-TX-21]</fullName>
        <firstName>LAMAR</firstName>
      </item>
      <item>
        <sponsorshipDate>2015-11-30</sponsorshipDate>
        <party>R</party>
        <lastName>DUNCAN</lastName>
        <sponsorshipWithdrawnDate />
        <bioguideId>D000533</bioguideId>
        <isOriginalCosponsor>False</isOriginalCosponsor>
        <district>2</district>
        <state>TN</state>
        <middleName>J.</middleName>
        <identifiers>
          <lisID>322</lisID>
          <gpoId>8149</gpoId>
          <bioguideId>D000533</bioguideId>
        </identifiers>
        <fullName>Rep. Duncan, John J., Jr. [R-TN-2]</fullName>
        <firstName>JOHN</firstName>
      </item>
      <item>
        <sponsorshipDate>2015-11-30</sponsorshipDate>
        <party>R</party>
        <lastName>Babin</lastName>
        <sponsorshipWithdrawnDate />
        <bioguideId>B001291</bioguideId>
        <isOriginalCosponsor>False</isOriginalCosponsor>
        <district>36</district>
        <state>TX</state>
        <middleName />
        <identifiers>
          <gpoId />
          <bioguideId>B001291</bioguideId>
          <lisID>2270</lisID>
        </identifiers>
        <fullName>Rep. Babin, Brian [R-TX-36]</fullName>
        <firstName>Brian</firstName>
      </item>
      <item>
        <sponsorshipDate>2015-11-30</sponsorshipDate>
        <party>R</party>
        <lastName>Clawson</lastName>
        <sponsorshipWithdrawnDate />
        <bioguideId>C001102</bioguideId>
        <isOriginalCosponsor>False</isOriginalCosponsor>
        <district>19</district>
        <state>FL</state>
        <middleName />
        <identifiers>
          <gpoId />
          <bioguideId>C001102</bioguideId>
          <lisID>2200</lisID>
        </identifiers>
        <fullName>Rep. Clawson, Curt [R-FL-19]</fullName>
        <firstName>Curt</firstName>
      </item>
      <item>
        <sponsorshipDate>2015-11-30</sponsorshipDate>
        <party>R</party>
        <lastName>Burgess</lastName>
        <sponsorshipWithdrawnDate />
        <bioguideId>B001248</bioguideId>
        <isOriginalCosponsor>False</isOriginalCosponsor>
        <district>26</district>
        <state>TX</state>
        <middleName>C.</middleName>
        <identifiers>
          <gpoId>8182</gpoId>
          <bioguideId>B001248</bioguideId>
          <lisID>1751</lisID>
        </identifiers>
        <fullName>Rep. Burgess, Michael C. [R-TX-26]</fullName>
        <firstName>Michael</firstName>
      </item>
    </cosponsors>
    <constitutionalAuthorityStatementText />
    <cboCostEstimates />
    <updateDate>2017-01-11T14:29:08Z</updateDate>
    <laws />
    <summaries>
      <billSummaries>
        <item>
          <lastSummaryUpdateDate>2015-11-20T14:36:31Z</lastSummaryUpdateDate>
          <actionDate>2015-11-18</actionDate>
          <text><![CDATA[<p>Declares that, in the case of a governor requesting that Syrian refugees not be resettled in his or her state (whether temporarily or permanently), no federal official should take any adverse action against, or withhold funds from, the state, and no federal official should take any other action to persuade or entice the governor to reverse such request.</p>]]></text>
          <updateDate>2015-11-18T05:00:00Z</updateDate>
          <name>Introduced in House</name>
          <versionCode>00</versionCode>
          <actionDesc>Introduced in House</actionDesc>
        </item>
      </billSummaries>
    </summaries>
    <latestAction>
      <links />
      <actionDate>2015-12-04</actionDate>
      <text>Referred to the Subcommittee on Immigration and Border Security.</text>
    </latestAction>
    <originChamber>House</originChamber>
    <introducedDate>2015-11-18</introducedDate>
    <billNumber>94</billNumber>
    <amendments />
    <billType>HCONRES</billType>
    <committees>
      <billCommittees>
        <item>
          <systemCode>hsju00</systemCode>
          <subcommittees>
            <item>
              <systemCode>hsju01</systemCode>
              <name>Immigration and Border Security Subcommittee</name>
              <activities>
                <item>
                  <name>Referred to</name>
                  <date>2015-12-04T17:27:04Z</date>
                </item>
              </activities>
            </item>
          </subcommittees>
          <type>Standing</type>
          <chamber>House</chamber>
          <name>Judiciary Committee</name>
          <activities>
            <item>
              <name>Referred to</name>
              <date>2015-11-18T15:02:25Z</date>
            </item>
          </activities>
        </item>
        <item>
          <systemCode>hsgo00</systemCode>
          <subcommittees />
          <type>Standing</type>
          <chamber>House</chamber>
          <name>Oversight and Government Reform Committee</name>
          <activities>
            <item>
              <name>Referred to</name>
              <date>2015-11-18T15:02:30Z</date>
            </item>
          </activities>
        </item>
      </billCommittees>
    </committees>
    <calendarNumbers />
    <congress>114</congress>
    <committeeReports />
    <recordedVotes />
    <sponsors>
      <item>
        <lastName>Meadows</lastName>
        <state>NC</state>
        <byRequestType />
        <firstName>Mark</firstName>
        <bioguideId>M001187</bioguideId>
        <fullName>Rep. Meadows, Mark [R-NC-11]</fullName>
        <identifiers>
          <lisID>2142</lisID>
          <gpoId />
          <bioguideId>M001187</bioguideId>
        </identifiers>
        <middleName />
        <district>11</district>
        <party>R</party>
      </item>
    </sponsors>
    <titles>
      <item>
        <chamberCode />
        <titleType>Official Title as Introduced</titleType>
        <chamberName />
        <title>Expressing the sense of the Congress regarding the treatment of State Governors who have made a determination with respect to Syrian refugees.</title>
        <parentTitleType />
      </item>
      <item>
        <chamberCode />
        <titleType>Display Title</titleType>
        <chamberName />
        <title>Expressing the sense of the Congress regarding the treatment of State Governors who have made a determination with respect to Syrian refugees.</title>
        <parentTitleType />
      </item>
    </titles>
  </bill>
  <dublinCore xmlns:dc="http://purl.org/dc/elements/1.1/">
    <dc:format>text/xml</dc:format>
    <dc:language>EN</dc:language>
    <dc:rights>Pursuant to Title 17 Section 105 of the United States Code, this file is not subject to copyright protection and is in the public domain.</dc:rights>
    <dc:contributor>Congressional Research Service, Library of Congress</dc:contributor>
    <dc:description>This file contains bill summaries and statuses for federal legislation. A bill summary describes the most significant provisions of a piece of legislation and details the effects the legislative text may have on current law and federal programs. Bill summaries are authored by the Congressional Research Service (CRS) of the Library of Congress. As stated in Public Law 91-510 (2 USC 166 (d)(6)), one of the duties of CRS is "to prepare summaries and digests of bills and resolutions of a public general nature introduced in the Senate or House of Representatives". For more information, refer to the User Guide that accompanies this file.</dc:description>
  </dublinCore>
</billStatus>

