<?xml version="1.0" encoding="UTF-8"?>
<billStatus>
  <bill>
    <laws />
    <createDate>2015-04-29T08:46:03Z</createDate>
    <actions>
      <actionTypeCounts>
        <sentToHouse>1</sentToHouse>
        <agreedToInSenate>1</agreedToInSenate>
        <considerationByHouse>1</considerationByHouse>
        <passedAgreedToInSenate>1</passedAgreedToInSenate>
        <committeeDischarged>2</committeeDischarged>
        <introducedInSenate>1</introducedInSenate>
        <passedAgreedToInHouse>1</passedAgreedToInHouse>
        <introducedInTheHouse>1</introducedInTheHouse>
        <unanimousConsentRequestToConsider>1</unanimousConsentRequestToConsider>
        <motionToReconsiderResults>1</motionToReconsiderResults>
        <billReferralsAggregate>1</billReferralsAggregate>
        <houseCommitteeDischarged>2</houseCommitteeDischarged>
        <passageOfAMeasure>1</passageOfAMeasure>
        <placeholderTextForH>1</placeholderTextForH>
        <introducedInHouse>1</introducedInHouse>
        <billReferrals>2</billReferrals>
      </actionTypeCounts>
      <actionByCounts>
        <houseOfRepresentatives>15</houseOfRepresentatives>
        <senate>4</senate>
      </actionByCounts>
      <item>
        <actionDate>2015-05-19</actionDate>
        <committee />
        <links />
        <sourceSystem>
          <code>0</code>
          <name>Senate</name>
        </sourceSystem>
        <text>Message on Senate action sent to the House.</text>
        <type>Floor</type>
      </item>
      <item>
        <actionDate>2015-05-18</actionDate>
        <committee />
        <links>
          <link>
            <name>S3006</name>
            <url>https://www.congress.gov/congressional-record/volume-161/senate-section/page/S3006</url>
          </link>
        </links>
        <sourceSystem>
          <code>0</code>
          <name>Senate</name>
        </sourceSystem>
        <text>Resolution agreed to in Senate without amendment by Unanimous Consent. (consideration: CR S3006)</text>
        <type>Floor</type>
      </item>
      <item>
        <committee />
        <links>
          <link>
            <name>S3006</name>
            <url>https://www.congress.gov/congressional-record/volume-161/senate-section/page/S3006</url>
          </link>
        </links>
        <actionCode>17000</actionCode>
        <type>Floor</type>
        <sourceSystem>
          <code>9</code>
          <name>Library of Congress</name>
        </sourceSystem>
        <actionDate>2015-05-18</actionDate>
        <text>Passed/agreed to in Senate: Resolution agreed to in Senate without amendment by Unanimous Consent.(consideration: CR S3006)</text>
      </item>
      <item>
        <actionDate>2015-04-30</actionDate>
        <committee />
        <links />
        <sourceSystem>
          <code>0</code>
          <name>Senate</name>
        </sourceSystem>
        <text>Received in the Senate.</text>
        <type>IntroReferral</type>
      </item>
      <item>
        <links />
        <committee />
        <actionTime>15:14:34</actionTime>
        <type>Floor</type>
        <sourceSystem>
          <code>2</code>
          <name>House floor actions</name>
        </sourceSystem>
        <actionCode>H38310</actionCode>
        <actionDate>2015-04-30</actionDate>
        <text>Motion to reconsider laid on the table Agreed to without objection.</text>
      </item>
      <item>
        <links>
          <link>
            <name>H2685</name>
            <url>https://www.congress.gov/congressional-record/volume-161/house-section/page/H2685</url>
          </link>
        </links>
        <committee />
        <actionTime>15:14:32</actionTime>
        <type>Floor</type>
        <sourceSystem>
          <code>2</code>
          <name>House floor actions</name>
        </sourceSystem>
        <actionCode>H37100</actionCode>
        <actionDate>2015-04-30</actionDate>
        <text>On agreeing to the resolution Agreed to without objection. (text: CR H2685)</text>
      </item>
      <item>
        <links>
          <link>
            <name>H2685</name>
            <url>https://www.congress.gov/congressional-record/volume-161/house-section/page/H2685</url>
          </link>
        </links>
        <committee />
        <actionTime>15:14:32</actionTime>
        <type>Floor</type>
        <sourceSystem>
          <code>9</code>
          <name>Library of Congress</name>
        </sourceSystem>
        <actionCode>8000</actionCode>
        <actionDate>2015-04-30</actionDate>
        <text>Passed/agreed to in House: On agreeing to the resolution Agreed to without objection.(text: CR H2685)</text>
      </item>
      <item>
        <links>
          <link>
            <name>H2685</name>
            <url>https://www.congress.gov/congressional-record/volume-161/house-section/page/H2685</url>
          </link>
        </links>
        <committee />
        <actionTime>15:14:09</actionTime>
        <type>Floor</type>
        <sourceSystem>
          <code>2</code>
          <name>House floor actions</name>
        </sourceSystem>
        <actionCode>H30000</actionCode>
        <actionDate>2015-04-30</actionDate>
        <text>Considered by unanimous consent. (consideration: CR H2685)</text>
      </item>
      <item>
        <links>
          <link>
            <name>H2685</name>
            <url>https://www.congress.gov/congressional-record/volume-161/house-section/page/H2685</url>
          </link>
        </links>
        <committee />
        <actionTime>15:14:09</actionTime>
        <type>Floor</type>
        <sourceSystem>
          <code>2</code>
          <name>House floor actions</name>
        </sourceSystem>
        <actionCode>H30200</actionCode>
        <actionDate>2015-04-30</actionDate>
        <text>Mr. Harper asked unanimous consent to discharge from committee and consider. (consideration: CR H2685)</text>
      </item>
      <item>
        <committee>
          <name>Transportation and Infrastructure Committee</name>
          <systemCode>hspw00</systemCode>
        </committee>
        <links>
          <link>
            <name>H2685</name>
            <url>https://www.congress.gov/congressional-record/volume-161/house-section/page/H2685</url>
          </link>
        </links>
        <actionCode>H12300</actionCode>
        <type>Discharge</type>
        <sourceSystem>
          <code>2</code>
          <name>House floor actions</name>
        </sourceSystem>
        <actionDate>2015-04-30</actionDate>
        <text>Committee on Transportation discharged. (consideration: CR H2685)</text>
      </item>
      <item>
        <committee>
          <name>Transportation and Infrastructure Committee</name>
          <systemCode>hspw00</systemCode>
        </committee>
        <links>
          <link>
            <name>H2685</name>
            <url>https://www.congress.gov/congressional-record/volume-161/house-section/page/H2685</url>
          </link>
        </links>
        <actionCode>5500</actionCode>
        <type>Committee</type>
        <sourceSystem>
          <code>9</code>
          <name>Library of Congress</name>
        </sourceSystem>
        <actionDate>2015-04-30</actionDate>
        <text>Committee on Transportation discharged.(consideration: CR H2685)</text>
      </item>
      <item>
        <committee>
          <name>House Administration Committee</name>
          <systemCode>hsha00</systemCode>
        </committee>
        <links />
        <actionCode>H12300</actionCode>
        <type>Discharge</type>
        <sourceSystem>
          <code>2</code>
          <name>House floor actions</name>
        </sourceSystem>
        <actionDate>2015-04-30</actionDate>
        <text>Committee on House Administration discharged.</text>
      </item>
      <item>
        <committee>
          <name>House Administration Committee</name>
          <systemCode>hsha00</systemCode>
        </committee>
        <links />
        <actionCode>5500</actionCode>
        <type>Committee</type>
        <sourceSystem>
          <code>9</code>
          <name>Library of Congress</name>
        </sourceSystem>
        <actionDate>2015-04-30</actionDate>
        <text>Committee on House Administration discharged.</text>
      </item>
      <item>
        <actionDate>2015-04-29</actionDate>
        <committee>
          <name>Economic Development, Public Buildings and Emergency Management Subcommittee</name>
          <systemCode>hspw13</systemCode>
        </committee>
        <links />
        <sourceSystem>
          <code>1</code>
          <name>House committee actions</name>
        </sourceSystem>
        <text>Referred to the Subcommittee on Economic Development, Public Buildings and Emergency Management.</text>
        <type>Committee</type>
      </item>
      <item>
        <committee>
          <name>Transportation and Infrastructure Committee</name>
          <systemCode>hspw00</systemCode>
        </committee>
        <links />
        <actionCode>H11100</actionCode>
        <type>IntroReferral</type>
        <sourceSystem>
          <code>2</code>
          <name>House floor actions</name>
        </sourceSystem>
        <actionDate>2015-04-28</actionDate>
        <text>Referred to House Transportation and Infrastructure</text>
      </item>
      <item>
        <committee />
        <links />
        <actionCode>H11100-A</actionCode>
        <type>IntroReferral</type>
        <sourceSystem>
          <code>9</code>
          <name>Library of Congress</name>
        </sourceSystem>
        <actionDate>2015-04-28</actionDate>
        <text>Referred to the Committee on House Administration, and in addition to the Committee on Transportation and Infrastructure, for a period to be subsequently determined by the Speaker, in each case for consideration of such provisions as fall within the jurisdiction of the committee concerned.</text>
      </item>
      <item>
        <committee>
          <name>House Administration Committee</name>
          <systemCode>hsha00</systemCode>
        </committee>
        <links />
        <actionCode>H11100</actionCode>
        <type>IntroReferral</type>
        <sourceSystem>
          <code>2</code>
          <name>House floor actions</name>
        </sourceSystem>
        <actionDate>2015-04-28</actionDate>
        <text>Referred to House Administration</text>
      </item>
      <item>
        <committee />
        <links />
        <actionCode>Intro-H</actionCode>
        <type>IntroReferral</type>
        <sourceSystem>
          <code>9</code>
          <name>Library of Congress</name>
        </sourceSystem>
        <actionDate>2015-04-28</actionDate>
        <text>Introduced in House</text>
      </item>
      <item>
        <committee />
        <links />
        <actionCode>1000</actionCode>
        <type>IntroReferral</type>
        <sourceSystem>
          <code>9</code>
          <name>Library of Congress</name>
        </sourceSystem>
        <actionDate>2015-04-28</actionDate>
        <text>Introduced in House</text>
      </item>
    </actions>
    <subjects>
      <billSubjects>
        <policyArea>
          <name>Congress</name>
        </policyArea>
        <legislativeSubjects>
          <item>
            <name>Religion</name>
          </item>
          <item>
            <name>U.S. Capitol</name>
          </item>
        </legislativeSubjects>
      </billSubjects>
    </subjects>
    <relatedBills>
      <item>
        <congress>114</congress>
        <type>HCONRES</type>
        <number>42</number>
        <latestAction>
          <actionDate>2015-04-28</actionDate>
          <text>Referred to the Subcommittee on Economic Development, Public Buildings and Emergency Management.</text>
        </latestAction>
        <relationshipDetails>
          <item>
            <type>Related bill</type>
            <identifiedBy>CRS</identifiedBy>
          </item>
        </relationshipDetails>
        <latestTitle>Authorizing the use of the Capitol Grounds for official Congressional events surrounding the visit of His Holiness Pope Francis to the United States Capitol.</latestTitle>
      </item>
    </relatedBills>
    <constitutionalAuthorityStatementText />
    <committees>
      <billCommittees>
        <item>
          <name>Transportation and Infrastructure Committee</name>
          <systemCode>hspw00</systemCode>
          <activities>
            <item>
              <name>Discharged from</name>
              <date>2015-04-30T19:14:05Z</date>
            </item>
            <item>
              <name>Referred to</name>
              <date>2015-04-28T16:06:05Z</date>
            </item>
          </activities>
          <subcommittees>
            <item>
              <name>Economic Development, Public Buildings and Emergency Management Subcommittee</name>
              <activities>
                <item>
                  <name>Referred to</name>
                  <date>2015-04-29T19:21:13Z</date>
                </item>
              </activities>
              <systemCode>hspw13</systemCode>
            </item>
          </subcommittees>
          <chamber>House</chamber>
          <type>Standing</type>
        </item>
        <item>
          <name>House Administration Committee</name>
          <systemCode>hsha00</systemCode>
          <activities>
            <item>
              <name>Discharged from</name>
              <date>2015-04-30T19:14:00Z</date>
            </item>
            <item>
              <name>Referred to</name>
              <date>2015-04-28T16:06:00Z</date>
            </item>
          </activities>
          <subcommittees />
          <chamber>House</chamber>
          <type>Standing</type>
        </item>
      </billCommittees>
    </committees>
    <cosponsors>
      <item>
        <middleName>S.</middleName>
        <fullName>Rep. Miller, Candice S. [R-MI-10]</fullName>
        <firstName>Candice</firstName>
        <state>MI</state>
        <lastName>Miller</lastName>
        <identifiers>
          <lisID>1731</lisID>
          <bioguideId>M001150</bioguideId>
          <gpoId>8589</gpoId>
        </identifiers>
        <sponsorshipDate>2015-04-28</sponsorshipDate>
        <district>10</district>
        <bioguideId>M001150</bioguideId>
        <isOriginalCosponsor>True</isOriginalCosponsor>
        <party>R</party>
        <sponsorshipWithdrawnDate />
      </item>
      <item>
        <middleName>A.</middleName>
        <fullName>Rep. Brady, Robert A. [D-PA-1]</fullName>
        <firstName>ROBERT</firstName>
        <state>PA</state>
        <lastName>BRADY</lastName>
        <identifiers>
          <gpoId>8119</gpoId>
          <lisID>1469</lisID>
          <bioguideId>B001227</bioguideId>
        </identifiers>
        <sponsorshipDate>2015-04-28</sponsorshipDate>
        <district>1</district>
        <bioguideId>B001227</bioguideId>
        <isOriginalCosponsor>True</isOriginalCosponsor>
        <party>D</party>
        <sponsorshipWithdrawnDate />
      </item>
      <item>
        <middleName />
        <fullName>Rep. Carson, Andre [D-IN-7]</fullName>
        <firstName>Andre</firstName>
        <state>IN</state>
        <lastName>Carson</lastName>
        <identifiers>
          <gpoId>7946</gpoId>
          <lisID>1889</lisID>
          <bioguideId>C001072</bioguideId>
        </identifiers>
        <sponsorshipDate>2015-04-29</sponsorshipDate>
        <district>7</district>
        <bioguideId>C001072</bioguideId>
        <isOriginalCosponsor>False</isOriginalCosponsor>
        <party>D</party>
        <sponsorshipWithdrawnDate />
      </item>
    </cosponsors>
    <latestAction>
      <text>Message on Senate action sent to the House.</text>
      <actionDate>2015-05-19</actionDate>
      <links />
    </latestAction>
    <title>Authorizing the use of the Capitol Grounds, the rotunda of the Capitol, and Emancipation Hall in the Capitol Visitor Center for official Congressional events surrounding the visit of His Holiness Pope Francis to the United States Capitol.</title>
    <sponsors>
      <item>
        <lastName>Barletta</lastName>
        <bioguideId>B001269</bioguideId>
        <fullName>Rep. Barletta, Lou [R-PA-11]</fullName>
        <byRequestType />
        <firstName>Lou</firstName>
        <identifiers>
          <gpoId>8129</gpoId>
          <lisID>2054</lisID>
          <bioguideId>B001269</bioguideId>
        </identifiers>
        <party>R</party>
        <state>PA</state>
        <middleName />
        <district>11</district>
      </item>
    </sponsors>
    <introducedDate>2015-04-28</introducedDate>
    <summaries>
      <billSummaries>
        <item>
          <updateDate>2015-04-28T04:00:00Z</updateDate>
          <actionDate>2015-04-28</actionDate>
          <name>Introduced in House</name>
          <text><![CDATA[<p>Authorizes the use of the Capitol grounds, the rotunda of the Capitol, and Emancipation Hall in the Capitol Visitor Center on Thursday, September 24, 2015 for official congressional events surrounding the visit of His Holiness Pope Francis to the U.S. Capitol.</p>]]></text>
          <actionDesc>Introduced in House</actionDesc>
          <versionCode>00</versionCode>
          <lastSummaryUpdateDate>2015-04-29T20:35:47Z</lastSummaryUpdateDate>
        </item>
        <item>
          <updateDate>2015-04-30T17:07:50Z</updateDate>
          <actionDate>2015-04-30</actionDate>
          <name>Passed House without amendment</name>
          <text><![CDATA[<p>(This measure has not been amended since it was introduced. The summary of that version is repeated here.)</p> <p>Authorizes the use of the Capitol grounds, the rotunda of the Capitol, and Emancipation Hall in the Capitol Visitor Center on Thursday, September 24, 2015 for official congressional events surrounding the visit of His Holiness Pope Francis to the U.S. Capitol.</p>]]></text>
          <actionDesc>Passed House without amendment</actionDesc>
          <versionCode>81</versionCode>
          <lastSummaryUpdateDate>2015-05-01T18:49:49Z</lastSummaryUpdateDate>
        </item>
        <item>
          <updateDate>2015-05-18T14:22:57Z</updateDate>
          <actionDate>2015-05-18</actionDate>
          <name>Passed Senate without amendment</name>
          <text><![CDATA[<p>(This measure has not been amended since it was introduced. The summary of that version is repeated here.)</p> <p>Authorizes the use of the Capitol grounds, the rotunda of the Capitol, and Emancipation Hall in the Capitol Visitor Center on Thursday, September 24, 2015 for official congressional events surrounding the visit of His Holiness Pope Francis to the U.S. Capitol.</p>]]></text>
          <actionDesc>Passed Senate without amendment</actionDesc>
          <versionCode>82</versionCode>
          <lastSummaryUpdateDate>2015-05-20T20:29:42Z</lastSummaryUpdateDate>
        </item>
      </billSummaries>
    </summaries>
    <notes />
    <recordedVotes />
    <titles>
      <item>
        <parentTitleType />
        <chamberName />
        <titleType>Official Title as Introduced</titleType>
        <title>Authorizing the use of the Capitol Grounds, the rotunda of the Capitol, and Emancipation Hall in the Capitol Visitor Center for official Congressional events surrounding the visit of His Holiness Pope Francis to the United States Capitol.</title>
        <chamberCode />
      </item>
      <item>
        <parentTitleType />
        <chamberName />
        <titleType>Display Title</titleType>
        <title>Authorizing the use of the Capitol Grounds, the rotunda of the Capitol, and Emancipation Hall in the Capitol Visitor Center for official Congressional events surrounding the visit of His Holiness Pope Francis to the United States Capitol.</title>
        <chamberCode />
      </item>
    </titles>
    <amendments />
    <cboCostEstimates />
    <policyArea>
      <name>Congress</name>
    </policyArea>
    <calendarNumbers />
    <billNumber>43</billNumber>
    <congress>114</congress>
    <originChamber>House</originChamber>
    <billType>HCONRES</billType>
    <updateDate>2017-01-20T12:33:33Z</updateDate>
    <committeeReports />
  </bill>
  <dublinCore xmlns:dc="http://purl.org/dc/elements/1.1/">
    <dc:format>text/xml</dc:format>
    <dc:language>EN</dc:language>
    <dc:rights>Pursuant to Title 17 Section 105 of the United States Code, this file is not subject to copyright protection and is in the public domain.</dc:rights>
    <dc:contributor>Congressional Research Service, Library of Congress</dc:contributor>
    <dc:description>This file contains bill summaries and statuses for federal legislation. A bill summary describes the most significant provisions of a piece of legislation and details the effects the legislative text may have on current law and federal programs. Bill summaries are authored by the Congressional Research Service (CRS) of the Library of Congress. As stated in Public Law 91-510 (2 USC 166 (d)(6)), one of the duties of CRS is "to prepare summaries and digests of bills and resolutions of a public general nature introduced in the Senate or House of Representatives". For more information, refer to the User Guide that accompanies this file.</dc:description>
  </dublinCore>
</billStatus>

