<?xml version="1.0" encoding="UTF-8"?>
<billStatus>
  <bill>
    <cosponsors>
      <item>
        <bioguideId>V000130</bioguideId>
        <firstName>Juan</firstName>
        <party>D</party>
        <lastName>Vargas</lastName>
        <sponsorshipDate>2015-01-27</sponsorshipDate>
        <middleName />
        <state>CA</state>
        <district>51</district>
        <isOriginalCosponsor>True</isOriginalCosponsor>
        <sponsorshipWithdrawnDate />
        <identifiers>
          <gpoId />
          <bioguideId>V000130</bioguideId>
          <lisID>2112</lisID>
        </identifiers>
        <fullName>Rep. Vargas, Juan [D-CA-51]</fullName>
      </item>
      <item>
        <bioguideId>L000263</bioguideId>
        <firstName>SANDER</firstName>
        <party>D</party>
        <lastName>LEVIN</lastName>
        <sponsorshipDate>2015-02-13</sponsorshipDate>
        <middleName>M.</middleName>
        <state>MI</state>
        <district>9</district>
        <isOriginalCosponsor>False</isOriginalCosponsor>
        <sponsorshipWithdrawnDate />
        <identifiers>
          <lisID>683</lisID>
          <gpoId>7997</gpoId>
          <bioguideId>L000263</bioguideId>
        </identifiers>
        <fullName>Rep. Levin, Sander M. [D-MI-9]</fullName>
      </item>
    </cosponsors>
    <laws />
    <congress>114</congress>
    <billNumber>10</billNumber>
    <billType>HCONRES</billType>
    <cboCostEstimates />
    <policyArea>
      <name>Education</name>
    </policyArea>
    <amendments />
    <notes />
    <constitutionalAuthorityStatementText />
    <recordedVotes />
    <summaries>
      <billSummaries>
        <item>
          <actionDesc>Introduced in House</actionDesc>
          <name>Introduced in House</name>
          <actionDate>2015-01-27</actionDate>
          <lastSummaryUpdateDate>2015-03-04T22:16:08Z</lastSummaryUpdateDate>
          <updateDate>2015-01-27T05:00:00Z</updateDate>
          <versionCode>00</versionCode>
          <text><![CDATA[<p>Recognizes the challenges and burdens associated with rising college costs.</p> <p>Acknowledges the benefits of community colleges in providing an affordable and cost-effective way to obtain a college degree.</p> <p> Expresses support for the goals and ideals of the America's College Promise proposal.</p> <p>Expresses a commitment to pursuing strategies in the 114th Congress that will make college more affordable and accessible for all students.</p>]]></text>
        </item>
      </billSummaries>
    </summaries>
    <updateDate>2017-01-11T14:28:45Z</updateDate>
    <originChamber>House</originChamber>
    <actions>
      <actionByCounts>
        <houseOfRepresentatives>3</houseOfRepresentatives>
      </actionByCounts>
      <item>
        <actionDate>2015-01-27</actionDate>
        <type>IntroReferral</type>
        <actionCode>H11100</actionCode>
        <committee>
          <name>Education and the Workforce Committee</name>
          <systemCode>hsed00</systemCode>
        </committee>
        <text>Referred to the House Committee on Education and the Workforce.</text>
        <sourceSystem>
          <name>House floor actions</name>
          <code>2</code>
        </sourceSystem>
        <links />
      </item>
      <item>
        <actionDate>2015-01-27</actionDate>
        <type>IntroReferral</type>
        <actionCode>Intro-H</actionCode>
        <committee />
        <text>Introduced in House</text>
        <sourceSystem>
          <name>Library of Congress</name>
          <code>9</code>
        </sourceSystem>
        <links />
      </item>
      <item>
        <actionDate>2015-01-27</actionDate>
        <type>IntroReferral</type>
        <actionCode>1000</actionCode>
        <committee />
        <text>Introduced in House</text>
        <sourceSystem>
          <name>Library of Congress</name>
          <code>9</code>
        </sourceSystem>
        <links />
      </item>
      <actionTypeCounts>
        <billReferrals>1</billReferrals>
        <introducedInTheHouse>1</introducedInTheHouse>
        <introducedInHouse>1</introducedInHouse>
      </actionTypeCounts>
    </actions>
    <committeeReports />
    <subjects>
      <billSubjects>
        <legislativeSubjects>
          <item>
            <name>Higher education</name>
          </item>
          <item>
            <name>Student aid and college costs</name>
          </item>
          <item>
            <name>Vocational and technical education</name>
          </item>
        </legislativeSubjects>
        <policyArea>
          <name>Education</name>
        </policyArea>
      </billSubjects>
    </subjects>
    <titles>
      <item>
        <parentTitleType />
        <chamberCode />
        <chamberName />
        <titleType>Official Title as Introduced</titleType>
        <title>Recognizing the challenges and burdens associated with the rising costs of a college education.</title>
      </item>
      <item>
        <parentTitleType />
        <chamberCode />
        <chamberName />
        <titleType>Display Title</titleType>
        <title>Recognizing the challenges and burdens associated with the rising costs of a college education.</title>
      </item>
    </titles>
    <relatedBills />
    <calendarNumbers />
    <title>Recognizing the challenges and burdens associated with the rising costs of a college education.</title>
    <introducedDate>2015-01-27</introducedDate>
    <latestAction>
      <actionDate>2015-01-27</actionDate>
      <text>Referred to the House Committee on Education and the Workforce.</text>
      <links />
    </latestAction>
    <createDate>2015-01-28T04:46:17Z</createDate>
    <committees>
      <billCommittees>
        <item>
          <activities>
            <item>
              <name>Referred to</name>
              <date>2015-01-27T17:00:45Z</date>
            </item>
          </activities>
          <chamber>House</chamber>
          <systemCode>hsed00</systemCode>
          <name>Education and the Workforce Committee</name>
          <subcommittees />
          <type>Standing</type>
        </item>
      </billCommittees>
    </committees>
    <sponsors>
      <item>
        <fullName>Rep. Fattah, Chaka [D-PA-2]</fullName>
        <firstName>CHAKA</firstName>
        <bioguideId>F000043</bioguideId>
        <party>D</party>
        <middleName />
        <byRequestType />
        <district>2</district>
        <state>PA</state>
        <lastName>FATTAH</lastName>
        <identifiers>
          <bioguideId>F000043</bioguideId>
          <gpoId>8120</gpoId>
          <lisID>371</lisID>
        </identifiers>
      </item>
    </sponsors>
  </bill>
  <dublinCore xmlns:dc="http://purl.org/dc/elements/1.1/">
    <dc:format>text/xml</dc:format>
    <dc:language>EN</dc:language>
    <dc:rights>Pursuant to Title 17 Section 105 of the United States Code, this file is not subject to copyright protection and is in the public domain.</dc:rights>
    <dc:contributor>Congressional Research Service, Library of Congress</dc:contributor>
    <dc:description>This file contains bill summaries and statuses for federal legislation. A bill summary describes the most significant provisions of a piece of legislation and details the effects the legislative text may have on current law and federal programs. Bill summaries are authored by the Congressional Research Service (CRS) of the Library of Congress. As stated in Public Law 91-510 (2 USC 166 (d)(6)), one of the duties of CRS is "to prepare summaries and digests of bills and resolutions of a public general nature introduced in the Senate or House of Representatives". For more information, refer to the User Guide that accompanies this file.</dc:description>
  </dublinCore>
</billStatus>

