<?xml version="1.0" encoding="UTF-8"?>
<billStatus>
  <bill>
    <actions>
      <item>
        <actionDate>2016-12-01</actionDate>
        <committee>
          <systemCode>hsas02</systemCode>
          <name>Military Personnel Subcommittee</name>
        </committee>
        <links />
        <sourceSystem>
          <code>1</code>
          <name>House committee actions</name>
        </sourceSystem>
        <text>Referred to the Subcommittee on Military Personnel.</text>
        <type>Committee</type>
      </item>
      <item>
        <links />
        <type>IntroReferral</type>
        <actionCode>H11100</actionCode>
        <committee>
          <systemCode>hsas00</systemCode>
          <name>Armed Services Committee</name>
        </committee>
        <text>Referred to the House Committee on Armed Services.</text>
        <sourceSystem>
          <code>2</code>
          <name>House floor actions</name>
        </sourceSystem>
        <actionDate>2016-11-17</actionDate>
      </item>
      <item>
        <links />
        <type>IntroReferral</type>
        <actionCode>Intro-H</actionCode>
        <committee />
        <text>Introduced in House</text>
        <sourceSystem>
          <code>9</code>
          <name>Library of Congress</name>
        </sourceSystem>
        <actionDate>2016-11-17</actionDate>
      </item>
      <item>
        <links />
        <type>IntroReferral</type>
        <actionCode>1000</actionCode>
        <committee />
        <text>Introduced in House</text>
        <sourceSystem>
          <code>9</code>
          <name>Library of Congress</name>
        </sourceSystem>
        <actionDate>2016-11-17</actionDate>
      </item>
      <actionByCounts>
        <houseOfRepresentatives>4</houseOfRepresentatives>
      </actionByCounts>
      <actionTypeCounts>
        <billReferrals>1</billReferrals>
        <introducedInHouse>1</introducedInHouse>
        <placeholderTextForH>1</placeholderTextForH>
        <introducedInTheHouse>1</introducedInTheHouse>
      </actionTypeCounts>
    </actions>
    <amendments />
    <updateDate>2017-01-11T14:29:31Z</updateDate>
    <titles>
      <item>
        <title>Expressing the sense of Congress regarding reconsideration of the merits of awarding the Medal of Honor posthumously to Doris Miller for acts of valor during World War II for which he was originally awarded the Navy Cross.</title>
        <titleType>Official Title as Introduced</titleType>
        <parentTitleType />
        <chamberCode />
        <chamberName />
      </item>
      <item>
        <title>Expressing the sense of Congress regarding reconsideration of the merits of awarding the Medal of Honor posthumously to Doris Miller for acts of valor during World War II for which he was originally awarded the Navy Cross.</title>
        <titleType>Display Title</titleType>
        <parentTitleType />
        <chamberCode />
        <chamberName />
      </item>
    </titles>
    <notes />
    <originChamber>House</originChamber>
    <committeeReports />
    <introducedDate>2016-11-17</introducedDate>
    <sponsors>
      <item>
        <middleName>BERNICE</middleName>
        <firstName>EDDIE</firstName>
        <bioguideId>J000126</bioguideId>
        <district>30</district>
        <byRequestType />
        <state>TX</state>
        <identifiers>
          <lisID>599</lisID>
          <gpoId>8186</gpoId>
          <bioguideId>J000126</bioguideId>
        </identifiers>
        <party>D</party>
        <lastName>JOHNSON</lastName>
        <fullName>Rep. Johnson, Eddie Bernice [D-TX-30]</fullName>
      </item>
    </sponsors>
    <summaries>
      <billSummaries />
    </summaries>
    <calendarNumbers />
    <latestAction>
      <actionDate>2016-12-01</actionDate>
      <links />
      <text>Referred to the Subcommittee on Military Personnel.</text>
    </latestAction>
    <congress>114</congress>
    <cosponsors />
    <relatedBills />
    <subjects>
      <billSubjects>
        <legislativeSubjects />
        <policyArea>
          <name>Armed Forces and National Security</name>
        </policyArea>
      </billSubjects>
    </subjects>
    <laws />
    <constitutionalAuthorityStatementText />
    <title>Expressing the sense of Congress regarding reconsideration of the merits of awarding the Medal of Honor posthumously to Doris Miller for acts of valor during World War II for which he was originally awarded the Navy Cross.</title>
    <recordedVotes />
    <cboCostEstimates />
    <committees>
      <billCommittees>
        <item>
          <chamber>House</chamber>
          <systemCode>hsas00</systemCode>
          <type>Standing</type>
          <name>Armed Services Committee</name>
          <activities>
            <item>
              <name>Referred to</name>
              <date>2016-11-17T14:05:25Z</date>
            </item>
          </activities>
          <subcommittees>
            <item>
              <systemCode>hsas02</systemCode>
              <activities>
                <item>
                  <name>Referred to</name>
                  <date>2016-12-01T14:51:59Z</date>
                </item>
              </activities>
              <name>Military Personnel Subcommittee</name>
            </item>
          </subcommittees>
        </item>
      </billCommittees>
    </committees>
    <createDate>2016-11-18T05:08:21Z</createDate>
    <billType>HCONRES</billType>
    <billNumber>173</billNumber>
    <policyArea>
      <name>Armed Forces and National Security</name>
    </policyArea>
  </bill>
  <dublinCore xmlns:dc="http://purl.org/dc/elements/1.1/">
    <dc:format>text/xml</dc:format>
    <dc:language>EN</dc:language>
    <dc:rights>Pursuant to Title 17 Section 105 of the United States Code, this file is not subject to copyright protection and is in the public domain.</dc:rights>
    <dc:contributor>Congressional Research Service, Library of Congress</dc:contributor>
    <dc:description>This file contains bill summaries and statuses for federal legislation. A bill summary describes the most significant provisions of a piece of legislation and details the effects the legislative text may have on current law and federal programs. Bill summaries are authored by the Congressional Research Service (CRS) of the Library of Congress. As stated in Public Law 91-510 (2 USC 166 (d)(6)), one of the duties of CRS is "to prepare summaries and digests of bills and resolutions of a public general nature introduced in the Senate or House of Representatives". For more information, refer to the User Guide that accompanies this file.</dc:description>
  </dublinCore>
</billStatus>

