<?xml version="1.0" encoding="UTF-8"?>
<billStatus>
  <bill>
    <cosponsors>
      <item>
        <identifiers>
          <gpoId>7895</gpoId>
          <bioguideId>H000324</bioguideId>
          <lisID>511</lisID>
        </identifiers>
        <state>FL</state>
        <sponsorshipDate>2015-02-27</sponsorshipDate>
        <district>20</district>
        <middleName>L.</middleName>
        <party>D</party>
        <sponsorshipWithdrawnDate />
        <bioguideId>H000324</bioguideId>
        <lastName>HASTINGS</lastName>
        <isOriginalCosponsor>True</isOriginalCosponsor>
        <fullName>Rep. Hastings, Alcee L. [D-FL-20]</fullName>
        <firstName>ALCEE</firstName>
      </item>
      <item>
        <identifiers>
          <gpoId>8118</gpoId>
          <bioguideId>S001180</bioguideId>
          <lisID>1950</lisID>
        </identifiers>
        <state>OR</state>
        <sponsorshipDate>2015-02-27</sponsorshipDate>
        <district>5</district>
        <middleName />
        <party>D</party>
        <sponsorshipWithdrawnDate />
        <bioguideId>S001180</bioguideId>
        <lastName>Schrader</lastName>
        <isOriginalCosponsor>True</isOriginalCosponsor>
        <fullName>Rep. Schrader, Kurt [D-OR-5]</fullName>
        <firstName>Kurt</firstName>
      </item>
      <item>
        <identifiers>
          <lisID>1916</lisID>
          <gpoId>7888</gpoId>
          <bioguideId>R000583</bioguideId>
        </identifiers>
        <state>FL</state>
        <sponsorshipDate>2015-02-27</sponsorshipDate>
        <district>17</district>
        <middleName>J.</middleName>
        <party>R</party>
        <sponsorshipWithdrawnDate />
        <bioguideId>R000583</bioguideId>
        <lastName>Rooney</lastName>
        <isOriginalCosponsor>True</isOriginalCosponsor>
        <fullName>Rep. Rooney, Thomas J. [R-FL-17]</fullName>
        <firstName>Thomas</firstName>
      </item>
      <item>
        <identifiers>
          <lisID>2140</lisID>
          <gpoId />
          <bioguideId>H001067</bioguideId>
        </identifiers>
        <state>NC</state>
        <sponsorshipDate>2015-02-27</sponsorshipDate>
        <district>8</district>
        <middleName />
        <party>R</party>
        <sponsorshipWithdrawnDate />
        <bioguideId>H001067</bioguideId>
        <lastName>Hudson</lastName>
        <isOriginalCosponsor>True</isOriginalCosponsor>
        <fullName>Rep. Hudson, Richard [R-NC-8]</fullName>
        <firstName>Richard</firstName>
      </item>
      <item>
        <identifiers>
          <lisID>1802</lisID>
          <gpoId>8158</gpoId>
          <bioguideId>P000592</bioguideId>
        </identifiers>
        <state>TX</state>
        <sponsorshipDate>2015-02-27</sponsorshipDate>
        <district>2</district>
        <middleName />
        <party>R</party>
        <sponsorshipWithdrawnDate />
        <bioguideId>P000592</bioguideId>
        <lastName>Poe</lastName>
        <isOriginalCosponsor>True</isOriginalCosponsor>
        <fullName>Rep. Poe, Ted [R-TX-2]</fullName>
        <firstName>Ted</firstName>
      </item>
      <item>
        <identifiers>
          <lisID>2119</lisID>
          <gpoId />
          <bioguideId>F000462</bioguideId>
        </identifiers>
        <state>FL</state>
        <sponsorshipDate>2015-02-27</sponsorshipDate>
        <district>22</district>
        <middleName />
        <party>D</party>
        <sponsorshipWithdrawnDate />
        <bioguideId>F000462</bioguideId>
        <lastName>Frankel</lastName>
        <isOriginalCosponsor>True</isOriginalCosponsor>
        <fullName>Rep. Frankel, Lois [D-FL-22]</fullName>
        <firstName>Lois</firstName>
      </item>
      <item>
        <identifiers>
          <lisID>1155</lisID>
          <gpoId>8755</gpoId>
          <bioguideId>T000238</bioguideId>
        </identifiers>
        <state>TX</state>
        <sponsorshipDate>2015-02-27</sponsorshipDate>
        <district>13</district>
        <middleName>M.</middleName>
        <party>R</party>
        <sponsorshipWithdrawnDate />
        <bioguideId>T000238</bioguideId>
        <lastName>THORNBERRY</lastName>
        <isOriginalCosponsor>True</isOriginalCosponsor>
        <fullName>Rep. Thornberry, Mac [R-TX-13]</fullName>
        <firstName>WILLIAM</firstName>
      </item>
      <item>
        <identifiers>
          <lisID>2004</lisID>
          <gpoId>7889</gpoId>
          <bioguideId>W000808</bioguideId>
        </identifiers>
        <state>FL</state>
        <sponsorshipDate>2015-02-27</sponsorshipDate>
        <district>24</district>
        <middleName>S.</middleName>
        <party>D</party>
        <sponsorshipWithdrawnDate />
        <bioguideId>W000808</bioguideId>
        <lastName>Wilson</lastName>
        <isOriginalCosponsor>True</isOriginalCosponsor>
        <fullName>Rep. Wilson, Frederica S. [D-FL-24]</fullName>
        <firstName>Frederica</firstName>
      </item>
      <item>
        <identifiers>
          <lisID>612</lisID>
          <gpoId>8026</gpoId>
          <bioguideId>J000255</bioguideId>
        </identifiers>
        <state>NC</state>
        <sponsorshipDate>2015-03-19</sponsorshipDate>
        <district>3</district>
        <middleName>B.</middleName>
        <party>R</party>
        <sponsorshipWithdrawnDate />
        <bioguideId>J000255</bioguideId>
        <lastName>JONES</lastName>
        <isOriginalCosponsor>False</isOriginalCosponsor>
        <fullName>Rep. Jones, Walter B., Jr. [R-NC-3]</fullName>
        <firstName>WALTER</firstName>
      </item>
      <item>
        <identifiers>
          <lisID>1643</lisID>
          <gpoId>7876</gpoId>
          <bioguideId>C001045</bioguideId>
        </identifiers>
        <state>FL</state>
        <sponsorshipDate>2015-04-23</sponsorshipDate>
        <district>4</district>
        <middleName />
        <party>R</party>
        <sponsorshipWithdrawnDate />
        <bioguideId>C001045</bioguideId>
        <lastName>CRENSHAW</lastName>
        <isOriginalCosponsor>False</isOriginalCosponsor>
        <fullName>Rep. Crenshaw, Ander [R-FL-4]</fullName>
        <firstName>ANDER</firstName>
      </item>
      <item>
        <identifiers>
          <lisID>2248</lisID>
          <gpoId />
          <bioguideId>M001194</bioguideId>
        </identifiers>
        <state>MI</state>
        <sponsorshipDate>2015-06-08</sponsorshipDate>
        <district>4</district>
        <middleName>R.</middleName>
        <party>R</party>
        <sponsorshipWithdrawnDate />
        <bioguideId>M001194</bioguideId>
        <lastName>Moolenaar</lastName>
        <isOriginalCosponsor>False</isOriginalCosponsor>
        <fullName>Rep. Moolenaar, John R. [R-MI-4]</fullName>
        <firstName>John</firstName>
      </item>
      <item>
        <identifiers>
          <bioguideId>M001195</bioguideId>
          <lisID>2277</lisID>
          <gpoId />
        </identifiers>
        <state>WV</state>
        <sponsorshipDate>2015-07-16</sponsorshipDate>
        <district>2</district>
        <middleName>X.</middleName>
        <party>R</party>
        <sponsorshipWithdrawnDate />
        <bioguideId>M001195</bioguideId>
        <lastName>Mooney</lastName>
        <isOriginalCosponsor>False</isOriginalCosponsor>
        <fullName>Rep. Mooney, Alexander X. [R-WV-2]</fullName>
        <firstName>Alexander</firstName>
      </item>
    </cosponsors>
    <laws />
    <congress>114</congress>
    <billNumber>20</billNumber>
    <billType>HCONRES</billType>
    <cboCostEstimates />
    <policyArea>
      <name>Foreign Trade and International Finance</name>
    </policyArea>
    <amendments />
    <notes />
    <constitutionalAuthorityStatementText />
    <recordedVotes />
    <summaries>
      <billSummaries>
        <item>
          <text><![CDATA[<p>Expresses the sense of Congress that the President should seek through negotiated agreements under the auspices of the World Trade Organization the elimination of all direct and indirect subsidies benefitting the production or export of sugar by any foreign country that: (1) exported more than 200,000 metric tons of sugar during 2014, or (2) has in effect a free trade agreement with the United States.</p> <p>Urges the President to: (1) report to Congress detailed information about how any of such countries has eliminated such subsidies, and (2) then propose legislation to implement a &quot;zero for zero&quot; sugar subsidy policy. </p>]]></text>
          <actionDesc>Introduced in House</actionDesc>
          <name>Introduced in House</name>
          <versionCode>00</versionCode>
          <actionDate>2015-02-27</actionDate>
          <lastSummaryUpdateDate>2015-03-03T15:05:57Z</lastSummaryUpdateDate>
          <updateDate>2015-02-27T05:00:00Z</updateDate>
        </item>
      </billSummaries>
    </summaries>
    <updateDate>2017-01-11T14:28:47Z</updateDate>
    <originChamber>House</originChamber>
    <actions>
      <item>
        <actionDate>2015-03-09</actionDate>
        <committee>
          <name>General Farm Commodities and Risk Management Subcommittee</name>
          <systemCode>hsag16</systemCode>
        </committee>
        <links />
        <sourceSystem>
          <name>House committee actions</name>
          <code>1</code>
        </sourceSystem>
        <text>Referred to the Subcommittee on General Farm Commodities and Risk Management.</text>
        <type>Committee</type>
      </item>
      <item>
        <committee>
          <name>Agriculture Committee</name>
          <systemCode>hsag00</systemCode>
        </committee>
        <actionDate>2015-02-27</actionDate>
        <text>Referred to House Agriculture</text>
        <links />
        <actionCode>H11100</actionCode>
        <type>IntroReferral</type>
        <sourceSystem>
          <name>House floor actions</name>
          <code>2</code>
        </sourceSystem>
      </item>
      <item>
        <committee />
        <actionDate>2015-02-27</actionDate>
        <text>Referred to the Committee on Ways and Means, and in addition to the Committee on Agriculture, for a period to be subsequently determined by the Speaker, in each case for consideration of such provisions as fall within the jurisdiction of the committee concerned.</text>
        <links />
        <actionCode>H11100-A</actionCode>
        <type>IntroReferral</type>
        <sourceSystem>
          <name>Library of Congress</name>
          <code>9</code>
        </sourceSystem>
      </item>
      <item>
        <committee>
          <name>Ways and Means Committee</name>
          <systemCode>hswm00</systemCode>
        </committee>
        <actionDate>2015-02-27</actionDate>
        <text>Referred to House Ways and Means</text>
        <links />
        <actionCode>H11100</actionCode>
        <type>IntroReferral</type>
        <sourceSystem>
          <name>House floor actions</name>
          <code>2</code>
        </sourceSystem>
      </item>
      <item>
        <committee />
        <actionDate>2015-02-27</actionDate>
        <text>Introduced in House</text>
        <links />
        <actionCode>Intro-H</actionCode>
        <type>IntroReferral</type>
        <sourceSystem>
          <name>Library of Congress</name>
          <code>9</code>
        </sourceSystem>
      </item>
      <item>
        <committee />
        <actionDate>2015-02-27</actionDate>
        <text>Introduced in House</text>
        <links />
        <actionCode>1000</actionCode>
        <type>IntroReferral</type>
        <sourceSystem>
          <name>Library of Congress</name>
          <code>9</code>
        </sourceSystem>
      </item>
      <actionTypeCounts>
        <billReferrals>2</billReferrals>
        <introducedInTheHouse>1</introducedInTheHouse>
        <placeholderTextForH>1</placeholderTextForH>
        <introducedInHouse>1</introducedInHouse>
        <billReferralsAggregate>1</billReferralsAggregate>
      </actionTypeCounts>
      <actionByCounts>
        <houseOfRepresentatives>6</houseOfRepresentatives>
      </actionByCounts>
    </actions>
    <committeeReports />
    <subjects>
      <billSubjects>
        <legislativeSubjects>
          <item>
            <name>Agricultural prices, subsidies, credit</name>
          </item>
          <item>
            <name>Agricultural trade</name>
          </item>
          <item>
            <name>Congressional oversight</name>
          </item>
          <item>
            <name>Free trade and trade barriers</name>
          </item>
          <item>
            <name>Trade agreements and negotiations</name>
          </item>
        </legislativeSubjects>
        <policyArea>
          <name>Foreign Trade and International Finance</name>
        </policyArea>
      </billSubjects>
    </subjects>
    <titles>
      <item>
        <chamberCode />
        <title>Expressing the sense of Congress that all direct and indirect subsidies that benefit the production or export of sugar by all major sugar producing and consuming countries should be eliminated.</title>
        <parentTitleType />
        <titleType>Official Title as Introduced</titleType>
        <chamberName />
      </item>
      <item>
        <chamberCode />
        <title>Expressing the sense of Congress that all direct and indirect subsidies that benefit the production or export of sugar by all major sugar producing and consuming countries should be eliminated.</title>
        <parentTitleType />
        <titleType>Display Title</titleType>
        <chamberName />
      </item>
    </titles>
    <relatedBills />
    <calendarNumbers />
    <title>Expressing the sense of Congress that all direct and indirect subsidies that benefit the production or export of sugar by all major sugar producing and consuming countries should be eliminated.</title>
    <introducedDate>2015-02-27</introducedDate>
    <latestAction>
      <actionDate>2015-03-09</actionDate>
      <text>Referred to the Subcommittee on General Farm Commodities and Risk Management.</text>
      <links />
    </latestAction>
    <createDate>2015-02-28T04:46:15Z</createDate>
    <committees>
      <billCommittees>
        <item>
          <systemCode>hsag00</systemCode>
          <subcommittees>
            <item>
              <systemCode>hsag16</systemCode>
              <name>General Farm Commodities and Risk Management Subcommittee</name>
              <activities>
                <item>
                  <name>Referred to</name>
                  <date>2015-03-09T21:27:41Z</date>
                </item>
              </activities>
            </item>
          </subcommittees>
          <type>Standing</type>
          <chamber>House</chamber>
          <name>Agriculture Committee</name>
          <activities>
            <item>
              <name>Referred to</name>
              <date>2015-02-27T14:04:05Z</date>
            </item>
          </activities>
        </item>
        <item>
          <systemCode>hswm00</systemCode>
          <subcommittees />
          <type>Standing</type>
          <chamber>House</chamber>
          <name>Ways and Means Committee</name>
          <activities>
            <item>
              <name>Referred to</name>
              <date>2015-02-27T14:04:00Z</date>
            </item>
          </activities>
        </item>
      </billCommittees>
    </committees>
    <sponsors>
      <item>
        <fullName>Rep. Yoho, Ted S. [R-FL-3]</fullName>
        <firstName>Ted</firstName>
        <bioguideId>Y000065</bioguideId>
        <party>R</party>
        <middleName>S.</middleName>
        <byRequestType />
        <district>3</district>
        <state>FL</state>
        <lastName>Yoho</lastName>
        <identifiers>
          <bioguideId>Y000065</bioguideId>
          <lisID>2115</lisID>
          <gpoId />
        </identifiers>
      </item>
    </sponsors>
  </bill>
  <dublinCore xmlns:dc="http://purl.org/dc/elements/1.1/">
    <dc:format>text/xml</dc:format>
    <dc:language>EN</dc:language>
    <dc:rights>Pursuant to Title 17 Section 105 of the United States Code, this file is not subject to copyright protection and is in the public domain.</dc:rights>
    <dc:contributor>Congressional Research Service, Library of Congress</dc:contributor>
    <dc:description>This file contains bill summaries and statuses for federal legislation. A bill summary describes the most significant provisions of a piece of legislation and details the effects the legislative text may have on current law and federal programs. Bill summaries are authored by the Congressional Research Service (CRS) of the Library of Congress. As stated in Public Law 91-510 (2 USC 166 (d)(6)), one of the duties of CRS is "to prepare summaries and digests of bills and resolutions of a public general nature introduced in the Senate or House of Representatives". For more information, refer to the User Guide that accompanies this file.</dc:description>
  </dublinCore>
</billStatus>

