<?xml version="1.0" encoding="UTF-8"?>
<billStatus>
  <bill>
    <congress>114</congress>
    <calendarNumbers />
    <cboCostEstimates />
    <actions>
      <actionByCounts>
        <senate>4</senate>
        <houseOfRepresentatives>6</houseOfRepresentatives>
      </actionByCounts>
      <item>
        <actionDate>2015-03-27</actionDate>
        <committee />
        <links />
        <sourceSystem>
          <name>Senate</name>
          <code>0</code>
        </sourceSystem>
        <text>Message on Senate action sent to the House.</text>
        <type>Floor</type>
      </item>
      <item>
        <actionDate>2015-03-27</actionDate>
        <committee />
        <links>
          <link>
            <name>CR 3/26/2015 S2089</name>
            <url>https://www.congress.gov/congressional-record/volume-161/senate-section/page/S2089</url>
          </link>
        </links>
        <sourceSystem>
          <name>Senate</name>
          <code>0</code>
        </sourceSystem>
        <text>Resolution agreed to in Senate without amendment by Unanimous Consent. (consideration: CR 3/26/2015 S2089; text as passed Senate: CR 3/26/2015 S2089)</text>
        <type>Floor</type>
      </item>
      <item>
        <committee />
        <actionCode>17000</actionCode>
        <type>Floor</type>
        <text>Passed/agreed to in Senate: Resolution agreed to in Senate without amendment by Unanimous Consent.(consideration: CR 3/26/2015 S2089; text as passed Senate: CR 3/26/2015 S2089)</text>
        <actionDate>2015-03-27</actionDate>
        <sourceSystem>
          <name>Library of Congress</name>
          <code>9</code>
        </sourceSystem>
        <links>
          <link>
            <name>CR 3/26/2015 S2089</name>
            <url>https://www.congress.gov/congressional-record/volume-161/senate-section/page/S2089</url>
          </link>
        </links>
      </item>
      <item>
        <actionDate>2015-03-26</actionDate>
        <committee />
        <links />
        <sourceSystem>
          <name>Senate</name>
          <code>0</code>
        </sourceSystem>
        <text>Received in the Senate.</text>
        <type>IntroReferral</type>
      </item>
      <item>
        <committee />
        <actionCode>H38310</actionCode>
        <type>Floor</type>
        <text>Motion to reconsider laid on the table Agreed to without objection.</text>
        <actionDate>2015-03-26</actionDate>
        <actionTime>12:32:16</actionTime>
        <links />
        <sourceSystem>
          <name>House floor actions</name>
          <code>2</code>
        </sourceSystem>
      </item>
      <item>
        <committee />
        <actionCode>H37100</actionCode>
        <type>Floor</type>
        <text>On agreeing to the resolution Agreed to by voice vote. (text: CR H2092)</text>
        <actionDate>2015-03-26</actionDate>
        <actionTime>12:32:12</actionTime>
        <links>
          <link>
            <name>H2092</name>
            <url>https://www.congress.gov/congressional-record/volume-161/house-section/page/H2092</url>
          </link>
        </links>
        <sourceSystem>
          <name>House floor actions</name>
          <code>2</code>
        </sourceSystem>
      </item>
      <item>
        <committee />
        <actionCode>8000</actionCode>
        <type>Floor</type>
        <text>Passed/agreed to in House: On agreeing to the resolution Agreed to by voice vote.(text: CR H2092)</text>
        <actionDate>2015-03-26</actionDate>
        <actionTime>12:32:12</actionTime>
        <links>
          <link>
            <name>H2092</name>
            <url>https://www.congress.gov/congressional-record/volume-161/house-section/page/H2092</url>
          </link>
        </links>
        <sourceSystem>
          <name>Library of Congress</name>
          <code>9</code>
        </sourceSystem>
      </item>
      <item>
        <committee />
        <actionCode>H30000</actionCode>
        <type>Floor</type>
        <text>Considered as privileged matter. (consideration: CR H2092)</text>
        <actionDate>2015-03-26</actionDate>
        <actionTime>12:30:38</actionTime>
        <links>
          <link>
            <name>H2092</name>
            <url>https://www.congress.gov/congressional-record/volume-161/house-section/page/H2092</url>
          </link>
        </links>
        <sourceSystem>
          <name>House floor actions</name>
          <code>2</code>
        </sourceSystem>
      </item>
      <item>
        <committee />
        <actionCode>Intro-H</actionCode>
        <type>IntroReferral</type>
        <text>Introduced in House</text>
        <actionDate>2015-03-26</actionDate>
        <sourceSystem>
          <name>Library of Congress</name>
          <code>9</code>
        </sourceSystem>
        <links />
      </item>
      <item>
        <committee />
        <actionCode>1000</actionCode>
        <type>IntroReferral</type>
        <text>Introduced in House</text>
        <actionDate>2015-03-26</actionDate>
        <sourceSystem>
          <name>Library of Congress</name>
          <code>9</code>
        </sourceSystem>
        <links />
      </item>
      <actionTypeCounts>
        <sentToHouse>1</sentToHouse>
        <passedAgreedToInSenate>1</passedAgreedToInSenate>
        <agreedToInSenate>1</agreedToInSenate>
        <considerationByHouse>1</considerationByHouse>
        <introducedInSenate>1</introducedInSenate>
        <motionToReconsiderResults>1</motionToReconsiderResults>
        <passedAgreedToInHouse>1</passedAgreedToInHouse>
        <passageOfAMeasure>1</passageOfAMeasure>
        <introducedInHouse>1</introducedInHouse>
        <introducedInTheHouse>1</introducedInTheHouse>
      </actionTypeCounts>
    </actions>
    <relatedBills />
    <latestAction>
      <text>Message on Senate action sent to the House.</text>
      <links />
      <actionDate>2015-03-27</actionDate>
    </latestAction>
    <originChamber>House</originChamber>
    <title>Providing for a conditional adjournment of the House of Representatives.</title>
    <titles>
      <item>
        <chamberName />
        <title>Providing for a conditional adjournment of the House of Representatives.</title>
        <chamberCode />
        <titleType>Official Title as Introduced</titleType>
        <parentTitleType />
      </item>
      <item>
        <chamberName />
        <title>Providing for a conditional adjournment of the House of Representatives.</title>
        <chamberCode />
        <titleType>Display Title</titleType>
        <parentTitleType />
      </item>
    </titles>
    <committeeReports />
    <updateDate>2017-01-11T14:28:50Z</updateDate>
    <billType>HCONRES</billType>
    <recordedVotes />
    <subjects>
      <billSubjects>
        <legislativeSubjects>
          <item>
            <name>Congressional operations and organization</name>
          </item>
        </legislativeSubjects>
        <policyArea>
          <name>Congress</name>
        </policyArea>
      </billSubjects>
    </subjects>
    <policyArea>
      <name>Congress</name>
    </policyArea>
    <laws />
    <amendments />
    <committees>
      <billCommittees />
    </committees>
    <sponsors>
      <item>
        <identifiers>
          <gpoId />
          <bioguideId>D000619</bioguideId>
          <lisID>2126</lisID>
        </identifiers>
        <state>IL</state>
        <bioguideId>D000619</bioguideId>
        <lastName>Davis</lastName>
        <middleName />
        <party>R</party>
        <district>13</district>
        <fullName>Rep. Davis, Rodney [R-IL-13]</fullName>
        <byRequestType />
        <firstName>Rodney</firstName>
      </item>
    </sponsors>
    <introducedDate>2015-03-26</introducedDate>
    <summaries>
      <billSummaries>
        <item>
          <text><![CDATA[<p>Declares that when the House adjourns on any legislative day from Thursday, March 26, 2015, through Friday, April 10, 2015, it stand adjourned until 2 p.m. on Monday, April 13, 2015. </p>]]></text>
          <actionDesc>Introduced in House</actionDesc>
          <name>Introduced in House</name>
          <versionCode>00</versionCode>
          <actionDate>2015-03-26</actionDate>
          <lastSummaryUpdateDate>2015-04-20T15:53:16Z</lastSummaryUpdateDate>
          <updateDate>2015-03-26T04:00:00Z</updateDate>
        </item>
        <item>
          <text><![CDATA[<p>(This measure has not been amended since it was introduced. The summary of that version is repeated here.)</p> <p>Declares that when the House adjourns on any legislative day from Thursday, March 26, 2015, through Friday, April 10, 2015, it stand adjourned until 2 p.m. on Monday, April 13, 2015.</p>]]></text>
          <actionDesc>Passed House without amendment</actionDesc>
          <name>Passed House without amendment</name>
          <versionCode>81</versionCode>
          <actionDate>2015-03-26</actionDate>
          <lastSummaryUpdateDate>2015-04-20T15:53:44Z</lastSummaryUpdateDate>
          <updateDate>2015-03-26T14:22:34Z</updateDate>
        </item>
        <item>
          <text><![CDATA[<p>(This measure has not been amended since it was introduced. The summary of that version is repeated here.)</p> <p>Declares that when the House adjourns on any legislative day from Thursday, March 26, 2015, through Friday, April 10, 2015, it stand adjourned until 2 p.m. on Monday, April 13, 2015.</p>]]></text>
          <actionDesc>Passed Senate without amendment</actionDesc>
          <name>Passed Senate without amendment</name>
          <versionCode>82</versionCode>
          <actionDate>2015-03-27</actionDate>
          <lastSummaryUpdateDate>2015-04-20T15:54:00Z</lastSummaryUpdateDate>
          <updateDate>2015-03-27T15:26:39Z</updateDate>
        </item>
      </billSummaries>
    </summaries>
    <notes />
    <createDate>2015-03-27T08:45:57Z</createDate>
    <billNumber>31</billNumber>
    <cosponsors />
    <constitutionalAuthorityStatementText />
  </bill>
  <dublinCore xmlns:dc="http://purl.org/dc/elements/1.1/">
    <dc:format>text/xml</dc:format>
    <dc:language>EN</dc:language>
    <dc:rights>Pursuant to Title 17 Section 105 of the United States Code, this file is not subject to copyright protection and is in the public domain.</dc:rights>
    <dc:contributor>Congressional Research Service, Library of Congress</dc:contributor>
    <dc:description>This file contains bill summaries and statuses for federal legislation. A bill summary describes the most significant provisions of a piece of legislation and details the effects the legislative text may have on current law and federal programs. Bill summaries are authored by the Congressional Research Service (CRS) of the Library of Congress. As stated in Public Law 91-510 (2 USC 166 (d)(6)), one of the duties of CRS is "to prepare summaries and digests of bills and resolutions of a public general nature introduced in the Senate or House of Representatives". For more information, refer to the User Guide that accompanies this file.</dc:description>
  </dublinCore>
</billStatus>

