<?xml version="1.0" encoding="UTF-8"?>
<billStatus>
  <bill>
    <committees>
      <billCommittees>
        <item>
          <chamber>House</chamber>
          <name>Foreign Affairs Committee</name>
          <systemCode>hsfa00</systemCode>
          <type>Standing</type>
          <subcommittees />
          <activities>
            <item>
              <date>2016-09-09T13:01:20Z</date>
              <name>Referred to</name>
            </item>
          </activities>
        </item>
      </billCommittees>
    </committees>
    <calendarNumbers />
    <sponsors>
      <item>
        <identifiers>
          <bioguideId>F000449</bioguideId>
          <lisID>1793</lisID>
          <gpoId>8038</gpoId>
        </identifiers>
        <district>1</district>
        <fullName>Rep. Fortenberry, Jeff [R-NE-1]</fullName>
        <lastName>Fortenberry</lastName>
        <middleName />
        <bioguideId>F000449</bioguideId>
        <party>R</party>
        <firstName>Jeff</firstName>
        <state>NE</state>
        <byRequestType />
      </item>
    </sponsors>
    <billType>HCONRES</billType>
    <summaries>
      <billSummaries>
        <item>
          <text><![CDATA[<p>Expresses the sense of Congress that:</p> <ul> <li> the return of the displaced indigenous peoples of the Nineveh Plain, including those in Iraq, to their ancestral homeland should be a policy priority of United States and the international community;</li> <li> their fundamental human rights should be fully restored upon their return to their homeland;</li> <li> the indigenous communities of Iraq's Nineveh Plain region have a right to security and self-determination within the federal structure of Iraq; </li> <li> the United States, the Counter ISIL Coalition, the international community, the government of Iraq, and the Kurdish regional government should remain committed to liberation, economic revitalization, and prosperity of that region; </li> <li> the United States, the international community, international observers, the government of Iraq, and the Kurdish regional government should be committed to the territorial integrity and security of the Nineveh Plain; and </li> <li> the United States, the Counter ISIL Coalition, the international community, and international observers should be committed to working with the national and regional governments of Iraq toward a sustainable security settlement in the Nineveh Plain.</li> </ul> <p> Expresses the sense of Congress that the United States and the international community should:</p> <ul> <li> make the peaceful resolution of questions pertaining to Iraq's disputed internal boundaries a priority;</li> <li> work with the national and regional governments of Iraq to oversee the peaceful reintegration of the indigenous peoples of the Nineveh Plain to their ancestral homeland; </li> <li> work with the national and regional governments of Iraq, including the Kurdish regional government, to establish the Nineveh Plain as an undisputed territory, politically represented by the indigenous peoples and communities of the region; and </li> <li>be committed to supporting the Iraqi government in implementing the decision to create a Nineveh Plain Province and support the new provincial administration to attain its full potential.</li> </ul>]]></text>
          <name>Introduced in House</name>
          <actionDesc>Introduced in House</actionDesc>
          <actionDate>2016-09-09</actionDate>
          <lastSummaryUpdateDate>2016-10-28T19:49:44Z</lastSummaryUpdateDate>
          <updateDate>2016-09-09T04:00:00Z</updateDate>
          <versionCode>00</versionCode>
        </item>
      </billSummaries>
    </summaries>
    <titles>
      <item>
        <chamberCode />
        <titleType>Official Title as Introduced</titleType>
        <chamberName />
        <title>Expressing the sense of Congress that the United States and the international community should support the Republic of Iraq and its people to recognize a province in the Nineveh Plain region, consistent with lawful expressions of self-determination by its indigenous peoples.</title>
        <parentTitleType />
      </item>
      <item>
        <chamberCode />
        <titleType>Display Title</titleType>
        <chamberName />
        <title>Expressing the sense of Congress that the United States and the international community should support the Republic of Iraq and its people to recognize a province in the Nineveh Plain region, consistent with lawful expressions of self-determination by its indigenous peoples.</title>
        <parentTitleType />
      </item>
    </titles>
    <billNumber>152</billNumber>
    <constitutionalAuthorityStatementText />
    <cboCostEstimates />
    <title>Expressing the sense of Congress that the United States and the international community should support the Republic of Iraq and its people to recognize a province in the Nineveh Plain region, consistent with lawful expressions of self-determination by its indigenous peoples.</title>
    <amendments />
    <actions>
      <actionByCounts>
        <houseOfRepresentatives>3</houseOfRepresentatives>
      </actionByCounts>
      <item>
        <text>Referred to the House Committee on Foreign Affairs.</text>
        <actionCode>H11100</actionCode>
        <sourceSystem>
          <code>2</code>
          <name>House floor actions</name>
        </sourceSystem>
        <committee>
          <name>Foreign Affairs Committee</name>
          <systemCode>hsfa00</systemCode>
        </committee>
        <type>IntroReferral</type>
        <actionDate>2016-09-09</actionDate>
        <links />
      </item>
      <item>
        <text>Introduced in House</text>
        <actionCode>Intro-H</actionCode>
        <sourceSystem>
          <code>9</code>
          <name>Library of Congress</name>
        </sourceSystem>
        <committee />
        <type>IntroReferral</type>
        <actionDate>2016-09-09</actionDate>
        <links />
      </item>
      <item>
        <text>Introduced in House</text>
        <actionCode>1000</actionCode>
        <sourceSystem>
          <code>9</code>
          <name>Library of Congress</name>
        </sourceSystem>
        <committee />
        <type>IntroReferral</type>
        <actionDate>2016-09-09</actionDate>
        <links />
      </item>
      <actionTypeCounts>
        <introducedInTheHouse>1</introducedInTheHouse>
        <billReferrals>1</billReferrals>
        <introducedInHouse>1</introducedInHouse>
      </actionTypeCounts>
    </actions>
    <notes />
    <updateDate>2017-01-11T14:29:26Z</updateDate>
    <createDate>2016-09-10T04:47:30Z</createDate>
    <recordedVotes />
    <introducedDate>2016-09-09</introducedDate>
    <congress>114</congress>
    <committeeReports />
    <laws />
    <cosponsors>
      <item>
        <middleName>William</middleName>
        <identifiers>
          <bioguideId>L000563</bioguideId>
          <gpoId>7923</gpoId>
          <lisID>1781</lisID>
        </identifiers>
        <isOriginalCosponsor>True</isOriginalCosponsor>
        <sponsorshipWithdrawnDate />
        <party>D</party>
        <fullName>Rep. Lipinski, Daniel [D-IL-3]</fullName>
        <state>IL</state>
        <sponsorshipDate>2016-09-09</sponsorshipDate>
        <firstName>Daniel</firstName>
        <lastName>Lipinski</lastName>
        <district>3</district>
        <bioguideId>L000563</bioguideId>
      </item>
      <item>
        <middleName>H.</middleName>
        <identifiers>
          <bioguideId>S000522</bioguideId>
          <gpoId>8046</gpoId>
          <lisID>1071</lisID>
        </identifiers>
        <isOriginalCosponsor>True</isOriginalCosponsor>
        <sponsorshipWithdrawnDate />
        <party>R</party>
        <fullName>Rep. Smith, Christopher H. [R-NJ-4]</fullName>
        <state>NJ</state>
        <sponsorshipDate>2016-09-09</sponsorshipDate>
        <firstName>CHRISTOPHER</firstName>
        <lastName>SMITH</lastName>
        <district>4</district>
        <bioguideId>S000522</bioguideId>
      </item>
      <item>
        <middleName />
        <identifiers>
          <bioguideId>V000130</bioguideId>
          <lisID>2112</lisID>
          <gpoId />
        </identifiers>
        <isOriginalCosponsor>True</isOriginalCosponsor>
        <sponsorshipWithdrawnDate />
        <party>D</party>
        <fullName>Rep. Vargas, Juan [D-CA-51]</fullName>
        <state>CA</state>
        <sponsorshipDate>2016-09-09</sponsorshipDate>
        <firstName>Juan</firstName>
        <lastName>Vargas</lastName>
        <district>51</district>
        <bioguideId>V000130</bioguideId>
      </item>
      <item>
        <middleName />
        <identifiers>
          <lisID>1707</lisID>
          <gpoId>7799</gpoId>
          <bioguideId>F000448</bioguideId>
        </identifiers>
        <isOriginalCosponsor>True</isOriginalCosponsor>
        <sponsorshipWithdrawnDate />
        <party>R</party>
        <fullName>Rep. Franks, Trent [R-AZ-8]</fullName>
        <state>AZ</state>
        <sponsorshipDate>2016-09-09</sponsorshipDate>
        <firstName>Trent</firstName>
        <lastName>Franks</lastName>
        <district>8</district>
        <bioguideId>F000448</bioguideId>
      </item>
      <item>
        <middleName>D.</middleName>
        <identifiers>
          <bioguideId>S001145</bioguideId>
          <lisID>1588</lisID>
          <gpoId>7929</gpoId>
        </identifiers>
        <isOriginalCosponsor>True</isOriginalCosponsor>
        <sponsorshipWithdrawnDate />
        <party>D</party>
        <fullName>Rep. Schakowsky, Janice D. [D-IL-9]</fullName>
        <state>IL</state>
        <sponsorshipDate>2016-09-09</sponsorshipDate>
        <firstName>JANICE</firstName>
        <lastName>SCHAKOWSKY</lastName>
        <district>9</district>
        <bioguideId>S001145</bioguideId>
      </item>
      <item>
        <middleName>B.</middleName>
        <identifiers>
          <lisID>1460</lisID>
          <gpoId>7789</gpoId>
          <bioguideId>A000055</bioguideId>
        </identifiers>
        <isOriginalCosponsor>True</isOriginalCosponsor>
        <sponsorshipWithdrawnDate />
        <party>R</party>
        <fullName>Rep. Aderholt, Robert B. [R-AL-4]</fullName>
        <state>AL</state>
        <sponsorshipDate>2016-09-09</sponsorshipDate>
        <firstName>ROBERT</firstName>
        <lastName>ADERHOLT</lastName>
        <district>4</district>
        <bioguideId>A000055</bioguideId>
      </item>
      <item>
        <middleName>J.</middleName>
        <identifiers>
          <gpoId>8192</gpoId>
          <bioguideId>W000804</bioguideId>
          <lisID>1886</lisID>
        </identifiers>
        <isOriginalCosponsor>True</isOriginalCosponsor>
        <sponsorshipWithdrawnDate />
        <party>R</party>
        <fullName>Rep. Wittman, Robert J. [R-VA-1]</fullName>
        <state>VA</state>
        <sponsorshipDate>2016-09-09</sponsorshipDate>
        <firstName>Robert</firstName>
        <lastName>Wittman</lastName>
        <district>1</district>
        <bioguideId>W000804</bioguideId>
      </item>
      <item>
        <middleName>M.</middleName>
        <identifiers>
          <gpoId />
          <bioguideId>D000625</bioguideId>
          <lisID>2293</lisID>
        </identifiers>
        <isOriginalCosponsor>True</isOriginalCosponsor>
        <sponsorshipWithdrawnDate />
        <party>R</party>
        <fullName>Rep. Donovan, Daniel M., Jr. [R-NY-11]</fullName>
        <state>NY</state>
        <sponsorshipDate>2016-09-09</sponsorshipDate>
        <firstName>Daniel</firstName>
        <lastName>Donovan</lastName>
        <district>11</district>
        <bioguideId>D000625</bioguideId>
      </item>
      <item>
        <middleName />
        <identifiers>
          <bioguideId>H001052</bioguideId>
          <lisID>2026</lisID>
          <gpoId>7976</gpoId>
        </identifiers>
        <isOriginalCosponsor>True</isOriginalCosponsor>
        <sponsorshipWithdrawnDate />
        <party>R</party>
        <fullName>Rep. Harris, Andy [R-MD-1]</fullName>
        <state>MD</state>
        <sponsorshipDate>2016-09-09</sponsorshipDate>
        <firstName>Andy</firstName>
        <lastName>Harris</lastName>
        <district>1</district>
        <bioguideId>H001052</bioguideId>
      </item>
      <item>
        <middleName />
        <identifiers>
          <lisID>2273</lisID>
          <gpoId />
          <bioguideId>C001105</bioguideId>
        </identifiers>
        <isOriginalCosponsor>True</isOriginalCosponsor>
        <sponsorshipWithdrawnDate />
        <party>R</party>
        <fullName>Rep. Comstock, Barbara [R-VA-10]</fullName>
        <state>VA</state>
        <sponsorshipDate>2016-09-09</sponsorshipDate>
        <firstName>Barbara</firstName>
        <lastName>Comstock</lastName>
        <district>10</district>
        <bioguideId>C001105</bioguideId>
      </item>
      <item>
        <middleName>R.</middleName>
        <identifiers>
          <bioguideId>P000373</bioguideId>
          <gpoId>8134</gpoId>
          <lisID>1514</lisID>
        </identifiers>
        <isOriginalCosponsor>True</isOriginalCosponsor>
        <sponsorshipWithdrawnDate />
        <party>R</party>
        <fullName>Rep. Pitts, Joseph R. [R-PA-16]</fullName>
        <state>PA</state>
        <sponsorshipDate>2016-09-09</sponsorshipDate>
        <firstName>JOSEPH</firstName>
        <lastName>PITTS</lastName>
        <district>16</district>
        <bioguideId>P000373</bioguideId>
      </item>
    </cosponsors>
    <originChamber>House</originChamber>
    <latestAction>
      <links />
      <text>Referred to the House Committee on Foreign Affairs.</text>
      <actionDate>2016-09-09</actionDate>
    </latestAction>
    <policyArea>
      <name>International Affairs</name>
    </policyArea>
    <relatedBills />
    <subjects>
      <billSubjects>
        <policyArea>
          <name>International Affairs</name>
        </policyArea>
        <legislativeSubjects>
          <item>
            <name>Conflicts and wars</name>
          </item>
          <item>
            <name>Diplomacy, foreign officials, Americans abroad</name>
          </item>
          <item>
            <name>Human rights</name>
          </item>
          <item>
            <name>International organizations and cooperation</name>
          </item>
          <item>
            <name>Iraq</name>
          </item>
          <item>
            <name>Middle East</name>
          </item>
          <item>
            <name>Racial and ethnic relations</name>
          </item>
          <item>
            <name>Refugees, asylum, displaced persons</name>
          </item>
          <item>
            <name>Religion</name>
          </item>
          <item>
            <name>Sovereignty, recognition, national governance and status</name>
          </item>
        </legislativeSubjects>
      </billSubjects>
    </subjects>
  </bill>
  <dublinCore xmlns:dc="http://purl.org/dc/elements/1.1/">
    <dc:format>text/xml</dc:format>
    <dc:language>EN</dc:language>
    <dc:rights>Pursuant to Title 17 Section 105 of the United States Code, this file is not subject to copyright protection and is in the public domain.</dc:rights>
    <dc:contributor>Congressional Research Service, Library of Congress</dc:contributor>
    <dc:description>This file contains bill summaries and statuses for federal legislation. A bill summary describes the most significant provisions of a piece of legislation and details the effects the legislative text may have on current law and federal programs. Bill summaries are authored by the Congressional Research Service (CRS) of the Library of Congress. As stated in Public Law 91-510 (2 USC 166 (d)(6)), one of the duties of CRS is "to prepare summaries and digests of bills and resolutions of a public general nature introduced in the Senate or House of Representatives". For more information, refer to the User Guide that accompanies this file.</dc:description>
  </dublinCore>
</billStatus>

