<?xml version="1.0" encoding="UTF-8"?>
<billStatus>
  <bill>
    <congress>114</congress>
    <billNumber>121</billNumber>
    <cosponsors>
      <item>
        <bioguideId>R000487</bioguideId>
        <firstName>ED</firstName>
        <party>R</party>
        <lastName>ROYCE</lastName>
        <sponsorshipDate>2016-03-01</sponsorshipDate>
        <middleName />
        <state>CA</state>
        <district>39</district>
        <isOriginalCosponsor>True</isOriginalCosponsor>
        <sponsorshipWithdrawnDate />
        <identifiers>
          <lisID>998</lisID>
          <gpoId>7845</gpoId>
          <bioguideId>R000487</bioguideId>
        </identifiers>
        <fullName>Rep. Royce, Edward R. [R-CA-39]</fullName>
      </item>
      <item>
        <bioguideId>P000373</bioguideId>
        <firstName>JOSEPH</firstName>
        <party>R</party>
        <lastName>PITTS</lastName>
        <sponsorshipDate>2016-03-01</sponsorshipDate>
        <middleName>R.</middleName>
        <state>PA</state>
        <district>16</district>
        <isOriginalCosponsor>True</isOriginalCosponsor>
        <sponsorshipWithdrawnDate />
        <identifiers>
          <lisID>1514</lisID>
          <gpoId>8134</gpoId>
          <bioguideId>P000373</bioguideId>
        </identifiers>
        <fullName>Rep. Pitts, Joseph R. [R-PA-16]</fullName>
      </item>
      <item>
        <bioguideId>E000179</bioguideId>
        <firstName>ELIOT</firstName>
        <party>D</party>
        <lastName>ENGEL</lastName>
        <sponsorshipDate>2016-03-01</sponsorshipDate>
        <middleName>L.</middleName>
        <state>NY</state>
        <district>16</district>
        <isOriginalCosponsor>True</isOriginalCosponsor>
        <sponsorshipWithdrawnDate />
        <identifiers>
          <gpoId>8078</gpoId>
          <bioguideId>E000179</bioguideId>
          <lisID>344</lisID>
        </identifiers>
        <fullName>Rep. Engel, Eliot L. [D-NY-16]</fullName>
      </item>
      <item>
        <bioguideId>P000594</bioguideId>
        <firstName>Erik</firstName>
        <party>R</party>
        <lastName>Paulsen</lastName>
        <sponsorshipDate>2016-03-02</sponsorshipDate>
        <middleName />
        <state>MN</state>
        <district>3</district>
        <isOriginalCosponsor>False</isOriginalCosponsor>
        <sponsorshipWithdrawnDate />
        <identifiers>
          <gpoId>8003</gpoId>
          <bioguideId>P000594</bioguideId>
          <lisID>1930</lisID>
        </identifiers>
        <fullName>Rep. Paulsen, Erik [R-MN-3]</fullName>
      </item>
    </cosponsors>
    <subjects>
      <billSubjects>
        <legislativeSubjects>
          <item>
            <name>Conflicts and wars</name>
          </item>
          <item>
            <name>Criminal investigation, prosecution, interrogation</name>
          </item>
          <item>
            <name>Evidence and witnesses</name>
          </item>
          <item>
            <name>Foreign aid and international relief</name>
          </item>
          <item>
            <name>Human rights</name>
          </item>
          <item>
            <name>International law and treaties</name>
          </item>
          <item>
            <name>Middle East</name>
          </item>
          <item>
            <name>Syria</name>
          </item>
          <item>
            <name>United Nations</name>
          </item>
          <item>
            <name>War crimes, genocide, crimes against humanity</name>
          </item>
        </legislativeSubjects>
        <policyArea>
          <name>International Affairs</name>
        </policyArea>
      </billSubjects>
    </subjects>
    <relatedBills />
    <constitutionalAuthorityStatementText />
    <updateDate>2017-01-11T14:29:17Z</updateDate>
    <actions>
      <actionByCounts>
        <senate>1</senate>
        <houseOfRepresentatives>13</houseOfRepresentatives>
      </actionByCounts>
      <item>
        <actionDate>2016-03-15</actionDate>
        <committee>
          <name>Foreign Relations Committee</name>
          <systemCode>ssfr00</systemCode>
        </committee>
        <links />
        <sourceSystem>
          <code>0</code>
          <name>Senate</name>
        </sourceSystem>
        <text>Received in the Senate and referred to the Committee on Foreign Relations.</text>
        <type>IntroReferral</type>
      </item>
      <item>
        <text>Motion to reconsider laid on the table Agreed to without objection.</text>
        <actionCode>H38310</actionCode>
        <sourceSystem>
          <code>2</code>
          <name>House floor actions</name>
        </sourceSystem>
        <committee />
        <links />
        <actionDate>2016-03-14</actionDate>
        <type>Floor</type>
        <actionTime>19:02:12</actionTime>
      </item>
      <item>
        <text>On motion to suspend the rules and agree to the resolution, as amended Agreed to by the Yeas and Nays: (2/3 required): 392 - 3 (Roll no. 113). (text: CR H1312)</text>
        <actionCode>H37300</actionCode>
        <sourceSystem>
          <code>2</code>
          <name>House floor actions</name>
        </sourceSystem>
        <committee />
        <links>
          <link>
            <url>https://www.congress.gov/congressional-record/volume-162/house-section/page/H1312</url>
            <name>H1312</name>
          </link>
          <link>
            <url>http://clerk.house.gov/evs/2016/roll113.xml</url>
            <name>Roll no. 113</name>
          </link>
        </links>
        <actionDate>2016-03-14</actionDate>
        <type>Floor</type>
        <actionTime>19:02:11</actionTime>
      </item>
      <item>
        <text>Passed/agreed to in House: On motion to suspend the rules and agree to the resolution, as amended Agreed to by the Yeas and Nays: (2/3 required): 392 - 3 (Roll no. 113).(text: CR H1312)</text>
        <actionCode>8000</actionCode>
        <sourceSystem>
          <code>9</code>
          <name>Library of Congress</name>
        </sourceSystem>
        <committee />
        <links>
          <link>
            <url>https://www.congress.gov/congressional-record/volume-162/house-section/page/H1312</url>
            <name>H1312</name>
          </link>
          <link>
            <url>http://clerk.house.gov/evs/2016/roll113.xml</url>
            <name>Roll no. 113</name>
          </link>
        </links>
        <actionDate>2016-03-14</actionDate>
        <type>Floor</type>
        <actionTime>19:02:11</actionTime>
      </item>
      <item>
        <text>Considered as unfinished business. (consideration: CR H1326-1327)</text>
        <actionCode>H30000</actionCode>
        <sourceSystem>
          <code>2</code>
          <name>House floor actions</name>
        </sourceSystem>
        <committee />
        <links>
          <link>
            <url>https://www.congress.gov/congressional-record/volume-162/house-section/page/H1326-1327</url>
            <name>H1326-1327</name>
          </link>
        </links>
        <actionDate>2016-03-14</actionDate>
        <type>Floor</type>
        <actionTime>18:55:53</actionTime>
      </item>
      <item>
        <text>At the conclusion of debate, the Yeas and Nays were demanded and ordered. Pursuant to the provisions of clause 8, rule XX, the Chair announced that further proceedings on the motion would be postponed.</text>
        <actionCode>H37220</actionCode>
        <sourceSystem>
          <code>2</code>
          <name>House floor actions</name>
        </sourceSystem>
        <committee />
        <links />
        <actionDate>2016-03-14</actionDate>
        <type>Floor</type>
        <actionTime>16:09:51</actionTime>
      </item>
      <item>
        <text>DEBATE - The House proceeded with forty minutes of debate on H. Con. Res. 121.</text>
        <actionCode>H8D000</actionCode>
        <sourceSystem>
          <code>2</code>
          <name>House floor actions</name>
        </sourceSystem>
        <committee />
        <links>
          <link>
            <url>https://www.congress.gov/bill/114th-congress/house-concurrent-resolution/121</url>
            <name>H. Con. Res. 121</name>
          </link>
        </links>
        <actionDate>2016-03-14</actionDate>
        <type>Floor</type>
        <actionTime>15:56:51</actionTime>
      </item>
      <item>
        <text>Considered under suspension of the rules. (consideration: CR H1312-1314)</text>
        <actionCode>H30000</actionCode>
        <sourceSystem>
          <code>2</code>
          <name>House floor actions</name>
        </sourceSystem>
        <committee />
        <links>
          <link>
            <url>https://www.congress.gov/congressional-record/volume-162/house-section/page/H1312-1314</url>
            <name>H1312-1314</name>
          </link>
        </links>
        <actionDate>2016-03-14</actionDate>
        <type>Floor</type>
        <actionTime>15:56:44</actionTime>
      </item>
      <item>
        <text>Mr. Smith (NJ) moved to suspend the rules and agree to the resolution, as amended.</text>
        <actionCode>H30300</actionCode>
        <sourceSystem>
          <code>2</code>
          <name>House floor actions</name>
        </sourceSystem>
        <committee />
        <links />
        <actionDate>2016-03-14</actionDate>
        <type>Floor</type>
        <actionTime>15:56:09</actionTime>
      </item>
      <item>
        <actionDate>2016-03-02</actionDate>
        <committee>
          <name>Foreign Affairs Committee</name>
          <systemCode>hsfa00</systemCode>
        </committee>
        <links />
        <sourceSystem>
          <code>1</code>
          <name>House committee actions</name>
        </sourceSystem>
        <text>Ordered to be Reported by Unanimous Consent.</text>
        <type>Committee</type>
      </item>
      <item>
        <actionDate>2016-03-02</actionDate>
        <committee>
          <name>Foreign Affairs Committee</name>
          <systemCode>hsfa00</systemCode>
        </committee>
        <links />
        <sourceSystem>
          <code>1</code>
          <name>House committee actions</name>
        </sourceSystem>
        <text>Committee Consideration and Mark-up Session Held.</text>
        <type>Committee</type>
      </item>
      <item>
        <text>Referred to the House Committee on Foreign Affairs.</text>
        <actionCode>H11100</actionCode>
        <sourceSystem>
          <code>2</code>
          <name>House floor actions</name>
        </sourceSystem>
        <committee>
          <name>Foreign Affairs Committee</name>
          <systemCode>hsfa00</systemCode>
        </committee>
        <type>IntroReferral</type>
        <actionDate>2016-03-01</actionDate>
        <links />
      </item>
      <item>
        <text>Introduced in House</text>
        <actionCode>Intro-H</actionCode>
        <sourceSystem>
          <code>9</code>
          <name>Library of Congress</name>
        </sourceSystem>
        <committee />
        <type>IntroReferral</type>
        <actionDate>2016-03-01</actionDate>
        <links />
      </item>
      <item>
        <text>Introduced in House</text>
        <actionCode>1000</actionCode>
        <sourceSystem>
          <code>9</code>
          <name>Library of Congress</name>
        </sourceSystem>
        <committee />
        <type>IntroReferral</type>
        <actionDate>2016-03-01</actionDate>
        <links />
      </item>
      <actionTypeCounts>
        <placeholderTextForH>2</placeholderTextForH>
        <passedAgreedToInHouse>1</passedAgreedToInHouse>
        <referredToCommittee>1</referredToCommittee>
        <finalPassageUnderSuspensionOfTheRulesResults>1</finalPassageUnderSuspensionOfTheRulesResults>
        <considerationByHouse>2</considerationByHouse>
        <generalDebate>1</generalDebate>
        <actionStageOverride>1</actionStageOverride>
        <motionMadeToSuspendTheRules>1</motionMadeToSuspendTheRules>
        <introducedInHouse>1</introducedInHouse>
        <billReferrals>1</billReferrals>
        <introducedInTheHouse>1</introducedInTheHouse>
        <motionToReconsiderResults>1</motionToReconsiderResults>
      </actionTypeCounts>
    </actions>
    <summaries>
      <billSummaries>
        <item>
          <actionDesc>Introduced in House</actionDesc>
          <name>Introduced in House</name>
          <actionDate>2016-03-01</actionDate>
          <lastSummaryUpdateDate>2016-03-02T21:44:46Z</lastSummaryUpdateDate>
          <updateDate>2016-03-01T05:00:00Z</updateDate>
          <versionCode>00</versionCode>
          <text><![CDATA[<p>Condemns the use of unlawful violence against civilian populations by the government of Syria, its allies, and other parties to the conflict, and urges the United States and its partners to work toward the cessation of such attacks. </p> <p>Urges the Administration to establish additional mechanisms for the protection of civilians and to ensure access to humanitarian aid for vulnerable populations. </p> <p>Urges the United States to support efforts to collect and analyze documentation related to ongoing violations of human rights in Syria that can be used to support future prosecutions for war crimes and crimes against humanity committed by the government of Syria, its allies, and other parties to the conflict.</p> <p>Urges: (1) the President to direct the U.S. representative to the United Nations to promote the establishment of a Syrian war crimes tribunal; and (2) other nations to apprehend and deliver into tribunal custody any persons indicted for war crimes, crimes against humanity, or genocide in Syria.</p>]]></text>
        </item>
        <item>
          <actionDesc>Passed House amended</actionDesc>
          <name>Passed House amended</name>
          <actionDate>2016-03-14</actionDate>
          <lastSummaryUpdateDate>2016-03-21T15:38:29Z</lastSummaryUpdateDate>
          <updateDate>2016-03-14T13:39:44Z</updateDate>
          <versionCode>36</versionCode>
          <text><![CDATA[<p>Condemns the use of unlawful violence against civilian populations by the government of Syria, its allies, and other parties to the conflict, and urges the United States and its partners to work toward the cessation of such attacks. </p> <p>Urges the Administration to establish additional mechanisms for the protection of civilians and to ensure access to humanitarian aid for vulnerable populations. </p> <p>Urges the United States to support efforts to collect and analyze documentation related to ongoing violations of human rights in Syria that can be used to support future prosecutions for war crimes and crimes against humanity committed by the government of Syria, its allies, and other parties to the conflict.</p> <p>Urges: (1) the President to direct the U.S. representative to the United Nations to promote the establishment of a Syrian war crimes tribunal; and (2) other nations to apprehend and deliver into tribunal custody any persons indicted for war crimes, crimes against humanity, or genocide in Syria.</p>]]></text>
        </item>
      </billSummaries>
    </summaries>
    <billType>HCONRES</billType>
    <committeeReports />
    <originChamber>House</originChamber>
    <notes />
    <policyArea>
      <name>International Affairs</name>
    </policyArea>
    <title>Expressing the sense of the Congress condemning the gross violations of international law amounting to war crimes and crimes against humanity by the Government of Syria, its allies, and other parties to the conflict in Syria, and asking the President to direct his Ambassador at the United Nations to promote the establishment of a war crimes tribunal where these crimes could be addressed.</title>
    <createDate>2016-03-02T04:48:58Z</createDate>
    <sponsors>
      <item>
        <lastName>SMITH</lastName>
        <identifiers>
          <bioguideId>S000522</bioguideId>
          <gpoId>8046</gpoId>
          <lisID>1071</lisID>
        </identifiers>
        <byRequestType />
        <middleName>H.</middleName>
        <state>NJ</state>
        <firstName>CHRISTOPHER</firstName>
        <party>R</party>
        <fullName>Rep. Smith, Christopher H. [R-NJ-4]</fullName>
        <district>4</district>
        <bioguideId>S000522</bioguideId>
      </item>
    </sponsors>
    <committees>
      <billCommittees>
        <item>
          <chamber>Senate</chamber>
          <systemCode>ssfr00</systemCode>
          <type>Standing</type>
          <name>Foreign Relations Committee</name>
          <activities>
            <item>
              <name>Referred to</name>
              <date>2016-03-15T18:26:15Z</date>
            </item>
          </activities>
          <subcommittees />
        </item>
        <item>
          <chamber>House</chamber>
          <systemCode>hsfa00</systemCode>
          <type>Standing</type>
          <name>Foreign Affairs Committee</name>
          <activities>
            <item>
              <name>Markup by</name>
              <date>2016-03-02T18:16:31Z</date>
            </item>
            <item>
              <name>Referred to</name>
              <date>2016-03-01T15:01:30Z</date>
            </item>
          </activities>
          <subcommittees />
        </item>
      </billCommittees>
    </committees>
    <titles>
      <item>
        <chamberCode />
        <chamberName />
        <parentTitleType />
        <titleType>Official Title as Introduced</titleType>
        <title>Expressing the sense of the Congress condemning the gross violations of international law amounting to war crimes and crimes against humanity by the Government of Syria, its allies, and other parties to the conflict in Syria, and asking the President to direct his Ambassador at the United Nations to promote the establishment of a war crimes tribunal where these crimes could be addressed.</title>
      </item>
      <item>
        <chamberCode />
        <chamberName />
        <parentTitleType />
        <titleType>Display Title</titleType>
        <title>Expressing the sense of the Congress condemning the gross violations of international law amounting to war crimes and crimes against humanity by the Government of Syria, its allies, and other parties to the conflict in Syria, and asking the President to direct his Ambassador at the United Nations to promote the establishment of a war crimes tribunal where these crimes could be addressed.</title>
      </item>
    </titles>
    <recordedVotes>
      <recordedVote>
        <congress>114</congress>
        <chamber>House</chamber>
        <rollNumber>113</rollNumber>
        <fullActionName>Final Passage Under Suspension of the Rules Results</fullActionName>
        <url>http://clerk.house.gov/evs/2016/roll113.xml</url>
        <date>2016-03-14T23:02:11Z</date>
        <sessionNumber>2</sessionNumber>
      </recordedVote>
    </recordedVotes>
    <cboCostEstimates />
    <laws />
    <latestAction>
      <links />
      <text>Received in the Senate and referred to the Committee on Foreign Relations.</text>
      <actionDate>2016-03-15</actionDate>
    </latestAction>
    <calendarNumbers />
    <introducedDate>2016-03-01</introducedDate>
    <amendments />
  </bill>
  <dublinCore xmlns:dc="http://purl.org/dc/elements/1.1/">
    <dc:format>text/xml</dc:format>
    <dc:language>EN</dc:language>
    <dc:rights>Pursuant to Title 17 Section 105 of the United States Code, this file is not subject to copyright protection and is in the public domain.</dc:rights>
    <dc:contributor>Congressional Research Service, Library of Congress</dc:contributor>
    <dc:description>This file contains bill summaries and statuses for federal legislation. A bill summary describes the most significant provisions of a piece of legislation and details the effects the legislative text may have on current law and federal programs. Bill summaries are authored by the Congressional Research Service (CRS) of the Library of Congress. As stated in Public Law 91-510 (2 USC 166 (d)(6)), one of the duties of CRS is "to prepare summaries and digests of bills and resolutions of a public general nature introduced in the Senate or House of Representatives". For more information, refer to the User Guide that accompanies this file.</dc:description>
  </dublinCore>
</billStatus>

