<?xml version="1.0" encoding="UTF-8"?>
<billStatus>
  <bill>
    <congress>114</congress>
    <billNumber>134</billNumber>
    <cosponsors>
      <item>
        <sponsorshipWithdrawnDate />
        <lastName>HINOJOSA</lastName>
        <state>TX</state>
        <middleName />
        <sponsorshipDate>2016-05-26</sponsorshipDate>
        <identifiers>
          <gpoId>8171</gpoId>
          <bioguideId>H000636</bioguideId>
          <lisID>1490</lisID>
        </identifiers>
        <isOriginalCosponsor>True</isOriginalCosponsor>
        <party>D</party>
        <bioguideId>H000636</bioguideId>
        <firstName>RUBEN</firstName>
        <fullName>Rep. Hinojosa, Ruben [D-TX-15]</fullName>
        <district>15</district>
      </item>
      <item>
        <sponsorshipWithdrawnDate />
        <lastName>Chu</lastName>
        <state>CA</state>
        <middleName />
        <sponsorshipDate>2016-05-26</sponsorshipDate>
        <identifiers>
          <gpoId>7837</gpoId>
          <bioguideId>C001080</bioguideId>
          <lisID>1970</lisID>
        </identifiers>
        <isOriginalCosponsor>True</isOriginalCosponsor>
        <party>D</party>
        <bioguideId>C001080</bioguideId>
        <firstName>Judy</firstName>
        <fullName>Rep. Chu, Judy [D-CA-27]</fullName>
        <district>27</district>
      </item>
      <item>
        <sponsorshipWithdrawnDate />
        <lastName>HONDA</lastName>
        <state>CA</state>
        <middleName>M.</middleName>
        <sponsorshipDate>2016-05-26</sponsorshipDate>
        <identifiers>
          <lisID>1634</lisID>
          <gpoId>7820</gpoId>
          <bioguideId>H001034</bioguideId>
        </identifiers>
        <isOriginalCosponsor>True</isOriginalCosponsor>
        <party>D</party>
        <bioguideId>H001034</bioguideId>
        <firstName>MICHAEL</firstName>
        <fullName>Rep. Honda, Michael M. [D-CA-17]</fullName>
        <district>17</district>
      </item>
      <item>
        <sponsorshipWithdrawnDate />
        <lastName>Grijalva</lastName>
        <state>AZ</state>
        <middleName>M.</middleName>
        <sponsorshipDate>2016-05-26</sponsorshipDate>
        <identifiers>
          <lisID>1708</lisID>
          <gpoId>7804</gpoId>
          <bioguideId>G000551</bioguideId>
        </identifiers>
        <isOriginalCosponsor>True</isOriginalCosponsor>
        <party>D</party>
        <bioguideId>G000551</bioguideId>
        <firstName>Raul</firstName>
        <fullName>Rep. Grijalva, Raul M. [D-AZ-3]</fullName>
        <district>3</district>
      </item>
      <item>
        <sponsorshipWithdrawnDate />
        <lastName>Butterfield</lastName>
        <state>NC</state>
        <middleName />
        <sponsorshipDate>2016-05-26</sponsorshipDate>
        <identifiers>
          <lisID>1761</lisID>
          <gpoId>8024</gpoId>
          <bioguideId>B001251</bioguideId>
        </identifiers>
        <isOriginalCosponsor>True</isOriginalCosponsor>
        <party>D</party>
        <bioguideId>B001251</bioguideId>
        <firstName>G. K.</firstName>
        <fullName>Rep. Butterfield, G. K. [D-NC-1]</fullName>
        <district>1</district>
      </item>
    </cosponsors>
    <subjects>
      <billSubjects>
        <legislativeSubjects>
          <item>
            <name>Education programs funding</name>
          </item>
          <item>
            <name>Elementary and secondary education</name>
          </item>
          <item>
            <name>General science and technology matters</name>
          </item>
          <item>
            <name>Higher education</name>
          </item>
          <item>
            <name>Minority education</name>
          </item>
          <item>
            <name>Minority employment</name>
          </item>
          <item>
            <name>Science and engineering education</name>
          </item>
        </legislativeSubjects>
        <policyArea>
          <name>Education</name>
        </policyArea>
      </billSubjects>
    </subjects>
    <relatedBills />
    <constitutionalAuthorityStatementText />
    <updateDate>2017-01-11T14:29:22Z</updateDate>
    <actions>
      <item>
        <links />
        <type>IntroReferral</type>
        <actionCode>H11100</actionCode>
        <committee>
          <systemCode>hsed00</systemCode>
          <name>Education and the Workforce Committee</name>
        </committee>
        <text>Referred to the House Committee on Education and the Workforce.</text>
        <sourceSystem>
          <code>2</code>
          <name>House floor actions</name>
        </sourceSystem>
        <actionDate>2016-05-26</actionDate>
      </item>
      <item>
        <links />
        <type>IntroReferral</type>
        <actionCode>Intro-H</actionCode>
        <committee />
        <text>Introduced in House</text>
        <sourceSystem>
          <code>9</code>
          <name>Library of Congress</name>
        </sourceSystem>
        <actionDate>2016-05-26</actionDate>
      </item>
      <item>
        <links />
        <type>IntroReferral</type>
        <actionCode>1000</actionCode>
        <committee />
        <text>Introduced in House</text>
        <sourceSystem>
          <code>9</code>
          <name>Library of Congress</name>
        </sourceSystem>
        <actionDate>2016-05-26</actionDate>
      </item>
      <actionByCounts>
        <houseOfRepresentatives>3</houseOfRepresentatives>
      </actionByCounts>
      <actionTypeCounts>
        <billReferrals>1</billReferrals>
        <introducedInHouse>1</introducedInHouse>
        <introducedInTheHouse>1</introducedInTheHouse>
      </actionTypeCounts>
    </actions>
    <summaries>
      <billSummaries>
        <item>
          <actionDesc>Introduced in House</actionDesc>
          <name>Introduced in House</name>
          <actionDate>2016-05-26</actionDate>
          <lastSummaryUpdateDate>2016-06-01T20:58:01Z</lastSummaryUpdateDate>
          <updateDate>2016-05-26T04:00:00Z</updateDate>
          <versionCode>00</versionCode>
          <text><![CDATA[<p>Declares that Congress supports efforts to:</p> <ul> <li>increase diversity and inclusion in the technology sector;</li> <li>eliminate barriers faced by people of color and other underrepresented groups when breaking into the technology sector;</li> <li>ensure all students have access to science, technology, engineering, arts, and mathematics (STEAM) education for a 21st century economy;</li> <li>strengthen investments in and collaborations with minority-serving educational institutions to sustain a pipeline of diverse STEAM graduates ready to enter the technology sector; and</li> <li>improve data collection, disaggregation, and dissemination of information for greater understanding and transparency of diversity in STEAM education and across the workforce. </li> </ul>]]></text>
        </item>
      </billSummaries>
    </summaries>
    <billType>HCONRES</billType>
    <committeeReports />
    <originChamber>House</originChamber>
    <notes />
    <policyArea>
      <name>Education</name>
    </policyArea>
    <title>Expressing the sense of the Congress regarding the need for increased diversity and inclusion in the tech sector, and increased access to opportunity in science, technology, engineering, arts, and mathematics (STEAM) education.</title>
    <createDate>2016-05-27T05:26:18Z</createDate>
    <sponsors>
      <item>
        <lastName>LEE</lastName>
        <identifiers>
          <lisID>1501</lisID>
          <gpoId>7814</gpoId>
          <bioguideId>L000551</bioguideId>
        </identifiers>
        <byRequestType />
        <middleName />
        <state>CA</state>
        <firstName>BARBARA</firstName>
        <party>D</party>
        <fullName>Rep. Lee, Barbara [D-CA-13]</fullName>
        <district>13</district>
        <bioguideId>L000551</bioguideId>
      </item>
    </sponsors>
    <committees>
      <billCommittees>
        <item>
          <chamber>House</chamber>
          <type>Standing</type>
          <name>Education and the Workforce Committee</name>
          <activities>
            <item>
              <name>Referred to</name>
              <date>2016-05-26T13:05:50Z</date>
            </item>
          </activities>
          <subcommittees />
          <systemCode>hsed00</systemCode>
        </item>
      </billCommittees>
    </committees>
    <titles>
      <item>
        <title>Expressing the sense of the Congress regarding the need for increased diversity and inclusion in the tech sector, and increased access to opportunity in science, technology, engineering, arts, and mathematics (STEAM) education.</title>
        <chamberCode />
        <parentTitleType />
        <chamberName />
        <titleType>Official Title as Introduced</titleType>
      </item>
      <item>
        <title>Expressing the sense of the Congress regarding the need for increased diversity and inclusion in the tech sector, and increased access to opportunity in science, technology, engineering, arts, and mathematics (STEAM) education.</title>
        <chamberCode />
        <parentTitleType />
        <chamberName />
        <titleType>Display Title</titleType>
      </item>
    </titles>
    <recordedVotes />
    <cboCostEstimates />
    <laws />
    <latestAction>
      <links />
      <text>Referred to the House Committee on Education and the Workforce.</text>
      <actionDate>2016-05-26</actionDate>
    </latestAction>
    <calendarNumbers />
    <introducedDate>2016-05-26</introducedDate>
    <amendments />
  </bill>
  <dublinCore xmlns:dc="http://purl.org/dc/elements/1.1/">
    <dc:format>text/xml</dc:format>
    <dc:language>EN</dc:language>
    <dc:rights>Pursuant to Title 17 Section 105 of the United States Code, this file is not subject to copyright protection and is in the public domain.</dc:rights>
    <dc:contributor>Congressional Research Service, Library of Congress</dc:contributor>
    <dc:description>This file contains bill summaries and statuses for federal legislation. A bill summary describes the most significant provisions of a piece of legislation and details the effects the legislative text may have on current law and federal programs. Bill summaries are authored by the Congressional Research Service (CRS) of the Library of Congress. As stated in Public Law 91-510 (2 USC 166 (d)(6)), one of the duties of CRS is "to prepare summaries and digests of bills and resolutions of a public general nature introduced in the Senate or House of Representatives". For more information, refer to the User Guide that accompanies this file.</dc:description>
  </dublinCore>
</billStatus>

