<?xml version="1.0" encoding="UTF-8"?>
<billStatus>
  <bill>
    <policyArea>
      <name>Foreign Trade and International Finance</name>
    </policyArea>
    <billType>HRES</billType>
    <latestAction>
      <links />
      <actionDate>2017-04-07</actionDate>
      <text>Referred to the Subcommittee on Trade.</text>
    </latestAction>
    <createDate>2017-04-07T03:11:46Z</createDate>
    <notes />
    <actions>
      <item>
        <actionDate>2017-04-07</actionDate>
        <committee>
          <systemCode>hswm04</systemCode>
          <name>Trade Subcommittee</name>
        </committee>
        <links />
        <sourceSystem>
          <code>1</code>
          <name>House committee actions</name>
        </sourceSystem>
        <text>Referred to the Subcommittee on Trade.</text>
        <type>Committee</type>
      </item>
      <item>
        <actionDate>2017-04-06</actionDate>
        <actionCode>H11100</actionCode>
        <text>Referred to the House Committee on Ways and Means.</text>
        <committee>
          <systemCode>hswm00</systemCode>
          <name>Ways and Means Committee</name>
        </committee>
        <links />
        <type>IntroReferral</type>
        <sourceSystem>
          <code>2</code>
          <name>House floor actions</name>
        </sourceSystem>
      </item>
      <item>
        <actionDate>2017-04-06</actionDate>
        <actionCode>Intro-H</actionCode>
        <text>Introduced in House</text>
        <committee />
        <links />
        <type>IntroReferral</type>
        <sourceSystem>
          <code>9</code>
          <name>Library of Congress</name>
        </sourceSystem>
      </item>
      <item>
        <actionDate>2017-04-06</actionDate>
        <actionCode>1000</actionCode>
        <text>Introduced in House</text>
        <committee />
        <links />
        <type>IntroReferral</type>
        <sourceSystem>
          <code>9</code>
          <name>Library of Congress</name>
        </sourceSystem>
      </item>
      <actionTypeCounts>
        <placeholderTextForH>1</placeholderTextForH>
        <billReferrals>1</billReferrals>
        <introducedInHouse>1</introducedInHouse>
        <introducedInTheHouse>1</introducedInTheHouse>
      </actionTypeCounts>
      <actionByCounts>
        <houseOfRepresentatives>4</houseOfRepresentatives>
      </actionByCounts>
    </actions>
    <calendarNumbers />
    <congress>115</congress>
    <subjects>
      <billSubjects>
        <legislativeSubjects>
          <item>
            <name>Asia</name>
          </item>
          <item>
            <name>Taiwan</name>
          </item>
          <item>
            <name>Trade agreements and negotiations</name>
          </item>
        </legislativeSubjects>
        <policyArea>
          <name>Foreign Trade and International Finance</name>
        </policyArea>
      </billSubjects>
    </subjects>
    <billNumber>271</billNumber>
    <title>Expressing the sense of the House of Representatives that the United States Trade Representative should commence negotiations to enter into a bilateral trade agreement with Taiwan.</title>
    <constitutionalAuthorityStatementText />
    <committees>
      <billCommittees>
        <item>
          <chamber>House</chamber>
          <systemCode>hswm00</systemCode>
          <subcommittees>
            <item>
              <systemCode>hswm04</systemCode>
              <name>Trade Subcommittee</name>
              <activities>
                <item>
                  <name>Referred to</name>
                  <date>2017-04-07T16:20:13Z</date>
                </item>
              </activities>
            </item>
          </subcommittees>
          <type>Standing</type>
          <name>Ways and Means Committee</name>
          <activities>
            <item>
              <name>Referred to</name>
              <date>2017-04-06T13:08:30Z</date>
            </item>
          </activities>
        </item>
      </billCommittees>
    </committees>
    <cboCostEstimates />
    <version>1.0.0</version>
    <cosponsors>
      <item>
        <middleName />
        <identifiers>
          <bioguideId>R000487</bioguideId>
          <gpoId>7845</gpoId>
          <lisID>998</lisID>
        </identifiers>
        <firstName>ED</firstName>
        <state>CA</state>
        <bioguideId>R000487</bioguideId>
        <district>39</district>
        <fullName>Rep. Royce, Edward R. [R-CA-39]</fullName>
        <isOriginalCosponsor>True</isOriginalCosponsor>
        <party>R</party>
        <sponsorshipWithdrawnDate />
        <lastName>ROYCE</lastName>
        <sponsorshipDate>2017-04-06</sponsorshipDate>
      </item>
      <item>
        <middleName />
        <identifiers>
          <lisID>985</lisID>
          <bioguideId>R000435</bioguideId>
          <gpoId>7890</gpoId>
        </identifiers>
        <firstName>ILEANA</firstName>
        <state>FL</state>
        <bioguideId>R000435</bioguideId>
        <district>27</district>
        <fullName>Rep. Ros-Lehtinen, Ileana [R-FL-27]</fullName>
        <isOriginalCosponsor>True</isOriginalCosponsor>
        <party>R</party>
        <sponsorshipWithdrawnDate />
        <lastName>ROS-LEHTINEN</lastName>
        <sponsorshipDate>2017-04-06</sponsorshipDate>
      </item>
      <item>
        <middleName />
        <identifiers>
          <lisID>1717</lisID>
          <gpoId>7893</gpoId>
          <bioguideId>D000600</bioguideId>
        </identifiers>
        <firstName>Mario</firstName>
        <state>FL</state>
        <bioguideId>D000600</bioguideId>
        <district>25</district>
        <fullName>Rep. Diaz-Balart, Mario [R-FL-25]</fullName>
        <isOriginalCosponsor>True</isOriginalCosponsor>
        <party>R</party>
        <sponsorshipWithdrawnDate />
        <lastName>Diaz-Balart</lastName>
        <sponsorshipDate>2017-04-06</sponsorshipDate>
      </item>
      <item>
        <middleName />
        <identifiers>
          <lisID>1933</lisID>
          <bioguideId>H001045</bioguideId>
          <gpoId>8021</gpoId>
        </identifiers>
        <firstName>Gregg</firstName>
        <state>MS</state>
        <bioguideId>H001045</bioguideId>
        <district>3</district>
        <fullName>Rep. Harper, Gregg [R-MS-3]</fullName>
        <isOriginalCosponsor>True</isOriginalCosponsor>
        <party>R</party>
        <sponsorshipWithdrawnDate />
        <lastName>Harper</lastName>
        <sponsorshipDate>2017-04-06</sponsorshipDate>
      </item>
      <item>
        <middleName />
        <identifiers>
          <bioguideId>R000603</bioguideId>
          <lisID>2256</lisID>
          <gpoId />
        </identifiers>
        <firstName>David</firstName>
        <state>NC</state>
        <bioguideId>R000603</bioguideId>
        <district>7</district>
        <fullName>Rep. Rouzer, David [R-NC-7]</fullName>
        <isOriginalCosponsor>False</isOriginalCosponsor>
        <party>R</party>
        <sponsorshipWithdrawnDate />
        <lastName>Rouzer</lastName>
        <sponsorshipDate>2017-06-21</sponsorshipDate>
      </item>
      <item>
        <middleName />
        <identifiers>
          <lisID>2100</lisID>
          <gpoId />
          <bioguideId>L000578</bioguideId>
        </identifiers>
        <firstName>Doug</firstName>
        <state>CA</state>
        <bioguideId>L000578</bioguideId>
        <district>1</district>
        <fullName>Rep. LaMalfa, Doug [R-CA-1]</fullName>
        <isOriginalCosponsor>False</isOriginalCosponsor>
        <party>R</party>
        <sponsorshipWithdrawnDate />
        <lastName>LaMalfa</lastName>
        <sponsorshipDate>2017-06-29</sponsorshipDate>
      </item>
      <item>
        <middleName>M.</middleName>
        <identifiers>
          <gpoId>7881</gpoId>
          <lisID>1838</lisID>
          <bioguideId>B001257</bioguideId>
        </identifiers>
        <firstName>Gus</firstName>
        <state>FL</state>
        <bioguideId>B001257</bioguideId>
        <district>12</district>
        <fullName>Rep. Bilirakis, Gus M. [R-FL-12]</fullName>
        <isOriginalCosponsor>False</isOriginalCosponsor>
        <party>R</party>
        <sponsorshipWithdrawnDate />
        <lastName>Bilirakis</lastName>
        <sponsorshipDate>2017-07-19</sponsorshipDate>
      </item>
      <item>
        <middleName />
        <identifiers>
          <lisID>1707</lisID>
          <bioguideId>F000448</bioguideId>
          <gpoId>7799</gpoId>
        </identifiers>
        <firstName>Trent</firstName>
        <state>AZ</state>
        <bioguideId>F000448</bioguideId>
        <district>8</district>
        <fullName>Rep. Franks, Trent [R-AZ-8]</fullName>
        <isOriginalCosponsor>False</isOriginalCosponsor>
        <party>R</party>
        <sponsorshipWithdrawnDate />
        <lastName>Franks</lastName>
        <sponsorshipDate>2017-09-27</sponsorshipDate>
      </item>
      <item>
        <middleName>G.</middleName>
        <identifiers>
          <bioguideId>V000129</bioguideId>
          <lisID>2105</lisID>
          <gpoId />
        </identifiers>
        <firstName>David</firstName>
        <state>CA</state>
        <bioguideId>V000129</bioguideId>
        <district>21</district>
        <fullName>Rep. Valadao, David G. [R-CA-21]</fullName>
        <isOriginalCosponsor>False</isOriginalCosponsor>
        <party>R</party>
        <sponsorshipWithdrawnDate />
        <lastName>Valadao</lastName>
        <sponsorshipDate>2017-10-19</sponsorshipDate>
      </item>
      <item>
        <middleName>X.</middleName>
        <identifiers>
          <lisID>2277</lisID>
          <bioguideId>M001195</bioguideId>
          <gpoId />
        </identifiers>
        <firstName>Alexander</firstName>
        <state>WV</state>
        <bioguideId>M001195</bioguideId>
        <district>2</district>
        <fullName>Rep. Mooney, Alexander X. [R-WV-2]</fullName>
        <isOriginalCosponsor>False</isOriginalCosponsor>
        <party>R</party>
        <sponsorshipWithdrawnDate />
        <lastName>Mooney</lastName>
        <sponsorshipDate>2018-01-08</sponsorshipDate>
      </item>
      <item>
        <middleName>E.</middleName>
        <identifiers>
          <gpoId>8202</gpoId>
          <lisID>1959</lisID>
          <bioguideId>C001078</bioguideId>
        </identifiers>
        <firstName>Gerald</firstName>
        <state>VA</state>
        <bioguideId>C001078</bioguideId>
        <district>11</district>
        <fullName>Rep. Connolly, Gerald E. [D-VA-11]</fullName>
        <isOriginalCosponsor>False</isOriginalCosponsor>
        <party>D</party>
        <sponsorshipWithdrawnDate />
        <lastName>Connolly</lastName>
        <sponsorshipDate>2018-01-19</sponsorshipDate>
      </item>
    </cosponsors>
    <updateDate>2018-08-28T19:54:31Z</updateDate>
    <laws />
    <originChamber>House</originChamber>
    <introducedDate>2017-04-06</introducedDate>
    <sponsors>
      <item>
        <middleName>S.</middleName>
        <bioguideId>Y000065</bioguideId>
        <identifiers>
          <bioguideId>Y000065</bioguideId>
          <lisID>2115</lisID>
          <gpoId />
        </identifiers>
        <fullName>Rep. Yoho, Ted S. [R-FL-3]</fullName>
        <byRequestType />
        <party>R</party>
        <firstName>Ted</firstName>
        <state>FL</state>
        <lastName>Yoho</lastName>
        <district>3</district>
      </item>
    </sponsors>
    <relatedBills />
    <committeeReports />
    <titles>
      <item>
        <chamberCode />
        <titleType>Official Title as Introduced</titleType>
        <parentTitleType />
        <chamberName />
        <title>Expressing the sense of the House of Representatives that the United States Trade Representative should commence negotiations to enter into a bilateral trade agreement with Taiwan.</title>
      </item>
      <item>
        <chamberCode />
        <titleType>Display Title</titleType>
        <parentTitleType />
        <chamberName />
        <title>Expressing the sense of the House of Representatives that the United States Trade Representative should commence negotiations to enter into a bilateral trade agreement with Taiwan.</title>
      </item>
    </titles>
    <recordedVotes />
    <summaries>
      <billSummaries>
        <item>
          <updateDate>2017-04-06T04:00:00Z</updateDate>
          <actionDate>2017-04-06</actionDate>
          <lastSummaryUpdateDate>2017-05-05T20:22:36Z</lastSummaryUpdateDate>
          <text><![CDATA[<p>Encourages the United States Trade Representative to commence negotiations to enter into a bilateral trade agreement with Taiwan.</p>]]></text>
          <actionDesc>Introduced in House</actionDesc>
          <versionCode>00</versionCode>
          <name>Introduced in House</name>
        </item>
      </billSummaries>
    </summaries>
    <amendments />
  </bill>
  <dublinCore xmlns:dc="http://purl.org/dc/elements/1.1/">
    <dc:format>text/xml</dc:format>
    <dc:language>EN</dc:language>
    <dc:rights>Pursuant to Title 17 Section 105 of the United States Code, this file is not subject to copyright protection and is in the public domain.</dc:rights>
    <dc:contributor>Congressional Research Service, Library of Congress</dc:contributor>
    <dc:description>This file contains bill summaries and statuses for federal legislation. A bill summary describes the most significant provisions of a piece of legislation and details the effects the legislative text may have on current law and federal programs. Bill summaries are authored by the Congressional Research Service (CRS) of the Library of Congress. As stated in Public Law 91-510 (2 USC 166 (d)(6)), one of the duties of CRS is "to prepare summaries and digests of bills and resolutions of a public general nature introduced in the Senate or House of Representatives". For more information, refer to the User Guide that accompanies this file.</dc:description>
  </dublinCore>
</billStatus>

