<?xml version="1.0" encoding="UTF-8"?>
<billStatus>
  <bill>
    <policyArea>
      <name>Health</name>
    </policyArea>
    <billNumber>345</billNumber>
    <laws />
    <constitutionalAuthorityStatementText />
    <originChamber>House</originChamber>
    <billType>HRES</billType>
    <summaries>
      <billSummaries>
        <item>
          <updateDate>2017-05-19T04:00:00Z</updateDate>
          <actionDate>2017-05-19</actionDate>
          <lastSummaryUpdateDate>2017-06-14T15:30:09Z</lastSummaryUpdateDate>
          <text><![CDATA[<p>Urges the President to take care that the laws are faithfully executed by: (1) ensuring cost sharing reduction payments under the Patient Protection and Affordable Care Act (PPACA) are paid; (2) enforcing PPACA's individual mandate provisions; (3) working with states and insurers to make sure that consumers have options; and (4) providing adequate funding for specified PPACA activities.</p> Discourages the President from using executive actions to undermine PPACA.]]></text>
          <actionDesc>Introduced in House</actionDesc>
          <versionCode>00</versionCode>
          <name>Introduced in House</name>
        </item>
      </billSummaries>
    </summaries>
    <relatedBills />
    <createDate>2017-05-20T03:11:37Z</createDate>
    <sponsors>
      <item>
        <lastName>Cicilline</lastName>
        <party>D</party>
        <middleName>N.</middleName>
        <fullName>Rep. Cicilline, David N. [D-RI-1]</fullName>
        <identifiers>
          <gpoId>8139</gpoId>
          <lisID>2055</lisID>
          <bioguideId>C001084</bioguideId>
        </identifiers>
        <state>RI</state>
        <firstName>David</firstName>
        <byRequestType />
        <district>1</district>
        <bioguideId>C001084</bioguideId>
      </item>
    </sponsors>
    <notes />
    <updateDate>2018-08-28T19:54:46Z</updateDate>
    <committeeReports />
    <actions>
      <item>
        <actionDate>2017-05-26</actionDate>
        <committee>
          <systemCode>hsif14</systemCode>
          <name>Health Subcommittee</name>
        </committee>
        <links />
        <sourceSystem>
          <code>1</code>
          <name>House committee actions</name>
        </sourceSystem>
        <text>Referred to the Subcommittee on Health.</text>
        <type>Committee</type>
      </item>
      <item>
        <actionDate>2017-05-22</actionDate>
        <committee>
          <systemCode>hswm02</systemCode>
          <name>Health Subcommittee</name>
        </committee>
        <links />
        <sourceSystem>
          <code>1</code>
          <name>House committee actions</name>
        </sourceSystem>
        <text>Referred to the Subcommittee on Health.</text>
        <type>Committee</type>
      </item>
      <item>
        <text>Referred to the Committee on Energy and Commerce, and in addition to the Committee on Ways and Means, for a period to be subsequently determined by the Speaker, in each case for consideration of such provisions as fall within the jurisdiction of the committee concerned.</text>
        <type>IntroReferral</type>
        <links />
        <actionDate>2017-05-19</actionDate>
        <sourceSystem>
          <code>2</code>
          <name>House floor actions</name>
        </sourceSystem>
        <committee>
          <systemCode>hswm00</systemCode>
          <name>Ways and Means Committee</name>
        </committee>
        <actionCode>H11100</actionCode>
      </item>
      <item>
        <text>Referred to the Committee on Energy and Commerce, and in addition to the Committee on Ways and Means, for a period to be subsequently determined by the Speaker, in each case for consideration of such provisions as fall within the jurisdiction of the committee concerned.</text>
        <type>IntroReferral</type>
        <links />
        <actionDate>2017-05-19</actionDate>
        <sourceSystem>
          <code>9</code>
          <name>Library of Congress</name>
        </sourceSystem>
        <committee />
        <actionCode>H11100-A</actionCode>
      </item>
      <item>
        <text>Referred to the Committee on Energy and Commerce, and in addition to the Committee on Ways and Means, for a period to be subsequently determined by the Speaker, in each case for consideration of such provisions as fall within the jurisdiction of the committee concerned.</text>
        <type>IntroReferral</type>
        <links />
        <actionDate>2017-05-19</actionDate>
        <sourceSystem>
          <code>2</code>
          <name>House floor actions</name>
        </sourceSystem>
        <committee>
          <systemCode>hsif00</systemCode>
          <name>Energy and Commerce Committee</name>
        </committee>
        <actionCode>H11100</actionCode>
      </item>
      <item>
        <text>Introduced in House</text>
        <type>IntroReferral</type>
        <links />
        <actionDate>2017-05-19</actionDate>
        <sourceSystem>
          <code>9</code>
          <name>Library of Congress</name>
        </sourceSystem>
        <committee />
        <actionCode>Intro-H</actionCode>
      </item>
      <item>
        <text>Introduced in House</text>
        <type>IntroReferral</type>
        <links />
        <actionDate>2017-05-19</actionDate>
        <sourceSystem>
          <code>9</code>
          <name>Library of Congress</name>
        </sourceSystem>
        <committee />
        <actionCode>1000</actionCode>
      </item>
      <actionByCounts>
        <houseOfRepresentatives>7</houseOfRepresentatives>
      </actionByCounts>
      <actionTypeCounts>
        <billReferralsAggregate>1</billReferralsAggregate>
        <billReferrals>2</billReferrals>
        <introducedInTheHouse>1</introducedInTheHouse>
        <placeholderTextForH>2</placeholderTextForH>
        <introducedInHouse>1</introducedInHouse>
      </actionTypeCounts>
    </actions>
    <title>Urging the President to faithfully carry out the Affordable Care Act.</title>
    <cosponsors>
      <item>
        <sponsorshipDate>2017-05-19</sponsorshipDate>
        <party>D</party>
        <fullName>Rep. Pallone, Frank, Jr. [D-NJ-6]</fullName>
        <identifiers>
          <lisID>887</lisID>
          <gpoId>8048</gpoId>
          <bioguideId>P000034</bioguideId>
        </identifiers>
        <lastName>PALLONE</lastName>
        <firstName>FRANK</firstName>
        <isOriginalCosponsor>True</isOriginalCosponsor>
        <middleName />
        <sponsorshipWithdrawnDate />
        <state>NJ</state>
        <district>6</district>
        <bioguideId>P000034</bioguideId>
      </item>
      <item>
        <sponsorshipDate>2017-05-19</sponsorshipDate>
        <party>D</party>
        <fullName>Rep. Neal, Richard E. [D-MA-1]</fullName>
        <identifiers>
          <bioguideId>N000015</bioguideId>
          <lisID>854</lisID>
          <gpoId>7967</gpoId>
        </identifiers>
        <lastName>NEAL</lastName>
        <firstName>RICHARD</firstName>
        <isOriginalCosponsor>True</isOriginalCosponsor>
        <middleName>E.</middleName>
        <sponsorshipWithdrawnDate />
        <state>MA</state>
        <district>1</district>
        <bioguideId>N000015</bioguideId>
      </item>
      <item>
        <sponsorshipDate>2017-05-19</sponsorshipDate>
        <party>D</party>
        <fullName>Rep. Scott, Robert C. "Bobby" [D-VA-3]</fullName>
        <identifiers>
          <lisID>1037</lisID>
          <gpoId>8194</gpoId>
          <bioguideId>S000185</bioguideId>
        </identifiers>
        <lastName>Scott</lastName>
        <firstName>Robert</firstName>
        <isOriginalCosponsor>True</isOriginalCosponsor>
        <middleName>C. "Bobby"</middleName>
        <sponsorshipWithdrawnDate />
        <state>VA</state>
        <district>3</district>
        <bioguideId>S000185</bioguideId>
      </item>
      <item>
        <sponsorshipDate>2017-05-19</sponsorshipDate>
        <party>D</party>
        <fullName>Rep. Yarmuth, John A. [D-KY-3]</fullName>
        <identifiers>
          <bioguideId>Y000062</bioguideId>
          <lisID>1853</lisID>
          <gpoId>7955</gpoId>
        </identifiers>
        <lastName>Yarmuth</lastName>
        <firstName>John</firstName>
        <isOriginalCosponsor>True</isOriginalCosponsor>
        <middleName>A.</middleName>
        <sponsorshipWithdrawnDate />
        <state>KY</state>
        <district>3</district>
        <bioguideId>Y000062</bioguideId>
      </item>
      <item>
        <sponsorshipDate>2017-07-11</sponsorshipDate>
        <party>D</party>
        <fullName>Rep. Huffman, Jared [D-CA-2]</fullName>
        <identifiers>
          <bioguideId>H001068</bioguideId>
          <lisID>2101</lisID>
          <gpoId />
        </identifiers>
        <lastName>Huffman</lastName>
        <firstName>Jared</firstName>
        <isOriginalCosponsor>False</isOriginalCosponsor>
        <middleName />
        <sponsorshipWithdrawnDate />
        <state>CA</state>
        <district>2</district>
        <bioguideId>H001068</bioguideId>
      </item>
      <item>
        <sponsorshipDate>2017-07-11</sponsorshipDate>
        <party>D</party>
        <fullName>Rep. Scott, David [D-GA-13]</fullName>
        <identifiers>
          <gpoId>7910</gpoId>
          <lisID>1722</lisID>
          <bioguideId>S001157</bioguideId>
        </identifiers>
        <lastName>Scott</lastName>
        <firstName>David</firstName>
        <isOriginalCosponsor>False</isOriginalCosponsor>
        <middleName />
        <sponsorshipWithdrawnDate />
        <state>GA</state>
        <district>13</district>
        <bioguideId>S001157</bioguideId>
      </item>
      <item>
        <sponsorshipDate>2017-07-11</sponsorshipDate>
        <party>D</party>
        <fullName>Rep. Cohen, Steve [D-TN-9]</fullName>
        <identifiers>
          <bioguideId>C001068</bioguideId>
          <gpoId>8156</gpoId>
          <lisID>1878</lisID>
        </identifiers>
        <lastName>Cohen</lastName>
        <firstName>Steve</firstName>
        <isOriginalCosponsor>False</isOriginalCosponsor>
        <middleName />
        <sponsorshipWithdrawnDate />
        <state>TN</state>
        <district>9</district>
        <bioguideId>C001068</bioguideId>
      </item>
      <item>
        <sponsorshipDate>2017-07-11</sponsorshipDate>
        <party>D</party>
        <fullName>Rep. Carson, Andre [D-IN-7]</fullName>
        <identifiers>
          <bioguideId>C001072</bioguideId>
          <lisID>1889</lisID>
          <gpoId>7946</gpoId>
        </identifiers>
        <lastName>Carson</lastName>
        <firstName>Andre</firstName>
        <isOriginalCosponsor>False</isOriginalCosponsor>
        <middleName />
        <sponsorshipWithdrawnDate />
        <state>IN</state>
        <district>7</district>
        <bioguideId>C001072</bioguideId>
      </item>
      <item>
        <sponsorshipDate>2017-07-11</sponsorshipDate>
        <party>D</party>
        <fullName>Rep. Rosen, Jacky [D-NV-3]</fullName>
        <identifiers>
          <bioguideId>R000608</bioguideId>
          <gpoId />
          <lisID>2339</lisID>
        </identifiers>
        <lastName>Rosen</lastName>
        <firstName>Jacky</firstName>
        <isOriginalCosponsor>False</isOriginalCosponsor>
        <middleName />
        <sponsorshipWithdrawnDate />
        <state>NV</state>
        <district>3</district>
        <bioguideId>R000608</bioguideId>
      </item>
      <item>
        <sponsorshipDate>2017-07-14</sponsorshipDate>
        <party>D</party>
        <fullName>Rep. Grijalva, Raul M. [D-AZ-3]</fullName>
        <identifiers>
          <bioguideId>G000551</bioguideId>
          <lisID>1708</lisID>
          <gpoId>7804</gpoId>
        </identifiers>
        <lastName>Grijalva</lastName>
        <firstName>Raul</firstName>
        <isOriginalCosponsor>False</isOriginalCosponsor>
        <middleName>M.</middleName>
        <sponsorshipWithdrawnDate />
        <state>AZ</state>
        <district>3</district>
        <bioguideId>G000551</bioguideId>
      </item>
      <item>
        <sponsorshipDate>2017-07-14</sponsorshipDate>
        <party>D</party>
        <fullName>Rep. Garamendi, John [D-CA-3]</fullName>
        <identifiers>
          <lisID>1973</lisID>
          <bioguideId>G000559</bioguideId>
          <gpoId>7815</gpoId>
        </identifiers>
        <lastName>Garamendi</lastName>
        <firstName>John</firstName>
        <isOriginalCosponsor>False</isOriginalCosponsor>
        <middleName />
        <sponsorshipWithdrawnDate />
        <state>CA</state>
        <district>3</district>
        <bioguideId>G000559</bioguideId>
      </item>
      <item>
        <sponsorshipDate>2017-10-26</sponsorshipDate>
        <party>D</party>
        <fullName>Rep. Takano, Mark [D-CA-41]</fullName>
        <identifiers>
          <bioguideId>T000472</bioguideId>
          <gpoId />
          <lisID>2110</lisID>
        </identifiers>
        <lastName>Takano</lastName>
        <firstName>Mark</firstName>
        <isOriginalCosponsor>False</isOriginalCosponsor>
        <middleName />
        <sponsorshipWithdrawnDate />
        <state>CA</state>
        <district>41</district>
        <bioguideId>T000472</bioguideId>
      </item>
    </cosponsors>
    <introducedDate>2017-05-19</introducedDate>
    <recordedVotes />
    <congress>115</congress>
    <amendments />
    <version>1.0.0</version>
    <calendarNumbers />
    <latestAction>
      <actionDate>2017-05-26</actionDate>
      <links />
      <text>Referred to the Subcommittee on Health.</text>
    </latestAction>
    <titles>
      <item>
        <chamberCode />
        <titleType>Official Title as Introduced</titleType>
        <chamberName />
        <title>Urging the President to faithfully carry out the Affordable Care Act.</title>
        <parentTitleType />
      </item>
      <item>
        <chamberCode />
        <titleType>Display Title</titleType>
        <chamberName />
        <title>Urging the President to faithfully carry out the Affordable Care Act.</title>
        <parentTitleType />
      </item>
    </titles>
    <cboCostEstimates />
    <committees>
      <billCommittees>
        <item>
          <activities>
            <item>
              <name>Referred to</name>
              <date>2017-05-19T13:01:35Z</date>
            </item>
          </activities>
          <chamber>House</chamber>
          <systemCode>hsif00</systemCode>
          <name>Energy and Commerce Committee</name>
          <type>Standing</type>
          <subcommittees>
            <item>
              <systemCode>hsif14</systemCode>
              <activities>
                <item>
                  <name>Referred to</name>
                  <date>2017-05-26T15:30:06Z</date>
                </item>
              </activities>
              <name>Health Subcommittee</name>
            </item>
          </subcommittees>
        </item>
        <item>
          <activities>
            <item>
              <name>Referred to</name>
              <date>2017-05-19T13:01:40Z</date>
            </item>
          </activities>
          <chamber>House</chamber>
          <systemCode>hswm00</systemCode>
          <name>Ways and Means Committee</name>
          <type>Standing</type>
          <subcommittees>
            <item>
              <systemCode>hswm02</systemCode>
              <activities>
                <item>
                  <name>Referred to</name>
                  <date>2017-05-22T16:33:31Z</date>
                </item>
              </activities>
              <name>Health Subcommittee</name>
            </item>
          </subcommittees>
        </item>
      </billCommittees>
    </committees>
    <subjects>
      <billSubjects>
        <policyArea>
          <name>Health</name>
        </policyArea>
        <legislativeSubjects>
          <item>
            <name>Government information and archives</name>
          </item>
          <item>
            <name>Health care costs and insurance</name>
          </item>
          <item>
            <name>Health care coverage and access</name>
          </item>
          <item>
            <name>Health programs administration and funding</name>
          </item>
          <item>
            <name>Presidents and presidential powers, Vice Presidents</name>
          </item>
        </legislativeSubjects>
      </billSubjects>
    </subjects>
  </bill>
  <dublinCore xmlns:dc="http://purl.org/dc/elements/1.1/">
    <dc:format>text/xml</dc:format>
    <dc:language>EN</dc:language>
    <dc:rights>Pursuant to Title 17 Section 105 of the United States Code, this file is not subject to copyright protection and is in the public domain.</dc:rights>
    <dc:contributor>Congressional Research Service, Library of Congress</dc:contributor>
    <dc:description>This file contains bill summaries and statuses for federal legislation. A bill summary describes the most significant provisions of a piece of legislation and details the effects the legislative text may have on current law and federal programs. Bill summaries are authored by the Congressional Research Service (CRS) of the Library of Congress. As stated in Public Law 91-510 (2 USC 166 (d)(6)), one of the duties of CRS is "to prepare summaries and digests of bills and resolutions of a public general nature introduced in the Senate or House of Representatives". For more information, refer to the User Guide that accompanies this file.</dc:description>
  </dublinCore>
</billStatus>

