<?xml version="1.0" encoding="UTF-8"?>
<billStatus>
  <bill>
    <committees>
      <billCommittees>
        <item>
          <subcommittees />
          <systemCode>hsed00</systemCode>
          <name>Education and the Workforce Committee</name>
          <activities>
            <item>
              <date>2017-03-01T15:00:31Z</date>
              <name>Referred to</name>
            </item>
          </activities>
          <type>Standing</type>
          <chamber>House</chamber>
        </item>
      </billCommittees>
    </committees>
    <recordedVotes />
    <laws />
    <summaries>
      <billSummaries>
        <item>
          <versionCode>00</versionCode>
          <actionDate>2017-03-01</actionDate>
          <actionDesc>Introduced in House</actionDesc>
          <name>Introduced in House</name>
          <lastSummaryUpdateDate>2017-04-15T15:52:58Z</lastSummaryUpdateDate>
          <text><![CDATA[<p>Supports the designation of National Rosie the Riveter Day.</p> <p>Acknowledges the important role played by women in World War II.</p>]]></text>
          <updateDate>2017-03-01T05:00:00Z</updateDate>
        </item>
      </billSummaries>
    </summaries>
    <calendarNumbers />
    <titles>
      <item>
        <title>Expressing support for designation of March 21, 2017, as "National Rosie the Riveter Day".</title>
        <titleType>Official Title as Introduced</titleType>
        <parentTitleType />
        <chamberCode />
        <chamberName />
      </item>
      <item>
        <title>Expressing support for designation of March 21, 2017, as "National Rosie the Riveter Day".</title>
        <titleType>Display Title</titleType>
        <parentTitleType />
        <chamberCode />
        <chamberName />
      </item>
    </titles>
    <cosponsors>
      <item>
        <fullName>Rep. Speier, Jackie [D-CA-14]</fullName>
        <sponsorshipDate>2017-03-01</sponsorshipDate>
        <lastName>Speier</lastName>
        <state>CA</state>
        <party>D</party>
        <bioguideId>S001175</bioguideId>
        <identifiers>
          <lisID>1890</lisID>
          <gpoId>7817</gpoId>
          <bioguideId>S001175</bioguideId>
        </identifiers>
        <isOriginalCosponsor>True</isOriginalCosponsor>
        <firstName>Jackie</firstName>
        <sponsorshipWithdrawnDate />
        <middleName />
        <district>14</district>
      </item>
      <item>
        <fullName>Rep. Fitzpatrick, Brian K. [R-PA-8]</fullName>
        <sponsorshipDate>2017-03-01</sponsorshipDate>
        <lastName>Fitzpatrick</lastName>
        <state>PA</state>
        <party>R</party>
        <bioguideId>F000466</bioguideId>
        <identifiers>
          <lisID>2345</lisID>
          <bioguideId>F000466</bioguideId>
          <gpoId />
        </identifiers>
        <isOriginalCosponsor>True</isOriginalCosponsor>
        <firstName>Brian</firstName>
        <sponsorshipWithdrawnDate />
        <middleName>K.</middleName>
        <district>8</district>
      </item>
      <item>
        <fullName>Rep. Beatty, Joyce [D-OH-3]</fullName>
        <sponsorshipDate>2017-03-01</sponsorshipDate>
        <lastName>Beatty</lastName>
        <state>OH</state>
        <party>D</party>
        <bioguideId>B001281</bioguideId>
        <identifiers>
          <lisID>2153</lisID>
          <bioguideId>B001281</bioguideId>
          <gpoId />
        </identifiers>
        <isOriginalCosponsor>True</isOriginalCosponsor>
        <firstName>Joyce</firstName>
        <sponsorshipWithdrawnDate />
        <middleName />
        <district>3</district>
      </item>
      <item>
        <fullName>Rep. Brownley, Julia [D-CA-26]</fullName>
        <sponsorshipDate>2017-03-01</sponsorshipDate>
        <lastName>Brownley</lastName>
        <state>CA</state>
        <party>D</party>
        <bioguideId>B001285</bioguideId>
        <identifiers>
          <lisID>2106</lisID>
          <gpoId />
          <bioguideId>B001285</bioguideId>
        </identifiers>
        <isOriginalCosponsor>True</isOriginalCosponsor>
        <firstName>Julia</firstName>
        <sponsorshipWithdrawnDate />
        <middleName />
        <district>26</district>
      </item>
      <item>
        <fullName>Rep. Clark, Katherine M. [D-MA-5]</fullName>
        <sponsorshipDate>2017-03-01</sponsorshipDate>
        <lastName>Clark</lastName>
        <state>MA</state>
        <party>D</party>
        <bioguideId>C001101</bioguideId>
        <identifiers>
          <lisID>2196</lisID>
          <gpoId />
          <bioguideId>C001101</bioguideId>
        </identifiers>
        <isOriginalCosponsor>True</isOriginalCosponsor>
        <firstName>Katherine</firstName>
        <sponsorshipWithdrawnDate />
        <middleName>M.</middleName>
        <district>5</district>
      </item>
      <item>
        <fullName>Rep. Clarke, Yvette D. [D-NY-9]</fullName>
        <sponsorshipDate>2017-03-01</sponsorshipDate>
        <lastName>Clarke</lastName>
        <state>NY</state>
        <party>D</party>
        <bioguideId>C001067</bioguideId>
        <identifiers>
          <lisID>1864</lisID>
          <gpoId>8072</gpoId>
          <bioguideId>C001067</bioguideId>
        </identifiers>
        <isOriginalCosponsor>True</isOriginalCosponsor>
        <firstName>Yvette</firstName>
        <sponsorshipWithdrawnDate />
        <middleName>D.</middleName>
        <district>9</district>
      </item>
      <item>
        <fullName>Rep. Cohen, Steve [D-TN-9]</fullName>
        <sponsorshipDate>2017-03-01</sponsorshipDate>
        <lastName>Cohen</lastName>
        <state>TN</state>
        <party>D</party>
        <bioguideId>C001068</bioguideId>
        <identifiers>
          <bioguideId>C001068</bioguideId>
          <lisID>1878</lisID>
          <gpoId>8156</gpoId>
        </identifiers>
        <isOriginalCosponsor>True</isOriginalCosponsor>
        <firstName>Steve</firstName>
        <sponsorshipWithdrawnDate />
        <middleName />
        <district>9</district>
      </item>
      <item>
        <fullName>Rep. Conyers, John, Jr. [D-MI-13]</fullName>
        <sponsorshipDate>2017-03-01</sponsorshipDate>
        <lastName>CONYERS</lastName>
        <state>MI</state>
        <party>D</party>
        <bioguideId>C000714</bioguideId>
        <identifiers>
          <lisID>229</lisID>
          <gpoId>7999</gpoId>
          <bioguideId>C000714</bioguideId>
        </identifiers>
        <isOriginalCosponsor>True</isOriginalCosponsor>
        <firstName>JOHN</firstName>
        <sponsorshipWithdrawnDate />
        <middleName />
        <district>13</district>
      </item>
      <item>
        <fullName>Rep. Delaney, John K. [D-MD-6]</fullName>
        <sponsorshipDate>2017-03-01</sponsorshipDate>
        <lastName>Delaney</lastName>
        <state>MD</state>
        <party>D</party>
        <bioguideId>D000620</bioguideId>
        <identifiers>
          <lisID>2133</lisID>
          <bioguideId>D000620</bioguideId>
          <gpoId />
        </identifiers>
        <isOriginalCosponsor>True</isOriginalCosponsor>
        <firstName>John</firstName>
        <sponsorshipWithdrawnDate />
        <middleName>K.</middleName>
        <district>6</district>
      </item>
      <item>
        <fullName>Rep. DeSaulnier, Mark [D-CA-11]</fullName>
        <sponsorshipDate>2017-03-01</sponsorshipDate>
        <lastName>DeSaulnier</lastName>
        <state>CA</state>
        <party>D</party>
        <bioguideId>D000623</bioguideId>
        <identifiers>
          <lisID>2227</lisID>
          <bioguideId>D000623</bioguideId>
          <gpoId />
        </identifiers>
        <isOriginalCosponsor>True</isOriginalCosponsor>
        <firstName>Mark</firstName>
        <sponsorshipWithdrawnDate />
        <middleName />
        <district>11</district>
      </item>
      <item>
        <fullName>Rep. Dingell, Debbie [D-MI-12]</fullName>
        <sponsorshipDate>2017-03-01</sponsorshipDate>
        <lastName>Dingell</lastName>
        <state>MI</state>
        <party>D</party>
        <bioguideId>D000624</bioguideId>
        <identifiers>
          <lisID>2251</lisID>
          <gpoId />
          <bioguideId>D000624</bioguideId>
        </identifiers>
        <isOriginalCosponsor>True</isOriginalCosponsor>
        <firstName>Debbie</firstName>
        <sponsorshipWithdrawnDate />
        <middleName />
        <district>12</district>
      </item>
      <item>
        <fullName>Rep. Donovan, Daniel M., Jr. [R-NY-11]</fullName>
        <sponsorshipDate>2017-03-01</sponsorshipDate>
        <lastName>Donovan</lastName>
        <state>NY</state>
        <party>R</party>
        <bioguideId>D000625</bioguideId>
        <identifiers>
          <bioguideId>D000625</bioguideId>
          <lisID>2293</lisID>
          <gpoId />
        </identifiers>
        <isOriginalCosponsor>True</isOriginalCosponsor>
        <firstName>Daniel</firstName>
        <sponsorshipWithdrawnDate />
        <middleName>M.</middleName>
        <district>11</district>
      </item>
      <item>
        <fullName>Rep. Ellison, Keith [D-MN-5]</fullName>
        <sponsorshipDate>2017-03-01</sponsorshipDate>
        <lastName>Ellison</lastName>
        <state>MN</state>
        <party>D</party>
        <bioguideId>E000288</bioguideId>
        <identifiers>
          <lisID>1857</lisID>
          <bioguideId>E000288</bioguideId>
          <gpoId>8005</gpoId>
        </identifiers>
        <isOriginalCosponsor>True</isOriginalCosponsor>
        <firstName>Keith</firstName>
        <sponsorshipWithdrawnDate />
        <middleName />
        <district>5</district>
      </item>
      <item>
        <fullName>Rep. Espaillat, Adriano [D-NY-13]</fullName>
        <sponsorshipDate>2017-03-01</sponsorshipDate>
        <lastName>Espaillat</lastName>
        <state>NY</state>
        <party>D</party>
        <bioguideId>E000297</bioguideId>
        <identifiers>
          <lisID>2342</lisID>
          <gpoId />
          <bioguideId>E000297</bioguideId>
        </identifiers>
        <isOriginalCosponsor>True</isOriginalCosponsor>
        <firstName>Adriano</firstName>
        <sponsorshipWithdrawnDate />
        <middleName />
        <district>13</district>
      </item>
      <item>
        <fullName>Rep. Evans, Dwight [D-PA-2]</fullName>
        <sponsorshipDate>2017-03-01</sponsorshipDate>
        <lastName>Evans</lastName>
        <state>PA</state>
        <party>D</party>
        <bioguideId>E000296</bioguideId>
        <identifiers>
          <lisID>2298</lisID>
          <gpoId />
          <bioguideId>E000296</bioguideId>
        </identifiers>
        <isOriginalCosponsor>True</isOriginalCosponsor>
        <firstName>Dwight</firstName>
        <sponsorshipWithdrawnDate />
        <middleName />
        <district>2</district>
      </item>
      <item>
        <fullName>Rep. Grijalva, Raul M. [D-AZ-3]</fullName>
        <sponsorshipDate>2017-03-01</sponsorshipDate>
        <lastName>Grijalva</lastName>
        <state>AZ</state>
        <party>D</party>
        <bioguideId>G000551</bioguideId>
        <identifiers>
          <bioguideId>G000551</bioguideId>
          <lisID>1708</lisID>
          <gpoId>7804</gpoId>
        </identifiers>
        <isOriginalCosponsor>True</isOriginalCosponsor>
        <firstName>Raul</firstName>
        <sponsorshipWithdrawnDate />
        <middleName>M.</middleName>
        <district>3</district>
      </item>
      <item>
        <fullName>Rep. Guthrie, Brett [R-KY-2]</fullName>
        <sponsorshipDate>2017-03-01</sponsorshipDate>
        <lastName>Guthrie</lastName>
        <state>KY</state>
        <party>R</party>
        <bioguideId>G000558</bioguideId>
        <identifiers>
          <lisID>1922</lisID>
          <gpoId>7954</gpoId>
          <bioguideId>G000558</bioguideId>
        </identifiers>
        <isOriginalCosponsor>True</isOriginalCosponsor>
        <firstName>Brett</firstName>
        <sponsorshipWithdrawnDate />
        <middleName />
        <district>2</district>
      </item>
      <item>
        <fullName>Rep. Himes, James A. [D-CT-4]</fullName>
        <sponsorshipDate>2017-03-01</sponsorshipDate>
        <lastName>Himes</lastName>
        <state>CT</state>
        <party>D</party>
        <bioguideId>H001047</bioguideId>
        <identifiers>
          <lisID>1913</lisID>
          <gpoId>7869</gpoId>
          <bioguideId>H001047</bioguideId>
        </identifiers>
        <isOriginalCosponsor>True</isOriginalCosponsor>
        <firstName>James</firstName>
        <sponsorshipWithdrawnDate />
        <middleName>A.</middleName>
        <district>4</district>
      </item>
      <item>
        <fullName>Rep. Jackson Lee, Sheila [D-TX-18]</fullName>
        <sponsorshipDate>2017-03-01</sponsorshipDate>
        <lastName>JACKSON LEE</lastName>
        <state>TX</state>
        <party>D</party>
        <bioguideId>J000032</bioguideId>
        <identifiers>
          <bioguideId>J000032</bioguideId>
          <lisID>588</lisID>
          <gpoId>8174</gpoId>
        </identifiers>
        <isOriginalCosponsor>True</isOriginalCosponsor>
        <firstName>SHEILA</firstName>
        <sponsorshipWithdrawnDate />
        <middleName />
        <district>18</district>
      </item>
      <item>
        <fullName>Rep. Jayapal, Pramila [D-WA-7]</fullName>
        <sponsorshipDate>2017-03-01</sponsorshipDate>
        <lastName>Jayapal</lastName>
        <state>WA</state>
        <party>D</party>
        <bioguideId>J000298</bioguideId>
        <identifiers>
          <lisID>2354</lisID>
          <bioguideId>J000298</bioguideId>
          <gpoId />
        </identifiers>
        <isOriginalCosponsor>True</isOriginalCosponsor>
        <firstName>Pramila</firstName>
        <sponsorshipWithdrawnDate />
        <middleName />
        <district>7</district>
      </item>
      <item>
        <fullName>Rep. Jenkins, Evan H. [R-WV-3]</fullName>
        <sponsorshipDate>2017-03-01</sponsorshipDate>
        <lastName>Jenkins</lastName>
        <state>WV</state>
        <party>R</party>
        <bioguideId>J000297</bioguideId>
        <identifiers>
          <bioguideId>J000297</bioguideId>
          <lisID>2278</lisID>
          <gpoId />
        </identifiers>
        <isOriginalCosponsor>True</isOriginalCosponsor>
        <firstName>Evan</firstName>
        <sponsorshipWithdrawnDate />
        <middleName>H.</middleName>
        <district>3</district>
      </item>
      <item>
        <fullName>Rep. Jenkins, Lynn [R-KS-2]</fullName>
        <sponsorshipDate>2017-03-01</sponsorshipDate>
        <lastName>Jenkins</lastName>
        <state>KS</state>
        <party>R</party>
        <bioguideId>J000290</bioguideId>
        <identifiers>
          <bioguideId>J000290</bioguideId>
          <gpoId>7950</gpoId>
          <lisID>1921</lisID>
        </identifiers>
        <isOriginalCosponsor>True</isOriginalCosponsor>
        <firstName>Lynn</firstName>
        <sponsorshipWithdrawnDate />
        <middleName />
        <district>2</district>
      </item>
      <item>
        <fullName>Rep. Jones, Walter B., Jr. [R-NC-3]</fullName>
        <sponsorshipDate>2017-03-01</sponsorshipDate>
        <lastName>JONES</lastName>
        <state>NC</state>
        <party>R</party>
        <bioguideId>J000255</bioguideId>
        <identifiers>
          <gpoId>8026</gpoId>
          <lisID>612</lisID>
          <bioguideId>J000255</bioguideId>
        </identifiers>
        <isOriginalCosponsor>True</isOriginalCosponsor>
        <firstName>WALTER</firstName>
        <sponsorshipWithdrawnDate />
        <middleName>B.</middleName>
        <district>3</district>
      </item>
      <item>
        <fullName>Rep. Kaptur, Marcy [D-OH-9]</fullName>
        <sponsorshipDate>2017-03-01</sponsorshipDate>
        <lastName>KAPTUR</lastName>
        <state>OH</state>
        <party>D</party>
        <bioguideId>K000009</bioguideId>
        <identifiers>
          <lisID>616</lisID>
          <bioguideId>K000009</bioguideId>
          <gpoId>8099</gpoId>
        </identifiers>
        <isOriginalCosponsor>True</isOriginalCosponsor>
        <firstName>MARCY</firstName>
        <sponsorshipWithdrawnDate />
        <middleName />
        <district>9</district>
      </item>
      <item>
        <fullName>Rep. Knight, Stephen [R-CA-25]</fullName>
        <sponsorshipDate>2017-03-01</sponsorshipDate>
        <lastName>Knight</lastName>
        <state>CA</state>
        <party>R</party>
        <bioguideId>K000387</bioguideId>
        <identifiers>
          <bioguideId>K000387</bioguideId>
          <gpoId />
          <lisID>2228</lisID>
        </identifiers>
        <isOriginalCosponsor>True</isOriginalCosponsor>
        <firstName>Stephen</firstName>
        <sponsorshipWithdrawnDate />
        <middleName />
        <district>25</district>
      </item>
      <item>
        <fullName>Rep. Kuster, Ann M. [D-NH-2]</fullName>
        <sponsorshipDate>2017-03-01</sponsorshipDate>
        <lastName>Kuster</lastName>
        <state>NH</state>
        <party>D</party>
        <bioguideId>K000382</bioguideId>
        <identifiers>
          <lisID>2145</lisID>
          <bioguideId>K000382</bioguideId>
          <gpoId />
        </identifiers>
        <isOriginalCosponsor>True</isOriginalCosponsor>
        <firstName>Ann</firstName>
        <sponsorshipWithdrawnDate />
        <middleName>M.</middleName>
        <district>2</district>
      </item>
      <item>
        <fullName>Rep. Langevin, James R. [D-RI-2]</fullName>
        <sponsorshipDate>2017-03-01</sponsorshipDate>
        <lastName>LANGEVIN</lastName>
        <state>RI</state>
        <party>D</party>
        <bioguideId>L000559</bioguideId>
        <identifiers>
          <lisID>1668</lisID>
          <gpoId>8140</gpoId>
          <bioguideId>L000559</bioguideId>
        </identifiers>
        <isOriginalCosponsor>True</isOriginalCosponsor>
        <firstName>JAMES</firstName>
        <sponsorshipWithdrawnDate />
        <middleName>R.</middleName>
        <district>2</district>
      </item>
      <item>
        <fullName>Rep. Larson, John B. [D-CT-1]</fullName>
        <sponsorshipDate>2017-03-01</sponsorshipDate>
        <lastName>LARSON</lastName>
        <state>CT</state>
        <party>D</party>
        <bioguideId>L000557</bioguideId>
        <identifiers>
          <gpoId>7866</gpoId>
          <lisID>1583</lisID>
          <bioguideId>L000557</bioguideId>
        </identifiers>
        <isOriginalCosponsor>True</isOriginalCosponsor>
        <firstName>JOHN</firstName>
        <sponsorshipWithdrawnDate />
        <middleName>B.</middleName>
        <district>1</district>
      </item>
      <item>
        <fullName>Rep. Lawrence, Brenda L. [D-MI-14]</fullName>
        <sponsorshipDate>2017-03-01</sponsorshipDate>
        <lastName>Lawrence</lastName>
        <state>MI</state>
        <party>D</party>
        <bioguideId>L000581</bioguideId>
        <identifiers>
          <lisID>2252</lisID>
          <bioguideId>L000581</bioguideId>
          <gpoId />
        </identifiers>
        <isOriginalCosponsor>True</isOriginalCosponsor>
        <firstName>Brenda</firstName>
        <sponsorshipWithdrawnDate />
        <middleName>L.</middleName>
        <district>14</district>
      </item>
      <item>
        <fullName>Rep. Lee, Barbara [D-CA-13]</fullName>
        <sponsorshipDate>2017-03-01</sponsorshipDate>
        <lastName>LEE</lastName>
        <state>CA</state>
        <party>D</party>
        <bioguideId>L000551</bioguideId>
        <identifiers>
          <lisID>1501</lisID>
          <gpoId>7814</gpoId>
          <bioguideId>L000551</bioguideId>
        </identifiers>
        <isOriginalCosponsor>True</isOriginalCosponsor>
        <firstName>BARBARA</firstName>
        <sponsorshipWithdrawnDate />
        <middleName />
        <district>13</district>
      </item>
      <item>
        <fullName>Rep. Lieu, Ted [D-CA-33]</fullName>
        <sponsorshipDate>2017-03-01</sponsorshipDate>
        <lastName>Lieu</lastName>
        <state>CA</state>
        <party>D</party>
        <bioguideId>L000582</bioguideId>
        <identifiers>
          <lisID>2230</lisID>
          <bioguideId>L000582</bioguideId>
          <gpoId />
        </identifiers>
        <isOriginalCosponsor>True</isOriginalCosponsor>
        <firstName>Ted</firstName>
        <sponsorshipWithdrawnDate />
        <middleName />
        <district>33</district>
      </item>
      <item>
        <fullName>Rep. Lowenthal, Alan S. [D-CA-47]</fullName>
        <sponsorshipDate>2017-03-01</sponsorshipDate>
        <lastName>Lowenthal</lastName>
        <state>CA</state>
        <party>D</party>
        <bioguideId>L000579</bioguideId>
        <identifiers>
          <bioguideId>L000579</bioguideId>
          <lisID>2111</lisID>
          <gpoId />
        </identifiers>
        <isOriginalCosponsor>True</isOriginalCosponsor>
        <firstName>Alan</firstName>
        <sponsorshipWithdrawnDate />
        <middleName>S.</middleName>
        <district>47</district>
      </item>
      <item>
        <fullName>Rep. Meng, Grace [D-NY-6]</fullName>
        <sponsorshipDate>2017-03-01</sponsorshipDate>
        <lastName>Meng</lastName>
        <state>NY</state>
        <party>D</party>
        <bioguideId>M001188</bioguideId>
        <identifiers>
          <lisID>2148</lisID>
          <bioguideId>M001188</bioguideId>
          <gpoId />
        </identifiers>
        <isOriginalCosponsor>True</isOriginalCosponsor>
        <firstName>Grace</firstName>
        <sponsorshipWithdrawnDate />
        <middleName />
        <district>6</district>
      </item>
      <item>
        <fullName>Rep. Moore, Gwen [D-WI-4]</fullName>
        <sponsorshipDate>2017-03-01</sponsorshipDate>
        <lastName>Moore</lastName>
        <state>WI</state>
        <party>D</party>
        <bioguideId>M001160</bioguideId>
        <identifiers>
          <lisID>1811</lisID>
          <gpoId>8217</gpoId>
          <bioguideId>M001160</bioguideId>
        </identifiers>
        <isOriginalCosponsor>True</isOriginalCosponsor>
        <firstName>Gwen</firstName>
        <sponsorshipWithdrawnDate />
        <middleName />
        <district>4</district>
      </item>
      <item>
        <fullName>Rep. Norton, Eleanor Holmes [D-DC-At Large]</fullName>
        <sponsorshipDate>2017-03-01</sponsorshipDate>
        <lastName>NORTON</lastName>
        <state>DC</state>
        <party>D</party>
        <bioguideId>N000147</bioguideId>
        <identifiers>
          <gpoId>7871</gpoId>
          <lisID>868</lisID>
          <bioguideId>N000147</bioguideId>
        </identifiers>
        <isOriginalCosponsor>True</isOriginalCosponsor>
        <firstName>ELEANOR</firstName>
        <sponsorshipWithdrawnDate />
        <middleName>HOLMES</middleName>
        <district>0</district>
      </item>
      <item>
        <fullName>Rep. Pallone, Frank, Jr. [D-NJ-6]</fullName>
        <sponsorshipDate>2017-03-01</sponsorshipDate>
        <lastName>PALLONE</lastName>
        <state>NJ</state>
        <party>D</party>
        <bioguideId>P000034</bioguideId>
        <identifiers>
          <lisID>887</lisID>
          <gpoId>8048</gpoId>
          <bioguideId>P000034</bioguideId>
        </identifiers>
        <isOriginalCosponsor>True</isOriginalCosponsor>
        <firstName>FRANK</firstName>
        <sponsorshipWithdrawnDate />
        <middleName />
        <district>6</district>
      </item>
      <item>
        <fullName>Rep. Panetta, Jimmy [D-CA-20]</fullName>
        <sponsorshipDate>2017-03-01</sponsorshipDate>
        <lastName>Panetta</lastName>
        <state>CA</state>
        <party>D</party>
        <bioguideId>P000613</bioguideId>
        <identifiers>
          <bioguideId>P000613</bioguideId>
          <lisID>2309</lisID>
          <gpoId />
        </identifiers>
        <isOriginalCosponsor>True</isOriginalCosponsor>
        <firstName>Jimmy</firstName>
        <sponsorshipWithdrawnDate />
        <middleName />
        <district>20</district>
      </item>
      <item>
        <fullName>Rep. Peters, Scott H. [D-CA-52]</fullName>
        <sponsorshipDate>2017-03-01</sponsorshipDate>
        <lastName>Peters</lastName>
        <state>CA</state>
        <party>D</party>
        <bioguideId>P000608</bioguideId>
        <identifiers>
          <bioguideId>P000608</bioguideId>
          <gpoId />
          <lisID>2113</lisID>
        </identifiers>
        <isOriginalCosponsor>True</isOriginalCosponsor>
        <firstName>Scott</firstName>
        <sponsorshipWithdrawnDate />
        <middleName>H.</middleName>
        <district>52</district>
      </item>
      <item>
        <fullName>Rep. Roybal-Allard, Lucille [D-CA-40]</fullName>
        <sponsorshipDate>2017-03-01</sponsorshipDate>
        <lastName>ROYBAL-ALLARD</lastName>
        <state>CA</state>
        <party>D</party>
        <bioguideId>R000486</bioguideId>
        <identifiers>
          <bioguideId>R000486</bioguideId>
          <gpoId>7839</gpoId>
          <lisID>997</lisID>
        </identifiers>
        <isOriginalCosponsor>True</isOriginalCosponsor>
        <firstName>LUCILLE</firstName>
        <sponsorshipWithdrawnDate />
        <middleName />
        <district>40</district>
      </item>
      <item>
        <fullName>Rep. Rush, Bobby L. [D-IL-1]</fullName>
        <sponsorshipDate>2017-03-01</sponsorshipDate>
        <lastName>RUSH</lastName>
        <state>IL</state>
        <party>D</party>
        <bioguideId>R000515</bioguideId>
        <identifiers>
          <lisID>1003</lisID>
          <bioguideId>R000515</bioguideId>
          <gpoId>7921</gpoId>
        </identifiers>
        <isOriginalCosponsor>True</isOriginalCosponsor>
        <firstName>BOBBY</firstName>
        <sponsorshipWithdrawnDate />
        <middleName>L.</middleName>
        <district>1</district>
      </item>
      <item>
        <fullName>Rep. Ryan, Tim [D-OH-13]</fullName>
        <sponsorshipDate>2017-03-01</sponsorshipDate>
        <lastName>RYAN</lastName>
        <state>OH</state>
        <party>D</party>
        <bioguideId>R000577</bioguideId>
        <identifiers>
          <lisID>1756</lisID>
          <gpoId>8107</gpoId>
          <bioguideId>R000577</bioguideId>
        </identifiers>
        <isOriginalCosponsor>True</isOriginalCosponsor>
        <firstName>TIM</firstName>
        <sponsorshipWithdrawnDate />
        <middleName />
        <district>13</district>
      </item>
      <item>
        <fullName>Rep. Shea-Porter, Carol [D-NH-1]</fullName>
        <sponsorshipDate>2017-03-01</sponsorshipDate>
        <lastName>Shea-Porter</lastName>
        <state>NH</state>
        <party>D</party>
        <bioguideId>S001170</bioguideId>
        <identifiers>
          <lisID>1861</lisID>
          <bioguideId>S001170</bioguideId>
          <gpoId>7528</gpoId>
        </identifiers>
        <isOriginalCosponsor>True</isOriginalCosponsor>
        <firstName>Carol</firstName>
        <sponsorshipWithdrawnDate />
        <middleName />
        <district>1</district>
      </item>
      <item>
        <fullName>Rep. Slaughter, Louise McIntosh [D-NY-25]</fullName>
        <sponsorshipDate>2017-03-01</sponsorshipDate>
        <lastName>SLAUGHTER</lastName>
        <state>NY</state>
        <party>D</party>
        <bioguideId>S000480</bioguideId>
        <identifiers>
          <lisID>1069</lisID>
          <gpoId>8089</gpoId>
          <bioguideId>S000480</bioguideId>
        </identifiers>
        <isOriginalCosponsor>True</isOriginalCosponsor>
        <firstName>LOUISE</firstName>
        <sponsorshipWithdrawnDate />
        <middleName>M.</middleName>
        <district>25</district>
      </item>
      <item>
        <fullName>Rep. Smith, Adam [D-WA-9]</fullName>
        <sponsorshipDate>2017-03-01</sponsorshipDate>
        <lastName>SMITH</lastName>
        <state>WA</state>
        <party>D</party>
        <bioguideId>S000510</bioguideId>
        <identifiers>
          <lisID>1528</lisID>
          <bioguideId>S000510</bioguideId>
          <gpoId>8213</gpoId>
        </identifiers>
        <isOriginalCosponsor>True</isOriginalCosponsor>
        <firstName>ADAM</firstName>
        <sponsorshipWithdrawnDate />
        <middleName />
        <district>9</district>
      </item>
      <item>
        <fullName>Rep. Swalwell, Eric [D-CA-15]</fullName>
        <sponsorshipDate>2017-03-01</sponsorshipDate>
        <lastName>Swalwell</lastName>
        <state>CA</state>
        <party>D</party>
        <bioguideId>S001193</bioguideId>
        <identifiers>
          <lisID>2104</lisID>
          <bioguideId>S001193</bioguideId>
          <gpoId />
        </identifiers>
        <isOriginalCosponsor>True</isOriginalCosponsor>
        <firstName>Eric</firstName>
        <sponsorshipWithdrawnDate />
        <middleName />
        <district>15</district>
      </item>
      <item>
        <fullName>Rep. Takano, Mark [D-CA-41]</fullName>
        <sponsorshipDate>2017-03-01</sponsorshipDate>
        <lastName>Takano</lastName>
        <state>CA</state>
        <party>D</party>
        <bioguideId>T000472</bioguideId>
        <identifiers>
          <lisID>2110</lisID>
          <gpoId />
          <bioguideId>T000472</bioguideId>
        </identifiers>
        <isOriginalCosponsor>True</isOriginalCosponsor>
        <firstName>Mark</firstName>
        <sponsorshipWithdrawnDate />
        <middleName />
        <district>41</district>
      </item>
      <item>
        <fullName>Rep. Titus, Dina [D-NV-1]</fullName>
        <sponsorshipDate>2017-03-01</sponsorshipDate>
        <lastName>Titus</lastName>
        <state>NV</state>
        <party>D</party>
        <bioguideId>T000468</bioguideId>
        <identifiers>
          <lisID>1940</lisID>
          <bioguideId>T000468</bioguideId>
          <gpoId>7493</gpoId>
        </identifiers>
        <isOriginalCosponsor>True</isOriginalCosponsor>
        <firstName>Dina</firstName>
        <sponsorshipWithdrawnDate />
        <middleName />
        <district>1</district>
      </item>
      <item>
        <fullName>Rep. Thompson, Mike [D-CA-5]</fullName>
        <sponsorshipDate>2017-03-01</sponsorshipDate>
        <lastName>THOMPSON</lastName>
        <state>CA</state>
        <party>D</party>
        <bioguideId>T000460</bioguideId>
        <identifiers>
          <gpoId>7806</gpoId>
          <lisID>1593</lisID>
          <bioguideId>T000460</bioguideId>
        </identifiers>
        <isOriginalCosponsor>True</isOriginalCosponsor>
        <firstName>MIKE</firstName>
        <sponsorshipWithdrawnDate />
        <middleName />
        <district>5</district>
      </item>
      <item>
        <fullName>Rep. Torres, Norma J. [D-CA-35]</fullName>
        <sponsorshipDate>2017-03-01</sponsorshipDate>
        <lastName>Torres</lastName>
        <state>CA</state>
        <party>D</party>
        <bioguideId>T000474</bioguideId>
        <identifiers>
          <lisID>2231</lisID>
          <bioguideId>T000474</bioguideId>
          <gpoId />
        </identifiers>
        <isOriginalCosponsor>True</isOriginalCosponsor>
        <firstName>Norma</firstName>
        <sponsorshipWithdrawnDate />
        <middleName>J.</middleName>
        <district>35</district>
      </item>
      <item>
        <fullName>Rep. Vargas, Juan [D-CA-51]</fullName>
        <sponsorshipDate>2017-03-01</sponsorshipDate>
        <lastName>Vargas</lastName>
        <state>CA</state>
        <party>D</party>
        <bioguideId>V000130</bioguideId>
        <identifiers>
          <lisID>2112</lisID>
          <gpoId />
          <bioguideId>V000130</bioguideId>
        </identifiers>
        <isOriginalCosponsor>True</isOriginalCosponsor>
        <firstName>Juan</firstName>
        <sponsorshipWithdrawnDate />
        <middleName />
        <district>51</district>
      </item>
      <item>
        <fullName>Rep. Velazquez, Nydia M. [D-NY-7]</fullName>
        <sponsorshipDate>2017-03-01</sponsorshipDate>
        <lastName>VELAZQUEZ</lastName>
        <state>NY</state>
        <party>D</party>
        <bioguideId>V000081</bioguideId>
        <identifiers>
          <lisID>1184</lisID>
          <gpoId>8073</gpoId>
          <bioguideId>V000081</bioguideId>
        </identifiers>
        <isOriginalCosponsor>True</isOriginalCosponsor>
        <firstName>NYDIA</firstName>
        <sponsorshipWithdrawnDate />
        <middleName>M.</middleName>
        <district>7</district>
      </item>
      <item>
        <fullName>Rep. Walz, Timothy J. [D-MN-1]</fullName>
        <sponsorshipDate>2017-03-01</sponsorshipDate>
        <lastName>Walz</lastName>
        <state>MN</state>
        <party>D</party>
        <bioguideId>W000799</bioguideId>
        <identifiers>
          <bioguideId>W000799</bioguideId>
          <lisID>1856</lisID>
          <gpoId>8001</gpoId>
        </identifiers>
        <isOriginalCosponsor>True</isOriginalCosponsor>
        <firstName>Timothy</firstName>
        <sponsorshipWithdrawnDate />
        <middleName>J.</middleName>
        <district>1</district>
      </item>
      <item>
        <fullName>Rep. Wasserman Schultz, Debbie [D-FL-23]</fullName>
        <sponsorshipDate>2017-03-01</sponsorshipDate>
        <lastName>Wasserman Schultz</lastName>
        <state>FL</state>
        <party>D</party>
        <bioguideId>W000797</bioguideId>
        <identifiers>
          <bioguideId>W000797</bioguideId>
          <lisID>1777</lisID>
          <gpoId>7892</gpoId>
        </identifiers>
        <isOriginalCosponsor>True</isOriginalCosponsor>
        <firstName>Debbie</firstName>
        <sponsorshipWithdrawnDate />
        <middleName />
        <district>23</district>
      </item>
      <item>
        <fullName>Rep. Yarmuth, John A. [D-KY-3]</fullName>
        <sponsorshipDate>2017-03-01</sponsorshipDate>
        <lastName>Yarmuth</lastName>
        <state>KY</state>
        <party>D</party>
        <bioguideId>Y000062</bioguideId>
        <identifiers>
          <lisID>1853</lisID>
          <bioguideId>Y000062</bioguideId>
          <gpoId>7955</gpoId>
        </identifiers>
        <isOriginalCosponsor>True</isOriginalCosponsor>
        <firstName>John</firstName>
        <sponsorshipWithdrawnDate />
        <middleName>A.</middleName>
        <district>3</district>
      </item>
      <item>
        <fullName>Rep. Farenthold, Blake [R-TX-27]</fullName>
        <sponsorshipDate>2017-03-01</sponsorshipDate>
        <lastName>Farenthold</lastName>
        <state>TX</state>
        <party>R</party>
        <bioguideId>F000460</bioguideId>
        <identifiers>
          <bioguideId>F000460</bioguideId>
          <lisID>2067</lisID>
          <gpoId>8183</gpoId>
        </identifiers>
        <isOriginalCosponsor>True</isOriginalCosponsor>
        <firstName>Blake</firstName>
        <sponsorshipWithdrawnDate />
        <middleName />
        <district>27</district>
      </item>
      <item>
        <fullName>Rep. Scott, Robert C. "Bobby" [D-VA-3]</fullName>
        <sponsorshipDate>2017-03-07</sponsorshipDate>
        <lastName>Scott</lastName>
        <state>VA</state>
        <party>D</party>
        <bioguideId>S000185</bioguideId>
        <identifiers>
          <lisID>1037</lisID>
          <bioguideId>S000185</bioguideId>
          <gpoId>8194</gpoId>
        </identifiers>
        <isOriginalCosponsor>False</isOriginalCosponsor>
        <firstName>Robert</firstName>
        <sponsorshipWithdrawnDate />
        <middleName>C. "Bobby"</middleName>
        <district>3</district>
      </item>
      <item>
        <fullName>Rep. Barr, Andy [R-KY-6]</fullName>
        <sponsorshipDate>2017-03-07</sponsorshipDate>
        <lastName>Barr</lastName>
        <state>KY</state>
        <party>R</party>
        <bioguideId>B001282</bioguideId>
        <identifiers>
          <bioguideId>B001282</bioguideId>
          <gpoId />
          <lisID>2131</lisID>
        </identifiers>
        <isOriginalCosponsor>False</isOriginalCosponsor>
        <firstName>Andy</firstName>
        <sponsorshipWithdrawnDate />
        <middleName />
        <district>6</district>
      </item>
      <item>
        <fullName>Rep. Higgins, Brian [D-NY-26]</fullName>
        <sponsorshipDate>2017-03-10</sponsorshipDate>
        <lastName>Higgins</lastName>
        <state>NY</state>
        <party>D</party>
        <bioguideId>H001038</bioguideId>
        <identifiers>
          <gpoId>8088</gpoId>
          <lisID>1794</lisID>
          <bioguideId>H001038</bioguideId>
        </identifiers>
        <isOriginalCosponsor>False</isOriginalCosponsor>
        <firstName>Brian</firstName>
        <sponsorshipWithdrawnDate />
        <middleName />
        <district>26</district>
      </item>
      <item>
        <fullName>Rep. Bost, Mike [R-IL-12]</fullName>
        <sponsorshipDate>2017-03-10</sponsorshipDate>
        <lastName>Bost</lastName>
        <state>IL</state>
        <party>R</party>
        <bioguideId>B001295</bioguideId>
        <identifiers>
          <lisID>2243</lisID>
          <gpoId />
          <bioguideId>B001295</bioguideId>
        </identifiers>
        <isOriginalCosponsor>False</isOriginalCosponsor>
        <firstName>Mike</firstName>
        <sponsorshipWithdrawnDate />
        <middleName />
        <district>12</district>
      </item>
      <item>
        <fullName>Rep. McCollum, Betty [D-MN-4]</fullName>
        <sponsorshipDate>2017-03-13</sponsorshipDate>
        <lastName>MCCOLLUM</lastName>
        <state>MN</state>
        <party>D</party>
        <bioguideId>M001143</bioguideId>
        <identifiers>
          <lisID>1653</lisID>
          <gpoId>8004</gpoId>
          <bioguideId>M001143</bioguideId>
        </identifiers>
        <isOriginalCosponsor>False</isOriginalCosponsor>
        <firstName>BETTY</firstName>
        <sponsorshipWithdrawnDate />
        <middleName />
        <district>4</district>
      </item>
      <item>
        <fullName>Rep. Chu, Judy [D-CA-27]</fullName>
        <sponsorshipDate>2017-03-15</sponsorshipDate>
        <lastName>Chu</lastName>
        <state>CA</state>
        <party>D</party>
        <bioguideId>C001080</bioguideId>
        <identifiers>
          <lisID>1970</lisID>
          <gpoId>7837</gpoId>
          <bioguideId>C001080</bioguideId>
        </identifiers>
        <isOriginalCosponsor>False</isOriginalCosponsor>
        <firstName>Judy</firstName>
        <sponsorshipWithdrawnDate />
        <middleName />
        <district>27</district>
      </item>
      <item>
        <fullName>Rep. Pocan, Mark [D-WI-2]</fullName>
        <sponsorshipDate>2017-03-15</sponsorshipDate>
        <lastName>Pocan</lastName>
        <state>WI</state>
        <party>D</party>
        <bioguideId>P000607</bioguideId>
        <identifiers>
          <lisID>2171</lisID>
          <gpoId />
          <bioguideId>P000607</bioguideId>
        </identifiers>
        <isOriginalCosponsor>False</isOriginalCosponsor>
        <firstName>Mark</firstName>
        <sponsorshipWithdrawnDate />
        <middleName />
        <district>2</district>
      </item>
      <item>
        <fullName>Rep. Levin, Sander M. [D-MI-9]</fullName>
        <sponsorshipDate>2017-03-16</sponsorshipDate>
        <lastName>LEVIN</lastName>
        <state>MI</state>
        <party>D</party>
        <bioguideId>L000263</bioguideId>
        <identifiers>
          <lisID>683</lisID>
          <bioguideId>L000263</bioguideId>
          <gpoId>7997</gpoId>
        </identifiers>
        <isOriginalCosponsor>False</isOriginalCosponsor>
        <firstName>SANDER</firstName>
        <sponsorshipWithdrawnDate />
        <middleName>M.</middleName>
        <district>9</district>
      </item>
      <item>
        <fullName>Rep. Boyle, Brendan F. [D-PA-13]</fullName>
        <sponsorshipDate>2017-03-21</sponsorshipDate>
        <lastName>Boyle</lastName>
        <state>PA</state>
        <party>D</party>
        <bioguideId>B001296</bioguideId>
        <identifiers>
          <bioguideId>B001296</bioguideId>
          <lisID>2267</lisID>
          <gpoId />
        </identifiers>
        <isOriginalCosponsor>False</isOriginalCosponsor>
        <firstName>Brendan</firstName>
        <sponsorshipWithdrawnDate />
        <middleName>F.</middleName>
        <district>13</district>
      </item>
      <item>
        <fullName>Rep. Hanabusa, Colleen [D-HI-1]</fullName>
        <sponsorshipDate>2017-03-21</sponsorshipDate>
        <lastName>Hanabusa</lastName>
        <state>HI</state>
        <party>D</party>
        <bioguideId>H001050</bioguideId>
        <identifiers>
          <lisID>2010</lisID>
          <bioguideId>H001050</bioguideId>
          <gpoId>7912</gpoId>
        </identifiers>
        <isOriginalCosponsor>False</isOriginalCosponsor>
        <firstName>Colleen</firstName>
        <sponsorshipWithdrawnDate />
        <middleName />
        <district>1</district>
      </item>
      <item>
        <fullName>Rep. Ruiz, Raul [D-CA-36]</fullName>
        <sponsorshipDate>2017-04-04</sponsorshipDate>
        <lastName>Ruiz</lastName>
        <state>CA</state>
        <party>D</party>
        <bioguideId>R000599</bioguideId>
        <identifiers>
          <lisID>2109</lisID>
          <gpoId />
          <bioguideId>R000599</bioguideId>
        </identifiers>
        <isOriginalCosponsor>False</isOriginalCosponsor>
        <firstName>Raul</firstName>
        <sponsorshipWithdrawnDate />
        <middleName />
        <district>36</district>
      </item>
    </cosponsors>
    <cboCostEstimates />
    <latestAction>
      <text>Referred to the House Committee on Education and the Workforce.</text>
      <links />
      <actionDate>2017-03-01</actionDate>
    </latestAction>
    <updateDate>2018-08-28T19:54:10Z</updateDate>
    <version>1.0.0</version>
    <constitutionalAuthorityStatementText />
    <policyArea>
      <name>Labor and Employment</name>
    </policyArea>
    <billType>HRES</billType>
    <billNumber>162</billNumber>
    <originChamber>House</originChamber>
    <relatedBills>
      <item>
        <latestAction>
          <text>Resolution agreed to in Senate without amendment and with a preamble by Unanimous Consent.</text>
          <actionDate>2017-03-15</actionDate>
        </latestAction>
        <type>SRES</type>
        <number>76</number>
        <latestTitle>A resolution expressing support for the designation of March 21, 2017, as "National Rosie the Riveter Day".</latestTitle>
        <relationshipDetails>
          <item>
            <type>Related bill</type>
            <identifiedBy>CRS</identifiedBy>
          </item>
        </relationshipDetails>
        <congress>115</congress>
      </item>
      <item>
        <latestAction>
          <text>Submitted in the Senate, considered, and agreed to without amendment and with a preamble by Unanimous Consent. (consideration: CR S1293; text: CR S1290)</text>
          <actionDate>2018-02-28</actionDate>
        </latestAction>
        <type>SRES</type>
        <number>418</number>
        <latestTitle>A resolution expressing support for the designation of March 21, 2018 as "National Rosie the Riveter Day".</latestTitle>
        <relationshipDetails>
          <item>
            <type>Related bill</type>
            <identifiedBy>CRS</identifiedBy>
          </item>
        </relationshipDetails>
        <congress>115</congress>
      </item>
      <item>
        <latestAction>
          <text>Referred to the House Committee on Education and the Workforce.</text>
          <actionDate>2018-02-27</actionDate>
        </latestAction>
        <type>HRES</type>
        <number>756</number>
        <latestTitle>Expressing support for designation of March 21, 2018, as "National Rosie the Riveter Day".</latestTitle>
        <relationshipDetails>
          <item>
            <type>Identical bill</type>
            <identifiedBy>CRS</identifiedBy>
          </item>
        </relationshipDetails>
        <congress>115</congress>
      </item>
    </relatedBills>
    <title>Expressing support for designation of March 21, 2017, as "National Rosie the Riveter Day".</title>
    <congress>115</congress>
    <actions>
      <item>
        <actionDate>2017-03-01</actionDate>
        <links />
        <sourceSystem>
          <code>2</code>
          <name>House floor actions</name>
        </sourceSystem>
        <committee>
          <systemCode>hsed00</systemCode>
          <name>Education and the Workforce Committee</name>
        </committee>
        <text>Referred to the House Committee on Education and the Workforce.</text>
        <type>IntroReferral</type>
        <actionCode>H11100</actionCode>
      </item>
      <item>
        <actionDate>2017-03-01</actionDate>
        <links />
        <sourceSystem>
          <code>9</code>
          <name>Library of Congress</name>
        </sourceSystem>
        <committee />
        <text>Introduced in House</text>
        <type>IntroReferral</type>
        <actionCode>Intro-H</actionCode>
      </item>
      <item>
        <actionDate>2017-03-01</actionDate>
        <links />
        <sourceSystem>
          <code>9</code>
          <name>Library of Congress</name>
        </sourceSystem>
        <committee />
        <text>Introduced in House</text>
        <type>IntroReferral</type>
        <actionCode>1000</actionCode>
      </item>
      <actionByCounts>
        <houseOfRepresentatives>3</houseOfRepresentatives>
      </actionByCounts>
      <actionTypeCounts>
        <billReferrals>1</billReferrals>
        <introducedInHouse>1</introducedInHouse>
        <introducedInTheHouse>1</introducedInTheHouse>
      </actionTypeCounts>
    </actions>
    <subjects>
      <billSubjects>
        <policyArea>
          <name>Labor and Employment</name>
        </policyArea>
        <legislativeSubjects>
          <item>
            <name>Commemorative events and holidays</name>
          </item>
          <item>
            <name>Conflicts and wars</name>
          </item>
          <item>
            <name>Military history</name>
          </item>
          <item>
            <name>U.S. history</name>
          </item>
          <item>
            <name>Women's employment</name>
          </item>
        </legislativeSubjects>
      </billSubjects>
    </subjects>
    <committeeReports />
    <introducedDate>2017-03-01</introducedDate>
    <sponsors>
      <item>
        <bioguideId>H001068</bioguideId>
        <middleName />
        <byRequestType />
        <fullName>Rep. Huffman, Jared [D-CA-2]</fullName>
        <lastName>Huffman</lastName>
        <state>CA</state>
        <district>2</district>
        <party>D</party>
        <identifiers>
          <lisID>2101</lisID>
          <gpoId />
          <bioguideId>H001068</bioguideId>
        </identifiers>
        <firstName>Jared</firstName>
      </item>
    </sponsors>
    <notes />
    <createDate>2017-03-02T05:13:43Z</createDate>
    <amendments />
  </bill>
  <dublinCore xmlns:dc="http://purl.org/dc/elements/1.1/">
    <dc:format>text/xml</dc:format>
    <dc:language>EN</dc:language>
    <dc:rights>Pursuant to Title 17 Section 105 of the United States Code, this file is not subject to copyright protection and is in the public domain.</dc:rights>
    <dc:contributor>Congressional Research Service, Library of Congress</dc:contributor>
    <dc:description>This file contains bill summaries and statuses for federal legislation. A bill summary describes the most significant provisions of a piece of legislation and details the effects the legislative text may have on current law and federal programs. Bill summaries are authored by the Congressional Research Service (CRS) of the Library of Congress. As stated in Public Law 91-510 (2 USC 166 (d)(6)), one of the duties of CRS is "to prepare summaries and digests of bills and resolutions of a public general nature introduced in the Senate or House of Representatives". For more information, refer to the User Guide that accompanies this file.</dc:description>
  </dublinCore>
</billStatus>

