<?xml version="1.0" encoding="UTF-8"?>
<billStatus>
  <bill>
    <calendarNumbers />
    <amendments />
    <committeeReports />
    <constitutionalAuthorityStatementText />
    <laws />
    <summaries>
      <billSummaries>
        <item>
          <lastSummaryUpdateDate>2017-02-07T19:27:35Z</lastSummaryUpdateDate>
          <actionDate>2017-02-03</actionDate>
          <text><![CDATA[<p>Expresses the sense of the House of Representatives that: (1) gun violence is a public health issue; and (2) Congress should expand enforceable background checks for all commercial gun sales, improve the mental health system, and make gun trafficking and straw purchasing a federal crime.</p>]]></text>
          <updateDate>2017-02-03T05:00:00Z</updateDate>
          <name>Introduced in House</name>
          <versionCode>00</versionCode>
          <actionDesc>Introduced in House</actionDesc>
        </item>
      </billSummaries>
    </summaries>
    <relatedBills />
    <createDate>2017-02-04T05:07:02Z</createDate>
    <latestAction>
      <links />
      <actionDate>2017-02-10</actionDate>
      <text>Referred to the Subcommittee on Health.</text>
    </latestAction>
    <sponsors>
      <item>
        <party>D</party>
        <state>CA</state>
        <bioguideId>L000579</bioguideId>
        <middleName>S.</middleName>
        <lastName>Lowenthal</lastName>
        <fullName>Rep. Lowenthal, Alan S. [D-CA-47]</fullName>
        <firstName>Alan</firstName>
        <district>47</district>
        <byRequestType />
        <identifiers>
          <bioguideId>L000579</bioguideId>
          <lisID>2111</lisID>
          <gpoId />
        </identifiers>
      </item>
    </sponsors>
    <billNumber>90</billNumber>
    <updateDate>2018-08-28T19:53:57Z</updateDate>
    <cboCostEstimates />
    <notes />
    <titles>
      <item>
        <chamberCode />
        <titleType>Official Title as Introduced</titleType>
        <chamberName />
        <title>Expressing the sense of the House of Representatives that gun violence is a public health issue and Congress should enact by the end of the 115th Congress comprehensive Federal legislation that protects the Second Amendment and keeps communities safe and healthy, including expanding enforceable background checks for all commercial gun sales, improving the mental health system in the United States, and making gun trafficking and straw purchasing a Federal crime.</title>
        <parentTitleType />
      </item>
      <item>
        <chamberCode />
        <titleType>Display Title</titleType>
        <chamberName />
        <title>Expressing the sense of the House of Representatives that gun violence is a public health issue and Congress should enact by the end of the 115th Congress comprehensive Federal legislation that protects the Second Amendment and keeps communities safe and healthy, including expanding enforceable background checks for all commercial gun sales, improving the mental health system in the United States, and making gun trafficking and straw purchasing a Federal crime.</title>
        <parentTitleType />
      </item>
    </titles>
    <introducedDate>2017-02-03</introducedDate>
    <subjects>
      <billSubjects>
        <legislativeSubjects>
          <item>
            <name>Constitution and constitutional amendments</name>
          </item>
          <item>
            <name>Criminal justice information and records</name>
          </item>
          <item>
            <name>Firearms and explosives</name>
          </item>
          <item>
            <name>Health care quality</name>
          </item>
          <item>
            <name>Mental health</name>
          </item>
          <item>
            <name>Retail and wholesale trades</name>
          </item>
          <item>
            <name>Smuggling and trafficking</name>
          </item>
        </legislativeSubjects>
        <policyArea>
          <name>Crime and Law Enforcement</name>
        </policyArea>
      </billSubjects>
    </subjects>
    <billType>HRES</billType>
    <originChamber>House</originChamber>
    <title>Expressing the sense of the House of Representatives that gun violence is a public health issue and Congress should enact by the end of the 115th Congress comprehensive Federal legislation that protects the Second Amendment and keeps communities safe and healthy, including expanding enforceable background checks for all commercial gun sales, improving the mental health system in the United States, and making gun trafficking and straw purchasing a Federal crime.</title>
    <cosponsors>
      <item>
        <party>D</party>
        <state>RI</state>
        <sponsorshipDate>2017-02-03</sponsorshipDate>
        <district>1</district>
        <isOriginalCosponsor>True</isOriginalCosponsor>
        <fullName>Rep. Cicilline, David N. [D-RI-1]</fullName>
        <middleName>N.</middleName>
        <bioguideId>C001084</bioguideId>
        <firstName>David</firstName>
        <sponsorshipWithdrawnDate />
        <lastName>Cicilline</lastName>
        <identifiers>
          <lisID>2055</lisID>
          <gpoId>8139</gpoId>
          <bioguideId>C001084</bioguideId>
        </identifiers>
      </item>
      <item>
        <party>D</party>
        <state>TN</state>
        <sponsorshipDate>2017-02-03</sponsorshipDate>
        <district>9</district>
        <isOriginalCosponsor>True</isOriginalCosponsor>
        <fullName>Rep. Cohen, Steve [D-TN-9]</fullName>
        <middleName />
        <bioguideId>C001068</bioguideId>
        <firstName>Steve</firstName>
        <sponsorshipWithdrawnDate />
        <lastName>Cohen</lastName>
        <identifiers>
          <bioguideId>C001068</bioguideId>
          <lisID>1878</lisID>
          <gpoId>8156</gpoId>
        </identifiers>
      </item>
      <item>
        <party>D</party>
        <state>MI</state>
        <sponsorshipDate>2017-02-03</sponsorshipDate>
        <district>13</district>
        <isOriginalCosponsor>True</isOriginalCosponsor>
        <fullName>Rep. Conyers, John, Jr. [D-MI-13]</fullName>
        <middleName />
        <bioguideId>C000714</bioguideId>
        <firstName>JOHN</firstName>
        <sponsorshipWithdrawnDate />
        <lastName>CONYERS</lastName>
        <identifiers>
          <bioguideId>C000714</bioguideId>
          <lisID>229</lisID>
          <gpoId>7999</gpoId>
        </identifiers>
      </item>
      <item>
        <party>D</party>
        <state>AZ</state>
        <sponsorshipDate>2017-02-03</sponsorshipDate>
        <district>3</district>
        <isOriginalCosponsor>True</isOriginalCosponsor>
        <fullName>Rep. Grijalva, Raul M. [D-AZ-3]</fullName>
        <middleName>M.</middleName>
        <bioguideId>G000551</bioguideId>
        <firstName>Raul</firstName>
        <sponsorshipWithdrawnDate />
        <lastName>Grijalva</lastName>
        <identifiers>
          <lisID>1708</lisID>
          <gpoId>7804</gpoId>
          <bioguideId>G000551</bioguideId>
        </identifiers>
      </item>
      <item>
        <party>D</party>
        <state>FL</state>
        <sponsorshipDate>2017-02-03</sponsorshipDate>
        <district>20</district>
        <isOriginalCosponsor>True</isOriginalCosponsor>
        <fullName>Rep. Hastings, Alcee L. [D-FL-20]</fullName>
        <middleName>L.</middleName>
        <bioguideId>H000324</bioguideId>
        <firstName>ALCEE</firstName>
        <sponsorshipWithdrawnDate />
        <lastName>HASTINGS</lastName>
        <identifiers>
          <bioguideId>H000324</bioguideId>
          <lisID>511</lisID>
          <gpoId>7895</gpoId>
        </identifiers>
      </item>
      <item>
        <party>D</party>
        <state>MA</state>
        <sponsorshipDate>2017-02-03</sponsorshipDate>
        <district>9</district>
        <isOriginalCosponsor>True</isOriginalCosponsor>
        <fullName>Rep. Keating, William R. [D-MA-9]</fullName>
        <middleName>R.</middleName>
        <bioguideId>K000375</bioguideId>
        <firstName>William</firstName>
        <sponsorshipWithdrawnDate />
        <lastName>Keating</lastName>
        <identifiers>
          <lisID>2025</lisID>
          <gpoId>7975</gpoId>
          <bioguideId>K000375</bioguideId>
        </identifiers>
      </item>
      <item>
        <party>D</party>
        <state>MA</state>
        <sponsorshipDate>2017-02-03</sponsorshipDate>
        <district>8</district>
        <isOriginalCosponsor>True</isOriginalCosponsor>
        <fullName>Rep. Lynch, Stephen F. [D-MA-8]</fullName>
        <middleName>F.</middleName>
        <bioguideId>L000562</bioguideId>
        <firstName>Stephen</firstName>
        <sponsorshipWithdrawnDate />
        <lastName>Lynch</lastName>
        <identifiers>
          <bioguideId>L000562</bioguideId>
          <gpoId>7974</gpoId>
          <lisID>1686</lisID>
        </identifiers>
      </item>
      <item>
        <party>D</party>
        <state>NY</state>
        <sponsorshipDate>2017-02-03</sponsorshipDate>
        <district>12</district>
        <isOriginalCosponsor>True</isOriginalCosponsor>
        <fullName>Rep. Maloney, Carolyn B. [D-NY-12]</fullName>
        <middleName>B.</middleName>
        <bioguideId>M000087</bioguideId>
        <firstName>CAROLYN</firstName>
        <sponsorshipWithdrawnDate />
        <lastName>MALONEY</lastName>
        <identifiers>
          <lisID>729</lisID>
          <bioguideId>M000087</bioguideId>
          <gpoId>8075</gpoId>
        </identifiers>
      </item>
      <item>
        <party>D</party>
        <state>NY</state>
        <sponsorshipDate>2017-02-03</sponsorshipDate>
        <district>5</district>
        <isOriginalCosponsor>True</isOriginalCosponsor>
        <fullName>Rep. Meeks, Gregory W. [D-NY-5]</fullName>
        <middleName>W.</middleName>
        <bioguideId>M001137</bioguideId>
        <firstName>GREGORY</firstName>
        <sponsorshipWithdrawnDate />
        <lastName>MEEKS</lastName>
        <identifiers>
          <bioguideId>M001137</bioguideId>
          <lisID>1506</lisID>
          <gpoId>8067</gpoId>
        </identifiers>
      </item>
      <item>
        <party>D</party>
        <state>WI</state>
        <sponsorshipDate>2017-02-03</sponsorshipDate>
        <district>4</district>
        <isOriginalCosponsor>True</isOriginalCosponsor>
        <fullName>Rep. Moore, Gwen [D-WI-4]</fullName>
        <middleName />
        <bioguideId>M001160</bioguideId>
        <firstName>Gwen</firstName>
        <sponsorshipWithdrawnDate />
        <lastName>Moore</lastName>
        <identifiers>
          <lisID>1811</lisID>
          <bioguideId>M001160</bioguideId>
          <gpoId>8217</gpoId>
        </identifiers>
      </item>
      <item>
        <party>D</party>
        <state>DC</state>
        <sponsorshipDate>2017-02-03</sponsorshipDate>
        <district>0</district>
        <isOriginalCosponsor>True</isOriginalCosponsor>
        <fullName>Rep. Norton, Eleanor Holmes [D-DC-At Large]</fullName>
        <middleName>HOLMES</middleName>
        <bioguideId>N000147</bioguideId>
        <firstName>ELEANOR</firstName>
        <sponsorshipWithdrawnDate />
        <lastName>NORTON</lastName>
        <identifiers>
          <gpoId>7871</gpoId>
          <lisID>868</lisID>
          <bioguideId>N000147</bioguideId>
        </identifiers>
      </item>
      <item>
        <party>D</party>
        <state>WI</state>
        <sponsorshipDate>2017-02-03</sponsorshipDate>
        <district>2</district>
        <isOriginalCosponsor>True</isOriginalCosponsor>
        <fullName>Rep. Pocan, Mark [D-WI-2]</fullName>
        <middleName />
        <bioguideId>P000607</bioguideId>
        <firstName>Mark</firstName>
        <sponsorshipWithdrawnDate />
        <lastName>Pocan</lastName>
        <identifiers>
          <lisID>2171</lisID>
          <gpoId />
          <bioguideId>P000607</bioguideId>
        </identifiers>
      </item>
      <item>
        <party>D</party>
        <state>NY</state>
        <sponsorshipDate>2017-02-03</sponsorshipDate>
        <district>4</district>
        <isOriginalCosponsor>True</isOriginalCosponsor>
        <fullName>Rep. Rice, Kathleen M. [D-NY-4]</fullName>
        <middleName>M.</middleName>
        <bioguideId>R000602</bioguideId>
        <firstName>Kathleen</firstName>
        <sponsorshipWithdrawnDate />
        <lastName>Rice</lastName>
        <identifiers>
          <lisID>2262</lisID>
          <bioguideId>R000602</bioguideId>
          <gpoId />
        </identifiers>
      </item>
      <item>
        <party>D</party>
        <state>CA</state>
        <sponsorshipDate>2017-02-03</sponsorshipDate>
        <district>15</district>
        <isOriginalCosponsor>True</isOriginalCosponsor>
        <fullName>Rep. Swalwell, Eric [D-CA-15]</fullName>
        <middleName />
        <bioguideId>S001193</bioguideId>
        <firstName>Eric</firstName>
        <sponsorshipWithdrawnDate />
        <lastName>Swalwell</lastName>
        <identifiers>
          <lisID>2104</lisID>
          <bioguideId>S001193</bioguideId>
          <gpoId />
        </identifiers>
      </item>
      <item>
        <party>D</party>
        <state>NY</state>
        <sponsorshipDate>2017-02-03</sponsorshipDate>
        <district>20</district>
        <isOriginalCosponsor>True</isOriginalCosponsor>
        <fullName>Rep. Tonko, Paul [D-NY-20]</fullName>
        <middleName />
        <bioguideId>T000469</bioguideId>
        <firstName>Paul</firstName>
        <sponsorshipWithdrawnDate />
        <lastName>Tonko</lastName>
        <identifiers>
          <lisID>1942</lisID>
          <bioguideId>T000469</bioguideId>
          <gpoId>8082</gpoId>
        </identifiers>
      </item>
      <item>
        <party>D</party>
        <state>MA</state>
        <sponsorshipDate>2017-02-03</sponsorshipDate>
        <district>3</district>
        <isOriginalCosponsor>True</isOriginalCosponsor>
        <fullName>Rep. Tsongas, Niki [D-MA-3]</fullName>
        <middleName />
        <bioguideId>T000465</bioguideId>
        <firstName>Niki</firstName>
        <sponsorshipWithdrawnDate />
        <lastName>Tsongas</lastName>
        <identifiers>
          <lisID>1884</lisID>
          <bioguideId>T000465</bioguideId>
          <gpoId>7970</gpoId>
        </identifiers>
      </item>
      <item>
        <party>D</party>
        <state>KY</state>
        <sponsorshipDate>2017-02-03</sponsorshipDate>
        <district>3</district>
        <isOriginalCosponsor>True</isOriginalCosponsor>
        <fullName>Rep. Yarmuth, John A. [D-KY-3]</fullName>
        <middleName>A.</middleName>
        <bioguideId>Y000062</bioguideId>
        <firstName>John</firstName>
        <sponsorshipWithdrawnDate />
        <lastName>Yarmuth</lastName>
        <identifiers>
          <lisID>1853</lisID>
          <bioguideId>Y000062</bioguideId>
          <gpoId>7955</gpoId>
        </identifiers>
      </item>
      <item>
        <party>D</party>
        <state>MA</state>
        <sponsorshipDate>2017-02-03</sponsorshipDate>
        <district>2</district>
        <isOriginalCosponsor>True</isOriginalCosponsor>
        <fullName>Rep. McGovern, James P. [D-MA-2]</fullName>
        <middleName>P.</middleName>
        <bioguideId>M000312</bioguideId>
        <firstName>JAMES</firstName>
        <sponsorshipWithdrawnDate />
        <lastName>MCGOVERN</lastName>
        <identifiers>
          <bioguideId>M000312</bioguideId>
          <gpoId>7968</gpoId>
          <lisID>1504</lisID>
        </identifiers>
      </item>
      <item>
        <party>D</party>
        <state>OR</state>
        <sponsorshipDate>2017-02-03</sponsorshipDate>
        <district>3</district>
        <isOriginalCosponsor>True</isOriginalCosponsor>
        <fullName>Rep. Blumenauer, Earl [D-OR-3]</fullName>
        <middleName />
        <bioguideId>B000574</bioguideId>
        <firstName>EARL</firstName>
        <sponsorshipWithdrawnDate />
        <lastName>BLUMENAUER</lastName>
        <identifiers>
          <lisID>99</lisID>
          <bioguideId>B000574</bioguideId>
          <gpoId>8116</gpoId>
        </identifiers>
      </item>
      <item>
        <party>D</party>
        <state>MN</state>
        <sponsorshipDate>2017-02-03</sponsorshipDate>
        <district>5</district>
        <isOriginalCosponsor>True</isOriginalCosponsor>
        <fullName>Rep. Ellison, Keith [D-MN-5]</fullName>
        <middleName />
        <bioguideId>E000288</bioguideId>
        <firstName>Keith</firstName>
        <sponsorshipWithdrawnDate />
        <lastName>Ellison</lastName>
        <identifiers>
          <bioguideId>E000288</bioguideId>
          <gpoId>8005</gpoId>
          <lisID>1857</lisID>
        </identifiers>
      </item>
      <item>
        <party>D</party>
        <state>CA</state>
        <sponsorshipDate>2017-02-03</sponsorshipDate>
        <district>18</district>
        <isOriginalCosponsor>True</isOriginalCosponsor>
        <fullName>Rep. Eshoo, Anna G. [D-CA-18]</fullName>
        <middleName>G.</middleName>
        <bioguideId>E000215</bioguideId>
        <firstName>ANNA</firstName>
        <sponsorshipWithdrawnDate />
        <lastName>ESHOO</lastName>
        <identifiers>
          <lisID>355</lisID>
          <gpoId>7819</gpoId>
          <bioguideId>E000215</bioguideId>
        </identifiers>
      </item>
      <item>
        <party>D</party>
        <state>CA</state>
        <sponsorshipDate>2017-02-03</sponsorshipDate>
        <district>11</district>
        <isOriginalCosponsor>True</isOriginalCosponsor>
        <fullName>Rep. DeSaulnier, Mark [D-CA-11]</fullName>
        <middleName />
        <bioguideId>D000623</bioguideId>
        <firstName>Mark</firstName>
        <sponsorshipWithdrawnDate />
        <lastName>DeSaulnier</lastName>
        <identifiers>
          <bioguideId>D000623</bioguideId>
          <lisID>2227</lisID>
          <gpoId />
        </identifiers>
      </item>
      <item>
        <party>D</party>
        <state>CA</state>
        <sponsorshipDate>2017-02-03</sponsorshipDate>
        <district>9</district>
        <isOriginalCosponsor>True</isOriginalCosponsor>
        <fullName>Rep. McNerney, Jerry [D-CA-9]</fullName>
        <middleName />
        <bioguideId>M001166</bioguideId>
        <firstName>Jerry</firstName>
        <sponsorshipWithdrawnDate />
        <lastName>McNerney</lastName>
        <identifiers>
          <bioguideId>M001166</bioguideId>
          <lisID>1832</lisID>
          <gpoId>7816</gpoId>
        </identifiers>
      </item>
      <item>
        <party>D</party>
        <state>CA</state>
        <sponsorshipDate>2017-02-03</sponsorshipDate>
        <district>29</district>
        <isOriginalCosponsor>True</isOriginalCosponsor>
        <fullName>Rep. Cardenas, Tony [D-CA-29]</fullName>
        <middleName />
        <bioguideId>C001097</bioguideId>
        <firstName>Tony</firstName>
        <sponsorshipWithdrawnDate />
        <lastName>Cardenas</lastName>
        <identifiers>
          <lisID>2107</lisID>
          <gpoId />
          <bioguideId>C001097</bioguideId>
        </identifiers>
      </item>
      <item>
        <party>D</party>
        <state>IL</state>
        <sponsorshipDate>2017-02-06</sponsorshipDate>
        <district>9</district>
        <isOriginalCosponsor>False</isOriginalCosponsor>
        <fullName>Rep. Schakowsky, Janice D. [D-IL-9]</fullName>
        <middleName>D.</middleName>
        <bioguideId>S001145</bioguideId>
        <firstName>JANICE</firstName>
        <sponsorshipWithdrawnDate />
        <lastName>SCHAKOWSKY</lastName>
        <identifiers>
          <bioguideId>S001145</bioguideId>
          <gpoId>7929</gpoId>
          <lisID>1588</lisID>
        </identifiers>
      </item>
      <item>
        <party>D</party>
        <state>NY</state>
        <sponsorshipDate>2017-02-14</sponsorshipDate>
        <district>17</district>
        <isOriginalCosponsor>False</isOriginalCosponsor>
        <fullName>Rep. Lowey, Nita M. [D-NY-17]</fullName>
        <middleName>M.</middleName>
        <bioguideId>L000480</bioguideId>
        <firstName>NITA</firstName>
        <sponsorshipWithdrawnDate />
        <lastName>LOWEY</lastName>
        <identifiers>
          <gpoId>8079</gpoId>
          <lisID>709</lisID>
          <bioguideId>L000480</bioguideId>
        </identifiers>
      </item>
      <item>
        <party>D</party>
        <state>FL</state>
        <sponsorshipDate>2017-02-27</sponsorshipDate>
        <district>23</district>
        <isOriginalCosponsor>False</isOriginalCosponsor>
        <fullName>Rep. Wasserman Schultz, Debbie [D-FL-23]</fullName>
        <middleName />
        <bioguideId>W000797</bioguideId>
        <firstName>Debbie</firstName>
        <sponsorshipWithdrawnDate />
        <lastName>Wasserman Schultz</lastName>
        <identifiers>
          <bioguideId>W000797</bioguideId>
          <lisID>1777</lisID>
          <gpoId>7892</gpoId>
        </identifiers>
      </item>
      <item>
        <party>D</party>
        <state>PA</state>
        <sponsorshipDate>2017-02-27</sponsorshipDate>
        <district>13</district>
        <isOriginalCosponsor>False</isOriginalCosponsor>
        <fullName>Rep. Boyle, Brendan F. [D-PA-13]</fullName>
        <middleName>F.</middleName>
        <bioguideId>B001296</bioguideId>
        <firstName>Brendan</firstName>
        <sponsorshipWithdrawnDate />
        <lastName>Boyle</lastName>
        <identifiers>
          <lisID>2267</lisID>
          <gpoId />
          <bioguideId>B001296</bioguideId>
        </identifiers>
      </item>
      <item>
        <party>D</party>
        <state>MI</state>
        <sponsorshipDate>2017-02-28</sponsorshipDate>
        <district>14</district>
        <isOriginalCosponsor>False</isOriginalCosponsor>
        <fullName>Rep. Lawrence, Brenda L. [D-MI-14]</fullName>
        <middleName>L.</middleName>
        <bioguideId>L000581</bioguideId>
        <firstName>Brenda</firstName>
        <sponsorshipWithdrawnDate />
        <lastName>Lawrence</lastName>
        <identifiers>
          <lisID>2252</lisID>
          <bioguideId>L000581</bioguideId>
          <gpoId />
        </identifiers>
      </item>
      <item>
        <party>D</party>
        <state>IL</state>
        <sponsorshipDate>2017-03-15</sponsorshipDate>
        <district>5</district>
        <isOriginalCosponsor>False</isOriginalCosponsor>
        <fullName>Rep. Quigley, Mike [D-IL-5]</fullName>
        <middleName />
        <bioguideId>Q000023</bioguideId>
        <firstName>Mike</firstName>
        <sponsorshipWithdrawnDate />
        <lastName>Quigley</lastName>
        <identifiers>
          <lisID>1967</lisID>
          <bioguideId>Q000023</bioguideId>
          <gpoId>7925</gpoId>
        </identifiers>
      </item>
      <item>
        <party>D</party>
        <state>NY</state>
        <sponsorshipDate>2017-03-24</sponsorshipDate>
        <district>9</district>
        <isOriginalCosponsor>False</isOriginalCosponsor>
        <fullName>Rep. Clarke, Yvette D. [D-NY-9]</fullName>
        <middleName>D.</middleName>
        <bioguideId>C001067</bioguideId>
        <firstName>Yvette</firstName>
        <sponsorshipWithdrawnDate />
        <lastName>Clarke</lastName>
        <identifiers>
          <lisID>1864</lisID>
          <gpoId>8072</gpoId>
          <bioguideId>C001067</bioguideId>
        </identifiers>
      </item>
      <item>
        <party>D</party>
        <state>IL</state>
        <sponsorshipDate>2017-03-28</sponsorshipDate>
        <district>4</district>
        <isOriginalCosponsor>False</isOriginalCosponsor>
        <fullName>Rep. Gutierrez, Luis V. [D-IL-4]</fullName>
        <middleName>V.</middleName>
        <bioguideId>G000535</bioguideId>
        <firstName>LUIS</firstName>
        <sponsorshipWithdrawnDate />
        <lastName>GUTIERREZ</lastName>
        <identifiers>
          <gpoId>7924</gpoId>
          <lisID>478</lisID>
          <bioguideId>G000535</bioguideId>
        </identifiers>
      </item>
      <item>
        <party>D</party>
        <state>PA</state>
        <sponsorshipDate>2017-03-29</sponsorshipDate>
        <district>2</district>
        <isOriginalCosponsor>False</isOriginalCosponsor>
        <fullName>Rep. Evans, Dwight [D-PA-2]</fullName>
        <middleName />
        <bioguideId>E000296</bioguideId>
        <firstName>Dwight</firstName>
        <sponsorshipWithdrawnDate />
        <lastName>Evans</lastName>
        <identifiers>
          <lisID>2298</lisID>
          <bioguideId>E000296</bioguideId>
          <gpoId />
        </identifiers>
      </item>
      <item>
        <party>D</party>
        <state>VA</state>
        <sponsorshipDate>2017-04-25</sponsorshipDate>
        <district>3</district>
        <isOriginalCosponsor>False</isOriginalCosponsor>
        <fullName>Rep. Scott, Robert C. "Bobby" [D-VA-3]</fullName>
        <middleName>C. "Bobby"</middleName>
        <bioguideId>S000185</bioguideId>
        <firstName>Robert</firstName>
        <sponsorshipWithdrawnDate />
        <lastName>Scott</lastName>
        <identifiers>
          <lisID>1037</lisID>
          <bioguideId>S000185</bioguideId>
          <gpoId>8194</gpoId>
        </identifiers>
      </item>
      <item>
        <party>D</party>
        <state>MD</state>
        <sponsorshipDate>2017-04-25</sponsorshipDate>
        <district>8</district>
        <isOriginalCosponsor>False</isOriginalCosponsor>
        <fullName>Rep. Raskin, Jamie [D-MD-8]</fullName>
        <middleName />
        <bioguideId>R000606</bioguideId>
        <firstName>Jamie</firstName>
        <sponsorshipWithdrawnDate />
        <lastName>Raskin</lastName>
        <identifiers>
          <bioguideId>R000606</bioguideId>
          <lisID>2332</lisID>
          <gpoId />
        </identifiers>
      </item>
      <item>
        <party>D</party>
        <state>CA</state>
        <sponsorshipDate>2017-04-26</sponsorshipDate>
        <district>17</district>
        <isOriginalCosponsor>False</isOriginalCosponsor>
        <fullName>Rep. Khanna, Ro [D-CA-17]</fullName>
        <middleName />
        <bioguideId>K000389</bioguideId>
        <firstName>Ro</firstName>
        <sponsorshipWithdrawnDate />
        <lastName>Khanna</lastName>
        <identifiers>
          <lisID>2308</lisID>
          <bioguideId>K000389</bioguideId>
          <gpoId />
        </identifiers>
      </item>
      <item>
        <party>D</party>
        <state>NY</state>
        <sponsorshipDate>2017-06-06</sponsorshipDate>
        <district>8</district>
        <isOriginalCosponsor>False</isOriginalCosponsor>
        <fullName>Rep. Jeffries, Hakeem S. [D-NY-8]</fullName>
        <middleName>S.</middleName>
        <bioguideId>J000294</bioguideId>
        <firstName>Hakeem</firstName>
        <sponsorshipWithdrawnDate />
        <lastName>Jeffries</lastName>
        <identifiers>
          <gpoId />
          <lisID>2149</lisID>
          <bioguideId>J000294</bioguideId>
        </identifiers>
      </item>
      <item>
        <party>D</party>
        <state>TX</state>
        <sponsorshipDate>2017-10-11</sponsorshipDate>
        <district>18</district>
        <isOriginalCosponsor>False</isOriginalCosponsor>
        <fullName>Rep. Jackson Lee, Sheila [D-TX-18]</fullName>
        <middleName />
        <bioguideId>J000032</bioguideId>
        <firstName>SHEILA</firstName>
        <sponsorshipWithdrawnDate />
        <lastName>JACKSON LEE</lastName>
        <identifiers>
          <lisID>588</lisID>
          <gpoId>8174</gpoId>
          <bioguideId>J000032</bioguideId>
        </identifiers>
      </item>
      <item>
        <party>D</party>
        <state>NV</state>
        <sponsorshipDate>2017-10-11</sponsorshipDate>
        <district>3</district>
        <isOriginalCosponsor>False</isOriginalCosponsor>
        <fullName>Rep. Rosen, Jacky [D-NV-3]</fullName>
        <middleName />
        <bioguideId>R000608</bioguideId>
        <firstName>Jacky</firstName>
        <sponsorshipWithdrawnDate />
        <lastName>Rosen</lastName>
        <identifiers>
          <bioguideId>R000608</bioguideId>
          <lisID>2339</lisID>
          <gpoId />
        </identifiers>
      </item>
      <item>
        <party>D</party>
        <state>DE</state>
        <sponsorshipDate>2017-10-11</sponsorshipDate>
        <district>0</district>
        <isOriginalCosponsor>False</isOriginalCosponsor>
        <fullName>Rep. Blunt Rochester, Lisa [D-DE-At Large]</fullName>
        <middleName />
        <bioguideId>B001303</bioguideId>
        <firstName>Lisa</firstName>
        <sponsorshipWithdrawnDate />
        <lastName>Blunt Rochester</lastName>
        <identifiers>
          <bioguideId>B001303</bioguideId>
          <lisID>2313</lisID>
          <gpoId />
        </identifiers>
      </item>
      <item>
        <party>D</party>
        <state>MD</state>
        <sponsorshipDate>2017-12-11</sponsorshipDate>
        <district>4</district>
        <isOriginalCosponsor>False</isOriginalCosponsor>
        <fullName>Rep. Brown, Anthony G. [D-MD-4]</fullName>
        <middleName>G.</middleName>
        <bioguideId>B001304</bioguideId>
        <firstName>Anthony</firstName>
        <sponsorshipWithdrawnDate />
        <lastName>Brown</lastName>
        <identifiers>
          <lisID>2331</lisID>
          <bioguideId>B001304</bioguideId>
          <gpoId />
        </identifiers>
      </item>
    </cosponsors>
    <recordedVotes />
    <policyArea>
      <name>Crime and Law Enforcement</name>
    </policyArea>
    <committees>
      <billCommittees>
        <item>
          <systemCode>hsif00</systemCode>
          <type>Standing</type>
          <activities>
            <item>
              <date>2017-02-03T14:04:05Z</date>
              <name>Referred to</name>
            </item>
          </activities>
          <name>Energy and Commerce Committee</name>
          <subcommittees>
            <item>
              <systemCode>hsif14</systemCode>
              <name>Health Subcommittee</name>
              <activities>
                <item>
                  <date>2017-02-10T17:43:09Z</date>
                  <name>Referred to</name>
                </item>
              </activities>
            </item>
          </subcommittees>
          <chamber>House</chamber>
        </item>
        <item>
          <systemCode>hsju00</systemCode>
          <type>Standing</type>
          <activities>
            <item>
              <date>2017-02-03T14:04:00Z</date>
              <name>Referred to</name>
            </item>
          </activities>
          <name>Judiciary Committee</name>
          <subcommittees>
            <item>
              <systemCode>hsju08</systemCode>
              <name>Crime, Terrorism, Homeland Security, and Investigations Subcommittee</name>
              <activities>
                <item>
                  <date>2017-02-08T21:42:22Z</date>
                  <name>Referred to</name>
                </item>
              </activities>
            </item>
          </subcommittees>
          <chamber>House</chamber>
        </item>
      </billCommittees>
    </committees>
    <actions>
      <item>
        <actionDate>2017-02-10</actionDate>
        <committee>
          <systemCode>hsif14</systemCode>
          <name>Health Subcommittee</name>
        </committee>
        <links />
        <sourceSystem>
          <code>1</code>
          <name>House committee actions</name>
        </sourceSystem>
        <text>Referred to the Subcommittee on Health.</text>
        <type>Committee</type>
      </item>
      <item>
        <actionDate>2017-02-08</actionDate>
        <committee>
          <systemCode>hsju08</systemCode>
          <name>Crime, Terrorism, Homeland Security, and Investigations Subcommittee</name>
        </committee>
        <links />
        <sourceSystem>
          <code>1</code>
          <name>House committee actions</name>
        </sourceSystem>
        <text>Referred to the Subcommittee on Crime, Terrorism, Homeland Security, and Investigations.</text>
        <type>Committee</type>
      </item>
      <item>
        <text>Referred to the Committee on the Judiciary, and in addition to the Committee on Energy and Commerce, for a period to be subsequently determined by the Speaker, in each case for consideration of such provisions as fall within the jurisdiction of the committee concerned.</text>
        <type>IntroReferral</type>
        <links />
        <actionDate>2017-02-03</actionDate>
        <sourceSystem>
          <code>2</code>
          <name>House floor actions</name>
        </sourceSystem>
        <committee>
          <systemCode>hsif00</systemCode>
          <name>Energy and Commerce Committee</name>
        </committee>
        <actionCode>H11100</actionCode>
      </item>
      <item>
        <text>Referred to the Committee on the Judiciary, and in addition to the Committee on Energy and Commerce, for a period to be subsequently determined by the Speaker, in each case for consideration of such provisions as fall within the jurisdiction of the committee concerned.</text>
        <type>IntroReferral</type>
        <links />
        <actionDate>2017-02-03</actionDate>
        <sourceSystem>
          <code>9</code>
          <name>Library of Congress</name>
        </sourceSystem>
        <committee />
        <actionCode>H11100-A</actionCode>
      </item>
      <item>
        <text>Referred to the Committee on the Judiciary, and in addition to the Committee on Energy and Commerce, for a period to be subsequently determined by the Speaker, in each case for consideration of such provisions as fall within the jurisdiction of the committee concerned.</text>
        <type>IntroReferral</type>
        <links />
        <actionDate>2017-02-03</actionDate>
        <sourceSystem>
          <code>2</code>
          <name>House floor actions</name>
        </sourceSystem>
        <committee>
          <systemCode>hsju00</systemCode>
          <name>Judiciary Committee</name>
        </committee>
        <actionCode>H11100</actionCode>
      </item>
      <item>
        <text>Introduced in House</text>
        <type>IntroReferral</type>
        <links />
        <actionDate>2017-02-03</actionDate>
        <sourceSystem>
          <code>9</code>
          <name>Library of Congress</name>
        </sourceSystem>
        <committee />
        <actionCode>Intro-H</actionCode>
      </item>
      <item>
        <text>Introduced in House</text>
        <type>IntroReferral</type>
        <links />
        <actionDate>2017-02-03</actionDate>
        <sourceSystem>
          <code>9</code>
          <name>Library of Congress</name>
        </sourceSystem>
        <committee />
        <actionCode>1000</actionCode>
      </item>
      <actionByCounts>
        <houseOfRepresentatives>7</houseOfRepresentatives>
      </actionByCounts>
      <actionTypeCounts>
        <billReferralsAggregate>1</billReferralsAggregate>
        <billReferrals>2</billReferrals>
        <introducedInTheHouse>1</introducedInTheHouse>
        <placeholderTextForH>2</placeholderTextForH>
        <introducedInHouse>1</introducedInHouse>
      </actionTypeCounts>
    </actions>
    <version>1.0.0</version>
    <congress>115</congress>
  </bill>
  <dublinCore xmlns:dc="http://purl.org/dc/elements/1.1/">
    <dc:format>text/xml</dc:format>
    <dc:language>EN</dc:language>
    <dc:rights>Pursuant to Title 17 Section 105 of the United States Code, this file is not subject to copyright protection and is in the public domain.</dc:rights>
    <dc:contributor>Congressional Research Service, Library of Congress</dc:contributor>
    <dc:description>This file contains bill summaries and statuses for federal legislation. A bill summary describes the most significant provisions of a piece of legislation and details the effects the legislative text may have on current law and federal programs. Bill summaries are authored by the Congressional Research Service (CRS) of the Library of Congress. As stated in Public Law 91-510 (2 USC 166 (d)(6)), one of the duties of CRS is "to prepare summaries and digests of bills and resolutions of a public general nature introduced in the Senate or House of Representatives". For more information, refer to the User Guide that accompanies this file.</dc:description>
  </dublinCore>
</billStatus>

