<?xml version="1.0" encoding="UTF-8"?>
<billStatus>
  <bill>
    <titles>
      <item>
        <title>Of inquiry requesting the President, and directing the Attorney General, to transmit, respectively, certain documents to the House of Representatives relating to certain communications by the President of the United States.</title>
        <titleType>Official Title as Introduced</titleType>
        <parentTitleType />
        <chamberCode />
        <chamberName />
      </item>
      <item>
        <title>Of inquiry requesting the President, and directing the Attorney General, to transmit, respectively, certain documents to the House of Representatives relating to certain communications by the President of the United States.</title>
        <titleType>Display Title</titleType>
        <parentTitleType />
        <chamberCode />
        <chamberName />
      </item>
    </titles>
    <notes />
    <latestAction>
      <links />
      <text>Placed on the House Calendar, Calendar No. 35.</text>
      <actionDate>2017-04-06</actionDate>
    </latestAction>
    <constitutionalAuthorityStatementText />
    <committees>
      <billCommittees>
        <item>
          <systemCode>hsju00</systemCode>
          <subcommittees />
          <activities>
            <item>
              <name>Reported by</name>
              <date>2017-04-06T15:06:04Z</date>
            </item>
            <item>
              <name>Markup by</name>
              <date>2017-03-29T16:47:45Z</date>
            </item>
            <item>
              <name>Referred to</name>
              <date>2017-03-16T14:03:10Z</date>
            </item>
          </activities>
          <name>Judiciary Committee</name>
          <chamber>House</chamber>
          <type>Standing</type>
        </item>
      </billCommittees>
    </committees>
    <actions>
      <actionTypeCounts>
        <committeeReportOfABill>1</committeeReportOfABill>
        <billReferrals>1</billReferrals>
        <actionStageOverride>1</actionStageOverride>
        <houseCalendarAssignment>1</houseCalendarAssignment>
        <reportedToHouse>1</reportedToHouse>
        <placeholderTextForH>1</placeholderTextForH>
        <introducedInTheHouse>1</introducedInTheHouse>
        <placeholderTextForB>1</placeholderTextForB>
        <introducedInHouse>1</introducedInHouse>
      </actionTypeCounts>
      <item>
        <links />
        <type>Calendars</type>
        <actionDate>2017-04-06</actionDate>
        <text>Placed on the House Calendar, Calendar No. 35.</text>
        <committee />
        <sourceSystem>
          <code>2</code>
          <name>House floor actions</name>
        </sourceSystem>
        <actionCode>H12420</actionCode>
      </item>
      <item>
        <links>
          <link>
            <url>https://www.congress.gov/congressional-report/115th-congress/house-report/83</url>
            <name>H. Rept. 115-83</name>
          </link>
        </links>
        <type>Committee</type>
        <actionDate>2017-04-06</actionDate>
        <text>Reported adversely (Amended) by the Committee on Judiciary. H. Rept. 115-83.</text>
        <committee>
          <name>Judiciary Committee</name>
          <systemCode>hsju00</systemCode>
        </committee>
        <sourceSystem>
          <code>2</code>
          <name>House floor actions</name>
        </sourceSystem>
        <actionCode>H12200</actionCode>
      </item>
      <item>
        <links>
          <link>
            <url>https://www.congress.gov/congressional-report/115th-congress/house-report/83</url>
            <name>H. Rept. 115-83</name>
          </link>
        </links>
        <type>Committee</type>
        <actionDate>2017-04-06</actionDate>
        <text>Reported adversely (Amended) by the Committee on Judiciary. H. Rept. 115-83.</text>
        <committee>
          <name>Judiciary Committee</name>
          <systemCode>hsju00</systemCode>
        </committee>
        <sourceSystem>
          <code>9</code>
          <name>Library of Congress</name>
        </sourceSystem>
        <actionCode>5000</actionCode>
      </item>
      <item>
        <actionDate>2017-03-29</actionDate>
        <committee>
          <name>Judiciary Committee</name>
          <systemCode>hsju00</systemCode>
        </committee>
        <links />
        <sourceSystem>
          <code>1</code>
          <name>House committee actions</name>
        </sourceSystem>
        <text>Ordered to be Reported Unfavorably (Amended) by the Yeas and Nays: 19 - 15.</text>
        <type>Committee</type>
      </item>
      <item>
        <actionDate>2017-03-29</actionDate>
        <committee>
          <name>Judiciary Committee</name>
          <systemCode>hsju00</systemCode>
        </committee>
        <links />
        <sourceSystem>
          <code>1</code>
          <name>House committee actions</name>
        </sourceSystem>
        <text>Committee Consideration and Mark-up Session Held.</text>
        <type>Committee</type>
      </item>
      <item>
        <links />
        <type>IntroReferral</type>
        <actionDate>2017-03-16</actionDate>
        <text>Referred to the House Committee on the Judiciary.</text>
        <committee>
          <name>Judiciary Committee</name>
          <systemCode>hsju00</systemCode>
        </committee>
        <sourceSystem>
          <code>2</code>
          <name>House floor actions</name>
        </sourceSystem>
        <actionCode>H11100</actionCode>
      </item>
      <item>
        <links>
          <link>
            <url>https://www.congress.gov/congressional-record/volume-163/house-section/page/H2090-2091</url>
            <name>H2090-2091</name>
          </link>
        </links>
        <type>IntroReferral</type>
        <actionDate>2017-03-16</actionDate>
        <text>Sponsor introductory remarks on measure. (CR H2090-2091)</text>
        <committee />
        <sourceSystem>
          <code>9</code>
          <name>Library of Congress</name>
        </sourceSystem>
        <actionCode>B00100</actionCode>
      </item>
      <item>
        <links />
        <type>IntroReferral</type>
        <actionDate>2017-03-16</actionDate>
        <text>Introduced in House</text>
        <committee />
        <sourceSystem>
          <code>9</code>
          <name>Library of Congress</name>
        </sourceSystem>
        <actionCode>Intro-H</actionCode>
      </item>
      <item>
        <links />
        <type>IntroReferral</type>
        <actionDate>2017-03-16</actionDate>
        <text>Introduced in House</text>
        <committee />
        <sourceSystem>
          <code>9</code>
          <name>Library of Congress</name>
        </sourceSystem>
        <actionCode>1000</actionCode>
      </item>
      <actionByCounts>
        <houseOfRepresentatives>8</houseOfRepresentatives>
      </actionByCounts>
    </actions>
    <policyArea>
      <name>Congress</name>
    </policyArea>
    <sponsors>
      <item>
        <fullName>Rep. Quigley, Mike [D-IL-5]</fullName>
        <party>D</party>
        <bioguideId>Q000023</bioguideId>
        <identifiers>
          <lisID>1967</lisID>
          <bioguideId>Q000023</bioguideId>
          <gpoId>7925</gpoId>
        </identifiers>
        <lastName>Quigley</lastName>
        <district>5</district>
        <middleName />
        <firstName>Mike</firstName>
        <byRequestType />
        <state>IL</state>
      </item>
    </sponsors>
    <recordedVotes />
    <updateDate>2018-08-28T19:54:17Z</updateDate>
    <billNumber>203</billNumber>
    <title>Of inquiry requesting the President, and directing the Attorney General, to transmit, respectively, certain documents to the House of Representatives relating to certain communications by the President of the United States.</title>
    <relatedBills />
    <amendments />
    <version>1.0.0</version>
    <laws />
    <cboCostEstimates />
    <billType>HRES</billType>
    <createDate>2017-03-17T04:49:39Z</createDate>
    <originChamber>House</originChamber>
    <summaries>
      <billSummaries>
        <item>
          <text><![CDATA[<p>Requests the President, and directs the Department of Justice, to transmit to the House of Representatives copies of any document, correspondence, or other communication in their possession that refers or relates to specified statements of President Donald J. Trump communicated via Twitter on March 4, 2017, regarding alleged wiretapping in Trump Tower by former President Barack Obama.</p>]]></text>
          <lastSummaryUpdateDate>2017-05-16T14:05:01Z</lastSummaryUpdateDate>
          <actionDesc>Introduced in House</actionDesc>
          <updateDate>2017-03-16T04:00:00Z</updateDate>
          <name>Introduced in House</name>
          <versionCode>00</versionCode>
          <actionDate>2017-03-16</actionDate>
        </item>
        <item>
          <text><![CDATA[<p>Requests the President, and directs the Department of Justice, to transmit to the House of Representatives copies of any document, correspondence, or other communication in their possession that refers or relates to specified statements of President Donald J. Trump communicated via Twitter on March 4, 2017, regarding alleged wiretapping in Trump Tower by former President Barack Obama.</p>]]></text>
          <lastSummaryUpdateDate>2017-05-16T14:05:12Z</lastSummaryUpdateDate>
          <actionDesc>Reported to House with amendment(s)</actionDesc>
          <updateDate>2017-04-06T14:22:24Z</updateDate>
          <name>Reported to House with amendment(s)</name>
          <versionCode>17</versionCode>
          <actionDate>2017-04-06</actionDate>
        </item>
      </billSummaries>
    </summaries>
    <committeeReports>
      <committeeReport>
        <citation>H. Rept. 115-83</citation>
      </committeeReport>
    </committeeReports>
    <calendarNumbers>
      <item>
        <number />
        <calendar>H00035</calendar>
      </item>
    </calendarNumbers>
    <cosponsors>
      <item>
        <sponsorshipDate>2017-03-16</sponsorshipDate>
        <party>D</party>
        <fullName>Rep. Kaptur, Marcy [D-OH-9]</fullName>
        <identifiers>
          <lisID>616</lisID>
          <bioguideId>K000009</bioguideId>
          <gpoId>8099</gpoId>
        </identifiers>
        <lastName>KAPTUR</lastName>
        <firstName>MARCY</firstName>
        <isOriginalCosponsor>True</isOriginalCosponsor>
        <middleName />
        <sponsorshipWithdrawnDate />
        <state>OH</state>
        <district>9</district>
        <bioguideId>K000009</bioguideId>
      </item>
      <item>
        <sponsorshipDate>2017-03-16</sponsorshipDate>
        <party>D</party>
        <fullName>Rep. Nadler, Jerrold [D-NY-10]</fullName>
        <identifiers>
          <lisID>850</lisID>
          <bioguideId>N000002</bioguideId>
          <gpoId>8069</gpoId>
        </identifiers>
        <lastName>NADLER</lastName>
        <firstName>JERROLD</firstName>
        <isOriginalCosponsor>True</isOriginalCosponsor>
        <middleName />
        <sponsorshipWithdrawnDate />
        <state>NY</state>
        <district>10</district>
        <bioguideId>N000002</bioguideId>
      </item>
      <item>
        <sponsorshipDate>2017-03-16</sponsorshipDate>
        <party>D</party>
        <fullName>Rep. Napolitano, Grace F. [D-CA-32]</fullName>
        <identifiers>
          <lisID>1602</lisID>
          <bioguideId>N000179</bioguideId>
          <gpoId>7843</gpoId>
        </identifiers>
        <lastName>NAPOLITANO</lastName>
        <firstName>GRACE</firstName>
        <isOriginalCosponsor>True</isOriginalCosponsor>
        <middleName>F.</middleName>
        <sponsorshipWithdrawnDate />
        <state>CA</state>
        <district>32</district>
        <bioguideId>N000179</bioguideId>
      </item>
      <item>
        <sponsorshipDate>2017-03-16</sponsorshipDate>
        <party>D</party>
        <fullName>Rep. Speier, Jackie [D-CA-14]</fullName>
        <identifiers>
          <lisID>1890</lisID>
          <gpoId>7817</gpoId>
          <bioguideId>S001175</bioguideId>
        </identifiers>
        <lastName>Speier</lastName>
        <firstName>Jackie</firstName>
        <isOriginalCosponsor>True</isOriginalCosponsor>
        <middleName />
        <sponsorshipWithdrawnDate />
        <state>CA</state>
        <district>14</district>
        <bioguideId>S001175</bioguideId>
      </item>
      <item>
        <sponsorshipDate>2017-03-16</sponsorshipDate>
        <party>D</party>
        <fullName>Rep. Moore, Gwen [D-WI-4]</fullName>
        <identifiers>
          <lisID>1811</lisID>
          <gpoId>8217</gpoId>
          <bioguideId>M001160</bioguideId>
        </identifiers>
        <lastName>Moore</lastName>
        <firstName>Gwen</firstName>
        <isOriginalCosponsor>True</isOriginalCosponsor>
        <middleName />
        <sponsorshipWithdrawnDate />
        <state>WI</state>
        <district>4</district>
        <bioguideId>M001160</bioguideId>
      </item>
      <item>
        <sponsorshipDate>2017-03-16</sponsorshipDate>
        <party>D</party>
        <fullName>Rep. Swalwell, Eric [D-CA-15]</fullName>
        <identifiers>
          <lisID>2104</lisID>
          <bioguideId>S001193</bioguideId>
          <gpoId />
        </identifiers>
        <lastName>Swalwell</lastName>
        <firstName>Eric</firstName>
        <isOriginalCosponsor>True</isOriginalCosponsor>
        <middleName />
        <sponsorshipWithdrawnDate />
        <state>CA</state>
        <district>15</district>
        <bioguideId>S001193</bioguideId>
      </item>
      <item>
        <sponsorshipDate>2017-03-28</sponsorshipDate>
        <party>D</party>
        <fullName>Rep. Lieu, Ted [D-CA-33]</fullName>
        <identifiers>
          <lisID>2230</lisID>
          <bioguideId>L000582</bioguideId>
          <gpoId />
        </identifiers>
        <lastName>Lieu</lastName>
        <firstName>Ted</firstName>
        <isOriginalCosponsor>False</isOriginalCosponsor>
        <middleName />
        <sponsorshipWithdrawnDate />
        <state>CA</state>
        <district>33</district>
        <bioguideId>L000582</bioguideId>
      </item>
      <item>
        <sponsorshipDate>2017-03-28</sponsorshipDate>
        <party>D</party>
        <fullName>Rep. Cicilline, David N. [D-RI-1]</fullName>
        <identifiers>
          <lisID>2055</lisID>
          <gpoId>8139</gpoId>
          <bioguideId>C001084</bioguideId>
        </identifiers>
        <lastName>Cicilline</lastName>
        <firstName>David</firstName>
        <isOriginalCosponsor>False</isOriginalCosponsor>
        <middleName>N.</middleName>
        <sponsorshipWithdrawnDate />
        <state>RI</state>
        <district>1</district>
        <bioguideId>C001084</bioguideId>
      </item>
      <item>
        <sponsorshipDate>2017-03-28</sponsorshipDate>
        <party>D</party>
        <fullName>Rep. Cohen, Steve [D-TN-9]</fullName>
        <identifiers>
          <bioguideId>C001068</bioguideId>
          <lisID>1878</lisID>
          <gpoId>8156</gpoId>
        </identifiers>
        <lastName>Cohen</lastName>
        <firstName>Steve</firstName>
        <isOriginalCosponsor>False</isOriginalCosponsor>
        <middleName />
        <sponsorshipWithdrawnDate />
        <state>TN</state>
        <district>9</district>
        <bioguideId>C001068</bioguideId>
      </item>
    </cosponsors>
    <introducedDate>2017-03-16</introducedDate>
    <congress>115</congress>
    <subjects>
      <billSubjects>
        <policyArea>
          <name>Congress</name>
        </policyArea>
        <legislativeSubjects>
          <item>
            <name>Congressional oversight</name>
          </item>
          <item>
            <name>Congressional-executive branch relations</name>
          </item>
          <item>
            <name>Department of Justice</name>
          </item>
          <item>
            <name>Elections, voting, political campaign regulation</name>
          </item>
          <item>
            <name>Government ethics and transparency, public corruption</name>
          </item>
          <item>
            <name>Intelligence activities, surveillance, classified information</name>
          </item>
          <item>
            <name>Internet and video services</name>
          </item>
          <item>
            <name>Presidents and presidential powers, Vice Presidents</name>
          </item>
        </legislativeSubjects>
      </billSubjects>
    </subjects>
  </bill>
  <dublinCore xmlns:dc="http://purl.org/dc/elements/1.1/">
    <dc:format>text/xml</dc:format>
    <dc:language>EN</dc:language>
    <dc:rights>Pursuant to Title 17 Section 105 of the United States Code, this file is not subject to copyright protection and is in the public domain.</dc:rights>
    <dc:contributor>Congressional Research Service, Library of Congress</dc:contributor>
    <dc:description>This file contains bill summaries and statuses for federal legislation. A bill summary describes the most significant provisions of a piece of legislation and details the effects the legislative text may have on current law and federal programs. Bill summaries are authored by the Congressional Research Service (CRS) of the Library of Congress. As stated in Public Law 91-510 (2 USC 166 (d)(6)), one of the duties of CRS is "to prepare summaries and digests of bills and resolutions of a public general nature introduced in the Senate or House of Representatives". For more information, refer to the User Guide that accompanies this file.</dc:description>
  </dublinCore>
</billStatus>

