<?xml version="1.0" encoding="UTF-8"?>
<billStatus>
  <bill>
    <committees>
      <billCommittees>
        <item>
          <activities>
            <item>
              <name>Referred to</name>
              <date>2017-02-16T15:04:00Z</date>
            </item>
          </activities>
          <chamber>House</chamber>
          <systemCode>hsju00</systemCode>
          <name>Judiciary Committee</name>
          <type>Standing</type>
          <subcommittees>
            <item>
              <systemCode>hsju10</systemCode>
              <activities>
                <item>
                  <name>Referred to</name>
                  <date>2017-02-16T20:29:36Z</date>
                </item>
              </activities>
              <name>Constitution and Civil Justice Subcommittee</name>
            </item>
          </subcommittees>
        </item>
      </billCommittees>
    </committees>
    <recordedVotes />
    <laws />
    <summaries>
      <billSummaries>
        <item>
          <name>Introduced in House</name>
          <actionDesc>Introduced in House</actionDesc>
          <actionDate>2017-02-16</actionDate>
          <lastSummaryUpdateDate>2017-03-01T20:37:20Z</lastSummaryUpdateDate>
          <versionCode>00</versionCode>
          <updateDate>2017-02-16T05:00:00Z</updateDate>
          <text><![CDATA[<p><strong>Equality for All Resolution of 2017</strong></p> <p style="TEXT-ALIGN: left" class="lbexIndentParagraph">Expresses the sense of the House of&nbsp;Representatives that&nbsp;lesbian, gay, bisexual, and transgender individuals&nbsp;are valuable, contributing members of society&nbsp;who deserve equal treatment under the law.</p> <p style="TEXT-ALIGN: left" class="lbexIndentParagraph">Declares that: (1) discrimination based on sexual orientation and gender identity is a serious problem; (2) existing federal protections are inadequate to ensure nondiscrimination; and (3) Congress should pass legislation that prohibits such discrimination in areas including credit, employment, education, federally funded programs, housing, jury service, and public accommodations.</p> <p style="TEXT-ALIGN: left" class="lbexIndentParagraph">Encourages states to prohibit such discrimination and to reject laws that undermine nondiscrimination protections. </p>]]></text>
        </item>
      </billSummaries>
    </summaries>
    <calendarNumbers />
    <titles>
      <item>
        <chamberName />
        <chamberCode />
        <titleType>Short Titles as Introduced</titleType>
        <title>Equality for All Resolution of 2017</title>
        <parentTitleType />
      </item>
      <item>
        <chamberName />
        <chamberCode />
        <titleType>Official Title as Introduced</titleType>
        <title>Expressing the sense of the Congress that lesbian, gay, bisexual, and transgender individuals should be protected from discrimination under the law.</title>
        <parentTitleType />
      </item>
      <item>
        <chamberName />
        <chamberCode />
        <titleType>Display Title</titleType>
        <title>Equality for All Resolution of 2017</title>
        <parentTitleType />
      </item>
      <item>
        <chamberName />
        <chamberCode />
        <titleType>(Extracted from GPO) Short Titles as Introduced</titleType>
        <title>Equality for All Resolution of 2017</title>
        <parentTitleType />
      </item>
    </titles>
    <cosponsors>
      <item>
        <district>3</district>
        <firstName>Joyce</firstName>
        <identifiers>
          <lisID>2153</lisID>
          <bioguideId>B001281</bioguideId>
          <gpoId />
        </identifiers>
        <isOriginalCosponsor>True</isOriginalCosponsor>
        <bioguideId>B001281</bioguideId>
        <state>OH</state>
        <fullName>Rep. Beatty, Joyce [D-OH-3]</fullName>
        <party>D</party>
        <lastName>Beatty</lastName>
        <sponsorshipDate>2017-02-16</sponsorshipDate>
        <middleName />
        <sponsorshipWithdrawnDate />
      </item>
      <item>
        <district>3</district>
        <firstName>EARL</firstName>
        <identifiers>
          <lisID>99</lisID>
          <bioguideId>B000574</bioguideId>
          <gpoId>8116</gpoId>
        </identifiers>
        <isOriginalCosponsor>True</isOriginalCosponsor>
        <bioguideId>B000574</bioguideId>
        <state>OR</state>
        <fullName>Rep. Blumenauer, Earl [D-OR-3]</fullName>
        <party>D</party>
        <lastName>BLUMENAUER</lastName>
        <sponsorshipDate>2017-02-16</sponsorshipDate>
        <middleName />
        <sponsorshipWithdrawnDate />
      </item>
      <item>
        <district>1</district>
        <firstName>Suzanne</firstName>
        <identifiers>
          <bioguideId>B001278</bioguideId>
          <lisID>2092</lisID>
          <gpoId>8367</gpoId>
        </identifiers>
        <isOriginalCosponsor>True</isOriginalCosponsor>
        <bioguideId>B001278</bioguideId>
        <state>OR</state>
        <fullName>Rep. Bonamici, Suzanne [D-OR-1]</fullName>
        <party>D</party>
        <lastName>Bonamici</lastName>
        <sponsorshipDate>2017-02-16</sponsorshipDate>
        <middleName />
        <sponsorshipWithdrawnDate />
      </item>
      <item>
        <district>26</district>
        <firstName>Julia</firstName>
        <identifiers>
          <lisID>2106</lisID>
          <gpoId />
          <bioguideId>B001285</bioguideId>
        </identifiers>
        <isOriginalCosponsor>True</isOriginalCosponsor>
        <bioguideId>B001285</bioguideId>
        <state>CA</state>
        <fullName>Rep. Brownley, Julia [D-CA-26]</fullName>
        <party>D</party>
        <lastName>Brownley</lastName>
        <sponsorshipDate>2017-02-16</sponsorshipDate>
        <middleName />
        <sponsorshipWithdrawnDate />
      </item>
      <item>
        <district>24</district>
        <firstName>Salud</firstName>
        <identifiers>
          <bioguideId>C001112</bioguideId>
          <lisID>2310</lisID>
          <gpoId />
        </identifiers>
        <isOriginalCosponsor>True</isOriginalCosponsor>
        <bioguideId>C001112</bioguideId>
        <state>CA</state>
        <fullName>Rep. Carbajal, Salud O. [D-CA-24]</fullName>
        <party>D</party>
        <lastName>Carbajal</lastName>
        <sponsorshipDate>2017-02-16</sponsorshipDate>
        <middleName>O.</middleName>
        <sponsorshipWithdrawnDate />
      </item>
      <item>
        <district>29</district>
        <firstName>Tony</firstName>
        <identifiers>
          <lisID>2107</lisID>
          <gpoId />
          <bioguideId>C001097</bioguideId>
        </identifiers>
        <isOriginalCosponsor>True</isOriginalCosponsor>
        <bioguideId>C001097</bioguideId>
        <state>CA</state>
        <fullName>Rep. Cardenas, Tony [D-CA-29]</fullName>
        <party>D</party>
        <lastName>Cardenas</lastName>
        <sponsorshipDate>2017-02-16</sponsorshipDate>
        <middleName />
        <sponsorshipWithdrawnDate />
      </item>
      <item>
        <district>17</district>
        <firstName>Matt</firstName>
        <identifiers>
          <bioguideId>C001090</bioguideId>
          <lisID>2159</lisID>
          <gpoId />
        </identifiers>
        <isOriginalCosponsor>True</isOriginalCosponsor>
        <bioguideId>C001090</bioguideId>
        <state>PA</state>
        <fullName>Rep. Cartwright, Matt [D-PA-17]</fullName>
        <party>D</party>
        <lastName>Cartwright</lastName>
        <sponsorshipDate>2017-02-16</sponsorshipDate>
        <middleName />
        <sponsorshipWithdrawnDate />
      </item>
      <item>
        <district>14</district>
        <firstName>Kathy</firstName>
        <identifiers>
          <lisID>1839</lisID>
          <bioguideId>C001066</bioguideId>
          <gpoId>7883</gpoId>
        </identifiers>
        <isOriginalCosponsor>True</isOriginalCosponsor>
        <bioguideId>C001066</bioguideId>
        <state>FL</state>
        <fullName>Rep. Castor, Kathy [D-FL-14]</fullName>
        <party>D</party>
        <lastName>Castor</lastName>
        <sponsorshipDate>2017-02-16</sponsorshipDate>
        <middleName />
        <sponsorshipWithdrawnDate />
      </item>
      <item>
        <district>1</district>
        <firstName>David</firstName>
        <identifiers>
          <lisID>2055</lisID>
          <gpoId>8139</gpoId>
          <bioguideId>C001084</bioguideId>
        </identifiers>
        <isOriginalCosponsor>True</isOriginalCosponsor>
        <bioguideId>C001084</bioguideId>
        <state>RI</state>
        <fullName>Rep. Cicilline, David N. [D-RI-1]</fullName>
        <party>D</party>
        <lastName>Cicilline</lastName>
        <sponsorshipDate>2017-02-16</sponsorshipDate>
        <middleName>N.</middleName>
        <sponsorshipWithdrawnDate />
      </item>
      <item>
        <district>5</district>
        <firstName>Katherine</firstName>
        <identifiers>
          <lisID>2196</lisID>
          <gpoId />
          <bioguideId>C001101</bioguideId>
        </identifiers>
        <isOriginalCosponsor>True</isOriginalCosponsor>
        <bioguideId>C001101</bioguideId>
        <state>MA</state>
        <fullName>Rep. Clark, Katherine M. [D-MA-5]</fullName>
        <party>D</party>
        <lastName>Clark</lastName>
        <sponsorshipDate>2017-02-16</sponsorshipDate>
        <middleName>M.</middleName>
        <sponsorshipWithdrawnDate />
      </item>
      <item>
        <district>9</district>
        <firstName>Steve</firstName>
        <identifiers>
          <bioguideId>C001068</bioguideId>
          <lisID>1878</lisID>
          <gpoId>8156</gpoId>
        </identifiers>
        <isOriginalCosponsor>True</isOriginalCosponsor>
        <bioguideId>C001068</bioguideId>
        <state>TN</state>
        <fullName>Rep. Cohen, Steve [D-TN-9]</fullName>
        <party>D</party>
        <lastName>Cohen</lastName>
        <sponsorshipDate>2017-02-16</sponsorshipDate>
        <middleName />
        <sponsorshipWithdrawnDate />
      </item>
      <item>
        <district>14</district>
        <firstName>JOSEPH</firstName>
        <identifiers>
          <lisID>1604</lisID>
          <bioguideId>C001038</bioguideId>
          <gpoId>8068</gpoId>
        </identifiers>
        <isOriginalCosponsor>True</isOriginalCosponsor>
        <bioguideId>C001038</bioguideId>
        <state>NY</state>
        <fullName>Rep. Crowley, Joseph [D-NY-14]</fullName>
        <party>D</party>
        <lastName>CROWLEY</lastName>
        <sponsorshipDate>2017-02-16</sponsorshipDate>
        <middleName />
        <sponsorshipWithdrawnDate />
      </item>
      <item>
        <district>7</district>
        <firstName>ELIJAH</firstName>
        <identifiers>
          <lisID>256</lisID>
          <gpoId>7982</gpoId>
          <bioguideId>C000984</bioguideId>
        </identifiers>
        <isOriginalCosponsor>True</isOriginalCosponsor>
        <bioguideId>C000984</bioguideId>
        <state>MD</state>
        <fullName>Rep. Cummings, Elijah E. [D-MD-7]</fullName>
        <party>D</party>
        <lastName>CUMMINGS</lastName>
        <sponsorshipDate>2017-02-16</sponsorshipDate>
        <middleName>E.</middleName>
        <sponsorshipWithdrawnDate />
      </item>
      <item>
        <district>7</district>
        <firstName>DANNY</firstName>
        <identifiers>
          <lisID>1477</lisID>
          <gpoId>7927</gpoId>
          <bioguideId>D000096</bioguideId>
        </identifiers>
        <isOriginalCosponsor>True</isOriginalCosponsor>
        <bioguideId>D000096</bioguideId>
        <state>IL</state>
        <fullName>Rep. Davis, Danny K. [D-IL-7]</fullName>
        <party>D</party>
        <lastName>DAVIS</lastName>
        <sponsorshipDate>2017-02-16</sponsorshipDate>
        <middleName>K.</middleName>
        <sponsorshipWithdrawnDate />
      </item>
      <item>
        <district>53</district>
        <firstName>SUSAN</firstName>
        <identifiers>
          <bioguideId>D000598</bioguideId>
          <lisID>1641</lisID>
          <gpoId>7858</gpoId>
        </identifiers>
        <isOriginalCosponsor>True</isOriginalCosponsor>
        <bioguideId>D000598</bioguideId>
        <state>CA</state>
        <fullName>Rep. Davis, Susan A. [D-CA-53]</fullName>
        <party>D</party>
        <lastName>DAVIS</lastName>
        <sponsorshipDate>2017-02-16</sponsorshipDate>
        <middleName>A.</middleName>
        <sponsorshipWithdrawnDate />
      </item>
      <item>
        <district>1</district>
        <firstName>DIANA</firstName>
        <identifiers>
          <lisID>1479</lisID>
          <gpoId>7859</gpoId>
          <bioguideId>D000197</bioguideId>
        </identifiers>
        <isOriginalCosponsor>True</isOriginalCosponsor>
        <bioguideId>D000197</bioguideId>
        <state>CO</state>
        <fullName>Rep. DeGette, Diana [D-CO-1]</fullName>
        <party>D</party>
        <lastName>DEGETTE</lastName>
        <sponsorshipDate>2017-02-16</sponsorshipDate>
        <middleName />
        <sponsorshipWithdrawnDate />
      </item>
      <item>
        <district>6</district>
        <firstName>John</firstName>
        <identifiers>
          <lisID>2133</lisID>
          <bioguideId>D000620</bioguideId>
          <gpoId />
        </identifiers>
        <isOriginalCosponsor>True</isOriginalCosponsor>
        <bioguideId>D000620</bioguideId>
        <state>MD</state>
        <fullName>Rep. Delaney, John K. [D-MD-6]</fullName>
        <party>D</party>
        <lastName>Delaney</lastName>
        <sponsorshipDate>2017-02-16</sponsorshipDate>
        <middleName>K.</middleName>
        <sponsorshipWithdrawnDate />
      </item>
      <item>
        <district>1</district>
        <firstName>Suzan</firstName>
        <identifiers>
          <lisID>2096</lisID>
          <bioguideId>D000617</bioguideId>
          <gpoId>8374</gpoId>
        </identifiers>
        <isOriginalCosponsor>True</isOriginalCosponsor>
        <bioguideId>D000617</bioguideId>
        <state>WA</state>
        <fullName>Rep. DelBene, Suzan K. [D-WA-1]</fullName>
        <party>D</party>
        <lastName>DelBene</lastName>
        <sponsorshipDate>2017-02-16</sponsorshipDate>
        <middleName>K.</middleName>
        <sponsorshipWithdrawnDate />
      </item>
      <item>
        <district>12</district>
        <firstName>Debbie</firstName>
        <identifiers>
          <lisID>2251</lisID>
          <gpoId />
          <bioguideId>D000624</bioguideId>
        </identifiers>
        <isOriginalCosponsor>True</isOriginalCosponsor>
        <bioguideId>D000624</bioguideId>
        <state>MI</state>
        <fullName>Rep. Dingell, Debbie [D-MI-12]</fullName>
        <party>D</party>
        <lastName>Dingell</lastName>
        <sponsorshipDate>2017-02-16</sponsorshipDate>
        <middleName />
        <sponsorshipWithdrawnDate />
      </item>
      <item>
        <district>5</district>
        <firstName>Elizabeth</firstName>
        <identifiers>
          <lisID>2114</lisID>
          <gpoId />
          <bioguideId>E000293</bioguideId>
        </identifiers>
        <isOriginalCosponsor>True</isOriginalCosponsor>
        <bioguideId>E000293</bioguideId>
        <state>CT</state>
        <fullName>Rep. Esty, Elizabeth H. [D-CT-5]</fullName>
        <party>D</party>
        <lastName>Esty</lastName>
        <sponsorshipDate>2017-02-16</sponsorshipDate>
        <middleName>H.</middleName>
        <sponsorshipWithdrawnDate />
      </item>
      <item>
        <district>11</district>
        <firstName>Bill</firstName>
        <identifiers>
          <gpoId>7355</gpoId>
          <lisID>1888</lisID>
          <bioguideId>F000454</bioguideId>
        </identifiers>
        <isOriginalCosponsor>True</isOriginalCosponsor>
        <bioguideId>F000454</bioguideId>
        <state>IL</state>
        <fullName>Rep. Foster, Bill [D-IL-11]</fullName>
        <party>D</party>
        <lastName>Foster</lastName>
        <sponsorshipDate>2017-02-16</sponsorshipDate>
        <middleName />
        <sponsorshipWithdrawnDate />
      </item>
      <item>
        <district>21</district>
        <firstName>Lois</firstName>
        <identifiers>
          <lisID>2119</lisID>
          <gpoId />
          <bioguideId>F000462</bioguideId>
        </identifiers>
        <isOriginalCosponsor>True</isOriginalCosponsor>
        <bioguideId>F000462</bioguideId>
        <state>FL</state>
        <fullName>Rep. Frankel, Lois [D-FL-21]</fullName>
        <party>D</party>
        <lastName>Frankel</lastName>
        <sponsorshipDate>2017-02-16</sponsorshipDate>
        <middleName />
        <sponsorshipWithdrawnDate />
      </item>
      <item>
        <district>3</district>
        <firstName>John</firstName>
        <identifiers>
          <gpoId>7815</gpoId>
          <lisID>1973</lisID>
          <bioguideId>G000559</bioguideId>
        </identifiers>
        <isOriginalCosponsor>True</isOriginalCosponsor>
        <bioguideId>G000559</bioguideId>
        <state>CA</state>
        <fullName>Rep. Garamendi, John [D-CA-3]</fullName>
        <party>D</party>
        <lastName>Garamendi</lastName>
        <sponsorshipDate>2017-02-16</sponsorshipDate>
        <middleName />
        <sponsorshipWithdrawnDate />
      </item>
      <item>
        <district>9</district>
        <firstName>Al</firstName>
        <identifiers>
          <bioguideId>G000553</bioguideId>
          <gpoId>8165</gpoId>
          <lisID>1803</lisID>
        </identifiers>
        <isOriginalCosponsor>True</isOriginalCosponsor>
        <bioguideId>G000553</bioguideId>
        <state>TX</state>
        <fullName>Rep. Green, Al [D-TX-9]</fullName>
        <party>D</party>
        <lastName>Green</lastName>
        <sponsorshipDate>2017-02-16</sponsorshipDate>
        <middleName />
        <sponsorshipWithdrawnDate />
      </item>
      <item>
        <district>4</district>
        <firstName>LUIS</firstName>
        <identifiers>
          <bioguideId>G000535</bioguideId>
          <gpoId>7924</gpoId>
          <lisID>478</lisID>
        </identifiers>
        <isOriginalCosponsor>True</isOriginalCosponsor>
        <bioguideId>G000535</bioguideId>
        <state>IL</state>
        <fullName>Rep. Gutierrez, Luis V. [D-IL-4]</fullName>
        <party>D</party>
        <lastName>GUTIERREZ</lastName>
        <sponsorshipDate>2017-02-16</sponsorshipDate>
        <middleName>V.</middleName>
        <sponsorshipWithdrawnDate />
      </item>
      <item>
        <district>20</district>
        <firstName>ALCEE</firstName>
        <identifiers>
          <lisID>511</lisID>
          <bioguideId>H000324</bioguideId>
          <gpoId>7895</gpoId>
        </identifiers>
        <isOriginalCosponsor>True</isOriginalCosponsor>
        <bioguideId>H000324</bioguideId>
        <state>FL</state>
        <fullName>Rep. Hastings, Alcee L. [D-FL-20]</fullName>
        <party>D</party>
        <lastName>HASTINGS</lastName>
        <sponsorshipDate>2017-02-16</sponsorshipDate>
        <middleName>L.</middleName>
        <sponsorshipWithdrawnDate />
      </item>
      <item>
        <district>26</district>
        <firstName>Brian</firstName>
        <identifiers>
          <gpoId>8088</gpoId>
          <lisID>1794</lisID>
          <bioguideId>H001038</bioguideId>
        </identifiers>
        <isOriginalCosponsor>True</isOriginalCosponsor>
        <bioguideId>H001038</bioguideId>
        <state>NY</state>
        <fullName>Rep. Higgins, Brian [D-NY-26]</fullName>
        <party>D</party>
        <lastName>Higgins</lastName>
        <sponsorshipDate>2017-02-16</sponsorshipDate>
        <middleName />
        <sponsorshipWithdrawnDate />
      </item>
      <item>
        <district>18</district>
        <firstName>SHEILA</firstName>
        <identifiers>
          <bioguideId>J000032</bioguideId>
          <lisID>588</lisID>
          <gpoId>8174</gpoId>
        </identifiers>
        <isOriginalCosponsor>True</isOriginalCosponsor>
        <bioguideId>J000032</bioguideId>
        <state>TX</state>
        <fullName>Rep. Jackson Lee, Sheila [D-TX-18]</fullName>
        <party>D</party>
        <lastName>JACKSON LEE</lastName>
        <sponsorshipDate>2017-02-16</sponsorshipDate>
        <middleName />
        <sponsorshipWithdrawnDate />
      </item>
      <item>
        <district>8</district>
        <firstName>Hakeem</firstName>
        <identifiers>
          <gpoId />
          <lisID>2149</lisID>
          <bioguideId>J000294</bioguideId>
        </identifiers>
        <isOriginalCosponsor>True</isOriginalCosponsor>
        <bioguideId>J000294</bioguideId>
        <state>NY</state>
        <fullName>Rep. Jeffries, Hakeem S. [D-NY-8]</fullName>
        <party>D</party>
        <lastName>Jeffries</lastName>
        <sponsorshipDate>2017-02-16</sponsorshipDate>
        <middleName>S.</middleName>
        <sponsorshipWithdrawnDate />
      </item>
      <item>
        <district>4</district>
        <firstName>Henry</firstName>
        <identifiers>
          <bioguideId>J000288</bioguideId>
          <lisID>1843</lisID>
          <gpoId>7901</gpoId>
        </identifiers>
        <isOriginalCosponsor>True</isOriginalCosponsor>
        <bioguideId>J000288</bioguideId>
        <state>GA</state>
        <fullName>Rep. Johnson, Henry C. "Hank," Jr. [D-GA-4]</fullName>
        <party>D</party>
        <lastName>Johnson</lastName>
        <sponsorshipDate>2017-02-16</sponsorshipDate>
        <middleName>C. "Hank"</middleName>
        <sponsorshipWithdrawnDate />
      </item>
      <item>
        <district>9</district>
        <firstName>William</firstName>
        <identifiers>
          <bioguideId>K000375</bioguideId>
          <gpoId>7975</gpoId>
          <lisID>2025</lisID>
        </identifiers>
        <isOriginalCosponsor>True</isOriginalCosponsor>
        <bioguideId>K000375</bioguideId>
        <state>MA</state>
        <fullName>Rep. Keating, William R. [D-MA-9]</fullName>
        <party>D</party>
        <lastName>Keating</lastName>
        <sponsorshipDate>2017-02-16</sponsorshipDate>
        <middleName>R.</middleName>
        <sponsorshipWithdrawnDate />
      </item>
      <item>
        <district>5</district>
        <firstName>Daniel</firstName>
        <identifiers>
          <lisID>2134</lisID>
          <bioguideId>K000380</bioguideId>
          <gpoId />
        </identifiers>
        <isOriginalCosponsor>True</isOriginalCosponsor>
        <bioguideId>K000380</bioguideId>
        <state>MI</state>
        <fullName>Rep. Kildee, Daniel T. [D-MI-5]</fullName>
        <party>D</party>
        <lastName>Kildee</lastName>
        <sponsorshipDate>2017-02-16</sponsorshipDate>
        <middleName>T.</middleName>
        <sponsorshipWithdrawnDate />
      </item>
      <item>
        <district>6</district>
        <firstName>Derek</firstName>
        <identifiers>
          <lisID>2169</lisID>
          <gpoId />
          <bioguideId>K000381</bioguideId>
        </identifiers>
        <isOriginalCosponsor>True</isOriginalCosponsor>
        <bioguideId>K000381</bioguideId>
        <state>WA</state>
        <fullName>Rep. Kilmer, Derek [D-WA-6]</fullName>
        <party>D</party>
        <lastName>Kilmer</lastName>
        <sponsorshipDate>2017-02-16</sponsorshipDate>
        <middleName />
        <sponsorshipWithdrawnDate />
      </item>
      <item>
        <district>8</district>
        <firstName>Raja</firstName>
        <identifiers>
          <lisID>2325</lisID>
          <gpoId />
          <bioguideId>K000391</bioguideId>
        </identifiers>
        <isOriginalCosponsor>True</isOriginalCosponsor>
        <bioguideId>K000391</bioguideId>
        <state>IL</state>
        <fullName>Rep. Krishnamoorthi, Raja [D-IL-8]</fullName>
        <party>D</party>
        <lastName>Krishnamoorthi</lastName>
        <sponsorshipDate>2017-02-16</sponsorshipDate>
        <middleName />
        <sponsorshipWithdrawnDate />
      </item>
      <item>
        <district>2</district>
        <firstName>RICK</firstName>
        <identifiers>
          <gpoId>8206</gpoId>
          <lisID>1675</lisID>
          <bioguideId>L000560</bioguideId>
        </identifiers>
        <isOriginalCosponsor>True</isOriginalCosponsor>
        <bioguideId>L000560</bioguideId>
        <state>WA</state>
        <fullName>Rep. Larsen, Rick [D-WA-2]</fullName>
        <party>D</party>
        <lastName>LARSEN</lastName>
        <sponsorshipDate>2017-02-16</sponsorshipDate>
        <middleName />
        <sponsorshipWithdrawnDate />
      </item>
      <item>
        <district>13</district>
        <firstName>BARBARA</firstName>
        <identifiers>
          <lisID>1501</lisID>
          <gpoId>7814</gpoId>
          <bioguideId>L000551</bioguideId>
        </identifiers>
        <isOriginalCosponsor>True</isOriginalCosponsor>
        <bioguideId>L000551</bioguideId>
        <state>CA</state>
        <fullName>Rep. Lee, Barbara [D-CA-13]</fullName>
        <party>D</party>
        <lastName>LEE</lastName>
        <sponsorshipDate>2017-02-16</sponsorshipDate>
        <middleName />
        <sponsorshipWithdrawnDate />
      </item>
      <item>
        <district>47</district>
        <firstName>Alan</firstName>
        <identifiers>
          <bioguideId>L000579</bioguideId>
          <lisID>2111</lisID>
          <gpoId />
        </identifiers>
        <isOriginalCosponsor>True</isOriginalCosponsor>
        <bioguideId>L000579</bioguideId>
        <state>CA</state>
        <fullName>Rep. Lowenthal, Alan S. [D-CA-47]</fullName>
        <party>D</party>
        <lastName>Lowenthal</lastName>
        <sponsorshipDate>2017-02-16</sponsorshipDate>
        <middleName>S.</middleName>
        <sponsorshipWithdrawnDate />
      </item>
      <item>
        <district>3</district>
        <firstName>Ben</firstName>
        <identifiers>
          <lisID>1939</lisID>
          <gpoId>8058</gpoId>
          <bioguideId>L000570</bioguideId>
        </identifiers>
        <isOriginalCosponsor>True</isOriginalCosponsor>
        <bioguideId>L000570</bioguideId>
        <state>NM</state>
        <fullName>Rep. Lujan, Ben Ray [D-NM-3]</fullName>
        <party>D</party>
        <lastName>Lujan</lastName>
        <sponsorshipDate>2017-02-16</sponsorshipDate>
        <middleName>Ray</middleName>
        <sponsorshipWithdrawnDate />
      </item>
      <item>
        <district>1</district>
        <firstName>Michelle</firstName>
        <identifiers>
          <bioguideId>L000580</bioguideId>
          <lisID>2146</lisID>
          <gpoId />
        </identifiers>
        <isOriginalCosponsor>True</isOriginalCosponsor>
        <bioguideId>L000580</bioguideId>
        <state>NM</state>
        <fullName>Rep. Lujan Grisham, Michelle [D-NM-1]</fullName>
        <party>D</party>
        <lastName>Lujan Grisham</lastName>
        <sponsorshipDate>2017-02-16</sponsorshipDate>
        <middleName />
        <sponsorshipWithdrawnDate />
      </item>
      <item>
        <district>8</district>
        <firstName>Stephen</firstName>
        <identifiers>
          <lisID>1686</lisID>
          <bioguideId>L000562</bioguideId>
          <gpoId>7974</gpoId>
        </identifiers>
        <isOriginalCosponsor>True</isOriginalCosponsor>
        <bioguideId>L000562</bioguideId>
        <state>MA</state>
        <fullName>Rep. Lynch, Stephen F. [D-MA-8]</fullName>
        <party>D</party>
        <lastName>Lynch</lastName>
        <sponsorshipDate>2017-02-16</sponsorshipDate>
        <middleName>F.</middleName>
        <sponsorshipWithdrawnDate />
      </item>
      <item>
        <district>18</district>
        <firstName>Sean</firstName>
        <identifiers>
          <lisID>2150</lisID>
          <gpoId />
          <bioguideId>M001185</bioguideId>
        </identifiers>
        <isOriginalCosponsor>True</isOriginalCosponsor>
        <bioguideId>M001185</bioguideId>
        <state>NY</state>
        <fullName>Rep. Maloney, Sean Patrick [D-NY-18]</fullName>
        <party>D</party>
        <lastName>Maloney</lastName>
        <sponsorshipDate>2017-02-16</sponsorshipDate>
        <middleName>Patrick</middleName>
        <sponsorshipWithdrawnDate />
      </item>
      <item>
        <district>4</district>
        <firstName>BETTY</firstName>
        <identifiers>
          <lisID>1653</lisID>
          <gpoId>8004</gpoId>
          <bioguideId>M001143</bioguideId>
        </identifiers>
        <isOriginalCosponsor>True</isOriginalCosponsor>
        <bioguideId>M001143</bioguideId>
        <state>MN</state>
        <fullName>Rep. McCollum, Betty [D-MN-4]</fullName>
        <party>D</party>
        <lastName>MCCOLLUM</lastName>
        <sponsorshipDate>2017-02-16</sponsorshipDate>
        <middleName />
        <sponsorshipWithdrawnDate />
      </item>
      <item>
        <district>5</district>
        <firstName>GREGORY</firstName>
        <identifiers>
          <bioguideId>M001137</bioguideId>
          <lisID>1506</lisID>
          <gpoId>8067</gpoId>
        </identifiers>
        <isOriginalCosponsor>True</isOriginalCosponsor>
        <bioguideId>M001137</bioguideId>
        <state>NY</state>
        <fullName>Rep. Meeks, Gregory W. [D-NY-5]</fullName>
        <party>D</party>
        <lastName>MEEKS</lastName>
        <sponsorshipDate>2017-02-16</sponsorshipDate>
        <middleName>W.</middleName>
        <sponsorshipWithdrawnDate />
      </item>
      <item>
        <district>6</district>
        <firstName>Grace</firstName>
        <identifiers>
          <lisID>2148</lisID>
          <bioguideId>M001188</bioguideId>
          <gpoId />
        </identifiers>
        <isOriginalCosponsor>True</isOriginalCosponsor>
        <bioguideId>M001188</bioguideId>
        <state>NY</state>
        <fullName>Rep. Meng, Grace [D-NY-6]</fullName>
        <party>D</party>
        <lastName>Meng</lastName>
        <sponsorshipDate>2017-02-16</sponsorshipDate>
        <middleName />
        <sponsorshipWithdrawnDate />
      </item>
      <item>
        <district>4</district>
        <firstName>Gwen</firstName>
        <identifiers>
          <lisID>1811</lisID>
          <gpoId>8217</gpoId>
          <bioguideId>M001160</bioguideId>
        </identifiers>
        <isOriginalCosponsor>True</isOriginalCosponsor>
        <bioguideId>M001160</bioguideId>
        <state>WI</state>
        <fullName>Rep. Moore, Gwen [D-WI-4]</fullName>
        <party>D</party>
        <lastName>Moore</lastName>
        <sponsorshipDate>2017-02-16</sponsorshipDate>
        <middleName />
        <sponsorshipWithdrawnDate />
      </item>
      <item>
        <district>6</district>
        <firstName>Seth</firstName>
        <identifiers>
          <lisID>2246</lisID>
          <bioguideId>M001196</bioguideId>
          <gpoId />
        </identifiers>
        <isOriginalCosponsor>True</isOriginalCosponsor>
        <bioguideId>M001196</bioguideId>
        <state>MA</state>
        <fullName>Rep. Moulton, Seth [D-MA-6]</fullName>
        <party>D</party>
        <lastName>Moulton</lastName>
        <sponsorshipDate>2017-02-16</sponsorshipDate>
        <middleName />
        <sponsorshipWithdrawnDate />
      </item>
      <item>
        <district>10</district>
        <firstName>JERROLD</firstName>
        <identifiers>
          <lisID>850</lisID>
          <bioguideId>N000002</bioguideId>
          <gpoId>8069</gpoId>
        </identifiers>
        <isOriginalCosponsor>True</isOriginalCosponsor>
        <bioguideId>N000002</bioguideId>
        <state>NY</state>
        <fullName>Rep. Nadler, Jerrold [D-NY-10]</fullName>
        <party>D</party>
        <lastName>NADLER</lastName>
        <sponsorshipDate>2017-02-16</sponsorshipDate>
        <middleName />
        <sponsorshipWithdrawnDate />
      </item>
      <item>
        <district>1</district>
        <firstName>RICHARD</firstName>
        <identifiers>
          <lisID>854</lisID>
          <bioguideId>N000015</bioguideId>
          <gpoId>7967</gpoId>
        </identifiers>
        <isOriginalCosponsor>True</isOriginalCosponsor>
        <bioguideId>N000015</bioguideId>
        <state>MA</state>
        <fullName>Rep. Neal, Richard E. [D-MA-1]</fullName>
        <party>D</party>
        <lastName>NEAL</lastName>
        <sponsorshipDate>2017-02-16</sponsorshipDate>
        <middleName>E.</middleName>
        <sponsorshipWithdrawnDate />
      </item>
      <item>
        <district>1</district>
        <firstName>Donald</firstName>
        <identifiers>
          <lisID>2202</lisID>
          <gpoId />
          <bioguideId>N000188</bioguideId>
        </identifiers>
        <isOriginalCosponsor>True</isOriginalCosponsor>
        <bioguideId>N000188</bioguideId>
        <state>NJ</state>
        <fullName>Rep. Norcross, Donald [D-NJ-1]</fullName>
        <party>D</party>
        <lastName>Norcross</lastName>
        <sponsorshipDate>2017-02-16</sponsorshipDate>
        <middleName />
        <sponsorshipWithdrawnDate />
      </item>
      <item>
        <district>0</district>
        <firstName>ELEANOR</firstName>
        <identifiers>
          <gpoId>7871</gpoId>
          <lisID>868</lisID>
          <bioguideId>N000147</bioguideId>
        </identifiers>
        <isOriginalCosponsor>True</isOriginalCosponsor>
        <bioguideId>N000147</bioguideId>
        <state>DC</state>
        <fullName>Rep. Norton, Eleanor Holmes [D-DC-At Large]</fullName>
        <party>D</party>
        <lastName>NORTON</lastName>
        <sponsorshipDate>2017-02-16</sponsorshipDate>
        <middleName>HOLMES</middleName>
        <sponsorshipWithdrawnDate />
      </item>
      <item>
        <district>20</district>
        <firstName>Jimmy</firstName>
        <identifiers>
          <bioguideId>P000613</bioguideId>
          <lisID>2309</lisID>
          <gpoId />
        </identifiers>
        <isOriginalCosponsor>True</isOriginalCosponsor>
        <bioguideId>P000613</bioguideId>
        <state>CA</state>
        <fullName>Rep. Panetta, Jimmy [D-CA-20]</fullName>
        <party>D</party>
        <lastName>Panetta</lastName>
        <sponsorshipDate>2017-02-16</sponsorshipDate>
        <middleName />
        <sponsorshipWithdrawnDate />
      </item>
      <item>
        <district>52</district>
        <firstName>Scott</firstName>
        <identifiers>
          <bioguideId>P000608</bioguideId>
          <gpoId />
          <lisID>2113</lisID>
        </identifiers>
        <isOriginalCosponsor>True</isOriginalCosponsor>
        <bioguideId>P000608</bioguideId>
        <state>CA</state>
        <fullName>Rep. Peters, Scott H. [D-CA-52]</fullName>
        <party>D</party>
        <lastName>Peters</lastName>
        <sponsorshipDate>2017-02-16</sponsorshipDate>
        <middleName>H.</middleName>
        <sponsorshipWithdrawnDate />
      </item>
      <item>
        <district>1</district>
        <firstName>Chellie</firstName>
        <identifiers>
          <lisID>1927</lisID>
          <gpoId>7984</gpoId>
          <bioguideId>P000597</bioguideId>
        </identifiers>
        <isOriginalCosponsor>True</isOriginalCosponsor>
        <bioguideId>P000597</bioguideId>
        <state>ME</state>
        <fullName>Rep. Pingree, Chellie [D-ME-1]</fullName>
        <party>D</party>
        <lastName>Pingree</lastName>
        <sponsorshipDate>2017-02-16</sponsorshipDate>
        <middleName />
        <sponsorshipWithdrawnDate />
      </item>
      <item>
        <district>2</district>
        <firstName>Mark</firstName>
        <identifiers>
          <lisID>2171</lisID>
          <gpoId />
          <bioguideId>P000607</bioguideId>
        </identifiers>
        <isOriginalCosponsor>True</isOriginalCosponsor>
        <bioguideId>P000607</bioguideId>
        <state>WI</state>
        <fullName>Rep. Pocan, Mark [D-WI-2]</fullName>
        <party>D</party>
        <lastName>Pocan</lastName>
        <sponsorshipDate>2017-02-16</sponsorshipDate>
        <middleName />
        <sponsorshipWithdrawnDate />
      </item>
      <item>
        <district>2</district>
        <firstName>Jared</firstName>
        <identifiers>
          <lisID>1910</lisID>
          <bioguideId>P000598</bioguideId>
          <gpoId>7860</gpoId>
        </identifiers>
        <isOriginalCosponsor>True</isOriginalCosponsor>
        <bioguideId>P000598</bioguideId>
        <state>CO</state>
        <fullName>Rep. Polis, Jared [D-CO-2]</fullName>
        <party>D</party>
        <lastName>Polis</lastName>
        <sponsorshipDate>2017-02-16</sponsorshipDate>
        <middleName />
        <sponsorshipWithdrawnDate />
      </item>
      <item>
        <district>8</district>
        <firstName>Jamie</firstName>
        <identifiers>
          <bioguideId>R000606</bioguideId>
          <lisID>2332</lisID>
          <gpoId />
        </identifiers>
        <isOriginalCosponsor>True</isOriginalCosponsor>
        <bioguideId>R000606</bioguideId>
        <state>MD</state>
        <fullName>Rep. Raskin, Jamie [D-MD-8]</fullName>
        <party>D</party>
        <lastName>Raskin</lastName>
        <sponsorshipDate>2017-02-16</sponsorshipDate>
        <middleName />
        <sponsorshipWithdrawnDate />
      </item>
      <item>
        <district>4</district>
        <firstName>Kathleen</firstName>
        <identifiers>
          <lisID>2262</lisID>
          <bioguideId>R000602</bioguideId>
          <gpoId />
        </identifiers>
        <isOriginalCosponsor>True</isOriginalCosponsor>
        <bioguideId>R000602</bioguideId>
        <state>NY</state>
        <fullName>Rep. Rice, Kathleen M. [D-NY-4]</fullName>
        <party>D</party>
        <lastName>Rice</lastName>
        <sponsorshipDate>2017-02-16</sponsorshipDate>
        <middleName>M.</middleName>
        <sponsorshipWithdrawnDate />
      </item>
      <item>
        <district>1</district>
        <firstName>BOBBY</firstName>
        <identifiers>
          <lisID>1003</lisID>
          <bioguideId>R000515</bioguideId>
          <gpoId>7921</gpoId>
        </identifiers>
        <isOriginalCosponsor>True</isOriginalCosponsor>
        <bioguideId>R000515</bioguideId>
        <state>IL</state>
        <fullName>Rep. Rush, Bobby L. [D-IL-1]</fullName>
        <party>D</party>
        <lastName>RUSH</lastName>
        <sponsorshipDate>2017-02-16</sponsorshipDate>
        <middleName>L.</middleName>
        <sponsorshipWithdrawnDate />
      </item>
      <item>
        <district>13</district>
        <firstName>TIM</firstName>
        <identifiers>
          <lisID>1756</lisID>
          <gpoId>8107</gpoId>
          <bioguideId>R000577</bioguideId>
        </identifiers>
        <isOriginalCosponsor>True</isOriginalCosponsor>
        <bioguideId>R000577</bioguideId>
        <state>OH</state>
        <fullName>Rep. Ryan, Tim [D-OH-13]</fullName>
        <party>D</party>
        <lastName>RYAN</lastName>
        <sponsorshipDate>2017-02-16</sponsorshipDate>
        <middleName />
        <sponsorshipWithdrawnDate />
      </item>
      <item>
        <district>38</district>
        <firstName>LINDA</firstName>
        <identifiers>
          <lisID>1757</lisID>
          <gpoId>7844</gpoId>
          <bioguideId>S001156</bioguideId>
        </identifiers>
        <isOriginalCosponsor>True</isOriginalCosponsor>
        <bioguideId>S001156</bioguideId>
        <state>CA</state>
        <fullName>Rep. Sanchez, Linda T. [D-CA-38]</fullName>
        <party>D</party>
        <lastName>SANCHEZ</lastName>
        <sponsorshipDate>2017-02-16</sponsorshipDate>
        <middleName>T.</middleName>
        <sponsorshipWithdrawnDate />
      </item>
      <item>
        <district>9</district>
        <firstName>JANICE</firstName>
        <identifiers>
          <lisID>1588</lisID>
          <bioguideId>S001145</bioguideId>
          <gpoId>7929</gpoId>
        </identifiers>
        <isOriginalCosponsor>True</isOriginalCosponsor>
        <bioguideId>S001145</bioguideId>
        <state>IL</state>
        <fullName>Rep. Schakowsky, Janice D. [D-IL-9]</fullName>
        <party>D</party>
        <lastName>SCHAKOWSKY</lastName>
        <sponsorshipDate>2017-02-16</sponsorshipDate>
        <middleName>D.</middleName>
        <sponsorshipWithdrawnDate />
      </item>
      <item>
        <district>28</district>
        <firstName>ADAM</firstName>
        <identifiers>
          <gpoId>7834</gpoId>
          <lisID>1635</lisID>
          <bioguideId>S001150</bioguideId>
        </identifiers>
        <isOriginalCosponsor>True</isOriginalCosponsor>
        <bioguideId>S001150</bioguideId>
        <state>CA</state>
        <fullName>Rep. Schiff, Adam B. [D-CA-28]</fullName>
        <party>D</party>
        <lastName>SCHIFF</lastName>
        <sponsorshipDate>2017-02-16</sponsorshipDate>
        <middleName>B.</middleName>
        <sponsorshipWithdrawnDate />
      </item>
      <item>
        <district>10</district>
        <firstName>Bradley</firstName>
        <identifiers>
          <bioguideId>S001190</bioguideId>
          <lisID>2124</lisID>
          <gpoId />
        </identifiers>
        <isOriginalCosponsor>True</isOriginalCosponsor>
        <bioguideId>S001190</bioguideId>
        <state>IL</state>
        <fullName>Rep. Schneider, Bradley Scott [D-IL-10]</fullName>
        <party>D</party>
        <lastName>Schneider</lastName>
        <sponsorshipDate>2017-02-16</sponsorshipDate>
        <middleName>Scott</middleName>
        <sponsorshipWithdrawnDate />
      </item>
      <item>
        <district>5</district>
        <firstName>Kurt</firstName>
        <identifiers>
          <bioguideId>S001180</bioguideId>
          <lisID>1950</lisID>
          <gpoId>8118</gpoId>
        </identifiers>
        <isOriginalCosponsor>True</isOriginalCosponsor>
        <bioguideId>S001180</bioguideId>
        <state>OR</state>
        <fullName>Rep. Schrader, Kurt [D-OR-5]</fullName>
        <party>D</party>
        <lastName>Schrader</lastName>
        <sponsorshipDate>2017-02-16</sponsorshipDate>
        <middleName />
        <sponsorshipWithdrawnDate />
      </item>
      <item>
        <district>3</district>
        <firstName>Robert</firstName>
        <identifiers>
          <lisID>1037</lisID>
          <bioguideId>S000185</bioguideId>
          <gpoId>8194</gpoId>
        </identifiers>
        <isOriginalCosponsor>True</isOriginalCosponsor>
        <bioguideId>S000185</bioguideId>
        <state>VA</state>
        <fullName>Rep. Scott, Robert C. "Bobby" [D-VA-3]</fullName>
        <party>D</party>
        <lastName>Scott</lastName>
        <sponsorshipDate>2017-02-16</sponsorshipDate>
        <middleName>C. "Bobby"</middleName>
        <sponsorshipWithdrawnDate />
      </item>
      <item>
        <district>15</district>
        <firstName>JOSE</firstName>
        <identifiers>
          <lisID>1042</lisID>
          <bioguideId>S000248</bioguideId>
          <gpoId>8077</gpoId>
        </identifiers>
        <isOriginalCosponsor>True</isOriginalCosponsor>
        <bioguideId>S000248</bioguideId>
        <state>NY</state>
        <fullName>Rep. Serrano, Jose E. [D-NY-15]</fullName>
        <party>D</party>
        <lastName>SERRANO</lastName>
        <sponsorshipDate>2017-02-16</sponsorshipDate>
        <middleName>E.</middleName>
        <sponsorshipWithdrawnDate />
      </item>
      <item>
        <district>1</district>
        <firstName>Carol</firstName>
        <identifiers>
          <lisID>1861</lisID>
          <bioguideId>S001170</bioguideId>
          <gpoId>7528</gpoId>
        </identifiers>
        <isOriginalCosponsor>True</isOriginalCosponsor>
        <bioguideId>S001170</bioguideId>
        <state>NH</state>
        <fullName>Rep. Shea-Porter, Carol [D-NH-1]</fullName>
        <party>D</party>
        <lastName>Shea-Porter</lastName>
        <sponsorshipDate>2017-02-16</sponsorshipDate>
        <middleName />
        <sponsorshipWithdrawnDate />
      </item>
      <item>
        <district>14</district>
        <firstName>Jackie</firstName>
        <identifiers>
          <lisID>1890</lisID>
          <gpoId>7817</gpoId>
          <bioguideId>S001175</bioguideId>
        </identifiers>
        <isOriginalCosponsor>True</isOriginalCosponsor>
        <bioguideId>S001175</bioguideId>
        <state>CA</state>
        <fullName>Rep. Speier, Jackie [D-CA-14]</fullName>
        <party>D</party>
        <lastName>Speier</lastName>
        <sponsorshipDate>2017-02-16</sponsorshipDate>
        <middleName />
        <sponsorshipWithdrawnDate />
      </item>
      <item>
        <district>15</district>
        <firstName>Eric</firstName>
        <identifiers>
          <lisID>2104</lisID>
          <bioguideId>S001193</bioguideId>
          <gpoId />
        </identifiers>
        <isOriginalCosponsor>True</isOriginalCosponsor>
        <bioguideId>S001193</bioguideId>
        <state>CA</state>
        <fullName>Rep. Swalwell, Eric [D-CA-15]</fullName>
        <party>D</party>
        <lastName>Swalwell</lastName>
        <sponsorshipDate>2017-02-16</sponsorshipDate>
        <middleName />
        <sponsorshipWithdrawnDate />
      </item>
      <item>
        <district>41</district>
        <firstName>Mark</firstName>
        <identifiers>
          <lisID>2110</lisID>
          <gpoId />
          <bioguideId>T000472</bioguideId>
        </identifiers>
        <isOriginalCosponsor>True</isOriginalCosponsor>
        <bioguideId>T000472</bioguideId>
        <state>CA</state>
        <fullName>Rep. Takano, Mark [D-CA-41]</fullName>
        <party>D</party>
        <lastName>Takano</lastName>
        <sponsorshipDate>2017-02-16</sponsorshipDate>
        <middleName />
        <sponsorshipWithdrawnDate />
      </item>
      <item>
        <district>20</district>
        <firstName>Paul</firstName>
        <identifiers>
          <lisID>1942</lisID>
          <bioguideId>T000469</bioguideId>
          <gpoId>8082</gpoId>
        </identifiers>
        <isOriginalCosponsor>True</isOriginalCosponsor>
        <bioguideId>T000469</bioguideId>
        <state>NY</state>
        <fullName>Rep. Tonko, Paul [D-NY-20]</fullName>
        <party>D</party>
        <lastName>Tonko</lastName>
        <sponsorshipDate>2017-02-16</sponsorshipDate>
        <middleName />
        <sponsorshipWithdrawnDate />
      </item>
      <item>
        <district>3</district>
        <firstName>Niki</firstName>
        <identifiers>
          <lisID>1884</lisID>
          <bioguideId>T000465</bioguideId>
          <gpoId>7970</gpoId>
        </identifiers>
        <isOriginalCosponsor>True</isOriginalCosponsor>
        <bioguideId>T000465</bioguideId>
        <state>MA</state>
        <fullName>Rep. Tsongas, Niki [D-MA-3]</fullName>
        <party>D</party>
        <lastName>Tsongas</lastName>
        <sponsorshipDate>2017-02-16</sponsorshipDate>
        <middleName />
        <sponsorshipWithdrawnDate />
      </item>
      <item>
        <district>33</district>
        <firstName>Marc</firstName>
        <identifiers>
          <gpoId />
          <lisID>2166</lisID>
          <bioguideId>V000131</bioguideId>
        </identifiers>
        <isOriginalCosponsor>True</isOriginalCosponsor>
        <bioguideId>V000131</bioguideId>
        <state>TX</state>
        <fullName>Rep. Veasey, Marc A. [D-TX-33]</fullName>
        <party>D</party>
        <lastName>Veasey</lastName>
        <sponsorshipDate>2017-02-16</sponsorshipDate>
        <middleName>A.</middleName>
        <sponsorshipWithdrawnDate />
      </item>
      <item>
        <district>23</district>
        <firstName>Debbie</firstName>
        <identifiers>
          <bioguideId>W000797</bioguideId>
          <lisID>1777</lisID>
          <gpoId>7892</gpoId>
        </identifiers>
        <isOriginalCosponsor>True</isOriginalCosponsor>
        <bioguideId>W000797</bioguideId>
        <state>FL</state>
        <fullName>Rep. Wasserman Schultz, Debbie [D-FL-23]</fullName>
        <party>D</party>
        <lastName>Wasserman Schultz</lastName>
        <sponsorshipDate>2017-02-16</sponsorshipDate>
        <middleName />
        <sponsorshipWithdrawnDate />
      </item>
      <item>
        <district>12</district>
        <firstName>Bonnie</firstName>
        <identifiers>
          <gpoId />
          <lisID>2259</lisID>
          <bioguideId>W000822</bioguideId>
        </identifiers>
        <isOriginalCosponsor>True</isOriginalCosponsor>
        <bioguideId>W000822</bioguideId>
        <state>NJ</state>
        <fullName>Rep. Watson Coleman, Bonnie [D-NJ-12]</fullName>
        <party>D</party>
        <lastName>Watson Coleman</lastName>
        <sponsorshipDate>2017-02-16</sponsorshipDate>
        <middleName />
        <sponsorshipWithdrawnDate />
      </item>
      <item>
        <district>0</district>
        <firstName>Peter</firstName>
        <identifiers>
          <bioguideId>W000800</bioguideId>
          <lisID>1879</lisID>
          <gpoId>8204</gpoId>
        </identifiers>
        <isOriginalCosponsor>True</isOriginalCosponsor>
        <bioguideId>W000800</bioguideId>
        <state>VT</state>
        <fullName>Rep. Welch, Peter [D-VT-At Large]</fullName>
        <party>D</party>
        <lastName>Welch</lastName>
        <sponsorshipDate>2017-02-16</sponsorshipDate>
        <middleName />
        <sponsorshipWithdrawnDate />
      </item>
      <item>
        <district>3</district>
        <firstName>John</firstName>
        <identifiers>
          <lisID>1853</lisID>
          <bioguideId>Y000062</bioguideId>
          <gpoId>7955</gpoId>
        </identifiers>
        <isOriginalCosponsor>True</isOriginalCosponsor>
        <bioguideId>Y000062</bioguideId>
        <state>KY</state>
        <fullName>Rep. Yarmuth, John A. [D-KY-3]</fullName>
        <party>D</party>
        <lastName>Yarmuth</lastName>
        <sponsorshipDate>2017-02-16</sponsorshipDate>
        <middleName>A.</middleName>
        <sponsorshipWithdrawnDate />
      </item>
      <item>
        <district>31</district>
        <firstName>Pete</firstName>
        <identifiers>
          <lisID>2229</lisID>
          <bioguideId>A000371</bioguideId>
          <gpoId />
        </identifiers>
        <isOriginalCosponsor>True</isOriginalCosponsor>
        <bioguideId>A000371</bioguideId>
        <state>CA</state>
        <fullName>Rep. Aguilar, Pete [D-CA-31]</fullName>
        <party>D</party>
        <lastName>Aguilar</lastName>
        <sponsorshipDate>2017-02-16</sponsorshipDate>
        <middleName />
        <sponsorshipWithdrawnDate />
      </item>
      <item>
        <district>17</district>
        <firstName>Ro</firstName>
        <identifiers>
          <bioguideId>K000389</bioguideId>
          <gpoId />
          <lisID>2308</lisID>
        </identifiers>
        <isOriginalCosponsor>True</isOriginalCosponsor>
        <bioguideId>K000389</bioguideId>
        <state>CA</state>
        <fullName>Rep. Khanna, Ro [D-CA-17]</fullName>
        <party>D</party>
        <lastName>Khanna</lastName>
        <sponsorshipDate>2017-02-16</sponsorshipDate>
        <middleName />
        <sponsorshipWithdrawnDate />
      </item>
      <item>
        <district>25</district>
        <firstName>LOUISE</firstName>
        <identifiers>
          <lisID>1069</lisID>
          <gpoId>8089</gpoId>
          <bioguideId>S000480</bioguideId>
        </identifiers>
        <isOriginalCosponsor>True</isOriginalCosponsor>
        <bioguideId>S000480</bioguideId>
        <state>NY</state>
        <fullName>Rep. Slaughter, Louise McIntosh [D-NY-25]</fullName>
        <party>D</party>
        <lastName>SLAUGHTER</lastName>
        <sponsorshipDate>2017-02-16</sponsorshipDate>
        <middleName>M.</middleName>
        <sponsorshipWithdrawnDate />
      </item>
      <item>
        <district>33</district>
        <firstName>Ted</firstName>
        <identifiers>
          <lisID>2230</lisID>
          <bioguideId>L000582</bioguideId>
          <gpoId />
        </identifiers>
        <isOriginalCosponsor>False</isOriginalCosponsor>
        <bioguideId>L000582</bioguideId>
        <state>CA</state>
        <fullName>Rep. Lieu, Ted [D-CA-33]</fullName>
        <party>D</party>
        <lastName>Lieu</lastName>
        <sponsorshipDate>2017-02-27</sponsorshipDate>
        <middleName />
        <sponsorshipWithdrawnDate />
      </item>
      <item>
        <district>2</district>
        <firstName>Jared</firstName>
        <identifiers>
          <lisID>2101</lisID>
          <gpoId />
          <bioguideId>H001068</bioguideId>
        </identifiers>
        <isOriginalCosponsor>False</isOriginalCosponsor>
        <bioguideId>H001068</bioguideId>
        <state>CA</state>
        <fullName>Rep. Huffman, Jared [D-CA-2]</fullName>
        <party>D</party>
        <lastName>Huffman</lastName>
        <sponsorshipDate>2017-03-08</sponsorshipDate>
        <middleName />
        <sponsorshipWithdrawnDate />
      </item>
      <item>
        <district>7</district>
        <firstName>Pramila</firstName>
        <identifiers>
          <lisID>2354</lisID>
          <bioguideId>J000298</bioguideId>
          <gpoId />
        </identifiers>
        <isOriginalCosponsor>False</isOriginalCosponsor>
        <bioguideId>J000298</bioguideId>
        <state>WA</state>
        <fullName>Rep. Jayapal, Pramila [D-WA-7]</fullName>
        <party>D</party>
        <lastName>Jayapal</lastName>
        <sponsorshipDate>2017-03-09</sponsorshipDate>
        <middleName />
        <sponsorshipWithdrawnDate />
      </item>
      <item>
        <district>7</district>
        <firstName>Ed</firstName>
        <identifiers>
          <gpoId>7865</gpoId>
          <lisID>1835</lisID>
          <bioguideId>P000593</bioguideId>
        </identifiers>
        <isOriginalCosponsor>False</isOriginalCosponsor>
        <bioguideId>P000593</bioguideId>
        <state>CO</state>
        <fullName>Rep. Perlmutter, Ed [D-CO-7]</fullName>
        <party>D</party>
        <lastName>Perlmutter</lastName>
        <sponsorshipDate>2017-03-10</sponsorshipDate>
        <middleName />
        <sponsorshipWithdrawnDate />
      </item>
      <item>
        <district>9</district>
        <firstName>SANDER</firstName>
        <identifiers>
          <lisID>683</lisID>
          <bioguideId>L000263</bioguideId>
          <gpoId>7997</gpoId>
        </identifiers>
        <isOriginalCosponsor>False</isOriginalCosponsor>
        <bioguideId>L000263</bioguideId>
        <state>MI</state>
        <fullName>Rep. Levin, Sander M. [D-MI-9]</fullName>
        <party>D</party>
        <lastName>LEVIN</lastName>
        <sponsorshipDate>2017-03-16</sponsorshipDate>
        <middleName>M.</middleName>
        <sponsorshipWithdrawnDate />
      </item>
      <item>
        <district>13</district>
        <firstName>Brendan</firstName>
        <identifiers>
          <bioguideId>B001296</bioguideId>
          <lisID>2267</lisID>
          <gpoId />
        </identifiers>
        <isOriginalCosponsor>False</isOriginalCosponsor>
        <bioguideId>B001296</bioguideId>
        <state>PA</state>
        <fullName>Rep. Boyle, Brendan F. [D-PA-13]</fullName>
        <party>D</party>
        <lastName>Boyle</lastName>
        <sponsorshipDate>2017-05-04</sponsorshipDate>
        <middleName>F.</middleName>
        <sponsorshipWithdrawnDate />
      </item>
      <item>
        <district>6</district>
        <firstName>FRANK</firstName>
        <identifiers>
          <lisID>887</lisID>
          <gpoId>8048</gpoId>
          <bioguideId>P000034</bioguideId>
        </identifiers>
        <isOriginalCosponsor>False</isOriginalCosponsor>
        <bioguideId>P000034</bioguideId>
        <state>NJ</state>
        <fullName>Rep. Pallone, Frank, Jr. [D-NJ-6]</fullName>
        <party>D</party>
        <lastName>PALLONE</lastName>
        <sponsorshipDate>2017-05-04</sponsorshipDate>
        <middleName />
        <sponsorshipWithdrawnDate />
      </item>
      <item>
        <district>17</district>
        <firstName>NITA</firstName>
        <identifiers>
          <gpoId>8079</gpoId>
          <lisID>709</lisID>
          <bioguideId>L000480</bioguideId>
        </identifiers>
        <isOriginalCosponsor>False</isOriginalCosponsor>
        <bioguideId>L000480</bioguideId>
        <state>NY</state>
        <fullName>Rep. Lowey, Nita M. [D-NY-17]</fullName>
        <party>D</party>
        <lastName>LOWEY</lastName>
        <sponsorshipDate>2017-06-13</sponsorshipDate>
        <middleName>M.</middleName>
        <sponsorshipWithdrawnDate />
      </item>
      <item>
        <district>13</district>
        <firstName>Charlie</firstName>
        <identifiers>
          <bioguideId>C001111</bioguideId>
          <lisID>2321</lisID>
          <gpoId />
        </identifiers>
        <isOriginalCosponsor>False</isOriginalCosponsor>
        <bioguideId>C001111</bioguideId>
        <state>FL</state>
        <fullName>Rep. Crist, Charlie [D-FL-13]</fullName>
        <party>D</party>
        <lastName>Crist</lastName>
        <sponsorshipDate>2017-09-25</sponsorshipDate>
        <middleName />
        <sponsorshipWithdrawnDate />
      </item>
      <item>
        <district>9</district>
        <firstName>ADAM</firstName>
        <identifiers>
          <lisID>1528</lisID>
          <bioguideId>S000510</bioguideId>
          <gpoId>8213</gpoId>
        </identifiers>
        <isOriginalCosponsor>False</isOriginalCosponsor>
        <bioguideId>S000510</bioguideId>
        <state>WA</state>
        <fullName>Rep. Smith, Adam [D-WA-9]</fullName>
        <party>D</party>
        <lastName>SMITH</lastName>
        <sponsorshipDate>2018-05-15</sponsorshipDate>
        <middleName />
        <sponsorshipWithdrawnDate />
      </item>
      <item>
        <district>9</district>
        <firstName>Darren</firstName>
        <identifiers>
          <gpoId />
          <lisID>2319</lisID>
          <bioguideId>S001200</bioguideId>
        </identifiers>
        <isOriginalCosponsor>False</isOriginalCosponsor>
        <bioguideId>S001200</bioguideId>
        <state>FL</state>
        <fullName>Rep. Soto, Darren [D-FL-9]</fullName>
        <party>D</party>
        <lastName>Soto</lastName>
        <sponsorshipDate>2018-06-07</sponsorshipDate>
        <middleName />
        <sponsorshipWithdrawnDate />
      </item>
      <item>
        <district>5</district>
        <firstName>Mike</firstName>
        <identifiers>
          <lisID>1967</lisID>
          <bioguideId>Q000023</bioguideId>
          <gpoId>7925</gpoId>
        </identifiers>
        <isOriginalCosponsor>False</isOriginalCosponsor>
        <bioguideId>Q000023</bioguideId>
        <state>IL</state>
        <fullName>Rep. Quigley, Mike [D-IL-5]</fullName>
        <party>D</party>
        <lastName>Quigley</lastName>
        <sponsorshipDate>2018-07-17</sponsorshipDate>
        <middleName />
        <sponsorshipWithdrawnDate />
      </item>
      <item>
        <district>1</district>
        <firstName>Colleen</firstName>
        <identifiers>
          <lisID>2010</lisID>
          <bioguideId>H001050</bioguideId>
          <gpoId>7912</gpoId>
        </identifiers>
        <isOriginalCosponsor>False</isOriginalCosponsor>
        <bioguideId>H001050</bioguideId>
        <state>HI</state>
        <fullName>Rep. Hanabusa, Colleen [D-HI-1]</fullName>
        <party>D</party>
        <lastName>Hanabusa</lastName>
        <sponsorshipDate>2018-07-31</sponsorshipDate>
        <middleName />
        <sponsorshipWithdrawnDate />
      </item>
    </cosponsors>
    <cboCostEstimates />
    <latestAction>
      <text>Referred to the Subcommittee on the Constitution and Civil Justice.</text>
      <links />
      <actionDate>2017-02-16</actionDate>
    </latestAction>
    <updateDate>2018-08-28T19:54:06Z</updateDate>
    <version>1.0.0</version>
    <constitutionalAuthorityStatementText />
    <policyArea>
      <name>Civil Rights and Liberties, Minority Issues</name>
    </policyArea>
    <billType>HRES</billType>
    <billNumber>136</billNumber>
    <originChamber>House</originChamber>
    <relatedBills />
    <title>Equality for All Resolution of 2017</title>
    <congress>115</congress>
    <actions>
      <item>
        <actionDate>2017-02-16</actionDate>
        <committee>
          <systemCode>hsju10</systemCode>
          <name>Constitution and Civil Justice Subcommittee</name>
        </committee>
        <links />
        <sourceSystem>
          <code>1</code>
          <name>House committee actions</name>
        </sourceSystem>
        <text>Referred to the Subcommittee on the Constitution and Civil Justice.</text>
        <type>Committee</type>
      </item>
      <item>
        <text>Referred to the House Committee on the Judiciary.</text>
        <type>IntroReferral</type>
        <committee>
          <systemCode>hsju00</systemCode>
          <name>Judiciary Committee</name>
        </committee>
        <actionDate>2017-02-16</actionDate>
        <links />
        <actionCode>H11100</actionCode>
        <sourceSystem>
          <code>2</code>
          <name>House floor actions</name>
        </sourceSystem>
      </item>
      <item>
        <text>Sponsor introductory remarks on measure. (CR E213)</text>
        <type>IntroReferral</type>
        <committee />
        <actionDate>2017-02-16</actionDate>
        <links>
          <link>
            <name>E213</name>
            <url>https://www.congress.gov/congressional-record/volume-163/extensions-of-remarks-section/page/E213</url>
          </link>
        </links>
        <actionCode>B00100</actionCode>
        <sourceSystem>
          <code>9</code>
          <name>Library of Congress</name>
        </sourceSystem>
      </item>
      <item>
        <text>Introduced in House</text>
        <type>IntroReferral</type>
        <committee />
        <actionDate>2017-02-16</actionDate>
        <links />
        <actionCode>Intro-H</actionCode>
        <sourceSystem>
          <code>9</code>
          <name>Library of Congress</name>
        </sourceSystem>
      </item>
      <item>
        <text>Introduced in House</text>
        <type>IntroReferral</type>
        <committee />
        <actionDate>2017-02-16</actionDate>
        <links />
        <actionCode>1000</actionCode>
        <sourceSystem>
          <code>9</code>
          <name>Library of Congress</name>
        </sourceSystem>
      </item>
      <actionByCounts>
        <houseOfRepresentatives>4</houseOfRepresentatives>
      </actionByCounts>
      <actionTypeCounts>
        <introducedInHouse>1</introducedInHouse>
        <placeholderTextForB>1</placeholderTextForB>
        <placeholderTextForH>1</placeholderTextForH>
        <billReferrals>1</billReferrals>
        <introducedInTheHouse>1</introducedInTheHouse>
      </actionTypeCounts>
    </actions>
    <subjects>
      <billSubjects>
        <legislativeSubjects>
          <item>
            <name>Due process and equal protection</name>
          </item>
          <item>
            <name>Employment discrimination and employee rights</name>
          </item>
          <item>
            <name>Housing discrimination</name>
          </item>
          <item>
            <name>Sex, gender, sexual orientation discrimination</name>
          </item>
        </legislativeSubjects>
        <policyArea>
          <name>Civil Rights and Liberties, Minority Issues</name>
        </policyArea>
      </billSubjects>
    </subjects>
    <committeeReports />
    <introducedDate>2017-02-16</introducedDate>
    <sponsors>
      <item>
        <bioguideId>C001072</bioguideId>
        <middleName />
        <byRequestType />
        <fullName>Rep. Carson, Andre [D-IN-7]</fullName>
        <lastName>Carson</lastName>
        <state>IN</state>
        <district>7</district>
        <party>D</party>
        <identifiers>
          <lisID>1889</lisID>
          <gpoId>7946</gpoId>
          <bioguideId>C001072</bioguideId>
        </identifiers>
        <firstName>Andre</firstName>
      </item>
    </sponsors>
    <notes />
    <createDate>2017-02-17T04:46:07Z</createDate>
    <amendments />
  </bill>
  <dublinCore xmlns:dc="http://purl.org/dc/elements/1.1/">
    <dc:format>text/xml</dc:format>
    <dc:language>EN</dc:language>
    <dc:rights>Pursuant to Title 17 Section 105 of the United States Code, this file is not subject to copyright protection and is in the public domain.</dc:rights>
    <dc:contributor>Congressional Research Service, Library of Congress</dc:contributor>
    <dc:description>This file contains bill summaries and statuses for federal legislation. A bill summary describes the most significant provisions of a piece of legislation and details the effects the legislative text may have on current law and federal programs. Bill summaries are authored by the Congressional Research Service (CRS) of the Library of Congress. As stated in Public Law 91-510 (2 USC 166 (d)(6)), one of the duties of CRS is "to prepare summaries and digests of bills and resolutions of a public general nature introduced in the Senate or House of Representatives". For more information, refer to the User Guide that accompanies this file.</dc:description>
  </dublinCore>
</billStatus>

