<?xml version="1.0" encoding="UTF-8"?>
<billStatus>
  <bill>
    <policyArea>
      <name>International Affairs</name>
    </policyArea>
    <billNumber>293</billNumber>
    <laws />
    <constitutionalAuthorityStatementText />
    <originChamber>House</originChamber>
    <billType>HRES</billType>
    <summaries>
      <billSummaries>
        <item>
          <actionDesc>Introduced in House</actionDesc>
          <name>Introduced in House</name>
          <text><![CDATA[<p>Recognizes the significance of the 42nd anniversary of the Fall of Saigon on April 30, 1975.</p> <p> Honors: </p> <ul> <li>the contributions of Vietnamese Americans to the United States over the last 42 years and their tireless commitment to upholding freedom and democracy in Vietnam; </li> <li> the service of members of the U.S. Armed Forces and of the South Vietnamese forces who fought in Vietnam, including those who gave their lives; and </li> <li>the memory of the Vietnamese who lost their lives while attempting to flee Vietnam. </li> </ul> <p>Encourages all U.S. citizens to join in remembering the Fall of Saigon, honoring the contributions of the Vietnamese American community, and calling for freedom and democracy in Vietnam.</p>]]></text>
          <versionCode>00</versionCode>
          <lastSummaryUpdateDate>2017-05-02T18:39:54Z</lastSummaryUpdateDate>
          <updateDate>2017-04-28T04:00:00Z</updateDate>
          <actionDate>2017-04-28</actionDate>
        </item>
      </billSummaries>
    </summaries>
    <relatedBills>
      <item>
        <latestTitle>Recognizing the 43rd anniversary of the Fall of Saigon on April 30, 1975.</latestTitle>
        <number>848</number>
        <latestAction>
          <text>Referred to the Subcommittee on Asia and the Pacific.</text>
          <actionDate>2018-06-04</actionDate>
        </latestAction>
        <type>HRES</type>
        <congress>115</congress>
        <relationshipDetails>
          <item>
            <identifiedBy>CRS</identifiedBy>
            <type>Related bill</type>
          </item>
        </relationshipDetails>
      </item>
    </relatedBills>
    <createDate>2017-04-29T03:11:40Z</createDate>
    <sponsors>
      <item>
        <lastName>Lowenthal</lastName>
        <party>D</party>
        <middleName>S.</middleName>
        <fullName>Rep. Lowenthal, Alan S. [D-CA-47]</fullName>
        <identifiers>
          <lisID>2111</lisID>
          <bioguideId>L000579</bioguideId>
          <gpoId />
        </identifiers>
        <state>CA</state>
        <firstName>Alan</firstName>
        <byRequestType />
        <district>47</district>
        <bioguideId>L000579</bioguideId>
      </item>
    </sponsors>
    <notes />
    <updateDate>2018-08-28T19:54:35Z</updateDate>
    <committeeReports />
    <actions>
      <actionByCounts>
        <houseOfRepresentatives>7</houseOfRepresentatives>
      </actionByCounts>
      <item>
        <actionDate>2017-05-23</actionDate>
        <committee>
          <systemCode>hsas02</systemCode>
          <name>Military Personnel Subcommittee</name>
        </committee>
        <links />
        <sourceSystem>
          <code>1</code>
          <name>House committee actions</name>
        </sourceSystem>
        <text>Referred to the Subcommittee on Military Personnel.</text>
        <type>Committee</type>
      </item>
      <item>
        <actionDate>2017-05-18</actionDate>
        <committee>
          <systemCode>hsfa05</systemCode>
          <name>Asia and the Pacific Subcommittee</name>
        </committee>
        <links />
        <sourceSystem>
          <code>1</code>
          <name>House committee actions</name>
        </sourceSystem>
        <text>Referred to the Subcommittee on Asia and the Pacific.</text>
        <type>Committee</type>
      </item>
      <item>
        <committee>
          <systemCode>hsas00</systemCode>
          <name>Armed Services Committee</name>
        </committee>
        <links />
        <type>IntroReferral</type>
        <text>Referred to the Committee on Foreign Affairs, and in addition to the Committee on Armed Services, for a period to be subsequently determined by the Speaker, in each case for consideration of such provisions as fall within the jurisdiction of the committee concerned.</text>
        <actionDate>2017-04-28</actionDate>
        <actionCode>H11100</actionCode>
        <sourceSystem>
          <code>2</code>
          <name>House floor actions</name>
        </sourceSystem>
      </item>
      <item>
        <committee />
        <links />
        <type>IntroReferral</type>
        <text>Referred to the Committee on Foreign Affairs, and in addition to the Committee on Armed Services, for a period to be subsequently determined by the Speaker, in each case for consideration of such provisions as fall within the jurisdiction of the committee concerned.</text>
        <actionDate>2017-04-28</actionDate>
        <actionCode>H11100-A</actionCode>
        <sourceSystem>
          <code>9</code>
          <name>Library of Congress</name>
        </sourceSystem>
      </item>
      <item>
        <committee>
          <systemCode>hsfa00</systemCode>
          <name>Foreign Affairs Committee</name>
        </committee>
        <links />
        <type>IntroReferral</type>
        <text>Referred to the Committee on Foreign Affairs, and in addition to the Committee on Armed Services, for a period to be subsequently determined by the Speaker, in each case for consideration of such provisions as fall within the jurisdiction of the committee concerned.</text>
        <actionDate>2017-04-28</actionDate>
        <actionCode>H11100</actionCode>
        <sourceSystem>
          <code>2</code>
          <name>House floor actions</name>
        </sourceSystem>
      </item>
      <item>
        <committee />
        <links>
          <link>
            <url>https://www.congress.gov/congressional-record/volume-163/house-section/page/H2962</url>
            <name>H2962</name>
          </link>
        </links>
        <type>IntroReferral</type>
        <text>Sponsor introductory remarks on measure. (CR H2962)</text>
        <actionDate>2017-04-28</actionDate>
        <actionCode>B00100</actionCode>
        <sourceSystem>
          <code>9</code>
          <name>Library of Congress</name>
        </sourceSystem>
      </item>
      <item>
        <committee />
        <links />
        <type>IntroReferral</type>
        <text>Introduced in House</text>
        <actionDate>2017-04-28</actionDate>
        <actionCode>Intro-H</actionCode>
        <sourceSystem>
          <code>9</code>
          <name>Library of Congress</name>
        </sourceSystem>
      </item>
      <item>
        <committee />
        <links />
        <type>IntroReferral</type>
        <text>Introduced in House</text>
        <actionDate>2017-04-28</actionDate>
        <actionCode>1000</actionCode>
        <sourceSystem>
          <code>9</code>
          <name>Library of Congress</name>
        </sourceSystem>
      </item>
      <actionTypeCounts>
        <placeholderTextForH>2</placeholderTextForH>
        <introducedInHouse>1</introducedInHouse>
        <billReferrals>2</billReferrals>
        <introducedInTheHouse>1</introducedInTheHouse>
        <placeholderTextForB>1</placeholderTextForB>
        <billReferralsAggregate>1</billReferralsAggregate>
      </actionTypeCounts>
    </actions>
    <title>Recognizing the 42nd anniversary of the Fall of Saigon on April 30, 1975.</title>
    <cosponsors>
      <item>
        <firstName>ZOE</firstName>
        <lastName>LOFGREN</lastName>
        <sponsorshipWithdrawnDate />
        <sponsorshipDate>2017-04-28</sponsorshipDate>
        <bioguideId>L000397</bioguideId>
        <district>19</district>
        <middleName />
        <isOriginalCosponsor>True</isOriginalCosponsor>
        <fullName>Rep. Lofgren, Zoe [D-CA-19]</fullName>
        <state>CA</state>
        <party>D</party>
        <identifiers>
          <lisID>701</lisID>
          <bioguideId>L000397</bioguideId>
          <gpoId>7821</gpoId>
        </identifiers>
      </item>
      <item>
        <firstName>J.</firstName>
        <lastName>Correa</lastName>
        <sponsorshipWithdrawnDate />
        <sponsorshipDate>2017-04-28</sponsorshipDate>
        <bioguideId>C001110</bioguideId>
        <district>46</district>
        <middleName>Luis</middleName>
        <isOriginalCosponsor>True</isOriginalCosponsor>
        <fullName>Rep. Correa, J. Luis [D-CA-46]</fullName>
        <state>CA</state>
        <party>D</party>
        <identifiers>
          <lisID>2312</lisID>
          <bioguideId>C001110</bioguideId>
          <gpoId />
        </identifiers>
      </item>
      <item>
        <firstName>Scott</firstName>
        <lastName>Peters</lastName>
        <sponsorshipWithdrawnDate />
        <sponsorshipDate>2017-04-28</sponsorshipDate>
        <bioguideId>P000608</bioguideId>
        <district>52</district>
        <middleName>H.</middleName>
        <isOriginalCosponsor>True</isOriginalCosponsor>
        <fullName>Rep. Peters, Scott H. [D-CA-52]</fullName>
        <state>CA</state>
        <party>D</party>
        <identifiers>
          <gpoId />
          <lisID>2113</lisID>
          <bioguideId>P000608</bioguideId>
        </identifiers>
      </item>
      <item>
        <firstName>Tony</firstName>
        <lastName>Cardenas</lastName>
        <sponsorshipWithdrawnDate />
        <sponsorshipDate>2017-04-28</sponsorshipDate>
        <bioguideId>C001097</bioguideId>
        <district>29</district>
        <middleName />
        <isOriginalCosponsor>True</isOriginalCosponsor>
        <fullName>Rep. Cardenas, Tony [D-CA-29]</fullName>
        <state>CA</state>
        <party>D</party>
        <identifiers>
          <lisID>2107</lisID>
          <gpoId />
          <bioguideId>C001097</bioguideId>
        </identifiers>
      </item>
      <item>
        <firstName>Al</firstName>
        <lastName>Green</lastName>
        <sponsorshipWithdrawnDate />
        <sponsorshipDate>2017-04-28</sponsorshipDate>
        <bioguideId>G000553</bioguideId>
        <district>9</district>
        <middleName />
        <isOriginalCosponsor>True</isOriginalCosponsor>
        <fullName>Rep. Green, Al [D-TX-9]</fullName>
        <state>TX</state>
        <party>D</party>
        <identifiers>
          <bioguideId>G000553</bioguideId>
          <lisID>1803</lisID>
          <gpoId>8165</gpoId>
        </identifiers>
      </item>
      <item>
        <firstName>Derek</firstName>
        <lastName>Kilmer</lastName>
        <sponsorshipWithdrawnDate />
        <sponsorshipDate>2017-04-28</sponsorshipDate>
        <bioguideId>K000381</bioguideId>
        <district>6</district>
        <middleName />
        <isOriginalCosponsor>True</isOriginalCosponsor>
        <fullName>Rep. Kilmer, Derek [D-WA-6]</fullName>
        <state>WA</state>
        <party>D</party>
        <identifiers>
          <lisID>2169</lisID>
          <bioguideId>K000381</bioguideId>
          <gpoId />
        </identifiers>
      </item>
      <item>
        <firstName>Mark</firstName>
        <lastName>Takano</lastName>
        <sponsorshipWithdrawnDate />
        <sponsorshipDate>2017-04-28</sponsorshipDate>
        <bioguideId>T000472</bioguideId>
        <district>41</district>
        <middleName />
        <isOriginalCosponsor>True</isOriginalCosponsor>
        <fullName>Rep. Takano, Mark [D-CA-41]</fullName>
        <state>CA</state>
        <party>D</party>
        <identifiers>
          <lisID>2110</lisID>
          <gpoId />
          <bioguideId>T000472</bioguideId>
        </identifiers>
      </item>
      <item>
        <firstName>Gerald</firstName>
        <lastName>Connolly</lastName>
        <sponsorshipWithdrawnDate />
        <sponsorshipDate>2017-04-28</sponsorshipDate>
        <bioguideId>C001078</bioguideId>
        <district>11</district>
        <middleName>E.</middleName>
        <isOriginalCosponsor>True</isOriginalCosponsor>
        <fullName>Rep. Connolly, Gerald E. [D-VA-11]</fullName>
        <state>VA</state>
        <party>D</party>
        <identifiers>
          <gpoId>8202</gpoId>
          <lisID>1959</lisID>
          <bioguideId>C001078</bioguideId>
        </identifiers>
      </item>
      <item>
        <firstName>Judy</firstName>
        <lastName>Chu</lastName>
        <sponsorshipWithdrawnDate />
        <sponsorshipDate>2017-04-28</sponsorshipDate>
        <bioguideId>C001080</bioguideId>
        <district>27</district>
        <middleName />
        <isOriginalCosponsor>True</isOriginalCosponsor>
        <fullName>Rep. Chu, Judy [D-CA-27]</fullName>
        <state>CA</state>
        <party>D</party>
        <identifiers>
          <lisID>1970</lisID>
          <gpoId>7837</gpoId>
          <bioguideId>C001080</bioguideId>
        </identifiers>
      </item>
      <item>
        <firstName>Ro</firstName>
        <lastName>Khanna</lastName>
        <sponsorshipWithdrawnDate />
        <sponsorshipDate>2017-04-28</sponsorshipDate>
        <bioguideId>K000389</bioguideId>
        <district>17</district>
        <middleName />
        <isOriginalCosponsor>True</isOriginalCosponsor>
        <fullName>Rep. Khanna, Ro [D-CA-17]</fullName>
        <state>CA</state>
        <party>D</party>
        <identifiers>
          <lisID>2308</lisID>
          <bioguideId>K000389</bioguideId>
          <gpoId />
        </identifiers>
      </item>
      <item>
        <firstName>JAMES</firstName>
        <lastName>MCGOVERN</lastName>
        <sponsorshipWithdrawnDate />
        <sponsorshipDate>2017-04-28</sponsorshipDate>
        <bioguideId>M000312</bioguideId>
        <district>2</district>
        <middleName>P.</middleName>
        <isOriginalCosponsor>True</isOriginalCosponsor>
        <fullName>Rep. McGovern, James P. [D-MA-2]</fullName>
        <state>MA</state>
        <party>D</party>
        <identifiers>
          <bioguideId>M000312</bioguideId>
          <lisID>1504</lisID>
          <gpoId>7968</gpoId>
        </identifiers>
      </item>
    </cosponsors>
    <introducedDate>2017-04-28</introducedDate>
    <recordedVotes />
    <congress>115</congress>
    <amendments />
    <version>1.0.0</version>
    <calendarNumbers />
    <latestAction>
      <actionDate>2017-05-23</actionDate>
      <links />
      <text>Referred to the Subcommittee on Military Personnel.</text>
    </latestAction>
    <titles>
      <item>
        <chamberName />
        <parentTitleType />
        <titleType>Official Title as Introduced</titleType>
        <title>Recognizing the 42nd anniversary of the Fall of Saigon on April 30, 1975.</title>
        <chamberCode />
      </item>
      <item>
        <chamberName />
        <parentTitleType />
        <titleType>Display Title</titleType>
        <title>Recognizing the 42nd anniversary of the Fall of Saigon on April 30, 1975.</title>
        <chamberCode />
      </item>
    </titles>
    <cboCostEstimates />
    <committees>
      <billCommittees>
        <item>
          <chamber>House</chamber>
          <systemCode>hsas00</systemCode>
          <subcommittees>
            <item>
              <systemCode>hsas02</systemCode>
              <name>Military Personnel Subcommittee</name>
              <activities>
                <item>
                  <name>Referred to</name>
                  <date>2017-05-23T16:23:31Z</date>
                </item>
              </activities>
            </item>
          </subcommittees>
          <type>Standing</type>
          <name>Armed Services Committee</name>
          <activities>
            <item>
              <name>Referred to</name>
              <date>2017-04-28T13:00:37Z</date>
            </item>
          </activities>
        </item>
        <item>
          <chamber>House</chamber>
          <systemCode>hsfa00</systemCode>
          <subcommittees>
            <item>
              <systemCode>hsfa05</systemCode>
              <name>Asia and the Pacific Subcommittee</name>
              <activities>
                <item>
                  <name>Referred to</name>
                  <date>2017-05-18T15:27:22Z</date>
                </item>
              </activities>
            </item>
          </subcommittees>
          <type>Standing</type>
          <name>Foreign Affairs Committee</name>
          <activities>
            <item>
              <name>Referred to</name>
              <date>2017-04-28T13:00:32Z</date>
            </item>
          </activities>
        </item>
      </billCommittees>
    </committees>
    <subjects>
      <billSubjects>
        <policyArea>
          <name>International Affairs</name>
        </policyArea>
        <legislativeSubjects>
          <item>
            <name>Asia</name>
          </item>
          <item>
            <name>Citizenship and naturalization</name>
          </item>
          <item>
            <name>Commemorative events and holidays</name>
          </item>
          <item>
            <name>Conflicts and wars</name>
          </item>
          <item>
            <name>Congressional tributes</name>
          </item>
          <item>
            <name>Human rights</name>
          </item>
          <item>
            <name>Military history</name>
          </item>
          <item>
            <name>Military personnel and dependents</name>
          </item>
          <item>
            <name>Sovereignty, recognition, national governance and status</name>
          </item>
          <item>
            <name>Vietnam</name>
          </item>
        </legislativeSubjects>
      </billSubjects>
    </subjects>
  </bill>
  <dublinCore xmlns:dc="http://purl.org/dc/elements/1.1/">
    <dc:format>text/xml</dc:format>
    <dc:language>EN</dc:language>
    <dc:rights>Pursuant to Title 17 Section 105 of the United States Code, this file is not subject to copyright protection and is in the public domain.</dc:rights>
    <dc:contributor>Congressional Research Service, Library of Congress</dc:contributor>
    <dc:description>This file contains bill summaries and statuses for federal legislation. A bill summary describes the most significant provisions of a piece of legislation and details the effects the legislative text may have on current law and federal programs. Bill summaries are authored by the Congressional Research Service (CRS) of the Library of Congress. As stated in Public Law 91-510 (2 USC 166 (d)(6)), one of the duties of CRS is "to prepare summaries and digests of bills and resolutions of a public general nature introduced in the Senate or House of Representatives". For more information, refer to the User Guide that accompanies this file.</dc:description>
  </dublinCore>
</billStatus>

