<?xml version="1.0" encoding="UTF-8"?>
<billStatus>
  <bill>
    <policyArea>
      <name>Health</name>
    </policyArea>
    <billType>HRES</billType>
    <latestAction>
      <links />
      <actionDate>2017-06-23</actionDate>
      <text>Referred to the Subcommittee on Health.</text>
    </latestAction>
    <createDate>2017-06-23T03:11:34Z</createDate>
    <notes />
    <actions>
      <item>
        <actionDate>2017-06-23</actionDate>
        <committee>
          <systemCode>hsif14</systemCode>
          <name>Health Subcommittee</name>
        </committee>
        <links />
        <sourceSystem>
          <code>1</code>
          <name>House committee actions</name>
        </sourceSystem>
        <text>Referred to the Subcommittee on Health.</text>
        <type>Committee</type>
      </item>
      <item>
        <actionDate>2017-06-22</actionDate>
        <links />
        <sourceSystem>
          <code>2</code>
          <name>House floor actions</name>
        </sourceSystem>
        <committee>
          <systemCode>hsif00</systemCode>
          <name>Energy and Commerce Committee</name>
        </committee>
        <text>Referred to the House Committee on Energy and Commerce.</text>
        <type>IntroReferral</type>
        <actionCode>H11100</actionCode>
      </item>
      <item>
        <actionDate>2017-06-22</actionDate>
        <links />
        <sourceSystem>
          <code>9</code>
          <name>Library of Congress</name>
        </sourceSystem>
        <committee />
        <text>Introduced in House</text>
        <type>IntroReferral</type>
        <actionCode>Intro-H</actionCode>
      </item>
      <item>
        <actionDate>2017-06-22</actionDate>
        <links />
        <sourceSystem>
          <code>9</code>
          <name>Library of Congress</name>
        </sourceSystem>
        <committee />
        <text>Introduced in House</text>
        <type>IntroReferral</type>
        <actionCode>1000</actionCode>
      </item>
      <actionByCounts>
        <houseOfRepresentatives>4</houseOfRepresentatives>
      </actionByCounts>
      <actionTypeCounts>
        <billReferrals>1</billReferrals>
        <introducedInHouse>1</introducedInHouse>
        <placeholderTextForH>1</placeholderTextForH>
        <introducedInTheHouse>1</introducedInTheHouse>
      </actionTypeCounts>
    </actions>
    <calendarNumbers />
    <congress>115</congress>
    <subjects>
      <billSubjects>
        <legislativeSubjects>
          <item>
            <name>Commemorative events and holidays</name>
          </item>
          <item>
            <name>Health promotion and preventive care</name>
          </item>
          <item>
            <name>Medical education</name>
          </item>
          <item>
            <name>Medical research</name>
          </item>
          <item>
            <name>Medical tests and diagnostic methods</name>
          </item>
          <item>
            <name>Research administration and funding</name>
          </item>
          <item>
            <name>Sex and reproductive health</name>
          </item>
          <item>
            <name>Women's health</name>
          </item>
        </legislativeSubjects>
        <policyArea>
          <name>Health</name>
        </policyArea>
      </billSubjects>
    </subjects>
    <billNumber>403</billNumber>
    <title>Supporting the designation of March 2018 as Endometriosis Awareness Month.</title>
    <constitutionalAuthorityStatementText />
    <committees>
      <billCommittees>
        <item>
          <subcommittees>
            <item>
              <activities>
                <item>
                  <date>2017-06-23T13:36:12Z</date>
                  <name>Referred to</name>
                </item>
              </activities>
              <systemCode>hsif14</systemCode>
              <name>Health Subcommittee</name>
            </item>
          </subcommittees>
          <systemCode>hsif00</systemCode>
          <name>Energy and Commerce Committee</name>
          <activities>
            <item>
              <date>2017-06-22T14:03:00Z</date>
              <name>Referred to</name>
            </item>
          </activities>
          <type>Standing</type>
          <chamber>House</chamber>
        </item>
      </billCommittees>
    </committees>
    <cboCostEstimates />
    <version>1.0.0</version>
    <cosponsors>
      <item>
        <party>D</party>
        <state>MI</state>
        <bioguideId>D000624</bioguideId>
        <sponsorshipWithdrawnDate />
        <isOriginalCosponsor>False</isOriginalCosponsor>
        <identifiers>
          <lisID>2251</lisID>
          <gpoId />
          <bioguideId>D000624</bioguideId>
        </identifiers>
        <fullName>Rep. Dingell, Debbie [D-MI-12]</fullName>
        <lastName>Dingell</lastName>
        <sponsorshipDate>2018-02-08</sponsorshipDate>
        <firstName>Debbie</firstName>
        <district>12</district>
        <middleName />
      </item>
      <item>
        <party>D</party>
        <state>WA</state>
        <bioguideId>J000298</bioguideId>
        <sponsorshipWithdrawnDate />
        <isOriginalCosponsor>False</isOriginalCosponsor>
        <identifiers>
          <lisID>2354</lisID>
          <bioguideId>J000298</bioguideId>
          <gpoId />
        </identifiers>
        <fullName>Rep. Jayapal, Pramila [D-WA-7]</fullName>
        <lastName>Jayapal</lastName>
        <sponsorshipDate>2018-03-19</sponsorshipDate>
        <firstName>Pramila</firstName>
        <district>7</district>
        <middleName />
      </item>
    </cosponsors>
    <updateDate>2018-08-28T19:55:00Z</updateDate>
    <laws />
    <originChamber>House</originChamber>
    <introducedDate>2017-06-22</introducedDate>
    <sponsors>
      <item>
        <middleName />
        <bioguideId>S001157</bioguideId>
        <identifiers>
          <gpoId>7910</gpoId>
          <lisID>1722</lisID>
          <bioguideId>S001157</bioguideId>
        </identifiers>
        <fullName>Rep. Scott, David [D-GA-13]</fullName>
        <byRequestType />
        <party>D</party>
        <firstName>David</firstName>
        <state>GA</state>
        <lastName>Scott</lastName>
        <district>13</district>
      </item>
    </sponsors>
    <relatedBills />
    <committeeReports />
    <titles>
      <item>
        <chamberName />
        <chamberCode />
        <titleType>Official Title as Introduced</titleType>
        <title>Supporting the designation of March 2018 as Endometriosis Awareness Month.</title>
        <parentTitleType />
      </item>
      <item>
        <chamberName />
        <chamberCode />
        <titleType>Display Title</titleType>
        <title>Supporting the designation of March 2018 as Endometriosis Awareness Month.</title>
        <parentTitleType />
      </item>
    </titles>
    <recordedVotes />
    <summaries>
      <billSummaries>
        <item>
          <updateDate>2017-06-22T04:00:00Z</updateDate>
          <versionCode>00</versionCode>
          <name>Introduced in House</name>
          <text><![CDATA[<p>Expresses support for the goals and ideas of Endometriosis Awareness Month. (Endometriosis is a painful condition in which the tissue that normally lines the inside of the uterus grows outside the uterus.)</p> <p>Recognizes the need for early detection and treatment of endometriosis, increased education for health care providers, and more culturally competent care.</p>]]></text>
          <actionDate>2017-06-22</actionDate>
          <actionDesc>Introduced in House</actionDesc>
          <lastSummaryUpdateDate>2017-07-03T13:38:33Z</lastSummaryUpdateDate>
        </item>
      </billSummaries>
    </summaries>
    <amendments />
  </bill>
  <dublinCore xmlns:dc="http://purl.org/dc/elements/1.1/">
    <dc:format>text/xml</dc:format>
    <dc:language>EN</dc:language>
    <dc:rights>Pursuant to Title 17 Section 105 of the United States Code, this file is not subject to copyright protection and is in the public domain.</dc:rights>
    <dc:contributor>Congressional Research Service, Library of Congress</dc:contributor>
    <dc:description>This file contains bill summaries and statuses for federal legislation. A bill summary describes the most significant provisions of a piece of legislation and details the effects the legislative text may have on current law and federal programs. Bill summaries are authored by the Congressional Research Service (CRS) of the Library of Congress. As stated in Public Law 91-510 (2 USC 166 (d)(6)), one of the duties of CRS is "to prepare summaries and digests of bills and resolutions of a public general nature introduced in the Senate or House of Representatives". For more information, refer to the User Guide that accompanies this file.</dc:description>
  </dublinCore>
</billStatus>

