<?xml version="1.0" encoding="UTF-8"?>
<billStatus>
  <bill>
    <notes />
    <title>Providing for consideration of the bill (H.R. 2192) to amend the Public Health Service Act to eliminate the non-application of certain State waiver provisions to Members of Congress and congressional staff, and providing for further consideration of the bill (H.R. 1628) to provide for reconciliation pursuant to title II of the concurrent resolution on the budget for fiscal year 2017.</title>
    <committees>
      <billCommittees>
        <item>
          <systemCode>hsru00</systemCode>
          <type>Standing</type>
          <activities>
            <item>
              <date>2017-05-04T02:15:27Z</date>
              <name>Reported original measure</name>
            </item>
          </activities>
          <name>Rules Committee</name>
          <subcommittees />
          <chamber>House</chamber>
        </item>
      </billCommittees>
    </committees>
    <committeeReports>
      <committeeReport>
        <citation>H. Rept. 115-109</citation>
      </committeeReport>
    </committeeReports>
    <cboCostEstimates />
    <congress>115</congress>
    <laws />
    <updateDate>2018-08-28T19:54:38Z</updateDate>
    <relatedBills>
      <item>
        <relationshipDetails>
          <item>
            <type>Related bill</type>
            <identifiedBy>House</identifiedBy>
          </item>
          <item>
            <type>Procedurally-related</type>
            <identifiedBy>House</identifiedBy>
          </item>
        </relationshipDetails>
        <latestTitle>To amend the Public Health Service Act to eliminate the non-application of certain State waiver provisions to Members of Congress and congressional staff.</latestTitle>
        <type>HR</type>
        <congress>115</congress>
        <number>2192</number>
        <latestAction>
          <text>Received in the Senate and Read twice and referred to the Committee on Homeland Security and Governmental Affairs.</text>
          <actionDate>2017-06-07</actionDate>
        </latestAction>
      </item>
      <item>
        <relationshipDetails>
          <item>
            <type>Procedurally-related</type>
            <identifiedBy>House</identifiedBy>
          </item>
        </relationshipDetails>
        <latestTitle>American Health Care Act of 2017</latestTitle>
        <type>HR</type>
        <congress>115</congress>
        <number>1628</number>
        <latestAction>
          <text>Returned to the Calendar. Calendar No. 120.</text>
          <actionDate>2017-07-28</actionDate>
        </latestAction>
      </item>
    </relatedBills>
    <version>1.0.0</version>
    <actions>
      <item>
        <actionTime>11:03:53</actionTime>
        <links />
        <text>Motion to reconsider laid on the table Agreed to without objection.</text>
        <committee />
        <actionDate>2017-05-04</actionDate>
        <sourceSystem>
          <code>2</code>
          <name>House floor actions</name>
        </sourceSystem>
        <type>Floor</type>
        <actionCode>H38310</actionCode>
      </item>
      <item>
        <actionTime>11:03:51</actionTime>
        <links>
          <link>
            <url>https://www.congress.gov/congressional-record/volume-163/house-section/page/H4114-4115</url>
            <name>H4114-4115</name>
          </link>
          <link>
            <url>http://clerk.house.gov/evs/2017/roll253.xml</url>
            <name>Roll no. 253</name>
          </link>
        </links>
        <text>On agreeing to the resolution Agreed to by recorded vote: 235 - 192 (Roll no. 253). (text: CR H4114-4115)</text>
        <committee />
        <actionDate>2017-05-04</actionDate>
        <sourceSystem>
          <code>2</code>
          <name>House floor actions</name>
        </sourceSystem>
        <type>Floor</type>
        <actionCode>H37100</actionCode>
      </item>
      <item>
        <actionTime>11:03:51</actionTime>
        <links>
          <link>
            <url>https://www.congress.gov/congressional-record/volume-163/house-section/page/H4114-4115</url>
            <name>H4114-4115</name>
          </link>
          <link>
            <url>http://clerk.house.gov/evs/2017/roll253.xml</url>
            <name>Roll no. 253</name>
          </link>
        </links>
        <text>Passed/agreed to in House: On agreeing to the resolution Agreed to by recorded vote: 235 - 192 (Roll no. 253).(text: CR H4114-4115)</text>
        <committee />
        <actionDate>2017-05-04</actionDate>
        <sourceSystem>
          <code>9</code>
          <name>Library of Congress</name>
        </sourceSystem>
        <type>Floor</type>
        <actionCode>8000</actionCode>
      </item>
      <item>
        <actionTime>10:55:51</actionTime>
        <links>
          <link>
            <url>https://www.congress.gov/congressional-record/volume-163/house-section/page/H4137</url>
            <name>H4137</name>
          </link>
          <link>
            <url>http://clerk.house.gov/evs/2017/roll252.xml</url>
            <name>Roll no. 252</name>
          </link>
        </links>
        <text>On ordering the previous question Agreed to by the Yeas and Nays: 235 - 193 (Roll no. 252). (consideration: CR H4137)</text>
        <committee />
        <actionDate>2017-05-04</actionDate>
        <sourceSystem>
          <code>2</code>
          <name>House floor actions</name>
        </sourceSystem>
        <type>Floor</type>
        <actionCode>H35000</actionCode>
      </item>
      <item>
        <actionTime>09:28:05</actionTime>
        <links>
          <link>
            <url>https://www.congress.gov/bill/115th-congress/house-resolution/308</url>
            <name>H. Res. 308</name>
          </link>
        </links>
        <text>DEBATE - The House resumed with debate on H. Res. 308.</text>
        <committee />
        <actionDate>2017-05-04</actionDate>
        <sourceSystem>
          <code>2</code>
          <name>House floor actions</name>
        </sourceSystem>
        <type>Floor</type>
        <actionCode>H8D000</actionCode>
      </item>
      <item>
        <actionTime>09:14:04</actionTime>
        <links>
          <link>
            <url>https://www.congress.gov/bill/115th-congress/house-resolution/308</url>
            <name>H. Res. 308</name>
          </link>
        </links>
        <text>DEBATE - The House proceeded with one hour of debate on H. Res. 308.</text>
        <committee />
        <actionDate>2017-05-04</actionDate>
        <sourceSystem>
          <code>2</code>
          <name>House floor actions</name>
        </sourceSystem>
        <type>Floor</type>
        <actionCode>H8D000</actionCode>
      </item>
      <item>
        <actionTime>09:12:56</actionTime>
        <links>
          <link>
            <url>https://www.congress.gov/congressional-record/volume-163/house-section/page/H4114-4138</url>
            <name>H4114-4138</name>
          </link>
        </links>
        <text>Considered as privileged matter. (consideration: CR H4114-4138)</text>
        <committee />
        <actionDate>2017-05-04</actionDate>
        <sourceSystem>
          <code>2</code>
          <name>House floor actions</name>
        </sourceSystem>
        <type>Floor</type>
        <actionCode>H30000</actionCode>
      </item>
      <item>
        <actionDate>2017-05-03</actionDate>
        <links />
        <sourceSystem>
          <code>2</code>
          <name>House floor actions</name>
        </sourceSystem>
        <committee />
        <text>Placed on the House Calendar, Calendar No. 46.</text>
        <type>Calendars</type>
        <actionCode>H12420</actionCode>
      </item>
      <item>
        <actionTime>22:15:28</actionTime>
        <links>
          <link>
            <url>https://www.congress.gov/bill/115th-congress/house-bill/1628</url>
            <name>H.R. 1628</name>
          </link>
          <link>
            <url>https://www.congress.gov/bill/115th-congress/house-bill/2192</url>
            <name>H.R. 2192</name>
          </link>
        </links>
        <text>Rule provides for consideration of H.R. 2192 under a closed rule, with one hour of general debate and one motion to recommit. Rule also provides for further consideration of H.R. 1628 and provides that further amendments printed in House Report 115-109 be considered as adopted.</text>
        <committee />
        <actionDate>2017-05-03</actionDate>
        <sourceSystem>
          <code>2</code>
          <name>House floor actions</name>
        </sourceSystem>
        <type>Floor</type>
        <actionCode>H12700</actionCode>
      </item>
      <item>
        <actionDate>2017-05-03</actionDate>
        <links>
          <link>
            <url>https://www.congress.gov/congressional-report/115th-congress/house-report/109</url>
            <name>H. Rept. 115-109</name>
          </link>
        </links>
        <sourceSystem>
          <code>2</code>
          <name>House floor actions</name>
        </sourceSystem>
        <committee>
          <systemCode>hsru00</systemCode>
          <name>Rules Committee</name>
        </committee>
        <text>The House Committee on Rules reported an original measure, H. Rept. 115-109, by Mr. Collins (GA).</text>
        <type>Committee</type>
        <actionCode>H12100</actionCode>
      </item>
      <item>
        <actionDate>2017-05-03</actionDate>
        <links>
          <link>
            <url>https://www.congress.gov/congressional-report/115th-congress/house-report/109</url>
            <name>H. Rept. 115-109</name>
          </link>
        </links>
        <sourceSystem>
          <code>9</code>
          <name>Library of Congress</name>
        </sourceSystem>
        <committee>
          <systemCode>hsru00</systemCode>
          <name>Rules Committee</name>
        </committee>
        <text>The House Committee on Rules reported an original measure, H. Rept. 115-109, by Mr. Collins (GA).</text>
        <type>Committee</type>
        <actionCode>5000</actionCode>
      </item>
      <item>
        <actionDate>2017-05-03</actionDate>
        <links />
        <sourceSystem>
          <code>9</code>
          <name>Library of Congress</name>
        </sourceSystem>
        <committee />
        <text>Introduced in House</text>
        <type>IntroReferral</type>
        <actionCode>1000</actionCode>
      </item>
      <actionByCounts>
        <houseOfRepresentatives>12</houseOfRepresentatives>
      </actionByCounts>
      <actionTypeCounts>
        <motionToReconsiderResults>1</motionToReconsiderResults>
        <passageOfAMeasure>1</passageOfAMeasure>
        <houseCalendarAssignment>1</houseCalendarAssignment>
        <motionForPreviousQuestion>1</motionForPreviousQuestion>
        <reportedToHouse>1</reportedToHouse>
        <considerationByHouse>1</considerationByHouse>
        <introducedInHouse>1</introducedInHouse>
        <generalDebate>2</generalDebate>
        <committeeReportOfAnOriginalMeasure>1</committeeReportOfAnOriginalMeasure>
        <provisionsOfARule>1</provisionsOfARule>
        <passedAgreedToInHouse>1</passedAgreedToInHouse>
      </actionTypeCounts>
    </actions>
    <sponsors>
      <item>
        <fullName>Rep. Collins, Doug [R-GA-9]</fullName>
        <identifiers>
          <lisID>2121</lisID>
          <gpoId />
          <bioguideId>C001093</bioguideId>
        </identifiers>
        <bioguideId>C001093</bioguideId>
        <lastName>Collins</lastName>
        <firstName>Doug</firstName>
        <party>R</party>
        <byRequestType />
        <middleName />
        <state>GA</state>
        <district>9</district>
      </item>
    </sponsors>
    <billType>HRES</billType>
    <constitutionalAuthorityStatementText />
    <policyArea>
      <name>Congress</name>
    </policyArea>
    <recordedVotes>
      <recordedVote>
        <url>http://clerk.house.gov/evs/2017/roll253.xml</url>
        <fullActionName>Passage of a Measure</fullActionName>
        <rollNumber>253</rollNumber>
        <sessionNumber>1</sessionNumber>
        <congress>115</congress>
        <date>2017-05-04T15:03:51Z</date>
        <chamber>House</chamber>
      </recordedVote>
      <recordedVote>
        <url>http://clerk.house.gov/evs/2017/roll252.xml</url>
        <fullActionName>Motion for Previous Question</fullActionName>
        <rollNumber>252</rollNumber>
        <sessionNumber>1</sessionNumber>
        <congress>115</congress>
        <date>2017-05-04T14:55:51Z</date>
        <chamber>House</chamber>
      </recordedVote>
    </recordedVotes>
    <billNumber>308</billNumber>
    <titles>
      <item>
        <chamberName />
        <chamberCode />
        <titleType>Official Title as Introduced</titleType>
        <title>Providing for consideration of the bill (H.R. 2192) to amend the Public Health Service Act to eliminate the non-application of certain State waiver provisions to Members of Congress and congressional staff, and providing for further consideration of the bill (H.R. 1628) to provide for reconciliation pursuant to title II of the concurrent resolution on the budget for fiscal year 2017.</title>
        <parentTitleType />
      </item>
      <item>
        <chamberName />
        <chamberCode />
        <titleType>Display Title</titleType>
        <title>Providing for consideration of the bill (H.R. 2192) to amend the Public Health Service Act to eliminate the non-application of certain State waiver provisions to Members of Congress and congressional staff, and providing for further consideration of the bill (H.R. 1628) to provide for reconciliation pursuant to title II of the concurrent resolution on the budget for fiscal year 2017.</title>
        <parentTitleType />
      </item>
    </titles>
    <originChamber>House</originChamber>
    <subjects>
      <billSubjects>
        <legislativeSubjects>
          <item>
            <name>House of Representatives</name>
          </item>
          <item>
            <name>Legislative rules and procedure</name>
          </item>
        </legislativeSubjects>
        <policyArea>
          <name>Congress</name>
        </policyArea>
      </billSubjects>
    </subjects>
    <cosponsors />
    <introducedDate>2017-05-03</introducedDate>
    <calendarNumbers>
      <item>
        <number />
        <calendar>H00046</calendar>
      </item>
    </calendarNumbers>
    <latestAction>
      <links />
      <actionDate>2017-05-04</actionDate>
      <text>Motion to reconsider laid on the table Agreed to without objection.</text>
      <actionTime>11:03:53</actionTime>
    </latestAction>
    <amendments />
    <summaries>
      <billSummaries>
        <item>
          <updateDate>2017-05-03T04:00:00Z</updateDate>
          <actionDate>2017-05-03</actionDate>
          <versionCode>00</versionCode>
          <name>Introduced in House</name>
          <text><![CDATA[Sets forth the rule for consideration of the bill (H.R. 2192) to amend the Public Health Service Act to eliminate the non-application of certain State waiver provisions to Members of Congress and congressional staff, and providing for further consideration of the bill (H.R. 1628) to provide for reconciliation pursuant to title II of the concurrent resolution on the budget for fiscal year 2017.]]></text>
          <lastSummaryUpdateDate>2017-05-04T08:03:58Z</lastSummaryUpdateDate>
          <actionDesc>Introduced in House</actionDesc>
        </item>
      </billSummaries>
    </summaries>
    <createDate>2017-05-04T03:11:43Z</createDate>
  </bill>
  <dublinCore xmlns:dc="http://purl.org/dc/elements/1.1/">
    <dc:format>text/xml</dc:format>
    <dc:language>EN</dc:language>
    <dc:rights>Pursuant to Title 17 Section 105 of the United States Code, this file is not subject to copyright protection and is in the public domain.</dc:rights>
    <dc:contributor>Congressional Research Service, Library of Congress</dc:contributor>
    <dc:description>This file contains bill summaries and statuses for federal legislation. A bill summary describes the most significant provisions of a piece of legislation and details the effects the legislative text may have on current law and federal programs. Bill summaries are authored by the Congressional Research Service (CRS) of the Library of Congress. As stated in Public Law 91-510 (2 USC 166 (d)(6)), one of the duties of CRS is "to prepare summaries and digests of bills and resolutions of a public general nature introduced in the Senate or House of Representatives". For more information, refer to the User Guide that accompanies this file.</dc:description>
  </dublinCore>
</billStatus>

