<?xml version="1.0" encoding="UTF-8"?>
<billStatus>
  <bill>
    <constitutionalAuthorityStatementText />
    <sponsors>
      <item>
        <middleName />
        <party>R</party>
        <bioguideId>W000810</bioguideId>
        <lastName>Woodall</lastName>
        <firstName>Rob</firstName>
        <state>GA</state>
        <identifiers>
          <lisID>2008</lisID>
          <gpoId>7904</gpoId>
          <bioguideId>W000810</bioguideId>
        </identifiers>
        <district>7</district>
        <fullName>Rep. Woodall, Rob [R-GA-7]</fullName>
        <byRequestType />
      </item>
    </sponsors>
    <version>1.0.0</version>
    <createDate>2017-03-28T05:32:29Z</createDate>
    <committeeReports>
      <committeeReport>
        <citation>H. Rept. 115-60</citation>
      </committeeReport>
    </committeeReports>
    <latestAction>
      <text>Motion to reconsider laid on the table Agreed to without objection.</text>
      <actionDate>2017-03-28</actionDate>
      <links />
      <actionTime>15:33:28</actionTime>
    </latestAction>
    <billNumber>229</billNumber>
    <notes />
    <introducedDate>2017-03-27</introducedDate>
    <committees>
      <billCommittees>
        <item>
          <activities>
            <item>
              <date>2017-03-27T22:38:03Z</date>
              <name>Reported original measure</name>
            </item>
          </activities>
          <type>Standing</type>
          <chamber>House</chamber>
          <systemCode>hsru00</systemCode>
          <name>Rules Committee</name>
          <subcommittees />
        </item>
      </billCommittees>
    </committees>
    <relatedBills>
      <item>
        <latestAction>
          <text>Received in the Senate and Read twice and referred to the Committee on Environment and Public Works.</text>
          <actionDate>2017-03-30</actionDate>
        </latestAction>
        <type>HR</type>
        <number>1430</number>
        <latestTitle>HONEST Act</latestTitle>
        <relationshipDetails>
          <item>
            <type>Procedurally-related</type>
            <identifiedBy>House</identifiedBy>
          </item>
        </relationshipDetails>
        <congress>115</congress>
      </item>
    </relatedBills>
    <congress>115</congress>
    <subjects>
      <billSubjects>
        <legislativeSubjects>
          <item>
            <name>House of Representatives</name>
          </item>
          <item>
            <name>Legislative rules and procedure</name>
          </item>
        </legislativeSubjects>
        <policyArea>
          <name>Congress</name>
        </policyArea>
      </billSubjects>
    </subjects>
    <amendments />
    <originChamber>House</originChamber>
    <cboCostEstimates />
    <policyArea>
      <name>Congress</name>
    </policyArea>
    <actions>
      <item>
        <actionTime>15:33:28</actionTime>
        <text>Motion to reconsider laid on the table Agreed to without objection.</text>
        <committee />
        <links />
        <actionDate>2017-03-28</actionDate>
        <sourceSystem>
          <code>2</code>
          <name>House floor actions</name>
        </sourceSystem>
        <type>Floor</type>
        <actionCode>H38310</actionCode>
      </item>
      <item>
        <actionTime>15:33:26</actionTime>
        <text>On agreeing to the resolution Agreed to by recorded vote: 231 - 185 (Roll no. 198). (text: CR H2471)</text>
        <committee />
        <links>
          <link>
            <url>https://www.congress.gov/congressional-record/volume-163/house-section/page/H2471</url>
            <name>H2471</name>
          </link>
          <link>
            <url>http://clerk.house.gov/evs/2017/roll198.xml</url>
            <name>Roll no. 198</name>
          </link>
        </links>
        <actionDate>2017-03-28</actionDate>
        <sourceSystem>
          <code>2</code>
          <name>House floor actions</name>
        </sourceSystem>
        <type>Floor</type>
        <actionCode>H37100</actionCode>
      </item>
      <item>
        <actionTime>15:33:26</actionTime>
        <text>Passed/agreed to in House: On agreeing to the resolution Agreed to by recorded vote: 231 - 185 (Roll no. 198).(text: CR H2471)</text>
        <committee />
        <links>
          <link>
            <url>https://www.congress.gov/congressional-record/volume-163/house-section/page/H2471</url>
            <name>H2471</name>
          </link>
          <link>
            <url>http://clerk.house.gov/evs/2017/roll198.xml</url>
            <name>Roll no. 198</name>
          </link>
        </links>
        <actionDate>2017-03-28</actionDate>
        <sourceSystem>
          <code>9</code>
          <name>Library of Congress</name>
        </sourceSystem>
        <type>Floor</type>
        <actionCode>8000</actionCode>
      </item>
      <item>
        <actionTime>15:26:43</actionTime>
        <text>On ordering the previous question Agreed to by the Yeas and Nays: 231 - 189 (Roll no. 197). (consideration: CR H2486-2487)</text>
        <committee />
        <links>
          <link>
            <url>https://www.congress.gov/congressional-record/volume-163/house-section/page/H2486-2487</url>
            <name>H2486-2487</name>
          </link>
          <link>
            <url>http://clerk.house.gov/evs/2017/roll197.xml</url>
            <name>Roll no. 197</name>
          </link>
        </links>
        <actionDate>2017-03-28</actionDate>
        <sourceSystem>
          <code>2</code>
          <name>House floor actions</name>
        </sourceSystem>
        <type>Floor</type>
        <actionCode>H35000</actionCode>
      </item>
      <item>
        <actionTime>15:01:15</actionTime>
        <text>Considered as unfinished business. (consideration: CR H2486-2487)</text>
        <committee />
        <links>
          <link>
            <url>https://www.congress.gov/congressional-record/volume-163/house-section/page/H2486-2487</url>
            <name>H2486-2487</name>
          </link>
        </links>
        <actionDate>2017-03-28</actionDate>
        <sourceSystem>
          <code>2</code>
          <name>House floor actions</name>
        </sourceSystem>
        <type>Floor</type>
        <actionCode>H30000</actionCode>
      </item>
      <item>
        <actionTime>13:11:50</actionTime>
        <text>POSTPONED PROCEEDINGS - At conclusion of debate on H.Res. 229, the Chair put the question on ordering the previous question on H.Res. 229 and by voice vote, announced that the ayes had prevailed. Mr. Polis demanded the yeas and nays and the Chair postponed further proceedings on ordering the previous question until a time to be announced.</text>
        <committee />
        <links>
          <link>
            <url>https://www.congress.gov/bill/115th-congress/house-resolution/229</url>
            <name>H.Res. 229</name>
          </link>
        </links>
        <actionDate>2017-03-28</actionDate>
        <sourceSystem>
          <code>2</code>
          <name>House floor actions</name>
        </sourceSystem>
        <type>Floor</type>
        <actionCode>H8D000</actionCode>
      </item>
      <item>
        <actionTime>12:26:31</actionTime>
        <text>DEBATE - The House proceeded with one hour of debate on H. Res. 229.</text>
        <committee />
        <links>
          <link>
            <url>https://www.congress.gov/bill/115th-congress/house-resolution/229</url>
            <name>H. Res. 229</name>
          </link>
        </links>
        <actionDate>2017-03-28</actionDate>
        <sourceSystem>
          <code>2</code>
          <name>House floor actions</name>
        </sourceSystem>
        <type>Floor</type>
        <actionCode>H8D000</actionCode>
      </item>
      <item>
        <actionTime>12:23:24</actionTime>
        <text>Considered as privileged matter. (consideration: CR H2471-2478)</text>
        <committee />
        <links>
          <link>
            <url>https://www.congress.gov/congressional-record/volume-163/house-section/page/H2471-2478</url>
            <name>H2471-2478</name>
          </link>
        </links>
        <actionDate>2017-03-28</actionDate>
        <sourceSystem>
          <code>2</code>
          <name>House floor actions</name>
        </sourceSystem>
        <type>Floor</type>
        <actionCode>H30000</actionCode>
      </item>
      <item>
        <text>Placed on the House Calendar, Calendar No. 27.</text>
        <type>Calendars</type>
        <links />
        <actionDate>2017-03-27</actionDate>
        <sourceSystem>
          <code>2</code>
          <name>House floor actions</name>
        </sourceSystem>
        <committee />
        <actionCode>H12420</actionCode>
      </item>
      <item>
        <actionTime>18:38:04</actionTime>
        <text>Rule provides for consideration of H.R. 1430 with 1 hour of general debate. Previous question shall be considered as ordered without intervening motions except motion to recommit with or without instructions. Measure will be considered read. Bill is closed to amendments.</text>
        <committee />
        <links>
          <link>
            <url>https://www.congress.gov/bill/115th-congress/house-bill/1430</url>
            <name>H.R. 1430</name>
          </link>
        </links>
        <actionDate>2017-03-27</actionDate>
        <sourceSystem>
          <code>2</code>
          <name>House floor actions</name>
        </sourceSystem>
        <type>Floor</type>
        <actionCode>H12700</actionCode>
      </item>
      <item>
        <text>The House Committee on Rules reported an original measure, H. Rept. 115-60, by Mr. Woodall.</text>
        <type>Committee</type>
        <links>
          <link>
            <url>https://www.congress.gov/congressional-report/115th-congress/house-report/60</url>
            <name>H. Rept. 115-60</name>
          </link>
        </links>
        <actionDate>2017-03-27</actionDate>
        <sourceSystem>
          <code>2</code>
          <name>House floor actions</name>
        </sourceSystem>
        <committee>
          <systemCode>hsru00</systemCode>
          <name>Rules Committee</name>
        </committee>
        <actionCode>H12100</actionCode>
      </item>
      <item>
        <text>The House Committee on Rules reported an original measure, H. Rept. 115-60, by Mr. Woodall.</text>
        <type>Committee</type>
        <links>
          <link>
            <url>https://www.congress.gov/congressional-report/115th-congress/house-report/60</url>
            <name>H. Rept. 115-60</name>
          </link>
        </links>
        <actionDate>2017-03-27</actionDate>
        <sourceSystem>
          <code>9</code>
          <name>Library of Congress</name>
        </sourceSystem>
        <committee>
          <systemCode>hsru00</systemCode>
          <name>Rules Committee</name>
        </committee>
        <actionCode>5000</actionCode>
      </item>
      <item>
        <text>Introduced in House</text>
        <type>IntroReferral</type>
        <links />
        <actionDate>2017-03-27</actionDate>
        <sourceSystem>
          <code>9</code>
          <name>Library of Congress</name>
        </sourceSystem>
        <committee />
        <actionCode>1000</actionCode>
      </item>
      <actionByCounts>
        <houseOfRepresentatives>13</houseOfRepresentatives>
      </actionByCounts>
      <actionTypeCounts>
        <introducedInHouse>1</introducedInHouse>
        <generalDebate>2</generalDebate>
        <considerationByHouse>2</considerationByHouse>
        <motionToReconsiderResults>1</motionToReconsiderResults>
        <provisionsOfARule>1</provisionsOfARule>
        <passedAgreedToInHouse>1</passedAgreedToInHouse>
        <passageOfAMeasure>1</passageOfAMeasure>
        <motionForPreviousQuestion>1</motionForPreviousQuestion>
        <committeeReportOfAnOriginalMeasure>1</committeeReportOfAnOriginalMeasure>
        <houseCalendarAssignment>1</houseCalendarAssignment>
        <reportedToHouse>1</reportedToHouse>
      </actionTypeCounts>
    </actions>
    <recordedVotes>
      <recordedVote>
        <chamber>House</chamber>
        <rollNumber>198</rollNumber>
        <congress>115</congress>
        <url>http://clerk.house.gov/evs/2017/roll198.xml</url>
        <sessionNumber>1</sessionNumber>
        <fullActionName>Passage of a Measure</fullActionName>
        <date>2017-03-28T19:33:26Z</date>
      </recordedVote>
      <recordedVote>
        <chamber>House</chamber>
        <rollNumber>197</rollNumber>
        <congress>115</congress>
        <url>http://clerk.house.gov/evs/2017/roll197.xml</url>
        <sessionNumber>1</sessionNumber>
        <fullActionName>Motion for Previous Question</fullActionName>
        <date>2017-03-28T19:26:43Z</date>
      </recordedVote>
    </recordedVotes>
    <laws />
    <cosponsors />
    <titles>
      <item>
        <chamberCode />
        <titleType>Official Title as Introduced</titleType>
        <chamberName />
        <title>Providing for consideration of the bill (H.R. 1430) to prohibit the Environmental Protection Agency from proposing, finalizing, or disseminating regulations or assessments based upon science that is not transparent or reproducible.</title>
        <parentTitleType />
      </item>
      <item>
        <chamberCode />
        <titleType>Display Title</titleType>
        <chamberName />
        <title>Providing for consideration of the bill (H.R. 1430) to prohibit the Environmental Protection Agency from proposing, finalizing, or disseminating regulations or assessments based upon science that is not transparent or reproducible.</title>
        <parentTitleType />
      </item>
    </titles>
    <updateDate>2018-08-28T19:54:22Z</updateDate>
    <calendarNumbers>
      <item>
        <number />
        <calendar>H00027</calendar>
      </item>
    </calendarNumbers>
    <billType>HRES</billType>
    <summaries>
      <billSummaries>
        <item>
          <lastSummaryUpdateDate>2017-03-28T08:04:08Z</lastSummaryUpdateDate>
          <actionDate>2017-03-27</actionDate>
          <text><![CDATA[Sets forth the rule for consideration of the bill (H.R. 1430) to prohibit the Environmental Protection Agency from proposing, finalizing, or disseminating regulations or assessments based upon science that is not transparent or reproducible.]]></text>
          <updateDate>2017-03-27T04:00:00Z</updateDate>
          <name>Introduced in House</name>
          <versionCode>00</versionCode>
          <actionDesc>Introduced in House</actionDesc>
        </item>
      </billSummaries>
    </summaries>
    <title>Providing for consideration of the bill (H.R. 1430) to prohibit the Environmental Protection Agency from proposing, finalizing, or disseminating regulations or assessments based upon science that is not transparent or reproducible.</title>
  </bill>
  <dublinCore xmlns:dc="http://purl.org/dc/elements/1.1/">
    <dc:format>text/xml</dc:format>
    <dc:language>EN</dc:language>
    <dc:rights>Pursuant to Title 17 Section 105 of the United States Code, this file is not subject to copyright protection and is in the public domain.</dc:rights>
    <dc:contributor>Congressional Research Service, Library of Congress</dc:contributor>
    <dc:description>This file contains bill summaries and statuses for federal legislation. A bill summary describes the most significant provisions of a piece of legislation and details the effects the legislative text may have on current law and federal programs. Bill summaries are authored by the Congressional Research Service (CRS) of the Library of Congress. As stated in Public Law 91-510 (2 USC 166 (d)(6)), one of the duties of CRS is "to prepare summaries and digests of bills and resolutions of a public general nature introduced in the Senate or House of Representatives". For more information, refer to the User Guide that accompanies this file.</dc:description>
  </dublinCore>
</billStatus>

