<?xml version="1.0" encoding="UTF-8"?>
<billStatus>
  <bill>
    <committees>
      <billCommittees>
        <item>
          <systemCode>hsfa00</systemCode>
          <subcommittees>
            <item>
              <activities>
                <item>
                  <name>Referred to</name>
                  <date>2017-09-05T19:58:28Z</date>
                </item>
              </activities>
              <name>Asia and the Pacific Subcommittee</name>
              <systemCode>hsfa05</systemCode>
            </item>
          </subcommittees>
          <activities>
            <item>
              <name>Referred to</name>
              <date>2017-07-28T13:02:20Z</date>
            </item>
          </activities>
          <name>Foreign Affairs Committee</name>
          <chamber>House</chamber>
          <type>Standing</type>
        </item>
      </billCommittees>
    </committees>
    <recordedVotes />
    <laws />
    <summaries>
      <billSummaries>
        <item>
          <text><![CDATA[<p>The House of Representatives affirms and recognizes the Khmer, Laotian, Hmong, and Montagnard people of Cambodia and Laos for their support and defense of the United States Armed Forces and freedom in Southeast Asia.</p>]]></text>
          <lastSummaryUpdateDate>2017-09-27T14:20:24Z</lastSummaryUpdateDate>
          <actionDesc>Introduced in House</actionDesc>
          <updateDate>2017-07-28T04:00:00Z</updateDate>
          <name>Introduced in House</name>
          <versionCode>00</versionCode>
          <actionDate>2017-07-28</actionDate>
        </item>
      </billSummaries>
    </summaries>
    <calendarNumbers />
    <titles>
      <item>
        <parentTitleType />
        <titleType>Official Title as Introduced</titleType>
        <chamberCode />
        <title>A resolution affirming and recognizing the Khmer, Laotian, Hmong, and the other ethnic groups commonly referred to as Montagnards of Cambodia and Laos who supported and defended the United States Armed Forces and freedom in Southeast Asia.</title>
        <chamberName />
      </item>
      <item>
        <parentTitleType />
        <titleType>Display Title</titleType>
        <chamberCode />
        <title>A resolution affirming and recognizing the Khmer, Laotian, Hmong, and the other ethnic groups commonly referred to as Montagnards of Cambodia and Laos who supported and defended the United States Armed Forces and freedom in Southeast Asia.</title>
        <chamberName />
      </item>
    </titles>
    <cosponsors>
      <item>
        <lastName>Grothman</lastName>
        <state>WI</state>
        <firstName>Glenn</firstName>
        <sponsorshipDate>2017-07-28</sponsorshipDate>
        <district>6</district>
        <fullName>Rep. Grothman, Glenn [R-WI-6]</fullName>
        <identifiers>
          <bioguideId>G000576</bioguideId>
          <gpoId />
          <lisID>2276</lisID>
        </identifiers>
        <bioguideId>G000576</bioguideId>
        <sponsorshipWithdrawnDate />
        <party>R</party>
        <isOriginalCosponsor>True</isOriginalCosponsor>
        <middleName />
      </item>
      <item>
        <lastName>Perlmutter</lastName>
        <state>CO</state>
        <firstName>Ed</firstName>
        <sponsorshipDate>2017-07-28</sponsorshipDate>
        <district>7</district>
        <fullName>Rep. Perlmutter, Ed [D-CO-7]</fullName>
        <identifiers>
          <lisID>1835</lisID>
          <bioguideId>P000593</bioguideId>
          <gpoId>7865</gpoId>
        </identifiers>
        <bioguideId>P000593</bioguideId>
        <sponsorshipWithdrawnDate />
        <party>D</party>
        <isOriginalCosponsor>True</isOriginalCosponsor>
        <middleName />
      </item>
      <item>
        <lastName>LOFGREN</lastName>
        <state>CA</state>
        <firstName>ZOE</firstName>
        <sponsorshipDate>2017-10-27</sponsorshipDate>
        <district>19</district>
        <fullName>Rep. Lofgren, Zoe [D-CA-19]</fullName>
        <identifiers>
          <lisID>701</lisID>
          <bioguideId>L000397</bioguideId>
          <gpoId>7821</gpoId>
        </identifiers>
        <bioguideId>L000397</bioguideId>
        <sponsorshipWithdrawnDate />
        <party>D</party>
        <isOriginalCosponsor>False</isOriginalCosponsor>
        <middleName />
      </item>
    </cosponsors>
    <cboCostEstimates />
    <latestAction>
      <text>Referred to the Subcommittee on Asia and the Pacific.</text>
      <links />
      <actionDate>2017-09-05</actionDate>
    </latestAction>
    <updateDate>2018-08-28T19:55:16Z</updateDate>
    <version>1.0.0</version>
    <constitutionalAuthorityStatementText />
    <policyArea>
      <name>International Affairs</name>
    </policyArea>
    <billType>HRES</billType>
    <billNumber>491</billNumber>
    <originChamber>House</originChamber>
    <relatedBills />
    <title>A resolution affirming and recognizing the Khmer, Laotian, Hmong, and the other ethnic groups commonly referred to as Montagnards of Cambodia and Laos who supported and defended the United States Armed Forces and freedom in Southeast Asia.</title>
    <congress>115</congress>
    <actions>
      <actionByCounts>
        <houseOfRepresentatives>4</houseOfRepresentatives>
      </actionByCounts>
      <item>
        <actionDate>2017-09-05</actionDate>
        <committee>
          <name>Asia and the Pacific Subcommittee</name>
          <systemCode>hsfa05</systemCode>
        </committee>
        <links />
        <sourceSystem>
          <name>House committee actions</name>
          <code>1</code>
        </sourceSystem>
        <text>Referred to the Subcommittee on Asia and the Pacific.</text>
        <type>Committee</type>
      </item>
      <item>
        <type>IntroReferral</type>
        <links />
        <sourceSystem>
          <name>House floor actions</name>
          <code>2</code>
        </sourceSystem>
        <committee>
          <name>Foreign Affairs Committee</name>
          <systemCode>hsfa00</systemCode>
        </committee>
        <text>Referred to the House Committee on Foreign Affairs.</text>
        <actionCode>H11100</actionCode>
        <actionDate>2017-07-28</actionDate>
      </item>
      <item>
        <type>IntroReferral</type>
        <links />
        <sourceSystem>
          <name>Library of Congress</name>
          <code>9</code>
        </sourceSystem>
        <committee />
        <text>Introduced in House</text>
        <actionCode>Intro-H</actionCode>
        <actionDate>2017-07-28</actionDate>
      </item>
      <item>
        <type>IntroReferral</type>
        <links />
        <sourceSystem>
          <name>Library of Congress</name>
          <code>9</code>
        </sourceSystem>
        <committee />
        <text>Introduced in House</text>
        <actionCode>1000</actionCode>
        <actionDate>2017-07-28</actionDate>
      </item>
      <actionTypeCounts>
        <placeholderTextForH>1</placeholderTextForH>
        <introducedInTheHouse>1</introducedInTheHouse>
        <billReferrals>1</billReferrals>
        <introducedInHouse>1</introducedInHouse>
      </actionTypeCounts>
    </actions>
    <subjects>
      <billSubjects>
        <policyArea>
          <name>International Affairs</name>
        </policyArea>
        <legislativeSubjects>
          <item>
            <name>Asia</name>
          </item>
          <item>
            <name>Cambodia</name>
          </item>
          <item>
            <name>Conflicts and wars</name>
          </item>
          <item>
            <name>Congressional tributes</name>
          </item>
          <item>
            <name>Laos</name>
          </item>
          <item>
            <name>Military history</name>
          </item>
        </legislativeSubjects>
      </billSubjects>
    </subjects>
    <committeeReports />
    <introducedDate>2017-07-28</introducedDate>
    <sponsors>
      <item>
        <bioguideId>D000614</bioguideId>
        <middleName>P.</middleName>
        <byRequestType />
        <fullName>Rep. Duffy, Sean P. [R-WI-7]</fullName>
        <lastName>Duffy</lastName>
        <state>WI</state>
        <district>7</district>
        <party>R</party>
        <identifiers>
          <lisID>2072</lisID>
          <bioguideId>D000614</bioguideId>
          <gpoId>8220</gpoId>
        </identifiers>
        <firstName>Sean</firstName>
      </item>
    </sponsors>
    <notes />
    <createDate>2017-07-29T03:11:32Z</createDate>
    <amendments />
  </bill>
  <dublinCore xmlns:dc="http://purl.org/dc/elements/1.1/">
    <dc:format>text/xml</dc:format>
    <dc:language>EN</dc:language>
    <dc:rights>Pursuant to Title 17 Section 105 of the United States Code, this file is not subject to copyright protection and is in the public domain.</dc:rights>
    <dc:contributor>Congressional Research Service, Library of Congress</dc:contributor>
    <dc:description>This file contains bill summaries and statuses for federal legislation. A bill summary describes the most significant provisions of a piece of legislation and details the effects the legislative text may have on current law and federal programs. Bill summaries are authored by the Congressional Research Service (CRS) of the Library of Congress. As stated in Public Law 91-510 (2 USC 166 (d)(6)), one of the duties of CRS is "to prepare summaries and digests of bills and resolutions of a public general nature introduced in the Senate or House of Representatives". For more information, refer to the User Guide that accompanies this file.</dc:description>
  </dublinCore>
</billStatus>

