<?xml version="1.0" encoding="UTF-8"?>
<billStatus>
  <bill>
    <title>Congratulating and honoring Fermi National Accelerator Laboratory on 50 years of groundbreaking discoveries.</title>
    <originChamber>House</originChamber>
    <updateDate>2018-08-28T19:54:54Z</updateDate>
    <constitutionalAuthorityStatementText />
    <calendarNumbers />
    <subjects>
      <billSubjects>
        <legislativeSubjects>
          <item>
            <name>Commemorative events and holidays</name>
          </item>
          <item>
            <name>Congressional tributes</name>
          </item>
          <item>
            <name>Energy research</name>
          </item>
          <item>
            <name>Government buildings, facilities, and property</name>
          </item>
          <item>
            <name>Illinois</name>
          </item>
          <item>
            <name>Science and engineering education</name>
          </item>
        </legislativeSubjects>
        <policyArea>
          <name>Science, Technology, Communications</name>
        </policyArea>
      </billSubjects>
    </subjects>
    <version>1.0.0</version>
    <summaries>
      <billSummaries>
        <item>
          <name>Introduced in House</name>
          <actionDesc>Introduced in House</actionDesc>
          <actionDate>2017-06-15</actionDate>
          <lastSummaryUpdateDate>2017-06-21T18:16:55Z</lastSummaryUpdateDate>
          <versionCode>00</versionCode>
          <updateDate>2017-06-15T04:00:00Z</updateDate>
          <text><![CDATA[<p>Congratulates and honors the Fermi National Accelerator Laboratory (Fermilab) on its semicentennial. </p> <p>Wishes Fermilab success in continuing to help the people of the United States understand the mysteries of matter, energy, space, and time. </p>]]></text>
        </item>
      </billSummaries>
    </summaries>
    <billType>HRES</billType>
    <latestAction>
      <text>Referred to the Subcommittee on Energy.</text>
      <links />
      <actionDate>2018-05-22</actionDate>
    </latestAction>
    <policyArea>
      <name>Science, Technology, Communications</name>
    </policyArea>
    <relatedBills>
      <item>
        <congress>115</congress>
        <number>169</number>
        <type>SRES</type>
        <latestTitle>A resolution congratulating Fermi National Accelerator Laboratory on 50 years of groundbreaking discoveries.</latestTitle>
        <relationshipDetails>
          <item>
            <type>Related bill</type>
            <identifiedBy>CRS</identifiedBy>
          </item>
        </relationshipDetails>
        <latestAction>
          <text>Referred to the Committee on Energy and Natural Resources. (text of measure as introduced: CR S3020)</text>
          <actionDate>2017-05-17</actionDate>
        </latestAction>
      </item>
      <item>
        <congress>115</congress>
        <number>187</number>
        <type>SRES</type>
        <latestTitle>A resolution congratulating and honoring Fermi National Accelerator Laboratory on 50 years of groundbreaking discoveries.</latestTitle>
        <relationshipDetails>
          <item>
            <type>Identical bill</type>
            <identifiedBy>CRS</identifiedBy>
          </item>
        </relationshipDetails>
        <latestAction>
          <text>Submitted in the Senate, considered, and agreed to without amendment and with a preamble by Unanimous Consent. (consideration: CR S3343; text as passed Senate: CR S3339)</text>
          <actionDate>2017-06-07</actionDate>
        </latestAction>
      </item>
    </relatedBills>
    <introducedDate>2017-06-15</introducedDate>
    <actions>
      <item>
        <actionDate>2018-05-22</actionDate>
        <committee>
          <systemCode>hssy20</systemCode>
          <name>Energy Subcommittee</name>
        </committee>
        <links />
        <sourceSystem>
          <code>1</code>
          <name>House committee actions</name>
        </sourceSystem>
        <text>Referred to the Subcommittee on Energy.</text>
        <type>Committee</type>
      </item>
      <item>
        <actionDate>2017-06-15</actionDate>
        <links />
        <sourceSystem>
          <code>2</code>
          <name>House floor actions</name>
        </sourceSystem>
        <committee>
          <systemCode>hssy00</systemCode>
          <name>Science, Space, and Technology Committee</name>
        </committee>
        <text>Referred to the House Committee on Science, Space, and Technology.</text>
        <type>IntroReferral</type>
        <actionCode>H11100</actionCode>
      </item>
      <item>
        <actionDate>2017-06-15</actionDate>
        <links />
        <sourceSystem>
          <code>9</code>
          <name>Library of Congress</name>
        </sourceSystem>
        <committee />
        <text>Introduced in House</text>
        <type>IntroReferral</type>
        <actionCode>Intro-H</actionCode>
      </item>
      <item>
        <actionDate>2017-06-15</actionDate>
        <links />
        <sourceSystem>
          <code>9</code>
          <name>Library of Congress</name>
        </sourceSystem>
        <committee />
        <text>Introduced in House</text>
        <type>IntroReferral</type>
        <actionCode>1000</actionCode>
      </item>
      <actionByCounts>
        <houseOfRepresentatives>4</houseOfRepresentatives>
      </actionByCounts>
      <actionTypeCounts>
        <billReferrals>1</billReferrals>
        <introducedInHouse>1</introducedInHouse>
        <placeholderTextForH>1</placeholderTextForH>
        <introducedInTheHouse>1</introducedInTheHouse>
      </actionTypeCounts>
    </actions>
    <laws />
    <congress>115</congress>
    <committeeReports />
    <billNumber>388</billNumber>
    <cboCostEstimates />
    <cosponsors>
      <item>
        <sponsorshipDate>2017-06-15</sponsorshipDate>
        <party>D</party>
        <fullName>Rep. Foster, Bill [D-IL-11]</fullName>
        <identifiers>
          <bioguideId>F000454</bioguideId>
          <gpoId>7355</gpoId>
          <lisID>1888</lisID>
        </identifiers>
        <lastName>Foster</lastName>
        <firstName>Bill</firstName>
        <isOriginalCosponsor>True</isOriginalCosponsor>
        <middleName />
        <sponsorshipWithdrawnDate />
        <state>IL</state>
        <district>11</district>
        <bioguideId>F000454</bioguideId>
      </item>
    </cosponsors>
    <committees>
      <billCommittees>
        <item>
          <type>Standing</type>
          <name>Science, Space, and Technology Committee</name>
          <systemCode>hssy00</systemCode>
          <chamber>House</chamber>
          <activities>
            <item>
              <name>Referred to</name>
              <date>2017-06-15T14:01:25Z</date>
            </item>
          </activities>
          <subcommittees>
            <item>
              <name>Energy Subcommittee</name>
              <systemCode>hssy20</systemCode>
              <activities>
                <item>
                  <name>Referred to</name>
                  <date>2018-05-22T19:07:07Z</date>
                </item>
              </activities>
            </item>
          </subcommittees>
        </item>
      </billCommittees>
    </committees>
    <notes />
    <amendments />
    <recordedVotes />
    <createDate>2017-06-16T03:11:35Z</createDate>
    <sponsors>
      <item>
        <bioguideId>H001059</bioguideId>
        <party>R</party>
        <firstName>Randy</firstName>
        <fullName>Rep. Hultgren, Randy [R-IL-14]</fullName>
        <state>IL</state>
        <district>14</district>
        <lastName>Hultgren</lastName>
        <middleName />
        <identifiers>
          <lisID>2015</lisID>
          <bioguideId>H001059</bioguideId>
          <gpoId>7934</gpoId>
        </identifiers>
        <byRequestType />
      </item>
    </sponsors>
    <titles>
      <item>
        <parentTitleType />
        <titleType>Official Title as Introduced</titleType>
        <chamberCode />
        <title>Congratulating and honoring Fermi National Accelerator Laboratory on 50 years of groundbreaking discoveries.</title>
        <chamberName />
      </item>
      <item>
        <parentTitleType />
        <titleType>Display Title</titleType>
        <chamberCode />
        <title>Congratulating and honoring Fermi National Accelerator Laboratory on 50 years of groundbreaking discoveries.</title>
        <chamberName />
      </item>
    </titles>
  </bill>
  <dublinCore xmlns:dc="http://purl.org/dc/elements/1.1/">
    <dc:format>text/xml</dc:format>
    <dc:language>EN</dc:language>
    <dc:rights>Pursuant to Title 17 Section 105 of the United States Code, this file is not subject to copyright protection and is in the public domain.</dc:rights>
    <dc:contributor>Congressional Research Service, Library of Congress</dc:contributor>
    <dc:description>This file contains bill summaries and statuses for federal legislation. A bill summary describes the most significant provisions of a piece of legislation and details the effects the legislative text may have on current law and federal programs. Bill summaries are authored by the Congressional Research Service (CRS) of the Library of Congress. As stated in Public Law 91-510 (2 USC 166 (d)(6)), one of the duties of CRS is "to prepare summaries and digests of bills and resolutions of a public general nature introduced in the Senate or House of Representatives". For more information, refer to the User Guide that accompanies this file.</dc:description>
  </dublinCore>
</billStatus>

