<?xml version="1.0" encoding="UTF-8"?>
<billStatus>
  <bill>
    <title>Electing Members to certain standing committees of the House of Representatives.</title>
    <originChamber>House</originChamber>
    <updateDate>2018-08-28T19:53:42Z</updateDate>
    <constitutionalAuthorityStatementText />
    <calendarNumbers />
    <subjects>
      <billSubjects>
        <legislativeSubjects>
          <item>
            <name>Congressional committees</name>
          </item>
          <item>
            <name>House Committee on Agriculture</name>
          </item>
          <item>
            <name>House Committee on Appropriations</name>
          </item>
          <item>
            <name>House Committee on Armed Services</name>
          </item>
          <item>
            <name>House Committee on Education and the Workforce</name>
          </item>
          <item>
            <name>House Committee on Energy and Commerce</name>
          </item>
          <item>
            <name>House Committee on Ethics</name>
          </item>
          <item>
            <name>House Committee on Financial Services</name>
          </item>
          <item>
            <name>House Committee on Foreign Affairs</name>
          </item>
          <item>
            <name>House Committee on Homeland Security</name>
          </item>
          <item>
            <name>House Committee on House Administration</name>
          </item>
          <item>
            <name>House Committee on Natural Resources</name>
          </item>
          <item>
            <name>House Committee on Oversight and Government Reform</name>
          </item>
          <item>
            <name>House Committee on Rules</name>
          </item>
          <item>
            <name>House Committee on Science, Space, and Technology</name>
          </item>
          <item>
            <name>House Committee on Small Business</name>
          </item>
          <item>
            <name>House Committee on Transportation and Infrastructure</name>
          </item>
          <item>
            <name>House Committee on Veterans' Affairs</name>
          </item>
          <item>
            <name>House Committee on Ways and Means</name>
          </item>
          <item>
            <name>House Committee on the Budget</name>
          </item>
          <item>
            <name>House Committee on the Judiciary</name>
          </item>
          <item>
            <name>House of Representatives</name>
          </item>
          <item>
            <name>Members of Congress</name>
          </item>
        </legislativeSubjects>
        <policyArea>
          <name>Congress</name>
        </policyArea>
      </billSubjects>
    </subjects>
    <version>1.0.0</version>
    <summaries>
      <billSummaries>
        <item>
          <name>Introduced in House</name>
          <actionDesc>Introduced in House</actionDesc>
          <actionDate>2017-01-03</actionDate>
          <lastSummaryUpdateDate>2017-01-23T21:12:17Z</lastSummaryUpdateDate>
          <versionCode>00</versionCode>
          <updateDate>2017-01-03T05:00:00Z</updateDate>
          <text><![CDATA[<p>Elects specified Members to the House Committees on: (1) Agriculture; (2) Appropriations; (3) Armed Services; (4) the Budget; (5) Education and the Workforce; (6) Energy and Commerce; (7) Ethics; (8) Financial Services; (9) Foreign Affairs; (10) Homeland Security; (11) House Administration; (12) the Judiciary; (13) Natural Resources; (14) Oversight and Government Reform; (15) Rules; (16) Science, Space, and Technology; (17) Small Business; (18) Transportation and Infrastructure; (19) Veterans' Affairs; and (20) Ways and Means.</p>]]></text>
        </item>
        <item>
          <name>Passed House without amendment</name>
          <actionDesc>Passed House without amendment</actionDesc>
          <actionDate>2017-01-03</actionDate>
          <lastSummaryUpdateDate>2017-01-23T21:12:31Z</lastSummaryUpdateDate>
          <versionCode>81</versionCode>
          <updateDate>2017-01-03T14:28:54Z</updateDate>
          <text><![CDATA[<p>(This measure has not been amended since it was introduced. The summary of that version is repeated here.)</p> <p>Elects specified Members to the House Committees on: (1) Agriculture; (2) Appropriations; (3) Armed Services; (4) the Budget; (5) Education and the Workforce; (6) Energy and Commerce; (7) Ethics; (8) Financial Services; (9) Foreign Affairs; (10) Homeland Security; (11) House Administration; (12) the Judiciary; (13) Natural Resources; (14) Oversight and Government Reform; (15) Rules; (16) Science, Space, and Technology; (17) Small Business; (18) Transportation and Infrastructure; (19) Veterans' Affairs; and (20) Ways and Means.</p>]]></text>
        </item>
      </billSummaries>
    </summaries>
    <billType>HRES</billType>
    <latestAction>
      <text>Motion to reconsider laid on the table Agreed to without objection.</text>
      <links />
      <actionTime>17:36:38</actionTime>
      <actionDate>2017-01-03</actionDate>
    </latestAction>
    <policyArea>
      <name>Congress</name>
    </policyArea>
    <relatedBills />
    <introducedDate>2017-01-03</introducedDate>
    <actions>
      <item>
        <actionTime>17:36:38</actionTime>
        <text>Motion to reconsider laid on the table Agreed to without objection.</text>
        <committee />
        <links />
        <actionDate>2017-01-03</actionDate>
        <sourceSystem>
          <code>2</code>
          <name>House floor actions</name>
        </sourceSystem>
        <type>Floor</type>
        <actionCode>H38310</actionCode>
      </item>
      <item>
        <actionTime>17:36:34</actionTime>
        <text>On agreeing to the resolution Agreed to without objection. (text: CR H28)</text>
        <committee />
        <links>
          <link>
            <url>https://www.congress.gov/congressional-record/volume-163/house-section/page/H28</url>
            <name>H28</name>
          </link>
        </links>
        <actionDate>2017-01-03</actionDate>
        <sourceSystem>
          <code>2</code>
          <name>House floor actions</name>
        </sourceSystem>
        <type>Floor</type>
        <actionCode>H37100</actionCode>
      </item>
      <item>
        <actionTime>17:36:34</actionTime>
        <text>Passed/agreed to in House: On agreeing to the resolution Agreed to without objection.(text: CR H28)</text>
        <committee />
        <links>
          <link>
            <url>https://www.congress.gov/congressional-record/volume-163/house-section/page/H28</url>
            <name>H28</name>
          </link>
        </links>
        <actionDate>2017-01-03</actionDate>
        <sourceSystem>
          <code>9</code>
          <name>Library of Congress</name>
        </sourceSystem>
        <type>Floor</type>
        <actionCode>8000</actionCode>
      </item>
      <item>
        <actionTime>17:36:15</actionTime>
        <text>Considered as privileged matter. (consideration: CR H28)</text>
        <committee />
        <links>
          <link>
            <url>https://www.congress.gov/congressional-record/volume-163/house-section/page/H28</url>
            <name>H28</name>
          </link>
        </links>
        <actionDate>2017-01-03</actionDate>
        <sourceSystem>
          <code>2</code>
          <name>House floor actions</name>
        </sourceSystem>
        <type>Floor</type>
        <actionCode>H30000</actionCode>
      </item>
      <item>
        <text>Introduced in House</text>
        <type>IntroReferral</type>
        <links />
        <actionDate>2017-01-03</actionDate>
        <sourceSystem>
          <code>9</code>
          <name>Library of Congress</name>
        </sourceSystem>
        <committee />
        <actionCode>Intro-H</actionCode>
      </item>
      <item>
        <text>Introduced in House</text>
        <type>IntroReferral</type>
        <links />
        <actionDate>2017-01-03</actionDate>
        <sourceSystem>
          <code>9</code>
          <name>Library of Congress</name>
        </sourceSystem>
        <committee />
        <actionCode>1000</actionCode>
      </item>
      <actionByCounts>
        <houseOfRepresentatives>6</houseOfRepresentatives>
      </actionByCounts>
      <actionTypeCounts>
        <introducedInHouse>1</introducedInHouse>
        <introducedInTheHouse>1</introducedInTheHouse>
        <considerationByHouse>1</considerationByHouse>
        <motionToReconsiderResults>1</motionToReconsiderResults>
        <passageOfAMeasure>1</passageOfAMeasure>
        <passedAgreedToInHouse>1</passedAgreedToInHouse>
      </actionTypeCounts>
    </actions>
    <laws />
    <congress>115</congress>
    <committeeReports />
    <billNumber>6</billNumber>
    <cboCostEstimates />
    <cosponsors />
    <committees>
      <billCommittees />
    </committees>
    <notes />
    <amendments />
    <recordedVotes />
    <createDate>2017-01-04T07:01:07Z</createDate>
    <sponsors>
      <item>
        <bioguideId>M001159</bioguideId>
        <party>R</party>
        <firstName>Cathy</firstName>
        <fullName>Rep. McMorris Rodgers, Cathy [R-WA-5]</fullName>
        <state>WA</state>
        <district>5</district>
        <lastName>McMorris Rodgers</lastName>
        <middleName />
        <identifiers>
          <lisID>1809</lisID>
          <bioguideId>M001159</bioguideId>
          <gpoId>8209</gpoId>
        </identifiers>
        <byRequestType />
      </item>
    </sponsors>
    <titles>
      <item>
        <titleType>Official Title as Introduced</titleType>
        <title>Electing Members to certain standing committees of the House of Representatives.</title>
        <parentTitleType />
        <chamberCode />
        <chamberName />
      </item>
      <item>
        <titleType>Display Title</titleType>
        <title>Electing Members to certain standing committees of the House of Representatives.</title>
        <parentTitleType />
        <chamberCode />
        <chamberName />
      </item>
    </titles>
  </bill>
  <dublinCore xmlns:dc="http://purl.org/dc/elements/1.1/">
    <dc:format>text/xml</dc:format>
    <dc:language>EN</dc:language>
    <dc:rights>Pursuant to Title 17 Section 105 of the United States Code, this file is not subject to copyright protection and is in the public domain.</dc:rights>
    <dc:contributor>Congressional Research Service, Library of Congress</dc:contributor>
    <dc:description>This file contains bill summaries and statuses for federal legislation. A bill summary describes the most significant provisions of a piece of legislation and details the effects the legislative text may have on current law and federal programs. Bill summaries are authored by the Congressional Research Service (CRS) of the Library of Congress. As stated in Public Law 91-510 (2 USC 166 (d)(6)), one of the duties of CRS is "to prepare summaries and digests of bills and resolutions of a public general nature introduced in the Senate or House of Representatives". For more information, refer to the User Guide that accompanies this file.</dc:description>
  </dublinCore>
</billStatus>

