<?xml version="1.0" encoding="UTF-8"?>
<billStatus>
  <bill>
    <constitutionalAuthorityStatementText />
    <sponsors>
      <item>
        <middleName />
        <party>R</party>
        <bioguideId>P000592</bioguideId>
        <lastName>Poe</lastName>
        <firstName>Ted</firstName>
        <state>TX</state>
        <identifiers>
          <lisID>1802</lisID>
          <bioguideId>P000592</bioguideId>
          <gpoId>8158</gpoId>
        </identifiers>
        <district>2</district>
        <fullName>Rep. Poe, Ted [R-TX-2]</fullName>
        <byRequestType />
      </item>
    </sponsors>
    <version>1.0.0</version>
    <createDate>2017-07-29T03:11:32Z</createDate>
    <committeeReports />
    <latestAction>
      <text>Referred to the Subcommittee on Middle East and North Africa.</text>
      <links />
      <actionDate>2017-09-05</actionDate>
    </latestAction>
    <billNumber>486</billNumber>
    <notes />
    <introducedDate>2017-07-28</introducedDate>
    <committees>
      <billCommittees>
        <item>
          <activities>
            <item>
              <date>2017-07-28T13:08:45Z</date>
              <name>Referred to</name>
            </item>
          </activities>
          <type>Standing</type>
          <chamber>House</chamber>
          <systemCode>hsfa00</systemCode>
          <name>Foreign Affairs Committee</name>
          <subcommittees>
            <item>
              <systemCode>hsfa13</systemCode>
              <name>Middle East and North Africa Subcommittee</name>
              <activities>
                <item>
                  <date>2017-09-05T20:00:32Z</date>
                  <name>Referred to</name>
                </item>
              </activities>
            </item>
          </subcommittees>
        </item>
      </billCommittees>
    </committees>
    <relatedBills />
    <congress>115</congress>
    <subjects>
      <billSubjects>
        <legislativeSubjects>
          <item>
            <name>Albania</name>
          </item>
          <item>
            <name>Europe</name>
          </item>
          <item>
            <name>Government liability</name>
          </item>
          <item>
            <name>Iran</name>
          </item>
          <item>
            <name>Iraq</name>
          </item>
          <item>
            <name>Middle East</name>
          </item>
          <item>
            <name>Refugees, asylum, displaced persons</name>
          </item>
        </legislativeSubjects>
        <policyArea>
          <name>International Affairs</name>
        </policyArea>
      </billSubjects>
    </subjects>
    <amendments />
    <originChamber>House</originChamber>
    <cboCostEstimates />
    <policyArea>
      <name>International Affairs</name>
    </policyArea>
    <actions>
      <actionByCounts>
        <houseOfRepresentatives>4</houseOfRepresentatives>
      </actionByCounts>
      <item>
        <actionDate>2017-09-05</actionDate>
        <committee>
          <systemCode>hsfa13</systemCode>
          <name>Middle East and North Africa Subcommittee</name>
        </committee>
        <links />
        <sourceSystem>
          <code>1</code>
          <name>House committee actions</name>
        </sourceSystem>
        <text>Referred to the Subcommittee on Middle East and North Africa.</text>
        <type>Committee</type>
      </item>
      <item>
        <committee>
          <systemCode>hsfa00</systemCode>
          <name>Foreign Affairs Committee</name>
        </committee>
        <links />
        <type>IntroReferral</type>
        <text>Referred to the House Committee on Foreign Affairs.</text>
        <actionDate>2017-07-28</actionDate>
        <actionCode>H11100</actionCode>
        <sourceSystem>
          <code>2</code>
          <name>House floor actions</name>
        </sourceSystem>
      </item>
      <item>
        <committee />
        <links />
        <type>IntroReferral</type>
        <text>Introduced in House</text>
        <actionDate>2017-07-28</actionDate>
        <actionCode>Intro-H</actionCode>
        <sourceSystem>
          <code>9</code>
          <name>Library of Congress</name>
        </sourceSystem>
      </item>
      <item>
        <committee />
        <links />
        <type>IntroReferral</type>
        <text>Introduced in House</text>
        <actionDate>2017-07-28</actionDate>
        <actionCode>1000</actionCode>
        <sourceSystem>
          <code>9</code>
          <name>Library of Congress</name>
        </sourceSystem>
      </item>
      <actionTypeCounts>
        <placeholderTextForH>1</placeholderTextForH>
        <introducedInHouse>1</introducedInHouse>
        <billReferrals>1</billReferrals>
        <introducedInTheHouse>1</introducedInTheHouse>
      </actionTypeCounts>
    </actions>
    <recordedVotes />
    <laws />
    <cosponsors>
      <item>
        <district>14</district>
        <firstName>Randy</firstName>
        <identifiers>
          <gpoId />
          <lisID>2161</lisID>
          <bioguideId>W000814</bioguideId>
        </identifiers>
        <isOriginalCosponsor>True</isOriginalCosponsor>
        <bioguideId>W000814</bioguideId>
        <state>TX</state>
        <fullName>Rep. Weber, Randy K., Sr. [R-TX-14]</fullName>
        <party>R</party>
        <lastName>Weber</lastName>
        <sponsorshipDate>2017-07-28</sponsorshipDate>
        <middleName>K.</middleName>
        <sponsorshipWithdrawnDate />
      </item>
      <item>
        <district>48</district>
        <firstName>DANA</firstName>
        <identifiers>
          <bioguideId>R000409</bioguideId>
          <gpoId>7851</gpoId>
          <lisID>979</lisID>
        </identifiers>
        <isOriginalCosponsor>True</isOriginalCosponsor>
        <bioguideId>R000409</bioguideId>
        <state>CA</state>
        <fullName>Rep. Rohrabacher, Dana [R-CA-48]</fullName>
        <party>R</party>
        <lastName>ROHRABACHER</lastName>
        <sponsorshipDate>2017-07-28</sponsorshipDate>
        <middleName />
        <sponsorshipWithdrawnDate />
      </item>
      <item>
        <district>27</district>
        <firstName>Judy</firstName>
        <identifiers>
          <bioguideId>C001080</bioguideId>
          <lisID>1970</lisID>
          <gpoId>7837</gpoId>
        </identifiers>
        <isOriginalCosponsor>True</isOriginalCosponsor>
        <bioguideId>C001080</bioguideId>
        <state>CA</state>
        <fullName>Rep. Chu, Judy [D-CA-27]</fullName>
        <party>D</party>
        <lastName>Chu</lastName>
        <sponsorshipDate>2017-07-28</sponsorshipDate>
        <middleName />
        <sponsorshipWithdrawnDate />
      </item>
      <item>
        <district>32</district>
        <firstName>PETE</firstName>
        <identifiers>
          <lisID>1525</lisID>
          <bioguideId>S000250</bioguideId>
          <gpoId>8188</gpoId>
        </identifiers>
        <isOriginalCosponsor>True</isOriginalCosponsor>
        <bioguideId>S000250</bioguideId>
        <state>TX</state>
        <fullName>Rep. Sessions, Pete [R-TX-32]</fullName>
        <party>R</party>
        <lastName>SESSIONS</lastName>
        <sponsorshipDate>2017-07-28</sponsorshipDate>
        <middleName />
        <sponsorshipWithdrawnDate />
      </item>
      <item>
        <district>4</district>
        <firstName>Tom</firstName>
        <identifiers>
          <bioguideId>M001177</bioguideId>
          <lisID>1908</lisID>
          <gpoId>7809</gpoId>
        </identifiers>
        <isOriginalCosponsor>False</isOriginalCosponsor>
        <bioguideId>M001177</bioguideId>
        <state>CA</state>
        <fullName>Rep. McClintock, Tom [R-CA-4]</fullName>
        <party>R</party>
        <lastName>McClintock</lastName>
        <sponsorshipDate>2017-08-08</sponsorshipDate>
        <middleName />
        <sponsorshipWithdrawnDate />
      </item>
      <item>
        <district>4</district>
        <firstName>Paul</firstName>
        <identifiers>
          <lisID>1992</lisID>
          <bioguideId>G000565</bioguideId>
          <gpoId>7798</gpoId>
        </identifiers>
        <isOriginalCosponsor>False</isOriginalCosponsor>
        <bioguideId>G000565</bioguideId>
        <state>AZ</state>
        <fullName>Rep. Gosar, Paul A. [R-AZ-4]</fullName>
        <party>R</party>
        <lastName>Gosar</lastName>
        <sponsorshipDate>2017-09-05</sponsorshipDate>
        <middleName>A.</middleName>
        <sponsorshipWithdrawnDate />
      </item>
      <item>
        <district>2</district>
        <firstName>JAMES</firstName>
        <identifiers>
          <lisID>1504</lisID>
          <gpoId>7968</gpoId>
          <bioguideId>M000312</bioguideId>
        </identifiers>
        <isOriginalCosponsor>False</isOriginalCosponsor>
        <bioguideId>M000312</bioguideId>
        <state>MA</state>
        <fullName>Rep. McGovern, James P. [D-MA-2]</fullName>
        <party>D</party>
        <lastName>MCGOVERN</lastName>
        <sponsorshipDate>2017-09-05</sponsorshipDate>
        <middleName>P.</middleName>
        <sponsorshipWithdrawnDate />
      </item>
      <item>
        <district>18</district>
        <firstName>SHEILA</firstName>
        <identifiers>
          <lisID>588</lisID>
          <gpoId>8174</gpoId>
          <bioguideId>J000032</bioguideId>
        </identifiers>
        <isOriginalCosponsor>False</isOriginalCosponsor>
        <bioguideId>J000032</bioguideId>
        <state>TX</state>
        <fullName>Rep. Jackson Lee, Sheila [D-TX-18]</fullName>
        <party>D</party>
        <lastName>JACKSON LEE</lastName>
        <sponsorshipDate>2017-09-06</sponsorshipDate>
        <middleName />
        <sponsorshipWithdrawnDate />
      </item>
      <item>
        <district>1</district>
        <firstName>ROBERT</firstName>
        <identifiers>
          <gpoId>8119</gpoId>
          <lisID>1469</lisID>
          <bioguideId>B001227</bioguideId>
        </identifiers>
        <isOriginalCosponsor>False</isOriginalCosponsor>
        <bioguideId>B001227</bioguideId>
        <state>PA</state>
        <fullName>Rep. Brady, Robert A. [D-PA-1]</fullName>
        <party>D</party>
        <lastName>BRADY</lastName>
        <sponsorshipDate>2017-09-06</sponsorshipDate>
        <middleName>A.</middleName>
        <sponsorshipWithdrawnDate />
      </item>
      <item>
        <district>9</district>
        <firstName>Steve</firstName>
        <identifiers>
          <bioguideId>C001068</bioguideId>
          <lisID>1878</lisID>
          <gpoId>8156</gpoId>
        </identifiers>
        <isOriginalCosponsor>False</isOriginalCosponsor>
        <bioguideId>C001068</bioguideId>
        <state>TN</state>
        <fullName>Rep. Cohen, Steve [D-TN-9]</fullName>
        <party>D</party>
        <lastName>Cohen</lastName>
        <sponsorshipDate>2017-09-07</sponsorshipDate>
        <middleName />
        <sponsorshipWithdrawnDate />
      </item>
      <item>
        <district>5</district>
        <firstName>Thomas</firstName>
        <identifiers>
          <lisID>2353</lisID>
          <bioguideId>G000580</bioguideId>
          <gpoId />
        </identifiers>
        <isOriginalCosponsor>False</isOriginalCosponsor>
        <bioguideId>G000580</bioguideId>
        <state>VA</state>
        <fullName>Rep. Garrett, Thomas A., Jr. [R-VA-5]</fullName>
        <party>R</party>
        <lastName>Garrett</lastName>
        <sponsorshipDate>2017-09-07</sponsorshipDate>
        <middleName>A.</middleName>
        <sponsorshipWithdrawnDate />
      </item>
      <item>
        <district>30</district>
        <firstName>BRAD</firstName>
        <identifiers>
          <lisID>1526</lisID>
          <gpoId>7832</gpoId>
          <bioguideId>S000344</bioguideId>
        </identifiers>
        <isOriginalCosponsor>False</isOriginalCosponsor>
        <bioguideId>S000344</bioguideId>
        <state>CA</state>
        <fullName>Rep. Sherman, Brad [D-CA-30]</fullName>
        <party>D</party>
        <lastName>SHERMAN</lastName>
        <sponsorshipDate>2017-09-28</sponsorshipDate>
        <middleName />
        <sponsorshipWithdrawnDate />
      </item>
    </cosponsors>
    <titles>
      <item>
        <titleType>Official Title as Introduced</titleType>
        <title>Calling on the Government of Iraq to compensate the former residents of Camp Ashraf for their assets seized by groups affiliated with the Government of Iraq.</title>
        <parentTitleType />
        <chamberCode />
        <chamberName />
      </item>
      <item>
        <titleType>Display Title</titleType>
        <title>Calling on the Government of Iraq to compensate the former residents of Camp Ashraf for their assets seized by groups affiliated with the Government of Iraq.</title>
        <parentTitleType />
        <chamberCode />
        <chamberName />
      </item>
    </titles>
    <updateDate>2018-08-28T19:55:15Z</updateDate>
    <calendarNumbers />
    <billType>HRES</billType>
    <summaries>
      <billSummaries>
        <item>
          <actionDesc>Introduced in House</actionDesc>
          <actionDate>2017-07-28</actionDate>
          <lastSummaryUpdateDate>2017-10-31T19:32:10Z</lastSummaryUpdateDate>
          <name>Introduced in House</name>
          <text><![CDATA[<p>Calls on: (1) the Iraqi government to compensate Iranian dissidents for their seized assets in Camps Ashraf and Liberty in order to finance their living costs and long-term accommodation in their new countries of refuge, particularly in Albania; and (2) the U.S. government to urge the Iraqi government to compensate such dissidents.</p>]]></text>
          <versionCode>00</versionCode>
          <updateDate>2017-07-28T04:00:00Z</updateDate>
        </item>
      </billSummaries>
    </summaries>
    <title>Calling on the Government of Iraq to compensate the former residents of Camp Ashraf for their assets seized by groups affiliated with the Government of Iraq.</title>
  </bill>
  <dublinCore xmlns:dc="http://purl.org/dc/elements/1.1/">
    <dc:format>text/xml</dc:format>
    <dc:language>EN</dc:language>
    <dc:rights>Pursuant to Title 17 Section 105 of the United States Code, this file is not subject to copyright protection and is in the public domain.</dc:rights>
    <dc:contributor>Congressional Research Service, Library of Congress</dc:contributor>
    <dc:description>This file contains bill summaries and statuses for federal legislation. A bill summary describes the most significant provisions of a piece of legislation and details the effects the legislative text may have on current law and federal programs. Bill summaries are authored by the Congressional Research Service (CRS) of the Library of Congress. As stated in Public Law 91-510 (2 USC 166 (d)(6)), one of the duties of CRS is "to prepare summaries and digests of bills and resolutions of a public general nature introduced in the Senate or House of Representatives". For more information, refer to the User Guide that accompanies this file.</dc:description>
  </dublinCore>
</billStatus>

