<?xml version="1.0" encoding="UTF-8"?>
<billStatus>
  <bill>
    <policyArea>
      <name>International Affairs</name>
    </policyArea>
    <billNumber>23</billNumber>
    <laws />
    <constitutionalAuthorityStatementText />
    <originChamber>House</originChamber>
    <billType>HRES</billType>
    <summaries>
      <billSummaries>
        <item>
          <updateDate>2017-01-05T05:00:00Z</updateDate>
          <lastSummaryUpdateDate>2017-04-17T22:13:07Z</lastSummaryUpdateDate>
          <text><![CDATA[<p>Declares that a viable and sustainable two-state solution to resolve the Israeli-Palestinian conflict can only be achieved through direct negotiations between Israelis and Palestinians.</p> <p>Calls for the United States to continue to:</p> <ul> <li> support a durable and sustainable two-state solution;</li> <li> oppose, and if necessary, veto future United Nations Security Council resolutions that seek to impose solutions to final status issues or that are one-sided and anti-Israel; and</li> <li> work with Israelis and Palestinians to create the conditions for successful final-status peace negotiations.</li> </ul> <ul> </ul>]]></text>
          <actionDate>2017-01-05</actionDate>
          <actionDesc>Introduced in House</actionDesc>
          <name>Introduced in House</name>
          <versionCode>00</versionCode>
        </item>
      </billSummaries>
    </summaries>
    <relatedBills />
    <createDate>2017-01-06T04:57:25Z</createDate>
    <sponsors>
      <item>
        <lastName>PRICE</lastName>
        <party>D</party>
        <middleName>E.</middleName>
        <fullName>Rep. Price, David E. [D-NC-4]</fullName>
        <identifiers>
          <lisID>930</lisID>
          <gpoId>8027</gpoId>
          <bioguideId>P000523</bioguideId>
        </identifiers>
        <state>NC</state>
        <firstName>DAVID</firstName>
        <byRequestType />
        <district>4</district>
        <bioguideId>P000523</bioguideId>
      </item>
    </sponsors>
    <notes />
    <updateDate>2018-08-28T19:53:45Z</updateDate>
    <committeeReports />
    <actions>
      <item>
        <text>Referred to the House Committee on Foreign Affairs.</text>
        <type>IntroReferral</type>
        <committee>
          <systemCode>hsfa00</systemCode>
          <name>Foreign Affairs Committee</name>
        </committee>
        <actionDate>2017-01-05</actionDate>
        <links />
        <actionCode>H11100</actionCode>
        <sourceSystem>
          <code>2</code>
          <name>House floor actions</name>
        </sourceSystem>
      </item>
      <item>
        <text>Introduced in House</text>
        <type>IntroReferral</type>
        <committee />
        <actionDate>2017-01-05</actionDate>
        <links />
        <actionCode>Intro-H</actionCode>
        <sourceSystem>
          <code>9</code>
          <name>Library of Congress</name>
        </sourceSystem>
      </item>
      <item>
        <text>Introduced in House</text>
        <type>IntroReferral</type>
        <committee />
        <actionDate>2017-01-05</actionDate>
        <links />
        <actionCode>1000</actionCode>
        <sourceSystem>
          <code>9</code>
          <name>Library of Congress</name>
        </sourceSystem>
      </item>
      <actionByCounts>
        <houseOfRepresentatives>3</houseOfRepresentatives>
      </actionByCounts>
      <actionTypeCounts>
        <introducedInHouse>1</introducedInHouse>
        <introducedInTheHouse>1</introducedInTheHouse>
        <billReferrals>1</billReferrals>
      </actionTypeCounts>
    </actions>
    <title>Expressing the sense of the House of Representatives and reaffirming long-standing United States policy in support of a negotiated two-state solution to the Israeli-Palestinian conflict.</title>
    <cosponsors>
      <item>
        <party>D</party>
        <state>NY</state>
        <sponsorshipDate>2017-01-05</sponsorshipDate>
        <district>16</district>
        <isOriginalCosponsor>True</isOriginalCosponsor>
        <fullName>Rep. Engel, Eliot L. [D-NY-16]</fullName>
        <middleName>L.</middleName>
        <bioguideId>E000179</bioguideId>
        <firstName>ELIOT</firstName>
        <sponsorshipWithdrawnDate />
        <lastName>ENGEL</lastName>
        <identifiers>
          <lisID>344</lisID>
          <bioguideId>E000179</bioguideId>
          <gpoId>8078</gpoId>
        </identifiers>
      </item>
      <item>
        <party>D</party>
        <state>VA</state>
        <sponsorshipDate>2017-01-05</sponsorshipDate>
        <district>11</district>
        <isOriginalCosponsor>True</isOriginalCosponsor>
        <fullName>Rep. Connolly, Gerald E. [D-VA-11]</fullName>
        <middleName>E.</middleName>
        <bioguideId>C001078</bioguideId>
        <firstName>Gerald</firstName>
        <sponsorshipWithdrawnDate />
        <lastName>Connolly</lastName>
        <identifiers>
          <lisID>1959</lisID>
          <gpoId>8202</gpoId>
          <bioguideId>C001078</bioguideId>
        </identifiers>
      </item>
      <item>
        <party>D</party>
        <state>VT</state>
        <sponsorshipDate>2017-01-05</sponsorshipDate>
        <district>0</district>
        <isOriginalCosponsor>True</isOriginalCosponsor>
        <fullName>Rep. Welch, Peter [D-VT-At Large]</fullName>
        <middleName />
        <bioguideId>W000800</bioguideId>
        <firstName>Peter</firstName>
        <sponsorshipWithdrawnDate />
        <lastName>Welch</lastName>
        <identifiers>
          <gpoId>8204</gpoId>
          <lisID>1879</lisID>
          <bioguideId>W000800</bioguideId>
        </identifiers>
      </item>
      <item>
        <party>D</party>
        <state>OR</state>
        <sponsorshipDate>2017-01-05</sponsorshipDate>
        <district>3</district>
        <isOriginalCosponsor>True</isOriginalCosponsor>
        <fullName>Rep. Blumenauer, Earl [D-OR-3]</fullName>
        <middleName />
        <bioguideId>B000574</bioguideId>
        <firstName>EARL</firstName>
        <sponsorshipWithdrawnDate />
        <lastName>BLUMENAUER</lastName>
        <identifiers>
          <lisID>99</lisID>
          <bioguideId>B000574</bioguideId>
          <gpoId>8116</gpoId>
        </identifiers>
      </item>
      <item>
        <party>D</party>
        <state>CT</state>
        <sponsorshipDate>2017-01-05</sponsorshipDate>
        <district>2</district>
        <isOriginalCosponsor>True</isOriginalCosponsor>
        <fullName>Rep. Courtney, Joe [D-CT-2]</fullName>
        <middleName />
        <bioguideId>C001069</bioguideId>
        <firstName>Joe</firstName>
        <sponsorshipWithdrawnDate />
        <lastName>Courtney</lastName>
        <identifiers>
          <gpoId>7867</gpoId>
          <lisID>1836</lisID>
          <bioguideId>C001069</bioguideId>
        </identifiers>
      </item>
      <item>
        <party>D</party>
        <state>IL</state>
        <sponsorshipDate>2017-01-05</sponsorshipDate>
        <district>4</district>
        <isOriginalCosponsor>True</isOriginalCosponsor>
        <fullName>Rep. Gutierrez, Luis V. [D-IL-4]</fullName>
        <middleName>V.</middleName>
        <bioguideId>G000535</bioguideId>
        <firstName>LUIS</firstName>
        <sponsorshipWithdrawnDate />
        <lastName>GUTIERREZ</lastName>
        <identifiers>
          <gpoId>7924</gpoId>
          <lisID>478</lisID>
          <bioguideId>G000535</bioguideId>
        </identifiers>
      </item>
      <item>
        <party>D</party>
        <state>MD</state>
        <sponsorshipDate>2017-01-05</sponsorshipDate>
        <district>8</district>
        <isOriginalCosponsor>True</isOriginalCosponsor>
        <fullName>Rep. Raskin, Jamie [D-MD-8]</fullName>
        <middleName />
        <bioguideId>R000606</bioguideId>
        <firstName>Jamie</firstName>
        <sponsorshipWithdrawnDate />
        <lastName>Raskin</lastName>
        <identifiers>
          <gpoId />
          <lisID>2332</lisID>
          <bioguideId>R000606</bioguideId>
        </identifiers>
      </item>
      <item>
        <party>D</party>
        <state>CT</state>
        <sponsorshipDate>2017-01-05</sponsorshipDate>
        <district>1</district>
        <isOriginalCosponsor>True</isOriginalCosponsor>
        <fullName>Rep. Larson, John B. [D-CT-1]</fullName>
        <middleName>B.</middleName>
        <bioguideId>L000557</bioguideId>
        <firstName>JOHN</firstName>
        <sponsorshipWithdrawnDate />
        <lastName>LARSON</lastName>
        <identifiers>
          <bioguideId>L000557</bioguideId>
          <lisID>1583</lisID>
          <gpoId>7866</gpoId>
        </identifiers>
      </item>
      <item>
        <party>D</party>
        <state>TX</state>
        <sponsorshipDate>2017-01-05</sponsorshipDate>
        <district>30</district>
        <isOriginalCosponsor>True</isOriginalCosponsor>
        <fullName>Rep. Johnson, Eddie Bernice [D-TX-30]</fullName>
        <middleName>BERNICE</middleName>
        <bioguideId>J000126</bioguideId>
        <firstName>EDDIE</firstName>
        <sponsorshipWithdrawnDate />
        <lastName>JOHNSON</lastName>
        <identifiers>
          <bioguideId>J000126</bioguideId>
          <lisID>599</lisID>
          <gpoId>8186</gpoId>
        </identifiers>
      </item>
      <item>
        <party>D</party>
        <state>CA</state>
        <sponsorshipDate>2017-01-05</sponsorshipDate>
        <district>18</district>
        <isOriginalCosponsor>True</isOriginalCosponsor>
        <fullName>Rep. Eshoo, Anna G. [D-CA-18]</fullName>
        <middleName>G.</middleName>
        <bioguideId>E000215</bioguideId>
        <firstName>ANNA</firstName>
        <sponsorshipWithdrawnDate />
        <lastName>ESHOO</lastName>
        <identifiers>
          <lisID>355</lisID>
          <gpoId>7819</gpoId>
          <bioguideId>E000215</bioguideId>
        </identifiers>
      </item>
      <item>
        <party>D</party>
        <state>ME</state>
        <sponsorshipDate>2017-01-05</sponsorshipDate>
        <district>1</district>
        <isOriginalCosponsor>True</isOriginalCosponsor>
        <fullName>Rep. Pingree, Chellie [D-ME-1]</fullName>
        <middleName />
        <bioguideId>P000597</bioguideId>
        <firstName>Chellie</firstName>
        <sponsorshipWithdrawnDate />
        <lastName>Pingree</lastName>
        <identifiers>
          <lisID>1927</lisID>
          <bioguideId>P000597</bioguideId>
          <gpoId>7984</gpoId>
        </identifiers>
      </item>
      <item>
        <party>D</party>
        <state>FL</state>
        <sponsorshipDate>2017-01-05</sponsorshipDate>
        <district>22</district>
        <isOriginalCosponsor>True</isOriginalCosponsor>
        <fullName>Rep. Deutch, Theodore E. [D-FL-22]</fullName>
        <middleName>E.</middleName>
        <bioguideId>D000610</bioguideId>
        <firstName>Theodore</firstName>
        <sponsorshipWithdrawnDate />
        <lastName>Deutch</lastName>
        <identifiers>
          <lisID>1976</lisID>
          <gpoId>7891</gpoId>
          <bioguideId>D000610</bioguideId>
        </identifiers>
      </item>
      <item>
        <party>D</party>
        <state>IL</state>
        <sponsorshipDate>2017-01-05</sponsorshipDate>
        <district>9</district>
        <isOriginalCosponsor>True</isOriginalCosponsor>
        <fullName>Rep. Schakowsky, Janice D. [D-IL-9]</fullName>
        <middleName>D.</middleName>
        <bioguideId>S001145</bioguideId>
        <firstName>JANICE</firstName>
        <sponsorshipWithdrawnDate />
        <lastName>SCHAKOWSKY</lastName>
        <identifiers>
          <bioguideId>S001145</bioguideId>
          <gpoId>7929</gpoId>
          <lisID>1588</lisID>
        </identifiers>
      </item>
      <item>
        <party>D</party>
        <state>RI</state>
        <sponsorshipDate>2017-01-05</sponsorshipDate>
        <district>1</district>
        <isOriginalCosponsor>True</isOriginalCosponsor>
        <fullName>Rep. Cicilline, David N. [D-RI-1]</fullName>
        <middleName>N.</middleName>
        <bioguideId>C001084</bioguideId>
        <firstName>David</firstName>
        <sponsorshipWithdrawnDate />
        <lastName>Cicilline</lastName>
        <identifiers>
          <lisID>2055</lisID>
          <gpoId>8139</gpoId>
          <bioguideId>C001084</bioguideId>
        </identifiers>
      </item>
      <item>
        <party>D</party>
        <state>MA</state>
        <sponsorshipDate>2017-01-05</sponsorshipDate>
        <district>7</district>
        <isOriginalCosponsor>True</isOriginalCosponsor>
        <fullName>Rep. Capuano, Michael E. [D-MA-7]</fullName>
        <middleName>E.</middleName>
        <bioguideId>C001037</bioguideId>
        <firstName>MICHAEL</firstName>
        <sponsorshipWithdrawnDate />
        <lastName>CAPUANO</lastName>
        <identifiers>
          <lisID>1564</lisID>
          <bioguideId>C001037</bioguideId>
          <gpoId>7973</gpoId>
        </identifiers>
      </item>
      <item>
        <party>D</party>
        <state>MN</state>
        <sponsorshipDate>2017-01-05</sponsorshipDate>
        <district>5</district>
        <isOriginalCosponsor>True</isOriginalCosponsor>
        <fullName>Rep. Ellison, Keith [D-MN-5]</fullName>
        <middleName />
        <bioguideId>E000288</bioguideId>
        <firstName>Keith</firstName>
        <sponsorshipWithdrawnDate />
        <lastName>Ellison</lastName>
        <identifiers>
          <bioguideId>E000288</bioguideId>
          <gpoId>8005</gpoId>
          <lisID>1857</lisID>
        </identifiers>
      </item>
      <item>
        <party>D</party>
        <state>WA</state>
        <sponsorshipDate>2017-01-05</sponsorshipDate>
        <district>6</district>
        <isOriginalCosponsor>True</isOriginalCosponsor>
        <fullName>Rep. Kilmer, Derek [D-WA-6]</fullName>
        <middleName />
        <bioguideId>K000381</bioguideId>
        <firstName>Derek</firstName>
        <sponsorshipWithdrawnDate />
        <lastName>Kilmer</lastName>
        <identifiers>
          <bioguideId>K000381</bioguideId>
          <gpoId />
          <lisID>2169</lisID>
        </identifiers>
      </item>
      <item>
        <party>D</party>
        <state>OR</state>
        <sponsorshipDate>2017-01-05</sponsorshipDate>
        <district>1</district>
        <isOriginalCosponsor>True</isOriginalCosponsor>
        <fullName>Rep. Bonamici, Suzanne [D-OR-1]</fullName>
        <middleName />
        <bioguideId>B001278</bioguideId>
        <firstName>Suzanne</firstName>
        <sponsorshipWithdrawnDate />
        <lastName>Bonamici</lastName>
        <identifiers>
          <lisID>2092</lisID>
          <gpoId>8367</gpoId>
          <bioguideId>B001278</bioguideId>
        </identifiers>
      </item>
      <item>
        <party>D</party>
        <state>KY</state>
        <sponsorshipDate>2017-01-05</sponsorshipDate>
        <district>3</district>
        <isOriginalCosponsor>True</isOriginalCosponsor>
        <fullName>Rep. Yarmuth, John A. [D-KY-3]</fullName>
        <middleName>A.</middleName>
        <bioguideId>Y000062</bioguideId>
        <firstName>John</firstName>
        <sponsorshipWithdrawnDate />
        <lastName>Yarmuth</lastName>
        <identifiers>
          <lisID>1853</lisID>
          <bioguideId>Y000062</bioguideId>
          <gpoId>7955</gpoId>
        </identifiers>
      </item>
      <item>
        <party>D</party>
        <state>CT</state>
        <sponsorshipDate>2017-01-05</sponsorshipDate>
        <district>3</district>
        <isOriginalCosponsor>True</isOriginalCosponsor>
        <fullName>Rep. DeLauro, Rosa L. [D-CT-3]</fullName>
        <middleName />
        <bioguideId>D000216</bioguideId>
        <firstName>ROSA</firstName>
        <sponsorshipWithdrawnDate />
        <lastName>DELAURO</lastName>
        <identifiers>
          <lisID>281</lisID>
          <gpoId>7868</gpoId>
          <bioguideId>D000216</bioguideId>
        </identifiers>
      </item>
      <item>
        <party>D</party>
        <state>CA</state>
        <sponsorshipDate>2017-01-05</sponsorshipDate>
        <district>2</district>
        <isOriginalCosponsor>True</isOriginalCosponsor>
        <fullName>Rep. Huffman, Jared [D-CA-2]</fullName>
        <middleName />
        <bioguideId>H001068</bioguideId>
        <firstName>Jared</firstName>
        <sponsorshipWithdrawnDate />
        <lastName>Huffman</lastName>
        <identifiers>
          <bioguideId>H001068</bioguideId>
          <lisID>2101</lisID>
          <gpoId />
        </identifiers>
      </item>
      <item>
        <party>D</party>
        <state>PA</state>
        <sponsorshipDate>2017-01-05</sponsorshipDate>
        <district>14</district>
        <isOriginalCosponsor>True</isOriginalCosponsor>
        <fullName>Rep. Doyle, Michael F. [D-PA-14]</fullName>
        <middleName />
        <bioguideId>D000482</bioguideId>
        <firstName>MIKE</firstName>
        <sponsorshipWithdrawnDate />
        <lastName>DOYLE</lastName>
        <identifiers>
          <lisID>316</lisID>
          <gpoId>8132</gpoId>
          <bioguideId>D000482</bioguideId>
        </identifiers>
      </item>
      <item>
        <party>D</party>
        <state>NC</state>
        <sponsorshipDate>2017-01-05</sponsorshipDate>
        <district>12</district>
        <isOriginalCosponsor>True</isOriginalCosponsor>
        <fullName>Rep. Adams, Alma S. [D-NC-12]</fullName>
        <middleName>S.</middleName>
        <bioguideId>A000370</bioguideId>
        <firstName>Alma</firstName>
        <sponsorshipWithdrawnDate />
        <lastName>Adams</lastName>
        <identifiers>
          <gpoId />
          <lisID>2201</lisID>
          <bioguideId>A000370</bioguideId>
        </identifiers>
      </item>
      <item>
        <party>D</party>
        <state>MA</state>
        <sponsorshipDate>2017-01-05</sponsorshipDate>
        <district>3</district>
        <isOriginalCosponsor>True</isOriginalCosponsor>
        <fullName>Rep. Tsongas, Niki [D-MA-3]</fullName>
        <middleName />
        <bioguideId>T000465</bioguideId>
        <firstName>Niki</firstName>
        <sponsorshipWithdrawnDate />
        <lastName>Tsongas</lastName>
        <identifiers>
          <lisID>1884</lisID>
          <bioguideId>T000465</bioguideId>
          <gpoId>7970</gpoId>
        </identifiers>
      </item>
      <item>
        <party>D</party>
        <state>NY</state>
        <sponsorshipDate>2017-01-05</sponsorshipDate>
        <district>10</district>
        <isOriginalCosponsor>True</isOriginalCosponsor>
        <fullName>Rep. Nadler, Jerrold [D-NY-10]</fullName>
        <middleName />
        <bioguideId>N000002</bioguideId>
        <firstName>JERROLD</firstName>
        <sponsorshipWithdrawnDate />
        <lastName>NADLER</lastName>
        <identifiers>
          <lisID>850</lisID>
          <gpoId>8069</gpoId>
          <bioguideId>N000002</bioguideId>
        </identifiers>
      </item>
      <item>
        <party>D</party>
        <state>MI</state>
        <sponsorshipDate>2017-01-05</sponsorshipDate>
        <district>5</district>
        <isOriginalCosponsor>True</isOriginalCosponsor>
        <fullName>Rep. Kildee, Daniel T. [D-MI-5]</fullName>
        <middleName>T.</middleName>
        <bioguideId>K000380</bioguideId>
        <firstName>Daniel</firstName>
        <sponsorshipWithdrawnDate />
        <lastName>Kildee</lastName>
        <identifiers>
          <lisID>2134</lisID>
          <bioguideId>K000380</bioguideId>
          <gpoId />
        </identifiers>
      </item>
      <item>
        <party>D</party>
        <state>WI</state>
        <sponsorshipDate>2017-01-05</sponsorshipDate>
        <district>3</district>
        <isOriginalCosponsor>True</isOriginalCosponsor>
        <fullName>Rep. Kind, Ron [D-WI-3]</fullName>
        <middleName />
        <bioguideId>K000188</bioguideId>
        <firstName>RON</firstName>
        <sponsorshipWithdrawnDate />
        <lastName>KIND</lastName>
        <identifiers>
          <bioguideId>K000188</bioguideId>
          <gpoId>8216</gpoId>
          <lisID>1498</lisID>
        </identifiers>
      </item>
      <item>
        <party>D</party>
        <state>MN</state>
        <sponsorshipDate>2017-01-05</sponsorshipDate>
        <district>4</district>
        <isOriginalCosponsor>True</isOriginalCosponsor>
        <fullName>Rep. McCollum, Betty [D-MN-4]</fullName>
        <middleName />
        <bioguideId>M001143</bioguideId>
        <firstName>BETTY</firstName>
        <sponsorshipWithdrawnDate />
        <lastName>MCCOLLUM</lastName>
        <identifiers>
          <lisID>1653</lisID>
          <bioguideId>M001143</bioguideId>
          <gpoId>8004</gpoId>
        </identifiers>
      </item>
      <item>
        <party>D</party>
        <state>CA</state>
        <sponsorshipDate>2017-01-05</sponsorshipDate>
        <district>26</district>
        <isOriginalCosponsor>True</isOriginalCosponsor>
        <fullName>Rep. Brownley, Julia [D-CA-26]</fullName>
        <middleName />
        <bioguideId>B001285</bioguideId>
        <firstName>Julia</firstName>
        <sponsorshipWithdrawnDate />
        <lastName>Brownley</lastName>
        <identifiers>
          <bioguideId>B001285</bioguideId>
          <lisID>2106</lisID>
          <gpoId />
        </identifiers>
      </item>
      <item>
        <party>D</party>
        <state>MA</state>
        <sponsorshipDate>2017-01-05</sponsorshipDate>
        <district>9</district>
        <isOriginalCosponsor>True</isOriginalCosponsor>
        <fullName>Rep. Keating, William R. [D-MA-9]</fullName>
        <middleName>R.</middleName>
        <bioguideId>K000375</bioguideId>
        <firstName>William</firstName>
        <sponsorshipWithdrawnDate />
        <lastName>Keating</lastName>
        <identifiers>
          <lisID>2025</lisID>
          <gpoId>7975</gpoId>
          <bioguideId>K000375</bioguideId>
        </identifiers>
      </item>
      <item>
        <party>D</party>
        <state>NJ</state>
        <sponsorshipDate>2017-01-05</sponsorshipDate>
        <district>8</district>
        <isOriginalCosponsor>True</isOriginalCosponsor>
        <fullName>Rep. Sires, Albio [D-NJ-8]</fullName>
        <middleName />
        <bioguideId>S001165</bioguideId>
        <firstName>Albio</firstName>
        <sponsorshipWithdrawnDate />
        <lastName>Sires</lastName>
        <identifiers>
          <lisID>1818</lisID>
          <gpoId>8055</gpoId>
          <bioguideId>S001165</bioguideId>
        </identifiers>
      </item>
      <item>
        <party>D</party>
        <state>NY</state>
        <sponsorshipDate>2017-01-05</sponsorshipDate>
        <district>20</district>
        <isOriginalCosponsor>True</isOriginalCosponsor>
        <fullName>Rep. Tonko, Paul [D-NY-20]</fullName>
        <middleName />
        <bioguideId>T000469</bioguideId>
        <firstName>Paul</firstName>
        <sponsorshipWithdrawnDate />
        <lastName>Tonko</lastName>
        <identifiers>
          <lisID>1942</lisID>
          <bioguideId>T000469</bioguideId>
          <gpoId>8082</gpoId>
        </identifiers>
      </item>
      <item>
        <party>D</party>
        <state>FL</state>
        <sponsorshipDate>2017-01-05</sponsorshipDate>
        <district>21</district>
        <isOriginalCosponsor>True</isOriginalCosponsor>
        <fullName>Rep. Frankel, Lois [D-FL-21]</fullName>
        <middleName />
        <bioguideId>F000462</bioguideId>
        <firstName>Lois</firstName>
        <sponsorshipWithdrawnDate />
        <lastName>Frankel</lastName>
        <identifiers>
          <lisID>2119</lisID>
          <gpoId />
          <bioguideId>F000462</bioguideId>
        </identifiers>
      </item>
      <item>
        <party>D</party>
        <state>OH</state>
        <sponsorshipDate>2017-01-05</sponsorshipDate>
        <district>11</district>
        <isOriginalCosponsor>True</isOriginalCosponsor>
        <fullName>Rep. Fudge, Marcia L. [D-OH-11]</fullName>
        <middleName>L.</middleName>
        <bioguideId>F000455</bioguideId>
        <firstName>Marcia</firstName>
        <sponsorshipWithdrawnDate />
        <lastName>Fudge</lastName>
        <identifiers>
          <bioguideId>F000455</bioguideId>
          <lisID>1895</lisID>
          <gpoId>8101</gpoId>
        </identifiers>
      </item>
      <item>
        <party>D</party>
        <state>NY</state>
        <sponsorshipDate>2017-01-05</sponsorshipDate>
        <district>8</district>
        <isOriginalCosponsor>True</isOriginalCosponsor>
        <fullName>Rep. Jeffries, Hakeem S. [D-NY-8]</fullName>
        <middleName>S.</middleName>
        <bioguideId>J000294</bioguideId>
        <firstName>Hakeem</firstName>
        <sponsorshipWithdrawnDate />
        <lastName>Jeffries</lastName>
        <identifiers>
          <lisID>2149</lisID>
          <gpoId />
          <bioguideId>J000294</bioguideId>
        </identifiers>
      </item>
      <item>
        <party>D</party>
        <state>WA</state>
        <sponsorshipDate>2017-01-05</sponsorshipDate>
        <district>1</district>
        <isOriginalCosponsor>True</isOriginalCosponsor>
        <fullName>Rep. DelBene, Suzan K. [D-WA-1]</fullName>
        <middleName>K.</middleName>
        <bioguideId>D000617</bioguideId>
        <firstName>Suzan</firstName>
        <sponsorshipWithdrawnDate />
        <lastName>DelBene</lastName>
        <identifiers>
          <bioguideId>D000617</bioguideId>
          <lisID>2096</lisID>
          <gpoId>8374</gpoId>
        </identifiers>
      </item>
      <item>
        <party>D</party>
        <state>CO</state>
        <sponsorshipDate>2017-01-05</sponsorshipDate>
        <district>1</district>
        <isOriginalCosponsor>True</isOriginalCosponsor>
        <fullName>Rep. DeGette, Diana [D-CO-1]</fullName>
        <middleName />
        <bioguideId>D000197</bioguideId>
        <firstName>DIANA</firstName>
        <sponsorshipWithdrawnDate />
        <lastName>DEGETTE</lastName>
        <identifiers>
          <lisID>1479</lisID>
          <gpoId>7859</gpoId>
          <bioguideId>D000197</bioguideId>
        </identifiers>
      </item>
      <item>
        <party>D</party>
        <state>VA</state>
        <sponsorshipDate>2017-01-05</sponsorshipDate>
        <district>8</district>
        <isOriginalCosponsor>True</isOriginalCosponsor>
        <fullName>Rep. Beyer, Donald S., Jr. [D-VA-8]</fullName>
        <middleName>S.</middleName>
        <bioguideId>B001292</bioguideId>
        <firstName>Donald</firstName>
        <sponsorshipWithdrawnDate />
        <lastName>Beyer</lastName>
        <identifiers>
          <bioguideId>B001292</bioguideId>
          <lisID>2272</lisID>
          <gpoId />
        </identifiers>
      </item>
      <item>
        <party>D</party>
        <state>PA</state>
        <sponsorshipDate>2017-01-05</sponsorshipDate>
        <district>13</district>
        <isOriginalCosponsor>True</isOriginalCosponsor>
        <fullName>Rep. Boyle, Brendan F. [D-PA-13]</fullName>
        <middleName>F.</middleName>
        <bioguideId>B001296</bioguideId>
        <firstName>Brendan</firstName>
        <sponsorshipWithdrawnDate />
        <lastName>Boyle</lastName>
        <identifiers>
          <lisID>2267</lisID>
          <gpoId />
          <bioguideId>B001296</bioguideId>
        </identifiers>
      </item>
      <item>
        <party>D</party>
        <state>MI</state>
        <sponsorshipDate>2017-01-05</sponsorshipDate>
        <district>9</district>
        <isOriginalCosponsor>True</isOriginalCosponsor>
        <fullName>Rep. Levin, Sander M. [D-MI-9]</fullName>
        <middleName>M.</middleName>
        <bioguideId>L000263</bioguideId>
        <firstName>SANDER</firstName>
        <sponsorshipWithdrawnDate />
        <lastName>LEVIN</lastName>
        <identifiers>
          <lisID>683</lisID>
          <bioguideId>L000263</bioguideId>
          <gpoId>7997</gpoId>
        </identifiers>
      </item>
      <item>
        <party>D</party>
        <state>CA</state>
        <sponsorshipDate>2017-01-05</sponsorshipDate>
        <district>27</district>
        <isOriginalCosponsor>True</isOriginalCosponsor>
        <fullName>Rep. Chu, Judy [D-CA-27]</fullName>
        <middleName />
        <bioguideId>C001080</bioguideId>
        <firstName>Judy</firstName>
        <sponsorshipWithdrawnDate />
        <lastName>Chu</lastName>
        <identifiers>
          <lisID>1970</lisID>
          <bioguideId>C001080</bioguideId>
          <gpoId>7837</gpoId>
        </identifiers>
      </item>
      <item>
        <party>D</party>
        <state>MA</state>
        <sponsorshipDate>2017-01-05</sponsorshipDate>
        <district>5</district>
        <isOriginalCosponsor>True</isOriginalCosponsor>
        <fullName>Rep. Clark, Katherine M. [D-MA-5]</fullName>
        <middleName>M.</middleName>
        <bioguideId>C001101</bioguideId>
        <firstName>Katherine</firstName>
        <sponsorshipWithdrawnDate />
        <lastName>Clark</lastName>
        <identifiers>
          <bioguideId>C001101</bioguideId>
          <gpoId />
          <lisID>2196</lisID>
        </identifiers>
      </item>
      <item>
        <party>D</party>
        <state>CA</state>
        <sponsorshipDate>2017-01-05</sponsorshipDate>
        <district>53</district>
        <isOriginalCosponsor>True</isOriginalCosponsor>
        <fullName>Rep. Davis, Susan A. [D-CA-53]</fullName>
        <middleName>A.</middleName>
        <bioguideId>D000598</bioguideId>
        <firstName>SUSAN</firstName>
        <sponsorshipWithdrawnDate />
        <lastName>DAVIS</lastName>
        <identifiers>
          <bioguideId>D000598</bioguideId>
          <lisID>1641</lisID>
          <gpoId>7858</gpoId>
        </identifiers>
      </item>
      <item>
        <party>D</party>
        <state>TX</state>
        <sponsorshipDate>2017-01-05</sponsorshipDate>
        <district>20</district>
        <isOriginalCosponsor>True</isOriginalCosponsor>
        <fullName>Rep. Castro, Joaquin [D-TX-20]</fullName>
        <middleName />
        <bioguideId>C001091</bioguideId>
        <firstName>Joaquin</firstName>
        <sponsorshipWithdrawnDate />
        <lastName>Castro</lastName>
        <identifiers>
          <lisID>2163</lisID>
          <gpoId />
          <bioguideId>C001091</bioguideId>
        </identifiers>
      </item>
      <item>
        <party>D</party>
        <state>MN</state>
        <sponsorshipDate>2017-01-05</sponsorshipDate>
        <district>8</district>
        <isOriginalCosponsor>True</isOriginalCosponsor>
        <fullName>Rep. Nolan, Richard M. [D-MN-8]</fullName>
        <middleName />
        <bioguideId>N000127</bioguideId>
        <firstName>RICHARD</firstName>
        <sponsorshipWithdrawnDate />
        <lastName>NOLAN</lastName>
        <identifiers>
          <gpoId />
          <lisID>867</lisID>
          <bioguideId>N000127</bioguideId>
        </identifiers>
      </item>
      <item>
        <party>D</party>
        <state>IL</state>
        <sponsorshipDate>2017-01-05</sponsorshipDate>
        <district>10</district>
        <isOriginalCosponsor>True</isOriginalCosponsor>
        <fullName>Rep. Schneider, Bradley Scott [D-IL-10]</fullName>
        <middleName>Scott</middleName>
        <bioguideId>S001190</bioguideId>
        <firstName>Bradley</firstName>
        <sponsorshipWithdrawnDate />
        <lastName>Schneider</lastName>
        <identifiers>
          <lisID>2124</lisID>
          <bioguideId>S001190</bioguideId>
          <gpoId />
        </identifiers>
      </item>
      <item>
        <party>D</party>
        <state>CA</state>
        <sponsorshipDate>2017-01-05</sponsorshipDate>
        <district>37</district>
        <isOriginalCosponsor>True</isOriginalCosponsor>
        <fullName>Rep. Bass, Karen [D-CA-37]</fullName>
        <middleName />
        <bioguideId>B001270</bioguideId>
        <firstName>Karen</firstName>
        <sponsorshipWithdrawnDate />
        <lastName>Bass</lastName>
        <identifiers>
          <lisID>1996</lisID>
          <gpoId>7838</gpoId>
          <bioguideId>B001270</bioguideId>
        </identifiers>
      </item>
      <item>
        <party>D</party>
        <state>MA</state>
        <sponsorshipDate>2017-01-05</sponsorshipDate>
        <district>8</district>
        <isOriginalCosponsor>True</isOriginalCosponsor>
        <fullName>Rep. Lynch, Stephen F. [D-MA-8]</fullName>
        <middleName>F.</middleName>
        <bioguideId>L000562</bioguideId>
        <firstName>Stephen</firstName>
        <sponsorshipWithdrawnDate />
        <lastName>Lynch</lastName>
        <identifiers>
          <bioguideId>L000562</bioguideId>
          <gpoId>7974</gpoId>
          <lisID>1686</lisID>
        </identifiers>
      </item>
      <item>
        <party>D</party>
        <state>CO</state>
        <sponsorshipDate>2017-01-05</sponsorshipDate>
        <district>7</district>
        <isOriginalCosponsor>True</isOriginalCosponsor>
        <fullName>Rep. Perlmutter, Ed [D-CO-7]</fullName>
        <middleName />
        <bioguideId>P000593</bioguideId>
        <firstName>Ed</firstName>
        <sponsorshipWithdrawnDate />
        <lastName>Perlmutter</lastName>
        <identifiers>
          <gpoId>7865</gpoId>
          <lisID>1835</lisID>
          <bioguideId>P000593</bioguideId>
        </identifiers>
      </item>
      <item>
        <party>D</party>
        <state>NY</state>
        <sponsorshipDate>2017-01-05</sponsorshipDate>
        <district>5</district>
        <isOriginalCosponsor>True</isOriginalCosponsor>
        <fullName>Rep. Meeks, Gregory W. [D-NY-5]</fullName>
        <middleName>W.</middleName>
        <bioguideId>M001137</bioguideId>
        <firstName>GREGORY</firstName>
        <sponsorshipWithdrawnDate />
        <lastName>MEEKS</lastName>
        <identifiers>
          <bioguideId>M001137</bioguideId>
          <lisID>1506</lisID>
          <gpoId>8067</gpoId>
        </identifiers>
      </item>
      <item>
        <party>D</party>
        <state>TN</state>
        <sponsorshipDate>2017-01-05</sponsorshipDate>
        <district>9</district>
        <isOriginalCosponsor>True</isOriginalCosponsor>
        <fullName>Rep. Cohen, Steve [D-TN-9]</fullName>
        <middleName />
        <bioguideId>C001068</bioguideId>
        <firstName>Steve</firstName>
        <sponsorshipWithdrawnDate />
        <lastName>Cohen</lastName>
        <identifiers>
          <bioguideId>C001068</bioguideId>
          <gpoId>8156</gpoId>
          <lisID>1878</lisID>
        </identifiers>
      </item>
      <item>
        <party>D</party>
        <state>IL</state>
        <sponsorshipDate>2017-01-05</sponsorshipDate>
        <district>8</district>
        <isOriginalCosponsor>True</isOriginalCosponsor>
        <fullName>Rep. Krishnamoorthi, Raja [D-IL-8]</fullName>
        <middleName />
        <bioguideId>K000391</bioguideId>
        <firstName>Raja</firstName>
        <sponsorshipWithdrawnDate />
        <lastName>Krishnamoorthi</lastName>
        <identifiers>
          <lisID>2325</lisID>
          <bioguideId>K000391</bioguideId>
          <gpoId />
        </identifiers>
      </item>
      <item>
        <party>D</party>
        <state>PA</state>
        <sponsorshipDate>2017-01-05</sponsorshipDate>
        <district>17</district>
        <isOriginalCosponsor>True</isOriginalCosponsor>
        <fullName>Rep. Cartwright, Matt [D-PA-17]</fullName>
        <middleName />
        <bioguideId>C001090</bioguideId>
        <firstName>Matt</firstName>
        <sponsorshipWithdrawnDate />
        <lastName>Cartwright</lastName>
        <identifiers>
          <bioguideId>C001090</bioguideId>
          <lisID>2159</lisID>
          <gpoId />
        </identifiers>
      </item>
      <item>
        <party>D</party>
        <state>CA</state>
        <sponsorshipDate>2017-01-05</sponsorshipDate>
        <district>35</district>
        <isOriginalCosponsor>True</isOriginalCosponsor>
        <fullName>Rep. Torres, Norma J. [D-CA-35]</fullName>
        <middleName>J.</middleName>
        <bioguideId>T000474</bioguideId>
        <firstName>Norma</firstName>
        <sponsorshipWithdrawnDate />
        <lastName>Torres</lastName>
        <identifiers>
          <lisID>2231</lisID>
          <bioguideId>T000474</bioguideId>
          <gpoId />
        </identifiers>
      </item>
      <item>
        <party>D</party>
        <state>DE</state>
        <sponsorshipDate>2017-01-05</sponsorshipDate>
        <district>0</district>
        <isOriginalCosponsor>True</isOriginalCosponsor>
        <fullName>Rep. Blunt Rochester, Lisa [D-DE-At Large]</fullName>
        <middleName />
        <bioguideId>B001303</bioguideId>
        <firstName>Lisa</firstName>
        <sponsorshipWithdrawnDate />
        <lastName>Blunt Rochester</lastName>
        <identifiers>
          <bioguideId>B001303</bioguideId>
          <lisID>2313</lisID>
          <gpoId />
        </identifiers>
      </item>
      <item>
        <party>D</party>
        <state>CO</state>
        <sponsorshipDate>2017-01-05</sponsorshipDate>
        <district>2</district>
        <isOriginalCosponsor>True</isOriginalCosponsor>
        <fullName>Rep. Polis, Jared [D-CO-2]</fullName>
        <middleName />
        <bioguideId>P000598</bioguideId>
        <firstName>Jared</firstName>
        <sponsorshipWithdrawnDate />
        <lastName>Polis</lastName>
        <identifiers>
          <lisID>1910</lisID>
          <bioguideId>P000598</bioguideId>
          <gpoId>7860</gpoId>
        </identifiers>
      </item>
      <item>
        <party>D</party>
        <state>LA</state>
        <sponsorshipDate>2017-01-05</sponsorshipDate>
        <district>2</district>
        <isOriginalCosponsor>True</isOriginalCosponsor>
        <fullName>Rep. Richmond, Cedric L. [D-LA-2]</fullName>
        <middleName>L.</middleName>
        <bioguideId>R000588</bioguideId>
        <firstName>Cedric</firstName>
        <sponsorshipWithdrawnDate />
        <lastName>Richmond</lastName>
        <identifiers>
          <lisID>2023</lisID>
          <gpoId>7960</gpoId>
          <bioguideId>R000588</bioguideId>
        </identifiers>
      </item>
      <item>
        <party>D</party>
        <state>FL</state>
        <sponsorshipDate>2017-01-05</sponsorshipDate>
        <district>23</district>
        <isOriginalCosponsor>True</isOriginalCosponsor>
        <fullName>Rep. Wasserman Schultz, Debbie [D-FL-23]</fullName>
        <middleName />
        <bioguideId>W000797</bioguideId>
        <firstName>Debbie</firstName>
        <sponsorshipWithdrawnDate />
        <lastName>Wasserman Schultz</lastName>
        <identifiers>
          <bioguideId>W000797</bioguideId>
          <lisID>1777</lisID>
          <gpoId>7892</gpoId>
        </identifiers>
      </item>
      <item>
        <party>D</party>
        <state>CA</state>
        <sponsorshipDate>2017-01-05</sponsorshipDate>
        <district>31</district>
        <isOriginalCosponsor>True</isOriginalCosponsor>
        <fullName>Rep. Aguilar, Pete [D-CA-31]</fullName>
        <middleName />
        <bioguideId>A000371</bioguideId>
        <firstName>Pete</firstName>
        <sponsorshipWithdrawnDate />
        <lastName>Aguilar</lastName>
        <identifiers>
          <lisID>2229</lisID>
          <bioguideId>A000371</bioguideId>
          <gpoId />
        </identifiers>
      </item>
      <item>
        <party>D</party>
        <state>NY</state>
        <sponsorshipDate>2017-01-05</sponsorshipDate>
        <district>25</district>
        <isOriginalCosponsor>True</isOriginalCosponsor>
        <fullName>Rep. Slaughter, Louise McIntosh [D-NY-25]</fullName>
        <middleName>M.</middleName>
        <bioguideId>S000480</bioguideId>
        <firstName>LOUISE</firstName>
        <sponsorshipWithdrawnDate />
        <lastName>SLAUGHTER</lastName>
        <identifiers>
          <bioguideId>S000480</bioguideId>
          <lisID>1069</lisID>
          <gpoId>8089</gpoId>
        </identifiers>
      </item>
      <item>
        <party>D</party>
        <state>CA</state>
        <sponsorshipDate>2017-01-05</sponsorshipDate>
        <district>28</district>
        <isOriginalCosponsor>True</isOriginalCosponsor>
        <fullName>Rep. Schiff, Adam B. [D-CA-28]</fullName>
        <middleName>B.</middleName>
        <bioguideId>S001150</bioguideId>
        <firstName>ADAM</firstName>
        <sponsorshipWithdrawnDate />
        <lastName>SCHIFF</lastName>
        <identifiers>
          <bioguideId>S001150</bioguideId>
          <lisID>1635</lisID>
          <gpoId>7834</gpoId>
        </identifiers>
      </item>
      <item>
        <party>D</party>
        <state>NY</state>
        <sponsorshipDate>2017-01-05</sponsorshipDate>
        <district>3</district>
        <isOriginalCosponsor>True</isOriginalCosponsor>
        <fullName>Rep. Suozzi, Thomas R. [D-NY-3]</fullName>
        <middleName>R.</middleName>
        <bioguideId>S001201</bioguideId>
        <firstName>Thomas</firstName>
        <sponsorshipWithdrawnDate />
        <lastName>Suozzi</lastName>
        <identifiers>
          <lisID>2341</lisID>
          <gpoId />
          <bioguideId>S001201</bioguideId>
        </identifiers>
      </item>
      <item>
        <party>D</party>
        <state>NM</state>
        <sponsorshipDate>2017-01-05</sponsorshipDate>
        <district>1</district>
        <isOriginalCosponsor>True</isOriginalCosponsor>
        <fullName>Rep. Lujan Grisham, Michelle [D-NM-1]</fullName>
        <middleName />
        <bioguideId>L000580</bioguideId>
        <firstName>Michelle</firstName>
        <sponsorshipWithdrawnDate />
        <lastName>Lujan Grisham</lastName>
        <identifiers>
          <bioguideId>L000580</bioguideId>
          <lisID>2146</lisID>
          <gpoId />
        </identifiers>
      </item>
      <item>
        <party>D</party>
        <state>CA</state>
        <sponsorshipDate>2017-01-05</sponsorshipDate>
        <district>38</district>
        <isOriginalCosponsor>True</isOriginalCosponsor>
        <fullName>Rep. Sanchez, Linda T. [D-CA-38]</fullName>
        <middleName>T.</middleName>
        <bioguideId>S001156</bioguideId>
        <firstName>LINDA</firstName>
        <sponsorshipWithdrawnDate />
        <lastName>SANCHEZ</lastName>
        <identifiers>
          <lisID>1757</lisID>
          <bioguideId>S001156</bioguideId>
          <gpoId>7844</gpoId>
        </identifiers>
      </item>
      <item>
        <party>D</party>
        <state>NY</state>
        <sponsorshipDate>2017-01-05</sponsorshipDate>
        <district>17</district>
        <isOriginalCosponsor>True</isOriginalCosponsor>
        <fullName>Rep. Lowey, Nita M. [D-NY-17]</fullName>
        <middleName>M.</middleName>
        <bioguideId>L000480</bioguideId>
        <firstName>NITA</firstName>
        <sponsorshipWithdrawnDate />
        <lastName>LOWEY</lastName>
        <identifiers>
          <bioguideId>L000480</bioguideId>
          <lisID>709</lisID>
          <gpoId>8079</gpoId>
        </identifiers>
      </item>
      <item>
        <party>D</party>
        <state>NH</state>
        <sponsorshipDate>2017-01-05</sponsorshipDate>
        <district>1</district>
        <isOriginalCosponsor>True</isOriginalCosponsor>
        <fullName>Rep. Shea-Porter, Carol [D-NH-1]</fullName>
        <middleName />
        <bioguideId>S001170</bioguideId>
        <firstName>Carol</firstName>
        <sponsorshipWithdrawnDate />
        <lastName>Shea-Porter</lastName>
        <identifiers>
          <lisID>1861</lisID>
          <gpoId>7528</gpoId>
          <bioguideId>S001170</bioguideId>
        </identifiers>
      </item>
      <item>
        <party>D</party>
        <state>HI</state>
        <sponsorshipDate>2017-01-05</sponsorshipDate>
        <district>2</district>
        <isOriginalCosponsor>True</isOriginalCosponsor>
        <fullName>Rep. Gabbard, Tulsi [D-HI-2]</fullName>
        <middleName />
        <bioguideId>G000571</bioguideId>
        <firstName>Tulsi</firstName>
        <sponsorshipWithdrawnDate />
        <lastName>Gabbard</lastName>
        <identifiers>
          <lisID>2122</lisID>
          <bioguideId>G000571</bioguideId>
          <gpoId />
        </identifiers>
      </item>
      <item>
        <party>D</party>
        <state>CA</state>
        <sponsorshipDate>2017-01-05</sponsorshipDate>
        <district>16</district>
        <isOriginalCosponsor>True</isOriginalCosponsor>
        <fullName>Rep. Costa, Jim [D-CA-16]</fullName>
        <middleName />
        <bioguideId>C001059</bioguideId>
        <firstName>Jim</firstName>
        <sponsorshipWithdrawnDate />
        <lastName>Costa</lastName>
        <identifiers>
          <lisID>1774</lisID>
          <gpoId>7825</gpoId>
          <bioguideId>C001059</bioguideId>
        </identifiers>
      </item>
      <item>
        <party>D</party>
        <state>CA</state>
        <sponsorshipDate>2017-01-05</sponsorshipDate>
        <district>41</district>
        <isOriginalCosponsor>True</isOriginalCosponsor>
        <fullName>Rep. Takano, Mark [D-CA-41]</fullName>
        <middleName />
        <bioguideId>T000472</bioguideId>
        <firstName>Mark</firstName>
        <sponsorshipWithdrawnDate />
        <lastName>Takano</lastName>
        <identifiers>
          <bioguideId>T000472</bioguideId>
          <gpoId />
          <lisID>2110</lisID>
        </identifiers>
      </item>
      <item>
        <party>D</party>
        <state>CA</state>
        <sponsorshipDate>2017-01-05</sponsorshipDate>
        <district>24</district>
        <isOriginalCosponsor>True</isOriginalCosponsor>
        <fullName>Rep. Carbajal, Salud O. [D-CA-24]</fullName>
        <middleName>O.</middleName>
        <bioguideId>C001112</bioguideId>
        <firstName>Salud</firstName>
        <sponsorshipWithdrawnDate />
        <lastName>Carbajal</lastName>
        <identifiers>
          <lisID>2310</lisID>
          <gpoId />
          <bioguideId>C001112</bioguideId>
        </identifiers>
      </item>
      <item>
        <party>D</party>
        <state>NV</state>
        <sponsorshipDate>2017-01-05</sponsorshipDate>
        <district>3</district>
        <isOriginalCosponsor>True</isOriginalCosponsor>
        <fullName>Rep. Rosen, Jacky [D-NV-3]</fullName>
        <middleName />
        <bioguideId>R000608</bioguideId>
        <firstName>Jacky</firstName>
        <sponsorshipWithdrawnDate />
        <lastName>Rosen</lastName>
        <identifiers>
          <bioguideId>R000608</bioguideId>
          <lisID>2339</lisID>
          <gpoId />
        </identifiers>
      </item>
      <item>
        <party>D</party>
        <state>CA</state>
        <sponsorshipDate>2017-01-05</sponsorshipDate>
        <district>7</district>
        <isOriginalCosponsor>True</isOriginalCosponsor>
        <fullName>Rep. Bera, Ami [D-CA-7]</fullName>
        <middleName />
        <bioguideId>B001287</bioguideId>
        <firstName>Ami</firstName>
        <sponsorshipWithdrawnDate />
        <lastName>Bera</lastName>
        <identifiers>
          <bioguideId>B001287</bioguideId>
          <lisID>2102</lisID>
          <gpoId />
        </identifiers>
      </item>
      <item>
        <party>D</party>
        <state>CA</state>
        <sponsorshipDate>2017-01-05</sponsorshipDate>
        <district>52</district>
        <isOriginalCosponsor>True</isOriginalCosponsor>
        <fullName>Rep. Peters, Scott H. [D-CA-52]</fullName>
        <middleName>H.</middleName>
        <bioguideId>P000608</bioguideId>
        <firstName>Scott</firstName>
        <sponsorshipWithdrawnDate />
        <lastName>Peters</lastName>
        <identifiers>
          <bioguideId>P000608</bioguideId>
          <lisID>2113</lisID>
          <gpoId />
        </identifiers>
      </item>
      <item>
        <party>D</party>
        <state>CA</state>
        <sponsorshipDate>2017-01-05</sponsorshipDate>
        <district>17</district>
        <isOriginalCosponsor>True</isOriginalCosponsor>
        <fullName>Rep. Khanna, Ro [D-CA-17]</fullName>
        <middleName />
        <bioguideId>K000389</bioguideId>
        <firstName>Ro</firstName>
        <sponsorshipWithdrawnDate />
        <lastName>Khanna</lastName>
        <identifiers>
          <lisID>2308</lisID>
          <bioguideId>K000389</bioguideId>
          <gpoId />
        </identifiers>
      </item>
      <item>
        <party>D</party>
        <state>CA</state>
        <sponsorshipDate>2017-01-05</sponsorshipDate>
        <district>47</district>
        <isOriginalCosponsor>True</isOriginalCosponsor>
        <fullName>Rep. Lowenthal, Alan S. [D-CA-47]</fullName>
        <middleName>S.</middleName>
        <bioguideId>L000579</bioguideId>
        <firstName>Alan</firstName>
        <sponsorshipWithdrawnDate />
        <lastName>Lowenthal</lastName>
        <identifiers>
          <lisID>2111</lisID>
          <bioguideId>L000579</bioguideId>
          <gpoId />
        </identifiers>
      </item>
      <item>
        <party>D</party>
        <state>NY</state>
        <sponsorshipDate>2017-01-05</sponsorshipDate>
        <district>13</district>
        <isOriginalCosponsor>True</isOriginalCosponsor>
        <fullName>Rep. Espaillat, Adriano [D-NY-13]</fullName>
        <middleName />
        <bioguideId>E000297</bioguideId>
        <firstName>Adriano</firstName>
        <sponsorshipWithdrawnDate />
        <lastName>Espaillat</lastName>
        <identifiers>
          <lisID>2342</lisID>
          <bioguideId>E000297</bioguideId>
          <gpoId />
        </identifiers>
      </item>
      <item>
        <party>D</party>
        <state>CA</state>
        <sponsorshipDate>2017-01-05</sponsorshipDate>
        <district>6</district>
        <isOriginalCosponsor>True</isOriginalCosponsor>
        <fullName>Rep. Matsui, Doris O. [D-CA-6]</fullName>
        <middleName>O.</middleName>
        <bioguideId>M001163</bioguideId>
        <firstName>Doris</firstName>
        <sponsorshipWithdrawnDate />
        <lastName>Matsui</lastName>
        <identifiers>
          <lisID>1814</lisID>
          <bioguideId>M001163</bioguideId>
          <gpoId>7810</gpoId>
        </identifiers>
      </item>
      <item>
        <party>D</party>
        <state>IL</state>
        <sponsorshipDate>2017-01-05</sponsorshipDate>
        <district>3</district>
        <isOriginalCosponsor>True</isOriginalCosponsor>
        <fullName>Rep. Lipinski, Daniel [D-IL-3]</fullName>
        <middleName>William</middleName>
        <bioguideId>L000563</bioguideId>
        <firstName>Daniel</firstName>
        <sponsorshipWithdrawnDate />
        <lastName>Lipinski</lastName>
        <identifiers>
          <gpoId>7923</gpoId>
          <lisID>1781</lisID>
          <bioguideId>L000563</bioguideId>
        </identifiers>
      </item>
      <item>
        <party>D</party>
        <state>GA</state>
        <sponsorshipDate>2017-01-05</sponsorshipDate>
        <district>5</district>
        <isOriginalCosponsor>True</isOriginalCosponsor>
        <fullName>Rep. Lewis, John [D-GA-5]</fullName>
        <middleName />
        <bioguideId>L000287</bioguideId>
        <firstName>JOHN</firstName>
        <sponsorshipWithdrawnDate />
        <lastName>LEWIS</lastName>
        <identifiers>
          <bioguideId>L000287</bioguideId>
          <lisID>688</lisID>
          <gpoId>7902</gpoId>
        </identifiers>
      </item>
      <item>
        <party>D</party>
        <state>CA</state>
        <sponsorshipDate>2017-01-05</sponsorshipDate>
        <district>30</district>
        <isOriginalCosponsor>True</isOriginalCosponsor>
        <fullName>Rep. Sherman, Brad [D-CA-30]</fullName>
        <middleName />
        <bioguideId>S000344</bioguideId>
        <firstName>BRAD</firstName>
        <sponsorshipWithdrawnDate />
        <lastName>SHERMAN</lastName>
        <identifiers>
          <bioguideId>S000344</bioguideId>
          <gpoId>7832</gpoId>
          <lisID>1526</lisID>
        </identifiers>
      </item>
      <item>
        <party>D</party>
        <state>MA</state>
        <sponsorshipDate>2017-01-05</sponsorshipDate>
        <district>2</district>
        <isOriginalCosponsor>True</isOriginalCosponsor>
        <fullName>Rep. McGovern, James P. [D-MA-2]</fullName>
        <middleName>P.</middleName>
        <bioguideId>M000312</bioguideId>
        <firstName>JAMES</firstName>
        <sponsorshipWithdrawnDate />
        <lastName>MCGOVERN</lastName>
        <identifiers>
          <bioguideId>M000312</bioguideId>
          <gpoId>7968</gpoId>
          <lisID>1504</lisID>
        </identifiers>
      </item>
      <item>
        <party>D</party>
        <state>GA</state>
        <sponsorshipDate>2017-01-05</sponsorshipDate>
        <district>4</district>
        <isOriginalCosponsor>True</isOriginalCosponsor>
        <fullName>Rep. Johnson, Henry C. "Hank," Jr. [D-GA-4]</fullName>
        <middleName>C. "Hank"</middleName>
        <bioguideId>J000288</bioguideId>
        <firstName>Henry</firstName>
        <sponsorshipWithdrawnDate />
        <lastName>Johnson</lastName>
        <identifiers>
          <lisID>1843</lisID>
          <bioguideId>J000288</bioguideId>
          <gpoId>7901</gpoId>
        </identifiers>
      </item>
      <item>
        <party>D</party>
        <state>MD</state>
        <sponsorshipDate>2017-01-05</sponsorshipDate>
        <district>7</district>
        <isOriginalCosponsor>True</isOriginalCosponsor>
        <fullName>Rep. Cummings, Elijah E. [D-MD-7]</fullName>
        <middleName>E.</middleName>
        <bioguideId>C000984</bioguideId>
        <firstName>ELIJAH</firstName>
        <sponsorshipWithdrawnDate />
        <lastName>CUMMINGS</lastName>
        <identifiers>
          <bioguideId>C000984</bioguideId>
          <lisID>256</lisID>
          <gpoId>7982</gpoId>
        </identifiers>
      </item>
      <item>
        <party>D</party>
        <state>CA</state>
        <sponsorshipDate>2017-01-05</sponsorshipDate>
        <district>20</district>
        <isOriginalCosponsor>True</isOriginalCosponsor>
        <fullName>Rep. Panetta, Jimmy [D-CA-20]</fullName>
        <middleName />
        <bioguideId>P000613</bioguideId>
        <firstName>Jimmy</firstName>
        <sponsorshipWithdrawnDate />
        <lastName>Panetta</lastName>
        <identifiers>
          <bioguideId>P000613</bioguideId>
          <lisID>2309</lisID>
          <gpoId />
        </identifiers>
      </item>
      <item>
        <party>D</party>
        <state>AZ</state>
        <sponsorshipDate>2017-01-05</sponsorshipDate>
        <district>9</district>
        <isOriginalCosponsor>True</isOriginalCosponsor>
        <fullName>Rep. Sinema, Kyrsten [D-AZ-9]</fullName>
        <middleName />
        <bioguideId>S001191</bioguideId>
        <firstName>Kyrsten</firstName>
        <sponsorshipWithdrawnDate />
        <lastName>Sinema</lastName>
        <identifiers>
          <gpoId />
          <lisID>2099</lisID>
          <bioguideId>S001191</bioguideId>
        </identifiers>
      </item>
      <item>
        <party>D</party>
        <state>IL</state>
        <sponsorshipDate>2017-01-05</sponsorshipDate>
        <district>2</district>
        <isOriginalCosponsor>True</isOriginalCosponsor>
        <fullName>Rep. Kelly, Robin L. [D-IL-2]</fullName>
        <middleName>L.</middleName>
        <bioguideId>K000385</bioguideId>
        <firstName>Robin</firstName>
        <sponsorshipWithdrawnDate />
        <lastName>Kelly</lastName>
        <identifiers>
          <lisID>2190</lisID>
          <gpoId />
          <bioguideId>K000385</bioguideId>
        </identifiers>
      </item>
      <item>
        <party>D</party>
        <state>HI</state>
        <sponsorshipDate>2017-01-05</sponsorshipDate>
        <district>1</district>
        <isOriginalCosponsor>True</isOriginalCosponsor>
        <fullName>Rep. Hanabusa, Colleen [D-HI-1]</fullName>
        <middleName />
        <bioguideId>H001050</bioguideId>
        <firstName>Colleen</firstName>
        <sponsorshipWithdrawnDate />
        <lastName>Hanabusa</lastName>
        <identifiers>
          <lisID>2010</lisID>
          <gpoId>7912</gpoId>
          <bioguideId>H001050</bioguideId>
        </identifiers>
      </item>
      <item>
        <party>D</party>
        <state>NY</state>
        <sponsorshipDate>2017-01-05</sponsorshipDate>
        <district>7</district>
        <isOriginalCosponsor>True</isOriginalCosponsor>
        <fullName>Rep. Velazquez, Nydia M. [D-NY-7]</fullName>
        <middleName>M.</middleName>
        <bioguideId>V000081</bioguideId>
        <firstName>NYDIA</firstName>
        <sponsorshipWithdrawnDate />
        <lastName>VELAZQUEZ</lastName>
        <identifiers>
          <lisID>1184</lisID>
          <bioguideId>V000081</bioguideId>
          <gpoId>8073</gpoId>
        </identifiers>
      </item>
      <item>
        <party>D</party>
        <state>MD</state>
        <sponsorshipDate>2017-01-05</sponsorshipDate>
        <district>6</district>
        <isOriginalCosponsor>True</isOriginalCosponsor>
        <fullName>Rep. Delaney, John K. [D-MD-6]</fullName>
        <middleName>K.</middleName>
        <bioguideId>D000620</bioguideId>
        <firstName>John</firstName>
        <sponsorshipWithdrawnDate />
        <lastName>Delaney</lastName>
        <identifiers>
          <bioguideId>D000620</bioguideId>
          <lisID>2133</lisID>
          <gpoId />
        </identifiers>
      </item>
      <item>
        <party>D</party>
        <state>CT</state>
        <sponsorshipDate>2017-01-05</sponsorshipDate>
        <district>5</district>
        <isOriginalCosponsor>True</isOriginalCosponsor>
        <fullName>Rep. Esty, Elizabeth H. [D-CT-5]</fullName>
        <middleName>H.</middleName>
        <bioguideId>E000293</bioguideId>
        <firstName>Elizabeth</firstName>
        <sponsorshipWithdrawnDate />
        <lastName>Esty</lastName>
        <identifiers>
          <lisID>2114</lisID>
          <bioguideId>E000293</bioguideId>
          <gpoId />
        </identifiers>
      </item>
      <item>
        <party>D</party>
        <state>CA</state>
        <sponsorshipDate>2017-01-05</sponsorshipDate>
        <district>33</district>
        <isOriginalCosponsor>True</isOriginalCosponsor>
        <fullName>Rep. Lieu, Ted [D-CA-33]</fullName>
        <middleName />
        <bioguideId>L000582</bioguideId>
        <firstName>Ted</firstName>
        <sponsorshipWithdrawnDate />
        <lastName>Lieu</lastName>
        <identifiers>
          <gpoId />
          <lisID>2230</lisID>
          <bioguideId>L000582</bioguideId>
        </identifiers>
      </item>
      <item>
        <party>D</party>
        <state>NY</state>
        <sponsorshipDate>2017-01-05</sponsorshipDate>
        <district>15</district>
        <isOriginalCosponsor>True</isOriginalCosponsor>
        <fullName>Rep. Serrano, Jose E. [D-NY-15]</fullName>
        <middleName>E.</middleName>
        <bioguideId>S000248</bioguideId>
        <firstName>JOSE</firstName>
        <sponsorshipWithdrawnDate />
        <lastName>SERRANO</lastName>
        <identifiers>
          <lisID>1042</lisID>
          <bioguideId>S000248</bioguideId>
          <gpoId>8077</gpoId>
        </identifiers>
      </item>
      <item>
        <party>D</party>
        <state>GA</state>
        <sponsorshipDate>2017-01-05</sponsorshipDate>
        <district>2</district>
        <isOriginalCosponsor>True</isOriginalCosponsor>
        <fullName>Rep. Bishop, Sanford D., Jr. [D-GA-2]</fullName>
        <middleName>D.</middleName>
        <bioguideId>B000490</bioguideId>
        <firstName>SANFORD</firstName>
        <sponsorshipWithdrawnDate />
        <lastName>BISHOP</lastName>
        <identifiers>
          <bioguideId>B000490</bioguideId>
          <lisID>91</lisID>
          <gpoId>7899</gpoId>
        </identifiers>
      </item>
      <item>
        <party>D</party>
        <state>IL</state>
        <sponsorshipDate>2017-01-05</sponsorshipDate>
        <district>11</district>
        <isOriginalCosponsor>True</isOriginalCosponsor>
        <fullName>Rep. Foster, Bill [D-IL-11]</fullName>
        <middleName />
        <bioguideId>F000454</bioguideId>
        <firstName>Bill</firstName>
        <sponsorshipWithdrawnDate />
        <lastName>Foster</lastName>
        <identifiers>
          <lisID>1888</lisID>
          <bioguideId>F000454</bioguideId>
          <gpoId>7355</gpoId>
        </identifiers>
      </item>
      <item>
        <party>D</party>
        <state>CA</state>
        <sponsorshipDate>2017-01-05</sponsorshipDate>
        <district>9</district>
        <isOriginalCosponsor>True</isOriginalCosponsor>
        <fullName>Rep. McNerney, Jerry [D-CA-9]</fullName>
        <middleName />
        <bioguideId>M001166</bioguideId>
        <firstName>Jerry</firstName>
        <sponsorshipWithdrawnDate />
        <lastName>McNerney</lastName>
        <identifiers>
          <bioguideId>M001166</bioguideId>
          <gpoId>7816</gpoId>
          <lisID>1832</lisID>
        </identifiers>
      </item>
      <item>
        <party>D</party>
        <state>CT</state>
        <sponsorshipDate>2017-01-05</sponsorshipDate>
        <district>4</district>
        <isOriginalCosponsor>True</isOriginalCosponsor>
        <fullName>Rep. Himes, James A. [D-CT-4]</fullName>
        <middleName>A.</middleName>
        <bioguideId>H001047</bioguideId>
        <firstName>James</firstName>
        <sponsorshipWithdrawnDate />
        <lastName>Himes</lastName>
        <identifiers>
          <lisID>1913</lisID>
          <bioguideId>H001047</bioguideId>
          <gpoId>7869</gpoId>
        </identifiers>
      </item>
      <item>
        <party>D</party>
        <state>OH</state>
        <sponsorshipDate>2017-01-05</sponsorshipDate>
        <district>9</district>
        <isOriginalCosponsor>True</isOriginalCosponsor>
        <fullName>Rep. Kaptur, Marcy [D-OH-9]</fullName>
        <middleName />
        <bioguideId>K000009</bioguideId>
        <firstName>MARCY</firstName>
        <sponsorshipWithdrawnDate />
        <lastName>KAPTUR</lastName>
        <identifiers>
          <lisID>616</lisID>
          <gpoId>8099</gpoId>
          <bioguideId>K000009</bioguideId>
        </identifiers>
      </item>
      <item>
        <party>D</party>
        <state>CA</state>
        <sponsorshipDate>2017-01-05</sponsorshipDate>
        <district>14</district>
        <isOriginalCosponsor>True</isOriginalCosponsor>
        <fullName>Rep. Speier, Jackie [D-CA-14]</fullName>
        <middleName />
        <bioguideId>S001175</bioguideId>
        <firstName>Jackie</firstName>
        <sponsorshipWithdrawnDate />
        <lastName>Speier</lastName>
        <identifiers>
          <lisID>1890</lisID>
          <gpoId>7817</gpoId>
          <bioguideId>S001175</bioguideId>
        </identifiers>
      </item>
      <item>
        <party>D</party>
        <state>MI</state>
        <sponsorshipDate>2017-01-05</sponsorshipDate>
        <district>14</district>
        <isOriginalCosponsor>True</isOriginalCosponsor>
        <fullName>Rep. Lawrence, Brenda L. [D-MI-14]</fullName>
        <middleName>L.</middleName>
        <bioguideId>L000581</bioguideId>
        <firstName>Brenda</firstName>
        <sponsorshipWithdrawnDate />
        <lastName>Lawrence</lastName>
        <identifiers>
          <lisID>2252</lisID>
          <bioguideId>L000581</bioguideId>
          <gpoId />
        </identifiers>
      </item>
      <item>
        <party>D</party>
        <state>FL</state>
        <sponsorshipDate>2017-01-05</sponsorshipDate>
        <district>24</district>
        <isOriginalCosponsor>True</isOriginalCosponsor>
        <fullName>Rep. Wilson, Frederica S. [D-FL-24]</fullName>
        <middleName>S.</middleName>
        <bioguideId>W000808</bioguideId>
        <firstName>Frederica</firstName>
        <sponsorshipWithdrawnDate />
        <lastName>Wilson</lastName>
        <identifiers>
          <gpoId>7889</gpoId>
          <lisID>2004</lisID>
          <bioguideId>W000808</bioguideId>
        </identifiers>
      </item>
      <item>
        <party>D</party>
        <state>VA</state>
        <sponsorshipDate>2017-01-05</sponsorshipDate>
        <district>3</district>
        <isOriginalCosponsor>True</isOriginalCosponsor>
        <fullName>Rep. Scott, Robert C. "Bobby" [D-VA-3]</fullName>
        <middleName>C. "Bobby"</middleName>
        <bioguideId>S000185</bioguideId>
        <firstName>Robert</firstName>
        <sponsorshipWithdrawnDate />
        <lastName>Scott</lastName>
        <identifiers>
          <lisID>1037</lisID>
          <bioguideId>S000185</bioguideId>
          <gpoId>8194</gpoId>
        </identifiers>
      </item>
      <item>
        <party>D</party>
        <state>IL</state>
        <sponsorshipDate>2017-01-10</sponsorshipDate>
        <district>5</district>
        <isOriginalCosponsor>False</isOriginalCosponsor>
        <fullName>Rep. Quigley, Mike [D-IL-5]</fullName>
        <middleName />
        <bioguideId>Q000023</bioguideId>
        <firstName>Mike</firstName>
        <sponsorshipWithdrawnDate />
        <lastName>Quigley</lastName>
        <identifiers>
          <lisID>1967</lisID>
          <bioguideId>Q000023</bioguideId>
          <gpoId>7925</gpoId>
        </identifiers>
      </item>
      <item>
        <party>D</party>
        <state>CA</state>
        <sponsorshipDate>2017-01-10</sponsorshipDate>
        <district>36</district>
        <isOriginalCosponsor>False</isOriginalCosponsor>
        <fullName>Rep. Ruiz, Raul [D-CA-36]</fullName>
        <middleName />
        <bioguideId>R000599</bioguideId>
        <firstName>Raul</firstName>
        <sponsorshipWithdrawnDate />
        <lastName>Ruiz</lastName>
        <identifiers>
          <lisID>2109</lisID>
          <gpoId />
          <bioguideId>R000599</bioguideId>
        </identifiers>
      </item>
      <item>
        <party>D</party>
        <state>GU</state>
        <sponsorshipDate>2017-01-10</sponsorshipDate>
        <district>0</district>
        <isOriginalCosponsor>False</isOriginalCosponsor>
        <fullName>Rep. Bordallo, Madeleine Z. [D-GU-At Large]</fullName>
        <middleName>Z.</middleName>
        <bioguideId>B001245</bioguideId>
        <firstName>Madeleine</firstName>
        <sponsorshipWithdrawnDate />
        <lastName>Bordallo</lastName>
        <identifiers>
          <bioguideId>B001245</bioguideId>
          <gpoId>7911</gpoId>
          <lisID>1723</lisID>
        </identifiers>
      </item>
      <item>
        <party>D</party>
        <state>IL</state>
        <sponsorshipDate>2017-01-10</sponsorshipDate>
        <district>1</district>
        <isOriginalCosponsor>False</isOriginalCosponsor>
        <fullName>Rep. Rush, Bobby L. [D-IL-1]</fullName>
        <middleName>L.</middleName>
        <bioguideId>R000515</bioguideId>
        <firstName>BOBBY</firstName>
        <sponsorshipWithdrawnDate />
        <lastName>RUSH</lastName>
        <identifiers>
          <bioguideId>R000515</bioguideId>
          <lisID>1003</lisID>
          <gpoId>7921</gpoId>
        </identifiers>
      </item>
      <item>
        <party>D</party>
        <state>NM</state>
        <sponsorshipDate>2017-01-10</sponsorshipDate>
        <district>3</district>
        <isOriginalCosponsor>False</isOriginalCosponsor>
        <fullName>Rep. Lujan, Ben Ray [D-NM-3]</fullName>
        <middleName>Ray</middleName>
        <bioguideId>L000570</bioguideId>
        <firstName>Ben</firstName>
        <sponsorshipWithdrawnDate />
        <lastName>Lujan</lastName>
        <identifiers>
          <lisID>1939</lisID>
          <gpoId>8058</gpoId>
          <bioguideId>L000570</bioguideId>
        </identifiers>
      </item>
      <item>
        <party>D</party>
        <state>CA</state>
        <sponsorshipDate>2017-01-10</sponsorshipDate>
        <district>43</district>
        <isOriginalCosponsor>False</isOriginalCosponsor>
        <fullName>Rep. Waters, Maxine [D-CA-43]</fullName>
        <middleName />
        <bioguideId>W000187</bioguideId>
        <firstName>MAXINE</firstName>
        <sponsorshipWithdrawnDate />
        <lastName>WATERS</lastName>
        <identifiers>
          <bioguideId>W000187</bioguideId>
          <lisID>1205</lisID>
          <gpoId>7840</gpoId>
        </identifiers>
      </item>
      <item>
        <party>D</party>
        <state>PA</state>
        <sponsorshipDate>2017-01-10</sponsorshipDate>
        <district>2</district>
        <isOriginalCosponsor>False</isOriginalCosponsor>
        <fullName>Rep. Evans, Dwight [D-PA-2]</fullName>
        <middleName />
        <bioguideId>E000296</bioguideId>
        <firstName>Dwight</firstName>
        <sponsorshipWithdrawnDate />
        <lastName>Evans</lastName>
        <identifiers>
          <lisID>2298</lisID>
          <bioguideId>E000296</bioguideId>
          <gpoId />
        </identifiers>
      </item>
      <item>
        <party>D</party>
        <state>CA</state>
        <sponsorshipDate>2017-01-10</sponsorshipDate>
        <district>19</district>
        <isOriginalCosponsor>False</isOriginalCosponsor>
        <fullName>Rep. Lofgren, Zoe [D-CA-19]</fullName>
        <middleName />
        <bioguideId>L000397</bioguideId>
        <firstName>ZOE</firstName>
        <sponsorshipWithdrawnDate />
        <lastName>LOFGREN</lastName>
        <identifiers>
          <lisID>701</lisID>
          <bioguideId>L000397</bioguideId>
          <gpoId>7821</gpoId>
        </identifiers>
      </item>
      <item>
        <party>D</party>
        <state>TX</state>
        <sponsorshipDate>2017-01-10</sponsorshipDate>
        <district>16</district>
        <isOriginalCosponsor>False</isOriginalCosponsor>
        <fullName>Rep. O'Rourke, Beto [D-TX-16]</fullName>
        <middleName />
        <bioguideId>O000170</bioguideId>
        <firstName>Beto</firstName>
        <sponsorshipWithdrawnDate />
        <lastName>O'Rourke</lastName>
        <identifiers>
          <lisID>2162</lisID>
          <bioguideId>O000170</bioguideId>
          <gpoId />
        </identifiers>
      </item>
      <item>
        <party>D</party>
        <state>CA</state>
        <sponsorshipDate>2017-01-13</sponsorshipDate>
        <district>15</district>
        <isOriginalCosponsor>False</isOriginalCosponsor>
        <fullName>Rep. Swalwell, Eric [D-CA-15]</fullName>
        <middleName />
        <bioguideId>S001193</bioguideId>
        <firstName>Eric</firstName>
        <sponsorshipWithdrawnDate />
        <lastName>Swalwell</lastName>
        <identifiers>
          <lisID>2104</lisID>
          <gpoId />
          <bioguideId>S001193</bioguideId>
        </identifiers>
      </item>
      <item>
        <party>D</party>
        <state>WI</state>
        <sponsorshipDate>2017-01-13</sponsorshipDate>
        <district>4</district>
        <isOriginalCosponsor>False</isOriginalCosponsor>
        <fullName>Rep. Moore, Gwen [D-WI-4]</fullName>
        <middleName />
        <bioguideId>M001160</bioguideId>
        <firstName>Gwen</firstName>
        <sponsorshipWithdrawnDate />
        <lastName>Moore</lastName>
        <identifiers>
          <lisID>1811</lisID>
          <bioguideId>M001160</bioguideId>
          <gpoId>8217</gpoId>
        </identifiers>
      </item>
      <item>
        <party>D</party>
        <state>WI</state>
        <sponsorshipDate>2017-02-01</sponsorshipDate>
        <district>2</district>
        <isOriginalCosponsor>False</isOriginalCosponsor>
        <fullName>Rep. Pocan, Mark [D-WI-2]</fullName>
        <middleName />
        <bioguideId>P000607</bioguideId>
        <firstName>Mark</firstName>
        <sponsorshipWithdrawnDate />
        <lastName>Pocan</lastName>
        <identifiers>
          <lisID>2171</lisID>
          <gpoId />
          <bioguideId>P000607</bioguideId>
        </identifiers>
      </item>
      <item>
        <party>D</party>
        <state>AZ</state>
        <sponsorshipDate>2017-02-01</sponsorshipDate>
        <district>3</district>
        <isOriginalCosponsor>False</isOriginalCosponsor>
        <fullName>Rep. Grijalva, Raul M. [D-AZ-3]</fullName>
        <middleName>M.</middleName>
        <bioguideId>G000551</bioguideId>
        <firstName>Raul</firstName>
        <sponsorshipWithdrawnDate />
        <lastName>Grijalva</lastName>
        <identifiers>
          <lisID>1708</lisID>
          <gpoId>7804</gpoId>
          <bioguideId>G000551</bioguideId>
        </identifiers>
      </item>
      <item>
        <party>D</party>
        <state>NY</state>
        <sponsorshipDate>2017-02-13</sponsorshipDate>
        <district>9</district>
        <isOriginalCosponsor>False</isOriginalCosponsor>
        <fullName>Rep. Clarke, Yvette D. [D-NY-9]</fullName>
        <middleName>D.</middleName>
        <bioguideId>C001067</bioguideId>
        <firstName>Yvette</firstName>
        <sponsorshipWithdrawnDate />
        <lastName>Clarke</lastName>
        <identifiers>
          <lisID>1864</lisID>
          <gpoId>8072</gpoId>
          <bioguideId>C001067</bioguideId>
        </identifiers>
      </item>
    </cosponsors>
    <introducedDate>2017-01-05</introducedDate>
    <recordedVotes />
    <congress>115</congress>
    <amendments />
    <version>1.0.0</version>
    <calendarNumbers />
    <latestAction>
      <actionDate>2017-01-05</actionDate>
      <links />
      <text>Referred to the House Committee on Foreign Affairs.</text>
    </latestAction>
    <titles>
      <item>
        <chamberCode />
        <titleType>Official Title as Introduced</titleType>
        <parentTitleType />
        <chamberName />
        <title>Expressing the sense of the House of Representatives and reaffirming long-standing United States policy in support of a negotiated two-state solution to the Israeli-Palestinian conflict.</title>
      </item>
      <item>
        <chamberCode />
        <titleType>Display Title</titleType>
        <parentTitleType />
        <chamberName />
        <title>Expressing the sense of the House of Representatives and reaffirming long-standing United States policy in support of a negotiated two-state solution to the Israeli-Palestinian conflict.</title>
      </item>
    </titles>
    <cboCostEstimates />
    <committees>
      <billCommittees>
        <item>
          <type>Standing</type>
          <name>Foreign Affairs Committee</name>
          <systemCode>hsfa00</systemCode>
          <chamber>House</chamber>
          <activities>
            <item>
              <name>Referred to</name>
              <date>2017-01-05T15:00:30Z</date>
            </item>
          </activities>
          <subcommittees />
        </item>
      </billCommittees>
    </committees>
    <subjects>
      <billSubjects>
        <legislativeSubjects>
          <item>
            <name>Arab-Israeli relations</name>
          </item>
          <item>
            <name>Conflicts and wars</name>
          </item>
          <item>
            <name>Diplomacy, foreign officials, Americans abroad</name>
          </item>
          <item>
            <name>Israel</name>
          </item>
          <item>
            <name>Middle East</name>
          </item>
          <item>
            <name>Palestinians</name>
          </item>
          <item>
            <name>United Nations</name>
          </item>
        </legislativeSubjects>
        <policyArea>
          <name>International Affairs</name>
        </policyArea>
      </billSubjects>
    </subjects>
  </bill>
  <dublinCore xmlns:dc="http://purl.org/dc/elements/1.1/">
    <dc:format>text/xml</dc:format>
    <dc:language>EN</dc:language>
    <dc:rights>Pursuant to Title 17 Section 105 of the United States Code, this file is not subject to copyright protection and is in the public domain.</dc:rights>
    <dc:contributor>Congressional Research Service, Library of Congress</dc:contributor>
    <dc:description>This file contains bill summaries and statuses for federal legislation. A bill summary describes the most significant provisions of a piece of legislation and details the effects the legislative text may have on current law and federal programs. Bill summaries are authored by the Congressional Research Service (CRS) of the Library of Congress. As stated in Public Law 91-510 (2 USC 166 (d)(6)), one of the duties of CRS is "to prepare summaries and digests of bills and resolutions of a public general nature introduced in the Senate or House of Representatives". For more information, refer to the User Guide that accompanies this file.</dc:description>
  </dublinCore>
</billStatus>

