<?xml version="1.0" encoding="UTF-8"?>
<billStatus>
  <bill>
    <calendarNumbers>
      <item>
        <number />
        <calendar>H00068</calendar>
      </item>
    </calendarNumbers>
    <amendments />
    <committeeReports>
      <committeeReport>
        <citation>H. Rept. 115-259</citation>
      </committeeReport>
    </committeeReports>
    <constitutionalAuthorityStatementText />
    <laws />
    <summaries>
      <billSummaries>
        <item>
          <versionCode>00</versionCode>
          <actionDate>2017-07-25</actionDate>
          <actionDesc>Introduced in House</actionDesc>
          <name>Introduced in House</name>
          <lastSummaryUpdateDate>2017-07-26T08:06:35Z</lastSummaryUpdateDate>
          <text><![CDATA[Sets forth the rule for consideration of the bill (H.R. 3219) making appropriations for the Department of Defense for the fiscal year ending September 30, 2018.]]></text>
          <updateDate>2017-07-25T04:00:00Z</updateDate>
        </item>
      </billSummaries>
    </summaries>
    <relatedBills>
      <item>
        <congress>115</congress>
        <latestAction>
          <actionDate>2017-08-01</actionDate>
          <text>Read the second time. Placed on Senate Legislative Calendar under General Orders. Calendar No. 187.</text>
        </latestAction>
        <relationshipDetails>
          <item>
            <type>Procedurally-related</type>
            <identifiedBy>House</identifiedBy>
          </item>
        </relationshipDetails>
        <type>HR</type>
        <latestTitle>Make America Secure Appropriations Act, 2018</latestTitle>
        <number>3219</number>
      </item>
    </relatedBills>
    <createDate>2017-07-26T03:11:30Z</createDate>
    <latestAction>
      <links />
      <actionDate>2017-07-26</actionDate>
      <text>Motion to reconsider laid on the table Agreed to without objection.</text>
      <actionTime>14:03:11</actionTime>
    </latestAction>
    <sponsors>
      <item>
        <party>R</party>
        <state>OK</state>
        <bioguideId>C001053</bioguideId>
        <middleName />
        <lastName>Cole</lastName>
        <fullName>Rep. Cole, Tom [R-OK-4]</fullName>
        <firstName>Tom</firstName>
        <district>4</district>
        <byRequestType />
        <identifiers>
          <lisID>1742</lisID>
          <bioguideId>C001053</bioguideId>
          <gpoId>8112</gpoId>
        </identifiers>
      </item>
    </sponsors>
    <billNumber>473</billNumber>
    <updateDate>2018-08-28T19:55:13Z</updateDate>
    <cboCostEstimates />
    <notes />
    <titles>
      <item>
        <title>Providing for consideration of the bill (H.R. 3219) making appropriations for the Department of Defense for the fiscal year ending September 30, 2018, and for other purposes.</title>
        <titleType>Official Title as Introduced</titleType>
        <parentTitleType />
        <chamberCode />
        <chamberName />
      </item>
      <item>
        <title>Providing for consideration of the bill (H.R. 3219) making appropriations for the Department of Defense for the fiscal year ending September 30, 2018, and for other purposes.</title>
        <titleType>Display Title</titleType>
        <parentTitleType />
        <chamberCode />
        <chamberName />
      </item>
    </titles>
    <introducedDate>2017-07-25</introducedDate>
    <subjects>
      <billSubjects>
        <policyArea>
          <name>Congress</name>
        </policyArea>
        <legislativeSubjects>
          <item>
            <name>House of Representatives</name>
          </item>
          <item>
            <name>Legislative rules and procedure</name>
          </item>
        </legislativeSubjects>
      </billSubjects>
    </subjects>
    <billType>HRES</billType>
    <originChamber>House</originChamber>
    <title>Providing for consideration of the bill (H.R. 3219) making appropriations for the Department of Defense for the fiscal year ending September 30, 2018, and for other purposes.</title>
    <cosponsors />
    <recordedVotes>
      <recordedVote>
        <congress>115</congress>
        <date>2017-07-26T18:03:09Z</date>
        <fullActionName>Passage of a Measure</fullActionName>
        <chamber>House</chamber>
        <rollNumber>415</rollNumber>
        <sessionNumber>1</sessionNumber>
        <url>http://clerk.house.gov/evs/2017/roll415.xml</url>
      </recordedVote>
      <recordedVote>
        <congress>115</congress>
        <date>2017-07-26T17:56:35Z</date>
        <fullActionName>Motion for Previous Question</fullActionName>
        <chamber>House</chamber>
        <rollNumber>414</rollNumber>
        <sessionNumber>1</sessionNumber>
        <url>http://clerk.house.gov/evs/2017/roll414.xml</url>
      </recordedVote>
    </recordedVotes>
    <policyArea>
      <name>Congress</name>
    </policyArea>
    <committees>
      <billCommittees>
        <item>
          <systemCode>hsru00</systemCode>
          <chamber>House</chamber>
          <type>Standing</type>
          <subcommittees />
          <name>Rules Committee</name>
          <activities>
            <item>
              <date>2017-07-26T01:49:39Z</date>
              <name>Reported original measure</name>
            </item>
          </activities>
        </item>
      </billCommittees>
    </committees>
    <actions>
      <item>
        <actionTime>14:03:11</actionTime>
        <text>Motion to reconsider laid on the table Agreed to without objection.</text>
        <committee />
        <links />
        <actionDate>2017-07-26</actionDate>
        <sourceSystem>
          <code>2</code>
          <name>House floor actions</name>
        </sourceSystem>
        <type>Floor</type>
        <actionCode>H38310</actionCode>
      </item>
      <item>
        <actionTime>14:03:09</actionTime>
        <text>On agreeing to the resolution Agreed to by recorded vote: 232 - 192 (Roll no. 415). (text: CR H6313-6314)</text>
        <committee />
        <links>
          <link>
            <url>https://www.congress.gov/congressional-record/volume-163/house-section/page/H6313-6314</url>
            <name>H6313-6314</name>
          </link>
          <link>
            <url>http://clerk.house.gov/evs/2017/roll415.xml</url>
            <name>Roll no. 415</name>
          </link>
        </links>
        <actionDate>2017-07-26</actionDate>
        <sourceSystem>
          <code>2</code>
          <name>House floor actions</name>
        </sourceSystem>
        <type>Floor</type>
        <actionCode>H37100</actionCode>
      </item>
      <item>
        <actionTime>14:03:09</actionTime>
        <text>Passed/agreed to in House: On agreeing to the resolution Agreed to by recorded vote: 232 - 192 (Roll no. 415).(text: CR H6313-6314)</text>
        <committee />
        <links>
          <link>
            <url>https://www.congress.gov/congressional-record/volume-163/house-section/page/H6313-6314</url>
            <name>H6313-6314</name>
          </link>
          <link>
            <url>http://clerk.house.gov/evs/2017/roll415.xml</url>
            <name>Roll no. 415</name>
          </link>
        </links>
        <actionDate>2017-07-26</actionDate>
        <sourceSystem>
          <code>9</code>
          <name>Library of Congress</name>
        </sourceSystem>
        <type>Floor</type>
        <actionCode>8000</actionCode>
      </item>
      <item>
        <actionTime>13:56:35</actionTime>
        <text>On ordering the previous question Agreed to by the Yeas and Nays: 230 - 193 (Roll no. 414).</text>
        <committee />
        <links>
          <link>
            <url>http://clerk.house.gov/evs/2017/roll414.xml</url>
            <name>Roll no. 414</name>
          </link>
        </links>
        <actionDate>2017-07-26</actionDate>
        <sourceSystem>
          <code>2</code>
          <name>House floor actions</name>
        </sourceSystem>
        <type>Floor</type>
        <actionCode>H35000</actionCode>
      </item>
      <item>
        <actionTime>12:36:21</actionTime>
        <text>DEBATE - The House proceeded with one hour of debate on H. Res. 473.</text>
        <committee />
        <links>
          <link>
            <url>https://www.congress.gov/bill/115th-congress/house-resolution/473</url>
            <name>H. Res. 473</name>
          </link>
        </links>
        <actionDate>2017-07-26</actionDate>
        <sourceSystem>
          <code>2</code>
          <name>House floor actions</name>
        </sourceSystem>
        <type>Floor</type>
        <actionCode>H8D000</actionCode>
      </item>
      <item>
        <actionTime>12:32:12</actionTime>
        <text>Considered as privileged matter. (consideration: CR H6313-6326)</text>
        <committee />
        <links>
          <link>
            <url>https://www.congress.gov/congressional-record/volume-163/house-section/page/H6313-6326</url>
            <name>H6313-6326</name>
          </link>
        </links>
        <actionDate>2017-07-26</actionDate>
        <sourceSystem>
          <code>2</code>
          <name>House floor actions</name>
        </sourceSystem>
        <type>Floor</type>
        <actionCode>H30000</actionCode>
      </item>
      <item>
        <text>Placed on the House Calendar, Calendar No. 68.</text>
        <type>Calendars</type>
        <links />
        <actionDate>2017-07-25</actionDate>
        <sourceSystem>
          <code>2</code>
          <name>House floor actions</name>
        </sourceSystem>
        <committee />
        <actionCode>H12420</actionCode>
      </item>
      <item>
        <actionTime>21:49:40</actionTime>
        <text>The resolution provides that an amendment in the nature of a substitute consisting of the text of Rules Committee Print 115-30 shall be considered as adopted and the bill, as amended, shall be considered as read.</text>
        <committee />
        <links />
        <actionDate>2017-07-25</actionDate>
        <sourceSystem>
          <code>2</code>
          <name>House floor actions</name>
        </sourceSystem>
        <type>Floor</type>
        <actionCode>H12700</actionCode>
      </item>
      <item>
        <text>The House Committee on Rules reported an original measure, H. Rept. 115-259, by Mr. Cole.</text>
        <type>Committee</type>
        <links>
          <link>
            <url>https://www.congress.gov/congressional-report/115th-congress/house-report/259</url>
            <name>H. Rept. 115-259</name>
          </link>
        </links>
        <actionDate>2017-07-25</actionDate>
        <sourceSystem>
          <code>2</code>
          <name>House floor actions</name>
        </sourceSystem>
        <committee>
          <systemCode>hsru00</systemCode>
          <name>Rules Committee</name>
        </committee>
        <actionCode>H12100</actionCode>
      </item>
      <item>
        <text>The House Committee on Rules reported an original measure, H. Rept. 115-259, by Mr. Cole.</text>
        <type>Committee</type>
        <links>
          <link>
            <url>https://www.congress.gov/congressional-report/115th-congress/house-report/259</url>
            <name>H. Rept. 115-259</name>
          </link>
        </links>
        <actionDate>2017-07-25</actionDate>
        <sourceSystem>
          <code>9</code>
          <name>Library of Congress</name>
        </sourceSystem>
        <committee>
          <systemCode>hsru00</systemCode>
          <name>Rules Committee</name>
        </committee>
        <actionCode>5000</actionCode>
      </item>
      <item>
        <text>Introduced in House</text>
        <type>IntroReferral</type>
        <links />
        <actionDate>2017-07-25</actionDate>
        <sourceSystem>
          <code>9</code>
          <name>Library of Congress</name>
        </sourceSystem>
        <committee />
        <actionCode>1000</actionCode>
      </item>
      <actionByCounts>
        <houseOfRepresentatives>11</houseOfRepresentatives>
      </actionByCounts>
      <actionTypeCounts>
        <introducedInHouse>1</introducedInHouse>
        <generalDebate>1</generalDebate>
        <considerationByHouse>1</considerationByHouse>
        <motionToReconsiderResults>1</motionToReconsiderResults>
        <provisionsOfARule>1</provisionsOfARule>
        <passedAgreedToInHouse>1</passedAgreedToInHouse>
        <passageOfAMeasure>1</passageOfAMeasure>
        <motionForPreviousQuestion>1</motionForPreviousQuestion>
        <committeeReportOfAnOriginalMeasure>1</committeeReportOfAnOriginalMeasure>
        <houseCalendarAssignment>1</houseCalendarAssignment>
        <reportedToHouse>1</reportedToHouse>
      </actionTypeCounts>
    </actions>
    <version>1.0.0</version>
    <congress>115</congress>
  </bill>
  <dublinCore xmlns:dc="http://purl.org/dc/elements/1.1/">
    <dc:format>text/xml</dc:format>
    <dc:language>EN</dc:language>
    <dc:rights>Pursuant to Title 17 Section 105 of the United States Code, this file is not subject to copyright protection and is in the public domain.</dc:rights>
    <dc:contributor>Congressional Research Service, Library of Congress</dc:contributor>
    <dc:description>This file contains bill summaries and statuses for federal legislation. A bill summary describes the most significant provisions of a piece of legislation and details the effects the legislative text may have on current law and federal programs. Bill summaries are authored by the Congressional Research Service (CRS) of the Library of Congress. As stated in Public Law 91-510 (2 USC 166 (d)(6)), one of the duties of CRS is "to prepare summaries and digests of bills and resolutions of a public general nature introduced in the Senate or House of Representatives". For more information, refer to the User Guide that accompanies this file.</dc:description>
  </dublinCore>
</billStatus>

