<?xml version="1.0" encoding="UTF-8"?>
<billStatus>
  <bill>
    <committees>
      <billCommittees>
        <item>
          <activities>
            <item>
              <name>Referred to</name>
              <date>2017-08-29T16:00:13Z</date>
            </item>
          </activities>
          <chamber>House</chamber>
          <systemCode>hsas00</systemCode>
          <name>Armed Services Committee</name>
          <type>Standing</type>
          <subcommittees>
            <item>
              <systemCode>hsas02</systemCode>
              <activities>
                <item>
                  <name>Referred to</name>
                  <date>2017-10-17T19:16:11Z</date>
                </item>
              </activities>
              <name>Military Personnel Subcommittee</name>
            </item>
          </subcommittees>
        </item>
      </billCommittees>
    </committees>
    <recordedVotes />
    <laws />
    <summaries>
      <billSummaries>
        <item>
          <name>Introduced in House</name>
          <actionDesc>Introduced in House</actionDesc>
          <actionDate>2017-08-29</actionDate>
          <lastSummaryUpdateDate>2017-09-27T14:43:02Z</lastSummaryUpdateDate>
          <versionCode>00</versionCode>
          <updateDate>2017-08-29T04:00:00Z</updateDate>
          <text><![CDATA[<p>Extends the deepest sympathies of the House of Representatives to the families and friends of fallen Marines Lance Corporal Ruben Velasco of West Covina, California, Corporal Nathaniel Ordway of Wichita, Kansas, and Captain Benjamin Cross of Bethel, Maine, in their bereavement.</p>]]></text>
        </item>
      </billSummaries>
    </summaries>
    <calendarNumbers />
    <titles>
      <item>
        <chamberCode />
        <titleType>Official Title as Introduced</titleType>
        <chamberName />
        <title>Honoring the lives of Lance Corporal Ruben Velasco of West Covina, California, Corporal Nathaniel Ordway of Wichita, Kansas, and Captain Benjamin Cross of Bethel, Maine, who perished on August 5, 2017, during military operations off the coast of Australia.</title>
        <parentTitleType />
      </item>
      <item>
        <chamberCode />
        <titleType>Display Title</titleType>
        <chamberName />
        <title>Honoring the lives of Lance Corporal Ruben Velasco of West Covina, California, Corporal Nathaniel Ordway of Wichita, Kansas, and Captain Benjamin Cross of Bethel, Maine, who perished on August 5, 2017, during military operations off the coast of Australia.</title>
        <parentTitleType />
      </item>
    </titles>
    <cosponsors>
      <item>
        <middleName />
        <identifiers>
          <gpoId />
          <lisID>2358</lisID>
          <bioguideId>E000298</bioguideId>
        </identifiers>
        <firstName>Ron</firstName>
        <state>KS</state>
        <bioguideId>E000298</bioguideId>
        <district>4</district>
        <fullName>Rep. Estes, Ron [R-KS-4]</fullName>
        <isOriginalCosponsor>True</isOriginalCosponsor>
        <party>R</party>
        <sponsorshipWithdrawnDate />
        <lastName>Estes</lastName>
        <sponsorshipDate>2017-08-29</sponsorshipDate>
      </item>
      <item>
        <middleName />
        <identifiers>
          <lisID>2247</lisID>
          <gpoId />
          <bioguideId>P000611</bioguideId>
        </identifiers>
        <firstName>Bruce</firstName>
        <state>ME</state>
        <bioguideId>P000611</bioguideId>
        <district>2</district>
        <fullName>Rep. Poliquin, Bruce [R-ME-2]</fullName>
        <isOriginalCosponsor>True</isOriginalCosponsor>
        <party>R</party>
        <sponsorshipWithdrawnDate />
        <lastName>Poliquin</lastName>
        <sponsorshipDate>2017-08-29</sponsorshipDate>
      </item>
    </cosponsors>
    <cboCostEstimates />
    <latestAction>
      <text>Referred to the Subcommittee on Military Personnel.</text>
      <links />
      <actionDate>2017-10-17</actionDate>
    </latestAction>
    <updateDate>2018-08-28T19:55:18Z</updateDate>
    <version>1.0.0</version>
    <constitutionalAuthorityStatementText />
    <policyArea>
      <name>Armed Forces and National Security</name>
    </policyArea>
    <billType>HRES</billType>
    <billNumber>498</billNumber>
    <originChamber>House</originChamber>
    <relatedBills />
    <title>Honoring the lives of Lance Corporal Ruben Velasco of West Covina, California, Corporal Nathaniel Ordway of Wichita, Kansas, and Captain Benjamin Cross of Bethel, Maine, who perished on August 5, 2017, during military operations off the coast of Australia.</title>
    <congress>115</congress>
    <actions>
      <actionTypeCounts>
        <introducedInHouse>1</introducedInHouse>
        <introducedInTheHouse>1</introducedInTheHouse>
        <billReferrals>1</billReferrals>
        <placeholderTextForH>1</placeholderTextForH>
      </actionTypeCounts>
      <item>
        <actionDate>2017-10-17</actionDate>
        <committee>
          <systemCode>hsas02</systemCode>
          <name>Military Personnel Subcommittee</name>
        </committee>
        <links />
        <sourceSystem>
          <name>House committee actions</name>
          <code>1</code>
        </sourceSystem>
        <text>Referred to the Subcommittee on Military Personnel.</text>
        <type>Committee</type>
      </item>
      <item>
        <actionDate>2017-08-29</actionDate>
        <links />
        <text>Referred to the House Committee on Armed Services.</text>
        <type>IntroReferral</type>
        <actionCode>H11100</actionCode>
        <sourceSystem>
          <name>House floor actions</name>
          <code>2</code>
        </sourceSystem>
        <committee>
          <systemCode>hsas00</systemCode>
          <name>Armed Services Committee</name>
        </committee>
      </item>
      <item>
        <actionDate>2017-08-29</actionDate>
        <links />
        <text>Introduced in House</text>
        <type>IntroReferral</type>
        <actionCode>Intro-H</actionCode>
        <sourceSystem>
          <name>Library of Congress</name>
          <code>9</code>
        </sourceSystem>
        <committee />
      </item>
      <item>
        <actionDate>2017-08-29</actionDate>
        <links />
        <text>Introduced in House</text>
        <type>IntroReferral</type>
        <actionCode>1000</actionCode>
        <sourceSystem>
          <name>Library of Congress</name>
          <code>9</code>
        </sourceSystem>
        <committee />
      </item>
      <actionByCounts>
        <houseOfRepresentatives>4</houseOfRepresentatives>
      </actionByCounts>
    </actions>
    <subjects>
      <billSubjects>
        <legislativeSubjects>
          <item>
            <name>Accidents</name>
          </item>
          <item>
            <name>Australia</name>
          </item>
          <item>
            <name>Aviation and airports</name>
          </item>
          <item>
            <name>Congressional tributes</name>
          </item>
          <item>
            <name>Military operations and strategy</name>
          </item>
          <item>
            <name>Military personnel and dependents</name>
          </item>
          <item>
            <name>Oceania</name>
          </item>
        </legislativeSubjects>
        <policyArea>
          <name>Armed Forces and National Security</name>
        </policyArea>
      </billSubjects>
    </subjects>
    <committeeReports />
    <introducedDate>2017-08-29</introducedDate>
    <sponsors>
      <item>
        <bioguideId>N000179</bioguideId>
        <middleName>F.</middleName>
        <byRequestType />
        <fullName>Rep. Napolitano, Grace F. [D-CA-32]</fullName>
        <lastName>NAPOLITANO</lastName>
        <state>CA</state>
        <district>32</district>
        <party>D</party>
        <identifiers>
          <lisID>1602</lisID>
          <gpoId>7843</gpoId>
          <bioguideId>N000179</bioguideId>
        </identifiers>
        <firstName>GRACE</firstName>
      </item>
    </sponsors>
    <notes />
    <createDate>2017-08-30T03:11:30Z</createDate>
    <amendments />
  </bill>
  <dublinCore xmlns:dc="http://purl.org/dc/elements/1.1/">
    <dc:format>text/xml</dc:format>
    <dc:language>EN</dc:language>
    <dc:rights>Pursuant to Title 17 Section 105 of the United States Code, this file is not subject to copyright protection and is in the public domain.</dc:rights>
    <dc:contributor>Congressional Research Service, Library of Congress</dc:contributor>
    <dc:description>This file contains bill summaries and statuses for federal legislation. A bill summary describes the most significant provisions of a piece of legislation and details the effects the legislative text may have on current law and federal programs. Bill summaries are authored by the Congressional Research Service (CRS) of the Library of Congress. As stated in Public Law 91-510 (2 USC 166 (d)(6)), one of the duties of CRS is "to prepare summaries and digests of bills and resolutions of a public general nature introduced in the Senate or House of Representatives". For more information, refer to the User Guide that accompanies this file.</dc:description>
  </dublinCore>
</billStatus>

