<?xml version="1.0" encoding="UTF-8"?>
<billStatus>
  <bill>
    <amendments />
    <latestAction>
      <actionDate>2017-05-18</actionDate>
      <text>Referred to the Subcommittee on the Western Hemisphere.</text>
      <links />
    </latestAction>
    <congress>115</congress>
    <subjects>
      <billSubjects>
        <policyArea>
          <name>Civil Rights and Liberties, Minority Issues</name>
        </policyArea>
        <legislativeSubjects>
          <item>
            <name>Canada</name>
          </item>
          <item>
            <name>Commemorative events and holidays</name>
          </item>
          <item>
            <name>Historic sites and heritage areas</name>
          </item>
          <item>
            <name>Lakes and rivers</name>
          </item>
          <item>
            <name>Michigan</name>
          </item>
          <item>
            <name>Monuments and memorials</name>
          </item>
          <item>
            <name>Racial and ethnic relations</name>
          </item>
          <item>
            <name>U.S. history</name>
          </item>
        </legislativeSubjects>
      </billSubjects>
    </subjects>
    <laws />
    <notes />
    <billType>HRES</billType>
    <sponsors>
      <item>
        <lastName>CONYERS</lastName>
        <middleName />
        <bioguideId>C000714</bioguideId>
        <fullName>Rep. Conyers, John, Jr. [D-MI-13]</fullName>
        <identifiers>
          <lisID>229</lisID>
          <gpoId>7999</gpoId>
          <bioguideId>C000714</bioguideId>
        </identifiers>
        <byRequestType />
        <state>MI</state>
        <firstName>JOHN</firstName>
        <party>D</party>
        <district>13</district>
      </item>
    </sponsors>
    <recordedVotes />
    <committeeReports />
    <introducedDate>2017-02-28</introducedDate>
    <relatedBills>
      <item>
        <relationshipDetails>
          <item>
            <type>Identical bill</type>
            <identifiedBy>CRS</identifiedBy>
          </item>
        </relationshipDetails>
        <latestTitle>A resolution celebrating the history of the Detroit River with the 16-year commemoration of the International Underground Railroad Memorial Monument, comprised of the Gateway to Freedom Monument in Detroit, Michigan, and the Tower of Freedom Monument in Windsor, Ontario, Canada.</latestTitle>
        <type>SRES</type>
        <congress>115</congress>
        <number>72</number>
        <latestAction>
          <text>Referred to the Committee on Energy and Natural Resources. (text of measure as introduced: CR S1505)</text>
          <actionDate>2017-02-28</actionDate>
        </latestAction>
      </item>
    </relatedBills>
    <cosponsors>
      <item>
        <bioguideId>L000581</bioguideId>
        <party>D</party>
        <firstName>Brenda</firstName>
        <state>MI</state>
        <isOriginalCosponsor>True</isOriginalCosponsor>
        <middleName>L.</middleName>
        <identifiers>
          <lisID>2252</lisID>
          <bioguideId>L000581</bioguideId>
          <gpoId />
        </identifiers>
        <fullName>Rep. Lawrence, Brenda L. [D-MI-14]</fullName>
        <district>14</district>
        <lastName>Lawrence</lastName>
        <sponsorshipDate>2017-02-28</sponsorshipDate>
        <sponsorshipWithdrawnDate />
      </item>
      <item>
        <bioguideId>D000624</bioguideId>
        <party>D</party>
        <firstName>Debbie</firstName>
        <state>MI</state>
        <isOriginalCosponsor>True</isOriginalCosponsor>
        <middleName />
        <identifiers>
          <lisID>2251</lisID>
          <gpoId />
          <bioguideId>D000624</bioguideId>
        </identifiers>
        <fullName>Rep. Dingell, Debbie [D-MI-12]</fullName>
        <district>12</district>
        <lastName>Dingell</lastName>
        <sponsorshipDate>2017-02-28</sponsorshipDate>
        <sponsorshipWithdrawnDate />
      </item>
      <item>
        <bioguideId>K000380</bioguideId>
        <party>D</party>
        <firstName>Daniel</firstName>
        <state>MI</state>
        <isOriginalCosponsor>True</isOriginalCosponsor>
        <middleName>T.</middleName>
        <identifiers>
          <lisID>2134</lisID>
          <bioguideId>K000380</bioguideId>
          <gpoId />
        </identifiers>
        <fullName>Rep. Kildee, Daniel T. [D-MI-5]</fullName>
        <district>5</district>
        <lastName>Kildee</lastName>
        <sponsorshipDate>2017-02-28</sponsorshipDate>
        <sponsorshipWithdrawnDate />
      </item>
      <item>
        <bioguideId>L000263</bioguideId>
        <party>D</party>
        <firstName>SANDER</firstName>
        <state>MI</state>
        <isOriginalCosponsor>True</isOriginalCosponsor>
        <middleName>M.</middleName>
        <identifiers>
          <lisID>683</lisID>
          <bioguideId>L000263</bioguideId>
          <gpoId>7997</gpoId>
        </identifiers>
        <fullName>Rep. Levin, Sander M. [D-MI-9]</fullName>
        <district>9</district>
        <lastName>LEVIN</lastName>
        <sponsorshipDate>2017-02-28</sponsorshipDate>
        <sponsorshipWithdrawnDate />
      </item>
    </cosponsors>
    <actions>
      <actionTypeCounts>
        <introducedInTheHouse>1</introducedInTheHouse>
        <placeholderTextForH>2</placeholderTextForH>
        <billReferralsAggregate>1</billReferralsAggregate>
        <billReferrals>2</billReferrals>
        <introducedInHouse>1</introducedInHouse>
      </actionTypeCounts>
      <item>
        <actionDate>2017-05-18</actionDate>
        <committee>
          <systemCode>hsfa07</systemCode>
          <name>Western Hemisphere Subcommittee</name>
        </committee>
        <links />
        <sourceSystem>
          <name>House committee actions</name>
          <code>1</code>
        </sourceSystem>
        <text>Referred to the Subcommittee on the Western Hemisphere.</text>
        <type>Committee</type>
      </item>
      <item>
        <actionDate>2017-03-01</actionDate>
        <committee>
          <systemCode>hsii10</systemCode>
          <name>Federal Lands Subcommittee</name>
        </committee>
        <links />
        <sourceSystem>
          <name>House committee actions</name>
          <code>1</code>
        </sourceSystem>
        <text>Referred to the Subcommittee on Federal Lands.</text>
        <type>Committee</type>
      </item>
      <item>
        <actionDate>2017-02-28</actionDate>
        <actionCode>H11100</actionCode>
        <committee>
          <systemCode>hsfa00</systemCode>
          <name>Foreign Affairs Committee</name>
        </committee>
        <text>Referred to the Committee on Natural Resources, and in addition to the Committee on Foreign Affairs, for a period to be subsequently determined by the Speaker, in each case for consideration of such provisions as fall within the jurisdiction of the committee concerned.</text>
        <links />
        <type>IntroReferral</type>
        <sourceSystem>
          <name>House floor actions</name>
          <code>2</code>
        </sourceSystem>
      </item>
      <item>
        <actionDate>2017-02-28</actionDate>
        <actionCode>H11100-A</actionCode>
        <committee />
        <text>Referred to the Committee on Natural Resources, and in addition to the Committee on Foreign Affairs, for a period to be subsequently determined by the Speaker, in each case for consideration of such provisions as fall within the jurisdiction of the committee concerned.</text>
        <links />
        <type>IntroReferral</type>
        <sourceSystem>
          <name>Library of Congress</name>
          <code>9</code>
        </sourceSystem>
      </item>
      <item>
        <actionDate>2017-02-28</actionDate>
        <actionCode>H11100</actionCode>
        <committee>
          <systemCode>hsii00</systemCode>
          <name>Natural Resources Committee</name>
        </committee>
        <text>Referred to the Committee on Natural Resources, and in addition to the Committee on Foreign Affairs, for a period to be subsequently determined by the Speaker, in each case for consideration of such provisions as fall within the jurisdiction of the committee concerned.</text>
        <links />
        <type>IntroReferral</type>
        <sourceSystem>
          <name>House floor actions</name>
          <code>2</code>
        </sourceSystem>
      </item>
      <item>
        <actionDate>2017-02-28</actionDate>
        <actionCode>Intro-H</actionCode>
        <committee />
        <text>Introduced in House</text>
        <links />
        <type>IntroReferral</type>
        <sourceSystem>
          <name>Library of Congress</name>
          <code>9</code>
        </sourceSystem>
      </item>
      <item>
        <actionDate>2017-02-28</actionDate>
        <actionCode>1000</actionCode>
        <committee />
        <text>Introduced in House</text>
        <links />
        <type>IntroReferral</type>
        <sourceSystem>
          <name>Library of Congress</name>
          <code>9</code>
        </sourceSystem>
      </item>
      <actionByCounts>
        <houseOfRepresentatives>7</houseOfRepresentatives>
      </actionByCounts>
    </actions>
    <committees>
      <billCommittees>
        <item>
          <systemCode>hsfa00</systemCode>
          <chamber>House</chamber>
          <type>Standing</type>
          <subcommittees>
            <item>
              <systemCode>hsfa07</systemCode>
              <activities>
                <item>
                  <date>2017-05-18T15:56:10Z</date>
                  <name>Referred to</name>
                </item>
              </activities>
              <name>Western Hemisphere Subcommittee</name>
            </item>
          </subcommittees>
          <name>Foreign Affairs Committee</name>
          <activities>
            <item>
              <date>2017-02-28T15:02:10Z</date>
              <name>Referred to</name>
            </item>
          </activities>
        </item>
        <item>
          <systemCode>hsii00</systemCode>
          <chamber>House</chamber>
          <type>Standing</type>
          <subcommittees>
            <item>
              <systemCode>hsii10</systemCode>
              <activities>
                <item>
                  <date>2017-03-01T21:11:03Z</date>
                  <name>Referred to</name>
                </item>
              </activities>
              <name>Federal Lands Subcommittee</name>
            </item>
          </subcommittees>
          <name>Natural Resources Committee</name>
          <activities>
            <item>
              <date>2017-02-28T15:02:05Z</date>
              <name>Referred to</name>
            </item>
          </activities>
        </item>
      </billCommittees>
    </committees>
    <updateDate>2018-08-28T19:54:09Z</updateDate>
    <version>1.0.0</version>
    <title>Celebrating the history of the Detroit River with the 16-year commemoration of the International Underground Railroad Memorial Monument, comprised of the Gateway to Freedom Monument in Detroit, Michigan, and the Tower of Freedom Monument in Windsor, Ontario, Canada.</title>
    <createDate>2017-03-01T05:20:49Z</createDate>
    <billNumber>158</billNumber>
    <constitutionalAuthorityStatementText />
    <cboCostEstimates />
    <calendarNumbers />
    <policyArea>
      <name>Civil Rights and Liberties, Minority Issues</name>
    </policyArea>
    <summaries>
      <billSummaries>
        <item>
          <updateDate>2017-02-28T05:00:00Z</updateDate>
          <actionDate>2017-02-28</actionDate>
          <versionCode>00</versionCode>
          <name>Introduced in House</name>
          <text><![CDATA[<p>Celebrates the history of the Detroit River with a 16-year commemoration of the International Underground Railroad Memorial Monument, comprised of the Gateway to Freedom Monument in Detroit, Michigan, and the Tower of Freedom Monument in Windsor, Ontario, Canada.</p> <p>Expresses support for the official recognition, by national and international entities, of the Detroit River as an area of historic importance to the history of the Underground Railroad and the fight for freedom.</p> <ul> </ul>]]></text>
          <lastSummaryUpdateDate>2017-03-04T13:51:43Z</lastSummaryUpdateDate>
          <actionDesc>Introduced in House</actionDesc>
        </item>
      </billSummaries>
    </summaries>
    <originChamber>House</originChamber>
    <titles>
      <item>
        <titleType>Official Title as Introduced</titleType>
        <title>Celebrating the history of the Detroit River with the 16-year commemoration of the International Underground Railroad Memorial Monument, comprised of the Gateway to Freedom Monument in Detroit, Michigan, and the Tower of Freedom Monument in Windsor, Ontario, Canada.</title>
        <parentTitleType />
        <chamberCode />
        <chamberName />
      </item>
      <item>
        <titleType>Display Title</titleType>
        <title>Celebrating the history of the Detroit River with the 16-year commemoration of the International Underground Railroad Memorial Monument, comprised of the Gateway to Freedom Monument in Detroit, Michigan, and the Tower of Freedom Monument in Windsor, Ontario, Canada.</title>
        <parentTitleType />
        <chamberCode />
        <chamberName />
      </item>
    </titles>
  </bill>
  <dublinCore xmlns:dc="http://purl.org/dc/elements/1.1/">
    <dc:format>text/xml</dc:format>
    <dc:language>EN</dc:language>
    <dc:rights>Pursuant to Title 17 Section 105 of the United States Code, this file is not subject to copyright protection and is in the public domain.</dc:rights>
    <dc:contributor>Congressional Research Service, Library of Congress</dc:contributor>
    <dc:description>This file contains bill summaries and statuses for federal legislation. A bill summary describes the most significant provisions of a piece of legislation and details the effects the legislative text may have on current law and federal programs. Bill summaries are authored by the Congressional Research Service (CRS) of the Library of Congress. As stated in Public Law 91-510 (2 USC 166 (d)(6)), one of the duties of CRS is "to prepare summaries and digests of bills and resolutions of a public general nature introduced in the Senate or House of Representatives". For more information, refer to the User Guide that accompanies this file.</dc:description>
  </dublinCore>
</billStatus>

