<?xml version="1.0" encoding="UTF-8"?>
<billStatus>
  <bill>
    <notes />
    <title>Adjusting the amount of the Members' Representational Allowance.</title>
    <committees>
      <billCommittees />
    </committees>
    <committeeReports />
    <cboCostEstimates />
    <congress>115</congress>
    <laws />
    <updateDate>2018-08-28T19:55:01Z</updateDate>
    <relatedBills />
    <version>1.0.0</version>
    <actions>
      <actionTypeCounts>
        <motionToReconsiderResults>1</motionToReconsiderResults>
        <introducedInTheHouse>1</introducedInTheHouse>
        <passageOfAMeasure>1</passageOfAMeasure>
        <considerationByHouse>1</considerationByHouse>
        <introducedInHouse>1</introducedInHouse>
        <passedAgreedToInHouse>1</passedAgreedToInHouse>
      </actionTypeCounts>
      <item>
        <actionDate>2017-06-27</actionDate>
        <actionCode>H38310</actionCode>
        <committee />
        <text>Motion to reconsider laid on the table Agreed to without objection.</text>
        <links />
        <type>Floor</type>
        <sourceSystem>
          <name>House floor actions</name>
          <code>2</code>
        </sourceSystem>
        <actionTime>13:57:10</actionTime>
      </item>
      <item>
        <actionDate>2017-06-27</actionDate>
        <actionCode>H37100</actionCode>
        <committee />
        <text>On agreeing to the resolution Agreed to without objection. (text: CR H5202)</text>
        <links>
          <link>
            <name>H5202</name>
            <url>https://www.congress.gov/congressional-record/volume-163/house-section/page/H5202</url>
          </link>
        </links>
        <type>Floor</type>
        <sourceSystem>
          <name>House floor actions</name>
          <code>2</code>
        </sourceSystem>
        <actionTime>13:57:03</actionTime>
      </item>
      <item>
        <actionDate>2017-06-27</actionDate>
        <actionCode>8000</actionCode>
        <committee />
        <text>Passed/agreed to in House: On agreeing to the resolution Agreed to without objection.(text: CR H5202)</text>
        <links>
          <link>
            <name>H5202</name>
            <url>https://www.congress.gov/congressional-record/volume-163/house-section/page/H5202</url>
          </link>
        </links>
        <type>Floor</type>
        <sourceSystem>
          <name>Library of Congress</name>
          <code>9</code>
        </sourceSystem>
        <actionTime>13:57:03</actionTime>
      </item>
      <item>
        <actionDate>2017-06-27</actionDate>
        <actionCode>H30000</actionCode>
        <committee />
        <text>Considered by unanimous consent. (consideration: CR H5202)</text>
        <links>
          <link>
            <name>H5202</name>
            <url>https://www.congress.gov/congressional-record/volume-163/house-section/page/H5202</url>
          </link>
        </links>
        <type>Floor</type>
        <sourceSystem>
          <name>House floor actions</name>
          <code>2</code>
        </sourceSystem>
        <actionTime>13:57:01</actionTime>
      </item>
      <item>
        <actionDate>2017-06-27</actionDate>
        <actionCode>Intro-H</actionCode>
        <committee />
        <text>Introduced in House</text>
        <links />
        <type>IntroReferral</type>
        <sourceSystem>
          <name>Library of Congress</name>
          <code>9</code>
        </sourceSystem>
      </item>
      <item>
        <actionDate>2017-06-27</actionDate>
        <actionCode>1000</actionCode>
        <committee />
        <text>Introduced in House</text>
        <links />
        <type>IntroReferral</type>
        <sourceSystem>
          <name>Library of Congress</name>
          <code>9</code>
        </sourceSystem>
      </item>
      <actionByCounts>
        <houseOfRepresentatives>6</houseOfRepresentatives>
      </actionByCounts>
    </actions>
    <sponsors>
      <item>
        <fullName>Rep. Harper, Gregg [R-MS-3]</fullName>
        <identifiers>
          <lisID>1933</lisID>
          <bioguideId>H001045</bioguideId>
          <gpoId>8021</gpoId>
        </identifiers>
        <bioguideId>H001045</bioguideId>
        <lastName>Harper</lastName>
        <firstName>Gregg</firstName>
        <party>R</party>
        <byRequestType />
        <middleName />
        <state>MS</state>
        <district>3</district>
      </item>
    </sponsors>
    <billType>HRES</billType>
    <constitutionalAuthorityStatementText />
    <policyArea>
      <name>Congress</name>
    </policyArea>
    <recordedVotes />
    <billNumber>411</billNumber>
    <titles>
      <item>
        <chamberName />
        <chamberCode />
        <titleType>Official Title as Introduced</titleType>
        <title>Adjusting the amount of the Members' Representational Allowance.</title>
        <parentTitleType />
      </item>
      <item>
        <chamberName />
        <chamberCode />
        <titleType>Display Title</titleType>
        <title>Adjusting the amount of the Members' Representational Allowance.</title>
        <parentTitleType />
      </item>
    </titles>
    <originChamber>House</originChamber>
    <subjects>
      <billSubjects>
        <policyArea>
          <name>Congress</name>
        </policyArea>
        <legislativeSubjects>
          <item>
            <name>Congressional operations and organization</name>
          </item>
          <item>
            <name>House of Representatives</name>
          </item>
          <item>
            <name>Members of Congress</name>
          </item>
        </legislativeSubjects>
      </billSubjects>
    </subjects>
    <cosponsors />
    <introducedDate>2017-06-27</introducedDate>
    <calendarNumbers />
    <latestAction>
      <links />
      <actionDate>2017-06-27</actionDate>
      <text>Motion to reconsider laid on the table Agreed to without objection.</text>
      <actionTime>13:57:10</actionTime>
    </latestAction>
    <amendments />
    <summaries>
      <billSummaries>
        <item>
          <updateDate>2017-06-27T04:00:00Z</updateDate>
          <versionCode>00</versionCode>
          <name>Introduced in House</name>
          <text><![CDATA[<p>Increases the Members' Representational Allowance for each Member of the House of Representatives (including the Delegates and Resident Commissioner) by $25,000, to be available through January 2, 2018.</p>]]></text>
          <actionDate>2017-06-27</actionDate>
          <actionDesc>Introduced in House</actionDesc>
          <lastSummaryUpdateDate>2017-09-12T13:58:54Z</lastSummaryUpdateDate>
        </item>
        <item>
          <updateDate>2017-06-27T19:33:40Z</updateDate>
          <versionCode>81</versionCode>
          <name>Passed House without amendment</name>
          <text><![CDATA[<p>(This measure has not been amended since it was introduced. The summary of that version is repeated here.)</p> <p>Increases the Members' Representational Allowance for each Member of the House of Representatives (including the Delegates and Resident Commissioner) by $25,000, to be available through January 2, 2018.</p>]]></text>
          <actionDate>2017-06-27</actionDate>
          <actionDesc>Passed House without amendment</actionDesc>
          <lastSummaryUpdateDate>2017-09-12T13:59:32Z</lastSummaryUpdateDate>
        </item>
      </billSummaries>
    </summaries>
    <createDate>2017-06-28T03:11:33Z</createDate>
  </bill>
  <dublinCore xmlns:dc="http://purl.org/dc/elements/1.1/">
    <dc:format>text/xml</dc:format>
    <dc:language>EN</dc:language>
    <dc:rights>Pursuant to Title 17 Section 105 of the United States Code, this file is not subject to copyright protection and is in the public domain.</dc:rights>
    <dc:contributor>Congressional Research Service, Library of Congress</dc:contributor>
    <dc:description>This file contains bill summaries and statuses for federal legislation. A bill summary describes the most significant provisions of a piece of legislation and details the effects the legislative text may have on current law and federal programs. Bill summaries are authored by the Congressional Research Service (CRS) of the Library of Congress. As stated in Public Law 91-510 (2 USC 166 (d)(6)), one of the duties of CRS is "to prepare summaries and digests of bills and resolutions of a public general nature introduced in the Senate or House of Representatives". For more information, refer to the User Guide that accompanies this file.</dc:description>
  </dublinCore>
</billStatus>

