<?xml version="1.0" encoding="UTF-8"?>
<billStatus>
  <bill>
    <calendarNumbers />
    <amendments />
    <committeeReports />
    <constitutionalAuthorityStatementText />
    <laws />
    <summaries>
      <billSummaries>
        <item>
          <versionCode>00</versionCode>
          <actionDate>2017-02-15</actionDate>
          <actionDesc>Introduced in House</actionDesc>
          <name>Introduced in House</name>
          <lastSummaryUpdateDate>2017-02-22T16:43:22Z</lastSummaryUpdateDate>
          <text><![CDATA[<p>Calls upon: (1) the Defense POW/MIA Accounting Agency, other elements of the Department of Defense and the federal government, and all foreign governments to intensify efforts to investigate, recover, identify and account for all missing and unaccounted-for U.S. personnel; and (2) all foreign governments with information on missing U.S. personnel, or with missing U.S. personnel within their territories, to cooperate fully with the U.S. government to provide the fullest possible accounting for all missing U.S. personnel.</p> <ul> </ul>]]></text>
          <updateDate>2017-02-15T05:00:00Z</updateDate>
        </item>
        <item>
          <versionCode>36</versionCode>
          <actionDate>2018-02-14</actionDate>
          <actionDesc>Passed House amended</actionDesc>
          <name>Passed House amended</name>
          <lastSummaryUpdateDate>2018-06-12T14:25:02Z</lastSummaryUpdateDate>
          <text><![CDATA[<p> <p class="MsoNormal" style="line-height: normal;">Calls upon: (1) the Defense POW/MIA Accounting Agency, other elements of the federal government, and foreign governments to resolutely continue efforts to investigate, recover, identify, and account as fully as possible for all U.S. personnel designated as unaccounted-for from past wars and conflicts; and (2) all foreign governments with information on such personnel, or with such personnel within their territories, to cooperate fully with the U.S. government to provide the fullest possible accounting for those American lives. </p> </p>]]></text>
          <updateDate>2018-02-14T14:35:22Z</updateDate>
        </item>
      </billSummaries>
    </summaries>
    <relatedBills>
      <item>
        <type>SRES</type>
        <number>61</number>
        <latestAction>
          <actionDate>2017-02-15</actionDate>
          <text>Referred to the Committee on Foreign Relations. (text of measure as introduced: CR S1220-1221)</text>
        </latestAction>
        <congress>115</congress>
        <relationshipDetails>
          <item>
            <type>Identical bill</type>
            <identifiedBy>CRS</identifiedBy>
          </item>
        </relationshipDetails>
        <latestTitle>A resolution calling on the Department of Defense, other elements of the Federal Government, and foreign governments to intensify efforts to investigate, recover, and identify all missing and unaccounted-for personnel of the United States.</latestTitle>
      </item>
    </relatedBills>
    <createDate>2017-02-16T04:46:00Z</createDate>
    <latestAction>
      <links />
      <actionDate>2018-02-14</actionDate>
      <text>Motion to reconsider laid on the table. Agreed to without objection.</text>
      <actionTime>14:06:21</actionTime>
    </latestAction>
    <sponsors>
      <item>
        <party>R</party>
        <state>TX</state>
        <bioguideId>J000174</bioguideId>
        <middleName />
        <lastName>JOHNSON</lastName>
        <fullName>Rep. Johnson, Sam [R-TX-3]</fullName>
        <firstName>SAM</firstName>
        <district>3</district>
        <byRequestType />
        <identifiers>
          <bioguideId>J000174</bioguideId>
          <lisID>603</lisID>
          <gpoId>8159</gpoId>
        </identifiers>
      </item>
    </sponsors>
    <billNumber>129</billNumber>
    <updateDate>2018-08-28T19:54:05Z</updateDate>
    <cboCostEstimates />
    <notes />
    <titles>
      <item>
        <chamberName>House</chamberName>
        <parentTitleType>Official Titles House of Representatives</parentTitleType>
        <titleType>Official Titles as Amended by House</titleType>
        <title>Calling on the Department of Defense, other appropriate elements of the Federal Government, and foreign governments to resolutely continue efforts to investigate, recover, and identify all United States personnel designated as unaccounted-for from past wars and conflicts around the world.</title>
        <chamberCode>H</chamberCode>
      </item>
      <item>
        <chamberName />
        <parentTitleType />
        <titleType>Official Title as Introduced</titleType>
        <title>Calling on the Department of Defense, other elements of the Federal Government, and foreign governments to intensify efforts to investigate, recover, and identify all missing and unaccounted-for personnel of the United States.</title>
        <chamberCode />
      </item>
      <item>
        <chamberName />
        <parentTitleType />
        <titleType>Display Title</titleType>
        <title>Calling on the Department of Defense, other appropriate elements of the Federal Government, and foreign governments to resolutely continue efforts to investigate, recover, and identify all United States personnel designated as unaccounted-for from past wars and conflicts around the world.</title>
        <chamberCode />
      </item>
    </titles>
    <introducedDate>2017-02-15</introducedDate>
    <subjects>
      <billSubjects>
        <policyArea>
          <name>Armed Forces and National Security</name>
        </policyArea>
        <legislativeSubjects>
          <item>
            <name>Conflicts and wars</name>
          </item>
          <item>
            <name>Government studies and investigations</name>
          </item>
          <item>
            <name>International organizations and cooperation</name>
          </item>
          <item>
            <name>Military personnel and dependents</name>
          </item>
        </legislativeSubjects>
      </billSubjects>
    </subjects>
    <billType>HRES</billType>
    <originChamber>House</originChamber>
    <title>Calling on the Department of Defense, other appropriate elements of the Federal Government, and foreign governments to resolutely continue efforts to investigate, recover, and identify all United States personnel designated as unaccounted-for from past wars and conflicts around the world.</title>
    <cosponsors>
      <item>
        <fullName>Rep. Tiberi, Patrick J. [R-OH-12]</fullName>
        <sponsorshipDate>2017-03-09</sponsorshipDate>
        <lastName>TIBERI</lastName>
        <state>OH</state>
        <party>R</party>
        <bioguideId>T000462</bioguideId>
        <identifiers>
          <lisID>1664</lisID>
          <bioguideId>T000462</bioguideId>
          <gpoId>8102</gpoId>
        </identifiers>
        <isOriginalCosponsor>False</isOriginalCosponsor>
        <firstName>PATRICK</firstName>
        <sponsorshipWithdrawnDate />
        <middleName>J.</middleName>
        <district>12</district>
      </item>
      <item>
        <fullName>Rep. Walz, Timothy J. [D-MN-1]</fullName>
        <sponsorshipDate>2017-03-09</sponsorshipDate>
        <lastName>Walz</lastName>
        <state>MN</state>
        <party>D</party>
        <bioguideId>W000799</bioguideId>
        <identifiers>
          <bioguideId>W000799</bioguideId>
          <lisID>1856</lisID>
          <gpoId>8001</gpoId>
        </identifiers>
        <isOriginalCosponsor>False</isOriginalCosponsor>
        <firstName>Timothy</firstName>
        <sponsorshipWithdrawnDate />
        <middleName>J.</middleName>
        <district>1</district>
      </item>
      <item>
        <fullName>Rep. Brady, Robert A. [D-PA-1]</fullName>
        <sponsorshipDate>2017-03-09</sponsorshipDate>
        <lastName>BRADY</lastName>
        <state>PA</state>
        <party>D</party>
        <bioguideId>B001227</bioguideId>
        <identifiers>
          <lisID>1469</lisID>
          <gpoId>8119</gpoId>
          <bioguideId>B001227</bioguideId>
        </identifiers>
        <isOriginalCosponsor>False</isOriginalCosponsor>
        <firstName>ROBERT</firstName>
        <sponsorshipWithdrawnDate />
        <middleName>A.</middleName>
        <district>1</district>
      </item>
      <item>
        <fullName>Rep. Long, Billy [R-MO-7]</fullName>
        <sponsorshipDate>2017-03-20</sponsorshipDate>
        <lastName>Long</lastName>
        <state>MO</state>
        <party>R</party>
        <bioguideId>L000576</bioguideId>
        <identifiers>
          <bioguideId>L000576</bioguideId>
          <lisID>2033</lisID>
          <gpoId>8015</gpoId>
        </identifiers>
        <isOriginalCosponsor>False</isOriginalCosponsor>
        <firstName>Billy</firstName>
        <sponsorshipWithdrawnDate />
        <middleName />
        <district>7</district>
      </item>
      <item>
        <fullName>Rep. Roe, David P. [R-TN-1]</fullName>
        <sponsorshipDate>2017-04-03</sponsorshipDate>
        <lastName>Roe</lastName>
        <state>TN</state>
        <party>R</party>
        <bioguideId>R000582</bioguideId>
        <identifiers>
          <bioguideId>R000582</bioguideId>
          <lisID>1954</lisID>
          <gpoId>8148</gpoId>
        </identifiers>
        <isOriginalCosponsor>False</isOriginalCosponsor>
        <firstName>David</firstName>
        <sponsorshipWithdrawnDate />
        <middleName>P.</middleName>
        <district>1</district>
      </item>
      <item>
        <fullName>Rep. Tipton, Scott  R. [R-CO-3]</fullName>
        <sponsorshipDate>2017-04-03</sponsorshipDate>
        <lastName>Tipton</lastName>
        <state>CO</state>
        <party>R</party>
        <bioguideId>T000470</bioguideId>
        <identifiers>
          <lisID>1997</lisID>
          <bioguideId>T000470</bioguideId>
          <gpoId>7861</gpoId>
        </identifiers>
        <isOriginalCosponsor>False</isOriginalCosponsor>
        <firstName>Scott</firstName>
        <sponsorshipWithdrawnDate />
        <middleName>R.</middleName>
        <district>3</district>
      </item>
      <item>
        <fullName>Rep. Westerman, Bruce [R-AR-4]</fullName>
        <sponsorshipDate>2017-04-03</sponsorshipDate>
        <lastName>Westerman</lastName>
        <state>AR</state>
        <party>R</party>
        <bioguideId>W000821</bioguideId>
        <identifiers>
          <lisID>2224</lisID>
          <bioguideId>W000821</bioguideId>
          <gpoId />
        </identifiers>
        <isOriginalCosponsor>False</isOriginalCosponsor>
        <firstName>Bruce</firstName>
        <sponsorshipWithdrawnDate />
        <middleName />
        <district>4</district>
      </item>
      <item>
        <fullName>Rep. Jones, Walter B., Jr. [R-NC-3]</fullName>
        <sponsorshipDate>2017-04-03</sponsorshipDate>
        <lastName>JONES</lastName>
        <state>NC</state>
        <party>R</party>
        <bioguideId>J000255</bioguideId>
        <identifiers>
          <gpoId>8026</gpoId>
          <lisID>612</lisID>
          <bioguideId>J000255</bioguideId>
        </identifiers>
        <isOriginalCosponsor>False</isOriginalCosponsor>
        <firstName>WALTER</firstName>
        <sponsorshipWithdrawnDate />
        <middleName>B.</middleName>
        <district>3</district>
      </item>
      <item>
        <fullName>Rep. Wagner, Ann [R-MO-2]</fullName>
        <sponsorshipDate>2017-04-03</sponsorshipDate>
        <lastName>Wagner</lastName>
        <state>MO</state>
        <party>R</party>
        <bioguideId>W000812</bioguideId>
        <identifiers>
          <bioguideId>W000812</bioguideId>
          <gpoId />
          <lisID>2137</lisID>
        </identifiers>
        <isOriginalCosponsor>False</isOriginalCosponsor>
        <firstName>Ann</firstName>
        <sponsorshipWithdrawnDate />
        <middleName />
        <district>2</district>
      </item>
      <item>
        <fullName>Rep. Thompson, Glenn [R-PA-5]</fullName>
        <sponsorshipDate>2017-04-03</sponsorshipDate>
        <lastName>Thompson</lastName>
        <state>PA</state>
        <party>R</party>
        <bioguideId>T000467</bioguideId>
        <identifiers>
          <lisID>1952</lisID>
          <gpoId>8123</gpoId>
          <bioguideId>T000467</bioguideId>
        </identifiers>
        <isOriginalCosponsor>False</isOriginalCosponsor>
        <firstName>Glenn</firstName>
        <sponsorshipWithdrawnDate />
        <middleName />
        <district>5</district>
      </item>
      <item>
        <fullName>Rep. Meehan, Patrick [R-PA-7]</fullName>
        <sponsorshipDate>2017-04-03</sponsorshipDate>
        <lastName>Meehan</lastName>
        <state>PA</state>
        <party>R</party>
        <bioguideId>M001181</bioguideId>
        <identifiers>
          <lisID>2052</lisID>
          <bioguideId>M001181</bioguideId>
          <gpoId>8125</gpoId>
        </identifiers>
        <isOriginalCosponsor>False</isOriginalCosponsor>
        <firstName>Patrick</firstName>
        <sponsorshipWithdrawnDate />
        <middleName />
        <district>7</district>
      </item>
      <item>
        <fullName>Rep. Scott, Robert C. "Bobby" [D-VA-3]</fullName>
        <sponsorshipDate>2017-04-03</sponsorshipDate>
        <lastName>Scott</lastName>
        <state>VA</state>
        <party>D</party>
        <bioguideId>S000185</bioguideId>
        <identifiers>
          <lisID>1037</lisID>
          <bioguideId>S000185</bioguideId>
          <gpoId>8194</gpoId>
        </identifiers>
        <isOriginalCosponsor>False</isOriginalCosponsor>
        <firstName>Robert</firstName>
        <sponsorshipWithdrawnDate />
        <middleName>C. "Bobby"</middleName>
        <district>3</district>
      </item>
      <item>
        <fullName>Rep. Sinema, Kyrsten [D-AZ-9]</fullName>
        <sponsorshipDate>2017-04-03</sponsorshipDate>
        <lastName>Sinema</lastName>
        <state>AZ</state>
        <party>D</party>
        <bioguideId>S001191</bioguideId>
        <identifiers>
          <bioguideId>S001191</bioguideId>
          <lisID>2099</lisID>
          <gpoId />
        </identifiers>
        <isOriginalCosponsor>False</isOriginalCosponsor>
        <firstName>Kyrsten</firstName>
        <sponsorshipWithdrawnDate />
        <middleName />
        <district>9</district>
      </item>
      <item>
        <fullName>Rep. Rooney, Thomas J. [R-FL-17]</fullName>
        <sponsorshipDate>2017-04-03</sponsorshipDate>
        <lastName>Rooney</lastName>
        <state>FL</state>
        <party>R</party>
        <bioguideId>R000583</bioguideId>
        <identifiers>
          <lisID>1916</lisID>
          <bioguideId>R000583</bioguideId>
          <gpoId>7888</gpoId>
        </identifiers>
        <isOriginalCosponsor>False</isOriginalCosponsor>
        <firstName>Thomas</firstName>
        <sponsorshipWithdrawnDate />
        <middleName>J.</middleName>
        <district>17</district>
      </item>
      <item>
        <fullName>Rep. Webster, Daniel [R-FL-11]</fullName>
        <sponsorshipDate>2017-04-03</sponsorshipDate>
        <lastName>Webster</lastName>
        <state>FL</state>
        <party>R</party>
        <bioguideId>W000806</bioguideId>
        <identifiers>
          <bioguideId>W000806</bioguideId>
          <lisID>2002</lisID>
          <gpoId>7880</gpoId>
        </identifiers>
        <isOriginalCosponsor>False</isOriginalCosponsor>
        <firstName>Daniel</firstName>
        <sponsorshipWithdrawnDate />
        <middleName />
        <district>11</district>
      </item>
      <item>
        <fullName>Rep. Sessions, Pete [R-TX-32]</fullName>
        <sponsorshipDate>2017-04-03</sponsorshipDate>
        <lastName>SESSIONS</lastName>
        <state>TX</state>
        <party>R</party>
        <bioguideId>S000250</bioguideId>
        <identifiers>
          <gpoId>8188</gpoId>
          <lisID>1525</lisID>
          <bioguideId>S000250</bioguideId>
        </identifiers>
        <isOriginalCosponsor>False</isOriginalCosponsor>
        <firstName>PETE</firstName>
        <sponsorshipWithdrawnDate />
        <middleName />
        <district>32</district>
      </item>
      <item>
        <fullName>Rep. Pearce, Stevan [R-NM-2]</fullName>
        <sponsorshipDate>2017-04-05</sponsorshipDate>
        <lastName>Pearce</lastName>
        <state>NM</state>
        <party>R</party>
        <bioguideId>P000588</bioguideId>
        <identifiers>
          <lisID>1738</lisID>
          <bioguideId>P000588</bioguideId>
          <gpoId>8057</gpoId>
        </identifiers>
        <isOriginalCosponsor>False</isOriginalCosponsor>
        <firstName>Stevan</firstName>
        <sponsorshipWithdrawnDate />
        <middleName />
        <district>2</district>
      </item>
      <item>
        <fullName>Rep. DeFazio, Peter A. [D-OR-4]</fullName>
        <sponsorshipDate>2017-04-05</sponsorshipDate>
        <lastName>DEFAZIO</lastName>
        <state>OR</state>
        <party>D</party>
        <bioguideId>D000191</bioguideId>
        <identifiers>
          <gpoId>8117</gpoId>
          <lisID>279</lisID>
          <bioguideId>D000191</bioguideId>
        </identifiers>
        <isOriginalCosponsor>False</isOriginalCosponsor>
        <firstName>PETER</firstName>
        <sponsorshipWithdrawnDate />
        <middleName>A.</middleName>
        <district>4</district>
      </item>
      <item>
        <fullName>Rep. Luetkemeyer, Blaine [R-MO-3]</fullName>
        <sponsorshipDate>2017-04-05</sponsorshipDate>
        <lastName>Luetkemeyer</lastName>
        <state>MO</state>
        <party>R</party>
        <bioguideId>L000569</bioguideId>
        <identifiers>
          <lisID>1931</lisID>
          <gpoId>8017</gpoId>
          <bioguideId>L000569</bioguideId>
        </identifiers>
        <isOriginalCosponsor>False</isOriginalCosponsor>
        <firstName>Blaine</firstName>
        <sponsorshipWithdrawnDate />
        <middleName />
        <district>3</district>
      </item>
      <item>
        <fullName>Rep. Lewis, John [D-GA-5]</fullName>
        <sponsorshipDate>2017-04-05</sponsorshipDate>
        <lastName>LEWIS</lastName>
        <state>GA</state>
        <party>D</party>
        <bioguideId>L000287</bioguideId>
        <identifiers>
          <lisID>688</lisID>
          <gpoId>7902</gpoId>
          <bioguideId>L000287</bioguideId>
        </identifiers>
        <isOriginalCosponsor>False</isOriginalCosponsor>
        <firstName>JOHN</firstName>
        <sponsorshipWithdrawnDate />
        <middleName />
        <district>5</district>
      </item>
      <item>
        <fullName>Rep. Ryan, Tim [D-OH-13]</fullName>
        <sponsorshipDate>2017-04-05</sponsorshipDate>
        <lastName>RYAN</lastName>
        <state>OH</state>
        <party>D</party>
        <bioguideId>R000577</bioguideId>
        <identifiers>
          <lisID>1756</lisID>
          <gpoId>8107</gpoId>
          <bioguideId>R000577</bioguideId>
        </identifiers>
        <isOriginalCosponsor>False</isOriginalCosponsor>
        <firstName>TIM</firstName>
        <sponsorshipWithdrawnDate />
        <middleName />
        <district>13</district>
      </item>
      <item>
        <fullName>Rep. Posey, Bill [R-FL-8]</fullName>
        <sponsorshipDate>2017-04-05</sponsorshipDate>
        <lastName>Posey</lastName>
        <state>FL</state>
        <party>R</party>
        <bioguideId>P000599</bioguideId>
        <identifiers>
          <lisID>1915</lisID>
          <gpoId>7887</gpoId>
          <bioguideId>P000599</bioguideId>
        </identifiers>
        <isOriginalCosponsor>False</isOriginalCosponsor>
        <firstName>Bill</firstName>
        <sponsorshipWithdrawnDate />
        <middleName />
        <district>8</district>
      </item>
      <item>
        <fullName>Rep. Loudermilk, Barry [R-GA-11]</fullName>
        <sponsorshipDate>2017-04-05</sponsorshipDate>
        <lastName>Loudermilk</lastName>
        <state>GA</state>
        <party>R</party>
        <bioguideId>L000583</bioguideId>
        <identifiers>
          <gpoId />
          <lisID>2238</lisID>
          <bioguideId>L000583</bioguideId>
        </identifiers>
        <isOriginalCosponsor>False</isOriginalCosponsor>
        <firstName>Barry</firstName>
        <sponsorshipWithdrawnDate />
        <middleName />
        <district>11</district>
      </item>
      <item>
        <fullName>Rep. DeSantis, Ron [R-FL-6]</fullName>
        <sponsorshipDate>2017-04-05</sponsorshipDate>
        <lastName>DeSantis</lastName>
        <state>FL</state>
        <party>R</party>
        <bioguideId>D000621</bioguideId>
        <identifiers>
          <gpoId />
          <lisID>2116</lisID>
          <bioguideId>D000621</bioguideId>
        </identifiers>
        <isOriginalCosponsor>False</isOriginalCosponsor>
        <firstName>Ron</firstName>
        <sponsorshipWithdrawnDate />
        <middleName />
        <district>6</district>
      </item>
      <item>
        <fullName>Rep. Wittman, Robert J. [R-VA-1]</fullName>
        <sponsorshipDate>2017-04-05</sponsorshipDate>
        <lastName>Wittman</lastName>
        <state>VA</state>
        <party>R</party>
        <bioguideId>W000804</bioguideId>
        <identifiers>
          <lisID>1886</lisID>
          <bioguideId>W000804</bioguideId>
          <gpoId>8192</gpoId>
        </identifiers>
        <isOriginalCosponsor>False</isOriginalCosponsor>
        <firstName>Robert</firstName>
        <sponsorshipWithdrawnDate />
        <middleName>J.</middleName>
        <district>1</district>
      </item>
      <item>
        <fullName>Rep. Bergman, Jack [R-MI-1]</fullName>
        <sponsorshipDate>2017-04-06</sponsorshipDate>
        <lastName>Bergman</lastName>
        <state>MI</state>
        <party>R</party>
        <bioguideId>B001301</bioguideId>
        <identifiers>
          <bioguideId>B001301</bioguideId>
          <gpoId />
          <lisID>2333</lisID>
        </identifiers>
        <isOriginalCosponsor>False</isOriginalCosponsor>
        <firstName>Jack</firstName>
        <sponsorshipWithdrawnDate />
        <middleName />
        <district>1</district>
      </item>
      <item>
        <fullName>Rep. DeSaulnier, Mark [D-CA-11]</fullName>
        <sponsorshipDate>2017-04-06</sponsorshipDate>
        <lastName>DeSaulnier</lastName>
        <state>CA</state>
        <party>D</party>
        <bioguideId>D000623</bioguideId>
        <identifiers>
          <lisID>2227</lisID>
          <bioguideId>D000623</bioguideId>
          <gpoId />
        </identifiers>
        <isOriginalCosponsor>False</isOriginalCosponsor>
        <firstName>Mark</firstName>
        <sponsorshipWithdrawnDate />
        <middleName />
        <district>11</district>
      </item>
      <item>
        <fullName>Rep. Rosen, Jacky [D-NV-3]</fullName>
        <sponsorshipDate>2017-04-08</sponsorshipDate>
        <lastName>Rosen</lastName>
        <state>NV</state>
        <party>D</party>
        <bioguideId>R000608</bioguideId>
        <identifiers>
          <lisID>2339</lisID>
          <bioguideId>R000608</bioguideId>
          <gpoId />
        </identifiers>
        <isOriginalCosponsor>False</isOriginalCosponsor>
        <firstName>Jacky</firstName>
        <sponsorshipWithdrawnDate />
        <middleName />
        <district>3</district>
      </item>
      <item>
        <fullName>Rep. Hill, J. French [R-AR-2]</fullName>
        <sponsorshipDate>2017-04-08</sponsorshipDate>
        <lastName>Hill</lastName>
        <state>AR</state>
        <party>R</party>
        <bioguideId>H001072</bioguideId>
        <identifiers>
          <lisID>2223</lisID>
          <bioguideId>H001072</bioguideId>
          <gpoId />
        </identifiers>
        <isOriginalCosponsor>False</isOriginalCosponsor>
        <firstName>J.</firstName>
        <sponsorshipWithdrawnDate />
        <middleName>French</middleName>
        <district>2</district>
      </item>
      <item>
        <fullName>Rep. Himes, James A. [D-CT-4]</fullName>
        <sponsorshipDate>2017-04-14</sponsorshipDate>
        <lastName>Himes</lastName>
        <state>CT</state>
        <party>D</party>
        <bioguideId>H001047</bioguideId>
        <identifiers>
          <lisID>1913</lisID>
          <bioguideId>H001047</bioguideId>
          <gpoId>7869</gpoId>
        </identifiers>
        <isOriginalCosponsor>False</isOriginalCosponsor>
        <firstName>James</firstName>
        <sponsorshipWithdrawnDate />
        <middleName>A.</middleName>
        <district>4</district>
      </item>
      <item>
        <fullName>Rep. Hanabusa, Colleen [D-HI-1]</fullName>
        <sponsorshipDate>2017-04-14</sponsorshipDate>
        <lastName>Hanabusa</lastName>
        <state>HI</state>
        <party>D</party>
        <bioguideId>H001050</bioguideId>
        <identifiers>
          <lisID>2010</lisID>
          <bioguideId>H001050</bioguideId>
          <gpoId>7912</gpoId>
        </identifiers>
        <isOriginalCosponsor>False</isOriginalCosponsor>
        <firstName>Colleen</firstName>
        <sponsorshipWithdrawnDate />
        <middleName />
        <district>1</district>
      </item>
      <item>
        <fullName>Rep. Peterson, Collin C. [D-MN-7]</fullName>
        <sponsorshipDate>2017-04-14</sponsorshipDate>
        <lastName>PETERSON</lastName>
        <state>MN</state>
        <party>D</party>
        <bioguideId>P000258</bioguideId>
        <identifiers>
          <gpoId>8007</gpoId>
          <lisID>910</lisID>
          <bioguideId>P000258</bioguideId>
        </identifiers>
        <isOriginalCosponsor>False</isOriginalCosponsor>
        <firstName>COLLIN</firstName>
        <sponsorshipWithdrawnDate />
        <middleName>C.</middleName>
        <district>7</district>
      </item>
      <item>
        <fullName>Rep. Mast, Brian J. [R-FL-18]</fullName>
        <sponsorshipDate>2017-04-14</sponsorshipDate>
        <lastName>Mast</lastName>
        <state>FL</state>
        <party>R</party>
        <bioguideId>M001199</bioguideId>
        <identifiers>
          <lisID>2322</lisID>
          <gpoId />
          <bioguideId>M001199</bioguideId>
        </identifiers>
        <isOriginalCosponsor>False</isOriginalCosponsor>
        <firstName>Brian</firstName>
        <sponsorshipWithdrawnDate />
        <middleName>J.</middleName>
        <district>18</district>
      </item>
      <item>
        <fullName>Rep. Rush, Bobby L. [D-IL-1]</fullName>
        <sponsorshipDate>2017-04-14</sponsorshipDate>
        <lastName>RUSH</lastName>
        <state>IL</state>
        <party>D</party>
        <bioguideId>R000515</bioguideId>
        <identifiers>
          <lisID>1003</lisID>
          <bioguideId>R000515</bioguideId>
          <gpoId>7921</gpoId>
        </identifiers>
        <isOriginalCosponsor>False</isOriginalCosponsor>
        <firstName>BOBBY</firstName>
        <sponsorshipWithdrawnDate />
        <middleName>L.</middleName>
        <district>1</district>
      </item>
      <item>
        <fullName>Rep. Ratcliffe, John [R-TX-4]</fullName>
        <sponsorshipDate>2017-04-20</sponsorshipDate>
        <lastName>Ratcliffe</lastName>
        <state>TX</state>
        <party>R</party>
        <bioguideId>R000601</bioguideId>
        <identifiers>
          <lisID>2268</lisID>
          <bioguideId>R000601</bioguideId>
          <gpoId />
        </identifiers>
        <isOriginalCosponsor>False</isOriginalCosponsor>
        <firstName>John</firstName>
        <sponsorshipWithdrawnDate />
        <middleName />
        <district>4</district>
      </item>
      <item>
        <fullName>Rep. Bacon, Don [R-NE-2]</fullName>
        <sponsorshipDate>2017-04-25</sponsorshipDate>
        <lastName>Bacon</lastName>
        <state>NE</state>
        <party>R</party>
        <bioguideId>B001298</bioguideId>
        <identifiers>
          <lisID>2337</lisID>
          <gpoId />
          <bioguideId>B001298</bioguideId>
        </identifiers>
        <isOriginalCosponsor>False</isOriginalCosponsor>
        <firstName>Don</firstName>
        <sponsorshipWithdrawnDate />
        <middleName />
        <district>2</district>
      </item>
      <item>
        <fullName>Rep. Polis, Jared [D-CO-2]</fullName>
        <sponsorshipDate>2017-04-25</sponsorshipDate>
        <lastName>Polis</lastName>
        <state>CO</state>
        <party>D</party>
        <bioguideId>P000598</bioguideId>
        <identifiers>
          <lisID>1910</lisID>
          <bioguideId>P000598</bioguideId>
          <gpoId>7860</gpoId>
        </identifiers>
        <isOriginalCosponsor>False</isOriginalCosponsor>
        <firstName>Jared</firstName>
        <sponsorshipWithdrawnDate />
        <middleName />
        <district>2</district>
      </item>
      <item>
        <fullName>Rep. Barr, Andy [R-KY-6]</fullName>
        <sponsorshipDate>2017-04-25</sponsorshipDate>
        <lastName>Barr</lastName>
        <state>KY</state>
        <party>R</party>
        <bioguideId>B001282</bioguideId>
        <identifiers>
          <lisID>2131</lisID>
          <gpoId />
          <bioguideId>B001282</bioguideId>
        </identifiers>
        <isOriginalCosponsor>False</isOriginalCosponsor>
        <firstName>Andy</firstName>
        <sponsorshipWithdrawnDate />
        <middleName />
        <district>6</district>
      </item>
      <item>
        <fullName>Rep. LoBiondo, Frank A. [R-NJ-2]</fullName>
        <sponsorshipDate>2017-04-25</sponsorshipDate>
        <lastName>LOBIONDO</lastName>
        <state>NJ</state>
        <party>R</party>
        <bioguideId>L000554</bioguideId>
        <identifiers>
          <bioguideId>L000554</bioguideId>
          <gpoId>8044</gpoId>
          <lisID>699</lisID>
        </identifiers>
        <isOriginalCosponsor>False</isOriginalCosponsor>
        <firstName>FRANK</firstName>
        <sponsorshipWithdrawnDate />
        <middleName>A.</middleName>
        <district>2</district>
      </item>
      <item>
        <fullName>Rep. Flores, Bill [R-TX-17]</fullName>
        <sponsorshipDate>2017-04-25</sponsorshipDate>
        <lastName>Flores</lastName>
        <state>TX</state>
        <party>R</party>
        <bioguideId>F000461</bioguideId>
        <identifiers>
          <bioguideId>F000461</bioguideId>
          <lisID>2065</lisID>
          <gpoId>8173</gpoId>
        </identifiers>
        <isOriginalCosponsor>False</isOriginalCosponsor>
        <firstName>Bill</firstName>
        <sponsorshipWithdrawnDate />
        <middleName />
        <district>17</district>
      </item>
      <item>
        <fullName>Rep. Heck, Denny [D-WA-10]</fullName>
        <sponsorshipDate>2017-04-27</sponsorshipDate>
        <lastName>Heck</lastName>
        <state>WA</state>
        <party>D</party>
        <bioguideId>H001064</bioguideId>
        <identifiers>
          <lisID>2170</lisID>
          <gpoId />
          <bioguideId>H001064</bioguideId>
        </identifiers>
        <isOriginalCosponsor>False</isOriginalCosponsor>
        <firstName>Denny</firstName>
        <sponsorshipWithdrawnDate />
        <middleName />
        <district>10</district>
      </item>
      <item>
        <fullName>Rep. Brownley, Julia [D-CA-26]</fullName>
        <sponsorshipDate>2017-04-27</sponsorshipDate>
        <lastName>Brownley</lastName>
        <state>CA</state>
        <party>D</party>
        <bioguideId>B001285</bioguideId>
        <identifiers>
          <lisID>2106</lisID>
          <gpoId />
          <bioguideId>B001285</bioguideId>
        </identifiers>
        <isOriginalCosponsor>False</isOriginalCosponsor>
        <firstName>Julia</firstName>
        <sponsorshipWithdrawnDate />
        <middleName />
        <district>26</district>
      </item>
      <item>
        <fullName>Rep. King, Peter T. [R-NY-2]</fullName>
        <sponsorshipDate>2017-04-27</sponsorshipDate>
        <lastName>KING</lastName>
        <state>NY</state>
        <party>R</party>
        <bioguideId>K000210</bioguideId>
        <identifiers>
          <bioguideId>K000210</bioguideId>
          <gpoId>8064</gpoId>
          <lisID>635</lisID>
        </identifiers>
        <isOriginalCosponsor>False</isOriginalCosponsor>
        <firstName>PETER</firstName>
        <sponsorshipWithdrawnDate />
        <middleName>T.</middleName>
        <district>2</district>
      </item>
      <item>
        <fullName>Rep. Hartzler, Vicky [R-MO-4]</fullName>
        <sponsorshipDate>2017-04-27</sponsorshipDate>
        <lastName>Hartzler</lastName>
        <state>MO</state>
        <party>R</party>
        <bioguideId>H001053</bioguideId>
        <identifiers>
          <gpoId>8012</gpoId>
          <lisID>2032</lisID>
          <bioguideId>H001053</bioguideId>
        </identifiers>
        <isOriginalCosponsor>False</isOriginalCosponsor>
        <firstName>Vicky</firstName>
        <sponsorshipWithdrawnDate />
        <middleName />
        <district>4</district>
      </item>
      <item>
        <fullName>Rep. Olson, Pete [R-TX-22]</fullName>
        <sponsorshipDate>2017-04-27</sponsorshipDate>
        <lastName>Olson</lastName>
        <state>TX</state>
        <party>R</party>
        <bioguideId>O000168</bioguideId>
        <identifiers>
          <lisID>1955</lisID>
          <bioguideId>O000168</bioguideId>
          <gpoId>8178</gpoId>
        </identifiers>
        <isOriginalCosponsor>False</isOriginalCosponsor>
        <firstName>Pete</firstName>
        <sponsorshipWithdrawnDate />
        <middleName />
        <district>22</district>
      </item>
      <item>
        <fullName>Rep. Lipinski, Daniel [D-IL-3]</fullName>
        <sponsorshipDate>2017-04-27</sponsorshipDate>
        <lastName>Lipinski</lastName>
        <state>IL</state>
        <party>D</party>
        <bioguideId>L000563</bioguideId>
        <identifiers>
          <bioguideId>L000563</bioguideId>
          <lisID>1781</lisID>
          <gpoId>7923</gpoId>
        </identifiers>
        <isOriginalCosponsor>False</isOriginalCosponsor>
        <firstName>Daniel</firstName>
        <sponsorshipWithdrawnDate />
        <middleName>William</middleName>
        <district>3</district>
      </item>
      <item>
        <fullName>Rep. Collins, Chris [R-NY-27]</fullName>
        <sponsorshipDate>2017-04-28</sponsorshipDate>
        <lastName>Collins</lastName>
        <state>NY</state>
        <party>R</party>
        <bioguideId>C001092</bioguideId>
        <identifiers>
          <gpoId />
          <lisID>2151</lisID>
          <bioguideId>C001092</bioguideId>
        </identifiers>
        <isOriginalCosponsor>False</isOriginalCosponsor>
        <firstName>Chris</firstName>
        <sponsorshipWithdrawnDate />
        <middleName />
        <district>27</district>
      </item>
      <item>
        <fullName>Rep. Perlmutter, Ed [D-CO-7]</fullName>
        <sponsorshipDate>2017-04-28</sponsorshipDate>
        <lastName>Perlmutter</lastName>
        <state>CO</state>
        <party>D</party>
        <bioguideId>P000593</bioguideId>
        <identifiers>
          <gpoId>7865</gpoId>
          <lisID>1835</lisID>
          <bioguideId>P000593</bioguideId>
        </identifiers>
        <isOriginalCosponsor>False</isOriginalCosponsor>
        <firstName>Ed</firstName>
        <sponsorshipWithdrawnDate />
        <middleName />
        <district>7</district>
      </item>
      <item>
        <fullName>Rep. Ellison, Keith [D-MN-5]</fullName>
        <sponsorshipDate>2017-05-15</sponsorshipDate>
        <lastName>Ellison</lastName>
        <state>MN</state>
        <party>D</party>
        <bioguideId>E000288</bioguideId>
        <identifiers>
          <lisID>1857</lisID>
          <bioguideId>E000288</bioguideId>
          <gpoId>8005</gpoId>
        </identifiers>
        <isOriginalCosponsor>False</isOriginalCosponsor>
        <firstName>Keith</firstName>
        <sponsorshipWithdrawnDate />
        <middleName />
        <district>5</district>
      </item>
      <item>
        <fullName>Rep. Delaney, John K. [D-MD-6]</fullName>
        <sponsorshipDate>2017-05-24</sponsorshipDate>
        <lastName>Delaney</lastName>
        <state>MD</state>
        <party>D</party>
        <bioguideId>D000620</bioguideId>
        <identifiers>
          <lisID>2133</lisID>
          <bioguideId>D000620</bioguideId>
          <gpoId />
        </identifiers>
        <isOriginalCosponsor>False</isOriginalCosponsor>
        <firstName>John</firstName>
        <sponsorshipWithdrawnDate />
        <middleName>K.</middleName>
        <district>6</district>
      </item>
      <item>
        <fullName>Rep. Hice, Jody B. [R-GA-10]</fullName>
        <sponsorshipDate>2017-06-07</sponsorshipDate>
        <lastName>Hice</lastName>
        <state>GA</state>
        <party>R</party>
        <bioguideId>H001071</bioguideId>
        <identifiers>
          <lisID>2237</lisID>
          <gpoId />
          <bioguideId>H001071</bioguideId>
        </identifiers>
        <isOriginalCosponsor>False</isOriginalCosponsor>
        <firstName>Jody</firstName>
        <sponsorshipWithdrawnDate />
        <middleName>B.</middleName>
        <district>10</district>
      </item>
      <item>
        <fullName>Rep. Cole, Tom [R-OK-4]</fullName>
        <sponsorshipDate>2017-06-12</sponsorshipDate>
        <lastName>Cole</lastName>
        <state>OK</state>
        <party>R</party>
        <bioguideId>C001053</bioguideId>
        <identifiers>
          <lisID>1742</lisID>
          <gpoId>8112</gpoId>
          <bioguideId>C001053</bioguideId>
        </identifiers>
        <isOriginalCosponsor>False</isOriginalCosponsor>
        <firstName>Tom</firstName>
        <sponsorshipWithdrawnDate />
        <middleName />
        <district>4</district>
      </item>
      <item>
        <fullName>Rep. Foster, Bill [D-IL-11]</fullName>
        <sponsorshipDate>2017-06-20</sponsorshipDate>
        <lastName>Foster</lastName>
        <state>IL</state>
        <party>D</party>
        <bioguideId>F000454</bioguideId>
        <identifiers>
          <gpoId>7355</gpoId>
          <lisID>1888</lisID>
          <bioguideId>F000454</bioguideId>
        </identifiers>
        <isOriginalCosponsor>False</isOriginalCosponsor>
        <firstName>Bill</firstName>
        <sponsorshipWithdrawnDate />
        <middleName />
        <district>11</district>
      </item>
      <item>
        <fullName>Rep. Turner, Michael R. [R-OH-10]</fullName>
        <sponsorshipDate>2017-06-20</sponsorshipDate>
        <lastName>Turner</lastName>
        <state>OH</state>
        <party>R</party>
        <bioguideId>T000463</bioguideId>
        <identifiers>
          <lisID>1741</lisID>
          <bioguideId>T000463</bioguideId>
          <gpoId>8093</gpoId>
        </identifiers>
        <isOriginalCosponsor>False</isOriginalCosponsor>
        <firstName>Michael</firstName>
        <sponsorshipWithdrawnDate />
        <middleName>R.</middleName>
        <district>10</district>
      </item>
      <item>
        <fullName>Rep. Johnson, Henry C. "Hank," Jr. [D-GA-4]</fullName>
        <sponsorshipDate>2017-07-12</sponsorshipDate>
        <lastName>Johnson</lastName>
        <state>GA</state>
        <party>D</party>
        <bioguideId>J000288</bioguideId>
        <identifiers>
          <bioguideId>J000288</bioguideId>
          <lisID>1843</lisID>
          <gpoId>7901</gpoId>
        </identifiers>
        <isOriginalCosponsor>False</isOriginalCosponsor>
        <firstName>Henry</firstName>
        <sponsorshipWithdrawnDate />
        <middleName>C. "Hank"</middleName>
        <district>4</district>
      </item>
      <item>
        <fullName>Rep. Conyers, John, Jr. [D-MI-13]</fullName>
        <sponsorshipDate>2017-07-12</sponsorshipDate>
        <lastName>CONYERS</lastName>
        <state>MI</state>
        <party>D</party>
        <bioguideId>C000714</bioguideId>
        <identifiers>
          <lisID>229</lisID>
          <gpoId>7999</gpoId>
          <bioguideId>C000714</bioguideId>
        </identifiers>
        <isOriginalCosponsor>False</isOriginalCosponsor>
        <firstName>JOHN</firstName>
        <sponsorshipWithdrawnDate />
        <middleName />
        <district>13</district>
      </item>
      <item>
        <fullName>Rep. Poliquin, Bruce [R-ME-2]</fullName>
        <sponsorshipDate>2017-07-19</sponsorshipDate>
        <lastName>Poliquin</lastName>
        <state>ME</state>
        <party>R</party>
        <bioguideId>P000611</bioguideId>
        <identifiers>
          <bioguideId>P000611</bioguideId>
          <lisID>2247</lisID>
          <gpoId />
        </identifiers>
        <isOriginalCosponsor>False</isOriginalCosponsor>
        <firstName>Bruce</firstName>
        <sponsorshipWithdrawnDate />
        <middleName />
        <district>2</district>
      </item>
      <item>
        <fullName>Rep. LaMalfa, Doug [R-CA-1]</fullName>
        <sponsorshipDate>2017-07-19</sponsorshipDate>
        <lastName>LaMalfa</lastName>
        <state>CA</state>
        <party>R</party>
        <bioguideId>L000578</bioguideId>
        <identifiers>
          <lisID>2100</lisID>
          <gpoId />
          <bioguideId>L000578</bioguideId>
        </identifiers>
        <isOriginalCosponsor>False</isOriginalCosponsor>
        <firstName>Doug</firstName>
        <sponsorshipWithdrawnDate />
        <middleName />
        <district>1</district>
      </item>
      <item>
        <fullName>Rep. Scott, David [D-GA-13]</fullName>
        <sponsorshipDate>2017-07-19</sponsorshipDate>
        <lastName>Scott</lastName>
        <state>GA</state>
        <party>D</party>
        <bioguideId>S001157</bioguideId>
        <identifiers>
          <lisID>1722</lisID>
          <gpoId>7910</gpoId>
          <bioguideId>S001157</bioguideId>
        </identifiers>
        <isOriginalCosponsor>False</isOriginalCosponsor>
        <firstName>David</firstName>
        <sponsorshipWithdrawnDate />
        <middleName />
        <district>13</district>
      </item>
      <item>
        <fullName>Rep. Babin, Brian [R-TX-36]</fullName>
        <sponsorshipDate>2017-07-19</sponsorshipDate>
        <lastName>Babin</lastName>
        <state>TX</state>
        <party>R</party>
        <bioguideId>B001291</bioguideId>
        <identifiers>
          <lisID>2270</lisID>
          <bioguideId>B001291</bioguideId>
          <gpoId />
        </identifiers>
        <isOriginalCosponsor>False</isOriginalCosponsor>
        <firstName>Brian</firstName>
        <sponsorshipWithdrawnDate />
        <middleName />
        <district>36</district>
      </item>
      <item>
        <fullName>Rep. Weber, Randy K., Sr. [R-TX-14]</fullName>
        <sponsorshipDate>2017-07-19</sponsorshipDate>
        <lastName>Weber</lastName>
        <state>TX</state>
        <party>R</party>
        <bioguideId>W000814</bioguideId>
        <identifiers>
          <bioguideId>W000814</bioguideId>
          <gpoId />
          <lisID>2161</lisID>
        </identifiers>
        <isOriginalCosponsor>False</isOriginalCosponsor>
        <firstName>Randy</firstName>
        <sponsorshipWithdrawnDate />
        <middleName>K.</middleName>
        <district>14</district>
      </item>
      <item>
        <fullName>Rep. Pittenger, Robert [R-NC-9]</fullName>
        <sponsorshipDate>2017-07-19</sponsorshipDate>
        <lastName>Pittenger</lastName>
        <state>NC</state>
        <party>R</party>
        <bioguideId>P000606</bioguideId>
        <identifiers>
          <lisID>2141</lisID>
          <bioguideId>P000606</bioguideId>
          <gpoId />
        </identifiers>
        <isOriginalCosponsor>False</isOriginalCosponsor>
        <firstName>Robert</firstName>
        <sponsorshipWithdrawnDate />
        <middleName />
        <district>9</district>
      </item>
      <item>
        <fullName>Rep. Huizenga, Bill [R-MI-2]</fullName>
        <sponsorshipDate>2017-07-19</sponsorshipDate>
        <lastName>Huizenga</lastName>
        <state>MI</state>
        <party>R</party>
        <bioguideId>H001058</bioguideId>
        <identifiers>
          <lisID>2028</lisID>
          <gpoId>7987</gpoId>
          <bioguideId>H001058</bioguideId>
        </identifiers>
        <isOriginalCosponsor>False</isOriginalCosponsor>
        <firstName>Bill</firstName>
        <sponsorshipWithdrawnDate />
        <middleName />
        <district>2</district>
      </item>
      <item>
        <fullName>Rep. Wenstrup, Brad R. [R-OH-2]</fullName>
        <sponsorshipDate>2017-07-19</sponsorshipDate>
        <lastName>Wenstrup</lastName>
        <state>OH</state>
        <party>R</party>
        <bioguideId>W000815</bioguideId>
        <identifiers>
          <lisID>2152</lisID>
          <gpoId />
          <bioguideId>W000815</bioguideId>
        </identifiers>
        <isOriginalCosponsor>False</isOriginalCosponsor>
        <firstName>Brad</firstName>
        <sponsorshipWithdrawnDate />
        <middleName>R.</middleName>
        <district>2</district>
      </item>
      <item>
        <fullName>Rep. Noem, Kristi L. [R-SD-At Large]</fullName>
        <sponsorshipDate>2017-07-19</sponsorshipDate>
        <lastName>Noem</lastName>
        <state>SD</state>
        <party>R</party>
        <bioguideId>N000184</bioguideId>
        <identifiers>
          <lisID>2060</lisID>
          <bioguideId>N000184</bioguideId>
          <gpoId>8147</gpoId>
        </identifiers>
        <isOriginalCosponsor>False</isOriginalCosponsor>
        <firstName>Kristi</firstName>
        <sponsorshipWithdrawnDate />
        <middleName>L.</middleName>
        <district>0</district>
      </item>
      <item>
        <fullName>Rep. Graves, Tom [R-GA-14]</fullName>
        <sponsorshipDate>2017-07-20</sponsorshipDate>
        <lastName>Graves</lastName>
        <state>GA</state>
        <party>R</party>
        <bioguideId>G000560</bioguideId>
        <identifiers>
          <lisID>1979</lisID>
          <bioguideId>G000560</bioguideId>
          <gpoId>7906</gpoId>
        </identifiers>
        <isOriginalCosponsor>False</isOriginalCosponsor>
        <firstName>Tom</firstName>
        <sponsorshipWithdrawnDate />
        <middleName />
        <district>14</district>
      </item>
      <item>
        <fullName>Rep. Allen, Rick W. [R-GA-12]</fullName>
        <sponsorshipDate>2017-07-20</sponsorshipDate>
        <lastName>Allen</lastName>
        <state>GA</state>
        <party>R</party>
        <bioguideId>A000372</bioguideId>
        <identifiers>
          <bioguideId>A000372</bioguideId>
          <lisID>2239</lisID>
          <gpoId />
        </identifiers>
        <isOriginalCosponsor>False</isOriginalCosponsor>
        <firstName>Rick</firstName>
        <sponsorshipWithdrawnDate />
        <middleName>W.</middleName>
        <district>12</district>
      </item>
      <item>
        <fullName>Rep. Crawford, Eric A. "Rick" [R-AR-1]</fullName>
        <sponsorshipDate>2017-07-25</sponsorshipDate>
        <lastName>Crawford</lastName>
        <state>AR</state>
        <party>R</party>
        <bioguideId>C001087</bioguideId>
        <identifiers>
          <bioguideId>C001087</bioguideId>
          <lisID>1989</lisID>
          <gpoId>7793</gpoId>
        </identifiers>
        <isOriginalCosponsor>False</isOriginalCosponsor>
        <firstName>Eric</firstName>
        <sponsorshipWithdrawnDate />
        <middleName>A. "Rick"</middleName>
        <district>1</district>
      </item>
      <item>
        <fullName>Rep. Bordallo, Madeleine Z. [D-GU-At Large]</fullName>
        <sponsorshipDate>2017-07-26</sponsorshipDate>
        <lastName>Bordallo</lastName>
        <state>GU</state>
        <party>D</party>
        <bioguideId>B001245</bioguideId>
        <identifiers>
          <lisID>1723</lisID>
          <gpoId>7911</gpoId>
          <bioguideId>B001245</bioguideId>
        </identifiers>
        <isOriginalCosponsor>False</isOriginalCosponsor>
        <firstName>Madeleine</firstName>
        <sponsorshipWithdrawnDate />
        <middleName>Z.</middleName>
        <district>0</district>
      </item>
      <item>
        <fullName>Rep. Messer, Luke [R-IN-6]</fullName>
        <sponsorshipDate>2017-07-26</sponsorshipDate>
        <lastName>Messer</lastName>
        <state>IN</state>
        <party>R</party>
        <bioguideId>M001189</bioguideId>
        <identifiers>
          <lisID>2130</lisID>
          <bioguideId>M001189</bioguideId>
          <gpoId />
        </identifiers>
        <isOriginalCosponsor>False</isOriginalCosponsor>
        <firstName>Luke</firstName>
        <sponsorshipWithdrawnDate />
        <middleName />
        <district>6</district>
      </item>
      <item>
        <fullName>Rep. Beatty, Joyce [D-OH-3]</fullName>
        <sponsorshipDate>2017-07-26</sponsorshipDate>
        <lastName>Beatty</lastName>
        <state>OH</state>
        <party>D</party>
        <bioguideId>B001281</bioguideId>
        <identifiers>
          <lisID>2153</lisID>
          <bioguideId>B001281</bioguideId>
          <gpoId />
        </identifiers>
        <isOriginalCosponsor>False</isOriginalCosponsor>
        <firstName>Joyce</firstName>
        <sponsorshipWithdrawnDate />
        <middleName />
        <district>3</district>
      </item>
      <item>
        <fullName>Rep. Byrne, Bradley [R-AL-1]</fullName>
        <sponsorshipDate>2017-07-28</sponsorshipDate>
        <lastName>Byrne</lastName>
        <state>AL</state>
        <party>R</party>
        <bioguideId>B001289</bioguideId>
        <identifiers>
          <lisID>2197</lisID>
          <gpoId />
          <bioguideId>B001289</bioguideId>
        </identifiers>
        <isOriginalCosponsor>False</isOriginalCosponsor>
        <firstName>Bradley</firstName>
        <sponsorshipWithdrawnDate />
        <middleName />
        <district>1</district>
      </item>
      <item>
        <fullName>Rep. Costa, Jim [D-CA-16]</fullName>
        <sponsorshipDate>2017-07-28</sponsorshipDate>
        <lastName>Costa</lastName>
        <state>CA</state>
        <party>D</party>
        <bioguideId>C001059</bioguideId>
        <identifiers>
          <gpoId>7825</gpoId>
          <lisID>1774</lisID>
          <bioguideId>C001059</bioguideId>
        </identifiers>
        <isOriginalCosponsor>False</isOriginalCosponsor>
        <firstName>Jim</firstName>
        <sponsorshipWithdrawnDate />
        <middleName />
        <district>16</district>
      </item>
      <item>
        <fullName>Rep. Moolenaar, John R. [R-MI-4]</fullName>
        <sponsorshipDate>2017-07-28</sponsorshipDate>
        <lastName>Moolenaar</lastName>
        <state>MI</state>
        <party>R</party>
        <bioguideId>M001194</bioguideId>
        <identifiers>
          <bioguideId>M001194</bioguideId>
          <gpoId />
          <lisID>2248</lisID>
        </identifiers>
        <isOriginalCosponsor>False</isOriginalCosponsor>
        <firstName>John</firstName>
        <sponsorshipWithdrawnDate />
        <middleName>R.</middleName>
        <district>4</district>
      </item>
      <item>
        <fullName>Rep. Gallagher, Mike [R-WI-8]</fullName>
        <sponsorshipDate>2017-07-28</sponsorshipDate>
        <lastName>Gallagher</lastName>
        <state>WI</state>
        <party>R</party>
        <bioguideId>G000579</bioguideId>
        <identifiers>
          <lisID>2355</lisID>
          <bioguideId>G000579</bioguideId>
          <gpoId />
        </identifiers>
        <isOriginalCosponsor>False</isOriginalCosponsor>
        <firstName>Mike</firstName>
        <sponsorshipWithdrawnDate />
        <middleName />
        <district>8</district>
      </item>
      <item>
        <fullName>Rep. Kaptur, Marcy [D-OH-9]</fullName>
        <sponsorshipDate>2017-08-04</sponsorshipDate>
        <lastName>KAPTUR</lastName>
        <state>OH</state>
        <party>D</party>
        <bioguideId>K000009</bioguideId>
        <identifiers>
          <lisID>616</lisID>
          <bioguideId>K000009</bioguideId>
          <gpoId>8099</gpoId>
        </identifiers>
        <isOriginalCosponsor>False</isOriginalCosponsor>
        <firstName>MARCY</firstName>
        <sponsorshipWithdrawnDate />
        <middleName />
        <district>9</district>
      </item>
      <item>
        <fullName>Rep. Bishop, Sanford D., Jr. [D-GA-2]</fullName>
        <sponsorshipDate>2017-08-04</sponsorshipDate>
        <lastName>BISHOP</lastName>
        <state>GA</state>
        <party>D</party>
        <bioguideId>B000490</bioguideId>
        <identifiers>
          <bioguideId>B000490</bioguideId>
          <lisID>91</lisID>
          <gpoId>7899</gpoId>
        </identifiers>
        <isOriginalCosponsor>False</isOriginalCosponsor>
        <firstName>SANFORD</firstName>
        <sponsorshipWithdrawnDate />
        <middleName>D.</middleName>
        <district>2</district>
      </item>
      <item>
        <fullName>Rep. Brady, Kevin [R-TX-8]</fullName>
        <sponsorshipDate>2017-08-15</sponsorshipDate>
        <lastName>BRADY</lastName>
        <state>TX</state>
        <party>R</party>
        <bioguideId>B000755</bioguideId>
        <identifiers>
          <lisID>1468</lisID>
          <bioguideId>B000755</bioguideId>
          <gpoId>8164</gpoId>
        </identifiers>
        <isOriginalCosponsor>False</isOriginalCosponsor>
        <firstName>KEVIN</firstName>
        <sponsorshipWithdrawnDate />
        <middleName />
        <district>8</district>
      </item>
      <item>
        <fullName>Rep. Woodall, Rob [R-GA-7]</fullName>
        <sponsorshipDate>2017-09-01</sponsorshipDate>
        <lastName>Woodall</lastName>
        <state>GA</state>
        <party>R</party>
        <bioguideId>W000810</bioguideId>
        <identifiers>
          <bioguideId>W000810</bioguideId>
          <gpoId>7904</gpoId>
          <lisID>2008</lisID>
        </identifiers>
        <isOriginalCosponsor>False</isOriginalCosponsor>
        <firstName>Rob</firstName>
        <sponsorshipWithdrawnDate />
        <middleName />
        <district>7</district>
      </item>
      <item>
        <fullName>Rep. Scott, Austin [R-GA-8]</fullName>
        <sponsorshipDate>2017-09-05</sponsorshipDate>
        <lastName>Scott</lastName>
        <state>GA</state>
        <party>R</party>
        <bioguideId>S001189</bioguideId>
        <identifiers>
          <lisID>2009</lisID>
          <bioguideId>S001189</bioguideId>
          <gpoId>7905</gpoId>
        </identifiers>
        <isOriginalCosponsor>False</isOriginalCosponsor>
        <firstName>Austin</firstName>
        <sponsorshipWithdrawnDate />
        <middleName />
        <district>8</district>
      </item>
      <item>
        <fullName>Rep. McMorris Rodgers, Cathy [R-WA-5]</fullName>
        <sponsorshipDate>2017-09-06</sponsorshipDate>
        <lastName>McMorris Rodgers</lastName>
        <state>WA</state>
        <party>R</party>
        <bioguideId>M001159</bioguideId>
        <identifiers>
          <lisID>1809</lisID>
          <bioguideId>M001159</bioguideId>
          <gpoId>8209</gpoId>
        </identifiers>
        <isOriginalCosponsor>False</isOriginalCosponsor>
        <firstName>Cathy</firstName>
        <sponsorshipWithdrawnDate />
        <middleName />
        <district>5</district>
      </item>
      <item>
        <fullName>Rep. Dunn, Neal P. [R-FL-2]</fullName>
        <sponsorshipDate>2017-09-06</sponsorshipDate>
        <lastName>Dunn</lastName>
        <state>FL</state>
        <party>R</party>
        <bioguideId>D000628</bioguideId>
        <identifiers>
          <lisID>2315</lisID>
          <gpoId />
          <bioguideId>D000628</bioguideId>
        </identifiers>
        <isOriginalCosponsor>False</isOriginalCosponsor>
        <firstName>Neal</firstName>
        <sponsorshipWithdrawnDate />
        <middleName>P.</middleName>
        <district>2</district>
      </item>
      <item>
        <fullName>Rep. Blackburn, Marsha [R-TN-7]</fullName>
        <sponsorshipDate>2017-09-06</sponsorshipDate>
        <lastName>Blackburn</lastName>
        <state>TN</state>
        <party>R</party>
        <bioguideId>B001243</bioguideId>
        <identifiers>
          <bioguideId>B001243</bioguideId>
          <gpoId>8154</gpoId>
          <lisID>1748</lisID>
        </identifiers>
        <isOriginalCosponsor>False</isOriginalCosponsor>
        <firstName>Marsha</firstName>
        <sponsorshipWithdrawnDate />
        <middleName />
        <district>7</district>
      </item>
      <item>
        <fullName>Rep. Stefanik, Elise M. [R-NY-21]</fullName>
        <sponsorshipDate>2017-09-08</sponsorshipDate>
        <lastName>Stefanik</lastName>
        <state>NY</state>
        <party>R</party>
        <bioguideId>S001196</bioguideId>
        <identifiers>
          <lisID>2263</lisID>
          <gpoId />
          <bioguideId>S001196</bioguideId>
        </identifiers>
        <isOriginalCosponsor>False</isOriginalCosponsor>
        <firstName>Elise</firstName>
        <sponsorshipWithdrawnDate />
        <middleName>M.</middleName>
        <district>21</district>
      </item>
      <item>
        <fullName>Rep. Renacci, James B. [R-OH-16]</fullName>
        <sponsorshipDate>2017-09-08</sponsorshipDate>
        <lastName>Renacci</lastName>
        <state>OH</state>
        <party>R</party>
        <bioguideId>R000586</bioguideId>
        <identifiers>
          <gpoId>8106</gpoId>
          <lisID>2048</lisID>
          <bioguideId>R000586</bioguideId>
        </identifiers>
        <isOriginalCosponsor>False</isOriginalCosponsor>
        <firstName>James</firstName>
        <sponsorshipWithdrawnDate />
        <middleName>B.</middleName>
        <district>16</district>
      </item>
      <item>
        <fullName>Rep. Trott, David A. [R-MI-11]</fullName>
        <sponsorshipDate>2017-09-08</sponsorshipDate>
        <lastName>Trott</lastName>
        <state>MI</state>
        <party>R</party>
        <bioguideId>T000475</bioguideId>
        <identifiers>
          <bioguideId>T000475</bioguideId>
          <lisID>2250</lisID>
          <gpoId />
        </identifiers>
        <isOriginalCosponsor>False</isOriginalCosponsor>
        <firstName>David</firstName>
        <sponsorshipWithdrawnDate />
        <middleName>A.</middleName>
        <district>11</district>
      </item>
      <item>
        <fullName>Rep. Cook, Paul [R-CA-8]</fullName>
        <sponsorshipDate>2017-09-18</sponsorshipDate>
        <lastName>Cook</lastName>
        <state>CA</state>
        <party>R</party>
        <bioguideId>C001094</bioguideId>
        <identifiers>
          <lisID>2103</lisID>
          <gpoId />
          <bioguideId>C001094</bioguideId>
        </identifiers>
        <isOriginalCosponsor>False</isOriginalCosponsor>
        <firstName>Paul</firstName>
        <sponsorshipWithdrawnDate />
        <middleName />
        <district>8</district>
      </item>
      <item>
        <fullName>Rep. Suozzi, Thomas R. [D-NY-3]</fullName>
        <sponsorshipDate>2017-09-18</sponsorshipDate>
        <lastName>Suozzi</lastName>
        <state>NY</state>
        <party>D</party>
        <bioguideId>S001201</bioguideId>
        <identifiers>
          <lisID>2341</lisID>
          <bioguideId>S001201</bioguideId>
          <gpoId />
        </identifiers>
        <isOriginalCosponsor>False</isOriginalCosponsor>
        <firstName>Thomas</firstName>
        <sponsorshipWithdrawnDate />
        <middleName>R.</middleName>
        <district>3</district>
      </item>
      <item>
        <fullName>Rep. Perry, Scott [R-PA-4]</fullName>
        <sponsorshipDate>2017-09-25</sponsorshipDate>
        <lastName>Perry</lastName>
        <state>PA</state>
        <party>R</party>
        <bioguideId>P000605</bioguideId>
        <identifiers>
          <lisID>2157</lisID>
          <gpoId />
          <bioguideId>P000605</bioguideId>
        </identifiers>
        <isOriginalCosponsor>False</isOriginalCosponsor>
        <firstName>Scott</firstName>
        <sponsorshipWithdrawnDate />
        <middleName />
        <district>4</district>
      </item>
      <item>
        <fullName>Rep. Joyce, David P. [R-OH-14]</fullName>
        <sponsorshipDate>2017-09-25</sponsorshipDate>
        <lastName>Joyce</lastName>
        <state>OH</state>
        <party>R</party>
        <bioguideId>J000295</bioguideId>
        <identifiers>
          <lisID>2154</lisID>
          <gpoId />
          <bioguideId>J000295</bioguideId>
        </identifiers>
        <isOriginalCosponsor>False</isOriginalCosponsor>
        <firstName>David</firstName>
        <sponsorshipWithdrawnDate />
        <middleName>P.</middleName>
        <district>14</district>
      </item>
      <item>
        <fullName>Rep. Moulton, Seth [D-MA-6]</fullName>
        <sponsorshipDate>2017-09-25</sponsorshipDate>
        <lastName>Moulton</lastName>
        <state>MA</state>
        <party>D</party>
        <bioguideId>M001196</bioguideId>
        <identifiers>
          <lisID>2246</lisID>
          <bioguideId>M001196</bioguideId>
          <gpoId />
        </identifiers>
        <isOriginalCosponsor>False</isOriginalCosponsor>
        <firstName>Seth</firstName>
        <sponsorshipWithdrawnDate />
        <middleName />
        <district>6</district>
      </item>
      <item>
        <fullName>Rep. King, Steve [R-IA-4]</fullName>
        <sponsorshipDate>2017-10-02</sponsorshipDate>
        <lastName>King</lastName>
        <state>IA</state>
        <party>R</party>
        <bioguideId>K000362</bioguideId>
        <identifiers>
          <lisID>1724</lisID>
          <bioguideId>K000362</bioguideId>
          <gpoId>7918</gpoId>
        </identifiers>
        <isOriginalCosponsor>False</isOriginalCosponsor>
        <firstName>Steve</firstName>
        <sponsorshipWithdrawnDate />
        <middleName />
        <district>4</district>
      </item>
      <item>
        <fullName>Rep. Carter, Earl L. "Buddy" [R-GA-1]</fullName>
        <sponsorshipDate>2017-10-03</sponsorshipDate>
        <lastName>Carter</lastName>
        <state>GA</state>
        <party>R</party>
        <bioguideId>C001103</bioguideId>
        <identifiers>
          <lisID>2236</lisID>
          <gpoId />
          <bioguideId>C001103</bioguideId>
        </identifiers>
        <isOriginalCosponsor>False</isOriginalCosponsor>
        <firstName>Earl</firstName>
        <sponsorshipWithdrawnDate />
        <middleName>L. "Buddy"</middleName>
        <district>1</district>
      </item>
      <item>
        <fullName>Rep. Kinzinger, Adam [R-IL-16]</fullName>
        <sponsorshipDate>2017-10-03</sponsorshipDate>
        <lastName>Kinzinger</lastName>
        <state>IL</state>
        <party>R</party>
        <bioguideId>K000378</bioguideId>
        <identifiers>
          <lisID>2014</lisID>
          <gpoId>7931</gpoId>
          <bioguideId>K000378</bioguideId>
        </identifiers>
        <isOriginalCosponsor>False</isOriginalCosponsor>
        <firstName>Adam</firstName>
        <sponsorshipWithdrawnDate />
        <middleName />
        <district>16</district>
      </item>
      <item>
        <fullName>Rep. Wilson, Joe [R-SC-2]</fullName>
        <sponsorshipDate>2017-10-11</sponsorshipDate>
        <lastName>Wilson</lastName>
        <state>SC</state>
        <party>R</party>
        <bioguideId>W000795</bioguideId>
        <identifiers>
          <bioguideId>W000795</bioguideId>
          <gpoId>8142</gpoId>
          <lisID>1688</lisID>
        </identifiers>
        <isOriginalCosponsor>False</isOriginalCosponsor>
        <firstName>Joe</firstName>
        <sponsorshipWithdrawnDate />
        <middleName />
        <district>2</district>
      </item>
      <item>
        <fullName>Rep. Chabot, Steve [R-OH-1]</fullName>
        <sponsorshipDate>2017-10-11</sponsorshipDate>
        <lastName>CHABOT</lastName>
        <state>OH</state>
        <party>R</party>
        <bioguideId>C000266</bioguideId>
        <identifiers>
          <bioguideId>C000266</bioguideId>
          <gpoId>8091</gpoId>
          <lisID>186</lisID>
        </identifiers>
        <isOriginalCosponsor>False</isOriginalCosponsor>
        <firstName>STEVE</firstName>
        <sponsorshipWithdrawnDate />
        <middleName />
        <district>1</district>
      </item>
      <item>
        <fullName>Rep. Handel, Karen C. [R-GA-6]</fullName>
        <sponsorshipDate>2017-11-06</sponsorshipDate>
        <lastName>Handel</lastName>
        <state>GA</state>
        <party>R</party>
        <bioguideId>H001078</bioguideId>
        <identifiers>
          <bioguideId>H001078</bioguideId>
          <lisID>2360</lisID>
          <gpoId />
        </identifiers>
        <isOriginalCosponsor>False</isOriginalCosponsor>
        <firstName>Karen</firstName>
        <sponsorshipWithdrawnDate />
        <middleName>C.</middleName>
        <district>6</district>
      </item>
      <item>
        <fullName>Rep. Larsen, Rick [D-WA-2]</fullName>
        <sponsorshipDate>2017-11-06</sponsorshipDate>
        <lastName>LARSEN</lastName>
        <state>WA</state>
        <party>D</party>
        <bioguideId>L000560</bioguideId>
        <identifiers>
          <gpoId>8206</gpoId>
          <lisID>1675</lisID>
          <bioguideId>L000560</bioguideId>
        </identifiers>
        <isOriginalCosponsor>False</isOriginalCosponsor>
        <firstName>RICK</firstName>
        <sponsorshipWithdrawnDate />
        <middleName />
        <district>2</district>
      </item>
      <item>
        <fullName>Rep. Rooney, Francis [R-FL-19]</fullName>
        <sponsorshipDate>2017-11-07</sponsorshipDate>
        <lastName>Rooney</lastName>
        <state>FL</state>
        <party>R</party>
        <bioguideId>R000607</bioguideId>
        <identifiers>
          <lisID>2323</lisID>
          <gpoId />
          <bioguideId>R000607</bioguideId>
        </identifiers>
        <isOriginalCosponsor>False</isOriginalCosponsor>
        <firstName>Francis</firstName>
        <sponsorshipWithdrawnDate />
        <middleName />
        <district>19</district>
      </item>
      <item>
        <fullName>Rep. McCaul, Michael T. [R-TX-10]</fullName>
        <sponsorshipDate>2017-11-09</sponsorshipDate>
        <lastName>McCaul</lastName>
        <state>TX</state>
        <party>R</party>
        <bioguideId>M001157</bioguideId>
        <identifiers>
          <lisID>1804</lisID>
          <gpoId>8166</gpoId>
          <bioguideId>M001157</bioguideId>
        </identifiers>
        <isOriginalCosponsor>False</isOriginalCosponsor>
        <firstName>Michael</firstName>
        <sponsorshipWithdrawnDate />
        <middleName>T.</middleName>
        <district>10</district>
      </item>
      <item>
        <fullName>Rep. Ros-Lehtinen, Ileana [R-FL-27]</fullName>
        <sponsorshipDate>2017-11-14</sponsorshipDate>
        <lastName>ROS-LEHTINEN</lastName>
        <state>FL</state>
        <party>R</party>
        <bioguideId>R000435</bioguideId>
        <identifiers>
          <lisID>985</lisID>
          <bioguideId>R000435</bioguideId>
          <gpoId>7890</gpoId>
        </identifiers>
        <isOriginalCosponsor>False</isOriginalCosponsor>
        <firstName>ILEANA</firstName>
        <sponsorshipWithdrawnDate />
        <middleName />
        <district>27</district>
      </item>
      <item>
        <fullName>Rep. Norman, Ralph [R-SC-5]</fullName>
        <sponsorshipDate>2017-12-12</sponsorshipDate>
        <lastName>Norman</lastName>
        <state>SC</state>
        <party>R</party>
        <bioguideId>N000190</bioguideId>
        <identifiers>
          <bioguideId>N000190</bioguideId>
          <lisID>2361</lisID>
          <gpoId />
        </identifiers>
        <isOriginalCosponsor>False</isOriginalCosponsor>
        <firstName>Ralph</firstName>
        <sponsorshipWithdrawnDate />
        <middleName />
        <district>5</district>
      </item>
      <item>
        <fullName>Rep. Knight, Stephen [R-CA-25]</fullName>
        <sponsorshipDate>2018-02-02</sponsorshipDate>
        <lastName>Knight</lastName>
        <state>CA</state>
        <party>R</party>
        <bioguideId>K000387</bioguideId>
        <identifiers>
          <bioguideId>K000387</bioguideId>
          <gpoId />
          <lisID>2228</lisID>
        </identifiers>
        <isOriginalCosponsor>False</isOriginalCosponsor>
        <firstName>Stephen</firstName>
        <sponsorshipWithdrawnDate />
        <middleName />
        <district>25</district>
      </item>
      <item>
        <fullName>Rep. DesJarlais, Scott [R-TN-4]</fullName>
        <sponsorshipDate>2018-02-02</sponsorshipDate>
        <lastName>DesJarlais</lastName>
        <state>TN</state>
        <party>R</party>
        <bioguideId>D000616</bioguideId>
        <identifiers>
          <lisID>2062</lisID>
          <bioguideId>D000616</bioguideId>
          <gpoId>8151</gpoId>
        </identifiers>
        <isOriginalCosponsor>False</isOriginalCosponsor>
        <firstName>Scott</firstName>
        <sponsorshipWithdrawnDate />
        <middleName />
        <district>4</district>
      </item>
      <item>
        <fullName>Rep. Gallego, Ruben [D-AZ-7]</fullName>
        <sponsorshipDate>2018-02-02</sponsorshipDate>
        <lastName>Gallego</lastName>
        <state>AZ</state>
        <party>D</party>
        <bioguideId>G000574</bioguideId>
        <identifiers>
          <lisID>2226</lisID>
          <bioguideId>G000574</bioguideId>
          <gpoId />
        </identifiers>
        <isOriginalCosponsor>False</isOriginalCosponsor>
        <firstName>Ruben</firstName>
        <sponsorshipWithdrawnDate />
        <middleName />
        <district>7</district>
      </item>
      <item>
        <fullName>Rep. Khanna, Ro [D-CA-17]</fullName>
        <sponsorshipDate>2018-02-02</sponsorshipDate>
        <lastName>Khanna</lastName>
        <state>CA</state>
        <party>D</party>
        <bioguideId>K000389</bioguideId>
        <identifiers>
          <bioguideId>K000389</bioguideId>
          <gpoId />
          <lisID>2308</lisID>
        </identifiers>
        <isOriginalCosponsor>False</isOriginalCosponsor>
        <firstName>Ro</firstName>
        <sponsorshipWithdrawnDate />
        <middleName />
        <district>17</district>
      </item>
      <item>
        <fullName>Rep. Graves, Sam [R-MO-6]</fullName>
        <sponsorshipDate>2018-02-02</sponsorshipDate>
        <lastName>GRAVES</lastName>
        <state>MO</state>
        <party>R</party>
        <bioguideId>G000546</bioguideId>
        <identifiers>
          <bioguideId>G000546</bioguideId>
          <lisID>1656</lisID>
          <gpoId>8014</gpoId>
        </identifiers>
        <isOriginalCosponsor>False</isOriginalCosponsor>
        <firstName>SAM</firstName>
        <sponsorshipWithdrawnDate />
        <middleName />
        <district>6</district>
      </item>
      <item>
        <fullName>Rep. Shuster, Bill [R-PA-9]</fullName>
        <sponsorshipDate>2018-02-02</sponsorshipDate>
        <lastName>Shuster</lastName>
        <state>PA</state>
        <party>R</party>
        <bioguideId>S001154</bioguideId>
        <identifiers>
          <lisID>1681</lisID>
          <gpoId>8127</gpoId>
          <bioguideId>S001154</bioguideId>
        </identifiers>
        <isOriginalCosponsor>False</isOriginalCosponsor>
        <firstName>Bill</firstName>
        <sponsorshipWithdrawnDate />
        <middleName />
        <district>9</district>
      </item>
      <item>
        <fullName>Rep. Carbajal, Salud O. [D-CA-24]</fullName>
        <sponsorshipDate>2018-02-02</sponsorshipDate>
        <lastName>Carbajal</lastName>
        <state>CA</state>
        <party>D</party>
        <bioguideId>C001112</bioguideId>
        <identifiers>
          <bioguideId>C001112</bioguideId>
          <lisID>2310</lisID>
          <gpoId />
        </identifiers>
        <isOriginalCosponsor>False</isOriginalCosponsor>
        <firstName>Salud</firstName>
        <sponsorshipWithdrawnDate />
        <middleName>O.</middleName>
        <district>24</district>
      </item>
      <item>
        <fullName>Rep. McEachin, A. Donald [D-VA-4]</fullName>
        <sponsorshipDate>2018-02-02</sponsorshipDate>
        <lastName>McEachin</lastName>
        <state>VA</state>
        <party>D</party>
        <bioguideId>M001200</bioguideId>
        <identifiers>
          <lisID>2352</lisID>
          <gpoId />
          <bioguideId>M001200</bioguideId>
        </identifiers>
        <isOriginalCosponsor>False</isOriginalCosponsor>
        <firstName>A.</firstName>
        <sponsorshipWithdrawnDate />
        <middleName>Donald</middleName>
        <district>4</district>
      </item>
      <item>
        <fullName>Rep. Russell, Steve [R-OK-5]</fullName>
        <sponsorshipDate>2018-02-05</sponsorshipDate>
        <lastName>Russell</lastName>
        <state>OK</state>
        <party>R</party>
        <bioguideId>R000604</bioguideId>
        <identifiers>
          <lisID>2265</lisID>
          <gpoId />
          <bioguideId>R000604</bioguideId>
        </identifiers>
        <isOriginalCosponsor>False</isOriginalCosponsor>
        <firstName>Steve</firstName>
        <sponsorshipWithdrawnDate />
        <middleName />
        <district>5</district>
      </item>
      <item>
        <fullName>Rep. Bishop, Rob [R-UT-1]</fullName>
        <sponsorshipDate>2018-02-05</sponsorshipDate>
        <lastName>Bishop</lastName>
        <state>UT</state>
        <party>R</party>
        <bioguideId>B001250</bioguideId>
        <identifiers>
          <lisID>1753</lisID>
          <gpoId>8189</gpoId>
          <bioguideId>B001250</bioguideId>
        </identifiers>
        <isOriginalCosponsor>False</isOriginalCosponsor>
        <firstName>Rob</firstName>
        <sponsorshipWithdrawnDate />
        <middleName />
        <district>1</district>
      </item>
      <item>
        <fullName>Rep. Conaway, K. Michael [R-TX-11]</fullName>
        <sponsorshipDate>2018-02-05</sponsorshipDate>
        <lastName>Conaway</lastName>
        <state>TX</state>
        <party>R</party>
        <bioguideId>C001062</bioguideId>
        <identifiers>
          <gpoId>8167</gpoId>
          <lisID>1805</lisID>
          <bioguideId>C001062</bioguideId>
        </identifiers>
        <isOriginalCosponsor>False</isOriginalCosponsor>
        <firstName>K.</firstName>
        <sponsorshipWithdrawnDate />
        <middleName>Michael</middleName>
        <district>11</district>
      </item>
      <item>
        <fullName>Rep. Garamendi, John [D-CA-3]</fullName>
        <sponsorshipDate>2018-02-06</sponsorshipDate>
        <lastName>Garamendi</lastName>
        <state>CA</state>
        <party>D</party>
        <bioguideId>G000559</bioguideId>
        <identifiers>
          <gpoId>7815</gpoId>
          <lisID>1973</lisID>
          <bioguideId>G000559</bioguideId>
        </identifiers>
        <isOriginalCosponsor>False</isOriginalCosponsor>
        <firstName>John</firstName>
        <sponsorshipWithdrawnDate />
        <middleName />
        <district>3</district>
      </item>
      <item>
        <fullName>Rep. Gaetz, Matt [R-FL-1]</fullName>
        <sponsorshipDate>2018-02-06</sponsorshipDate>
        <lastName>Gaetz</lastName>
        <state>FL</state>
        <party>R</party>
        <bioguideId>G000578</bioguideId>
        <identifiers>
          <gpoId />
          <lisID>2314</lisID>
          <bioguideId>G000578</bioguideId>
        </identifiers>
        <isOriginalCosponsor>False</isOriginalCosponsor>
        <firstName>Matt</firstName>
        <sponsorshipWithdrawnDate />
        <middleName />
        <district>1</district>
      </item>
      <item>
        <fullName>Rep. Brown, Anthony G. [D-MD-4]</fullName>
        <sponsorshipDate>2018-02-06</sponsorshipDate>
        <lastName>Brown</lastName>
        <state>MD</state>
        <party>D</party>
        <bioguideId>B001304</bioguideId>
        <identifiers>
          <lisID>2331</lisID>
          <bioguideId>B001304</bioguideId>
          <gpoId />
        </identifiers>
        <isOriginalCosponsor>False</isOriginalCosponsor>
        <firstName>Anthony</firstName>
        <sponsorshipWithdrawnDate />
        <middleName>G.</middleName>
        <district>4</district>
      </item>
      <item>
        <fullName>Rep. Scalise, Steve [R-LA-1]</fullName>
        <sponsorshipDate>2018-02-07</sponsorshipDate>
        <lastName>Scalise</lastName>
        <state>LA</state>
        <party>R</party>
        <bioguideId>S001176</bioguideId>
        <identifiers>
          <lisID>1892</lisID>
          <bioguideId>S001176</bioguideId>
          <gpoId>7959</gpoId>
        </identifiers>
        <isOriginalCosponsor>False</isOriginalCosponsor>
        <firstName>Steve</firstName>
        <sponsorshipWithdrawnDate />
        <middleName />
        <district>1</district>
      </item>
      <item>
        <fullName>Rep. Kelly, Trent [R-MS-1]</fullName>
        <sponsorshipDate>2018-02-13</sponsorshipDate>
        <lastName>Kelly</lastName>
        <state>MS</state>
        <party>R</party>
        <bioguideId>K000388</bioguideId>
        <identifiers>
          <bioguideId>K000388</bioguideId>
          <lisID>2294</lisID>
          <gpoId />
        </identifiers>
        <isOriginalCosponsor>False</isOriginalCosponsor>
        <firstName>Trent</firstName>
        <sponsorshipWithdrawnDate />
        <middleName />
        <district>1</district>
      </item>
      <item>
        <fullName>Rep. McSally, Martha [R-AZ-2]</fullName>
        <sponsorshipDate>2018-02-13</sponsorshipDate>
        <lastName>McSally</lastName>
        <state>AZ</state>
        <party>R</party>
        <bioguideId>M001197</bioguideId>
        <identifiers>
          <lisID>2225</lisID>
          <gpoId />
          <bioguideId>M001197</bioguideId>
        </identifiers>
        <isOriginalCosponsor>False</isOriginalCosponsor>
        <firstName>Martha</firstName>
        <sponsorshipWithdrawnDate />
        <middleName />
        <district>2</district>
      </item>
      <item>
        <fullName>Rep. Abraham, Ralph Lee [R-LA-5]</fullName>
        <sponsorshipDate>2018-02-14</sponsorshipDate>
        <lastName>Abraham</lastName>
        <state>LA</state>
        <party>R</party>
        <bioguideId>A000374</bioguideId>
        <identifiers>
          <bioguideId>A000374</bioguideId>
          <lisID>2244</lisID>
          <gpoId />
        </identifiers>
        <isOriginalCosponsor>False</isOriginalCosponsor>
        <firstName>Ralph</firstName>
        <sponsorshipWithdrawnDate />
        <middleName>Lee</middleName>
        <district>5</district>
      </item>
    </cosponsors>
    <recordedVotes>
      <recordedVote>
        <congress>115</congress>
        <date>2018-02-14T19:06:16Z</date>
        <fullActionName>Final Passage Under Suspension of the Rules Results</fullActionName>
        <chamber>House</chamber>
        <rollNumber>75</rollNumber>
        <sessionNumber>2</sessionNumber>
        <url>http://clerk.house.gov/evs/2018/roll075.xml</url>
      </recordedVote>
    </recordedVotes>
    <policyArea>
      <name>Armed Forces and National Security</name>
    </policyArea>
    <committees>
      <billCommittees>
        <item>
          <systemCode>hsas00</systemCode>
          <subcommittees>
            <item>
              <activities>
                <item>
                  <name>Referred to</name>
                  <date>2017-02-24T19:17:41Z</date>
                </item>
              </activities>
              <name>Military Personnel Subcommittee</name>
              <systemCode>hsas02</systemCode>
            </item>
          </subcommittees>
          <activities>
            <item>
              <name>Referred to</name>
              <date>2017-02-15T15:02:10Z</date>
            </item>
          </activities>
          <name>Armed Services Committee</name>
          <chamber>House</chamber>
          <type>Standing</type>
        </item>
        <item>
          <systemCode>hsfa00</systemCode>
          <subcommittees />
          <activities>
            <item>
              <name>Referred to</name>
              <date>2017-02-15T15:02:05Z</date>
            </item>
          </activities>
          <name>Foreign Affairs Committee</name>
          <chamber>House</chamber>
          <type>Standing</type>
        </item>
      </billCommittees>
    </committees>
    <actions>
      <actionTypeCounts>
        <motionMadeToSuspendTheRules>1</motionMadeToSuspendTheRules>
        <billReferrals>2</billReferrals>
        <finalPassageUnderSuspensionOfTheRulesResults>1</finalPassageUnderSuspensionOfTheRulesResults>
        <billReferralsAggregate>1</billReferralsAggregate>
        <considerationByHouse>2</considerationByHouse>
        <generalDebate>2</generalDebate>
        <placeholderTextForH>2</placeholderTextForH>
        <introducedInTheHouse>1</introducedInTheHouse>
        <introducedInHouse>1</introducedInHouse>
        <amendingTheTitleOfAnActWithoutObjection>1</amendingTheTitleOfAnActWithoutObjection>
        <passedAgreedToInHouse>1</passedAgreedToInHouse>
      </actionTypeCounts>
      <item>
        <links />
        <actionTime>14:06:21</actionTime>
        <actionDate>2018-02-14</actionDate>
        <text>Motion to reconsider laid on the table. Agreed to without objection.</text>
        <committee />
        <sourceSystem>
          <code>2</code>
          <name>House floor actions</name>
        </sourceSystem>
        <actionCode>H8D000</actionCode>
        <type>Floor</type>
      </item>
      <item>
        <links />
        <actionTime>14:06:20</actionTime>
        <actionDate>2018-02-14</actionDate>
        <text>The title of the measure was amended. Agreed to without objection.</text>
        <committee />
        <sourceSystem>
          <code>2</code>
          <name>House floor actions</name>
        </sourceSystem>
        <actionCode>H38800</actionCode>
        <type>Floor</type>
      </item>
      <item>
        <links>
          <link>
            <url>https://www.congress.gov/congressional-record/volume-164/house-section/page/H1087</url>
            <name>CR 2/13/2018 H1087</name>
          </link>
          <link>
            <url>http://clerk.house.gov/evs/2018/roll075.xml</url>
            <name>Roll no. 75</name>
          </link>
        </links>
        <actionTime>14:06:16</actionTime>
        <actionDate>2018-02-14</actionDate>
        <text>On motion to suspend the rules and agree to the resolution, as amended Agreed to by the Yeas and Nays: (2/3 required): 411 - 0 (Roll no. 75). (text: CR 2/13/2018 H1087)</text>
        <committee />
        <sourceSystem>
          <code>2</code>
          <name>House floor actions</name>
        </sourceSystem>
        <actionCode>H37300</actionCode>
        <type>Floor</type>
      </item>
      <item>
        <links>
          <link>
            <url>https://www.congress.gov/congressional-record/volume-164/house-section/page/H1087</url>
            <name>CR 2/13/2018 H1087</name>
          </link>
          <link>
            <url>http://clerk.house.gov/evs/2018/roll075.xml</url>
            <name>Roll no. 75</name>
          </link>
        </links>
        <actionTime>14:06:16</actionTime>
        <actionDate>2018-02-14</actionDate>
        <text>Passed/agreed to in House: On motion to suspend the rules and agree to the resolution, as amended Agreed to by the Yeas and Nays: (2/3 required): 411 - 0 (Roll no. 75).(text: CR 2/13/2018 H1087)</text>
        <committee />
        <sourceSystem>
          <code>9</code>
          <name>Library of Congress</name>
        </sourceSystem>
        <actionCode>8000</actionCode>
        <type>Floor</type>
      </item>
      <item>
        <links>
          <link>
            <url>https://www.congress.gov/congressional-record/volume-164/house-section/page/H1147</url>
            <name>H1147</name>
          </link>
        </links>
        <actionTime>13:59:39</actionTime>
        <actionDate>2018-02-14</actionDate>
        <text>Considered as unfinished business. (consideration: CR H1147)</text>
        <committee />
        <sourceSystem>
          <code>2</code>
          <name>House floor actions</name>
        </sourceSystem>
        <actionCode>H30000</actionCode>
        <type>Floor</type>
      </item>
      <item>
        <links />
        <actionTime>16:28:55</actionTime>
        <actionDate>2018-02-13</actionDate>
        <text>At the conclusion of debate, the Yeas and Nays were demanded and ordered. Pursuant to the provisions of clause 8, rule XX, the Chair announced that further proceedings on the motion would be postponed.</text>
        <committee />
        <sourceSystem>
          <code>2</code>
          <name>House floor actions</name>
        </sourceSystem>
        <actionCode>H37220</actionCode>
        <type>Floor</type>
      </item>
      <item>
        <links>
          <link>
            <url>https://www.congress.gov/bill/115th-congress/house-resolution/129</url>
            <name>H. Res. 129</name>
          </link>
        </links>
        <actionTime>16:06:40</actionTime>
        <actionDate>2018-02-13</actionDate>
        <text>DEBATE - The House proceeded with forty minutes of debate on H. Res. 129.</text>
        <committee />
        <sourceSystem>
          <code>2</code>
          <name>House floor actions</name>
        </sourceSystem>
        <actionCode>H8D000</actionCode>
        <type>Floor</type>
      </item>
      <item>
        <links>
          <link>
            <url>https://www.congress.gov/congressional-record/volume-164/house-section/page/H1087-1090</url>
            <name>H1087-1090</name>
          </link>
        </links>
        <actionTime>16:06:39</actionTime>
        <actionDate>2018-02-13</actionDate>
        <text>Considered under suspension of the rules. (consideration: CR H1087-1090)</text>
        <committee />
        <sourceSystem>
          <code>2</code>
          <name>House floor actions</name>
        </sourceSystem>
        <actionCode>H30000</actionCode>
        <type>Floor</type>
      </item>
      <item>
        <links />
        <actionTime>16:06:27</actionTime>
        <actionDate>2018-02-13</actionDate>
        <text>Mr. Wilson (SC) moved to suspend the rules and agree to the resolution, as amended.</text>
        <committee />
        <sourceSystem>
          <code>2</code>
          <name>House floor actions</name>
        </sourceSystem>
        <actionCode>H30300</actionCode>
        <type>Floor</type>
      </item>
      <item>
        <actionDate>2017-02-24</actionDate>
        <committee>
          <name>Military Personnel Subcommittee</name>
          <systemCode>hsas02</systemCode>
        </committee>
        <links />
        <sourceSystem>
          <code>1</code>
          <name>House committee actions</name>
        </sourceSystem>
        <text>Referred to the Subcommittee on Military Personnel.</text>
        <type>Committee</type>
      </item>
      <item>
        <links />
        <type>IntroReferral</type>
        <actionDate>2017-02-15</actionDate>
        <text>Referred to the Committee on Foreign Affairs, and in addition to the Committee on Armed Services, for a period to be subsequently determined by the Speaker, in each case for consideration of such provisions as fall within the jurisdiction of the committee concerned.</text>
        <committee>
          <name>Armed Services Committee</name>
          <systemCode>hsas00</systemCode>
        </committee>
        <sourceSystem>
          <code>2</code>
          <name>House floor actions</name>
        </sourceSystem>
        <actionCode>H11100</actionCode>
      </item>
      <item>
        <links />
        <type>IntroReferral</type>
        <actionDate>2017-02-15</actionDate>
        <text>Referred to the Committee on Foreign Affairs, and in addition to the Committee on Armed Services, for a period to be subsequently determined by the Speaker, in each case for consideration of such provisions as fall within the jurisdiction of the committee concerned.</text>
        <committee />
        <sourceSystem>
          <code>9</code>
          <name>Library of Congress</name>
        </sourceSystem>
        <actionCode>H11100-A</actionCode>
      </item>
      <item>
        <links />
        <type>IntroReferral</type>
        <actionDate>2017-02-15</actionDate>
        <text>Referred to the Committee on Foreign Affairs, and in addition to the Committee on Armed Services, for a period to be subsequently determined by the Speaker, in each case for consideration of such provisions as fall within the jurisdiction of the committee concerned.</text>
        <committee>
          <name>Foreign Affairs Committee</name>
          <systemCode>hsfa00</systemCode>
        </committee>
        <sourceSystem>
          <code>2</code>
          <name>House floor actions</name>
        </sourceSystem>
        <actionCode>H11100</actionCode>
      </item>
      <item>
        <links />
        <type>IntroReferral</type>
        <actionDate>2017-02-15</actionDate>
        <text>Introduced in House</text>
        <committee />
        <sourceSystem>
          <code>9</code>
          <name>Library of Congress</name>
        </sourceSystem>
        <actionCode>Intro-H</actionCode>
      </item>
      <item>
        <links />
        <type>IntroReferral</type>
        <actionDate>2017-02-15</actionDate>
        <text>Introduced in House</text>
        <committee />
        <sourceSystem>
          <code>9</code>
          <name>Library of Congress</name>
        </sourceSystem>
        <actionCode>1000</actionCode>
      </item>
      <actionByCounts>
        <houseOfRepresentatives>15</houseOfRepresentatives>
      </actionByCounts>
    </actions>
    <version>1.0.0</version>
    <congress>115</congress>
  </bill>
  <dublinCore xmlns:dc="http://purl.org/dc/elements/1.1/">
    <dc:format>text/xml</dc:format>
    <dc:language>EN</dc:language>
    <dc:rights>Pursuant to Title 17 Section 105 of the United States Code, this file is not subject to copyright protection and is in the public domain.</dc:rights>
    <dc:contributor>Congressional Research Service, Library of Congress</dc:contributor>
    <dc:description>This file contains bill summaries and statuses for federal legislation. A bill summary describes the most significant provisions of a piece of legislation and details the effects the legislative text may have on current law and federal programs. Bill summaries are authored by the Congressional Research Service (CRS) of the Library of Congress. As stated in Public Law 91-510 (2 USC 166 (d)(6)), one of the duties of CRS is "to prepare summaries and digests of bills and resolutions of a public general nature introduced in the Senate or House of Representatives". For more information, refer to the User Guide that accompanies this file.</dc:description>
  </dublinCore>
</billStatus>

