<?xml version="1.0" encoding="UTF-8"?>
<billStatus>
  <bill>
    <committees>
      <billCommittees>
        <item>
          <chamber>House</chamber>
          <systemCode>hsfa00</systemCode>
          <subcommittees>
            <item>
              <systemCode>hsfa05</systemCode>
              <name>Asia and the Pacific Subcommittee</name>
              <activities>
                <item>
                  <name>Referred to</name>
                  <date>2017-05-18T15:24:22Z</date>
                </item>
              </activities>
            </item>
          </subcommittees>
          <type>Standing</type>
          <name>Foreign Affairs Committee</name>
          <activities>
            <item>
              <name>Referred to</name>
              <date>2017-03-23T13:00:49Z</date>
            </item>
          </activities>
        </item>
        <item>
          <chamber>House</chamber>
          <systemCode>hsas00</systemCode>
          <subcommittees>
            <item>
              <systemCode>hsas29</systemCode>
              <name>Strategic Forces Subcommittee</name>
              <activities>
                <item>
                  <name>Referred to</name>
                  <date>2017-04-05T14:08:23Z</date>
                </item>
              </activities>
            </item>
          </subcommittees>
          <type>Standing</type>
          <name>Armed Services Committee</name>
          <activities>
            <item>
              <name>Referred to</name>
              <date>2017-03-23T13:00:54Z</date>
            </item>
          </activities>
        </item>
      </billCommittees>
    </committees>
    <recordedVotes />
    <laws />
    <summaries>
      <billSummaries>
        <item>
          <name>Introduced in House</name>
          <actionDesc>Introduced in House</actionDesc>
          <actionDate>2017-03-23</actionDate>
          <lastSummaryUpdateDate>2017-06-15T20:56:23Z</lastSummaryUpdateDate>
          <versionCode>00</versionCode>
          <updateDate>2017-03-23T04:00:00Z</updateDate>
          <text><![CDATA[<p>Condemns North Korea's recent ballistic missile tests and its announcement of being in the final stages of a potential intercontinental ballistic missile test. Urges the U.S. government to take all necessary measures to protect its citizens and allies in the region and closely cooperate with the international community to eliminate North Korea's nuclear and ballistic missile programs.</p> <p>Supports the prompt deployment of the Terminal High Altitude Area Defense (THAAD) system to counter the North Korean threat and welcomes the arrival of its first elements into U.S. Forces Korea in South Korea. Commends the South Korean government for its commitment to and cooperation in the effective deployment of THAAD.</p> <p>Condemns China's retaliatory measures against South Korea in response to such deployment. </p> <p>Urges the Chinese government to: (1) immediately cease its diplomatic intimidation and economic coercion against South Korea, and (2) pressure North Korea to give up its nuclear and ballistic missile programs instead of undermining South Korea's sovereign right to defend itself.</p>]]></text>
        </item>
      </billSummaries>
    </summaries>
    <calendarNumbers />
    <titles>
      <item>
        <titleType>Official Title as Introduced</titleType>
        <title>Calling on the People's Republic of China (PRC) to cease its retaliatory measures against the Republic of Korea in response to the deployment of the U.S. Terminal High Altitude Area Defense (THAAD) to U.S. Forces Korea (USFK), and for other purposes.</title>
        <parentTitleType />
        <chamberCode />
        <chamberName />
      </item>
      <item>
        <titleType>Display Title</titleType>
        <title>Calling on the People's Republic of China (PRC) to cease its retaliatory measures against the Republic of Korea in response to the deployment of the U.S. Terminal High Altitude Area Defense (THAAD) to U.S. Forces Korea (USFK), and for other purposes.</title>
        <parentTitleType />
        <chamberCode />
        <chamberName />
      </item>
    </titles>
    <cosponsors>
      <item>
        <sponsorshipDate>2017-03-23</sponsorshipDate>
        <party>R</party>
        <fullName>Rep. Marino, Tom [R-PA-10]</fullName>
        <identifiers>
          <lisID>2053</lisID>
          <gpoId>8128</gpoId>
          <bioguideId>M001179</bioguideId>
        </identifiers>
        <lastName>Marino</lastName>
        <firstName>Tom</firstName>
        <isOriginalCosponsor>True</isOriginalCosponsor>
        <middleName />
        <sponsorshipWithdrawnDate />
        <state>PA</state>
        <district>10</district>
        <bioguideId>M001179</bioguideId>
      </item>
      <item>
        <sponsorshipDate>2017-03-23</sponsorshipDate>
        <party>R</party>
        <fullName>Rep. Kelly, Mike [R-PA-3]</fullName>
        <identifiers>
          <bioguideId>K000376</bioguideId>
          <lisID>2051</lisID>
          <gpoId>8708</gpoId>
        </identifiers>
        <lastName>Kelly</lastName>
        <firstName>Mike</firstName>
        <isOriginalCosponsor>True</isOriginalCosponsor>
        <middleName />
        <sponsorshipWithdrawnDate />
        <state>PA</state>
        <district>3</district>
        <bioguideId>K000376</bioguideId>
      </item>
      <item>
        <sponsorshipDate>2017-03-23</sponsorshipDate>
        <party>D</party>
        <fullName>Rep. Connolly, Gerald E. [D-VA-11]</fullName>
        <identifiers>
          <gpoId>8202</gpoId>
          <lisID>1959</lisID>
          <bioguideId>C001078</bioguideId>
        </identifiers>
        <lastName>Connolly</lastName>
        <firstName>Gerald</firstName>
        <isOriginalCosponsor>True</isOriginalCosponsor>
        <middleName>E.</middleName>
        <sponsorshipWithdrawnDate />
        <state>VA</state>
        <district>11</district>
        <bioguideId>C001078</bioguideId>
      </item>
      <item>
        <sponsorshipDate>2017-03-23</sponsorshipDate>
        <party>R</party>
        <fullName>Rep. Rogers, Mike D. [R-AL-3]</fullName>
        <identifiers>
          <lisID>1704</lisID>
          <bioguideId>R000575</bioguideId>
          <gpoId>7788</gpoId>
        </identifiers>
        <lastName>Rogers</lastName>
        <firstName>Mike</firstName>
        <isOriginalCosponsor>True</isOriginalCosponsor>
        <middleName />
        <sponsorshipWithdrawnDate />
        <state>AL</state>
        <district>3</district>
        <bioguideId>R000575</bioguideId>
      </item>
      <item>
        <sponsorshipDate>2017-03-23</sponsorshipDate>
        <party>D</party>
        <fullName>Rep. Bera, Ami [D-CA-7]</fullName>
        <identifiers>
          <lisID>2102</lisID>
          <bioguideId>B001287</bioguideId>
          <gpoId />
        </identifiers>
        <lastName>Bera</lastName>
        <firstName>Ami</firstName>
        <isOriginalCosponsor>True</isOriginalCosponsor>
        <middleName />
        <sponsorshipWithdrawnDate />
        <state>CA</state>
        <district>7</district>
        <bioguideId>B001287</bioguideId>
      </item>
    </cosponsors>
    <cboCostEstimates />
    <latestAction>
      <text>Referred to the Subcommittee on Asia and the Pacific.</text>
      <links />
      <actionDate>2017-05-18</actionDate>
    </latestAction>
    <updateDate>2018-08-28T19:54:21Z</updateDate>
    <version>1.0.0</version>
    <constitutionalAuthorityStatementText />
    <policyArea>
      <name>International Affairs</name>
    </policyArea>
    <billType>HRES</billType>
    <billNumber>223</billNumber>
    <originChamber>House</originChamber>
    <relatedBills />
    <title>Calling on the People's Republic of China (PRC) to cease its retaliatory measures against the Republic of Korea in response to the deployment of the U.S. Terminal High Altitude Area Defense (THAAD) to U.S. Forces Korea (USFK), and for other purposes.</title>
    <congress>115</congress>
    <actions>
      <item>
        <actionDate>2017-05-18</actionDate>
        <committee>
          <systemCode>hsfa05</systemCode>
          <name>Asia and the Pacific Subcommittee</name>
        </committee>
        <links />
        <sourceSystem>
          <code>1</code>
          <name>House committee actions</name>
        </sourceSystem>
        <text>Referred to the Subcommittee on Asia and the Pacific.</text>
        <type>Committee</type>
      </item>
      <item>
        <actionDate>2017-04-05</actionDate>
        <committee>
          <systemCode>hsas29</systemCode>
          <name>Strategic Forces Subcommittee</name>
        </committee>
        <links />
        <sourceSystem>
          <code>1</code>
          <name>House committee actions</name>
        </sourceSystem>
        <text>Referred to the Subcommittee on Strategic Forces.</text>
        <type>Committee</type>
      </item>
      <item>
        <text>Referred to the Committee on Foreign Affairs, and in addition to the Committee on Armed Services, for a period to be subsequently determined by the Speaker, in each case for consideration of such provisions as fall within the jurisdiction of the committee concerned.</text>
        <type>IntroReferral</type>
        <links />
        <actionDate>2017-03-23</actionDate>
        <sourceSystem>
          <code>2</code>
          <name>House floor actions</name>
        </sourceSystem>
        <committee>
          <systemCode>hsas00</systemCode>
          <name>Armed Services Committee</name>
        </committee>
        <actionCode>H11100</actionCode>
      </item>
      <item>
        <text>Referred to the Committee on Foreign Affairs, and in addition to the Committee on Armed Services, for a period to be subsequently determined by the Speaker, in each case for consideration of such provisions as fall within the jurisdiction of the committee concerned.</text>
        <type>IntroReferral</type>
        <links />
        <actionDate>2017-03-23</actionDate>
        <sourceSystem>
          <code>9</code>
          <name>Library of Congress</name>
        </sourceSystem>
        <committee />
        <actionCode>H11100-A</actionCode>
      </item>
      <item>
        <text>Referred to the Committee on Foreign Affairs, and in addition to the Committee on Armed Services, for a period to be subsequently determined by the Speaker, in each case for consideration of such provisions as fall within the jurisdiction of the committee concerned.</text>
        <type>IntroReferral</type>
        <links />
        <actionDate>2017-03-23</actionDate>
        <sourceSystem>
          <code>2</code>
          <name>House floor actions</name>
        </sourceSystem>
        <committee>
          <systemCode>hsfa00</systemCode>
          <name>Foreign Affairs Committee</name>
        </committee>
        <actionCode>H11100</actionCode>
      </item>
      <item>
        <text>Introduced in House</text>
        <type>IntroReferral</type>
        <links />
        <actionDate>2017-03-23</actionDate>
        <sourceSystem>
          <code>9</code>
          <name>Library of Congress</name>
        </sourceSystem>
        <committee />
        <actionCode>Intro-H</actionCode>
      </item>
      <item>
        <text>Introduced in House</text>
        <type>IntroReferral</type>
        <links />
        <actionDate>2017-03-23</actionDate>
        <sourceSystem>
          <code>9</code>
          <name>Library of Congress</name>
        </sourceSystem>
        <committee />
        <actionCode>1000</actionCode>
      </item>
      <actionByCounts>
        <houseOfRepresentatives>7</houseOfRepresentatives>
      </actionByCounts>
      <actionTypeCounts>
        <billReferralsAggregate>1</billReferralsAggregate>
        <billReferrals>2</billReferrals>
        <introducedInTheHouse>1</introducedInTheHouse>
        <placeholderTextForH>2</placeholderTextForH>
        <introducedInHouse>1</introducedInHouse>
      </actionTypeCounts>
    </actions>
    <subjects>
      <billSubjects>
        <legislativeSubjects>
          <item>
            <name>Arms control and nonproliferation</name>
          </item>
          <item>
            <name>Asia</name>
          </item>
          <item>
            <name>China</name>
          </item>
          <item>
            <name>Diplomacy, foreign officials, Americans abroad</name>
          </item>
          <item>
            <name>Military operations and strategy</name>
          </item>
          <item>
            <name>North Korea</name>
          </item>
          <item>
            <name>Nuclear weapons</name>
          </item>
          <item>
            <name>South Korea</name>
          </item>
          <item>
            <name>Sovereignty, recognition, national governance and status</name>
          </item>
        </legislativeSubjects>
        <policyArea>
          <name>International Affairs</name>
        </policyArea>
      </billSubjects>
    </subjects>
    <committeeReports />
    <introducedDate>2017-03-23</introducedDate>
    <sponsors>
      <item>
        <bioguideId>Y000065</bioguideId>
        <middleName>S.</middleName>
        <byRequestType />
        <fullName>Rep. Yoho, Ted S. [R-FL-3]</fullName>
        <lastName>Yoho</lastName>
        <state>FL</state>
        <district>3</district>
        <party>R</party>
        <identifiers>
          <bioguideId>Y000065</bioguideId>
          <lisID>2115</lisID>
          <gpoId />
        </identifiers>
        <firstName>Ted</firstName>
      </item>
    </sponsors>
    <notes />
    <createDate>2017-03-24T05:20:56Z</createDate>
    <amendments />
  </bill>
  <dublinCore xmlns:dc="http://purl.org/dc/elements/1.1/">
    <dc:format>text/xml</dc:format>
    <dc:language>EN</dc:language>
    <dc:rights>Pursuant to Title 17 Section 105 of the United States Code, this file is not subject to copyright protection and is in the public domain.</dc:rights>
    <dc:contributor>Congressional Research Service, Library of Congress</dc:contributor>
    <dc:description>This file contains bill summaries and statuses for federal legislation. A bill summary describes the most significant provisions of a piece of legislation and details the effects the legislative text may have on current law and federal programs. Bill summaries are authored by the Congressional Research Service (CRS) of the Library of Congress. As stated in Public Law 91-510 (2 USC 166 (d)(6)), one of the duties of CRS is "to prepare summaries and digests of bills and resolutions of a public general nature introduced in the Senate or House of Representatives". For more information, refer to the User Guide that accompanies this file.</dc:description>
  </dublinCore>
</billStatus>

