<?xml version="1.0" encoding="UTF-8"?>
<billStatus>
  <bill>
    <titles>
      <item>
        <parentTitleType />
        <titleType>Official Title as Introduced</titleType>
        <chamberCode />
        <title>Calling upon the United States Senate to give its advice and consent to the ratification of the United Nations Convention on the Law of the Sea.</title>
        <chamberName />
      </item>
      <item>
        <parentTitleType />
        <titleType>Display Title</titleType>
        <chamberCode />
        <title>Calling upon the United States Senate to give its advice and consent to the ratification of the United Nations Convention on the Law of the Sea.</title>
        <chamberName />
      </item>
    </titles>
    <notes />
    <latestAction>
      <links />
      <text>Referred to the House Committee on Foreign Affairs.</text>
      <actionDate>2017-05-18</actionDate>
    </latestAction>
    <constitutionalAuthorityStatementText />
    <committees>
      <billCommittees>
        <item>
          <systemCode>hsfa00</systemCode>
          <subcommittees />
          <activities>
            <item>
              <name>Referred to</name>
              <date>2017-05-18T14:04:10Z</date>
            </item>
          </activities>
          <name>Foreign Affairs Committee</name>
          <chamber>House</chamber>
          <type>Standing</type>
        </item>
      </billCommittees>
    </committees>
    <actions>
      <item>
        <text>Referred to the House Committee on Foreign Affairs.</text>
        <links />
        <type>IntroReferral</type>
        <sourceSystem>
          <code>2</code>
          <name>House floor actions</name>
        </sourceSystem>
        <committee>
          <systemCode>hsfa00</systemCode>
          <name>Foreign Affairs Committee</name>
        </committee>
        <actionDate>2017-05-18</actionDate>
        <actionCode>H11100</actionCode>
      </item>
      <item>
        <text>Introduced in House</text>
        <links />
        <type>IntroReferral</type>
        <sourceSystem>
          <code>9</code>
          <name>Library of Congress</name>
        </sourceSystem>
        <committee />
        <actionDate>2017-05-18</actionDate>
        <actionCode>Intro-H</actionCode>
      </item>
      <item>
        <text>Introduced in House</text>
        <links />
        <type>IntroReferral</type>
        <sourceSystem>
          <code>9</code>
          <name>Library of Congress</name>
        </sourceSystem>
        <committee />
        <actionDate>2017-05-18</actionDate>
        <actionCode>1000</actionCode>
      </item>
      <actionTypeCounts>
        <introducedInTheHouse>1</introducedInTheHouse>
        <billReferrals>1</billReferrals>
        <introducedInHouse>1</introducedInHouse>
      </actionTypeCounts>
      <actionByCounts>
        <houseOfRepresentatives>3</houseOfRepresentatives>
      </actionByCounts>
    </actions>
    <policyArea>
      <name>International Affairs</name>
    </policyArea>
    <sponsors>
      <item>
        <fullName>Rep. Courtney, Joe [D-CT-2]</fullName>
        <party>D</party>
        <bioguideId>C001069</bioguideId>
        <identifiers>
          <lisID>1836</lisID>
          <gpoId>7867</gpoId>
          <bioguideId>C001069</bioguideId>
        </identifiers>
        <lastName>Courtney</lastName>
        <district>2</district>
        <middleName />
        <firstName>Joe</firstName>
        <byRequestType />
        <state>CT</state>
      </item>
    </sponsors>
    <recordedVotes />
    <updateDate>2018-08-28T19:54:45Z</updateDate>
    <billNumber>339</billNumber>
    <title>Calling upon the United States Senate to give its advice and consent to the ratification of the United Nations Convention on the Law of the Sea.</title>
    <relatedBills />
    <amendments />
    <version>1.0.0</version>
    <laws />
    <cboCostEstimates />
    <billType>HRES</billType>
    <createDate>2017-05-19T03:11:37Z</createDate>
    <originChamber>House</originChamber>
    <summaries>
      <billSummaries>
        <item>
          <text><![CDATA[<p>Affirms that it is in the U.S. national interest to become a formal signatory to the United Nations Convention of the Law of the Sea.</p> <p> Urges the Senate to give its advice and consent to the convention's ratification. </p> <p>Recommends the ratification remain a top Administration priority, having received bipartisan support from every President since 1994, and having most recently been underscored by the strategic challenges the United States faces in the Asia-Pacific region and more specifically in the South China Sea.</p>]]></text>
          <lastSummaryUpdateDate>2017-05-22T20:33:21Z</lastSummaryUpdateDate>
          <actionDesc>Introduced in House</actionDesc>
          <updateDate>2017-05-18T04:00:00Z</updateDate>
          <name>Introduced in House</name>
          <versionCode>00</versionCode>
          <actionDate>2017-05-18</actionDate>
        </item>
      </billSummaries>
    </summaries>
    <committeeReports />
    <calendarNumbers />
    <cosponsors>
      <item>
        <party>R</party>
        <state>AK</state>
        <bioguideId>Y000033</bioguideId>
        <sponsorshipWithdrawnDate />
        <isOriginalCosponsor>True</isOriginalCosponsor>
        <identifiers>
          <lisID>1256</lisID>
          <bioguideId>Y000033</bioguideId>
          <gpoId>7785</gpoId>
        </identifiers>
        <fullName>Rep. Young, Don [R-AK-At Large]</fullName>
        <lastName>YOUNG</lastName>
        <sponsorshipDate>2017-05-18</sponsorshipDate>
        <firstName>DON</firstName>
        <district>0</district>
        <middleName>E.</middleName>
      </item>
      <item>
        <party>D</party>
        <state>GU</state>
        <bioguideId>B001245</bioguideId>
        <sponsorshipWithdrawnDate />
        <isOriginalCosponsor>True</isOriginalCosponsor>
        <identifiers>
          <bioguideId>B001245</bioguideId>
          <lisID>1723</lisID>
          <gpoId>7911</gpoId>
        </identifiers>
        <fullName>Rep. Bordallo, Madeleine Z. [D-GU-At Large]</fullName>
        <lastName>Bordallo</lastName>
        <sponsorshipDate>2017-05-18</sponsorshipDate>
        <firstName>Madeleine</firstName>
        <district>0</district>
        <middleName>Z.</middleName>
      </item>
      <item>
        <party>D</party>
        <state>CA</state>
        <bioguideId>D000598</bioguideId>
        <sponsorshipWithdrawnDate />
        <isOriginalCosponsor>True</isOriginalCosponsor>
        <identifiers>
          <bioguideId>D000598</bioguideId>
          <lisID>1641</lisID>
          <gpoId>7858</gpoId>
        </identifiers>
        <fullName>Rep. Davis, Susan A. [D-CA-53]</fullName>
        <lastName>DAVIS</lastName>
        <sponsorshipDate>2017-05-18</sponsorshipDate>
        <firstName>SUSAN</firstName>
        <district>53</district>
        <middleName>A.</middleName>
      </item>
      <item>
        <party>D</party>
        <state>WA</state>
        <bioguideId>L000560</bioguideId>
        <sponsorshipWithdrawnDate />
        <isOriginalCosponsor>True</isOriginalCosponsor>
        <identifiers>
          <lisID>1675</lisID>
          <bioguideId>L000560</bioguideId>
          <gpoId>8206</gpoId>
        </identifiers>
        <fullName>Rep. Larsen, Rick [D-WA-2]</fullName>
        <lastName>LARSEN</lastName>
        <sponsorshipDate>2017-05-18</sponsorshipDate>
        <firstName>RICK</firstName>
        <district>2</district>
        <middleName />
      </item>
      <item>
        <party>D</party>
        <state>AZ</state>
        <bioguideId>G000574</bioguideId>
        <sponsorshipWithdrawnDate />
        <isOriginalCosponsor>True</isOriginalCosponsor>
        <identifiers>
          <lisID>2226</lisID>
          <bioguideId>G000574</bioguideId>
          <gpoId />
        </identifiers>
        <fullName>Rep. Gallego, Ruben [D-AZ-7]</fullName>
        <lastName>Gallego</lastName>
        <sponsorshipDate>2017-05-18</sponsorshipDate>
        <firstName>Ruben</firstName>
        <district>7</district>
        <middleName />
      </item>
      <item>
        <party>D</party>
        <state>WA</state>
        <bioguideId>S000510</bioguideId>
        <sponsorshipWithdrawnDate />
        <isOriginalCosponsor>True</isOriginalCosponsor>
        <identifiers>
          <bioguideId>S000510</bioguideId>
          <lisID>1528</lisID>
          <gpoId>8213</gpoId>
        </identifiers>
        <fullName>Rep. Smith, Adam [D-WA-9]</fullName>
        <lastName>SMITH</lastName>
        <sponsorshipDate>2017-05-18</sponsorshipDate>
        <firstName>ADAM</firstName>
        <district>9</district>
        <middleName />
      </item>
      <item>
        <party>D</party>
        <state>CA</state>
        <bioguideId>G000559</bioguideId>
        <sponsorshipWithdrawnDate />
        <isOriginalCosponsor>True</isOriginalCosponsor>
        <identifiers>
          <lisID>1973</lisID>
          <bioguideId>G000559</bioguideId>
          <gpoId>7815</gpoId>
        </identifiers>
        <fullName>Rep. Garamendi, John [D-CA-3]</fullName>
        <lastName>Garamendi</lastName>
        <sponsorshipDate>2017-05-18</sponsorshipDate>
        <firstName>John</firstName>
        <district>3</district>
        <middleName />
      </item>
      <item>
        <party>D</party>
        <state>RI</state>
        <bioguideId>L000559</bioguideId>
        <sponsorshipWithdrawnDate />
        <isOriginalCosponsor>True</isOriginalCosponsor>
        <identifiers>
          <bioguideId>L000559</bioguideId>
          <lisID>1668</lisID>
          <gpoId>8140</gpoId>
        </identifiers>
        <fullName>Rep. Langevin, James R. [D-RI-2]</fullName>
        <lastName>LANGEVIN</lastName>
        <sponsorshipDate>2017-05-18</sponsorshipDate>
        <firstName>JAMES</firstName>
        <district>2</district>
        <middleName>R.</middleName>
      </item>
    </cosponsors>
    <introducedDate>2017-05-18</introducedDate>
    <congress>115</congress>
    <subjects>
      <billSubjects>
        <policyArea>
          <name>International Affairs</name>
        </policyArea>
        <legislativeSubjects>
          <item>
            <name>Asia</name>
          </item>
          <item>
            <name>China</name>
          </item>
          <item>
            <name>International law and treaties</name>
          </item>
          <item>
            <name>Marine and coastal resources, fisheries</name>
          </item>
          <item>
            <name>Pacific Ocean</name>
          </item>
        </legislativeSubjects>
      </billSubjects>
    </subjects>
  </bill>
  <dublinCore xmlns:dc="http://purl.org/dc/elements/1.1/">
    <dc:format>text/xml</dc:format>
    <dc:language>EN</dc:language>
    <dc:rights>Pursuant to Title 17 Section 105 of the United States Code, this file is not subject to copyright protection and is in the public domain.</dc:rights>
    <dc:contributor>Congressional Research Service, Library of Congress</dc:contributor>
    <dc:description>This file contains bill summaries and statuses for federal legislation. A bill summary describes the most significant provisions of a piece of legislation and details the effects the legislative text may have on current law and federal programs. Bill summaries are authored by the Congressional Research Service (CRS) of the Library of Congress. As stated in Public Law 91-510 (2 USC 166 (d)(6)), one of the duties of CRS is "to prepare summaries and digests of bills and resolutions of a public general nature introduced in the Senate or House of Representatives". For more information, refer to the User Guide that accompanies this file.</dc:description>
  </dublinCore>
</billStatus>

