<?xml version="1.0" encoding="UTF-8"?>
<billStatus>
  <bill>
    <titles>
      <item>
        <chamberCode />
        <chamberName />
        <titleType>Official Title as Introduced</titleType>
        <parentTitleType />
        <title>Expressing concern over the detainment of Sandy Phan-Gillis, and for other purposes.</title>
      </item>
      <item>
        <chamberCode />
        <chamberName />
        <titleType>Display Title</titleType>
        <parentTitleType />
        <title>Expressing concern over the detainment of Sandy Phan-Gillis, and for other purposes.</title>
      </item>
    </titles>
    <amendments />
    <actions>
      <item>
        <committee>
          <systemCode>hlig00</systemCode>
          <name>Intelligence (Permanent) Committee</name>
        </committee>
        <sourceSystem>
          <code>2</code>
          <name>House floor actions</name>
        </sourceSystem>
        <text>Referred to House Intelligence (Permanent)</text>
        <actionDate>2017-01-03</actionDate>
        <type>IntroReferral</type>
        <actionCode>H11100</actionCode>
        <links />
      </item>
      <item>
        <committee />
        <sourceSystem>
          <code>9</code>
          <name>Library of Congress</name>
        </sourceSystem>
        <text>Referred to the Committee on Foreign Affairs, and in addition to the Committee on Intelligence (Permanent Select), for a period to be subsequently determined by the Speaker, in each case for consideration of such provisions as fall within the jurisdiction of the committee concerned.</text>
        <actionDate>2017-01-03</actionDate>
        <type>IntroReferral</type>
        <actionCode>H11100-A</actionCode>
        <links />
      </item>
      <item>
        <committee>
          <systemCode>hsfa00</systemCode>
          <name>Foreign Affairs Committee</name>
        </committee>
        <sourceSystem>
          <code>2</code>
          <name>House floor actions</name>
        </sourceSystem>
        <text>Referred to House Foreign Affairs</text>
        <actionDate>2017-01-03</actionDate>
        <type>IntroReferral</type>
        <actionCode>H11100</actionCode>
        <links />
      </item>
      <item>
        <committee />
        <sourceSystem>
          <code>9</code>
          <name>Library of Congress</name>
        </sourceSystem>
        <text>Introduced in House</text>
        <actionDate>2017-01-03</actionDate>
        <type>IntroReferral</type>
        <actionCode>Intro-H</actionCode>
        <links />
      </item>
      <item>
        <committee />
        <sourceSystem>
          <code>9</code>
          <name>Library of Congress</name>
        </sourceSystem>
        <text>Introduced in House</text>
        <actionDate>2017-01-03</actionDate>
        <type>IntroReferral</type>
        <actionCode>1000</actionCode>
        <links />
      </item>
      <actionTypeCounts>
        <introducedInHouse>1</introducedInHouse>
        <billReferrals>2</billReferrals>
        <billReferralsAggregate>1</billReferralsAggregate>
        <introducedInTheHouse>1</introducedInTheHouse>
      </actionTypeCounts>
      <actionByCounts>
        <houseOfRepresentatives>5</houseOfRepresentatives>
      </actionByCounts>
    </actions>
    <sponsors>
      <item>
        <byRequestType />
        <middleName />
        <firstName>Al</firstName>
        <district>9</district>
        <state>TX</state>
        <party>D</party>
        <identifiers>
          <gpoId>8165</gpoId>
          <lisID>1803</lisID>
          <bioguideId>G000553</bioguideId>
        </identifiers>
        <lastName>Green</lastName>
        <fullName>Rep. Green, Al [D-TX-9]</fullName>
        <bioguideId>G000553</bioguideId>
      </item>
    </sponsors>
    <constitutionalAuthorityStatementText />
    <recordedVotes />
    <updateDate>2017-01-06T20:31:12Z</updateDate>
    <latestAction>
      <actionDate>2017-01-03</actionDate>
      <text>Referred to House Intelligence (Permanent)</text>
      <links />
    </latestAction>
    <committees>
      <billCommittees>
        <item>
          <activities>
            <item>
              <name>Referred to</name>
              <date>2017-01-03T17:03:50Z</date>
            </item>
          </activities>
          <chamber>House</chamber>
          <name>Intelligence (Permanent) Committee</name>
          <type>Select</type>
          <systemCode>hlig00</systemCode>
          <subcommittees />
        </item>
        <item>
          <activities>
            <item>
              <name>Referred to</name>
              <date>2017-01-03T17:03:45Z</date>
            </item>
          </activities>
          <chamber>House</chamber>
          <name>Foreign Affairs Committee</name>
          <type>Standing</type>
          <systemCode>hsfa00</systemCode>
          <subcommittees />
        </item>
      </billCommittees>
    </committees>
    <cboCostEstimates />
    <notes />
    <committeeReports />
    <originChamber>House</originChamber>
    <summaries>
      <billSummaries />
    </summaries>
    <laws />
    <title>Expressing concern over the detainment of Sandy Phan-Gillis, and for other purposes.</title>
    <introducedDate>2017-01-03</introducedDate>
    <policyArea>
      <name>International Affairs</name>
    </policyArea>
    <congress>115</congress>
    <subjects>
      <billSubjects>
        <policyArea>
          <name>International Affairs</name>
        </policyArea>
        <legislativeSubjects>
          <item>
            <name>Asia</name>
          </item>
          <item>
            <name>China</name>
          </item>
          <item>
            <name>Criminal investigation, prosecution, interrogation</name>
          </item>
          <item>
            <name>Detention of persons</name>
          </item>
          <item>
            <name>Diplomacy, foreign officials, Americans abroad</name>
          </item>
          <item>
            <name>Government studies and investigations</name>
          </item>
          <item>
            <name>Intelligence activities, surveillance, classified information</name>
          </item>
        </legislativeSubjects>
      </billSubjects>
    </subjects>
    <cosponsors />
    <calendarNumbers />
    <billNumber>18</billNumber>
    <createDate>2017-01-04T07:01:08Z</createDate>
    <billType>HRES</billType>
    <relatedBills />
  </bill>
  <dublinCore xmlns:dc="http://purl.org/dc/elements/1.1/">
    <dc:format>text/xml</dc:format>
    <dc:language>EN</dc:language>
    <dc:rights>Pursuant to Title 17 Section 105 of the United States Code, this file is not subject to copyright protection and is in the public domain.</dc:rights>
    <dc:contributor>Congressional Research Service, Library of Congress</dc:contributor>
    <dc:description>This file contains bill summaries and statuses for federal legislation. A bill summary describes the most significant provisions of a piece of legislation and details the effects the legislative text may have on current law and federal programs. Bill summaries are authored by the Congressional Research Service (CRS) of the Library of Congress. As stated in Public Law 91-510 (2 USC 166 (d)(6)), one of the duties of CRS is "to prepare summaries and digests of bills and resolutions of a public general nature introduced in the Senate or House of Representatives". For more information, refer to the User Guide that accompanies this file.</dc:description>
  </dublinCore>
</billStatus>

