<?xml version="1.0" encoding="UTF-8"?>
<billStatus>
  <bill>
    <constitutionalAuthorityStatementText />
    <sponsors>
      <item>
        <middleName />
        <party>D</party>
        <bioguideId>O000171</bioguideId>
        <lastName>O'Halleran</lastName>
        <firstName>Tom</firstName>
        <state>AZ</state>
        <identifiers>
          <lisID>2306</lisID>
          <bioguideId>O000171</bioguideId>
          <gpoId />
        </identifiers>
        <district>1</district>
        <fullName>Rep. O'Halleran, Tom [D-AZ-1]</fullName>
        <byRequestType />
      </item>
    </sponsors>
    <version>1.0.0</version>
    <createDate>2017-03-09T05:25:08Z</createDate>
    <committeeReports />
    <latestAction>
      <text>Referred to the House Committee on Rules.</text>
      <links />
      <actionDate>2017-03-08</actionDate>
    </latestAction>
    <billNumber>183</billNumber>
    <notes />
    <introducedDate>2017-03-08</introducedDate>
    <committees>
      <billCommittees>
        <item>
          <systemCode>hsru00</systemCode>
          <type>Standing</type>
          <activities>
            <item>
              <date>2017-03-08T15:01:20Z</date>
              <name>Referred to</name>
            </item>
          </activities>
          <name>Rules Committee</name>
          <subcommittees />
          <chamber>House</chamber>
        </item>
      </billCommittees>
    </committees>
    <relatedBills />
    <congress>115</congress>
    <subjects>
      <billSubjects>
        <legislativeSubjects>
          <item>
            <name>House of Representatives</name>
          </item>
          <item>
            <name>Legislative rules and procedure</name>
          </item>
        </legislativeSubjects>
        <policyArea>
          <name>Congress</name>
        </policyArea>
      </billSubjects>
    </subjects>
    <amendments />
    <originChamber>House</originChamber>
    <cboCostEstimates />
    <policyArea>
      <name>Congress</name>
    </policyArea>
    <actions>
      <item>
        <actionDate>2017-03-08</actionDate>
        <actionCode>H11100</actionCode>
        <text>Referred to the House Committee on Rules.</text>
        <committee>
          <systemCode>hsru00</systemCode>
          <name>Rules Committee</name>
        </committee>
        <links />
        <type>IntroReferral</type>
        <sourceSystem>
          <code>2</code>
          <name>House floor actions</name>
        </sourceSystem>
      </item>
      <item>
        <actionDate>2017-03-08</actionDate>
        <actionCode>Intro-H</actionCode>
        <text>Introduced in House</text>
        <committee />
        <links />
        <type>IntroReferral</type>
        <sourceSystem>
          <code>9</code>
          <name>Library of Congress</name>
        </sourceSystem>
      </item>
      <item>
        <actionDate>2017-03-08</actionDate>
        <actionCode>1000</actionCode>
        <text>Introduced in House</text>
        <committee />
        <links />
        <type>IntroReferral</type>
        <sourceSystem>
          <code>9</code>
          <name>Library of Congress</name>
        </sourceSystem>
      </item>
      <actionTypeCounts>
        <billReferrals>1</billReferrals>
        <introducedInHouse>1</introducedInHouse>
        <introducedInTheHouse>1</introducedInTheHouse>
      </actionTypeCounts>
      <actionByCounts>
        <houseOfRepresentatives>3</houseOfRepresentatives>
      </actionByCounts>
    </actions>
    <recordedVotes />
    <laws />
    <cosponsors>
      <item>
        <district>2</district>
        <firstName>Dwight</firstName>
        <identifiers>
          <lisID>2298</lisID>
          <gpoId />
          <bioguideId>E000296</bioguideId>
        </identifiers>
        <isOriginalCosponsor>True</isOriginalCosponsor>
        <bioguideId>E000296</bioguideId>
        <state>PA</state>
        <fullName>Rep. Evans, Dwight [D-PA-2]</fullName>
        <party>D</party>
        <lastName>Evans</lastName>
        <sponsorshipDate>2017-03-08</sponsorshipDate>
        <middleName />
        <sponsorshipWithdrawnDate />
      </item>
      <item>
        <district>2</district>
        <firstName>JAMES</firstName>
        <identifiers>
          <lisID>1504</lisID>
          <gpoId>7968</gpoId>
          <bioguideId>M000312</bioguideId>
        </identifiers>
        <isOriginalCosponsor>True</isOriginalCosponsor>
        <bioguideId>M000312</bioguideId>
        <state>MA</state>
        <fullName>Rep. McGovern, James P. [D-MA-2]</fullName>
        <party>D</party>
        <lastName>MCGOVERN</lastName>
        <sponsorshipDate>2017-03-08</sponsorshipDate>
        <middleName>P.</middleName>
        <sponsorshipWithdrawnDate />
      </item>
      <item>
        <district>9</district>
        <firstName>Darren</firstName>
        <identifiers>
          <gpoId />
          <lisID>2319</lisID>
          <bioguideId>S001200</bioguideId>
        </identifiers>
        <isOriginalCosponsor>True</isOriginalCosponsor>
        <bioguideId>S001200</bioguideId>
        <state>FL</state>
        <fullName>Rep. Soto, Darren [D-FL-9]</fullName>
        <party>D</party>
        <lastName>Soto</lastName>
        <sponsorshipDate>2017-03-08</sponsorshipDate>
        <middleName />
        <sponsorshipWithdrawnDate />
      </item>
      <item>
        <district>8</district>
        <firstName>Jamie</firstName>
        <identifiers>
          <bioguideId>R000606</bioguideId>
          <lisID>2332</lisID>
          <gpoId />
        </identifiers>
        <isOriginalCosponsor>False</isOriginalCosponsor>
        <bioguideId>R000606</bioguideId>
        <state>MD</state>
        <fullName>Rep. Raskin, Jamie [D-MD-8]</fullName>
        <party>D</party>
        <lastName>Raskin</lastName>
        <sponsorshipDate>2017-03-10</sponsorshipDate>
        <middleName />
        <sponsorshipWithdrawnDate />
      </item>
    </cosponsors>
    <titles>
      <item>
        <titleType>Official Title as Introduced</titleType>
        <chamberName />
        <chamberCode />
        <parentTitleType />
        <title>Amending the Rules of the House of Representatives to require the text of any legislation that will be marked up at a meeting for the markup of legislation by a committee to be publicly available in electronic form at least 72 hours prior to the commencement of the meeting.</title>
      </item>
      <item>
        <titleType>Display Title</titleType>
        <chamberName />
        <chamberCode />
        <parentTitleType />
        <title>Amending the Rules of the House of Representatives to require the text of any legislation that will be marked up at a meeting for the markup of legislation by a committee to be publicly available in electronic form at least 72 hours prior to the commencement of the meeting.</title>
      </item>
    </titles>
    <updateDate>2018-08-28T19:54:14Z</updateDate>
    <calendarNumbers />
    <billType>HRES</billType>
    <summaries>
      <billSummaries>
        <item>
          <text><![CDATA[<p>Amends Rule XI (Procedures of Committees and Unfinished Business) of the Rules of the House of Representatives to require the text of any legislation that will be marked up at a committee meeting to be publicly available in electronic form at least 72 (currently, 24) hours before the commencement of the meeting.</p>]]></text>
          <lastSummaryUpdateDate>2017-06-15T20:09:20Z</lastSummaryUpdateDate>
          <actionDesc>Introduced in House</actionDesc>
          <updateDate>2017-03-08T05:00:00Z</updateDate>
          <name>Introduced in House</name>
          <versionCode>00</versionCode>
          <actionDate>2017-03-08</actionDate>
        </item>
      </billSummaries>
    </summaries>
    <title>Amending the Rules of the House of Representatives to require the text of any legislation that will be marked up at a meeting for the markup of legislation by a committee to be publicly available in electronic form at least 72 hours prior to the commencement of the meeting.</title>
  </bill>
  <dublinCore xmlns:dc="http://purl.org/dc/elements/1.1/">
    <dc:format>text/xml</dc:format>
    <dc:language>EN</dc:language>
    <dc:rights>Pursuant to Title 17 Section 105 of the United States Code, this file is not subject to copyright protection and is in the public domain.</dc:rights>
    <dc:contributor>Congressional Research Service, Library of Congress</dc:contributor>
    <dc:description>This file contains bill summaries and statuses for federal legislation. A bill summary describes the most significant provisions of a piece of legislation and details the effects the legislative text may have on current law and federal programs. Bill summaries are authored by the Congressional Research Service (CRS) of the Library of Congress. As stated in Public Law 91-510 (2 USC 166 (d)(6)), one of the duties of CRS is "to prepare summaries and digests of bills and resolutions of a public general nature introduced in the Senate or House of Representatives". For more information, refer to the User Guide that accompanies this file.</dc:description>
  </dublinCore>
</billStatus>

