<?xml version="1.0" encoding="UTF-8"?>
<billStatus>
  <bill>
    <constitutionalAuthorityStatementText />
    <sponsors>
      <item>
        <middleName>S.</middleName>
        <party>R</party>
        <bioguideId>Y000065</bioguideId>
        <lastName>Yoho</lastName>
        <firstName>Ted</firstName>
        <state>FL</state>
        <identifiers>
          <bioguideId>Y000065</bioguideId>
          <lisID>2115</lisID>
          <gpoId />
        </identifiers>
        <district>3</district>
        <fullName>Rep. Yoho, Ted S. [R-FL-3]</fullName>
        <byRequestType />
      </item>
    </sponsors>
    <version>1.0.0</version>
    <createDate>2017-04-09T03:11:45Z</createDate>
    <committeeReports />
    <latestAction>
      <text>Referred to the House Committee on Ways and Means.</text>
      <links />
      <actionDate>2017-04-08</actionDate>
    </latestAction>
    <billNumber>272</billNumber>
    <notes />
    <introducedDate>2017-04-08</introducedDate>
    <committees>
      <billCommittees>
        <item>
          <type>Standing</type>
          <name>Ways and Means Committee</name>
          <systemCode>hswm00</systemCode>
          <chamber>House</chamber>
          <activities>
            <item>
              <name>Referred to</name>
              <date>2017-04-08T15:00:38Z</date>
            </item>
          </activities>
          <subcommittees />
        </item>
      </billCommittees>
    </committees>
    <relatedBills />
    <congress>115</congress>
    <subjects>
      <billSubjects>
        <policyArea>
          <name>Taxation</name>
        </policyArea>
        <legislativeSubjects>
          <item>
            <name>General taxation matters</name>
          </item>
          <item>
            <name>Income tax rates</name>
          </item>
          <item>
            <name>Presidential administrations</name>
          </item>
          <item>
            <name>Presidents and presidential powers, Vice Presidents</name>
          </item>
        </legislativeSubjects>
      </billSubjects>
    </subjects>
    <amendments />
    <originChamber>House</originChamber>
    <cboCostEstimates />
    <policyArea>
      <name>Taxation</name>
    </policyArea>
    <actions>
      <actionTypeCounts>
        <introducedInTheHouse>1</introducedInTheHouse>
        <billReferrals>1</billReferrals>
        <introducedInHouse>1</introducedInHouse>
      </actionTypeCounts>
      <item>
        <links />
        <type>IntroReferral</type>
        <actionDate>2017-04-08</actionDate>
        <text>Referred to the House Committee on Ways and Means.</text>
        <committee>
          <name>Ways and Means Committee</name>
          <systemCode>hswm00</systemCode>
        </committee>
        <sourceSystem>
          <code>2</code>
          <name>House floor actions</name>
        </sourceSystem>
        <actionCode>H11100</actionCode>
      </item>
      <item>
        <links />
        <type>IntroReferral</type>
        <actionDate>2017-04-08</actionDate>
        <text>Introduced in House</text>
        <committee />
        <sourceSystem>
          <code>9</code>
          <name>Library of Congress</name>
        </sourceSystem>
        <actionCode>Intro-H</actionCode>
      </item>
      <item>
        <links />
        <type>IntroReferral</type>
        <actionDate>2017-04-08</actionDate>
        <text>Introduced in House</text>
        <committee />
        <sourceSystem>
          <code>9</code>
          <name>Library of Congress</name>
        </sourceSystem>
        <actionCode>1000</actionCode>
      </item>
      <actionByCounts>
        <houseOfRepresentatives>3</houseOfRepresentatives>
      </actionByCounts>
    </actions>
    <recordedVotes />
    <laws />
    <cosponsors>
      <item>
        <lastName>LaMalfa</lastName>
        <state>CA</state>
        <firstName>Doug</firstName>
        <sponsorshipDate>2017-04-27</sponsorshipDate>
        <district>1</district>
        <fullName>Rep. LaMalfa, Doug [R-CA-1]</fullName>
        <identifiers>
          <lisID>2100</lisID>
          <gpoId />
          <bioguideId>L000578</bioguideId>
        </identifiers>
        <bioguideId>L000578</bioguideId>
        <sponsorshipWithdrawnDate />
        <party>R</party>
        <isOriginalCosponsor>False</isOriginalCosponsor>
        <middleName />
      </item>
    </cosponsors>
    <titles>
      <item>
        <chamberCode />
        <titleType>Official Title as Introduced</titleType>
        <parentTitleType />
        <chamberName />
        <title>Expressing the sense of the House of Representatives that the President of the United States shall, with the help of the Congress, address comprehensive tax reform within the first 240 days of the President's administration.</title>
      </item>
      <item>
        <chamberCode />
        <titleType>Display Title</titleType>
        <parentTitleType />
        <chamberName />
        <title>Expressing the sense of the House of Representatives that the President of the United States shall, with the help of the Congress, address comprehensive tax reform within the first 240 days of the President's administration.</title>
      </item>
    </titles>
    <updateDate>2018-08-28T19:54:31Z</updateDate>
    <calendarNumbers />
    <billType>HRES</billType>
    <summaries>
      <billSummaries>
        <item>
          <actionDesc>Introduced in House</actionDesc>
          <actionDate>2017-04-08</actionDate>
          <lastSummaryUpdateDate>2017-04-10T17:59:36Z</lastSummaryUpdateDate>
          <name>Introduced in House</name>
          <text><![CDATA[<p>Expresses the sense of the House of Representatives that the President shall, with the help of Congress, address comprehensive tax reform within the first 240 days of the President's administration.</p>]]></text>
          <versionCode>00</versionCode>
          <updateDate>2017-04-08T04:00:00Z</updateDate>
        </item>
      </billSummaries>
    </summaries>
    <title>Expressing the sense of the House of Representatives that the President of the United States shall, with the help of the Congress, address comprehensive tax reform within the first 240 days of the President's administration.</title>
  </bill>
  <dublinCore xmlns:dc="http://purl.org/dc/elements/1.1/">
    <dc:format>text/xml</dc:format>
    <dc:language>EN</dc:language>
    <dc:rights>Pursuant to Title 17 Section 105 of the United States Code, this file is not subject to copyright protection and is in the public domain.</dc:rights>
    <dc:contributor>Congressional Research Service, Library of Congress</dc:contributor>
    <dc:description>This file contains bill summaries and statuses for federal legislation. A bill summary describes the most significant provisions of a piece of legislation and details the effects the legislative text may have on current law and federal programs. Bill summaries are authored by the Congressional Research Service (CRS) of the Library of Congress. As stated in Public Law 91-510 (2 USC 166 (d)(6)), one of the duties of CRS is "to prepare summaries and digests of bills and resolutions of a public general nature introduced in the Senate or House of Representatives". For more information, refer to the User Guide that accompanies this file.</dc:description>
  </dublinCore>
</billStatus>

