<?xml version="1.0" encoding="UTF-8"?>
<billStatus>
  <bill>
    <amendments />
    <latestAction>
      <actionDate>2017-07-19</actionDate>
      <text>Sponsor introductory remarks on measure. (CR E1015-1016)</text>
      <links />
    </latestAction>
    <congress>115</congress>
    <subjects>
      <billSubjects>
        <policyArea>
          <name>International Affairs</name>
        </policyArea>
        <legislativeSubjects>
          <item>
            <name>Africa</name>
          </item>
          <item>
            <name>Agricultural marketing and promotion</name>
          </item>
          <item>
            <name>Atmospheric science and weather</name>
          </item>
          <item>
            <name>Conflicts and wars</name>
          </item>
          <item>
            <name>Food assistance and relief</name>
          </item>
          <item>
            <name>Foreign aid and international relief</name>
          </item>
          <item>
            <name>Government ethics and transparency, public corruption</name>
          </item>
          <item>
            <name>Human rights</name>
          </item>
          <item>
            <name>International organizations and cooperation</name>
          </item>
          <item>
            <name>Migrant, seasonal, agricultural labor</name>
          </item>
          <item>
            <name>Religion</name>
          </item>
          <item>
            <name>Sanctions</name>
          </item>
          <item>
            <name>Water use and supply</name>
          </item>
          <item>
            <name>World health</name>
          </item>
        </legislativeSubjects>
      </billSubjects>
    </subjects>
    <laws />
    <notes />
    <billType>HRES</billType>
    <sponsors>
      <item>
        <lastName>SMITH</lastName>
        <middleName>H.</middleName>
        <bioguideId>S000522</bioguideId>
        <fullName>Rep. Smith, Christopher H. [R-NJ-4]</fullName>
        <identifiers>
          <lisID>1071</lisID>
          <bioguideId>S000522</bioguideId>
          <gpoId>8046</gpoId>
        </identifiers>
        <byRequestType />
        <state>NJ</state>
        <firstName>CHRISTOPHER</firstName>
        <party>R</party>
        <district>4</district>
      </item>
    </sponsors>
    <recordedVotes />
    <committeeReports />
    <introducedDate>2017-06-28</introducedDate>
    <relatedBills />
    <cosponsors>
      <item>
        <district>37</district>
        <firstName>Karen</firstName>
        <identifiers>
          <bioguideId>B001270</bioguideId>
          <lisID>1996</lisID>
          <gpoId>7838</gpoId>
        </identifiers>
        <isOriginalCosponsor>True</isOriginalCosponsor>
        <bioguideId>B001270</bioguideId>
        <state>CA</state>
        <fullName>Rep. Bass, Karen [D-CA-37]</fullName>
        <party>D</party>
        <lastName>Bass</lastName>
        <sponsorshipDate>2017-06-28</sponsorshipDate>
        <middleName />
        <sponsorshipWithdrawnDate />
      </item>
      <item>
        <district>0</district>
        <firstName>ELEANOR</firstName>
        <identifiers>
          <lisID>868</lisID>
          <gpoId>7871</gpoId>
          <bioguideId>N000147</bioguideId>
        </identifiers>
        <isOriginalCosponsor>False</isOriginalCosponsor>
        <bioguideId>N000147</bioguideId>
        <state>DC</state>
        <fullName>Rep. Norton, Eleanor Holmes [D-DC-At Large]</fullName>
        <party>D</party>
        <lastName>NORTON</lastName>
        <sponsorshipDate>2017-07-12</sponsorshipDate>
        <middleName>HOLMES</middleName>
        <sponsorshipWithdrawnDate />
      </item>
      <item>
        <district>2</district>
        <firstName>Dwight</firstName>
        <identifiers>
          <lisID>2298</lisID>
          <bioguideId>E000296</bioguideId>
          <gpoId />
        </identifiers>
        <isOriginalCosponsor>False</isOriginalCosponsor>
        <bioguideId>E000296</bioguideId>
        <state>PA</state>
        <fullName>Rep. Evans, Dwight [D-PA-2]</fullName>
        <party>D</party>
        <lastName>Evans</lastName>
        <sponsorshipDate>2017-07-12</sponsorshipDate>
        <middleName />
        <sponsorshipWithdrawnDate />
      </item>
      <item>
        <district>17</district>
        <firstName>Ro</firstName>
        <identifiers>
          <lisID>2308</lisID>
          <bioguideId>K000389</bioguideId>
          <gpoId />
        </identifiers>
        <isOriginalCosponsor>False</isOriginalCosponsor>
        <bioguideId>K000389</bioguideId>
        <state>CA</state>
        <fullName>Rep. Khanna, Ro [D-CA-17]</fullName>
        <party>D</party>
        <lastName>Khanna</lastName>
        <sponsorshipDate>2018-03-08</sponsorshipDate>
        <middleName />
        <sponsorshipWithdrawnDate />
      </item>
      <item>
        <district>6</district>
        <firstName>Peter</firstName>
        <identifiers>
          <bioguideId>R000580</bioguideId>
          <gpoId>7926</gpoId>
          <lisID>1848</lisID>
        </identifiers>
        <isOriginalCosponsor>False</isOriginalCosponsor>
        <bioguideId>R000580</bioguideId>
        <state>IL</state>
        <fullName>Rep. Roskam, Peter J. [R-IL-6]</fullName>
        <party>R</party>
        <lastName>Roskam</lastName>
        <sponsorshipDate>2018-04-24</sponsorshipDate>
        <middleName>J.</middleName>
        <sponsorshipWithdrawnDate />
      </item>
    </cosponsors>
    <actions>
      <actionByCounts>
        <houseOfRepresentatives>4</houseOfRepresentatives>
      </actionByCounts>
      <item>
        <committee />
        <links>
          <link>
            <url>https://www.congress.gov/congressional-record/volume-163/extensions-of-remarks-section/page/E1015-1016</url>
            <name>E1015-1016</name>
          </link>
        </links>
        <type>IntroReferral</type>
        <text>Sponsor introductory remarks on measure. (CR E1015-1016)</text>
        <actionDate>2017-07-19</actionDate>
        <actionCode>B00100</actionCode>
        <sourceSystem>
          <code>9</code>
          <name>Library of Congress</name>
        </sourceSystem>
      </item>
      <item>
        <actionDate>2017-07-06</actionDate>
        <committee>
          <systemCode>hsfa16</systemCode>
          <name>Africa, Global Health, Global Human Rights and International Organizations Subcommittee</name>
        </committee>
        <links />
        <sourceSystem>
          <code>1</code>
          <name>House committee actions</name>
        </sourceSystem>
        <text>Referred to the Subcommittee on Africa, Global Health, Global Human Rights and International Organizations.</text>
        <type>Committee</type>
      </item>
      <item>
        <committee>
          <systemCode>hsfa00</systemCode>
          <name>Foreign Affairs Committee</name>
        </committee>
        <links />
        <type>IntroReferral</type>
        <text>Referred to the House Committee on Foreign Affairs.</text>
        <actionDate>2017-06-28</actionDate>
        <actionCode>H11100</actionCode>
        <sourceSystem>
          <code>2</code>
          <name>House floor actions</name>
        </sourceSystem>
      </item>
      <item>
        <committee />
        <links />
        <type>IntroReferral</type>
        <text>Introduced in House</text>
        <actionDate>2017-06-28</actionDate>
        <actionCode>Intro-H</actionCode>
        <sourceSystem>
          <code>9</code>
          <name>Library of Congress</name>
        </sourceSystem>
      </item>
      <item>
        <committee />
        <links />
        <type>IntroReferral</type>
        <text>Introduced in House</text>
        <actionDate>2017-06-28</actionDate>
        <actionCode>1000</actionCode>
        <sourceSystem>
          <code>9</code>
          <name>Library of Congress</name>
        </sourceSystem>
      </item>
      <actionTypeCounts>
        <placeholderTextForH>1</placeholderTextForH>
        <placeholderTextForB>1</placeholderTextForB>
        <introducedInHouse>1</introducedInHouse>
        <billReferrals>1</billReferrals>
        <introducedInTheHouse>1</introducedInTheHouse>
      </actionTypeCounts>
    </actions>
    <committees>
      <billCommittees>
        <item>
          <activities>
            <item>
              <name>Referred to</name>
              <date>2017-06-28T14:00:32Z</date>
            </item>
          </activities>
          <chamber>House</chamber>
          <systemCode>hsfa00</systemCode>
          <name>Foreign Affairs Committee</name>
          <type>Standing</type>
          <subcommittees>
            <item>
              <systemCode>hsfa16</systemCode>
              <activities>
                <item>
                  <name>Referred to</name>
                  <date>2017-07-06T13:45:48Z</date>
                </item>
              </activities>
              <name>Africa, Global Health, Global Human Rights and International Organizations Subcommittee</name>
            </item>
          </subcommittees>
        </item>
      </billCommittees>
    </committees>
    <updateDate>2018-08-28T13:28:10Z</updateDate>
    <version>1.0.0</version>
    <title>Urging the Administration to develop more effective and timely responses to famine in Africa, especially efforts to end the conflicts in South Sudan, Nigeria, and other countries that cause or exacerbate famine.</title>
    <createDate>2017-06-29T03:11:33Z</createDate>
    <billNumber>421</billNumber>
    <constitutionalAuthorityStatementText />
    <cboCostEstimates />
    <calendarNumbers />
    <policyArea>
      <name>International Affairs</name>
    </policyArea>
    <summaries>
      <billSummaries>
        <item>
          <updateDate>2017-06-28T04:00:00Z</updateDate>
          <lastSummaryUpdateDate>2017-09-28T19:39:58Z</lastSummaryUpdateDate>
          <text><![CDATA[<p>Calls for the U.S. government to:</p> <ul> <li> use all available leverage to achieve lasting, comprehensive cease-fires in cases of conflict in Africa; </li> <li> work with governments to facilitate disarmament, demobilization, and reintegration of combatants; </li> <li> use the Global Magnitsky Human Rights Accountability Act to sanction individuals or entities responsible for initiating or prolonging conflict, endangering humanitarian aid workers, or preventing delivery of humanitarian aid; </li> <li>apply all available weather and crop information to more accurately predict incipient drought and to determine the likelihood of famine in conflict areas; </li> <li> collaborate with other donor nations to accelerate the provision of food, clean water, medicine, and shelter to those in need; </li> <li> expand the prepositioning of aid commodities in safe zones close to the famine region; </li> <li> provide assistance to farmers, herders, and fishermen; and </li> <li> use cash transfers to more quickly provide food aid where local markets exist and to support the functioning of local markets.</li> </ul> <p>Urges governments in affected African countries to:</p> <ul> <li> establish effective cease-fires and use force thereafter only when government forces or facilities or civilians are under attack; </li> <li>identify and take actions against individuals and entities that actively threaten peace and safety; </li> <li> work with civil society to help end conflict at the grassroots level and effect reconciliation;</li> <li>take specifed actions to promote the delivery of food, clean water, medicine, and shelter; </li> <li> protect humanitarian aid workers; and </li> <li>safeguard agricultural areas and farm personnel.</li> </ul>]]></text>
          <actionDate>2017-06-28</actionDate>
          <actionDesc>Introduced in House</actionDesc>
          <name>Introduced in House</name>
          <versionCode>00</versionCode>
        </item>
      </billSummaries>
    </summaries>
    <originChamber>House</originChamber>
    <titles>
      <item>
        <title>Urging the Administration to develop more effective and timely responses to famine in Africa, especially efforts to end the conflicts in South Sudan, Nigeria, and other countries that cause or exacerbate famine.</title>
        <chamberCode />
        <titleType>Official Title as Introduced</titleType>
        <parentTitleType />
        <chamberName />
      </item>
      <item>
        <title>Urging the Administration to develop more effective and timely responses to famine in Africa, especially efforts to end the conflicts in South Sudan, Nigeria, and other countries that cause or exacerbate famine.</title>
        <chamberCode />
        <titleType>Display Title</titleType>
        <parentTitleType />
        <chamberName />
      </item>
    </titles>
  </bill>
  <dublinCore xmlns:dc="http://purl.org/dc/elements/1.1/">
    <dc:format>text/xml</dc:format>
    <dc:language>EN</dc:language>
    <dc:rights>Pursuant to Title 17 Section 105 of the United States Code, this file is not subject to copyright protection and is in the public domain.</dc:rights>
    <dc:contributor>Congressional Research Service, Library of Congress</dc:contributor>
    <dc:description>This file contains bill summaries and statuses for federal legislation. A bill summary describes the most significant provisions of a piece of legislation and details the effects the legislative text may have on current law and federal programs. Bill summaries are authored by the Congressional Research Service (CRS) of the Library of Congress. As stated in Public Law 91-510 (2 USC 166 (d)(6)), one of the duties of CRS is "to prepare summaries and digests of bills and resolutions of a public general nature introduced in the Senate or House of Representatives". For more information, refer to the User Guide that accompanies this file.</dc:description>
  </dublinCore>
</billStatus>

