<?xml version="1.0" encoding="UTF-8"?>
<billStatus>
  <bill>
    <policyArea>
      <name>Education</name>
    </policyArea>
    <billType>HRES</billType>
    <latestAction>
      <links />
      <actionDate>2017-05-11</actionDate>
      <text>Referred to the Subcommittee on the Constitution and Civil Justice.</text>
    </latestAction>
    <createDate>2017-05-04T03:11:43Z</createDate>
    <notes />
    <actions>
      <item>
        <actionDate>2017-05-11</actionDate>
        <committee>
          <systemCode>hsju10</systemCode>
          <name>Constitution and Civil Justice Subcommittee</name>
        </committee>
        <links />
        <sourceSystem>
          <code>1</code>
          <name>House committee actions</name>
        </sourceSystem>
        <text>Referred to the Subcommittee on the Constitution and Civil Justice.</text>
        <type>Committee</type>
      </item>
      <item>
        <text>Referred to the Committee on Education and the Workforce, and in addition to the Committee on the Judiciary, for a period to be subsequently determined by the Speaker, in each case for consideration of such provisions as fall within the jurisdiction of the committee concerned.</text>
        <type>IntroReferral</type>
        <committee>
          <systemCode>hsju00</systemCode>
          <name>Judiciary Committee</name>
        </committee>
        <actionDate>2017-05-03</actionDate>
        <links />
        <actionCode>H11100</actionCode>
        <sourceSystem>
          <code>2</code>
          <name>House floor actions</name>
        </sourceSystem>
      </item>
      <item>
        <text>Referred to the Committee on Education and the Workforce, and in addition to the Committee on the Judiciary, for a period to be subsequently determined by the Speaker, in each case for consideration of such provisions as fall within the jurisdiction of the committee concerned.</text>
        <type>IntroReferral</type>
        <committee />
        <actionDate>2017-05-03</actionDate>
        <links />
        <actionCode>H11100-A</actionCode>
        <sourceSystem>
          <code>9</code>
          <name>Library of Congress</name>
        </sourceSystem>
      </item>
      <item>
        <text>Referred to the Committee on Education and the Workforce, and in addition to the Committee on the Judiciary, for a period to be subsequently determined by the Speaker, in each case for consideration of such provisions as fall within the jurisdiction of the committee concerned.</text>
        <type>IntroReferral</type>
        <committee>
          <systemCode>hsed00</systemCode>
          <name>Education and the Workforce Committee</name>
        </committee>
        <actionDate>2017-05-03</actionDate>
        <links />
        <actionCode>H11100</actionCode>
        <sourceSystem>
          <code>2</code>
          <name>House floor actions</name>
        </sourceSystem>
      </item>
      <item>
        <text>Introduced in House</text>
        <type>IntroReferral</type>
        <committee />
        <actionDate>2017-05-03</actionDate>
        <links />
        <actionCode>Intro-H</actionCode>
        <sourceSystem>
          <code>9</code>
          <name>Library of Congress</name>
        </sourceSystem>
      </item>
      <item>
        <text>Introduced in House</text>
        <type>IntroReferral</type>
        <committee />
        <actionDate>2017-05-03</actionDate>
        <links />
        <actionCode>1000</actionCode>
        <sourceSystem>
          <code>9</code>
          <name>Library of Congress</name>
        </sourceSystem>
      </item>
      <actionByCounts>
        <houseOfRepresentatives>6</houseOfRepresentatives>
      </actionByCounts>
      <actionTypeCounts>
        <billReferralsAggregate>1</billReferralsAggregate>
        <introducedInHouse>1</introducedInHouse>
        <placeholderTextForH>1</placeholderTextForH>
        <billReferrals>2</billReferrals>
        <introducedInTheHouse>1</introducedInTheHouse>
      </actionTypeCounts>
    </actions>
    <calendarNumbers />
    <congress>115</congress>
    <subjects>
      <billSubjects>
        <legislativeSubjects>
          <item>
            <name>Constitution and constitutional amendments</name>
          </item>
          <item>
            <name>First Amendment rights</name>
          </item>
          <item>
            <name>Higher education</name>
          </item>
        </legislativeSubjects>
        <policyArea>
          <name>Education</name>
        </policyArea>
      </billSubjects>
    </subjects>
    <billNumber>307</billNumber>
    <title>Expressing the sense of the House of Representatives relating to protecting freedom of speech, thought, and expression at institutions of higher education.</title>
    <constitutionalAuthorityStatementText />
    <committees>
      <billCommittees>
        <item>
          <activities>
            <item>
              <name>Referred to</name>
              <date>2017-05-03T14:00:34Z</date>
            </item>
          </activities>
          <name>Judiciary Committee</name>
          <type>Standing</type>
          <chamber>House</chamber>
          <subcommittees>
            <item>
              <activities>
                <item>
                  <name>Referred to</name>
                  <date>2017-05-11T18:08:09Z</date>
                </item>
              </activities>
              <name>Constitution and Civil Justice Subcommittee</name>
              <systemCode>hsju10</systemCode>
            </item>
          </subcommittees>
          <systemCode>hsju00</systemCode>
        </item>
        <item>
          <activities>
            <item>
              <name>Referred to</name>
              <date>2017-05-03T14:00:29Z</date>
            </item>
          </activities>
          <name>Education and the Workforce Committee</name>
          <type>Standing</type>
          <chamber>House</chamber>
          <subcommittees />
          <systemCode>hsed00</systemCode>
        </item>
      </billCommittees>
    </committees>
    <cboCostEstimates />
    <version>1.0.0</version>
    <cosponsors>
      <item>
        <bioguideId>A000372</bioguideId>
        <party>R</party>
        <firstName>Rick</firstName>
        <state>GA</state>
        <isOriginalCosponsor>True</isOriginalCosponsor>
        <middleName>W.</middleName>
        <identifiers>
          <lisID>2239</lisID>
          <gpoId />
          <bioguideId>A000372</bioguideId>
        </identifiers>
        <fullName>Rep. Allen, Rick W. [R-GA-12]</fullName>
        <district>12</district>
        <lastName>Allen</lastName>
        <sponsorshipDate>2017-05-03</sponsorshipDate>
        <sponsorshipWithdrawnDate />
      </item>
      <item>
        <bioguideId>R000592</bioguideId>
        <party>R</party>
        <firstName>Todd</firstName>
        <state>IN</state>
        <isOriginalCosponsor>True</isOriginalCosponsor>
        <middleName />
        <identifiers>
          <lisID>2017</lisID>
          <gpoId>7943</gpoId>
          <bioguideId>R000592</bioguideId>
        </identifiers>
        <fullName>Rep. Rokita, Todd [R-IN-4]</fullName>
        <district>4</district>
        <lastName>Rokita</lastName>
        <sponsorshipDate>2017-05-03</sponsorshipDate>
        <sponsorshipWithdrawnDate />
      </item>
      <item>
        <bioguideId>G000576</bioguideId>
        <party>R</party>
        <firstName>Glenn</firstName>
        <state>WI</state>
        <isOriginalCosponsor>True</isOriginalCosponsor>
        <middleName />
        <identifiers>
          <bioguideId>G000576</bioguideId>
          <gpoId />
          <lisID>2276</lisID>
        </identifiers>
        <fullName>Rep. Grothman, Glenn [R-WI-6]</fullName>
        <district>6</district>
        <lastName>Grothman</lastName>
        <sponsorshipDate>2017-05-03</sponsorshipDate>
        <sponsorshipWithdrawnDate />
      </item>
      <item>
        <bioguideId>L000587</bioguideId>
        <party>R</party>
        <firstName>Jason</firstName>
        <state>MN</state>
        <isOriginalCosponsor>True</isOriginalCosponsor>
        <middleName />
        <identifiers>
          <lisID>2335</lisID>
          <gpoId />
          <bioguideId>L000587</bioguideId>
        </identifiers>
        <fullName>Rep. Lewis, Jason [R-MN-2]</fullName>
        <district>2</district>
        <lastName>Lewis</lastName>
        <sponsorshipDate>2017-05-03</sponsorshipDate>
        <sponsorshipWithdrawnDate />
      </item>
      <item>
        <bioguideId>B001289</bioguideId>
        <party>R</party>
        <firstName>Bradley</firstName>
        <state>AL</state>
        <isOriginalCosponsor>True</isOriginalCosponsor>
        <middleName />
        <identifiers>
          <gpoId />
          <lisID>2197</lisID>
          <bioguideId>B001289</bioguideId>
        </identifiers>
        <fullName>Rep. Byrne, Bradley [R-AL-1]</fullName>
        <district>1</district>
        <lastName>Byrne</lastName>
        <sponsorshipDate>2017-05-03</sponsorshipDate>
        <sponsorshipWithdrawnDate />
      </item>
      <item>
        <bioguideId>R000606</bioguideId>
        <party>D</party>
        <firstName>Jamie</firstName>
        <state>MD</state>
        <isOriginalCosponsor>True</isOriginalCosponsor>
        <middleName />
        <identifiers>
          <lisID>2332</lisID>
          <bioguideId>R000606</bioguideId>
          <gpoId />
        </identifiers>
        <fullName>Rep. Raskin, Jamie [D-MD-8]</fullName>
        <district>8</district>
        <lastName>Raskin</lastName>
        <sponsorshipDate>2017-05-03</sponsorshipDate>
        <sponsorshipWithdrawnDate />
      </item>
      <item>
        <bioguideId>B001294</bioguideId>
        <party>R</party>
        <firstName>Rod</firstName>
        <state>IA</state>
        <isOriginalCosponsor>False</isOriginalCosponsor>
        <middleName />
        <identifiers>
          <lisID>2241</lisID>
          <gpoId />
          <bioguideId>B001294</bioguideId>
        </identifiers>
        <fullName>Rep. Blum, Rod [R-IA-1]</fullName>
        <district>1</district>
        <lastName>Blum</lastName>
        <sponsorshipDate>2017-05-04</sponsorshipDate>
        <sponsorshipWithdrawnDate />
      </item>
      <item>
        <bioguideId>L000569</bioguideId>
        <party>R</party>
        <firstName>Blaine</firstName>
        <state>MO</state>
        <isOriginalCosponsor>False</isOriginalCosponsor>
        <middleName />
        <identifiers>
          <lisID>1931</lisID>
          <gpoId>8017</gpoId>
          <bioguideId>L000569</bioguideId>
        </identifiers>
        <fullName>Rep. Luetkemeyer, Blaine [R-MO-3]</fullName>
        <district>3</district>
        <lastName>Luetkemeyer</lastName>
        <sponsorshipDate>2017-05-04</sponsorshipDate>
        <sponsorshipWithdrawnDate />
      </item>
      <item>
        <bioguideId>D000628</bioguideId>
        <party>R</party>
        <firstName>Neal</firstName>
        <state>FL</state>
        <isOriginalCosponsor>False</isOriginalCosponsor>
        <middleName>P.</middleName>
        <identifiers>
          <lisID>2315</lisID>
          <bioguideId>D000628</bioguideId>
          <gpoId />
        </identifiers>
        <fullName>Rep. Dunn, Neal P. [R-FL-2]</fullName>
        <district>2</district>
        <lastName>Dunn</lastName>
        <sponsorshipDate>2017-05-04</sponsorshipDate>
        <sponsorshipWithdrawnDate />
      </item>
      <item>
        <bioguideId>B001298</bioguideId>
        <party>R</party>
        <firstName>Don</firstName>
        <state>NE</state>
        <isOriginalCosponsor>False</isOriginalCosponsor>
        <middleName />
        <identifiers>
          <gpoId />
          <lisID>2337</lisID>
          <bioguideId>B001298</bioguideId>
        </identifiers>
        <fullName>Rep. Bacon, Don [R-NE-2]</fullName>
        <district>2</district>
        <lastName>Bacon</lastName>
        <sponsorshipDate>2017-05-16</sponsorshipDate>
        <sponsorshipWithdrawnDate />
      </item>
      <item>
        <bioguideId>D000621</bioguideId>
        <party>R</party>
        <firstName>Ron</firstName>
        <state>FL</state>
        <isOriginalCosponsor>False</isOriginalCosponsor>
        <middleName />
        <identifiers>
          <lisID>2116</lisID>
          <bioguideId>D000621</bioguideId>
          <gpoId />
        </identifiers>
        <fullName>Rep. DeSantis, Ron [R-FL-6]</fullName>
        <district>6</district>
        <lastName>DeSantis</lastName>
        <sponsorshipDate>2017-05-24</sponsorshipDate>
        <sponsorshipWithdrawnDate />
      </item>
      <item>
        <bioguideId>M001201</bioguideId>
        <party>R</party>
        <firstName>Paul</firstName>
        <state>MI</state>
        <isOriginalCosponsor>False</isOriginalCosponsor>
        <middleName />
        <identifiers>
          <bioguideId>M001201</bioguideId>
          <gpoId />
          <lisID>2334</lisID>
        </identifiers>
        <fullName>Rep. Mitchell, Paul [R-MI-10]</fullName>
        <district>10</district>
        <lastName>Mitchell</lastName>
        <sponsorshipDate>2017-06-08</sponsorshipDate>
        <sponsorshipWithdrawnDate />
      </item>
      <item>
        <bioguideId>F000465</bioguideId>
        <party>R</party>
        <firstName>A.</firstName>
        <state>GA</state>
        <isOriginalCosponsor>False</isOriginalCosponsor>
        <middleName>Drew</middleName>
        <identifiers>
          <lisID>2324</lisID>
          <gpoId />
          <bioguideId>F000465</bioguideId>
        </identifiers>
        <fullName>Rep. Ferguson, A. Drew, IV [R-GA-3]</fullName>
        <district>3</district>
        <lastName>Ferguson</lastName>
        <sponsorshipDate>2017-06-12</sponsorshipDate>
        <sponsorshipWithdrawnDate />
      </item>
      <item>
        <bioguideId>R000609</bioguideId>
        <party>R</party>
        <firstName>John</firstName>
        <state>FL</state>
        <isOriginalCosponsor>False</isOriginalCosponsor>
        <middleName>H.</middleName>
        <identifiers>
          <bioguideId>R000609</bioguideId>
          <gpoId />
          <lisID>2316</lisID>
        </identifiers>
        <fullName>Rep. Rutherford, John H. [R-FL-4]</fullName>
        <district>4</district>
        <lastName>Rutherford</lastName>
        <sponsorshipDate>2017-06-14</sponsorshipDate>
        <sponsorshipWithdrawnDate />
      </item>
      <item>
        <bioguideId>W000798</bioguideId>
        <party>R</party>
        <firstName>Tim</firstName>
        <state>MI</state>
        <isOriginalCosponsor>False</isOriginalCosponsor>
        <middleName />
        <identifiers>
          <lisID>1855</lisID>
          <gpoId>7992</gpoId>
          <bioguideId>W000798</bioguideId>
        </identifiers>
        <fullName>Rep. Walberg, Tim [R-MI-7]</fullName>
        <district>7</district>
        <lastName>Walberg</lastName>
        <sponsorshipDate>2017-06-23</sponsorshipDate>
        <sponsorshipWithdrawnDate />
      </item>
      <item>
        <bioguideId>B001290</bioguideId>
        <party>R</party>
        <firstName>Dave</firstName>
        <state>VA</state>
        <isOriginalCosponsor>False</isOriginalCosponsor>
        <middleName />
        <identifiers>
          <lisID>2203</lisID>
          <gpoId />
          <bioguideId>B001290</bioguideId>
        </identifiers>
        <fullName>Rep. Brat, Dave [R-VA-7]</fullName>
        <district>7</district>
        <lastName>Brat</lastName>
        <sponsorshipDate>2017-06-26</sponsorshipDate>
        <sponsorshipWithdrawnDate />
      </item>
      <item>
        <bioguideId>K000376</bioguideId>
        <party>R</party>
        <firstName>Mike</firstName>
        <state>PA</state>
        <isOriginalCosponsor>False</isOriginalCosponsor>
        <middleName />
        <identifiers>
          <bioguideId>K000376</bioguideId>
          <lisID>2051</lisID>
          <gpoId>8708</gpoId>
        </identifiers>
        <fullName>Rep. Kelly, Mike [R-PA-3]</fullName>
        <district>3</district>
        <lastName>Kelly</lastName>
        <sponsorshipDate>2017-06-27</sponsorshipDate>
        <sponsorshipWithdrawnDate />
      </item>
      <item>
        <bioguideId>R000598</bioguideId>
        <party>R</party>
        <firstName>Keith</firstName>
        <state>PA</state>
        <isOriginalCosponsor>False</isOriginalCosponsor>
        <middleName>J.</middleName>
        <identifiers>
          <bioguideId>R000598</bioguideId>
          <lisID>2158</lisID>
          <gpoId />
        </identifiers>
        <fullName>Rep. Rothfus, Keith J. [R-PA-12]</fullName>
        <district>12</district>
        <lastName>Rothfus</lastName>
        <sponsorshipDate>2017-06-29</sponsorshipDate>
        <sponsorshipWithdrawnDate />
      </item>
      <item>
        <bioguideId>G000565</bioguideId>
        <party>R</party>
        <firstName>Paul</firstName>
        <state>AZ</state>
        <isOriginalCosponsor>False</isOriginalCosponsor>
        <middleName>A.</middleName>
        <identifiers>
          <lisID>1992</lisID>
          <gpoId>7798</gpoId>
          <bioguideId>G000565</bioguideId>
        </identifiers>
        <fullName>Rep. Gosar, Paul A. [R-AZ-4]</fullName>
        <district>4</district>
        <lastName>Gosar</lastName>
        <sponsorshipDate>2017-06-29</sponsorshipDate>
        <sponsorshipWithdrawnDate />
      </item>
      <item>
        <bioguideId>G000578</bioguideId>
        <party>R</party>
        <firstName>Matt</firstName>
        <state>FL</state>
        <isOriginalCosponsor>False</isOriginalCosponsor>
        <middleName />
        <identifiers>
          <lisID>2314</lisID>
          <bioguideId>G000578</bioguideId>
          <gpoId />
        </identifiers>
        <fullName>Rep. Gaetz, Matt [R-FL-1]</fullName>
        <district>1</district>
        <lastName>Gaetz</lastName>
        <sponsorshipDate>2017-07-11</sponsorshipDate>
        <sponsorshipWithdrawnDate />
      </item>
      <item>
        <bioguideId>R000607</bioguideId>
        <party>R</party>
        <firstName>Francis</firstName>
        <state>FL</state>
        <isOriginalCosponsor>False</isOriginalCosponsor>
        <middleName />
        <identifiers>
          <bioguideId>R000607</bioguideId>
          <lisID>2323</lisID>
          <gpoId />
        </identifiers>
        <fullName>Rep. Rooney, Francis [R-FL-19]</fullName>
        <district>19</district>
        <lastName>Rooney</lastName>
        <sponsorshipDate>2017-07-11</sponsorshipDate>
        <sponsorshipWithdrawnDate />
      </item>
      <item>
        <bioguideId>T000467</bioguideId>
        <party>R</party>
        <firstName>Glenn</firstName>
        <state>PA</state>
        <isOriginalCosponsor>False</isOriginalCosponsor>
        <middleName />
        <identifiers>
          <bioguideId>T000467</bioguideId>
          <gpoId>8123</gpoId>
          <lisID>1952</lisID>
        </identifiers>
        <fullName>Rep. Thompson, Glenn [R-PA-5]</fullName>
        <district>5</district>
        <lastName>Thompson</lastName>
        <sponsorshipDate>2017-07-19</sponsorshipDate>
        <sponsorshipWithdrawnDate />
      </item>
      <item>
        <bioguideId>M001177</bioguideId>
        <party>R</party>
        <firstName>Tom</firstName>
        <state>CA</state>
        <isOriginalCosponsor>False</isOriginalCosponsor>
        <middleName />
        <identifiers>
          <lisID>1908</lisID>
          <bioguideId>M001177</bioguideId>
          <gpoId>7809</gpoId>
        </identifiers>
        <fullName>Rep. McClintock, Tom [R-CA-4]</fullName>
        <district>4</district>
        <lastName>McClintock</lastName>
        <sponsorshipDate>2017-08-08</sponsorshipDate>
        <sponsorshipWithdrawnDate />
      </item>
      <item>
        <bioguideId>H001078</bioguideId>
        <party>R</party>
        <firstName>Karen</firstName>
        <state>GA</state>
        <isOriginalCosponsor>False</isOriginalCosponsor>
        <middleName>C.</middleName>
        <identifiers>
          <lisID>2360</lisID>
          <bioguideId>H001078</bioguideId>
          <gpoId />
        </identifiers>
        <fullName>Rep. Handel, Karen C. [R-GA-6]</fullName>
        <district>6</district>
        <lastName>Handel</lastName>
        <sponsorshipDate>2017-08-08</sponsorshipDate>
        <sponsorshipWithdrawnDate />
      </item>
      <item>
        <bioguideId>M001189</bioguideId>
        <party>R</party>
        <firstName>Luke</firstName>
        <state>IN</state>
        <isOriginalCosponsor>False</isOriginalCosponsor>
        <middleName />
        <identifiers>
          <lisID>2130</lisID>
          <gpoId />
          <bioguideId>M001189</bioguideId>
        </identifiers>
        <fullName>Rep. Messer, Luke [R-IN-6]</fullName>
        <district>6</district>
        <lastName>Messer</lastName>
        <sponsorshipDate>2017-10-06</sponsorshipDate>
        <sponsorshipWithdrawnDate />
      </item>
      <item>
        <bioguideId>G000580</bioguideId>
        <party>R</party>
        <firstName>Thomas</firstName>
        <state>VA</state>
        <isOriginalCosponsor>False</isOriginalCosponsor>
        <middleName>A.</middleName>
        <identifiers>
          <lisID>2353</lisID>
          <bioguideId>G000580</bioguideId>
          <gpoId />
        </identifiers>
        <fullName>Rep. Garrett, Thomas A., Jr. [R-VA-5]</fullName>
        <district>5</district>
        <lastName>Garrett</lastName>
        <sponsorshipDate>2017-10-16</sponsorshipDate>
        <sponsorshipWithdrawnDate />
      </item>
      <item>
        <bioguideId>H001067</bioguideId>
        <party>R</party>
        <firstName>Richard</firstName>
        <state>NC</state>
        <isOriginalCosponsor>False</isOriginalCosponsor>
        <middleName />
        <identifiers>
          <bioguideId>H001067</bioguideId>
          <lisID>2140</lisID>
          <gpoId />
        </identifiers>
        <fullName>Rep. Hudson, Richard [R-NC-8]</fullName>
        <district>8</district>
        <lastName>Hudson</lastName>
        <sponsorshipDate>2017-10-23</sponsorshipDate>
        <sponsorshipWithdrawnDate />
      </item>
      <item>
        <bioguideId>K000392</bioguideId>
        <party>R</party>
        <firstName>David</firstName>
        <state>TN</state>
        <isOriginalCosponsor>False</isOriginalCosponsor>
        <middleName />
        <identifiers>
          <lisID>2348</lisID>
          <bioguideId>K000392</bioguideId>
          <gpoId />
        </identifiers>
        <fullName>Rep. Kustoff, David [R-TN-8]</fullName>
        <district>8</district>
        <lastName>Kustoff</lastName>
        <sponsorshipDate>2017-10-24</sponsorshipDate>
        <sponsorshipWithdrawnDate />
      </item>
      <item>
        <bioguideId>F000459</bioguideId>
        <party>R</party>
        <firstName>Charles</firstName>
        <state>TN</state>
        <isOriginalCosponsor>False</isOriginalCosponsor>
        <middleName>J. "Chuck"</middleName>
        <identifiers>
          <lisID>2061</lisID>
          <gpoId>8150</gpoId>
          <bioguideId>F000459</bioguideId>
        </identifiers>
        <fullName>Rep. Fleischmann, Charles J. "Chuck" [R-TN-3]</fullName>
        <district>3</district>
        <lastName>Fleischmann</lastName>
        <sponsorshipDate>2017-10-31</sponsorshipDate>
        <sponsorshipWithdrawnDate />
      </item>
      <item>
        <bioguideId>J000288</bioguideId>
        <party>D</party>
        <firstName>Henry</firstName>
        <state>GA</state>
        <isOriginalCosponsor>False</isOriginalCosponsor>
        <middleName>C. "Hank"</middleName>
        <identifiers>
          <lisID>1843</lisID>
          <gpoId>7901</gpoId>
          <bioguideId>J000288</bioguideId>
        </identifiers>
        <fullName>Rep. Johnson, Henry C. "Hank," Jr. [D-GA-4]</fullName>
        <district>4</district>
        <lastName>Johnson</lastName>
        <sponsorshipDate>2017-10-31</sponsorshipDate>
        <sponsorshipWithdrawnDate />
      </item>
      <item>
        <bioguideId>H001048</bioguideId>
        <party>R</party>
        <firstName>Duncan</firstName>
        <state>CA</state>
        <isOriginalCosponsor>False</isOriginalCosponsor>
        <middleName>D.</middleName>
        <identifiers>
          <lisID>1909</lisID>
          <gpoId>7857</gpoId>
          <bioguideId>H001048</bioguideId>
        </identifiers>
        <fullName>Rep. Hunter, Duncan D. [R-CA-50]</fullName>
        <district>50</district>
        <lastName>Hunter</lastName>
        <sponsorshipDate>2017-10-31</sponsorshipDate>
        <sponsorshipWithdrawnDate />
      </item>
      <item>
        <bioguideId>W000814</bioguideId>
        <party>R</party>
        <firstName>Randy</firstName>
        <state>TX</state>
        <isOriginalCosponsor>False</isOriginalCosponsor>
        <middleName>K.</middleName>
        <identifiers>
          <lisID>2161</lisID>
          <gpoId />
          <bioguideId>W000814</bioguideId>
        </identifiers>
        <fullName>Rep. Weber, Randy K., Sr. [R-TX-14]</fullName>
        <district>14</district>
        <lastName>Weber</lastName>
        <sponsorshipDate>2017-11-01</sponsorshipDate>
        <sponsorshipWithdrawnDate />
      </item>
      <item>
        <bioguideId>W000816</bioguideId>
        <party>R</party>
        <firstName>Roger</firstName>
        <state>TX</state>
        <isOriginalCosponsor>False</isOriginalCosponsor>
        <middleName />
        <identifiers>
          <lisID>2165</lisID>
          <gpoId />
          <bioguideId>W000816</bioguideId>
        </identifiers>
        <fullName>Rep. Williams, Roger [R-TX-25]</fullName>
        <district>25</district>
        <lastName>Williams</lastName>
        <sponsorshipDate>2017-11-01</sponsorshipDate>
        <sponsorshipWithdrawnDate />
      </item>
      <item>
        <bioguideId>F000460</bioguideId>
        <party>R</party>
        <firstName>Blake</firstName>
        <state>TX</state>
        <isOriginalCosponsor>False</isOriginalCosponsor>
        <middleName />
        <identifiers>
          <bioguideId>F000460</bioguideId>
          <lisID>2067</lisID>
          <gpoId>8183</gpoId>
        </identifiers>
        <fullName>Rep. Farenthold, Blake [R-TX-27]</fullName>
        <district>27</district>
        <lastName>Farenthold</lastName>
        <sponsorshipDate>2017-11-01</sponsorshipDate>
        <sponsorshipWithdrawnDate />
      </item>
      <item>
        <bioguideId>B001291</bioguideId>
        <party>R</party>
        <firstName>Brian</firstName>
        <state>TX</state>
        <isOriginalCosponsor>False</isOriginalCosponsor>
        <middleName />
        <identifiers>
          <bioguideId>B001291</bioguideId>
          <lisID>2270</lisID>
          <gpoId />
        </identifiers>
        <fullName>Rep. Babin, Brian [R-TX-36]</fullName>
        <district>36</district>
        <lastName>Babin</lastName>
        <sponsorshipDate>2017-11-01</sponsorshipDate>
        <sponsorshipWithdrawnDate />
      </item>
      <item>
        <bioguideId>E000298</bioguideId>
        <party>R</party>
        <firstName>Ron</firstName>
        <state>KS</state>
        <isOriginalCosponsor>False</isOriginalCosponsor>
        <middleName />
        <identifiers>
          <lisID>2358</lisID>
          <bioguideId>E000298</bioguideId>
          <gpoId />
        </identifiers>
        <fullName>Rep. Estes, Ron [R-KS-4]</fullName>
        <district>4</district>
        <lastName>Estes</lastName>
        <sponsorshipDate>2017-11-09</sponsorshipDate>
        <sponsorshipWithdrawnDate />
      </item>
      <item>
        <bioguideId>L000564</bioguideId>
        <party>R</party>
        <firstName>Doug</firstName>
        <state>CO</state>
        <isOriginalCosponsor>False</isOriginalCosponsor>
        <middleName />
        <identifiers>
          <bioguideId>L000564</bioguideId>
          <gpoId>7863</gpoId>
          <lisID>1834</lisID>
        </identifiers>
        <fullName>Rep. Lamborn, Doug [R-CO-5]</fullName>
        <district>5</district>
        <lastName>Lamborn</lastName>
        <sponsorshipDate>2017-11-29</sponsorshipDate>
        <sponsorshipWithdrawnDate />
      </item>
      <item>
        <bioguideId>J000174</bioguideId>
        <party>R</party>
        <firstName>SAM</firstName>
        <state>TX</state>
        <isOriginalCosponsor>False</isOriginalCosponsor>
        <middleName />
        <identifiers>
          <bioguideId>J000174</bioguideId>
          <lisID>603</lisID>
          <gpoId>8159</gpoId>
        </identifiers>
        <fullName>Rep. Johnson, Sam [R-TX-3]</fullName>
        <district>3</district>
        <lastName>JOHNSON</lastName>
        <sponsorshipDate>2017-11-29</sponsorshipDate>
        <sponsorshipWithdrawnDate />
      </item>
      <item>
        <bioguideId>N000190</bioguideId>
        <party>R</party>
        <firstName>Ralph</firstName>
        <state>SC</state>
        <isOriginalCosponsor>False</isOriginalCosponsor>
        <middleName />
        <identifiers>
          <lisID>2361</lisID>
          <gpoId />
          <bioguideId>N000190</bioguideId>
        </identifiers>
        <fullName>Rep. Norman, Ralph [R-SC-5]</fullName>
        <district>5</district>
        <lastName>Norman</lastName>
        <sponsorshipDate>2018-01-22</sponsorshipDate>
        <sponsorshipWithdrawnDate />
      </item>
      <item>
        <bioguideId>G000584</bioguideId>
        <party>R</party>
        <firstName>Greg</firstName>
        <state>MT</state>
        <isOriginalCosponsor>False</isOriginalCosponsor>
        <middleName />
        <identifiers>
          <lisID>2359</lisID>
          <bioguideId>G000584</bioguideId>
          <gpoId />
        </identifiers>
        <fullName>Rep. Gianforte, Greg [R-MT-At Large]</fullName>
        <district>0</district>
        <lastName>Gianforte</lastName>
        <sponsorshipDate>2018-03-05</sponsorshipDate>
        <sponsorshipWithdrawnDate />
      </item>
      <item>
        <bioguideId>L000583</bioguideId>
        <party>R</party>
        <firstName>Barry</firstName>
        <state>GA</state>
        <isOriginalCosponsor>False</isOriginalCosponsor>
        <middleName />
        <identifiers>
          <lisID>2238</lisID>
          <gpoId />
          <bioguideId>L000583</bioguideId>
        </identifiers>
        <fullName>Rep. Loudermilk, Barry [R-GA-11]</fullName>
        <district>11</district>
        <lastName>Loudermilk</lastName>
        <sponsorshipDate>2018-03-20</sponsorshipDate>
        <sponsorshipWithdrawnDate />
      </item>
      <item>
        <bioguideId>H001071</bioguideId>
        <party>R</party>
        <firstName>Jody</firstName>
        <state>GA</state>
        <isOriginalCosponsor>False</isOriginalCosponsor>
        <middleName>B.</middleName>
        <identifiers>
          <lisID>2237</lisID>
          <bioguideId>H001071</bioguideId>
          <gpoId />
        </identifiers>
        <fullName>Rep. Hice, Jody B. [R-GA-10]</fullName>
        <district>10</district>
        <lastName>Hice</lastName>
        <sponsorshipDate>2018-04-18</sponsorshipDate>
        <sponsorshipWithdrawnDate />
      </item>
      <item>
        <bioguideId>G000560</bioguideId>
        <party>R</party>
        <firstName>Tom</firstName>
        <state>GA</state>
        <isOriginalCosponsor>False</isOriginalCosponsor>
        <middleName />
        <identifiers>
          <bioguideId>G000560</bioguideId>
          <lisID>1979</lisID>
          <gpoId>7906</gpoId>
        </identifiers>
        <fullName>Rep. Graves, Tom [R-GA-14]</fullName>
        <district>14</district>
        <lastName>Graves</lastName>
        <sponsorshipDate>2018-04-26</sponsorshipDate>
        <sponsorshipWithdrawnDate />
      </item>
    </cosponsors>
    <updateDate>2018-08-28T19:54:38Z</updateDate>
    <laws />
    <originChamber>House</originChamber>
    <introducedDate>2017-05-03</introducedDate>
    <sponsors>
      <item>
        <middleName>P.</middleName>
        <bioguideId>R000582</bioguideId>
        <identifiers>
          <bioguideId>R000582</bioguideId>
          <gpoId>8148</gpoId>
          <lisID>1954</lisID>
        </identifiers>
        <fullName>Rep. Roe, David P. [R-TN-1]</fullName>
        <byRequestType />
        <party>R</party>
        <firstName>David</firstName>
        <state>TN</state>
        <lastName>Roe</lastName>
        <district>1</district>
      </item>
    </sponsors>
    <relatedBills />
    <committeeReports />
    <titles>
      <item>
        <titleType>Official Title as Introduced</titleType>
        <title>Expressing the sense of the House of Representatives relating to protecting freedom of speech, thought, and expression at institutions of higher education.</title>
        <parentTitleType />
        <chamberCode />
        <chamberName />
      </item>
      <item>
        <titleType>Display Title</titleType>
        <title>Expressing the sense of the House of Representatives relating to protecting freedom of speech, thought, and expression at institutions of higher education.</title>
        <parentTitleType />
        <chamberCode />
        <chamberName />
      </item>
    </titles>
    <recordedVotes />
    <summaries>
      <billSummaries>
        <item>
          <updateDate>2017-05-03T04:00:00Z</updateDate>
          <lastSummaryUpdateDate>2017-08-23T20:05:10Z</lastSummaryUpdateDate>
          <text><![CDATA[<p>Expresses the sense of the House of Representatives that free speech zones and restrictive speech codes are inherently at odds with the freedom of speech guaranteed by the First Amendment of the Constitution. Urges institutions of higher education to facilitate and recommit themselves to protecting the free and open exchange of ideas.</p>]]></text>
          <actionDate>2017-05-03</actionDate>
          <actionDesc>Introduced in House</actionDesc>
          <name>Introduced in House</name>
          <versionCode>00</versionCode>
        </item>
      </billSummaries>
    </summaries>
    <amendments />
  </bill>
  <dublinCore xmlns:dc="http://purl.org/dc/elements/1.1/">
    <dc:format>text/xml</dc:format>
    <dc:language>EN</dc:language>
    <dc:rights>Pursuant to Title 17 Section 105 of the United States Code, this file is not subject to copyright protection and is in the public domain.</dc:rights>
    <dc:contributor>Congressional Research Service, Library of Congress</dc:contributor>
    <dc:description>This file contains bill summaries and statuses for federal legislation. A bill summary describes the most significant provisions of a piece of legislation and details the effects the legislative text may have on current law and federal programs. Bill summaries are authored by the Congressional Research Service (CRS) of the Library of Congress. As stated in Public Law 91-510 (2 USC 166 (d)(6)), one of the duties of CRS is "to prepare summaries and digests of bills and resolutions of a public general nature introduced in the Senate or House of Representatives". For more information, refer to the User Guide that accompanies this file.</dc:description>
  </dublinCore>
</billStatus>

