<?xml version="1.0" encoding="UTF-8"?>
<billStatus>
  <bill>
    <title>Commemorating one year since the Pulse nightclub shooting in Orlando, Florida, on June 12, 2016.</title>
    <originChamber>House</originChamber>
    <updateDate>2018-08-28T19:54:53Z</updateDate>
    <constitutionalAuthorityStatementText />
    <calendarNumbers />
    <subjects>
      <billSubjects>
        <legislativeSubjects>
          <item>
            <name>Congressional tributes</name>
          </item>
          <item>
            <name>Crime victims</name>
          </item>
          <item>
            <name>Emergency medical services and trauma care</name>
          </item>
          <item>
            <name>First responders and emergency personnel</name>
          </item>
          <item>
            <name>Florida</name>
          </item>
          <item>
            <name>Hate crimes</name>
          </item>
          <item>
            <name>Health personnel</name>
          </item>
          <item>
            <name>Law enforcement officers</name>
          </item>
          <item>
            <name>Terrorism</name>
          </item>
          <item>
            <name>Violent crime</name>
          </item>
        </legislativeSubjects>
        <policyArea>
          <name>Crime and Law Enforcement</name>
        </policyArea>
      </billSubjects>
    </subjects>
    <version>1.0.0</version>
    <summaries>
      <billSummaries>
        <item>
          <versionCode>00</versionCode>
          <actionDate>2017-06-12</actionDate>
          <actionDesc>Introduced in House</actionDesc>
          <name>Introduced in House</name>
          <lastSummaryUpdateDate>2017-09-26T14:48:11Z</lastSummaryUpdateDate>
          <text><![CDATA[<p>Expresses that the House of Representatives:</p> <ul> <li>remembers the victims, their families, the survivors, and the community one year since the Pulse nightclub shooting in Orlando, Florida, the deadliest mass shooting in the history of the United States;</li> <li>acknowledges the scars are still fresh and the community is still recovering from this tragedy;</li> <li>offers support to the brave men and women of the emergency response teams, law enforcement agencies who responded to the scene of the shooting, and the medical personnel who treated victims and survivors;</li> <li>acknowledges the threat of homegrown terrorists and will work together to ensure such a tragedy is not repeated;</li> <li>stands united together against terrorism and hatred, and will not permit prejudice, violence, and fear to diminish the U.S. ideals of compassion, liberty, equality, and freedom.</li> </ul>]]></text>
          <updateDate>2017-06-12T04:00:00Z</updateDate>
        </item>
      </billSummaries>
    </summaries>
    <billType>HRES</billType>
    <latestAction>
      <text>Referred to the House Committee on Oversight and Government Reform.</text>
      <links />
      <actionDate>2017-06-12</actionDate>
    </latestAction>
    <policyArea>
      <name>Crime and Law Enforcement</name>
    </policyArea>
    <relatedBills />
    <introducedDate>2017-06-12</introducedDate>
    <actions>
      <actionByCounts>
        <houseOfRepresentatives>3</houseOfRepresentatives>
      </actionByCounts>
      <item>
        <type>IntroReferral</type>
        <links />
        <sourceSystem>
          <name>House floor actions</name>
          <code>2</code>
        </sourceSystem>
        <committee>
          <name>Oversight and Government Reform Committee</name>
          <systemCode>hsgo00</systemCode>
        </committee>
        <text>Referred to the House Committee on Oversight and Government Reform.</text>
        <actionCode>H11100</actionCode>
        <actionDate>2017-06-12</actionDate>
      </item>
      <item>
        <type>IntroReferral</type>
        <links />
        <sourceSystem>
          <name>Library of Congress</name>
          <code>9</code>
        </sourceSystem>
        <committee />
        <text>Introduced in House</text>
        <actionCode>Intro-H</actionCode>
        <actionDate>2017-06-12</actionDate>
      </item>
      <item>
        <type>IntroReferral</type>
        <links />
        <sourceSystem>
          <name>Library of Congress</name>
          <code>9</code>
        </sourceSystem>
        <committee />
        <text>Introduced in House</text>
        <actionCode>1000</actionCode>
        <actionDate>2017-06-12</actionDate>
      </item>
      <actionTypeCounts>
        <billReferrals>1</billReferrals>
        <introducedInTheHouse>1</introducedInTheHouse>
        <introducedInHouse>1</introducedInHouse>
      </actionTypeCounts>
    </actions>
    <laws />
    <congress>115</congress>
    <committeeReports />
    <billNumber>380</billNumber>
    <cboCostEstimates />
    <cosponsors>
      <item>
        <firstName>Stephanie</firstName>
        <lastName>Murphy</lastName>
        <sponsorshipWithdrawnDate />
        <sponsorshipDate>2017-06-12</sponsorshipDate>
        <bioguideId>M001202</bioguideId>
        <district>7</district>
        <middleName>N.</middleName>
        <isOriginalCosponsor>True</isOriginalCosponsor>
        <fullName>Rep. Murphy, Stephanie N. [D-FL-7]</fullName>
        <state>FL</state>
        <party>D</party>
        <identifiers>
          <bioguideId>M001202</bioguideId>
          <gpoId />
          <lisID>2318</lisID>
        </identifiers>
      </item>
      <item>
        <firstName>Darren</firstName>
        <lastName>Soto</lastName>
        <sponsorshipWithdrawnDate />
        <sponsorshipDate>2017-06-12</sponsorshipDate>
        <bioguideId>S001200</bioguideId>
        <district>9</district>
        <middleName />
        <isOriginalCosponsor>True</isOriginalCosponsor>
        <fullName>Rep. Soto, Darren [D-FL-9]</fullName>
        <state>FL</state>
        <party>D</party>
        <identifiers>
          <lisID>2319</lisID>
          <bioguideId>S001200</bioguideId>
          <gpoId />
        </identifiers>
      </item>
      <item>
        <firstName>Alma</firstName>
        <lastName>Adams</lastName>
        <sponsorshipWithdrawnDate />
        <sponsorshipDate>2017-06-12</sponsorshipDate>
        <bioguideId>A000370</bioguideId>
        <district>12</district>
        <middleName>S.</middleName>
        <isOriginalCosponsor>True</isOriginalCosponsor>
        <fullName>Rep. Adams, Alma S. [D-NC-12]</fullName>
        <state>NC</state>
        <party>D</party>
        <identifiers>
          <lisID>2201</lisID>
          <bioguideId>A000370</bioguideId>
          <gpoId />
        </identifiers>
      </item>
      <item>
        <firstName>Nanette</firstName>
        <lastName>Barragan</lastName>
        <sponsorshipWithdrawnDate />
        <sponsorshipDate>2017-06-12</sponsorshipDate>
        <bioguideId>B001300</bioguideId>
        <district>44</district>
        <middleName>Diaz</middleName>
        <isOriginalCosponsor>True</isOriginalCosponsor>
        <fullName>Rep. Barragan, Nanette Diaz [D-CA-44]</fullName>
        <state>CA</state>
        <party>D</party>
        <identifiers>
          <gpoId />
          <lisID>2311</lisID>
          <bioguideId>B001300</bioguideId>
        </identifiers>
      </item>
      <item>
        <firstName>Joyce</firstName>
        <lastName>Beatty</lastName>
        <sponsorshipWithdrawnDate />
        <sponsorshipDate>2017-06-12</sponsorshipDate>
        <bioguideId>B001281</bioguideId>
        <district>3</district>
        <middleName />
        <isOriginalCosponsor>True</isOriginalCosponsor>
        <fullName>Rep. Beatty, Joyce [D-OH-3]</fullName>
        <state>OH</state>
        <party>D</party>
        <identifiers>
          <lisID>2153</lisID>
          <bioguideId>B001281</bioguideId>
          <gpoId />
        </identifiers>
      </item>
      <item>
        <firstName>EARL</firstName>
        <lastName>BLUMENAUER</lastName>
        <sponsorshipWithdrawnDate />
        <sponsorshipDate>2017-06-12</sponsorshipDate>
        <bioguideId>B000574</bioguideId>
        <district>3</district>
        <middleName />
        <isOriginalCosponsor>True</isOriginalCosponsor>
        <fullName>Rep. Blumenauer, Earl [D-OR-3]</fullName>
        <state>OR</state>
        <party>D</party>
        <identifiers>
          <lisID>99</lisID>
          <gpoId>8116</gpoId>
          <bioguideId>B000574</bioguideId>
        </identifiers>
      </item>
      <item>
        <firstName>Brendan</firstName>
        <lastName>Boyle</lastName>
        <sponsorshipWithdrawnDate />
        <sponsorshipDate>2017-06-12</sponsorshipDate>
        <bioguideId>B001296</bioguideId>
        <district>13</district>
        <middleName>F.</middleName>
        <isOriginalCosponsor>True</isOriginalCosponsor>
        <fullName>Rep. Boyle, Brendan F. [D-PA-13]</fullName>
        <state>PA</state>
        <party>D</party>
        <identifiers>
          <gpoId />
          <lisID>2267</lisID>
          <bioguideId>B001296</bioguideId>
        </identifiers>
      </item>
      <item>
        <firstName>Anthony</firstName>
        <lastName>Brown</lastName>
        <sponsorshipWithdrawnDate />
        <sponsorshipDate>2017-06-12</sponsorshipDate>
        <bioguideId>B001304</bioguideId>
        <district>4</district>
        <middleName>G.</middleName>
        <isOriginalCosponsor>True</isOriginalCosponsor>
        <fullName>Rep. Brown, Anthony G. [D-MD-4]</fullName>
        <state>MD</state>
        <party>D</party>
        <identifiers>
          <gpoId />
          <lisID>2331</lisID>
          <bioguideId>B001304</bioguideId>
        </identifiers>
      </item>
      <item>
        <firstName>Julia</firstName>
        <lastName>Brownley</lastName>
        <sponsorshipWithdrawnDate />
        <sponsorshipDate>2017-06-12</sponsorshipDate>
        <bioguideId>B001285</bioguideId>
        <district>26</district>
        <middleName />
        <isOriginalCosponsor>True</isOriginalCosponsor>
        <fullName>Rep. Brownley, Julia [D-CA-26]</fullName>
        <state>CA</state>
        <party>D</party>
        <identifiers>
          <lisID>2106</lisID>
          <bioguideId>B001285</bioguideId>
          <gpoId />
        </identifiers>
      </item>
      <item>
        <firstName>Salud</firstName>
        <lastName>Carbajal</lastName>
        <sponsorshipWithdrawnDate />
        <sponsorshipDate>2017-06-12</sponsorshipDate>
        <bioguideId>C001112</bioguideId>
        <district>24</district>
        <middleName>O.</middleName>
        <isOriginalCosponsor>True</isOriginalCosponsor>
        <fullName>Rep. Carbajal, Salud O. [D-CA-24]</fullName>
        <state>CA</state>
        <party>D</party>
        <identifiers>
          <lisID>2310</lisID>
          <bioguideId>C001112</bioguideId>
          <gpoId />
        </identifiers>
      </item>
      <item>
        <firstName>Tony</firstName>
        <lastName>Cardenas</lastName>
        <sponsorshipWithdrawnDate />
        <sponsorshipDate>2017-06-12</sponsorshipDate>
        <bioguideId>C001097</bioguideId>
        <district>29</district>
        <middleName />
        <isOriginalCosponsor>True</isOriginalCosponsor>
        <fullName>Rep. Cardenas, Tony [D-CA-29]</fullName>
        <state>CA</state>
        <party>D</party>
        <identifiers>
          <gpoId />
          <lisID>2107</lisID>
          <bioguideId>C001097</bioguideId>
        </identifiers>
      </item>
      <item>
        <firstName>Andre</firstName>
        <lastName>Carson</lastName>
        <sponsorshipWithdrawnDate />
        <sponsorshipDate>2017-06-12</sponsorshipDate>
        <bioguideId>C001072</bioguideId>
        <district>7</district>
        <middleName />
        <isOriginalCosponsor>True</isOriginalCosponsor>
        <fullName>Rep. Carson, Andre [D-IN-7]</fullName>
        <state>IN</state>
        <party>D</party>
        <identifiers>
          <bioguideId>C001072</bioguideId>
          <lisID>1889</lisID>
          <gpoId>7946</gpoId>
        </identifiers>
      </item>
      <item>
        <firstName>Kathy</firstName>
        <lastName>Castor</lastName>
        <sponsorshipWithdrawnDate />
        <sponsorshipDate>2017-06-12</sponsorshipDate>
        <bioguideId>C001066</bioguideId>
        <district>14</district>
        <middleName />
        <isOriginalCosponsor>True</isOriginalCosponsor>
        <fullName>Rep. Castor, Kathy [D-FL-14]</fullName>
        <state>FL</state>
        <party>D</party>
        <identifiers>
          <lisID>1839</lisID>
          <gpoId>7883</gpoId>
          <bioguideId>C001066</bioguideId>
        </identifiers>
      </item>
      <item>
        <firstName>David</firstName>
        <lastName>Cicilline</lastName>
        <sponsorshipWithdrawnDate />
        <sponsorshipDate>2017-06-12</sponsorshipDate>
        <bioguideId>C001084</bioguideId>
        <district>1</district>
        <middleName>N.</middleName>
        <isOriginalCosponsor>True</isOriginalCosponsor>
        <fullName>Rep. Cicilline, David N. [D-RI-1]</fullName>
        <state>RI</state>
        <party>D</party>
        <identifiers>
          <gpoId>8139</gpoId>
          <lisID>2055</lisID>
          <bioguideId>C001084</bioguideId>
        </identifiers>
      </item>
      <item>
        <firstName>Katherine</firstName>
        <lastName>Clark</lastName>
        <sponsorshipWithdrawnDate />
        <sponsorshipDate>2017-06-12</sponsorshipDate>
        <bioguideId>C001101</bioguideId>
        <district>5</district>
        <middleName>M.</middleName>
        <isOriginalCosponsor>True</isOriginalCosponsor>
        <fullName>Rep. Clark, Katherine M. [D-MA-5]</fullName>
        <state>MA</state>
        <party>D</party>
        <identifiers>
          <lisID>2196</lisID>
          <gpoId />
          <bioguideId>C001101</bioguideId>
        </identifiers>
      </item>
      <item>
        <firstName>Yvette</firstName>
        <lastName>Clarke</lastName>
        <sponsorshipWithdrawnDate />
        <sponsorshipDate>2017-06-12</sponsorshipDate>
        <bioguideId>C001067</bioguideId>
        <district>9</district>
        <middleName>D.</middleName>
        <isOriginalCosponsor>True</isOriginalCosponsor>
        <fullName>Rep. Clarke, Yvette D. [D-NY-9]</fullName>
        <state>NY</state>
        <party>D</party>
        <identifiers>
          <lisID>1864</lisID>
          <gpoId>8072</gpoId>
          <bioguideId>C001067</bioguideId>
        </identifiers>
      </item>
      <item>
        <firstName>Emanuel</firstName>
        <lastName>Cleaver</lastName>
        <sponsorshipWithdrawnDate />
        <sponsorshipDate>2017-06-12</sponsorshipDate>
        <bioguideId>C001061</bioguideId>
        <district>5</district>
        <middleName />
        <isOriginalCosponsor>True</isOriginalCosponsor>
        <fullName>Rep. Cleaver, Emanuel [D-MO-5]</fullName>
        <state>MO</state>
        <party>D</party>
        <identifiers>
          <lisID>1790</lisID>
          <gpoId>8013</gpoId>
          <bioguideId>C001061</bioguideId>
        </identifiers>
      </item>
      <item>
        <firstName>JOHN</firstName>
        <lastName>CONYERS</lastName>
        <sponsorshipWithdrawnDate />
        <sponsorshipDate>2017-06-12</sponsorshipDate>
        <bioguideId>C000714</bioguideId>
        <district>13</district>
        <middleName />
        <isOriginalCosponsor>True</isOriginalCosponsor>
        <fullName>Rep. Conyers, John, Jr. [D-MI-13]</fullName>
        <state>MI</state>
        <party>D</party>
        <identifiers>
          <lisID>229</lisID>
          <gpoId>7999</gpoId>
          <bioguideId>C000714</bioguideId>
        </identifiers>
      </item>
      <item>
        <firstName>Joe</firstName>
        <lastName>Courtney</lastName>
        <sponsorshipWithdrawnDate />
        <sponsorshipDate>2017-06-12</sponsorshipDate>
        <bioguideId>C001069</bioguideId>
        <district>2</district>
        <middleName />
        <isOriginalCosponsor>True</isOriginalCosponsor>
        <fullName>Rep. Courtney, Joe [D-CT-2]</fullName>
        <state>CT</state>
        <party>D</party>
        <identifiers>
          <lisID>1836</lisID>
          <gpoId>7867</gpoId>
          <bioguideId>C001069</bioguideId>
        </identifiers>
      </item>
      <item>
        <firstName>Charlie</firstName>
        <lastName>Crist</lastName>
        <sponsorshipWithdrawnDate />
        <sponsorshipDate>2017-06-12</sponsorshipDate>
        <bioguideId>C001111</bioguideId>
        <district>13</district>
        <middleName />
        <isOriginalCosponsor>True</isOriginalCosponsor>
        <fullName>Rep. Crist, Charlie [D-FL-13]</fullName>
        <state>FL</state>
        <party>D</party>
        <identifiers>
          <bioguideId>C001111</bioguideId>
          <lisID>2321</lisID>
          <gpoId />
        </identifiers>
      </item>
      <item>
        <firstName>JOSEPH</firstName>
        <lastName>CROWLEY</lastName>
        <sponsorshipWithdrawnDate />
        <sponsorshipDate>2017-06-12</sponsorshipDate>
        <bioguideId>C001038</bioguideId>
        <district>14</district>
        <middleName />
        <isOriginalCosponsor>True</isOriginalCosponsor>
        <fullName>Rep. Crowley, Joseph [D-NY-14]</fullName>
        <state>NY</state>
        <party>D</party>
        <identifiers>
          <lisID>1604</lisID>
          <gpoId>8068</gpoId>
          <bioguideId>C001038</bioguideId>
        </identifiers>
      </item>
      <item>
        <firstName>DANNY</firstName>
        <lastName>DAVIS</lastName>
        <sponsorshipWithdrawnDate />
        <sponsorshipDate>2017-06-12</sponsorshipDate>
        <bioguideId>D000096</bioguideId>
        <district>7</district>
        <middleName>K.</middleName>
        <isOriginalCosponsor>True</isOriginalCosponsor>
        <fullName>Rep. Davis, Danny K. [D-IL-7]</fullName>
        <state>IL</state>
        <party>D</party>
        <identifiers>
          <bioguideId>D000096</bioguideId>
          <lisID>1477</lisID>
          <gpoId>7927</gpoId>
        </identifiers>
      </item>
      <item>
        <firstName>John</firstName>
        <lastName>Delaney</lastName>
        <sponsorshipWithdrawnDate />
        <sponsorshipDate>2017-06-12</sponsorshipDate>
        <bioguideId>D000620</bioguideId>
        <district>6</district>
        <middleName>K.</middleName>
        <isOriginalCosponsor>True</isOriginalCosponsor>
        <fullName>Rep. Delaney, John K. [D-MD-6]</fullName>
        <state>MD</state>
        <party>D</party>
        <identifiers>
          <bioguideId>D000620</bioguideId>
          <lisID>2133</lisID>
          <gpoId />
        </identifiers>
      </item>
      <item>
        <firstName>Suzan</firstName>
        <lastName>DelBene</lastName>
        <sponsorshipWithdrawnDate />
        <sponsorshipDate>2017-06-12</sponsorshipDate>
        <bioguideId>D000617</bioguideId>
        <district>1</district>
        <middleName>K.</middleName>
        <isOriginalCosponsor>True</isOriginalCosponsor>
        <fullName>Rep. DelBene, Suzan K. [D-WA-1]</fullName>
        <state>WA</state>
        <party>D</party>
        <identifiers>
          <bioguideId>D000617</bioguideId>
          <lisID>2096</lisID>
          <gpoId>8374</gpoId>
        </identifiers>
      </item>
      <item>
        <firstName>Theodore</firstName>
        <lastName>Deutch</lastName>
        <sponsorshipWithdrawnDate />
        <sponsorshipDate>2017-06-12</sponsorshipDate>
        <bioguideId>D000610</bioguideId>
        <district>22</district>
        <middleName>E.</middleName>
        <isOriginalCosponsor>True</isOriginalCosponsor>
        <fullName>Rep. Deutch, Theodore E. [D-FL-22]</fullName>
        <state>FL</state>
        <party>D</party>
        <identifiers>
          <lisID>1976</lisID>
          <gpoId>7891</gpoId>
          <bioguideId>D000610</bioguideId>
        </identifiers>
      </item>
      <item>
        <firstName>Keith</firstName>
        <lastName>Ellison</lastName>
        <sponsorshipWithdrawnDate />
        <sponsorshipDate>2017-06-12</sponsorshipDate>
        <bioguideId>E000288</bioguideId>
        <district>5</district>
        <middleName />
        <isOriginalCosponsor>True</isOriginalCosponsor>
        <fullName>Rep. Ellison, Keith [D-MN-5]</fullName>
        <state>MN</state>
        <party>D</party>
        <identifiers>
          <lisID>1857</lisID>
          <bioguideId>E000288</bioguideId>
          <gpoId>8005</gpoId>
        </identifiers>
      </item>
      <item>
        <firstName>Adriano</firstName>
        <lastName>Espaillat</lastName>
        <sponsorshipWithdrawnDate />
        <sponsorshipDate>2017-06-12</sponsorshipDate>
        <bioguideId>E000297</bioguideId>
        <district>13</district>
        <middleName />
        <isOriginalCosponsor>True</isOriginalCosponsor>
        <fullName>Rep. Espaillat, Adriano [D-NY-13]</fullName>
        <state>NY</state>
        <party>D</party>
        <identifiers>
          <lisID>2342</lisID>
          <gpoId />
          <bioguideId>E000297</bioguideId>
        </identifiers>
      </item>
      <item>
        <firstName>Elizabeth</firstName>
        <lastName>Esty</lastName>
        <sponsorshipWithdrawnDate />
        <sponsorshipDate>2017-06-12</sponsorshipDate>
        <bioguideId>E000293</bioguideId>
        <district>5</district>
        <middleName>H.</middleName>
        <isOriginalCosponsor>True</isOriginalCosponsor>
        <fullName>Rep. Esty, Elizabeth H. [D-CT-5]</fullName>
        <state>CT</state>
        <party>D</party>
        <identifiers>
          <lisID>2114</lisID>
          <bioguideId>E000293</bioguideId>
          <gpoId />
        </identifiers>
      </item>
      <item>
        <firstName>Dwight</firstName>
        <lastName>Evans</lastName>
        <sponsorshipWithdrawnDate />
        <sponsorshipDate>2017-06-12</sponsorshipDate>
        <bioguideId>E000296</bioguideId>
        <district>2</district>
        <middleName />
        <isOriginalCosponsor>True</isOriginalCosponsor>
        <fullName>Rep. Evans, Dwight [D-PA-2]</fullName>
        <state>PA</state>
        <party>D</party>
        <identifiers>
          <gpoId />
          <lisID>2298</lisID>
          <bioguideId>E000296</bioguideId>
        </identifiers>
      </item>
      <item>
        <firstName>Lois</firstName>
        <lastName>Frankel</lastName>
        <sponsorshipWithdrawnDate />
        <sponsorshipDate>2017-06-12</sponsorshipDate>
        <bioguideId>F000462</bioguideId>
        <district>21</district>
        <middleName />
        <isOriginalCosponsor>True</isOriginalCosponsor>
        <fullName>Rep. Frankel, Lois [D-FL-21]</fullName>
        <state>FL</state>
        <party>D</party>
        <identifiers>
          <lisID>2119</lisID>
          <gpoId />
          <bioguideId>F000462</bioguideId>
        </identifiers>
      </item>
      <item>
        <firstName>Tulsi</firstName>
        <lastName>Gabbard</lastName>
        <sponsorshipWithdrawnDate />
        <sponsorshipDate>2017-06-12</sponsorshipDate>
        <bioguideId>G000571</bioguideId>
        <district>2</district>
        <middleName />
        <isOriginalCosponsor>True</isOriginalCosponsor>
        <fullName>Rep. Gabbard, Tulsi [D-HI-2]</fullName>
        <state>HI</state>
        <party>D</party>
        <identifiers>
          <lisID>2122</lisID>
          <gpoId />
          <bioguideId>G000571</bioguideId>
        </identifiers>
      </item>
      <item>
        <firstName>Ruben</firstName>
        <lastName>Gallego</lastName>
        <sponsorshipWithdrawnDate />
        <sponsorshipDate>2017-06-12</sponsorshipDate>
        <bioguideId>G000574</bioguideId>
        <district>7</district>
        <middleName />
        <isOriginalCosponsor>True</isOriginalCosponsor>
        <fullName>Rep. Gallego, Ruben [D-AZ-7]</fullName>
        <state>AZ</state>
        <party>D</party>
        <identifiers>
          <lisID>2226</lisID>
          <bioguideId>G000574</bioguideId>
          <gpoId />
        </identifiers>
      </item>
      <item>
        <firstName>Raul</firstName>
        <lastName>Grijalva</lastName>
        <sponsorshipWithdrawnDate />
        <sponsorshipDate>2017-06-12</sponsorshipDate>
        <bioguideId>G000551</bioguideId>
        <district>3</district>
        <middleName>M.</middleName>
        <isOriginalCosponsor>True</isOriginalCosponsor>
        <fullName>Rep. Grijalva, Raul M. [D-AZ-3]</fullName>
        <state>AZ</state>
        <party>D</party>
        <identifiers>
          <bioguideId>G000551</bioguideId>
          <lisID>1708</lisID>
          <gpoId>7804</gpoId>
        </identifiers>
      </item>
      <item>
        <firstName>Al</firstName>
        <lastName>Green</lastName>
        <sponsorshipWithdrawnDate />
        <sponsorshipDate>2017-06-12</sponsorshipDate>
        <bioguideId>G000553</bioguideId>
        <district>9</district>
        <middleName />
        <isOriginalCosponsor>True</isOriginalCosponsor>
        <fullName>Rep. Green, Al [D-TX-9]</fullName>
        <state>TX</state>
        <party>D</party>
        <identifiers>
          <bioguideId>G000553</bioguideId>
          <lisID>1803</lisID>
          <gpoId>8165</gpoId>
        </identifiers>
      </item>
      <item>
        <firstName>ALCEE</firstName>
        <lastName>HASTINGS</lastName>
        <sponsorshipWithdrawnDate />
        <sponsorshipDate>2017-06-12</sponsorshipDate>
        <bioguideId>H000324</bioguideId>
        <district>20</district>
        <middleName>L.</middleName>
        <isOriginalCosponsor>True</isOriginalCosponsor>
        <fullName>Rep. Hastings, Alcee L. [D-FL-20]</fullName>
        <state>FL</state>
        <party>D</party>
        <identifiers>
          <bioguideId>H000324</bioguideId>
          <gpoId>7895</gpoId>
          <lisID>511</lisID>
        </identifiers>
      </item>
      <item>
        <firstName>Brian</firstName>
        <lastName>Higgins</lastName>
        <sponsorshipWithdrawnDate />
        <sponsorshipDate>2017-06-12</sponsorshipDate>
        <bioguideId>H001038</bioguideId>
        <district>26</district>
        <middleName />
        <isOriginalCosponsor>True</isOriginalCosponsor>
        <fullName>Rep. Higgins, Brian [D-NY-26]</fullName>
        <state>NY</state>
        <party>D</party>
        <identifiers>
          <lisID>1794</lisID>
          <bioguideId>H001038</bioguideId>
          <gpoId>8088</gpoId>
        </identifiers>
      </item>
      <item>
        <firstName>James</firstName>
        <lastName>Himes</lastName>
        <sponsorshipWithdrawnDate />
        <sponsorshipDate>2017-06-12</sponsorshipDate>
        <bioguideId>H001047</bioguideId>
        <district>4</district>
        <middleName>A.</middleName>
        <isOriginalCosponsor>True</isOriginalCosponsor>
        <fullName>Rep. Himes, James A. [D-CT-4]</fullName>
        <state>CT</state>
        <party>D</party>
        <identifiers>
          <gpoId>7869</gpoId>
          <lisID>1913</lisID>
          <bioguideId>H001047</bioguideId>
        </identifiers>
      </item>
      <item>
        <firstName>SHEILA</firstName>
        <lastName>JACKSON LEE</lastName>
        <sponsorshipWithdrawnDate />
        <sponsorshipDate>2017-06-12</sponsorshipDate>
        <bioguideId>J000032</bioguideId>
        <district>18</district>
        <middleName />
        <isOriginalCosponsor>True</isOriginalCosponsor>
        <fullName>Rep. Jackson Lee, Sheila [D-TX-18]</fullName>
        <state>TX</state>
        <party>D</party>
        <identifiers>
          <lisID>588</lisID>
          <bioguideId>J000032</bioguideId>
          <gpoId>8174</gpoId>
        </identifiers>
      </item>
      <item>
        <firstName>Pramila</firstName>
        <lastName>Jayapal</lastName>
        <sponsorshipWithdrawnDate />
        <sponsorshipDate>2017-06-12</sponsorshipDate>
        <bioguideId>J000298</bioguideId>
        <district>7</district>
        <middleName />
        <isOriginalCosponsor>True</isOriginalCosponsor>
        <fullName>Rep. Jayapal, Pramila [D-WA-7]</fullName>
        <state>WA</state>
        <party>D</party>
        <identifiers>
          <lisID>2354</lisID>
          <bioguideId>J000298</bioguideId>
          <gpoId />
        </identifiers>
      </item>
      <item>
        <firstName>Hakeem</firstName>
        <lastName>Jeffries</lastName>
        <sponsorshipWithdrawnDate />
        <sponsorshipDate>2017-06-12</sponsorshipDate>
        <bioguideId>J000294</bioguideId>
        <district>8</district>
        <middleName>S.</middleName>
        <isOriginalCosponsor>True</isOriginalCosponsor>
        <fullName>Rep. Jeffries, Hakeem S. [D-NY-8]</fullName>
        <state>NY</state>
        <party>D</party>
        <identifiers>
          <lisID>2149</lisID>
          <gpoId />
          <bioguideId>J000294</bioguideId>
        </identifiers>
      </item>
      <item>
        <firstName>Henry</firstName>
        <lastName>Johnson</lastName>
        <sponsorshipWithdrawnDate />
        <sponsorshipDate>2017-06-12</sponsorshipDate>
        <bioguideId>J000288</bioguideId>
        <district>4</district>
        <middleName>C. "Hank"</middleName>
        <isOriginalCosponsor>True</isOriginalCosponsor>
        <fullName>Rep. Johnson, Henry C. "Hank," Jr. [D-GA-4]</fullName>
        <state>GA</state>
        <party>D</party>
        <identifiers>
          <lisID>1843</lisID>
          <gpoId>7901</gpoId>
          <bioguideId>J000288</bioguideId>
        </identifiers>
      </item>
      <item>
        <firstName>William</firstName>
        <lastName>Keating</lastName>
        <sponsorshipWithdrawnDate />
        <sponsorshipDate>2017-06-12</sponsorshipDate>
        <bioguideId>K000375</bioguideId>
        <district>9</district>
        <middleName>R.</middleName>
        <isOriginalCosponsor>True</isOriginalCosponsor>
        <fullName>Rep. Keating, William R. [D-MA-9]</fullName>
        <state>MA</state>
        <party>D</party>
        <identifiers>
          <bioguideId>K000375</bioguideId>
          <lisID>2025</lisID>
          <gpoId>7975</gpoId>
        </identifiers>
      </item>
      <item>
        <firstName>Robin</firstName>
        <lastName>Kelly</lastName>
        <sponsorshipWithdrawnDate />
        <sponsorshipDate>2017-06-12</sponsorshipDate>
        <bioguideId>K000385</bioguideId>
        <district>2</district>
        <middleName>L.</middleName>
        <isOriginalCosponsor>True</isOriginalCosponsor>
        <fullName>Rep. Kelly, Robin L. [D-IL-2]</fullName>
        <state>IL</state>
        <party>D</party>
        <identifiers>
          <gpoId />
          <lisID>2190</lisID>
          <bioguideId>K000385</bioguideId>
        </identifiers>
      </item>
      <item>
        <firstName>Joseph</firstName>
        <lastName>Kennedy</lastName>
        <sponsorshipWithdrawnDate />
        <sponsorshipDate>2017-06-12</sponsorshipDate>
        <bioguideId>K000379</bioguideId>
        <district>4</district>
        <middleName>P.</middleName>
        <isOriginalCosponsor>True</isOriginalCosponsor>
        <fullName>Rep. Kennedy, Joseph P., III [D-MA-4]</fullName>
        <state>MA</state>
        <party>D</party>
        <identifiers>
          <lisID>2172</lisID>
          <gpoId />
          <bioguideId>K000379</bioguideId>
        </identifiers>
      </item>
      <item>
        <firstName>Ruben</firstName>
        <lastName>Kihuen</lastName>
        <sponsorshipWithdrawnDate />
        <sponsorshipDate>2017-06-12</sponsorshipDate>
        <bioguideId>K000390</bioguideId>
        <district>4</district>
        <middleName>J.</middleName>
        <isOriginalCosponsor>True</isOriginalCosponsor>
        <fullName>Rep. Kihuen, Ruben J. [D-NV-4]</fullName>
        <state>NV</state>
        <party>D</party>
        <identifiers>
          <lisID>2340</lisID>
          <bioguideId>K000390</bioguideId>
          <gpoId />
        </identifiers>
      </item>
      <item>
        <firstName>Daniel</firstName>
        <lastName>Kildee</lastName>
        <sponsorshipWithdrawnDate />
        <sponsorshipDate>2017-06-12</sponsorshipDate>
        <bioguideId>K000380</bioguideId>
        <district>5</district>
        <middleName>T.</middleName>
        <isOriginalCosponsor>True</isOriginalCosponsor>
        <fullName>Rep. Kildee, Daniel T. [D-MI-5]</fullName>
        <state>MI</state>
        <party>D</party>
        <identifiers>
          <bioguideId>K000380</bioguideId>
          <lisID>2134</lisID>
          <gpoId />
        </identifiers>
      </item>
      <item>
        <firstName>Derek</firstName>
        <lastName>Kilmer</lastName>
        <sponsorshipWithdrawnDate />
        <sponsorshipDate>2017-06-12</sponsorshipDate>
        <bioguideId>K000381</bioguideId>
        <district>6</district>
        <middleName />
        <isOriginalCosponsor>True</isOriginalCosponsor>
        <fullName>Rep. Kilmer, Derek [D-WA-6]</fullName>
        <state>WA</state>
        <party>D</party>
        <identifiers>
          <lisID>2169</lisID>
          <bioguideId>K000381</bioguideId>
          <gpoId />
        </identifiers>
      </item>
      <item>
        <firstName>Raja</firstName>
        <lastName>Krishnamoorthi</lastName>
        <sponsorshipWithdrawnDate />
        <sponsorshipDate>2017-06-12</sponsorshipDate>
        <bioguideId>K000391</bioguideId>
        <district>8</district>
        <middleName />
        <isOriginalCosponsor>True</isOriginalCosponsor>
        <fullName>Rep. Krishnamoorthi, Raja [D-IL-8]</fullName>
        <state>IL</state>
        <party>D</party>
        <identifiers>
          <bioguideId>K000391</bioguideId>
          <gpoId />
          <lisID>2325</lisID>
        </identifiers>
      </item>
      <item>
        <firstName>JAMES</firstName>
        <lastName>LANGEVIN</lastName>
        <sponsorshipWithdrawnDate />
        <sponsorshipDate>2017-06-12</sponsorshipDate>
        <bioguideId>L000559</bioguideId>
        <district>2</district>
        <middleName>R.</middleName>
        <isOriginalCosponsor>True</isOriginalCosponsor>
        <fullName>Rep. Langevin, James R. [D-RI-2]</fullName>
        <state>RI</state>
        <party>D</party>
        <identifiers>
          <bioguideId>L000559</bioguideId>
          <lisID>1668</lisID>
          <gpoId>8140</gpoId>
        </identifiers>
      </item>
      <item>
        <firstName>Brenda</firstName>
        <lastName>Lawrence</lastName>
        <sponsorshipWithdrawnDate />
        <sponsorshipDate>2017-06-12</sponsorshipDate>
        <bioguideId>L000581</bioguideId>
        <district>14</district>
        <middleName>L.</middleName>
        <isOriginalCosponsor>True</isOriginalCosponsor>
        <fullName>Rep. Lawrence, Brenda L. [D-MI-14]</fullName>
        <state>MI</state>
        <party>D</party>
        <identifiers>
          <bioguideId>L000581</bioguideId>
          <lisID>2252</lisID>
          <gpoId />
        </identifiers>
      </item>
      <item>
        <firstName>Al</firstName>
        <lastName>Lawson</lastName>
        <sponsorshipWithdrawnDate />
        <sponsorshipDate>2017-06-12</sponsorshipDate>
        <bioguideId>L000586</bioguideId>
        <district>5</district>
        <middleName />
        <isOriginalCosponsor>True</isOriginalCosponsor>
        <fullName>Rep. Lawson, Al, Jr. [D-FL-5]</fullName>
        <state>FL</state>
        <party>D</party>
        <identifiers>
          <lisID>2317</lisID>
          <bioguideId>L000586</bioguideId>
          <gpoId />
        </identifiers>
      </item>
      <item>
        <firstName>BARBARA</firstName>
        <lastName>LEE</lastName>
        <sponsorshipWithdrawnDate />
        <sponsorshipDate>2017-06-12</sponsorshipDate>
        <bioguideId>L000551</bioguideId>
        <district>13</district>
        <middleName />
        <isOriginalCosponsor>True</isOriginalCosponsor>
        <fullName>Rep. Lee, Barbara [D-CA-13]</fullName>
        <state>CA</state>
        <party>D</party>
        <identifiers>
          <lisID>1501</lisID>
          <bioguideId>L000551</bioguideId>
          <gpoId>7814</gpoId>
        </identifiers>
      </item>
      <item>
        <firstName>Ted</firstName>
        <lastName>Lieu</lastName>
        <sponsorshipWithdrawnDate />
        <sponsorshipDate>2017-06-12</sponsorshipDate>
        <bioguideId>L000582</bioguideId>
        <district>33</district>
        <middleName />
        <isOriginalCosponsor>True</isOriginalCosponsor>
        <fullName>Rep. Lieu, Ted [D-CA-33]</fullName>
        <state>CA</state>
        <party>D</party>
        <identifiers>
          <bioguideId>L000582</bioguideId>
          <gpoId />
          <lisID>2230</lisID>
        </identifiers>
      </item>
      <item>
        <firstName>David</firstName>
        <lastName>Loebsack</lastName>
        <sponsorshipWithdrawnDate />
        <sponsorshipDate>2017-06-12</sponsorshipDate>
        <bioguideId>L000565</bioguideId>
        <district>2</district>
        <middleName />
        <isOriginalCosponsor>True</isOriginalCosponsor>
        <fullName>Rep. Loebsack, David [D-IA-2]</fullName>
        <state>IA</state>
        <party>D</party>
        <identifiers>
          <lisID>1846</lisID>
          <bioguideId>L000565</bioguideId>
          <gpoId>7915</gpoId>
        </identifiers>
      </item>
      <item>
        <firstName>Alan</firstName>
        <lastName>Lowenthal</lastName>
        <sponsorshipWithdrawnDate />
        <sponsorshipDate>2017-06-12</sponsorshipDate>
        <bioguideId>L000579</bioguideId>
        <district>47</district>
        <middleName>S.</middleName>
        <isOriginalCosponsor>True</isOriginalCosponsor>
        <fullName>Rep. Lowenthal, Alan S. [D-CA-47]</fullName>
        <state>CA</state>
        <party>D</party>
        <identifiers>
          <lisID>2111</lisID>
          <bioguideId>L000579</bioguideId>
          <gpoId />
        </identifiers>
      </item>
      <item>
        <firstName>NITA</firstName>
        <lastName>LOWEY</lastName>
        <sponsorshipWithdrawnDate />
        <sponsorshipDate>2017-06-12</sponsorshipDate>
        <bioguideId>L000480</bioguideId>
        <district>17</district>
        <middleName>M.</middleName>
        <isOriginalCosponsor>True</isOriginalCosponsor>
        <fullName>Rep. Lowey, Nita M. [D-NY-17]</fullName>
        <state>NY</state>
        <party>D</party>
        <identifiers>
          <gpoId>8079</gpoId>
          <lisID>709</lisID>
          <bioguideId>L000480</bioguideId>
        </identifiers>
      </item>
      <item>
        <firstName>Sean</firstName>
        <lastName>Maloney</lastName>
        <sponsorshipWithdrawnDate />
        <sponsorshipDate>2017-06-12</sponsorshipDate>
        <bioguideId>M001185</bioguideId>
        <district>18</district>
        <middleName>Patrick</middleName>
        <isOriginalCosponsor>True</isOriginalCosponsor>
        <fullName>Rep. Maloney, Sean Patrick [D-NY-18]</fullName>
        <state>NY</state>
        <party>D</party>
        <identifiers>
          <lisID>2150</lisID>
          <gpoId />
          <bioguideId>M001185</bioguideId>
        </identifiers>
      </item>
      <item>
        <firstName>A.</firstName>
        <lastName>McEachin</lastName>
        <sponsorshipWithdrawnDate />
        <sponsorshipDate>2017-06-12</sponsorshipDate>
        <bioguideId>M001200</bioguideId>
        <district>4</district>
        <middleName>Donald</middleName>
        <isOriginalCosponsor>True</isOriginalCosponsor>
        <fullName>Rep. McEachin, A. Donald [D-VA-4]</fullName>
        <state>VA</state>
        <party>D</party>
        <identifiers>
          <lisID>2352</lisID>
          <gpoId />
          <bioguideId>M001200</bioguideId>
        </identifiers>
      </item>
      <item>
        <firstName>JAMES</firstName>
        <lastName>MCGOVERN</lastName>
        <sponsorshipWithdrawnDate />
        <sponsorshipDate>2017-06-12</sponsorshipDate>
        <bioguideId>M000312</bioguideId>
        <district>2</district>
        <middleName>P.</middleName>
        <isOriginalCosponsor>True</isOriginalCosponsor>
        <fullName>Rep. McGovern, James P. [D-MA-2]</fullName>
        <state>MA</state>
        <party>D</party>
        <identifiers>
          <bioguideId>M000312</bioguideId>
          <lisID>1504</lisID>
          <gpoId>7968</gpoId>
        </identifiers>
      </item>
      <item>
        <firstName>GREGORY</firstName>
        <lastName>MEEKS</lastName>
        <sponsorshipWithdrawnDate />
        <sponsorshipDate>2017-06-12</sponsorshipDate>
        <bioguideId>M001137</bioguideId>
        <district>5</district>
        <middleName>W.</middleName>
        <isOriginalCosponsor>True</isOriginalCosponsor>
        <fullName>Rep. Meeks, Gregory W. [D-NY-5]</fullName>
        <state>NY</state>
        <party>D</party>
        <identifiers>
          <bioguideId>M001137</bioguideId>
          <lisID>1506</lisID>
          <gpoId>8067</gpoId>
        </identifiers>
      </item>
      <item>
        <firstName>Grace</firstName>
        <lastName>Meng</lastName>
        <sponsorshipWithdrawnDate />
        <sponsorshipDate>2017-06-12</sponsorshipDate>
        <bioguideId>M001188</bioguideId>
        <district>6</district>
        <middleName />
        <isOriginalCosponsor>True</isOriginalCosponsor>
        <fullName>Rep. Meng, Grace [D-NY-6]</fullName>
        <state>NY</state>
        <party>D</party>
        <identifiers>
          <gpoId />
          <lisID>2148</lisID>
          <bioguideId>M001188</bioguideId>
        </identifiers>
      </item>
      <item>
        <firstName>Gwen</firstName>
        <lastName>Moore</lastName>
        <sponsorshipWithdrawnDate />
        <sponsorshipDate>2017-06-12</sponsorshipDate>
        <bioguideId>M001160</bioguideId>
        <district>4</district>
        <middleName />
        <isOriginalCosponsor>True</isOriginalCosponsor>
        <fullName>Rep. Moore, Gwen [D-WI-4]</fullName>
        <state>WI</state>
        <party>D</party>
        <identifiers>
          <lisID>1811</lisID>
          <gpoId>8217</gpoId>
          <bioguideId>M001160</bioguideId>
        </identifiers>
      </item>
      <item>
        <firstName>Seth</firstName>
        <lastName>Moulton</lastName>
        <sponsorshipWithdrawnDate />
        <sponsorshipDate>2017-06-12</sponsorshipDate>
        <bioguideId>M001196</bioguideId>
        <district>6</district>
        <middleName />
        <isOriginalCosponsor>True</isOriginalCosponsor>
        <fullName>Rep. Moulton, Seth [D-MA-6]</fullName>
        <state>MA</state>
        <party>D</party>
        <identifiers>
          <bioguideId>M001196</bioguideId>
          <gpoId />
          <lisID>2246</lisID>
        </identifiers>
      </item>
      <item>
        <firstName>JERROLD</firstName>
        <lastName>NADLER</lastName>
        <sponsorshipWithdrawnDate />
        <sponsorshipDate>2017-06-12</sponsorshipDate>
        <bioguideId>N000002</bioguideId>
        <district>10</district>
        <middleName />
        <isOriginalCosponsor>True</isOriginalCosponsor>
        <fullName>Rep. Nadler, Jerrold [D-NY-10]</fullName>
        <state>NY</state>
        <party>D</party>
        <identifiers>
          <gpoId>8069</gpoId>
          <lisID>850</lisID>
          <bioguideId>N000002</bioguideId>
        </identifiers>
      </item>
      <item>
        <firstName>ELEANOR</firstName>
        <lastName>NORTON</lastName>
        <sponsorshipWithdrawnDate />
        <sponsorshipDate>2017-06-12</sponsorshipDate>
        <bioguideId>N000147</bioguideId>
        <district>0</district>
        <middleName>HOLMES</middleName>
        <isOriginalCosponsor>True</isOriginalCosponsor>
        <fullName>Rep. Norton, Eleanor Holmes [D-DC-At Large]</fullName>
        <state>DC</state>
        <party>D</party>
        <identifiers>
          <lisID>868</lisID>
          <gpoId>7871</gpoId>
          <bioguideId>N000147</bioguideId>
        </identifiers>
      </item>
      <item>
        <firstName>Beto</firstName>
        <lastName>O'Rourke</lastName>
        <sponsorshipWithdrawnDate />
        <sponsorshipDate>2017-06-12</sponsorshipDate>
        <bioguideId>O000170</bioguideId>
        <district>16</district>
        <middleName />
        <isOriginalCosponsor>True</isOriginalCosponsor>
        <fullName>Rep. O'Rourke, Beto [D-TX-16]</fullName>
        <state>TX</state>
        <party>D</party>
        <identifiers>
          <lisID>2162</lisID>
          <bioguideId>O000170</bioguideId>
          <gpoId />
        </identifiers>
      </item>
      <item>
        <firstName>FRANK</firstName>
        <lastName>PALLONE</lastName>
        <sponsorshipWithdrawnDate />
        <sponsorshipDate>2017-06-12</sponsorshipDate>
        <bioguideId>P000034</bioguideId>
        <district>6</district>
        <middleName />
        <isOriginalCosponsor>True</isOriginalCosponsor>
        <fullName>Rep. Pallone, Frank, Jr. [D-NJ-6]</fullName>
        <state>NJ</state>
        <party>D</party>
        <identifiers>
          <lisID>887</lisID>
          <gpoId>8048</gpoId>
          <bioguideId>P000034</bioguideId>
        </identifiers>
      </item>
      <item>
        <firstName>Donald</firstName>
        <lastName>Payne</lastName>
        <sponsorshipWithdrawnDate />
        <sponsorshipDate>2017-06-12</sponsorshipDate>
        <bioguideId>P000604</bioguideId>
        <district>10</district>
        <middleName>M.</middleName>
        <isOriginalCosponsor>True</isOriginalCosponsor>
        <fullName>Rep. Payne, Donald M., Jr. [D-NJ-10]</fullName>
        <state>NJ</state>
        <party>D</party>
        <identifiers>
          <lisID>2097</lisID>
          <bioguideId>P000604</bioguideId>
          <gpoId>8373</gpoId>
        </identifiers>
      </item>
      <item>
        <firstName>NANCY</firstName>
        <lastName>PELOSI</lastName>
        <sponsorshipWithdrawnDate />
        <sponsorshipDate>2017-06-12</sponsorshipDate>
        <bioguideId>P000197</bioguideId>
        <district>12</district>
        <middleName />
        <isOriginalCosponsor>True</isOriginalCosponsor>
        <fullName>Rep. Pelosi, Nancy [D-CA-12]</fullName>
        <state>CA</state>
        <party>D</party>
        <identifiers>
          <lisID>905</lisID>
          <bioguideId>P000197</bioguideId>
          <gpoId>7813</gpoId>
        </identifiers>
      </item>
      <item>
        <firstName>Scott</firstName>
        <lastName>Peters</lastName>
        <sponsorshipWithdrawnDate />
        <sponsorshipDate>2017-06-12</sponsorshipDate>
        <bioguideId>P000608</bioguideId>
        <district>52</district>
        <middleName>H.</middleName>
        <isOriginalCosponsor>True</isOriginalCosponsor>
        <fullName>Rep. Peters, Scott H. [D-CA-52]</fullName>
        <state>CA</state>
        <party>D</party>
        <identifiers>
          <gpoId />
          <lisID>2113</lisID>
          <bioguideId>P000608</bioguideId>
        </identifiers>
      </item>
      <item>
        <firstName>Chellie</firstName>
        <lastName>Pingree</lastName>
        <sponsorshipWithdrawnDate />
        <sponsorshipDate>2017-06-12</sponsorshipDate>
        <bioguideId>P000597</bioguideId>
        <district>1</district>
        <middleName />
        <isOriginalCosponsor>True</isOriginalCosponsor>
        <fullName>Rep. Pingree, Chellie [D-ME-1]</fullName>
        <state>ME</state>
        <party>D</party>
        <identifiers>
          <gpoId>7984</gpoId>
          <lisID>1927</lisID>
          <bioguideId>P000597</bioguideId>
        </identifiers>
      </item>
      <item>
        <firstName>Stacey</firstName>
        <lastName>Plaskett</lastName>
        <sponsorshipWithdrawnDate />
        <sponsorshipDate>2017-06-12</sponsorshipDate>
        <bioguideId>P000610</bioguideId>
        <district>0</district>
        <middleName>E.</middleName>
        <isOriginalCosponsor>True</isOriginalCosponsor>
        <fullName>Rep. Plaskett, Stacey E. [D-VI-At Large]</fullName>
        <state>VI</state>
        <party>D</party>
        <identifiers>
          <bioguideId>P000610</bioguideId>
          <lisID>2274</lisID>
          <gpoId />
        </identifiers>
      </item>
      <item>
        <firstName>Mark</firstName>
        <lastName>Pocan</lastName>
        <sponsorshipWithdrawnDate />
        <sponsorshipDate>2017-06-12</sponsorshipDate>
        <bioguideId>P000607</bioguideId>
        <district>2</district>
        <middleName />
        <isOriginalCosponsor>True</isOriginalCosponsor>
        <fullName>Rep. Pocan, Mark [D-WI-2]</fullName>
        <state>WI</state>
        <party>D</party>
        <identifiers>
          <bioguideId>P000607</bioguideId>
          <lisID>2171</lisID>
          <gpoId />
        </identifiers>
      </item>
      <item>
        <firstName>Jared</firstName>
        <lastName>Polis</lastName>
        <sponsorshipWithdrawnDate />
        <sponsorshipDate>2017-06-12</sponsorshipDate>
        <bioguideId>P000598</bioguideId>
        <district>2</district>
        <middleName />
        <isOriginalCosponsor>True</isOriginalCosponsor>
        <fullName>Rep. Polis, Jared [D-CO-2]</fullName>
        <state>CO</state>
        <party>D</party>
        <identifiers>
          <bioguideId>P000598</bioguideId>
          <lisID>1910</lisID>
          <gpoId>7860</gpoId>
        </identifiers>
      </item>
      <item>
        <firstName>DAVID</firstName>
        <lastName>PRICE</lastName>
        <sponsorshipWithdrawnDate />
        <sponsorshipDate>2017-06-12</sponsorshipDate>
        <bioguideId>P000523</bioguideId>
        <district>4</district>
        <middleName>E.</middleName>
        <isOriginalCosponsor>True</isOriginalCosponsor>
        <fullName>Rep. Price, David E. [D-NC-4]</fullName>
        <state>NC</state>
        <party>D</party>
        <identifiers>
          <lisID>930</lisID>
          <gpoId>8027</gpoId>
          <bioguideId>P000523</bioguideId>
        </identifiers>
      </item>
      <item>
        <firstName>Jamie</firstName>
        <lastName>Raskin</lastName>
        <sponsorshipWithdrawnDate />
        <sponsorshipDate>2017-06-12</sponsorshipDate>
        <bioguideId>R000606</bioguideId>
        <district>8</district>
        <middleName />
        <isOriginalCosponsor>True</isOriginalCosponsor>
        <fullName>Rep. Raskin, Jamie [D-MD-8]</fullName>
        <state>MD</state>
        <party>D</party>
        <identifiers>
          <lisID>2332</lisID>
          <bioguideId>R000606</bioguideId>
          <gpoId />
        </identifiers>
      </item>
      <item>
        <firstName>Kathleen</firstName>
        <lastName>Rice</lastName>
        <sponsorshipWithdrawnDate />
        <sponsorshipDate>2017-06-12</sponsorshipDate>
        <bioguideId>R000602</bioguideId>
        <district>4</district>
        <middleName>M.</middleName>
        <isOriginalCosponsor>True</isOriginalCosponsor>
        <fullName>Rep. Rice, Kathleen M. [D-NY-4]</fullName>
        <state>NY</state>
        <party>D</party>
        <identifiers>
          <bioguideId>R000602</bioguideId>
          <lisID>2262</lisID>
          <gpoId />
        </identifiers>
      </item>
      <item>
        <firstName>Cedric</firstName>
        <lastName>Richmond</lastName>
        <sponsorshipWithdrawnDate />
        <sponsorshipDate>2017-06-12</sponsorshipDate>
        <bioguideId>R000588</bioguideId>
        <district>2</district>
        <middleName>L.</middleName>
        <isOriginalCosponsor>True</isOriginalCosponsor>
        <fullName>Rep. Richmond, Cedric L. [D-LA-2]</fullName>
        <state>LA</state>
        <party>D</party>
        <identifiers>
          <lisID>2023</lisID>
          <bioguideId>R000588</bioguideId>
          <gpoId>7960</gpoId>
        </identifiers>
      </item>
      <item>
        <firstName>ILEANA</firstName>
        <lastName>ROS-LEHTINEN</lastName>
        <sponsorshipWithdrawnDate />
        <sponsorshipDate>2017-06-12</sponsorshipDate>
        <bioguideId>R000435</bioguideId>
        <district>27</district>
        <middleName />
        <isOriginalCosponsor>True</isOriginalCosponsor>
        <fullName>Rep. Ros-Lehtinen, Ileana [R-FL-27]</fullName>
        <state>FL</state>
        <party>R</party>
        <identifiers>
          <lisID>985</lisID>
          <bioguideId>R000435</bioguideId>
          <gpoId>7890</gpoId>
        </identifiers>
      </item>
      <item>
        <firstName>Jacky</firstName>
        <lastName>Rosen</lastName>
        <sponsorshipWithdrawnDate />
        <sponsorshipDate>2017-06-12</sponsorshipDate>
        <bioguideId>R000608</bioguideId>
        <district>3</district>
        <middleName />
        <isOriginalCosponsor>True</isOriginalCosponsor>
        <fullName>Rep. Rosen, Jacky [D-NV-3]</fullName>
        <state>NV</state>
        <party>D</party>
        <identifiers>
          <bioguideId>R000608</bioguideId>
          <gpoId />
          <lisID>2339</lisID>
        </identifiers>
      </item>
      <item>
        <firstName>Raul</firstName>
        <lastName>Ruiz</lastName>
        <sponsorshipWithdrawnDate />
        <sponsorshipDate>2017-06-12</sponsorshipDate>
        <bioguideId>R000599</bioguideId>
        <district>36</district>
        <middleName />
        <isOriginalCosponsor>True</isOriginalCosponsor>
        <fullName>Rep. Ruiz, Raul [D-CA-36]</fullName>
        <state>CA</state>
        <party>D</party>
        <identifiers>
          <lisID>2109</lisID>
          <gpoId />
          <bioguideId>R000599</bioguideId>
        </identifiers>
      </item>
      <item>
        <firstName>BOBBY</firstName>
        <lastName>RUSH</lastName>
        <sponsorshipWithdrawnDate />
        <sponsorshipDate>2017-06-12</sponsorshipDate>
        <bioguideId>R000515</bioguideId>
        <district>1</district>
        <middleName>L.</middleName>
        <isOriginalCosponsor>True</isOriginalCosponsor>
        <fullName>Rep. Rush, Bobby L. [D-IL-1]</fullName>
        <state>IL</state>
        <party>D</party>
        <identifiers>
          <bioguideId>R000515</bioguideId>
          <lisID>1003</lisID>
          <gpoId>7921</gpoId>
        </identifiers>
      </item>
      <item>
        <firstName>TIM</firstName>
        <lastName>RYAN</lastName>
        <sponsorshipWithdrawnDate />
        <sponsorshipDate>2017-06-12</sponsorshipDate>
        <bioguideId>R000577</bioguideId>
        <district>13</district>
        <middleName />
        <isOriginalCosponsor>True</isOriginalCosponsor>
        <fullName>Rep. Ryan, Tim [D-OH-13]</fullName>
        <state>OH</state>
        <party>D</party>
        <identifiers>
          <lisID>1756</lisID>
          <gpoId>8107</gpoId>
          <bioguideId>R000577</bioguideId>
        </identifiers>
      </item>
      <item>
        <firstName>LINDA</firstName>
        <lastName>SANCHEZ</lastName>
        <sponsorshipWithdrawnDate />
        <sponsorshipDate>2017-06-12</sponsorshipDate>
        <bioguideId>S001156</bioguideId>
        <district>38</district>
        <middleName>T.</middleName>
        <isOriginalCosponsor>True</isOriginalCosponsor>
        <fullName>Rep. Sanchez, Linda T. [D-CA-38]</fullName>
        <state>CA</state>
        <party>D</party>
        <identifiers>
          <bioguideId>S001156</bioguideId>
          <lisID>1757</lisID>
          <gpoId>7844</gpoId>
        </identifiers>
      </item>
      <item>
        <firstName>ADAM</firstName>
        <lastName>SCHIFF</lastName>
        <sponsorshipWithdrawnDate />
        <sponsorshipDate>2017-06-12</sponsorshipDate>
        <bioguideId>S001150</bioguideId>
        <district>28</district>
        <middleName>B.</middleName>
        <isOriginalCosponsor>True</isOriginalCosponsor>
        <fullName>Rep. Schiff, Adam B. [D-CA-28]</fullName>
        <state>CA</state>
        <party>D</party>
        <identifiers>
          <bioguideId>S001150</bioguideId>
          <lisID>1635</lisID>
          <gpoId>7834</gpoId>
        </identifiers>
      </item>
      <item>
        <firstName>Robert</firstName>
        <lastName>Scott</lastName>
        <sponsorshipWithdrawnDate />
        <sponsorshipDate>2017-06-12</sponsorshipDate>
        <bioguideId>S000185</bioguideId>
        <district>3</district>
        <middleName>C. "Bobby"</middleName>
        <isOriginalCosponsor>True</isOriginalCosponsor>
        <fullName>Rep. Scott, Robert C. "Bobby" [D-VA-3]</fullName>
        <state>VA</state>
        <party>D</party>
        <identifiers>
          <lisID>1037</lisID>
          <gpoId>8194</gpoId>
          <bioguideId>S000185</bioguideId>
        </identifiers>
      </item>
      <item>
        <firstName>BRAD</firstName>
        <lastName>SHERMAN</lastName>
        <sponsorshipWithdrawnDate />
        <sponsorshipDate>2017-06-12</sponsorshipDate>
        <bioguideId>S000344</bioguideId>
        <district>30</district>
        <middleName />
        <isOriginalCosponsor>True</isOriginalCosponsor>
        <fullName>Rep. Sherman, Brad [D-CA-30]</fullName>
        <state>CA</state>
        <party>D</party>
        <identifiers>
          <lisID>1526</lisID>
          <bioguideId>S000344</bioguideId>
          <gpoId>7832</gpoId>
        </identifiers>
      </item>
      <item>
        <firstName>Kyrsten</firstName>
        <lastName>Sinema</lastName>
        <sponsorshipWithdrawnDate />
        <sponsorshipDate>2017-06-12</sponsorshipDate>
        <bioguideId>S001191</bioguideId>
        <district>9</district>
        <middleName />
        <isOriginalCosponsor>True</isOriginalCosponsor>
        <fullName>Rep. Sinema, Kyrsten [D-AZ-9]</fullName>
        <state>AZ</state>
        <party>D</party>
        <identifiers>
          <lisID>2099</lisID>
          <gpoId />
          <bioguideId>S001191</bioguideId>
        </identifiers>
      </item>
      <item>
        <firstName>LOUISE</firstName>
        <lastName>SLAUGHTER</lastName>
        <sponsorshipWithdrawnDate />
        <sponsorshipDate>2017-06-12</sponsorshipDate>
        <bioguideId>S000480</bioguideId>
        <district>25</district>
        <middleName>M.</middleName>
        <isOriginalCosponsor>True</isOriginalCosponsor>
        <fullName>Rep. Slaughter, Louise McIntosh [D-NY-25]</fullName>
        <state>NY</state>
        <party>D</party>
        <identifiers>
          <bioguideId>S000480</bioguideId>
          <gpoId>8089</gpoId>
          <lisID>1069</lisID>
        </identifiers>
      </item>
      <item>
        <firstName>Jackie</firstName>
        <lastName>Speier</lastName>
        <sponsorshipWithdrawnDate />
        <sponsorshipDate>2017-06-12</sponsorshipDate>
        <bioguideId>S001175</bioguideId>
        <district>14</district>
        <middleName />
        <isOriginalCosponsor>True</isOriginalCosponsor>
        <fullName>Rep. Speier, Jackie [D-CA-14]</fullName>
        <state>CA</state>
        <party>D</party>
        <identifiers>
          <lisID>1890</lisID>
          <bioguideId>S001175</bioguideId>
          <gpoId>7817</gpoId>
        </identifiers>
      </item>
      <item>
        <firstName>Mark</firstName>
        <lastName>Takano</lastName>
        <sponsorshipWithdrawnDate />
        <sponsorshipDate>2017-06-12</sponsorshipDate>
        <bioguideId>T000472</bioguideId>
        <district>41</district>
        <middleName />
        <isOriginalCosponsor>True</isOriginalCosponsor>
        <fullName>Rep. Takano, Mark [D-CA-41]</fullName>
        <state>CA</state>
        <party>D</party>
        <identifiers>
          <bioguideId>T000472</bioguideId>
          <gpoId />
          <lisID>2110</lisID>
        </identifiers>
      </item>
      <item>
        <firstName>BENNIE</firstName>
        <lastName>THOMPSON</lastName>
        <sponsorshipWithdrawnDate />
        <sponsorshipDate>2017-06-12</sponsorshipDate>
        <bioguideId>T000193</bioguideId>
        <district>2</district>
        <middleName />
        <isOriginalCosponsor>True</isOriginalCosponsor>
        <fullName>Rep. Thompson, Bennie G. [D-MS-2]</fullName>
        <state>MS</state>
        <party>D</party>
        <identifiers>
          <lisID>1151</lisID>
          <bioguideId>T000193</bioguideId>
          <gpoId>8020</gpoId>
        </identifiers>
      </item>
      <item>
        <firstName>MIKE</firstName>
        <lastName>THOMPSON</lastName>
        <sponsorshipWithdrawnDate />
        <sponsorshipDate>2017-06-12</sponsorshipDate>
        <bioguideId>T000460</bioguideId>
        <district>5</district>
        <middleName />
        <isOriginalCosponsor>True</isOriginalCosponsor>
        <fullName>Rep. Thompson, Mike [D-CA-5]</fullName>
        <state>CA</state>
        <party>D</party>
        <identifiers>
          <lisID>1593</lisID>
          <bioguideId>T000460</bioguideId>
          <gpoId>7806</gpoId>
        </identifiers>
      </item>
      <item>
        <firstName>Dina</firstName>
        <lastName>Titus</lastName>
        <sponsorshipWithdrawnDate />
        <sponsorshipDate>2017-06-12</sponsorshipDate>
        <bioguideId>T000468</bioguideId>
        <district>1</district>
        <middleName />
        <isOriginalCosponsor>True</isOriginalCosponsor>
        <fullName>Rep. Titus, Dina [D-NV-1]</fullName>
        <state>NV</state>
        <party>D</party>
        <identifiers>
          <gpoId>7493</gpoId>
          <lisID>1940</lisID>
          <bioguideId>T000468</bioguideId>
        </identifiers>
      </item>
      <item>
        <firstName>Paul</firstName>
        <lastName>Tonko</lastName>
        <sponsorshipWithdrawnDate />
        <sponsorshipDate>2017-06-12</sponsorshipDate>
        <bioguideId>T000469</bioguideId>
        <district>20</district>
        <middleName />
        <isOriginalCosponsor>True</isOriginalCosponsor>
        <fullName>Rep. Tonko, Paul [D-NY-20]</fullName>
        <state>NY</state>
        <party>D</party>
        <identifiers>
          <lisID>1942</lisID>
          <gpoId>8082</gpoId>
          <bioguideId>T000469</bioguideId>
        </identifiers>
      </item>
      <item>
        <firstName>Niki</firstName>
        <lastName>Tsongas</lastName>
        <sponsorshipWithdrawnDate />
        <sponsorshipDate>2017-06-12</sponsorshipDate>
        <bioguideId>T000465</bioguideId>
        <district>3</district>
        <middleName />
        <isOriginalCosponsor>True</isOriginalCosponsor>
        <fullName>Rep. Tsongas, Niki [D-MA-3]</fullName>
        <state>MA</state>
        <party>D</party>
        <identifiers>
          <bioguideId>T000465</bioguideId>
          <gpoId>7970</gpoId>
          <lisID>1884</lisID>
        </identifiers>
      </item>
      <item>
        <firstName>Filemon</firstName>
        <lastName>Vela</lastName>
        <sponsorshipWithdrawnDate />
        <sponsorshipDate>2017-06-12</sponsorshipDate>
        <bioguideId>V000132</bioguideId>
        <district>34</district>
        <middleName />
        <isOriginalCosponsor>True</isOriginalCosponsor>
        <fullName>Rep. Vela, Filemon [D-TX-34]</fullName>
        <state>TX</state>
        <party>D</party>
        <identifiers>
          <lisID>2167</lisID>
          <bioguideId>V000132</bioguideId>
          <gpoId />
        </identifiers>
      </item>
      <item>
        <firstName>NYDIA</firstName>
        <lastName>VELAZQUEZ</lastName>
        <sponsorshipWithdrawnDate />
        <sponsorshipDate>2017-06-12</sponsorshipDate>
        <bioguideId>V000081</bioguideId>
        <district>7</district>
        <middleName>M.</middleName>
        <isOriginalCosponsor>True</isOriginalCosponsor>
        <fullName>Rep. Velazquez, Nydia M. [D-NY-7]</fullName>
        <state>NY</state>
        <party>D</party>
        <identifiers>
          <bioguideId>V000081</bioguideId>
          <gpoId>8073</gpoId>
          <lisID>1184</lisID>
        </identifiers>
      </item>
      <item>
        <firstName>Debbie</firstName>
        <lastName>Wasserman Schultz</lastName>
        <sponsorshipWithdrawnDate />
        <sponsorshipDate>2017-06-12</sponsorshipDate>
        <bioguideId>W000797</bioguideId>
        <district>23</district>
        <middleName />
        <isOriginalCosponsor>True</isOriginalCosponsor>
        <fullName>Rep. Wasserman Schultz, Debbie [D-FL-23]</fullName>
        <state>FL</state>
        <party>D</party>
        <identifiers>
          <gpoId>7892</gpoId>
          <lisID>1777</lisID>
          <bioguideId>W000797</bioguideId>
        </identifiers>
      </item>
      <item>
        <firstName>Bonnie</firstName>
        <lastName>Watson Coleman</lastName>
        <sponsorshipWithdrawnDate />
        <sponsorshipDate>2017-06-12</sponsorshipDate>
        <bioguideId>W000822</bioguideId>
        <district>12</district>
        <middleName />
        <isOriginalCosponsor>True</isOriginalCosponsor>
        <fullName>Rep. Watson Coleman, Bonnie [D-NJ-12]</fullName>
        <state>NJ</state>
        <party>D</party>
        <identifiers>
          <lisID>2259</lisID>
          <bioguideId>W000822</bioguideId>
          <gpoId />
        </identifiers>
      </item>
      <item>
        <firstName>Frederica</firstName>
        <lastName>Wilson</lastName>
        <sponsorshipWithdrawnDate />
        <sponsorshipDate>2017-06-12</sponsorshipDate>
        <bioguideId>W000808</bioguideId>
        <district>24</district>
        <middleName>S.</middleName>
        <isOriginalCosponsor>True</isOriginalCosponsor>
        <fullName>Rep. Wilson, Frederica S. [D-FL-24]</fullName>
        <state>FL</state>
        <party>D</party>
        <identifiers>
          <bioguideId>W000808</bioguideId>
          <lisID>2004</lisID>
          <gpoId>7889</gpoId>
        </identifiers>
      </item>
      <item>
        <firstName>John</firstName>
        <lastName>Yarmuth</lastName>
        <sponsorshipWithdrawnDate />
        <sponsorshipDate>2017-06-12</sponsorshipDate>
        <bioguideId>Y000062</bioguideId>
        <district>3</district>
        <middleName>A.</middleName>
        <isOriginalCosponsor>True</isOriginalCosponsor>
        <fullName>Rep. Yarmuth, John A. [D-KY-3]</fullName>
        <state>KY</state>
        <party>D</party>
        <identifiers>
          <gpoId>7955</gpoId>
          <lisID>1853</lisID>
          <bioguideId>Y000062</bioguideId>
        </identifiers>
      </item>
      <item>
        <firstName>Donald</firstName>
        <lastName>Norcross</lastName>
        <sponsorshipWithdrawnDate />
        <sponsorshipDate>2017-06-12</sponsorshipDate>
        <bioguideId>N000188</bioguideId>
        <district>1</district>
        <middleName />
        <isOriginalCosponsor>True</isOriginalCosponsor>
        <fullName>Rep. Norcross, Donald [D-NJ-1]</fullName>
        <state>NJ</state>
        <party>D</party>
        <identifiers>
          <lisID>2202</lisID>
          <gpoId />
          <bioguideId>N000188</bioguideId>
        </identifiers>
      </item>
      <item>
        <firstName>Carlos</firstName>
        <lastName>Curbelo</lastName>
        <sponsorshipWithdrawnDate />
        <sponsorshipDate>2017-06-12</sponsorshipDate>
        <bioguideId>C001107</bioguideId>
        <district>26</district>
        <middleName />
        <isOriginalCosponsor>True</isOriginalCosponsor>
        <fullName>Rep. Curbelo, Carlos [R-FL-26]</fullName>
        <state>FL</state>
        <party>R</party>
        <identifiers>
          <lisID>2235</lisID>
          <gpoId />
          <bioguideId>C001107</bioguideId>
        </identifiers>
      </item>
      <item>
        <firstName>RICK</firstName>
        <lastName>LARSEN</lastName>
        <sponsorshipWithdrawnDate />
        <sponsorshipDate>2017-06-12</sponsorshipDate>
        <bioguideId>L000560</bioguideId>
        <district>2</district>
        <middleName />
        <isOriginalCosponsor>True</isOriginalCosponsor>
        <fullName>Rep. Larsen, Rick [D-WA-2]</fullName>
        <state>WA</state>
        <party>D</party>
        <identifiers>
          <lisID>1675</lisID>
          <bioguideId>L000560</bioguideId>
          <gpoId>8206</gpoId>
        </identifiers>
      </item>
      <item>
        <firstName>Colleen</firstName>
        <lastName>Hanabusa</lastName>
        <sponsorshipWithdrawnDate />
        <sponsorshipDate>2017-06-12</sponsorshipDate>
        <bioguideId>H001050</bioguideId>
        <district>1</district>
        <middleName />
        <isOriginalCosponsor>True</isOriginalCosponsor>
        <fullName>Rep. Hanabusa, Colleen [D-HI-1]</fullName>
        <state>HI</state>
        <party>D</party>
        <identifiers>
          <bioguideId>H001050</bioguideId>
          <gpoId>7912</gpoId>
          <lisID>2010</lisID>
        </identifiers>
      </item>
      <item>
        <firstName>Daniel</firstName>
        <lastName>Donovan</lastName>
        <sponsorshipWithdrawnDate />
        <sponsorshipDate>2017-06-12</sponsorshipDate>
        <bioguideId>D000625</bioguideId>
        <district>11</district>
        <middleName>M.</middleName>
        <isOriginalCosponsor>True</isOriginalCosponsor>
        <fullName>Rep. Donovan, Daniel M., Jr. [R-NY-11]</fullName>
        <state>NY</state>
        <party>R</party>
        <identifiers>
          <lisID>2293</lisID>
          <gpoId />
          <bioguideId>D000625</bioguideId>
        </identifiers>
      </item>
      <item>
        <firstName>Bradley</firstName>
        <lastName>Schneider</lastName>
        <sponsorshipWithdrawnDate />
        <sponsorshipDate>2017-06-12</sponsorshipDate>
        <bioguideId>S001190</bioguideId>
        <district>10</district>
        <middleName>Scott</middleName>
        <isOriginalCosponsor>True</isOriginalCosponsor>
        <fullName>Rep. Schneider, Bradley Scott [D-IL-10]</fullName>
        <state>IL</state>
        <party>D</party>
        <identifiers>
          <lisID>2124</lisID>
          <gpoId />
          <bioguideId>S001190</bioguideId>
        </identifiers>
      </item>
      <item>
        <firstName>Suzanne</firstName>
        <lastName>Bonamici</lastName>
        <sponsorshipWithdrawnDate />
        <sponsorshipDate>2017-06-12</sponsorshipDate>
        <bioguideId>B001278</bioguideId>
        <district>1</district>
        <middleName />
        <isOriginalCosponsor>True</isOriginalCosponsor>
        <fullName>Rep. Bonamici, Suzanne [D-OR-1]</fullName>
        <state>OR</state>
        <party>D</party>
        <identifiers>
          <lisID>2092</lisID>
          <bioguideId>B001278</bioguideId>
          <gpoId>8367</gpoId>
        </identifiers>
      </item>
      <item>
        <firstName>CAROLYN</firstName>
        <lastName>MALONEY</lastName>
        <sponsorshipWithdrawnDate />
        <sponsorshipDate>2017-06-12</sponsorshipDate>
        <bioguideId>M000087</bioguideId>
        <district>12</district>
        <middleName>B.</middleName>
        <isOriginalCosponsor>True</isOriginalCosponsor>
        <fullName>Rep. Maloney, Carolyn B. [D-NY-12]</fullName>
        <state>NY</state>
        <party>D</party>
        <identifiers>
          <lisID>729</lisID>
          <bioguideId>M000087</bioguideId>
          <gpoId>8075</gpoId>
        </identifiers>
      </item>
      <item>
        <firstName>DIANA</firstName>
        <lastName>DEGETTE</lastName>
        <sponsorshipWithdrawnDate />
        <sponsorshipDate>2017-06-12</sponsorshipDate>
        <bioguideId>D000197</bioguideId>
        <district>1</district>
        <middleName />
        <isOriginalCosponsor>True</isOriginalCosponsor>
        <fullName>Rep. DeGette, Diana [D-CO-1]</fullName>
        <state>CO</state>
        <party>D</party>
        <identifiers>
          <lisID>1479</lisID>
          <gpoId>7859</gpoId>
          <bioguideId>D000197</bioguideId>
        </identifiers>
      </item>
      <item>
        <firstName>Stephen</firstName>
        <lastName>Lynch</lastName>
        <sponsorshipWithdrawnDate />
        <sponsorshipDate>2017-06-12</sponsorshipDate>
        <bioguideId>L000562</bioguideId>
        <district>8</district>
        <middleName>F.</middleName>
        <isOriginalCosponsor>True</isOriginalCosponsor>
        <fullName>Rep. Lynch, Stephen F. [D-MA-8]</fullName>
        <state>MA</state>
        <party>D</party>
        <identifiers>
          <lisID>1686</lisID>
          <bioguideId>L000562</bioguideId>
          <gpoId>7974</gpoId>
        </identifiers>
      </item>
      <item>
        <firstName>Brian</firstName>
        <lastName>Fitzpatrick</lastName>
        <sponsorshipWithdrawnDate />
        <sponsorshipDate>2017-06-12</sponsorshipDate>
        <bioguideId>F000466</bioguideId>
        <district>8</district>
        <middleName>K.</middleName>
        <isOriginalCosponsor>True</isOriginalCosponsor>
        <fullName>Rep. Fitzpatrick, Brian K. [R-PA-8]</fullName>
        <state>PA</state>
        <party>R</party>
        <identifiers>
          <lisID>2345</lisID>
          <bioguideId>F000466</bioguideId>
          <gpoId />
        </identifiers>
      </item>
      <item>
        <firstName>Charles</firstName>
        <lastName>Dent</lastName>
        <sponsorshipWithdrawnDate />
        <sponsorshipDate>2017-06-12</sponsorshipDate>
        <bioguideId>D000604</bioguideId>
        <district>15</district>
        <middleName>W.</middleName>
        <isOriginalCosponsor>True</isOriginalCosponsor>
        <fullName>Rep. Dent, Charles W. [R-PA-15]</fullName>
        <state>PA</state>
        <party>R</party>
        <identifiers>
          <lisID>1799</lisID>
          <bioguideId>D000604</bioguideId>
          <gpoId>8133</gpoId>
        </identifiers>
      </item>
      <item>
        <firstName>Lisa</firstName>
        <lastName>Blunt Rochester</lastName>
        <sponsorshipWithdrawnDate />
        <sponsorshipDate>2017-06-12</sponsorshipDate>
        <bioguideId>B001303</bioguideId>
        <district>0</district>
        <middleName />
        <isOriginalCosponsor>True</isOriginalCosponsor>
        <fullName>Rep. Blunt Rochester, Lisa [D-DE-At Large]</fullName>
        <state>DE</state>
        <party>D</party>
        <identifiers>
          <bioguideId>B001303</bioguideId>
          <gpoId />
          <lisID>2313</lisID>
        </identifiers>
      </item>
      <item>
        <firstName>Ed</firstName>
        <lastName>Perlmutter</lastName>
        <sponsorshipWithdrawnDate />
        <sponsorshipDate>2017-06-12</sponsorshipDate>
        <bioguideId>P000593</bioguideId>
        <district>7</district>
        <middleName />
        <isOriginalCosponsor>True</isOriginalCosponsor>
        <fullName>Rep. Perlmutter, Ed [D-CO-7]</fullName>
        <state>CO</state>
        <party>D</party>
        <identifiers>
          <lisID>1835</lisID>
          <bioguideId>P000593</bioguideId>
          <gpoId>7865</gpoId>
        </identifiers>
      </item>
      <item>
        <firstName>Marcia</firstName>
        <lastName>Fudge</lastName>
        <sponsorshipWithdrawnDate />
        <sponsorshipDate>2017-06-12</sponsorshipDate>
        <bioguideId>F000455</bioguideId>
        <district>11</district>
        <middleName>L.</middleName>
        <isOriginalCosponsor>True</isOriginalCosponsor>
        <fullName>Rep. Fudge, Marcia L. [D-OH-11]</fullName>
        <state>OH</state>
        <party>D</party>
        <identifiers>
          <bioguideId>F000455</bioguideId>
          <gpoId>8101</gpoId>
          <lisID>1895</lisID>
        </identifiers>
      </item>
      <item>
        <firstName>ANNA</firstName>
        <lastName>ESHOO</lastName>
        <sponsorshipWithdrawnDate />
        <sponsorshipDate>2017-06-12</sponsorshipDate>
        <bioguideId>E000215</bioguideId>
        <district>18</district>
        <middleName>G.</middleName>
        <isOriginalCosponsor>True</isOriginalCosponsor>
        <fullName>Rep. Eshoo, Anna G. [D-CA-18]</fullName>
        <state>CA</state>
        <party>D</party>
        <identifiers>
          <lisID>355</lisID>
          <gpoId>7819</gpoId>
          <bioguideId>E000215</bioguideId>
        </identifiers>
      </item>
      <item>
        <firstName>Thomas</firstName>
        <lastName>Suozzi</lastName>
        <sponsorshipWithdrawnDate />
        <sponsorshipDate>2017-06-12</sponsorshipDate>
        <bioguideId>S001201</bioguideId>
        <district>3</district>
        <middleName>R.</middleName>
        <isOriginalCosponsor>True</isOriginalCosponsor>
        <fullName>Rep. Suozzi, Thomas R. [D-NY-3]</fullName>
        <state>NY</state>
        <party>D</party>
        <identifiers>
          <bioguideId>S001201</bioguideId>
          <lisID>2341</lisID>
          <gpoId />
        </identifiers>
      </item>
      <item>
        <firstName>STENY</firstName>
        <lastName>HOYER</lastName>
        <sponsorshipWithdrawnDate />
        <sponsorshipDate>2017-06-12</sponsorshipDate>
        <bioguideId>H000874</bioguideId>
        <district>5</district>
        <middleName>H.</middleName>
        <isOriginalCosponsor>True</isOriginalCosponsor>
        <fullName>Rep. Hoyer, Steny H. [D-MD-5]</fullName>
        <state>MD</state>
        <party>D</party>
        <identifiers>
          <lisID>566</lisID>
          <bioguideId>H000874</bioguideId>
          <gpoId>7980</gpoId>
        </identifiers>
      </item>
      <item>
        <firstName>JAMES</firstName>
        <lastName>CLYBURN</lastName>
        <sponsorshipWithdrawnDate />
        <sponsorshipDate>2017-06-12</sponsorshipDate>
        <bioguideId>C000537</bioguideId>
        <district>6</district>
        <middleName>E.</middleName>
        <isOriginalCosponsor>True</isOriginalCosponsor>
        <fullName>Rep. Clyburn, James E. [D-SC-6]</fullName>
        <state>SC</state>
        <party>D</party>
        <identifiers>
          <lisID>208</lisID>
          <gpoId>8146</gpoId>
          <bioguideId>C000537</bioguideId>
        </identifiers>
      </item>
      <item>
        <firstName>Denny</firstName>
        <lastName>Heck</lastName>
        <sponsorshipWithdrawnDate />
        <sponsorshipDate>2017-06-12</sponsorshipDate>
        <bioguideId>H001064</bioguideId>
        <district>10</district>
        <middleName />
        <isOriginalCosponsor>True</isOriginalCosponsor>
        <fullName>Rep. Heck, Denny [D-WA-10]</fullName>
        <state>WA</state>
        <party>D</party>
        <identifiers>
          <lisID>2170</lisID>
          <gpoId />
          <bioguideId>H001064</bioguideId>
        </identifiers>
      </item>
      <item>
        <firstName>JOHN</firstName>
        <lastName>LEWIS</lastName>
        <sponsorshipWithdrawnDate />
        <sponsorshipDate>2017-06-12</sponsorshipDate>
        <bioguideId>L000287</bioguideId>
        <district>5</district>
        <middleName />
        <isOriginalCosponsor>True</isOriginalCosponsor>
        <fullName>Rep. Lewis, John [D-GA-5]</fullName>
        <state>GA</state>
        <party>D</party>
        <identifiers>
          <lisID>688</lisID>
          <bioguideId>L000287</bioguideId>
          <gpoId>7902</gpoId>
        </identifiers>
      </item>
      <item>
        <firstName>WM.</firstName>
        <lastName>CLAY</lastName>
        <sponsorshipWithdrawnDate />
        <sponsorshipDate>2017-06-12</sponsorshipDate>
        <bioguideId>C001049</bioguideId>
        <district>1</district>
        <middleName>LACY</middleName>
        <isOriginalCosponsor>True</isOriginalCosponsor>
        <fullName>Rep. Clay, Wm. Lacy [D-MO-1]</fullName>
        <state>MO</state>
        <party>D</party>
        <identifiers>
          <lisID>1654</lisID>
          <gpoId>8009</gpoId>
          <bioguideId>C001049</bioguideId>
        </identifiers>
      </item>
      <item>
        <firstName>SANDER</firstName>
        <lastName>LEVIN</lastName>
        <sponsorshipWithdrawnDate />
        <sponsorshipDate>2017-06-12</sponsorshipDate>
        <bioguideId>L000263</bioguideId>
        <district>9</district>
        <middleName>M.</middleName>
        <isOriginalCosponsor>True</isOriginalCosponsor>
        <fullName>Rep. Levin, Sander M. [D-MI-9]</fullName>
        <state>MI</state>
        <party>D</party>
        <identifiers>
          <bioguideId>L000263</bioguideId>
          <lisID>683</lisID>
          <gpoId>7997</gpoId>
        </identifiers>
      </item>
      <item>
        <firstName>Gregorio</firstName>
        <lastName>Sablan</lastName>
        <sponsorshipWithdrawnDate />
        <sponsorshipDate>2017-06-12</sponsorshipDate>
        <bioguideId>S001177</bioguideId>
        <district>0</district>
        <middleName>Kilili Camacho</middleName>
        <isOriginalCosponsor>True</isOriginalCosponsor>
        <fullName>Rep. Sablan, Gregorio Kilili Camacho [D-MP-At Large]</fullName>
        <state>MP</state>
        <party>D</party>
        <identifiers>
          <lisID>1962</lisID>
          <gpoId>8018</gpoId>
          <bioguideId>S001177</bioguideId>
        </identifiers>
      </item>
      <item>
        <firstName>Donald</firstName>
        <lastName>Beyer</lastName>
        <sponsorshipWithdrawnDate />
        <sponsorshipDate>2017-06-12</sponsorshipDate>
        <bioguideId>B001292</bioguideId>
        <district>8</district>
        <middleName>S.</middleName>
        <isOriginalCosponsor>True</isOriginalCosponsor>
        <fullName>Rep. Beyer, Donald S., Jr. [D-VA-8]</fullName>
        <state>VA</state>
        <party>D</party>
        <identifiers>
          <lisID>2272</lisID>
          <bioguideId>B001292</bioguideId>
          <gpoId />
        </identifiers>
      </item>
      <item>
        <firstName>BETTY</firstName>
        <lastName>MCCOLLUM</lastName>
        <sponsorshipWithdrawnDate />
        <sponsorshipDate>2017-06-12</sponsorshipDate>
        <bioguideId>M001143</bioguideId>
        <district>4</district>
        <middleName />
        <isOriginalCosponsor>True</isOriginalCosponsor>
        <fullName>Rep. McCollum, Betty [D-MN-4]</fullName>
        <state>MN</state>
        <party>D</party>
        <identifiers>
          <lisID>1653</lisID>
          <bioguideId>M001143</bioguideId>
          <gpoId>8004</gpoId>
        </identifiers>
      </item>
      <item>
        <firstName>WILLIAM</firstName>
        <lastName>PASCRELL</lastName>
        <sponsorshipWithdrawnDate />
        <sponsorshipDate>2017-06-12</sponsorshipDate>
        <bioguideId>P000096</bioguideId>
        <district>9</district>
        <middleName>J.</middleName>
        <isOriginalCosponsor>True</isOriginalCosponsor>
        <fullName>Rep. Pascrell, Bill, Jr. [D-NJ-9]</fullName>
        <state>NJ</state>
        <party>D</party>
        <identifiers>
          <lisID>1510</lisID>
          <gpoId>8050</gpoId>
          <bioguideId>P000096</bioguideId>
        </identifiers>
      </item>
      <item>
        <firstName>Matt</firstName>
        <lastName>Cartwright</lastName>
        <sponsorshipWithdrawnDate />
        <sponsorshipDate>2017-06-12</sponsorshipDate>
        <bioguideId>C001090</bioguideId>
        <district>17</district>
        <middleName />
        <isOriginalCosponsor>True</isOriginalCosponsor>
        <fullName>Rep. Cartwright, Matt [D-PA-17]</fullName>
        <state>PA</state>
        <party>D</party>
        <identifiers>
          <lisID>2159</lisID>
          <gpoId />
          <bioguideId>C001090</bioguideId>
        </identifiers>
      </item>
      <item>
        <firstName>JOSE</firstName>
        <lastName>SERRANO</lastName>
        <sponsorshipWithdrawnDate />
        <sponsorshipDate>2017-06-12</sponsorshipDate>
        <bioguideId>S000248</bioguideId>
        <district>15</district>
        <middleName>E.</middleName>
        <isOriginalCosponsor>True</isOriginalCosponsor>
        <fullName>Rep. Serrano, Jose E. [D-NY-15]</fullName>
        <state>NY</state>
        <party>D</party>
        <identifiers>
          <bioguideId>S000248</bioguideId>
          <lisID>1042</lisID>
          <gpoId>8077</gpoId>
        </identifiers>
      </item>
      <item>
        <firstName>EDDIE</firstName>
        <lastName>JOHNSON</lastName>
        <sponsorshipWithdrawnDate />
        <sponsorshipDate>2017-06-12</sponsorshipDate>
        <bioguideId>J000126</bioguideId>
        <district>30</district>
        <middleName>BERNICE</middleName>
        <isOriginalCosponsor>True</isOriginalCosponsor>
        <fullName>Rep. Johnson, Eddie Bernice [D-TX-30]</fullName>
        <state>TX</state>
        <party>D</party>
        <identifiers>
          <lisID>599</lisID>
          <gpoId>8186</gpoId>
          <bioguideId>J000126</bioguideId>
        </identifiers>
      </item>
      <item>
        <firstName>Karen</firstName>
        <lastName>Bass</lastName>
        <sponsorshipWithdrawnDate />
        <sponsorshipDate>2017-06-12</sponsorshipDate>
        <bioguideId>B001270</bioguideId>
        <district>37</district>
        <middleName />
        <isOriginalCosponsor>True</isOriginalCosponsor>
        <fullName>Rep. Bass, Karen [D-CA-37]</fullName>
        <state>CA</state>
        <party>D</party>
        <identifiers>
          <bioguideId>B001270</bioguideId>
          <gpoId>7838</gpoId>
          <lisID>1996</lisID>
        </identifiers>
      </item>
      <item>
        <firstName>G. K.</firstName>
        <lastName>Butterfield</lastName>
        <sponsorshipWithdrawnDate />
        <sponsorshipDate>2017-06-12</sponsorshipDate>
        <bioguideId>B001251</bioguideId>
        <district>1</district>
        <middleName />
        <isOriginalCosponsor>True</isOriginalCosponsor>
        <fullName>Rep. Butterfield, G. K. [D-NC-1]</fullName>
        <state>NC</state>
        <party>D</party>
        <identifiers>
          <lisID>1761</lisID>
          <gpoId>8024</gpoId>
          <bioguideId>B001251</bioguideId>
        </identifiers>
      </item>
      <item>
        <firstName>Terri</firstName>
        <lastName>Sewell</lastName>
        <sponsorshipWithdrawnDate />
        <sponsorshipDate>2017-06-12</sponsorshipDate>
        <bioguideId>S001185</bioguideId>
        <district>7</district>
        <middleName>A.</middleName>
        <isOriginalCosponsor>True</isOriginalCosponsor>
        <fullName>Rep. Sewell, Terri A. [D-AL-7]</fullName>
        <state>AL</state>
        <party>D</party>
        <identifiers>
          <bioguideId>S001185</bioguideId>
          <lisID>1988</lisID>
          <gpoId>7792</gpoId>
        </identifiers>
      </item>
      <item>
        <firstName>JANICE</firstName>
        <lastName>SCHAKOWSKY</lastName>
        <sponsorshipWithdrawnDate />
        <sponsorshipDate>2017-06-12</sponsorshipDate>
        <bioguideId>S001145</bioguideId>
        <district>9</district>
        <middleName>D.</middleName>
        <isOriginalCosponsor>True</isOriginalCosponsor>
        <fullName>Rep. Schakowsky, Janice D. [D-IL-9]</fullName>
        <state>IL</state>
        <party>D</party>
        <identifiers>
          <gpoId>7929</gpoId>
          <lisID>1588</lisID>
          <bioguideId>S001145</bioguideId>
        </identifiers>
      </item>
      <item>
        <firstName>Jimmy</firstName>
        <lastName>Panetta</lastName>
        <sponsorshipWithdrawnDate />
        <sponsorshipDate>2017-06-12</sponsorshipDate>
        <bioguideId>P000613</bioguideId>
        <district>20</district>
        <middleName />
        <isOriginalCosponsor>True</isOriginalCosponsor>
        <fullName>Rep. Panetta, Jimmy [D-CA-20]</fullName>
        <state>CA</state>
        <party>D</party>
        <identifiers>
          <lisID>2309</lisID>
          <bioguideId>P000613</bioguideId>
          <gpoId />
        </identifiers>
      </item>
      <item>
        <firstName>Marc</firstName>
        <lastName>Veasey</lastName>
        <sponsorshipWithdrawnDate />
        <sponsorshipDate>2017-06-12</sponsorshipDate>
        <bioguideId>V000131</bioguideId>
        <district>33</district>
        <middleName>A.</middleName>
        <isOriginalCosponsor>True</isOriginalCosponsor>
        <fullName>Rep. Veasey, Marc A. [D-TX-33]</fullName>
        <state>TX</state>
        <party>D</party>
        <identifiers>
          <lisID>2166</lisID>
          <bioguideId>V000131</bioguideId>
          <gpoId />
        </identifiers>
      </item>
      <item>
        <firstName>SANFORD</firstName>
        <lastName>BISHOP</lastName>
        <sponsorshipWithdrawnDate />
        <sponsorshipDate>2017-06-12</sponsorshipDate>
        <bioguideId>B000490</bioguideId>
        <district>2</district>
        <middleName>D.</middleName>
        <isOriginalCosponsor>True</isOriginalCosponsor>
        <fullName>Rep. Bishop, Sanford D., Jr. [D-GA-2]</fullName>
        <state>GA</state>
        <party>D</party>
        <identifiers>
          <lisID>91</lisID>
          <gpoId>7899</gpoId>
          <bioguideId>B000490</bioguideId>
        </identifiers>
      </item>
      <item>
        <firstName>MAXINE</firstName>
        <lastName>WATERS</lastName>
        <sponsorshipWithdrawnDate />
        <sponsorshipDate>2017-06-12</sponsorshipDate>
        <bioguideId>W000187</bioguideId>
        <district>43</district>
        <middleName />
        <isOriginalCosponsor>True</isOriginalCosponsor>
        <fullName>Rep. Waters, Maxine [D-CA-43]</fullName>
        <state>CA</state>
        <party>D</party>
        <identifiers>
          <lisID>1205</lisID>
          <gpoId>7840</gpoId>
          <bioguideId>W000187</bioguideId>
        </identifiers>
      </item>
      <item>
        <firstName>John</firstName>
        <lastName>Rutherford</lastName>
        <sponsorshipWithdrawnDate />
        <sponsorshipDate>2017-06-15</sponsorshipDate>
        <bioguideId>R000609</bioguideId>
        <district>4</district>
        <middleName>H.</middleName>
        <isOriginalCosponsor>False</isOriginalCosponsor>
        <fullName>Rep. Rutherford, John H. [R-FL-4]</fullName>
        <state>FL</state>
        <party>R</party>
        <identifiers>
          <lisID>2316</lisID>
          <gpoId />
          <bioguideId>R000609</bioguideId>
        </identifiers>
      </item>
      <item>
        <firstName>Ro</firstName>
        <lastName>Khanna</lastName>
        <sponsorshipWithdrawnDate />
        <sponsorshipDate>2017-06-15</sponsorshipDate>
        <bioguideId>K000389</bioguideId>
        <district>17</district>
        <middleName />
        <isOriginalCosponsor>False</isOriginalCosponsor>
        <fullName>Rep. Khanna, Ro [D-CA-17]</fullName>
        <state>CA</state>
        <party>D</party>
        <identifiers>
          <lisID>2308</lisID>
          <bioguideId>K000389</bioguideId>
          <gpoId />
        </identifiers>
      </item>
      <item>
        <firstName>Brian</firstName>
        <lastName>Mast</lastName>
        <sponsorshipWithdrawnDate />
        <sponsorshipDate>2017-06-15</sponsorshipDate>
        <bioguideId>M001199</bioguideId>
        <district>18</district>
        <middleName>J.</middleName>
        <isOriginalCosponsor>False</isOriginalCosponsor>
        <fullName>Rep. Mast, Brian J. [R-FL-18]</fullName>
        <state>FL</state>
        <party>R</party>
        <identifiers>
          <lisID>2322</lisID>
          <gpoId />
          <bioguideId>M001199</bioguideId>
        </identifiers>
      </item>
      <item>
        <firstName>ELIOT</firstName>
        <lastName>ENGEL</lastName>
        <sponsorshipWithdrawnDate />
        <sponsorshipDate>2017-06-15</sponsorshipDate>
        <bioguideId>E000179</bioguideId>
        <district>16</district>
        <middleName>L.</middleName>
        <isOriginalCosponsor>False</isOriginalCosponsor>
        <fullName>Rep. Engel, Eliot L. [D-NY-16]</fullName>
        <state>NY</state>
        <party>D</party>
        <identifiers>
          <lisID>344</lisID>
          <gpoId>8078</gpoId>
          <bioguideId>E000179</bioguideId>
        </identifiers>
      </item>
    </cosponsors>
    <committees>
      <billCommittees>
        <item>
          <activities>
            <item>
              <name>Referred to</name>
              <date>2017-06-12T16:01:50Z</date>
            </item>
          </activities>
          <name>Oversight and Government Reform Committee</name>
          <type>Standing</type>
          <chamber>House</chamber>
          <subcommittees />
          <systemCode>hsgo00</systemCode>
        </item>
      </billCommittees>
    </committees>
    <notes />
    <amendments />
    <recordedVotes />
    <createDate>2017-06-13T03:11:35Z</createDate>
    <sponsors>
      <item>
        <bioguideId>D000627</bioguideId>
        <party>D</party>
        <firstName>Val</firstName>
        <fullName>Rep. Demings, Val Butler [D-FL-10]</fullName>
        <state>FL</state>
        <district>10</district>
        <lastName>Demings</lastName>
        <middleName>Butler</middleName>
        <identifiers>
          <gpoId />
          <lisID>2320</lisID>
          <bioguideId>D000627</bioguideId>
        </identifiers>
        <byRequestType />
      </item>
    </sponsors>
    <titles>
      <item>
        <chamberName />
        <parentTitleType />
        <titleType>Official Title as Introduced</titleType>
        <title>Commemorating one year since the Pulse nightclub shooting in Orlando, Florida, on June 12, 2016.</title>
        <chamberCode />
      </item>
      <item>
        <chamberName />
        <parentTitleType />
        <titleType>Display Title</titleType>
        <title>Commemorating one year since the Pulse nightclub shooting in Orlando, Florida, on June 12, 2016.</title>
        <chamberCode />
      </item>
    </titles>
  </bill>
  <dublinCore xmlns:dc="http://purl.org/dc/elements/1.1/">
    <dc:format>text/xml</dc:format>
    <dc:language>EN</dc:language>
    <dc:rights>Pursuant to Title 17 Section 105 of the United States Code, this file is not subject to copyright protection and is in the public domain.</dc:rights>
    <dc:contributor>Congressional Research Service, Library of Congress</dc:contributor>
    <dc:description>This file contains bill summaries and statuses for federal legislation. A bill summary describes the most significant provisions of a piece of legislation and details the effects the legislative text may have on current law and federal programs. Bill summaries are authored by the Congressional Research Service (CRS) of the Library of Congress. As stated in Public Law 91-510 (2 USC 166 (d)(6)), one of the duties of CRS is "to prepare summaries and digests of bills and resolutions of a public general nature introduced in the Senate or House of Representatives". For more information, refer to the User Guide that accompanies this file.</dc:description>
  </dublinCore>
</billStatus>

