<?xml version="1.0" encoding="UTF-8"?>
<billStatus>
  <bill>
    <committees>
      <billCommittees>
        <item>
          <chamber>House</chamber>
          <systemCode>hsvr00</systemCode>
          <subcommittees>
            <item>
              <systemCode>hsvr03</systemCode>
              <name>Health Subcommittee</name>
              <activities>
                <item>
                  <name>Referred to</name>
                  <date>2017-04-06T17:33:03Z</date>
                </item>
              </activities>
            </item>
          </subcommittees>
          <type>Standing</type>
          <name>Veterans' Affairs Committee</name>
          <activities>
            <item>
              <name>Referred to</name>
              <date>2017-04-06T13:12:40Z</date>
            </item>
          </activities>
        </item>
      </billCommittees>
    </committees>
    <recordedVotes />
    <laws />
    <summaries>
      <billSummaries>
        <item>
          <actionDesc>Introduced in House</actionDesc>
          <actionDate>2017-04-06</actionDate>
          <lastSummaryUpdateDate>2017-07-07T19:35:47Z</lastSummaryUpdateDate>
          <name>Introduced in House</name>
          <text><![CDATA[<p>Recognizes the critical shortage of mental health professionals working for the Department of Veterans Affairs (VA).</p> <p>Calls on the VA to prioritize the hiring of such professionals.</p> <ul> </ul>]]></text>
          <versionCode>00</versionCode>
          <updateDate>2017-04-06T04:00:00Z</updateDate>
        </item>
      </billSummaries>
    </summaries>
    <calendarNumbers />
    <titles>
      <item>
        <chamberCode />
        <titleType>Official Title as Introduced</titleType>
        <chamberName />
        <title>Urging the Secretary of Veterans Affairs to prioritize the hiring of mental health professionals.</title>
        <parentTitleType />
      </item>
      <item>
        <chamberCode />
        <titleType>Display Title</titleType>
        <chamberName />
        <title>Urging the Secretary of Veterans Affairs to prioritize the hiring of mental health professionals.</title>
        <parentTitleType />
      </item>
    </titles>
    <cosponsors />
    <cboCostEstimates />
    <latestAction>
      <text>Referred to the Subcommittee on Health.</text>
      <links />
      <actionDate>2017-04-06</actionDate>
    </latestAction>
    <updateDate>2018-08-28T19:54:29Z</updateDate>
    <version>1.0.0</version>
    <constitutionalAuthorityStatementText />
    <policyArea>
      <name>Armed Forces and National Security</name>
    </policyArea>
    <billType>HRES</billType>
    <billNumber>258</billNumber>
    <originChamber>House</originChamber>
    <relatedBills />
    <title>Urging the Secretary of Veterans Affairs to prioritize the hiring of mental health professionals.</title>
    <congress>115</congress>
    <actions>
      <actionByCounts>
        <houseOfRepresentatives>4</houseOfRepresentatives>
      </actionByCounts>
      <item>
        <actionDate>2017-04-06</actionDate>
        <committee>
          <name>Health Subcommittee</name>
          <systemCode>hsvr03</systemCode>
        </committee>
        <links />
        <sourceSystem>
          <name>House committee actions</name>
          <code>1</code>
        </sourceSystem>
        <text>Referred to the Subcommittee on Health.</text>
        <type>Committee</type>
      </item>
      <item>
        <type>IntroReferral</type>
        <links />
        <sourceSystem>
          <name>House floor actions</name>
          <code>2</code>
        </sourceSystem>
        <committee>
          <name>Veterans' Affairs Committee</name>
          <systemCode>hsvr00</systemCode>
        </committee>
        <text>Referred to the House Committee on Veterans' Affairs.</text>
        <actionCode>H11100</actionCode>
        <actionDate>2017-04-06</actionDate>
      </item>
      <item>
        <type>IntroReferral</type>
        <links />
        <sourceSystem>
          <name>Library of Congress</name>
          <code>9</code>
        </sourceSystem>
        <committee />
        <text>Introduced in House</text>
        <actionCode>Intro-H</actionCode>
        <actionDate>2017-04-06</actionDate>
      </item>
      <item>
        <type>IntroReferral</type>
        <links />
        <sourceSystem>
          <name>Library of Congress</name>
          <code>9</code>
        </sourceSystem>
        <committee />
        <text>Introduced in House</text>
        <actionCode>1000</actionCode>
        <actionDate>2017-04-06</actionDate>
      </item>
      <actionTypeCounts>
        <placeholderTextForH>1</placeholderTextForH>
        <introducedInTheHouse>1</introducedInTheHouse>
        <billReferrals>1</billReferrals>
        <introducedInHouse>1</introducedInHouse>
      </actionTypeCounts>
    </actions>
    <subjects>
      <billSubjects>
        <policyArea>
          <name>Armed Forces and National Security</name>
        </policyArea>
        <legislativeSubjects>
          <item>
            <name>Department of Veterans Affairs</name>
          </item>
          <item>
            <name>Employee hiring</name>
          </item>
          <item>
            <name>Government employee pay, benefits, personnel management</name>
          </item>
          <item>
            <name>Health personnel</name>
          </item>
          <item>
            <name>Mental health</name>
          </item>
          <item>
            <name>Veterans' medical care</name>
          </item>
        </legislativeSubjects>
      </billSubjects>
    </subjects>
    <committeeReports />
    <introducedDate>2017-04-06</introducedDate>
    <sponsors>
      <item>
        <bioguideId>C001111</bioguideId>
        <middleName />
        <byRequestType />
        <fullName>Rep. Crist, Charlie [D-FL-13]</fullName>
        <lastName>Crist</lastName>
        <state>FL</state>
        <district>13</district>
        <party>D</party>
        <identifiers>
          <bioguideId>C001111</bioguideId>
          <lisID>2321</lisID>
          <gpoId />
        </identifiers>
        <firstName>Charlie</firstName>
      </item>
    </sponsors>
    <notes />
    <createDate>2017-04-07T03:11:46Z</createDate>
    <amendments />
  </bill>
  <dublinCore xmlns:dc="http://purl.org/dc/elements/1.1/">
    <dc:format>text/xml</dc:format>
    <dc:language>EN</dc:language>
    <dc:rights>Pursuant to Title 17 Section 105 of the United States Code, this file is not subject to copyright protection and is in the public domain.</dc:rights>
    <dc:contributor>Congressional Research Service, Library of Congress</dc:contributor>
    <dc:description>This file contains bill summaries and statuses for federal legislation. A bill summary describes the most significant provisions of a piece of legislation and details the effects the legislative text may have on current law and federal programs. Bill summaries are authored by the Congressional Research Service (CRS) of the Library of Congress. As stated in Public Law 91-510 (2 USC 166 (d)(6)), one of the duties of CRS is "to prepare summaries and digests of bills and resolutions of a public general nature introduced in the Senate or House of Representatives". For more information, refer to the User Guide that accompanies this file.</dc:description>
  </dublinCore>
</billStatus>

