<?xml version="1.0" encoding="UTF-8"?>
<billStatus>
  <bill>
    <constitutionalAuthorityStatementText />
    <sponsors>
      <item>
        <middleName>Michael</middleName>
        <party>R</party>
        <bioguideId>C001062</bioguideId>
        <lastName>Conaway</lastName>
        <firstName>K.</firstName>
        <state>TX</state>
        <identifiers>
          <gpoId>8167</gpoId>
          <lisID>1805</lisID>
          <bioguideId>C001062</bioguideId>
        </identifiers>
        <district>11</district>
        <fullName>Rep. Conaway, K. Michael [R-TX-11]</fullName>
        <byRequestType />
      </item>
    </sponsors>
    <version>1.0.0</version>
    <createDate>2017-02-08T04:45:55Z</createDate>
    <committeeReports />
    <latestAction>
      <text>Referred to the House Committee on House Administration.</text>
      <links />
      <actionDate>2017-02-07</actionDate>
    </latestAction>
    <billNumber>103</billNumber>
    <notes />
    <introducedDate>2017-02-07</introducedDate>
    <committees>
      <billCommittees>
        <item>
          <activities>
            <item>
              <name>Referred to</name>
              <date>2017-02-07T15:01:30Z</date>
            </item>
          </activities>
          <name>House Administration Committee</name>
          <type>Standing</type>
          <chamber>House</chamber>
          <subcommittees />
          <systemCode>hsha00</systemCode>
        </item>
      </billCommittees>
    </committees>
    <relatedBills />
    <congress>115</congress>
    <subjects>
      <billSubjects>
        <policyArea>
          <name>Congress</name>
        </policyArea>
        <legislativeSubjects>
          <item>
            <name>Congressional committees</name>
          </item>
          <item>
            <name>House Committee on Agriculture</name>
          </item>
        </legislativeSubjects>
      </billSubjects>
    </subjects>
    <amendments />
    <originChamber>House</originChamber>
    <cboCostEstimates />
    <policyArea>
      <name>Congress</name>
    </policyArea>
    <actions>
      <actionTypeCounts>
        <introducedInTheHouse>1</introducedInTheHouse>
        <billReferrals>1</billReferrals>
        <introducedInHouse>1</introducedInHouse>
      </actionTypeCounts>
      <item>
        <links />
        <type>IntroReferral</type>
        <actionDate>2017-02-07</actionDate>
        <text>Referred to the House Committee on House Administration.</text>
        <committee>
          <name>House Administration Committee</name>
          <systemCode>hsha00</systemCode>
        </committee>
        <sourceSystem>
          <code>2</code>
          <name>House floor actions</name>
        </sourceSystem>
        <actionCode>H11100</actionCode>
      </item>
      <item>
        <links />
        <type>IntroReferral</type>
        <actionDate>2017-02-07</actionDate>
        <text>Introduced in House</text>
        <committee />
        <sourceSystem>
          <code>9</code>
          <name>Library of Congress</name>
        </sourceSystem>
        <actionCode>Intro-H</actionCode>
      </item>
      <item>
        <links />
        <type>IntroReferral</type>
        <actionDate>2017-02-07</actionDate>
        <text>Introduced in House</text>
        <committee />
        <sourceSystem>
          <code>9</code>
          <name>Library of Congress</name>
        </sourceSystem>
        <actionCode>1000</actionCode>
      </item>
      <actionByCounts>
        <houseOfRepresentatives>3</houseOfRepresentatives>
      </actionByCounts>
    </actions>
    <recordedVotes />
    <laws />
    <cosponsors />
    <titles>
      <item>
        <title>Providing amounts for the expenses of the Committee on Agriculture in the One Hundred Fifteenth Congress.</title>
        <titleType>Official Title as Introduced</titleType>
        <parentTitleType />
        <chamberCode />
        <chamberName />
      </item>
      <item>
        <title>Providing amounts for the expenses of the Committee on Agriculture in the One Hundred Fifteenth Congress.</title>
        <titleType>Display Title</titleType>
        <parentTitleType />
        <chamberCode />
        <chamberName />
      </item>
    </titles>
    <updateDate>2018-08-28T19:54:00Z</updateDate>
    <calendarNumbers />
    <billType>HRES</billType>
    <summaries>
      <billSummaries>
        <item>
          <versionCode>00</versionCode>
          <actionDate>2017-02-07</actionDate>
          <actionDesc>Introduced in House</actionDesc>
          <name>Introduced in House</name>
          <lastSummaryUpdateDate>2017-03-11T16:58:35Z</lastSummaryUpdateDate>
          <text><![CDATA[<p>Provides amounts for the expenses of the House Committee on Agriculture for the 115th Congress.</p>]]></text>
          <updateDate>2017-02-07T05:00:00Z</updateDate>
        </item>
      </billSummaries>
    </summaries>
    <title>Providing amounts for the expenses of the Committee on Agriculture in the One Hundred Fifteenth Congress.</title>
  </bill>
  <dublinCore xmlns:dc="http://purl.org/dc/elements/1.1/">
    <dc:format>text/xml</dc:format>
    <dc:language>EN</dc:language>
    <dc:rights>Pursuant to Title 17 Section 105 of the United States Code, this file is not subject to copyright protection and is in the public domain.</dc:rights>
    <dc:contributor>Congressional Research Service, Library of Congress</dc:contributor>
    <dc:description>This file contains bill summaries and statuses for federal legislation. A bill summary describes the most significant provisions of a piece of legislation and details the effects the legislative text may have on current law and federal programs. Bill summaries are authored by the Congressional Research Service (CRS) of the Library of Congress. As stated in Public Law 91-510 (2 USC 166 (d)(6)), one of the duties of CRS is "to prepare summaries and digests of bills and resolutions of a public general nature introduced in the Senate or House of Representatives". For more information, refer to the User Guide that accompanies this file.</dc:description>
  </dublinCore>
</billStatus>

