<?xml version="1.0" encoding="UTF-8"?>
<billStatus>
  <bill>
    <titles>
      <item>
        <chamberName />
        <chamberCode />
        <titleType>Official Title as Introduced</titleType>
        <title>Providing amounts for the expenses of the Committee on Rules in the One Hundred Fifteenth Congress.</title>
        <parentTitleType />
      </item>
      <item>
        <chamberName />
        <chamberCode />
        <titleType>Display Title</titleType>
        <title>Providing amounts for the expenses of the Committee on Rules in the One Hundred Fifteenth Congress.</title>
        <parentTitleType />
      </item>
    </titles>
    <notes />
    <latestAction>
      <links />
      <text>Referred to the House Committee on House Administration.</text>
      <actionDate>2017-02-13</actionDate>
    </latestAction>
    <constitutionalAuthorityStatementText />
    <committees>
      <billCommittees>
        <item>
          <systemCode>hsha00</systemCode>
          <type>Standing</type>
          <activities>
            <item>
              <date>2017-02-13T17:01:40Z</date>
              <name>Referred to</name>
            </item>
          </activities>
          <name>House Administration Committee</name>
          <subcommittees />
          <chamber>House</chamber>
        </item>
      </billCommittees>
    </committees>
    <actions>
      <actionTypeCounts>
        <introducedInTheHouse>1</introducedInTheHouse>
        <billReferrals>1</billReferrals>
        <introducedInHouse>1</introducedInHouse>
      </actionTypeCounts>
      <item>
        <actionDate>2017-02-13</actionDate>
        <actionCode>H11100</actionCode>
        <committee>
          <systemCode>hsha00</systemCode>
          <name>House Administration Committee</name>
        </committee>
        <text>Referred to the House Committee on House Administration.</text>
        <links />
        <type>IntroReferral</type>
        <sourceSystem>
          <name>House floor actions</name>
          <code>2</code>
        </sourceSystem>
      </item>
      <item>
        <actionDate>2017-02-13</actionDate>
        <actionCode>Intro-H</actionCode>
        <committee />
        <text>Introduced in House</text>
        <links />
        <type>IntroReferral</type>
        <sourceSystem>
          <name>Library of Congress</name>
          <code>9</code>
        </sourceSystem>
      </item>
      <item>
        <actionDate>2017-02-13</actionDate>
        <actionCode>1000</actionCode>
        <committee />
        <text>Introduced in House</text>
        <links />
        <type>IntroReferral</type>
        <sourceSystem>
          <name>Library of Congress</name>
          <code>9</code>
        </sourceSystem>
      </item>
      <actionByCounts>
        <houseOfRepresentatives>3</houseOfRepresentatives>
      </actionByCounts>
    </actions>
    <policyArea>
      <name>Congress</name>
    </policyArea>
    <sponsors>
      <item>
        <fullName>Rep. Sessions, Pete [R-TX-32]</fullName>
        <party>R</party>
        <bioguideId>S000250</bioguideId>
        <identifiers>
          <gpoId>8188</gpoId>
          <lisID>1525</lisID>
          <bioguideId>S000250</bioguideId>
        </identifiers>
        <lastName>SESSIONS</lastName>
        <district>32</district>
        <middleName />
        <firstName>PETE</firstName>
        <byRequestType />
        <state>TX</state>
      </item>
    </sponsors>
    <recordedVotes />
    <updateDate>2018-08-28T19:54:02Z</updateDate>
    <billNumber>115</billNumber>
    <title>Providing amounts for the expenses of the Committee on Rules in the One Hundred Fifteenth Congress.</title>
    <relatedBills />
    <amendments />
    <version>1.0.0</version>
    <laws />
    <cboCostEstimates />
    <billType>HRES</billType>
    <createDate>2017-02-14T05:20:30Z</createDate>
    <originChamber>House</originChamber>
    <summaries>
      <billSummaries>
        <item>
          <actionDesc>Introduced in House</actionDesc>
          <name>Introduced in House</name>
          <text><![CDATA[<p>Provides amounts for the expenses of the Committee on Rules for the 115th Congress.</p>]]></text>
          <versionCode>00</versionCode>
          <lastSummaryUpdateDate>2017-03-28T14:49:43Z</lastSummaryUpdateDate>
          <updateDate>2017-02-13T05:00:00Z</updateDate>
          <actionDate>2017-02-13</actionDate>
        </item>
      </billSummaries>
    </summaries>
    <committeeReports />
    <calendarNumbers />
    <cosponsors />
    <introducedDate>2017-02-13</introducedDate>
    <congress>115</congress>
    <subjects>
      <billSubjects>
        <policyArea>
          <name>Congress</name>
        </policyArea>
        <legislativeSubjects>
          <item>
            <name>Congressional committees</name>
          </item>
          <item>
            <name>House Committee on Rules</name>
          </item>
        </legislativeSubjects>
      </billSubjects>
    </subjects>
  </bill>
  <dublinCore xmlns:dc="http://purl.org/dc/elements/1.1/">
    <dc:format>text/xml</dc:format>
    <dc:language>EN</dc:language>
    <dc:rights>Pursuant to Title 17 Section 105 of the United States Code, this file is not subject to copyright protection and is in the public domain.</dc:rights>
    <dc:contributor>Congressional Research Service, Library of Congress</dc:contributor>
    <dc:description>This file contains bill summaries and statuses for federal legislation. A bill summary describes the most significant provisions of a piece of legislation and details the effects the legislative text may have on current law and federal programs. Bill summaries are authored by the Congressional Research Service (CRS) of the Library of Congress. As stated in Public Law 91-510 (2 USC 166 (d)(6)), one of the duties of CRS is "to prepare summaries and digests of bills and resolutions of a public general nature introduced in the Senate or House of Representatives". For more information, refer to the User Guide that accompanies this file.</dc:description>
  </dublinCore>
</billStatus>

