<?xml version="1.0" encoding="UTF-8"?>
<billStatus>
  <bill>
    <policyArea>
      <name>Congress</name>
    </policyArea>
    <billNumber>33</billNumber>
    <laws />
    <constitutionalAuthorityStatementText />
    <originChamber>House</originChamber>
    <billType>HRES</billType>
    <summaries>
      <billSummaries>
        <item>
          <lastSummaryUpdateDate>2017-01-10T09:02:32Z</lastSummaryUpdateDate>
          <actionDate>2017-01-09</actionDate>
          <text><![CDATA[Sets forth the rule for consideration of the bill (H.R. 5) to reform the process by which Federal agencies analyze and formulate new regulations and guidance documents, to clarify the nature of judicial review of agency interpretations, to ensure complete analysis of potential impacts on small entities of rules, and for other purposes, and providing for consideration of the bill (H.R. 79) to clarify the definition of general solicitation under Federal securities law.]]></text>
          <updateDate>2017-01-09T05:00:00Z</updateDate>
          <name>Introduced in House</name>
          <versionCode>00</versionCode>
          <actionDesc>Introduced in House</actionDesc>
        </item>
      </billSummaries>
    </summaries>
    <relatedBills>
      <item>
        <latestTitle>HALOS Act</latestTitle>
        <relationshipDetails>
          <item>
            <type>Procedurally-related</type>
            <identifiedBy>House</identifiedBy>
          </item>
        </relationshipDetails>
        <number>79</number>
        <latestAction>
          <actionDate>2017-01-11</actionDate>
          <text>Received in the Senate and Read twice and referred to the Committee on Banking, Housing, and Urban Affairs.</text>
        </latestAction>
        <congress>115</congress>
        <type>HR</type>
      </item>
      <item>
        <latestTitle>Regulatory Accountability Act of 2017</latestTitle>
        <relationshipDetails>
          <item>
            <type>Related bill</type>
            <identifiedBy>House</identifiedBy>
          </item>
          <item>
            <type>Procedurally-related</type>
            <identifiedBy>House</identifiedBy>
          </item>
        </relationshipDetails>
        <number>5</number>
        <latestAction>
          <actionDate>2017-03-29</actionDate>
          <text>Committee on Small Business and Entrepreneurship. Hearings held. Hearings printed: S.Hrg. 115-21.</text>
        </latestAction>
        <congress>115</congress>
        <type>HR</type>
      </item>
    </relatedBills>
    <createDate>2017-01-10T05:15:42Z</createDate>
    <sponsors>
      <item>
        <lastName>Collins</lastName>
        <party>R</party>
        <middleName />
        <fullName>Rep. Collins, Doug [R-GA-9]</fullName>
        <identifiers>
          <lisID>2121</lisID>
          <bioguideId>C001093</bioguideId>
          <gpoId />
        </identifiers>
        <state>GA</state>
        <firstName>Doug</firstName>
        <byRequestType />
        <district>9</district>
        <bioguideId>C001093</bioguideId>
      </item>
    </sponsors>
    <notes />
    <updateDate>2018-08-28T19:53:47Z</updateDate>
    <committeeReports>
      <committeeReport>
        <citation>H. Rept. 115-2</citation>
      </committeeReport>
    </committeeReports>
    <actions>
      <actionTypeCounts>
        <motionToReconsiderResults>1</motionToReconsiderResults>
        <motionForPreviousQuestion>1</motionForPreviousQuestion>
        <considerationByHouse>1</considerationByHouse>
        <generalDebate>1</generalDebate>
        <passageOfAMeasure>1</passageOfAMeasure>
        <provisionsOfARule>1</provisionsOfARule>
        <introducedInHouse>1</introducedInHouse>
        <committeeReportOfAnOriginalMeasure>1</committeeReportOfAnOriginalMeasure>
        <reportedToHouse>1</reportedToHouse>
        <passedAgreedToInHouse>1</passedAgreedToInHouse>
        <houseCalendarAssignment>1</houseCalendarAssignment>
      </actionTypeCounts>
      <item>
        <actionDate>2017-01-10</actionDate>
        <actionCode>H38310</actionCode>
        <committee />
        <text>Motion to reconsider laid on the table Agreed to without objection.</text>
        <links />
        <type>Floor</type>
        <sourceSystem>
          <name>House floor actions</name>
          <code>2</code>
        </sourceSystem>
        <actionTime>13:58:04</actionTime>
      </item>
      <item>
        <actionDate>2017-01-10</actionDate>
        <actionCode>H37100</actionCode>
        <committee />
        <text>On agreeing to the resolution Agreed to by recorded vote: 233 - 183 (Roll no. 27). (text: CR H249-250)</text>
        <links>
          <link>
            <name>H249-250</name>
            <url>https://www.congress.gov/congressional-record/volume-163/house-section/page/H249-250</url>
          </link>
          <link>
            <name>Roll no. 27</name>
            <url>http://clerk.house.gov/evs/2017/roll027.xml</url>
          </link>
        </links>
        <type>Floor</type>
        <sourceSystem>
          <name>House floor actions</name>
          <code>2</code>
        </sourceSystem>
        <actionTime>13:58:02</actionTime>
      </item>
      <item>
        <actionDate>2017-01-10</actionDate>
        <actionCode>8000</actionCode>
        <committee />
        <text>Passed/agreed to in House: On agreeing to the resolution Agreed to by recorded vote: 233 - 183 (Roll no. 27).(text: CR H249-250)</text>
        <links>
          <link>
            <name>H249-250</name>
            <url>https://www.congress.gov/congressional-record/volume-163/house-section/page/H249-250</url>
          </link>
          <link>
            <name>Roll no. 27</name>
            <url>http://clerk.house.gov/evs/2017/roll027.xml</url>
          </link>
        </links>
        <type>Floor</type>
        <sourceSystem>
          <name>Library of Congress</name>
          <code>9</code>
        </sourceSystem>
        <actionTime>13:58:02</actionTime>
      </item>
      <item>
        <actionDate>2017-01-10</actionDate>
        <actionCode>H35000</actionCode>
        <committee />
        <text>On ordering the previous question Agreed to by the Yeas and Nays: 234 - 179 (Roll no. 26). (consideration: CR H257)</text>
        <links>
          <link>
            <name>H257</name>
            <url>https://www.congress.gov/congressional-record/volume-163/house-section/page/H257</url>
          </link>
          <link>
            <name>Roll no. 26</name>
            <url>http://clerk.house.gov/evs/2017/roll026.xml</url>
          </link>
        </links>
        <type>Floor</type>
        <sourceSystem>
          <name>House floor actions</name>
          <code>2</code>
        </sourceSystem>
        <actionTime>13:47:13</actionTime>
      </item>
      <item>
        <actionDate>2017-01-10</actionDate>
        <actionCode>H8D000</actionCode>
        <committee />
        <text>DEBATE - The House proceeded with one hour of debate on H. Res. 33.</text>
        <links>
          <link>
            <name>H. Res. 33</name>
            <url>https://www.congress.gov/bill/115th-congress/house-resolution/33</url>
          </link>
        </links>
        <type>Floor</type>
        <sourceSystem>
          <name>House floor actions</name>
          <code>2</code>
        </sourceSystem>
        <actionTime>12:38:03</actionTime>
      </item>
      <item>
        <actionDate>2017-01-10</actionDate>
        <actionCode>H30000</actionCode>
        <committee />
        <text>Considered as privileged matter. (consideration: CR H249-258)</text>
        <links>
          <link>
            <name>H249-258</name>
            <url>https://www.congress.gov/congressional-record/volume-163/house-section/page/H249-258</url>
          </link>
        </links>
        <type>Floor</type>
        <sourceSystem>
          <name>House floor actions</name>
          <code>2</code>
        </sourceSystem>
        <actionTime>12:35:18</actionTime>
      </item>
      <item>
        <actionDate>2017-01-09</actionDate>
        <actionCode>H12420</actionCode>
        <committee />
        <text>Placed on the House Calendar, Calendar No. 2.</text>
        <links />
        <type>Calendars</type>
        <sourceSystem>
          <name>House floor actions</name>
          <code>2</code>
        </sourceSystem>
      </item>
      <item>
        <actionDate>2017-01-09</actionDate>
        <actionCode>H12700</actionCode>
        <committee />
        <text>The resolution provides for both bills to be considered under a structured rule for one hour of general debate. The resolution also provides one motion to recommit with or without instructions on both H.R. 5 and H.R. 79.</text>
        <links>
          <link>
            <name>H.R. 5</name>
            <url>https://www.congress.gov/bill/115th-congress/house-bill/5</url>
          </link>
          <link>
            <name>H.R. 79</name>
            <url>https://www.congress.gov/bill/115th-congress/house-bill/79</url>
          </link>
        </links>
        <type>Floor</type>
        <sourceSystem>
          <name>House floor actions</name>
          <code>2</code>
        </sourceSystem>
        <actionTime>19:12:34</actionTime>
      </item>
      <item>
        <actionDate>2017-01-09</actionDate>
        <actionCode>H12100</actionCode>
        <committee>
          <systemCode>hsru00</systemCode>
          <name>Rules Committee</name>
        </committee>
        <text>The House Committee on Rules reported an original measure, H. Rept. 115-2, by Mr. Collins (GA).</text>
        <links>
          <link>
            <name>H. Rept. 115-2</name>
            <url>https://www.congress.gov/congressional-report/115th-congress/house-report/2</url>
          </link>
        </links>
        <type>Committee</type>
        <sourceSystem>
          <name>House floor actions</name>
          <code>2</code>
        </sourceSystem>
      </item>
      <item>
        <actionDate>2017-01-09</actionDate>
        <actionCode>5000</actionCode>
        <committee>
          <systemCode>hsru00</systemCode>
          <name>Rules Committee</name>
        </committee>
        <text>The House Committee on Rules reported an original measure, H. Rept. 115-2, by Mr. Collins (GA).</text>
        <links>
          <link>
            <name>H. Rept. 115-2</name>
            <url>https://www.congress.gov/congressional-report/115th-congress/house-report/2</url>
          </link>
        </links>
        <type>Committee</type>
        <sourceSystem>
          <name>Library of Congress</name>
          <code>9</code>
        </sourceSystem>
      </item>
      <item>
        <actionDate>2017-01-09</actionDate>
        <actionCode>1000</actionCode>
        <committee />
        <text>Introduced in House</text>
        <links />
        <type>IntroReferral</type>
        <sourceSystem>
          <name>Library of Congress</name>
          <code>9</code>
        </sourceSystem>
      </item>
      <actionByCounts>
        <houseOfRepresentatives>11</houseOfRepresentatives>
      </actionByCounts>
    </actions>
    <title>Providing for consideration of the bill (H.R. 5) to reform the process by which Federal agencies analyze and formulate new regulations and guidance documents, to clarify the nature of judicial review of agency interpretations, to ensure complete analysis of potential impacts on small entities of rules, and for other purposes, and providing for consideration of the bill (H.R. 79) to clarify the definition of general solicitation under Federal securities law.</title>
    <cosponsors />
    <introducedDate>2017-01-09</introducedDate>
    <recordedVotes>
      <recordedVote>
        <date>2017-01-10T18:58:02Z</date>
        <rollNumber>27</rollNumber>
        <sessionNumber>1</sessionNumber>
        <fullActionName>Passage of a Measure</fullActionName>
        <url>http://clerk.house.gov/evs/2017/roll027.xml</url>
        <congress>115</congress>
        <chamber>House</chamber>
      </recordedVote>
      <recordedVote>
        <date>2017-01-10T18:47:13Z</date>
        <rollNumber>26</rollNumber>
        <sessionNumber>1</sessionNumber>
        <fullActionName>Motion for Previous Question</fullActionName>
        <url>http://clerk.house.gov/evs/2017/roll026.xml</url>
        <congress>115</congress>
        <chamber>House</chamber>
      </recordedVote>
    </recordedVotes>
    <congress>115</congress>
    <amendments />
    <version>1.0.0</version>
    <calendarNumbers>
      <item>
        <calendar>H00002</calendar>
        <number />
      </item>
    </calendarNumbers>
    <latestAction>
      <actionDate>2017-01-10</actionDate>
      <links />
      <actionTime>13:58:04</actionTime>
      <text>Motion to reconsider laid on the table Agreed to without objection.</text>
    </latestAction>
    <titles>
      <item>
        <parentTitleType />
        <titleType>Official Title as Introduced</titleType>
        <chamberCode />
        <title>Providing for consideration of the bill (H.R. 5) to reform the process by which Federal agencies analyze and formulate new regulations and guidance documents, to clarify the nature of judicial review of agency interpretations, to ensure complete analysis of potential impacts on small entities of rules, and for other purposes, and providing for consideration of the bill (H.R. 79) to clarify the definition of general solicitation under Federal securities law.</title>
        <chamberName />
      </item>
      <item>
        <parentTitleType />
        <titleType>Display Title</titleType>
        <chamberCode />
        <title>Providing for consideration of the bill (H.R. 5) to reform the process by which Federal agencies analyze and formulate new regulations and guidance documents, to clarify the nature of judicial review of agency interpretations, to ensure complete analysis of potential impacts on small entities of rules, and for other purposes, and providing for consideration of the bill (H.R. 79) to clarify the definition of general solicitation under Federal securities law.</title>
        <chamberName />
      </item>
    </titles>
    <cboCostEstimates />
    <committees>
      <billCommittees>
        <item>
          <subcommittees />
          <type>Standing</type>
          <systemCode>hsru00</systemCode>
          <name>Rules Committee</name>
          <activities>
            <item>
              <date>2017-01-10T00:12:33Z</date>
              <name>Reported original measure</name>
            </item>
          </activities>
          <chamber>House</chamber>
        </item>
      </billCommittees>
    </committees>
    <subjects>
      <billSubjects>
        <legislativeSubjects>
          <item>
            <name>House of Representatives</name>
          </item>
          <item>
            <name>Legislative rules and procedure</name>
          </item>
        </legislativeSubjects>
        <policyArea>
          <name>Congress</name>
        </policyArea>
      </billSubjects>
    </subjects>
  </bill>
  <dublinCore xmlns:dc="http://purl.org/dc/elements/1.1/">
    <dc:format>text/xml</dc:format>
    <dc:language>EN</dc:language>
    <dc:rights>Pursuant to Title 17 Section 105 of the United States Code, this file is not subject to copyright protection and is in the public domain.</dc:rights>
    <dc:contributor>Congressional Research Service, Library of Congress</dc:contributor>
    <dc:description>This file contains bill summaries and statuses for federal legislation. A bill summary describes the most significant provisions of a piece of legislation and details the effects the legislative text may have on current law and federal programs. Bill summaries are authored by the Congressional Research Service (CRS) of the Library of Congress. As stated in Public Law 91-510 (2 USC 166 (d)(6)), one of the duties of CRS is "to prepare summaries and digests of bills and resolutions of a public general nature introduced in the Senate or House of Representatives". For more information, refer to the User Guide that accompanies this file.</dc:description>
  </dublinCore>
</billStatus>

