<?xml version="1.0" encoding="UTF-8"?>
<billStatus>
  <bill>
    <notes />
    <title>Providing for consideration of the joint resolution (H.J. Res. 38) disapproving the rule submitted by the Department of the Interior known as the Stream Protection Rule.</title>
    <committees>
      <billCommittees>
        <item>
          <activities>
            <item>
              <date>2017-01-30T23:38:25Z</date>
              <name>Reported original measure</name>
            </item>
          </activities>
          <type>Standing</type>
          <chamber>House</chamber>
          <systemCode>hsru00</systemCode>
          <name>Rules Committee</name>
          <subcommittees />
        </item>
      </billCommittees>
    </committees>
    <committeeReports>
      <committeeReport>
        <citation>H. Rept. 115-6</citation>
      </committeeReport>
    </committeeReports>
    <cboCostEstimates />
    <congress>115</congress>
    <laws />
    <updateDate>2018-08-28T19:53:55Z</updateDate>
    <relatedBills>
      <item>
        <latestAction>
          <actionDate>2017-02-16</actionDate>
          <text>Became Public Law No: 115-5.</text>
        </latestAction>
        <relationshipDetails>
          <item>
            <identifiedBy>House</identifiedBy>
            <type>Procedurally-related</type>
          </item>
        </relationshipDetails>
        <congress>115</congress>
        <latestTitle>Disapproving the rule submitted by the Department of the Interior known as the Stream Protection Rule.</latestTitle>
        <type>HJRES</type>
        <number>38</number>
      </item>
    </relatedBills>
    <version>1.0.0</version>
    <actions>
      <item>
        <text>Motion to reconsider laid on the table Agreed to without objection.</text>
        <links />
        <type>Floor</type>
        <sourceSystem>
          <code>2</code>
          <name>House floor actions</name>
        </sourceSystem>
        <committee />
        <actionTime>17:26:18</actionTime>
        <actionDate>2017-01-31</actionDate>
        <actionCode>H38310</actionCode>
      </item>
      <item>
        <text>On agreeing to the resolution Agreed to by recorded vote: 236 - 186 (Roll no. 69). (text: CR H761)</text>
        <links>
          <link>
            <url>https://www.congress.gov/congressional-record/volume-163/house-section/page/H761</url>
            <name>H761</name>
          </link>
          <link>
            <url>http://clerk.house.gov/evs/2017/roll069.xml</url>
            <name>Roll no. 69</name>
          </link>
        </links>
        <type>Floor</type>
        <sourceSystem>
          <code>2</code>
          <name>House floor actions</name>
        </sourceSystem>
        <committee />
        <actionTime>17:26:16</actionTime>
        <actionDate>2017-01-31</actionDate>
        <actionCode>H37100</actionCode>
      </item>
      <item>
        <text>Passed/agreed to in House: On agreeing to the resolution Agreed to by recorded vote: 236 - 186 (Roll no. 69).(text: CR H761)</text>
        <links>
          <link>
            <url>https://www.congress.gov/congressional-record/volume-163/house-section/page/H761</url>
            <name>H761</name>
          </link>
          <link>
            <url>http://clerk.house.gov/evs/2017/roll069.xml</url>
            <name>Roll no. 69</name>
          </link>
        </links>
        <type>Floor</type>
        <sourceSystem>
          <code>9</code>
          <name>Library of Congress</name>
        </sourceSystem>
        <committee />
        <actionTime>17:26:16</actionTime>
        <actionDate>2017-01-31</actionDate>
        <actionCode>8000</actionCode>
      </item>
      <item>
        <text>On ordering the previous question Agreed to by the Yeas and Nays: 236 - 183 (Roll no. 68). (consideration: CR H801)</text>
        <links>
          <link>
            <url>https://www.congress.gov/congressional-record/volume-163/house-section/page/H801</url>
            <name>H801</name>
          </link>
          <link>
            <url>http://clerk.house.gov/evs/2017/roll068.xml</url>
            <name>Roll no. 68</name>
          </link>
        </links>
        <type>Floor</type>
        <sourceSystem>
          <code>2</code>
          <name>House floor actions</name>
        </sourceSystem>
        <committee />
        <actionTime>17:19:07</actionTime>
        <actionDate>2017-01-31</actionDate>
        <actionCode>H35000</actionCode>
      </item>
      <item>
        <text>Considered as unfinished business. (consideration: CR H801)</text>
        <links>
          <link>
            <url>https://www.congress.gov/congressional-record/volume-163/house-section/page/H801</url>
            <name>H801</name>
          </link>
        </links>
        <type>Floor</type>
        <sourceSystem>
          <code>2</code>
          <name>House floor actions</name>
        </sourceSystem>
        <committee />
        <actionTime>16:53:29</actionTime>
        <actionDate>2017-01-31</actionDate>
        <actionCode>H30000</actionCode>
      </item>
      <item>
        <text>POSTPONED PROCEEDINGS - At the conclusion of debate on H. Res. 70, the Chair put the question on ordering the previous question and by voice vote announced that the ayes had prevailed. Mr. Hastings demanded the yeas and nays, and the Chair postponed further proceedings on ordering the previous question until later in the legislative day.</text>
        <links>
          <link>
            <url>https://www.congress.gov/bill/115th-congress/house-resolution/70</url>
            <name>H. Res. 70</name>
          </link>
        </links>
        <type>Floor</type>
        <sourceSystem>
          <code>2</code>
          <name>House floor actions</name>
        </sourceSystem>
        <committee />
        <actionTime>14:00:09</actionTime>
        <actionDate>2017-01-31</actionDate>
        <actionCode>H8D000</actionCode>
      </item>
      <item>
        <text>DEBATE - The House proceeded with one hour of debate on H. Res. 70.</text>
        <links>
          <link>
            <url>https://www.congress.gov/bill/115th-congress/house-resolution/70</url>
            <name>H. Res. 70</name>
          </link>
        </links>
        <type>Floor</type>
        <sourceSystem>
          <code>2</code>
          <name>House floor actions</name>
        </sourceSystem>
        <committee />
        <actionTime>12:35:49</actionTime>
        <actionDate>2017-01-31</actionDate>
        <actionCode>H8D000</actionCode>
      </item>
      <item>
        <text>Considered as privileged matter. (consideration: CR H761-771)</text>
        <links>
          <link>
            <url>https://www.congress.gov/congressional-record/volume-163/house-section/page/H761-771</url>
            <name>H761-771</name>
          </link>
        </links>
        <type>Floor</type>
        <sourceSystem>
          <code>2</code>
          <name>House floor actions</name>
        </sourceSystem>
        <committee />
        <actionTime>12:34:42</actionTime>
        <actionDate>2017-01-31</actionDate>
        <actionCode>H30000</actionCode>
      </item>
      <item>
        <text>Placed on the House Calendar, Calendar No. 6.</text>
        <links />
        <type>Calendars</type>
        <sourceSystem>
          <code>2</code>
          <name>House floor actions</name>
        </sourceSystem>
        <committee />
        <actionDate>2017-01-30</actionDate>
        <actionCode>H12420</actionCode>
      </item>
      <item>
        <text>Rule provides for consideration of H.J. Res. 38 with 1 hour of general debate. Previous question shall be considered as ordered without intervening motions except motion to recommit.</text>
        <links>
          <link>
            <url>https://www.congress.gov/bill/115th-congress/house-joint-resolution/38</url>
            <name>H.J. Res. 38</name>
          </link>
        </links>
        <type>Floor</type>
        <sourceSystem>
          <code>2</code>
          <name>House floor actions</name>
        </sourceSystem>
        <committee />
        <actionTime>18:39:44</actionTime>
        <actionDate>2017-01-30</actionDate>
        <actionCode>H12700</actionCode>
      </item>
      <item>
        <text>The House Committee on Rules reported an original measure, H. Rept. 115-6, by Mr. Newhouse.</text>
        <links>
          <link>
            <url>https://www.congress.gov/congressional-report/115th-congress/house-report/6</url>
            <name>H. Rept. 115-6</name>
          </link>
        </links>
        <type>Committee</type>
        <sourceSystem>
          <code>2</code>
          <name>House floor actions</name>
        </sourceSystem>
        <committee>
          <systemCode>hsru00</systemCode>
          <name>Rules Committee</name>
        </committee>
        <actionDate>2017-01-30</actionDate>
        <actionCode>H12100</actionCode>
      </item>
      <item>
        <text>The House Committee on Rules reported an original measure, H. Rept. 115-6, by Mr. Newhouse.</text>
        <links>
          <link>
            <url>https://www.congress.gov/congressional-report/115th-congress/house-report/6</url>
            <name>H. Rept. 115-6</name>
          </link>
        </links>
        <type>Committee</type>
        <sourceSystem>
          <code>9</code>
          <name>Library of Congress</name>
        </sourceSystem>
        <committee>
          <systemCode>hsru00</systemCode>
          <name>Rules Committee</name>
        </committee>
        <actionDate>2017-01-30</actionDate>
        <actionCode>5000</actionCode>
      </item>
      <item>
        <text>Introduced in House</text>
        <links />
        <type>IntroReferral</type>
        <sourceSystem>
          <code>9</code>
          <name>Library of Congress</name>
        </sourceSystem>
        <committee />
        <actionDate>2017-01-30</actionDate>
        <actionCode>1000</actionCode>
      </item>
      <actionTypeCounts>
        <generalDebate>2</generalDebate>
        <passageOfAMeasure>1</passageOfAMeasure>
        <houseCalendarAssignment>1</houseCalendarAssignment>
        <committeeReportOfAnOriginalMeasure>1</committeeReportOfAnOriginalMeasure>
        <passedAgreedToInHouse>1</passedAgreedToInHouse>
        <motionForPreviousQuestion>1</motionForPreviousQuestion>
        <provisionsOfARule>1</provisionsOfARule>
        <motionToReconsiderResults>1</motionToReconsiderResults>
        <considerationByHouse>2</considerationByHouse>
        <reportedToHouse>1</reportedToHouse>
        <introducedInHouse>1</introducedInHouse>
      </actionTypeCounts>
      <actionByCounts>
        <houseOfRepresentatives>13</houseOfRepresentatives>
      </actionByCounts>
    </actions>
    <sponsors>
      <item>
        <fullName>Rep. Newhouse, Dan [R-WA-4]</fullName>
        <identifiers>
          <lisID>2275</lisID>
          <bioguideId>N000189</bioguideId>
          <gpoId />
        </identifiers>
        <bioguideId>N000189</bioguideId>
        <lastName>Newhouse</lastName>
        <firstName>Dan</firstName>
        <party>R</party>
        <byRequestType />
        <middleName />
        <state>WA</state>
        <district>4</district>
      </item>
    </sponsors>
    <billType>HRES</billType>
    <constitutionalAuthorityStatementText />
    <policyArea>
      <name>Congress</name>
    </policyArea>
    <recordedVotes>
      <recordedVote>
        <url>http://clerk.house.gov/evs/2017/roll069.xml</url>
        <fullActionName>Passage of a Measure</fullActionName>
        <rollNumber>69</rollNumber>
        <sessionNumber>1</sessionNumber>
        <congress>115</congress>
        <date>2017-01-31T22:26:16Z</date>
        <chamber>House</chamber>
      </recordedVote>
      <recordedVote>
        <url>http://clerk.house.gov/evs/2017/roll068.xml</url>
        <fullActionName>Motion for Previous Question</fullActionName>
        <rollNumber>68</rollNumber>
        <sessionNumber>1</sessionNumber>
        <congress>115</congress>
        <date>2017-01-31T22:19:07Z</date>
        <chamber>House</chamber>
      </recordedVote>
    </recordedVotes>
    <billNumber>70</billNumber>
    <titles>
      <item>
        <chamberName />
        <chamberCode />
        <titleType>Official Title as Introduced</titleType>
        <title>Providing for consideration of the joint resolution (H.J. Res. 38) disapproving the rule submitted by the Department of the Interior known as the Stream Protection Rule.</title>
        <parentTitleType />
      </item>
      <item>
        <chamberName />
        <chamberCode />
        <titleType>Display Title</titleType>
        <title>Providing for consideration of the joint resolution (H.J. Res. 38) disapproving the rule submitted by the Department of the Interior known as the Stream Protection Rule.</title>
        <parentTitleType />
      </item>
    </titles>
    <originChamber>House</originChamber>
    <subjects>
      <billSubjects>
        <policyArea>
          <name>Congress</name>
        </policyArea>
        <legislativeSubjects>
          <item>
            <name>House of Representatives</name>
          </item>
          <item>
            <name>Legislative rules and procedure</name>
          </item>
        </legislativeSubjects>
      </billSubjects>
    </subjects>
    <cosponsors />
    <introducedDate>2017-01-30</introducedDate>
    <calendarNumbers>
      <item>
        <number />
        <calendar>H00006</calendar>
      </item>
    </calendarNumbers>
    <latestAction>
      <links />
      <actionDate>2017-01-31</actionDate>
      <text>Motion to reconsider laid on the table Agreed to without objection.</text>
      <actionTime>17:26:18</actionTime>
    </latestAction>
    <amendments />
    <summaries>
      <billSummaries>
        <item>
          <name>Introduced in House</name>
          <actionDesc>Introduced in House</actionDesc>
          <actionDate>2017-01-30</actionDate>
          <lastSummaryUpdateDate>2017-01-31T09:02:33Z</lastSummaryUpdateDate>
          <versionCode>00</versionCode>
          <updateDate>2017-01-30T05:00:00Z</updateDate>
          <text><![CDATA[Sets forth the rule for consideration of the joint resolution (H.J. Res. 38) disapproving the rule submitted by the Department of the Interior known as the Stream Protection Rule.]]></text>
        </item>
      </billSummaries>
    </summaries>
    <createDate>2017-01-31T05:23:05Z</createDate>
  </bill>
  <dublinCore xmlns:dc="http://purl.org/dc/elements/1.1/">
    <dc:format>text/xml</dc:format>
    <dc:language>EN</dc:language>
    <dc:rights>Pursuant to Title 17 Section 105 of the United States Code, this file is not subject to copyright protection and is in the public domain.</dc:rights>
    <dc:contributor>Congressional Research Service, Library of Congress</dc:contributor>
    <dc:description>This file contains bill summaries and statuses for federal legislation. A bill summary describes the most significant provisions of a piece of legislation and details the effects the legislative text may have on current law and federal programs. Bill summaries are authored by the Congressional Research Service (CRS) of the Library of Congress. As stated in Public Law 91-510 (2 USC 166 (d)(6)), one of the duties of CRS is "to prepare summaries and digests of bills and resolutions of a public general nature introduced in the Senate or House of Representatives". For more information, refer to the User Guide that accompanies this file.</dc:description>
  </dublinCore>
</billStatus>

