<?xml version="1.0" encoding="UTF-8"?>
<billStatus>
  <bill>
    <amendments />
    <latestAction>
      <actionDate>2017-05-16</actionDate>
      <text>Referred to the House Committee on Oversight and Government Reform.</text>
      <links />
    </latestAction>
    <congress>115</congress>
    <subjects>
      <billSubjects>
        <legislativeSubjects>
          <item>
            <name>Government information and archives</name>
          </item>
          <item>
            <name>News media and reporting</name>
          </item>
          <item>
            <name>Presidents and presidential powers, Vice Presidents</name>
          </item>
        </legislativeSubjects>
        <policyArea>
          <name>Government Operations and Politics</name>
        </policyArea>
      </billSubjects>
    </subjects>
    <laws />
    <notes />
    <billType>HRES</billType>
    <sponsors>
      <item>
        <lastName>Raskin</lastName>
        <middleName />
        <bioguideId>R000606</bioguideId>
        <fullName>Rep. Raskin, Jamie [D-MD-8]</fullName>
        <identifiers>
          <lisID>2332</lisID>
          <bioguideId>R000606</bioguideId>
          <gpoId />
        </identifiers>
        <byRequestType />
        <state>MD</state>
        <firstName>Jamie</firstName>
        <party>D</party>
        <district>8</district>
      </item>
    </sponsors>
    <recordedVotes />
    <committeeReports />
    <introducedDate>2017-05-16</introducedDate>
    <relatedBills />
    <cosponsors>
      <item>
        <firstName>Pramila</firstName>
        <lastName>Jayapal</lastName>
        <sponsorshipWithdrawnDate />
        <sponsorshipDate>2017-05-16</sponsorshipDate>
        <bioguideId>J000298</bioguideId>
        <district>7</district>
        <middleName />
        <isOriginalCosponsor>True</isOriginalCosponsor>
        <fullName>Rep. Jayapal, Pramila [D-WA-7]</fullName>
        <state>WA</state>
        <party>D</party>
        <identifiers>
          <lisID>2354</lisID>
          <bioguideId>J000298</bioguideId>
          <gpoId />
        </identifiers>
      </item>
      <item>
        <firstName>Nanette</firstName>
        <lastName>Barragan</lastName>
        <sponsorshipWithdrawnDate />
        <sponsorshipDate>2017-05-22</sponsorshipDate>
        <bioguideId>B001300</bioguideId>
        <district>44</district>
        <middleName>Diaz</middleName>
        <isOriginalCosponsor>False</isOriginalCosponsor>
        <fullName>Rep. Barragan, Nanette Diaz [D-CA-44]</fullName>
        <state>CA</state>
        <party>D</party>
        <identifiers>
          <gpoId />
          <lisID>2311</lisID>
          <bioguideId>B001300</bioguideId>
        </identifiers>
      </item>
      <item>
        <firstName>Henry</firstName>
        <lastName>Johnson</lastName>
        <sponsorshipWithdrawnDate />
        <sponsorshipDate>2017-05-22</sponsorshipDate>
        <bioguideId>J000288</bioguideId>
        <district>4</district>
        <middleName>C. "Hank"</middleName>
        <isOriginalCosponsor>False</isOriginalCosponsor>
        <fullName>Rep. Johnson, Henry C. "Hank," Jr. [D-GA-4]</fullName>
        <state>GA</state>
        <party>D</party>
        <identifiers>
          <lisID>1843</lisID>
          <gpoId>7901</gpoId>
          <bioguideId>J000288</bioguideId>
        </identifiers>
      </item>
      <item>
        <firstName>LUIS</firstName>
        <lastName>GUTIERREZ</lastName>
        <sponsorshipWithdrawnDate />
        <sponsorshipDate>2017-05-22</sponsorshipDate>
        <bioguideId>G000535</bioguideId>
        <district>4</district>
        <middleName>V.</middleName>
        <isOriginalCosponsor>False</isOriginalCosponsor>
        <fullName>Rep. Gutierrez, Luis V. [D-IL-4]</fullName>
        <state>IL</state>
        <party>D</party>
        <identifiers>
          <lisID>478</lisID>
          <bioguideId>G000535</bioguideId>
          <gpoId>7924</gpoId>
        </identifiers>
      </item>
      <item>
        <firstName>NYDIA</firstName>
        <lastName>VELAZQUEZ</lastName>
        <sponsorshipWithdrawnDate />
        <sponsorshipDate>2017-05-22</sponsorshipDate>
        <bioguideId>V000081</bioguideId>
        <district>7</district>
        <middleName>M.</middleName>
        <isOriginalCosponsor>False</isOriginalCosponsor>
        <fullName>Rep. Velazquez, Nydia M. [D-NY-7]</fullName>
        <state>NY</state>
        <party>D</party>
        <identifiers>
          <bioguideId>V000081</bioguideId>
          <gpoId>8073</gpoId>
          <lisID>1184</lisID>
        </identifiers>
      </item>
      <item>
        <firstName>David</firstName>
        <lastName>Cicilline</lastName>
        <sponsorshipWithdrawnDate />
        <sponsorshipDate>2017-06-06</sponsorshipDate>
        <bioguideId>C001084</bioguideId>
        <district>1</district>
        <middleName>N.</middleName>
        <isOriginalCosponsor>False</isOriginalCosponsor>
        <fullName>Rep. Cicilline, David N. [D-RI-1]</fullName>
        <state>RI</state>
        <party>D</party>
        <identifiers>
          <gpoId>8139</gpoId>
          <lisID>2055</lisID>
          <bioguideId>C001084</bioguideId>
        </identifiers>
      </item>
    </cosponsors>
    <actions>
      <actionTypeCounts>
        <introducedInHouse>1</introducedInHouse>
        <introducedInTheHouse>1</introducedInTheHouse>
        <billReferrals>1</billReferrals>
      </actionTypeCounts>
      <item>
        <actionDate>2017-05-16</actionDate>
        <links />
        <text>Referred to the House Committee on Oversight and Government Reform.</text>
        <type>IntroReferral</type>
        <actionCode>H11100</actionCode>
        <sourceSystem>
          <name>House floor actions</name>
          <code>2</code>
        </sourceSystem>
        <committee>
          <systemCode>hsgo00</systemCode>
          <name>Oversight and Government Reform Committee</name>
        </committee>
      </item>
      <item>
        <actionDate>2017-05-16</actionDate>
        <links />
        <text>Introduced in House</text>
        <type>IntroReferral</type>
        <actionCode>Intro-H</actionCode>
        <sourceSystem>
          <name>Library of Congress</name>
          <code>9</code>
        </sourceSystem>
        <committee />
      </item>
      <item>
        <actionDate>2017-05-16</actionDate>
        <links />
        <text>Introduced in House</text>
        <type>IntroReferral</type>
        <actionCode>1000</actionCode>
        <sourceSystem>
          <name>Library of Congress</name>
          <code>9</code>
        </sourceSystem>
        <committee />
      </item>
      <actionByCounts>
        <houseOfRepresentatives>3</houseOfRepresentatives>
      </actionByCounts>
    </actions>
    <committees>
      <billCommittees>
        <item>
          <type>Standing</type>
          <name>Oversight and Government Reform Committee</name>
          <systemCode>hsgo00</systemCode>
          <chamber>House</chamber>
          <activities>
            <item>
              <name>Referred to</name>
              <date>2017-05-16T16:06:50Z</date>
            </item>
          </activities>
          <subcommittees />
        </item>
      </billCommittees>
    </committees>
    <updateDate>2018-08-28T19:54:41Z</updateDate>
    <version>1.0.0</version>
    <title>Expressing the sense of the House of Representatives that the President should retain a protective pool of reporters for purposes of covering the official business of the President, and for other purposes.</title>
    <createDate>2017-05-17T03:11:37Z</createDate>
    <billNumber>325</billNumber>
    <constitutionalAuthorityStatementText />
    <cboCostEstimates />
    <calendarNumbers />
    <policyArea>
      <name>Government Operations and Politics</name>
    </policyArea>
    <summaries>
      <billSummaries>
        <item>
          <updateDate>2017-05-16T04:00:00Z</updateDate>
          <versionCode>00</versionCode>
          <name>Introduced in House</name>
          <text><![CDATA[<p>Urges the President to: (1) allow the establishment of a protective press pool with access to sufficient information to ensure that the American people are informed accurately and in a timely way on the President's whereabouts and to ensure that the public has broad and honest information about issues of public concern, and (2) preserve the independence of press coverage of matters relating to the President.</p> <ul></ul>]]></text>
          <actionDate>2017-05-16</actionDate>
          <actionDesc>Introduced in House</actionDesc>
          <lastSummaryUpdateDate>2017-08-14T18:31:36Z</lastSummaryUpdateDate>
        </item>
      </billSummaries>
    </summaries>
    <originChamber>House</originChamber>
    <titles>
      <item>
        <titleType>Official Title as Introduced</titleType>
        <chamberName />
        <chamberCode />
        <parentTitleType />
        <title>Expressing the sense of the House of Representatives that the President should retain a protective pool of reporters for purposes of covering the official business of the President, and for other purposes.</title>
      </item>
      <item>
        <titleType>Display Title</titleType>
        <chamberName />
        <chamberCode />
        <parentTitleType />
        <title>Expressing the sense of the House of Representatives that the President should retain a protective pool of reporters for purposes of covering the official business of the President, and for other purposes.</title>
      </item>
    </titles>
  </bill>
  <dublinCore xmlns:dc="http://purl.org/dc/elements/1.1/">
    <dc:format>text/xml</dc:format>
    <dc:language>EN</dc:language>
    <dc:rights>Pursuant to Title 17 Section 105 of the United States Code, this file is not subject to copyright protection and is in the public domain.</dc:rights>
    <dc:contributor>Congressional Research Service, Library of Congress</dc:contributor>
    <dc:description>This file contains bill summaries and statuses for federal legislation. A bill summary describes the most significant provisions of a piece of legislation and details the effects the legislative text may have on current law and federal programs. Bill summaries are authored by the Congressional Research Service (CRS) of the Library of Congress. As stated in Public Law 91-510 (2 USC 166 (d)(6)), one of the duties of CRS is "to prepare summaries and digests of bills and resolutions of a public general nature introduced in the Senate or House of Representatives". For more information, refer to the User Guide that accompanies this file.</dc:description>
  </dublinCore>
</billStatus>

