<?xml version="1.0" encoding="UTF-8"?>
<billStatus>
  <bill>
    <policyArea>
      <name>Transportation and Public Works</name>
    </policyArea>
    <billType>HRES</billType>
    <latestAction>
      <links />
      <actionDate>2017-05-17</actionDate>
      <text>Referred to the Subcommittee on Water Resources and Environment.</text>
    </latestAction>
    <createDate>2017-05-17T03:11:37Z</createDate>
    <notes />
    <actions>
      <actionTypeCounts>
        <introducedInTheHouse>1</introducedInTheHouse>
        <billReferrals>1</billReferrals>
        <introducedInHouse>1</introducedInHouse>
        <placeholderTextForH>6</placeholderTextForH>
      </actionTypeCounts>
      <item>
        <actionDate>2017-05-17</actionDate>
        <committee>
          <name>Water Resources and Environment Subcommittee</name>
          <systemCode>hspw02</systemCode>
        </committee>
        <links />
        <sourceSystem>
          <code>1</code>
          <name>House committee actions</name>
        </sourceSystem>
        <text>Referred to the Subcommittee on Water Resources and Environment.</text>
        <type>Committee</type>
      </item>
      <item>
        <actionDate>2017-05-17</actionDate>
        <committee>
          <name>Railroads, Pipelines, and Hazardous Materials Subcommittee</name>
          <systemCode>hspw14</systemCode>
        </committee>
        <links />
        <sourceSystem>
          <code>1</code>
          <name>House committee actions</name>
        </sourceSystem>
        <text>Referred to the Subcommittee on Railroads, Pipelines, and Hazardous Materials.</text>
        <type>Committee</type>
      </item>
      <item>
        <actionDate>2017-05-17</actionDate>
        <committee>
          <name>Highways and Transit Subcommittee</name>
          <systemCode>hspw12</systemCode>
        </committee>
        <links />
        <sourceSystem>
          <code>1</code>
          <name>House committee actions</name>
        </sourceSystem>
        <text>Referred to the Subcommittee on Highways and Transit.</text>
        <type>Committee</type>
      </item>
      <item>
        <actionDate>2017-05-17</actionDate>
        <committee>
          <name>Economic Development, Public Buildings and Emergency Management Subcommittee</name>
          <systemCode>hspw13</systemCode>
        </committee>
        <links />
        <sourceSystem>
          <code>1</code>
          <name>House committee actions</name>
        </sourceSystem>
        <text>Referred to the Subcommittee on Economic Development, Public Buildings and Emergency Management.</text>
        <type>Committee</type>
      </item>
      <item>
        <actionDate>2017-05-17</actionDate>
        <committee>
          <name>Coast Guard and Maritime Transportation Subcommittee</name>
          <systemCode>hspw07</systemCode>
        </committee>
        <links />
        <sourceSystem>
          <code>1</code>
          <name>House committee actions</name>
        </sourceSystem>
        <text>Referred to the Subcommittee on Coast Guard and Maritime Transportation.</text>
        <type>Committee</type>
      </item>
      <item>
        <actionDate>2017-05-17</actionDate>
        <committee>
          <name>Aviation Subcommittee</name>
          <systemCode>hspw05</systemCode>
        </committee>
        <links />
        <sourceSystem>
          <code>1</code>
          <name>House committee actions</name>
        </sourceSystem>
        <text>Referred to the Subcommittee on Aviation.</text>
        <type>Committee</type>
      </item>
      <item>
        <links />
        <type>IntroReferral</type>
        <actionDate>2017-05-16</actionDate>
        <text>Referred to the House Committee on Transportation and Infrastructure.</text>
        <committee>
          <name>Transportation and Infrastructure Committee</name>
          <systemCode>hspw00</systemCode>
        </committee>
        <sourceSystem>
          <code>2</code>
          <name>House floor actions</name>
        </sourceSystem>
        <actionCode>H11100</actionCode>
      </item>
      <item>
        <links />
        <type>IntroReferral</type>
        <actionDate>2017-05-16</actionDate>
        <text>Introduced in House</text>
        <committee />
        <sourceSystem>
          <code>9</code>
          <name>Library of Congress</name>
        </sourceSystem>
        <actionCode>Intro-H</actionCode>
      </item>
      <item>
        <links />
        <type>IntroReferral</type>
        <actionDate>2017-05-16</actionDate>
        <text>Introduced in House</text>
        <committee />
        <sourceSystem>
          <code>9</code>
          <name>Library of Congress</name>
        </sourceSystem>
        <actionCode>1000</actionCode>
      </item>
      <actionByCounts>
        <houseOfRepresentatives>9</houseOfRepresentatives>
      </actionByCounts>
    </actions>
    <calendarNumbers />
    <congress>115</congress>
    <subjects>
      <billSubjects>
        <legislativeSubjects>
          <item>
            <name>Commemorative events and holidays</name>
          </item>
          <item>
            <name>Infrastructure development</name>
          </item>
          <item>
            <name>Public contracts and procurement</name>
          </item>
          <item>
            <name>Roads and highways</name>
          </item>
          <item>
            <name>Small business</name>
          </item>
        </legislativeSubjects>
        <policyArea>
          <name>Transportation and Public Works</name>
        </policyArea>
      </billSubjects>
    </subjects>
    <billNumber>326</billNumber>
    <title>Expressing support for the designation of the week of May 15 though 19, 2017, as Infrastructure Week.</title>
    <constitutionalAuthorityStatementText />
    <committees>
      <billCommittees>
        <item>
          <chamber>House</chamber>
          <systemCode>hspw00</systemCode>
          <subcommittees>
            <item>
              <systemCode>hspw02</systemCode>
              <name>Water Resources and Environment Subcommittee</name>
              <activities>
                <item>
                  <name>Referred to</name>
                  <date>2017-05-17T16:47:16Z</date>
                </item>
              </activities>
            </item>
            <item>
              <systemCode>hspw14</systemCode>
              <name>Railroads, Pipelines, and Hazardous Materials Subcommittee</name>
              <activities>
                <item>
                  <name>Referred to</name>
                  <date>2017-05-17T16:47:05Z</date>
                </item>
              </activities>
            </item>
            <item>
              <systemCode>hspw12</systemCode>
              <name>Highways and Transit Subcommittee</name>
              <activities>
                <item>
                  <name>Referred to</name>
                  <date>2017-05-17T16:46:48Z</date>
                </item>
              </activities>
            </item>
            <item>
              <systemCode>hspw13</systemCode>
              <name>Economic Development, Public Buildings and Emergency Management Subcommittee</name>
              <activities>
                <item>
                  <name>Referred to</name>
                  <date>2017-05-17T16:46:37Z</date>
                </item>
              </activities>
            </item>
            <item>
              <systemCode>hspw07</systemCode>
              <name>Coast Guard and Maritime Transportation Subcommittee</name>
              <activities>
                <item>
                  <name>Referred to</name>
                  <date>2017-05-17T16:46:23Z</date>
                </item>
              </activities>
            </item>
            <item>
              <systemCode>hspw05</systemCode>
              <name>Aviation Subcommittee</name>
              <activities>
                <item>
                  <name>Referred to</name>
                  <date>2017-05-17T16:46:07Z</date>
                </item>
              </activities>
            </item>
          </subcommittees>
          <type>Standing</type>
          <name>Transportation and Infrastructure Committee</name>
          <activities>
            <item>
              <name>Referred to</name>
              <date>2017-05-16T16:05:20Z</date>
            </item>
          </activities>
        </item>
      </billCommittees>
    </committees>
    <cboCostEstimates />
    <version>1.0.0</version>
    <cosponsors />
    <updateDate>2018-08-28T19:54:42Z</updateDate>
    <laws />
    <originChamber>House</originChamber>
    <introducedDate>2017-05-16</introducedDate>
    <sponsors>
      <item>
        <middleName>M.</middleName>
        <bioguideId>P000604</bioguideId>
        <identifiers>
          <lisID>2097</lisID>
          <bioguideId>P000604</bioguideId>
          <gpoId>8373</gpoId>
        </identifiers>
        <fullName>Rep. Payne, Donald M., Jr. [D-NJ-10]</fullName>
        <byRequestType />
        <party>D</party>
        <firstName>Donald</firstName>
        <state>NJ</state>
        <lastName>Payne</lastName>
        <district>10</district>
      </item>
    </sponsors>
    <relatedBills />
    <committeeReports />
    <titles>
      <item>
        <parentTitleType />
        <titleType>Official Title as Introduced</titleType>
        <chamberCode />
        <title>Expressing support for the designation of the week of May 15 though 19, 2017, as Infrastructure Week.</title>
        <chamberName />
      </item>
      <item>
        <parentTitleType />
        <titleType>Display Title</titleType>
        <chamberCode />
        <title>Expressing support for the designation of the week of May 15 though 19, 2017, as Infrastructure Week.</title>
        <chamberName />
      </item>
    </titles>
    <recordedVotes />
    <summaries>
      <billSummaries>
        <item>
          <updateDate>2017-05-16T04:00:00Z</updateDate>
          <actionDate>2017-05-16</actionDate>
          <lastSummaryUpdateDate>2017-07-07T20:32:55Z</lastSummaryUpdateDate>
          <text><![CDATA[<p>Calls upon the people of the United States to observe Infrastructure Week with appropriate advocacy, programs, and activities.</p> <p>Celebrates the dedication and contributions of the contractors and small business owners that will take part in future infrastructure projects across the nation.</p>]]></text>
          <actionDesc>Introduced in House</actionDesc>
          <versionCode>00</versionCode>
          <name>Introduced in House</name>
        </item>
      </billSummaries>
    </summaries>
    <amendments />
  </bill>
  <dublinCore xmlns:dc="http://purl.org/dc/elements/1.1/">
    <dc:format>text/xml</dc:format>
    <dc:language>EN</dc:language>
    <dc:rights>Pursuant to Title 17 Section 105 of the United States Code, this file is not subject to copyright protection and is in the public domain.</dc:rights>
    <dc:contributor>Congressional Research Service, Library of Congress</dc:contributor>
    <dc:description>This file contains bill summaries and statuses for federal legislation. A bill summary describes the most significant provisions of a piece of legislation and details the effects the legislative text may have on current law and federal programs. Bill summaries are authored by the Congressional Research Service (CRS) of the Library of Congress. As stated in Public Law 91-510 (2 USC 166 (d)(6)), one of the duties of CRS is "to prepare summaries and digests of bills and resolutions of a public general nature introduced in the Senate or House of Representatives". For more information, refer to the User Guide that accompanies this file.</dc:description>
  </dublinCore>
</billStatus>

