<?xml version="1.0" encoding="UTF-8"?>
<billStatus>
  <bill>
    <constitutionalAuthorityStatementText />
    <sponsors>
      <item>
        <middleName />
        <party>D</party>
        <bioguideId>C001038</bioguideId>
        <lastName>CROWLEY</lastName>
        <firstName>JOSEPH</firstName>
        <state>NY</state>
        <identifiers>
          <lisID>1604</lisID>
          <gpoId>8068</gpoId>
          <bioguideId>C001038</bioguideId>
        </identifiers>
        <district>14</district>
        <fullName>Rep. Crowley, Joseph [D-NY-14]</fullName>
        <byRequestType />
      </item>
    </sponsors>
    <version>1.0.0</version>
    <createDate>2017-01-10T05:15:42Z</createDate>
    <committeeReports />
    <latestAction>
      <text>Motion to reconsider laid on the table Agreed to without objection.</text>
      <actionDate>2017-01-09</actionDate>
      <links />
      <actionTime>20:25:45</actionTime>
    </latestAction>
    <billNumber>34</billNumber>
    <notes />
    <introducedDate>2017-01-09</introducedDate>
    <committees>
      <billCommittees />
    </committees>
    <relatedBills />
    <congress>115</congress>
    <subjects>
      <billSubjects>
        <policyArea>
          <name>Congress</name>
        </policyArea>
        <legislativeSubjects>
          <item>
            <name>Congressional committees</name>
          </item>
          <item>
            <name>House Committee on Armed Services</name>
          </item>
          <item>
            <name>House of Representatives</name>
          </item>
          <item>
            <name>Members of Congress</name>
          </item>
        </legislativeSubjects>
      </billSubjects>
    </subjects>
    <amendments />
    <originChamber>House</originChamber>
    <cboCostEstimates />
    <policyArea>
      <name>Congress</name>
    </policyArea>
    <actions>
      <item>
        <text>Motion to reconsider laid on the table Agreed to without objection.</text>
        <links />
        <type>Floor</type>
        <sourceSystem>
          <code>2</code>
          <name>House floor actions</name>
        </sourceSystem>
        <committee />
        <actionTime>20:25:45</actionTime>
        <actionDate>2017-01-09</actionDate>
        <actionCode>H38310</actionCode>
      </item>
      <item>
        <text>On agreeing to the resolution Agreed to without objection. (text: CR H227)</text>
        <links>
          <link>
            <url>https://www.congress.gov/congressional-record/volume-163/house-section/page/H227</url>
            <name>H227</name>
          </link>
        </links>
        <type>Floor</type>
        <sourceSystem>
          <code>2</code>
          <name>House floor actions</name>
        </sourceSystem>
        <committee />
        <actionTime>20:25:39</actionTime>
        <actionDate>2017-01-09</actionDate>
        <actionCode>H37100</actionCode>
      </item>
      <item>
        <text>Passed/agreed to in House: On agreeing to the resolution Agreed to without objection.(text: CR H227)</text>
        <links>
          <link>
            <url>https://www.congress.gov/congressional-record/volume-163/house-section/page/H227</url>
            <name>H227</name>
          </link>
        </links>
        <type>Floor</type>
        <sourceSystem>
          <code>9</code>
          <name>Library of Congress</name>
        </sourceSystem>
        <committee />
        <actionTime>20:25:39</actionTime>
        <actionDate>2017-01-09</actionDate>
        <actionCode>8000</actionCode>
      </item>
      <item>
        <text>Considered as privileged matter. (consideration: CR H227)</text>
        <links>
          <link>
            <url>https://www.congress.gov/congressional-record/volume-163/house-section/page/H227</url>
            <name>H227</name>
          </link>
        </links>
        <type>Floor</type>
        <sourceSystem>
          <code>2</code>
          <name>House floor actions</name>
        </sourceSystem>
        <committee />
        <actionTime>20:25:23</actionTime>
        <actionDate>2017-01-09</actionDate>
        <actionCode>H30000</actionCode>
      </item>
      <item>
        <text>Introduced in House</text>
        <links />
        <type>IntroReferral</type>
        <sourceSystem>
          <code>9</code>
          <name>Library of Congress</name>
        </sourceSystem>
        <committee />
        <actionDate>2017-01-09</actionDate>
        <actionCode>Intro-H</actionCode>
      </item>
      <item>
        <text>Introduced in House</text>
        <links />
        <type>IntroReferral</type>
        <sourceSystem>
          <code>9</code>
          <name>Library of Congress</name>
        </sourceSystem>
        <committee />
        <actionDate>2017-01-09</actionDate>
        <actionCode>1000</actionCode>
      </item>
      <actionTypeCounts>
        <introducedInTheHouse>1</introducedInTheHouse>
        <passedAgreedToInHouse>1</passedAgreedToInHouse>
        <passageOfAMeasure>1</passageOfAMeasure>
        <motionToReconsiderResults>1</motionToReconsiderResults>
        <considerationByHouse>1</considerationByHouse>
        <introducedInHouse>1</introducedInHouse>
      </actionTypeCounts>
      <actionByCounts>
        <houseOfRepresentatives>6</houseOfRepresentatives>
      </actionByCounts>
    </actions>
    <recordedVotes />
    <laws />
    <cosponsors />
    <titles>
      <item>
        <parentTitleType />
        <titleType>Official Title as Introduced</titleType>
        <chamberCode />
        <title>Electing Members to Certain Standing Committees of the House of Representatives.</title>
        <chamberName />
      </item>
      <item>
        <parentTitleType />
        <titleType>Display Title</titleType>
        <chamberCode />
        <title>Electing Members to Certain Standing Committees of the House of Representatives.</title>
        <chamberName />
      </item>
    </titles>
    <updateDate>2018-08-28T19:53:47Z</updateDate>
    <calendarNumbers />
    <billType>HRES</billType>
    <summaries>
      <billSummaries>
        <item>
          <updateDate>2017-01-09T05:00:00Z</updateDate>
          <lastSummaryUpdateDate>2017-03-16T19:59:45Z</lastSummaryUpdateDate>
          <text><![CDATA[<p>Elects a specified Member to the House Committee on Armed Services.</p>]]></text>
          <actionDate>2017-01-09</actionDate>
          <actionDesc>Introduced in House</actionDesc>
          <name>Introduced in House</name>
          <versionCode>00</versionCode>
        </item>
        <item>
          <updateDate>2017-01-09T13:46:24Z</updateDate>
          <lastSummaryUpdateDate>2017-03-15T18:26:54Z</lastSummaryUpdateDate>
          <text><![CDATA[<p>(This measure has not been amended since it was introduced. The summary of that version is repeated here.)</p> <p>Elects a specified Member to the House Committee on Armed Services.</p>]]></text>
          <actionDate>2017-01-09</actionDate>
          <actionDesc>Passed House without amendment</actionDesc>
          <name>Passed House without amendment</name>
          <versionCode>81</versionCode>
        </item>
      </billSummaries>
    </summaries>
    <title>Electing Members to Certain Standing Committees of the House of Representatives.</title>
  </bill>
  <dublinCore xmlns:dc="http://purl.org/dc/elements/1.1/">
    <dc:format>text/xml</dc:format>
    <dc:language>EN</dc:language>
    <dc:rights>Pursuant to Title 17 Section 105 of the United States Code, this file is not subject to copyright protection and is in the public domain.</dc:rights>
    <dc:contributor>Congressional Research Service, Library of Congress</dc:contributor>
    <dc:description>This file contains bill summaries and statuses for federal legislation. A bill summary describes the most significant provisions of a piece of legislation and details the effects the legislative text may have on current law and federal programs. Bill summaries are authored by the Congressional Research Service (CRS) of the Library of Congress. As stated in Public Law 91-510 (2 USC 166 (d)(6)), one of the duties of CRS is "to prepare summaries and digests of bills and resolutions of a public general nature introduced in the Senate or House of Representatives". For more information, refer to the User Guide that accompanies this file.</dc:description>
  </dublinCore>
</billStatus>

