<?xml version="1.0" encoding="UTF-8"?>
<billStatus>
  <bill>
    <calendarNumbers />
    <amendments />
    <committeeReports />
    <constitutionalAuthorityStatementText />
    <laws />
    <summaries>
      <billSummaries>
        <item>
          <updateDate>2017-02-16T05:00:00Z</updateDate>
          <lastSummaryUpdateDate>2017-04-24T19:49:58Z</lastSummaryUpdateDate>
          <text><![CDATA[<p>Recognizes the historical significance of February 19, 1942, the date Executive Order 9066 was signed by President Roosevelt, restricting the freedom of Japanese Americans, German Americans, and Italian Americans, and legal resident aliens through required identification cards, travel restrictions, seizure of personal property, and incarceration.</p> <p>Expresses support for the goals of the Japanese American, German American, and Italian American communities in recognizing a National Day of Remembrance to increase public awareness of such events.</p> <ul> </ul>]]></text>
          <actionDate>2017-02-16</actionDate>
          <actionDesc>Introduced in House</actionDesc>
          <name>Introduced in House</name>
          <versionCode>00</versionCode>
        </item>
      </billSummaries>
    </summaries>
    <relatedBills />
    <createDate>2017-02-17T04:46:07Z</createDate>
    <latestAction>
      <links />
      <actionDate>2017-03-09</actionDate>
      <text>Referred to the Subcommittee on the Constitution and Civil Justice.</text>
    </latestAction>
    <sponsors>
      <item>
        <party>D</party>
        <state>CA</state>
        <bioguideId>T000472</bioguideId>
        <middleName />
        <lastName>Takano</lastName>
        <fullName>Rep. Takano, Mark [D-CA-41]</fullName>
        <firstName>Mark</firstName>
        <district>41</district>
        <byRequestType />
        <identifiers>
          <lisID>2110</lisID>
          <gpoId />
          <bioguideId>T000472</bioguideId>
        </identifiers>
      </item>
    </sponsors>
    <billNumber>143</billNumber>
    <updateDate>2018-08-28T19:54:07Z</updateDate>
    <cboCostEstimates />
    <notes />
    <titles>
      <item>
        <chamberName />
        <parentTitleType />
        <titleType>Official Title as Introduced</titleType>
        <title>Recognizing the significance of the 75th anniversary of the signing of Executive Order 9066 by President Franklin D. Roosevelt and supporting the goals of the Japanese American, German American, and Italian American communities in recognizing a National Day of Remembrance to increase public awareness of the events surrounding the restriction, exclusion, and incarceration of individuals and families during World War II.</title>
        <chamberCode />
      </item>
      <item>
        <chamberName />
        <parentTitleType />
        <titleType>Display Title</titleType>
        <title>Recognizing the significance of the 75th anniversary of the signing of Executive Order 9066 by President Franklin D. Roosevelt and supporting the goals of the Japanese American, German American, and Italian American communities in recognizing a National Day of Remembrance to increase public awareness of the events surrounding the restriction, exclusion, and incarceration of individuals and families during World War II.</title>
        <chamberCode />
      </item>
    </titles>
    <introducedDate>2017-02-16</introducedDate>
    <subjects>
      <billSubjects>
        <policyArea>
          <name>Civil Rights and Liberties, Minority Issues</name>
        </policyArea>
        <legislativeSubjects>
          <item>
            <name>Asia</name>
          </item>
          <item>
            <name>Commemorative events and holidays</name>
          </item>
          <item>
            <name>Conflicts and wars</name>
          </item>
          <item>
            <name>Detention of persons</name>
          </item>
          <item>
            <name>Europe</name>
          </item>
          <item>
            <name>Germany</name>
          </item>
          <item>
            <name>Italy</name>
          </item>
          <item>
            <name>Japan</name>
          </item>
          <item>
            <name>Presidents and presidential powers, Vice Presidents</name>
          </item>
          <item>
            <name>Racial and ethnic relations</name>
          </item>
          <item>
            <name>U.S. history</name>
          </item>
        </legislativeSubjects>
      </billSubjects>
    </subjects>
    <billType>HRES</billType>
    <originChamber>House</originChamber>
    <title>Recognizing the significance of the 75th anniversary of the signing of Executive Order 9066 by President Franklin D. Roosevelt and supporting the goals of the Japanese American, German American, and Italian American communities in recognizing a National Day of Remembrance to increase public awareness of the events surrounding the restriction, exclusion, and incarceration of individuals and families during World War II.</title>
    <cosponsors>
      <item>
        <district>0</district>
        <firstName>Madeleine</firstName>
        <identifiers>
          <lisID>1723</lisID>
          <gpoId>7911</gpoId>
          <bioguideId>B001245</bioguideId>
        </identifiers>
        <isOriginalCosponsor>True</isOriginalCosponsor>
        <bioguideId>B001245</bioguideId>
        <state>GU</state>
        <fullName>Rep. Bordallo, Madeleine Z. [D-GU-At Large]</fullName>
        <party>D</party>
        <lastName>Bordallo</lastName>
        <sponsorshipDate>2017-02-16</sponsorshipDate>
        <middleName>Z.</middleName>
        <sponsorshipWithdrawnDate />
      </item>
      <item>
        <district>27</district>
        <firstName>Judy</firstName>
        <identifiers>
          <lisID>1970</lisID>
          <gpoId>7837</gpoId>
          <bioguideId>C001080</bioguideId>
        </identifiers>
        <isOriginalCosponsor>True</isOriginalCosponsor>
        <bioguideId>C001080</bioguideId>
        <state>CA</state>
        <fullName>Rep. Chu, Judy [D-CA-27]</fullName>
        <party>D</party>
        <lastName>Chu</lastName>
        <sponsorshipDate>2017-02-16</sponsorshipDate>
        <middleName />
        <sponsorshipWithdrawnDate />
      </item>
      <item>
        <district>9</district>
        <firstName>Steve</firstName>
        <identifiers>
          <bioguideId>C001068</bioguideId>
          <lisID>1878</lisID>
          <gpoId>8156</gpoId>
        </identifiers>
        <isOriginalCosponsor>True</isOriginalCosponsor>
        <bioguideId>C001068</bioguideId>
        <state>TN</state>
        <fullName>Rep. Cohen, Steve [D-TN-9]</fullName>
        <party>D</party>
        <lastName>Cohen</lastName>
        <sponsorshipDate>2017-02-16</sponsorshipDate>
        <middleName />
        <sponsorshipWithdrawnDate />
      </item>
      <item>
        <district>12</district>
        <firstName>Debbie</firstName>
        <identifiers>
          <lisID>2251</lisID>
          <gpoId />
          <bioguideId>D000624</bioguideId>
        </identifiers>
        <isOriginalCosponsor>True</isOriginalCosponsor>
        <bioguideId>D000624</bioguideId>
        <state>MI</state>
        <fullName>Rep. Dingell, Debbie [D-MI-12]</fullName>
        <party>D</party>
        <lastName>Dingell</lastName>
        <sponsorshipDate>2017-02-16</sponsorshipDate>
        <middleName />
        <sponsorshipWithdrawnDate />
      </item>
      <item>
        <district>2</district>
        <firstName>Tulsi</firstName>
        <identifiers>
          <lisID>2122</lisID>
          <gpoId />
          <bioguideId>G000571</bioguideId>
        </identifiers>
        <isOriginalCosponsor>True</isOriginalCosponsor>
        <bioguideId>G000571</bioguideId>
        <state>HI</state>
        <fullName>Rep. Gabbard, Tulsi [D-HI-2]</fullName>
        <party>D</party>
        <lastName>Gabbard</lastName>
        <sponsorshipDate>2017-02-16</sponsorshipDate>
        <middleName />
        <sponsorshipWithdrawnDate />
      </item>
      <item>
        <district>3</district>
        <firstName>Raul</firstName>
        <identifiers>
          <bioguideId>G000551</bioguideId>
          <lisID>1708</lisID>
          <gpoId>7804</gpoId>
        </identifiers>
        <isOriginalCosponsor>True</isOriginalCosponsor>
        <bioguideId>G000551</bioguideId>
        <state>AZ</state>
        <fullName>Rep. Grijalva, Raul M. [D-AZ-3]</fullName>
        <party>D</party>
        <lastName>Grijalva</lastName>
        <sponsorshipDate>2017-02-16</sponsorshipDate>
        <middleName>M.</middleName>
        <sponsorshipWithdrawnDate />
      </item>
      <item>
        <district>1</district>
        <firstName>Colleen</firstName>
        <identifiers>
          <lisID>2010</lisID>
          <bioguideId>H001050</bioguideId>
          <gpoId>7912</gpoId>
        </identifiers>
        <isOriginalCosponsor>True</isOriginalCosponsor>
        <bioguideId>H001050</bioguideId>
        <state>HI</state>
        <fullName>Rep. Hanabusa, Colleen [D-HI-1]</fullName>
        <party>D</party>
        <lastName>Hanabusa</lastName>
        <sponsorshipDate>2017-02-16</sponsorshipDate>
        <middleName />
        <sponsorshipWithdrawnDate />
      </item>
      <item>
        <district>6</district>
        <firstName>Derek</firstName>
        <identifiers>
          <lisID>2169</lisID>
          <gpoId />
          <bioguideId>K000381</bioguideId>
        </identifiers>
        <isOriginalCosponsor>True</isOriginalCosponsor>
        <bioguideId>K000381</bioguideId>
        <state>WA</state>
        <fullName>Rep. Kilmer, Derek [D-WA-6]</fullName>
        <party>D</party>
        <lastName>Kilmer</lastName>
        <sponsorshipDate>2017-02-16</sponsorshipDate>
        <middleName />
        <sponsorshipWithdrawnDate />
      </item>
      <item>
        <district>13</district>
        <firstName>BARBARA</firstName>
        <identifiers>
          <lisID>1501</lisID>
          <gpoId>7814</gpoId>
          <bioguideId>L000551</bioguideId>
        </identifiers>
        <isOriginalCosponsor>True</isOriginalCosponsor>
        <bioguideId>L000551</bioguideId>
        <state>CA</state>
        <fullName>Rep. Lee, Barbara [D-CA-13]</fullName>
        <party>D</party>
        <lastName>LEE</lastName>
        <sponsorshipDate>2017-02-16</sponsorshipDate>
        <middleName />
        <sponsorshipWithdrawnDate />
      </item>
      <item>
        <district>33</district>
        <firstName>Ted</firstName>
        <identifiers>
          <lisID>2230</lisID>
          <bioguideId>L000582</bioguideId>
          <gpoId />
        </identifiers>
        <isOriginalCosponsor>True</isOriginalCosponsor>
        <bioguideId>L000582</bioguideId>
        <state>CA</state>
        <fullName>Rep. Lieu, Ted [D-CA-33]</fullName>
        <party>D</party>
        <lastName>Lieu</lastName>
        <sponsorshipDate>2017-02-16</sponsorshipDate>
        <middleName />
        <sponsorshipWithdrawnDate />
      </item>
      <item>
        <district>19</district>
        <firstName>ZOE</firstName>
        <identifiers>
          <lisID>701</lisID>
          <bioguideId>L000397</bioguideId>
          <gpoId>7821</gpoId>
        </identifiers>
        <isOriginalCosponsor>True</isOriginalCosponsor>
        <bioguideId>L000397</bioguideId>
        <state>CA</state>
        <fullName>Rep. Lofgren, Zoe [D-CA-19]</fullName>
        <party>D</party>
        <lastName>LOFGREN</lastName>
        <sponsorshipDate>2017-02-16</sponsorshipDate>
        <middleName />
        <sponsorshipWithdrawnDate />
      </item>
      <item>
        <district>47</district>
        <firstName>Alan</firstName>
        <identifiers>
          <bioguideId>L000579</bioguideId>
          <lisID>2111</lisID>
          <gpoId />
        </identifiers>
        <isOriginalCosponsor>True</isOriginalCosponsor>
        <bioguideId>L000579</bioguideId>
        <state>CA</state>
        <fullName>Rep. Lowenthal, Alan S. [D-CA-47]</fullName>
        <party>D</party>
        <lastName>Lowenthal</lastName>
        <sponsorshipDate>2017-02-16</sponsorshipDate>
        <middleName>S.</middleName>
        <sponsorshipWithdrawnDate />
      </item>
      <item>
        <district>6</district>
        <firstName>Doris</firstName>
        <identifiers>
          <bioguideId>M001163</bioguideId>
          <lisID>1814</lisID>
          <gpoId>7810</gpoId>
        </identifiers>
        <isOriginalCosponsor>True</isOriginalCosponsor>
        <bioguideId>M001163</bioguideId>
        <state>CA</state>
        <fullName>Rep. Matsui, Doris O. [D-CA-6]</fullName>
        <party>D</party>
        <lastName>Matsui</lastName>
        <sponsorshipDate>2017-02-16</sponsorshipDate>
        <middleName>O.</middleName>
        <sponsorshipWithdrawnDate />
      </item>
      <item>
        <district>10</district>
        <firstName>JERROLD</firstName>
        <identifiers>
          <lisID>850</lisID>
          <bioguideId>N000002</bioguideId>
          <gpoId>8069</gpoId>
        </identifiers>
        <isOriginalCosponsor>True</isOriginalCosponsor>
        <bioguideId>N000002</bioguideId>
        <state>NY</state>
        <fullName>Rep. Nadler, Jerrold [D-NY-10]</fullName>
        <party>D</party>
        <lastName>NADLER</lastName>
        <sponsorshipDate>2017-02-16</sponsorshipDate>
        <middleName />
        <sponsorshipWithdrawnDate />
      </item>
      <item>
        <district>32</district>
        <firstName>GRACE</firstName>
        <identifiers>
          <lisID>1602</lisID>
          <bioguideId>N000179</bioguideId>
          <gpoId>7843</gpoId>
        </identifiers>
        <isOriginalCosponsor>True</isOriginalCosponsor>
        <bioguideId>N000179</bioguideId>
        <state>CA</state>
        <fullName>Rep. Napolitano, Grace F. [D-CA-32]</fullName>
        <party>D</party>
        <lastName>NAPOLITANO</lastName>
        <sponsorshipDate>2017-02-16</sponsorshipDate>
        <middleName>F.</middleName>
        <sponsorshipWithdrawnDate />
      </item>
      <item>
        <district>52</district>
        <firstName>Scott</firstName>
        <identifiers>
          <bioguideId>P000608</bioguideId>
          <gpoId />
          <lisID>2113</lisID>
        </identifiers>
        <isOriginalCosponsor>True</isOriginalCosponsor>
        <bioguideId>P000608</bioguideId>
        <state>CA</state>
        <fullName>Rep. Peters, Scott H. [D-CA-52]</fullName>
        <party>D</party>
        <lastName>Peters</lastName>
        <sponsorshipDate>2017-02-16</sponsorshipDate>
        <middleName>H.</middleName>
        <sponsorshipWithdrawnDate />
      </item>
      <item>
        <district>40</district>
        <firstName>LUCILLE</firstName>
        <identifiers>
          <bioguideId>R000486</bioguideId>
          <gpoId>7839</gpoId>
          <lisID>997</lisID>
        </identifiers>
        <isOriginalCosponsor>True</isOriginalCosponsor>
        <bioguideId>R000486</bioguideId>
        <state>CA</state>
        <fullName>Rep. Roybal-Allard, Lucille [D-CA-40]</fullName>
        <party>D</party>
        <lastName>ROYBAL-ALLARD</lastName>
        <sponsorshipDate>2017-02-16</sponsorshipDate>
        <middleName />
        <sponsorshipWithdrawnDate />
      </item>
      <item>
        <district>28</district>
        <firstName>ADAM</firstName>
        <identifiers>
          <gpoId>7834</gpoId>
          <lisID>1635</lisID>
          <bioguideId>S001150</bioguideId>
        </identifiers>
        <isOriginalCosponsor>True</isOriginalCosponsor>
        <bioguideId>S001150</bioguideId>
        <state>CA</state>
        <fullName>Rep. Schiff, Adam B. [D-CA-28]</fullName>
        <party>D</party>
        <lastName>SCHIFF</lastName>
        <sponsorshipDate>2017-02-16</sponsorshipDate>
        <middleName>B.</middleName>
        <sponsorshipWithdrawnDate />
      </item>
      <item>
        <district>9</district>
        <firstName>ADAM</firstName>
        <identifiers>
          <lisID>1528</lisID>
          <bioguideId>S000510</bioguideId>
          <gpoId>8213</gpoId>
        </identifiers>
        <isOriginalCosponsor>True</isOriginalCosponsor>
        <bioguideId>S000510</bioguideId>
        <state>WA</state>
        <fullName>Rep. Smith, Adam [D-WA-9]</fullName>
        <party>D</party>
        <lastName>SMITH</lastName>
        <sponsorshipDate>2017-02-16</sponsorshipDate>
        <middleName />
        <sponsorshipWithdrawnDate />
      </item>
      <item>
        <district>9</district>
        <firstName>Darren</firstName>
        <identifiers>
          <gpoId />
          <lisID>2319</lisID>
          <bioguideId>S001200</bioguideId>
        </identifiers>
        <isOriginalCosponsor>True</isOriginalCosponsor>
        <bioguideId>S001200</bioguideId>
        <state>FL</state>
        <fullName>Rep. Soto, Darren [D-FL-9]</fullName>
        <party>D</party>
        <lastName>Soto</lastName>
        <sponsorshipDate>2017-02-16</sponsorshipDate>
        <middleName />
        <sponsorshipWithdrawnDate />
      </item>
      <item>
        <district>14</district>
        <firstName>Jackie</firstName>
        <identifiers>
          <lisID>1890</lisID>
          <gpoId>7817</gpoId>
          <bioguideId>S001175</bioguideId>
        </identifiers>
        <isOriginalCosponsor>True</isOriginalCosponsor>
        <bioguideId>S001175</bioguideId>
        <state>CA</state>
        <fullName>Rep. Speier, Jackie [D-CA-14]</fullName>
        <party>D</party>
        <lastName>Speier</lastName>
        <sponsorshipDate>2017-02-16</sponsorshipDate>
        <middleName />
        <sponsorshipWithdrawnDate />
      </item>
      <item>
        <district>15</district>
        <firstName>Eric</firstName>
        <identifiers>
          <lisID>2104</lisID>
          <bioguideId>S001193</bioguideId>
          <gpoId />
        </identifiers>
        <isOriginalCosponsor>True</isOriginalCosponsor>
        <bioguideId>S001193</bioguideId>
        <state>CA</state>
        <fullName>Rep. Swalwell, Eric [D-CA-15]</fullName>
        <party>D</party>
        <lastName>Swalwell</lastName>
        <sponsorshipDate>2017-02-16</sponsorshipDate>
        <middleName />
        <sponsorshipWithdrawnDate />
      </item>
      <item>
        <district>51</district>
        <firstName>Juan</firstName>
        <identifiers>
          <lisID>2112</lisID>
          <gpoId />
          <bioguideId>V000130</bioguideId>
        </identifiers>
        <isOriginalCosponsor>True</isOriginalCosponsor>
        <bioguideId>V000130</bioguideId>
        <state>CA</state>
        <fullName>Rep. Vargas, Juan [D-CA-51]</fullName>
        <party>D</party>
        <lastName>Vargas</lastName>
        <sponsorshipDate>2017-02-16</sponsorshipDate>
        <middleName />
        <sponsorshipWithdrawnDate />
      </item>
      <item>
        <district>0</district>
        <firstName>Gregorio</firstName>
        <identifiers>
          <gpoId>8018</gpoId>
          <lisID>1962</lisID>
          <bioguideId>S001177</bioguideId>
        </identifiers>
        <isOriginalCosponsor>False</isOriginalCosponsor>
        <bioguideId>S001177</bioguideId>
        <state>MP</state>
        <fullName>Rep. Sablan, Gregorio Kilili Camacho [D-MP-At Large]</fullName>
        <party>D</party>
        <lastName>Sablan</lastName>
        <sponsorshipDate>2017-02-28</sponsorshipDate>
        <middleName>Kilili Camacho</middleName>
        <sponsorshipWithdrawnDate />
      </item>
      <item>
        <district>43</district>
        <firstName>MAXINE</firstName>
        <identifiers>
          <lisID>1205</lisID>
          <gpoId>7840</gpoId>
          <bioguideId>W000187</bioguideId>
        </identifiers>
        <isOriginalCosponsor>False</isOriginalCosponsor>
        <bioguideId>W000187</bioguideId>
        <state>CA</state>
        <fullName>Rep. Waters, Maxine [D-CA-43]</fullName>
        <party>D</party>
        <lastName>WATERS</lastName>
        <sponsorshipDate>2017-03-07</sponsorshipDate>
        <middleName />
        <sponsorshipWithdrawnDate />
      </item>
    </cosponsors>
    <recordedVotes />
    <policyArea>
      <name>Civil Rights and Liberties, Minority Issues</name>
    </policyArea>
    <committees>
      <billCommittees>
        <item>
          <activities>
            <item>
              <name>Referred to</name>
              <date>2017-02-16T15:02:35Z</date>
            </item>
          </activities>
          <name>Judiciary Committee</name>
          <type>Standing</type>
          <chamber>House</chamber>
          <subcommittees>
            <item>
              <activities>
                <item>
                  <name>Referred to</name>
                  <date>2017-03-09T20:30:27Z</date>
                </item>
              </activities>
              <name>Constitution and Civil Justice Subcommittee</name>
              <systemCode>hsju10</systemCode>
            </item>
          </subcommittees>
          <systemCode>hsju00</systemCode>
        </item>
      </billCommittees>
    </committees>
    <actions>
      <item>
        <actionDate>2017-03-09</actionDate>
        <committee>
          <systemCode>hsju10</systemCode>
          <name>Constitution and Civil Justice Subcommittee</name>
        </committee>
        <links />
        <sourceSystem>
          <code>1</code>
          <name>House committee actions</name>
        </sourceSystem>
        <text>Referred to the Subcommittee on the Constitution and Civil Justice.</text>
        <type>Committee</type>
      </item>
      <item>
        <text>Referred to the House Committee on the Judiciary.</text>
        <type>IntroReferral</type>
        <links />
        <actionDate>2017-02-16</actionDate>
        <sourceSystem>
          <code>2</code>
          <name>House floor actions</name>
        </sourceSystem>
        <committee>
          <systemCode>hsju00</systemCode>
          <name>Judiciary Committee</name>
        </committee>
        <actionCode>H11100</actionCode>
      </item>
      <item>
        <text>Introduced in House</text>
        <type>IntroReferral</type>
        <links />
        <actionDate>2017-02-16</actionDate>
        <sourceSystem>
          <code>9</code>
          <name>Library of Congress</name>
        </sourceSystem>
        <committee />
        <actionCode>Intro-H</actionCode>
      </item>
      <item>
        <text>Introduced in House</text>
        <type>IntroReferral</type>
        <links />
        <actionDate>2017-02-16</actionDate>
        <sourceSystem>
          <code>9</code>
          <name>Library of Congress</name>
        </sourceSystem>
        <committee />
        <actionCode>1000</actionCode>
      </item>
      <actionByCounts>
        <houseOfRepresentatives>4</houseOfRepresentatives>
      </actionByCounts>
      <actionTypeCounts>
        <billReferrals>1</billReferrals>
        <introducedInTheHouse>1</introducedInTheHouse>
        <placeholderTextForH>1</placeholderTextForH>
        <introducedInHouse>1</introducedInHouse>
      </actionTypeCounts>
    </actions>
    <version>1.0.0</version>
    <congress>115</congress>
  </bill>
  <dublinCore xmlns:dc="http://purl.org/dc/elements/1.1/">
    <dc:format>text/xml</dc:format>
    <dc:language>EN</dc:language>
    <dc:rights>Pursuant to Title 17 Section 105 of the United States Code, this file is not subject to copyright protection and is in the public domain.</dc:rights>
    <dc:contributor>Congressional Research Service, Library of Congress</dc:contributor>
    <dc:description>This file contains bill summaries and statuses for federal legislation. A bill summary describes the most significant provisions of a piece of legislation and details the effects the legislative text may have on current law and federal programs. Bill summaries are authored by the Congressional Research Service (CRS) of the Library of Congress. As stated in Public Law 91-510 (2 USC 166 (d)(6)), one of the duties of CRS is "to prepare summaries and digests of bills and resolutions of a public general nature introduced in the Senate or House of Representatives". For more information, refer to the User Guide that accompanies this file.</dc:description>
  </dublinCore>
</billStatus>

