<?xml version="1.0" encoding="UTF-8"?>
<billStatus>
  <bill>
    <policyArea>
      <name>Congress</name>
    </policyArea>
    <billNumber>415</billNumber>
    <laws />
    <constitutionalAuthorityStatementText />
    <originChamber>House</originChamber>
    <billType>HRES</billType>
    <summaries>
      <billSummaries>
        <item>
          <updateDate>2017-06-27T04:00:00Z</updateDate>
          <lastSummaryUpdateDate>2017-06-28T08:05:22Z</lastSummaryUpdateDate>
          <text><![CDATA[Sets forth the rule for consideration of the bill (H.R. 3004) to amend section 276 of the Immigration and Nationality Act relating to reentry of removed aliens, and providing for proceedings during the period from July 3, 2017, through July 10, 2017.]]></text>
          <actionDate>2017-06-27</actionDate>
          <actionDesc>Introduced in House</actionDesc>
          <name>Introduced in House</name>
          <versionCode>00</versionCode>
        </item>
      </billSummaries>
    </summaries>
    <relatedBills>
      <item>
        <type>HR</type>
        <number>3004</number>
        <latestTitle>Kate's Law</latestTitle>
        <congress>115</congress>
        <latestAction>
          <actionDate>2017-07-10</actionDate>
          <text>Received in the Senate.</text>
        </latestAction>
        <relationshipDetails>
          <item>
            <type>Procedurally-related</type>
            <identifiedBy>House</identifiedBy>
          </item>
        </relationshipDetails>
      </item>
    </relatedBills>
    <createDate>2017-06-28T03:11:33Z</createDate>
    <sponsors>
      <item>
        <lastName>SESSIONS</lastName>
        <party>R</party>
        <middleName />
        <fullName>Rep. Sessions, Pete [R-TX-32]</fullName>
        <identifiers>
          <lisID>1525</lisID>
          <bioguideId>S000250</bioguideId>
          <gpoId>8188</gpoId>
        </identifiers>
        <state>TX</state>
        <firstName>PETE</firstName>
        <byRequestType />
        <district>32</district>
        <bioguideId>S000250</bioguideId>
      </item>
    </sponsors>
    <notes />
    <updateDate>2018-08-28T19:55:02Z</updateDate>
    <committeeReports>
      <committeeReport>
        <citation>H. Rept. 115-196</citation>
      </committeeReport>
    </committeeReports>
    <actions>
      <item>
        <actionTime>14:05:39</actionTime>
        <text>Motion to reconsider laid on the table Agreed to without objection.</text>
        <committee />
        <links />
        <actionDate>2017-06-29</actionDate>
        <sourceSystem>
          <code>2</code>
          <name>House floor actions</name>
        </sourceSystem>
        <type>Floor</type>
        <actionCode>H38310</actionCode>
      </item>
      <item>
        <actionTime>14:05:37</actionTime>
        <text>On agreeing to the resolution Agreed to by recorded vote: 236 - 191 (Roll no. 340). (text: CR H5308)</text>
        <committee />
        <links>
          <link>
            <url>https://www.congress.gov/congressional-record/volume-163/house-section/page/H5308</url>
            <name>H5308</name>
          </link>
          <link>
            <url>http://clerk.house.gov/evs/2017/roll340.xml</url>
            <name>Roll no. 340</name>
          </link>
        </links>
        <actionDate>2017-06-29</actionDate>
        <sourceSystem>
          <code>2</code>
          <name>House floor actions</name>
        </sourceSystem>
        <type>Floor</type>
        <actionCode>H37100</actionCode>
      </item>
      <item>
        <actionTime>14:05:37</actionTime>
        <text>Passed/agreed to in House: On agreeing to the resolution Agreed to by recorded vote: 236 - 191 (Roll no. 340).(text: CR H5308)</text>
        <committee />
        <links>
          <link>
            <url>https://www.congress.gov/congressional-record/volume-163/house-section/page/H5308</url>
            <name>H5308</name>
          </link>
          <link>
            <url>http://clerk.house.gov/evs/2017/roll340.xml</url>
            <name>Roll no. 340</name>
          </link>
        </links>
        <actionDate>2017-06-29</actionDate>
        <sourceSystem>
          <code>9</code>
          <name>Library of Congress</name>
        </sourceSystem>
        <type>Floor</type>
        <actionCode>8000</actionCode>
      </item>
      <item>
        <actionTime>13:58:27</actionTime>
        <text>On ordering the previous question Agreed to by the Yeas and Nays: 235 - 190 (Roll no. 339). (consideration: CR H5316)</text>
        <committee />
        <links>
          <link>
            <url>https://www.congress.gov/congressional-record/volume-163/house-section/page/H5316</url>
            <name>H5316</name>
          </link>
          <link>
            <url>http://clerk.house.gov/evs/2017/roll339.xml</url>
            <name>Roll no. 339</name>
          </link>
        </links>
        <actionDate>2017-06-29</actionDate>
        <sourceSystem>
          <code>2</code>
          <name>House floor actions</name>
        </sourceSystem>
        <type>Floor</type>
        <actionCode>H35000</actionCode>
      </item>
      <item>
        <actionTime>12:27:33</actionTime>
        <text>DEBATE - The House proceeded with one hour of debate on H. Res. 415.</text>
        <committee />
        <links>
          <link>
            <url>https://www.congress.gov/bill/115th-congress/house-resolution/415</url>
            <name>H. Res. 415</name>
          </link>
        </links>
        <actionDate>2017-06-29</actionDate>
        <sourceSystem>
          <code>2</code>
          <name>House floor actions</name>
        </sourceSystem>
        <type>Floor</type>
        <actionCode>H8D000</actionCode>
      </item>
      <item>
        <actionTime>12:25:17</actionTime>
        <text>Considered as privileged matter. (consideration: CR H5308-5316)</text>
        <committee />
        <links>
          <link>
            <url>https://www.congress.gov/congressional-record/volume-163/house-section/page/H5308-5316</url>
            <name>H5308-5316</name>
          </link>
        </links>
        <actionDate>2017-06-29</actionDate>
        <sourceSystem>
          <code>2</code>
          <name>House floor actions</name>
        </sourceSystem>
        <type>Floor</type>
        <actionCode>H30000</actionCode>
      </item>
      <item>
        <text>Placed on the House Calendar, Calendar No. 61.</text>
        <type>Calendars</type>
        <links />
        <actionDate>2017-06-27</actionDate>
        <sourceSystem>
          <code>2</code>
          <name>House floor actions</name>
        </sourceSystem>
        <committee />
        <actionCode>H12420</actionCode>
      </item>
      <item>
        <actionTime>17:23:48</actionTime>
        <text>Providing for adjournment for the period of July 3, 2017 through July 10, 2017.</text>
        <committee />
        <links />
        <actionDate>2017-06-27</actionDate>
        <sourceSystem>
          <code>2</code>
          <name>House floor actions</name>
        </sourceSystem>
        <type>Floor</type>
        <actionCode>H12700</actionCode>
      </item>
      <item>
        <text>The House Committee on Rules reported an original measure, H. Rept. 115-196, by Mr. Sessions.</text>
        <type>Committee</type>
        <links>
          <link>
            <url>https://www.congress.gov/congressional-report/115th-congress/house-report/196</url>
            <name>H. Rept. 115-196</name>
          </link>
        </links>
        <actionDate>2017-06-27</actionDate>
        <sourceSystem>
          <code>2</code>
          <name>House floor actions</name>
        </sourceSystem>
        <committee>
          <systemCode>hsru00</systemCode>
          <name>Rules Committee</name>
        </committee>
        <actionCode>H12100</actionCode>
      </item>
      <item>
        <text>The House Committee on Rules reported an original measure, H. Rept. 115-196, by Mr. Sessions.</text>
        <type>Committee</type>
        <links>
          <link>
            <url>https://www.congress.gov/congressional-report/115th-congress/house-report/196</url>
            <name>H. Rept. 115-196</name>
          </link>
        </links>
        <actionDate>2017-06-27</actionDate>
        <sourceSystem>
          <code>9</code>
          <name>Library of Congress</name>
        </sourceSystem>
        <committee>
          <systemCode>hsru00</systemCode>
          <name>Rules Committee</name>
        </committee>
        <actionCode>5000</actionCode>
      </item>
      <item>
        <text>Introduced in House</text>
        <type>IntroReferral</type>
        <links />
        <actionDate>2017-06-27</actionDate>
        <sourceSystem>
          <code>9</code>
          <name>Library of Congress</name>
        </sourceSystem>
        <committee />
        <actionCode>1000</actionCode>
      </item>
      <actionByCounts>
        <houseOfRepresentatives>11</houseOfRepresentatives>
      </actionByCounts>
      <actionTypeCounts>
        <introducedInHouse>1</introducedInHouse>
        <generalDebate>1</generalDebate>
        <considerationByHouse>1</considerationByHouse>
        <motionToReconsiderResults>1</motionToReconsiderResults>
        <provisionsOfARule>1</provisionsOfARule>
        <passedAgreedToInHouse>1</passedAgreedToInHouse>
        <passageOfAMeasure>1</passageOfAMeasure>
        <motionForPreviousQuestion>1</motionForPreviousQuestion>
        <committeeReportOfAnOriginalMeasure>1</committeeReportOfAnOriginalMeasure>
        <houseCalendarAssignment>1</houseCalendarAssignment>
        <reportedToHouse>1</reportedToHouse>
      </actionTypeCounts>
    </actions>
    <title>Providing for consideration of the bill (H.R. 3004) to amend section 276 of the Immigration and Nationality Act relating to reentry of removed aliens, and providing for proceedings during the period from July 3, 2017, through July 10, 2017.</title>
    <cosponsors />
    <introducedDate>2017-06-27</introducedDate>
    <recordedVotes>
      <recordedVote>
        <date>2017-06-29T18:05:37Z</date>
        <rollNumber>340</rollNumber>
        <sessionNumber>1</sessionNumber>
        <fullActionName>Passage of a Measure</fullActionName>
        <url>http://clerk.house.gov/evs/2017/roll340.xml</url>
        <congress>115</congress>
        <chamber>House</chamber>
      </recordedVote>
      <recordedVote>
        <date>2017-06-29T17:58:27Z</date>
        <rollNumber>339</rollNumber>
        <sessionNumber>1</sessionNumber>
        <fullActionName>Motion for Previous Question</fullActionName>
        <url>http://clerk.house.gov/evs/2017/roll339.xml</url>
        <congress>115</congress>
        <chamber>House</chamber>
      </recordedVote>
    </recordedVotes>
    <congress>115</congress>
    <amendments />
    <version>1.0.0</version>
    <calendarNumbers>
      <item>
        <calendar>H00061</calendar>
        <number />
      </item>
    </calendarNumbers>
    <latestAction>
      <actionDate>2017-06-29</actionDate>
      <links />
      <actionTime>14:05:39</actionTime>
      <text>Motion to reconsider laid on the table Agreed to without objection.</text>
    </latestAction>
    <titles>
      <item>
        <title>Providing for consideration of the bill (H.R. 3004) to amend section 276 of the Immigration and Nationality Act relating to reentry of removed aliens, and providing for proceedings during the period from July 3, 2017, through July 10, 2017.</title>
        <titleType>Official Title as Introduced</titleType>
        <parentTitleType />
        <chamberCode />
        <chamberName />
      </item>
      <item>
        <title>Providing for consideration of the bill (H.R. 3004) to amend section 276 of the Immigration and Nationality Act relating to reentry of removed aliens, and providing for proceedings during the period from July 3, 2017, through July 10, 2017.</title>
        <titleType>Display Title</titleType>
        <parentTitleType />
        <chamberCode />
        <chamberName />
      </item>
    </titles>
    <cboCostEstimates />
    <committees>
      <billCommittees>
        <item>
          <systemCode>hsru00</systemCode>
          <subcommittees />
          <activities>
            <item>
              <name>Reported original measure</name>
              <date>2017-06-27T21:23:47Z</date>
            </item>
          </activities>
          <name>Rules Committee</name>
          <chamber>House</chamber>
          <type>Standing</type>
        </item>
      </billCommittees>
    </committees>
    <subjects>
      <billSubjects>
        <policyArea>
          <name>Congress</name>
        </policyArea>
        <legislativeSubjects>
          <item>
            <name>House of Representatives</name>
          </item>
          <item>
            <name>Legislative rules and procedure</name>
          </item>
        </legislativeSubjects>
      </billSubjects>
    </subjects>
  </bill>
  <dublinCore xmlns:dc="http://purl.org/dc/elements/1.1/">
    <dc:format>text/xml</dc:format>
    <dc:language>EN</dc:language>
    <dc:rights>Pursuant to Title 17 Section 105 of the United States Code, this file is not subject to copyright protection and is in the public domain.</dc:rights>
    <dc:contributor>Congressional Research Service, Library of Congress</dc:contributor>
    <dc:description>This file contains bill summaries and statuses for federal legislation. A bill summary describes the most significant provisions of a piece of legislation and details the effects the legislative text may have on current law and federal programs. Bill summaries are authored by the Congressional Research Service (CRS) of the Library of Congress. As stated in Public Law 91-510 (2 USC 166 (d)(6)), one of the duties of CRS is "to prepare summaries and digests of bills and resolutions of a public general nature introduced in the Senate or House of Representatives". For more information, refer to the User Guide that accompanies this file.</dc:description>
  </dublinCore>
</billStatus>

