<?xml version="1.0" encoding="UTF-8"?>
<billStatus>
  <bill>
    <notes />
    <title>Providing for consideration of the bill (H.R. 953) to amend the Federal Insecticide, Fungicide, and Rodenticide Act and the Federal Water Pollution Control Act to clarify Congressional intent regarding the regulation of the use of pesticides in or near navigable waters, and for other purposes.</title>
    <committees>
      <billCommittees>
        <item>
          <type>Standing</type>
          <name>Rules Committee</name>
          <systemCode>hsru00</systemCode>
          <chamber>House</chamber>
          <activities>
            <item>
              <name>Reported original measure</name>
              <date>2017-05-22T22:47:56Z</date>
            </item>
          </activities>
          <subcommittees />
        </item>
      </billCommittees>
    </committees>
    <committeeReports>
      <committeeReport>
        <citation>H. Rept. 115-145</citation>
      </committeeReport>
    </committeeReports>
    <cboCostEstimates />
    <congress>115</congress>
    <laws />
    <updateDate>2018-08-28T19:54:47Z</updateDate>
    <relatedBills>
      <item>
        <latestAction>
          <text>Received in the Senate and Read twice and referred to the Committee on Environment and Public Works.</text>
          <actionDate>2017-05-25</actionDate>
        </latestAction>
        <type>HR</type>
        <number>953</number>
        <latestTitle>Reducing Regulatory Burdens Act of 2017</latestTitle>
        <relationshipDetails>
          <item>
            <type>Procedurally-related</type>
            <identifiedBy>House</identifiedBy>
          </item>
        </relationshipDetails>
        <congress>115</congress>
      </item>
    </relatedBills>
    <version>1.0.0</version>
    <actions>
      <item>
        <actionTime>13:43:11</actionTime>
        <links />
        <text>Motion to reconsider laid on the table Agreed to without objection.</text>
        <committee />
        <actionDate>2017-05-23</actionDate>
        <sourceSystem>
          <code>2</code>
          <name>House floor actions</name>
        </sourceSystem>
        <type>Floor</type>
        <actionCode>H38310</actionCode>
      </item>
      <item>
        <actionTime>13:43:09</actionTime>
        <links>
          <link>
            <url>https://www.congress.gov/congressional-record/volume-163/house-section/page/H4433</url>
            <name>H4433</name>
          </link>
          <link>
            <url>http://clerk.house.gov/evs/2017/roll272.xml</url>
            <name>Roll no. 272</name>
          </link>
        </links>
        <text>On agreeing to the resolution Agreed to by recorded vote: 232 - 189 (Roll no. 272). (text: CR H4433)</text>
        <committee />
        <actionDate>2017-05-23</actionDate>
        <sourceSystem>
          <code>2</code>
          <name>House floor actions</name>
        </sourceSystem>
        <type>Floor</type>
        <actionCode>H37100</actionCode>
      </item>
      <item>
        <actionTime>13:43:09</actionTime>
        <links>
          <link>
            <url>https://www.congress.gov/congressional-record/volume-163/house-section/page/H4433</url>
            <name>H4433</name>
          </link>
          <link>
            <url>http://clerk.house.gov/evs/2017/roll272.xml</url>
            <name>Roll no. 272</name>
          </link>
        </links>
        <text>Passed/agreed to in House: On agreeing to the resolution Agreed to by recorded vote: 232 - 189 (Roll no. 272).(text: CR H4433)</text>
        <committee />
        <actionDate>2017-05-23</actionDate>
        <sourceSystem>
          <code>9</code>
          <name>Library of Congress</name>
        </sourceSystem>
        <type>Floor</type>
        <actionCode>8000</actionCode>
      </item>
      <item>
        <actionTime>13:34:20</actionTime>
        <links>
          <link>
            <url>https://www.congress.gov/congressional-record/volume-163/house-section/page/H4439-4440</url>
            <name>H4439-4440</name>
          </link>
          <link>
            <url>http://clerk.house.gov/evs/2017/roll271.xml</url>
            <name>Roll no. 271</name>
          </link>
        </links>
        <text>On ordering the previous question Agreed to by the Yeas and Nays: 229 - 191 (Roll no. 271). (consideration: CR H4439-4440)</text>
        <committee />
        <actionDate>2017-05-23</actionDate>
        <sourceSystem>
          <code>2</code>
          <name>House floor actions</name>
        </sourceSystem>
        <type>Floor</type>
        <actionCode>H35000</actionCode>
      </item>
      <item>
        <actionTime>12:32:30</actionTime>
        <links>
          <link>
            <url>https://www.congress.gov/bill/115th-congress/house-resolution/348</url>
            <name>H. Res. 348</name>
          </link>
        </links>
        <text>DEBATE - The House proceeded with one hour of debate on H. Res. 348.</text>
        <committee />
        <actionDate>2017-05-23</actionDate>
        <sourceSystem>
          <code>2</code>
          <name>House floor actions</name>
        </sourceSystem>
        <type>Floor</type>
        <actionCode>H8D000</actionCode>
      </item>
      <item>
        <actionTime>12:30:00</actionTime>
        <links>
          <link>
            <url>https://www.congress.gov/congressional-record/volume-163/house-section/page/H4433-4440</url>
            <name>H4433-4440</name>
          </link>
        </links>
        <text>Considered as privileged matter. (consideration: CR H4433-4440)</text>
        <committee />
        <actionDate>2017-05-23</actionDate>
        <sourceSystem>
          <code>2</code>
          <name>House floor actions</name>
        </sourceSystem>
        <type>Floor</type>
        <actionCode>H30000</actionCode>
      </item>
      <item>
        <actionDate>2017-05-22</actionDate>
        <links />
        <sourceSystem>
          <code>2</code>
          <name>House floor actions</name>
        </sourceSystem>
        <committee />
        <text>Placed on the House Calendar, Calendar No. 51.</text>
        <type>Calendars</type>
        <actionCode>H12420</actionCode>
      </item>
      <item>
        <actionTime>18:47:57</actionTime>
        <links />
        <text>It shall be in order to consider as an original bill for the purpose of amendment under the five-minute rule an amendment in the nature of a substitute consisting of the text of Rules Committee Print 115-21.</text>
        <committee />
        <actionDate>2017-05-22</actionDate>
        <sourceSystem>
          <code>2</code>
          <name>House floor actions</name>
        </sourceSystem>
        <type>Floor</type>
        <actionCode>H12700</actionCode>
      </item>
      <item>
        <actionDate>2017-05-22</actionDate>
        <links>
          <link>
            <url>https://www.congress.gov/congressional-report/115th-congress/house-report/145</url>
            <name>H. Rept. 115-145</name>
          </link>
        </links>
        <sourceSystem>
          <code>2</code>
          <name>House floor actions</name>
        </sourceSystem>
        <committee>
          <systemCode>hsru00</systemCode>
          <name>Rules Committee</name>
        </committee>
        <text>The House Committee on Rules reported an original measure, H. Rept. 115-145, by Mr. Woodall.</text>
        <type>Committee</type>
        <actionCode>H12100</actionCode>
      </item>
      <item>
        <actionDate>2017-05-22</actionDate>
        <links>
          <link>
            <url>https://www.congress.gov/congressional-report/115th-congress/house-report/145</url>
            <name>H. Rept. 115-145</name>
          </link>
        </links>
        <sourceSystem>
          <code>9</code>
          <name>Library of Congress</name>
        </sourceSystem>
        <committee>
          <systemCode>hsru00</systemCode>
          <name>Rules Committee</name>
        </committee>
        <text>The House Committee on Rules reported an original measure, H. Rept. 115-145, by Mr. Woodall.</text>
        <type>Committee</type>
        <actionCode>5000</actionCode>
      </item>
      <item>
        <actionDate>2017-05-22</actionDate>
        <links />
        <sourceSystem>
          <code>9</code>
          <name>Library of Congress</name>
        </sourceSystem>
        <committee />
        <text>Introduced in House</text>
        <type>IntroReferral</type>
        <actionCode>1000</actionCode>
      </item>
      <actionByCounts>
        <houseOfRepresentatives>11</houseOfRepresentatives>
      </actionByCounts>
      <actionTypeCounts>
        <motionToReconsiderResults>1</motionToReconsiderResults>
        <passageOfAMeasure>1</passageOfAMeasure>
        <houseCalendarAssignment>1</houseCalendarAssignment>
        <motionForPreviousQuestion>1</motionForPreviousQuestion>
        <reportedToHouse>1</reportedToHouse>
        <considerationByHouse>1</considerationByHouse>
        <introducedInHouse>1</introducedInHouse>
        <generalDebate>1</generalDebate>
        <committeeReportOfAnOriginalMeasure>1</committeeReportOfAnOriginalMeasure>
        <provisionsOfARule>1</provisionsOfARule>
        <passedAgreedToInHouse>1</passedAgreedToInHouse>
      </actionTypeCounts>
    </actions>
    <sponsors>
      <item>
        <fullName>Rep. Woodall, Rob [R-GA-7]</fullName>
        <identifiers>
          <lisID>2008</lisID>
          <gpoId>7904</gpoId>
          <bioguideId>W000810</bioguideId>
        </identifiers>
        <bioguideId>W000810</bioguideId>
        <lastName>Woodall</lastName>
        <firstName>Rob</firstName>
        <party>R</party>
        <byRequestType />
        <middleName />
        <state>GA</state>
        <district>7</district>
      </item>
    </sponsors>
    <billType>HRES</billType>
    <constitutionalAuthorityStatementText />
    <policyArea>
      <name>Congress</name>
    </policyArea>
    <recordedVotes>
      <recordedVote>
        <url>http://clerk.house.gov/evs/2017/roll272.xml</url>
        <fullActionName>Passage of a Measure</fullActionName>
        <rollNumber>272</rollNumber>
        <sessionNumber>1</sessionNumber>
        <congress>115</congress>
        <date>2017-05-23T17:43:09Z</date>
        <chamber>House</chamber>
      </recordedVote>
      <recordedVote>
        <url>http://clerk.house.gov/evs/2017/roll271.xml</url>
        <fullActionName>Motion for Previous Question</fullActionName>
        <rollNumber>271</rollNumber>
        <sessionNumber>1</sessionNumber>
        <congress>115</congress>
        <date>2017-05-23T17:34:20Z</date>
        <chamber>House</chamber>
      </recordedVote>
    </recordedVotes>
    <billNumber>348</billNumber>
    <titles>
      <item>
        <chamberName />
        <parentTitleType />
        <titleType>Official Title as Introduced</titleType>
        <title>Providing for consideration of the bill (H.R. 953) to amend the Federal Insecticide, Fungicide, and Rodenticide Act and the Federal Water Pollution Control Act to clarify Congressional intent regarding the regulation of the use of pesticides in or near navigable waters, and for other purposes.</title>
        <chamberCode />
      </item>
      <item>
        <chamberName />
        <parentTitleType />
        <titleType>Display Title</titleType>
        <title>Providing for consideration of the bill (H.R. 953) to amend the Federal Insecticide, Fungicide, and Rodenticide Act and the Federal Water Pollution Control Act to clarify Congressional intent regarding the regulation of the use of pesticides in or near navigable waters, and for other purposes.</title>
        <chamberCode />
      </item>
    </titles>
    <originChamber>House</originChamber>
    <subjects>
      <billSubjects>
        <legislativeSubjects>
          <item>
            <name>House of Representatives</name>
          </item>
          <item>
            <name>Legislative rules and procedure</name>
          </item>
        </legislativeSubjects>
        <policyArea>
          <name>Congress</name>
        </policyArea>
      </billSubjects>
    </subjects>
    <cosponsors />
    <introducedDate>2017-05-22</introducedDate>
    <calendarNumbers>
      <item>
        <number />
        <calendar>H00051</calendar>
      </item>
    </calendarNumbers>
    <latestAction>
      <links />
      <actionDate>2017-05-23</actionDate>
      <text>Motion to reconsider laid on the table Agreed to without objection.</text>
      <actionTime>13:43:11</actionTime>
    </latestAction>
    <amendments />
    <summaries>
      <billSummaries>
        <item>
          <actionDesc>Introduced in House</actionDesc>
          <actionDate>2017-05-22</actionDate>
          <lastSummaryUpdateDate>2017-05-23T08:04:46Z</lastSummaryUpdateDate>
          <name>Introduced in House</name>
          <text><![CDATA[Sets forth the rule for consideration of the bill (H.R. 953) to amend the Federal Insecticide, Fungicide, and Rodenticide Act and the Federal Water Pollution Control Act to clarify Congressional intent regarding the regulation of the use of pesticides in or near navigable waters.]]></text>
          <versionCode>00</versionCode>
          <updateDate>2017-05-22T04:00:00Z</updateDate>
        </item>
      </billSummaries>
    </summaries>
    <createDate>2017-05-23T03:11:38Z</createDate>
  </bill>
  <dublinCore xmlns:dc="http://purl.org/dc/elements/1.1/">
    <dc:format>text/xml</dc:format>
    <dc:language>EN</dc:language>
    <dc:rights>Pursuant to Title 17 Section 105 of the United States Code, this file is not subject to copyright protection and is in the public domain.</dc:rights>
    <dc:contributor>Congressional Research Service, Library of Congress</dc:contributor>
    <dc:description>This file contains bill summaries and statuses for federal legislation. A bill summary describes the most significant provisions of a piece of legislation and details the effects the legislative text may have on current law and federal programs. Bill summaries are authored by the Congressional Research Service (CRS) of the Library of Congress. As stated in Public Law 91-510 (2 USC 166 (d)(6)), one of the duties of CRS is "to prepare summaries and digests of bills and resolutions of a public general nature introduced in the Senate or House of Representatives". For more information, refer to the User Guide that accompanies this file.</dc:description>
  </dublinCore>
</billStatus>

