<?xml version="1.0" encoding="UTF-8"?>
<billStatus>
  <bill>
    <sponsors>
      <item>
        <middleName>L.</middleName>
        <firstName>ALCEE</firstName>
        <bioguideId>H000324</bioguideId>
        <fullName>Rep. Hastings, Alcee L. [D-FL-20]</fullName>
        <lastName>HASTINGS</lastName>
        <byRequestType />
        <identifiers>
          <gpoId>7895</gpoId>
          <lisID>511</lisID>
          <bioguideId>H000324</bioguideId>
        </identifiers>
        <district>20</district>
        <state>FL</state>
        <party>D</party>
      </item>
    </sponsors>
    <committees>
      <billCommittees>
        <item>
          <subcommittees />
          <activities>
            <item>
              <name>Referred to</name>
              <date>2017-01-03T17:16:50Z</date>
            </item>
          </activities>
          <chamber>House</chamber>
          <type>Standing</type>
          <systemCode>hsed00</systemCode>
          <name>Education and the Workforce Committee</name>
        </item>
      </billCommittees>
    </committees>
    <notes />
    <billNumber>19</billNumber>
    <subjects>
      <billSubjects>
        <policyArea>
          <name>Arts, Culture, Religion</name>
        </policyArea>
        <legislativeSubjects>
          <item>
            <name>Commemorative events and holidays</name>
          </item>
          <item>
            <name>Congressional tributes</name>
          </item>
          <item>
            <name>Higher education</name>
          </item>
          <item>
            <name>Minority education</name>
          </item>
          <item>
            <name>Music</name>
          </item>
          <item>
            <name>Performing arts</name>
          </item>
          <item>
            <name>Tennessee</name>
          </item>
        </legislativeSubjects>
      </billSubjects>
    </subjects>
    <congress>115</congress>
    <policyArea>
      <name>Arts, Culture, Religion</name>
    </policyArea>
    <summaries>
      <billSummaries />
    </summaries>
    <introducedDate>2017-01-03</introducedDate>
    <calendarNumbers />
    <committeeReports />
    <constitutionalAuthorityStatementText />
    <billType>HRES</billType>
    <cosponsors>
      <item>
        <state>DC</state>
        <isOriginalCosponsor>True</isOriginalCosponsor>
        <party>D</party>
        <sponsorshipWithdrawnDate />
        <lastName>NORTON</lastName>
        <firstName>ELEANOR</firstName>
        <fullName>Rep. Norton, Eleanor Holmes [D-DC-At Large]</fullName>
        <middleName>HOLMES</middleName>
        <bioguideId>N000147</bioguideId>
        <sponsorshipDate>2017-01-03</sponsorshipDate>
        <district>0</district>
        <identifiers>
          <gpoId>7871</gpoId>
          <lisID>868</lisID>
          <bioguideId>N000147</bioguideId>
        </identifiers>
      </item>
      <item>
        <state>WI</state>
        <isOriginalCosponsor>True</isOriginalCosponsor>
        <party>D</party>
        <sponsorshipWithdrawnDate />
        <lastName>Moore</lastName>
        <firstName>Gwen</firstName>
        <fullName>Rep. Moore, Gwen [D-WI-4]</fullName>
        <middleName />
        <bioguideId>M001160</bioguideId>
        <sponsorshipDate>2017-01-03</sponsorshipDate>
        <district>4</district>
        <identifiers>
          <gpoId>8217</gpoId>
          <lisID>1811</lisID>
          <bioguideId>M001160</bioguideId>
        </identifiers>
      </item>
      <item>
        <state>GA</state>
        <isOriginalCosponsor>True</isOriginalCosponsor>
        <party>D</party>
        <sponsorshipWithdrawnDate />
        <lastName>LEWIS</lastName>
        <firstName>JOHN</firstName>
        <fullName>Rep. Lewis, John [D-GA-5]</fullName>
        <middleName />
        <bioguideId>L000287</bioguideId>
        <sponsorshipDate>2017-01-03</sponsorshipDate>
        <district>5</district>
        <identifiers>
          <gpoId>7902</gpoId>
          <lisID>688</lisID>
          <bioguideId>L000287</bioguideId>
        </identifiers>
      </item>
    </cosponsors>
    <titles>
      <item>
        <parentTitleType />
        <chamberCode />
        <titleType>Official Title as Introduced</titleType>
        <chamberName />
        <title>Supporting the goals and ideals of Jubilee Day.</title>
      </item>
      <item>
        <parentTitleType />
        <chamberCode />
        <titleType>Display Title</titleType>
        <chamberName />
        <title>Supporting the goals and ideals of Jubilee Day.</title>
      </item>
    </titles>
    <relatedBills />
    <title>Supporting the goals and ideals of Jubilee Day.</title>
    <latestAction>
      <links />
      <actionDate>2017-01-03</actionDate>
      <text>Referred to the House Committee on Education and the Workforce.</text>
    </latestAction>
    <createDate>2017-01-04T07:01:08Z</createDate>
    <laws />
    <recordedVotes />
    <actions>
      <item>
        <actionDate>2017-01-03</actionDate>
        <links />
        <text>Referred to the House Committee on Education and the Workforce.</text>
        <committee>
          <name>Education and the Workforce Committee</name>
          <systemCode>hsed00</systemCode>
        </committee>
        <type>IntroReferral</type>
        <sourceSystem>
          <code>2</code>
          <name>House floor actions</name>
        </sourceSystem>
        <actionCode>H11100</actionCode>
      </item>
      <item>
        <actionDate>2017-01-03</actionDate>
        <links />
        <text>Introduced in House</text>
        <committee />
        <type>IntroReferral</type>
        <sourceSystem>
          <code>9</code>
          <name>Library of Congress</name>
        </sourceSystem>
        <actionCode>Intro-H</actionCode>
      </item>
      <item>
        <actionDate>2017-01-03</actionDate>
        <links />
        <text>Introduced in House</text>
        <committee />
        <type>IntroReferral</type>
        <sourceSystem>
          <code>9</code>
          <name>Library of Congress</name>
        </sourceSystem>
        <actionCode>1000</actionCode>
      </item>
      <actionByCounts>
        <houseOfRepresentatives>3</houseOfRepresentatives>
      </actionByCounts>
      <actionTypeCounts>
        <introducedInTheHouse>1</introducedInTheHouse>
        <introducedInHouse>1</introducedInHouse>
        <billReferrals>1</billReferrals>
      </actionTypeCounts>
    </actions>
    <originChamber>House</originChamber>
    <amendments />
    <updateDate>2017-01-06T20:31:12Z</updateDate>
    <cboCostEstimates />
  </bill>
  <dublinCore xmlns:dc="http://purl.org/dc/elements/1.1/">
    <dc:format>text/xml</dc:format>
    <dc:language>EN</dc:language>
    <dc:rights>Pursuant to Title 17 Section 105 of the United States Code, this file is not subject to copyright protection and is in the public domain.</dc:rights>
    <dc:contributor>Congressional Research Service, Library of Congress</dc:contributor>
    <dc:description>This file contains bill summaries and statuses for federal legislation. A bill summary describes the most significant provisions of a piece of legislation and details the effects the legislative text may have on current law and federal programs. Bill summaries are authored by the Congressional Research Service (CRS) of the Library of Congress. As stated in Public Law 91-510 (2 USC 166 (d)(6)), one of the duties of CRS is "to prepare summaries and digests of bills and resolutions of a public general nature introduced in the Senate or House of Representatives". For more information, refer to the User Guide that accompanies this file.</dc:description>
  </dublinCore>
</billStatus>

