<?xml version="1.0" encoding="UTF-8"?>
<billStatus>
  <bill>
    <titles>
      <item>
        <parentTitleType />
        <titleType>Official Title as Introduced</titleType>
        <chamberCode />
        <title>Recognizing that international education and exchange programs further national security and foreign policy priorities, enhance economic competitiveness, and promote mutual understanding and cooperation among nations.</title>
        <chamberName />
      </item>
      <item>
        <parentTitleType />
        <titleType>Display Title</titleType>
        <chamberCode />
        <title>Recognizing that international education and exchange programs further national security and foreign policy priorities, enhance economic competitiveness, and promote mutual understanding and cooperation among nations.</title>
        <chamberName />
      </item>
    </titles>
    <notes />
    <latestAction>
      <links />
      <text>Referred to the House Committee on Foreign Affairs.</text>
      <actionDate>2017-07-24</actionDate>
    </latestAction>
    <constitutionalAuthorityStatementText />
    <committees>
      <billCommittees>
        <item>
          <subcommittees />
          <systemCode>hsfa00</systemCode>
          <name>Foreign Affairs Committee</name>
          <activities>
            <item>
              <date>2017-07-24T16:00:10Z</date>
              <name>Referred to</name>
            </item>
          </activities>
          <type>Standing</type>
          <chamber>House</chamber>
        </item>
      </billCommittees>
    </committees>
    <actions>
      <item>
        <text>Referred to the House Committee on Foreign Affairs.</text>
        <type>IntroReferral</type>
        <links />
        <actionDate>2017-07-24</actionDate>
        <sourceSystem>
          <code>2</code>
          <name>House floor actions</name>
        </sourceSystem>
        <committee>
          <systemCode>hsfa00</systemCode>
          <name>Foreign Affairs Committee</name>
        </committee>
        <actionCode>H11100</actionCode>
      </item>
      <item>
        <text>Introduced in House</text>
        <type>IntroReferral</type>
        <links />
        <actionDate>2017-07-24</actionDate>
        <sourceSystem>
          <code>9</code>
          <name>Library of Congress</name>
        </sourceSystem>
        <committee />
        <actionCode>Intro-H</actionCode>
      </item>
      <item>
        <text>Introduced in House</text>
        <type>IntroReferral</type>
        <links />
        <actionDate>2017-07-24</actionDate>
        <sourceSystem>
          <code>9</code>
          <name>Library of Congress</name>
        </sourceSystem>
        <committee />
        <actionCode>1000</actionCode>
      </item>
      <actionByCounts>
        <houseOfRepresentatives>3</houseOfRepresentatives>
      </actionByCounts>
      <actionTypeCounts>
        <billReferrals>1</billReferrals>
        <introducedInTheHouse>1</introducedInTheHouse>
        <introducedInHouse>1</introducedInHouse>
      </actionTypeCounts>
    </actions>
    <policyArea>
      <name>International Affairs</name>
    </policyArea>
    <sponsors>
      <item>
        <fullName>Rep. Himes, James A. [D-CT-4]</fullName>
        <party>D</party>
        <bioguideId>H001047</bioguideId>
        <identifiers>
          <gpoId>7869</gpoId>
          <lisID>1913</lisID>
          <bioguideId>H001047</bioguideId>
        </identifiers>
        <lastName>Himes</lastName>
        <district>4</district>
        <middleName>A.</middleName>
        <firstName>James</firstName>
        <byRequestType />
        <state>CT</state>
      </item>
    </sponsors>
    <recordedVotes />
    <updateDate>2018-08-28T19:55:12Z</updateDate>
    <billNumber>470</billNumber>
    <title>Recognizing that international education and exchange programs further national security and foreign policy priorities, enhance economic competitiveness, and promote mutual understanding and cooperation among nations.</title>
    <relatedBills>
      <item>
        <latestTitle>A resolution expressing the sense of the Senate that international education and exchange programs further United States national security and foreign policy priorities, enhance United States economic competitiveness, and promote mutual understanding and cooperation among nations, and for other purposes.</latestTitle>
        <relationshipDetails>
          <item>
            <type>Related bill</type>
            <identifiedBy>CRS</identifiedBy>
          </item>
        </relationshipDetails>
        <number>357</number>
        <latestAction>
          <actionDate>2017-12-12</actionDate>
          <text>Submitted in the Senate, considered, and agreed to without amendment and with a preamble by Voice Vote. (consideration: CR S7978; text: CR S7976-7977)</text>
        </latestAction>
        <congress>115</congress>
        <type>SRES</type>
      </item>
    </relatedBills>
    <amendments />
    <version>1.0.0</version>
    <laws />
    <cboCostEstimates />
    <billType>HRES</billType>
    <createDate>2017-07-25T03:11:31Z</createDate>
    <originChamber>House</originChamber>
    <summaries>
      <billSummaries>
        <item>
          <lastSummaryUpdateDate>2017-10-30T21:40:03Z</lastSummaryUpdateDate>
          <actionDate>2017-07-24</actionDate>
          <text><![CDATA[<p>Recognizes that international education and exchange programs enhance national security, significantly further U.S. foreign policy goals and economic competitiveness, and promote mutual understanding and cooperation among nations. </p> <p>Encourages such programs to ensure that the United States maintains a broad international knowledge base. Supports such programs as a means to strengthen foreign language skills and foster a better understanding of the world by U.S. citizens.</p> <p>Commends American and international education and exchange participants, volunteers, educators, program alumni, host families, high schools, institutions of higher education, and host communities for their involvement in such programs. </p> <p>Celebrates the integral role such programs play for the United States and its people.</p>]]></text>
          <updateDate>2017-07-24T04:00:00Z</updateDate>
          <name>Introduced in House</name>
          <versionCode>00</versionCode>
          <actionDesc>Introduced in House</actionDesc>
        </item>
      </billSummaries>
    </summaries>
    <committeeReports />
    <calendarNumbers />
    <cosponsors>
      <item>
        <middleName />
        <identifiers>
          <bioguideId>P000588</bioguideId>
          <lisID>1738</lisID>
          <gpoId>8057</gpoId>
        </identifiers>
        <firstName>Stevan</firstName>
        <state>NM</state>
        <bioguideId>P000588</bioguideId>
        <district>2</district>
        <fullName>Rep. Pearce, Stevan [R-NM-2]</fullName>
        <isOriginalCosponsor>True</isOriginalCosponsor>
        <party>R</party>
        <sponsorshipWithdrawnDate />
        <lastName>Pearce</lastName>
        <sponsorshipDate>2017-07-24</sponsorshipDate>
      </item>
      <item>
        <middleName />
        <identifiers>
          <lisID>1753</lisID>
          <bioguideId>B001250</bioguideId>
          <gpoId>8189</gpoId>
        </identifiers>
        <firstName>Rob</firstName>
        <state>UT</state>
        <bioguideId>B001250</bioguideId>
        <district>1</district>
        <fullName>Rep. Bishop, Rob [R-UT-1]</fullName>
        <isOriginalCosponsor>True</isOriginalCosponsor>
        <party>R</party>
        <sponsorshipWithdrawnDate />
        <lastName>Bishop</lastName>
        <sponsorshipDate>2017-07-24</sponsorshipDate>
      </item>
      <item>
        <middleName />
        <identifiers>
          <lisID>2298</lisID>
          <bioguideId>E000296</bioguideId>
          <gpoId />
        </identifiers>
        <firstName>Dwight</firstName>
        <state>PA</state>
        <bioguideId>E000296</bioguideId>
        <district>2</district>
        <fullName>Rep. Evans, Dwight [D-PA-2]</fullName>
        <isOriginalCosponsor>True</isOriginalCosponsor>
        <party>D</party>
        <sponsorshipWithdrawnDate />
        <lastName>Evans</lastName>
        <sponsorshipDate>2017-07-24</sponsorshipDate>
      </item>
      <item>
        <middleName>M.</middleName>
        <identifiers>
          <bioguideId>G000551</bioguideId>
          <lisID>1708</lisID>
          <gpoId>7804</gpoId>
        </identifiers>
        <firstName>Raul</firstName>
        <state>AZ</state>
        <bioguideId>G000551</bioguideId>
        <district>3</district>
        <fullName>Rep. Grijalva, Raul M. [D-AZ-3]</fullName>
        <isOriginalCosponsor>True</isOriginalCosponsor>
        <party>D</party>
        <sponsorshipWithdrawnDate />
        <lastName>Grijalva</lastName>
        <sponsorshipDate>2017-07-24</sponsorshipDate>
      </item>
      <item>
        <middleName />
        <identifiers>
          <gpoId>7950</gpoId>
          <lisID>1921</lisID>
          <bioguideId>J000290</bioguideId>
        </identifiers>
        <firstName>Lynn</firstName>
        <state>KS</state>
        <bioguideId>J000290</bioguideId>
        <district>2</district>
        <fullName>Rep. Jenkins, Lynn [R-KS-2]</fullName>
        <isOriginalCosponsor>True</isOriginalCosponsor>
        <party>R</party>
        <sponsorshipWithdrawnDate />
        <lastName>Jenkins</lastName>
        <sponsorshipDate>2017-07-24</sponsorshipDate>
      </item>
      <item>
        <middleName>R.</middleName>
        <identifiers>
          <bioguideId>K000375</bioguideId>
          <lisID>2025</lisID>
          <gpoId>7975</gpoId>
        </identifiers>
        <firstName>William</firstName>
        <state>MA</state>
        <bioguideId>K000375</bioguideId>
        <district>9</district>
        <fullName>Rep. Keating, William R. [D-MA-9]</fullName>
        <isOriginalCosponsor>True</isOriginalCosponsor>
        <party>D</party>
        <sponsorshipWithdrawnDate />
        <lastName>Keating</lastName>
        <sponsorshipDate>2017-07-24</sponsorshipDate>
      </item>
      <item>
        <middleName />
        <identifiers>
          <lisID>1528</lisID>
          <bioguideId>S000510</bioguideId>
          <gpoId>8213</gpoId>
        </identifiers>
        <firstName>ADAM</firstName>
        <state>WA</state>
        <bioguideId>S000510</bioguideId>
        <district>9</district>
        <fullName>Rep. Smith, Adam [D-WA-9]</fullName>
        <isOriginalCosponsor>True</isOriginalCosponsor>
        <party>D</party>
        <sponsorshipWithdrawnDate />
        <lastName>SMITH</lastName>
        <sponsorshipDate>2017-07-24</sponsorshipDate>
      </item>
      <item>
        <middleName />
        <identifiers>
          <lisID>1879</lisID>
          <gpoId>8204</gpoId>
          <bioguideId>W000800</bioguideId>
        </identifiers>
        <firstName>Peter</firstName>
        <state>VT</state>
        <bioguideId>W000800</bioguideId>
        <district>0</district>
        <fullName>Rep. Welch, Peter [D-VT-At Large]</fullName>
        <isOriginalCosponsor>True</isOriginalCosponsor>
        <party>D</party>
        <sponsorshipWithdrawnDate />
        <lastName>Welch</lastName>
        <sponsorshipDate>2017-07-24</sponsorshipDate>
      </item>
      <item>
        <middleName>M.</middleName>
        <identifiers>
          <lisID>2293</lisID>
          <bioguideId>D000625</bioguideId>
          <gpoId />
        </identifiers>
        <firstName>Daniel</firstName>
        <state>NY</state>
        <bioguideId>D000625</bioguideId>
        <district>11</district>
        <fullName>Rep. Donovan, Daniel M., Jr. [R-NY-11]</fullName>
        <isOriginalCosponsor>True</isOriginalCosponsor>
        <party>R</party>
        <sponsorshipWithdrawnDate />
        <lastName>Donovan</lastName>
        <sponsorshipDate>2017-07-24</sponsorshipDate>
      </item>
      <item>
        <middleName>S.</middleName>
        <identifiers>
          <bioguideId>L000579</bioguideId>
          <lisID>2111</lisID>
          <gpoId />
        </identifiers>
        <firstName>Alan</firstName>
        <state>CA</state>
        <bioguideId>L000579</bioguideId>
        <district>47</district>
        <fullName>Rep. Lowenthal, Alan S. [D-CA-47]</fullName>
        <isOriginalCosponsor>False</isOriginalCosponsor>
        <party>D</party>
        <sponsorshipWithdrawnDate />
        <lastName>Lowenthal</lastName>
        <sponsorshipDate>2017-10-27</sponsorshipDate>
      </item>
      <item>
        <middleName />
        <identifiers>
          <lisID>2171</lisID>
          <gpoId />
          <bioguideId>P000607</bioguideId>
        </identifiers>
        <firstName>Mark</firstName>
        <state>WI</state>
        <bioguideId>P000607</bioguideId>
        <district>2</district>
        <fullName>Rep. Pocan, Mark [D-WI-2]</fullName>
        <isOriginalCosponsor>False</isOriginalCosponsor>
        <party>D</party>
        <sponsorshipWithdrawnDate />
        <lastName>Pocan</lastName>
        <sponsorshipDate>2018-04-12</sponsorshipDate>
      </item>
      <item>
        <middleName>A.</middleName>
        <identifiers>
          <lisID>279</lisID>
          <gpoId>8117</gpoId>
          <bioguideId>D000191</bioguideId>
        </identifiers>
        <firstName>PETER</firstName>
        <state>OR</state>
        <bioguideId>D000191</bioguideId>
        <district>4</district>
        <fullName>Rep. DeFazio, Peter A. [D-OR-4]</fullName>
        <isOriginalCosponsor>False</isOriginalCosponsor>
        <party>D</party>
        <sponsorshipWithdrawnDate />
        <lastName>DEFAZIO</lastName>
        <sponsorshipDate>2018-04-12</sponsorshipDate>
      </item>
      <item>
        <middleName>H.</middleName>
        <identifiers>
          <bioguideId>P000608</bioguideId>
          <lisID>2113</lisID>
          <gpoId />
        </identifiers>
        <firstName>Scott</firstName>
        <state>CA</state>
        <bioguideId>P000608</bioguideId>
        <district>52</district>
        <fullName>Rep. Peters, Scott H. [D-CA-52]</fullName>
        <isOriginalCosponsor>False</isOriginalCosponsor>
        <party>D</party>
        <sponsorshipWithdrawnDate />
        <lastName>Peters</lastName>
        <sponsorshipDate>2018-04-12</sponsorshipDate>
      </item>
      <item>
        <middleName />
        <identifiers>
          <bioguideId>D000619</bioguideId>
          <lisID>2126</lisID>
          <gpoId />
        </identifiers>
        <firstName>Rodney</firstName>
        <state>IL</state>
        <bioguideId>D000619</bioguideId>
        <district>13</district>
        <fullName>Rep. Davis, Rodney [R-IL-13]</fullName>
        <isOriginalCosponsor>False</isOriginalCosponsor>
        <party>R</party>
        <sponsorshipWithdrawnDate />
        <lastName>Davis</lastName>
        <sponsorshipDate>2018-04-23</sponsorshipDate>
      </item>
    </cosponsors>
    <introducedDate>2017-07-24</introducedDate>
    <congress>115</congress>
    <subjects>
      <billSubjects>
        <policyArea>
          <name>International Affairs</name>
        </policyArea>
        <legislativeSubjects>
          <item>
            <name>Area studies and international education</name>
          </item>
          <item>
            <name>Competitiveness, trade promotion, trade deficits</name>
          </item>
          <item>
            <name>Elementary and secondary education</name>
          </item>
          <item>
            <name>Foreign language and bilingual programs</name>
          </item>
          <item>
            <name>Higher education</name>
          </item>
          <item>
            <name>International exchange and broadcasting</name>
          </item>
        </legislativeSubjects>
      </billSubjects>
    </subjects>
  </bill>
  <dublinCore xmlns:dc="http://purl.org/dc/elements/1.1/">
    <dc:format>text/xml</dc:format>
    <dc:language>EN</dc:language>
    <dc:rights>Pursuant to Title 17 Section 105 of the United States Code, this file is not subject to copyright protection and is in the public domain.</dc:rights>
    <dc:contributor>Congressional Research Service, Library of Congress</dc:contributor>
    <dc:description>This file contains bill summaries and statuses for federal legislation. A bill summary describes the most significant provisions of a piece of legislation and details the effects the legislative text may have on current law and federal programs. Bill summaries are authored by the Congressional Research Service (CRS) of the Library of Congress. As stated in Public Law 91-510 (2 USC 166 (d)(6)), one of the duties of CRS is "to prepare summaries and digests of bills and resolutions of a public general nature introduced in the Senate or House of Representatives". For more information, refer to the User Guide that accompanies this file.</dc:description>
  </dublinCore>
</billStatus>

