<?xml version="1.0" encoding="UTF-8"?>
<billStatus>
  <bill>
    <policyArea>
      <name>Civil Rights and Liberties, Minority Issues</name>
    </policyArea>
    <billType>HRES</billType>
    <latestAction>
      <links />
      <actionDate>2017-03-30</actionDate>
      <text>Referred to the House Committee on Oversight and Government Reform.</text>
    </latestAction>
    <createDate>2017-03-31T05:06:59Z</createDate>
    <notes />
    <actions>
      <actionTypeCounts>
        <introducedInTheHouse>1</introducedInTheHouse>
        <billReferrals>1</billReferrals>
        <introducedInHouse>1</introducedInHouse>
      </actionTypeCounts>
      <item>
        <links />
        <type>IntroReferral</type>
        <actionDate>2017-03-30</actionDate>
        <text>Referred to the House Committee on Oversight and Government Reform.</text>
        <committee>
          <name>Oversight and Government Reform Committee</name>
          <systemCode>hsgo00</systemCode>
        </committee>
        <sourceSystem>
          <code>2</code>
          <name>House floor actions</name>
        </sourceSystem>
        <actionCode>H11100</actionCode>
      </item>
      <item>
        <links />
        <type>IntroReferral</type>
        <actionDate>2017-03-30</actionDate>
        <text>Introduced in House</text>
        <committee />
        <sourceSystem>
          <code>9</code>
          <name>Library of Congress</name>
        </sourceSystem>
        <actionCode>Intro-H</actionCode>
      </item>
      <item>
        <links />
        <type>IntroReferral</type>
        <actionDate>2017-03-30</actionDate>
        <text>Introduced in House</text>
        <committee />
        <sourceSystem>
          <code>9</code>
          <name>Library of Congress</name>
        </sourceSystem>
        <actionCode>1000</actionCode>
      </item>
      <actionByCounts>
        <houseOfRepresentatives>3</houseOfRepresentatives>
      </actionByCounts>
    </actions>
    <calendarNumbers />
    <congress>115</congress>
    <subjects>
      <billSubjects>
        <legislativeSubjects>
          <item>
            <name>California</name>
          </item>
          <item>
            <name>Congressional tributes</name>
          </item>
          <item>
            <name>Labor-management relations</name>
          </item>
          <item>
            <name>Migrant, seasonal, agricultural labor</name>
          </item>
        </legislativeSubjects>
        <policyArea>
          <name>Civil Rights and Liberties, Minority Issues</name>
        </policyArea>
      </billSubjects>
    </subjects>
    <billNumber>237</billNumber>
    <title>Honoring the accomplishments and legacy of César Estrada Chávez.</title>
    <constitutionalAuthorityStatementText />
    <committees>
      <billCommittees>
        <item>
          <subcommittees />
          <type>Standing</type>
          <systemCode>hsgo00</systemCode>
          <name>Oversight and Government Reform Committee</name>
          <activities>
            <item>
              <date>2017-03-30T13:06:15Z</date>
              <name>Referred to</name>
            </item>
          </activities>
          <chamber>House</chamber>
        </item>
      </billCommittees>
    </committees>
    <cboCostEstimates />
    <version>1.0.0</version>
    <cosponsors>
      <item>
        <lastName>Brownley</lastName>
        <state>CA</state>
        <firstName>Julia</firstName>
        <sponsorshipDate>2017-03-30</sponsorshipDate>
        <district>26</district>
        <fullName>Rep. Brownley, Julia [D-CA-26]</fullName>
        <identifiers>
          <lisID>2106</lisID>
          <gpoId />
          <bioguideId>B001285</bioguideId>
        </identifiers>
        <bioguideId>B001285</bioguideId>
        <sponsorshipWithdrawnDate />
        <party>D</party>
        <isOriginalCosponsor>True</isOriginalCosponsor>
        <middleName />
      </item>
      <item>
        <lastName>Correa</lastName>
        <state>CA</state>
        <firstName>J.</firstName>
        <sponsorshipDate>2017-03-30</sponsorshipDate>
        <district>46</district>
        <fullName>Rep. Correa, J. Luis [D-CA-46]</fullName>
        <identifiers>
          <lisID>2312</lisID>
          <bioguideId>C001110</bioguideId>
          <gpoId />
        </identifiers>
        <bioguideId>C001110</bioguideId>
        <sponsorshipWithdrawnDate />
        <party>D</party>
        <isOriginalCosponsor>True</isOriginalCosponsor>
        <middleName>Luis</middleName>
      </item>
      <item>
        <lastName>Aguilar</lastName>
        <state>CA</state>
        <firstName>Pete</firstName>
        <sponsorshipDate>2017-03-30</sponsorshipDate>
        <district>31</district>
        <fullName>Rep. Aguilar, Pete [D-CA-31]</fullName>
        <identifiers>
          <bioguideId>A000371</bioguideId>
          <gpoId />
          <lisID>2229</lisID>
        </identifiers>
        <bioguideId>A000371</bioguideId>
        <sponsorshipWithdrawnDate />
        <party>D</party>
        <isOriginalCosponsor>True</isOriginalCosponsor>
        <middleName />
      </item>
      <item>
        <lastName>Ruiz</lastName>
        <state>CA</state>
        <firstName>Raul</firstName>
        <sponsorshipDate>2017-03-30</sponsorshipDate>
        <district>36</district>
        <fullName>Rep. Ruiz, Raul [D-CA-36]</fullName>
        <identifiers>
          <lisID>2109</lisID>
          <gpoId />
          <bioguideId>R000599</bioguideId>
        </identifiers>
        <bioguideId>R000599</bioguideId>
        <sponsorshipWithdrawnDate />
        <party>D</party>
        <isOriginalCosponsor>True</isOriginalCosponsor>
        <middleName />
      </item>
      <item>
        <lastName>Barragan</lastName>
        <state>CA</state>
        <firstName>Nanette</firstName>
        <sponsorshipDate>2017-03-30</sponsorshipDate>
        <district>44</district>
        <fullName>Rep. Barragan, Nanette Diaz [D-CA-44]</fullName>
        <identifiers>
          <lisID>2311</lisID>
          <bioguideId>B001300</bioguideId>
          <gpoId />
        </identifiers>
        <bioguideId>B001300</bioguideId>
        <sponsorshipWithdrawnDate />
        <party>D</party>
        <isOriginalCosponsor>True</isOriginalCosponsor>
        <middleName>Diaz</middleName>
      </item>
      <item>
        <lastName>Soto</lastName>
        <state>FL</state>
        <firstName>Darren</firstName>
        <sponsorshipDate>2017-03-30</sponsorshipDate>
        <district>9</district>
        <fullName>Rep. Soto, Darren [D-FL-9]</fullName>
        <identifiers>
          <gpoId />
          <lisID>2319</lisID>
          <bioguideId>S001200</bioguideId>
        </identifiers>
        <bioguideId>S001200</bioguideId>
        <sponsorshipWithdrawnDate />
        <party>D</party>
        <isOriginalCosponsor>True</isOriginalCosponsor>
        <middleName />
      </item>
      <item>
        <lastName>Takano</lastName>
        <state>CA</state>
        <firstName>Mark</firstName>
        <sponsorshipDate>2017-03-30</sponsorshipDate>
        <district>41</district>
        <fullName>Rep. Takano, Mark [D-CA-41]</fullName>
        <identifiers>
          <lisID>2110</lisID>
          <gpoId />
          <bioguideId>T000472</bioguideId>
        </identifiers>
        <bioguideId>T000472</bioguideId>
        <sponsorshipWithdrawnDate />
        <party>D</party>
        <isOriginalCosponsor>True</isOriginalCosponsor>
        <middleName />
      </item>
      <item>
        <lastName>Grijalva</lastName>
        <state>AZ</state>
        <firstName>Raul</firstName>
        <sponsorshipDate>2017-03-30</sponsorshipDate>
        <district>3</district>
        <fullName>Rep. Grijalva, Raul M. [D-AZ-3]</fullName>
        <identifiers>
          <bioguideId>G000551</bioguideId>
          <lisID>1708</lisID>
          <gpoId>7804</gpoId>
        </identifiers>
        <bioguideId>G000551</bioguideId>
        <sponsorshipWithdrawnDate />
        <party>D</party>
        <isOriginalCosponsor>True</isOriginalCosponsor>
        <middleName>M.</middleName>
      </item>
      <item>
        <lastName>Watson Coleman</lastName>
        <state>NJ</state>
        <firstName>Bonnie</firstName>
        <sponsorshipDate>2017-03-30</sponsorshipDate>
        <district>12</district>
        <fullName>Rep. Watson Coleman, Bonnie [D-NJ-12]</fullName>
        <identifiers>
          <gpoId />
          <lisID>2259</lisID>
          <bioguideId>W000822</bioguideId>
        </identifiers>
        <bioguideId>W000822</bioguideId>
        <sponsorshipWithdrawnDate />
        <party>D</party>
        <isOriginalCosponsor>True</isOriginalCosponsor>
        <middleName />
      </item>
      <item>
        <lastName>Gallego</lastName>
        <state>AZ</state>
        <firstName>Ruben</firstName>
        <sponsorshipDate>2017-03-30</sponsorshipDate>
        <district>7</district>
        <fullName>Rep. Gallego, Ruben [D-AZ-7]</fullName>
        <identifiers>
          <lisID>2226</lisID>
          <bioguideId>G000574</bioguideId>
          <gpoId />
        </identifiers>
        <bioguideId>G000574</bioguideId>
        <sponsorshipWithdrawnDate />
        <party>D</party>
        <isOriginalCosponsor>True</isOriginalCosponsor>
        <middleName />
      </item>
      <item>
        <lastName>Castro</lastName>
        <state>TX</state>
        <firstName>Joaquin</firstName>
        <sponsorshipDate>2017-03-30</sponsorshipDate>
        <district>20</district>
        <fullName>Rep. Castro, Joaquin [D-TX-20]</fullName>
        <identifiers>
          <gpoId />
          <lisID>2163</lisID>
          <bioguideId>C001091</bioguideId>
        </identifiers>
        <bioguideId>C001091</bioguideId>
        <sponsorshipWithdrawnDate />
        <party>D</party>
        <isOriginalCosponsor>True</isOriginalCosponsor>
        <middleName />
      </item>
      <item>
        <lastName>Vargas</lastName>
        <state>CA</state>
        <firstName>Juan</firstName>
        <sponsorshipDate>2017-03-30</sponsorshipDate>
        <district>51</district>
        <fullName>Rep. Vargas, Juan [D-CA-51]</fullName>
        <identifiers>
          <lisID>2112</lisID>
          <gpoId />
          <bioguideId>V000130</bioguideId>
        </identifiers>
        <bioguideId>V000130</bioguideId>
        <sponsorshipWithdrawnDate />
        <party>D</party>
        <isOriginalCosponsor>True</isOriginalCosponsor>
        <middleName />
      </item>
      <item>
        <lastName>NAPOLITANO</lastName>
        <state>CA</state>
        <firstName>GRACE</firstName>
        <sponsorshipDate>2017-03-30</sponsorshipDate>
        <district>32</district>
        <fullName>Rep. Napolitano, Grace F. [D-CA-32]</fullName>
        <identifiers>
          <lisID>1602</lisID>
          <bioguideId>N000179</bioguideId>
          <gpoId>7843</gpoId>
        </identifiers>
        <bioguideId>N000179</bioguideId>
        <sponsorshipWithdrawnDate />
        <party>D</party>
        <isOriginalCosponsor>True</isOriginalCosponsor>
        <middleName>F.</middleName>
      </item>
      <item>
        <lastName>Espaillat</lastName>
        <state>NY</state>
        <firstName>Adriano</firstName>
        <sponsorshipDate>2017-03-30</sponsorshipDate>
        <district>13</district>
        <fullName>Rep. Espaillat, Adriano [D-NY-13]</fullName>
        <identifiers>
          <lisID>2342</lisID>
          <gpoId />
          <bioguideId>E000297</bioguideId>
        </identifiers>
        <bioguideId>E000297</bioguideId>
        <sponsorshipWithdrawnDate />
        <party>D</party>
        <isOriginalCosponsor>True</isOriginalCosponsor>
        <middleName />
      </item>
      <item>
        <lastName>Gonzalez</lastName>
        <state>TX</state>
        <firstName>Vicente</firstName>
        <sponsorshipDate>2017-03-30</sponsorshipDate>
        <district>15</district>
        <fullName>Rep. Gonzalez, Vicente [D-TX-15]</fullName>
        <identifiers>
          <lisID>2349</lisID>
          <gpoId />
          <bioguideId>G000581</bioguideId>
        </identifiers>
        <bioguideId>G000581</bioguideId>
        <sponsorshipWithdrawnDate />
        <party>D</party>
        <isOriginalCosponsor>True</isOriginalCosponsor>
        <middleName />
      </item>
      <item>
        <lastName>O'Halleran</lastName>
        <state>AZ</state>
        <firstName>Tom</firstName>
        <sponsorshipDate>2017-03-30</sponsorshipDate>
        <district>1</district>
        <fullName>Rep. O'Halleran, Tom [D-AZ-1]</fullName>
        <identifiers>
          <lisID>2306</lisID>
          <bioguideId>O000171</bioguideId>
          <gpoId />
        </identifiers>
        <bioguideId>O000171</bioguideId>
        <sponsorshipWithdrawnDate />
        <party>D</party>
        <isOriginalCosponsor>True</isOriginalCosponsor>
        <middleName />
      </item>
      <item>
        <lastName>Carbajal</lastName>
        <state>CA</state>
        <firstName>Salud</firstName>
        <sponsorshipDate>2017-03-30</sponsorshipDate>
        <district>24</district>
        <fullName>Rep. Carbajal, Salud O. [D-CA-24]</fullName>
        <identifiers>
          <bioguideId>C001112</bioguideId>
          <lisID>2310</lisID>
          <gpoId />
        </identifiers>
        <bioguideId>C001112</bioguideId>
        <sponsorshipWithdrawnDate />
        <party>D</party>
        <isOriginalCosponsor>True</isOriginalCosponsor>
        <middleName>O.</middleName>
      </item>
      <item>
        <lastName>Lujan Grisham</lastName>
        <state>NM</state>
        <firstName>Michelle</firstName>
        <sponsorshipDate>2017-03-30</sponsorshipDate>
        <district>1</district>
        <fullName>Rep. Lujan Grisham, Michelle [D-NM-1]</fullName>
        <identifiers>
          <lisID>2146</lisID>
          <gpoId />
          <bioguideId>L000580</bioguideId>
        </identifiers>
        <bioguideId>L000580</bioguideId>
        <sponsorshipWithdrawnDate />
        <party>D</party>
        <isOriginalCosponsor>True</isOriginalCosponsor>
        <middleName />
      </item>
      <item>
        <lastName>Lieu</lastName>
        <state>CA</state>
        <firstName>Ted</firstName>
        <sponsorshipDate>2017-03-30</sponsorshipDate>
        <district>33</district>
        <fullName>Rep. Lieu, Ted [D-CA-33]</fullName>
        <identifiers>
          <lisID>2230</lisID>
          <bioguideId>L000582</bioguideId>
          <gpoId />
        </identifiers>
        <bioguideId>L000582</bioguideId>
        <sponsorshipWithdrawnDate />
        <party>D</party>
        <isOriginalCosponsor>True</isOriginalCosponsor>
        <middleName />
      </item>
      <item>
        <lastName>Kihuen</lastName>
        <state>NV</state>
        <firstName>Ruben</firstName>
        <sponsorshipDate>2017-03-30</sponsorshipDate>
        <district>4</district>
        <fullName>Rep. Kihuen, Ruben J. [D-NV-4]</fullName>
        <identifiers>
          <lisID>2340</lisID>
          <gpoId />
          <bioguideId>K000390</bioguideId>
        </identifiers>
        <bioguideId>K000390</bioguideId>
        <sponsorshipWithdrawnDate />
        <party>D</party>
        <isOriginalCosponsor>True</isOriginalCosponsor>
        <middleName>J.</middleName>
      </item>
      <item>
        <lastName>Jayapal</lastName>
        <state>WA</state>
        <firstName>Pramila</firstName>
        <sponsorshipDate>2017-03-30</sponsorshipDate>
        <district>7</district>
        <fullName>Rep. Jayapal, Pramila [D-WA-7]</fullName>
        <identifiers>
          <lisID>2354</lisID>
          <bioguideId>J000298</bioguideId>
          <gpoId />
        </identifiers>
        <bioguideId>J000298</bioguideId>
        <sponsorshipWithdrawnDate />
        <party>D</party>
        <isOriginalCosponsor>True</isOriginalCosponsor>
        <middleName />
      </item>
      <item>
        <lastName>LEWIS</lastName>
        <state>GA</state>
        <firstName>JOHN</firstName>
        <sponsorshipDate>2017-03-30</sponsorshipDate>
        <district>5</district>
        <fullName>Rep. Lewis, John [D-GA-5]</fullName>
        <identifiers>
          <lisID>688</lisID>
          <gpoId>7902</gpoId>
          <bioguideId>L000287</bioguideId>
        </identifiers>
        <bioguideId>L000287</bioguideId>
        <sponsorshipWithdrawnDate />
        <party>D</party>
        <isOriginalCosponsor>True</isOriginalCosponsor>
        <middleName />
      </item>
      <item>
        <lastName>Vela</lastName>
        <state>TX</state>
        <firstName>Filemon</firstName>
        <sponsorshipDate>2017-03-30</sponsorshipDate>
        <district>34</district>
        <fullName>Rep. Vela, Filemon [D-TX-34]</fullName>
        <identifiers>
          <lisID>2167</lisID>
          <bioguideId>V000132</bioguideId>
          <gpoId />
        </identifiers>
        <bioguideId>V000132</bioguideId>
        <sponsorshipWithdrawnDate />
        <party>D</party>
        <isOriginalCosponsor>True</isOriginalCosponsor>
        <middleName />
      </item>
      <item>
        <lastName>ROYBAL-ALLARD</lastName>
        <state>CA</state>
        <firstName>LUCILLE</firstName>
        <sponsorshipDate>2017-03-30</sponsorshipDate>
        <district>40</district>
        <fullName>Rep. Roybal-Allard, Lucille [D-CA-40]</fullName>
        <identifiers>
          <bioguideId>R000486</bioguideId>
          <gpoId>7839</gpoId>
          <lisID>997</lisID>
        </identifiers>
        <bioguideId>R000486</bioguideId>
        <sponsorshipWithdrawnDate />
        <party>D</party>
        <isOriginalCosponsor>True</isOriginalCosponsor>
        <middleName />
      </item>
      <item>
        <lastName>NORTON</lastName>
        <state>DC</state>
        <firstName>ELEANOR</firstName>
        <sponsorshipDate>2017-03-30</sponsorshipDate>
        <district>0</district>
        <fullName>Rep. Norton, Eleanor Holmes [D-DC-At Large]</fullName>
        <identifiers>
          <gpoId>7871</gpoId>
          <lisID>868</lisID>
          <bioguideId>N000147</bioguideId>
        </identifiers>
        <bioguideId>N000147</bioguideId>
        <sponsorshipWithdrawnDate />
        <party>D</party>
        <isOriginalCosponsor>True</isOriginalCosponsor>
        <middleName>HOLMES</middleName>
      </item>
      <item>
        <lastName>Lujan</lastName>
        <state>NM</state>
        <firstName>Ben</firstName>
        <sponsorshipDate>2017-03-30</sponsorshipDate>
        <district>3</district>
        <fullName>Rep. Lujan, Ben Ray [D-NM-3]</fullName>
        <identifiers>
          <lisID>1939</lisID>
          <bioguideId>L000570</bioguideId>
          <gpoId>8058</gpoId>
        </identifiers>
        <bioguideId>L000570</bioguideId>
        <sponsorshipWithdrawnDate />
        <party>D</party>
        <isOriginalCosponsor>True</isOriginalCosponsor>
        <middleName>Ray</middleName>
      </item>
      <item>
        <lastName>Moore</lastName>
        <state>WI</state>
        <firstName>Gwen</firstName>
        <sponsorshipDate>2017-03-30</sponsorshipDate>
        <district>4</district>
        <fullName>Rep. Moore, Gwen [D-WI-4]</fullName>
        <identifiers>
          <lisID>1811</lisID>
          <gpoId>8217</gpoId>
          <bioguideId>M001160</bioguideId>
        </identifiers>
        <bioguideId>M001160</bioguideId>
        <sponsorshipWithdrawnDate />
        <party>D</party>
        <isOriginalCosponsor>True</isOriginalCosponsor>
        <middleName />
      </item>
      <item>
        <lastName>SCHAKOWSKY</lastName>
        <state>IL</state>
        <firstName>JANICE</firstName>
        <sponsorshipDate>2017-03-30</sponsorshipDate>
        <district>9</district>
        <fullName>Rep. Schakowsky, Janice D. [D-IL-9]</fullName>
        <identifiers>
          <lisID>1588</lisID>
          <bioguideId>S001145</bioguideId>
          <gpoId>7929</gpoId>
        </identifiers>
        <bioguideId>S001145</bioguideId>
        <sponsorshipWithdrawnDate />
        <party>D</party>
        <isOriginalCosponsor>True</isOriginalCosponsor>
        <middleName>D.</middleName>
      </item>
      <item>
        <lastName>VELAZQUEZ</lastName>
        <state>NY</state>
        <firstName>NYDIA</firstName>
        <sponsorshipDate>2017-03-30</sponsorshipDate>
        <district>7</district>
        <fullName>Rep. Velazquez, Nydia M. [D-NY-7]</fullName>
        <identifiers>
          <lisID>1184</lisID>
          <gpoId>8073</gpoId>
          <bioguideId>V000081</bioguideId>
        </identifiers>
        <bioguideId>V000081</bioguideId>
        <sponsorshipWithdrawnDate />
        <party>D</party>
        <isOriginalCosponsor>True</isOriginalCosponsor>
        <middleName>M.</middleName>
      </item>
      <item>
        <lastName>DOGGETT</lastName>
        <state>TX</state>
        <firstName>LLOYD</firstName>
        <sponsorshipDate>2017-03-30</sponsorshipDate>
        <district>35</district>
        <fullName>Rep. Doggett, Lloyd [D-TX-35]</fullName>
        <identifiers>
          <lisID>303</lisID>
          <bioguideId>D000399</bioguideId>
          <gpoId>8181</gpoId>
        </identifiers>
        <bioguideId>D000399</bioguideId>
        <sponsorshipWithdrawnDate />
        <party>D</party>
        <isOriginalCosponsor>True</isOriginalCosponsor>
        <middleName />
      </item>
      <item>
        <lastName>SANCHEZ</lastName>
        <state>CA</state>
        <firstName>LINDA</firstName>
        <sponsorshipDate>2017-03-30</sponsorshipDate>
        <district>38</district>
        <fullName>Rep. Sanchez, Linda T. [D-CA-38]</fullName>
        <identifiers>
          <lisID>1757</lisID>
          <gpoId>7844</gpoId>
          <bioguideId>S001156</bioguideId>
        </identifiers>
        <bioguideId>S001156</bioguideId>
        <sponsorshipWithdrawnDate />
        <party>D</party>
        <isOriginalCosponsor>True</isOriginalCosponsor>
        <middleName>T.</middleName>
      </item>
      <item>
        <lastName>Sires</lastName>
        <state>NJ</state>
        <firstName>Albio</firstName>
        <sponsorshipDate>2017-03-30</sponsorshipDate>
        <district>8</district>
        <fullName>Rep. Sires, Albio [D-NJ-8]</fullName>
        <identifiers>
          <gpoId>8055</gpoId>
          <lisID>1818</lisID>
          <bioguideId>S001165</bioguideId>
        </identifiers>
        <bioguideId>S001165</bioguideId>
        <sponsorshipWithdrawnDate />
        <party>D</party>
        <isOriginalCosponsor>True</isOriginalCosponsor>
        <middleName />
      </item>
      <item>
        <lastName>Green</lastName>
        <state>TX</state>
        <firstName>Al</firstName>
        <sponsorshipDate>2017-03-30</sponsorshipDate>
        <district>9</district>
        <fullName>Rep. Green, Al [D-TX-9]</fullName>
        <identifiers>
          <bioguideId>G000553</bioguideId>
          <gpoId>8165</gpoId>
          <lisID>1803</lisID>
        </identifiers>
        <bioguideId>G000553</bioguideId>
        <sponsorshipWithdrawnDate />
        <party>D</party>
        <isOriginalCosponsor>True</isOriginalCosponsor>
        <middleName />
      </item>
      <item>
        <lastName>SERRANO</lastName>
        <state>NY</state>
        <firstName>JOSE</firstName>
        <sponsorshipDate>2017-03-30</sponsorshipDate>
        <district>15</district>
        <fullName>Rep. Serrano, Jose E. [D-NY-15]</fullName>
        <identifiers>
          <lisID>1042</lisID>
          <bioguideId>S000248</bioguideId>
          <gpoId>8077</gpoId>
        </identifiers>
        <bioguideId>S000248</bioguideId>
        <sponsorshipWithdrawnDate />
        <party>D</party>
        <isOriginalCosponsor>True</isOriginalCosponsor>
        <middleName>E.</middleName>
      </item>
      <item>
        <lastName>PASCRELL</lastName>
        <state>NJ</state>
        <firstName>WILLIAM</firstName>
        <sponsorshipDate>2017-03-30</sponsorshipDate>
        <district>9</district>
        <fullName>Rep. Pascrell, Bill, Jr. [D-NJ-9]</fullName>
        <identifiers>
          <lisID>1510</lisID>
          <bioguideId>P000096</bioguideId>
          <gpoId>8050</gpoId>
        </identifiers>
        <bioguideId>P000096</bioguideId>
        <sponsorshipWithdrawnDate />
        <party>D</party>
        <isOriginalCosponsor>True</isOriginalCosponsor>
        <middleName>J.</middleName>
      </item>
      <item>
        <lastName>Cohen</lastName>
        <state>TN</state>
        <firstName>Steve</firstName>
        <sponsorshipDate>2017-03-30</sponsorshipDate>
        <district>9</district>
        <fullName>Rep. Cohen, Steve [D-TN-9]</fullName>
        <identifiers>
          <bioguideId>C001068</bioguideId>
          <lisID>1878</lisID>
          <gpoId>8156</gpoId>
        </identifiers>
        <bioguideId>C001068</bioguideId>
        <sponsorshipWithdrawnDate />
        <party>D</party>
        <isOriginalCosponsor>True</isOriginalCosponsor>
        <middleName />
      </item>
      <item>
        <lastName>GUTIERREZ</lastName>
        <state>IL</state>
        <firstName>LUIS</firstName>
        <sponsorshipDate>2017-03-30</sponsorshipDate>
        <district>4</district>
        <fullName>Rep. Gutierrez, Luis V. [D-IL-4]</fullName>
        <identifiers>
          <bioguideId>G000535</bioguideId>
          <gpoId>7924</gpoId>
          <lisID>478</lisID>
        </identifiers>
        <bioguideId>G000535</bioguideId>
        <sponsorshipWithdrawnDate />
        <party>D</party>
        <isOriginalCosponsor>True</isOriginalCosponsor>
        <middleName>V.</middleName>
      </item>
      <item>
        <lastName>Sablan</lastName>
        <state>MP</state>
        <firstName>Gregorio</firstName>
        <sponsorshipDate>2017-03-30</sponsorshipDate>
        <district>0</district>
        <fullName>Rep. Sablan, Gregorio Kilili Camacho [D-MP-At Large]</fullName>
        <identifiers>
          <lisID>1962</lisID>
          <gpoId>8018</gpoId>
          <bioguideId>S001177</bioguideId>
        </identifiers>
        <bioguideId>S001177</bioguideId>
        <sponsorshipWithdrawnDate />
        <party>D</party>
        <isOriginalCosponsor>True</isOriginalCosponsor>
        <middleName>Kilili Camacho</middleName>
      </item>
      <item>
        <lastName>CONYERS</lastName>
        <state>MI</state>
        <firstName>JOHN</firstName>
        <sponsorshipDate>2017-03-30</sponsorshipDate>
        <district>13</district>
        <fullName>Rep. Conyers, John, Jr. [D-MI-13]</fullName>
        <identifiers>
          <lisID>229</lisID>
          <gpoId>7999</gpoId>
          <bioguideId>C000714</bioguideId>
        </identifiers>
        <bioguideId>C000714</bioguideId>
        <sponsorshipWithdrawnDate />
        <party>D</party>
        <isOriginalCosponsor>True</isOriginalCosponsor>
        <middleName />
      </item>
      <item>
        <lastName>Titus</lastName>
        <state>NV</state>
        <firstName>Dina</firstName>
        <sponsorshipDate>2017-03-30</sponsorshipDate>
        <district>1</district>
        <fullName>Rep. Titus, Dina [D-NV-1]</fullName>
        <identifiers>
          <lisID>1940</lisID>
          <bioguideId>T000468</bioguideId>
          <gpoId>7493</gpoId>
        </identifiers>
        <bioguideId>T000468</bioguideId>
        <sponsorshipWithdrawnDate />
        <party>D</party>
        <isOriginalCosponsor>True</isOriginalCosponsor>
        <middleName />
      </item>
      <item>
        <lastName>Speier</lastName>
        <state>CA</state>
        <firstName>Jackie</firstName>
        <sponsorshipDate>2017-03-30</sponsorshipDate>
        <district>14</district>
        <fullName>Rep. Speier, Jackie [D-CA-14]</fullName>
        <identifiers>
          <lisID>1890</lisID>
          <gpoId>7817</gpoId>
          <bioguideId>S001175</bioguideId>
        </identifiers>
        <bioguideId>S001175</bioguideId>
        <sponsorshipWithdrawnDate />
        <party>D</party>
        <isOriginalCosponsor>True</isOriginalCosponsor>
        <middleName />
      </item>
      <item>
        <lastName>GREEN</lastName>
        <state>TX</state>
        <firstName>GENE</firstName>
        <sponsorshipDate>2017-03-30</sponsorshipDate>
        <district>29</district>
        <fullName>Rep. Green, Gene [D-TX-29]</fullName>
        <identifiers>
          <lisID>462</lisID>
          <gpoId>8185</gpoId>
          <bioguideId>G000410</bioguideId>
        </identifiers>
        <bioguideId>G000410</bioguideId>
        <sponsorshipWithdrawnDate />
        <party>D</party>
        <isOriginalCosponsor>True</isOriginalCosponsor>
        <middleName />
      </item>
      <item>
        <lastName>Raskin</lastName>
        <state>MD</state>
        <firstName>Jamie</firstName>
        <sponsorshipDate>2017-04-25</sponsorshipDate>
        <district>8</district>
        <fullName>Rep. Raskin, Jamie [D-MD-8]</fullName>
        <identifiers>
          <bioguideId>R000606</bioguideId>
          <lisID>2332</lisID>
          <gpoId />
        </identifiers>
        <bioguideId>R000606</bioguideId>
        <sponsorshipWithdrawnDate />
        <party>D</party>
        <isOriginalCosponsor>False</isOriginalCosponsor>
        <middleName />
      </item>
    </cosponsors>
    <updateDate>2018-08-28T19:54:24Z</updateDate>
    <laws />
    <originChamber>House</originChamber>
    <introducedDate>2017-03-30</introducedDate>
    <sponsors>
      <item>
        <middleName />
        <bioguideId>C001097</bioguideId>
        <identifiers>
          <lisID>2107</lisID>
          <gpoId />
          <bioguideId>C001097</bioguideId>
        </identifiers>
        <fullName>Rep. Cardenas, Tony [D-CA-29]</fullName>
        <byRequestType />
        <party>D</party>
        <firstName>Tony</firstName>
        <state>CA</state>
        <lastName>Cardenas</lastName>
        <district>29</district>
      </item>
    </sponsors>
    <relatedBills>
      <item>
        <relationshipDetails>
          <item>
            <type>Related bill</type>
            <identifiedBy>CRS</identifiedBy>
          </item>
        </relationshipDetails>
        <latestTitle>A resolution honoring the accomplishments and legacy of Cesar Estrada Chavez.</latestTitle>
        <type>SRES</type>
        <congress>115</congress>
        <number>441</number>
        <latestAction>
          <text>Referred to the Committee on the Judiciary. (text: CR S1950-1951)</text>
          <actionDate>2018-03-22</actionDate>
        </latestAction>
      </item>
      <item>
        <relationshipDetails>
          <item>
            <type>Identical bill</type>
            <identifiedBy>CRS</identifiedBy>
          </item>
        </relationshipDetails>
        <latestTitle>Recognizing March 31 as "César Chávez Day" in honor of the accomplishments and legacy of César Estrada Chávez.</latestTitle>
        <type>HRES</type>
        <congress>115</congress>
        <number>799</number>
        <latestAction>
          <text>Referred to the House Committee on Oversight and Government Reform.</text>
          <actionDate>2018-03-22</actionDate>
        </latestAction>
      </item>
      <item>
        <relationshipDetails>
          <item>
            <type>Identical bill</type>
            <identifiedBy>CRS</identifiedBy>
          </item>
        </relationshipDetails>
        <latestTitle>A resolution honoring the accomplishments and legacy of Cesar Estrada Chavez.</latestTitle>
        <type>SRES</type>
        <congress>115</congress>
        <number>104</number>
        <latestAction>
          <text>Referred to the Committee on the Judiciary. (text of measure as introduced: CR S2154)</text>
          <actionDate>2017-03-30</actionDate>
        </latestAction>
      </item>
    </relatedBills>
    <committeeReports />
    <titles>
      <item>
        <chamberName />
        <chamberCode />
        <titleType>Official Title as Introduced</titleType>
        <title>Honoring the accomplishments and legacy of César Estrada Chávez.</title>
        <parentTitleType />
      </item>
      <item>
        <chamberName />
        <chamberCode />
        <titleType>Display Title</titleType>
        <title>Honoring the accomplishments and legacy of César Estrada Chávez.</title>
        <parentTitleType />
      </item>
    </titles>
    <recordedVotes />
    <summaries>
      <billSummaries>
        <item>
          <actionDesc>Introduced in House</actionDesc>
          <name>Introduced in House</name>
          <text><![CDATA[<p>Recognizes the accomplishments and example of Cesar Estrada Chavez, pledges to promote his legacy, and encourages the people of the United States to commemorate his legacy and to always remember his rallying cry, "Si, se puede!" ("Si, se puede!" is Spanish for "Yes, we can!")</p>]]></text>
          <versionCode>00</versionCode>
          <lastSummaryUpdateDate>2017-08-14T15:54:48Z</lastSummaryUpdateDate>
          <updateDate>2017-03-30T04:00:00Z</updateDate>
          <actionDate>2017-03-30</actionDate>
        </item>
      </billSummaries>
    </summaries>
    <amendments />
  </bill>
  <dublinCore xmlns:dc="http://purl.org/dc/elements/1.1/">
    <dc:format>text/xml</dc:format>
    <dc:language>EN</dc:language>
    <dc:rights>Pursuant to Title 17 Section 105 of the United States Code, this file is not subject to copyright protection and is in the public domain.</dc:rights>
    <dc:contributor>Congressional Research Service, Library of Congress</dc:contributor>
    <dc:description>This file contains bill summaries and statuses for federal legislation. A bill summary describes the most significant provisions of a piece of legislation and details the effects the legislative text may have on current law and federal programs. Bill summaries are authored by the Congressional Research Service (CRS) of the Library of Congress. As stated in Public Law 91-510 (2 USC 166 (d)(6)), one of the duties of CRS is "to prepare summaries and digests of bills and resolutions of a public general nature introduced in the Senate or House of Representatives". For more information, refer to the User Guide that accompanies this file.</dc:description>
  </dublinCore>
</billStatus>

