<?xml version="1.0" encoding="UTF-8"?>
<billStatus>
  <bill>
    <congress>115</congress>
    <calendarNumbers />
    <cboCostEstimates />
    <actions>
      <actionByCounts>
        <houseOfRepresentatives>7</houseOfRepresentatives>
      </actionByCounts>
      <item>
        <actionDate>2017-01-11</actionDate>
        <type>Floor</type>
        <actionCode>H38310</actionCode>
        <committee />
        <text>Motion to reconsider laid on the table Agreed to without objection.</text>
        <actionTime>18:48:48</actionTime>
        <sourceSystem>
          <name>House floor actions</name>
          <code>2</code>
        </sourceSystem>
        <links />
      </item>
      <item>
        <actionDate>2017-01-11</actionDate>
        <type>Floor</type>
        <actionCode>H37100</actionCode>
        <committee />
        <text>On agreeing to the resolution Agreed to without objection. (text: CR H372)</text>
        <actionTime>18:48:38</actionTime>
        <sourceSystem>
          <name>House floor actions</name>
          <code>2</code>
        </sourceSystem>
        <links>
          <link>
            <name>H372</name>
            <url>https://www.congress.gov/congressional-record/volume-163/house-section/page/H372</url>
          </link>
        </links>
      </item>
      <item>
        <actionDate>2017-01-11</actionDate>
        <type>Floor</type>
        <actionCode>8000</actionCode>
        <committee />
        <text>Passed/agreed to in House: On agreeing to the resolution Agreed to without objection.</text>
        <actionTime>18:48:38</actionTime>
        <sourceSystem>
          <name>Library of Congress</name>
          <code>9</code>
        </sourceSystem>
        <links />
      </item>
      <item>
        <actionDate>2017-01-11</actionDate>
        <type>Floor</type>
        <actionCode>H30000</actionCode>
        <committee />
        <text>Considered by unanimous consent. (consideration: CR H372-373)</text>
        <actionTime>18:48:28</actionTime>
        <sourceSystem>
          <name>House floor actions</name>
          <code>2</code>
        </sourceSystem>
        <links>
          <link>
            <name>H372-373</name>
            <url>https://www.congress.gov/congressional-record/volume-163/house-section/page/H372-373</url>
          </link>
        </links>
      </item>
      <item>
        <actionDate>2017-01-11</actionDate>
        <type>Floor</type>
        <actionCode>H30200</actionCode>
        <committee />
        <text>Mr. Crowley asked unanimous consent to consider as introduced.</text>
        <actionTime>18:47:28</actionTime>
        <sourceSystem>
          <name>House floor actions</name>
          <code>2</code>
        </sourceSystem>
        <links />
      </item>
      <item>
        <actionDate>2017-01-11</actionDate>
        <type>IntroReferral</type>
        <actionCode>Intro-H</actionCode>
        <committee />
        <text>Introduced in House</text>
        <sourceSystem>
          <name>Library of Congress</name>
          <code>9</code>
        </sourceSystem>
        <links />
      </item>
      <item>
        <actionDate>2017-01-11</actionDate>
        <type>IntroReferral</type>
        <actionCode>1000</actionCode>
        <committee />
        <text>Introduced in House</text>
        <sourceSystem>
          <name>Library of Congress</name>
          <code>9</code>
        </sourceSystem>
        <links />
      </item>
      <actionTypeCounts>
        <motionToReconsiderResults>1</motionToReconsiderResults>
        <unanimousConsentRequestToConsider>1</unanimousConsentRequestToConsider>
        <introducedInHouse>1</introducedInHouse>
        <introducedInTheHouse>1</introducedInTheHouse>
        <passedAgreedToInHouse>1</passedAgreedToInHouse>
        <passageOfAMeasure>1</passageOfAMeasure>
        <considerationByHouse>1</considerationByHouse>
      </actionTypeCounts>
    </actions>
    <relatedBills />
    <latestAction>
      <text>Motion to reconsider laid on the table Agreed to without objection.</text>
      <actionTime>18:48:48</actionTime>
      <links />
      <actionDate>2017-01-11</actionDate>
    </latestAction>
    <originChamber>House</originChamber>
    <title>Electing Members to certain standing committees of the House of Representatives.</title>
    <titles>
      <item>
        <title>Electing Members to certain standing committees of the House of Representatives.</title>
        <chamberCode />
        <parentTitleType />
        <chamberName />
        <titleType>Official Title as Introduced</titleType>
      </item>
      <item>
        <title>Electing Members to certain standing committees of the House of Representatives.</title>
        <chamberCode />
        <parentTitleType />
        <chamberName />
        <titleType>Display Title</titleType>
      </item>
    </titles>
    <committeeReports />
    <updateDate>2017-01-13T20:31:20Z</updateDate>
    <billType>HRES</billType>
    <recordedVotes />
    <subjects>
      <billSubjects>
        <legislativeSubjects />
        <policyArea>
          <name>Congress</name>
        </policyArea>
      </billSubjects>
    </subjects>
    <policyArea>
      <name>Congress</name>
    </policyArea>
    <laws />
    <amendments />
    <committees>
      <billCommittees />
    </committees>
    <sponsors>
      <item>
        <identifiers>
          <bioguideId>C001038</bioguideId>
          <lisID>1604</lisID>
          <gpoId>8068</gpoId>
        </identifiers>
        <state>NY</state>
        <bioguideId>C001038</bioguideId>
        <lastName>CROWLEY</lastName>
        <middleName />
        <party>D</party>
        <district>14</district>
        <fullName>Rep. Crowley, Joseph [D-NY-14]</fullName>
        <byRequestType />
        <firstName>JOSEPH</firstName>
      </item>
    </sponsors>
    <introducedDate>2017-01-11</introducedDate>
    <summaries>
      <billSummaries />
    </summaries>
    <notes />
    <createDate>2017-01-12T04:45:48Z</createDate>
    <billNumber>45</billNumber>
    <cosponsors />
    <constitutionalAuthorityStatementText />
  </bill>
  <dublinCore xmlns:dc="http://purl.org/dc/elements/1.1/">
    <dc:format>text/xml</dc:format>
    <dc:language>EN</dc:language>
    <dc:rights>Pursuant to Title 17 Section 105 of the United States Code, this file is not subject to copyright protection and is in the public domain.</dc:rights>
    <dc:contributor>Congressional Research Service, Library of Congress</dc:contributor>
    <dc:description>This file contains bill summaries and statuses for federal legislation. A bill summary describes the most significant provisions of a piece of legislation and details the effects the legislative text may have on current law and federal programs. Bill summaries are authored by the Congressional Research Service (CRS) of the Library of Congress. As stated in Public Law 91-510 (2 USC 166 (d)(6)), one of the duties of CRS is "to prepare summaries and digests of bills and resolutions of a public general nature introduced in the Senate or House of Representatives". For more information, refer to the User Guide that accompanies this file.</dc:description>
  </dublinCore>
</billStatus>

