<?xml version="1.0" encoding="UTF-8"?>
<billStatus>
  <bill>
    <policyArea>
      <name>Armed Forces and National Security</name>
    </policyArea>
    <billNumber>360</billNumber>
    <laws />
    <constitutionalAuthorityStatementText />
    <originChamber>House</originChamber>
    <billType>HRES</billType>
    <summaries>
      <billSummaries>
        <item>
          <updateDate>2017-05-25T04:00:00Z</updateDate>
          <lastSummaryUpdateDate>2017-09-25T16:53:13Z</lastSummaryUpdateDate>
          <text><![CDATA[<p>Honors the soldiers and families of the 82nd Airborne Division for their service and commitment to protecting the United States.</p>]]></text>
          <actionDate>2017-05-25</actionDate>
          <actionDesc>Introduced in House</actionDesc>
          <name>Introduced in House</name>
          <versionCode>00</versionCode>
        </item>
      </billSummaries>
    </summaries>
    <relatedBills />
    <createDate>2017-05-26T03:11:37Z</createDate>
    <sponsors>
      <item>
        <lastName>Hudson</lastName>
        <party>R</party>
        <middleName />
        <fullName>Rep. Hudson, Richard [R-NC-8]</fullName>
        <identifiers>
          <bioguideId>H001067</bioguideId>
          <lisID>2140</lisID>
          <gpoId />
        </identifiers>
        <state>NC</state>
        <firstName>Richard</firstName>
        <byRequestType />
        <district>8</district>
        <bioguideId>H001067</bioguideId>
      </item>
    </sponsors>
    <notes />
    <updateDate>2018-08-28T19:54:49Z</updateDate>
    <committeeReports />
    <actions>
      <item>
        <actionDate>2017-06-16</actionDate>
        <committee>
          <systemCode>hsas02</systemCode>
          <name>Military Personnel Subcommittee</name>
        </committee>
        <links />
        <sourceSystem>
          <code>1</code>
          <name>House committee actions</name>
        </sourceSystem>
        <text>Referred to the Subcommittee on Military Personnel.</text>
        <type>Committee</type>
      </item>
      <item>
        <text>Referred to the House Committee on Armed Services.</text>
        <type>IntroReferral</type>
        <links />
        <actionDate>2017-05-25</actionDate>
        <sourceSystem>
          <code>2</code>
          <name>House floor actions</name>
        </sourceSystem>
        <committee>
          <systemCode>hsas00</systemCode>
          <name>Armed Services Committee</name>
        </committee>
        <actionCode>H11100</actionCode>
      </item>
      <item>
        <text>Introduced in House</text>
        <type>IntroReferral</type>
        <links />
        <actionDate>2017-05-25</actionDate>
        <sourceSystem>
          <code>9</code>
          <name>Library of Congress</name>
        </sourceSystem>
        <committee />
        <actionCode>Intro-H</actionCode>
      </item>
      <item>
        <text>Introduced in House</text>
        <type>IntroReferral</type>
        <links />
        <actionDate>2017-05-25</actionDate>
        <sourceSystem>
          <code>9</code>
          <name>Library of Congress</name>
        </sourceSystem>
        <committee />
        <actionCode>1000</actionCode>
      </item>
      <actionByCounts>
        <houseOfRepresentatives>4</houseOfRepresentatives>
      </actionByCounts>
      <actionTypeCounts>
        <billReferrals>1</billReferrals>
        <introducedInTheHouse>1</introducedInTheHouse>
        <placeholderTextForH>1</placeholderTextForH>
        <introducedInHouse>1</introducedInHouse>
      </actionTypeCounts>
    </actions>
    <title>Honoring the 100th anniversary of the 82nd Airborne Division.</title>
    <cosponsors>
      <item>
        <sponsorshipDate>2017-05-25</sponsorshipDate>
        <party>R</party>
        <fullName>Rep. Zeldin, Lee M. [R-NY-1]</fullName>
        <identifiers>
          <gpoId />
          <lisID>2261</lisID>
          <bioguideId>Z000017</bioguideId>
        </identifiers>
        <lastName>Zeldin</lastName>
        <firstName>Lee</firstName>
        <isOriginalCosponsor>True</isOriginalCosponsor>
        <middleName>M.</middleName>
        <sponsorshipWithdrawnDate />
        <state>NY</state>
        <district>1</district>
        <bioguideId>Z000017</bioguideId>
      </item>
      <item>
        <sponsorshipDate>2017-05-25</sponsorshipDate>
        <party>D</party>
        <fullName>Rep. Price, David E. [D-NC-4]</fullName>
        <identifiers>
          <lisID>930</lisID>
          <gpoId>8027</gpoId>
          <bioguideId>P000523</bioguideId>
        </identifiers>
        <lastName>PRICE</lastName>
        <firstName>DAVID</firstName>
        <isOriginalCosponsor>True</isOriginalCosponsor>
        <middleName>E.</middleName>
        <sponsorshipWithdrawnDate />
        <state>NC</state>
        <district>4</district>
        <bioguideId>P000523</bioguideId>
      </item>
      <item>
        <sponsorshipDate>2017-05-25</sponsorshipDate>
        <party>D</party>
        <fullName>Rep. Brown, Anthony G. [D-MD-4]</fullName>
        <identifiers>
          <gpoId />
          <lisID>2331</lisID>
          <bioguideId>B001304</bioguideId>
        </identifiers>
        <lastName>Brown</lastName>
        <firstName>Anthony</firstName>
        <isOriginalCosponsor>True</isOriginalCosponsor>
        <middleName>G.</middleName>
        <sponsorshipWithdrawnDate />
        <state>MD</state>
        <district>4</district>
        <bioguideId>B001304</bioguideId>
      </item>
    </cosponsors>
    <introducedDate>2017-05-25</introducedDate>
    <recordedVotes />
    <congress>115</congress>
    <amendments />
    <version>1.0.0</version>
    <calendarNumbers />
    <latestAction>
      <actionDate>2017-06-16</actionDate>
      <links />
      <text>Referred to the Subcommittee on Military Personnel.</text>
    </latestAction>
    <titles>
      <item>
        <chamberName />
        <parentTitleType />
        <titleType>Official Title as Introduced</titleType>
        <title>Honoring the 100th anniversary of the 82nd Airborne Division.</title>
        <chamberCode />
      </item>
      <item>
        <chamberName />
        <parentTitleType />
        <titleType>Display Title</titleType>
        <title>Honoring the 100th anniversary of the 82nd Airborne Division.</title>
        <chamberCode />
      </item>
    </titles>
    <cboCostEstimates />
    <committees>
      <billCommittees>
        <item>
          <activities>
            <item>
              <name>Referred to</name>
              <date>2017-05-25T13:01:50Z</date>
            </item>
          </activities>
          <chamber>House</chamber>
          <systemCode>hsas00</systemCode>
          <name>Armed Services Committee</name>
          <type>Standing</type>
          <subcommittees>
            <item>
              <systemCode>hsas02</systemCode>
              <activities>
                <item>
                  <name>Referred to</name>
                  <date>2017-06-16T14:22:05Z</date>
                </item>
              </activities>
              <name>Military Personnel Subcommittee</name>
            </item>
          </subcommittees>
        </item>
      </billCommittees>
    </committees>
    <subjects>
      <billSubjects>
        <legislativeSubjects>
          <item>
            <name>Commemorative events and holidays</name>
          </item>
          <item>
            <name>Conflicts and wars</name>
          </item>
          <item>
            <name>Congressional tributes</name>
          </item>
          <item>
            <name>Military history</name>
          </item>
          <item>
            <name>Military personnel and dependents</name>
          </item>
          <item>
            <name>Veterans' organizations and recognition</name>
          </item>
        </legislativeSubjects>
        <policyArea>
          <name>Armed Forces and National Security</name>
        </policyArea>
      </billSubjects>
    </subjects>
  </bill>
  <dublinCore xmlns:dc="http://purl.org/dc/elements/1.1/">
    <dc:format>text/xml</dc:format>
    <dc:language>EN</dc:language>
    <dc:rights>Pursuant to Title 17 Section 105 of the United States Code, this file is not subject to copyright protection and is in the public domain.</dc:rights>
    <dc:contributor>Congressional Research Service, Library of Congress</dc:contributor>
    <dc:description>This file contains bill summaries and statuses for federal legislation. A bill summary describes the most significant provisions of a piece of legislation and details the effects the legislative text may have on current law and federal programs. Bill summaries are authored by the Congressional Research Service (CRS) of the Library of Congress. As stated in Public Law 91-510 (2 USC 166 (d)(6)), one of the duties of CRS is "to prepare summaries and digests of bills and resolutions of a public general nature introduced in the Senate or House of Representatives". For more information, refer to the User Guide that accompanies this file.</dc:description>
  </dublinCore>
</billStatus>

