<?xml version="1.0" encoding="UTF-8"?>
<billStatus>
  <bill>
    <originChamber>House</originChamber>
    <actions>
      <actionTypeCounts>
        <passageOfAMeasure>1</passageOfAMeasure>
        <passedAgreedToInHouse>1</passedAgreedToInHouse>
        <introducedInHouse>1</introducedInHouse>
        <motionToReconsiderResults>1</motionToReconsiderResults>
        <introducedInTheHouse>1</introducedInTheHouse>
        <considerationByHouse>1</considerationByHouse>
      </actionTypeCounts>
      <actionByCounts>
        <houseOfRepresentatives>6</houseOfRepresentatives>
      </actionByCounts>
      <item>
        <links />
        <committee />
        <actionCode>H38310</actionCode>
        <actionTime>17:38:13</actionTime>
        <text>Motion to reconsider laid on the table Agreed to without objection.</text>
        <type>Floor</type>
        <sourceSystem>
          <name>House floor actions</name>
          <code>2</code>
        </sourceSystem>
        <actionDate>2017-01-03</actionDate>
      </item>
      <item>
        <links>
          <link>
            <name>H29</name>
            <url>https://www.congress.gov/congressional-record/volume-163/house-section/page/H29</url>
          </link>
        </links>
        <committee />
        <actionCode>H37100</actionCode>
        <actionTime>17:38:10</actionTime>
        <text>On agreeing to the resolution Agreed to without objection. (text: CR H29)</text>
        <type>Floor</type>
        <sourceSystem>
          <name>House floor actions</name>
          <code>2</code>
        </sourceSystem>
        <actionDate>2017-01-03</actionDate>
      </item>
      <item>
        <links>
          <link>
            <name>H29</name>
            <url>https://www.congress.gov/congressional-record/volume-163/house-section/page/H29</url>
          </link>
        </links>
        <committee />
        <actionCode>8000</actionCode>
        <actionTime>17:38:10</actionTime>
        <text>Passed/agreed to in House: On agreeing to the resolution Agreed to without objection.(text: CR H29)</text>
        <type>Floor</type>
        <sourceSystem>
          <name>Library of Congress</name>
          <code>9</code>
        </sourceSystem>
        <actionDate>2017-01-03</actionDate>
      </item>
      <item>
        <links>
          <link>
            <name>H29</name>
            <url>https://www.congress.gov/congressional-record/volume-163/house-section/page/H29</url>
          </link>
        </links>
        <committee />
        <actionCode>H30000</actionCode>
        <actionTime>17:37:38</actionTime>
        <text>Considered as privileged matter. (consideration: CR H29)</text>
        <type>Floor</type>
        <sourceSystem>
          <name>House floor actions</name>
          <code>2</code>
        </sourceSystem>
        <actionDate>2017-01-03</actionDate>
      </item>
      <item>
        <links />
        <committee />
        <actionCode>Intro-H</actionCode>
        <type>IntroReferral</type>
        <text>Introduced in House</text>
        <sourceSystem>
          <name>Library of Congress</name>
          <code>9</code>
        </sourceSystem>
        <actionDate>2017-01-03</actionDate>
      </item>
      <item>
        <links />
        <committee />
        <actionCode>1000</actionCode>
        <type>IntroReferral</type>
        <text>Introduced in House</text>
        <sourceSystem>
          <name>Library of Congress</name>
          <code>9</code>
        </sourceSystem>
        <actionDate>2017-01-03</actionDate>
      </item>
    </actions>
    <constitutionalAuthorityStatementText />
    <recordedVotes />
    <summaries>
      <billSummaries />
    </summaries>
    <billNumber>9</billNumber>
    <createDate>2017-01-04T07:01:08Z</createDate>
    <introducedDate>2017-01-03</introducedDate>
    <committeeReports />
    <calendarNumbers />
    <laws />
    <amendments />
    <billType>HRES</billType>
    <titles>
      <item>
        <titleType>Official Title as Introduced</titleType>
        <chamberName />
        <parentTitleType />
        <title>Fixing the daily hour of meeting of the First Session of the One Hundred Fifteenth Congress.</title>
        <chamberCode />
      </item>
      <item>
        <titleType>Display Title</titleType>
        <chamberName />
        <parentTitleType />
        <title>Fixing the daily hour of meeting of the First Session of the One Hundred Fifteenth Congress.</title>
        <chamberCode />
      </item>
    </titles>
    <subjects>
      <billSubjects>
        <policyArea>
          <name>Congress</name>
        </policyArea>
        <legislativeSubjects>
          <item>
            <name>Congressional operations and organization</name>
          </item>
          <item>
            <name>House of Representatives</name>
          </item>
        </legislativeSubjects>
      </billSubjects>
    </subjects>
    <updateDate>2017-01-06T19:01:19Z</updateDate>
    <title>Fixing the daily hour of meeting of the First Session of the One Hundred Fifteenth Congress.</title>
    <policyArea>
      <name>Congress</name>
    </policyArea>
    <notes />
    <congress>115</congress>
    <relatedBills />
    <cboCostEstimates />
    <committees>
      <billCommittees />
    </committees>
    <sponsors>
      <item>
        <party>R</party>
        <firstName>PETE</firstName>
        <middleName />
        <lastName>SESSIONS</lastName>
        <state>TX</state>
        <fullName>Rep. Sessions, Pete [R-TX-32]</fullName>
        <district>32</district>
        <byRequestType />
        <identifiers>
          <gpoId>8188</gpoId>
          <lisID>1525</lisID>
          <bioguideId>S000250</bioguideId>
        </identifiers>
        <bioguideId>S000250</bioguideId>
      </item>
    </sponsors>
    <latestAction>
      <actionTime>17:38:13</actionTime>
      <text>Motion to reconsider laid on the table Agreed to without objection.</text>
      <actionDate>2017-01-03</actionDate>
      <links />
    </latestAction>
    <cosponsors />
  </bill>
  <dublinCore xmlns:dc="http://purl.org/dc/elements/1.1/">
    <dc:format>text/xml</dc:format>
    <dc:language>EN</dc:language>
    <dc:rights>Pursuant to Title 17 Section 105 of the United States Code, this file is not subject to copyright protection and is in the public domain.</dc:rights>
    <dc:contributor>Congressional Research Service, Library of Congress</dc:contributor>
    <dc:description>This file contains bill summaries and statuses for federal legislation. A bill summary describes the most significant provisions of a piece of legislation and details the effects the legislative text may have on current law and federal programs. Bill summaries are authored by the Congressional Research Service (CRS) of the Library of Congress. As stated in Public Law 91-510 (2 USC 166 (d)(6)), one of the duties of CRS is "to prepare summaries and digests of bills and resolutions of a public general nature introduced in the Senate or House of Representatives". For more information, refer to the User Guide that accompanies this file.</dc:description>
  </dublinCore>
</billStatus>

