<?xml version="1.0" encoding="UTF-8"?>
<billStatus>
  <bill>
    <title>Electing Members to the Joint Committee of Congress on the Library and the Joint Committee on Printing.</title>
    <originChamber>House</originChamber>
    <updateDate>2018-08-28T19:53:56Z</updateDate>
    <constitutionalAuthorityStatementText />
    <calendarNumbers />
    <subjects>
      <billSubjects>
        <legislativeSubjects>
          <item>
            <name>Congressional committees</name>
          </item>
          <item>
            <name>House of Representatives</name>
          </item>
          <item>
            <name>Joint Committee on Printing</name>
          </item>
          <item>
            <name>Joint Committee on the Library</name>
          </item>
          <item>
            <name>Members of Congress</name>
          </item>
        </legislativeSubjects>
        <policyArea>
          <name>Congress</name>
        </policyArea>
      </billSubjects>
    </subjects>
    <version>1.0.0</version>
    <summaries>
      <billSummaries>
        <item>
          <actionDesc>Introduced in House</actionDesc>
          <actionDate>2017-02-02</actionDate>
          <lastSummaryUpdateDate>2017-03-03T23:48:04Z</lastSummaryUpdateDate>
          <name>Introduced in House</name>
          <text><![CDATA[<p>Elects members to the Joint Committee of Congress on the Library and the Joint Committee on Printing. </p>]]></text>
          <versionCode>00</versionCode>
          <updateDate>2017-02-02T05:00:00Z</updateDate>
        </item>
        <item>
          <actionDesc>Passed House without amendment</actionDesc>
          <actionDate>2017-02-02</actionDate>
          <lastSummaryUpdateDate>2017-03-03T23:48:23Z</lastSummaryUpdateDate>
          <name>Passed House without amendment</name>
          <text><![CDATA[<p>(This measure has not been amended since it was introduced. The summary of that version is repeated here.)</p> <p>Elects members to the Joint Committee of Congress on the Library and the Joint Committee on Printing. </p>]]></text>
          <versionCode>81</versionCode>
          <updateDate>2017-02-02T13:00:18Z</updateDate>
        </item>
      </billSummaries>
    </summaries>
    <billType>HRES</billType>
    <latestAction>
      <text>Motion to reconsider laid on the table Agreed to without objection.</text>
      <links />
      <actionTime>16:08:49</actionTime>
      <actionDate>2017-02-02</actionDate>
    </latestAction>
    <policyArea>
      <name>Congress</name>
    </policyArea>
    <relatedBills />
    <introducedDate>2017-02-02</introducedDate>
    <actions>
      <item>
        <actionTime>16:08:49</actionTime>
        <text>Motion to reconsider laid on the table Agreed to without objection.</text>
        <committee />
        <links />
        <actionDate>2017-02-02</actionDate>
        <sourceSystem>
          <code>2</code>
          <name>House floor actions</name>
        </sourceSystem>
        <type>Floor</type>
        <actionCode>H38310</actionCode>
      </item>
      <item>
        <actionTime>16:08:47</actionTime>
        <text>On agreeing to the resolution Agreed to without objection. (text: CR H917)</text>
        <committee />
        <links>
          <link>
            <url>https://www.congress.gov/congressional-record/volume-163/house-section/page/H917</url>
            <name>H917</name>
          </link>
        </links>
        <actionDate>2017-02-02</actionDate>
        <sourceSystem>
          <code>2</code>
          <name>House floor actions</name>
        </sourceSystem>
        <type>Floor</type>
        <actionCode>H37100</actionCode>
      </item>
      <item>
        <actionTime>16:08:47</actionTime>
        <text>Passed/agreed to in House: On agreeing to the resolution Agreed to without objection.(text: CR H917)</text>
        <committee />
        <links>
          <link>
            <url>https://www.congress.gov/congressional-record/volume-163/house-section/page/H917</url>
            <name>H917</name>
          </link>
        </links>
        <actionDate>2017-02-02</actionDate>
        <sourceSystem>
          <code>9</code>
          <name>Library of Congress</name>
        </sourceSystem>
        <type>Floor</type>
        <actionCode>8000</actionCode>
      </item>
      <item>
        <actionTime>16:08:45</actionTime>
        <text>Considered by unanimous consent. (consideration: CR H917)</text>
        <committee />
        <links>
          <link>
            <url>https://www.congress.gov/congressional-record/volume-163/house-section/page/H917</url>
            <name>H917</name>
          </link>
        </links>
        <actionDate>2017-02-02</actionDate>
        <sourceSystem>
          <code>2</code>
          <name>House floor actions</name>
        </sourceSystem>
        <type>Floor</type>
        <actionCode>H30000</actionCode>
      </item>
      <item>
        <text>Committee on House Administration discharged.</text>
        <type>Discharge</type>
        <links />
        <actionDate>2017-02-02</actionDate>
        <sourceSystem>
          <code>2</code>
          <name>House floor actions</name>
        </sourceSystem>
        <committee>
          <systemCode>hsha00</systemCode>
          <name>House Administration Committee</name>
        </committee>
        <actionCode>H12300</actionCode>
      </item>
      <item>
        <text>Committee on House Administration discharged.</text>
        <type>Committee</type>
        <links />
        <actionDate>2017-02-02</actionDate>
        <sourceSystem>
          <code>9</code>
          <name>Library of Congress</name>
        </sourceSystem>
        <committee>
          <systemCode>hsha00</systemCode>
          <name>House Administration Committee</name>
        </committee>
        <actionCode>5500</actionCode>
      </item>
      <item>
        <actionTime>16:08:19</actionTime>
        <text>Mr. Harper asked unanimous consent to discharge from committee and consider.</text>
        <committee />
        <links />
        <actionDate>2017-02-02</actionDate>
        <sourceSystem>
          <code>2</code>
          <name>House floor actions</name>
        </sourceSystem>
        <type>Floor</type>
        <actionCode>H30200</actionCode>
      </item>
      <item>
        <text>Referred to the House Committee on House Administration.</text>
        <type>IntroReferral</type>
        <links />
        <actionDate>2017-02-02</actionDate>
        <sourceSystem>
          <code>2</code>
          <name>House floor actions</name>
        </sourceSystem>
        <committee>
          <systemCode>hsha00</systemCode>
          <name>House Administration Committee</name>
        </committee>
        <actionCode>H11100</actionCode>
      </item>
      <item>
        <text>Introduced in House</text>
        <type>IntroReferral</type>
        <links />
        <actionDate>2017-02-02</actionDate>
        <sourceSystem>
          <code>9</code>
          <name>Library of Congress</name>
        </sourceSystem>
        <committee />
        <actionCode>Intro-H</actionCode>
      </item>
      <item>
        <text>Introduced in House</text>
        <type>IntroReferral</type>
        <links />
        <actionDate>2017-02-02</actionDate>
        <sourceSystem>
          <code>9</code>
          <name>Library of Congress</name>
        </sourceSystem>
        <committee />
        <actionCode>1000</actionCode>
      </item>
      <actionByCounts>
        <houseOfRepresentatives>10</houseOfRepresentatives>
      </actionByCounts>
      <actionTypeCounts>
        <committeeDischarged>1</committeeDischarged>
        <introducedInHouse>1</introducedInHouse>
        <introducedInTheHouse>1</introducedInTheHouse>
        <considerationByHouse>1</considerationByHouse>
        <motionToReconsiderResults>1</motionToReconsiderResults>
        <unanimousConsentRequestToConsider>1</unanimousConsentRequestToConsider>
        <houseCommitteeDischarged>1</houseCommitteeDischarged>
        <passageOfAMeasure>1</passageOfAMeasure>
        <billReferrals>1</billReferrals>
        <passedAgreedToInHouse>1</passedAgreedToInHouse>
      </actionTypeCounts>
    </actions>
    <laws />
    <congress>115</congress>
    <committeeReports />
    <billNumber>82</billNumber>
    <cboCostEstimates />
    <cosponsors />
    <committees>
      <billCommittees>
        <item>
          <systemCode>hsha00</systemCode>
          <type>Standing</type>
          <activities>
            <item>
              <date>2017-02-02T21:08:24Z</date>
              <name>Discharged from</name>
            </item>
            <item>
              <date>2017-02-02T21:07:22Z</date>
              <name>Referred to</name>
            </item>
          </activities>
          <name>House Administration Committee</name>
          <subcommittees />
          <chamber>House</chamber>
        </item>
      </billCommittees>
    </committees>
    <notes />
    <amendments />
    <recordedVotes />
    <createDate>2017-02-03T05:17:27Z</createDate>
    <sponsors>
      <item>
        <bioguideId>H001045</bioguideId>
        <party>R</party>
        <firstName>Gregg</firstName>
        <fullName>Rep. Harper, Gregg [R-MS-3]</fullName>
        <state>MS</state>
        <district>3</district>
        <lastName>Harper</lastName>
        <middleName />
        <identifiers>
          <bioguideId>H001045</bioguideId>
          <lisID>1933</lisID>
          <gpoId>8021</gpoId>
        </identifiers>
        <byRequestType />
      </item>
    </sponsors>
    <titles>
      <item>
        <titleType>Official Title as Introduced</titleType>
        <title>Electing Members to the Joint Committee of Congress on the Library and the Joint Committee on Printing.</title>
        <parentTitleType />
        <chamberCode />
        <chamberName />
      </item>
      <item>
        <titleType>Display Title</titleType>
        <title>Electing Members to the Joint Committee of Congress on the Library and the Joint Committee on Printing.</title>
        <parentTitleType />
        <chamberCode />
        <chamberName />
      </item>
    </titles>
  </bill>
  <dublinCore xmlns:dc="http://purl.org/dc/elements/1.1/">
    <dc:format>text/xml</dc:format>
    <dc:language>EN</dc:language>
    <dc:rights>Pursuant to Title 17 Section 105 of the United States Code, this file is not subject to copyright protection and is in the public domain.</dc:rights>
    <dc:contributor>Congressional Research Service, Library of Congress</dc:contributor>
    <dc:description>This file contains bill summaries and statuses for federal legislation. A bill summary describes the most significant provisions of a piece of legislation and details the effects the legislative text may have on current law and federal programs. Bill summaries are authored by the Congressional Research Service (CRS) of the Library of Congress. As stated in Public Law 91-510 (2 USC 166 (d)(6)), one of the duties of CRS is "to prepare summaries and digests of bills and resolutions of a public general nature introduced in the Senate or House of Representatives". For more information, refer to the User Guide that accompanies this file.</dc:description>
  </dublinCore>
</billStatus>

