<?xml version="1.0" encoding="UTF-8"?>
<billStatus>
  <bill>
    <actions>
      <item>
        <type>IntroReferral</type>
        <committee>
          <name>Oversight and Government Reform Committee</name>
          <systemCode>hsgo00</systemCode>
        </committee>
        <links />
        <actionDate>2017-01-05</actionDate>
        <text>Referred to the House Committee on Oversight and Government Reform.</text>
        <actionCode>H11100</actionCode>
        <sourceSystem>
          <name>House floor actions</name>
          <code>2</code>
        </sourceSystem>
      </item>
      <item>
        <type>IntroReferral</type>
        <committee />
        <links />
        <actionDate>2017-01-05</actionDate>
        <text>Introduced in House</text>
        <actionCode>Intro-H</actionCode>
        <sourceSystem>
          <name>Library of Congress</name>
          <code>9</code>
        </sourceSystem>
      </item>
      <item>
        <type>IntroReferral</type>
        <committee />
        <links />
        <actionDate>2017-01-05</actionDate>
        <text>Introduced in House</text>
        <actionCode>1000</actionCode>
        <sourceSystem>
          <name>Library of Congress</name>
          <code>9</code>
        </sourceSystem>
      </item>
      <actionByCounts>
        <houseOfRepresentatives>3</houseOfRepresentatives>
      </actionByCounts>
      <actionTypeCounts>
        <billReferrals>1</billReferrals>
        <introducedInTheHouse>1</introducedInTheHouse>
        <introducedInHouse>1</introducedInHouse>
      </actionTypeCounts>
    </actions>
    <amendments />
    <updateDate>2017-01-14T09:56:13Z</updateDate>
    <titles>
      <item>
        <parentTitleType />
        <chamberCode />
        <chamberName />
        <titleType>Official Title as Introduced</titleType>
        <title>Expressing the sense of the House of Representatives that the United States Postal Service should take all appropriate measures to ensure the continuation of door delivery for all business and residential customers.</title>
      </item>
      <item>
        <parentTitleType />
        <chamberCode />
        <chamberName />
        <titleType>Display Title</titleType>
        <title>Expressing the sense of the House of Representatives that the United States Postal Service should take all appropriate measures to ensure the continuation of door delivery for all business and residential customers.</title>
      </item>
    </titles>
    <notes />
    <originChamber>House</originChamber>
    <committeeReports />
    <introducedDate>2017-01-05</introducedDate>
    <sponsors>
      <item>
        <middleName>A.</middleName>
        <firstName>SUSAN</firstName>
        <bioguideId>D000598</bioguideId>
        <district>53</district>
        <byRequestType />
        <state>CA</state>
        <identifiers>
          <bioguideId>D000598</bioguideId>
          <lisID>1641</lisID>
          <gpoId>7858</gpoId>
        </identifiers>
        <party>D</party>
        <lastName>DAVIS</lastName>
        <fullName>Rep. Davis, Susan A. [D-CA-53]</fullName>
      </item>
    </sponsors>
    <summaries>
      <billSummaries>
        <item>
          <text><![CDATA[<p>Expresses the sense of the House of Representatives that the U.S. Postal Service should take all appropriate measures to ensure the continuation of door delivery for all businesses and residential customers.</p>]]></text>
          <actionDesc>Introduced in House</actionDesc>
          <name>Introduced in House</name>
          <versionCode>00</versionCode>
          <actionDate>2017-01-05</actionDate>
          <lastSummaryUpdateDate>2017-01-07T17:21:24Z</lastSummaryUpdateDate>
          <updateDate>2017-01-05T05:00:00Z</updateDate>
        </item>
      </billSummaries>
    </summaries>
    <calendarNumbers />
    <latestAction>
      <actionDate>2017-01-05</actionDate>
      <links />
      <text>Referred to the House Committee on Oversight and Government Reform.</text>
    </latestAction>
    <congress>115</congress>
    <cosponsors>
      <item>
        <sponsorshipDate>2017-01-05</sponsorshipDate>
        <party>R</party>
        <lastName>Joyce</lastName>
        <sponsorshipWithdrawnDate />
        <bioguideId>J000295</bioguideId>
        <isOriginalCosponsor>True</isOriginalCosponsor>
        <district>14</district>
        <state>OH</state>
        <middleName>P.</middleName>
        <identifiers>
          <bioguideId>J000295</bioguideId>
          <gpoId />
          <lisID>2154</lisID>
        </identifiers>
        <fullName>Rep. Joyce, David P. [R-OH-14]</fullName>
        <firstName>David</firstName>
      </item>
      <item>
        <sponsorshipDate>2017-01-05</sponsorshipDate>
        <party>R</party>
        <lastName>KING</lastName>
        <sponsorshipWithdrawnDate />
        <bioguideId>K000210</bioguideId>
        <isOriginalCosponsor>True</isOriginalCosponsor>
        <district>2</district>
        <state>NY</state>
        <middleName>T.</middleName>
        <identifiers>
          <lisID>635</lisID>
          <gpoId>8064</gpoId>
          <bioguideId>K000210</bioguideId>
        </identifiers>
        <fullName>Rep. King, Peter T. [R-NY-2]</fullName>
        <firstName>PETER</firstName>
      </item>
      <item>
        <sponsorshipDate>2017-01-09</sponsorshipDate>
        <party>D</party>
        <lastName>Cardenas</lastName>
        <sponsorshipWithdrawnDate />
        <bioguideId>C001097</bioguideId>
        <isOriginalCosponsor>False</isOriginalCosponsor>
        <district>29</district>
        <state>CA</state>
        <middleName />
        <identifiers>
          <bioguideId>C001097</bioguideId>
          <gpoId />
          <lisID>2107</lisID>
        </identifiers>
        <fullName>Rep. Cardenas, Tony [D-CA-29]</fullName>
        <firstName>Tony</firstName>
      </item>
      <item>
        <sponsorshipDate>2017-01-09</sponsorshipDate>
        <party>D</party>
        <lastName>Speier</lastName>
        <sponsorshipWithdrawnDate />
        <bioguideId>S001175</bioguideId>
        <isOriginalCosponsor>False</isOriginalCosponsor>
        <district>14</district>
        <state>CA</state>
        <middleName />
        <identifiers>
          <bioguideId>S001175</bioguideId>
          <gpoId>7817</gpoId>
          <lisID>1890</lisID>
        </identifiers>
        <fullName>Rep. Speier, Jackie [D-CA-14]</fullName>
        <firstName>Jackie</firstName>
      </item>
      <item>
        <sponsorshipDate>2017-01-09</sponsorshipDate>
        <party>D</party>
        <lastName>LANGEVIN</lastName>
        <sponsorshipWithdrawnDate />
        <bioguideId>L000559</bioguideId>
        <isOriginalCosponsor>False</isOriginalCosponsor>
        <district>2</district>
        <state>RI</state>
        <middleName>R.</middleName>
        <identifiers>
          <lisID>1668</lisID>
          <gpoId>8140</gpoId>
          <bioguideId>L000559</bioguideId>
        </identifiers>
        <fullName>Rep. Langevin, James R. [D-RI-2]</fullName>
        <firstName>JAMES</firstName>
      </item>
      <item>
        <sponsorshipDate>2017-01-09</sponsorshipDate>
        <party>R</party>
        <lastName>Costello</lastName>
        <sponsorshipWithdrawnDate />
        <bioguideId>C001106</bioguideId>
        <isOriginalCosponsor>False</isOriginalCosponsor>
        <district>6</district>
        <state>PA</state>
        <middleName>A.</middleName>
        <identifiers>
          <lisID>2266</lisID>
          <gpoId />
          <bioguideId>C001106</bioguideId>
        </identifiers>
        <fullName>Rep. Costello, Ryan A. [R-PA-6]</fullName>
        <firstName>Ryan</firstName>
      </item>
      <item>
        <sponsorshipDate>2017-01-09</sponsorshipDate>
        <party>D</party>
        <lastName>NAPOLITANO</lastName>
        <sponsorshipWithdrawnDate />
        <bioguideId>N000179</bioguideId>
        <isOriginalCosponsor>False</isOriginalCosponsor>
        <district>32</district>
        <state>CA</state>
        <middleName>F.</middleName>
        <identifiers>
          <bioguideId>N000179</bioguideId>
          <gpoId>7843</gpoId>
          <lisID>1602</lisID>
        </identifiers>
        <fullName>Rep. Napolitano, Grace F. [D-CA-32]</fullName>
        <firstName>GRACE</firstName>
      </item>
      <item>
        <sponsorshipDate>2017-01-09</sponsorshipDate>
        <party>R</party>
        <lastName>Thompson</lastName>
        <sponsorshipWithdrawnDate />
        <bioguideId>T000467</bioguideId>
        <isOriginalCosponsor>False</isOriginalCosponsor>
        <district>5</district>
        <state>PA</state>
        <middleName />
        <identifiers>
          <lisID>1952</lisID>
          <gpoId>8123</gpoId>
          <bioguideId>T000467</bioguideId>
        </identifiers>
        <fullName>Rep. Thompson, Glenn [R-PA-5]</fullName>
        <firstName>Glenn</firstName>
      </item>
      <item>
        <sponsorshipDate>2017-01-10</sponsorshipDate>
        <party>D</party>
        <lastName>Castro</lastName>
        <sponsorshipWithdrawnDate />
        <bioguideId>C001091</bioguideId>
        <isOriginalCosponsor>False</isOriginalCosponsor>
        <district>20</district>
        <state>TX</state>
        <middleName />
        <identifiers>
          <gpoId />
          <bioguideId>C001091</bioguideId>
          <lisID>2163</lisID>
        </identifiers>
        <fullName>Rep. Castro, Joaquin [D-TX-20]</fullName>
        <firstName>Joaquin</firstName>
      </item>
      <item>
        <sponsorshipDate>2017-01-10</sponsorshipDate>
        <party>D</party>
        <lastName>NOLAN</lastName>
        <sponsorshipWithdrawnDate />
        <bioguideId>N000127</bioguideId>
        <isOriginalCosponsor>False</isOriginalCosponsor>
        <district>8</district>
        <state>MN</state>
        <middleName />
        <identifiers>
          <lisID>867</lisID>
          <gpoId />
          <bioguideId>N000127</bioguideId>
        </identifiers>
        <fullName>Rep. Nolan, Richard M. [D-MN-8]</fullName>
        <firstName>RICHARD</firstName>
      </item>
      <item>
        <sponsorshipDate>2017-01-13</sponsorshipDate>
        <party>D</party>
        <lastName>Cicilline</lastName>
        <sponsorshipWithdrawnDate />
        <bioguideId>C001084</bioguideId>
        <isOriginalCosponsor>False</isOriginalCosponsor>
        <district>1</district>
        <state>RI</state>
        <middleName>N.</middleName>
        <identifiers>
          <lisID>2055</lisID>
          <gpoId>8139</gpoId>
          <bioguideId>C001084</bioguideId>
        </identifiers>
        <fullName>Rep. Cicilline, David N. [D-RI-1]</fullName>
        <firstName>David</firstName>
      </item>
      <item>
        <sponsorshipDate>2017-01-13</sponsorshipDate>
        <party>D</party>
        <lastName>Ruppersberger</lastName>
        <sponsorshipWithdrawnDate />
        <bioguideId>R000576</bioguideId>
        <isOriginalCosponsor>False</isOriginalCosponsor>
        <district>2</district>
        <state>MD</state>
        <middleName>Dutch</middleName>
        <identifiers>
          <lisID>1728</lisID>
          <gpoId>7977</gpoId>
          <bioguideId>R000576</bioguideId>
        </identifiers>
        <fullName>Rep. Ruppersberger, C. A. Dutch [D-MD-2]</fullName>
        <firstName>C. A.</firstName>
      </item>
      <item>
        <sponsorshipDate>2017-01-13</sponsorshipDate>
        <party>D</party>
        <lastName>Garamendi</lastName>
        <sponsorshipWithdrawnDate />
        <bioguideId>G000559</bioguideId>
        <isOriginalCosponsor>False</isOriginalCosponsor>
        <district>3</district>
        <state>CA</state>
        <middleName />
        <identifiers>
          <bioguideId>G000559</bioguideId>
          <lisID>1973</lisID>
          <gpoId>7815</gpoId>
        </identifiers>
        <fullName>Rep. Garamendi, John [D-CA-3]</fullName>
        <firstName>John</firstName>
      </item>
      <item>
        <sponsorshipDate>2017-01-13</sponsorshipDate>
        <party>D</party>
        <lastName>Kildee</lastName>
        <sponsorshipWithdrawnDate />
        <bioguideId>K000380</bioguideId>
        <isOriginalCosponsor>False</isOriginalCosponsor>
        <district>5</district>
        <state>MI</state>
        <middleName>T.</middleName>
        <identifiers>
          <gpoId />
          <bioguideId>K000380</bioguideId>
          <lisID>2134</lisID>
        </identifiers>
        <fullName>Rep. Kildee, Daniel T. [D-MI-5]</fullName>
        <firstName>Daniel</firstName>
      </item>
      <item>
        <sponsorshipDate>2017-01-13</sponsorshipDate>
        <party>D</party>
        <lastName>SERRANO</lastName>
        <sponsorshipWithdrawnDate />
        <bioguideId>S000248</bioguideId>
        <isOriginalCosponsor>False</isOriginalCosponsor>
        <district>15</district>
        <state>NY</state>
        <middleName>E.</middleName>
        <identifiers>
          <lisID>1042</lisID>
          <gpoId>8077</gpoId>
          <bioguideId>S000248</bioguideId>
        </identifiers>
        <fullName>Rep. Serrano, Jose E. [D-NY-15]</fullName>
        <firstName>JOSE</firstName>
      </item>
      <item>
        <sponsorshipDate>2017-01-13</sponsorshipDate>
        <party>D</party>
        <lastName>Brownley</lastName>
        <sponsorshipWithdrawnDate />
        <bioguideId>B001285</bioguideId>
        <isOriginalCosponsor>False</isOriginalCosponsor>
        <district>26</district>
        <state>CA</state>
        <middleName />
        <identifiers>
          <lisID>2106</lisID>
          <gpoId />
          <bioguideId>B001285</bioguideId>
        </identifiers>
        <fullName>Rep. Brownley, Julia [D-CA-26]</fullName>
        <firstName>Julia</firstName>
      </item>
      <item>
        <sponsorshipDate>2017-01-13</sponsorshipDate>
        <party>D</party>
        <lastName>Aguilar</lastName>
        <sponsorshipWithdrawnDate />
        <bioguideId>A000371</bioguideId>
        <isOriginalCosponsor>False</isOriginalCosponsor>
        <district>31</district>
        <state>CA</state>
        <middleName />
        <identifiers>
          <lisID>2229</lisID>
          <gpoId />
          <bioguideId>A000371</bioguideId>
        </identifiers>
        <fullName>Rep. Aguilar, Pete [D-CA-31]</fullName>
        <firstName>Pete</firstName>
      </item>
      <item>
        <sponsorshipDate>2017-01-13</sponsorshipDate>
        <party>D</party>
        <lastName>DelBene</lastName>
        <sponsorshipWithdrawnDate />
        <bioguideId>D000617</bioguideId>
        <isOriginalCosponsor>False</isOriginalCosponsor>
        <district>1</district>
        <state>WA</state>
        <middleName>K.</middleName>
        <identifiers>
          <lisID>2096</lisID>
          <gpoId>8374</gpoId>
          <bioguideId>D000617</bioguideId>
        </identifiers>
        <fullName>Rep. DelBene, Suzan K. [D-WA-1]</fullName>
        <firstName>Suzan</firstName>
      </item>
      <item>
        <sponsorshipDate>2017-01-13</sponsorshipDate>
        <party>D</party>
        <lastName>Pocan</lastName>
        <sponsorshipWithdrawnDate />
        <bioguideId>P000607</bioguideId>
        <isOriginalCosponsor>False</isOriginalCosponsor>
        <district>2</district>
        <state>WI</state>
        <middleName />
        <identifiers>
          <lisID>2171</lisID>
          <gpoId />
          <bioguideId>P000607</bioguideId>
        </identifiers>
        <fullName>Rep. Pocan, Mark [D-WI-2]</fullName>
        <firstName>Mark</firstName>
      </item>
      <item>
        <sponsorshipDate>2017-01-13</sponsorshipDate>
        <party>D</party>
        <lastName>NORTON</lastName>
        <sponsorshipWithdrawnDate />
        <bioguideId>N000147</bioguideId>
        <isOriginalCosponsor>False</isOriginalCosponsor>
        <district>0</district>
        <state>DC</state>
        <middleName>HOLMES</middleName>
        <identifiers>
          <bioguideId>N000147</bioguideId>
          <gpoId>7871</gpoId>
          <lisID>868</lisID>
        </identifiers>
        <fullName>Rep. Norton, Eleanor Holmes [D-DC-At Large]</fullName>
        <firstName>ELEANOR</firstName>
      </item>
      <item>
        <sponsorshipDate>2017-01-13</sponsorshipDate>
        <party>D</party>
        <lastName>SANCHEZ</lastName>
        <sponsorshipWithdrawnDate />
        <bioguideId>S001156</bioguideId>
        <isOriginalCosponsor>False</isOriginalCosponsor>
        <district>38</district>
        <state>CA</state>
        <middleName>T.</middleName>
        <identifiers>
          <bioguideId>S001156</bioguideId>
          <lisID>1757</lisID>
          <gpoId>7844</gpoId>
        </identifiers>
        <fullName>Rep. Sanchez, Linda T. [D-CA-38]</fullName>
        <firstName>LINDA</firstName>
      </item>
      <item>
        <sponsorshipDate>2017-01-13</sponsorshipDate>
        <party>D</party>
        <lastName>JACKSON LEE</lastName>
        <sponsorshipWithdrawnDate />
        <bioguideId>J000032</bioguideId>
        <isOriginalCosponsor>False</isOriginalCosponsor>
        <district>18</district>
        <state>TX</state>
        <middleName />
        <identifiers>
          <bioguideId>J000032</bioguideId>
          <gpoId>8174</gpoId>
          <lisID>588</lisID>
        </identifiers>
        <fullName>Rep. Jackson Lee, Sheila [D-TX-18]</fullName>
        <firstName>SHEILA</firstName>
      </item>
      <item>
        <sponsorshipDate>2017-01-13</sponsorshipDate>
        <party>D</party>
        <lastName>DOYLE</lastName>
        <sponsorshipWithdrawnDate />
        <bioguideId>D000482</bioguideId>
        <isOriginalCosponsor>False</isOriginalCosponsor>
        <district>14</district>
        <state>PA</state>
        <middleName />
        <identifiers>
          <lisID>316</lisID>
          <gpoId>8132</gpoId>
          <bioguideId>D000482</bioguideId>
        </identifiers>
        <fullName>Rep. Doyle, Michael F. [D-PA-14]</fullName>
        <firstName>MIKE</firstName>
      </item>
      <item>
        <sponsorshipDate>2017-01-13</sponsorshipDate>
        <party>D</party>
        <lastName>Cartwright</lastName>
        <sponsorshipWithdrawnDate />
        <bioguideId>C001090</bioguideId>
        <isOriginalCosponsor>False</isOriginalCosponsor>
        <district>17</district>
        <state>PA</state>
        <middleName />
        <identifiers>
          <bioguideId>C001090</bioguideId>
          <lisID>2159</lisID>
          <gpoId />
        </identifiers>
        <fullName>Rep. Cartwright, Matt [D-PA-17]</fullName>
        <firstName>Matt</firstName>
      </item>
      <item>
        <sponsorshipDate>2017-01-13</sponsorshipDate>
        <party>R</party>
        <lastName>Davis</lastName>
        <sponsorshipWithdrawnDate />
        <bioguideId>D000619</bioguideId>
        <isOriginalCosponsor>False</isOriginalCosponsor>
        <district>13</district>
        <state>IL</state>
        <middleName />
        <identifiers>
          <bioguideId>D000619</bioguideId>
          <gpoId />
          <lisID>2126</lisID>
        </identifiers>
        <fullName>Rep. Davis, Rodney [R-IL-13]</fullName>
        <firstName>Rodney</firstName>
      </item>
      <item>
        <sponsorshipDate>2017-01-13</sponsorshipDate>
        <party>D</party>
        <lastName>DEFAZIO</lastName>
        <sponsorshipWithdrawnDate />
        <bioguideId>D000191</bioguideId>
        <isOriginalCosponsor>False</isOriginalCosponsor>
        <district>4</district>
        <state>OR</state>
        <middleName>A.</middleName>
        <identifiers>
          <lisID>279</lisID>
          <gpoId>8117</gpoId>
          <bioguideId>D000191</bioguideId>
        </identifiers>
        <fullName>Rep. DeFazio, Peter A. [D-OR-4]</fullName>
        <firstName>PETER</firstName>
      </item>
      <item>
        <sponsorshipDate>2017-01-13</sponsorshipDate>
        <party>D</party>
        <lastName>Deutch</lastName>
        <sponsorshipWithdrawnDate />
        <bioguideId>D000610</bioguideId>
        <isOriginalCosponsor>False</isOriginalCosponsor>
        <district>22</district>
        <state>FL</state>
        <middleName>E.</middleName>
        <identifiers>
          <bioguideId>D000610</bioguideId>
          <lisID>1976</lisID>
          <gpoId>7891</gpoId>
        </identifiers>
        <fullName>Rep. Deutch, Theodore E. [D-FL-22]</fullName>
        <firstName>Theodore</firstName>
      </item>
      <item>
        <sponsorshipDate>2017-01-13</sponsorshipDate>
        <party>R</party>
        <lastName>Faso</lastName>
        <sponsorshipWithdrawnDate />
        <bioguideId>F000464</bioguideId>
        <isOriginalCosponsor>False</isOriginalCosponsor>
        <district>19</district>
        <state>NY</state>
        <middleName>J.</middleName>
        <identifiers>
          <lisID>2343</lisID>
          <gpoId />
          <bioguideId>F000464</bioguideId>
        </identifiers>
        <fullName>Rep. Faso, John J. [R-NY-19]</fullName>
        <firstName>John</firstName>
      </item>
      <item>
        <sponsorshipDate>2017-01-13</sponsorshipDate>
        <party>D</party>
        <lastName>VELAZQUEZ</lastName>
        <sponsorshipWithdrawnDate />
        <bioguideId>V000081</bioguideId>
        <isOriginalCosponsor>False</isOriginalCosponsor>
        <district>7</district>
        <state>NY</state>
        <middleName>M.</middleName>
        <identifiers>
          <lisID>1184</lisID>
          <gpoId>8073</gpoId>
          <bioguideId>V000081</bioguideId>
        </identifiers>
        <fullName>Rep. Velazquez, Nydia M. [D-NY-7]</fullName>
        <firstName>NYDIA</firstName>
      </item>
      <item>
        <sponsorshipDate>2017-01-13</sponsorshipDate>
        <party>D</party>
        <lastName>Titus</lastName>
        <sponsorshipWithdrawnDate />
        <bioguideId>T000468</bioguideId>
        <isOriginalCosponsor>False</isOriginalCosponsor>
        <district>1</district>
        <state>NV</state>
        <middleName />
        <identifiers>
          <bioguideId>T000468</bioguideId>
          <lisID>1940</lisID>
          <gpoId>7493</gpoId>
        </identifiers>
        <fullName>Rep. Titus, Dina [D-NV-1]</fullName>
        <firstName>Dina</firstName>
      </item>
      <item>
        <sponsorshipDate>2017-01-13</sponsorshipDate>
        <party>D</party>
        <lastName>Walz</lastName>
        <sponsorshipWithdrawnDate />
        <bioguideId>W000799</bioguideId>
        <isOriginalCosponsor>False</isOriginalCosponsor>
        <district>1</district>
        <state>MN</state>
        <middleName>J.</middleName>
        <identifiers>
          <gpoId>8001</gpoId>
          <bioguideId>W000799</bioguideId>
          <lisID>1856</lisID>
        </identifiers>
        <fullName>Rep. Walz, Timothy J. [D-MN-1]</fullName>
        <firstName>Timothy</firstName>
      </item>
      <item>
        <sponsorshipDate>2017-01-13</sponsorshipDate>
        <party>D</party>
        <lastName>McNerney</lastName>
        <sponsorshipWithdrawnDate />
        <bioguideId>M001166</bioguideId>
        <isOriginalCosponsor>False</isOriginalCosponsor>
        <district>9</district>
        <state>CA</state>
        <middleName />
        <identifiers>
          <gpoId>7816</gpoId>
          <bioguideId>M001166</bioguideId>
          <lisID>1832</lisID>
        </identifiers>
        <fullName>Rep. McNerney, Jerry [D-CA-9]</fullName>
        <firstName>Jerry</firstName>
      </item>
      <item>
        <sponsorshipDate>2017-01-13</sponsorshipDate>
        <party>D</party>
        <lastName>Lawrence</lastName>
        <sponsorshipWithdrawnDate />
        <bioguideId>L000581</bioguideId>
        <isOriginalCosponsor>False</isOriginalCosponsor>
        <district>14</district>
        <state>MI</state>
        <middleName>L.</middleName>
        <identifiers>
          <bioguideId>L000581</bioguideId>
          <lisID>2252</lisID>
          <gpoId />
        </identifiers>
        <fullName>Rep. Lawrence, Brenda L. [D-MI-14]</fullName>
        <firstName>Brenda</firstName>
      </item>
      <item>
        <sponsorshipDate>2017-01-13</sponsorshipDate>
        <party>D</party>
        <lastName>Maloney</lastName>
        <sponsorshipWithdrawnDate />
        <bioguideId>M001185</bioguideId>
        <isOriginalCosponsor>False</isOriginalCosponsor>
        <district>18</district>
        <state>NY</state>
        <middleName>Patrick</middleName>
        <identifiers>
          <gpoId />
          <bioguideId>M001185</bioguideId>
          <lisID>2150</lisID>
        </identifiers>
        <fullName>Rep. Maloney, Sean Patrick [D-NY-18]</fullName>
        <firstName>Sean</firstName>
      </item>
      <item>
        <sponsorshipDate>2017-01-13</sponsorshipDate>
        <party>D</party>
        <lastName>BRADY</lastName>
        <sponsorshipWithdrawnDate />
        <bioguideId>B001227</bioguideId>
        <isOriginalCosponsor>False</isOriginalCosponsor>
        <district>1</district>
        <state>PA</state>
        <middleName>A.</middleName>
        <identifiers>
          <lisID>1469</lisID>
          <gpoId>8119</gpoId>
          <bioguideId>B001227</bioguideId>
        </identifiers>
        <fullName>Rep. Brady, Robert A. [D-PA-1]</fullName>
        <firstName>ROBERT</firstName>
      </item>
      <item>
        <sponsorshipDate>2017-01-13</sponsorshipDate>
        <party>R</party>
        <lastName>Kelly</lastName>
        <sponsorshipWithdrawnDate />
        <bioguideId>K000376</bioguideId>
        <isOriginalCosponsor>False</isOriginalCosponsor>
        <district>3</district>
        <state>PA</state>
        <middleName />
        <identifiers>
          <gpoId>8708</gpoId>
          <bioguideId>K000376</bioguideId>
          <lisID>2051</lisID>
        </identifiers>
        <fullName>Rep. Kelly, Mike [R-PA-3]</fullName>
        <firstName>Mike</firstName>
      </item>
      <item>
        <sponsorshipDate>2017-01-13</sponsorshipDate>
        <party>D</party>
        <lastName>Lujan Grisham</lastName>
        <sponsorshipWithdrawnDate />
        <bioguideId>L000580</bioguideId>
        <isOriginalCosponsor>False</isOriginalCosponsor>
        <district>1</district>
        <state>NM</state>
        <middleName />
        <identifiers>
          <bioguideId>L000580</bioguideId>
          <lisID>2146</lisID>
          <gpoId />
        </identifiers>
        <fullName>Rep. Lujan Grisham, Michelle [D-NM-1]</fullName>
        <firstName>Michelle</firstName>
      </item>
      <item>
        <sponsorshipDate>2017-01-13</sponsorshipDate>
        <party>D</party>
        <lastName>Swalwell</lastName>
        <sponsorshipWithdrawnDate />
        <bioguideId>S001193</bioguideId>
        <isOriginalCosponsor>False</isOriginalCosponsor>
        <district>15</district>
        <state>CA</state>
        <middleName />
        <identifiers>
          <lisID>2104</lisID>
          <gpoId />
          <bioguideId>S001193</bioguideId>
        </identifiers>
        <fullName>Rep. Swalwell, Eric [D-CA-15]</fullName>
        <firstName>Eric</firstName>
      </item>
      <item>
        <sponsorshipDate>2017-01-13</sponsorshipDate>
        <party>D</party>
        <lastName>RUSH</lastName>
        <sponsorshipWithdrawnDate />
        <bioguideId>R000515</bioguideId>
        <isOriginalCosponsor>False</isOriginalCosponsor>
        <district>1</district>
        <state>IL</state>
        <middleName>L.</middleName>
        <identifiers>
          <lisID>1003</lisID>
          <gpoId>7921</gpoId>
          <bioguideId>R000515</bioguideId>
        </identifiers>
        <fullName>Rep. Rush, Bobby L. [D-IL-1]</fullName>
        <firstName>BOBBY</firstName>
      </item>
      <item>
        <sponsorshipDate>2017-01-13</sponsorshipDate>
        <party>D</party>
        <lastName>Gonzalez</lastName>
        <sponsorshipWithdrawnDate />
        <bioguideId>G000581</bioguideId>
        <isOriginalCosponsor>False</isOriginalCosponsor>
        <district>15</district>
        <state>TX</state>
        <middleName />
        <identifiers>
          <lisID>2349</lisID>
          <gpoId />
          <bioguideId>G000581</bioguideId>
        </identifiers>
        <fullName>Rep. Gonzalez, Vicente [D-TX-15]</fullName>
        <firstName>Vicente</firstName>
      </item>
      <item>
        <sponsorshipDate>2017-01-13</sponsorshipDate>
        <party>R</party>
        <lastName>LOBIONDO</lastName>
        <sponsorshipWithdrawnDate />
        <bioguideId>L000554</bioguideId>
        <isOriginalCosponsor>False</isOriginalCosponsor>
        <district>2</district>
        <state>NJ</state>
        <middleName>A.</middleName>
        <identifiers>
          <lisID>699</lisID>
          <gpoId>8044</gpoId>
          <bioguideId>L000554</bioguideId>
        </identifiers>
        <fullName>Rep. LoBiondo, Frank A. [R-NJ-2]</fullName>
        <firstName>FRANK</firstName>
      </item>
      <item>
        <sponsorshipDate>2017-01-13</sponsorshipDate>
        <party>D</party>
        <lastName>CROWLEY</lastName>
        <sponsorshipWithdrawnDate />
        <bioguideId>C001038</bioguideId>
        <isOriginalCosponsor>False</isOriginalCosponsor>
        <district>14</district>
        <state>NY</state>
        <middleName />
        <identifiers>
          <lisID>1604</lisID>
          <gpoId>8068</gpoId>
          <bioguideId>C001038</bioguideId>
        </identifiers>
        <fullName>Rep. Crowley, Joseph [D-NY-14]</fullName>
        <firstName>JOSEPH</firstName>
      </item>
      <item>
        <sponsorshipDate>2017-01-13</sponsorshipDate>
        <party>D</party>
        <lastName>Vela</lastName>
        <sponsorshipWithdrawnDate />
        <bioguideId>V000132</bioguideId>
        <isOriginalCosponsor>False</isOriginalCosponsor>
        <district>34</district>
        <state>TX</state>
        <middleName />
        <identifiers>
          <lisID>2167</lisID>
          <gpoId />
          <bioguideId>V000132</bioguideId>
        </identifiers>
        <fullName>Rep. Vela, Filemon [D-TX-34]</fullName>
        <firstName>Filemon</firstName>
      </item>
      <item>
        <sponsorshipDate>2017-01-13</sponsorshipDate>
        <party>R</party>
        <lastName>McKinley</lastName>
        <sponsorshipWithdrawnDate />
        <bioguideId>M001180</bioguideId>
        <isOriginalCosponsor>False</isOriginalCosponsor>
        <district>1</district>
        <state>WV</state>
        <middleName>B.</middleName>
        <identifiers>
          <lisID>2074</lisID>
          <gpoId>8222</gpoId>
          <bioguideId>M001180</bioguideId>
        </identifiers>
        <fullName>Rep. McKinley, David B. [R-WV-1]</fullName>
        <firstName>David</firstName>
      </item>
      <item>
        <sponsorshipDate>2017-01-13</sponsorshipDate>
        <party>D</party>
        <lastName>Pingree</lastName>
        <sponsorshipWithdrawnDate />
        <bioguideId>P000597</bioguideId>
        <isOriginalCosponsor>False</isOriginalCosponsor>
        <district>1</district>
        <state>ME</state>
        <middleName />
        <identifiers>
          <lisID>1927</lisID>
          <gpoId>7984</gpoId>
          <bioguideId>P000597</bioguideId>
        </identifiers>
        <fullName>Rep. Pingree, Chellie [D-ME-1]</fullName>
        <firstName>Chellie</firstName>
      </item>
      <item>
        <sponsorshipDate>2017-01-13</sponsorshipDate>
        <party>R</party>
        <lastName>Jenkins</lastName>
        <sponsorshipWithdrawnDate />
        <bioguideId>J000297</bioguideId>
        <isOriginalCosponsor>False</isOriginalCosponsor>
        <district>3</district>
        <state>WV</state>
        <middleName>H.</middleName>
        <identifiers>
          <gpoId />
          <bioguideId>J000297</bioguideId>
          <lisID>2278</lisID>
        </identifiers>
        <fullName>Rep. Jenkins, Evan H. [R-WV-3]</fullName>
        <firstName>Evan</firstName>
      </item>
      <item>
        <sponsorshipDate>2017-01-13</sponsorshipDate>
        <party>D</party>
        <lastName>MCCOLLUM</lastName>
        <sponsorshipWithdrawnDate />
        <bioguideId>M001143</bioguideId>
        <isOriginalCosponsor>False</isOriginalCosponsor>
        <district>4</district>
        <state>MN</state>
        <middleName />
        <identifiers>
          <lisID>1653</lisID>
          <gpoId>8004</gpoId>
          <bioguideId>M001143</bioguideId>
        </identifiers>
        <fullName>Rep. McCollum, Betty [D-MN-4]</fullName>
        <firstName>BETTY</firstName>
      </item>
      <item>
        <sponsorshipDate>2017-01-13</sponsorshipDate>
        <party>D</party>
        <lastName>Richmond</lastName>
        <sponsorshipWithdrawnDate />
        <bioguideId>R000588</bioguideId>
        <isOriginalCosponsor>False</isOriginalCosponsor>
        <district>2</district>
        <state>LA</state>
        <middleName>L.</middleName>
        <identifiers>
          <gpoId>7960</gpoId>
          <bioguideId>R000588</bioguideId>
          <lisID>2023</lisID>
        </identifiers>
        <fullName>Rep. Richmond, Cedric L. [D-LA-2]</fullName>
        <firstName>Cedric</firstName>
      </item>
      <item>
        <sponsorshipDate>2017-01-13</sponsorshipDate>
        <party>D</party>
        <lastName>Connolly</lastName>
        <sponsorshipWithdrawnDate />
        <bioguideId>C001078</bioguideId>
        <isOriginalCosponsor>False</isOriginalCosponsor>
        <district>11</district>
        <state>VA</state>
        <middleName>E.</middleName>
        <identifiers>
          <bioguideId>C001078</bioguideId>
          <lisID>1959</lisID>
          <gpoId>8202</gpoId>
        </identifiers>
        <fullName>Rep. Connolly, Gerald E. [D-VA-11]</fullName>
        <firstName>Gerald</firstName>
      </item>
      <item>
        <sponsorshipDate>2017-01-13</sponsorshipDate>
        <party>D</party>
        <lastName>Bustos</lastName>
        <sponsorshipWithdrawnDate />
        <bioguideId>B001286</bioguideId>
        <isOriginalCosponsor>False</isOriginalCosponsor>
        <district>17</district>
        <state>IL</state>
        <middleName />
        <identifiers>
          <gpoId />
          <bioguideId>B001286</bioguideId>
          <lisID>2127</lisID>
        </identifiers>
        <fullName>Rep. Bustos, Cheri [D-IL-17]</fullName>
        <firstName>Cheri</firstName>
      </item>
      <item>
        <sponsorshipDate>2017-01-13</sponsorshipDate>
        <party>D</party>
        <lastName>BLUMENAUER</lastName>
        <sponsorshipWithdrawnDate />
        <bioguideId>B000574</bioguideId>
        <isOriginalCosponsor>False</isOriginalCosponsor>
        <district>3</district>
        <state>OR</state>
        <middleName />
        <identifiers>
          <gpoId>8116</gpoId>
          <bioguideId>B000574</bioguideId>
          <lisID>99</lisID>
        </identifiers>
        <fullName>Rep. Blumenauer, Earl [D-OR-3]</fullName>
        <firstName>EARL</firstName>
      </item>
      <item>
        <sponsorshipDate>2017-01-13</sponsorshipDate>
        <party>R</party>
        <lastName>Griffith</lastName>
        <sponsorshipWithdrawnDate />
        <bioguideId>G000568</bioguideId>
        <isOriginalCosponsor>False</isOriginalCosponsor>
        <district>9</district>
        <state>VA</state>
        <middleName>Morgan</middleName>
        <identifiers>
          <lisID>2070</lisID>
          <gpoId>8200</gpoId>
          <bioguideId>G000568</bioguideId>
        </identifiers>
        <fullName>Rep. Griffith, H. Morgan [R-VA-9]</fullName>
        <firstName>H.</firstName>
      </item>
      <item>
        <sponsorshipDate>2017-01-13</sponsorshipDate>
        <party>R</party>
        <lastName>Johnson</lastName>
        <sponsorshipWithdrawnDate />
        <bioguideId>J000292</bioguideId>
        <isOriginalCosponsor>False</isOriginalCosponsor>
        <district>6</district>
        <state>OH</state>
        <middleName />
        <identifiers>
          <bioguideId>J000292</bioguideId>
          <lisID>2046</lisID>
          <gpoId>8096</gpoId>
        </identifiers>
        <fullName>Rep. Johnson, Bill [R-OH-6]</fullName>
        <firstName>Bill</firstName>
      </item>
      <item>
        <sponsorshipDate>2017-01-13</sponsorshipDate>
        <party>D</party>
        <lastName>Sires</lastName>
        <sponsorshipWithdrawnDate />
        <bioguideId>S001165</bioguideId>
        <isOriginalCosponsor>False</isOriginalCosponsor>
        <district>8</district>
        <state>NJ</state>
        <middleName />
        <identifiers>
          <lisID>1818</lisID>
          <gpoId>8055</gpoId>
          <bioguideId>S001165</bioguideId>
        </identifiers>
        <fullName>Rep. Sires, Albio [D-NJ-8]</fullName>
        <firstName>Albio</firstName>
      </item>
      <item>
        <sponsorshipDate>2017-01-13</sponsorshipDate>
        <party>D</party>
        <lastName>Chu</lastName>
        <sponsorshipWithdrawnDate />
        <bioguideId>C001080</bioguideId>
        <isOriginalCosponsor>False</isOriginalCosponsor>
        <district>27</district>
        <state>CA</state>
        <middleName />
        <identifiers>
          <lisID>1970</lisID>
          <gpoId>7837</gpoId>
          <bioguideId>C001080</bioguideId>
        </identifiers>
        <fullName>Rep. Chu, Judy [D-CA-27]</fullName>
        <firstName>Judy</firstName>
      </item>
      <item>
        <sponsorshipDate>2017-01-13</sponsorshipDate>
        <party>D</party>
        <lastName>Jeffries</lastName>
        <sponsorshipWithdrawnDate />
        <bioguideId>J000294</bioguideId>
        <isOriginalCosponsor>False</isOriginalCosponsor>
        <district>8</district>
        <state>NY</state>
        <middleName>S.</middleName>
        <identifiers>
          <gpoId />
          <bioguideId>J000294</bioguideId>
          <lisID>2149</lisID>
        </identifiers>
        <fullName>Rep. Jeffries, Hakeem S. [D-NY-8]</fullName>
        <firstName>Hakeem</firstName>
      </item>
      <item>
        <sponsorshipDate>2017-01-13</sponsorshipDate>
        <party>D</party>
        <lastName>Watson Coleman</lastName>
        <sponsorshipWithdrawnDate />
        <bioguideId>W000822</bioguideId>
        <isOriginalCosponsor>False</isOriginalCosponsor>
        <district>12</district>
        <state>NJ</state>
        <middleName />
        <identifiers>
          <lisID>2259</lisID>
          <gpoId />
          <bioguideId>W000822</bioguideId>
        </identifiers>
        <fullName>Rep. Watson Coleman, Bonnie [D-NJ-12]</fullName>
        <firstName>Bonnie</firstName>
      </item>
      <item>
        <sponsorshipDate>2017-01-13</sponsorshipDate>
        <party>D</party>
        <lastName>Perlmutter</lastName>
        <sponsorshipWithdrawnDate />
        <bioguideId>P000593</bioguideId>
        <isOriginalCosponsor>False</isOriginalCosponsor>
        <district>7</district>
        <state>CO</state>
        <middleName />
        <identifiers>
          <gpoId>7865</gpoId>
          <bioguideId>P000593</bioguideId>
          <lisID>1835</lisID>
        </identifiers>
        <fullName>Rep. Perlmutter, Ed [D-CO-7]</fullName>
        <firstName>Ed</firstName>
      </item>
      <item>
        <sponsorshipDate>2017-01-13</sponsorshipDate>
        <party>D</party>
        <lastName>Bass</lastName>
        <sponsorshipWithdrawnDate />
        <bioguideId>B001270</bioguideId>
        <isOriginalCosponsor>False</isOriginalCosponsor>
        <district>37</district>
        <state>CA</state>
        <middleName />
        <identifiers>
          <bioguideId>B001270</bioguideId>
          <lisID>1996</lisID>
          <gpoId>7838</gpoId>
        </identifiers>
        <fullName>Rep. Bass, Karen [D-CA-37]</fullName>
        <firstName>Karen</firstName>
      </item>
      <item>
        <sponsorshipDate>2017-01-13</sponsorshipDate>
        <party>D</party>
        <lastName>Castor</lastName>
        <sponsorshipWithdrawnDate />
        <bioguideId>C001066</bioguideId>
        <isOriginalCosponsor>False</isOriginalCosponsor>
        <district>14</district>
        <state>FL</state>
        <middleName />
        <identifiers>
          <lisID>1839</lisID>
          <gpoId>7883</gpoId>
          <bioguideId>C001066</bioguideId>
        </identifiers>
        <fullName>Rep. Castor, Kathy [D-FL-14]</fullName>
        <firstName>Kathy</firstName>
      </item>
      <item>
        <sponsorshipDate>2017-01-13</sponsorshipDate>
        <party>D</party>
        <lastName>Quigley</lastName>
        <sponsorshipWithdrawnDate />
        <bioguideId>Q000023</bioguideId>
        <isOriginalCosponsor>False</isOriginalCosponsor>
        <district>5</district>
        <state>IL</state>
        <middleName />
        <identifiers>
          <lisID>1967</lisID>
          <gpoId>7925</gpoId>
          <bioguideId>Q000023</bioguideId>
        </identifiers>
        <fullName>Rep. Quigley, Mike [D-IL-5]</fullName>
        <firstName>Mike</firstName>
      </item>
      <item>
        <sponsorshipDate>2017-01-13</sponsorshipDate>
        <party>D</party>
        <lastName>Frankel</lastName>
        <sponsorshipWithdrawnDate />
        <bioguideId>F000462</bioguideId>
        <isOriginalCosponsor>False</isOriginalCosponsor>
        <district>21</district>
        <state>FL</state>
        <middleName />
        <identifiers>
          <lisID>2119</lisID>
          <gpoId />
          <bioguideId>F000462</bioguideId>
        </identifiers>
        <fullName>Rep. Frankel, Lois [D-FL-21]</fullName>
        <firstName>Lois</firstName>
      </item>
      <item>
        <sponsorshipDate>2017-01-13</sponsorshipDate>
        <party>D</party>
        <lastName>Grijalva</lastName>
        <sponsorshipWithdrawnDate />
        <bioguideId>G000551</bioguideId>
        <isOriginalCosponsor>False</isOriginalCosponsor>
        <district>3</district>
        <state>AZ</state>
        <middleName>M.</middleName>
        <identifiers>
          <bioguideId>G000551</bioguideId>
          <lisID>1708</lisID>
          <gpoId>7804</gpoId>
        </identifiers>
        <fullName>Rep. Grijalva, Raul M. [D-AZ-3]</fullName>
        <firstName>Raul</firstName>
      </item>
      <item>
        <sponsorshipDate>2017-01-13</sponsorshipDate>
        <party>R</party>
        <lastName>Beutler</lastName>
        <sponsorshipWithdrawnDate />
        <bioguideId>H001056</bioguideId>
        <isOriginalCosponsor>False</isOriginalCosponsor>
        <district>3</district>
        <state>WA</state>
        <middleName>Herrera</middleName>
        <identifiers>
          <lisID>2071</lisID>
          <gpoId>8207</gpoId>
          <bioguideId>H001056</bioguideId>
        </identifiers>
        <fullName>Rep. Herrera Beutler, Jaime [R-WA-3]</fullName>
        <firstName>Jaime</firstName>
      </item>
      <item>
        <sponsorshipDate>2017-01-13</sponsorshipDate>
        <party>D</party>
        <lastName>Welch</lastName>
        <sponsorshipWithdrawnDate />
        <bioguideId>W000800</bioguideId>
        <isOriginalCosponsor>False</isOriginalCosponsor>
        <district>0</district>
        <state>VT</state>
        <middleName />
        <identifiers>
          <lisID>1879</lisID>
          <gpoId>8204</gpoId>
          <bioguideId>W000800</bioguideId>
        </identifiers>
        <fullName>Rep. Welch, Peter [D-VT-At Large]</fullName>
        <firstName>Peter</firstName>
      </item>
      <item>
        <sponsorshipDate>2017-01-13</sponsorshipDate>
        <party>D</party>
        <lastName>DEGETTE</lastName>
        <sponsorshipWithdrawnDate />
        <bioguideId>D000197</bioguideId>
        <isOriginalCosponsor>False</isOriginalCosponsor>
        <district>1</district>
        <state>CO</state>
        <middleName />
        <identifiers>
          <lisID>1479</lisID>
          <gpoId>7859</gpoId>
          <bioguideId>D000197</bioguideId>
        </identifiers>
        <fullName>Rep. DeGette, Diana [D-CO-1]</fullName>
        <firstName>DIANA</firstName>
      </item>
    </cosponsors>
    <relatedBills />
    <subjects>
      <billSubjects>
        <policyArea>
          <name>Government Operations and Politics</name>
        </policyArea>
        <legislativeSubjects>
          <item>
            <name>Administrative law and regulatory procedures</name>
          </item>
          <item>
            <name>Postal service</name>
          </item>
          <item>
            <name>U.S. Postal Service</name>
          </item>
        </legislativeSubjects>
      </billSubjects>
    </subjects>
    <laws />
    <constitutionalAuthorityStatementText />
    <title>Expressing the sense of the House of Representatives that the United States Postal Service should take all appropriate measures to ensure the continuation of door delivery for all business and residential customers.</title>
    <recordedVotes />
    <cboCostEstimates />
    <committees>
      <billCommittees>
        <item>
          <chamber>House</chamber>
          <type>Standing</type>
          <name>Oversight and Government Reform Committee</name>
          <activities>
            <item>
              <name>Referred to</name>
              <date>2017-01-05T15:07:50Z</date>
            </item>
          </activities>
          <subcommittees />
          <systemCode>hsgo00</systemCode>
        </item>
      </billCommittees>
    </committees>
    <createDate>2017-01-06T04:57:25Z</createDate>
    <billType>HRES</billType>
    <billNumber>28</billNumber>
    <policyArea>
      <name>Government Operations and Politics</name>
    </policyArea>
  </bill>
  <dublinCore xmlns:dc="http://purl.org/dc/elements/1.1/">
    <dc:format>text/xml</dc:format>
    <dc:language>EN</dc:language>
    <dc:rights>Pursuant to Title 17 Section 105 of the United States Code, this file is not subject to copyright protection and is in the public domain.</dc:rights>
    <dc:contributor>Congressional Research Service, Library of Congress</dc:contributor>
    <dc:description>This file contains bill summaries and statuses for federal legislation. A bill summary describes the most significant provisions of a piece of legislation and details the effects the legislative text may have on current law and federal programs. Bill summaries are authored by the Congressional Research Service (CRS) of the Library of Congress. As stated in Public Law 91-510 (2 USC 166 (d)(6)), one of the duties of CRS is "to prepare summaries and digests of bills and resolutions of a public general nature introduced in the Senate or House of Representatives". For more information, refer to the User Guide that accompanies this file.</dc:description>
  </dublinCore>
</billStatus>

