<?xml version="1.0" encoding="UTF-8"?>
<billStatus>
  <bill>
    <constitutionalAuthorityStatementText />
    <sponsors>
      <item>
        <middleName>E.</middleName>
        <party>D</party>
        <bioguideId>C001037</bioguideId>
        <lastName>CAPUANO</lastName>
        <firstName>MICHAEL</firstName>
        <state>MA</state>
        <identifiers>
          <lisID>1564</lisID>
          <bioguideId>C001037</bioguideId>
          <gpoId>7973</gpoId>
        </identifiers>
        <district>7</district>
        <fullName>Rep. Capuano, Michael E. [D-MA-7]</fullName>
        <byRequestType />
      </item>
    </sponsors>
    <version>1.0.0</version>
    <createDate>2017-01-28T04:53:22Z</createDate>
    <committeeReports />
    <latestAction>
      <text>Referred to the Subcommittee on Asia and the Pacific.</text>
      <links />
      <actionDate>2017-02-16</actionDate>
    </latestAction>
    <billNumber>65</billNumber>
    <notes />
    <introducedDate>2017-01-27</introducedDate>
    <committees>
      <billCommittees>
        <item>
          <type>Standing</type>
          <name>Foreign Affairs Committee</name>
          <systemCode>hsfa00</systemCode>
          <chamber>House</chamber>
          <activities>
            <item>
              <name>Referred to</name>
              <date>2017-01-27T19:02:30Z</date>
            </item>
          </activities>
          <subcommittees>
            <item>
              <name>Asia and the Pacific Subcommittee</name>
              <systemCode>hsfa05</systemCode>
              <activities>
                <item>
                  <name>Referred to</name>
                  <date>2017-02-16T22:05:19Z</date>
                </item>
              </activities>
            </item>
            <item>
              <name>Africa, Global Health, Global Human Rights and International Organizations Subcommittee</name>
              <systemCode>hsfa16</systemCode>
              <activities>
                <item>
                  <name>Referred to</name>
                  <date>2017-02-16T21:58:50Z</date>
                </item>
              </activities>
            </item>
          </subcommittees>
        </item>
      </billCommittees>
    </committees>
    <relatedBills />
    <congress>115</congress>
    <subjects>
      <billSubjects>
        <legislativeSubjects>
          <item>
            <name>Asia</name>
          </item>
          <item>
            <name>China</name>
          </item>
          <item>
            <name>Diplomacy, foreign officials, Americans abroad</name>
          </item>
          <item>
            <name>Human rights</name>
          </item>
          <item>
            <name>Protest and dissent</name>
          </item>
          <item>
            <name>Religion</name>
          </item>
          <item>
            <name>Rule of law and government transparency</name>
          </item>
          <item>
            <name>Sovereignty, recognition, national governance and status</name>
          </item>
          <item>
            <name>Tibet</name>
          </item>
        </legislativeSubjects>
        <policyArea>
          <name>International Affairs</name>
        </policyArea>
      </billSubjects>
    </subjects>
    <amendments />
    <originChamber>House</originChamber>
    <cboCostEstimates />
    <policyArea>
      <name>International Affairs</name>
    </policyArea>
    <actions>
      <actionByCounts>
        <houseOfRepresentatives>5</houseOfRepresentatives>
      </actionByCounts>
      <item>
        <actionDate>2017-02-16</actionDate>
        <committee>
          <name>Asia and the Pacific Subcommittee</name>
          <systemCode>hsfa05</systemCode>
        </committee>
        <links />
        <sourceSystem>
          <name>House committee actions</name>
          <code>1</code>
        </sourceSystem>
        <text>Referred to the Subcommittee on Asia and the Pacific.</text>
        <type>Committee</type>
      </item>
      <item>
        <actionDate>2017-02-16</actionDate>
        <committee>
          <name>Africa, Global Health, Global Human Rights and International Organizations Subcommittee</name>
          <systemCode>hsfa16</systemCode>
        </committee>
        <links />
        <sourceSystem>
          <name>House committee actions</name>
          <code>1</code>
        </sourceSystem>
        <text>Referred to the Subcommittee on Africa, Global Health, Global Human Rights and International Organizations.</text>
        <type>Committee</type>
      </item>
      <item>
        <type>IntroReferral</type>
        <links />
        <sourceSystem>
          <name>House floor actions</name>
          <code>2</code>
        </sourceSystem>
        <committee>
          <name>Foreign Affairs Committee</name>
          <systemCode>hsfa00</systemCode>
        </committee>
        <text>Referred to the House Committee on Foreign Affairs.</text>
        <actionCode>H11100</actionCode>
        <actionDate>2017-01-27</actionDate>
      </item>
      <item>
        <type>IntroReferral</type>
        <links />
        <sourceSystem>
          <name>Library of Congress</name>
          <code>9</code>
        </sourceSystem>
        <committee />
        <text>Introduced in House</text>
        <actionCode>Intro-H</actionCode>
        <actionDate>2017-01-27</actionDate>
      </item>
      <item>
        <type>IntroReferral</type>
        <links />
        <sourceSystem>
          <name>Library of Congress</name>
          <code>9</code>
        </sourceSystem>
        <committee />
        <text>Introduced in House</text>
        <actionCode>1000</actionCode>
        <actionDate>2017-01-27</actionDate>
      </item>
      <actionTypeCounts>
        <placeholderTextForH>2</placeholderTextForH>
        <introducedInTheHouse>1</introducedInTheHouse>
        <billReferrals>1</billReferrals>
        <introducedInHouse>1</introducedInHouse>
      </actionTypeCounts>
    </actions>
    <recordedVotes />
    <laws />
    <cosponsors>
      <item>
        <fullName>Rep. McGovern, James P. [D-MA-2]</fullName>
        <sponsorshipDate>2017-03-29</sponsorshipDate>
        <lastName>MCGOVERN</lastName>
        <state>MA</state>
        <party>D</party>
        <bioguideId>M000312</bioguideId>
        <identifiers>
          <bioguideId>M000312</bioguideId>
          <gpoId>7968</gpoId>
          <lisID>1504</lisID>
        </identifiers>
        <isOriginalCosponsor>False</isOriginalCosponsor>
        <firstName>JAMES</firstName>
        <sponsorshipWithdrawnDate />
        <middleName>P.</middleName>
        <district>2</district>
      </item>
      <item>
        <fullName>Rep. Neal, Richard E. [D-MA-1]</fullName>
        <sponsorshipDate>2017-03-29</sponsorshipDate>
        <lastName>NEAL</lastName>
        <state>MA</state>
        <party>D</party>
        <bioguideId>N000015</bioguideId>
        <identifiers>
          <lisID>854</lisID>
          <bioguideId>N000015</bioguideId>
          <gpoId>7967</gpoId>
        </identifiers>
        <isOriginalCosponsor>False</isOriginalCosponsor>
        <firstName>RICHARD</firstName>
        <sponsorshipWithdrawnDate />
        <middleName>E.</middleName>
        <district>1</district>
      </item>
    </cosponsors>
    <titles>
      <item>
        <chamberName />
        <parentTitleType />
        <titleType>Official Title as Introduced</titleType>
        <title>Urging the President to seek an independent investigation into the death of Tibetan Buddhist leader and social activist Tenzin Delek Rinpoche and to publicly call for an end to the repressive policies used by the People's Republic of China in Tibet.</title>
        <chamberCode />
      </item>
      <item>
        <chamberName />
        <parentTitleType />
        <titleType>Display Title</titleType>
        <title>Urging the President to seek an independent investigation into the death of Tibetan Buddhist leader and social activist Tenzin Delek Rinpoche and to publicly call for an end to the repressive policies used by the People's Republic of China in Tibet.</title>
        <chamberCode />
      </item>
    </titles>
    <updateDate>2018-08-28T19:53:54Z</updateDate>
    <calendarNumbers />
    <billType>HRES</billType>
    <summaries>
      <billSummaries>
        <item>
          <updateDate>2017-01-27T05:00:00Z</updateDate>
          <versionCode>00</versionCode>
          <name>Introduced in House</name>
          <text><![CDATA[<p> Urges the President to: (1) seek an independent inquiry into Tenzin Delek Rinpoche's death, and (2) publicly call for an end to China's repressive policies in Tibet each time the President meets with Chinese officials.</p> <p> Urges China to halt suppression of the religious, cultural, social, economic, and environmental rights of the Tibetan people in Tenzin Delek Rinpoche's home regions of Lithang and Nyagchu and across all areas of traditional Tibet. </p> <p> Declares that violations of human rights in general and the persecution of Tenzin Delek Rinpoche, his family, and his supporters are matters of worldwide concern.</p>]]></text>
          <actionDate>2017-01-27</actionDate>
          <actionDesc>Introduced in House</actionDesc>
          <lastSummaryUpdateDate>2017-02-04T14:54:57Z</lastSummaryUpdateDate>
        </item>
      </billSummaries>
    </summaries>
    <title>Urging the President to seek an independent investigation into the death of Tibetan Buddhist leader and social activist Tenzin Delek Rinpoche and to publicly call for an end to the repressive policies used by the People's Republic of China in Tibet.</title>
  </bill>
  <dublinCore xmlns:dc="http://purl.org/dc/elements/1.1/">
    <dc:format>text/xml</dc:format>
    <dc:language>EN</dc:language>
    <dc:rights>Pursuant to Title 17 Section 105 of the United States Code, this file is not subject to copyright protection and is in the public domain.</dc:rights>
    <dc:contributor>Congressional Research Service, Library of Congress</dc:contributor>
    <dc:description>This file contains bill summaries and statuses for federal legislation. A bill summary describes the most significant provisions of a piece of legislation and details the effects the legislative text may have on current law and federal programs. Bill summaries are authored by the Congressional Research Service (CRS) of the Library of Congress. As stated in Public Law 91-510 (2 USC 166 (d)(6)), one of the duties of CRS is "to prepare summaries and digests of bills and resolutions of a public general nature introduced in the Senate or House of Representatives". For more information, refer to the User Guide that accompanies this file.</dc:description>
  </dublinCore>
</billStatus>

