<?xml version="1.0" encoding="UTF-8"?>
<billStatus>
  <bill>
    <notes />
    <title>Expressing support for addressing the Arab-Israeli conflict in a concurrent track with the Israeli-Palestinian peace process and commending Arab and Muslim-majority states that have improved bilateral relations with Israel.</title>
    <committees>
      <billCommittees>
        <item>
          <type>Standing</type>
          <name>Foreign Affairs Committee</name>
          <systemCode>hsfa00</systemCode>
          <chamber>House</chamber>
          <activities>
            <item>
              <name>Referred to</name>
              <date>2017-06-20T16:02:50Z</date>
            </item>
          </activities>
          <subcommittees>
            <item>
              <name>Middle East and North Africa Subcommittee</name>
              <systemCode>hsfa13</systemCode>
              <activities>
                <item>
                  <name>Referred to</name>
                  <date>2017-06-27T16:50:17Z</date>
                </item>
              </activities>
            </item>
          </subcommittees>
        </item>
      </billCommittees>
    </committees>
    <committeeReports />
    <cboCostEstimates />
    <congress>115</congress>
    <laws />
    <updateDate>2018-08-28T19:54:55Z</updateDate>
    <relatedBills />
    <version>1.0.0</version>
    <actions>
      <item>
        <actionDate>2017-06-27</actionDate>
        <committee>
          <systemCode>hsfa13</systemCode>
          <name>Middle East and North Africa Subcommittee</name>
        </committee>
        <links />
        <sourceSystem>
          <code>1</code>
          <name>House committee actions</name>
        </sourceSystem>
        <text>Referred to the Subcommittee on Middle East and North Africa.</text>
        <type>Committee</type>
      </item>
      <item>
        <actionDate>2017-06-20</actionDate>
        <links />
        <sourceSystem>
          <code>2</code>
          <name>House floor actions</name>
        </sourceSystem>
        <committee>
          <systemCode>hsfa00</systemCode>
          <name>Foreign Affairs Committee</name>
        </committee>
        <text>Referred to the House Committee on Foreign Affairs.</text>
        <type>IntroReferral</type>
        <actionCode>H11100</actionCode>
      </item>
      <item>
        <actionDate>2017-06-20</actionDate>
        <links>
          <link>
            <url>https://www.congress.gov/congressional-record/volume-163/extensions-of-remarks-section/page/E855</url>
            <name>E855</name>
          </link>
        </links>
        <sourceSystem>
          <code>9</code>
          <name>Library of Congress</name>
        </sourceSystem>
        <committee />
        <text>Sponsor introductory remarks on measure. (CR E855)</text>
        <type>IntroReferral</type>
        <actionCode>B00100</actionCode>
      </item>
      <item>
        <actionDate>2017-06-20</actionDate>
        <links />
        <sourceSystem>
          <code>9</code>
          <name>Library of Congress</name>
        </sourceSystem>
        <committee />
        <text>Introduced in House</text>
        <type>IntroReferral</type>
        <actionCode>Intro-H</actionCode>
      </item>
      <item>
        <actionDate>2017-06-20</actionDate>
        <links />
        <sourceSystem>
          <code>9</code>
          <name>Library of Congress</name>
        </sourceSystem>
        <committee />
        <text>Introduced in House</text>
        <type>IntroReferral</type>
        <actionCode>1000</actionCode>
      </item>
      <actionByCounts>
        <houseOfRepresentatives>4</houseOfRepresentatives>
      </actionByCounts>
      <actionTypeCounts>
        <billReferrals>1</billReferrals>
        <placeholderTextForB>1</placeholderTextForB>
        <introducedInHouse>1</introducedInHouse>
        <introducedInTheHouse>1</introducedInTheHouse>
        <placeholderTextForH>1</placeholderTextForH>
      </actionTypeCounts>
    </actions>
    <sponsors>
      <item>
        <fullName>Rep. Hastings, Alcee L. [D-FL-20]</fullName>
        <identifiers>
          <bioguideId>H000324</bioguideId>
          <gpoId>7895</gpoId>
          <lisID>511</lisID>
        </identifiers>
        <bioguideId>H000324</bioguideId>
        <lastName>HASTINGS</lastName>
        <firstName>ALCEE</firstName>
        <party>D</party>
        <byRequestType />
        <middleName>L.</middleName>
        <state>FL</state>
        <district>20</district>
      </item>
    </sponsors>
    <billType>HRES</billType>
    <constitutionalAuthorityStatementText />
    <policyArea>
      <name>International Affairs</name>
    </policyArea>
    <recordedVotes />
    <billNumber>393</billNumber>
    <titles>
      <item>
        <parentTitleType />
        <titleType>Official Title as Introduced</titleType>
        <chamberCode />
        <title>Expressing support for addressing the Arab-Israeli conflict in a concurrent track with the Israeli-Palestinian peace process and commending Arab and Muslim-majority states that have improved bilateral relations with Israel.</title>
        <chamberName />
      </item>
      <item>
        <parentTitleType />
        <titleType>Display Title</titleType>
        <chamberCode />
        <title>Expressing support for addressing the Arab-Israeli conflict in a concurrent track with the Israeli-Palestinian peace process and commending Arab and Muslim-majority states that have improved bilateral relations with Israel.</title>
        <chamberName />
      </item>
    </titles>
    <originChamber>House</originChamber>
    <subjects>
      <billSubjects>
        <legislativeSubjects>
          <item>
            <name>Arab-Israeli relations</name>
          </item>
          <item>
            <name>Conflicts and wars</name>
          </item>
          <item>
            <name>Congressional tributes</name>
          </item>
          <item>
            <name>Diplomacy, foreign officials, Americans abroad</name>
          </item>
          <item>
            <name>Israel</name>
          </item>
          <item>
            <name>Middle East</name>
          </item>
          <item>
            <name>Palestinians</name>
          </item>
          <item>
            <name>Sovereignty, recognition, national governance and status</name>
          </item>
        </legislativeSubjects>
        <policyArea>
          <name>International Affairs</name>
        </policyArea>
      </billSubjects>
    </subjects>
    <cosponsors>
      <item>
        <firstName>ELIOT</firstName>
        <lastName>ENGEL</lastName>
        <sponsorshipWithdrawnDate />
        <sponsorshipDate>2017-06-20</sponsorshipDate>
        <bioguideId>E000179</bioguideId>
        <district>16</district>
        <middleName>L.</middleName>
        <isOriginalCosponsor>True</isOriginalCosponsor>
        <fullName>Rep. Engel, Eliot L. [D-NY-16]</fullName>
        <state>NY</state>
        <party>D</party>
        <identifiers>
          <lisID>344</lisID>
          <gpoId>8078</gpoId>
          <bioguideId>E000179</bioguideId>
        </identifiers>
      </item>
      <item>
        <firstName>David</firstName>
        <lastName>Schweikert</lastName>
        <sponsorshipWithdrawnDate />
        <sponsorshipDate>2017-06-20</sponsorshipDate>
        <bioguideId>S001183</bioguideId>
        <district>6</district>
        <middleName />
        <isOriginalCosponsor>True</isOriginalCosponsor>
        <fullName>Rep. Schweikert, David [R-AZ-6]</fullName>
        <state>AZ</state>
        <party>R</party>
        <identifiers>
          <lisID>1994</lisID>
          <bioguideId>S001183</bioguideId>
          <gpoId>7802</gpoId>
        </identifiers>
      </item>
      <item>
        <firstName>Peter</firstName>
        <lastName>Welch</lastName>
        <sponsorshipWithdrawnDate />
        <sponsorshipDate>2017-07-11</sponsorshipDate>
        <bioguideId>W000800</bioguideId>
        <district>0</district>
        <middleName />
        <isOriginalCosponsor>False</isOriginalCosponsor>
        <fullName>Rep. Welch, Peter [D-VT-At Large]</fullName>
        <state>VT</state>
        <party>D</party>
        <identifiers>
          <lisID>1879</lisID>
          <bioguideId>W000800</bioguideId>
          <gpoId>8204</gpoId>
        </identifiers>
      </item>
      <item>
        <firstName>BRAD</firstName>
        <lastName>SHERMAN</lastName>
        <sponsorshipWithdrawnDate />
        <sponsorshipDate>2017-07-18</sponsorshipDate>
        <bioguideId>S000344</bioguideId>
        <district>30</district>
        <middleName />
        <isOriginalCosponsor>False</isOriginalCosponsor>
        <fullName>Rep. Sherman, Brad [D-CA-30]</fullName>
        <state>CA</state>
        <party>D</party>
        <identifiers>
          <lisID>1526</lisID>
          <bioguideId>S000344</bioguideId>
          <gpoId>7832</gpoId>
        </identifiers>
      </item>
      <item>
        <firstName>ZOE</firstName>
        <lastName>LOFGREN</lastName>
        <sponsorshipWithdrawnDate />
        <sponsorshipDate>2017-10-26</sponsorshipDate>
        <bioguideId>L000397</bioguideId>
        <district>19</district>
        <middleName />
        <isOriginalCosponsor>False</isOriginalCosponsor>
        <fullName>Rep. Lofgren, Zoe [D-CA-19]</fullName>
        <state>CA</state>
        <party>D</party>
        <identifiers>
          <lisID>701</lisID>
          <bioguideId>L000397</bioguideId>
          <gpoId>7821</gpoId>
        </identifiers>
      </item>
      <item>
        <firstName>Mark</firstName>
        <lastName>Pocan</lastName>
        <sponsorshipWithdrawnDate />
        <sponsorshipDate>2017-10-31</sponsorshipDate>
        <bioguideId>P000607</bioguideId>
        <district>2</district>
        <middleName />
        <isOriginalCosponsor>False</isOriginalCosponsor>
        <fullName>Rep. Pocan, Mark [D-WI-2]</fullName>
        <state>WI</state>
        <party>D</party>
        <identifiers>
          <bioguideId>P000607</bioguideId>
          <lisID>2171</lisID>
          <gpoId />
        </identifiers>
      </item>
      <item>
        <firstName>JOHN</firstName>
        <lastName>CONYERS</lastName>
        <sponsorshipWithdrawnDate />
        <sponsorshipDate>2017-10-31</sponsorshipDate>
        <bioguideId>C000714</bioguideId>
        <district>13</district>
        <middleName />
        <isOriginalCosponsor>False</isOriginalCosponsor>
        <fullName>Rep. Conyers, John, Jr. [D-MI-13]</fullName>
        <state>MI</state>
        <party>D</party>
        <identifiers>
          <lisID>229</lisID>
          <gpoId>7999</gpoId>
          <bioguideId>C000714</bioguideId>
        </identifiers>
      </item>
      <item>
        <firstName>David</firstName>
        <lastName>Cicilline</lastName>
        <sponsorshipWithdrawnDate />
        <sponsorshipDate>2017-10-31</sponsorshipDate>
        <bioguideId>C001084</bioguideId>
        <district>1</district>
        <middleName>N.</middleName>
        <isOriginalCosponsor>False</isOriginalCosponsor>
        <fullName>Rep. Cicilline, David N. [D-RI-1]</fullName>
        <state>RI</state>
        <party>D</party>
        <identifiers>
          <gpoId>8139</gpoId>
          <lisID>2055</lisID>
          <bioguideId>C001084</bioguideId>
        </identifiers>
      </item>
      <item>
        <firstName>JERROLD</firstName>
        <lastName>NADLER</lastName>
        <sponsorshipWithdrawnDate />
        <sponsorshipDate>2017-10-31</sponsorshipDate>
        <bioguideId>N000002</bioguideId>
        <district>10</district>
        <middleName />
        <isOriginalCosponsor>False</isOriginalCosponsor>
        <fullName>Rep. Nadler, Jerrold [D-NY-10]</fullName>
        <state>NY</state>
        <party>D</party>
        <identifiers>
          <gpoId>8069</gpoId>
          <lisID>850</lisID>
          <bioguideId>N000002</bioguideId>
        </identifiers>
      </item>
      <item>
        <firstName>EDDIE</firstName>
        <lastName>JOHNSON</lastName>
        <sponsorshipWithdrawnDate />
        <sponsorshipDate>2017-10-31</sponsorshipDate>
        <bioguideId>J000126</bioguideId>
        <district>30</district>
        <middleName>BERNICE</middleName>
        <isOriginalCosponsor>False</isOriginalCosponsor>
        <fullName>Rep. Johnson, Eddie Bernice [D-TX-30]</fullName>
        <state>TX</state>
        <party>D</party>
        <identifiers>
          <lisID>599</lisID>
          <gpoId>8186</gpoId>
          <bioguideId>J000126</bioguideId>
        </identifiers>
      </item>
      <item>
        <firstName>Salud</firstName>
        <lastName>Carbajal</lastName>
        <sponsorshipWithdrawnDate />
        <sponsorshipDate>2017-11-03</sponsorshipDate>
        <bioguideId>C001112</bioguideId>
        <district>24</district>
        <middleName>O.</middleName>
        <isOriginalCosponsor>False</isOriginalCosponsor>
        <fullName>Rep. Carbajal, Salud O. [D-CA-24]</fullName>
        <state>CA</state>
        <party>D</party>
        <identifiers>
          <lisID>2310</lisID>
          <bioguideId>C001112</bioguideId>
          <gpoId />
        </identifiers>
      </item>
      <item>
        <firstName>Anthony</firstName>
        <lastName>Brown</lastName>
        <sponsorshipWithdrawnDate />
        <sponsorshipDate>2017-11-03</sponsorshipDate>
        <bioguideId>B001304</bioguideId>
        <district>4</district>
        <middleName>G.</middleName>
        <isOriginalCosponsor>False</isOriginalCosponsor>
        <fullName>Rep. Brown, Anthony G. [D-MD-4]</fullName>
        <state>MD</state>
        <party>D</party>
        <identifiers>
          <gpoId />
          <lisID>2331</lisID>
          <bioguideId>B001304</bioguideId>
        </identifiers>
      </item>
      <item>
        <firstName>PETER</firstName>
        <lastName>DEFAZIO</lastName>
        <sponsorshipWithdrawnDate />
        <sponsorshipDate>2017-11-03</sponsorshipDate>
        <bioguideId>D000191</bioguideId>
        <district>4</district>
        <middleName>A.</middleName>
        <isOriginalCosponsor>False</isOriginalCosponsor>
        <fullName>Rep. DeFazio, Peter A. [D-OR-4]</fullName>
        <state>OR</state>
        <party>D</party>
        <identifiers>
          <lisID>279</lisID>
          <gpoId>8117</gpoId>
          <bioguideId>D000191</bioguideId>
        </identifiers>
      </item>
      <item>
        <firstName>Ed</firstName>
        <lastName>Perlmutter</lastName>
        <sponsorshipWithdrawnDate />
        <sponsorshipDate>2017-11-03</sponsorshipDate>
        <bioguideId>P000593</bioguideId>
        <district>7</district>
        <middleName />
        <isOriginalCosponsor>False</isOriginalCosponsor>
        <fullName>Rep. Perlmutter, Ed [D-CO-7]</fullName>
        <state>CO</state>
        <party>D</party>
        <identifiers>
          <lisID>1835</lisID>
          <bioguideId>P000593</bioguideId>
          <gpoId>7865</gpoId>
        </identifiers>
      </item>
      <item>
        <firstName>Jacky</firstName>
        <lastName>Rosen</lastName>
        <sponsorshipWithdrawnDate />
        <sponsorshipDate>2017-11-03</sponsorshipDate>
        <bioguideId>R000608</bioguideId>
        <district>3</district>
        <middleName />
        <isOriginalCosponsor>False</isOriginalCosponsor>
        <fullName>Rep. Rosen, Jacky [D-NV-3]</fullName>
        <state>NV</state>
        <party>D</party>
        <identifiers>
          <bioguideId>R000608</bioguideId>
          <gpoId />
          <lisID>2339</lisID>
        </identifiers>
      </item>
      <item>
        <firstName>Ro</firstName>
        <lastName>Khanna</lastName>
        <sponsorshipWithdrawnDate />
        <sponsorshipDate>2017-11-08</sponsorshipDate>
        <bioguideId>K000389</bioguideId>
        <district>17</district>
        <middleName />
        <isOriginalCosponsor>False</isOriginalCosponsor>
        <fullName>Rep. Khanna, Ro [D-CA-17]</fullName>
        <state>CA</state>
        <party>D</party>
        <identifiers>
          <lisID>2308</lisID>
          <bioguideId>K000389</bioguideId>
          <gpoId />
        </identifiers>
      </item>
      <item>
        <firstName>Julia</firstName>
        <lastName>Brownley</lastName>
        <sponsorshipWithdrawnDate />
        <sponsorshipDate>2017-11-08</sponsorshipDate>
        <bioguideId>B001285</bioguideId>
        <district>26</district>
        <middleName />
        <isOriginalCosponsor>False</isOriginalCosponsor>
        <fullName>Rep. Brownley, Julia [D-CA-26]</fullName>
        <state>CA</state>
        <party>D</party>
        <identifiers>
          <lisID>2106</lisID>
          <bioguideId>B001285</bioguideId>
          <gpoId />
        </identifiers>
      </item>
      <item>
        <firstName>ELEANOR</firstName>
        <lastName>NORTON</lastName>
        <sponsorshipWithdrawnDate />
        <sponsorshipDate>2017-11-08</sponsorshipDate>
        <bioguideId>N000147</bioguideId>
        <district>0</district>
        <middleName>HOLMES</middleName>
        <isOriginalCosponsor>False</isOriginalCosponsor>
        <fullName>Rep. Norton, Eleanor Holmes [D-DC-At Large]</fullName>
        <state>DC</state>
        <party>D</party>
        <identifiers>
          <lisID>868</lisID>
          <gpoId>7871</gpoId>
          <bioguideId>N000147</bioguideId>
        </identifiers>
      </item>
      <item>
        <firstName>Theodore</firstName>
        <lastName>Deutch</lastName>
        <sponsorshipWithdrawnDate />
        <sponsorshipDate>2017-11-08</sponsorshipDate>
        <bioguideId>D000610</bioguideId>
        <district>22</district>
        <middleName>E.</middleName>
        <isOriginalCosponsor>False</isOriginalCosponsor>
        <fullName>Rep. Deutch, Theodore E. [D-FL-22]</fullName>
        <state>FL</state>
        <party>D</party>
        <identifiers>
          <lisID>1976</lisID>
          <gpoId>7891</gpoId>
          <bioguideId>D000610</bioguideId>
        </identifiers>
      </item>
      <item>
        <firstName>BARBARA</firstName>
        <lastName>LEE</lastName>
        <sponsorshipWithdrawnDate />
        <sponsorshipDate>2017-11-08</sponsorshipDate>
        <bioguideId>L000551</bioguideId>
        <district>13</district>
        <middleName />
        <isOriginalCosponsor>False</isOriginalCosponsor>
        <fullName>Rep. Lee, Barbara [D-CA-13]</fullName>
        <state>CA</state>
        <party>D</party>
        <identifiers>
          <lisID>1501</lisID>
          <bioguideId>L000551</bioguideId>
          <gpoId>7814</gpoId>
        </identifiers>
      </item>
      <item>
        <firstName>Lois</firstName>
        <lastName>Frankel</lastName>
        <sponsorshipWithdrawnDate />
        <sponsorshipDate>2017-11-08</sponsorshipDate>
        <bioguideId>F000462</bioguideId>
        <district>21</district>
        <middleName />
        <isOriginalCosponsor>False</isOriginalCosponsor>
        <fullName>Rep. Frankel, Lois [D-FL-21]</fullName>
        <state>FL</state>
        <party>D</party>
        <identifiers>
          <lisID>2119</lisID>
          <gpoId />
          <bioguideId>F000462</bioguideId>
        </identifiers>
      </item>
      <item>
        <firstName>ADAM</firstName>
        <lastName>SCHIFF</lastName>
        <sponsorshipWithdrawnDate />
        <sponsorshipDate>2017-11-08</sponsorshipDate>
        <bioguideId>S001150</bioguideId>
        <district>28</district>
        <middleName>B.</middleName>
        <isOriginalCosponsor>False</isOriginalCosponsor>
        <fullName>Rep. Schiff, Adam B. [D-CA-28]</fullName>
        <state>CA</state>
        <party>D</party>
        <identifiers>
          <bioguideId>S001150</bioguideId>
          <lisID>1635</lisID>
          <gpoId>7834</gpoId>
        </identifiers>
      </item>
      <item>
        <firstName>Dina</firstName>
        <lastName>Titus</lastName>
        <sponsorshipWithdrawnDate />
        <sponsorshipDate>2017-11-08</sponsorshipDate>
        <bioguideId>T000468</bioguideId>
        <district>1</district>
        <middleName />
        <isOriginalCosponsor>False</isOriginalCosponsor>
        <fullName>Rep. Titus, Dina [D-NV-1]</fullName>
        <state>NV</state>
        <party>D</party>
        <identifiers>
          <gpoId>7493</gpoId>
          <lisID>1940</lisID>
          <bioguideId>T000468</bioguideId>
        </identifiers>
      </item>
      <item>
        <firstName>Gerald</firstName>
        <lastName>Connolly</lastName>
        <sponsorshipWithdrawnDate />
        <sponsorshipDate>2017-11-08</sponsorshipDate>
        <bioguideId>C001078</bioguideId>
        <district>11</district>
        <middleName>E.</middleName>
        <isOriginalCosponsor>False</isOriginalCosponsor>
        <fullName>Rep. Connolly, Gerald E. [D-VA-11]</fullName>
        <state>VA</state>
        <party>D</party>
        <identifiers>
          <gpoId>8202</gpoId>
          <lisID>1959</lisID>
          <bioguideId>C001078</bioguideId>
        </identifiers>
      </item>
      <item>
        <firstName>Adriano</firstName>
        <lastName>Espaillat</lastName>
        <sponsorshipWithdrawnDate />
        <sponsorshipDate>2017-11-08</sponsorshipDate>
        <bioguideId>E000297</bioguideId>
        <district>13</district>
        <middleName />
        <isOriginalCosponsor>False</isOriginalCosponsor>
        <fullName>Rep. Espaillat, Adriano [D-NY-13]</fullName>
        <state>NY</state>
        <party>D</party>
        <identifiers>
          <lisID>2342</lisID>
          <gpoId />
          <bioguideId>E000297</bioguideId>
        </identifiers>
      </item>
      <item>
        <firstName>Albio</firstName>
        <lastName>Sires</lastName>
        <sponsorshipWithdrawnDate />
        <sponsorshipDate>2017-11-08</sponsorshipDate>
        <bioguideId>S001165</bioguideId>
        <district>8</district>
        <middleName />
        <isOriginalCosponsor>False</isOriginalCosponsor>
        <fullName>Rep. Sires, Albio [D-NJ-8]</fullName>
        <state>NJ</state>
        <party>D</party>
        <identifiers>
          <lisID>1818</lisID>
          <gpoId>8055</gpoId>
          <bioguideId>S001165</bioguideId>
        </identifiers>
      </item>
      <item>
        <firstName>GREGORY</firstName>
        <lastName>MEEKS</lastName>
        <sponsorshipWithdrawnDate />
        <sponsorshipDate>2017-11-08</sponsorshipDate>
        <bioguideId>M001137</bioguideId>
        <district>5</district>
        <middleName>W.</middleName>
        <isOriginalCosponsor>False</isOriginalCosponsor>
        <fullName>Rep. Meeks, Gregory W. [D-NY-5]</fullName>
        <state>NY</state>
        <party>D</party>
        <identifiers>
          <bioguideId>M001137</bioguideId>
          <lisID>1506</lisID>
          <gpoId>8067</gpoId>
        </identifiers>
      </item>
      <item>
        <firstName>Joaquin</firstName>
        <lastName>Castro</lastName>
        <sponsorshipWithdrawnDate />
        <sponsorshipDate>2017-11-09</sponsorshipDate>
        <bioguideId>C001091</bioguideId>
        <district>20</district>
        <middleName />
        <isOriginalCosponsor>False</isOriginalCosponsor>
        <fullName>Rep. Castro, Joaquin [D-TX-20]</fullName>
        <state>TX</state>
        <party>D</party>
        <identifiers>
          <lisID>2163</lisID>
          <bioguideId>C001091</bioguideId>
          <gpoId />
        </identifiers>
      </item>
      <item>
        <firstName>NYDIA</firstName>
        <lastName>VELAZQUEZ</lastName>
        <sponsorshipWithdrawnDate />
        <sponsorshipDate>2017-11-09</sponsorshipDate>
        <bioguideId>V000081</bioguideId>
        <district>7</district>
        <middleName>M.</middleName>
        <isOriginalCosponsor>False</isOriginalCosponsor>
        <fullName>Rep. Velazquez, Nydia M. [D-NY-7]</fullName>
        <state>NY</state>
        <party>D</party>
        <identifiers>
          <bioguideId>V000081</bioguideId>
          <gpoId>8073</gpoId>
          <lisID>1184</lisID>
        </identifiers>
      </item>
      <item>
        <firstName>Robin</firstName>
        <lastName>Kelly</lastName>
        <sponsorshipWithdrawnDate />
        <sponsorshipDate>2017-11-09</sponsorshipDate>
        <bioguideId>K000385</bioguideId>
        <district>2</district>
        <middleName>L.</middleName>
        <isOriginalCosponsor>False</isOriginalCosponsor>
        <fullName>Rep. Kelly, Robin L. [D-IL-2]</fullName>
        <state>IL</state>
        <party>D</party>
        <identifiers>
          <gpoId />
          <lisID>2190</lisID>
          <bioguideId>K000385</bioguideId>
        </identifiers>
      </item>
      <item>
        <firstName>John</firstName>
        <lastName>Yarmuth</lastName>
        <sponsorshipWithdrawnDate />
        <sponsorshipDate>2017-11-28</sponsorshipDate>
        <bioguideId>Y000062</bioguideId>
        <district>3</district>
        <middleName>A.</middleName>
        <isOriginalCosponsor>False</isOriginalCosponsor>
        <fullName>Rep. Yarmuth, John A. [D-KY-3]</fullName>
        <state>KY</state>
        <party>D</party>
        <identifiers>
          <gpoId>7955</gpoId>
          <lisID>1853</lisID>
          <bioguideId>Y000062</bioguideId>
        </identifiers>
      </item>
      <item>
        <firstName>Alan</firstName>
        <lastName>Lowenthal</lastName>
        <sponsorshipWithdrawnDate />
        <sponsorshipDate>2017-11-28</sponsorshipDate>
        <bioguideId>L000579</bioguideId>
        <district>47</district>
        <middleName>S.</middleName>
        <isOriginalCosponsor>False</isOriginalCosponsor>
        <fullName>Rep. Lowenthal, Alan S. [D-CA-47]</fullName>
        <state>CA</state>
        <party>D</party>
        <identifiers>
          <lisID>2111</lisID>
          <bioguideId>L000579</bioguideId>
          <gpoId />
        </identifiers>
      </item>
      <item>
        <firstName>Matt</firstName>
        <lastName>Cartwright</lastName>
        <sponsorshipWithdrawnDate />
        <sponsorshipDate>2017-11-28</sponsorshipDate>
        <bioguideId>C001090</bioguideId>
        <district>17</district>
        <middleName />
        <isOriginalCosponsor>False</isOriginalCosponsor>
        <fullName>Rep. Cartwright, Matt [D-PA-17]</fullName>
        <state>PA</state>
        <party>D</party>
        <identifiers>
          <lisID>2159</lisID>
          <gpoId />
          <bioguideId>C001090</bioguideId>
        </identifiers>
      </item>
      <item>
        <firstName>NITA</firstName>
        <lastName>LOWEY</lastName>
        <sponsorshipWithdrawnDate />
        <sponsorshipDate>2017-11-28</sponsorshipDate>
        <bioguideId>L000480</bioguideId>
        <district>17</district>
        <middleName>M.</middleName>
        <isOriginalCosponsor>False</isOriginalCosponsor>
        <fullName>Rep. Lowey, Nita M. [D-NY-17]</fullName>
        <state>NY</state>
        <party>D</party>
        <identifiers>
          <gpoId>8079</gpoId>
          <lisID>709</lisID>
          <bioguideId>L000480</bioguideId>
        </identifiers>
      </item>
      <item>
        <firstName>Debbie</firstName>
        <lastName>Wasserman Schultz</lastName>
        <sponsorshipWithdrawnDate />
        <sponsorshipDate>2017-11-28</sponsorshipDate>
        <bioguideId>W000797</bioguideId>
        <district>23</district>
        <middleName />
        <isOriginalCosponsor>False</isOriginalCosponsor>
        <fullName>Rep. Wasserman Schultz, Debbie [D-FL-23]</fullName>
        <state>FL</state>
        <party>D</party>
        <identifiers>
          <gpoId>7892</gpoId>
          <lisID>1777</lisID>
          <bioguideId>W000797</bioguideId>
        </identifiers>
      </item>
      <item>
        <firstName>Ted</firstName>
        <lastName>Lieu</lastName>
        <sponsorshipWithdrawnDate />
        <sponsorshipDate>2018-01-08</sponsorshipDate>
        <bioguideId>L000582</bioguideId>
        <district>33</district>
        <middleName />
        <isOriginalCosponsor>False</isOriginalCosponsor>
        <fullName>Rep. Lieu, Ted [D-CA-33]</fullName>
        <state>CA</state>
        <party>D</party>
        <identifiers>
          <bioguideId>L000582</bioguideId>
          <gpoId />
          <lisID>2230</lisID>
        </identifiers>
      </item>
      <item>
        <firstName>PETE</firstName>
        <lastName>SESSIONS</lastName>
        <sponsorshipWithdrawnDate />
        <sponsorshipDate>2018-07-31</sponsorshipDate>
        <bioguideId>S000250</bioguideId>
        <district>32</district>
        <middleName />
        <isOriginalCosponsor>False</isOriginalCosponsor>
        <fullName>Rep. Sessions, Pete [R-TX-32]</fullName>
        <state>TX</state>
        <party>R</party>
        <identifiers>
          <lisID>1525</lisID>
          <bioguideId>S000250</bioguideId>
          <gpoId>8188</gpoId>
        </identifiers>
      </item>
      <item>
        <firstName>Thomas</firstName>
        <lastName>Rooney</lastName>
        <sponsorshipWithdrawnDate />
        <sponsorshipDate>2018-08-10</sponsorshipDate>
        <bioguideId>R000583</bioguideId>
        <district>17</district>
        <middleName>J.</middleName>
        <isOriginalCosponsor>False</isOriginalCosponsor>
        <fullName>Rep. Rooney, Thomas J. [R-FL-17]</fullName>
        <state>FL</state>
        <party>R</party>
        <identifiers>
          <lisID>1916</lisID>
          <bioguideId>R000583</bioguideId>
          <gpoId>7888</gpoId>
        </identifiers>
      </item>
    </cosponsors>
    <introducedDate>2017-06-20</introducedDate>
    <calendarNumbers />
    <latestAction>
      <actionDate>2017-06-27</actionDate>
      <links />
      <text>Referred to the Subcommittee on Middle East and North Africa.</text>
    </latestAction>
    <amendments />
    <summaries>
      <billSummaries>
        <item>
          <actionDesc>Introduced in House</actionDesc>
          <name>Introduced in House</name>
          <text><![CDATA[<p>Reaffirms that it is U.S. policy to support a two-state solution to the Israeli-Palestinian conflict negotiated between Israel and the Palestinian Authority.</p> <p>Commends: (1) Israel's efforts to improve bilateral relations with Arab and Muslim-majority states in the region, and (2) steps taken by such states to improve bilateral relations with Israel.</p> <p>Urges: (1) such states and the Palestinian Authority to engage in bilateral and multilateral negotiations with Israel to advance the Israeli-Palestinian peace process and support the normalization of bilateral relations, and (2) the resumption of bilateral negotiations between Israel and the Palestinian Authority.</p> <ul> </ul>]]></text>
          <versionCode>00</versionCode>
          <lastSummaryUpdateDate>2017-09-27T20:39:51Z</lastSummaryUpdateDate>
          <updateDate>2017-06-20T04:00:00Z</updateDate>
          <actionDate>2017-06-20</actionDate>
        </item>
      </billSummaries>
    </summaries>
    <createDate>2017-06-21T07:26:35Z</createDate>
  </bill>
  <dublinCore xmlns:dc="http://purl.org/dc/elements/1.1/">
    <dc:format>text/xml</dc:format>
    <dc:language>EN</dc:language>
    <dc:rights>Pursuant to Title 17 Section 105 of the United States Code, this file is not subject to copyright protection and is in the public domain.</dc:rights>
    <dc:contributor>Congressional Research Service, Library of Congress</dc:contributor>
    <dc:description>This file contains bill summaries and statuses for federal legislation. A bill summary describes the most significant provisions of a piece of legislation and details the effects the legislative text may have on current law and federal programs. Bill summaries are authored by the Congressional Research Service (CRS) of the Library of Congress. As stated in Public Law 91-510 (2 USC 166 (d)(6)), one of the duties of CRS is "to prepare summaries and digests of bills and resolutions of a public general nature introduced in the Senate or House of Representatives". For more information, refer to the User Guide that accompanies this file.</dc:description>
  </dublinCore>
</billStatus>

