<?xml version="1.0" encoding="UTF-8"?>
<billStatus>
  <bill>
    <titles>
      <item>
        <title>Stay on Schedule (S.O.S.) Resolution</title>
        <chamberCode />
        <titleType>Short Titles as Introduced</titleType>
        <parentTitleType />
        <chamberName />
      </item>
      <item>
        <title>Amending the Rules of the House of Representatives to prohibit the consideration of a concurrent resolution to provide for a recess of the House after July 31 of any year unless the House has approved each regular appropriation bill for the next fiscal year.</title>
        <chamberCode />
        <titleType>Official Title as Introduced</titleType>
        <parentTitleType />
        <chamberName />
      </item>
      <item>
        <title>Stay on Schedule (S.O.S.) Resolution</title>
        <chamberCode />
        <titleType>Display Title</titleType>
        <parentTitleType />
        <chamberName />
      </item>
    </titles>
    <notes />
    <latestAction>
      <links />
      <text>Referred to the House Committee on Rules.</text>
      <actionDate>2017-01-10</actionDate>
    </latestAction>
    <constitutionalAuthorityStatementText />
    <committees>
      <billCommittees>
        <item>
          <chamber>House</chamber>
          <systemCode>hsru00</systemCode>
          <subcommittees />
          <type>Standing</type>
          <name>Rules Committee</name>
          <activities>
            <item>
              <name>Referred to</name>
              <date>2017-01-10T15:01:20Z</date>
            </item>
          </activities>
        </item>
      </billCommittees>
    </committees>
    <actions>
      <actionByCounts>
        <houseOfRepresentatives>3</houseOfRepresentatives>
      </actionByCounts>
      <item>
        <type>IntroReferral</type>
        <links />
        <sourceSystem>
          <name>House floor actions</name>
          <code>2</code>
        </sourceSystem>
        <committee>
          <name>Rules Committee</name>
          <systemCode>hsru00</systemCode>
        </committee>
        <text>Referred to the House Committee on Rules.</text>
        <actionCode>H11100</actionCode>
        <actionDate>2017-01-10</actionDate>
      </item>
      <item>
        <type>IntroReferral</type>
        <links />
        <sourceSystem>
          <name>Library of Congress</name>
          <code>9</code>
        </sourceSystem>
        <committee />
        <text>Introduced in House</text>
        <actionCode>Intro-H</actionCode>
        <actionDate>2017-01-10</actionDate>
      </item>
      <item>
        <type>IntroReferral</type>
        <links />
        <sourceSystem>
          <name>Library of Congress</name>
          <code>9</code>
        </sourceSystem>
        <committee />
        <text>Introduced in House</text>
        <actionCode>1000</actionCode>
        <actionDate>2017-01-10</actionDate>
      </item>
      <actionTypeCounts>
        <billReferrals>1</billReferrals>
        <introducedInTheHouse>1</introducedInTheHouse>
        <introducedInHouse>1</introducedInHouse>
      </actionTypeCounts>
    </actions>
    <policyArea>
      <name>Congress</name>
    </policyArea>
    <sponsors>
      <item>
        <fullName>Rep. Wittman, Robert J. [R-VA-1]</fullName>
        <party>R</party>
        <bioguideId>W000804</bioguideId>
        <identifiers>
          <lisID>1886</lisID>
          <bioguideId>W000804</bioguideId>
          <gpoId>8192</gpoId>
        </identifiers>
        <lastName>Wittman</lastName>
        <district>1</district>
        <middleName>J.</middleName>
        <firstName>Robert</firstName>
        <byRequestType />
        <state>VA</state>
      </item>
    </sponsors>
    <recordedVotes />
    <updateDate>2018-08-28T19:53:48Z</updateDate>
    <billNumber>43</billNumber>
    <title>Stay on Schedule (S.O.S.) Resolution</title>
    <relatedBills />
    <amendments />
    <version>1.0.0</version>
    <laws />
    <cboCostEstimates />
    <billType>HRES</billType>
    <createDate>2017-01-11T05:09:40Z</createDate>
    <originChamber>House</originChamber>
    <summaries>
      <billSummaries>
        <item>
          <updateDate>2017-01-10T05:00:00Z</updateDate>
          <actionDate>2017-01-10</actionDate>
          <lastSummaryUpdateDate>2017-02-27T19:21:58Z</lastSummaryUpdateDate>
          <text><![CDATA[<p><b>Stay on Schedule (S.O.S.) Resolution</b></p> <p>Amends Rule XXI (Restrictions on Certain Bills) of the Rules of the House of Representatives to make it out of order for the House to consider a concurrent resolution for its adjournment during any day in August of any calendar year until the House has passed by July 31 of that year each of the regular appropriation bills for the fiscal year beginning on October 1.</p>]]></text>
          <actionDesc>Introduced in House</actionDesc>
          <versionCode>00</versionCode>
          <name>Introduced in House</name>
        </item>
      </billSummaries>
    </summaries>
    <committeeReports />
    <calendarNumbers />
    <cosponsors>
      <item>
        <firstName>Andy</firstName>
        <lastName>Biggs</lastName>
        <sponsorshipWithdrawnDate />
        <sponsorshipDate>2017-01-31</sponsorshipDate>
        <bioguideId>B001302</bioguideId>
        <district>5</district>
        <middleName />
        <isOriginalCosponsor>False</isOriginalCosponsor>
        <fullName>Rep. Biggs, Andy [R-AZ-5]</fullName>
        <state>AZ</state>
        <party>R</party>
        <identifiers>
          <bioguideId>B001302</bioguideId>
          <gpoId />
          <lisID>2307</lisID>
        </identifiers>
      </item>
      <item>
        <firstName>Mike</firstName>
        <lastName>Gallagher</lastName>
        <sponsorshipWithdrawnDate />
        <sponsorshipDate>2017-04-03</sponsorshipDate>
        <bioguideId>G000579</bioguideId>
        <district>8</district>
        <middleName />
        <isOriginalCosponsor>False</isOriginalCosponsor>
        <fullName>Rep. Gallagher, Mike [R-WI-8]</fullName>
        <state>WI</state>
        <party>R</party>
        <identifiers>
          <lisID>2355</lisID>
          <bioguideId>G000579</bioguideId>
          <gpoId />
        </identifiers>
      </item>
      <item>
        <firstName>Jeff</firstName>
        <lastName>Duncan</lastName>
        <sponsorshipWithdrawnDate />
        <sponsorshipDate>2017-06-21</sponsorshipDate>
        <bioguideId>D000615</bioguideId>
        <district>3</district>
        <middleName />
        <isOriginalCosponsor>False</isOriginalCosponsor>
        <fullName>Rep. Duncan, Jeff [R-SC-3]</fullName>
        <state>SC</state>
        <party>R</party>
        <identifiers>
          <lisID>2057</lisID>
          <bioguideId>D000615</bioguideId>
          <gpoId>8143</gpoId>
        </identifiers>
      </item>
      <item>
        <firstName>Dave</firstName>
        <lastName>Brat</lastName>
        <sponsorshipWithdrawnDate />
        <sponsorshipDate>2017-06-21</sponsorshipDate>
        <bioguideId>B001290</bioguideId>
        <district>7</district>
        <middleName />
        <isOriginalCosponsor>False</isOriginalCosponsor>
        <fullName>Rep. Brat, Dave [R-VA-7]</fullName>
        <state>VA</state>
        <party>R</party>
        <identifiers>
          <bioguideId>B001290</bioguideId>
          <lisID>2203</lisID>
          <gpoId />
        </identifiers>
      </item>
      <item>
        <firstName>Elise</firstName>
        <lastName>Stefanik</lastName>
        <sponsorshipWithdrawnDate />
        <sponsorshipDate>2017-06-27</sponsorshipDate>
        <bioguideId>S001196</bioguideId>
        <district>21</district>
        <middleName>M.</middleName>
        <isOriginalCosponsor>False</isOriginalCosponsor>
        <fullName>Rep. Stefanik, Elise M. [R-NY-21]</fullName>
        <state>NY</state>
        <party>R</party>
        <identifiers>
          <lisID>2263</lisID>
          <gpoId />
          <bioguideId>S001196</bioguideId>
        </identifiers>
      </item>
      <item>
        <firstName>Dan</firstName>
        <lastName>Newhouse</lastName>
        <sponsorshipWithdrawnDate />
        <sponsorshipDate>2017-06-27</sponsorshipDate>
        <bioguideId>N000189</bioguideId>
        <district>4</district>
        <middleName />
        <isOriginalCosponsor>False</isOriginalCosponsor>
        <fullName>Rep. Newhouse, Dan [R-WA-4]</fullName>
        <state>WA</state>
        <party>R</party>
        <identifiers>
          <lisID>2275</lisID>
          <bioguideId>N000189</bioguideId>
          <gpoId />
        </identifiers>
      </item>
      <item>
        <firstName>Barbara</firstName>
        <lastName>Comstock</lastName>
        <sponsorshipWithdrawnDate />
        <sponsorshipDate>2017-06-27</sponsorshipDate>
        <bioguideId>C001105</bioguideId>
        <district>10</district>
        <middleName />
        <isOriginalCosponsor>False</isOriginalCosponsor>
        <fullName>Rep. Comstock, Barbara [R-VA-10]</fullName>
        <state>VA</state>
        <party>R</party>
        <identifiers>
          <lisID>2273</lisID>
          <bioguideId>C001105</bioguideId>
          <gpoId />
        </identifiers>
      </item>
      <item>
        <firstName>Matt</firstName>
        <lastName>Gaetz</lastName>
        <sponsorshipWithdrawnDate />
        <sponsorshipDate>2017-07-11</sponsorshipDate>
        <bioguideId>G000578</bioguideId>
        <district>1</district>
        <middleName />
        <isOriginalCosponsor>False</isOriginalCosponsor>
        <fullName>Rep. Gaetz, Matt [R-FL-1]</fullName>
        <state>FL</state>
        <party>R</party>
        <identifiers>
          <bioguideId>G000578</bioguideId>
          <lisID>2314</lisID>
          <gpoId />
        </identifiers>
      </item>
      <item>
        <firstName>Thomas</firstName>
        <lastName>Garrett</lastName>
        <sponsorshipWithdrawnDate />
        <sponsorshipDate>2017-07-13</sponsorshipDate>
        <bioguideId>G000580</bioguideId>
        <district>5</district>
        <middleName>A.</middleName>
        <isOriginalCosponsor>False</isOriginalCosponsor>
        <fullName>Rep. Garrett, Thomas A., Jr. [R-VA-5]</fullName>
        <state>VA</state>
        <party>R</party>
        <identifiers>
          <lisID>2353</lisID>
          <bioguideId>G000580</bioguideId>
          <gpoId />
        </identifiers>
      </item>
      <item>
        <firstName>Scott</firstName>
        <lastName>Perry</lastName>
        <sponsorshipWithdrawnDate />
        <sponsorshipDate>2017-07-13</sponsorshipDate>
        <bioguideId>P000605</bioguideId>
        <district>4</district>
        <middleName />
        <isOriginalCosponsor>False</isOriginalCosponsor>
        <fullName>Rep. Perry, Scott [R-PA-4]</fullName>
        <state>PA</state>
        <party>R</party>
        <identifiers>
          <lisID>2157</lisID>
          <gpoId />
          <bioguideId>P000605</bioguideId>
        </identifiers>
      </item>
    </cosponsors>
    <introducedDate>2017-01-10</introducedDate>
    <congress>115</congress>
    <subjects>
      <billSubjects>
        <legislativeSubjects>
          <item>
            <name>Appropriations</name>
          </item>
          <item>
            <name>Congressional operations and organization</name>
          </item>
          <item>
            <name>Legislative rules and procedure</name>
          </item>
        </legislativeSubjects>
        <policyArea>
          <name>Congress</name>
        </policyArea>
      </billSubjects>
    </subjects>
  </bill>
  <dublinCore xmlns:dc="http://purl.org/dc/elements/1.1/">
    <dc:format>text/xml</dc:format>
    <dc:language>EN</dc:language>
    <dc:rights>Pursuant to Title 17 Section 105 of the United States Code, this file is not subject to copyright protection and is in the public domain.</dc:rights>
    <dc:contributor>Congressional Research Service, Library of Congress</dc:contributor>
    <dc:description>This file contains bill summaries and statuses for federal legislation. A bill summary describes the most significant provisions of a piece of legislation and details the effects the legislative text may have on current law and federal programs. Bill summaries are authored by the Congressional Research Service (CRS) of the Library of Congress. As stated in Public Law 91-510 (2 USC 166 (d)(6)), one of the duties of CRS is "to prepare summaries and digests of bills and resolutions of a public general nature introduced in the Senate or House of Representatives". For more information, refer to the User Guide that accompanies this file.</dc:description>
  </dublinCore>
</billStatus>

