<?xml version="1.0" encoding="UTF-8"?>
<billStatus>
  <bill>
    <notes />
    <title>Reaffirming the commitment of the United States to promoting religious freedom globally, and for other purposes.</title>
    <committees>
      <billCommittees>
        <item>
          <activities>
            <item>
              <date>2017-05-11T18:01:10Z</date>
              <name>Referred to</name>
            </item>
          </activities>
          <type>Standing</type>
          <chamber>House</chamber>
          <systemCode>hsfa00</systemCode>
          <name>Foreign Affairs Committee</name>
          <subcommittees>
            <item>
              <systemCode>hsfa16</systemCode>
              <name>Africa, Global Health, Global Human Rights and International Organizations Subcommittee</name>
              <activities>
                <item>
                  <date>2017-05-18T15:10:59Z</date>
                  <name>Referred to</name>
                </item>
              </activities>
            </item>
          </subcommittees>
        </item>
      </billCommittees>
    </committees>
    <committeeReports />
    <cboCostEstimates />
    <congress>115</congress>
    <laws />
    <updateDate>2018-08-28T19:54:40Z</updateDate>
    <relatedBills />
    <version>1.0.0</version>
    <actions>
      <actionByCounts>
        <houseOfRepresentatives>4</houseOfRepresentatives>
      </actionByCounts>
      <item>
        <actionDate>2017-05-18</actionDate>
        <committee>
          <systemCode>hsfa16</systemCode>
          <name>Africa, Global Health, Global Human Rights and International Organizations Subcommittee</name>
        </committee>
        <links />
        <sourceSystem>
          <code>1</code>
          <name>House committee actions</name>
        </sourceSystem>
        <text>Referred to the Subcommittee on Africa, Global Health, Global Human Rights and International Organizations.</text>
        <type>Committee</type>
      </item>
      <item>
        <committee>
          <systemCode>hsfa00</systemCode>
          <name>Foreign Affairs Committee</name>
        </committee>
        <links />
        <type>IntroReferral</type>
        <text>Referred to the House Committee on Foreign Affairs.</text>
        <actionDate>2017-05-11</actionDate>
        <actionCode>H11100</actionCode>
        <sourceSystem>
          <code>2</code>
          <name>House floor actions</name>
        </sourceSystem>
      </item>
      <item>
        <committee />
        <links />
        <type>IntroReferral</type>
        <text>Introduced in House</text>
        <actionDate>2017-05-11</actionDate>
        <actionCode>Intro-H</actionCode>
        <sourceSystem>
          <code>9</code>
          <name>Library of Congress</name>
        </sourceSystem>
      </item>
      <item>
        <committee />
        <links />
        <type>IntroReferral</type>
        <text>Introduced in House</text>
        <actionDate>2017-05-11</actionDate>
        <actionCode>1000</actionCode>
        <sourceSystem>
          <code>9</code>
          <name>Library of Congress</name>
        </sourceSystem>
      </item>
      <actionTypeCounts>
        <placeholderTextForH>1</placeholderTextForH>
        <introducedInHouse>1</introducedInHouse>
        <billReferrals>1</billReferrals>
        <introducedInTheHouse>1</introducedInTheHouse>
      </actionTypeCounts>
    </actions>
    <sponsors>
      <item>
        <fullName>Rep. Hultgren, Randy [R-IL-14]</fullName>
        <identifiers>
          <lisID>2015</lisID>
          <bioguideId>H001059</bioguideId>
          <gpoId>7934</gpoId>
        </identifiers>
        <bioguideId>H001059</bioguideId>
        <lastName>Hultgren</lastName>
        <firstName>Randy</firstName>
        <party>R</party>
        <byRequestType />
        <middleName />
        <state>IL</state>
        <district>14</district>
      </item>
    </sponsors>
    <billType>HRES</billType>
    <constitutionalAuthorityStatementText />
    <policyArea>
      <name>International Affairs</name>
    </policyArea>
    <recordedVotes />
    <billNumber>319</billNumber>
    <titles>
      <item>
        <chamberCode />
        <titleType>Official Title as Introduced</titleType>
        <chamberName />
        <title>Reaffirming the commitment of the United States to promoting religious freedom globally, and for other purposes.</title>
        <parentTitleType />
      </item>
      <item>
        <chamberCode />
        <titleType>Display Title</titleType>
        <chamberName />
        <title>Reaffirming the commitment of the United States to promoting religious freedom globally, and for other purposes.</title>
        <parentTitleType />
      </item>
    </titles>
    <originChamber>House</originChamber>
    <subjects>
      <billSubjects>
        <policyArea>
          <name>International Affairs</name>
        </policyArea>
        <legislativeSubjects>
          <item>
            <name>Advisory bodies</name>
          </item>
          <item>
            <name>Broadcasting Board of Governors</name>
          </item>
          <item>
            <name>Conflicts and wars</name>
          </item>
          <item>
            <name>Crime victims</name>
          </item>
          <item>
            <name>Department of Defense</name>
          </item>
          <item>
            <name>Department of State</name>
          </item>
          <item>
            <name>Detention of persons</name>
          </item>
          <item>
            <name>Diplomacy, foreign officials, Americans abroad</name>
          </item>
          <item>
            <name>Executive Office of the President</name>
          </item>
          <item>
            <name>Executive agency funding and structure</name>
          </item>
          <item>
            <name>Federal officials</name>
          </item>
          <item>
            <name>Foreign aid and international relief</name>
          </item>
          <item>
            <name>Human rights</name>
          </item>
          <item>
            <name>International exchange and broadcasting</name>
          </item>
          <item>
            <name>International law and treaties</name>
          </item>
          <item>
            <name>Internet and video services</name>
          </item>
          <item>
            <name>Iraq</name>
          </item>
          <item>
            <name>Middle East</name>
          </item>
          <item>
            <name>Political movements and philosophies</name>
          </item>
          <item>
            <name>Racial and ethnic relations</name>
          </item>
          <item>
            <name>Reconstruction and stabilization</name>
          </item>
          <item>
            <name>Religion</name>
          </item>
          <item>
            <name>Sovereignty, recognition, national governance and status</name>
          </item>
          <item>
            <name>Syria</name>
          </item>
          <item>
            <name>Terrorism</name>
          </item>
          <item>
            <name>Trade agreements and negotiations</name>
          </item>
          <item>
            <name>United Nations</name>
          </item>
          <item>
            <name>War crimes, genocide, crimes against humanity</name>
          </item>
        </legislativeSubjects>
      </billSubjects>
    </subjects>
    <cosponsors>
      <item>
        <district>8</district>
        <firstName>Trent</firstName>
        <identifiers>
          <lisID>1707</lisID>
          <bioguideId>F000448</bioguideId>
          <gpoId>7799</gpoId>
        </identifiers>
        <isOriginalCosponsor>True</isOriginalCosponsor>
        <bioguideId>F000448</bioguideId>
        <state>AZ</state>
        <fullName>Rep. Franks, Trent [R-AZ-8]</fullName>
        <party>R</party>
        <lastName>Franks</lastName>
        <sponsorshipDate>2017-05-11</sponsorshipDate>
        <middleName />
        <sponsorshipWithdrawnDate />
      </item>
      <item>
        <district>10</district>
        <firstName>Jody</firstName>
        <identifiers>
          <lisID>2237</lisID>
          <bioguideId>H001071</bioguideId>
          <gpoId />
        </identifiers>
        <isOriginalCosponsor>True</isOriginalCosponsor>
        <bioguideId>H001071</bioguideId>
        <state>GA</state>
        <fullName>Rep. Hice, Jody B. [R-GA-10]</fullName>
        <party>R</party>
        <lastName>Hice</lastName>
        <sponsorshipDate>2017-05-11</sponsorshipDate>
        <middleName>B.</middleName>
        <sponsorshipWithdrawnDate />
      </item>
      <item>
        <district>1</district>
        <firstName>Jeff</firstName>
        <identifiers>
          <gpoId>8038</gpoId>
          <lisID>1793</lisID>
          <bioguideId>F000449</bioguideId>
        </identifiers>
        <isOriginalCosponsor>True</isOriginalCosponsor>
        <bioguideId>F000449</bioguideId>
        <state>NE</state>
        <fullName>Rep. Fortenberry, Jeff [R-NE-1]</fullName>
        <party>R</party>
        <lastName>Fortenberry</lastName>
        <sponsorshipDate>2017-05-11</sponsorshipDate>
        <middleName />
        <sponsorshipWithdrawnDate />
      </item>
      <item>
        <district>18</district>
        <firstName>ANNA</firstName>
        <identifiers>
          <lisID>355</lisID>
          <gpoId>7819</gpoId>
          <bioguideId>E000215</bioguideId>
        </identifiers>
        <isOriginalCosponsor>True</isOriginalCosponsor>
        <bioguideId>E000215</bioguideId>
        <state>CA</state>
        <fullName>Rep. Eshoo, Anna G. [D-CA-18]</fullName>
        <party>D</party>
        <lastName>ESHOO</lastName>
        <sponsorshipDate>2017-05-11</sponsorshipDate>
        <middleName>G.</middleName>
        <sponsorshipWithdrawnDate />
      </item>
      <item>
        <district>8</district>
        <firstName>Richard</firstName>
        <identifiers>
          <bioguideId>H001067</bioguideId>
          <lisID>2140</lisID>
          <gpoId />
        </identifiers>
        <isOriginalCosponsor>False</isOriginalCosponsor>
        <bioguideId>H001067</bioguideId>
        <state>NC</state>
        <fullName>Rep. Hudson, Richard [R-NC-8]</fullName>
        <party>R</party>
        <lastName>Hudson</lastName>
        <sponsorshipDate>2017-05-25</sponsorshipDate>
        <middleName />
        <sponsorshipWithdrawnDate />
      </item>
      <item>
        <district>5</district>
        <firstName>Thomas</firstName>
        <identifiers>
          <lisID>2353</lisID>
          <bioguideId>G000580</bioguideId>
          <gpoId />
        </identifiers>
        <isOriginalCosponsor>False</isOriginalCosponsor>
        <bioguideId>G000580</bioguideId>
        <state>VA</state>
        <fullName>Rep. Garrett, Thomas A., Jr. [R-VA-5]</fullName>
        <party>R</party>
        <lastName>Garrett</lastName>
        <sponsorshipDate>2017-05-25</sponsorshipDate>
        <middleName>A.</middleName>
        <sponsorshipWithdrawnDate />
      </item>
      <item>
        <district>12</district>
        <firstName>Gus</firstName>
        <identifiers>
          <lisID>1838</lisID>
          <gpoId>7881</gpoId>
          <bioguideId>B001257</bioguideId>
        </identifiers>
        <isOriginalCosponsor>False</isOriginalCosponsor>
        <bioguideId>B001257</bioguideId>
        <state>FL</state>
        <fullName>Rep. Bilirakis, Gus M. [R-FL-12]</fullName>
        <party>R</party>
        <lastName>Bilirakis</lastName>
        <sponsorshipDate>2017-06-08</sponsorshipDate>
        <middleName>M.</middleName>
        <sponsorshipWithdrawnDate />
      </item>
      <item>
        <district>4</district>
        <firstName>Steve</firstName>
        <identifiers>
          <lisID>1724</lisID>
          <bioguideId>K000362</bioguideId>
          <gpoId>7918</gpoId>
        </identifiers>
        <isOriginalCosponsor>False</isOriginalCosponsor>
        <bioguideId>K000362</bioguideId>
        <state>IA</state>
        <fullName>Rep. King, Steve [R-IA-4]</fullName>
        <party>R</party>
        <lastName>King</lastName>
        <sponsorshipDate>2017-06-20</sponsorshipDate>
        <middleName />
        <sponsorshipWithdrawnDate />
      </item>
      <item>
        <district>4</district>
        <firstName>Trey</firstName>
        <identifiers>
          <gpoId>8144</gpoId>
          <lisID>2058</lisID>
          <bioguideId>G000566</bioguideId>
        </identifiers>
        <isOriginalCosponsor>False</isOriginalCosponsor>
        <bioguideId>G000566</bioguideId>
        <state>SC</state>
        <fullName>Rep. Gowdy, Trey [R-SC-4]</fullName>
        <party>R</party>
        <lastName>Gowdy</lastName>
        <sponsorshipDate>2017-07-17</sponsorshipDate>
        <middleName />
        <sponsorshipWithdrawnDate />
      </item>
      <item>
        <district>36</district>
        <firstName>Brian</firstName>
        <identifiers>
          <bioguideId>B001291</bioguideId>
          <lisID>2270</lisID>
          <gpoId />
        </identifiers>
        <isOriginalCosponsor>False</isOriginalCosponsor>
        <bioguideId>B001291</bioguideId>
        <state>TX</state>
        <fullName>Rep. Babin, Brian [R-TX-36]</fullName>
        <party>R</party>
        <lastName>Babin</lastName>
        <sponsorshipDate>2017-07-24</sponsorshipDate>
        <middleName />
        <sponsorshipWithdrawnDate />
      </item>
      <item>
        <district>14</district>
        <firstName>Randy</firstName>
        <identifiers>
          <lisID>2161</lisID>
          <gpoId />
          <bioguideId>W000814</bioguideId>
        </identifiers>
        <isOriginalCosponsor>False</isOriginalCosponsor>
        <bioguideId>W000814</bioguideId>
        <state>TX</state>
        <fullName>Rep. Weber, Randy K., Sr. [R-TX-14]</fullName>
        <party>R</party>
        <lastName>Weber</lastName>
        <sponsorshipDate>2017-07-24</sponsorshipDate>
        <middleName>K.</middleName>
        <sponsorshipWithdrawnDate />
      </item>
      <item>
        <district>12</district>
        <firstName>Rick</firstName>
        <identifiers>
          <lisID>2239</lisID>
          <gpoId />
          <bioguideId>A000372</bioguideId>
        </identifiers>
        <isOriginalCosponsor>False</isOriginalCosponsor>
        <bioguideId>A000372</bioguideId>
        <state>GA</state>
        <fullName>Rep. Allen, Rick W. [R-GA-12]</fullName>
        <party>R</party>
        <lastName>Allen</lastName>
        <sponsorshipDate>2017-07-24</sponsorshipDate>
        <middleName>W.</middleName>
        <sponsorshipWithdrawnDate />
      </item>
      <item>
        <district>9</district>
        <firstName>Robert</firstName>
        <identifiers>
          <bioguideId>P000606</bioguideId>
          <gpoId />
          <lisID>2141</lisID>
        </identifiers>
        <isOriginalCosponsor>False</isOriginalCosponsor>
        <bioguideId>P000606</bioguideId>
        <state>NC</state>
        <fullName>Rep. Pittenger, Robert [R-NC-9]</fullName>
        <party>R</party>
        <lastName>Pittenger</lastName>
        <sponsorshipDate>2017-07-24</sponsorshipDate>
        <middleName />
        <sponsorshipWithdrawnDate />
      </item>
      <item>
        <district>2</district>
        <firstName>Bill</firstName>
        <identifiers>
          <lisID>2028</lisID>
          <gpoId>7987</gpoId>
          <bioguideId>H001058</bioguideId>
        </identifiers>
        <isOriginalCosponsor>False</isOriginalCosponsor>
        <bioguideId>H001058</bioguideId>
        <state>MI</state>
        <fullName>Rep. Huizenga, Bill [R-MI-2]</fullName>
        <party>R</party>
        <lastName>Huizenga</lastName>
        <sponsorshipDate>2017-07-24</sponsorshipDate>
        <middleName />
        <sponsorshipWithdrawnDate />
      </item>
      <item>
        <district>0</district>
        <firstName>Kristi</firstName>
        <identifiers>
          <gpoId>8147</gpoId>
          <lisID>2060</lisID>
          <bioguideId>N000184</bioguideId>
        </identifiers>
        <isOriginalCosponsor>False</isOriginalCosponsor>
        <bioguideId>N000184</bioguideId>
        <state>SD</state>
        <fullName>Rep. Noem, Kristi L. [R-SD-At Large]</fullName>
        <party>R</party>
        <lastName>Noem</lastName>
        <sponsorshipDate>2017-07-24</sponsorshipDate>
        <middleName>L.</middleName>
        <sponsorshipWithdrawnDate />
      </item>
      <item>
        <district>7</district>
        <firstName>Tim</firstName>
        <identifiers>
          <lisID>1855</lisID>
          <gpoId>7992</gpoId>
          <bioguideId>W000798</bioguideId>
        </identifiers>
        <isOriginalCosponsor>False</isOriginalCosponsor>
        <bioguideId>W000798</bioguideId>
        <state>MI</state>
        <fullName>Rep. Walberg, Tim [R-MI-7]</fullName>
        <party>R</party>
        <lastName>Walberg</lastName>
        <sponsorshipDate>2017-08-01</sponsorshipDate>
        <middleName />
        <sponsorshipWithdrawnDate />
      </item>
      <item>
        <district>7</district>
        <firstName>David</firstName>
        <identifiers>
          <lisID>2256</lisID>
          <bioguideId>R000603</bioguideId>
          <gpoId />
        </identifiers>
        <isOriginalCosponsor>False</isOriginalCosponsor>
        <bioguideId>R000603</bioguideId>
        <state>NC</state>
        <fullName>Rep. Rouzer, David [R-NC-7]</fullName>
        <party>R</party>
        <lastName>Rouzer</lastName>
        <sponsorshipDate>2017-08-01</sponsorshipDate>
        <middleName />
        <sponsorshipWithdrawnDate />
      </item>
      <item>
        <district>4</district>
        <firstName>Vicky</firstName>
        <identifiers>
          <lisID>2032</lisID>
          <gpoId>8012</gpoId>
          <bioguideId>H001053</bioguideId>
        </identifiers>
        <isOriginalCosponsor>False</isOriginalCosponsor>
        <bioguideId>H001053</bioguideId>
        <state>MO</state>
        <fullName>Rep. Hartzler, Vicky [R-MO-4]</fullName>
        <party>R</party>
        <lastName>Hartzler</lastName>
        <sponsorshipDate>2017-09-18</sponsorshipDate>
        <middleName />
        <sponsorshipWithdrawnDate />
      </item>
      <item>
        <district>2</district>
        <firstName>Lynn</firstName>
        <identifiers>
          <lisID>1921</lisID>
          <gpoId>7950</gpoId>
          <bioguideId>J000290</bioguideId>
        </identifiers>
        <isOriginalCosponsor>False</isOriginalCosponsor>
        <bioguideId>J000290</bioguideId>
        <state>KS</state>
        <fullName>Rep. Jenkins, Lynn [R-KS-2]</fullName>
        <party>R</party>
        <lastName>Jenkins</lastName>
        <sponsorshipDate>2017-10-27</sponsorshipDate>
        <middleName />
        <sponsorshipWithdrawnDate />
      </item>
      <item>
        <district>5</district>
        <firstName>Ralph</firstName>
        <identifiers>
          <lisID>2361</lisID>
          <gpoId />
          <bioguideId>N000190</bioguideId>
        </identifiers>
        <isOriginalCosponsor>False</isOriginalCosponsor>
        <bioguideId>N000190</bioguideId>
        <state>SC</state>
        <fullName>Rep. Norman, Ralph [R-SC-5]</fullName>
        <party>R</party>
        <lastName>Norman</lastName>
        <sponsorshipDate>2017-11-03</sponsorshipDate>
        <middleName />
        <sponsorshipWithdrawnDate />
      </item>
      <item>
        <district>3</district>
        <firstName>Mike</firstName>
        <identifiers>
          <bioguideId>K000376</bioguideId>
          <lisID>2051</lisID>
          <gpoId>8708</gpoId>
        </identifiers>
        <isOriginalCosponsor>False</isOriginalCosponsor>
        <bioguideId>K000376</bioguideId>
        <state>PA</state>
        <fullName>Rep. Kelly, Mike [R-PA-3]</fullName>
        <party>R</party>
        <lastName>Kelly</lastName>
        <sponsorshipDate>2017-11-03</sponsorshipDate>
        <middleName />
        <sponsorshipWithdrawnDate />
      </item>
      <item>
        <district>10</district>
        <firstName>Barbara</firstName>
        <identifiers>
          <lisID>2273</lisID>
          <gpoId />
          <bioguideId>C001105</bioguideId>
        </identifiers>
        <isOriginalCosponsor>False</isOriginalCosponsor>
        <bioguideId>C001105</bioguideId>
        <state>VA</state>
        <fullName>Rep. Comstock, Barbara [R-VA-10]</fullName>
        <party>R</party>
        <lastName>Comstock</lastName>
        <sponsorshipDate>2018-03-14</sponsorshipDate>
        <middleName />
        <sponsorshipWithdrawnDate />
      </item>
      <item>
        <district>13</district>
        <firstName>Ted</firstName>
        <identifiers>
          <bioguideId>B001305</bioguideId>
          <lisID>2336</lisID>
          <gpoId />
        </identifiers>
        <isOriginalCosponsor>False</isOriginalCosponsor>
        <bioguideId>B001305</bioguideId>
        <state>NC</state>
        <fullName>Rep. Budd, Ted [R-NC-13]</fullName>
        <party>R</party>
        <lastName>Budd</lastName>
        <sponsorshipDate>2018-03-14</sponsorshipDate>
        <middleName />
        <sponsorshipWithdrawnDate />
      </item>
      <item>
        <district>19</district>
        <firstName>Francis</firstName>
        <identifiers>
          <bioguideId>R000607</bioguideId>
          <lisID>2323</lisID>
          <gpoId />
        </identifiers>
        <isOriginalCosponsor>False</isOriginalCosponsor>
        <bioguideId>R000607</bioguideId>
        <state>FL</state>
        <fullName>Rep. Rooney, Francis [R-FL-19]</fullName>
        <party>R</party>
        <lastName>Rooney</lastName>
        <sponsorshipDate>2018-06-26</sponsorshipDate>
        <middleName />
        <sponsorshipWithdrawnDate />
      </item>
      <item>
        <district>2</district>
        <firstName>JAMES</firstName>
        <identifiers>
          <bioguideId>M000312</bioguideId>
          <lisID>1504</lisID>
          <gpoId>7968</gpoId>
        </identifiers>
        <isOriginalCosponsor>False</isOriginalCosponsor>
        <bioguideId>M000312</bioguideId>
        <state>MA</state>
        <fullName>Rep. McGovern, James P. [D-MA-2]</fullName>
        <party>D</party>
        <lastName>MCGOVERN</lastName>
        <sponsorshipDate>2018-07-10</sponsorshipDate>
        <middleName>P.</middleName>
        <sponsorshipWithdrawnDate />
      </item>
      <item>
        <district>17</district>
        <firstName>Bill</firstName>
        <identifiers>
          <lisID>2065</lisID>
          <bioguideId>F000461</bioguideId>
          <gpoId>8173</gpoId>
        </identifiers>
        <isOriginalCosponsor>False</isOriginalCosponsor>
        <bioguideId>F000461</bioguideId>
        <state>TX</state>
        <fullName>Rep. Flores, Bill [R-TX-17]</fullName>
        <party>R</party>
        <lastName>Flores</lastName>
        <sponsorshipDate>2018-07-12</sponsorshipDate>
        <middleName />
        <sponsorshipWithdrawnDate />
      </item>
      <item>
        <district>11</district>
        <firstName>Barry</firstName>
        <identifiers>
          <lisID>2238</lisID>
          <gpoId />
          <bioguideId>L000583</bioguideId>
        </identifiers>
        <isOriginalCosponsor>False</isOriginalCosponsor>
        <bioguideId>L000583</bioguideId>
        <state>GA</state>
        <fullName>Rep. Loudermilk, Barry [R-GA-11]</fullName>
        <party>R</party>
        <lastName>Loudermilk</lastName>
        <sponsorshipDate>2018-07-16</sponsorshipDate>
        <middleName />
        <sponsorshipWithdrawnDate />
      </item>
      <item>
        <district>5</district>
        <firstName>Doug</firstName>
        <identifiers>
          <bioguideId>L000564</bioguideId>
          <gpoId>7863</gpoId>
          <lisID>1834</lisID>
        </identifiers>
        <isOriginalCosponsor>False</isOriginalCosponsor>
        <bioguideId>L000564</bioguideId>
        <state>CO</state>
        <fullName>Rep. Lamborn, Doug [R-CO-5]</fullName>
        <party>R</party>
        <lastName>Lamborn</lastName>
        <sponsorshipDate>2018-07-23</sponsorshipDate>
        <middleName />
        <sponsorshipWithdrawnDate />
      </item>
    </cosponsors>
    <introducedDate>2017-05-11</introducedDate>
    <calendarNumbers />
    <latestAction>
      <actionDate>2017-05-18</actionDate>
      <links />
      <text>Referred to the Subcommittee on Africa, Global Health, Global Human Rights and International Organizations.</text>
    </latestAction>
    <amendments />
    <summaries>
      <billSummaries>
        <item>
          <updateDate>2017-05-11T04:00:00Z</updateDate>
          <actionDate>2017-05-11</actionDate>
          <versionCode>00</versionCode>
          <name>Introduced in House</name>
          <text><![CDATA[<p>Reaffirms the U.S. commitment to promoting religious freedom globally.</p> <p> Calls on the President to: </p> <ul> <li>strengthen U.S. religious freedom diplomacy;</li> <li>appoint a new Ambassador-at-Large for International Religious Freedom;</li> <li>name a Special Advisor for International Religious Freedom at the National Security Council;</li> <li>develop a national security strategy on international religious freedom;</li> <li>support international religious freedom in United Nations institutions; </li> <li> leverage the growing network of foreign international religious freedom focused institutions; </li> <li>develop a strategic plan for U.S. diplomatic missions to promote and protect international religious freedom;</li> <li> direct grants to specified groups engaged in innovative programs to build and strengthen pluralistic societies, protect freedom of religion, reduce conflict, and counter violent religious extremism and terrorism; </li> <li>develop a comprehensive and multiyear strategy that partners with specified entities to achieve rapid levels of closed society access to the Internet in promotion of democracy and human rights; and </li> <li>develop a comprehensive response to protect war crimes victims and to provide assistance to affected individuals from religious and ethnic groups in Iraq and Syria.</li> </ul> <p>Urges the Department of State to: (1) implement Frank Wolf International Religious Freedom Act provisions that direct the George P. Shultz National Foreign Affairs Training Center to conduct training on religious freedom for all Foreign Service officers and all outgoing deputy chiefs of mission and ambassadors, (2) develop a training curriculum for American diplomats in international religious freedom policy, and (3) reestablish the Religion and Foreign Policy Working Group.</p>]]></text>
          <lastSummaryUpdateDate>2017-08-24T17:47:59Z</lastSummaryUpdateDate>
          <actionDesc>Introduced in House</actionDesc>
        </item>
      </billSummaries>
    </summaries>
    <createDate>2017-05-12T03:11:37Z</createDate>
  </bill>
  <dublinCore xmlns:dc="http://purl.org/dc/elements/1.1/">
    <dc:format>text/xml</dc:format>
    <dc:language>EN</dc:language>
    <dc:rights>Pursuant to Title 17 Section 105 of the United States Code, this file is not subject to copyright protection and is in the public domain.</dc:rights>
    <dc:contributor>Congressional Research Service, Library of Congress</dc:contributor>
    <dc:description>This file contains bill summaries and statuses for federal legislation. A bill summary describes the most significant provisions of a piece of legislation and details the effects the legislative text may have on current law and federal programs. Bill summaries are authored by the Congressional Research Service (CRS) of the Library of Congress. As stated in Public Law 91-510 (2 USC 166 (d)(6)), one of the duties of CRS is "to prepare summaries and digests of bills and resolutions of a public general nature introduced in the Senate or House of Representatives". For more information, refer to the User Guide that accompanies this file.</dc:description>
  </dublinCore>
</billStatus>

