<?xml version="1.0" encoding="UTF-8"?>
<billStatus>
  <bill>
    <titles>
      <item>
        <title>Providing for consideration of the bill (H.R. 1004) to amend chapter 3 of title 5, United States Code, to require the publication of information relating to pending agency regulatory actions, and for other purposes, and providing for consideration of the bill (H.R. 1009) to amend title 44, United States Code, to require the Administrator of the Office of Information and Regulatory Affairs to review regulations, and for other purposes.</title>
        <chamberCode />
        <titleType>Official Title as Introduced</titleType>
        <parentTitleType />
        <chamberName />
      </item>
      <item>
        <title>Providing for consideration of the bill (H.R. 1004) to amend chapter 3 of title 5, United States Code, to require the publication of information relating to pending agency regulatory actions, and for other purposes, and providing for consideration of the bill (H.R. 1009) to amend title 44, United States Code, to require the Administrator of the Office of Information and Regulatory Affairs to review regulations, and for other purposes.</title>
        <chamberCode />
        <titleType>Display Title</titleType>
        <parentTitleType />
        <chamberName />
      </item>
    </titles>
    <notes />
    <latestAction>
      <links />
      <text>Motion to reconsider laid on the table Agreed to without objection.</text>
      <actionDate>2017-03-01</actionDate>
      <actionTime>15:21:48</actionTime>
    </latestAction>
    <constitutionalAuthorityStatementText />
    <committees>
      <billCommittees>
        <item>
          <systemCode>hsru00</systemCode>
          <type>Standing</type>
          <activities>
            <item>
              <date>2017-02-28T21:34:25Z</date>
              <name>Reported original measure</name>
            </item>
          </activities>
          <name>Rules Committee</name>
          <subcommittees />
          <chamber>House</chamber>
        </item>
      </billCommittees>
    </committees>
    <actions>
      <item>
        <actionTime>15:21:48</actionTime>
        <text>Motion to reconsider laid on the table Agreed to without objection.</text>
        <committee />
        <links />
        <actionDate>2017-03-01</actionDate>
        <sourceSystem>
          <code>2</code>
          <name>House floor actions</name>
        </sourceSystem>
        <type>Floor</type>
        <actionCode>H38310</actionCode>
      </item>
      <item>
        <actionTime>15:21:47</actionTime>
        <text>On agreeing to the resolution Agreed to by recorded vote: 234 - 180 (Roll no. 116). (text: CR 1403-1404)</text>
        <committee />
        <links>
          <link>
            <url>http://clerk.house.gov/evs/2017/roll116.xml</url>
            <name>Roll no. 116</name>
          </link>
        </links>
        <actionDate>2017-03-01</actionDate>
        <sourceSystem>
          <code>2</code>
          <name>House floor actions</name>
        </sourceSystem>
        <type>Floor</type>
        <actionCode>H37100</actionCode>
      </item>
      <item>
        <actionTime>15:21:47</actionTime>
        <text>Passed/agreed to in House: On agreeing to the resolution Agreed to by recorded vote: 234 - 180 (Roll no. 116).(text: CR 1403-1404)</text>
        <committee />
        <links>
          <link>
            <url>http://clerk.house.gov/evs/2017/roll116.xml</url>
            <name>Roll no. 116</name>
          </link>
        </links>
        <actionDate>2017-03-01</actionDate>
        <sourceSystem>
          <code>9</code>
          <name>Library of Congress</name>
        </sourceSystem>
        <type>Floor</type>
        <actionCode>8000</actionCode>
      </item>
      <item>
        <actionTime>15:14:56</actionTime>
        <text>On ordering the previous question Agreed to by the Yeas and Nays: 233 - 189 (Roll no. 115). (consideration: CR H1408, H1419-1420)</text>
        <committee />
        <links>
          <link>
            <url>https://www.congress.gov/congressional-record/volume-163/house-section/page/H1408</url>
            <name>H1408</name>
          </link>
          <link>
            <url>https://www.congress.gov/congressional-record/volume-163/house-section/page/H1419-1420</url>
            <name>H1419-1420</name>
          </link>
          <link>
            <url>http://clerk.house.gov/evs/2017/roll115.xml</url>
            <name>Roll no. 115</name>
          </link>
        </links>
        <actionDate>2017-03-01</actionDate>
        <sourceSystem>
          <code>2</code>
          <name>House floor actions</name>
        </sourceSystem>
        <type>Floor</type>
        <actionCode>H35000</actionCode>
      </item>
      <item>
        <actionTime>15:08:28</actionTime>
        <text>Considered as unfinished business. (consideration: CR H1419-1421)</text>
        <committee />
        <links>
          <link>
            <url>https://www.congress.gov/congressional-record/volume-163/house-section/page/H1419-1421</url>
            <name>H1419-1421</name>
          </link>
        </links>
        <actionDate>2017-03-01</actionDate>
        <sourceSystem>
          <code>2</code>
          <name>House floor actions</name>
        </sourceSystem>
        <type>Floor</type>
        <actionCode>H30000</actionCode>
      </item>
      <item>
        <actionTime>13:07:26</actionTime>
        <text>POSTPONED PROCEEDINGS - At the conclusion of debate on H.Res. 156, the Chair put the question on ordering the previous question and by voice vote, announced that the ayes had prevailed. Mr. Polis demanded the yeas and nays and the Chair postponed further proceedings on ordering the previous question until later in the legislative day.</text>
        <committee />
        <links>
          <link>
            <url>https://www.congress.gov/bill/115th-congress/house-resolution/156</url>
            <name>H.Res. 156</name>
          </link>
        </links>
        <actionDate>2017-03-01</actionDate>
        <sourceSystem>
          <code>2</code>
          <name>House floor actions</name>
        </sourceSystem>
        <type>Floor</type>
        <actionCode>H8D000</actionCode>
      </item>
      <item>
        <actionTime>12:29:04</actionTime>
        <text>DEBATE - The House proceeded with one hour of debate on H. Res. 156.</text>
        <committee />
        <links>
          <link>
            <url>https://www.congress.gov/bill/115th-congress/house-resolution/156</url>
            <name>H. Res. 156</name>
          </link>
        </links>
        <actionDate>2017-03-01</actionDate>
        <sourceSystem>
          <code>2</code>
          <name>House floor actions</name>
        </sourceSystem>
        <type>Floor</type>
        <actionCode>H8D000</actionCode>
      </item>
      <item>
        <actionTime>12:24:55</actionTime>
        <text>Considered as privileged matter. (consideration: CR H1403-1408)</text>
        <committee />
        <links>
          <link>
            <url>https://www.congress.gov/congressional-record/volume-163/house-section/page/H1403-1408</url>
            <name>H1403-1408</name>
          </link>
        </links>
        <actionDate>2017-03-01</actionDate>
        <sourceSystem>
          <code>2</code>
          <name>House floor actions</name>
        </sourceSystem>
        <type>Floor</type>
        <actionCode>H30000</actionCode>
      </item>
      <item>
        <text>Placed on the House Calendar, Calendar No. 14.</text>
        <type>Calendars</type>
        <links />
        <actionDate>2017-02-28</actionDate>
        <sourceSystem>
          <code>2</code>
          <name>House floor actions</name>
        </sourceSystem>
        <committee />
        <actionCode>H12420</actionCode>
      </item>
      <item>
        <actionTime>16:34:26</actionTime>
        <text>Providing for consideration of H.R. 1004 and H.R. 1009.</text>
        <committee />
        <links>
          <link>
            <url>https://www.congress.gov/bill/115th-congress/house-bill/1004</url>
            <name>H.R. 1004</name>
          </link>
          <link>
            <url>https://www.congress.gov/bill/115th-congress/house-bill/1009</url>
            <name>H.R. 1009</name>
          </link>
        </links>
        <actionDate>2017-02-28</actionDate>
        <sourceSystem>
          <code>2</code>
          <name>House floor actions</name>
        </sourceSystem>
        <type>Floor</type>
        <actionCode>H12700</actionCode>
      </item>
      <item>
        <text>The House Committee on Rules reported an original measure, H. Rept. 115-21, by Mr. Sessions.</text>
        <type>Committee</type>
        <links>
          <link>
            <url>https://www.congress.gov/congressional-report/115th-congress/house-report/21</url>
            <name>H. Rept. 115-21</name>
          </link>
        </links>
        <actionDate>2017-02-28</actionDate>
        <sourceSystem>
          <code>2</code>
          <name>House floor actions</name>
        </sourceSystem>
        <committee>
          <systemCode>hsru00</systemCode>
          <name>Rules Committee</name>
        </committee>
        <actionCode>H12100</actionCode>
      </item>
      <item>
        <text>The House Committee on Rules reported an original measure, H. Rept. 115-21, by Mr. Sessions.</text>
        <type>Committee</type>
        <links>
          <link>
            <url>https://www.congress.gov/congressional-report/115th-congress/house-report/21</url>
            <name>H. Rept. 115-21</name>
          </link>
        </links>
        <actionDate>2017-02-28</actionDate>
        <sourceSystem>
          <code>9</code>
          <name>Library of Congress</name>
        </sourceSystem>
        <committee>
          <systemCode>hsru00</systemCode>
          <name>Rules Committee</name>
        </committee>
        <actionCode>5000</actionCode>
      </item>
      <item>
        <text>Introduced in House</text>
        <type>IntroReferral</type>
        <links />
        <actionDate>2017-02-28</actionDate>
        <sourceSystem>
          <code>9</code>
          <name>Library of Congress</name>
        </sourceSystem>
        <committee />
        <actionCode>1000</actionCode>
      </item>
      <actionByCounts>
        <houseOfRepresentatives>13</houseOfRepresentatives>
      </actionByCounts>
      <actionTypeCounts>
        <introducedInHouse>1</introducedInHouse>
        <generalDebate>2</generalDebate>
        <considerationByHouse>2</considerationByHouse>
        <motionToReconsiderResults>1</motionToReconsiderResults>
        <provisionsOfARule>1</provisionsOfARule>
        <passedAgreedToInHouse>1</passedAgreedToInHouse>
        <passageOfAMeasure>1</passageOfAMeasure>
        <motionForPreviousQuestion>1</motionForPreviousQuestion>
        <committeeReportOfAnOriginalMeasure>1</committeeReportOfAnOriginalMeasure>
        <houseCalendarAssignment>1</houseCalendarAssignment>
        <reportedToHouse>1</reportedToHouse>
      </actionTypeCounts>
    </actions>
    <policyArea>
      <name>Congress</name>
    </policyArea>
    <sponsors>
      <item>
        <fullName>Rep. Sessions, Pete [R-TX-32]</fullName>
        <party>R</party>
        <bioguideId>S000250</bioguideId>
        <identifiers>
          <gpoId>8188</gpoId>
          <lisID>1525</lisID>
          <bioguideId>S000250</bioguideId>
        </identifiers>
        <lastName>SESSIONS</lastName>
        <district>32</district>
        <middleName />
        <firstName>PETE</firstName>
        <byRequestType />
        <state>TX</state>
      </item>
    </sponsors>
    <recordedVotes>
      <recordedVote>
        <rollNumber>116</rollNumber>
        <sessionNumber>1</sessionNumber>
        <fullActionName>Passage of a Measure</fullActionName>
        <date>2017-03-01T20:21:47Z</date>
        <url>http://clerk.house.gov/evs/2017/roll116.xml</url>
        <congress>115</congress>
        <chamber>House</chamber>
      </recordedVote>
      <recordedVote>
        <rollNumber>115</rollNumber>
        <sessionNumber>1</sessionNumber>
        <fullActionName>Motion for Previous Question</fullActionName>
        <date>2017-03-01T20:14:56Z</date>
        <url>http://clerk.house.gov/evs/2017/roll115.xml</url>
        <congress>115</congress>
        <chamber>House</chamber>
      </recordedVote>
    </recordedVotes>
    <updateDate>2018-08-28T19:54:09Z</updateDate>
    <billNumber>156</billNumber>
    <title>Providing for consideration of the bill (H.R. 1004) to amend chapter 3 of title 5, United States Code, to require the publication of information relating to pending agency regulatory actions, and for other purposes, and providing for consideration of the bill (H.R. 1009) to amend title 44, United States Code, to require the Administrator of the Office of Information and Regulatory Affairs to review regulations, and for other purposes.</title>
    <relatedBills>
      <item>
        <latestTitle>Regulatory Integrity Act of 2017</latestTitle>
        <relationshipDetails>
          <item>
            <type>Procedurally-related</type>
            <identifiedBy>House</identifiedBy>
          </item>
          <item>
            <type>Related bill</type>
            <identifiedBy>House</identifiedBy>
          </item>
        </relationshipDetails>
        <number>1004</number>
        <latestAction>
          <actionDate>2017-03-02</actionDate>
          <text>Received in the Senate and Read twice and referred to the Committee on Homeland Security and Governmental Affairs.</text>
        </latestAction>
        <congress>115</congress>
        <type>HR</type>
      </item>
      <item>
        <latestTitle>OIRA Insight, Reform, and Accountability Act</latestTitle>
        <relationshipDetails>
          <item>
            <type>Procedurally-related</type>
            <identifiedBy>House</identifiedBy>
          </item>
        </relationshipDetails>
        <number>1009</number>
        <latestAction>
          <actionDate>2017-03-02</actionDate>
          <text>Received in the Senate and Read twice and referred to the Committee on Homeland Security and Governmental Affairs.</text>
        </latestAction>
        <congress>115</congress>
        <type>HR</type>
      </item>
    </relatedBills>
    <amendments />
    <version>1.0.0</version>
    <laws />
    <cboCostEstimates />
    <billType>HRES</billType>
    <createDate>2017-03-01T05:20:49Z</createDate>
    <originChamber>House</originChamber>
    <summaries>
      <billSummaries>
        <item>
          <updateDate>2017-02-28T05:00:00Z</updateDate>
          <actionDate>2017-02-28</actionDate>
          <lastSummaryUpdateDate>2017-03-01T09:03:34Z</lastSummaryUpdateDate>
          <text><![CDATA[Sets forth the rule for consideration of the bill (H.R. 1004) to amend chapter 3 of title 5, United States Code, to require the publication of information relating to pending agency regulatory actions, and for other purposes, and providing for consideration of the bill (H.R. 1009) to amend title 44, United States Code, to require the Administrator of the Office of Information and Regulatory Affairs to review regulations.]]></text>
          <actionDesc>Introduced in House</actionDesc>
          <versionCode>00</versionCode>
          <name>Introduced in House</name>
        </item>
      </billSummaries>
    </summaries>
    <committeeReports>
      <committeeReport>
        <citation>H. Rept. 115-21</citation>
      </committeeReport>
    </committeeReports>
    <calendarNumbers>
      <item>
        <number />
        <calendar>H00014</calendar>
      </item>
    </calendarNumbers>
    <cosponsors />
    <introducedDate>2017-02-28</introducedDate>
    <congress>115</congress>
    <subjects>
      <billSubjects>
        <policyArea>
          <name>Congress</name>
        </policyArea>
        <legislativeSubjects>
          <item>
            <name>House of Representatives</name>
          </item>
          <item>
            <name>Legislative rules and procedure</name>
          </item>
        </legislativeSubjects>
      </billSubjects>
    </subjects>
  </bill>
  <dublinCore xmlns:dc="http://purl.org/dc/elements/1.1/">
    <dc:format>text/xml</dc:format>
    <dc:language>EN</dc:language>
    <dc:rights>Pursuant to Title 17 Section 105 of the United States Code, this file is not subject to copyright protection and is in the public domain.</dc:rights>
    <dc:contributor>Congressional Research Service, Library of Congress</dc:contributor>
    <dc:description>This file contains bill summaries and statuses for federal legislation. A bill summary describes the most significant provisions of a piece of legislation and details the effects the legislative text may have on current law and federal programs. Bill summaries are authored by the Congressional Research Service (CRS) of the Library of Congress. As stated in Public Law 91-510 (2 USC 166 (d)(6)), one of the duties of CRS is "to prepare summaries and digests of bills and resolutions of a public general nature introduced in the Senate or House of Representatives". For more information, refer to the User Guide that accompanies this file.</dc:description>
  </dublinCore>
</billStatus>

