<?xml version="1.0" encoding="UTF-8"?>
<billStatus>
  <bill>
    <calendarNumbers />
    <amendments />
    <committeeReports />
    <constitutionalAuthorityStatementText />
    <laws />
    <summaries>
      <billSummaries>
        <item>
          <updateDate>2017-02-07T05:00:00Z</updateDate>
          <actionDate>2017-02-07</actionDate>
          <versionCode>00</versionCode>
          <name>Introduced in House</name>
          <text><![CDATA[<p>Provides amounts for the expenses of the House Committee on Veterans' Affairs for the 115th Congress.</p>]]></text>
          <lastSummaryUpdateDate>2017-03-11T17:07:06Z</lastSummaryUpdateDate>
          <actionDesc>Introduced in House</actionDesc>
        </item>
      </billSummaries>
    </summaries>
    <relatedBills />
    <createDate>2017-02-08T04:45:55Z</createDate>
    <latestAction>
      <links />
      <actionDate>2017-02-07</actionDate>
      <text>Referred to the House Committee on House Administration.</text>
    </latestAction>
    <sponsors>
      <item>
        <party>R</party>
        <state>TN</state>
        <bioguideId>R000582</bioguideId>
        <middleName>P.</middleName>
        <lastName>Roe</lastName>
        <fullName>Rep. Roe, David P. [R-TN-1]</fullName>
        <firstName>David</firstName>
        <district>1</district>
        <byRequestType />
        <identifiers>
          <lisID>1954</lisID>
          <bioguideId>R000582</bioguideId>
          <gpoId>8148</gpoId>
        </identifiers>
      </item>
    </sponsors>
    <billNumber>107</billNumber>
    <updateDate>2018-08-28T19:54:00Z</updateDate>
    <cboCostEstimates />
    <notes />
    <titles>
      <item>
        <chamberName />
        <chamberCode />
        <titleType>Official Title as Introduced</titleType>
        <title>Providing amounts for the expenses of the Committee on Veterans' Affairs in the One Hundred Fifteenth Congress.</title>
        <parentTitleType />
      </item>
      <item>
        <chamberName />
        <chamberCode />
        <titleType>Display Title</titleType>
        <title>Providing amounts for the expenses of the Committee on Veterans' Affairs in the One Hundred Fifteenth Congress.</title>
        <parentTitleType />
      </item>
    </titles>
    <introducedDate>2017-02-07</introducedDate>
    <subjects>
      <billSubjects>
        <legislativeSubjects>
          <item>
            <name>Congressional committees</name>
          </item>
          <item>
            <name>House Committee on Veterans' Affairs</name>
          </item>
        </legislativeSubjects>
        <policyArea>
          <name>Congress</name>
        </policyArea>
      </billSubjects>
    </subjects>
    <billType>HRES</billType>
    <originChamber>House</originChamber>
    <title>Providing amounts for the expenses of the Committee on Veterans' Affairs in the One Hundred Fifteenth Congress.</title>
    <cosponsors>
      <item>
        <lastName>Walz</lastName>
        <state>MN</state>
        <firstName>Timothy</firstName>
        <sponsorshipDate>2017-02-07</sponsorshipDate>
        <district>1</district>
        <fullName>Rep. Walz, Timothy J. [D-MN-1]</fullName>
        <identifiers>
          <lisID>1856</lisID>
          <bioguideId>W000799</bioguideId>
          <gpoId>8001</gpoId>
        </identifiers>
        <bioguideId>W000799</bioguideId>
        <sponsorshipWithdrawnDate />
        <party>D</party>
        <isOriginalCosponsor>True</isOriginalCosponsor>
        <middleName>J.</middleName>
      </item>
    </cosponsors>
    <recordedVotes />
    <policyArea>
      <name>Congress</name>
    </policyArea>
    <committees>
      <billCommittees>
        <item>
          <systemCode>hsha00</systemCode>
          <type>Standing</type>
          <activities>
            <item>
              <date>2017-02-07T15:04:05Z</date>
              <name>Referred to</name>
            </item>
          </activities>
          <name>House Administration Committee</name>
          <subcommittees />
          <chamber>House</chamber>
        </item>
      </billCommittees>
    </committees>
    <actions>
      <actionTypeCounts>
        <introducedInTheHouse>1</introducedInTheHouse>
        <billReferrals>1</billReferrals>
        <introducedInHouse>1</introducedInHouse>
      </actionTypeCounts>
      <item>
        <links />
        <type>IntroReferral</type>
        <actionDate>2017-02-07</actionDate>
        <text>Referred to the House Committee on House Administration.</text>
        <committee>
          <name>House Administration Committee</name>
          <systemCode>hsha00</systemCode>
        </committee>
        <sourceSystem>
          <code>2</code>
          <name>House floor actions</name>
        </sourceSystem>
        <actionCode>H11100</actionCode>
      </item>
      <item>
        <links />
        <type>IntroReferral</type>
        <actionDate>2017-02-07</actionDate>
        <text>Introduced in House</text>
        <committee />
        <sourceSystem>
          <code>9</code>
          <name>Library of Congress</name>
        </sourceSystem>
        <actionCode>Intro-H</actionCode>
      </item>
      <item>
        <links />
        <type>IntroReferral</type>
        <actionDate>2017-02-07</actionDate>
        <text>Introduced in House</text>
        <committee />
        <sourceSystem>
          <code>9</code>
          <name>Library of Congress</name>
        </sourceSystem>
        <actionCode>1000</actionCode>
      </item>
      <actionByCounts>
        <houseOfRepresentatives>3</houseOfRepresentatives>
      </actionByCounts>
    </actions>
    <version>1.0.0</version>
    <congress>115</congress>
  </bill>
  <dublinCore xmlns:dc="http://purl.org/dc/elements/1.1/">
    <dc:format>text/xml</dc:format>
    <dc:language>EN</dc:language>
    <dc:rights>Pursuant to Title 17 Section 105 of the United States Code, this file is not subject to copyright protection and is in the public domain.</dc:rights>
    <dc:contributor>Congressional Research Service, Library of Congress</dc:contributor>
    <dc:description>This file contains bill summaries and statuses for federal legislation. A bill summary describes the most significant provisions of a piece of legislation and details the effects the legislative text may have on current law and federal programs. Bill summaries are authored by the Congressional Research Service (CRS) of the Library of Congress. As stated in Public Law 91-510 (2 USC 166 (d)(6)), one of the duties of CRS is "to prepare summaries and digests of bills and resolutions of a public general nature introduced in the Senate or House of Representatives". For more information, refer to the User Guide that accompanies this file.</dc:description>
  </dublinCore>
</billStatus>

