<?xml version="1.0" encoding="UTF-8"?>
<billStatus>
  <bill>
    <notes />
    <title>Reiterating the indisputable fact that the Nazi regime targeted the Jewish people in its perpetration of the Holocaust and calling on every entity in the executive branch to affirm that fact.</title>
    <committees>
      <billCommittees>
        <item>
          <activities>
            <item>
              <name>Referred to</name>
              <date>2017-02-01T15:01:05Z</date>
            </item>
          </activities>
          <chamber>House</chamber>
          <systemCode>hsfa00</systemCode>
          <name>Foreign Affairs Committee</name>
          <type>Standing</type>
          <subcommittees>
            <item>
              <systemCode>hsfa14</systemCode>
              <activities>
                <item>
                  <name>Referred to</name>
                  <date>2017-02-16T22:12:33Z</date>
                </item>
              </activities>
              <name>Europe, Eurasia, and Emerging Threats Subcommittee</name>
            </item>
          </subcommittees>
        </item>
      </billCommittees>
    </committees>
    <committeeReports />
    <cboCostEstimates />
    <congress>115</congress>
    <laws />
    <updateDate>2018-08-28T19:53:55Z</updateDate>
    <relatedBills />
    <version>1.0.0</version>
    <actions>
      <actionTypeCounts>
        <introducedInHouse>1</introducedInHouse>
        <introducedInTheHouse>1</introducedInTheHouse>
        <billReferrals>1</billReferrals>
        <placeholderTextForH>1</placeholderTextForH>
      </actionTypeCounts>
      <item>
        <actionDate>2017-02-16</actionDate>
        <committee>
          <systemCode>hsfa14</systemCode>
          <name>Europe, Eurasia, and Emerging Threats Subcommittee</name>
        </committee>
        <links />
        <sourceSystem>
          <name>House committee actions</name>
          <code>1</code>
        </sourceSystem>
        <text>Referred to the Subcommittee on Europe, Eurasia, and Emerging Threats.</text>
        <type>Committee</type>
      </item>
      <item>
        <actionDate>2017-02-01</actionDate>
        <links />
        <text>Referred to the House Committee on Foreign Affairs.</text>
        <type>IntroReferral</type>
        <actionCode>H11100</actionCode>
        <sourceSystem>
          <name>House floor actions</name>
          <code>2</code>
        </sourceSystem>
        <committee>
          <systemCode>hsfa00</systemCode>
          <name>Foreign Affairs Committee</name>
        </committee>
      </item>
      <item>
        <actionDate>2017-02-01</actionDate>
        <links />
        <text>Introduced in House</text>
        <type>IntroReferral</type>
        <actionCode>Intro-H</actionCode>
        <sourceSystem>
          <name>Library of Congress</name>
          <code>9</code>
        </sourceSystem>
        <committee />
      </item>
      <item>
        <actionDate>2017-02-01</actionDate>
        <links />
        <text>Introduced in House</text>
        <type>IntroReferral</type>
        <actionCode>1000</actionCode>
        <sourceSystem>
          <name>Library of Congress</name>
          <code>9</code>
        </sourceSystem>
        <committee />
      </item>
      <actionByCounts>
        <houseOfRepresentatives>4</houseOfRepresentatives>
      </actionByCounts>
    </actions>
    <sponsors>
      <item>
        <fullName>Rep. Crowley, Joseph [D-NY-14]</fullName>
        <identifiers>
          <lisID>1604</lisID>
          <gpoId>8068</gpoId>
          <bioguideId>C001038</bioguideId>
        </identifiers>
        <bioguideId>C001038</bioguideId>
        <lastName>CROWLEY</lastName>
        <firstName>JOSEPH</firstName>
        <party>D</party>
        <byRequestType />
        <middleName />
        <state>NY</state>
        <district>14</district>
      </item>
    </sponsors>
    <billType>HRES</billType>
    <constitutionalAuthorityStatementText />
    <policyArea>
      <name>International Affairs</name>
    </policyArea>
    <recordedVotes />
    <billNumber>78</billNumber>
    <titles>
      <item>
        <chamberName />
        <parentTitleType />
        <titleType>Official Title as Introduced</titleType>
        <title>Reiterating the indisputable fact that the Nazi regime targeted the Jewish people in its perpetration of the Holocaust and calling on every entity in the executive branch to affirm that fact.</title>
        <chamberCode />
      </item>
      <item>
        <chamberName />
        <parentTitleType />
        <titleType>Display Title</titleType>
        <title>Reiterating the indisputable fact that the Nazi regime targeted the Jewish people in its perpetration of the Holocaust and calling on every entity in the executive branch to affirm that fact.</title>
        <chamberCode />
      </item>
    </titles>
    <originChamber>House</originChamber>
    <subjects>
      <billSubjects>
        <legislativeSubjects>
          <item>
            <name>Europe</name>
          </item>
          <item>
            <name>Germany</name>
          </item>
          <item>
            <name>Presidents and presidential powers, Vice Presidents</name>
          </item>
          <item>
            <name>Racial and ethnic relations</name>
          </item>
          <item>
            <name>Religion</name>
          </item>
          <item>
            <name>War crimes, genocide, crimes against humanity</name>
          </item>
          <item>
            <name>World history</name>
          </item>
        </legislativeSubjects>
        <policyArea>
          <name>International Affairs</name>
        </policyArea>
      </billSubjects>
    </subjects>
    <cosponsors>
      <item>
        <middleName>M.</middleName>
        <identifiers>
          <bioguideId>L000480</bioguideId>
          <lisID>709</lisID>
          <gpoId>8079</gpoId>
        </identifiers>
        <firstName>NITA</firstName>
        <state>NY</state>
        <bioguideId>L000480</bioguideId>
        <district>17</district>
        <fullName>Rep. Lowey, Nita M. [D-NY-17]</fullName>
        <isOriginalCosponsor>True</isOriginalCosponsor>
        <party>D</party>
        <sponsorshipWithdrawnDate />
        <lastName>LOWEY</lastName>
        <sponsorshipDate>2017-02-01</sponsorshipDate>
      </item>
      <item>
        <middleName>L.</middleName>
        <identifiers>
          <lisID>344</lisID>
          <bioguideId>E000179</bioguideId>
          <gpoId>8078</gpoId>
        </identifiers>
        <firstName>ELIOT</firstName>
        <state>NY</state>
        <bioguideId>E000179</bioguideId>
        <district>16</district>
        <fullName>Rep. Engel, Eliot L. [D-NY-16]</fullName>
        <isOriginalCosponsor>True</isOriginalCosponsor>
        <party>D</party>
        <sponsorshipWithdrawnDate />
        <lastName>ENGEL</lastName>
        <sponsorshipDate>2017-02-01</sponsorshipDate>
      </item>
      <item>
        <middleName />
        <identifiers>
          <lisID>2153</lisID>
          <bioguideId>B001281</bioguideId>
          <gpoId />
        </identifiers>
        <firstName>Joyce</firstName>
        <state>OH</state>
        <bioguideId>B001281</bioguideId>
        <district>3</district>
        <fullName>Rep. Beatty, Joyce [D-OH-3]</fullName>
        <isOriginalCosponsor>True</isOriginalCosponsor>
        <party>D</party>
        <sponsorshipWithdrawnDate />
        <lastName>Beatty</lastName>
        <sponsorshipDate>2017-02-01</sponsorshipDate>
      </item>
      <item>
        <middleName>S.</middleName>
        <identifiers>
          <bioguideId>B001292</bioguideId>
          <lisID>2272</lisID>
          <gpoId />
        </identifiers>
        <firstName>Donald</firstName>
        <state>VA</state>
        <bioguideId>B001292</bioguideId>
        <district>8</district>
        <fullName>Rep. Beyer, Donald S., Jr. [D-VA-8]</fullName>
        <isOriginalCosponsor>True</isOriginalCosponsor>
        <party>D</party>
        <sponsorshipWithdrawnDate />
        <lastName>Beyer</lastName>
        <sponsorshipDate>2017-02-01</sponsorshipDate>
      </item>
      <item>
        <middleName />
        <identifiers>
          <lisID>99</lisID>
          <bioguideId>B000574</bioguideId>
          <gpoId>8116</gpoId>
        </identifiers>
        <firstName>EARL</firstName>
        <state>OR</state>
        <bioguideId>B000574</bioguideId>
        <district>3</district>
        <fullName>Rep. Blumenauer, Earl [D-OR-3]</fullName>
        <isOriginalCosponsor>True</isOriginalCosponsor>
        <party>D</party>
        <sponsorshipWithdrawnDate />
        <lastName>BLUMENAUER</lastName>
        <sponsorshipDate>2017-02-01</sponsorshipDate>
      </item>
      <item>
        <middleName />
        <identifiers>
          <lisID>2092</lisID>
          <gpoId>8367</gpoId>
          <bioguideId>B001278</bioguideId>
        </identifiers>
        <firstName>Suzanne</firstName>
        <state>OR</state>
        <bioguideId>B001278</bioguideId>
        <district>1</district>
        <fullName>Rep. Bonamici, Suzanne [D-OR-1]</fullName>
        <isOriginalCosponsor>True</isOriginalCosponsor>
        <party>D</party>
        <sponsorshipWithdrawnDate />
        <lastName>Bonamici</lastName>
        <sponsorshipDate>2017-02-01</sponsorshipDate>
      </item>
      <item>
        <middleName>G.</middleName>
        <identifiers>
          <lisID>2331</lisID>
          <bioguideId>B001304</bioguideId>
          <gpoId />
        </identifiers>
        <firstName>Anthony</firstName>
        <state>MD</state>
        <bioguideId>B001304</bioguideId>
        <district>4</district>
        <fullName>Rep. Brown, Anthony G. [D-MD-4]</fullName>
        <isOriginalCosponsor>True</isOriginalCosponsor>
        <party>D</party>
        <sponsorshipWithdrawnDate />
        <lastName>Brown</lastName>
        <sponsorshipDate>2017-02-01</sponsorshipDate>
      </item>
      <item>
        <middleName />
        <identifiers>
          <bioguideId>B001285</bioguideId>
          <lisID>2106</lisID>
          <gpoId />
        </identifiers>
        <firstName>Julia</firstName>
        <state>CA</state>
        <bioguideId>B001285</bioguideId>
        <district>26</district>
        <fullName>Rep. Brownley, Julia [D-CA-26]</fullName>
        <isOriginalCosponsor>True</isOriginalCosponsor>
        <party>D</party>
        <sponsorshipWithdrawnDate />
        <lastName>Brownley</lastName>
        <sponsorshipDate>2017-02-01</sponsorshipDate>
      </item>
      <item>
        <middleName />
        <identifiers>
          <lisID>2107</lisID>
          <gpoId />
          <bioguideId>C001097</bioguideId>
        </identifiers>
        <firstName>Tony</firstName>
        <state>CA</state>
        <bioguideId>C001097</bioguideId>
        <district>29</district>
        <fullName>Rep. Cardenas, Tony [D-CA-29]</fullName>
        <isOriginalCosponsor>True</isOriginalCosponsor>
        <party>D</party>
        <sponsorshipWithdrawnDate />
        <lastName>Cardenas</lastName>
        <sponsorshipDate>2017-02-01</sponsorshipDate>
      </item>
      <item>
        <middleName />
        <identifiers>
          <lisID>1839</lisID>
          <gpoId>7883</gpoId>
          <bioguideId>C001066</bioguideId>
        </identifiers>
        <firstName>Kathy</firstName>
        <state>FL</state>
        <bioguideId>C001066</bioguideId>
        <district>14</district>
        <fullName>Rep. Castor, Kathy [D-FL-14]</fullName>
        <isOriginalCosponsor>True</isOriginalCosponsor>
        <party>D</party>
        <sponsorshipWithdrawnDate />
        <lastName>Castor</lastName>
        <sponsorshipDate>2017-02-01</sponsorshipDate>
      </item>
      <item>
        <middleName />
        <identifiers>
          <lisID>2163</lisID>
          <gpoId />
          <bioguideId>C001091</bioguideId>
        </identifiers>
        <firstName>Joaquin</firstName>
        <state>TX</state>
        <bioguideId>C001091</bioguideId>
        <district>20</district>
        <fullName>Rep. Castro, Joaquin [D-TX-20]</fullName>
        <isOriginalCosponsor>True</isOriginalCosponsor>
        <party>D</party>
        <sponsorshipWithdrawnDate />
        <lastName>Castro</lastName>
        <sponsorshipDate>2017-02-01</sponsorshipDate>
      </item>
      <item>
        <middleName>N.</middleName>
        <identifiers>
          <lisID>2055</lisID>
          <gpoId>8139</gpoId>
          <bioguideId>C001084</bioguideId>
        </identifiers>
        <firstName>David</firstName>
        <state>RI</state>
        <bioguideId>C001084</bioguideId>
        <district>1</district>
        <fullName>Rep. Cicilline, David N. [D-RI-1]</fullName>
        <isOriginalCosponsor>True</isOriginalCosponsor>
        <party>D</party>
        <sponsorshipWithdrawnDate />
        <lastName>Cicilline</lastName>
        <sponsorshipDate>2017-02-01</sponsorshipDate>
      </item>
      <item>
        <middleName>M.</middleName>
        <identifiers>
          <bioguideId>C001101</bioguideId>
          <gpoId />
          <lisID>2196</lisID>
        </identifiers>
        <firstName>Katherine</firstName>
        <state>MA</state>
        <bioguideId>C001101</bioguideId>
        <district>5</district>
        <fullName>Rep. Clark, Katherine M. [D-MA-5]</fullName>
        <isOriginalCosponsor>True</isOriginalCosponsor>
        <party>D</party>
        <sponsorshipWithdrawnDate />
        <lastName>Clark</lastName>
        <sponsorshipDate>2017-02-01</sponsorshipDate>
      </item>
      <item>
        <middleName>D.</middleName>
        <identifiers>
          <lisID>1864</lisID>
          <gpoId>8072</gpoId>
          <bioguideId>C001067</bioguideId>
        </identifiers>
        <firstName>Yvette</firstName>
        <state>NY</state>
        <bioguideId>C001067</bioguideId>
        <district>9</district>
        <fullName>Rep. Clarke, Yvette D. [D-NY-9]</fullName>
        <isOriginalCosponsor>True</isOriginalCosponsor>
        <party>D</party>
        <sponsorshipWithdrawnDate />
        <lastName>Clarke</lastName>
        <sponsorshipDate>2017-02-01</sponsorshipDate>
      </item>
      <item>
        <middleName />
        <identifiers>
          <bioguideId>C001068</bioguideId>
          <gpoId>8156</gpoId>
          <lisID>1878</lisID>
        </identifiers>
        <firstName>Steve</firstName>
        <state>TN</state>
        <bioguideId>C001068</bioguideId>
        <district>9</district>
        <fullName>Rep. Cohen, Steve [D-TN-9]</fullName>
        <isOriginalCosponsor>True</isOriginalCosponsor>
        <party>D</party>
        <sponsorshipWithdrawnDate />
        <lastName>Cohen</lastName>
        <sponsorshipDate>2017-02-01</sponsorshipDate>
      </item>
      <item>
        <middleName>K.</middleName>
        <identifiers>
          <bioguideId>D000096</bioguideId>
          <gpoId>7927</gpoId>
          <lisID>1477</lisID>
        </identifiers>
        <firstName>DANNY</firstName>
        <state>IL</state>
        <bioguideId>D000096</bioguideId>
        <district>7</district>
        <fullName>Rep. Davis, Danny K. [D-IL-7]</fullName>
        <isOriginalCosponsor>True</isOriginalCosponsor>
        <party>D</party>
        <sponsorshipWithdrawnDate />
        <lastName>DAVIS</lastName>
        <sponsorshipDate>2017-02-01</sponsorshipDate>
      </item>
      <item>
        <middleName />
        <identifiers>
          <lisID>281</lisID>
          <gpoId>7868</gpoId>
          <bioguideId>D000216</bioguideId>
        </identifiers>
        <firstName>ROSA</firstName>
        <state>CT</state>
        <bioguideId>D000216</bioguideId>
        <district>3</district>
        <fullName>Rep. DeLauro, Rosa L. [D-CT-3]</fullName>
        <isOriginalCosponsor>True</isOriginalCosponsor>
        <party>D</party>
        <sponsorshipWithdrawnDate />
        <lastName>DELAURO</lastName>
        <sponsorshipDate>2017-02-01</sponsorshipDate>
      </item>
      <item>
        <middleName />
        <identifiers>
          <bioguideId>E000288</bioguideId>
          <gpoId>8005</gpoId>
          <lisID>1857</lisID>
        </identifiers>
        <firstName>Keith</firstName>
        <state>MN</state>
        <bioguideId>E000288</bioguideId>
        <district>5</district>
        <fullName>Rep. Ellison, Keith [D-MN-5]</fullName>
        <isOriginalCosponsor>True</isOriginalCosponsor>
        <party>D</party>
        <sponsorshipWithdrawnDate />
        <lastName>Ellison</lastName>
        <sponsorshipDate>2017-02-01</sponsorshipDate>
      </item>
      <item>
        <middleName />
        <identifiers>
          <lisID>2342</lisID>
          <bioguideId>E000297</bioguideId>
          <gpoId />
        </identifiers>
        <firstName>Adriano</firstName>
        <state>NY</state>
        <bioguideId>E000297</bioguideId>
        <district>13</district>
        <fullName>Rep. Espaillat, Adriano [D-NY-13]</fullName>
        <isOriginalCosponsor>True</isOriginalCosponsor>
        <party>D</party>
        <sponsorshipWithdrawnDate />
        <lastName>Espaillat</lastName>
        <sponsorshipDate>2017-02-01</sponsorshipDate>
      </item>
      <item>
        <middleName />
        <identifiers>
          <lisID>2298</lisID>
          <bioguideId>E000296</bioguideId>
          <gpoId />
        </identifiers>
        <firstName>Dwight</firstName>
        <state>PA</state>
        <bioguideId>E000296</bioguideId>
        <district>2</district>
        <fullName>Rep. Evans, Dwight [D-PA-2]</fullName>
        <isOriginalCosponsor>True</isOriginalCosponsor>
        <party>D</party>
        <sponsorshipWithdrawnDate />
        <lastName>Evans</lastName>
        <sponsorshipDate>2017-02-01</sponsorshipDate>
      </item>
      <item>
        <middleName />
        <identifiers>
          <lisID>1888</lisID>
          <bioguideId>F000454</bioguideId>
          <gpoId>7355</gpoId>
        </identifiers>
        <firstName>Bill</firstName>
        <state>IL</state>
        <bioguideId>F000454</bioguideId>
        <district>11</district>
        <fullName>Rep. Foster, Bill [D-IL-11]</fullName>
        <isOriginalCosponsor>True</isOriginalCosponsor>
        <party>D</party>
        <sponsorshipWithdrawnDate />
        <lastName>Foster</lastName>
        <sponsorshipDate>2017-02-01</sponsorshipDate>
      </item>
      <item>
        <middleName />
        <identifiers>
          <lisID>2119</lisID>
          <gpoId />
          <bioguideId>F000462</bioguideId>
        </identifiers>
        <firstName>Lois</firstName>
        <state>FL</state>
        <bioguideId>F000462</bioguideId>
        <district>21</district>
        <fullName>Rep. Frankel, Lois [D-FL-21]</fullName>
        <isOriginalCosponsor>True</isOriginalCosponsor>
        <party>D</party>
        <sponsorshipWithdrawnDate />
        <lastName>Frankel</lastName>
        <sponsorshipDate>2017-02-01</sponsorshipDate>
      </item>
      <item>
        <middleName />
        <identifiers>
          <bioguideId>G000583</bioguideId>
          <gpoId />
          <lisID>2338</lisID>
        </identifiers>
        <firstName>Josh</firstName>
        <state>NJ</state>
        <bioguideId>G000583</bioguideId>
        <district>5</district>
        <fullName>Rep. Gottheimer, Josh [D-NJ-5]</fullName>
        <isOriginalCosponsor>True</isOriginalCosponsor>
        <party>D</party>
        <sponsorshipWithdrawnDate />
        <lastName>Gottheimer</lastName>
        <sponsorshipDate>2017-02-01</sponsorshipDate>
      </item>
      <item>
        <middleName />
        <identifiers>
          <lisID>462</lisID>
          <bioguideId>G000410</bioguideId>
          <gpoId>8185</gpoId>
        </identifiers>
        <firstName>GENE</firstName>
        <state>TX</state>
        <bioguideId>G000410</bioguideId>
        <district>29</district>
        <fullName>Rep. Green, Gene [D-TX-29]</fullName>
        <isOriginalCosponsor>True</isOriginalCosponsor>
        <party>D</party>
        <sponsorshipWithdrawnDate />
        <lastName>GREEN</lastName>
        <sponsorshipDate>2017-02-01</sponsorshipDate>
      </item>
      <item>
        <middleName />
        <identifiers>
          <bioguideId>L000580</bioguideId>
          <lisID>2146</lisID>
          <gpoId />
        </identifiers>
        <firstName>Michelle</firstName>
        <state>NM</state>
        <bioguideId>L000580</bioguideId>
        <district>1</district>
        <fullName>Rep. Lujan Grisham, Michelle [D-NM-1]</fullName>
        <isOriginalCosponsor>True</isOriginalCosponsor>
        <party>D</party>
        <sponsorshipWithdrawnDate />
        <lastName>Lujan Grisham</lastName>
        <sponsorshipDate>2017-02-01</sponsorshipDate>
      </item>
      <item>
        <middleName />
        <identifiers>
          <lisID>2170</lisID>
          <bioguideId>H001064</bioguideId>
          <gpoId />
        </identifiers>
        <firstName>Denny</firstName>
        <state>WA</state>
        <bioguideId>H001064</bioguideId>
        <district>10</district>
        <fullName>Rep. Heck, Denny [D-WA-10]</fullName>
        <isOriginalCosponsor>True</isOriginalCosponsor>
        <party>D</party>
        <sponsorshipWithdrawnDate />
        <lastName>Heck</lastName>
        <sponsorshipDate>2017-02-01</sponsorshipDate>
      </item>
      <item>
        <middleName />
        <identifiers>
          <gpoId>8088</gpoId>
          <lisID>1794</lisID>
          <bioguideId>H001038</bioguideId>
        </identifiers>
        <firstName>Brian</firstName>
        <state>NY</state>
        <bioguideId>H001038</bioguideId>
        <district>26</district>
        <fullName>Rep. Higgins, Brian [D-NY-26]</fullName>
        <isOriginalCosponsor>True</isOriginalCosponsor>
        <party>D</party>
        <sponsorshipWithdrawnDate />
        <lastName>Higgins</lastName>
        <sponsorshipDate>2017-02-01</sponsorshipDate>
      </item>
      <item>
        <middleName />
        <identifiers>
          <lisID>588</lisID>
          <gpoId>8174</gpoId>
          <bioguideId>J000032</bioguideId>
        </identifiers>
        <firstName>SHEILA</firstName>
        <state>TX</state>
        <bioguideId>J000032</bioguideId>
        <district>18</district>
        <fullName>Rep. Jackson Lee, Sheila [D-TX-18]</fullName>
        <isOriginalCosponsor>True</isOriginalCosponsor>
        <party>D</party>
        <sponsorshipWithdrawnDate />
        <lastName>JACKSON LEE</lastName>
        <sponsorshipDate>2017-02-01</sponsorshipDate>
      </item>
      <item>
        <middleName />
        <identifiers>
          <bioguideId>L000287</bioguideId>
          <lisID>688</lisID>
          <gpoId>7902</gpoId>
        </identifiers>
        <firstName>JOHN</firstName>
        <state>GA</state>
        <bioguideId>L000287</bioguideId>
        <district>5</district>
        <fullName>Rep. Lewis, John [D-GA-5]</fullName>
        <isOriginalCosponsor>True</isOriginalCosponsor>
        <party>D</party>
        <sponsorshipWithdrawnDate />
        <lastName>LEWIS</lastName>
        <sponsorshipDate>2017-02-01</sponsorshipDate>
      </item>
      <item>
        <middleName />
        <identifiers>
          <lisID>616</lisID>
          <gpoId>8099</gpoId>
          <bioguideId>K000009</bioguideId>
        </identifiers>
        <firstName>MARCY</firstName>
        <state>OH</state>
        <bioguideId>K000009</bioguideId>
        <district>9</district>
        <fullName>Rep. Kaptur, Marcy [D-OH-9]</fullName>
        <isOriginalCosponsor>True</isOriginalCosponsor>
        <party>D</party>
        <sponsorshipWithdrawnDate />
        <lastName>KAPTUR</lastName>
        <sponsorshipDate>2017-02-01</sponsorshipDate>
      </item>
      <item>
        <middleName>P.</middleName>
        <identifiers>
          <lisID>2172</lisID>
          <bioguideId>K000379</bioguideId>
          <gpoId />
        </identifiers>
        <firstName>Joseph</firstName>
        <state>MA</state>
        <bioguideId>K000379</bioguideId>
        <district>4</district>
        <fullName>Rep. Kennedy, Joseph P., III [D-MA-4]</fullName>
        <isOriginalCosponsor>True</isOriginalCosponsor>
        <party>D</party>
        <sponsorshipWithdrawnDate />
        <lastName>Kennedy</lastName>
        <sponsorshipDate>2017-02-01</sponsorshipDate>
      </item>
      <item>
        <middleName />
        <identifiers>
          <lisID>2308</lisID>
          <bioguideId>K000389</bioguideId>
          <gpoId />
        </identifiers>
        <firstName>Ro</firstName>
        <state>CA</state>
        <bioguideId>K000389</bioguideId>
        <district>17</district>
        <fullName>Rep. Khanna, Ro [D-CA-17]</fullName>
        <isOriginalCosponsor>True</isOriginalCosponsor>
        <party>D</party>
        <sponsorshipWithdrawnDate />
        <lastName>Khanna</lastName>
        <sponsorshipDate>2017-02-01</sponsorshipDate>
      </item>
      <item>
        <middleName>T.</middleName>
        <identifiers>
          <lisID>2134</lisID>
          <bioguideId>K000380</bioguideId>
          <gpoId />
        </identifiers>
        <firstName>Daniel</firstName>
        <state>MI</state>
        <bioguideId>K000380</bioguideId>
        <district>5</district>
        <fullName>Rep. Kildee, Daniel T. [D-MI-5]</fullName>
        <isOriginalCosponsor>True</isOriginalCosponsor>
        <party>D</party>
        <sponsorshipWithdrawnDate />
        <lastName>Kildee</lastName>
        <sponsorshipDate>2017-02-01</sponsorshipDate>
      </item>
      <item>
        <middleName />
        <identifiers>
          <bioguideId>L000560</bioguideId>
          <lisID>1675</lisID>
          <gpoId>8206</gpoId>
        </identifiers>
        <firstName>RICK</firstName>
        <state>WA</state>
        <bioguideId>L000560</bioguideId>
        <district>2</district>
        <fullName>Rep. Larsen, Rick [D-WA-2]</fullName>
        <isOriginalCosponsor>True</isOriginalCosponsor>
        <party>D</party>
        <sponsorshipWithdrawnDate />
        <lastName>LARSEN</lastName>
        <sponsorshipDate>2017-02-01</sponsorshipDate>
      </item>
      <item>
        <middleName>L.</middleName>
        <identifiers>
          <lisID>2252</lisID>
          <bioguideId>L000581</bioguideId>
          <gpoId />
        </identifiers>
        <firstName>Brenda</firstName>
        <state>MI</state>
        <bioguideId>L000581</bioguideId>
        <district>14</district>
        <fullName>Rep. Lawrence, Brenda L. [D-MI-14]</fullName>
        <isOriginalCosponsor>True</isOriginalCosponsor>
        <party>D</party>
        <sponsorshipWithdrawnDate />
        <lastName>Lawrence</lastName>
        <sponsorshipDate>2017-02-01</sponsorshipDate>
      </item>
      <item>
        <middleName>M.</middleName>
        <identifiers>
          <lisID>683</lisID>
          <bioguideId>L000263</bioguideId>
          <gpoId>7997</gpoId>
        </identifiers>
        <firstName>SANDER</firstName>
        <state>MI</state>
        <bioguideId>L000263</bioguideId>
        <district>9</district>
        <fullName>Rep. Levin, Sander M. [D-MI-9]</fullName>
        <isOriginalCosponsor>True</isOriginalCosponsor>
        <party>D</party>
        <sponsorshipWithdrawnDate />
        <lastName>LEVIN</lastName>
        <sponsorshipDate>2017-02-01</sponsorshipDate>
      </item>
      <item>
        <middleName />
        <identifiers>
          <gpoId />
          <lisID>2230</lisID>
          <bioguideId>L000582</bioguideId>
        </identifiers>
        <firstName>Ted</firstName>
        <state>CA</state>
        <bioguideId>L000582</bioguideId>
        <district>33</district>
        <fullName>Rep. Lieu, Ted [D-CA-33]</fullName>
        <isOriginalCosponsor>True</isOriginalCosponsor>
        <party>D</party>
        <sponsorshipWithdrawnDate />
        <lastName>Lieu</lastName>
        <sponsorshipDate>2017-02-01</sponsorshipDate>
      </item>
      <item>
        <middleName>Patrick</middleName>
        <identifiers>
          <bioguideId>M001185</bioguideId>
          <lisID>2150</lisID>
          <gpoId />
        </identifiers>
        <firstName>Sean</firstName>
        <state>NY</state>
        <bioguideId>M001185</bioguideId>
        <district>18</district>
        <fullName>Rep. Maloney, Sean Patrick [D-NY-18]</fullName>
        <isOriginalCosponsor>True</isOriginalCosponsor>
        <party>D</party>
        <sponsorshipWithdrawnDate />
        <lastName>Maloney</lastName>
        <sponsorshipDate>2017-02-01</sponsorshipDate>
      </item>
      <item>
        <middleName>O.</middleName>
        <identifiers>
          <lisID>1814</lisID>
          <bioguideId>M001163</bioguideId>
          <gpoId>7810</gpoId>
        </identifiers>
        <firstName>Doris</firstName>
        <state>CA</state>
        <bioguideId>M001163</bioguideId>
        <district>6</district>
        <fullName>Rep. Matsui, Doris O. [D-CA-6]</fullName>
        <isOriginalCosponsor>True</isOriginalCosponsor>
        <party>D</party>
        <sponsorshipWithdrawnDate />
        <lastName>Matsui</lastName>
        <sponsorshipDate>2017-02-01</sponsorshipDate>
      </item>
      <item>
        <middleName />
        <identifiers>
          <lisID>1653</lisID>
          <bioguideId>M001143</bioguideId>
          <gpoId>8004</gpoId>
        </identifiers>
        <firstName>BETTY</firstName>
        <state>MN</state>
        <bioguideId>M001143</bioguideId>
        <district>4</district>
        <fullName>Rep. McCollum, Betty [D-MN-4]</fullName>
        <isOriginalCosponsor>True</isOriginalCosponsor>
        <party>D</party>
        <sponsorshipWithdrawnDate />
        <lastName>MCCOLLUM</lastName>
        <sponsorshipDate>2017-02-01</sponsorshipDate>
      </item>
      <item>
        <middleName>P.</middleName>
        <identifiers>
          <bioguideId>M000312</bioguideId>
          <gpoId>7968</gpoId>
          <lisID>1504</lisID>
        </identifiers>
        <firstName>JAMES</firstName>
        <state>MA</state>
        <bioguideId>M000312</bioguideId>
        <district>2</district>
        <fullName>Rep. McGovern, James P. [D-MA-2]</fullName>
        <isOriginalCosponsor>True</isOriginalCosponsor>
        <party>D</party>
        <sponsorshipWithdrawnDate />
        <lastName>MCGOVERN</lastName>
        <sponsorshipDate>2017-02-01</sponsorshipDate>
      </item>
      <item>
        <middleName />
        <identifiers>
          <lisID>2148</lisID>
          <gpoId />
          <bioguideId>M001188</bioguideId>
        </identifiers>
        <firstName>Grace</firstName>
        <state>NY</state>
        <bioguideId>M001188</bioguideId>
        <district>6</district>
        <fullName>Rep. Meng, Grace [D-NY-6]</fullName>
        <isOriginalCosponsor>True</isOriginalCosponsor>
        <party>D</party>
        <sponsorshipWithdrawnDate />
        <lastName>Meng</lastName>
        <sponsorshipDate>2017-02-01</sponsorshipDate>
      </item>
      <item>
        <middleName>N.</middleName>
        <identifiers>
          <gpoId />
          <lisID>2318</lisID>
          <bioguideId>M001202</bioguideId>
        </identifiers>
        <firstName>Stephanie</firstName>
        <state>FL</state>
        <bioguideId>M001202</bioguideId>
        <district>7</district>
        <fullName>Rep. Murphy, Stephanie N. [D-FL-7]</fullName>
        <isOriginalCosponsor>True</isOriginalCosponsor>
        <party>D</party>
        <sponsorshipWithdrawnDate />
        <lastName>Murphy</lastName>
        <sponsorshipDate>2017-02-01</sponsorshipDate>
      </item>
      <item>
        <middleName>F.</middleName>
        <identifiers>
          <bioguideId>N000179</bioguideId>
          <lisID>1602</lisID>
          <gpoId>7843</gpoId>
        </identifiers>
        <firstName>GRACE</firstName>
        <state>CA</state>
        <bioguideId>N000179</bioguideId>
        <district>32</district>
        <fullName>Rep. Napolitano, Grace F. [D-CA-32]</fullName>
        <isOriginalCosponsor>True</isOriginalCosponsor>
        <party>D</party>
        <sponsorshipWithdrawnDate />
        <lastName>NAPOLITANO</lastName>
        <sponsorshipDate>2017-02-01</sponsorshipDate>
      </item>
      <item>
        <middleName>E.</middleName>
        <identifiers>
          <lisID>854</lisID>
          <bioguideId>N000015</bioguideId>
          <gpoId>7967</gpoId>
        </identifiers>
        <firstName>RICHARD</firstName>
        <state>MA</state>
        <bioguideId>N000015</bioguideId>
        <district>1</district>
        <fullName>Rep. Neal, Richard E. [D-MA-1]</fullName>
        <isOriginalCosponsor>True</isOriginalCosponsor>
        <party>D</party>
        <sponsorshipWithdrawnDate />
        <lastName>NEAL</lastName>
        <sponsorshipDate>2017-02-01</sponsorshipDate>
      </item>
      <item>
        <middleName>J.</middleName>
        <identifiers>
          <bioguideId>P000096</bioguideId>
          <lisID>1510</lisID>
          <gpoId>8050</gpoId>
        </identifiers>
        <firstName>WILLIAM</firstName>
        <state>NJ</state>
        <bioguideId>P000096</bioguideId>
        <district>9</district>
        <fullName>Rep. Pascrell, Bill, Jr. [D-NJ-9]</fullName>
        <isOriginalCosponsor>True</isOriginalCosponsor>
        <party>D</party>
        <sponsorshipWithdrawnDate />
        <lastName>PASCRELL</lastName>
        <sponsorshipDate>2017-02-01</sponsorshipDate>
      </item>
      <item>
        <middleName />
        <identifiers>
          <lisID>1927</lisID>
          <bioguideId>P000597</bioguideId>
          <gpoId>7984</gpoId>
        </identifiers>
        <firstName>Chellie</firstName>
        <state>ME</state>
        <bioguideId>P000597</bioguideId>
        <district>1</district>
        <fullName>Rep. Pingree, Chellie [D-ME-1]</fullName>
        <isOriginalCosponsor>True</isOriginalCosponsor>
        <party>D</party>
        <sponsorshipWithdrawnDate />
        <lastName>Pingree</lastName>
        <sponsorshipDate>2017-02-01</sponsorshipDate>
      </item>
      <item>
        <middleName>L.</middleName>
        <identifiers>
          <lisID>2023</lisID>
          <gpoId>7960</gpoId>
          <bioguideId>R000588</bioguideId>
        </identifiers>
        <firstName>Cedric</firstName>
        <state>LA</state>
        <bioguideId>R000588</bioguideId>
        <district>2</district>
        <fullName>Rep. Richmond, Cedric L. [D-LA-2]</fullName>
        <isOriginalCosponsor>True</isOriginalCosponsor>
        <party>D</party>
        <sponsorshipWithdrawnDate />
        <lastName>Richmond</lastName>
        <sponsorshipDate>2017-02-01</sponsorshipDate>
      </item>
      <item>
        <middleName />
        <identifiers>
          <bioguideId>R000608</bioguideId>
          <lisID>2339</lisID>
          <gpoId />
        </identifiers>
        <firstName>Jacky</firstName>
        <state>NV</state>
        <bioguideId>R000608</bioguideId>
        <district>3</district>
        <fullName>Rep. Rosen, Jacky [D-NV-3]</fullName>
        <isOriginalCosponsor>True</isOriginalCosponsor>
        <party>D</party>
        <sponsorshipWithdrawnDate />
        <lastName>Rosen</lastName>
        <sponsorshipDate>2017-02-01</sponsorshipDate>
      </item>
      <item>
        <middleName />
        <identifiers>
          <lisID>1756</lisID>
          <bioguideId>R000577</bioguideId>
          <gpoId>8107</gpoId>
        </identifiers>
        <firstName>TIM</firstName>
        <state>OH</state>
        <bioguideId>R000577</bioguideId>
        <district>13</district>
        <fullName>Rep. Ryan, Tim [D-OH-13]</fullName>
        <isOriginalCosponsor>True</isOriginalCosponsor>
        <party>D</party>
        <sponsorshipWithdrawnDate />
        <lastName>RYAN</lastName>
        <sponsorshipDate>2017-02-01</sponsorshipDate>
      </item>
      <item>
        <middleName>D.</middleName>
        <identifiers>
          <bioguideId>S001145</bioguideId>
          <gpoId>7929</gpoId>
          <lisID>1588</lisID>
        </identifiers>
        <firstName>JANICE</firstName>
        <state>IL</state>
        <bioguideId>S001145</bioguideId>
        <district>9</district>
        <fullName>Rep. Schakowsky, Janice D. [D-IL-9]</fullName>
        <isOriginalCosponsor>True</isOriginalCosponsor>
        <party>D</party>
        <sponsorshipWithdrawnDate />
        <lastName>SCHAKOWSKY</lastName>
        <sponsorshipDate>2017-02-01</sponsorshipDate>
      </item>
      <item>
        <middleName>Scott</middleName>
        <identifiers>
          <lisID>2124</lisID>
          <bioguideId>S001190</bioguideId>
          <gpoId />
        </identifiers>
        <firstName>Bradley</firstName>
        <state>IL</state>
        <bioguideId>S001190</bioguideId>
        <district>10</district>
        <fullName>Rep. Schneider, Bradley Scott [D-IL-10]</fullName>
        <isOriginalCosponsor>True</isOriginalCosponsor>
        <party>D</party>
        <sponsorshipWithdrawnDate />
        <lastName>Schneider</lastName>
        <sponsorshipDate>2017-02-01</sponsorshipDate>
      </item>
      <item>
        <middleName>E.</middleName>
        <identifiers>
          <lisID>1042</lisID>
          <bioguideId>S000248</bioguideId>
          <gpoId>8077</gpoId>
        </identifiers>
        <firstName>JOSE</firstName>
        <state>NY</state>
        <bioguideId>S000248</bioguideId>
        <district>15</district>
        <fullName>Rep. Serrano, Jose E. [D-NY-15]</fullName>
        <isOriginalCosponsor>True</isOriginalCosponsor>
        <party>D</party>
        <sponsorshipWithdrawnDate />
        <lastName>SERRANO</lastName>
        <sponsorshipDate>2017-02-01</sponsorshipDate>
      </item>
      <item>
        <middleName />
        <identifiers>
          <lisID>1818</lisID>
          <gpoId>8055</gpoId>
          <bioguideId>S001165</bioguideId>
        </identifiers>
        <firstName>Albio</firstName>
        <state>NJ</state>
        <bioguideId>S001165</bioguideId>
        <district>8</district>
        <fullName>Rep. Sires, Albio [D-NJ-8]</fullName>
        <isOriginalCosponsor>True</isOriginalCosponsor>
        <party>D</party>
        <sponsorshipWithdrawnDate />
        <lastName>Sires</lastName>
        <sponsorshipDate>2017-02-01</sponsorshipDate>
      </item>
      <item>
        <middleName>R.</middleName>
        <identifiers>
          <lisID>2341</lisID>
          <gpoId />
          <bioguideId>S001201</bioguideId>
        </identifiers>
        <firstName>Thomas</firstName>
        <state>NY</state>
        <bioguideId>S001201</bioguideId>
        <district>3</district>
        <fullName>Rep. Suozzi, Thomas R. [D-NY-3]</fullName>
        <isOriginalCosponsor>True</isOriginalCosponsor>
        <party>D</party>
        <sponsorshipWithdrawnDate />
        <lastName>Suozzi</lastName>
        <sponsorshipDate>2017-02-01</sponsorshipDate>
      </item>
      <item>
        <middleName />
        <identifiers>
          <lisID>2104</lisID>
          <gpoId />
          <bioguideId>S001193</bioguideId>
        </identifiers>
        <firstName>Eric</firstName>
        <state>CA</state>
        <bioguideId>S001193</bioguideId>
        <district>15</district>
        <fullName>Rep. Swalwell, Eric [D-CA-15]</fullName>
        <isOriginalCosponsor>True</isOriginalCosponsor>
        <party>D</party>
        <sponsorshipWithdrawnDate />
        <lastName>Swalwell</lastName>
        <sponsorshipDate>2017-02-01</sponsorshipDate>
      </item>
      <item>
        <middleName />
        <identifiers>
          <bioguideId>T000472</bioguideId>
          <gpoId />
          <lisID>2110</lisID>
        </identifiers>
        <firstName>Mark</firstName>
        <state>CA</state>
        <bioguideId>T000472</bioguideId>
        <district>41</district>
        <fullName>Rep. Takano, Mark [D-CA-41]</fullName>
        <isOriginalCosponsor>True</isOriginalCosponsor>
        <party>D</party>
        <sponsorshipWithdrawnDate />
        <lastName>Takano</lastName>
        <sponsorshipDate>2017-02-01</sponsorshipDate>
      </item>
      <item>
        <middleName />
        <identifiers>
          <lisID>1942</lisID>
          <bioguideId>T000469</bioguideId>
          <gpoId>8082</gpoId>
        </identifiers>
        <firstName>Paul</firstName>
        <state>NY</state>
        <bioguideId>T000469</bioguideId>
        <district>20</district>
        <fullName>Rep. Tonko, Paul [D-NY-20]</fullName>
        <isOriginalCosponsor>True</isOriginalCosponsor>
        <party>D</party>
        <sponsorshipWithdrawnDate />
        <lastName>Tonko</lastName>
        <sponsorshipDate>2017-02-01</sponsorshipDate>
      </item>
      <item>
        <middleName />
        <identifiers>
          <lisID>1884</lisID>
          <bioguideId>T000465</bioguideId>
          <gpoId>7970</gpoId>
        </identifiers>
        <firstName>Niki</firstName>
        <state>MA</state>
        <bioguideId>T000465</bioguideId>
        <district>3</district>
        <fullName>Rep. Tsongas, Niki [D-MA-3]</fullName>
        <isOriginalCosponsor>True</isOriginalCosponsor>
        <party>D</party>
        <sponsorshipWithdrawnDate />
        <lastName>Tsongas</lastName>
        <sponsorshipDate>2017-02-01</sponsorshipDate>
      </item>
      <item>
        <middleName>M.</middleName>
        <identifiers>
          <lisID>1184</lisID>
          <bioguideId>V000081</bioguideId>
          <gpoId>8073</gpoId>
        </identifiers>
        <firstName>NYDIA</firstName>
        <state>NY</state>
        <bioguideId>V000081</bioguideId>
        <district>7</district>
        <fullName>Rep. Velazquez, Nydia M. [D-NY-7]</fullName>
        <isOriginalCosponsor>True</isOriginalCosponsor>
        <party>D</party>
        <sponsorshipWithdrawnDate />
        <lastName>VELAZQUEZ</lastName>
        <sponsorshipDate>2017-02-01</sponsorshipDate>
      </item>
      <item>
        <middleName />
        <identifiers>
          <bioguideId>W000797</bioguideId>
          <lisID>1777</lisID>
          <gpoId>7892</gpoId>
        </identifiers>
        <firstName>Debbie</firstName>
        <state>FL</state>
        <bioguideId>W000797</bioguideId>
        <district>23</district>
        <fullName>Rep. Wasserman Schultz, Debbie [D-FL-23]</fullName>
        <isOriginalCosponsor>True</isOriginalCosponsor>
        <party>D</party>
        <sponsorshipWithdrawnDate />
        <lastName>Wasserman Schultz</lastName>
        <sponsorshipDate>2017-02-01</sponsorshipDate>
      </item>
      <item>
        <middleName />
        <identifiers>
          <bioguideId>B001286</bioguideId>
          <lisID>2127</lisID>
          <gpoId />
        </identifiers>
        <firstName>Cheri</firstName>
        <state>IL</state>
        <bioguideId>B001286</bioguideId>
        <district>17</district>
        <fullName>Rep. Bustos, Cheri [D-IL-17]</fullName>
        <isOriginalCosponsor>True</isOriginalCosponsor>
        <party>D</party>
        <sponsorshipWithdrawnDate />
        <lastName>Bustos</lastName>
        <sponsorshipDate>2017-02-01</sponsorshipDate>
      </item>
      <item>
        <middleName>E.</middleName>
        <identifiers>
          <lisID>1976</lisID>
          <gpoId>7891</gpoId>
          <bioguideId>D000610</bioguideId>
        </identifiers>
        <firstName>Theodore</firstName>
        <state>FL</state>
        <bioguideId>D000610</bioguideId>
        <district>22</district>
        <fullName>Rep. Deutch, Theodore E. [D-FL-22]</fullName>
        <isOriginalCosponsor>True</isOriginalCosponsor>
        <party>D</party>
        <sponsorshipWithdrawnDate />
        <lastName>Deutch</lastName>
        <sponsorshipDate>2017-02-01</sponsorshipDate>
      </item>
      <item>
        <middleName />
        <identifiers>
          <lisID>2167</lisID>
          <bioguideId>V000132</bioguideId>
          <gpoId />
        </identifiers>
        <firstName>Filemon</firstName>
        <state>TX</state>
        <bioguideId>V000132</bioguideId>
        <district>34</district>
        <fullName>Rep. Vela, Filemon [D-TX-34]</fullName>
        <isOriginalCosponsor>True</isOriginalCosponsor>
        <party>D</party>
        <sponsorshipWithdrawnDate />
        <lastName>Vela</lastName>
        <sponsorshipDate>2017-02-01</sponsorshipDate>
      </item>
      <item>
        <middleName />
        <identifiers>
          <lisID>2319</lisID>
          <bioguideId>S001200</bioguideId>
          <gpoId />
        </identifiers>
        <firstName>Darren</firstName>
        <state>FL</state>
        <bioguideId>S001200</bioguideId>
        <district>9</district>
        <fullName>Rep. Soto, Darren [D-FL-9]</fullName>
        <isOriginalCosponsor>True</isOriginalCosponsor>
        <party>D</party>
        <sponsorshipWithdrawnDate />
        <lastName>Soto</lastName>
        <sponsorshipDate>2017-02-01</sponsorshipDate>
      </item>
      <item>
        <middleName />
        <identifiers>
          <lisID>1528</lisID>
          <gpoId>8213</gpoId>
          <bioguideId>S000510</bioguideId>
        </identifiers>
        <firstName>ADAM</firstName>
        <state>WA</state>
        <bioguideId>S000510</bioguideId>
        <district>9</district>
        <fullName>Rep. Smith, Adam [D-WA-9]</fullName>
        <isOriginalCosponsor>True</isOriginalCosponsor>
        <party>D</party>
        <sponsorshipWithdrawnDate />
        <lastName>SMITH</lastName>
        <sponsorshipDate>2017-02-01</sponsorshipDate>
      </item>
      <item>
        <middleName />
        <identifiers>
          <lisID>2229</lisID>
          <bioguideId>A000371</bioguideId>
          <gpoId />
        </identifiers>
        <firstName>Pete</firstName>
        <state>CA</state>
        <bioguideId>A000371</bioguideId>
        <district>31</district>
        <fullName>Rep. Aguilar, Pete [D-CA-31]</fullName>
        <isOriginalCosponsor>True</isOriginalCosponsor>
        <party>D</party>
        <sponsorshipWithdrawnDate />
        <lastName>Aguilar</lastName>
        <sponsorshipDate>2017-02-01</sponsorshipDate>
      </item>
      <item>
        <middleName />
        <identifiers>
          <gpoId>7867</gpoId>
          <lisID>1836</lisID>
          <bioguideId>C001069</bioguideId>
        </identifiers>
        <firstName>Joe</firstName>
        <state>CT</state>
        <bioguideId>C001069</bioguideId>
        <district>2</district>
        <fullName>Rep. Courtney, Joe [D-CT-2]</fullName>
        <isOriginalCosponsor>True</isOriginalCosponsor>
        <party>D</party>
        <sponsorshipWithdrawnDate />
        <lastName>Courtney</lastName>
        <sponsorshipDate>2017-02-01</sponsorshipDate>
      </item>
      <item>
        <middleName />
        <identifiers>
          <lisID>1967</lisID>
          <bioguideId>Q000023</bioguideId>
          <gpoId>7925</gpoId>
        </identifiers>
        <firstName>Mike</firstName>
        <state>IL</state>
        <bioguideId>Q000023</bioguideId>
        <district>5</district>
        <fullName>Rep. Quigley, Mike [D-IL-5]</fullName>
        <isOriginalCosponsor>True</isOriginalCosponsor>
        <party>D</party>
        <sponsorshipWithdrawnDate />
        <lastName>Quigley</lastName>
        <sponsorshipDate>2017-02-01</sponsorshipDate>
      </item>
      <item>
        <middleName />
        <identifiers>
          <lisID>2171</lisID>
          <gpoId />
          <bioguideId>P000607</bioguideId>
        </identifiers>
        <firstName>Mark</firstName>
        <state>WI</state>
        <bioguideId>P000607</bioguideId>
        <district>2</district>
        <fullName>Rep. Pocan, Mark [D-WI-2]</fullName>
        <isOriginalCosponsor>True</isOriginalCosponsor>
        <party>D</party>
        <sponsorshipWithdrawnDate />
        <lastName>Pocan</lastName>
        <sponsorshipDate>2017-02-01</sponsorshipDate>
      </item>
      <item>
        <middleName />
        <identifiers>
          <gpoId />
          <lisID>867</lisID>
          <bioguideId>N000127</bioguideId>
        </identifiers>
        <firstName>RICHARD</firstName>
        <state>MN</state>
        <bioguideId>N000127</bioguideId>
        <district>8</district>
        <fullName>Rep. Nolan, Richard M. [D-MN-8]</fullName>
        <isOriginalCosponsor>True</isOriginalCosponsor>
        <party>D</party>
        <sponsorshipWithdrawnDate />
        <lastName>NOLAN</lastName>
        <sponsorshipDate>2017-02-01</sponsorshipDate>
      </item>
      <item>
        <middleName />
        <identifiers>
          <lisID>2306</lisID>
          <bioguideId>O000171</bioguideId>
          <gpoId />
        </identifiers>
        <firstName>Tom</firstName>
        <state>AZ</state>
        <bioguideId>O000171</bioguideId>
        <district>1</district>
        <fullName>Rep. O'Halleran, Tom [D-AZ-1]</fullName>
        <isOriginalCosponsor>True</isOriginalCosponsor>
        <party>D</party>
        <sponsorshipWithdrawnDate />
        <lastName>O'Halleran</lastName>
        <sponsorshipDate>2017-02-01</sponsorshipDate>
      </item>
      <item>
        <middleName>A.</middleName>
        <identifiers>
          <lisID>1469</lisID>
          <gpoId>8119</gpoId>
          <bioguideId>B001227</bioguideId>
        </identifiers>
        <firstName>ROBERT</firstName>
        <state>PA</state>
        <bioguideId>B001227</bioguideId>
        <district>1</district>
        <fullName>Rep. Brady, Robert A. [D-PA-1]</fullName>
        <isOriginalCosponsor>True</isOriginalCosponsor>
        <party>D</party>
        <sponsorshipWithdrawnDate />
        <lastName>BRADY</lastName>
        <sponsorshipDate>2017-02-01</sponsorshipDate>
      </item>
      <item>
        <middleName />
        <identifiers>
          <gpoId />
          <lisID>2251</lisID>
          <bioguideId>D000624</bioguideId>
        </identifiers>
        <firstName>Debbie</firstName>
        <state>MI</state>
        <bioguideId>D000624</bioguideId>
        <district>12</district>
        <fullName>Rep. Dingell, Debbie [D-MI-12]</fullName>
        <isOriginalCosponsor>True</isOriginalCosponsor>
        <party>D</party>
        <sponsorshipWithdrawnDate />
        <lastName>Dingell</lastName>
        <sponsorshipDate>2017-02-01</sponsorshipDate>
      </item>
      <item>
        <middleName />
        <identifiers>
          <bioguideId>T000468</bioguideId>
          <gpoId>7493</gpoId>
          <lisID>1940</lisID>
        </identifiers>
        <firstName>Dina</firstName>
        <state>NV</state>
        <bioguideId>T000468</bioguideId>
        <district>1</district>
        <fullName>Rep. Titus, Dina [D-NV-1]</fullName>
        <isOriginalCosponsor>True</isOriginalCosponsor>
        <party>D</party>
        <sponsorshipWithdrawnDate />
        <lastName>Titus</lastName>
        <sponsorshipDate>2017-02-01</sponsorshipDate>
      </item>
      <item>
        <middleName>L.</middleName>
        <identifiers>
          <lisID>2190</lisID>
          <gpoId />
          <bioguideId>K000385</bioguideId>
        </identifiers>
        <firstName>Robin</firstName>
        <state>IL</state>
        <bioguideId>K000385</bioguideId>
        <district>2</district>
        <fullName>Rep. Kelly, Robin L. [D-IL-2]</fullName>
        <isOriginalCosponsor>True</isOriginalCosponsor>
        <party>D</party>
        <sponsorshipWithdrawnDate />
        <lastName>Kelly</lastName>
        <sponsorshipDate>2017-02-01</sponsorshipDate>
      </item>
      <item>
        <middleName />
        <identifiers>
          <lisID>2202</lisID>
          <gpoId />
          <bioguideId>N000188</bioguideId>
        </identifiers>
        <firstName>Donald</firstName>
        <state>NJ</state>
        <bioguideId>N000188</bioguideId>
        <district>1</district>
        <fullName>Rep. Norcross, Donald [D-NJ-1]</fullName>
        <isOriginalCosponsor>True</isOriginalCosponsor>
        <party>D</party>
        <sponsorshipWithdrawnDate />
        <lastName>Norcross</lastName>
        <sponsorshipDate>2017-02-01</sponsorshipDate>
      </item>
      <item>
        <middleName />
        <identifiers>
          <lisID>1910</lisID>
          <bioguideId>P000598</bioguideId>
          <gpoId>7860</gpoId>
        </identifiers>
        <firstName>Jared</firstName>
        <state>CO</state>
        <bioguideId>P000598</bioguideId>
        <district>2</district>
        <fullName>Rep. Polis, Jared [D-CO-2]</fullName>
        <isOriginalCosponsor>True</isOriginalCosponsor>
        <party>D</party>
        <sponsorshipWithdrawnDate />
        <lastName>Polis</lastName>
        <sponsorshipDate>2017-02-01</sponsorshipDate>
      </item>
      <item>
        <middleName />
        <identifiers>
          <bioguideId>D000623</bioguideId>
          <lisID>2227</lisID>
          <gpoId />
        </identifiers>
        <firstName>Mark</firstName>
        <state>CA</state>
        <bioguideId>D000623</bioguideId>
        <district>11</district>
        <fullName>Rep. DeSaulnier, Mark [D-CA-11]</fullName>
        <isOriginalCosponsor>True</isOriginalCosponsor>
        <party>D</party>
        <sponsorshipWithdrawnDate />
        <lastName>DeSaulnier</lastName>
        <sponsorshipDate>2017-02-01</sponsorshipDate>
      </item>
      <item>
        <middleName />
        <identifiers>
          <lisID>850</lisID>
          <gpoId>8069</gpoId>
          <bioguideId>N000002</bioguideId>
        </identifiers>
        <firstName>JERROLD</firstName>
        <state>NY</state>
        <bioguideId>N000002</bioguideId>
        <district>10</district>
        <fullName>Rep. Nadler, Jerrold [D-NY-10]</fullName>
        <isOriginalCosponsor>True</isOriginalCosponsor>
        <party>D</party>
        <sponsorshipWithdrawnDate />
        <lastName>NADLER</lastName>
        <sponsorshipDate>2017-02-01</sponsorshipDate>
      </item>
      <item>
        <middleName />
        <identifiers>
          <bioguideId>P000613</bioguideId>
          <lisID>2309</lisID>
          <gpoId />
        </identifiers>
        <firstName>Jimmy</firstName>
        <state>CA</state>
        <bioguideId>P000613</bioguideId>
        <district>20</district>
        <fullName>Rep. Panetta, Jimmy [D-CA-20]</fullName>
        <isOriginalCosponsor>True</isOriginalCosponsor>
        <party>D</party>
        <sponsorshipWithdrawnDate />
        <lastName>Panetta</lastName>
        <sponsorshipDate>2017-02-01</sponsorshipDate>
      </item>
      <item>
        <middleName>L.</middleName>
        <identifiers>
          <bioguideId>H000324</bioguideId>
          <lisID>511</lisID>
          <gpoId>7895</gpoId>
        </identifiers>
        <firstName>ALCEE</firstName>
        <state>FL</state>
        <bioguideId>H000324</bioguideId>
        <district>20</district>
        <fullName>Rep. Hastings, Alcee L. [D-FL-20]</fullName>
        <isOriginalCosponsor>True</isOriginalCosponsor>
        <party>D</party>
        <sponsorshipWithdrawnDate />
        <lastName>HASTINGS</lastName>
        <sponsorshipDate>2017-02-01</sponsorshipDate>
      </item>
      <item>
        <middleName>F.</middleName>
        <identifiers>
          <lisID>2267</lisID>
          <gpoId />
          <bioguideId>B001296</bioguideId>
        </identifiers>
        <firstName>Brendan</firstName>
        <state>PA</state>
        <bioguideId>B001296</bioguideId>
        <district>13</district>
        <fullName>Rep. Boyle, Brendan F. [D-PA-13]</fullName>
        <isOriginalCosponsor>True</isOriginalCosponsor>
        <party>D</party>
        <sponsorshipWithdrawnDate />
        <lastName>Boyle</lastName>
        <sponsorshipDate>2017-02-01</sponsorshipDate>
      </item>
      <item>
        <middleName>J.</middleName>
        <identifiers>
          <lisID>2231</lisID>
          <bioguideId>T000474</bioguideId>
          <gpoId />
        </identifiers>
        <firstName>Norma</firstName>
        <state>CA</state>
        <bioguideId>T000474</bioguideId>
        <district>35</district>
        <fullName>Rep. Torres, Norma J. [D-CA-35]</fullName>
        <isOriginalCosponsor>True</isOriginalCosponsor>
        <party>D</party>
        <sponsorshipWithdrawnDate />
        <lastName>Torres</lastName>
        <sponsorshipDate>2017-02-01</sponsorshipDate>
      </item>
      <item>
        <middleName>D.</middleName>
        <identifiers>
          <bioguideId>B000490</bioguideId>
          <lisID>91</lisID>
          <gpoId>7899</gpoId>
        </identifiers>
        <firstName>SANFORD</firstName>
        <state>GA</state>
        <bioguideId>B000490</bioguideId>
        <district>2</district>
        <fullName>Rep. Bishop, Sanford D., Jr. [D-GA-2]</fullName>
        <isOriginalCosponsor>True</isOriginalCosponsor>
        <party>D</party>
        <sponsorshipWithdrawnDate />
        <lastName>BISHOP</lastName>
        <sponsorshipDate>2017-02-01</sponsorshipDate>
      </item>
      <item>
        <middleName>Ray</middleName>
        <identifiers>
          <lisID>1939</lisID>
          <gpoId>8058</gpoId>
          <bioguideId>L000570</bioguideId>
        </identifiers>
        <firstName>Ben</firstName>
        <state>NM</state>
        <bioguideId>L000570</bioguideId>
        <district>3</district>
        <fullName>Rep. Lujan, Ben Ray [D-NM-3]</fullName>
        <isOriginalCosponsor>True</isOriginalCosponsor>
        <party>D</party>
        <sponsorshipWithdrawnDate />
        <lastName>Lujan</lastName>
        <sponsorshipDate>2017-02-01</sponsorshipDate>
      </item>
      <item>
        <middleName />
        <identifiers>
          <bioguideId>K000381</bioguideId>
          <gpoId />
          <lisID>2169</lisID>
        </identifiers>
        <firstName>Derek</firstName>
        <state>WA</state>
        <bioguideId>K000381</bioguideId>
        <district>6</district>
        <fullName>Rep. Kilmer, Derek [D-WA-6]</fullName>
        <isOriginalCosponsor>True</isOriginalCosponsor>
        <party>D</party>
        <sponsorshipWithdrawnDate />
        <lastName>Kilmer</lastName>
        <sponsorshipDate>2017-02-01</sponsorshipDate>
      </item>
      <item>
        <middleName>R.</middleName>
        <identifiers>
          <lisID>2025</lisID>
          <gpoId>7975</gpoId>
          <bioguideId>K000375</bioguideId>
        </identifiers>
        <firstName>William</firstName>
        <state>MA</state>
        <bioguideId>K000375</bioguideId>
        <district>9</district>
        <fullName>Rep. Keating, William R. [D-MA-9]</fullName>
        <isOriginalCosponsor>True</isOriginalCosponsor>
        <party>D</party>
        <sponsorshipWithdrawnDate />
        <lastName>Keating</lastName>
        <sponsorshipDate>2017-02-01</sponsorshipDate>
      </item>
      <item>
        <middleName>M.</middleName>
        <identifiers>
          <gpoId />
          <lisID>2262</lisID>
          <bioguideId>R000602</bioguideId>
        </identifiers>
        <firstName>Kathleen</firstName>
        <state>NY</state>
        <bioguideId>R000602</bioguideId>
        <district>4</district>
        <fullName>Rep. Rice, Kathleen M. [D-NY-4]</fullName>
        <isOriginalCosponsor>True</isOriginalCosponsor>
        <party>D</party>
        <sponsorshipWithdrawnDate />
        <lastName>Rice</lastName>
        <sponsorshipDate>2017-02-01</sponsorshipDate>
      </item>
      <item>
        <middleName>K.</middleName>
        <identifiers>
          <bioguideId>D000617</bioguideId>
          <lisID>2096</lisID>
          <gpoId>8374</gpoId>
        </identifiers>
        <firstName>Suzan</firstName>
        <state>WA</state>
        <bioguideId>D000617</bioguideId>
        <district>1</district>
        <fullName>Rep. DelBene, Suzan K. [D-WA-1]</fullName>
        <isOriginalCosponsor>True</isOriginalCosponsor>
        <party>D</party>
        <sponsorshipWithdrawnDate />
        <lastName>DelBene</lastName>
        <sponsorshipDate>2017-02-01</sponsorshipDate>
      </item>
      <item>
        <middleName>M.</middleName>
        <identifiers>
          <lisID>1708</lisID>
          <gpoId>7804</gpoId>
          <bioguideId>G000551</bioguideId>
        </identifiers>
        <firstName>Raul</firstName>
        <state>AZ</state>
        <bioguideId>G000551</bioguideId>
        <district>3</district>
        <fullName>Rep. Grijalva, Raul M. [D-AZ-3]</fullName>
        <isOriginalCosponsor>True</isOriginalCosponsor>
        <party>D</party>
        <sponsorshipWithdrawnDate />
        <lastName>Grijalva</lastName>
        <sponsorshipDate>2017-02-01</sponsorshipDate>
      </item>
      <item>
        <middleName>M.</middleName>
        <identifiers>
          <bioguideId>S000480</bioguideId>
          <lisID>1069</lisID>
          <gpoId>8089</gpoId>
        </identifiers>
        <firstName>LOUISE</firstName>
        <state>NY</state>
        <bioguideId>S000480</bioguideId>
        <district>25</district>
        <fullName>Rep. Slaughter, Louise McIntosh [D-NY-25]</fullName>
        <isOriginalCosponsor>False</isOriginalCosponsor>
        <party>D</party>
        <sponsorshipWithdrawnDate />
        <lastName>SLAUGHTER</lastName>
        <sponsorshipDate>2017-02-02</sponsorshipDate>
      </item>
      <item>
        <middleName>Butler</middleName>
        <identifiers>
          <lisID>2320</lisID>
          <gpoId />
          <bioguideId>D000627</bioguideId>
        </identifiers>
        <firstName>Val</firstName>
        <state>FL</state>
        <bioguideId>D000627</bioguideId>
        <district>10</district>
        <fullName>Rep. Demings, Val Butler [D-FL-10]</fullName>
        <isOriginalCosponsor>False</isOriginalCosponsor>
        <party>D</party>
        <sponsorshipWithdrawnDate />
        <lastName>Demings</lastName>
        <sponsorshipDate>2017-02-02</sponsorshipDate>
      </item>
      <item>
        <middleName />
        <identifiers>
          <lisID>2010</lisID>
          <gpoId>7912</gpoId>
          <bioguideId>H001050</bioguideId>
        </identifiers>
        <firstName>Colleen</firstName>
        <state>HI</state>
        <bioguideId>H001050</bioguideId>
        <district>1</district>
        <fullName>Rep. Hanabusa, Colleen [D-HI-1]</fullName>
        <isOriginalCosponsor>False</isOriginalCosponsor>
        <party>D</party>
        <sponsorshipWithdrawnDate />
        <lastName>Hanabusa</lastName>
        <sponsorshipDate>2017-02-02</sponsorshipDate>
      </item>
      <item>
        <middleName />
        <identifiers>
          <lisID>1811</lisID>
          <bioguideId>M001160</bioguideId>
          <gpoId>8217</gpoId>
        </identifiers>
        <firstName>Gwen</firstName>
        <state>WI</state>
        <bioguideId>M001160</bioguideId>
        <district>4</district>
        <fullName>Rep. Moore, Gwen [D-WI-4]</fullName>
        <isOriginalCosponsor>False</isOriginalCosponsor>
        <party>D</party>
        <sponsorshipWithdrawnDate />
        <lastName>Moore</lastName>
        <sponsorshipDate>2017-02-02</sponsorshipDate>
      </item>
      <item>
        <middleName />
        <identifiers>
          <bioguideId>G000574</bioguideId>
          <lisID>2226</lisID>
          <gpoId />
        </identifiers>
        <firstName>Ruben</firstName>
        <state>AZ</state>
        <bioguideId>G000574</bioguideId>
        <district>7</district>
        <fullName>Rep. Gallego, Ruben [D-AZ-7]</fullName>
        <isOriginalCosponsor>False</isOriginalCosponsor>
        <party>D</party>
        <sponsorshipWithdrawnDate />
        <lastName>Gallego</lastName>
        <sponsorshipDate>2017-02-02</sponsorshipDate>
      </item>
      <item>
        <middleName />
        <identifiers>
          <lisID>1861</lisID>
          <gpoId>7528</gpoId>
          <bioguideId>S001170</bioguideId>
        </identifiers>
        <firstName>Carol</firstName>
        <state>NH</state>
        <bioguideId>S001170</bioguideId>
        <district>1</district>
        <fullName>Rep. Shea-Porter, Carol [D-NH-1]</fullName>
        <isOriginalCosponsor>False</isOriginalCosponsor>
        <party>D</party>
        <sponsorshipWithdrawnDate />
        <lastName>Shea-Porter</lastName>
        <sponsorshipDate>2017-02-02</sponsorshipDate>
      </item>
      <item>
        <middleName />
        <identifiers>
          <gpoId>8204</gpoId>
          <lisID>1879</lisID>
          <bioguideId>W000800</bioguideId>
        </identifiers>
        <firstName>Peter</firstName>
        <state>VT</state>
        <bioguideId>W000800</bioguideId>
        <district>0</district>
        <fullName>Rep. Welch, Peter [D-VT-At Large]</fullName>
        <isOriginalCosponsor>False</isOriginalCosponsor>
        <party>D</party>
        <sponsorshipWithdrawnDate />
        <lastName>Welch</lastName>
        <sponsorshipDate>2017-02-02</sponsorshipDate>
      </item>
      <item>
        <middleName />
        <identifiers>
          <bioguideId>S000344</bioguideId>
          <gpoId>7832</gpoId>
          <lisID>1526</lisID>
        </identifiers>
        <firstName>BRAD</firstName>
        <state>CA</state>
        <bioguideId>S000344</bioguideId>
        <district>30</district>
        <fullName>Rep. Sherman, Brad [D-CA-30]</fullName>
        <isOriginalCosponsor>False</isOriginalCosponsor>
        <party>D</party>
        <sponsorshipWithdrawnDate />
        <lastName>SHERMAN</lastName>
        <sponsorshipDate>2017-02-02</sponsorshipDate>
      </item>
      <item>
        <middleName />
        <identifiers>
          <lisID>2259</lisID>
          <bioguideId>W000822</bioguideId>
          <gpoId />
        </identifiers>
        <firstName>Bonnie</firstName>
        <state>NJ</state>
        <bioguideId>W000822</bioguideId>
        <district>12</district>
        <fullName>Rep. Watson Coleman, Bonnie [D-NJ-12]</fullName>
        <isOriginalCosponsor>False</isOriginalCosponsor>
        <party>D</party>
        <sponsorshipWithdrawnDate />
        <lastName>Watson Coleman</lastName>
        <sponsorshipDate>2017-02-02</sponsorshipDate>
      </item>
      <item>
        <middleName />
        <identifiers>
          <lisID>303</lisID>
          <gpoId>8181</gpoId>
          <bioguideId>D000399</bioguideId>
        </identifiers>
        <firstName>LLOYD</firstName>
        <state>TX</state>
        <bioguideId>D000399</bioguideId>
        <district>35</district>
        <fullName>Rep. Doggett, Lloyd [D-TX-35]</fullName>
        <isOriginalCosponsor>False</isOriginalCosponsor>
        <party>D</party>
        <sponsorshipWithdrawnDate />
        <lastName>DOGGETT</lastName>
        <sponsorshipDate>2017-02-02</sponsorshipDate>
      </item>
      <item>
        <middleName />
        <identifiers>
          <lisID>887</lisID>
          <bioguideId>P000034</bioguideId>
          <gpoId>8048</gpoId>
        </identifiers>
        <firstName>FRANK</firstName>
        <state>NJ</state>
        <bioguideId>P000034</bioguideId>
        <district>6</district>
        <fullName>Rep. Pallone, Frank, Jr. [D-NJ-6]</fullName>
        <isOriginalCosponsor>False</isOriginalCosponsor>
        <party>D</party>
        <sponsorshipWithdrawnDate />
        <lastName>PALLONE</lastName>
        <sponsorshipDate>2017-02-02</sponsorshipDate>
      </item>
      <item>
        <middleName>F.</middleName>
        <identifiers>
          <bioguideId>L000562</bioguideId>
          <gpoId>7974</gpoId>
          <lisID>1686</lisID>
        </identifiers>
        <firstName>Stephen</firstName>
        <state>MA</state>
        <bioguideId>L000562</bioguideId>
        <district>8</district>
        <fullName>Rep. Lynch, Stephen F. [D-MA-8]</fullName>
        <isOriginalCosponsor>False</isOriginalCosponsor>
        <party>D</party>
        <sponsorshipWithdrawnDate />
        <lastName>Lynch</lastName>
        <sponsorshipDate>2017-02-02</sponsorshipDate>
      </item>
      <item>
        <middleName />
        <identifiers>
          <bioguideId>B001303</bioguideId>
          <lisID>2313</lisID>
          <gpoId />
        </identifiers>
        <firstName>Lisa</firstName>
        <state>DE</state>
        <bioguideId>B001303</bioguideId>
        <district>0</district>
        <fullName>Rep. Blunt Rochester, Lisa [D-DE-At Large]</fullName>
        <isOriginalCosponsor>False</isOriginalCosponsor>
        <party>D</party>
        <sponsorshipWithdrawnDate />
        <lastName>Blunt Rochester</lastName>
        <sponsorshipDate>2017-02-02</sponsorshipDate>
      </item>
      <item>
        <middleName />
        <identifiers>
          <bioguideId>G000559</bioguideId>
          <lisID>1973</lisID>
          <gpoId>7815</gpoId>
        </identifiers>
        <firstName>John</firstName>
        <state>CA</state>
        <bioguideId>G000559</bioguideId>
        <district>3</district>
        <fullName>Rep. Garamendi, John [D-CA-3]</fullName>
        <isOriginalCosponsor>False</isOriginalCosponsor>
        <party>D</party>
        <sponsorshipWithdrawnDate />
        <lastName>Garamendi</lastName>
        <sponsorshipDate>2017-02-02</sponsorshipDate>
      </item>
      <item>
        <middleName />
        <identifiers>
          <bioguideId>W000187</bioguideId>
          <lisID>1205</lisID>
          <gpoId>7840</gpoId>
        </identifiers>
        <firstName>MAXINE</firstName>
        <state>CA</state>
        <bioguideId>W000187</bioguideId>
        <district>43</district>
        <fullName>Rep. Waters, Maxine [D-CA-43]</fullName>
        <isOriginalCosponsor>False</isOriginalCosponsor>
        <party>D</party>
        <sponsorshipWithdrawnDate />
        <lastName>WATERS</lastName>
        <sponsorshipDate>2017-02-02</sponsorshipDate>
      </item>
      <item>
        <middleName />
        <identifiers>
          <bioguideId>K000188</bioguideId>
          <gpoId>8216</gpoId>
          <lisID>1498</lisID>
        </identifiers>
        <firstName>RON</firstName>
        <state>WI</state>
        <bioguideId>K000188</bioguideId>
        <district>3</district>
        <fullName>Rep. Kind, Ron [D-WI-3]</fullName>
        <isOriginalCosponsor>False</isOriginalCosponsor>
        <party>D</party>
        <sponsorshipWithdrawnDate />
        <lastName>KIND</lastName>
        <sponsorshipDate>2017-02-02</sponsorshipDate>
      </item>
      <item>
        <middleName>E.</middleName>
        <identifiers>
          <lisID>208</lisID>
          <bioguideId>C000537</bioguideId>
          <gpoId>8146</gpoId>
        </identifiers>
        <firstName>JAMES</firstName>
        <state>SC</state>
        <bioguideId>C000537</bioguideId>
        <district>6</district>
        <fullName>Rep. Clyburn, James E. [D-SC-6]</fullName>
        <isOriginalCosponsor>False</isOriginalCosponsor>
        <party>D</party>
        <sponsorshipWithdrawnDate />
        <lastName>CLYBURN</lastName>
        <sponsorshipDate>2017-02-02</sponsorshipDate>
      </item>
      <item>
        <middleName>K.</middleName>
        <identifiers>
          <bioguideId>D000620</bioguideId>
          <lisID>2133</lisID>
          <gpoId />
        </identifiers>
        <firstName>John</firstName>
        <state>MD</state>
        <bioguideId>D000620</bioguideId>
        <district>6</district>
        <fullName>Rep. Delaney, John K. [D-MD-6]</fullName>
        <isOriginalCosponsor>False</isOriginalCosponsor>
        <party>D</party>
        <sponsorshipWithdrawnDate />
        <lastName>Delaney</lastName>
        <sponsorshipDate>2017-02-02</sponsorshipDate>
      </item>
      <item>
        <middleName>S.</middleName>
        <identifiers>
          <lisID>2149</lisID>
          <gpoId />
          <bioguideId>J000294</bioguideId>
        </identifiers>
        <firstName>Hakeem</firstName>
        <state>NY</state>
        <bioguideId>J000294</bioguideId>
        <district>8</district>
        <fullName>Rep. Jeffries, Hakeem S. [D-NY-8]</fullName>
        <isOriginalCosponsor>False</isOriginalCosponsor>
        <party>D</party>
        <sponsorshipWithdrawnDate />
        <lastName>Jeffries</lastName>
        <sponsorshipDate>2017-02-02</sponsorshipDate>
      </item>
      <item>
        <middleName />
        <identifiers>
          <bioguideId>C001090</bioguideId>
          <lisID>2159</lisID>
          <gpoId />
        </identifiers>
        <firstName>Matt</firstName>
        <state>PA</state>
        <bioguideId>C001090</bioguideId>
        <district>17</district>
        <fullName>Rep. Cartwright, Matt [D-PA-17]</fullName>
        <isOriginalCosponsor>False</isOriginalCosponsor>
        <party>D</party>
        <sponsorshipWithdrawnDate />
        <lastName>Cartwright</lastName>
        <sponsorshipDate>2017-02-03</sponsorshipDate>
      </item>
      <item>
        <middleName>S.</middleName>
        <identifiers>
          <lisID>2111</lisID>
          <bioguideId>L000579</bioguideId>
          <gpoId />
        </identifiers>
        <firstName>Alan</firstName>
        <state>CA</state>
        <bioguideId>L000579</bioguideId>
        <district>47</district>
        <fullName>Rep. Lowenthal, Alan S. [D-CA-47]</fullName>
        <isOriginalCosponsor>False</isOriginalCosponsor>
        <party>D</party>
        <sponsorshipWithdrawnDate />
        <lastName>Lowenthal</lastName>
        <sponsorshipDate>2017-02-03</sponsorshipDate>
      </item>
      <item>
        <middleName>L.</middleName>
        <identifiers>
          <bioguideId>F000455</bioguideId>
          <lisID>1895</lisID>
          <gpoId>8101</gpoId>
        </identifiers>
        <firstName>Marcia</firstName>
        <state>OH</state>
        <bioguideId>F000455</bioguideId>
        <district>11</district>
        <fullName>Rep. Fudge, Marcia L. [D-OH-11]</fullName>
        <isOriginalCosponsor>False</isOriginalCosponsor>
        <party>D</party>
        <sponsorshipWithdrawnDate />
        <lastName>Fudge</lastName>
        <sponsorshipDate>2017-02-03</sponsorshipDate>
      </item>
      <item>
        <middleName />
        <identifiers>
          <lisID>1970</lisID>
          <bioguideId>C001080</bioguideId>
          <gpoId>7837</gpoId>
        </identifiers>
        <firstName>Judy</firstName>
        <state>CA</state>
        <bioguideId>C001080</bioguideId>
        <district>27</district>
        <fullName>Rep. Chu, Judy [D-CA-27]</fullName>
        <isOriginalCosponsor>False</isOriginalCosponsor>
        <party>D</party>
        <sponsorshipWithdrawnDate />
        <lastName>Chu</lastName>
        <sponsorshipDate>2017-02-03</sponsorshipDate>
      </item>
      <item>
        <middleName>B.</middleName>
        <identifiers>
          <bioguideId>M000087</bioguideId>
          <lisID>729</lisID>
          <gpoId>8075</gpoId>
        </identifiers>
        <firstName>CAROLYN</firstName>
        <state>NY</state>
        <bioguideId>M000087</bioguideId>
        <district>12</district>
        <fullName>Rep. Maloney, Carolyn B. [D-NY-12]</fullName>
        <isOriginalCosponsor>False</isOriginalCosponsor>
        <party>D</party>
        <sponsorshipWithdrawnDate />
        <lastName>MALONEY</lastName>
        <sponsorshipDate>2017-02-03</sponsorshipDate>
      </item>
      <item>
        <middleName />
        <identifiers>
          <lisID>701</lisID>
          <bioguideId>L000397</bioguideId>
          <gpoId>7821</gpoId>
        </identifiers>
        <firstName>ZOE</firstName>
        <state>CA</state>
        <bioguideId>L000397</bioguideId>
        <district>19</district>
        <fullName>Rep. Lofgren, Zoe [D-CA-19]</fullName>
        <isOriginalCosponsor>False</isOriginalCosponsor>
        <party>D</party>
        <sponsorshipWithdrawnDate />
        <lastName>LOFGREN</lastName>
        <sponsorshipDate>2017-02-06</sponsorshipDate>
      </item>
      <item>
        <middleName>A.</middleName>
        <identifiers>
          <lisID>279</lisID>
          <gpoId>8117</gpoId>
          <bioguideId>D000191</bioguideId>
        </identifiers>
        <firstName>PETER</firstName>
        <state>OR</state>
        <bioguideId>D000191</bioguideId>
        <district>4</district>
        <fullName>Rep. DeFazio, Peter A. [D-OR-4]</fullName>
        <isOriginalCosponsor>False</isOriginalCosponsor>
        <party>D</party>
        <sponsorshipWithdrawnDate />
        <lastName>DEFAZIO</lastName>
        <sponsorshipDate>2017-02-06</sponsorshipDate>
      </item>
      <item>
        <middleName />
        <identifiers>
          <bioguideId>M001166</bioguideId>
          <gpoId>7816</gpoId>
          <lisID>1832</lisID>
        </identifiers>
        <firstName>Jerry</firstName>
        <state>CA</state>
        <bioguideId>M001166</bioguideId>
        <district>9</district>
        <fullName>Rep. McNerney, Jerry [D-CA-9]</fullName>
        <isOriginalCosponsor>False</isOriginalCosponsor>
        <party>D</party>
        <sponsorshipWithdrawnDate />
        <lastName>McNerney</lastName>
        <sponsorshipDate>2017-02-06</sponsorshipDate>
      </item>
      <item>
        <middleName />
        <identifiers>
          <lisID>2246</lisID>
          <gpoId />
          <bioguideId>M001196</bioguideId>
        </identifiers>
        <firstName>Seth</firstName>
        <state>MA</state>
        <bioguideId>M001196</bioguideId>
        <district>6</district>
        <fullName>Rep. Moulton, Seth [D-MA-6]</fullName>
        <isOriginalCosponsor>False</isOriginalCosponsor>
        <party>D</party>
        <sponsorshipWithdrawnDate />
        <lastName>Moulton</lastName>
        <sponsorshipDate>2017-02-06</sponsorshipDate>
      </item>
      <item>
        <middleName>R.</middleName>
        <identifiers>
          <bioguideId>L000559</bioguideId>
          <lisID>1668</lisID>
          <gpoId>8140</gpoId>
        </identifiers>
        <firstName>JAMES</firstName>
        <state>RI</state>
        <bioguideId>L000559</bioguideId>
        <district>2</district>
        <fullName>Rep. Langevin, James R. [D-RI-2]</fullName>
        <isOriginalCosponsor>False</isOriginalCosponsor>
        <party>D</party>
        <sponsorshipWithdrawnDate />
        <lastName>LANGEVIN</lastName>
        <sponsorshipDate>2017-02-06</sponsorshipDate>
      </item>
      <item>
        <middleName />
        <identifiers>
          <lisID>2122</lisID>
          <bioguideId>G000571</bioguideId>
          <gpoId />
        </identifiers>
        <firstName>Tulsi</firstName>
        <state>HI</state>
        <bioguideId>G000571</bioguideId>
        <district>2</district>
        <fullName>Rep. Gabbard, Tulsi [D-HI-2]</fullName>
        <isOriginalCosponsor>False</isOriginalCosponsor>
        <party>D</party>
        <sponsorshipWithdrawnDate />
        <lastName>Gabbard</lastName>
        <sponsorshipDate>2017-02-07</sponsorshipDate>
      </item>
      <item>
        <middleName />
        <identifiers>
          <bioguideId>H001068</bioguideId>
          <lisID>2101</lisID>
          <gpoId />
        </identifiers>
        <firstName>Jared</firstName>
        <state>CA</state>
        <bioguideId>H001068</bioguideId>
        <district>2</district>
        <fullName>Rep. Huffman, Jared [D-CA-2]</fullName>
        <isOriginalCosponsor>False</isOriginalCosponsor>
        <party>D</party>
        <sponsorshipWithdrawnDate />
        <lastName>Huffman</lastName>
        <sponsorshipDate>2017-02-13</sponsorshipDate>
      </item>
      <item>
        <middleName>W.</middleName>
        <identifiers>
          <bioguideId>M001137</bioguideId>
          <lisID>1506</lisID>
          <gpoId>8067</gpoId>
        </identifiers>
        <firstName>GREGORY</firstName>
        <state>NY</state>
        <bioguideId>M001137</bioguideId>
        <district>5</district>
        <fullName>Rep. Meeks, Gregory W. [D-NY-5]</fullName>
        <isOriginalCosponsor>False</isOriginalCosponsor>
        <party>D</party>
        <sponsorshipWithdrawnDate />
        <lastName>MEEKS</lastName>
        <sponsorshipDate>2017-02-13</sponsorshipDate>
      </item>
      <item>
        <middleName />
        <identifiers>
          <lisID>1479</lisID>
          <gpoId>7859</gpoId>
          <bioguideId>D000197</bioguideId>
        </identifiers>
        <firstName>DIANA</firstName>
        <state>CO</state>
        <bioguideId>D000197</bioguideId>
        <district>1</district>
        <fullName>Rep. DeGette, Diana [D-CO-1]</fullName>
        <isOriginalCosponsor>False</isOriginalCosponsor>
        <party>D</party>
        <sponsorshipWithdrawnDate />
        <lastName>DEGETTE</lastName>
        <sponsorshipDate>2017-02-13</sponsorshipDate>
      </item>
      <item>
        <middleName>Dutch</middleName>
        <identifiers>
          <lisID>1728</lisID>
          <bioguideId>R000576</bioguideId>
          <gpoId>7977</gpoId>
        </identifiers>
        <firstName>C. A.</firstName>
        <state>MD</state>
        <bioguideId>R000576</bioguideId>
        <district>2</district>
        <fullName>Rep. Ruppersberger, C. A. Dutch [D-MD-2]</fullName>
        <isOriginalCosponsor>False</isOriginalCosponsor>
        <party>D</party>
        <sponsorshipWithdrawnDate />
        <lastName>Ruppersberger</lastName>
        <sponsorshipDate>2017-03-10</sponsorshipDate>
      </item>
      <item>
        <middleName>S.</middleName>
        <identifiers>
          <gpoId />
          <lisID>2201</lisID>
          <bioguideId>A000370</bioguideId>
        </identifiers>
        <firstName>Alma</firstName>
        <state>NC</state>
        <bioguideId>A000370</bioguideId>
        <district>12</district>
        <fullName>Rep. Adams, Alma S. [D-NC-12]</fullName>
        <isOriginalCosponsor>False</isOriginalCosponsor>
        <party>D</party>
        <sponsorshipWithdrawnDate />
        <lastName>Adams</lastName>
        <sponsorshipDate>2017-03-22</sponsorshipDate>
      </item>
    </cosponsors>
    <introducedDate>2017-02-01</introducedDate>
    <calendarNumbers />
    <latestAction>
      <actionDate>2017-02-16</actionDate>
      <links />
      <text>Referred to the Subcommittee on Europe, Eurasia, and Emerging Threats.</text>
    </latestAction>
    <amendments />
    <summaries>
      <billSummaries>
        <item>
          <updateDate>2017-02-01T05:00:00Z</updateDate>
          <versionCode>00</versionCode>
          <name>Introduced in House</name>
          <text><![CDATA[<p>Expresses the sense of the House of Representatives that: (1) it is an indisputable fact that the Nazi regime targeted the Jewish people in its perpetration of the Holocaust, and (2) to deny or minimize that the Holocaust was an effort to eliminate the Jewish people is shameful.</p> <p>Calls on all executive branch entities, including the White House, to affirm that the Nazi regime targeted the Jewish people in the Holocaust.</p> <ul> </ul>]]></text>
          <actionDate>2017-02-01</actionDate>
          <actionDesc>Introduced in House</actionDesc>
          <lastSummaryUpdateDate>2017-04-19T15:08:49Z</lastSummaryUpdateDate>
        </item>
      </billSummaries>
    </summaries>
    <createDate>2017-02-02T05:28:42Z</createDate>
  </bill>
  <dublinCore xmlns:dc="http://purl.org/dc/elements/1.1/">
    <dc:format>text/xml</dc:format>
    <dc:language>EN</dc:language>
    <dc:rights>Pursuant to Title 17 Section 105 of the United States Code, this file is not subject to copyright protection and is in the public domain.</dc:rights>
    <dc:contributor>Congressional Research Service, Library of Congress</dc:contributor>
    <dc:description>This file contains bill summaries and statuses for federal legislation. A bill summary describes the most significant provisions of a piece of legislation and details the effects the legislative text may have on current law and federal programs. Bill summaries are authored by the Congressional Research Service (CRS) of the Library of Congress. As stated in Public Law 91-510 (2 USC 166 (d)(6)), one of the duties of CRS is "to prepare summaries and digests of bills and resolutions of a public general nature introduced in the Senate or House of Representatives". For more information, refer to the User Guide that accompanies this file.</dc:description>
  </dublinCore>
</billStatus>

