<?xml version="1.0" encoding="UTF-8"?>
<billStatus>
  <bill>
    <title>Affirming the vital role that prayer has played throughout the more than 200-year history of our Nation, strengthening the fabric of our society, and recognizing May 1, 2014, as the 63rd annual National Day of Prayer.</title>
    <updateDate>2016-10-25T15:55:35Z</updateDate>
    <relatedBills />
    <introducedDate>2014-04-08</introducedDate>
    <originChamber>House</originChamber>
    <cboCostEstimates />
    <policyArea>
      <name>Arts, Culture, Religion</name>
    </policyArea>
    <congress>113</congress>
    <billNumber>547</billNumber>
    <billType>HRES</billType>
    <amendments />
    <recordedVotes />
    <committees>
      <billCommittees>
        <item>
          <subcommittees />
          <chamber>House</chamber>
          <systemCode>hsgo00</systemCode>
          <activities>
            <item>
              <date>2014-04-08T14:00:17Z</date>
              <name>Referred to</name>
            </item>
          </activities>
          <type>Standing</type>
          <name>Oversight and Government Reform Committee</name>
        </item>
      </billCommittees>
    </committees>
    <laws />
    <subjects>
      <billSubjects>
        <legislativeSubjects>
          <item>
            <name>Commemorative events and holidays</name>
          </item>
          <item>
            <name>Religion</name>
          </item>
        </legislativeSubjects>
        <policyArea>
          <name>Arts, Culture, Religion</name>
        </policyArea>
      </billSubjects>
    </subjects>
    <notes />
    <committeeReports />
    <actions>
      <actionTypeCounts>
        <billReferrals>1</billReferrals>
        <introducedInHouse>1</introducedInHouse>
        <introducedInTheHouse>1</introducedInTheHouse>
      </actionTypeCounts>
      <item>
        <actionDate>2014-04-08</actionDate>
        <text>Referred to the House Committee on Oversight and Government Reform.</text>
        <type>IntroReferral</type>
        <committee>
          <systemCode>hsgo00</systemCode>
          <name>Oversight and Government Reform Committee</name>
        </committee>
        <links />
        <sourceSystem>
          <code>2</code>
          <name>House floor actions</name>
        </sourceSystem>
        <actionCode>H11100</actionCode>
      </item>
      <item>
        <actionDate>2014-04-08</actionDate>
        <text>Introduced in House</text>
        <type>IntroReferral</type>
        <committee />
        <links />
        <sourceSystem>
          <code>9</code>
          <name>Library of Congress</name>
        </sourceSystem>
        <actionCode>Intro-H</actionCode>
      </item>
      <item>
        <actionDate>2014-04-08</actionDate>
        <text>Introduced in House</text>
        <type>IntroReferral</type>
        <committee />
        <links />
        <sourceSystem>
          <code>9</code>
          <name>Library of Congress</name>
        </sourceSystem>
        <actionCode>1000</actionCode>
      </item>
      <actionByCounts>
        <houseOfRepresentatives>3</houseOfRepresentatives>
      </actionByCounts>
    </actions>
    <calendarNumbers />
    <latestAction>
      <links />
      <actionDate>2014-04-08</actionDate>
      <text>Referred to the House Committee on Oversight and Government Reform.</text>
    </latestAction>
    <titles>
      <item>
        <title>Affirming the vital role that prayer has played throughout the more than 200-year history of our Nation, strengthening the fabric of our society, and recognizing May 1, 2014, as the 63rd annual National Day of Prayer.</title>
        <titleType>Official Title as Introduced</titleType>
        <chamberCode />
        <chamberName />
        <parentTitleType />
      </item>
      <item>
        <title>Affirming the vital role that prayer has played throughout the more than 200-year history of our Nation, strengthening the fabric of our society, and recognizing May 1, 2014, as the 63rd annual National Day of Prayer.</title>
        <titleType>Display Title</titleType>
        <chamberCode />
        <chamberName />
        <parentTitleType />
      </item>
    </titles>
    <summaries>
      <billSummaries>
        <item>
          <actionDate>2014-04-08</actionDate>
          <updateDate>2014-04-08T04:00:00Z</updateDate>
          <name>Introduced in House</name>
          <lastSummaryUpdateDate>2014-05-02T19:32:28Z</lastSummaryUpdateDate>
          <versionCode>00</versionCode>
          <actionDesc>Introduced in House</actionDesc>
          <text><![CDATA[<p> Recognizes the 63rd annual observance of the National Day of Prayer.</p> <p>Encourages people of the United States to pray together and reaffirm the importance of prayer in the nation's heritage.</p> <p> Expresses support for the continued annual recognition of such Day.</p>]]></text>
        </item>
      </billSummaries>
    </summaries>
    <constitutionalAuthorityStatementText />
    <createDate>2014-04-09T07:18:46Z</createDate>
    <sponsors>
      <item>
        <state>VA</state>
        <fullName>Rep. Forbes, J. Randy [R-VA-4]</fullName>
        <middleName>Randy</middleName>
        <identifiers>
          <bioguideId>F000445</bioguideId>
          <gpoId>8786</gpoId>
          <lisID>1683</lisID>
        </identifiers>
        <firstName>J.</firstName>
        <lastName>Forbes</lastName>
        <bioguideId>F000445</bioguideId>
        <district>4</district>
        <byRequestType />
        <party>R</party>
      </item>
    </sponsors>
    <cosponsors>
      <item>
        <fullName>Rep. McIntyre, Mike [D-NC-7]</fullName>
        <lastName>MCINTYRE</lastName>
        <bioguideId>M000485</bioguideId>
        <party>D</party>
        <district>7</district>
        <sponsorshipWithdrawnDate />
        <state>NC</state>
        <isOriginalCosponsor>True</isOriginalCosponsor>
        <sponsorshipDate>2014-04-08</sponsorshipDate>
        <middleName />
        <firstName>MIKE</firstName>
        <identifiers>
          <lisID>1505</lisID>
          <bioguideId>M000485</bioguideId>
          <gpoId>8030</gpoId>
        </identifiers>
      </item>
      <item>
        <fullName>Rep. Green, Al [D-TX-9]</fullName>
        <lastName>Green</lastName>
        <bioguideId>G000553</bioguideId>
        <party>D</party>
        <district>9</district>
        <sponsorshipWithdrawnDate />
        <state>TX</state>
        <isOriginalCosponsor>True</isOriginalCosponsor>
        <sponsorshipDate>2014-04-08</sponsorshipDate>
        <middleName />
        <firstName>Al</firstName>
        <identifiers>
          <lisID>1803</lisID>
          <gpoId>8165</gpoId>
          <bioguideId>G000553</bioguideId>
        </identifiers>
      </item>
      <item>
        <fullName>Rep. Vargas, Juan [D-CA-51]</fullName>
        <lastName>Vargas</lastName>
        <bioguideId>V000130</bioguideId>
        <party>D</party>
        <district>51</district>
        <sponsorshipWithdrawnDate />
        <state>CA</state>
        <isOriginalCosponsor>True</isOriginalCosponsor>
        <sponsorshipDate>2014-04-08</sponsorshipDate>
        <middleName />
        <firstName>Juan</firstName>
        <identifiers>
          <bioguideId>V000130</bioguideId>
          <gpoId />
          <lisID>2112</lisID>
        </identifiers>
      </item>
      <item>
        <fullName>Rep. Aderholt, Robert B. [R-AL-4]</fullName>
        <lastName>ADERHOLT</lastName>
        <bioguideId>A000055</bioguideId>
        <party>R</party>
        <district>4</district>
        <sponsorshipWithdrawnDate />
        <state>AL</state>
        <isOriginalCosponsor>True</isOriginalCosponsor>
        <sponsorshipDate>2014-04-08</sponsorshipDate>
        <middleName>B.</middleName>
        <firstName>ROBERT</firstName>
        <identifiers>
          <lisID>1460</lisID>
          <gpoId>7789</gpoId>
          <bioguideId>A000055</bioguideId>
        </identifiers>
      </item>
      <item>
        <fullName>Rep. Lankford, James [R-OK-5]</fullName>
        <lastName>Lankford</lastName>
        <bioguideId>L000575</bioguideId>
        <party>R</party>
        <district>5</district>
        <sponsorshipWithdrawnDate />
        <state>OK</state>
        <isOriginalCosponsor>True</isOriginalCosponsor>
        <sponsorshipDate>2014-04-08</sponsorshipDate>
        <middleName />
        <firstName>James</firstName>
        <identifiers>
          <lisID>2050</lisID>
          <gpoId>8113</gpoId>
          <bioguideId>L000575</bioguideId>
        </identifiers>
      </item>
      <item>
        <fullName>Rep. Southerland, Steve II [R-FL-2]</fullName>
        <lastName>Southerland</lastName>
        <bioguideId>S001186</bioguideId>
        <party>R</party>
        <district>2</district>
        <sponsorshipWithdrawnDate />
        <state>FL</state>
        <isOriginalCosponsor>False</isOriginalCosponsor>
        <sponsorshipDate>2014-04-28</sponsorshipDate>
        <middleName />
        <firstName>Steve</firstName>
        <identifiers>
          <gpoId>7874</gpoId>
          <lisID>2000</lisID>
          <bioguideId>S001186</bioguideId>
        </identifiers>
      </item>
      <item>
        <fullName>Rep. Kelly, Mike [R-PA-3]</fullName>
        <lastName>Kelly</lastName>
        <bioguideId>K000376</bioguideId>
        <party>R</party>
        <district>3</district>
        <sponsorshipWithdrawnDate />
        <state>PA</state>
        <isOriginalCosponsor>False</isOriginalCosponsor>
        <sponsorshipDate>2014-04-28</sponsorshipDate>
        <middleName />
        <firstName>Mike</firstName>
        <identifiers>
          <bioguideId>K000376</bioguideId>
          <lisID>2051</lisID>
          <gpoId>8708</gpoId>
        </identifiers>
      </item>
      <item>
        <fullName>Rep. Stockman, Steve [R-TX-36]</fullName>
        <lastName>STOCKMAN</lastName>
        <bioguideId>S000937</bioguideId>
        <party>R</party>
        <district>36</district>
        <sponsorshipWithdrawnDate />
        <state>TX</state>
        <isOriginalCosponsor>False</isOriginalCosponsor>
        <sponsorshipDate>2014-04-28</sponsorshipDate>
        <middleName />
        <firstName>STEVE</firstName>
        <identifiers>
          <bioguideId>S000937</bioguideId>
          <lisID>1114</lisID>
          <gpoId />
        </identifiers>
      </item>
      <item>
        <fullName>Rep. Thompson, Glenn [R-PA-5]</fullName>
        <lastName>Thompson</lastName>
        <bioguideId>T000467</bioguideId>
        <party>R</party>
        <district>5</district>
        <sponsorshipWithdrawnDate />
        <state>PA</state>
        <isOriginalCosponsor>False</isOriginalCosponsor>
        <sponsorshipDate>2014-04-28</sponsorshipDate>
        <middleName />
        <firstName>Glenn</firstName>
        <identifiers>
          <lisID>1952</lisID>
          <bioguideId>T000467</bioguideId>
          <gpoId>8123</gpoId>
        </identifiers>
      </item>
      <item>
        <fullName>Rep. Huelskamp, Tim [R-KS-1]</fullName>
        <lastName>Huelskamp</lastName>
        <bioguideId>H001057</bioguideId>
        <party>R</party>
        <district>1</district>
        <sponsorshipWithdrawnDate />
        <state>KS</state>
        <isOriginalCosponsor>False</isOriginalCosponsor>
        <sponsorshipDate>2014-04-28</sponsorshipDate>
        <middleName />
        <firstName>Tim</firstName>
        <identifiers>
          <gpoId>7949</gpoId>
          <lisID>2020</lisID>
          <bioguideId>H001057</bioguideId>
        </identifiers>
      </item>
      <item>
        <fullName>Rep. Smith, Lamar [R-TX-21]</fullName>
        <lastName>SMITH</lastName>
        <bioguideId>S000583</bioguideId>
        <party>R</party>
        <district>21</district>
        <sponsorshipWithdrawnDate />
        <state>TX</state>
        <isOriginalCosponsor>False</isOriginalCosponsor>
        <sponsorshipDate>2014-04-28</sponsorshipDate>
        <middleName />
        <firstName>LAMAR</firstName>
        <identifiers>
          <lisID>1075</lisID>
          <gpoId>8177</gpoId>
          <bioguideId>S000583</bioguideId>
        </identifiers>
      </item>
      <item>
        <fullName>Rep. Wolf, Frank R. [R-VA-10]</fullName>
        <lastName>WOLF</lastName>
        <bioguideId>W000672</bioguideId>
        <party>R</party>
        <district>10</district>
        <sponsorshipWithdrawnDate />
        <state>VA</state>
        <isOriginalCosponsor>False</isOriginalCosponsor>
        <sponsorshipDate>2014-04-28</sponsorshipDate>
        <middleName>R.</middleName>
        <firstName>FRANK</firstName>
        <identifiers>
          <bioguideId>W000672</bioguideId>
          <gpoId>8201</gpoId>
          <lisID>1238</lisID>
        </identifiers>
      </item>
      <item>
        <fullName>Rep. Daines, Steve [R-MT-At Large]</fullName>
        <lastName>Daines</lastName>
        <bioguideId>D000618</bioguideId>
        <party>R</party>
        <district>0</district>
        <sponsorshipWithdrawnDate />
        <state>MT</state>
        <isOriginalCosponsor>False</isOriginalCosponsor>
        <sponsorshipDate>2014-04-28</sponsorshipDate>
        <middleName />
        <firstName>Steve</firstName>
        <identifiers>
          <gpoId />
          <lisID>2138</lisID>
          <bioguideId>D000618</bioguideId>
        </identifiers>
      </item>
      <item>
        <fullName>Rep. Harris, Andy [R-MD-1]</fullName>
        <lastName>Harris</lastName>
        <bioguideId>H001052</bioguideId>
        <party>R</party>
        <district>1</district>
        <sponsorshipWithdrawnDate />
        <state>MD</state>
        <isOriginalCosponsor>False</isOriginalCosponsor>
        <sponsorshipDate>2014-04-28</sponsorshipDate>
        <middleName />
        <firstName>Andy</firstName>
        <identifiers>
          <gpoId>7976</gpoId>
          <lisID>2026</lisID>
          <bioguideId>H001052</bioguideId>
        </identifiers>
      </item>
      <item>
        <fullName>Rep. Neugebauer, Randy [R-TX-19]</fullName>
        <lastName>Neugebauer</lastName>
        <bioguideId>N000182</bioguideId>
        <party>R</party>
        <district>19</district>
        <sponsorshipWithdrawnDate />
        <state>TX</state>
        <isOriginalCosponsor>False</isOriginalCosponsor>
        <sponsorshipDate>2014-04-28</sponsorshipDate>
        <middleName />
        <firstName>Randy</firstName>
        <identifiers>
          <lisID>1758</lisID>
          <gpoId>8175</gpoId>
          <bioguideId>N000182</bioguideId>
        </identifiers>
      </item>
      <item>
        <fullName>Rep. Bachmann, Michele [R-MN-6]</fullName>
        <lastName>Bachmann</lastName>
        <bioguideId>B001256</bioguideId>
        <party>R</party>
        <district>6</district>
        <sponsorshipWithdrawnDate />
        <state>MN</state>
        <isOriginalCosponsor>False</isOriginalCosponsor>
        <sponsorshipDate>2014-04-28</sponsorshipDate>
        <middleName />
        <firstName>Michele</firstName>
        <identifiers>
          <bioguideId>B001256</bioguideId>
          <lisID>1858</lisID>
          <gpoId>8006</gpoId>
        </identifiers>
      </item>
      <item>
        <fullName>Rep. Jones, Walter B., Jr. [R-NC-3]</fullName>
        <lastName>JONES</lastName>
        <bioguideId>J000255</bioguideId>
        <party>R</party>
        <district>3</district>
        <sponsorshipWithdrawnDate />
        <state>NC</state>
        <isOriginalCosponsor>False</isOriginalCosponsor>
        <sponsorshipDate>2014-04-28</sponsorshipDate>
        <middleName>B.</middleName>
        <firstName>WALTER</firstName>
        <identifiers>
          <gpoId>8026</gpoId>
          <lisID>612</lisID>
          <bioguideId>J000255</bioguideId>
        </identifiers>
      </item>
      <item>
        <fullName>Rep. Blackburn, Marsha [R-TN-7]</fullName>
        <lastName>Blackburn</lastName>
        <bioguideId>B001243</bioguideId>
        <party>R</party>
        <district>7</district>
        <sponsorshipWithdrawnDate />
        <state>TN</state>
        <isOriginalCosponsor>False</isOriginalCosponsor>
        <sponsorshipDate>2014-04-28</sponsorshipDate>
        <middleName />
        <firstName>Marsha</firstName>
        <identifiers>
          <gpoId>8154</gpoId>
          <lisID>1748</lisID>
          <bioguideId>B001243</bioguideId>
        </identifiers>
      </item>
      <item>
        <fullName>Rep. Latta, Robert E. [R-OH-5]</fullName>
        <lastName>Latta</lastName>
        <bioguideId>L000566</bioguideId>
        <party>R</party>
        <district>5</district>
        <sponsorshipWithdrawnDate />
        <state>OH</state>
        <isOriginalCosponsor>False</isOriginalCosponsor>
        <sponsorshipDate>2014-04-28</sponsorshipDate>
        <middleName>E.</middleName>
        <firstName>Robert</firstName>
        <identifiers>
          <lisID>1885</lisID>
          <gpoId>8095</gpoId>
          <bioguideId>L000566</bioguideId>
        </identifiers>
      </item>
      <item>
        <fullName>Rep. Miller, Jeff [R-FL-1]</fullName>
        <lastName>Miller</lastName>
        <bioguideId>M001144</bioguideId>
        <party>R</party>
        <district>1</district>
        <sponsorshipWithdrawnDate />
        <state>FL</state>
        <isOriginalCosponsor>False</isOriginalCosponsor>
        <sponsorshipDate>2014-05-01</sponsorshipDate>
        <middleName />
        <firstName>Jeff</firstName>
        <identifiers>
          <lisID>1685</lisID>
          <gpoId>7873</gpoId>
          <bioguideId>M001144</bioguideId>
        </identifiers>
      </item>
      <item>
        <fullName>Rep. Lamborn, Doug [R-CO-5]</fullName>
        <lastName>Lamborn</lastName>
        <bioguideId>L000564</bioguideId>
        <party>R</party>
        <district>5</district>
        <sponsorshipWithdrawnDate />
        <state>CO</state>
        <isOriginalCosponsor>False</isOriginalCosponsor>
        <sponsorshipDate>2014-05-01</sponsorshipDate>
        <middleName />
        <firstName>Doug</firstName>
        <identifiers>
          <bioguideId>L000564</bioguideId>
          <gpoId>7863</gpoId>
          <lisID>1834</lisID>
        </identifiers>
      </item>
      <item>
        <fullName>Rep. Walberg, Tim [R-MI-7]</fullName>
        <lastName>Walberg</lastName>
        <bioguideId>W000798</bioguideId>
        <party>R</party>
        <district>7</district>
        <sponsorshipWithdrawnDate />
        <state>MI</state>
        <isOriginalCosponsor>False</isOriginalCosponsor>
        <sponsorshipDate>2014-05-01</sponsorshipDate>
        <middleName />
        <firstName>Tim</firstName>
        <identifiers>
          <bioguideId>W000798</bioguideId>
          <lisID>1855</lisID>
          <gpoId>7992</gpoId>
        </identifiers>
      </item>
      <item>
        <fullName>Rep. Wilson, Joe [R-SC-2]</fullName>
        <lastName>Wilson</lastName>
        <bioguideId>W000795</bioguideId>
        <party>R</party>
        <district>2</district>
        <sponsorshipWithdrawnDate />
        <state>SC</state>
        <isOriginalCosponsor>False</isOriginalCosponsor>
        <sponsorshipDate>2014-05-01</sponsorshipDate>
        <middleName />
        <firstName>Joe</firstName>
        <identifiers>
          <lisID>1688</lisID>
          <gpoId>8142</gpoId>
          <bioguideId>W000795</bioguideId>
        </identifiers>
      </item>
      <item>
        <fullName>Rep. Hultgren, Randy [R-IL-14]</fullName>
        <lastName>Hultgren</lastName>
        <bioguideId>H001059</bioguideId>
        <party>R</party>
        <district>14</district>
        <sponsorshipWithdrawnDate />
        <state>IL</state>
        <isOriginalCosponsor>False</isOriginalCosponsor>
        <sponsorshipDate>2014-05-01</sponsorshipDate>
        <middleName />
        <firstName>Randy</firstName>
        <identifiers>
          <lisID>2015</lisID>
          <gpoId>7934</gpoId>
          <bioguideId>H001059</bioguideId>
        </identifiers>
      </item>
      <item>
        <fullName>Rep. Brady, Kevin [R-TX-8]</fullName>
        <lastName>BRADY</lastName>
        <bioguideId>B000755</bioguideId>
        <party>R</party>
        <district>8</district>
        <sponsorshipWithdrawnDate />
        <state>TX</state>
        <isOriginalCosponsor>False</isOriginalCosponsor>
        <sponsorshipDate>2014-05-01</sponsorshipDate>
        <middleName />
        <firstName>KEVIN</firstName>
        <identifiers>
          <bioguideId>B000755</bioguideId>
          <lisID>1468</lisID>
          <gpoId>8164</gpoId>
        </identifiers>
      </item>
      <item>
        <fullName>Rep. Black, Diane [R-TN-6]</fullName>
        <lastName>Black</lastName>
        <bioguideId>B001273</bioguideId>
        <party>R</party>
        <district>6</district>
        <sponsorshipWithdrawnDate />
        <state>TN</state>
        <isOriginalCosponsor>False</isOriginalCosponsor>
        <sponsorshipDate>2014-05-01</sponsorshipDate>
        <middleName />
        <firstName>Diane</firstName>
        <identifiers>
          <bioguideId>B001273</bioguideId>
          <gpoId>8153</gpoId>
          <lisID>2063</lisID>
        </identifiers>
      </item>
      <item>
        <fullName>Rep. Duncan, John J., Jr. [R-TN-2]</fullName>
        <lastName>DUNCAN</lastName>
        <bioguideId>D000533</bioguideId>
        <party>R</party>
        <district>2</district>
        <sponsorshipWithdrawnDate />
        <state>TN</state>
        <isOriginalCosponsor>False</isOriginalCosponsor>
        <sponsorshipDate>2014-05-01</sponsorshipDate>
        <middleName>J.</middleName>
        <firstName>JOHN</firstName>
        <identifiers>
          <bioguideId>D000533</bioguideId>
          <gpoId>8149</gpoId>
          <lisID>322</lisID>
        </identifiers>
      </item>
      <item>
        <fullName>Rep. Hartzler, Vicky [R-MO-4]</fullName>
        <lastName>Hartzler</lastName>
        <bioguideId>H001053</bioguideId>
        <party>R</party>
        <district>4</district>
        <sponsorshipWithdrawnDate />
        <state>MO</state>
        <isOriginalCosponsor>False</isOriginalCosponsor>
        <sponsorshipDate>2014-05-01</sponsorshipDate>
        <middleName />
        <firstName>Vicky</firstName>
        <identifiers>
          <lisID>2032</lisID>
          <gpoId>8012</gpoId>
          <bioguideId>H001053</bioguideId>
        </identifiers>
      </item>
      <item>
        <fullName>Rep. Broun, Paul C. [R-GA-10]</fullName>
        <lastName>Broun</lastName>
        <bioguideId>B001262</bioguideId>
        <party>R</party>
        <district>10</district>
        <sponsorshipWithdrawnDate />
        <state>GA</state>
        <isOriginalCosponsor>False</isOriginalCosponsor>
        <sponsorshipDate>2014-05-01</sponsorshipDate>
        <middleName>C.</middleName>
        <firstName>Paul</firstName>
        <identifiers>
          <gpoId>7907</gpoId>
          <lisID>1882</lisID>
          <bioguideId>B001262</bioguideId>
        </identifiers>
      </item>
      <item>
        <fullName>Rep. Rahall, Nick J., II [D-WV-3]</fullName>
        <lastName>RAHALL</lastName>
        <bioguideId>R000011</bioguideId>
        <party>D</party>
        <district>3</district>
        <sponsorshipWithdrawnDate />
        <state>WV</state>
        <isOriginalCosponsor>False</isOriginalCosponsor>
        <sponsorshipDate>2014-05-01</sponsorshipDate>
        <middleName>J.</middleName>
        <firstName>NICK</firstName>
        <identifiers>
          <lisID>940</lisID>
          <bioguideId>R000011</bioguideId>
          <gpoId>8224</gpoId>
        </identifiers>
      </item>
      <item>
        <fullName>Rep. Pompeo, Mike [R-KS-4]</fullName>
        <lastName>Pompeo</lastName>
        <bioguideId>P000602</bioguideId>
        <party>R</party>
        <district>4</district>
        <sponsorshipWithdrawnDate />
        <state>KS</state>
        <isOriginalCosponsor>False</isOriginalCosponsor>
        <sponsorshipDate>2014-05-02</sponsorshipDate>
        <middleName />
        <firstName>Mike</firstName>
        <identifiers>
          <bioguideId>P000602</bioguideId>
          <gpoId>7952</gpoId>
          <lisID>2022</lisID>
        </identifiers>
      </item>
      <item>
        <fullName>Rep. Jordan, Jim [R-OH-4]</fullName>
        <lastName>Jordan</lastName>
        <bioguideId>J000289</bioguideId>
        <party>R</party>
        <district>4</district>
        <sponsorshipWithdrawnDate />
        <state>OH</state>
        <isOriginalCosponsor>False</isOriginalCosponsor>
        <sponsorshipDate>2014-05-20</sponsorshipDate>
        <middleName />
        <firstName>Jim</firstName>
        <identifiers>
          <lisID>1868</lisID>
          <gpoId>8094</gpoId>
          <bioguideId>J000289</bioguideId>
        </identifiers>
      </item>
    </cosponsors>
  </bill>
  <dublinCore xmlns:dc="http://purl.org/dc/elements/1.1/">
    <dc:format>text/xml</dc:format>
    <dc:language>EN</dc:language>
    <dc:rights>Pursuant to Title 17 Section 105 of the United States Code, this file is not subject to copyright protection and is in the public domain.</dc:rights>
    <dc:contributor>Congressional Research Service, Library of Congress</dc:contributor>
    <dc:description>This file contains bill summaries and statuses for federal legislation. A bill summary describes the most significant provisions of a piece of legislation and details the effects the legislative text may have on current law and federal programs. Bill summaries are authored by the Congressional Research Service (CRS) of the Library of Congress. As stated in Public Law 91-510 (2 USC 166 (d)(6)), one of the duties of CRS is "to prepare summaries and digests of bills and resolutions of a public general nature introduced in the Senate or House of Representatives". For more information, refer to the User Guide that accompanies this file.</dc:description>
  </dublinCore>
</billStatus>

