<?xml version="1.0" encoding="UTF-8"?>
<billStatus>
  <bill>
    <committees>
      <billCommittees>
        <item>
          <subcommittees />
          <systemCode>hsgo00</systemCode>
          <activities>
            <item>
              <name>Referred to</name>
              <date>2013-11-14T15:02:45Z</date>
            </item>
          </activities>
          <chamber>House</chamber>
          <name>Oversight and Government Reform Committee</name>
          <type>Standing</type>
        </item>
      </billCommittees>
    </committees>
    <congress>113</congress>
    <billNumber>414</billNumber>
    <updateDate>2016-10-25T15:55:16Z</updateDate>
    <subjects>
      <billSubjects>
        <policyArea>
          <name>Education</name>
        </policyArea>
        <legislativeSubjects>
          <item>
            <name>Commemorative events and holidays</name>
          </item>
          <item>
            <name>Congressional tributes</name>
          </item>
          <item>
            <name>Elementary and secondary education</name>
          </item>
          <item>
            <name>Higher education</name>
          </item>
          <item>
            <name>School administration</name>
          </item>
          <item>
            <name>Teaching, teachers, curricula</name>
          </item>
        </legislativeSubjects>
      </billSubjects>
    </subjects>
    <policyArea>
      <name>Education</name>
    </policyArea>
    <summaries>
      <billSummaries>
        <item>
          <versionCode>00</versionCode>
          <actionDate>2013-11-14</actionDate>
          <name>Introduced in House</name>
          <lastSummaryUpdateDate>2013-12-11T21:19:02Z</lastSummaryUpdateDate>
          <text><![CDATA[<p>Expresses support for the goals and ideals of American Education Week.</p> <p>]]></text>
          <actionDesc>Introduced in House</actionDesc>
          <updateDate>2013-11-14T05:00:00Z</updateDate>
        </item>
      </billSummaries>
    </summaries>
    <title>Supporting the goals and ideals of American Education Week.</title>
    <laws />
    <cosponsors>
      <item>
        <isOriginalCosponsor>True</isOriginalCosponsor>
        <fullName>Rep. Beatty, Joyce [D-OH-3]</fullName>
        <firstName>Joyce</firstName>
        <identifiers>
          <gpoId />
          <lisID>2153</lisID>
          <bioguideId>B001281</bioguideId>
        </identifiers>
        <state>OH</state>
        <middleName />
        <lastName>Beatty</lastName>
        <bioguideId>B001281</bioguideId>
        <sponsorshipDate>2013-11-14</sponsorshipDate>
        <district>3</district>
        <sponsorshipWithdrawnDate />
        <party>D</party>
      </item>
      <item>
        <isOriginalCosponsor>True</isOriginalCosponsor>
        <fullName>Rep. Hanna, Richard L. [R-NY-22]</fullName>
        <firstName>Richard</firstName>
        <identifiers>
          <lisID>2044</lisID>
          <bioguideId>H001051</bioguideId>
          <gpoId>8085</gpoId>
        </identifiers>
        <state>NY</state>
        <middleName>L.</middleName>
        <lastName>Hanna</lastName>
        <bioguideId>H001051</bioguideId>
        <sponsorshipDate>2013-11-14</sponsorshipDate>
        <district>22</district>
        <sponsorshipWithdrawnDate />
        <party>R</party>
      </item>
      <item>
        <isOriginalCosponsor>True</isOriginalCosponsor>
        <fullName>Rep. Schneider, Bradley S. [D-IL-10]</fullName>
        <firstName>Bradley</firstName>
        <identifiers>
          <bioguideId>S001190</bioguideId>
          <gpoId />
          <lisID>2124</lisID>
        </identifiers>
        <state>IL</state>
        <middleName>S.</middleName>
        <lastName>Schneider</lastName>
        <bioguideId>S001190</bioguideId>
        <sponsorshipDate>2013-11-14</sponsorshipDate>
        <district>10</district>
        <sponsorshipWithdrawnDate />
        <party>D</party>
      </item>
      <item>
        <isOriginalCosponsor>True</isOriginalCosponsor>
        <fullName>Rep. King, Peter T. [R-NY-2]</fullName>
        <firstName>PETER</firstName>
        <identifiers>
          <lisID>635</lisID>
          <gpoId>8064</gpoId>
          <bioguideId>K000210</bioguideId>
        </identifiers>
        <state>NY</state>
        <middleName>T.</middleName>
        <lastName>KING</lastName>
        <bioguideId>K000210</bioguideId>
        <sponsorshipDate>2013-11-14</sponsorshipDate>
        <district>2</district>
        <sponsorshipWithdrawnDate />
        <party>R</party>
      </item>
      <item>
        <isOriginalCosponsor>True</isOriginalCosponsor>
        <fullName>Rep. Walz, Timothy J. [D-MN-1]</fullName>
        <firstName>Timothy</firstName>
        <identifiers>
          <lisID>1856</lisID>
          <gpoId>8001</gpoId>
          <bioguideId>W000799</bioguideId>
        </identifiers>
        <state>MN</state>
        <middleName>J.</middleName>
        <lastName>Walz</lastName>
        <bioguideId>W000799</bioguideId>
        <sponsorshipDate>2013-11-14</sponsorshipDate>
        <district>1</district>
        <sponsorshipWithdrawnDate />
        <party>D</party>
      </item>
      <item>
        <isOriginalCosponsor>True</isOriginalCosponsor>
        <fullName>Rep. Runyan, Jon [R-NJ-3]</fullName>
        <firstName>Jon</firstName>
        <identifiers>
          <lisID>2039</lisID>
          <gpoId>8045</gpoId>
          <bioguideId>R000594</bioguideId>
        </identifiers>
        <state>NJ</state>
        <middleName />
        <lastName>Runyan</lastName>
        <bioguideId>R000594</bioguideId>
        <sponsorshipDate>2013-11-14</sponsorshipDate>
        <district>3</district>
        <sponsorshipWithdrawnDate />
        <party>R</party>
      </item>
      <item>
        <isOriginalCosponsor>True</isOriginalCosponsor>
        <fullName>Rep. Polis, Jared [D-CO-2]</fullName>
        <firstName>Jared</firstName>
        <identifiers>
          <lisID>1910</lisID>
          <bioguideId>P000598</bioguideId>
          <gpoId>7860</gpoId>
        </identifiers>
        <state>CO</state>
        <middleName />
        <lastName>Polis</lastName>
        <bioguideId>P000598</bioguideId>
        <sponsorshipDate>2013-11-14</sponsorshipDate>
        <district>2</district>
        <sponsorshipWithdrawnDate />
        <party>D</party>
      </item>
      <item>
        <isOriginalCosponsor>True</isOriginalCosponsor>
        <fullName>Rep. Gibson, Christopher P. [R-NY-19]</fullName>
        <firstName>Christopher</firstName>
        <identifiers>
          <lisID>2043</lisID>
          <gpoId>8081</gpoId>
          <bioguideId>G000564</bioguideId>
        </identifiers>
        <state>NY</state>
        <middleName>P.</middleName>
        <lastName>Gibson</lastName>
        <bioguideId>G000564</bioguideId>
        <sponsorshipDate>2013-11-14</sponsorshipDate>
        <district>19</district>
        <sponsorshipWithdrawnDate />
        <party>R</party>
      </item>
      <item>
        <isOriginalCosponsor>True</isOriginalCosponsor>
        <fullName>Rep. Lewis, John [D-GA-5]</fullName>
        <firstName>JOHN</firstName>
        <identifiers>
          <lisID>688</lisID>
          <gpoId>7902</gpoId>
          <bioguideId>L000287</bioguideId>
        </identifiers>
        <state>GA</state>
        <middleName />
        <lastName>LEWIS</lastName>
        <bioguideId>L000287</bioguideId>
        <sponsorshipDate>2013-11-14</sponsorshipDate>
        <district>5</district>
        <sponsorshipWithdrawnDate />
        <party>D</party>
      </item>
      <item>
        <isOriginalCosponsor>True</isOriginalCosponsor>
        <fullName>Rep. Norton, Eleanor Holmes [D-DC-At Large]</fullName>
        <firstName>ELEANOR</firstName>
        <identifiers>
          <gpoId>7871</gpoId>
          <lisID>868</lisID>
          <bioguideId>N000147</bioguideId>
        </identifiers>
        <state>DC</state>
        <middleName>HOLMES</middleName>
        <lastName>NORTON</lastName>
        <bioguideId>N000147</bioguideId>
        <sponsorshipDate>2013-11-14</sponsorshipDate>
        <district>0</district>
        <sponsorshipWithdrawnDate />
        <party>D</party>
      </item>
      <item>
        <isOriginalCosponsor>True</isOriginalCosponsor>
        <fullName>Rep. Hinojosa, Ruben [D-TX-15]</fullName>
        <firstName>RUBEN</firstName>
        <identifiers>
          <lisID>1490</lisID>
          <gpoId>8171</gpoId>
          <bioguideId>H000636</bioguideId>
        </identifiers>
        <state>TX</state>
        <middleName />
        <lastName>HINOJOSA</lastName>
        <bioguideId>H000636</bioguideId>
        <sponsorshipDate>2013-11-14</sponsorshipDate>
        <district>15</district>
        <sponsorshipWithdrawnDate />
        <party>D</party>
      </item>
      <item>
        <isOriginalCosponsor>True</isOriginalCosponsor>
        <fullName>Rep. Jackson Lee, Sheila [D-TX-18]</fullName>
        <firstName>SHEILA</firstName>
        <identifiers>
          <bioguideId>J000032</bioguideId>
          <lisID>588</lisID>
          <gpoId>8174</gpoId>
        </identifiers>
        <state>TX</state>
        <middleName />
        <lastName>JACKSON LEE</lastName>
        <bioguideId>J000032</bioguideId>
        <sponsorshipDate>2013-11-14</sponsorshipDate>
        <district>18</district>
        <sponsorshipWithdrawnDate />
        <party>D</party>
      </item>
      <item>
        <isOriginalCosponsor>True</isOriginalCosponsor>
        <fullName>Rep. Takano, Mark [D-CA-41]</fullName>
        <firstName>Mark</firstName>
        <identifiers>
          <bioguideId>T000472</bioguideId>
          <lisID>2110</lisID>
          <gpoId />
        </identifiers>
        <state>CA</state>
        <middleName />
        <lastName>Takano</lastName>
        <bioguideId>T000472</bioguideId>
        <sponsorshipDate>2013-11-14</sponsorshipDate>
        <district>41</district>
        <sponsorshipWithdrawnDate />
        <party>D</party>
      </item>
      <item>
        <isOriginalCosponsor>True</isOriginalCosponsor>
        <fullName>Rep. Meehan, Patrick [R-PA-7]</fullName>
        <firstName>Patrick</firstName>
        <identifiers>
          <bioguideId>M001181</bioguideId>
          <gpoId>8125</gpoId>
          <lisID>2052</lisID>
        </identifiers>
        <state>PA</state>
        <middleName />
        <lastName>Meehan</lastName>
        <bioguideId>M001181</bioguideId>
        <sponsorshipDate>2013-11-14</sponsorshipDate>
        <district>7</district>
        <sponsorshipWithdrawnDate />
        <party>R</party>
      </item>
      <item>
        <isOriginalCosponsor>True</isOriginalCosponsor>
        <fullName>Rep. Murphy, Patrick [D-FL-18]</fullName>
        <firstName>Patrick</firstName>
        <identifiers>
          <lisID>2117</lisID>
          <gpoId />
          <bioguideId>M001191</bioguideId>
        </identifiers>
        <state>FL</state>
        <middleName />
        <lastName>Murphy</lastName>
        <bioguideId>M001191</bioguideId>
        <sponsorshipDate>2013-11-14</sponsorshipDate>
        <district>18</district>
        <sponsorshipWithdrawnDate />
        <party>D</party>
      </item>
      <item>
        <isOriginalCosponsor>True</isOriginalCosponsor>
        <fullName>Rep. Walden, Greg [R-OR-2]</fullName>
        <firstName>GREG</firstName>
        <identifiers>
          <bioguideId>W000791</bioguideId>
          <gpoId>8115</gpoId>
          <lisID>1596</lisID>
        </identifiers>
        <state>OR</state>
        <middleName />
        <lastName>WALDEN</lastName>
        <bioguideId>W000791</bioguideId>
        <sponsorshipDate>2013-11-14</sponsorshipDate>
        <district>2</district>
        <sponsorshipWithdrawnDate />
        <party>R</party>
      </item>
      <item>
        <isOriginalCosponsor>False</isOriginalCosponsor>
        <fullName>Rep. Connolly, Gerald E. [D-VA-11]</fullName>
        <firstName>Gerald</firstName>
        <identifiers>
          <lisID>1959</lisID>
          <gpoId>8202</gpoId>
          <bioguideId>C001078</bioguideId>
        </identifiers>
        <state>VA</state>
        <middleName>E.</middleName>
        <lastName>Connolly</lastName>
        <bioguideId>C001078</bioguideId>
        <sponsorshipDate>2013-11-15</sponsorshipDate>
        <district>11</district>
        <sponsorshipWithdrawnDate />
        <party>D</party>
      </item>
      <item>
        <isOriginalCosponsor>False</isOriginalCosponsor>
        <fullName>Rep. McGovern, James P. [D-MA-2]</fullName>
        <firstName>JAMES</firstName>
        <identifiers>
          <bioguideId>M000312</bioguideId>
          <lisID>1504</lisID>
          <gpoId>7968</gpoId>
        </identifiers>
        <state>MA</state>
        <middleName>P.</middleName>
        <lastName>MCGOVERN</lastName>
        <bioguideId>M000312</bioguideId>
        <sponsorshipDate>2013-11-15</sponsorshipDate>
        <district>2</district>
        <sponsorshipWithdrawnDate />
        <party>D</party>
      </item>
      <item>
        <isOriginalCosponsor>False</isOriginalCosponsor>
        <fullName>Rep. Conyers, John, Jr. [D-MI-13]</fullName>
        <firstName>JOHN</firstName>
        <identifiers>
          <lisID>229</lisID>
          <bioguideId>C000714</bioguideId>
          <gpoId>7999</gpoId>
        </identifiers>
        <state>MI</state>
        <middleName />
        <lastName>CONYERS</lastName>
        <bioguideId>C000714</bioguideId>
        <sponsorshipDate>2013-11-15</sponsorshipDate>
        <district>13</district>
        <sponsorshipWithdrawnDate />
        <party>D</party>
      </item>
      <item>
        <isOriginalCosponsor>False</isOriginalCosponsor>
        <fullName>Rep. Chu, Judy [D-CA-27]</fullName>
        <firstName>Judy</firstName>
        <identifiers>
          <lisID>1970</lisID>
          <gpoId>7837</gpoId>
          <bioguideId>C001080</bioguideId>
        </identifiers>
        <state>CA</state>
        <middleName />
        <lastName>Chu</lastName>
        <bioguideId>C001080</bioguideId>
        <sponsorshipDate>2013-12-19</sponsorshipDate>
        <district>27</district>
        <sponsorshipWithdrawnDate />
        <party>D</party>
      </item>
    </cosponsors>
    <billType>HRES</billType>
    <cboCostEstimates />
    <recordedVotes />
    <relatedBills>
      <item>
        <latestTitle>A resolution supporting the goals and ideals of American Education Week.</latestTitle>
        <type>SRES</type>
        <relationshipDetails>
          <item>
            <type>Related bill</type>
            <identifiedBy>CRS</identifiedBy>
          </item>
        </relationshipDetails>
        <number>591</number>
        <congress>113</congress>
        <latestAction>
          <text>Referred to the Committee on Health, Education, Labor, and Pensions. (text of measure as introduced: CR S6212)</text>
          <actionDate>2014-11-20</actionDate>
        </latestAction>
      </item>
      <item>
        <latestTitle>Supporting the goals and ideals of American Education Week.</latestTitle>
        <type>HRES</type>
        <relationshipDetails>
          <item>
            <type>Identical bill</type>
            <identifiedBy>CRS</identifiedBy>
          </item>
        </relationshipDetails>
        <number>755</number>
        <congress>113</congress>
        <latestAction>
          <text>Referred to the House Committee on Oversight and Government Reform.</text>
          <actionDate>2014-11-14</actionDate>
        </latestAction>
      </item>
    </relatedBills>
    <actions>
      <item>
        <text>Referred to the House Committee on Oversight and Government Reform.</text>
        <committee>
          <systemCode>hsgo00</systemCode>
          <name>Oversight and Government Reform Committee</name>
        </committee>
        <actionCode>H11100</actionCode>
        <sourceSystem>
          <code>2</code>
          <name>House floor actions</name>
        </sourceSystem>
        <type>IntroReferral</type>
        <actionDate>2013-11-14</actionDate>
        <links />
      </item>
      <item>
        <text>Introduced in House</text>
        <committee />
        <actionCode>Intro-H</actionCode>
        <sourceSystem>
          <code>9</code>
          <name>Library of Congress</name>
        </sourceSystem>
        <type>IntroReferral</type>
        <actionDate>2013-11-14</actionDate>
        <links />
      </item>
      <item>
        <text>Introduced in House</text>
        <committee />
        <actionCode>1000</actionCode>
        <sourceSystem>
          <code>9</code>
          <name>Library of Congress</name>
        </sourceSystem>
        <type>IntroReferral</type>
        <actionDate>2013-11-14</actionDate>
        <links />
      </item>
      <actionByCounts>
        <houseOfRepresentatives>3</houseOfRepresentatives>
      </actionByCounts>
      <actionTypeCounts>
        <introducedInHouse>1</introducedInHouse>
        <introducedInTheHouse>1</introducedInTheHouse>
        <billReferrals>1</billReferrals>
      </actionTypeCounts>
    </actions>
    <notes />
    <latestAction>
      <actionDate>2013-11-14</actionDate>
      <links />
      <text>Referred to the House Committee on Oversight and Government Reform.</text>
    </latestAction>
    <introducedDate>2013-11-14</introducedDate>
    <sponsors>
      <item>
        <fullName>Rep. Grimm, Michael G. [R-NY-11]</fullName>
        <firstName>Michael</firstName>
        <byRequestType />
        <identifiers>
          <lisID>2041</lisID>
          <bioguideId>G000569</bioguideId>
          <gpoId>8074</gpoId>
        </identifiers>
        <middleName>G.</middleName>
        <bioguideId>G000569</bioguideId>
        <district>11</district>
        <party>R</party>
        <state>NY</state>
        <lastName>Grimm</lastName>
      </item>
    </sponsors>
    <constitutionalAuthorityStatementText />
    <calendarNumbers />
    <committeeReports />
    <amendments />
    <createDate>2013-11-15T07:01:12Z</createDate>
    <originChamber>House</originChamber>
    <titles>
      <item>
        <chamberCode />
        <title>Supporting the goals and ideals of American Education Week.</title>
        <chamberName />
        <titleType>Official Title as Introduced</titleType>
        <parentTitleType />
      </item>
      <item>
        <chamberCode />
        <title>Supporting the goals and ideals of American Education Week.</title>
        <chamberName />
        <titleType>Display Title</titleType>
        <parentTitleType />
      </item>
    </titles>
  </bill>
  <dublinCore xmlns:dc="http://purl.org/dc/elements/1.1/">
    <dc:format>text/xml</dc:format>
    <dc:language>EN</dc:language>
    <dc:rights>Pursuant to Title 17 Section 105 of the United States Code, this file is not subject to copyright protection and is in the public domain.</dc:rights>
    <dc:contributor>Congressional Research Service, Library of Congress</dc:contributor>
    <dc:description>This file contains bill summaries and statuses for federal legislation. A bill summary describes the most significant provisions of a piece of legislation and details the effects the legislative text may have on current law and federal programs. Bill summaries are authored by the Congressional Research Service (CRS) of the Library of Congress. As stated in Public Law 91-510 (2 USC 166 (d)(6)), one of the duties of CRS is "to prepare summaries and digests of bills and resolutions of a public general nature introduced in the Senate or House of Representatives". For more information, refer to the User Guide that accompanies this file.</dc:description>
  </dublinCore>
</billStatus>

