<?xml version="1.0" encoding="UTF-8"?>
<billStatus>
  <bill>
    <committees>
      <billCommittees>
        <item>
          <chamber>House</chamber>
          <type>Standing</type>
          <systemCode>hsif00</systemCode>
          <subcommittees>
            <item>
              <name>Health Subcommittee</name>
              <systemCode>hsif14</systemCode>
              <activities>
                <item>
                  <date>2013-10-03T18:25:54Z</date>
                  <name>Referred to</name>
                </item>
              </activities>
            </item>
          </subcommittees>
          <name>Energy and Commerce Committee</name>
          <activities>
            <item>
              <date>2013-09-27T13:00:51Z</date>
              <name>Referred to</name>
            </item>
          </activities>
        </item>
      </billCommittees>
    </committees>
    <congress>113</congress>
    <billNumber>364</billNumber>
    <updateDate>2016-10-25T15:55:08Z</updateDate>
    <subjects>
      <billSubjects>
        <policyArea>
          <name>Health</name>
        </policyArea>
        <legislativeSubjects>
          <item>
            <name>Commemorative events and holidays</name>
          </item>
          <item>
            <name>Medical research</name>
          </item>
          <item>
            <name>Neurological disorders</name>
          </item>
          <item>
            <name>World health</name>
          </item>
        </legislativeSubjects>
      </billSubjects>
    </subjects>
    <policyArea>
      <name>Health</name>
    </policyArea>
    <summaries>
      <billSummaries>
        <item>
          <updateDate>2013-09-27T04:00:00Z</updateDate>
          <lastSummaryUpdateDate>2013-11-25T22:04:31Z</lastSummaryUpdateDate>
          <actionDate>2013-09-27</actionDate>
          <text><![CDATA[<p>Expresses support for the goals and ideals of World Alzheimer's Month.</p> <p>Acknowledges: (1) the impact Alzheimer's has on the lives of individuals, and (2) the progress and improvements neurological research has made in the diagnosis and treatment of Alzheimer's and other forms of dementia.</p> <UL> </UL>]]></text>
          <name>Introduced in House</name>
          <versionCode>00</versionCode>
          <actionDesc>Introduced in House</actionDesc>
        </item>
      </billSummaries>
    </summaries>
    <title>Supporting the goals and ideals of "World Alzheimer's Month".</title>
    <laws />
    <cosponsors />
    <billType>HRES</billType>
    <cboCostEstimates />
    <recordedVotes />
    <relatedBills>
      <item>
        <latestAction>
          <actionDate>2013-11-01</actionDate>
          <text>Referred to the Subcommittee on Health.</text>
        </latestAction>
        <congress>113</congress>
        <latestTitle>Supporting the goals and ideals of November as National Alzheimer's Disease Awareness Month.</latestTitle>
        <relationshipDetails>
          <item>
            <type>Related bill</type>
            <identifiedBy>CRS</identifiedBy>
          </item>
        </relationshipDetails>
        <type>HRES</type>
        <number>396</number>
      </item>
    </relatedBills>
    <actions>
      <actionByCounts>
        <houseOfRepresentatives>4</houseOfRepresentatives>
      </actionByCounts>
      <item>
        <actionDate>2013-10-03</actionDate>
        <committee>
          <name>Health Subcommittee</name>
          <systemCode>hsif14</systemCode>
        </committee>
        <links />
        <sourceSystem>
          <name>House committee actions</name>
          <code>1</code>
        </sourceSystem>
        <text>Referred to the Subcommittee on Health.</text>
        <type>Committee</type>
      </item>
      <item>
        <actionDate>2013-09-27</actionDate>
        <actionCode>H11100</actionCode>
        <sourceSystem>
          <name>House floor actions</name>
          <code>2</code>
        </sourceSystem>
        <links />
        <committee>
          <name>Energy and Commerce Committee</name>
          <systemCode>hsif00</systemCode>
        </committee>
        <text>Referred to the House Committee on Energy and Commerce.</text>
        <type>IntroReferral</type>
      </item>
      <item>
        <actionDate>2013-09-27</actionDate>
        <actionCode>Intro-H</actionCode>
        <sourceSystem>
          <name>Library of Congress</name>
          <code>9</code>
        </sourceSystem>
        <links />
        <committee />
        <text>Introduced in House</text>
        <type>IntroReferral</type>
      </item>
      <item>
        <actionDate>2013-09-27</actionDate>
        <actionCode>1000</actionCode>
        <sourceSystem>
          <name>Library of Congress</name>
          <code>9</code>
        </sourceSystem>
        <links />
        <committee />
        <text>Introduced in House</text>
        <type>IntroReferral</type>
      </item>
      <actionTypeCounts>
        <introducedInHouse>1</introducedInHouse>
        <placeholderTextForH>1</placeholderTextForH>
        <billReferrals>1</billReferrals>
        <introducedInTheHouse>1</introducedInTheHouse>
      </actionTypeCounts>
    </actions>
    <notes />
    <latestAction>
      <actionDate>2013-10-03</actionDate>
      <links />
      <text>Referred to the Subcommittee on Health.</text>
    </latestAction>
    <introducedDate>2013-09-27</introducedDate>
    <sponsors>
      <item>
        <fullName>Rep. Fattah, Chaka [D-PA-2]</fullName>
        <firstName>CHAKA</firstName>
        <byRequestType />
        <identifiers>
          <lisID>371</lisID>
          <bioguideId>F000043</bioguideId>
          <gpoId>8120</gpoId>
        </identifiers>
        <middleName />
        <bioguideId>F000043</bioguideId>
        <district>2</district>
        <party>D</party>
        <state>PA</state>
        <lastName>FATTAH</lastName>
      </item>
    </sponsors>
    <constitutionalAuthorityStatementText />
    <calendarNumbers />
    <committeeReports />
    <amendments />
    <createDate>2013-09-29T02:55:13Z</createDate>
    <originChamber>House</originChamber>
    <titles>
      <item>
        <titleType>Official Title as Introduced</titleType>
        <parentTitleType />
        <title>Supporting the goals and ideals of "World Alzheimer's Month".</title>
        <chamberName />
        <chamberCode />
      </item>
      <item>
        <titleType>Display Title</titleType>
        <parentTitleType />
        <title>Supporting the goals and ideals of "World Alzheimer's Month".</title>
        <chamberName />
        <chamberCode />
      </item>
    </titles>
  </bill>
  <dublinCore xmlns:dc="http://purl.org/dc/elements/1.1/">
    <dc:format>text/xml</dc:format>
    <dc:language>EN</dc:language>
    <dc:rights>Pursuant to Title 17 Section 105 of the United States Code, this file is not subject to copyright protection and is in the public domain.</dc:rights>
    <dc:contributor>Congressional Research Service, Library of Congress</dc:contributor>
    <dc:description>This file contains bill summaries and statuses for federal legislation. A bill summary describes the most significant provisions of a piece of legislation and details the effects the legislative text may have on current law and federal programs. Bill summaries are authored by the Congressional Research Service (CRS) of the Library of Congress. As stated in Public Law 91-510 (2 USC 166 (d)(6)), one of the duties of CRS is "to prepare summaries and digests of bills and resolutions of a public general nature introduced in the Senate or House of Representatives". For more information, refer to the User Guide that accompanies this file.</dc:description>
  </dublinCore>
</billStatus>

