<?xml version="1.0" encoding="UTF-8"?>
<billStatus>
  <bill>
    <committeeReports />
    <committees>
      <billCommittees />
    </committees>
    <createDate>2013-06-04T07:01:44Z</createDate>
    <amendments />
    <policyArea>
      <name>Congress</name>
    </policyArea>
    <sponsors>
      <item>
        <district>4</district>
        <firstName>CHRISTOPHER</firstName>
        <bioguideId>S000522</bioguideId>
        <identifiers>
          <lisID>1071</lisID>
          <bioguideId>S000522</bioguideId>
          <gpoId>8046</gpoId>
        </identifiers>
        <lastName>SMITH</lastName>
        <middleName>H.</middleName>
        <byRequestType />
        <fullName>Rep. Smith, Christopher H. [R-NJ-4]</fullName>
        <party>R</party>
        <state>NJ</state>
      </item>
    </sponsors>
    <subjects>
      <billSubjects>
        <legislativeSubjects>
          <item>
            <name>Congressional tributes</name>
          </item>
          <item>
            <name>Members of Congress</name>
          </item>
          <item>
            <name>New Jersey</name>
          </item>
          <item>
            <name>Senate</name>
          </item>
        </legislativeSubjects>
        <policyArea>
          <name>Congress</name>
        </policyArea>
      </billSubjects>
    </subjects>
    <notes />
    <cosponsors />
    <title>Relating to the death of the Honorable Frank R. Lautenberg, a Senator from the State of New Jersey.</title>
    <billNumber>242</billNumber>
    <cboCostEstimates />
    <titles>
      <item>
        <title>Relating to the death of the Honorable Frank R. Lautenberg, a Senator from the State of New Jersey.</title>
        <chamberCode />
        <chamberName />
        <titleType>Official Title as Introduced</titleType>
        <parentTitleType />
      </item>
      <item>
        <title>Relating to the death of the Honorable Frank R. Lautenberg, a Senator from the State of New Jersey.</title>
        <chamberCode />
        <chamberName />
        <titleType>Display Title</titleType>
        <parentTitleType />
      </item>
    </titles>
    <summaries>
      <billSummaries>
        <item>
          <updateDate>2013-06-03T04:00:00Z</updateDate>
          <versionCode>00</versionCode>
          <lastSummaryUpdateDate>2013-06-05T18:16:20Z</lastSummaryUpdateDate>
          <name>Introduced in House</name>
          <actionDate>2013-06-03</actionDate>
          <actionDesc>Introduced in House</actionDesc>
          <text><![CDATA[<p>Declares that the House of Representatives has heard with profound sorrow of the death of the Honorable Frank R. Lautenberg, a Senator from New Jersey.</p> <p>Declares that when the House adjourns on June 3, 2013, it stand adjourned as a further mark of respect to the memory of the deceased Senator. </p>]]></text>
        </item>
        <item>
          <updateDate>2013-06-03T13:22:45Z</updateDate>
          <versionCode>81</versionCode>
          <lastSummaryUpdateDate>2013-06-05T18:16:28Z</lastSummaryUpdateDate>
          <name>Passed House without amendment</name>
          <actionDate>2013-06-03</actionDate>
          <actionDesc>Passed House without amendment</actionDesc>
          <text><![CDATA[<p><b>(This measure has not been amended since it was introduced. The summary of that version is repeated here.)</b></p> <p>Declares that the House of Representatives has heard with profound sorrow of the death of the Honorable Frank R. Lautenberg, a Senator from New Jersey.</p> <p>Declares that when the House adjourns on June 3, 2013, it stand adjourned as a further mark of respect to the memory of the deceased Senator. </p>]]></text>
        </item>
      </billSummaries>
    </summaries>
    <relatedBills />
    <calendarNumbers />
    <recordedVotes />
    <introducedDate>2013-06-03</introducedDate>
    <latestAction>
      <actionTime>19:24:22</actionTime>
      <links />
      <actionDate>2013-06-03</actionDate>
      <text>Motion to reconsider laid on the table Agreed to without objection.</text>
    </latestAction>
    <congress>113</congress>
    <constitutionalAuthorityStatementText />
    <billType>HRES</billType>
    <actions>
      <actionTypeCounts>
        <motionForPreviousQuestion>1</motionForPreviousQuestion>
        <considerationByHouse>1</considerationByHouse>
        <passedAgreedToInHouse>1</passedAgreedToInHouse>
        <passageOfAMeasure>1</passageOfAMeasure>
        <motionToReconsiderResults>1</motionToReconsiderResults>
        <generalDebate>1</generalDebate>
        <introducedInTheHouse>1</introducedInTheHouse>
        <introducedInHouse>1</introducedInHouse>
      </actionTypeCounts>
      <item>
        <actionDate>2013-06-03</actionDate>
        <sourceSystem>
          <code>2</code>
          <name>House floor actions</name>
        </sourceSystem>
        <text>Motion to reconsider laid on the table Agreed to without objection.</text>
        <type>Floor</type>
        <actionTime>19:24:22</actionTime>
        <links />
        <actionCode>H38310</actionCode>
        <committee />
      </item>
      <item>
        <actionDate>2013-06-03</actionDate>
        <sourceSystem>
          <code>2</code>
          <name>House floor actions</name>
        </sourceSystem>
        <text>On agreeing to the resolution Agreed to without objection. (text: CR H3001)</text>
        <type>Floor</type>
        <actionTime>19:24:16</actionTime>
        <links>
          <link>
            <name>H3001</name>
            <url>https://www.congress.gov/congressional-record/volume-159/house-section/page/H3001</url>
          </link>
        </links>
        <actionCode>H37100</actionCode>
        <committee />
      </item>
      <item>
        <actionDate>2013-06-03</actionDate>
        <sourceSystem>
          <code>9</code>
          <name>Library of Congress</name>
        </sourceSystem>
        <text>Passed/agreed to in House: On agreeing to the resolution Agreed to without objection.(text: CR H3001)</text>
        <type>Floor</type>
        <actionTime>19:24:16</actionTime>
        <links>
          <link>
            <name>H3001</name>
            <url>https://www.congress.gov/congressional-record/volume-159/house-section/page/H3001</url>
          </link>
        </links>
        <actionCode>8000</actionCode>
        <committee />
      </item>
      <item>
        <actionDate>2013-06-03</actionDate>
        <sourceSystem>
          <code>2</code>
          <name>House floor actions</name>
        </sourceSystem>
        <text>The previous question was ordered without objection. (consideration: CR H3003)</text>
        <type>Floor</type>
        <actionTime>19:24:12</actionTime>
        <links>
          <link>
            <name>H3003</name>
            <url>https://www.congress.gov/congressional-record/volume-159/house-section/page/H3003</url>
          </link>
        </links>
        <actionCode>H35000</actionCode>
        <committee />
      </item>
      <item>
        <actionDate>2013-06-03</actionDate>
        <sourceSystem>
          <code>2</code>
          <name>House floor actions</name>
        </sourceSystem>
        <text>Pending disposition of the measure, the Chair recognized Members of the New Jersey delegation to proceed with remarks to honor the late Senator Lautenberg.</text>
        <type>Floor</type>
        <actionTime>19:08:36</actionTime>
        <links />
        <actionCode>H8D000</actionCode>
        <committee />
      </item>
      <item>
        <actionDate>2013-06-03</actionDate>
        <sourceSystem>
          <code>2</code>
          <name>House floor actions</name>
        </sourceSystem>
        <text>Considered as privileged matter. (consideration: CR H3001-3003)</text>
        <type>Floor</type>
        <actionTime>19:07:40</actionTime>
        <links>
          <link>
            <name>H3001-3003</name>
            <url>https://www.congress.gov/congressional-record/volume-159/house-section/page/H3001-3003</url>
          </link>
        </links>
        <actionCode>H30000</actionCode>
        <committee />
      </item>
      <item>
        <actionDate>2013-06-03</actionDate>
        <sourceSystem>
          <code>9</code>
          <name>Library of Congress</name>
        </sourceSystem>
        <text>Introduced in House</text>
        <type>IntroReferral</type>
        <links />
        <actionCode>Intro-H</actionCode>
        <committee />
      </item>
      <item>
        <actionDate>2013-06-03</actionDate>
        <sourceSystem>
          <code>9</code>
          <name>Library of Congress</name>
        </sourceSystem>
        <text>Introduced in House</text>
        <type>IntroReferral</type>
        <links />
        <actionCode>1000</actionCode>
        <committee />
      </item>
      <actionByCounts>
        <houseOfRepresentatives>8</houseOfRepresentatives>
      </actionByCounts>
    </actions>
    <originChamber>House</originChamber>
    <laws />
    <updateDate>2016-10-25T15:54:50Z</updateDate>
  </bill>
  <dublinCore xmlns:dc="http://purl.org/dc/elements/1.1/">
    <dc:format>text/xml</dc:format>
    <dc:language>EN</dc:language>
    <dc:rights>Pursuant to Title 17 Section 105 of the United States Code, this file is not subject to copyright protection and is in the public domain.</dc:rights>
    <dc:contributor>Congressional Research Service, Library of Congress</dc:contributor>
    <dc:description>This file contains bill summaries and statuses for federal legislation. A bill summary describes the most significant provisions of a piece of legislation and details the effects the legislative text may have on current law and federal programs. Bill summaries are authored by the Congressional Research Service (CRS) of the Library of Congress. As stated in Public Law 91-510 (2 USC 166 (d)(6)), one of the duties of CRS is "to prepare summaries and digests of bills and resolutions of a public general nature introduced in the Senate or House of Representatives". For more information, refer to the User Guide that accompanies this file.</dc:description>
  </dublinCore>
</billStatus>

