<?xml version="1.0" encoding="UTF-8"?>
<billStatus>
  <bill>
    <title>Recognizing that Monsignor Diomartich through his passion of spreading the word of God, has inspired and guided the residents of Los Angeles and has brought unity and pride to the Croatian community.</title>
    <policyArea>
      <name>Arts, Culture, Religion</name>
    </policyArea>
    <constitutionalAuthorityStatementText />
    <recordedVotes />
    <createDate>2014-12-03T04:47:18Z</createDate>
    <summaries>
      <billSummaries>
        <item>
          <updateDate>2014-12-02T05:00:00Z</updateDate>
          <versionCode>00</versionCode>
          <text><![CDATA[<p>Recognizes that Monsignor Diomartich has inspired and guided the residents of Los Angeles and brought unity and pride to the Croatian community.</p>]]></text>
          <lastSummaryUpdateDate>2014-12-15T22:01:56Z</lastSummaryUpdateDate>
          <actionDate>2014-12-02</actionDate>
          <actionDesc>Introduced in House</actionDesc>
          <name>Introduced in House</name>
        </item>
      </billSummaries>
    </summaries>
    <committeeReports />
    <notes />
    <latestAction>
      <links />
      <actionDate>2014-12-02</actionDate>
      <text>Referred to the House Committee on Oversight and Government Reform.</text>
    </latestAction>
    <sponsors>
      <item>
        <state>CA</state>
        <fullName>Rep. Hahn, Janice [D-CA-44]</fullName>
        <district>44</district>
        <bioguideId>H001063</bioguideId>
        <middleName />
        <byRequestType />
        <lastName>Hahn</lastName>
        <party>D</party>
        <firstName>Janice</firstName>
        <identifiers>
          <bioguideId>H001063</bioguideId>
          <lisID>2089</lisID>
          <gpoId>8360</gpoId>
        </identifiers>
      </item>
    </sponsors>
    <billNumber>768</billNumber>
    <titles>
      <item>
        <parentTitleType />
        <titleType>Official Title as Introduced</titleType>
        <title>Recognizing that Monsignor Diomartich through his passion of spreading the word of God, has inspired and guided the residents of Los Angeles and has brought unity and pride to the Croatian community.</title>
        <chamberCode />
        <chamberName />
      </item>
      <item>
        <parentTitleType />
        <titleType>Display Title</titleType>
        <title>Recognizing that Monsignor Diomartich through his passion of spreading the word of God, has inspired and guided the residents of Los Angeles and has brought unity and pride to the Croatian community.</title>
        <chamberCode />
        <chamberName />
      </item>
    </titles>
    <billType>HRES</billType>
    <laws />
    <committees>
      <billCommittees>
        <item>
          <chamber>House</chamber>
          <type>Standing</type>
          <systemCode>hsgo00</systemCode>
          <subcommittees />
          <name>Oversight and Government Reform Committee</name>
          <activities>
            <item>
              <date>2014-12-02T15:01:10Z</date>
              <name>Referred to</name>
            </item>
          </activities>
        </item>
      </billCommittees>
    </committees>
    <updateDate>2016-10-25T15:56:07Z</updateDate>
    <relatedBills />
    <subjects>
      <billSubjects>
        <policyArea>
          <name>Arts, Culture, Religion</name>
        </policyArea>
        <legislativeSubjects>
          <item>
            <name>California</name>
          </item>
          <item>
            <name>Congressional tributes</name>
          </item>
          <item>
            <name>Croatia</name>
          </item>
          <item>
            <name>Europe</name>
          </item>
          <item>
            <name>Racial and ethnic relations</name>
          </item>
          <item>
            <name>Religion</name>
          </item>
        </legislativeSubjects>
      </billSubjects>
    </subjects>
    <introducedDate>2014-12-02</introducedDate>
    <actions>
      <item>
        <sourceSystem>
          <code>2</code>
          <name>House floor actions</name>
        </sourceSystem>
        <actionDate>2014-12-02</actionDate>
        <links />
        <committee>
          <systemCode>hsgo00</systemCode>
          <name>Oversight and Government Reform Committee</name>
        </committee>
        <text>Referred to the House Committee on Oversight and Government Reform.</text>
        <type>IntroReferral</type>
        <actionCode>H11100</actionCode>
      </item>
      <item>
        <sourceSystem>
          <code>9</code>
          <name>Library of Congress</name>
        </sourceSystem>
        <actionDate>2014-12-02</actionDate>
        <links />
        <committee />
        <text>Introduced in House</text>
        <type>IntroReferral</type>
        <actionCode>Intro-H</actionCode>
      </item>
      <item>
        <sourceSystem>
          <code>9</code>
          <name>Library of Congress</name>
        </sourceSystem>
        <actionDate>2014-12-02</actionDate>
        <links />
        <committee />
        <text>Introduced in House</text>
        <type>IntroReferral</type>
        <actionCode>1000</actionCode>
      </item>
      <actionTypeCounts>
        <introducedInHouse>1</introducedInHouse>
        <introducedInTheHouse>1</introducedInTheHouse>
        <billReferrals>1</billReferrals>
      </actionTypeCounts>
      <actionByCounts>
        <houseOfRepresentatives>3</houseOfRepresentatives>
      </actionByCounts>
    </actions>
    <amendments />
    <congress>113</congress>
    <cosponsors>
      <item>
        <fullName>Rep. McCarthy, Carolyn [D-NY-4]</fullName>
        <firstName>CAROLYN</firstName>
        <lastName>MCCARTHY</lastName>
        <identifiers>
          <lisID>1503</lisID>
          <gpoId>8065</gpoId>
          <bioguideId>M000309</bioguideId>
        </identifiers>
        <state>NY</state>
        <sponsorshipWithdrawnDate />
        <bioguideId>M000309</bioguideId>
        <district>4</district>
        <isOriginalCosponsor>False</isOriginalCosponsor>
        <middleName />
        <party>D</party>
        <sponsorshipDate>2014-12-11</sponsorshipDate>
      </item>
    </cosponsors>
    <calendarNumbers />
    <cboCostEstimates />
    <originChamber>House</originChamber>
  </bill>
  <dublinCore xmlns:dc="http://purl.org/dc/elements/1.1/">
    <dc:format>text/xml</dc:format>
    <dc:language>EN</dc:language>
    <dc:rights>Pursuant to Title 17 Section 105 of the United States Code, this file is not subject to copyright protection and is in the public domain.</dc:rights>
    <dc:contributor>Congressional Research Service, Library of Congress</dc:contributor>
    <dc:description>This file contains bill summaries and statuses for federal legislation. A bill summary describes the most significant provisions of a piece of legislation and details the effects the legislative text may have on current law and federal programs. Bill summaries are authored by the Congressional Research Service (CRS) of the Library of Congress. As stated in Public Law 91-510 (2 USC 166 (d)(6)), one of the duties of CRS is "to prepare summaries and digests of bills and resolutions of a public general nature introduced in the Senate or House of Representatives". For more information, refer to the User Guide that accompanies this file.</dc:description>
  </dublinCore>
</billStatus>

