<?xml version="1.0" encoding="UTF-8"?>
<billStatus>
  <bill>
    <policyArea>
      <name>Sports and Recreation</name>
    </policyArea>
    <constitutionalAuthorityStatementText />
    <sponsors>
      <item>
        <identifiers>
          <lisID>2004</lisID>
          <gpoId>7889</gpoId>
          <bioguideId>W000808</bioguideId>
        </identifiers>
        <district>24</district>
        <byRequestType />
        <fullName>Rep. Wilson, Frederica S. [D-FL-24]</fullName>
        <firstName>Frederica</firstName>
        <state>FL</state>
        <bioguideId>W000808</bioguideId>
        <middleName>S.</middleName>
        <party>D</party>
        <lastName>Wilson</lastName>
      </item>
    </sponsors>
    <committeeReports />
    <titles>
      <item>
        <titleType>Official Title as Introduced</titleType>
        <parentTitleType />
        <title>Congratulating the Miami Heat for winning the 2013 National Basketball Association Championship.</title>
        <chamberName />
        <chamberCode />
      </item>
      <item>
        <titleType>Display Title</titleType>
        <parentTitleType />
        <title>Congratulating the Miami Heat for winning the 2013 National Basketball Association Championship.</title>
        <chamberName />
        <chamberCode />
      </item>
    </titles>
    <laws />
    <createDate>2013-07-10T07:01:38Z</createDate>
    <recordedVotes />
    <billNumber>294</billNumber>
    <originChamber>House</originChamber>
    <committees>
      <billCommittees>
        <item>
          <subcommittees />
          <type>Standing</type>
          <activities>
            <item>
              <name>Referred to</name>
              <date>2013-07-09T14:01:00Z</date>
            </item>
          </activities>
          <systemCode>hsgo00</systemCode>
          <name>Oversight and Government Reform Committee</name>
          <chamber>House</chamber>
        </item>
      </billCommittees>
    </committees>
    <relatedBills>
      <item>
        <relationshipDetails>
          <item>
            <identifiedBy>CRS</identifiedBy>
            <type>Related bill</type>
          </item>
        </relationshipDetails>
        <latestAction>
          <actionDate>2013-06-25</actionDate>
          <text>Submitted in the Senate, considered, and agreed to without amendment and with a preamble by Unanimous Consent. (consideration: CR S5201; text of measure as introduced: CR S5151)</text>
        </latestAction>
        <latestTitle>A resolution congratulating the Miami Heat for winning the 2013 National Basketball Association Finals.</latestTitle>
        <congress>113</congress>
        <number>186</number>
        <type>SRES</type>
      </item>
    </relatedBills>
    <updateDate>2016-10-25T15:54:57Z</updateDate>
    <summaries>
      <billSummaries>
        <item>
          <actionDate>2013-07-09</actionDate>
          <actionDesc>Introduced in House</actionDesc>
          <lastSummaryUpdateDate>2013-08-15T17:54:25Z</lastSummaryUpdateDate>
          <versionCode>00</versionCode>
          <updateDate>2013-07-09T04:00:00Z</updateDate>
          <name>Introduced in House</name>
          <text><![CDATA[<p>Honors the entire Miami Heat organization for winning the 2013 National Basketball Association (NBA) World Championship.</p>]]></text>
        </item>
      </billSummaries>
    </summaries>
    <congress>113</congress>
    <title>Congratulating the Miami Heat for winning the 2013 National Basketball Association Championship.</title>
    <calendarNumbers />
    <actions>
      <actionTypeCounts>
        <billReferrals>1</billReferrals>
        <introducedInTheHouse>1</introducedInTheHouse>
        <introducedInHouse>1</introducedInHouse>
      </actionTypeCounts>
      <item>
        <actionDate>2013-07-09</actionDate>
        <sourceSystem>
          <code>2</code>
          <name>House floor actions</name>
        </sourceSystem>
        <text>Referred to the House Committee on Oversight and Government Reform.</text>
        <type>IntroReferral</type>
        <links />
        <actionCode>H11100</actionCode>
        <committee>
          <name>Oversight and Government Reform Committee</name>
          <systemCode>hsgo00</systemCode>
        </committee>
      </item>
      <item>
        <actionDate>2013-07-09</actionDate>
        <sourceSystem>
          <code>9</code>
          <name>Library of Congress</name>
        </sourceSystem>
        <text>Introduced in House</text>
        <type>IntroReferral</type>
        <links />
        <actionCode>Intro-H</actionCode>
        <committee />
      </item>
      <item>
        <actionDate>2013-07-09</actionDate>
        <sourceSystem>
          <code>9</code>
          <name>Library of Congress</name>
        </sourceSystem>
        <text>Introduced in House</text>
        <type>IntroReferral</type>
        <links />
        <actionCode>1000</actionCode>
        <committee />
      </item>
      <actionByCounts>
        <houseOfRepresentatives>3</houseOfRepresentatives>
      </actionByCounts>
    </actions>
    <amendments />
    <cboCostEstimates />
    <introducedDate>2013-07-09</introducedDate>
    <latestAction>
      <text>Referred to the House Committee on Oversight and Government Reform.</text>
      <actionDate>2013-07-09</actionDate>
      <links />
    </latestAction>
    <subjects>
      <billSubjects>
        <legislativeSubjects>
          <item>
            <name>Athletes</name>
          </item>
          <item>
            <name>Congressional tributes</name>
          </item>
          <item>
            <name>Florida</name>
          </item>
          <item>
            <name>Professional sports</name>
          </item>
        </legislativeSubjects>
        <policyArea>
          <name>Sports and Recreation</name>
        </policyArea>
      </billSubjects>
    </subjects>
    <cosponsors>
      <item>
        <state>FL</state>
        <fullName>Rep. Ros-Lehtinen, Ileana [R-FL-27]</fullName>
        <sponsorshipDate>2013-07-09</sponsorshipDate>
        <identifiers>
          <lisID>985</lisID>
          <gpoId>7890</gpoId>
          <bioguideId>R000435</bioguideId>
        </identifiers>
        <sponsorshipWithdrawnDate />
        <middleName />
        <lastName>ROS-LEHTINEN</lastName>
        <isOriginalCosponsor>True</isOriginalCosponsor>
        <firstName>ILEANA</firstName>
        <district>27</district>
        <party>R</party>
        <bioguideId>R000435</bioguideId>
      </item>
      <item>
        <state>FL</state>
        <fullName>Rep. Hastings, Alcee L. [D-FL-20]</fullName>
        <sponsorshipDate>2013-07-09</sponsorshipDate>
        <identifiers>
          <lisID>511</lisID>
          <bioguideId>H000324</bioguideId>
          <gpoId>7895</gpoId>
        </identifiers>
        <sponsorshipWithdrawnDate />
        <middleName>L.</middleName>
        <lastName>HASTINGS</lastName>
        <isOriginalCosponsor>True</isOriginalCosponsor>
        <firstName>ALCEE</firstName>
        <district>20</district>
        <party>D</party>
        <bioguideId>H000324</bioguideId>
      </item>
      <item>
        <state>FL</state>
        <fullName>Rep. Diaz-Balart, Mario [R-FL-25]</fullName>
        <sponsorshipDate>2013-07-09</sponsorshipDate>
        <identifiers>
          <bioguideId>D000600</bioguideId>
          <lisID>1717</lisID>
          <gpoId>7893</gpoId>
        </identifiers>
        <sponsorshipWithdrawnDate />
        <middleName />
        <lastName>Diaz-Balart</lastName>
        <isOriginalCosponsor>True</isOriginalCosponsor>
        <firstName>Mario</firstName>
        <district>25</district>
        <party>R</party>
        <bioguideId>D000600</bioguideId>
      </item>
      <item>
        <state>FL</state>
        <fullName>Rep. Wasserman Schultz, Debbie [D-FL-23]</fullName>
        <sponsorshipDate>2013-07-09</sponsorshipDate>
        <identifiers>
          <gpoId>7892</gpoId>
          <lisID>1777</lisID>
          <bioguideId>W000797</bioguideId>
        </identifiers>
        <sponsorshipWithdrawnDate />
        <middleName />
        <lastName>Wasserman Schultz</lastName>
        <isOriginalCosponsor>True</isOriginalCosponsor>
        <firstName>Debbie</firstName>
        <district>23</district>
        <party>D</party>
        <bioguideId>W000797</bioguideId>
      </item>
      <item>
        <state>FL</state>
        <fullName>Rep. Garcia, Joe [D-FL-26]</fullName>
        <sponsorshipDate>2013-07-09</sponsorshipDate>
        <identifiers>
          <lisID>2120</lisID>
          <gpoId />
          <bioguideId>G000573</bioguideId>
        </identifiers>
        <sponsorshipWithdrawnDate />
        <middleName />
        <lastName>Garcia</lastName>
        <isOriginalCosponsor>True</isOriginalCosponsor>
        <firstName>Joe</firstName>
        <district>26</district>
        <party>D</party>
        <bioguideId>G000573</bioguideId>
      </item>
      <item>
        <state>FL</state>
        <fullName>Rep. Frankel, Lois [D-FL-22]</fullName>
        <sponsorshipDate>2013-07-09</sponsorshipDate>
        <identifiers>
          <gpoId />
          <lisID>2119</lisID>
          <bioguideId>F000462</bioguideId>
        </identifiers>
        <sponsorshipWithdrawnDate />
        <middleName />
        <lastName>Frankel</lastName>
        <isOriginalCosponsor>True</isOriginalCosponsor>
        <firstName>Lois</firstName>
        <district>22</district>
        <party>D</party>
        <bioguideId>F000462</bioguideId>
      </item>
      <item>
        <state>FL</state>
        <fullName>Rep. Deutch, Theodore E. [D-FL-21]</fullName>
        <sponsorshipDate>2013-07-09</sponsorshipDate>
        <identifiers>
          <lisID>1976</lisID>
          <gpoId>7891</gpoId>
          <bioguideId>D000610</bioguideId>
        </identifiers>
        <sponsorshipWithdrawnDate />
        <middleName>E.</middleName>
        <lastName>Deutch</lastName>
        <isOriginalCosponsor>True</isOriginalCosponsor>
        <firstName>Theodore</firstName>
        <district>21</district>
        <party>D</party>
        <bioguideId>D000610</bioguideId>
      </item>
    </cosponsors>
    <notes />
    <billType>HRES</billType>
  </bill>
  <dublinCore xmlns:dc="http://purl.org/dc/elements/1.1/">
    <dc:format>text/xml</dc:format>
    <dc:language>EN</dc:language>
    <dc:rights>Pursuant to Title 17 Section 105 of the United States Code, this file is not subject to copyright protection and is in the public domain.</dc:rights>
    <dc:contributor>Congressional Research Service, Library of Congress</dc:contributor>
    <dc:description>This file contains bill summaries and statuses for federal legislation. A bill summary describes the most significant provisions of a piece of legislation and details the effects the legislative text may have on current law and federal programs. Bill summaries are authored by the Congressional Research Service (CRS) of the Library of Congress. As stated in Public Law 91-510 (2 USC 166 (d)(6)), one of the duties of CRS is "to prepare summaries and digests of bills and resolutions of a public general nature introduced in the Senate or House of Representatives". For more information, refer to the User Guide that accompanies this file.</dc:description>
  </dublinCore>
</billStatus>

