<?xml version="1.0" encoding="UTF-8"?>
<billStatus>
  <bill>
    <billType>HRES</billType>
    <policyArea>
      <name>Health</name>
    </policyArea>
    <recordedVotes />
    <summaries>
      <billSummaries>
        <item>
          <updateDate>2014-04-03T04:00:00Z</updateDate>
          <versionCode>00</versionCode>
          <lastSummaryUpdateDate>2014-04-23T20:08:03Z</lastSummaryUpdateDate>
          <name>Introduced in House</name>
          <actionDate>2014-04-03</actionDate>
          <actionDesc>Introduced in House</actionDesc>
          <text><![CDATA[<p> Expresses support for the goals and ideals of National Nurses Week. Recognizes the contributions of nurses to the U.S. health care system.</p>]]></text>
        </item>
      </billSummaries>
    </summaries>
    <actions>
      <actionTypeCounts>
        <introducedInHouse>1</introducedInHouse>
        <placeholderTextForH>1</placeholderTextForH>
        <billReferrals>1</billReferrals>
        <introducedInTheHouse>1</introducedInTheHouse>
      </actionTypeCounts>
      <actionByCounts>
        <houseOfRepresentatives>4</houseOfRepresentatives>
      </actionByCounts>
      <item>
        <actionDate>2014-04-04</actionDate>
        <committee>
          <systemCode>hsif14</systemCode>
          <name>Health Subcommittee</name>
        </committee>
        <links />
        <sourceSystem>
          <name>House committee actions</name>
          <code>1</code>
        </sourceSystem>
        <text>Referred to the Subcommittee on Health.</text>
        <type>Committee</type>
      </item>
      <item>
        <actionCode>H11100</actionCode>
        <actionDate>2014-04-03</actionDate>
        <text>Referred to the House Committee on Energy and Commerce.</text>
        <committee>
          <systemCode>hsif00</systemCode>
          <name>Energy and Commerce Committee</name>
        </committee>
        <type>IntroReferral</type>
        <links />
        <sourceSystem>
          <name>House floor actions</name>
          <code>2</code>
        </sourceSystem>
      </item>
      <item>
        <actionCode>Intro-H</actionCode>
        <actionDate>2014-04-03</actionDate>
        <text>Introduced in House</text>
        <committee />
        <type>IntroReferral</type>
        <links />
        <sourceSystem>
          <name>Library of Congress</name>
          <code>9</code>
        </sourceSystem>
      </item>
      <item>
        <actionCode>1000</actionCode>
        <actionDate>2014-04-03</actionDate>
        <text>Introduced in House</text>
        <committee />
        <type>IntroReferral</type>
        <links />
        <sourceSystem>
          <name>Library of Congress</name>
          <code>9</code>
        </sourceSystem>
      </item>
    </actions>
    <updateDate>2016-10-25T15:55:34Z</updateDate>
    <amendments />
    <introducedDate>2014-04-03</introducedDate>
    <originChamber>House</originChamber>
    <billNumber>540</billNumber>
    <relatedBills>
      <item>
        <latestAction>
          <actionDate>2013-05-10</actionDate>
          <text>Referred to the Subcommittee on Health.</text>
        </latestAction>
        <number>201</number>
        <congress>113</congress>
        <type>HRES</type>
        <latestTitle>Supporting the goals and ideals of National Nurses Week on May 6, 2013, through May 12, 2013.</latestTitle>
        <relationshipDetails>
          <item>
            <identifiedBy>CRS</identifiedBy>
            <type>Identical bill</type>
          </item>
        </relationshipDetails>
      </item>
    </relatedBills>
    <calendarNumbers />
    <cosponsors>
      <item>
        <identifiers>
          <lisID>2154</lisID>
          <gpoId />
          <bioguideId>J000295</bioguideId>
        </identifiers>
        <isOriginalCosponsor>True</isOriginalCosponsor>
        <firstName>David</firstName>
        <sponsorshipWithdrawnDate />
        <sponsorshipDate>2014-04-03</sponsorshipDate>
        <party>R</party>
        <district>14</district>
        <fullName>Rep. Joyce, David P. [R-OH-14]</fullName>
        <state>OH</state>
        <bioguideId>J000295</bioguideId>
        <lastName>Joyce</lastName>
        <middleName>P.</middleName>
      </item>
      <item>
        <identifiers>
          <bioguideId>S001170</bioguideId>
          <lisID>1861</lisID>
          <gpoId>7528</gpoId>
        </identifiers>
        <isOriginalCosponsor>True</isOriginalCosponsor>
        <firstName>Carol</firstName>
        <sponsorshipWithdrawnDate />
        <sponsorshipDate>2014-04-03</sponsorshipDate>
        <party>D</party>
        <district>1</district>
        <fullName>Rep. Shea-Porter, Carol [D-NH-1]</fullName>
        <state>NH</state>
        <bioguideId>S001170</bioguideId>
        <lastName>Shea-Porter</lastName>
        <middleName />
      </item>
      <item>
        <identifiers>
          <bioguideId>C001077</bioguideId>
          <lisID>1912</lisID>
          <gpoId>7864</gpoId>
        </identifiers>
        <isOriginalCosponsor>True</isOriginalCosponsor>
        <firstName>Mike</firstName>
        <sponsorshipWithdrawnDate />
        <sponsorshipDate>2014-04-03</sponsorshipDate>
        <party>R</party>
        <district>6</district>
        <fullName>Rep. Coffman, Mike [R-CO-6]</fullName>
        <state>CO</state>
        <bioguideId>C001077</bioguideId>
        <lastName>Coffman</lastName>
        <middleName />
      </item>
      <item>
        <identifiers>
          <lisID>2072</lisID>
          <gpoId>8220</gpoId>
          <bioguideId>D000614</bioguideId>
        </identifiers>
        <isOriginalCosponsor>False</isOriginalCosponsor>
        <firstName>Sean</firstName>
        <sponsorshipWithdrawnDate />
        <sponsorshipDate>2014-04-08</sponsorshipDate>
        <party>R</party>
        <district>7</district>
        <fullName>Rep. Duffy, Sean P. [R-WI-7]</fullName>
        <state>WI</state>
        <bioguideId>D000614</bioguideId>
        <lastName>Duffy</lastName>
        <middleName>P.</middleName>
      </item>
      <item>
        <identifiers>
          <lisID>1996</lisID>
          <gpoId>7838</gpoId>
          <bioguideId>B001270</bioguideId>
        </identifiers>
        <isOriginalCosponsor>False</isOriginalCosponsor>
        <firstName>Karen</firstName>
        <sponsorshipWithdrawnDate />
        <sponsorshipDate>2014-04-08</sponsorshipDate>
        <party>D</party>
        <district>37</district>
        <fullName>Rep. Bass, Karen [D-CA-37]</fullName>
        <state>CA</state>
        <bioguideId>B001270</bioguideId>
        <lastName>Bass</lastName>
        <middleName />
      </item>
      <item>
        <identifiers>
          <lisID>1003</lisID>
          <gpoId>7921</gpoId>
          <bioguideId>R000515</bioguideId>
        </identifiers>
        <isOriginalCosponsor>False</isOriginalCosponsor>
        <firstName>BOBBY</firstName>
        <sponsorshipWithdrawnDate />
        <sponsorshipDate>2014-04-08</sponsorshipDate>
        <party>D</party>
        <district>1</district>
        <fullName>Rep. Rush, Bobby L. [D-IL-1]</fullName>
        <state>IL</state>
        <bioguideId>R000515</bioguideId>
        <lastName>RUSH</lastName>
        <middleName>L.</middleName>
      </item>
      <item>
        <identifiers>
          <gpoId>8217</gpoId>
          <lisID>1811</lisID>
          <bioguideId>M001160</bioguideId>
        </identifiers>
        <isOriginalCosponsor>False</isOriginalCosponsor>
        <firstName>Gwen</firstName>
        <sponsorshipWithdrawnDate />
        <sponsorshipDate>2014-04-08</sponsorshipDate>
        <party>D</party>
        <district>4</district>
        <fullName>Rep. Moore, Gwen [D-WI-4]</fullName>
        <state>WI</state>
        <bioguideId>M001160</bioguideId>
        <lastName>Moore</lastName>
        <middleName />
      </item>
      <item>
        <identifiers>
          <lisID>1857</lisID>
          <gpoId>8005</gpoId>
          <bioguideId>E000288</bioguideId>
        </identifiers>
        <isOriginalCosponsor>False</isOriginalCosponsor>
        <firstName>Keith</firstName>
        <sponsorshipWithdrawnDate />
        <sponsorshipDate>2014-04-08</sponsorshipDate>
        <party>D</party>
        <district>5</district>
        <fullName>Rep. Ellison, Keith [D-MN-5]</fullName>
        <state>MN</state>
        <bioguideId>E000288</bioguideId>
        <lastName>Ellison</lastName>
        <middleName />
      </item>
      <item>
        <identifiers>
          <lisID>2044</lisID>
          <gpoId>8085</gpoId>
          <bioguideId>H001051</bioguideId>
        </identifiers>
        <isOriginalCosponsor>False</isOriginalCosponsor>
        <firstName>Richard</firstName>
        <sponsorshipWithdrawnDate />
        <sponsorshipDate>2014-04-08</sponsorshipDate>
        <party>R</party>
        <district>22</district>
        <fullName>Rep. Hanna, Richard L. [R-NY-22]</fullName>
        <state>NY</state>
        <bioguideId>H001051</bioguideId>
        <lastName>Hanna</lastName>
        <middleName>L.</middleName>
      </item>
      <item>
        <identifiers>
          <bioguideId>R000486</bioguideId>
          <lisID>997</lisID>
          <gpoId>7839</gpoId>
        </identifiers>
        <isOriginalCosponsor>False</isOriginalCosponsor>
        <firstName>LUCILLE</firstName>
        <sponsorshipWithdrawnDate />
        <sponsorshipDate>2014-04-08</sponsorshipDate>
        <party>D</party>
        <district>40</district>
        <fullName>Rep. Roybal-Allard, Lucille [D-CA-40]</fullName>
        <state>CA</state>
        <bioguideId>R000486</bioguideId>
        <lastName>ROYBAL-ALLARD</lastName>
        <middleName />
      </item>
      <item>
        <identifiers>
          <bioguideId>C001078</bioguideId>
          <gpoId>8202</gpoId>
          <lisID>1959</lisID>
        </identifiers>
        <isOriginalCosponsor>False</isOriginalCosponsor>
        <firstName>Gerald</firstName>
        <sponsorshipWithdrawnDate />
        <sponsorshipDate>2014-04-08</sponsorshipDate>
        <party>D</party>
        <district>11</district>
        <fullName>Rep. Connolly, Gerald E. [D-VA-11]</fullName>
        <state>VA</state>
        <bioguideId>C001078</bioguideId>
        <lastName>Connolly</lastName>
        <middleName>E.</middleName>
      </item>
      <item>
        <identifiers>
          <bioguideId>L000551</bioguideId>
          <lisID>1501</lisID>
          <gpoId>7814</gpoId>
        </identifiers>
        <isOriginalCosponsor>False</isOriginalCosponsor>
        <firstName>BARBARA</firstName>
        <sponsorshipWithdrawnDate />
        <sponsorshipDate>2014-04-08</sponsorshipDate>
        <party>D</party>
        <district>13</district>
        <fullName>Rep. Lee, Barbara [D-CA-13]</fullName>
        <state>CA</state>
        <bioguideId>L000551</bioguideId>
        <lastName>LEE</lastName>
        <middleName />
      </item>
      <item>
        <identifiers>
          <lisID>2126</lisID>
          <gpoId />
          <bioguideId>D000619</bioguideId>
        </identifiers>
        <isOriginalCosponsor>False</isOriginalCosponsor>
        <firstName>Rodney</firstName>
        <sponsorshipWithdrawnDate />
        <sponsorshipDate>2014-04-28</sponsorshipDate>
        <party>R</party>
        <district>13</district>
        <fullName>Rep. Davis, Rodney [R-IL-13]</fullName>
        <state>IL</state>
        <bioguideId>D000619</bioguideId>
        <lastName>Davis</lastName>
        <middleName />
      </item>
      <item>
        <identifiers>
          <bioguideId>G000546</bioguideId>
          <lisID>1656</lisID>
          <gpoId>8014</gpoId>
        </identifiers>
        <isOriginalCosponsor>False</isOriginalCosponsor>
        <firstName>SAM</firstName>
        <sponsorshipWithdrawnDate />
        <sponsorshipDate>2014-04-28</sponsorshipDate>
        <party>R</party>
        <district>6</district>
        <fullName>Rep. Graves, Sam [R-MO-6]</fullName>
        <state>MO</state>
        <bioguideId>G000546</bioguideId>
        <lastName>GRAVES</lastName>
        <middleName />
      </item>
      <item>
        <identifiers>
          <bioguideId>M000309</bioguideId>
          <gpoId>8065</gpoId>
          <lisID>1503</lisID>
        </identifiers>
        <isOriginalCosponsor>False</isOriginalCosponsor>
        <firstName>CAROLYN</firstName>
        <sponsorshipWithdrawnDate />
        <sponsorshipDate>2014-04-28</sponsorshipDate>
        <party>D</party>
        <district>4</district>
        <fullName>Rep. McCarthy, Carolyn [D-NY-4]</fullName>
        <state>NY</state>
        <bioguideId>M000309</bioguideId>
        <lastName>MCCARTHY</lastName>
        <middleName />
      </item>
      <item>
        <identifiers>
          <gpoId>8174</gpoId>
          <lisID>588</lisID>
          <bioguideId>J000032</bioguideId>
        </identifiers>
        <isOriginalCosponsor>False</isOriginalCosponsor>
        <firstName>SHEILA</firstName>
        <sponsorshipWithdrawnDate />
        <sponsorshipDate>2014-04-28</sponsorshipDate>
        <party>D</party>
        <district>18</district>
        <fullName>Rep. Jackson Lee, Sheila [D-TX-18]</fullName>
        <state>TX</state>
        <bioguideId>J000032</bioguideId>
        <lastName>JACKSON LEE</lastName>
        <middleName />
      </item>
      <item>
        <identifiers>
          <lisID>1798</lisID>
          <gpoId>8131</gpoId>
          <bioguideId>S001162</bioguideId>
        </identifiers>
        <isOriginalCosponsor>False</isOriginalCosponsor>
        <firstName>Allyson</firstName>
        <sponsorshipWithdrawnDate />
        <sponsorshipDate>2014-04-28</sponsorshipDate>
        <party>D</party>
        <district>13</district>
        <fullName>Rep. Schwartz, Allyson Y. [D-PA-13]</fullName>
        <state>PA</state>
        <bioguideId>S001162</bioguideId>
        <lastName>Schwartz</lastName>
        <middleName>Y.</middleName>
      </item>
      <item>
        <identifiers>
          <gpoId />
          <lisID>2110</lisID>
          <bioguideId>T000472</bioguideId>
        </identifiers>
        <isOriginalCosponsor>False</isOriginalCosponsor>
        <firstName>Mark</firstName>
        <sponsorshipWithdrawnDate />
        <sponsorshipDate>2014-04-29</sponsorshipDate>
        <party>D</party>
        <district>41</district>
        <fullName>Rep. Takano, Mark [D-CA-41]</fullName>
        <state>CA</state>
        <bioguideId>T000472</bioguideId>
        <lastName>Takano</lastName>
        <middleName />
      </item>
      <item>
        <identifiers>
          <bioguideId>V000131</bioguideId>
          <lisID>2166</lisID>
          <gpoId />
        </identifiers>
        <isOriginalCosponsor>False</isOriginalCosponsor>
        <firstName>Marc</firstName>
        <sponsorshipWithdrawnDate />
        <sponsorshipDate>2014-05-01</sponsorshipDate>
        <party>D</party>
        <district>33</district>
        <fullName>Rep. Veasey, Marc A. [D-TX-33]</fullName>
        <state>TX</state>
        <bioguideId>V000131</bioguideId>
        <lastName>Veasey</lastName>
        <middleName>A.</middleName>
      </item>
      <item>
        <identifiers>
          <bioguideId>B001245</bioguideId>
          <lisID>1723</lisID>
          <gpoId>7911</gpoId>
        </identifiers>
        <isOriginalCosponsor>False</isOriginalCosponsor>
        <firstName>Madeleine</firstName>
        <sponsorshipWithdrawnDate />
        <sponsorshipDate>2014-05-01</sponsorshipDate>
        <party>D</party>
        <district>0</district>
        <fullName>Rep. Bordallo, Madeleine Z. [D-GU-At Large]</fullName>
        <state>GU</state>
        <bioguideId>B001245</bioguideId>
        <lastName>Bordallo</lastName>
        <middleName>Z.</middleName>
      </item>
      <item>
        <identifiers>
          <gpoId>8116</gpoId>
          <lisID>99</lisID>
          <bioguideId>B000574</bioguideId>
        </identifiers>
        <isOriginalCosponsor>False</isOriginalCosponsor>
        <firstName>EARL</firstName>
        <sponsorshipWithdrawnDate />
        <sponsorshipDate>2014-05-01</sponsorshipDate>
        <party>D</party>
        <district>3</district>
        <fullName>Rep. Blumenauer, Earl [D-OR-3]</fullName>
        <state>OR</state>
        <bioguideId>B000574</bioguideId>
        <lastName>BLUMENAUER</lastName>
        <middleName />
      </item>
      <item>
        <identifiers>
          <gpoId>7997</gpoId>
          <lisID>683</lisID>
          <bioguideId>L000263</bioguideId>
        </identifiers>
        <isOriginalCosponsor>False</isOriginalCosponsor>
        <firstName>SANDER</firstName>
        <sponsorshipWithdrawnDate />
        <sponsorshipDate>2014-05-06</sponsorshipDate>
        <party>D</party>
        <district>9</district>
        <fullName>Rep. Levin, Sander M. [D-MI-9]</fullName>
        <state>MI</state>
        <bioguideId>L000263</bioguideId>
        <lastName>LEVIN</lastName>
        <middleName>M.</middleName>
      </item>
      <item>
        <identifiers>
          <gpoId>8004</gpoId>
          <lisID>1653</lisID>
          <bioguideId>M001143</bioguideId>
        </identifiers>
        <isOriginalCosponsor>False</isOriginalCosponsor>
        <firstName>BETTY</firstName>
        <sponsorshipWithdrawnDate />
        <sponsorshipDate>2014-05-06</sponsorshipDate>
        <party>D</party>
        <district>4</district>
        <fullName>Rep. McCollum, Betty [D-MN-4]</fullName>
        <state>MN</state>
        <bioguideId>M001143</bioguideId>
        <lastName>MCCOLLUM</lastName>
        <middleName />
      </item>
      <item>
        <identifiers>
          <bioguideId>V000130</bioguideId>
          <lisID>2112</lisID>
          <gpoId />
        </identifiers>
        <isOriginalCosponsor>False</isOriginalCosponsor>
        <firstName>Juan</firstName>
        <sponsorshipWithdrawnDate />
        <sponsorshipDate>2014-05-06</sponsorshipDate>
        <party>D</party>
        <district>51</district>
        <fullName>Rep. Vargas, Juan [D-CA-51]</fullName>
        <state>CA</state>
        <bioguideId>V000130</bioguideId>
        <lastName>Vargas</lastName>
        <middleName />
      </item>
      <item>
        <identifiers>
          <lisID>1962</lisID>
          <bioguideId>S001177</bioguideId>
          <gpoId>8018</gpoId>
        </identifiers>
        <isOriginalCosponsor>False</isOriginalCosponsor>
        <firstName>Gregorio</firstName>
        <sponsorshipWithdrawnDate />
        <sponsorshipDate>2014-05-06</sponsorshipDate>
        <party>D</party>
        <district>0</district>
        <fullName>Rep. Sablan, Gregorio Kilili Camacho [D-MP-At Large]</fullName>
        <state>MP</state>
        <bioguideId>S001177</bioguideId>
        <lastName>Sablan</lastName>
        <middleName>Kilili Camacho</middleName>
      </item>
      <item>
        <identifiers>
          <bioguideId>K000210</bioguideId>
          <lisID>635</lisID>
          <gpoId>8064</gpoId>
        </identifiers>
        <isOriginalCosponsor>False</isOriginalCosponsor>
        <firstName>PETER</firstName>
        <sponsorshipWithdrawnDate />
        <sponsorshipDate>2014-05-07</sponsorshipDate>
        <party>R</party>
        <district>2</district>
        <fullName>Rep. King, Peter T. [R-NY-2]</fullName>
        <state>NY</state>
        <bioguideId>K000210</bioguideId>
        <lastName>KING</lastName>
        <middleName>T.</middleName>
      </item>
      <item>
        <identifiers>
          <lisID>1757</lisID>
          <gpoId>7844</gpoId>
          <bioguideId>S001156</bioguideId>
        </identifiers>
        <isOriginalCosponsor>False</isOriginalCosponsor>
        <firstName>LINDA</firstName>
        <sponsorshipWithdrawnDate />
        <sponsorshipDate>2014-05-08</sponsorshipDate>
        <party>D</party>
        <district>38</district>
        <fullName>Rep. Sanchez, Linda T. [D-CA-38]</fullName>
        <state>CA</state>
        <bioguideId>S001156</bioguideId>
        <lastName>SANCHEZ</lastName>
        <middleName>T.</middleName>
      </item>
    </cosponsors>
    <congress>113</congress>
    <committees>
      <billCommittees>
        <item>
          <subcommittees>
            <item>
              <systemCode>hsif14</systemCode>
              <name>Health Subcommittee</name>
              <activities>
                <item>
                  <name>Referred to</name>
                  <date>2014-04-04T18:41:47Z</date>
                </item>
              </activities>
            </item>
          </subcommittees>
          <systemCode>hsif00</systemCode>
          <activities>
            <item>
              <name>Referred to</name>
              <date>2014-04-03T14:02:10Z</date>
            </item>
          </activities>
          <chamber>House</chamber>
          <name>Energy and Commerce Committee</name>
          <type>Standing</type>
        </item>
      </billCommittees>
    </committees>
    <sponsors>
      <item>
        <fullName>Rep. Johnson, Eddie Bernice [D-TX-30]</fullName>
        <lastName>JOHNSON</lastName>
        <byRequestType />
        <party>D</party>
        <state>TX</state>
        <middleName>BERNICE</middleName>
        <firstName>EDDIE</firstName>
        <bioguideId>J000126</bioguideId>
        <district>30</district>
        <identifiers>
          <bioguideId>J000126</bioguideId>
          <gpoId>8186</gpoId>
          <lisID>599</lisID>
        </identifiers>
      </item>
    </sponsors>
    <latestAction>
      <text>Referred to the Subcommittee on Health.</text>
      <actionDate>2014-04-04</actionDate>
      <links />
    </latestAction>
    <subjects>
      <billSubjects>
        <policyArea>
          <name>Health</name>
        </policyArea>
        <legislativeSubjects>
          <item>
            <name>Commemorative events and holidays</name>
          </item>
          <item>
            <name>Congressional tributes</name>
          </item>
          <item>
            <name>Health personnel</name>
          </item>
          <item>
            <name>Nursing</name>
          </item>
        </legislativeSubjects>
      </billSubjects>
    </subjects>
    <constitutionalAuthorityStatementText />
    <createDate>2014-04-04T07:12:51Z</createDate>
    <title>Supporting the goals and ideals of National Nurses Week on May 6, 2014, through May 12, 2014.</title>
    <laws />
    <titles>
      <item>
        <title>Supporting the goals and ideals of National Nurses Week on May 6, 2014, through May 12, 2014.</title>
        <titleType>Official Title as Introduced</titleType>
        <chamberCode />
        <chamberName />
        <parentTitleType />
      </item>
      <item>
        <title>Supporting the goals and ideals of National Nurses Week on May 6, 2014, through May 12, 2014.</title>
        <titleType>Display Title</titleType>
        <chamberCode />
        <chamberName />
        <parentTitleType />
      </item>
    </titles>
    <committeeReports />
    <notes />
    <cboCostEstimates />
  </bill>
  <dublinCore xmlns:dc="http://purl.org/dc/elements/1.1/">
    <dc:format>text/xml</dc:format>
    <dc:language>EN</dc:language>
    <dc:rights>Pursuant to Title 17 Section 105 of the United States Code, this file is not subject to copyright protection and is in the public domain.</dc:rights>
    <dc:contributor>Congressional Research Service, Library of Congress</dc:contributor>
    <dc:description>This file contains bill summaries and statuses for federal legislation. A bill summary describes the most significant provisions of a piece of legislation and details the effects the legislative text may have on current law and federal programs. Bill summaries are authored by the Congressional Research Service (CRS) of the Library of Congress. As stated in Public Law 91-510 (2 USC 166 (d)(6)), one of the duties of CRS is "to prepare summaries and digests of bills and resolutions of a public general nature introduced in the Senate or House of Representatives". For more information, refer to the User Guide that accompanies this file.</dc:description>
  </dublinCore>
</billStatus>

