<?xml version="1.0" encoding="UTF-8"?>
<billStatus>
  <bill>
    <committees>
      <billCommittees>
        <item>
          <subcommittees />
          <activities>
            <item>
              <date>2014-04-02T14:02:10Z</date>
              <name>Referred to</name>
            </item>
          </activities>
          <type>Standing</type>
          <systemCode>hsgo00</systemCode>
          <chamber>House</chamber>
          <name>Oversight and Government Reform Committee</name>
        </item>
      </billCommittees>
    </committees>
    <congress>113</congress>
    <billNumber>535</billNumber>
    <updateDate>2016-10-25T15:55:33Z</updateDate>
    <subjects>
      <billSubjects>
        <policyArea>
          <name>Finance and Financial Sector</name>
        </policyArea>
        <legislativeSubjects>
          <item>
            <name>Commemorative events and holidays</name>
          </item>
          <item>
            <name>Financial literacy</name>
          </item>
        </legislativeSubjects>
      </billSubjects>
    </subjects>
    <policyArea>
      <name>Finance and Financial Sector</name>
    </policyArea>
    <summaries>
      <billSummaries>
        <item>
          <text><![CDATA[<p>Supports the goals and ideals of Financial Literacy Month to raise public awareness about the importance of personal financial education in the United States and the serious consequences that may result from a lack of understanding about personal finances. <BR> <BR> </p> <UL> <UL> </UL> </UL>]]></text>
          <versionCode>00</versionCode>
          <actionDesc>Introduced in House</actionDesc>
          <lastSummaryUpdateDate>2014-05-19T18:33:26Z</lastSummaryUpdateDate>
          <updateDate>2014-04-02T04:00:00Z</updateDate>
          <actionDate>2014-04-02</actionDate>
          <name>Introduced in House</name>
        </item>
      </billSummaries>
    </summaries>
    <title>Supporting the goals and ideals of "Financial Literacy Month".</title>
    <laws />
    <cosponsors>
      <item>
        <isOriginalCosponsor>True</isOriginalCosponsor>
        <fullName>Rep. Stivers, Steve [R-OH-15]</fullName>
        <firstName>Steve</firstName>
        <identifiers>
          <lisID>2047</lisID>
          <gpoId>8105</gpoId>
          <bioguideId>S001187</bioguideId>
        </identifiers>
        <state>OH</state>
        <middleName />
        <lastName>Stivers</lastName>
        <bioguideId>S001187</bioguideId>
        <sponsorshipDate>2014-04-02</sponsorshipDate>
        <district>15</district>
        <sponsorshipWithdrawnDate />
        <party>R</party>
      </item>
    </cosponsors>
    <billType>HRES</billType>
    <cboCostEstimates />
    <recordedVotes />
    <relatedBills>
      <item>
        <latestTitle>A resolution designating April 2014 as "Financial Literacy Month".</latestTitle>
        <latestAction>
          <text>Submitted in the Senate, considered, and agreed to without amendment and with a preamble by Unanimous Consent. (consideration: CR S2408; text as passed Senate: CR S2406-2407)</text>
          <actionDate>2014-04-11</actionDate>
        </latestAction>
        <number>423</number>
        <type>SRES</type>
        <relationshipDetails>
          <item>
            <type>Related bill</type>
            <identifiedBy>CRS</identifiedBy>
          </item>
        </relationshipDetails>
        <congress>113</congress>
      </item>
      <item>
        <latestTitle>Supporting the goals and ideals of "Financial Literacy Month".</latestTitle>
        <latestAction>
          <text>Referred to the House Committee on Oversight and Government Reform.</text>
          <actionDate>2013-04-23</actionDate>
        </latestAction>
        <number>172</number>
        <type>HRES</type>
        <relationshipDetails>
          <item>
            <type>Identical bill</type>
            <identifiedBy>CRS</identifiedBy>
          </item>
          <item>
            <type>Related bill</type>
            <identifiedBy>CRS</identifiedBy>
          </item>
        </relationshipDetails>
        <congress>113</congress>
      </item>
      <item>
        <latestTitle>A resolution designating April 2013 as "Financial Literacy Month".</latestTitle>
        <latestAction>
          <text>Submitted in the Senate, considered, and agreed to without amendment and with a preamble by Unanimous Consent. (consideration: CR S2904; text as passed Senate: CR S2901-2902)</text>
          <actionDate>2013-04-23</actionDate>
        </latestAction>
        <number>105</number>
        <type>SRES</type>
        <relationshipDetails>
          <item>
            <type>Related bill</type>
            <identifiedBy>CRS</identifiedBy>
          </item>
        </relationshipDetails>
        <congress>113</congress>
      </item>
    </relatedBills>
    <actions>
      <item>
        <text>Referred to the House Committee on Oversight and Government Reform.</text>
        <committee>
          <systemCode>hsgo00</systemCode>
          <name>Oversight and Government Reform Committee</name>
        </committee>
        <actionCode>H11100</actionCode>
        <sourceSystem>
          <code>2</code>
          <name>House floor actions</name>
        </sourceSystem>
        <type>IntroReferral</type>
        <actionDate>2014-04-02</actionDate>
        <links />
      </item>
      <item>
        <text>Introduced in House</text>
        <committee />
        <actionCode>Intro-H</actionCode>
        <sourceSystem>
          <code>9</code>
          <name>Library of Congress</name>
        </sourceSystem>
        <type>IntroReferral</type>
        <actionDate>2014-04-02</actionDate>
        <links />
      </item>
      <item>
        <text>Introduced in House</text>
        <committee />
        <actionCode>1000</actionCode>
        <sourceSystem>
          <code>9</code>
          <name>Library of Congress</name>
        </sourceSystem>
        <type>IntroReferral</type>
        <actionDate>2014-04-02</actionDate>
        <links />
      </item>
      <actionByCounts>
        <houseOfRepresentatives>3</houseOfRepresentatives>
      </actionByCounts>
      <actionTypeCounts>
        <introducedInHouse>1</introducedInHouse>
        <introducedInTheHouse>1</introducedInTheHouse>
        <billReferrals>1</billReferrals>
      </actionTypeCounts>
    </actions>
    <notes />
    <latestAction>
      <actionDate>2014-04-02</actionDate>
      <links />
      <text>Referred to the House Committee on Oversight and Government Reform.</text>
    </latestAction>
    <introducedDate>2014-04-02</introducedDate>
    <sponsors>
      <item>
        <fullName>Rep. Hinojosa, Ruben [D-TX-15]</fullName>
        <firstName>RUBEN</firstName>
        <byRequestType />
        <identifiers>
          <lisID>1490</lisID>
          <gpoId>8171</gpoId>
          <bioguideId>H000636</bioguideId>
        </identifiers>
        <middleName />
        <bioguideId>H000636</bioguideId>
        <district>15</district>
        <party>D</party>
        <state>TX</state>
        <lastName>HINOJOSA</lastName>
      </item>
    </sponsors>
    <constitutionalAuthorityStatementText />
    <calendarNumbers />
    <committeeReports />
    <amendments />
    <createDate>2014-04-03T07:13:03Z</createDate>
    <originChamber>House</originChamber>
    <titles>
      <item>
        <chamberCode />
        <chamberName />
        <title>Supporting the goals and ideals of "Financial Literacy Month".</title>
        <parentTitleType />
        <titleType>Official Title as Introduced</titleType>
      </item>
      <item>
        <chamberCode />
        <chamberName />
        <title>Supporting the goals and ideals of "Financial Literacy Month".</title>
        <parentTitleType />
        <titleType>Display Title</titleType>
      </item>
    </titles>
  </bill>
  <dublinCore xmlns:dc="http://purl.org/dc/elements/1.1/">
    <dc:format>text/xml</dc:format>
    <dc:language>EN</dc:language>
    <dc:rights>Pursuant to Title 17 Section 105 of the United States Code, this file is not subject to copyright protection and is in the public domain.</dc:rights>
    <dc:contributor>Congressional Research Service, Library of Congress</dc:contributor>
    <dc:description>This file contains bill summaries and statuses for federal legislation. A bill summary describes the most significant provisions of a piece of legislation and details the effects the legislative text may have on current law and federal programs. Bill summaries are authored by the Congressional Research Service (CRS) of the Library of Congress. As stated in Public Law 91-510 (2 USC 166 (d)(6)), one of the duties of CRS is "to prepare summaries and digests of bills and resolutions of a public general nature introduced in the Senate or House of Representatives". For more information, refer to the User Guide that accompanies this file.</dc:description>
  </dublinCore>
</billStatus>

