<?xml version="1.0" encoding="UTF-8"?>
<billStatus>
  <bill>
    <committees>
      <billCommittees>
        <item>
          <subcommittees />
          <systemCode>hswm00</systemCode>
          <activities>
            <item>
              <name>Referred to</name>
              <date>2013-06-28T13:02:35Z</date>
            </item>
          </activities>
          <chamber>House</chamber>
          <name>Ways and Means Committee</name>
          <type>Standing</type>
        </item>
        <item>
          <subcommittees />
          <systemCode>hsii00</systemCode>
          <activities>
            <item>
              <name>Referred to</name>
              <date>2013-06-28T13:02:30Z</date>
            </item>
          </activities>
          <chamber>House</chamber>
          <name>Natural Resources Committee</name>
          <type>Standing</type>
        </item>
      </billCommittees>
    </committees>
    <congress>113</congress>
    <billNumber>285</billNumber>
    <updateDate>2016-10-25T15:54:56Z</updateDate>
    <subjects>
      <billSubjects>
        <legislativeSubjects>
          <item>
            <name>Endangered and threatened species</name>
          </item>
          <item>
            <name>Fishes</name>
          </item>
          <item>
            <name>Marine and coastal resources, fisheries</name>
          </item>
          <item>
            <name>Trade restrictions</name>
          </item>
        </legislativeSubjects>
        <policyArea>
          <name>Foreign Trade and International Finance</name>
        </policyArea>
      </billSubjects>
    </subjects>
    <policyArea>
      <name>Foreign Trade and International Finance</name>
    </policyArea>
    <summaries>
      <billSummaries>
        <item>
          <lastSummaryUpdateDate>2013-07-25T18:30:52Z</lastSummaryUpdateDate>
          <actionDate>2013-06-28</actionDate>
          <actionDesc>Introduced in House</actionDesc>
          <updateDate>2013-06-28T04:00:00Z</updateDate>
          <text><![CDATA[<p>Expresses the sense of the House of Representatives that the United States should ban and prevent the importation of shark fins from sharks caught through the practice of finning.</p> <p>Recognizes the threat shark finning poses to sharks and condemns the practice worldwide.</p>]]></text>
          <name>Introduced in House</name>
          <versionCode>00</versionCode>
        </item>
      </billSummaries>
    </summaries>
    <title>Expressing the sense of the House of Representatives that the United States should ban and prevent the import of shark fins from sharks caught through the practice of finning, and for other purposes.</title>
    <laws />
    <cosponsors>
      <item>
        <identifiers>
          <bioguideId>H001068</bioguideId>
          <gpoId />
          <lisID>2101</lisID>
        </identifiers>
        <isOriginalCosponsor>True</isOriginalCosponsor>
        <firstName>Jared</firstName>
        <sponsorshipWithdrawnDate />
        <sponsorshipDate>2013-06-28</sponsorshipDate>
        <party>D</party>
        <district>2</district>
        <fullName>Rep. Huffman, Jared [D-CA-2]</fullName>
        <state>CA</state>
        <bioguideId>H001068</bioguideId>
        <lastName>Huffman</lastName>
        <middleName />
      </item>
      <item>
        <identifiers>
          <bioguideId>F000030</bioguideId>
          <lisID>368</lisID>
          <gpoId>7822</gpoId>
        </identifiers>
        <isOriginalCosponsor>True</isOriginalCosponsor>
        <firstName>SAM</firstName>
        <sponsorshipWithdrawnDate />
        <sponsorshipDate>2013-06-28</sponsorshipDate>
        <party>D</party>
        <district>20</district>
        <fullName>Rep. Farr, Sam [D-CA-20]</fullName>
        <state>CA</state>
        <bioguideId>F000030</bioguideId>
        <lastName>FARR</lastName>
        <middleName />
      </item>
      <item>
        <identifiers>
          <lisID>2041</lisID>
          <gpoId>8074</gpoId>
          <bioguideId>G000569</bioguideId>
        </identifiers>
        <isOriginalCosponsor>True</isOriginalCosponsor>
        <firstName>Michael</firstName>
        <sponsorshipWithdrawnDate />
        <sponsorshipDate>2013-06-28</sponsorshipDate>
        <party>R</party>
        <district>11</district>
        <fullName>Rep. Grimm, Michael G. [R-NY-11]</fullName>
        <state>NY</state>
        <bioguideId>G000569</bioguideId>
        <lastName>Grimm</lastName>
        <middleName>G.</middleName>
      </item>
      <item>
        <identifiers>
          <lisID>729</lisID>
          <gpoId>8075</gpoId>
          <bioguideId>M000087</bioguideId>
        </identifiers>
        <isOriginalCosponsor>True</isOriginalCosponsor>
        <firstName>CAROLYN</firstName>
        <sponsorshipWithdrawnDate />
        <sponsorshipDate>2013-06-28</sponsorshipDate>
        <party>D</party>
        <district>12</district>
        <fullName>Rep. Maloney, Carolyn B. [D-NY-12]</fullName>
        <state>NY</state>
        <bioguideId>M000087</bioguideId>
        <lastName>MALONEY</lastName>
        <middleName>B.</middleName>
      </item>
      <item>
        <identifiers>
          <bioguideId>N000002</bioguideId>
          <lisID>850</lisID>
          <gpoId>8069</gpoId>
        </identifiers>
        <isOriginalCosponsor>True</isOriginalCosponsor>
        <firstName>JERROLD</firstName>
        <sponsorshipWithdrawnDate />
        <sponsorshipDate>2013-06-28</sponsorshipDate>
        <party>D</party>
        <district>10</district>
        <fullName>Rep. Nadler, Jerrold [D-NY-10]</fullName>
        <state>NY</state>
        <bioguideId>N000002</bioguideId>
        <lastName>NADLER</lastName>
        <middleName />
      </item>
      <item>
        <identifiers>
          <lisID>511</lisID>
          <gpoId>7895</gpoId>
          <bioguideId>H000324</bioguideId>
        </identifiers>
        <isOriginalCosponsor>True</isOriginalCosponsor>
        <firstName>ALCEE</firstName>
        <sponsorshipWithdrawnDate />
        <sponsorshipDate>2013-06-28</sponsorshipDate>
        <party>D</party>
        <district>20</district>
        <fullName>Rep. Hastings, Alcee L. [D-FL-20]</fullName>
        <state>FL</state>
        <bioguideId>H000324</bioguideId>
        <lastName>HASTINGS</lastName>
        <middleName>L.</middleName>
      </item>
      <item>
        <identifiers>
          <gpoId>7876</gpoId>
          <lisID>1643</lisID>
          <bioguideId>C001045</bioguideId>
        </identifiers>
        <isOriginalCosponsor>True</isOriginalCosponsor>
        <firstName>ANDER</firstName>
        <sponsorshipWithdrawnDate />
        <sponsorshipDate>2013-06-28</sponsorshipDate>
        <party>R</party>
        <district>4</district>
        <fullName>Rep. Crenshaw, Ander [R-FL-4]</fullName>
        <state>FL</state>
        <bioguideId>C001045</bioguideId>
        <lastName>CRENSHAW</lastName>
        <middleName />
      </item>
      <item>
        <identifiers>
          <lisID>1255</lisID>
          <gpoId>7882</gpoId>
          <bioguideId>Y000031</bioguideId>
        </identifiers>
        <isOriginalCosponsor>True</isOriginalCosponsor>
        <firstName>C. W.</firstName>
        <sponsorshipWithdrawnDate />
        <sponsorshipDate>2013-06-28</sponsorshipDate>
        <party>R</party>
        <district>13</district>
        <fullName>Rep. Young, C. W. Bill [R-FL-13]</fullName>
        <state>FL</state>
        <bioguideId>Y000031</bioguideId>
        <lastName>Young</lastName>
        <middleName>Bill</middleName>
      </item>
      <item>
        <identifiers>
          <lisID>2117</lisID>
          <gpoId />
          <bioguideId>M001191</bioguideId>
        </identifiers>
        <isOriginalCosponsor>True</isOriginalCosponsor>
        <firstName>Patrick</firstName>
        <sponsorshipWithdrawnDate />
        <sponsorshipDate>2013-06-28</sponsorshipDate>
        <party>D</party>
        <district>18</district>
        <fullName>Rep. Murphy, Patrick [D-FL-18]</fullName>
        <state>FL</state>
        <bioguideId>M001191</bioguideId>
        <lastName>Murphy</lastName>
        <middleName />
      </item>
      <item>
        <identifiers>
          <lisID>2004</lisID>
          <bioguideId>W000808</bioguideId>
          <gpoId>7889</gpoId>
        </identifiers>
        <isOriginalCosponsor>True</isOriginalCosponsor>
        <firstName>Frederica</firstName>
        <sponsorshipWithdrawnDate />
        <sponsorshipDate>2013-06-28</sponsorshipDate>
        <party>D</party>
        <district>24</district>
        <fullName>Rep. Wilson, Frederica S. [D-FL-24]</fullName>
        <state>FL</state>
        <bioguideId>W000808</bioguideId>
        <lastName>Wilson</lastName>
        <middleName>S.</middleName>
      </item>
      <item>
        <identifiers>
          <gpoId>8199</gpoId>
          <lisID>832</lisID>
          <bioguideId>M000933</bioguideId>
        </identifiers>
        <isOriginalCosponsor>True</isOriginalCosponsor>
        <firstName>JAMES</firstName>
        <sponsorshipWithdrawnDate />
        <sponsorshipDate>2013-06-28</sponsorshipDate>
        <party>D</party>
        <district>8</district>
        <fullName>Rep. Moran, James P. [D-VA-8]</fullName>
        <state>VA</state>
        <bioguideId>M000933</bioguideId>
        <lastName>MORAN</lastName>
        <middleName>P.</middleName>
      </item>
      <item>
        <identifiers>
          <bioguideId>M001143</bioguideId>
          <lisID>1653</lisID>
          <gpoId>8004</gpoId>
        </identifiers>
        <isOriginalCosponsor>True</isOriginalCosponsor>
        <firstName>BETTY</firstName>
        <sponsorshipWithdrawnDate />
        <sponsorshipDate>2013-06-28</sponsorshipDate>
        <party>D</party>
        <district>4</district>
        <fullName>Rep. McCollum, Betty [D-MN-4]</fullName>
        <state>MN</state>
        <bioguideId>M001143</bioguideId>
        <lastName>MCCOLLUM</lastName>
        <middleName />
      </item>
      <item>
        <identifiers>
          <gpoId>7493</gpoId>
          <lisID>1940</lisID>
          <bioguideId>T000468</bioguideId>
        </identifiers>
        <isOriginalCosponsor>True</isOriginalCosponsor>
        <firstName>Dina</firstName>
        <sponsorshipWithdrawnDate />
        <sponsorshipDate>2013-06-28</sponsorshipDate>
        <party>D</party>
        <district>1</district>
        <fullName>Rep. Titus, Dina [D-NV-1]</fullName>
        <state>NV</state>
        <bioguideId>T000468</bioguideId>
        <lastName>Titus</lastName>
        <middleName />
      </item>
      <item>
        <identifiers>
          <bioguideId>D000191</bioguideId>
          <lisID>279</lisID>
          <gpoId>8117</gpoId>
        </identifiers>
        <isOriginalCosponsor>True</isOriginalCosponsor>
        <firstName>PETER</firstName>
        <sponsorshipWithdrawnDate />
        <sponsorshipDate>2013-06-28</sponsorshipDate>
        <party>D</party>
        <district>4</district>
        <fullName>Rep. DeFazio, Peter A. [D-OR-4]</fullName>
        <state>OR</state>
        <bioguideId>D000191</bioguideId>
        <lastName>DEFAZIO</lastName>
        <middleName>A.</middleName>
      </item>
      <item>
        <identifiers>
          <bioguideId>C001084</bioguideId>
          <gpoId>8139</gpoId>
          <lisID>2055</lisID>
        </identifiers>
        <isOriginalCosponsor>True</isOriginalCosponsor>
        <firstName>David</firstName>
        <sponsorshipWithdrawnDate />
        <sponsorshipDate>2013-06-28</sponsorshipDate>
        <party>D</party>
        <district>1</district>
        <fullName>Rep. Cicilline, David N. [D-RI-1]</fullName>
        <state>RI</state>
        <bioguideId>C001084</bioguideId>
        <lastName>Cicilline</lastName>
        <middleName>N.</middleName>
      </item>
      <item>
        <identifiers>
          <bioguideId>G000551</bioguideId>
          <lisID>1708</lisID>
          <gpoId>7804</gpoId>
        </identifiers>
        <isOriginalCosponsor>True</isOriginalCosponsor>
        <firstName>Raul</firstName>
        <sponsorshipWithdrawnDate />
        <sponsorshipDate>2013-06-28</sponsorshipDate>
        <party>D</party>
        <district>3</district>
        <fullName>Rep. Grijalva, Raul M. [D-AZ-3]</fullName>
        <state>AZ</state>
        <bioguideId>G000551</bioguideId>
        <lastName>Grijalva</lastName>
        <middleName>M.</middleName>
      </item>
      <item>
        <identifiers>
          <bioguideId>S001156</bioguideId>
          <gpoId>7844</gpoId>
          <lisID>1757</lisID>
        </identifiers>
        <isOriginalCosponsor>True</isOriginalCosponsor>
        <firstName>LINDA</firstName>
        <sponsorshipWithdrawnDate />
        <sponsorshipDate>2013-06-28</sponsorshipDate>
        <party>D</party>
        <district>38</district>
        <fullName>Rep. Sanchez, Linda T. [D-CA-38]</fullName>
        <state>CA</state>
        <bioguideId>S001156</bioguideId>
        <lastName>SANCHEZ</lastName>
        <middleName>T.</middleName>
      </item>
      <item>
        <identifiers>
          <bioguideId>L000579</bioguideId>
          <lisID>2111</lisID>
          <gpoId />
        </identifiers>
        <isOriginalCosponsor>True</isOriginalCosponsor>
        <firstName>Alan</firstName>
        <sponsorshipWithdrawnDate />
        <sponsorshipDate>2013-06-28</sponsorshipDate>
        <party>D</party>
        <district>47</district>
        <fullName>Rep. Lowenthal, Alan S. [D-CA-47]</fullName>
        <state>CA</state>
        <bioguideId>L000579</bioguideId>
        <lastName>Lowenthal</lastName>
        <middleName>S.</middleName>
      </item>
      <item>
        <identifiers>
          <lisID>2107</lisID>
          <gpoId />
          <bioguideId>C001097</bioguideId>
        </identifiers>
        <isOriginalCosponsor>True</isOriginalCosponsor>
        <firstName>Tony</firstName>
        <sponsorshipWithdrawnDate />
        <sponsorshipDate>2013-06-28</sponsorshipDate>
        <party>D</party>
        <district>29</district>
        <fullName>Rep. Cardenas, Tony [D-CA-29]</fullName>
        <state>CA</state>
        <bioguideId>C001097</bioguideId>
        <lastName>Cardenas</lastName>
        <middleName />
      </item>
      <item>
        <identifiers>
          <bioguideId>S001175</bioguideId>
          <lisID>1890</lisID>
          <gpoId>7817</gpoId>
        </identifiers>
        <isOriginalCosponsor>True</isOriginalCosponsor>
        <firstName>Jackie</firstName>
        <sponsorshipWithdrawnDate />
        <sponsorshipDate>2013-06-28</sponsorshipDate>
        <party>D</party>
        <district>14</district>
        <fullName>Rep. Speier, Jackie [D-CA-14]</fullName>
        <state>CA</state>
        <bioguideId>S001175</bioguideId>
        <lastName>Speier</lastName>
        <middleName />
      </item>
      <item>
        <identifiers>
          <bioguideId>B001285</bioguideId>
          <gpoId />
          <lisID>2106</lisID>
        </identifiers>
        <isOriginalCosponsor>True</isOriginalCosponsor>
        <firstName>Julia</firstName>
        <sponsorshipWithdrawnDate />
        <sponsorshipDate>2013-06-28</sponsorshipDate>
        <party>D</party>
        <district>26</district>
        <fullName>Rep. Brownley, Julia [D-CA-26]</fullName>
        <state>CA</state>
        <bioguideId>B001285</bioguideId>
        <lastName>Brownley</lastName>
        <middleName />
      </item>
      <item>
        <identifiers>
          <bioguideId>L000397</bioguideId>
          <gpoId>7821</gpoId>
          <lisID>701</lisID>
        </identifiers>
        <isOriginalCosponsor>True</isOriginalCosponsor>
        <firstName>ZOE</firstName>
        <sponsorshipWithdrawnDate />
        <sponsorshipDate>2013-06-28</sponsorshipDate>
        <party>D</party>
        <district>19</district>
        <fullName>Rep. Lofgren, Zoe [D-CA-19]</fullName>
        <state>CA</state>
        <bioguideId>L000397</bioguideId>
        <lastName>LOFGREN</lastName>
        <middleName />
      </item>
      <item>
        <identifiers>
          <lisID>808</lisID>
          <gpoId>7812</gpoId>
          <bioguideId>M000725</bioguideId>
        </identifiers>
        <isOriginalCosponsor>True</isOriginalCosponsor>
        <firstName>GEORGE</firstName>
        <sponsorshipWithdrawnDate />
        <sponsorshipDate>2013-06-28</sponsorshipDate>
        <party>D</party>
        <district>11</district>
        <fullName>Rep. Miller, George [D-CA-11]</fullName>
        <state>CA</state>
        <bioguideId>M000725</bioguideId>
        <lastName>MILLER</lastName>
        <middleName />
      </item>
      <item>
        <identifiers>
          <bioguideId>B001245</bioguideId>
          <gpoId>7911</gpoId>
          <lisID>1723</lisID>
        </identifiers>
        <isOriginalCosponsor>True</isOriginalCosponsor>
        <firstName>Madeleine</firstName>
        <sponsorshipWithdrawnDate />
        <sponsorshipDate>2013-06-28</sponsorshipDate>
        <party>D</party>
        <district>0</district>
        <fullName>Rep. Bordallo, Madeleine Z. [D-GU-At Large]</fullName>
        <state>GU</state>
        <bioguideId>B001245</bioguideId>
        <lastName>Bordallo</lastName>
        <middleName>Z.</middleName>
      </item>
      <item>
        <identifiers>
          <bioguideId>M001188</bioguideId>
          <lisID>2148</lisID>
          <gpoId />
        </identifiers>
        <isOriginalCosponsor>True</isOriginalCosponsor>
        <firstName>Grace</firstName>
        <sponsorshipWithdrawnDate />
        <sponsorshipDate>2013-06-28</sponsorshipDate>
        <party>D</party>
        <district>6</district>
        <fullName>Rep. Meng, Grace [D-NY-6]</fullName>
        <state>NY</state>
        <bioguideId>M001188</bioguideId>
        <lastName>Meng</lastName>
        <middleName />
      </item>
      <item>
        <identifiers>
          <gpoId>7873</gpoId>
          <lisID>1685</lisID>
          <bioguideId>M001144</bioguideId>
        </identifiers>
        <isOriginalCosponsor>False</isOriginalCosponsor>
        <firstName>Jeff</firstName>
        <sponsorshipWithdrawnDate />
        <sponsorshipDate>2013-07-09</sponsorshipDate>
        <party>R</party>
        <district>1</district>
        <fullName>Rep. Miller, Jeff [R-FL-1]</fullName>
        <state>FL</state>
        <bioguideId>M001144</bioguideId>
        <lastName>Miller</lastName>
        <middleName />
      </item>
      <item>
        <identifiers>
          <lisID>1839</lisID>
          <gpoId>7883</gpoId>
          <bioguideId>C001066</bioguideId>
        </identifiers>
        <isOriginalCosponsor>False</isOriginalCosponsor>
        <firstName>Kathy</firstName>
        <sponsorshipWithdrawnDate />
        <sponsorshipDate>2013-07-09</sponsorshipDate>
        <party>D</party>
        <district>14</district>
        <fullName>Rep. Castor, Kathy [D-FL-14]</fullName>
        <state>FL</state>
        <bioguideId>C001066</bioguideId>
        <lastName>Castor</lastName>
        <middleName />
      </item>
      <item>
        <identifiers>
          <bioguideId>D000610</bioguideId>
          <gpoId>7891</gpoId>
          <lisID>1976</lisID>
        </identifiers>
        <isOriginalCosponsor>False</isOriginalCosponsor>
        <firstName>Theodore</firstName>
        <sponsorshipWithdrawnDate />
        <sponsorshipDate>2013-07-09</sponsorshipDate>
        <party>D</party>
        <district>21</district>
        <fullName>Rep. Deutch, Theodore E. [D-FL-21]</fullName>
        <state>FL</state>
        <bioguideId>D000610</bioguideId>
        <lastName>Deutch</lastName>
        <middleName>E.</middleName>
      </item>
      <item>
        <identifiers>
          <lisID>588</lisID>
          <gpoId>8174</gpoId>
          <bioguideId>J000032</bioguideId>
        </identifiers>
        <isOriginalCosponsor>False</isOriginalCosponsor>
        <firstName>SHEILA</firstName>
        <sponsorshipWithdrawnDate />
        <sponsorshipDate>2013-07-09</sponsorshipDate>
        <party>D</party>
        <district>18</district>
        <fullName>Rep. Jackson Lee, Sheila [D-TX-18]</fullName>
        <state>TX</state>
        <bioguideId>J000032</bioguideId>
        <lastName>JACKSON LEE</lastName>
        <middleName />
      </item>
      <item>
        <identifiers>
          <lisID>2092</lisID>
          <bioguideId>B001278</bioguideId>
          <gpoId>8367</gpoId>
        </identifiers>
        <isOriginalCosponsor>False</isOriginalCosponsor>
        <firstName>Suzanne</firstName>
        <sponsorshipWithdrawnDate />
        <sponsorshipDate>2013-07-09</sponsorshipDate>
        <party>D</party>
        <district>1</district>
        <fullName>Rep. Bonamici, Suzanne [D-OR-1]</fullName>
        <state>OR</state>
        <bioguideId>B001278</bioguideId>
        <lastName>Bonamici</lastName>
        <middleName />
      </item>
      <item>
        <identifiers>
          <lisID>99</lisID>
          <gpoId>8116</gpoId>
          <bioguideId>B000574</bioguideId>
        </identifiers>
        <isOriginalCosponsor>False</isOriginalCosponsor>
        <firstName>EARL</firstName>
        <sponsorshipWithdrawnDate />
        <sponsorshipDate>2013-07-09</sponsorshipDate>
        <party>D</party>
        <district>3</district>
        <fullName>Rep. Blumenauer, Earl [D-OR-3]</fullName>
        <state>OR</state>
        <bioguideId>B000574</bioguideId>
        <lastName>BLUMENAUER</lastName>
        <middleName />
      </item>
      <item>
        <identifiers>
          <bioguideId>S001145</bioguideId>
          <lisID>1588</lisID>
          <gpoId>7929</gpoId>
        </identifiers>
        <isOriginalCosponsor>False</isOriginalCosponsor>
        <firstName>JANICE</firstName>
        <sponsorshipWithdrawnDate />
        <sponsorshipDate>2013-07-09</sponsorshipDate>
        <party>D</party>
        <district>9</district>
        <fullName>Rep. Schakowsky, Janice D. [D-IL-9]</fullName>
        <state>IL</state>
        <bioguideId>S001145</bioguideId>
        <lastName>SCHAKOWSKY</lastName>
        <middleName>D.</middleName>
      </item>
      <item>
        <identifiers>
          <lisID>868</lisID>
          <gpoId>7871</gpoId>
          <bioguideId>N000147</bioguideId>
        </identifiers>
        <isOriginalCosponsor>False</isOriginalCosponsor>
        <firstName>ELEANOR</firstName>
        <sponsorshipWithdrawnDate />
        <sponsorshipDate>2013-07-09</sponsorshipDate>
        <party>D</party>
        <district>0</district>
        <fullName>Rep. Norton, Eleanor Holmes [D-DC-At Large]</fullName>
        <state>DC</state>
        <bioguideId>N000147</bioguideId>
        <lastName>NORTON</lastName>
        <middleName>HOLMES</middleName>
      </item>
      <item>
        <identifiers>
          <lisID>2113</lisID>
          <gpoId />
          <bioguideId>P000608</bioguideId>
        </identifiers>
        <isOriginalCosponsor>False</isOriginalCosponsor>
        <firstName>Scott</firstName>
        <sponsorshipWithdrawnDate />
        <sponsorshipDate>2013-07-09</sponsorshipDate>
        <party>D</party>
        <district>52</district>
        <fullName>Rep. Peters, Scott H. [D-CA-52]</fullName>
        <state>CA</state>
        <bioguideId>P000608</bioguideId>
        <lastName>Peters</lastName>
        <middleName>H.</middleName>
      </item>
      <item>
        <identifiers>
          <gpoId>7828</gpoId>
          <lisID>1471</lisID>
          <bioguideId>C001036</bioguideId>
        </identifiers>
        <isOriginalCosponsor>False</isOriginalCosponsor>
        <firstName>LOIS</firstName>
        <sponsorshipWithdrawnDate />
        <sponsorshipDate>2013-07-09</sponsorshipDate>
        <party>D</party>
        <district>24</district>
        <fullName>Rep. Capps, Lois [D-CA-24]</fullName>
        <state>CA</state>
        <bioguideId>C001036</bioguideId>
        <lastName>CAPPS</lastName>
        <middleName />
      </item>
      <item>
        <identifiers>
          <bioguideId>S001193</bioguideId>
          <gpoId />
          <lisID>2104</lisID>
        </identifiers>
        <isOriginalCosponsor>False</isOriginalCosponsor>
        <firstName>Eric</firstName>
        <sponsorshipWithdrawnDate />
        <sponsorshipDate>2013-07-09</sponsorshipDate>
        <party>D</party>
        <district>15</district>
        <fullName>Rep. Swalwell, Eric [D-CA-15]</fullName>
        <state>CA</state>
        <bioguideId>S001193</bioguideId>
        <lastName>Swalwell</lastName>
        <middleName />
      </item>
      <item>
        <identifiers>
          <bioguideId>H001063</bioguideId>
          <lisID>2089</lisID>
          <gpoId>8360</gpoId>
        </identifiers>
        <isOriginalCosponsor>False</isOriginalCosponsor>
        <firstName>Janice</firstName>
        <sponsorshipWithdrawnDate />
        <sponsorshipDate>2013-07-09</sponsorshipDate>
        <party>D</party>
        <district>44</district>
        <fullName>Rep. Hahn, Janice [D-CA-44]</fullName>
        <state>CA</state>
        <bioguideId>H001063</bioguideId>
        <lastName>Hahn</lastName>
        <middleName />
      </item>
      <item>
        <identifiers>
          <gpoId>7815</gpoId>
          <lisID>1973</lisID>
          <bioguideId>G000559</bioguideId>
        </identifiers>
        <isOriginalCosponsor>False</isOriginalCosponsor>
        <firstName>John</firstName>
        <sponsorshipWithdrawnDate />
        <sponsorshipDate>2013-07-09</sponsorshipDate>
        <party>D</party>
        <district>3</district>
        <fullName>Rep. Garamendi, John [D-CA-3]</fullName>
        <state>CA</state>
        <bioguideId>G000559</bioguideId>
        <lastName>Garamendi</lastName>
        <middleName />
      </item>
      <item>
        <identifiers>
          <lisID>1717</lisID>
          <gpoId>7893</gpoId>
          <bioguideId>D000600</bioguideId>
        </identifiers>
        <isOriginalCosponsor>False</isOriginalCosponsor>
        <firstName>Mario</firstName>
        <sponsorshipWithdrawnDate />
        <sponsorshipDate>2013-07-10</sponsorshipDate>
        <party>R</party>
        <district>25</district>
        <fullName>Rep. Diaz-Balart, Mario [R-FL-25]</fullName>
        <state>FL</state>
        <bioguideId>D000600</bioguideId>
        <lastName>Diaz-Balart</lastName>
        <middleName />
      </item>
      <item>
        <identifiers>
          <gpoId>7875</gpoId>
          <lisID>132</lisID>
          <bioguideId>B000911</bioguideId>
        </identifiers>
        <isOriginalCosponsor>False</isOriginalCosponsor>
        <firstName>CORRINE</firstName>
        <sponsorshipWithdrawnDate />
        <sponsorshipDate>2013-07-10</sponsorshipDate>
        <party>D</party>
        <district>5</district>
        <fullName>Rep. Brown, Corrine [D-FL-5]</fullName>
        <state>FL</state>
        <bioguideId>B000911</bioguideId>
        <lastName>BROWN</lastName>
        <middleName />
      </item>
      <item>
        <identifiers>
          <gpoId>7892</gpoId>
          <lisID>1777</lisID>
          <bioguideId>W000797</bioguideId>
        </identifiers>
        <isOriginalCosponsor>False</isOriginalCosponsor>
        <firstName>Debbie</firstName>
        <sponsorshipWithdrawnDate />
        <sponsorshipDate>2013-07-10</sponsorshipDate>
        <party>D</party>
        <district>23</district>
        <fullName>Rep. Wasserman Schultz, Debbie [D-FL-23]</fullName>
        <state>FL</state>
        <bioguideId>W000797</bioguideId>
        <lastName>Wasserman Schultz</lastName>
        <middleName />
      </item>
      <item>
        <identifiers>
          <lisID>985</lisID>
          <gpoId>7890</gpoId>
          <bioguideId>R000435</bioguideId>
        </identifiers>
        <isOriginalCosponsor>False</isOriginalCosponsor>
        <firstName>ILEANA</firstName>
        <sponsorshipWithdrawnDate />
        <sponsorshipDate>2013-07-10</sponsorshipDate>
        <party>R</party>
        <district>27</district>
        <fullName>Rep. Ros-Lehtinen, Ileana [R-FL-27]</fullName>
        <state>FL</state>
        <bioguideId>R000435</bioguideId>
        <lastName>ROS-LEHTINEN</lastName>
        <middleName />
      </item>
      <item>
        <identifiers>
          <lisID>229</lisID>
          <gpoId>7999</gpoId>
          <bioguideId>C000714</bioguideId>
        </identifiers>
        <isOriginalCosponsor>False</isOriginalCosponsor>
        <firstName>JOHN</firstName>
        <sponsorshipWithdrawnDate />
        <sponsorshipDate>2013-07-10</sponsorshipDate>
        <party>D</party>
        <district>13</district>
        <fullName>Rep. Conyers, John, Jr. [D-MI-13]</fullName>
        <state>MI</state>
        <bioguideId>C000714</bioguideId>
        <lastName>CONYERS</lastName>
        <middleName />
      </item>
      <item>
        <identifiers>
          <gpoId>8009</gpoId>
          <lisID>1654</lisID>
          <bioguideId>C001049</bioguideId>
        </identifiers>
        <isOriginalCosponsor>False</isOriginalCosponsor>
        <firstName>WM.</firstName>
        <sponsorshipWithdrawnDate />
        <sponsorshipDate>2013-07-10</sponsorshipDate>
        <party>D</party>
        <district>1</district>
        <fullName>Rep. Clay, Wm. Lacy [D-MO-1]</fullName>
        <state>MO</state>
        <bioguideId>C001049</bioguideId>
        <lastName>CLAY</lastName>
        <middleName>LACY</middleName>
      </item>
      <item>
        <identifiers>
          <lisID>2122</lisID>
          <gpoId />
          <bioguideId>G000571</bioguideId>
        </identifiers>
        <isOriginalCosponsor>False</isOriginalCosponsor>
        <firstName>Tulsi</firstName>
        <sponsorshipWithdrawnDate />
        <sponsorshipDate>2013-07-10</sponsorshipDate>
        <party>D</party>
        <district>2</district>
        <fullName>Rep. Gabbard, Tulsi [D-HI-2]</fullName>
        <state>HI</state>
        <bioguideId>G000571</bioguideId>
        <lastName>Gabbard</lastName>
        <middleName />
      </item>
      <item>
        <identifiers>
          <lisID>1535</lisID>
          <gpoId>7971</gpoId>
          <bioguideId>T000266</bioguideId>
        </identifiers>
        <isOriginalCosponsor>False</isOriginalCosponsor>
        <firstName>JOHN</firstName>
        <sponsorshipWithdrawnDate />
        <sponsorshipDate>2013-07-10</sponsorshipDate>
        <party>D</party>
        <district>6</district>
        <fullName>Rep. Tierney, John F. [D-MA-6]</fullName>
        <state>MA</state>
        <bioguideId>T000266</bioguideId>
        <lastName>TIERNEY</lastName>
        <middleName>F.</middleName>
      </item>
      <item>
        <identifiers>
          <lisID>2145</lisID>
          <gpoId />
          <bioguideId>K000382</bioguideId>
        </identifiers>
        <isOriginalCosponsor>False</isOriginalCosponsor>
        <firstName>Ann</firstName>
        <sponsorshipWithdrawnDate />
        <sponsorshipDate>2013-07-10</sponsorshipDate>
        <party>D</party>
        <district>2</district>
        <fullName>Rep. Kuster, Ann M. [D-NH-2]</fullName>
        <state>NH</state>
        <bioguideId>K000382</bioguideId>
        <lastName>Kuster</lastName>
        <middleName>M.</middleName>
      </item>
      <item>
        <identifiers>
          <lisID>1912</lisID>
          <gpoId>7864</gpoId>
          <bioguideId>C001077</bioguideId>
        </identifiers>
        <isOriginalCosponsor>False</isOriginalCosponsor>
        <firstName>Mike</firstName>
        <sponsorshipWithdrawnDate />
        <sponsorshipDate>2013-07-10</sponsorshipDate>
        <party>R</party>
        <district>6</district>
        <fullName>Rep. Coffman, Mike [R-CO-6]</fullName>
        <state>CO</state>
        <bioguideId>C001077</bioguideId>
        <lastName>Coffman</lastName>
        <middleName />
      </item>
      <item>
        <identifiers>
          <lisID>2096</lisID>
          <gpoId>8374</gpoId>
          <bioguideId>D000617</bioguideId>
        </identifiers>
        <isOriginalCosponsor>False</isOriginalCosponsor>
        <firstName>Suzan</firstName>
        <sponsorshipWithdrawnDate />
        <sponsorshipDate>2013-07-10</sponsorshipDate>
        <party>D</party>
        <district>1</district>
        <fullName>Rep. DelBene, Suzan K. [D-WA-1]</fullName>
        <state>WA</state>
        <bioguideId>D000617</bioguideId>
        <lastName>DelBene</lastName>
        <middleName>K.</middleName>
      </item>
      <item>
        <identifiers>
          <lisID>1675</lisID>
          <gpoId>8206</gpoId>
          <bioguideId>L000560</bioguideId>
        </identifiers>
        <isOriginalCosponsor>False</isOriginalCosponsor>
        <firstName>RICK</firstName>
        <sponsorshipWithdrawnDate />
        <sponsorshipDate>2013-07-10</sponsorshipDate>
        <party>D</party>
        <district>2</district>
        <fullName>Rep. Larsen, Rick [D-WA-2]</fullName>
        <state>WA</state>
        <bioguideId>L000560</bioguideId>
        <lastName>LARSEN</lastName>
        <middleName />
      </item>
      <item>
        <identifiers>
          <lisID>367</lisID>
          <gpoId>7797</gpoId>
          <bioguideId>F000010</bioguideId>
        </identifiers>
        <isOriginalCosponsor>False</isOriginalCosponsor>
        <firstName>Eni</firstName>
        <sponsorshipWithdrawnDate />
        <sponsorshipDate>2013-07-10</sponsorshipDate>
        <party>D</party>
        <district>0</district>
        <fullName>Rep. Faleomavaega, Eni F. H. [D-AS-At Large]</fullName>
        <state>AS</state>
        <bioguideId>F000010</bioguideId>
        <lastName>Faleomavaega</lastName>
        <middleName>F. H.</middleName>
      </item>
      <item>
        <identifiers>
          <bioguideId>R000486</bioguideId>
          <gpoId>7839</gpoId>
          <lisID>997</lisID>
        </identifiers>
        <isOriginalCosponsor>False</isOriginalCosponsor>
        <firstName>LUCILLE</firstName>
        <sponsorshipWithdrawnDate />
        <sponsorshipDate>2013-07-10</sponsorshipDate>
        <party>D</party>
        <district>40</district>
        <fullName>Rep. Roybal-Allard, Lucille [D-CA-40]</fullName>
        <state>CA</state>
        <bioguideId>R000486</bioguideId>
        <lastName>ROYBAL-ALLARD</lastName>
        <middleName />
      </item>
      <item>
        <identifiers>
          <gpoId>7810</gpoId>
          <lisID>1814</lisID>
          <bioguideId>M001163</bioguideId>
        </identifiers>
        <isOriginalCosponsor>False</isOriginalCosponsor>
        <firstName>Doris</firstName>
        <sponsorshipWithdrawnDate />
        <sponsorshipDate>2013-07-10</sponsorshipDate>
        <party>D</party>
        <district>6</district>
        <fullName>Rep. Matsui, Doris O. [D-CA-6]</fullName>
        <state>CA</state>
        <bioguideId>M001163</bioguideId>
        <lastName>Matsui</lastName>
        <middleName>O.</middleName>
      </item>
      <item>
        <identifiers>
          <gpoId>7816</gpoId>
          <lisID>1832</lisID>
          <bioguideId>M001166</bioguideId>
        </identifiers>
        <isOriginalCosponsor>False</isOriginalCosponsor>
        <firstName>Jerry</firstName>
        <sponsorshipWithdrawnDate />
        <sponsorshipDate>2013-07-10</sponsorshipDate>
        <party>D</party>
        <district>9</district>
        <fullName>Rep. McNerney, Jerry [D-CA-9]</fullName>
        <state>CA</state>
        <bioguideId>M001166</bioguideId>
        <lastName>McNerney</lastName>
        <middleName />
      </item>
      <item>
        <identifiers>
          <bioguideId>K000375</bioguideId>
          <lisID>2025</lisID>
          <gpoId>7975</gpoId>
        </identifiers>
        <isOriginalCosponsor>False</isOriginalCosponsor>
        <firstName>William</firstName>
        <sponsorshipWithdrawnDate />
        <sponsorshipDate>2013-07-11</sponsorshipDate>
        <party>D</party>
        <district>9</district>
        <fullName>Rep. Keating, William R. [D-MA-9]</fullName>
        <state>MA</state>
        <bioguideId>K000375</bioguideId>
        <lastName>Keating</lastName>
        <middleName>R.</middleName>
      </item>
      <item>
        <identifiers>
          <gpoId>8140</gpoId>
          <lisID>1668</lisID>
          <bioguideId>L000559</bioguideId>
        </identifiers>
        <isOriginalCosponsor>False</isOriginalCosponsor>
        <firstName>JAMES</firstName>
        <sponsorshipWithdrawnDate />
        <sponsorshipDate>2013-07-11</sponsorshipDate>
        <party>D</party>
        <district>2</district>
        <fullName>Rep. Langevin, James R. [D-RI-2]</fullName>
        <state>RI</state>
        <bioguideId>L000559</bioguideId>
        <lastName>LANGEVIN</lastName>
        <middleName>R.</middleName>
      </item>
      <item>
        <identifiers>
          <gpoId>8156</gpoId>
          <lisID>1878</lisID>
          <bioguideId>C001068</bioguideId>
        </identifiers>
        <isOriginalCosponsor>False</isOriginalCosponsor>
        <firstName>Steve</firstName>
        <sponsorshipWithdrawnDate />
        <sponsorshipDate>2013-07-11</sponsorshipDate>
        <party>D</party>
        <district>9</district>
        <fullName>Rep. Cohen, Steve [D-TN-9]</fullName>
        <state>TN</state>
        <bioguideId>C001068</bioguideId>
        <lastName>Cohen</lastName>
        <middleName />
      </item>
      <item>
        <identifiers>
          <gpoId>7877</gpoId>
          <lisID>2001</lisID>
          <bioguideId>N000185</bioguideId>
        </identifiers>
        <isOriginalCosponsor>False</isOriginalCosponsor>
        <firstName>Richard</firstName>
        <sponsorshipWithdrawnDate />
        <sponsorshipDate>2013-07-16</sponsorshipDate>
        <party>R</party>
        <district>11</district>
        <fullName>Rep. Nugent, Richard B. [R-FL-11]</fullName>
        <state>FL</state>
        <bioguideId>N000185</bioguideId>
        <lastName>Nugent</lastName>
        <middleName>B.</middleName>
      </item>
      <item>
        <identifiers>
          <gpoId>7974</gpoId>
          <lisID>1686</lisID>
          <bioguideId>L000562</bioguideId>
        </identifiers>
        <isOriginalCosponsor>False</isOriginalCosponsor>
        <firstName>Stephen</firstName>
        <sponsorshipWithdrawnDate />
        <sponsorshipDate>2013-07-16</sponsorshipDate>
        <party>D</party>
        <district>8</district>
        <fullName>Rep. Lynch, Stephen F. [D-MA-8]</fullName>
        <state>MA</state>
        <bioguideId>L000562</bioguideId>
        <lastName>Lynch</lastName>
        <middleName>F.</middleName>
      </item>
      <item>
        <identifiers>
          <lisID>2052</lisID>
          <bioguideId>M001181</bioguideId>
          <gpoId>8125</gpoId>
        </identifiers>
        <isOriginalCosponsor>False</isOriginalCosponsor>
        <firstName>Patrick</firstName>
        <sponsorshipWithdrawnDate />
        <sponsorshipDate>2013-07-16</sponsorshipDate>
        <party>R</party>
        <district>7</district>
        <fullName>Rep. Meehan, Patrick [R-PA-7]</fullName>
        <state>PA</state>
        <bioguideId>M001181</bioguideId>
        <lastName>Meehan</lastName>
        <middleName />
      </item>
      <item>
        <identifiers>
          <lisID>1729</lisID>
          <bioguideId>V000128</bioguideId>
          <gpoId>7983</gpoId>
        </identifiers>
        <isOriginalCosponsor>False</isOriginalCosponsor>
        <firstName>Chris</firstName>
        <sponsorshipWithdrawnDate />
        <sponsorshipDate>2013-07-16</sponsorshipDate>
        <party>D</party>
        <district>8</district>
        <fullName>Rep. Van Hollen, Chris [D-MD-8]</fullName>
        <state>MD</state>
        <bioguideId>V000128</bioguideId>
        <lastName>Van Hollen</lastName>
        <middleName />
      </item>
      <item>
        <identifiers>
          <bioguideId>E000292</bioguideId>
          <gpoId />
          <lisID>2125</lisID>
        </identifiers>
        <isOriginalCosponsor>False</isOriginalCosponsor>
        <firstName>William</firstName>
        <sponsorshipWithdrawnDate />
        <sponsorshipDate>2013-07-16</sponsorshipDate>
        <party>D</party>
        <district>12</district>
        <fullName>Rep. Enyart, William L. [D-IL-12]</fullName>
        <state>IL</state>
        <bioguideId>E000292</bioguideId>
        <lastName>Enyart</lastName>
        <middleName>L.</middleName>
      </item>
      <item>
        <identifiers>
          <lisID>1888</lisID>
          <gpoId>7355</gpoId>
          <bioguideId>F000454</bioguideId>
        </identifiers>
        <isOriginalCosponsor>False</isOriginalCosponsor>
        <firstName>Bill</firstName>
        <sponsorshipWithdrawnDate />
        <sponsorshipDate>2013-07-16</sponsorshipDate>
        <party>D</party>
        <district>11</district>
        <fullName>Rep. Foster, Bill [D-IL-11]</fullName>
        <state>IL</state>
        <bioguideId>F000454</bioguideId>
        <lastName>Foster</lastName>
        <middleName />
      </item>
      <item>
        <identifiers>
          <lisID>766</lisID>
          <gpoId>8211</gpoId>
          <bioguideId>M000404</bioguideId>
        </identifiers>
        <isOriginalCosponsor>False</isOriginalCosponsor>
        <firstName>JIM</firstName>
        <sponsorshipWithdrawnDate />
        <sponsorshipDate>2013-07-16</sponsorshipDate>
        <party>D</party>
        <district>7</district>
        <fullName>Rep. McDermott, Jim [D-WA-7]</fullName>
        <state>WA</state>
        <bioguideId>M000404</bioguideId>
        <lastName>MCDERMOTT</lastName>
        <middleName />
      </item>
      <item>
        <identifiers>
          <lisID>1962</lisID>
          <gpoId>8018</gpoId>
          <bioguideId>S001177</bioguideId>
        </identifiers>
        <isOriginalCosponsor>False</isOriginalCosponsor>
        <firstName>Gregorio</firstName>
        <sponsorshipWithdrawnDate />
        <sponsorshipDate>2013-07-16</sponsorshipDate>
        <party>D</party>
        <district>0</district>
        <fullName>Rep. Sablan, Gregorio Kilili Camacho [D-MP-At Large]</fullName>
        <state>MP</state>
        <bioguideId>S001177</bioguideId>
        <lastName>Sablan</lastName>
        <middleName>Kilili Camacho</middleName>
      </item>
      <item>
        <identifiers>
          <bioguideId>R000580</bioguideId>
          <gpoId>7926</gpoId>
          <lisID>1848</lisID>
        </identifiers>
        <isOriginalCosponsor>False</isOriginalCosponsor>
        <firstName>Peter</firstName>
        <sponsorshipWithdrawnDate />
        <sponsorshipDate>2013-07-17</sponsorshipDate>
        <party>R</party>
        <district>6</district>
        <fullName>Rep. Roskam, Peter J. [R-IL-6]</fullName>
        <state>IL</state>
        <bioguideId>R000580</bioguideId>
        <lastName>Roskam</lastName>
        <middleName>J.</middleName>
      </item>
      <item>
        <identifiers>
          <lisID>2097</lisID>
          <gpoId>8373</gpoId>
          <bioguideId>P000604</bioguideId>
        </identifiers>
        <isOriginalCosponsor>False</isOriginalCosponsor>
        <firstName>Donald</firstName>
        <sponsorshipWithdrawnDate />
        <sponsorshipDate>2013-07-17</sponsorshipDate>
        <party>D</party>
        <district>10</district>
        <fullName>Rep. Payne, Donald M., Jr. [D-NJ-10]</fullName>
        <state>NJ</state>
        <bioguideId>P000604</bioguideId>
        <lastName>Payne</lastName>
        <middleName>M.</middleName>
      </item>
      <item>
        <identifiers>
          <gpoId>8082</gpoId>
          <lisID>1942</lisID>
          <bioguideId>T000469</bioguideId>
        </identifiers>
        <isOriginalCosponsor>False</isOriginalCosponsor>
        <firstName>Paul</firstName>
        <sponsorshipWithdrawnDate />
        <sponsorshipDate>2013-07-18</sponsorshipDate>
        <party>D</party>
        <district>20</district>
        <fullName>Rep. Tonko, Paul [D-NY-20]</fullName>
        <state>NY</state>
        <bioguideId>T000469</bioguideId>
        <lastName>Tonko</lastName>
        <middleName />
      </item>
      <item>
        <identifiers>
          <bioguideId>R000593</bioguideId>
          <gpoId>7884</gpoId>
          <lisID>2003</lisID>
        </identifiers>
        <isOriginalCosponsor>False</isOriginalCosponsor>
        <firstName>Dennis</firstName>
        <sponsorshipWithdrawnDate />
        <sponsorshipDate>2013-07-18</sponsorshipDate>
        <party>R</party>
        <district>15</district>
        <fullName>Rep. Ross, Dennis A. [R-FL-15]</fullName>
        <state>FL</state>
        <bioguideId>R000593</bioguideId>
        <lastName>Ross</lastName>
        <middleName>A.</middleName>
      </item>
      <item>
        <identifiers>
          <bioguideId>P000597</bioguideId>
          <lisID>1927</lisID>
          <gpoId>7984</gpoId>
        </identifiers>
        <isOriginalCosponsor>False</isOriginalCosponsor>
        <firstName>Chellie</firstName>
        <sponsorshipWithdrawnDate />
        <sponsorshipDate>2013-07-18</sponsorshipDate>
        <party>D</party>
        <district>1</district>
        <fullName>Rep. Pingree, Chellie [D-ME-1]</fullName>
        <state>ME</state>
        <bioguideId>P000597</bioguideId>
        <lastName>Pingree</lastName>
        <middleName />
      </item>
      <item>
        <identifiers>
          <bioguideId>H001032</bioguideId>
          <lisID>1580</lisID>
          <gpoId>8054</gpoId>
        </identifiers>
        <isOriginalCosponsor>False</isOriginalCosponsor>
        <firstName>RUSH</firstName>
        <sponsorshipWithdrawnDate />
        <sponsorshipDate>2013-07-18</sponsorshipDate>
        <party>D</party>
        <district>12</district>
        <fullName>Rep. Holt, Rush [D-NJ-12]</fullName>
        <state>NJ</state>
        <bioguideId>H001032</bioguideId>
        <lastName>HOLT</lastName>
        <middleName>D.</middleName>
      </item>
      <item>
        <identifiers>
          <bioguideId>T000460</bioguideId>
          <lisID>1593</lisID>
          <gpoId>7806</gpoId>
        </identifiers>
        <isOriginalCosponsor>False</isOriginalCosponsor>
        <firstName>MIKE</firstName>
        <sponsorshipWithdrawnDate />
        <sponsorshipDate>2013-07-18</sponsorshipDate>
        <party>D</party>
        <district>5</district>
        <fullName>Rep. Thompson, Mike [D-CA-5]</fullName>
        <state>CA</state>
        <bioguideId>T000460</bioguideId>
        <lastName>THOMPSON</lastName>
        <middleName />
      </item>
      <item>
        <identifiers>
          <lisID>1522</lisID>
          <gpoId>7852</gpoId>
          <bioguideId>S000030</bioguideId>
        </identifiers>
        <isOriginalCosponsor>False</isOriginalCosponsor>
        <firstName>LORETTA</firstName>
        <sponsorshipWithdrawnDate />
        <sponsorshipDate>2013-07-18</sponsorshipDate>
        <party>D</party>
        <district>46</district>
        <fullName>Rep. Sanchez, Loretta [D-CA-46]</fullName>
        <state>CA</state>
        <bioguideId>S000030</bioguideId>
        <lastName>SANCHEZ</lastName>
        <middleName />
      </item>
      <item>
        <identifiers>
          <lisID>1740</lisID>
          <gpoId>8062</gpoId>
          <bioguideId>B001242</bioguideId>
        </identifiers>
        <isOriginalCosponsor>False</isOriginalCosponsor>
        <firstName>Timothy</firstName>
        <sponsorshipWithdrawnDate />
        <sponsorshipDate>2013-07-19</sponsorshipDate>
        <party>D</party>
        <district>1</district>
        <fullName>Rep. Bishop, Timothy H. [D-NY-1]</fullName>
        <state>NY</state>
        <bioguideId>B001242</bioguideId>
        <lastName>Bishop</lastName>
        <middleName>H.</middleName>
      </item>
      <item>
        <identifiers>
          <lisID>355</lisID>
          <gpoId>7819</gpoId>
          <bioguideId>E000215</bioguideId>
        </identifiers>
        <isOriginalCosponsor>False</isOriginalCosponsor>
        <firstName>ANNA</firstName>
        <sponsorshipWithdrawnDate />
        <sponsorshipDate>2013-07-19</sponsorshipDate>
        <party>D</party>
        <district>18</district>
        <fullName>Rep. Eshoo, Anna G. [D-CA-18]</fullName>
        <state>CA</state>
        <bioguideId>E000215</bioguideId>
        <lastName>ESHOO</lastName>
        <middleName>G.</middleName>
      </item>
      <item>
        <identifiers>
          <bioguideId>M001185</bioguideId>
          <gpoId />
          <lisID>2150</lisID>
        </identifiers>
        <isOriginalCosponsor>False</isOriginalCosponsor>
        <firstName>Sean</firstName>
        <sponsorshipWithdrawnDate />
        <sponsorshipDate>2013-07-24</sponsorshipDate>
        <party>D</party>
        <district>18</district>
        <fullName>Rep. Maloney, Sean Patrick [D-NY-18]</fullName>
        <state>NY</state>
        <bioguideId>M001185</bioguideId>
        <lastName>Maloney</lastName>
        <middleName>Patrick</middleName>
      </item>
      <item>
        <identifiers>
          <lisID>1914</lisID>
          <bioguideId>G000556</bioguideId>
          <gpoId>7302</gpoId>
        </identifiers>
        <isOriginalCosponsor>False</isOriginalCosponsor>
        <firstName>Alan</firstName>
        <sponsorshipWithdrawnDate />
        <sponsorshipDate>2013-07-24</sponsorshipDate>
        <party>D</party>
        <district>9</district>
        <fullName>Rep. Grayson, Alan [D-FL-9]</fullName>
        <state>FL</state>
        <bioguideId>G000556</bioguideId>
        <lastName>Grayson</lastName>
        <middleName />
      </item>
      <item>
        <identifiers>
          <lisID>2002</lisID>
          <gpoId>7880</gpoId>
          <bioguideId>W000806</bioguideId>
        </identifiers>
        <isOriginalCosponsor>False</isOriginalCosponsor>
        <firstName>Daniel</firstName>
        <sponsorshipWithdrawnDate />
        <sponsorshipDate>2013-07-24</sponsorshipDate>
        <party>R</party>
        <district>10</district>
        <fullName>Rep. Webster, Daniel [R-FL-10]</fullName>
        <state>FL</state>
        <bioguideId>W000806</bioguideId>
        <lastName>Webster</lastName>
        <middleName />
      </item>
      <item>
        <identifiers>
          <lisID>2110</lisID>
          <gpoId />
          <bioguideId>T000472</bioguideId>
        </identifiers>
        <isOriginalCosponsor>False</isOriginalCosponsor>
        <firstName>Mark</firstName>
        <sponsorshipWithdrawnDate />
        <sponsorshipDate>2013-07-24</sponsorshipDate>
        <party>D</party>
        <district>41</district>
        <fullName>Rep. Takano, Mark [D-CA-41]</fullName>
        <state>CA</state>
        <bioguideId>T000472</bioguideId>
        <lastName>Takano</lastName>
        <middleName />
      </item>
      <item>
        <identifiers>
          <bioguideId>S001150</bioguideId>
          <gpoId>7834</gpoId>
          <lisID>1635</lisID>
        </identifiers>
        <isOriginalCosponsor>False</isOriginalCosponsor>
        <firstName>ADAM</firstName>
        <sponsorshipWithdrawnDate />
        <sponsorshipDate>2013-07-24</sponsorshipDate>
        <party>D</party>
        <district>28</district>
        <fullName>Rep. Schiff, Adam B. [D-CA-28]</fullName>
        <state>CA</state>
        <bioguideId>S001150</bioguideId>
        <lastName>SCHIFF</lastName>
        <middleName>B.</middleName>
      </item>
      <item>
        <identifiers>
          <gpoId>7860</gpoId>
          <lisID>1910</lisID>
          <bioguideId>P000598</bioguideId>
        </identifiers>
        <isOriginalCosponsor>False</isOriginalCosponsor>
        <firstName>Jared</firstName>
        <sponsorshipWithdrawnDate />
        <sponsorshipDate>2013-08-02</sponsorshipDate>
        <party>D</party>
        <district>2</district>
        <fullName>Rep. Polis, Jared [D-CO-2]</fullName>
        <state>CO</state>
        <bioguideId>P000598</bioguideId>
        <lastName>Polis</lastName>
        <middleName />
      </item>
      <item>
        <identifiers>
          <bioguideId>B001259</bioguideId>
          <gpoId>7914</gpoId>
          <lisID>1845</lisID>
        </identifiers>
        <isOriginalCosponsor>False</isOriginalCosponsor>
        <firstName>Bruce</firstName>
        <sponsorshipWithdrawnDate />
        <sponsorshipDate>2013-08-02</sponsorshipDate>
        <party>D</party>
        <district>1</district>
        <fullName>Rep. Braley, Bruce L. [D-IA-1]</fullName>
        <state>IA</state>
        <bioguideId>B001259</bioguideId>
        <lastName>Braley</lastName>
        <middleName>L.</middleName>
      </item>
      <item>
        <identifiers>
          <lisID>1042</lisID>
          <bioguideId>S000248</bioguideId>
          <gpoId>8077</gpoId>
        </identifiers>
        <isOriginalCosponsor>False</isOriginalCosponsor>
        <firstName>JOSE</firstName>
        <sponsorshipWithdrawnDate />
        <sponsorshipDate>2013-08-02</sponsorshipDate>
        <party>D</party>
        <district>15</district>
        <fullName>Rep. Serrano, Jose E. [D-NY-15]</fullName>
        <state>NY</state>
        <bioguideId>S000248</bioguideId>
        <lastName>SERRANO</lastName>
        <middleName>E.</middleName>
      </item>
      <item>
        <identifiers>
          <bioguideId>T000465</bioguideId>
          <gpoId>7970</gpoId>
          <lisID>1884</lisID>
        </identifiers>
        <isOriginalCosponsor>False</isOriginalCosponsor>
        <firstName>Niki</firstName>
        <sponsorshipWithdrawnDate />
        <sponsorshipDate>2013-09-17</sponsorshipDate>
        <party>D</party>
        <district>3</district>
        <fullName>Rep. Tsongas, Niki [D-MA-3]</fullName>
        <state>MA</state>
        <bioguideId>T000465</bioguideId>
        <lastName>Tsongas</lastName>
        <middleName />
      </item>
      <item>
        <identifiers>
          <lisID>1994</lisID>
          <bioguideId>S001183</bioguideId>
          <gpoId>7802</gpoId>
        </identifiers>
        <isOriginalCosponsor>False</isOriginalCosponsor>
        <firstName>David</firstName>
        <sponsorshipWithdrawnDate />
        <sponsorshipDate>2013-09-17</sponsorshipDate>
        <party>R</party>
        <district>6</district>
        <fullName>Rep. Schweikert, David [R-AZ-6]</fullName>
        <state>AZ</state>
        <bioguideId>S001183</bioguideId>
        <lastName>Schweikert</lastName>
        <middleName />
      </item>
      <item>
        <identifiers>
          <bioguideId>V000131</bioguideId>
          <gpoId />
          <lisID>2166</lisID>
        </identifiers>
        <isOriginalCosponsor>False</isOriginalCosponsor>
        <firstName>Marc</firstName>
        <sponsorshipWithdrawnDate />
        <sponsorshipDate>2013-09-17</sponsorshipDate>
        <party>D</party>
        <district>33</district>
        <fullName>Rep. Veasey, Marc A. [D-TX-33]</fullName>
        <state>TX</state>
        <bioguideId>V000131</bioguideId>
        <lastName>Veasey</lastName>
        <middleName>A.</middleName>
      </item>
      <item>
        <identifiers>
          <gpoId>8138</gpoId>
          <lisID>1953</lisID>
          <bioguideId>P000596</bioguideId>
        </identifiers>
        <isOriginalCosponsor>False</isOriginalCosponsor>
        <firstName>Pedro</firstName>
        <sponsorshipWithdrawnDate />
        <sponsorshipDate>2013-09-17</sponsorshipDate>
        <party>D</party>
        <district>0</district>
        <fullName>Rep. Pierluisi, Pedro R. [D-PR-At Large]</fullName>
        <state>PR</state>
        <bioguideId>P000596</bioguideId>
        <lastName>Pierluisi</lastName>
        <middleName>R.</middleName>
      </item>
      <item>
        <identifiers>
          <lisID>2112</lisID>
          <bioguideId>V000130</bioguideId>
          <gpoId />
        </identifiers>
        <isOriginalCosponsor>False</isOriginalCosponsor>
        <firstName>Juan</firstName>
        <sponsorshipWithdrawnDate />
        <sponsorshipDate>2013-09-17</sponsorshipDate>
        <party>D</party>
        <district>51</district>
        <fullName>Rep. Vargas, Juan [D-CA-51]</fullName>
        <state>CA</state>
        <bioguideId>V000130</bioguideId>
        <lastName>Vargas</lastName>
        <middleName />
      </item>
      <item>
        <identifiers>
          <bioguideId>W000215</bioguideId>
          <lisID>1209</lisID>
          <gpoId>7835</gpoId>
        </identifiers>
        <isOriginalCosponsor>False</isOriginalCosponsor>
        <firstName>HENRY</firstName>
        <sponsorshipWithdrawnDate />
        <sponsorshipDate>2013-09-26</sponsorshipDate>
        <party>D</party>
        <district>33</district>
        <fullName>Rep. Waxman, Henry A. [D-CA-33]</fullName>
        <state>CA</state>
        <bioguideId>W000215</bioguideId>
        <lastName>WAXMAN</lastName>
        <middleName>A.</middleName>
      </item>
      <item>
        <identifiers>
          <lisID>930</lisID>
          <gpoId>8027</gpoId>
          <bioguideId>P000523</bioguideId>
        </identifiers>
        <isOriginalCosponsor>False</isOriginalCosponsor>
        <firstName>DAVID</firstName>
        <sponsorshipWithdrawnDate />
        <sponsorshipDate>2013-11-15</sponsorshipDate>
        <party>D</party>
        <district>4</district>
        <fullName>Rep. Price, David E. [D-NC-4]</fullName>
        <state>NC</state>
        <bioguideId>P000523</bioguideId>
        <lastName>PRICE</lastName>
        <middleName>E.</middleName>
      </item>
    </cosponsors>
    <billType>HRES</billType>
    <cboCostEstimates />
    <recordedVotes />
    <relatedBills />
    <actions>
      <item>
        <text>Referred to House Ways and Means</text>
        <committee>
          <systemCode>hswm00</systemCode>
          <name>Ways and Means Committee</name>
        </committee>
        <actionCode>H11100</actionCode>
        <sourceSystem>
          <code>2</code>
          <name>House floor actions</name>
        </sourceSystem>
        <type>IntroReferral</type>
        <actionDate>2013-06-28</actionDate>
        <links />
      </item>
      <item>
        <text>Referred to the Committee on Natural Resources, and in addition to the Committee on Ways and Means, for a period to be subsequently determined by the Speaker, in each case for consideration of such provisions as fall within the jurisdiction of the committee concerned.</text>
        <committee />
        <actionCode>H11100-A</actionCode>
        <sourceSystem>
          <code>9</code>
          <name>Library of Congress</name>
        </sourceSystem>
        <type>IntroReferral</type>
        <actionDate>2013-06-28</actionDate>
        <links />
      </item>
      <item>
        <text>Referred to House Natural Resources</text>
        <committee>
          <systemCode>hsii00</systemCode>
          <name>Natural Resources Committee</name>
        </committee>
        <actionCode>H11100</actionCode>
        <sourceSystem>
          <code>2</code>
          <name>House floor actions</name>
        </sourceSystem>
        <type>IntroReferral</type>
        <actionDate>2013-06-28</actionDate>
        <links />
      </item>
      <item>
        <text>Introduced in House</text>
        <committee />
        <actionCode>Intro-H</actionCode>
        <sourceSystem>
          <code>9</code>
          <name>Library of Congress</name>
        </sourceSystem>
        <type>IntroReferral</type>
        <actionDate>2013-06-28</actionDate>
        <links />
      </item>
      <item>
        <text>Introduced in House</text>
        <committee />
        <actionCode>1000</actionCode>
        <sourceSystem>
          <code>9</code>
          <name>Library of Congress</name>
        </sourceSystem>
        <type>IntroReferral</type>
        <actionDate>2013-06-28</actionDate>
        <links />
      </item>
      <actionByCounts>
        <houseOfRepresentatives>5</houseOfRepresentatives>
      </actionByCounts>
      <actionTypeCounts>
        <billReferrals>2</billReferrals>
        <introducedInHouse>1</introducedInHouse>
        <introducedInTheHouse>1</introducedInTheHouse>
        <billReferralsAggregate>1</billReferralsAggregate>
      </actionTypeCounts>
    </actions>
    <notes />
    <latestAction>
      <actionDate>2013-06-28</actionDate>
      <links />
      <text>Referred to House Ways and Means</text>
    </latestAction>
    <introducedDate>2013-06-28</introducedDate>
    <sponsors>
      <item>
        <fullName>Rep. Buchanan, Vern [R-FL-16]</fullName>
        <firstName>Vern</firstName>
        <byRequestType />
        <identifiers>
          <gpoId>7885</gpoId>
          <lisID>1840</lisID>
          <bioguideId>B001260</bioguideId>
        </identifiers>
        <middleName />
        <bioguideId>B001260</bioguideId>
        <district>16</district>
        <party>R</party>
        <state>FL</state>
        <lastName>Buchanan</lastName>
      </item>
    </sponsors>
    <constitutionalAuthorityStatementText />
    <calendarNumbers />
    <committeeReports />
    <amendments />
    <createDate>2013-06-29T07:01:31Z</createDate>
    <originChamber>House</originChamber>
    <titles>
      <item>
        <title>Expressing the sense of the House of Representatives that the United States should ban and prevent the import of shark fins from sharks caught through the practice of finning, and for other purposes.</title>
        <parentTitleType />
        <titleType>Official Title as Introduced</titleType>
        <chamberCode />
        <chamberName />
      </item>
      <item>
        <title>Expressing the sense of the House of Representatives that the United States should ban and prevent the import of shark fins from sharks caught through the practice of finning, and for other purposes.</title>
        <parentTitleType />
        <titleType>Display Title</titleType>
        <chamberCode />
        <chamberName />
      </item>
    </titles>
  </bill>
  <dublinCore xmlns:dc="http://purl.org/dc/elements/1.1/">
    <dc:format>text/xml</dc:format>
    <dc:language>EN</dc:language>
    <dc:rights>Pursuant to Title 17 Section 105 of the United States Code, this file is not subject to copyright protection and is in the public domain.</dc:rights>
    <dc:contributor>Congressional Research Service, Library of Congress</dc:contributor>
    <dc:description>This file contains bill summaries and statuses for federal legislation. A bill summary describes the most significant provisions of a piece of legislation and details the effects the legislative text may have on current law and federal programs. Bill summaries are authored by the Congressional Research Service (CRS) of the Library of Congress. As stated in Public Law 91-510 (2 USC 166 (d)(6)), one of the duties of CRS is "to prepare summaries and digests of bills and resolutions of a public general nature introduced in the Senate or House of Representatives". For more information, refer to the User Guide that accompanies this file.</dc:description>
  </dublinCore>
</billStatus>

