<?xml version="1.0" encoding="UTF-8"?>
<billStatus>
  <bill>
    <committeeReports />
    <committees>
      <billCommittees>
        <item>
          <activities>
            <item>
              <date>2013-10-23T14:03:10Z</date>
              <name>Referred to</name>
            </item>
          </activities>
          <chamber>House</chamber>
          <subcommittees />
          <systemCode>hsgo00</systemCode>
          <type>Standing</type>
          <name>Oversight and Government Reform Committee</name>
        </item>
      </billCommittees>
    </committees>
    <createDate>2013-10-24T07:01:03Z</createDate>
    <amendments />
    <policyArea>
      <name>Government Operations and Politics</name>
    </policyArea>
    <sponsors>
      <item>
        <district>0</district>
        <firstName>ELEANOR</firstName>
        <bioguideId>N000147</bioguideId>
        <identifiers>
          <bioguideId>N000147</bioguideId>
          <gpoId>7871</gpoId>
          <lisID>868</lisID>
        </identifiers>
        <lastName>NORTON</lastName>
        <middleName>HOLMES</middleName>
        <byRequestType />
        <fullName>Rep. Norton, Eleanor Holmes [D-DC-At Large]</fullName>
        <party>D</party>
        <state>DC</state>
      </item>
    </sponsors>
    <subjects>
      <billSubjects>
        <legislativeSubjects>
          <item>
            <name>Congressional tributes</name>
          </item>
          <item>
            <name>Crime victims</name>
          </item>
          <item>
            <name>Government employee pay, benefits, personnel management</name>
          </item>
          <item>
            <name>Infectious and parasitic diseases</name>
          </item>
          <item>
            <name>Postal service</name>
          </item>
          <item>
            <name>Terrorism</name>
          </item>
          <item>
            <name>U.S. Postal Service</name>
          </item>
        </legislativeSubjects>
        <policyArea>
          <name>Government Operations and Politics</name>
        </policyArea>
      </billSubjects>
    </subjects>
    <notes />
    <cosponsors />
    <title>Honoring the lives, work, and sacrifice of Joseph Curseen, Jr., and Thomas Morris, Jr., the two United States Postal Service employees and Washington, DC, natives who died as a result of their contact with anthrax while working at the United States Postal Facility located at 900 Brentwood Road, NE, Washington, DC, during the anthrax attack in the fall of 2001, United States Postal Service employees, who have continued to work diligently in service to the people of the United States notwithstanding the anthrax attacks, as well as the three other Americans who died and the 17 who became ill in the attacks.</title>
    <billNumber>390</billNumber>
    <cboCostEstimates />
    <titles>
      <item>
        <title>Honoring the lives, work, and sacrifice of Joseph Curseen, Jr., and Thomas Morris, Jr., the two United States Postal Service employees and Washington, DC, natives who died as a result of their contact with anthrax while working at the United States Postal Facility located at 900 Brentwood Road, NE, Washington, DC, during the anthrax attack in the fall of 2001, United States Postal Service employees, who have continued to work diligently in service to the people of the United States notwithstanding the anthrax attacks, as well as the three other Americans who died and the 17 who became ill in the attacks.</title>
        <chamberName />
        <chamberCode />
        <titleType>Official Title as Introduced</titleType>
        <parentTitleType />
      </item>
      <item>
        <title>Honoring the lives, work, and sacrifice of Joseph Curseen, Jr., and Thomas Morris, Jr., the two United States Postal Service employees and Washington, DC, natives who died as a result of their contact with anthrax while working at the United States Postal Facility located at 900 Brentwood Road, NE, Washington, DC, during the anthrax attack in the fall of 2001, United States Postal Service employees, who have continued to work diligently in service to the people of the United States notwithstanding the anthrax attacks, as well as the three other Americans who died and the 17 who became ill in the attacks.</title>
        <chamberName />
        <chamberCode />
        <titleType>Display Title</titleType>
        <parentTitleType />
      </item>
    </titles>
    <summaries>
      <billSummaries>
        <item>
          <versionCode>00</versionCode>
          <actionDate>2013-10-23</actionDate>
          <name>Introduced in House</name>
          <lastSummaryUpdateDate>2013-11-05T21:11:23Z</lastSummaryUpdateDate>
          <text><![CDATA[<p>Honors the lives and work of Joseph Curseen, Jr., and Thomas Morris, Jr., who died while performing their duties as U.S. Postal Service (USPS) employees during the anthrax attacks in the fall of 2001, and the 3 other citizens who died and the 17 who became ill in such attacks. </p>]]></text>
          <actionDesc>Introduced in House</actionDesc>
          <updateDate>2013-10-23T04:00:00Z</updateDate>
        </item>
      </billSummaries>
    </summaries>
    <relatedBills />
    <calendarNumbers />
    <recordedVotes />
    <introducedDate>2013-10-23</introducedDate>
    <latestAction>
      <links />
      <actionDate>2013-10-23</actionDate>
      <text>Referred to the House Committee on Oversight and Government Reform.</text>
    </latestAction>
    <congress>113</congress>
    <constitutionalAuthorityStatementText />
    <billType>HRES</billType>
    <actions>
      <item>
        <text>Referred to the House Committee on Oversight and Government Reform.</text>
        <committee>
          <systemCode>hsgo00</systemCode>
          <name>Oversight and Government Reform Committee</name>
        </committee>
        <actionCode>H11100</actionCode>
        <sourceSystem>
          <code>2</code>
          <name>House floor actions</name>
        </sourceSystem>
        <type>IntroReferral</type>
        <actionDate>2013-10-23</actionDate>
        <links />
      </item>
      <item>
        <text>Introduced in House</text>
        <committee />
        <actionCode>Intro-H</actionCode>
        <sourceSystem>
          <code>9</code>
          <name>Library of Congress</name>
        </sourceSystem>
        <type>IntroReferral</type>
        <actionDate>2013-10-23</actionDate>
        <links />
      </item>
      <item>
        <text>Introduced in House</text>
        <committee />
        <actionCode>1000</actionCode>
        <sourceSystem>
          <code>9</code>
          <name>Library of Congress</name>
        </sourceSystem>
        <type>IntroReferral</type>
        <actionDate>2013-10-23</actionDate>
        <links />
      </item>
      <actionByCounts>
        <houseOfRepresentatives>3</houseOfRepresentatives>
      </actionByCounts>
      <actionTypeCounts>
        <introducedInHouse>1</introducedInHouse>
        <introducedInTheHouse>1</introducedInTheHouse>
        <billReferrals>1</billReferrals>
      </actionTypeCounts>
    </actions>
    <originChamber>House</originChamber>
    <laws />
    <updateDate>2016-10-25T15:55:12Z</updateDate>
  </bill>
  <dublinCore xmlns:dc="http://purl.org/dc/elements/1.1/">
    <dc:format>text/xml</dc:format>
    <dc:language>EN</dc:language>
    <dc:rights>Pursuant to Title 17 Section 105 of the United States Code, this file is not subject to copyright protection and is in the public domain.</dc:rights>
    <dc:contributor>Congressional Research Service, Library of Congress</dc:contributor>
    <dc:description>This file contains bill summaries and statuses for federal legislation. A bill summary describes the most significant provisions of a piece of legislation and details the effects the legislative text may have on current law and federal programs. Bill summaries are authored by the Congressional Research Service (CRS) of the Library of Congress. As stated in Public Law 91-510 (2 USC 166 (d)(6)), one of the duties of CRS is "to prepare summaries and digests of bills and resolutions of a public general nature introduced in the Senate or House of Representatives". For more information, refer to the User Guide that accompanies this file.</dc:description>
  </dublinCore>
</billStatus>

