<?xml version="1.0" encoding="UTF-8"?>
<billStatus>
  <bill>
    <committeeReports />
    <originChamber>House</originChamber>
    <titles>
      <item>
        <title>Expressing support for Lunchtime Music on the Mall in Washington, DC, to benefit the District of Columbia, regional residents, and visitors and recognizing the public service of the performers and sponsors.</title>
        <titleType>Official Title as Introduced</titleType>
        <chamberCode />
        <chamberName />
        <parentTitleType />
      </item>
      <item>
        <title>Expressing support for Lunchtime Music on the Mall in Washington, DC, to benefit the District of Columbia, regional residents, and visitors and recognizing the public service of the performers and sponsors.</title>
        <titleType>Display Title</titleType>
        <chamberCode />
        <chamberName />
        <parentTitleType />
      </item>
    </titles>
    <sponsors>
      <item>
        <state>DC</state>
        <byRequestType />
        <fullName>Rep. Norton, Eleanor Holmes [D-DC-At Large]</fullName>
        <lastName>NORTON</lastName>
        <identifiers>
          <lisID>868</lisID>
          <gpoId>7871</gpoId>
          <bioguideId>N000147</bioguideId>
        </identifiers>
        <middleName>HOLMES</middleName>
        <bioguideId>N000147</bioguideId>
        <district>0</district>
        <party>D</party>
        <firstName>ELEANOR</firstName>
      </item>
    </sponsors>
    <billNumber>618</billNumber>
    <recordedVotes />
    <latestAction>
      <links />
      <text>Referred to the House Committee on Natural Resources.</text>
      <actionDate>2014-06-10</actionDate>
    </latestAction>
    <laws />
    <title>Expressing support for Lunchtime Music on the Mall in Washington, DC, to benefit the District of Columbia, regional residents, and visitors and recognizing the public service of the performers and sponsors.</title>
    <billType>HRES</billType>
    <introducedDate>2014-06-10</introducedDate>
    <updateDate>2016-10-25T15:55:46Z</updateDate>
    <calendarNumbers />
    <amendments />
    <cboCostEstimates />
    <policyArea>
      <name>Public Lands and Natural Resources</name>
    </policyArea>
    <createDate>2014-06-11T07:11:03Z</createDate>
    <notes />
    <constitutionalAuthorityStatementText />
    <committees>
      <billCommittees>
        <item>
          <subcommittees />
          <chamber>House</chamber>
          <systemCode>hsii00</systemCode>
          <activities>
            <item>
              <date>2014-06-10T14:00:39Z</date>
              <name>Referred to</name>
            </item>
          </activities>
          <type>Standing</type>
          <name>Natural Resources Committee</name>
        </item>
      </billCommittees>
    </committees>
    <cosponsors />
    <congress>113</congress>
    <relatedBills>
      <item>
        <latestAction>
          <actionDate>2013-06-03</actionDate>
          <text>Referred to the House Committee on Natural Resources.</text>
        </latestAction>
        <congress>113</congress>
        <latestTitle>Expressing support for Lunchtime Music on the Mall in Washington, DC, to benefit the District of Columbia, regional residents, and visitors and recognizing the public service of the performers and sponsors.</latestTitle>
        <relationshipDetails>
          <item>
            <type>Related bill</type>
            <identifiedBy>CRS</identifiedBy>
          </item>
        </relationshipDetails>
        <type>HRES</type>
        <number>244</number>
      </item>
    </relatedBills>
    <summaries>
      <billSummaries>
        <item>
          <updateDate>2014-06-10T04:00:00Z</updateDate>
          <versionCode>00</versionCode>
          <lastSummaryUpdateDate>2014-08-11T16:00:57Z</lastSummaryUpdateDate>
          <name>Introduced in House</name>
          <actionDate>2014-06-10</actionDate>
          <actionDesc>Introduced in House</actionDesc>
          <text><![CDATA[<p>Recognizes and commends: (1) Lunchtime Music on the Mall as enhancing urban life and musical culture in the nation's capital and appreciation of the National Mall; (2) the performers who participate in Lunchtime Music on the Mall; and (3) the National Park Service, the Washington Metropolitan Area Transit Authority, and the D.C. Commission on the Arts and Humanities for their public service in providing live music performances at no charge to the public. </p>]]></text>
        </item>
      </billSummaries>
    </summaries>
    <actions>
      <actionTypeCounts>
        <billReferrals>1</billReferrals>
        <introducedInTheHouse>1</introducedInTheHouse>
        <introducedInHouse>1</introducedInHouse>
      </actionTypeCounts>
      <item>
        <actionDate>2014-06-10</actionDate>
        <sourceSystem>
          <code>2</code>
          <name>House floor actions</name>
        </sourceSystem>
        <text>Referred to the House Committee on Natural Resources.</text>
        <type>IntroReferral</type>
        <links />
        <actionCode>H11100</actionCode>
        <committee>
          <name>Natural Resources Committee</name>
          <systemCode>hsii00</systemCode>
        </committee>
      </item>
      <item>
        <actionDate>2014-06-10</actionDate>
        <sourceSystem>
          <code>9</code>
          <name>Library of Congress</name>
        </sourceSystem>
        <text>Introduced in House</text>
        <type>IntroReferral</type>
        <links />
        <actionCode>Intro-H</actionCode>
        <committee />
      </item>
      <item>
        <actionDate>2014-06-10</actionDate>
        <sourceSystem>
          <code>9</code>
          <name>Library of Congress</name>
        </sourceSystem>
        <text>Introduced in House</text>
        <type>IntroReferral</type>
        <links />
        <actionCode>1000</actionCode>
        <committee />
      </item>
      <actionByCounts>
        <houseOfRepresentatives>3</houseOfRepresentatives>
      </actionByCounts>
    </actions>
    <subjects>
      <billSubjects>
        <legislativeSubjects>
          <item>
            <name>Congressional tributes</name>
          </item>
          <item>
            <name>Department of the Interior</name>
          </item>
          <item>
            <name>District of Columbia</name>
          </item>
          <item>
            <name>Music</name>
          </item>
          <item>
            <name>Parks, recreation areas, trails</name>
          </item>
          <item>
            <name>Performing arts</name>
          </item>
          <item>
            <name>Public transit</name>
          </item>
          <item>
            <name>State and local government operations</name>
          </item>
        </legislativeSubjects>
        <policyArea>
          <name>Public Lands and Natural Resources</name>
        </policyArea>
      </billSubjects>
    </subjects>
  </bill>
  <dublinCore xmlns:dc="http://purl.org/dc/elements/1.1/">
    <dc:format>text/xml</dc:format>
    <dc:language>EN</dc:language>
    <dc:rights>Pursuant to Title 17 Section 105 of the United States Code, this file is not subject to copyright protection and is in the public domain.</dc:rights>
    <dc:contributor>Congressional Research Service, Library of Congress</dc:contributor>
    <dc:description>This file contains bill summaries and statuses for federal legislation. A bill summary describes the most significant provisions of a piece of legislation and details the effects the legislative text may have on current law and federal programs. Bill summaries are authored by the Congressional Research Service (CRS) of the Library of Congress. As stated in Public Law 91-510 (2 USC 166 (d)(6)), one of the duties of CRS is "to prepare summaries and digests of bills and resolutions of a public general nature introduced in the Senate or House of Representatives". For more information, refer to the User Guide that accompanies this file.</dc:description>
  </dublinCore>
</billStatus>

