<?xml version="1.0" encoding="UTF-8"?>
<billStatus>
  <bill>
    <billType>HRES</billType>
    <laws />
    <recordedVotes />
    <actions>
      <actionTypeCounts>
        <billReferrals>1</billReferrals>
        <introducedInTheHouse>1</introducedInTheHouse>
        <introducedInHouse>1</introducedInHouse>
      </actionTypeCounts>
      <item>
        <actionDate>2014-09-16</actionDate>
        <sourceSystem>
          <code>2</code>
          <name>House floor actions</name>
        </sourceSystem>
        <text>Referred to the House Committee on Small Business.</text>
        <type>IntroReferral</type>
        <links />
        <actionCode>H11100</actionCode>
        <committee>
          <name>Small Business Committee</name>
          <systemCode>hssm00</systemCode>
        </committee>
      </item>
      <item>
        <actionDate>2014-09-16</actionDate>
        <sourceSystem>
          <code>9</code>
          <name>Library of Congress</name>
        </sourceSystem>
        <text>Introduced in House</text>
        <type>IntroReferral</type>
        <links />
        <actionCode>Intro-H</actionCode>
        <committee />
      </item>
      <item>
        <actionDate>2014-09-16</actionDate>
        <sourceSystem>
          <code>9</code>
          <name>Library of Congress</name>
        </sourceSystem>
        <text>Introduced in House</text>
        <type>IntroReferral</type>
        <links />
        <actionCode>1000</actionCode>
        <committee />
      </item>
      <actionByCounts>
        <houseOfRepresentatives>3</houseOfRepresentatives>
      </actionByCounts>
    </actions>
    <billNumber>728</billNumber>
    <policyArea>
      <name>Commerce</name>
    </policyArea>
    <notes />
    <latestAction>
      <actionDate>2014-09-16</actionDate>
      <links />
      <text>Referred to the House Committee on Small Business.</text>
    </latestAction>
    <relatedBills>
      <item>
        <latestTitle>A resolution designating November 30, 2013, as "Small Business Saturday" and supporting efforts to increase awareness of the value of locally owned small business.</latestTitle>
        <number>313</number>
        <latestAction>
          <text>Referred to the Committee on the Judiciary. (text of measure as introduced: CR S8573)</text>
          <actionDate>2013-12-09</actionDate>
        </latestAction>
        <type>SRES</type>
        <congress>113</congress>
        <relationshipDetails>
          <item>
            <identifiedBy>CRS</identifiedBy>
            <type>Related bill</type>
          </item>
        </relationshipDetails>
      </item>
      <item>
        <latestTitle>A resolution designating November 29, 2014, as "Small Business Saturday" and supporting efforts to increase awareness of the value of locally owned small businesses.</latestTitle>
        <number>548</number>
        <latestAction>
          <text>Submitted in the Senate, considered, and agreed to without amendment and with a preamble by Unanimous Consent. (consideration: CR S5650; text as passed Senate: CR S5635)</text>
          <actionDate>2014-09-16</actionDate>
        </latestAction>
        <type>SRES</type>
        <congress>113</congress>
        <relationshipDetails>
          <item>
            <identifiedBy>CRS</identifiedBy>
            <type>Related bill</type>
          </item>
        </relationshipDetails>
      </item>
      <item>
        <latestTitle>Expressing support for the designation of a "Small Business Saturday" and supporting efforts to increase awareness of the value of locally owned small businesses.</latestTitle>
        <number>410</number>
        <latestAction>
          <text>Referred to the House Committee on Small Business.</text>
          <actionDate>2013-11-13</actionDate>
        </latestAction>
        <type>HRES</type>
        <congress>113</congress>
        <relationshipDetails>
          <item>
            <identifiedBy>CRS</identifiedBy>
            <type>Identical bill</type>
          </item>
        </relationshipDetails>
      </item>
    </relatedBills>
    <committees>
      <billCommittees>
        <item>
          <subcommittees />
          <type>Standing</type>
          <activities>
            <item>
              <name>Referred to</name>
              <date>2014-09-16T14:01:30Z</date>
            </item>
          </activities>
          <systemCode>hssm00</systemCode>
          <name>Small Business Committee</name>
          <chamber>House</chamber>
        </item>
      </billCommittees>
    </committees>
    <cosponsors>
      <item>
        <district>2</district>
        <fullName>Rep. Barber, Ron [D-AZ-2]</fullName>
        <sponsorshipWithdrawnDate />
        <bioguideId>B001279</bioguideId>
        <identifiers>
          <bioguideId>B001279</bioguideId>
          <gpoId>8368</gpoId>
          <lisID>2093</lisID>
        </identifiers>
        <party>D</party>
        <lastName>Barber</lastName>
        <firstName>Ron</firstName>
        <state>AZ</state>
        <isOriginalCosponsor>False</isOriginalCosponsor>
        <sponsorshipDate>2014-11-12</sponsorshipDate>
        <middleName />
      </item>
      <item>
        <district>2</district>
        <fullName>Rep. Richmond, Cedric L. [D-LA-2]</fullName>
        <sponsorshipWithdrawnDate />
        <bioguideId>R000588</bioguideId>
        <identifiers>
          <lisID>2023</lisID>
          <gpoId>7960</gpoId>
          <bioguideId>R000588</bioguideId>
        </identifiers>
        <party>D</party>
        <lastName>Richmond</lastName>
        <firstName>Cedric</firstName>
        <state>LA</state>
        <isOriginalCosponsor>False</isOriginalCosponsor>
        <sponsorshipDate>2014-11-12</sponsorshipDate>
        <middleName>L.</middleName>
      </item>
      <item>
        <district>4</district>
        <fullName>Rep. Moore, Gwen [D-WI-4]</fullName>
        <sponsorshipWithdrawnDate />
        <bioguideId>M001160</bioguideId>
        <identifiers>
          <bioguideId>M001160</bioguideId>
          <lisID>1811</lisID>
          <gpoId>8217</gpoId>
        </identifiers>
        <party>D</party>
        <lastName>Moore</lastName>
        <firstName>Gwen</firstName>
        <state>WI</state>
        <isOriginalCosponsor>False</isOriginalCosponsor>
        <sponsorshipDate>2014-11-12</sponsorshipDate>
        <middleName />
      </item>
      <item>
        <district>3</district>
        <fullName>Rep. Herrera Beutler, Jaime [R-WA-3]</fullName>
        <sponsorshipWithdrawnDate />
        <bioguideId>H001056</bioguideId>
        <identifiers>
          <gpoId>8207</gpoId>
          <lisID>2071</lisID>
          <bioguideId>H001056</bioguideId>
        </identifiers>
        <party>R</party>
        <lastName>Herrera Beutler</lastName>
        <firstName>Jaime</firstName>
        <state>WA</state>
        <isOriginalCosponsor>False</isOriginalCosponsor>
        <sponsorshipDate>2014-11-12</sponsorshipDate>
        <middleName />
      </item>
      <item>
        <district>2</district>
        <fullName>Rep. Ellmers, Renee L. [R-NC-2]</fullName>
        <sponsorshipWithdrawnDate />
        <bioguideId>E000291</bioguideId>
        <identifiers>
          <gpoId>8025</gpoId>
          <lisID>2036</lisID>
          <bioguideId>E000291</bioguideId>
        </identifiers>
        <party>R</party>
        <lastName>Ellmers</lastName>
        <firstName>Renee</firstName>
        <state>NC</state>
        <isOriginalCosponsor>False</isOriginalCosponsor>
        <sponsorshipDate>2014-11-12</sponsorshipDate>
        <middleName>L.</middleName>
      </item>
      <item>
        <district>18</district>
        <fullName>Rep. Murphy, Patrick [D-FL-18]</fullName>
        <sponsorshipWithdrawnDate />
        <bioguideId>M001191</bioguideId>
        <identifiers>
          <bioguideId>M001191</bioguideId>
          <gpoId />
          <lisID>2117</lisID>
        </identifiers>
        <party>D</party>
        <lastName>Murphy</lastName>
        <firstName>Patrick</firstName>
        <state>FL</state>
        <isOriginalCosponsor>False</isOriginalCosponsor>
        <sponsorshipDate>2014-11-12</sponsorshipDate>
        <middleName />
      </item>
      <item>
        <district>3</district>
        <fullName>Rep. Tipton, Scott  R. [R-CO-3]</fullName>
        <sponsorshipWithdrawnDate />
        <bioguideId>T000470</bioguideId>
        <identifiers>
          <lisID>1997</lisID>
          <gpoId>7861</gpoId>
          <bioguideId>T000470</bioguideId>
        </identifiers>
        <party>R</party>
        <lastName>Tipton</lastName>
        <firstName>Scott</firstName>
        <state>CO</state>
        <isOriginalCosponsor>False</isOriginalCosponsor>
        <sponsorshipDate>2014-11-12</sponsorshipDate>
        <middleName>R.</middleName>
      </item>
      <item>
        <district>1</district>
        <fullName>Rep. Pingree, Chellie [D-ME-1]</fullName>
        <sponsorshipWithdrawnDate />
        <bioguideId>P000597</bioguideId>
        <identifiers>
          <bioguideId>P000597</bioguideId>
          <lisID>1927</lisID>
          <gpoId>7984</gpoId>
        </identifiers>
        <party>D</party>
        <lastName>Pingree</lastName>
        <firstName>Chellie</firstName>
        <state>ME</state>
        <isOriginalCosponsor>False</isOriginalCosponsor>
        <sponsorshipDate>2014-11-12</sponsorshipDate>
        <middleName />
      </item>
      <item>
        <district>27</district>
        <fullName>Rep. Collins, Chris [R-NY-27]</fullName>
        <sponsorshipWithdrawnDate />
        <bioguideId>C001092</bioguideId>
        <identifiers>
          <lisID>2151</lisID>
          <gpoId />
          <bioguideId>C001092</bioguideId>
        </identifiers>
        <party>R</party>
        <lastName>Collins</lastName>
        <firstName>Chris</firstName>
        <state>NY</state>
        <isOriginalCosponsor>False</isOriginalCosponsor>
        <sponsorshipDate>2014-11-12</sponsorshipDate>
        <middleName />
      </item>
      <item>
        <district>1</district>
        <fullName>Rep. Cicilline, David N. [D-RI-1]</fullName>
        <sponsorshipWithdrawnDate />
        <bioguideId>C001084</bioguideId>
        <identifiers>
          <lisID>2055</lisID>
          <gpoId>8139</gpoId>
          <bioguideId>C001084</bioguideId>
        </identifiers>
        <party>D</party>
        <lastName>Cicilline</lastName>
        <firstName>David</firstName>
        <state>RI</state>
        <isOriginalCosponsor>False</isOriginalCosponsor>
        <sponsorshipDate>2014-11-13</sponsorshipDate>
        <middleName>N.</middleName>
      </item>
      <item>
        <district>22</district>
        <fullName>Rep. Hanna, Richard L. [R-NY-22]</fullName>
        <sponsorshipWithdrawnDate />
        <bioguideId>H001051</bioguideId>
        <identifiers>
          <bioguideId>H001051</bioguideId>
          <lisID>2044</lisID>
          <gpoId>8085</gpoId>
        </identifiers>
        <party>R</party>
        <lastName>Hanna</lastName>
        <firstName>Richard</firstName>
        <state>NY</state>
        <isOriginalCosponsor>False</isOriginalCosponsor>
        <sponsorshipDate>2014-11-13</sponsorshipDate>
        <middleName>L.</middleName>
      </item>
      <item>
        <district>5</district>
        <fullName>Rep. Schrader, Kurt [D-OR-5]</fullName>
        <sponsorshipWithdrawnDate />
        <bioguideId>S001180</bioguideId>
        <identifiers>
          <lisID>1950</lisID>
          <gpoId>8118</gpoId>
          <bioguideId>S001180</bioguideId>
        </identifiers>
        <party>D</party>
        <lastName>Schrader</lastName>
        <firstName>Kurt</firstName>
        <state>OR</state>
        <isOriginalCosponsor>False</isOriginalCosponsor>
        <sponsorshipDate>2014-11-13</sponsorshipDate>
        <middleName />
      </item>
      <item>
        <district>3</district>
        <fullName>Rep. Grijalva, Raul M. [D-AZ-3]</fullName>
        <sponsorshipWithdrawnDate />
        <bioguideId>G000551</bioguideId>
        <identifiers>
          <bioguideId>G000551</bioguideId>
          <lisID>1708</lisID>
          <gpoId>7804</gpoId>
        </identifiers>
        <party>D</party>
        <lastName>Grijalva</lastName>
        <firstName>Raul</firstName>
        <state>AZ</state>
        <isOriginalCosponsor>False</isOriginalCosponsor>
        <sponsorshipDate>2014-11-13</sponsorshipDate>
        <middleName>M.</middleName>
      </item>
      <item>
        <district>4</district>
        <fullName>Rep. King, Steve [R-IA-4]</fullName>
        <sponsorshipWithdrawnDate />
        <bioguideId>K000362</bioguideId>
        <identifiers>
          <lisID>1724</lisID>
          <gpoId>7918</gpoId>
          <bioguideId>K000362</bioguideId>
        </identifiers>
        <party>R</party>
        <lastName>King</lastName>
        <firstName>Steve</firstName>
        <state>IA</state>
        <isOriginalCosponsor>False</isOriginalCosponsor>
        <sponsorshipDate>2014-11-13</sponsorshipDate>
        <middleName />
      </item>
      <item>
        <district>1</district>
        <fullName>Rep. Chabot, Steve [R-OH-1]</fullName>
        <sponsorshipWithdrawnDate />
        <bioguideId>C000266</bioguideId>
        <identifiers>
          <gpoId>8091</gpoId>
          <lisID>186</lisID>
          <bioguideId>C000266</bioguideId>
        </identifiers>
        <party>R</party>
        <lastName>CHABOT</lastName>
        <firstName>STEVE</firstName>
        <state>OH</state>
        <isOriginalCosponsor>False</isOriginalCosponsor>
        <sponsorshipDate>2014-11-14</sponsorshipDate>
        <middleName />
      </item>
      <item>
        <district>29</district>
        <fullName>Rep. Cardenas, Tony [D-CA-29]</fullName>
        <sponsorshipWithdrawnDate />
        <bioguideId>C001097</bioguideId>
        <identifiers>
          <lisID>2107</lisID>
          <gpoId />
          <bioguideId>C001097</bioguideId>
        </identifiers>
        <party>D</party>
        <lastName>Cardenas</lastName>
        <firstName>Tony</firstName>
        <state>CA</state>
        <isOriginalCosponsor>False</isOriginalCosponsor>
        <sponsorshipDate>2014-11-14</sponsorshipDate>
        <middleName />
      </item>
      <item>
        <district>6</district>
        <fullName>Rep. Coffman, Mike [R-CO-6]</fullName>
        <sponsorshipWithdrawnDate />
        <bioguideId>C001077</bioguideId>
        <identifiers>
          <lisID>1912</lisID>
          <gpoId>7864</gpoId>
          <bioguideId>C001077</bioguideId>
        </identifiers>
        <party>R</party>
        <lastName>Coffman</lastName>
        <firstName>Mike</firstName>
        <state>CO</state>
        <isOriginalCosponsor>False</isOriginalCosponsor>
        <sponsorshipDate>2014-11-14</sponsorshipDate>
        <middleName />
      </item>
      <item>
        <district>26</district>
        <fullName>Rep. Garcia, Joe [D-FL-26]</fullName>
        <sponsorshipWithdrawnDate />
        <bioguideId>G000573</bioguideId>
        <identifiers>
          <bioguideId>G000573</bioguideId>
          <lisID>2120</lisID>
          <gpoId />
        </identifiers>
        <party>D</party>
        <lastName>Garcia</lastName>
        <firstName>Joe</firstName>
        <state>FL</state>
        <isOriginalCosponsor>False</isOriginalCosponsor>
        <sponsorshipDate>2014-11-14</sponsorshipDate>
        <middleName />
      </item>
      <item>
        <district>2</district>
        <fullName>Rep. Loebsack, David [D-IA-2]</fullName>
        <sponsorshipWithdrawnDate />
        <bioguideId>L000565</bioguideId>
        <identifiers>
          <gpoId>7915</gpoId>
          <lisID>1846</lisID>
          <bioguideId>L000565</bioguideId>
        </identifiers>
        <party>D</party>
        <lastName>Loebsack</lastName>
        <firstName>David</firstName>
        <state>IA</state>
        <isOriginalCosponsor>False</isOriginalCosponsor>
        <sponsorshipDate>2014-11-14</sponsorshipDate>
        <middleName />
      </item>
      <item>
        <district>26</district>
        <fullName>Rep. Brownley, Julia [D-CA-26]</fullName>
        <sponsorshipWithdrawnDate />
        <bioguideId>B001285</bioguideId>
        <identifiers>
          <gpoId />
          <lisID>2106</lisID>
          <bioguideId>B001285</bioguideId>
        </identifiers>
        <party>D</party>
        <lastName>Brownley</lastName>
        <firstName>Julia</firstName>
        <state>CA</state>
        <isOriginalCosponsor>False</isOriginalCosponsor>
        <sponsorshipDate>2014-11-14</sponsorshipDate>
        <middleName />
      </item>
      <item>
        <district>4</district>
        <fullName>Rep. Gosar, Paul A. [R-AZ-4]</fullName>
        <sponsorshipWithdrawnDate />
        <bioguideId>G000565</bioguideId>
        <identifiers>
          <gpoId>7798</gpoId>
          <lisID>1992</lisID>
          <bioguideId>G000565</bioguideId>
        </identifiers>
        <party>R</party>
        <lastName>Gosar</lastName>
        <firstName>Paul</firstName>
        <state>AZ</state>
        <isOriginalCosponsor>False</isOriginalCosponsor>
        <sponsorshipDate>2014-11-14</sponsorshipDate>
        <middleName>A.</middleName>
      </item>
      <item>
        <district>3</district>
        <fullName>Rep. Luetkemeyer, Blaine [R-MO-3]</fullName>
        <sponsorshipWithdrawnDate />
        <bioguideId>L000569</bioguideId>
        <identifiers>
          <bioguideId>L000569</bioguideId>
          <lisID>1931</lisID>
          <gpoId>8017</gpoId>
        </identifiers>
        <party>R</party>
        <lastName>Luetkemeyer</lastName>
        <firstName>Blaine</firstName>
        <state>MO</state>
        <isOriginalCosponsor>False</isOriginalCosponsor>
        <sponsorshipDate>2014-11-17</sponsorshipDate>
        <middleName />
      </item>
      <item>
        <district>5</district>
        <fullName>Rep. Mulvaney, Mick [R-SC-5]</fullName>
        <sponsorshipWithdrawnDate />
        <bioguideId>M001182</bioguideId>
        <identifiers>
          <bioguideId>M001182</bioguideId>
          <lisID>2059</lisID>
          <gpoId>8145</gpoId>
        </identifiers>
        <party>R</party>
        <lastName>Mulvaney</lastName>
        <firstName>Mick</firstName>
        <state>SC</state>
        <isOriginalCosponsor>False</isOriginalCosponsor>
        <sponsorshipDate>2014-11-17</sponsorshipDate>
        <middleName />
      </item>
      <item>
        <district>44</district>
        <fullName>Rep. Hahn, Janice [D-CA-44]</fullName>
        <sponsorshipWithdrawnDate />
        <bioguideId>H001063</bioguideId>
        <identifiers>
          <bioguideId>H001063</bioguideId>
          <lisID>2089</lisID>
          <gpoId>8360</gpoId>
        </identifiers>
        <party>D</party>
        <lastName>Hahn</lastName>
        <firstName>Janice</firstName>
        <state>CA</state>
        <isOriginalCosponsor>False</isOriginalCosponsor>
        <sponsorshipDate>2014-11-17</sponsorshipDate>
        <middleName />
      </item>
      <item>
        <district>1</district>
        <fullName>Rep. Rush, Bobby L. [D-IL-1]</fullName>
        <sponsorshipWithdrawnDate />
        <bioguideId>R000515</bioguideId>
        <identifiers>
          <lisID>1003</lisID>
          <bioguideId>R000515</bioguideId>
          <gpoId>7921</gpoId>
        </identifiers>
        <party>D</party>
        <lastName>RUSH</lastName>
        <firstName>BOBBY</firstName>
        <state>IL</state>
        <isOriginalCosponsor>False</isOriginalCosponsor>
        <sponsorshipDate>2014-11-17</sponsorshipDate>
        <middleName>L.</middleName>
      </item>
      <item>
        <district>25</district>
        <fullName>Rep. Slaughter, Louise McIntosh [D-NY-25]</fullName>
        <sponsorshipWithdrawnDate />
        <bioguideId>S000480</bioguideId>
        <identifiers>
          <bioguideId>S000480</bioguideId>
          <lisID>1069</lisID>
          <gpoId>8089</gpoId>
        </identifiers>
        <party>D</party>
        <lastName>SLAUGHTER</lastName>
        <firstName>LOUISE</firstName>
        <state>NY</state>
        <isOriginalCosponsor>False</isOriginalCosponsor>
        <sponsorshipDate>2014-11-17</sponsorshipDate>
        <middleName>M.</middleName>
      </item>
      <item>
        <district>11</district>
        <fullName>Rep. Bentivolio, Kerry L. [R-MI-11]</fullName>
        <sponsorshipWithdrawnDate />
        <bioguideId>B001280</bioguideId>
        <identifiers>
          <bioguideId>B001280</bioguideId>
          <gpoId />
          <lisID>2135</lisID>
        </identifiers>
        <party>R</party>
        <lastName>Bentivolio</lastName>
        <firstName>Kerry</firstName>
        <state>MI</state>
        <isOriginalCosponsor>False</isOriginalCosponsor>
        <sponsorshipDate>2014-11-17</sponsorshipDate>
        <middleName>L.</middleName>
      </item>
      <item>
        <district>27</district>
        <fullName>Rep. Chu, Judy [D-CA-27]</fullName>
        <sponsorshipWithdrawnDate />
        <bioguideId>C001080</bioguideId>
        <identifiers>
          <lisID>1970</lisID>
          <gpoId>7837</gpoId>
          <bioguideId>C001080</bioguideId>
        </identifiers>
        <party>D</party>
        <lastName>Chu</lastName>
        <firstName>Judy</firstName>
        <state>CA</state>
        <isOriginalCosponsor>False</isOriginalCosponsor>
        <sponsorshipDate>2014-11-17</sponsorshipDate>
        <middleName />
      </item>
      <item>
        <district>1</district>
        <fullName>Rep. Bonamici, Suzanne [D-OR-1]</fullName>
        <sponsorshipWithdrawnDate />
        <bioguideId>B001278</bioguideId>
        <identifiers>
          <lisID>2092</lisID>
          <gpoId>8367</gpoId>
          <bioguideId>B001278</bioguideId>
        </identifiers>
        <party>D</party>
        <lastName>Bonamici</lastName>
        <firstName>Suzanne</firstName>
        <state>OR</state>
        <isOriginalCosponsor>False</isOriginalCosponsor>
        <sponsorshipDate>2014-11-18</sponsorshipDate>
        <middleName />
      </item>
      <item>
        <district>2</district>
        <fullName>Rep. Huizenga, Bill [R-MI-2]</fullName>
        <sponsorshipWithdrawnDate />
        <bioguideId>H001058</bioguideId>
        <identifiers>
          <gpoId>7987</gpoId>
          <lisID>2028</lisID>
          <bioguideId>H001058</bioguideId>
        </identifiers>
        <party>R</party>
        <lastName>Huizenga</lastName>
        <firstName>Bill</firstName>
        <state>MI</state>
        <isOriginalCosponsor>False</isOriginalCosponsor>
        <sponsorshipDate>2014-11-18</sponsorshipDate>
        <middleName />
      </item>
      <item>
        <district>5</district>
        <fullName>Rep. Sensenbrenner, F. James, Jr. [R-WI-5]</fullName>
        <sponsorshipWithdrawnDate />
        <bioguideId>S000244</bioguideId>
        <identifiers>
          <bioguideId>S000244</bioguideId>
          <lisID>1041</lisID>
          <gpoId>8218</gpoId>
        </identifiers>
        <party>R</party>
        <lastName>SENSENBRENNER</lastName>
        <firstName>F.</firstName>
        <state>WI</state>
        <isOriginalCosponsor>False</isOriginalCosponsor>
        <sponsorshipDate>2014-11-18</sponsorshipDate>
        <middleName>JAMES</middleName>
      </item>
      <item>
        <district>27</district>
        <fullName>Rep. Farenthold, Blake [R-TX-27]</fullName>
        <sponsorshipWithdrawnDate />
        <bioguideId>F000460</bioguideId>
        <identifiers>
          <lisID>2067</lisID>
          <gpoId>8183</gpoId>
          <bioguideId>F000460</bioguideId>
        </identifiers>
        <party>R</party>
        <lastName>Farenthold</lastName>
        <firstName>Blake</firstName>
        <state>TX</state>
        <isOriginalCosponsor>False</isOriginalCosponsor>
        <sponsorshipDate>2014-11-18</sponsorshipDate>
        <middleName />
      </item>
      <item>
        <district>13</district>
        <fullName>Rep. Ryan, Tim [D-OH-13]</fullName>
        <sponsorshipWithdrawnDate />
        <bioguideId>R000577</bioguideId>
        <identifiers>
          <bioguideId>R000577</bioguideId>
          <lisID>1756</lisID>
          <gpoId>8107</gpoId>
        </identifiers>
        <party>D</party>
        <lastName>RYAN</lastName>
        <firstName>TIM</firstName>
        <state>OH</state>
        <isOriginalCosponsor>False</isOriginalCosponsor>
        <sponsorshipDate>2014-11-18</sponsorshipDate>
        <middleName />
      </item>
      <item>
        <district>1</district>
        <fullName>Rep. Titus, Dina [D-NV-1]</fullName>
        <sponsorshipWithdrawnDate />
        <bioguideId>T000468</bioguideId>
        <identifiers>
          <lisID>1940</lisID>
          <gpoId>7493</gpoId>
          <bioguideId>T000468</bioguideId>
        </identifiers>
        <party>D</party>
        <lastName>Titus</lastName>
        <firstName>Dina</firstName>
        <state>NV</state>
        <isOriginalCosponsor>False</isOriginalCosponsor>
        <sponsorshipDate>2014-11-18</sponsorshipDate>
        <middleName />
      </item>
      <item>
        <district>5</district>
        <fullName>Rep. Esty, Elizabeth H. [D-CT-5]</fullName>
        <sponsorshipWithdrawnDate />
        <bioguideId>E000293</bioguideId>
        <identifiers>
          <gpoId />
          <lisID>2114</lisID>
          <bioguideId>E000293</bioguideId>
        </identifiers>
        <party>D</party>
        <lastName>Esty</lastName>
        <firstName>Elizabeth</firstName>
        <state>CT</state>
        <isOriginalCosponsor>False</isOriginalCosponsor>
        <sponsorshipDate>2014-11-18</sponsorshipDate>
        <middleName>H.</middleName>
      </item>
      <item>
        <district>1</district>
        <fullName>Rep. Shea-Porter, Carol [D-NH-1]</fullName>
        <sponsorshipWithdrawnDate />
        <bioguideId>S001170</bioguideId>
        <identifiers>
          <bioguideId>S001170</bioguideId>
          <lisID>1861</lisID>
          <gpoId>7528</gpoId>
        </identifiers>
        <party>D</party>
        <lastName>Shea-Porter</lastName>
        <firstName>Carol</firstName>
        <state>NH</state>
        <isOriginalCosponsor>False</isOriginalCosponsor>
        <sponsorshipDate>2014-11-19</sponsorshipDate>
        <middleName />
      </item>
      <item>
        <district>36</district>
        <fullName>Rep. Ruiz, Raul [D-CA-36]</fullName>
        <sponsorshipWithdrawnDate />
        <bioguideId>R000599</bioguideId>
        <identifiers>
          <lisID>2109</lisID>
          <bioguideId>R000599</bioguideId>
          <gpoId />
        </identifiers>
        <party>D</party>
        <lastName>Ruiz</lastName>
        <firstName>Raul</firstName>
        <state>CA</state>
        <isOriginalCosponsor>False</isOriginalCosponsor>
        <sponsorshipDate>2014-11-19</sponsorshipDate>
        <middleName />
      </item>
      <item>
        <district>1</district>
        <fullName>Rep. DelBene, Suzan K. [D-WA-1]</fullName>
        <sponsorshipWithdrawnDate />
        <bioguideId>D000617</bioguideId>
        <identifiers>
          <gpoId>8374</gpoId>
          <lisID>2096</lisID>
          <bioguideId>D000617</bioguideId>
        </identifiers>
        <party>D</party>
        <lastName>DelBene</lastName>
        <firstName>Suzan</firstName>
        <state>WA</state>
        <isOriginalCosponsor>False</isOriginalCosponsor>
        <sponsorshipDate>2014-11-19</sponsorshipDate>
        <middleName>K.</middleName>
      </item>
      <item>
        <district>3</district>
        <fullName>Rep. Latham, Tom [R-IA-3]</fullName>
        <sponsorshipWithdrawnDate />
        <bioguideId>L000111</bioguideId>
        <identifiers>
          <gpoId>7917</gpoId>
          <lisID>666</lisID>
          <bioguideId>L000111</bioguideId>
        </identifiers>
        <party>R</party>
        <lastName>LATHAM</lastName>
        <firstName>TOM</firstName>
        <state>IA</state>
        <isOriginalCosponsor>False</isOriginalCosponsor>
        <sponsorshipDate>2014-11-19</sponsorshipDate>
        <middleName />
      </item>
      <item>
        <district>6</district>
        <fullName>Rep. Meng, Grace [D-NY-6]</fullName>
        <sponsorshipWithdrawnDate />
        <bioguideId>M001188</bioguideId>
        <identifiers>
          <lisID>2148</lisID>
          <gpoId />
          <bioguideId>M001188</bioguideId>
        </identifiers>
        <party>D</party>
        <lastName>Meng</lastName>
        <firstName>Grace</firstName>
        <state>NY</state>
        <isOriginalCosponsor>False</isOriginalCosponsor>
        <sponsorshipDate>2014-11-19</sponsorshipDate>
        <middleName />
      </item>
      <item>
        <district>46</district>
        <fullName>Rep. Sanchez, Loretta [D-CA-46]</fullName>
        <sponsorshipWithdrawnDate />
        <bioguideId>S000030</bioguideId>
        <identifiers>
          <gpoId>7852</gpoId>
          <lisID>1522</lisID>
          <bioguideId>S000030</bioguideId>
        </identifiers>
        <party>D</party>
        <lastName>SANCHEZ</lastName>
        <firstName>LORETTA</firstName>
        <state>CA</state>
        <isOriginalCosponsor>False</isOriginalCosponsor>
        <sponsorshipDate>2014-11-19</sponsorshipDate>
        <middleName />
      </item>
      <item>
        <district>1</district>
        <fullName>Rep. Kirkpatrick, Ann [D-AZ-1]</fullName>
        <sponsorshipWithdrawnDate />
        <bioguideId>K000368</bioguideId>
        <identifiers>
          <bioguideId>K000368</bioguideId>
          <lisID>1907</lisID>
          <gpoId>7220</gpoId>
        </identifiers>
        <party>D</party>
        <lastName>Kirkpatrick</lastName>
        <firstName>Ann</firstName>
        <state>AZ</state>
        <isOriginalCosponsor>False</isOriginalCosponsor>
        <sponsorshipDate>2014-11-19</sponsorshipDate>
        <middleName />
      </item>
      <item>
        <district>6</district>
        <fullName>Rep. Bachmann, Michele [R-MN-6]</fullName>
        <sponsorshipWithdrawnDate />
        <bioguideId>B001256</bioguideId>
        <identifiers>
          <gpoId>8006</gpoId>
          <lisID>1858</lisID>
          <bioguideId>B001256</bioguideId>
        </identifiers>
        <party>R</party>
        <lastName>Bachmann</lastName>
        <firstName>Michele</firstName>
        <state>MN</state>
        <isOriginalCosponsor>False</isOriginalCosponsor>
        <sponsorshipDate>2014-11-19</sponsorshipDate>
        <middleName />
      </item>
      <item>
        <district>9</district>
        <fullName>Rep. Clarke, Yvette D. [D-NY-9]</fullName>
        <sponsorshipWithdrawnDate />
        <bioguideId>C001067</bioguideId>
        <identifiers>
          <bioguideId>C001067</bioguideId>
          <lisID>1864</lisID>
          <gpoId>8072</gpoId>
        </identifiers>
        <party>D</party>
        <lastName>Clarke</lastName>
        <firstName>Yvette</firstName>
        <state>NY</state>
        <isOriginalCosponsor>False</isOriginalCosponsor>
        <sponsorshipDate>2014-11-19</sponsorshipDate>
        <middleName>D.</middleName>
      </item>
      <item>
        <district>17</district>
        <fullName>Rep. Bustos, Cheri [D-IL-17]</fullName>
        <sponsorshipWithdrawnDate />
        <bioguideId>B001286</bioguideId>
        <identifiers>
          <lisID>2127</lisID>
          <gpoId />
          <bioguideId>B001286</bioguideId>
        </identifiers>
        <party>D</party>
        <lastName>Bustos</lastName>
        <firstName>Cheri</firstName>
        <state>IL</state>
        <isOriginalCosponsor>False</isOriginalCosponsor>
        <sponsorshipDate>2014-12-01</sponsorshipDate>
        <middleName />
      </item>
      <item>
        <district>0</district>
        <fullName>Rep. Daines, Steve [R-MT-At Large]</fullName>
        <sponsorshipWithdrawnDate />
        <bioguideId>D000618</bioguideId>
        <identifiers>
          <lisID>2138</lisID>
          <gpoId />
          <bioguideId>D000618</bioguideId>
        </identifiers>
        <party>R</party>
        <lastName>Daines</lastName>
        <firstName>Steve</firstName>
        <state>MT</state>
        <isOriginalCosponsor>False</isOriginalCosponsor>
        <sponsorshipDate>2014-12-01</sponsorshipDate>
        <middleName />
      </item>
      <item>
        <district>3</district>
        <fullName>Rep. DeLauro, Rosa L. [D-CT-3]</fullName>
        <sponsorshipWithdrawnDate />
        <bioguideId>D000216</bioguideId>
        <identifiers>
          <bioguideId>D000216</bioguideId>
          <lisID>281</lisID>
          <gpoId>7868</gpoId>
        </identifiers>
        <party>D</party>
        <lastName>DELAURO</lastName>
        <firstName>ROSA</firstName>
        <state>CT</state>
        <isOriginalCosponsor>False</isOriginalCosponsor>
        <sponsorshipDate>2014-12-01</sponsorshipDate>
        <middleName />
      </item>
      <item>
        <district>41</district>
        <fullName>Rep. Takano, Mark [D-CA-41]</fullName>
        <sponsorshipWithdrawnDate />
        <bioguideId>T000472</bioguideId>
        <identifiers>
          <lisID>2110</lisID>
          <bioguideId>T000472</bioguideId>
          <gpoId />
        </identifiers>
        <party>D</party>
        <lastName>Takano</lastName>
        <firstName>Mark</firstName>
        <state>CA</state>
        <isOriginalCosponsor>False</isOriginalCosponsor>
        <sponsorshipDate>2014-12-01</sponsorshipDate>
        <middleName />
      </item>
      <item>
        <district>14</district>
        <fullName>Rep. Speier, Jackie [D-CA-14]</fullName>
        <sponsorshipWithdrawnDate />
        <bioguideId>S001175</bioguideId>
        <identifiers>
          <bioguideId>S001175</bioguideId>
          <gpoId>7817</gpoId>
          <lisID>1890</lisID>
        </identifiers>
        <party>D</party>
        <lastName>Speier</lastName>
        <firstName>Jackie</firstName>
        <state>CA</state>
        <isOriginalCosponsor>False</isOriginalCosponsor>
        <sponsorshipDate>2014-12-01</sponsorshipDate>
        <middleName />
      </item>
      <item>
        <district>8</district>
        <fullName>Rep. Van Hollen, Chris [D-MD-8]</fullName>
        <sponsorshipWithdrawnDate />
        <bioguideId>V000128</bioguideId>
        <identifiers>
          <bioguideId>V000128</bioguideId>
          <lisID>1729</lisID>
          <gpoId>7983</gpoId>
        </identifiers>
        <party>D</party>
        <lastName>Van Hollen</lastName>
        <firstName>Chris</firstName>
        <state>MD</state>
        <isOriginalCosponsor>False</isOriginalCosponsor>
        <sponsorshipDate>2014-12-01</sponsorshipDate>
        <middleName />
      </item>
      <item>
        <district>3</district>
        <fullName>Rep. Kelly, Mike [R-PA-3]</fullName>
        <sponsorshipWithdrawnDate />
        <bioguideId>K000376</bioguideId>
        <identifiers>
          <bioguideId>K000376</bioguideId>
          <gpoId>8708</gpoId>
          <lisID>2051</lisID>
        </identifiers>
        <party>R</party>
        <lastName>Kelly</lastName>
        <firstName>Mike</firstName>
        <state>PA</state>
        <isOriginalCosponsor>False</isOriginalCosponsor>
        <sponsorshipDate>2014-12-01</sponsorshipDate>
        <middleName />
      </item>
      <item>
        <district>9</district>
        <fullName>Rep. Schakowsky, Janice D. [D-IL-9]</fullName>
        <sponsorshipWithdrawnDate />
        <bioguideId>S001145</bioguideId>
        <identifiers>
          <lisID>1588</lisID>
          <bioguideId>S001145</bioguideId>
          <gpoId>7929</gpoId>
        </identifiers>
        <party>D</party>
        <lastName>SCHAKOWSKY</lastName>
        <firstName>JANICE</firstName>
        <state>IL</state>
        <isOriginalCosponsor>False</isOriginalCosponsor>
        <sponsorshipDate>2014-12-01</sponsorshipDate>
        <middleName>D.</middleName>
      </item>
      <item>
        <district>20</district>
        <fullName>Rep. Hastings, Alcee L. [D-FL-20]</fullName>
        <sponsorshipWithdrawnDate />
        <bioguideId>H000324</bioguideId>
        <identifiers>
          <lisID>511</lisID>
          <bioguideId>H000324</bioguideId>
          <gpoId>7895</gpoId>
        </identifiers>
        <party>D</party>
        <lastName>HASTINGS</lastName>
        <firstName>ALCEE</firstName>
        <state>FL</state>
        <isOriginalCosponsor>False</isOriginalCosponsor>
        <sponsorshipDate>2014-12-01</sponsorshipDate>
        <middleName>L.</middleName>
      </item>
      <item>
        <district>3</district>
        <fullName>Rep. Womack, Steve [R-AR-3]</fullName>
        <sponsorshipWithdrawnDate />
        <bioguideId>W000809</bioguideId>
        <identifiers>
          <lisID>1991</lisID>
          <gpoId>7795</gpoId>
          <bioguideId>W000809</bioguideId>
        </identifiers>
        <party>R</party>
        <lastName>Womack</lastName>
        <firstName>Steve</firstName>
        <state>AR</state>
        <isOriginalCosponsor>False</isOriginalCosponsor>
        <sponsorshipDate>2014-12-01</sponsorshipDate>
        <middleName />
      </item>
      <item>
        <district>1</district>
        <fullName>Rep. Huelskamp, Tim [R-KS-1]</fullName>
        <sponsorshipWithdrawnDate />
        <bioguideId>H001057</bioguideId>
        <identifiers>
          <bioguideId>H001057</bioguideId>
          <lisID>2020</lisID>
          <gpoId>7949</gpoId>
        </identifiers>
        <party>R</party>
        <lastName>Huelskamp</lastName>
        <firstName>Tim</firstName>
        <state>KS</state>
        <isOriginalCosponsor>False</isOriginalCosponsor>
        <sponsorshipDate>2014-12-01</sponsorshipDate>
        <middleName />
      </item>
      <item>
        <district>5</district>
        <fullName>Rep. Clark, Katherine M. [D-MA-5]</fullName>
        <sponsorshipWithdrawnDate />
        <bioguideId>C001101</bioguideId>
        <identifiers>
          <lisID>2196</lisID>
          <gpoId />
          <bioguideId>C001101</bioguideId>
        </identifiers>
        <party>D</party>
        <lastName>Clark</lastName>
        <firstName>Katherine</firstName>
        <state>MA</state>
        <isOriginalCosponsor>False</isOriginalCosponsor>
        <sponsorshipDate>2014-12-03</sponsorshipDate>
        <middleName>M.</middleName>
      </item>
      <item>
        <district>2</district>
        <fullName>Rep. Pocan, Mark [D-WI-2]</fullName>
        <sponsorshipWithdrawnDate />
        <bioguideId>P000607</bioguideId>
        <identifiers>
          <bioguideId>P000607</bioguideId>
          <lisID>2171</lisID>
          <gpoId />
        </identifiers>
        <party>D</party>
        <lastName>Pocan</lastName>
        <firstName>Mark</firstName>
        <state>WI</state>
        <isOriginalCosponsor>False</isOriginalCosponsor>
        <sponsorshipDate>2014-12-03</sponsorshipDate>
        <middleName />
      </item>
    </cosponsors>
    <createDate>2014-09-17T04:56:52Z</createDate>
    <sponsors>
      <item>
        <fullName>Rep. Graves, Sam [R-MO-6]</fullName>
        <firstName>SAM</firstName>
        <lastName>GRAVES</lastName>
        <state>MO</state>
        <party>R</party>
        <district>6</district>
        <bioguideId>G000546</bioguideId>
        <identifiers>
          <gpoId>8014</gpoId>
          <lisID>1656</lisID>
          <bioguideId>G000546</bioguideId>
        </identifiers>
        <middleName />
        <byRequestType />
      </item>
    </sponsors>
    <committeeReports />
    <updateDate>2016-10-25T15:56:02Z</updateDate>
    <introducedDate>2014-09-16</introducedDate>
    <summaries>
      <billSummaries>
        <item>
          <text><![CDATA[<p> Expresses support for: (1) the designation of a Small Business Saturday, (2) efforts to encourage consumers to shop locally, and (3) efforts to increase awareness of the value of locally owned small businesses and their impact on the U.S. economy.</p>]]></text>
          <versionCode>00</versionCode>
          <actionDesc>Introduced in House</actionDesc>
          <lastSummaryUpdateDate>2014-09-19T16:54:31Z</lastSummaryUpdateDate>
          <updateDate>2014-09-16T04:00:00Z</updateDate>
          <actionDate>2014-09-16</actionDate>
          <name>Introduced in House</name>
        </item>
      </billSummaries>
    </summaries>
    <title>Expressing support for the designation of a "Small Business Saturday" and supporting efforts to increase awareness of the value of locally owned small businesses.</title>
    <cboCostEstimates />
    <subjects>
      <billSubjects>
        <legislativeSubjects>
          <item>
            <name>Commemorative events and holidays</name>
          </item>
          <item>
            <name>Economic performance and conditions</name>
          </item>
          <item>
            <name>Retail and wholesale trades</name>
          </item>
          <item>
            <name>Small business</name>
          </item>
        </legislativeSubjects>
        <policyArea>
          <name>Commerce</name>
        </policyArea>
      </billSubjects>
    </subjects>
    <amendments />
    <calendarNumbers />
    <congress>113</congress>
    <constitutionalAuthorityStatementText />
    <titles>
      <item>
        <parentTitleType />
        <titleType>Official Title as Introduced</titleType>
        <title>Expressing support for the designation of a "Small Business Saturday" and supporting efforts to increase awareness of the value of locally owned small businesses.</title>
        <chamberCode />
        <chamberName />
      </item>
      <item>
        <parentTitleType />
        <titleType>Display Title</titleType>
        <title>Expressing support for the designation of a "Small Business Saturday" and supporting efforts to increase awareness of the value of locally owned small businesses.</title>
        <chamberCode />
        <chamberName />
      </item>
    </titles>
    <originChamber>House</originChamber>
  </bill>
  <dublinCore xmlns:dc="http://purl.org/dc/elements/1.1/">
    <dc:format>text/xml</dc:format>
    <dc:language>EN</dc:language>
    <dc:rights>Pursuant to Title 17 Section 105 of the United States Code, this file is not subject to copyright protection and is in the public domain.</dc:rights>
    <dc:contributor>Congressional Research Service, Library of Congress</dc:contributor>
    <dc:description>This file contains bill summaries and statuses for federal legislation. A bill summary describes the most significant provisions of a piece of legislation and details the effects the legislative text may have on current law and federal programs. Bill summaries are authored by the Congressional Research Service (CRS) of the Library of Congress. As stated in Public Law 91-510 (2 USC 166 (d)(6)), one of the duties of CRS is "to prepare summaries and digests of bills and resolutions of a public general nature introduced in the Senate or House of Representatives". For more information, refer to the User Guide that accompanies this file.</dc:description>
  </dublinCore>
</billStatus>

