<?xml version="1.0" encoding="UTF-8"?>
<billStatus>
  <bill>
    <committeeReports />
    <committees>
      <billCommittees>
        <item>
          <subcommittees>
            <item>
              <name>Asia and the Pacific Subcommittee</name>
              <activities>
                <item>
                  <name>Referred to</name>
                  <date>2013-08-16T12:47:14Z</date>
                </item>
              </activities>
              <systemCode>hsfa05</systemCode>
            </item>
          </subcommittees>
          <chamber>House</chamber>
          <type>Standing</type>
          <name>Foreign Affairs Committee</name>
          <systemCode>hsfa00</systemCode>
          <activities>
            <item>
              <name>Referred to</name>
              <date>2013-07-24T14:01:00Z</date>
            </item>
          </activities>
        </item>
      </billCommittees>
    </committees>
    <createDate>2013-07-25T12:13:31Z</createDate>
    <amendments />
    <policyArea>
      <name>International Affairs</name>
    </policyArea>
    <sponsors>
      <item>
        <district>14</district>
        <firstName>JOSEPH</firstName>
        <bioguideId>C001038</bioguideId>
        <identifiers>
          <lisID>1604</lisID>
          <gpoId>8068</gpoId>
          <bioguideId>C001038</bioguideId>
        </identifiers>
        <lastName>CROWLEY</lastName>
        <middleName />
        <byRequestType />
        <fullName>Rep. Crowley, Joseph [D-NY-14]</fullName>
        <party>D</party>
        <state>NY</state>
      </item>
    </sponsors>
    <subjects>
      <billSubjects>
        <legislativeSubjects>
          <item>
            <name>Asia</name>
          </item>
          <item>
            <name>Congressional tributes</name>
          </item>
          <item>
            <name>Floods and storm protection</name>
          </item>
          <item>
            <name>Foreign aid and international relief</name>
          </item>
          <item>
            <name>India</name>
          </item>
          <item>
            <name>Natural disasters</name>
          </item>
        </legislativeSubjects>
        <policyArea>
          <name>International Affairs</name>
        </policyArea>
      </billSubjects>
    </subjects>
    <notes />
    <cosponsors>
      <item>
        <state>IL</state>
        <fullName>Rep. Roskam, Peter J. [R-IL-6]</fullName>
        <sponsorshipDate>2013-07-24</sponsorshipDate>
        <identifiers>
          <lisID>1848</lisID>
          <gpoId>7926</gpoId>
          <bioguideId>R000580</bioguideId>
        </identifiers>
        <sponsorshipWithdrawnDate />
        <middleName>J.</middleName>
        <lastName>Roskam</lastName>
        <isOriginalCosponsor>True</isOriginalCosponsor>
        <firstName>Peter</firstName>
        <district>6</district>
        <party>R</party>
        <bioguideId>R000580</bioguideId>
      </item>
    </cosponsors>
    <title>Expressing heartfelt condolences and support to the people of India and all those affected in the aftermath of the deadly flash floods and landslides triggered by massive monsoons of June 2013, which devastated many states in northern India.</title>
    <billNumber>316</billNumber>
    <cboCostEstimates />
    <titles>
      <item>
        <titleType>Official Title as Introduced</titleType>
        <parentTitleType />
        <title>Expressing heartfelt condolences and support to the people of India and all those affected in the aftermath of the deadly flash floods and landslides triggered by massive monsoons of June 2013, which devastated many states in northern India.</title>
        <chamberName />
        <chamberCode />
      </item>
      <item>
        <titleType>Display Title</titleType>
        <parentTitleType />
        <title>Expressing heartfelt condolences and support to the people of India and all those affected in the aftermath of the deadly flash floods and landslides triggered by massive monsoons of June 2013, which devastated many states in northern India.</title>
        <chamberName />
        <chamberCode />
      </item>
    </titles>
    <summaries>
      <billSummaries>
        <item>
          <actionDate>2013-07-24</actionDate>
          <actionDesc>Introduced in House</actionDesc>
          <lastSummaryUpdateDate>2013-08-28T19:15:09Z</lastSummaryUpdateDate>
          <versionCode>00</versionCode>
          <updateDate>2013-07-24T04:00:00Z</updateDate>
          <name>Introduced in House</name>
          <text><![CDATA[<p>Mourns with the people of India for the loss of life and damage caused by the June 2013 floods and landslides.</p> <p> Offers condolences to the individuals and families impacted by this tragedy.</p> <p> Urges the U.S. government to stand with the government and the people of India during recovery and reconstruction efforts.</p>]]></text>
        </item>
      </billSummaries>
    </summaries>
    <relatedBills />
    <calendarNumbers />
    <recordedVotes />
    <introducedDate>2013-07-24</introducedDate>
    <latestAction>
      <links />
      <actionDate>2013-08-16</actionDate>
      <text>Referred to the Subcommittee on Asia and the Pacific.</text>
    </latestAction>
    <congress>113</congress>
    <constitutionalAuthorityStatementText />
    <billType>HRES</billType>
    <actions>
      <item>
        <actionDate>2013-08-16</actionDate>
        <committee>
          <systemCode>hsfa05</systemCode>
          <name>Asia and the Pacific Subcommittee</name>
        </committee>
        <links />
        <sourceSystem>
          <code>1</code>
          <name>House committee actions</name>
        </sourceSystem>
        <text>Referred to the Subcommittee on Asia and the Pacific.</text>
        <type>Committee</type>
      </item>
      <item>
        <text>Referred to the House Committee on Foreign Affairs.</text>
        <committee>
          <systemCode>hsfa00</systemCode>
          <name>Foreign Affairs Committee</name>
        </committee>
        <actionCode>H11100</actionCode>
        <sourceSystem>
          <code>2</code>
          <name>House floor actions</name>
        </sourceSystem>
        <type>IntroReferral</type>
        <actionDate>2013-07-24</actionDate>
        <links />
      </item>
      <item>
        <text>Introduced in House</text>
        <committee />
        <actionCode>Intro-H</actionCode>
        <sourceSystem>
          <code>9</code>
          <name>Library of Congress</name>
        </sourceSystem>
        <type>IntroReferral</type>
        <actionDate>2013-07-24</actionDate>
        <links />
      </item>
      <item>
        <text>Introduced in House</text>
        <committee />
        <actionCode>1000</actionCode>
        <sourceSystem>
          <code>9</code>
          <name>Library of Congress</name>
        </sourceSystem>
        <type>IntroReferral</type>
        <actionDate>2013-07-24</actionDate>
        <links />
      </item>
      <actionByCounts>
        <houseOfRepresentatives>4</houseOfRepresentatives>
      </actionByCounts>
      <actionTypeCounts>
        <placeholderTextForH>1</placeholderTextForH>
        <introducedInTheHouse>1</introducedInTheHouse>
        <billReferrals>1</billReferrals>
        <introducedInHouse>1</introducedInHouse>
      </actionTypeCounts>
    </actions>
    <originChamber>House</originChamber>
    <laws />
    <updateDate>2016-10-25T15:55:01Z</updateDate>
  </bill>
  <dublinCore xmlns:dc="http://purl.org/dc/elements/1.1/">
    <dc:format>text/xml</dc:format>
    <dc:language>EN</dc:language>
    <dc:rights>Pursuant to Title 17 Section 105 of the United States Code, this file is not subject to copyright protection and is in the public domain.</dc:rights>
    <dc:contributor>Congressional Research Service, Library of Congress</dc:contributor>
    <dc:description>This file contains bill summaries and statuses for federal legislation. A bill summary describes the most significant provisions of a piece of legislation and details the effects the legislative text may have on current law and federal programs. Bill summaries are authored by the Congressional Research Service (CRS) of the Library of Congress. As stated in Public Law 91-510 (2 USC 166 (d)(6)), one of the duties of CRS is "to prepare summaries and digests of bills and resolutions of a public general nature introduced in the Senate or House of Representatives". For more information, refer to the User Guide that accompanies this file.</dc:description>
  </dublinCore>
</billStatus>

