<?xml version="1.0" encoding="UTF-8"?>
<billStatus>
  <bill>
    <committees>
      <billCommittees>
        <item>
          <subcommittees />
          <systemCode>hsfa00</systemCode>
          <activities>
            <item>
              <name>Referred to</name>
              <date>2013-05-21T14:00:27Z</date>
            </item>
          </activities>
          <chamber>House</chamber>
          <name>Foreign Affairs Committee</name>
          <type>Standing</type>
        </item>
      </billCommittees>
    </committees>
    <congress>113</congress>
    <billNumber>229</billNumber>
    <updateDate>2016-10-25T15:54:49Z</updateDate>
    <subjects>
      <billSubjects>
        <policyArea>
          <name>International Affairs</name>
        </policyArea>
        <legislativeSubjects>
          <item>
            <name>Conflicts and wars</name>
          </item>
          <item>
            <name>Criminal investigation, prosecution, interrogation</name>
          </item>
          <item>
            <name>Diplomacy, foreign officials, Americans abroad</name>
          </item>
          <item>
            <name>Human rights</name>
          </item>
          <item>
            <name>International organizations and cooperation</name>
          </item>
          <item>
            <name>Middle East</name>
          </item>
          <item>
            <name>Sovereignty, recognition, national governance and status</name>
          </item>
          <item>
            <name>Syria</name>
          </item>
          <item>
            <name>United Nations</name>
          </item>
          <item>
            <name>War crimes, genocide, crimes against humanity</name>
          </item>
        </legislativeSubjects>
      </billSubjects>
    </subjects>
    <policyArea>
      <name>International Affairs</name>
    </policyArea>
    <summaries>
      <billSummaries>
        <item>
          <versionCode>00</versionCode>
          <actionDate>2013-05-21</actionDate>
          <name>Introduced in House</name>
          <lastSummaryUpdateDate>2013-09-10T19:40:14Z</lastSummaryUpdateDate>
          <text><![CDATA[<p>Condemns the ongoing violence and the systematic human rights violations carried out by Syrian government forces under President Bashar al-Assad's direction, as well as abuses committed by opposition forces.</p> <p> Supports the people of Syria seeking peaceful democratic change.</p> <p> Calls on the United Nations Security Council, based on evidence that war crimes and crimes against humanity have been perpetrated in Syria, to refer the situation to the International Criminal Court.</p>]]></text>
          <actionDesc>Introduced in House</actionDesc>
          <updateDate>2013-05-21T04:00:00Z</updateDate>
        </item>
      </billSummaries>
    </summaries>
    <title>Calling for Syrian President Bashar al-Assad and others to be tried before the International Criminal Court for committing war crimes and crimes against humanity.</title>
    <laws />
    <cosponsors>
      <item>
        <state>OK</state>
        <fullName>Rep. Cole, Tom [R-OK-4]</fullName>
        <sponsorshipDate>2013-05-21</sponsorshipDate>
        <identifiers>
          <gpoId>8112</gpoId>
          <lisID>1742</lisID>
          <bioguideId>C001053</bioguideId>
        </identifiers>
        <sponsorshipWithdrawnDate />
        <middleName />
        <lastName>Cole</lastName>
        <isOriginalCosponsor>True</isOriginalCosponsor>
        <firstName>Tom</firstName>
        <district>4</district>
        <party>R</party>
        <bioguideId>C001053</bioguideId>
      </item>
      <item>
        <state>IL</state>
        <fullName>Rep. Schock, Aaron [R-IL-18]</fullName>
        <sponsorshipDate>2013-06-03</sponsorshipDate>
        <identifiers>
          <bioguideId>S001179</bioguideId>
          <lisID>1920</lisID>
          <gpoId>7938</gpoId>
        </identifiers>
        <sponsorshipWithdrawnDate />
        <middleName />
        <lastName>Schock</lastName>
        <isOriginalCosponsor>False</isOriginalCosponsor>
        <firstName>Aaron</firstName>
        <district>18</district>
        <party>R</party>
        <bioguideId>S001179</bioguideId>
      </item>
      <item>
        <state>IN</state>
        <fullName>Rep. Visclosky, Peter J. [D-IN-1]</fullName>
        <sponsorshipDate>2013-06-18</sponsorshipDate>
        <identifiers>
          <lisID>1188</lisID>
          <bioguideId>V000108</bioguideId>
          <gpoId>7940</gpoId>
        </identifiers>
        <sponsorshipWithdrawnDate />
        <middleName>J.</middleName>
        <lastName>VISCLOSKY</lastName>
        <isOriginalCosponsor>False</isOriginalCosponsor>
        <firstName>PETER</firstName>
        <district>1</district>
        <party>D</party>
        <bioguideId>V000108</bioguideId>
      </item>
      <item>
        <state>ME</state>
        <fullName>Rep. Michaud, Michael H. [D-ME-2]</fullName>
        <sponsorshipDate>2013-06-20</sponsorshipDate>
        <identifiers>
          <bioguideId>M001149</bioguideId>
          <lisID>1730</lisID>
          <gpoId>7985</gpoId>
        </identifiers>
        <sponsorshipWithdrawnDate />
        <middleName>H.</middleName>
        <lastName>Michaud</lastName>
        <isOriginalCosponsor>False</isOriginalCosponsor>
        <firstName>Michael</firstName>
        <district>2</district>
        <party>D</party>
        <bioguideId>M001149</bioguideId>
      </item>
      <item>
        <state>NY</state>
        <fullName>Rep. Bishop, Timothy H. [D-NY-1]</fullName>
        <sponsorshipDate>2013-06-28</sponsorshipDate>
        <identifiers>
          <bioguideId>B001242</bioguideId>
          <gpoId>8062</gpoId>
          <lisID>1740</lisID>
        </identifiers>
        <sponsorshipWithdrawnDate />
        <middleName>H.</middleName>
        <lastName>Bishop</lastName>
        <isOriginalCosponsor>False</isOriginalCosponsor>
        <firstName>Timothy</firstName>
        <district>1</district>
        <party>D</party>
        <bioguideId>B001242</bioguideId>
      </item>
    </cosponsors>
    <billType>HRES</billType>
    <cboCostEstimates />
    <recordedVotes />
    <relatedBills>
      <item>
        <latestAction>
          <actionDate>2013-09-09</actionDate>
          <text>Referred to the Committee on Foreign Relations. (text of measure as introduced: CR S6298-6299)</text>
        </latestAction>
        <number>219</number>
        <congress>113</congress>
        <type>SRES</type>
        <latestTitle>A resolution calling for Syrian President Bashar al-Assad and others to be tried before the International Criminal Court for committing war crimes and crimes against humanity.</latestTitle>
        <relationshipDetails>
          <item>
            <identifiedBy>CRS</identifiedBy>
            <type>Related bill</type>
          </item>
        </relationshipDetails>
      </item>
    </relatedBills>
    <actions>
      <actionTypeCounts>
        <introducedInHouse>1</introducedInHouse>
        <billReferrals>1</billReferrals>
        <introducedInTheHouse>1</introducedInTheHouse>
      </actionTypeCounts>
      <item>
        <text>Referred to the House Committee on Foreign Affairs.</text>
        <links />
        <actionCode>H11100</actionCode>
        <type>IntroReferral</type>
        <committee>
          <systemCode>hsfa00</systemCode>
          <name>Foreign Affairs Committee</name>
        </committee>
        <actionDate>2013-05-21</actionDate>
        <sourceSystem>
          <name>House floor actions</name>
          <code>2</code>
        </sourceSystem>
      </item>
      <item>
        <text>Introduced in House</text>
        <links />
        <actionCode>Intro-H</actionCode>
        <type>IntroReferral</type>
        <committee />
        <actionDate>2013-05-21</actionDate>
        <sourceSystem>
          <name>Library of Congress</name>
          <code>9</code>
        </sourceSystem>
      </item>
      <item>
        <text>Introduced in House</text>
        <links />
        <actionCode>1000</actionCode>
        <type>IntroReferral</type>
        <committee />
        <actionDate>2013-05-21</actionDate>
        <sourceSystem>
          <name>Library of Congress</name>
          <code>9</code>
        </sourceSystem>
      </item>
      <actionByCounts>
        <houseOfRepresentatives>3</houseOfRepresentatives>
      </actionByCounts>
    </actions>
    <notes />
    <latestAction>
      <actionDate>2013-05-21</actionDate>
      <links />
      <text>Referred to the House Committee on Foreign Affairs.</text>
    </latestAction>
    <introducedDate>2013-05-21</introducedDate>
    <sponsors>
      <item>
        <fullName>Rep. Israel, Steve [D-NY-3]</fullName>
        <firstName>STEVE</firstName>
        <byRequestType />
        <identifiers>
          <lisID>1663</lisID>
          <gpoId>8063</gpoId>
          <bioguideId>I000057</bioguideId>
        </identifiers>
        <middleName />
        <bioguideId>I000057</bioguideId>
        <district>3</district>
        <party>D</party>
        <state>NY</state>
        <lastName>ISRAEL</lastName>
      </item>
    </sponsors>
    <constitutionalAuthorityStatementText />
    <calendarNumbers />
    <committeeReports />
    <amendments />
    <createDate>2013-05-22T07:02:04Z</createDate>
    <originChamber>House</originChamber>
    <titles>
      <item>
        <title>Calling for Syrian President Bashar al-Assad and others to be tried before the International Criminal Court for committing war crimes and crimes against humanity.</title>
        <titleType>Official Title as Introduced</titleType>
        <chamberCode />
        <chamberName />
        <parentTitleType />
      </item>
      <item>
        <title>Calling for Syrian President Bashar al-Assad and others to be tried before the International Criminal Court for committing war crimes and crimes against humanity.</title>
        <titleType>Display Title</titleType>
        <chamberCode />
        <chamberName />
        <parentTitleType />
      </item>
    </titles>
  </bill>
  <dublinCore xmlns:dc="http://purl.org/dc/elements/1.1/">
    <dc:format>text/xml</dc:format>
    <dc:language>EN</dc:language>
    <dc:rights>Pursuant to Title 17 Section 105 of the United States Code, this file is not subject to copyright protection and is in the public domain.</dc:rights>
    <dc:contributor>Congressional Research Service, Library of Congress</dc:contributor>
    <dc:description>This file contains bill summaries and statuses for federal legislation. A bill summary describes the most significant provisions of a piece of legislation and details the effects the legislative text may have on current law and federal programs. Bill summaries are authored by the Congressional Research Service (CRS) of the Library of Congress. As stated in Public Law 91-510 (2 USC 166 (d)(6)), one of the duties of CRS is "to prepare summaries and digests of bills and resolutions of a public general nature introduced in the Senate or House of Representatives". For more information, refer to the User Guide that accompanies this file.</dc:description>
  </dublinCore>
</billStatus>

