<?xml version="1.0" encoding="UTF-8"?>
<billStatus>
  <bill>
    <latestAction>
      <text>Referred to the House Committee on Education and the Workforce.</text>
      <links />
      <actionDate>2014-11-20</actionDate>
    </latestAction>
    <policyArea>
      <name>Families</name>
    </policyArea>
    <amendments />
    <relatedBills>
      <item>
        <congress>113</congress>
        <type>HRES</type>
        <relationshipDetails>
          <item>
            <identifiedBy>CRS</identifiedBy>
            <type>Related bill</type>
          </item>
        </relationshipDetails>
        <number>407</number>
        <latestAction>
          <actionDate>2013-11-12</actionDate>
          <text>Referred to the House Committee on Education and the Workforce.</text>
        </latestAction>
        <latestTitle>Supporting the goals and ideals of National Adoption Day and National Adoption Month by promoting awareness of adoption and the children in foster care awaiting families, celebrating children and families involved in adoption, recognizing current programs and efforts designed to promote adoption, and encouraging people in the United States to seek improved safety, permanency, and well-being for all children.</latestTitle>
      </item>
      <item>
        <congress>113</congress>
        <type>HRES</type>
        <relationshipDetails>
          <item>
            <identifiedBy>CRS</identifiedBy>
            <type>Related bill</type>
          </item>
        </relationshipDetails>
        <number>409</number>
        <latestAction>
          <actionDate>2013-11-13</actionDate>
          <text>Referred to the House Committee on Education and the Workforce.</text>
        </latestAction>
        <latestTitle>Expressing support for the goals of National Adoption Day and National Adoption Month by promoting national awareness of adoption and the children awaiting families, celebrating children and families involved in adoption, and encouraging the people of the United States to secure safety, permanency, and well-being for all children.</latestTitle>
      </item>
      <item>
        <congress>113</congress>
        <type>SRES</type>
        <relationshipDetails>
          <item>
            <identifiedBy>CRS</identifiedBy>
            <type>Related bill</type>
          </item>
        </relationshipDetails>
        <number>294</number>
        <latestAction>
          <actionDate>2013-11-13</actionDate>
          <text>Submitted in the Senate, considered, and agreed to without amendment and with a preamble by Unanimous Consent. (consideration: CR S8010-8011; text as passed Senate: CR S8007-8008)</text>
        </latestAction>
        <latestTitle>A resolution expressing support for the goals of National Adoption Day and National Adoption Month by promoting national awareness of adoption and the children awaiting families, celebrating children and families involved in adoption, and encouraging the people of the United States to secure safety, permanency, and well-being for all children.</latestTitle>
      </item>
      <item>
        <congress>113</congress>
        <type>SRES</type>
        <relationshipDetails>
          <item>
            <identifiedBy>CRS</identifiedBy>
            <type>Related bill</type>
          </item>
        </relationshipDetails>
        <number>580</number>
        <latestAction>
          <actionDate>2014-11-20</actionDate>
          <text>Resolution agreed to in Senate without amendment and with a preamble by Unanimous Consent.</text>
        </latestAction>
        <latestTitle>A resolution expressing support for the goals of National Adoption Day and National Adoption Month by promoting national awareness of adoption and the children awaiting families, celebrating children and families involved in adoption, and encouraging the people of the United States to secure safety, permanency, and well-being for all children.</latestTitle>
      </item>
    </relatedBills>
    <billNumber>762</billNumber>
    <updateDate>2016-10-25T15:56:06Z</updateDate>
    <cboCostEstimates />
    <sponsors>
      <item>
        <fullName>Rep. Bachmann, Michele [R-MN-6]</fullName>
        <firstName>Michele</firstName>
        <district>6</district>
        <lastName>Bachmann</lastName>
        <byRequestType />
        <identifiers>
          <gpoId>8006</gpoId>
          <lisID>1858</lisID>
          <bioguideId>B001256</bioguideId>
        </identifiers>
        <middleName />
        <party>R</party>
        <state>MN</state>
        <bioguideId>B001256</bioguideId>
      </item>
    </sponsors>
    <notes />
    <originChamber>House</originChamber>
    <subjects>
      <billSubjects>
        <legislativeSubjects>
          <item>
            <name>Adoption and foster care</name>
          </item>
          <item>
            <name>Commemorative events and holidays</name>
          </item>
        </legislativeSubjects>
        <policyArea>
          <name>Families</name>
        </policyArea>
      </billSubjects>
    </subjects>
    <cosponsors>
      <item>
        <district>2</district>
        <fullName>Rep. Poe, Ted [R-TX-2]</fullName>
        <sponsorshipWithdrawnDate />
        <bioguideId>P000592</bioguideId>
        <identifiers>
          <gpoId>8158</gpoId>
          <lisID>1802</lisID>
          <bioguideId>P000592</bioguideId>
        </identifiers>
        <party>R</party>
        <lastName>Poe</lastName>
        <firstName>Ted</firstName>
        <state>TX</state>
        <isOriginalCosponsor>True</isOriginalCosponsor>
        <sponsorshipDate>2014-11-20</sponsorshipDate>
        <middleName />
      </item>
      <item>
        <district>37</district>
        <fullName>Rep. Bass, Karen [D-CA-37]</fullName>
        <sponsorshipWithdrawnDate />
        <bioguideId>B001270</bioguideId>
        <identifiers>
          <lisID>1996</lisID>
          <gpoId>7838</gpoId>
          <bioguideId>B001270</bioguideId>
        </identifiers>
        <party>D</party>
        <lastName>Bass</lastName>
        <firstName>Karen</firstName>
        <state>CA</state>
        <isOriginalCosponsor>True</isOriginalCosponsor>
        <sponsorshipDate>2014-11-20</sponsorshipDate>
        <middleName />
      </item>
      <item>
        <district>1</district>
        <fullName>Rep. Benishek, Dan [R-MI-1]</fullName>
        <sponsorshipWithdrawnDate />
        <bioguideId>B001271</bioguideId>
        <identifiers>
          <lisID>2027</lisID>
          <gpoId>7986</gpoId>
          <bioguideId>B001271</bioguideId>
        </identifiers>
        <party>R</party>
        <lastName>Benishek</lastName>
        <firstName>Dan</firstName>
        <state>MI</state>
        <isOriginalCosponsor>True</isOriginalCosponsor>
        <sponsorshipDate>2014-11-20</sponsorshipDate>
        <middleName />
      </item>
      <item>
        <district>12</district>
        <fullName>Rep. Bilirakis, Gus M. [R-FL-12]</fullName>
        <sponsorshipWithdrawnDate />
        <bioguideId>B001257</bioguideId>
        <identifiers>
          <lisID>1838</lisID>
          <bioguideId>B001257</bioguideId>
          <gpoId>7881</gpoId>
        </identifiers>
        <party>R</party>
        <lastName>Bilirakis</lastName>
        <firstName>Gus</firstName>
        <state>FL</state>
        <isOriginalCosponsor>True</isOriginalCosponsor>
        <sponsorshipDate>2014-11-20</sponsorshipDate>
        <middleName>M.</middleName>
      </item>
      <item>
        <district>1</district>
        <fullName>Rep. Bonamici, Suzanne [D-OR-1]</fullName>
        <sponsorshipWithdrawnDate />
        <bioguideId>B001278</bioguideId>
        <identifiers>
          <lisID>2092</lisID>
          <bioguideId>B001278</bioguideId>
          <gpoId>8367</gpoId>
        </identifiers>
        <party>D</party>
        <lastName>Bonamici</lastName>
        <firstName>Suzanne</firstName>
        <state>OR</state>
        <isOriginalCosponsor>True</isOriginalCosponsor>
        <sponsorshipDate>2014-11-20</sponsorshipDate>
        <middleName />
      </item>
      <item>
        <district>4</district>
        <fullName>Rep. Camp, Dave [R-MI-4]</fullName>
        <sponsorshipWithdrawnDate />
        <bioguideId>C000071</bioguideId>
        <identifiers>
          <gpoId>7989</gpoId>
          <lisID>166</lisID>
          <bioguideId>C000071</bioguideId>
        </identifiers>
        <party>R</party>
        <lastName>CAMP</lastName>
        <firstName>DAVE</firstName>
        <state>MI</state>
        <isOriginalCosponsor>True</isOriginalCosponsor>
        <sponsorshipDate>2014-11-20</sponsorshipDate>
        <middleName />
      </item>
      <item>
        <district>11</district>
        <fullName>Rep. Connolly, Gerald E. [D-VA-11]</fullName>
        <sponsorshipWithdrawnDate />
        <bioguideId>C001078</bioguideId>
        <identifiers>
          <gpoId>8202</gpoId>
          <lisID>1959</lisID>
          <bioguideId>C001078</bioguideId>
        </identifiers>
        <party>D</party>
        <lastName>Connolly</lastName>
        <firstName>Gerald</firstName>
        <state>VA</state>
        <isOriginalCosponsor>True</isOriginalCosponsor>
        <sponsorshipDate>2014-11-20</sponsorshipDate>
        <middleName>E.</middleName>
      </item>
      <item>
        <district>13</district>
        <fullName>Rep. Conyers, John, Jr. [D-MI-13]</fullName>
        <sponsorshipWithdrawnDate />
        <bioguideId>C000714</bioguideId>
        <identifiers>
          <lisID>229</lisID>
          <gpoId>7999</gpoId>
          <bioguideId>C000714</bioguideId>
        </identifiers>
        <party>D</party>
        <lastName>CONYERS</lastName>
        <firstName>JOHN</firstName>
        <state>MI</state>
        <isOriginalCosponsor>True</isOriginalCosponsor>
        <sponsorshipDate>2014-11-20</sponsorshipDate>
        <middleName />
      </item>
      <item>
        <district>8</district>
        <fullName>Rep. Cook, Paul [R-CA-8]</fullName>
        <sponsorshipWithdrawnDate />
        <bioguideId>C001094</bioguideId>
        <identifiers>
          <bioguideId>C001094</bioguideId>
          <gpoId />
          <lisID>2103</lisID>
        </identifiers>
        <party>R</party>
        <lastName>Cook</lastName>
        <firstName>Paul</firstName>
        <state>CA</state>
        <isOriginalCosponsor>True</isOriginalCosponsor>
        <sponsorshipDate>2014-11-20</sponsorshipDate>
        <middleName />
      </item>
      <item>
        <district>7</district>
        <fullName>Rep. Davis, Danny K. [D-IL-7]</fullName>
        <sponsorshipWithdrawnDate />
        <bioguideId>D000096</bioguideId>
        <identifiers>
          <lisID>1477</lisID>
          <gpoId>7927</gpoId>
          <bioguideId>D000096</bioguideId>
        </identifiers>
        <party>D</party>
        <lastName>DAVIS</lastName>
        <firstName>DANNY</firstName>
        <state>IL</state>
        <isOriginalCosponsor>True</isOriginalCosponsor>
        <sponsorshipDate>2014-11-20</sponsorshipDate>
        <middleName>K.</middleName>
      </item>
      <item>
        <district>13</district>
        <fullName>Rep. Davis, Rodney [R-IL-13]</fullName>
        <sponsorshipWithdrawnDate />
        <bioguideId>D000619</bioguideId>
        <identifiers>
          <lisID>2126</lisID>
          <gpoId />
          <bioguideId>D000619</bioguideId>
        </identifiers>
        <party>R</party>
        <lastName>Davis</lastName>
        <firstName>Rodney</firstName>
        <state>IL</state>
        <isOriginalCosponsor>True</isOriginalCosponsor>
        <sponsorshipDate>2014-11-20</sponsorshipDate>
        <middleName />
      </item>
      <item>
        <district>8</district>
        <fullName>Rep. Franks, Trent [R-AZ-8]</fullName>
        <sponsorshipWithdrawnDate />
        <bioguideId>F000448</bioguideId>
        <identifiers>
          <bioguideId>F000448</bioguideId>
          <lisID>1707</lisID>
          <gpoId>7799</gpoId>
        </identifiers>
        <party>R</party>
        <lastName>Franks</lastName>
        <firstName>Trent</firstName>
        <state>AZ</state>
        <isOriginalCosponsor>True</isOriginalCosponsor>
        <sponsorshipDate>2014-11-20</sponsorshipDate>
        <middleName />
      </item>
      <item>
        <district>4</district>
        <fullName>Rep. Hartzler, Vicky [R-MO-4]</fullName>
        <sponsorshipWithdrawnDate />
        <bioguideId>H001053</bioguideId>
        <identifiers>
          <lisID>2032</lisID>
          <gpoId>8012</gpoId>
          <bioguideId>H001053</bioguideId>
        </identifiers>
        <party>R</party>
        <lastName>Hartzler</lastName>
        <firstName>Vicky</firstName>
        <state>MO</state>
        <isOriginalCosponsor>True</isOriginalCosponsor>
        <sponsorshipDate>2014-11-20</sponsorshipDate>
        <middleName />
      </item>
      <item>
        <district>0</district>
        <fullName>Rep. Norton, Eleanor Holmes [D-DC-At Large]</fullName>
        <sponsorshipWithdrawnDate />
        <bioguideId>N000147</bioguideId>
        <identifiers>
          <lisID>868</lisID>
          <gpoId>7871</gpoId>
          <bioguideId>N000147</bioguideId>
        </identifiers>
        <party>D</party>
        <lastName>NORTON</lastName>
        <firstName>ELEANOR</firstName>
        <state>DC</state>
        <isOriginalCosponsor>True</isOriginalCosponsor>
        <sponsorshipDate>2014-11-20</sponsorshipDate>
        <middleName>HOLMES</middleName>
      </item>
      <item>
        <district>2</district>
        <fullName>Rep. Huizenga, Bill [R-MI-2]</fullName>
        <sponsorshipWithdrawnDate />
        <bioguideId>H001058</bioguideId>
        <identifiers>
          <bioguideId>H001058</bioguideId>
          <gpoId>7987</gpoId>
          <lisID>2028</lisID>
        </identifiers>
        <party>R</party>
        <lastName>Huizenga</lastName>
        <firstName>Bill</firstName>
        <state>MI</state>
        <isOriginalCosponsor>True</isOriginalCosponsor>
        <sponsorshipDate>2014-11-20</sponsorshipDate>
        <middleName />
      </item>
      <item>
        <district>3</district>
        <fullName>Rep. Israel, Steve [D-NY-3]</fullName>
        <sponsorshipWithdrawnDate />
        <bioguideId>I000057</bioguideId>
        <identifiers>
          <bioguideId>I000057</bioguideId>
          <lisID>1663</lisID>
          <gpoId>8063</gpoId>
        </identifiers>
        <party>D</party>
        <lastName>ISRAEL</lastName>
        <firstName>STEVE</firstName>
        <state>NY</state>
        <isOriginalCosponsor>True</isOriginalCosponsor>
        <sponsorshipDate>2014-11-20</sponsorshipDate>
        <middleName />
      </item>
      <item>
        <district>3</district>
        <fullName>Rep. Kelly, Mike [R-PA-3]</fullName>
        <sponsorshipWithdrawnDate />
        <bioguideId>K000376</bioguideId>
        <identifiers>
          <lisID>2051</lisID>
          <gpoId>8708</gpoId>
          <bioguideId>K000376</bioguideId>
        </identifiers>
        <party>R</party>
        <lastName>Kelly</lastName>
        <firstName>Mike</firstName>
        <state>PA</state>
        <isOriginalCosponsor>True</isOriginalCosponsor>
        <sponsorshipDate>2014-11-20</sponsorshipDate>
        <middleName />
      </item>
      <item>
        <district>1</district>
        <fullName>Rep. Miller, Jeff [R-FL-1]</fullName>
        <sponsorshipWithdrawnDate />
        <bioguideId>M001144</bioguideId>
        <identifiers>
          <lisID>1685</lisID>
          <gpoId>7873</gpoId>
          <bioguideId>M001144</bioguideId>
        </identifiers>
        <party>R</party>
        <lastName>Miller</lastName>
        <firstName>Jeff</firstName>
        <state>FL</state>
        <isOriginalCosponsor>True</isOriginalCosponsor>
        <sponsorshipDate>2014-11-20</sponsorshipDate>
        <middleName />
      </item>
      <item>
        <district>1</district>
        <fullName>Rep. Nunnelee, Alan [R-MS-1]</fullName>
        <sponsorshipWithdrawnDate />
        <bioguideId>N000186</bioguideId>
        <identifiers>
          <lisID>2034</lisID>
          <bioguideId>N000186</bioguideId>
          <gpoId>8019</gpoId>
        </identifiers>
        <party>R</party>
        <lastName>Nunnelee</lastName>
        <firstName>Alan</firstName>
        <state>MS</state>
        <isOriginalCosponsor>True</isOriginalCosponsor>
        <sponsorshipDate>2014-11-20</sponsorshipDate>
        <middleName />
      </item>
      <item>
        <district>7</district>
        <fullName>Rep. Perlmutter, Ed [D-CO-7]</fullName>
        <sponsorshipWithdrawnDate />
        <bioguideId>P000593</bioguideId>
        <identifiers>
          <lisID>1835</lisID>
          <gpoId>7865</gpoId>
          <bioguideId>P000593</bioguideId>
        </identifiers>
        <party>D</party>
        <lastName>Perlmutter</lastName>
        <firstName>Ed</firstName>
        <state>CO</state>
        <isOriginalCosponsor>True</isOriginalCosponsor>
        <sponsorshipDate>2014-11-20</sponsorshipDate>
        <middleName />
      </item>
      <item>
        <district>13</district>
        <fullName>Rep. Rangel, Charles B. [D-NY-13]</fullName>
        <sponsorshipWithdrawnDate />
        <bioguideId>R000053</bioguideId>
        <identifiers>
          <gpoId>8076</gpoId>
          <lisID>944</lisID>
          <bioguideId>R000053</bioguideId>
        </identifiers>
        <party>D</party>
        <lastName>RANGEL</lastName>
        <firstName>CHARLES</firstName>
        <state>NY</state>
        <isOriginalCosponsor>True</isOriginalCosponsor>
        <sponsorshipDate>2014-11-20</sponsorshipDate>
        <middleName>B.</middleName>
      </item>
      <item>
        <district>17</district>
        <fullName>Rep. Rooney, Thomas J. [R-FL-17]</fullName>
        <sponsorshipWithdrawnDate />
        <bioguideId>R000583</bioguideId>
        <identifiers>
          <lisID>1916</lisID>
          <gpoId>7888</gpoId>
          <bioguideId>R000583</bioguideId>
        </identifiers>
        <party>R</party>
        <lastName>Rooney</lastName>
        <firstName>Thomas</firstName>
        <state>FL</state>
        <isOriginalCosponsor>True</isOriginalCosponsor>
        <sponsorshipDate>2014-11-20</sponsorshipDate>
        <middleName>J.</middleName>
      </item>
      <item>
        <district>2</district>
        <fullName>Rep. Southerland, Steve II [R-FL-2]</fullName>
        <sponsorshipWithdrawnDate />
        <bioguideId>S001186</bioguideId>
        <identifiers>
          <gpoId>7874</gpoId>
          <lisID>2000</lisID>
          <bioguideId>S001186</bioguideId>
        </identifiers>
        <party>R</party>
        <lastName>Southerland</lastName>
        <firstName>Steve</firstName>
        <state>FL</state>
        <isOriginalCosponsor>True</isOriginalCosponsor>
        <sponsorshipDate>2014-11-20</sponsorshipDate>
        <middleName />
      </item>
      <item>
        <district>14</district>
        <fullName>Rep. Speier, Jackie [D-CA-14]</fullName>
        <sponsorshipWithdrawnDate />
        <bioguideId>S001175</bioguideId>
        <identifiers>
          <lisID>1890</lisID>
          <gpoId>7817</gpoId>
          <bioguideId>S001175</bioguideId>
        </identifiers>
        <party>D</party>
        <lastName>Speier</lastName>
        <firstName>Jackie</firstName>
        <state>CA</state>
        <isOriginalCosponsor>True</isOriginalCosponsor>
        <sponsorshipDate>2014-11-20</sponsorshipDate>
        <middleName />
      </item>
      <item>
        <district>3</district>
        <fullName>Rep. Stutzman, Marlin A. [R-IN-3]</fullName>
        <sponsorshipWithdrawnDate />
        <bioguideId>S001188</bioguideId>
        <identifiers>
          <lisID>1981</lisID>
          <bioguideId>S001188</bioguideId>
          <gpoId>7942</gpoId>
        </identifiers>
        <party>R</party>
        <lastName>Stutzman</lastName>
        <firstName>Marlin</firstName>
        <state>IN</state>
        <isOriginalCosponsor>True</isOriginalCosponsor>
        <sponsorshipDate>2014-11-20</sponsorshipDate>
        <middleName>A.</middleName>
      </item>
      <item>
        <district>1</district>
        <fullName>Rep. Wittman, Robert J. [R-VA-1]</fullName>
        <sponsorshipWithdrawnDate />
        <bioguideId>W000804</bioguideId>
        <identifiers>
          <lisID>1886</lisID>
          <gpoId>8192</gpoId>
          <bioguideId>W000804</bioguideId>
        </identifiers>
        <party>R</party>
        <lastName>Wittman</lastName>
        <firstName>Robert</firstName>
        <state>VA</state>
        <isOriginalCosponsor>True</isOriginalCosponsor>
        <sponsorshipDate>2014-11-20</sponsorshipDate>
        <middleName>J.</middleName>
      </item>
      <item>
        <district>3</district>
        <fullName>Rep. Yoder, Kevin [R-KS-3]</fullName>
        <sponsorshipWithdrawnDate />
        <bioguideId>Y000063</bioguideId>
        <identifiers>
          <lisID>2021</lisID>
          <gpoId>7951</gpoId>
          <bioguideId>Y000063</bioguideId>
        </identifiers>
        <party>R</party>
        <lastName>Yoder</lastName>
        <firstName>Kevin</firstName>
        <state>KS</state>
        <isOriginalCosponsor>True</isOriginalCosponsor>
        <sponsorshipDate>2014-11-20</sponsorshipDate>
        <middleName />
      </item>
      <item>
        <district>4</district>
        <fullName>Rep. Forbes, J. Randy [R-VA-4]</fullName>
        <sponsorshipWithdrawnDate />
        <bioguideId>F000445</bioguideId>
        <identifiers>
          <gpoId>8786</gpoId>
          <lisID>1683</lisID>
          <bioguideId>F000445</bioguideId>
        </identifiers>
        <party>R</party>
        <lastName>Forbes</lastName>
        <firstName>J.</firstName>
        <state>VA</state>
        <isOriginalCosponsor>False</isOriginalCosponsor>
        <sponsorshipDate>2014-12-09</sponsorshipDate>
        <middleName>Randy</middleName>
      </item>
    </cosponsors>
    <constitutionalAuthorityStatementText />
    <calendarNumbers />
    <committeeReports />
    <billType>HRES</billType>
    <title>Expressing support for the goals of National Adoption Day and National Adoption Month by promoting national awareness of adoption and the children awaiting families, celebrating children and families involved in adoption, and encouraging the people of the United States to secure safety, permanency, and well-being for all children.</title>
    <introducedDate>2014-11-20</introducedDate>
    <actions>
      <actionTypeCounts>
        <introducedInTheHouse>1</introducedInTheHouse>
        <billReferrals>1</billReferrals>
        <introducedInHouse>1</introducedInHouse>
      </actionTypeCounts>
      <actionByCounts>
        <houseOfRepresentatives>3</houseOfRepresentatives>
      </actionByCounts>
      <item>
        <text>Referred to the House Committee on Education and the Workforce.</text>
        <sourceSystem>
          <name>House floor actions</name>
          <code>2</code>
        </sourceSystem>
        <committee>
          <name>Education and the Workforce Committee</name>
          <systemCode>hsed00</systemCode>
        </committee>
        <type>IntroReferral</type>
        <links />
        <actionCode>H11100</actionCode>
        <actionDate>2014-11-20</actionDate>
      </item>
      <item>
        <text>Introduced in House</text>
        <sourceSystem>
          <name>Library of Congress</name>
          <code>9</code>
        </sourceSystem>
        <committee />
        <type>IntroReferral</type>
        <links />
        <actionCode>Intro-H</actionCode>
        <actionDate>2014-11-20</actionDate>
      </item>
      <item>
        <text>Introduced in House</text>
        <sourceSystem>
          <name>Library of Congress</name>
          <code>9</code>
        </sourceSystem>
        <committee />
        <type>IntroReferral</type>
        <links />
        <actionCode>1000</actionCode>
        <actionDate>2014-11-20</actionDate>
      </item>
    </actions>
    <congress>113</congress>
    <summaries>
      <billSummaries>
        <item>
          <actionDate>2014-11-20</actionDate>
          <updateDate>2014-11-20T05:00:00Z</updateDate>
          <name>Introduced in House</name>
          <lastSummaryUpdateDate>2014-12-03T21:23:44Z</lastSummaryUpdateDate>
          <versionCode>00</versionCode>
          <actionDesc>Introduced in House</actionDesc>
          <text><![CDATA[<p>Supports the goals and ideals of National Adoption Day and National Adoption Month.</p>]]></text>
        </item>
      </billSummaries>
    </summaries>
    <laws />
    <createDate>2014-11-21T05:18:44Z</createDate>
    <titles>
      <item>
        <parentTitleType />
        <chamberCode />
        <chamberName />
        <title>Expressing support for the goals of National Adoption Day and National Adoption Month by promoting national awareness of adoption and the children awaiting families, celebrating children and families involved in adoption, and encouraging the people of the United States to secure safety, permanency, and well-being for all children.</title>
        <titleType>Official Title as Introduced</titleType>
      </item>
      <item>
        <parentTitleType />
        <chamberCode />
        <chamberName />
        <title>Expressing support for the goals of National Adoption Day and National Adoption Month by promoting national awareness of adoption and the children awaiting families, celebrating children and families involved in adoption, and encouraging the people of the United States to secure safety, permanency, and well-being for all children.</title>
        <titleType>Display Title</titleType>
      </item>
    </titles>
    <recordedVotes />
    <committees>
      <billCommittees>
        <item>
          <subcommittees />
          <chamber>House</chamber>
          <systemCode>hsed00</systemCode>
          <activities>
            <item>
              <date>2014-11-20T14:01:10Z</date>
              <name>Referred to</name>
            </item>
          </activities>
          <type>Standing</type>
          <name>Education and the Workforce Committee</name>
        </item>
      </billCommittees>
    </committees>
  </bill>
  <dublinCore xmlns:dc="http://purl.org/dc/elements/1.1/">
    <dc:format>text/xml</dc:format>
    <dc:language>EN</dc:language>
    <dc:rights>Pursuant to Title 17 Section 105 of the United States Code, this file is not subject to copyright protection and is in the public domain.</dc:rights>
    <dc:contributor>Congressional Research Service, Library of Congress</dc:contributor>
    <dc:description>This file contains bill summaries and statuses for federal legislation. A bill summary describes the most significant provisions of a piece of legislation and details the effects the legislative text may have on current law and federal programs. Bill summaries are authored by the Congressional Research Service (CRS) of the Library of Congress. As stated in Public Law 91-510 (2 USC 166 (d)(6)), one of the duties of CRS is "to prepare summaries and digests of bills and resolutions of a public general nature introduced in the Senate or House of Representatives". For more information, refer to the User Guide that accompanies this file.</dc:description>
  </dublinCore>
</billStatus>

