<?xml version="1.0" encoding="UTF-8"?>
<billStatus>
  <bill>
    <committees>
      <billCommittees>
        <item>
          <subcommittees />
          <chamber>House</chamber>
          <type>Standing</type>
          <name>Oversight and Government Reform Committee</name>
          <systemCode>hsgo00</systemCode>
          <activities>
            <item>
              <name>Referred to</name>
              <date>2014-07-30T14:05:35Z</date>
            </item>
          </activities>
        </item>
      </billCommittees>
    </committees>
    <congress>113</congress>
    <billNumber>698</billNumber>
    <updateDate>2016-10-25T15:55:57Z</updateDate>
    <subjects>
      <billSubjects>
        <legislativeSubjects>
          <item>
            <name>Congressional tributes</name>
          </item>
          <item>
            <name>First responders and emergency personnel</name>
          </item>
          <item>
            <name>Law enforcement officers</name>
          </item>
          <item>
            <name>Racial and ethnic relations</name>
          </item>
          <item>
            <name>Religion</name>
          </item>
          <item>
            <name>Violent crime</name>
          </item>
          <item>
            <name>Wisconsin</name>
          </item>
        </legislativeSubjects>
        <policyArea>
          <name>Crime and Law Enforcement</name>
        </policyArea>
      </billSubjects>
    </subjects>
    <policyArea>
      <name>Crime and Law Enforcement</name>
    </policyArea>
    <summaries>
      <billSummaries>
        <item>
          <versionCode>00</versionCode>
          <actionDate>2014-07-30</actionDate>
          <text><![CDATA[<p>Condemns: (1) the attack that occurred at the Sikh Temple of Wisconsin on August 5, 2012; and (2) intolerance, including religious and racial discrimination, and calls for continued vigilance against violence.</p> <p>Honors the memory of Suveg Singh Khattra, Satwant Singh Kaleka, Ranjit Singh, Sita Singh, Paramjit Kaur, and Prakash Singh, who died in the attack.</p> <p>Applauds the bravery of Lieutenant Brian Murphy and other first responders who prevented the gunman from taking more lives and treated wounded individuals.</p>]]></text>
          <name>Introduced in House</name>
          <lastSummaryUpdateDate>2014-08-04T15:54:11Z</lastSummaryUpdateDate>
          <updateDate>2014-07-30T04:00:00Z</updateDate>
          <actionDesc>Introduced in House</actionDesc>
        </item>
      </billSummaries>
    </summaries>
    <title>Condemning the attack that occurred at the Oak Creek Sikh Gurdwara on August 5, 2012, and honoring the memory of those who died in the attack.</title>
    <laws />
    <cosponsors>
      <item>
        <district>27</district>
        <fullName>Rep. Chu, Judy [D-CA-27]</fullName>
        <sponsorshipWithdrawnDate />
        <bioguideId>C001080</bioguideId>
        <identifiers>
          <lisID>1970</lisID>
          <gpoId>7837</gpoId>
          <bioguideId>C001080</bioguideId>
        </identifiers>
        <party>D</party>
        <lastName>Chu</lastName>
        <firstName>Judy</firstName>
        <state>CA</state>
        <isOriginalCosponsor>True</isOriginalCosponsor>
        <sponsorshipDate>2014-07-30</sponsorshipDate>
        <middleName />
      </item>
      <item>
        <district>7</district>
        <fullName>Rep. Meehan, Patrick [R-PA-7]</fullName>
        <sponsorshipWithdrawnDate />
        <bioguideId>M001181</bioguideId>
        <identifiers>
          <lisID>2052</lisID>
          <gpoId>8125</gpoId>
          <bioguideId>M001181</bioguideId>
        </identifiers>
        <party>R</party>
        <lastName>Meehan</lastName>
        <firstName>Patrick</firstName>
        <state>PA</state>
        <isOriginalCosponsor>True</isOriginalCosponsor>
        <sponsorshipDate>2014-07-30</sponsorshipDate>
        <middleName />
      </item>
      <item>
        <district>3</district>
        <fullName>Rep. Garamendi, John [D-CA-3]</fullName>
        <sponsorshipWithdrawnDate />
        <bioguideId>G000559</bioguideId>
        <identifiers>
          <bioguideId>G000559</bioguideId>
          <lisID>1973</lisID>
          <gpoId>7815</gpoId>
        </identifiers>
        <party>D</party>
        <lastName>Garamendi</lastName>
        <firstName>John</firstName>
        <state>CA</state>
        <isOriginalCosponsor>True</isOriginalCosponsor>
        <sponsorshipDate>2014-07-30</sponsorshipDate>
        <middleName />
      </item>
      <item>
        <district>14</district>
        <fullName>Rep. Joyce, David P. [R-OH-14]</fullName>
        <sponsorshipWithdrawnDate />
        <bioguideId>J000295</bioguideId>
        <identifiers>
          <lisID>2154</lisID>
          <bioguideId>J000295</bioguideId>
          <gpoId />
        </identifiers>
        <party>R</party>
        <lastName>Joyce</lastName>
        <firstName>David</firstName>
        <state>OH</state>
        <isOriginalCosponsor>True</isOriginalCosponsor>
        <sponsorshipDate>2014-07-30</sponsorshipDate>
        <middleName>P.</middleName>
      </item>
      <item>
        <district>1</district>
        <fullName>Rep. Ryan, Paul [R-WI-1]</fullName>
        <sponsorshipWithdrawnDate />
        <bioguideId>R000570</bioguideId>
        <identifiers>
          <lisID>1560</lisID>
          <gpoId>8214</gpoId>
          <bioguideId>R000570</bioguideId>
        </identifiers>
        <party>R</party>
        <lastName>RYAN</lastName>
        <firstName>PAUL</firstName>
        <state>WI</state>
        <isOriginalCosponsor>True</isOriginalCosponsor>
        <sponsorshipDate>2014-07-30</sponsorshipDate>
        <middleName />
      </item>
      <item>
        <district>8</district>
        <fullName>Rep. Ribble, Reid J. [R-WI-8]</fullName>
        <sponsorshipWithdrawnDate />
        <bioguideId>R000587</bioguideId>
        <identifiers>
          <bioguideId>R000587</bioguideId>
          <gpoId>8221</gpoId>
          <lisID>2073</lisID>
        </identifiers>
        <party>R</party>
        <lastName>Ribble</lastName>
        <firstName>Reid</firstName>
        <state>WI</state>
        <isOriginalCosponsor>True</isOriginalCosponsor>
        <sponsorshipDate>2014-07-30</sponsorshipDate>
        <middleName>J.</middleName>
      </item>
      <item>
        <district>17</district>
        <fullName>Rep. Honda, Michael M. [D-CA-17]</fullName>
        <sponsorshipWithdrawnDate />
        <bioguideId>H001034</bioguideId>
        <identifiers>
          <lisID>1634</lisID>
          <gpoId>7820</gpoId>
          <bioguideId>H001034</bioguideId>
        </identifiers>
        <party>D</party>
        <lastName>HONDA</lastName>
        <firstName>MICHAEL</firstName>
        <state>CA</state>
        <isOriginalCosponsor>True</isOriginalCosponsor>
        <sponsorshipDate>2014-07-30</sponsorshipDate>
        <middleName>M.</middleName>
      </item>
      <item>
        <district>16</district>
        <fullName>Rep. Costa, Jim [D-CA-16]</fullName>
        <sponsorshipWithdrawnDate />
        <bioguideId>C001059</bioguideId>
        <identifiers>
          <bioguideId>C001059</bioguideId>
          <lisID>1774</lisID>
          <gpoId>7825</gpoId>
        </identifiers>
        <party>D</party>
        <lastName>Costa</lastName>
        <firstName>Jim</firstName>
        <state>CA</state>
        <isOriginalCosponsor>True</isOriginalCosponsor>
        <sponsorshipDate>2014-07-30</sponsorshipDate>
        <middleName />
      </item>
      <item>
        <district>14</district>
        <fullName>Rep. Peters, Gary C. [D-MI-14]</fullName>
        <sponsorshipWithdrawnDate />
        <bioguideId>P000595</bioguideId>
        <identifiers>
          <gpoId>7994</gpoId>
          <lisID>1929</lisID>
          <bioguideId>P000595</bioguideId>
        </identifiers>
        <party>D</party>
        <lastName>Peters</lastName>
        <firstName>Gary</firstName>
        <state>MI</state>
        <isOriginalCosponsor>True</isOriginalCosponsor>
        <sponsorshipDate>2014-07-30</sponsorshipDate>
        <middleName>C.</middleName>
      </item>
      <item>
        <district>12</district>
        <fullName>Rep. Holt, Rush [D-NJ-12]</fullName>
        <sponsorshipWithdrawnDate />
        <bioguideId>H001032</bioguideId>
        <identifiers>
          <lisID>1580</lisID>
          <bioguideId>H001032</bioguideId>
          <gpoId>8054</gpoId>
        </identifiers>
        <party>D</party>
        <lastName>HOLT</lastName>
        <firstName>RUSH</firstName>
        <state>NJ</state>
        <isOriginalCosponsor>True</isOriginalCosponsor>
        <sponsorshipDate>2014-07-30</sponsorshipDate>
        <middleName>D.</middleName>
      </item>
      <item>
        <district>3</district>
        <fullName>Rep. Grijalva, Raul M. [D-AZ-3]</fullName>
        <sponsorshipWithdrawnDate />
        <bioguideId>G000551</bioguideId>
        <identifiers>
          <bioguideId>G000551</bioguideId>
          <lisID>1708</lisID>
          <gpoId>7804</gpoId>
        </identifiers>
        <party>D</party>
        <lastName>Grijalva</lastName>
        <firstName>Raul</firstName>
        <state>AZ</state>
        <isOriginalCosponsor>True</isOriginalCosponsor>
        <sponsorshipDate>2014-07-30</sponsorshipDate>
        <middleName>M.</middleName>
      </item>
      <item>
        <district>8</district>
        <fullName>Rep. Van Hollen, Chris [D-MD-8]</fullName>
        <sponsorshipWithdrawnDate />
        <bioguideId>V000128</bioguideId>
        <identifiers>
          <lisID>1729</lisID>
          <gpoId>7983</gpoId>
          <bioguideId>V000128</bioguideId>
        </identifiers>
        <party>D</party>
        <lastName>Van Hollen</lastName>
        <firstName>Chris</firstName>
        <state>MD</state>
        <isOriginalCosponsor>True</isOriginalCosponsor>
        <sponsorshipDate>2014-07-30</sponsorshipDate>
        <middleName />
      </item>
      <item>
        <district>3</district>
        <fullName>Rep. Kind, Ron [D-WI-3]</fullName>
        <sponsorshipWithdrawnDate />
        <bioguideId>K000188</bioguideId>
        <identifiers>
          <lisID>1498</lisID>
          <gpoId>8216</gpoId>
          <bioguideId>K000188</bioguideId>
        </identifiers>
        <party>D</party>
        <lastName>KIND</lastName>
        <firstName>RON</firstName>
        <state>WI</state>
        <isOriginalCosponsor>True</isOriginalCosponsor>
        <sponsorshipDate>2014-07-30</sponsorshipDate>
        <middleName />
      </item>
      <item>
        <district>22</district>
        <fullName>Rep. Nunes, Devin [R-CA-22]</fullName>
        <sponsorshipWithdrawnDate />
        <bioguideId>N000181</bioguideId>
        <identifiers>
          <lisID>1710</lisID>
          <gpoId>7826</gpoId>
          <bioguideId>N000181</bioguideId>
        </identifiers>
        <party>R</party>
        <lastName>Nunes</lastName>
        <firstName>Devin</firstName>
        <state>CA</state>
        <isOriginalCosponsor>True</isOriginalCosponsor>
        <sponsorshipDate>2014-07-30</sponsorshipDate>
        <middleName />
      </item>
      <item>
        <district>6</district>
        <fullName>Rep. Matsui, Doris O. [D-CA-6]</fullName>
        <sponsorshipWithdrawnDate />
        <bioguideId>M001163</bioguideId>
        <identifiers>
          <lisID>1814</lisID>
          <gpoId>7810</gpoId>
          <bioguideId>M001163</bioguideId>
        </identifiers>
        <party>D</party>
        <lastName>Matsui</lastName>
        <firstName>Doris</firstName>
        <state>CA</state>
        <isOriginalCosponsor>True</isOriginalCosponsor>
        <sponsorshipDate>2014-07-30</sponsorshipDate>
        <middleName>O.</middleName>
      </item>
      <item>
        <district>1</district>
        <fullName>Rep. Rush, Bobby L. [D-IL-1]</fullName>
        <sponsorshipWithdrawnDate />
        <bioguideId>R000515</bioguideId>
        <identifiers>
          <lisID>1003</lisID>
          <bioguideId>R000515</bioguideId>
          <gpoId>7921</gpoId>
        </identifiers>
        <party>D</party>
        <lastName>RUSH</lastName>
        <firstName>BOBBY</firstName>
        <state>IL</state>
        <isOriginalCosponsor>True</isOriginalCosponsor>
        <sponsorshipDate>2014-07-30</sponsorshipDate>
        <middleName>L.</middleName>
      </item>
      <item>
        <district>4</district>
        <fullName>Rep. Moore, Gwen [D-WI-4]</fullName>
        <sponsorshipWithdrawnDate />
        <bioguideId>M001160</bioguideId>
        <identifiers>
          <bioguideId>M001160</bioguideId>
          <lisID>1811</lisID>
          <gpoId>8217</gpoId>
        </identifiers>
        <party>D</party>
        <lastName>Moore</lastName>
        <firstName>Gwen</firstName>
        <state>WI</state>
        <isOriginalCosponsor>True</isOriginalCosponsor>
        <sponsorshipDate>2014-07-30</sponsorshipDate>
        <middleName />
      </item>
      <item>
        <district>0</district>
        <fullName>Rep. Norton, Eleanor Holmes [D-DC-At Large]</fullName>
        <sponsorshipWithdrawnDate />
        <bioguideId>N000147</bioguideId>
        <identifiers>
          <bioguideId>N000147</bioguideId>
          <lisID>868</lisID>
          <gpoId>7871</gpoId>
        </identifiers>
        <party>D</party>
        <lastName>NORTON</lastName>
        <firstName>ELEANOR</firstName>
        <state>DC</state>
        <isOriginalCosponsor>True</isOriginalCosponsor>
        <sponsorshipDate>2014-07-30</sponsorshipDate>
        <middleName>HOLMES</middleName>
      </item>
      <item>
        <district>6</district>
        <fullName>Rep. Meng, Grace [D-NY-6]</fullName>
        <sponsorshipWithdrawnDate />
        <bioguideId>M001188</bioguideId>
        <identifiers>
          <lisID>2148</lisID>
          <gpoId />
          <bioguideId>M001188</bioguideId>
        </identifiers>
        <party>D</party>
        <lastName>Meng</lastName>
        <firstName>Grace</firstName>
        <state>NY</state>
        <isOriginalCosponsor>True</isOriginalCosponsor>
        <sponsorshipDate>2014-07-30</sponsorshipDate>
        <middleName />
      </item>
      <item>
        <district>18</district>
        <fullName>Rep. Jackson Lee, Sheila [D-TX-18]</fullName>
        <sponsorshipWithdrawnDate />
        <bioguideId>J000032</bioguideId>
        <identifiers>
          <gpoId>8174</gpoId>
          <lisID>588</lisID>
          <bioguideId>J000032</bioguideId>
        </identifiers>
        <party>D</party>
        <lastName>JACKSON LEE</lastName>
        <firstName>SHEILA</firstName>
        <state>TX</state>
        <isOriginalCosponsor>True</isOriginalCosponsor>
        <sponsorshipDate>2014-07-30</sponsorshipDate>
        <middleName />
      </item>
      <item>
        <district>1</district>
        <fullName>Rep. LaMalfa, Doug [R-CA-1]</fullName>
        <sponsorshipWithdrawnDate />
        <bioguideId>L000578</bioguideId>
        <identifiers>
          <lisID>2100</lisID>
          <gpoId />
          <bioguideId>L000578</bioguideId>
        </identifiers>
        <party>R</party>
        <lastName>LaMalfa</lastName>
        <firstName>Doug</firstName>
        <state>CA</state>
        <isOriginalCosponsor>True</isOriginalCosponsor>
        <sponsorshipDate>2014-07-30</sponsorshipDate>
        <middleName />
      </item>
      <item>
        <district>4</district>
        <fullName>Rep. McCollum, Betty [D-MN-4]</fullName>
        <sponsorshipWithdrawnDate />
        <bioguideId>M001143</bioguideId>
        <identifiers>
          <lisID>1653</lisID>
          <gpoId>8004</gpoId>
          <bioguideId>M001143</bioguideId>
        </identifiers>
        <party>D</party>
        <lastName>MCCOLLUM</lastName>
        <firstName>BETTY</firstName>
        <state>MN</state>
        <isOriginalCosponsor>True</isOriginalCosponsor>
        <sponsorshipDate>2014-07-30</sponsorshipDate>
        <middleName />
      </item>
      <item>
        <district>18</district>
        <fullName>Rep. Eshoo, Anna G. [D-CA-18]</fullName>
        <sponsorshipWithdrawnDate />
        <bioguideId>E000215</bioguideId>
        <identifiers>
          <lisID>355</lisID>
          <gpoId>7819</gpoId>
          <bioguideId>E000215</bioguideId>
        </identifiers>
        <party>D</party>
        <lastName>ESHOO</lastName>
        <firstName>ANNA</firstName>
        <state>CA</state>
        <isOriginalCosponsor>True</isOriginalCosponsor>
        <sponsorshipDate>2014-07-30</sponsorshipDate>
        <middleName>G.</middleName>
      </item>
      <item>
        <district>30</district>
        <fullName>Rep. Sherman, Brad [D-CA-30]</fullName>
        <sponsorshipWithdrawnDate />
        <bioguideId>S000344</bioguideId>
        <identifiers>
          <lisID>1526</lisID>
          <bioguideId>S000344</bioguideId>
          <gpoId>7832</gpoId>
        </identifiers>
        <party>D</party>
        <lastName>SHERMAN</lastName>
        <firstName>BRAD</firstName>
        <state>CA</state>
        <isOriginalCosponsor>True</isOriginalCosponsor>
        <sponsorshipDate>2014-07-30</sponsorshipDate>
        <middleName />
      </item>
      <item>
        <district>19</district>
        <fullName>Rep. Lofgren, Zoe [D-CA-19]</fullName>
        <sponsorshipWithdrawnDate />
        <bioguideId>L000397</bioguideId>
        <identifiers>
          <lisID>701</lisID>
          <gpoId>7821</gpoId>
          <bioguideId>L000397</bioguideId>
        </identifiers>
        <party>D</party>
        <lastName>LOFGREN</lastName>
        <firstName>ZOE</firstName>
        <state>CA</state>
        <isOriginalCosponsor>True</isOriginalCosponsor>
        <sponsorshipDate>2014-07-30</sponsorshipDate>
        <middleName />
      </item>
      <item>
        <district>0</district>
        <fullName>Rep. Bordallo, Madeleine Z. [D-GU-At Large]</fullName>
        <sponsorshipWithdrawnDate />
        <bioguideId>B001245</bioguideId>
        <identifiers>
          <bioguideId>B001245</bioguideId>
          <gpoId>7911</gpoId>
          <lisID>1723</lisID>
        </identifiers>
        <party>D</party>
        <lastName>Bordallo</lastName>
        <firstName>Madeleine</firstName>
        <state>GU</state>
        <isOriginalCosponsor>True</isOriginalCosponsor>
        <sponsorshipDate>2014-07-30</sponsorshipDate>
        <middleName>Z.</middleName>
      </item>
      <item>
        <district>7</district>
        <fullName>Rep. Carson, Andre [D-IN-7]</fullName>
        <sponsorshipWithdrawnDate />
        <bioguideId>C001072</bioguideId>
        <identifiers>
          <gpoId>7946</gpoId>
          <lisID>1889</lisID>
          <bioguideId>C001072</bioguideId>
        </identifiers>
        <party>D</party>
        <lastName>Carson</lastName>
        <firstName>Andre</firstName>
        <state>IN</state>
        <isOriginalCosponsor>True</isOriginalCosponsor>
        <sponsorshipDate>2014-07-30</sponsorshipDate>
        <middleName />
      </item>
      <item>
        <district>47</district>
        <fullName>Rep. Lowenthal, Alan S. [D-CA-47]</fullName>
        <sponsorshipWithdrawnDate />
        <bioguideId>L000579</bioguideId>
        <identifiers>
          <bioguideId>L000579</bioguideId>
          <lisID>2111</lisID>
          <gpoId />
        </identifiers>
        <party>D</party>
        <lastName>Lowenthal</lastName>
        <firstName>Alan</firstName>
        <state>CA</state>
        <isOriginalCosponsor>True</isOriginalCosponsor>
        <sponsorshipDate>2014-07-30</sponsorshipDate>
        <middleName>S.</middleName>
      </item>
      <item>
        <district>9</district>
        <fullName>Rep. Schakowsky, Janice D. [D-IL-9]</fullName>
        <sponsorshipWithdrawnDate />
        <bioguideId>S001145</bioguideId>
        <identifiers>
          <bioguideId>S001145</bioguideId>
          <lisID>1588</lisID>
          <gpoId>7929</gpoId>
        </identifiers>
        <party>D</party>
        <lastName>SCHAKOWSKY</lastName>
        <firstName>JANICE</firstName>
        <state>IL</state>
        <isOriginalCosponsor>True</isOriginalCosponsor>
        <sponsorshipDate>2014-07-30</sponsorshipDate>
        <middleName>D.</middleName>
      </item>
      <item>
        <district>14</district>
        <fullName>Rep. Crowley, Joseph [D-NY-14]</fullName>
        <sponsorshipWithdrawnDate />
        <bioguideId>C001038</bioguideId>
        <identifiers>
          <lisID>1604</lisID>
          <gpoId>8068</gpoId>
          <bioguideId>C001038</bioguideId>
        </identifiers>
        <party>D</party>
        <lastName>CROWLEY</lastName>
        <firstName>JOSEPH</firstName>
        <state>NY</state>
        <isOriginalCosponsor>True</isOriginalCosponsor>
        <sponsorshipDate>2014-07-30</sponsorshipDate>
        <middleName />
      </item>
      <item>
        <district>2</district>
        <fullName>Rep. Pocan, Mark [D-WI-2]</fullName>
        <sponsorshipWithdrawnDate />
        <bioguideId>P000607</bioguideId>
        <identifiers>
          <lisID>2171</lisID>
          <bioguideId>P000607</bioguideId>
          <gpoId />
        </identifiers>
        <party>D</party>
        <lastName>Pocan</lastName>
        <firstName>Mark</firstName>
        <state>WI</state>
        <isOriginalCosponsor>True</isOriginalCosponsor>
        <sponsorshipDate>2014-07-30</sponsorshipDate>
        <middleName />
      </item>
      <item>
        <district>15</district>
        <fullName>Rep. Swalwell, Eric [D-CA-15]</fullName>
        <sponsorshipWithdrawnDate />
        <bioguideId>S001193</bioguideId>
        <identifiers>
          <gpoId />
          <lisID>2104</lisID>
          <bioguideId>S001193</bioguideId>
        </identifiers>
        <party>D</party>
        <lastName>Swalwell</lastName>
        <firstName>Eric</firstName>
        <state>CA</state>
        <isOriginalCosponsor>True</isOriginalCosponsor>
        <sponsorshipDate>2014-07-30</sponsorshipDate>
        <middleName />
      </item>
      <item>
        <district>41</district>
        <fullName>Rep. Takano, Mark [D-CA-41]</fullName>
        <sponsorshipWithdrawnDate />
        <bioguideId>T000472</bioguideId>
        <identifiers>
          <lisID>2110</lisID>
          <gpoId />
          <bioguideId>T000472</bioguideId>
        </identifiers>
        <party>D</party>
        <lastName>Takano</lastName>
        <firstName>Mark</firstName>
        <state>CA</state>
        <isOriginalCosponsor>False</isOriginalCosponsor>
        <sponsorshipDate>2014-08-01</sponsorshipDate>
        <middleName />
      </item>
      <item>
        <district>7</district>
        <fullName>Rep. Bera, Ami [D-CA-7]</fullName>
        <sponsorshipWithdrawnDate />
        <bioguideId>B001287</bioguideId>
        <identifiers>
          <lisID>2102</lisID>
          <gpoId />
          <bioguideId>B001287</bioguideId>
        </identifiers>
        <party>D</party>
        <lastName>Bera</lastName>
        <firstName>Ami</firstName>
        <state>CA</state>
        <isOriginalCosponsor>False</isOriginalCosponsor>
        <sponsorshipDate>2014-08-01</sponsorshipDate>
        <middleName />
      </item>
      <item>
        <district>33</district>
        <fullName>Rep. Waxman, Henry A. [D-CA-33]</fullName>
        <sponsorshipWithdrawnDate />
        <bioguideId>W000215</bioguideId>
        <identifiers>
          <gpoId>7835</gpoId>
          <lisID>1209</lisID>
          <bioguideId>W000215</bioguideId>
        </identifiers>
        <party>D</party>
        <lastName>WAXMAN</lastName>
        <firstName>HENRY</firstName>
        <state>CA</state>
        <isOriginalCosponsor>False</isOriginalCosponsor>
        <sponsorshipDate>2014-08-01</sponsorshipDate>
        <middleName>A.</middleName>
      </item>
      <item>
        <district>9</district>
        <fullName>Rep. Green, Al [D-TX-9]</fullName>
        <sponsorshipWithdrawnDate />
        <bioguideId>G000553</bioguideId>
        <identifiers>
          <lisID>1803</lisID>
          <gpoId>8165</gpoId>
          <bioguideId>G000553</bioguideId>
        </identifiers>
        <party>D</party>
        <lastName>Green</lastName>
        <firstName>Al</firstName>
        <state>TX</state>
        <isOriginalCosponsor>False</isOriginalCosponsor>
        <sponsorshipDate>2014-08-01</sponsorshipDate>
        <middleName />
      </item>
    </cosponsors>
    <billType>HRES</billType>
    <cboCostEstimates />
    <recordedVotes />
    <relatedBills>
      <item>
        <latestAction>
          <actionDate>2013-08-02</actionDate>
          <text>Referred to the House Committee on Oversight and Government Reform.</text>
        </latestAction>
        <number>334</number>
        <congress>113</congress>
        <type>HRES</type>
        <latestTitle>Condemning the attack that occurred at the Oak Creek Sikh Gurdwara on August 5, 2012, and honoring the memory of those who died in the attack.</latestTitle>
        <relationshipDetails>
          <item>
            <identifiedBy>CRS</identifiedBy>
            <type>Identical bill</type>
          </item>
        </relationshipDetails>
      </item>
    </relatedBills>
    <actions>
      <actionTypeCounts>
        <introducedInTheHouse>1</introducedInTheHouse>
        <billReferrals>1</billReferrals>
        <introducedInHouse>1</introducedInHouse>
      </actionTypeCounts>
      <actionByCounts>
        <houseOfRepresentatives>3</houseOfRepresentatives>
      </actionByCounts>
      <item>
        <links />
        <committee>
          <systemCode>hsgo00</systemCode>
          <name>Oversight and Government Reform Committee</name>
        </committee>
        <actionCode>H11100</actionCode>
        <actionDate>2014-07-30</actionDate>
        <text>Referred to the House Committee on Oversight and Government Reform.</text>
        <type>IntroReferral</type>
        <sourceSystem>
          <name>House floor actions</name>
          <code>2</code>
        </sourceSystem>
      </item>
      <item>
        <links />
        <committee />
        <actionCode>Intro-H</actionCode>
        <actionDate>2014-07-30</actionDate>
        <text>Introduced in House</text>
        <type>IntroReferral</type>
        <sourceSystem>
          <name>Library of Congress</name>
          <code>9</code>
        </sourceSystem>
      </item>
      <item>
        <links />
        <committee />
        <actionCode>1000</actionCode>
        <actionDate>2014-07-30</actionDate>
        <text>Introduced in House</text>
        <type>IntroReferral</type>
        <sourceSystem>
          <name>Library of Congress</name>
          <code>9</code>
        </sourceSystem>
      </item>
    </actions>
    <notes />
    <latestAction>
      <actionDate>2014-07-30</actionDate>
      <links />
      <text>Referred to the House Committee on Oversight and Government Reform.</text>
    </latestAction>
    <introducedDate>2014-07-30</introducedDate>
    <sponsors>
      <item>
        <fullName>Rep. Valadao, David G. [R-CA-21]</fullName>
        <firstName>David</firstName>
        <byRequestType />
        <identifiers>
          <lisID>2105</lisID>
          <gpoId />
          <bioguideId>V000129</bioguideId>
        </identifiers>
        <middleName>G.</middleName>
        <bioguideId>V000129</bioguideId>
        <district>21</district>
        <party>R</party>
        <state>CA</state>
        <lastName>Valadao</lastName>
      </item>
    </sponsors>
    <constitutionalAuthorityStatementText />
    <calendarNumbers />
    <committeeReports />
    <amendments />
    <createDate>2014-07-31T05:20:43Z</createDate>
    <originChamber>House</originChamber>
    <titles>
      <item>
        <parentTitleType />
        <titleType>Official Title as Introduced</titleType>
        <title>Condemning the attack that occurred at the Oak Creek Sikh Gurdwara on August 5, 2012, and honoring the memory of those who died in the attack.</title>
        <chamberCode />
        <chamberName />
      </item>
      <item>
        <parentTitleType />
        <titleType>Display Title</titleType>
        <title>Condemning the attack that occurred at the Oak Creek Sikh Gurdwara on August 5, 2012, and honoring the memory of those who died in the attack.</title>
        <chamberCode />
        <chamberName />
      </item>
    </titles>
  </bill>
  <dublinCore xmlns:dc="http://purl.org/dc/elements/1.1/">
    <dc:format>text/xml</dc:format>
    <dc:language>EN</dc:language>
    <dc:rights>Pursuant to Title 17 Section 105 of the United States Code, this file is not subject to copyright protection and is in the public domain.</dc:rights>
    <dc:contributor>Congressional Research Service, Library of Congress</dc:contributor>
    <dc:description>This file contains bill summaries and statuses for federal legislation. A bill summary describes the most significant provisions of a piece of legislation and details the effects the legislative text may have on current law and federal programs. Bill summaries are authored by the Congressional Research Service (CRS) of the Library of Congress. As stated in Public Law 91-510 (2 USC 166 (d)(6)), one of the duties of CRS is "to prepare summaries and digests of bills and resolutions of a public general nature introduced in the Senate or House of Representatives". For more information, refer to the User Guide that accompanies this file.</dc:description>
  </dublinCore>
</billStatus>

