<?xml version="1.0" encoding="UTF-8"?>
<billStatus>
  <bill>
    <committees>
      <billCommittees>
        <item>
          <subcommittees />
          <activities>
            <item>
              <date>2013-02-05T15:03:00Z</date>
              <name>Referred to</name>
            </item>
          </activities>
          <type>Standing</type>
          <systemCode>hsju00</systemCode>
          <chamber>House</chamber>
          <name>Judiciary Committee</name>
        </item>
      </billCommittees>
    </committees>
    <introducedDate>2013-02-05</introducedDate>
    <congress>113</congress>
    <laws />
    <calendarNumbers />
    <originChamber>House</originChamber>
    <constitutionalAuthorityStatementText />
    <titles>
      <item>
        <chamberCode />
        <title>Honoring the life of Trayvon Martin, urging the repeal of Stand Your Ground laws, and calling on the United States Government to address the crisis of racial profiling.</title>
        <chamberName />
        <titleType>Official Title as Introduced</titleType>
        <parentTitleType />
      </item>
      <item>
        <chamberCode />
        <title>Honoring the life of Trayvon Martin, urging the repeal of Stand Your Ground laws, and calling on the United States Government to address the crisis of racial profiling.</title>
        <chamberName />
        <titleType>Display Title</titleType>
        <parentTitleType />
      </item>
    </titles>
    <createDate>2013-02-06T07:00:55Z</createDate>
    <title>Honoring the life of Trayvon Martin, urging the repeal of Stand Your Ground laws, and calling on the United States Government to address the crisis of racial profiling.</title>
    <cboCostEstimates />
    <summaries>
      <billSummaries>
        <item>
          <lastSummaryUpdateDate>2013-03-07T21:33:49Z</lastSummaryUpdateDate>
          <actionDate>2013-02-05</actionDate>
          <actionDesc>Introduced in House</actionDesc>
          <updateDate>2013-02-05T05:00:00Z</updateDate>
          <text><![CDATA[<p>Condemns unfounded reliance on Stand Your Ground laws to protect actions that extend far beyond historical use of self-defense. </p> <p>Urges state legislatures to reject or repeal Stand Your Ground legislation. Commits to developing incentives for states to find alternatives to such legislation, such as grants for community policing. Encourages states to create penalties for individuals found to have caused substantive harm through racial profiling.</p> <p>Urges the U.S. Commission on Civil Rights to seek to elevate the social status of black males by undertaking studies to understand and correct the underlying causes of higher rates of school expulsions and suspensions, homicides, incarceration, poverty, violence, and drug abuse, as well as income, health, and educational disparities.</p>]]></text>
          <name>Introduced in House</name>
          <versionCode>00</versionCode>
        </item>
      </billSummaries>
    </summaries>
    <recordedVotes />
    <notes />
    <policyArea>
      <name>Crime and Law Enforcement</name>
    </policyArea>
    <updateDate>2016-10-25T15:54:24Z</updateDate>
    <cosponsors>
      <item>
        <state>MO</state>
        <fullName>Rep. Cleaver, Emanuel [D-MO-5]</fullName>
        <district>5</district>
        <sponsorshipWithdrawnDate />
        <party>D</party>
        <identifiers>
          <bioguideId>C001061</bioguideId>
          <gpoId>8013</gpoId>
          <lisID>1790</lisID>
        </identifiers>
        <middleName />
        <bioguideId>C001061</bioguideId>
        <firstName>Emanuel</firstName>
        <lastName>Cleaver</lastName>
        <isOriginalCosponsor>True</isOriginalCosponsor>
        <sponsorshipDate>2013-02-05</sponsorshipDate>
      </item>
      <item>
        <state>VI</state>
        <fullName>Rep. Christensen, Donna M. [D-VI-At Large]</fullName>
        <district>0</district>
        <sponsorshipWithdrawnDate />
        <party>D</party>
        <identifiers>
          <bioguideId>C000380</bioguideId>
          <gpoId>8203</gpoId>
          <lisID>1474</lisID>
        </identifiers>
        <middleName>M.</middleName>
        <bioguideId>C000380</bioguideId>
        <firstName>DONNA</firstName>
        <lastName>CHRISTENSEN</lastName>
        <isOriginalCosponsor>True</isOriginalCosponsor>
        <sponsorshipDate>2013-02-05</sponsorshipDate>
      </item>
      <item>
        <state>AL</state>
        <fullName>Rep. Sewell, Terri A. [D-AL-7]</fullName>
        <district>7</district>
        <sponsorshipWithdrawnDate />
        <party>D</party>
        <identifiers>
          <bioguideId>S001185</bioguideId>
          <lisID>1988</lisID>
          <gpoId>7792</gpoId>
        </identifiers>
        <middleName>A.</middleName>
        <bioguideId>S001185</bioguideId>
        <firstName>Terri</firstName>
        <lastName>Sewell</lastName>
        <isOriginalCosponsor>True</isOriginalCosponsor>
        <sponsorshipDate>2013-02-05</sponsorshipDate>
      </item>
      <item>
        <state>IL</state>
        <fullName>Rep. Rush, Bobby L. [D-IL-1]</fullName>
        <district>1</district>
        <sponsorshipWithdrawnDate />
        <party>D</party>
        <identifiers>
          <lisID>1003</lisID>
          <gpoId>7921</gpoId>
          <bioguideId>R000515</bioguideId>
        </identifiers>
        <middleName>L.</middleName>
        <bioguideId>R000515</bioguideId>
        <firstName>BOBBY</firstName>
        <lastName>RUSH</lastName>
        <isOriginalCosponsor>True</isOriginalCosponsor>
        <sponsorshipDate>2013-02-05</sponsorshipDate>
      </item>
      <item>
        <state>CA</state>
        <fullName>Rep. Lee, Barbara [D-CA-13]</fullName>
        <district>13</district>
        <sponsorshipWithdrawnDate />
        <party>D</party>
        <identifiers>
          <lisID>1501</lisID>
          <gpoId>7814</gpoId>
          <bioguideId>L000551</bioguideId>
        </identifiers>
        <middleName />
        <bioguideId>L000551</bioguideId>
        <firstName>BARBARA</firstName>
        <lastName>LEE</lastName>
        <isOriginalCosponsor>True</isOriginalCosponsor>
        <sponsorshipDate>2013-02-05</sponsorshipDate>
      </item>
      <item>
        <state>TX</state>
        <fullName>Rep. Jackson Lee, Sheila [D-TX-18]</fullName>
        <district>18</district>
        <sponsorshipWithdrawnDate />
        <party>D</party>
        <identifiers>
          <lisID>588</lisID>
          <gpoId>8174</gpoId>
          <bioguideId>J000032</bioguideId>
        </identifiers>
        <middleName />
        <bioguideId>J000032</bioguideId>
        <firstName>SHEILA</firstName>
        <lastName>JACKSON LEE</lastName>
        <isOriginalCosponsor>True</isOriginalCosponsor>
        <sponsorshipDate>2013-02-05</sponsorshipDate>
      </item>
      <item>
        <state>LA</state>
        <fullName>Rep. Richmond, Cedric L. [D-LA-2]</fullName>
        <district>2</district>
        <sponsorshipWithdrawnDate />
        <party>D</party>
        <identifiers>
          <lisID>2023</lisID>
          <gpoId>7960</gpoId>
          <bioguideId>R000588</bioguideId>
        </identifiers>
        <middleName>L.</middleName>
        <bioguideId>R000588</bioguideId>
        <firstName>Cedric</firstName>
        <lastName>Richmond</lastName>
        <isOriginalCosponsor>True</isOriginalCosponsor>
        <sponsorshipDate>2013-02-05</sponsorshipDate>
      </item>
      <item>
        <state>CA</state>
        <fullName>Rep. Chu, Judy [D-CA-27]</fullName>
        <district>27</district>
        <sponsorshipWithdrawnDate />
        <party>D</party>
        <identifiers>
          <lisID>1970</lisID>
          <gpoId>7837</gpoId>
          <bioguideId>C001080</bioguideId>
        </identifiers>
        <middleName />
        <bioguideId>C001080</bioguideId>
        <firstName>Judy</firstName>
        <lastName>Chu</lastName>
        <isOriginalCosponsor>True</isOriginalCosponsor>
        <sponsorshipDate>2013-02-05</sponsorshipDate>
      </item>
      <item>
        <state>FL</state>
        <fullName>Rep. Brown, Corrine [D-FL-5]</fullName>
        <district>5</district>
        <sponsorshipWithdrawnDate />
        <party>D</party>
        <identifiers>
          <lisID>132</lisID>
          <gpoId>7875</gpoId>
          <bioguideId>B000911</bioguideId>
        </identifiers>
        <middleName />
        <bioguideId>B000911</bioguideId>
        <firstName>CORRINE</firstName>
        <lastName>BROWN</lastName>
        <isOriginalCosponsor>True</isOriginalCosponsor>
        <sponsorshipDate>2013-02-05</sponsorshipDate>
      </item>
      <item>
        <state>DC</state>
        <fullName>Rep. Norton, Eleanor Holmes [D-DC-At Large]</fullName>
        <district>0</district>
        <sponsorshipWithdrawnDate />
        <party>D</party>
        <identifiers>
          <lisID>868</lisID>
          <bioguideId>N000147</bioguideId>
          <gpoId>7871</gpoId>
        </identifiers>
        <middleName>HOLMES</middleName>
        <bioguideId>N000147</bioguideId>
        <firstName>ELEANOR</firstName>
        <lastName>NORTON</lastName>
        <isOriginalCosponsor>True</isOriginalCosponsor>
        <sponsorshipDate>2013-02-05</sponsorshipDate>
      </item>
      <item>
        <state>MI</state>
        <fullName>Rep. Conyers, John, Jr. [D-MI-13]</fullName>
        <district>13</district>
        <sponsorshipWithdrawnDate />
        <party>D</party>
        <identifiers>
          <lisID>229</lisID>
          <bioguideId>C000714</bioguideId>
          <gpoId>7999</gpoId>
        </identifiers>
        <middleName />
        <bioguideId>C000714</bioguideId>
        <firstName>JOHN</firstName>
        <lastName>CONYERS</lastName>
        <isOriginalCosponsor>True</isOriginalCosponsor>
        <sponsorshipDate>2013-02-05</sponsorshipDate>
      </item>
      <item>
        <state>IL</state>
        <fullName>Rep. Davis, Danny K. [D-IL-7]</fullName>
        <district>7</district>
        <sponsorshipWithdrawnDate />
        <party>D</party>
        <identifiers>
          <bioguideId>D000096</bioguideId>
          <lisID>1477</lisID>
          <gpoId>7927</gpoId>
        </identifiers>
        <middleName>K.</middleName>
        <bioguideId>D000096</bioguideId>
        <firstName>DANNY</firstName>
        <lastName>DAVIS</lastName>
        <isOriginalCosponsor>True</isOriginalCosponsor>
        <sponsorshipDate>2013-02-05</sponsorshipDate>
      </item>
      <item>
        <state>TX</state>
        <fullName>Rep. Green, Al [D-TX-9]</fullName>
        <district>9</district>
        <sponsorshipWithdrawnDate />
        <party>D</party>
        <identifiers>
          <lisID>1803</lisID>
          <bioguideId>G000553</bioguideId>
          <gpoId>8165</gpoId>
        </identifiers>
        <middleName />
        <bioguideId>G000553</bioguideId>
        <firstName>Al</firstName>
        <lastName>Green</lastName>
        <isOriginalCosponsor>False</isOriginalCosponsor>
        <sponsorshipDate>2013-09-19</sponsorshipDate>
      </item>
      <item>
        <state>NY</state>
        <fullName>Rep. Clarke, Yvette D. [D-NY-9]</fullName>
        <district>9</district>
        <sponsorshipWithdrawnDate />
        <party>D</party>
        <identifiers>
          <bioguideId>C001067</bioguideId>
          <lisID>1864</lisID>
          <gpoId>8072</gpoId>
        </identifiers>
        <middleName>D.</middleName>
        <bioguideId>C001067</bioguideId>
        <firstName>Yvette</firstName>
        <lastName>Clarke</lastName>
        <isOriginalCosponsor>False</isOriginalCosponsor>
        <sponsorshipDate>2014-02-04</sponsorshipDate>
      </item>
    </cosponsors>
    <billNumber>55</billNumber>
    <subjects>
      <billSubjects>
        <legislativeSubjects>
          <item>
            <name>Correctional facilities and imprisonment</name>
          </item>
          <item>
            <name>Drug, alcohol, tobacco use</name>
          </item>
          <item>
            <name>Firearms and explosives</name>
          </item>
          <item>
            <name>Government studies and investigations</name>
          </item>
          <item>
            <name>Law enforcement administration and funding</name>
          </item>
          <item>
            <name>Minority education</name>
          </item>
          <item>
            <name>Poverty and welfare assistance</name>
          </item>
          <item>
            <name>Racial and ethnic relations</name>
          </item>
          <item>
            <name>State and local government operations</name>
          </item>
          <item>
            <name>Violent crime</name>
          </item>
        </legislativeSubjects>
        <policyArea>
          <name>Crime and Law Enforcement</name>
        </policyArea>
      </billSubjects>
    </subjects>
    <latestAction>
      <text>Referred to the House Committee on the Judiciary.</text>
      <links />
      <actionDate>2013-02-05</actionDate>
    </latestAction>
    <amendments />
    <actions>
      <actionTypeCounts>
        <introducedInHouse>1</introducedInHouse>
        <billReferrals>1</billReferrals>
        <introducedInTheHouse>1</introducedInTheHouse>
      </actionTypeCounts>
      <actionByCounts>
        <houseOfRepresentatives>3</houseOfRepresentatives>
      </actionByCounts>
      <item>
        <actionCode>H11100</actionCode>
        <actionDate>2013-02-05</actionDate>
        <text>Referred to the House Committee on the Judiciary.</text>
        <committee>
          <systemCode>hsju00</systemCode>
          <name>Judiciary Committee</name>
        </committee>
        <type>IntroReferral</type>
        <links />
        <sourceSystem>
          <name>House floor actions</name>
          <code>2</code>
        </sourceSystem>
      </item>
      <item>
        <actionCode>Intro-H</actionCode>
        <actionDate>2013-02-05</actionDate>
        <text>Introduced in House</text>
        <committee />
        <type>IntroReferral</type>
        <links />
        <sourceSystem>
          <name>Library of Congress</name>
          <code>9</code>
        </sourceSystem>
      </item>
      <item>
        <actionCode>1000</actionCode>
        <actionDate>2013-02-05</actionDate>
        <text>Introduced in House</text>
        <committee />
        <type>IntroReferral</type>
        <links />
        <sourceSystem>
          <name>Library of Congress</name>
          <code>9</code>
        </sourceSystem>
      </item>
    </actions>
    <committeeReports />
    <sponsors>
      <item>
        <middleName>S.</middleName>
        <district>24</district>
        <fullName>Rep. Wilson, Frederica S. [D-FL-24]</fullName>
        <bioguideId>W000808</bioguideId>
        <firstName>Frederica</firstName>
        <byRequestType />
        <state>FL</state>
        <lastName>Wilson</lastName>
        <identifiers>
          <gpoId>7889</gpoId>
          <lisID>2004</lisID>
          <bioguideId>W000808</bioguideId>
        </identifiers>
        <party>D</party>
      </item>
    </sponsors>
    <relatedBills />
    <billType>HRES</billType>
  </bill>
  <dublinCore xmlns:dc="http://purl.org/dc/elements/1.1/">
    <dc:format>text/xml</dc:format>
    <dc:language>EN</dc:language>
    <dc:rights>Pursuant to Title 17 Section 105 of the United States Code, this file is not subject to copyright protection and is in the public domain.</dc:rights>
    <dc:contributor>Congressional Research Service, Library of Congress</dc:contributor>
    <dc:description>This file contains bill summaries and statuses for federal legislation. A bill summary describes the most significant provisions of a piece of legislation and details the effects the legislative text may have on current law and federal programs. Bill summaries are authored by the Congressional Research Service (CRS) of the Library of Congress. As stated in Public Law 91-510 (2 USC 166 (d)(6)), one of the duties of CRS is "to prepare summaries and digests of bills and resolutions of a public general nature introduced in the Senate or House of Representatives". For more information, refer to the User Guide that accompanies this file.</dc:description>
  </dublinCore>
</billStatus>

