<?xml version="1.0" encoding="UTF-8"?>
<billStatus>
  <bill>
    <billType>HRES</billType>
    <laws />
    <recordedVotes />
    <actions>
      <actionTypeCounts>
        <introducedInTheHouse>1</introducedInTheHouse>
        <billReferrals>1</billReferrals>
        <introducedInHouse>1</introducedInHouse>
      </actionTypeCounts>
      <actionByCounts>
        <houseOfRepresentatives>3</houseOfRepresentatives>
      </actionByCounts>
      <item>
        <text>Referred to the House Committee on Foreign Affairs.</text>
        <sourceSystem>
          <name>House floor actions</name>
          <code>2</code>
        </sourceSystem>
        <committee>
          <name>Foreign Affairs Committee</name>
          <systemCode>hsfa00</systemCode>
        </committee>
        <type>IntroReferral</type>
        <links />
        <actionCode>H11100</actionCode>
        <actionDate>2013-06-06</actionDate>
      </item>
      <item>
        <text>Introduced in House</text>
        <sourceSystem>
          <name>Library of Congress</name>
          <code>9</code>
        </sourceSystem>
        <committee />
        <type>IntroReferral</type>
        <links />
        <actionCode>Intro-H</actionCode>
        <actionDate>2013-06-06</actionDate>
      </item>
      <item>
        <text>Introduced in House</text>
        <sourceSystem>
          <name>Library of Congress</name>
          <code>9</code>
        </sourceSystem>
        <committee />
        <type>IntroReferral</type>
        <links />
        <actionCode>1000</actionCode>
        <actionDate>2013-06-06</actionDate>
      </item>
    </actions>
    <billNumber>252</billNumber>
    <policyArea>
      <name>International Affairs</name>
    </policyArea>
    <notes />
    <latestAction>
      <actionDate>2013-06-06</actionDate>
      <links />
      <text>Referred to the House Committee on Foreign Affairs.</text>
    </latestAction>
    <relatedBills>
      <item>
        <latestTitle>A resolution calling for free and fair elections in Iran, and for other purposes.</latestTitle>
        <number>154</number>
        <latestAction>
          <text>Resolution agreed to in Senate with an amendment and an amendment to the Title and an amended preamble by Unanimous Consent. (text: CR S4495)</text>
          <actionDate>2013-06-13</actionDate>
        </latestAction>
        <type>SRES</type>
        <congress>113</congress>
        <relationshipDetails>
          <item>
            <identifiedBy>CRS</identifiedBy>
            <type>Related bill</type>
          </item>
        </relationshipDetails>
      </item>
    </relatedBills>
    <committees>
      <billCommittees>
        <item>
          <subcommittees />
          <chamber>House</chamber>
          <type>Standing</type>
          <name>Foreign Affairs Committee</name>
          <systemCode>hsfa00</systemCode>
          <activities>
            <item>
              <name>Referred to</name>
              <date>2013-06-06T13:02:00Z</date>
            </item>
          </activities>
        </item>
      </billCommittees>
    </committees>
    <cosponsors>
      <item>
        <fullName>Rep. Sherman, Brad [D-CA-30]</fullName>
        <lastName>SHERMAN</lastName>
        <bioguideId>S000344</bioguideId>
        <party>D</party>
        <district>30</district>
        <sponsorshipWithdrawnDate />
        <state>CA</state>
        <isOriginalCosponsor>True</isOriginalCosponsor>
        <sponsorshipDate>2013-06-06</sponsorshipDate>
        <middleName />
        <firstName>BRAD</firstName>
        <identifiers>
          <bioguideId>S000344</bioguideId>
          <lisID>1526</lisID>
          <gpoId>7832</gpoId>
        </identifiers>
      </item>
      <item>
        <fullName>Rep. Latta, Robert E. [R-OH-5]</fullName>
        <lastName>Latta</lastName>
        <bioguideId>L000566</bioguideId>
        <party>R</party>
        <district>5</district>
        <sponsorshipWithdrawnDate />
        <state>OH</state>
        <isOriginalCosponsor>True</isOriginalCosponsor>
        <sponsorshipDate>2013-06-06</sponsorshipDate>
        <middleName>E.</middleName>
        <firstName>Robert</firstName>
        <identifiers>
          <bioguideId>L000566</bioguideId>
          <lisID>1885</lisID>
          <gpoId>8095</gpoId>
        </identifiers>
      </item>
      <item>
        <fullName>Rep. Peters, Scott H. [D-CA-52]</fullName>
        <lastName>Peters</lastName>
        <bioguideId>P000608</bioguideId>
        <party>D</party>
        <district>52</district>
        <sponsorshipWithdrawnDate />
        <state>CA</state>
        <isOriginalCosponsor>True</isOriginalCosponsor>
        <sponsorshipDate>2013-06-06</sponsorshipDate>
        <middleName>H.</middleName>
        <firstName>Scott</firstName>
        <identifiers>
          <lisID>2113</lisID>
          <gpoId />
          <bioguideId>P000608</bioguideId>
        </identifiers>
      </item>
      <item>
        <fullName>Rep. Bishop, Rob [R-UT-1]</fullName>
        <lastName>Bishop</lastName>
        <bioguideId>B001250</bioguideId>
        <party>R</party>
        <district>1</district>
        <sponsorshipWithdrawnDate />
        <state>UT</state>
        <isOriginalCosponsor>True</isOriginalCosponsor>
        <sponsorshipDate>2013-06-06</sponsorshipDate>
        <middleName />
        <firstName>Rob</firstName>
        <identifiers>
          <bioguideId>B001250</bioguideId>
          <gpoId>8189</gpoId>
          <lisID>1753</lisID>
        </identifiers>
      </item>
      <item>
        <fullName>Rep. Roskam, Peter J. [R-IL-6]</fullName>
        <lastName>Roskam</lastName>
        <bioguideId>R000580</bioguideId>
        <party>R</party>
        <district>6</district>
        <sponsorshipWithdrawnDate />
        <state>IL</state>
        <isOriginalCosponsor>True</isOriginalCosponsor>
        <sponsorshipDate>2013-06-06</sponsorshipDate>
        <middleName>J.</middleName>
        <firstName>Peter</firstName>
        <identifiers>
          <bioguideId>R000580</bioguideId>
          <lisID>1848</lisID>
          <gpoId>7926</gpoId>
        </identifiers>
      </item>
      <item>
        <fullName>Rep. Wolf, Frank R. [R-VA-10]</fullName>
        <lastName>WOLF</lastName>
        <bioguideId>W000672</bioguideId>
        <party>R</party>
        <district>10</district>
        <sponsorshipWithdrawnDate />
        <state>VA</state>
        <isOriginalCosponsor>True</isOriginalCosponsor>
        <sponsorshipDate>2013-06-06</sponsorshipDate>
        <middleName>R.</middleName>
        <firstName>FRANK</firstName>
        <identifiers>
          <gpoId>8201</gpoId>
          <lisID>1238</lisID>
          <bioguideId>W000672</bioguideId>
        </identifiers>
      </item>
      <item>
        <fullName>Rep. Nunnelee, Alan [R-MS-1]</fullName>
        <lastName>Nunnelee</lastName>
        <bioguideId>N000186</bioguideId>
        <party>R</party>
        <district>1</district>
        <sponsorshipWithdrawnDate />
        <state>MS</state>
        <isOriginalCosponsor>True</isOriginalCosponsor>
        <sponsorshipDate>2013-06-06</sponsorshipDate>
        <middleName />
        <firstName>Alan</firstName>
        <identifiers>
          <lisID>2034</lisID>
          <gpoId>8019</gpoId>
          <bioguideId>N000186</bioguideId>
        </identifiers>
      </item>
      <item>
        <fullName>Rep. Cotton, Tom [R-AR-4]</fullName>
        <lastName>Cotton</lastName>
        <bioguideId>C001095</bioguideId>
        <party>R</party>
        <district>4</district>
        <sponsorshipWithdrawnDate />
        <state>AR</state>
        <isOriginalCosponsor>True</isOriginalCosponsor>
        <sponsorshipDate>2013-06-06</sponsorshipDate>
        <middleName />
        <firstName>Tom</firstName>
        <identifiers>
          <gpoId />
          <lisID>2098</lisID>
          <bioguideId>C001095</bioguideId>
        </identifiers>
      </item>
      <item>
        <fullName>Rep. Culberson, John Abney [R-TX-7]</fullName>
        <lastName>CULBERSON</lastName>
        <bioguideId>C001048</bioguideId>
        <party>R</party>
        <district>7</district>
        <sponsorshipWithdrawnDate />
        <state>TX</state>
        <isOriginalCosponsor>True</isOriginalCosponsor>
        <sponsorshipDate>2013-06-06</sponsorshipDate>
        <middleName>ABNEY</middleName>
        <firstName>JOHN</firstName>
        <identifiers>
          <lisID>1670</lisID>
          <gpoId>8163</gpoId>
          <bioguideId>C001048</bioguideId>
        </identifiers>
      </item>
      <item>
        <fullName>Rep. Pittenger, Robert [R-NC-9]</fullName>
        <lastName>Pittenger</lastName>
        <bioguideId>P000606</bioguideId>
        <party>R</party>
        <district>9</district>
        <sponsorshipWithdrawnDate />
        <state>NC</state>
        <isOriginalCosponsor>True</isOriginalCosponsor>
        <sponsorshipDate>2013-06-06</sponsorshipDate>
        <middleName />
        <firstName>Robert</firstName>
        <identifiers>
          <lisID>2141</lisID>
          <gpoId />
          <bioguideId>P000606</bioguideId>
        </identifiers>
      </item>
      <item>
        <fullName>Rep. Davis, Rodney [R-IL-13]</fullName>
        <lastName>Davis</lastName>
        <bioguideId>D000619</bioguideId>
        <party>R</party>
        <district>13</district>
        <sponsorshipWithdrawnDate />
        <state>IL</state>
        <isOriginalCosponsor>True</isOriginalCosponsor>
        <sponsorshipDate>2013-06-06</sponsorshipDate>
        <middleName />
        <firstName>Rodney</firstName>
        <identifiers>
          <bioguideId>D000619</bioguideId>
          <lisID>2126</lisID>
          <gpoId />
        </identifiers>
      </item>
      <item>
        <fullName>Rep. Stewart, Chris [R-UT-2]</fullName>
        <lastName>Stewart</lastName>
        <bioguideId>S001192</bioguideId>
        <party>R</party>
        <district>2</district>
        <sponsorshipWithdrawnDate />
        <state>UT</state>
        <isOriginalCosponsor>True</isOriginalCosponsor>
        <sponsorshipDate>2013-06-06</sponsorshipDate>
        <middleName />
        <firstName>Chris</firstName>
        <identifiers>
          <bioguideId>S001192</bioguideId>
          <lisID>2168</lisID>
          <gpoId />
        </identifiers>
      </item>
      <item>
        <fullName>Rep. Gohmert, Louie [R-TX-1]</fullName>
        <lastName>Gohmert</lastName>
        <bioguideId>G000552</bioguideId>
        <party>R</party>
        <district>1</district>
        <sponsorshipWithdrawnDate />
        <state>TX</state>
        <isOriginalCosponsor>True</isOriginalCosponsor>
        <sponsorshipDate>2013-06-06</sponsorshipDate>
        <middleName />
        <firstName>Louie</firstName>
        <identifiers>
          <lisID>1801</lisID>
          <gpoId>8157</gpoId>
          <bioguideId>G000552</bioguideId>
        </identifiers>
      </item>
      <item>
        <fullName>Rep. Westmoreland, Lynn A. [R-GA-3]</fullName>
        <lastName>Westmoreland</lastName>
        <bioguideId>W000796</bioguideId>
        <party>R</party>
        <district>3</district>
        <sponsorshipWithdrawnDate />
        <state>GA</state>
        <isOriginalCosponsor>True</isOriginalCosponsor>
        <sponsorshipDate>2013-06-06</sponsorshipDate>
        <middleName>A.</middleName>
        <firstName>Lynn</firstName>
        <identifiers>
          <bioguideId>W000796</bioguideId>
          <lisID>1779</lisID>
          <gpoId>7900</gpoId>
        </identifiers>
      </item>
      <item>
        <fullName>Rep. Michaud, Michael H. [D-ME-2]</fullName>
        <lastName>Michaud</lastName>
        <bioguideId>M001149</bioguideId>
        <party>D</party>
        <district>2</district>
        <sponsorshipWithdrawnDate />
        <state>ME</state>
        <isOriginalCosponsor>True</isOriginalCosponsor>
        <sponsorshipDate>2013-06-06</sponsorshipDate>
        <middleName>H.</middleName>
        <firstName>Michael</firstName>
        <identifiers>
          <bioguideId>M001149</bioguideId>
          <lisID>1730</lisID>
          <gpoId>7985</gpoId>
        </identifiers>
      </item>
      <item>
        <fullName>Rep. Brady, Kevin [R-TX-8]</fullName>
        <lastName>BRADY</lastName>
        <bioguideId>B000755</bioguideId>
        <party>R</party>
        <district>8</district>
        <sponsorshipWithdrawnDate />
        <state>TX</state>
        <isOriginalCosponsor>True</isOriginalCosponsor>
        <sponsorshipDate>2013-06-06</sponsorshipDate>
        <middleName />
        <firstName>KEVIN</firstName>
        <identifiers>
          <gpoId>8164</gpoId>
          <lisID>1468</lisID>
          <bioguideId>B000755</bioguideId>
        </identifiers>
      </item>
    </cosponsors>
    <createDate>2013-06-07T07:01:18Z</createDate>
    <sponsors>
      <item>
        <fullName>Rep. Franks, Trent [R-AZ-8]</fullName>
        <firstName>Trent</firstName>
        <lastName>Franks</lastName>
        <state>AZ</state>
        <party>R</party>
        <district>8</district>
        <bioguideId>F000448</bioguideId>
        <identifiers>
          <lisID>1707</lisID>
          <gpoId>7799</gpoId>
          <bioguideId>F000448</bioguideId>
        </identifiers>
        <middleName />
        <byRequestType />
      </item>
    </sponsors>
    <committeeReports />
    <updateDate>2016-10-25T15:54:51Z</updateDate>
    <introducedDate>2013-06-06</introducedDate>
    <summaries>
      <billSummaries>
        <item>
          <versionCode>00</versionCode>
          <actionDate>2013-06-06</actionDate>
          <name>Introduced in House</name>
          <lastSummaryUpdateDate>2013-08-27T21:42:51Z</lastSummaryUpdateDate>
          <text><![CDATA[<p>Reaffirms the commitment of the United States to democracy, human rights, civil liberties, and the rule of law, and supports the Iranian people in their calls for a democratic government that respects such rights and freedoms.</p> <p> Condemns Iran's human rights violations. </p> <p>Urges the President, the Secretary of State, and world leaders to express support for the universal rights and freedoms of the Iranian people and to condemn elections that are not free and do not meet international standards.</p>]]></text>
          <actionDesc>Introduced in House</actionDesc>
          <updateDate>2013-06-06T04:00:00Z</updateDate>
        </item>
      </billSummaries>
    </summaries>
    <title>Calling for free and fair elections in Iran, and for other purposes.</title>
    <cboCostEstimates />
    <subjects>
      <billSubjects>
        <legislativeSubjects>
          <item>
            <name>Detention of persons</name>
          </item>
          <item>
            <name>Human rights</name>
          </item>
          <item>
            <name>International law and treaties</name>
          </item>
          <item>
            <name>Internet and video services</name>
          </item>
          <item>
            <name>Iran</name>
          </item>
          <item>
            <name>Middle East</name>
          </item>
          <item>
            <name>News media and reporting</name>
          </item>
          <item>
            <name>Political movements and philosophies</name>
          </item>
          <item>
            <name>Protest and dissent</name>
          </item>
          <item>
            <name>Rule of law and government transparency</name>
          </item>
          <item>
            <name>Sovereignty, recognition, national governance and status</name>
          </item>
        </legislativeSubjects>
        <policyArea>
          <name>International Affairs</name>
        </policyArea>
      </billSubjects>
    </subjects>
    <amendments />
    <calendarNumbers />
    <congress>113</congress>
    <constitutionalAuthorityStatementText />
    <titles>
      <item>
        <title>Calling for free and fair elections in Iran, and for other purposes.</title>
        <titleType>Official Title as Introduced</titleType>
        <chamberCode />
        <chamberName />
        <parentTitleType />
      </item>
      <item>
        <title>Calling for free and fair elections in Iran, and for other purposes.</title>
        <titleType>Display Title</titleType>
        <chamberCode />
        <chamberName />
        <parentTitleType />
      </item>
    </titles>
    <originChamber>House</originChamber>
  </bill>
  <dublinCore xmlns:dc="http://purl.org/dc/elements/1.1/">
    <dc:format>text/xml</dc:format>
    <dc:language>EN</dc:language>
    <dc:rights>Pursuant to Title 17 Section 105 of the United States Code, this file is not subject to copyright protection and is in the public domain.</dc:rights>
    <dc:contributor>Congressional Research Service, Library of Congress</dc:contributor>
    <dc:description>This file contains bill summaries and statuses for federal legislation. A bill summary describes the most significant provisions of a piece of legislation and details the effects the legislative text may have on current law and federal programs. Bill summaries are authored by the Congressional Research Service (CRS) of the Library of Congress. As stated in Public Law 91-510 (2 USC 166 (d)(6)), one of the duties of CRS is "to prepare summaries and digests of bills and resolutions of a public general nature introduced in the Senate or House of Representatives". For more information, refer to the User Guide that accompanies this file.</dc:description>
  </dublinCore>
</billStatus>

