<?xml version="1.0" encoding="UTF-8"?>
<billStatus>
  <bill>
    <committees>
      <billCommittees>
        <item>
          <subcommittees />
          <activities>
            <item>
              <date>2014-09-15T16:02:40Z</date>
              <name>Referred to</name>
            </item>
          </activities>
          <type>Standing</type>
          <systemCode>hsgo00</systemCode>
          <chamber>House</chamber>
          <name>Oversight and Government Reform Committee</name>
        </item>
      </billCommittees>
    </committees>
    <congress>113</congress>
    <billNumber>723</billNumber>
    <updateDate>2016-10-25T15:56:01Z</updateDate>
    <subjects>
      <billSubjects>
        <legislativeSubjects>
          <item>
            <name>Commemorative events and holidays</name>
          </item>
          <item>
            <name>Congressional tributes</name>
          </item>
          <item>
            <name>Historical and cultural resources</name>
          </item>
          <item>
            <name>Racial and ethnic relations</name>
          </item>
        </legislativeSubjects>
        <policyArea>
          <name>Civil Rights and Liberties, Minority Issues</name>
        </policyArea>
      </billSubjects>
    </subjects>
    <policyArea>
      <name>Civil Rights and Liberties, Minority Issues</name>
    </policyArea>
    <summaries>
      <billSummaries>
        <item>
          <lastSummaryUpdateDate>2014-09-18T10:21:27Z</lastSummaryUpdateDate>
          <actionDate>2014-09-15</actionDate>
          <actionDesc>Introduced in House</actionDesc>
          <updateDate>2014-09-15T04:00:00Z</updateDate>
          <text><![CDATA[<p>Recognizes the celebration of Hispanic Heritage Month.</p> <p>Esteems the integral role of Latinos and their manifold heritage in the economy, culture, and identity of the United States. </p>]]></text>
          <name>Introduced in House</name>
          <versionCode>00</versionCode>
        </item>
      </billSummaries>
    </summaries>
    <title>Recognizing Hispanic Heritage Month and celebrating the heritage and culture of Latinos in the United States and the immense contributions of Latinos to the United States.</title>
    <laws />
    <cosponsors>
      <item>
        <district>15</district>
        <fullName>Rep. Hinojosa, Ruben [D-TX-15]</fullName>
        <sponsorshipWithdrawnDate />
        <bioguideId>H000636</bioguideId>
        <identifiers>
          <lisID>1490</lisID>
          <gpoId>8171</gpoId>
          <bioguideId>H000636</bioguideId>
        </identifiers>
        <party>D</party>
        <lastName>HINOJOSA</lastName>
        <firstName>RUBEN</firstName>
        <state>TX</state>
        <isOriginalCosponsor>True</isOriginalCosponsor>
        <sponsorshipDate>2014-09-15</sponsorshipDate>
        <middleName />
      </item>
      <item>
        <district>0</district>
        <fullName>Rep. Norton, Eleanor Holmes [D-DC-At Large]</fullName>
        <sponsorshipWithdrawnDate />
        <bioguideId>N000147</bioguideId>
        <identifiers>
          <gpoId>7871</gpoId>
          <lisID>868</lisID>
          <bioguideId>N000147</bioguideId>
        </identifiers>
        <party>D</party>
        <lastName>NORTON</lastName>
        <firstName>ELEANOR</firstName>
        <state>DC</state>
        <isOriginalCosponsor>True</isOriginalCosponsor>
        <sponsorshipDate>2014-09-15</sponsorshipDate>
        <middleName>HOLMES</middleName>
      </item>
      <item>
        <district>51</district>
        <fullName>Rep. Vargas, Juan [D-CA-51]</fullName>
        <sponsorshipWithdrawnDate />
        <bioguideId>V000130</bioguideId>
        <identifiers>
          <gpoId />
          <lisID>2112</lisID>
          <bioguideId>V000130</bioguideId>
        </identifiers>
        <party>D</party>
        <lastName>Vargas</lastName>
        <firstName>Juan</firstName>
        <state>CA</state>
        <isOriginalCosponsor>True</isOriginalCosponsor>
        <sponsorshipDate>2014-09-15</sponsorshipDate>
        <middleName />
      </item>
      <item>
        <district>13</district>
        <fullName>Rep. Lee, Barbara [D-CA-13]</fullName>
        <sponsorshipWithdrawnDate />
        <bioguideId>L000551</bioguideId>
        <identifiers>
          <bioguideId>L000551</bioguideId>
          <gpoId>7814</gpoId>
          <lisID>1501</lisID>
        </identifiers>
        <party>D</party>
        <lastName>LEE</lastName>
        <firstName>BARBARA</firstName>
        <state>CA</state>
        <isOriginalCosponsor>True</isOriginalCosponsor>
        <sponsorshipDate>2014-09-15</sponsorshipDate>
        <middleName />
      </item>
      <item>
        <district>34</district>
        <fullName>Rep. Vela, Filemon [D-TX-34]</fullName>
        <sponsorshipWithdrawnDate />
        <bioguideId>V000132</bioguideId>
        <identifiers>
          <gpoId />
          <lisID>2167</lisID>
          <bioguideId>V000132</bioguideId>
        </identifiers>
        <party>D</party>
        <lastName>Vela</lastName>
        <firstName>Filemon</firstName>
        <state>TX</state>
        <isOriginalCosponsor>True</isOriginalCosponsor>
        <sponsorshipDate>2014-09-15</sponsorshipDate>
        <middleName />
      </item>
      <item>
        <district>1</district>
        <fullName>Rep. Lujan Grisham, Michelle [D-NM-1]</fullName>
        <sponsorshipWithdrawnDate />
        <bioguideId>L000580</bioguideId>
        <identifiers>
          <bioguideId>L000580</bioguideId>
          <lisID>2146</lisID>
          <gpoId />
        </identifiers>
        <party>D</party>
        <lastName>Lujan Grisham</lastName>
        <firstName>Michelle</firstName>
        <state>NM</state>
        <isOriginalCosponsor>True</isOriginalCosponsor>
        <sponsorshipDate>2014-09-15</sponsorshipDate>
        <middleName />
      </item>
      <item>
        <district>3</district>
        <fullName>Rep. Grijalva, Raul M. [D-AZ-3]</fullName>
        <sponsorshipWithdrawnDate />
        <bioguideId>G000551</bioguideId>
        <identifiers>
          <gpoId>7804</gpoId>
          <lisID>1708</lisID>
          <bioguideId>G000551</bioguideId>
        </identifiers>
        <party>D</party>
        <lastName>Grijalva</lastName>
        <firstName>Raul</firstName>
        <state>AZ</state>
        <isOriginalCosponsor>True</isOriginalCosponsor>
        <sponsorshipDate>2014-09-15</sponsorshipDate>
        <middleName>M.</middleName>
      </item>
      <item>
        <district>16</district>
        <fullName>Rep. Costa, Jim [D-CA-16]</fullName>
        <sponsorshipWithdrawnDate />
        <bioguideId>C001059</bioguideId>
        <identifiers>
          <gpoId>7825</gpoId>
          <lisID>1774</lisID>
          <bioguideId>C001059</bioguideId>
        </identifiers>
        <party>D</party>
        <lastName>Costa</lastName>
        <firstName>Jim</firstName>
        <state>CA</state>
        <isOriginalCosponsor>True</isOriginalCosponsor>
        <sponsorshipDate>2014-09-15</sponsorshipDate>
        <middleName />
      </item>
      <item>
        <district>13</district>
        <fullName>Rep. Rangel, Charles B. [D-NY-13]</fullName>
        <sponsorshipWithdrawnDate />
        <bioguideId>R000053</bioguideId>
        <identifiers>
          <gpoId>8076</gpoId>
          <lisID>944</lisID>
          <bioguideId>R000053</bioguideId>
        </identifiers>
        <party>D</party>
        <lastName>RANGEL</lastName>
        <firstName>CHARLES</firstName>
        <state>NY</state>
        <isOriginalCosponsor>True</isOriginalCosponsor>
        <sponsorshipDate>2014-09-15</sponsorshipDate>
        <middleName>B.</middleName>
      </item>
      <item>
        <district>23</district>
        <fullName>Rep. Gallego, Pete P. [D-TX-23]</fullName>
        <sponsorshipWithdrawnDate />
        <bioguideId>G000572</bioguideId>
        <identifiers>
          <bioguideId>G000572</bioguideId>
          <gpoId />
          <lisID>2164</lisID>
        </identifiers>
        <party>D</party>
        <lastName>Gallego</lastName>
        <firstName>Pete</firstName>
        <state>TX</state>
        <isOriginalCosponsor>True</isOriginalCosponsor>
        <sponsorshipDate>2014-09-15</sponsorshipDate>
        <middleName>P.</middleName>
      </item>
      <item>
        <district>14</district>
        <fullName>Rep. Speier, Jackie [D-CA-14]</fullName>
        <sponsorshipWithdrawnDate />
        <bioguideId>S001175</bioguideId>
        <identifiers>
          <gpoId>7817</gpoId>
          <lisID>1890</lisID>
          <bioguideId>S001175</bioguideId>
        </identifiers>
        <party>D</party>
        <lastName>Speier</lastName>
        <firstName>Jackie</firstName>
        <state>CA</state>
        <isOriginalCosponsor>True</isOriginalCosponsor>
        <sponsorshipDate>2014-09-15</sponsorshipDate>
        <middleName />
      </item>
      <item>
        <district>26</district>
        <fullName>Rep. Higgins, Brian [D-NY-26]</fullName>
        <sponsorshipWithdrawnDate />
        <bioguideId>H001038</bioguideId>
        <identifiers>
          <lisID>1794</lisID>
          <gpoId>8088</gpoId>
          <bioguideId>H001038</bioguideId>
        </identifiers>
        <party>D</party>
        <lastName>Higgins</lastName>
        <firstName>Brian</firstName>
        <state>NY</state>
        <isOriginalCosponsor>True</isOriginalCosponsor>
        <sponsorshipDate>2014-09-15</sponsorshipDate>
        <middleName />
      </item>
      <item>
        <district>8</district>
        <fullName>Rep. Sires, Albio [D-NJ-8]</fullName>
        <sponsorshipWithdrawnDate />
        <bioguideId>S001165</bioguideId>
        <identifiers>
          <bioguideId>S001165</bioguideId>
          <gpoId>8055</gpoId>
          <lisID>1818</lisID>
        </identifiers>
        <party>D</party>
        <lastName>Sires</lastName>
        <firstName>Albio</firstName>
        <state>NJ</state>
        <isOriginalCosponsor>True</isOriginalCosponsor>
        <sponsorshipDate>2014-09-15</sponsorshipDate>
        <middleName />
      </item>
      <item>
        <district>38</district>
        <fullName>Rep. Sanchez, Linda T. [D-CA-38]</fullName>
        <sponsorshipWithdrawnDate />
        <bioguideId>S001156</bioguideId>
        <identifiers>
          <lisID>1757</lisID>
          <gpoId>7844</gpoId>
          <bioguideId>S001156</bioguideId>
        </identifiers>
        <party>D</party>
        <lastName>SANCHEZ</lastName>
        <firstName>LINDA</firstName>
        <state>CA</state>
        <isOriginalCosponsor>True</isOriginalCosponsor>
        <sponsorshipDate>2014-09-15</sponsorshipDate>
        <middleName>T.</middleName>
      </item>
      <item>
        <district>4</district>
        <fullName>Rep. Moore, Gwen [D-WI-4]</fullName>
        <sponsorshipWithdrawnDate />
        <bioguideId>M001160</bioguideId>
        <identifiers>
          <lisID>1811</lisID>
          <gpoId>8217</gpoId>
          <bioguideId>M001160</bioguideId>
        </identifiers>
        <party>D</party>
        <lastName>Moore</lastName>
        <firstName>Gwen</firstName>
        <state>WI</state>
        <isOriginalCosponsor>True</isOriginalCosponsor>
        <sponsorshipDate>2014-09-15</sponsorshipDate>
        <middleName />
      </item>
      <item>
        <district>3</district>
        <fullName>Rep. Lujan, Ben Ray [D-NM-3]</fullName>
        <sponsorshipWithdrawnDate />
        <bioguideId>L000570</bioguideId>
        <identifiers>
          <lisID>1939</lisID>
          <gpoId>8058</gpoId>
          <bioguideId>L000570</bioguideId>
        </identifiers>
        <party>D</party>
        <lastName>Lujan</lastName>
        <firstName>Ben</firstName>
        <state>NM</state>
        <isOriginalCosponsor>True</isOriginalCosponsor>
        <sponsorshipDate>2014-09-15</sponsorshipDate>
        <middleName>Ray</middleName>
      </item>
      <item>
        <district>0</district>
        <fullName>Rep. Pierluisi, Pedro R. [D-PR-At Large]</fullName>
        <sponsorshipWithdrawnDate />
        <bioguideId>P000596</bioguideId>
        <identifiers>
          <gpoId>8138</gpoId>
          <lisID>1953</lisID>
          <bioguideId>P000596</bioguideId>
        </identifiers>
        <party>D</party>
        <lastName>Pierluisi</lastName>
        <firstName>Pedro</firstName>
        <state>PR</state>
        <isOriginalCosponsor>True</isOriginalCosponsor>
        <sponsorshipDate>2014-09-15</sponsorshipDate>
        <middleName>R.</middleName>
      </item>
      <item>
        <district>15</district>
        <fullName>Rep. Serrano, Jose E. [D-NY-15]</fullName>
        <sponsorshipWithdrawnDate />
        <bioguideId>S000248</bioguideId>
        <identifiers>
          <lisID>1042</lisID>
          <bioguideId>S000248</bioguideId>
          <gpoId>8077</gpoId>
        </identifiers>
        <party>D</party>
        <lastName>SERRANO</lastName>
        <firstName>JOSE</firstName>
        <state>NY</state>
        <isOriginalCosponsor>True</isOriginalCosponsor>
        <sponsorshipDate>2014-09-15</sponsorshipDate>
        <middleName>E.</middleName>
      </item>
      <item>
        <district>20</district>
        <fullName>Rep. Castro, Joaquin [D-TX-20]</fullName>
        <sponsorshipWithdrawnDate />
        <bioguideId>C001091</bioguideId>
        <identifiers>
          <lisID>2163</lisID>
          <gpoId />
          <bioguideId>C001091</bioguideId>
        </identifiers>
        <party>D</party>
        <lastName>Castro</lastName>
        <firstName>Joaquin</firstName>
        <state>TX</state>
        <isOriginalCosponsor>True</isOriginalCosponsor>
        <sponsorshipDate>2014-09-15</sponsorshipDate>
        <middleName />
      </item>
      <item>
        <district>34</district>
        <fullName>Rep. Becerra, Xavier [D-CA-34]</fullName>
        <sponsorshipWithdrawnDate />
        <bioguideId>B000287</bioguideId>
        <identifiers>
          <lisID>70</lisID>
          <gpoId>7836</gpoId>
          <bioguideId>B000287</bioguideId>
        </identifiers>
        <party>D</party>
        <lastName>BECERRA</lastName>
        <firstName>XAVIER</firstName>
        <state>CA</state>
        <isOriginalCosponsor>True</isOriginalCosponsor>
        <sponsorshipDate>2014-09-15</sponsorshipDate>
        <middleName />
      </item>
      <item>
        <district>35</district>
        <fullName>Rep. Negrete McLeod, Gloria [D-CA-35]</fullName>
        <sponsorshipWithdrawnDate />
        <bioguideId>N000187</bioguideId>
        <identifiers>
          <lisID>2108</lisID>
          <gpoId />
          <bioguideId>N000187</bioguideId>
        </identifiers>
        <party>D</party>
        <lastName>Negrete McLeod</lastName>
        <firstName>Gloria</firstName>
        <state>CA</state>
        <isOriginalCosponsor>True</isOriginalCosponsor>
        <sponsorshipDate>2014-09-15</sponsorshipDate>
        <middleName />
      </item>
      <item>
        <district>1</district>
        <fullName>Rep. Cicilline, David N. [D-RI-1]</fullName>
        <sponsorshipWithdrawnDate />
        <bioguideId>C001084</bioguideId>
        <identifiers>
          <bioguideId>C001084</bioguideId>
          <gpoId>8139</gpoId>
          <lisID>2055</lisID>
        </identifiers>
        <party>D</party>
        <lastName>Cicilline</lastName>
        <firstName>David</firstName>
        <state>RI</state>
        <isOriginalCosponsor>True</isOriginalCosponsor>
        <sponsorshipDate>2014-09-15</sponsorshipDate>
        <middleName>N.</middleName>
      </item>
      <item>
        <district>26</district>
        <fullName>Rep. Garcia, Joe [D-FL-26]</fullName>
        <sponsorshipWithdrawnDate />
        <bioguideId>G000573</bioguideId>
        <identifiers>
          <bioguideId>G000573</bioguideId>
          <lisID>2120</lisID>
          <gpoId />
        </identifiers>
        <party>D</party>
        <lastName>Garcia</lastName>
        <firstName>Joe</firstName>
        <state>FL</state>
        <isOriginalCosponsor>True</isOriginalCosponsor>
        <sponsorshipDate>2014-09-15</sponsorshipDate>
        <middleName />
      </item>
      <item>
        <district>32</district>
        <fullName>Rep. Napolitano, Grace F. [D-CA-32]</fullName>
        <sponsorshipWithdrawnDate />
        <bioguideId>N000179</bioguideId>
        <identifiers>
          <lisID>1602</lisID>
          <bioguideId>N000179</bioguideId>
          <gpoId>7843</gpoId>
        </identifiers>
        <party>D</party>
        <lastName>NAPOLITANO</lastName>
        <firstName>GRACE</firstName>
        <state>CA</state>
        <isOriginalCosponsor>True</isOriginalCosponsor>
        <sponsorshipDate>2014-09-15</sponsorshipDate>
        <middleName>F.</middleName>
      </item>
      <item>
        <district>36</district>
        <fullName>Rep. Ruiz, Raul [D-CA-36]</fullName>
        <sponsorshipWithdrawnDate />
        <bioguideId>R000599</bioguideId>
        <identifiers>
          <bioguideId>R000599</bioguideId>
          <lisID>2109</lisID>
          <gpoId />
        </identifiers>
        <party>D</party>
        <lastName>Ruiz</lastName>
        <firstName>Raul</firstName>
        <state>CA</state>
        <isOriginalCosponsor>True</isOriginalCosponsor>
        <sponsorshipDate>2014-09-15</sponsorshipDate>
        <middleName />
      </item>
      <item>
        <district>40</district>
        <fullName>Rep. Roybal-Allard, Lucille [D-CA-40]</fullName>
        <sponsorshipWithdrawnDate />
        <bioguideId>R000486</bioguideId>
        <identifiers>
          <bioguideId>R000486</bioguideId>
          <gpoId>7839</gpoId>
          <lisID>997</lisID>
        </identifiers>
        <party>D</party>
        <lastName>ROYBAL-ALLARD</lastName>
        <firstName>LUCILLE</firstName>
        <state>CA</state>
        <isOriginalCosponsor>True</isOriginalCosponsor>
        <sponsorshipDate>2014-09-15</sponsorshipDate>
        <middleName />
      </item>
      <item>
        <district>4</district>
        <fullName>Rep. Gutierrez, Luis V. [D-IL-4]</fullName>
        <sponsorshipWithdrawnDate />
        <bioguideId>G000535</bioguideId>
        <identifiers>
          <lisID>478</lisID>
          <gpoId>7924</gpoId>
          <bioguideId>G000535</bioguideId>
        </identifiers>
        <party>D</party>
        <lastName>GUTIERREZ</lastName>
        <firstName>LUIS</firstName>
        <state>IL</state>
        <isOriginalCosponsor>True</isOriginalCosponsor>
        <sponsorshipDate>2014-09-15</sponsorshipDate>
        <middleName>V.</middleName>
      </item>
      <item>
        <district>46</district>
        <fullName>Rep. Sanchez, Loretta [D-CA-46]</fullName>
        <sponsorshipWithdrawnDate />
        <bioguideId>S000030</bioguideId>
        <identifiers>
          <lisID>1522</lisID>
          <bioguideId>S000030</bioguideId>
          <gpoId>7852</gpoId>
        </identifiers>
        <party>D</party>
        <lastName>SANCHEZ</lastName>
        <firstName>LORETTA</firstName>
        <state>CA</state>
        <isOriginalCosponsor>True</isOriginalCosponsor>
        <sponsorshipDate>2014-09-15</sponsorshipDate>
        <middleName />
      </item>
      <item>
        <district>4</district>
        <fullName>Rep. McCollum, Betty [D-MN-4]</fullName>
        <sponsorshipWithdrawnDate />
        <bioguideId>M001143</bioguideId>
        <identifiers>
          <lisID>1653</lisID>
          <gpoId>8004</gpoId>
          <bioguideId>M001143</bioguideId>
        </identifiers>
        <party>D</party>
        <lastName>MCCOLLUM</lastName>
        <firstName>BETTY</firstName>
        <state>MN</state>
        <isOriginalCosponsor>True</isOriginalCosponsor>
        <sponsorshipDate>2014-09-15</sponsorshipDate>
        <middleName />
      </item>
      <item>
        <district>28</district>
        <fullName>Rep. Cuellar, Henry [D-TX-28]</fullName>
        <sponsorshipWithdrawnDate />
        <bioguideId>C001063</bioguideId>
        <identifiers>
          <bioguideId>C001063</bioguideId>
          <gpoId>8184</gpoId>
          <lisID>1807</lisID>
        </identifiers>
        <party>D</party>
        <lastName>Cuellar</lastName>
        <firstName>Henry</firstName>
        <state>TX</state>
        <isOriginalCosponsor>True</isOriginalCosponsor>
        <sponsorshipDate>2014-09-15</sponsorshipDate>
        <middleName />
      </item>
      <item>
        <district>29</district>
        <fullName>Rep. Green, Gene [D-TX-29]</fullName>
        <sponsorshipWithdrawnDate />
        <bioguideId>G000410</bioguideId>
        <identifiers>
          <bioguideId>G000410</bioguideId>
          <lisID>462</lisID>
          <gpoId>8185</gpoId>
        </identifiers>
        <party>D</party>
        <lastName>GREEN</lastName>
        <firstName>GENE</firstName>
        <state>TX</state>
        <isOriginalCosponsor>True</isOriginalCosponsor>
        <sponsorshipDate>2014-09-15</sponsorshipDate>
        <middleName />
      </item>
      <item>
        <district>7</district>
        <fullName>Rep. Velazquez, Nydia M. [D-NY-7]</fullName>
        <sponsorshipWithdrawnDate />
        <bioguideId>V000081</bioguideId>
        <identifiers>
          <lisID>1184</lisID>
          <gpoId>8073</gpoId>
          <bioguideId>V000081</bioguideId>
        </identifiers>
        <party>D</party>
        <lastName>VELAZQUEZ</lastName>
        <firstName>NYDIA</firstName>
        <state>NY</state>
        <isOriginalCosponsor>False</isOriginalCosponsor>
        <sponsorshipDate>2014-09-18</sponsorshipDate>
        <middleName>M.</middleName>
      </item>
      <item>
        <district>7</district>
        <fullName>Rep. Capuano, Michael E. [D-MA-7]</fullName>
        <sponsorshipWithdrawnDate />
        <bioguideId>C001037</bioguideId>
        <identifiers>
          <lisID>1564</lisID>
          <gpoId>7973</gpoId>
          <bioguideId>C001037</bioguideId>
        </identifiers>
        <party>D</party>
        <lastName>CAPUANO</lastName>
        <firstName>MICHAEL</firstName>
        <state>MA</state>
        <isOriginalCosponsor>False</isOriginalCosponsor>
        <sponsorshipDate>2014-09-18</sponsorshipDate>
        <middleName>E.</middleName>
      </item>
      <item>
        <district>33</district>
        <fullName>Rep. Veasey, Marc A. [D-TX-33]</fullName>
        <sponsorshipWithdrawnDate />
        <bioguideId>V000131</bioguideId>
        <identifiers>
          <gpoId />
          <lisID>2166</lisID>
          <bioguideId>V000131</bioguideId>
        </identifiers>
        <party>D</party>
        <lastName>Veasey</lastName>
        <firstName>Marc</firstName>
        <state>TX</state>
        <isOriginalCosponsor>False</isOriginalCosponsor>
        <sponsorshipDate>2014-09-18</sponsorshipDate>
        <middleName>A.</middleName>
      </item>
      <item>
        <district>0</district>
        <fullName>Rep. Sablan, Gregorio Kilili Camacho [D-MP-At Large]</fullName>
        <sponsorshipWithdrawnDate />
        <bioguideId>S001177</bioguideId>
        <identifiers>
          <bioguideId>S001177</bioguideId>
          <lisID>1962</lisID>
          <gpoId>8018</gpoId>
        </identifiers>
        <party>D</party>
        <lastName>Sablan</lastName>
        <firstName>Gregorio</firstName>
        <state>MP</state>
        <isOriginalCosponsor>False</isOriginalCosponsor>
        <sponsorshipDate>2014-09-18</sponsorshipDate>
        <middleName>Kilili Camacho</middleName>
      </item>
      <item>
        <district>15</district>
        <fullName>Rep. Swalwell, Eric [D-CA-15]</fullName>
        <sponsorshipWithdrawnDate />
        <bioguideId>S001193</bioguideId>
        <identifiers>
          <lisID>2104</lisID>
          <gpoId />
          <bioguideId>S001193</bioguideId>
        </identifiers>
        <party>D</party>
        <lastName>Swalwell</lastName>
        <firstName>Eric</firstName>
        <state>CA</state>
        <isOriginalCosponsor>False</isOriginalCosponsor>
        <sponsorshipDate>2014-09-18</sponsorshipDate>
        <middleName />
      </item>
      <item>
        <district>6</district>
        <fullName>Rep. Meng, Grace [D-NY-6]</fullName>
        <sponsorshipWithdrawnDate />
        <bioguideId>M001188</bioguideId>
        <identifiers>
          <lisID>2148</lisID>
          <gpoId />
          <bioguideId>M001188</bioguideId>
        </identifiers>
        <party>D</party>
        <lastName>Meng</lastName>
        <firstName>Grace</firstName>
        <state>NY</state>
        <isOriginalCosponsor>False</isOriginalCosponsor>
        <sponsorshipDate>2014-09-18</sponsorshipDate>
        <middleName />
      </item>
    </cosponsors>
    <billType>HRES</billType>
    <cboCostEstimates />
    <recordedVotes />
    <relatedBills>
      <item>
        <relationshipDetails>
          <item>
            <identifiedBy>CRS</identifiedBy>
            <type>Related bill</type>
          </item>
        </relationshipDetails>
        <latestAction>
          <actionDate>2013-09-27</actionDate>
          <text>Referred to the House Committee on Oversight and Government Reform.</text>
        </latestAction>
        <latestTitle>Recognizing Hispanic Heritage Month and celebrating the heritage and culture of Latinos in the United States and the immense contributions of Latinos to the United States.</latestTitle>
        <congress>113</congress>
        <number>363</number>
        <type>HRES</type>
      </item>
      <item>
        <relationshipDetails>
          <item>
            <identifiedBy>CRS</identifiedBy>
            <type>Related bill</type>
          </item>
        </relationshipDetails>
        <latestAction>
          <actionDate>2013-09-19</actionDate>
          <text>Submitted in the Senate, considered, and agreed to without amendment and with a preamble by Unanimous Consent. (consideration: CR S6672; text as passed Senate: CR S6663)</text>
        </latestAction>
        <latestTitle>A resolution recognizing Hispanic Heritage Month and celebrating the heritage and culture of Latinos in the United States and the immense contributions of Latinos to the United States.</latestTitle>
        <congress>113</congress>
        <number>246</number>
        <type>SRES</type>
      </item>
      <item>
        <relationshipDetails>
          <item>
            <identifiedBy>CRS</identifiedBy>
            <type>Related bill</type>
          </item>
        </relationshipDetails>
        <latestAction>
          <actionDate>2014-09-17</actionDate>
          <text>Resolution agreed to in Senate without amendment and with a preamble by Unanimous Consent.</text>
        </latestAction>
        <latestTitle>A resolution recognizing Hispanic Heritage Month and celebrating the heritage and culture of Latinos in the United States and the immense contributions of Latinos to the United States.</latestTitle>
        <congress>113</congress>
        <number>545</number>
        <type>SRES</type>
      </item>
    </relatedBills>
    <actions>
      <item>
        <sourceSystem>
          <code>2</code>
          <name>House floor actions</name>
        </sourceSystem>
        <actionDate>2014-09-15</actionDate>
        <links />
        <committee>
          <systemCode>hsgo00</systemCode>
          <name>Oversight and Government Reform Committee</name>
        </committee>
        <text>Referred to the House Committee on Oversight and Government Reform.</text>
        <type>IntroReferral</type>
        <actionCode>H11100</actionCode>
      </item>
      <item>
        <sourceSystem>
          <code>9</code>
          <name>Library of Congress</name>
        </sourceSystem>
        <actionDate>2014-09-15</actionDate>
        <links />
        <committee />
        <text>Introduced in House</text>
        <type>IntroReferral</type>
        <actionCode>Intro-H</actionCode>
      </item>
      <item>
        <sourceSystem>
          <code>9</code>
          <name>Library of Congress</name>
        </sourceSystem>
        <actionDate>2014-09-15</actionDate>
        <links />
        <committee />
        <text>Introduced in House</text>
        <type>IntroReferral</type>
        <actionCode>1000</actionCode>
      </item>
      <actionTypeCounts>
        <introducedInHouse>1</introducedInHouse>
        <introducedInTheHouse>1</introducedInTheHouse>
        <billReferrals>1</billReferrals>
      </actionTypeCounts>
      <actionByCounts>
        <houseOfRepresentatives>3</houseOfRepresentatives>
      </actionByCounts>
    </actions>
    <notes />
    <latestAction>
      <actionDate>2014-09-15</actionDate>
      <links />
      <text>Referred to the House Committee on Oversight and Government Reform.</text>
    </latestAction>
    <introducedDate>2014-09-15</introducedDate>
    <sponsors>
      <item>
        <fullName>Rep. Cardenas, Tony [D-CA-29]</fullName>
        <firstName>Tony</firstName>
        <byRequestType />
        <identifiers>
          <lisID>2107</lisID>
          <gpoId />
          <bioguideId>C001097</bioguideId>
        </identifiers>
        <middleName />
        <bioguideId>C001097</bioguideId>
        <district>29</district>
        <party>D</party>
        <state>CA</state>
        <lastName>Cardenas</lastName>
      </item>
    </sponsors>
    <constitutionalAuthorityStatementText />
    <calendarNumbers />
    <committeeReports />
    <amendments />
    <createDate>2014-09-16T04:46:36Z</createDate>
    <originChamber>House</originChamber>
    <titles>
      <item>
        <chamberCode />
        <title>Recognizing Hispanic Heritage Month and celebrating the heritage and culture of Latinos in the United States and the immense contributions of Latinos to the United States.</title>
        <chamberName />
        <titleType>Official Title as Introduced</titleType>
        <parentTitleType />
      </item>
      <item>
        <chamberCode />
        <title>Recognizing Hispanic Heritage Month and celebrating the heritage and culture of Latinos in the United States and the immense contributions of Latinos to the United States.</title>
        <chamberName />
        <titleType>Display Title</titleType>
        <parentTitleType />
      </item>
    </titles>
  </bill>
  <dublinCore xmlns:dc="http://purl.org/dc/elements/1.1/">
    <dc:format>text/xml</dc:format>
    <dc:language>EN</dc:language>
    <dc:rights>Pursuant to Title 17 Section 105 of the United States Code, this file is not subject to copyright protection and is in the public domain.</dc:rights>
    <dc:contributor>Congressional Research Service, Library of Congress</dc:contributor>
    <dc:description>This file contains bill summaries and statuses for federal legislation. A bill summary describes the most significant provisions of a piece of legislation and details the effects the legislative text may have on current law and federal programs. Bill summaries are authored by the Congressional Research Service (CRS) of the Library of Congress. As stated in Public Law 91-510 (2 USC 166 (d)(6)), one of the duties of CRS is "to prepare summaries and digests of bills and resolutions of a public general nature introduced in the Senate or House of Representatives". For more information, refer to the User Guide that accompanies this file.</dc:description>
  </dublinCore>
</billStatus>

