<?xml version="1.0" encoding="UTF-8"?>
<billStatus>
  <bill>
    <title>Expressing the sense of the House of Representatives that the United States Postal Service should issue a commemorative stamp honoring the life of Maya Angelou.</title>
    <updateDate>2016-10-25T15:55:54Z</updateDate>
    <relatedBills />
    <introducedDate>2014-07-24</introducedDate>
    <originChamber>House</originChamber>
    <cboCostEstimates />
    <policyArea>
      <name>Government Operations and Politics</name>
    </policyArea>
    <congress>113</congress>
    <billNumber>684</billNumber>
    <billType>HRES</billType>
    <amendments />
    <recordedVotes />
    <committees>
      <billCommittees>
        <item>
          <subcommittees />
          <systemCode>hsgo00</systemCode>
          <activities>
            <item>
              <name>Referred to</name>
              <date>2014-07-24T14:02:00Z</date>
            </item>
          </activities>
          <chamber>House</chamber>
          <name>Oversight and Government Reform Committee</name>
          <type>Standing</type>
        </item>
      </billCommittees>
    </committees>
    <laws />
    <subjects>
      <billSubjects>
        <policyArea>
          <name>Government Operations and Politics</name>
        </policyArea>
        <legislativeSubjects>
          <item>
            <name>Art, artists, authorship</name>
          </item>
          <item>
            <name>Commemorative events and holidays</name>
          </item>
          <item>
            <name>Postal service</name>
          </item>
          <item>
            <name>Racial and ethnic relations</name>
          </item>
        </legislativeSubjects>
      </billSubjects>
    </subjects>
    <notes />
    <committeeReports />
    <actions>
      <item>
        <text>Referred to the House Committee on Oversight and Government Reform.</text>
        <committee>
          <systemCode>hsgo00</systemCode>
          <name>Oversight and Government Reform Committee</name>
        </committee>
        <actionCode>H11100</actionCode>
        <sourceSystem>
          <code>2</code>
          <name>House floor actions</name>
        </sourceSystem>
        <type>IntroReferral</type>
        <actionDate>2014-07-24</actionDate>
        <links />
      </item>
      <item>
        <text>Introduced in House</text>
        <committee />
        <actionCode>Intro-H</actionCode>
        <sourceSystem>
          <code>9</code>
          <name>Library of Congress</name>
        </sourceSystem>
        <type>IntroReferral</type>
        <actionDate>2014-07-24</actionDate>
        <links />
      </item>
      <item>
        <text>Introduced in House</text>
        <committee />
        <actionCode>1000</actionCode>
        <sourceSystem>
          <code>9</code>
          <name>Library of Congress</name>
        </sourceSystem>
        <type>IntroReferral</type>
        <actionDate>2014-07-24</actionDate>
        <links />
      </item>
      <actionByCounts>
        <houseOfRepresentatives>3</houseOfRepresentatives>
      </actionByCounts>
      <actionTypeCounts>
        <introducedInHouse>1</introducedInHouse>
        <introducedInTheHouse>1</introducedInTheHouse>
        <billReferrals>1</billReferrals>
      </actionTypeCounts>
    </actions>
    <calendarNumbers />
    <latestAction>
      <links />
      <actionDate>2014-07-24</actionDate>
      <text>Referred to the House Committee on Oversight and Government Reform.</text>
    </latestAction>
    <titles>
      <item>
        <title>Expressing the sense of the House of Representatives that the United States Postal Service should issue a commemorative stamp honoring the life of Maya Angelou.</title>
        <titleType>Official Title as Introduced</titleType>
        <chamberCode />
        <chamberName />
        <parentTitleType />
      </item>
      <item>
        <title>Expressing the sense of the House of Representatives that the United States Postal Service should issue a commemorative stamp honoring the life of Maya Angelou.</title>
        <titleType>Display Title</titleType>
        <chamberCode />
        <chamberName />
        <parentTitleType />
      </item>
    </titles>
    <summaries>
      <billSummaries>
        <item>
          <versionCode>00</versionCode>
          <actionDate>2014-07-24</actionDate>
          <text><![CDATA[<p>Expresses the sense of the House of Representatives that the United States Postal Service should issue a commemorative postage stamp honoring Maya Angelou. </p>]]></text>
          <lastSummaryUpdateDate>2014-09-18T10:20:09Z</lastSummaryUpdateDate>
          <actionDesc>Introduced in House</actionDesc>
          <name>Introduced in House</name>
          <updateDate>2014-07-24T04:00:00Z</updateDate>
        </item>
      </billSummaries>
    </summaries>
    <constitutionalAuthorityStatementText />
    <createDate>2014-07-25T05:01:12Z</createDate>
    <sponsors>
      <item>
        <state>OH</state>
        <fullName>Rep. Beatty, Joyce [D-OH-3]</fullName>
        <middleName />
        <identifiers>
          <bioguideId>B001281</bioguideId>
          <lisID>2153</lisID>
          <gpoId />
        </identifiers>
        <firstName>Joyce</firstName>
        <lastName>Beatty</lastName>
        <bioguideId>B001281</bioguideId>
        <district>3</district>
        <byRequestType />
        <party>D</party>
      </item>
    </sponsors>
    <cosponsors>
      <item>
        <firstName>Donald</firstName>
        <sponsorshipWithdrawnDate />
        <identifiers>
          <lisID>2097</lisID>
          <gpoId>8373</gpoId>
          <bioguideId>P000604</bioguideId>
        </identifiers>
        <party>D</party>
        <isOriginalCosponsor>True</isOriginalCosponsor>
        <fullName>Rep. Payne, Donald M., Jr. [D-NJ-10]</fullName>
        <middleName>M.</middleName>
        <sponsorshipDate>2014-07-24</sponsorshipDate>
        <bioguideId>P000604</bioguideId>
        <district>10</district>
        <state>NJ</state>
        <lastName>Payne</lastName>
      </item>
      <item>
        <firstName>Yvette</firstName>
        <sponsorshipWithdrawnDate />
        <identifiers>
          <lisID>1864</lisID>
          <gpoId>8072</gpoId>
          <bioguideId>C001067</bioguideId>
        </identifiers>
        <party>D</party>
        <isOriginalCosponsor>True</isOriginalCosponsor>
        <fullName>Rep. Clarke, Yvette D. [D-NY-9]</fullName>
        <middleName>D.</middleName>
        <sponsorshipDate>2014-07-24</sponsorshipDate>
        <bioguideId>C001067</bioguideId>
        <district>9</district>
        <state>NY</state>
        <lastName>Clarke</lastName>
      </item>
      <item>
        <firstName>Emanuel</firstName>
        <sponsorshipWithdrawnDate />
        <identifiers>
          <lisID>1790</lisID>
          <bioguideId>C001061</bioguideId>
          <gpoId>8013</gpoId>
        </identifiers>
        <party>D</party>
        <isOriginalCosponsor>True</isOriginalCosponsor>
        <fullName>Rep. Cleaver, Emanuel [D-MO-5]</fullName>
        <middleName />
        <sponsorshipDate>2014-07-24</sponsorshipDate>
        <bioguideId>C001061</bioguideId>
        <district>5</district>
        <state>MO</state>
        <lastName>Cleaver</lastName>
      </item>
      <item>
        <firstName>Hakeem</firstName>
        <sponsorshipWithdrawnDate />
        <identifiers>
          <gpoId />
          <lisID>2149</lisID>
          <bioguideId>J000294</bioguideId>
        </identifiers>
        <party>D</party>
        <isOriginalCosponsor>True</isOriginalCosponsor>
        <fullName>Rep. Jeffries, Hakeem S. [D-NY-8]</fullName>
        <middleName>S.</middleName>
        <sponsorshipDate>2014-07-24</sponsorshipDate>
        <bioguideId>J000294</bioguideId>
        <district>8</district>
        <state>NY</state>
        <lastName>Jeffries</lastName>
      </item>
      <item>
        <firstName>Chris</firstName>
        <sponsorshipWithdrawnDate />
        <identifiers>
          <bioguideId>V000128</bioguideId>
          <lisID>1729</lisID>
          <gpoId>7983</gpoId>
        </identifiers>
        <party>D</party>
        <isOriginalCosponsor>True</isOriginalCosponsor>
        <fullName>Rep. Van Hollen, Chris [D-MD-8]</fullName>
        <middleName />
        <sponsorshipDate>2014-07-24</sponsorshipDate>
        <bioguideId>V000128</bioguideId>
        <district>8</district>
        <state>MD</state>
        <lastName>Van Hollen</lastName>
      </item>
      <item>
        <firstName>Steven</firstName>
        <sponsorshipWithdrawnDate />
        <identifiers>
          <lisID>2147</lisID>
          <bioguideId>H001066</bioguideId>
          <gpoId />
        </identifiers>
        <party>D</party>
        <isOriginalCosponsor>True</isOriginalCosponsor>
        <fullName>Rep. Horsford, Steven A. [D-NV-4]</fullName>
        <middleName>A.</middleName>
        <sponsorshipDate>2014-07-24</sponsorshipDate>
        <bioguideId>H001066</bioguideId>
        <district>4</district>
        <state>NV</state>
        <lastName>Horsford</lastName>
      </item>
      <item>
        <firstName>CHARLES</firstName>
        <sponsorshipWithdrawnDate />
        <identifiers>
          <lisID>944</lisID>
          <gpoId>8076</gpoId>
          <bioguideId>R000053</bioguideId>
        </identifiers>
        <party>D</party>
        <isOriginalCosponsor>True</isOriginalCosponsor>
        <fullName>Rep. Rangel, Charles B. [D-NY-13]</fullName>
        <middleName>B.</middleName>
        <sponsorshipDate>2014-07-24</sponsorshipDate>
        <bioguideId>R000053</bioguideId>
        <district>13</district>
        <state>NY</state>
        <lastName>RANGEL</lastName>
      </item>
      <item>
        <firstName>JOHN</firstName>
        <sponsorshipWithdrawnDate />
        <identifiers>
          <bioguideId>T000266</bioguideId>
          <lisID>1535</lisID>
          <gpoId>7971</gpoId>
        </identifiers>
        <party>D</party>
        <isOriginalCosponsor>True</isOriginalCosponsor>
        <fullName>Rep. Tierney, John F. [D-MA-6]</fullName>
        <middleName>F.</middleName>
        <sponsorshipDate>2014-07-24</sponsorshipDate>
        <bioguideId>T000266</bioguideId>
        <district>6</district>
        <state>MA</state>
        <lastName>TIERNEY</lastName>
      </item>
      <item>
        <firstName>Kyrsten</firstName>
        <sponsorshipWithdrawnDate />
        <identifiers>
          <lisID>2099</lisID>
          <gpoId />
          <bioguideId>S001191</bioguideId>
        </identifiers>
        <party>D</party>
        <isOriginalCosponsor>True</isOriginalCosponsor>
        <fullName>Rep. Sinema, Kyrsten [D-AZ-9]</fullName>
        <middleName />
        <sponsorshipDate>2014-07-24</sponsorshipDate>
        <bioguideId>S001191</bioguideId>
        <district>9</district>
        <state>AZ</state>
        <lastName>Sinema</lastName>
      </item>
      <item>
        <firstName>MICHAEL</firstName>
        <sponsorshipWithdrawnDate />
        <identifiers>
          <bioguideId>C001037</bioguideId>
          <lisID>1564</lisID>
          <gpoId>7973</gpoId>
        </identifiers>
        <party>D</party>
        <isOriginalCosponsor>True</isOriginalCosponsor>
        <fullName>Rep. Capuano, Michael E. [D-MA-7]</fullName>
        <middleName>E.</middleName>
        <sponsorshipDate>2014-07-24</sponsorshipDate>
        <bioguideId>C001037</bioguideId>
        <district>7</district>
        <state>MA</state>
        <lastName>CAPUANO</lastName>
      </item>
      <item>
        <firstName>Peter</firstName>
        <sponsorshipWithdrawnDate />
        <identifiers>
          <lisID>1879</lisID>
          <gpoId>8204</gpoId>
          <bioguideId>W000800</bioguideId>
        </identifiers>
        <party>D</party>
        <isOriginalCosponsor>True</isOriginalCosponsor>
        <fullName>Rep. Welch, Peter [D-VT-At Large]</fullName>
        <middleName />
        <sponsorshipDate>2014-07-24</sponsorshipDate>
        <bioguideId>W000800</bioguideId>
        <district>0</district>
        <state>VT</state>
        <lastName>Welch</lastName>
      </item>
      <item>
        <firstName>RICHARD</firstName>
        <sponsorshipWithdrawnDate />
        <identifiers>
          <bioguideId>N000015</bioguideId>
          <lisID>854</lisID>
          <gpoId>7967</gpoId>
        </identifiers>
        <party>D</party>
        <isOriginalCosponsor>True</isOriginalCosponsor>
        <fullName>Rep. Neal, Richard E. [D-MA-1]</fullName>
        <middleName>E.</middleName>
        <sponsorshipDate>2014-07-24</sponsorshipDate>
        <bioguideId>N000015</bioguideId>
        <district>1</district>
        <state>MA</state>
        <lastName>NEAL</lastName>
      </item>
      <item>
        <firstName>Renee</firstName>
        <sponsorshipWithdrawnDate />
        <identifiers>
          <gpoId>8025</gpoId>
          <lisID>2036</lisID>
          <bioguideId>E000291</bioguideId>
        </identifiers>
        <party>R</party>
        <isOriginalCosponsor>True</isOriginalCosponsor>
        <fullName>Rep. Ellmers, Renee L. [R-NC-2]</fullName>
        <middleName>L.</middleName>
        <sponsorshipDate>2014-07-24</sponsorshipDate>
        <bioguideId>E000291</bioguideId>
        <district>2</district>
        <state>NC</state>
        <lastName>Ellmers</lastName>
      </item>
      <item>
        <firstName>William</firstName>
        <sponsorshipWithdrawnDate />
        <identifiers>
          <lisID>2025</lisID>
          <gpoId>7975</gpoId>
          <bioguideId>K000375</bioguideId>
        </identifiers>
        <party>D</party>
        <isOriginalCosponsor>True</isOriginalCosponsor>
        <fullName>Rep. Keating, William R. [D-MA-9]</fullName>
        <middleName>R.</middleName>
        <sponsorshipDate>2014-07-24</sponsorshipDate>
        <bioguideId>K000375</bioguideId>
        <district>9</district>
        <state>MA</state>
        <lastName>Keating</lastName>
      </item>
      <item>
        <firstName>Steve</firstName>
        <sponsorshipWithdrawnDate />
        <identifiers>
          <lisID>2047</lisID>
          <gpoId>8105</gpoId>
          <bioguideId>S001187</bioguideId>
        </identifiers>
        <party>R</party>
        <isOriginalCosponsor>True</isOriginalCosponsor>
        <fullName>Rep. Stivers, Steve [R-OH-15]</fullName>
        <middleName />
        <sponsorshipDate>2014-07-24</sponsorshipDate>
        <bioguideId>S001187</bioguideId>
        <district>15</district>
        <state>OH</state>
        <lastName>Stivers</lastName>
      </item>
      <item>
        <firstName>Ann</firstName>
        <sponsorshipWithdrawnDate />
        <identifiers>
          <lisID>2137</lisID>
          <bioguideId>W000812</bioguideId>
          <gpoId />
        </identifiers>
        <party>R</party>
        <isOriginalCosponsor>True</isOriginalCosponsor>
        <fullName>Rep. Wagner, Ann [R-MO-2]</fullName>
        <middleName />
        <sponsorshipDate>2014-07-24</sponsorshipDate>
        <bioguideId>W000812</bioguideId>
        <district>2</district>
        <state>MO</state>
        <lastName>Wagner</lastName>
      </item>
      <item>
        <firstName>BOBBY</firstName>
        <sponsorshipWithdrawnDate />
        <identifiers>
          <bioguideId>R000515</bioguideId>
          <gpoId>7921</gpoId>
          <lisID>1003</lisID>
        </identifiers>
        <party>D</party>
        <isOriginalCosponsor>True</isOriginalCosponsor>
        <fullName>Rep. Rush, Bobby L. [D-IL-1]</fullName>
        <middleName>L.</middleName>
        <sponsorshipDate>2014-07-24</sponsorshipDate>
        <bioguideId>R000515</bioguideId>
        <district>1</district>
        <state>IL</state>
        <lastName>RUSH</lastName>
      </item>
      <item>
        <firstName>ILEANA</firstName>
        <sponsorshipWithdrawnDate />
        <identifiers>
          <bioguideId>R000435</bioguideId>
          <gpoId>7890</gpoId>
          <lisID>985</lisID>
        </identifiers>
        <party>R</party>
        <isOriginalCosponsor>True</isOriginalCosponsor>
        <fullName>Rep. Ros-Lehtinen, Ileana [R-FL-27]</fullName>
        <middleName />
        <sponsorshipDate>2014-07-24</sponsorshipDate>
        <bioguideId>R000435</bioguideId>
        <district>27</district>
        <state>FL</state>
        <lastName>ROS-LEHTINEN</lastName>
      </item>
      <item>
        <firstName>K.</firstName>
        <sponsorshipWithdrawnDate />
        <identifiers>
          <gpoId>8167</gpoId>
          <lisID>1805</lisID>
          <bioguideId>C001062</bioguideId>
        </identifiers>
        <party>R</party>
        <isOriginalCosponsor>True</isOriginalCosponsor>
        <fullName>Rep. Conaway, K. Michael [R-TX-11]</fullName>
        <middleName>Michael</middleName>
        <sponsorshipDate>2014-07-24</sponsorshipDate>
        <bioguideId>C001062</bioguideId>
        <district>11</district>
        <state>TX</state>
        <lastName>Conaway</lastName>
      </item>
      <item>
        <firstName>Ted</firstName>
        <sponsorshipWithdrawnDate />
        <identifiers>
          <lisID>2115</lisID>
          <bioguideId>Y000065</bioguideId>
          <gpoId />
        </identifiers>
        <party>R</party>
        <isOriginalCosponsor>True</isOriginalCosponsor>
        <fullName>Rep. Yoho, Ted S. [R-FL-3]</fullName>
        <middleName>S.</middleName>
        <sponsorshipDate>2014-07-24</sponsorshipDate>
        <bioguideId>Y000065</bioguideId>
        <district>3</district>
        <state>FL</state>
        <lastName>Yoho</lastName>
      </item>
      <item>
        <firstName>Bob</firstName>
        <sponsorshipWithdrawnDate />
        <identifiers>
          <lisID>2049</lisID>
          <gpoId>8108</gpoId>
          <bioguideId>G000563</bioguideId>
        </identifiers>
        <party>R</party>
        <isOriginalCosponsor>True</isOriginalCosponsor>
        <fullName>Rep. Gibbs, Bob [R-OH-7]</fullName>
        <middleName />
        <sponsorshipDate>2014-07-24</sponsorshipDate>
        <bioguideId>G000563</bioguideId>
        <district>7</district>
        <state>OH</state>
        <lastName>Gibbs</lastName>
      </item>
      <item>
        <firstName>Tom</firstName>
        <sponsorshipWithdrawnDate />
        <identifiers>
          <gpoId />
          <lisID>2160</lisID>
          <bioguideId>R000597</bioguideId>
        </identifiers>
        <party>R</party>
        <isOriginalCosponsor>True</isOriginalCosponsor>
        <fullName>Rep. Rice, Tom [R-SC-7]</fullName>
        <middleName />
        <sponsorshipDate>2014-07-24</sponsorshipDate>
        <bioguideId>R000597</bioguideId>
        <district>7</district>
        <state>SC</state>
        <lastName>Rice</lastName>
      </item>
      <item>
        <firstName>EDDIE</firstName>
        <sponsorshipWithdrawnDate />
        <identifiers>
          <lisID>599</lisID>
          <gpoId>8186</gpoId>
          <bioguideId>J000126</bioguideId>
        </identifiers>
        <party>D</party>
        <isOriginalCosponsor>True</isOriginalCosponsor>
        <fullName>Rep. Johnson, Eddie Bernice [D-TX-30]</fullName>
        <middleName>BERNICE</middleName>
        <sponsorshipDate>2014-07-24</sponsorshipDate>
        <bioguideId>J000126</bioguideId>
        <district>30</district>
        <state>TX</state>
        <lastName>JOHNSON</lastName>
      </item>
      <item>
        <firstName>Chris</firstName>
        <sponsorshipWithdrawnDate />
        <identifiers>
          <lisID>2168</lisID>
          <gpoId />
          <bioguideId>S001192</bioguideId>
        </identifiers>
        <party>R</party>
        <isOriginalCosponsor>True</isOriginalCosponsor>
        <fullName>Rep. Stewart, Chris [R-UT-2]</fullName>
        <middleName />
        <sponsorshipDate>2014-07-24</sponsorshipDate>
        <bioguideId>S001192</bioguideId>
        <district>2</district>
        <state>UT</state>
        <lastName>Stewart</lastName>
      </item>
      <item>
        <firstName>David</firstName>
        <sponsorshipWithdrawnDate />
        <identifiers>
          <lisID>2055</lisID>
          <gpoId>8139</gpoId>
          <bioguideId>C001084</bioguideId>
        </identifiers>
        <party>D</party>
        <isOriginalCosponsor>True</isOriginalCosponsor>
        <fullName>Rep. Cicilline, David N. [D-RI-1]</fullName>
        <middleName>N.</middleName>
        <sponsorshipDate>2014-07-24</sponsorshipDate>
        <bioguideId>C001084</bioguideId>
        <district>1</district>
        <state>RI</state>
        <lastName>Cicilline</lastName>
      </item>
      <item>
        <firstName>ALCEE</firstName>
        <sponsorshipWithdrawnDate />
        <identifiers>
          <bioguideId>H000324</bioguideId>
          <gpoId>7895</gpoId>
          <lisID>511</lisID>
        </identifiers>
        <party>D</party>
        <isOriginalCosponsor>True</isOriginalCosponsor>
        <fullName>Rep. Hastings, Alcee L. [D-FL-20]</fullName>
        <middleName>L.</middleName>
        <sponsorshipDate>2014-07-24</sponsorshipDate>
        <bioguideId>H000324</bioguideId>
        <district>20</district>
        <state>FL</state>
        <lastName>HASTINGS</lastName>
      </item>
      <item>
        <firstName>Robin</firstName>
        <sponsorshipWithdrawnDate />
        <identifiers>
          <lisID>2190</lisID>
          <gpoId />
          <bioguideId>K000385</bioguideId>
        </identifiers>
        <party>D</party>
        <isOriginalCosponsor>True</isOriginalCosponsor>
        <fullName>Rep. Kelly, Robin L. [D-IL-2]</fullName>
        <middleName>L.</middleName>
        <sponsorshipDate>2014-07-24</sponsorshipDate>
        <bioguideId>K000385</bioguideId>
        <district>2</district>
        <state>IL</state>
        <lastName>Kelly</lastName>
      </item>
      <item>
        <firstName>LOUISE</firstName>
        <sponsorshipWithdrawnDate />
        <identifiers>
          <lisID>1069</lisID>
          <gpoId>8089</gpoId>
          <bioguideId>S000480</bioguideId>
        </identifiers>
        <party>D</party>
        <isOriginalCosponsor>True</isOriginalCosponsor>
        <fullName>Rep. Slaughter, Louise McIntosh [D-NY-25]</fullName>
        <middleName>M.</middleName>
        <sponsorshipDate>2014-07-24</sponsorshipDate>
        <bioguideId>S000480</bioguideId>
        <district>25</district>
        <state>NY</state>
        <lastName>SLAUGHTER</lastName>
      </item>
      <item>
        <firstName>Frederica</firstName>
        <sponsorshipWithdrawnDate />
        <identifiers>
          <lisID>2004</lisID>
          <gpoId>7889</gpoId>
          <bioguideId>W000808</bioguideId>
        </identifiers>
        <party>D</party>
        <isOriginalCosponsor>True</isOriginalCosponsor>
        <fullName>Rep. Wilson, Frederica S. [D-FL-24]</fullName>
        <middleName>S.</middleName>
        <sponsorshipDate>2014-07-24</sponsorshipDate>
        <bioguideId>W000808</bioguideId>
        <district>24</district>
        <state>FL</state>
        <lastName>Wilson</lastName>
      </item>
      <item>
        <firstName>Donna</firstName>
        <sponsorshipWithdrawnDate />
        <identifiers>
          <gpoId>7979</gpoId>
          <lisID>1894</lisID>
          <bioguideId>E000290</bioguideId>
        </identifiers>
        <party>D</party>
        <isOriginalCosponsor>True</isOriginalCosponsor>
        <fullName>Rep. Edwards, Donna F. [D-MD-4]</fullName>
        <middleName>F.</middleName>
        <sponsorshipDate>2014-07-24</sponsorshipDate>
        <bioguideId>E000290</bioguideId>
        <district>4</district>
        <state>MD</state>
        <lastName>Edwards</lastName>
      </item>
      <item>
        <firstName>Eric</firstName>
        <sponsorshipWithdrawnDate />
        <identifiers>
          <bioguideId>S001193</bioguideId>
          <lisID>2104</lisID>
          <gpoId />
        </identifiers>
        <party>D</party>
        <isOriginalCosponsor>True</isOriginalCosponsor>
        <fullName>Rep. Swalwell, Eric [D-CA-15]</fullName>
        <middleName />
        <sponsorshipDate>2014-07-24</sponsorshipDate>
        <bioguideId>S001193</bioguideId>
        <district>15</district>
        <state>CA</state>
        <lastName>Swalwell</lastName>
      </item>
      <item>
        <firstName>Denny</firstName>
        <sponsorshipWithdrawnDate />
        <identifiers>
          <lisID>2170</lisID>
          <gpoId />
          <bioguideId>H001064</bioguideId>
        </identifiers>
        <party>D</party>
        <isOriginalCosponsor>True</isOriginalCosponsor>
        <fullName>Rep. Heck, Denny [D-WA-10]</fullName>
        <middleName />
        <sponsorshipDate>2014-07-24</sponsorshipDate>
        <bioguideId>H001064</bioguideId>
        <district>10</district>
        <state>WA</state>
        <lastName>Heck</lastName>
      </item>
      <item>
        <firstName>SHEILA</firstName>
        <sponsorshipWithdrawnDate />
        <identifiers>
          <gpoId>8174</gpoId>
          <lisID>588</lisID>
          <bioguideId>J000032</bioguideId>
        </identifiers>
        <party>D</party>
        <isOriginalCosponsor>True</isOriginalCosponsor>
        <fullName>Rep. Jackson Lee, Sheila [D-TX-18]</fullName>
        <middleName />
        <sponsorshipDate>2014-07-24</sponsorshipDate>
        <bioguideId>J000032</bioguideId>
        <district>18</district>
        <state>TX</state>
        <lastName>JACKSON LEE</lastName>
      </item>
      <item>
        <firstName>LLOYD</firstName>
        <sponsorshipWithdrawnDate />
        <identifiers>
          <gpoId>8181</gpoId>
          <lisID>303</lisID>
          <bioguideId>D000399</bioguideId>
        </identifiers>
        <party>D</party>
        <isOriginalCosponsor>True</isOriginalCosponsor>
        <fullName>Rep. Doggett, Lloyd [D-TX-35]</fullName>
        <middleName />
        <sponsorshipDate>2014-07-24</sponsorshipDate>
        <bioguideId>D000399</bioguideId>
        <district>35</district>
        <state>TX</state>
        <lastName>DOGGETT</lastName>
      </item>
      <item>
        <firstName>Tammy</firstName>
        <sponsorshipWithdrawnDate />
        <identifiers>
          <lisID>2123</lisID>
          <gpoId />
          <bioguideId>D000622</bioguideId>
        </identifiers>
        <party>D</party>
        <isOriginalCosponsor>True</isOriginalCosponsor>
        <fullName>Rep. Duckworth, Tammy [D-IL-8]</fullName>
        <middleName />
        <sponsorshipDate>2014-07-24</sponsorshipDate>
        <bioguideId>D000622</bioguideId>
        <district>8</district>
        <state>IL</state>
        <lastName>Duckworth</lastName>
      </item>
      <item>
        <firstName>Robert</firstName>
        <sponsorshipWithdrawnDate />
        <identifiers>
          <lisID>1037</lisID>
          <bioguideId>S000185</bioguideId>
          <gpoId>8194</gpoId>
        </identifiers>
        <party>D</party>
        <isOriginalCosponsor>True</isOriginalCosponsor>
        <fullName>Rep. Scott, Robert C. "Bobby" [D-VA-3]</fullName>
        <middleName>C. "Bobby"</middleName>
        <sponsorshipDate>2014-07-24</sponsorshipDate>
        <bioguideId>S000185</bioguideId>
        <district>3</district>
        <state>VA</state>
        <lastName>Scott</lastName>
      </item>
      <item>
        <firstName>Andre</firstName>
        <sponsorshipWithdrawnDate />
        <identifiers>
          <gpoId>7946</gpoId>
          <lisID>1889</lisID>
          <bioguideId>C001072</bioguideId>
        </identifiers>
        <party>D</party>
        <isOriginalCosponsor>True</isOriginalCosponsor>
        <fullName>Rep. Carson, Andre [D-IN-7]</fullName>
        <middleName />
        <sponsorshipDate>2014-07-24</sponsorshipDate>
        <bioguideId>C001072</bioguideId>
        <district>7</district>
        <state>IN</state>
        <lastName>Carson</lastName>
      </item>
      <item>
        <firstName>FRANK</firstName>
        <sponsorshipWithdrawnDate />
        <identifiers>
          <lisID>887</lisID>
          <gpoId>8048</gpoId>
          <bioguideId>P000034</bioguideId>
        </identifiers>
        <party>D</party>
        <isOriginalCosponsor>True</isOriginalCosponsor>
        <fullName>Rep. Pallone, Frank, Jr. [D-NJ-6]</fullName>
        <middleName />
        <sponsorshipDate>2014-07-24</sponsorshipDate>
        <bioguideId>P000034</bioguideId>
        <district>6</district>
        <state>NJ</state>
        <lastName>PALLONE</lastName>
      </item>
      <item>
        <firstName>JOSEPH</firstName>
        <sponsorshipWithdrawnDate />
        <identifiers>
          <lisID>1604</lisID>
          <bioguideId>C001038</bioguideId>
          <gpoId>8068</gpoId>
        </identifiers>
        <party>D</party>
        <isOriginalCosponsor>True</isOriginalCosponsor>
        <fullName>Rep. Crowley, Joseph [D-NY-14]</fullName>
        <middleName />
        <sponsorshipDate>2014-07-24</sponsorshipDate>
        <bioguideId>C001038</bioguideId>
        <district>14</district>
        <state>NY</state>
        <lastName>CROWLEY</lastName>
      </item>
      <item>
        <firstName>STEVE</firstName>
        <sponsorshipWithdrawnDate />
        <identifiers>
          <lisID>1114</lisID>
          <gpoId />
          <bioguideId>S000937</bioguideId>
        </identifiers>
        <party>R</party>
        <isOriginalCosponsor>True</isOriginalCosponsor>
        <fullName>Rep. Stockman, Steve [R-TX-36]</fullName>
        <middleName />
        <sponsorshipDate>2014-07-24</sponsorshipDate>
        <bioguideId>S000937</bioguideId>
        <district>36</district>
        <state>TX</state>
        <lastName>STOCKMAN</lastName>
      </item>
      <item>
        <firstName>SANFORD</firstName>
        <sponsorshipWithdrawnDate />
        <identifiers>
          <bioguideId>B000490</bioguideId>
          <lisID>91</lisID>
          <gpoId>7899</gpoId>
        </identifiers>
        <party>D</party>
        <isOriginalCosponsor>True</isOriginalCosponsor>
        <fullName>Rep. Bishop, Sanford D., Jr. [D-GA-2]</fullName>
        <middleName>D.</middleName>
        <sponsorshipDate>2014-07-24</sponsorshipDate>
        <bioguideId>B000490</bioguideId>
        <district>2</district>
        <state>GA</state>
        <lastName>BISHOP</lastName>
      </item>
      <item>
        <firstName>WALTER</firstName>
        <sponsorshipWithdrawnDate />
        <identifiers>
          <lisID>612</lisID>
          <gpoId>8026</gpoId>
          <bioguideId>J000255</bioguideId>
        </identifiers>
        <party>R</party>
        <isOriginalCosponsor>True</isOriginalCosponsor>
        <fullName>Rep. Jones, Walter B., Jr. [R-NC-3]</fullName>
        <middleName>B.</middleName>
        <sponsorshipDate>2014-07-24</sponsorshipDate>
        <bioguideId>J000255</bioguideId>
        <district>3</district>
        <state>NC</state>
        <lastName>JONES</lastName>
      </item>
      <item>
        <firstName>Mike</firstName>
        <sponsorshipWithdrawnDate />
        <identifiers>
          <bioguideId>Q000023</bioguideId>
          <lisID>1967</lisID>
          <gpoId>7925</gpoId>
        </identifiers>
        <party>D</party>
        <isOriginalCosponsor>True</isOriginalCosponsor>
        <fullName>Rep. Quigley, Mike [D-IL-5]</fullName>
        <middleName />
        <sponsorshipDate>2014-07-24</sponsorshipDate>
        <bioguideId>Q000023</bioguideId>
        <district>5</district>
        <state>IL</state>
        <lastName>Quigley</lastName>
      </item>
      <item>
        <firstName>DANNY</firstName>
        <sponsorshipWithdrawnDate />
        <identifiers>
          <lisID>1477</lisID>
          <gpoId>7927</gpoId>
          <bioguideId>D000096</bioguideId>
        </identifiers>
        <party>D</party>
        <isOriginalCosponsor>True</isOriginalCosponsor>
        <fullName>Rep. Davis, Danny K. [D-IL-7]</fullName>
        <middleName>K.</middleName>
        <sponsorshipDate>2014-07-24</sponsorshipDate>
        <bioguideId>D000096</bioguideId>
        <district>7</district>
        <state>IL</state>
        <lastName>DAVIS</lastName>
      </item>
      <item>
        <firstName>Niki</firstName>
        <sponsorshipWithdrawnDate />
        <identifiers>
          <lisID>1884</lisID>
          <gpoId>7970</gpoId>
          <bioguideId>T000465</bioguideId>
        </identifiers>
        <party>D</party>
        <isOriginalCosponsor>True</isOriginalCosponsor>
        <fullName>Rep. Tsongas, Niki [D-MA-3]</fullName>
        <middleName />
        <sponsorshipDate>2014-07-24</sponsorshipDate>
        <bioguideId>T000465</bioguideId>
        <district>3</district>
        <state>MA</state>
        <lastName>Tsongas</lastName>
      </item>
      <item>
        <firstName>Cheri</firstName>
        <sponsorshipWithdrawnDate />
        <identifiers>
          <lisID>2127</lisID>
          <gpoId />
          <bioguideId>B001286</bioguideId>
        </identifiers>
        <party>D</party>
        <isOriginalCosponsor>True</isOriginalCosponsor>
        <fullName>Rep. Bustos, Cheri [D-IL-17]</fullName>
        <middleName />
        <sponsorshipDate>2014-07-24</sponsorshipDate>
        <bioguideId>B001286</bioguideId>
        <district>17</district>
        <state>IL</state>
        <lastName>Bustos</lastName>
      </item>
      <item>
        <firstName>JOHN</firstName>
        <sponsorshipWithdrawnDate />
        <identifiers>
          <bioguideId>L000287</bioguideId>
          <lisID>688</lisID>
          <gpoId>7902</gpoId>
        </identifiers>
        <party>D</party>
        <isOriginalCosponsor>True</isOriginalCosponsor>
        <fullName>Rep. Lewis, John [D-GA-5]</fullName>
        <middleName />
        <sponsorshipDate>2014-07-24</sponsorshipDate>
        <bioguideId>L000287</bioguideId>
        <district>5</district>
        <state>GA</state>
        <lastName>LEWIS</lastName>
      </item>
      <item>
        <firstName>David</firstName>
        <sponsorshipWithdrawnDate />
        <identifiers>
          <lisID>1722</lisID>
          <gpoId>7910</gpoId>
          <bioguideId>S001157</bioguideId>
        </identifiers>
        <party>D</party>
        <isOriginalCosponsor>True</isOriginalCosponsor>
        <fullName>Rep. Scott, David [D-GA-13]</fullName>
        <middleName />
        <sponsorshipDate>2014-07-24</sponsorshipDate>
        <bioguideId>S001157</bioguideId>
        <district>13</district>
        <state>GA</state>
        <lastName>Scott</lastName>
      </item>
      <item>
        <firstName>BARBARA</firstName>
        <sponsorshipWithdrawnDate />
        <identifiers>
          <bioguideId>L000551</bioguideId>
          <gpoId>7814</gpoId>
          <lisID>1501</lisID>
        </identifiers>
        <party>D</party>
        <isOriginalCosponsor>True</isOriginalCosponsor>
        <fullName>Rep. Lee, Barbara [D-CA-13]</fullName>
        <middleName />
        <sponsorshipDate>2014-07-24</sponsorshipDate>
        <bioguideId>L000551</bioguideId>
        <district>13</district>
        <state>CA</state>
        <lastName>LEE</lastName>
      </item>
      <item>
        <firstName>Al</firstName>
        <sponsorshipWithdrawnDate />
        <identifiers>
          <gpoId>8165</gpoId>
          <lisID>1803</lisID>
          <bioguideId>G000553</bioguideId>
        </identifiers>
        <party>D</party>
        <isOriginalCosponsor>True</isOriginalCosponsor>
        <fullName>Rep. Green, Al [D-TX-9]</fullName>
        <middleName />
        <sponsorshipDate>2014-07-24</sponsorshipDate>
        <bioguideId>G000553</bioguideId>
        <district>9</district>
        <state>TX</state>
        <lastName>Green</lastName>
      </item>
      <item>
        <firstName>HENRY</firstName>
        <sponsorshipWithdrawnDate />
        <identifiers>
          <gpoId>7835</gpoId>
          <lisID>1209</lisID>
          <bioguideId>W000215</bioguideId>
        </identifiers>
        <party>D</party>
        <isOriginalCosponsor>True</isOriginalCosponsor>
        <fullName>Rep. Waxman, Henry A. [D-CA-33]</fullName>
        <middleName>A.</middleName>
        <sponsorshipDate>2014-07-24</sponsorshipDate>
        <bioguideId>W000215</bioguideId>
        <district>33</district>
        <state>CA</state>
        <lastName>WAXMAN</lastName>
      </item>
      <item>
        <firstName>Tulsi</firstName>
        <sponsorshipWithdrawnDate />
        <identifiers>
          <bioguideId>G000571</bioguideId>
          <gpoId />
          <lisID>2122</lisID>
        </identifiers>
        <party>D</party>
        <isOriginalCosponsor>True</isOriginalCosponsor>
        <fullName>Rep. Gabbard, Tulsi [D-HI-2]</fullName>
        <middleName />
        <sponsorshipDate>2014-07-24</sponsorshipDate>
        <bioguideId>G000571</bioguideId>
        <district>2</district>
        <state>HI</state>
        <lastName>Gabbard</lastName>
      </item>
      <item>
        <firstName>Ann</firstName>
        <sponsorshipWithdrawnDate />
        <identifiers>
          <lisID>2145</lisID>
          <gpoId />
          <bioguideId>K000382</bioguideId>
        </identifiers>
        <party>D</party>
        <isOriginalCosponsor>True</isOriginalCosponsor>
        <fullName>Rep. Kuster, Ann M. [D-NH-2]</fullName>
        <middleName>M.</middleName>
        <sponsorshipDate>2014-07-24</sponsorshipDate>
        <bioguideId>K000382</bioguideId>
        <district>2</district>
        <state>NH</state>
        <lastName>Kuster</lastName>
      </item>
      <item>
        <firstName>GRACE</firstName>
        <sponsorshipWithdrawnDate />
        <identifiers>
          <lisID>1602</lisID>
          <gpoId>7843</gpoId>
          <bioguideId>N000179</bioguideId>
        </identifiers>
        <party>D</party>
        <isOriginalCosponsor>True</isOriginalCosponsor>
        <fullName>Rep. Napolitano, Grace F. [D-CA-32]</fullName>
        <middleName>F.</middleName>
        <sponsorshipDate>2014-07-24</sponsorshipDate>
        <bioguideId>N000179</bioguideId>
        <district>32</district>
        <state>CA</state>
        <lastName>NAPOLITANO</lastName>
      </item>
      <item>
        <firstName>LUCILLE</firstName>
        <sponsorshipWithdrawnDate />
        <identifiers>
          <bioguideId>R000486</bioguideId>
          <lisID>997</lisID>
          <gpoId>7839</gpoId>
        </identifiers>
        <party>D</party>
        <isOriginalCosponsor>True</isOriginalCosponsor>
        <fullName>Rep. Roybal-Allard, Lucille [D-CA-40]</fullName>
        <middleName />
        <sponsorshipDate>2014-07-24</sponsorshipDate>
        <bioguideId>R000486</bioguideId>
        <district>40</district>
        <state>CA</state>
        <lastName>ROYBAL-ALLARD</lastName>
      </item>
      <item>
        <firstName>Gwen</firstName>
        <sponsorshipWithdrawnDate />
        <identifiers>
          <lisID>1811</lisID>
          <gpoId>8217</gpoId>
          <bioguideId>M001160</bioguideId>
        </identifiers>
        <party>D</party>
        <isOriginalCosponsor>True</isOriginalCosponsor>
        <fullName>Rep. Moore, Gwen [D-WI-4]</fullName>
        <middleName />
        <sponsorshipDate>2014-07-24</sponsorshipDate>
        <bioguideId>M001160</bioguideId>
        <district>4</district>
        <state>WI</state>
        <lastName>Moore</lastName>
      </item>
      <item>
        <firstName>JAMES</firstName>
        <sponsorshipWithdrawnDate />
        <identifiers>
          <gpoId>7968</gpoId>
          <lisID>1504</lisID>
          <bioguideId>M000312</bioguideId>
        </identifiers>
        <party>D</party>
        <isOriginalCosponsor>True</isOriginalCosponsor>
        <fullName>Rep. McGovern, James P. [D-MA-2]</fullName>
        <middleName>P.</middleName>
        <sponsorshipDate>2014-07-24</sponsorshipDate>
        <bioguideId>M000312</bioguideId>
        <district>2</district>
        <state>MA</state>
        <lastName>MCGOVERN</lastName>
      </item>
      <item>
        <firstName>MAXINE</firstName>
        <sponsorshipWithdrawnDate />
        <identifiers>
          <bioguideId>W000187</bioguideId>
          <gpoId>7840</gpoId>
          <lisID>1205</lisID>
        </identifiers>
        <party>D</party>
        <isOriginalCosponsor>True</isOriginalCosponsor>
        <fullName>Rep. Waters, Maxine [D-CA-43]</fullName>
        <middleName />
        <sponsorshipDate>2014-07-24</sponsorshipDate>
        <bioguideId>W000187</bioguideId>
        <district>43</district>
        <state>CA</state>
        <lastName>WATERS</lastName>
      </item>
      <item>
        <firstName>William</firstName>
        <sponsorshipWithdrawnDate />
        <identifiers>
          <bioguideId>E000292</bioguideId>
          <lisID>2125</lisID>
          <gpoId />
        </identifiers>
        <party>D</party>
        <isOriginalCosponsor>True</isOriginalCosponsor>
        <fullName>Rep. Enyart, William L. [D-IL-12]</fullName>
        <middleName>L.</middleName>
        <sponsorshipDate>2014-07-24</sponsorshipDate>
        <bioguideId>E000292</bioguideId>
        <district>12</district>
        <state>IL</state>
        <lastName>Enyart</lastName>
      </item>
      <item>
        <firstName>David</firstName>
        <sponsorshipWithdrawnDate />
        <identifiers>
          <bioguideId>L000565</bioguideId>
          <gpoId>7915</gpoId>
          <lisID>1846</lisID>
        </identifiers>
        <party>D</party>
        <isOriginalCosponsor>True</isOriginalCosponsor>
        <fullName>Rep. Loebsack, David [D-IA-2]</fullName>
        <middleName />
        <sponsorshipDate>2014-07-24</sponsorshipDate>
        <bioguideId>L000565</bioguideId>
        <district>2</district>
        <state>IA</state>
        <lastName>Loebsack</lastName>
      </item>
      <item>
        <firstName>ELIJAH</firstName>
        <sponsorshipWithdrawnDate />
        <identifiers>
          <bioguideId>C000984</bioguideId>
          <lisID>256</lisID>
          <gpoId>7982</gpoId>
        </identifiers>
        <party>D</party>
        <isOriginalCosponsor>True</isOriginalCosponsor>
        <fullName>Rep. Cummings, Elijah E. [D-MD-7]</fullName>
        <middleName>E.</middleName>
        <sponsorshipDate>2014-07-24</sponsorshipDate>
        <bioguideId>C000984</bioguideId>
        <district>7</district>
        <state>MD</state>
        <lastName>CUMMINGS</lastName>
      </item>
      <item>
        <firstName>Steve</firstName>
        <sponsorshipWithdrawnDate />
        <identifiers>
          <gpoId>8156</gpoId>
          <lisID>1878</lisID>
          <bioguideId>C001068</bioguideId>
        </identifiers>
        <party>D</party>
        <isOriginalCosponsor>True</isOriginalCosponsor>
        <fullName>Rep. Cohen, Steve [D-TN-9]</fullName>
        <middleName />
        <sponsorshipDate>2014-07-24</sponsorshipDate>
        <bioguideId>C001068</bioguideId>
        <district>9</district>
        <state>TN</state>
        <lastName>Cohen</lastName>
      </item>
      <item>
        <firstName>LINDA</firstName>
        <sponsorshipWithdrawnDate />
        <identifiers>
          <lisID>1757</lisID>
          <gpoId>7844</gpoId>
          <bioguideId>S001156</bioguideId>
        </identifiers>
        <party>D</party>
        <isOriginalCosponsor>True</isOriginalCosponsor>
        <fullName>Rep. Sanchez, Linda T. [D-CA-38]</fullName>
        <middleName>T.</middleName>
        <sponsorshipDate>2014-07-24</sponsorshipDate>
        <bioguideId>S001156</bioguideId>
        <district>38</district>
        <state>CA</state>
        <lastName>SANCHEZ</lastName>
      </item>
      <item>
        <firstName>EARL</firstName>
        <sponsorshipWithdrawnDate />
        <identifiers>
          <lisID>99</lisID>
          <gpoId>8116</gpoId>
          <bioguideId>B000574</bioguideId>
        </identifiers>
        <party>D</party>
        <isOriginalCosponsor>True</isOriginalCosponsor>
        <fullName>Rep. Blumenauer, Earl [D-OR-3]</fullName>
        <middleName />
        <sponsorshipDate>2014-07-24</sponsorshipDate>
        <bioguideId>B000574</bioguideId>
        <district>3</district>
        <state>OR</state>
        <lastName>BLUMENAUER</lastName>
      </item>
      <item>
        <firstName>Karen</firstName>
        <sponsorshipWithdrawnDate />
        <identifiers>
          <gpoId>7838</gpoId>
          <lisID>1996</lisID>
          <bioguideId>B001270</bioguideId>
        </identifiers>
        <party>D</party>
        <isOriginalCosponsor>True</isOriginalCosponsor>
        <fullName>Rep. Bass, Karen [D-CA-37]</fullName>
        <middleName />
        <sponsorshipDate>2014-07-24</sponsorshipDate>
        <bioguideId>B001270</bioguideId>
        <district>37</district>
        <state>CA</state>
        <lastName>Bass</lastName>
      </item>
      <item>
        <firstName>BENNIE</firstName>
        <sponsorshipWithdrawnDate />
        <identifiers>
          <gpoId>8020</gpoId>
          <lisID>1151</lisID>
          <bioguideId>T000193</bioguideId>
        </identifiers>
        <party>D</party>
        <isOriginalCosponsor>True</isOriginalCosponsor>
        <fullName>Rep. Thompson, Bennie G. [D-MS-2]</fullName>
        <middleName />
        <sponsorshipDate>2014-07-24</sponsorshipDate>
        <bioguideId>T000193</bioguideId>
        <district>2</district>
        <state>MS</state>
        <lastName>THOMPSON</lastName>
      </item>
      <item>
        <firstName>Joseph</firstName>
        <sponsorshipWithdrawnDate />
        <identifiers>
          <lisID>2172</lisID>
          <gpoId />
          <bioguideId>K000379</bioguideId>
        </identifiers>
        <party>D</party>
        <isOriginalCosponsor>True</isOriginalCosponsor>
        <fullName>Rep. Kennedy, Joseph P. III [D-MA-4]</fullName>
        <middleName>P.</middleName>
        <sponsorshipDate>2014-07-24</sponsorshipDate>
        <bioguideId>K000379</bioguideId>
        <district>4</district>
        <state>MA</state>
        <lastName>Kennedy</lastName>
      </item>
      <item>
        <firstName>Steve</firstName>
        <sponsorshipWithdrawnDate />
        <identifiers>
          <lisID>2138</lisID>
          <gpoId />
          <bioguideId>D000618</bioguideId>
        </identifiers>
        <party>R</party>
        <isOriginalCosponsor>True</isOriginalCosponsor>
        <fullName>Rep. Daines, Steve [R-MT-At Large]</fullName>
        <middleName />
        <sponsorshipDate>2014-07-24</sponsorshipDate>
        <bioguideId>D000618</bioguideId>
        <district>0</district>
        <state>MT</state>
        <lastName>Daines</lastName>
      </item>
      <item>
        <firstName>JAMES</firstName>
        <sponsorshipWithdrawnDate />
        <identifiers>
          <lisID>832</lisID>
          <gpoId>8199</gpoId>
          <bioguideId>M000933</bioguideId>
        </identifiers>
        <party>D</party>
        <isOriginalCosponsor>True</isOriginalCosponsor>
        <fullName>Rep. Moran, James P. [D-VA-8]</fullName>
        <middleName>P.</middleName>
        <sponsorshipDate>2014-07-24</sponsorshipDate>
        <bioguideId>M000933</bioguideId>
        <district>8</district>
        <state>VA</state>
        <lastName>MORAN</lastName>
      </item>
      <item>
        <firstName>JIM</firstName>
        <sponsorshipWithdrawnDate />
        <identifiers>
          <lisID>766</lisID>
          <gpoId>8211</gpoId>
          <bioguideId>M000404</bioguideId>
        </identifiers>
        <party>D</party>
        <isOriginalCosponsor>True</isOriginalCosponsor>
        <fullName>Rep. McDermott, Jim [D-WA-7]</fullName>
        <middleName />
        <sponsorshipDate>2014-07-24</sponsorshipDate>
        <bioguideId>M000404</bioguideId>
        <district>7</district>
        <state>WA</state>
        <lastName>MCDERMOTT</lastName>
      </item>
      <item>
        <firstName>JAMES</firstName>
        <sponsorshipWithdrawnDate />
        <identifiers>
          <bioguideId>C000537</bioguideId>
          <lisID>208</lisID>
          <gpoId>8146</gpoId>
        </identifiers>
        <party>D</party>
        <isOriginalCosponsor>True</isOriginalCosponsor>
        <fullName>Rep. Clyburn, James E. [D-SC-6]</fullName>
        <middleName>E.</middleName>
        <sponsorshipDate>2014-07-24</sponsorshipDate>
        <bioguideId>C000537</bioguideId>
        <district>6</district>
        <state>SC</state>
        <lastName>CLYBURN</lastName>
      </item>
      <item>
        <firstName>JOHN</firstName>
        <sponsorshipWithdrawnDate />
        <identifiers>
          <lisID>229</lisID>
          <bioguideId>C000714</bioguideId>
          <gpoId>7999</gpoId>
        </identifiers>
        <party>D</party>
        <isOriginalCosponsor>True</isOriginalCosponsor>
        <fullName>Rep. Conyers, John, Jr. [D-MI-13]</fullName>
        <middleName />
        <sponsorshipDate>2014-07-24</sponsorshipDate>
        <bioguideId>C000714</bioguideId>
        <district>13</district>
        <state>MI</state>
        <lastName>CONYERS</lastName>
      </item>
      <item>
        <firstName>Keith</firstName>
        <sponsorshipWithdrawnDate />
        <identifiers>
          <lisID>1857</lisID>
          <gpoId>8005</gpoId>
          <bioguideId>E000288</bioguideId>
        </identifiers>
        <party>D</party>
        <isOriginalCosponsor>True</isOriginalCosponsor>
        <fullName>Rep. Ellison, Keith [D-MN-5]</fullName>
        <middleName />
        <sponsorshipDate>2014-07-24</sponsorshipDate>
        <bioguideId>E000288</bioguideId>
        <district>5</district>
        <state>MN</state>
        <lastName>Ellison</lastName>
      </item>
      <item>
        <firstName>CHAKA</firstName>
        <sponsorshipWithdrawnDate />
        <identifiers>
          <lisID>371</lisID>
          <gpoId>8120</gpoId>
          <bioguideId>F000043</bioguideId>
        </identifiers>
        <party>D</party>
        <isOriginalCosponsor>True</isOriginalCosponsor>
        <fullName>Rep. Fattah, Chaka [D-PA-2]</fullName>
        <middleName />
        <sponsorshipDate>2014-07-24</sponsorshipDate>
        <bioguideId>F000043</bioguideId>
        <district>2</district>
        <state>PA</state>
        <lastName>FATTAH</lastName>
      </item>
      <item>
        <firstName>Henry</firstName>
        <sponsorshipWithdrawnDate />
        <identifiers>
          <lisID>1843</lisID>
          <gpoId>7901</gpoId>
          <bioguideId>J000288</bioguideId>
        </identifiers>
        <party>D</party>
        <isOriginalCosponsor>True</isOriginalCosponsor>
        <fullName>Rep. Johnson, Henry C. "Hank," Jr. [D-GA-4]</fullName>
        <middleName>C. "Hank"</middleName>
        <sponsorshipDate>2014-07-24</sponsorshipDate>
        <bioguideId>J000288</bioguideId>
        <district>4</district>
        <state>GA</state>
        <lastName>Johnson</lastName>
      </item>
      <item>
        <firstName>Marc</firstName>
        <sponsorshipWithdrawnDate />
        <identifiers>
          <gpoId />
          <lisID>2166</lisID>
          <bioguideId>V000131</bioguideId>
        </identifiers>
        <party>D</party>
        <isOriginalCosponsor>True</isOriginalCosponsor>
        <fullName>Rep. Veasey, Marc A. [D-TX-33]</fullName>
        <middleName>A.</middleName>
        <sponsorshipDate>2014-07-24</sponsorshipDate>
        <bioguideId>V000131</bioguideId>
        <district>33</district>
        <state>TX</state>
        <lastName>Veasey</lastName>
      </item>
      <item>
        <firstName>Derek</firstName>
        <sponsorshipWithdrawnDate />
        <identifiers>
          <bioguideId>K000381</bioguideId>
          <gpoId />
          <lisID>2169</lisID>
        </identifiers>
        <party>D</party>
        <isOriginalCosponsor>True</isOriginalCosponsor>
        <fullName>Rep. Kilmer, Derek [D-WA-6]</fullName>
        <middleName />
        <sponsorshipDate>2014-07-24</sponsorshipDate>
        <bioguideId>K000381</bioguideId>
        <district>6</district>
        <state>WA</state>
        <lastName>Kilmer</lastName>
      </item>
      <item>
        <firstName>XAVIER</firstName>
        <sponsorshipWithdrawnDate />
        <identifiers>
          <lisID>70</lisID>
          <bioguideId>B000287</bioguideId>
          <gpoId>7836</gpoId>
        </identifiers>
        <party>D</party>
        <isOriginalCosponsor>True</isOriginalCosponsor>
        <fullName>Rep. Becerra, Xavier [D-CA-34]</fullName>
        <middleName />
        <sponsorshipDate>2014-07-24</sponsorshipDate>
        <bioguideId>B000287</bioguideId>
        <district>34</district>
        <state>CA</state>
        <lastName>BECERRA</lastName>
      </item>
      <item>
        <firstName>TIM</firstName>
        <sponsorshipWithdrawnDate />
        <identifiers>
          <lisID>1756</lisID>
          <gpoId>8107</gpoId>
          <bioguideId>R000577</bioguideId>
        </identifiers>
        <party>D</party>
        <isOriginalCosponsor>True</isOriginalCosponsor>
        <fullName>Rep. Ryan, Tim [D-OH-13]</fullName>
        <middleName />
        <sponsorshipDate>2014-07-24</sponsorshipDate>
        <bioguideId>R000577</bioguideId>
        <district>13</district>
        <state>OH</state>
        <lastName>RYAN</lastName>
      </item>
      <item>
        <firstName>James</firstName>
        <sponsorshipWithdrawnDate />
        <identifiers>
          <bioguideId>R000586</bioguideId>
          <gpoId>8106</gpoId>
          <lisID>2048</lisID>
        </identifiers>
        <party>R</party>
        <isOriginalCosponsor>True</isOriginalCosponsor>
        <fullName>Rep. Renacci, James B. [R-OH-16]</fullName>
        <middleName>B.</middleName>
        <sponsorshipDate>2014-07-24</sponsorshipDate>
        <bioguideId>R000586</bioguideId>
        <district>16</district>
        <state>OH</state>
        <lastName>Renacci</lastName>
      </item>
      <item>
        <firstName>Joe</firstName>
        <sponsorshipWithdrawnDate />
        <identifiers>
          <gpoId />
          <lisID>2120</lisID>
          <bioguideId>G000573</bioguideId>
        </identifiers>
        <party>D</party>
        <isOriginalCosponsor>True</isOriginalCosponsor>
        <fullName>Rep. Garcia, Joe [D-FL-26]</fullName>
        <middleName />
        <sponsorshipDate>2014-07-24</sponsorshipDate>
        <bioguideId>G000573</bioguideId>
        <district>26</district>
        <state>FL</state>
        <lastName>Garcia</lastName>
      </item>
      <item>
        <firstName>Allyson</firstName>
        <sponsorshipWithdrawnDate />
        <identifiers>
          <lisID>1798</lisID>
          <gpoId>8131</gpoId>
          <bioguideId>S001162</bioguideId>
        </identifiers>
        <party>D</party>
        <isOriginalCosponsor>True</isOriginalCosponsor>
        <fullName>Rep. Schwartz, Allyson Y. [D-PA-13]</fullName>
        <middleName>Y.</middleName>
        <sponsorshipDate>2014-07-24</sponsorshipDate>
        <bioguideId>S001162</bioguideId>
        <district>13</district>
        <state>PA</state>
        <lastName>Schwartz</lastName>
      </item>
      <item>
        <firstName>ZOE</firstName>
        <sponsorshipWithdrawnDate />
        <identifiers>
          <lisID>701</lisID>
          <gpoId>7821</gpoId>
          <bioguideId>L000397</bioguideId>
        </identifiers>
        <party>D</party>
        <isOriginalCosponsor>True</isOriginalCosponsor>
        <fullName>Rep. Lofgren, Zoe [D-CA-19]</fullName>
        <middleName />
        <sponsorshipDate>2014-07-24</sponsorshipDate>
        <bioguideId>L000397</bioguideId>
        <district>19</district>
        <state>CA</state>
        <lastName>LOFGREN</lastName>
      </item>
      <item>
        <firstName>SUSAN</firstName>
        <sponsorshipWithdrawnDate />
        <identifiers>
          <lisID>1641</lisID>
          <bioguideId>D000598</bioguideId>
          <gpoId>7858</gpoId>
        </identifiers>
        <party>D</party>
        <isOriginalCosponsor>True</isOriginalCosponsor>
        <fullName>Rep. Davis, Susan A. [D-CA-53]</fullName>
        <middleName>A.</middleName>
        <sponsorshipDate>2014-07-24</sponsorshipDate>
        <bioguideId>D000598</bioguideId>
        <district>53</district>
        <state>CA</state>
        <lastName>DAVIS</lastName>
      </item>
      <item>
        <firstName>Tony</firstName>
        <sponsorshipWithdrawnDate />
        <identifiers>
          <bioguideId>C001097</bioguideId>
          <lisID>2107</lisID>
          <gpoId />
        </identifiers>
        <party>D</party>
        <isOriginalCosponsor>True</isOriginalCosponsor>
        <fullName>Rep. Cardenas, Tony [D-CA-29]</fullName>
        <middleName />
        <sponsorshipDate>2014-07-24</sponsorshipDate>
        <bioguideId>C001097</bioguideId>
        <district>29</district>
        <state>CA</state>
        <lastName>Cardenas</lastName>
      </item>
      <item>
        <firstName>Suzanne</firstName>
        <sponsorshipWithdrawnDate />
        <identifiers>
          <bioguideId>B001278</bioguideId>
          <lisID>2092</lisID>
          <gpoId>8367</gpoId>
        </identifiers>
        <party>D</party>
        <isOriginalCosponsor>True</isOriginalCosponsor>
        <fullName>Rep. Bonamici, Suzanne [D-OR-1]</fullName>
        <middleName />
        <sponsorshipDate>2014-07-24</sponsorshipDate>
        <bioguideId>B001278</bioguideId>
        <district>1</district>
        <state>OR</state>
        <lastName>Bonamici</lastName>
      </item>
      <item>
        <firstName>DAVID</firstName>
        <sponsorshipWithdrawnDate />
        <identifiers>
          <lisID>930</lisID>
          <gpoId>8027</gpoId>
          <bioguideId>P000523</bioguideId>
        </identifiers>
        <party>D</party>
        <isOriginalCosponsor>True</isOriginalCosponsor>
        <fullName>Rep. Price, David E. [D-NC-4]</fullName>
        <middleName>E.</middleName>
        <sponsorshipDate>2014-07-24</sponsorshipDate>
        <bioguideId>P000523</bioguideId>
        <district>4</district>
        <state>NC</state>
        <lastName>PRICE</lastName>
      </item>
      <item>
        <firstName>Henry</firstName>
        <sponsorshipWithdrawnDate />
        <identifiers>
          <lisID>1807</lisID>
          <gpoId>8184</gpoId>
          <bioguideId>C001063</bioguideId>
        </identifiers>
        <party>D</party>
        <isOriginalCosponsor>True</isOriginalCosponsor>
        <fullName>Rep. Cuellar, Henry [D-TX-28]</fullName>
        <middleName />
        <sponsorshipDate>2014-07-24</sponsorshipDate>
        <bioguideId>C001063</bioguideId>
        <district>28</district>
        <state>TX</state>
        <lastName>Cuellar</lastName>
      </item>
      <item>
        <firstName>Jared</firstName>
        <sponsorshipWithdrawnDate />
        <identifiers>
          <lisID>1910</lisID>
          <gpoId>7860</gpoId>
          <bioguideId>P000598</bioguideId>
        </identifiers>
        <party>D</party>
        <isOriginalCosponsor>True</isOriginalCosponsor>
        <fullName>Rep. Polis, Jared [D-CO-2]</fullName>
        <middleName />
        <sponsorshipDate>2014-07-24</sponsorshipDate>
        <bioguideId>P000598</bioguideId>
        <district>2</district>
        <state>CO</state>
        <lastName>Polis</lastName>
      </item>
      <item>
        <firstName>Ron</firstName>
        <sponsorshipWithdrawnDate />
        <identifiers>
          <lisID>2093</lisID>
          <gpoId>8368</gpoId>
          <bioguideId>B001279</bioguideId>
        </identifiers>
        <party>D</party>
        <isOriginalCosponsor>True</isOriginalCosponsor>
        <fullName>Rep. Barber, Ron [D-AZ-2]</fullName>
        <middleName />
        <sponsorshipDate>2014-07-24</sponsorshipDate>
        <bioguideId>B001279</bioguideId>
        <district>2</district>
        <state>AZ</state>
        <lastName>Barber</lastName>
      </item>
      <item>
        <firstName>Patrick</firstName>
        <sponsorshipWithdrawnDate />
        <identifiers>
          <gpoId />
          <lisID>2117</lisID>
          <bioguideId>M001191</bioguideId>
        </identifiers>
        <party>D</party>
        <isOriginalCosponsor>True</isOriginalCosponsor>
        <fullName>Rep. Murphy, Patrick [D-FL-18]</fullName>
        <middleName />
        <sponsorshipDate>2014-07-24</sponsorshipDate>
        <bioguideId>M001191</bioguideId>
        <district>18</district>
        <state>FL</state>
        <lastName>Murphy</lastName>
      </item>
      <item>
        <firstName>Mark</firstName>
        <sponsorshipWithdrawnDate />
        <identifiers>
          <lisID>2110</lisID>
          <gpoId />
          <bioguideId>T000472</bioguideId>
        </identifiers>
        <party>D</party>
        <isOriginalCosponsor>True</isOriginalCosponsor>
        <fullName>Rep. Takano, Mark [D-CA-41]</fullName>
        <middleName />
        <sponsorshipDate>2014-07-24</sponsorshipDate>
        <bioguideId>T000472</bioguideId>
        <district>41</district>
        <state>CA</state>
        <lastName>Takano</lastName>
      </item>
      <item>
        <firstName>CORRINE</firstName>
        <sponsorshipWithdrawnDate />
        <identifiers>
          <lisID>132</lisID>
          <bioguideId>B000911</bioguideId>
          <gpoId>7875</gpoId>
        </identifiers>
        <party>D</party>
        <isOriginalCosponsor>True</isOriginalCosponsor>
        <fullName>Rep. Brown, Corrine [D-FL-5]</fullName>
        <middleName />
        <sponsorshipDate>2014-07-24</sponsorshipDate>
        <bioguideId>B000911</bioguideId>
        <district>5</district>
        <state>FL</state>
        <lastName>BROWN</lastName>
      </item>
      <item>
        <firstName>G. K.</firstName>
        <sponsorshipWithdrawnDate />
        <identifiers>
          <bioguideId>B001251</bioguideId>
          <gpoId>8024</gpoId>
          <lisID>1761</lisID>
        </identifiers>
        <party>D</party>
        <isOriginalCosponsor>True</isOriginalCosponsor>
        <fullName>Rep. Butterfield, G. K. [D-NC-1]</fullName>
        <middleName />
        <sponsorshipDate>2014-07-24</sponsorshipDate>
        <bioguideId>B001251</bioguideId>
        <district>1</district>
        <state>NC</state>
        <lastName>Butterfield</lastName>
      </item>
      <item>
        <firstName>ELEANOR</firstName>
        <sponsorshipWithdrawnDate />
        <identifiers>
          <lisID>868</lisID>
          <gpoId>7871</gpoId>
          <bioguideId>N000147</bioguideId>
        </identifiers>
        <party>D</party>
        <isOriginalCosponsor>True</isOriginalCosponsor>
        <fullName>Rep. Norton, Eleanor Holmes [D-DC-At Large]</fullName>
        <middleName>HOLMES</middleName>
        <sponsorshipDate>2014-07-24</sponsorshipDate>
        <bioguideId>N000147</bioguideId>
        <district>0</district>
        <state>DC</state>
        <lastName>NORTON</lastName>
      </item>
      <item>
        <firstName>GREGORY</firstName>
        <sponsorshipWithdrawnDate />
        <identifiers>
          <lisID>1506</lisID>
          <bioguideId>M001137</bioguideId>
          <gpoId>8067</gpoId>
        </identifiers>
        <party>D</party>
        <isOriginalCosponsor>True</isOriginalCosponsor>
        <fullName>Rep. Meeks, Gregory W. [D-NY-5]</fullName>
        <middleName>W.</middleName>
        <sponsorshipDate>2014-07-24</sponsorshipDate>
        <bioguideId>M001137</bioguideId>
        <district>5</district>
        <state>NY</state>
        <lastName>MEEKS</lastName>
      </item>
      <item>
        <firstName>Cedric</firstName>
        <sponsorshipWithdrawnDate />
        <identifiers>
          <lisID>2023</lisID>
          <gpoId>7960</gpoId>
          <bioguideId>R000588</bioguideId>
        </identifiers>
        <party>D</party>
        <isOriginalCosponsor>True</isOriginalCosponsor>
        <fullName>Rep. Richmond, Cedric L. [D-LA-2]</fullName>
        <middleName>L.</middleName>
        <sponsorshipDate>2014-07-24</sponsorshipDate>
        <bioguideId>R000588</bioguideId>
        <district>2</district>
        <state>LA</state>
        <lastName>Richmond</lastName>
      </item>
      <item>
        <firstName>Terri</firstName>
        <sponsorshipWithdrawnDate />
        <identifiers>
          <lisID>1988</lisID>
          <gpoId>7792</gpoId>
          <bioguideId>S001185</bioguideId>
        </identifiers>
        <party>D</party>
        <isOriginalCosponsor>True</isOriginalCosponsor>
        <fullName>Rep. Sewell, Terri A. [D-AL-7]</fullName>
        <middleName>A.</middleName>
        <sponsorshipDate>2014-07-24</sponsorshipDate>
        <bioguideId>S001185</bioguideId>
        <district>7</district>
        <state>AL</state>
        <lastName>Sewell</lastName>
      </item>
      <item>
        <firstName>WM.</firstName>
        <sponsorshipWithdrawnDate />
        <identifiers>
          <bioguideId>C001049</bioguideId>
          <lisID>1654</lisID>
          <gpoId>8009</gpoId>
        </identifiers>
        <party>D</party>
        <isOriginalCosponsor>True</isOriginalCosponsor>
        <fullName>Rep. Clay, Wm. Lacy [D-MO-1]</fullName>
        <middleName>LACY</middleName>
        <sponsorshipDate>2014-07-24</sponsorshipDate>
        <bioguideId>C001049</bioguideId>
        <district>1</district>
        <state>MO</state>
        <lastName>CLAY</lastName>
      </item>
      <item>
        <firstName>Marcia</firstName>
        <sponsorshipWithdrawnDate />
        <identifiers>
          <gpoId>8101</gpoId>
          <lisID>1895</lisID>
          <bioguideId>F000455</bioguideId>
        </identifiers>
        <party>D</party>
        <isOriginalCosponsor>True</isOriginalCosponsor>
        <fullName>Rep. Fudge, Marcia L. [D-OH-11]</fullName>
        <middleName>L.</middleName>
        <sponsorshipDate>2014-07-24</sponsorshipDate>
        <bioguideId>F000455</bioguideId>
        <district>11</district>
        <state>OH</state>
        <lastName>Fudge</lastName>
      </item>
      <item>
        <firstName>Matt</firstName>
        <sponsorshipWithdrawnDate />
        <identifiers>
          <lisID>2159</lisID>
          <gpoId />
          <bioguideId>C001090</bioguideId>
        </identifiers>
        <party>D</party>
        <isOriginalCosponsor>False</isOriginalCosponsor>
        <fullName>Rep. Cartwright, Matt [D-PA-17]</fullName>
        <middleName />
        <sponsorshipDate>2014-09-10</sponsorshipDate>
        <bioguideId>C001090</bioguideId>
        <district>17</district>
        <state>PA</state>
        <lastName>Cartwright</lastName>
      </item>
    </cosponsors>
  </bill>
  <dublinCore xmlns:dc="http://purl.org/dc/elements/1.1/">
    <dc:format>text/xml</dc:format>
    <dc:language>EN</dc:language>
    <dc:rights>Pursuant to Title 17 Section 105 of the United States Code, this file is not subject to copyright protection and is in the public domain.</dc:rights>
    <dc:contributor>Congressional Research Service, Library of Congress</dc:contributor>
    <dc:description>This file contains bill summaries and statuses for federal legislation. A bill summary describes the most significant provisions of a piece of legislation and details the effects the legislative text may have on current law and federal programs. Bill summaries are authored by the Congressional Research Service (CRS) of the Library of Congress. As stated in Public Law 91-510 (2 USC 166 (d)(6)), one of the duties of CRS is "to prepare summaries and digests of bills and resolutions of a public general nature introduced in the Senate or House of Representatives". For more information, refer to the User Guide that accompanies this file.</dc:description>
  </dublinCore>
</billStatus>

