<?xml version="1.0" encoding="UTF-8"?>
<billStatus>
  <bill>
    <title>Calling on the United States and Russia to continue cooperation in securing safe and loving homes for unparented children.</title>
    <policyArea>
      <name>International Affairs</name>
    </policyArea>
    <constitutionalAuthorityStatementText />
    <recordedVotes />
    <createDate>2013-01-16T07:02:10Z</createDate>
    <summaries>
      <billSummaries>
        <item>
          <actionDate>2013-01-15</actionDate>
          <updateDate>2013-01-15T05:00:00Z</updateDate>
          <name>Introduced in House</name>
          <lastSummaryUpdateDate>2013-01-18T20:12:50Z</lastSummaryUpdateDate>
          <versionCode>00</versionCode>
          <actionDesc>Introduced in House</actionDesc>
          <text><![CDATA[<p>Appeals to the Russian government to allow the adoptions initiated before January 1, 2013, to proceed to conclusion, and invites Russia to continue participation in the bilateral adoption agreement that went into force November 1, 2012. </p> <p>Expresses deep sadness over the deaths in the United States of 19 adopted Russian children and over the other cases of abuse.</p> <p> Celebrates the tens of thousands of U.S. families who have opened their homes and hearts to Russian children. </p> <p>Affirms the extensive work of the Russian Foreign Ministry and the Department of State to create safeguards against future abuse through such bilateral adoption agreement. </p> <p>Urges federal, state, and local governments and adoptive families to accommodate official inquiries into the well-being of adopted Russian children and to comply with all adoption requirements delineated by the bilateral agreement.</p>]]></text>
        </item>
      </billSummaries>
    </summaries>
    <committeeReports />
    <notes />
    <latestAction>
      <links />
      <actionDate>2013-02-25</actionDate>
      <text>Referred to the Subcommittee on Europe, Eurasia, and Emerging Threats.</text>
    </latestAction>
    <sponsors>
      <item>
        <state>NJ</state>
        <fullName>Rep. Smith, Christopher H. [R-NJ-4]</fullName>
        <district>4</district>
        <bioguideId>S000522</bioguideId>
        <middleName>H.</middleName>
        <byRequestType />
        <lastName>SMITH</lastName>
        <party>R</party>
        <firstName>CHRISTOPHER</firstName>
        <identifiers>
          <lisID>1071</lisID>
          <gpoId>8046</gpoId>
          <bioguideId>S000522</bioguideId>
        </identifiers>
      </item>
    </sponsors>
    <billNumber>34</billNumber>
    <titles>
      <item>
        <chamberCode />
        <title>Calling on the United States and Russia to continue cooperation in securing safe and loving homes for unparented children.</title>
        <chamberName />
        <titleType>Official Title as Introduced</titleType>
        <parentTitleType />
      </item>
      <item>
        <chamberCode />
        <title>Calling on the United States and Russia to continue cooperation in securing safe and loving homes for unparented children.</title>
        <chamberName />
        <titleType>Display Title</titleType>
        <parentTitleType />
      </item>
    </titles>
    <billType>HRES</billType>
    <laws />
    <committees>
      <billCommittees>
        <item>
          <subcommittees>
            <item>
              <systemCode>hsfa14</systemCode>
              <name>Europe, Eurasia, and Emerging Threats Subcommittee</name>
              <activities>
                <item>
                  <name>Referred to</name>
                  <date>2013-02-25T17:48:23Z</date>
                </item>
              </activities>
            </item>
          </subcommittees>
          <systemCode>hsfa00</systemCode>
          <activities>
            <item>
              <name>Referred to</name>
              <date>2013-01-15T15:05:10Z</date>
            </item>
          </activities>
          <chamber>House</chamber>
          <name>Foreign Affairs Committee</name>
          <type>Standing</type>
        </item>
      </billCommittees>
    </committees>
    <updateDate>2016-10-25T15:54:21Z</updateDate>
    <relatedBills />
    <subjects>
      <billSubjects>
        <policyArea>
          <name>International Affairs</name>
        </policyArea>
        <legislativeSubjects>
          <item>
            <name>Adoption and foster care</name>
          </item>
          <item>
            <name>Child safety and welfare</name>
          </item>
          <item>
            <name>Domestic violence and child abuse</name>
          </item>
          <item>
            <name>Government information and archives</name>
          </item>
          <item>
            <name>International law and treaties</name>
          </item>
          <item>
            <name>Russia</name>
          </item>
        </legislativeSubjects>
      </billSubjects>
    </subjects>
    <introducedDate>2013-01-15</introducedDate>
    <actions>
      <actionTypeCounts>
        <introducedInTheHouse>1</introducedInTheHouse>
        <billReferrals>1</billReferrals>
        <placeholderTextForH>1</placeholderTextForH>
        <introducedInHouse>1</introducedInHouse>
      </actionTypeCounts>
      <actionByCounts>
        <houseOfRepresentatives>4</houseOfRepresentatives>
      </actionByCounts>
      <item>
        <actionDate>2013-02-25</actionDate>
        <committee>
          <name>Europe, Eurasia, and Emerging Threats Subcommittee</name>
          <systemCode>hsfa14</systemCode>
        </committee>
        <links />
        <sourceSystem>
          <name>House committee actions</name>
          <code>1</code>
        </sourceSystem>
        <text>Referred to the Subcommittee on Europe, Eurasia, and Emerging Threats.</text>
        <type>Committee</type>
      </item>
      <item>
        <text>Referred to the House Committee on Foreign Affairs.</text>
        <sourceSystem>
          <name>House floor actions</name>
          <code>2</code>
        </sourceSystem>
        <committee>
          <name>Foreign Affairs Committee</name>
          <systemCode>hsfa00</systemCode>
        </committee>
        <type>IntroReferral</type>
        <links />
        <actionCode>H11100</actionCode>
        <actionDate>2013-01-15</actionDate>
      </item>
      <item>
        <text>Introduced in House</text>
        <sourceSystem>
          <name>Library of Congress</name>
          <code>9</code>
        </sourceSystem>
        <committee />
        <type>IntroReferral</type>
        <links />
        <actionCode>Intro-H</actionCode>
        <actionDate>2013-01-15</actionDate>
      </item>
      <item>
        <text>Introduced in House</text>
        <sourceSystem>
          <name>Library of Congress</name>
          <code>9</code>
        </sourceSystem>
        <committee />
        <type>IntroReferral</type>
        <links />
        <actionCode>1000</actionCode>
        <actionDate>2013-01-15</actionDate>
      </item>
    </actions>
    <amendments />
    <congress>113</congress>
    <cosponsors>
      <item>
        <identifiers>
          <gpoId>8126</gpoId>
          <lisID>1797</lisID>
          <bioguideId>F000451</bioguideId>
        </identifiers>
        <isOriginalCosponsor>True</isOriginalCosponsor>
        <firstName>Michael</firstName>
        <sponsorshipWithdrawnDate />
        <sponsorshipDate>2013-01-15</sponsorshipDate>
        <party>R</party>
        <district>8</district>
        <fullName>Rep. Fitzpatrick, Michael G. [R-PA-8]</fullName>
        <state>PA</state>
        <bioguideId>F000451</bioguideId>
        <lastName>Fitzpatrick</lastName>
        <middleName>G.</middleName>
      </item>
      <item>
        <identifiers>
          <bioguideId>W000804</bioguideId>
          <gpoId>8192</gpoId>
          <lisID>1886</lisID>
        </identifiers>
        <isOriginalCosponsor>False</isOriginalCosponsor>
        <firstName>Robert</firstName>
        <sponsorshipWithdrawnDate />
        <sponsorshipDate>2014-01-07</sponsorshipDate>
        <party>R</party>
        <district>1</district>
        <fullName>Rep. Wittman, Robert J. [R-VA-1]</fullName>
        <state>VA</state>
        <bioguideId>W000804</bioguideId>
        <lastName>Wittman</lastName>
        <middleName>J.</middleName>
      </item>
    </cosponsors>
    <calendarNumbers />
    <cboCostEstimates />
    <originChamber>House</originChamber>
  </bill>
  <dublinCore xmlns:dc="http://purl.org/dc/elements/1.1/">
    <dc:format>text/xml</dc:format>
    <dc:language>EN</dc:language>
    <dc:rights>Pursuant to Title 17 Section 105 of the United States Code, this file is not subject to copyright protection and is in the public domain.</dc:rights>
    <dc:contributor>Congressional Research Service, Library of Congress</dc:contributor>
    <dc:description>This file contains bill summaries and statuses for federal legislation. A bill summary describes the most significant provisions of a piece of legislation and details the effects the legislative text may have on current law and federal programs. Bill summaries are authored by the Congressional Research Service (CRS) of the Library of Congress. As stated in Public Law 91-510 (2 USC 166 (d)(6)), one of the duties of CRS is "to prepare summaries and digests of bills and resolutions of a public general nature introduced in the Senate or House of Representatives". For more information, refer to the User Guide that accompanies this file.</dc:description>
  </dublinCore>
</billStatus>

