<?xml version="1.0" encoding="UTF-8"?>
<billStatus>
  <bill>
    <committeeReports />
    <originChamber>House</originChamber>
    <titles>
      <item>
        <chamberCode />
        <chamberName />
        <title>Recognizing the National Museum of World War II Aviation in Colorado Springs, Colorado, as America's National World War II Aviation Museum.</title>
        <parentTitleType />
        <titleType>Official Title as Introduced</titleType>
      </item>
      <item>
        <chamberCode />
        <chamberName />
        <title>Recognizing the National Museum of World War II Aviation in Colorado Springs, Colorado, as America's National World War II Aviation Museum.</title>
        <parentTitleType />
        <titleType>Display Title</titleType>
      </item>
    </titles>
    <sponsors>
      <item>
        <state>MO</state>
        <byRequestType />
        <fullName>Rep. Graves, Sam [R-MO-6]</fullName>
        <lastName>GRAVES</lastName>
        <identifiers>
          <lisID>1656</lisID>
          <gpoId>8014</gpoId>
          <bioguideId>G000546</bioguideId>
        </identifiers>
        <middleName />
        <bioguideId>G000546</bioguideId>
        <district>6</district>
        <party>R</party>
        <firstName>SAM</firstName>
      </item>
    </sponsors>
    <billNumber>681</billNumber>
    <recordedVotes />
    <latestAction>
      <links />
      <text>Referred to the House Committee on Armed Services.</text>
      <actionDate>2014-07-23</actionDate>
    </latestAction>
    <laws />
    <title>Recognizing the National Museum of World War II Aviation in Colorado Springs, Colorado, as America's National World War II Aviation Museum.</title>
    <billType>HRES</billType>
    <introducedDate>2014-07-23</introducedDate>
    <updateDate>2016-10-25T15:55:54Z</updateDate>
    <calendarNumbers />
    <amendments />
    <cboCostEstimates />
    <policyArea>
      <name>Armed Forces and National Security</name>
    </policyArea>
    <createDate>2014-07-24T05:02:13Z</createDate>
    <notes />
    <constitutionalAuthorityStatementText />
    <committees>
      <billCommittees>
        <item>
          <subcommittees />
          <activities>
            <item>
              <date>2014-07-23T14:01:30Z</date>
              <name>Referred to</name>
            </item>
          </activities>
          <type>Standing</type>
          <systemCode>hsas00</systemCode>
          <chamber>House</chamber>
          <name>Armed Services Committee</name>
        </item>
      </billCommittees>
    </committees>
    <cosponsors>
      <item>
        <district>5</district>
        <fullName>Rep. Lamborn, Doug [R-CO-5]</fullName>
        <sponsorshipWithdrawnDate />
        <bioguideId>L000564</bioguideId>
        <identifiers>
          <bioguideId>L000564</bioguideId>
          <lisID>1834</lisID>
          <gpoId>7863</gpoId>
        </identifiers>
        <party>R</party>
        <lastName>Lamborn</lastName>
        <firstName>Doug</firstName>
        <state>CO</state>
        <isOriginalCosponsor>True</isOriginalCosponsor>
        <sponsorshipDate>2014-07-23</sponsorshipDate>
        <middleName />
      </item>
    </cosponsors>
    <congress>113</congress>
    <relatedBills />
    <summaries>
      <billSummaries>
        <item>
          <versionCode>00</versionCode>
          <actionDate>2014-07-23</actionDate>
          <text><![CDATA[<p>Recognizes the National Museum of World War II Aviation in Colorado Springs, Colorado, as America's National World War II Aviation Museum.</p>]]></text>
          <name>Introduced in House</name>
          <lastSummaryUpdateDate>2014-07-24T16:40:18Z</lastSummaryUpdateDate>
          <updateDate>2014-07-23T04:00:00Z</updateDate>
          <actionDesc>Introduced in House</actionDesc>
        </item>
      </billSummaries>
    </summaries>
    <actions>
      <actionTypeCounts>
        <introducedInTheHouse>1</introducedInTheHouse>
        <billReferrals>1</billReferrals>
        <introducedInHouse>1</introducedInHouse>
      </actionTypeCounts>
      <actionByCounts>
        <houseOfRepresentatives>3</houseOfRepresentatives>
      </actionByCounts>
      <item>
        <links />
        <committee>
          <systemCode>hsas00</systemCode>
          <name>Armed Services Committee</name>
        </committee>
        <actionCode>H11100</actionCode>
        <actionDate>2014-07-23</actionDate>
        <text>Referred to the House Committee on Armed Services.</text>
        <type>IntroReferral</type>
        <sourceSystem>
          <name>House floor actions</name>
          <code>2</code>
        </sourceSystem>
      </item>
      <item>
        <links />
        <committee />
        <actionCode>Intro-H</actionCode>
        <actionDate>2014-07-23</actionDate>
        <text>Introduced in House</text>
        <type>IntroReferral</type>
        <sourceSystem>
          <name>Library of Congress</name>
          <code>9</code>
        </sourceSystem>
      </item>
      <item>
        <links />
        <committee />
        <actionCode>1000</actionCode>
        <actionDate>2014-07-23</actionDate>
        <text>Introduced in House</text>
        <type>IntroReferral</type>
        <sourceSystem>
          <name>Library of Congress</name>
          <code>9</code>
        </sourceSystem>
      </item>
    </actions>
    <subjects>
      <billSubjects>
        <legislativeSubjects>
          <item>
            <name>Aviation and airports</name>
          </item>
          <item>
            <name>Colorado</name>
          </item>
          <item>
            <name>Conflicts and wars</name>
          </item>
          <item>
            <name>Military history</name>
          </item>
          <item>
            <name>Museums, exhibitions, cultural centers</name>
          </item>
        </legislativeSubjects>
        <policyArea>
          <name>Armed Forces and National Security</name>
        </policyArea>
      </billSubjects>
    </subjects>
  </bill>
  <dublinCore xmlns:dc="http://purl.org/dc/elements/1.1/">
    <dc:format>text/xml</dc:format>
    <dc:language>EN</dc:language>
    <dc:rights>Pursuant to Title 17 Section 105 of the United States Code, this file is not subject to copyright protection and is in the public domain.</dc:rights>
    <dc:contributor>Congressional Research Service, Library of Congress</dc:contributor>
    <dc:description>This file contains bill summaries and statuses for federal legislation. A bill summary describes the most significant provisions of a piece of legislation and details the effects the legislative text may have on current law and federal programs. Bill summaries are authored by the Congressional Research Service (CRS) of the Library of Congress. As stated in Public Law 91-510 (2 USC 166 (d)(6)), one of the duties of CRS is "to prepare summaries and digests of bills and resolutions of a public general nature introduced in the Senate or House of Representatives". For more information, refer to the User Guide that accompanies this file.</dc:description>
  </dublinCore>
</billStatus>

