<?xml version="1.0" encoding="UTF-8"?>
<billStatus>
  <bill>
    <billType>HRES</billType>
    <laws />
    <recordedVotes />
    <actions>
      <actionTypeCounts>
        <introducedInHouse>1</introducedInHouse>
        <billReferrals>1</billReferrals>
        <introducedInTheHouse>1</introducedInTheHouse>
      </actionTypeCounts>
      <item>
        <text>Referred to the House Committee on Energy and Commerce.</text>
        <links />
        <actionCode>H11100</actionCode>
        <type>IntroReferral</type>
        <committee>
          <systemCode>hsif00</systemCode>
          <name>Energy and Commerce Committee</name>
        </committee>
        <actionDate>2013-02-04</actionDate>
        <sourceSystem>
          <name>House floor actions</name>
          <code>2</code>
        </sourceSystem>
      </item>
      <item>
        <text>Introduced in House</text>
        <links />
        <actionCode>Intro-H</actionCode>
        <type>IntroReferral</type>
        <committee />
        <actionDate>2013-02-04</actionDate>
        <sourceSystem>
          <name>Library of Congress</name>
          <code>9</code>
        </sourceSystem>
      </item>
      <item>
        <text>Introduced in House</text>
        <links />
        <actionCode>1000</actionCode>
        <type>IntroReferral</type>
        <committee />
        <actionDate>2013-02-04</actionDate>
        <sourceSystem>
          <name>Library of Congress</name>
          <code>9</code>
        </sourceSystem>
      </item>
      <actionByCounts>
        <houseOfRepresentatives>3</houseOfRepresentatives>
      </actionByCounts>
    </actions>
    <billNumber>50</billNumber>
    <policyArea>
      <name>Health</name>
    </policyArea>
    <notes />
    <latestAction>
      <actionDate>2013-02-04</actionDate>
      <links />
      <text>Referred to the House Committee on Energy and Commerce.</text>
    </latestAction>
    <relatedBills>
      <item>
        <congress>113</congress>
        <type>HRES</type>
        <relationshipDetails>
          <item>
            <identifiedBy>CRS</identifiedBy>
            <type>Identical bill</type>
          </item>
        </relationshipDetails>
        <number>473</number>
        <latestAction>
          <actionDate>2014-02-07</actionDate>
          <text>Referred to the Subcommittee on Health.</text>
        </latestAction>
        <latestTitle>Expressing support for designation of February 4, 2014, as National Cancer Prevention Day.</latestTitle>
      </item>
    </relatedBills>
    <committees>
      <billCommittees>
        <item>
          <subcommittees />
          <chamber>House</chamber>
          <systemCode>hsif00</systemCode>
          <activities>
            <item>
              <date>2013-02-04T19:01:00Z</date>
              <name>Referred to</name>
            </item>
          </activities>
          <type>Standing</type>
          <name>Energy and Commerce Committee</name>
        </item>
      </billCommittees>
    </committees>
    <cosponsors>
      <item>
        <firstName>Madeleine</firstName>
        <sponsorshipWithdrawnDate />
        <identifiers>
          <bioguideId>B001245</bioguideId>
          <gpoId>7911</gpoId>
          <lisID>1723</lisID>
        </identifiers>
        <party>D</party>
        <isOriginalCosponsor>True</isOriginalCosponsor>
        <fullName>Rep. Bordallo, Madeleine Z. [D-GU-At Large]</fullName>
        <middleName>Z.</middleName>
        <sponsorshipDate>2013-02-04</sponsorshipDate>
        <bioguideId>B001245</bioguideId>
        <district>0</district>
        <state>GU</state>
        <lastName>Bordallo</lastName>
      </item>
      <item>
        <firstName>John</firstName>
        <sponsorshipWithdrawnDate />
        <identifiers>
          <gpoId>8187</gpoId>
          <lisID>1752</lisID>
          <bioguideId>C001051</bioguideId>
        </identifiers>
        <party>R</party>
        <isOriginalCosponsor>True</isOriginalCosponsor>
        <fullName>Rep. Carter, John R. [R-TX-31]</fullName>
        <middleName>R.</middleName>
        <sponsorshipDate>2013-02-04</sponsorshipDate>
        <bioguideId>C001051</bioguideId>
        <district>31</district>
        <state>TX</state>
        <lastName>Carter</lastName>
      </item>
      <item>
        <firstName>David</firstName>
        <sponsorshipWithdrawnDate />
        <identifiers>
          <lisID>2055</lisID>
          <gpoId>8139</gpoId>
          <bioguideId>C001084</bioguideId>
        </identifiers>
        <party>D</party>
        <isOriginalCosponsor>True</isOriginalCosponsor>
        <fullName>Rep. Cicilline, David N. [D-RI-1]</fullName>
        <middleName>N.</middleName>
        <sponsorshipDate>2013-02-04</sponsorshipDate>
        <bioguideId>C001084</bioguideId>
        <district>1</district>
        <state>RI</state>
        <lastName>Cicilline</lastName>
      </item>
      <item>
        <firstName>Gerald</firstName>
        <sponsorshipWithdrawnDate />
        <identifiers>
          <bioguideId>C001078</bioguideId>
          <lisID>1959</lisID>
          <gpoId>8202</gpoId>
        </identifiers>
        <party>D</party>
        <isOriginalCosponsor>True</isOriginalCosponsor>
        <fullName>Rep. Connolly, Gerald E. [D-VA-11]</fullName>
        <middleName>E.</middleName>
        <sponsorshipDate>2013-02-04</sponsorshipDate>
        <bioguideId>C001078</bioguideId>
        <district>11</district>
        <state>VA</state>
        <lastName>Connolly</lastName>
      </item>
      <item>
        <firstName>JAMES</firstName>
        <sponsorshipWithdrawnDate />
        <identifiers>
          <lisID>231</lisID>
          <gpoId>8152</gpoId>
          <bioguideId>C000754</bioguideId>
        </identifiers>
        <party>D</party>
        <isOriginalCosponsor>True</isOriginalCosponsor>
        <fullName>Rep. Cooper, Jim [D-TN-5]</fullName>
        <middleName>H.</middleName>
        <sponsorshipDate>2013-02-04</sponsorshipDate>
        <bioguideId>C000754</bioguideId>
        <district>5</district>
        <state>TN</state>
        <lastName>COOPER</lastName>
      </item>
      <item>
        <firstName>Jim</firstName>
        <sponsorshipWithdrawnDate />
        <identifiers>
          <bioguideId>C001059</bioguideId>
          <lisID>1774</lisID>
          <gpoId>7825</gpoId>
        </identifiers>
        <party>D</party>
        <isOriginalCosponsor>True</isOriginalCosponsor>
        <fullName>Rep. Costa, Jim [D-CA-16]</fullName>
        <middleName />
        <sponsorshipDate>2013-02-04</sponsorshipDate>
        <bioguideId>C001059</bioguideId>
        <district>16</district>
        <state>CA</state>
        <lastName>Costa</lastName>
      </item>
      <item>
        <firstName>Michael</firstName>
        <sponsorshipWithdrawnDate />
        <identifiers>
          <lisID>1797</lisID>
          <gpoId>8126</gpoId>
          <bioguideId>F000451</bioguideId>
        </identifiers>
        <party>R</party>
        <isOriginalCosponsor>True</isOriginalCosponsor>
        <fullName>Rep. Fitzpatrick, Michael G. [R-PA-8]</fullName>
        <middleName>G.</middleName>
        <sponsorshipDate>2013-02-04</sponsorshipDate>
        <bioguideId>F000451</bioguideId>
        <district>8</district>
        <state>PA</state>
        <lastName>Fitzpatrick</lastName>
      </item>
      <item>
        <firstName>Raul</firstName>
        <sponsorshipWithdrawnDate />
        <identifiers>
          <lisID>1708</lisID>
          <gpoId>7804</gpoId>
          <bioguideId>G000551</bioguideId>
        </identifiers>
        <party>D</party>
        <isOriginalCosponsor>True</isOriginalCosponsor>
        <fullName>Rep. Grijalva, Raul M. [D-AZ-3]</fullName>
        <middleName>M.</middleName>
        <sponsorshipDate>2013-02-04</sponsorshipDate>
        <bioguideId>G000551</bioguideId>
        <district>3</district>
        <state>AZ</state>
        <lastName>Grijalva</lastName>
      </item>
      <item>
        <firstName>Brian</firstName>
        <sponsorshipWithdrawnDate />
        <identifiers>
          <lisID>1794</lisID>
          <gpoId>8088</gpoId>
          <bioguideId>H001038</bioguideId>
        </identifiers>
        <party>D</party>
        <isOriginalCosponsor>True</isOriginalCosponsor>
        <fullName>Rep. Higgins, Brian [D-NY-26]</fullName>
        <middleName />
        <sponsorshipDate>2013-02-04</sponsorshipDate>
        <bioguideId>H001038</bioguideId>
        <district>26</district>
        <state>NY</state>
        <lastName>Higgins</lastName>
      </item>
      <item>
        <firstName>BARBARA</firstName>
        <sponsorshipWithdrawnDate />
        <identifiers>
          <bioguideId>L000551</bioguideId>
          <lisID>1501</lisID>
          <gpoId>7814</gpoId>
        </identifiers>
        <party>D</party>
        <isOriginalCosponsor>True</isOriginalCosponsor>
        <fullName>Rep. Lee, Barbara [D-CA-13]</fullName>
        <middleName />
        <sponsorshipDate>2013-02-04</sponsorshipDate>
        <bioguideId>L000551</bioguideId>
        <district>13</district>
        <state>CA</state>
        <lastName>LEE</lastName>
      </item>
      <item>
        <firstName>SANDER</firstName>
        <sponsorshipWithdrawnDate />
        <identifiers>
          <lisID>683</lisID>
          <gpoId>7997</gpoId>
          <bioguideId>L000263</bioguideId>
        </identifiers>
        <party>D</party>
        <isOriginalCosponsor>True</isOriginalCosponsor>
        <fullName>Rep. Levin, Sander M. [D-MI-9]</fullName>
        <middleName>M.</middleName>
        <sponsorshipDate>2013-02-04</sponsorshipDate>
        <bioguideId>L000263</bioguideId>
        <district>9</district>
        <state>MI</state>
        <lastName>LEVIN</lastName>
      </item>
      <item>
        <firstName>BETTY</firstName>
        <sponsorshipWithdrawnDate />
        <identifiers>
          <gpoId>8004</gpoId>
          <lisID>1653</lisID>
          <bioguideId>M001143</bioguideId>
        </identifiers>
        <party>D</party>
        <isOriginalCosponsor>True</isOriginalCosponsor>
        <fullName>Rep. McCollum, Betty [D-MN-4]</fullName>
        <middleName />
        <sponsorshipDate>2013-02-04</sponsorshipDate>
        <bioguideId>M001143</bioguideId>
        <district>4</district>
        <state>MN</state>
        <lastName>MCCOLLUM</lastName>
      </item>
      <item>
        <firstName>Jared</firstName>
        <sponsorshipWithdrawnDate />
        <identifiers>
          <bioguideId>P000598</bioguideId>
          <lisID>1910</lisID>
          <gpoId>7860</gpoId>
        </identifiers>
        <party>D</party>
        <isOriginalCosponsor>True</isOriginalCosponsor>
        <fullName>Rep. Polis, Jared [D-CO-2]</fullName>
        <middleName />
        <sponsorshipDate>2013-02-04</sponsorshipDate>
        <bioguideId>P000598</bioguideId>
        <district>2</district>
        <state>CO</state>
        <lastName>Polis</lastName>
      </item>
      <item>
        <firstName>CHARLES</firstName>
        <sponsorshipWithdrawnDate />
        <identifiers>
          <bioguideId>R000053</bioguideId>
          <lisID>944</lisID>
          <gpoId>8076</gpoId>
        </identifiers>
        <party>D</party>
        <isOriginalCosponsor>True</isOriginalCosponsor>
        <fullName>Rep. Rangel, Charles B. [D-NY-13]</fullName>
        <middleName>B.</middleName>
        <sponsorshipDate>2013-02-04</sponsorshipDate>
        <bioguideId>R000053</bioguideId>
        <district>13</district>
        <state>NY</state>
        <lastName>RANGEL</lastName>
      </item>
      <item>
        <firstName>Tom</firstName>
        <sponsorshipWithdrawnDate />
        <identifiers>
          <bioguideId>R000585</bioguideId>
          <gpoId>8090</gpoId>
          <lisID>1982</lisID>
        </identifiers>
        <party>R</party>
        <isOriginalCosponsor>True</isOriginalCosponsor>
        <fullName>Rep. Reed, Tom [R-NY-23]</fullName>
        <middleName />
        <sponsorshipDate>2013-02-04</sponsorshipDate>
        <bioguideId>R000585</bioguideId>
        <district>23</district>
        <state>NY</state>
        <lastName>Reed</lastName>
      </item>
      <item>
        <firstName>LINDA</firstName>
        <sponsorshipWithdrawnDate />
        <identifiers>
          <bioguideId>S001156</bioguideId>
          <lisID>1757</lisID>
          <gpoId>7844</gpoId>
        </identifiers>
        <party>D</party>
        <isOriginalCosponsor>True</isOriginalCosponsor>
        <fullName>Rep. Sanchez, Linda T. [D-CA-38]</fullName>
        <middleName>T.</middleName>
        <sponsorshipDate>2013-02-04</sponsorshipDate>
        <bioguideId>S001156</bioguideId>
        <district>38</district>
        <state>CA</state>
        <lastName>SANCHEZ</lastName>
      </item>
      <item>
        <firstName>LOUISE</firstName>
        <sponsorshipWithdrawnDate />
        <identifiers>
          <lisID>1069</lisID>
          <gpoId>8089</gpoId>
          <bioguideId>S000480</bioguideId>
        </identifiers>
        <party>D</party>
        <isOriginalCosponsor>True</isOriginalCosponsor>
        <fullName>Rep. Slaughter, Louise McIntosh [D-NY-25]</fullName>
        <middleName>M.</middleName>
        <sponsorshipDate>2013-02-04</sponsorshipDate>
        <bioguideId>S000480</bioguideId>
        <district>25</district>
        <state>NY</state>
        <lastName>SLAUGHTER</lastName>
      </item>
      <item>
        <firstName>Jackie</firstName>
        <sponsorshipWithdrawnDate />
        <identifiers>
          <bioguideId>S001175</bioguideId>
          <lisID>1890</lisID>
          <gpoId>7817</gpoId>
        </identifiers>
        <party>D</party>
        <isOriginalCosponsor>True</isOriginalCosponsor>
        <fullName>Rep. Speier, Jackie [D-CA-14]</fullName>
        <middleName />
        <sponsorshipDate>2013-02-04</sponsorshipDate>
        <bioguideId>S001175</bioguideId>
        <district>14</district>
        <state>CA</state>
        <lastName>Speier</lastName>
      </item>
      <item>
        <firstName>JAMES</firstName>
        <sponsorshipWithdrawnDate />
        <identifiers>
          <lisID>1504</lisID>
          <gpoId>7968</gpoId>
          <bioguideId>M000312</bioguideId>
        </identifiers>
        <party>D</party>
        <isOriginalCosponsor>False</isOriginalCosponsor>
        <fullName>Rep. McGovern, James P. [D-MA-2]</fullName>
        <middleName>P.</middleName>
        <sponsorshipDate>2013-02-05</sponsorshipDate>
        <bioguideId>M000312</bioguideId>
        <district>2</district>
        <state>MA</state>
        <lastName>MCGOVERN</lastName>
      </item>
      <item>
        <firstName>Matt</firstName>
        <sponsorshipWithdrawnDate />
        <identifiers>
          <lisID>2159</lisID>
          <gpoId />
          <bioguideId>C001090</bioguideId>
        </identifiers>
        <party>D</party>
        <isOriginalCosponsor>False</isOriginalCosponsor>
        <fullName>Rep. Cartwright, Matt [D-PA-17]</fullName>
        <middleName />
        <sponsorshipDate>2013-02-08</sponsorshipDate>
        <bioguideId>C001090</bioguideId>
        <district>17</district>
        <state>PA</state>
        <lastName>Cartwright</lastName>
      </item>
    </cosponsors>
    <createDate>2013-02-05T07:00:55Z</createDate>
    <sponsors>
      <item>
        <fullName>Rep. Israel, Steve [D-NY-3]</fullName>
        <firstName>STEVE</firstName>
        <lastName>ISRAEL</lastName>
        <state>NY</state>
        <party>D</party>
        <district>3</district>
        <bioguideId>I000057</bioguideId>
        <identifiers>
          <lisID>1663</lisID>
          <bioguideId>I000057</bioguideId>
          <gpoId>8063</gpoId>
        </identifiers>
        <middleName />
        <byRequestType />
      </item>
    </sponsors>
    <committeeReports />
    <updateDate>2016-10-25T15:54:23Z</updateDate>
    <introducedDate>2013-02-04</introducedDate>
    <summaries>
      <billSummaries>
        <item>
          <lastSummaryUpdateDate>2013-02-08T20:26:06Z</lastSummaryUpdateDate>
          <actionDate>2013-02-04</actionDate>
          <actionDesc>Introduced in House</actionDesc>
          <updateDate>2013-02-04T05:00:00Z</updateDate>
          <text><![CDATA[<p>Expresses support for the designation of National Cancer Prevention Day.</p>]]></text>
          <name>Introduced in House</name>
          <versionCode>00</versionCode>
        </item>
      </billSummaries>
    </summaries>
    <title>Expressing support for designation of February 4, 2013, as National Cancer Prevention Day.</title>
    <cboCostEstimates />
    <subjects>
      <billSubjects>
        <legislativeSubjects>
          <item>
            <name>Cancer</name>
          </item>
          <item>
            <name>Commemorative events and holidays</name>
          </item>
          <item>
            <name>Health promotion and preventive care</name>
          </item>
        </legislativeSubjects>
        <policyArea>
          <name>Health</name>
        </policyArea>
      </billSubjects>
    </subjects>
    <amendments />
    <calendarNumbers />
    <congress>113</congress>
    <constitutionalAuthorityStatementText />
    <titles>
      <item>
        <title>Expressing support for designation of February 4, 2013, as National Cancer Prevention Day.</title>
        <titleType>Official Title as Introduced</titleType>
        <chamberCode />
        <chamberName />
        <parentTitleType />
      </item>
      <item>
        <title>Expressing support for designation of February 4, 2013, as National Cancer Prevention Day.</title>
        <titleType>Display Title</titleType>
        <chamberCode />
        <chamberName />
        <parentTitleType />
      </item>
    </titles>
    <originChamber>House</originChamber>
  </bill>
  <dublinCore xmlns:dc="http://purl.org/dc/elements/1.1/">
    <dc:format>text/xml</dc:format>
    <dc:language>EN</dc:language>
    <dc:rights>Pursuant to Title 17 Section 105 of the United States Code, this file is not subject to copyright protection and is in the public domain.</dc:rights>
    <dc:contributor>Congressional Research Service, Library of Congress</dc:contributor>
    <dc:description>This file contains bill summaries and statuses for federal legislation. A bill summary describes the most significant provisions of a piece of legislation and details the effects the legislative text may have on current law and federal programs. Bill summaries are authored by the Congressional Research Service (CRS) of the Library of Congress. As stated in Public Law 91-510 (2 USC 166 (d)(6)), one of the duties of CRS is "to prepare summaries and digests of bills and resolutions of a public general nature introduced in the Senate or House of Representatives". For more information, refer to the User Guide that accompanies this file.</dc:description>
  </dublinCore>
</billStatus>

