<?xml version="1.0" encoding="UTF-8"?>
<billStatus>
  <bill>
    <policyArea>
      <name>International Affairs</name>
    </policyArea>
    <constitutionalAuthorityStatementText />
    <sponsors>
      <item>
        <identifiers>
          <lisID>1996</lisID>
          <gpoId>7838</gpoId>
          <bioguideId>B001270</bioguideId>
        </identifiers>
        <district>37</district>
        <byRequestType />
        <fullName>Rep. Bass, Karen [D-CA-37]</fullName>
        <firstName>Karen</firstName>
        <state>CA</state>
        <bioguideId>B001270</bioguideId>
        <middleName />
        <party>D</party>
        <lastName>Bass</lastName>
      </item>
    </sponsors>
    <committeeReports />
    <titles>
      <item>
        <chamberCode />
        <title>Congratulating the people of Kenya on their commitment to peaceful elections, as demonstrated on March 4, 2013, and calling on Kenyans to come together to continue to implement political, institutional, and accountability reforms envisioned in the Kenyan constitution.</title>
        <chamberName />
        <titleType>Official Title as Introduced</titleType>
        <parentTitleType />
      </item>
      <item>
        <chamberCode />
        <title>Congratulating the people of Kenya on their commitment to peaceful elections, as demonstrated on March 4, 2013, and calling on Kenyans to come together to continue to implement political, institutional, and accountability reforms envisioned in the Kenyan constitution.</title>
        <chamberName />
        <titleType>Display Title</titleType>
        <parentTitleType />
      </item>
    </titles>
    <laws />
    <createDate>2013-04-27T07:02:05Z</createDate>
    <recordedVotes />
    <billNumber>186</billNumber>
    <originChamber>House</originChamber>
    <committees>
      <billCommittees>
        <item>
          <subcommittees>
            <item>
              <systemCode>hsfa16</systemCode>
              <name>Africa, Global Health, Global Human Rights and International Organizations Subcommittee</name>
              <activities>
                <item>
                  <name>Referred to</name>
                  <date>2013-05-06T18:32:21Z</date>
                </item>
              </activities>
            </item>
          </subcommittees>
          <systemCode>hsfa00</systemCode>
          <activities>
            <item>
              <name>Referred to</name>
              <date>2013-04-26T14:06:00Z</date>
            </item>
          </activities>
          <chamber>House</chamber>
          <name>Foreign Affairs Committee</name>
          <type>Standing</type>
        </item>
      </billCommittees>
    </committees>
    <relatedBills>
      <item>
        <congress>113</congress>
        <type>SRES</type>
        <relationshipDetails>
          <item>
            <identifiedBy>CRS</identifiedBy>
            <type>Related bill</type>
          </item>
        </relationshipDetails>
        <number>90</number>
        <latestAction>
          <actionDate>2013-04-22</actionDate>
          <text>Resolution agreed to in Senate with an amendment and an amendment to the Title and an amended preamble by Unanimous Consent. (consideration: CR S2853-2854; text of measure as reported in Senate: CR S2853-2854; text as passed Senate: CR S2854)</text>
        </latestAction>
        <latestTitle>A resolution congratulating the people of Kenya on their commitment to peaceful elections, as demonstrated on March 4, 2013, and calling on Kenyans to come together to continue to implement political, institutional, and accountability reforms envisioned in the Kenyan constitution.</latestTitle>
      </item>
    </relatedBills>
    <updateDate>2016-10-25T15:54:43Z</updateDate>
    <summaries>
      <billSummaries>
        <item>
          <lastSummaryUpdateDate>2013-05-22T14:30:38Z</lastSummaryUpdateDate>
          <actionDate>2013-04-26</actionDate>
          <actionDesc>Introduced in House</actionDesc>
          <updateDate>2013-04-26T04:00:00Z</updateDate>
          <text><![CDATA[<p>Congratulates the people of Kenya on their commitment to peaceful elections, as demonstrated on March 4, 2013.</p> <p>Calls on the people of Kenya to continue to reject intimidation and violence, and encourages the peaceful and credible resolution of electoral disputes in the courts.</p> <p>Urges: (1) restraint on all sides, while recognizing the right of the people of Kenya to peacefully exercise their constitutional rights to freedom of expression, assembly, and demonstration; and (2) accountability for anyone found to be complicit in promoting violence or manipulating electoral processes or results.</p> <p>Affirms that accountability for the 2007-2008 post-election violence is a critical element to ensure Kenya's democracy and long-term stability. </p> <p>Calls on the government of Kenya to seek justice for the victims of political violence, including by honoring its obligations to cooperate with the International Criminal Court. </p> <p> Encourages the people and government of Kenya to support implementation of constitutional reforms, rule of law, and efforts to strengthen governing, security, and judicial institutions.</p> <p>Reaffirms that the people of the United States will stand with the people of Kenya in support of democracy, partnership, and peace.</p>]]></text>
          <name>Introduced in House</name>
          <versionCode>00</versionCode>
        </item>
      </billSummaries>
    </summaries>
    <congress>113</congress>
    <title>Congratulating the people of Kenya on their commitment to peaceful elections, as demonstrated on March 4, 2013, and calling on Kenyans to come together to continue to implement political, institutional, and accountability reforms envisioned in the Kenyan constitution.</title>
    <calendarNumbers />
    <actions>
      <actionByCounts>
        <houseOfRepresentatives>4</houseOfRepresentatives>
      </actionByCounts>
      <item>
        <actionDate>2013-05-06</actionDate>
        <committee>
          <name>Africa, Global Health, Global Human Rights and International Organizations Subcommittee</name>
          <systemCode>hsfa16</systemCode>
        </committee>
        <links />
        <sourceSystem>
          <name>House committee actions</name>
          <code>1</code>
        </sourceSystem>
        <text>Referred to the Subcommittee on Africa, Global Health, Global Human Rights and International Organizations.</text>
        <type>Committee</type>
      </item>
      <item>
        <actionDate>2013-04-26</actionDate>
        <actionCode>H11100</actionCode>
        <sourceSystem>
          <name>House floor actions</name>
          <code>2</code>
        </sourceSystem>
        <links />
        <committee>
          <name>Foreign Affairs Committee</name>
          <systemCode>hsfa00</systemCode>
        </committee>
        <text>Referred to the House Committee on Foreign Affairs.</text>
        <type>IntroReferral</type>
      </item>
      <item>
        <actionDate>2013-04-26</actionDate>
        <actionCode>Intro-H</actionCode>
        <sourceSystem>
          <name>Library of Congress</name>
          <code>9</code>
        </sourceSystem>
        <links />
        <committee />
        <text>Introduced in House</text>
        <type>IntroReferral</type>
      </item>
      <item>
        <actionDate>2013-04-26</actionDate>
        <actionCode>1000</actionCode>
        <sourceSystem>
          <name>Library of Congress</name>
          <code>9</code>
        </sourceSystem>
        <links />
        <committee />
        <text>Introduced in House</text>
        <type>IntroReferral</type>
      </item>
      <actionTypeCounts>
        <introducedInHouse>1</introducedInHouse>
        <placeholderTextForH>1</placeholderTextForH>
        <billReferrals>1</billReferrals>
        <introducedInTheHouse>1</introducedInTheHouse>
      </actionTypeCounts>
    </actions>
    <amendments />
    <cboCostEstimates />
    <introducedDate>2013-04-26</introducedDate>
    <latestAction>
      <text>Referred to the Subcommittee on Africa, Global Health, Global Human Rights and International Organizations.</text>
      <actionDate>2013-05-06</actionDate>
      <links />
    </latestAction>
    <subjects>
      <billSubjects>
        <legislativeSubjects>
          <item>
            <name>Africa</name>
          </item>
          <item>
            <name>Congressional tributes</name>
          </item>
          <item>
            <name>Crime victims</name>
          </item>
          <item>
            <name>Diplomacy, foreign officials, Americans abroad</name>
          </item>
          <item>
            <name>Human rights</name>
          </item>
          <item>
            <name>Judges</name>
          </item>
          <item>
            <name>Judicial procedure and administration</name>
          </item>
          <item>
            <name>Kenya</name>
          </item>
          <item>
            <name>Protest and dissent</name>
          </item>
          <item>
            <name>Racial and ethnic relations</name>
          </item>
          <item>
            <name>Rule of law and government transparency</name>
          </item>
          <item>
            <name>Sovereignty, recognition, national governance and status</name>
          </item>
        </legislativeSubjects>
        <policyArea>
          <name>International Affairs</name>
        </policyArea>
      </billSubjects>
    </subjects>
    <cosponsors />
    <notes />
    <billType>HRES</billType>
  </bill>
  <dublinCore xmlns:dc="http://purl.org/dc/elements/1.1/">
    <dc:format>text/xml</dc:format>
    <dc:language>EN</dc:language>
    <dc:rights>Pursuant to Title 17 Section 105 of the United States Code, this file is not subject to copyright protection and is in the public domain.</dc:rights>
    <dc:contributor>Congressional Research Service, Library of Congress</dc:contributor>
    <dc:description>This file contains bill summaries and statuses for federal legislation. A bill summary describes the most significant provisions of a piece of legislation and details the effects the legislative text may have on current law and federal programs. Bill summaries are authored by the Congressional Research Service (CRS) of the Library of Congress. As stated in Public Law 91-510 (2 USC 166 (d)(6)), one of the duties of CRS is "to prepare summaries and digests of bills and resolutions of a public general nature introduced in the Senate or House of Representatives". For more information, refer to the User Guide that accompanies this file.</dc:description>
  </dublinCore>
</billStatus>

