<?xml version="1.0" encoding="UTF-8"?>
<billStatus>
  <bill>
    <title>Supporting the Constitutional authority of the Governors of the States of Texas, New Mexico, Arizona, and California to take action to secure the international border of the United States within their States.</title>
    <updateDate>2016-10-25T15:55:53Z</updateDate>
    <relatedBills />
    <introducedDate>2014-07-17</introducedDate>
    <originChamber>House</originChamber>
    <cboCostEstimates />
    <policyArea>
      <name>Armed Forces and National Security</name>
    </policyArea>
    <congress>113</congress>
    <billNumber>675</billNumber>
    <billType>HRES</billType>
    <amendments />
    <recordedVotes />
    <committees>
      <billCommittees>
        <item>
          <subcommittees />
          <activities>
            <item>
              <date>2014-07-17T13:03:15Z</date>
              <name>Referred to</name>
            </item>
          </activities>
          <type>Standing</type>
          <systemCode>hsas00</systemCode>
          <chamber>House</chamber>
          <name>Armed Services Committee</name>
        </item>
      </billCommittees>
    </committees>
    <laws />
    <subjects>
      <billSubjects>
        <legislativeSubjects>
          <item>
            <name>Appropriations</name>
          </item>
          <item>
            <name>Arizona</name>
          </item>
          <item>
            <name>Border security and unlawful immigration</name>
          </item>
          <item>
            <name>California</name>
          </item>
          <item>
            <name>Constitution and constitutional amendments</name>
          </item>
          <item>
            <name>Defense spending</name>
          </item>
          <item>
            <name>Intergovernmental relations</name>
          </item>
          <item>
            <name>Latin America</name>
          </item>
          <item>
            <name>Mexico</name>
          </item>
          <item>
            <name>Military civil functions</name>
          </item>
          <item>
            <name>National Guard and reserves</name>
          </item>
          <item>
            <name>New Mexico</name>
          </item>
          <item>
            <name>State and local government operations</name>
          </item>
          <item>
            <name>Texas</name>
          </item>
        </legislativeSubjects>
        <policyArea>
          <name>Armed Forces and National Security</name>
        </policyArea>
      </billSubjects>
    </subjects>
    <notes />
    <committeeReports />
    <actions>
      <actionTypeCounts>
        <billReferrals>1</billReferrals>
        <introducedInTheHouse>1</introducedInTheHouse>
        <introducedInHouse>1</introducedInHouse>
      </actionTypeCounts>
      <item>
        <actionDate>2014-07-17</actionDate>
        <sourceSystem>
          <code>2</code>
          <name>House floor actions</name>
        </sourceSystem>
        <text>Referred to the House Committee on Armed Services.</text>
        <type>IntroReferral</type>
        <links />
        <actionCode>H11100</actionCode>
        <committee>
          <name>Armed Services Committee</name>
          <systemCode>hsas00</systemCode>
        </committee>
      </item>
      <item>
        <actionDate>2014-07-17</actionDate>
        <sourceSystem>
          <code>9</code>
          <name>Library of Congress</name>
        </sourceSystem>
        <text>Introduced in House</text>
        <type>IntroReferral</type>
        <links />
        <actionCode>Intro-H</actionCode>
        <committee />
      </item>
      <item>
        <actionDate>2014-07-17</actionDate>
        <sourceSystem>
          <code>9</code>
          <name>Library of Congress</name>
        </sourceSystem>
        <text>Introduced in House</text>
        <type>IntroReferral</type>
        <links />
        <actionCode>1000</actionCode>
        <committee />
      </item>
      <actionByCounts>
        <houseOfRepresentatives>3</houseOfRepresentatives>
      </actionByCounts>
    </actions>
    <calendarNumbers />
    <latestAction>
      <links />
      <actionDate>2014-07-17</actionDate>
      <text>Referred to the House Committee on Armed Services.</text>
    </latestAction>
    <titles>
      <item>
        <parentTitleType />
        <chamberCode />
        <chamberName />
        <title>Supporting the Constitutional authority of the Governors of the States of Texas, New Mexico, Arizona, and California to take action to secure the international border of the United States within their States.</title>
        <titleType>Official Title as Introduced</titleType>
      </item>
      <item>
        <parentTitleType />
        <chamberCode />
        <chamberName />
        <title>Supporting the Constitutional authority of the Governors of the States of Texas, New Mexico, Arizona, and California to take action to secure the international border of the United States within their States.</title>
        <titleType>Display Title</titleType>
      </item>
    </titles>
    <summaries>
      <billSummaries>
        <item>
          <updateDate>2014-07-17T04:00:00Z</updateDate>
          <versionCode>00</versionCode>
          <text><![CDATA[<p>Recognizes, supports, and defends the constitutional authority of the governors of Texas, New Mexico, Arizona, and California to deploy units of the National Guard to secure the international border of the United States within their states.</p> <p> Urges such governors to immediately deploy units of the National Guard to: (1) gain effective control of the southern border of the United States, and (2) prevent anyone without legal immigration status from entering the United States.</p> <p>Declares a commitment to appropriating the necessary monies to effectively support any such deployments.</p>]]></text>
          <lastSummaryUpdateDate>2014-08-14T17:51:10Z</lastSummaryUpdateDate>
          <actionDate>2014-07-17</actionDate>
          <actionDesc>Introduced in House</actionDesc>
          <name>Introduced in House</name>
        </item>
      </billSummaries>
    </summaries>
    <constitutionalAuthorityStatementText />
    <createDate>2014-07-18T04:57:54Z</createDate>
    <sponsors>
      <item>
        <state>IA</state>
        <fullName>Rep. King, Steve [R-IA-4]</fullName>
        <middleName />
        <identifiers>
          <gpoId>7918</gpoId>
          <lisID>1724</lisID>
          <bioguideId>K000362</bioguideId>
        </identifiers>
        <firstName>Steve</firstName>
        <lastName>King</lastName>
        <bioguideId>K000362</bioguideId>
        <district>4</district>
        <byRequestType />
        <party>R</party>
      </item>
    </sponsors>
    <cosponsors>
      <item>
        <state>MN</state>
        <fullName>Rep. Bachmann, Michele [R-MN-6]</fullName>
        <district>6</district>
        <sponsorshipWithdrawnDate />
        <party>R</party>
        <identifiers>
          <bioguideId>B001256</bioguideId>
          <lisID>1858</lisID>
          <gpoId>8006</gpoId>
        </identifiers>
        <middleName />
        <bioguideId>B001256</bioguideId>
        <firstName>Michele</firstName>
        <lastName>Bachmann</lastName>
        <isOriginalCosponsor>True</isOriginalCosponsor>
        <sponsorshipDate>2014-07-17</sponsorshipDate>
      </item>
      <item>
        <state>OH</state>
        <fullName>Rep. Gibbs, Bob [R-OH-7]</fullName>
        <district>7</district>
        <sponsorshipWithdrawnDate />
        <party>R</party>
        <identifiers>
          <gpoId>8108</gpoId>
          <lisID>2049</lisID>
          <bioguideId>G000563</bioguideId>
        </identifiers>
        <middleName />
        <bioguideId>G000563</bioguideId>
        <firstName>Bob</firstName>
        <lastName>Gibbs</lastName>
        <isOriginalCosponsor>True</isOriginalCosponsor>
        <sponsorshipDate>2014-07-17</sponsorshipDate>
      </item>
      <item>
        <state>TX</state>
        <fullName>Rep. Gohmert, Louie [R-TX-1]</fullName>
        <district>1</district>
        <sponsorshipWithdrawnDate />
        <party>R</party>
        <identifiers>
          <gpoId>8157</gpoId>
          <lisID>1801</lisID>
          <bioguideId>G000552</bioguideId>
        </identifiers>
        <middleName />
        <bioguideId>G000552</bioguideId>
        <firstName>Louie</firstName>
        <lastName>Gohmert</lastName>
        <isOriginalCosponsor>True</isOriginalCosponsor>
        <sponsorshipDate>2014-07-17</sponsorshipDate>
      </item>
      <item>
        <state>UT</state>
        <fullName>Rep. Bishop, Rob [R-UT-1]</fullName>
        <district>1</district>
        <sponsorshipWithdrawnDate />
        <party>R</party>
        <identifiers>
          <lisID>1753</lisID>
          <gpoId>8189</gpoId>
          <bioguideId>B001250</bioguideId>
        </identifiers>
        <middleName />
        <bioguideId>B001250</bioguideId>
        <firstName>Rob</firstName>
        <lastName>Bishop</lastName>
        <isOriginalCosponsor>True</isOriginalCosponsor>
        <sponsorshipDate>2014-07-17</sponsorshipDate>
      </item>
      <item>
        <state>LA</state>
        <fullName>Rep. Fleming, John [R-LA-4]</fullName>
        <district>4</district>
        <sponsorshipWithdrawnDate />
        <party>R</party>
        <identifiers>
          <bioguideId>F000456</bioguideId>
          <lisID>1924</lisID>
          <gpoId>7962</gpoId>
        </identifiers>
        <middleName />
        <bioguideId>F000456</bioguideId>
        <firstName>John</firstName>
        <lastName>Fleming</lastName>
        <isOriginalCosponsor>True</isOriginalCosponsor>
        <sponsorshipDate>2014-07-17</sponsorshipDate>
      </item>
      <item>
        <state>AZ</state>
        <fullName>Rep. Franks, Trent [R-AZ-8]</fullName>
        <district>8</district>
        <sponsorshipWithdrawnDate />
        <party>R</party>
        <identifiers>
          <lisID>1707</lisID>
          <gpoId>7799</gpoId>
          <bioguideId>F000448</bioguideId>
        </identifiers>
        <middleName />
        <bioguideId>F000448</bioguideId>
        <firstName>Trent</firstName>
        <lastName>Franks</lastName>
        <isOriginalCosponsor>True</isOriginalCosponsor>
        <sponsorshipDate>2014-07-17</sponsorshipDate>
      </item>
      <item>
        <state>GA</state>
        <fullName>Rep. Gingrey, Phil [R-GA-11]</fullName>
        <district>11</district>
        <sponsorshipWithdrawnDate />
        <party>R</party>
        <identifiers>
          <bioguideId>G000550</bioguideId>
          <lisID>1720</lisID>
          <gpoId>7908</gpoId>
        </identifiers>
        <middleName />
        <bioguideId>G000550</bioguideId>
        <firstName>Phil</firstName>
        <lastName>Gingrey</lastName>
        <isOriginalCosponsor>True</isOriginalCosponsor>
        <sponsorshipDate>2014-07-17</sponsorshipDate>
      </item>
      <item>
        <state>NC</state>
        <fullName>Rep. Jones, Walter B., Jr. [R-NC-3]</fullName>
        <district>3</district>
        <sponsorshipWithdrawnDate />
        <party>R</party>
        <identifiers>
          <lisID>612</lisID>
          <bioguideId>J000255</bioguideId>
          <gpoId>8026</gpoId>
        </identifiers>
        <middleName>B.</middleName>
        <bioguideId>J000255</bioguideId>
        <firstName>WALTER</firstName>
        <lastName>JONES</lastName>
        <isOriginalCosponsor>True</isOriginalCosponsor>
        <sponsorshipDate>2014-07-17</sponsorshipDate>
      </item>
      <item>
        <state>CA</state>
        <fullName>Rep. LaMalfa, Doug [R-CA-1]</fullName>
        <district>1</district>
        <sponsorshipWithdrawnDate />
        <party>R</party>
        <identifiers>
          <lisID>2100</lisID>
          <gpoId />
          <bioguideId>L000578</bioguideId>
        </identifiers>
        <middleName />
        <bioguideId>L000578</bioguideId>
        <firstName>Doug</firstName>
        <lastName>LaMalfa</lastName>
        <isOriginalCosponsor>True</isOriginalCosponsor>
        <sponsorshipDate>2014-07-17</sponsorshipDate>
      </item>
      <item>
        <state>CO</state>
        <fullName>Rep. Lamborn, Doug [R-CO-5]</fullName>
        <district>5</district>
        <sponsorshipWithdrawnDate />
        <party>R</party>
        <identifiers>
          <lisID>1834</lisID>
          <gpoId>7863</gpoId>
          <bioguideId>L000564</bioguideId>
        </identifiers>
        <middleName />
        <bioguideId>L000564</bioguideId>
        <firstName>Doug</firstName>
        <lastName>Lamborn</lastName>
        <isOriginalCosponsor>True</isOriginalCosponsor>
        <sponsorshipDate>2014-07-17</sponsorshipDate>
      </item>
      <item>
        <state>TX</state>
        <fullName>Rep. Marchant, Kenny [R-TX-24]</fullName>
        <district>24</district>
        <sponsorshipWithdrawnDate />
        <party>R</party>
        <identifiers>
          <lisID>1806</lisID>
          <gpoId>8766</gpoId>
          <bioguideId>M001158</bioguideId>
        </identifiers>
        <middleName />
        <bioguideId>M001158</bioguideId>
        <firstName>Kenny</firstName>
        <lastName>Marchant</lastName>
        <isOriginalCosponsor>True</isOriginalCosponsor>
        <sponsorshipDate>2014-07-17</sponsorshipDate>
      </item>
      <item>
        <state>CA</state>
        <fullName>Rep. McClintock, Tom [R-CA-4]</fullName>
        <district>4</district>
        <sponsorshipWithdrawnDate />
        <party>R</party>
        <identifiers>
          <bioguideId>M001177</bioguideId>
          <gpoId>7809</gpoId>
          <lisID>1908</lisID>
        </identifiers>
        <middleName />
        <bioguideId>M001177</bioguideId>
        <firstName>Tom</firstName>
        <lastName>McClintock</lastName>
        <isOriginalCosponsor>True</isOriginalCosponsor>
        <sponsorshipDate>2014-07-17</sponsorshipDate>
      </item>
      <item>
        <state>CA</state>
        <fullName>Rep. Rohrabacher, Dana [R-CA-48]</fullName>
        <district>48</district>
        <sponsorshipWithdrawnDate />
        <party>R</party>
        <identifiers>
          <bioguideId>R000409</bioguideId>
          <lisID>979</lisID>
          <gpoId>7851</gpoId>
        </identifiers>
        <middleName />
        <bioguideId>R000409</bioguideId>
        <firstName>DANA</firstName>
        <lastName>ROHRABACHER</lastName>
        <isOriginalCosponsor>True</isOriginalCosponsor>
        <sponsorshipDate>2014-07-17</sponsorshipDate>
      </item>
      <item>
        <state>TX</state>
        <fullName>Rep. Stockman, Steve [R-TX-36]</fullName>
        <district>36</district>
        <sponsorshipWithdrawnDate />
        <party>R</party>
        <identifiers>
          <bioguideId>S000937</bioguideId>
          <lisID>1114</lisID>
          <gpoId />
        </identifiers>
        <middleName />
        <bioguideId>S000937</bioguideId>
        <firstName>STEVE</firstName>
        <lastName>STOCKMAN</lastName>
        <isOriginalCosponsor>True</isOriginalCosponsor>
        <sponsorshipDate>2014-07-17</sponsorshipDate>
      </item>
      <item>
        <state>SC</state>
        <fullName>Rep. Wilson, Joe [R-SC-2]</fullName>
        <district>2</district>
        <sponsorshipWithdrawnDate />
        <party>R</party>
        <identifiers>
          <bioguideId>W000795</bioguideId>
          <lisID>1688</lisID>
          <gpoId>8142</gpoId>
        </identifiers>
        <middleName />
        <bioguideId>W000795</bioguideId>
        <firstName>Joe</firstName>
        <lastName>Wilson</lastName>
        <isOriginalCosponsor>True</isOriginalCosponsor>
        <sponsorshipDate>2014-07-17</sponsorshipDate>
      </item>
      <item>
        <state>MS</state>
        <fullName>Rep. Palazzo, Steven M. [R-MS-4]</fullName>
        <district>4</district>
        <sponsorshipWithdrawnDate />
        <party>R</party>
        <identifiers>
          <gpoId>8022</gpoId>
          <lisID>2035</lisID>
          <bioguideId>P000601</bioguideId>
        </identifiers>
        <middleName>M.</middleName>
        <bioguideId>P000601</bioguideId>
        <firstName>Steven</firstName>
        <lastName>Palazzo</lastName>
        <isOriginalCosponsor>True</isOriginalCosponsor>
        <sponsorshipDate>2014-07-17</sponsorshipDate>
      </item>
      <item>
        <state>KY</state>
        <fullName>Rep. Massie, Thomas [R-KY-4]</fullName>
        <district>4</district>
        <sponsorshipWithdrawnDate />
        <party>R</party>
        <identifiers>
          <bioguideId>M001184</bioguideId>
          <lisID>2094</lisID>
          <gpoId>8371</gpoId>
        </identifiers>
        <middleName />
        <bioguideId>M001184</bioguideId>
        <firstName>Thomas</firstName>
        <lastName>Massie</lastName>
        <isOriginalCosponsor>True</isOriginalCosponsor>
        <sponsorshipDate>2014-07-17</sponsorshipDate>
      </item>
      <item>
        <state>TN</state>
        <fullName>Rep. Duncan, John J., Jr. [R-TN-2]</fullName>
        <district>2</district>
        <sponsorshipWithdrawnDate />
        <party>R</party>
        <identifiers>
          <gpoId>8149</gpoId>
          <lisID>322</lisID>
          <bioguideId>D000533</bioguideId>
        </identifiers>
        <middleName>J.</middleName>
        <bioguideId>D000533</bioguideId>
        <firstName>JOHN</firstName>
        <lastName>DUNCAN</lastName>
        <isOriginalCosponsor>True</isOriginalCosponsor>
        <sponsorshipDate>2014-07-17</sponsorshipDate>
      </item>
      <item>
        <state>NC</state>
        <fullName>Rep. Meadows, Mark [R-NC-11]</fullName>
        <district>11</district>
        <sponsorshipWithdrawnDate />
        <party>R</party>
        <identifiers>
          <lisID>2142</lisID>
          <gpoId />
          <bioguideId>M001187</bioguideId>
        </identifiers>
        <middleName />
        <bioguideId>M001187</bioguideId>
        <firstName>Mark</firstName>
        <lastName>Meadows</lastName>
        <isOriginalCosponsor>True</isOriginalCosponsor>
        <sponsorshipDate>2014-07-17</sponsorshipDate>
      </item>
      <item>
        <state>SC</state>
        <fullName>Rep. Rice, Tom [R-SC-7]</fullName>
        <district>7</district>
        <sponsorshipWithdrawnDate />
        <party>R</party>
        <identifiers>
          <bioguideId>R000597</bioguideId>
          <gpoId />
          <lisID>2160</lisID>
        </identifiers>
        <middleName />
        <bioguideId>R000597</bioguideId>
        <firstName>Tom</firstName>
        <lastName>Rice</lastName>
        <isOriginalCosponsor>True</isOriginalCosponsor>
        <sponsorshipDate>2014-07-17</sponsorshipDate>
      </item>
      <item>
        <state>SC</state>
        <fullName>Rep. Duncan, Jeff [R-SC-3]</fullName>
        <district>3</district>
        <sponsorshipWithdrawnDate />
        <party>R</party>
        <identifiers>
          <lisID>2057</lisID>
          <gpoId>8143</gpoId>
          <bioguideId>D000615</bioguideId>
        </identifiers>
        <middleName />
        <bioguideId>D000615</bioguideId>
        <firstName>Jeff</firstName>
        <lastName>Duncan</lastName>
        <isOriginalCosponsor>True</isOriginalCosponsor>
        <sponsorshipDate>2014-07-17</sponsorshipDate>
      </item>
      <item>
        <state>TX</state>
        <fullName>Rep. Weber, Randy K. Sr. [R-TX-14]</fullName>
        <district>14</district>
        <sponsorshipWithdrawnDate />
        <party>R</party>
        <identifiers>
          <bioguideId>W000814</bioguideId>
          <lisID>2161</lisID>
          <gpoId />
        </identifiers>
        <middleName>K.</middleName>
        <bioguideId>W000814</bioguideId>
        <firstName>Randy</firstName>
        <lastName>Weber</lastName>
        <isOriginalCosponsor>True</isOriginalCosponsor>
        <sponsorshipDate>2014-07-17</sponsorshipDate>
      </item>
      <item>
        <state>TX</state>
        <fullName>Rep. Burgess, Michael C. [R-TX-26]</fullName>
        <district>26</district>
        <sponsorshipWithdrawnDate />
        <party>R</party>
        <identifiers>
          <lisID>1751</lisID>
          <bioguideId>B001248</bioguideId>
          <gpoId>8182</gpoId>
        </identifiers>
        <middleName>C.</middleName>
        <bioguideId>B001248</bioguideId>
        <firstName>Michael</firstName>
        <lastName>Burgess</lastName>
        <isOriginalCosponsor>True</isOriginalCosponsor>
        <sponsorshipDate>2014-07-17</sponsorshipDate>
      </item>
      <item>
        <state>TX</state>
        <fullName>Rep. Smith, Lamar [R-TX-21]</fullName>
        <district>21</district>
        <sponsorshipWithdrawnDate />
        <party>R</party>
        <identifiers>
          <lisID>1075</lisID>
          <bioguideId>S000583</bioguideId>
          <gpoId>8177</gpoId>
        </identifiers>
        <middleName />
        <bioguideId>S000583</bioguideId>
        <firstName>LAMAR</firstName>
        <lastName>SMITH</lastName>
        <isOriginalCosponsor>True</isOriginalCosponsor>
        <sponsorshipDate>2014-07-17</sponsorshipDate>
      </item>
      <item>
        <state>FL</state>
        <fullName>Rep. Posey, Bill [R-FL-8]</fullName>
        <district>8</district>
        <sponsorshipWithdrawnDate />
        <party>R</party>
        <identifiers>
          <gpoId>7887</gpoId>
          <lisID>1915</lisID>
          <bioguideId>P000599</bioguideId>
        </identifiers>
        <middleName />
        <bioguideId>P000599</bioguideId>
        <firstName>Bill</firstName>
        <lastName>Posey</lastName>
        <isOriginalCosponsor>True</isOriginalCosponsor>
        <sponsorshipDate>2014-07-17</sponsorshipDate>
      </item>
      <item>
        <state>FL</state>
        <fullName>Rep. Yoho, Ted S. [R-FL-3]</fullName>
        <district>3</district>
        <sponsorshipWithdrawnDate />
        <party>R</party>
        <identifiers>
          <lisID>2115</lisID>
          <gpoId />
          <bioguideId>Y000065</bioguideId>
        </identifiers>
        <middleName>S.</middleName>
        <bioguideId>Y000065</bioguideId>
        <firstName>Ted</firstName>
        <lastName>Yoho</lastName>
        <isOriginalCosponsor>True</isOriginalCosponsor>
        <sponsorshipDate>2014-07-17</sponsorshipDate>
      </item>
      <item>
        <state>NC</state>
        <fullName>Rep. Coble, Howard [R-NC-6]</fullName>
        <district>6</district>
        <sponsorshipWithdrawnDate />
        <party>R</party>
        <identifiers>
          <gpoId>8029</gpoId>
          <lisID>211</lisID>
          <bioguideId>C000556</bioguideId>
        </identifiers>
        <middleName />
        <bioguideId>C000556</bioguideId>
        <firstName>HOWARD</firstName>
        <lastName>COBLE</lastName>
        <isOriginalCosponsor>False</isOriginalCosponsor>
        <sponsorshipDate>2014-07-22</sponsorshipDate>
      </item>
      <item>
        <state>GA</state>
        <fullName>Rep. Westmoreland, Lynn A. [R-GA-3]</fullName>
        <district>3</district>
        <sponsorshipWithdrawnDate />
        <party>R</party>
        <identifiers>
          <lisID>1779</lisID>
          <gpoId>7900</gpoId>
          <bioguideId>W000796</bioguideId>
        </identifiers>
        <middleName>A.</middleName>
        <bioguideId>W000796</bioguideId>
        <firstName>Lynn</firstName>
        <lastName>Westmoreland</lastName>
        <isOriginalCosponsor>False</isOriginalCosponsor>
        <sponsorshipDate>2014-07-22</sponsorshipDate>
      </item>
      <item>
        <state>AZ</state>
        <fullName>Rep. Gosar, Paul A. [R-AZ-4]</fullName>
        <district>4</district>
        <sponsorshipWithdrawnDate />
        <party>R</party>
        <identifiers>
          <lisID>1992</lisID>
          <gpoId>7798</gpoId>
          <bioguideId>G000565</bioguideId>
        </identifiers>
        <middleName>A.</middleName>
        <bioguideId>G000565</bioguideId>
        <firstName>Paul</firstName>
        <lastName>Gosar</lastName>
        <isOriginalCosponsor>False</isOriginalCosponsor>
        <sponsorshipDate>2014-07-22</sponsorshipDate>
      </item>
      <item>
        <state>GA</state>
        <fullName>Rep. Price, Tom [R-GA-6]</fullName>
        <district>6</district>
        <sponsorshipWithdrawnDate />
        <party>R</party>
        <identifiers>
          <gpoId>7903</gpoId>
          <lisID>1778</lisID>
          <bioguideId>P000591</bioguideId>
        </identifiers>
        <middleName />
        <bioguideId>P000591</bioguideId>
        <firstName>Tom</firstName>
        <lastName>Price</lastName>
        <isOriginalCosponsor>False</isOriginalCosponsor>
        <sponsorshipDate>2014-07-24</sponsorshipDate>
      </item>
      <item>
        <state>SC</state>
        <fullName>Rep. Sanford, Mark [R-SC-1]</fullName>
        <district>1</district>
        <sponsorshipWithdrawnDate />
        <party>R</party>
        <identifiers>
          <bioguideId>S000051</bioguideId>
          <gpoId />
          <lisID>1012</lisID>
        </identifiers>
        <middleName />
        <bioguideId>S000051</bioguideId>
        <firstName>Mark</firstName>
        <lastName>Sanford</lastName>
        <isOriginalCosponsor>False</isOriginalCosponsor>
        <sponsorshipDate>2014-07-24</sponsorshipDate>
      </item>
      <item>
        <state>FL</state>
        <fullName>Rep. Clawson, Curt [R-FL-19]</fullName>
        <district>19</district>
        <sponsorshipWithdrawnDate />
        <party>R</party>
        <identifiers>
          <bioguideId>C001102</bioguideId>
          <gpoId />
          <lisID>2200</lisID>
        </identifiers>
        <middleName />
        <bioguideId>C001102</bioguideId>
        <firstName>Curt</firstName>
        <lastName>Clawson</lastName>
        <isOriginalCosponsor>False</isOriginalCosponsor>
        <sponsorshipDate>2014-07-24</sponsorshipDate>
      </item>
      <item>
        <state>TN</state>
        <fullName>Rep. Blackburn, Marsha [R-TN-7]</fullName>
        <district>7</district>
        <sponsorshipWithdrawnDate />
        <party>R</party>
        <identifiers>
          <bioguideId>B001243</bioguideId>
          <gpoId>8154</gpoId>
          <lisID>1748</lisID>
        </identifiers>
        <middleName />
        <bioguideId>B001243</bioguideId>
        <firstName>Marsha</firstName>
        <lastName>Blackburn</lastName>
        <isOriginalCosponsor>False</isOriginalCosponsor>
        <sponsorshipDate>2014-07-24</sponsorshipDate>
      </item>
      <item>
        <state>WY</state>
        <fullName>Rep. Lummis, Cynthia M. [R-WY-At Large]</fullName>
        <district>0</district>
        <sponsorshipWithdrawnDate />
        <party>R</party>
        <identifiers>
          <bioguideId>L000571</bioguideId>
          <lisID>1960</lisID>
          <gpoId>8225</gpoId>
        </identifiers>
        <middleName>M.</middleName>
        <bioguideId>L000571</bioguideId>
        <firstName>Cynthia</firstName>
        <lastName>Lummis</lastName>
        <isOriginalCosponsor>False</isOriginalCosponsor>
        <sponsorshipDate>2014-07-24</sponsorshipDate>
      </item>
      <item>
        <state>FL</state>
        <fullName>Rep. Southerland, Steve II [R-FL-2]</fullName>
        <district>2</district>
        <sponsorshipWithdrawnDate />
        <party>R</party>
        <identifiers>
          <bioguideId>S001186</bioguideId>
          <lisID>2000</lisID>
          <gpoId>7874</gpoId>
        </identifiers>
        <middleName />
        <bioguideId>S001186</bioguideId>
        <firstName>Steve</firstName>
        <lastName>Southerland</lastName>
        <isOriginalCosponsor>False</isOriginalCosponsor>
        <sponsorshipDate>2014-07-24</sponsorshipDate>
      </item>
      <item>
        <state>IN</state>
        <fullName>Rep. Rokita, Todd [R-IN-4]</fullName>
        <district>4</district>
        <sponsorshipWithdrawnDate />
        <party>R</party>
        <identifiers>
          <lisID>2017</lisID>
          <bioguideId>R000592</bioguideId>
          <gpoId>7943</gpoId>
        </identifiers>
        <middleName />
        <bioguideId>R000592</bioguideId>
        <firstName>Todd</firstName>
        <lastName>Rokita</lastName>
        <isOriginalCosponsor>False</isOriginalCosponsor>
        <sponsorshipDate>2014-07-24</sponsorshipDate>
      </item>
      <item>
        <state>WV</state>
        <fullName>Rep. McKinley, David B. [R-WV-1]</fullName>
        <district>1</district>
        <sponsorshipWithdrawnDate />
        <party>R</party>
        <identifiers>
          <lisID>2074</lisID>
          <bioguideId>M001180</bioguideId>
          <gpoId>8222</gpoId>
        </identifiers>
        <middleName>B.</middleName>
        <bioguideId>M001180</bioguideId>
        <firstName>David</firstName>
        <lastName>McKinley</lastName>
        <isOriginalCosponsor>False</isOriginalCosponsor>
        <sponsorshipDate>2014-07-24</sponsorshipDate>
      </item>
      <item>
        <state>AZ</state>
        <fullName>Rep. Salmon, Matt [R-AZ-5]</fullName>
        <district>5</district>
        <sponsorshipWithdrawnDate />
        <party>R</party>
        <identifiers>
          <lisID>1009</lisID>
          <gpoId />
          <bioguideId>S000018</bioguideId>
        </identifiers>
        <middleName />
        <bioguideId>S000018</bioguideId>
        <firstName>MATT</firstName>
        <lastName>SALMON</lastName>
        <isOriginalCosponsor>False</isOriginalCosponsor>
        <sponsorshipDate>2014-07-24</sponsorshipDate>
      </item>
      <item>
        <state>MD</state>
        <fullName>Rep. Harris, Andy [R-MD-1]</fullName>
        <district>1</district>
        <sponsorshipWithdrawnDate />
        <party>R</party>
        <identifiers>
          <lisID>2026</lisID>
          <gpoId>7976</gpoId>
          <bioguideId>H001052</bioguideId>
        </identifiers>
        <middleName />
        <bioguideId>H001052</bioguideId>
        <firstName>Andy</firstName>
        <lastName>Harris</lastName>
        <isOriginalCosponsor>False</isOriginalCosponsor>
        <sponsorshipDate>2014-07-24</sponsorshipDate>
      </item>
      <item>
        <state>TX</state>
        <fullName>Rep. Williams, Roger [R-TX-25]</fullName>
        <district>25</district>
        <sponsorshipWithdrawnDate />
        <party>R</party>
        <identifiers>
          <gpoId />
          <lisID>2165</lisID>
          <bioguideId>W000816</bioguideId>
        </identifiers>
        <middleName />
        <bioguideId>W000816</bioguideId>
        <firstName>Roger</firstName>
        <lastName>Williams</lastName>
        <isOriginalCosponsor>False</isOriginalCosponsor>
        <sponsorshipDate>2014-07-24</sponsorshipDate>
      </item>
    </cosponsors>
  </bill>
  <dublinCore xmlns:dc="http://purl.org/dc/elements/1.1/">
    <dc:format>text/xml</dc:format>
    <dc:language>EN</dc:language>
    <dc:rights>Pursuant to Title 17 Section 105 of the United States Code, this file is not subject to copyright protection and is in the public domain.</dc:rights>
    <dc:contributor>Congressional Research Service, Library of Congress</dc:contributor>
    <dc:description>This file contains bill summaries and statuses for federal legislation. A bill summary describes the most significant provisions of a piece of legislation and details the effects the legislative text may have on current law and federal programs. Bill summaries are authored by the Congressional Research Service (CRS) of the Library of Congress. As stated in Public Law 91-510 (2 USC 166 (d)(6)), one of the duties of CRS is "to prepare summaries and digests of bills and resolutions of a public general nature introduced in the Senate or House of Representatives". For more information, refer to the User Guide that accompanies this file.</dc:description>
  </dublinCore>
</billStatus>

