<?xml version="1.0" encoding="UTF-8"?>
<billStatus>
  <bill>
    <policyArea>
      <name>Transportation and Public Works</name>
    </policyArea>
    <constitutionalAuthorityStatementText />
    <sponsors>
      <item>
        <identifiers>
          <gpoId>7929</gpoId>
          <lisID>1588</lisID>
          <bioguideId>S001145</bioguideId>
        </identifiers>
        <district>9</district>
        <byRequestType />
        <fullName>Rep. Schakowsky, Janice D. [D-IL-9]</fullName>
        <firstName>JANICE</firstName>
        <state>IL</state>
        <bioguideId>S001145</bioguideId>
        <middleName>D.</middleName>
        <party>D</party>
        <lastName>SCHAKOWSKY</lastName>
      </item>
    </sponsors>
    <committeeReports />
    <titles>
      <item>
        <chamberName />
        <titleType>Official Title as Introduced</titleType>
        <parentTitleType />
        <title>Urging the Federal Aviation Administration to continue its cooperation with airports across the United States seeking to implement noise mitigation plans, and for other purposes.</title>
        <chamberCode />
      </item>
      <item>
        <chamberName />
        <titleType>Display Title</titleType>
        <parentTitleType />
        <title>Urging the Federal Aviation Administration to continue its cooperation with airports across the United States seeking to implement noise mitigation plans, and for other purposes.</title>
        <chamberCode />
      </item>
    </titles>
    <laws />
    <createDate>2013-01-16T07:02:10Z</createDate>
    <recordedVotes />
    <billNumber>29</billNumber>
    <originChamber>House</originChamber>
    <committees>
      <billCommittees>
        <item>
          <subcommittees>
            <item>
              <activities>
                <item>
                  <name>Referred to</name>
                  <date>2013-01-16T21:46:16Z</date>
                </item>
              </activities>
              <systemCode>hspw05</systemCode>
              <name>Aviation Subcommittee</name>
            </item>
          </subcommittees>
          <chamber>House</chamber>
          <systemCode>hspw00</systemCode>
          <type>Standing</type>
          <activities>
            <item>
              <name>Referred to</name>
              <date>2013-01-15T15:02:30Z</date>
            </item>
          </activities>
          <name>Transportation and Infrastructure Committee</name>
        </item>
      </billCommittees>
    </committees>
    <relatedBills />
    <updateDate>2016-10-25T15:54:20Z</updateDate>
    <summaries>
      <billSummaries>
        <item>
          <updateDate>2013-01-15T05:00:00Z</updateDate>
          <lastSummaryUpdateDate>2013-01-17T20:10:44Z</lastSummaryUpdateDate>
          <actionDate>2013-01-15</actionDate>
          <text><![CDATA[<p>Urges the Federal Aviation Administration (FAA) to continue its cooperation with U.S. airports that are seeking to implement noise mitigation plans.</p> <p>Encourages the FAA to continue to implement the Next Generation Air Transportation System (NextGen) and other efforts to enhance air travel safety and help decrease noise levels.</p>]]></text>
          <name>Introduced in House</name>
          <versionCode>00</versionCode>
          <actionDesc>Introduced in House</actionDesc>
        </item>
      </billSummaries>
    </summaries>
    <congress>113</congress>
    <title>Urging the Federal Aviation Administration to continue its cooperation with airports across the United States seeking to implement noise mitigation plans, and for other purposes.</title>
    <calendarNumbers />
    <actions>
      <actionTypeCounts>
        <introducedInHouse>1</introducedInHouse>
        <placeholderTextForH>1</placeholderTextForH>
        <billReferrals>1</billReferrals>
        <introducedInTheHouse>1</introducedInTheHouse>
      </actionTypeCounts>
      <actionByCounts>
        <houseOfRepresentatives>4</houseOfRepresentatives>
      </actionByCounts>
      <item>
        <actionDate>2013-01-16</actionDate>
        <committee>
          <systemCode>hspw05</systemCode>
          <name>Aviation Subcommittee</name>
        </committee>
        <links />
        <sourceSystem>
          <name>House committee actions</name>
          <code>1</code>
        </sourceSystem>
        <text>Referred to the Subcommittee on Aviation.</text>
        <type>Committee</type>
      </item>
      <item>
        <actionCode>H11100</actionCode>
        <actionDate>2013-01-15</actionDate>
        <text>Referred to the House Committee on Transportation and Infrastructure.</text>
        <committee>
          <systemCode>hspw00</systemCode>
          <name>Transportation and Infrastructure Committee</name>
        </committee>
        <type>IntroReferral</type>
        <links />
        <sourceSystem>
          <name>House floor actions</name>
          <code>2</code>
        </sourceSystem>
      </item>
      <item>
        <actionCode>Intro-H</actionCode>
        <actionDate>2013-01-15</actionDate>
        <text>Introduced in House</text>
        <committee />
        <type>IntroReferral</type>
        <links />
        <sourceSystem>
          <name>Library of Congress</name>
          <code>9</code>
        </sourceSystem>
      </item>
      <item>
        <actionCode>1000</actionCode>
        <actionDate>2013-01-15</actionDate>
        <text>Introduced in House</text>
        <committee />
        <type>IntroReferral</type>
        <links />
        <sourceSystem>
          <name>Library of Congress</name>
          <code>9</code>
        </sourceSystem>
      </item>
    </actions>
    <amendments />
    <cboCostEstimates />
    <introducedDate>2013-01-15</introducedDate>
    <latestAction>
      <text>Referred to the Subcommittee on Aviation.</text>
      <actionDate>2013-01-16</actionDate>
      <links />
    </latestAction>
    <subjects>
      <billSubjects>
        <policyArea>
          <name>Transportation and Public Works</name>
        </policyArea>
        <legislativeSubjects>
          <item>
            <name>Aviation and airports</name>
          </item>
          <item>
            <name>Noise pollution</name>
          </item>
          <item>
            <name>Transportation safety and security</name>
          </item>
        </legislativeSubjects>
      </billSubjects>
    </subjects>
    <cosponsors />
    <notes />
    <billType>HRES</billType>
  </bill>
  <dublinCore xmlns:dc="http://purl.org/dc/elements/1.1/">
    <dc:format>text/xml</dc:format>
    <dc:language>EN</dc:language>
    <dc:rights>Pursuant to Title 17 Section 105 of the United States Code, this file is not subject to copyright protection and is in the public domain.</dc:rights>
    <dc:contributor>Congressional Research Service, Library of Congress</dc:contributor>
    <dc:description>This file contains bill summaries and statuses for federal legislation. A bill summary describes the most significant provisions of a piece of legislation and details the effects the legislative text may have on current law and federal programs. Bill summaries are authored by the Congressional Research Service (CRS) of the Library of Congress. As stated in Public Law 91-510 (2 USC 166 (d)(6)), one of the duties of CRS is "to prepare summaries and digests of bills and resolutions of a public general nature introduced in the Senate or House of Representatives". For more information, refer to the User Guide that accompanies this file.</dc:description>
  </dublinCore>
</billStatus>

