<?xml version="1.0" encoding="UTF-8"?>
<billStatus>
  <bill>
    <committeeReports />
    <committees>
      <billCommittees>
        <item>
          <subcommittees>
            <item>
              <systemCode>hsfa16</systemCode>
              <name>Africa, Global Health, Global Human Rights and International Organizations Subcommittee</name>
              <activities>
                <item>
                  <name>Referred to</name>
                  <date>2014-01-10T19:02:34Z</date>
                </item>
              </activities>
            </item>
          </subcommittees>
          <type>Standing</type>
          <activities>
            <item>
              <name>Referred to</name>
              <date>2013-12-10T17:01:00Z</date>
            </item>
          </activities>
          <systemCode>hsfa00</systemCode>
          <name>Foreign Affairs Committee</name>
          <chamber>House</chamber>
        </item>
      </billCommittees>
    </committees>
    <createDate>2013-12-11T10:01:32Z</createDate>
    <amendments />
    <policyArea>
      <name>International Affairs</name>
    </policyArea>
    <sponsors>
      <item>
        <district>47</district>
        <firstName>Alan</firstName>
        <bioguideId>L000579</bioguideId>
        <identifiers>
          <lisID>2111</lisID>
          <bioguideId>L000579</bioguideId>
          <gpoId />
        </identifiers>
        <lastName>Lowenthal</lastName>
        <middleName>S.</middleName>
        <byRequestType />
        <fullName>Rep. Lowenthal, Alan S. [D-CA-47]</fullName>
        <party>D</party>
        <state>CA</state>
      </item>
    </sponsors>
    <subjects>
      <billSubjects>
        <legislativeSubjects>
          <item>
            <name>Commemorative events and holidays</name>
          </item>
          <item>
            <name>Human rights</name>
          </item>
          <item>
            <name>International law and treaties</name>
          </item>
          <item>
            <name>Political movements and philosophies</name>
          </item>
          <item>
            <name>Rule of law and government transparency</name>
          </item>
        </legislativeSubjects>
        <policyArea>
          <name>International Affairs</name>
        </policyArea>
      </billSubjects>
    </subjects>
    <notes />
    <cosponsors>
      <item>
        <district>37</district>
        <bioguideId>B001270</bioguideId>
        <sponsorshipWithdrawnDate />
        <fullName>Rep. Bass, Karen [D-CA-37]</fullName>
        <party>D</party>
        <lastName>Bass</lastName>
        <middleName />
        <identifiers>
          <lisID>1996</lisID>
          <gpoId>7838</gpoId>
          <bioguideId>B001270</bioguideId>
        </identifiers>
        <sponsorshipDate>2013-12-10</sponsorshipDate>
        <isOriginalCosponsor>True</isOriginalCosponsor>
        <firstName>Karen</firstName>
        <state>CA</state>
      </item>
      <item>
        <district>29</district>
        <bioguideId>C001097</bioguideId>
        <sponsorshipWithdrawnDate />
        <fullName>Rep. Cardenas, Tony [D-CA-29]</fullName>
        <party>D</party>
        <lastName>Cardenas</lastName>
        <middleName />
        <identifiers>
          <lisID>2107</lisID>
          <gpoId />
          <bioguideId>C001097</bioguideId>
        </identifiers>
        <sponsorshipDate>2013-12-10</sponsorshipDate>
        <isOriginalCosponsor>True</isOriginalCosponsor>
        <firstName>Tony</firstName>
        <state>CA</state>
      </item>
      <item>
        <district>27</district>
        <bioguideId>C001080</bioguideId>
        <sponsorshipWithdrawnDate />
        <fullName>Rep. Chu, Judy [D-CA-27]</fullName>
        <party>D</party>
        <lastName>Chu</lastName>
        <middleName />
        <identifiers>
          <bioguideId>C001080</bioguideId>
          <lisID>1970</lisID>
          <gpoId>7837</gpoId>
        </identifiers>
        <sponsorshipDate>2013-12-10</sponsorshipDate>
        <isOriginalCosponsor>True</isOriginalCosponsor>
        <firstName>Judy</firstName>
        <state>CA</state>
      </item>
      <item>
        <district>1</district>
        <bioguideId>C001084</bioguideId>
        <sponsorshipWithdrawnDate />
        <fullName>Rep. Cicilline, David N. [D-RI-1]</fullName>
        <party>D</party>
        <lastName>Cicilline</lastName>
        <middleName>N.</middleName>
        <identifiers>
          <lisID>2055</lisID>
          <gpoId>8139</gpoId>
          <bioguideId>C001084</bioguideId>
        </identifiers>
        <sponsorshipDate>2013-12-10</sponsorshipDate>
        <isOriginalCosponsor>True</isOriginalCosponsor>
        <firstName>David</firstName>
        <state>RI</state>
      </item>
      <item>
        <district>13</district>
        <bioguideId>C000714</bioguideId>
        <sponsorshipWithdrawnDate />
        <fullName>Rep. Conyers, John, Jr. [D-MI-13]</fullName>
        <party>D</party>
        <lastName>CONYERS</lastName>
        <middleName />
        <identifiers>
          <lisID>229</lisID>
          <gpoId>7999</gpoId>
          <bioguideId>C000714</bioguideId>
        </identifiers>
        <sponsorshipDate>2013-12-10</sponsorshipDate>
        <isOriginalCosponsor>True</isOriginalCosponsor>
        <firstName>JOHN</firstName>
        <state>MI</state>
      </item>
      <item>
        <district>16</district>
        <bioguideId>C001059</bioguideId>
        <sponsorshipWithdrawnDate />
        <fullName>Rep. Costa, Jim [D-CA-16]</fullName>
        <party>D</party>
        <lastName>Costa</lastName>
        <middleName />
        <identifiers>
          <lisID>1774</lisID>
          <gpoId>7825</gpoId>
          <bioguideId>C001059</bioguideId>
        </identifiers>
        <sponsorshipDate>2013-12-10</sponsorshipDate>
        <isOriginalCosponsor>True</isOriginalCosponsor>
        <firstName>Jim</firstName>
        <state>CA</state>
      </item>
      <item>
        <district>14</district>
        <bioguideId>C001038</bioguideId>
        <sponsorshipWithdrawnDate />
        <fullName>Rep. Crowley, Joseph [D-NY-14]</fullName>
        <party>D</party>
        <lastName>CROWLEY</lastName>
        <middleName />
        <identifiers>
          <lisID>1604</lisID>
          <gpoId>8068</gpoId>
          <bioguideId>C001038</bioguideId>
        </identifiers>
        <sponsorshipDate>2013-12-10</sponsorshipDate>
        <isOriginalCosponsor>True</isOriginalCosponsor>
        <firstName>JOSEPH</firstName>
        <state>NY</state>
      </item>
      <item>
        <district>53</district>
        <bioguideId>D000598</bioguideId>
        <sponsorshipWithdrawnDate />
        <fullName>Rep. Davis, Susan A. [D-CA-53]</fullName>
        <party>D</party>
        <lastName>DAVIS</lastName>
        <middleName>A.</middleName>
        <identifiers>
          <gpoId>7858</gpoId>
          <lisID>1641</lisID>
          <bioguideId>D000598</bioguideId>
        </identifiers>
        <sponsorshipDate>2013-12-10</sponsorshipDate>
        <isOriginalCosponsor>True</isOriginalCosponsor>
        <firstName>SUSAN</firstName>
        <state>CA</state>
      </item>
      <item>
        <district>7</district>
        <bioguideId>D000096</bioguideId>
        <sponsorshipWithdrawnDate />
        <fullName>Rep. Davis, Danny K. [D-IL-7]</fullName>
        <party>D</party>
        <lastName>DAVIS</lastName>
        <middleName>K.</middleName>
        <identifiers>
          <bioguideId>D000096</bioguideId>
          <lisID>1477</lisID>
          <gpoId>7927</gpoId>
        </identifiers>
        <sponsorshipDate>2013-12-10</sponsorshipDate>
        <isOriginalCosponsor>True</isOriginalCosponsor>
        <firstName>DANNY</firstName>
        <state>IL</state>
      </item>
      <item>
        <district>5</district>
        <bioguideId>E000288</bioguideId>
        <sponsorshipWithdrawnDate />
        <fullName>Rep. Ellison, Keith [D-MN-5]</fullName>
        <party>D</party>
        <lastName>Ellison</lastName>
        <middleName />
        <identifiers>
          <lisID>1857</lisID>
          <gpoId>8005</gpoId>
          <bioguideId>E000288</bioguideId>
        </identifiers>
        <sponsorshipDate>2013-12-10</sponsorshipDate>
        <isOriginalCosponsor>True</isOriginalCosponsor>
        <firstName>Keith</firstName>
        <state>MN</state>
      </item>
      <item>
        <district>18</district>
        <bioguideId>E000215</bioguideId>
        <sponsorshipWithdrawnDate />
        <fullName>Rep. Eshoo, Anna G. [D-CA-18]</fullName>
        <party>D</party>
        <lastName>ESHOO</lastName>
        <middleName>G.</middleName>
        <identifiers>
          <lisID>355</lisID>
          <gpoId>7819</gpoId>
          <bioguideId>E000215</bioguideId>
        </identifiers>
        <sponsorshipDate>2013-12-10</sponsorshipDate>
        <isOriginalCosponsor>True</isOriginalCosponsor>
        <firstName>ANNA</firstName>
        <state>CA</state>
      </item>
      <item>
        <district>20</district>
        <bioguideId>F000030</bioguideId>
        <sponsorshipWithdrawnDate />
        <fullName>Rep. Farr, Sam [D-CA-20]</fullName>
        <party>D</party>
        <lastName>FARR</lastName>
        <middleName />
        <identifiers>
          <lisID>368</lisID>
          <gpoId>7822</gpoId>
          <bioguideId>F000030</bioguideId>
        </identifiers>
        <sponsorshipDate>2013-12-10</sponsorshipDate>
        <isOriginalCosponsor>True</isOriginalCosponsor>
        <firstName>SAM</firstName>
        <state>CA</state>
      </item>
      <item>
        <district>3</district>
        <bioguideId>G000559</bioguideId>
        <sponsorshipWithdrawnDate />
        <fullName>Rep. Garamendi, John [D-CA-3]</fullName>
        <party>D</party>
        <lastName>Garamendi</lastName>
        <middleName />
        <identifiers>
          <lisID>1973</lisID>
          <gpoId>7815</gpoId>
          <bioguideId>G000559</bioguideId>
        </identifiers>
        <sponsorshipDate>2013-12-10</sponsorshipDate>
        <isOriginalCosponsor>True</isOriginalCosponsor>
        <firstName>John</firstName>
        <state>CA</state>
      </item>
      <item>
        <district>4</district>
        <bioguideId>G000535</bioguideId>
        <sponsorshipWithdrawnDate />
        <fullName>Rep. Gutierrez, Luis V. [D-IL-4]</fullName>
        <party>D</party>
        <lastName>GUTIERREZ</lastName>
        <middleName>V.</middleName>
        <identifiers>
          <lisID>478</lisID>
          <bioguideId>G000535</bioguideId>
          <gpoId>7924</gpoId>
        </identifiers>
        <sponsorshipDate>2013-12-10</sponsorshipDate>
        <isOriginalCosponsor>True</isOriginalCosponsor>
        <firstName>LUIS</firstName>
        <state>IL</state>
      </item>
      <item>
        <district>44</district>
        <bioguideId>H001063</bioguideId>
        <sponsorshipWithdrawnDate />
        <fullName>Rep. Hahn, Janice [D-CA-44]</fullName>
        <party>D</party>
        <lastName>Hahn</lastName>
        <middleName />
        <identifiers>
          <bioguideId>H001063</bioguideId>
          <lisID>2089</lisID>
          <gpoId>8360</gpoId>
        </identifiers>
        <sponsorshipDate>2013-12-10</sponsorshipDate>
        <isOriginalCosponsor>True</isOriginalCosponsor>
        <firstName>Janice</firstName>
        <state>CA</state>
      </item>
      <item>
        <district>15</district>
        <bioguideId>H000636</bioguideId>
        <sponsorshipWithdrawnDate />
        <fullName>Rep. Hinojosa, Ruben [D-TX-15]</fullName>
        <party>D</party>
        <lastName>HINOJOSA</lastName>
        <middleName />
        <identifiers>
          <lisID>1490</lisID>
          <gpoId>8171</gpoId>
          <bioguideId>H000636</bioguideId>
        </identifiers>
        <sponsorshipDate>2013-12-10</sponsorshipDate>
        <isOriginalCosponsor>True</isOriginalCosponsor>
        <firstName>RUBEN</firstName>
        <state>TX</state>
      </item>
      <item>
        <district>17</district>
        <bioguideId>H001034</bioguideId>
        <sponsorshipWithdrawnDate />
        <fullName>Rep. Honda, Michael M. [D-CA-17]</fullName>
        <party>D</party>
        <lastName>HONDA</lastName>
        <middleName>M.</middleName>
        <identifiers>
          <gpoId>7820</gpoId>
          <lisID>1634</lisID>
          <bioguideId>H001034</bioguideId>
        </identifiers>
        <sponsorshipDate>2013-12-10</sponsorshipDate>
        <isOriginalCosponsor>True</isOriginalCosponsor>
        <firstName>MICHAEL</firstName>
        <state>CA</state>
      </item>
      <item>
        <district>2</district>
        <bioguideId>H001068</bioguideId>
        <sponsorshipWithdrawnDate />
        <fullName>Rep. Huffman, Jared [D-CA-2]</fullName>
        <party>D</party>
        <lastName>Huffman</lastName>
        <middleName />
        <identifiers>
          <lisID>2101</lisID>
          <bioguideId>H001068</bioguideId>
          <gpoId />
        </identifiers>
        <sponsorshipDate>2013-12-10</sponsorshipDate>
        <isOriginalCosponsor>True</isOriginalCosponsor>
        <firstName>Jared</firstName>
        <state>CA</state>
      </item>
      <item>
        <district>18</district>
        <bioguideId>J000032</bioguideId>
        <sponsorshipWithdrawnDate />
        <fullName>Rep. Jackson Lee, Sheila [D-TX-18]</fullName>
        <party>D</party>
        <lastName>JACKSON LEE</lastName>
        <middleName />
        <identifiers>
          <bioguideId>J000032</bioguideId>
          <gpoId>8174</gpoId>
          <lisID>588</lisID>
        </identifiers>
        <sponsorshipDate>2013-12-10</sponsorshipDate>
        <isOriginalCosponsor>True</isOriginalCosponsor>
        <firstName>SHEILA</firstName>
        <state>TX</state>
      </item>
      <item>
        <district>9</district>
        <bioguideId>K000375</bioguideId>
        <sponsorshipWithdrawnDate />
        <fullName>Rep. Keating, William R. [D-MA-9]</fullName>
        <party>D</party>
        <lastName>Keating</lastName>
        <middleName>R.</middleName>
        <identifiers>
          <lisID>2025</lisID>
          <gpoId>7975</gpoId>
          <bioguideId>K000375</bioguideId>
        </identifiers>
        <sponsorshipDate>2013-12-10</sponsorshipDate>
        <isOriginalCosponsor>True</isOriginalCosponsor>
        <firstName>William</firstName>
        <state>MA</state>
      </item>
      <item>
        <district>13</district>
        <bioguideId>L000551</bioguideId>
        <sponsorshipWithdrawnDate />
        <fullName>Rep. Lee, Barbara [D-CA-13]</fullName>
        <party>D</party>
        <lastName>LEE</lastName>
        <middleName />
        <identifiers>
          <gpoId>7814</gpoId>
          <lisID>1501</lisID>
          <bioguideId>L000551</bioguideId>
        </identifiers>
        <sponsorshipDate>2013-12-10</sponsorshipDate>
        <isOriginalCosponsor>True</isOriginalCosponsor>
        <firstName>BARBARA</firstName>
        <state>CA</state>
      </item>
      <item>
        <district>9</district>
        <bioguideId>L000263</bioguideId>
        <sponsorshipWithdrawnDate />
        <fullName>Rep. Levin, Sander M. [D-MI-9]</fullName>
        <party>D</party>
        <lastName>LEVIN</lastName>
        <middleName>M.</middleName>
        <identifiers>
          <bioguideId>L000263</bioguideId>
          <lisID>683</lisID>
          <gpoId>7997</gpoId>
        </identifiers>
        <sponsorshipDate>2013-12-10</sponsorshipDate>
        <isOriginalCosponsor>True</isOriginalCosponsor>
        <firstName>SANDER</firstName>
        <state>MI</state>
      </item>
      <item>
        <district>19</district>
        <bioguideId>L000397</bioguideId>
        <sponsorshipWithdrawnDate />
        <fullName>Rep. Lofgren, Zoe [D-CA-19]</fullName>
        <party>D</party>
        <lastName>LOFGREN</lastName>
        <middleName />
        <identifiers>
          <lisID>701</lisID>
          <bioguideId>L000397</bioguideId>
          <gpoId>7821</gpoId>
        </identifiers>
        <sponsorshipDate>2013-12-10</sponsorshipDate>
        <isOriginalCosponsor>True</isOriginalCosponsor>
        <firstName>ZOE</firstName>
        <state>CA</state>
      </item>
      <item>
        <district>6</district>
        <bioguideId>M001163</bioguideId>
        <sponsorshipWithdrawnDate />
        <fullName>Rep. Matsui, Doris O. [D-CA-6]</fullName>
        <party>D</party>
        <lastName>Matsui</lastName>
        <middleName>O.</middleName>
        <identifiers>
          <lisID>1814</lisID>
          <gpoId>7810</gpoId>
          <bioguideId>M001163</bioguideId>
        </identifiers>
        <sponsorshipDate>2013-12-10</sponsorshipDate>
        <isOriginalCosponsor>True</isOriginalCosponsor>
        <firstName>Doris</firstName>
        <state>CA</state>
      </item>
      <item>
        <district>4</district>
        <bioguideId>M001143</bioguideId>
        <sponsorshipWithdrawnDate />
        <fullName>Rep. McCollum, Betty [D-MN-4]</fullName>
        <party>D</party>
        <lastName>MCCOLLUM</lastName>
        <middleName />
        <identifiers>
          <lisID>1653</lisID>
          <gpoId>8004</gpoId>
          <bioguideId>M001143</bioguideId>
        </identifiers>
        <sponsorshipDate>2013-12-10</sponsorshipDate>
        <isOriginalCosponsor>True</isOriginalCosponsor>
        <firstName>BETTY</firstName>
        <state>MN</state>
      </item>
      <item>
        <district>2</district>
        <bioguideId>M000312</bioguideId>
        <sponsorshipWithdrawnDate />
        <fullName>Rep. McGovern, James P. [D-MA-2]</fullName>
        <party>D</party>
        <lastName>MCGOVERN</lastName>
        <middleName>P.</middleName>
        <identifiers>
          <lisID>1504</lisID>
          <gpoId>7968</gpoId>
          <bioguideId>M000312</bioguideId>
        </identifiers>
        <sponsorshipDate>2013-12-10</sponsorshipDate>
        <isOriginalCosponsor>True</isOriginalCosponsor>
        <firstName>JAMES</firstName>
        <state>MA</state>
      </item>
      <item>
        <district>9</district>
        <bioguideId>M001166</bioguideId>
        <sponsorshipWithdrawnDate />
        <fullName>Rep. McNerney, Jerry [D-CA-9]</fullName>
        <party>D</party>
        <lastName>McNerney</lastName>
        <middleName />
        <identifiers>
          <lisID>1832</lisID>
          <gpoId>7816</gpoId>
          <bioguideId>M001166</bioguideId>
        </identifiers>
        <sponsorshipDate>2013-12-10</sponsorshipDate>
        <isOriginalCosponsor>True</isOriginalCosponsor>
        <firstName>Jerry</firstName>
        <state>CA</state>
      </item>
      <item>
        <district>32</district>
        <bioguideId>N000179</bioguideId>
        <sponsorshipWithdrawnDate />
        <fullName>Rep. Napolitano, Grace F. [D-CA-32]</fullName>
        <party>D</party>
        <lastName>NAPOLITANO</lastName>
        <middleName>F.</middleName>
        <identifiers>
          <gpoId>7843</gpoId>
          <lisID>1602</lisID>
          <bioguideId>N000179</bioguideId>
        </identifiers>
        <sponsorshipDate>2013-12-10</sponsorshipDate>
        <isOriginalCosponsor>True</isOriginalCosponsor>
        <firstName>GRACE</firstName>
        <state>CA</state>
      </item>
      <item>
        <district>35</district>
        <bioguideId>N000187</bioguideId>
        <sponsorshipWithdrawnDate />
        <fullName>Rep. Negrete McLeod, Gloria [D-CA-35]</fullName>
        <party>D</party>
        <lastName>Negrete McLeod</lastName>
        <middleName />
        <identifiers>
          <bioguideId>N000187</bioguideId>
          <lisID>2108</lisID>
          <gpoId />
        </identifiers>
        <sponsorshipDate>2013-12-10</sponsorshipDate>
        <isOriginalCosponsor>True</isOriginalCosponsor>
        <firstName>Gloria</firstName>
        <state>CA</state>
      </item>
      <item>
        <district>52</district>
        <bioguideId>P000608</bioguideId>
        <sponsorshipWithdrawnDate />
        <fullName>Rep. Peters, Scott H. [D-CA-52]</fullName>
        <party>D</party>
        <lastName>Peters</lastName>
        <middleName>H.</middleName>
        <identifiers>
          <lisID>2113</lisID>
          <gpoId />
          <bioguideId>P000608</bioguideId>
        </identifiers>
        <sponsorshipDate>2013-12-10</sponsorshipDate>
        <isOriginalCosponsor>True</isOriginalCosponsor>
        <firstName>Scott</firstName>
        <state>CA</state>
      </item>
      <item>
        <district>36</district>
        <bioguideId>R000599</bioguideId>
        <sponsorshipWithdrawnDate />
        <fullName>Rep. Ruiz, Raul [D-CA-36]</fullName>
        <party>D</party>
        <lastName>Ruiz</lastName>
        <middleName />
        <identifiers>
          <lisID>2109</lisID>
          <bioguideId>R000599</bioguideId>
          <gpoId />
        </identifiers>
        <sponsorshipDate>2013-12-10</sponsorshipDate>
        <isOriginalCosponsor>True</isOriginalCosponsor>
        <firstName>Raul</firstName>
        <state>CA</state>
      </item>
      <item>
        <district>46</district>
        <bioguideId>S000030</bioguideId>
        <sponsorshipWithdrawnDate />
        <fullName>Rep. Sanchez, Loretta [D-CA-46]</fullName>
        <party>D</party>
        <lastName>SANCHEZ</lastName>
        <middleName />
        <identifiers>
          <lisID>1522</lisID>
          <gpoId>7852</gpoId>
          <bioguideId>S000030</bioguideId>
        </identifiers>
        <sponsorshipDate>2013-12-10</sponsorshipDate>
        <isOriginalCosponsor>True</isOriginalCosponsor>
        <firstName>LORETTA</firstName>
        <state>CA</state>
      </item>
      <item>
        <district>38</district>
        <bioguideId>S001156</bioguideId>
        <sponsorshipWithdrawnDate />
        <fullName>Rep. Sanchez, Linda T. [D-CA-38]</fullName>
        <party>D</party>
        <lastName>SANCHEZ</lastName>
        <middleName>T.</middleName>
        <identifiers>
          <lisID>1757</lisID>
          <bioguideId>S001156</bioguideId>
          <gpoId>7844</gpoId>
        </identifiers>
        <sponsorshipDate>2013-12-10</sponsorshipDate>
        <isOriginalCosponsor>True</isOriginalCosponsor>
        <firstName>LINDA</firstName>
        <state>CA</state>
      </item>
      <item>
        <district>30</district>
        <bioguideId>S000344</bioguideId>
        <sponsorshipWithdrawnDate />
        <fullName>Rep. Sherman, Brad [D-CA-30]</fullName>
        <party>D</party>
        <lastName>SHERMAN</lastName>
        <middleName />
        <identifiers>
          <bioguideId>S000344</bioguideId>
          <lisID>1526</lisID>
          <gpoId>7832</gpoId>
        </identifiers>
        <sponsorshipDate>2013-12-10</sponsorshipDate>
        <isOriginalCosponsor>True</isOriginalCosponsor>
        <firstName>BRAD</firstName>
        <state>CA</state>
      </item>
      <item>
        <district>14</district>
        <bioguideId>S001175</bioguideId>
        <sponsorshipWithdrawnDate />
        <fullName>Rep. Speier, Jackie [D-CA-14]</fullName>
        <party>D</party>
        <lastName>Speier</lastName>
        <middleName />
        <identifiers>
          <lisID>1890</lisID>
          <gpoId>7817</gpoId>
          <bioguideId>S001175</bioguideId>
        </identifiers>
        <sponsorshipDate>2013-12-10</sponsorshipDate>
        <isOriginalCosponsor>True</isOriginalCosponsor>
        <firstName>Jackie</firstName>
        <state>CA</state>
      </item>
      <item>
        <district>15</district>
        <bioguideId>S001193</bioguideId>
        <sponsorshipWithdrawnDate />
        <fullName>Rep. Swalwell, Eric [D-CA-15]</fullName>
        <party>D</party>
        <lastName>Swalwell</lastName>
        <middleName />
        <identifiers>
          <gpoId />
          <lisID>2104</lisID>
          <bioguideId>S001193</bioguideId>
        </identifiers>
        <sponsorshipDate>2013-12-10</sponsorshipDate>
        <isOriginalCosponsor>True</isOriginalCosponsor>
        <firstName>Eric</firstName>
        <state>CA</state>
      </item>
      <item>
        <district>5</district>
        <bioguideId>T000460</bioguideId>
        <sponsorshipWithdrawnDate />
        <fullName>Rep. Thompson, Mike [D-CA-5]</fullName>
        <party>D</party>
        <lastName>THOMPSON</lastName>
        <middleName />
        <identifiers>
          <bioguideId>T000460</bioguideId>
          <lisID>1593</lisID>
          <gpoId>7806</gpoId>
        </identifiers>
        <sponsorshipDate>2013-12-10</sponsorshipDate>
        <isOriginalCosponsor>True</isOriginalCosponsor>
        <firstName>MIKE</firstName>
        <state>CA</state>
      </item>
      <item>
        <district>51</district>
        <bioguideId>V000130</bioguideId>
        <sponsorshipWithdrawnDate />
        <fullName>Rep. Vargas, Juan [D-CA-51]</fullName>
        <party>D</party>
        <lastName>Vargas</lastName>
        <middleName />
        <identifiers>
          <lisID>2112</lisID>
          <bioguideId>V000130</bioguideId>
          <gpoId />
        </identifiers>
        <sponsorshipDate>2013-12-10</sponsorshipDate>
        <isOriginalCosponsor>True</isOriginalCosponsor>
        <firstName>Juan</firstName>
        <state>CA</state>
      </item>
      <item>
        <district>33</district>
        <bioguideId>W000215</bioguideId>
        <sponsorshipWithdrawnDate />
        <fullName>Rep. Waxman, Henry A. [D-CA-33]</fullName>
        <party>D</party>
        <lastName>WAXMAN</lastName>
        <middleName>A.</middleName>
        <identifiers>
          <lisID>1209</lisID>
          <gpoId>7835</gpoId>
          <bioguideId>W000215</bioguideId>
        </identifiers>
        <sponsorshipDate>2013-12-10</sponsorshipDate>
        <isOriginalCosponsor>True</isOriginalCosponsor>
        <firstName>HENRY</firstName>
        <state>CA</state>
      </item>
      <item>
        <district>24</district>
        <bioguideId>W000808</bioguideId>
        <sponsorshipWithdrawnDate />
        <fullName>Rep. Wilson, Frederica S. [D-FL-24]</fullName>
        <party>D</party>
        <lastName>Wilson</lastName>
        <middleName>S.</middleName>
        <identifiers>
          <lisID>2004</lisID>
          <gpoId>7889</gpoId>
          <bioguideId>W000808</bioguideId>
        </identifiers>
        <sponsorshipDate>2013-12-10</sponsorshipDate>
        <isOriginalCosponsor>True</isOriginalCosponsor>
        <firstName>Frederica</firstName>
        <state>FL</state>
      </item>
      <item>
        <district>26</district>
        <bioguideId>B001285</bioguideId>
        <sponsorshipWithdrawnDate />
        <fullName>Rep. Brownley, Julia [D-CA-26]</fullName>
        <party>D</party>
        <lastName>Brownley</lastName>
        <middleName />
        <identifiers>
          <bioguideId>B001285</bioguideId>
          <lisID>2106</lisID>
          <gpoId />
        </identifiers>
        <sponsorshipDate>2013-12-12</sponsorshipDate>
        <isOriginalCosponsor>False</isOriginalCosponsor>
        <firstName>Julia</firstName>
        <state>CA</state>
      </item>
      <item>
        <district>8</district>
        <bioguideId>V000128</bioguideId>
        <sponsorshipWithdrawnDate />
        <fullName>Rep. Van Hollen, Chris [D-MD-8]</fullName>
        <party>D</party>
        <lastName>Van Hollen</lastName>
        <middleName />
        <identifiers>
          <lisID>1729</lisID>
          <gpoId>7983</gpoId>
          <bioguideId>V000128</bioguideId>
        </identifiers>
        <sponsorshipDate>2013-12-12</sponsorshipDate>
        <isOriginalCosponsor>False</isOriginalCosponsor>
        <firstName>Chris</firstName>
        <state>MD</state>
      </item>
      <item>
        <district>7</district>
        <bioguideId>C001072</bioguideId>
        <sponsorshipWithdrawnDate />
        <fullName>Rep. Carson, Andre [D-IN-7]</fullName>
        <party>D</party>
        <lastName>Carson</lastName>
        <middleName />
        <identifiers>
          <lisID>1889</lisID>
          <gpoId>7946</gpoId>
          <bioguideId>C001072</bioguideId>
        </identifiers>
        <sponsorshipDate>2014-01-09</sponsorshipDate>
        <isOriginalCosponsor>False</isOriginalCosponsor>
        <firstName>Andre</firstName>
        <state>IN</state>
      </item>
      <item>
        <district>6</district>
        <bioguideId>T000266</bioguideId>
        <sponsorshipWithdrawnDate />
        <fullName>Rep. Tierney, John F. [D-MA-6]</fullName>
        <party>D</party>
        <lastName>TIERNEY</lastName>
        <middleName>F.</middleName>
        <identifiers>
          <lisID>1535</lisID>
          <bioguideId>T000266</bioguideId>
          <gpoId>7971</gpoId>
        </identifiers>
        <sponsorshipDate>2014-01-09</sponsorshipDate>
        <isOriginalCosponsor>False</isOriginalCosponsor>
        <firstName>JOHN</firstName>
        <state>MA</state>
      </item>
      <item>
        <district>17</district>
        <bioguideId>C001090</bioguideId>
        <sponsorshipWithdrawnDate />
        <fullName>Rep. Cartwright, Matt [D-PA-17]</fullName>
        <party>D</party>
        <lastName>Cartwright</lastName>
        <middleName />
        <identifiers>
          <lisID>2159</lisID>
          <gpoId />
          <bioguideId>C001090</bioguideId>
        </identifiers>
        <sponsorshipDate>2014-01-27</sponsorshipDate>
        <isOriginalCosponsor>False</isOriginalCosponsor>
        <firstName>Matt</firstName>
        <state>PA</state>
      </item>
    </cosponsors>
    <title>Recognizing the 65th anniversary of the Universal Declaration of Human Rights and the celebration of "Human Rights Day".</title>
    <billNumber>436</billNumber>
    <cboCostEstimates />
    <titles>
      <item>
        <titleType>Official Title as Introduced</titleType>
        <parentTitleType />
        <title>Recognizing the 65th anniversary of the Universal Declaration of Human Rights and the celebration of "Human Rights Day".</title>
        <chamberName />
        <chamberCode />
      </item>
      <item>
        <titleType>Display Title</titleType>
        <parentTitleType />
        <title>Recognizing the 65th anniversary of the Universal Declaration of Human Rights and the celebration of "Human Rights Day".</title>
        <chamberName />
        <chamberCode />
      </item>
    </titles>
    <summaries>
      <billSummaries>
        <item>
          <updateDate>2013-12-10T05:00:00Z</updateDate>
          <lastSummaryUpdateDate>2013-12-11T16:19:48Z</lastSummaryUpdateDate>
          <actionDate>2013-12-10</actionDate>
          <text><![CDATA[<p>Recognizes the 65th anniversary of the Universal Declaration of Human Rights and the celebration of Human Rights Day.</p> <p>Supports the ideals of human rights and reaffirms the Universal Declaration of Human Rights.</p> <p> Encourages all nations to continue working towards freedom, peace, and security which can be achieved only through democracy, respect for human rights, and the rule of law.</p>]]></text>
          <name>Introduced in House</name>
          <versionCode>00</versionCode>
          <actionDesc>Introduced in House</actionDesc>
        </item>
      </billSummaries>
    </summaries>
    <relatedBills>
      <item>
        <latestAction>
          <actionDate>2014-12-10</actionDate>
          <text>Referred to the House Committee on Foreign Affairs.</text>
        </latestAction>
        <number>777</number>
        <congress>113</congress>
        <type>HRES</type>
        <latestTitle>Recognizing the 66th anniversary of the Universal Declaration of Human Rights and the celebration of "Human Rights Day".</latestTitle>
        <relationshipDetails>
          <item>
            <identifiedBy>CRS</identifiedBy>
            <type>Related bill</type>
          </item>
        </relationshipDetails>
      </item>
    </relatedBills>
    <calendarNumbers />
    <recordedVotes />
    <introducedDate>2013-12-10</introducedDate>
    <latestAction>
      <links />
      <actionDate>2014-01-10</actionDate>
      <text>Referred to the Subcommittee on Africa, Global Health, Global Human Rights and International Organizations.</text>
    </latestAction>
    <congress>113</congress>
    <constitutionalAuthorityStatementText />
    <billType>HRES</billType>
    <actions>
      <actionTypeCounts>
        <placeholderTextForH>1</placeholderTextForH>
        <billReferrals>1</billReferrals>
        <introducedInTheHouse>1</introducedInTheHouse>
        <introducedInHouse>1</introducedInHouse>
        <placeholderTextForB>1</placeholderTextForB>
      </actionTypeCounts>
      <item>
        <actionDate>2014-01-10</actionDate>
        <committee>
          <name>Africa, Global Health, Global Human Rights and International Organizations Subcommittee</name>
          <systemCode>hsfa16</systemCode>
        </committee>
        <links />
        <sourceSystem>
          <code>1</code>
          <name>House committee actions</name>
        </sourceSystem>
        <text>Referred to the Subcommittee on Africa, Global Health, Global Human Rights and International Organizations.</text>
        <type>Committee</type>
      </item>
      <item>
        <actionDate>2013-12-10</actionDate>
        <sourceSystem>
          <code>2</code>
          <name>House floor actions</name>
        </sourceSystem>
        <text>Referred to the House Committee on Foreign Affairs.</text>
        <type>IntroReferral</type>
        <links />
        <actionCode>H11100</actionCode>
        <committee>
          <name>Foreign Affairs Committee</name>
          <systemCode>hsfa00</systemCode>
        </committee>
      </item>
      <item>
        <actionDate>2013-12-10</actionDate>
        <sourceSystem>
          <code>9</code>
          <name>Library of Congress</name>
        </sourceSystem>
        <text>Sponsor introductory remarks on measure. (CR H7619)</text>
        <type>IntroReferral</type>
        <links>
          <link>
            <name>H7619</name>
            <url>https://www.congress.gov/congressional-record/volume-159/house-section/page/H7619</url>
          </link>
        </links>
        <actionCode>B00100</actionCode>
        <committee />
      </item>
      <item>
        <actionDate>2013-12-10</actionDate>
        <sourceSystem>
          <code>9</code>
          <name>Library of Congress</name>
        </sourceSystem>
        <text>Introduced in House</text>
        <type>IntroReferral</type>
        <links />
        <actionCode>Intro-H</actionCode>
        <committee />
      </item>
      <item>
        <actionDate>2013-12-10</actionDate>
        <sourceSystem>
          <code>9</code>
          <name>Library of Congress</name>
        </sourceSystem>
        <text>Introduced in House</text>
        <type>IntroReferral</type>
        <links />
        <actionCode>1000</actionCode>
        <committee />
      </item>
      <actionByCounts>
        <houseOfRepresentatives>4</houseOfRepresentatives>
      </actionByCounts>
    </actions>
    <originChamber>House</originChamber>
    <laws />
    <updateDate>2016-10-25T15:55:19Z</updateDate>
  </bill>
  <dublinCore xmlns:dc="http://purl.org/dc/elements/1.1/">
    <dc:format>text/xml</dc:format>
    <dc:language>EN</dc:language>
    <dc:rights>Pursuant to Title 17 Section 105 of the United States Code, this file is not subject to copyright protection and is in the public domain.</dc:rights>
    <dc:contributor>Congressional Research Service, Library of Congress</dc:contributor>
    <dc:description>This file contains bill summaries and statuses for federal legislation. A bill summary describes the most significant provisions of a piece of legislation and details the effects the legislative text may have on current law and federal programs. Bill summaries are authored by the Congressional Research Service (CRS) of the Library of Congress. As stated in Public Law 91-510 (2 USC 166 (d)(6)), one of the duties of CRS is "to prepare summaries and digests of bills and resolutions of a public general nature introduced in the Senate or House of Representatives". For more information, refer to the User Guide that accompanies this file.</dc:description>
  </dublinCore>
</billStatus>

