<?xml version="1.0" encoding="UTF-8"?>
<billStatus>
  <bill>
    <committees>
      <billCommittees>
        <item>
          <subcommittees>
            <item>
              <systemCode>hsju08</systemCode>
              <name>Crime, Terrorism, Homeland Security, and Investigations Subcommittee</name>
              <activities>
                <item>
                  <name>Referred to</name>
                  <date>2014-10-28T14:12:04Z</date>
                </item>
              </activities>
            </item>
          </subcommittees>
          <systemCode>hsju00</systemCode>
          <activities>
            <item>
              <name>Referred to</name>
              <date>2014-09-17T14:02:50Z</date>
            </item>
          </activities>
          <chamber>House</chamber>
          <name>Judiciary Committee</name>
          <type>Standing</type>
        </item>
      </billCommittees>
    </committees>
    <congress>113</congress>
    <billNumber>732</billNumber>
    <updateDate>2016-10-25T15:56:02Z</updateDate>
    <subjects>
      <billSubjects>
        <legislativeSubjects>
          <item>
            <name>Advanced technology and technological innovations</name>
          </item>
          <item>
            <name>Constitution and constitutional amendments</name>
          </item>
          <item>
            <name>Criminal justice information and records</name>
          </item>
          <item>
            <name>Firearms and explosives</name>
          </item>
          <item>
            <name>Manufacturing</name>
          </item>
        </legislativeSubjects>
        <policyArea>
          <name>Crime and Law Enforcement</name>
        </policyArea>
      </billSubjects>
    </subjects>
    <policyArea>
      <name>Crime and Law Enforcement</name>
    </policyArea>
    <summaries>
      <billSummaries>
        <item>
          <versionCode>00</versionCode>
          <actionDate>2014-09-17</actionDate>
          <name>Introduced in House</name>
          <lastSummaryUpdateDate>2014-10-11T15:02:37Z</lastSummaryUpdateDate>
          <text><![CDATA[<p>Expresses the sense of the House of Representatives that: (1) mandates imposed on manufacturers requiring inclusion of unproven and unreliable technology in firearms is costly and punitive, and (2) the prohibition of firearms without such features infringes Second Amendment rights.</p>]]></text>
          <actionDesc>Introduced in House</actionDesc>
          <updateDate>2014-09-17T04:00:00Z</updateDate>
        </item>
      </billSummaries>
    </summaries>
    <title>Expressing the sense of the House of Representatives that mandates imposed on manufacturers requiring inclusion of unproven and unreliable technology in firearms is costly and punitive, and the prohibition of firearms without such features is an infringement on the rights of citizens under the Second Amendment.</title>
    <laws />
    <cosponsors />
    <billType>HRES</billType>
    <cboCostEstimates />
    <recordedVotes />
    <relatedBills />
    <actions>
      <actionTypeCounts>
        <introducedInHouse>1</introducedInHouse>
        <placeholderTextForH>1</placeholderTextForH>
        <billReferrals>1</billReferrals>
        <introducedInTheHouse>1</introducedInTheHouse>
      </actionTypeCounts>
      <actionByCounts>
        <houseOfRepresentatives>4</houseOfRepresentatives>
      </actionByCounts>
      <item>
        <actionDate>2014-10-28</actionDate>
        <committee>
          <systemCode>hsju08</systemCode>
          <name>Crime, Terrorism, Homeland Security, and Investigations Subcommittee</name>
        </committee>
        <links />
        <sourceSystem>
          <name>House committee actions</name>
          <code>1</code>
        </sourceSystem>
        <text>Referred to the Subcommittee on Crime, Terrorism, Homeland Security, and Investigations.</text>
        <type>Committee</type>
      </item>
      <item>
        <actionCode>H11100</actionCode>
        <actionDate>2014-09-17</actionDate>
        <text>Referred to the House Committee on the Judiciary.</text>
        <committee>
          <systemCode>hsju00</systemCode>
          <name>Judiciary Committee</name>
        </committee>
        <type>IntroReferral</type>
        <links />
        <sourceSystem>
          <name>House floor actions</name>
          <code>2</code>
        </sourceSystem>
      </item>
      <item>
        <actionCode>Intro-H</actionCode>
        <actionDate>2014-09-17</actionDate>
        <text>Introduced in House</text>
        <committee />
        <type>IntroReferral</type>
        <links />
        <sourceSystem>
          <name>Library of Congress</name>
          <code>9</code>
        </sourceSystem>
      </item>
      <item>
        <actionCode>1000</actionCode>
        <actionDate>2014-09-17</actionDate>
        <text>Introduced in House</text>
        <committee />
        <type>IntroReferral</type>
        <links />
        <sourceSystem>
          <name>Library of Congress</name>
          <code>9</code>
        </sourceSystem>
      </item>
    </actions>
    <notes />
    <latestAction>
      <actionDate>2014-10-28</actionDate>
      <links />
      <text>Referred to the Subcommittee on Crime, Terrorism, Homeland Security, and Investigations.</text>
    </latestAction>
    <introducedDate>2014-09-17</introducedDate>
    <sponsors>
      <item>
        <fullName>Rep. LaMalfa, Doug [R-CA-1]</fullName>
        <firstName>Doug</firstName>
        <byRequestType />
        <identifiers>
          <gpoId />
          <lisID>2100</lisID>
          <bioguideId>L000578</bioguideId>
        </identifiers>
        <middleName />
        <bioguideId>L000578</bioguideId>
        <district>1</district>
        <party>R</party>
        <state>CA</state>
        <lastName>LaMalfa</lastName>
      </item>
    </sponsors>
    <constitutionalAuthorityStatementText />
    <calendarNumbers />
    <committeeReports />
    <amendments />
    <createDate>2014-09-18T05:11:13Z</createDate>
    <originChamber>House</originChamber>
    <titles>
      <item>
        <chamberName />
        <titleType>Official Title as Introduced</titleType>
        <parentTitleType />
        <title>Expressing the sense of the House of Representatives that mandates imposed on manufacturers requiring inclusion of unproven and unreliable technology in firearms is costly and punitive, and the prohibition of firearms without such features is an infringement on the rights of citizens under the Second Amendment.</title>
        <chamberCode />
      </item>
      <item>
        <chamberName />
        <titleType>Display Title</titleType>
        <parentTitleType />
        <title>Expressing the sense of the House of Representatives that mandates imposed on manufacturers requiring inclusion of unproven and unreliable technology in firearms is costly and punitive, and the prohibition of firearms without such features is an infringement on the rights of citizens under the Second Amendment.</title>
        <chamberCode />
      </item>
    </titles>
  </bill>
  <dublinCore xmlns:dc="http://purl.org/dc/elements/1.1/">
    <dc:format>text/xml</dc:format>
    <dc:language>EN</dc:language>
    <dc:rights>Pursuant to Title 17 Section 105 of the United States Code, this file is not subject to copyright protection and is in the public domain.</dc:rights>
    <dc:contributor>Congressional Research Service, Library of Congress</dc:contributor>
    <dc:description>This file contains bill summaries and statuses for federal legislation. A bill summary describes the most significant provisions of a piece of legislation and details the effects the legislative text may have on current law and federal programs. Bill summaries are authored by the Congressional Research Service (CRS) of the Library of Congress. As stated in Public Law 91-510 (2 USC 166 (d)(6)), one of the duties of CRS is "to prepare summaries and digests of bills and resolutions of a public general nature introduced in the Senate or House of Representatives". For more information, refer to the User Guide that accompanies this file.</dc:description>
  </dublinCore>
</billStatus>

