<?xml version="1.0" encoding="UTF-8"?>
<billStatus>
  <bill>
    <billType>HRES</billType>
    <policyArea>
      <name>Health</name>
    </policyArea>
    <recordedVotes />
    <summaries>
      <billSummaries>
        <item>
          <actionDate>2013-07-19</actionDate>
          <actionDesc>Introduced in House</actionDesc>
          <lastSummaryUpdateDate>2013-08-28T19:07:40Z</lastSummaryUpdateDate>
          <versionCode>00</versionCode>
          <updateDate>2013-07-19T04:00:00Z</updateDate>
          <name>Introduced in House</name>
          <text><![CDATA[<p>Expresses support for the goals and ideals of the sixth annual National Clinicians HIV/AIDS Testing and Awareness Day.</p> <p> Encourages: (1) primary care physicians and other clinicians nationwide to become actively involved in HIV/AIDS awareness, testing, treatment, and referral services; (2) the media to observe this Awareness Day by educating clinicians about the important role they play in providing access to HIV/AIDS awareness, testing, treatment, and referral services and by educating clinicians and the public about the benefits of HIV testing; and (3) individuals to get tested for HIV and educate themselves about the prevention and treatment of HIV/AIDS.</p>]]></text>
        </item>
      </billSummaries>
    </summaries>
    <actions>
      <actionTypeCounts>
        <introducedInHouse>1</introducedInHouse>
        <placeholderTextForH>1</placeholderTextForH>
        <billReferrals>1</billReferrals>
        <introducedInTheHouse>1</introducedInTheHouse>
      </actionTypeCounts>
      <actionByCounts>
        <houseOfRepresentatives>4</houseOfRepresentatives>
      </actionByCounts>
      <item>
        <actionDate>2013-07-26</actionDate>
        <committee>
          <systemCode>hsif14</systemCode>
          <name>Health Subcommittee</name>
        </committee>
        <links />
        <sourceSystem>
          <name>House committee actions</name>
          <code>1</code>
        </sourceSystem>
        <text>Referred to the Subcommittee on Health.</text>
        <type>Committee</type>
      </item>
      <item>
        <actionCode>H11100</actionCode>
        <actionDate>2013-07-19</actionDate>
        <text>Referred to the House Committee on Energy and Commerce.</text>
        <committee>
          <systemCode>hsif00</systemCode>
          <name>Energy and Commerce Committee</name>
        </committee>
        <type>IntroReferral</type>
        <links />
        <sourceSystem>
          <name>House floor actions</name>
          <code>2</code>
        </sourceSystem>
      </item>
      <item>
        <actionCode>Intro-H</actionCode>
        <actionDate>2013-07-19</actionDate>
        <text>Introduced in House</text>
        <committee />
        <type>IntroReferral</type>
        <links />
        <sourceSystem>
          <name>Library of Congress</name>
          <code>9</code>
        </sourceSystem>
      </item>
      <item>
        <actionCode>1000</actionCode>
        <actionDate>2013-07-19</actionDate>
        <text>Introduced in House</text>
        <committee />
        <type>IntroReferral</type>
        <links />
        <sourceSystem>
          <name>Library of Congress</name>
          <code>9</code>
        </sourceSystem>
      </item>
    </actions>
    <updateDate>2016-10-25T15:54:59Z</updateDate>
    <amendments />
    <introducedDate>2013-07-19</introducedDate>
    <originChamber>House</originChamber>
    <billNumber>309</billNumber>
    <relatedBills>
      <item>
        <latestTitle>Supporting the goals and ideals of National Clinicians HIV/AIDS Testing and Awareness Day, and for other purposes.</latestTitle>
        <number>673</number>
        <latestAction>
          <text>Referred to the Subcommittee on Health.</text>
          <actionDate>2014-07-18</actionDate>
        </latestAction>
        <type>HRES</type>
        <congress>113</congress>
        <relationshipDetails>
          <item>
            <identifiedBy>CRS</identifiedBy>
            <type>Related bill</type>
          </item>
        </relationshipDetails>
      </item>
    </relatedBills>
    <calendarNumbers />
    <cosponsors>
      <item>
        <identifiers>
          <bioguideId>L000551</bioguideId>
          <lisID>1501</lisID>
          <gpoId>7814</gpoId>
        </identifiers>
        <isOriginalCosponsor>True</isOriginalCosponsor>
        <firstName>BARBARA</firstName>
        <sponsorshipWithdrawnDate />
        <sponsorshipDate>2013-07-19</sponsorshipDate>
        <party>D</party>
        <district>13</district>
        <fullName>Rep. Lee, Barbara [D-CA-13]</fullName>
        <state>CA</state>
        <bioguideId>L000551</bioguideId>
        <lastName>LEE</lastName>
        <middleName />
      </item>
      <item>
        <identifiers>
          <lisID>1474</lisID>
          <bioguideId>C000380</bioguideId>
          <gpoId>8203</gpoId>
        </identifiers>
        <isOriginalCosponsor>True</isOriginalCosponsor>
        <firstName>DONNA</firstName>
        <sponsorshipWithdrawnDate />
        <sponsorshipDate>2013-07-19</sponsorshipDate>
        <party>D</party>
        <district>0</district>
        <fullName>Rep. Christensen, Donna M. [D-VI-At Large]</fullName>
        <state>VI</state>
        <bioguideId>C000380</bioguideId>
        <lastName>CHRISTENSEN</lastName>
        <middleName>M.</middleName>
      </item>
      <item>
        <identifiers>
          <bioguideId>B001245</bioguideId>
          <gpoId>7911</gpoId>
          <lisID>1723</lisID>
        </identifiers>
        <isOriginalCosponsor>True</isOriginalCosponsor>
        <firstName>Madeleine</firstName>
        <sponsorshipWithdrawnDate />
        <sponsorshipDate>2013-07-19</sponsorshipDate>
        <party>D</party>
        <district>0</district>
        <fullName>Rep. Bordallo, Madeleine Z. [D-GU-At Large]</fullName>
        <state>GU</state>
        <bioguideId>B001245</bioguideId>
        <lastName>Bordallo</lastName>
        <middleName>Z.</middleName>
      </item>
      <item>
        <identifiers>
          <lisID>1857</lisID>
          <gpoId>8005</gpoId>
          <bioguideId>E000288</bioguideId>
        </identifiers>
        <isOriginalCosponsor>True</isOriginalCosponsor>
        <firstName>Keith</firstName>
        <sponsorshipWithdrawnDate />
        <sponsorshipDate>2013-07-19</sponsorshipDate>
        <party>D</party>
        <district>5</district>
        <fullName>Rep. Ellison, Keith [D-MN-5]</fullName>
        <state>MN</state>
        <bioguideId>E000288</bioguideId>
        <lastName>Ellison</lastName>
        <middleName />
      </item>
      <item>
        <identifiers>
          <lisID>868</lisID>
          <gpoId>7871</gpoId>
          <bioguideId>N000147</bioguideId>
        </identifiers>
        <isOriginalCosponsor>True</isOriginalCosponsor>
        <firstName>ELEANOR</firstName>
        <sponsorshipWithdrawnDate />
        <sponsorshipDate>2013-07-19</sponsorshipDate>
        <party>D</party>
        <district>0</district>
        <fullName>Rep. Norton, Eleanor Holmes [D-DC-At Large]</fullName>
        <state>DC</state>
        <bioguideId>N000147</bioguideId>
        <lastName>NORTON</lastName>
        <middleName>HOLMES</middleName>
      </item>
      <item>
        <identifiers>
          <lisID>944</lisID>
          <bioguideId>R000053</bioguideId>
          <gpoId>8076</gpoId>
        </identifiers>
        <isOriginalCosponsor>True</isOriginalCosponsor>
        <firstName>CHARLES</firstName>
        <sponsorshipWithdrawnDate />
        <sponsorshipDate>2013-07-19</sponsorshipDate>
        <party>D</party>
        <district>13</district>
        <fullName>Rep. Rangel, Charles B. [D-NY-13]</fullName>
        <state>NY</state>
        <bioguideId>R000053</bioguideId>
        <lastName>RANGEL</lastName>
        <middleName>B.</middleName>
      </item>
      <item>
        <identifiers>
          <lisID>229</lisID>
          <gpoId>7999</gpoId>
          <bioguideId>C000714</bioguideId>
        </identifiers>
        <isOriginalCosponsor>True</isOriginalCosponsor>
        <firstName>JOHN</firstName>
        <sponsorshipWithdrawnDate />
        <sponsorshipDate>2013-07-19</sponsorshipDate>
        <party>D</party>
        <district>13</district>
        <fullName>Rep. Conyers, John, Jr. [D-MI-13]</fullName>
        <state>MI</state>
        <bioguideId>C000714</bioguideId>
        <lastName>CONYERS</lastName>
        <middleName />
      </item>
      <item>
        <identifiers>
          <bioguideId>E000292</bioguideId>
          <gpoId />
          <lisID>2125</lisID>
        </identifiers>
        <isOriginalCosponsor>True</isOriginalCosponsor>
        <firstName>William</firstName>
        <sponsorshipWithdrawnDate />
        <sponsorshipDate>2013-07-19</sponsorshipDate>
        <party>D</party>
        <district>12</district>
        <fullName>Rep. Enyart, William L. [D-IL-12]</fullName>
        <state>IL</state>
        <bioguideId>E000292</bioguideId>
        <lastName>Enyart</lastName>
        <middleName>L.</middleName>
      </item>
      <item>
        <identifiers>
          <lisID>588</lisID>
          <gpoId>8174</gpoId>
          <bioguideId>J000032</bioguideId>
        </identifiers>
        <isOriginalCosponsor>True</isOriginalCosponsor>
        <firstName>SHEILA</firstName>
        <sponsorshipWithdrawnDate />
        <sponsorshipDate>2013-07-19</sponsorshipDate>
        <party>D</party>
        <district>18</district>
        <fullName>Rep. Jackson Lee, Sheila [D-TX-18]</fullName>
        <state>TX</state>
        <bioguideId>J000032</bioguideId>
        <lastName>JACKSON LEE</lastName>
        <middleName />
      </item>
      <item>
        <identifiers>
          <lisID>1003</lisID>
          <gpoId>7921</gpoId>
          <bioguideId>R000515</bioguideId>
        </identifiers>
        <isOriginalCosponsor>True</isOriginalCosponsor>
        <firstName>BOBBY</firstName>
        <sponsorshipWithdrawnDate />
        <sponsorshipDate>2013-07-19</sponsorshipDate>
        <party>D</party>
        <district>1</district>
        <fullName>Rep. Rush, Bobby L. [D-IL-1]</fullName>
        <state>IL</state>
        <bioguideId>R000515</bioguideId>
        <lastName>RUSH</lastName>
        <middleName>L.</middleName>
      </item>
      <item>
        <identifiers>
          <lisID>2004</lisID>
          <bioguideId>W000808</bioguideId>
          <gpoId>7889</gpoId>
        </identifiers>
        <isOriginalCosponsor>True</isOriginalCosponsor>
        <firstName>Frederica</firstName>
        <sponsorshipWithdrawnDate />
        <sponsorshipDate>2013-07-19</sponsorshipDate>
        <party>D</party>
        <district>24</district>
        <fullName>Rep. Wilson, Frederica S. [D-FL-24]</fullName>
        <state>FL</state>
        <bioguideId>W000808</bioguideId>
        <lastName>Wilson</lastName>
        <middleName>S.</middleName>
      </item>
      <item>
        <identifiers>
          <lisID>1864</lisID>
          <gpoId>8072</gpoId>
          <bioguideId>C001067</bioguideId>
        </identifiers>
        <isOriginalCosponsor>True</isOriginalCosponsor>
        <firstName>Yvette</firstName>
        <sponsorshipWithdrawnDate />
        <sponsorshipDate>2013-07-19</sponsorshipDate>
        <party>D</party>
        <district>9</district>
        <fullName>Rep. Clarke, Yvette D. [D-NY-9]</fullName>
        <state>NY</state>
        <bioguideId>C001067</bioguideId>
        <lastName>Clarke</lastName>
        <middleName>D.</middleName>
      </item>
      <item>
        <identifiers>
          <bioguideId>M001137</bioguideId>
          <gpoId>8067</gpoId>
          <lisID>1506</lisID>
        </identifiers>
        <isOriginalCosponsor>True</isOriginalCosponsor>
        <firstName>GREGORY</firstName>
        <sponsorshipWithdrawnDate />
        <sponsorshipDate>2013-07-19</sponsorshipDate>
        <party>D</party>
        <district>5</district>
        <fullName>Rep. Meeks, Gregory W. [D-NY-5]</fullName>
        <state>NY</state>
        <bioguideId>M001137</bioguideId>
        <lastName>MEEKS</lastName>
        <middleName>W.</middleName>
      </item>
      <item>
        <identifiers>
          <lisID>2153</lisID>
          <gpoId />
          <bioguideId>B001281</bioguideId>
        </identifiers>
        <isOriginalCosponsor>True</isOriginalCosponsor>
        <firstName>Joyce</firstName>
        <sponsorshipWithdrawnDate />
        <sponsorshipDate>2013-07-19</sponsorshipDate>
        <party>D</party>
        <district>3</district>
        <fullName>Rep. Beatty, Joyce [D-OH-3]</fullName>
        <state>OH</state>
        <bioguideId>B001281</bioguideId>
        <lastName>Beatty</lastName>
        <middleName />
      </item>
      <item>
        <identifiers>
          <gpoId>8009</gpoId>
          <lisID>1654</lisID>
          <bioguideId>C001049</bioguideId>
        </identifiers>
        <isOriginalCosponsor>True</isOriginalCosponsor>
        <firstName>WM.</firstName>
        <sponsorshipWithdrawnDate />
        <sponsorshipDate>2013-07-19</sponsorshipDate>
        <party>D</party>
        <district>1</district>
        <fullName>Rep. Clay, Wm. Lacy [D-MO-1]</fullName>
        <state>MO</state>
        <bioguideId>C001049</bioguideId>
        <lastName>CLAY</lastName>
        <middleName>LACY</middleName>
      </item>
      <item>
        <identifiers>
          <lisID>511</lisID>
          <gpoId>7895</gpoId>
          <bioguideId>H000324</bioguideId>
        </identifiers>
        <isOriginalCosponsor>True</isOriginalCosponsor>
        <firstName>ALCEE</firstName>
        <sponsorshipWithdrawnDate />
        <sponsorshipDate>2013-07-19</sponsorshipDate>
        <party>D</party>
        <district>20</district>
        <fullName>Rep. Hastings, Alcee L. [D-FL-20]</fullName>
        <state>FL</state>
        <bioguideId>H000324</bioguideId>
        <lastName>HASTINGS</lastName>
        <middleName>L.</middleName>
      </item>
      <item>
        <identifiers>
          <gpoId>7860</gpoId>
          <lisID>1910</lisID>
          <bioguideId>P000598</bioguideId>
        </identifiers>
        <isOriginalCosponsor>True</isOriginalCosponsor>
        <firstName>Jared</firstName>
        <sponsorshipWithdrawnDate />
        <sponsorshipDate>2013-07-19</sponsorshipDate>
        <party>D</party>
        <district>2</district>
        <fullName>Rep. Polis, Jared [D-CO-2]</fullName>
        <state>CO</state>
        <bioguideId>P000598</bioguideId>
        <lastName>Polis</lastName>
        <middleName />
      </item>
      <item>
        <identifiers>
          <bioguideId>D000096</bioguideId>
          <lisID>1477</lisID>
          <gpoId>7927</gpoId>
        </identifiers>
        <isOriginalCosponsor>True</isOriginalCosponsor>
        <firstName>DANNY</firstName>
        <sponsorshipWithdrawnDate />
        <sponsorshipDate>2013-07-19</sponsorshipDate>
        <party>D</party>
        <district>7</district>
        <fullName>Rep. Davis, Danny K. [D-IL-7]</fullName>
        <state>IL</state>
        <bioguideId>D000096</bioguideId>
        <lastName>DAVIS</lastName>
        <middleName>K.</middleName>
      </item>
      <item>
        <identifiers>
          <bioguideId>L000287</bioguideId>
          <gpoId>7902</gpoId>
          <lisID>688</lisID>
        </identifiers>
        <isOriginalCosponsor>True</isOriginalCosponsor>
        <firstName>JOHN</firstName>
        <sponsorshipWithdrawnDate />
        <sponsorshipDate>2013-07-19</sponsorshipDate>
        <party>D</party>
        <district>5</district>
        <fullName>Rep. Lewis, John [D-GA-5]</fullName>
        <state>GA</state>
        <bioguideId>L000287</bioguideId>
        <lastName>LEWIS</lastName>
        <middleName />
      </item>
      <item>
        <identifiers>
          <bioguideId>H001063</bioguideId>
          <lisID>2089</lisID>
          <gpoId>8360</gpoId>
        </identifiers>
        <isOriginalCosponsor>True</isOriginalCosponsor>
        <firstName>Janice</firstName>
        <sponsorshipWithdrawnDate />
        <sponsorshipDate>2013-07-19</sponsorshipDate>
        <party>D</party>
        <district>44</district>
        <fullName>Rep. Hahn, Janice [D-CA-44]</fullName>
        <state>CA</state>
        <bioguideId>H001063</bioguideId>
        <lastName>Hahn</lastName>
        <middleName />
      </item>
      <item>
        <identifiers>
          <gpoId>7997</gpoId>
          <lisID>683</lisID>
          <bioguideId>L000263</bioguideId>
        </identifiers>
        <isOriginalCosponsor>True</isOriginalCosponsor>
        <firstName>SANDER</firstName>
        <sponsorshipWithdrawnDate />
        <sponsorshipDate>2013-07-19</sponsorshipDate>
        <party>D</party>
        <district>9</district>
        <fullName>Rep. Levin, Sander M. [D-MI-9]</fullName>
        <state>MI</state>
        <bioguideId>L000263</bioguideId>
        <lastName>LEVIN</lastName>
        <middleName>M.</middleName>
      </item>
      <item>
        <identifiers>
          <gpoId>7875</gpoId>
          <lisID>132</lisID>
          <bioguideId>B000911</bioguideId>
        </identifiers>
        <isOriginalCosponsor>True</isOriginalCosponsor>
        <firstName>CORRINE</firstName>
        <sponsorshipWithdrawnDate />
        <sponsorshipDate>2013-07-19</sponsorshipDate>
        <party>D</party>
        <district>5</district>
        <fullName>Rep. Brown, Corrine [D-FL-5]</fullName>
        <state>FL</state>
        <bioguideId>B000911</bioguideId>
        <lastName>BROWN</lastName>
        <middleName />
      </item>
      <item>
        <identifiers>
          <lisID>1207</lisID>
          <gpoId>8035</gpoId>
          <bioguideId>W000207</bioguideId>
        </identifiers>
        <isOriginalCosponsor>True</isOriginalCosponsor>
        <firstName>MELVIN</firstName>
        <sponsorshipWithdrawnDate />
        <sponsorshipDate>2013-07-19</sponsorshipDate>
        <party>D</party>
        <district>12</district>
        <fullName>Rep. Watt, Melvin L. [D-NC-12]</fullName>
        <state>NC</state>
        <bioguideId>W000207</bioguideId>
        <lastName>WATT</lastName>
        <middleName />
      </item>
      <item>
        <identifiers>
          <lisID>1528</lisID>
          <gpoId>8213</gpoId>
          <bioguideId>S000510</bioguideId>
        </identifiers>
        <isOriginalCosponsor>True</isOriginalCosponsor>
        <firstName>ADAM</firstName>
        <sponsorshipWithdrawnDate />
        <sponsorshipDate>2013-07-19</sponsorshipDate>
        <party>D</party>
        <district>9</district>
        <fullName>Rep. Smith, Adam [D-WA-9]</fullName>
        <state>WA</state>
        <bioguideId>S000510</bioguideId>
        <lastName>SMITH</lastName>
        <middleName />
      </item>
      <item>
        <identifiers>
          <gpoId>7792</gpoId>
          <lisID>1988</lisID>
          <bioguideId>S001185</bioguideId>
        </identifiers>
        <isOriginalCosponsor>True</isOriginalCosponsor>
        <firstName>Terri</firstName>
        <sponsorshipWithdrawnDate />
        <sponsorshipDate>2013-07-19</sponsorshipDate>
        <party>D</party>
        <district>7</district>
        <fullName>Rep. Sewell, Terri A. [D-AL-7]</fullName>
        <state>AL</state>
        <bioguideId>S001185</bioguideId>
        <lastName>Sewell</lastName>
        <middleName>A.</middleName>
      </item>
      <item>
        <identifiers>
          <bioguideId>L000579</bioguideId>
          <lisID>2111</lisID>
          <gpoId />
        </identifiers>
        <isOriginalCosponsor>False</isOriginalCosponsor>
        <firstName>Alan</firstName>
        <sponsorshipWithdrawnDate />
        <sponsorshipDate>2013-07-22</sponsorshipDate>
        <party>D</party>
        <district>47</district>
        <fullName>Rep. Lowenthal, Alan S. [D-CA-47]</fullName>
        <state>CA</state>
        <bioguideId>L000579</bioguideId>
        <lastName>Lowenthal</lastName>
        <middleName>S.</middleName>
      </item>
    </cosponsors>
    <congress>113</congress>
    <committees>
      <billCommittees>
        <item>
          <subcommittees>
            <item>
              <systemCode>hsif14</systemCode>
              <activities>
                <item>
                  <date>2013-07-26T16:08:51Z</date>
                  <name>Referred to</name>
                </item>
              </activities>
              <name>Health Subcommittee</name>
            </item>
          </subcommittees>
          <activities>
            <item>
              <date>2013-07-19T13:02:20Z</date>
              <name>Referred to</name>
            </item>
          </activities>
          <type>Standing</type>
          <systemCode>hsif00</systemCode>
          <chamber>House</chamber>
          <name>Energy and Commerce Committee</name>
        </item>
      </billCommittees>
    </committees>
    <sponsors>
      <item>
        <fullName>Rep. Waters, Maxine [D-CA-43]</fullName>
        <lastName>WATERS</lastName>
        <byRequestType />
        <party>D</party>
        <state>CA</state>
        <middleName />
        <firstName>MAXINE</firstName>
        <bioguideId>W000187</bioguideId>
        <district>43</district>
        <identifiers>
          <lisID>1205</lisID>
          <bioguideId>W000187</bioguideId>
          <gpoId>7840</gpoId>
        </identifiers>
      </item>
    </sponsors>
    <latestAction>
      <text>Referred to the Subcommittee on Health.</text>
      <actionDate>2013-07-26</actionDate>
      <links />
    </latestAction>
    <subjects>
      <billSubjects>
        <policyArea>
          <name>Health</name>
        </policyArea>
        <legislativeSubjects>
          <item>
            <name>Commemorative events and holidays</name>
          </item>
          <item>
            <name>HIV/AIDS</name>
          </item>
          <item>
            <name>Health personnel</name>
          </item>
          <item>
            <name>Health promotion and preventive care</name>
          </item>
          <item>
            <name>Medical tests and diagnostic methods</name>
          </item>
        </legislativeSubjects>
      </billSubjects>
    </subjects>
    <constitutionalAuthorityStatementText />
    <createDate>2013-07-20T07:02:13Z</createDate>
    <title>Supporting the goals and ideals of National Clinicians HIV/AIDS Testing and Awareness Day, and for other purposes.</title>
    <laws />
    <titles>
      <item>
        <chamberCode />
        <title>Supporting the goals and ideals of National Clinicians HIV/AIDS Testing and Awareness Day, and for other purposes.</title>
        <chamberName />
        <titleType>Official Title as Introduced</titleType>
        <parentTitleType />
      </item>
      <item>
        <chamberCode />
        <title>Supporting the goals and ideals of National Clinicians HIV/AIDS Testing and Awareness Day, and for other purposes.</title>
        <chamberName />
        <titleType>Display Title</titleType>
        <parentTitleType />
      </item>
    </titles>
    <committeeReports />
    <notes />
    <cboCostEstimates />
  </bill>
  <dublinCore xmlns:dc="http://purl.org/dc/elements/1.1/">
    <dc:format>text/xml</dc:format>
    <dc:language>EN</dc:language>
    <dc:rights>Pursuant to Title 17 Section 105 of the United States Code, this file is not subject to copyright protection and is in the public domain.</dc:rights>
    <dc:contributor>Congressional Research Service, Library of Congress</dc:contributor>
    <dc:description>This file contains bill summaries and statuses for federal legislation. A bill summary describes the most significant provisions of a piece of legislation and details the effects the legislative text may have on current law and federal programs. Bill summaries are authored by the Congressional Research Service (CRS) of the Library of Congress. As stated in Public Law 91-510 (2 USC 166 (d)(6)), one of the duties of CRS is "to prepare summaries and digests of bills and resolutions of a public general nature introduced in the Senate or House of Representatives". For more information, refer to the User Guide that accompanies this file.</dc:description>
  </dublinCore>
</billStatus>

