<?xml version="1.0" encoding="UTF-8"?>
<billStatus>
  <bill>
    <policyArea>
      <name>International Affairs</name>
    </policyArea>
    <constitutionalAuthorityStatementText />
    <sponsors>
      <item>
        <identifiers>
          <lisID>229</lisID>
          <bioguideId>C000714</bioguideId>
          <gpoId>7999</gpoId>
        </identifiers>
        <district>13</district>
        <byRequestType />
        <fullName>Rep. Conyers, John, Jr. [D-MI-13]</fullName>
        <firstName>JOHN</firstName>
        <state>MI</state>
        <bioguideId>C000714</bioguideId>
        <middleName />
        <party>D</party>
        <lastName>CONYERS</lastName>
      </item>
    </sponsors>
    <committeeReports />
    <titles>
      <item>
        <chamberName />
        <titleType>Official Title as Introduced</titleType>
        <parentTitleType />
        <title>Recognizing "International Jazz Day".</title>
        <chamberCode />
      </item>
      <item>
        <chamberName />
        <titleType>Display Title</titleType>
        <parentTitleType />
        <title>Recognizing "International Jazz Day".</title>
        <chamberCode />
      </item>
    </titles>
    <laws />
    <createDate>2013-04-25T07:02:04Z</createDate>
    <recordedVotes />
    <billNumber>179</billNumber>
    <originChamber>House</originChamber>
    <committees>
      <billCommittees>
        <item>
          <activities>
            <item>
              <date>2013-04-24T14:01:25Z</date>
              <name>Referred to</name>
            </item>
          </activities>
          <chamber>House</chamber>
          <subcommittees>
            <item>
              <systemCode>hsfa14</systemCode>
              <name>Europe, Eurasia, and Emerging Threats Subcommittee</name>
              <activities>
                <item>
                  <date>2013-05-06T18:37:17Z</date>
                  <name>Referred to</name>
                </item>
              </activities>
            </item>
          </subcommittees>
          <systemCode>hsfa00</systemCode>
          <type>Standing</type>
          <name>Foreign Affairs Committee</name>
        </item>
      </billCommittees>
    </committees>
    <relatedBills />
    <updateDate>2016-10-25T15:54:42Z</updateDate>
    <summaries>
      <billSummaries>
        <item>
          <text><![CDATA[<p>Congratulates the Republic of Turkey and the city of Istanbul for hosting the 2013 International Jazz Day, and commends the Thelonius Monk Institute for its role in coordinating the worldwide celebration.</p> <p> Recognizes the historic connection between Turkey and jazz through the contributions of the Ertegun brothers.</p> <p> Thanks Turkish Foreign Minister Ahmet Davutoglu, Turkish Minister of Culture and Tourism Omer Celik, and Turkish Ambassador Namik Tan for their assistance in assuring that the International Jazz Day celebration will be an important cultural and diplomatic success.</p>]]></text>
          <versionCode>00</versionCode>
          <actionDesc>Introduced in House</actionDesc>
          <lastSummaryUpdateDate>2013-05-15T14:56:47Z</lastSummaryUpdateDate>
          <updateDate>2013-04-24T04:00:00Z</updateDate>
          <actionDate>2013-04-24</actionDate>
          <name>Introduced in House</name>
        </item>
      </billSummaries>
    </summaries>
    <congress>113</congress>
    <title>Recognizing "International Jazz Day".</title>
    <calendarNumbers />
    <actions>
      <actionTypeCounts>
        <placeholderTextForH>1</placeholderTextForH>
        <billReferrals>1</billReferrals>
        <introducedInTheHouse>1</introducedInTheHouse>
        <introducedInHouse>1</introducedInHouse>
      </actionTypeCounts>
      <item>
        <actionDate>2013-05-06</actionDate>
        <committee>
          <name>Europe, Eurasia, and Emerging Threats Subcommittee</name>
          <systemCode>hsfa14</systemCode>
        </committee>
        <links />
        <sourceSystem>
          <code>1</code>
          <name>House committee actions</name>
        </sourceSystem>
        <text>Referred to the Subcommittee on Europe, Eurasia, and Emerging Threats.</text>
        <type>Committee</type>
      </item>
      <item>
        <actionDate>2013-04-24</actionDate>
        <sourceSystem>
          <code>2</code>
          <name>House floor actions</name>
        </sourceSystem>
        <text>Referred to the House Committee on Foreign Affairs.</text>
        <type>IntroReferral</type>
        <links />
        <actionCode>H11100</actionCode>
        <committee>
          <name>Foreign Affairs Committee</name>
          <systemCode>hsfa00</systemCode>
        </committee>
      </item>
      <item>
        <actionDate>2013-04-24</actionDate>
        <sourceSystem>
          <code>9</code>
          <name>Library of Congress</name>
        </sourceSystem>
        <text>Introduced in House</text>
        <type>IntroReferral</type>
        <links />
        <actionCode>Intro-H</actionCode>
        <committee />
      </item>
      <item>
        <actionDate>2013-04-24</actionDate>
        <sourceSystem>
          <code>9</code>
          <name>Library of Congress</name>
        </sourceSystem>
        <text>Introduced in House</text>
        <type>IntroReferral</type>
        <links />
        <actionCode>1000</actionCode>
        <committee />
      </item>
      <actionByCounts>
        <houseOfRepresentatives>4</houseOfRepresentatives>
      </actionByCounts>
    </actions>
    <amendments />
    <cboCostEstimates />
    <introducedDate>2013-04-24</introducedDate>
    <latestAction>
      <text>Referred to the Subcommittee on Europe, Eurasia, and Emerging Threats.</text>
      <actionDate>2013-05-06</actionDate>
      <links />
    </latestAction>
    <subjects>
      <billSubjects>
        <legislativeSubjects>
          <item>
            <name>Commemorative events and holidays</name>
          </item>
          <item>
            <name>Congressional tributes</name>
          </item>
          <item>
            <name>Diplomacy, foreign officials, Americans abroad</name>
          </item>
          <item>
            <name>Europe</name>
          </item>
          <item>
            <name>Middle East</name>
          </item>
          <item>
            <name>Music</name>
          </item>
          <item>
            <name>Turkey</name>
          </item>
        </legislativeSubjects>
        <policyArea>
          <name>International Affairs</name>
        </policyArea>
      </billSubjects>
    </subjects>
    <cosponsors>
      <item>
        <district>18</district>
        <fullName>Rep. Jackson Lee, Sheila [D-TX-18]</fullName>
        <sponsorshipWithdrawnDate />
        <bioguideId>J000032</bioguideId>
        <identifiers>
          <lisID>588</lisID>
          <gpoId>8174</gpoId>
          <bioguideId>J000032</bioguideId>
        </identifiers>
        <party>D</party>
        <lastName>JACKSON LEE</lastName>
        <firstName>SHEILA</firstName>
        <state>TX</state>
        <isOriginalCosponsor>False</isOriginalCosponsor>
        <sponsorshipDate>2013-05-09</sponsorshipDate>
        <middleName />
      </item>
    </cosponsors>
    <notes />
    <billType>HRES</billType>
  </bill>
  <dublinCore xmlns:dc="http://purl.org/dc/elements/1.1/">
    <dc:format>text/xml</dc:format>
    <dc:language>EN</dc:language>
    <dc:rights>Pursuant to Title 17 Section 105 of the United States Code, this file is not subject to copyright protection and is in the public domain.</dc:rights>
    <dc:contributor>Congressional Research Service, Library of Congress</dc:contributor>
    <dc:description>This file contains bill summaries and statuses for federal legislation. A bill summary describes the most significant provisions of a piece of legislation and details the effects the legislative text may have on current law and federal programs. Bill summaries are authored by the Congressional Research Service (CRS) of the Library of Congress. As stated in Public Law 91-510 (2 USC 166 (d)(6)), one of the duties of CRS is "to prepare summaries and digests of bills and resolutions of a public general nature introduced in the Senate or House of Representatives". For more information, refer to the User Guide that accompanies this file.</dc:description>
  </dublinCore>
</billStatus>

