<?xml version="1.0" encoding="UTF-8"?>
<billStatus>
  <bill>
    <billType>HRES</billType>
    <policyArea>
      <name>Arts, Culture, Religion</name>
    </policyArea>
    <recordedVotes />
    <summaries>
      <billSummaries>
        <item>
          <actionDate>2013-04-12</actionDate>
          <actionDesc>Introduced in House</actionDesc>
          <lastSummaryUpdateDate>2013-04-26T21:13:46Z</lastSummaryUpdateDate>
          <versionCode>00</versionCode>
          <updateDate>2013-04-12T04:00:00Z</updateDate>
          <name>Introduced in House</name>
          <text><![CDATA[<p>Wishes the Sikh American community a joyous Vaisakhi. </p>]]></text>
        </item>
      </billSummaries>
    </summaries>
    <actions>
      <actionTypeCounts>
        <billReferrals>1</billReferrals>
        <introducedInHouse>1</introducedInHouse>
        <introducedInTheHouse>1</introducedInTheHouse>
      </actionTypeCounts>
      <item>
        <actionDate>2013-04-12</actionDate>
        <text>Referred to the House Committee on Oversight and Government Reform.</text>
        <type>IntroReferral</type>
        <committee>
          <systemCode>hsgo00</systemCode>
          <name>Oversight and Government Reform Committee</name>
        </committee>
        <links />
        <sourceSystem>
          <code>2</code>
          <name>House floor actions</name>
        </sourceSystem>
        <actionCode>H11100</actionCode>
      </item>
      <item>
        <actionDate>2013-04-12</actionDate>
        <text>Introduced in House</text>
        <type>IntroReferral</type>
        <committee />
        <links />
        <sourceSystem>
          <code>9</code>
          <name>Library of Congress</name>
        </sourceSystem>
        <actionCode>Intro-H</actionCode>
      </item>
      <item>
        <actionDate>2013-04-12</actionDate>
        <text>Introduced in House</text>
        <type>IntroReferral</type>
        <committee />
        <links />
        <sourceSystem>
          <code>9</code>
          <name>Library of Congress</name>
        </sourceSystem>
        <actionCode>1000</actionCode>
      </item>
      <actionByCounts>
        <houseOfRepresentatives>3</houseOfRepresentatives>
      </actionByCounts>
    </actions>
    <updateDate>2016-10-25T15:54:38Z</updateDate>
    <amendments />
    <introducedDate>2013-04-12</introducedDate>
    <originChamber>House</originChamber>
    <billNumber>157</billNumber>
    <relatedBills>
      <item>
        <relationshipDetails>
          <item>
            <identifiedBy>CRS</identifiedBy>
            <type>Identical bill</type>
          </item>
        </relationshipDetails>
        <latestAction>
          <actionDate>2014-04-10</actionDate>
          <text>Referred to the House Committee on Oversight and Government Reform.</text>
        </latestAction>
        <latestTitle>Honoring the Sikh American community's celebration of Vaisakhi.</latestTitle>
        <congress>113</congress>
        <number>550</number>
        <type>HRES</type>
      </item>
    </relatedBills>
    <calendarNumbers />
    <cosponsors>
      <item>
        <state>AZ</state>
        <fullName>Rep. Grijalva, Raul M. [D-AZ-3]</fullName>
        <district>3</district>
        <sponsorshipWithdrawnDate />
        <party>D</party>
        <identifiers>
          <bioguideId>G000551</bioguideId>
          <lisID>1708</lisID>
          <gpoId>7804</gpoId>
        </identifiers>
        <middleName>M.</middleName>
        <bioguideId>G000551</bioguideId>
        <firstName>Raul</firstName>
        <lastName>Grijalva</lastName>
        <isOriginalCosponsor>True</isOriginalCosponsor>
        <sponsorshipDate>2013-04-12</sponsorshipDate>
      </item>
      <item>
        <state>GA</state>
        <fullName>Rep. Lewis, John [D-GA-5]</fullName>
        <district>5</district>
        <sponsorshipWithdrawnDate />
        <party>D</party>
        <identifiers>
          <bioguideId>L000287</bioguideId>
          <gpoId>7902</gpoId>
          <lisID>688</lisID>
        </identifiers>
        <middleName />
        <bioguideId>L000287</bioguideId>
        <firstName>JOHN</firstName>
        <lastName>LEWIS</lastName>
        <isOriginalCosponsor>True</isOriginalCosponsor>
        <sponsorshipDate>2013-04-12</sponsorshipDate>
      </item>
      <item>
        <state>CA</state>
        <fullName>Rep. Speier, Jackie [D-CA-14]</fullName>
        <district>14</district>
        <sponsorshipWithdrawnDate />
        <party>D</party>
        <identifiers>
          <bioguideId>S001175</bioguideId>
          <lisID>1890</lisID>
          <gpoId>7817</gpoId>
        </identifiers>
        <middleName />
        <bioguideId>S001175</bioguideId>
        <firstName>Jackie</firstName>
        <lastName>Speier</lastName>
        <isOriginalCosponsor>True</isOriginalCosponsor>
        <sponsorshipDate>2013-04-12</sponsorshipDate>
      </item>
      <item>
        <state>NY</state>
        <fullName>Rep. Crowley, Joseph [D-NY-14]</fullName>
        <district>14</district>
        <sponsorshipWithdrawnDate />
        <party>D</party>
        <identifiers>
          <lisID>1604</lisID>
          <gpoId>8068</gpoId>
          <bioguideId>C001038</bioguideId>
        </identifiers>
        <middleName />
        <bioguideId>C001038</bioguideId>
        <firstName>JOSEPH</firstName>
        <lastName>CROWLEY</lastName>
        <isOriginalCosponsor>True</isOriginalCosponsor>
        <sponsorshipDate>2013-04-12</sponsorshipDate>
      </item>
    </cosponsors>
    <congress>113</congress>
    <committees>
      <billCommittees>
        <item>
          <activities>
            <item>
              <name>Referred to</name>
              <date>2013-04-12T14:02:05Z</date>
            </item>
          </activities>
          <name>Oversight and Government Reform Committee</name>
          <subcommittees />
          <chamber>House</chamber>
          <type>Standing</type>
          <systemCode>hsgo00</systemCode>
        </item>
      </billCommittees>
    </committees>
    <sponsors>
      <item>
        <fullName>Rep. Garamendi, John [D-CA-3]</fullName>
        <lastName>Garamendi</lastName>
        <byRequestType />
        <party>D</party>
        <state>CA</state>
        <middleName />
        <firstName>John</firstName>
        <bioguideId>G000559</bioguideId>
        <district>3</district>
        <identifiers>
          <gpoId>7815</gpoId>
          <lisID>1973</lisID>
          <bioguideId>G000559</bioguideId>
        </identifiers>
      </item>
    </sponsors>
    <latestAction>
      <text>Referred to the House Committee on Oversight and Government Reform.</text>
      <actionDate>2013-04-12</actionDate>
      <links />
    </latestAction>
    <subjects>
      <billSubjects>
        <policyArea>
          <name>Arts, Culture, Religion</name>
        </policyArea>
        <legislativeSubjects>
          <item>
            <name>Commemorative events and holidays</name>
          </item>
          <item>
            <name>Religion</name>
          </item>
        </legislativeSubjects>
      </billSubjects>
    </subjects>
    <constitutionalAuthorityStatementText />
    <createDate>2013-04-13T07:02:05Z</createDate>
    <title>Honoring the Sikh community's celebration of Vaisakhi.</title>
    <laws />
    <titles>
      <item>
        <title>Honoring the Sikh community's celebration of Vaisakhi.</title>
        <chamberCode />
        <chamberName />
        <titleType>Official Title as Introduced</titleType>
        <parentTitleType />
      </item>
      <item>
        <title>Honoring the Sikh community's celebration of Vaisakhi.</title>
        <chamberCode />
        <chamberName />
        <titleType>Display Title</titleType>
        <parentTitleType />
      </item>
    </titles>
    <committeeReports />
    <notes />
    <cboCostEstimates />
  </bill>
  <dublinCore xmlns:dc="http://purl.org/dc/elements/1.1/">
    <dc:format>text/xml</dc:format>
    <dc:language>EN</dc:language>
    <dc:rights>Pursuant to Title 17 Section 105 of the United States Code, this file is not subject to copyright protection and is in the public domain.</dc:rights>
    <dc:contributor>Congressional Research Service, Library of Congress</dc:contributor>
    <dc:description>This file contains bill summaries and statuses for federal legislation. A bill summary describes the most significant provisions of a piece of legislation and details the effects the legislative text may have on current law and federal programs. Bill summaries are authored by the Congressional Research Service (CRS) of the Library of Congress. As stated in Public Law 91-510 (2 USC 166 (d)(6)), one of the duties of CRS is "to prepare summaries and digests of bills and resolutions of a public general nature introduced in the Senate or House of Representatives". For more information, refer to the User Guide that accompanies this file.</dc:description>
  </dublinCore>
</billStatus>

