<?xml version="1.0" encoding="UTF-8"?>
<billStatus>
  <bill>
    <title>Expressing support for internal rebuilding, resettlement, and reconciliation within Sri Lanka that are necessary to ensure a lasting peace.</title>
    <policyArea>
      <name>International Affairs</name>
    </policyArea>
    <constitutionalAuthorityStatementText />
    <recordedVotes />
    <createDate>2013-06-05T07:01:43Z</createDate>
    <summaries>
      <billSummaries>
        <item>
          <versionCode>00</versionCode>
          <actionDate>2013-06-04</actionDate>
          <text><![CDATA[<p>Calls on the government of Sri Lanka to build on its establishment of the Lessons Learnt and Reconciliation Commission (LLRC). </p> <p>Recognizes that the LLRC report did not adequately address issues of accountability for both the government of Sri Lanka and the Liberation Tigers of Tamil Eelam (LTTE). </p> <p>Calls for the establishment of an independent international mechanism to look into allegations of war crimes and other human rights violations committed by all sides during and after the war in Sri Lanka. </p> <p>Encourages Sri Lanka to allow for greater media freedoms. </p> <p>Urges Sri Lanka to allow humanitarian organizations and international human rights groups greater access to the war-affected. </p> <p>Acknowledges the end of the war and the importance of reaching a power-sharing political settlement.</p>]]></text>
          <name>Introduced in House</name>
          <lastSummaryUpdateDate>2013-08-27T21:42:25Z</lastSummaryUpdateDate>
          <updateDate>2013-06-04T04:00:00Z</updateDate>
          <actionDesc>Introduced in House</actionDesc>
        </item>
      </billSummaries>
    </summaries>
    <committeeReports />
    <notes />
    <latestAction>
      <links />
      <actionDate>2013-07-09</actionDate>
      <text>Referred to the Subcommittee on Asia and the Pacific.</text>
    </latestAction>
    <sponsors>
      <item>
        <state>NY</state>
        <fullName>Rep. Grimm, Michael G. [R-NY-11]</fullName>
        <district>11</district>
        <bioguideId>G000569</bioguideId>
        <middleName>G.</middleName>
        <byRequestType />
        <lastName>Grimm</lastName>
        <party>R</party>
        <firstName>Michael</firstName>
        <identifiers>
          <lisID>2041</lisID>
          <bioguideId>G000569</bioguideId>
          <gpoId>8074</gpoId>
        </identifiers>
      </item>
    </sponsors>
    <billNumber>247</billNumber>
    <titles>
      <item>
        <title>Expressing support for internal rebuilding, resettlement, and reconciliation within Sri Lanka that are necessary to ensure a lasting peace.</title>
        <titleType>Official Title as Introduced</titleType>
        <chamberCode />
        <chamberName />
        <parentTitleType />
      </item>
      <item>
        <title>Expressing support for internal rebuilding, resettlement, and reconciliation within Sri Lanka that are necessary to ensure a lasting peace.</title>
        <titleType>Display Title</titleType>
        <chamberCode />
        <chamberName />
        <parentTitleType />
      </item>
    </titles>
    <billType>HRES</billType>
    <laws />
    <committees>
      <billCommittees>
        <item>
          <subcommittees>
            <item>
              <name>Asia and the Pacific Subcommittee</name>
              <activities>
                <item>
                  <name>Referred to</name>
                  <date>2013-07-09T14:39:30Z</date>
                </item>
              </activities>
              <systemCode>hsfa05</systemCode>
            </item>
          </subcommittees>
          <chamber>House</chamber>
          <type>Standing</type>
          <name>Foreign Affairs Committee</name>
          <systemCode>hsfa00</systemCode>
          <activities>
            <item>
              <name>Referred to</name>
              <date>2013-06-04T14:03:15Z</date>
            </item>
          </activities>
        </item>
      </billCommittees>
    </committees>
    <updateDate>2016-10-25T15:54:51Z</updateDate>
    <relatedBills />
    <subjects>
      <billSubjects>
        <legislativeSubjects>
          <item>
            <name>Asia</name>
          </item>
          <item>
            <name>Conflicts and wars</name>
          </item>
          <item>
            <name>Criminal investigation, prosecution, interrogation</name>
          </item>
          <item>
            <name>Human rights</name>
          </item>
          <item>
            <name>International organizations and cooperation</name>
          </item>
          <item>
            <name>News media and reporting</name>
          </item>
          <item>
            <name>Reconstruction and stabilization</name>
          </item>
          <item>
            <name>Sovereignty, recognition, national governance and status</name>
          </item>
          <item>
            <name>Sri Lanka</name>
          </item>
          <item>
            <name>War crimes, genocide, crimes against humanity</name>
          </item>
        </legislativeSubjects>
        <policyArea>
          <name>International Affairs</name>
        </policyArea>
      </billSubjects>
    </subjects>
    <introducedDate>2013-06-04</introducedDate>
    <actions>
      <item>
        <actionDate>2013-07-09</actionDate>
        <committee>
          <systemCode>hsfa05</systemCode>
          <name>Asia and the Pacific Subcommittee</name>
        </committee>
        <links />
        <sourceSystem>
          <code>1</code>
          <name>House committee actions</name>
        </sourceSystem>
        <text>Referred to the Subcommittee on Asia and the Pacific.</text>
        <type>Committee</type>
      </item>
      <item>
        <text>Referred to the House Committee on Foreign Affairs.</text>
        <committee>
          <systemCode>hsfa00</systemCode>
          <name>Foreign Affairs Committee</name>
        </committee>
        <actionCode>H11100</actionCode>
        <sourceSystem>
          <code>2</code>
          <name>House floor actions</name>
        </sourceSystem>
        <type>IntroReferral</type>
        <actionDate>2013-06-04</actionDate>
        <links />
      </item>
      <item>
        <text>Introduced in House</text>
        <committee />
        <actionCode>Intro-H</actionCode>
        <sourceSystem>
          <code>9</code>
          <name>Library of Congress</name>
        </sourceSystem>
        <type>IntroReferral</type>
        <actionDate>2013-06-04</actionDate>
        <links />
      </item>
      <item>
        <text>Introduced in House</text>
        <committee />
        <actionCode>1000</actionCode>
        <sourceSystem>
          <code>9</code>
          <name>Library of Congress</name>
        </sourceSystem>
        <type>IntroReferral</type>
        <actionDate>2013-06-04</actionDate>
        <links />
      </item>
      <actionByCounts>
        <houseOfRepresentatives>4</houseOfRepresentatives>
      </actionByCounts>
      <actionTypeCounts>
        <placeholderTextForH>1</placeholderTextForH>
        <introducedInTheHouse>1</introducedInTheHouse>
        <billReferrals>1</billReferrals>
        <introducedInHouse>1</introducedInHouse>
      </actionTypeCounts>
    </actions>
    <amendments />
    <congress>113</congress>
    <cosponsors>
      <item>
        <district>6</district>
        <bioguideId>J000292</bioguideId>
        <sponsorshipWithdrawnDate />
        <fullName>Rep. Johnson, Bill [R-OH-6]</fullName>
        <party>R</party>
        <lastName>Johnson</lastName>
        <middleName />
        <identifiers>
          <lisID>2046</lisID>
          <bioguideId>J000292</bioguideId>
          <gpoId>8096</gpoId>
        </identifiers>
        <sponsorshipDate>2013-06-04</sponsorshipDate>
        <isOriginalCosponsor>True</isOriginalCosponsor>
        <firstName>Bill</firstName>
        <state>OH</state>
      </item>
      <item>
        <district>2</district>
        <bioguideId>M000312</bioguideId>
        <sponsorshipWithdrawnDate />
        <fullName>Rep. McGovern, James P. [D-MA-2]</fullName>
        <party>D</party>
        <lastName>MCGOVERN</lastName>
        <middleName>P.</middleName>
        <identifiers>
          <lisID>1504</lisID>
          <gpoId>7968</gpoId>
          <bioguideId>M000312</bioguideId>
        </identifiers>
        <sponsorshipDate>2013-06-04</sponsorshipDate>
        <isOriginalCosponsor>True</isOriginalCosponsor>
        <firstName>JAMES</firstName>
        <state>MA</state>
      </item>
      <item>
        <district>12</district>
        <bioguideId>H001032</bioguideId>
        <sponsorshipWithdrawnDate />
        <fullName>Rep. Holt, Rush [D-NJ-12]</fullName>
        <party>D</party>
        <lastName>HOLT</lastName>
        <middleName>D.</middleName>
        <identifiers>
          <lisID>1580</lisID>
          <gpoId>8054</gpoId>
          <bioguideId>H001032</bioguideId>
        </identifiers>
        <sponsorshipDate>2013-06-04</sponsorshipDate>
        <isOriginalCosponsor>True</isOriginalCosponsor>
        <firstName>RUSH</firstName>
        <state>NJ</state>
      </item>
      <item>
        <district>7</district>
        <bioguideId>L000567</bioguideId>
        <sponsorshipWithdrawnDate />
        <fullName>Rep. Lance, Leonard [R-NJ-7]</fullName>
        <party>R</party>
        <lastName>Lance</lastName>
        <middleName />
        <identifiers>
          <lisID>1936</lisID>
          <gpoId>8049</gpoId>
          <bioguideId>L000567</bioguideId>
        </identifiers>
        <sponsorshipDate>2013-06-04</sponsorshipDate>
        <isOriginalCosponsor>True</isOriginalCosponsor>
        <firstName>Leonard</firstName>
        <state>NJ</state>
      </item>
      <item>
        <district>7</district>
        <bioguideId>D000096</bioguideId>
        <sponsorshipWithdrawnDate />
        <fullName>Rep. Davis, Danny K. [D-IL-7]</fullName>
        <party>D</party>
        <lastName>DAVIS</lastName>
        <middleName>K.</middleName>
        <identifiers>
          <lisID>1477</lisID>
          <gpoId>7927</gpoId>
          <bioguideId>D000096</bioguideId>
        </identifiers>
        <sponsorshipDate>2013-06-04</sponsorshipDate>
        <isOriginalCosponsor>True</isOriginalCosponsor>
        <firstName>DANNY</firstName>
        <state>IL</state>
      </item>
      <item>
        <district>6</district>
        <bioguideId>T000266</bioguideId>
        <sponsorshipWithdrawnDate />
        <fullName>Rep. Tierney, John F. [D-MA-6]</fullName>
        <party>D</party>
        <lastName>TIERNEY</lastName>
        <middleName>F.</middleName>
        <identifiers>
          <lisID>1535</lisID>
          <gpoId>7971</gpoId>
          <bioguideId>T000266</bioguideId>
        </identifiers>
        <sponsorshipDate>2013-06-27</sponsorshipDate>
        <isOriginalCosponsor>False</isOriginalCosponsor>
        <firstName>JOHN</firstName>
        <state>MA</state>
      </item>
      <item>
        <district>15</district>
        <bioguideId>S001187</bioguideId>
        <sponsorshipWithdrawnDate />
        <fullName>Rep. Stivers, Steve [R-OH-15]</fullName>
        <party>R</party>
        <lastName>Stivers</lastName>
        <middleName />
        <identifiers>
          <lisID>2047</lisID>
          <gpoId>8105</gpoId>
          <bioguideId>S001187</bioguideId>
        </identifiers>
        <sponsorshipDate>2013-06-28</sponsorshipDate>
        <isOriginalCosponsor>False</isOriginalCosponsor>
        <firstName>Steve</firstName>
        <state>OH</state>
      </item>
      <item>
        <district>4</district>
        <bioguideId>M001160</bioguideId>
        <sponsorshipWithdrawnDate />
        <fullName>Rep. Moore, Gwen [D-WI-4]</fullName>
        <party>D</party>
        <lastName>Moore</lastName>
        <middleName />
        <identifiers>
          <gpoId>8217</gpoId>
          <lisID>1811</lisID>
          <bioguideId>M001160</bioguideId>
        </identifiers>
        <sponsorshipDate>2013-07-23</sponsorshipDate>
        <isOriginalCosponsor>False</isOriginalCosponsor>
        <firstName>Gwen</firstName>
        <state>WI</state>
      </item>
      <item>
        <district>30</district>
        <bioguideId>S000344</bioguideId>
        <sponsorshipWithdrawnDate />
        <fullName>Rep. Sherman, Brad [D-CA-30]</fullName>
        <party>D</party>
        <lastName>SHERMAN</lastName>
        <middleName />
        <identifiers>
          <lisID>1526</lisID>
          <gpoId>7832</gpoId>
          <bioguideId>S000344</bioguideId>
        </identifiers>
        <sponsorshipDate>2013-09-25</sponsorshipDate>
        <isOriginalCosponsor>False</isOriginalCosponsor>
        <firstName>BRAD</firstName>
        <state>CA</state>
      </item>
      <item>
        <district>16</district>
        <bioguideId>E000179</bioguideId>
        <sponsorshipWithdrawnDate />
        <fullName>Rep. Engel, Eliot L. [D-NY-16]</fullName>
        <party>D</party>
        <lastName>ENGEL</lastName>
        <middleName>L.</middleName>
        <identifiers>
          <lisID>344</lisID>
          <gpoId>8078</gpoId>
          <bioguideId>E000179</bioguideId>
        </identifiers>
        <sponsorshipDate>2013-10-04</sponsorshipDate>
        <isOriginalCosponsor>False</isOriginalCosponsor>
        <firstName>ELIOT</firstName>
        <state>NY</state>
      </item>
      <item>
        <district>9</district>
        <bioguideId>K000375</bioguideId>
        <sponsorshipWithdrawnDate />
        <fullName>Rep. Keating, William R. [D-MA-9]</fullName>
        <party>D</party>
        <lastName>Keating</lastName>
        <middleName>R.</middleName>
        <identifiers>
          <bioguideId>K000375</bioguideId>
          <lisID>2025</lisID>
          <gpoId>7975</gpoId>
        </identifiers>
        <sponsorshipDate>2013-10-09</sponsorshipDate>
        <isOriginalCosponsor>False</isOriginalCosponsor>
        <firstName>William</firstName>
        <state>MA</state>
      </item>
      <item>
        <district>13</district>
        <bioguideId>R000577</bioguideId>
        <sponsorshipWithdrawnDate />
        <fullName>Rep. Ryan, Tim [D-OH-13]</fullName>
        <party>D</party>
        <lastName>RYAN</lastName>
        <middleName />
        <identifiers>
          <bioguideId>R000577</bioguideId>
          <lisID>1756</lisID>
          <gpoId>8107</gpoId>
        </identifiers>
        <sponsorshipDate>2013-10-23</sponsorshipDate>
        <isOriginalCosponsor>False</isOriginalCosponsor>
        <firstName>TIM</firstName>
        <state>OH</state>
      </item>
      <item>
        <district>9</district>
        <bioguideId>S001145</bioguideId>
        <sponsorshipWithdrawnDate />
        <fullName>Rep. Schakowsky, Janice D. [D-IL-9]</fullName>
        <party>D</party>
        <lastName>SCHAKOWSKY</lastName>
        <middleName>D.</middleName>
        <identifiers>
          <lisID>1588</lisID>
          <gpoId>7929</gpoId>
          <bioguideId>S001145</bioguideId>
        </identifiers>
        <sponsorshipDate>2013-11-12</sponsorshipDate>
        <isOriginalCosponsor>False</isOriginalCosponsor>
        <firstName>JANICE</firstName>
        <state>IL</state>
      </item>
      <item>
        <district>4</district>
        <bioguideId>P000523</bioguideId>
        <sponsorshipWithdrawnDate />
        <fullName>Rep. Price, David E. [D-NC-4]</fullName>
        <party>D</party>
        <lastName>PRICE</lastName>
        <middleName>E.</middleName>
        <identifiers>
          <gpoId>8027</gpoId>
          <lisID>930</lisID>
          <bioguideId>P000523</bioguideId>
        </identifiers>
        <sponsorshipDate>2013-11-14</sponsorshipDate>
        <isOriginalCosponsor>False</isOriginalCosponsor>
        <firstName>DAVID</firstName>
        <state>NC</state>
      </item>
      <item>
        <district>10</district>
        <bioguideId>H001064</bioguideId>
        <sponsorshipWithdrawnDate />
        <fullName>Rep. Heck, Denny [D-WA-10]</fullName>
        <party>D</party>
        <lastName>Heck</lastName>
        <middleName />
        <identifiers>
          <bioguideId>H001064</bioguideId>
          <lisID>2170</lisID>
          <gpoId />
        </identifiers>
        <sponsorshipDate>2013-11-14</sponsorshipDate>
        <isOriginalCosponsor>False</isOriginalCosponsor>
        <firstName>Denny</firstName>
        <state>WA</state>
      </item>
      <item>
        <district>2</district>
        <bioguideId>G000571</bioguideId>
        <sponsorshipWithdrawnDate />
        <fullName>Rep. Gabbard, Tulsi [D-HI-2]</fullName>
        <party>D</party>
        <lastName>Gabbard</lastName>
        <middleName />
        <identifiers>
          <lisID>2122</lisID>
          <bioguideId>G000571</bioguideId>
          <gpoId />
        </identifiers>
        <sponsorshipDate>2013-11-21</sponsorshipDate>
        <isOriginalCosponsor>False</isOriginalCosponsor>
        <firstName>Tulsi</firstName>
        <state>HI</state>
      </item>
      <item>
        <district>1</district>
        <bioguideId>C001084</bioguideId>
        <sponsorshipWithdrawnDate />
        <fullName>Rep. Cicilline, David N. [D-RI-1]</fullName>
        <party>D</party>
        <lastName>Cicilline</lastName>
        <middleName>N.</middleName>
        <identifiers>
          <lisID>2055</lisID>
          <bioguideId>C001084</bioguideId>
          <gpoId>8139</gpoId>
        </identifiers>
        <sponsorshipDate>2013-12-09</sponsorshipDate>
        <isOriginalCosponsor>False</isOriginalCosponsor>
        <firstName>David</firstName>
        <state>RI</state>
      </item>
      <item>
        <district>21</district>
        <bioguideId>D000610</bioguideId>
        <sponsorshipWithdrawnDate />
        <fullName>Rep. Deutch, Theodore E. [D-FL-21]</fullName>
        <party>D</party>
        <lastName>Deutch</lastName>
        <middleName>E.</middleName>
        <identifiers>
          <bioguideId>D000610</bioguideId>
          <lisID>1976</lisID>
          <gpoId>7891</gpoId>
        </identifiers>
        <sponsorshipDate>2013-12-11</sponsorshipDate>
        <isOriginalCosponsor>False</isOriginalCosponsor>
        <firstName>Theodore</firstName>
        <state>FL</state>
      </item>
      <item>
        <district>17</district>
        <bioguideId>H001034</bioguideId>
        <sponsorshipWithdrawnDate />
        <fullName>Rep. Honda, Michael M. [D-CA-17]</fullName>
        <party>D</party>
        <lastName>HONDA</lastName>
        <middleName>M.</middleName>
        <identifiers>
          <bioguideId>H001034</bioguideId>
          <lisID>1634</lisID>
          <gpoId>7820</gpoId>
        </identifiers>
        <sponsorshipDate>2014-01-10</sponsorshipDate>
        <isOriginalCosponsor>False</isOriginalCosponsor>
        <firstName>MICHAEL</firstName>
        <state>CA</state>
      </item>
      <item>
        <district>4</district>
        <bioguideId>K000379</bioguideId>
        <sponsorshipWithdrawnDate />
        <fullName>Rep. Kennedy, Joseph P. III [D-MA-4]</fullName>
        <party>D</party>
        <lastName>Kennedy</lastName>
        <middleName>P.</middleName>
        <identifiers>
          <lisID>2172</lisID>
          <bioguideId>K000379</bioguideId>
          <gpoId />
        </identifiers>
        <sponsorshipDate>2014-01-10</sponsorshipDate>
        <isOriginalCosponsor>False</isOriginalCosponsor>
        <firstName>Joseph</firstName>
        <state>MA</state>
      </item>
      <item>
        <district>26</district>
        <bioguideId>H001038</bioguideId>
        <sponsorshipWithdrawnDate />
        <fullName>Rep. Higgins, Brian [D-NY-26]</fullName>
        <party>D</party>
        <lastName>Higgins</lastName>
        <middleName />
        <identifiers>
          <gpoId>8088</gpoId>
          <lisID>1794</lisID>
          <bioguideId>H001038</bioguideId>
        </identifiers>
        <sponsorshipDate>2014-03-25</sponsorshipDate>
        <isOriginalCosponsor>False</isOriginalCosponsor>
        <firstName>Brian</firstName>
        <state>NY</state>
      </item>
    </cosponsors>
    <calendarNumbers />
    <cboCostEstimates />
    <originChamber>House</originChamber>
  </bill>
  <dublinCore xmlns:dc="http://purl.org/dc/elements/1.1/">
    <dc:format>text/xml</dc:format>
    <dc:language>EN</dc:language>
    <dc:rights>Pursuant to Title 17 Section 105 of the United States Code, this file is not subject to copyright protection and is in the public domain.</dc:rights>
    <dc:contributor>Congressional Research Service, Library of Congress</dc:contributor>
    <dc:description>This file contains bill summaries and statuses for federal legislation. A bill summary describes the most significant provisions of a piece of legislation and details the effects the legislative text may have on current law and federal programs. Bill summaries are authored by the Congressional Research Service (CRS) of the Library of Congress. As stated in Public Law 91-510 (2 USC 166 (d)(6)), one of the duties of CRS is "to prepare summaries and digests of bills and resolutions of a public general nature introduced in the Senate or House of Representatives". For more information, refer to the User Guide that accompanies this file.</dc:description>
  </dublinCore>
</billStatus>

