<?xml version="1.0" encoding="UTF-8"?>
<billStatus>
  <bill>
    <latestAction>
      <text>Referred to the Subcommittee on Horticulture, Research, Biotechnology, and Foreign Agriculture.</text>
      <links />
      <actionDate>2013-05-03</actionDate>
    </latestAction>
    <policyArea>
      <name>Agriculture and Food</name>
    </policyArea>
    <amendments />
    <relatedBills />
    <billNumber>182</billNumber>
    <updateDate>2016-10-25T15:54:42Z</updateDate>
    <cboCostEstimates />
    <sponsors>
      <item>
        <fullName>Rep. DelBene, Suzan K. [D-WA-1]</fullName>
        <firstName>Suzan</firstName>
        <district>1</district>
        <lastName>DelBene</lastName>
        <byRequestType />
        <identifiers>
          <lisID>2096</lisID>
          <gpoId>8374</gpoId>
          <bioguideId>D000617</bioguideId>
        </identifiers>
        <middleName>K.</middleName>
        <party>D</party>
        <state>WA</state>
        <bioguideId>D000617</bioguideId>
      </item>
    </sponsors>
    <notes />
    <originChamber>House</originChamber>
    <subjects>
      <billSubjects>
        <legislativeSubjects>
          <item>
            <name>Agricultural prices, subsidies, credit</name>
          </item>
          <item>
            <name>Fruit and vegetables</name>
          </item>
        </legislativeSubjects>
        <policyArea>
          <name>Agriculture and Food</name>
        </policyArea>
      </billSubjects>
    </subjects>
    <cosponsors>
      <item>
        <identifiers>
          <lisID>2112</lisID>
          <gpoId />
          <bioguideId>V000130</bioguideId>
        </identifiers>
        <isOriginalCosponsor>True</isOriginalCosponsor>
        <firstName>Juan</firstName>
        <sponsorshipWithdrawnDate />
        <sponsorshipDate>2013-04-25</sponsorshipDate>
        <party>D</party>
        <district>51</district>
        <fullName>Rep. Vargas, Juan [D-CA-51]</fullName>
        <state>CA</state>
        <bioguideId>V000130</bioguideId>
        <lastName>Vargas</lastName>
        <middleName />
      </item>
      <item>
        <identifiers>
          <lisID>279</lisID>
          <gpoId>8117</gpoId>
          <bioguideId>D000191</bioguideId>
        </identifiers>
        <isOriginalCosponsor>True</isOriginalCosponsor>
        <firstName>PETER</firstName>
        <sponsorshipWithdrawnDate />
        <sponsorshipDate>2013-04-25</sponsorshipDate>
        <party>D</party>
        <district>4</district>
        <fullName>Rep. DeFazio, Peter A. [D-OR-4]</fullName>
        <state>OR</state>
        <bioguideId>D000191</bioguideId>
        <lastName>DEFAZIO</lastName>
        <middleName>A.</middleName>
      </item>
      <item>
        <identifiers>
          <bioguideId>B001271</bioguideId>
          <lisID>2027</lisID>
          <gpoId>7986</gpoId>
        </identifiers>
        <isOriginalCosponsor>True</isOriginalCosponsor>
        <firstName>Dan</firstName>
        <sponsorshipWithdrawnDate />
        <sponsorshipDate>2013-04-25</sponsorshipDate>
        <party>R</party>
        <district>1</district>
        <fullName>Rep. Benishek, Dan [R-MI-1]</fullName>
        <state>MI</state>
        <bioguideId>B001271</bioguideId>
        <lastName>Benishek</lastName>
        <middleName />
      </item>
      <item>
        <identifiers>
          <lisID>512</lisID>
          <bioguideId>H000329</bioguideId>
          <gpoId>8799</gpoId>
        </identifiers>
        <isOriginalCosponsor>True</isOriginalCosponsor>
        <firstName>DOC</firstName>
        <sponsorshipWithdrawnDate />
        <sponsorshipDate>2013-04-25</sponsorshipDate>
        <party>R</party>
        <district>4</district>
        <fullName>Rep. Hastings, Doc [R-WA-4]</fullName>
        <state>WA</state>
        <bioguideId>H000329</bioguideId>
        <lastName>HASTINGS</lastName>
        <middleName />
      </item>
      <item>
        <identifiers>
          <bioguideId>M001185</bioguideId>
          <lisID>2150</lisID>
          <gpoId />
        </identifiers>
        <isOriginalCosponsor>True</isOriginalCosponsor>
        <firstName>Sean</firstName>
        <sponsorshipWithdrawnDate />
        <sponsorshipDate>2013-04-25</sponsorshipDate>
        <party>D</party>
        <district>18</district>
        <fullName>Rep. Maloney, Sean Patrick [D-NY-18]</fullName>
        <state>NY</state>
        <bioguideId>M001185</bioguideId>
        <lastName>Maloney</lastName>
        <middleName>Patrick</middleName>
      </item>
      <item>
        <identifiers>
          <lisID>2145</lisID>
          <gpoId />
          <bioguideId>K000382</bioguideId>
        </identifiers>
        <isOriginalCosponsor>True</isOriginalCosponsor>
        <firstName>Ann</firstName>
        <sponsorshipWithdrawnDate />
        <sponsorshipDate>2013-04-25</sponsorshipDate>
        <party>D</party>
        <district>2</district>
        <fullName>Rep. Kuster, Ann M. [D-NH-2]</fullName>
        <state>NH</state>
        <bioguideId>K000382</bioguideId>
        <lastName>Kuster</lastName>
        <middleName>M.</middleName>
      </item>
      <item>
        <identifiers>
          <lisID>1950</lisID>
          <bioguideId>S001180</bioguideId>
          <gpoId>8118</gpoId>
        </identifiers>
        <isOriginalCosponsor>True</isOriginalCosponsor>
        <firstName>Kurt</firstName>
        <sponsorshipWithdrawnDate />
        <sponsorshipDate>2013-04-25</sponsorshipDate>
        <party>D</party>
        <district>5</district>
        <fullName>Rep. Schrader, Kurt [D-OR-5]</fullName>
        <state>OR</state>
        <bioguideId>S001180</bioguideId>
        <lastName>Schrader</lastName>
        <middleName />
      </item>
      <item>
        <identifiers>
          <gpoId>7968</gpoId>
          <lisID>1504</lisID>
          <bioguideId>M000312</bioguideId>
        </identifiers>
        <isOriginalCosponsor>True</isOriginalCosponsor>
        <firstName>JAMES</firstName>
        <sponsorshipWithdrawnDate />
        <sponsorshipDate>2013-04-25</sponsorshipDate>
        <party>D</party>
        <district>2</district>
        <fullName>Rep. McGovern, James P. [D-MA-2]</fullName>
        <state>MA</state>
        <bioguideId>M000312</bioguideId>
        <lastName>MCGOVERN</lastName>
        <middleName>P.</middleName>
      </item>
      <item>
        <identifiers>
          <bioguideId>G000559</bioguideId>
          <lisID>1973</lisID>
          <gpoId>7815</gpoId>
        </identifiers>
        <isOriginalCosponsor>True</isOriginalCosponsor>
        <firstName>John</firstName>
        <sponsorshipWithdrawnDate />
        <sponsorshipDate>2013-04-25</sponsorshipDate>
        <party>D</party>
        <district>3</district>
        <fullName>Rep. Garamendi, John [D-CA-3]</fullName>
        <state>CA</state>
        <bioguideId>G000559</bioguideId>
        <lastName>Garamendi</lastName>
        <middleName />
      </item>
      <item>
        <identifiers>
          <gpoId>8212</gpoId>
          <lisID>1810</lisID>
          <bioguideId>R000578</bioguideId>
        </identifiers>
        <isOriginalCosponsor>True</isOriginalCosponsor>
        <firstName>David</firstName>
        <sponsorshipWithdrawnDate />
        <sponsorshipDate>2013-04-25</sponsorshipDate>
        <party>R</party>
        <district>8</district>
        <fullName>Rep. Reichert, David G. [R-WA-8]</fullName>
        <state>WA</state>
        <bioguideId>R000578</bioguideId>
        <lastName>Reichert</lastName>
        <middleName>G.</middleName>
      </item>
      <item>
        <identifiers>
          <lisID>2151</lisID>
          <gpoId />
          <bioguideId>C001092</bioguideId>
        </identifiers>
        <isOriginalCosponsor>False</isOriginalCosponsor>
        <firstName>Chris</firstName>
        <sponsorshipWithdrawnDate />
        <sponsorshipDate>2013-05-03</sponsorshipDate>
        <party>R</party>
        <district>27</district>
        <fullName>Rep. Collins, Chris [R-NY-27]</fullName>
        <state>NY</state>
        <bioguideId>C001092</bioguideId>
        <lastName>Collins</lastName>
        <middleName />
      </item>
      <item>
        <identifiers>
          <gpoId>8054</gpoId>
          <lisID>1580</lisID>
          <bioguideId>H001032</bioguideId>
        </identifiers>
        <isOriginalCosponsor>False</isOriginalCosponsor>
        <firstName>RUSH</firstName>
        <sponsorshipWithdrawnDate />
        <sponsorshipDate>2013-05-03</sponsorshipDate>
        <party>D</party>
        <district>12</district>
        <fullName>Rep. Holt, Rush [D-NJ-12]</fullName>
        <state>NJ</state>
        <bioguideId>H001032</bioguideId>
        <lastName>HOLT</lastName>
        <middleName>D.</middleName>
      </item>
      <item>
        <identifiers>
          <bioguideId>H001064</bioguideId>
          <gpoId />
          <lisID>2170</lisID>
        </identifiers>
        <isOriginalCosponsor>False</isOriginalCosponsor>
        <firstName>Denny</firstName>
        <sponsorshipWithdrawnDate />
        <sponsorshipDate>2013-05-03</sponsorshipDate>
        <party>D</party>
        <district>10</district>
        <fullName>Rep. Heck, Denny [D-WA-10]</fullName>
        <state>WA</state>
        <bioguideId>H001064</bioguideId>
        <lastName>Heck</lastName>
        <middleName />
      </item>
      <item>
        <identifiers>
          <bioguideId>B001260</bioguideId>
          <lisID>1840</lisID>
          <gpoId>7885</gpoId>
        </identifiers>
        <isOriginalCosponsor>False</isOriginalCosponsor>
        <firstName>Vern</firstName>
        <sponsorshipWithdrawnDate />
        <sponsorshipDate>2013-05-06</sponsorshipDate>
        <party>R</party>
        <district>16</district>
        <fullName>Rep. Buchanan, Vern [R-FL-16]</fullName>
        <state>FL</state>
        <bioguideId>B001260</bioguideId>
        <lastName>Buchanan</lastName>
        <middleName />
      </item>
      <item>
        <identifiers>
          <lisID>2146</lisID>
          <bioguideId>L000580</bioguideId>
          <gpoId />
        </identifiers>
        <isOriginalCosponsor>False</isOriginalCosponsor>
        <firstName>Michelle</firstName>
        <sponsorshipWithdrawnDate />
        <sponsorshipDate>2013-05-06</sponsorshipDate>
        <party>D</party>
        <district>1</district>
        <fullName>Rep. Lujan Grisham, Michelle [D-NM-1]</fullName>
        <state>NM</state>
        <bioguideId>L000580</bioguideId>
        <lastName>Lujan Grisham</lastName>
        <middleName />
      </item>
      <item>
        <identifiers>
          <bioguideId>B001285</bioguideId>
          <lisID>2106</lisID>
          <gpoId />
        </identifiers>
        <isOriginalCosponsor>False</isOriginalCosponsor>
        <firstName>Julia</firstName>
        <sponsorshipWithdrawnDate />
        <sponsorshipDate>2013-05-08</sponsorshipDate>
        <party>D</party>
        <district>26</district>
        <fullName>Rep. Brownley, Julia [D-CA-26]</fullName>
        <state>CA</state>
        <bioguideId>B001285</bioguideId>
        <lastName>Brownley</lastName>
        <middleName />
      </item>
      <item>
        <identifiers>
          <lisID>1740</lisID>
          <gpoId>8062</gpoId>
          <bioguideId>B001242</bioguideId>
        </identifiers>
        <isOriginalCosponsor>False</isOriginalCosponsor>
        <firstName>Timothy</firstName>
        <sponsorshipWithdrawnDate />
        <sponsorshipDate>2013-05-09</sponsorshipDate>
        <party>D</party>
        <district>1</district>
        <fullName>Rep. Bishop, Timothy H. [D-NY-1]</fullName>
        <state>NY</state>
        <bioguideId>B001242</bioguideId>
        <lastName>Bishop</lastName>
        <middleName>H.</middleName>
      </item>
      <item>
        <identifiers>
          <bioguideId>C001072</bioguideId>
          <lisID>1889</lisID>
          <gpoId>7946</gpoId>
        </identifiers>
        <isOriginalCosponsor>False</isOriginalCosponsor>
        <firstName>Andre</firstName>
        <sponsorshipWithdrawnDate />
        <sponsorshipDate>2013-05-13</sponsorshipDate>
        <party>D</party>
        <district>7</district>
        <fullName>Rep. Carson, Andre [D-IN-7]</fullName>
        <state>IN</state>
        <bioguideId>C001072</bioguideId>
        <lastName>Carson</lastName>
        <middleName />
      </item>
      <item>
        <identifiers>
          <gpoId>7837</gpoId>
          <lisID>1970</lisID>
          <bioguideId>C001080</bioguideId>
        </identifiers>
        <isOriginalCosponsor>False</isOriginalCosponsor>
        <firstName>Judy</firstName>
        <sponsorshipWithdrawnDate />
        <sponsorshipDate>2013-05-14</sponsorshipDate>
        <party>D</party>
        <district>27</district>
        <fullName>Rep. Chu, Judy [D-CA-27]</fullName>
        <state>CA</state>
        <bioguideId>C001080</bioguideId>
        <lastName>Chu</lastName>
        <middleName />
      </item>
      <item>
        <identifiers>
          <bioguideId>C001069</bioguideId>
          <lisID>1836</lisID>
          <gpoId>7867</gpoId>
        </identifiers>
        <isOriginalCosponsor>False</isOriginalCosponsor>
        <firstName>Joe</firstName>
        <sponsorshipWithdrawnDate />
        <sponsorshipDate>2013-05-17</sponsorshipDate>
        <party>D</party>
        <district>2</district>
        <fullName>Rep. Courtney, Joe [D-CT-2]</fullName>
        <state>CT</state>
        <bioguideId>C001069</bioguideId>
        <lastName>Courtney</lastName>
        <middleName />
      </item>
      <item>
        <identifiers>
          <lisID>867</lisID>
          <gpoId />
          <bioguideId>N000127</bioguideId>
        </identifiers>
        <isOriginalCosponsor>False</isOriginalCosponsor>
        <firstName>RICHARD</firstName>
        <sponsorshipWithdrawnDate />
        <sponsorshipDate>2013-05-22</sponsorshipDate>
        <party>D</party>
        <district>8</district>
        <fullName>Rep. Nolan, Richard M. [D-MN-8]</fullName>
        <state>MN</state>
        <bioguideId>N000127</bioguideId>
        <lastName>NOLAN</lastName>
        <middleName />
      </item>
    </cosponsors>
    <constitutionalAuthorityStatementText />
    <calendarNumbers />
    <committeeReports />
    <billType>HRES</billType>
    <title>Expressing the sense of the House of Representatives that specialty crops are a vital part of agriculture in the United States, that the Committee on Agriculture should propose funding for programs that support specialty crops priorities, and that legislation should be passed that includes funding reflecting specialty crops as a growing and important part of United States agriculture.</title>
    <introducedDate>2013-04-25</introducedDate>
    <actions>
      <item>
        <actionDate>2013-05-03</actionDate>
        <committee>
          <systemCode>hsag14</systemCode>
          <name>Biotechnology, Horticulture, and Research Subcommittee</name>
        </committee>
        <links />
        <sourceSystem>
          <code>1</code>
          <name>House committee actions</name>
        </sourceSystem>
        <text>Referred to the Subcommittee on Horticulture, Research, Biotechnology, and Foreign Agriculture.</text>
        <type>Committee</type>
      </item>
      <item>
        <text>Referred to the House Committee on Agriculture.</text>
        <committee>
          <systemCode>hsag00</systemCode>
          <name>Agriculture Committee</name>
        </committee>
        <actionCode>H11100</actionCode>
        <sourceSystem>
          <code>2</code>
          <name>House floor actions</name>
        </sourceSystem>
        <type>IntroReferral</type>
        <actionDate>2013-04-25</actionDate>
        <links />
      </item>
      <item>
        <text>Sponsor introductory remarks on measure. (CR H2311)</text>
        <committee />
        <actionCode>B00100</actionCode>
        <sourceSystem>
          <code>9</code>
          <name>Library of Congress</name>
        </sourceSystem>
        <type>IntroReferral</type>
        <actionDate>2013-04-25</actionDate>
        <links>
          <link>
            <name>H2311</name>
            <url>https://www.congress.gov/congressional-record/volume-159/house-section/page/H2311</url>
          </link>
        </links>
      </item>
      <item>
        <text>Introduced in House</text>
        <committee />
        <actionCode>Intro-H</actionCode>
        <sourceSystem>
          <code>9</code>
          <name>Library of Congress</name>
        </sourceSystem>
        <type>IntroReferral</type>
        <actionDate>2013-04-25</actionDate>
        <links />
      </item>
      <item>
        <text>Introduced in House</text>
        <committee />
        <actionCode>1000</actionCode>
        <sourceSystem>
          <code>9</code>
          <name>Library of Congress</name>
        </sourceSystem>
        <type>IntroReferral</type>
        <actionDate>2013-04-25</actionDate>
        <links />
      </item>
      <actionByCounts>
        <houseOfRepresentatives>4</houseOfRepresentatives>
      </actionByCounts>
      <actionTypeCounts>
        <placeholderTextForH>1</placeholderTextForH>
        <placeholderTextForB>1</placeholderTextForB>
        <billReferrals>1</billReferrals>
        <introducedInHouse>1</introducedInHouse>
        <introducedInTheHouse>1</introducedInTheHouse>
      </actionTypeCounts>
    </actions>
    <congress>113</congress>
    <summaries>
      <billSummaries>
        <item>
          <versionCode>00</versionCode>
          <actionDate>2013-04-25</actionDate>
          <text><![CDATA[<p>Expresses the sense of the House of Representatives that: (1) specialty crops are a vital part of U.S. agriculture, (2) the Committee on Agriculture should propose funding for programs that support specialty crop priorities, and (3) legislation should be passed that includes funding reflecting specialty crops as a growing and important part of U.S. agriculture.</p>]]></text>
          <lastSummaryUpdateDate>2013-04-30T15:39:53Z</lastSummaryUpdateDate>
          <actionDesc>Introduced in House</actionDesc>
          <name>Introduced in House</name>
          <updateDate>2013-04-25T04:00:00Z</updateDate>
        </item>
      </billSummaries>
    </summaries>
    <laws />
    <createDate>2013-04-26T07:02:04Z</createDate>
    <titles>
      <item>
        <chamberCode />
        <chamberName />
        <title>Expressing the sense of the House of Representatives that specialty crops are a vital part of agriculture in the United States, that the Committee on Agriculture should propose funding for programs that support specialty crops priorities, and that legislation should be passed that includes funding reflecting specialty crops as a growing and important part of United States agriculture.</title>
        <parentTitleType />
        <titleType>Official Title as Introduced</titleType>
      </item>
      <item>
        <chamberCode />
        <chamberName />
        <title>Expressing the sense of the House of Representatives that specialty crops are a vital part of agriculture in the United States, that the Committee on Agriculture should propose funding for programs that support specialty crops priorities, and that legislation should be passed that includes funding reflecting specialty crops as a growing and important part of United States agriculture.</title>
        <parentTitleType />
        <titleType>Display Title</titleType>
      </item>
    </titles>
    <recordedVotes />
    <committees>
      <billCommittees>
        <item>
          <subcommittees>
            <item>
              <systemCode>hsag14</systemCode>
              <name>Biotechnology, Horticulture, and Research Subcommittee</name>
              <activities>
                <item>
                  <name>Referred to</name>
                  <date>2013-05-03T17:55:33Z</date>
                </item>
              </activities>
            </item>
          </subcommittees>
          <type>Standing</type>
          <activities>
            <item>
              <name>Referred to</name>
              <date>2013-04-25T14:00:35Z</date>
            </item>
          </activities>
          <systemCode>hsag00</systemCode>
          <name>Agriculture Committee</name>
          <chamber>House</chamber>
        </item>
      </billCommittees>
    </committees>
  </bill>
  <dublinCore xmlns:dc="http://purl.org/dc/elements/1.1/">
    <dc:format>text/xml</dc:format>
    <dc:language>EN</dc:language>
    <dc:rights>Pursuant to Title 17 Section 105 of the United States Code, this file is not subject to copyright protection and is in the public domain.</dc:rights>
    <dc:contributor>Congressional Research Service, Library of Congress</dc:contributor>
    <dc:description>This file contains bill summaries and statuses for federal legislation. A bill summary describes the most significant provisions of a piece of legislation and details the effects the legislative text may have on current law and federal programs. Bill summaries are authored by the Congressional Research Service (CRS) of the Library of Congress. As stated in Public Law 91-510 (2 USC 166 (d)(6)), one of the duties of CRS is "to prepare summaries and digests of bills and resolutions of a public general nature introduced in the Senate or House of Representatives". For more information, refer to the User Guide that accompanies this file.</dc:description>
  </dublinCore>
</billStatus>

