<?xml version="1.0" encoding="UTF-8"?>
<billStatus>
  <bill>
    <title>Expressing the sense of the House of Representatives that sedentary lifestyles are a public health issue and supporting the designation of a National Get Vertical Day to recognize the importance of preventing physical inactivity and encouraging adults to live physically active lifestyles.</title>
    <policyArea>
      <name>Health</name>
    </policyArea>
    <constitutionalAuthorityStatementText />
    <recordedVotes />
    <createDate>2014-07-18T04:57:54Z</createDate>
    <summaries>
      <billSummaries>
        <item>
          <lastSummaryUpdateDate>2014-08-20T15:37:52Z</lastSummaryUpdateDate>
          <actionDate>2014-07-17</actionDate>
          <actionDesc>Introduced in House</actionDesc>
          <updateDate>2014-07-17T04:00:00Z</updateDate>
          <text><![CDATA[<p>Supports the designation of a National Get Vertical Day and encourages employers and employees to acknowledge its goals and ideals by incorporating physical movement and appropriate programming into daily work activity.</p> <p>Recognizes the serious long-term health effects of sedentary lifestyles. Urges promotion of physical movement and active lifestyles.</p>]]></text>
          <name>Introduced in House</name>
          <versionCode>00</versionCode>
        </item>
      </billSummaries>
    </summaries>
    <committeeReports />
    <notes />
    <latestAction>
      <links />
      <actionDate>2014-07-18</actionDate>
      <text>Referred to the Subcommittee on Health.</text>
    </latestAction>
    <sponsors>
      <item>
        <state>GA</state>
        <fullName>Rep. Bishop, Sanford D., Jr. [D-GA-2]</fullName>
        <district>2</district>
        <bioguideId>B000490</bioguideId>
        <middleName>D.</middleName>
        <byRequestType />
        <lastName>BISHOP</lastName>
        <party>D</party>
        <firstName>SANFORD</firstName>
        <identifiers>
          <lisID>91</lisID>
          <bioguideId>B000490</bioguideId>
          <gpoId>7899</gpoId>
        </identifiers>
      </item>
    </sponsors>
    <billNumber>674</billNumber>
    <titles>
      <item>
        <chamberCode />
        <title>Expressing the sense of the House of Representatives that sedentary lifestyles are a public health issue and supporting the designation of a National Get Vertical Day to recognize the importance of preventing physical inactivity and encouraging adults to live physically active lifestyles.</title>
        <chamberName />
        <titleType>Official Title as Introduced</titleType>
        <parentTitleType />
      </item>
      <item>
        <chamberCode />
        <title>Expressing the sense of the House of Representatives that sedentary lifestyles are a public health issue and supporting the designation of a National Get Vertical Day to recognize the importance of preventing physical inactivity and encouraging adults to live physically active lifestyles.</title>
        <chamberName />
        <titleType>Display Title</titleType>
        <parentTitleType />
      </item>
    </titles>
    <billType>HRES</billType>
    <laws />
    <committees>
      <billCommittees>
        <item>
          <subcommittees>
            <item>
              <systemCode>hsif14</systemCode>
              <activities>
                <item>
                  <date>2014-07-18T17:36:34Z</date>
                  <name>Referred to</name>
                </item>
              </activities>
              <name>Health Subcommittee</name>
            </item>
          </subcommittees>
          <activities>
            <item>
              <date>2014-07-17T13:03:05Z</date>
              <name>Referred to</name>
            </item>
          </activities>
          <type>Standing</type>
          <systemCode>hsif00</systemCode>
          <chamber>House</chamber>
          <name>Energy and Commerce Committee</name>
        </item>
      </billCommittees>
    </committees>
    <updateDate>2016-10-25T15:55:53Z</updateDate>
    <relatedBills />
    <subjects>
      <billSubjects>
        <policyArea>
          <name>Health</name>
        </policyArea>
        <legislativeSubjects>
          <item>
            <name>Commemorative events and holidays</name>
          </item>
          <item>
            <name>Health promotion and preventive care</name>
          </item>
          <item>
            <name>Physical fitness and lifestyle</name>
          </item>
          <item>
            <name>Worker safety and health</name>
          </item>
        </legislativeSubjects>
      </billSubjects>
    </subjects>
    <introducedDate>2014-07-17</introducedDate>
    <actions>
      <actionTypeCounts>
        <placeholderTextForH>1</placeholderTextForH>
        <billReferrals>1</billReferrals>
        <introducedInHouse>1</introducedInHouse>
        <introducedInTheHouse>1</introducedInTheHouse>
      </actionTypeCounts>
      <item>
        <actionDate>2014-07-18</actionDate>
        <committee>
          <systemCode>hsif14</systemCode>
          <name>Health Subcommittee</name>
        </committee>
        <links />
        <sourceSystem>
          <code>1</code>
          <name>House committee actions</name>
        </sourceSystem>
        <text>Referred to the Subcommittee on Health.</text>
        <type>Committee</type>
      </item>
      <item>
        <actionDate>2014-07-17</actionDate>
        <text>Referred to the House Committee on Energy and Commerce.</text>
        <type>IntroReferral</type>
        <committee>
          <systemCode>hsif00</systemCode>
          <name>Energy and Commerce Committee</name>
        </committee>
        <links />
        <sourceSystem>
          <code>2</code>
          <name>House floor actions</name>
        </sourceSystem>
        <actionCode>H11100</actionCode>
      </item>
      <item>
        <actionDate>2014-07-17</actionDate>
        <text>Introduced in House</text>
        <type>IntroReferral</type>
        <committee />
        <links />
        <sourceSystem>
          <code>9</code>
          <name>Library of Congress</name>
        </sourceSystem>
        <actionCode>Intro-H</actionCode>
      </item>
      <item>
        <actionDate>2014-07-17</actionDate>
        <text>Introduced in House</text>
        <type>IntroReferral</type>
        <committee />
        <links />
        <sourceSystem>
          <code>9</code>
          <name>Library of Congress</name>
        </sourceSystem>
        <actionCode>1000</actionCode>
      </item>
      <actionByCounts>
        <houseOfRepresentatives>4</houseOfRepresentatives>
      </actionByCounts>
    </actions>
    <amendments />
    <congress>113</congress>
    <cosponsors>
      <item>
        <district>37</district>
        <bioguideId>B001270</bioguideId>
        <sponsorshipWithdrawnDate />
        <fullName>Rep. Bass, Karen [D-CA-37]</fullName>
        <party>D</party>
        <lastName>Bass</lastName>
        <middleName />
        <identifiers>
          <lisID>1996</lisID>
          <gpoId>7838</gpoId>
          <bioguideId>B001270</bioguideId>
        </identifiers>
        <sponsorshipDate>2014-07-17</sponsorshipDate>
        <isOriginalCosponsor>True</isOriginalCosponsor>
        <firstName>Karen</firstName>
        <state>CA</state>
      </item>
      <item>
        <district>3</district>
        <bioguideId>B001281</bioguideId>
        <sponsorshipWithdrawnDate />
        <fullName>Rep. Beatty, Joyce [D-OH-3]</fullName>
        <party>D</party>
        <lastName>Beatty</lastName>
        <middleName />
        <identifiers>
          <bioguideId>B001281</bioguideId>
          <lisID>2153</lisID>
          <gpoId />
        </identifiers>
        <sponsorshipDate>2014-07-17</sponsorshipDate>
        <isOriginalCosponsor>True</isOriginalCosponsor>
        <firstName>Joyce</firstName>
        <state>OH</state>
      </item>
      <item>
        <district>1</district>
        <bioguideId>B001251</bioguideId>
        <sponsorshipWithdrawnDate />
        <fullName>Rep. Butterfield, G. K. [D-NC-1]</fullName>
        <party>D</party>
        <lastName>Butterfield</lastName>
        <middleName />
        <identifiers>
          <lisID>1761</lisID>
          <gpoId>8024</gpoId>
          <bioguideId>B001251</bioguideId>
        </identifiers>
        <sponsorshipDate>2014-07-17</sponsorshipDate>
        <isOriginalCosponsor>True</isOriginalCosponsor>
        <firstName>G. K.</firstName>
        <state>NC</state>
      </item>
      <item>
        <district>7</district>
        <bioguideId>C001072</bioguideId>
        <sponsorshipWithdrawnDate />
        <fullName>Rep. Carson, Andre [D-IN-7]</fullName>
        <party>D</party>
        <lastName>Carson</lastName>
        <middleName />
        <identifiers>
          <lisID>1889</lisID>
          <gpoId>7946</gpoId>
          <bioguideId>C001072</bioguideId>
        </identifiers>
        <sponsorshipDate>2014-07-17</sponsorshipDate>
        <isOriginalCosponsor>True</isOriginalCosponsor>
        <firstName>Andre</firstName>
        <state>IN</state>
      </item>
      <item>
        <district>9</district>
        <bioguideId>C001067</bioguideId>
        <sponsorshipWithdrawnDate />
        <fullName>Rep. Clarke, Yvette D. [D-NY-9]</fullName>
        <party>D</party>
        <lastName>Clarke</lastName>
        <middleName>D.</middleName>
        <identifiers>
          <lisID>1864</lisID>
          <gpoId>8072</gpoId>
          <bioguideId>C001067</bioguideId>
        </identifiers>
        <sponsorshipDate>2014-07-17</sponsorshipDate>
        <isOriginalCosponsor>True</isOriginalCosponsor>
        <firstName>Yvette</firstName>
        <state>NY</state>
      </item>
      <item>
        <district>1</district>
        <bioguideId>C001049</bioguideId>
        <sponsorshipWithdrawnDate />
        <fullName>Rep. Clay, Wm. Lacy [D-MO-1]</fullName>
        <party>D</party>
        <lastName>CLAY</lastName>
        <middleName>LACY</middleName>
        <identifiers>
          <gpoId>8009</gpoId>
          <lisID>1654</lisID>
          <bioguideId>C001049</bioguideId>
        </identifiers>
        <sponsorshipDate>2014-07-17</sponsorshipDate>
        <isOriginalCosponsor>True</isOriginalCosponsor>
        <firstName>WM.</firstName>
        <state>MO</state>
      </item>
      <item>
        <district>5</district>
        <bioguideId>C001061</bioguideId>
        <sponsorshipWithdrawnDate />
        <fullName>Rep. Cleaver, Emanuel [D-MO-5]</fullName>
        <party>D</party>
        <lastName>Cleaver</lastName>
        <middleName />
        <identifiers>
          <bioguideId>C001061</bioguideId>
          <gpoId>8013</gpoId>
          <lisID>1790</lisID>
        </identifiers>
        <sponsorshipDate>2014-07-17</sponsorshipDate>
        <isOriginalCosponsor>True</isOriginalCosponsor>
        <firstName>Emanuel</firstName>
        <state>MO</state>
      </item>
      <item>
        <district>6</district>
        <bioguideId>C000537</bioguideId>
        <sponsorshipWithdrawnDate />
        <fullName>Rep. Clyburn, James E. [D-SC-6]</fullName>
        <party>D</party>
        <lastName>CLYBURN</lastName>
        <middleName>E.</middleName>
        <identifiers>
          <gpoId>8146</gpoId>
          <lisID>208</lisID>
          <bioguideId>C000537</bioguideId>
        </identifiers>
        <sponsorshipDate>2014-07-17</sponsorshipDate>
        <isOriginalCosponsor>True</isOriginalCosponsor>
        <firstName>JAMES</firstName>
        <state>SC</state>
      </item>
      <item>
        <district>11</district>
        <bioguideId>F000455</bioguideId>
        <sponsorshipWithdrawnDate />
        <fullName>Rep. Fudge, Marcia L. [D-OH-11]</fullName>
        <party>D</party>
        <lastName>Fudge</lastName>
        <middleName>L.</middleName>
        <identifiers>
          <lisID>1895</lisID>
          <gpoId>8101</gpoId>
          <bioguideId>F000455</bioguideId>
        </identifiers>
        <sponsorshipDate>2014-07-17</sponsorshipDate>
        <isOriginalCosponsor>True</isOriginalCosponsor>
        <firstName>Marcia</firstName>
        <state>OH</state>
      </item>
      <item>
        <district>20</district>
        <bioguideId>H000324</bioguideId>
        <sponsorshipWithdrawnDate />
        <fullName>Rep. Hastings, Alcee L. [D-FL-20]</fullName>
        <party>D</party>
        <lastName>HASTINGS</lastName>
        <middleName>L.</middleName>
        <identifiers>
          <bioguideId>H000324</bioguideId>
          <lisID>511</lisID>
          <gpoId>7895</gpoId>
        </identifiers>
        <sponsorshipDate>2014-07-17</sponsorshipDate>
        <isOriginalCosponsor>True</isOriginalCosponsor>
        <firstName>ALCEE</firstName>
        <state>FL</state>
      </item>
      <item>
        <district>8</district>
        <bioguideId>J000294</bioguideId>
        <sponsorshipWithdrawnDate />
        <fullName>Rep. Jeffries, Hakeem S. [D-NY-8]</fullName>
        <party>D</party>
        <lastName>Jeffries</lastName>
        <middleName>S.</middleName>
        <identifiers>
          <lisID>2149</lisID>
          <gpoId />
          <bioguideId>J000294</bioguideId>
        </identifiers>
        <sponsorshipDate>2014-07-17</sponsorshipDate>
        <isOriginalCosponsor>True</isOriginalCosponsor>
        <firstName>Hakeem</firstName>
        <state>NY</state>
      </item>
      <item>
        <district>4</district>
        <bioguideId>J000288</bioguideId>
        <sponsorshipWithdrawnDate />
        <fullName>Rep. Johnson, Henry C. "Hank," Jr. [D-GA-4]</fullName>
        <party>D</party>
        <lastName>Johnson</lastName>
        <middleName>C. "Hank"</middleName>
        <identifiers>
          <lisID>1843</lisID>
          <gpoId>7901</gpoId>
          <bioguideId>J000288</bioguideId>
        </identifiers>
        <sponsorshipDate>2014-07-17</sponsorshipDate>
        <isOriginalCosponsor>True</isOriginalCosponsor>
        <firstName>Henry</firstName>
        <state>GA</state>
      </item>
      <item>
        <district>2</district>
        <bioguideId>K000385</bioguideId>
        <sponsorshipWithdrawnDate />
        <fullName>Rep. Kelly, Robin L. [D-IL-2]</fullName>
        <party>D</party>
        <lastName>Kelly</lastName>
        <middleName>L.</middleName>
        <identifiers>
          <gpoId />
          <lisID>2190</lisID>
          <bioguideId>K000385</bioguideId>
        </identifiers>
        <sponsorshipDate>2014-07-17</sponsorshipDate>
        <isOriginalCosponsor>True</isOriginalCosponsor>
        <firstName>Robin</firstName>
        <state>IL</state>
      </item>
      <item>
        <district>5</district>
        <bioguideId>L000287</bioguideId>
        <sponsorshipWithdrawnDate />
        <fullName>Rep. Lewis, John [D-GA-5]</fullName>
        <party>D</party>
        <lastName>LEWIS</lastName>
        <middleName />
        <identifiers>
          <gpoId>7902</gpoId>
          <lisID>688</lisID>
          <bioguideId>L000287</bioguideId>
        </identifiers>
        <sponsorshipDate>2014-07-17</sponsorshipDate>
        <isOriginalCosponsor>True</isOriginalCosponsor>
        <firstName>JOHN</firstName>
        <state>GA</state>
      </item>
      <item>
        <district>0</district>
        <bioguideId>N000147</bioguideId>
        <sponsorshipWithdrawnDate />
        <fullName>Rep. Norton, Eleanor Holmes [D-DC-At Large]</fullName>
        <party>D</party>
        <lastName>NORTON</lastName>
        <middleName>HOLMES</middleName>
        <identifiers>
          <gpoId>7871</gpoId>
          <lisID>868</lisID>
          <bioguideId>N000147</bioguideId>
        </identifiers>
        <sponsorshipDate>2014-07-17</sponsorshipDate>
        <isOriginalCosponsor>True</isOriginalCosponsor>
        <firstName>ELEANOR</firstName>
        <state>DC</state>
      </item>
      <item>
        <district>13</district>
        <bioguideId>R000053</bioguideId>
        <sponsorshipWithdrawnDate />
        <fullName>Rep. Rangel, Charles B. [D-NY-13]</fullName>
        <party>D</party>
        <lastName>RANGEL</lastName>
        <middleName>B.</middleName>
        <identifiers>
          <bioguideId>R000053</bioguideId>
          <lisID>944</lisID>
          <gpoId>8076</gpoId>
        </identifiers>
        <sponsorshipDate>2014-07-17</sponsorshipDate>
        <isOriginalCosponsor>True</isOriginalCosponsor>
        <firstName>CHARLES</firstName>
        <state>NY</state>
      </item>
      <item>
        <district>7</district>
        <bioguideId>S001185</bioguideId>
        <sponsorshipWithdrawnDate />
        <fullName>Rep. Sewell, Terri A. [D-AL-7]</fullName>
        <party>D</party>
        <lastName>Sewell</lastName>
        <middleName>A.</middleName>
        <identifiers>
          <lisID>1988</lisID>
          <gpoId>7792</gpoId>
          <bioguideId>S001185</bioguideId>
        </identifiers>
        <sponsorshipDate>2014-07-17</sponsorshipDate>
        <isOriginalCosponsor>True</isOriginalCosponsor>
        <firstName>Terri</firstName>
        <state>AL</state>
      </item>
      <item>
        <district>2</district>
        <bioguideId>T000193</bioguideId>
        <sponsorshipWithdrawnDate />
        <fullName>Rep. Thompson, Bennie G. [D-MS-2]</fullName>
        <party>D</party>
        <lastName>THOMPSON</lastName>
        <middleName />
        <identifiers>
          <lisID>1151</lisID>
          <gpoId>8020</gpoId>
          <bioguideId>T000193</bioguideId>
        </identifiers>
        <sponsorshipDate>2014-07-17</sponsorshipDate>
        <isOriginalCosponsor>True</isOriginalCosponsor>
        <firstName>BENNIE</firstName>
        <state>MS</state>
      </item>
      <item>
        <district>23</district>
        <bioguideId>W000797</bioguideId>
        <sponsorshipWithdrawnDate />
        <fullName>Rep. Wasserman Schultz, Debbie [D-FL-23]</fullName>
        <party>D</party>
        <lastName>Wasserman Schultz</lastName>
        <middleName />
        <identifiers>
          <bioguideId>W000797</bioguideId>
          <gpoId>7892</gpoId>
          <lisID>1777</lisID>
        </identifiers>
        <sponsorshipDate>2014-07-17</sponsorshipDate>
        <isOriginalCosponsor>True</isOriginalCosponsor>
        <firstName>Debbie</firstName>
        <state>FL</state>
      </item>
      <item>
        <district>43</district>
        <bioguideId>W000187</bioguideId>
        <sponsorshipWithdrawnDate />
        <fullName>Rep. Waters, Maxine [D-CA-43]</fullName>
        <party>D</party>
        <lastName>WATERS</lastName>
        <middleName />
        <identifiers>
          <bioguideId>W000187</bioguideId>
          <lisID>1205</lisID>
          <gpoId>7840</gpoId>
        </identifiers>
        <sponsorshipDate>2014-07-17</sponsorshipDate>
        <isOriginalCosponsor>True</isOriginalCosponsor>
        <firstName>MAXINE</firstName>
        <state>CA</state>
      </item>
    </cosponsors>
    <calendarNumbers />
    <cboCostEstimates />
    <originChamber>House</originChamber>
  </bill>
  <dublinCore xmlns:dc="http://purl.org/dc/elements/1.1/">
    <dc:format>text/xml</dc:format>
    <dc:language>EN</dc:language>
    <dc:rights>Pursuant to Title 17 Section 105 of the United States Code, this file is not subject to copyright protection and is in the public domain.</dc:rights>
    <dc:contributor>Congressional Research Service, Library of Congress</dc:contributor>
    <dc:description>This file contains bill summaries and statuses for federal legislation. A bill summary describes the most significant provisions of a piece of legislation and details the effects the legislative text may have on current law and federal programs. Bill summaries are authored by the Congressional Research Service (CRS) of the Library of Congress. As stated in Public Law 91-510 (2 USC 166 (d)(6)), one of the duties of CRS is "to prepare summaries and digests of bills and resolutions of a public general nature introduced in the Senate or House of Representatives". For more information, refer to the User Guide that accompanies this file.</dc:description>
  </dublinCore>
</billStatus>

