<?xml version="1.0" encoding="UTF-8"?>
<billStatus>
  <bill>
    <billType>HRES</billType>
    <laws />
    <recordedVotes />
    <actions>
      <actionTypeCounts>
        <placeholderTextForH>1</placeholderTextForH>
        <billReferrals>1</billReferrals>
        <introducedInTheHouse>1</introducedInTheHouse>
        <introducedInHouse>1</introducedInHouse>
      </actionTypeCounts>
      <item>
        <actionDate>2014-09-08</actionDate>
        <committee>
          <name>Africa, Global Health, Global Human Rights and International Organizations Subcommittee</name>
          <systemCode>hsfa16</systemCode>
        </committee>
        <links />
        <sourceSystem>
          <code>1</code>
          <name>House committee actions</name>
        </sourceSystem>
        <text>Referred to the Subcommittee on Africa, Global Health, Global Human Rights and International Organizations.</text>
        <type>Committee</type>
      </item>
      <item>
        <actionDate>2014-07-25</actionDate>
        <sourceSystem>
          <code>2</code>
          <name>House floor actions</name>
        </sourceSystem>
        <text>Referred to the House Committee on Foreign Affairs.</text>
        <type>IntroReferral</type>
        <links />
        <actionCode>H11100</actionCode>
        <committee>
          <name>Foreign Affairs Committee</name>
          <systemCode>hsfa00</systemCode>
        </committee>
      </item>
      <item>
        <actionDate>2014-07-25</actionDate>
        <sourceSystem>
          <code>9</code>
          <name>Library of Congress</name>
        </sourceSystem>
        <text>Introduced in House</text>
        <type>IntroReferral</type>
        <links />
        <actionCode>Intro-H</actionCode>
        <committee />
      </item>
      <item>
        <actionDate>2014-07-25</actionDate>
        <sourceSystem>
          <code>9</code>
          <name>Library of Congress</name>
        </sourceSystem>
        <text>Introduced in House</text>
        <type>IntroReferral</type>
        <links />
        <actionCode>1000</actionCode>
        <committee />
      </item>
      <actionByCounts>
        <houseOfRepresentatives>4</houseOfRepresentatives>
      </actionByCounts>
    </actions>
    <billNumber>689</billNumber>
    <policyArea>
      <name>International Affairs</name>
    </policyArea>
    <notes />
    <latestAction>
      <actionDate>2014-09-08</actionDate>
      <links />
      <text>Referred to the Subcommittee on Africa, Global Health, Global Human Rights and International Organizations.</text>
    </latestAction>
    <relatedBills />
    <committees>
      <billCommittees>
        <item>
          <chamber>House</chamber>
          <type>Standing</type>
          <systemCode>hsfa00</systemCode>
          <subcommittees>
            <item>
              <name>Africa, Global Health, Global Human Rights and International Organizations Subcommittee</name>
              <systemCode>hsfa16</systemCode>
              <activities>
                <item>
                  <date>2014-09-08T15:43:39Z</date>
                  <name>Referred to</name>
                </item>
              </activities>
            </item>
          </subcommittees>
          <name>Foreign Affairs Committee</name>
          <activities>
            <item>
              <date>2014-07-25T14:01:25Z</date>
              <name>Referred to</name>
            </item>
          </activities>
        </item>
      </billCommittees>
    </committees>
    <cosponsors>
      <item>
        <fullName>Rep. Hoyer, Steny H. [D-MD-5]</fullName>
        <lastName>HOYER</lastName>
        <state>MD</state>
        <identifiers>
          <lisID>566</lisID>
          <gpoId>7980</gpoId>
          <bioguideId>H000874</bioguideId>
        </identifiers>
        <bioguideId>H000874</bioguideId>
        <sponsorshipDate>2014-07-25</sponsorshipDate>
        <middleName>H.</middleName>
        <isOriginalCosponsor>True</isOriginalCosponsor>
        <party>D</party>
        <firstName>STENY</firstName>
        <district>5</district>
        <sponsorshipWithdrawnDate />
      </item>
      <item>
        <fullName>Rep. McCaul, Michael T. [R-TX-10]</fullName>
        <lastName>McCaul</lastName>
        <state>TX</state>
        <identifiers>
          <lisID>1804</lisID>
          <bioguideId>M001157</bioguideId>
          <gpoId>8166</gpoId>
        </identifiers>
        <bioguideId>M001157</bioguideId>
        <sponsorshipDate>2014-07-25</sponsorshipDate>
        <middleName>T.</middleName>
        <isOriginalCosponsor>True</isOriginalCosponsor>
        <party>R</party>
        <firstName>Michael</firstName>
        <district>10</district>
        <sponsorshipWithdrawnDate />
      </item>
      <item>
        <fullName>Rep. Engel, Eliot L. [D-NY-16]</fullName>
        <lastName>ENGEL</lastName>
        <state>NY</state>
        <identifiers>
          <bioguideId>E000179</bioguideId>
          <lisID>344</lisID>
          <gpoId>8078</gpoId>
        </identifiers>
        <bioguideId>E000179</bioguideId>
        <sponsorshipDate>2014-07-25</sponsorshipDate>
        <middleName>L.</middleName>
        <isOriginalCosponsor>True</isOriginalCosponsor>
        <party>D</party>
        <firstName>ELIOT</firstName>
        <district>16</district>
        <sponsorshipWithdrawnDate />
      </item>
      <item>
        <fullName>Rep. Wolf, Frank R. [R-VA-10]</fullName>
        <lastName>WOLF</lastName>
        <state>VA</state>
        <identifiers>
          <lisID>1238</lisID>
          <gpoId>8201</gpoId>
          <bioguideId>W000672</bioguideId>
        </identifiers>
        <bioguideId>W000672</bioguideId>
        <sponsorshipDate>2014-07-25</sponsorshipDate>
        <middleName>R.</middleName>
        <isOriginalCosponsor>True</isOriginalCosponsor>
        <party>R</party>
        <firstName>FRANK</firstName>
        <district>10</district>
        <sponsorshipWithdrawnDate />
      </item>
      <item>
        <fullName>Rep. Capuano, Michael E. [D-MA-7]</fullName>
        <lastName>CAPUANO</lastName>
        <state>MA</state>
        <identifiers>
          <bioguideId>C001037</bioguideId>
          <lisID>1564</lisID>
          <gpoId>7973</gpoId>
        </identifiers>
        <bioguideId>C001037</bioguideId>
        <sponsorshipDate>2014-07-25</sponsorshipDate>
        <middleName>E.</middleName>
        <isOriginalCosponsor>True</isOriginalCosponsor>
        <party>D</party>
        <firstName>MICHAEL</firstName>
        <district>7</district>
        <sponsorshipWithdrawnDate />
      </item>
      <item>
        <fullName>Rep. Bass, Karen [D-CA-37]</fullName>
        <lastName>Bass</lastName>
        <state>CA</state>
        <identifiers>
          <bioguideId>B001270</bioguideId>
          <lisID>1996</lisID>
          <gpoId>7838</gpoId>
        </identifiers>
        <bioguideId>B001270</bioguideId>
        <sponsorshipDate>2014-07-25</sponsorshipDate>
        <middleName />
        <isOriginalCosponsor>True</isOriginalCosponsor>
        <party>D</party>
        <firstName>Karen</firstName>
        <district>37</district>
        <sponsorshipWithdrawnDate />
      </item>
      <item>
        <fullName>Rep. Crowley, Joseph [D-NY-14]</fullName>
        <lastName>CROWLEY</lastName>
        <state>NY</state>
        <identifiers>
          <bioguideId>C001038</bioguideId>
          <gpoId>8068</gpoId>
          <lisID>1604</lisID>
        </identifiers>
        <bioguideId>C001038</bioguideId>
        <sponsorshipDate>2014-07-29</sponsorshipDate>
        <middleName />
        <isOriginalCosponsor>False</isOriginalCosponsor>
        <party>D</party>
        <firstName>JOSEPH</firstName>
        <district>14</district>
        <sponsorshipWithdrawnDate />
      </item>
      <item>
        <fullName>Rep. Lewis, John [D-GA-5]</fullName>
        <lastName>LEWIS</lastName>
        <state>GA</state>
        <identifiers>
          <lisID>688</lisID>
          <gpoId>7902</gpoId>
          <bioguideId>L000287</bioguideId>
        </identifiers>
        <bioguideId>L000287</bioguideId>
        <sponsorshipDate>2014-07-29</sponsorshipDate>
        <middleName />
        <isOriginalCosponsor>False</isOriginalCosponsor>
        <party>D</party>
        <firstName>JOHN</firstName>
        <district>5</district>
        <sponsorshipWithdrawnDate />
      </item>
      <item>
        <fullName>Rep. Conyers, John, Jr. [D-MI-13]</fullName>
        <lastName>CONYERS</lastName>
        <state>MI</state>
        <identifiers>
          <lisID>229</lisID>
          <bioguideId>C000714</bioguideId>
          <gpoId>7999</gpoId>
        </identifiers>
        <bioguideId>C000714</bioguideId>
        <sponsorshipDate>2014-07-29</sponsorshipDate>
        <middleName />
        <isOriginalCosponsor>False</isOriginalCosponsor>
        <party>D</party>
        <firstName>JOHN</firstName>
        <district>13</district>
        <sponsorshipWithdrawnDate />
      </item>
      <item>
        <fullName>Rep. Jackson Lee, Sheila [D-TX-18]</fullName>
        <lastName>JACKSON LEE</lastName>
        <state>TX</state>
        <identifiers>
          <lisID>588</lisID>
          <gpoId>8174</gpoId>
          <bioguideId>J000032</bioguideId>
        </identifiers>
        <bioguideId>J000032</bioguideId>
        <sponsorshipDate>2014-07-30</sponsorshipDate>
        <middleName />
        <isOriginalCosponsor>False</isOriginalCosponsor>
        <party>D</party>
        <firstName>SHEILA</firstName>
        <district>18</district>
        <sponsorshipWithdrawnDate />
      </item>
      <item>
        <fullName>Rep. Norton, Eleanor Holmes [D-DC-At Large]</fullName>
        <lastName>NORTON</lastName>
        <state>DC</state>
        <identifiers>
          <lisID>868</lisID>
          <bioguideId>N000147</bioguideId>
          <gpoId>7871</gpoId>
        </identifiers>
        <bioguideId>N000147</bioguideId>
        <sponsorshipDate>2014-07-30</sponsorshipDate>
        <middleName>HOLMES</middleName>
        <isOriginalCosponsor>False</isOriginalCosponsor>
        <party>D</party>
        <firstName>ELEANOR</firstName>
        <district>0</district>
        <sponsorshipWithdrawnDate />
      </item>
      <item>
        <fullName>Rep. Payne, Donald M., Jr. [D-NJ-10]</fullName>
        <lastName>Payne</lastName>
        <state>NJ</state>
        <identifiers>
          <bioguideId>P000604</bioguideId>
          <gpoId>8373</gpoId>
          <lisID>2097</lisID>
        </identifiers>
        <bioguideId>P000604</bioguideId>
        <sponsorshipDate>2014-07-30</sponsorshipDate>
        <middleName>M.</middleName>
        <isOriginalCosponsor>False</isOriginalCosponsor>
        <party>D</party>
        <firstName>Donald</firstName>
        <district>10</district>
        <sponsorshipWithdrawnDate />
      </item>
      <item>
        <fullName>Rep. Moore, Gwen [D-WI-4]</fullName>
        <lastName>Moore</lastName>
        <state>WI</state>
        <identifiers>
          <lisID>1811</lisID>
          <bioguideId>M001160</bioguideId>
          <gpoId>8217</gpoId>
        </identifiers>
        <bioguideId>M001160</bioguideId>
        <sponsorshipDate>2014-07-30</sponsorshipDate>
        <middleName />
        <isOriginalCosponsor>False</isOriginalCosponsor>
        <party>D</party>
        <firstName>Gwen</firstName>
        <district>4</district>
        <sponsorshipWithdrawnDate />
      </item>
      <item>
        <fullName>Rep. Sinema, Kyrsten [D-AZ-9]</fullName>
        <lastName>Sinema</lastName>
        <state>AZ</state>
        <identifiers>
          <lisID>2099</lisID>
          <gpoId />
          <bioguideId>S001191</bioguideId>
        </identifiers>
        <bioguideId>S001191</bioguideId>
        <sponsorshipDate>2014-07-30</sponsorshipDate>
        <middleName />
        <isOriginalCosponsor>False</isOriginalCosponsor>
        <party>D</party>
        <firstName>Kyrsten</firstName>
        <district>9</district>
        <sponsorshipWithdrawnDate />
      </item>
      <item>
        <fullName>Rep. Rangel, Charles B. [D-NY-13]</fullName>
        <lastName>RANGEL</lastName>
        <state>NY</state>
        <identifiers>
          <lisID>944</lisID>
          <gpoId>8076</gpoId>
          <bioguideId>R000053</bioguideId>
        </identifiers>
        <bioguideId>R000053</bioguideId>
        <sponsorshipDate>2014-07-30</sponsorshipDate>
        <middleName>B.</middleName>
        <isOriginalCosponsor>False</isOriginalCosponsor>
        <party>D</party>
        <firstName>CHARLES</firstName>
        <district>13</district>
        <sponsorshipWithdrawnDate />
      </item>
      <item>
        <fullName>Rep. Rush, Bobby L. [D-IL-1]</fullName>
        <lastName>RUSH</lastName>
        <state>IL</state>
        <identifiers>
          <lisID>1003</lisID>
          <gpoId>7921</gpoId>
          <bioguideId>R000515</bioguideId>
        </identifiers>
        <bioguideId>R000515</bioguideId>
        <sponsorshipDate>2014-07-30</sponsorshipDate>
        <middleName>L.</middleName>
        <isOriginalCosponsor>False</isOriginalCosponsor>
        <party>D</party>
        <firstName>BOBBY</firstName>
        <district>1</district>
        <sponsorshipWithdrawnDate />
      </item>
      <item>
        <fullName>Rep. Doyle, Michael F. [D-PA-14]</fullName>
        <lastName>DOYLE</lastName>
        <state>PA</state>
        <identifiers>
          <bioguideId>D000482</bioguideId>
          <lisID>316</lisID>
          <gpoId>8132</gpoId>
        </identifiers>
        <bioguideId>D000482</bioguideId>
        <sponsorshipDate>2014-07-31</sponsorshipDate>
        <middleName />
        <isOriginalCosponsor>False</isOriginalCosponsor>
        <party>D</party>
        <firstName>MIKE</firstName>
        <district>14</district>
        <sponsorshipWithdrawnDate />
      </item>
      <item>
        <fullName>Rep. Waters, Maxine [D-CA-43]</fullName>
        <lastName>WATERS</lastName>
        <state>CA</state>
        <identifiers>
          <gpoId>7840</gpoId>
          <lisID>1205</lisID>
          <bioguideId>W000187</bioguideId>
        </identifiers>
        <bioguideId>W000187</bioguideId>
        <sponsorshipDate>2014-08-01</sponsorshipDate>
        <middleName />
        <isOriginalCosponsor>False</isOriginalCosponsor>
        <party>D</party>
        <firstName>MAXINE</firstName>
        <district>43</district>
        <sponsorshipWithdrawnDate />
      </item>
    </cosponsors>
    <createDate>2014-07-26T04:46:54Z</createDate>
    <sponsors>
      <item>
        <fullName>Rep. Lee, Barbara [D-CA-13]</fullName>
        <firstName>BARBARA</firstName>
        <lastName>LEE</lastName>
        <state>CA</state>
        <party>D</party>
        <district>13</district>
        <bioguideId>L000551</bioguideId>
        <identifiers>
          <lisID>1501</lisID>
          <gpoId>7814</gpoId>
          <bioguideId>L000551</bioguideId>
        </identifiers>
        <middleName />
        <byRequestType />
      </item>
    </sponsors>
    <committeeReports />
    <updateDate>2016-10-25T15:55:56Z</updateDate>
    <introducedDate>2014-07-25</introducedDate>
    <summaries>
      <billSummaries>
        <item>
          <versionCode>00</versionCode>
          <actionDate>2014-07-25</actionDate>
          <text><![CDATA[<p>Supports the people of South Sudan and the region.</p> <p> Condemns attacks on civilians and civilian humanitarian assistance workers. </p> <p>Urges the President to work with the international community to provide technical support to the African Union Commission of Inquiry into human rights abuses, and to consider creation of a tribunal to ensure those responsible for civilian attacks and grave human rights abuses are held accountable.</p> <p>Emphasizes the need for the government of South Sudan and the Sudan People's Liberation Movement in Opposition to implement the January 23, 2014, cessation of hostilities agreement. </p> <p>Encourages the government of South Sudan to implement the June 10, 2014, transitional government agreement. </p> <p>Supports the Intergovernmental Authority on Development's mediation efforts.</p>]]></text>
          <name>Introduced in House</name>
          <lastSummaryUpdateDate>2014-07-28T21:30:42Z</lastSummaryUpdateDate>
          <updateDate>2014-07-25T04:00:00Z</updateDate>
          <actionDesc>Introduced in House</actionDesc>
        </item>
      </billSummaries>
    </summaries>
    <title>Supporting an end to the ethnic and politically fueled violence in South Sudan and the successful implementation of a transitional government.</title>
    <cboCostEstimates />
    <subjects>
      <billSubjects>
        <policyArea>
          <name>International Affairs</name>
        </policyArea>
        <legislativeSubjects>
          <item>
            <name>Africa</name>
          </item>
          <item>
            <name>Conflicts and wars</name>
          </item>
          <item>
            <name>Criminal investigation, prosecution, interrogation</name>
          </item>
          <item>
            <name>Diplomacy, foreign officials, Americans abroad</name>
          </item>
          <item>
            <name>Foreign aid and international relief</name>
          </item>
          <item>
            <name>Human rights</name>
          </item>
          <item>
            <name>International organizations and cooperation</name>
          </item>
          <item>
            <name>Racial and ethnic relations</name>
          </item>
          <item>
            <name>South Sudan</name>
          </item>
        </legislativeSubjects>
      </billSubjects>
    </subjects>
    <amendments />
    <calendarNumbers />
    <congress>113</congress>
    <constitutionalAuthorityStatementText />
    <titles>
      <item>
        <chamberName />
        <titleType>Official Title as Introduced</titleType>
        <parentTitleType />
        <title>Supporting an end to the ethnic and politically fueled violence in South Sudan and the successful implementation of a transitional government.</title>
        <chamberCode />
      </item>
      <item>
        <chamberName />
        <titleType>Display Title</titleType>
        <parentTitleType />
        <title>Supporting an end to the ethnic and politically fueled violence in South Sudan and the successful implementation of a transitional government.</title>
        <chamberCode />
      </item>
    </titles>
    <originChamber>House</originChamber>
  </bill>
  <dublinCore xmlns:dc="http://purl.org/dc/elements/1.1/">
    <dc:format>text/xml</dc:format>
    <dc:language>EN</dc:language>
    <dc:rights>Pursuant to Title 17 Section 105 of the United States Code, this file is not subject to copyright protection and is in the public domain.</dc:rights>
    <dc:contributor>Congressional Research Service, Library of Congress</dc:contributor>
    <dc:description>This file contains bill summaries and statuses for federal legislation. A bill summary describes the most significant provisions of a piece of legislation and details the effects the legislative text may have on current law and federal programs. Bill summaries are authored by the Congressional Research Service (CRS) of the Library of Congress. As stated in Public Law 91-510 (2 USC 166 (d)(6)), one of the duties of CRS is "to prepare summaries and digests of bills and resolutions of a public general nature introduced in the Senate or House of Representatives". For more information, refer to the User Guide that accompanies this file.</dc:description>
  </dublinCore>
</billStatus>

