<?xml version="1.0" encoding="UTF-8"?>
<billStatus>
  <bill>
    <billType>HRES</billType>
    <policyArea>
      <name>Armed Forces and National Security</name>
    </policyArea>
    <recordedVotes />
    <summaries>
      <billSummaries>
        <item>
          <updateDate>2014-06-20T04:00:00Z</updateDate>
          <versionCode>00</versionCode>
          <text><![CDATA[<p>Expresses the sense of the House of Representatives that:</p> <ul> <li>actions by officials of the Department of Veterans Affairs (VA) represent a clear violation of the public's trust in the VA to provide veterans with access to quality health care and warrant criminal investigation,</li> <li>the inability of the Administration to objectively investigate its own wrongdoing warrants the appointment of a Special Counsel to determine whether VA mismanagement and misconduct were criminal, and</li> <li>the appointment of a Special Counsel would be in the public interest.</li> </ul>]]></text>
          <lastSummaryUpdateDate>2014-07-25T20:09:58Z</lastSummaryUpdateDate>
          <actionDate>2014-06-20</actionDate>
          <actionDesc>Introduced in House</actionDesc>
          <name>Introduced in House</name>
        </item>
      </billSummaries>
    </summaries>
    <actions>
      <actionTypeCounts>
        <placeholderTextForH>1</placeholderTextForH>
        <billReferrals>1</billReferrals>
        <placeholderTextForB>1</placeholderTextForB>
        <introducedInHouse>1</introducedInHouse>
        <introducedInTheHouse>1</introducedInTheHouse>
      </actionTypeCounts>
      <item>
        <actionDate>2014-07-21</actionDate>
        <committee>
          <systemCode>hsju08</systemCode>
          <name>Crime, Terrorism, Homeland Security, and Investigations Subcommittee</name>
        </committee>
        <links />
        <sourceSystem>
          <code>1</code>
          <name>House committee actions</name>
        </sourceSystem>
        <text>Referred to the Subcommittee on Crime, Terrorism, Homeland Security, and Investigations.</text>
        <type>Committee</type>
      </item>
      <item>
        <actionDate>2014-06-20</actionDate>
        <text>Referred to the House Committee on the Judiciary.</text>
        <type>IntroReferral</type>
        <committee>
          <systemCode>hsju00</systemCode>
          <name>Judiciary Committee</name>
        </committee>
        <links />
        <sourceSystem>
          <code>2</code>
          <name>House floor actions</name>
        </sourceSystem>
        <actionCode>H11100</actionCode>
      </item>
      <item>
        <actionDate>2014-06-20</actionDate>
        <text>Sponsor introductory remarks on measure. (CR H5562)</text>
        <type>IntroReferral</type>
        <committee />
        <links>
          <link>
            <name>H5562</name>
            <url>https://www.congress.gov/congressional-record/volume-160/house-section/page/H5562</url>
          </link>
        </links>
        <sourceSystem>
          <code>9</code>
          <name>Library of Congress</name>
        </sourceSystem>
        <actionCode>B00100</actionCode>
      </item>
      <item>
        <actionDate>2014-06-20</actionDate>
        <text>Introduced in House</text>
        <type>IntroReferral</type>
        <committee />
        <links />
        <sourceSystem>
          <code>9</code>
          <name>Library of Congress</name>
        </sourceSystem>
        <actionCode>Intro-H</actionCode>
      </item>
      <item>
        <actionDate>2014-06-20</actionDate>
        <text>Introduced in House</text>
        <type>IntroReferral</type>
        <committee />
        <links />
        <sourceSystem>
          <code>9</code>
          <name>Library of Congress</name>
        </sourceSystem>
        <actionCode>1000</actionCode>
      </item>
      <actionByCounts>
        <houseOfRepresentatives>4</houseOfRepresentatives>
      </actionByCounts>
    </actions>
    <updateDate>2016-10-25T15:55:48Z</updateDate>
    <amendments />
    <introducedDate>2014-06-20</introducedDate>
    <originChamber>House</originChamber>
    <billNumber>633</billNumber>
    <relatedBills />
    <calendarNumbers />
    <cosponsors>
      <item>
        <district>6</district>
        <fullName>Rep. Cassidy, Bill [R-LA-6]</fullName>
        <sponsorshipWithdrawnDate />
        <bioguideId>C001075</bioguideId>
        <identifiers>
          <gpoId>7964</gpoId>
          <lisID>1925</lisID>
          <bioguideId>C001075</bioguideId>
        </identifiers>
        <party>R</party>
        <lastName>Cassidy</lastName>
        <firstName>Bill</firstName>
        <state>LA</state>
        <isOriginalCosponsor>True</isOriginalCosponsor>
        <sponsorshipDate>2014-06-20</sponsorshipDate>
        <middleName />
      </item>
      <item>
        <district>1</district>
        <fullName>Rep. Miller, Jeff [R-FL-1]</fullName>
        <sponsorshipWithdrawnDate />
        <bioguideId>M001144</bioguideId>
        <identifiers>
          <lisID>1685</lisID>
          <bioguideId>M001144</bioguideId>
          <gpoId>7873</gpoId>
        </identifiers>
        <party>R</party>
        <lastName>Miller</lastName>
        <firstName>Jeff</firstName>
        <state>FL</state>
        <isOriginalCosponsor>False</isOriginalCosponsor>
        <sponsorshipDate>2014-06-26</sponsorshipDate>
        <middleName />
      </item>
      <item>
        <district>13</district>
        <fullName>Rep. Scott, David [D-GA-13]</fullName>
        <sponsorshipWithdrawnDate />
        <bioguideId>S001157</bioguideId>
        <identifiers>
          <gpoId>7910</gpoId>
          <lisID>1722</lisID>
          <bioguideId>S001157</bioguideId>
        </identifiers>
        <party>D</party>
        <lastName>Scott</lastName>
        <firstName>David</firstName>
        <state>GA</state>
        <isOriginalCosponsor>False</isOriginalCosponsor>
        <sponsorshipDate>2014-06-26</sponsorshipDate>
        <middleName />
      </item>
      <item>
        <district>6</district>
        <fullName>Rep. Johnson, Bill [R-OH-6]</fullName>
        <sponsorshipWithdrawnDate />
        <bioguideId>J000292</bioguideId>
        <identifiers>
          <gpoId>8096</gpoId>
          <lisID>2046</lisID>
          <bioguideId>J000292</bioguideId>
        </identifiers>
        <party>R</party>
        <lastName>Johnson</lastName>
        <firstName>Bill</firstName>
        <state>OH</state>
        <isOriginalCosponsor>False</isOriginalCosponsor>
        <sponsorshipDate>2014-07-10</sponsorshipDate>
        <middleName />
      </item>
      <item>
        <district>3</district>
        <fullName>Rep. Yoho, Ted S. [R-FL-3]</fullName>
        <sponsorshipWithdrawnDate />
        <bioguideId>Y000065</bioguideId>
        <identifiers>
          <lisID>2115</lisID>
          <gpoId />
          <bioguideId>Y000065</bioguideId>
        </identifiers>
        <party>R</party>
        <lastName>Yoho</lastName>
        <firstName>Ted</firstName>
        <state>FL</state>
        <isOriginalCosponsor>False</isOriginalCosponsor>
        <sponsorshipDate>2014-07-14</sponsorshipDate>
        <middleName>S.</middleName>
      </item>
      <item>
        <district>9</district>
        <fullName>Rep. Sinema, Kyrsten [D-AZ-9]</fullName>
        <sponsorshipWithdrawnDate />
        <bioguideId>S001191</bioguideId>
        <identifiers>
          <lisID>2099</lisID>
          <gpoId />
          <bioguideId>S001191</bioguideId>
        </identifiers>
        <party>D</party>
        <lastName>Sinema</lastName>
        <firstName>Kyrsten</firstName>
        <state>AZ</state>
        <isOriginalCosponsor>False</isOriginalCosponsor>
        <sponsorshipDate>2014-07-29</sponsorshipDate>
        <middleName />
      </item>
    </cosponsors>
    <congress>113</congress>
    <committees>
      <billCommittees>
        <item>
          <chamber>House</chamber>
          <type>Standing</type>
          <systemCode>hsju00</systemCode>
          <subcommittees>
            <item>
              <name>Crime, Terrorism, Homeland Security, and Investigations Subcommittee</name>
              <systemCode>hsju08</systemCode>
              <activities>
                <item>
                  <date>2014-07-21T14:46:47Z</date>
                  <name>Referred to</name>
                </item>
              </activities>
            </item>
          </subcommittees>
          <name>Judiciary Committee</name>
          <activities>
            <item>
              <date>2014-06-20T13:01:00Z</date>
              <name>Referred to</name>
            </item>
          </activities>
        </item>
      </billCommittees>
    </committees>
    <sponsors>
      <item>
        <fullName>Rep. Barrow, John [D-GA-12]</fullName>
        <lastName>Barrow</lastName>
        <byRequestType />
        <party>D</party>
        <state>GA</state>
        <middleName />
        <firstName>John</firstName>
        <bioguideId>B001252</bioguideId>
        <district>12</district>
        <identifiers>
          <gpoId>7909</gpoId>
          <lisID>1780</lisID>
          <bioguideId>B001252</bioguideId>
        </identifiers>
      </item>
    </sponsors>
    <latestAction>
      <text>Referred to the Subcommittee on Crime, Terrorism, Homeland Security, and Investigations.</text>
      <actionDate>2014-07-21</actionDate>
      <links />
    </latestAction>
    <subjects>
      <billSubjects>
        <policyArea>
          <name>Armed Forces and National Security</name>
        </policyArea>
        <legislativeSubjects>
          <item>
            <name>Criminal investigation, prosecution, interrogation</name>
          </item>
          <item>
            <name>Department of Veterans Affairs</name>
          </item>
          <item>
            <name>Federal officials</name>
          </item>
          <item>
            <name>Government ethics and transparency, public corruption</name>
          </item>
          <item>
            <name>Health care coverage and access</name>
          </item>
          <item>
            <name>Veterans' medical care</name>
          </item>
        </legislativeSubjects>
      </billSubjects>
    </subjects>
    <constitutionalAuthorityStatementText />
    <createDate>2014-06-21T04:47:36Z</createDate>
    <title>Expressing the sense of the House with respect to accountability for mismanagement at the Department of Veterans Affairs.</title>
    <laws />
    <titles>
      <item>
        <parentTitleType />
        <chamberCode />
        <chamberName />
        <title>Expressing the sense of the House with respect to accountability for mismanagement at the Department of Veterans Affairs.</title>
        <titleType>Official Title as Introduced</titleType>
      </item>
      <item>
        <parentTitleType />
        <chamberCode />
        <chamberName />
        <title>Expressing the sense of the House with respect to accountability for mismanagement at the Department of Veterans Affairs.</title>
        <titleType>Display Title</titleType>
      </item>
    </titles>
    <committeeReports />
    <notes />
    <cboCostEstimates />
  </bill>
  <dublinCore xmlns:dc="http://purl.org/dc/elements/1.1/">
    <dc:format>text/xml</dc:format>
    <dc:language>EN</dc:language>
    <dc:rights>Pursuant to Title 17 Section 105 of the United States Code, this file is not subject to copyright protection and is in the public domain.</dc:rights>
    <dc:contributor>Congressional Research Service, Library of Congress</dc:contributor>
    <dc:description>This file contains bill summaries and statuses for federal legislation. A bill summary describes the most significant provisions of a piece of legislation and details the effects the legislative text may have on current law and federal programs. Bill summaries are authored by the Congressional Research Service (CRS) of the Library of Congress. As stated in Public Law 91-510 (2 USC 166 (d)(6)), one of the duties of CRS is "to prepare summaries and digests of bills and resolutions of a public general nature introduced in the Senate or House of Representatives". For more information, refer to the User Guide that accompanies this file.</dc:description>
  </dublinCore>
</billStatus>

