<?xml version="1.0" encoding="UTF-8"?>
<billStatus>
  <bill>
    <billType>HRES</billType>
    <policyArea>
      <name>International Affairs</name>
    </policyArea>
    <recordedVotes />
    <summaries>
      <billSummaries>
        <item>
          <updateDate>2013-09-27T04:00:00Z</updateDate>
          <versionCode>00</versionCode>
          <text><![CDATA[<p>Expresses the sense of the House of Representatives that: (1) achievement of a two-state solution that enhances stability and security in the Middle East can ensure Israel's survival as a secure Jewish and democratic state and fulfill the legitimate aspirations of the Palestinian people for a state of their own; and (2) while the United States remains indispensable to any viable effort to achieve that goal, only the Israelis and the Palestinians can make the choices necessary to end their conflict. </p> <p> Commends Secretary of State Kerry for his efforts with Israeli, Palestinian, and other Arab leaders to advance a negotiated two-state solution.</p> <p> Supports a U.S. diplomatic initiative to facilitate direct negotiations between the Israelis and Palestinians, with the support of other Arab states and the international community, to reach an agreement to end their conflict.</p>]]></text>
          <lastSummaryUpdateDate>2013-10-11T18:15:24Z</lastSummaryUpdateDate>
          <actionDate>2013-09-27</actionDate>
          <actionDesc>Introduced in House</actionDesc>
          <name>Introduced in House</name>
        </item>
      </billSummaries>
    </summaries>
    <actions>
      <actionByCounts>
        <houseOfRepresentatives>3</houseOfRepresentatives>
      </actionByCounts>
      <item>
        <actionCode>H11100</actionCode>
        <links />
        <type>IntroReferral</type>
        <actionDate>2013-09-27</actionDate>
        <committee>
          <name>Foreign Affairs Committee</name>
          <systemCode>hsfa00</systemCode>
        </committee>
        <text>Referred to the House Committee on Foreign Affairs.</text>
        <sourceSystem>
          <name>House floor actions</name>
          <code>2</code>
        </sourceSystem>
      </item>
      <item>
        <actionCode>Intro-H</actionCode>
        <links />
        <type>IntroReferral</type>
        <actionDate>2013-09-27</actionDate>
        <committee />
        <text>Introduced in House</text>
        <sourceSystem>
          <name>Library of Congress</name>
          <code>9</code>
        </sourceSystem>
      </item>
      <item>
        <actionCode>1000</actionCode>
        <links />
        <type>IntroReferral</type>
        <actionDate>2013-09-27</actionDate>
        <committee />
        <text>Introduced in House</text>
        <sourceSystem>
          <name>Library of Congress</name>
          <code>9</code>
        </sourceSystem>
      </item>
      <actionTypeCounts>
        <introducedInTheHouse>1</introducedInTheHouse>
        <billReferrals>1</billReferrals>
        <introducedInHouse>1</introducedInHouse>
      </actionTypeCounts>
    </actions>
    <updateDate>2016-10-25T15:55:08Z</updateDate>
    <amendments />
    <introducedDate>2013-09-27</introducedDate>
    <originChamber>House</originChamber>
    <billNumber>365</billNumber>
    <relatedBills />
    <calendarNumbers />
    <cosponsors>
      <item>
        <identifiers>
          <lisID>1209</lisID>
          <gpoId>7835</gpoId>
          <bioguideId>W000215</bioguideId>
        </identifiers>
        <isOriginalCosponsor>True</isOriginalCosponsor>
        <firstName>HENRY</firstName>
        <sponsorshipWithdrawnDate />
        <sponsorshipDate>2013-09-27</sponsorshipDate>
        <party>D</party>
        <district>33</district>
        <fullName>Rep. Waxman, Henry A. [D-CA-33]</fullName>
        <state>CA</state>
        <bioguideId>W000215</bioguideId>
        <lastName>WAXMAN</lastName>
        <middleName>A.</middleName>
      </item>
      <item>
        <identifiers>
          <lisID>850</lisID>
          <bioguideId>N000002</bioguideId>
          <gpoId>8069</gpoId>
        </identifiers>
        <isOriginalCosponsor>True</isOriginalCosponsor>
        <firstName>JERROLD</firstName>
        <sponsorshipWithdrawnDate />
        <sponsorshipDate>2013-09-27</sponsorshipDate>
        <party>D</party>
        <district>10</district>
        <fullName>Rep. Nadler, Jerrold [D-NY-10]</fullName>
        <state>NY</state>
        <bioguideId>N000002</bioguideId>
        <lastName>NADLER</lastName>
        <middleName />
      </item>
      <item>
        <identifiers>
          <gpoId>8004</gpoId>
          <lisID>1653</lisID>
          <bioguideId>M001143</bioguideId>
        </identifiers>
        <isOriginalCosponsor>False</isOriginalCosponsor>
        <firstName>BETTY</firstName>
        <sponsorshipWithdrawnDate />
        <sponsorshipDate>2013-10-01</sponsorshipDate>
        <party>D</party>
        <district>4</district>
        <fullName>Rep. McCollum, Betty [D-MN-4]</fullName>
        <state>MN</state>
        <bioguideId>M001143</bioguideId>
        <lastName>MCCOLLUM</lastName>
        <middleName />
      </item>
      <item>
        <identifiers>
          <gpoId>7822</gpoId>
          <lisID>368</lisID>
          <bioguideId>F000030</bioguideId>
        </identifiers>
        <isOriginalCosponsor>False</isOriginalCosponsor>
        <firstName>SAM</firstName>
        <sponsorshipWithdrawnDate />
        <sponsorshipDate>2013-10-01</sponsorshipDate>
        <party>D</party>
        <district>20</district>
        <fullName>Rep. Farr, Sam [D-CA-20]</fullName>
        <state>CA</state>
        <bioguideId>F000030</bioguideId>
        <lastName>FARR</lastName>
        <middleName />
      </item>
      <item>
        <identifiers>
          <bioguideId>V000128</bioguideId>
          <gpoId>7983</gpoId>
          <lisID>1729</lisID>
        </identifiers>
        <isOriginalCosponsor>False</isOriginalCosponsor>
        <firstName>Chris</firstName>
        <sponsorshipWithdrawnDate />
        <sponsorshipDate>2013-10-01</sponsorshipDate>
        <party>D</party>
        <district>8</district>
        <fullName>Rep. Van Hollen, Chris [D-MD-8]</fullName>
        <state>MD</state>
        <bioguideId>V000128</bioguideId>
        <lastName>Van Hollen</lastName>
        <middleName />
      </item>
      <item>
        <identifiers>
          <bioguideId>D000482</bioguideId>
          <lisID>316</lisID>
          <gpoId>8132</gpoId>
        </identifiers>
        <isOriginalCosponsor>False</isOriginalCosponsor>
        <firstName>MIKE</firstName>
        <sponsorshipWithdrawnDate />
        <sponsorshipDate>2013-10-01</sponsorshipDate>
        <party>D</party>
        <district>14</district>
        <fullName>Rep. Doyle, Michael F. [D-PA-14]</fullName>
        <state>PA</state>
        <bioguideId>D000482</bioguideId>
        <lastName>DOYLE</lastName>
        <middleName />
      </item>
      <item>
        <identifiers>
          <lisID>1635</lisID>
          <gpoId>7834</gpoId>
          <bioguideId>S001150</bioguideId>
        </identifiers>
        <isOriginalCosponsor>False</isOriginalCosponsor>
        <firstName>ADAM</firstName>
        <sponsorshipWithdrawnDate />
        <sponsorshipDate>2013-10-01</sponsorshipDate>
        <party>D</party>
        <district>28</district>
        <fullName>Rep. Schiff, Adam B. [D-CA-28]</fullName>
        <state>CA</state>
        <bioguideId>S001150</bioguideId>
        <lastName>SCHIFF</lastName>
        <middleName>B.</middleName>
      </item>
      <item>
        <identifiers>
          <lisID>229</lisID>
          <bioguideId>C000714</bioguideId>
          <gpoId>7999</gpoId>
        </identifiers>
        <isOriginalCosponsor>False</isOriginalCosponsor>
        <firstName>JOHN</firstName>
        <sponsorshipWithdrawnDate />
        <sponsorshipDate>2013-10-01</sponsorshipDate>
        <party>D</party>
        <district>13</district>
        <fullName>Rep. Conyers, John, Jr. [D-MI-13]</fullName>
        <state>MI</state>
        <bioguideId>C000714</bioguideId>
        <lastName>CONYERS</lastName>
        <middleName />
      </item>
      <item>
        <identifiers>
          <lisID>832</lisID>
          <bioguideId>M000933</bioguideId>
          <gpoId>8199</gpoId>
        </identifiers>
        <isOriginalCosponsor>False</isOriginalCosponsor>
        <firstName>JAMES</firstName>
        <sponsorshipWithdrawnDate />
        <sponsorshipDate>2013-10-01</sponsorshipDate>
        <party>D</party>
        <district>8</district>
        <fullName>Rep. Moran, James P. [D-VA-8]</fullName>
        <state>VA</state>
        <bioguideId>M000933</bioguideId>
        <lastName>MORAN</lastName>
        <middleName>P.</middleName>
      </item>
      <item>
        <identifiers>
          <gpoId>7804</gpoId>
          <lisID>1708</lisID>
          <bioguideId>G000551</bioguideId>
        </identifiers>
        <isOriginalCosponsor>False</isOriginalCosponsor>
        <firstName>Raul</firstName>
        <sponsorshipWithdrawnDate />
        <sponsorshipDate>2013-10-01</sponsorshipDate>
        <party>D</party>
        <district>3</district>
        <fullName>Rep. Grijalva, Raul M. [D-AZ-3]</fullName>
        <state>AZ</state>
        <bioguideId>G000551</bioguideId>
        <lastName>Grijalva</lastName>
        <middleName>M.</middleName>
      </item>
      <item>
        <identifiers>
          <bioguideId>L000480</bioguideId>
          <lisID>709</lisID>
          <gpoId>8079</gpoId>
        </identifiers>
        <isOriginalCosponsor>False</isOriginalCosponsor>
        <firstName>NITA</firstName>
        <sponsorshipWithdrawnDate />
        <sponsorshipDate>2013-10-01</sponsorshipDate>
        <party>D</party>
        <district>17</district>
        <fullName>Rep. Lowey, Nita M. [D-NY-17]</fullName>
        <state>NY</state>
        <bioguideId>L000480</bioguideId>
        <lastName>LOWEY</lastName>
        <middleName>M.</middleName>
      </item>
      <item>
        <identifiers>
          <lisID>1973</lisID>
          <gpoId>7815</gpoId>
          <bioguideId>G000559</bioguideId>
        </identifiers>
        <isOriginalCosponsor>False</isOriginalCosponsor>
        <firstName>John</firstName>
        <sponsorshipWithdrawnDate />
        <sponsorshipDate>2013-10-01</sponsorshipDate>
        <party>D</party>
        <district>3</district>
        <fullName>Rep. Garamendi, John [D-CA-3]</fullName>
        <state>CA</state>
        <bioguideId>G000559</bioguideId>
        <lastName>Garamendi</lastName>
        <middleName />
      </item>
      <item>
        <identifiers>
          <bioguideId>D000399</bioguideId>
          <lisID>303</lisID>
          <gpoId>8181</gpoId>
        </identifiers>
        <isOriginalCosponsor>False</isOriginalCosponsor>
        <firstName>LLOYD</firstName>
        <sponsorshipWithdrawnDate />
        <sponsorshipDate>2013-10-01</sponsorshipDate>
        <party>D</party>
        <district>35</district>
        <fullName>Rep. Doggett, Lloyd [D-TX-35]</fullName>
        <state>TX</state>
        <bioguideId>D000399</bioguideId>
        <lastName>DOGGETT</lastName>
        <middleName />
      </item>
      <item>
        <identifiers>
          <bioguideId>J000288</bioguideId>
          <gpoId>7901</gpoId>
          <lisID>1843</lisID>
        </identifiers>
        <isOriginalCosponsor>False</isOriginalCosponsor>
        <firstName>Henry</firstName>
        <sponsorshipWithdrawnDate />
        <sponsorshipDate>2013-10-01</sponsorshipDate>
        <party>D</party>
        <district>4</district>
        <fullName>Rep. Johnson, Henry C. "Hank," Jr. [D-GA-4]</fullName>
        <state>GA</state>
        <bioguideId>J000288</bioguideId>
        <lastName>Johnson</lastName>
        <middleName>C. "Hank"</middleName>
      </item>
      <item>
        <identifiers>
          <bioguideId>J000126</bioguideId>
          <lisID>599</lisID>
          <gpoId>8186</gpoId>
        </identifiers>
        <isOriginalCosponsor>False</isOriginalCosponsor>
        <firstName>EDDIE</firstName>
        <sponsorshipWithdrawnDate />
        <sponsorshipDate>2013-10-01</sponsorshipDate>
        <party>D</party>
        <district>30</district>
        <fullName>Rep. Johnson, Eddie Bernice [D-TX-30]</fullName>
        <state>TX</state>
        <bioguideId>J000126</bioguideId>
        <lastName>JOHNSON</lastName>
        <middleName>BERNICE</middleName>
      </item>
      <item>
        <identifiers>
          <bioguideId>C001078</bioguideId>
          <lisID>1959</lisID>
          <gpoId>8202</gpoId>
        </identifiers>
        <isOriginalCosponsor>False</isOriginalCosponsor>
        <firstName>Gerald</firstName>
        <sponsorshipWithdrawnDate />
        <sponsorshipDate>2013-10-01</sponsorshipDate>
        <party>D</party>
        <district>11</district>
        <fullName>Rep. Connolly, Gerald E. [D-VA-11]</fullName>
        <state>VA</state>
        <bioguideId>C001078</bioguideId>
        <lastName>Connolly</lastName>
        <middleName>E.</middleName>
      </item>
      <item>
        <identifiers>
          <bioguideId>M001191</bioguideId>
          <lisID>2117</lisID>
          <gpoId />
        </identifiers>
        <isOriginalCosponsor>False</isOriginalCosponsor>
        <firstName>Patrick</firstName>
        <sponsorshipWithdrawnDate />
        <sponsorshipDate>2013-10-02</sponsorshipDate>
        <party>D</party>
        <district>18</district>
        <fullName>Rep. Murphy, Patrick [D-FL-18]</fullName>
        <state>FL</state>
        <bioguideId>M001191</bioguideId>
        <lastName>Murphy</lastName>
        <middleName />
      </item>
      <item>
        <identifiers>
          <lisID>1853</lisID>
          <gpoId>7955</gpoId>
          <bioguideId>Y000062</bioguideId>
        </identifiers>
        <isOriginalCosponsor>False</isOriginalCosponsor>
        <firstName>John</firstName>
        <sponsorshipWithdrawnDate />
        <sponsorshipDate>2013-10-02</sponsorshipDate>
        <party>D</party>
        <district>3</district>
        <fullName>Rep. Yarmuth, John A. [D-KY-3]</fullName>
        <state>KY</state>
        <bioguideId>Y000062</bioguideId>
        <lastName>Yarmuth</lastName>
        <middleName>A.</middleName>
      </item>
      <item>
        <identifiers>
          <bioguideId>P000604</bioguideId>
          <gpoId>8373</gpoId>
          <lisID>2097</lisID>
        </identifiers>
        <isOriginalCosponsor>False</isOriginalCosponsor>
        <firstName>Donald</firstName>
        <sponsorshipWithdrawnDate />
        <sponsorshipDate>2013-10-02</sponsorshipDate>
        <party>D</party>
        <district>10</district>
        <fullName>Rep. Payne, Donald M., Jr. [D-NJ-10]</fullName>
        <state>NJ</state>
        <bioguideId>P000604</bioguideId>
        <lastName>Payne</lastName>
        <middleName>M.</middleName>
      </item>
      <item>
        <identifiers>
          <bioguideId>H001032</bioguideId>
          <lisID>1580</lisID>
          <gpoId>8054</gpoId>
        </identifiers>
        <isOriginalCosponsor>False</isOriginalCosponsor>
        <firstName>RUSH</firstName>
        <sponsorshipWithdrawnDate />
        <sponsorshipDate>2013-10-02</sponsorshipDate>
        <party>D</party>
        <district>12</district>
        <fullName>Rep. Holt, Rush [D-NJ-12]</fullName>
        <state>NJ</state>
        <bioguideId>H001032</bioguideId>
        <lastName>HOLT</lastName>
        <middleName>D.</middleName>
      </item>
      <item>
        <identifiers>
          <gpoId />
          <lisID>2104</lisID>
          <bioguideId>S001193</bioguideId>
        </identifiers>
        <isOriginalCosponsor>False</isOriginalCosponsor>
        <firstName>Eric</firstName>
        <sponsorshipWithdrawnDate />
        <sponsorshipDate>2013-10-02</sponsorshipDate>
        <party>D</party>
        <district>15</district>
        <fullName>Rep. Swalwell, Eric [D-CA-15]</fullName>
        <state>CA</state>
        <bioguideId>S001193</bioguideId>
        <lastName>Swalwell</lastName>
        <middleName />
      </item>
      <item>
        <identifiers>
          <gpoId>7812</gpoId>
          <lisID>808</lisID>
          <bioguideId>M000725</bioguideId>
        </identifiers>
        <isOriginalCosponsor>False</isOriginalCosponsor>
        <firstName>GEORGE</firstName>
        <sponsorshipWithdrawnDate />
        <sponsorshipDate>2013-10-02</sponsorshipDate>
        <party>D</party>
        <district>11</district>
        <fullName>Rep. Miller, George [D-CA-11]</fullName>
        <state>CA</state>
        <bioguideId>M000725</bioguideId>
        <lastName>MILLER</lastName>
        <middleName />
      </item>
      <item>
        <identifiers>
          <lisID>1890</lisID>
          <gpoId>7817</gpoId>
          <bioguideId>S001175</bioguideId>
        </identifiers>
        <isOriginalCosponsor>False</isOriginalCosponsor>
        <firstName>Jackie</firstName>
        <sponsorshipWithdrawnDate />
        <sponsorshipDate>2013-10-02</sponsorshipDate>
        <party>D</party>
        <district>14</district>
        <fullName>Rep. Speier, Jackie [D-CA-14]</fullName>
        <state>CA</state>
        <bioguideId>S001175</bioguideId>
        <lastName>Speier</lastName>
        <middleName />
      </item>
      <item>
        <identifiers>
          <bioguideId>D000355</bioguideId>
          <lisID>299</lisID>
          <gpoId>8000</gpoId>
        </identifiers>
        <isOriginalCosponsor>False</isOriginalCosponsor>
        <firstName>JOHN</firstName>
        <sponsorshipWithdrawnDate />
        <sponsorshipDate>2013-10-02</sponsorshipDate>
        <party>D</party>
        <district>12</district>
        <fullName>Rep. Dingell, John D. [D-MI-12]</fullName>
        <state>MI</state>
        <bioguideId>D000355</bioguideId>
        <lastName>DINGELL</lastName>
        <middleName>D.</middleName>
      </item>
      <item>
        <identifiers>
          <lisID>1857</lisID>
          <gpoId>8005</gpoId>
          <bioguideId>E000288</bioguideId>
        </identifiers>
        <isOriginalCosponsor>False</isOriginalCosponsor>
        <firstName>Keith</firstName>
        <sponsorshipWithdrawnDate />
        <sponsorshipDate>2013-10-04</sponsorshipDate>
        <party>D</party>
        <district>5</district>
        <fullName>Rep. Ellison, Keith [D-MN-5]</fullName>
        <state>MN</state>
        <bioguideId>E000288</bioguideId>
        <lastName>Ellison</lastName>
        <middleName />
      </item>
      <item>
        <identifiers>
          <bioguideId>L000579</bioguideId>
          <lisID>2111</lisID>
          <gpoId />
        </identifiers>
        <isOriginalCosponsor>False</isOriginalCosponsor>
        <firstName>Alan</firstName>
        <sponsorshipWithdrawnDate />
        <sponsorshipDate>2013-10-04</sponsorshipDate>
        <party>D</party>
        <district>47</district>
        <fullName>Rep. Lowenthal, Alan S. [D-CA-47]</fullName>
        <state>CA</state>
        <bioguideId>L000579</bioguideId>
        <lastName>Lowenthal</lastName>
        <middleName>S.</middleName>
      </item>
      <item>
        <identifiers>
          <gpoId>7355</gpoId>
          <lisID>1888</lisID>
          <bioguideId>F000454</bioguideId>
        </identifiers>
        <isOriginalCosponsor>False</isOriginalCosponsor>
        <firstName>Bill</firstName>
        <sponsorshipWithdrawnDate />
        <sponsorshipDate>2013-10-04</sponsorshipDate>
        <party>D</party>
        <district>11</district>
        <fullName>Rep. Foster, Bill [D-IL-11]</fullName>
        <state>IL</state>
        <bioguideId>F000454</bioguideId>
        <lastName>Foster</lastName>
        <middleName />
      </item>
      <item>
        <identifiers>
          <lisID>1861</lisID>
          <gpoId>7528</gpoId>
          <bioguideId>S001170</bioguideId>
        </identifiers>
        <isOriginalCosponsor>False</isOriginalCosponsor>
        <firstName>Carol</firstName>
        <sponsorshipWithdrawnDate />
        <sponsorshipDate>2013-10-04</sponsorshipDate>
        <party>D</party>
        <district>1</district>
        <fullName>Rep. Shea-Porter, Carol [D-NH-1]</fullName>
        <state>NH</state>
        <bioguideId>S001170</bioguideId>
        <lastName>Shea-Porter</lastName>
        <middleName />
      </item>
      <item>
        <identifiers>
          <gpoId>8089</gpoId>
          <lisID>1069</lisID>
          <bioguideId>S000480</bioguideId>
        </identifiers>
        <isOriginalCosponsor>False</isOriginalCosponsor>
        <firstName>LOUISE</firstName>
        <sponsorshipWithdrawnDate />
        <sponsorshipDate>2013-10-04</sponsorshipDate>
        <party>D</party>
        <district>25</district>
        <fullName>Rep. Slaughter, Louise McIntosh [D-NY-25]</fullName>
        <state>NY</state>
        <bioguideId>S000480</bioguideId>
        <lastName>SLAUGHTER</lastName>
        <middleName>M.</middleName>
      </item>
      <item>
        <identifiers>
          <lisID>2106</lisID>
          <gpoId />
          <bioguideId>B001285</bioguideId>
        </identifiers>
        <isOriginalCosponsor>False</isOriginalCosponsor>
        <firstName>Julia</firstName>
        <sponsorshipWithdrawnDate />
        <sponsorshipDate>2013-10-04</sponsorshipDate>
        <party>D</party>
        <district>26</district>
        <fullName>Rep. Brownley, Julia [D-CA-26]</fullName>
        <state>CA</state>
        <bioguideId>B001285</bioguideId>
        <lastName>Brownley</lastName>
        <middleName />
      </item>
      <item>
        <identifiers>
          <lisID>1942</lisID>
          <gpoId>8082</gpoId>
          <bioguideId>T000469</bioguideId>
        </identifiers>
        <isOriginalCosponsor>False</isOriginalCosponsor>
        <firstName>Paul</firstName>
        <sponsorshipWithdrawnDate />
        <sponsorshipDate>2013-10-04</sponsorshipDate>
        <party>D</party>
        <district>20</district>
        <fullName>Rep. Tonko, Paul [D-NY-20]</fullName>
        <state>NY</state>
        <bioguideId>T000469</bioguideId>
        <lastName>Tonko</lastName>
        <middleName />
      </item>
      <item>
        <identifiers>
          <bioguideId>M001149</bioguideId>
          <lisID>1730</lisID>
          <gpoId>7985</gpoId>
        </identifiers>
        <isOriginalCosponsor>False</isOriginalCosponsor>
        <firstName>Michael</firstName>
        <sponsorshipWithdrawnDate />
        <sponsorshipDate>2013-10-09</sponsorshipDate>
        <party>D</party>
        <district>2</district>
        <fullName>Rep. Michaud, Michael H. [D-ME-2]</fullName>
        <state>ME</state>
        <bioguideId>M001149</bioguideId>
        <lastName>Michaud</lastName>
        <middleName>H.</middleName>
      </item>
      <item>
        <identifiers>
          <lisID>1222</lisID>
          <gpoId>7953</gpoId>
          <bioguideId>W000413</bioguideId>
        </identifiers>
        <isOriginalCosponsor>False</isOriginalCosponsor>
        <firstName>EDWARD</firstName>
        <sponsorshipWithdrawnDate />
        <sponsorshipDate>2013-10-09</sponsorshipDate>
        <party>R</party>
        <district>1</district>
        <fullName>Rep. Whitfield, Ed [R-KY-1]</fullName>
        <state>KY</state>
        <bioguideId>W000413</bioguideId>
        <lastName>WHITFIELD</lastName>
        <middleName />
      </item>
      <item>
        <identifiers>
          <bioguideId>S001156</bioguideId>
          <lisID>1757</lisID>
          <gpoId>7844</gpoId>
        </identifiers>
        <isOriginalCosponsor>False</isOriginalCosponsor>
        <firstName>LINDA</firstName>
        <sponsorshipWithdrawnDate />
        <sponsorshipDate>2013-10-09</sponsorshipDate>
        <party>D</party>
        <district>38</district>
        <fullName>Rep. Sanchez, Linda T. [D-CA-38]</fullName>
        <state>CA</state>
        <bioguideId>S001156</bioguideId>
        <lastName>SANCHEZ</lastName>
        <middleName>T.</middleName>
      </item>
      <item>
        <identifiers>
          <lisID>1654</lisID>
          <gpoId>8009</gpoId>
          <bioguideId>C001049</bioguideId>
        </identifiers>
        <isOriginalCosponsor>False</isOriginalCosponsor>
        <firstName>WM.</firstName>
        <sponsorshipWithdrawnDate />
        <sponsorshipDate>2013-10-09</sponsorshipDate>
        <party>D</party>
        <district>1</district>
        <fullName>Rep. Clay, Wm. Lacy [D-MO-1]</fullName>
        <state>MO</state>
        <bioguideId>C001049</bioguideId>
        <lastName>CLAY</lastName>
        <middleName>LACY</middleName>
      </item>
      <item>
        <identifiers>
          <lisID>930</lisID>
          <bioguideId>P000523</bioguideId>
          <gpoId>8027</gpoId>
        </identifiers>
        <isOriginalCosponsor>False</isOriginalCosponsor>
        <firstName>DAVID</firstName>
        <sponsorshipWithdrawnDate />
        <sponsorshipDate>2013-10-09</sponsorshipDate>
        <party>D</party>
        <district>4</district>
        <fullName>Rep. Price, David E. [D-NC-4]</fullName>
        <state>NC</state>
        <bioguideId>P000523</bioguideId>
        <lastName>PRICE</lastName>
        <middleName>E.</middleName>
      </item>
      <item>
        <identifiers>
          <lisID>1967</lisID>
          <gpoId>7925</gpoId>
          <bioguideId>Q000023</bioguideId>
        </identifiers>
        <isOriginalCosponsor>False</isOriginalCosponsor>
        <firstName>Mike</firstName>
        <sponsorshipWithdrawnDate />
        <sponsorshipDate>2013-10-09</sponsorshipDate>
        <party>D</party>
        <district>5</district>
        <fullName>Rep. Quigley, Mike [D-IL-5]</fullName>
        <state>IL</state>
        <bioguideId>Q000023</bioguideId>
        <lastName>Quigley</lastName>
        <middleName />
      </item>
      <item>
        <identifiers>
          <lisID>766</lisID>
          <gpoId>8211</gpoId>
          <bioguideId>M000404</bioguideId>
        </identifiers>
        <isOriginalCosponsor>False</isOriginalCosponsor>
        <firstName>JIM</firstName>
        <sponsorshipWithdrawnDate />
        <sponsorshipDate>2013-10-10</sponsorshipDate>
        <party>D</party>
        <district>7</district>
        <fullName>Rep. McDermott, Jim [D-WA-7]</fullName>
        <state>WA</state>
        <bioguideId>M000404</bioguideId>
        <lastName>MCDERMOTT</lastName>
        <middleName />
      </item>
      <item>
        <identifiers>
          <gpoId>7828</gpoId>
          <lisID>1471</lisID>
          <bioguideId>C001036</bioguideId>
        </identifiers>
        <isOriginalCosponsor>False</isOriginalCosponsor>
        <firstName>LOIS</firstName>
        <sponsorshipWithdrawnDate />
        <sponsorshipDate>2013-10-10</sponsorshipDate>
        <party>D</party>
        <district>24</district>
        <fullName>Rep. Capps, Lois [D-CA-24]</fullName>
        <state>CA</state>
        <bioguideId>C001036</bioguideId>
        <lastName>CAPPS</lastName>
        <middleName />
      </item>
      <item>
        <identifiers>
          <bioguideId>S001177</bioguideId>
          <lisID>1962</lisID>
          <gpoId>8018</gpoId>
        </identifiers>
        <isOriginalCosponsor>False</isOriginalCosponsor>
        <firstName>Gregorio</firstName>
        <sponsorshipWithdrawnDate />
        <sponsorshipDate>2013-10-10</sponsorshipDate>
        <party>D</party>
        <district>0</district>
        <fullName>Rep. Sablan, Gregorio Kilili Camacho [D-MP-At Large]</fullName>
        <state>MP</state>
        <bioguideId>S001177</bioguideId>
        <lastName>Sablan</lastName>
        <middleName>Kilili Camacho</middleName>
      </item>
      <item>
        <identifiers>
          <gpoId>8156</gpoId>
          <lisID>1878</lisID>
          <bioguideId>C001068</bioguideId>
        </identifiers>
        <isOriginalCosponsor>False</isOriginalCosponsor>
        <firstName>Steve</firstName>
        <sponsorshipWithdrawnDate />
        <sponsorshipDate>2013-10-10</sponsorshipDate>
        <party>D</party>
        <district>9</district>
        <fullName>Rep. Cohen, Steve [D-TN-9]</fullName>
        <state>TN</state>
        <bioguideId>C001068</bioguideId>
        <lastName>Cohen</lastName>
        <middleName />
      </item>
      <item>
        <identifiers>
          <lisID>2125</lisID>
          <gpoId />
          <bioguideId>E000292</bioguideId>
        </identifiers>
        <isOriginalCosponsor>False</isOriginalCosponsor>
        <firstName>William</firstName>
        <sponsorshipWithdrawnDate />
        <sponsorshipDate>2013-10-10</sponsorshipDate>
        <party>D</party>
        <district>12</district>
        <fullName>Rep. Enyart, William L. [D-IL-12]</fullName>
        <state>IL</state>
        <bioguideId>E000292</bioguideId>
        <lastName>Enyart</lastName>
        <middleName>L.</middleName>
      </item>
      <item>
        <identifiers>
          <bioguideId>B001245</bioguideId>
          <lisID>1723</lisID>
          <gpoId>7911</gpoId>
        </identifiers>
        <isOriginalCosponsor>False</isOriginalCosponsor>
        <firstName>Madeleine</firstName>
        <sponsorshipWithdrawnDate />
        <sponsorshipDate>2013-10-16</sponsorshipDate>
        <party>D</party>
        <district>0</district>
        <fullName>Rep. Bordallo, Madeleine Z. [D-GU-At Large]</fullName>
        <state>GU</state>
        <bioguideId>B001245</bioguideId>
        <lastName>Bordallo</lastName>
        <middleName>Z.</middleName>
      </item>
      <item>
        <identifiers>
          <bioguideId>D000096</bioguideId>
          <lisID>1477</lisID>
          <gpoId>7927</gpoId>
        </identifiers>
        <isOriginalCosponsor>False</isOriginalCosponsor>
        <firstName>DANNY</firstName>
        <sponsorshipWithdrawnDate />
        <sponsorshipDate>2013-10-16</sponsorshipDate>
        <party>D</party>
        <district>7</district>
        <fullName>Rep. Davis, Danny K. [D-IL-7]</fullName>
        <state>IL</state>
        <bioguideId>D000096</bioguideId>
        <lastName>DAVIS</lastName>
        <middleName>K.</middleName>
      </item>
      <item>
        <identifiers>
          <bioguideId>S000510</bioguideId>
          <lisID>1528</lisID>
          <gpoId>8213</gpoId>
        </identifiers>
        <isOriginalCosponsor>False</isOriginalCosponsor>
        <firstName>ADAM</firstName>
        <sponsorshipWithdrawnDate />
        <sponsorshipDate>2013-10-16</sponsorshipDate>
        <party>D</party>
        <district>9</district>
        <fullName>Rep. Smith, Adam [D-WA-9]</fullName>
        <state>WA</state>
        <bioguideId>S000510</bioguideId>
        <lastName>SMITH</lastName>
        <middleName />
      </item>
      <item>
        <identifiers>
          <lisID>868</lisID>
          <bioguideId>N000147</bioguideId>
          <gpoId>7871</gpoId>
        </identifiers>
        <isOriginalCosponsor>False</isOriginalCosponsor>
        <firstName>ELEANOR</firstName>
        <sponsorshipWithdrawnDate />
        <sponsorshipDate>2013-10-16</sponsorshipDate>
        <party>D</party>
        <district>0</district>
        <fullName>Rep. Norton, Eleanor Holmes [D-DC-At Large]</fullName>
        <state>DC</state>
        <bioguideId>N000147</bioguideId>
        <lastName>NORTON</lastName>
        <middleName>HOLMES</middleName>
      </item>
      <item>
        <identifiers>
          <gpoId>8139</gpoId>
          <lisID>2055</lisID>
          <bioguideId>C001084</bioguideId>
        </identifiers>
        <isOriginalCosponsor>False</isOriginalCosponsor>
        <firstName>David</firstName>
        <sponsorshipWithdrawnDate />
        <sponsorshipDate>2013-10-16</sponsorshipDate>
        <party>D</party>
        <district>1</district>
        <fullName>Rep. Cicilline, David N. [D-RI-1]</fullName>
        <state>RI</state>
        <bioguideId>C001084</bioguideId>
        <lastName>Cicilline</lastName>
        <middleName>N.</middleName>
      </item>
      <item>
        <identifiers>
          <gpoId>7860</gpoId>
          <lisID>1910</lisID>
          <bioguideId>P000598</bioguideId>
        </identifiers>
        <isOriginalCosponsor>False</isOriginalCosponsor>
        <firstName>Jared</firstName>
        <sponsorshipWithdrawnDate />
        <sponsorshipDate>2013-10-16</sponsorshipDate>
        <party>D</party>
        <district>2</district>
        <fullName>Rep. Polis, Jared [D-CO-2]</fullName>
        <state>CO</state>
        <bioguideId>P000598</bioguideId>
        <lastName>Polis</lastName>
        <middleName />
      </item>
      <item>
        <identifiers>
          <lisID>2101</lisID>
          <gpoId />
          <bioguideId>H001068</bioguideId>
        </identifiers>
        <isOriginalCosponsor>False</isOriginalCosponsor>
        <firstName>Jared</firstName>
        <sponsorshipWithdrawnDate />
        <sponsorshipDate>2013-10-16</sponsorshipDate>
        <party>D</party>
        <district>2</district>
        <fullName>Rep. Huffman, Jared [D-CA-2]</fullName>
        <state>CA</state>
        <bioguideId>H001068</bioguideId>
        <lastName>Huffman</lastName>
        <middleName />
      </item>
      <item>
        <identifiers>
          <lisID>1811</lisID>
          <bioguideId>M001160</bioguideId>
          <gpoId>8217</gpoId>
        </identifiers>
        <isOriginalCosponsor>False</isOriginalCosponsor>
        <firstName>Gwen</firstName>
        <sponsorshipWithdrawnDate />
        <sponsorshipDate>2013-10-16</sponsorshipDate>
        <party>D</party>
        <district>4</district>
        <fullName>Rep. Moore, Gwen [D-WI-4]</fullName>
        <state>WI</state>
        <bioguideId>M001160</bioguideId>
        <lastName>Moore</lastName>
        <middleName />
      </item>
      <item>
        <identifiers>
          <lisID>1970</lisID>
          <gpoId>7837</gpoId>
          <bioguideId>C001080</bioguideId>
        </identifiers>
        <isOriginalCosponsor>False</isOriginalCosponsor>
        <firstName>Judy</firstName>
        <sponsorshipWithdrawnDate />
        <sponsorshipDate>2013-10-16</sponsorshipDate>
        <party>D</party>
        <district>27</district>
        <fullName>Rep. Chu, Judy [D-CA-27]</fullName>
        <state>CA</state>
        <bioguideId>C001080</bioguideId>
        <lastName>Chu</lastName>
        <middleName />
      </item>
      <item>
        <identifiers>
          <lisID>2171</lisID>
          <gpoId />
          <bioguideId>P000607</bioguideId>
        </identifiers>
        <isOriginalCosponsor>False</isOriginalCosponsor>
        <firstName>Mark</firstName>
        <sponsorshipWithdrawnDate />
        <sponsorshipDate>2013-10-16</sponsorshipDate>
        <party>D</party>
        <district>2</district>
        <fullName>Rep. Pocan, Mark [D-WI-2]</fullName>
        <state>WI</state>
        <bioguideId>P000607</bioguideId>
        <lastName>Pocan</lastName>
        <middleName />
      </item>
      <item>
        <identifiers>
          <lisID>2134</lisID>
          <bioguideId>K000380</bioguideId>
          <gpoId />
        </identifiers>
        <isOriginalCosponsor>False</isOriginalCosponsor>
        <firstName>Daniel</firstName>
        <sponsorshipWithdrawnDate />
        <sponsorshipDate>2013-10-16</sponsorshipDate>
        <party>D</party>
        <district>5</district>
        <fullName>Rep. Kildee, Daniel T [D-MI-5]</fullName>
        <state>MI</state>
        <bioguideId>K000380</bioguideId>
        <lastName>Kildee</lastName>
        <middleName>T.</middleName>
      </item>
      <item>
        <identifiers>
          <lisID>1641</lisID>
          <bioguideId>D000598</bioguideId>
          <gpoId>7858</gpoId>
        </identifiers>
        <isOriginalCosponsor>False</isOriginalCosponsor>
        <firstName>SUSAN</firstName>
        <sponsorshipWithdrawnDate />
        <sponsorshipDate>2013-10-16</sponsorshipDate>
        <party>D</party>
        <district>53</district>
        <fullName>Rep. Davis, Susan A. [D-CA-53]</fullName>
        <state>CA</state>
        <bioguideId>D000598</bioguideId>
        <lastName>DAVIS</lastName>
        <middleName>A.</middleName>
      </item>
      <item>
        <identifiers>
          <lisID>688</lisID>
          <gpoId>7902</gpoId>
          <bioguideId>L000287</bioguideId>
        </identifiers>
        <isOriginalCosponsor>False</isOriginalCosponsor>
        <firstName>JOHN</firstName>
        <sponsorshipWithdrawnDate />
        <sponsorshipDate>2013-10-22</sponsorshipDate>
        <party>D</party>
        <district>5</district>
        <fullName>Rep. Lewis, John [D-GA-5]</fullName>
        <state>GA</state>
        <bioguideId>L000287</bioguideId>
        <lastName>LEWIS</lastName>
        <middleName />
      </item>
      <item>
        <identifiers>
          <bioguideId>G000573</bioguideId>
          <gpoId />
          <lisID>2120</lisID>
        </identifiers>
        <isOriginalCosponsor>False</isOriginalCosponsor>
        <firstName>Joe</firstName>
        <sponsorshipWithdrawnDate />
        <sponsorshipDate>2013-10-22</sponsorshipDate>
        <party>D</party>
        <district>26</district>
        <fullName>Rep. Garcia, Joe [D-FL-26]</fullName>
        <state>FL</state>
        <bioguideId>G000573</bioguideId>
        <lastName>Garcia</lastName>
        <middleName />
      </item>
      <item>
        <identifiers>
          <bioguideId>T000465</bioguideId>
          <lisID>1884</lisID>
          <gpoId>7970</gpoId>
        </identifiers>
        <isOriginalCosponsor>False</isOriginalCosponsor>
        <firstName>Niki</firstName>
        <sponsorshipWithdrawnDate />
        <sponsorshipDate>2013-10-22</sponsorshipDate>
        <party>D</party>
        <district>3</district>
        <fullName>Rep. Tsongas, Niki [D-MA-3]</fullName>
        <state>MA</state>
        <bioguideId>T000465</bioguideId>
        <lastName>Tsongas</lastName>
        <middleName />
      </item>
      <item>
        <identifiers>
          <bioguideId>L000559</bioguideId>
          <gpoId>8140</gpoId>
          <lisID>1668</lisID>
        </identifiers>
        <isOriginalCosponsor>False</isOriginalCosponsor>
        <firstName>JAMES</firstName>
        <sponsorshipWithdrawnDate />
        <sponsorshipDate>2013-10-30</sponsorshipDate>
        <party>D</party>
        <district>2</district>
        <fullName>Rep. Langevin, James R. [D-RI-2]</fullName>
        <state>RI</state>
        <bioguideId>L000559</bioguideId>
        <lastName>LANGEVIN</lastName>
        <middleName>R.</middleName>
      </item>
      <item>
        <identifiers>
          <lisID>1504</lisID>
          <gpoId>7968</gpoId>
          <bioguideId>M000312</bioguideId>
        </identifiers>
        <isOriginalCosponsor>False</isOriginalCosponsor>
        <firstName>JAMES</firstName>
        <sponsorshipWithdrawnDate />
        <sponsorshipDate>2013-10-30</sponsorshipDate>
        <party>D</party>
        <district>2</district>
        <fullName>Rep. McGovern, James P. [D-MA-2]</fullName>
        <state>MA</state>
        <bioguideId>M000312</bioguideId>
        <lastName>MCGOVERN</lastName>
        <middleName>P.</middleName>
      </item>
      <item>
        <identifiers>
          <lisID>1879</lisID>
          <gpoId>8204</gpoId>
          <bioguideId>W000800</bioguideId>
        </identifiers>
        <isOriginalCosponsor>False</isOriginalCosponsor>
        <firstName>Peter</firstName>
        <sponsorshipWithdrawnDate />
        <sponsorshipDate>2013-10-30</sponsorshipDate>
        <party>D</party>
        <district>0</district>
        <fullName>Rep. Welch, Peter [D-VT-At Large]</fullName>
        <state>VT</state>
        <bioguideId>W000800</bioguideId>
        <lastName>Welch</lastName>
        <middleName />
      </item>
      <item>
        <identifiers>
          <bioguideId>D000620</bioguideId>
          <gpoId />
          <lisID>2133</lisID>
        </identifiers>
        <isOriginalCosponsor>False</isOriginalCosponsor>
        <firstName>John</firstName>
        <sponsorshipWithdrawnDate />
        <sponsorshipDate>2013-10-30</sponsorshipDate>
        <party>D</party>
        <district>6</district>
        <fullName>Rep. Delaney, John K. [D-MD-6]</fullName>
        <state>MD</state>
        <bioguideId>D000620</bioguideId>
        <lastName>Delaney</lastName>
        <middleName>K.</middleName>
      </item>
      <item>
        <identifiers>
          <bioguideId>B000574</bioguideId>
          <gpoId>8116</gpoId>
          <lisID>99</lisID>
        </identifiers>
        <isOriginalCosponsor>False</isOriginalCosponsor>
        <firstName>EARL</firstName>
        <sponsorshipWithdrawnDate />
        <sponsorshipDate>2013-10-30</sponsorshipDate>
        <party>D</party>
        <district>3</district>
        <fullName>Rep. Blumenauer, Earl [D-OR-3]</fullName>
        <state>OR</state>
        <bioguideId>B000574</bioguideId>
        <lastName>BLUMENAUER</lastName>
        <middleName />
      </item>
      <item>
        <identifiers>
          <bioguideId>B001259</bioguideId>
          <lisID>1845</lisID>
          <gpoId>7914</gpoId>
        </identifiers>
        <isOriginalCosponsor>False</isOriginalCosponsor>
        <firstName>Bruce</firstName>
        <sponsorshipWithdrawnDate />
        <sponsorshipDate>2013-10-30</sponsorshipDate>
        <party>D</party>
        <district>1</district>
        <fullName>Rep. Braley, Bruce L. [D-IA-1]</fullName>
        <state>IA</state>
        <bioguideId>B001259</bioguideId>
        <lastName>Braley</lastName>
        <middleName>L.</middleName>
      </item>
      <item>
        <identifiers>
          <bioguideId>C001037</bioguideId>
          <lisID>1564</lisID>
          <gpoId>7973</gpoId>
        </identifiers>
        <isOriginalCosponsor>False</isOriginalCosponsor>
        <firstName>MICHAEL</firstName>
        <sponsorshipWithdrawnDate />
        <sponsorshipDate>2013-10-30</sponsorshipDate>
        <party>D</party>
        <district>7</district>
        <fullName>Rep. Capuano, Michael E. [D-MA-7]</fullName>
        <state>MA</state>
        <bioguideId>C001037</bioguideId>
        <lastName>CAPUANO</lastName>
        <middleName>E.</middleName>
      </item>
      <item>
        <identifiers>
          <bioguideId>P000595</bioguideId>
          <lisID>1929</lisID>
          <gpoId>7994</gpoId>
        </identifiers>
        <isOriginalCosponsor>False</isOriginalCosponsor>
        <firstName>Gary</firstName>
        <sponsorshipWithdrawnDate />
        <sponsorshipDate>2013-10-30</sponsorshipDate>
        <party>D</party>
        <district>14</district>
        <fullName>Rep. Peters, Gary C. [D-MI-14]</fullName>
        <state>MI</state>
        <bioguideId>P000595</bioguideId>
        <lastName>Peters</lastName>
        <middleName>C.</middleName>
      </item>
      <item>
        <identifiers>
          <lisID>355</lisID>
          <gpoId>7819</gpoId>
          <bioguideId>E000215</bioguideId>
        </identifiers>
        <isOriginalCosponsor>False</isOriginalCosponsor>
        <firstName>ANNA</firstName>
        <sponsorshipWithdrawnDate />
        <sponsorshipDate>2013-11-13</sponsorshipDate>
        <party>D</party>
        <district>18</district>
        <fullName>Rep. Eshoo, Anna G. [D-CA-18]</fullName>
        <state>CA</state>
        <bioguideId>E000215</bioguideId>
        <lastName>ESHOO</lastName>
        <middleName>G.</middleName>
      </item>
      <item>
        <identifiers>
          <lisID>2093</lisID>
          <gpoId>8368</gpoId>
          <bioguideId>B001279</bioguideId>
        </identifiers>
        <isOriginalCosponsor>False</isOriginalCosponsor>
        <firstName>Ron</firstName>
        <sponsorshipWithdrawnDate />
        <sponsorshipDate>2013-11-13</sponsorshipDate>
        <party>D</party>
        <district>2</district>
        <fullName>Rep. Barber, Ron [D-AZ-2]</fullName>
        <state>AZ</state>
        <bioguideId>B001279</bioguideId>
        <lastName>Barber</lastName>
        <middleName />
      </item>
      <item>
        <identifiers>
          <lisID>1814</lisID>
          <gpoId>7810</gpoId>
          <bioguideId>M001163</bioguideId>
        </identifiers>
        <isOriginalCosponsor>False</isOriginalCosponsor>
        <firstName>Doris</firstName>
        <sponsorshipWithdrawnDate />
        <sponsorshipDate>2013-11-13</sponsorshipDate>
        <party>D</party>
        <district>6</district>
        <fullName>Rep. Matsui, Doris O. [D-CA-6]</fullName>
        <state>CA</state>
        <bioguideId>M001163</bioguideId>
        <lastName>Matsui</lastName>
        <middleName>O.</middleName>
      </item>
      <item>
        <identifiers>
          <gpoId>7967</gpoId>
          <lisID>854</lisID>
          <bioguideId>N000015</bioguideId>
        </identifiers>
        <isOriginalCosponsor>False</isOriginalCosponsor>
        <firstName>RICHARD</firstName>
        <sponsorshipWithdrawnDate />
        <sponsorshipDate>2013-11-13</sponsorshipDate>
        <party>D</party>
        <district>1</district>
        <fullName>Rep. Neal, Richard E. [D-MA-1]</fullName>
        <state>MA</state>
        <bioguideId>N000015</bioguideId>
        <lastName>NEAL</lastName>
        <middleName>E.</middleName>
      </item>
      <item>
        <identifiers>
          <bioguideId>K000385</bioguideId>
          <gpoId />
          <lisID>2190</lisID>
        </identifiers>
        <isOriginalCosponsor>False</isOriginalCosponsor>
        <firstName>Robin</firstName>
        <sponsorshipWithdrawnDate />
        <sponsorshipDate>2013-11-13</sponsorshipDate>
        <party>D</party>
        <district>2</district>
        <fullName>Rep. Kelly, Robin L. [D-IL-2]</fullName>
        <state>IL</state>
        <bioguideId>K000385</bioguideId>
        <lastName>Kelly</lastName>
        <middleName>L.</middleName>
      </item>
      <item>
        <identifiers>
          <gpoId>7984</gpoId>
          <lisID>1927</lisID>
          <bioguideId>P000597</bioguideId>
        </identifiers>
        <isOriginalCosponsor>False</isOriginalCosponsor>
        <firstName>Chellie</firstName>
        <sponsorshipWithdrawnDate />
        <sponsorshipDate>2013-11-13</sponsorshipDate>
        <party>D</party>
        <district>1</district>
        <fullName>Rep. Pingree, Chellie [D-ME-1]</fullName>
        <state>ME</state>
        <bioguideId>P000597</bioguideId>
        <lastName>Pingree</lastName>
        <middleName />
      </item>
      <item>
        <identifiers>
          <lisID>2145</lisID>
          <gpoId />
          <bioguideId>K000382</bioguideId>
        </identifiers>
        <isOriginalCosponsor>False</isOriginalCosponsor>
        <firstName>Ann</firstName>
        <sponsorshipWithdrawnDate />
        <sponsorshipDate>2013-11-13</sponsorshipDate>
        <party>D</party>
        <district>2</district>
        <fullName>Rep. Kuster, Ann M. [D-NH-2]</fullName>
        <state>NH</state>
        <bioguideId>K000382</bioguideId>
        <lastName>Kuster</lastName>
        <middleName>M.</middleName>
      </item>
      <item>
        <identifiers>
          <bioguideId>L000565</bioguideId>
          <gpoId>7915</gpoId>
          <lisID>1846</lisID>
        </identifiers>
        <isOriginalCosponsor>False</isOriginalCosponsor>
        <firstName>David</firstName>
        <sponsorshipWithdrawnDate />
        <sponsorshipDate>2013-11-13</sponsorshipDate>
        <party>D</party>
        <district>2</district>
        <fullName>Rep. Loebsack, David [D-IA-2]</fullName>
        <state>IA</state>
        <bioguideId>L000565</bioguideId>
        <lastName>Loebsack</lastName>
        <middleName />
      </item>
      <item>
        <identifiers>
          <lisID>2110</lisID>
          <gpoId />
          <bioguideId>T000472</bioguideId>
        </identifiers>
        <isOriginalCosponsor>False</isOriginalCosponsor>
        <firstName>Mark</firstName>
        <sponsorshipWithdrawnDate />
        <sponsorshipDate>2013-11-13</sponsorshipDate>
        <party>D</party>
        <district>41</district>
        <fullName>Rep. Takano, Mark [D-CA-41]</fullName>
        <state>CA</state>
        <bioguideId>T000472</bioguideId>
        <lastName>Takano</lastName>
        <middleName />
      </item>
      <item>
        <identifiers>
          <lisID>612</lisID>
          <gpoId>8026</gpoId>
          <bioguideId>J000255</bioguideId>
        </identifiers>
        <isOriginalCosponsor>False</isOriginalCosponsor>
        <firstName>WALTER</firstName>
        <sponsorshipWithdrawnDate />
        <sponsorshipDate>2013-11-13</sponsorshipDate>
        <party>R</party>
        <district>3</district>
        <fullName>Rep. Jones, Walter B., Jr. [R-NC-3]</fullName>
        <state>NC</state>
        <bioguideId>J000255</bioguideId>
        <lastName>JONES</lastName>
        <middleName>B.</middleName>
      </item>
      <item>
        <identifiers>
          <gpoId />
          <lisID>2172</lisID>
          <bioguideId>K000379</bioguideId>
        </identifiers>
        <isOriginalCosponsor>False</isOriginalCosponsor>
        <firstName>Joseph</firstName>
        <sponsorshipWithdrawnDate />
        <sponsorshipDate>2013-11-13</sponsorshipDate>
        <party>D</party>
        <district>4</district>
        <fullName>Rep. Kennedy, Joseph P. III [D-MA-4]</fullName>
        <state>MA</state>
        <bioguideId>K000379</bioguideId>
        <lastName>Kennedy</lastName>
        <middleName>P.</middleName>
      </item>
      <item>
        <identifiers>
          <bioguideId>K000188</bioguideId>
          <lisID>1498</lisID>
          <gpoId>8216</gpoId>
        </identifiers>
        <isOriginalCosponsor>False</isOriginalCosponsor>
        <firstName>RON</firstName>
        <sponsorshipWithdrawnDate />
        <sponsorshipDate>2013-11-13</sponsorshipDate>
        <party>D</party>
        <district>3</district>
        <fullName>Rep. Kind, Ron [D-WI-3]</fullName>
        <state>WI</state>
        <bioguideId>K000188</bioguideId>
        <lastName>KIND</lastName>
        <middleName />
      </item>
      <item>
        <identifiers>
          <gpoId>8117</gpoId>
          <lisID>279</lisID>
          <bioguideId>D000191</bioguideId>
        </identifiers>
        <isOriginalCosponsor>False</isOriginalCosponsor>
        <firstName>PETER</firstName>
        <sponsorshipWithdrawnDate />
        <sponsorshipDate>2013-11-13</sponsorshipDate>
        <party>D</party>
        <district>4</district>
        <fullName>Rep. DeFazio, Peter A. [D-OR-4]</fullName>
        <state>OR</state>
        <bioguideId>D000191</bioguideId>
        <lastName>DEFAZIO</lastName>
        <middleName>A.</middleName>
      </item>
      <item>
        <identifiers>
          <lisID>2169</lisID>
          <gpoId />
          <bioguideId>K000381</bioguideId>
        </identifiers>
        <isOriginalCosponsor>False</isOriginalCosponsor>
        <firstName>Derek</firstName>
        <sponsorshipWithdrawnDate />
        <sponsorshipDate>2013-11-13</sponsorshipDate>
        <party>D</party>
        <district>6</district>
        <fullName>Rep. Kilmer, Derek [D-WA-6]</fullName>
        <state>WA</state>
        <bioguideId>K000381</bioguideId>
        <lastName>Kilmer</lastName>
        <middleName />
      </item>
      <item>
        <identifiers>
          <lisID>2109</lisID>
          <gpoId />
          <bioguideId>R000599</bioguideId>
        </identifiers>
        <isOriginalCosponsor>False</isOriginalCosponsor>
        <firstName>Raul</firstName>
        <sponsorshipWithdrawnDate />
        <sponsorshipDate>2013-11-13</sponsorshipDate>
        <party>D</party>
        <district>36</district>
        <fullName>Rep. Ruiz, Raul [D-CA-36]</fullName>
        <state>CA</state>
        <bioguideId>R000599</bioguideId>
        <lastName>Ruiz</lastName>
        <middleName />
      </item>
      <item>
        <identifiers>
          <lisID>2096</lisID>
          <gpoId>8374</gpoId>
          <bioguideId>D000617</bioguideId>
        </identifiers>
        <isOriginalCosponsor>False</isOriginalCosponsor>
        <firstName>Suzan</firstName>
        <sponsorshipWithdrawnDate />
        <sponsorshipDate>2013-11-15</sponsorshipDate>
        <party>D</party>
        <district>1</district>
        <fullName>Rep. DelBene, Suzan K. [D-WA-1]</fullName>
        <state>WA</state>
        <bioguideId>D000617</bioguideId>
        <lastName>DelBene</lastName>
        <middleName>K.</middleName>
      </item>
      <item>
        <identifiers>
          <bioguideId>C001061</bioguideId>
          <gpoId>8013</gpoId>
          <lisID>1790</lisID>
        </identifiers>
        <isOriginalCosponsor>False</isOriginalCosponsor>
        <firstName>Emanuel</firstName>
        <sponsorshipWithdrawnDate />
        <sponsorshipDate>2013-11-15</sponsorshipDate>
        <party>D</party>
        <district>5</district>
        <fullName>Rep. Cleaver, Emanuel [D-MO-5]</fullName>
        <state>MO</state>
        <bioguideId>C001061</bioguideId>
        <lastName>Cleaver</lastName>
        <middleName />
      </item>
      <item>
        <identifiers>
          <bioguideId>T000266</bioguideId>
          <gpoId>7971</gpoId>
          <lisID>1535</lisID>
        </identifiers>
        <isOriginalCosponsor>False</isOriginalCosponsor>
        <firstName>JOHN</firstName>
        <sponsorshipWithdrawnDate />
        <sponsorshipDate>2013-11-15</sponsorshipDate>
        <party>D</party>
        <district>6</district>
        <fullName>Rep. Tierney, John F. [D-MA-6]</fullName>
        <state>MA</state>
        <bioguideId>T000266</bioguideId>
        <lastName>TIERNEY</lastName>
        <middleName>F.</middleName>
      </item>
      <item>
        <identifiers>
          <lisID>1501</lisID>
          <gpoId>7814</gpoId>
          <bioguideId>L000551</bioguideId>
        </identifiers>
        <isOriginalCosponsor>False</isOriginalCosponsor>
        <firstName>BARBARA</firstName>
        <sponsorshipWithdrawnDate />
        <sponsorshipDate>2013-11-15</sponsorshipDate>
        <party>D</party>
        <district>13</district>
        <fullName>Rep. Lee, Barbara [D-CA-13]</fullName>
        <state>CA</state>
        <bioguideId>L000551</bioguideId>
        <lastName>LEE</lastName>
        <middleName />
      </item>
      <item>
        <identifiers>
          <bioguideId>H001064</bioguideId>
          <lisID>2170</lisID>
          <gpoId />
        </identifiers>
        <isOriginalCosponsor>False</isOriginalCosponsor>
        <firstName>Denny</firstName>
        <sponsorshipWithdrawnDate />
        <sponsorshipDate>2013-11-21</sponsorshipDate>
        <party>D</party>
        <district>10</district>
        <fullName>Rep. Heck, Denny [D-WA-10]</fullName>
        <state>WA</state>
        <bioguideId>H001064</bioguideId>
        <lastName>Heck</lastName>
        <middleName />
      </item>
      <item>
        <identifiers>
          <lisID>1479</lisID>
          <gpoId>7859</gpoId>
          <bioguideId>D000197</bioguideId>
        </identifiers>
        <isOriginalCosponsor>False</isOriginalCosponsor>
        <firstName>DIANA</firstName>
        <sponsorshipWithdrawnDate />
        <sponsorshipDate>2013-11-21</sponsorshipDate>
        <party>D</party>
        <district>1</district>
        <fullName>Rep. DeGette, Diana [D-CO-1]</fullName>
        <state>CO</state>
        <bioguideId>D000197</bioguideId>
        <lastName>DEGETTE</lastName>
        <middleName />
      </item>
      <item>
        <identifiers>
          <lisID>281</lisID>
          <bioguideId>D000216</bioguideId>
          <gpoId>7868</gpoId>
        </identifiers>
        <isOriginalCosponsor>False</isOriginalCosponsor>
        <firstName>ROSA</firstName>
        <sponsorshipWithdrawnDate />
        <sponsorshipDate>2013-11-21</sponsorshipDate>
        <party>D</party>
        <district>3</district>
        <fullName>Rep. DeLauro, Rosa L. [D-CT-3]</fullName>
        <state>CT</state>
        <bioguideId>D000216</bioguideId>
        <lastName>DELAURO</lastName>
        <middleName />
      </item>
      <item>
        <identifiers>
          <lisID>701</lisID>
          <gpoId>7821</gpoId>
          <bioguideId>L000397</bioguideId>
        </identifiers>
        <isOriginalCosponsor>False</isOriginalCosponsor>
        <firstName>ZOE</firstName>
        <sponsorshipWithdrawnDate />
        <sponsorshipDate>2013-11-21</sponsorshipDate>
        <party>D</party>
        <district>19</district>
        <fullName>Rep. Lofgren, Zoe [D-CA-19]</fullName>
        <state>CA</state>
        <bioguideId>L000397</bioguideId>
        <lastName>LOFGREN</lastName>
        <middleName />
      </item>
      <item>
        <identifiers>
          <bioguideId>B001287</bioguideId>
          <gpoId />
          <lisID>2102</lisID>
        </identifiers>
        <isOriginalCosponsor>False</isOriginalCosponsor>
        <firstName>Ami</firstName>
        <sponsorshipWithdrawnDate />
        <sponsorshipDate>2013-11-21</sponsorshipDate>
        <party>D</party>
        <district>7</district>
        <fullName>Rep. Bera, Ami [D-CA-7]</fullName>
        <state>CA</state>
        <bioguideId>B001287</bioguideId>
        <lastName>Bera</lastName>
        <middleName />
      </item>
      <item>
        <identifiers>
          <gpoId>8120</gpoId>
          <lisID>371</lisID>
          <bioguideId>F000043</bioguideId>
        </identifiers>
        <isOriginalCosponsor>False</isOriginalCosponsor>
        <firstName>CHAKA</firstName>
        <sponsorshipWithdrawnDate />
        <sponsorshipDate>2013-11-21</sponsorshipDate>
        <party>D</party>
        <district>2</district>
        <fullName>Rep. Fattah, Chaka [D-PA-2]</fullName>
        <state>PA</state>
        <bioguideId>F000043</bioguideId>
        <lastName>FATTAH</lastName>
        <middleName />
      </item>
      <item>
        <identifiers>
          <lisID>1894</lisID>
          <gpoId>7979</gpoId>
          <bioguideId>E000290</bioguideId>
        </identifiers>
        <isOriginalCosponsor>False</isOriginalCosponsor>
        <firstName>Donna</firstName>
        <sponsorshipWithdrawnDate />
        <sponsorshipDate>2013-11-21</sponsorshipDate>
        <party>D</party>
        <district>4</district>
        <fullName>Rep. Edwards, Donna F. [D-MD-4]</fullName>
        <state>MD</state>
        <bioguideId>E000290</bioguideId>
        <lastName>Edwards</lastName>
        <middleName>F.</middleName>
      </item>
      <item>
        <identifiers>
          <bioguideId>C001072</bioguideId>
          <gpoId>7946</gpoId>
          <lisID>1889</lisID>
        </identifiers>
        <isOriginalCosponsor>False</isOriginalCosponsor>
        <firstName>Andre</firstName>
        <sponsorshipWithdrawnDate />
        <sponsorshipDate>2013-11-21</sponsorshipDate>
        <party>D</party>
        <district>7</district>
        <fullName>Rep. Carson, Andre [D-IN-7]</fullName>
        <state>IN</state>
        <bioguideId>C001072</bioguideId>
        <lastName>Carson</lastName>
        <middleName />
      </item>
      <item>
        <identifiers>
          <bioguideId>H001034</bioguideId>
          <lisID>1634</lisID>
          <gpoId>7820</gpoId>
        </identifiers>
        <isOriginalCosponsor>False</isOriginalCosponsor>
        <firstName>MICHAEL</firstName>
        <sponsorshipWithdrawnDate />
        <sponsorshipDate>2013-11-21</sponsorshipDate>
        <party>D</party>
        <district>17</district>
        <fullName>Rep. Honda, Michael M. [D-CA-17]</fullName>
        <state>CA</state>
        <bioguideId>H001034</bioguideId>
        <lastName>HONDA</lastName>
        <middleName>M.</middleName>
      </item>
      <item>
        <identifiers>
          <bioguideId>M001171</bioguideId>
          <gpoId>7506</gpoId>
          <lisID>1943</lisID>
        </identifiers>
        <isOriginalCosponsor>False</isOriginalCosponsor>
        <firstName>Daniel</firstName>
        <sponsorshipWithdrawnDate />
        <sponsorshipDate>2013-12-04</sponsorshipDate>
        <party>D</party>
        <district>24</district>
        <fullName>Rep. Maffei, Daniel B. [D-NY-24]</fullName>
        <state>NY</state>
        <bioguideId>M001171</bioguideId>
        <lastName>Maffei</lastName>
        <middleName>B.</middleName>
      </item>
      <item>
        <identifiers>
          <lisID>1939</lisID>
          <gpoId>8058</gpoId>
          <bioguideId>L000570</bioguideId>
        </identifiers>
        <isOriginalCosponsor>False</isOriginalCosponsor>
        <firstName>Ben</firstName>
        <sponsorshipWithdrawnDate />
        <sponsorshipDate>2013-12-04</sponsorshipDate>
        <party>D</party>
        <district>3</district>
        <fullName>Rep. Lujan, Ben Ray [D-NM-3]</fullName>
        <state>NM</state>
        <bioguideId>L000570</bioguideId>
        <lastName>Lujan</lastName>
        <middleName>Ray</middleName>
      </item>
      <item>
        <identifiers>
          <lisID>1686</lisID>
          <gpoId>7974</gpoId>
          <bioguideId>L000562</bioguideId>
        </identifiers>
        <isOriginalCosponsor>False</isOriginalCosponsor>
        <firstName>Stephen</firstName>
        <sponsorshipWithdrawnDate />
        <sponsorshipDate>2013-12-04</sponsorshipDate>
        <party>D</party>
        <district>8</district>
        <fullName>Rep. Lynch, Stephen F. [D-MA-8]</fullName>
        <state>MA</state>
        <bioguideId>L000562</bioguideId>
        <lastName>Lynch</lastName>
        <middleName>F.</middleName>
      </item>
      <item>
        <identifiers>
          <lisID>944</lisID>
          <gpoId>8076</gpoId>
          <bioguideId>R000053</bioguideId>
        </identifiers>
        <isOriginalCosponsor>False</isOriginalCosponsor>
        <firstName>CHARLES</firstName>
        <sponsorshipWithdrawnDate />
        <sponsorshipDate>2013-12-04</sponsorshipDate>
        <party>D</party>
        <district>13</district>
        <fullName>Rep. Rangel, Charles B. [D-NY-13]</fullName>
        <state>NY</state>
        <bioguideId>R000053</bioguideId>
        <lastName>RANGEL</lastName>
        <middleName>B.</middleName>
      </item>
      <item>
        <identifiers>
          <lisID>2113</lisID>
          <gpoId />
          <bioguideId>P000608</bioguideId>
        </identifiers>
        <isOriginalCosponsor>False</isOriginalCosponsor>
        <firstName>Scott</firstName>
        <sponsorshipWithdrawnDate />
        <sponsorshipDate>2013-12-04</sponsorshipDate>
        <party>D</party>
        <district>52</district>
        <fullName>Rep. Peters, Scott H. [D-CA-52]</fullName>
        <state>CA</state>
        <bioguideId>P000608</bioguideId>
        <lastName>Peters</lastName>
        <middleName>H.</middleName>
      </item>
      <item>
        <identifiers>
          <lisID>2159</lisID>
          <bioguideId>C001090</bioguideId>
          <gpoId />
        </identifiers>
        <isOriginalCosponsor>False</isOriginalCosponsor>
        <firstName>Matt</firstName>
        <sponsorshipWithdrawnDate />
        <sponsorshipDate>2013-12-04</sponsorshipDate>
        <party>D</party>
        <district>17</district>
        <fullName>Rep. Cartwright, Matt [D-PA-17]</fullName>
        <state>PA</state>
        <bioguideId>C001090</bioguideId>
        <lastName>Cartwright</lastName>
        <middleName />
      </item>
      <item>
        <identifiers>
          <gpoId />
          <lisID>2123</lisID>
          <bioguideId>D000622</bioguideId>
        </identifiers>
        <isOriginalCosponsor>False</isOriginalCosponsor>
        <firstName>Tammy</firstName>
        <sponsorshipWithdrawnDate />
        <sponsorshipDate>2013-12-04</sponsorshipDate>
        <party>D</party>
        <district>8</district>
        <fullName>Rep. Duckworth, Tammy [D-IL-8]</fullName>
        <state>IL</state>
        <bioguideId>D000622</bioguideId>
        <lastName>Duckworth</lastName>
        <middleName />
      </item>
      <item>
        <identifiers>
          <gpoId>7924</gpoId>
          <lisID>478</lisID>
          <bioguideId>G000535</bioguideId>
        </identifiers>
        <isOriginalCosponsor>False</isOriginalCosponsor>
        <firstName>LUIS</firstName>
        <sponsorshipWithdrawnDate />
        <sponsorshipDate>2013-12-04</sponsorshipDate>
        <party>D</party>
        <district>4</district>
        <fullName>Rep. Gutierrez, Luis V. [D-IL-4]</fullName>
        <state>IL</state>
        <bioguideId>G000535</bioguideId>
        <lastName>GUTIERREZ</lastName>
        <middleName>V.</middleName>
      </item>
      <item>
        <identifiers>
          <lisID>1593</lisID>
          <bioguideId>T000460</bioguideId>
          <gpoId>7806</gpoId>
        </identifiers>
        <isOriginalCosponsor>False</isOriginalCosponsor>
        <firstName>MIKE</firstName>
        <sponsorshipWithdrawnDate />
        <sponsorshipDate>2013-12-12</sponsorshipDate>
        <party>D</party>
        <district>5</district>
        <fullName>Rep. Thompson, Mike [D-CA-5]</fullName>
        <state>CA</state>
        <bioguideId>T000460</bioguideId>
        <lastName>THOMPSON</lastName>
        <middleName />
      </item>
      <item>
        <identifiers>
          <bioguideId>B001278</bioguideId>
          <lisID>2092</lisID>
          <gpoId>8367</gpoId>
        </identifiers>
        <isOriginalCosponsor>False</isOriginalCosponsor>
        <firstName>Suzanne</firstName>
        <sponsorshipWithdrawnDate />
        <sponsorshipDate>2013-12-12</sponsorshipDate>
        <party>D</party>
        <district>1</district>
        <fullName>Rep. Bonamici, Suzanne [D-OR-1]</fullName>
        <state>OR</state>
        <bioguideId>B001278</bioguideId>
        <lastName>Bonamici</lastName>
        <middleName />
      </item>
      <item>
        <identifiers>
          <bioguideId>B001242</bioguideId>
          <gpoId>8062</gpoId>
          <lisID>1740</lisID>
        </identifiers>
        <isOriginalCosponsor>False</isOriginalCosponsor>
        <firstName>Timothy</firstName>
        <sponsorshipWithdrawnDate />
        <sponsorshipDate>2013-12-12</sponsorshipDate>
        <party>D</party>
        <district>1</district>
        <fullName>Rep. Bishop, Timothy H. [D-NY-1]</fullName>
        <state>NY</state>
        <bioguideId>B001242</bioguideId>
        <lastName>Bishop</lastName>
        <middleName>H.</middleName>
      </item>
      <item>
        <identifiers>
          <bioguideId>K000375</bioguideId>
          <gpoId>7975</gpoId>
          <lisID>2025</lisID>
        </identifiers>
        <isOriginalCosponsor>False</isOriginalCosponsor>
        <firstName>William</firstName>
        <sponsorshipWithdrawnDate />
        <sponsorshipDate>2013-12-12</sponsorshipDate>
        <party>D</party>
        <district>9</district>
        <fullName>Rep. Keating, William R. [D-MA-9]</fullName>
        <state>MA</state>
        <bioguideId>K000375</bioguideId>
        <lastName>Keating</lastName>
        <middleName>R.</middleName>
      </item>
      <item>
        <identifiers>
          <lisID>893</lisID>
          <bioguideId>P000099</bioguideId>
          <gpoId>7801</gpoId>
        </identifiers>
        <isOriginalCosponsor>False</isOriginalCosponsor>
        <firstName>ED</firstName>
        <sponsorshipWithdrawnDate />
        <sponsorshipDate>2013-12-12</sponsorshipDate>
        <party>D</party>
        <district>7</district>
        <fullName>Rep. Pastor, Ed [D-AZ-7]</fullName>
        <state>AZ</state>
        <bioguideId>P000099</bioguideId>
        <lastName>PASTOR</lastName>
        <middleName />
      </item>
      <item>
        <identifiers>
          <gpoId />
          <lisID>2166</lisID>
          <bioguideId>V000131</bioguideId>
        </identifiers>
        <isOriginalCosponsor>False</isOriginalCosponsor>
        <firstName>Marc</firstName>
        <sponsorshipWithdrawnDate />
        <sponsorshipDate>2013-12-12</sponsorshipDate>
        <party>D</party>
        <district>33</district>
        <fullName>Rep. Veasey, Marc A. [D-TX-33]</fullName>
        <state>TX</state>
        <bioguideId>V000131</bioguideId>
        <lastName>Veasey</lastName>
        <middleName>A.</middleName>
      </item>
      <item>
        <identifiers>
          <lisID>2149</lisID>
          <gpoId />
          <bioguideId>J000294</bioguideId>
        </identifiers>
        <isOriginalCosponsor>False</isOriginalCosponsor>
        <firstName>Hakeem</firstName>
        <sponsorshipWithdrawnDate />
        <sponsorshipDate>2013-12-12</sponsorshipDate>
        <party>D</party>
        <district>8</district>
        <fullName>Rep. Jeffries, Hakeem S. [D-NY-8]</fullName>
        <state>NY</state>
        <bioguideId>J000294</bioguideId>
        <lastName>Jeffries</lastName>
        <middleName>S.</middleName>
      </item>
      <item>
        <identifiers>
          <gpoId />
          <lisID>2127</lisID>
          <bioguideId>B001286</bioguideId>
        </identifiers>
        <isOriginalCosponsor>False</isOriginalCosponsor>
        <firstName>Cheri</firstName>
        <sponsorshipWithdrawnDate />
        <sponsorshipDate>2014-01-14</sponsorshipDate>
        <party>D</party>
        <district>17</district>
        <fullName>Rep. Bustos, Cheri [D-IL-17]</fullName>
        <state>IL</state>
        <bioguideId>B001286</bioguideId>
        <lastName>Bustos</lastName>
        <middleName />
      </item>
      <item>
        <identifiers>
          <gpoId>8224</gpoId>
          <lisID>940</lisID>
          <bioguideId>R000011</bioguideId>
        </identifiers>
        <isOriginalCosponsor>False</isOriginalCosponsor>
        <firstName>NICK</firstName>
        <sponsorshipWithdrawnDate />
        <sponsorshipDate>2014-02-05</sponsorshipDate>
        <party>D</party>
        <district>3</district>
        <fullName>Rep. Rahall, Nick J., II [D-WV-3]</fullName>
        <state>WV</state>
        <bioguideId>R000011</bioguideId>
        <lastName>RAHALL</lastName>
        <middleName>J.</middleName>
      </item>
      <item>
        <identifiers>
          <gpoId />
          <lisID>2164</lisID>
          <bioguideId>G000572</bioguideId>
        </identifiers>
        <isOriginalCosponsor>False</isOriginalCosponsor>
        <firstName>Pete</firstName>
        <sponsorshipWithdrawnDate />
        <sponsorshipDate>2014-02-05</sponsorshipDate>
        <party>D</party>
        <district>23</district>
        <fullName>Rep. Gallego, Pete P. [D-TX-23]</fullName>
        <state>TX</state>
        <bioguideId>G000572</bioguideId>
        <lastName>Gallego</lastName>
        <middleName>P.</middleName>
      </item>
      <item>
        <identifiers>
          <bioguideId>H001047</bioguideId>
          <lisID>1913</lisID>
          <gpoId>7869</gpoId>
        </identifiers>
        <isOriginalCosponsor>False</isOriginalCosponsor>
        <firstName>James</firstName>
        <sponsorshipWithdrawnDate />
        <sponsorshipDate>2014-02-11</sponsorshipDate>
        <party>D</party>
        <district>4</district>
        <fullName>Rep. Himes, James A. [D-CT-4]</fullName>
        <state>CT</state>
        <bioguideId>H001047</bioguideId>
        <lastName>Himes</lastName>
        <middleName>A.</middleName>
      </item>
      <item>
        <identifiers>
          <bioguideId>M001185</bioguideId>
          <lisID>2150</lisID>
          <gpoId />
        </identifiers>
        <isOriginalCosponsor>False</isOriginalCosponsor>
        <firstName>Sean</firstName>
        <sponsorshipWithdrawnDate />
        <sponsorshipDate>2014-02-26</sponsorshipDate>
        <party>D</party>
        <district>18</district>
        <fullName>Rep. Maloney, Sean Patrick [D-NY-18]</fullName>
        <state>NY</state>
        <bioguideId>M001185</bioguideId>
        <lastName>Maloney</lastName>
        <middleName>Patrick</middleName>
      </item>
      <item>
        <identifiers>
          <lisID>1583</lisID>
          <bioguideId>L000557</bioguideId>
          <gpoId>7866</gpoId>
        </identifiers>
        <isOriginalCosponsor>False</isOriginalCosponsor>
        <firstName>JOHN</firstName>
        <sponsorshipWithdrawnDate />
        <sponsorshipDate>2014-02-26</sponsorshipDate>
        <party>D</party>
        <district>1</district>
        <fullName>Rep. Larson, John B. [D-CT-1]</fullName>
        <state>CT</state>
        <bioguideId>L000557</bioguideId>
        <lastName>LARSON</lastName>
        <middleName>B.</middleName>
      </item>
      <item>
        <identifiers>
          <lisID>1803</lisID>
          <bioguideId>G000553</bioguideId>
          <gpoId>8165</gpoId>
        </identifiers>
        <isOriginalCosponsor>False</isOriginalCosponsor>
        <firstName>Al</firstName>
        <sponsorshipWithdrawnDate />
        <sponsorshipDate>2014-02-26</sponsorshipDate>
        <party>D</party>
        <district>9</district>
        <fullName>Rep. Green, Al [D-TX-9]</fullName>
        <state>TX</state>
        <bioguideId>G000553</bioguideId>
        <lastName>Green</lastName>
        <middleName />
      </item>
      <item>
        <identifiers>
          <lisID>2163</lisID>
          <gpoId />
          <bioguideId>C001091</bioguideId>
        </identifiers>
        <isOriginalCosponsor>False</isOriginalCosponsor>
        <firstName>Joaquin</firstName>
        <sponsorshipWithdrawnDate />
        <sponsorshipDate>2014-02-26</sponsorshipDate>
        <party>D</party>
        <district>20</district>
        <fullName>Rep. Castro, Joaquin [D-TX-20]</fullName>
        <state>TX</state>
        <bioguideId>C001091</bioguideId>
        <lastName>Castro</lastName>
        <middleName />
      </item>
      <item>
        <identifiers>
          <gpoId />
          <lisID>2196</lisID>
          <bioguideId>C001101</bioguideId>
        </identifiers>
        <isOriginalCosponsor>False</isOriginalCosponsor>
        <firstName>Katherine</firstName>
        <sponsorshipWithdrawnDate />
        <sponsorshipDate>2014-03-11</sponsorshipDate>
        <party>D</party>
        <district>5</district>
        <fullName>Rep. Clark, Katherine M. [D-MA-5]</fullName>
        <state>MA</state>
        <bioguideId>C001101</bioguideId>
        <lastName>Clark</lastName>
        <middleName>M.</middleName>
      </item>
      <item>
        <identifiers>
          <bioguideId>B001270</bioguideId>
          <lisID>1996</lisID>
          <gpoId>7838</gpoId>
        </identifiers>
        <isOriginalCosponsor>False</isOriginalCosponsor>
        <firstName>Karen</firstName>
        <sponsorshipWithdrawnDate />
        <sponsorshipDate>2014-03-11</sponsorshipDate>
        <party>D</party>
        <district>37</district>
        <fullName>Rep. Bass, Karen [D-CA-37]</fullName>
        <state>CA</state>
        <bioguideId>B001270</bioguideId>
        <lastName>Bass</lastName>
        <middleName />
      </item>
      <item>
        <identifiers>
          <bioguideId>E000293</bioguideId>
          <gpoId />
          <lisID>2114</lisID>
        </identifiers>
        <isOriginalCosponsor>False</isOriginalCosponsor>
        <firstName>Elizabeth</firstName>
        <sponsorshipWithdrawnDate />
        <sponsorshipDate>2014-03-26</sponsorshipDate>
        <party>D</party>
        <district>5</district>
        <fullName>Rep. Esty, Elizabeth H. [D-CT-5]</fullName>
        <state>CT</state>
        <bioguideId>E000293</bioguideId>
        <lastName>Esty</lastName>
        <middleName>H.</middleName>
      </item>
      <item>
        <identifiers>
          <lisID>1756</lisID>
          <gpoId>8107</gpoId>
          <bioguideId>R000577</bioguideId>
        </identifiers>
        <isOriginalCosponsor>False</isOriginalCosponsor>
        <firstName>TIM</firstName>
        <sponsorshipWithdrawnDate />
        <sponsorshipDate>2014-03-26</sponsorshipDate>
        <party>D</party>
        <district>13</district>
        <fullName>Rep. Ryan, Tim [D-OH-13]</fullName>
        <state>OH</state>
        <bioguideId>R000577</bioguideId>
        <lastName>RYAN</lastName>
        <middleName />
      </item>
      <item>
        <identifiers>
          <lisID>1003</lisID>
          <gpoId>7921</gpoId>
          <bioguideId>R000515</bioguideId>
        </identifiers>
        <isOriginalCosponsor>False</isOriginalCosponsor>
        <firstName>BOBBY</firstName>
        <sponsorshipWithdrawnDate />
        <sponsorshipDate>2014-03-26</sponsorshipDate>
        <party>D</party>
        <district>1</district>
        <fullName>Rep. Rush, Bobby L. [D-IL-1]</fullName>
        <state>IL</state>
        <bioguideId>R000515</bioguideId>
        <lastName>RUSH</lastName>
        <middleName>L.</middleName>
      </item>
      <item>
        <identifiers>
          <lisID>1836</lisID>
          <gpoId>7867</gpoId>
          <bioguideId>C001069</bioguideId>
        </identifiers>
        <isOriginalCosponsor>False</isOriginalCosponsor>
        <firstName>Joe</firstName>
        <sponsorshipWithdrawnDate />
        <sponsorshipDate>2014-04-28</sponsorshipDate>
        <party>D</party>
        <district>2</district>
        <fullName>Rep. Courtney, Joe [D-CT-2]</fullName>
        <state>CT</state>
        <bioguideId>C001069</bioguideId>
        <lastName>Courtney</lastName>
        <middleName />
      </item>
    </cosponsors>
    <congress>113</congress>
    <committees>
      <billCommittees>
        <item>
          <chamber>House</chamber>
          <type>Standing</type>
          <systemCode>hsfa00</systemCode>
          <subcommittees />
          <name>Foreign Affairs Committee</name>
          <activities>
            <item>
              <date>2013-09-27T13:01:45Z</date>
              <name>Referred to</name>
            </item>
          </activities>
        </item>
      </billCommittees>
    </committees>
    <sponsors>
      <item>
        <fullName>Rep. Schakowsky, Janice D. [D-IL-9]</fullName>
        <lastName>SCHAKOWSKY</lastName>
        <byRequestType />
        <party>D</party>
        <state>IL</state>
        <middleName>D.</middleName>
        <firstName>JANICE</firstName>
        <bioguideId>S001145</bioguideId>
        <district>9</district>
        <identifiers>
          <bioguideId>S001145</bioguideId>
          <gpoId>7929</gpoId>
          <lisID>1588</lisID>
        </identifiers>
      </item>
    </sponsors>
    <latestAction>
      <text>Referred to the House Committee on Foreign Affairs.</text>
      <actionDate>2013-09-27</actionDate>
      <links />
    </latestAction>
    <subjects>
      <billSubjects>
        <legislativeSubjects>
          <item>
            <name>Arab-Israeli relations</name>
          </item>
          <item>
            <name>Conflicts and wars</name>
          </item>
          <item>
            <name>Congressional tributes</name>
          </item>
          <item>
            <name>Department of State</name>
          </item>
          <item>
            <name>Diplomacy, foreign officials, Americans abroad</name>
          </item>
          <item>
            <name>Federal officials</name>
          </item>
          <item>
            <name>Israel</name>
          </item>
          <item>
            <name>Middle East</name>
          </item>
          <item>
            <name>Palestinians</name>
          </item>
          <item>
            <name>Sovereignty, recognition, national governance and status</name>
          </item>
        </legislativeSubjects>
        <policyArea>
          <name>International Affairs</name>
        </policyArea>
      </billSubjects>
    </subjects>
    <constitutionalAuthorityStatementText />
    <createDate>2013-09-29T02:55:13Z</createDate>
    <title>Expressing the sense of the House of Representatives commending efforts by the United States to resolve the Israeli-Palestinian conflict through a negotiated two-state solution.</title>
    <laws />
    <titles>
      <item>
        <title>Expressing the sense of the House of Representatives commending efforts by the United States to resolve the Israeli-Palestinian conflict through a negotiated two-state solution.</title>
        <titleType>Official Title as Introduced</titleType>
        <chamberCode />
        <chamberName />
        <parentTitleType />
      </item>
      <item>
        <title>Expressing the sense of the House of Representatives commending efforts by the United States to resolve the Israeli-Palestinian conflict through a negotiated two-state solution.</title>
        <titleType>Display Title</titleType>
        <chamberCode />
        <chamberName />
        <parentTitleType />
      </item>
    </titles>
    <committeeReports />
    <notes />
    <cboCostEstimates />
  </bill>
  <dublinCore xmlns:dc="http://purl.org/dc/elements/1.1/">
    <dc:format>text/xml</dc:format>
    <dc:language>EN</dc:language>
    <dc:rights>Pursuant to Title 17 Section 105 of the United States Code, this file is not subject to copyright protection and is in the public domain.</dc:rights>
    <dc:contributor>Congressional Research Service, Library of Congress</dc:contributor>
    <dc:description>This file contains bill summaries and statuses for federal legislation. A bill summary describes the most significant provisions of a piece of legislation and details the effects the legislative text may have on current law and federal programs. Bill summaries are authored by the Congressional Research Service (CRS) of the Library of Congress. As stated in Public Law 91-510 (2 USC 166 (d)(6)), one of the duties of CRS is "to prepare summaries and digests of bills and resolutions of a public general nature introduced in the Senate or House of Representatives". For more information, refer to the User Guide that accompanies this file.</dc:description>
  </dublinCore>
</billStatus>

