<?xml version="1.0" encoding="UTF-8"?>
<billStatus>
  <bill>
    <title>Recognizing the 150th anniversary of the founding of the Brotherhood of Locomotive Engineers and Trainmen, and congratulating the members and officers of the Brotherhood of Locomotive Engineers and Trainmen for the union's many achievements.</title>
    <policyArea>
      <name>Labor and Employment</name>
    </policyArea>
    <constitutionalAuthorityStatementText />
    <recordedVotes />
    <createDate>2013-05-09T07:02:06Z</createDate>
    <summaries>
      <billSummaries>
        <item>
          <versionCode>00</versionCode>
          <actionDate>2013-05-08</actionDate>
          <text><![CDATA[<p>Recognizes the 150th anniversary of the founding of the Brotherhood of Locomotive Engineers and Trainmen.</p>]]></text>
          <lastSummaryUpdateDate>2013-05-10T14:15:06Z</lastSummaryUpdateDate>
          <actionDesc>Introduced in House</actionDesc>
          <name>Introduced in House</name>
          <updateDate>2013-05-08T04:00:00Z</updateDate>
        </item>
      </billSummaries>
    </summaries>
    <committeeReports />
    <notes />
    <latestAction>
      <links />
      <actionDate>2013-05-09</actionDate>
      <text>Referred to the Subcommittee on Railroads, Pipelines, and Hazardous Materials.</text>
    </latestAction>
    <sponsors>
      <item>
        <state>MN</state>
        <fullName>Rep. Walz, Timothy J. [D-MN-1]</fullName>
        <district>1</district>
        <bioguideId>W000799</bioguideId>
        <middleName>J.</middleName>
        <byRequestType />
        <lastName>Walz</lastName>
        <party>D</party>
        <firstName>Timothy</firstName>
        <identifiers>
          <gpoId>8001</gpoId>
          <lisID>1856</lisID>
          <bioguideId>W000799</bioguideId>
        </identifiers>
      </item>
    </sponsors>
    <billNumber>209</billNumber>
    <titles>
      <item>
        <parentTitleType />
        <chamberCode />
        <chamberName />
        <title>Recognizing the 150th anniversary of the founding of the Brotherhood of Locomotive Engineers and Trainmen, and congratulating the members and officers of the Brotherhood of Locomotive Engineers and Trainmen for the union's many achievements.</title>
        <titleType>Official Title as Introduced</titleType>
      </item>
      <item>
        <parentTitleType />
        <chamberCode />
        <chamberName />
        <title>Recognizing the 150th anniversary of the founding of the Brotherhood of Locomotive Engineers and Trainmen, and congratulating the members and officers of the Brotherhood of Locomotive Engineers and Trainmen for the union's many achievements.</title>
        <titleType>Display Title</titleType>
      </item>
    </titles>
    <billType>HRES</billType>
    <laws />
    <committees>
      <billCommittees>
        <item>
          <activities>
            <item>
              <name>Referred to</name>
              <date>2013-05-08T13:00:26Z</date>
            </item>
          </activities>
          <name>Transportation and Infrastructure Committee</name>
          <subcommittees>
            <item>
              <activities>
                <item>
                  <name>Referred to</name>
                  <date>2013-05-09T15:45:07Z</date>
                </item>
              </activities>
              <name>Railroads, Pipelines, and Hazardous Materials Subcommittee</name>
              <systemCode>hspw14</systemCode>
            </item>
          </subcommittees>
          <chamber>House</chamber>
          <type>Standing</type>
          <systemCode>hspw00</systemCode>
        </item>
      </billCommittees>
    </committees>
    <updateDate>2016-10-25T15:54:45Z</updateDate>
    <relatedBills />
    <subjects>
      <billSubjects>
        <policyArea>
          <name>Labor and Employment</name>
        </policyArea>
        <legislativeSubjects>
          <item>
            <name>Commemorative events and holidays</name>
          </item>
          <item>
            <name>Labor-management relations</name>
          </item>
          <item>
            <name>Railroads</name>
          </item>
          <item>
            <name>Transportation employees</name>
          </item>
        </legislativeSubjects>
      </billSubjects>
    </subjects>
    <introducedDate>2013-05-08</introducedDate>
    <actions>
      <actionTypeCounts>
        <billReferrals>1</billReferrals>
        <introducedInHouse>1</introducedInHouse>
        <placeholderTextForH>1</placeholderTextForH>
        <introducedInTheHouse>1</introducedInTheHouse>
      </actionTypeCounts>
      <item>
        <actionDate>2013-05-09</actionDate>
        <committee>
          <systemCode>hspw14</systemCode>
          <name>Railroads, Pipelines, and Hazardous Materials Subcommittee</name>
        </committee>
        <links />
        <sourceSystem>
          <name>House committee actions</name>
          <code>1</code>
        </sourceSystem>
        <text>Referred to the Subcommittee on Railroads, Pipelines, and Hazardous Materials.</text>
        <type>Committee</type>
      </item>
      <item>
        <text>Referred to the House Committee on Transportation and Infrastructure.</text>
        <links />
        <actionCode>H11100</actionCode>
        <type>IntroReferral</type>
        <committee>
          <systemCode>hspw00</systemCode>
          <name>Transportation and Infrastructure Committee</name>
        </committee>
        <actionDate>2013-05-08</actionDate>
        <sourceSystem>
          <name>House floor actions</name>
          <code>2</code>
        </sourceSystem>
      </item>
      <item>
        <text>Introduced in House</text>
        <links />
        <actionCode>Intro-H</actionCode>
        <type>IntroReferral</type>
        <committee />
        <actionDate>2013-05-08</actionDate>
        <sourceSystem>
          <name>Library of Congress</name>
          <code>9</code>
        </sourceSystem>
      </item>
      <item>
        <text>Introduced in House</text>
        <links />
        <actionCode>1000</actionCode>
        <type>IntroReferral</type>
        <committee />
        <actionDate>2013-05-08</actionDate>
        <sourceSystem>
          <name>Library of Congress</name>
          <code>9</code>
        </sourceSystem>
      </item>
      <actionByCounts>
        <houseOfRepresentatives>4</houseOfRepresentatives>
      </actionByCounts>
    </actions>
    <amendments />
    <congress>113</congress>
    <cosponsors>
      <item>
        <district>14</district>
        <bioguideId>P000595</bioguideId>
        <sponsorshipWithdrawnDate />
        <fullName>Rep. Peters, Gary C. [D-MI-14]</fullName>
        <party>D</party>
        <lastName>Peters</lastName>
        <middleName>C.</middleName>
        <identifiers>
          <gpoId>7994</gpoId>
          <lisID>1929</lisID>
          <bioguideId>P000595</bioguideId>
        </identifiers>
        <sponsorshipDate>2013-05-08</sponsorshipDate>
        <isOriginalCosponsor>True</isOriginalCosponsor>
        <firstName>Gary</firstName>
        <state>MI</state>
      </item>
      <item>
        <district>13</district>
        <bioguideId>C000714</bioguideId>
        <sponsorshipWithdrawnDate />
        <fullName>Rep. Conyers, John, Jr. [D-MI-13]</fullName>
        <party>D</party>
        <lastName>CONYERS</lastName>
        <middleName />
        <identifiers>
          <lisID>229</lisID>
          <gpoId>7999</gpoId>
          <bioguideId>C000714</bioguideId>
        </identifiers>
        <sponsorshipDate>2013-05-08</sponsorshipDate>
        <isOriginalCosponsor>True</isOriginalCosponsor>
        <firstName>JOHN</firstName>
        <state>MI</state>
      </item>
      <item>
        <district>5</district>
        <bioguideId>B000911</bioguideId>
        <sponsorshipWithdrawnDate />
        <fullName>Rep. Brown, Corrine [D-FL-5]</fullName>
        <party>D</party>
        <lastName>BROWN</lastName>
        <middleName />
        <identifiers>
          <bioguideId>B000911</bioguideId>
          <lisID>132</lisID>
          <gpoId>7875</gpoId>
        </identifiers>
        <sponsorshipDate>2013-05-08</sponsorshipDate>
        <isOriginalCosponsor>True</isOriginalCosponsor>
        <firstName>CORRINE</firstName>
        <state>FL</state>
      </item>
      <item>
        <district>7</district>
        <bioguideId>C001037</bioguideId>
        <sponsorshipWithdrawnDate />
        <fullName>Rep. Capuano, Michael E. [D-MA-7]</fullName>
        <party>D</party>
        <lastName>CAPUANO</lastName>
        <middleName>E.</middleName>
        <identifiers>
          <lisID>1564</lisID>
          <gpoId>7973</gpoId>
          <bioguideId>C001037</bioguideId>
        </identifiers>
        <sponsorshipDate>2013-05-08</sponsorshipDate>
        <isOriginalCosponsor>True</isOriginalCosponsor>
        <firstName>MICHAEL</firstName>
        <state>MA</state>
      </item>
      <item>
        <district>32</district>
        <bioguideId>N000179</bioguideId>
        <sponsorshipWithdrawnDate />
        <fullName>Rep. Napolitano, Grace F. [D-CA-32]</fullName>
        <party>D</party>
        <lastName>NAPOLITANO</lastName>
        <middleName>F.</middleName>
        <identifiers>
          <gpoId>7843</gpoId>
          <lisID>1602</lisID>
          <bioguideId>N000179</bioguideId>
        </identifiers>
        <sponsorshipDate>2013-05-08</sponsorshipDate>
        <isOriginalCosponsor>True</isOriginalCosponsor>
        <firstName>GRACE</firstName>
        <state>CA</state>
      </item>
      <item>
        <district>0</district>
        <bioguideId>N000147</bioguideId>
        <sponsorshipWithdrawnDate />
        <fullName>Rep. Norton, Eleanor Holmes [D-DC-At Large]</fullName>
        <party>D</party>
        <lastName>NORTON</lastName>
        <middleName>HOLMES</middleName>
        <identifiers>
          <gpoId>7871</gpoId>
          <lisID>868</lisID>
          <bioguideId>N000147</bioguideId>
        </identifiers>
        <sponsorshipDate>2013-05-08</sponsorshipDate>
        <isOriginalCosponsor>True</isOriginalCosponsor>
        <firstName>ELEANOR</firstName>
        <state>DC</state>
      </item>
      <item>
        <district>2</district>
        <bioguideId>L000565</bioguideId>
        <sponsorshipWithdrawnDate />
        <fullName>Rep. Loebsack, David [D-IA-2]</fullName>
        <party>D</party>
        <lastName>Loebsack</lastName>
        <middleName />
        <identifiers>
          <bioguideId>L000565</bioguideId>
          <lisID>1846</lisID>
          <gpoId>7915</gpoId>
        </identifiers>
        <sponsorshipDate>2013-05-08</sponsorshipDate>
        <isOriginalCosponsor>True</isOriginalCosponsor>
        <firstName>David</firstName>
        <state>IA</state>
      </item>
      <item>
        <district>38</district>
        <bioguideId>S001156</bioguideId>
        <sponsorshipWithdrawnDate />
        <fullName>Rep. Sanchez, Linda T. [D-CA-38]</fullName>
        <party>D</party>
        <lastName>SANCHEZ</lastName>
        <middleName>T.</middleName>
        <identifiers>
          <lisID>1757</lisID>
          <bioguideId>S001156</bioguideId>
          <gpoId>7844</gpoId>
        </identifiers>
        <sponsorshipDate>2013-05-08</sponsorshipDate>
        <isOriginalCosponsor>True</isOriginalCosponsor>
        <firstName>LINDA</firstName>
        <state>CA</state>
      </item>
      <item>
        <district>10</district>
        <bioguideId>N000002</bioguideId>
        <sponsorshipWithdrawnDate />
        <fullName>Rep. Nadler, Jerrold [D-NY-10]</fullName>
        <party>D</party>
        <lastName>NADLER</lastName>
        <middleName />
        <identifiers>
          <lisID>850</lisID>
          <gpoId>8069</gpoId>
          <bioguideId>N000002</bioguideId>
        </identifiers>
        <sponsorshipDate>2013-05-08</sponsorshipDate>
        <isOriginalCosponsor>True</isOriginalCosponsor>
        <firstName>JERROLD</firstName>
        <state>NY</state>
      </item>
      <item>
        <district>13</district>
        <bioguideId>S001162</bioguideId>
        <sponsorshipWithdrawnDate />
        <fullName>Rep. Schwartz, Allyson Y. [D-PA-13]</fullName>
        <party>D</party>
        <lastName>Schwartz</lastName>
        <middleName>Y.</middleName>
        <identifiers>
          <lisID>1798</lisID>
          <gpoId>8131</gpoId>
          <bioguideId>S001162</bioguideId>
        </identifiers>
        <sponsorshipDate>2013-05-08</sponsorshipDate>
        <isOriginalCosponsor>True</isOriginalCosponsor>
        <firstName>Allyson</firstName>
        <state>PA</state>
      </item>
      <item>
        <district>4</district>
        <bioguideId>M001143</bioguideId>
        <sponsorshipWithdrawnDate />
        <fullName>Rep. McCollum, Betty [D-MN-4]</fullName>
        <party>D</party>
        <lastName>MCCOLLUM</lastName>
        <middleName />
        <identifiers>
          <lisID>1653</lisID>
          <gpoId>8004</gpoId>
          <bioguideId>M001143</bioguideId>
        </identifiers>
        <sponsorshipDate>2013-05-08</sponsorshipDate>
        <isOriginalCosponsor>True</isOriginalCosponsor>
        <firstName>BETTY</firstName>
        <state>MN</state>
      </item>
      <item>
        <district>18</district>
        <bioguideId>J000032</bioguideId>
        <sponsorshipWithdrawnDate />
        <fullName>Rep. Jackson Lee, Sheila [D-TX-18]</fullName>
        <party>D</party>
        <lastName>JACKSON LEE</lastName>
        <middleName />
        <identifiers>
          <bioguideId>J000032</bioguideId>
          <gpoId>8174</gpoId>
          <lisID>588</lisID>
        </identifiers>
        <sponsorshipDate>2013-05-08</sponsorshipDate>
        <isOriginalCosponsor>True</isOriginalCosponsor>
        <firstName>SHEILA</firstName>
        <state>TX</state>
      </item>
      <item>
        <district>1</district>
        <bioguideId>R000515</bioguideId>
        <sponsorshipWithdrawnDate />
        <fullName>Rep. Rush, Bobby L. [D-IL-1]</fullName>
        <party>D</party>
        <lastName>RUSH</lastName>
        <middleName>L.</middleName>
        <identifiers>
          <bioguideId>R000515</bioguideId>
          <lisID>1003</lisID>
          <gpoId>7921</gpoId>
        </identifiers>
        <sponsorshipDate>2013-05-08</sponsorshipDate>
        <isOriginalCosponsor>True</isOriginalCosponsor>
        <firstName>BOBBY</firstName>
        <state>IL</state>
      </item>
      <item>
        <district>3</district>
        <bioguideId>G000551</bioguideId>
        <sponsorshipWithdrawnDate />
        <fullName>Rep. Grijalva, Raul M. [D-AZ-3]</fullName>
        <party>D</party>
        <lastName>Grijalva</lastName>
        <middleName>M.</middleName>
        <identifiers>
          <lisID>1708</lisID>
          <gpoId>7804</gpoId>
          <bioguideId>G000551</bioguideId>
        </identifiers>
        <sponsorshipDate>2013-05-08</sponsorshipDate>
        <isOriginalCosponsor>True</isOriginalCosponsor>
        <firstName>Raul</firstName>
        <state>AZ</state>
      </item>
      <item>
        <district>4</district>
        <bioguideId>D000191</bioguideId>
        <sponsorshipWithdrawnDate />
        <fullName>Rep. DeFazio, Peter A. [D-OR-4]</fullName>
        <party>D</party>
        <lastName>DEFAZIO</lastName>
        <middleName>A.</middleName>
        <identifiers>
          <gpoId>8117</gpoId>
          <lisID>279</lisID>
          <bioguideId>D000191</bioguideId>
        </identifiers>
        <sponsorshipDate>2013-05-08</sponsorshipDate>
        <isOriginalCosponsor>True</isOriginalCosponsor>
        <firstName>PETER</firstName>
        <state>OR</state>
      </item>
      <item>
        <district>26</district>
        <bioguideId>H001038</bioguideId>
        <sponsorshipWithdrawnDate />
        <fullName>Rep. Higgins, Brian [D-NY-26]</fullName>
        <party>D</party>
        <lastName>Higgins</lastName>
        <middleName />
        <identifiers>
          <bioguideId>H001038</bioguideId>
          <lisID>1794</lisID>
          <gpoId>8088</gpoId>
        </identifiers>
        <sponsorshipDate>2013-05-08</sponsorshipDate>
        <isOriginalCosponsor>True</isOriginalCosponsor>
        <firstName>Brian</firstName>
        <state>NY</state>
      </item>
      <item>
        <district>2</district>
        <bioguideId>T000459</bioguideId>
        <sponsorshipWithdrawnDate />
        <fullName>Rep. Terry, Lee [R-NE-2]</fullName>
        <party>R</party>
        <lastName>TERRY</lastName>
        <middleName />
        <identifiers>
          <bioguideId>T000459</bioguideId>
          <gpoId>8039</gpoId>
          <lisID>1566</lisID>
        </identifiers>
        <sponsorshipDate>2013-05-08</sponsorshipDate>
        <isOriginalCosponsor>True</isOriginalCosponsor>
        <firstName>LEE</firstName>
        <state>NE</state>
      </item>
      <item>
        <district>20</district>
        <bioguideId>T000469</bioguideId>
        <sponsorshipWithdrawnDate />
        <fullName>Rep. Tonko, Paul [D-NY-20]</fullName>
        <party>D</party>
        <lastName>Tonko</lastName>
        <middleName />
        <identifiers>
          <bioguideId>T000469</bioguideId>
          <gpoId>8082</gpoId>
          <lisID>1942</lisID>
        </identifiers>
        <sponsorshipDate>2013-05-08</sponsorshipDate>
        <isOriginalCosponsor>True</isOriginalCosponsor>
        <firstName>Paul</firstName>
        <state>NY</state>
      </item>
      <item>
        <district>25</district>
        <bioguideId>S000480</bioguideId>
        <sponsorshipWithdrawnDate />
        <fullName>Rep. Slaughter, Louise McIntosh [D-NY-25]</fullName>
        <party>D</party>
        <lastName>SLAUGHTER</lastName>
        <middleName>M.</middleName>
        <identifiers>
          <lisID>1069</lisID>
          <gpoId>8089</gpoId>
          <bioguideId>S000480</bioguideId>
        </identifiers>
        <sponsorshipDate>2013-05-08</sponsorshipDate>
        <isOriginalCosponsor>True</isOriginalCosponsor>
        <firstName>LOUISE</firstName>
        <state>NY</state>
      </item>
      <item>
        <district>12</district>
        <bioguideId>D000355</bioguideId>
        <sponsorshipWithdrawnDate />
        <fullName>Rep. Dingell, John D. [D-MI-12]</fullName>
        <party>D</party>
        <lastName>DINGELL</lastName>
        <middleName>D.</middleName>
        <identifiers>
          <lisID>299</lisID>
          <gpoId>8000</gpoId>
          <bioguideId>D000355</bioguideId>
        </identifiers>
        <sponsorshipDate>2013-05-08</sponsorshipDate>
        <isOriginalCosponsor>True</isOriginalCosponsor>
        <firstName>JOHN</firstName>
        <state>MI</state>
      </item>
      <item>
        <district>2</district>
        <bioguideId>H001068</bioguideId>
        <sponsorshipWithdrawnDate />
        <fullName>Rep. Huffman, Jared [D-CA-2]</fullName>
        <party>D</party>
        <lastName>Huffman</lastName>
        <middleName />
        <identifiers>
          <lisID>2101</lisID>
          <bioguideId>H001068</bioguideId>
          <gpoId />
        </identifiers>
        <sponsorshipDate>2013-05-08</sponsorshipDate>
        <isOriginalCosponsor>True</isOriginalCosponsor>
        <firstName>Jared</firstName>
        <state>CA</state>
      </item>
      <item>
        <district>8</district>
        <bioguideId>L000562</bioguideId>
        <sponsorshipWithdrawnDate />
        <fullName>Rep. Lynch, Stephen F. [D-MA-8]</fullName>
        <party>D</party>
        <lastName>Lynch</lastName>
        <middleName>F.</middleName>
        <identifiers>
          <lisID>1686</lisID>
          <gpoId>7974</gpoId>
          <bioguideId>L000562</bioguideId>
        </identifiers>
        <sponsorshipDate>2013-05-08</sponsorshipDate>
        <isOriginalCosponsor>True</isOriginalCosponsor>
        <firstName>Stephen</firstName>
        <state>MA</state>
      </item>
      <item>
        <district>3</district>
        <bioguideId>T000465</bioguideId>
        <sponsorshipWithdrawnDate />
        <fullName>Rep. Tsongas, Niki [D-MA-3]</fullName>
        <party>D</party>
        <lastName>Tsongas</lastName>
        <middleName />
        <identifiers>
          <lisID>1884</lisID>
          <gpoId>7970</gpoId>
          <bioguideId>T000465</bioguideId>
        </identifiers>
        <sponsorshipDate>2013-05-08</sponsorshipDate>
        <isOriginalCosponsor>True</isOriginalCosponsor>
        <firstName>Niki</firstName>
        <state>MA</state>
      </item>
      <item>
        <district>0</district>
        <bioguideId>Y000033</bioguideId>
        <sponsorshipWithdrawnDate />
        <fullName>Rep. Young, Don [R-AK-At Large]</fullName>
        <party>R</party>
        <lastName>YOUNG</lastName>
        <middleName>E.</middleName>
        <identifiers>
          <lisID>1256</lisID>
          <gpoId>7785</gpoId>
          <bioguideId>Y000033</bioguideId>
        </identifiers>
        <sponsorshipDate>2013-05-08</sponsorshipDate>
        <isOriginalCosponsor>True</isOriginalCosponsor>
        <firstName>DON</firstName>
        <state>AK</state>
      </item>
      <item>
        <district>19</district>
        <bioguideId>G000564</bioguideId>
        <sponsorshipWithdrawnDate />
        <fullName>Rep. Gibson, Christopher P. [R-NY-19]</fullName>
        <party>R</party>
        <lastName>Gibson</lastName>
        <middleName>P.</middleName>
        <identifiers>
          <gpoId>8081</gpoId>
          <lisID>2043</lisID>
          <bioguideId>G000564</bioguideId>
        </identifiers>
        <sponsorshipDate>2013-05-08</sponsorshipDate>
        <isOriginalCosponsor>True</isOriginalCosponsor>
        <firstName>Christopher</firstName>
        <state>NY</state>
      </item>
      <item>
        <district>8</district>
        <bioguideId>N000127</bioguideId>
        <sponsorshipWithdrawnDate />
        <fullName>Rep. Nolan, Richard M. [D-MN-8]</fullName>
        <party>D</party>
        <lastName>NOLAN</lastName>
        <middleName />
        <identifiers>
          <lisID>867</lisID>
          <gpoId />
          <bioguideId>N000127</bioguideId>
        </identifiers>
        <sponsorshipDate>2013-05-08</sponsorshipDate>
        <isOriginalCosponsor>True</isOriginalCosponsor>
        <firstName>RICHARD</firstName>
        <state>MN</state>
      </item>
      <item>
        <district>26</district>
        <bioguideId>B001285</bioguideId>
        <sponsorshipWithdrawnDate />
        <fullName>Rep. Brownley, Julia [D-CA-26]</fullName>
        <party>D</party>
        <lastName>Brownley</lastName>
        <middleName />
        <identifiers>
          <bioguideId>B001285</bioguideId>
          <lisID>2106</lisID>
          <gpoId />
        </identifiers>
        <sponsorshipDate>2013-05-08</sponsorshipDate>
        <isOriginalCosponsor>True</isOriginalCosponsor>
        <firstName>Julia</firstName>
        <state>CA</state>
      </item>
      <item>
        <district>6</district>
        <bioguideId>T000266</bioguideId>
        <sponsorshipWithdrawnDate />
        <fullName>Rep. Tierney, John F. [D-MA-6]</fullName>
        <party>D</party>
        <lastName>TIERNEY</lastName>
        <middleName>F.</middleName>
        <identifiers>
          <lisID>1535</lisID>
          <bioguideId>T000266</bioguideId>
          <gpoId>7971</gpoId>
        </identifiers>
        <sponsorshipDate>2013-05-08</sponsorshipDate>
        <isOriginalCosponsor>True</isOriginalCosponsor>
        <firstName>JOHN</firstName>
        <state>MA</state>
      </item>
      <item>
        <district>41</district>
        <bioguideId>T000472</bioguideId>
        <sponsorshipWithdrawnDate />
        <fullName>Rep. Takano, Mark [D-CA-41]</fullName>
        <party>D</party>
        <lastName>Takano</lastName>
        <middleName />
        <identifiers>
          <gpoId />
          <lisID>2110</lisID>
          <bioguideId>T000472</bioguideId>
        </identifiers>
        <sponsorshipDate>2013-05-08</sponsorshipDate>
        <isOriginalCosponsor>True</isOriginalCosponsor>
        <firstName>Mark</firstName>
        <state>CA</state>
      </item>
      <item>
        <district>1</district>
        <bioguideId>B001227</bioguideId>
        <sponsorshipWithdrawnDate />
        <fullName>Rep. Brady, Robert A. [D-PA-1]</fullName>
        <party>D</party>
        <lastName>BRADY</lastName>
        <middleName>A.</middleName>
        <identifiers>
          <gpoId>8119</gpoId>
          <lisID>1469</lisID>
          <bioguideId>B001227</bioguideId>
        </identifiers>
        <sponsorshipDate>2013-05-08</sponsorshipDate>
        <isOriginalCosponsor>True</isOriginalCosponsor>
        <firstName>ROBERT</firstName>
        <state>PA</state>
      </item>
      <item>
        <district>3</district>
        <bioguideId>L000563</bioguideId>
        <sponsorshipWithdrawnDate />
        <fullName>Rep. Lipinski, Daniel [D-IL-3]</fullName>
        <party>D</party>
        <lastName>Lipinski</lastName>
        <middleName>William</middleName>
        <identifiers>
          <gpoId>7923</gpoId>
          <lisID>1781</lisID>
          <bioguideId>L000563</bioguideId>
        </identifiers>
        <sponsorshipDate>2013-05-08</sponsorshipDate>
        <isOriginalCosponsor>True</isOriginalCosponsor>
        <firstName>Daniel</firstName>
        <state>IL</state>
      </item>
      <item>
        <district>3</district>
        <bioguideId>I000057</bioguideId>
        <sponsorshipWithdrawnDate />
        <fullName>Rep. Israel, Steve [D-NY-3]</fullName>
        <party>D</party>
        <lastName>ISRAEL</lastName>
        <middleName />
        <identifiers>
          <lisID>1663</lisID>
          <gpoId>8063</gpoId>
          <bioguideId>I000057</bioguideId>
        </identifiers>
        <sponsorshipDate>2013-05-08</sponsorshipDate>
        <isOriginalCosponsor>True</isOriginalCosponsor>
        <firstName>STEVE</firstName>
        <state>NY</state>
      </item>
      <item>
        <district>1</district>
        <bioguideId>T000468</bioguideId>
        <sponsorshipWithdrawnDate />
        <fullName>Rep. Titus, Dina [D-NV-1]</fullName>
        <party>D</party>
        <lastName>Titus</lastName>
        <middleName />
        <identifiers>
          <lisID>1940</lisID>
          <gpoId>7493</gpoId>
          <bioguideId>T000468</bioguideId>
        </identifiers>
        <sponsorshipDate>2013-05-08</sponsorshipDate>
        <isOriginalCosponsor>True</isOriginalCosponsor>
        <firstName>Dina</firstName>
        <state>NV</state>
      </item>
      <item>
        <district>2</district>
        <bioguideId>M000312</bioguideId>
        <sponsorshipWithdrawnDate />
        <fullName>Rep. McGovern, James P. [D-MA-2]</fullName>
        <party>D</party>
        <lastName>MCGOVERN</lastName>
        <middleName>P.</middleName>
        <identifiers>
          <lisID>1504</lisID>
          <gpoId>7968</gpoId>
          <bioguideId>M000312</bioguideId>
        </identifiers>
        <sponsorshipDate>2013-05-08</sponsorshipDate>
        <isOriginalCosponsor>True</isOriginalCosponsor>
        <firstName>JAMES</firstName>
        <state>MA</state>
      </item>
      <item>
        <district>12</district>
        <bioguideId>E000292</bioguideId>
        <sponsorshipWithdrawnDate />
        <fullName>Rep. Enyart, William L. [D-IL-12]</fullName>
        <party>D</party>
        <lastName>Enyart</lastName>
        <middleName>L.</middleName>
        <identifiers>
          <lisID>2125</lisID>
          <bioguideId>E000292</bioguideId>
          <gpoId />
        </identifiers>
        <sponsorshipDate>2013-05-08</sponsorshipDate>
        <isOriginalCosponsor>True</isOriginalCosponsor>
        <firstName>William</firstName>
        <state>IL</state>
      </item>
      <item>
        <district>5</district>
        <bioguideId>E000288</bioguideId>
        <sponsorshipWithdrawnDate />
        <fullName>Rep. Ellison, Keith [D-MN-5]</fullName>
        <party>D</party>
        <lastName>Ellison</lastName>
        <middleName />
        <identifiers>
          <lisID>1857</lisID>
          <gpoId>8005</gpoId>
          <bioguideId>E000288</bioguideId>
        </identifiers>
        <sponsorshipDate>2013-05-08</sponsorshipDate>
        <isOriginalCosponsor>True</isOriginalCosponsor>
        <firstName>Keith</firstName>
        <state>MN</state>
      </item>
      <item>
        <district>2</district>
        <bioguideId>K000382</bioguideId>
        <sponsorshipWithdrawnDate />
        <fullName>Rep. Kuster, Ann M. [D-NH-2]</fullName>
        <party>D</party>
        <lastName>Kuster</lastName>
        <middleName>M.</middleName>
        <identifiers>
          <gpoId />
          <lisID>2145</lisID>
          <bioguideId>K000382</bioguideId>
        </identifiers>
        <sponsorshipDate>2013-05-14</sponsorshipDate>
        <isOriginalCosponsor>False</isOriginalCosponsor>
        <firstName>Ann</firstName>
        <state>NH</state>
      </item>
      <item>
        <district>3</district>
        <bioguideId>B000574</bioguideId>
        <sponsorshipWithdrawnDate />
        <fullName>Rep. Blumenauer, Earl [D-OR-3]</fullName>
        <party>D</party>
        <lastName>BLUMENAUER</lastName>
        <middleName />
        <identifiers>
          <gpoId>8116</gpoId>
          <lisID>99</lisID>
          <bioguideId>B000574</bioguideId>
        </identifiers>
        <sponsorshipDate>2013-05-14</sponsorshipDate>
        <isOriginalCosponsor>False</isOriginalCosponsor>
        <firstName>EARL</firstName>
        <state>OR</state>
      </item>
      <item>
        <district>11</district>
        <bioguideId>F000455</bioguideId>
        <sponsorshipWithdrawnDate />
        <fullName>Rep. Fudge, Marcia L. [D-OH-11]</fullName>
        <party>D</party>
        <lastName>Fudge</lastName>
        <middleName>L.</middleName>
        <identifiers>
          <lisID>1895</lisID>
          <gpoId>8101</gpoId>
          <bioguideId>F000455</bioguideId>
        </identifiers>
        <sponsorshipDate>2013-05-23</sponsorshipDate>
        <isOriginalCosponsor>False</isOriginalCosponsor>
        <firstName>Marcia</firstName>
        <state>OH</state>
      </item>
    </cosponsors>
    <calendarNumbers />
    <cboCostEstimates />
    <originChamber>House</originChamber>
  </bill>
  <dublinCore xmlns:dc="http://purl.org/dc/elements/1.1/">
    <dc:format>text/xml</dc:format>
    <dc:language>EN</dc:language>
    <dc:rights>Pursuant to Title 17 Section 105 of the United States Code, this file is not subject to copyright protection and is in the public domain.</dc:rights>
    <dc:contributor>Congressional Research Service, Library of Congress</dc:contributor>
    <dc:description>This file contains bill summaries and statuses for federal legislation. A bill summary describes the most significant provisions of a piece of legislation and details the effects the legislative text may have on current law and federal programs. Bill summaries are authored by the Congressional Research Service (CRS) of the Library of Congress. As stated in Public Law 91-510 (2 USC 166 (d)(6)), one of the duties of CRS is "to prepare summaries and digests of bills and resolutions of a public general nature introduced in the Senate or House of Representatives". For more information, refer to the User Guide that accompanies this file.</dc:description>
  </dublinCore>
</billStatus>

