<?xml version="1.0" encoding="UTF-8"?>
<billStatus>
  <bill>
    <committees>
      <billCommittees>
        <item>
          <subcommittees />
          <activities>
            <item>
              <date>2014-09-18T13:04:00Z</date>
              <name>Referred to</name>
            </item>
          </activities>
          <type>Standing</type>
          <systemCode>hsas00</systemCode>
          <chamber>House</chamber>
          <name>Armed Services Committee</name>
        </item>
      </billCommittees>
    </committees>
    <congress>113</congress>
    <billNumber>736</billNumber>
    <updateDate>2016-10-25T15:56:03Z</updateDate>
    <subjects>
      <billSubjects>
        <legislativeSubjects>
          <item>
            <name>Arizona</name>
          </item>
          <item>
            <name>Congressional tributes</name>
          </item>
          <item>
            <name>Department of Defense</name>
          </item>
          <item>
            <name>Government employee pay, benefits, personnel management</name>
          </item>
          <item>
            <name>Military facilities and property</name>
          </item>
          <item>
            <name>Military personnel and dependents</name>
          </item>
          <item>
            <name>Military procurement, research, weapons development</name>
          </item>
        </legislativeSubjects>
        <policyArea>
          <name>Armed Forces and National Security</name>
        </policyArea>
      </billSubjects>
    </subjects>
    <policyArea>
      <name>Armed Forces and National Security</name>
    </policyArea>
    <summaries>
      <billSummaries>
        <item>
          <updateDate>2014-09-18T04:00:00Z</updateDate>
          <versionCode>00</versionCode>
          <lastSummaryUpdateDate>2014-09-24T20:56:51Z</lastSummaryUpdateDate>
          <name>Introduced in House</name>
          <actionDate>2014-09-18</actionDate>
          <actionDesc>Introduced in House</actionDesc>
          <text><![CDATA[<p>Recognizes that members of the Armed Forces face changing battlefield threats and unique enemy challenges that call for proven equipment tested at the Electronic Proving Ground at Fort Huachuca, Arizona.</p> <p>Supports the long term viability of Fort Huachuca and its Electronic Proving Ground. </p> <p>Expresses appreciation to soldiers and civilians for their 60 years of work at the Electronic Proving Ground and their service to the United States.</p>]]></text>
        </item>
      </billSummaries>
    </summaries>
    <title>Affirming the importance of the Electronic Proving Ground at Fort Huachuca, Arizona, to the United States Armed Forces and national security on its 60th anniversary.</title>
    <laws />
    <cosponsors>
      <item>
        <identifiers>
          <bioguideId>K000368</bioguideId>
          <gpoId>7220</gpoId>
          <lisID>1907</lisID>
        </identifiers>
        <isOriginalCosponsor>True</isOriginalCosponsor>
        <firstName>Ann</firstName>
        <sponsorshipWithdrawnDate />
        <sponsorshipDate>2014-09-18</sponsorshipDate>
        <party>D</party>
        <district>1</district>
        <fullName>Rep. Kirkpatrick, Ann [D-AZ-1]</fullName>
        <state>AZ</state>
        <bioguideId>K000368</bioguideId>
        <lastName>Kirkpatrick</lastName>
        <middleName />
      </item>
      <item>
        <identifiers>
          <lisID>1708</lisID>
          <bioguideId>G000551</bioguideId>
          <gpoId>7804</gpoId>
        </identifiers>
        <isOriginalCosponsor>True</isOriginalCosponsor>
        <firstName>Raul</firstName>
        <sponsorshipWithdrawnDate />
        <sponsorshipDate>2014-09-18</sponsorshipDate>
        <party>D</party>
        <district>3</district>
        <fullName>Rep. Grijalva, Raul M. [D-AZ-3]</fullName>
        <state>AZ</state>
        <bioguideId>G000551</bioguideId>
        <lastName>Grijalva</lastName>
        <middleName>M.</middleName>
      </item>
      <item>
        <identifiers>
          <lisID>1992</lisID>
          <gpoId>7798</gpoId>
          <bioguideId>G000565</bioguideId>
        </identifiers>
        <isOriginalCosponsor>True</isOriginalCosponsor>
        <firstName>Paul</firstName>
        <sponsorshipWithdrawnDate />
        <sponsorshipDate>2014-09-18</sponsorshipDate>
        <party>R</party>
        <district>4</district>
        <fullName>Rep. Gosar, Paul A. [R-AZ-4]</fullName>
        <state>AZ</state>
        <bioguideId>G000565</bioguideId>
        <lastName>Gosar</lastName>
        <middleName>A.</middleName>
      </item>
      <item>
        <identifiers>
          <bioguideId>S000018</bioguideId>
          <lisID>1009</lisID>
          <gpoId />
        </identifiers>
        <isOriginalCosponsor>True</isOriginalCosponsor>
        <firstName>MATT</firstName>
        <sponsorshipWithdrawnDate />
        <sponsorshipDate>2014-09-18</sponsorshipDate>
        <party>R</party>
        <district>5</district>
        <fullName>Rep. Salmon, Matt [R-AZ-5]</fullName>
        <state>AZ</state>
        <bioguideId>S000018</bioguideId>
        <lastName>SALMON</lastName>
        <middleName />
      </item>
      <item>
        <identifiers>
          <bioguideId>S001183</bioguideId>
          <lisID>1994</lisID>
          <gpoId>7802</gpoId>
        </identifiers>
        <isOriginalCosponsor>True</isOriginalCosponsor>
        <firstName>David</firstName>
        <sponsorshipWithdrawnDate />
        <sponsorshipDate>2014-09-18</sponsorshipDate>
        <party>R</party>
        <district>6</district>
        <fullName>Rep. Schweikert, David [R-AZ-6]</fullName>
        <state>AZ</state>
        <bioguideId>S001183</bioguideId>
        <lastName>Schweikert</lastName>
        <middleName />
      </item>
      <item>
        <identifiers>
          <gpoId>7801</gpoId>
          <lisID>893</lisID>
          <bioguideId>P000099</bioguideId>
        </identifiers>
        <isOriginalCosponsor>True</isOriginalCosponsor>
        <firstName>ED</firstName>
        <sponsorshipWithdrawnDate />
        <sponsorshipDate>2014-09-18</sponsorshipDate>
        <party>D</party>
        <district>7</district>
        <fullName>Rep. Pastor, Ed [D-AZ-7]</fullName>
        <state>AZ</state>
        <bioguideId>P000099</bioguideId>
        <lastName>PASTOR</lastName>
        <middleName />
      </item>
      <item>
        <identifiers>
          <bioguideId>F000448</bioguideId>
          <lisID>1707</lisID>
          <gpoId>7799</gpoId>
        </identifiers>
        <isOriginalCosponsor>True</isOriginalCosponsor>
        <firstName>Trent</firstName>
        <sponsorshipWithdrawnDate />
        <sponsorshipDate>2014-09-18</sponsorshipDate>
        <party>R</party>
        <district>8</district>
        <fullName>Rep. Franks, Trent [R-AZ-8]</fullName>
        <state>AZ</state>
        <bioguideId>F000448</bioguideId>
        <lastName>Franks</lastName>
        <middleName />
      </item>
      <item>
        <identifiers>
          <lisID>2099</lisID>
          <gpoId />
          <bioguideId>S001191</bioguideId>
        </identifiers>
        <isOriginalCosponsor>True</isOriginalCosponsor>
        <firstName>Kyrsten</firstName>
        <sponsorshipWithdrawnDate />
        <sponsorshipDate>2014-09-18</sponsorshipDate>
        <party>D</party>
        <district>9</district>
        <fullName>Rep. Sinema, Kyrsten [D-AZ-9]</fullName>
        <state>AZ</state>
        <bioguideId>S001191</bioguideId>
        <lastName>Sinema</lastName>
        <middleName />
      </item>
    </cosponsors>
    <billType>HRES</billType>
    <cboCostEstimates />
    <recordedVotes />
    <relatedBills />
    <actions>
      <actionByCounts>
        <houseOfRepresentatives>3</houseOfRepresentatives>
      </actionByCounts>
      <item>
        <actionDate>2014-09-18</actionDate>
        <actionCode>H11100</actionCode>
        <sourceSystem>
          <name>House floor actions</name>
          <code>2</code>
        </sourceSystem>
        <links />
        <committee>
          <name>Armed Services Committee</name>
          <systemCode>hsas00</systemCode>
        </committee>
        <text>Referred to the House Committee on Armed Services.</text>
        <type>IntroReferral</type>
      </item>
      <item>
        <actionDate>2014-09-18</actionDate>
        <actionCode>Intro-H</actionCode>
        <sourceSystem>
          <name>Library of Congress</name>
          <code>9</code>
        </sourceSystem>
        <links />
        <committee />
        <text>Introduced in House</text>
        <type>IntroReferral</type>
      </item>
      <item>
        <actionDate>2014-09-18</actionDate>
        <actionCode>1000</actionCode>
        <sourceSystem>
          <name>Library of Congress</name>
          <code>9</code>
        </sourceSystem>
        <links />
        <committee />
        <text>Introduced in House</text>
        <type>IntroReferral</type>
      </item>
      <actionTypeCounts>
        <introducedInHouse>1</introducedInHouse>
        <introducedInTheHouse>1</introducedInTheHouse>
        <billReferrals>1</billReferrals>
      </actionTypeCounts>
    </actions>
    <notes />
    <latestAction>
      <actionDate>2014-09-18</actionDate>
      <links />
      <text>Referred to the House Committee on Armed Services.</text>
    </latestAction>
    <introducedDate>2014-09-18</introducedDate>
    <sponsors>
      <item>
        <fullName>Rep. Barber, Ron [D-AZ-2]</fullName>
        <firstName>Ron</firstName>
        <byRequestType />
        <identifiers>
          <lisID>2093</lisID>
          <gpoId>8368</gpoId>
          <bioguideId>B001279</bioguideId>
        </identifiers>
        <middleName />
        <bioguideId>B001279</bioguideId>
        <district>2</district>
        <party>D</party>
        <state>AZ</state>
        <lastName>Barber</lastName>
      </item>
    </sponsors>
    <constitutionalAuthorityStatementText />
    <calendarNumbers />
    <committeeReports />
    <amendments />
    <createDate>2014-09-19T10:01:43Z</createDate>
    <originChamber>House</originChamber>
    <titles>
      <item>
        <chamberName />
        <titleType>Official Title as Introduced</titleType>
        <parentTitleType />
        <title>Affirming the importance of the Electronic Proving Ground at Fort Huachuca, Arizona, to the United States Armed Forces and national security on its 60th anniversary.</title>
        <chamberCode />
      </item>
      <item>
        <chamberName />
        <titleType>Display Title</titleType>
        <parentTitleType />
        <title>Affirming the importance of the Electronic Proving Ground at Fort Huachuca, Arizona, to the United States Armed Forces and national security on its 60th anniversary.</title>
        <chamberCode />
      </item>
    </titles>
  </bill>
  <dublinCore xmlns:dc="http://purl.org/dc/elements/1.1/">
    <dc:format>text/xml</dc:format>
    <dc:language>EN</dc:language>
    <dc:rights>Pursuant to Title 17 Section 105 of the United States Code, this file is not subject to copyright protection and is in the public domain.</dc:rights>
    <dc:contributor>Congressional Research Service, Library of Congress</dc:contributor>
    <dc:description>This file contains bill summaries and statuses for federal legislation. A bill summary describes the most significant provisions of a piece of legislation and details the effects the legislative text may have on current law and federal programs. Bill summaries are authored by the Congressional Research Service (CRS) of the Library of Congress. As stated in Public Law 91-510 (2 USC 166 (d)(6)), one of the duties of CRS is "to prepare summaries and digests of bills and resolutions of a public general nature introduced in the Senate or House of Representatives". For more information, refer to the User Guide that accompanies this file.</dc:description>
  </dublinCore>
</billStatus>

