<?xml version="1.0" encoding="UTF-8"?>
<billStatus>
  <bill>
    <billType>HRES</billType>
    <laws />
    <recordedVotes />
    <actions>
      <actionTypeCounts>
        <introducedInHouse>1</introducedInHouse>
        <placeholderTextForH>1</placeholderTextForH>
        <placeholderTextForB>1</placeholderTextForB>
        <billReferrals>1</billReferrals>
        <introducedInTheHouse>1</introducedInTheHouse>
      </actionTypeCounts>
      <actionByCounts>
        <houseOfRepresentatives>4</houseOfRepresentatives>
      </actionByCounts>
      <item>
        <actionDate>2014-01-09</actionDate>
        <committee>
          <systemCode>hsju10</systemCode>
          <name>Constitution and Civil Justice Subcommittee</name>
        </committee>
        <links />
        <sourceSystem>
          <name>House committee actions</name>
          <code>1</code>
        </sourceSystem>
        <text>Referred to the Subcommittee on the Constitution and Civil Justice.</text>
        <type>Committee</type>
      </item>
      <item>
        <actionCode>B00100</actionCode>
        <actionDate>2013-11-21</actionDate>
        <text>Sponsor introductory remarks on measure. (CR H7338-7339)</text>
        <committee />
        <type>IntroReferral</type>
        <links>
          <link>
            <name>H7338-7339</name>
            <url>https://www.congress.gov/congressional-record/volume-159/house-section/page/H7338-7339</url>
          </link>
        </links>
        <sourceSystem>
          <name>Library of Congress</name>
          <code>9</code>
        </sourceSystem>
      </item>
      <item>
        <actionCode>H11100</actionCode>
        <actionDate>2013-11-20</actionDate>
        <text>Referred to the House Committee on the Judiciary.</text>
        <committee>
          <systemCode>hsju00</systemCode>
          <name>Judiciary Committee</name>
        </committee>
        <type>IntroReferral</type>
        <links />
        <sourceSystem>
          <name>House floor actions</name>
          <code>2</code>
        </sourceSystem>
      </item>
      <item>
        <actionCode>Intro-H</actionCode>
        <actionDate>2013-11-20</actionDate>
        <text>Introduced in House</text>
        <committee />
        <type>IntroReferral</type>
        <links />
        <sourceSystem>
          <name>Library of Congress</name>
          <code>9</code>
        </sourceSystem>
      </item>
      <item>
        <actionCode>1000</actionCode>
        <actionDate>2013-11-20</actionDate>
        <text>Introduced in House</text>
        <committee />
        <type>IntroReferral</type>
        <links />
        <sourceSystem>
          <name>Library of Congress</name>
          <code>9</code>
        </sourceSystem>
      </item>
    </actions>
    <billNumber>425</billNumber>
    <policyArea>
      <name>Government Operations and Politics</name>
    </policyArea>
    <notes />
    <latestAction>
      <actionDate>2014-01-09</actionDate>
      <links />
      <text>Referred to the Subcommittee on the Constitution and Civil Justice.</text>
    </latestAction>
    <relatedBills />
    <committees>
      <billCommittees>
        <item>
          <subcommittees>
            <item>
              <activities>
                <item>
                  <name>Referred to</name>
                  <date>2014-01-09T18:54:13Z</date>
                </item>
              </activities>
              <systemCode>hsju10</systemCode>
              <name>Constitution and Civil Justice Subcommittee</name>
            </item>
          </subcommittees>
          <chamber>House</chamber>
          <systemCode>hsju00</systemCode>
          <type>Standing</type>
          <activities>
            <item>
              <name>Referred to</name>
              <date>2013-11-20T15:04:15Z</date>
            </item>
          </activities>
          <name>Judiciary Committee</name>
        </item>
      </billCommittees>
    </committees>
    <cosponsors>
      <item>
        <state>AZ</state>
        <fullName>Rep. Salmon, Matt [R-AZ-5]</fullName>
        <district>5</district>
        <sponsorshipWithdrawnDate />
        <party>R</party>
        <identifiers>
          <gpoId />
          <lisID>1009</lisID>
          <bioguideId>S000018</bioguideId>
        </identifiers>
        <middleName />
        <bioguideId>S000018</bioguideId>
        <firstName>MATT</firstName>
        <lastName>SALMON</lastName>
        <isOriginalCosponsor>True</isOriginalCosponsor>
        <sponsorshipDate>2013-11-20</sponsorshipDate>
      </item>
      <item>
        <state>TX</state>
        <fullName>Rep. Weber, Randy K. Sr. [R-TX-14]</fullName>
        <district>14</district>
        <sponsorshipWithdrawnDate />
        <party>R</party>
        <identifiers>
          <gpoId />
          <lisID>2161</lisID>
          <bioguideId>W000814</bioguideId>
        </identifiers>
        <middleName>K.</middleName>
        <bioguideId>W000814</bioguideId>
        <firstName>Randy</firstName>
        <lastName>Weber</lastName>
        <isOriginalCosponsor>True</isOriginalCosponsor>
        <sponsorshipDate>2013-11-20</sponsorshipDate>
      </item>
      <item>
        <state>TN</state>
        <fullName>Rep. Blackburn, Marsha [R-TN-7]</fullName>
        <district>7</district>
        <sponsorshipWithdrawnDate />
        <party>R</party>
        <identifiers>
          <bioguideId>B001243</bioguideId>
          <lisID>1748</lisID>
          <gpoId>8154</gpoId>
        </identifiers>
        <middleName />
        <bioguideId>B001243</bioguideId>
        <firstName>Marsha</firstName>
        <lastName>Blackburn</lastName>
        <isOriginalCosponsor>True</isOriginalCosponsor>
        <sponsorshipDate>2013-11-20</sponsorshipDate>
      </item>
      <item>
        <state>SC</state>
        <fullName>Rep. Mulvaney, Mick [R-SC-5]</fullName>
        <district>5</district>
        <sponsorshipWithdrawnDate />
        <party>R</party>
        <identifiers>
          <lisID>2059</lisID>
          <gpoId>8145</gpoId>
          <bioguideId>M001182</bioguideId>
        </identifiers>
        <middleName />
        <bioguideId>M001182</bioguideId>
        <firstName>Mick</firstName>
        <lastName>Mulvaney</lastName>
        <isOriginalCosponsor>True</isOriginalCosponsor>
        <sponsorshipDate>2013-11-20</sponsorshipDate>
      </item>
      <item>
        <state>NJ</state>
        <fullName>Rep. Garrett, Scott [R-NJ-5]</fullName>
        <district>5</district>
        <sponsorshipWithdrawnDate />
        <party>R</party>
        <identifiers>
          <lisID>1737</lisID>
          <gpoId>8047</gpoId>
          <bioguideId>G000548</bioguideId>
        </identifiers>
        <middleName />
        <bioguideId>G000548</bioguideId>
        <firstName>Scott</firstName>
        <lastName>Garrett</lastName>
        <isOriginalCosponsor>True</isOriginalCosponsor>
        <sponsorshipDate>2013-11-20</sponsorshipDate>
      </item>
      <item>
        <state>CA</state>
        <fullName>Rep. LaMalfa, Doug [R-CA-1]</fullName>
        <district>1</district>
        <sponsorshipWithdrawnDate />
        <party>R</party>
        <identifiers>
          <gpoId />
          <lisID>2100</lisID>
          <bioguideId>L000578</bioguideId>
        </identifiers>
        <middleName />
        <bioguideId>L000578</bioguideId>
        <firstName>Doug</firstName>
        <lastName>LaMalfa</lastName>
        <isOriginalCosponsor>True</isOriginalCosponsor>
        <sponsorshipDate>2013-11-20</sponsorshipDate>
      </item>
      <item>
        <state>LA</state>
        <fullName>Rep. Fleming, John [R-LA-4]</fullName>
        <district>4</district>
        <sponsorshipWithdrawnDate />
        <party>R</party>
        <identifiers>
          <lisID>1924</lisID>
          <gpoId>7962</gpoId>
          <bioguideId>F000456</bioguideId>
        </identifiers>
        <middleName />
        <bioguideId>F000456</bioguideId>
        <firstName>John</firstName>
        <lastName>Fleming</lastName>
        <isOriginalCosponsor>True</isOriginalCosponsor>
        <sponsorshipDate>2013-11-20</sponsorshipDate>
      </item>
      <item>
        <state>IA</state>
        <fullName>Rep. King, Steve [R-IA-4]</fullName>
        <district>4</district>
        <sponsorshipWithdrawnDate />
        <party>R</party>
        <identifiers>
          <lisID>1724</lisID>
          <gpoId>7918</gpoId>
          <bioguideId>K000362</bioguideId>
        </identifiers>
        <middleName />
        <bioguideId>K000362</bioguideId>
        <firstName>Steve</firstName>
        <lastName>King</lastName>
        <isOriginalCosponsor>True</isOriginalCosponsor>
        <sponsorshipDate>2013-11-20</sponsorshipDate>
      </item>
      <item>
        <state>IN</state>
        <fullName>Rep. Stutzman, Marlin A. [R-IN-3]</fullName>
        <district>3</district>
        <sponsorshipWithdrawnDate />
        <party>R</party>
        <identifiers>
          <lisID>1981</lisID>
          <gpoId>7942</gpoId>
          <bioguideId>S001188</bioguideId>
        </identifiers>
        <middleName>A.</middleName>
        <bioguideId>S001188</bioguideId>
        <firstName>Marlin</firstName>
        <lastName>Stutzman</lastName>
        <isOriginalCosponsor>True</isOriginalCosponsor>
        <sponsorshipDate>2013-11-20</sponsorshipDate>
      </item>
      <item>
        <state>OK</state>
        <fullName>Rep. Bridenstine, Jim [R-OK-1]</fullName>
        <district>1</district>
        <sponsorshipWithdrawnDate />
        <party>R</party>
        <identifiers>
          <lisID>2155</lisID>
          <gpoId />
          <bioguideId>B001283</bioguideId>
        </identifiers>
        <middleName />
        <bioguideId>B001283</bioguideId>
        <firstName>Jim</firstName>
        <lastName>Bridenstine</lastName>
        <isOriginalCosponsor>True</isOriginalCosponsor>
        <sponsorshipDate>2013-11-20</sponsorshipDate>
      </item>
      <item>
        <state>FL</state>
        <fullName>Rep. Yoho, Ted S. [R-FL-3]</fullName>
        <district>3</district>
        <sponsorshipWithdrawnDate />
        <party>R</party>
        <identifiers>
          <lisID>2115</lisID>
          <gpoId />
          <bioguideId>Y000065</bioguideId>
        </identifiers>
        <middleName>S.</middleName>
        <bioguideId>Y000065</bioguideId>
        <firstName>Ted</firstName>
        <lastName>Yoho</lastName>
        <isOriginalCosponsor>True</isOriginalCosponsor>
        <sponsorshipDate>2013-11-20</sponsorshipDate>
      </item>
      <item>
        <state>CA</state>
        <fullName>Rep. McClintock, Tom [R-CA-4]</fullName>
        <district>4</district>
        <sponsorshipWithdrawnDate />
        <party>R</party>
        <identifiers>
          <lisID>1908</lisID>
          <gpoId>7809</gpoId>
          <bioguideId>M001177</bioguideId>
        </identifiers>
        <middleName />
        <bioguideId>M001177</bioguideId>
        <firstName>Tom</firstName>
        <lastName>McClintock</lastName>
        <isOriginalCosponsor>True</isOriginalCosponsor>
        <sponsorshipDate>2013-11-20</sponsorshipDate>
      </item>
      <item>
        <state>SC</state>
        <fullName>Rep. Wilson, Joe [R-SC-2]</fullName>
        <district>2</district>
        <sponsorshipWithdrawnDate />
        <party>R</party>
        <identifiers>
          <lisID>1688</lisID>
          <bioguideId>W000795</bioguideId>
          <gpoId>8142</gpoId>
        </identifiers>
        <middleName />
        <bioguideId>W000795</bioguideId>
        <firstName>Joe</firstName>
        <lastName>Wilson</lastName>
        <isOriginalCosponsor>True</isOriginalCosponsor>
        <sponsorshipDate>2013-11-20</sponsorshipDate>
      </item>
      <item>
        <state>KY</state>
        <fullName>Rep. Barr, Andy [R-KY-6]</fullName>
        <district>6</district>
        <sponsorshipWithdrawnDate />
        <party>R</party>
        <identifiers>
          <lisID>2131</lisID>
          <gpoId />
          <bioguideId>B001282</bioguideId>
        </identifiers>
        <middleName />
        <bioguideId>B001282</bioguideId>
        <firstName>Andy</firstName>
        <lastName>Barr</lastName>
        <isOriginalCosponsor>False</isOriginalCosponsor>
        <sponsorshipDate>2013-11-21</sponsorshipDate>
      </item>
      <item>
        <state>MI</state>
        <fullName>Rep. Amash, Justin [R-MI-3]</fullName>
        <district>3</district>
        <sponsorshipWithdrawnDate />
        <party>R</party>
        <identifiers>
          <lisID>2029</lisID>
          <gpoId>7988</gpoId>
          <bioguideId>A000367</bioguideId>
        </identifiers>
        <middleName />
        <bioguideId>A000367</bioguideId>
        <firstName>Justin</firstName>
        <lastName>Amash</lastName>
        <isOriginalCosponsor>False</isOriginalCosponsor>
        <sponsorshipDate>2013-11-21</sponsorshipDate>
      </item>
      <item>
        <state>ID</state>
        <fullName>Rep. Labrador, Raul R. [R-ID-1]</fullName>
        <district>1</district>
        <sponsorshipWithdrawnDate />
        <party>R</party>
        <identifiers>
          <lisID>2011</lisID>
          <bioguideId>L000573</bioguideId>
          <gpoId>7919</gpoId>
        </identifiers>
        <middleName>R.</middleName>
        <bioguideId>L000573</bioguideId>
        <firstName>Raul</firstName>
        <lastName>Labrador</lastName>
        <isOriginalCosponsor>False</isOriginalCosponsor>
        <sponsorshipDate>2013-11-21</sponsorshipDate>
      </item>
      <item>
        <state>AL</state>
        <fullName>Rep. Brooks, Mo [R-AL-5]</fullName>
        <district>5</district>
        <sponsorshipWithdrawnDate />
        <party>R</party>
        <identifiers>
          <bioguideId>B001274</bioguideId>
          <gpoId>7790</gpoId>
          <lisID>1987</lisID>
        </identifiers>
        <middleName />
        <bioguideId>B001274</bioguideId>
        <firstName>Mo</firstName>
        <lastName>Brooks</lastName>
        <isOriginalCosponsor>False</isOriginalCosponsor>
        <sponsorshipDate>2013-11-21</sponsorshipDate>
      </item>
      <item>
        <state>TX</state>
        <fullName>Rep. Culberson, John Abney [R-TX-7]</fullName>
        <district>7</district>
        <sponsorshipWithdrawnDate />
        <party>R</party>
        <identifiers>
          <lisID>1670</lisID>
          <gpoId>8163</gpoId>
          <bioguideId>C001048</bioguideId>
        </identifiers>
        <middleName>ABNEY</middleName>
        <bioguideId>C001048</bioguideId>
        <firstName>JOHN</firstName>
        <lastName>CULBERSON</lastName>
        <isOriginalCosponsor>False</isOriginalCosponsor>
        <sponsorshipDate>2013-11-21</sponsorshipDate>
      </item>
      <item>
        <state>SC</state>
        <fullName>Rep. Duncan, Jeff [R-SC-3]</fullName>
        <district>3</district>
        <sponsorshipWithdrawnDate />
        <party>R</party>
        <identifiers>
          <lisID>2057</lisID>
          <gpoId>8143</gpoId>
          <bioguideId>D000615</bioguideId>
        </identifiers>
        <middleName />
        <bioguideId>D000615</bioguideId>
        <firstName>Jeff</firstName>
        <lastName>Duncan</lastName>
        <isOriginalCosponsor>False</isOriginalCosponsor>
        <sponsorshipDate>2013-11-21</sponsorshipDate>
      </item>
      <item>
        <state>AZ</state>
        <fullName>Rep. Franks, Trent [R-AZ-8]</fullName>
        <district>8</district>
        <sponsorshipWithdrawnDate />
        <party>R</party>
        <identifiers>
          <lisID>1707</lisID>
          <gpoId>7799</gpoId>
          <bioguideId>F000448</bioguideId>
        </identifiers>
        <middleName />
        <bioguideId>F000448</bioguideId>
        <firstName>Trent</firstName>
        <lastName>Franks</lastName>
        <isOriginalCosponsor>False</isOriginalCosponsor>
        <sponsorshipDate>2013-11-21</sponsorshipDate>
      </item>
      <item>
        <state>FL</state>
        <fullName>Rep. Rooney, Thomas J. [R-FL-17]</fullName>
        <district>17</district>
        <sponsorshipWithdrawnDate />
        <party>R</party>
        <identifiers>
          <lisID>1916</lisID>
          <gpoId>7888</gpoId>
          <bioguideId>R000583</bioguideId>
        </identifiers>
        <middleName>J.</middleName>
        <bioguideId>R000583</bioguideId>
        <firstName>Thomas</firstName>
        <lastName>Rooney</lastName>
        <isOriginalCosponsor>False</isOriginalCosponsor>
        <sponsorshipDate>2013-11-21</sponsorshipDate>
      </item>
      <item>
        <state>GA</state>
        <fullName>Rep. Westmoreland, Lynn A. [R-GA-3]</fullName>
        <district>3</district>
        <sponsorshipWithdrawnDate />
        <party>R</party>
        <identifiers>
          <lisID>1779</lisID>
          <gpoId>7900</gpoId>
          <bioguideId>W000796</bioguideId>
        </identifiers>
        <middleName>A.</middleName>
        <bioguideId>W000796</bioguideId>
        <firstName>Lynn</firstName>
        <lastName>Westmoreland</lastName>
        <isOriginalCosponsor>False</isOriginalCosponsor>
        <sponsorshipDate>2013-11-21</sponsorshipDate>
      </item>
      <item>
        <state>TX</state>
        <fullName>Rep. Sessions, Pete [R-TX-32]</fullName>
        <district>32</district>
        <sponsorshipWithdrawnDate />
        <party>R</party>
        <identifiers>
          <bioguideId>S000250</bioguideId>
          <lisID>1525</lisID>
          <gpoId>8188</gpoId>
        </identifiers>
        <middleName />
        <bioguideId>S000250</bioguideId>
        <firstName>PETE</firstName>
        <lastName>SESSIONS</lastName>
        <isOriginalCosponsor>False</isOriginalCosponsor>
        <sponsorshipDate>2013-12-02</sponsorshipDate>
      </item>
      <item>
        <state>MI</state>
        <fullName>Rep. Bentivolio, Kerry L. [R-MI-11]</fullName>
        <district>11</district>
        <sponsorshipWithdrawnDate />
        <party>R</party>
        <identifiers>
          <gpoId />
          <lisID>2135</lisID>
          <bioguideId>B001280</bioguideId>
        </identifiers>
        <middleName>L.</middleName>
        <bioguideId>B001280</bioguideId>
        <firstName>Kerry</firstName>
        <lastName>Bentivolio</lastName>
        <isOriginalCosponsor>False</isOriginalCosponsor>
        <sponsorshipDate>2013-12-02</sponsorshipDate>
      </item>
      <item>
        <state>OK</state>
        <fullName>Rep. Mullin, Markwayne [R-OK-2]</fullName>
        <district>2</district>
        <sponsorshipWithdrawnDate />
        <party>R</party>
        <identifiers>
          <bioguideId>M001190</bioguideId>
          <lisID>2156</lisID>
          <gpoId />
        </identifiers>
        <middleName />
        <bioguideId>M001190</bioguideId>
        <firstName>Markwayne</firstName>
        <lastName>Mullin</lastName>
        <isOriginalCosponsor>False</isOriginalCosponsor>
        <sponsorshipDate>2013-12-02</sponsorshipDate>
      </item>
      <item>
        <state>WI</state>
        <fullName>Rep. Ribble, Reid J. [R-WI-8]</fullName>
        <district>8</district>
        <sponsorshipWithdrawnDate />
        <party>R</party>
        <identifiers>
          <bioguideId>R000587</bioguideId>
          <lisID>2073</lisID>
          <gpoId>8221</gpoId>
        </identifiers>
        <middleName>J.</middleName>
        <bioguideId>R000587</bioguideId>
        <firstName>Reid</firstName>
        <lastName>Ribble</lastName>
        <isOriginalCosponsor>False</isOriginalCosponsor>
        <sponsorshipDate>2013-12-04</sponsorshipDate>
      </item>
      <item>
        <state>PA</state>
        <fullName>Rep. Marino, Tom [R-PA-10]</fullName>
        <district>10</district>
        <sponsorshipWithdrawnDate />
        <party>R</party>
        <identifiers>
          <lisID>2053</lisID>
          <gpoId>8128</gpoId>
          <bioguideId>M001179</bioguideId>
        </identifiers>
        <middleName />
        <bioguideId>M001179</bioguideId>
        <firstName>Tom</firstName>
        <lastName>Marino</lastName>
        <isOriginalCosponsor>False</isOriginalCosponsor>
        <sponsorshipDate>2013-12-05</sponsorshipDate>
      </item>
      <item>
        <state>NC</state>
        <fullName>Rep. Pittenger, Robert [R-NC-9]</fullName>
        <district>9</district>
        <sponsorshipWithdrawnDate />
        <party>R</party>
        <identifiers>
          <gpoId />
          <lisID>2141</lisID>
          <bioguideId>P000606</bioguideId>
        </identifiers>
        <middleName />
        <bioguideId>P000606</bioguideId>
        <firstName>Robert</firstName>
        <lastName>Pittenger</lastName>
        <isOriginalCosponsor>False</isOriginalCosponsor>
        <sponsorshipDate>2013-12-05</sponsorshipDate>
      </item>
      <item>
        <state>GA</state>
        <fullName>Rep. Graves, Tom [R-GA-14]</fullName>
        <district>14</district>
        <sponsorshipWithdrawnDate />
        <party>R</party>
        <identifiers>
          <bioguideId>G000560</bioguideId>
          <gpoId>7906</gpoId>
          <lisID>1979</lisID>
        </identifiers>
        <middleName />
        <bioguideId>G000560</bioguideId>
        <firstName>Tom</firstName>
        <lastName>Graves</lastName>
        <isOriginalCosponsor>False</isOriginalCosponsor>
        <sponsorshipDate>2013-12-05</sponsorshipDate>
      </item>
      <item>
        <state>GA</state>
        <fullName>Rep. Collins, Doug [R-GA-9]</fullName>
        <district>9</district>
        <sponsorshipWithdrawnDate />
        <party>R</party>
        <identifiers>
          <gpoId />
          <lisID>2121</lisID>
          <bioguideId>C001093</bioguideId>
        </identifiers>
        <middleName />
        <bioguideId>C001093</bioguideId>
        <firstName>Doug</firstName>
        <lastName>Collins</lastName>
        <isOriginalCosponsor>False</isOriginalCosponsor>
        <sponsorshipDate>2013-12-05</sponsorshipDate>
      </item>
      <item>
        <state>KY</state>
        <fullName>Rep. Guthrie, Brett [R-KY-2]</fullName>
        <district>2</district>
        <sponsorshipWithdrawnDate />
        <party>R</party>
        <identifiers>
          <lisID>1922</lisID>
          <gpoId>7954</gpoId>
          <bioguideId>G000558</bioguideId>
        </identifiers>
        <middleName />
        <bioguideId>G000558</bioguideId>
        <firstName>Brett</firstName>
        <lastName>Guthrie</lastName>
        <isOriginalCosponsor>False</isOriginalCosponsor>
        <sponsorshipDate>2013-12-05</sponsorshipDate>
      </item>
      <item>
        <state>FL</state>
        <fullName>Rep. Southerland, Steve II [R-FL-2]</fullName>
        <district>2</district>
        <sponsorshipWithdrawnDate />
        <party>R</party>
        <identifiers>
          <lisID>2000</lisID>
          <gpoId>7874</gpoId>
          <bioguideId>S001186</bioguideId>
        </identifiers>
        <middleName />
        <bioguideId>S001186</bioguideId>
        <firstName>Steve</firstName>
        <lastName>Southerland</lastName>
        <isOriginalCosponsor>False</isOriginalCosponsor>
        <sponsorshipDate>2013-12-05</sponsorshipDate>
      </item>
      <item>
        <state>MO</state>
        <fullName>Rep. Smith, Jason T. [R-MO-8]</fullName>
        <district>8</district>
        <sponsorshipWithdrawnDate />
        <party>R</party>
        <identifiers>
          <lisID>2191</lisID>
          <gpoId />
          <bioguideId>S001195</bioguideId>
        </identifiers>
        <middleName />
        <bioguideId>S001195</bioguideId>
        <firstName>Jason</firstName>
        <lastName>Smith</lastName>
        <isOriginalCosponsor>False</isOriginalCosponsor>
        <sponsorshipDate>2013-12-05</sponsorshipDate>
      </item>
      <item>
        <state>AZ</state>
        <fullName>Rep. Schweikert, David [R-AZ-6]</fullName>
        <district>6</district>
        <sponsorshipWithdrawnDate />
        <party>R</party>
        <identifiers>
          <lisID>1994</lisID>
          <bioguideId>S001183</bioguideId>
          <gpoId>7802</gpoId>
        </identifiers>
        <middleName />
        <bioguideId>S001183</bioguideId>
        <firstName>David</firstName>
        <lastName>Schweikert</lastName>
        <isOriginalCosponsor>False</isOriginalCosponsor>
        <sponsorshipDate>2013-12-05</sponsorshipDate>
      </item>
      <item>
        <state>SC</state>
        <fullName>Rep. Rice, Tom [R-SC-7]</fullName>
        <district>7</district>
        <sponsorshipWithdrawnDate />
        <party>R</party>
        <identifiers>
          <bioguideId>R000597</bioguideId>
          <lisID>2160</lisID>
          <gpoId />
        </identifiers>
        <middleName />
        <bioguideId>R000597</bioguideId>
        <firstName>Tom</firstName>
        <lastName>Rice</lastName>
        <isOriginalCosponsor>False</isOriginalCosponsor>
        <sponsorshipDate>2013-12-05</sponsorshipDate>
      </item>
      <item>
        <state>SC</state>
        <fullName>Rep. Gowdy, Trey [R-SC-4]</fullName>
        <district>4</district>
        <sponsorshipWithdrawnDate />
        <party>R</party>
        <identifiers>
          <bioguideId>G000566</bioguideId>
          <lisID>2058</lisID>
          <gpoId>8144</gpoId>
        </identifiers>
        <middleName />
        <bioguideId>G000566</bioguideId>
        <firstName>Trey</firstName>
        <lastName>Gowdy</lastName>
        <isOriginalCosponsor>False</isOriginalCosponsor>
        <sponsorshipDate>2013-12-05</sponsorshipDate>
      </item>
      <item>
        <state>OH</state>
        <fullName>Rep. Jordan, Jim [R-OH-4]</fullName>
        <district>4</district>
        <sponsorshipWithdrawnDate />
        <party>R</party>
        <identifiers>
          <gpoId>8094</gpoId>
          <lisID>1868</lisID>
          <bioguideId>J000289</bioguideId>
        </identifiers>
        <middleName />
        <bioguideId>J000289</bioguideId>
        <firstName>Jim</firstName>
        <lastName>Jordan</lastName>
        <isOriginalCosponsor>False</isOriginalCosponsor>
        <sponsorshipDate>2013-12-05</sponsorshipDate>
      </item>
      <item>
        <state>TX</state>
        <fullName>Rep. Gohmert, Louie [R-TX-1]</fullName>
        <district>1</district>
        <sponsorshipWithdrawnDate />
        <party>R</party>
        <identifiers>
          <gpoId>8157</gpoId>
          <lisID>1801</lisID>
          <bioguideId>G000552</bioguideId>
        </identifiers>
        <middleName />
        <bioguideId>G000552</bioguideId>
        <firstName>Louie</firstName>
        <lastName>Gohmert</lastName>
        <isOriginalCosponsor>False</isOriginalCosponsor>
        <sponsorshipDate>2013-12-05</sponsorshipDate>
      </item>
      <item>
        <state>AZ</state>
        <fullName>Rep. Gosar, Paul A. [R-AZ-4]</fullName>
        <district>4</district>
        <sponsorshipWithdrawnDate />
        <party>R</party>
        <identifiers>
          <bioguideId>G000565</bioguideId>
          <lisID>1992</lisID>
          <gpoId>7798</gpoId>
        </identifiers>
        <middleName>A.</middleName>
        <bioguideId>G000565</bioguideId>
        <firstName>Paul</firstName>
        <lastName>Gosar</lastName>
        <isOriginalCosponsor>False</isOriginalCosponsor>
        <sponsorshipDate>2013-12-05</sponsorshipDate>
      </item>
      <item>
        <state>NC</state>
        <fullName>Rep. Holding, George [R-NC-13]</fullName>
        <district>13</district>
        <sponsorshipWithdrawnDate />
        <party>R</party>
        <identifiers>
          <gpoId />
          <lisID>2143</lisID>
          <bioguideId>H001065</bioguideId>
        </identifiers>
        <middleName />
        <bioguideId>H001065</bioguideId>
        <firstName>George</firstName>
        <lastName>Holding</lastName>
        <isOriginalCosponsor>False</isOriginalCosponsor>
        <sponsorshipDate>2013-12-05</sponsorshipDate>
      </item>
      <item>
        <state>IL</state>
        <fullName>Rep. Hultgren, Randy [R-IL-14]</fullName>
        <district>14</district>
        <sponsorshipWithdrawnDate />
        <party>R</party>
        <identifiers>
          <lisID>2015</lisID>
          <gpoId>7934</gpoId>
          <bioguideId>H001059</bioguideId>
        </identifiers>
        <middleName />
        <bioguideId>H001059</bioguideId>
        <firstName>Randy</firstName>
        <lastName>Hultgren</lastName>
        <isOriginalCosponsor>False</isOriginalCosponsor>
        <sponsorshipDate>2013-12-11</sponsorshipDate>
      </item>
      <item>
        <state>MD</state>
        <fullName>Rep. Harris, Andy [R-MD-1]</fullName>
        <district>1</district>
        <sponsorshipWithdrawnDate />
        <party>R</party>
        <identifiers>
          <lisID>2026</lisID>
          <gpoId>7976</gpoId>
          <bioguideId>H001052</bioguideId>
        </identifiers>
        <middleName />
        <bioguideId>H001052</bioguideId>
        <firstName>Andy</firstName>
        <lastName>Harris</lastName>
        <isOriginalCosponsor>False</isOriginalCosponsor>
        <sponsorshipDate>2013-12-11</sponsorshipDate>
      </item>
      <item>
        <state>FL</state>
        <fullName>Rep. Posey, Bill [R-FL-8]</fullName>
        <district>8</district>
        <sponsorshipWithdrawnDate />
        <party>R</party>
        <identifiers>
          <lisID>1915</lisID>
          <gpoId>7887</gpoId>
          <bioguideId>P000599</bioguideId>
        </identifiers>
        <middleName />
        <bioguideId>P000599</bioguideId>
        <firstName>Bill</firstName>
        <lastName>Posey</lastName>
        <isOriginalCosponsor>False</isOriginalCosponsor>
        <sponsorshipDate>2013-12-11</sponsorshipDate>
      </item>
      <item>
        <state>GA</state>
        <fullName>Rep. Gingrey, Phil [R-GA-11]</fullName>
        <district>11</district>
        <sponsorshipWithdrawnDate />
        <party>R</party>
        <identifiers>
          <gpoId>7908</gpoId>
          <lisID>1720</lisID>
          <bioguideId>G000550</bioguideId>
        </identifiers>
        <middleName />
        <bioguideId>G000550</bioguideId>
        <firstName>Phil</firstName>
        <lastName>Gingrey</lastName>
        <isOriginalCosponsor>False</isOriginalCosponsor>
        <sponsorshipDate>2013-12-11</sponsorshipDate>
      </item>
      <item>
        <state>SC</state>
        <fullName>Rep. Sanford, Mark [R-SC-1]</fullName>
        <district>1</district>
        <sponsorshipWithdrawnDate />
        <party>R</party>
        <identifiers>
          <lisID>1012</lisID>
          <gpoId />
          <bioguideId>S000051</bioguideId>
        </identifiers>
        <middleName />
        <bioguideId>S000051</bioguideId>
        <firstName>Mark</firstName>
        <lastName>Sanford</lastName>
        <isOriginalCosponsor>False</isOriginalCosponsor>
        <sponsorshipDate>2013-12-11</sponsorshipDate>
      </item>
      <item>
        <state>KY</state>
        <fullName>Rep. Massie, Thomas [R-KY-4]</fullName>
        <district>4</district>
        <sponsorshipWithdrawnDate />
        <party>R</party>
        <identifiers>
          <lisID>2094</lisID>
          <gpoId>8371</gpoId>
          <bioguideId>M001184</bioguideId>
        </identifiers>
        <middleName />
        <bioguideId>M001184</bioguideId>
        <firstName>Thomas</firstName>
        <lastName>Massie</lastName>
        <isOriginalCosponsor>False</isOriginalCosponsor>
        <sponsorshipDate>2013-12-12</sponsorshipDate>
      </item>
      <item>
        <state>GA</state>
        <fullName>Rep. Kingston, Jack [R-GA-1]</fullName>
        <district>1</district>
        <sponsorshipWithdrawnDate />
        <party>R</party>
        <identifiers>
          <gpoId>7898</gpoId>
          <lisID>636</lisID>
          <bioguideId>K000220</bioguideId>
        </identifiers>
        <middleName />
        <bioguideId>K000220</bioguideId>
        <firstName>JACK</firstName>
        <lastName>KINGSTON</lastName>
        <isOriginalCosponsor>False</isOriginalCosponsor>
        <sponsorshipDate>2013-12-12</sponsorshipDate>
      </item>
      <item>
        <state>KS</state>
        <fullName>Rep. Huelskamp, Tim [R-KS-1]</fullName>
        <district>1</district>
        <sponsorshipWithdrawnDate />
        <party>R</party>
        <identifiers>
          <gpoId>7949</gpoId>
          <lisID>2020</lisID>
          <bioguideId>H001057</bioguideId>
        </identifiers>
        <middleName />
        <bioguideId>H001057</bioguideId>
        <firstName>Tim</firstName>
        <lastName>Huelskamp</lastName>
        <isOriginalCosponsor>False</isOriginalCosponsor>
        <sponsorshipDate>2013-12-12</sponsorshipDate>
      </item>
      <item>
        <state>MN</state>
        <fullName>Rep. Bachmann, Michele [R-MN-6]</fullName>
        <district>6</district>
        <sponsorshipWithdrawnDate />
        <party>R</party>
        <identifiers>
          <gpoId>8006</gpoId>
          <lisID>1858</lisID>
          <bioguideId>B001256</bioguideId>
        </identifiers>
        <middleName />
        <bioguideId>B001256</bioguideId>
        <firstName>Michele</firstName>
        <lastName>Bachmann</lastName>
        <isOriginalCosponsor>False</isOriginalCosponsor>
        <sponsorshipDate>2013-12-12</sponsorshipDate>
      </item>
      <item>
        <state>TX</state>
        <fullName>Rep. Stockman, Steve [R-TX-36]</fullName>
        <district>36</district>
        <sponsorshipWithdrawnDate />
        <party>R</party>
        <identifiers>
          <gpoId />
          <lisID>1114</lisID>
          <bioguideId>S000937</bioguideId>
        </identifiers>
        <middleName />
        <bioguideId>S000937</bioguideId>
        <firstName>STEVE</firstName>
        <lastName>STOCKMAN</lastName>
        <isOriginalCosponsor>False</isOriginalCosponsor>
        <sponsorshipDate>2013-12-12</sponsorshipDate>
      </item>
      <item>
        <state>FL</state>
        <fullName>Rep. Mica, John L. [R-FL-7]</fullName>
        <district>7</district>
        <sponsorshipWithdrawnDate />
        <party>R</party>
        <identifiers>
          <lisID>800</lisID>
          <gpoId>7879</gpoId>
          <bioguideId>M000689</bioguideId>
        </identifiers>
        <middleName>L.</middleName>
        <bioguideId>M000689</bioguideId>
        <firstName>JOHN</firstName>
        <lastName>MICA</lastName>
        <isOriginalCosponsor>False</isOriginalCosponsor>
        <sponsorshipDate>2013-12-12</sponsorshipDate>
      </item>
      <item>
        <state>NC</state>
        <fullName>Rep. Meadows, Mark [R-NC-11]</fullName>
        <district>11</district>
        <sponsorshipWithdrawnDate />
        <party>R</party>
        <identifiers>
          <bioguideId>M001187</bioguideId>
          <gpoId />
          <lisID>2142</lisID>
        </identifiers>
        <middleName />
        <bioguideId>M001187</bioguideId>
        <firstName>Mark</firstName>
        <lastName>Meadows</lastName>
        <isOriginalCosponsor>False</isOriginalCosponsor>
        <sponsorshipDate>2013-12-12</sponsorshipDate>
      </item>
      <item>
        <state>AR</state>
        <fullName>Rep. Cotton, Tom [R-AR-4]</fullName>
        <district>4</district>
        <sponsorshipWithdrawnDate />
        <party>R</party>
        <identifiers>
          <lisID>2098</lisID>
          <gpoId />
          <bioguideId>C001095</bioguideId>
        </identifiers>
        <middleName />
        <bioguideId>C001095</bioguideId>
        <firstName>Tom</firstName>
        <lastName>Cotton</lastName>
        <isOriginalCosponsor>False</isOriginalCosponsor>
        <sponsorshipDate>2014-01-09</sponsorshipDate>
      </item>
      <item>
        <state>FL</state>
        <fullName>Rep. Crenshaw, Ander [R-FL-4]</fullName>
        <district>4</district>
        <sponsorshipWithdrawnDate />
        <party>R</party>
        <identifiers>
          <gpoId>7876</gpoId>
          <lisID>1643</lisID>
          <bioguideId>C001045</bioguideId>
        </identifiers>
        <middleName />
        <bioguideId>C001045</bioguideId>
        <firstName>ANDER</firstName>
        <lastName>CRENSHAW</lastName>
        <isOriginalCosponsor>False</isOriginalCosponsor>
        <sponsorshipDate>2014-01-17</sponsorshipDate>
      </item>
      <item>
        <state>PA</state>
        <fullName>Rep. Rothfus, Keith J. [R-PA-12]</fullName>
        <district>12</district>
        <sponsorshipWithdrawnDate />
        <party>R</party>
        <identifiers>
          <lisID>2158</lisID>
          <gpoId />
          <bioguideId>R000598</bioguideId>
        </identifiers>
        <middleName>J.</middleName>
        <bioguideId>R000598</bioguideId>
        <firstName>Keith</firstName>
        <lastName>Rothfus</lastName>
        <isOriginalCosponsor>False</isOriginalCosponsor>
        <sponsorshipDate>2014-02-06</sponsorshipDate>
      </item>
      <item>
        <state>TX</state>
        <fullName>Rep. Farenthold, Blake [R-TX-27]</fullName>
        <district>27</district>
        <sponsorshipWithdrawnDate />
        <party>R</party>
        <identifiers>
          <bioguideId>F000460</bioguideId>
          <gpoId>8183</gpoId>
          <lisID>2067</lisID>
        </identifiers>
        <middleName />
        <bioguideId>F000460</bioguideId>
        <firstName>Blake</firstName>
        <lastName>Farenthold</lastName>
        <isOriginalCosponsor>False</isOriginalCosponsor>
        <sponsorshipDate>2014-02-11</sponsorshipDate>
      </item>
      <item>
        <state>NC</state>
        <fullName>Rep. Jones, Walter B., Jr. [R-NC-3]</fullName>
        <district>3</district>
        <sponsorshipWithdrawnDate />
        <party>R</party>
        <identifiers>
          <lisID>612</lisID>
          <gpoId>8026</gpoId>
          <bioguideId>J000255</bioguideId>
        </identifiers>
        <middleName>B.</middleName>
        <bioguideId>J000255</bioguideId>
        <firstName>WALTER</firstName>
        <lastName>JONES</lastName>
        <isOriginalCosponsor>False</isOriginalCosponsor>
        <sponsorshipDate>2014-02-18</sponsorshipDate>
      </item>
      <item>
        <state>OH</state>
        <fullName>Rep. Latta, Robert E. [R-OH-5]</fullName>
        <district>5</district>
        <sponsorshipWithdrawnDate />
        <party>R</party>
        <identifiers>
          <lisID>1885</lisID>
          <gpoId>8095</gpoId>
          <bioguideId>L000566</bioguideId>
        </identifiers>
        <middleName>E.</middleName>
        <bioguideId>L000566</bioguideId>
        <firstName>Robert</firstName>
        <lastName>Latta</lastName>
        <isOriginalCosponsor>False</isOriginalCosponsor>
        <sponsorshipDate>2014-02-27</sponsorshipDate>
      </item>
      <item>
        <state>GA</state>
        <fullName>Rep. Broun, Paul C. [R-GA-10]</fullName>
        <district>10</district>
        <sponsorshipWithdrawnDate />
        <party>R</party>
        <identifiers>
          <lisID>1882</lisID>
          <bioguideId>B001262</bioguideId>
          <gpoId>7907</gpoId>
        </identifiers>
        <middleName>C.</middleName>
        <bioguideId>B001262</bioguideId>
        <firstName>Paul</firstName>
        <lastName>Broun</lastName>
        <isOriginalCosponsor>False</isOriginalCosponsor>
        <sponsorshipDate>2014-03-11</sponsorshipDate>
      </item>
    </cosponsors>
    <createDate>2013-11-21T07:01:11Z</createDate>
    <sponsors>
      <item>
        <fullName>Rep. DeSantis, Ron [R-FL-6]</fullName>
        <firstName>Ron</firstName>
        <lastName>DeSantis</lastName>
        <state>FL</state>
        <party>R</party>
        <district>6</district>
        <bioguideId>D000621</bioguideId>
        <identifiers>
          <bioguideId>D000621</bioguideId>
          <lisID>2116</lisID>
          <gpoId />
        </identifiers>
        <middleName />
        <byRequestType />
      </item>
    </sponsors>
    <committeeReports />
    <updateDate>2016-10-25T15:55:18Z</updateDate>
    <introducedDate>2013-11-20</introducedDate>
    <summaries>
      <billSummaries>
        <item>
          <updateDate>2013-11-20T05:00:00Z</updateDate>
          <lastSummaryUpdateDate>2014-01-25T16:14:11Z</lastSummaryUpdateDate>
          <actionDate>2013-11-20</actionDate>
          <text><![CDATA[<p>Disapproves the President's: (1) failure to &quot;take care that the laws be faithfully executed,&quot; as required by the Constitution, and (2) usurpation of the legislative power of Congress through the rewriting of key provisions of the Patient Protection and Affordable Care Act.</p> <p>Reaffirms that the preservation of the Constitution's separation of powers is essential for the protection of individual liberty and the maintenance of the rule of law.</p>]]></text>
          <name>Introduced in House</name>
          <versionCode>00</versionCode>
          <actionDesc>Introduced in House</actionDesc>
        </item>
      </billSummaries>
    </summaries>
    <title>Expressing disapproval of the failure to satisfy the constitutional duty to "take Care that the Laws be faithfully executed" and the usurpation of the legislative authority of Congress by the President of the United States.</title>
    <cboCostEstimates />
    <subjects>
      <billSubjects>
        <legislativeSubjects>
          <item>
            <name>Comprehensive health care</name>
          </item>
          <item>
            <name>Congressional-executive branch relations</name>
          </item>
          <item>
            <name>Constitution and constitutional amendments</name>
          </item>
          <item>
            <name>Health care costs and insurance</name>
          </item>
          <item>
            <name>Health care coverage and access</name>
          </item>
          <item>
            <name>Presidents and presidential powers, Vice Presidents</name>
          </item>
        </legislativeSubjects>
        <policyArea>
          <name>Government Operations and Politics</name>
        </policyArea>
      </billSubjects>
    </subjects>
    <amendments />
    <calendarNumbers />
    <congress>113</congress>
    <constitutionalAuthorityStatementText />
    <titles>
      <item>
        <parentTitleType />
        <titleType>Official Title as Introduced</titleType>
        <title>Expressing disapproval of the failure to satisfy the constitutional duty to "take Care that the Laws be faithfully executed" and the usurpation of the legislative authority of Congress by the President of the United States.</title>
        <chamberCode />
        <chamberName />
      </item>
      <item>
        <parentTitleType />
        <titleType>Display Title</titleType>
        <title>Expressing disapproval of the failure to satisfy the constitutional duty to "take Care that the Laws be faithfully executed" and the usurpation of the legislative authority of Congress by the President of the United States.</title>
        <chamberCode />
        <chamberName />
      </item>
    </titles>
    <originChamber>House</originChamber>
  </bill>
  <dublinCore xmlns:dc="http://purl.org/dc/elements/1.1/">
    <dc:format>text/xml</dc:format>
    <dc:language>EN</dc:language>
    <dc:rights>Pursuant to Title 17 Section 105 of the United States Code, this file is not subject to copyright protection and is in the public domain.</dc:rights>
    <dc:contributor>Congressional Research Service, Library of Congress</dc:contributor>
    <dc:description>This file contains bill summaries and statuses for federal legislation. A bill summary describes the most significant provisions of a piece of legislation and details the effects the legislative text may have on current law and federal programs. Bill summaries are authored by the Congressional Research Service (CRS) of the Library of Congress. As stated in Public Law 91-510 (2 USC 166 (d)(6)), one of the duties of CRS is "to prepare summaries and digests of bills and resolutions of a public general nature introduced in the Senate or House of Representatives". For more information, refer to the User Guide that accompanies this file.</dc:description>
  </dublinCore>
</billStatus>

