<?xml version="1.0" encoding="UTF-8"?>
<billStatus>
  <bill>
    <committees>
      <billCommittees>
        <item>
          <activities>
            <item>
              <date>2014-02-28T14:02:05Z</date>
              <name>Referred to</name>
            </item>
          </activities>
          <chamber>House</chamber>
          <subcommittees />
          <systemCode>hsed00</systemCode>
          <type>Standing</type>
          <name>Education and the Workforce Committee</name>
        </item>
      </billCommittees>
    </committees>
    <introducedDate>2014-02-28</introducedDate>
    <congress>113</congress>
    <laws />
    <calendarNumbers />
    <originChamber>House</originChamber>
    <constitutionalAuthorityStatementText />
    <titles>
      <item>
        <chamberName />
        <titleType>Official Title as Introduced</titleType>
        <parentTitleType />
        <title>Encouraging people in the United States to recognize March 3, 2014, as Read Across America Day.</title>
        <chamberCode />
      </item>
      <item>
        <chamberName />
        <titleType>Display Title</titleType>
        <parentTitleType />
        <title>Encouraging people in the United States to recognize March 3, 2014, as Read Across America Day.</title>
        <chamberCode />
      </item>
    </titles>
    <createDate>2014-03-01T07:01:01Z</createDate>
    <title>Encouraging people in the United States to recognize March 3, 2014, as Read Across America Day.</title>
    <cboCostEstimates />
    <summaries>
      <billSummaries>
        <item>
          <actionDate>2014-02-28</actionDate>
          <updateDate>2014-02-28T05:00:00Z</updateDate>
          <name>Introduced in House</name>
          <lastSummaryUpdateDate>2014-03-07T22:32:37Z</lastSummaryUpdateDate>
          <versionCode>00</versionCode>
          <actionDesc>Introduced in House</actionDesc>
          <text><![CDATA[<p>Honors Theodor Geisel (Dr. Seuss) for his success in encouraging children to discover the joy of reading.</p> <p>Honors the 17th anniversary of Read Across America Day.</p> <p>Encourages parents to read with their children for at least 30 minutes on Read Across America Day.</p>]]></text>
        </item>
      </billSummaries>
    </summaries>
    <recordedVotes />
    <notes />
    <policyArea>
      <name>Education</name>
    </policyArea>
    <updateDate>2016-10-25T15:55:28Z</updateDate>
    <cosponsors>
      <item>
        <identifiers>
          <lisID>1641</lisID>
          <bioguideId>D000598</bioguideId>
          <gpoId>7858</gpoId>
        </identifiers>
        <isOriginalCosponsor>True</isOriginalCosponsor>
        <firstName>SUSAN</firstName>
        <sponsorshipWithdrawnDate />
        <sponsorshipDate>2014-02-28</sponsorshipDate>
        <party>D</party>
        <district>53</district>
        <fullName>Rep. Davis, Susan A. [D-CA-53]</fullName>
        <state>CA</state>
        <bioguideId>D000598</bioguideId>
        <lastName>DAVIS</lastName>
        <middleName>A.</middleName>
      </item>
    </cosponsors>
    <billNumber>495</billNumber>
    <subjects>
      <billSubjects>
        <legislativeSubjects>
          <item>
            <name>Art, artists, authorship</name>
          </item>
          <item>
            <name>Books and print media</name>
          </item>
          <item>
            <name>Commemorative events and holidays</name>
          </item>
          <item>
            <name>Congressional tributes</name>
          </item>
          <item>
            <name>Elementary and secondary education</name>
          </item>
          <item>
            <name>Language arts</name>
          </item>
        </legislativeSubjects>
        <policyArea>
          <name>Education</name>
        </policyArea>
      </billSubjects>
    </subjects>
    <latestAction>
      <text>Referred to the House Committee on Education and the Workforce.</text>
      <links />
      <actionDate>2014-02-28</actionDate>
    </latestAction>
    <amendments />
    <actions>
      <actionByCounts>
        <houseOfRepresentatives>3</houseOfRepresentatives>
      </actionByCounts>
      <item>
        <actionCode>H11100</actionCode>
        <links />
        <type>IntroReferral</type>
        <actionDate>2014-02-28</actionDate>
        <committee>
          <name>Education and the Workforce Committee</name>
          <systemCode>hsed00</systemCode>
        </committee>
        <text>Referred to the House Committee on Education and the Workforce.</text>
        <sourceSystem>
          <name>House floor actions</name>
          <code>2</code>
        </sourceSystem>
      </item>
      <item>
        <actionCode>Intro-H</actionCode>
        <links />
        <type>IntroReferral</type>
        <actionDate>2014-02-28</actionDate>
        <committee />
        <text>Introduced in House</text>
        <sourceSystem>
          <name>Library of Congress</name>
          <code>9</code>
        </sourceSystem>
      </item>
      <item>
        <actionCode>1000</actionCode>
        <links />
        <type>IntroReferral</type>
        <actionDate>2014-02-28</actionDate>
        <committee />
        <text>Introduced in House</text>
        <sourceSystem>
          <name>Library of Congress</name>
          <code>9</code>
        </sourceSystem>
      </item>
      <actionTypeCounts>
        <introducedInTheHouse>1</introducedInTheHouse>
        <billReferrals>1</billReferrals>
        <introducedInHouse>1</introducedInHouse>
      </actionTypeCounts>
    </actions>
    <committeeReports />
    <sponsors>
      <item>
        <middleName />
        <district>13</district>
        <fullName>Rep. Davis, Rodney [R-IL-13]</fullName>
        <bioguideId>D000619</bioguideId>
        <firstName>Rodney</firstName>
        <byRequestType />
        <state>IL</state>
        <lastName>Davis</lastName>
        <identifiers>
          <bioguideId>D000619</bioguideId>
          <lisID>2126</lisID>
          <gpoId />
        </identifiers>
        <party>R</party>
      </item>
    </sponsors>
    <relatedBills>
      <item>
        <relationshipDetails>
          <item>
            <identifiedBy>CRS</identifiedBy>
            <type>Related bill</type>
          </item>
        </relationshipDetails>
        <latestAction>
          <actionDate>2013-02-28</actionDate>
          <text>Referred to the House Committee on Education and the Workforce.</text>
        </latestAction>
        <latestTitle>Encouraging people in the United States to recognize March 1, 2013, as Read Across America Day.</latestTitle>
        <congress>113</congress>
        <number>92</number>
        <type>HRES</type>
      </item>
      <item>
        <relationshipDetails>
          <item>
            <identifiedBy>CRS</identifiedBy>
            <type>Related bill</type>
          </item>
        </relationshipDetails>
        <latestAction>
          <actionDate>2013-02-27</actionDate>
          <text>Submitted in the Senate, considered, and agreed to without amendment and with a preamble by Unanimous Consent. (consideration: CR S957; text as passed Senate: CR S947)</text>
        </latestAction>
        <latestTitle>A resolution designating March 1, 2013, as "Read Across America Day".</latestTitle>
        <congress>113</congress>
        <number>61</number>
        <type>SRES</type>
      </item>
    </relatedBills>
    <billType>HRES</billType>
  </bill>
  <dublinCore xmlns:dc="http://purl.org/dc/elements/1.1/">
    <dc:format>text/xml</dc:format>
    <dc:language>EN</dc:language>
    <dc:rights>Pursuant to Title 17 Section 105 of the United States Code, this file is not subject to copyright protection and is in the public domain.</dc:rights>
    <dc:contributor>Congressional Research Service, Library of Congress</dc:contributor>
    <dc:description>This file contains bill summaries and statuses for federal legislation. A bill summary describes the most significant provisions of a piece of legislation and details the effects the legislative text may have on current law and federal programs. Bill summaries are authored by the Congressional Research Service (CRS) of the Library of Congress. As stated in Public Law 91-510 (2 USC 166 (d)(6)), one of the duties of CRS is "to prepare summaries and digests of bills and resolutions of a public general nature introduced in the Senate or House of Representatives". For more information, refer to the User Guide that accompanies this file.</dc:description>
  </dublinCore>
</billStatus>

