<?xml version="1.0" encoding="UTF-8"?>
<billStatus>
  <bill>
    <title>Supporting the goals and ideals of National Women's History Month.</title>
    <updateDate>2016-10-25T15:55:32Z</updateDate>
    <relatedBills />
    <introducedDate>2014-03-26</introducedDate>
    <originChamber>House</originChamber>
    <cboCostEstimates />
    <policyArea>
      <name>Education</name>
    </policyArea>
    <congress>113</congress>
    <billNumber>525</billNumber>
    <billType>HRES</billType>
    <amendments />
    <recordedVotes />
    <committees>
      <billCommittees>
        <item>
          <chamber>House</chamber>
          <type>Standing</type>
          <systemCode>hsgo00</systemCode>
          <subcommittees />
          <name>Oversight and Government Reform Committee</name>
          <activities>
            <item>
              <date>2014-03-26T14:02:50Z</date>
              <name>Referred to</name>
            </item>
          </activities>
        </item>
      </billCommittees>
    </committees>
    <laws />
    <subjects>
      <billSubjects>
        <legislativeSubjects>
          <item>
            <name>Commemorative events and holidays</name>
          </item>
          <item>
            <name>Congressional tributes</name>
          </item>
          <item>
            <name>Elementary and secondary education</name>
          </item>
          <item>
            <name>Higher education</name>
          </item>
          <item>
            <name>U.S. history</name>
          </item>
          <item>
            <name>Women's rights</name>
          </item>
        </legislativeSubjects>
        <policyArea>
          <name>Education</name>
        </policyArea>
      </billSubjects>
    </subjects>
    <notes />
    <committeeReports />
    <actions>
      <actionTypeCounts>
        <introducedInHouse>1</introducedInHouse>
        <billReferrals>1</billReferrals>
        <introducedInTheHouse>1</introducedInTheHouse>
      </actionTypeCounts>
      <item>
        <text>Referred to the House Committee on Oversight and Government Reform.</text>
        <links />
        <actionCode>H11100</actionCode>
        <type>IntroReferral</type>
        <committee>
          <systemCode>hsgo00</systemCode>
          <name>Oversight and Government Reform Committee</name>
        </committee>
        <actionDate>2014-03-26</actionDate>
        <sourceSystem>
          <name>House floor actions</name>
          <code>2</code>
        </sourceSystem>
      </item>
      <item>
        <text>Introduced in House</text>
        <links />
        <actionCode>Intro-H</actionCode>
        <type>IntroReferral</type>
        <committee />
        <actionDate>2014-03-26</actionDate>
        <sourceSystem>
          <name>Library of Congress</name>
          <code>9</code>
        </sourceSystem>
      </item>
      <item>
        <text>Introduced in House</text>
        <links />
        <actionCode>1000</actionCode>
        <type>IntroReferral</type>
        <committee />
        <actionDate>2014-03-26</actionDate>
        <sourceSystem>
          <name>Library of Congress</name>
          <code>9</code>
        </sourceSystem>
      </item>
      <actionByCounts>
        <houseOfRepresentatives>3</houseOfRepresentatives>
      </actionByCounts>
    </actions>
    <calendarNumbers />
    <latestAction>
      <links />
      <actionDate>2014-03-26</actionDate>
      <text>Referred to the House Committee on Oversight and Government Reform.</text>
    </latestAction>
    <titles>
      <item>
        <parentTitleType />
        <titleType>Official Title as Introduced</titleType>
        <title>Supporting the goals and ideals of National Women's History Month.</title>
        <chamberCode />
        <chamberName />
      </item>
      <item>
        <parentTitleType />
        <titleType>Display Title</titleType>
        <title>Supporting the goals and ideals of National Women's History Month.</title>
        <chamberCode />
        <chamberName />
      </item>
    </titles>
    <summaries>
      <billSummaries>
        <item>
          <actionDate>2014-03-26</actionDate>
          <updateDate>2014-03-26T04:00:00Z</updateDate>
          <name>Introduced in House</name>
          <lastSummaryUpdateDate>2014-05-02T19:23:58Z</lastSummaryUpdateDate>
          <versionCode>00</versionCode>
          <actionDesc>Introduced in House</actionDesc>
          <text><![CDATA[<p>Expresses support for the goals and ideals of National Women's History Month.</p> <p>Recognizes and honors the women and organizations in the United States that have fought for and continue to promote the teaching of women's history.</p>]]></text>
        </item>
      </billSummaries>
    </summaries>
    <constitutionalAuthorityStatementText />
    <createDate>2014-03-27T07:22:38Z</createDate>
    <sponsors>
      <item>
        <state>CA</state>
        <fullName>Rep. Thompson, Mike [D-CA-5]</fullName>
        <middleName />
        <identifiers>
          <bioguideId>T000460</bioguideId>
          <lisID>1593</lisID>
          <gpoId>7806</gpoId>
        </identifiers>
        <firstName>MIKE</firstName>
        <lastName>THOMPSON</lastName>
        <bioguideId>T000460</bioguideId>
        <district>5</district>
        <byRequestType />
        <party>D</party>
      </item>
    </sponsors>
    <cosponsors>
      <item>
        <fullName>Rep. Clarke, Yvette D. [D-NY-9]</fullName>
        <lastName>Clarke</lastName>
        <state>NY</state>
        <identifiers>
          <bioguideId>C001067</bioguideId>
          <lisID>1864</lisID>
          <gpoId>8072</gpoId>
        </identifiers>
        <bioguideId>C001067</bioguideId>
        <sponsorshipDate>2014-03-26</sponsorshipDate>
        <middleName>D.</middleName>
        <isOriginalCosponsor>True</isOriginalCosponsor>
        <party>D</party>
        <firstName>Yvette</firstName>
        <district>9</district>
        <sponsorshipWithdrawnDate />
      </item>
      <item>
        <fullName>Rep. Jackson Lee, Sheila [D-TX-18]</fullName>
        <lastName>JACKSON LEE</lastName>
        <state>TX</state>
        <identifiers>
          <gpoId>8174</gpoId>
          <lisID>588</lisID>
          <bioguideId>J000032</bioguideId>
        </identifiers>
        <bioguideId>J000032</bioguideId>
        <sponsorshipDate>2014-03-26</sponsorshipDate>
        <middleName />
        <isOriginalCosponsor>True</isOriginalCosponsor>
        <party>D</party>
        <firstName>SHEILA</firstName>
        <district>18</district>
        <sponsorshipWithdrawnDate />
      </item>
      <item>
        <fullName>Rep. Lee, Barbara [D-CA-13]</fullName>
        <lastName>LEE</lastName>
        <state>CA</state>
        <identifiers>
          <bioguideId>L000551</bioguideId>
          <gpoId>7814</gpoId>
          <lisID>1501</lisID>
        </identifiers>
        <bioguideId>L000551</bioguideId>
        <sponsorshipDate>2014-03-26</sponsorshipDate>
        <middleName />
        <isOriginalCosponsor>True</isOriginalCosponsor>
        <party>D</party>
        <firstName>BARBARA</firstName>
        <district>13</district>
        <sponsorshipWithdrawnDate />
      </item>
      <item>
        <fullName>Rep. Lewis, John [D-GA-5]</fullName>
        <lastName>LEWIS</lastName>
        <state>GA</state>
        <identifiers>
          <bioguideId>L000287</bioguideId>
          <lisID>688</lisID>
          <gpoId>7902</gpoId>
        </identifiers>
        <bioguideId>L000287</bioguideId>
        <sponsorshipDate>2014-03-26</sponsorshipDate>
        <middleName />
        <isOriginalCosponsor>True</isOriginalCosponsor>
        <party>D</party>
        <firstName>JOHN</firstName>
        <district>5</district>
        <sponsorshipWithdrawnDate />
      </item>
      <item>
        <fullName>Rep. Smith, Adam [D-WA-9]</fullName>
        <lastName>SMITH</lastName>
        <state>WA</state>
        <identifiers>
          <lisID>1528</lisID>
          <gpoId>8213</gpoId>
          <bioguideId>S000510</bioguideId>
        </identifiers>
        <bioguideId>S000510</bioguideId>
        <sponsorshipDate>2014-03-26</sponsorshipDate>
        <middleName />
        <isOriginalCosponsor>True</isOriginalCosponsor>
        <party>D</party>
        <firstName>ADAM</firstName>
        <district>9</district>
        <sponsorshipWithdrawnDate />
      </item>
      <item>
        <fullName>Rep. Speier, Jackie [D-CA-14]</fullName>
        <lastName>Speier</lastName>
        <state>CA</state>
        <identifiers>
          <lisID>1890</lisID>
          <gpoId>7817</gpoId>
          <bioguideId>S001175</bioguideId>
        </identifiers>
        <bioguideId>S001175</bioguideId>
        <sponsorshipDate>2014-03-26</sponsorshipDate>
        <middleName />
        <isOriginalCosponsor>True</isOriginalCosponsor>
        <party>D</party>
        <firstName>Jackie</firstName>
        <district>14</district>
        <sponsorshipWithdrawnDate />
      </item>
      <item>
        <fullName>Rep. Schiff, Adam B. [D-CA-28]</fullName>
        <lastName>SCHIFF</lastName>
        <state>CA</state>
        <identifiers>
          <bioguideId>S001150</bioguideId>
          <gpoId>7834</gpoId>
          <lisID>1635</lisID>
        </identifiers>
        <bioguideId>S001150</bioguideId>
        <sponsorshipDate>2014-03-26</sponsorshipDate>
        <middleName>B.</middleName>
        <isOriginalCosponsor>True</isOriginalCosponsor>
        <party>D</party>
        <firstName>ADAM</firstName>
        <district>28</district>
        <sponsorshipWithdrawnDate />
      </item>
      <item>
        <fullName>Rep. Clark, Katherine M. [D-MA-5]</fullName>
        <lastName>Clark</lastName>
        <state>MA</state>
        <identifiers>
          <lisID>2196</lisID>
          <gpoId />
          <bioguideId>C001101</bioguideId>
        </identifiers>
        <bioguideId>C001101</bioguideId>
        <sponsorshipDate>2014-03-26</sponsorshipDate>
        <middleName>M.</middleName>
        <isOriginalCosponsor>True</isOriginalCosponsor>
        <party>D</party>
        <firstName>Katherine</firstName>
        <district>5</district>
        <sponsorshipWithdrawnDate />
      </item>
      <item>
        <fullName>Rep. Hinojosa, Ruben [D-TX-15]</fullName>
        <lastName>HINOJOSA</lastName>
        <state>TX</state>
        <identifiers>
          <lisID>1490</lisID>
          <gpoId>8171</gpoId>
          <bioguideId>H000636</bioguideId>
        </identifiers>
        <bioguideId>H000636</bioguideId>
        <sponsorshipDate>2014-03-26</sponsorshipDate>
        <middleName />
        <isOriginalCosponsor>True</isOriginalCosponsor>
        <party>D</party>
        <firstName>RUBEN</firstName>
        <district>15</district>
        <sponsorshipWithdrawnDate />
      </item>
      <item>
        <fullName>Rep. Capito, Shelley Moore [R-WV-2]</fullName>
        <lastName>CAPITO</lastName>
        <state>WV</state>
        <identifiers>
          <lisID>1676</lisID>
          <gpoId>8223</gpoId>
          <bioguideId>C001047</bioguideId>
        </identifiers>
        <bioguideId>C001047</bioguideId>
        <sponsorshipDate>2014-03-26</sponsorshipDate>
        <middleName>MOORE</middleName>
        <isOriginalCosponsor>True</isOriginalCosponsor>
        <party>R</party>
        <firstName>SHELLEY</firstName>
        <district>2</district>
        <sponsorshipWithdrawnDate />
      </item>
      <item>
        <fullName>Rep. Poe, Ted [R-TX-2]</fullName>
        <lastName>Poe</lastName>
        <state>TX</state>
        <identifiers>
          <lisID>1802</lisID>
          <gpoId>8158</gpoId>
          <bioguideId>P000592</bioguideId>
        </identifiers>
        <bioguideId>P000592</bioguideId>
        <sponsorshipDate>2014-03-26</sponsorshipDate>
        <middleName />
        <isOriginalCosponsor>True</isOriginalCosponsor>
        <party>R</party>
        <firstName>Ted</firstName>
        <district>2</district>
        <sponsorshipWithdrawnDate />
      </item>
      <item>
        <fullName>Rep. Eshoo, Anna G. [D-CA-18]</fullName>
        <lastName>ESHOO</lastName>
        <state>CA</state>
        <identifiers>
          <lisID>355</lisID>
          <bioguideId>E000215</bioguideId>
          <gpoId>7819</gpoId>
        </identifiers>
        <bioguideId>E000215</bioguideId>
        <sponsorshipDate>2014-03-26</sponsorshipDate>
        <middleName>G.</middleName>
        <isOriginalCosponsor>True</isOriginalCosponsor>
        <party>D</party>
        <firstName>ANNA</firstName>
        <district>18</district>
        <sponsorshipWithdrawnDate />
      </item>
      <item>
        <fullName>Rep. Sanchez, Loretta [D-CA-46]</fullName>
        <lastName>SANCHEZ</lastName>
        <state>CA</state>
        <identifiers>
          <bioguideId>S000030</bioguideId>
          <lisID>1522</lisID>
          <gpoId>7852</gpoId>
        </identifiers>
        <bioguideId>S000030</bioguideId>
        <sponsorshipDate>2014-03-26</sponsorshipDate>
        <middleName />
        <isOriginalCosponsor>True</isOriginalCosponsor>
        <party>D</party>
        <firstName>LORETTA</firstName>
        <district>46</district>
        <sponsorshipWithdrawnDate />
      </item>
      <item>
        <fullName>Rep. Moore, Gwen [D-WI-4]</fullName>
        <lastName>Moore</lastName>
        <state>WI</state>
        <identifiers>
          <lisID>1811</lisID>
          <gpoId>8217</gpoId>
          <bioguideId>M001160</bioguideId>
        </identifiers>
        <bioguideId>M001160</bioguideId>
        <sponsorshipDate>2014-03-26</sponsorshipDate>
        <middleName />
        <isOriginalCosponsor>True</isOriginalCosponsor>
        <party>D</party>
        <firstName>Gwen</firstName>
        <district>4</district>
        <sponsorshipWithdrawnDate />
      </item>
      <item>
        <fullName>Rep. Granger, Kay [R-TX-12]</fullName>
        <lastName>GRANGER</lastName>
        <state>TX</state>
        <identifiers>
          <gpoId>8168</gpoId>
          <lisID>1487</lisID>
          <bioguideId>G000377</bioguideId>
        </identifiers>
        <bioguideId>G000377</bioguideId>
        <sponsorshipDate>2014-03-26</sponsorshipDate>
        <middleName />
        <isOriginalCosponsor>True</isOriginalCosponsor>
        <party>R</party>
        <firstName>KAY</firstName>
        <district>12</district>
        <sponsorshipWithdrawnDate />
      </item>
      <item>
        <fullName>Rep. Edwards, Donna F. [D-MD-4]</fullName>
        <lastName>Edwards</lastName>
        <state>MD</state>
        <identifiers>
          <gpoId>7979</gpoId>
          <lisID>1894</lisID>
          <bioguideId>E000290</bioguideId>
        </identifiers>
        <bioguideId>E000290</bioguideId>
        <sponsorshipDate>2014-03-26</sponsorshipDate>
        <middleName>F.</middleName>
        <isOriginalCosponsor>True</isOriginalCosponsor>
        <party>D</party>
        <firstName>Donna</firstName>
        <district>4</district>
        <sponsorshipWithdrawnDate />
      </item>
      <item>
        <fullName>Rep. McMorris Rodgers, Cathy [R-WA-5]</fullName>
        <lastName>McMorris Rodgers</lastName>
        <state>WA</state>
        <identifiers>
          <gpoId>8209</gpoId>
          <lisID>1809</lisID>
          <bioguideId>M001159</bioguideId>
        </identifiers>
        <bioguideId>M001159</bioguideId>
        <sponsorshipDate>2014-03-26</sponsorshipDate>
        <middleName />
        <isOriginalCosponsor>True</isOriginalCosponsor>
        <party>R</party>
        <firstName>Cathy</firstName>
        <district>5</district>
        <sponsorshipWithdrawnDate />
      </item>
      <item>
        <fullName>Rep. Bass, Karen [D-CA-37]</fullName>
        <lastName>Bass</lastName>
        <state>CA</state>
        <identifiers>
          <gpoId>7838</gpoId>
          <lisID>1996</lisID>
          <bioguideId>B001270</bioguideId>
        </identifiers>
        <bioguideId>B001270</bioguideId>
        <sponsorshipDate>2014-03-26</sponsorshipDate>
        <middleName />
        <isOriginalCosponsor>True</isOriginalCosponsor>
        <party>D</party>
        <firstName>Karen</firstName>
        <district>37</district>
        <sponsorshipWithdrawnDate />
      </item>
      <item>
        <fullName>Rep. Slaughter, Louise McIntosh [D-NY-25]</fullName>
        <lastName>SLAUGHTER</lastName>
        <state>NY</state>
        <identifiers>
          <lisID>1069</lisID>
          <gpoId>8089</gpoId>
          <bioguideId>S000480</bioguideId>
        </identifiers>
        <bioguideId>S000480</bioguideId>
        <sponsorshipDate>2014-03-26</sponsorshipDate>
        <middleName>M.</middleName>
        <isOriginalCosponsor>True</isOriginalCosponsor>
        <party>D</party>
        <firstName>LOUISE</firstName>
        <district>25</district>
        <sponsorshipWithdrawnDate />
      </item>
      <item>
        <fullName>Rep. Garamendi, John [D-CA-3]</fullName>
        <lastName>Garamendi</lastName>
        <state>CA</state>
        <identifiers>
          <gpoId>7815</gpoId>
          <lisID>1973</lisID>
          <bioguideId>G000559</bioguideId>
        </identifiers>
        <bioguideId>G000559</bioguideId>
        <sponsorshipDate>2014-03-26</sponsorshipDate>
        <middleName />
        <isOriginalCosponsor>True</isOriginalCosponsor>
        <party>D</party>
        <firstName>John</firstName>
        <district>3</district>
        <sponsorshipWithdrawnDate />
      </item>
      <item>
        <fullName>Rep. Matsui, Doris O. [D-CA-6]</fullName>
        <lastName>Matsui</lastName>
        <state>CA</state>
        <identifiers>
          <lisID>1814</lisID>
          <bioguideId>M001163</bioguideId>
          <gpoId>7810</gpoId>
        </identifiers>
        <bioguideId>M001163</bioguideId>
        <sponsorshipDate>2014-03-26</sponsorshipDate>
        <middleName>O.</middleName>
        <isOriginalCosponsor>True</isOriginalCosponsor>
        <party>D</party>
        <firstName>Doris</firstName>
        <district>6</district>
        <sponsorshipWithdrawnDate />
      </item>
      <item>
        <fullName>Rep. Swalwell, Eric [D-CA-15]</fullName>
        <lastName>Swalwell</lastName>
        <state>CA</state>
        <identifiers>
          <bioguideId>S001193</bioguideId>
          <lisID>2104</lisID>
          <gpoId />
        </identifiers>
        <bioguideId>S001193</bioguideId>
        <sponsorshipDate>2014-03-26</sponsorshipDate>
        <middleName />
        <isOriginalCosponsor>True</isOriginalCosponsor>
        <party>D</party>
        <firstName>Eric</firstName>
        <district>15</district>
        <sponsorshipWithdrawnDate />
      </item>
      <item>
        <fullName>Rep. Huffman, Jared [D-CA-2]</fullName>
        <lastName>Huffman</lastName>
        <state>CA</state>
        <identifiers>
          <lisID>2101</lisID>
          <gpoId />
          <bioguideId>H001068</bioguideId>
        </identifiers>
        <bioguideId>H001068</bioguideId>
        <sponsorshipDate>2014-03-26</sponsorshipDate>
        <middleName />
        <isOriginalCosponsor>True</isOriginalCosponsor>
        <party>D</party>
        <firstName>Jared</firstName>
        <district>2</district>
        <sponsorshipWithdrawnDate />
      </item>
      <item>
        <fullName>Rep. Loebsack, David [D-IA-2]</fullName>
        <lastName>Loebsack</lastName>
        <state>IA</state>
        <identifiers>
          <bioguideId>L000565</bioguideId>
          <gpoId>7915</gpoId>
          <lisID>1846</lisID>
        </identifiers>
        <bioguideId>L000565</bioguideId>
        <sponsorshipDate>2014-03-26</sponsorshipDate>
        <middleName />
        <isOriginalCosponsor>True</isOriginalCosponsor>
        <party>D</party>
        <firstName>David</firstName>
        <district>2</district>
        <sponsorshipWithdrawnDate />
      </item>
      <item>
        <fullName>Rep. Nunes, Devin [R-CA-22]</fullName>
        <lastName>Nunes</lastName>
        <state>CA</state>
        <identifiers>
          <bioguideId>N000181</bioguideId>
          <lisID>1710</lisID>
          <gpoId>7826</gpoId>
        </identifiers>
        <bioguideId>N000181</bioguideId>
        <sponsorshipDate>2014-03-26</sponsorshipDate>
        <middleName />
        <isOriginalCosponsor>True</isOriginalCosponsor>
        <party>R</party>
        <firstName>Devin</firstName>
        <district>22</district>
        <sponsorshipWithdrawnDate />
      </item>
      <item>
        <fullName>Rep. Rangel, Charles B. [D-NY-13]</fullName>
        <lastName>RANGEL</lastName>
        <state>NY</state>
        <identifiers>
          <lisID>944</lisID>
          <gpoId>8076</gpoId>
          <bioguideId>R000053</bioguideId>
        </identifiers>
        <bioguideId>R000053</bioguideId>
        <sponsorshipDate>2014-03-26</sponsorshipDate>
        <middleName>B.</middleName>
        <isOriginalCosponsor>True</isOriginalCosponsor>
        <party>D</party>
        <firstName>CHARLES</firstName>
        <district>13</district>
        <sponsorshipWithdrawnDate />
      </item>
      <item>
        <fullName>Rep. DeLauro, Rosa L. [D-CT-3]</fullName>
        <lastName>DELAURO</lastName>
        <state>CT</state>
        <identifiers>
          <bioguideId>D000216</bioguideId>
          <gpoId>7868</gpoId>
          <lisID>281</lisID>
        </identifiers>
        <bioguideId>D000216</bioguideId>
        <sponsorshipDate>2014-03-26</sponsorshipDate>
        <middleName />
        <isOriginalCosponsor>True</isOriginalCosponsor>
        <party>D</party>
        <firstName>ROSA</firstName>
        <district>3</district>
        <sponsorshipWithdrawnDate />
      </item>
      <item>
        <fullName>Rep. McCollum, Betty [D-MN-4]</fullName>
        <lastName>MCCOLLUM</lastName>
        <state>MN</state>
        <identifiers>
          <lisID>1653</lisID>
          <gpoId>8004</gpoId>
          <bioguideId>M001143</bioguideId>
        </identifiers>
        <bioguideId>M001143</bioguideId>
        <sponsorshipDate>2014-04-02</sponsorshipDate>
        <middleName />
        <isOriginalCosponsor>False</isOriginalCosponsor>
        <party>D</party>
        <firstName>BETTY</firstName>
        <district>4</district>
        <sponsorshipWithdrawnDate />
      </item>
      <item>
        <fullName>Rep. Ellison, Keith [D-MN-5]</fullName>
        <lastName>Ellison</lastName>
        <state>MN</state>
        <identifiers>
          <lisID>1857</lisID>
          <gpoId>8005</gpoId>
          <bioguideId>E000288</bioguideId>
        </identifiers>
        <bioguideId>E000288</bioguideId>
        <sponsorshipDate>2014-04-02</sponsorshipDate>
        <middleName />
        <isOriginalCosponsor>False</isOriginalCosponsor>
        <party>D</party>
        <firstName>Keith</firstName>
        <district>5</district>
        <sponsorshipWithdrawnDate />
      </item>
      <item>
        <fullName>Rep. Honda, Michael M. [D-CA-17]</fullName>
        <lastName>HONDA</lastName>
        <state>CA</state>
        <identifiers>
          <bioguideId>H001034</bioguideId>
          <lisID>1634</lisID>
          <gpoId>7820</gpoId>
        </identifiers>
        <bioguideId>H001034</bioguideId>
        <sponsorshipDate>2014-04-02</sponsorshipDate>
        <middleName>M.</middleName>
        <isOriginalCosponsor>False</isOriginalCosponsor>
        <party>D</party>
        <firstName>MICHAEL</firstName>
        <district>17</district>
        <sponsorshipWithdrawnDate />
      </item>
      <item>
        <fullName>Rep. Negrete McLeod, Gloria [D-CA-35]</fullName>
        <lastName>Negrete McLeod</lastName>
        <state>CA</state>
        <identifiers>
          <lisID>2108</lisID>
          <gpoId />
          <bioguideId>N000187</bioguideId>
        </identifiers>
        <bioguideId>N000187</bioguideId>
        <sponsorshipDate>2014-04-02</sponsorshipDate>
        <middleName />
        <isOriginalCosponsor>False</isOriginalCosponsor>
        <party>D</party>
        <firstName>Gloria</firstName>
        <district>35</district>
        <sponsorshipWithdrawnDate />
      </item>
      <item>
        <fullName>Rep. Bordallo, Madeleine Z. [D-GU-At Large]</fullName>
        <lastName>Bordallo</lastName>
        <state>GU</state>
        <identifiers>
          <lisID>1723</lisID>
          <bioguideId>B001245</bioguideId>
          <gpoId>7911</gpoId>
        </identifiers>
        <bioguideId>B001245</bioguideId>
        <sponsorshipDate>2014-04-02</sponsorshipDate>
        <middleName>Z.</middleName>
        <isOriginalCosponsor>False</isOriginalCosponsor>
        <party>D</party>
        <firstName>Madeleine</firstName>
        <district>0</district>
        <sponsorshipWithdrawnDate />
      </item>
      <item>
        <fullName>Rep. Conyers, John, Jr. [D-MI-13]</fullName>
        <lastName>CONYERS</lastName>
        <state>MI</state>
        <identifiers>
          <lisID>229</lisID>
          <bioguideId>C000714</bioguideId>
          <gpoId>7999</gpoId>
        </identifiers>
        <bioguideId>C000714</bioguideId>
        <sponsorshipDate>2014-04-02</sponsorshipDate>
        <middleName />
        <isOriginalCosponsor>False</isOriginalCosponsor>
        <party>D</party>
        <firstName>JOHN</firstName>
        <district>13</district>
        <sponsorshipWithdrawnDate />
      </item>
      <item>
        <fullName>Rep. Costa, Jim [D-CA-16]</fullName>
        <lastName>Costa</lastName>
        <state>CA</state>
        <identifiers>
          <bioguideId>C001059</bioguideId>
          <lisID>1774</lisID>
          <gpoId>7825</gpoId>
        </identifiers>
        <bioguideId>C001059</bioguideId>
        <sponsorshipDate>2014-04-04</sponsorshipDate>
        <middleName />
        <isOriginalCosponsor>False</isOriginalCosponsor>
        <party>D</party>
        <firstName>Jim</firstName>
        <district>16</district>
        <sponsorshipWithdrawnDate />
      </item>
      <item>
        <fullName>Rep. Maloney, Carolyn B. [D-NY-12]</fullName>
        <lastName>MALONEY</lastName>
        <state>NY</state>
        <identifiers>
          <gpoId>8075</gpoId>
          <lisID>729</lisID>
          <bioguideId>M000087</bioguideId>
        </identifiers>
        <bioguideId>M000087</bioguideId>
        <sponsorshipDate>2014-04-04</sponsorshipDate>
        <middleName>B.</middleName>
        <isOriginalCosponsor>False</isOriginalCosponsor>
        <party>D</party>
        <firstName>CAROLYN</firstName>
        <district>12</district>
        <sponsorshipWithdrawnDate />
      </item>
      <item>
        <fullName>Rep. Grijalva, Raul M. [D-AZ-3]</fullName>
        <lastName>Grijalva</lastName>
        <state>AZ</state>
        <identifiers>
          <lisID>1708</lisID>
          <bioguideId>G000551</bioguideId>
          <gpoId>7804</gpoId>
        </identifiers>
        <bioguideId>G000551</bioguideId>
        <sponsorshipDate>2014-04-04</sponsorshipDate>
        <middleName>M.</middleName>
        <isOriginalCosponsor>False</isOriginalCosponsor>
        <party>D</party>
        <firstName>Raul</firstName>
        <district>3</district>
        <sponsorshipWithdrawnDate />
      </item>
      <item>
        <fullName>Rep. Napolitano, Grace F. [D-CA-32]</fullName>
        <lastName>NAPOLITANO</lastName>
        <state>CA</state>
        <identifiers>
          <lisID>1602</lisID>
          <gpoId>7843</gpoId>
          <bioguideId>N000179</bioguideId>
        </identifiers>
        <bioguideId>N000179</bioguideId>
        <sponsorshipDate>2014-04-08</sponsorshipDate>
        <middleName>F.</middleName>
        <isOriginalCosponsor>False</isOriginalCosponsor>
        <party>D</party>
        <firstName>GRACE</firstName>
        <district>32</district>
        <sponsorshipWithdrawnDate />
      </item>
      <item>
        <fullName>Rep. Vargas, Juan [D-CA-51]</fullName>
        <lastName>Vargas</lastName>
        <state>CA</state>
        <identifiers>
          <gpoId />
          <lisID>2112</lisID>
          <bioguideId>V000130</bioguideId>
        </identifiers>
        <bioguideId>V000130</bioguideId>
        <sponsorshipDate>2014-04-08</sponsorshipDate>
        <middleName />
        <isOriginalCosponsor>False</isOriginalCosponsor>
        <party>D</party>
        <firstName>Juan</firstName>
        <district>51</district>
        <sponsorshipWithdrawnDate />
      </item>
      <item>
        <fullName>Rep. Miller, George [D-CA-11]</fullName>
        <lastName>MILLER</lastName>
        <state>CA</state>
        <identifiers>
          <bioguideId>M000725</bioguideId>
          <gpoId>7812</gpoId>
          <lisID>808</lisID>
        </identifiers>
        <bioguideId>M000725</bioguideId>
        <sponsorshipDate>2014-04-08</sponsorshipDate>
        <middleName />
        <isOriginalCosponsor>False</isOriginalCosponsor>
        <party>D</party>
        <firstName>GEORGE</firstName>
        <district>11</district>
        <sponsorshipWithdrawnDate />
      </item>
      <item>
        <fullName>Rep. Farr, Sam [D-CA-20]</fullName>
        <lastName>FARR</lastName>
        <state>CA</state>
        <identifiers>
          <lisID>368</lisID>
          <gpoId>7822</gpoId>
          <bioguideId>F000030</bioguideId>
        </identifiers>
        <bioguideId>F000030</bioguideId>
        <sponsorshipDate>2014-04-09</sponsorshipDate>
        <middleName />
        <isOriginalCosponsor>False</isOriginalCosponsor>
        <party>D</party>
        <firstName>SAM</firstName>
        <district>20</district>
        <sponsorshipWithdrawnDate />
      </item>
      <item>
        <fullName>Rep. Pocan, Mark [D-WI-2]</fullName>
        <lastName>Pocan</lastName>
        <state>WI</state>
        <identifiers>
          <bioguideId>P000607</bioguideId>
          <lisID>2171</lisID>
          <gpoId />
        </identifiers>
        <bioguideId>P000607</bioguideId>
        <sponsorshipDate>2014-04-09</sponsorshipDate>
        <middleName />
        <isOriginalCosponsor>False</isOriginalCosponsor>
        <party>D</party>
        <firstName>Mark</firstName>
        <district>2</district>
        <sponsorshipWithdrawnDate />
      </item>
      <item>
        <fullName>Rep. Larsen, Rick [D-WA-2]</fullName>
        <lastName>LARSEN</lastName>
        <state>WA</state>
        <identifiers>
          <lisID>1675</lisID>
          <gpoId>8206</gpoId>
          <bioguideId>L000560</bioguideId>
        </identifiers>
        <bioguideId>L000560</bioguideId>
        <sponsorshipDate>2014-04-09</sponsorshipDate>
        <middleName />
        <isOriginalCosponsor>False</isOriginalCosponsor>
        <party>D</party>
        <firstName>RICK</firstName>
        <district>2</district>
        <sponsorshipWithdrawnDate />
      </item>
      <item>
        <fullName>Rep. Farenthold, Blake [R-TX-27]</fullName>
        <lastName>Farenthold</lastName>
        <state>TX</state>
        <identifiers>
          <lisID>2067</lisID>
          <gpoId>8183</gpoId>
          <bioguideId>F000460</bioguideId>
        </identifiers>
        <bioguideId>F000460</bioguideId>
        <sponsorshipDate>2014-04-09</sponsorshipDate>
        <middleName />
        <isOriginalCosponsor>False</isOriginalCosponsor>
        <party>R</party>
        <firstName>Blake</firstName>
        <district>27</district>
        <sponsorshipWithdrawnDate />
      </item>
      <item>
        <fullName>Rep. Lowenthal, Alan S. [D-CA-47]</fullName>
        <lastName>Lowenthal</lastName>
        <state>CA</state>
        <identifiers>
          <lisID>2111</lisID>
          <gpoId />
          <bioguideId>L000579</bioguideId>
        </identifiers>
        <bioguideId>L000579</bioguideId>
        <sponsorshipDate>2014-04-09</sponsorshipDate>
        <middleName>S.</middleName>
        <isOriginalCosponsor>False</isOriginalCosponsor>
        <party>D</party>
        <firstName>Alan</firstName>
        <district>47</district>
        <sponsorshipWithdrawnDate />
      </item>
      <item>
        <fullName>Rep. Higgins, Brian [D-NY-26]</fullName>
        <lastName>Higgins</lastName>
        <state>NY</state>
        <identifiers>
          <bioguideId>H001038</bioguideId>
          <lisID>1794</lisID>
          <gpoId>8088</gpoId>
        </identifiers>
        <bioguideId>H001038</bioguideId>
        <sponsorshipDate>2014-04-28</sponsorshipDate>
        <middleName />
        <isOriginalCosponsor>False</isOriginalCosponsor>
        <party>D</party>
        <firstName>Brian</firstName>
        <district>26</district>
        <sponsorshipWithdrawnDate />
      </item>
      <item>
        <fullName>Rep. Waters, Maxine [D-CA-43]</fullName>
        <lastName>WATERS</lastName>
        <state>CA</state>
        <identifiers>
          <bioguideId>W000187</bioguideId>
          <gpoId>7840</gpoId>
          <lisID>1205</lisID>
        </identifiers>
        <bioguideId>W000187</bioguideId>
        <sponsorshipDate>2014-04-28</sponsorshipDate>
        <middleName />
        <isOriginalCosponsor>False</isOriginalCosponsor>
        <party>D</party>
        <firstName>MAXINE</firstName>
        <district>43</district>
        <sponsorshipWithdrawnDate />
      </item>
      <item>
        <fullName>Rep. Titus, Dina [D-NV-1]</fullName>
        <lastName>Titus</lastName>
        <state>NV</state>
        <identifiers>
          <gpoId>7493</gpoId>
          <lisID>1940</lisID>
          <bioguideId>T000468</bioguideId>
        </identifiers>
        <bioguideId>T000468</bioguideId>
        <sponsorshipDate>2014-04-30</sponsorshipDate>
        <middleName />
        <isOriginalCosponsor>False</isOriginalCosponsor>
        <party>D</party>
        <firstName>Dina</firstName>
        <district>1</district>
        <sponsorshipWithdrawnDate />
      </item>
      <item>
        <fullName>Rep. Holt, Rush [D-NJ-12]</fullName>
        <lastName>HOLT</lastName>
        <state>NJ</state>
        <identifiers>
          <lisID>1580</lisID>
          <gpoId>8054</gpoId>
          <bioguideId>H001032</bioguideId>
        </identifiers>
        <bioguideId>H001032</bioguideId>
        <sponsorshipDate>2014-05-01</sponsorshipDate>
        <middleName>D.</middleName>
        <isOriginalCosponsor>False</isOriginalCosponsor>
        <party>D</party>
        <firstName>RUSH</firstName>
        <district>12</district>
        <sponsorshipWithdrawnDate />
      </item>
      <item>
        <fullName>Rep. Grayson, Alan [D-FL-9]</fullName>
        <lastName>Grayson</lastName>
        <state>FL</state>
        <identifiers>
          <lisID>1914</lisID>
          <gpoId>7302</gpoId>
          <bioguideId>G000556</bioguideId>
        </identifiers>
        <bioguideId>G000556</bioguideId>
        <sponsorshipDate>2014-05-01</sponsorshipDate>
        <middleName />
        <isOriginalCosponsor>False</isOriginalCosponsor>
        <party>D</party>
        <firstName>Alan</firstName>
        <district>9</district>
        <sponsorshipWithdrawnDate />
      </item>
      <item>
        <fullName>Rep. Hastings, Alcee L. [D-FL-20]</fullName>
        <lastName>HASTINGS</lastName>
        <state>FL</state>
        <identifiers>
          <bioguideId>H000324</bioguideId>
          <gpoId>7895</gpoId>
          <lisID>511</lisID>
        </identifiers>
        <bioguideId>H000324</bioguideId>
        <sponsorshipDate>2014-05-06</sponsorshipDate>
        <middleName>L.</middleName>
        <isOriginalCosponsor>False</isOriginalCosponsor>
        <party>D</party>
        <firstName>ALCEE</firstName>
        <district>20</district>
        <sponsorshipWithdrawnDate />
      </item>
      <item>
        <fullName>Rep. Fudge, Marcia L. [D-OH-11]</fullName>
        <lastName>Fudge</lastName>
        <state>OH</state>
        <identifiers>
          <gpoId>8101</gpoId>
          <lisID>1895</lisID>
          <bioguideId>F000455</bioguideId>
        </identifiers>
        <bioguideId>F000455</bioguideId>
        <sponsorshipDate>2014-05-06</sponsorshipDate>
        <middleName>L.</middleName>
        <isOriginalCosponsor>False</isOriginalCosponsor>
        <party>D</party>
        <firstName>Marcia</firstName>
        <district>11</district>
        <sponsorshipWithdrawnDate />
      </item>
      <item>
        <fullName>Rep. Kaptur, Marcy [D-OH-9]</fullName>
        <lastName>KAPTUR</lastName>
        <state>OH</state>
        <identifiers>
          <bioguideId>K000009</bioguideId>
          <lisID>616</lisID>
          <gpoId>8099</gpoId>
        </identifiers>
        <bioguideId>K000009</bioguideId>
        <sponsorshipDate>2014-05-06</sponsorshipDate>
        <middleName />
        <isOriginalCosponsor>False</isOriginalCosponsor>
        <party>D</party>
        <firstName>MARCY</firstName>
        <district>9</district>
        <sponsorshipWithdrawnDate />
      </item>
      <item>
        <fullName>Rep. Yarmuth, John A. [D-KY-3]</fullName>
        <lastName>Yarmuth</lastName>
        <state>KY</state>
        <identifiers>
          <lisID>1853</lisID>
          <gpoId>7955</gpoId>
          <bioguideId>Y000062</bioguideId>
        </identifiers>
        <bioguideId>Y000062</bioguideId>
        <sponsorshipDate>2014-05-07</sponsorshipDate>
        <middleName>A.</middleName>
        <isOriginalCosponsor>False</isOriginalCosponsor>
        <party>D</party>
        <firstName>John</firstName>
        <district>3</district>
        <sponsorshipWithdrawnDate />
      </item>
      <item>
        <fullName>Rep. Esty, Elizabeth H. [D-CT-5]</fullName>
        <lastName>Esty</lastName>
        <state>CT</state>
        <identifiers>
          <bioguideId>E000293</bioguideId>
          <gpoId />
          <lisID>2114</lisID>
        </identifiers>
        <bioguideId>E000293</bioguideId>
        <sponsorshipDate>2014-05-07</sponsorshipDate>
        <middleName>H.</middleName>
        <isOriginalCosponsor>False</isOriginalCosponsor>
        <party>D</party>
        <firstName>Elizabeth</firstName>
        <district>5</district>
        <sponsorshipWithdrawnDate />
      </item>
      <item>
        <fullName>Rep. Levin, Sander M. [D-MI-9]</fullName>
        <lastName>LEVIN</lastName>
        <state>MI</state>
        <identifiers>
          <lisID>683</lisID>
          <gpoId>7997</gpoId>
          <bioguideId>L000263</bioguideId>
        </identifiers>
        <bioguideId>L000263</bioguideId>
        <sponsorshipDate>2014-05-09</sponsorshipDate>
        <middleName>M.</middleName>
        <isOriginalCosponsor>False</isOriginalCosponsor>
        <party>D</party>
        <firstName>SANDER</firstName>
        <district>9</district>
        <sponsorshipWithdrawnDate />
      </item>
      <item>
        <fullName>Rep. McNerney, Jerry [D-CA-9]</fullName>
        <lastName>McNerney</lastName>
        <state>CA</state>
        <identifiers>
          <gpoId>7816</gpoId>
          <lisID>1832</lisID>
          <bioguideId>M001166</bioguideId>
        </identifiers>
        <bioguideId>M001166</bioguideId>
        <sponsorshipDate>2014-05-09</sponsorshipDate>
        <middleName />
        <isOriginalCosponsor>False</isOriginalCosponsor>
        <party>D</party>
        <firstName>Jerry</firstName>
        <district>9</district>
        <sponsorshipWithdrawnDate />
      </item>
      <item>
        <fullName>Rep. Davis, Susan A. [D-CA-53]</fullName>
        <lastName>DAVIS</lastName>
        <state>CA</state>
        <identifiers>
          <bioguideId>D000598</bioguideId>
          <gpoId>7858</gpoId>
          <lisID>1641</lisID>
        </identifiers>
        <bioguideId>D000598</bioguideId>
        <sponsorshipDate>2014-05-09</sponsorshipDate>
        <middleName>A.</middleName>
        <isOriginalCosponsor>False</isOriginalCosponsor>
        <party>D</party>
        <firstName>SUSAN</firstName>
        <district>53</district>
        <sponsorshipWithdrawnDate />
      </item>
      <item>
        <fullName>Rep. Cohen, Steve [D-TN-9]</fullName>
        <lastName>Cohen</lastName>
        <state>TN</state>
        <identifiers>
          <gpoId>8156</gpoId>
          <lisID>1878</lisID>
          <bioguideId>C001068</bioguideId>
        </identifiers>
        <bioguideId>C001068</bioguideId>
        <sponsorshipDate>2014-05-19</sponsorshipDate>
        <middleName />
        <isOriginalCosponsor>False</isOriginalCosponsor>
        <party>D</party>
        <firstName>Steve</firstName>
        <district>9</district>
        <sponsorshipWithdrawnDate />
      </item>
      <item>
        <fullName>Rep. McGovern, James P. [D-MA-2]</fullName>
        <lastName>MCGOVERN</lastName>
        <state>MA</state>
        <identifiers>
          <gpoId>7968</gpoId>
          <lisID>1504</lisID>
          <bioguideId>M000312</bioguideId>
        </identifiers>
        <bioguideId>M000312</bioguideId>
        <sponsorshipDate>2014-05-19</sponsorshipDate>
        <middleName>P.</middleName>
        <isOriginalCosponsor>False</isOriginalCosponsor>
        <party>D</party>
        <firstName>JAMES</firstName>
        <district>2</district>
        <sponsorshipWithdrawnDate />
      </item>
      <item>
        <fullName>Rep. Keating, William R. [D-MA-9]</fullName>
        <lastName>Keating</lastName>
        <state>MA</state>
        <identifiers>
          <lisID>2025</lisID>
          <gpoId>7975</gpoId>
          <bioguideId>K000375</bioguideId>
        </identifiers>
        <bioguideId>K000375</bioguideId>
        <sponsorshipDate>2014-05-28</sponsorshipDate>
        <middleName>R.</middleName>
        <isOriginalCosponsor>False</isOriginalCosponsor>
        <party>D</party>
        <firstName>William</firstName>
        <district>9</district>
        <sponsorshipWithdrawnDate />
      </item>
      <item>
        <fullName>Rep. Nadler, Jerrold [D-NY-10]</fullName>
        <lastName>NADLER</lastName>
        <state>NY</state>
        <identifiers>
          <lisID>850</lisID>
          <bioguideId>N000002</bioguideId>
          <gpoId>8069</gpoId>
        </identifiers>
        <bioguideId>N000002</bioguideId>
        <sponsorshipDate>2014-05-28</sponsorshipDate>
        <middleName />
        <isOriginalCosponsor>False</isOriginalCosponsor>
        <party>D</party>
        <firstName>JERROLD</firstName>
        <district>10</district>
        <sponsorshipWithdrawnDate />
      </item>
      <item>
        <fullName>Rep. Clay, Wm. Lacy [D-MO-1]</fullName>
        <lastName>CLAY</lastName>
        <state>MO</state>
        <identifiers>
          <lisID>1654</lisID>
          <gpoId>8009</gpoId>
          <bioguideId>C001049</bioguideId>
        </identifiers>
        <bioguideId>C001049</bioguideId>
        <sponsorshipDate>2014-05-28</sponsorshipDate>
        <middleName>LACY</middleName>
        <isOriginalCosponsor>False</isOriginalCosponsor>
        <party>D</party>
        <firstName>WM.</firstName>
        <district>1</district>
        <sponsorshipWithdrawnDate />
      </item>
      <item>
        <fullName>Rep. Takano, Mark [D-CA-41]</fullName>
        <lastName>Takano</lastName>
        <state>CA</state>
        <identifiers>
          <lisID>2110</lisID>
          <bioguideId>T000472</bioguideId>
          <gpoId />
        </identifiers>
        <bioguideId>T000472</bioguideId>
        <sponsorshipDate>2014-05-28</sponsorshipDate>
        <middleName />
        <isOriginalCosponsor>False</isOriginalCosponsor>
        <party>D</party>
        <firstName>Mark</firstName>
        <district>41</district>
        <sponsorshipWithdrawnDate />
      </item>
      <item>
        <fullName>Rep. Serrano, Jose E. [D-NY-15]</fullName>
        <lastName>SERRANO</lastName>
        <state>NY</state>
        <identifiers>
          <gpoId>8077</gpoId>
          <lisID>1042</lisID>
          <bioguideId>S000248</bioguideId>
        </identifiers>
        <bioguideId>S000248</bioguideId>
        <sponsorshipDate>2014-05-28</sponsorshipDate>
        <middleName>E.</middleName>
        <isOriginalCosponsor>False</isOriginalCosponsor>
        <party>D</party>
        <firstName>JOSE</firstName>
        <district>15</district>
        <sponsorshipWithdrawnDate />
      </item>
      <item>
        <fullName>Rep. McDermott, Jim [D-WA-7]</fullName>
        <lastName>MCDERMOTT</lastName>
        <state>WA</state>
        <identifiers>
          <lisID>766</lisID>
          <gpoId>8211</gpoId>
          <bioguideId>M000404</bioguideId>
        </identifiers>
        <bioguideId>M000404</bioguideId>
        <sponsorshipDate>2014-05-28</sponsorshipDate>
        <middleName />
        <isOriginalCosponsor>False</isOriginalCosponsor>
        <party>D</party>
        <firstName>JIM</firstName>
        <district>7</district>
        <sponsorshipWithdrawnDate />
      </item>
      <item>
        <fullName>Rep. Connolly, Gerald E. [D-VA-11]</fullName>
        <lastName>Connolly</lastName>
        <state>VA</state>
        <identifiers>
          <gpoId>8202</gpoId>
          <lisID>1959</lisID>
          <bioguideId>C001078</bioguideId>
        </identifiers>
        <bioguideId>C001078</bioguideId>
        <sponsorshipDate>2014-05-28</sponsorshipDate>
        <middleName>E.</middleName>
        <isOriginalCosponsor>False</isOriginalCosponsor>
        <party>D</party>
        <firstName>Gerald</firstName>
        <district>11</district>
        <sponsorshipWithdrawnDate />
      </item>
      <item>
        <fullName>Rep. Meeks, Gregory W. [D-NY-5]</fullName>
        <lastName>MEEKS</lastName>
        <state>NY</state>
        <identifiers>
          <lisID>1506</lisID>
          <bioguideId>M001137</bioguideId>
          <gpoId>8067</gpoId>
        </identifiers>
        <bioguideId>M001137</bioguideId>
        <sponsorshipDate>2014-05-30</sponsorshipDate>
        <middleName>W.</middleName>
        <isOriginalCosponsor>False</isOriginalCosponsor>
        <party>D</party>
        <firstName>GREGORY</firstName>
        <district>5</district>
        <sponsorshipWithdrawnDate />
      </item>
      <item>
        <fullName>Rep. Johnson, Henry C. "Hank," Jr. [D-GA-4]</fullName>
        <lastName>Johnson</lastName>
        <state>GA</state>
        <identifiers>
          <lisID>1843</lisID>
          <gpoId>7901</gpoId>
          <bioguideId>J000288</bioguideId>
        </identifiers>
        <bioguideId>J000288</bioguideId>
        <sponsorshipDate>2014-05-30</sponsorshipDate>
        <middleName>C. "Hank"</middleName>
        <isOriginalCosponsor>False</isOriginalCosponsor>
        <party>D</party>
        <firstName>Henry</firstName>
        <district>4</district>
        <sponsorshipWithdrawnDate />
      </item>
      <item>
        <fullName>Rep. Perlmutter, Ed [D-CO-7]</fullName>
        <lastName>Perlmutter</lastName>
        <state>CO</state>
        <identifiers>
          <lisID>1835</lisID>
          <gpoId>7865</gpoId>
          <bioguideId>P000593</bioguideId>
        </identifiers>
        <bioguideId>P000593</bioguideId>
        <sponsorshipDate>2014-05-30</sponsorshipDate>
        <middleName />
        <isOriginalCosponsor>False</isOriginalCosponsor>
        <party>D</party>
        <firstName>Ed</firstName>
        <district>7</district>
        <sponsorshipWithdrawnDate />
      </item>
      <item>
        <fullName>Rep. Heck, Denny [D-WA-10]</fullName>
        <lastName>Heck</lastName>
        <state>WA</state>
        <identifiers>
          <lisID>2170</lisID>
          <gpoId />
          <bioguideId>H001064</bioguideId>
        </identifiers>
        <bioguideId>H001064</bioguideId>
        <sponsorshipDate>2014-05-30</sponsorshipDate>
        <middleName />
        <isOriginalCosponsor>False</isOriginalCosponsor>
        <party>D</party>
        <firstName>Denny</firstName>
        <district>10</district>
        <sponsorshipWithdrawnDate />
      </item>
      <item>
        <fullName>Rep. Larson, John B. [D-CT-1]</fullName>
        <lastName>LARSON</lastName>
        <state>CT</state>
        <identifiers>
          <gpoId>7866</gpoId>
          <lisID>1583</lisID>
          <bioguideId>L000557</bioguideId>
        </identifiers>
        <bioguideId>L000557</bioguideId>
        <sponsorshipDate>2014-05-30</sponsorshipDate>
        <middleName>B.</middleName>
        <isOriginalCosponsor>False</isOriginalCosponsor>
        <party>D</party>
        <firstName>JOHN</firstName>
        <district>1</district>
        <sponsorshipWithdrawnDate />
      </item>
      <item>
        <fullName>Rep. Johnson, Eddie Bernice [D-TX-30]</fullName>
        <lastName>JOHNSON</lastName>
        <state>TX</state>
        <identifiers>
          <lisID>599</lisID>
          <gpoId>8186</gpoId>
          <bioguideId>J000126</bioguideId>
        </identifiers>
        <bioguideId>J000126</bioguideId>
        <sponsorshipDate>2014-06-10</sponsorshipDate>
        <middleName>BERNICE</middleName>
        <isOriginalCosponsor>False</isOriginalCosponsor>
        <party>D</party>
        <firstName>EDDIE</firstName>
        <district>30</district>
        <sponsorshipWithdrawnDate />
      </item>
      <item>
        <fullName>Rep. McCarthy, Carolyn [D-NY-4]</fullName>
        <lastName>MCCARTHY</lastName>
        <state>NY</state>
        <identifiers>
          <lisID>1503</lisID>
          <bioguideId>M000309</bioguideId>
          <gpoId>8065</gpoId>
        </identifiers>
        <bioguideId>M000309</bioguideId>
        <sponsorshipDate>2014-06-10</sponsorshipDate>
        <middleName />
        <isOriginalCosponsor>False</isOriginalCosponsor>
        <party>D</party>
        <firstName>CAROLYN</firstName>
        <district>4</district>
        <sponsorshipWithdrawnDate />
      </item>
      <item>
        <fullName>Rep. Norton, Eleanor Holmes [D-DC-At Large]</fullName>
        <lastName>NORTON</lastName>
        <state>DC</state>
        <identifiers>
          <lisID>868</lisID>
          <gpoId>7871</gpoId>
          <bioguideId>N000147</bioguideId>
        </identifiers>
        <bioguideId>N000147</bioguideId>
        <sponsorshipDate>2014-06-10</sponsorshipDate>
        <middleName>HOLMES</middleName>
        <isOriginalCosponsor>False</isOriginalCosponsor>
        <party>D</party>
        <firstName>ELEANOR</firstName>
        <district>0</district>
        <sponsorshipWithdrawnDate />
      </item>
      <item>
        <fullName>Rep. Kind, Ron [D-WI-3]</fullName>
        <lastName>KIND</lastName>
        <state>WI</state>
        <identifiers>
          <lisID>1498</lisID>
          <gpoId>8216</gpoId>
          <bioguideId>K000188</bioguideId>
        </identifiers>
        <bioguideId>K000188</bioguideId>
        <sponsorshipDate>2014-06-10</sponsorshipDate>
        <middleName />
        <isOriginalCosponsor>False</isOriginalCosponsor>
        <party>D</party>
        <firstName>RON</firstName>
        <district>3</district>
        <sponsorshipWithdrawnDate />
      </item>
      <item>
        <fullName>Rep. Scott, David [D-GA-13]</fullName>
        <lastName>Scott</lastName>
        <state>GA</state>
        <identifiers>
          <lisID>1722</lisID>
          <gpoId>7910</gpoId>
          <bioguideId>S001157</bioguideId>
        </identifiers>
        <bioguideId>S001157</bioguideId>
        <sponsorshipDate>2014-06-10</sponsorshipDate>
        <middleName />
        <isOriginalCosponsor>False</isOriginalCosponsor>
        <party>D</party>
        <firstName>David</firstName>
        <district>13</district>
        <sponsorshipWithdrawnDate />
      </item>
      <item>
        <fullName>Rep. Wilson, Frederica S. [D-FL-24]</fullName>
        <lastName>Wilson</lastName>
        <state>FL</state>
        <identifiers>
          <lisID>2004</lisID>
          <gpoId>7889</gpoId>
          <bioguideId>W000808</bioguideId>
        </identifiers>
        <bioguideId>W000808</bioguideId>
        <sponsorshipDate>2014-06-20</sponsorshipDate>
        <middleName>S.</middleName>
        <isOriginalCosponsor>False</isOriginalCosponsor>
        <party>D</party>
        <firstName>Frederica</firstName>
        <district>24</district>
        <sponsorshipWithdrawnDate />
      </item>
      <item>
        <fullName>Rep. Pingree, Chellie [D-ME-1]</fullName>
        <lastName>Pingree</lastName>
        <state>ME</state>
        <identifiers>
          <bioguideId>P000597</bioguideId>
          <lisID>1927</lisID>
          <gpoId>7984</gpoId>
        </identifiers>
        <bioguideId>P000597</bioguideId>
        <sponsorshipDate>2014-06-20</sponsorshipDate>
        <middleName />
        <isOriginalCosponsor>False</isOriginalCosponsor>
        <party>D</party>
        <firstName>Chellie</firstName>
        <district>1</district>
        <sponsorshipWithdrawnDate />
      </item>
      <item>
        <fullName>Rep. Meng, Grace [D-NY-6]</fullName>
        <lastName>Meng</lastName>
        <state>NY</state>
        <identifiers>
          <bioguideId>M001188</bioguideId>
          <gpoId />
          <lisID>2148</lisID>
        </identifiers>
        <bioguideId>M001188</bioguideId>
        <sponsorshipDate>2014-06-20</sponsorshipDate>
        <middleName />
        <isOriginalCosponsor>False</isOriginalCosponsor>
        <party>D</party>
        <firstName>Grace</firstName>
        <district>6</district>
        <sponsorshipWithdrawnDate />
      </item>
      <item>
        <fullName>Rep. Tsongas, Niki [D-MA-3]</fullName>
        <lastName>Tsongas</lastName>
        <state>MA</state>
        <identifiers>
          <lisID>1884</lisID>
          <gpoId>7970</gpoId>
          <bioguideId>T000465</bioguideId>
        </identifiers>
        <bioguideId>T000465</bioguideId>
        <sponsorshipDate>2014-06-20</sponsorshipDate>
        <middleName />
        <isOriginalCosponsor>False</isOriginalCosponsor>
        <party>D</party>
        <firstName>Niki</firstName>
        <district>3</district>
        <sponsorshipWithdrawnDate />
      </item>
      <item>
        <fullName>Rep. Lofgren, Zoe [D-CA-19]</fullName>
        <lastName>LOFGREN</lastName>
        <state>CA</state>
        <identifiers>
          <lisID>701</lisID>
          <gpoId>7821</gpoId>
          <bioguideId>L000397</bioguideId>
        </identifiers>
        <bioguideId>L000397</bioguideId>
        <sponsorshipDate>2014-06-20</sponsorshipDate>
        <middleName />
        <isOriginalCosponsor>False</isOriginalCosponsor>
        <party>D</party>
        <firstName>ZOE</firstName>
        <district>19</district>
        <sponsorshipWithdrawnDate />
      </item>
      <item>
        <fullName>Rep. Himes, James A. [D-CT-4]</fullName>
        <lastName>Himes</lastName>
        <state>CT</state>
        <identifiers>
          <lisID>1913</lisID>
          <gpoId>7869</gpoId>
          <bioguideId>H001047</bioguideId>
        </identifiers>
        <bioguideId>H001047</bioguideId>
        <sponsorshipDate>2014-06-25</sponsorshipDate>
        <middleName>A.</middleName>
        <isOriginalCosponsor>False</isOriginalCosponsor>
        <party>D</party>
        <firstName>James</firstName>
        <district>4</district>
        <sponsorshipWithdrawnDate />
      </item>
      <item>
        <fullName>Rep. Doyle, Michael F. [D-PA-14]</fullName>
        <lastName>DOYLE</lastName>
        <state>PA</state>
        <identifiers>
          <lisID>316</lisID>
          <gpoId>8132</gpoId>
          <bioguideId>D000482</bioguideId>
        </identifiers>
        <bioguideId>D000482</bioguideId>
        <sponsorshipDate>2014-06-25</sponsorshipDate>
        <middleName />
        <isOriginalCosponsor>False</isOriginalCosponsor>
        <party>D</party>
        <firstName>MIKE</firstName>
        <district>14</district>
        <sponsorshipWithdrawnDate />
      </item>
      <item>
        <fullName>Rep. Doggett, Lloyd [D-TX-35]</fullName>
        <lastName>DOGGETT</lastName>
        <state>TX</state>
        <identifiers>
          <bioguideId>D000399</bioguideId>
          <gpoId>8181</gpoId>
          <lisID>303</lisID>
        </identifiers>
        <bioguideId>D000399</bioguideId>
        <sponsorshipDate>2014-07-10</sponsorshipDate>
        <middleName />
        <isOriginalCosponsor>False</isOriginalCosponsor>
        <party>D</party>
        <firstName>LLOYD</firstName>
        <district>35</district>
        <sponsorshipWithdrawnDate />
      </item>
      <item>
        <fullName>Rep. Van Hollen, Chris [D-MD-8]</fullName>
        <lastName>Van Hollen</lastName>
        <state>MD</state>
        <identifiers>
          <bioguideId>V000128</bioguideId>
          <lisID>1729</lisID>
          <gpoId>7983</gpoId>
        </identifiers>
        <bioguideId>V000128</bioguideId>
        <sponsorshipDate>2014-07-10</sponsorshipDate>
        <middleName />
        <isOriginalCosponsor>False</isOriginalCosponsor>
        <party>D</party>
        <firstName>Chris</firstName>
        <district>8</district>
        <sponsorshipWithdrawnDate />
      </item>
      <item>
        <fullName>Rep. Capuano, Michael E. [D-MA-7]</fullName>
        <lastName>CAPUANO</lastName>
        <state>MA</state>
        <identifiers>
          <bioguideId>C001037</bioguideId>
          <lisID>1564</lisID>
          <gpoId>7973</gpoId>
        </identifiers>
        <bioguideId>C001037</bioguideId>
        <sponsorshipDate>2014-07-14</sponsorshipDate>
        <middleName>E.</middleName>
        <isOriginalCosponsor>False</isOriginalCosponsor>
        <party>D</party>
        <firstName>MICHAEL</firstName>
        <district>7</district>
        <sponsorshipWithdrawnDate />
      </item>
      <item>
        <fullName>Rep. Frankel, Lois [D-FL-22]</fullName>
        <lastName>Frankel</lastName>
        <state>FL</state>
        <identifiers>
          <bioguideId>F000462</bioguideId>
          <gpoId />
          <lisID>2119</lisID>
        </identifiers>
        <bioguideId>F000462</bioguideId>
        <sponsorshipDate>2014-07-14</sponsorshipDate>
        <middleName />
        <isOriginalCosponsor>False</isOriginalCosponsor>
        <party>D</party>
        <firstName>Lois</firstName>
        <district>22</district>
        <sponsorshipWithdrawnDate />
      </item>
      <item>
        <fullName>Rep. Murphy, Patrick [D-FL-18]</fullName>
        <lastName>Murphy</lastName>
        <state>FL</state>
        <identifiers>
          <bioguideId>M001191</bioguideId>
          <gpoId />
          <lisID>2117</lisID>
        </identifiers>
        <bioguideId>M001191</bioguideId>
        <sponsorshipDate>2014-07-14</sponsorshipDate>
        <middleName />
        <isOriginalCosponsor>False</isOriginalCosponsor>
        <party>D</party>
        <firstName>Patrick</firstName>
        <district>18</district>
        <sponsorshipWithdrawnDate />
      </item>
      <item>
        <fullName>Rep. Delaney, John K. [D-MD-6]</fullName>
        <lastName>Delaney</lastName>
        <state>MD</state>
        <identifiers>
          <bioguideId>D000620</bioguideId>
          <lisID>2133</lisID>
          <gpoId />
        </identifiers>
        <bioguideId>D000620</bioguideId>
        <sponsorshipDate>2014-07-28</sponsorshipDate>
        <middleName>K.</middleName>
        <isOriginalCosponsor>False</isOriginalCosponsor>
        <party>D</party>
        <firstName>John</firstName>
        <district>6</district>
        <sponsorshipWithdrawnDate />
      </item>
      <item>
        <fullName>Rep. Peters, Gary C. [D-MI-14]</fullName>
        <lastName>Peters</lastName>
        <state>MI</state>
        <identifiers>
          <lisID>1929</lisID>
          <gpoId>7994</gpoId>
          <bioguideId>P000595</bioguideId>
        </identifiers>
        <bioguideId>P000595</bioguideId>
        <sponsorshipDate>2014-07-31</sponsorshipDate>
        <middleName>C.</middleName>
        <isOriginalCosponsor>False</isOriginalCosponsor>
        <party>D</party>
        <firstName>Gary</firstName>
        <district>14</district>
        <sponsorshipWithdrawnDate />
      </item>
    </cosponsors>
  </bill>
  <dublinCore xmlns:dc="http://purl.org/dc/elements/1.1/">
    <dc:format>text/xml</dc:format>
    <dc:language>EN</dc:language>
    <dc:rights>Pursuant to Title 17 Section 105 of the United States Code, this file is not subject to copyright protection and is in the public domain.</dc:rights>
    <dc:contributor>Congressional Research Service, Library of Congress</dc:contributor>
    <dc:description>This file contains bill summaries and statuses for federal legislation. A bill summary describes the most significant provisions of a piece of legislation and details the effects the legislative text may have on current law and federal programs. Bill summaries are authored by the Congressional Research Service (CRS) of the Library of Congress. As stated in Public Law 91-510 (2 USC 166 (d)(6)), one of the duties of CRS is "to prepare summaries and digests of bills and resolutions of a public general nature introduced in the Senate or House of Representatives". For more information, refer to the User Guide that accompanies this file.</dc:description>
  </dublinCore>
</billStatus>

