<?xml version="1.0" encoding="UTF-8"?>
<billStatus>
  <bill>
    <committeeReports />
    <originChamber>House</originChamber>
    <titles>
      <item>
        <parentTitleType />
        <titleType>Official Title as Introduced</titleType>
        <title>Honoring Jacoby Dickens, the successful, community-oriented African-American financier and philanthropist in Chicago, Illinois.</title>
        <chamberCode />
        <chamberName />
      </item>
      <item>
        <parentTitleType />
        <titleType>Display Title</titleType>
        <title>Honoring Jacoby Dickens, the successful, community-oriented African-American financier and philanthropist in Chicago, Illinois.</title>
        <chamberCode />
        <chamberName />
      </item>
    </titles>
    <sponsors>
      <item>
        <state>FL</state>
        <byRequestType />
        <fullName>Rep. Hastings, Alcee L. [D-FL-20]</fullName>
        <lastName>HASTINGS</lastName>
        <identifiers>
          <lisID>511</lisID>
          <gpoId>7895</gpoId>
          <bioguideId>H000324</bioguideId>
        </identifiers>
        <middleName>L.</middleName>
        <bioguideId>H000324</bioguideId>
        <district>20</district>
        <party>D</party>
        <firstName>ALCEE</firstName>
      </item>
    </sponsors>
    <billNumber>191</billNumber>
    <recordedVotes />
    <latestAction>
      <links />
      <text>Referred to the House Committee on Oversight and Government Reform.</text>
      <actionDate>2013-04-26</actionDate>
    </latestAction>
    <laws />
    <title>Honoring Jacoby Dickens, the successful, community-oriented African-American financier and philanthropist in Chicago, Illinois.</title>
    <billType>HRES</billType>
    <introducedDate>2013-04-26</introducedDate>
    <updateDate>2016-10-25T15:54:43Z</updateDate>
    <calendarNumbers />
    <amendments />
    <cboCostEstimates />
    <policyArea>
      <name>Social Welfare</name>
    </policyArea>
    <createDate>2013-04-27T07:02:05Z</createDate>
    <notes />
    <constitutionalAuthorityStatementText />
    <committees>
      <billCommittees>
        <item>
          <subcommittees />
          <type>Standing</type>
          <activities>
            <item>
              <name>Referred to</name>
              <date>2013-04-26T14:09:15Z</date>
            </item>
          </activities>
          <systemCode>hsgo00</systemCode>
          <name>Oversight and Government Reform Committee</name>
          <chamber>House</chamber>
        </item>
      </billCommittees>
    </committees>
    <cosponsors>
      <item>
        <identifiers>
          <lisID>944</lisID>
          <gpoId>8076</gpoId>
          <bioguideId>R000053</bioguideId>
        </identifiers>
        <isOriginalCosponsor>False</isOriginalCosponsor>
        <firstName>CHARLES</firstName>
        <sponsorshipWithdrawnDate />
        <sponsorshipDate>2013-05-06</sponsorshipDate>
        <party>D</party>
        <district>13</district>
        <fullName>Rep. Rangel, Charles B. [D-NY-13]</fullName>
        <state>NY</state>
        <bioguideId>R000053</bioguideId>
        <lastName>RANGEL</lastName>
        <middleName>B.</middleName>
      </item>
      <item>
        <identifiers>
          <gpoId>7871</gpoId>
          <lisID>868</lisID>
          <bioguideId>N000147</bioguideId>
        </identifiers>
        <isOriginalCosponsor>False</isOriginalCosponsor>
        <firstName>ELEANOR</firstName>
        <sponsorshipWithdrawnDate />
        <sponsorshipDate>2013-05-06</sponsorshipDate>
        <party>D</party>
        <district>0</district>
        <fullName>Rep. Norton, Eleanor Holmes [D-DC-At Large]</fullName>
        <state>DC</state>
        <bioguideId>N000147</bioguideId>
        <lastName>NORTON</lastName>
        <middleName>HOLMES</middleName>
      </item>
      <item>
        <identifiers>
          <gpoId>7889</gpoId>
          <lisID>2004</lisID>
          <bioguideId>W000808</bioguideId>
        </identifiers>
        <isOriginalCosponsor>False</isOriginalCosponsor>
        <firstName>Frederica</firstName>
        <sponsorshipWithdrawnDate />
        <sponsorshipDate>2013-05-06</sponsorshipDate>
        <party>D</party>
        <district>24</district>
        <fullName>Rep. Wilson, Frederica S. [D-FL-24]</fullName>
        <state>FL</state>
        <bioguideId>W000808</bioguideId>
        <lastName>Wilson</lastName>
        <middleName>S.</middleName>
      </item>
    </cosponsors>
    <congress>113</congress>
    <relatedBills />
    <summaries>
      <billSummaries>
        <item>
          <updateDate>2013-04-26T04:00:00Z</updateDate>
          <versionCode>00</versionCode>
          <lastSummaryUpdateDate>2013-05-03T19:36:33Z</lastSummaryUpdateDate>
          <name>Introduced in House</name>
          <actionDate>2013-04-26</actionDate>
          <actionDesc>Introduced in House</actionDesc>
          <text><![CDATA[<p>Honors Jacoby Dickens, the successful, community-oriented African-American financier and philanthropist in Chicago, Illinois, for his dedication to increasing equity amongst lower income African-Americans. </p>  <br>]]></text>
        </item>
      </billSummaries>
    </summaries>
    <actions>
      <actionTypeCounts>
        <billReferrals>1</billReferrals>
        <introducedInTheHouse>1</introducedInTheHouse>
        <introducedInHouse>1</introducedInHouse>
      </actionTypeCounts>
      <item>
        <actionDate>2013-04-26</actionDate>
        <sourceSystem>
          <code>2</code>
          <name>House floor actions</name>
        </sourceSystem>
        <text>Referred to the House Committee on Oversight and Government Reform.</text>
        <type>IntroReferral</type>
        <links />
        <actionCode>H11100</actionCode>
        <committee>
          <name>Oversight and Government Reform Committee</name>
          <systemCode>hsgo00</systemCode>
        </committee>
      </item>
      <item>
        <actionDate>2013-04-26</actionDate>
        <sourceSystem>
          <code>9</code>
          <name>Library of Congress</name>
        </sourceSystem>
        <text>Introduced in House</text>
        <type>IntroReferral</type>
        <links />
        <actionCode>Intro-H</actionCode>
        <committee />
      </item>
      <item>
        <actionDate>2013-04-26</actionDate>
        <sourceSystem>
          <code>9</code>
          <name>Library of Congress</name>
        </sourceSystem>
        <text>Introduced in House</text>
        <type>IntroReferral</type>
        <links />
        <actionCode>1000</actionCode>
        <committee />
      </item>
      <actionByCounts>
        <houseOfRepresentatives>3</houseOfRepresentatives>
      </actionByCounts>
    </actions>
    <subjects>
      <billSubjects>
        <policyArea>
          <name>Social Welfare</name>
        </policyArea>
        <legislativeSubjects>
          <item>
            <name>Congressional tributes</name>
          </item>
          <item>
            <name>Consumer credit</name>
          </item>
          <item>
            <name>Financial services and investments</name>
          </item>
          <item>
            <name>Illinois</name>
          </item>
          <item>
            <name>Minority and disadvantaged businesses</name>
          </item>
          <item>
            <name>Real estate business</name>
          </item>
          <item>
            <name>Social work, volunteer service, charitable organizations</name>
          </item>
        </legislativeSubjects>
      </billSubjects>
    </subjects>
  </bill>
  <dublinCore xmlns:dc="http://purl.org/dc/elements/1.1/">
    <dc:format>text/xml</dc:format>
    <dc:language>EN</dc:language>
    <dc:rights>Pursuant to Title 17 Section 105 of the United States Code, this file is not subject to copyright protection and is in the public domain.</dc:rights>
    <dc:contributor>Congressional Research Service, Library of Congress</dc:contributor>
    <dc:description>This file contains bill summaries and statuses for federal legislation. A bill summary describes the most significant provisions of a piece of legislation and details the effects the legislative text may have on current law and federal programs. Bill summaries are authored by the Congressional Research Service (CRS) of the Library of Congress. As stated in Public Law 91-510 (2 USC 166 (d)(6)), one of the duties of CRS is "to prepare summaries and digests of bills and resolutions of a public general nature introduced in the Senate or House of Representatives". For more information, refer to the User Guide that accompanies this file.</dc:description>
  </dublinCore>
</billStatus>

