<?xml version="1.0" encoding="UTF-8"?>
<billStatus>
  <bill>
    <committees>
      <billCommittees>
        <item>
          <subcommittees>
            <item>
              <name>Middle East and North Africa Subcommittee</name>
              <activities>
                <item>
                  <name>Referred to</name>
                  <date>2013-12-06T21:02:13Z</date>
                </item>
              </activities>
              <systemCode>hsfa13</systemCode>
            </item>
          </subcommittees>
          <chamber>House</chamber>
          <type>Standing</type>
          <name>Foreign Affairs Committee</name>
          <systemCode>hsfa00</systemCode>
          <activities>
            <item>
              <name>Referred to</name>
              <date>2013-11-19T15:00:24Z</date>
            </item>
          </activities>
        </item>
      </billCommittees>
    </committees>
    <congress>113</congress>
    <billNumber>422</billNumber>
    <updateDate>2016-10-25T15:55:17Z</updateDate>
    <subjects>
      <billSubjects>
        <legislativeSubjects>
          <item>
            <name>Iraq</name>
          </item>
          <item>
            <name>Middle East</name>
          </item>
          <item>
            <name>Racial and ethnic relations</name>
          </item>
          <item>
            <name>War crimes, genocide, crimes against humanity</name>
          </item>
        </legislativeSubjects>
        <policyArea>
          <name>International Affairs</name>
        </policyArea>
      </billSubjects>
    </subjects>
    <policyArea>
      <name>International Affairs</name>
    </policyArea>
    <summaries>
      <billSummaries>
        <item>
          <versionCode>00</versionCode>
          <actionDate>2013-11-19</actionDate>
          <text><![CDATA[<p>Calls on the U.S. government to recognize the campaign of genocide launched against the Kurdish people in Iraq. </p> <p> Reaffirms the commitment of the House of Representatives to the friendship between the United States and the Kurdish people in Iraq.</p>]]></text>
          <name>Introduced in House</name>
          <lastSummaryUpdateDate>2013-11-20T15:53:32Z</lastSummaryUpdateDate>
          <updateDate>2013-11-19T05:00:00Z</updateDate>
          <actionDesc>Introduced in House</actionDesc>
        </item>
      </billSummaries>
    </summaries>
    <title>Recognizing the campaign of genocide against the Kurdish people in Iraq.</title>
    <laws />
    <cosponsors>
      <item>
        <isOriginalCosponsor>True</isOriginalCosponsor>
        <fullName>Rep. Blackburn, Marsha [R-TN-7]</fullName>
        <firstName>Marsha</firstName>
        <identifiers>
          <lisID>1748</lisID>
          <gpoId>8154</gpoId>
          <bioguideId>B001243</bioguideId>
        </identifiers>
        <state>TN</state>
        <middleName />
        <lastName>Blackburn</lastName>
        <bioguideId>B001243</bioguideId>
        <sponsorshipDate>2013-11-19</sponsorshipDate>
        <district>7</district>
        <sponsorshipWithdrawnDate />
        <party>R</party>
      </item>
      <item>
        <isOriginalCosponsor>False</isOriginalCosponsor>
        <fullName>Rep. Polis, Jared [D-CO-2]</fullName>
        <firstName>Jared</firstName>
        <identifiers>
          <bioguideId>P000598</bioguideId>
          <lisID>1910</lisID>
          <gpoId>7860</gpoId>
        </identifiers>
        <state>CO</state>
        <middleName />
        <lastName>Polis</lastName>
        <bioguideId>P000598</bioguideId>
        <sponsorshipDate>2013-12-04</sponsorshipDate>
        <district>2</district>
        <sponsorshipWithdrawnDate />
        <party>D</party>
      </item>
      <item>
        <isOriginalCosponsor>False</isOriginalCosponsor>
        <fullName>Rep. Moran, James P. [D-VA-8]</fullName>
        <firstName>JAMES</firstName>
        <identifiers>
          <gpoId>8199</gpoId>
          <lisID>832</lisID>
          <bioguideId>M000933</bioguideId>
        </identifiers>
        <state>VA</state>
        <middleName>P.</middleName>
        <lastName>MORAN</lastName>
        <bioguideId>M000933</bioguideId>
        <sponsorshipDate>2013-12-04</sponsorshipDate>
        <district>8</district>
        <sponsorshipWithdrawnDate />
        <party>D</party>
      </item>
      <item>
        <isOriginalCosponsor>False</isOriginalCosponsor>
        <fullName>Rep. Peterson, Collin C. [D-MN-7]</fullName>
        <firstName>COLLIN</firstName>
        <identifiers>
          <gpoId>8007</gpoId>
          <lisID>910</lisID>
          <bioguideId>P000258</bioguideId>
        </identifiers>
        <state>MN</state>
        <middleName>C.</middleName>
        <lastName>PETERSON</lastName>
        <bioguideId>P000258</bioguideId>
        <sponsorshipDate>2013-12-04</sponsorshipDate>
        <district>7</district>
        <sponsorshipWithdrawnDate />
        <party>D</party>
      </item>
      <item>
        <isOriginalCosponsor>False</isOriginalCosponsor>
        <fullName>Rep. Bentivolio, Kerry L. [R-MI-11]</fullName>
        <firstName>Kerry</firstName>
        <identifiers>
          <lisID>2135</lisID>
          <bioguideId>B001280</bioguideId>
          <gpoId />
        </identifiers>
        <state>MI</state>
        <middleName>L.</middleName>
        <lastName>Bentivolio</lastName>
        <bioguideId>B001280</bioguideId>
        <sponsorshipDate>2013-12-04</sponsorshipDate>
        <district>11</district>
        <sponsorshipWithdrawnDate />
        <party>R</party>
      </item>
      <item>
        <isOriginalCosponsor>False</isOriginalCosponsor>
        <fullName>Rep. Cooper, Jim [D-TN-5]</fullName>
        <firstName>JAMES</firstName>
        <identifiers>
          <lisID>231</lisID>
          <gpoId>8152</gpoId>
          <bioguideId>C000754</bioguideId>
        </identifiers>
        <state>TN</state>
        <middleName>H.</middleName>
        <lastName>COOPER</lastName>
        <bioguideId>C000754</bioguideId>
        <sponsorshipDate>2013-12-09</sponsorshipDate>
        <district>5</district>
        <sponsorshipWithdrawnDate />
        <party>D</party>
      </item>
      <item>
        <isOriginalCosponsor>False</isOriginalCosponsor>
        <fullName>Rep. Sherman, Brad [D-CA-30]</fullName>
        <firstName>BRAD</firstName>
        <identifiers>
          <bioguideId>S000344</bioguideId>
          <lisID>1526</lisID>
          <gpoId>7832</gpoId>
        </identifiers>
        <state>CA</state>
        <middleName />
        <lastName>SHERMAN</lastName>
        <bioguideId>S000344</bioguideId>
        <sponsorshipDate>2013-12-09</sponsorshipDate>
        <district>30</district>
        <sponsorshipWithdrawnDate />
        <party>D</party>
      </item>
      <item>
        <isOriginalCosponsor>False</isOriginalCosponsor>
        <fullName>Rep. Sanchez, Loretta [D-CA-46]</fullName>
        <firstName>LORETTA</firstName>
        <identifiers>
          <gpoId>7852</gpoId>
          <lisID>1522</lisID>
          <bioguideId>S000030</bioguideId>
        </identifiers>
        <state>CA</state>
        <middleName />
        <lastName>SANCHEZ</lastName>
        <bioguideId>S000030</bioguideId>
        <sponsorshipDate>2013-12-09</sponsorshipDate>
        <district>46</district>
        <sponsorshipWithdrawnDate />
        <party>D</party>
      </item>
      <item>
        <isOriginalCosponsor>False</isOriginalCosponsor>
        <fullName>Rep. Crowley, Joseph [D-NY-14]</fullName>
        <firstName>JOSEPH</firstName>
        <identifiers>
          <lisID>1604</lisID>
          <gpoId>8068</gpoId>
          <bioguideId>C001038</bioguideId>
        </identifiers>
        <state>NY</state>
        <middleName />
        <lastName>CROWLEY</lastName>
        <bioguideId>C001038</bioguideId>
        <sponsorshipDate>2013-12-12</sponsorshipDate>
        <district>14</district>
        <sponsorshipWithdrawnDate />
        <party>D</party>
      </item>
      <item>
        <isOriginalCosponsor>False</isOriginalCosponsor>
        <fullName>Rep. Higgins, Brian [D-NY-26]</fullName>
        <firstName>Brian</firstName>
        <identifiers>
          <bioguideId>H001038</bioguideId>
          <gpoId>8088</gpoId>
          <lisID>1794</lisID>
        </identifiers>
        <state>NY</state>
        <middleName />
        <lastName>Higgins</lastName>
        <bioguideId>H001038</bioguideId>
        <sponsorshipDate>2014-01-13</sponsorshipDate>
        <district>26</district>
        <sponsorshipWithdrawnDate />
        <party>D</party>
      </item>
      <item>
        <isOriginalCosponsor>False</isOriginalCosponsor>
        <fullName>Rep. Meng, Grace [D-NY-6]</fullName>
        <firstName>Grace</firstName>
        <identifiers>
          <bioguideId>M001188</bioguideId>
          <lisID>2148</lisID>
          <gpoId />
        </identifiers>
        <state>NY</state>
        <middleName />
        <lastName>Meng</lastName>
        <bioguideId>M001188</bioguideId>
        <sponsorshipDate>2014-02-25</sponsorshipDate>
        <district>6</district>
        <sponsorshipWithdrawnDate />
        <party>D</party>
      </item>
      <item>
        <isOriginalCosponsor>False</isOriginalCosponsor>
        <fullName>Rep. Wilson, Joe [R-SC-2]</fullName>
        <firstName>Joe</firstName>
        <identifiers>
          <gpoId>8142</gpoId>
          <lisID>1688</lisID>
          <bioguideId>W000795</bioguideId>
        </identifiers>
        <state>SC</state>
        <middleName />
        <lastName>Wilson</lastName>
        <bioguideId>W000795</bioguideId>
        <sponsorshipDate>2014-02-27</sponsorshipDate>
        <district>2</district>
        <sponsorshipWithdrawnDate />
        <party>R</party>
      </item>
      <item>
        <isOriginalCosponsor>False</isOriginalCosponsor>
        <fullName>Rep. Ellison, Keith [D-MN-5]</fullName>
        <firstName>Keith</firstName>
        <identifiers>
          <bioguideId>E000288</bioguideId>
          <lisID>1857</lisID>
          <gpoId>8005</gpoId>
        </identifiers>
        <state>MN</state>
        <middleName />
        <lastName>Ellison</lastName>
        <bioguideId>E000288</bioguideId>
        <sponsorshipDate>2014-03-05</sponsorshipDate>
        <district>5</district>
        <sponsorshipWithdrawnDate />
        <party>D</party>
      </item>
      <item>
        <isOriginalCosponsor>False</isOriginalCosponsor>
        <fullName>Rep. Maloney, Carolyn B. [D-NY-12]</fullName>
        <firstName>CAROLYN</firstName>
        <identifiers>
          <lisID>729</lisID>
          <gpoId>8075</gpoId>
          <bioguideId>M000087</bioguideId>
        </identifiers>
        <state>NY</state>
        <middleName>B.</middleName>
        <lastName>MALONEY</lastName>
        <bioguideId>M000087</bioguideId>
        <sponsorshipDate>2014-03-11</sponsorshipDate>
        <district>12</district>
        <sponsorshipWithdrawnDate />
        <party>D</party>
      </item>
      <item>
        <isOriginalCosponsor>False</isOriginalCosponsor>
        <fullName>Rep. McGovern, James P. [D-MA-2]</fullName>
        <firstName>JAMES</firstName>
        <identifiers>
          <lisID>1504</lisID>
          <gpoId>7968</gpoId>
          <bioguideId>M000312</bioguideId>
        </identifiers>
        <state>MA</state>
        <middleName>P.</middleName>
        <lastName>MCGOVERN</lastName>
        <bioguideId>M000312</bioguideId>
        <sponsorshipDate>2014-03-11</sponsorshipDate>
        <district>2</district>
        <sponsorshipWithdrawnDate />
        <party>D</party>
      </item>
      <item>
        <isOriginalCosponsor>False</isOriginalCosponsor>
        <fullName>Rep. King, Steve [R-IA-4]</fullName>
        <firstName>Steve</firstName>
        <identifiers>
          <bioguideId>K000362</bioguideId>
          <lisID>1724</lisID>
          <gpoId>7918</gpoId>
        </identifiers>
        <state>IA</state>
        <middleName />
        <lastName>King</lastName>
        <bioguideId>K000362</bioguideId>
        <sponsorshipDate>2014-03-28</sponsorshipDate>
        <district>4</district>
        <sponsorshipWithdrawnDate />
        <party>R</party>
      </item>
      <item>
        <isOriginalCosponsor>False</isOriginalCosponsor>
        <fullName>Rep. Waters, Maxine [D-CA-43]</fullName>
        <firstName>MAXINE</firstName>
        <identifiers>
          <lisID>1205</lisID>
          <bioguideId>W000187</bioguideId>
          <gpoId>7840</gpoId>
        </identifiers>
        <state>CA</state>
        <middleName />
        <lastName>WATERS</lastName>
        <bioguideId>W000187</bioguideId>
        <sponsorshipDate>2014-04-08</sponsorshipDate>
        <district>43</district>
        <sponsorshipWithdrawnDate />
        <party>D</party>
      </item>
      <item>
        <isOriginalCosponsor>False</isOriginalCosponsor>
        <fullName>Rep. Carson, Andre [D-IN-7]</fullName>
        <firstName>Andre</firstName>
        <identifiers>
          <lisID>1889</lisID>
          <gpoId>7946</gpoId>
          <bioguideId>C001072</bioguideId>
        </identifiers>
        <state>IN</state>
        <middleName />
        <lastName>Carson</lastName>
        <bioguideId>C001072</bioguideId>
        <sponsorshipDate>2014-04-28</sponsorshipDate>
        <district>7</district>
        <sponsorshipWithdrawnDate />
        <party>D</party>
      </item>
      <item>
        <isOriginalCosponsor>False</isOriginalCosponsor>
        <fullName>Rep. Tierney, John F. [D-MA-6]</fullName>
        <firstName>JOHN</firstName>
        <identifiers>
          <bioguideId>T000266</bioguideId>
          <lisID>1535</lisID>
          <gpoId>7971</gpoId>
        </identifiers>
        <state>MA</state>
        <middleName>F.</middleName>
        <lastName>TIERNEY</lastName>
        <bioguideId>T000266</bioguideId>
        <sponsorshipDate>2014-04-30</sponsorshipDate>
        <district>6</district>
        <sponsorshipWithdrawnDate />
        <party>D</party>
      </item>
      <item>
        <isOriginalCosponsor>False</isOriginalCosponsor>
        <fullName>Rep. Shea-Porter, Carol [D-NH-1]</fullName>
        <firstName>Carol</firstName>
        <identifiers>
          <bioguideId>S001170</bioguideId>
          <gpoId>7528</gpoId>
          <lisID>1861</lisID>
        </identifiers>
        <state>NH</state>
        <middleName />
        <lastName>Shea-Porter</lastName>
        <bioguideId>S001170</bioguideId>
        <sponsorshipDate>2014-07-29</sponsorshipDate>
        <district>1</district>
        <sponsorshipWithdrawnDate />
        <party>D</party>
      </item>
      <item>
        <isOriginalCosponsor>False</isOriginalCosponsor>
        <fullName>Rep. Beatty, Joyce [D-OH-3]</fullName>
        <firstName>Joyce</firstName>
        <identifiers>
          <bioguideId>B001281</bioguideId>
          <gpoId />
          <lisID>2153</lisID>
        </identifiers>
        <state>OH</state>
        <middleName />
        <lastName>Beatty</lastName>
        <bioguideId>B001281</bioguideId>
        <sponsorshipDate>2014-09-17</sponsorshipDate>
        <district>3</district>
        <sponsorshipWithdrawnDate />
        <party>D</party>
      </item>
    </cosponsors>
    <billType>HRES</billType>
    <cboCostEstimates />
    <recordedVotes />
    <relatedBills />
    <actions>
      <item>
        <actionDate>2013-12-06</actionDate>
        <committee>
          <systemCode>hsfa13</systemCode>
          <name>Middle East and North Africa Subcommittee</name>
        </committee>
        <links />
        <sourceSystem>
          <code>1</code>
          <name>House committee actions</name>
        </sourceSystem>
        <text>Referred to the Subcommittee on Middle East and North Africa.</text>
        <type>Committee</type>
      </item>
      <item>
        <text>Referred to the House Committee on Foreign Affairs.</text>
        <committee>
          <systemCode>hsfa00</systemCode>
          <name>Foreign Affairs Committee</name>
        </committee>
        <actionCode>H11100</actionCode>
        <sourceSystem>
          <code>2</code>
          <name>House floor actions</name>
        </sourceSystem>
        <type>IntroReferral</type>
        <actionDate>2013-11-19</actionDate>
        <links />
      </item>
      <item>
        <text>Introduced in House</text>
        <committee />
        <actionCode>Intro-H</actionCode>
        <sourceSystem>
          <code>9</code>
          <name>Library of Congress</name>
        </sourceSystem>
        <type>IntroReferral</type>
        <actionDate>2013-11-19</actionDate>
        <links />
      </item>
      <item>
        <text>Introduced in House</text>
        <committee />
        <actionCode>1000</actionCode>
        <sourceSystem>
          <code>9</code>
          <name>Library of Congress</name>
        </sourceSystem>
        <type>IntroReferral</type>
        <actionDate>2013-11-19</actionDate>
        <links />
      </item>
      <actionByCounts>
        <houseOfRepresentatives>4</houseOfRepresentatives>
      </actionByCounts>
      <actionTypeCounts>
        <placeholderTextForH>1</placeholderTextForH>
        <introducedInTheHouse>1</introducedInTheHouse>
        <billReferrals>1</billReferrals>
        <introducedInHouse>1</introducedInHouse>
      </actionTypeCounts>
    </actions>
    <notes />
    <latestAction>
      <actionDate>2013-12-06</actionDate>
      <links />
      <text>Referred to the Subcommittee on Middle East and North Africa.</text>
    </latestAction>
    <introducedDate>2013-11-19</introducedDate>
    <sponsors>
      <item>
        <fullName>Rep. Van Hollen, Chris [D-MD-8]</fullName>
        <firstName>Chris</firstName>
        <byRequestType />
        <identifiers>
          <lisID>1729</lisID>
          <gpoId>7983</gpoId>
          <bioguideId>V000128</bioguideId>
        </identifiers>
        <middleName />
        <bioguideId>V000128</bioguideId>
        <district>8</district>
        <party>D</party>
        <state>MD</state>
        <lastName>Van Hollen</lastName>
      </item>
    </sponsors>
    <constitutionalAuthorityStatementText />
    <calendarNumbers />
    <committeeReports />
    <amendments />
    <createDate>2013-11-20T07:01:05Z</createDate>
    <originChamber>House</originChamber>
    <titles>
      <item>
        <parentTitleType />
        <chamberCode />
        <chamberName />
        <title>Recognizing the campaign of genocide against the Kurdish people in Iraq.</title>
        <titleType>Official Title as Introduced</titleType>
      </item>
      <item>
        <parentTitleType />
        <chamberCode />
        <chamberName />
        <title>Recognizing the campaign of genocide against the Kurdish people in Iraq.</title>
        <titleType>Display Title</titleType>
      </item>
    </titles>
  </bill>
  <dublinCore xmlns:dc="http://purl.org/dc/elements/1.1/">
    <dc:format>text/xml</dc:format>
    <dc:language>EN</dc:language>
    <dc:rights>Pursuant to Title 17 Section 105 of the United States Code, this file is not subject to copyright protection and is in the public domain.</dc:rights>
    <dc:contributor>Congressional Research Service, Library of Congress</dc:contributor>
    <dc:description>This file contains bill summaries and statuses for federal legislation. A bill summary describes the most significant provisions of a piece of legislation and details the effects the legislative text may have on current law and federal programs. Bill summaries are authored by the Congressional Research Service (CRS) of the Library of Congress. As stated in Public Law 91-510 (2 USC 166 (d)(6)), one of the duties of CRS is "to prepare summaries and digests of bills and resolutions of a public general nature introduced in the Senate or House of Representatives". For more information, refer to the User Guide that accompanies this file.</dc:description>
  </dublinCore>
</billStatus>

