<?xml version="1.0" encoding="UTF-8"?>
<billStatus>
  <bill>
    <committees>
      <billCommittees>
        <item>
          <chamber>House</chamber>
          <type>Standing</type>
          <systemCode>hsju00</systemCode>
          <subcommittees>
            <item>
              <name>Crime, Terrorism, Homeland Security, and Investigations Subcommittee</name>
              <systemCode>hsju08</systemCode>
              <activities>
                <item>
                  <date>2013-07-15T13:39:01Z</date>
                  <name>Referred to</name>
                </item>
              </activities>
            </item>
          </subcommittees>
          <name>Judiciary Committee</name>
          <activities>
            <item>
              <date>2013-06-20T13:04:50Z</date>
              <name>Referred to</name>
            </item>
          </activities>
        </item>
      </billCommittees>
    </committees>
    <congress>113</congress>
    <billNumber>272</billNumber>
    <updateDate>2016-10-25T15:54:54Z</updateDate>
    <subjects>
      <billSubjects>
        <legislativeSubjects>
          <item>
            <name>Commemorative events and holidays</name>
          </item>
          <item>
            <name>Congressional tributes</name>
          </item>
          <item>
            <name>Department of Justice</name>
          </item>
          <item>
            <name>Drug Enforcement Administration (DEA)</name>
          </item>
          <item>
            <name>Drug trafficking and controlled substances</name>
          </item>
          <item>
            <name>Drug, alcohol, tobacco use</name>
          </item>
          <item>
            <name>Law enforcement officers</name>
          </item>
          <item>
            <name>Terrorism</name>
          </item>
        </legislativeSubjects>
        <policyArea>
          <name>Crime and Law Enforcement</name>
        </policyArea>
      </billSubjects>
    </subjects>
    <policyArea>
      <name>Crime and Law Enforcement</name>
    </policyArea>
    <summaries>
      <billSummaries>
        <item>
          <updateDate>2013-06-20T04:00:00Z</updateDate>
          <versionCode>00</versionCode>
          <text><![CDATA[<p>Congratulates the Drug Enforcement Administration (DEA) on the occasion of its 40th anniversary.</p>]]></text>
          <lastSummaryUpdateDate>2013-08-15T17:50:56Z</lastSummaryUpdateDate>
          <actionDate>2013-06-20</actionDate>
          <actionDesc>Introduced in House</actionDesc>
          <name>Introduced in House</name>
        </item>
      </billSummaries>
    </summaries>
    <title>Honoring the Drug Enforcement Administration on the occasion of its 40th anniversary.</title>
    <laws />
    <cosponsors>
      <item>
        <state>GU</state>
        <fullName>Rep. Bordallo, Madeleine Z. [D-GU-At Large]</fullName>
        <sponsorshipDate>2013-06-20</sponsorshipDate>
        <identifiers>
          <bioguideId>B001245</bioguideId>
          <gpoId>7911</gpoId>
          <lisID>1723</lisID>
        </identifiers>
        <sponsorshipWithdrawnDate />
        <middleName>Z.</middleName>
        <lastName>Bordallo</lastName>
        <isOriginalCosponsor>True</isOriginalCosponsor>
        <firstName>Madeleine</firstName>
        <district>0</district>
        <party>D</party>
        <bioguideId>B001245</bioguideId>
      </item>
      <item>
        <state>MD</state>
        <fullName>Rep. Ruppersberger, C. A. Dutch [D-MD-2]</fullName>
        <sponsorshipDate>2013-06-20</sponsorshipDate>
        <identifiers>
          <gpoId>7977</gpoId>
          <lisID>1728</lisID>
          <bioguideId>R000576</bioguideId>
        </identifiers>
        <sponsorshipWithdrawnDate />
        <middleName>Dutch</middleName>
        <lastName>Ruppersberger</lastName>
        <isOriginalCosponsor>True</isOriginalCosponsor>
        <firstName>C. A.</firstName>
        <district>2</district>
        <party>D</party>
        <bioguideId>R000576</bioguideId>
      </item>
      <item>
        <state>NY</state>
        <fullName>Rep. King, Peter T. [R-NY-2]</fullName>
        <sponsorshipDate>2013-06-20</sponsorshipDate>
        <identifiers>
          <lisID>635</lisID>
          <gpoId>8064</gpoId>
          <bioguideId>K000210</bioguideId>
        </identifiers>
        <sponsorshipWithdrawnDate />
        <middleName>T.</middleName>
        <lastName>KING</lastName>
        <isOriginalCosponsor>True</isOriginalCosponsor>
        <firstName>PETER</firstName>
        <district>2</district>
        <party>R</party>
        <bioguideId>K000210</bioguideId>
      </item>
      <item>
        <state>NY</state>
        <fullName>Rep. Rangel, Charles B. [D-NY-13]</fullName>
        <sponsorshipDate>2013-06-20</sponsorshipDate>
        <identifiers>
          <gpoId>8076</gpoId>
          <lisID>944</lisID>
          <bioguideId>R000053</bioguideId>
        </identifiers>
        <sponsorshipWithdrawnDate />
        <middleName>B.</middleName>
        <lastName>RANGEL</lastName>
        <isOriginalCosponsor>True</isOriginalCosponsor>
        <firstName>CHARLES</firstName>
        <district>13</district>
        <party>D</party>
        <bioguideId>R000053</bioguideId>
      </item>
      <item>
        <state>NY</state>
        <fullName>Rep. Grimm, Michael G. [R-NY-11]</fullName>
        <sponsorshipDate>2013-06-20</sponsorshipDate>
        <identifiers>
          <gpoId>8074</gpoId>
          <lisID>2041</lisID>
          <bioguideId>G000569</bioguideId>
        </identifiers>
        <sponsorshipWithdrawnDate />
        <middleName>G.</middleName>
        <lastName>Grimm</lastName>
        <isOriginalCosponsor>True</isOriginalCosponsor>
        <firstName>Michael</firstName>
        <district>11</district>
        <party>R</party>
        <bioguideId>G000569</bioguideId>
      </item>
      <item>
        <state>NC</state>
        <fullName>Rep. McIntyre, Mike [D-NC-7]</fullName>
        <sponsorshipDate>2013-06-20</sponsorshipDate>
        <identifiers>
          <lisID>1505</lisID>
          <gpoId>8030</gpoId>
          <bioguideId>M000485</bioguideId>
        </identifiers>
        <sponsorshipWithdrawnDate />
        <middleName />
        <lastName>MCINTYRE</lastName>
        <isOriginalCosponsor>True</isOriginalCosponsor>
        <firstName>MIKE</firstName>
        <district>7</district>
        <party>D</party>
        <bioguideId>M000485</bioguideId>
      </item>
      <item>
        <state>PR</state>
        <fullName>Rep. Pierluisi, Pedro R. [D-PR-At Large]</fullName>
        <sponsorshipDate>2013-06-20</sponsorshipDate>
        <identifiers>
          <lisID>1953</lisID>
          <gpoId>8138</gpoId>
          <bioguideId>P000596</bioguideId>
        </identifiers>
        <sponsorshipWithdrawnDate />
        <middleName>R.</middleName>
        <lastName>Pierluisi</lastName>
        <isOriginalCosponsor>True</isOriginalCosponsor>
        <firstName>Pedro</firstName>
        <district>0</district>
        <party>D</party>
        <bioguideId>P000596</bioguideId>
      </item>
      <item>
        <state>CA</state>
        <fullName>Rep. Sanchez, Loretta [D-CA-46]</fullName>
        <sponsorshipDate>2013-06-20</sponsorshipDate>
        <identifiers>
          <gpoId>7852</gpoId>
          <lisID>1522</lisID>
          <bioguideId>S000030</bioguideId>
        </identifiers>
        <sponsorshipWithdrawnDate />
        <middleName />
        <lastName>SANCHEZ</lastName>
        <isOriginalCosponsor>True</isOriginalCosponsor>
        <firstName>LORETTA</firstName>
        <district>46</district>
        <party>D</party>
        <bioguideId>S000030</bioguideId>
      </item>
      <item>
        <state>VA</state>
        <fullName>Rep. Wolf, Frank R. [R-VA-10]</fullName>
        <sponsorshipDate>2013-06-20</sponsorshipDate>
        <identifiers>
          <lisID>1238</lisID>
          <gpoId>8201</gpoId>
          <bioguideId>W000672</bioguideId>
        </identifiers>
        <sponsorshipWithdrawnDate />
        <middleName>R.</middleName>
        <lastName>WOLF</lastName>
        <isOriginalCosponsor>True</isOriginalCosponsor>
        <firstName>FRANK</firstName>
        <district>10</district>
        <party>R</party>
        <bioguideId>W000672</bioguideId>
      </item>
      <item>
        <state>MN</state>
        <fullName>Rep. Peterson, Collin C. [D-MN-7]</fullName>
        <sponsorshipDate>2013-06-20</sponsorshipDate>
        <identifiers>
          <lisID>910</lisID>
          <bioguideId>P000258</bioguideId>
          <gpoId>8007</gpoId>
        </identifiers>
        <sponsorshipWithdrawnDate />
        <middleName>C.</middleName>
        <lastName>PETERSON</lastName>
        <isOriginalCosponsor>True</isOriginalCosponsor>
        <firstName>COLLIN</firstName>
        <district>7</district>
        <party>D</party>
        <bioguideId>P000258</bioguideId>
      </item>
      <item>
        <state>NC</state>
        <fullName>Rep. Coble, Howard [R-NC-6]</fullName>
        <sponsorshipDate>2013-06-25</sponsorshipDate>
        <identifiers>
          <lisID>211</lisID>
          <gpoId>8029</gpoId>
          <bioguideId>C000556</bioguideId>
        </identifiers>
        <sponsorshipWithdrawnDate />
        <middleName />
        <lastName>COBLE</lastName>
        <isOriginalCosponsor>False</isOriginalCosponsor>
        <firstName>HOWARD</firstName>
        <district>6</district>
        <party>R</party>
        <bioguideId>C000556</bioguideId>
      </item>
      <item>
        <state>CA</state>
        <fullName>Rep. Calvert, Ken [R-CA-42]</fullName>
        <sponsorshipDate>2013-06-28</sponsorshipDate>
        <identifiers>
          <lisID>165</lisID>
          <gpoId>7849</gpoId>
          <bioguideId>C000059</bioguideId>
        </identifiers>
        <sponsorshipWithdrawnDate />
        <middleName />
        <lastName>CALVERT</lastName>
        <isOriginalCosponsor>False</isOriginalCosponsor>
        <firstName>KEN</firstName>
        <district>42</district>
        <party>R</party>
        <bioguideId>C000059</bioguideId>
      </item>
      <item>
        <state>NC</state>
        <fullName>Rep. Holding, George [R-NC-13]</fullName>
        <sponsorshipDate>2013-07-09</sponsorshipDate>
        <identifiers>
          <bioguideId>H001065</bioguideId>
          <lisID>2143</lisID>
          <gpoId />
        </identifiers>
        <sponsorshipWithdrawnDate />
        <middleName />
        <lastName>Holding</lastName>
        <isOriginalCosponsor>False</isOriginalCosponsor>
        <firstName>George</firstName>
        <district>13</district>
        <party>R</party>
        <bioguideId>H001065</bioguideId>
      </item>
      <item>
        <state>TX</state>
        <fullName>Rep. Green, Gene [D-TX-29]</fullName>
        <sponsorshipDate>2013-07-11</sponsorshipDate>
        <identifiers>
          <lisID>462</lisID>
          <gpoId>8185</gpoId>
          <bioguideId>G000410</bioguideId>
        </identifiers>
        <sponsorshipWithdrawnDate />
        <middleName />
        <lastName>GREEN</lastName>
        <isOriginalCosponsor>False</isOriginalCosponsor>
        <firstName>GENE</firstName>
        <district>29</district>
        <party>D</party>
        <bioguideId>G000410</bioguideId>
      </item>
    </cosponsors>
    <billType>HRES</billType>
    <cboCostEstimates />
    <recordedVotes />
    <relatedBills>
      <item>
        <latestAction>
          <actionDate>2013-06-20</actionDate>
          <text>Referred to the Committee on the Judiciary. (text of measure as introduced: CR S4796-4797)</text>
        </latestAction>
        <congress>113</congress>
        <latestTitle>A resolution honoring the men and women of the Drug Enforcement Administration on the occasion of the 40th anniversary of the agency.</latestTitle>
        <relationshipDetails>
          <item>
            <type>Related bill</type>
            <identifiedBy>CRS</identifiedBy>
          </item>
        </relationshipDetails>
        <type>SRES</type>
        <number>178</number>
      </item>
    </relatedBills>
    <actions>
      <actionTypeCounts>
        <billReferrals>1</billReferrals>
        <introducedInHouse>1</introducedInHouse>
        <placeholderTextForH>1</placeholderTextForH>
        <introducedInTheHouse>1</introducedInTheHouse>
      </actionTypeCounts>
      <item>
        <actionDate>2013-07-15</actionDate>
        <committee>
          <systemCode>hsju08</systemCode>
          <name>Crime, Terrorism, Homeland Security, and Investigations Subcommittee</name>
        </committee>
        <links />
        <sourceSystem>
          <name>House committee actions</name>
          <code>1</code>
        </sourceSystem>
        <text>Referred to the Subcommittee on Crime, Terrorism, Homeland Security, and Investigations.</text>
        <type>Committee</type>
      </item>
      <item>
        <text>Referred to the House Committee on the Judiciary.</text>
        <links />
        <actionCode>H11100</actionCode>
        <type>IntroReferral</type>
        <committee>
          <systemCode>hsju00</systemCode>
          <name>Judiciary Committee</name>
        </committee>
        <actionDate>2013-06-20</actionDate>
        <sourceSystem>
          <name>House floor actions</name>
          <code>2</code>
        </sourceSystem>
      </item>
      <item>
        <text>Introduced in House</text>
        <links />
        <actionCode>Intro-H</actionCode>
        <type>IntroReferral</type>
        <committee />
        <actionDate>2013-06-20</actionDate>
        <sourceSystem>
          <name>Library of Congress</name>
          <code>9</code>
        </sourceSystem>
      </item>
      <item>
        <text>Introduced in House</text>
        <links />
        <actionCode>1000</actionCode>
        <type>IntroReferral</type>
        <committee />
        <actionDate>2013-06-20</actionDate>
        <sourceSystem>
          <name>Library of Congress</name>
          <code>9</code>
        </sourceSystem>
      </item>
      <actionByCounts>
        <houseOfRepresentatives>4</houseOfRepresentatives>
      </actionByCounts>
    </actions>
    <notes />
    <latestAction>
      <actionDate>2013-07-15</actionDate>
      <links />
      <text>Referred to the Subcommittee on Crime, Terrorism, Homeland Security, and Investigations.</text>
    </latestAction>
    <introducedDate>2013-06-20</introducedDate>
    <sponsors>
      <item>
        <fullName>Rep. Hunter, Duncan D. [R-CA-50]</fullName>
        <firstName>Duncan</firstName>
        <byRequestType />
        <identifiers>
          <bioguideId>H001048</bioguideId>
          <gpoId>7857</gpoId>
          <lisID>1909</lisID>
        </identifiers>
        <middleName>D.</middleName>
        <bioguideId>H001048</bioguideId>
        <district>50</district>
        <party>R</party>
        <state>CA</state>
        <lastName>Hunter</lastName>
      </item>
    </sponsors>
    <constitutionalAuthorityStatementText />
    <calendarNumbers />
    <committeeReports />
    <amendments />
    <createDate>2013-06-21T07:01:13Z</createDate>
    <originChamber>House</originChamber>
    <titles>
      <item>
        <parentTitleType />
        <titleType>Official Title as Introduced</titleType>
        <title>Honoring the Drug Enforcement Administration on the occasion of its 40th anniversary.</title>
        <chamberCode />
        <chamberName />
      </item>
      <item>
        <parentTitleType />
        <titleType>Display Title</titleType>
        <title>Honoring the Drug Enforcement Administration on the occasion of its 40th anniversary.</title>
        <chamberCode />
        <chamberName />
      </item>
    </titles>
  </bill>
  <dublinCore xmlns:dc="http://purl.org/dc/elements/1.1/">
    <dc:format>text/xml</dc:format>
    <dc:language>EN</dc:language>
    <dc:rights>Pursuant to Title 17 Section 105 of the United States Code, this file is not subject to copyright protection and is in the public domain.</dc:rights>
    <dc:contributor>Congressional Research Service, Library of Congress</dc:contributor>
    <dc:description>This file contains bill summaries and statuses for federal legislation. A bill summary describes the most significant provisions of a piece of legislation and details the effects the legislative text may have on current law and federal programs. Bill summaries are authored by the Congressional Research Service (CRS) of the Library of Congress. As stated in Public Law 91-510 (2 USC 166 (d)(6)), one of the duties of CRS is "to prepare summaries and digests of bills and resolutions of a public general nature introduced in the Senate or House of Representatives". For more information, refer to the User Guide that accompanies this file.</dc:description>
  </dublinCore>
</billStatus>

