<?xml version="1.0" encoding="UTF-8"?>
<billStatus>
  <bill>
    <committeeReports />
    <originChamber>House</originChamber>
    <titles>
      <item>
        <titleType>Official Title as Introduced</titleType>
        <parentTitleType />
        <title>Expressing support for designation of May 2014 as "Health and Fitness Month".</title>
        <chamberName />
        <chamberCode />
      </item>
      <item>
        <titleType>Display Title</titleType>
        <parentTitleType />
        <title>Expressing support for designation of May 2014 as "Health and Fitness Month".</title>
        <chamberName />
        <chamberCode />
      </item>
    </titles>
    <sponsors>
      <item>
        <state>TX</state>
        <byRequestType />
        <fullName>Rep. Veasey, Marc A. [D-TX-33]</fullName>
        <lastName>Veasey</lastName>
        <identifiers>
          <lisID>2166</lisID>
          <gpoId />
          <bioguideId>V000131</bioguideId>
        </identifiers>
        <middleName>A.</middleName>
        <bioguideId>V000131</bioguideId>
        <district>33</district>
        <party>D</party>
        <firstName>Marc</firstName>
      </item>
    </sponsors>
    <billNumber>564</billNumber>
    <recordedVotes />
    <latestAction>
      <links />
      <text>Referred to the Subcommittee on Health.</text>
      <actionDate>2014-05-02</actionDate>
    </latestAction>
    <laws />
    <title>Expressing support for designation of May 2014 as "Health and Fitness Month".</title>
    <billType>HRES</billType>
    <introducedDate>2014-05-01</introducedDate>
    <updateDate>2016-10-25T15:55:38Z</updateDate>
    <calendarNumbers />
    <amendments />
    <cboCostEstimates />
    <policyArea>
      <name>Health</name>
    </policyArea>
    <createDate>2014-05-02T07:23:16Z</createDate>
    <notes />
    <constitutionalAuthorityStatementText />
    <committees>
      <billCommittees>
        <item>
          <activities>
            <item>
              <date>2014-05-01T13:02:40Z</date>
              <name>Referred to</name>
            </item>
          </activities>
          <chamber>House</chamber>
          <subcommittees>
            <item>
              <systemCode>hsif14</systemCode>
              <name>Health Subcommittee</name>
              <activities>
                <item>
                  <date>2014-05-02T17:35:36Z</date>
                  <name>Referred to</name>
                </item>
              </activities>
            </item>
          </subcommittees>
          <systemCode>hsif00</systemCode>
          <type>Standing</type>
          <name>Energy and Commerce Committee</name>
        </item>
      </billCommittees>
    </committees>
    <cosponsors>
      <item>
        <district>20</district>
        <bioguideId>H000324</bioguideId>
        <sponsorshipWithdrawnDate />
        <fullName>Rep. Hastings, Alcee L. [D-FL-20]</fullName>
        <party>D</party>
        <lastName>HASTINGS</lastName>
        <middleName>L.</middleName>
        <identifiers>
          <bioguideId>H000324</bioguideId>
          <lisID>511</lisID>
          <gpoId>7895</gpoId>
        </identifiers>
        <sponsorshipDate>2014-05-01</sponsorshipDate>
        <isOriginalCosponsor>True</isOriginalCosponsor>
        <firstName>ALCEE</firstName>
        <state>FL</state>
      </item>
      <item>
        <district>13</district>
        <bioguideId>L000551</bioguideId>
        <sponsorshipWithdrawnDate />
        <fullName>Rep. Lee, Barbara [D-CA-13]</fullName>
        <party>D</party>
        <lastName>LEE</lastName>
        <middleName />
        <identifiers>
          <bioguideId>L000551</bioguideId>
          <lisID>1501</lisID>
          <gpoId>7814</gpoId>
        </identifiers>
        <sponsorshipDate>2014-05-01</sponsorshipDate>
        <isOriginalCosponsor>True</isOriginalCosponsor>
        <firstName>BARBARA</firstName>
        <state>CA</state>
      </item>
      <item>
        <district>4</district>
        <bioguideId>E000290</bioguideId>
        <sponsorshipWithdrawnDate />
        <fullName>Rep. Edwards, Donna F. [D-MD-4]</fullName>
        <party>D</party>
        <lastName>Edwards</lastName>
        <middleName>F.</middleName>
        <identifiers>
          <gpoId>7979</gpoId>
          <lisID>1894</lisID>
          <bioguideId>E000290</bioguideId>
        </identifiers>
        <sponsorshipDate>2014-05-01</sponsorshipDate>
        <isOriginalCosponsor>True</isOriginalCosponsor>
        <firstName>Donna</firstName>
        <state>MD</state>
      </item>
      <item>
        <district>1</district>
        <bioguideId>R000515</bioguideId>
        <sponsorshipWithdrawnDate />
        <fullName>Rep. Rush, Bobby L. [D-IL-1]</fullName>
        <party>D</party>
        <lastName>RUSH</lastName>
        <middleName>L.</middleName>
        <identifiers>
          <lisID>1003</lisID>
          <gpoId>7921</gpoId>
          <bioguideId>R000515</bioguideId>
        </identifiers>
        <sponsorshipDate>2014-05-01</sponsorshipDate>
        <isOriginalCosponsor>True</isOriginalCosponsor>
        <firstName>BOBBY</firstName>
        <state>IL</state>
      </item>
      <item>
        <district>1</district>
        <bioguideId>B001251</bioguideId>
        <sponsorshipWithdrawnDate />
        <fullName>Rep. Butterfield, G. K. [D-NC-1]</fullName>
        <party>D</party>
        <lastName>Butterfield</lastName>
        <middleName />
        <identifiers>
          <gpoId>8024</gpoId>
          <lisID>1761</lisID>
          <bioguideId>B001251</bioguideId>
        </identifiers>
        <sponsorshipDate>2014-05-01</sponsorshipDate>
        <isOriginalCosponsor>True</isOriginalCosponsor>
        <firstName>G. K.</firstName>
        <state>NC</state>
      </item>
      <item>
        <district>23</district>
        <bioguideId>G000572</bioguideId>
        <sponsorshipWithdrawnDate />
        <fullName>Rep. Gallego, Pete P. [D-TX-23]</fullName>
        <party>D</party>
        <lastName>Gallego</lastName>
        <middleName>P.</middleName>
        <identifiers>
          <lisID>2164</lisID>
          <gpoId />
          <bioguideId>G000572</bioguideId>
        </identifiers>
        <sponsorshipDate>2014-05-01</sponsorshipDate>
        <isOriginalCosponsor>True</isOriginalCosponsor>
        <firstName>Pete</firstName>
        <state>TX</state>
      </item>
      <item>
        <district>5</district>
        <bioguideId>B000911</bioguideId>
        <sponsorshipWithdrawnDate />
        <fullName>Rep. Brown, Corrine [D-FL-5]</fullName>
        <party>D</party>
        <lastName>BROWN</lastName>
        <middleName />
        <identifiers>
          <lisID>132</lisID>
          <gpoId>7875</gpoId>
          <bioguideId>B000911</bioguideId>
        </identifiers>
        <sponsorshipDate>2014-05-01</sponsorshipDate>
        <isOriginalCosponsor>True</isOriginalCosponsor>
        <firstName>CORRINE</firstName>
        <state>FL</state>
      </item>
      <item>
        <district>7</district>
        <bioguideId>D000096</bioguideId>
        <sponsorshipWithdrawnDate />
        <fullName>Rep. Davis, Danny K. [D-IL-7]</fullName>
        <party>D</party>
        <lastName>DAVIS</lastName>
        <middleName>K.</middleName>
        <identifiers>
          <lisID>1477</lisID>
          <gpoId>7927</gpoId>
          <bioguideId>D000096</bioguideId>
        </identifiers>
        <sponsorshipDate>2014-05-01</sponsorshipDate>
        <isOriginalCosponsor>True</isOriginalCosponsor>
        <firstName>DANNY</firstName>
        <state>IL</state>
      </item>
      <item>
        <district>3</district>
        <bioguideId>B000574</bioguideId>
        <sponsorshipWithdrawnDate />
        <fullName>Rep. Blumenauer, Earl [D-OR-3]</fullName>
        <party>D</party>
        <lastName>BLUMENAUER</lastName>
        <middleName />
        <identifiers>
          <gpoId>8116</gpoId>
          <lisID>99</lisID>
          <bioguideId>B000574</bioguideId>
        </identifiers>
        <sponsorshipDate>2014-05-01</sponsorshipDate>
        <isOriginalCosponsor>True</isOriginalCosponsor>
        <firstName>EARL</firstName>
        <state>OR</state>
      </item>
      <item>
        <district>11</district>
        <bioguideId>F000455</bioguideId>
        <sponsorshipWithdrawnDate />
        <fullName>Rep. Fudge, Marcia L. [D-OH-11]</fullName>
        <party>D</party>
        <lastName>Fudge</lastName>
        <middleName>L.</middleName>
        <identifiers>
          <bioguideId>F000455</bioguideId>
          <lisID>1895</lisID>
          <gpoId>8101</gpoId>
        </identifiers>
        <sponsorshipDate>2014-05-01</sponsorshipDate>
        <isOriginalCosponsor>True</isOriginalCosponsor>
        <firstName>Marcia</firstName>
        <state>OH</state>
      </item>
      <item>
        <district>13</district>
        <bioguideId>S001157</bioguideId>
        <sponsorshipWithdrawnDate />
        <fullName>Rep. Scott, David [D-GA-13]</fullName>
        <party>D</party>
        <lastName>Scott</lastName>
        <middleName />
        <identifiers>
          <bioguideId>S001157</bioguideId>
          <lisID>1722</lisID>
          <gpoId>7910</gpoId>
        </identifiers>
        <sponsorshipDate>2014-05-01</sponsorshipDate>
        <isOriginalCosponsor>True</isOriginalCosponsor>
        <firstName>David</firstName>
        <state>GA</state>
      </item>
      <item>
        <district>18</district>
        <bioguideId>J000032</bioguideId>
        <sponsorshipWithdrawnDate />
        <fullName>Rep. Jackson Lee, Sheila [D-TX-18]</fullName>
        <party>D</party>
        <lastName>JACKSON LEE</lastName>
        <middleName />
        <identifiers>
          <gpoId>8174</gpoId>
          <lisID>588</lisID>
          <bioguideId>J000032</bioguideId>
        </identifiers>
        <sponsorshipDate>2014-05-01</sponsorshipDate>
        <isOriginalCosponsor>True</isOriginalCosponsor>
        <firstName>SHEILA</firstName>
        <state>TX</state>
      </item>
      <item>
        <district>2</district>
        <bioguideId>K000385</bioguideId>
        <sponsorshipWithdrawnDate />
        <fullName>Rep. Kelly, Robin L. [D-IL-2]</fullName>
        <party>D</party>
        <lastName>Kelly</lastName>
        <middleName>L.</middleName>
        <identifiers>
          <lisID>2190</lisID>
          <gpoId />
          <bioguideId>K000385</bioguideId>
        </identifiers>
        <sponsorshipDate>2014-05-01</sponsorshipDate>
        <isOriginalCosponsor>True</isOriginalCosponsor>
        <firstName>Robin</firstName>
        <state>IL</state>
      </item>
      <item>
        <district>30</district>
        <bioguideId>J000126</bioguideId>
        <sponsorshipWithdrawnDate />
        <fullName>Rep. Johnson, Eddie Bernice [D-TX-30]</fullName>
        <party>D</party>
        <lastName>JOHNSON</lastName>
        <middleName>BERNICE</middleName>
        <identifiers>
          <bioguideId>J000126</bioguideId>
          <gpoId>8186</gpoId>
          <lisID>599</lisID>
        </identifiers>
        <sponsorshipDate>2014-05-01</sponsorshipDate>
        <isOriginalCosponsor>True</isOriginalCosponsor>
        <firstName>EDDIE</firstName>
        <state>TX</state>
      </item>
      <item>
        <district>24</district>
        <bioguideId>W000808</bioguideId>
        <sponsorshipWithdrawnDate />
        <fullName>Rep. Wilson, Frederica S. [D-FL-24]</fullName>
        <party>D</party>
        <lastName>Wilson</lastName>
        <middleName>S.</middleName>
        <identifiers>
          <bioguideId>W000808</bioguideId>
          <gpoId>7889</gpoId>
          <lisID>2004</lisID>
        </identifiers>
        <sponsorshipDate>2014-05-01</sponsorshipDate>
        <isOriginalCosponsor>True</isOriginalCosponsor>
        <firstName>Frederica</firstName>
        <state>FL</state>
      </item>
      <item>
        <district>0</district>
        <bioguideId>N000147</bioguideId>
        <sponsorshipWithdrawnDate />
        <fullName>Rep. Norton, Eleanor Holmes [D-DC-At Large]</fullName>
        <party>D</party>
        <lastName>NORTON</lastName>
        <middleName>HOLMES</middleName>
        <identifiers>
          <lisID>868</lisID>
          <gpoId>7871</gpoId>
          <bioguideId>N000147</bioguideId>
        </identifiers>
        <sponsorshipDate>2014-05-09</sponsorshipDate>
        <isOriginalCosponsor>False</isOriginalCosponsor>
        <firstName>ELEANOR</firstName>
        <state>DC</state>
      </item>
      <item>
        <district>34</district>
        <bioguideId>V000132</bioguideId>
        <sponsorshipWithdrawnDate />
        <fullName>Rep. Vela, Filemon [D-TX-34]</fullName>
        <party>D</party>
        <lastName>Vela</lastName>
        <middleName />
        <identifiers>
          <gpoId />
          <lisID>2167</lisID>
          <bioguideId>V000132</bioguideId>
        </identifiers>
        <sponsorshipDate>2014-05-09</sponsorshipDate>
        <isOriginalCosponsor>False</isOriginalCosponsor>
        <firstName>Filemon</firstName>
        <state>TX</state>
      </item>
      <item>
        <district>37</district>
        <bioguideId>B001270</bioguideId>
        <sponsorshipWithdrawnDate />
        <fullName>Rep. Bass, Karen [D-CA-37]</fullName>
        <party>D</party>
        <lastName>Bass</lastName>
        <middleName />
        <identifiers>
          <lisID>1996</lisID>
          <gpoId>7838</gpoId>
          <bioguideId>B001270</bioguideId>
        </identifiers>
        <sponsorshipDate>2014-05-09</sponsorshipDate>
        <isOriginalCosponsor>False</isOriginalCosponsor>
        <firstName>Karen</firstName>
        <state>CA</state>
      </item>
      <item>
        <district>1</district>
        <bioguideId>C001049</bioguideId>
        <sponsorshipWithdrawnDate />
        <fullName>Rep. Clay, Wm. Lacy [D-MO-1]</fullName>
        <party>D</party>
        <lastName>CLAY</lastName>
        <middleName>LACY</middleName>
        <identifiers>
          <lisID>1654</lisID>
          <gpoId>8009</gpoId>
          <bioguideId>C001049</bioguideId>
        </identifiers>
        <sponsorshipDate>2014-05-30</sponsorshipDate>
        <isOriginalCosponsor>False</isOriginalCosponsor>
        <firstName>WM.</firstName>
        <state>MO</state>
      </item>
      <item>
        <district>13</district>
        <bioguideId>R000053</bioguideId>
        <sponsorshipWithdrawnDate />
        <fullName>Rep. Rangel, Charles B. [D-NY-13]</fullName>
        <party>D</party>
        <lastName>RANGEL</lastName>
        <middleName>B.</middleName>
        <identifiers>
          <gpoId>8076</gpoId>
          <lisID>944</lisID>
          <bioguideId>R000053</bioguideId>
        </identifiers>
        <sponsorshipDate>2014-05-30</sponsorshipDate>
        <isOriginalCosponsor>False</isOriginalCosponsor>
        <firstName>CHARLES</firstName>
        <state>NY</state>
      </item>
      <item>
        <district>4</district>
        <bioguideId>M001143</bioguideId>
        <sponsorshipWithdrawnDate />
        <fullName>Rep. McCollum, Betty [D-MN-4]</fullName>
        <party>D</party>
        <lastName>MCCOLLUM</lastName>
        <middleName />
        <identifiers>
          <gpoId>8004</gpoId>
          <lisID>1653</lisID>
          <bioguideId>M001143</bioguideId>
        </identifiers>
        <sponsorshipDate>2014-05-30</sponsorshipDate>
        <isOriginalCosponsor>False</isOriginalCosponsor>
        <firstName>BETTY</firstName>
        <state>MN</state>
      </item>
      <item>
        <district>17</district>
        <bioguideId>L000480</bioguideId>
        <sponsorshipWithdrawnDate />
        <fullName>Rep. Lowey, Nita M. [D-NY-17]</fullName>
        <party>D</party>
        <lastName>LOWEY</lastName>
        <middleName>M.</middleName>
        <identifiers>
          <lisID>709</lisID>
          <gpoId>8079</gpoId>
          <bioguideId>L000480</bioguideId>
        </identifiers>
        <sponsorshipDate>2014-06-18</sponsorshipDate>
        <isOriginalCosponsor>False</isOriginalCosponsor>
        <firstName>NITA</firstName>
        <state>NY</state>
      </item>
      <item>
        <district>0</district>
        <bioguideId>S001177</bioguideId>
        <sponsorshipWithdrawnDate />
        <fullName>Rep. Sablan, Gregorio Kilili Camacho [D-MP-At Large]</fullName>
        <party>D</party>
        <lastName>Sablan</lastName>
        <middleName>Kilili Camacho</middleName>
        <identifiers>
          <lisID>1962</lisID>
          <bioguideId>S001177</bioguideId>
          <gpoId>8018</gpoId>
        </identifiers>
        <sponsorshipDate>2014-06-18</sponsorshipDate>
        <isOriginalCosponsor>False</isOriginalCosponsor>
        <firstName>Gregorio</firstName>
        <state>MP</state>
      </item>
    </cosponsors>
    <congress>113</congress>
    <relatedBills>
      <item>
        <latestAction>
          <actionDate>2013-05-03</actionDate>
          <text>Referred to the Subcommittee on Health.</text>
        </latestAction>
        <congress>113</congress>
        <latestTitle>Expressing support for designation of May 2013 as "Health and Fitness Month".</latestTitle>
        <relationshipDetails>
          <item>
            <type>Identical bill</type>
            <identifiedBy>CRS</identifiedBy>
          </item>
        </relationshipDetails>
        <type>HRES</type>
        <number>195</number>
      </item>
    </relatedBills>
    <summaries>
      <billSummaries>
        <item>
          <updateDate>2014-05-01T04:00:00Z</updateDate>
          <lastSummaryUpdateDate>2014-06-08T00:18:48Z</lastSummaryUpdateDate>
          <actionDate>2014-05-01</actionDate>
          <text><![CDATA[<p> Expresses support for the designation of Health and Fitness Month and for efforts to educate Americans on the importance of a healthy and nutritious lifestyle.</p>]]></text>
          <name>Introduced in House</name>
          <versionCode>00</versionCode>
          <actionDesc>Introduced in House</actionDesc>
        </item>
      </billSummaries>
    </summaries>
    <actions>
      <item>
        <actionDate>2014-05-02</actionDate>
        <committee>
          <systemCode>hsif14</systemCode>
          <name>Health Subcommittee</name>
        </committee>
        <links />
        <sourceSystem>
          <code>1</code>
          <name>House committee actions</name>
        </sourceSystem>
        <text>Referred to the Subcommittee on Health.</text>
        <type>Committee</type>
      </item>
      <item>
        <sourceSystem>
          <code>2</code>
          <name>House floor actions</name>
        </sourceSystem>
        <actionDate>2014-05-01</actionDate>
        <links />
        <committee>
          <systemCode>hsif00</systemCode>
          <name>Energy and Commerce Committee</name>
        </committee>
        <text>Referred to the House Committee on Energy and Commerce.</text>
        <type>IntroReferral</type>
        <actionCode>H11100</actionCode>
      </item>
      <item>
        <sourceSystem>
          <code>9</code>
          <name>Library of Congress</name>
        </sourceSystem>
        <actionDate>2014-05-01</actionDate>
        <links />
        <committee />
        <text>Introduced in House</text>
        <type>IntroReferral</type>
        <actionCode>Intro-H</actionCode>
      </item>
      <item>
        <sourceSystem>
          <code>9</code>
          <name>Library of Congress</name>
        </sourceSystem>
        <actionDate>2014-05-01</actionDate>
        <links />
        <committee />
        <text>Introduced in House</text>
        <type>IntroReferral</type>
        <actionCode>1000</actionCode>
      </item>
      <actionTypeCounts>
        <introducedInHouse>1</introducedInHouse>
        <placeholderTextForH>1</placeholderTextForH>
        <billReferrals>1</billReferrals>
        <introducedInTheHouse>1</introducedInTheHouse>
      </actionTypeCounts>
      <actionByCounts>
        <houseOfRepresentatives>4</houseOfRepresentatives>
      </actionByCounts>
    </actions>
    <subjects>
      <billSubjects>
        <legislativeSubjects>
          <item>
            <name>Commemorative events and holidays</name>
          </item>
          <item>
            <name>Health promotion and preventive care</name>
          </item>
          <item>
            <name>Nutrition and diet</name>
          </item>
          <item>
            <name>Physical fitness and lifestyle</name>
          </item>
        </legislativeSubjects>
        <policyArea>
          <name>Health</name>
        </policyArea>
      </billSubjects>
    </subjects>
  </bill>
  <dublinCore xmlns:dc="http://purl.org/dc/elements/1.1/">
    <dc:format>text/xml</dc:format>
    <dc:language>EN</dc:language>
    <dc:rights>Pursuant to Title 17 Section 105 of the United States Code, this file is not subject to copyright protection and is in the public domain.</dc:rights>
    <dc:contributor>Congressional Research Service, Library of Congress</dc:contributor>
    <dc:description>This file contains bill summaries and statuses for federal legislation. A bill summary describes the most significant provisions of a piece of legislation and details the effects the legislative text may have on current law and federal programs. Bill summaries are authored by the Congressional Research Service (CRS) of the Library of Congress. As stated in Public Law 91-510 (2 USC 166 (d)(6)), one of the duties of CRS is "to prepare summaries and digests of bills and resolutions of a public general nature introduced in the Senate or House of Representatives". For more information, refer to the User Guide that accompanies this file.</dc:description>
  </dublinCore>
</billStatus>

