<?xml version="1.0" encoding="UTF-8"?>
<billStatus>
  <bill>
    <title>Expressing the sense of the House of Representatives that Federal laboratories have been and continue to be on the cutting edge of scientific and technological advancement and supporting the designation of 2013 as the "Year of the Federal Lab".</title>
    <policyArea>
      <name>Science, Technology, Communications</name>
    </policyArea>
    <constitutionalAuthorityStatementText />
    <recordedVotes />
    <createDate>2013-01-24T07:00:55Z</createDate>
    <summaries>
      <billSummaries>
        <item>
          <versionCode>00</versionCode>
          <actionDate>2013-01-23</actionDate>
          <text><![CDATA[<p>Supports the designation of the &quot;Year of the Federal Lab&quot; in celebration of the work and accomplishments of the national network of federal laboratories. </p> <p>Commits to finding ways of increasing federal investment in the network of such laboratories in order to increase support of federally sponsored research and development. </p> <p>Encourages the laboratories, the executive branch agencies, and Congress to hold educational and outreach events during the &quot;Year of the Federal Lab&quot; to make the public more aware of the work of such laboratories. </p>]]></text>
          <name>Introduced in House</name>
          <lastSummaryUpdateDate>2013-01-29T22:26:43Z</lastSummaryUpdateDate>
          <updateDate>2013-01-23T05:00:00Z</updateDate>
          <actionDesc>Introduced in House</actionDesc>
        </item>
      </billSummaries>
    </summaries>
    <committeeReports />
    <notes />
    <latestAction>
      <links />
      <actionDate>2013-01-23</actionDate>
      <text>Referred to the House Committee on Science, Space, and Technology.</text>
    </latestAction>
    <sponsors>
      <item>
        <state>PA</state>
        <fullName>Rep. Fattah, Chaka [D-PA-2]</fullName>
        <district>2</district>
        <bioguideId>F000043</bioguideId>
        <middleName />
        <byRequestType />
        <lastName>FATTAH</lastName>
        <party>D</party>
        <firstName>CHAKA</firstName>
        <identifiers>
          <bioguideId>F000043</bioguideId>
          <lisID>371</lisID>
          <gpoId>8120</gpoId>
        </identifiers>
      </item>
    </sponsors>
    <billNumber>44</billNumber>
    <titles>
      <item>
        <titleType>Official Title as Introduced</titleType>
        <parentTitleType />
        <title>Expressing the sense of the House of Representatives that Federal laboratories have been and continue to be on the cutting edge of scientific and technological advancement and supporting the designation of 2013 as the "Year of the Federal Lab".</title>
        <chamberName />
        <chamberCode />
      </item>
      <item>
        <titleType>Display Title</titleType>
        <parentTitleType />
        <title>Expressing the sense of the House of Representatives that Federal laboratories have been and continue to be on the cutting edge of scientific and technological advancement and supporting the designation of 2013 as the "Year of the Federal Lab".</title>
        <chamberName />
        <chamberCode />
      </item>
    </titles>
    <billType>HRES</billType>
    <laws />
    <committees>
      <billCommittees>
        <item>
          <subcommittees />
          <chamber>House</chamber>
          <systemCode>hssy00</systemCode>
          <activities>
            <item>
              <date>2013-01-23T14:05:20Z</date>
              <name>Referred to</name>
            </item>
          </activities>
          <type>Standing</type>
          <name>Science, Space, and Technology Committee</name>
        </item>
      </billCommittees>
    </committees>
    <updateDate>2016-10-25T15:54:22Z</updateDate>
    <relatedBills />
    <subjects>
      <billSubjects>
        <legislativeSubjects>
          <item>
            <name>Commemorative events and holidays</name>
          </item>
          <item>
            <name>Competitiveness, trade promotion, trade deficits</name>
          </item>
          <item>
            <name>Government buildings, facilities, and property</name>
          </item>
          <item>
            <name>Research administration and funding</name>
          </item>
          <item>
            <name>Research and development</name>
          </item>
        </legislativeSubjects>
        <policyArea>
          <name>Science, Technology, Communications</name>
        </policyArea>
      </billSubjects>
    </subjects>
    <introducedDate>2013-01-23</introducedDate>
    <actions>
      <actionTypeCounts>
        <billReferrals>1</billReferrals>
        <introducedInHouse>1</introducedInHouse>
        <introducedInTheHouse>1</introducedInTheHouse>
      </actionTypeCounts>
      <item>
        <actionDate>2013-01-23</actionDate>
        <text>Referred to the House Committee on Science, Space, and Technology.</text>
        <type>IntroReferral</type>
        <committee>
          <systemCode>hssy00</systemCode>
          <name>Science, Space, and Technology Committee</name>
        </committee>
        <links />
        <sourceSystem>
          <code>2</code>
          <name>House floor actions</name>
        </sourceSystem>
        <actionCode>H11100</actionCode>
      </item>
      <item>
        <actionDate>2013-01-23</actionDate>
        <text>Introduced in House</text>
        <type>IntroReferral</type>
        <committee />
        <links />
        <sourceSystem>
          <code>9</code>
          <name>Library of Congress</name>
        </sourceSystem>
        <actionCode>Intro-H</actionCode>
      </item>
      <item>
        <actionDate>2013-01-23</actionDate>
        <text>Introduced in House</text>
        <type>IntroReferral</type>
        <committee />
        <links />
        <sourceSystem>
          <code>9</code>
          <name>Library of Congress</name>
        </sourceSystem>
        <actionCode>1000</actionCode>
      </item>
      <actionByCounts>
        <houseOfRepresentatives>3</houseOfRepresentatives>
      </actionByCounts>
    </actions>
    <amendments />
    <congress>113</congress>
    <cosponsors>
      <item>
        <fullName>Rep. Hultgren, Randy [R-IL-14]</fullName>
        <lastName>Hultgren</lastName>
        <bioguideId>H001059</bioguideId>
        <party>R</party>
        <district>14</district>
        <sponsorshipWithdrawnDate />
        <state>IL</state>
        <isOriginalCosponsor>True</isOriginalCosponsor>
        <sponsorshipDate>2013-01-23</sponsorshipDate>
        <middleName />
        <firstName>Randy</firstName>
        <identifiers>
          <bioguideId>H001059</bioguideId>
          <lisID>2015</lisID>
          <gpoId>7934</gpoId>
        </identifiers>
      </item>
      <item>
        <fullName>Rep. Lujan, Ben Ray [D-NM-3]</fullName>
        <lastName>Lujan</lastName>
        <bioguideId>L000570</bioguideId>
        <party>D</party>
        <district>3</district>
        <sponsorshipWithdrawnDate />
        <state>NM</state>
        <isOriginalCosponsor>True</isOriginalCosponsor>
        <sponsorshipDate>2013-01-23</sponsorshipDate>
        <middleName>Ray</middleName>
        <firstName>Ben</firstName>
        <identifiers>
          <bioguideId>L000570</bioguideId>
          <gpoId>8058</gpoId>
          <lisID>1939</lisID>
        </identifiers>
      </item>
    </cosponsors>
    <calendarNumbers />
    <cboCostEstimates />
    <originChamber>House</originChamber>
  </bill>
  <dublinCore xmlns:dc="http://purl.org/dc/elements/1.1/">
    <dc:format>text/xml</dc:format>
    <dc:language>EN</dc:language>
    <dc:rights>Pursuant to Title 17 Section 105 of the United States Code, this file is not subject to copyright protection and is in the public domain.</dc:rights>
    <dc:contributor>Congressional Research Service, Library of Congress</dc:contributor>
    <dc:description>This file contains bill summaries and statuses for federal legislation. A bill summary describes the most significant provisions of a piece of legislation and details the effects the legislative text may have on current law and federal programs. Bill summaries are authored by the Congressional Research Service (CRS) of the Library of Congress. As stated in Public Law 91-510 (2 USC 166 (d)(6)), one of the duties of CRS is "to prepare summaries and digests of bills and resolutions of a public general nature introduced in the Senate or House of Representatives". For more information, refer to the User Guide that accompanies this file.</dc:description>
  </dublinCore>
</billStatus>

