<?xml version="1.0" encoding="UTF-8"?>
<billStatus>
  <bill>
    <title>Taxpayer Bill of Rights Resolution</title>
    <policyArea>
      <name>Taxation</name>
    </policyArea>
    <constitutionalAuthorityStatementText />
    <recordedVotes />
    <createDate>2013-06-28T07:01:13Z</createDate>
    <summaries>
      <billSummaries>
        <item>
          <versionCode>00</versionCode>
          <actionDate>2013-06-27</actionDate>
          <text><![CDATA[<p>Taxpayer Bill of Rights Resolution - Expresses the sense of the House of Representatives that each taxpayer has the right to be informed, to be assisted, to be heard, to pay no more than the correct amount of tax, to an appeal, to certainty, to privacy, to confidentiality, to representation, and to a fair and just tax system.</p> <UL> </UL>]]></text>
          <lastSummaryUpdateDate>2013-07-03T19:07:51Z</lastSummaryUpdateDate>
          <actionDesc>Introduced in House</actionDesc>
          <name>Introduced in House</name>
          <updateDate>2013-06-27T04:00:00Z</updateDate>
        </item>
      </billSummaries>
    </summaries>
    <committeeReports />
    <notes />
    <latestAction>
      <links />
      <actionDate>2013-06-27</actionDate>
      <text>Referred to the House Committee on Ways and Means.</text>
    </latestAction>
    <sponsors>
      <item>
        <state>IL</state>
        <fullName>Rep. Roskam, Peter J. [R-IL-6]</fullName>
        <district>6</district>
        <bioguideId>R000580</bioguideId>
        <middleName>J.</middleName>
        <byRequestType />
        <lastName>Roskam</lastName>
        <party>R</party>
        <firstName>Peter</firstName>
        <identifiers>
          <bioguideId>R000580</bioguideId>
          <lisID>1848</lisID>
          <gpoId>7926</gpoId>
        </identifiers>
      </item>
    </sponsors>
    <billNumber>280</billNumber>
    <titles>
      <item>
        <title>Taxpayer Bill of Rights Resolution</title>
        <titleType>Short Titles as Introduced</titleType>
        <chamberCode />
        <chamberName />
        <parentTitleType />
      </item>
      <item>
        <title>Expressing the sense of the House of Representatives regarding a taxpayer bill of rights.</title>
        <titleType>Official Title as Introduced</titleType>
        <chamberCode />
        <chamberName />
        <parentTitleType />
      </item>
      <item>
        <title>Taxpayer Bill of Rights Resolution</title>
        <titleType>Display Title</titleType>
        <chamberCode />
        <chamberName />
        <parentTitleType />
      </item>
    </titles>
    <billType>HRES</billType>
    <laws />
    <committees>
      <billCommittees>
        <item>
          <subcommittees />
          <type>Standing</type>
          <activities>
            <item>
              <name>Referred to</name>
              <date>2013-06-27T14:00:45Z</date>
            </item>
          </activities>
          <systemCode>hswm00</systemCode>
          <name>Ways and Means Committee</name>
          <chamber>House</chamber>
        </item>
      </billCommittees>
    </committees>
    <updateDate>2016-10-25T15:54:55Z</updateDate>
    <relatedBills>
      <item>
        <number>2768</number>
        <relationshipDetails>
          <item>
            <identifiedBy>CRS</identifiedBy>
            <type>Related bill</type>
          </item>
        </relationshipDetails>
        <congress>113</congress>
        <latestAction>
          <text>Received in the Senate and Read twice and referred to the Committee on Finance.</text>
          <actionDate>2013-08-01</actionDate>
        </latestAction>
        <type>HR</type>
        <latestTitle>Taxpayer Bill of Rights Act of 2013</latestTitle>
      </item>
    </relatedBills>
    <subjects>
      <billSubjects>
        <legislativeSubjects>
          <item>
            <name>Government ethics and transparency, public corruption</name>
          </item>
          <item>
            <name>Lawyers and legal services</name>
          </item>
          <item>
            <name>Right of privacy</name>
          </item>
          <item>
            <name>Tax administration and collection, taxpayers</name>
          </item>
        </legislativeSubjects>
        <policyArea>
          <name>Taxation</name>
        </policyArea>
      </billSubjects>
    </subjects>
    <introducedDate>2013-06-27</introducedDate>
    <actions>
      <actionTypeCounts>
        <introducedInHouse>1</introducedInHouse>
        <billReferrals>1</billReferrals>
        <introducedInTheHouse>1</introducedInTheHouse>
      </actionTypeCounts>
      <actionByCounts>
        <houseOfRepresentatives>3</houseOfRepresentatives>
      </actionByCounts>
      <item>
        <actionCode>H11100</actionCode>
        <actionDate>2013-06-27</actionDate>
        <text>Referred to the House Committee on Ways and Means.</text>
        <committee>
          <systemCode>hswm00</systemCode>
          <name>Ways and Means Committee</name>
        </committee>
        <type>IntroReferral</type>
        <links />
        <sourceSystem>
          <name>House floor actions</name>
          <code>2</code>
        </sourceSystem>
      </item>
      <item>
        <actionCode>Intro-H</actionCode>
        <actionDate>2013-06-27</actionDate>
        <text>Introduced in House</text>
        <committee />
        <type>IntroReferral</type>
        <links />
        <sourceSystem>
          <name>Library of Congress</name>
          <code>9</code>
        </sourceSystem>
      </item>
      <item>
        <actionCode>1000</actionCode>
        <actionDate>2013-06-27</actionDate>
        <text>Introduced in House</text>
        <committee />
        <type>IntroReferral</type>
        <links />
        <sourceSystem>
          <name>Library of Congress</name>
          <code>9</code>
        </sourceSystem>
      </item>
    </actions>
    <amendments />
    <congress>113</congress>
    <cosponsors>
      <item>
        <fullName>Rep. Griffin, Tim [R-AR-2]</fullName>
        <lastName>Griffin</lastName>
        <state>AR</state>
        <identifiers>
          <lisID>1990</lisID>
          <gpoId>7794</gpoId>
          <bioguideId>G000567</bioguideId>
        </identifiers>
        <bioguideId>G000567</bioguideId>
        <sponsorshipDate>2013-07-25</sponsorshipDate>
        <middleName />
        <isOriginalCosponsor>False</isOriginalCosponsor>
        <party>R</party>
        <firstName>Tim</firstName>
        <district>2</district>
        <sponsorshipWithdrawnDate />
      </item>
      <item>
        <fullName>Rep. Brady, Kevin [R-TX-8]</fullName>
        <lastName>BRADY</lastName>
        <state>TX</state>
        <identifiers>
          <gpoId>8164</gpoId>
          <lisID>1468</lisID>
          <bioguideId>B000755</bioguideId>
        </identifiers>
        <bioguideId>B000755</bioguideId>
        <sponsorshipDate>2013-07-25</sponsorshipDate>
        <middleName />
        <isOriginalCosponsor>False</isOriginalCosponsor>
        <party>R</party>
        <firstName>KEVIN</firstName>
        <district>8</district>
        <sponsorshipWithdrawnDate />
      </item>
      <item>
        <fullName>Rep. Radel, Trey [R-FL-19]</fullName>
        <lastName>Radel</lastName>
        <state>FL</state>
        <identifiers>
          <gpoId />
          <lisID>2118</lisID>
          <bioguideId>R000596</bioguideId>
        </identifiers>
        <bioguideId>R000596</bioguideId>
        <sponsorshipDate>2013-07-25</sponsorshipDate>
        <middleName />
        <isOriginalCosponsor>False</isOriginalCosponsor>
        <party>R</party>
        <firstName>Trey</firstName>
        <district>19</district>
        <sponsorshipWithdrawnDate />
      </item>
      <item>
        <fullName>Rep. Perry, Scott [R-PA-4]</fullName>
        <lastName>Perry</lastName>
        <state>PA</state>
        <identifiers>
          <lisID>2157</lisID>
          <gpoId />
          <bioguideId>P000605</bioguideId>
        </identifiers>
        <bioguideId>P000605</bioguideId>
        <sponsorshipDate>2013-07-30</sponsorshipDate>
        <middleName />
        <isOriginalCosponsor>False</isOriginalCosponsor>
        <party>R</party>
        <firstName>Scott</firstName>
        <district>4</district>
        <sponsorshipWithdrawnDate />
      </item>
    </cosponsors>
    <calendarNumbers />
    <cboCostEstimates />
    <originChamber>House</originChamber>
  </bill>
  <dublinCore xmlns:dc="http://purl.org/dc/elements/1.1/">
    <dc:format>text/xml</dc:format>
    <dc:language>EN</dc:language>
    <dc:rights>Pursuant to Title 17 Section 105 of the United States Code, this file is not subject to copyright protection and is in the public domain.</dc:rights>
    <dc:contributor>Congressional Research Service, Library of Congress</dc:contributor>
    <dc:description>This file contains bill summaries and statuses for federal legislation. A bill summary describes the most significant provisions of a piece of legislation and details the effects the legislative text may have on current law and federal programs. Bill summaries are authored by the Congressional Research Service (CRS) of the Library of Congress. As stated in Public Law 91-510 (2 USC 166 (d)(6)), one of the duties of CRS is "to prepare summaries and digests of bills and resolutions of a public general nature introduced in the Senate or House of Representatives". For more information, refer to the User Guide that accompanies this file.</dc:description>
  </dublinCore>
</billStatus>

