<?xml version="1.0" encoding="UTF-8"?>
<billStatus>
  <bill>
    <committees>
      <billCommittees>
        <item>
          <subcommittees />
          <systemCode>hsfa00</systemCode>
          <activities>
            <item>
              <name>Referred to</name>
              <date>2013-04-25T14:04:45Z</date>
            </item>
          </activities>
          <chamber>House</chamber>
          <name>Foreign Affairs Committee</name>
          <type>Standing</type>
        </item>
      </billCommittees>
    </committees>
    <introducedDate>2013-04-25</introducedDate>
    <congress>113</congress>
    <laws />
    <calendarNumbers />
    <originChamber>House</originChamber>
    <constitutionalAuthorityStatementText />
    <titles>
      <item>
        <titleType>Official Title as Introduced</titleType>
        <parentTitleType />
        <title>Expressing the sense of the House of Representatives that the Broadcasting Board of Governors should broadcast and direct Azeri language content into the Islamic Republic of Iran and Baloch language content into the Islamic Republic of Iran and the Islamic Republic of Pakistan.</title>
        <chamberName />
        <chamberCode />
      </item>
      <item>
        <titleType>Display Title</titleType>
        <parentTitleType />
        <title>Expressing the sense of the House of Representatives that the Broadcasting Board of Governors should broadcast and direct Azeri language content into the Islamic Republic of Iran and Baloch language content into the Islamic Republic of Iran and the Islamic Republic of Pakistan.</title>
        <chamberName />
        <chamberCode />
      </item>
    </titles>
    <createDate>2013-04-26T07:02:04Z</createDate>
    <title>Expressing the sense of the House of Representatives that the Broadcasting Board of Governors should broadcast and direct Azeri language content into the Islamic Republic of Iran and Baloch language content into the Islamic Republic of Iran and the Islamic Republic of Pakistan.</title>
    <cboCostEstimates />
    <summaries>
      <billSummaries>
        <item>
          <versionCode>00</versionCode>
          <actionDate>2013-04-25</actionDate>
          <text><![CDATA[<p>Expresses the sense of the House of Representatives that the Broadcasting Board of Governors should broadcast and direct Azeri language content into the Islamic Republic of Iran and Baloch language content into the Islamic Republic of Iran and the Islamic Republic of Pakistan.</p>]]></text>
          <name>Introduced in House</name>
          <lastSummaryUpdateDate>2013-05-14T16:56:05Z</lastSummaryUpdateDate>
          <updateDate>2013-04-25T04:00:00Z</updateDate>
          <actionDesc>Introduced in House</actionDesc>
        </item>
      </billSummaries>
    </summaries>
    <recordedVotes />
    <notes />
    <policyArea>
      <name>International Affairs</name>
    </policyArea>
    <updateDate>2016-10-25T15:54:42Z</updateDate>
    <cosponsors>
      <item>
        <district>10</district>
        <fullName>Rep. McCaul, Michael T. [R-TX-10]</fullName>
        <sponsorshipWithdrawnDate />
        <bioguideId>M001157</bioguideId>
        <identifiers>
          <lisID>1804</lisID>
          <gpoId>8166</gpoId>
          <bioguideId>M001157</bioguideId>
        </identifiers>
        <party>R</party>
        <lastName>McCaul</lastName>
        <firstName>Michael</firstName>
        <state>TX</state>
        <isOriginalCosponsor>False</isOriginalCosponsor>
        <sponsorshipDate>2013-05-22</sponsorshipDate>
        <middleName>T.</middleName>
      </item>
    </cosponsors>
    <billNumber>183</billNumber>
    <subjects>
      <billSubjects>
        <legislativeSubjects>
          <item>
            <name>Asia</name>
          </item>
          <item>
            <name>Foreign language and bilingual programs</name>
          </item>
          <item>
            <name>Human rights</name>
          </item>
          <item>
            <name>International exchange and broadcasting</name>
          </item>
          <item>
            <name>Iran</name>
          </item>
          <item>
            <name>Middle East</name>
          </item>
          <item>
            <name>Pakistan</name>
          </item>
          <item>
            <name>Racial and ethnic relations</name>
          </item>
        </legislativeSubjects>
        <policyArea>
          <name>International Affairs</name>
        </policyArea>
      </billSubjects>
    </subjects>
    <latestAction>
      <text>Referred to the House Committee on Foreign Affairs.</text>
      <links />
      <actionDate>2013-04-25</actionDate>
    </latestAction>
    <amendments />
    <actions>
      <item>
        <text>Referred to the House Committee on Foreign Affairs.</text>
        <committee>
          <systemCode>hsfa00</systemCode>
          <name>Foreign Affairs Committee</name>
        </committee>
        <actionCode>H11100</actionCode>
        <sourceSystem>
          <code>2</code>
          <name>House floor actions</name>
        </sourceSystem>
        <type>IntroReferral</type>
        <actionDate>2013-04-25</actionDate>
        <links />
      </item>
      <item>
        <text>Introduced in House</text>
        <committee />
        <actionCode>Intro-H</actionCode>
        <sourceSystem>
          <code>9</code>
          <name>Library of Congress</name>
        </sourceSystem>
        <type>IntroReferral</type>
        <actionDate>2013-04-25</actionDate>
        <links />
      </item>
      <item>
        <text>Introduced in House</text>
        <committee />
        <actionCode>1000</actionCode>
        <sourceSystem>
          <code>9</code>
          <name>Library of Congress</name>
        </sourceSystem>
        <type>IntroReferral</type>
        <actionDate>2013-04-25</actionDate>
        <links />
      </item>
      <actionByCounts>
        <houseOfRepresentatives>3</houseOfRepresentatives>
      </actionByCounts>
      <actionTypeCounts>
        <introducedInHouse>1</introducedInHouse>
        <introducedInTheHouse>1</introducedInTheHouse>
        <billReferrals>1</billReferrals>
      </actionTypeCounts>
    </actions>
    <committeeReports />
    <sponsors>
      <item>
        <middleName />
        <district>48</district>
        <fullName>Rep. Rohrabacher, Dana [R-CA-48]</fullName>
        <bioguideId>R000409</bioguideId>
        <firstName>DANA</firstName>
        <byRequestType />
        <state>CA</state>
        <lastName>ROHRABACHER</lastName>
        <identifiers>
          <bioguideId>R000409</bioguideId>
          <lisID>979</lisID>
          <gpoId>7851</gpoId>
        </identifiers>
        <party>R</party>
      </item>
    </sponsors>
    <relatedBills />
    <billType>HRES</billType>
  </bill>
  <dublinCore xmlns:dc="http://purl.org/dc/elements/1.1/">
    <dc:format>text/xml</dc:format>
    <dc:language>EN</dc:language>
    <dc:rights>Pursuant to Title 17 Section 105 of the United States Code, this file is not subject to copyright protection and is in the public domain.</dc:rights>
    <dc:contributor>Congressional Research Service, Library of Congress</dc:contributor>
    <dc:description>This file contains bill summaries and statuses for federal legislation. A bill summary describes the most significant provisions of a piece of legislation and details the effects the legislative text may have on current law and federal programs. Bill summaries are authored by the Congressional Research Service (CRS) of the Library of Congress. As stated in Public Law 91-510 (2 USC 166 (d)(6)), one of the duties of CRS is "to prepare summaries and digests of bills and resolutions of a public general nature introduced in the Senate or House of Representatives". For more information, refer to the User Guide that accompanies this file.</dc:description>
  </dublinCore>
</billStatus>

