<?xml version="1.0" encoding="UTF-8"?>
<billStatus>
  <bill>
    <title>To refer H.R. 3068, a bill making congressional reference to the United States Court of Federal Claims pursuant to sections 1492 and 2509 of title 28, United States Code, the Indian trust-related claims of the Grand Traverse Band of Ottawa and Chippewa Indians of Michigan as well as its individual members.</title>
    <updateDate>2016-10-25T15:55:04Z</updateDate>
    <relatedBills>
      <item>
        <latestTitle>Relating to members of the Grand Traverse Band of Ottawa and Chippewa Indians of Michigan.</latestTitle>
        <type>HR</type>
        <relationshipDetails>
          <item>
            <type>Related bill</type>
            <identifiedBy>CRS</identifiedBy>
          </item>
        </relationshipDetails>
        <number>3068</number>
        <congress>113</congress>
        <latestAction>
          <text>Referred to the House Committee on Natural Resources.</text>
          <actionDate>2013-09-09</actionDate>
        </latestAction>
      </item>
    </relatedBills>
    <introducedDate>2013-09-09</introducedDate>
    <originChamber>House</originChamber>
    <cboCostEstimates />
    <policyArea>
      <name>Native Americans</name>
    </policyArea>
    <congress>113</congress>
    <billNumber>335</billNumber>
    <billType>HRES</billType>
    <amendments />
    <recordedVotes />
    <committees>
      <billCommittees>
        <item>
          <activities>
            <item>
              <date>2013-09-09T18:01:40Z</date>
              <name>Referred to</name>
            </item>
          </activities>
          <chamber>House</chamber>
          <subcommittees>
            <item>
              <systemCode>hsju01</systemCode>
              <name>Immigration and Border Security Subcommittee</name>
              <activities>
                <item>
                  <date>2013-10-15T14:01:31Z</date>
                  <name>Referred to</name>
                </item>
              </activities>
            </item>
          </subcommittees>
          <systemCode>hsju00</systemCode>
          <type>Standing</type>
          <name>Judiciary Committee</name>
        </item>
      </billCommittees>
    </committees>
    <laws />
    <subjects>
      <billSubjects>
        <legislativeSubjects>
          <item>
            <name>Federal-Indian relations</name>
          </item>
          <item>
            <name>Indian claims</name>
          </item>
          <item>
            <name>Michigan</name>
          </item>
          <item>
            <name>Specialized courts</name>
          </item>
        </legislativeSubjects>
        <policyArea>
          <name>Native Americans</name>
        </policyArea>
      </billSubjects>
    </subjects>
    <notes />
    <committeeReports />
    <actions>
      <actionByCounts>
        <houseOfRepresentatives>4</houseOfRepresentatives>
      </actionByCounts>
      <item>
        <actionDate>2013-10-15</actionDate>
        <committee>
          <name>Immigration and Border Security Subcommittee</name>
          <systemCode>hsju01</systemCode>
        </committee>
        <links />
        <sourceSystem>
          <name>House committee actions</name>
          <code>1</code>
        </sourceSystem>
        <text>Referred to the Subcommittee on Immigration and Border Security.</text>
        <type>Committee</type>
      </item>
      <item>
        <actionCode>H11100</actionCode>
        <links />
        <type>IntroReferral</type>
        <actionDate>2013-09-09</actionDate>
        <committee>
          <name>Judiciary Committee</name>
          <systemCode>hsju00</systemCode>
        </committee>
        <text>Referred to the House Committee on the Judiciary.</text>
        <sourceSystem>
          <name>House floor actions</name>
          <code>2</code>
        </sourceSystem>
      </item>
      <item>
        <actionCode>Intro-H</actionCode>
        <links />
        <type>IntroReferral</type>
        <actionDate>2013-09-09</actionDate>
        <committee />
        <text>Introduced in House</text>
        <sourceSystem>
          <name>Library of Congress</name>
          <code>9</code>
        </sourceSystem>
      </item>
      <item>
        <actionCode>1000</actionCode>
        <links />
        <type>IntroReferral</type>
        <actionDate>2013-09-09</actionDate>
        <committee />
        <text>Introduced in House</text>
        <sourceSystem>
          <name>Library of Congress</name>
          <code>9</code>
        </sourceSystem>
      </item>
      <actionTypeCounts>
        <introducedInTheHouse>1</introducedInTheHouse>
        <billReferrals>1</billReferrals>
        <introducedInHouse>1</introducedInHouse>
        <placeholderTextForH>1</placeholderTextForH>
      </actionTypeCounts>
    </actions>
    <calendarNumbers />
    <latestAction>
      <links />
      <actionDate>2013-10-15</actionDate>
      <text>Referred to the Subcommittee on Immigration and Border Security.</text>
    </latestAction>
    <titles>
      <item>
        <title>To refer H.R. 3068, a bill making congressional reference to the United States Court of Federal Claims pursuant to sections 1492 and 2509 of title 28, United States Code, the Indian trust-related claims of the Grand Traverse Band of Ottawa and Chippewa Indians of Michigan as well as its individual members.</title>
        <titleType>Official Title as Introduced</titleType>
        <chamberCode />
        <chamberName />
        <parentTitleType />
      </item>
      <item>
        <title>To refer H.R. 3068, a bill making congressional reference to the United States Court of Federal Claims pursuant to sections 1492 and 2509 of title 28, United States Code, the Indian trust-related claims of the Grand Traverse Band of Ottawa and Chippewa Indians of Michigan as well as its individual members.</title>
        <titleType>Display Title</titleType>
        <chamberCode />
        <chamberName />
        <parentTitleType />
      </item>
    </titles>
    <summaries>
      <billSummaries>
        <item>
          <updateDate>2013-09-09T04:00:00Z</updateDate>
          <versionCode>00</versionCode>
          <text><![CDATA[<p>Refers the bill (H.R. 3068) entitled &quot;Relating to members of the Grand Traverse Band of Ottawa and Chippewa Indians of Michigan&quot; to the chief judge of the U.S. Court of Federal Claims for a determination as to whether the tribe and its members have Indian trust-related legal or equitable claims against the United States other than the legal claims pending in such Court on the date of enactment of this resolution.</p> <p>Directs the chief judge, notwithstanding any statute of limitations, to report back to the House of Representatives providing: (1) findings of fact and conclusions of law to inform Congress of the nature, extent, and character of the Indian-trust related claims of such Band and its tribal members for compensation in such legal or equitable claims against the United States; and (2) the amount, if any, legally or equitably due from the United States to such claimants.</p>]]></text>
          <lastSummaryUpdateDate>2013-09-12T15:41:19Z</lastSummaryUpdateDate>
          <actionDate>2013-09-09</actionDate>
          <actionDesc>Introduced in House</actionDesc>
          <name>Introduced in House</name>
        </item>
      </billSummaries>
    </summaries>
    <constitutionalAuthorityStatementText />
    <createDate>2013-09-10T07:01:33Z</createDate>
    <sponsors>
      <item>
        <state>MI</state>
        <fullName>Rep. Benishek, Dan [R-MI-1]</fullName>
        <middleName />
        <identifiers>
          <lisID>2027</lisID>
          <gpoId>7986</gpoId>
          <bioguideId>B001271</bioguideId>
        </identifiers>
        <firstName>Dan</firstName>
        <lastName>Benishek</lastName>
        <bioguideId>B001271</bioguideId>
        <district>1</district>
        <byRequestType />
        <party>R</party>
      </item>
    </sponsors>
    <cosponsors />
  </bill>
  <dublinCore xmlns:dc="http://purl.org/dc/elements/1.1/">
    <dc:format>text/xml</dc:format>
    <dc:language>EN</dc:language>
    <dc:rights>Pursuant to Title 17 Section 105 of the United States Code, this file is not subject to copyright protection and is in the public domain.</dc:rights>
    <dc:contributor>Congressional Research Service, Library of Congress</dc:contributor>
    <dc:description>This file contains bill summaries and statuses for federal legislation. A bill summary describes the most significant provisions of a piece of legislation and details the effects the legislative text may have on current law and federal programs. Bill summaries are authored by the Congressional Research Service (CRS) of the Library of Congress. As stated in Public Law 91-510 (2 USC 166 (d)(6)), one of the duties of CRS is "to prepare summaries and digests of bills and resolutions of a public general nature introduced in the Senate or House of Representatives". For more information, refer to the User Guide that accompanies this file.</dc:description>
  </dublinCore>
</billStatus>

