<?xml version="1.0" encoding="UTF-8"?>
<billStatus>
  <bill>
    <billType>HRES</billType>
    <laws />
    <recordedVotes />
    <actions>
      <actionTypeCounts>
        <placeholderTextForH>1</placeholderTextForH>
        <introducedInTheHouse>1</introducedInTheHouse>
        <billReferrals>1</billReferrals>
        <placeholderTextForB>1</placeholderTextForB>
        <introducedInHouse>1</introducedInHouse>
      </actionTypeCounts>
      <actionByCounts>
        <houseOfRepresentatives>4</houseOfRepresentatives>
      </actionByCounts>
      <item>
        <actionDate>2014-06-13</actionDate>
        <committee>
          <systemCode>hsif14</systemCode>
          <name>Health Subcommittee</name>
        </committee>
        <links />
        <sourceSystem>
          <name>House committee actions</name>
          <code>1</code>
        </sourceSystem>
        <text>Referred to the Subcommittee on Health.</text>
        <type>Committee</type>
      </item>
      <item>
        <links />
        <committee>
          <systemCode>hsif00</systemCode>
          <name>Energy and Commerce Committee</name>
        </committee>
        <actionCode>H11100</actionCode>
        <actionDate>2014-06-11</actionDate>
        <text>Referred to the House Committee on Energy and Commerce.</text>
        <type>IntroReferral</type>
        <sourceSystem>
          <name>House floor actions</name>
          <code>2</code>
        </sourceSystem>
      </item>
      <item>
        <links>
          <link>
            <url>https://www.congress.gov/congressional-record/volume-160/house-section/page/H5256-5257</url>
            <name>H5256-5257</name>
          </link>
        </links>
        <committee />
        <actionCode>B00100</actionCode>
        <actionDate>2014-06-11</actionDate>
        <text>Sponsor introductory remarks on measure. (CR H5256-5257)</text>
        <type>IntroReferral</type>
        <sourceSystem>
          <name>Library of Congress</name>
          <code>9</code>
        </sourceSystem>
      </item>
      <item>
        <links />
        <committee />
        <actionCode>Intro-H</actionCode>
        <actionDate>2014-06-11</actionDate>
        <text>Introduced in House</text>
        <type>IntroReferral</type>
        <sourceSystem>
          <name>Library of Congress</name>
          <code>9</code>
        </sourceSystem>
      </item>
      <item>
        <links />
        <committee />
        <actionCode>1000</actionCode>
        <actionDate>2014-06-11</actionDate>
        <text>Introduced in House</text>
        <type>IntroReferral</type>
        <sourceSystem>
          <name>Library of Congress</name>
          <code>9</code>
        </sourceSystem>
      </item>
    </actions>
    <billNumber>619</billNumber>
    <policyArea>
      <name>Health</name>
    </policyArea>
    <notes />
    <latestAction>
      <actionDate>2014-06-13</actionDate>
      <links />
      <text>Referred to the Subcommittee on Health.</text>
    </latestAction>
    <relatedBills>
      <item>
        <latestAction>
          <actionDate>2014-05-21</actionDate>
          <text>Submitted in the Senate, considered, and agreed to without amendment and with a preamble by Unanimous Consent. (consideration: CR S3244; text as passed Senate: CR S3242)</text>
        </latestAction>
        <congress>113</congress>
        <latestTitle>A resolution recognizing that cardiovascular disease continues to be an overwhelming threat to women's health and the importance of providing basic, preventive heart screenings to women wherever they seek primary care.</latestTitle>
        <relationshipDetails>
          <item>
            <type>Related bill</type>
            <identifiedBy>CRS</identifiedBy>
          </item>
        </relationshipDetails>
        <type>SRES</type>
        <number>454</number>
      </item>
    </relatedBills>
    <committees>
      <billCommittees>
        <item>
          <subcommittees>
            <item>
              <name>Health Subcommittee</name>
              <activities>
                <item>
                  <name>Referred to</name>
                  <date>2014-06-13T16:40:14Z</date>
                </item>
              </activities>
              <systemCode>hsif14</systemCode>
            </item>
          </subcommittees>
          <chamber>House</chamber>
          <type>Standing</type>
          <name>Energy and Commerce Committee</name>
          <systemCode>hsif00</systemCode>
          <activities>
            <item>
              <name>Referred to</name>
              <date>2014-06-11T14:00:29Z</date>
            </item>
          </activities>
        </item>
      </billCommittees>
    </committees>
    <cosponsors>
      <item>
        <state>MD</state>
        <fullName>Rep. Edwards, Donna F. [D-MD-4]</fullName>
        <district>4</district>
        <sponsorshipWithdrawnDate />
        <party>D</party>
        <identifiers>
          <bioguideId>E000290</bioguideId>
          <lisID>1894</lisID>
          <gpoId>7979</gpoId>
        </identifiers>
        <middleName>F.</middleName>
        <bioguideId>E000290</bioguideId>
        <firstName>Donna</firstName>
        <lastName>Edwards</lastName>
        <isOriginalCosponsor>True</isOriginalCosponsor>
        <sponsorshipDate>2014-06-11</sponsorshipDate>
      </item>
      <item>
        <state>OH</state>
        <fullName>Rep. Beatty, Joyce [D-OH-3]</fullName>
        <district>3</district>
        <sponsorshipWithdrawnDate />
        <party>D</party>
        <identifiers>
          <lisID>2153</lisID>
          <gpoId />
          <bioguideId>B001281</bioguideId>
        </identifiers>
        <middleName />
        <bioguideId>B001281</bioguideId>
        <firstName>Joyce</firstName>
        <lastName>Beatty</lastName>
        <isOriginalCosponsor>True</isOriginalCosponsor>
        <sponsorshipDate>2014-06-11</sponsorshipDate>
      </item>
      <item>
        <state>OH</state>
        <fullName>Rep. Fudge, Marcia L. [D-OH-11]</fullName>
        <district>11</district>
        <sponsorshipWithdrawnDate />
        <party>D</party>
        <identifiers>
          <bioguideId>F000455</bioguideId>
          <lisID>1895</lisID>
          <gpoId>8101</gpoId>
        </identifiers>
        <middleName>L.</middleName>
        <bioguideId>F000455</bioguideId>
        <firstName>Marcia</firstName>
        <lastName>Fudge</lastName>
        <isOriginalCosponsor>True</isOriginalCosponsor>
        <sponsorshipDate>2014-06-11</sponsorshipDate>
      </item>
      <item>
        <state>WA</state>
        <fullName>Rep. Herrera Beutler, Jaime [R-WA-3]</fullName>
        <district>3</district>
        <sponsorshipWithdrawnDate />
        <party>R</party>
        <identifiers>
          <lisID>2071</lisID>
          <gpoId>8207</gpoId>
          <bioguideId>H001056</bioguideId>
        </identifiers>
        <middleName />
        <bioguideId>H001056</bioguideId>
        <firstName>Jaime</firstName>
        <lastName>Herrera Beutler</lastName>
        <isOriginalCosponsor>True</isOriginalCosponsor>
        <sponsorshipDate>2014-06-11</sponsorshipDate>
      </item>
      <item>
        <state>CA</state>
        <fullName>Rep. Matsui, Doris O. [D-CA-6]</fullName>
        <district>6</district>
        <sponsorshipWithdrawnDate />
        <party>D</party>
        <identifiers>
          <lisID>1814</lisID>
          <gpoId>7810</gpoId>
          <bioguideId>M001163</bioguideId>
        </identifiers>
        <middleName>O.</middleName>
        <bioguideId>M001163</bioguideId>
        <firstName>Doris</firstName>
        <lastName>Matsui</lastName>
        <isOriginalCosponsor>True</isOriginalCosponsor>
        <sponsorshipDate>2014-06-11</sponsorshipDate>
      </item>
      <item>
        <state>SD</state>
        <fullName>Rep. Noem, Kristi L. [R-SD-At Large]</fullName>
        <district>0</district>
        <sponsorshipWithdrawnDate />
        <party>R</party>
        <identifiers>
          <lisID>2060</lisID>
          <gpoId>8147</gpoId>
          <bioguideId>N000184</bioguideId>
        </identifiers>
        <middleName>L.</middleName>
        <bioguideId>N000184</bioguideId>
        <firstName>Kristi</firstName>
        <lastName>Noem</lastName>
        <isOriginalCosponsor>True</isOriginalCosponsor>
        <sponsorshipDate>2014-06-11</sponsorshipDate>
      </item>
      <item>
        <state>CA</state>
        <fullName>Rep. Hahn, Janice [D-CA-44]</fullName>
        <district>44</district>
        <sponsorshipWithdrawnDate />
        <party>D</party>
        <identifiers>
          <bioguideId>H001063</bioguideId>
          <gpoId>8360</gpoId>
          <lisID>2089</lisID>
        </identifiers>
        <middleName />
        <bioguideId>H001063</bioguideId>
        <firstName>Janice</firstName>
        <lastName>Hahn</lastName>
        <isOriginalCosponsor>False</isOriginalCosponsor>
        <sponsorshipDate>2014-06-13</sponsorshipDate>
      </item>
      <item>
        <state>WA</state>
        <fullName>Rep. DelBene, Suzan K. [D-WA-1]</fullName>
        <district>1</district>
        <sponsorshipWithdrawnDate />
        <party>D</party>
        <identifiers>
          <lisID>2096</lisID>
          <gpoId>8374</gpoId>
          <bioguideId>D000617</bioguideId>
        </identifiers>
        <middleName>K.</middleName>
        <bioguideId>D000617</bioguideId>
        <firstName>Suzan</firstName>
        <lastName>DelBene</lastName>
        <isOriginalCosponsor>False</isOriginalCosponsor>
        <sponsorshipDate>2014-06-13</sponsorshipDate>
      </item>
      <item>
        <state>MI</state>
        <fullName>Rep. Miller, Candice S. [R-MI-10]</fullName>
        <district>10</district>
        <sponsorshipWithdrawnDate />
        <party>R</party>
        <identifiers>
          <lisID>1731</lisID>
          <gpoId>8589</gpoId>
          <bioguideId>M001150</bioguideId>
        </identifiers>
        <middleName>S.</middleName>
        <bioguideId>M001150</bioguideId>
        <firstName>Candice</firstName>
        <lastName>Miller</lastName>
        <isOriginalCosponsor>False</isOriginalCosponsor>
        <sponsorshipDate>2014-06-20</sponsorshipDate>
      </item>
      <item>
        <state>NY</state>
        <fullName>Rep. Maloney, Carolyn B. [D-NY-12]</fullName>
        <district>12</district>
        <sponsorshipWithdrawnDate />
        <party>D</party>
        <identifiers>
          <lisID>729</lisID>
          <gpoId>8075</gpoId>
          <bioguideId>M000087</bioguideId>
        </identifiers>
        <middleName>B.</middleName>
        <bioguideId>M000087</bioguideId>
        <firstName>CAROLYN</firstName>
        <lastName>MALONEY</lastName>
        <isOriginalCosponsor>False</isOriginalCosponsor>
        <sponsorshipDate>2014-06-20</sponsorshipDate>
      </item>
      <item>
        <state>NY</state>
        <fullName>Rep. McCarthy, Carolyn [D-NY-4]</fullName>
        <district>4</district>
        <sponsorshipWithdrawnDate />
        <party>D</party>
        <identifiers>
          <bioguideId>M000309</bioguideId>
          <gpoId>8065</gpoId>
          <lisID>1503</lisID>
        </identifiers>
        <middleName />
        <bioguideId>M000309</bioguideId>
        <firstName>CAROLYN</firstName>
        <lastName>MCCARTHY</lastName>
        <isOriginalCosponsor>False</isOriginalCosponsor>
        <sponsorshipDate>2014-07-10</sponsorshipDate>
      </item>
      <item>
        <state>IL</state>
        <fullName>Rep. Schakowsky, Janice D. [D-IL-9]</fullName>
        <district>9</district>
        <sponsorshipWithdrawnDate />
        <party>D</party>
        <identifiers>
          <bioguideId>S001145</bioguideId>
          <lisID>1588</lisID>
          <gpoId>7929</gpoId>
        </identifiers>
        <middleName>D.</middleName>
        <bioguideId>S001145</bioguideId>
        <firstName>JANICE</firstName>
        <lastName>SCHAKOWSKY</lastName>
        <isOriginalCosponsor>False</isOriginalCosponsor>
        <sponsorshipDate>2014-07-10</sponsorshipDate>
      </item>
      <item>
        <state>MD</state>
        <fullName>Rep. Delaney, John K. [D-MD-6]</fullName>
        <district>6</district>
        <sponsorshipWithdrawnDate />
        <party>D</party>
        <identifiers>
          <lisID>2133</lisID>
          <gpoId />
          <bioguideId>D000620</bioguideId>
        </identifiers>
        <middleName>K.</middleName>
        <bioguideId>D000620</bioguideId>
        <firstName>John</firstName>
        <lastName>Delaney</lastName>
        <isOriginalCosponsor>False</isOriginalCosponsor>
        <sponsorshipDate>2014-09-17</sponsorshipDate>
      </item>
      <item>
        <state>NH</state>
        <fullName>Rep. Shea-Porter, Carol [D-NH-1]</fullName>
        <district>1</district>
        <sponsorshipWithdrawnDate />
        <party>D</party>
        <identifiers>
          <bioguideId>S001170</bioguideId>
          <lisID>1861</lisID>
          <gpoId>7528</gpoId>
        </identifiers>
        <middleName />
        <bioguideId>S001170</bioguideId>
        <firstName>Carol</firstName>
        <lastName>Shea-Porter</lastName>
        <isOriginalCosponsor>False</isOriginalCosponsor>
        <sponsorshipDate>2014-09-18</sponsorshipDate>
      </item>
    </cosponsors>
    <createDate>2014-06-12T07:19:55Z</createDate>
    <sponsors>
      <item>
        <fullName>Rep. Capito, Shelley Moore [R-WV-2]</fullName>
        <firstName>SHELLEY</firstName>
        <lastName>CAPITO</lastName>
        <state>WV</state>
        <party>R</party>
        <district>2</district>
        <bioguideId>C001047</bioguideId>
        <identifiers>
          <lisID>1676</lisID>
          <gpoId>8223</gpoId>
          <bioguideId>C001047</bioguideId>
        </identifiers>
        <middleName>MOORE</middleName>
        <byRequestType />
      </item>
    </sponsors>
    <committeeReports />
    <updateDate>2016-10-25T15:55:46Z</updateDate>
    <introducedDate>2014-06-11</introducedDate>
    <summaries>
      <billSummaries>
        <item>
          <updateDate>2014-06-11T04:00:00Z</updateDate>
          <lastSummaryUpdateDate>2014-07-09T17:37:15Z</lastSummaryUpdateDate>
          <actionDate>2014-06-11</actionDate>
          <text><![CDATA[<p>States that the House of Representatives: (1) recognizes that heart disease remains the number one killer of women in the United States, that this is untenable, and that basic, preventive heart disease screenings should be a routine part of women's health care; (2) recognizes the importance of early screening wherever women seek primary care; and (3) commits to improving the heart health of all women, tearing down barriers that prevent women from getting screened for heart disease, ensuring women are provided with personalized lifestyle modification recommendations and support, and ensuring all women have a healthy heart.</p>]]></text>
          <name>Introduced in House</name>
          <versionCode>00</versionCode>
          <actionDesc>Introduced in House</actionDesc>
        </item>
      </billSummaries>
    </summaries>
    <title>Recognizing that cardiovascular disease continues to be an overwhelming threat to women's health and the importance of providing basic, preventive heart screenings to women wherever they seek primary care.</title>
    <cboCostEstimates />
    <subjects>
      <billSubjects>
        <legislativeSubjects>
          <item>
            <name>Cardiovascular and respiratory health</name>
          </item>
          <item>
            <name>Health care coverage and access</name>
          </item>
          <item>
            <name>Health promotion and preventive care</name>
          </item>
          <item>
            <name>Medical tests and diagnostic methods</name>
          </item>
          <item>
            <name>Physical fitness and lifestyle</name>
          </item>
          <item>
            <name>Women's health</name>
          </item>
        </legislativeSubjects>
        <policyArea>
          <name>Health</name>
        </policyArea>
      </billSubjects>
    </subjects>
    <amendments />
    <calendarNumbers />
    <congress>113</congress>
    <constitutionalAuthorityStatementText />
    <titles>
      <item>
        <parentTitleType />
        <titleType>Official Title as Introduced</titleType>
        <title>Recognizing that cardiovascular disease continues to be an overwhelming threat to women's health and the importance of providing basic, preventive heart screenings to women wherever they seek primary care.</title>
        <chamberCode />
        <chamberName />
      </item>
      <item>
        <parentTitleType />
        <titleType>Display Title</titleType>
        <title>Recognizing that cardiovascular disease continues to be an overwhelming threat to women's health and the importance of providing basic, preventive heart screenings to women wherever they seek primary care.</title>
        <chamberCode />
        <chamberName />
      </item>
    </titles>
    <originChamber>House</originChamber>
  </bill>
  <dublinCore xmlns:dc="http://purl.org/dc/elements/1.1/">
    <dc:format>text/xml</dc:format>
    <dc:language>EN</dc:language>
    <dc:rights>Pursuant to Title 17 Section 105 of the United States Code, this file is not subject to copyright protection and is in the public domain.</dc:rights>
    <dc:contributor>Congressional Research Service, Library of Congress</dc:contributor>
    <dc:description>This file contains bill summaries and statuses for federal legislation. A bill summary describes the most significant provisions of a piece of legislation and details the effects the legislative text may have on current law and federal programs. Bill summaries are authored by the Congressional Research Service (CRS) of the Library of Congress. As stated in Public Law 91-510 (2 USC 166 (d)(6)), one of the duties of CRS is "to prepare summaries and digests of bills and resolutions of a public general nature introduced in the Senate or House of Representatives". For more information, refer to the User Guide that accompanies this file.</dc:description>
  </dublinCore>
</billStatus>

