<?xml version="1.0" encoding="UTF-8"?>
<billStatus>
  <bill>
    <title>Taiwan Travel Act</title>
    <policyArea>
      <name>International Affairs</name>
    </policyArea>
    <constitutionalAuthorityStatementText />
    <recordedVotes />
    <createDate>2013-04-27T07:02:05Z</createDate>
    <summaries>
      <billSummaries>
        <item>
          <versionCode>00</versionCode>
          <actionDate>2013-04-26</actionDate>
          <text><![CDATA[<p>Taiwan Travel Act - States that it should be U.S. policy to: (1) allow all high-level officials of Taiwan to enter the United States or its embassies and consulates under conditions which demonstrate appropriate respect for the dignity of such leaders; (2) allow meetings between all high-level Taiwanese and U.S. executive department officials, including the Department of State and Department of Defense (DOD); and (3) allow the Taipei Economic and Cultural Representative Office and all other Taiwanese instrumentalities to conduct official business activities, including activities which involve participation by members of Congress and other representatives of the federal, state, and local governments, and all high-level Taiwanese officials, without U.S. government or foreign obstruction.</p>]]></text>
          <name>Introduced in House</name>
          <lastSummaryUpdateDate>2013-05-10T16:55:15Z</lastSummaryUpdateDate>
          <updateDate>2013-04-26T04:00:00Z</updateDate>
          <actionDesc>Introduced in House</actionDesc>
        </item>
      </billSummaries>
    </summaries>
    <committeeReports />
    <notes />
    <latestAction>
      <links />
      <actionDate>2013-05-06</actionDate>
      <text>Referred to the Subcommittee on Asia and the Pacific.</text>
    </latestAction>
    <sponsors>
      <item>
        <state>MI</state>
        <fullName>Rep. Bentivolio, Kerry L. [R-MI-11]</fullName>
        <district>11</district>
        <bioguideId>B001280</bioguideId>
        <middleName>L.</middleName>
        <byRequestType />
        <lastName>Bentivolio</lastName>
        <party>R</party>
        <firstName>Kerry</firstName>
        <identifiers>
          <lisID>2135</lisID>
          <gpoId />
          <bioguideId>B001280</bioguideId>
        </identifiers>
      </item>
    </sponsors>
    <billNumber>185</billNumber>
    <titles>
      <item>
        <chamberCode />
        <title>Taiwan Travel Act</title>
        <chamberName />
        <titleType>Short Titles as Introduced</titleType>
        <parentTitleType />
      </item>
      <item>
        <chamberCode />
        <title>Declaring that it should be the policy of the United States to encourage visits between the United States and Taiwan at all levels.</title>
        <chamberName />
        <titleType>Official Title as Introduced</titleType>
        <parentTitleType />
      </item>
      <item>
        <chamberCode />
        <title>Taiwan Travel Act</title>
        <chamberName />
        <titleType>Display Title</titleType>
        <parentTitleType />
      </item>
    </titles>
    <billType>HRES</billType>
    <laws />
    <committees>
      <billCommittees>
        <item>
          <subcommittees>
            <item>
              <systemCode>hsfa05</systemCode>
              <activities>
                <item>
                  <date>2013-05-06T18:33:45Z</date>
                  <name>Referred to</name>
                </item>
              </activities>
              <name>Asia and the Pacific Subcommittee</name>
            </item>
          </subcommittees>
          <activities>
            <item>
              <date>2013-04-26T14:09:10Z</date>
              <name>Referred to</name>
            </item>
          </activities>
          <type>Standing</type>
          <systemCode>hsfa00</systemCode>
          <chamber>House</chamber>
          <name>Foreign Affairs Committee</name>
        </item>
      </billCommittees>
    </committees>
    <updateDate>2016-10-25T15:54:43Z</updateDate>
    <relatedBills />
    <subjects>
      <billSubjects>
        <legislativeSubjects>
          <item>
            <name>Asia</name>
          </item>
          <item>
            <name>Cultural exchanges and relations</name>
          </item>
          <item>
            <name>Diplomacy, foreign officials, Americans abroad</name>
          </item>
          <item>
            <name>Taiwan</name>
          </item>
          <item>
            <name>Travel and tourism</name>
          </item>
        </legislativeSubjects>
        <policyArea>
          <name>International Affairs</name>
        </policyArea>
      </billSubjects>
    </subjects>
    <introducedDate>2013-04-26</introducedDate>
    <actions>
      <actionTypeCounts>
        <billReferrals>1</billReferrals>
        <introducedInHouse>1</introducedInHouse>
        <placeholderTextForH>1</placeholderTextForH>
        <introducedInTheHouse>1</introducedInTheHouse>
      </actionTypeCounts>
      <item>
        <actionDate>2013-05-06</actionDate>
        <committee>
          <systemCode>hsfa05</systemCode>
          <name>Asia and the Pacific Subcommittee</name>
        </committee>
        <links />
        <sourceSystem>
          <name>House committee actions</name>
          <code>1</code>
        </sourceSystem>
        <text>Referred to the Subcommittee on Asia and the Pacific.</text>
        <type>Committee</type>
      </item>
      <item>
        <text>Referred to the House Committee on Foreign Affairs.</text>
        <links />
        <actionCode>H11100</actionCode>
        <type>IntroReferral</type>
        <committee>
          <systemCode>hsfa00</systemCode>
          <name>Foreign Affairs Committee</name>
        </committee>
        <actionDate>2013-04-26</actionDate>
        <sourceSystem>
          <name>House floor actions</name>
          <code>2</code>
        </sourceSystem>
      </item>
      <item>
        <text>Introduced in House</text>
        <links />
        <actionCode>Intro-H</actionCode>
        <type>IntroReferral</type>
        <committee />
        <actionDate>2013-04-26</actionDate>
        <sourceSystem>
          <name>Library of Congress</name>
          <code>9</code>
        </sourceSystem>
      </item>
      <item>
        <text>Introduced in House</text>
        <links />
        <actionCode>1000</actionCode>
        <type>IntroReferral</type>
        <committee />
        <actionDate>2013-04-26</actionDate>
        <sourceSystem>
          <name>Library of Congress</name>
          <code>9</code>
        </sourceSystem>
      </item>
      <actionByCounts>
        <houseOfRepresentatives>4</houseOfRepresentatives>
      </actionByCounts>
    </actions>
    <amendments />
    <congress>113</congress>
    <cosponsors />
    <calendarNumbers />
    <cboCostEstimates />
    <originChamber>House</originChamber>
  </bill>
  <dublinCore xmlns:dc="http://purl.org/dc/elements/1.1/">
    <dc:format>text/xml</dc:format>
    <dc:language>EN</dc:language>
    <dc:rights>Pursuant to Title 17 Section 105 of the United States Code, this file is not subject to copyright protection and is in the public domain.</dc:rights>
    <dc:contributor>Congressional Research Service, Library of Congress</dc:contributor>
    <dc:description>This file contains bill summaries and statuses for federal legislation. A bill summary describes the most significant provisions of a piece of legislation and details the effects the legislative text may have on current law and federal programs. Bill summaries are authored by the Congressional Research Service (CRS) of the Library of Congress. As stated in Public Law 91-510 (2 USC 166 (d)(6)), one of the duties of CRS is "to prepare summaries and digests of bills and resolutions of a public general nature introduced in the Senate or House of Representatives". For more information, refer to the User Guide that accompanies this file.</dc:description>
  </dublinCore>
</billStatus>

