<?xml version="1.0" encoding="UTF-8"?>
<billStatus>
  <bill>
    <committeeReports />
    <originChamber>House</originChamber>
    <titles>
      <item>
        <parentTitleType />
        <titleType>Official Title as Introduced</titleType>
        <title>Expressing support for designation of the week of February 4 through February 8, 2013, as "National School Counseling Week".</title>
        <chamberCode />
        <chamberName />
      </item>
      <item>
        <parentTitleType />
        <titleType>Display Title</titleType>
        <title>Expressing support for designation of the week of February 4 through February 8, 2013, as "National School Counseling Week".</title>
        <chamberCode />
        <chamberName />
      </item>
    </titles>
    <sponsors>
      <item>
        <state>CA</state>
        <byRequestType />
        <fullName>Rep. Sanchez, Linda T. [D-CA-38]</fullName>
        <lastName>SANCHEZ</lastName>
        <identifiers>
          <lisID>1757</lisID>
          <gpoId>7844</gpoId>
          <bioguideId>S001156</bioguideId>
        </identifiers>
        <middleName>T.</middleName>
        <bioguideId>S001156</bioguideId>
        <district>38</district>
        <party>D</party>
        <firstName>LINDA</firstName>
      </item>
    </sponsors>
    <billNumber>60</billNumber>
    <recordedVotes />
    <latestAction>
      <links />
      <text>Referred to the House Committee on Education and the Workforce.</text>
      <actionDate>2013-02-06</actionDate>
    </latestAction>
    <laws />
    <title>Expressing support for designation of the week of February 4 through February 8, 2013, as "National School Counseling Week".</title>
    <billType>HRES</billType>
    <introducedDate>2013-02-06</introducedDate>
    <updateDate>2016-10-25T15:54:24Z</updateDate>
    <calendarNumbers />
    <amendments />
    <cboCostEstimates />
    <policyArea>
      <name>Education</name>
    </policyArea>
    <createDate>2013-02-07T07:00:55Z</createDate>
    <notes />
    <constitutionalAuthorityStatementText />
    <committees>
      <billCommittees>
        <item>
          <activities>
            <item>
              <name>Referred to</name>
              <date>2013-02-06T14:09:15Z</date>
            </item>
          </activities>
          <name>Education and the Workforce Committee</name>
          <subcommittees />
          <chamber>House</chamber>
          <type>Standing</type>
          <systemCode>hsed00</systemCode>
        </item>
      </billCommittees>
    </committees>
    <cosponsors>
      <item>
        <fullName>Rep. Bordallo, Madeleine Z. [D-GU-At Large]</fullName>
        <firstName>Madeleine</firstName>
        <lastName>Bordallo</lastName>
        <identifiers>
          <lisID>1723</lisID>
          <gpoId>7911</gpoId>
          <bioguideId>B001245</bioguideId>
        </identifiers>
        <state>GU</state>
        <sponsorshipWithdrawnDate />
        <bioguideId>B001245</bioguideId>
        <district>0</district>
        <isOriginalCosponsor>True</isOriginalCosponsor>
        <middleName>Z.</middleName>
        <party>D</party>
        <sponsorshipDate>2013-02-06</sponsorshipDate>
      </item>
      <item>
        <fullName>Rep. Braley, Bruce L. [D-IA-1]</fullName>
        <firstName>Bruce</firstName>
        <lastName>Braley</lastName>
        <identifiers>
          <gpoId>7914</gpoId>
          <lisID>1845</lisID>
          <bioguideId>B001259</bioguideId>
        </identifiers>
        <state>IA</state>
        <sponsorshipWithdrawnDate />
        <bioguideId>B001259</bioguideId>
        <district>1</district>
        <isOriginalCosponsor>True</isOriginalCosponsor>
        <middleName>L.</middleName>
        <party>D</party>
        <sponsorshipDate>2013-02-06</sponsorshipDate>
      </item>
      <item>
        <fullName>Rep. Brown, Corrine [D-FL-5]</fullName>
        <firstName>CORRINE</firstName>
        <lastName>BROWN</lastName>
        <identifiers>
          <lisID>132</lisID>
          <gpoId>7875</gpoId>
          <bioguideId>B000911</bioguideId>
        </identifiers>
        <state>FL</state>
        <sponsorshipWithdrawnDate />
        <bioguideId>B000911</bioguideId>
        <district>5</district>
        <isOriginalCosponsor>True</isOriginalCosponsor>
        <middleName />
        <party>D</party>
        <sponsorshipDate>2013-02-06</sponsorshipDate>
      </item>
      <item>
        <fullName>Rep. Cardenas, Tony [D-CA-29]</fullName>
        <firstName>Tony</firstName>
        <lastName>Cardenas</lastName>
        <identifiers>
          <bioguideId>C001097</bioguideId>
          <lisID>2107</lisID>
          <gpoId />
        </identifiers>
        <state>CA</state>
        <sponsorshipWithdrawnDate />
        <bioguideId>C001097</bioguideId>
        <district>29</district>
        <isOriginalCosponsor>True</isOriginalCosponsor>
        <middleName />
        <party>D</party>
        <sponsorshipDate>2013-02-06</sponsorshipDate>
      </item>
      <item>
        <fullName>Rep. Grijalva, Raul M. [D-AZ-3]</fullName>
        <firstName>Raul</firstName>
        <lastName>Grijalva</lastName>
        <identifiers>
          <bioguideId>G000551</bioguideId>
          <lisID>1708</lisID>
          <gpoId>7804</gpoId>
        </identifiers>
        <state>AZ</state>
        <sponsorshipWithdrawnDate />
        <bioguideId>G000551</bioguideId>
        <district>3</district>
        <isOriginalCosponsor>True</isOriginalCosponsor>
        <middleName>M.</middleName>
        <party>D</party>
        <sponsorshipDate>2013-02-06</sponsorshipDate>
      </item>
      <item>
        <fullName>Rep. Langevin, James R. [D-RI-2]</fullName>
        <firstName>JAMES</firstName>
        <lastName>LANGEVIN</lastName>
        <identifiers>
          <gpoId>8140</gpoId>
          <lisID>1668</lisID>
          <bioguideId>L000559</bioguideId>
        </identifiers>
        <state>RI</state>
        <sponsorshipWithdrawnDate />
        <bioguideId>L000559</bioguideId>
        <district>2</district>
        <isOriginalCosponsor>True</isOriginalCosponsor>
        <middleName>R.</middleName>
        <party>D</party>
        <sponsorshipDate>2013-02-06</sponsorshipDate>
      </item>
      <item>
        <fullName>Rep. Lee, Barbara [D-CA-13]</fullName>
        <firstName>BARBARA</firstName>
        <lastName>LEE</lastName>
        <identifiers>
          <bioguideId>L000551</bioguideId>
          <lisID>1501</lisID>
          <gpoId>7814</gpoId>
        </identifiers>
        <state>CA</state>
        <sponsorshipWithdrawnDate />
        <bioguideId>L000551</bioguideId>
        <district>13</district>
        <isOriginalCosponsor>True</isOriginalCosponsor>
        <middleName />
        <party>D</party>
        <sponsorshipDate>2013-02-06</sponsorshipDate>
      </item>
      <item>
        <fullName>Rep. Loebsack, David [D-IA-2]</fullName>
        <firstName>David</firstName>
        <lastName>Loebsack</lastName>
        <identifiers>
          <lisID>1846</lisID>
          <gpoId>7915</gpoId>
          <bioguideId>L000565</bioguideId>
        </identifiers>
        <state>IA</state>
        <sponsorshipWithdrawnDate />
        <bioguideId>L000565</bioguideId>
        <district>2</district>
        <isOriginalCosponsor>True</isOriginalCosponsor>
        <middleName />
        <party>D</party>
        <sponsorshipDate>2013-02-06</sponsorshipDate>
      </item>
      <item>
        <fullName>Rep. Michaud, Michael H. [D-ME-2]</fullName>
        <firstName>Michael</firstName>
        <lastName>Michaud</lastName>
        <identifiers>
          <gpoId>7985</gpoId>
          <lisID>1730</lisID>
          <bioguideId>M001149</bioguideId>
        </identifiers>
        <state>ME</state>
        <sponsorshipWithdrawnDate />
        <bioguideId>M001149</bioguideId>
        <district>2</district>
        <isOriginalCosponsor>True</isOriginalCosponsor>
        <middleName>H.</middleName>
        <party>D</party>
        <sponsorshipDate>2013-02-06</sponsorshipDate>
      </item>
      <item>
        <fullName>Rep. Negrete McLeod, Gloria [D-CA-35]</fullName>
        <firstName>Gloria</firstName>
        <lastName>Negrete McLeod</lastName>
        <identifiers>
          <gpoId />
          <lisID>2108</lisID>
          <bioguideId>N000187</bioguideId>
        </identifiers>
        <state>CA</state>
        <sponsorshipWithdrawnDate />
        <bioguideId>N000187</bioguideId>
        <district>35</district>
        <isOriginalCosponsor>True</isOriginalCosponsor>
        <middleName />
        <party>D</party>
        <sponsorshipDate>2013-02-06</sponsorshipDate>
      </item>
      <item>
        <fullName>Rep. Polis, Jared [D-CO-2]</fullName>
        <firstName>Jared</firstName>
        <lastName>Polis</lastName>
        <identifiers>
          <lisID>1910</lisID>
          <gpoId>7860</gpoId>
          <bioguideId>P000598</bioguideId>
        </identifiers>
        <state>CO</state>
        <sponsorshipWithdrawnDate />
        <bioguideId>P000598</bioguideId>
        <district>2</district>
        <isOriginalCosponsor>True</isOriginalCosponsor>
        <middleName />
        <party>D</party>
        <sponsorshipDate>2013-02-06</sponsorshipDate>
      </item>
      <item>
        <fullName>Rep. Rangel, Charles B. [D-NY-13]</fullName>
        <firstName>CHARLES</firstName>
        <lastName>RANGEL</lastName>
        <identifiers>
          <gpoId>8076</gpoId>
          <lisID>944</lisID>
          <bioguideId>R000053</bioguideId>
        </identifiers>
        <state>NY</state>
        <sponsorshipWithdrawnDate />
        <bioguideId>R000053</bioguideId>
        <district>13</district>
        <isOriginalCosponsor>True</isOriginalCosponsor>
        <middleName>B.</middleName>
        <party>D</party>
        <sponsorshipDate>2013-02-06</sponsorshipDate>
      </item>
      <item>
        <fullName>Rep. Scott, Robert C. "Bobby" [D-VA-3]</fullName>
        <firstName>Robert</firstName>
        <lastName>Scott</lastName>
        <identifiers>
          <bioguideId>S000185</bioguideId>
          <gpoId>8194</gpoId>
          <lisID>1037</lisID>
        </identifiers>
        <state>VA</state>
        <sponsorshipWithdrawnDate />
        <bioguideId>S000185</bioguideId>
        <district>3</district>
        <isOriginalCosponsor>True</isOriginalCosponsor>
        <middleName>C. "Bobby"</middleName>
        <party>D</party>
        <sponsorshipDate>2013-02-06</sponsorshipDate>
      </item>
      <item>
        <fullName>Rep. Sewell, Terri A. [D-AL-7]</fullName>
        <firstName>Terri</firstName>
        <lastName>Sewell</lastName>
        <identifiers>
          <bioguideId>S001185</bioguideId>
          <lisID>1988</lisID>
          <gpoId>7792</gpoId>
        </identifiers>
        <state>AL</state>
        <sponsorshipWithdrawnDate />
        <bioguideId>S001185</bioguideId>
        <district>7</district>
        <isOriginalCosponsor>True</isOriginalCosponsor>
        <middleName>A.</middleName>
        <party>D</party>
        <sponsorshipDate>2013-02-06</sponsorshipDate>
      </item>
      <item>
        <fullName>Rep. Takano, Mark [D-CA-41]</fullName>
        <firstName>Mark</firstName>
        <lastName>Takano</lastName>
        <identifiers>
          <bioguideId>T000472</bioguideId>
          <lisID>2110</lisID>
          <gpoId />
        </identifiers>
        <state>CA</state>
        <sponsorshipWithdrawnDate />
        <bioguideId>T000472</bioguideId>
        <district>41</district>
        <isOriginalCosponsor>True</isOriginalCosponsor>
        <middleName />
        <party>D</party>
        <sponsorshipDate>2013-02-06</sponsorshipDate>
      </item>
      <item>
        <fullName>Rep. Yarmuth, John A. [D-KY-3]</fullName>
        <firstName>John</firstName>
        <lastName>Yarmuth</lastName>
        <identifiers>
          <lisID>1853</lisID>
          <bioguideId>Y000062</bioguideId>
          <gpoId>7955</gpoId>
        </identifiers>
        <state>KY</state>
        <sponsorshipWithdrawnDate />
        <bioguideId>Y000062</bioguideId>
        <district>3</district>
        <isOriginalCosponsor>True</isOriginalCosponsor>
        <middleName>A.</middleName>
        <party>D</party>
        <sponsorshipDate>2013-02-06</sponsorshipDate>
      </item>
      <item>
        <fullName>Rep. Cummings, Elijah E. [D-MD-7]</fullName>
        <firstName>ELIJAH</firstName>
        <lastName>CUMMINGS</lastName>
        <identifiers>
          <lisID>256</lisID>
          <gpoId>7982</gpoId>
          <bioguideId>C000984</bioguideId>
        </identifiers>
        <state>MD</state>
        <sponsorshipWithdrawnDate />
        <bioguideId>C000984</bioguideId>
        <district>7</district>
        <isOriginalCosponsor>False</isOriginalCosponsor>
        <middleName>E.</middleName>
        <party>D</party>
        <sponsorshipDate>2013-02-12</sponsorshipDate>
      </item>
      <item>
        <fullName>Rep. Ellison, Keith [D-MN-5]</fullName>
        <firstName>Keith</firstName>
        <lastName>Ellison</lastName>
        <identifiers>
          <bioguideId>E000288</bioguideId>
          <lisID>1857</lisID>
          <gpoId>8005</gpoId>
        </identifiers>
        <state>MN</state>
        <sponsorshipWithdrawnDate />
        <bioguideId>E000288</bioguideId>
        <district>5</district>
        <isOriginalCosponsor>False</isOriginalCosponsor>
        <middleName />
        <party>D</party>
        <sponsorshipDate>2013-02-12</sponsorshipDate>
      </item>
      <item>
        <fullName>Rep. McCollum, Betty [D-MN-4]</fullName>
        <firstName>BETTY</firstName>
        <lastName>MCCOLLUM</lastName>
        <identifiers>
          <lisID>1653</lisID>
          <bioguideId>M001143</bioguideId>
          <gpoId>8004</gpoId>
        </identifiers>
        <state>MN</state>
        <sponsorshipWithdrawnDate />
        <bioguideId>M001143</bioguideId>
        <district>4</district>
        <isOriginalCosponsor>False</isOriginalCosponsor>
        <middleName />
        <party>D</party>
        <sponsorshipDate>2013-02-12</sponsorshipDate>
      </item>
      <item>
        <fullName>Rep. Ryan, Tim [D-OH-13]</fullName>
        <firstName>TIM</firstName>
        <lastName>RYAN</lastName>
        <identifiers>
          <bioguideId>R000577</bioguideId>
          <gpoId>8107</gpoId>
          <lisID>1756</lisID>
        </identifiers>
        <state>OH</state>
        <sponsorshipWithdrawnDate />
        <bioguideId>R000577</bioguideId>
        <district>13</district>
        <isOriginalCosponsor>False</isOriginalCosponsor>
        <middleName />
        <party>D</party>
        <sponsorshipDate>2013-02-12</sponsorshipDate>
      </item>
      <item>
        <fullName>Rep. Honda, Michael M. [D-CA-17]</fullName>
        <firstName>MICHAEL</firstName>
        <lastName>HONDA</lastName>
        <identifiers>
          <lisID>1634</lisID>
          <gpoId>7820</gpoId>
          <bioguideId>H001034</bioguideId>
        </identifiers>
        <state>CA</state>
        <sponsorshipWithdrawnDate />
        <bioguideId>H001034</bioguideId>
        <district>17</district>
        <isOriginalCosponsor>False</isOriginalCosponsor>
        <middleName>M.</middleName>
        <party>D</party>
        <sponsorshipDate>2013-03-14</sponsorshipDate>
      </item>
    </cosponsors>
    <congress>113</congress>
    <relatedBills>
      <item>
        <relationshipDetails>
          <item>
            <identifiedBy>CRS</identifiedBy>
            <type>Identical bill</type>
          </item>
        </relationshipDetails>
        <latestAction>
          <actionDate>2014-02-03</actionDate>
          <text>Referred to the House Committee on Education and the Workforce.</text>
        </latestAction>
        <latestTitle>Expressing support for designation of the week of February 3, 2014, through February 7, 2014, as "National School Counseling Week".</latestTitle>
        <congress>113</congress>
        <number>471</number>
        <type>HRES</type>
      </item>
    </relatedBills>
    <summaries>
      <billSummaries>
        <item>
          <actionDate>2013-02-06</actionDate>
          <updateDate>2013-02-06T05:00:00Z</updateDate>
          <name>Introduced in House</name>
          <lastSummaryUpdateDate>2013-02-09T16:43:46Z</lastSummaryUpdateDate>
          <versionCode>00</versionCode>
          <actionDesc>Introduced in House</actionDesc>
          <text><![CDATA[<p>Honors the contributions of school counselors to the success of students in our elementary and secondary schools.</p> <p>Encourages the observation of National School Counseling Week with ceremonies and activities that promote awareness of the crucial role school counselors play in preparing students for fulfilling lives as contributing members of society.</p>]]></text>
        </item>
      </billSummaries>
    </summaries>
    <actions>
      <actionTypeCounts>
        <billReferrals>1</billReferrals>
        <introducedInHouse>1</introducedInHouse>
        <introducedInTheHouse>1</introducedInTheHouse>
      </actionTypeCounts>
      <item>
        <actionDate>2013-02-06</actionDate>
        <text>Referred to the House Committee on Education and the Workforce.</text>
        <type>IntroReferral</type>
        <committee>
          <systemCode>hsed00</systemCode>
          <name>Education and the Workforce Committee</name>
        </committee>
        <links />
        <sourceSystem>
          <code>2</code>
          <name>House floor actions</name>
        </sourceSystem>
        <actionCode>H11100</actionCode>
      </item>
      <item>
        <actionDate>2013-02-06</actionDate>
        <text>Introduced in House</text>
        <type>IntroReferral</type>
        <committee />
        <links />
        <sourceSystem>
          <code>9</code>
          <name>Library of Congress</name>
        </sourceSystem>
        <actionCode>Intro-H</actionCode>
      </item>
      <item>
        <actionDate>2013-02-06</actionDate>
        <text>Introduced in House</text>
        <type>IntroReferral</type>
        <committee />
        <links />
        <sourceSystem>
          <code>9</code>
          <name>Library of Congress</name>
        </sourceSystem>
        <actionCode>1000</actionCode>
      </item>
      <actionByCounts>
        <houseOfRepresentatives>3</houseOfRepresentatives>
      </actionByCounts>
    </actions>
    <subjects>
      <billSubjects>
        <legislativeSubjects>
          <item>
            <name>Commemorative events and holidays</name>
          </item>
          <item>
            <name>Congressional tributes</name>
          </item>
          <item>
            <name>Educational guidance</name>
          </item>
          <item>
            <name>Elementary and secondary education</name>
          </item>
          <item>
            <name>Teaching, teachers, curricula</name>
          </item>
        </legislativeSubjects>
        <policyArea>
          <name>Education</name>
        </policyArea>
      </billSubjects>
    </subjects>
  </bill>
  <dublinCore xmlns:dc="http://purl.org/dc/elements/1.1/">
    <dc:format>text/xml</dc:format>
    <dc:language>EN</dc:language>
    <dc:rights>Pursuant to Title 17 Section 105 of the United States Code, this file is not subject to copyright protection and is in the public domain.</dc:rights>
    <dc:contributor>Congressional Research Service, Library of Congress</dc:contributor>
    <dc:description>This file contains bill summaries and statuses for federal legislation. A bill summary describes the most significant provisions of a piece of legislation and details the effects the legislative text may have on current law and federal programs. Bill summaries are authored by the Congressional Research Service (CRS) of the Library of Congress. As stated in Public Law 91-510 (2 USC 166 (d)(6)), one of the duties of CRS is "to prepare summaries and digests of bills and resolutions of a public general nature introduced in the Senate or House of Representatives". For more information, refer to the User Guide that accompanies this file.</dc:description>
  </dublinCore>
</billStatus>

