<?xml version="1.0" encoding="UTF-8"?>
<billStatus>
  <bill>
    <policyArea>
      <name>Congress</name>
    </policyArea>
    <constitutionalAuthorityStatementText />
    <sponsors>
      <item>
        <identifiers>
          <lisID>299</lisID>
          <gpoId>8000</gpoId>
          <bioguideId>D000355</bioguideId>
        </identifiers>
        <district>15</district>
        <byRequestType />
        <fullName>Rep. Dingell, John D. [D-MI-15]</fullName>
        <firstName>JOHN</firstName>
        <state>MI</state>
        <bioguideId>D000355</bioguideId>
        <middleName>D.</middleName>
        <party>D</party>
        <lastName>DINGELL</lastName>
      </item>
    </sponsors>
    <committeeReports />
    <titles>
      <item>
        <chamberCode />
        <title>Authorizing the Clerk to inform the President of the election of the Speaker and the Clerk.</title>
        <chamberName />
        <titleType>Official Title as Introduced</titleType>
        <parentTitleType />
      </item>
      <item>
        <chamberCode />
        <title>Authorizing the Clerk to inform the President of the election of the Speaker and the Clerk.</title>
        <chamberName />
        <titleType>Display Title</titleType>
        <parentTitleType />
      </item>
    </titles>
    <laws />
    <createDate>2013-01-04T07:00:55Z</createDate>
    <recordedVotes />
    <billNumber>4</billNumber>
    <originChamber>House</originChamber>
    <committees>
      <billCommittees />
    </committees>
    <relatedBills />
    <updateDate>2016-10-25T15:54:16Z</updateDate>
    <summaries>
      <billSummaries>
        <item>
          <updateDate>2013-01-03T05:00:00Z</updateDate>
          <lastSummaryUpdateDate>2013-02-08T21:31:00Z</lastSummaryUpdateDate>
          <actionDate>2013-01-03</actionDate>
          <text><![CDATA[<p>Instructs the Clerk of the House of Representatives to inform the President that John A. Boehner has been elected Speaker of the House and that Karen L. Haas has been elected Clerk. </p>]]></text>
          <name>Introduced in House</name>
          <versionCode>00</versionCode>
          <actionDesc>Introduced in House</actionDesc>
        </item>
        <item>
          <updateDate>2013-01-03T17:20:40Z</updateDate>
          <lastSummaryUpdateDate>2013-02-11T20:28:26Z</lastSummaryUpdateDate>
          <actionDate>2013-01-03</actionDate>
          <text><![CDATA[<p><b>(This measure has not been amended since it was introduced. The summary of that version is repeated here.)</b></p> <p>Instructs the Clerk of the House of Representatives to inform the President that John A. Boehner has been elected Speaker of the House and that Karen L. Haas has been elected Clerk. </p>]]></text>
          <name>Passed House without amendment</name>
          <versionCode>81</versionCode>
          <actionDesc>Passed House without amendment</actionDesc>
        </item>
      </billSummaries>
    </summaries>
    <congress>113</congress>
    <title>Authorizing the Clerk to inform the President of the election of the Speaker and the Clerk.</title>
    <calendarNumbers />
    <actions>
      <actionTypeCounts>
        <considerationByHouse>1</considerationByHouse>
        <passedAgreedToInHouse>1</passedAgreedToInHouse>
        <passageOfAMeasure>1</passageOfAMeasure>
        <motionToReconsiderResults>1</motionToReconsiderResults>
        <introducedInTheHouse>1</introducedInTheHouse>
        <introducedInHouse>1</introducedInHouse>
      </actionTypeCounts>
      <item>
        <actionDate>2013-01-03</actionDate>
        <sourceSystem>
          <code>2</code>
          <name>House floor actions</name>
        </sourceSystem>
        <text>Motion to reconsider laid on the table Agreed to without objection.</text>
        <type>Floor</type>
        <actionTime>14:20:51</actionTime>
        <links />
        <actionCode>H38310</actionCode>
        <committee />
      </item>
      <item>
        <actionDate>2013-01-03</actionDate>
        <sourceSystem>
          <code>2</code>
          <name>House floor actions</name>
        </sourceSystem>
        <text>On agreeing to the resolution Agreed to by voice vote. (text: CR H6)</text>
        <type>Floor</type>
        <actionTime>14:20:45</actionTime>
        <links>
          <link>
            <name>H6</name>
            <url>https://www.congress.gov/congressional-record/volume-159/house-section/page/H6</url>
          </link>
        </links>
        <actionCode>H37100</actionCode>
        <committee />
      </item>
      <item>
        <actionDate>2013-01-03</actionDate>
        <sourceSystem>
          <code>9</code>
          <name>Library of Congress</name>
        </sourceSystem>
        <text>Passed/agreed to in House: On agreeing to the resolution Agreed to by voice vote.(text: CR H6)</text>
        <type>Floor</type>
        <actionTime>14:20:45</actionTime>
        <links>
          <link>
            <name>H6</name>
            <url>https://www.congress.gov/congressional-record/volume-159/house-section/page/H6</url>
          </link>
        </links>
        <actionCode>8000</actionCode>
        <committee />
      </item>
      <item>
        <actionDate>2013-01-03</actionDate>
        <sourceSystem>
          <code>2</code>
          <name>House floor actions</name>
        </sourceSystem>
        <text>Considered as privileged matter. (consideration: CR H6)</text>
        <type>Floor</type>
        <actionTime>14:20:25</actionTime>
        <links>
          <link>
            <name>H6</name>
            <url>https://www.congress.gov/congressional-record/volume-159/house-section/page/H6</url>
          </link>
        </links>
        <actionCode>H30000</actionCode>
        <committee />
      </item>
      <item>
        <actionDate>2013-01-03</actionDate>
        <sourceSystem>
          <code>9</code>
          <name>Library of Congress</name>
        </sourceSystem>
        <text>Introduced in House</text>
        <type>IntroReferral</type>
        <links />
        <actionCode>Intro-H</actionCode>
        <committee />
      </item>
      <item>
        <actionDate>2013-01-03</actionDate>
        <sourceSystem>
          <code>9</code>
          <name>Library of Congress</name>
        </sourceSystem>
        <text>Introduced in House</text>
        <type>IntroReferral</type>
        <links />
        <actionCode>1000</actionCode>
        <committee />
      </item>
      <actionByCounts>
        <houseOfRepresentatives>6</houseOfRepresentatives>
      </actionByCounts>
    </actions>
    <amendments />
    <cboCostEstimates />
    <introducedDate>2013-01-03</introducedDate>
    <latestAction>
      <text>Motion to reconsider laid on the table Agreed to without objection.</text>
      <actionTime>14:20:51</actionTime>
      <actionDate>2013-01-03</actionDate>
      <links />
    </latestAction>
    <subjects>
      <billSubjects>
        <legislativeSubjects>
          <item>
            <name>Congressional leadership</name>
          </item>
          <item>
            <name>Congressional officers and employees</name>
          </item>
          <item>
            <name>Congressional-executive branch relations</name>
          </item>
          <item>
            <name>House of Representatives</name>
          </item>
        </legislativeSubjects>
        <policyArea>
          <name>Congress</name>
        </policyArea>
      </billSubjects>
    </subjects>
    <cosponsors />
    <notes />
    <billType>HRES</billType>
  </bill>
  <dublinCore xmlns:dc="http://purl.org/dc/elements/1.1/">
    <dc:format>text/xml</dc:format>
    <dc:language>EN</dc:language>
    <dc:rights>Pursuant to Title 17 Section 105 of the United States Code, this file is not subject to copyright protection and is in the public domain.</dc:rights>
    <dc:contributor>Congressional Research Service, Library of Congress</dc:contributor>
    <dc:description>This file contains bill summaries and statuses for federal legislation. A bill summary describes the most significant provisions of a piece of legislation and details the effects the legislative text may have on current law and federal programs. Bill summaries are authored by the Congressional Research Service (CRS) of the Library of Congress. As stated in Public Law 91-510 (2 USC 166 (d)(6)), one of the duties of CRS is "to prepare summaries and digests of bills and resolutions of a public general nature introduced in the Senate or House of Representatives". For more information, refer to the User Guide that accompanies this file.</dc:description>
  </dublinCore>
</billStatus>

