<?xml version="1.0" encoding="UTF-8"?>
<billStatus>
  <bill>
    <policyArea>
      <name>Government Operations and Politics</name>
    </policyArea>
    <constitutionalAuthorityStatementText />
    <sponsors>
      <item>
        <identifiers>
          <bioguideId>W000814</bioguideId>
          <lisID>2161</lisID>
          <gpoId />
        </identifiers>
        <district>14</district>
        <byRequestType />
        <fullName>Rep. Weber, Randy K. Sr. [R-TX-14]</fullName>
        <firstName>Randy</firstName>
        <state>TX</state>
        <bioguideId>W000814</bioguideId>
        <middleName>K.</middleName>
        <party>R</party>
        <lastName>Weber</lastName>
      </item>
    </sponsors>
    <committeeReports />
    <titles>
      <item>
        <title>Condemning the President of the United States and the executive branch of Government for continuous actions that violate the laws and Constitution of the United States.</title>
        <parentTitleType />
        <titleType>Official Title as Introduced</titleType>
        <chamberCode />
        <chamberName />
      </item>
      <item>
        <title>Condemning the President of the United States and the executive branch of Government for continuous actions that violate the laws and Constitution of the United States.</title>
        <parentTitleType />
        <titleType>Display Title</titleType>
        <chamberCode />
        <chamberName />
      </item>
    </titles>
    <laws />
    <createDate>2014-06-27T05:07:57Z</createDate>
    <recordedVotes />
    <billNumber>652</billNumber>
    <originChamber>House</originChamber>
    <committees>
      <billCommittees>
        <item>
          <systemCode>hsju00</systemCode>
          <name>Judiciary Committee</name>
          <activities>
            <item>
              <name>Referred to</name>
              <date>2014-06-26T13:04:30Z</date>
            </item>
          </activities>
          <type>Standing</type>
          <chamber>House</chamber>
          <subcommittees>
            <item>
              <systemCode>hsju10</systemCode>
              <name>Constitution and Civil Justice Subcommittee</name>
              <activities>
                <item>
                  <name>Referred to</name>
                  <date>2014-07-21T14:47:18Z</date>
                </item>
              </activities>
            </item>
          </subcommittees>
        </item>
      </billCommittees>
    </committees>
    <relatedBills />
    <updateDate>2016-10-25T15:55:50Z</updateDate>
    <summaries>
      <billSummaries>
        <item>
          <text><![CDATA[<p>Condemns the President and the executive branch for actions that are beyond the laws of the United States.</p> <p>Calls on the President and the executive branch to: (1) adhere to the Constitution and halt all unlawful and illegal actions that circumvent Congress and violate the Constitution, and (2) respect the constitutionally defined separation of powers.</p> <ul> </ul>]]></text>
          <versionCode>00</versionCode>
          <actionDesc>Introduced in House</actionDesc>
          <lastSummaryUpdateDate>2014-08-04T18:47:58Z</lastSummaryUpdateDate>
          <updateDate>2014-06-26T04:00:00Z</updateDate>
          <actionDate>2014-06-26</actionDate>
          <name>Introduced in House</name>
        </item>
      </billSummaries>
    </summaries>
    <congress>113</congress>
    <title>Condemning the President of the United States and the executive branch of Government for continuous actions that violate the laws and Constitution of the United States.</title>
    <calendarNumbers />
    <actions>
      <actionTypeCounts>
        <introducedInTheHouse>1</introducedInTheHouse>
        <billReferrals>1</billReferrals>
        <placeholderTextForH>1</placeholderTextForH>
        <introducedInHouse>1</introducedInHouse>
      </actionTypeCounts>
      <actionByCounts>
        <houseOfRepresentatives>4</houseOfRepresentatives>
      </actionByCounts>
      <item>
        <actionDate>2014-07-21</actionDate>
        <committee>
          <name>Constitution and Civil Justice Subcommittee</name>
          <systemCode>hsju10</systemCode>
        </committee>
        <links />
        <sourceSystem>
          <name>House committee actions</name>
          <code>1</code>
        </sourceSystem>
        <text>Referred to the Subcommittee on the Constitution and Civil Justice.</text>
        <type>Committee</type>
      </item>
      <item>
        <text>Referred to the House Committee on the Judiciary.</text>
        <sourceSystem>
          <name>House floor actions</name>
          <code>2</code>
        </sourceSystem>
        <committee>
          <name>Judiciary Committee</name>
          <systemCode>hsju00</systemCode>
        </committee>
        <type>IntroReferral</type>
        <links />
        <actionCode>H11100</actionCode>
        <actionDate>2014-06-26</actionDate>
      </item>
      <item>
        <text>Introduced in House</text>
        <sourceSystem>
          <name>Library of Congress</name>
          <code>9</code>
        </sourceSystem>
        <committee />
        <type>IntroReferral</type>
        <links />
        <actionCode>Intro-H</actionCode>
        <actionDate>2014-06-26</actionDate>
      </item>
      <item>
        <text>Introduced in House</text>
        <sourceSystem>
          <name>Library of Congress</name>
          <code>9</code>
        </sourceSystem>
        <committee />
        <type>IntroReferral</type>
        <links />
        <actionCode>1000</actionCode>
        <actionDate>2014-06-26</actionDate>
      </item>
    </actions>
    <amendments />
    <cboCostEstimates />
    <introducedDate>2014-06-26</introducedDate>
    <latestAction>
      <text>Referred to the Subcommittee on the Constitution and Civil Justice.</text>
      <actionDate>2014-07-21</actionDate>
      <links />
    </latestAction>
    <subjects>
      <billSubjects>
        <legislativeSubjects>
          <item>
            <name>Congressional-executive branch relations</name>
          </item>
          <item>
            <name>Constitution and constitutional amendments</name>
          </item>
          <item>
            <name>Government ethics and transparency, public corruption</name>
          </item>
          <item>
            <name>Presidents and presidential powers, Vice Presidents</name>
          </item>
        </legislativeSubjects>
        <policyArea>
          <name>Government Operations and Politics</name>
        </policyArea>
      </billSubjects>
    </subjects>
    <cosponsors>
      <item>
        <state>TX</state>
        <fullName>Rep. Culberson, John Abney [R-TX-7]</fullName>
        <sponsorshipDate>2014-06-26</sponsorshipDate>
        <identifiers>
          <lisID>1670</lisID>
          <gpoId>8163</gpoId>
          <bioguideId>C001048</bioguideId>
        </identifiers>
        <sponsorshipWithdrawnDate />
        <middleName>ABNEY</middleName>
        <lastName>CULBERSON</lastName>
        <isOriginalCosponsor>True</isOriginalCosponsor>
        <firstName>JOHN</firstName>
        <district>7</district>
        <party>R</party>
        <bioguideId>C001048</bioguideId>
      </item>
      <item>
        <state>TX</state>
        <fullName>Rep. Olson, Pete [R-TX-22]</fullName>
        <sponsorshipDate>2014-06-26</sponsorshipDate>
        <identifiers>
          <bioguideId>O000168</bioguideId>
          <lisID>1955</lisID>
          <gpoId>8178</gpoId>
        </identifiers>
        <sponsorshipWithdrawnDate />
        <middleName />
        <lastName>Olson</lastName>
        <isOriginalCosponsor>True</isOriginalCosponsor>
        <firstName>Pete</firstName>
        <district>22</district>
        <party>R</party>
        <bioguideId>O000168</bioguideId>
      </item>
      <item>
        <state>TX</state>
        <fullName>Rep. Hall, Ralph M. [R-TX-4]</fullName>
        <sponsorshipDate>2014-06-26</sponsorshipDate>
        <identifiers>
          <lisID>484</lisID>
          <gpoId>8160</gpoId>
          <bioguideId>H000067</bioguideId>
        </identifiers>
        <sponsorshipWithdrawnDate />
        <middleName>M.</middleName>
        <lastName>HALL</lastName>
        <isOriginalCosponsor>True</isOriginalCosponsor>
        <firstName>RALPH</firstName>
        <district>4</district>
        <party>R</party>
        <bioguideId>H000067</bioguideId>
      </item>
      <item>
        <state>TX</state>
        <fullName>Rep. Burgess, Michael C. [R-TX-26]</fullName>
        <sponsorshipDate>2014-06-26</sponsorshipDate>
        <identifiers>
          <lisID>1751</lisID>
          <bioguideId>B001248</bioguideId>
          <gpoId>8182</gpoId>
        </identifiers>
        <sponsorshipWithdrawnDate />
        <middleName>C.</middleName>
        <lastName>Burgess</lastName>
        <isOriginalCosponsor>True</isOriginalCosponsor>
        <firstName>Michael</firstName>
        <district>26</district>
        <party>R</party>
        <bioguideId>B001248</bioguideId>
      </item>
      <item>
        <state>AK</state>
        <fullName>Rep. Young, Don [R-AK-At Large]</fullName>
        <sponsorshipDate>2014-06-26</sponsorshipDate>
        <identifiers>
          <lisID>1256</lisID>
          <gpoId>7785</gpoId>
          <bioguideId>Y000033</bioguideId>
        </identifiers>
        <sponsorshipWithdrawnDate />
        <middleName>E.</middleName>
        <lastName>YOUNG</lastName>
        <isOriginalCosponsor>True</isOriginalCosponsor>
        <firstName>DON</firstName>
        <district>0</district>
        <party>R</party>
        <bioguideId>Y000033</bioguideId>
      </item>
      <item>
        <state>AZ</state>
        <fullName>Rep. Schweikert, David [R-AZ-6]</fullName>
        <sponsorshipDate>2014-06-26</sponsorshipDate>
        <identifiers>
          <gpoId>7802</gpoId>
          <lisID>1994</lisID>
          <bioguideId>S001183</bioguideId>
        </identifiers>
        <sponsorshipWithdrawnDate />
        <middleName />
        <lastName>Schweikert</lastName>
        <isOriginalCosponsor>True</isOriginalCosponsor>
        <firstName>David</firstName>
        <district>6</district>
        <party>R</party>
        <bioguideId>S001183</bioguideId>
      </item>
      <item>
        <state>TX</state>
        <fullName>Rep. Sessions, Pete [R-TX-32]</fullName>
        <sponsorshipDate>2014-06-26</sponsorshipDate>
        <identifiers>
          <bioguideId>S000250</bioguideId>
          <lisID>1525</lisID>
          <gpoId>8188</gpoId>
        </identifiers>
        <sponsorshipWithdrawnDate />
        <middleName />
        <lastName>SESSIONS</lastName>
        <isOriginalCosponsor>True</isOriginalCosponsor>
        <firstName>PETE</firstName>
        <district>32</district>
        <party>R</party>
        <bioguideId>S000250</bioguideId>
      </item>
      <item>
        <state>TX</state>
        <fullName>Rep. Neugebauer, Randy [R-TX-19]</fullName>
        <sponsorshipDate>2014-06-26</sponsorshipDate>
        <identifiers>
          <lisID>1758</lisID>
          <gpoId>8175</gpoId>
          <bioguideId>N000182</bioguideId>
        </identifiers>
        <sponsorshipWithdrawnDate />
        <middleName />
        <lastName>Neugebauer</lastName>
        <isOriginalCosponsor>True</isOriginalCosponsor>
        <firstName>Randy</firstName>
        <district>19</district>
        <party>R</party>
        <bioguideId>N000182</bioguideId>
      </item>
      <item>
        <state>TX</state>
        <fullName>Rep. Gohmert, Louie [R-TX-1]</fullName>
        <sponsorshipDate>2014-07-08</sponsorshipDate>
        <identifiers>
          <lisID>1801</lisID>
          <gpoId>8157</gpoId>
          <bioguideId>G000552</bioguideId>
        </identifiers>
        <sponsorshipWithdrawnDate />
        <middleName />
        <lastName>Gohmert</lastName>
        <isOriginalCosponsor>False</isOriginalCosponsor>
        <firstName>Louie</firstName>
        <district>1</district>
        <party>R</party>
        <bioguideId>G000552</bioguideId>
      </item>
      <item>
        <state>TX</state>
        <fullName>Rep. Carter, John R. [R-TX-31]</fullName>
        <sponsorshipDate>2014-07-08</sponsorshipDate>
        <identifiers>
          <lisID>1752</lisID>
          <bioguideId>C001051</bioguideId>
          <gpoId>8187</gpoId>
        </identifiers>
        <sponsorshipWithdrawnDate />
        <middleName>R.</middleName>
        <lastName>Carter</lastName>
        <isOriginalCosponsor>False</isOriginalCosponsor>
        <firstName>John</firstName>
        <district>31</district>
        <party>R</party>
        <bioguideId>C001051</bioguideId>
      </item>
      <item>
        <state>UT</state>
        <fullName>Rep. Stewart, Chris [R-UT-2]</fullName>
        <sponsorshipDate>2014-07-08</sponsorshipDate>
        <identifiers>
          <gpoId />
          <lisID>2168</lisID>
          <bioguideId>S001192</bioguideId>
        </identifiers>
        <sponsorshipWithdrawnDate />
        <middleName />
        <lastName>Stewart</lastName>
        <isOriginalCosponsor>False</isOriginalCosponsor>
        <firstName>Chris</firstName>
        <district>2</district>
        <party>R</party>
        <bioguideId>S001192</bioguideId>
      </item>
      <item>
        <state>AL</state>
        <fullName>Rep. Byrne, Bradley [R-AL-1]</fullName>
        <sponsorshipDate>2014-07-23</sponsorshipDate>
        <identifiers>
          <lisID>2197</lisID>
          <gpoId />
          <bioguideId>B001289</bioguideId>
        </identifiers>
        <sponsorshipWithdrawnDate />
        <middleName />
        <lastName>Byrne</lastName>
        <isOriginalCosponsor>False</isOriginalCosponsor>
        <firstName>Bradley</firstName>
        <district>1</district>
        <party>R</party>
        <bioguideId>B001289</bioguideId>
      </item>
      <item>
        <state>MN</state>
        <fullName>Rep. Bachmann, Michele [R-MN-6]</fullName>
        <sponsorshipDate>2014-07-23</sponsorshipDate>
        <identifiers>
          <lisID>1858</lisID>
          <gpoId>8006</gpoId>
          <bioguideId>B001256</bioguideId>
        </identifiers>
        <sponsorshipWithdrawnDate />
        <middleName />
        <lastName>Bachmann</lastName>
        <isOriginalCosponsor>False</isOriginalCosponsor>
        <firstName>Michele</firstName>
        <district>6</district>
        <party>R</party>
        <bioguideId>B001256</bioguideId>
      </item>
    </cosponsors>
    <notes />
    <billType>HRES</billType>
  </bill>
  <dublinCore xmlns:dc="http://purl.org/dc/elements/1.1/">
    <dc:format>text/xml</dc:format>
    <dc:language>EN</dc:language>
    <dc:rights>Pursuant to Title 17 Section 105 of the United States Code, this file is not subject to copyright protection and is in the public domain.</dc:rights>
    <dc:contributor>Congressional Research Service, Library of Congress</dc:contributor>
    <dc:description>This file contains bill summaries and statuses for federal legislation. A bill summary describes the most significant provisions of a piece of legislation and details the effects the legislative text may have on current law and federal programs. Bill summaries are authored by the Congressional Research Service (CRS) of the Library of Congress. As stated in Public Law 91-510 (2 USC 166 (d)(6)), one of the duties of CRS is "to prepare summaries and digests of bills and resolutions of a public general nature introduced in the Senate or House of Representatives". For more information, refer to the User Guide that accompanies this file.</dc:description>
  </dublinCore>
</billStatus>

