<?xml version="1.0" encoding="UTF-8"?>
<billStatus>
  <bill>
    <committeeReports />
    <originChamber>House</originChamber>
    <titles>
      <item>
        <parentTitleType />
        <titleType>Official Title as Introduced</titleType>
        <title>Recognizing the importance of acknowledging the contributions of Dominican-Americans to the United States.</title>
        <chamberCode />
        <chamberName />
      </item>
      <item>
        <parentTitleType />
        <titleType>Display Title</titleType>
        <title>Recognizing the importance of acknowledging the contributions of Dominican-Americans to the United States.</title>
        <chamberCode />
        <chamberName />
      </item>
    </titles>
    <sponsors>
      <item>
        <state>NY</state>
        <byRequestType />
        <fullName>Rep. Rangel, Charles B. [D-NY-13]</fullName>
        <lastName>RANGEL</lastName>
        <identifiers>
          <gpoId>8076</gpoId>
          <lisID>944</lisID>
          <bioguideId>R000053</bioguideId>
        </identifiers>
        <middleName>B.</middleName>
        <bioguideId>R000053</bioguideId>
        <district>13</district>
        <party>D</party>
        <firstName>CHARLES</firstName>
      </item>
    </sponsors>
    <billNumber>85</billNumber>
    <recordedVotes />
    <latestAction>
      <links />
      <text>Referred to the House Committee on Oversight and Government Reform.</text>
      <actionDate>2013-02-26</actionDate>
    </latestAction>
    <laws />
    <title>Recognizing the importance of acknowledging the contributions of Dominican-Americans to the United States.</title>
    <billType>HRES</billType>
    <introducedDate>2013-02-26</introducedDate>
    <updateDate>2016-10-25T15:54:29Z</updateDate>
    <calendarNumbers />
    <amendments />
    <cboCostEstimates />
    <policyArea>
      <name>Immigration</name>
    </policyArea>
    <createDate>2013-02-27T07:00:50Z</createDate>
    <notes />
    <constitutionalAuthorityStatementText />
    <committees>
      <billCommittees>
        <item>
          <systemCode>hsgo00</systemCode>
          <name>Oversight and Government Reform Committee</name>
          <activities>
            <item>
              <name>Referred to</name>
              <date>2013-02-26T15:03:25Z</date>
            </item>
          </activities>
          <type>Standing</type>
          <chamber>House</chamber>
          <subcommittees />
        </item>
      </billCommittees>
    </committees>
    <cosponsors>
      <item>
        <fullName>Rep. Serrano, Jose E. [D-NY-15]</fullName>
        <lastName>SERRANO</lastName>
        <bioguideId>S000248</bioguideId>
        <party>D</party>
        <district>15</district>
        <sponsorshipWithdrawnDate />
        <state>NY</state>
        <isOriginalCosponsor>True</isOriginalCosponsor>
        <sponsorshipDate>2013-02-26</sponsorshipDate>
        <middleName>E.</middleName>
        <firstName>JOSE</firstName>
        <identifiers>
          <lisID>1042</lisID>
          <gpoId>8077</gpoId>
          <bioguideId>S000248</bioguideId>
        </identifiers>
      </item>
      <item>
        <fullName>Rep. Pierluisi, Pedro R. [D-PR-At Large]</fullName>
        <lastName>Pierluisi</lastName>
        <bioguideId>P000596</bioguideId>
        <party>D</party>
        <district>0</district>
        <sponsorshipWithdrawnDate />
        <state>PR</state>
        <isOriginalCosponsor>True</isOriginalCosponsor>
        <sponsorshipDate>2013-02-26</sponsorshipDate>
        <middleName>R.</middleName>
        <firstName>Pedro</firstName>
        <identifiers>
          <gpoId>8138</gpoId>
          <lisID>1953</lisID>
          <bioguideId>P000596</bioguideId>
        </identifiers>
      </item>
      <item>
        <fullName>Rep. Moran, James P. [D-VA-8]</fullName>
        <lastName>MORAN</lastName>
        <bioguideId>M000933</bioguideId>
        <party>D</party>
        <district>8</district>
        <sponsorshipWithdrawnDate />
        <state>VA</state>
        <isOriginalCosponsor>True</isOriginalCosponsor>
        <sponsorshipDate>2013-02-26</sponsorshipDate>
        <middleName>P.</middleName>
        <firstName>JAMES</firstName>
        <identifiers>
          <gpoId>8199</gpoId>
          <lisID>832</lisID>
          <bioguideId>M000933</bioguideId>
        </identifiers>
      </item>
      <item>
        <fullName>Rep. Crowley, Joseph [D-NY-14]</fullName>
        <lastName>CROWLEY</lastName>
        <bioguideId>C001038</bioguideId>
        <party>D</party>
        <district>14</district>
        <sponsorshipWithdrawnDate />
        <state>NY</state>
        <isOriginalCosponsor>True</isOriginalCosponsor>
        <sponsorshipDate>2013-02-26</sponsorshipDate>
        <middleName />
        <firstName>JOSEPH</firstName>
        <identifiers>
          <lisID>1604</lisID>
          <gpoId>8068</gpoId>
          <bioguideId>C001038</bioguideId>
        </identifiers>
      </item>
      <item>
        <fullName>Rep. Cicilline, David N. [D-RI-1]</fullName>
        <lastName>Cicilline</lastName>
        <bioguideId>C001084</bioguideId>
        <party>D</party>
        <district>1</district>
        <sponsorshipWithdrawnDate />
        <state>RI</state>
        <isOriginalCosponsor>True</isOriginalCosponsor>
        <sponsorshipDate>2013-02-26</sponsorshipDate>
        <middleName>N.</middleName>
        <firstName>David</firstName>
        <identifiers>
          <lisID>2055</lisID>
          <bioguideId>C001084</bioguideId>
          <gpoId>8139</gpoId>
        </identifiers>
      </item>
      <item>
        <fullName>Rep. Meeks, Gregory W. [D-NY-5]</fullName>
        <lastName>MEEKS</lastName>
        <bioguideId>M001137</bioguideId>
        <party>D</party>
        <district>5</district>
        <sponsorshipWithdrawnDate />
        <state>NY</state>
        <isOriginalCosponsor>False</isOriginalCosponsor>
        <sponsorshipDate>2014-07-10</sponsorshipDate>
        <middleName>W.</middleName>
        <firstName>GREGORY</firstName>
        <identifiers>
          <lisID>1506</lisID>
          <gpoId>8067</gpoId>
          <bioguideId>M001137</bioguideId>
        </identifiers>
      </item>
    </cosponsors>
    <congress>113</congress>
    <relatedBills />
    <summaries>
      <billSummaries>
        <item>
          <updateDate>2013-02-26T05:00:00Z</updateDate>
          <versionCode>00</versionCode>
          <lastSummaryUpdateDate>2013-03-11T20:16:00Z</lastSummaryUpdateDate>
          <name>Introduced in House</name>
          <actionDate>2013-02-26</actionDate>
          <actionDesc>Introduced in House</actionDesc>
          <text><![CDATA[<p>Recognizes the importance of acknowledging the contributions of Dominican-Americans to the United States.</p> <p> Supports the establishment of a national month of recognition for Dominican-Americans.</p>]]></text>
        </item>
      </billSummaries>
    </summaries>
    <actions>
      <item>
        <text>Referred to the House Committee on Oversight and Government Reform.</text>
        <committee>
          <systemCode>hsgo00</systemCode>
          <name>Oversight and Government Reform Committee</name>
        </committee>
        <actionCode>H11100</actionCode>
        <sourceSystem>
          <code>2</code>
          <name>House floor actions</name>
        </sourceSystem>
        <type>IntroReferral</type>
        <actionDate>2013-02-26</actionDate>
        <links />
      </item>
      <item>
        <text>Introduced in House</text>
        <committee />
        <actionCode>Intro-H</actionCode>
        <sourceSystem>
          <code>9</code>
          <name>Library of Congress</name>
        </sourceSystem>
        <type>IntroReferral</type>
        <actionDate>2013-02-26</actionDate>
        <links />
      </item>
      <item>
        <text>Introduced in House</text>
        <committee />
        <actionCode>1000</actionCode>
        <sourceSystem>
          <code>9</code>
          <name>Library of Congress</name>
        </sourceSystem>
        <type>IntroReferral</type>
        <actionDate>2013-02-26</actionDate>
        <links />
      </item>
      <actionByCounts>
        <houseOfRepresentatives>3</houseOfRepresentatives>
      </actionByCounts>
      <actionTypeCounts>
        <introducedInHouse>1</introducedInHouse>
        <introducedInTheHouse>1</introducedInTheHouse>
        <billReferrals>1</billReferrals>
      </actionTypeCounts>
    </actions>
    <subjects>
      <billSubjects>
        <legislativeSubjects>
          <item>
            <name>Caribbean area</name>
          </item>
          <item>
            <name>Commemorative events and holidays</name>
          </item>
          <item>
            <name>Congressional tributes</name>
          </item>
          <item>
            <name>Dominican Republic</name>
          </item>
          <item>
            <name>Latin America</name>
          </item>
        </legislativeSubjects>
        <policyArea>
          <name>Immigration</name>
        </policyArea>
      </billSubjects>
    </subjects>
  </bill>
  <dublinCore xmlns:dc="http://purl.org/dc/elements/1.1/">
    <dc:format>text/xml</dc:format>
    <dc:language>EN</dc:language>
    <dc:rights>Pursuant to Title 17 Section 105 of the United States Code, this file is not subject to copyright protection and is in the public domain.</dc:rights>
    <dc:contributor>Congressional Research Service, Library of Congress</dc:contributor>
    <dc:description>This file contains bill summaries and statuses for federal legislation. A bill summary describes the most significant provisions of a piece of legislation and details the effects the legislative text may have on current law and federal programs. Bill summaries are authored by the Congressional Research Service (CRS) of the Library of Congress. As stated in Public Law 91-510 (2 USC 166 (d)(6)), one of the duties of CRS is "to prepare summaries and digests of bills and resolutions of a public general nature introduced in the Senate or House of Representatives". For more information, refer to the User Guide that accompanies this file.</dc:description>
  </dublinCore>
</billStatus>

