<?xml version="1.0" encoding="UTF-8"?>
<billStatus>
  <bill>
    <title>Expressing support for designation of the week of March 2, 2014, through March 8, 2014, as "School Social Work Week".</title>
    <policyArea>
      <name>Education</name>
    </policyArea>
    <constitutionalAuthorityStatementText />
    <recordedVotes />
    <createDate>2014-03-05T07:01:02Z</createDate>
    <summaries>
      <billSummaries>
        <item>
          <versionCode>00</versionCode>
          <actionDate>2014-03-04</actionDate>
          <text><![CDATA[<p>Expresses support for the designation of School Social Work Week.</p> <p>Honors the contributions of school social workers to the success of students in schools.</p>]]></text>
          <lastSummaryUpdateDate>2014-03-07T22:19:39Z</lastSummaryUpdateDate>
          <actionDesc>Introduced in House</actionDesc>
          <name>Introduced in House</name>
          <updateDate>2014-03-04T05:00:00Z</updateDate>
        </item>
      </billSummaries>
    </summaries>
    <committeeReports />
    <notes />
    <latestAction>
      <links />
      <actionDate>2014-03-04</actionDate>
      <text>Referred to the House Committee on Education and the Workforce.</text>
    </latestAction>
    <sponsors>
      <item>
        <state>WI</state>
        <fullName>Rep. Moore, Gwen [D-WI-4]</fullName>
        <district>4</district>
        <bioguideId>M001160</bioguideId>
        <middleName />
        <byRequestType />
        <lastName>Moore</lastName>
        <party>D</party>
        <firstName>Gwen</firstName>
        <identifiers>
          <gpoId>8217</gpoId>
          <lisID>1811</lisID>
          <bioguideId>M001160</bioguideId>
        </identifiers>
      </item>
    </sponsors>
    <billNumber>498</billNumber>
    <titles>
      <item>
        <title>Expressing support for designation of the week of March 2, 2014, through March 8, 2014, as "School Social Work Week".</title>
        <parentTitleType />
        <titleType>Official Title as Introduced</titleType>
        <chamberCode />
        <chamberName />
      </item>
      <item>
        <title>Expressing support for designation of the week of March 2, 2014, through March 8, 2014, as "School Social Work Week".</title>
        <parentTitleType />
        <titleType>Display Title</titleType>
        <chamberCode />
        <chamberName />
      </item>
    </titles>
    <billType>HRES</billType>
    <laws />
    <committees>
      <billCommittees>
        <item>
          <subcommittees />
          <chamber>House</chamber>
          <systemCode>hsed00</systemCode>
          <activities>
            <item>
              <date>2014-03-04T19:00:30Z</date>
              <name>Referred to</name>
            </item>
          </activities>
          <type>Standing</type>
          <name>Education and the Workforce Committee</name>
        </item>
      </billCommittees>
    </committees>
    <updateDate>2016-10-25T15:55:29Z</updateDate>
    <relatedBills>
      <item>
        <latestTitle>Expressing support for designation of the week of March 3 through 9, 2013, as "School Social Work Week".</latestTitle>
        <number>96</number>
        <latestAction>
          <text>Referred to the House Committee on Education and the Workforce.</text>
          <actionDate>2013-03-04</actionDate>
        </latestAction>
        <type>HRES</type>
        <congress>113</congress>
        <relationshipDetails>
          <item>
            <identifiedBy>CRS</identifiedBy>
            <type>Identical bill</type>
          </item>
        </relationshipDetails>
      </item>
    </relatedBills>
    <subjects>
      <billSubjects>
        <legislativeSubjects>
          <item>
            <name>Commemorative events and holidays</name>
          </item>
          <item>
            <name>Congressional tributes</name>
          </item>
          <item>
            <name>Elementary and secondary education</name>
          </item>
          <item>
            <name>Social work, volunteer service, charitable organizations</name>
          </item>
          <item>
            <name>Teaching, teachers, curricula</name>
          </item>
        </legislativeSubjects>
        <policyArea>
          <name>Education</name>
        </policyArea>
      </billSubjects>
    </subjects>
    <introducedDate>2014-03-04</introducedDate>
    <actions>
      <actionTypeCounts>
        <billReferrals>1</billReferrals>
        <introducedInHouse>1</introducedInHouse>
        <introducedInTheHouse>1</introducedInTheHouse>
      </actionTypeCounts>
      <item>
        <actionDate>2014-03-04</actionDate>
        <text>Referred to the House Committee on Education and the Workforce.</text>
        <type>IntroReferral</type>
        <committee>
          <systemCode>hsed00</systemCode>
          <name>Education and the Workforce Committee</name>
        </committee>
        <links />
        <sourceSystem>
          <code>2</code>
          <name>House floor actions</name>
        </sourceSystem>
        <actionCode>H11100</actionCode>
      </item>
      <item>
        <actionDate>2014-03-04</actionDate>
        <text>Introduced in House</text>
        <type>IntroReferral</type>
        <committee />
        <links />
        <sourceSystem>
          <code>9</code>
          <name>Library of Congress</name>
        </sourceSystem>
        <actionCode>Intro-H</actionCode>
      </item>
      <item>
        <actionDate>2014-03-04</actionDate>
        <text>Introduced in House</text>
        <type>IntroReferral</type>
        <committee />
        <links />
        <sourceSystem>
          <code>9</code>
          <name>Library of Congress</name>
        </sourceSystem>
        <actionCode>1000</actionCode>
      </item>
      <actionByCounts>
        <houseOfRepresentatives>3</houseOfRepresentatives>
      </actionByCounts>
    </actions>
    <amendments />
    <congress>113</congress>
    <cosponsors>
      <item>
        <district>9</district>
        <bioguideId>C001067</bioguideId>
        <sponsorshipWithdrawnDate />
        <fullName>Rep. Clarke, Yvette D. [D-NY-9]</fullName>
        <party>D</party>
        <lastName>Clarke</lastName>
        <middleName>D.</middleName>
        <identifiers>
          <bioguideId>C001067</bioguideId>
          <gpoId>8072</gpoId>
          <lisID>1864</lisID>
        </identifiers>
        <sponsorshipDate>2014-03-04</sponsorshipDate>
        <isOriginalCosponsor>True</isOriginalCosponsor>
        <firstName>Yvette</firstName>
        <state>NY</state>
      </item>
      <item>
        <district>1</district>
        <bioguideId>S001170</bioguideId>
        <sponsorshipWithdrawnDate />
        <fullName>Rep. Shea-Porter, Carol [D-NH-1]</fullName>
        <party>D</party>
        <lastName>Shea-Porter</lastName>
        <middleName />
        <identifiers>
          <bioguideId>S001170</bioguideId>
          <lisID>1861</lisID>
          <gpoId>7528</gpoId>
        </identifiers>
        <sponsorshipDate>2014-03-04</sponsorshipDate>
        <isOriginalCosponsor>True</isOriginalCosponsor>
        <firstName>Carol</firstName>
        <state>NH</state>
      </item>
      <item>
        <district>2</district>
        <bioguideId>M000312</bioguideId>
        <sponsorshipWithdrawnDate />
        <fullName>Rep. McGovern, James P. [D-MA-2]</fullName>
        <party>D</party>
        <lastName>MCGOVERN</lastName>
        <middleName>P.</middleName>
        <identifiers>
          <lisID>1504</lisID>
          <gpoId>7968</gpoId>
          <bioguideId>M000312</bioguideId>
        </identifiers>
        <sponsorshipDate>2014-03-04</sponsorshipDate>
        <isOriginalCosponsor>True</isOriginalCosponsor>
        <firstName>JAMES</firstName>
        <state>MA</state>
      </item>
      <item>
        <district>13</district>
        <bioguideId>L000551</bioguideId>
        <sponsorshipWithdrawnDate />
        <fullName>Rep. Lee, Barbara [D-CA-13]</fullName>
        <party>D</party>
        <lastName>LEE</lastName>
        <middleName />
        <identifiers>
          <bioguideId>L000551</bioguideId>
          <lisID>1501</lisID>
          <gpoId>7814</gpoId>
        </identifiers>
        <sponsorshipDate>2014-03-04</sponsorshipDate>
        <isOriginalCosponsor>True</isOriginalCosponsor>
        <firstName>BARBARA</firstName>
        <state>CA</state>
      </item>
      <item>
        <district>2</district>
        <bioguideId>P000607</bioguideId>
        <sponsorshipWithdrawnDate />
        <fullName>Rep. Pocan, Mark [D-WI-2]</fullName>
        <party>D</party>
        <lastName>Pocan</lastName>
        <middleName />
        <identifiers>
          <lisID>2171</lisID>
          <bioguideId>P000607</bioguideId>
          <gpoId />
        </identifiers>
        <sponsorshipDate>2014-03-06</sponsorshipDate>
        <isOriginalCosponsor>False</isOriginalCosponsor>
        <firstName>Mark</firstName>
        <state>WI</state>
      </item>
    </cosponsors>
    <calendarNumbers />
    <cboCostEstimates />
    <originChamber>House</originChamber>
  </bill>
  <dublinCore xmlns:dc="http://purl.org/dc/elements/1.1/">
    <dc:format>text/xml</dc:format>
    <dc:language>EN</dc:language>
    <dc:rights>Pursuant to Title 17 Section 105 of the United States Code, this file is not subject to copyright protection and is in the public domain.</dc:rights>
    <dc:contributor>Congressional Research Service, Library of Congress</dc:contributor>
    <dc:description>This file contains bill summaries and statuses for federal legislation. A bill summary describes the most significant provisions of a piece of legislation and details the effects the legislative text may have on current law and federal programs. Bill summaries are authored by the Congressional Research Service (CRS) of the Library of Congress. As stated in Public Law 91-510 (2 USC 166 (d)(6)), one of the duties of CRS is "to prepare summaries and digests of bills and resolutions of a public general nature introduced in the Senate or House of Representatives". For more information, refer to the User Guide that accompanies this file.</dc:description>
  </dublinCore>
</billStatus>

