<?xml version="1.0" encoding="UTF-8"?>
<billStatus>
  <bill>
    <policyArea>
      <name>Commerce</name>
    </policyArea>
    <constitutionalAuthorityStatementText />
    <sponsors>
      <item>
        <identifiers>
          <gpoId>7798</gpoId>
          <lisID>1992</lisID>
          <bioguideId>G000565</bioguideId>
        </identifiers>
        <district>4</district>
        <byRequestType />
        <fullName>Rep. Gosar, Paul A. [R-AZ-4]</fullName>
        <firstName>Paul</firstName>
        <state>AZ</state>
        <bioguideId>G000565</bioguideId>
        <middleName>A.</middleName>
        <party>R</party>
        <lastName>Gosar</lastName>
      </item>
    </sponsors>
    <committeeReports />
    <titles>
      <item>
        <chamberCode />
        <title>Honoring the vital role of small business and the passion of entrepreneurs in the United States during "National Small Business Week", beginning on May 12, through May 16, 2014.</title>
        <chamberName />
        <titleType>Official Title as Introduced</titleType>
        <parentTitleType />
      </item>
      <item>
        <chamberCode />
        <title>Honoring the vital role of small business and the passion of entrepreneurs in the United States during "National Small Business Week", beginning on May 12, through May 16, 2014.</title>
        <chamberName />
        <titleType>Display Title</titleType>
        <parentTitleType />
      </item>
    </titles>
    <laws />
    <createDate>2014-05-14T07:20:58Z</createDate>
    <recordedVotes />
    <billNumber>583</billNumber>
    <originChamber>House</originChamber>
    <committees>
      <billCommittees>
        <item>
          <chamber>House</chamber>
          <type>Standing</type>
          <systemCode>hssm00</systemCode>
          <subcommittees />
          <name>Small Business Committee</name>
          <activities>
            <item>
              <date>2014-05-13T17:00:17Z</date>
              <name>Referred to</name>
            </item>
          </activities>
        </item>
      </billCommittees>
    </committees>
    <relatedBills>
      <item>
        <latestTitle>Honoring the entrepreneurial spirit of small business concerns in the United States during National Small Business Week, which begins on June 17, 2013.</latestTitle>
        <latestAction>
          <text>Referred to the House Committee on Small Business.</text>
          <actionDate>2013-06-17</actionDate>
        </latestAction>
        <number>265</number>
        <type>HRES</type>
        <relationshipDetails>
          <item>
            <type>Related bill</type>
            <identifiedBy>CRS</identifiedBy>
          </item>
        </relationshipDetails>
        <congress>113</congress>
      </item>
      <item>
        <latestTitle>A resolution honoring the entrepreneurial spirit of small business concerns in the United States during National Small Business Week, which begins on June 17, 2013.</latestTitle>
        <latestAction>
          <text>Submitted in the Senate, considered, and agreed to without amendment and with a preamble by Unanimous Consent. (consideration: CR S4725; text as passed Senate: CR S4676-4677)</text>
          <actionDate>2013-06-19</actionDate>
        </latestAction>
        <number>177</number>
        <type>SRES</type>
        <relationshipDetails>
          <item>
            <type>Related bill</type>
            <identifiedBy>CRS</identifiedBy>
          </item>
        </relationshipDetails>
        <congress>113</congress>
      </item>
    </relatedBills>
    <updateDate>2016-10-25T15:55:41Z</updateDate>
    <summaries>
      <billSummaries>
        <item>
          <versionCode>00</versionCode>
          <actionDate>2014-05-13</actionDate>
          <text><![CDATA[<p>Expresses support for: (1) the designation of National Small Business Week, (2) efforts to encourage consumers to shop locally, and (3) efforts to increase awareness of the value of locally owned small businesses and the impact of locally owned small business on the U.S. economy. </p> <p>Honors the vital role of small business and entrepreneurs in the United States during such week. </p> <p>Recognizes: (1) the important role of the Small Business Administration (SBA) as a valuable resource for the U.S. entrepreneur, (2) the importance of creating policies that promote a business friendly environment for small business owners free of unnecessary regulations, and (3) the National Small Business Person of the Year and the National Lender of the Year.</p> <p>Encourages young entrepreneurs to pursue their passions and create more start-up businesses.</p>]]></text>
          <name>Introduced in House</name>
          <lastSummaryUpdateDate>2014-07-24T18:41:59Z</lastSummaryUpdateDate>
          <updateDate>2014-05-13T04:00:00Z</updateDate>
          <actionDesc>Introduced in House</actionDesc>
        </item>
      </billSummaries>
    </summaries>
    <congress>113</congress>
    <title>Honoring the vital role of small business and the passion of entrepreneurs in the United States during "National Small Business Week", beginning on May 12, through May 16, 2014.</title>
    <calendarNumbers />
    <actions>
      <actionTypeCounts>
        <introducedInHouse>1</introducedInHouse>
        <billReferrals>1</billReferrals>
        <introducedInTheHouse>1</introducedInTheHouse>
      </actionTypeCounts>
      <actionByCounts>
        <houseOfRepresentatives>3</houseOfRepresentatives>
      </actionByCounts>
      <item>
        <actionCode>H11100</actionCode>
        <actionDate>2014-05-13</actionDate>
        <text>Referred to the House Committee on Small Business.</text>
        <committee>
          <systemCode>hssm00</systemCode>
          <name>Small Business Committee</name>
        </committee>
        <type>IntroReferral</type>
        <links />
        <sourceSystem>
          <name>House floor actions</name>
          <code>2</code>
        </sourceSystem>
      </item>
      <item>
        <actionCode>Intro-H</actionCode>
        <actionDate>2014-05-13</actionDate>
        <text>Introduced in House</text>
        <committee />
        <type>IntroReferral</type>
        <links />
        <sourceSystem>
          <name>Library of Congress</name>
          <code>9</code>
        </sourceSystem>
      </item>
      <item>
        <actionCode>1000</actionCode>
        <actionDate>2014-05-13</actionDate>
        <text>Introduced in House</text>
        <committee />
        <type>IntroReferral</type>
        <links />
        <sourceSystem>
          <name>Library of Congress</name>
          <code>9</code>
        </sourceSystem>
      </item>
    </actions>
    <amendments />
    <cboCostEstimates />
    <introducedDate>2014-05-13</introducedDate>
    <latestAction>
      <text>Referred to the House Committee on Small Business.</text>
      <actionDate>2014-05-13</actionDate>
      <links />
    </latestAction>
    <subjects>
      <billSubjects>
        <legislativeSubjects>
          <item>
            <name>Administrative law and regulatory procedures</name>
          </item>
          <item>
            <name>Commemorative events and holidays</name>
          </item>
          <item>
            <name>Congressional tributes</name>
          </item>
          <item>
            <name>Economic performance and conditions</name>
          </item>
          <item>
            <name>Small Business Administration</name>
          </item>
          <item>
            <name>Small business</name>
          </item>
        </legislativeSubjects>
        <policyArea>
          <name>Commerce</name>
        </policyArea>
      </billSubjects>
    </subjects>
    <cosponsors>
      <item>
        <identifiers>
          <lisID>2107</lisID>
          <gpoId />
          <bioguideId>C001097</bioguideId>
        </identifiers>
        <isOriginalCosponsor>True</isOriginalCosponsor>
        <firstName>Tony</firstName>
        <sponsorshipWithdrawnDate />
        <sponsorshipDate>2014-05-13</sponsorshipDate>
        <party>D</party>
        <district>29</district>
        <fullName>Rep. Cardenas, Tony [D-CA-29]</fullName>
        <state>CA</state>
        <bioguideId>C001097</bioguideId>
        <lastName>Cardenas</lastName>
        <middleName />
      </item>
      <item>
        <identifiers>
          <gpoId>7875</gpoId>
          <lisID>132</lisID>
          <bioguideId>B000911</bioguideId>
        </identifiers>
        <isOriginalCosponsor>True</isOriginalCosponsor>
        <firstName>CORRINE</firstName>
        <sponsorshipWithdrawnDate />
        <sponsorshipDate>2014-05-13</sponsorshipDate>
        <party>D</party>
        <district>5</district>
        <fullName>Rep. Brown, Corrine [D-FL-5]</fullName>
        <state>FL</state>
        <bioguideId>B000911</bioguideId>
        <lastName>BROWN</lastName>
        <middleName />
      </item>
      <item>
        <identifiers>
          <bioguideId>T000470</bioguideId>
          <lisID>1997</lisID>
          <gpoId>7861</gpoId>
        </identifiers>
        <isOriginalCosponsor>True</isOriginalCosponsor>
        <firstName>Scott</firstName>
        <sponsorshipWithdrawnDate />
        <sponsorshipDate>2014-05-13</sponsorshipDate>
        <party>R</party>
        <district>3</district>
        <fullName>Rep. Tipton, Scott  R. [R-CO-3]</fullName>
        <state>CO</state>
        <bioguideId>T000470</bioguideId>
        <lastName>Tipton</lastName>
        <middleName>R.</middleName>
      </item>
      <item>
        <identifiers>
          <lisID>1814</lisID>
          <gpoId>7810</gpoId>
          <bioguideId>M001163</bioguideId>
        </identifiers>
        <isOriginalCosponsor>True</isOriginalCosponsor>
        <firstName>Doris</firstName>
        <sponsorshipWithdrawnDate />
        <sponsorshipDate>2014-05-13</sponsorshipDate>
        <party>D</party>
        <district>6</district>
        <fullName>Rep. Matsui, Doris O. [D-CA-6]</fullName>
        <state>CA</state>
        <bioguideId>M001163</bioguideId>
        <lastName>Matsui</lastName>
        <middleName>O.</middleName>
      </item>
      <item>
        <identifiers>
          <lisID>2171</lisID>
          <gpoId />
          <bioguideId>P000607</bioguideId>
        </identifiers>
        <isOriginalCosponsor>True</isOriginalCosponsor>
        <firstName>Mark</firstName>
        <sponsorshipWithdrawnDate />
        <sponsorshipDate>2014-05-13</sponsorshipDate>
        <party>D</party>
        <district>2</district>
        <fullName>Rep. Pocan, Mark [D-WI-2]</fullName>
        <state>WI</state>
        <bioguideId>P000607</bioguideId>
        <lastName>Pocan</lastName>
        <middleName />
      </item>
      <item>
        <identifiers>
          <lisID>2169</lisID>
          <gpoId />
          <bioguideId>K000381</bioguideId>
        </identifiers>
        <isOriginalCosponsor>True</isOriginalCosponsor>
        <firstName>Derek</firstName>
        <sponsorshipWithdrawnDate />
        <sponsorshipDate>2014-05-13</sponsorshipDate>
        <party>D</party>
        <district>6</district>
        <fullName>Rep. Kilmer, Derek [D-WA-6]</fullName>
        <state>WA</state>
        <bioguideId>K000381</bioguideId>
        <lastName>Kilmer</lastName>
        <middleName />
      </item>
      <item>
        <identifiers>
          <bioguideId>M001150</bioguideId>
          <lisID>1731</lisID>
          <gpoId>8589</gpoId>
        </identifiers>
        <isOriginalCosponsor>True</isOriginalCosponsor>
        <firstName>Candice</firstName>
        <sponsorshipWithdrawnDate />
        <sponsorshipDate>2014-05-13</sponsorshipDate>
        <party>R</party>
        <district>10</district>
        <fullName>Rep. Miller, Candice S. [R-MI-10]</fullName>
        <state>MI</state>
        <bioguideId>M001150</bioguideId>
        <lastName>Miller</lastName>
        <middleName>S.</middleName>
      </item>
      <item>
        <identifiers>
          <lisID>1590</lisID>
          <bioguideId>S001148</bioguideId>
          <gpoId>7920</gpoId>
        </identifiers>
        <isOriginalCosponsor>True</isOriginalCosponsor>
        <firstName>MICHAEL</firstName>
        <sponsorshipWithdrawnDate />
        <sponsorshipDate>2014-05-13</sponsorshipDate>
        <party>R</party>
        <district>2</district>
        <fullName>Rep. Simpson, Michael K. [R-ID-2]</fullName>
        <state>ID</state>
        <bioguideId>S001148</bioguideId>
        <lastName>SIMPSON</lastName>
        <middleName>K.</middleName>
      </item>
      <item>
        <identifiers>
          <lisID>186</lisID>
          <gpoId>8091</gpoId>
          <bioguideId>C000266</bioguideId>
        </identifiers>
        <isOriginalCosponsor>True</isOriginalCosponsor>
        <firstName>STEVE</firstName>
        <sponsorshipWithdrawnDate />
        <sponsorshipDate>2014-05-13</sponsorshipDate>
        <party>R</party>
        <district>1</district>
        <fullName>Rep. Chabot, Steve [R-OH-1]</fullName>
        <state>OH</state>
        <bioguideId>C000266</bioguideId>
        <lastName>CHABOT</lastName>
        <middleName />
      </item>
      <item>
        <identifiers>
          <lisID>1861</lisID>
          <gpoId>7528</gpoId>
          <bioguideId>S001170</bioguideId>
        </identifiers>
        <isOriginalCosponsor>True</isOriginalCosponsor>
        <firstName>Carol</firstName>
        <sponsorshipWithdrawnDate />
        <sponsorshipDate>2014-05-13</sponsorshipDate>
        <party>D</party>
        <district>1</district>
        <fullName>Rep. Shea-Porter, Carol [D-NH-1]</fullName>
        <state>NH</state>
        <bioguideId>S001170</bioguideId>
        <lastName>Shea-Porter</lastName>
        <middleName />
      </item>
      <item>
        <identifiers>
          <lisID>2051</lisID>
          <gpoId>8708</gpoId>
          <bioguideId>K000376</bioguideId>
        </identifiers>
        <isOriginalCosponsor>True</isOriginalCosponsor>
        <firstName>Mike</firstName>
        <sponsorshipWithdrawnDate />
        <sponsorshipDate>2014-05-13</sponsorshipDate>
        <party>R</party>
        <district>3</district>
        <fullName>Rep. Kelly, Mike [R-PA-3]</fullName>
        <state>PA</state>
        <bioguideId>K000376</bioguideId>
        <lastName>Kelly</lastName>
        <middleName />
      </item>
      <item>
        <identifiers>
          <lisID>2125</lisID>
          <gpoId />
          <bioguideId>E000292</bioguideId>
        </identifiers>
        <isOriginalCosponsor>True</isOriginalCosponsor>
        <firstName>William</firstName>
        <sponsorshipWithdrawnDate />
        <sponsorshipDate>2014-05-13</sponsorshipDate>
        <party>D</party>
        <district>12</district>
        <fullName>Rep. Enyart, William L. [D-IL-12]</fullName>
        <state>IL</state>
        <bioguideId>E000292</bioguideId>
        <lastName>Enyart</lastName>
        <middleName>L.</middleName>
      </item>
      <item>
        <identifiers>
          <lisID>2027</lisID>
          <gpoId>7986</gpoId>
          <bioguideId>B001271</bioguideId>
        </identifiers>
        <isOriginalCosponsor>True</isOriginalCosponsor>
        <firstName>Dan</firstName>
        <sponsorshipWithdrawnDate />
        <sponsorshipDate>2014-05-13</sponsorshipDate>
        <party>R</party>
        <district>1</district>
        <fullName>Rep. Benishek, Dan [R-MI-1]</fullName>
        <state>MI</state>
        <bioguideId>B001271</bioguideId>
        <lastName>Benishek</lastName>
        <middleName />
      </item>
      <item>
        <identifiers>
          <lisID>2108</lisID>
          <bioguideId>N000187</bioguideId>
          <gpoId />
        </identifiers>
        <isOriginalCosponsor>True</isOriginalCosponsor>
        <firstName>Gloria</firstName>
        <sponsorshipWithdrawnDate />
        <sponsorshipDate>2014-05-13</sponsorshipDate>
        <party>D</party>
        <district>35</district>
        <fullName>Rep. Negrete McLeod, Gloria [D-CA-35]</fullName>
        <state>CA</state>
        <bioguideId>N000187</bioguideId>
        <lastName>Negrete McLeod</lastName>
        <middleName />
      </item>
      <item>
        <identifiers>
          <gpoId>8004</gpoId>
          <lisID>1653</lisID>
          <bioguideId>M001143</bioguideId>
        </identifiers>
        <isOriginalCosponsor>True</isOriginalCosponsor>
        <firstName>BETTY</firstName>
        <sponsorshipWithdrawnDate />
        <sponsorshipDate>2014-05-13</sponsorshipDate>
        <party>D</party>
        <district>4</district>
        <fullName>Rep. McCollum, Betty [D-MN-4]</fullName>
        <state>MN</state>
        <bioguideId>M001143</bioguideId>
        <lastName>MCCOLLUM</lastName>
        <middleName />
      </item>
      <item>
        <identifiers>
          <bioguideId>V000131</bioguideId>
          <gpoId />
          <lisID>2166</lisID>
        </identifiers>
        <isOriginalCosponsor>True</isOriginalCosponsor>
        <firstName>Marc</firstName>
        <sponsorshipWithdrawnDate />
        <sponsorshipDate>2014-05-13</sponsorshipDate>
        <party>D</party>
        <district>33</district>
        <fullName>Rep. Veasey, Marc A. [D-TX-33]</fullName>
        <state>TX</state>
        <bioguideId>V000131</bioguideId>
        <lastName>Veasey</lastName>
        <middleName>A.</middleName>
      </item>
      <item>
        <identifiers>
          <gpoId>7493</gpoId>
          <lisID>1940</lisID>
          <bioguideId>T000468</bioguideId>
        </identifiers>
        <isOriginalCosponsor>True</isOriginalCosponsor>
        <firstName>Dina</firstName>
        <sponsorshipWithdrawnDate />
        <sponsorshipDate>2014-05-13</sponsorshipDate>
        <party>D</party>
        <district>1</district>
        <fullName>Rep. Titus, Dina [D-NV-1]</fullName>
        <state>NV</state>
        <bioguideId>T000468</bioguideId>
        <lastName>Titus</lastName>
        <middleName />
      </item>
      <item>
        <identifiers>
          <bioguideId>C001059</bioguideId>
          <lisID>1774</lisID>
          <gpoId>7825</gpoId>
        </identifiers>
        <isOriginalCosponsor>True</isOriginalCosponsor>
        <firstName>Jim</firstName>
        <sponsorshipWithdrawnDate />
        <sponsorshipDate>2014-05-13</sponsorshipDate>
        <party>D</party>
        <district>16</district>
        <fullName>Rep. Costa, Jim [D-CA-16]</fullName>
        <state>CA</state>
        <bioguideId>C001059</bioguideId>
        <lastName>Costa</lastName>
        <middleName />
      </item>
      <item>
        <identifiers>
          <lisID>1884</lisID>
          <gpoId>7970</gpoId>
          <bioguideId>T000465</bioguideId>
        </identifiers>
        <isOriginalCosponsor>True</isOriginalCosponsor>
        <firstName>Niki</firstName>
        <sponsorshipWithdrawnDate />
        <sponsorshipDate>2014-05-13</sponsorshipDate>
        <party>D</party>
        <district>3</district>
        <fullName>Rep. Tsongas, Niki [D-MA-3]</fullName>
        <state>MA</state>
        <bioguideId>T000465</bioguideId>
        <lastName>Tsongas</lastName>
        <middleName />
      </item>
      <item>
        <identifiers>
          <bioguideId>L000578</bioguideId>
          <lisID>2100</lisID>
          <gpoId />
        </identifiers>
        <isOriginalCosponsor>True</isOriginalCosponsor>
        <firstName>Doug</firstName>
        <sponsorshipWithdrawnDate />
        <sponsorshipDate>2014-05-13</sponsorshipDate>
        <party>R</party>
        <district>1</district>
        <fullName>Rep. LaMalfa, Doug [R-CA-1]</fullName>
        <state>CA</state>
        <bioguideId>L000578</bioguideId>
        <lastName>LaMalfa</lastName>
        <middleName />
      </item>
      <item>
        <identifiers>
          <bioguideId>T000472</bioguideId>
          <gpoId />
          <lisID>2110</lisID>
        </identifiers>
        <isOriginalCosponsor>True</isOriginalCosponsor>
        <firstName>Mark</firstName>
        <sponsorshipWithdrawnDate />
        <sponsorshipDate>2014-05-13</sponsorshipDate>
        <party>D</party>
        <district>41</district>
        <fullName>Rep. Takano, Mark [D-CA-41]</fullName>
        <state>CA</state>
        <bioguideId>T000472</bioguideId>
        <lastName>Takano</lastName>
        <middleName />
      </item>
      <item>
        <identifiers>
          <gpoId />
          <lisID>2128</lisID>
          <bioguideId>W000813</bioguideId>
        </identifiers>
        <isOriginalCosponsor>True</isOriginalCosponsor>
        <firstName>Jackie</firstName>
        <sponsorshipWithdrawnDate />
        <sponsorshipDate>2014-05-13</sponsorshipDate>
        <party>R</party>
        <district>2</district>
        <fullName>Rep. Walorski, Jackie [R-IN-2]</fullName>
        <state>IN</state>
        <bioguideId>W000813</bioguideId>
        <lastName>Walorski</lastName>
        <middleName />
      </item>
      <item>
        <identifiers>
          <lisID>1974</lisID>
          <gpoId>8673</gpoId>
          <bioguideId>O000169</bioguideId>
        </identifiers>
        <isOriginalCosponsor>True</isOriginalCosponsor>
        <firstName>William</firstName>
        <sponsorshipWithdrawnDate />
        <sponsorshipDate>2014-05-13</sponsorshipDate>
        <party>D</party>
        <district>21</district>
        <fullName>Rep. Owens, William L. [D-NY-21]</fullName>
        <state>NY</state>
        <bioguideId>O000169</bioguideId>
        <lastName>Owens</lastName>
        <middleName>L.</middleName>
      </item>
      <item>
        <identifiers>
          <gpoId>7819</gpoId>
          <lisID>355</lisID>
          <bioguideId>E000215</bioguideId>
        </identifiers>
        <isOriginalCosponsor>True</isOriginalCosponsor>
        <firstName>ANNA</firstName>
        <sponsorshipWithdrawnDate />
        <sponsorshipDate>2014-05-13</sponsorshipDate>
        <party>D</party>
        <district>18</district>
        <fullName>Rep. Eshoo, Anna G. [D-CA-18]</fullName>
        <state>CA</state>
        <bioguideId>E000215</bioguideId>
        <lastName>ESHOO</lastName>
        <middleName>G.</middleName>
      </item>
      <item>
        <identifiers>
          <lisID>2120</lisID>
          <gpoId />
          <bioguideId>G000573</bioguideId>
        </identifiers>
        <isOriginalCosponsor>True</isOriginalCosponsor>
        <firstName>Joe</firstName>
        <sponsorshipWithdrawnDate />
        <sponsorshipDate>2014-05-13</sponsorshipDate>
        <party>D</party>
        <district>26</district>
        <fullName>Rep. Garcia, Joe [D-FL-26]</fullName>
        <state>FL</state>
        <bioguideId>G000573</bioguideId>
        <lastName>Garcia</lastName>
        <middleName />
      </item>
      <item>
        <identifiers>
          <gpoId />
          <lisID>1009</lisID>
          <bioguideId>S000018</bioguideId>
        </identifiers>
        <isOriginalCosponsor>True</isOriginalCosponsor>
        <firstName>MATT</firstName>
        <sponsorshipWithdrawnDate />
        <sponsorshipDate>2014-05-13</sponsorshipDate>
        <party>R</party>
        <district>5</district>
        <fullName>Rep. Salmon, Matt [R-AZ-5]</fullName>
        <state>AZ</state>
        <bioguideId>S000018</bioguideId>
        <lastName>SALMON</lastName>
        <middleName />
      </item>
      <item>
        <identifiers>
          <lisID>1889</lisID>
          <bioguideId>C001072</bioguideId>
          <gpoId>7946</gpoId>
        </identifiers>
        <isOriginalCosponsor>True</isOriginalCosponsor>
        <firstName>Andre</firstName>
        <sponsorshipWithdrawnDate />
        <sponsorshipDate>2014-05-13</sponsorshipDate>
        <party>D</party>
        <district>7</district>
        <fullName>Rep. Carson, Andre [D-IN-7]</fullName>
        <state>IN</state>
        <bioguideId>C001072</bioguideId>
        <lastName>Carson</lastName>
        <middleName />
      </item>
      <item>
        <identifiers>
          <gpoId>8374</gpoId>
          <lisID>2096</lisID>
          <bioguideId>D000617</bioguideId>
        </identifiers>
        <isOriginalCosponsor>True</isOriginalCosponsor>
        <firstName>Suzan</firstName>
        <sponsorshipWithdrawnDate />
        <sponsorshipDate>2014-05-13</sponsorshipDate>
        <party>D</party>
        <district>1</district>
        <fullName>Rep. DelBene, Suzan K. [D-WA-1]</fullName>
        <state>WA</state>
        <bioguideId>D000617</bioguideId>
        <lastName>DelBene</lastName>
        <middleName>K.</middleName>
      </item>
      <item>
        <identifiers>
          <bioguideId>L000579</bioguideId>
          <lisID>2111</lisID>
          <gpoId />
        </identifiers>
        <isOriginalCosponsor>True</isOriginalCosponsor>
        <firstName>Alan</firstName>
        <sponsorshipWithdrawnDate />
        <sponsorshipDate>2014-05-13</sponsorshipDate>
        <party>D</party>
        <district>47</district>
        <fullName>Rep. Lowenthal, Alan S. [D-CA-47]</fullName>
        <state>CA</state>
        <bioguideId>L000579</bioguideId>
        <lastName>Lowenthal</lastName>
        <middleName>S.</middleName>
      </item>
      <item>
        <identifiers>
          <lisID>2104</lisID>
          <gpoId />
          <bioguideId>S001193</bioguideId>
        </identifiers>
        <isOriginalCosponsor>True</isOriginalCosponsor>
        <firstName>Eric</firstName>
        <sponsorshipWithdrawnDate />
        <sponsorshipDate>2014-05-13</sponsorshipDate>
        <party>D</party>
        <district>15</district>
        <fullName>Rep. Swalwell, Eric [D-CA-15]</fullName>
        <state>CA</state>
        <bioguideId>S001193</bioguideId>
        <lastName>Swalwell</lastName>
        <middleName />
      </item>
      <item>
        <identifiers>
          <bioguideId>J000032</bioguideId>
          <lisID>588</lisID>
          <gpoId>8174</gpoId>
        </identifiers>
        <isOriginalCosponsor>True</isOriginalCosponsor>
        <firstName>SHEILA</firstName>
        <sponsorshipWithdrawnDate />
        <sponsorshipDate>2014-05-13</sponsorshipDate>
        <party>D</party>
        <district>18</district>
        <fullName>Rep. Jackson Lee, Sheila [D-TX-18]</fullName>
        <state>TX</state>
        <bioguideId>J000032</bioguideId>
        <lastName>JACKSON LEE</lastName>
        <middleName />
      </item>
      <item>
        <identifiers>
          <lisID>2135</lisID>
          <bioguideId>B001280</bioguideId>
          <gpoId />
        </identifiers>
        <isOriginalCosponsor>True</isOriginalCosponsor>
        <firstName>Kerry</firstName>
        <sponsorshipWithdrawnDate />
        <sponsorshipDate>2014-05-13</sponsorshipDate>
        <party>R</party>
        <district>11</district>
        <fullName>Rep. Bentivolio, Kerry L. [R-MI-11]</fullName>
        <state>MI</state>
        <bioguideId>B001280</bioguideId>
        <lastName>Bentivolio</lastName>
        <middleName>L.</middleName>
      </item>
      <item>
        <identifiers>
          <bioguideId>B001245</bioguideId>
          <gpoId>7911</gpoId>
          <lisID>1723</lisID>
        </identifiers>
        <isOriginalCosponsor>True</isOriginalCosponsor>
        <firstName>Madeleine</firstName>
        <sponsorshipWithdrawnDate />
        <sponsorshipDate>2014-05-13</sponsorshipDate>
        <party>D</party>
        <district>0</district>
        <fullName>Rep. Bordallo, Madeleine Z. [D-GU-At Large]</fullName>
        <state>GU</state>
        <bioguideId>B001245</bioguideId>
        <lastName>Bordallo</lastName>
        <middleName>Z.</middleName>
      </item>
      <item>
        <identifiers>
          <lisID>1490</lisID>
          <gpoId>8171</gpoId>
          <bioguideId>H000636</bioguideId>
        </identifiers>
        <isOriginalCosponsor>True</isOriginalCosponsor>
        <firstName>RUBEN</firstName>
        <sponsorshipWithdrawnDate />
        <sponsorshipDate>2014-05-13</sponsorshipDate>
        <party>D</party>
        <district>15</district>
        <fullName>Rep. Hinojosa, Ruben [D-TX-15]</fullName>
        <state>TX</state>
        <bioguideId>H000636</bioguideId>
        <lastName>HINOJOSA</lastName>
        <middleName />
      </item>
      <item>
        <identifiers>
          <lisID>2124</lisID>
          <gpoId />
          <bioguideId>S001190</bioguideId>
        </identifiers>
        <isOriginalCosponsor>True</isOriginalCosponsor>
        <firstName>Bradley</firstName>
        <sponsorshipWithdrawnDate />
        <sponsorshipDate>2014-05-13</sponsorshipDate>
        <party>D</party>
        <district>10</district>
        <fullName>Rep. Schneider, Bradley S. [D-IL-10]</fullName>
        <state>IL</state>
        <bioguideId>S001190</bioguideId>
        <lastName>Schneider</lastName>
        <middleName>S.</middleName>
      </item>
      <item>
        <identifiers>
          <gpoId />
          <lisID>2151</lisID>
          <bioguideId>C001092</bioguideId>
        </identifiers>
        <isOriginalCosponsor>True</isOriginalCosponsor>
        <firstName>Chris</firstName>
        <sponsorshipWithdrawnDate />
        <sponsorshipDate>2014-05-13</sponsorshipDate>
        <party>R</party>
        <district>27</district>
        <fullName>Rep. Collins, Chris [R-NY-27]</fullName>
        <state>NY</state>
        <bioguideId>C001092</bioguideId>
        <lastName>Collins</lastName>
        <middleName />
      </item>
      <item>
        <identifiers>
          <lisID>1970</lisID>
          <gpoId>7837</gpoId>
          <bioguideId>C001080</bioguideId>
        </identifiers>
        <isOriginalCosponsor>True</isOriginalCosponsor>
        <firstName>Judy</firstName>
        <sponsorshipWithdrawnDate />
        <sponsorshipDate>2014-05-13</sponsorshipDate>
        <party>D</party>
        <district>27</district>
        <fullName>Rep. Chu, Judy [D-CA-27]</fullName>
        <state>CA</state>
        <bioguideId>C001080</bioguideId>
        <lastName>Chu</lastName>
        <middleName />
      </item>
      <item>
        <identifiers>
          <lisID>2127</lisID>
          <bioguideId>B001286</bioguideId>
          <gpoId />
        </identifiers>
        <isOriginalCosponsor>True</isOriginalCosponsor>
        <firstName>Cheri</firstName>
        <sponsorshipWithdrawnDate />
        <sponsorshipDate>2014-05-13</sponsorshipDate>
        <party>D</party>
        <district>17</district>
        <fullName>Rep. Bustos, Cheri [D-IL-17]</fullName>
        <state>IL</state>
        <bioguideId>B001286</bioguideId>
        <lastName>Bustos</lastName>
        <middleName />
      </item>
      <item>
        <identifiers>
          <lisID>1730</lisID>
          <bioguideId>M001149</bioguideId>
          <gpoId>7985</gpoId>
        </identifiers>
        <isOriginalCosponsor>True</isOriginalCosponsor>
        <firstName>Michael</firstName>
        <sponsorshipWithdrawnDate />
        <sponsorshipDate>2014-05-13</sponsorshipDate>
        <party>D</party>
        <district>2</district>
        <fullName>Rep. Michaud, Michael H. [D-ME-2]</fullName>
        <state>ME</state>
        <bioguideId>M001149</bioguideId>
        <lastName>Michaud</lastName>
        <middleName>H.</middleName>
      </item>
      <item>
        <identifiers>
          <lisID>2114</lisID>
          <gpoId />
          <bioguideId>E000293</bioguideId>
        </identifiers>
        <isOriginalCosponsor>True</isOriginalCosponsor>
        <firstName>Elizabeth</firstName>
        <sponsorshipWithdrawnDate />
        <sponsorshipDate>2014-05-13</sponsorshipDate>
        <party>D</party>
        <district>5</district>
        <fullName>Rep. Esty, Elizabeth H. [D-CT-5]</fullName>
        <state>CT</state>
        <bioguideId>E000293</bioguideId>
        <lastName>Esty</lastName>
        <middleName>H.</middleName>
      </item>
      <item>
        <identifiers>
          <lisID>2164</lisID>
          <gpoId />
          <bioguideId>G000572</bioguideId>
        </identifiers>
        <isOriginalCosponsor>True</isOriginalCosponsor>
        <firstName>Pete</firstName>
        <sponsorshipWithdrawnDate />
        <sponsorshipDate>2014-05-13</sponsorshipDate>
        <party>D</party>
        <district>23</district>
        <fullName>Rep. Gallego, Pete P. [D-TX-23]</fullName>
        <state>TX</state>
        <bioguideId>G000572</bioguideId>
        <lastName>Gallego</lastName>
        <middleName>P.</middleName>
      </item>
      <item>
        <identifiers>
          <lisID>2154</lisID>
          <gpoId />
          <bioguideId>J000295</bioguideId>
        </identifiers>
        <isOriginalCosponsor>True</isOriginalCosponsor>
        <firstName>David</firstName>
        <sponsorshipWithdrawnDate />
        <sponsorshipDate>2014-05-13</sponsorshipDate>
        <party>R</party>
        <district>14</district>
        <fullName>Rep. Joyce, David P. [R-OH-14]</fullName>
        <state>OH</state>
        <bioguideId>J000295</bioguideId>
        <lastName>Joyce</lastName>
        <middleName>P.</middleName>
      </item>
      <item>
        <identifiers>
          <lisID>1846</lisID>
          <gpoId>7915</gpoId>
          <bioguideId>L000565</bioguideId>
        </identifiers>
        <isOriginalCosponsor>True</isOriginalCosponsor>
        <firstName>David</firstName>
        <sponsorshipWithdrawnDate />
        <sponsorshipDate>2014-05-13</sponsorshipDate>
        <party>D</party>
        <district>2</district>
        <fullName>Rep. Loebsack, David [D-IA-2]</fullName>
        <state>IA</state>
        <bioguideId>L000565</bioguideId>
        <lastName>Loebsack</lastName>
        <middleName />
      </item>
      <item>
        <identifiers>
          <gpoId>8129</gpoId>
          <lisID>2054</lisID>
          <bioguideId>B001269</bioguideId>
        </identifiers>
        <isOriginalCosponsor>False</isOriginalCosponsor>
        <firstName>Lou</firstName>
        <sponsorshipWithdrawnDate />
        <sponsorshipDate>2014-05-19</sponsorshipDate>
        <party>R</party>
        <district>11</district>
        <fullName>Rep. Barletta, Lou [R-PA-11]</fullName>
        <state>PA</state>
        <bioguideId>B001269</bioguideId>
        <lastName>Barletta</lastName>
        <middleName />
      </item>
      <item>
        <identifiers>
          <gpoId />
          <lisID>2099</lisID>
          <bioguideId>S001191</bioguideId>
        </identifiers>
        <isOriginalCosponsor>False</isOriginalCosponsor>
        <firstName>Kyrsten</firstName>
        <sponsorshipWithdrawnDate />
        <sponsorshipDate>2014-05-19</sponsorshipDate>
        <party>D</party>
        <district>9</district>
        <fullName>Rep. Sinema, Kyrsten [D-AZ-9]</fullName>
        <state>AZ</state>
        <bioguideId>S001191</bioguideId>
        <lastName>Sinema</lastName>
        <middleName />
      </item>
      <item>
        <identifiers>
          <lisID>1504</lisID>
          <gpoId>7968</gpoId>
          <bioguideId>M000312</bioguideId>
        </identifiers>
        <isOriginalCosponsor>False</isOriginalCosponsor>
        <firstName>JAMES</firstName>
        <sponsorshipWithdrawnDate />
        <sponsorshipDate>2014-05-19</sponsorshipDate>
        <party>D</party>
        <district>2</district>
        <fullName>Rep. McGovern, James P. [D-MA-2]</fullName>
        <state>MA</state>
        <bioguideId>M000312</bioguideId>
        <lastName>MCGOVERN</lastName>
        <middleName>P.</middleName>
      </item>
    </cosponsors>
    <notes />
    <billType>HRES</billType>
  </bill>
  <dublinCore xmlns:dc="http://purl.org/dc/elements/1.1/">
    <dc:format>text/xml</dc:format>
    <dc:language>EN</dc:language>
    <dc:rights>Pursuant to Title 17 Section 105 of the United States Code, this file is not subject to copyright protection and is in the public domain.</dc:rights>
    <dc:contributor>Congressional Research Service, Library of Congress</dc:contributor>
    <dc:description>This file contains bill summaries and statuses for federal legislation. A bill summary describes the most significant provisions of a piece of legislation and details the effects the legislative text may have on current law and federal programs. Bill summaries are authored by the Congressional Research Service (CRS) of the Library of Congress. As stated in Public Law 91-510 (2 USC 166 (d)(6)), one of the duties of CRS is "to prepare summaries and digests of bills and resolutions of a public general nature introduced in the Senate or House of Representatives". For more information, refer to the User Guide that accompanies this file.</dc:description>
  </dublinCore>
</billStatus>

