<?xml version="1.0" encoding="UTF-8"?>
<billStatus>
  <bill>
    <committees>
      <billCommittees>
        <item>
          <subcommittees>
            <item>
              <systemCode>hsif14</systemCode>
              <activities>
                <item>
                  <date>2014-12-19T20:31:19Z</date>
                  <name>Referred to</name>
                </item>
              </activities>
              <name>Health Subcommittee</name>
            </item>
          </subcommittees>
          <chamber>House</chamber>
          <systemCode>hsif00</systemCode>
          <activities>
            <item>
              <date>2014-12-10T15:03:10Z</date>
              <name>Referred to</name>
            </item>
          </activities>
          <type>Standing</type>
          <name>Energy and Commerce Committee</name>
        </item>
      </billCommittees>
    </committees>
    <introducedDate>2014-12-10</introducedDate>
    <congress>113</congress>
    <laws />
    <calendarNumbers />
    <originChamber>House</originChamber>
    <constitutionalAuthorityStatementText />
    <titles>
      <item>
        <parentTitleType />
        <chamberCode />
        <chamberName />
        <title>Supporting the designation of a week as National Federal Nurse Recognition Week.</title>
        <titleType>Official Title as Introduced</titleType>
      </item>
      <item>
        <parentTitleType />
        <chamberCode />
        <chamberName />
        <title>Supporting the designation of a week as National Federal Nurse Recognition Week.</title>
        <titleType>Display Title</titleType>
      </item>
    </titles>
    <createDate>2014-12-11T04:56:19Z</createDate>
    <title>Supporting the designation of a week as National Federal Nurse Recognition Week.</title>
    <cboCostEstimates />
    <summaries>
      <billSummaries>
        <item>
          <actionDate>2014-12-10</actionDate>
          <updateDate>2014-12-10T05:00:00Z</updateDate>
          <name>Introduced in House</name>
          <lastSummaryUpdateDate>2014-12-15T17:40:30Z</lastSummaryUpdateDate>
          <versionCode>00</versionCode>
          <actionDesc>Introduced in House</actionDesc>
          <text><![CDATA[<p>Expresses support for the designation of National Federal Nurse Recognition Week.</p> Recognizes the dedication and vital role of federal nurses and the need to maintain an adequate number of well-trained federal nurses. Commends federal nurses as integral in supporting the government's mission to provide quality, accessible, and affordable health care.]]></text>
        </item>
      </billSummaries>
    </summaries>
    <recordedVotes />
    <notes />
    <policyArea>
      <name>Health</name>
    </policyArea>
    <updateDate>2016-10-25T15:56:09Z</updateDate>
    <cosponsors>
      <item>
        <state>TN</state>
        <fullName>Rep. Cooper, Jim [D-TN-5]</fullName>
        <sponsorshipDate>2014-12-10</sponsorshipDate>
        <identifiers>
          <lisID>231</lisID>
          <gpoId>8152</gpoId>
          <bioguideId>C000754</bioguideId>
        </identifiers>
        <sponsorshipWithdrawnDate />
        <middleName>H.</middleName>
        <lastName>COOPER</lastName>
        <isOriginalCosponsor>True</isOriginalCosponsor>
        <firstName>JAMES</firstName>
        <district>5</district>
        <party>D</party>
        <bioguideId>C000754</bioguideId>
      </item>
      <item>
        <state>IL</state>
        <fullName>Rep. Duckworth, Tammy [D-IL-8]</fullName>
        <sponsorshipDate>2014-12-10</sponsorshipDate>
        <identifiers>
          <lisID>2123</lisID>
          <gpoId />
          <bioguideId>D000622</bioguideId>
        </identifiers>
        <sponsorshipWithdrawnDate />
        <middleName />
        <lastName>Duckworth</lastName>
        <isOriginalCosponsor>True</isOriginalCosponsor>
        <firstName>Tammy</firstName>
        <district>8</district>
        <party>D</party>
        <bioguideId>D000622</bioguideId>
      </item>
      <item>
        <state>TN</state>
        <fullName>Rep. Roe, David P. [R-TN-1]</fullName>
        <sponsorshipDate>2014-12-10</sponsorshipDate>
        <identifiers>
          <lisID>1954</lisID>
          <gpoId>8148</gpoId>
          <bioguideId>R000582</bioguideId>
        </identifiers>
        <sponsorshipWithdrawnDate />
        <middleName>P.</middleName>
        <lastName>Roe</lastName>
        <isOriginalCosponsor>True</isOriginalCosponsor>
        <firstName>David</firstName>
        <district>1</district>
        <party>R</party>
        <bioguideId>R000582</bioguideId>
      </item>
    </cosponsors>
    <billNumber>778</billNumber>
    <subjects>
      <billSubjects>
        <policyArea>
          <name>Health</name>
        </policyArea>
        <legislativeSubjects>
          <item>
            <name>Commemorative events and holidays</name>
          </item>
          <item>
            <name>Congressional tributes</name>
          </item>
          <item>
            <name>Health personnel</name>
          </item>
          <item>
            <name>Nursing</name>
          </item>
        </legislativeSubjects>
      </billSubjects>
    </subjects>
    <latestAction>
      <text>Referred to the Subcommittee on Health.</text>
      <links />
      <actionDate>2014-12-19</actionDate>
    </latestAction>
    <amendments />
    <actions>
      <actionTypeCounts>
        <placeholderTextForH>1</placeholderTextForH>
        <billReferrals>1</billReferrals>
        <introducedInHouse>1</introducedInHouse>
        <introducedInTheHouse>1</introducedInTheHouse>
      </actionTypeCounts>
      <item>
        <actionDate>2014-12-19</actionDate>
        <committee>
          <systemCode>hsif14</systemCode>
          <name>Health Subcommittee</name>
        </committee>
        <links />
        <sourceSystem>
          <code>1</code>
          <name>House committee actions</name>
        </sourceSystem>
        <text>Referred to the Subcommittee on Health.</text>
        <type>Committee</type>
      </item>
      <item>
        <actionDate>2014-12-10</actionDate>
        <text>Referred to the House Committee on Energy and Commerce.</text>
        <type>IntroReferral</type>
        <committee>
          <systemCode>hsif00</systemCode>
          <name>Energy and Commerce Committee</name>
        </committee>
        <links />
        <sourceSystem>
          <code>2</code>
          <name>House floor actions</name>
        </sourceSystem>
        <actionCode>H11100</actionCode>
      </item>
      <item>
        <actionDate>2014-12-10</actionDate>
        <text>Introduced in House</text>
        <type>IntroReferral</type>
        <committee />
        <links />
        <sourceSystem>
          <code>9</code>
          <name>Library of Congress</name>
        </sourceSystem>
        <actionCode>Intro-H</actionCode>
      </item>
      <item>
        <actionDate>2014-12-10</actionDate>
        <text>Introduced in House</text>
        <type>IntroReferral</type>
        <committee />
        <links />
        <sourceSystem>
          <code>9</code>
          <name>Library of Congress</name>
        </sourceSystem>
        <actionCode>1000</actionCode>
      </item>
      <actionByCounts>
        <houseOfRepresentatives>4</houseOfRepresentatives>
      </actionByCounts>
    </actions>
    <committeeReports />
    <sponsors>
      <item>
        <middleName>D.</middleName>
        <district>9</district>
        <fullName>Rep. Schakowsky, Janice D. [D-IL-9]</fullName>
        <bioguideId>S001145</bioguideId>
        <firstName>JANICE</firstName>
        <byRequestType />
        <state>IL</state>
        <lastName>SCHAKOWSKY</lastName>
        <identifiers>
          <lisID>1588</lisID>
          <bioguideId>S001145</bioguideId>
          <gpoId>7929</gpoId>
        </identifiers>
        <party>D</party>
      </item>
    </sponsors>
    <relatedBills />
    <billType>HRES</billType>
  </bill>
  <dublinCore xmlns:dc="http://purl.org/dc/elements/1.1/">
    <dc:format>text/xml</dc:format>
    <dc:language>EN</dc:language>
    <dc:rights>Pursuant to Title 17 Section 105 of the United States Code, this file is not subject to copyright protection and is in the public domain.</dc:rights>
    <dc:contributor>Congressional Research Service, Library of Congress</dc:contributor>
    <dc:description>This file contains bill summaries and statuses for federal legislation. A bill summary describes the most significant provisions of a piece of legislation and details the effects the legislative text may have on current law and federal programs. Bill summaries are authored by the Congressional Research Service (CRS) of the Library of Congress. As stated in Public Law 91-510 (2 USC 166 (d)(6)), one of the duties of CRS is "to prepare summaries and digests of bills and resolutions of a public general nature introduced in the Senate or House of Representatives". For more information, refer to the User Guide that accompanies this file.</dc:description>
  </dublinCore>
</billStatus>

