<?xml version="1.0" encoding="UTF-8"?>
<billStatus>
  <bill>
    <latestAction>
      <text>Referred to the Subcommittee on Asia and the Pacific.</text>
      <links />
      <actionDate>2014-06-10</actionDate>
    </latestAction>
    <policyArea>
      <name>International Affairs</name>
    </policyArea>
    <amendments />
    <relatedBills>
      <item>
        <latestAction>
          <actionDate>2014-07-24</actionDate>
          <text>Resolution agreed to in Senate without amendment and an amendment to the Title and an amended preamble by Unanimous Consent. (text: CR S4973)</text>
        </latestAction>
        <congress>113</congress>
        <latestTitle>A resolution recognizing the Khmer and Lao/Hmong Freedom Fighters of Cambodia and Laos for supporting and defending the United States Armed Forces during the conflict in Southeast Asia.</latestTitle>
        <relationshipDetails>
          <item>
            <type>Identical bill</type>
            <identifiedBy>CRS</identifiedBy>
          </item>
        </relationshipDetails>
        <type>SRES</type>
        <number>462</number>
      </item>
    </relatedBills>
    <billNumber>596</billNumber>
    <updateDate>2016-10-25T15:55:43Z</updateDate>
    <cboCostEstimates />
    <sponsors>
      <item>
        <fullName>Rep. Duffy, Sean P. [R-WI-7]</fullName>
        <firstName>Sean</firstName>
        <district>7</district>
        <lastName>Duffy</lastName>
        <byRequestType />
        <identifiers>
          <lisID>2072</lisID>
          <gpoId>8220</gpoId>
          <bioguideId>D000614</bioguideId>
        </identifiers>
        <middleName>P.</middleName>
        <party>R</party>
        <state>WI</state>
        <bioguideId>D000614</bioguideId>
      </item>
    </sponsors>
    <notes />
    <originChamber>House</originChamber>
    <subjects>
      <billSubjects>
        <legislativeSubjects>
          <item>
            <name>Asia</name>
          </item>
          <item>
            <name>Cambodia</name>
          </item>
          <item>
            <name>Conflicts and wars</name>
          </item>
          <item>
            <name>Congressional tributes</name>
          </item>
          <item>
            <name>Laos</name>
          </item>
          <item>
            <name>Military history</name>
          </item>
        </legislativeSubjects>
        <policyArea>
          <name>International Affairs</name>
        </policyArea>
      </billSubjects>
    </subjects>
    <cosponsors>
      <item>
        <identifiers>
          <lisID>912</lisID>
          <gpoId>8219</gpoId>
          <bioguideId>P000265</bioguideId>
        </identifiers>
        <isOriginalCosponsor>True</isOriginalCosponsor>
        <firstName>TOM</firstName>
        <sponsorshipWithdrawnDate />
        <sponsorshipDate>2014-05-22</sponsorshipDate>
        <party>R</party>
        <district>6</district>
        <fullName>Rep. Petri, Thomas E. [R-WI-6]</fullName>
        <state>WI</state>
        <bioguideId>P000265</bioguideId>
        <lastName>PETRI</lastName>
        <middleName />
      </item>
      <item>
        <identifiers>
          <bioguideId>C001094</bioguideId>
          <lisID>2103</lisID>
          <gpoId />
        </identifiers>
        <isOriginalCosponsor>True</isOriginalCosponsor>
        <firstName>Paul</firstName>
        <sponsorshipWithdrawnDate />
        <sponsorshipDate>2014-05-22</sponsorshipDate>
        <party>R</party>
        <district>8</district>
        <fullName>Rep. Cook, Paul [R-CA-8]</fullName>
        <state>CA</state>
        <bioguideId>C001094</bioguideId>
        <lastName>Cook</lastName>
        <middleName />
      </item>
      <item>
        <identifiers>
          <bioguideId>P000593</bioguideId>
          <lisID>1835</lisID>
          <gpoId>7865</gpoId>
        </identifiers>
        <isOriginalCosponsor>True</isOriginalCosponsor>
        <firstName>Ed</firstName>
        <sponsorshipWithdrawnDate />
        <sponsorshipDate>2014-05-22</sponsorshipDate>
        <party>D</party>
        <district>7</district>
        <fullName>Rep. Perlmutter, Ed [D-CO-7]</fullName>
        <state>CO</state>
        <bioguideId>P000593</bioguideId>
        <lastName>Perlmutter</lastName>
        <middleName />
      </item>
      <item>
        <identifiers>
          <lisID>1733</lisID>
          <gpoId>8002</gpoId>
          <bioguideId>K000363</bioguideId>
        </identifiers>
        <isOriginalCosponsor>False</isOriginalCosponsor>
        <firstName>John</firstName>
        <sponsorshipWithdrawnDate />
        <sponsorshipDate>2014-07-16</sponsorshipDate>
        <party>R</party>
        <district>2</district>
        <fullName>Rep. Kline, John [R-MN-2]</fullName>
        <state>MN</state>
        <bioguideId>K000363</bioguideId>
        <lastName>Kline</lastName>
        <middleName />
      </item>
      <item>
        <identifiers>
          <bioguideId>R000587</bioguideId>
          <gpoId>8221</gpoId>
          <lisID>2073</lisID>
        </identifiers>
        <isOriginalCosponsor>False</isOriginalCosponsor>
        <firstName>Reid</firstName>
        <sponsorshipWithdrawnDate />
        <sponsorshipDate>2014-07-16</sponsorshipDate>
        <party>R</party>
        <district>8</district>
        <fullName>Rep. Ribble, Reid J. [R-WI-8]</fullName>
        <state>WI</state>
        <bioguideId>R000587</bioguideId>
        <lastName>Ribble</lastName>
        <middleName>J.</middleName>
      </item>
      <item>
        <identifiers>
          <bioguideId>S000244</bioguideId>
          <lisID>1041</lisID>
          <gpoId>8218</gpoId>
        </identifiers>
        <isOriginalCosponsor>False</isOriginalCosponsor>
        <firstName>F.</firstName>
        <sponsorshipWithdrawnDate />
        <sponsorshipDate>2014-07-16</sponsorshipDate>
        <party>R</party>
        <district>5</district>
        <fullName>Rep. Sensenbrenner, F. James, Jr. [R-WI-5]</fullName>
        <state>WI</state>
        <bioguideId>S000244</bioguideId>
        <lastName>SENSENBRENNER</lastName>
        <middleName>JAMES</middleName>
      </item>
      <item>
        <identifiers>
          <bioguideId>B000574</bioguideId>
          <lisID>99</lisID>
          <gpoId>8116</gpoId>
        </identifiers>
        <isOriginalCosponsor>False</isOriginalCosponsor>
        <firstName>EARL</firstName>
        <sponsorshipWithdrawnDate />
        <sponsorshipDate>2014-07-23</sponsorshipDate>
        <party>D</party>
        <district>3</district>
        <fullName>Rep. Blumenauer, Earl [D-OR-3]</fullName>
        <state>OR</state>
        <bioguideId>B000574</bioguideId>
        <lastName>BLUMENAUER</lastName>
        <middleName />
      </item>
      <item>
        <identifiers>
          <gpoId>7851</gpoId>
          <lisID>979</lisID>
          <bioguideId>R000409</bioguideId>
        </identifiers>
        <isOriginalCosponsor>False</isOriginalCosponsor>
        <firstName>DANA</firstName>
        <sponsorshipWithdrawnDate />
        <sponsorshipDate>2014-09-10</sponsorshipDate>
        <party>R</party>
        <district>48</district>
        <fullName>Rep. Rohrabacher, Dana [R-CA-48]</fullName>
        <state>CA</state>
        <bioguideId>R000409</bioguideId>
        <lastName>ROHRABACHER</lastName>
        <middleName />
      </item>
      <item>
        <identifiers>
          <lisID>2155</lisID>
          <gpoId />
          <bioguideId>B001283</bioguideId>
        </identifiers>
        <isOriginalCosponsor>False</isOriginalCosponsor>
        <firstName>Jim</firstName>
        <sponsorshipWithdrawnDate />
        <sponsorshipDate>2014-11-14</sponsorshipDate>
        <party>R</party>
        <district>1</district>
        <fullName>Rep. Bridenstine, Jim [R-OK-1]</fullName>
        <state>OK</state>
        <bioguideId>B001283</bioguideId>
        <lastName>Bridenstine</lastName>
        <middleName />
      </item>
      <item>
        <identifiers>
          <lisID>1469</lisID>
          <gpoId>8119</gpoId>
          <bioguideId>B001227</bioguideId>
        </identifiers>
        <isOriginalCosponsor>False</isOriginalCosponsor>
        <firstName>ROBERT</firstName>
        <sponsorshipWithdrawnDate />
        <sponsorshipDate>2014-11-14</sponsorshipDate>
        <party>D</party>
        <district>1</district>
        <fullName>Rep. Brady, Robert A. [D-PA-1]</fullName>
        <state>PA</state>
        <bioguideId>B001227</bioguideId>
        <lastName>BRADY</lastName>
        <middleName>A.</middleName>
      </item>
      <item>
        <identifiers>
          <bioguideId>E000288</bioguideId>
          <gpoId>8005</gpoId>
          <lisID>1857</lisID>
        </identifiers>
        <isOriginalCosponsor>False</isOriginalCosponsor>
        <firstName>Keith</firstName>
        <sponsorshipWithdrawnDate />
        <sponsorshipDate>2014-11-18</sponsorshipDate>
        <party>D</party>
        <district>5</district>
        <fullName>Rep. Ellison, Keith [D-MN-5]</fullName>
        <state>MN</state>
        <bioguideId>E000288</bioguideId>
        <lastName>Ellison</lastName>
        <middleName />
      </item>
      <item>
        <identifiers>
          <lisID>1729</lisID>
          <gpoId>7983</gpoId>
          <bioguideId>V000128</bioguideId>
        </identifiers>
        <isOriginalCosponsor>False</isOriginalCosponsor>
        <firstName>Chris</firstName>
        <sponsorshipWithdrawnDate />
        <sponsorshipDate>2014-11-18</sponsorshipDate>
        <party>D</party>
        <district>8</district>
        <fullName>Rep. Van Hollen, Chris [D-MD-8]</fullName>
        <state>MD</state>
        <bioguideId>V000128</bioguideId>
        <lastName>Van Hollen</lastName>
        <middleName />
      </item>
      <item>
        <identifiers>
          <bioguideId>R000580</bioguideId>
          <gpoId>7926</gpoId>
          <lisID>1848</lisID>
        </identifiers>
        <isOriginalCosponsor>False</isOriginalCosponsor>
        <firstName>Peter</firstName>
        <sponsorshipWithdrawnDate />
        <sponsorshipDate>2014-11-18</sponsorshipDate>
        <party>R</party>
        <district>6</district>
        <fullName>Rep. Roskam, Peter J. [R-IL-6]</fullName>
        <state>IL</state>
        <bioguideId>R000580</bioguideId>
        <lastName>Roskam</lastName>
        <middleName>J.</middleName>
      </item>
      <item>
        <identifiers>
          <gpoId>8091</gpoId>
          <lisID>186</lisID>
          <bioguideId>C000266</bioguideId>
        </identifiers>
        <isOriginalCosponsor>False</isOriginalCosponsor>
        <firstName>STEVE</firstName>
        <sponsorshipWithdrawnDate />
        <sponsorshipDate>2014-11-18</sponsorshipDate>
        <party>R</party>
        <district>1</district>
        <fullName>Rep. Chabot, Steve [R-OH-1]</fullName>
        <state>OH</state>
        <bioguideId>C000266</bioguideId>
        <lastName>CHABOT</lastName>
        <middleName />
      </item>
      <item>
        <identifiers>
          <bioguideId>R000589</bioguideId>
          <lisID>2068</lisID>
          <gpoId>8193</gpoId>
        </identifiers>
        <isOriginalCosponsor>False</isOriginalCosponsor>
        <firstName>E.</firstName>
        <sponsorshipWithdrawnDate />
        <sponsorshipDate>2014-11-19</sponsorshipDate>
        <party>R</party>
        <district>2</district>
        <fullName>Rep. Rigell, E. Scott [R-VA-2]</fullName>
        <state>VA</state>
        <bioguideId>R000589</bioguideId>
        <lastName>Rigell</lastName>
        <middleName>Scott</middleName>
      </item>
      <item>
        <identifiers>
          <gpoId>8006</gpoId>
          <lisID>1858</lisID>
          <bioguideId>B001256</bioguideId>
        </identifiers>
        <isOriginalCosponsor>False</isOriginalCosponsor>
        <firstName>Michele</firstName>
        <sponsorshipWithdrawnDate />
        <sponsorshipDate>2014-12-03</sponsorshipDate>
        <party>R</party>
        <district>6</district>
        <fullName>Rep. Bachmann, Michele [R-MN-6]</fullName>
        <state>MN</state>
        <bioguideId>B001256</bioguideId>
        <lastName>Bachmann</lastName>
        <middleName />
      </item>
      <item>
        <identifiers>
          <bioguideId>L000579</bioguideId>
          <lisID>2111</lisID>
          <gpoId />
        </identifiers>
        <isOriginalCosponsor>False</isOriginalCosponsor>
        <firstName>Alan</firstName>
        <sponsorshipWithdrawnDate />
        <sponsorshipDate>2014-12-03</sponsorshipDate>
        <party>D</party>
        <district>47</district>
        <fullName>Rep. Lowenthal, Alan S. [D-CA-47]</fullName>
        <state>CA</state>
        <bioguideId>L000579</bioguideId>
        <lastName>Lowenthal</lastName>
        <middleName>S.</middleName>
      </item>
    </cosponsors>
    <constitutionalAuthorityStatementText />
    <calendarNumbers />
    <committeeReports />
    <billType>HRES</billType>
    <title>Recognizing the Khmer and Lao/Hmong Freedom Fighters of Cambodia and Laos for supporting and defending the United States Armed Forces during the conflict in Southeast Asia and for their continued support and defense of the United States.</title>
    <introducedDate>2014-05-22</introducedDate>
    <actions>
      <actionByCounts>
        <houseOfRepresentatives>4</houseOfRepresentatives>
      </actionByCounts>
      <item>
        <actionDate>2014-06-10</actionDate>
        <committee>
          <name>Asia and the Pacific Subcommittee</name>
          <systemCode>hsfa05</systemCode>
        </committee>
        <links />
        <sourceSystem>
          <name>House committee actions</name>
          <code>1</code>
        </sourceSystem>
        <text>Referred to the Subcommittee on Asia and the Pacific.</text>
        <type>Committee</type>
      </item>
      <item>
        <actionCode>H11100</actionCode>
        <links />
        <type>IntroReferral</type>
        <actionDate>2014-05-22</actionDate>
        <committee>
          <name>Foreign Affairs Committee</name>
          <systemCode>hsfa00</systemCode>
        </committee>
        <text>Referred to the House Committee on Foreign Affairs.</text>
        <sourceSystem>
          <name>House floor actions</name>
          <code>2</code>
        </sourceSystem>
      </item>
      <item>
        <actionCode>Intro-H</actionCode>
        <links />
        <type>IntroReferral</type>
        <actionDate>2014-05-22</actionDate>
        <committee />
        <text>Introduced in House</text>
        <sourceSystem>
          <name>Library of Congress</name>
          <code>9</code>
        </sourceSystem>
      </item>
      <item>
        <actionCode>1000</actionCode>
        <links />
        <type>IntroReferral</type>
        <actionDate>2014-05-22</actionDate>
        <committee />
        <text>Introduced in House</text>
        <sourceSystem>
          <name>Library of Congress</name>
          <code>9</code>
        </sourceSystem>
      </item>
      <actionTypeCounts>
        <introducedInTheHouse>1</introducedInTheHouse>
        <billReferrals>1</billReferrals>
        <introducedInHouse>1</introducedInHouse>
        <placeholderTextForH>1</placeholderTextForH>
      </actionTypeCounts>
    </actions>
    <congress>113</congress>
    <summaries>
      <billSummaries>
        <item>
          <versionCode>00</versionCode>
          <actionDate>2014-05-22</actionDate>
          <name>Introduced in House</name>
          <lastSummaryUpdateDate>2014-07-25T18:41:18Z</lastSummaryUpdateDate>
          <text><![CDATA[<p>Recognizes the Khmer and Lao/Hmong Freedom Fighters and the people of Cambodia and Laos for their support and defense of the United States Armed Forces and freedom of democracy in Southeast Asia.</p>]]></text>
          <actionDesc>Introduced in House</actionDesc>
          <updateDate>2014-05-22T04:00:00Z</updateDate>
        </item>
      </billSummaries>
    </summaries>
    <laws />
    <createDate>2014-05-23T07:31:36Z</createDate>
    <titles>
      <item>
        <titleType>Official Title as Introduced</titleType>
        <parentTitleType />
        <title>Recognizing the Khmer and Lao/Hmong Freedom Fighters of Cambodia and Laos for supporting and defending the United States Armed Forces during the conflict in Southeast Asia and for their continued support and defense of the United States.</title>
        <chamberName />
        <chamberCode />
      </item>
      <item>
        <titleType>Display Title</titleType>
        <parentTitleType />
        <title>Recognizing the Khmer and Lao/Hmong Freedom Fighters of Cambodia and Laos for supporting and defending the United States Armed Forces during the conflict in Southeast Asia and for their continued support and defense of the United States.</title>
        <chamberName />
        <chamberCode />
      </item>
    </titles>
    <recordedVotes />
    <committees>
      <billCommittees>
        <item>
          <subcommittees>
            <item>
              <systemCode>hsfa05</systemCode>
              <activities>
                <item>
                  <date>2014-06-10T12:51:47Z</date>
                  <name>Referred to</name>
                </item>
              </activities>
              <name>Asia and the Pacific Subcommittee</name>
            </item>
          </subcommittees>
          <chamber>House</chamber>
          <systemCode>hsfa00</systemCode>
          <activities>
            <item>
              <date>2014-05-22T13:02:15Z</date>
              <name>Referred to</name>
            </item>
          </activities>
          <type>Standing</type>
          <name>Foreign Affairs Committee</name>
        </item>
      </billCommittees>
    </committees>
  </bill>
  <dublinCore xmlns:dc="http://purl.org/dc/elements/1.1/">
    <dc:format>text/xml</dc:format>
    <dc:language>EN</dc:language>
    <dc:rights>Pursuant to Title 17 Section 105 of the United States Code, this file is not subject to copyright protection and is in the public domain.</dc:rights>
    <dc:contributor>Congressional Research Service, Library of Congress</dc:contributor>
    <dc:description>This file contains bill summaries and statuses for federal legislation. A bill summary describes the most significant provisions of a piece of legislation and details the effects the legislative text may have on current law and federal programs. Bill summaries are authored by the Congressional Research Service (CRS) of the Library of Congress. As stated in Public Law 91-510 (2 USC 166 (d)(6)), one of the duties of CRS is "to prepare summaries and digests of bills and resolutions of a public general nature introduced in the Senate or House of Representatives". For more information, refer to the User Guide that accompanies this file.</dc:description>
  </dublinCore>
</billStatus>

