<?xml version="1.0" encoding="UTF-8"?>
<billStatus>
  <bill>
    <committees>
      <billCommittees>
        <item>
          <chamber>House</chamber>
          <type>Standing</type>
          <systemCode>hsgo00</systemCode>
          <subcommittees />
          <name>Oversight and Government Reform Committee</name>
          <activities>
            <item>
              <date>2013-03-12T16:05:15Z</date>
              <name>Referred to</name>
            </item>
          </activities>
        </item>
      </billCommittees>
    </committees>
    <congress>113</congress>
    <billNumber>111</billNumber>
    <updateDate>2016-10-25T15:54:33Z</updateDate>
    <subjects>
      <billSubjects>
        <legislativeSubjects>
          <item>
            <name>Budget deficits and national debt</name>
          </item>
          <item>
            <name>Executive Office of the President</name>
          </item>
          <item>
            <name>Executive agency funding and structure</name>
          </item>
          <item>
            <name>Government buildings, facilities, and property</name>
          </item>
          <item>
            <name>Presidents and presidential powers, Vice Presidents</name>
          </item>
          <item>
            <name>Travel and tourism</name>
          </item>
        </legislativeSubjects>
        <policyArea>
          <name>Government Operations and Politics</name>
        </policyArea>
      </billSubjects>
    </subjects>
    <policyArea>
      <name>Government Operations and Politics</name>
    </policyArea>
    <summaries>
      <billSummaries>
        <item>
          <text><![CDATA[<p>Calls for the President to refrain from any further vacations at the taxpayers' expense until such sums have been saved that the White House can be reopened for public tours.</p>]]></text>
          <versionCode>00</versionCode>
          <actionDesc>Introduced in House</actionDesc>
          <lastSummaryUpdateDate>2013-04-03T21:32:36Z</lastSummaryUpdateDate>
          <updateDate>2013-03-12T04:00:00Z</updateDate>
          <actionDate>2013-03-12</actionDate>
          <name>Introduced in House</name>
        </item>
      </billSummaries>
    </summaries>
    <title>Expressing the sense of the House of Representatives that the President should refrain from any further taxpayer-funded vacations until the White House can be re-opened for public tours.</title>
    <laws />
    <cosponsors>
      <item>
        <district>3</district>
        <bioguideId>W000796</bioguideId>
        <sponsorshipWithdrawnDate />
        <fullName>Rep. Westmoreland, Lynn A. [R-GA-3]</fullName>
        <party>R</party>
        <lastName>Westmoreland</lastName>
        <middleName>A.</middleName>
        <identifiers>
          <lisID>1779</lisID>
          <gpoId>7900</gpoId>
          <bioguideId>W000796</bioguideId>
        </identifiers>
        <sponsorshipDate>2013-03-12</sponsorshipDate>
        <isOriginalCosponsor>True</isOriginalCosponsor>
        <firstName>Lynn</firstName>
        <state>GA</state>
      </item>
      <item>
        <district>7</district>
        <bioguideId>C001048</bioguideId>
        <sponsorshipWithdrawnDate />
        <fullName>Rep. Culberson, John Abney [R-TX-7]</fullName>
        <party>R</party>
        <lastName>CULBERSON</lastName>
        <middleName>ABNEY</middleName>
        <identifiers>
          <bioguideId>C001048</bioguideId>
          <lisID>1670</lisID>
          <gpoId>8163</gpoId>
        </identifiers>
        <sponsorshipDate>2013-03-12</sponsorshipDate>
        <isOriginalCosponsor>True</isOriginalCosponsor>
        <firstName>JOHN</firstName>
        <state>TX</state>
      </item>
      <item>
        <district>3</district>
        <bioguideId>J000255</bioguideId>
        <sponsorshipWithdrawnDate />
        <fullName>Rep. Jones, Walter B., Jr. [R-NC-3]</fullName>
        <party>R</party>
        <lastName>JONES</lastName>
        <middleName>B.</middleName>
        <identifiers>
          <gpoId>8026</gpoId>
          <lisID>612</lisID>
          <bioguideId>J000255</bioguideId>
        </identifiers>
        <sponsorshipDate>2013-03-12</sponsorshipDate>
        <isOriginalCosponsor>True</isOriginalCosponsor>
        <firstName>WALTER</firstName>
        <state>NC</state>
      </item>
      <item>
        <district>17</district>
        <bioguideId>F000461</bioguideId>
        <sponsorshipWithdrawnDate />
        <fullName>Rep. Flores, Bill [R-TX-17]</fullName>
        <party>R</party>
        <lastName>Flores</lastName>
        <middleName />
        <identifiers>
          <bioguideId>F000461</bioguideId>
          <gpoId>8173</gpoId>
          <lisID>2065</lisID>
        </identifiers>
        <sponsorshipDate>2013-03-12</sponsorshipDate>
        <isOriginalCosponsor>True</isOriginalCosponsor>
        <firstName>Bill</firstName>
        <state>TX</state>
      </item>
      <item>
        <district>1</district>
        <bioguideId>H001057</bioguideId>
        <sponsorshipWithdrawnDate />
        <fullName>Rep. Huelskamp, Tim [R-KS-1]</fullName>
        <party>R</party>
        <lastName>Huelskamp</lastName>
        <middleName />
        <identifiers>
          <gpoId>7949</gpoId>
          <lisID>2020</lisID>
          <bioguideId>H001057</bioguideId>
        </identifiers>
        <sponsorshipDate>2013-03-12</sponsorshipDate>
        <isOriginalCosponsor>True</isOriginalCosponsor>
        <firstName>Tim</firstName>
        <state>KS</state>
      </item>
      <item>
        <district>1</district>
        <bioguideId>K000220</bioguideId>
        <sponsorshipWithdrawnDate />
        <fullName>Rep. Kingston, Jack [R-GA-1]</fullName>
        <party>R</party>
        <lastName>KINGSTON</lastName>
        <middleName />
        <identifiers>
          <lisID>636</lisID>
          <gpoId>7898</gpoId>
          <bioguideId>K000220</bioguideId>
        </identifiers>
        <sponsorshipDate>2013-03-12</sponsorshipDate>
        <isOriginalCosponsor>True</isOriginalCosponsor>
        <firstName>JACK</firstName>
        <state>GA</state>
      </item>
      <item>
        <district>2</district>
        <bioguideId>J000290</bioguideId>
        <sponsorshipWithdrawnDate />
        <fullName>Rep. Jenkins, Lynn [R-KS-2]</fullName>
        <party>R</party>
        <lastName>Jenkins</lastName>
        <middleName />
        <identifiers>
          <bioguideId>J000290</bioguideId>
          <lisID>1921</lisID>
          <gpoId>7950</gpoId>
        </identifiers>
        <sponsorshipDate>2013-03-12</sponsorshipDate>
        <isOriginalCosponsor>True</isOriginalCosponsor>
        <firstName>Lynn</firstName>
        <state>KS</state>
      </item>
      <item>
        <district>1</district>
        <bioguideId>N000186</bioguideId>
        <sponsorshipWithdrawnDate />
        <fullName>Rep. Nunnelee, Alan [R-MS-1]</fullName>
        <party>R</party>
        <lastName>Nunnelee</lastName>
        <middleName />
        <identifiers>
          <bioguideId>N000186</bioguideId>
          <gpoId>8019</gpoId>
          <lisID>2034</lisID>
        </identifiers>
        <sponsorshipDate>2013-03-12</sponsorshipDate>
        <isOriginalCosponsor>True</isOriginalCosponsor>
        <firstName>Alan</firstName>
        <state>MS</state>
      </item>
      <item>
        <district>5</district>
        <bioguideId>M001182</bioguideId>
        <sponsorshipWithdrawnDate />
        <fullName>Rep. Mulvaney, Mick [R-SC-5]</fullName>
        <party>R</party>
        <lastName>Mulvaney</lastName>
        <middleName />
        <identifiers>
          <bioguideId>M001182</bioguideId>
          <lisID>2059</lisID>
          <gpoId>8145</gpoId>
        </identifiers>
        <sponsorshipDate>2013-03-12</sponsorshipDate>
        <isOriginalCosponsor>True</isOriginalCosponsor>
        <firstName>Mick</firstName>
        <state>SC</state>
      </item>
      <item>
        <district>22</district>
        <bioguideId>O000168</bioguideId>
        <sponsorshipWithdrawnDate />
        <fullName>Rep. Olson, Pete [R-TX-22]</fullName>
        <party>R</party>
        <lastName>Olson</lastName>
        <middleName />
        <identifiers>
          <bioguideId>O000168</bioguideId>
          <lisID>1955</lisID>
          <gpoId>8178</gpoId>
        </identifiers>
        <sponsorshipDate>2013-03-12</sponsorshipDate>
        <isOriginalCosponsor>True</isOriginalCosponsor>
        <firstName>Pete</firstName>
        <state>TX</state>
      </item>
      <item>
        <district>1</district>
        <bioguideId>B001283</bioguideId>
        <sponsorshipWithdrawnDate />
        <fullName>Rep. Bridenstine, Jim [R-OK-1]</fullName>
        <party>R</party>
        <lastName>Bridenstine</lastName>
        <middleName />
        <identifiers>
          <gpoId />
          <lisID>2155</lisID>
          <bioguideId>B001283</bioguideId>
        </identifiers>
        <sponsorshipDate>2013-03-12</sponsorshipDate>
        <isOriginalCosponsor>True</isOriginalCosponsor>
        <firstName>Jim</firstName>
        <state>OK</state>
      </item>
      <item>
        <district>5</district>
        <bioguideId>S000018</bioguideId>
        <sponsorshipWithdrawnDate />
        <fullName>Rep. Salmon, Matt [R-AZ-5]</fullName>
        <party>R</party>
        <lastName>SALMON</lastName>
        <middleName />
        <identifiers>
          <gpoId />
          <lisID>1009</lisID>
          <bioguideId>S000018</bioguideId>
        </identifiers>
        <sponsorshipDate>2013-03-12</sponsorshipDate>
        <isOriginalCosponsor>True</isOriginalCosponsor>
        <firstName>MATT</firstName>
        <state>AZ</state>
      </item>
      <item>
        <district>3</district>
        <bioguideId>J000174</bioguideId>
        <sponsorshipWithdrawnDate />
        <fullName>Rep. Johnson, Sam [R-TX-3]</fullName>
        <party>R</party>
        <lastName>JOHNSON</lastName>
        <middleName />
        <identifiers>
          <lisID>603</lisID>
          <gpoId>8159</gpoId>
          <bioguideId>J000174</bioguideId>
        </identifiers>
        <sponsorshipDate>2013-03-15</sponsorshipDate>
        <isOriginalCosponsor>False</isOriginalCosponsor>
        <firstName>SAM</firstName>
        <state>TX</state>
      </item>
      <item>
        <district>15</district>
        <bioguideId>S001187</bioguideId>
        <sponsorshipWithdrawnDate />
        <fullName>Rep. Stivers, Steve [R-OH-15]</fullName>
        <party>R</party>
        <lastName>Stivers</lastName>
        <middleName />
        <identifiers>
          <bioguideId>S001187</bioguideId>
          <lisID>2047</lisID>
          <gpoId>8105</gpoId>
        </identifiers>
        <sponsorshipDate>2013-03-15</sponsorshipDate>
        <isOriginalCosponsor>False</isOriginalCosponsor>
        <firstName>Steve</firstName>
        <state>OH</state>
      </item>
      <item>
        <district>6</district>
        <bioguideId>C000556</bioguideId>
        <sponsorshipWithdrawnDate />
        <fullName>Rep. Coble, Howard [R-NC-6]</fullName>
        <party>R</party>
        <lastName>COBLE</lastName>
        <middleName />
        <identifiers>
          <lisID>211</lisID>
          <gpoId>8029</gpoId>
          <bioguideId>C000556</bioguideId>
        </identifiers>
        <sponsorshipDate>2013-06-27</sponsorshipDate>
        <isOriginalCosponsor>False</isOriginalCosponsor>
        <firstName>HOWARD</firstName>
        <state>NC</state>
      </item>
      <item>
        <district>1</district>
        <bioguideId>W000413</bioguideId>
        <sponsorshipWithdrawnDate />
        <fullName>Rep. Whitfield, Ed [R-KY-1]</fullName>
        <party>R</party>
        <lastName>WHITFIELD</lastName>
        <middleName />
        <identifiers>
          <lisID>1222</lisID>
          <gpoId>7953</gpoId>
          <bioguideId>W000413</bioguideId>
        </identifiers>
        <sponsorshipDate>2013-06-27</sponsorshipDate>
        <isOriginalCosponsor>False</isOriginalCosponsor>
        <firstName>EDWARD</firstName>
        <state>KY</state>
      </item>
      <item>
        <district>2</district>
        <bioguideId>P000592</bioguideId>
        <sponsorshipWithdrawnDate />
        <fullName>Rep. Poe, Ted [R-TX-2]</fullName>
        <party>R</party>
        <lastName>Poe</lastName>
        <middleName />
        <identifiers>
          <lisID>1802</lisID>
          <gpoId>8158</gpoId>
          <bioguideId>P000592</bioguideId>
        </identifiers>
        <sponsorshipDate>2013-07-25</sponsorshipDate>
        <isOriginalCosponsor>False</isOriginalCosponsor>
        <firstName>Ted</firstName>
        <state>TX</state>
      </item>
    </cosponsors>
    <billType>HRES</billType>
    <cboCostEstimates />
    <recordedVotes />
    <relatedBills />
    <actions>
      <actionTypeCounts>
        <introducedInTheHouse>1</introducedInTheHouse>
        <billReferrals>1</billReferrals>
        <introducedInHouse>1</introducedInHouse>
      </actionTypeCounts>
      <actionByCounts>
        <houseOfRepresentatives>3</houseOfRepresentatives>
      </actionByCounts>
      <item>
        <text>Referred to the House Committee on Oversight and Government Reform.</text>
        <sourceSystem>
          <name>House floor actions</name>
          <code>2</code>
        </sourceSystem>
        <committee>
          <name>Oversight and Government Reform Committee</name>
          <systemCode>hsgo00</systemCode>
        </committee>
        <type>IntroReferral</type>
        <links />
        <actionCode>H11100</actionCode>
        <actionDate>2013-03-12</actionDate>
      </item>
      <item>
        <text>Introduced in House</text>
        <sourceSystem>
          <name>Library of Congress</name>
          <code>9</code>
        </sourceSystem>
        <committee />
        <type>IntroReferral</type>
        <links />
        <actionCode>Intro-H</actionCode>
        <actionDate>2013-03-12</actionDate>
      </item>
      <item>
        <text>Introduced in House</text>
        <sourceSystem>
          <name>Library of Congress</name>
          <code>9</code>
        </sourceSystem>
        <committee />
        <type>IntroReferral</type>
        <links />
        <actionCode>1000</actionCode>
        <actionDate>2013-03-12</actionDate>
      </item>
    </actions>
    <notes />
    <latestAction>
      <actionDate>2013-03-12</actionDate>
      <links />
      <text>Referred to the House Committee on Oversight and Government Reform.</text>
    </latestAction>
    <introducedDate>2013-03-12</introducedDate>
    <sponsors>
      <item>
        <fullName>Rep. Stewart, Chris [R-UT-2]</fullName>
        <firstName>Chris</firstName>
        <byRequestType />
        <identifiers>
          <bioguideId>S001192</bioguideId>
          <lisID>2168</lisID>
          <gpoId />
        </identifiers>
        <middleName />
        <bioguideId>S001192</bioguideId>
        <district>2</district>
        <party>R</party>
        <state>UT</state>
        <lastName>Stewart</lastName>
      </item>
    </sponsors>
    <constitutionalAuthorityStatementText />
    <calendarNumbers />
    <committeeReports />
    <amendments />
    <createDate>2013-03-13T07:01:12Z</createDate>
    <originChamber>House</originChamber>
    <titles>
      <item>
        <parentTitleType />
        <titleType>Official Title as Introduced</titleType>
        <title>Expressing the sense of the House of Representatives that the President should refrain from any further taxpayer-funded vacations until the White House can be re-opened for public tours.</title>
        <chamberCode />
        <chamberName />
      </item>
      <item>
        <parentTitleType />
        <titleType>Display Title</titleType>
        <title>Expressing the sense of the House of Representatives that the President should refrain from any further taxpayer-funded vacations until the White House can be re-opened for public tours.</title>
        <chamberCode />
        <chamberName />
      </item>
    </titles>
  </bill>
  <dublinCore xmlns:dc="http://purl.org/dc/elements/1.1/">
    <dc:format>text/xml</dc:format>
    <dc:language>EN</dc:language>
    <dc:rights>Pursuant to Title 17 Section 105 of the United States Code, this file is not subject to copyright protection and is in the public domain.</dc:rights>
    <dc:contributor>Congressional Research Service, Library of Congress</dc:contributor>
    <dc:description>This file contains bill summaries and statuses for federal legislation. A bill summary describes the most significant provisions of a piece of legislation and details the effects the legislative text may have on current law and federal programs. Bill summaries are authored by the Congressional Research Service (CRS) of the Library of Congress. As stated in Public Law 91-510 (2 USC 166 (d)(6)), one of the duties of CRS is "to prepare summaries and digests of bills and resolutions of a public general nature introduced in the Senate or House of Representatives". For more information, refer to the User Guide that accompanies this file.</dc:description>
  </dublinCore>
</billStatus>

