<?xml version="1.0" encoding="UTF-8"?>
<billStatus>
  <bill>
    <committeeReports />
    <committees>
      <billCommittees>
        <item>
          <activities>
            <item>
              <date>2013-01-03T16:17:45Z</date>
              <name>Referred to</name>
            </item>
          </activities>
          <chamber>House</chamber>
          <subcommittees />
          <systemCode>hshm00</systemCode>
          <type>Standing</type>
          <name>Homeland Security Committee</name>
        </item>
      </billCommittees>
    </committees>
    <createDate>2013-01-04T07:00:55Z</createDate>
    <amendments />
    <policyArea>
      <name>Emergency Management</name>
    </policyArea>
    <sponsors>
      <item>
        <district>18</district>
        <firstName>SHEILA</firstName>
        <bioguideId>J000032</bioguideId>
        <identifiers>
          <bioguideId>J000032</bioguideId>
          <lisID>588</lisID>
          <gpoId>8174</gpoId>
        </identifiers>
        <lastName>JACKSON LEE</lastName>
        <middleName />
        <byRequestType />
        <fullName>Rep. Jackson Lee, Sheila [D-TX-18]</fullName>
        <party>D</party>
        <state>TX</state>
      </item>
    </sponsors>
    <subjects>
      <billSubjects>
        <legislativeSubjects>
          <item>
            <name>Employment and training programs</name>
          </item>
          <item>
            <name>Firearms and explosives</name>
          </item>
          <item>
            <name>Homeland security</name>
          </item>
          <item>
            <name>Law enforcement officers</name>
          </item>
          <item>
            <name>Mammals</name>
          </item>
          <item>
            <name>Public transit</name>
          </item>
          <item>
            <name>Railroads</name>
          </item>
          <item>
            <name>Terrorism</name>
          </item>
          <item>
            <name>Transportation employees</name>
          </item>
          <item>
            <name>Transportation safety and security</name>
          </item>
        </legislativeSubjects>
        <policyArea>
          <name>Emergency Management</name>
        </policyArea>
      </billSubjects>
    </subjects>
    <notes />
    <cosponsors />
    <title>Expressing the sense of the House of Representatives that the Transportation Security Administration should, in accordance with existing law, enhance security against terrorist attack and other security threats to our Nation's rail and mass transit systems and other modes of surface transportation; and for other purposes.</title>
    <billNumber>15</billNumber>
    <cboCostEstimates />
    <titles>
      <item>
        <title>Expressing the sense of the House of Representatives that the Transportation Security Administration should, in accordance with existing law, enhance security against terrorist attack and other security threats to our Nation's rail and mass transit systems and other modes of surface transportation; and for other purposes.</title>
        <titleType>Official Title as Introduced</titleType>
        <chamberCode />
        <chamberName />
        <parentTitleType />
      </item>
      <item>
        <title>Expressing the sense of the House of Representatives that the Transportation Security Administration should, in accordance with existing law, enhance security against terrorist attack and other security threats to our Nation's rail and mass transit systems and other modes of surface transportation; and for other purposes.</title>
        <titleType>Display Title</titleType>
        <chamberCode />
        <chamberName />
        <parentTitleType />
      </item>
    </titles>
    <summaries>
      <billSummaries>
        <item>
          <actionDate>2013-01-03</actionDate>
          <updateDate>2013-01-03T05:00:00Z</updateDate>
          <name>Introduced in House</name>
          <lastSummaryUpdateDate>2013-01-15T14:46:27Z</lastSummaryUpdateDate>
          <versionCode>00</versionCode>
          <actionDesc>Introduced in House</actionDesc>
          <text><![CDATA[<p>Expresses the sense of the House of Representatives that the Transportation Security Administration (TSA) should: (1) continue to enhance security against terrorist attack and other security threats to our nation's rail and mass transit systems and other modes of surface transportation, (2) continue development of the National Explosives Detection Canine Team program, and (3) improve upon the success of the Online Learning Center by providing increased person-to-person professional development programs for persons responsible for securing our surface transportation systems against such attacks.</p>]]></text>
        </item>
      </billSummaries>
    </summaries>
    <relatedBills />
    <calendarNumbers />
    <recordedVotes />
    <introducedDate>2013-01-03</introducedDate>
    <latestAction>
      <links />
      <actionDate>2013-01-03</actionDate>
      <text>Referred to the House Committee on Homeland Security.</text>
    </latestAction>
    <congress>113</congress>
    <constitutionalAuthorityStatementText />
    <billType>HRES</billType>
    <actions>
      <item>
        <sourceSystem>
          <code>2</code>
          <name>House floor actions</name>
        </sourceSystem>
        <actionDate>2013-01-03</actionDate>
        <links />
        <committee>
          <systemCode>hshm00</systemCode>
          <name>Homeland Security Committee</name>
        </committee>
        <text>Referred to the House Committee on Homeland Security.</text>
        <type>IntroReferral</type>
        <actionCode>H11100</actionCode>
      </item>
      <item>
        <sourceSystem>
          <code>9</code>
          <name>Library of Congress</name>
        </sourceSystem>
        <actionDate>2013-01-03</actionDate>
        <links />
        <committee />
        <text>Introduced in House</text>
        <type>IntroReferral</type>
        <actionCode>Intro-H</actionCode>
      </item>
      <item>
        <sourceSystem>
          <code>9</code>
          <name>Library of Congress</name>
        </sourceSystem>
        <actionDate>2013-01-03</actionDate>
        <links />
        <committee />
        <text>Introduced in House</text>
        <type>IntroReferral</type>
        <actionCode>1000</actionCode>
      </item>
      <actionTypeCounts>
        <introducedInHouse>1</introducedInHouse>
        <introducedInTheHouse>1</introducedInTheHouse>
        <billReferrals>1</billReferrals>
      </actionTypeCounts>
      <actionByCounts>
        <houseOfRepresentatives>3</houseOfRepresentatives>
      </actionByCounts>
    </actions>
    <originChamber>House</originChamber>
    <laws />
    <updateDate>2016-10-25T15:54:18Z</updateDate>
  </bill>
  <dublinCore xmlns:dc="http://purl.org/dc/elements/1.1/">
    <dc:format>text/xml</dc:format>
    <dc:language>EN</dc:language>
    <dc:rights>Pursuant to Title 17 Section 105 of the United States Code, this file is not subject to copyright protection and is in the public domain.</dc:rights>
    <dc:contributor>Congressional Research Service, Library of Congress</dc:contributor>
    <dc:description>This file contains bill summaries and statuses for federal legislation. A bill summary describes the most significant provisions of a piece of legislation and details the effects the legislative text may have on current law and federal programs. Bill summaries are authored by the Congressional Research Service (CRS) of the Library of Congress. As stated in Public Law 91-510 (2 USC 166 (d)(6)), one of the duties of CRS is "to prepare summaries and digests of bills and resolutions of a public general nature introduced in the Senate or House of Representatives". For more information, refer to the User Guide that accompanies this file.</dc:description>
  </dublinCore>
</billStatus>

