<?xml version="1.0" encoding="UTF-8"?>
<billStatus>
  <bill>
    <committees>
      <billCommittees>
        <item>
          <subcommittees>
            <item>
              <name>Middle East and North Africa Subcommittee</name>
              <activities>
                <item>
                  <name>Reported by</name>
                  <date>2014-07-25T19:54:55Z</date>
                </item>
                <item>
                  <name>Referred to</name>
                  <date>2014-07-25T19:50:23Z</date>
                </item>
              </activities>
              <systemCode>hsfa13</systemCode>
            </item>
          </subcommittees>
          <chamber>House</chamber>
          <type>Standing</type>
          <name>Foreign Affairs Committee</name>
          <systemCode>hsfa00</systemCode>
          <activities>
            <item>
              <name>Referred to</name>
              <date>2014-07-10T16:02:00Z</date>
            </item>
          </activities>
        </item>
      </billCommittees>
    </committees>
    <introducedDate>2014-07-10</introducedDate>
    <congress>113</congress>
    <laws />
    <calendarNumbers />
    <originChamber>House</originChamber>
    <constitutionalAuthorityStatementText />
    <titles>
      <item>
        <parentTitleType />
        <titleType>Official Title as Introduced</titleType>
        <title>Condemning the murder of Israeli and Palestinian children in Israel and the ongoing and escalating violence in that country.</title>
        <chamberCode />
        <chamberName />
      </item>
      <item>
        <parentTitleType />
        <titleType>Display Title</titleType>
        <title>Condemning the murder of Israeli and Palestinian children in Israel and the ongoing and escalating violence in that country.</title>
        <chamberCode />
        <chamberName />
      </item>
    </titles>
    <createDate>2014-07-11T05:05:22Z</createDate>
    <title>Condemning the murder of Israeli and Palestinian children in Israel and the ongoing and escalating violence in that country.</title>
    <cboCostEstimates />
    <summaries>
      <billSummaries>
        <item>
          <updateDate>2014-07-10T04:00:00Z</updateDate>
          <versionCode>00</versionCode>
          <lastSummaryUpdateDate>2014-07-11T15:49:31Z</lastSummaryUpdateDate>
          <name>Introduced in House</name>
          <actionDate>2014-07-10</actionDate>
          <actionDesc>Introduced in House</actionDesc>
          <text><![CDATA[<p>Condemns the kidnapping and murder of Naftali Frenkel, Gilad Shaer, and Eyal Yifrach by terrorists associated with Hamas and the murder of Mohammed Abu Khdeir by extremists.</p> <p> Commends Israeli authorities for acting swiftly to apprehend the killers of Mohammed Abu Khdeir and expects that the murderers will be punished to the full extent of the law.</p> <p> Calls on the Hamas-backed Palestinian Authority (PA) to cooperate with the Israeli government to apprehend the murderers of Naftali Frenkel, Gilad Shaer, and Eyal Yifrach and bring them to justice.</p> <p> Calls on Hamas to halt its attacks on Israel and stop provoking Israel into a conflict.</p> <p> Urges the PA to sever ties with Hamas until it recognizes Israel's right to exist and renounces terrorism.</p>]]></text>
        </item>
      </billSummaries>
    </summaries>
    <recordedVotes />
    <notes />
    <policyArea>
      <name>International Affairs</name>
    </policyArea>
    <updateDate>2016-10-25T15:55:52Z</updateDate>
    <cosponsors>
      <item>
        <identifiers>
          <bioguideId>V000130</bioguideId>
          <lisID>2112</lisID>
          <gpoId />
        </identifiers>
        <isOriginalCosponsor>True</isOriginalCosponsor>
        <firstName>Juan</firstName>
        <sponsorshipWithdrawnDate />
        <sponsorshipDate>2014-07-10</sponsorshipDate>
        <party>D</party>
        <district>51</district>
        <fullName>Rep. Vargas, Juan [D-CA-51]</fullName>
        <state>CA</state>
        <bioguideId>V000130</bioguideId>
        <lastName>Vargas</lastName>
        <middleName />
      </item>
      <item>
        <identifiers>
          <gpoId>7863</gpoId>
          <lisID>1834</lisID>
          <bioguideId>L000564</bioguideId>
        </identifiers>
        <isOriginalCosponsor>True</isOriginalCosponsor>
        <firstName>Doug</firstName>
        <sponsorshipWithdrawnDate />
        <sponsorshipDate>2014-07-10</sponsorshipDate>
        <party>R</party>
        <district>5</district>
        <fullName>Rep. Lamborn, Doug [R-CO-5]</fullName>
        <state>CO</state>
        <bioguideId>L000564</bioguideId>
        <lastName>Lamborn</lastName>
        <middleName />
      </item>
      <item>
        <identifiers>
          <bioguideId>S000522</bioguideId>
          <gpoId>8046</gpoId>
          <lisID>1071</lisID>
        </identifiers>
        <isOriginalCosponsor>True</isOriginalCosponsor>
        <firstName>CHRISTOPHER</firstName>
        <sponsorshipWithdrawnDate />
        <sponsorshipDate>2014-07-10</sponsorshipDate>
        <party>R</party>
        <district>4</district>
        <fullName>Rep. Smith, Christopher H. [R-NJ-4]</fullName>
        <state>NJ</state>
        <bioguideId>S000522</bioguideId>
        <lastName>SMITH</lastName>
        <middleName>H.</middleName>
      </item>
      <item>
        <identifiers>
          <bioguideId>G000567</bioguideId>
          <gpoId>7794</gpoId>
          <lisID>1990</lisID>
        </identifiers>
        <isOriginalCosponsor>True</isOriginalCosponsor>
        <firstName>Tim</firstName>
        <sponsorshipWithdrawnDate />
        <sponsorshipDate>2014-07-10</sponsorshipDate>
        <party>R</party>
        <district>2</district>
        <fullName>Rep. Griffin, Tim [R-AR-2]</fullName>
        <state>AR</state>
        <bioguideId>G000567</bioguideId>
        <lastName>Griffin</lastName>
        <middleName />
      </item>
      <item>
        <identifiers>
          <bioguideId>M001177</bioguideId>
          <lisID>1908</lisID>
          <gpoId>7809</gpoId>
        </identifiers>
        <isOriginalCosponsor>True</isOriginalCosponsor>
        <firstName>Tom</firstName>
        <sponsorshipWithdrawnDate />
        <sponsorshipDate>2014-07-10</sponsorshipDate>
        <party>R</party>
        <district>4</district>
        <fullName>Rep. McClintock, Tom [R-CA-4]</fullName>
        <state>CA</state>
        <bioguideId>M001177</bioguideId>
        <lastName>McClintock</lastName>
        <middleName />
      </item>
      <item>
        <identifiers>
          <bioguideId>J000292</bioguideId>
          <lisID>2046</lisID>
          <gpoId>8096</gpoId>
        </identifiers>
        <isOriginalCosponsor>True</isOriginalCosponsor>
        <firstName>Bill</firstName>
        <sponsorshipWithdrawnDate />
        <sponsorshipDate>2014-07-10</sponsorshipDate>
        <party>R</party>
        <district>6</district>
        <fullName>Rep. Johnson, Bill [R-OH-6]</fullName>
        <state>OH</state>
        <bioguideId>J000292</bioguideId>
        <lastName>Johnson</lastName>
        <middleName />
      </item>
      <item>
        <identifiers>
          <gpoId>8133</gpoId>
          <lisID>1799</lisID>
          <bioguideId>D000604</bioguideId>
        </identifiers>
        <isOriginalCosponsor>True</isOriginalCosponsor>
        <firstName>Charles</firstName>
        <sponsorshipWithdrawnDate />
        <sponsorshipDate>2014-07-10</sponsorshipDate>
        <party>R</party>
        <district>15</district>
        <fullName>Rep. Dent, Charles W. [R-PA-15]</fullName>
        <state>PA</state>
        <bioguideId>D000604</bioguideId>
        <lastName>Dent</lastName>
        <middleName>W.</middleName>
      </item>
      <item>
        <identifiers>
          <lisID>1797</lisID>
          <gpoId>8126</gpoId>
          <bioguideId>F000451</bioguideId>
        </identifiers>
        <isOriginalCosponsor>True</isOriginalCosponsor>
        <firstName>Michael</firstName>
        <sponsorshipWithdrawnDate />
        <sponsorshipDate>2014-07-10</sponsorshipDate>
        <party>R</party>
        <district>8</district>
        <fullName>Rep. Fitzpatrick, Michael G. [R-PA-8]</fullName>
        <state>PA</state>
        <bioguideId>F000451</bioguideId>
        <lastName>Fitzpatrick</lastName>
        <middleName>G.</middleName>
      </item>
      <item>
        <identifiers>
          <gpoId>8183</gpoId>
          <lisID>2067</lisID>
          <bioguideId>F000460</bioguideId>
        </identifiers>
        <isOriginalCosponsor>True</isOriginalCosponsor>
        <firstName>Blake</firstName>
        <sponsorshipWithdrawnDate />
        <sponsorshipDate>2014-07-10</sponsorshipDate>
        <party>R</party>
        <district>27</district>
        <fullName>Rep. Farenthold, Blake [R-TX-27]</fullName>
        <state>TX</state>
        <bioguideId>F000460</bioguideId>
        <lastName>Farenthold</lastName>
        <middleName />
      </item>
      <item>
        <identifiers>
          <lisID>1848</lisID>
          <gpoId>7926</gpoId>
          <bioguideId>R000580</bioguideId>
        </identifiers>
        <isOriginalCosponsor>True</isOriginalCosponsor>
        <firstName>Peter</firstName>
        <sponsorshipWithdrawnDate />
        <sponsorshipDate>2014-07-10</sponsorshipDate>
        <party>R</party>
        <district>6</district>
        <fullName>Rep. Roskam, Peter J. [R-IL-6]</fullName>
        <state>IL</state>
        <bioguideId>R000580</bioguideId>
        <lastName>Roskam</lastName>
        <middleName>J.</middleName>
      </item>
      <item>
        <identifiers>
          <lisID>2041</lisID>
          <bioguideId>G000569</bioguideId>
          <gpoId>8074</gpoId>
        </identifiers>
        <isOriginalCosponsor>True</isOriginalCosponsor>
        <firstName>Michael</firstName>
        <sponsorshipWithdrawnDate />
        <sponsorshipDate>2014-07-10</sponsorshipDate>
        <party>R</party>
        <district>11</district>
        <fullName>Rep. Grimm, Michael G. [R-NY-11]</fullName>
        <state>NY</state>
        <bioguideId>G000569</bioguideId>
        <lastName>Grimm</lastName>
        <middleName>G.</middleName>
      </item>
      <item>
        <identifiers>
          <lisID>1936</lisID>
          <gpoId>8049</gpoId>
          <bioguideId>L000567</bioguideId>
        </identifiers>
        <isOriginalCosponsor>False</isOriginalCosponsor>
        <firstName>Leonard</firstName>
        <sponsorshipWithdrawnDate />
        <sponsorshipDate>2014-07-14</sponsorshipDate>
        <party>R</party>
        <district>7</district>
        <fullName>Rep. Lance, Leonard [R-NJ-7]</fullName>
        <state>NJ</state>
        <bioguideId>L000567</bioguideId>
        <lastName>Lance</lastName>
        <middleName />
      </item>
      <item>
        <identifiers>
          <gpoId>8112</gpoId>
          <lisID>1742</lisID>
          <bioguideId>C001053</bioguideId>
        </identifiers>
        <isOriginalCosponsor>False</isOriginalCosponsor>
        <firstName>Tom</firstName>
        <sponsorshipWithdrawnDate />
        <sponsorshipDate>2014-07-15</sponsorshipDate>
        <party>R</party>
        <district>4</district>
        <fullName>Rep. Cole, Tom [R-OK-4]</fullName>
        <state>OK</state>
        <bioguideId>C001053</bioguideId>
        <lastName>Cole</lastName>
        <middleName />
      </item>
      <item>
        <identifiers>
          <lisID>2161</lisID>
          <bioguideId>W000814</bioguideId>
          <gpoId />
        </identifiers>
        <isOriginalCosponsor>False</isOriginalCosponsor>
        <firstName>Randy</firstName>
        <sponsorshipWithdrawnDate />
        <sponsorshipDate>2014-07-15</sponsorshipDate>
        <party>R</party>
        <district>14</district>
        <fullName>Rep. Weber, Randy K. Sr. [R-TX-14]</fullName>
        <state>TX</state>
        <bioguideId>W000814</bioguideId>
        <lastName>Weber</lastName>
        <middleName>K.</middleName>
      </item>
      <item>
        <identifiers>
          <bioguideId>W000812</bioguideId>
          <gpoId />
          <lisID>2137</lisID>
        </identifiers>
        <isOriginalCosponsor>False</isOriginalCosponsor>
        <firstName>Ann</firstName>
        <sponsorshipWithdrawnDate />
        <sponsorshipDate>2014-07-15</sponsorshipDate>
        <party>R</party>
        <district>2</district>
        <fullName>Rep. Wagner, Ann [R-MO-2]</fullName>
        <state>MO</state>
        <bioguideId>W000812</bioguideId>
        <lastName>Wagner</lastName>
        <middleName />
      </item>
      <item>
        <identifiers>
          <gpoId>8015</gpoId>
          <lisID>2033</lisID>
          <bioguideId>L000576</bioguideId>
        </identifiers>
        <isOriginalCosponsor>False</isOriginalCosponsor>
        <firstName>Billy</firstName>
        <sponsorshipWithdrawnDate />
        <sponsorshipDate>2014-07-15</sponsorshipDate>
        <party>R</party>
        <district>7</district>
        <fullName>Rep. Long, Billy [R-MO-7]</fullName>
        <state>MO</state>
        <bioguideId>L000576</bioguideId>
        <lastName>Long</lastName>
        <middleName />
      </item>
      <item>
        <identifiers>
          <gpoId />
          <lisID>2200</lisID>
          <bioguideId>C001102</bioguideId>
        </identifiers>
        <isOriginalCosponsor>False</isOriginalCosponsor>
        <firstName>Curt</firstName>
        <sponsorshipWithdrawnDate />
        <sponsorshipDate>2014-07-15</sponsorshipDate>
        <party>R</party>
        <district>19</district>
        <fullName>Rep. Clawson, Curt [R-FL-19]</fullName>
        <state>FL</state>
        <bioguideId>C001102</bioguideId>
        <lastName>Clawson</lastName>
        <middleName />
      </item>
      <item>
        <identifiers>
          <lisID>2100</lisID>
          <gpoId />
          <bioguideId>L000578</bioguideId>
        </identifiers>
        <isOriginalCosponsor>False</isOriginalCosponsor>
        <firstName>Doug</firstName>
        <sponsorshipWithdrawnDate />
        <sponsorshipDate>2014-07-17</sponsorshipDate>
        <party>R</party>
        <district>1</district>
        <fullName>Rep. LaMalfa, Doug [R-CA-1]</fullName>
        <state>CA</state>
        <bioguideId>L000578</bioguideId>
        <lastName>LaMalfa</lastName>
        <middleName />
      </item>
      <item>
        <identifiers>
          <lisID>2103</lisID>
          <gpoId />
          <bioguideId>C001094</bioguideId>
        </identifiers>
        <isOriginalCosponsor>False</isOriginalCosponsor>
        <firstName>Paul</firstName>
        <sponsorshipWithdrawnDate />
        <sponsorshipDate>2014-07-22</sponsorshipDate>
        <party>R</party>
        <district>8</district>
        <fullName>Rep. Cook, Paul [R-CA-8]</fullName>
        <state>CA</state>
        <bioguideId>C001094</bioguideId>
        <lastName>Cook</lastName>
        <middleName />
      </item>
      <item>
        <identifiers>
          <lisID>1838</lisID>
          <bioguideId>B001257</bioguideId>
          <gpoId>7881</gpoId>
        </identifiers>
        <isOriginalCosponsor>False</isOriginalCosponsor>
        <firstName>Gus</firstName>
        <sponsorshipWithdrawnDate />
        <sponsorshipDate>2014-07-22</sponsorshipDate>
        <party>R</party>
        <district>12</district>
        <fullName>Rep. Bilirakis, Gus M. [R-FL-12]</fullName>
        <state>FL</state>
        <bioguideId>B001257</bioguideId>
        <lastName>Bilirakis</lastName>
        <middleName>M.</middleName>
      </item>
      <item>
        <identifiers>
          <gpoId />
          <lisID>2142</lisID>
          <bioguideId>M001187</bioguideId>
        </identifiers>
        <isOriginalCosponsor>False</isOriginalCosponsor>
        <firstName>Mark</firstName>
        <sponsorshipWithdrawnDate />
        <sponsorshipDate>2014-07-22</sponsorshipDate>
        <party>R</party>
        <district>11</district>
        <fullName>Rep. Meadows, Mark [R-NC-11]</fullName>
        <state>NC</state>
        <bioguideId>M001187</bioguideId>
        <lastName>Meadows</lastName>
        <middleName />
      </item>
      <item>
        <identifiers>
          <bioguideId>L000566</bioguideId>
          <lisID>1885</lisID>
          <gpoId>8095</gpoId>
        </identifiers>
        <isOriginalCosponsor>False</isOriginalCosponsor>
        <firstName>Robert</firstName>
        <sponsorshipWithdrawnDate />
        <sponsorshipDate>2014-07-22</sponsorshipDate>
        <party>R</party>
        <district>5</district>
        <fullName>Rep. Latta, Robert E. [R-OH-5]</fullName>
        <state>OH</state>
        <bioguideId>L000566</bioguideId>
        <lastName>Latta</lastName>
        <middleName>E.</middleName>
      </item>
      <item>
        <identifiers>
          <gpoId />
          <lisID>1114</lisID>
          <bioguideId>S000937</bioguideId>
        </identifiers>
        <isOriginalCosponsor>False</isOriginalCosponsor>
        <firstName>STEVE</firstName>
        <sponsorshipWithdrawnDate />
        <sponsorshipDate>2014-07-23</sponsorshipDate>
        <party>R</party>
        <district>36</district>
        <fullName>Rep. Stockman, Steve [R-TX-36]</fullName>
        <state>TX</state>
        <bioguideId>S000937</bioguideId>
        <lastName>STOCKMAN</lastName>
        <middleName />
      </item>
      <item>
        <identifiers>
          <lisID>2063</lisID>
          <gpoId>8153</gpoId>
          <bioguideId>B001273</bioguideId>
        </identifiers>
        <isOriginalCosponsor>False</isOriginalCosponsor>
        <firstName>Diane</firstName>
        <sponsorshipWithdrawnDate />
        <sponsorshipDate>2014-07-23</sponsorshipDate>
        <party>R</party>
        <district>6</district>
        <fullName>Rep. Black, Diane [R-TN-6]</fullName>
        <state>TN</state>
        <bioguideId>B001273</bioguideId>
        <lastName>Black</lastName>
        <middleName />
      </item>
      <item>
        <identifiers>
          <lisID>1707</lisID>
          <gpoId>7799</gpoId>
          <bioguideId>F000448</bioguideId>
        </identifiers>
        <isOriginalCosponsor>False</isOriginalCosponsor>
        <firstName>Trent</firstName>
        <sponsorshipWithdrawnDate />
        <sponsorshipDate>2014-07-23</sponsorshipDate>
        <party>R</party>
        <district>8</district>
        <fullName>Rep. Franks, Trent [R-AZ-8]</fullName>
        <state>AZ</state>
        <bioguideId>F000448</bioguideId>
        <lastName>Franks</lastName>
        <middleName />
      </item>
      <item>
        <identifiers>
          <lisID>2014</lisID>
          <gpoId>7931</gpoId>
          <bioguideId>K000378</bioguideId>
        </identifiers>
        <isOriginalCosponsor>False</isOriginalCosponsor>
        <firstName>Adam</firstName>
        <sponsorshipWithdrawnDate />
        <sponsorshipDate>2014-07-24</sponsorshipDate>
        <party>R</party>
        <district>16</district>
        <fullName>Rep. Kinzinger, Adam [R-IL-16]</fullName>
        <state>IL</state>
        <bioguideId>K000378</bioguideId>
        <lastName>Kinzinger</lastName>
        <middleName />
      </item>
      <item>
        <identifiers>
          <lisID>1992</lisID>
          <gpoId>7798</gpoId>
          <bioguideId>G000565</bioguideId>
        </identifiers>
        <isOriginalCosponsor>False</isOriginalCosponsor>
        <firstName>Paul</firstName>
        <sponsorshipWithdrawnDate />
        <sponsorshipDate>2014-07-24</sponsorshipDate>
        <party>R</party>
        <district>4</district>
        <fullName>Rep. Gosar, Paul A. [R-AZ-4]</fullName>
        <state>AZ</state>
        <bioguideId>G000565</bioguideId>
        <lastName>Gosar</lastName>
        <middleName>A.</middleName>
      </item>
      <item>
        <identifiers>
          <lisID>1566</lisID>
          <bioguideId>T000459</bioguideId>
          <gpoId>8039</gpoId>
        </identifiers>
        <isOriginalCosponsor>False</isOriginalCosponsor>
        <firstName>LEE</firstName>
        <sponsorshipWithdrawnDate />
        <sponsorshipDate>2014-07-24</sponsorshipDate>
        <party>R</party>
        <district>2</district>
        <fullName>Rep. Terry, Lee [R-NE-2]</fullName>
        <state>NE</state>
        <bioguideId>T000459</bioguideId>
        <lastName>TERRY</lastName>
        <middleName />
      </item>
      <item>
        <identifiers>
          <lisID>1688</lisID>
          <bioguideId>W000795</bioguideId>
          <gpoId>8142</gpoId>
        </identifiers>
        <isOriginalCosponsor>False</isOriginalCosponsor>
        <firstName>Joe</firstName>
        <sponsorshipWithdrawnDate />
        <sponsorshipDate>2014-07-24</sponsorshipDate>
        <party>R</party>
        <district>2</district>
        <fullName>Rep. Wilson, Joe [R-SC-2]</fullName>
        <state>SC</state>
        <bioguideId>W000795</bioguideId>
        <lastName>Wilson</lastName>
        <middleName />
      </item>
      <item>
        <identifiers>
          <gpoId>8223</gpoId>
          <lisID>1676</lisID>
          <bioguideId>C001047</bioguideId>
        </identifiers>
        <isOriginalCosponsor>False</isOriginalCosponsor>
        <firstName>SHELLEY</firstName>
        <sponsorshipWithdrawnDate />
        <sponsorshipDate>2014-07-24</sponsorshipDate>
        <party>R</party>
        <district>2</district>
        <fullName>Rep. Capito, Shelley Moore [R-WV-2]</fullName>
        <state>WV</state>
        <bioguideId>C001047</bioguideId>
        <lastName>CAPITO</lastName>
        <middleName>MOORE</middleName>
      </item>
      <item>
        <identifiers>
          <lisID>2098</lisID>
          <bioguideId>C001095</bioguideId>
          <gpoId />
        </identifiers>
        <isOriginalCosponsor>False</isOriginalCosponsor>
        <firstName>Tom</firstName>
        <sponsorshipWithdrawnDate />
        <sponsorshipDate>2014-07-24</sponsorshipDate>
        <party>R</party>
        <district>4</district>
        <fullName>Rep. Cotton, Tom [R-AR-4]</fullName>
        <state>AR</state>
        <bioguideId>C001095</bioguideId>
        <lastName>Cotton</lastName>
        <middleName />
      </item>
      <item>
        <identifiers>
          <bioguideId>P000592</bioguideId>
          <lisID>1802</lisID>
          <gpoId>8158</gpoId>
        </identifiers>
        <isOriginalCosponsor>False</isOriginalCosponsor>
        <firstName>Ted</firstName>
        <sponsorshipWithdrawnDate />
        <sponsorshipDate>2014-07-24</sponsorshipDate>
        <party>R</party>
        <district>2</district>
        <fullName>Rep. Poe, Ted [R-TX-2]</fullName>
        <state>TX</state>
        <bioguideId>P000592</bioguideId>
        <lastName>Poe</lastName>
        <middleName />
      </item>
      <item>
        <identifiers>
          <lisID>2027</lisID>
          <gpoId>7986</gpoId>
          <bioguideId>B001271</bioguideId>
        </identifiers>
        <isOriginalCosponsor>False</isOriginalCosponsor>
        <firstName>Dan</firstName>
        <sponsorshipWithdrawnDate />
        <sponsorshipDate>2014-07-24</sponsorshipDate>
        <party>R</party>
        <district>1</district>
        <fullName>Rep. Benishek, Dan [R-MI-1]</fullName>
        <state>MI</state>
        <bioguideId>B001271</bioguideId>
        <lastName>Benishek</lastName>
        <middleName />
      </item>
      <item>
        <identifiers>
          <lisID>2034</lisID>
          <gpoId>8019</gpoId>
          <bioguideId>N000186</bioguideId>
        </identifiers>
        <isOriginalCosponsor>False</isOriginalCosponsor>
        <firstName>Alan</firstName>
        <sponsorshipWithdrawnDate />
        <sponsorshipDate>2014-07-24</sponsorshipDate>
        <party>R</party>
        <district>1</district>
        <fullName>Rep. Nunnelee, Alan [R-MS-1]</fullName>
        <state>MS</state>
        <bioguideId>N000186</bioguideId>
        <lastName>Nunnelee</lastName>
        <middleName />
      </item>
      <item>
        <identifiers>
          <lisID>2022</lisID>
          <bioguideId>P000602</bioguideId>
          <gpoId>7952</gpoId>
        </identifiers>
        <isOriginalCosponsor>False</isOriginalCosponsor>
        <firstName>Mike</firstName>
        <sponsorshipWithdrawnDate />
        <sponsorshipDate>2014-08-01</sponsorshipDate>
        <party>R</party>
        <district>4</district>
        <fullName>Rep. Pompeo, Mike [R-KS-4]</fullName>
        <state>KS</state>
        <bioguideId>P000602</bioguideId>
        <lastName>Pompeo</lastName>
        <middleName />
      </item>
    </cosponsors>
    <billNumber>665</billNumber>
    <subjects>
      <billSubjects>
        <policyArea>
          <name>International Affairs</name>
        </policyArea>
        <legislativeSubjects>
          <item>
            <name>Arab-Israeli relations</name>
          </item>
          <item>
            <name>Conflicts and wars</name>
          </item>
          <item>
            <name>Congressional tributes</name>
          </item>
          <item>
            <name>Crimes against children</name>
          </item>
          <item>
            <name>Criminal investigation, prosecution, interrogation</name>
          </item>
          <item>
            <name>Gaza Strip</name>
          </item>
          <item>
            <name>Israel</name>
          </item>
          <item>
            <name>Middle East</name>
          </item>
          <item>
            <name>Palestinians</name>
          </item>
          <item>
            <name>Sovereignty, recognition, national governance and status</name>
          </item>
          <item>
            <name>Terrorism</name>
          </item>
          <item>
            <name>Violent crime</name>
          </item>
        </legislativeSubjects>
      </billSubjects>
    </subjects>
    <latestAction>
      <text>Forwarded by Subcommittee to Full Committee (Amended) by Unanimous Consent .</text>
      <links />
      <actionDate>2014-07-25</actionDate>
    </latestAction>
    <amendments />
    <actions>
      <actionTypeCounts>
        <placeholderTextForH>2</placeholderTextForH>
        <introducedInTheHouse>1</introducedInTheHouse>
        <billReferrals>1</billReferrals>
        <introducedInHouse>1</introducedInHouse>
      </actionTypeCounts>
      <actionByCounts>
        <houseOfRepresentatives>5</houseOfRepresentatives>
      </actionByCounts>
      <item>
        <actionDate>2014-07-25</actionDate>
        <committee>
          <systemCode>hsfa13</systemCode>
          <name>Middle East and North Africa Subcommittee</name>
        </committee>
        <links />
        <sourceSystem>
          <name>House committee actions</name>
          <code>1</code>
        </sourceSystem>
        <text>Forwarded by Subcommittee to Full Committee (Amended) by Unanimous Consent .</text>
        <type>Committee</type>
      </item>
      <item>
        <actionDate>2014-07-25</actionDate>
        <committee>
          <systemCode>hsfa13</systemCode>
          <name>Middle East and North Africa Subcommittee</name>
        </committee>
        <links />
        <sourceSystem>
          <name>House committee actions</name>
          <code>1</code>
        </sourceSystem>
        <text>Referred to the Subcommittee on Middle East and North Africa.</text>
        <type>Committee</type>
      </item>
      <item>
        <links />
        <committee>
          <systemCode>hsfa00</systemCode>
          <name>Foreign Affairs Committee</name>
        </committee>
        <actionCode>H11100</actionCode>
        <actionDate>2014-07-10</actionDate>
        <text>Referred to the House Committee on Foreign Affairs.</text>
        <type>IntroReferral</type>
        <sourceSystem>
          <name>House floor actions</name>
          <code>2</code>
        </sourceSystem>
      </item>
      <item>
        <links />
        <committee />
        <actionCode>Intro-H</actionCode>
        <actionDate>2014-07-10</actionDate>
        <text>Introduced in House</text>
        <type>IntroReferral</type>
        <sourceSystem>
          <name>Library of Congress</name>
          <code>9</code>
        </sourceSystem>
      </item>
      <item>
        <links />
        <committee />
        <actionCode>1000</actionCode>
        <actionDate>2014-07-10</actionDate>
        <text>Introduced in House</text>
        <type>IntroReferral</type>
        <sourceSystem>
          <name>Library of Congress</name>
          <code>9</code>
        </sourceSystem>
      </item>
    </actions>
    <committeeReports />
    <sponsors>
      <item>
        <middleName>B.</middleName>
        <district>1</district>
        <fullName>Rep. McKinley, David B. [R-WV-1]</fullName>
        <bioguideId>M001180</bioguideId>
        <firstName>David</firstName>
        <byRequestType />
        <state>WV</state>
        <lastName>McKinley</lastName>
        <identifiers>
          <lisID>2074</lisID>
          <gpoId>8222</gpoId>
          <bioguideId>M001180</bioguideId>
        </identifiers>
        <party>R</party>
      </item>
    </sponsors>
    <relatedBills />
    <billType>HRES</billType>
  </bill>
  <dublinCore xmlns:dc="http://purl.org/dc/elements/1.1/">
    <dc:format>text/xml</dc:format>
    <dc:language>EN</dc:language>
    <dc:rights>Pursuant to Title 17 Section 105 of the United States Code, this file is not subject to copyright protection and is in the public domain.</dc:rights>
    <dc:contributor>Congressional Research Service, Library of Congress</dc:contributor>
    <dc:description>This file contains bill summaries and statuses for federal legislation. A bill summary describes the most significant provisions of a piece of legislation and details the effects the legislative text may have on current law and federal programs. Bill summaries are authored by the Congressional Research Service (CRS) of the Library of Congress. As stated in Public Law 91-510 (2 USC 166 (d)(6)), one of the duties of CRS is "to prepare summaries and digests of bills and resolutions of a public general nature introduced in the Senate or House of Representatives". For more information, refer to the User Guide that accompanies this file.</dc:description>
  </dublinCore>
</billStatus>

