<?xml version="1.0" encoding="UTF-8"?>
<billStatus>
  <bill>
    <committees>
      <billCommittees>
        <item>
          <subcommittees />
          <chamber>House</chamber>
          <systemCode>hsed00</systemCode>
          <activities>
            <item>
              <date>2013-04-10T14:02:15Z</date>
              <name>Referred to</name>
            </item>
          </activities>
          <type>Standing</type>
          <name>Education and the Workforce Committee</name>
        </item>
      </billCommittees>
    </committees>
    <introducedDate>2013-04-10</introducedDate>
    <congress>113</congress>
    <laws />
    <calendarNumbers />
    <originChamber>House</originChamber>
    <constitutionalAuthorityStatementText />
    <titles>
      <item>
        <title>Congratulating the Florida Gulf Coast University Eagles for becoming the first 15 seed to advance to the "Sweet 16" 4th Round in the NCAA Men's Basketball Tournament.</title>
        <titleType>Official Title as Introduced</titleType>
        <chamberCode />
        <chamberName />
        <parentTitleType />
      </item>
      <item>
        <title>Congratulating the Florida Gulf Coast University Eagles for becoming the first 15 seed to advance to the "Sweet 16" 4th Round in the NCAA Men's Basketball Tournament.</title>
        <titleType>Display Title</titleType>
        <chamberCode />
        <chamberName />
        <parentTitleType />
      </item>
    </titles>
    <createDate>2013-04-11T09:40:12Z</createDate>
    <title>Congratulating the Florida Gulf Coast University Eagles for becoming the first 15 seed to advance to the "Sweet 16" 4th Round in the NCAA Men's Basketball Tournament.</title>
    <cboCostEstimates />
    <summaries>
      <billSummaries>
        <item>
          <updateDate>2013-04-10T04:00:00Z</updateDate>
          <lastSummaryUpdateDate>2013-05-02T19:09:33Z</lastSummaryUpdateDate>
          <actionDate>2013-04-10</actionDate>
          <text><![CDATA[<p>Congratulates the Florida Gulf Coast University on its first two post-season victories and on becoming the first 15th seeded team to reach the "Sweet 16" round in the Division I National Collegiate Athletic Association (NCAA) Men's Basketball Tournament.</p>]]></text>
          <name>Introduced in House</name>
          <versionCode>00</versionCode>
          <actionDesc>Introduced in House</actionDesc>
        </item>
      </billSummaries>
    </summaries>
    <recordedVotes />
    <notes />
    <policyArea>
      <name>Sports and Recreation</name>
    </policyArea>
    <updateDate>2016-10-25T15:54:38Z</updateDate>
    <cosponsors />
    <billNumber>150</billNumber>
    <subjects>
      <billSubjects>
        <legislativeSubjects>
          <item>
            <name>Athletes</name>
          </item>
          <item>
            <name>Congressional tributes</name>
          </item>
          <item>
            <name>Florida</name>
          </item>
          <item>
            <name>Higher education</name>
          </item>
          <item>
            <name>School athletics</name>
          </item>
        </legislativeSubjects>
        <policyArea>
          <name>Sports and Recreation</name>
        </policyArea>
      </billSubjects>
    </subjects>
    <latestAction>
      <text>Referred to the House Committee on Education and the Workforce.</text>
      <links />
      <actionDate>2013-04-10</actionDate>
    </latestAction>
    <amendments />
    <actions>
      <actionTypeCounts>
        <billReferrals>1</billReferrals>
        <introducedInTheHouse>1</introducedInTheHouse>
        <introducedInHouse>1</introducedInHouse>
      </actionTypeCounts>
      <item>
        <actionDate>2013-04-10</actionDate>
        <sourceSystem>
          <code>2</code>
          <name>House floor actions</name>
        </sourceSystem>
        <text>Referred to the House Committee on Education and the Workforce.</text>
        <type>IntroReferral</type>
        <links />
        <actionCode>H11100</actionCode>
        <committee>
          <name>Education and the Workforce Committee</name>
          <systemCode>hsed00</systemCode>
        </committee>
      </item>
      <item>
        <actionDate>2013-04-10</actionDate>
        <sourceSystem>
          <code>9</code>
          <name>Library of Congress</name>
        </sourceSystem>
        <text>Introduced in House</text>
        <type>IntroReferral</type>
        <links />
        <actionCode>Intro-H</actionCode>
        <committee />
      </item>
      <item>
        <actionDate>2013-04-10</actionDate>
        <sourceSystem>
          <code>9</code>
          <name>Library of Congress</name>
        </sourceSystem>
        <text>Introduced in House</text>
        <type>IntroReferral</type>
        <links />
        <actionCode>1000</actionCode>
        <committee />
      </item>
      <actionByCounts>
        <houseOfRepresentatives>3</houseOfRepresentatives>
      </actionByCounts>
    </actions>
    <committeeReports />
    <sponsors>
      <item>
        <middleName />
        <district>19</district>
        <fullName>Rep. Radel, Trey [R-FL-19]</fullName>
        <bioguideId>R000596</bioguideId>
        <firstName>Trey</firstName>
        <byRequestType />
        <state>FL</state>
        <lastName>Radel</lastName>
        <identifiers>
          <lisID>2118</lisID>
          <gpoId />
          <bioguideId>R000596</bioguideId>
        </identifiers>
        <party>R</party>
      </item>
    </sponsors>
    <relatedBills />
    <billType>HRES</billType>
  </bill>
  <dublinCore xmlns:dc="http://purl.org/dc/elements/1.1/">
    <dc:format>text/xml</dc:format>
    <dc:language>EN</dc:language>
    <dc:rights>Pursuant to Title 17 Section 105 of the United States Code, this file is not subject to copyright protection and is in the public domain.</dc:rights>
    <dc:contributor>Congressional Research Service, Library of Congress</dc:contributor>
    <dc:description>This file contains bill summaries and statuses for federal legislation. A bill summary describes the most significant provisions of a piece of legislation and details the effects the legislative text may have on current law and federal programs. Bill summaries are authored by the Congressional Research Service (CRS) of the Library of Congress. As stated in Public Law 91-510 (2 USC 166 (d)(6)), one of the duties of CRS is "to prepare summaries and digests of bills and resolutions of a public general nature introduced in the Senate or House of Representatives". For more information, refer to the User Guide that accompanies this file.</dc:description>
  </dublinCore>
</billStatus>

