<?xml version="1.0" encoding="UTF-8"?>
<billStatus>
  <bill>
    <title>Expressing the sense of the House of Representatives that the United States should work with the Government of Haiti to address gender-based violence against women and children.</title>
    <policyArea>
      <name>International Affairs</name>
    </policyArea>
    <constitutionalAuthorityStatementText />
    <recordedVotes />
    <createDate>2013-02-07T07:00:55Z</createDate>
    <summaries>
      <billSummaries>
        <item>
          <versionCode>00</versionCode>
          <actionDate>2013-02-06</actionDate>
          <text><![CDATA[<p>Sympathizes with the families of women and children victimized by sexual and other forms of gender-based violence in Haiti. </p> <p>Urges treatment of the issue of violence against women and children as a priority for U.S. humanitarian and reconstruction efforts in Haiti.</p> <p>Calls on the government of Haiti to: (1) address the needs of vulnerable children who are in situations of sexual exploitation or forced labor, and (2) implement the recommendations of the Inter-American Commission on Human Rights issued in response to increased levels of sexual violence in camps for internally displaced persons.</p> <p>Supports Haiti, especially the Ministry of Women's Affairs, in its efforts to assess and renew its five-year gender protection plan. </p> <p>Supports passage of Haiti's first comprehensive law on the prevention, punishment, and elimination of gender-based violence.</p>]]></text>
          <lastSummaryUpdateDate>2013-02-26T20:28:55Z</lastSummaryUpdateDate>
          <actionDesc>Introduced in House</actionDesc>
          <name>Introduced in House</name>
          <updateDate>2013-02-06T05:00:00Z</updateDate>
        </item>
      </billSummaries>
    </summaries>
    <committeeReports />
    <notes />
    <latestAction>
      <links />
      <actionDate>2013-02-25</actionDate>
      <text>Referred to the Subcommittee on the Western Hemisphere.</text>
    </latestAction>
    <sponsors>
      <item>
        <state>FL</state>
        <fullName>Rep. Wilson, Frederica S. [D-FL-24]</fullName>
        <district>24</district>
        <bioguideId>W000808</bioguideId>
        <middleName>S.</middleName>
        <byRequestType />
        <lastName>Wilson</lastName>
        <party>D</party>
        <firstName>Frederica</firstName>
        <identifiers>
          <gpoId>7889</gpoId>
          <lisID>2004</lisID>
          <bioguideId>W000808</bioguideId>
        </identifiers>
      </item>
    </sponsors>
    <billNumber>61</billNumber>
    <titles>
      <item>
        <title>Expressing the sense of the House of Representatives that the United States should work with the Government of Haiti to address gender-based violence against women and children.</title>
        <chamberName />
        <chamberCode />
        <titleType>Official Title as Introduced</titleType>
        <parentTitleType />
      </item>
      <item>
        <title>Expressing the sense of the House of Representatives that the United States should work with the Government of Haiti to address gender-based violence against women and children.</title>
        <chamberName />
        <chamberCode />
        <titleType>Display Title</titleType>
        <parentTitleType />
      </item>
    </titles>
    <billType>HRES</billType>
    <laws />
    <committees>
      <billCommittees>
        <item>
          <chamber>House</chamber>
          <type>Standing</type>
          <systemCode>hsfa00</systemCode>
          <subcommittees>
            <item>
              <name>Western Hemisphere Subcommittee</name>
              <systemCode>hsfa07</systemCode>
              <activities>
                <item>
                  <date>2013-02-25T17:49:34Z</date>
                  <name>Referred to</name>
                </item>
              </activities>
            </item>
            <item>
              <name>Africa, Global Health, Global Human Rights and International Organizations Subcommittee</name>
              <systemCode>hsfa16</systemCode>
              <activities>
                <item>
                  <date>2013-02-25T17:46:37Z</date>
                  <name>Referred to</name>
                </item>
              </activities>
            </item>
          </subcommittees>
          <name>Foreign Affairs Committee</name>
          <activities>
            <item>
              <date>2013-02-06T14:05:35Z</date>
              <name>Referred to</name>
            </item>
          </activities>
        </item>
      </billCommittees>
    </committees>
    <updateDate>2016-10-25T15:54:25Z</updateDate>
    <relatedBills />
    <subjects>
      <billSubjects>
        <legislativeSubjects>
          <item>
            <name>Caribbean area</name>
          </item>
          <item>
            <name>Child safety and welfare</name>
          </item>
          <item>
            <name>Crime prevention</name>
          </item>
          <item>
            <name>Crime victims</name>
          </item>
          <item>
            <name>Crimes against children</name>
          </item>
          <item>
            <name>Crimes against women</name>
          </item>
          <item>
            <name>Criminal investigation, prosecution, interrogation</name>
          </item>
          <item>
            <name>Disaster relief and insurance</name>
          </item>
          <item>
            <name>Domestic violence and child abuse</name>
          </item>
          <item>
            <name>Foreign aid and international relief</name>
          </item>
          <item>
            <name>Haiti</name>
          </item>
          <item>
            <name>Health care coverage and access</name>
          </item>
          <item>
            <name>Human rights</name>
          </item>
          <item>
            <name>Judges</name>
          </item>
          <item>
            <name>Latin America</name>
          </item>
          <item>
            <name>Law enforcement officers</name>
          </item>
          <item>
            <name>Mental health</name>
          </item>
          <item>
            <name>Reconstruction and stabilization</name>
          </item>
          <item>
            <name>Refugees, asylum, displaced persons</name>
          </item>
          <item>
            <name>Sex offenses</name>
          </item>
          <item>
            <name>Sex, gender, sexual orientation discrimination</name>
          </item>
          <item>
            <name>Violent crime</name>
          </item>
          <item>
            <name>Women's employment</name>
          </item>
          <item>
            <name>Women's rights</name>
          </item>
          <item>
            <name>World health</name>
          </item>
          <item>
            <name>Youth employment and child labor</name>
          </item>
        </legislativeSubjects>
        <policyArea>
          <name>International Affairs</name>
        </policyArea>
      </billSubjects>
    </subjects>
    <introducedDate>2013-02-06</introducedDate>
    <actions>
      <item>
        <actionDate>2013-02-25</actionDate>
        <committee>
          <systemCode>hsfa07</systemCode>
          <name>Western Hemisphere Subcommittee</name>
        </committee>
        <links />
        <sourceSystem>
          <code>1</code>
          <name>House committee actions</name>
        </sourceSystem>
        <text>Referred to the Subcommittee on the Western Hemisphere.</text>
        <type>Committee</type>
      </item>
      <item>
        <actionDate>2013-02-25</actionDate>
        <committee>
          <systemCode>hsfa16</systemCode>
          <name>Africa, Global Health, Global Human Rights and International Organizations Subcommittee</name>
        </committee>
        <links />
        <sourceSystem>
          <code>1</code>
          <name>House committee actions</name>
        </sourceSystem>
        <text>Referred to the Subcommittee on Africa, Global Health, Global Human Rights and International Organizations.</text>
        <type>Committee</type>
      </item>
      <item>
        <text>Referred to the House Committee on Foreign Affairs.</text>
        <committee>
          <systemCode>hsfa00</systemCode>
          <name>Foreign Affairs Committee</name>
        </committee>
        <actionCode>H11100</actionCode>
        <sourceSystem>
          <code>2</code>
          <name>House floor actions</name>
        </sourceSystem>
        <type>IntroReferral</type>
        <actionDate>2013-02-06</actionDate>
        <links />
      </item>
      <item>
        <text>Sponsor introductory remarks on measure. (CR 2/5/2013 H348)</text>
        <committee />
        <actionCode>B00100</actionCode>
        <sourceSystem>
          <code>9</code>
          <name>Library of Congress</name>
        </sourceSystem>
        <type>IntroReferral</type>
        <actionDate>2013-02-06</actionDate>
        <links>
          <link>
            <name>CR 2/5/2013 H348</name>
            <url>https://www.congress.gov/congressional-record/volume-159/house-section/page/H348</url>
          </link>
        </links>
      </item>
      <item>
        <text>Introduced in House</text>
        <committee />
        <actionCode>Intro-H</actionCode>
        <sourceSystem>
          <code>9</code>
          <name>Library of Congress</name>
        </sourceSystem>
        <type>IntroReferral</type>
        <actionDate>2013-02-06</actionDate>
        <links />
      </item>
      <item>
        <text>Introduced in House</text>
        <committee />
        <actionCode>1000</actionCode>
        <sourceSystem>
          <code>9</code>
          <name>Library of Congress</name>
        </sourceSystem>
        <type>IntroReferral</type>
        <actionDate>2013-02-06</actionDate>
        <links />
      </item>
      <actionByCounts>
        <houseOfRepresentatives>5</houseOfRepresentatives>
      </actionByCounts>
      <actionTypeCounts>
        <placeholderTextForH>2</placeholderTextForH>
        <placeholderTextForB>1</placeholderTextForB>
        <billReferrals>1</billReferrals>
        <introducedInHouse>1</introducedInHouse>
        <introducedInTheHouse>1</introducedInTheHouse>
      </actionTypeCounts>
    </actions>
    <amendments />
    <congress>113</congress>
    <cosponsors>
      <item>
        <state>FL</state>
        <fullName>Rep. Brown, Corrine [D-FL-5]</fullName>
        <district>5</district>
        <sponsorshipWithdrawnDate />
        <party>D</party>
        <identifiers>
          <lisID>132</lisID>
          <gpoId>7875</gpoId>
          <bioguideId>B000911</bioguideId>
        </identifiers>
        <middleName />
        <bioguideId>B000911</bioguideId>
        <firstName>CORRINE</firstName>
        <lastName>BROWN</lastName>
        <isOriginalCosponsor>True</isOriginalCosponsor>
        <sponsorshipDate>2013-02-06</sponsorshipDate>
      </item>
      <item>
        <state>VI</state>
        <fullName>Rep. Christensen, Donna M. [D-VI-At Large]</fullName>
        <district>0</district>
        <sponsorshipWithdrawnDate />
        <party>D</party>
        <identifiers>
          <bioguideId>C000380</bioguideId>
          <gpoId>8203</gpoId>
          <lisID>1474</lisID>
        </identifiers>
        <middleName>M.</middleName>
        <bioguideId>C000380</bioguideId>
        <firstName>DONNA</firstName>
        <lastName>CHRISTENSEN</lastName>
        <isOriginalCosponsor>True</isOriginalCosponsor>
        <sponsorshipDate>2013-02-06</sponsorshipDate>
      </item>
      <item>
        <state>MI</state>
        <fullName>Rep. Conyers, John, Jr. [D-MI-13]</fullName>
        <district>13</district>
        <sponsorshipWithdrawnDate />
        <party>D</party>
        <identifiers>
          <lisID>229</lisID>
          <gpoId>7999</gpoId>
          <bioguideId>C000714</bioguideId>
        </identifiers>
        <middleName />
        <bioguideId>C000714</bioguideId>
        <firstName>JOHN</firstName>
        <lastName>CONYERS</lastName>
        <isOriginalCosponsor>True</isOriginalCosponsor>
        <sponsorshipDate>2013-02-06</sponsorshipDate>
      </item>
      <item>
        <state>FL</state>
        <fullName>Rep. Hastings, Alcee L. [D-FL-20]</fullName>
        <district>20</district>
        <sponsorshipWithdrawnDate />
        <party>D</party>
        <identifiers>
          <gpoId>7895</gpoId>
          <lisID>511</lisID>
          <bioguideId>H000324</bioguideId>
        </identifiers>
        <middleName>L.</middleName>
        <bioguideId>H000324</bioguideId>
        <firstName>ALCEE</firstName>
        <lastName>HASTINGS</lastName>
        <isOriginalCosponsor>True</isOriginalCosponsor>
        <sponsorshipDate>2013-02-06</sponsorshipDate>
      </item>
      <item>
        <state>DC</state>
        <fullName>Rep. Norton, Eleanor Holmes [D-DC-At Large]</fullName>
        <district>0</district>
        <sponsorshipWithdrawnDate />
        <party>D</party>
        <identifiers>
          <lisID>868</lisID>
          <gpoId>7871</gpoId>
          <bioguideId>N000147</bioguideId>
        </identifiers>
        <middleName>HOLMES</middleName>
        <bioguideId>N000147</bioguideId>
        <firstName>ELEANOR</firstName>
        <lastName>NORTON</lastName>
        <isOriginalCosponsor>True</isOriginalCosponsor>
        <sponsorshipDate>2013-02-06</sponsorshipDate>
      </item>
      <item>
        <state>CA</state>
        <fullName>Rep. Honda, Michael M. [D-CA-17]</fullName>
        <district>17</district>
        <sponsorshipWithdrawnDate />
        <party>D</party>
        <identifiers>
          <lisID>1634</lisID>
          <gpoId>7820</gpoId>
          <bioguideId>H001034</bioguideId>
        </identifiers>
        <middleName>M.</middleName>
        <bioguideId>H001034</bioguideId>
        <firstName>MICHAEL</firstName>
        <lastName>HONDA</lastName>
        <isOriginalCosponsor>True</isOriginalCosponsor>
        <sponsorshipDate>2013-02-06</sponsorshipDate>
      </item>
      <item>
        <state>TX</state>
        <fullName>Rep. Johnson, Eddie Bernice [D-TX-30]</fullName>
        <district>30</district>
        <sponsorshipWithdrawnDate />
        <party>D</party>
        <identifiers>
          <lisID>599</lisID>
          <gpoId>8186</gpoId>
          <bioguideId>J000126</bioguideId>
        </identifiers>
        <middleName>BERNICE</middleName>
        <bioguideId>J000126</bioguideId>
        <firstName>EDDIE</firstName>
        <lastName>JOHNSON</lastName>
        <isOriginalCosponsor>True</isOriginalCosponsor>
        <sponsorshipDate>2013-02-06</sponsorshipDate>
      </item>
      <item>
        <state>GA</state>
        <fullName>Rep. Lewis, John [D-GA-5]</fullName>
        <district>5</district>
        <sponsorshipWithdrawnDate />
        <party>D</party>
        <identifiers>
          <lisID>688</lisID>
          <bioguideId>L000287</bioguideId>
          <gpoId>7902</gpoId>
        </identifiers>
        <middleName />
        <bioguideId>L000287</bioguideId>
        <firstName>JOHN</firstName>
        <lastName>LEWIS</lastName>
        <isOriginalCosponsor>True</isOriginalCosponsor>
        <sponsorshipDate>2013-02-06</sponsorshipDate>
      </item>
      <item>
        <state>NY</state>
        <fullName>Rep. Maloney, Carolyn B. [D-NY-12]</fullName>
        <district>12</district>
        <sponsorshipWithdrawnDate />
        <party>D</party>
        <identifiers>
          <gpoId>8075</gpoId>
          <lisID>729</lisID>
          <bioguideId>M000087</bioguideId>
        </identifiers>
        <middleName>B.</middleName>
        <bioguideId>M000087</bioguideId>
        <firstName>CAROLYN</firstName>
        <lastName>MALONEY</lastName>
        <isOriginalCosponsor>True</isOriginalCosponsor>
        <sponsorshipDate>2013-02-06</sponsorshipDate>
      </item>
      <item>
        <state>MA</state>
        <fullName>Rep. McGovern, James P. [D-MA-2]</fullName>
        <district>2</district>
        <sponsorshipWithdrawnDate />
        <party>D</party>
        <identifiers>
          <lisID>1504</lisID>
          <gpoId>7968</gpoId>
          <bioguideId>M000312</bioguideId>
        </identifiers>
        <middleName>P.</middleName>
        <bioguideId>M000312</bioguideId>
        <firstName>JAMES</firstName>
        <lastName>MCGOVERN</lastName>
        <isOriginalCosponsor>True</isOriginalCosponsor>
        <sponsorshipDate>2013-02-06</sponsorshipDate>
      </item>
      <item>
        <state>WI</state>
        <fullName>Rep. Moore, Gwen [D-WI-4]</fullName>
        <district>4</district>
        <sponsorshipWithdrawnDate />
        <party>D</party>
        <identifiers>
          <lisID>1811</lisID>
          <gpoId>8217</gpoId>
          <bioguideId>M001160</bioguideId>
        </identifiers>
        <middleName />
        <bioguideId>M001160</bioguideId>
        <firstName>Gwen</firstName>
        <lastName>Moore</lastName>
        <isOriginalCosponsor>True</isOriginalCosponsor>
        <sponsorshipDate>2013-02-06</sponsorshipDate>
      </item>
      <item>
        <state>VA</state>
        <fullName>Rep. Moran, James P. [D-VA-8]</fullName>
        <district>8</district>
        <sponsorshipWithdrawnDate />
        <party>D</party>
        <identifiers>
          <lisID>832</lisID>
          <gpoId>8199</gpoId>
          <bioguideId>M000933</bioguideId>
        </identifiers>
        <middleName>P.</middleName>
        <bioguideId>M000933</bioguideId>
        <firstName>JAMES</firstName>
        <lastName>MORAN</lastName>
        <isOriginalCosponsor>True</isOriginalCosponsor>
        <sponsorshipDate>2013-02-06</sponsorshipDate>
      </item>
      <item>
        <state>CA</state>
        <fullName>Rep. Roybal-Allard, Lucille [D-CA-40]</fullName>
        <district>40</district>
        <sponsorshipWithdrawnDate />
        <party>D</party>
        <identifiers>
          <lisID>997</lisID>
          <gpoId>7839</gpoId>
          <bioguideId>R000486</bioguideId>
        </identifiers>
        <middleName />
        <bioguideId>R000486</bioguideId>
        <firstName>LUCILLE</firstName>
        <lastName>ROYBAL-ALLARD</lastName>
        <isOriginalCosponsor>True</isOriginalCosponsor>
        <sponsorshipDate>2013-02-06</sponsorshipDate>
      </item>
      <item>
        <state>AL</state>
        <fullName>Rep. Sewell, Terri A. [D-AL-7]</fullName>
        <district>7</district>
        <sponsorshipWithdrawnDate />
        <party>D</party>
        <identifiers>
          <bioguideId>S001185</bioguideId>
          <lisID>1988</lisID>
          <gpoId>7792</gpoId>
        </identifiers>
        <middleName>A.</middleName>
        <bioguideId>S001185</bioguideId>
        <firstName>Terri</firstName>
        <lastName>Sewell</lastName>
        <isOriginalCosponsor>True</isOriginalCosponsor>
        <sponsorshipDate>2013-02-06</sponsorshipDate>
      </item>
      <item>
        <state>MS</state>
        <fullName>Rep. Thompson, Bennie G. [D-MS-2]</fullName>
        <district>2</district>
        <sponsorshipWithdrawnDate />
        <party>D</party>
        <identifiers>
          <lisID>1151</lisID>
          <bioguideId>T000193</bioguideId>
          <gpoId>8020</gpoId>
        </identifiers>
        <middleName />
        <bioguideId>T000193</bioguideId>
        <firstName>BENNIE</firstName>
        <lastName>THOMPSON</lastName>
        <isOriginalCosponsor>True</isOriginalCosponsor>
        <sponsorshipDate>2013-02-06</sponsorshipDate>
      </item>
      <item>
        <state>MN</state>
        <fullName>Rep. Ellison, Keith [D-MN-5]</fullName>
        <district>5</district>
        <sponsorshipWithdrawnDate />
        <party>D</party>
        <identifiers>
          <bioguideId>E000288</bioguideId>
          <lisID>1857</lisID>
          <gpoId>8005</gpoId>
        </identifiers>
        <middleName />
        <bioguideId>E000288</bioguideId>
        <firstName>Keith</firstName>
        <lastName>Ellison</lastName>
        <isOriginalCosponsor>False</isOriginalCosponsor>
        <sponsorshipDate>2013-03-15</sponsorshipDate>
      </item>
      <item>
        <state>CA</state>
        <fullName>Rep. Lee, Barbara [D-CA-13]</fullName>
        <district>13</district>
        <sponsorshipWithdrawnDate />
        <party>D</party>
        <identifiers>
          <bioguideId>L000551</bioguideId>
          <lisID>1501</lisID>
          <gpoId>7814</gpoId>
        </identifiers>
        <middleName />
        <bioguideId>L000551</bioguideId>
        <firstName>BARBARA</firstName>
        <lastName>LEE</lastName>
        <isOriginalCosponsor>False</isOriginalCosponsor>
        <sponsorshipDate>2013-10-07</sponsorshipDate>
      </item>
      <item>
        <state>NJ</state>
        <fullName>Rep. Sires, Albio [D-NJ-8]</fullName>
        <district>8</district>
        <sponsorshipWithdrawnDate />
        <party>D</party>
        <identifiers>
          <lisID>1818</lisID>
          <bioguideId>S001165</bioguideId>
          <gpoId>8055</gpoId>
        </identifiers>
        <middleName />
        <bioguideId>S001165</bioguideId>
        <firstName>Albio</firstName>
        <lastName>Sires</lastName>
        <isOriginalCosponsor>False</isOriginalCosponsor>
        <sponsorshipDate>2013-10-07</sponsorshipDate>
      </item>
    </cosponsors>
    <calendarNumbers />
    <cboCostEstimates />
    <originChamber>House</originChamber>
  </bill>
  <dublinCore xmlns:dc="http://purl.org/dc/elements/1.1/">
    <dc:format>text/xml</dc:format>
    <dc:language>EN</dc:language>
    <dc:rights>Pursuant to Title 17 Section 105 of the United States Code, this file is not subject to copyright protection and is in the public domain.</dc:rights>
    <dc:contributor>Congressional Research Service, Library of Congress</dc:contributor>
    <dc:description>This file contains bill summaries and statuses for federal legislation. A bill summary describes the most significant provisions of a piece of legislation and details the effects the legislative text may have on current law and federal programs. Bill summaries are authored by the Congressional Research Service (CRS) of the Library of Congress. As stated in Public Law 91-510 (2 USC 166 (d)(6)), one of the duties of CRS is "to prepare summaries and digests of bills and resolutions of a public general nature introduced in the Senate or House of Representatives". For more information, refer to the User Guide that accompanies this file.</dc:description>
  </dublinCore>
</billStatus>

