<?xml version="1.0" encoding="UTF-8"?>
<billStatus>
  <bill>
    <committeeReports />
    <committees>
      <billCommittees>
        <item>
          <subcommittees />
          <chamber>House</chamber>
          <type>Standing</type>
          <name>Foreign Affairs Committee</name>
          <systemCode>hsfa00</systemCode>
          <activities>
            <item>
              <name>Referred to</name>
              <date>2014-05-23T19:01:00Z</date>
            </item>
          </activities>
        </item>
      </billCommittees>
    </committees>
    <createDate>2014-05-24T07:03:10Z</createDate>
    <amendments />
    <policyArea>
      <name>International Affairs</name>
    </policyArea>
    <sponsors>
      <item>
        <district>4</district>
        <firstName>CHRISTOPHER</firstName>
        <bioguideId>S000522</bioguideId>
        <identifiers>
          <bioguideId>S000522</bioguideId>
          <lisID>1071</lisID>
          <gpoId>8046</gpoId>
        </identifiers>
        <lastName>SMITH</lastName>
        <middleName>H.</middleName>
        <byRequestType />
        <fullName>Rep. Smith, Christopher H. [R-NJ-4]</fullName>
        <party>R</party>
        <state>NJ</state>
      </item>
    </sponsors>
    <subjects>
      <billSubjects>
        <legislativeSubjects>
          <item>
            <name>Asia</name>
          </item>
          <item>
            <name>China</name>
          </item>
          <item>
            <name>Congressional tributes</name>
          </item>
          <item>
            <name>Detention of persons</name>
          </item>
          <item>
            <name>Diplomacy, foreign officials, Americans abroad</name>
          </item>
          <item>
            <name>Human rights</name>
          </item>
          <item>
            <name>International exchange and broadcasting</name>
          </item>
          <item>
            <name>International law and treaties</name>
          </item>
          <item>
            <name>Internet and video services</name>
          </item>
          <item>
            <name>Lawyers and legal services</name>
          </item>
          <item>
            <name>News media and reporting</name>
          </item>
          <item>
            <name>Protest and dissent</name>
          </item>
          <item>
            <name>Refugees, asylum, displaced persons</name>
          </item>
          <item>
            <name>Religion</name>
          </item>
          <item>
            <name>Rule of law and government transparency</name>
          </item>
          <item>
            <name>Sovereignty, recognition, national governance and status</name>
          </item>
          <item>
            <name>Travel and tourism</name>
          </item>
          <item>
            <name>United Nations</name>
          </item>
        </legislativeSubjects>
        <policyArea>
          <name>International Affairs</name>
        </policyArea>
      </billSubjects>
    </subjects>
    <notes />
    <cosponsors />
    <title>Urging the Government of the People's Republic of China to respect the freedom of assembly, expression, and religion and all fundamental human rights and the rule of law for all its citizens and to stop censoring discussion of the 1989 Tiananmen Square demonstrations and their violent suppression.</title>
    <billNumber>597</billNumber>
    <cboCostEstimates />
    <titles>
      <item>
        <title>Urging the Government of the People's Republic of China to respect the freedom of assembly, expression, and religion and all fundamental human rights and the rule of law for all its citizens and to stop censoring discussion of the 1989 Tiananmen Square demonstrations and their violent suppression.</title>
        <parentTitleType />
        <titleType>Official Title as Introduced</titleType>
        <chamberCode />
        <chamberName />
      </item>
      <item>
        <title>Urging the Government of the People's Republic of China to respect the freedom of assembly, expression, and religion and all fundamental human rights and the rule of law for all its citizens and to stop censoring discussion of the 1989 Tiananmen Square demonstrations and their violent suppression.</title>
        <parentTitleType />
        <titleType>Display Title</titleType>
        <chamberCode />
        <chamberName />
      </item>
    </titles>
    <summaries>
      <billSummaries>
        <item>
          <actionDate>2014-05-23</actionDate>
          <updateDate>2014-05-23T04:00:00Z</updateDate>
          <name>Introduced in House</name>
          <lastSummaryUpdateDate>2014-06-03T15:07:39Z</lastSummaryUpdateDate>
          <versionCode>00</versionCode>
          <actionDesc>Introduced in House</actionDesc>
          <text><![CDATA[<p>Urges the government of China to stop censoring information about the June 1989 Tiananmen Square massacre.</p> <p> Expresses sympathy to the families of those killed, tortured, and imprisoned as a result of their participation in the Tiananmen Square democracy protests.</p> <p> Supports all peaceful advocates for human rights and the rule of law in China for their efforts to advance democratic reforms and human rights during the past. </p> <p>Condemns the government of China's ongoing human rights abuses. </p> <p>Calls on the Broadcasting Board of Governors to take appropriate steps to circumvent Chinese Internet censorship and to provide information to the people of China about the Tiananmen Square Massacre. </p> <p>Calls on the United States to: (1) make human rights, including religious freedom, a priority in bilateral discussions with China; and (2) instruct the U.S. representative at the United Nations Human Rights Council (UNHRC) to introduce a resolution calling for an examination of China's human rights practices. </p> <p>Calls on China to: (1) end the harassment, detention, and torture of Chinese citizens expressing their freedom of religion, expression, and association, including on the Internet; (2) release all remaining prisoners who continue to be detained because of their participation in the 1989 pro-democracy demonstrations; (4) allow protest participants who are living in exile to return to China without risk of retribution; and (5) end Internet, media, and academic censorship of discussions of the Tiananmen protests and related events.</p> <p>Calls on the Administration and Congress to continue to mark the events of Tiananmen Square. </p> <p>Finds that U.S. relations with China are more likely to further improve once China respects the individual human rights of all its people.</p>]]></text>
        </item>
      </billSummaries>
    </summaries>
    <relatedBills>
      <item>
        <latestTitle>Urging the Government of the People's Republic of China to respect the freedom of assembly, expression, and religion and all fundamental human rights and the rule of law for all its citizens and to stop censoring discussion of the 1989 Tiananmen Square demonstrations and their violent suppression.</latestTitle>
        <type>HRES</type>
        <relationshipDetails>
          <item>
            <type>Identical bill</type>
            <identifiedBy>CRS</identifiedBy>
          </item>
        </relationshipDetails>
        <number>599</number>
        <congress>113</congress>
        <latestAction>
          <text>On motion to suspend the rules and agree to the resolution Agreed to by the Yeas and Nays: (2/3 required): 379 - 1 (Roll no. 241). (text: CR H4851-4852)</text>
          <actionTime>18:58:14</actionTime>
          <actionDate>2014-05-28</actionDate>
        </latestAction>
      </item>
    </relatedBills>
    <calendarNumbers />
    <recordedVotes />
    <introducedDate>2014-05-23</introducedDate>
    <latestAction>
      <links />
      <actionDate>2014-05-23</actionDate>
      <text>Referred to the House Committee on Foreign Affairs.</text>
    </latestAction>
    <congress>113</congress>
    <constitutionalAuthorityStatementText />
    <billType>HRES</billType>
    <actions>
      <actionByCounts>
        <houseOfRepresentatives>3</houseOfRepresentatives>
      </actionByCounts>
      <item>
        <actionDate>2014-05-23</actionDate>
        <actionCode>H11100</actionCode>
        <sourceSystem>
          <name>House floor actions</name>
          <code>2</code>
        </sourceSystem>
        <links />
        <committee>
          <name>Foreign Affairs Committee</name>
          <systemCode>hsfa00</systemCode>
        </committee>
        <text>Referred to the House Committee on Foreign Affairs.</text>
        <type>IntroReferral</type>
      </item>
      <item>
        <actionDate>2014-05-23</actionDate>
        <actionCode>Intro-H</actionCode>
        <sourceSystem>
          <name>Library of Congress</name>
          <code>9</code>
        </sourceSystem>
        <links />
        <committee />
        <text>Introduced in House</text>
        <type>IntroReferral</type>
      </item>
      <item>
        <actionDate>2014-05-23</actionDate>
        <actionCode>1000</actionCode>
        <sourceSystem>
          <name>Library of Congress</name>
          <code>9</code>
        </sourceSystem>
        <links />
        <committee />
        <text>Introduced in House</text>
        <type>IntroReferral</type>
      </item>
      <actionTypeCounts>
        <introducedInHouse>1</introducedInHouse>
        <introducedInTheHouse>1</introducedInTheHouse>
        <billReferrals>1</billReferrals>
      </actionTypeCounts>
    </actions>
    <originChamber>House</originChamber>
    <laws />
    <updateDate>2016-10-25T15:55:43Z</updateDate>
  </bill>
  <dublinCore xmlns:dc="http://purl.org/dc/elements/1.1/">
    <dc:format>text/xml</dc:format>
    <dc:language>EN</dc:language>
    <dc:rights>Pursuant to Title 17 Section 105 of the United States Code, this file is not subject to copyright protection and is in the public domain.</dc:rights>
    <dc:contributor>Congressional Research Service, Library of Congress</dc:contributor>
    <dc:description>This file contains bill summaries and statuses for federal legislation. A bill summary describes the most significant provisions of a piece of legislation and details the effects the legislative text may have on current law and federal programs. Bill summaries are authored by the Congressional Research Service (CRS) of the Library of Congress. As stated in Public Law 91-510 (2 USC 166 (d)(6)), one of the duties of CRS is "to prepare summaries and digests of bills and resolutions of a public general nature introduced in the Senate or House of Representatives". For more information, refer to the User Guide that accompanies this file.</dc:description>
  </dublinCore>
</billStatus>

