<?xml version="1.0" encoding="UTF-8"?>
<billStatus>
  <bill>
    <billType>HRES</billType>
    <laws />
    <recordedVotes />
    <actions>
      <actionTypeCounts>
        <introducedInTheHouse>1</introducedInTheHouse>
        <billReferrals>1</billReferrals>
        <introducedInHouse>1</introducedInHouse>
      </actionTypeCounts>
      <actionByCounts>
        <houseOfRepresentatives>3</houseOfRepresentatives>
      </actionByCounts>
      <item>
        <links />
        <committee>
          <systemCode>hsed00</systemCode>
          <name>Education and the Workforce Committee</name>
        </committee>
        <actionCode>H11100</actionCode>
        <actionDate>2013-03-14</actionDate>
        <text>Referred to the House Committee on Education and the Workforce.</text>
        <type>IntroReferral</type>
        <sourceSystem>
          <name>House floor actions</name>
          <code>2</code>
        </sourceSystem>
      </item>
      <item>
        <links />
        <committee />
        <actionCode>Intro-H</actionCode>
        <actionDate>2013-03-14</actionDate>
        <text>Introduced in House</text>
        <type>IntroReferral</type>
        <sourceSystem>
          <name>Library of Congress</name>
          <code>9</code>
        </sourceSystem>
      </item>
      <item>
        <links />
        <committee />
        <actionCode>1000</actionCode>
        <actionDate>2013-03-14</actionDate>
        <text>Introduced in House</text>
        <type>IntroReferral</type>
        <sourceSystem>
          <name>Library of Congress</name>
          <code>9</code>
        </sourceSystem>
      </item>
    </actions>
    <billNumber>117</billNumber>
    <policyArea>
      <name>Government Operations and Politics</name>
    </policyArea>
    <notes />
    <latestAction>
      <actionDate>2013-03-14</actionDate>
      <links />
      <text>Referred to the House Committee on Education and the Workforce.</text>
    </latestAction>
    <relatedBills />
    <committees>
      <billCommittees>
        <item>
          <activities>
            <item>
              <name>Referred to</name>
              <date>2013-03-14T14:03:30Z</date>
            </item>
          </activities>
          <name>Education and the Workforce Committee</name>
          <subcommittees />
          <chamber>House</chamber>
          <type>Standing</type>
          <systemCode>hsed00</systemCode>
        </item>
      </billCommittees>
    </committees>
    <cosponsors />
    <createDate>2013-03-15T07:01:10Z</createDate>
    <sponsors>
      <item>
        <fullName>Rep. Chaffetz, Jason [R-UT-3]</fullName>
        <firstName>Jason</firstName>
        <lastName>Chaffetz</lastName>
        <state>UT</state>
        <party>R</party>
        <district>3</district>
        <bioguideId>C001076</bioguideId>
        <identifiers>
          <bioguideId>C001076</bioguideId>
          <gpoId>8191</gpoId>
          <lisID>1956</lisID>
        </identifiers>
        <middleName />
        <byRequestType />
      </item>
    </sponsors>
    <committeeReports />
    <updateDate>2016-10-25T15:54:33Z</updateDate>
    <introducedDate>2013-03-14</introducedDate>
    <summaries>
      <billSummaries>
        <item>
          <versionCode>00</versionCode>
          <actionDate>2013-03-14</actionDate>
          <text><![CDATA[<p>Expresses the sense of the House of Representatives that: (1) the federal government should not bailout state and local government employee pension plans and other post-employment benefit plans; and (2) state and local governments should immediately institute reforms to their employee pension plans, including replacing defined benefit plans with defined contribution plans.</p>]]></text>
          <name>Introduced in House</name>
          <lastSummaryUpdateDate>2013-03-19T15:17:57Z</lastSummaryUpdateDate>
          <updateDate>2013-03-14T04:00:00Z</updateDate>
          <actionDesc>Introduced in House</actionDesc>
        </item>
      </billSummaries>
    </summaries>
    <title>Expressing the sense of the House of Representatives that the Federal Government should not bail out State and local government employee pension plans or other plans that provide post-employment benefits to State and local government retirees.</title>
    <cboCostEstimates />
    <subjects>
      <billSubjects>
        <policyArea>
          <name>Government Operations and Politics</name>
        </policyArea>
        <legislativeSubjects>
          <item>
            <name>Government employee pay, benefits, personnel management</name>
          </item>
          <item>
            <name>Intergovernmental relations</name>
          </item>
          <item>
            <name>State and local finance</name>
          </item>
          <item>
            <name>State and local government operations</name>
          </item>
        </legislativeSubjects>
      </billSubjects>
    </subjects>
    <amendments />
    <calendarNumbers />
    <congress>113</congress>
    <constitutionalAuthorityStatementText />
    <titles>
      <item>
        <parentTitleType />
        <chamberCode />
        <chamberName />
        <title>Expressing the sense of the House of Representatives that the Federal Government should not bail out State and local government employee pension plans or other plans that provide post-employment benefits to State and local government retirees.</title>
        <titleType>Official Title as Introduced</titleType>
      </item>
      <item>
        <parentTitleType />
        <chamberCode />
        <chamberName />
        <title>Expressing the sense of the House of Representatives that the Federal Government should not bail out State and local government employee pension plans or other plans that provide post-employment benefits to State and local government retirees.</title>
        <titleType>Display Title</titleType>
      </item>
    </titles>
    <originChamber>House</originChamber>
  </bill>
  <dublinCore xmlns:dc="http://purl.org/dc/elements/1.1/">
    <dc:format>text/xml</dc:format>
    <dc:language>EN</dc:language>
    <dc:rights>Pursuant to Title 17 Section 105 of the United States Code, this file is not subject to copyright protection and is in the public domain.</dc:rights>
    <dc:contributor>Congressional Research Service, Library of Congress</dc:contributor>
    <dc:description>This file contains bill summaries and statuses for federal legislation. A bill summary describes the most significant provisions of a piece of legislation and details the effects the legislative text may have on current law and federal programs. Bill summaries are authored by the Congressional Research Service (CRS) of the Library of Congress. As stated in Public Law 91-510 (2 USC 166 (d)(6)), one of the duties of CRS is "to prepare summaries and digests of bills and resolutions of a public general nature introduced in the Senate or House of Representatives". For more information, refer to the User Guide that accompanies this file.</dc:description>
  </dublinCore>
</billStatus>

