<?xml version="1.0" encoding="UTF-8"?>
<billStatus>
  <bill>
    <title>Recognizing the commencement of Ramadan, the Muslim holy month of fasting and spiritual renewal, and commending Muslims in the United States and throughout the world for their faith.</title>
    <policyArea>
      <name>International Affairs</name>
    </policyArea>
    <constitutionalAuthorityStatementText />
    <recordedVotes />
    <createDate>2013-07-09T07:01:25Z</createDate>
    <summaries>
      <billSummaries>
        <item>
          <actionDate>2013-07-08</actionDate>
          <updateDate>2013-07-08T04:00:00Z</updateDate>
          <name>Introduced in House</name>
          <lastSummaryUpdateDate>2015-06-18T21:33:16Z</lastSummaryUpdateDate>
          <versionCode>00</versionCode>
          <actionDesc>Introduced in House</actionDesc>
          <text><![CDATA[<p>Recognizes the Islamic faith as one of the great world religions.</p> <p>Acknowledges the onset of Ramadan and expresses deepest respect to Muslims in the United States and throughout the world on this significant occasion.</p>]]></text>
        </item>
      </billSummaries>
    </summaries>
    <committeeReports />
    <notes />
    <latestAction>
      <links />
      <actionDate>2013-07-08</actionDate>
      <text>Referred to the House Committee on Foreign Affairs.</text>
    </latestAction>
    <sponsors>
      <item>
        <state>TX</state>
        <fullName>Rep. Johnson, Eddie Bernice [D-TX-30]</fullName>
        <district>30</district>
        <bioguideId>J000126</bioguideId>
        <middleName>BERNICE</middleName>
        <byRequestType />
        <lastName>JOHNSON</lastName>
        <party>D</party>
        <firstName>EDDIE</firstName>
        <identifiers>
          <bioguideId>J000126</bioguideId>
          <lisID>599</lisID>
          <gpoId>8186</gpoId>
        </identifiers>
      </item>
    </sponsors>
    <billNumber>289</billNumber>
    <titles>
      <item>
        <chamberCode />
        <title>Recognizing the commencement of Ramadan, the Muslim holy month of fasting and spiritual renewal, and commending Muslims in the United States and throughout the world for their faith.</title>
        <chamberName />
        <titleType>Official Title as Introduced</titleType>
        <parentTitleType />
      </item>
      <item>
        <chamberCode />
        <title>Recognizing the commencement of Ramadan, the Muslim holy month of fasting and spiritual renewal, and commending Muslims in the United States and throughout the world for their faith.</title>
        <chamberName />
        <titleType>Display Title</titleType>
        <parentTitleType />
      </item>
    </titles>
    <billType>HRES</billType>
    <laws />
    <committees>
      <billCommittees>
        <item>
          <subcommittees />
          <activities>
            <item>
              <date>2013-07-08T18:01:45Z</date>
              <name>Referred to</name>
            </item>
          </activities>
          <type>Standing</type>
          <systemCode>hsfa00</systemCode>
          <chamber>House</chamber>
          <name>Foreign Affairs Committee</name>
        </item>
      </billCommittees>
    </committees>
    <updateDate>2016-10-25T15:54:56Z</updateDate>
    <relatedBills />
    <subjects>
      <billSubjects>
        <legislativeSubjects>
          <item>
            <name>Congressional tributes</name>
          </item>
          <item>
            <name>Religion</name>
          </item>
        </legislativeSubjects>
        <policyArea>
          <name>International Affairs</name>
        </policyArea>
      </billSubjects>
    </subjects>
    <introducedDate>2013-07-08</introducedDate>
    <actions>
      <actionTypeCounts>
        <introducedInTheHouse>1</introducedInTheHouse>
        <billReferrals>1</billReferrals>
        <introducedInHouse>1</introducedInHouse>
      </actionTypeCounts>
      <actionByCounts>
        <houseOfRepresentatives>3</houseOfRepresentatives>
      </actionByCounts>
      <item>
        <links />
        <committee>
          <systemCode>hsfa00</systemCode>
          <name>Foreign Affairs Committee</name>
        </committee>
        <actionCode>H11100</actionCode>
        <actionDate>2013-07-08</actionDate>
        <text>Referred to the House Committee on Foreign Affairs.</text>
        <type>IntroReferral</type>
        <sourceSystem>
          <name>House floor actions</name>
          <code>2</code>
        </sourceSystem>
      </item>
      <item>
        <links />
        <committee />
        <actionCode>Intro-H</actionCode>
        <actionDate>2013-07-08</actionDate>
        <text>Introduced in House</text>
        <type>IntroReferral</type>
        <sourceSystem>
          <name>Library of Congress</name>
          <code>9</code>
        </sourceSystem>
      </item>
      <item>
        <links />
        <committee />
        <actionCode>1000</actionCode>
        <actionDate>2013-07-08</actionDate>
        <text>Introduced in House</text>
        <type>IntroReferral</type>
        <sourceSystem>
          <name>Library of Congress</name>
          <code>9</code>
        </sourceSystem>
      </item>
    </actions>
    <amendments />
    <congress>113</congress>
    <cosponsors>
      <item>
        <fullName>Rep. Ellison, Keith [D-MN-5]</fullName>
        <lastName>Ellison</lastName>
        <state>MN</state>
        <identifiers>
          <lisID>1857</lisID>
          <gpoId>8005</gpoId>
          <bioguideId>E000288</bioguideId>
        </identifiers>
        <bioguideId>E000288</bioguideId>
        <sponsorshipDate>2013-07-08</sponsorshipDate>
        <middleName />
        <isOriginalCosponsor>True</isOriginalCosponsor>
        <party>D</party>
        <firstName>Keith</firstName>
        <district>5</district>
        <sponsorshipWithdrawnDate />
      </item>
      <item>
        <fullName>Rep. Carson, Andre [D-IN-7]</fullName>
        <lastName>Carson</lastName>
        <state>IN</state>
        <identifiers>
          <bioguideId>C001072</bioguideId>
          <gpoId>7946</gpoId>
          <lisID>1889</lisID>
        </identifiers>
        <bioguideId>C001072</bioguideId>
        <sponsorshipDate>2013-07-08</sponsorshipDate>
        <middleName />
        <isOriginalCosponsor>True</isOriginalCosponsor>
        <party>D</party>
        <firstName>Andre</firstName>
        <district>7</district>
        <sponsorshipWithdrawnDate />
      </item>
      <item>
        <fullName>Rep. McCollum, Betty [D-MN-4]</fullName>
        <lastName>MCCOLLUM</lastName>
        <state>MN</state>
        <identifiers>
          <gpoId>8004</gpoId>
          <lisID>1653</lisID>
          <bioguideId>M001143</bioguideId>
        </identifiers>
        <bioguideId>M001143</bioguideId>
        <sponsorshipDate>2013-07-08</sponsorshipDate>
        <middleName />
        <isOriginalCosponsor>True</isOriginalCosponsor>
        <party>D</party>
        <firstName>BETTY</firstName>
        <district>4</district>
        <sponsorshipWithdrawnDate />
      </item>
      <item>
        <fullName>Rep. Lee, Barbara [D-CA-13]</fullName>
        <lastName>LEE</lastName>
        <state>CA</state>
        <identifiers>
          <lisID>1501</lisID>
          <gpoId>7814</gpoId>
          <bioguideId>L000551</bioguideId>
        </identifiers>
        <bioguideId>L000551</bioguideId>
        <sponsorshipDate>2013-07-08</sponsorshipDate>
        <middleName />
        <isOriginalCosponsor>True</isOriginalCosponsor>
        <party>D</party>
        <firstName>BARBARA</firstName>
        <district>13</district>
        <sponsorshipWithdrawnDate />
      </item>
      <item>
        <fullName>Rep. Grijalva, Raul M. [D-AZ-3]</fullName>
        <lastName>Grijalva</lastName>
        <state>AZ</state>
        <identifiers>
          <gpoId>7804</gpoId>
          <lisID>1708</lisID>
          <bioguideId>G000551</bioguideId>
        </identifiers>
        <bioguideId>G000551</bioguideId>
        <sponsorshipDate>2013-07-08</sponsorshipDate>
        <middleName>M.</middleName>
        <isOriginalCosponsor>True</isOriginalCosponsor>
        <party>D</party>
        <firstName>Raul</firstName>
        <district>3</district>
        <sponsorshipWithdrawnDate />
      </item>
      <item>
        <fullName>Rep. Conyers, John, Jr. [D-MI-13]</fullName>
        <lastName>CONYERS</lastName>
        <state>MI</state>
        <identifiers>
          <lisID>229</lisID>
          <bioguideId>C000714</bioguideId>
          <gpoId>7999</gpoId>
        </identifiers>
        <bioguideId>C000714</bioguideId>
        <sponsorshipDate>2013-07-08</sponsorshipDate>
        <middleName />
        <isOriginalCosponsor>True</isOriginalCosponsor>
        <party>D</party>
        <firstName>JOHN</firstName>
        <district>13</district>
        <sponsorshipWithdrawnDate />
      </item>
      <item>
        <fullName>Rep. Jackson Lee, Sheila [D-TX-18]</fullName>
        <lastName>JACKSON LEE</lastName>
        <state>TX</state>
        <identifiers>
          <lisID>588</lisID>
          <gpoId>8174</gpoId>
          <bioguideId>J000032</bioguideId>
        </identifiers>
        <bioguideId>J000032</bioguideId>
        <sponsorshipDate>2013-07-08</sponsorshipDate>
        <middleName />
        <isOriginalCosponsor>True</isOriginalCosponsor>
        <party>D</party>
        <firstName>SHEILA</firstName>
        <district>18</district>
        <sponsorshipWithdrawnDate />
      </item>
      <item>
        <fullName>Rep. Moore, Gwen [D-WI-4]</fullName>
        <lastName>Moore</lastName>
        <state>WI</state>
        <identifiers>
          <lisID>1811</lisID>
          <bioguideId>M001160</bioguideId>
          <gpoId>8217</gpoId>
        </identifiers>
        <bioguideId>M001160</bioguideId>
        <sponsorshipDate>2013-07-08</sponsorshipDate>
        <middleName />
        <isOriginalCosponsor>True</isOriginalCosponsor>
        <party>D</party>
        <firstName>Gwen</firstName>
        <district>4</district>
        <sponsorshipWithdrawnDate />
      </item>
      <item>
        <fullName>Rep. Sherman, Brad [D-CA-30]</fullName>
        <lastName>SHERMAN</lastName>
        <state>CA</state>
        <identifiers>
          <gpoId>7832</gpoId>
          <lisID>1526</lisID>
          <bioguideId>S000344</bioguideId>
        </identifiers>
        <bioguideId>S000344</bioguideId>
        <sponsorshipDate>2013-07-08</sponsorshipDate>
        <middleName />
        <isOriginalCosponsor>True</isOriginalCosponsor>
        <party>D</party>
        <firstName>BRAD</firstName>
        <district>30</district>
        <sponsorshipWithdrawnDate />
      </item>
      <item>
        <fullName>Rep. Moran, James P. [D-VA-8]</fullName>
        <lastName>MORAN</lastName>
        <state>VA</state>
        <identifiers>
          <lisID>832</lisID>
          <bioguideId>M000933</bioguideId>
          <gpoId>8199</gpoId>
        </identifiers>
        <bioguideId>M000933</bioguideId>
        <sponsorshipDate>2013-07-08</sponsorshipDate>
        <middleName>P.</middleName>
        <isOriginalCosponsor>True</isOriginalCosponsor>
        <party>D</party>
        <firstName>JAMES</firstName>
        <district>8</district>
        <sponsorshipWithdrawnDate />
      </item>
      <item>
        <fullName>Rep. Kildee, Daniel T [D-MI-5]</fullName>
        <lastName>Kildee</lastName>
        <state>MI</state>
        <identifiers>
          <lisID>2134</lisID>
          <bioguideId>K000380</bioguideId>
          <gpoId />
        </identifiers>
        <bioguideId>K000380</bioguideId>
        <sponsorshipDate>2013-07-08</sponsorshipDate>
        <middleName>T.</middleName>
        <isOriginalCosponsor>True</isOriginalCosponsor>
        <party>D</party>
        <firstName>Daniel</firstName>
        <district>5</district>
        <sponsorshipWithdrawnDate />
      </item>
      <item>
        <fullName>Rep. Honda, Michael M. [D-CA-17]</fullName>
        <lastName>HONDA</lastName>
        <state>CA</state>
        <identifiers>
          <bioguideId>H001034</bioguideId>
          <lisID>1634</lisID>
          <gpoId>7820</gpoId>
        </identifiers>
        <bioguideId>H001034</bioguideId>
        <sponsorshipDate>2013-07-08</sponsorshipDate>
        <middleName>M.</middleName>
        <isOriginalCosponsor>True</isOriginalCosponsor>
        <party>D</party>
        <firstName>MICHAEL</firstName>
        <district>17</district>
        <sponsorshipWithdrawnDate />
      </item>
      <item>
        <fullName>Rep. Lewis, John [D-GA-5]</fullName>
        <lastName>LEWIS</lastName>
        <state>GA</state>
        <identifiers>
          <lisID>688</lisID>
          <gpoId>7902</gpoId>
          <bioguideId>L000287</bioguideId>
        </identifiers>
        <bioguideId>L000287</bioguideId>
        <sponsorshipDate>2013-07-08</sponsorshipDate>
        <middleName />
        <isOriginalCosponsor>True</isOriginalCosponsor>
        <party>D</party>
        <firstName>JOHN</firstName>
        <district>5</district>
        <sponsorshipWithdrawnDate />
      </item>
      <item>
        <fullName>Rep. Takano, Mark [D-CA-41]</fullName>
        <lastName>Takano</lastName>
        <state>CA</state>
        <identifiers>
          <lisID>2110</lisID>
          <gpoId />
          <bioguideId>T000472</bioguideId>
        </identifiers>
        <bioguideId>T000472</bioguideId>
        <sponsorshipDate>2013-07-09</sponsorshipDate>
        <middleName />
        <isOriginalCosponsor>False</isOriginalCosponsor>
        <party>D</party>
        <firstName>Mark</firstName>
        <district>41</district>
        <sponsorshipWithdrawnDate />
      </item>
      <item>
        <fullName>Rep. Visclosky, Peter J. [D-IN-1]</fullName>
        <lastName>VISCLOSKY</lastName>
        <state>IN</state>
        <identifiers>
          <lisID>1188</lisID>
          <bioguideId>V000108</bioguideId>
          <gpoId>7940</gpoId>
        </identifiers>
        <bioguideId>V000108</bioguideId>
        <sponsorshipDate>2013-07-09</sponsorshipDate>
        <middleName>J.</middleName>
        <isOriginalCosponsor>False</isOriginalCosponsor>
        <party>D</party>
        <firstName>PETER</firstName>
        <district>1</district>
        <sponsorshipWithdrawnDate />
      </item>
    </cosponsors>
    <calendarNumbers />
    <cboCostEstimates />
    <originChamber>House</originChamber>
  </bill>
  <dublinCore xmlns:dc="http://purl.org/dc/elements/1.1/">
    <dc:format>text/xml</dc:format>
    <dc:language>EN</dc:language>
    <dc:rights>Pursuant to Title 17 Section 105 of the United States Code, this file is not subject to copyright protection and is in the public domain.</dc:rights>
    <dc:contributor>Congressional Research Service, Library of Congress</dc:contributor>
    <dc:description>This file contains bill summaries and statuses for federal legislation. A bill summary describes the most significant provisions of a piece of legislation and details the effects the legislative text may have on current law and federal programs. Bill summaries are authored by the Congressional Research Service (CRS) of the Library of Congress. As stated in Public Law 91-510 (2 USC 166 (d)(6)), one of the duties of CRS is "to prepare summaries and digests of bills and resolutions of a public general nature introduced in the Senate or House of Representatives". For more information, refer to the User Guide that accompanies this file.</dc:description>
  </dublinCore>
</billStatus>

