<?xml version="1.0" encoding="UTF-8"?>
<billStatus>
  <bill>
    <relatedBills />
    <policyArea>
      <name>Education</name>
    </policyArea>
    <congress>113</congress>
    <cboCostEstimates />
    <laws />
    <billNumber>462</billNumber>
    <notes />
    <originChamber>House</originChamber>
    <constitutionalAuthorityStatementText />
    <latestAction>
      <actionDate>2014-01-16</actionDate>
      <text>Referred to the House Committee on Education and the Workforce.</text>
      <links />
    </latestAction>
    <updateDate>2016-10-25T15:55:24Z</updateDate>
    <calendarNumbers />
    <titles>
      <item>
        <chamberName />
        <parentTitleType />
        <titleType>Official Title as Introduced</titleType>
        <chamberCode />
        <title>Recognizing January as "National Mentoring Month" and encouraging more people in the United States to mentor young people in their communities.</title>
      </item>
      <item>
        <chamberName />
        <parentTitleType />
        <titleType>Display Title</titleType>
        <chamberCode />
        <title>Recognizing January as "National Mentoring Month" and encouraging more people in the United States to mentor young people in their communities.</title>
      </item>
    </titles>
    <title>Recognizing January as "National Mentoring Month" and encouraging more people in the United States to mentor young people in their communities.</title>
    <committeeReports />
    <sponsors>
      <item>
        <bioguideId>W000808</bioguideId>
        <fullName>Rep. Wilson, Frederica S. [D-FL-24]</fullName>
        <identifiers>
          <lisID>2004</lisID>
          <bioguideId>W000808</bioguideId>
          <gpoId>7889</gpoId>
        </identifiers>
        <byRequestType />
        <middleName>S.</middleName>
        <firstName>Frederica</firstName>
        <lastName>Wilson</lastName>
      </item>
    </sponsors>
    <introducedDate>2014-01-16</introducedDate>
    <createDate>2014-01-17T07:02:01Z</createDate>
    <committees>
      <billCommittees>
        <item>
          <chamber>House</chamber>
          <activities>
            <item>
              <name>Referred to</name>
              <date>2014-01-16T15:04:05Z</date>
            </item>
          </activities>
          <name>Education and the Workforce Committee</name>
          <subcommittees />
          <type>Standing</type>
          <systemCode>hsed00</systemCode>
        </item>
      </billCommittees>
    </committees>
    <cosponsors>
      <item>
        <bioguideId>R000435</bioguideId>
        <fullName>Rep. Ros-Lehtinen, Ileana [R-FL-27]</fullName>
        <lastName>ROS-LEHTINEN</lastName>
        <firstName>ILEANA</firstName>
        <sponsorshipWithdrawnDate />
        <sponsorshipDate>2014-01-16</sponsorshipDate>
        <middleName />
        <isOriginalCosponsor>True</isOriginalCosponsor>
        <identifiers>
          <gpoId>7890</gpoId>
          <bioguideId>R000435</bioguideId>
          <lisID>985</lisID>
        </identifiers>
      </item>
      <item>
        <bioguideId>G000551</bioguideId>
        <fullName>Rep. Grijalva, Raul M. [D-AZ-3]</fullName>
        <lastName>Grijalva</lastName>
        <firstName>Raul</firstName>
        <sponsorshipWithdrawnDate />
        <sponsorshipDate>2014-01-16</sponsorshipDate>
        <middleName>M.</middleName>
        <isOriginalCosponsor>True</isOriginalCosponsor>
        <identifiers>
          <gpoId>7804</gpoId>
          <lisID>1708</lisID>
          <bioguideId>G000551</bioguideId>
        </identifiers>
      </item>
      <item>
        <bioguideId>L000559</bioguideId>
        <fullName>Rep. Langevin, James R. [D-RI-2]</fullName>
        <lastName>LANGEVIN</lastName>
        <firstName>JAMES</firstName>
        <sponsorshipWithdrawnDate />
        <sponsorshipDate>2014-01-16</sponsorshipDate>
        <middleName>R.</middleName>
        <isOriginalCosponsor>True</isOriginalCosponsor>
        <identifiers>
          <bioguideId>L000559</bioguideId>
          <lisID>1668</lisID>
          <gpoId>8140</gpoId>
        </identifiers>
      </item>
      <item>
        <bioguideId>H000636</bioguideId>
        <fullName>Rep. Hinojosa, Ruben [D-TX-15]</fullName>
        <lastName>HINOJOSA</lastName>
        <firstName>RUBEN</firstName>
        <sponsorshipWithdrawnDate />
        <sponsorshipDate>2014-01-16</sponsorshipDate>
        <middleName />
        <isOriginalCosponsor>True</isOriginalCosponsor>
        <identifiers>
          <gpoId>8171</gpoId>
          <lisID>1490</lisID>
          <bioguideId>H000636</bioguideId>
        </identifiers>
      </item>
      <item>
        <bioguideId>F000043</bioguideId>
        <fullName>Rep. Fattah, Chaka [D-PA-2]</fullName>
        <lastName>FATTAH</lastName>
        <firstName>CHAKA</firstName>
        <sponsorshipWithdrawnDate />
        <sponsorshipDate>2014-01-16</sponsorshipDate>
        <middleName />
        <isOriginalCosponsor>True</isOriginalCosponsor>
        <identifiers>
          <lisID>371</lisID>
          <gpoId>8120</gpoId>
          <bioguideId>F000043</bioguideId>
        </identifiers>
      </item>
      <item>
        <bioguideId>H001032</bioguideId>
        <fullName>Rep. Holt, Rush [D-NJ-12]</fullName>
        <lastName>HOLT</lastName>
        <firstName>RUSH</firstName>
        <sponsorshipWithdrawnDate />
        <sponsorshipDate>2014-01-16</sponsorshipDate>
        <middleName>D.</middleName>
        <isOriginalCosponsor>True</isOriginalCosponsor>
        <identifiers>
          <lisID>1580</lisID>
          <bioguideId>H001032</bioguideId>
          <gpoId>8054</gpoId>
        </identifiers>
      </item>
      <item>
        <bioguideId>M001143</bioguideId>
        <fullName>Rep. McCollum, Betty [D-MN-4]</fullName>
        <lastName>MCCOLLUM</lastName>
        <firstName>BETTY</firstName>
        <sponsorshipWithdrawnDate />
        <sponsorshipDate>2014-01-16</sponsorshipDate>
        <middleName />
        <isOriginalCosponsor>True</isOriginalCosponsor>
        <identifiers>
          <gpoId>8004</gpoId>
          <lisID>1653</lisID>
          <bioguideId>M001143</bioguideId>
        </identifiers>
      </item>
      <item>
        <bioguideId>D000598</bioguideId>
        <fullName>Rep. Davis, Susan A. [D-CA-53]</fullName>
        <lastName>DAVIS</lastName>
        <firstName>SUSAN</firstName>
        <sponsorshipWithdrawnDate />
        <sponsorshipDate>2014-01-16</sponsorshipDate>
        <middleName>A.</middleName>
        <isOriginalCosponsor>True</isOriginalCosponsor>
        <identifiers>
          <bioguideId>D000598</bioguideId>
          <lisID>1641</lisID>
          <gpoId>7858</gpoId>
        </identifiers>
      </item>
      <item>
        <bioguideId>P000598</bioguideId>
        <fullName>Rep. Polis, Jared [D-CO-2]</fullName>
        <lastName>Polis</lastName>
        <firstName>Jared</firstName>
        <sponsorshipWithdrawnDate />
        <sponsorshipDate>2014-01-16</sponsorshipDate>
        <middleName />
        <isOriginalCosponsor>True</isOriginalCosponsor>
        <identifiers>
          <lisID>1910</lisID>
          <bioguideId>P000598</bioguideId>
          <gpoId>7860</gpoId>
        </identifiers>
      </item>
      <item>
        <bioguideId>S001150</bioguideId>
        <fullName>Rep. Schiff, Adam B. [D-CA-28]</fullName>
        <lastName>SCHIFF</lastName>
        <firstName>ADAM</firstName>
        <sponsorshipWithdrawnDate />
        <sponsorshipDate>2014-01-16</sponsorshipDate>
        <middleName>B.</middleName>
        <isOriginalCosponsor>True</isOriginalCosponsor>
        <identifiers>
          <gpoId>7834</gpoId>
          <lisID>1635</lisID>
          <bioguideId>S001150</bioguideId>
        </identifiers>
      </item>
      <item>
        <bioguideId>A000210</bioguideId>
        <fullName>Rep. Andrews, Robert E. [D-NJ-1]</fullName>
        <lastName>ANDREWS</lastName>
        <firstName>ROBERT</firstName>
        <sponsorshipWithdrawnDate />
        <sponsorshipDate>2014-01-16</sponsorshipDate>
        <middleName>E.</middleName>
        <isOriginalCosponsor>True</isOriginalCosponsor>
        <identifiers>
          <bioguideId>A000210</bioguideId>
          <lisID>21</lisID>
          <gpoId>8043</gpoId>
        </identifiers>
      </item>
      <item>
        <bioguideId>J000032</bioguideId>
        <fullName>Rep. Jackson Lee, Sheila [D-TX-18]</fullName>
        <lastName>JACKSON LEE</lastName>
        <firstName>SHEILA</firstName>
        <sponsorshipWithdrawnDate />
        <sponsorshipDate>2014-01-16</sponsorshipDate>
        <middleName />
        <isOriginalCosponsor>True</isOriginalCosponsor>
        <identifiers>
          <lisID>588</lisID>
          <bioguideId>J000032</bioguideId>
          <gpoId>8174</gpoId>
        </identifiers>
      </item>
      <item>
        <bioguideId>B001270</bioguideId>
        <fullName>Rep. Bass, Karen [D-CA-37]</fullName>
        <lastName>Bass</lastName>
        <firstName>Karen</firstName>
        <sponsorshipWithdrawnDate />
        <sponsorshipDate>2014-01-16</sponsorshipDate>
        <middleName />
        <isOriginalCosponsor>True</isOriginalCosponsor>
        <identifiers>
          <bioguideId>B001270</bioguideId>
          <lisID>1996</lisID>
          <gpoId>7838</gpoId>
        </identifiers>
      </item>
      <item>
        <bioguideId>C000714</bioguideId>
        <fullName>Rep. Conyers, John, Jr. [D-MI-13]</fullName>
        <lastName>CONYERS</lastName>
        <firstName>JOHN</firstName>
        <sponsorshipWithdrawnDate />
        <sponsorshipDate>2014-01-16</sponsorshipDate>
        <middleName />
        <isOriginalCosponsor>True</isOriginalCosponsor>
        <identifiers>
          <lisID>229</lisID>
          <bioguideId>C000714</bioguideId>
          <gpoId>7999</gpoId>
        </identifiers>
      </item>
      <item>
        <bioguideId>N000147</bioguideId>
        <fullName>Rep. Norton, Eleanor Holmes [D-DC-At Large]</fullName>
        <lastName>NORTON</lastName>
        <firstName>ELEANOR</firstName>
        <sponsorshipWithdrawnDate />
        <sponsorshipDate>2014-01-16</sponsorshipDate>
        <middleName>HOLMES</middleName>
        <isOriginalCosponsor>True</isOriginalCosponsor>
        <identifiers>
          <bioguideId>N000147</bioguideId>
          <lisID>868</lisID>
          <gpoId>7871</gpoId>
        </identifiers>
      </item>
      <item>
        <bioguideId>C001072</bioguideId>
        <fullName>Rep. Carson, Andre [D-IN-7]</fullName>
        <lastName>Carson</lastName>
        <firstName>Andre</firstName>
        <sponsorshipWithdrawnDate />
        <sponsorshipDate>2014-01-16</sponsorshipDate>
        <middleName />
        <isOriginalCosponsor>True</isOriginalCosponsor>
        <identifiers>
          <lisID>1889</lisID>
          <gpoId>7946</gpoId>
          <bioguideId>C001072</bioguideId>
        </identifiers>
      </item>
      <item>
        <bioguideId>C001066</bioguideId>
        <fullName>Rep. Castor, Kathy [D-FL-14]</fullName>
        <lastName>Castor</lastName>
        <firstName>Kathy</firstName>
        <sponsorshipWithdrawnDate />
        <sponsorshipDate>2014-01-16</sponsorshipDate>
        <middleName />
        <isOriginalCosponsor>True</isOriginalCosponsor>
        <identifiers>
          <gpoId>7883</gpoId>
          <bioguideId>C001066</bioguideId>
          <lisID>1839</lisID>
        </identifiers>
      </item>
    </cosponsors>
    <billType>HRES</billType>
    <summaries>
      <billSummaries>
        <item>
          <updateDate>2014-01-16T05:00:00Z</updateDate>
          <actionDate>2014-01-16</actionDate>
          <lastSummaryUpdateDate>2014-02-12T20:43:43Z</lastSummaryUpdateDate>
          <text><![CDATA[<p>Recognizes: (1) National Mentoring Month, and (2) the staff and volunteers at quality mentoring programs who help young people reach their full potential.</p> <p>Acknowledges that mentoring is beneficial in that it encourages educational achievement, reduces juvenile delinquency, and improves life outcomes.</p> <p>Expresses support for: (1) the creation and expansion of quality mentoring programs across this country, and (2) initiatives to close the gap between the availability of mentoring programs and the number of youth who need a mentor.</p>]]></text>
          <versionCode>00</versionCode>
          <actionDesc>Introduced in House</actionDesc>
          <name>Introduced in House</name>
        </item>
      </billSummaries>
    </summaries>
    <recordedVotes />
    <amendments />
    <actions>
      <actionTypeCounts>
        <billReferrals>1</billReferrals>
        <introducedInHouse>1</introducedInHouse>
        <introducedInTheHouse>1</introducedInTheHouse>
      </actionTypeCounts>
      <actionByCounts>
        <houseOfRepresentatives>3</houseOfRepresentatives>
      </actionByCounts>
      <item>
        <committee>
          <name>Education and the Workforce Committee</name>
          <systemCode>hsed00</systemCode>
        </committee>
        <sourceSystem>
          <name>House floor actions</name>
          <code>2</code>
        </sourceSystem>
        <type>IntroReferral</type>
        <text>Referred to the House Committee on Education and the Workforce.</text>
        <actionDate>2014-01-16</actionDate>
        <links />
        <actionCode>H11100</actionCode>
      </item>
      <item>
        <committee />
        <sourceSystem>
          <name>Library of Congress</name>
          <code>9</code>
        </sourceSystem>
        <type>IntroReferral</type>
        <text>Introduced in House</text>
        <actionDate>2014-01-16</actionDate>
        <links />
        <actionCode>Intro-H</actionCode>
      </item>
      <item>
        <committee />
        <sourceSystem>
          <name>Library of Congress</name>
          <code>9</code>
        </sourceSystem>
        <type>IntroReferral</type>
        <text>Introduced in House</text>
        <actionDate>2014-01-16</actionDate>
        <links />
        <actionCode>1000</actionCode>
      </item>
    </actions>
    <subjects>
      <billSubjects>
        <policyArea>
          <name>Education</name>
        </policyArea>
        <legislativeSubjects>
          <item>
            <name>Child care and development</name>
          </item>
          <item>
            <name>Commemorative events and holidays</name>
          </item>
          <item>
            <name>Congressional tributes</name>
          </item>
          <item>
            <name>Elementary and secondary education</name>
          </item>
        </legislativeSubjects>
      </billSubjects>
    </subjects>
  </bill>
  <dublinCore xmlns:dc="http://purl.org/dc/elements/1.1/">
    <dc:format>text/xml</dc:format>
    <dc:language>EN</dc:language>
    <dc:rights>Pursuant to Title 17 Section 105 of the United States Code, this file is not subject to copyright protection and is in the public domain.</dc:rights>
    <dc:contributor>Congressional Research Service, Library of Congress</dc:contributor>
    <dc:description>This file contains bill summaries and statuses for federal legislation. A bill summary describes the most significant provisions of a piece of legislation and details the effects the legislative text may have on current law and federal programs. Bill summaries are authored by the Congressional Research Service (CRS) of the Library of Congress. As stated in Public Law 91-510 (2 USC 166 (d)(6)), one of the duties of CRS is "to prepare summaries and digests of bills and resolutions of a public general nature introduced in the Senate or House of Representatives". For more information, refer to the User Guide that accompanies this file.</dc:description>
  </dublinCore>
</billStatus>

