<?xml version="1.0" encoding="UTF-8"?>
<billStatus>
  <bill>
    <billType>HRES</billType>
    <policyArea>
      <name>International Affairs</name>
    </policyArea>
    <recordedVotes />
    <summaries>
      <billSummaries>
        <item>
          <versionCode>00</versionCode>
          <actionDate>2013-01-14</actionDate>
          <text><![CDATA[<p>Condemns the verdict against Yulia Tymoshenko and requests that she be released from custody while the verdict is appealed.</p> <p> Demands that Ukraine: (1) release all political prisoners and provide medical care to those that have been imprisoned; and (2) adhere to the principles of democracy and rule of law by respecting human rights, freedom of the press, and the protection of free speech and the right to peaceful assembly.</p>]]></text>
          <lastSummaryUpdateDate>2013-01-17T20:45:09Z</lastSummaryUpdateDate>
          <actionDesc>Introduced in House</actionDesc>
          <name>Introduced in House</name>
          <updateDate>2013-01-14T05:00:00Z</updateDate>
        </item>
      </billSummaries>
    </summaries>
    <actions>
      <actionByCounts>
        <houseOfRepresentatives>4</houseOfRepresentatives>
      </actionByCounts>
      <item>
        <actionDate>2013-02-25</actionDate>
        <committee>
          <name>Europe, Eurasia, and Emerging Threats Subcommittee</name>
          <systemCode>hsfa14</systemCode>
        </committee>
        <links />
        <sourceSystem>
          <name>House committee actions</name>
          <code>1</code>
        </sourceSystem>
        <text>Referred to the Subcommittee on Europe, Eurasia, and Emerging Threats.</text>
        <type>Committee</type>
      </item>
      <item>
        <actionCode>H11100</actionCode>
        <links />
        <type>IntroReferral</type>
        <actionDate>2013-01-14</actionDate>
        <committee>
          <name>Foreign Affairs Committee</name>
          <systemCode>hsfa00</systemCode>
        </committee>
        <text>Referred to the House Committee on Foreign Affairs.</text>
        <sourceSystem>
          <name>House floor actions</name>
          <code>2</code>
        </sourceSystem>
      </item>
      <item>
        <actionCode>Intro-H</actionCode>
        <links />
        <type>IntroReferral</type>
        <actionDate>2013-01-14</actionDate>
        <committee />
        <text>Introduced in House</text>
        <sourceSystem>
          <name>Library of Congress</name>
          <code>9</code>
        </sourceSystem>
      </item>
      <item>
        <actionCode>1000</actionCode>
        <links />
        <type>IntroReferral</type>
        <actionDate>2013-01-14</actionDate>
        <committee />
        <text>Introduced in House</text>
        <sourceSystem>
          <name>Library of Congress</name>
          <code>9</code>
        </sourceSystem>
      </item>
      <actionTypeCounts>
        <introducedInTheHouse>1</introducedInTheHouse>
        <billReferrals>1</billReferrals>
        <introducedInHouse>1</introducedInHouse>
        <placeholderTextForH>1</placeholderTextForH>
      </actionTypeCounts>
    </actions>
    <updateDate>2016-10-25T15:54:20Z</updateDate>
    <amendments />
    <introducedDate>2013-01-14</introducedDate>
    <originChamber>House</originChamber>
    <billNumber>28</billNumber>
    <relatedBills />
    <calendarNumbers />
    <cosponsors />
    <congress>113</congress>
    <committees>
      <billCommittees>
        <item>
          <subcommittees>
            <item>
              <name>Europe, Eurasia, and Emerging Threats Subcommittee</name>
              <activities>
                <item>
                  <name>Referred to</name>
                  <date>2013-02-25T17:47:54Z</date>
                </item>
              </activities>
              <systemCode>hsfa14</systemCode>
            </item>
          </subcommittees>
          <chamber>House</chamber>
          <type>Standing</type>
          <name>Foreign Affairs Committee</name>
          <systemCode>hsfa00</systemCode>
          <activities>
            <item>
              <name>Referred to</name>
              <date>2013-01-14T19:02:35Z</date>
            </item>
          </activities>
        </item>
      </billCommittees>
    </committees>
    <sponsors>
      <item>
        <fullName>Rep. Kaptur, Marcy [D-OH-9]</fullName>
        <lastName>KAPTUR</lastName>
        <byRequestType />
        <party>D</party>
        <state>OH</state>
        <middleName />
        <firstName>MARCY</firstName>
        <bioguideId>K000009</bioguideId>
        <district>9</district>
        <identifiers>
          <lisID>616</lisID>
          <bioguideId>K000009</bioguideId>
          <gpoId>8099</gpoId>
        </identifiers>
      </item>
    </sponsors>
    <latestAction>
      <text>Referred to the Subcommittee on Europe, Eurasia, and Emerging Threats.</text>
      <actionDate>2013-02-25</actionDate>
      <links />
    </latestAction>
    <subjects>
      <billSubjects>
        <legislativeSubjects>
          <item>
            <name>Criminal investigation, prosecution, interrogation</name>
          </item>
          <item>
            <name>Detention of persons</name>
          </item>
          <item>
            <name>Europe</name>
          </item>
          <item>
            <name>Human rights</name>
          </item>
          <item>
            <name>Political movements and philosophies</name>
          </item>
          <item>
            <name>Rule of law and government transparency</name>
          </item>
          <item>
            <name>Ukraine</name>
          </item>
        </legislativeSubjects>
        <policyArea>
          <name>International Affairs</name>
        </policyArea>
      </billSubjects>
    </subjects>
    <constitutionalAuthorityStatementText />
    <createDate>2013-01-15T07:02:09Z</createDate>
    <title>Condemning the persecution of political opposition leader Yulia Tymoshenko as well as other political prisoners, among them former internal affairs minister Yuri Lutsenko.</title>
    <laws />
    <titles>
      <item>
        <title>Condemning the persecution of political opposition leader Yulia Tymoshenko as well as other political prisoners, among them former internal affairs minister Yuri Lutsenko.</title>
        <titleType>Official Title as Introduced</titleType>
        <chamberCode />
        <chamberName />
        <parentTitleType />
      </item>
      <item>
        <title>Condemning the persecution of political opposition leader Yulia Tymoshenko as well as other political prisoners, among them former internal affairs minister Yuri Lutsenko.</title>
        <titleType>Display Title</titleType>
        <chamberCode />
        <chamberName />
        <parentTitleType />
      </item>
    </titles>
    <committeeReports />
    <notes />
    <cboCostEstimates />
  </bill>
  <dublinCore xmlns:dc="http://purl.org/dc/elements/1.1/">
    <dc:format>text/xml</dc:format>
    <dc:language>EN</dc:language>
    <dc:rights>Pursuant to Title 17 Section 105 of the United States Code, this file is not subject to copyright protection and is in the public domain.</dc:rights>
    <dc:contributor>Congressional Research Service, Library of Congress</dc:contributor>
    <dc:description>This file contains bill summaries and statuses for federal legislation. A bill summary describes the most significant provisions of a piece of legislation and details the effects the legislative text may have on current law and federal programs. Bill summaries are authored by the Congressional Research Service (CRS) of the Library of Congress. As stated in Public Law 91-510 (2 USC 166 (d)(6)), one of the duties of CRS is "to prepare summaries and digests of bills and resolutions of a public general nature introduced in the Senate or House of Representatives". For more information, refer to the User Guide that accompanies this file.</dc:description>
  </dublinCore>
</billStatus>

