<?xml version="1.0" encoding="UTF-8"?>
<billStatus>
  <bill>
    <summaries>
      <billSummaries>
        <item>
          <lastSummaryUpdateDate>2014-07-26T15:06:07Z</lastSummaryUpdateDate>
          <text><![CDATA[<p>Recognizes Veterans Day 2014 as a special Welcome Home Commemoration for all who have served in the U.S. Armed Forces since September 14, 2001.</p>]]></text>
          <updateDate>2014-06-19T04:00:00Z</updateDate>
          <actionDesc>Introduced in Senate</actionDesc>
          <name>Introduced in Senate</name>
          <versionCode>00</versionCode>
          <actionDate>2014-06-19</actionDate>
        </item>
        <item>
          <lastSummaryUpdateDate>2014-09-30T19:25:43Z</lastSummaryUpdateDate>
          <text><![CDATA[<p><b>(This measure has not been amended since it was introduced. The summary of that version is repeated here.)</b></p> <p>Recognizes Veterans Day 2014 as a special Welcome Home Commemoration for all who have served in the U.S. Armed Forces since September 14, 2001.</p>]]></text>
          <updateDate>2014-09-18T18:58:52Z</updateDate>
          <actionDesc>Passed Senate without amendment</actionDesc>
          <name>Passed Senate without amendment</name>
          <versionCode>82</versionCode>
          <actionDate>2014-09-18</actionDate>
        </item>
      </billSummaries>
    </summaries>
    <sponsors>
      <item>
        <bioguideId>K000384</bioguideId>
        <fullName>Sen. Kaine, Tim [D-VA]</fullName>
        <byRequestType />
        <lastName>Kaine</lastName>
        <firstName>Timothy</firstName>
        <middleName />
        <identifiers>
          <bioguideId>K000384</bioguideId>
          <lisID>2176</lisID>
          <gpoId />
        </identifiers>
      </item>
    </sponsors>
    <latestAction>
      <links />
      <actionDate>2014-09-18</actionDate>
      <text>Resolution agreed to in Senate without amendment and an amended preamble by Unanimous Consent. (text: CR S5877-5878)</text>
    </latestAction>
    <congress>113</congress>
    <billNumber>479</billNumber>
    <cboCostEstimates />
    <calendarNumbers />
    <billType>SRES</billType>
    <committees>
      <billCommittees>
        <item>
          <activities>
            <item>
              <date>2014-09-19T02:21:42Z</date>
              <name>Discharged from</name>
            </item>
            <item>
              <date>2014-06-19T16:05:46Z</date>
              <name>Referred to</name>
            </item>
          </activities>
          <chamber>Senate</chamber>
          <type>Standing</type>
          <subcommittees />
          <name>Veterans' Affairs Committee</name>
          <systemCode>ssva00</systemCode>
        </item>
      </billCommittees>
    </committees>
    <recordedVotes />
    <titles>
      <item>
        <chamberName />
        <parentTitleType />
        <titleType>Official Title as Introduced</titleType>
        <chamberCode />
        <title>A resolution recognizing Veterans Day 2014 as a special "Welcome Home Commemoration" for all who have served in the military since September 14, 2001.</title>
      </item>
      <item>
        <chamberName />
        <parentTitleType />
        <titleType>Display Title</titleType>
        <chamberCode />
        <title>A resolution recognizing Veterans Day 2014 as a special "Welcome Home Commemoration" for all who have served in the military since September 14, 2001.</title>
      </item>
    </titles>
    <laws />
    <originChamber>Senate</originChamber>
    <createDate>2014-06-20T04:55:49Z</createDate>
    <notes />
    <updateDate>2016-10-25T17:06:52Z</updateDate>
    <policyArea>
      <name>Armed Forces and National Security</name>
    </policyArea>
    <title>A resolution recognizing Veterans Day 2014 as a special "Welcome Home Commemoration" for all who have served in the military since September 14, 2001.</title>
    <committeeReports />
    <subjects>
      <billSubjects>
        <policyArea>
          <name>Armed Forces and National Security</name>
        </policyArea>
        <legislativeSubjects>
          <item>
            <name>Afghanistan</name>
          </item>
          <item>
            <name>Asia</name>
          </item>
          <item>
            <name>Commemorative events and holidays</name>
          </item>
          <item>
            <name>Conflicts and wars</name>
          </item>
          <item>
            <name>Congressional tributes</name>
          </item>
          <item>
            <name>Iraq</name>
          </item>
          <item>
            <name>Middle East</name>
          </item>
          <item>
            <name>Terrorism</name>
          </item>
          <item>
            <name>Veterans' organizations and recognition</name>
          </item>
        </legislativeSubjects>
      </billSubjects>
    </subjects>
    <relatedBills />
    <introducedDate>2014-06-19</introducedDate>
    <amendments>
      <amendment>
        <latestAction>
          <actionDate>2014-09-18</actionDate>
          <text>Amendment SA 3935 agreed to in Senate by Unanimous Consent.</text>
        </latestAction>
        <purpose>Of a perfecting nature.</purpose>
        <type>SAMDT</type>
        <congress>113</congress>
        <description />
        <number>3935</number>
        <submittedDate>2014-09-18T04:00:00Z</submittedDate>
        <updateDate>2016-10-25T13:06:51Z</updateDate>
        <chamber>Senate</chamber>
        <type>SAMDT</type>
        <actions>
          <actionByCounts>
            <senate>5</senate>
          </actionByCounts>
          <actionTypeCounts>
            <amendmentProposed>1</amendmentProposed>
            <senateAmendmentSubmitted>1</senateAmendmentSubmitted>
            <amendmentAgreedTo>1</amendmentAgreedTo>
            <senateAmendmentProposedOnTheFloor>1</senateAmendmentProposedOnTheFloor>
            <senateAmendmentAgreedTo>1</senateAmendmentAgreedTo>
          </actionTypeCounts>
          <actions>
            <item>
              <actionDate>2014-09-18</actionDate>
              <committee />
              <links>
                <link>
                  <name>SA 3935</name>
                  <url>/amendment/113th-congress/senate-amendment/3935</url>
                </link>
                <link>
                  <name>S.Amdt.3935</name>
                  <url>/amendment/113th-congress/senate-amendment/3935</url>
                </link>
              </links>
              <sourceSystem>
                <code>0</code>
                <name>Senate</name>
              </sourceSystem>
              <text>Amendment SA 3935 agreed to in Senate by Unanimous Consent.</text>
              <type>Floor</type>
            </item>
            <item>
              <actionDate>2014-09-18</actionDate>
              <committee />
              <links>
                <link>
                  <name>SA 3935</name>
                  <url>/amendment/113th-congress/senate-amendment/3935</url>
                </link>
                <link>
                  <name>S.Amdt.3935</name>
                  <url>/amendment/113th-congress/senate-amendment/3935</url>
                </link>
              </links>
              <sourceSystem>
                <code>0</code>
                <name>Senate</name>
              </sourceSystem>
              <text>Amendment SA 3935 proposed by Senator Pryor for Senator Burr.</text>
              <type>Floor</type>
            </item>
            <item>
              <actionDate>2014-09-18</actionDate>
              <committee />
              <links />
              <text />
            </item>
            <item>
              <sourceSystem>
                <code>9</code>
                <name>Library of Congress</name>
              </sourceSystem>
              <type>Floor</type>
              <actionDate>2014-09-18</actionDate>
              <text>Senate amendment submitted</text>
              <committee />
              <actionCode>91000</actionCode>
              <links />
            </item>
            <item>
              <sourceSystem>
                <code>9</code>
                <name>Library of Congress</name>
              </sourceSystem>
              <type>Floor</type>
              <actionDate>2014-09-18</actionDate>
              <text>Senate amendment proposed (on the floor): Amendment SA 3935 proposed by Senator Pryor for Senator Burr.</text>
              <committee />
              <actionCode>93000</actionCode>
              <links>
                <link>
                  <name>SA 3935</name>
                  <url>/amendment/113th-congress/senate-amendment/3935</url>
                </link>
                <link>
                  <name>S.Amdt.3935</name>
                  <url>/amendment/113th-congress/senate-amendment/3935</url>
                </link>
              </links>
            </item>
            <item>
              <sourceSystem>
                <code>9</code>
                <name>Library of Congress</name>
              </sourceSystem>
              <type>Floor</type>
              <actionDate>2014-09-18</actionDate>
              <text>Senate amendment agreed to: Amendment SA 3935 agreed to in Senate by Unanimous Consent.</text>
              <committee />
              <actionCode>94000</actionCode>
              <links>
                <link>
                  <name>SA 3935</name>
                  <url>/amendment/113th-congress/senate-amendment/3935</url>
                </link>
                <link>
                  <name>S.Amdt.3935</name>
                  <url>/amendment/113th-congress/senate-amendment/3935</url>
                </link>
              </links>
            </item>
          </actions>
          <count>6</count>
        </actions>
        <createDate>2014-09-19T05:28:51Z</createDate>
        <amendedAmendment />
        <cosponsors>
          <currentCount>0</currentCount>
          <totalCount>0</totalCount>
        </cosponsors>
        <amendments>
          <count>0</count>
        </amendments>
        <titles />
        <purpose>Of a perfecting nature.</purpose>
        <congress>113</congress>
        <number>3935</number>
        <notes />
        <links />
        <proposedDate>2014-09-18T04:00:00Z</proposedDate>
        <sponsors>
          <item>
            <bioguideId>P000590</bioguideId>
            <firstName>Mark</firstName>
            <middleName>Lunsford</middleName>
            <fullName>Sen. Pryor, Mark L. [D-AR]</fullName>
            <lastName>Pryor</lastName>
          </item>
        </sponsors>
        <description />
        <amendedBill>
          <originChamber>Senate</originChamber>
          <originChamberCode>S</originChamberCode>
          <congress>113</congress>
          <number>479</number>
          <type>SRES</type>
          <title>A resolution recognizing Veterans Day 2014 as a special "Welcome Home Commemoration" for all who have served in the military since September 14, 2001.</title>
        </amendedBill>
      </amendment>
    </amendments>
    <actions>
      <item>
        <actionDate>2014-09-18</actionDate>
        <committee />
        <links>
          <link>
            <name>S5877-5878</name>
            <url>/congressional-record/2014/senate-section/page/S5877-5878</url>
          </link>
        </links>
        <sourceSystem>
          <name>Senate</name>
          <code>0</code>
        </sourceSystem>
        <text>Resolution agreed to in Senate without amendment and an amended preamble by Unanimous Consent. (text: CR S5877-5878)</text>
        <type>Floor</type>
      </item>
      <item>
        <links>
          <link>
            <name>S5877-5878</name>
            <url>/congressional-record/2014/senate-section/page/S5877-5878</url>
          </link>
        </links>
        <actionCode>17000</actionCode>
        <committee />
        <type>Floor</type>
        <sourceSystem>
          <name>Library of Congress</name>
          <code>9</code>
        </sourceSystem>
        <text>Passed/agreed to in Senate: Resolution agreed to in Senate without amendment and an amended preamble by Unanimous Consent.(text: CR S5877-5878)</text>
        <actionDate>2014-09-18</actionDate>
      </item>
      <item>
        <actionDate>2014-09-18</actionDate>
        <committee />
        <links>
          <link>
            <name>S5877-5878</name>
            <url>/congressional-record/2014/senate-section/page/S5877-5878</url>
          </link>
        </links>
        <sourceSystem>
          <name>Senate</name>
          <code>0</code>
        </sourceSystem>
        <text>Measure laid before Senate by unanimous consent. (consideration: CR S5877-5878)</text>
        <type>Floor</type>
      </item>
      <item>
        <actionDate>2014-09-18</actionDate>
        <committee>
          <systemCode>ssva00</systemCode>
          <name>Veterans' Affairs Committee</name>
        </committee>
        <links />
        <sourceSystem>
          <name>Senate</name>
          <code>0</code>
        </sourceSystem>
        <text>Senate Committee on Veterans' Affairs discharged by Unanimous Consent.</text>
        <type>Discharge</type>
      </item>
      <item>
        <links />
        <actionCode>14500</actionCode>
        <committee>
          <systemCode>ssva00</systemCode>
          <name>Veterans' Affairs Committee</name>
        </committee>
        <type>Committee</type>
        <sourceSystem>
          <name>Library of Congress</name>
          <code>9</code>
        </sourceSystem>
        <text>Senate Committee on Veterans' Affairs discharged by Unanimous Consent.</text>
        <actionDate>2014-09-18</actionDate>
      </item>
      <item>
        <actionDate>2014-06-19</actionDate>
        <committee>
          <systemCode>ssva00</systemCode>
          <name>Veterans' Affairs Committee</name>
        </committee>
        <links>
          <link>
            <name>S3865-3866</name>
            <url>/congressional-record/2014/senate-section/page/S3865-3866</url>
          </link>
        </links>
        <sourceSystem>
          <name>Senate</name>
          <code>0</code>
        </sourceSystem>
        <text>Referred to the Committee on Veterans' Affairs. (text of measure as introduced: CR S3865-3866)</text>
        <type>IntroReferral</type>
      </item>
      <item>
        <links>
          <link>
            <name>S3866</name>
            <url>/congressional-record/2014/senate-section/page/S3866</url>
          </link>
        </links>
        <actionCode>B00100</actionCode>
        <committee />
        <type>IntroReferral</type>
        <sourceSystem>
          <name>Library of Congress</name>
          <code>9</code>
        </sourceSystem>
        <text>Sponsor introductory remarks on measure. (CR S3866)</text>
        <actionDate>2014-06-19</actionDate>
      </item>
      <item>
        <links />
        <actionCode>10000</actionCode>
        <committee />
        <type>IntroReferral</type>
        <sourceSystem>
          <name>Library of Congress</name>
          <code>9</code>
        </sourceSystem>
        <text>Introduced in Senate</text>
        <actionDate>2014-06-19</actionDate>
      </item>
      <actionTypeCounts>
        <introducedInSenate>1</introducedInSenate>
        <agreedToInSenate>1</agreedToInSenate>
        <placeholderTextForB>1</placeholderTextForB>
        <passedAgreedToInSenate>1</passedAgreedToInSenate>
        <referredToCommittee>1</referredToCommittee>
        <senateCommitteeDischarged>1</senateCommitteeDischarged>
        <committeeDischarged>1</committeeDischarged>
        <measureLaidBeforeSenate>1</measureLaidBeforeSenate>
      </actionTypeCounts>
      <actionByCounts>
        <senate>7</senate>
      </actionByCounts>
    </actions>
    <cosponsors>
      <item>
        <middleName />
        <firstName>RICHARD</firstName>
        <fullName>Sen. Burr, Richard [R-NC]</fullName>
        <sponsorshipWithdrawnDate />
        <sponsorshipDate>2014-06-19</sponsorshipDate>
        <bioguideId>B001135</bioguideId>
        <lastName>BURR</lastName>
        <isOriginalCosponsor>True</isOriginalCosponsor>
        <identifiers>
          <gpoId>8286</gpoId>
          <bioguideId>B001135</bioguideId>
          <lisID>153</lisID>
        </identifiers>
      </item>
      <item>
        <middleName />
        <firstName>Richard</firstName>
        <fullName>Sen. Blumenthal, Richard [D-CT]</fullName>
        <sponsorshipWithdrawnDate />
        <sponsorshipDate>2014-06-19</sponsorshipDate>
        <bioguideId>B001277</bioguideId>
        <lastName>Blumenthal</lastName>
        <isOriginalCosponsor>True</isOriginalCosponsor>
        <identifiers>
          <bioguideId>B001277</bioguideId>
          <lisID>2076</lisID>
          <gpoId>8332</gpoId>
        </identifiers>
      </item>
    </cosponsors>
  </bill>
  <dublinCore xmlns:dc="http://purl.org/dc/elements/1.1/">
    <dc:format>text/xml</dc:format>
    <dc:language>EN</dc:language>
    <dc:rights>Pursuant to Title 17 Section 105 of the United States Code, this file is not subject to copyright protection and is in the public domain.</dc:rights>
    <dc:contributor>Congressional Research Service, Library of Congress</dc:contributor>
    <dc:description>This file contains bill summaries and statuses for federal legislation. A bill summary describes the most significant provisions of a piece of legislation and details the effects the legislative text may have on current law and federal programs. Bill summaries are authored by the Congressional Research Service (CRS) of the Library of Congress. As stated in Public Law 91-510 (2 USC 166 (d)(6)), one of the duties of CRS is "to prepare summaries and digests of bills and resolutions of a public general nature introduced in the Senate or House of Representatives". For more information, refer to the User Guide that accompanies this file.</dc:description>
  </dublinCore>
</billStatus>

