<?xml version="1.0" encoding="UTF-8"?>
<billStatus>
  <bill>
    <relatedBills>
      <item>
        <latestAction>
          <actionDate>2013-05-10</actionDate>
          <text>Referred to the Subcommittee on Commerce, Manufacturing, and Trade.</text>
        </latestAction>
        <type>HRES</type>
        <congress>113</congress>
        <relationshipDetails>
          <item>
            <type>Related bill</type>
            <identifiedBy>CRS</identifiedBy>
          </item>
        </relationshipDetails>
        <number>205</number>
        <latestTitle>Recognizing the goals of National Travel and Tourism Week and honoring the valuable contributions of travel and tourism to the United States.</latestTitle>
      </item>
      <item>
        <latestAction>
          <actionDate>2013-05-14</actionDate>
          <text>Submitted in the Senate, considered, and agreed to without amendment and with a preamble by Unanimous Consent. (consideration: CR S3436; text as passed Senate: CR S3434)</text>
        </latestAction>
        <type>SRES</type>
        <congress>113</congress>
        <relationshipDetails>
          <item>
            <type>Related bill</type>
            <identifiedBy>CRS</identifiedBy>
          </item>
        </relationshipDetails>
        <number>141</number>
        <latestTitle>A resolution recognizing the goals of National Travel and Tourism Week and honoring the valuable contributions of travel and tourism to the United States.</latestTitle>
      </item>
    </relatedBills>
    <policyArea>
      <name>Transportation and Public Works</name>
    </policyArea>
    <congress>113</congress>
    <cboCostEstimates />
    <laws />
    <billNumber>443</billNumber>
    <notes />
    <originChamber>Senate</originChamber>
    <latestAction>
      <actionDate>2014-05-13</actionDate>
      <text>Submitted in the Senate, considered, and agreed to without amendment and with a preamble by Unanimous Consent. (consideration: CR S2980; text as passed Senate: CR S2957-2958)</text>
      <links />
    </latestAction>
    <updateDate>2016-10-25T16:19:09Z</updateDate>
    <calendarNumbers />
    <titles>
      <item>
        <parentTitleType />
        <title>A resolution recognizing the goals of National Travel and Tourism Week and honoring the  valuable contributions of travel and tourism to the United States.</title>
        <chamberName />
        <chamberCode />
        <titleType>Official Title as Introduced</titleType>
      </item>
      <item>
        <parentTitleType />
        <title>A resolution recognizing the goals of National Travel and Tourism Week and honoring the  valuable contributions of travel and tourism to the United States.</title>
        <chamberName />
        <chamberCode />
        <titleType>Display Title</titleType>
      </item>
    </titles>
    <title>A resolution recognizing the goals of National Travel and Tourism Week and honoring the  valuable contributions of travel and tourism to the United States.</title>
    <committeeReports />
    <sponsors>
      <item>
        <bioguideId>B001265</bioguideId>
        <fullName>Sen. Begich, Mark [D-AK]</fullName>
        <identifiers>
          <gpoId>8301</gpoId>
          <lisID>1898</lisID>
          <bioguideId>B001265</bioguideId>
        </identifiers>
        <byRequestType />
        <middleName />
        <firstName>Mark</firstName>
        <lastName>Begich</lastName>
      </item>
    </sponsors>
    <introducedDate>2014-05-13</introducedDate>
    <createDate>2014-05-14T07:20:59Z</createDate>
    <committees>
      <billCommittees />
    </committees>
    <cosponsors>
      <item>
        <sponsorshipWithdrawnDate />
        <bioguideId>K000360</bioguideId>
        <fullName>Sen. Kirk, Mark Steven [R-IL]</fullName>
        <lastName>KIRK</lastName>
        <isOriginalCosponsor>True</isOriginalCosponsor>
        <identifiers>
          <gpoId>8285</gpoId>
          <bioguideId>K000360</bioguideId>
          <lisID>1647</lisID>
        </identifiers>
        <middleName>STEVEN</middleName>
        <sponsorshipDate>2014-05-13</sponsorshipDate>
        <firstName>MARK</firstName>
      </item>
      <item>
        <sponsorshipWithdrawnDate />
        <bioguideId>S001194</bioguideId>
        <fullName>Sen. Schatz, Brian [D-HI]</fullName>
        <lastName>Schatz</lastName>
        <isOriginalCosponsor>True</isOriginalCosponsor>
        <identifiers>
          <lisID>2173</lisID>
          <bioguideId>S001194</bioguideId>
          <gpoId />
        </identifiers>
        <middleName />
        <sponsorshipDate>2014-05-13</sponsorshipDate>
        <firstName>Brian</firstName>
      </item>
      <item>
        <sponsorshipWithdrawnDate />
        <bioguideId>S001184</bioguideId>
        <fullName>Sen. Scott, Tim [R-SC]</fullName>
        <lastName>Scott</lastName>
        <isOriginalCosponsor>True</isOriginalCosponsor>
        <identifiers>
          <lisID>2056</lisID>
          <bioguideId>S001184</bioguideId>
          <gpoId>8141</gpoId>
        </identifiers>
        <middleName />
        <sponsorshipDate>2014-05-13</sponsorshipDate>
        <firstName>Tim</firstName>
      </item>
      <item>
        <sponsorshipWithdrawnDate />
        <bioguideId>W000805</bioguideId>
        <fullName>Sen. Warner, Mark R. [D-VA]</fullName>
        <lastName>Warner</lastName>
        <isOriginalCosponsor>True</isOriginalCosponsor>
        <identifiers>
          <gpoId>8269</gpoId>
          <bioguideId>W000805</bioguideId>
          <lisID>1897</lisID>
        </identifiers>
        <middleName>R.</middleName>
        <sponsorshipDate>2014-05-13</sponsorshipDate>
        <firstName>Mark</firstName>
      </item>
      <item>
        <sponsorshipWithdrawnDate />
        <bioguideId>H001042</bioguideId>
        <fullName>Sen. Hirono, Mazie K. [D-HI]</fullName>
        <lastName>Hirono</lastName>
        <isOriginalCosponsor>True</isOriginalCosponsor>
        <identifiers>
          <lisID>1844</lisID>
          <gpoId>7913</gpoId>
          <bioguideId>H001042</bioguideId>
        </identifiers>
        <middleName>K.</middleName>
        <sponsorshipDate>2014-05-13</sponsorshipDate>
        <firstName>Mazie</firstName>
      </item>
      <item>
        <sponsorshipWithdrawnDate />
        <bioguideId>R000146</bioguideId>
        <fullName>Sen. Reid, Harry [D-NV]</fullName>
        <lastName>REID</lastName>
        <isOriginalCosponsor>True</isOriginalCosponsor>
        <identifiers>
          <bioguideId>R000146</bioguideId>
          <lisID>952</lisID>
          <gpoId>8271</gpoId>
        </identifiers>
        <middleName>M.</middleName>
        <sponsorshipDate>2014-05-13</sponsorshipDate>
        <firstName>HARRY</firstName>
      </item>
      <item>
        <sponsorshipWithdrawnDate />
        <bioguideId>K000367</bioguideId>
        <fullName>Sen. Klobuchar, Amy [D-MN]</fullName>
        <lastName>Klobuchar</lastName>
        <isOriginalCosponsor>True</isOriginalCosponsor>
        <identifiers>
          <gpoId>8249</gpoId>
          <lisID>1826</lisID>
          <bioguideId>K000367</bioguideId>
        </identifiers>
        <middleName />
        <sponsorshipDate>2014-05-13</sponsorshipDate>
        <firstName>Amy</firstName>
      </item>
      <item>
        <sponsorshipWithdrawnDate />
        <bioguideId>S001181</bioguideId>
        <fullName>Sen. Shaheen, Jeanne [D-NH]</fullName>
        <lastName>Shaheen</lastName>
        <isOriginalCosponsor>True</isOriginalCosponsor>
        <identifiers>
          <bioguideId>S001181</bioguideId>
          <lisID>1901</lisID>
          <gpoId>8276</gpoId>
        </identifiers>
        <middleName />
        <sponsorshipDate>2014-05-13</sponsorshipDate>
        <firstName>Jeanne</firstName>
      </item>
      <item>
        <sponsorshipWithdrawnDate />
        <bioguideId>H001041</bioguideId>
        <fullName>Sen. Heller, Dean [R-NV]</fullName>
        <lastName>Heller</lastName>
        <isOriginalCosponsor>True</isOriginalCosponsor>
        <identifiers>
          <gpoId>8060</gpoId>
          <bioguideId>H001041</bioguideId>
          <lisID>1863</lisID>
        </identifiers>
        <middleName />
        <sponsorshipDate>2014-05-13</sponsorshipDate>
        <firstName>Dean</firstName>
      </item>
    </cosponsors>
    <billType>SRES</billType>
    <summaries>
      <billSummaries>
        <item>
          <versionCode>00</versionCode>
          <actionDesc>Introduced in Senate</actionDesc>
          <text><![CDATA[<p>Recognizes May 3-11, 2014, as National Travel and Tourism Week.</p>]]></text>
          <lastSummaryUpdateDate>2014-05-15T14:24:37Z</lastSummaryUpdateDate>
          <name>Introduced in Senate</name>
          <actionDate>2014-05-13</actionDate>
          <updateDate>2014-05-13T04:00:00Z</updateDate>
        </item>
        <item>
          <versionCode>82</versionCode>
          <actionDesc>Passed Senate without amendment</actionDesc>
          <text><![CDATA[<p><b>(This measure has not been amended since it was introduced. The summary of that version is repeated here.)</b></p> <p>Recognizes May 3-11, 2014, as National Travel and Tourism Week.</p> <p>Commends the travel and tourism industry for its important contributions to the United States.</p>]]></text>
          <lastSummaryUpdateDate>2014-05-15T14:24:48Z</lastSummaryUpdateDate>
          <name>Passed Senate without amendment</name>
          <actionDate>2014-05-13</actionDate>
          <updateDate>2014-05-13T18:58:07Z</updateDate>
        </item>
      </billSummaries>
    </summaries>
    <recordedVotes />
    <amendments />
    <actions>
      <item>
        <actionDate>2014-05-13</actionDate>
        <committee />
        <links>
          <link>
            <name>S2957-2958</name>
            <url>/congressional-record/2014/senate-section/page/S2957-2958</url>
          </link>
        </links>
        <sourceSystem>
          <name>Senate</name>
          <code>0</code>
        </sourceSystem>
        <text>Submitted in the Senate, considered, and agreed to without amendment and with a preamble by Unanimous Consent. (consideration: CR S2980; text as passed Senate: CR S2957-2958)</text>
        <type>Floor</type>
      </item>
      <item>
        <actionDate>2014-05-13</actionDate>
        <committee />
        <actionCode>17000</actionCode>
        <links>
          <link>
            <name>S2957-2958</name>
            <url>/congressional-record/2014/senate-section/page/S2957-2958</url>
          </link>
        </links>
        <type>Floor</type>
        <sourceSystem>
          <name>Library of Congress</name>
          <code>9</code>
        </sourceSystem>
        <text>Passed/agreed to in Senate: Submitted in the Senate, considered, and agreed to without amendment and with a preamble by Unanimous Consent.(consideration: CR S2980; text as passed Senate: CR S2957-2958)</text>
      </item>
      <item>
        <actionDate>2014-05-13</actionDate>
        <committee />
        <actionCode>10000</actionCode>
        <links />
        <type>IntroReferral</type>
        <sourceSystem>
          <name>Library of Congress</name>
          <code>9</code>
        </sourceSystem>
        <text>Introduced in Senate</text>
      </item>
      <actionByCounts>
        <senate>3</senate>
      </actionByCounts>
      <actionTypeCounts>
        <introducedInSenate>1</introducedInSenate>
        <passedOrAgreedToInSenateDayOf>1</passedOrAgreedToInSenateDayOf>
        <passedAgreedToInSenate>1</passedAgreedToInSenate>
      </actionTypeCounts>
    </actions>
    <subjects>
      <billSubjects>
        <policyArea>
          <name>Transportation and Public Works</name>
        </policyArea>
        <legislativeSubjects>
          <item>
            <name>Commemorative events and holidays</name>
          </item>
          <item>
            <name>Congressional tributes</name>
          </item>
          <item>
            <name>Travel and tourism</name>
          </item>
        </legislativeSubjects>
      </billSubjects>
    </subjects>
  </bill>
  <dublinCore xmlns:dc="http://purl.org/dc/elements/1.1/">
    <dc:format>text/xml</dc:format>
    <dc:language>EN</dc:language>
    <dc:rights>Pursuant to Title 17 Section 105 of the United States Code, this file is not subject to copyright protection and is in the public domain.</dc:rights>
    <dc:contributor>Congressional Research Service, Library of Congress</dc:contributor>
    <dc:description>This file contains bill summaries and statuses for federal legislation. A bill summary describes the most significant provisions of a piece of legislation and details the effects the legislative text may have on current law and federal programs. Bill summaries are authored by the Congressional Research Service (CRS) of the Library of Congress. As stated in Public Law 91-510 (2 USC 166 (d)(6)), one of the duties of CRS is "to prepare summaries and digests of bills and resolutions of a public general nature introduced in the Senate or House of Representatives". For more information, refer to the User Guide that accompanies this file.</dc:description>
  </dublinCore>
</billStatus>

