<?xml version="1.0" encoding="UTF-8"?>
<billStatus>
  <bill>
    <sponsors>
      <item>
        <lastName>Kaine</lastName>
        <fullName>Sen. Kaine, Tim [D-VA]</fullName>
        <middleName />
        <firstName>Timothy</firstName>
        <identifiers>
          <bioguideId>K000384</bioguideId>
          <lisID>2176</lisID>
          <gpoId />
        </identifiers>
        <byRequestType />
        <bioguideId>K000384</bioguideId>
      </item>
    </sponsors>
    <latestAction>
      <links />
      <text>Submitted in the Senate, considered, and agreed to without amendment and with a preamble by Unanimous Consent. (consideration: CR S2979; text as passed Senate: CR S2966)</text>
      <actionDate>2013-04-24</actionDate>
    </latestAction>
    <laws />
    <createDate>2013-04-25T07:02:10Z</createDate>
    <updateDate>2016-10-25T16:18:20Z</updateDate>
    <committees>
      <billCommittees />
    </committees>
    <recordedVotes />
    <introducedDate>2013-04-24</introducedDate>
    <relatedBills />
    <billNumber>113</billNumber>
    <amendments />
    <billType>SRES</billType>
    <actions>
      <item>
        <actionDate>2013-04-24</actionDate>
        <committee />
        <links>
          <link>
            <name>S2966</name>
            <url>/congressional-record/2013/senate-section/page/S2966</url>
          </link>
        </links>
        <sourceSystem>
          <name>Senate</name>
          <code>0</code>
        </sourceSystem>
        <text>Submitted in the Senate, considered, and agreed to without amendment and with a preamble by Unanimous Consent. (consideration: CR S2979; text as passed Senate: CR S2966)</text>
        <type>Floor</type>
      </item>
      <item>
        <committee />
        <type>Floor</type>
        <links>
          <link>
            <name>S2966</name>
            <url>/congressional-record/2013/senate-section/page/S2966</url>
          </link>
        </links>
        <actionCode>17000</actionCode>
        <sourceSystem>
          <name>Library of Congress</name>
          <code>9</code>
        </sourceSystem>
        <actionDate>2013-04-24</actionDate>
        <text>Passed/agreed to in Senate: Submitted in the Senate, considered, and agreed to without amendment and with a preamble by Unanimous Consent.(consideration: CR S2979; text as passed Senate: CR S2966)</text>
      </item>
      <item>
        <committee />
        <type>IntroReferral</type>
        <links />
        <actionCode>10000</actionCode>
        <sourceSystem>
          <name>Library of Congress</name>
          <code>9</code>
        </sourceSystem>
        <actionDate>2013-04-24</actionDate>
        <text>Introduced in Senate</text>
      </item>
      <actionByCounts>
        <senate>3</senate>
      </actionByCounts>
      <actionTypeCounts>
        <introducedInSenate>1</introducedInSenate>
        <passedAgreedToInSenate>1</passedAgreedToInSenate>
        <passedOrAgreedToInSenateDayOf>1</passedOrAgreedToInSenateDayOf>
      </actionTypeCounts>
    </actions>
    <policyArea>
      <name>Arts, Culture, Religion</name>
    </policyArea>
    <cosponsors>
      <item>
        <lastName>COLLINS</lastName>
        <sponsorshipDate>2013-04-24</sponsorshipDate>
        <firstName>SUSAN</firstName>
        <identifiers>
          <bioguideId>C001035</bioguideId>
          <lisID>1541</lisID>
          <gpoId>8291</gpoId>
        </identifiers>
        <isOriginalCosponsor>True</isOriginalCosponsor>
        <bioguideId>C001035</bioguideId>
        <fullName>Sen. Collins, Susan M. [R-ME]</fullName>
        <middleName>MARGARET</middleName>
        <sponsorshipWithdrawnDate />
      </item>
    </cosponsors>
    <cboCostEstimates />
    <summaries>
      <billSummaries>
        <item>
          <lastSummaryUpdateDate>2013-04-29T13:28:05Z</lastSummaryUpdateDate>
          <name>Introduced in Senate</name>
          <actionDesc>Introduced in Senate</actionDesc>
          <text><![CDATA[<p>Designates April 23, 2013, as National Adopt A Library Day. </p> <p>Honors organizations that help facilitate donations to schools and libraries.</p> <p>Urges people in the United States who own unused books to donate them to local libraries. </p>]]></text>
          <actionDate>2013-04-24</actionDate>
          <versionCode>00</versionCode>
          <updateDate>2013-04-24T04:00:00Z</updateDate>
        </item>
        <item>
          <lastSummaryUpdateDate>2013-04-29T13:28:16Z</lastSummaryUpdateDate>
          <name>Passed Senate without amendment</name>
          <actionDesc>Passed Senate without amendment</actionDesc>
          <text><![CDATA[<p><b>(This measure has not been amended since it was introduced. The summary of that version is repeated here.)</b></p> <p>Designates April 23, 2013, as National Adopt A Library Day. </p> <p>Honors organizations that help facilitate donations to schools and libraries.</p> <p>Urges people in the United States who own unused books to donate them to local libraries. </p>]]></text>
          <actionDate>2013-04-24</actionDate>
          <versionCode>82</versionCode>
          <updateDate>2013-04-24T13:04:40Z</updateDate>
        </item>
      </billSummaries>
    </summaries>
    <committeeReports />
    <title>A resolution designating April 23, 2013 as "National Adopt a Library Day".</title>
    <calendarNumbers />
    <notes />
    <subjects>
      <billSubjects>
        <legislativeSubjects>
          <item>
            <name>Books and print media</name>
          </item>
          <item>
            <name>Commemorative events and holidays</name>
          </item>
          <item>
            <name>Congressional tributes</name>
          </item>
          <item>
            <name>Educational facilities and institutions</name>
          </item>
          <item>
            <name>Elementary and secondary education</name>
          </item>
          <item>
            <name>Libraries and archives</name>
          </item>
          <item>
            <name>Social work, volunteer service, charitable organizations</name>
          </item>
        </legislativeSubjects>
        <policyArea>
          <name>Arts, Culture, Religion</name>
        </policyArea>
      </billSubjects>
    </subjects>
    <congress>113</congress>
    <originChamber>Senate</originChamber>
    <titles>
      <item>
        <parentTitleType />
        <title>A resolution designating April 23, 2013 as "National Adopt a Library Day".</title>
        <chamberName />
        <titleType>Official Title as Introduced</titleType>
        <chamberCode />
      </item>
      <item>
        <parentTitleType />
        <title>A resolution designating April 23, 2013 as "National Adopt a Library Day".</title>
        <chamberName />
        <titleType>Display Title</titleType>
        <chamberCode />
      </item>
    </titles>
  </bill>
  <dublinCore xmlns:dc="http://purl.org/dc/elements/1.1/">
    <dc:format>text/xml</dc:format>
    <dc:language>EN</dc:language>
    <dc:rights>Pursuant to Title 17 Section 105 of the United States Code, this file is not subject to copyright protection and is in the public domain.</dc:rights>
    <dc:contributor>Congressional Research Service, Library of Congress</dc:contributor>
    <dc:description>This file contains bill summaries and statuses for federal legislation. A bill summary describes the most significant provisions of a piece of legislation and details the effects the legislative text may have on current law and federal programs. Bill summaries are authored by the Congressional Research Service (CRS) of the Library of Congress. As stated in Public Law 91-510 (2 USC 166 (d)(6)), one of the duties of CRS is "to prepare summaries and digests of bills and resolutions of a public general nature introduced in the Senate or House of Representatives". For more information, refer to the User Guide that accompanies this file.</dc:description>
  </dublinCore>
</billStatus>

