<?xml version="1.0" encoding="UTF-8"?>
<billStatus>
  <bill>
    <billNumber>200</billNumber>
    <titles>
      <item>
        <chamberName />
        <titleType>Official Title as Introduced</titleType>
        <title>A resolution designating July 26, 2013, as "United States Intelligence Professionals Day".</title>
        <chamberCode />
        <parentTitleType />
      </item>
      <item>
        <chamberName />
        <titleType>Display Title</titleType>
        <title>A resolution designating July 26, 2013, as "United States Intelligence Professionals Day".</title>
        <chamberCode />
        <parentTitleType />
      </item>
    </titles>
    <actions>
      <item>
        <actionDate>2013-07-25</actionDate>
        <committee />
        <links>
          <link>
            <name>S5970-5971</name>
            <url>/congressional-record/2013/senate-section/page/S5970-5971</url>
          </link>
        </links>
        <sourceSystem>
          <name>Senate</name>
          <code>0</code>
        </sourceSystem>
        <text>Submitted in the Senate, considered, and agreed to without amendment and with a preamble by Unanimous Consent. (consideration: CR S5979; text as passed Senate: CR S5970-5971)</text>
        <type>Floor</type>
      </item>
      <item>
        <committee />
        <type>Floor</type>
        <links>
          <link>
            <name>S5970-5971</name>
            <url>/congressional-record/2013/senate-section/page/S5970-5971</url>
          </link>
        </links>
        <actionCode>17000</actionCode>
        <sourceSystem>
          <name>Library of Congress</name>
          <code>9</code>
        </sourceSystem>
        <actionDate>2013-07-25</actionDate>
        <text>Passed/agreed to in Senate: Submitted in the Senate, considered, and agreed to without amendment and with a preamble by Unanimous Consent.(consideration: CR S5979; text as passed Senate: CR S5970-5971)</text>
      </item>
      <item>
        <committee />
        <type>IntroReferral</type>
        <links />
        <actionCode>10000</actionCode>
        <sourceSystem>
          <name>Library of Congress</name>
          <code>9</code>
        </sourceSystem>
        <actionDate>2013-07-25</actionDate>
        <text>Introduced in Senate</text>
      </item>
      <actionByCounts>
        <senate>3</senate>
      </actionByCounts>
      <actionTypeCounts>
        <introducedInSenate>1</introducedInSenate>
        <passedAgreedToInSenate>1</passedAgreedToInSenate>
        <passedOrAgreedToInSenateDayOf>1</passedOrAgreedToInSenateDayOf>
      </actionTypeCounts>
    </actions>
    <updateDate>2016-10-25T16:18:33Z</updateDate>
    <summaries>
      <billSummaries>
        <item>
          <updateDate>2013-07-25T04:00:00Z</updateDate>
          <actionDate>2013-07-25</actionDate>
          <lastSummaryUpdateDate>2013-08-23T18:37:09Z</lastSummaryUpdateDate>
          <text><![CDATA[<p>Designates July 26, 2013, as United States Intelligence Professionals Day.</p> <p>Acknowledges the courage, fidelity, sacrifice, and professionalism of the men and women of the U.S. intelligence community.</p>]]></text>
          <versionCode>00</versionCode>
          <actionDesc>Introduced in Senate</actionDesc>
          <name>Introduced in Senate</name>
        </item>
        <item>
          <updateDate>2013-07-25T11:21:56Z</updateDate>
          <actionDate>2013-07-25</actionDate>
          <lastSummaryUpdateDate>2013-08-23T18:37:23Z</lastSummaryUpdateDate>
          <text><![CDATA[<p><b>(This measure has not been amended since it was introduced. The summary of that version is repeated here.)</b></p> <p>Designates July 26, 2013, as United States Intelligence Professionals Day.</p> <p>Acknowledges the courage, fidelity, sacrifice, and professionalism of the men and women of the U.S. intelligence community.</p>]]></text>
          <versionCode>82</versionCode>
          <actionDesc>Passed Senate without amendment</actionDesc>
          <name>Passed Senate without amendment</name>
        </item>
      </billSummaries>
    </summaries>
    <sponsors>
      <item>
        <firstName>Mark</firstName>
        <fullName>Sen. Warner, Mark R. [D-VA]</fullName>
        <middleName>R.</middleName>
        <bioguideId>W000805</bioguideId>
        <byRequestType />
        <lastName>Warner</lastName>
        <identifiers>
          <lisID>1897</lisID>
          <gpoId>8269</gpoId>
          <bioguideId>W000805</bioguideId>
        </identifiers>
      </item>
    </sponsors>
    <congress>113</congress>
    <notes />
    <committees>
      <billCommittees />
    </committees>
    <introducedDate>2013-07-25</introducedDate>
    <createDate>2013-07-26T05:52:58Z</createDate>
    <policyArea>
      <name>Armed Forces and National Security</name>
    </policyArea>
    <laws />
    <billType>SRES</billType>
    <subjects>
      <billSubjects>
        <legislativeSubjects>
          <item>
            <name>Commemorative events and holidays</name>
          </item>
          <item>
            <name>Congressional tributes</name>
          </item>
          <item>
            <name>Intelligence activities, surveillance, classified information</name>
          </item>
        </legislativeSubjects>
        <policyArea>
          <name>Armed Forces and National Security</name>
        </policyArea>
      </billSubjects>
    </subjects>
    <cosponsors>
      <item>
        <sponsorshipDate>2013-07-25</sponsorshipDate>
        <lastName>MIKULSKI</lastName>
        <middleName>ANN</middleName>
        <firstName>BARBARA</firstName>
        <fullName>Sen. Mikulski, Barbara A. [D-MD]</fullName>
        <bioguideId>M000702</bioguideId>
        <identifiers>
          <gpoId>8240</gpoId>
          <bioguideId>M000702</bioguideId>
          <lisID>802</lisID>
        </identifiers>
        <sponsorshipWithdrawnDate />
        <isOriginalCosponsor>True</isOriginalCosponsor>
      </item>
      <item>
        <sponsorshipDate>2013-07-25</sponsorshipDate>
        <lastName>BURR</lastName>
        <middleName />
        <firstName>RICHARD</firstName>
        <fullName>Sen. Burr, Richard [R-NC]</fullName>
        <bioguideId>B001135</bioguideId>
        <identifiers>
          <bioguideId>B001135</bioguideId>
          <lisID>153</lisID>
          <gpoId>8286</gpoId>
        </identifiers>
        <sponsorshipWithdrawnDate />
        <isOriginalCosponsor>True</isOriginalCosponsor>
      </item>
      <item>
        <sponsorshipDate>2013-07-25</sponsorshipDate>
        <lastName>Blunt</lastName>
        <middleName />
        <firstName>Roy</firstName>
        <fullName>Sen. Blunt, Roy [R-MO]</fullName>
        <bioguideId>B000575</bioguideId>
        <identifiers>
          <gpoId>8313</gpoId>
          <lisID>1464</lisID>
          <bioguideId>B000575</bioguideId>
        </identifiers>
        <sponsorshipWithdrawnDate />
        <isOriginalCosponsor>True</isOriginalCosponsor>
      </item>
      <item>
        <sponsorshipDate>2013-07-25</sponsorshipDate>
        <lastName>FEINSTEIN</lastName>
        <middleName />
        <firstName>DIANNE</firstName>
        <fullName>Sen. Feinstein, Dianne [D-CA]</fullName>
        <bioguideId>F000062</bioguideId>
        <identifiers>
          <bioguideId>F000062</bioguideId>
          <lisID>1332</lisID>
          <gpoId>8338</gpoId>
        </identifiers>
        <sponsorshipWithdrawnDate />
        <isOriginalCosponsor>True</isOriginalCosponsor>
      </item>
      <item>
        <sponsorshipDate>2013-07-25</sponsorshipDate>
        <lastName>CHAMBLISS</lastName>
        <middleName />
        <firstName>SAXBY</firstName>
        <fullName>Sen. Chambliss, Saxby [R-GA]</fullName>
        <bioguideId>C000286</bioguideId>
        <identifiers>
          <lisID>188</lisID>
          <gpoId>8284</gpoId>
          <bioguideId>C000286</bioguideId>
        </identifiers>
        <sponsorshipWithdrawnDate />
        <isOriginalCosponsor>True</isOriginalCosponsor>
      </item>
      <item>
        <sponsorshipDate>2013-07-25</sponsorshipDate>
        <lastName>ROCKEFELLER</lastName>
        <middleName />
        <firstName>JAY</firstName>
        <fullName>Sen. Rockefeller, John D., IV [D-WV]</fullName>
        <bioguideId>R000361</bioguideId>
        <identifiers>
          <gpoId>8273</gpoId>
          <lisID>1424</lisID>
          <bioguideId>R000361</bioguideId>
        </identifiers>
        <sponsorshipWithdrawnDate />
        <isOriginalCosponsor>True</isOriginalCosponsor>
      </item>
      <item>
        <sponsorshipDate>2013-07-25</sponsorshipDate>
        <lastName>ROBERTS</lastName>
        <middleName />
        <firstName>PAT</firstName>
        <fullName>Sen. Roberts, Pat [R-KS]</fullName>
        <bioguideId>R000307</bioguideId>
        <identifiers>
          <bioguideId>R000307</bioguideId>
          <lisID>968</lisID>
          <gpoId>8275</gpoId>
        </identifiers>
        <sponsorshipWithdrawnDate />
        <isOriginalCosponsor>True</isOriginalCosponsor>
      </item>
      <item>
        <sponsorshipDate>2013-07-25</sponsorshipDate>
        <lastName>Kaine</lastName>
        <middleName />
        <firstName>Timothy</firstName>
        <fullName>Sen. Kaine, Tim [D-VA]</fullName>
        <bioguideId>K000384</bioguideId>
        <identifiers>
          <bioguideId>K000384</bioguideId>
          <lisID>2176</lisID>
          <gpoId />
        </identifiers>
        <sponsorshipWithdrawnDate />
        <isOriginalCosponsor>True</isOriginalCosponsor>
      </item>
      <item>
        <sponsorshipDate>2013-07-25</sponsorshipDate>
        <lastName>Rubio</lastName>
        <middleName />
        <firstName>Marco</firstName>
        <fullName>Sen. Rubio, Marco [R-FL]</fullName>
        <bioguideId>R000595</bioguideId>
        <identifiers>
          <lisID>2084</lisID>
          <bioguideId>R000595</bioguideId>
          <gpoId>8242</gpoId>
        </identifiers>
        <sponsorshipWithdrawnDate />
        <isOriginalCosponsor>True</isOriginalCosponsor>
      </item>
      <item>
        <sponsorshipDate>2013-07-25</sponsorshipDate>
        <lastName>DURBIN</lastName>
        <middleName>J.</middleName>
        <firstName>RICHARD</firstName>
        <fullName>Sen. Durbin, Richard [D-IL]</fullName>
        <bioguideId>D000563</bioguideId>
        <identifiers>
          <lisID>326</lisID>
          <bioguideId>D000563</bioguideId>
          <gpoId>8326</gpoId>
        </identifiers>
        <sponsorshipWithdrawnDate />
        <isOriginalCosponsor>True</isOriginalCosponsor>
      </item>
      <item>
        <sponsorshipDate>2013-07-25</sponsorshipDate>
        <lastName>HATCH</lastName>
        <middleName>GRANT</middleName>
        <firstName>ORRIN</firstName>
        <fullName>Sen. Hatch, Orrin G. [R-UT]</fullName>
        <bioguideId>H000338</bioguideId>
        <identifiers>
          <gpoId>8314</gpoId>
          <bioguideId>H000338</bioguideId>
          <lisID>1351</lisID>
        </identifiers>
        <sponsorshipWithdrawnDate />
        <isOriginalCosponsor>True</isOriginalCosponsor>
      </item>
      <item>
        <sponsorshipDate>2013-07-25</sponsorshipDate>
        <lastName>Manchin</lastName>
        <middleName />
        <firstName>Joe</firstName>
        <fullName>Sen. Manchin, Joe, III [D-WV]</fullName>
        <bioguideId>M001183</bioguideId>
        <identifiers>
          <gpoId>8256</gpoId>
          <lisID>1983</lisID>
          <bioguideId>M001183</bioguideId>
        </identifiers>
        <sponsorshipWithdrawnDate />
        <isOriginalCosponsor>True</isOriginalCosponsor>
      </item>
      <item>
        <sponsorshipDate>2013-07-25</sponsorshipDate>
        <lastName>Schatz</lastName>
        <middleName />
        <firstName>Brian</firstName>
        <fullName>Sen. Schatz, Brian [D-HI]</fullName>
        <bioguideId>S001194</bioguideId>
        <identifiers>
          <bioguideId>S001194</bioguideId>
          <lisID>2173</lisID>
          <gpoId />
        </identifiers>
        <sponsorshipWithdrawnDate />
        <isOriginalCosponsor>True</isOriginalCosponsor>
      </item>
      <item>
        <sponsorshipDate>2013-07-25</sponsorshipDate>
        <lastName>UDALL</lastName>
        <middleName />
        <firstName>MARK</firstName>
        <fullName>Sen. Udall, Mark [D-CO]</fullName>
        <bioguideId>U000038</bioguideId>
        <identifiers>
          <bioguideId>U000038</bioguideId>
          <lisID>1595</lisID>
          <gpoId>8259</gpoId>
        </identifiers>
        <sponsorshipWithdrawnDate />
        <isOriginalCosponsor>True</isOriginalCosponsor>
      </item>
      <item>
        <sponsorshipDate>2013-07-25</sponsorshipDate>
        <lastName>Risch</lastName>
        <middleName>E.</middleName>
        <firstName>James</firstName>
        <fullName>Sen. Risch, James E. [R-ID]</fullName>
        <bioguideId>R000584</bioguideId>
        <identifiers>
          <gpoId>8274</gpoId>
          <lisID>1896</lisID>
          <bioguideId>R000584</bioguideId>
        </identifiers>
        <sponsorshipWithdrawnDate />
        <isOriginalCosponsor>True</isOriginalCosponsor>
      </item>
      <item>
        <sponsorshipDate>2013-07-25</sponsorshipDate>
        <lastName>King</lastName>
        <middleName />
        <firstName>Angus</firstName>
        <fullName>Sen. King, Angus S. Jr. [I-ME]</fullName>
        <bioguideId>K000383</bioguideId>
        <identifiers>
          <lisID>2185</lisID>
          <gpoId />
          <bioguideId>K000383</bioguideId>
        </identifiers>
        <sponsorshipWithdrawnDate />
        <isOriginalCosponsor>True</isOriginalCosponsor>
      </item>
      <item>
        <sponsorshipDate>2013-07-25</sponsorshipDate>
        <lastName>Whitehouse</lastName>
        <middleName />
        <firstName>Sheldon</firstName>
        <fullName>Sen. Whitehouse, Sheldon [D-RI]</fullName>
        <bioguideId>W000802</bioguideId>
        <identifiers>
          <bioguideId>W000802</bioguideId>
          <lisID>1823</lisID>
          <gpoId>8264</gpoId>
        </identifiers>
        <sponsorshipWithdrawnDate />
        <isOriginalCosponsor>True</isOriginalCosponsor>
      </item>
      <item>
        <sponsorshipDate>2013-07-25</sponsorshipDate>
        <lastName>WYDEN</lastName>
        <middleName />
        <firstName>RON</firstName>
        <fullName>Sen. Wyden, Ron [D-OR]</fullName>
        <bioguideId>W000779</bioguideId>
        <identifiers>
          <gpoId>8265</gpoId>
          <lisID>1247</lisID>
          <bioguideId>W000779</bioguideId>
        </identifiers>
        <sponsorshipWithdrawnDate />
        <isOriginalCosponsor>True</isOriginalCosponsor>
      </item>
      <item>
        <sponsorshipDate>2013-07-25</sponsorshipDate>
        <lastName>Heinrich</lastName>
        <middleName />
        <firstName>Martin</firstName>
        <fullName>Sen. Heinrich, Martin [D-NM]</fullName>
        <bioguideId>H001046</bioguideId>
        <identifiers>
          <gpoId>8056</gpoId>
          <lisID>1937</lisID>
          <bioguideId>H001046</bioguideId>
        </identifiers>
        <sponsorshipWithdrawnDate />
        <isOriginalCosponsor>True</isOriginalCosponsor>
      </item>
      <item>
        <sponsorshipDate>2013-07-25</sponsorshipDate>
        <lastName>COATS</lastName>
        <middleName>RAY</middleName>
        <firstName>DANIEL</firstName>
        <fullName>Sen. Coats, Daniel [R-IN]</fullName>
        <bioguideId>C000542</bioguideId>
        <identifiers>
          <lisID>209</lisID>
          <bioguideId>C000542</bioguideId>
          <gpoId>8299</gpoId>
        </identifiers>
        <sponsorshipWithdrawnDate />
        <isOriginalCosponsor>True</isOriginalCosponsor>
      </item>
      <item>
        <sponsorshipDate>2013-07-25</sponsorshipDate>
        <lastName>COLLINS</lastName>
        <middleName>MARGARET</middleName>
        <firstName>SUSAN</firstName>
        <fullName>Sen. Collins, Susan M. [R-ME]</fullName>
        <bioguideId>C001035</bioguideId>
        <identifiers>
          <lisID>1541</lisID>
          <gpoId>8291</gpoId>
          <bioguideId>C001035</bioguideId>
        </identifiers>
        <sponsorshipWithdrawnDate />
        <isOriginalCosponsor>True</isOriginalCosponsor>
      </item>
      <item>
        <sponsorshipDate>2013-07-25</sponsorshipDate>
        <lastName>COBURN</lastName>
        <middleName />
        <firstName>TOM</firstName>
        <fullName>Sen. Coburn, Tom [R-OK]</fullName>
        <bioguideId>C000560</bioguideId>
        <identifiers>
          <gpoId>8293</gpoId>
          <lisID>212</lisID>
          <bioguideId>C000560</bioguideId>
        </identifiers>
        <sponsorshipWithdrawnDate />
        <isOriginalCosponsor>True</isOriginalCosponsor>
      </item>
      <item>
        <sponsorshipDate>2013-07-25</sponsorshipDate>
        <lastName>Hirono</lastName>
        <middleName>K.</middleName>
        <firstName>Mazie</firstName>
        <fullName>Sen. Hirono, Mazie K. [D-HI]</fullName>
        <bioguideId>H001042</bioguideId>
        <identifiers>
          <gpoId>7913</gpoId>
          <bioguideId>H001042</bioguideId>
          <lisID>1844</lisID>
        </identifiers>
        <sponsorshipWithdrawnDate />
        <isOriginalCosponsor>True</isOriginalCosponsor>
      </item>
    </cosponsors>
    <calendarNumbers />
    <relatedBills>
      <item>
        <number>13</number>
        <type>SJRES</type>
        <congress>113</congress>
        <relationshipDetails>
          <item>
            <type>Related bill</type>
            <identifiedBy>CRS</identifiedBy>
          </item>
        </relationshipDetails>
        <latestAction>
          <actionDate>2013-04-18</actionDate>
          <text>Read twice and referred to the Committee on the Judiciary.</text>
        </latestAction>
        <latestTitle>A joint resolution amending title 36, United States Code, to designate July 26 as United States Intelligence Professionals Day.</latestTitle>
      </item>
      <item>
        <number>521</number>
        <type>SRES</type>
        <congress>113</congress>
        <relationshipDetails>
          <item>
            <type>Related bill</type>
            <identifiedBy>CRS</identifiedBy>
          </item>
        </relationshipDetails>
        <latestAction>
          <actionDate>2014-07-29</actionDate>
          <text>Resolution agreed to in Senate without amendment and with a preamble by Unanimous Consent. (consideration: CR S5070)</text>
        </latestAction>
        <latestTitle>A resolution designating July 26, 2014, as "United States Intelligence Professionals Day".</latestTitle>
      </item>
    </relatedBills>
    <amendments />
    <recordedVotes />
    <title>A resolution designating July 26, 2013, as "United States Intelligence Professionals Day".</title>
    <latestAction>
      <actionDate>2013-07-25</actionDate>
      <text>Submitted in the Senate, considered, and agreed to without amendment and with a preamble by Unanimous Consent. (consideration: CR S5979; text as passed Senate: CR S5970-5971)</text>
      <links />
    </latestAction>
    <cboCostEstimates />
    <originChamber>Senate</originChamber>
    <committeeReports />
  </bill>
  <dublinCore xmlns:dc="http://purl.org/dc/elements/1.1/">
    <dc:format>text/xml</dc:format>
    <dc:language>EN</dc:language>
    <dc:rights>Pursuant to Title 17 Section 105 of the United States Code, this file is not subject to copyright protection and is in the public domain.</dc:rights>
    <dc:contributor>Congressional Research Service, Library of Congress</dc:contributor>
    <dc:description>This file contains bill summaries and statuses for federal legislation. A bill summary describes the most significant provisions of a piece of legislation and details the effects the legislative text may have on current law and federal programs. Bill summaries are authored by the Congressional Research Service (CRS) of the Library of Congress. As stated in Public Law 91-510 (2 USC 166 (d)(6)), one of the duties of CRS is "to prepare summaries and digests of bills and resolutions of a public general nature introduced in the Senate or House of Representatives". For more information, refer to the User Guide that accompanies this file.</dc:description>
  </dublinCore>
</billStatus>

