<?xml version="1.0" encoding="UTF-8"?>
<billStatus>
  <bill>
    <relatedBills />
    <policyArea>
      <name>Congress</name>
    </policyArea>
    <congress>113</congress>
    <cboCostEstimates />
    <laws />
    <billNumber>239</billNumber>
    <notes />
    <originChamber>Senate</originChamber>
    <latestAction>
      <actionDate>2013-09-18</actionDate>
      <text>Referred to the Committee on Rules and Administration.</text>
      <links />
    </latestAction>
    <updateDate>2016-10-25T16:18:39Z</updateDate>
    <calendarNumbers />
    <titles>
      <item>
        <chamberName />
        <chamberCode />
        <parentTitleType />
        <titleType>Official Title as Introduced</titleType>
        <title>An original resolution authorizing expenditures by the Senate Committee on Indian Affairs.</title>
      </item>
      <item>
        <chamberName />
        <chamberCode />
        <parentTitleType />
        <titleType>Display Title</titleType>
        <title>An original resolution authorizing expenditures by the Senate Committee on Indian Affairs.</title>
      </item>
    </titles>
    <title>An original resolution authorizing expenditures by the Senate Committee on Indian Affairs.</title>
    <committeeReports />
    <sponsors>
      <item>
        <bioguideId>C000127</bioguideId>
        <fullName>Sen. Cantwell, Maria [D-WA]</fullName>
        <identifiers>
          <gpoId>8288</gpoId>
          <bioguideId>C000127</bioguideId>
          <lisID>172</lisID>
        </identifiers>
        <byRequestType />
        <middleName />
        <firstName>MARIA</firstName>
        <lastName>CANTWELL</lastName>
      </item>
    </sponsors>
    <introducedDate>2013-09-18</introducedDate>
    <createDate>2013-09-19T07:01:06Z</createDate>
    <committees>
      <billCommittees>
        <item>
          <activities>
            <item>
              <date>2013-09-18T20:14:29Z</date>
              <name>Referred to</name>
            </item>
          </activities>
          <systemCode>ssra00</systemCode>
          <subcommittees />
          <type>Standing</type>
          <name>Rules and Administration Committee</name>
          <chamber>Senate</chamber>
        </item>
        <item>
          <activities>
            <item>
              <date>2013-09-18T20:14:17Z</date>
              <name>Reported original measure</name>
            </item>
          </activities>
          <systemCode>slia00</systemCode>
          <subcommittees />
          <type>Other</type>
          <name>Indian Affairs Committee</name>
          <chamber>Senate</chamber>
        </item>
      </billCommittees>
    </committees>
    <cosponsors />
    <billType>SRES</billType>
    <summaries>
      <billSummaries>
        <item>
          <actionDesc>Introduced in Senate</actionDesc>
          <actionDate>2013-09-18</actionDate>
          <updateDate>2013-09-18T04:00:00Z</updateDate>
          <versionCode>00</versionCode>
          <lastSummaryUpdateDate>2013-09-23T16:51:59Z</lastSummaryUpdateDate>
          <name>Introduced in Senate</name>
          <text><![CDATA[<p>Authorizes expenditures by the Senate Committee on Indian Affairs for the 113th Congress.</p>]]></text>
        </item>
        <item>
          <actionDesc>Reported to Senate without amendment</actionDesc>
          <actionDate>2013-09-18</actionDate>
          <updateDate>2013-09-18T13:23:48Z</updateDate>
          <versionCode>80</versionCode>
          <lastSummaryUpdateDate>2013-09-23T16:51:52Z</lastSummaryUpdateDate>
          <name>Reported to Senate without amendment</name>
          <text><![CDATA[<p><b>(This measure has not been amended since it was introduced. The summary of that version is repeated here.)</b></p> <p>Authorizes expenditures by the Senate Committee on Indian Affairs for the 113th Congress.</p>]]></text>
        </item>
      </billSummaries>
    </summaries>
    <recordedVotes />
    <amendments />
    <actions>
      <item>
        <actionDate>2013-09-18</actionDate>
        <committee>
          <systemCode>ssra00</systemCode>
          <name>Rules and Administration Committee</name>
        </committee>
        <links />
        <sourceSystem>
          <name>Senate</name>
          <code>0</code>
        </sourceSystem>
        <text>Referred to the Committee on Rules and Administration.</text>
        <type>IntroReferral</type>
      </item>
      <item>
        <actionDate>2013-09-18</actionDate>
        <committee>
          <systemCode>slia00</systemCode>
          <name>Indian Affairs Committee</name>
        </committee>
        <links>
          <link>
            <name>S6601</name>
            <url>/congressional-record/2013/senate-section/page/S6601</url>
          </link>
        </links>
        <sourceSystem>
          <name>Senate</name>
          <code>0</code>
        </sourceSystem>
        <text>Committee on Indian Affairs. Original measure reported to Senate by Senator Cantwell. Without written report. (text of measure as reported in Senate: CR S6601)</text>
        <type>Committee</type>
      </item>
      <item>
        <links>
          <link>
            <name>S6601</name>
            <url>/congressional-record/2013/senate-section/page/S6601</url>
          </link>
        </links>
        <actionCode>14000</actionCode>
        <committee>
          <systemCode>slia00</systemCode>
          <name>Indian Affairs Committee</name>
        </committee>
        <type>Committee</type>
        <sourceSystem>
          <name>Library of Congress</name>
          <code>9</code>
        </sourceSystem>
        <text>Committee on Indian Affairs. Original measure reported to Senate by Senator Cantwell. Without written report.(text of measure as reported in Senate: CR S6601)</text>
        <actionDate>2013-09-18</actionDate>
      </item>
      <item>
        <links />
        <actionCode>10000</actionCode>
        <committee />
        <type>IntroReferral</type>
        <sourceSystem>
          <name>Library of Congress</name>
          <code>9</code>
        </sourceSystem>
        <text>Introduced in Senate</text>
        <actionDate>2013-09-18</actionDate>
      </item>
      <actionTypeCounts>
        <reportedToSenate>1</reportedToSenate>
        <referredToCommittee>1</referredToCommittee>
        <originalBillReported>1</originalBillReported>
        <introducedInSenate>1</introducedInSenate>
      </actionTypeCounts>
      <actionByCounts>
        <senate>4</senate>
      </actionByCounts>
    </actions>
    <subjects>
      <billSubjects>
        <policyArea>
          <name>Congress</name>
        </policyArea>
        <legislativeSubjects>
          <item>
            <name>Congressional committees</name>
          </item>
          <item>
            <name>Senate Committee on Indian Affairs</name>
          </item>
        </legislativeSubjects>
      </billSubjects>
    </subjects>
  </bill>
  <dublinCore xmlns:dc="http://purl.org/dc/elements/1.1/">
    <dc:format>text/xml</dc:format>
    <dc:language>EN</dc:language>
    <dc:rights>Pursuant to Title 17 Section 105 of the United States Code, this file is not subject to copyright protection and is in the public domain.</dc:rights>
    <dc:contributor>Congressional Research Service, Library of Congress</dc:contributor>
    <dc:description>This file contains bill summaries and statuses for federal legislation. A bill summary describes the most significant provisions of a piece of legislation and details the effects the legislative text may have on current law and federal programs. Bill summaries are authored by the Congressional Research Service (CRS) of the Library of Congress. As stated in Public Law 91-510 (2 USC 166 (d)(6)), one of the duties of CRS is "to prepare summaries and digests of bills and resolutions of a public general nature introduced in the Senate or House of Representatives". For more information, refer to the User Guide that accompanies this file.</dc:description>
  </dublinCore>
</billStatus>

