<?xml version="1.0" encoding="UTF-8"?>
<billStatus>
  <bill>
    <sponsors>
      <item>
        <lastName>ROBERTS</lastName>
        <fullName>Sen. Roberts, Pat [R-KS]</fullName>
        <middleName />
        <firstName>PAT</firstName>
        <identifiers>
          <gpoId>8275</gpoId>
          <lisID>968</lisID>
          <bioguideId>R000307</bioguideId>
        </identifiers>
        <byRequestType />
        <bioguideId>R000307</bioguideId>
      </item>
    </sponsors>
    <latestAction>
      <links />
      <text>Submitted in the Senate, considered, and agreed to without amendment and with a preamble by Unanimous Consent. (consideration: CR S717-718; text as passed Senate: CR S717)</text>
      <actionDate>2013-02-13</actionDate>
    </latestAction>
    <laws />
    <createDate>2013-02-14T07:00:52Z</createDate>
    <updateDate>2016-10-25T16:18:10Z</updateDate>
    <committees>
      <billCommittees />
    </committees>
    <recordedVotes />
    <introducedDate>2013-02-13</introducedDate>
    <relatedBills>
      <item>
        <latestTitle>Recognizing the 150th anniversary of Kansas State University.</latestTitle>
        <type>HRES</type>
        <number>70</number>
        <latestAction>
          <text>Referred to the House Committee on Education and the Workforce.</text>
          <actionDate>2013-02-14</actionDate>
        </latestAction>
        <relationshipDetails>
          <item>
            <type>Related bill</type>
            <identifiedBy>CRS</identifiedBy>
          </item>
        </relationshipDetails>
        <congress>113</congress>
      </item>
    </relatedBills>
    <billNumber>34</billNumber>
    <amendments />
    <billType>SRES</billType>
    <actions>
      <item>
        <actionDate>2013-02-13</actionDate>
        <committee />
        <links>
          <link>
            <name>S717</name>
            <url>/congressional-record/2013/senate-section/page/S717</url>
          </link>
          <link>
            <name>S717-718</name>
            <url>/congressional-record/2013/senate-section/page/S717-718</url>
          </link>
        </links>
        <sourceSystem>
          <name>Senate</name>
          <code>0</code>
        </sourceSystem>
        <text>Submitted in the Senate, considered, and agreed to without amendment and with a preamble by Unanimous Consent. (consideration: CR S717-718; text as passed Senate: CR S717)</text>
        <type>Floor</type>
      </item>
      <item>
        <links>
          <link>
            <name>S717</name>
            <url>/congressional-record/2013/senate-section/page/S717</url>
          </link>
          <link>
            <name>S717-718</name>
            <url>/congressional-record/2013/senate-section/page/S717-718</url>
          </link>
        </links>
        <actionCode>17000</actionCode>
        <committee />
        <type>Floor</type>
        <sourceSystem>
          <name>Library of Congress</name>
          <code>9</code>
        </sourceSystem>
        <text>Passed/agreed to in Senate: Submitted in the Senate, considered, and agreed to without amendment and with a preamble by Unanimous Consent.(consideration: CR S717-718; text as passed Senate: CR S717)</text>
        <actionDate>2013-02-13</actionDate>
      </item>
      <item>
        <links />
        <actionCode>10000</actionCode>
        <committee />
        <type>IntroReferral</type>
        <sourceSystem>
          <name>Library of Congress</name>
          <code>9</code>
        </sourceSystem>
        <text>Introduced in Senate</text>
        <actionDate>2013-02-13</actionDate>
      </item>
      <actionTypeCounts>
        <passedOrAgreedToInSenateDayOf>1</passedOrAgreedToInSenateDayOf>
        <passedAgreedToInSenate>1</passedAgreedToInSenate>
        <introducedInSenate>1</introducedInSenate>
      </actionTypeCounts>
      <actionByCounts>
        <senate>3</senate>
      </actionByCounts>
    </actions>
    <policyArea>
      <name>Education</name>
    </policyArea>
    <cosponsors>
      <item>
        <sponsorshipDate>2013-02-13</sponsorshipDate>
        <lastName>MORAN</lastName>
        <middleName />
        <firstName>JERRY</firstName>
        <fullName>Sen. Moran, Jerry [R-KS]</fullName>
        <bioguideId>M000934</bioguideId>
        <identifiers>
          <gpoId>8307</gpoId>
          <bioguideId>M000934</bioguideId>
          <lisID>1507</lisID>
        </identifiers>
        <sponsorshipWithdrawnDate />
        <isOriginalCosponsor>True</isOriginalCosponsor>
      </item>
    </cosponsors>
    <cboCostEstimates />
    <summaries>
      <billSummaries>
        <item>
          <updateDate>2013-02-13T05:00:00Z</updateDate>
          <text><![CDATA[<p>Congratulates Kansas State University for 150 years of fulfilling the mission of a land-grant university. <BR> </p>]]></text>
          <actionDate>2013-02-13</actionDate>
          <actionDesc>Introduced in Senate</actionDesc>
          <name>Introduced in Senate</name>
          <lastSummaryUpdateDate>2013-02-19T22:36:46Z</lastSummaryUpdateDate>
          <versionCode>00</versionCode>
        </item>
        <item>
          <updateDate>2013-02-13T12:48:41Z</updateDate>
          <text><![CDATA[<p><b>(This measure has not been amended since it was introduced. The summary of that version is repeated here.)</b></p> <p>Congratulates Kansas State University for 150 years of fulfilling the mission of a land-grant university. <BR> </p>]]></text>
          <actionDate>2013-02-13</actionDate>
          <actionDesc>Passed Senate without amendment</actionDesc>
          <name>Passed Senate without amendment</name>
          <lastSummaryUpdateDate>2013-02-19T22:36:54Z</lastSummaryUpdateDate>
          <versionCode>82</versionCode>
        </item>
      </billSummaries>
    </summaries>
    <committeeReports />
    <title>A resolution commemorating the 150th anniversary of Kansas State University.</title>
    <calendarNumbers />
    <notes />
    <subjects>
      <billSubjects>
        <policyArea>
          <name>Education</name>
        </policyArea>
        <legislativeSubjects>
          <item>
            <name>Agricultural education</name>
          </item>
          <item>
            <name>Commemorative events and holidays</name>
          </item>
          <item>
            <name>Congressional tributes</name>
          </item>
          <item>
            <name>Higher education</name>
          </item>
          <item>
            <name>Kansas</name>
          </item>
        </legislativeSubjects>
      </billSubjects>
    </subjects>
    <congress>113</congress>
    <originChamber>Senate</originChamber>
    <titles>
      <item>
        <chamberName />
        <titleType>Official Title as Introduced</titleType>
        <title>A resolution commemorating the 150th anniversary of Kansas State University.</title>
        <chamberCode />
        <parentTitleType />
      </item>
      <item>
        <chamberName />
        <titleType>Display Title</titleType>
        <title>A resolution commemorating the 150th anniversary of Kansas State University.</title>
        <chamberCode />
        <parentTitleType />
      </item>
    </titles>
  </bill>
  <dublinCore xmlns:dc="http://purl.org/dc/elements/1.1/">
    <dc:format>text/xml</dc:format>
    <dc:language>EN</dc:language>
    <dc:rights>Pursuant to Title 17 Section 105 of the United States Code, this file is not subject to copyright protection and is in the public domain.</dc:rights>
    <dc:contributor>Congressional Research Service, Library of Congress</dc:contributor>
    <dc:description>This file contains bill summaries and statuses for federal legislation. A bill summary describes the most significant provisions of a piece of legislation and details the effects the legislative text may have on current law and federal programs. Bill summaries are authored by the Congressional Research Service (CRS) of the Library of Congress. As stated in Public Law 91-510 (2 USC 166 (d)(6)), one of the duties of CRS is "to prepare summaries and digests of bills and resolutions of a public general nature introduced in the Senate or House of Representatives". For more information, refer to the User Guide that accompanies this file.</dc:description>
  </dublinCore>
</billStatus>

