<?xml version="1.0" encoding="UTF-8"?>
<billStatus>
  <bill>
    <billNumber>573</billNumber>
    <titles>
      <item>
        <chamberName />
        <titleType>Official Title as Introduced</titleType>
        <title>A resolution commemorating the 50th anniversary of the Wilderness Act.</title>
        <chamberCode />
        <parentTitleType />
      </item>
      <item>
        <chamberName />
        <titleType>Display Title</titleType>
        <title>A resolution commemorating the 50th anniversary of the Wilderness Act.</title>
        <chamberCode />
        <parentTitleType />
      </item>
    </titles>
    <actions>
      <item>
        <actionDate>2014-09-18</actionDate>
        <committee />
        <links>
          <link>
            <name>S5799-5800</name>
            <url>/congressional-record/2014/senate-section/page/S5799-5800</url>
          </link>
        </links>
        <sourceSystem>
          <name>Senate</name>
          <code>0</code>
        </sourceSystem>
        <text>Submitted in the Senate, considered, and agreed to without amendment and with a preamble by Unanimous Consent. (consideration: CR S5880; text as passed Senate: CR S5799-5800)</text>
        <type>Floor</type>
      </item>
      <item>
        <links>
          <link>
            <name>S5799-5800</name>
            <url>/congressional-record/2014/senate-section/page/S5799-5800</url>
          </link>
        </links>
        <actionCode>17000</actionCode>
        <committee />
        <type>Floor</type>
        <sourceSystem>
          <name>Library of Congress</name>
          <code>9</code>
        </sourceSystem>
        <text>Passed/agreed to in Senate: Submitted in the Senate, considered, and agreed to without amendment and with a preamble by Unanimous Consent.(consideration: CR S5880; text as passed Senate: CR S5799-5800)</text>
        <actionDate>2014-09-18</actionDate>
      </item>
      <item>
        <links />
        <actionCode>10000</actionCode>
        <committee />
        <type>IntroReferral</type>
        <sourceSystem>
          <name>Library of Congress</name>
          <code>9</code>
        </sourceSystem>
        <text>Introduced in Senate</text>
        <actionDate>2014-09-18</actionDate>
      </item>
      <actionTypeCounts>
        <passedOrAgreedToInSenateDayOf>1</passedOrAgreedToInSenateDayOf>
        <passedAgreedToInSenate>1</passedAgreedToInSenate>
        <introducedInSenate>1</introducedInSenate>
      </actionTypeCounts>
      <actionByCounts>
        <senate>3</senate>
      </actionByCounts>
    </actions>
    <updateDate>2016-10-25T16:19:30Z</updateDate>
    <summaries>
      <billSummaries>
        <item>
          <lastSummaryUpdateDate>2014-10-23T12:17:28Z</lastSummaryUpdateDate>
          <name>Introduced in Senate</name>
          <actionDesc>Introduced in Senate</actionDesc>
          <text><![CDATA[<p>Commemorates the 50th anniversary of the Wilderness Act.</p> <p>Commends the work of the individuals and organizations involved in building and maintaining the National Wilderness Preservation System.</p>]]></text>
          <actionDate>2014-09-18</actionDate>
          <versionCode>00</versionCode>
          <updateDate>2014-09-18T04:00:00Z</updateDate>
        </item>
        <item>
          <lastSummaryUpdateDate>2014-10-23T12:18:06Z</lastSummaryUpdateDate>
          <name>Passed Senate without amendment</name>
          <actionDesc>Passed Senate without amendment</actionDesc>
          <text><![CDATA[<p><b>(This measure has not been amended since it was introduced. The summary of that version is repeated here.)</b></p> <p>Commemorates the 50th anniversary of the Wilderness Act.</p> <p>Commends the work of the individuals and organizations involved in building and maintaining the National Wilderness Preservation System.</p>]]></text>
          <actionDate>2014-09-18</actionDate>
          <versionCode>82</versionCode>
          <updateDate>2014-09-18T19:21:33Z</updateDate>
        </item>
      </billSummaries>
    </summaries>
    <sponsors>
      <item>
        <firstName>RON</firstName>
        <fullName>Sen. Wyden, Ron [D-OR]</fullName>
        <middleName />
        <bioguideId>W000779</bioguideId>
        <byRequestType />
        <lastName>WYDEN</lastName>
        <identifiers>
          <bioguideId>W000779</bioguideId>
          <lisID>1247</lisID>
          <gpoId>8265</gpoId>
        </identifiers>
      </item>
    </sponsors>
    <congress>113</congress>
    <notes />
    <committees>
      <billCommittees />
    </committees>
    <introducedDate>2014-09-18</introducedDate>
    <createDate>2014-09-19T05:28:30Z</createDate>
    <policyArea>
      <name>Public Lands and Natural Resources</name>
    </policyArea>
    <laws />
    <billType>SRES</billType>
    <subjects>
      <billSubjects>
        <policyArea>
          <name>Public Lands and Natural Resources</name>
        </policyArea>
        <legislativeSubjects>
          <item>
            <name>Commemorative events and holidays</name>
          </item>
          <item>
            <name>Congressional tributes</name>
          </item>
          <item>
            <name>Wilderness and natural areas, wildlife refuges, wild rivers, habitats</name>
          </item>
        </legislativeSubjects>
      </billSubjects>
    </subjects>
    <cosponsors>
      <item>
        <middleName />
        <firstName>Jeff</firstName>
        <identifiers>
          <gpoId>8281</gpoId>
          <bioguideId>S001141</bioguideId>
          <lisID>1548</lisID>
        </identifiers>
        <bioguideId>S001141</bioguideId>
        <fullName>Sen. Sessions, Jeff [R-AL]</fullName>
        <lastName>Sessions</lastName>
        <sponsorshipWithdrawnDate />
        <sponsorshipDate>2014-09-18</sponsorshipDate>
        <isOriginalCosponsor>True</isOriginalCosponsor>
      </item>
      <item>
        <middleName />
        <firstName>MARK</firstName>
        <identifiers>
          <gpoId>8259</gpoId>
          <bioguideId>U000038</bioguideId>
          <lisID>1595</lisID>
        </identifiers>
        <bioguideId>U000038</bioguideId>
        <fullName>Sen. Udall, Mark [D-CO]</fullName>
        <lastName>UDALL</lastName>
        <sponsorshipWithdrawnDate />
        <sponsorshipDate>2014-09-18</sponsorshipDate>
        <isOriginalCosponsor>True</isOriginalCosponsor>
      </item>
      <item>
        <middleName />
        <firstName>Lamar</firstName>
        <identifiers>
          <gpoId>8304</gpoId>
          <lisID>1695</lisID>
          <bioguideId>A000360</bioguideId>
        </identifiers>
        <bioguideId>A000360</bioguideId>
        <fullName>Sen. Alexander, Lamar [R-TN]</fullName>
        <lastName>Alexander</lastName>
        <sponsorshipWithdrawnDate />
        <sponsorshipDate>2014-09-18</sponsorshipDate>
        <isOriginalCosponsor>True</isOriginalCosponsor>
      </item>
      <item>
        <middleName />
        <firstName>TOM</firstName>
        <identifiers>
          <bioguideId>U000039</bioguideId>
          <lisID>1567</lisID>
          <gpoId>8260</gpoId>
        </identifiers>
        <bioguideId>U000039</bioguideId>
        <fullName>Sen. Udall, Tom [D-NM]</fullName>
        <lastName>UDALL</lastName>
        <sponsorshipWithdrawnDate />
        <sponsorshipDate>2014-09-18</sponsorshipDate>
        <isOriginalCosponsor>True</isOriginalCosponsor>
      </item>
      <item>
        <middleName />
        <firstName>ROB</firstName>
        <identifiers>
          <bioguideId>P000449</bioguideId>
          <lisID>924</lisID>
          <gpoId>8266</gpoId>
        </identifiers>
        <bioguideId>P000449</bioguideId>
        <fullName>Sen. Portman, Rob [R-OH]</fullName>
        <lastName>PORTMAN</lastName>
        <sponsorshipWithdrawnDate />
        <sponsorshipDate>2014-09-18</sponsorshipDate>
        <isOriginalCosponsor>True</isOriginalCosponsor>
      </item>
      <item>
        <middleName>F.</middleName>
        <firstName>Michael</firstName>
        <identifiers>
          <gpoId>8302</gpoId>
          <lisID>1965</lisID>
          <bioguideId>B001267</bioguideId>
        </identifiers>
        <bioguideId>B001267</bioguideId>
        <fullName>Sen. Bennet, Michael F. [D-CO]</fullName>
        <lastName>Bennet</lastName>
        <sponsorshipWithdrawnDate />
        <sponsorshipDate>2014-09-18</sponsorshipDate>
        <isOriginalCosponsor>True</isOriginalCosponsor>
      </item>
      <item>
        <middleName />
        <firstName>RICHARD</firstName>
        <identifiers>
          <lisID>153</lisID>
          <bioguideId>B001135</bioguideId>
          <gpoId>8286</gpoId>
        </identifiers>
        <bioguideId>B001135</bioguideId>
        <fullName>Sen. Burr, Richard [R-NC]</fullName>
        <lastName>BURR</lastName>
        <sponsorshipWithdrawnDate />
        <sponsorshipDate>2014-09-18</sponsorshipDate>
        <isOriginalCosponsor>True</isOriginalCosponsor>
      </item>
      <item>
        <middleName>RICHARD</middleName>
        <firstName>THOMAS</firstName>
        <identifiers>
          <gpoId>8317</gpoId>
          <bioguideId>H000206</bioguideId>
          <lisID>501</lisID>
        </identifiers>
        <bioguideId>H000206</bioguideId>
        <fullName>Sen. Harkin, Tom [D-IA]</fullName>
        <lastName>HARKIN</lastName>
        <sponsorshipWithdrawnDate />
        <sponsorshipDate>2014-09-18</sponsorshipDate>
        <isOriginalCosponsor>True</isOriginalCosponsor>
      </item>
      <item>
        <middleName>STEVEN</middleName>
        <firstName>MARK</firstName>
        <identifiers>
          <gpoId>8285</gpoId>
          <bioguideId>K000360</bioguideId>
          <lisID>1647</lisID>
        </identifiers>
        <bioguideId>K000360</bioguideId>
        <fullName>Sen. Kirk, Mark Steven [R-IL]</fullName>
        <lastName>KIRK</lastName>
        <sponsorshipWithdrawnDate />
        <sponsorshipDate>2014-09-18</sponsorshipDate>
        <isOriginalCosponsor>True</isOriginalCosponsor>
      </item>
      <item>
        <middleName>J.</middleName>
        <firstName>EDWARD</firstName>
        <identifiers>
          <bioguideId>M000133</bioguideId>
          <lisID>735</lisID>
          <gpoId>7972</gpoId>
        </identifiers>
        <bioguideId>M000133</bioguideId>
        <fullName>Sen. Markey, Edward J. [D-MA]</fullName>
        <lastName>MARKEY</lastName>
        <sponsorshipWithdrawnDate />
        <sponsorshipDate>2014-09-18</sponsorshipDate>
        <isOriginalCosponsor>True</isOriginalCosponsor>
      </item>
      <item>
        <middleName>J.</middleName>
        <firstName>RICHARD</firstName>
        <identifiers>
          <gpoId>8326</gpoId>
          <bioguideId>D000563</bioguideId>
          <lisID>326</lisID>
        </identifiers>
        <bioguideId>D000563</bioguideId>
        <fullName>Sen. Durbin, Richard [D-IL]</fullName>
        <lastName>DURBIN</lastName>
        <sponsorshipWithdrawnDate />
        <sponsorshipDate>2014-09-18</sponsorshipDate>
        <isOriginalCosponsor>True</isOriginalCosponsor>
      </item>
      <item>
        <middleName>MILTON</middleName>
        <firstName>CARL</firstName>
        <identifiers>
          <gpoId>8243</gpoId>
          <lisID>1384</lisID>
          <bioguideId>L000261</bioguideId>
        </identifiers>
        <bioguideId>L000261</bioguideId>
        <fullName>Sen. Levin, Carl [D-MI]</fullName>
        <lastName>LEVIN</lastName>
        <sponsorshipWithdrawnDate />
        <sponsorshipDate>2014-09-18</sponsorshipDate>
        <isOriginalCosponsor>True</isOriginalCosponsor>
      </item>
      <item>
        <middleName>ANN</middleName>
        <firstName>DEBORAH</firstName>
        <identifiers>
          <gpoId>8261</gpoId>
          <bioguideId>S000770</bioguideId>
          <lisID>1531</lisID>
        </identifiers>
        <bioguideId>S000770</bioguideId>
        <fullName>Sen. Stabenow, Debbie [D-MI]</fullName>
        <lastName>STABENOW</lastName>
        <sponsorshipWithdrawnDate />
        <sponsorshipDate>2014-09-18</sponsorshipDate>
        <isOriginalCosponsor>True</isOriginalCosponsor>
      </item>
      <item>
        <middleName />
        <firstName>MARIA</firstName>
        <identifiers>
          <gpoId>8288</gpoId>
          <bioguideId>C000127</bioguideId>
          <lisID>172</lisID>
        </identifiers>
        <bioguideId>C000127</bioguideId>
        <fullName>Sen. Cantwell, Maria [D-WA]</fullName>
        <lastName>CANTWELL</lastName>
        <sponsorshipWithdrawnDate />
        <sponsorshipDate>2014-09-18</sponsorshipDate>
        <isOriginalCosponsor>True</isOriginalCosponsor>
      </item>
      <item>
        <middleName />
        <firstName>TIM</firstName>
        <identifiers>
          <lisID>604</lisID>
          <bioguideId>J000177</bioguideId>
          <gpoId>8319</gpoId>
        </identifiers>
        <bioguideId>J000177</bioguideId>
        <fullName>Sen. Johnson, Tim [D-SD]</fullName>
        <lastName>JOHNSON</lastName>
        <sponsorshipWithdrawnDate />
        <sponsorshipDate>2014-09-18</sponsorshipDate>
        <isOriginalCosponsor>True</isOriginalCosponsor>
      </item>
      <item>
        <middleName />
        <firstName>ROBERT</firstName>
        <identifiers>
          <gpoId>8239</gpoId>
          <bioguideId>M000639</bioguideId>
          <lisID>791</lisID>
        </identifiers>
        <bioguideId>M000639</bioguideId>
        <fullName>Sen. Menendez, Robert [D-NJ]</fullName>
        <lastName>MENENDEZ</lastName>
        <sponsorshipWithdrawnDate />
        <sponsorshipDate>2014-09-18</sponsorshipDate>
        <isOriginalCosponsor>True</isOriginalCosponsor>
      </item>
      <item>
        <middleName>M.</middleName>
        <firstName>HARRY</firstName>
        <identifiers>
          <bioguideId>R000146</bioguideId>
          <lisID>952</lisID>
          <gpoId>8271</gpoId>
        </identifiers>
        <bioguideId>R000146</bioguideId>
        <fullName>Sen. Reid, Harry [D-NV]</fullName>
        <lastName>REID</lastName>
        <sponsorshipWithdrawnDate />
        <sponsorshipDate>2014-09-18</sponsorshipDate>
        <isOriginalCosponsor>True</isOriginalCosponsor>
      </item>
      <item>
        <middleName>E.</middleName>
        <firstName>John</firstName>
        <identifiers>
          <lisID>2198</lisID>
          <gpoId />
          <bioguideId>W000818</bioguideId>
        </identifiers>
        <bioguideId>W000818</bioguideId>
        <fullName>Sen. Walsh, John E. [D-MT]</fullName>
        <lastName>Walsh</lastName>
        <sponsorshipWithdrawnDate />
        <sponsorshipDate>2014-09-18</sponsorshipDate>
        <isOriginalCosponsor>True</isOriginalCosponsor>
      </item>
      <item>
        <middleName />
        <firstName>BARBARA</firstName>
        <identifiers>
          <bioguideId>B000711</bioguideId>
          <lisID>116</lisID>
          <gpoId>8306</gpoId>
        </identifiers>
        <bioguideId>B000711</bioguideId>
        <fullName>Sen. Boxer, Barbara [D-CA]</fullName>
        <lastName>BOXER</lastName>
        <sponsorshipWithdrawnDate />
        <sponsorshipDate>2014-09-18</sponsorshipDate>
        <isOriginalCosponsor>True</isOriginalCosponsor>
      </item>
      <item>
        <middleName />
        <firstName>DIANNE</firstName>
        <identifiers>
          <gpoId>8338</gpoId>
          <lisID>1332</lisID>
          <bioguideId>F000062</bioguideId>
        </identifiers>
        <bioguideId>F000062</bioguideId>
        <fullName>Sen. Feinstein, Dianne [D-CA]</fullName>
        <lastName>FEINSTEIN</lastName>
        <sponsorshipWithdrawnDate />
        <sponsorshipDate>2014-09-18</sponsorshipDate>
        <isOriginalCosponsor>True</isOriginalCosponsor>
      </item>
      <item>
        <middleName>A.</middleName>
        <firstName>Cory</firstName>
        <identifiers>
          <lisID>2194</lisID>
          <gpoId />
          <bioguideId>B001288</bioguideId>
        </identifiers>
        <bioguideId>B001288</bioguideId>
        <fullName>Sen. Booker, Cory A. [D-NJ]</fullName>
        <lastName>Booker</lastName>
        <sponsorshipWithdrawnDate />
        <sponsorshipDate>2014-09-18</sponsorshipDate>
        <isOriginalCosponsor>True</isOriginalCosponsor>
      </item>
      <item>
        <middleName />
        <firstName>Richard</firstName>
        <identifiers>
          <bioguideId>B001277</bioguideId>
          <lisID>2076</lisID>
          <gpoId>8332</gpoId>
        </identifiers>
        <bioguideId>B001277</bioguideId>
        <fullName>Sen. Blumenthal, Richard [D-CT]</fullName>
        <lastName>Blumenthal</lastName>
        <sponsorshipWithdrawnDate />
        <sponsorshipDate>2014-09-18</sponsorshipDate>
        <isOriginalCosponsor>True</isOriginalCosponsor>
      </item>
      <item>
        <middleName />
        <firstName>Amy</firstName>
        <identifiers>
          <gpoId>8249</gpoId>
          <bioguideId>K000367</bioguideId>
          <lisID>1826</lisID>
        </identifiers>
        <bioguideId>K000367</bioguideId>
        <fullName>Sen. Klobuchar, Amy [D-MN]</fullName>
        <lastName>Klobuchar</lastName>
        <sponsorshipWithdrawnDate />
        <sponsorshipDate>2014-09-18</sponsorshipDate>
        <isOriginalCosponsor>True</isOriginalCosponsor>
      </item>
      <item>
        <middleName />
        <firstName>PATTY</firstName>
        <identifiers>
          <lisID>1409</lisID>
          <bioguideId>M001111</bioguideId>
          <gpoId>8237</gpoId>
        </identifiers>
        <bioguideId>M001111</bioguideId>
        <fullName>Sen. Murray, Patty [D-WA]</fullName>
        <lastName>MURRAY</lastName>
        <sponsorshipWithdrawnDate />
        <sponsorshipDate>2014-09-18</sponsorshipDate>
        <isOriginalCosponsor>True</isOriginalCosponsor>
      </item>
      <item>
        <middleName />
        <firstName>Angus</firstName>
        <identifiers>
          <gpoId />
          <lisID>2185</lisID>
          <bioguideId>K000383</bioguideId>
        </identifiers>
        <bioguideId>K000383</bioguideId>
        <fullName>Sen. King, Angus S. Jr. [I-ME]</fullName>
        <lastName>King</lastName>
        <sponsorshipWithdrawnDate />
        <sponsorshipDate>2014-09-18</sponsorshipDate>
        <isOriginalCosponsor>True</isOriginalCosponsor>
      </item>
      <item>
        <middleName>A.</middleName>
        <firstName>Christopher</firstName>
        <identifiers>
          <bioguideId>C001088</bioguideId>
          <lisID>1984</lisID>
          <gpoId>8297</gpoId>
        </identifiers>
        <bioguideId>C001088</bioguideId>
        <fullName>Sen. Coons, Christopher A. [D-DE]</fullName>
        <lastName>Coons</lastName>
        <sponsorshipWithdrawnDate />
        <sponsorshipDate>2014-09-18</sponsorshipDate>
        <isOriginalCosponsor>True</isOriginalCosponsor>
      </item>
      <item>
        <middleName />
        <firstName>Bob</firstName>
        <identifiers>
          <gpoId>8282</gpoId>
          <lisID>1828</lisID>
          <bioguideId>C001070</bioguideId>
        </identifiers>
        <bioguideId>C001070</bioguideId>
        <fullName>Sen. Casey, Robert P., Jr. [D-PA]</fullName>
        <lastName>Casey</lastName>
        <sponsorshipWithdrawnDate />
        <sponsorshipDate>2014-09-18</sponsorshipDate>
        <isOriginalCosponsor>True</isOriginalCosponsor>
      </item>
      <item>
        <middleName />
        <firstName>Brian</firstName>
        <identifiers>
          <bioguideId>S001194</bioguideId>
          <lisID>2173</lisID>
          <gpoId />
        </identifiers>
        <bioguideId>S001194</bioguideId>
        <fullName>Sen. Schatz, Brian [D-HI]</fullName>
        <lastName>Schatz</lastName>
        <sponsorshipWithdrawnDate />
        <sponsorshipDate>2014-09-18</sponsorshipDate>
        <isOriginalCosponsor>True</isOriginalCosponsor>
      </item>
      <item>
        <middleName>K.</middleName>
        <firstName>Mazie</firstName>
        <identifiers>
          <lisID>1844</lisID>
          <gpoId>7913</gpoId>
          <bioguideId>H001042</bioguideId>
        </identifiers>
        <bioguideId>H001042</bioguideId>
        <fullName>Sen. Hirono, Mazie K. [D-HI]</fullName>
        <lastName>Hirono</lastName>
        <sponsorshipWithdrawnDate />
        <sponsorshipDate>2014-09-18</sponsorshipDate>
        <isOriginalCosponsor>True</isOriginalCosponsor>
      </item>
      <item>
        <middleName />
        <firstName>Jon</firstName>
        <identifiers>
          <bioguideId>T000464</bioguideId>
          <lisID>1829</lisID>
          <gpoId>8258</gpoId>
        </identifiers>
        <bioguideId>T000464</bioguideId>
        <fullName>Sen. Tester, Jon [D-MT]</fullName>
        <lastName>Tester</lastName>
        <sponsorshipWithdrawnDate />
        <sponsorshipDate>2014-09-18</sponsorshipDate>
        <isOriginalCosponsor>True</isOriginalCosponsor>
      </item>
      <item>
        <middleName />
        <firstName>Martin</firstName>
        <identifiers>
          <bioguideId>H001046</bioguideId>
          <lisID>1937</lisID>
          <gpoId>8056</gpoId>
        </identifiers>
        <bioguideId>H001046</bioguideId>
        <fullName>Sen. Heinrich, Martin [D-NM]</fullName>
        <lastName>Heinrich</lastName>
        <sponsorshipWithdrawnDate />
        <sponsorshipDate>2014-09-18</sponsorshipDate>
        <isOriginalCosponsor>True</isOriginalCosponsor>
      </item>
      <item>
        <middleName />
        <firstName>Al</firstName>
        <identifiers>
          <bioguideId>F000457</bioguideId>
          <lisID>1969</lisID>
          <gpoId>8339</gpoId>
        </identifiers>
        <bioguideId>F000457</bioguideId>
        <fullName>Sen. Franken, Al [D-MN]</fullName>
        <lastName>Franken</lastName>
        <sponsorshipWithdrawnDate />
        <sponsorshipDate>2014-09-18</sponsorshipDate>
        <isOriginalCosponsor>True</isOriginalCosponsor>
      </item>
      <item>
        <middleName />
        <firstName>BERNARD</firstName>
        <identifiers>
          <lisID>1010</lisID>
          <bioguideId>S000033</bioguideId>
          <gpoId>8270</gpoId>
        </identifiers>
        <bioguideId>S000033</bioguideId>
        <fullName>Sen. Sanders, Bernard [I-VT]</fullName>
        <lastName>SANDERS</lastName>
        <sponsorshipWithdrawnDate />
        <sponsorshipDate>2014-09-18</sponsorshipDate>
        <isOriginalCosponsor>True</isOriginalCosponsor>
      </item>
      <item>
        <middleName />
        <firstName>Jeff</firstName>
        <identifiers>
          <lisID>1900</lisID>
          <gpoId>8238</gpoId>
          <bioguideId>M001176</bioguideId>
        </identifiers>
        <bioguideId>M001176</bioguideId>
        <fullName>Sen. Merkley, Jeff [D-OR]</fullName>
        <lastName>Merkley</lastName>
        <sponsorshipWithdrawnDate />
        <sponsorshipDate>2014-09-18</sponsorshipDate>
        <isOriginalCosponsor>True</isOriginalCosponsor>
      </item>
      <item>
        <middleName>R.</middleName>
        <firstName>Mark</firstName>
        <identifiers>
          <gpoId>8269</gpoId>
          <bioguideId>W000805</bioguideId>
          <lisID>1897</lisID>
        </identifiers>
        <bioguideId>W000805</bioguideId>
        <fullName>Sen. Warner, Mark R. [D-VA]</fullName>
        <lastName>Warner</lastName>
        <sponsorshipWithdrawnDate />
        <sponsorshipDate>2014-09-18</sponsorshipDate>
        <isOriginalCosponsor>True</isOriginalCosponsor>
      </item>
      <item>
        <middleName />
        <firstName>TAMMY</firstName>
        <identifiers>
          <lisID>1558</lisID>
          <bioguideId>B001230</bioguideId>
          <gpoId>8215</gpoId>
        </identifiers>
        <bioguideId>B001230</bioguideId>
        <fullName>Sen. Baldwin, Tammy [D-WI]</fullName>
        <lastName>BALDWIN</lastName>
        <sponsorshipWithdrawnDate />
        <sponsorshipDate>2014-09-18</sponsorshipDate>
        <isOriginalCosponsor>True</isOriginalCosponsor>
      </item>
      <item>
        <middleName>ANN</middleName>
        <firstName>BARBARA</firstName>
        <identifiers>
          <bioguideId>M000702</bioguideId>
          <lisID>802</lisID>
          <gpoId>8240</gpoId>
        </identifiers>
        <bioguideId>M000702</bioguideId>
        <fullName>Sen. Mikulski, Barbara A. [D-MD]</fullName>
        <lastName>MIKULSKI</lastName>
        <sponsorshipWithdrawnDate />
        <sponsorshipDate>2014-09-18</sponsorshipDate>
        <isOriginalCosponsor>True</isOriginalCosponsor>
      </item>
      <item>
        <middleName>L.</middleName>
        <firstName>BENJAMIN</firstName>
        <identifiers>
          <gpoId>8287</gpoId>
          <bioguideId>C000141</bioguideId>
          <lisID>174</lisID>
        </identifiers>
        <bioguideId>C000141</bioguideId>
        <fullName>Sen. Cardin, Benjamin L. [D-MD]</fullName>
        <lastName>CARDIN</lastName>
        <sponsorshipWithdrawnDate />
        <sponsorshipDate>2014-09-18</sponsorshipDate>
        <isOriginalCosponsor>True</isOriginalCosponsor>
      </item>
      <item>
        <middleName />
        <firstName>JAY</firstName>
        <identifiers>
          <gpoId>8273</gpoId>
          <lisID>1424</lisID>
          <bioguideId>R000361</bioguideId>
        </identifiers>
        <bioguideId>R000361</bioguideId>
        <fullName>Sen. Rockefeller, John D., IV [D-WV]</fullName>
        <lastName>ROCKEFELLER</lastName>
        <sponsorshipWithdrawnDate />
        <sponsorshipDate>2014-09-18</sponsorshipDate>
        <isOriginalCosponsor>True</isOriginalCosponsor>
      </item>
      <item>
        <middleName>S.</middleName>
        <firstName>Christopher</firstName>
        <identifiers>
          <lisID>1837</lisID>
          <bioguideId>M001169</bioguideId>
          <gpoId>7870</gpoId>
        </identifiers>
        <bioguideId>M001169</bioguideId>
        <fullName>Sen. Murphy, Christopher S. [D-CT]</fullName>
        <lastName>Murphy</lastName>
        <sponsorshipWithdrawnDate />
        <sponsorshipDate>2014-09-18</sponsorshipDate>
        <isOriginalCosponsor>True</isOriginalCosponsor>
      </item>
      <item>
        <middleName>R.</middleName>
        <firstName>Kay</firstName>
        <identifiers>
          <bioguideId>H001049</bioguideId>
          <lisID>1902</lisID>
          <gpoId>8318</gpoId>
        </identifiers>
        <bioguideId>H001049</bioguideId>
        <fullName>Sen. Hagan, Kay [D-NC]</fullName>
        <lastName>Hagan</lastName>
        <sponsorshipWithdrawnDate />
        <sponsorshipDate>2014-09-18</sponsorshipDate>
        <isOriginalCosponsor>True</isOriginalCosponsor>
      </item>
      <item>
        <middleName>A.</middleName>
        <firstName>Elizabeth</firstName>
        <identifiers>
          <lisID>2182</lisID>
          <bioguideId>W000817</bioguideId>
          <gpoId />
        </identifiers>
        <bioguideId>W000817</bioguideId>
        <fullName>Sen. Warren, Elizabeth [D-MA]</fullName>
        <lastName>Warren</lastName>
        <sponsorshipWithdrawnDate />
        <sponsorshipDate>2014-09-18</sponsorshipDate>
        <isOriginalCosponsor>True</isOriginalCosponsor>
      </item>
      <item>
        <middleName>MARGARET</middleName>
        <firstName>SUSAN</firstName>
        <identifiers>
          <gpoId>8291</gpoId>
          <lisID>1541</lisID>
          <bioguideId>C001035</bioguideId>
        </identifiers>
        <bioguideId>C001035</bioguideId>
        <fullName>Sen. Collins, Susan M. [R-ME]</fullName>
        <lastName>COLLINS</lastName>
        <sponsorshipWithdrawnDate />
        <sponsorshipDate>2014-11-12</sponsorshipDate>
        <isOriginalCosponsor>False</isOriginalCosponsor>
      </item>
    </cosponsors>
    <calendarNumbers />
    <relatedBills>
      <item>
        <latestAction>
          <actionDate>2014-09-17</actionDate>
          <text>Referred to the House Committee on Natural Resources.</text>
        </latestAction>
        <type>HRES</type>
        <congress>113</congress>
        <relationshipDetails>
          <item>
            <type>Identical bill</type>
            <identifiedBy>CRS</identifiedBy>
          </item>
        </relationshipDetails>
        <number>730</number>
        <latestTitle>Commemorating the 50th anniversary of the Wilderness Act.</latestTitle>
      </item>
    </relatedBills>
    <amendments />
    <recordedVotes />
    <title>A resolution commemorating the 50th anniversary of the Wilderness Act.</title>
    <latestAction>
      <actionDate>2014-09-18</actionDate>
      <text>Submitted in the Senate, considered, and agreed to without amendment and with a preamble by Unanimous Consent. (consideration: CR S5880; text as passed Senate: CR S5799-5800)</text>
      <links />
    </latestAction>
    <cboCostEstimates />
    <originChamber>Senate</originChamber>
    <committeeReports />
  </bill>
  <dublinCore xmlns:dc="http://purl.org/dc/elements/1.1/">
    <dc:format>text/xml</dc:format>
    <dc:language>EN</dc:language>
    <dc:rights>Pursuant to Title 17 Section 105 of the United States Code, this file is not subject to copyright protection and is in the public domain.</dc:rights>
    <dc:contributor>Congressional Research Service, Library of Congress</dc:contributor>
    <dc:description>This file contains bill summaries and statuses for federal legislation. A bill summary describes the most significant provisions of a piece of legislation and details the effects the legislative text may have on current law and federal programs. Bill summaries are authored by the Congressional Research Service (CRS) of the Library of Congress. As stated in Public Law 91-510 (2 USC 166 (d)(6)), one of the duties of CRS is "to prepare summaries and digests of bills and resolutions of a public general nature introduced in the Senate or House of Representatives". For more information, refer to the User Guide that accompanies this file.</dc:description>
  </dublinCore>
</billStatus>

