<?xml version="1.0" encoding="UTF-8"?>
<billStatus>
  <bill>
    <latestAction>
      <actionDate>2013-05-08</actionDate>
      <text>Referred to the Committee on Health, Education, Labor, and Pensions. (text of measure as introduced: CR S3263)</text>
      <links />
    </latestAction>
    <committeeReports />
    <cboCostEstimates />
    <billType>SRES</billType>
    <relatedBills>
      <item>
        <number>206</number>
        <relationshipDetails>
          <item>
            <type>Identical bill</type>
            <identifiedBy>CRS</identifiedBy>
          </item>
        </relationshipDetails>
        <congress>113</congress>
        <latestAction>
          <actionDate>2013-06-14</actionDate>
          <text>Referred to the Subcommittee on the Constitution and Civil Justice.</text>
        </latestAction>
        <latestTitle>Expressing the sense of the House of Representatives that Congress and the States should investigate and correct abusive, unsanitary, and illegal abortion practices.</latestTitle>
        <type>HRES</type>
      </item>
    </relatedBills>
    <createDate>2013-05-09T07:02:11Z</createDate>
    <title>A resolution expressing the sense of the Senate that Congress and the States should investigate and correct abusive, unsanitary, and illegal abortion practices.</title>
    <cosponsors>
      <item>
        <middleName />
        <firstName>Pat</firstName>
        <identifiers>
          <gpoId />
          <lisID>1594</lisID>
          <bioguideId>T000461</bioguideId>
        </identifiers>
        <bioguideId>T000461</bioguideId>
        <fullName>Sen. Toomey, Pat [R-PA]</fullName>
        <lastName>Toomey</lastName>
        <sponsorshipWithdrawnDate />
        <sponsorshipDate>2013-05-08</sponsorshipDate>
        <isOriginalCosponsor>True</isOriginalCosponsor>
      </item>
      <item>
        <middleName />
        <firstName>Marco</firstName>
        <identifiers>
          <lisID>2084</lisID>
          <bioguideId>R000595</bioguideId>
          <gpoId>8242</gpoId>
        </identifiers>
        <bioguideId>R000595</bioguideId>
        <fullName>Sen. Rubio, Marco [R-FL]</fullName>
        <lastName>Rubio</lastName>
        <sponsorshipWithdrawnDate />
        <sponsorshipDate>2013-05-08</sponsorshipDate>
        <isOriginalCosponsor>True</isOriginalCosponsor>
      </item>
      <item>
        <middleName />
        <firstName>Tim</firstName>
        <identifiers>
          <bioguideId>S001184</bioguideId>
          <lisID>2056</lisID>
          <gpoId>8141</gpoId>
        </identifiers>
        <bioguideId>S001184</bioguideId>
        <fullName>Sen. Scott, Tim [R-SC]</fullName>
        <lastName>Scott</lastName>
        <sponsorshipWithdrawnDate />
        <sponsorshipDate>2013-05-08</sponsorshipDate>
        <isOriginalCosponsor>True</isOriginalCosponsor>
      </item>
      <item>
        <middleName />
        <firstName>Ted</firstName>
        <identifiers>
          <gpoId />
          <lisID>2175</lisID>
          <bioguideId>C001098</bioguideId>
        </identifiers>
        <bioguideId>C001098</bioguideId>
        <fullName>Sen. Cruz, Ted [R-TX]</fullName>
        <lastName>Cruz</lastName>
        <sponsorshipWithdrawnDate />
        <sponsorshipDate>2013-05-08</sponsorshipDate>
        <isOriginalCosponsor>True</isOriginalCosponsor>
      </item>
      <item>
        <middleName />
        <firstName>JIM</firstName>
        <identifiers>
          <gpoId>8322</gpoId>
          <bioguideId>I000024</bioguideId>
          <lisID>583</lisID>
        </identifiers>
        <bioguideId>I000024</bioguideId>
        <fullName>Sen. Inhofe, James M. [R-OK]</fullName>
        <lastName>INHOFE</lastName>
        <sponsorshipWithdrawnDate />
        <sponsorshipDate>2013-05-08</sponsorshipDate>
        <isOriginalCosponsor>True</isOriginalCosponsor>
      </item>
      <item>
        <middleName />
        <firstName>RICHARD</firstName>
        <identifiers>
          <gpoId>8286</gpoId>
          <lisID>153</lisID>
          <bioguideId>B001135</bioguideId>
        </identifiers>
        <bioguideId>B001135</bioguideId>
        <fullName>Sen. Burr, Richard [R-NC]</fullName>
        <lastName>BURR</lastName>
        <sponsorshipWithdrawnDate />
        <sponsorshipDate>2013-05-08</sponsorshipDate>
        <isOriginalCosponsor>True</isOriginalCosponsor>
      </item>
      <item>
        <middleName />
        <firstName>David</firstName>
        <identifiers>
          <gpoId>8267</gpoId>
          <lisID>1609</lisID>
          <bioguideId>V000127</bioguideId>
        </identifiers>
        <bioguideId>V000127</bioguideId>
        <fullName>Sen. Vitter, David [R-LA]</fullName>
        <lastName>Vitter</lastName>
        <sponsorshipWithdrawnDate />
        <sponsorshipDate>2013-05-08</sponsorshipDate>
        <isOriginalCosponsor>True</isOriginalCosponsor>
      </item>
      <item>
        <middleName />
        <firstName>John</firstName>
        <identifiers>
          <bioguideId>B001236</bioguideId>
          <lisID>1687</lisID>
          <gpoId>8247</gpoId>
        </identifiers>
        <bioguideId>B001236</bioguideId>
        <fullName>Sen. Boozman, John [R-AR]</fullName>
        <lastName>Boozman</lastName>
        <sponsorshipWithdrawnDate />
        <sponsorshipDate>2013-05-08</sponsorshipDate>
        <isOriginalCosponsor>True</isOriginalCosponsor>
      </item>
      <item>
        <middleName />
        <firstName>Roy</firstName>
        <identifiers>
          <gpoId>8313</gpoId>
          <bioguideId>B000575</bioguideId>
          <lisID>1464</lisID>
        </identifiers>
        <bioguideId>B000575</bioguideId>
        <fullName>Sen. Blunt, Roy [R-MO]</fullName>
        <lastName>Blunt</lastName>
        <sponsorshipWithdrawnDate />
        <sponsorshipDate>2013-05-08</sponsorshipDate>
        <isOriginalCosponsor>True</isOriginalCosponsor>
      </item>
      <item>
        <middleName />
        <firstName>Deb</firstName>
        <identifiers>
          <gpoId />
          <bioguideId>F000463</bioguideId>
          <lisID>2179</lisID>
        </identifiers>
        <bioguideId>F000463</bioguideId>
        <fullName>Sen. Fischer, Deb [R-NE]</fullName>
        <lastName>Fischer</lastName>
        <sponsorshipWithdrawnDate />
        <sponsorshipDate>2013-05-08</sponsorshipDate>
        <isOriginalCosponsor>True</isOriginalCosponsor>
      </item>
      <item>
        <middleName>R.</middleName>
        <firstName>JOHN</firstName>
        <identifiers>
          <lisID>1534</lisID>
          <bioguideId>T000250</bioguideId>
          <gpoId>8257</gpoId>
        </identifiers>
        <bioguideId>T000250</bioguideId>
        <fullName>Sen. Thune, John [R-SD]</fullName>
        <lastName>THUNE</lastName>
        <sponsorshipWithdrawnDate />
        <sponsorshipDate>2013-05-08</sponsorshipDate>
        <isOriginalCosponsor>True</isOriginalCosponsor>
      </item>
      <item>
        <middleName />
        <firstName>Mike</firstName>
        <identifiers>
          <bioguideId>J000291</bioguideId>
          <lisID>1899</lisID>
          <gpoId>8325</gpoId>
        </identifiers>
        <bioguideId>J000291</bioguideId>
        <fullName>Sen. Johanns, Mike [R-NE]</fullName>
        <lastName>Johanns</lastName>
        <sponsorshipWithdrawnDate />
        <sponsorshipDate>2013-05-08</sponsorshipDate>
        <isOriginalCosponsor>True</isOriginalCosponsor>
      </item>
      <item>
        <middleName />
        <firstName>Rand</firstName>
        <identifiers>
          <lisID>2082</lisID>
          <gpoId>8308</gpoId>
          <bioguideId>P000603</bioguideId>
        </identifiers>
        <bioguideId>P000603</bioguideId>
        <fullName>Sen. Paul, Rand [R-KY]</fullName>
        <lastName>Paul</lastName>
        <sponsorshipWithdrawnDate />
        <sponsorshipDate>2013-05-08</sponsorshipDate>
        <isOriginalCosponsor>True</isOriginalCosponsor>
      </item>
      <item>
        <middleName />
        <firstName>MITCH</firstName>
        <identifiers>
          <lisID>1395</lisID>
          <bioguideId>M000355</bioguideId>
          <gpoId>8254</gpoId>
        </identifiers>
        <bioguideId>M000355</bioguideId>
        <fullName>Sen. McConnell, Mitch [R-KY]</fullName>
        <lastName>MCCONNELL</lastName>
        <sponsorshipWithdrawnDate />
        <sponsorshipDate>2013-05-08</sponsorshipDate>
        <isOriginalCosponsor>True</isOriginalCosponsor>
      </item>
      <item>
        <middleName>RAY</middleName>
        <firstName>DANIEL</firstName>
        <identifiers>
          <bioguideId>C000542</bioguideId>
          <lisID>209</lisID>
          <gpoId>8299</gpoId>
        </identifiers>
        <bioguideId>C000542</bioguideId>
        <fullName>Sen. Coats, Daniel [R-IN]</fullName>
        <lastName>COATS</lastName>
        <sponsorshipWithdrawnDate />
        <sponsorshipDate>2013-05-08</sponsorshipDate>
        <isOriginalCosponsor>True</isOriginalCosponsor>
      </item>
      <item>
        <middleName />
        <firstName>John</firstName>
        <identifiers>
          <lisID>1692</lisID>
          <bioguideId>C001056</bioguideId>
          <gpoId>8295</gpoId>
        </identifiers>
        <bioguideId>C001056</bioguideId>
        <fullName>Sen. Cornyn, John [R-TX]</fullName>
        <lastName>Cornyn</lastName>
        <sponsorshipWithdrawnDate />
        <sponsorshipDate>2013-05-08</sponsorshipDate>
        <isOriginalCosponsor>True</isOriginalCosponsor>
      </item>
      <item>
        <middleName />
        <firstName>Thad</firstName>
        <identifiers>
          <lisID>213</lisID>
          <gpoId>8292</gpoId>
          <bioguideId>C000567</bioguideId>
        </identifiers>
        <bioguideId>C000567</bioguideId>
        <fullName>Sen. Cochran, Thad [R-MS]</fullName>
        <lastName>Cochran</lastName>
        <sponsorshipWithdrawnDate />
        <sponsorshipDate>2013-05-08</sponsorshipDate>
        <isOriginalCosponsor>True</isOriginalCosponsor>
      </item>
      <item>
        <middleName />
        <firstName>SAXBY</firstName>
        <identifiers>
          <lisID>188</lisID>
          <gpoId>8284</gpoId>
          <bioguideId>C000286</bioguideId>
        </identifiers>
        <bioguideId>C000286</bioguideId>
        <fullName>Sen. Chambliss, Saxby [R-GA]</fullName>
        <lastName>CHAMBLISS</lastName>
        <sponsorshipWithdrawnDate />
        <sponsorshipDate>2013-05-08</sponsorshipDate>
        <isOriginalCosponsor>True</isOriginalCosponsor>
      </item>
      <item>
        <middleName />
        <firstName>Kelly</firstName>
        <identifiers>
          <lisID>2075</lisID>
          <gpoId>8315</gpoId>
          <bioguideId>A000368</bioguideId>
        </identifiers>
        <bioguideId>A000368</bioguideId>
        <fullName>Sen. Ayotte, Kelly [R-NH]</fullName>
        <lastName>Ayotte</lastName>
        <sponsorshipWithdrawnDate />
        <sponsorshipDate>2013-05-08</sponsorshipDate>
        <isOriginalCosponsor>True</isOriginalCosponsor>
      </item>
      <item>
        <middleName />
        <firstName>Johnny</firstName>
        <identifiers>
          <bioguideId>I000055</bioguideId>
          <lisID>1608</lisID>
          <gpoId>8323</gpoId>
        </identifiers>
        <bioguideId>I000055</bioguideId>
        <fullName>Sen. Isakson, Johnny [R-GA]</fullName>
        <lastName>Isakson</lastName>
        <sponsorshipWithdrawnDate />
        <sponsorshipDate>2013-05-08</sponsorshipDate>
        <isOriginalCosponsor>True</isOriginalCosponsor>
      </item>
      <item>
        <middleName>O.</middleName>
        <firstName>LINDSEY</firstName>
        <identifiers>
          <lisID>452</lisID>
          <gpoId>8335</gpoId>
          <bioguideId>G000359</bioguideId>
        </identifiers>
        <bioguideId>G000359</bioguideId>
        <fullName>Sen. Graham, Lindsey [R-SC]</fullName>
        <lastName>GRAHAM</lastName>
        <sponsorshipWithdrawnDate />
        <sponsorshipDate>2013-05-08</sponsorshipDate>
        <isOriginalCosponsor>True</isOriginalCosponsor>
      </item>
      <item>
        <middleName>D.</middleName>
        <firstName>MICHAEL</firstName>
        <identifiers>
          <bioguideId>C000880</bioguideId>
          <lisID>250</lisID>
          <gpoId>8289</gpoId>
        </identifiers>
        <bioguideId>C000880</bioguideId>
        <fullName>Sen. Crapo, Mike [R-ID]</fullName>
        <lastName>CRAPO</lastName>
        <sponsorshipWithdrawnDate />
        <sponsorshipDate>2013-05-09</sponsorshipDate>
        <isOriginalCosponsor>False</isOriginalCosponsor>
      </item>
      <item>
        <middleName />
        <firstName>ROB</firstName>
        <identifiers>
          <gpoId>8266</gpoId>
          <lisID>924</lisID>
          <bioguideId>P000449</bioguideId>
        </identifiers>
        <bioguideId>P000449</bioguideId>
        <fullName>Sen. Portman, Rob [R-OH]</fullName>
        <lastName>PORTMAN</lastName>
        <sponsorshipWithdrawnDate />
        <sponsorshipDate>2013-05-09</sponsorshipDate>
        <isOriginalCosponsor>False</isOriginalCosponsor>
      </item>
      <item>
        <middleName>E.</middleName>
        <firstName>James</firstName>
        <identifiers>
          <bioguideId>R000584</bioguideId>
          <lisID>1896</lisID>
          <gpoId>8274</gpoId>
        </identifiers>
        <bioguideId>R000584</bioguideId>
        <fullName>Sen. Risch, James E. [R-ID]</fullName>
        <lastName>Risch</lastName>
        <sponsorshipWithdrawnDate />
        <sponsorshipDate>2013-05-09</sponsorshipDate>
        <isOriginalCosponsor>False</isOriginalCosponsor>
      </item>
      <item>
        <middleName />
        <firstName>John</firstName>
        <identifiers>
          <gpoId>8300</gpoId>
          <lisID>1881</lisID>
          <bioguideId>B001261</bioguideId>
        </identifiers>
        <bioguideId>B001261</bioguideId>
        <fullName>Sen. Barrasso, John [R-WY]</fullName>
        <lastName>Barrasso</lastName>
        <sponsorshipWithdrawnDate />
        <sponsorshipDate>2013-05-09</sponsorshipDate>
        <isOriginalCosponsor>False</isOriginalCosponsor>
      </item>
      <item>
        <middleName />
        <firstName>JERRY</firstName>
        <identifiers>
          <gpoId>8307</gpoId>
          <lisID>1507</lisID>
          <bioguideId>M000934</bioguideId>
        </identifiers>
        <bioguideId>M000934</bioguideId>
        <fullName>Sen. Moran, Jerry [R-KS]</fullName>
        <lastName>MORAN</lastName>
        <sponsorshipWithdrawnDate />
        <sponsorshipDate>2013-05-09</sponsorshipDate>
        <isOriginalCosponsor>False</isOriginalCosponsor>
      </item>
      <item>
        <middleName />
        <firstName>Jeff</firstName>
        <identifiers>
          <gpoId>8281</gpoId>
          <bioguideId>S001141</bioguideId>
          <lisID>1548</lisID>
        </identifiers>
        <bioguideId>S001141</bioguideId>
        <fullName>Sen. Sessions, Jeff [R-AL]</fullName>
        <lastName>Sessions</lastName>
        <sponsorshipWithdrawnDate />
        <sponsorshipDate>2013-05-09</sponsorshipDate>
        <isOriginalCosponsor>False</isOriginalCosponsor>
      </item>
      <item>
        <middleName />
        <firstName>TOM</firstName>
        <identifiers>
          <lisID>212</lisID>
          <bioguideId>C000560</bioguideId>
          <gpoId>8293</gpoId>
        </identifiers>
        <bioguideId>C000560</bioguideId>
        <fullName>Sen. Coburn, Tom [R-OK]</fullName>
        <lastName>COBURN</lastName>
        <sponsorshipWithdrawnDate />
        <sponsorshipDate>2013-05-14</sponsorshipDate>
        <isOriginalCosponsor>False</isOriginalCosponsor>
      </item>
      <item>
        <middleName>B.</middleName>
        <firstName>MICHAEL</firstName>
        <identifiers>
          <gpoId>8328</gpoId>
          <bioguideId>E000285</bioguideId>
          <lisID>1542</lisID>
        </identifiers>
        <bioguideId>E000285</bioguideId>
        <fullName>Sen. Enzi, Michael B. [R-WY]</fullName>
        <lastName>ENZI</lastName>
        <sponsorshipWithdrawnDate />
        <sponsorshipDate>2013-05-16</sponsorshipDate>
        <isOriginalCosponsor>False</isOriginalCosponsor>
      </item>
      <item>
        <middleName>F.</middleName>
        <firstName>ROGER</firstName>
        <identifiers>
          <bioguideId>W000437</bioguideId>
          <lisID>1226</lisID>
          <gpoId>8263</gpoId>
        </identifiers>
        <bioguideId>W000437</bioguideId>
        <fullName>Sen. Wicker, Roger F. [R-MS]</fullName>
        <lastName>WICKER</lastName>
        <sponsorshipWithdrawnDate />
        <sponsorshipDate>2013-05-16</sponsorshipDate>
        <isOriginalCosponsor>False</isOriginalCosponsor>
      </item>
      <item>
        <middleName>SIDNEY</middleName>
        <firstName>JOHN</firstName>
        <identifiers>
          <gpoId>8253</gpoId>
          <bioguideId>M000303</bioguideId>
          <lisID>754</lisID>
        </identifiers>
        <bioguideId>M000303</bioguideId>
        <fullName>Sen. McCain, John [R-AZ]</fullName>
        <lastName>MCCAIN</lastName>
        <sponsorshipWithdrawnDate />
        <sponsorshipDate>2013-05-16</sponsorshipDate>
        <isOriginalCosponsor>False</isOriginalCosponsor>
      </item>
      <item>
        <middleName />
        <firstName>PAT</firstName>
        <identifiers>
          <bioguideId>R000307</bioguideId>
          <lisID>968</lisID>
          <gpoId>8275</gpoId>
        </identifiers>
        <bioguideId>R000307</bioguideId>
        <fullName>Sen. Roberts, Pat [R-KS]</fullName>
        <lastName>ROBERTS</lastName>
        <sponsorshipWithdrawnDate />
        <sponsorshipDate>2013-05-16</sponsorshipDate>
        <isOriginalCosponsor>False</isOriginalCosponsor>
      </item>
    </cosponsors>
    <updateDate>2016-10-25T16:18:23Z</updateDate>
    <amendments />
    <originChamber>Senate</originChamber>
    <subjects>
      <billSubjects>
        <legislativeSubjects>
          <item>
            <name>Abortion</name>
          </item>
          <item>
            <name>Congressional oversight</name>
          </item>
          <item>
            <name>Due process and equal protection</name>
          </item>
          <item>
            <name>Health care quality</name>
          </item>
          <item>
            <name>Health facilities and institutions</name>
          </item>
          <item>
            <name>Health information and medical records</name>
          </item>
        </legislativeSubjects>
        <policyArea>
          <name>Health</name>
        </policyArea>
      </billSubjects>
    </subjects>
    <policyArea>
      <name>Health</name>
    </policyArea>
    <congress>113</congress>
    <summaries>
      <billSummaries>
        <item>
          <text><![CDATA[<p>Expresses the sense of the Senate that Congress and states should gather information about and correct: (1) abusive, unsanitary, and illegal abortion practices; and (2) the interstate referral of women and girls to facilities engaged in dangerous or illegal second- and third-trimester procedures. </p> <p>Declares that Congress has the responsibility to: (1) investigate, and conduct hearings on, abortions performed near, at, or after viability and public policies regarding such abortions; and (2) evaluate the extent to which such abortions involve violations of the natural right to life of infants who are born alive or are capable of being born alive and therefore are entitled to equal protection under the law.</p> <p>Expresses the sense of the Senate that: (1) there is a compelling government interest in protecting the lives of unborn children beginning at least from the stage at which substantial medical evidence indicates that they are capable of feeling pain, which is separate from the compelling governmental interest in protecting the lives of unborn children beginning at the stage of viability, and neither governmental interest is intended to replace the other; and (2) governmental review of public policies and outcomes relating to these issues is long overdue and is an urgent priority that must be addressed.<BR> <BR> </p>]]></text>
          <actionDesc>Introduced in Senate</actionDesc>
          <lastSummaryUpdateDate>2013-07-16T21:39:49Z</lastSummaryUpdateDate>
          <versionCode>00</versionCode>
          <actionDate>2013-05-08</actionDate>
          <name>Introduced in Senate</name>
          <updateDate>2013-05-08T04:00:00Z</updateDate>
        </item>
      </billSummaries>
    </summaries>
    <sponsors>
      <item>
        <fullName>Sen. Lee, Mike [R-UT]</fullName>
        <byRequestType />
        <bioguideId>L000577</bioguideId>
        <firstName>Mike</firstName>
        <middleName />
        <identifiers>
          <bioguideId>L000577</bioguideId>
          <lisID>2080</lisID>
          <gpoId>8303</gpoId>
        </identifiers>
        <lastName>Lee</lastName>
      </item>
    </sponsors>
    <calendarNumbers />
    <laws />
    <introducedDate>2013-05-08</introducedDate>
    <billNumber>133</billNumber>
    <actions>
      <item>
        <actionDate>2013-05-08</actionDate>
        <committee>
          <systemCode>sshr00</systemCode>
          <name>Health, Education, Labor, and Pensions Committee</name>
        </committee>
        <links>
          <link>
            <name>S3263</name>
            <url>/congressional-record/2013/senate-section/page/S3263</url>
          </link>
        </links>
        <sourceSystem>
          <code>0</code>
          <name>Senate</name>
        </sourceSystem>
        <text>Referred to the Committee on Health, Education, Labor, and Pensions. (text of measure as introduced: CR S3263)</text>
        <type>IntroReferral</type>
      </item>
      <item>
        <sourceSystem>
          <code>9</code>
          <name>Library of Congress</name>
        </sourceSystem>
        <actionDate>2013-05-08</actionDate>
        <committee />
        <actionCode>10000</actionCode>
        <type>IntroReferral</type>
        <links />
        <text>Introduced in Senate</text>
      </item>
      <actionByCounts>
        <senate>2</senate>
      </actionByCounts>
      <actionTypeCounts>
        <introducedInSenate>1</introducedInSenate>
        <referredToCommittee>1</referredToCommittee>
      </actionTypeCounts>
    </actions>
    <notes />
    <titles>
      <item>
        <title>A resolution expressing the sense of the Senate that Congress and the States should investigate and correct abusive, unsanitary, and illegal abortion practices.</title>
        <parentTitleType />
        <chamberName />
        <chamberCode />
        <titleType>Official Title as Introduced</titleType>
      </item>
      <item>
        <title>A resolution expressing the sense of the Senate that Congress and the States should investigate and correct abusive, unsanitary, and illegal abortion practices.</title>
        <parentTitleType />
        <chamberName />
        <chamberCode />
        <titleType>Display Title</titleType>
      </item>
    </titles>
    <recordedVotes />
    <committees>
      <billCommittees>
        <item>
          <name>Health, Education, Labor, and Pensions Committee</name>
          <type>Standing</type>
          <subcommittees />
          <chamber>Senate</chamber>
          <activities>
            <item>
              <name>Referred to</name>
              <date>2013-05-08T22:39:38Z</date>
            </item>
          </activities>
          <systemCode>sshr00</systemCode>
        </item>
      </billCommittees>
    </committees>
  </bill>
  <dublinCore xmlns:dc="http://purl.org/dc/elements/1.1/">
    <dc:format>text/xml</dc:format>
    <dc:language>EN</dc:language>
    <dc:rights>Pursuant to Title 17 Section 105 of the United States Code, this file is not subject to copyright protection and is in the public domain.</dc:rights>
    <dc:contributor>Congressional Research Service, Library of Congress</dc:contributor>
    <dc:description>This file contains bill summaries and statuses for federal legislation. A bill summary describes the most significant provisions of a piece of legislation and details the effects the legislative text may have on current law and federal programs. Bill summaries are authored by the Congressional Research Service (CRS) of the Library of Congress. As stated in Public Law 91-510 (2 USC 166 (d)(6)), one of the duties of CRS is "to prepare summaries and digests of bills and resolutions of a public general nature introduced in the Senate or House of Representatives". For more information, refer to the User Guide that accompanies this file.</dc:description>
  </dublinCore>
</billStatus>

