<?xml version="1.0" encoding="UTF-8"?>
<billStatus>
  <bill>
    <relatedBills>
      <item>
        <latestAction>
          <actionDate>2014-09-11</actionDate>
          <text>Referred to the House Committee on Foreign Affairs.</text>
        </latestAction>
        <number>720</number>
        <congress>113</congress>
        <type>HRES</type>
        <latestTitle>Expressing the condolences of the House of Representatives to the families of James Foley and Steven Sotloff, and condemning the terrorist acts of the Islamic State of Iraq and the Levant.</latestTitle>
        <relationshipDetails>
          <item>
            <type>Identical bill</type>
            <identifiedBy>CRS</identifiedBy>
          </item>
        </relationshipDetails>
      </item>
    </relatedBills>
    <policyArea>
      <name>International Affairs</name>
    </policyArea>
    <congress>113</congress>
    <cboCostEstimates />
    <laws />
    <billNumber>538</billNumber>
    <notes />
    <originChamber>Senate</originChamber>
    <latestAction>
      <actionDate>2014-09-09</actionDate>
      <text>Submitted in the Senate, considered, and agreed to without amendment and with a preamble by Unanimous Consent. (consideration: CR S5461; text as passed Senate: CR S5436)</text>
      <links />
    </latestAction>
    <updateDate>2016-10-25T16:19:24Z</updateDate>
    <calendarNumbers />
    <titles>
      <item>
        <parentTitleType />
        <title>A resolution expressing the condolences of the Senate to the families of James Foley and Steven Sotloff, and condemning the terrorist acts of the Islamic State of Iraq and the Levant.</title>
        <chamberName />
        <chamberCode />
        <titleType>Official Title as Introduced</titleType>
      </item>
      <item>
        <parentTitleType />
        <title>A resolution expressing the condolences of the Senate to the families of James Foley and Steven Sotloff, and condemning the terrorist acts of the Islamic State of Iraq and the Levant.</title>
        <chamberName />
        <chamberCode />
        <titleType>Display Title</titleType>
      </item>
    </titles>
    <title>A resolution expressing the condolences of the Senate to the families of James Foley and Steven Sotloff, and condemning the terrorist acts of the Islamic State of Iraq and the Levant.</title>
    <committeeReports />
    <sponsors>
      <item>
        <bioguideId>S001181</bioguideId>
        <fullName>Sen. Shaheen, Jeanne [D-NH]</fullName>
        <identifiers>
          <gpoId>8276</gpoId>
          <lisID>1901</lisID>
          <bioguideId>S001181</bioguideId>
        </identifiers>
        <byRequestType />
        <middleName />
        <firstName>Jeanne</firstName>
        <lastName>Shaheen</lastName>
      </item>
    </sponsors>
    <introducedDate>2014-09-09</introducedDate>
    <createDate>2014-09-10T05:05:01Z</createDate>
    <committees>
      <billCommittees />
    </committees>
    <cosponsors>
      <item>
        <sponsorshipWithdrawnDate />
        <bioguideId>A000368</bioguideId>
        <fullName>Sen. Ayotte, Kelly [R-NH]</fullName>
        <lastName>Ayotte</lastName>
        <isOriginalCosponsor>True</isOriginalCosponsor>
        <identifiers>
          <gpoId>8315</gpoId>
          <bioguideId>A000368</bioguideId>
          <lisID>2075</lisID>
        </identifiers>
        <middleName />
        <sponsorshipDate>2014-09-09</sponsorshipDate>
        <firstName>Kelly</firstName>
      </item>
      <item>
        <sponsorshipWithdrawnDate />
        <bioguideId>N000032</bioguideId>
        <fullName>Sen. Nelson, Bill [D-FL]</fullName>
        <lastName>NELSON</lastName>
        <isOriginalCosponsor>True</isOriginalCosponsor>
        <identifiers>
          <bioguideId>N000032</bioguideId>
          <lisID>859</lisID>
          <gpoId>8236</gpoId>
        </identifiers>
        <middleName>WILLIAM</middleName>
        <sponsorshipDate>2014-09-09</sponsorshipDate>
        <firstName>CLARENCE</firstName>
      </item>
      <item>
        <sponsorshipWithdrawnDate />
        <bioguideId>R000595</bioguideId>
        <fullName>Sen. Rubio, Marco [R-FL]</fullName>
        <lastName>Rubio</lastName>
        <isOriginalCosponsor>True</isOriginalCosponsor>
        <identifiers>
          <bioguideId>R000595</bioguideId>
          <lisID>2084</lisID>
          <gpoId>8242</gpoId>
        </identifiers>
        <middleName />
        <sponsorshipDate>2014-09-09</sponsorshipDate>
        <firstName>Marco</firstName>
      </item>
      <item>
        <sponsorshipWithdrawnDate />
        <bioguideId>M000639</bioguideId>
        <fullName>Sen. Menendez, Robert [D-NJ]</fullName>
        <lastName>MENENDEZ</lastName>
        <isOriginalCosponsor>True</isOriginalCosponsor>
        <identifiers>
          <gpoId>8239</gpoId>
          <lisID>791</lisID>
          <bioguideId>M000639</bioguideId>
        </identifiers>
        <middleName />
        <sponsorshipDate>2014-09-09</sponsorshipDate>
        <firstName>ROBERT</firstName>
      </item>
      <item>
        <sponsorshipWithdrawnDate />
        <bioguideId>C001088</bioguideId>
        <fullName>Sen. Coons, Christopher A. [D-DE]</fullName>
        <lastName>Coons</lastName>
        <isOriginalCosponsor>False</isOriginalCosponsor>
        <identifiers>
          <bioguideId>C001088</bioguideId>
          <lisID>1984</lisID>
          <gpoId>8297</gpoId>
        </identifiers>
        <middleName>A.</middleName>
        <sponsorshipDate>2014-09-10</sponsorshipDate>
        <firstName>Christopher</firstName>
      </item>
    </cosponsors>
    <billType>SRES</billType>
    <summaries>
      <billSummaries>
        <item>
          <lastSummaryUpdateDate>2014-09-10T22:01:41Z</lastSummaryUpdateDate>
          <name>Introduced in Senate</name>
          <actionDesc>Introduced in Senate</actionDesc>
          <text><![CDATA[<p>Condemns the terrorist acts of the Islamic State of Iraq and the Levant (ISIL), including the barbaric murders of James Foley and Steven Sotloff.</p> <p> Mourns the deaths of James Foley and Steven Sotloff and expresses the Senate's condolences to their families.</p> <p> Salutes James Foley and Steven Sotloff for their courageous pursuit of journalistic excellence under the most dangerous of conditions.</p> <p> Supports efforts to bring to justice those responsible for the murders of James Foley and Steven Sotloff. </p> <p>Demands the release of all hostages being held by ISIL. </p> <p>Calls on the United States and the international community, working in partnership with the governments and citizens of the Middle East, to address the ISIL threat. </p> <p>States that nothing in this resolution shall be construed as a declaration of war or authorization to use force.</p>]]></text>
          <actionDate>2014-09-09</actionDate>
          <versionCode>00</versionCode>
          <updateDate>2014-09-09T04:00:00Z</updateDate>
        </item>
        <item>
          <lastSummaryUpdateDate>2014-09-10T22:01:55Z</lastSummaryUpdateDate>
          <name>Passed Senate without amendment</name>
          <actionDesc>Passed Senate without amendment</actionDesc>
          <text><![CDATA[<p><b>(This measure has not been amended since it was introduced. The summary of that version is repeated here.)</b></p> <p>Condemns the terrorist acts of the Islamic State of Iraq and the Levant (ISIL), including the barbaric murders of James Foley and Steven Sotloff.</p> <p> Mourns the deaths of James Foley and Steven Sotloff and expresses the Senate's condolences to their families.</p> <p> Salutes James Foley and Steven Sotloff for their courageous pursuit of journalistic excellence under the most dangerous of conditions.</p> <p> Supports efforts to bring to justice those responsible for the murders of James Foley and Steven Sotloff. </p> <p>Demands the release of all hostages being held by ISIL. </p> <p>Calls on the United States and the international community, working in partnership with the governments and citizens of the Middle East, to address the ISIL threat. </p> <p>States that nothing in this resolution shall be construed as a declaration of war or authorization to use force.</p>]]></text>
          <actionDate>2014-09-09</actionDate>
          <versionCode>82</versionCode>
          <updateDate>2014-09-09T18:28:42Z</updateDate>
        </item>
      </billSummaries>
    </summaries>
    <recordedVotes />
    <amendments />
    <actions>
      <actionByCounts>
        <senate>3</senate>
      </actionByCounts>
      <actionTypeCounts>
        <placeholderTextForB>1</placeholderTextForB>
        <passedOrAgreedToInSenateDayOf>1</passedOrAgreedToInSenateDayOf>
        <passedAgreedToInSenate>1</passedAgreedToInSenate>
        <introducedInSenate>1</introducedInSenate>
      </actionTypeCounts>
      <item>
        <actionDate>2014-09-09</actionDate>
        <committee />
        <links>
          <link>
            <name>S5436</name>
            <url>/congressional-record/2014/senate-section/page/S5436</url>
          </link>
        </links>
        <sourceSystem>
          <code>0</code>
          <name>Senate</name>
        </sourceSystem>
        <text>Submitted in the Senate, considered, and agreed to without amendment and with a preamble by Unanimous Consent. (consideration: CR S5461; text as passed Senate: CR S5436)</text>
        <type>Floor</type>
      </item>
      <item>
        <sourceSystem>
          <code>9</code>
          <name>Library of Congress</name>
        </sourceSystem>
        <type>Floor</type>
        <actionDate>2014-09-09</actionDate>
        <text>Passed/agreed to in Senate: Submitted in the Senate, considered, and agreed to without amendment and with a preamble by Unanimous Consent.(consideration: CR S5461; text as passed Senate: CR S5436)</text>
        <committee />
        <actionCode>17000</actionCode>
        <links>
          <link>
            <name>S5436</name>
            <url>/congressional-record/2014/senate-section/page/S5436</url>
          </link>
        </links>
      </item>
      <item>
        <sourceSystem>
          <code>9</code>
          <name>Library of Congress</name>
        </sourceSystem>
        <type>IntroReferral</type>
        <actionDate>2014-09-09</actionDate>
        <text>Introduced in Senate</text>
        <committee />
        <actionCode>10000</actionCode>
        <links />
      </item>
      <item>
        <sourceSystem>
          <code>9</code>
          <name>Library of Congress</name>
        </sourceSystem>
        <type>IntroReferral</type>
        <actionDate>2014-09-08</actionDate>
        <text>Sponsor introductory remarks on measure. (CR S5363)</text>
        <committee />
        <actionCode>B00100</actionCode>
        <links>
          <link>
            <name>S5363</name>
            <url>/congressional-record/2014/senate-section/page/S5363</url>
          </link>
        </links>
      </item>
    </actions>
    <subjects>
      <billSubjects>
        <policyArea>
          <name>International Affairs</name>
        </policyArea>
        <legislativeSubjects>
          <item>
            <name>Conflicts and wars</name>
          </item>
          <item>
            <name>Congressional tributes</name>
          </item>
          <item>
            <name>Criminal investigation, prosecution, interrogation</name>
          </item>
          <item>
            <name>International organizations and cooperation</name>
          </item>
          <item>
            <name>Iraq</name>
          </item>
          <item>
            <name>Middle East</name>
          </item>
          <item>
            <name>News media and reporting</name>
          </item>
          <item>
            <name>Syria</name>
          </item>
          <item>
            <name>Terrorism</name>
          </item>
        </legislativeSubjects>
      </billSubjects>
    </subjects>
  </bill>
  <dublinCore xmlns:dc="http://purl.org/dc/elements/1.1/">
    <dc:format>text/xml</dc:format>
    <dc:language>EN</dc:language>
    <dc:rights>Pursuant to Title 17 Section 105 of the United States Code, this file is not subject to copyright protection and is in the public domain.</dc:rights>
    <dc:contributor>Congressional Research Service, Library of Congress</dc:contributor>
    <dc:description>This file contains bill summaries and statuses for federal legislation. A bill summary describes the most significant provisions of a piece of legislation and details the effects the legislative text may have on current law and federal programs. Bill summaries are authored by the Congressional Research Service (CRS) of the Library of Congress. As stated in Public Law 91-510 (2 USC 166 (d)(6)), one of the duties of CRS is "to prepare summaries and digests of bills and resolutions of a public general nature introduced in the Senate or House of Representatives". For more information, refer to the User Guide that accompanies this file.</dc:description>
  </dublinCore>
</billStatus>

