<?xml version="1.0" encoding="UTF-8"?>
<billStatus>
  <bill>
    <actions>
      <actionTypeCounts>
        <referredToCommittee>1</referredToCommittee>
        <reportedToSenate>1</reportedToSenate>
        <originalBillReported>1</originalBillReported>
        <introducedInSenate>1</introducedInSenate>
      </actionTypeCounts>
      <actionByCounts>
        <senate>4</senate>
      </actionByCounts>
      <item>
        <actionDate>2013-09-17</actionDate>
        <committee>
          <name>Rules and Administration Committee</name>
          <systemCode>ssra00</systemCode>
        </committee>
        <links />
        <sourceSystem>
          <name>Senate</name>
          <code>0</code>
        </sourceSystem>
        <text>Referred to the Committee on Rules and Administration.</text>
        <type>IntroReferral</type>
      </item>
      <item>
        <actionDate>2013-09-17</actionDate>
        <committee>
          <name>Energy and Natural Resources Committee</name>
          <systemCode>sseg00</systemCode>
        </committee>
        <links>
          <link>
            <name>S6528</name>
            <url>/congressional-record/2013/senate-section/page/S6528</url>
          </link>
        </links>
        <sourceSystem>
          <name>Senate</name>
          <code>0</code>
        </sourceSystem>
        <text>Committee on Energy and Natural Resources. Original measure reported to Senate by Senator Wyden. Without written report. (text of measure as reported in Senate: CR S6528)</text>
        <type>Committee</type>
      </item>
      <item>
        <committee>
          <name>Energy and Natural Resources Committee</name>
          <systemCode>sseg00</systemCode>
        </committee>
        <sourceSystem>
          <name>Library of Congress</name>
          <code>9</code>
        </sourceSystem>
        <type>Committee</type>
        <text>Committee on Energy and Natural Resources. Original measure reported to Senate by Senator Wyden. Without written report.(text of measure as reported in Senate: CR S6528)</text>
        <actionDate>2013-09-17</actionDate>
        <links>
          <link>
            <name>S6528</name>
            <url>/congressional-record/2013/senate-section/page/S6528</url>
          </link>
        </links>
        <actionCode>14000</actionCode>
      </item>
      <item>
        <committee />
        <sourceSystem>
          <name>Library of Congress</name>
          <code>9</code>
        </sourceSystem>
        <type>IntroReferral</type>
        <text>Introduced in Senate</text>
        <actionDate>2013-09-17</actionDate>
        <links />
        <actionCode>10000</actionCode>
      </item>
    </actions>
    <title>An original resolution authorizing expenditures by the Committee on Energy and Natural Resources.</title>
    <cosponsors />
    <sponsors>
      <item>
        <middleName />
        <firstName>RON</firstName>
        <byRequestType />
        <bioguideId>W000779</bioguideId>
        <fullName>Sen. Wyden, Ron [D-OR]</fullName>
        <lastName>WYDEN</lastName>
        <identifiers>
          <gpoId>8265</gpoId>
          <bioguideId>W000779</bioguideId>
          <lisID>1247</lisID>
        </identifiers>
      </item>
    </sponsors>
    <subjects>
      <billSubjects>
        <policyArea>
          <name>Congress</name>
        </policyArea>
        <legislativeSubjects>
          <item>
            <name>Congressional committees</name>
          </item>
          <item>
            <name>Senate Committee on Energy and Natural Resources</name>
          </item>
        </legislativeSubjects>
      </billSubjects>
    </subjects>
    <updateDate>2016-10-25T16:18:38Z</updateDate>
    <originChamber>Senate</originChamber>
    <titles>
      <item>
        <title>An original resolution authorizing expenditures by the Committee on Energy and Natural Resources.</title>
        <parentTitleType />
        <chamberName />
        <chamberCode />
        <titleType>Official Title as Introduced</titleType>
      </item>
      <item>
        <title>An original resolution authorizing expenditures by the Committee on Energy and Natural Resources.</title>
        <parentTitleType />
        <chamberName />
        <chamberCode />
        <titleType>Display Title</titleType>
      </item>
    </titles>
    <createDate>2013-09-18T07:01:07Z</createDate>
    <congress>113</congress>
    <introducedDate>2013-09-17</introducedDate>
    <latestAction>
      <links />
      <actionDate>2013-09-17</actionDate>
      <text>Referred to the Committee on Rules and Administration.</text>
    </latestAction>
    <laws />
    <relatedBills />
    <notes />
    <recordedVotes />
    <cboCostEstimates />
    <policyArea>
      <name>Congress</name>
    </policyArea>
    <billNumber>231</billNumber>
    <billType>SRES</billType>
    <committees>
      <billCommittees>
        <item>
          <type>Standing</type>
          <chamber>Senate</chamber>
          <systemCode>ssra00</systemCode>
          <subcommittees />
          <activities>
            <item>
              <date>2013-09-17T21:59:31Z</date>
              <name>Referred to</name>
            </item>
          </activities>
          <name>Rules and Administration Committee</name>
        </item>
        <item>
          <type>Standing</type>
          <chamber>Senate</chamber>
          <systemCode>sseg00</systemCode>
          <subcommittees />
          <activities>
            <item>
              <date>2013-09-17T21:59:18Z</date>
              <name>Reported original measure</name>
            </item>
          </activities>
          <name>Energy and Natural Resources Committee</name>
        </item>
      </billCommittees>
    </committees>
    <amendments />
    <summaries>
      <billSummaries>
        <item>
          <lastSummaryUpdateDate>2013-09-23T15:47:41Z</lastSummaryUpdateDate>
          <name>Introduced in Senate</name>
          <actionDesc>Introduced in Senate</actionDesc>
          <text><![CDATA[<p>Authorizes expenditures by the Senate Committee on Energy and Natural Resources for the 113th Congress.</p>]]></text>
          <actionDate>2013-09-17</actionDate>
          <versionCode>00</versionCode>
          <updateDate>2013-09-17T04:00:00Z</updateDate>
        </item>
        <item>
          <lastSummaryUpdateDate>2013-09-23T15:47:48Z</lastSummaryUpdateDate>
          <name>Reported to Senate without amendment</name>
          <actionDesc>Reported to Senate without amendment</actionDesc>
          <text><![CDATA[<p><b>(This measure has not been amended since it was introduced. The summary of that version is repeated here.)</b></p> <p>Authorizes expenditures by the Senate Committee on Energy and Natural Resources for the 113th Congress.</p>]]></text>
          <actionDate>2013-09-17</actionDate>
          <versionCode>80</versionCode>
          <updateDate>2013-09-17T16:47:46Z</updateDate>
        </item>
      </billSummaries>
    </summaries>
    <calendarNumbers />
    <committeeReports />
  </bill>
  <dublinCore xmlns:dc="http://purl.org/dc/elements/1.1/">
    <dc:format>text/xml</dc:format>
    <dc:language>EN</dc:language>
    <dc:rights>Pursuant to Title 17 Section 105 of the United States Code, this file is not subject to copyright protection and is in the public domain.</dc:rights>
    <dc:contributor>Congressional Research Service, Library of Congress</dc:contributor>
    <dc:description>This file contains bill summaries and statuses for federal legislation. A bill summary describes the most significant provisions of a piece of legislation and details the effects the legislative text may have on current law and federal programs. Bill summaries are authored by the Congressional Research Service (CRS) of the Library of Congress. As stated in Public Law 91-510 (2 USC 166 (d)(6)), one of the duties of CRS is "to prepare summaries and digests of bills and resolutions of a public general nature introduced in the Senate or House of Representatives". For more information, refer to the User Guide that accompanies this file.</dc:description>
  </dublinCore>
</billStatus>

