<?xml version="1.0" encoding="UTF-8"?>
<billStatus>
  <bill>
    <titles>
      <item>
        <chamberName />
        <titleType>Official Title as Introduced</titleType>
        <title>A resolution designating the week beginning September 23, 2013, as "National Historically Black Colleges and Universities Week".</title>
        <chamberCode />
        <parentTitleType />
      </item>
      <item>
        <chamberName />
        <titleType>Display Title</titleType>
        <title>A resolution designating the week beginning September 23, 2013, as "National Historically Black Colleges and Universities Week".</title>
        <chamberCode />
        <parentTitleType />
      </item>
    </titles>
    <introducedDate>2013-09-26</introducedDate>
    <notes />
    <calendarNumbers />
    <committees>
      <billCommittees />
    </committees>
    <sponsors>
      <item>
        <lastName>GRAHAM</lastName>
        <middleName>O.</middleName>
        <bioguideId>G000359</bioguideId>
        <firstName>LINDSEY</firstName>
        <byRequestType />
        <fullName>Sen. Graham, Lindsey [R-SC]</fullName>
        <identifiers>
          <lisID>452</lisID>
          <gpoId>8335</gpoId>
          <bioguideId>G000359</bioguideId>
        </identifiers>
      </item>
    </sponsors>
    <subjects>
      <billSubjects>
        <policyArea>
          <name>Education</name>
        </policyArea>
        <legislativeSubjects>
          <item>
            <name>Commemorative events and holidays</name>
          </item>
          <item>
            <name>Higher education</name>
          </item>
          <item>
            <name>Minority education</name>
          </item>
        </legislativeSubjects>
      </billSubjects>
    </subjects>
    <originChamber>Senate</originChamber>
    <createDate>2013-09-27T11:33:36Z</createDate>
    <congress>113</congress>
    <cosponsors>
      <item>
        <sponsorshipWithdrawnDate />
        <bioguideId>H001049</bioguideId>
        <fullName>Sen. Hagan, Kay [D-NC]</fullName>
        <lastName>Hagan</lastName>
        <isOriginalCosponsor>True</isOriginalCosponsor>
        <identifiers>
          <gpoId>8318</gpoId>
          <lisID>1902</lisID>
          <bioguideId>H001049</bioguideId>
        </identifiers>
        <middleName>R.</middleName>
        <sponsorshipDate>2013-09-26</sponsorshipDate>
        <firstName>Kay</firstName>
      </item>
      <item>
        <sponsorshipWithdrawnDate />
        <bioguideId>C001088</bioguideId>
        <fullName>Sen. Coons, Christopher A. [D-DE]</fullName>
        <lastName>Coons</lastName>
        <isOriginalCosponsor>True</isOriginalCosponsor>
        <identifiers>
          <gpoId>8297</gpoId>
          <bioguideId>C001088</bioguideId>
          <lisID>1984</lisID>
        </identifiers>
        <middleName>A.</middleName>
        <sponsorshipDate>2013-09-26</sponsorshipDate>
        <firstName>Christopher</firstName>
      </item>
      <item>
        <sponsorshipWithdrawnDate />
        <bioguideId>C000567</bioguideId>
        <fullName>Sen. Cochran, Thad [R-MS]</fullName>
        <lastName>Cochran</lastName>
        <isOriginalCosponsor>True</isOriginalCosponsor>
        <identifiers>
          <gpoId>8292</gpoId>
          <bioguideId>C000567</bioguideId>
          <lisID>213</lisID>
        </identifiers>
        <middleName />
        <sponsorshipDate>2013-09-26</sponsorshipDate>
        <firstName>Thad</firstName>
      </item>
      <item>
        <sponsorshipWithdrawnDate />
        <bioguideId>I000055</bioguideId>
        <fullName>Sen. Isakson, Johnny [R-GA]</fullName>
        <lastName>Isakson</lastName>
        <isOriginalCosponsor>True</isOriginalCosponsor>
        <identifiers>
          <gpoId>8323</gpoId>
          <lisID>1608</lisID>
          <bioguideId>I000055</bioguideId>
        </identifiers>
        <middleName />
        <sponsorshipDate>2013-09-26</sponsorshipDate>
        <firstName>Johnny</firstName>
      </item>
      <item>
        <sponsorshipWithdrawnDate />
        <bioguideId>L000550</bioguideId>
        <fullName>Sen. Landrieu, Mary L. [D-LA]</fullName>
        <lastName>LANDRIEU</lastName>
        <isOriginalCosponsor>True</isOriginalCosponsor>
        <identifiers>
          <lisID>1546</lisID>
          <gpoId>8251</gpoId>
          <bioguideId>L000550</bioguideId>
        </identifiers>
        <middleName />
        <sponsorshipDate>2013-09-26</sponsorshipDate>
        <firstName>MARY</firstName>
      </item>
      <item>
        <sponsorshipWithdrawnDate />
        <bioguideId>C001070</bioguideId>
        <fullName>Sen. Casey, Robert P., Jr. [D-PA]</fullName>
        <lastName>Casey</lastName>
        <isOriginalCosponsor>True</isOriginalCosponsor>
        <identifiers>
          <gpoId>8282</gpoId>
          <bioguideId>C001070</bioguideId>
          <lisID>1828</lisID>
        </identifiers>
        <middleName />
        <sponsorshipDate>2013-09-26</sponsorshipDate>
        <firstName>Bob</firstName>
      </item>
      <item>
        <sponsorshipWithdrawnDate />
        <bioguideId>P000590</bioguideId>
        <fullName>Sen. Pryor, Mark L. [D-AR]</fullName>
        <lastName>Pryor</lastName>
        <isOriginalCosponsor>True</isOriginalCosponsor>
        <identifiers>
          <gpoId>8241</gpoId>
          <bioguideId>P000590</bioguideId>
          <lisID>1701</lisID>
        </identifiers>
        <middleName>Lunsford</middleName>
        <sponsorshipDate>2013-09-26</sponsorshipDate>
        <firstName>Mark</firstName>
      </item>
      <item>
        <sponsorshipWithdrawnDate />
        <bioguideId>M000702</bioguideId>
        <fullName>Sen. Mikulski, Barbara A. [D-MD]</fullName>
        <lastName>MIKULSKI</lastName>
        <isOriginalCosponsor>True</isOriginalCosponsor>
        <identifiers>
          <gpoId>8240</gpoId>
          <lisID>802</lisID>
          <bioguideId>M000702</bioguideId>
        </identifiers>
        <middleName>ANN</middleName>
        <sponsorshipDate>2013-09-26</sponsorshipDate>
        <firstName>BARBARA</firstName>
      </item>
      <item>
        <sponsorshipWithdrawnDate />
        <bioguideId>D000563</bioguideId>
        <fullName>Sen. Durbin, Richard [D-IL]</fullName>
        <lastName>DURBIN</lastName>
        <isOriginalCosponsor>True</isOriginalCosponsor>
        <identifiers>
          <lisID>326</lisID>
          <bioguideId>D000563</bioguideId>
          <gpoId>8326</gpoId>
        </identifiers>
        <middleName>J.</middleName>
        <sponsorshipDate>2013-09-26</sponsorshipDate>
        <firstName>RICHARD</firstName>
      </item>
      <item>
        <sponsorshipWithdrawnDate />
        <bioguideId>B000575</bioguideId>
        <fullName>Sen. Blunt, Roy [R-MO]</fullName>
        <lastName>Blunt</lastName>
        <isOriginalCosponsor>True</isOriginalCosponsor>
        <identifiers>
          <lisID>1464</lisID>
          <bioguideId>B000575</bioguideId>
          <gpoId>8313</gpoId>
        </identifiers>
        <middleName />
        <sponsorshipDate>2013-09-26</sponsorshipDate>
        <firstName>Roy</firstName>
      </item>
      <item>
        <sponsorshipWithdrawnDate />
        <bioguideId>M001111</bioguideId>
        <fullName>Sen. Murray, Patty [D-WA]</fullName>
        <lastName>MURRAY</lastName>
        <isOriginalCosponsor>True</isOriginalCosponsor>
        <identifiers>
          <bioguideId>M001111</bioguideId>
          <lisID>1409</lisID>
          <gpoId>8237</gpoId>
        </identifiers>
        <middleName />
        <sponsorshipDate>2013-09-26</sponsorshipDate>
        <firstName>PATTY</firstName>
      </item>
      <item>
        <sponsorshipWithdrawnDate />
        <bioguideId>A000360</bioguideId>
        <fullName>Sen. Alexander, Lamar [R-TN]</fullName>
        <lastName>Alexander</lastName>
        <isOriginalCosponsor>True</isOriginalCosponsor>
        <identifiers>
          <lisID>1695</lisID>
          <bioguideId>A000360</bioguideId>
          <gpoId>8304</gpoId>
        </identifiers>
        <middleName />
        <sponsorshipDate>2013-09-26</sponsorshipDate>
        <firstName>Lamar</firstName>
      </item>
      <item>
        <sponsorshipWithdrawnDate />
        <bioguideId>B001135</bioguideId>
        <fullName>Sen. Burr, Richard [R-NC]</fullName>
        <lastName>BURR</lastName>
        <isOriginalCosponsor>True</isOriginalCosponsor>
        <identifiers>
          <gpoId>8286</gpoId>
          <bioguideId>B001135</bioguideId>
          <lisID>153</lisID>
        </identifiers>
        <middleName />
        <sponsorshipDate>2013-09-26</sponsorshipDate>
        <firstName>RICHARD</firstName>
      </item>
      <item>
        <sponsorshipWithdrawnDate />
        <bioguideId>B001236</bioguideId>
        <fullName>Sen. Boozman, John [R-AR]</fullName>
        <lastName>Boozman</lastName>
        <isOriginalCosponsor>True</isOriginalCosponsor>
        <identifiers>
          <lisID>1687</lisID>
          <bioguideId>B001236</bioguideId>
          <gpoId>8247</gpoId>
        </identifiers>
        <middleName />
        <sponsorshipDate>2013-09-26</sponsorshipDate>
        <firstName>John</firstName>
      </item>
      <item>
        <sponsorshipWithdrawnDate />
        <bioguideId>N000032</bioguideId>
        <fullName>Sen. Nelson, Bill [D-FL]</fullName>
        <lastName>NELSON</lastName>
        <isOriginalCosponsor>True</isOriginalCosponsor>
        <identifiers>
          <bioguideId>N000032</bioguideId>
          <lisID>859</lisID>
          <gpoId>8236</gpoId>
        </identifiers>
        <middleName>WILLIAM</middleName>
        <sponsorshipDate>2013-09-26</sponsorshipDate>
        <firstName>CLARENCE</firstName>
      </item>
      <item>
        <sponsorshipWithdrawnDate />
        <bioguideId>M001169</bioguideId>
        <fullName>Sen. Murphy, Christopher S. [D-CT]</fullName>
        <lastName>Murphy</lastName>
        <isOriginalCosponsor>True</isOriginalCosponsor>
        <identifiers>
          <gpoId>7870</gpoId>
          <bioguideId>M001169</bioguideId>
          <lisID>1837</lisID>
        </identifiers>
        <middleName>S.</middleName>
        <sponsorshipDate>2013-09-26</sponsorshipDate>
        <firstName>Christopher</firstName>
      </item>
      <item>
        <sponsorshipWithdrawnDate />
        <bioguideId>K000384</bioguideId>
        <fullName>Sen. Kaine, Tim [D-VA]</fullName>
        <lastName>Kaine</lastName>
        <isOriginalCosponsor>True</isOriginalCosponsor>
        <identifiers>
          <lisID>2176</lisID>
          <bioguideId>K000384</bioguideId>
          <gpoId />
        </identifiers>
        <middleName />
        <sponsorshipDate>2013-09-26</sponsorshipDate>
        <firstName>Timothy</firstName>
      </item>
      <item>
        <sponsorshipWithdrawnDate />
        <bioguideId>C000141</bioguideId>
        <fullName>Sen. Cardin, Benjamin L. [D-MD]</fullName>
        <lastName>CARDIN</lastName>
        <isOriginalCosponsor>True</isOriginalCosponsor>
        <identifiers>
          <bioguideId>C000141</bioguideId>
          <lisID>174</lisID>
          <gpoId>8287</gpoId>
        </identifiers>
        <middleName>L.</middleName>
        <sponsorshipDate>2013-09-26</sponsorshipDate>
        <firstName>BENJAMIN</firstName>
      </item>
      <item>
        <sponsorshipWithdrawnDate />
        <bioguideId>F000062</bioguideId>
        <fullName>Sen. Feinstein, Dianne [D-CA]</fullName>
        <lastName>FEINSTEIN</lastName>
        <isOriginalCosponsor>True</isOriginalCosponsor>
        <identifiers>
          <bioguideId>F000062</bioguideId>
          <lisID>1332</lisID>
          <gpoId>8338</gpoId>
        </identifiers>
        <middleName />
        <sponsorshipDate>2013-09-26</sponsorshipDate>
        <firstName>DIANNE</firstName>
      </item>
      <item>
        <sponsorshipWithdrawnDate />
        <bioguideId>C000560</bioguideId>
        <fullName>Sen. Coburn, Tom [R-OK]</fullName>
        <lastName>COBURN</lastName>
        <isOriginalCosponsor>True</isOriginalCosponsor>
        <identifiers>
          <gpoId>8293</gpoId>
          <bioguideId>C000560</bioguideId>
          <lisID>212</lisID>
        </identifiers>
        <middleName />
        <sponsorshipDate>2013-09-26</sponsorshipDate>
        <firstName>TOM</firstName>
      </item>
      <item>
        <sponsorshipWithdrawnDate />
        <bioguideId>G000386</bioguideId>
        <fullName>Sen. Grassley, Chuck [R-IA]</fullName>
        <lastName>GRASSLEY</lastName>
        <isOriginalCosponsor>True</isOriginalCosponsor>
        <identifiers>
          <lisID>457</lisID>
          <bioguideId>G000386</bioguideId>
          <gpoId>8316</gpoId>
        </identifiers>
        <middleName>ERNEST</middleName>
        <sponsorshipDate>2013-09-26</sponsorshipDate>
        <firstName>CHARLES</firstName>
      </item>
      <item>
        <sponsorshipWithdrawnDate />
        <bioguideId>S001141</bioguideId>
        <fullName>Sen. Sessions, Jeff [R-AL]</fullName>
        <lastName>Sessions</lastName>
        <isOriginalCosponsor>True</isOriginalCosponsor>
        <identifiers>
          <lisID>1548</lisID>
          <bioguideId>S001141</bioguideId>
          <gpoId>8281</gpoId>
        </identifiers>
        <middleName />
        <sponsorshipDate>2013-09-26</sponsorshipDate>
        <firstName>Jeff</firstName>
      </item>
      <item>
        <sponsorshipWithdrawnDate />
        <bioguideId>G000555</bioguideId>
        <fullName>Sen. Gillibrand, Kirsten E. [D-NY]</fullName>
        <lastName>Gillibrand</lastName>
        <isOriginalCosponsor>False</isOriginalCosponsor>
        <identifiers>
          <gpoId>8336</gpoId>
          <lisID>1866</lisID>
          <bioguideId>G000555</bioguideId>
        </identifiers>
        <middleName>E.</middleName>
        <sponsorshipDate>2013-09-30</sponsorshipDate>
        <firstName>Kirsten</firstName>
      </item>
    </cosponsors>
    <billType>SRES</billType>
    <billNumber>261</billNumber>
    <summaries>
      <billSummaries>
        <item>
          <actionDesc>Introduced in Senate</actionDesc>
          <actionDate>2013-09-26</actionDate>
          <updateDate>2013-09-26T04:00:00Z</updateDate>
          <versionCode>00</versionCode>
          <lastSummaryUpdateDate>2013-11-02T16:20:43Z</lastSummaryUpdateDate>
          <name>Introduced in Senate</name>
          <text><![CDATA[<p>Designates the week beginning September 23, 2013, as National Historically Black Colleges and Universities Week.</p>]]></text>
        </item>
        <item>
          <actionDesc>Passed Senate without amendment</actionDesc>
          <actionDate>2013-09-26</actionDate>
          <updateDate>2013-09-26T14:06:03Z</updateDate>
          <versionCode>82</versionCode>
          <lastSummaryUpdateDate>2013-11-02T16:20:54Z</lastSummaryUpdateDate>
          <name>Passed Senate without amendment</name>
          <text><![CDATA[<p><b>(This measure has not been amended since it was introduced. The summary of that version is repeated here.)</b></p> <p>Designates the week beginning September 23, 2013, as National Historically Black Colleges and Universities Week.</p>]]></text>
        </item>
      </billSummaries>
    </summaries>
    <actions>
      <item>
        <actionDate>2013-09-26</actionDate>
        <committee />
        <links>
          <link>
            <name>S6961-6962</name>
            <url>/congressional-record/2013/senate-section/page/S6961-6962</url>
          </link>
        </links>
        <sourceSystem>
          <name>Senate</name>
          <code>0</code>
        </sourceSystem>
        <text>Submitted in the Senate, considered, and agreed to without amendment and with a preamble by Unanimous Consent. (consideration: CR S6968; text as passed Senate: CR S6961-6962)</text>
        <type>Floor</type>
      </item>
      <item>
        <links>
          <link>
            <name>S6961-6962</name>
            <url>/congressional-record/2013/senate-section/page/S6961-6962</url>
          </link>
        </links>
        <actionCode>17000</actionCode>
        <committee />
        <type>Floor</type>
        <sourceSystem>
          <name>Library of Congress</name>
          <code>9</code>
        </sourceSystem>
        <text>Passed/agreed to in Senate: Submitted in the Senate, considered, and agreed to without amendment and with a preamble by Unanimous Consent.(consideration: CR S6968; text as passed Senate: CR S6961-6962)</text>
        <actionDate>2013-09-26</actionDate>
      </item>
      <item>
        <links />
        <actionCode>10000</actionCode>
        <committee />
        <type>IntroReferral</type>
        <sourceSystem>
          <name>Library of Congress</name>
          <code>9</code>
        </sourceSystem>
        <text>Introduced in Senate</text>
        <actionDate>2013-09-26</actionDate>
      </item>
      <actionTypeCounts>
        <passedOrAgreedToInSenateDayOf>1</passedOrAgreedToInSenateDayOf>
        <passedAgreedToInSenate>1</passedAgreedToInSenate>
        <introducedInSenate>1</introducedInSenate>
      </actionTypeCounts>
      <actionByCounts>
        <senate>3</senate>
      </actionByCounts>
    </actions>
    <relatedBills />
    <policyArea>
      <name>Education</name>
    </policyArea>
    <updateDate>2016-10-25T16:18:42Z</updateDate>
    <recordedVotes />
    <cboCostEstimates />
    <latestAction>
      <text>Submitted in the Senate, considered, and agreed to without amendment and with a preamble by Unanimous Consent. (consideration: CR S6968; text as passed Senate: CR S6961-6962)</text>
      <actionDate>2013-09-26</actionDate>
      <links />
    </latestAction>
    <title>A resolution designating the week beginning September 23, 2013, as "National Historically Black Colleges and Universities Week".</title>
    <amendments />
    <laws />
    <committeeReports />
  </bill>
  <dublinCore xmlns:dc="http://purl.org/dc/elements/1.1/">
    <dc:format>text/xml</dc:format>
    <dc:language>EN</dc:language>
    <dc:rights>Pursuant to Title 17 Section 105 of the United States Code, this file is not subject to copyright protection and is in the public domain.</dc:rights>
    <dc:contributor>Congressional Research Service, Library of Congress</dc:contributor>
    <dc:description>This file contains bill summaries and statuses for federal legislation. A bill summary describes the most significant provisions of a piece of legislation and details the effects the legislative text may have on current law and federal programs. Bill summaries are authored by the Congressional Research Service (CRS) of the Library of Congress. As stated in Public Law 91-510 (2 USC 166 (d)(6)), one of the duties of CRS is "to prepare summaries and digests of bills and resolutions of a public general nature introduced in the Senate or House of Representatives". For more information, refer to the User Guide that accompanies this file.</dc:description>
  </dublinCore>
</billStatus>

