<?xml version="1.0" encoding="UTF-8"?>
<billStatus>
  <bill>
    <titles>
      <item>
        <parentTitleType />
        <title>A resolution expressing the sense of the Senate with respect to the tragic shooting at Los Angeles International Airport on November 1, 2013, of employees of the Transportation Security Administration.</title>
        <chamberName />
        <titleType>Official Title as Introduced</titleType>
        <chamberCode />
      </item>
      <item>
        <parentTitleType />
        <title>A resolution expressing the sense of the Senate with respect to the tragic shooting at Los Angeles International Airport on November 1, 2013, of employees of the Transportation Security Administration.</title>
        <chamberName />
        <titleType>Display Title</titleType>
        <chamberCode />
      </item>
    </titles>
    <introducedDate>2013-12-18</introducedDate>
    <notes />
    <calendarNumbers />
    <committees>
      <billCommittees />
    </committees>
    <sponsors>
      <item>
        <lastName>ROCKEFELLER</lastName>
        <middleName />
        <bioguideId>R000361</bioguideId>
        <firstName>JAY</firstName>
        <byRequestType />
        <fullName>Sen. Rockefeller, John D., IV [D-WV]</fullName>
        <identifiers>
          <bioguideId>R000361</bioguideId>
          <lisID>1424</lisID>
          <gpoId>8273</gpoId>
        </identifiers>
      </item>
    </sponsors>
    <subjects>
      <billSubjects>
        <policyArea>
          <name>Crime and Law Enforcement</name>
        </policyArea>
        <legislativeSubjects>
          <item>
            <name>Aviation and airports</name>
          </item>
          <item>
            <name>California</name>
          </item>
          <item>
            <name>Congressional tributes</name>
          </item>
          <item>
            <name>Crime prevention</name>
          </item>
          <item>
            <name>Crime victims</name>
          </item>
          <item>
            <name>Department of Homeland Security</name>
          </item>
          <item>
            <name>Government employee pay, benefits, personnel management</name>
          </item>
          <item>
            <name>Transportation safety and security</name>
          </item>
          <item>
            <name>Violent crime</name>
          </item>
        </legislativeSubjects>
      </billSubjects>
    </subjects>
    <originChamber>Senate</originChamber>
    <createDate>2013-12-19T07:01:19Z</createDate>
    <congress>113</congress>
    <cosponsors>
      <item>
        <lastName>BOXER</lastName>
        <fullName>Sen. Boxer, Barbara [D-CA]</fullName>
        <bioguideId>B000711</bioguideId>
        <sponsorshipWithdrawnDate />
        <identifiers>
          <gpoId>8306</gpoId>
          <lisID>116</lisID>
          <bioguideId>B000711</bioguideId>
        </identifiers>
        <isOriginalCosponsor>True</isOriginalCosponsor>
        <firstName>BARBARA</firstName>
        <sponsorshipDate>2013-12-18</sponsorshipDate>
        <middleName />
      </item>
      <item>
        <lastName>FEINSTEIN</lastName>
        <fullName>Sen. Feinstein, Dianne [D-CA]</fullName>
        <bioguideId>F000062</bioguideId>
        <sponsorshipWithdrawnDate />
        <identifiers>
          <gpoId>8338</gpoId>
          <lisID>1332</lisID>
          <bioguideId>F000062</bioguideId>
        </identifiers>
        <isOriginalCosponsor>True</isOriginalCosponsor>
        <firstName>DIANNE</firstName>
        <sponsorshipDate>2013-12-18</sponsorshipDate>
        <middleName />
      </item>
      <item>
        <lastName>THUNE</lastName>
        <fullName>Sen. Thune, John [R-SD]</fullName>
        <bioguideId>T000250</bioguideId>
        <sponsorshipWithdrawnDate />
        <identifiers>
          <lisID>1534</lisID>
          <bioguideId>T000250</bioguideId>
          <gpoId>8257</gpoId>
        </identifiers>
        <isOriginalCosponsor>False</isOriginalCosponsor>
        <firstName>JOHN</firstName>
        <sponsorshipDate>2013-12-19</sponsorshipDate>
        <middleName>R.</middleName>
      </item>
      <item>
        <lastName>CARPER</lastName>
        <fullName>Sen. Carper, Thomas R. [D-DE]</fullName>
        <bioguideId>C000174</bioguideId>
        <sponsorshipWithdrawnDate />
        <identifiers>
          <lisID>179</lisID>
          <bioguideId>C000174</bioguideId>
          <gpoId>8283</gpoId>
        </identifiers>
        <isOriginalCosponsor>False</isOriginalCosponsor>
        <firstName>THOMAS</firstName>
        <sponsorshipDate>2013-12-19</sponsorshipDate>
        <middleName>R.</middleName>
      </item>
      <item>
        <lastName>COBURN</lastName>
        <fullName>Sen. Coburn, Tom [R-OK]</fullName>
        <bioguideId>C000560</bioguideId>
        <sponsorshipWithdrawnDate />
        <identifiers>
          <bioguideId>C000560</bioguideId>
          <lisID>212</lisID>
          <gpoId>8293</gpoId>
        </identifiers>
        <isOriginalCosponsor>False</isOriginalCosponsor>
        <firstName>TOM</firstName>
        <sponsorshipDate>2013-12-19</sponsorshipDate>
        <middleName />
      </item>
    </cosponsors>
    <billType>SRES</billType>
    <billNumber>324</billNumber>
    <summaries>
      <billSummaries>
        <item>
          <updateDate>2013-12-18T05:00:00Z</updateDate>
          <actionDate>2013-12-18</actionDate>
          <lastSummaryUpdateDate>2014-01-06T22:26:34Z</lastSummaryUpdateDate>
          <text><![CDATA[<p>Condemns the senseless and appalling shooting carried out at Los Angeles International Airport (LAX) on November 1, 2013.</p> <p>Offers the Senate's deepest condolences to the family, friends, and loved ones of deceased Transportation Security Administration (TSA) Officer Gerardo Hernandez.</p> <p>Honors the dedicated public service of TSA Officers Gerardo Hernandez, James Speer, and Tony Grisby and sends its hope for a quick recovery to the other victims of the horrific attack.</p> <p>Remains committed to preventing similar tragedies from happening again.</p>]]></text>
          <versionCode>00</versionCode>
          <actionDesc>Introduced in Senate</actionDesc>
          <name>Introduced in Senate</name>
        </item>
        <item>
          <updateDate>2013-12-18T15:01:28Z</updateDate>
          <actionDate>2013-12-18</actionDate>
          <lastSummaryUpdateDate>2014-01-06T22:26:41Z</lastSummaryUpdateDate>
          <text><![CDATA[<p><b>(This measure has not been amended since it was introduced. The summary of that version is repeated here.)</b></p> <p>Condemns the senseless and appalling shooting carried out at Los Angeles International Airport (LAX) on November 1, 2013.</p> <p>Offers the Senate's deepest condolences to the family, friends, and loved ones of deceased Transportation Security Administration (TSA) Officer Gerardo Hernandez.</p> <p>Honors the dedicated public service of TSA Officers Gerardo Hernandez, James Speer, and Tony Grisby and sends its hope for a quick recovery to the other victims of the horrific attack.</p> <p>Remains committed to preventing similar tragedies from happening again.</p>]]></text>
          <versionCode>82</versionCode>
          <actionDesc>Passed Senate without amendment</actionDesc>
          <name>Passed Senate without amendment</name>
        </item>
      </billSummaries>
    </summaries>
    <actions>
      <item>
        <actionDate>2013-12-18</actionDate>
        <committee />
        <links>
          <link>
            <name>S8981</name>
            <url>/congressional-record/2013/senate-section/page/S8981</url>
          </link>
        </links>
        <sourceSystem>
          <name>Senate</name>
          <code>0</code>
        </sourceSystem>
        <text>Submitted in the Senate, considered, and agreed to without amendment and with a preamble by Unanimous Consent. (consideration: CR S8983; text of measure as passed: CR S8981)</text>
        <type>Floor</type>
      </item>
      <item>
        <links>
          <link>
            <name>S8981</name>
            <url>/congressional-record/2013/senate-section/page/S8981</url>
          </link>
        </links>
        <actionCode>17000</actionCode>
        <committee />
        <type>Floor</type>
        <sourceSystem>
          <name>Library of Congress</name>
          <code>9</code>
        </sourceSystem>
        <text>Passed/agreed to in Senate: Submitted in the Senate, considered, and agreed to without amendment and with a preamble by Unanimous Consent.(consideration: CR S8983; text of measure as passed: CR S8981)</text>
        <actionDate>2013-12-18</actionDate>
      </item>
      <item>
        <links />
        <actionCode>10000</actionCode>
        <committee />
        <type>IntroReferral</type>
        <sourceSystem>
          <name>Library of Congress</name>
          <code>9</code>
        </sourceSystem>
        <text>Introduced in Senate</text>
        <actionDate>2013-12-18</actionDate>
      </item>
      <actionTypeCounts>
        <passedOrAgreedToInSenateDayOf>1</passedOrAgreedToInSenateDayOf>
        <passedAgreedToInSenate>1</passedAgreedToInSenate>
        <introducedInSenate>1</introducedInSenate>
      </actionTypeCounts>
      <actionByCounts>
        <senate>3</senate>
      </actionByCounts>
    </actions>
    <relatedBills>
      <item>
        <latestAction>
          <text>Referred to the House Committee on Homeland Security.</text>
          <actionDate>2013-11-15</actionDate>
        </latestAction>
        <relationshipDetails>
          <item>
            <identifiedBy>CRS</identifiedBy>
            <type>Related bill</type>
          </item>
        </relationshipDetails>
        <type>HRES</type>
        <number>415</number>
        <congress>113</congress>
        <latestTitle>Expressing the sense of the House of Representatives with respect to the tragic shooting at Los Angeles International Airport on November 1, 2013.</latestTitle>
      </item>
    </relatedBills>
    <policyArea>
      <name>Crime and Law Enforcement</name>
    </policyArea>
    <updateDate>2016-10-25T16:18:51Z</updateDate>
    <recordedVotes />
    <cboCostEstimates />
    <latestAction>
      <text>Submitted in the Senate, considered, and agreed to without amendment and with a preamble by Unanimous Consent. (consideration: CR S8983; text of measure as passed: CR S8981)</text>
      <actionDate>2013-12-18</actionDate>
      <links />
    </latestAction>
    <title>A resolution expressing the sense of the Senate with respect to the tragic shooting at Los Angeles International Airport on November 1, 2013, of employees of the Transportation Security Administration.</title>
    <amendments />
    <laws />
    <committeeReports />
  </bill>
  <dublinCore xmlns:dc="http://purl.org/dc/elements/1.1/">
    <dc:format>text/xml</dc:format>
    <dc:language>EN</dc:language>
    <dc:rights>Pursuant to Title 17 Section 105 of the United States Code, this file is not subject to copyright protection and is in the public domain.</dc:rights>
    <dc:contributor>Congressional Research Service, Library of Congress</dc:contributor>
    <dc:description>This file contains bill summaries and statuses for federal legislation. A bill summary describes the most significant provisions of a piece of legislation and details the effects the legislative text may have on current law and federal programs. Bill summaries are authored by the Congressional Research Service (CRS) of the Library of Congress. As stated in Public Law 91-510 (2 USC 166 (d)(6)), one of the duties of CRS is "to prepare summaries and digests of bills and resolutions of a public general nature introduced in the Senate or House of Representatives". For more information, refer to the User Guide that accompanies this file.</dc:description>
  </dublinCore>
</billStatus>

