<?xml version="1.0" encoding="UTF-8"?>
<billStatus>
  <bill>
    <relatedBills>
      <item>
        <latestAction>
          <actionDate>2013-03-11</actionDate>
          <text>Submitted in the Senate, considered, and agreed to without amendment and with a preamble by Unanimous Consent. (consideration: CR S1669; text as passed Senate: CR S1598; text of measure as introduced: CR S1598)</text>
        </latestAction>
        <type>SRES</type>
        <congress>113</congress>
        <relationshipDetails>
          <item>
            <type>Related bill</type>
            <identifiedBy>CRS</identifiedBy>
          </item>
        </relationshipDetails>
        <number>74</number>
        <latestTitle>A resolution supporting the goals of International Women's Day.</latestTitle>
      </item>
    </relatedBills>
    <policyArea>
      <name>Civil Rights and Liberties, Minority Issues</name>
    </policyArea>
    <congress>113</congress>
    <cboCostEstimates />
    <laws />
    <billNumber>376</billNumber>
    <notes />
    <originChamber>Senate</originChamber>
    <latestAction>
      <actionDate>2014-03-13</actionDate>
      <text>Resolution agreed to in Senate without amendment and an amended preamble by Unanimous Consent.</text>
      <links />
    </latestAction>
    <updateDate>2016-10-25T17:05:41Z</updateDate>
    <calendarNumbers>
      <item>
        <calendar>Senate Calendar of Business</calendar>
        <number>0325</number>
      </item>
    </calendarNumbers>
    <titles>
      <item>
        <chamberName />
        <parentTitleType />
        <titleType>Official Title as Introduced</titleType>
        <chamberCode />
        <title>A resolution supporting the goals of International Women's Day.</title>
      </item>
      <item>
        <chamberName />
        <parentTitleType />
        <titleType>Display Title</titleType>
        <chamberCode />
        <title>A resolution supporting the goals of International Women's Day.</title>
      </item>
    </titles>
    <title>A resolution supporting the goals of International Women's Day.</title>
    <committeeReports />
    <sponsors>
      <item>
        <bioguideId>S001181</bioguideId>
        <fullName>Sen. Shaheen, Jeanne [D-NH]</fullName>
        <identifiers>
          <lisID>1901</lisID>
          <gpoId>8276</gpoId>
          <bioguideId>S001181</bioguideId>
        </identifiers>
        <byRequestType />
        <middleName />
        <firstName>Jeanne</firstName>
        <lastName>Shaheen</lastName>
      </item>
    </sponsors>
    <introducedDate>2014-03-06</introducedDate>
    <createDate>2014-03-07T07:01:03Z</createDate>
    <committees>
      <billCommittees>
        <item>
          <chamber>Senate</chamber>
          <activities>
            <item>
              <name>Reported by</name>
              <date>2014-03-11T22:19:17Z</date>
            </item>
            <item>
              <name>Markup by</name>
              <date>2014-03-11T18:15:00Z</date>
            </item>
            <item>
              <name>Referred to</name>
              <date>2014-03-06T23:09:10Z</date>
            </item>
          </activities>
          <name>Foreign Relations Committee</name>
          <subcommittees />
          <type>Standing</type>
          <systemCode>ssfr00</systemCode>
        </item>
      </billCommittees>
    </committees>
    <cosponsors>
      <item>
        <lastName>KIRK</lastName>
        <fullName>Sen. Kirk, Mark Steven [R-IL]</fullName>
        <bioguideId>K000360</bioguideId>
        <sponsorshipWithdrawnDate />
        <identifiers>
          <bioguideId>K000360</bioguideId>
          <lisID>1647</lisID>
          <gpoId>8285</gpoId>
        </identifiers>
        <isOriginalCosponsor>True</isOriginalCosponsor>
        <firstName>MARK</firstName>
        <sponsorshipDate>2014-03-06</sponsorshipDate>
        <middleName>STEVEN</middleName>
      </item>
      <item>
        <lastName>BOXER</lastName>
        <fullName>Sen. Boxer, Barbara [D-CA]</fullName>
        <bioguideId>B000711</bioguideId>
        <sponsorshipWithdrawnDate />
        <identifiers>
          <lisID>116</lisID>
          <bioguideId>B000711</bioguideId>
          <gpoId>8306</gpoId>
        </identifiers>
        <isOriginalCosponsor>True</isOriginalCosponsor>
        <firstName>BARBARA</firstName>
        <sponsorshipDate>2014-03-06</sponsorshipDate>
        <middleName />
      </item>
      <item>
        <lastName>CARDIN</lastName>
        <fullName>Sen. Cardin, Benjamin L. [D-MD]</fullName>
        <bioguideId>C000141</bioguideId>
        <sponsorshipWithdrawnDate />
        <identifiers>
          <bioguideId>C000141</bioguideId>
          <lisID>174</lisID>
          <gpoId>8287</gpoId>
        </identifiers>
        <isOriginalCosponsor>True</isOriginalCosponsor>
        <firstName>BENJAMIN</firstName>
        <sponsorshipDate>2014-03-06</sponsorshipDate>
        <middleName>L.</middleName>
      </item>
      <item>
        <lastName>MIKULSKI</lastName>
        <fullName>Sen. Mikulski, Barbara A. [D-MD]</fullName>
        <bioguideId>M000702</bioguideId>
        <sponsorshipWithdrawnDate />
        <identifiers>
          <lisID>802</lisID>
          <bioguideId>M000702</bioguideId>
          <gpoId>8240</gpoId>
        </identifiers>
        <isOriginalCosponsor>True</isOriginalCosponsor>
        <firstName>BARBARA</firstName>
        <sponsorshipDate>2014-03-06</sponsorshipDate>
        <middleName>ANN</middleName>
      </item>
      <item>
        <lastName>MURRAY</lastName>
        <fullName>Sen. Murray, Patty [D-WA]</fullName>
        <bioguideId>M001111</bioguideId>
        <sponsorshipWithdrawnDate />
        <identifiers>
          <gpoId>8237</gpoId>
          <bioguideId>M001111</bioguideId>
          <lisID>1409</lisID>
        </identifiers>
        <isOriginalCosponsor>True</isOriginalCosponsor>
        <firstName>PATTY</firstName>
        <sponsorshipDate>2014-03-06</sponsorshipDate>
        <middleName />
      </item>
      <item>
        <lastName>Schatz</lastName>
        <fullName>Sen. Schatz, Brian [D-HI]</fullName>
        <bioguideId>S001194</bioguideId>
        <sponsorshipWithdrawnDate />
        <identifiers>
          <gpoId />
          <bioguideId>S001194</bioguideId>
          <lisID>2173</lisID>
        </identifiers>
        <isOriginalCosponsor>True</isOriginalCosponsor>
        <firstName>Brian</firstName>
        <sponsorshipDate>2014-03-06</sponsorshipDate>
        <middleName />
      </item>
      <item>
        <lastName>UDALL</lastName>
        <fullName>Sen. Udall, Mark [D-CO]</fullName>
        <bioguideId>U000038</bioguideId>
        <sponsorshipWithdrawnDate />
        <identifiers>
          <gpoId>8259</gpoId>
          <lisID>1595</lisID>
          <bioguideId>U000038</bioguideId>
        </identifiers>
        <isOriginalCosponsor>True</isOriginalCosponsor>
        <firstName>MARK</firstName>
        <sponsorshipDate>2014-03-06</sponsorshipDate>
        <middleName />
      </item>
      <item>
        <lastName>FEINSTEIN</lastName>
        <fullName>Sen. Feinstein, Dianne [D-CA]</fullName>
        <bioguideId>F000062</bioguideId>
        <sponsorshipWithdrawnDate />
        <identifiers>
          <lisID>1332</lisID>
          <gpoId>8338</gpoId>
          <bioguideId>F000062</bioguideId>
        </identifiers>
        <isOriginalCosponsor>True</isOriginalCosponsor>
        <firstName>DIANNE</firstName>
        <sponsorshipDate>2014-03-06</sponsorshipDate>
        <middleName />
      </item>
      <item>
        <lastName>Begich</lastName>
        <fullName>Sen. Begich, Mark [D-AK]</fullName>
        <bioguideId>B001265</bioguideId>
        <sponsorshipWithdrawnDate />
        <identifiers>
          <bioguideId>B001265</bioguideId>
          <lisID>1898</lisID>
          <gpoId>8301</gpoId>
        </identifiers>
        <isOriginalCosponsor>True</isOriginalCosponsor>
        <firstName>Mark</firstName>
        <sponsorshipDate>2014-03-06</sponsorshipDate>
        <middleName />
      </item>
      <item>
        <lastName>Murkowski</lastName>
        <fullName>Sen. Murkowski, Lisa [R-AK]</fullName>
        <bioguideId>M001153</bioguideId>
        <sponsorshipWithdrawnDate />
        <identifiers>
          <gpoId>8234</gpoId>
          <bioguideId>M001153</bioguideId>
          <lisID>1694</lisID>
        </identifiers>
        <isOriginalCosponsor>False</isOriginalCosponsor>
        <firstName>Lisa</firstName>
        <sponsorshipDate>2014-03-10</sponsorshipDate>
        <middleName />
      </item>
      <item>
        <lastName>LANDRIEU</lastName>
        <fullName>Sen. Landrieu, Mary L. [D-LA]</fullName>
        <bioguideId>L000550</bioguideId>
        <sponsorshipWithdrawnDate />
        <identifiers>
          <lisID>1546</lisID>
          <bioguideId>L000550</bioguideId>
          <gpoId>8251</gpoId>
        </identifiers>
        <isOriginalCosponsor>False</isOriginalCosponsor>
        <firstName>MARY</firstName>
        <sponsorshipDate>2014-03-10</sponsorshipDate>
        <middleName />
      </item>
    </cosponsors>
    <billType>SRES</billType>
    <summaries>
      <billSummaries>
        <item>
          <lastSummaryUpdateDate>2014-03-11T17:00:39Z</lastSummaryUpdateDate>
          <text><![CDATA[<p>Supports the goals of International Women's Day. </p> <p>Recognizes that the empowerment of women is linked to the potential of countries to generate economic growth, sustainable democracy, and inclusive security. </p> <p>Honors the women in the United States and around the world who have worked to ensure that women are guaranteed equality and basic human rights. </p> <p>Reaffirms the Senate's commitment to ending discrimination and violence against women and girls and to pursuing policies that guarantee the basic human rights of women and girls worldwide, and to promoting meaningful participation of women in all aspects of their societies and communities.</p>]]></text>
          <updateDate>2014-03-06T05:00:00Z</updateDate>
          <actionDesc>Introduced in Senate</actionDesc>
          <name>Introduced in Senate</name>
          <versionCode>00</versionCode>
          <actionDate>2014-03-06</actionDate>
        </item>
        <item>
          <lastSummaryUpdateDate>2014-03-12T19:00:01Z</lastSummaryUpdateDate>
          <text><![CDATA[<p><b>(This measure has not been amended since it was introduced. The summary of that version is repeated here.)</b></p> <p>Supports the goals of International Women's Day. Recognizes that the empowerment of women is linked to the potential of countries to generate economic growth, sustainable democracy, and inclusive security. </p> <p>Honors the women in the United States and around the world who have worked to ensure that women are guaranteed equality and basic human rights. </p> <p>Reaffirms the Senate's commitment to ending discrimination and violence against women and girls and to pursuing policies that guarantee the basic human rights of women and girls worldwide, and to promoting meaningful participation of women in all aspects of their societies and communities.</p>]]></text>
          <updateDate>2014-03-11T11:56:59Z</updateDate>
          <actionDesc>Reported to Senate without amendment</actionDesc>
          <name>Reported to Senate without amendment</name>
          <versionCode>80</versionCode>
          <actionDate>2014-03-11</actionDate>
        </item>
        <item>
          <lastSummaryUpdateDate>2014-03-18T14:47:56Z</lastSummaryUpdateDate>
          <text><![CDATA[<p><b>(This measure has not been amended since it was introduced. The summary of that version is repeated here.)</b></p> <p>Supports the goals of International Women's Day. Recognizes that the empowerment of women is linked to the potential of countries to generate economic growth, sustainable democracy, and inclusive security. </p> <p>Honors the women in the United States and around the world who have worked to ensure that women are guaranteed equality and basic human rights. </p> <p>Reaffirms the Senate's commitment to ending discrimination and violence against women and girls and to pursuing policies that guarantee the basic human rights of women and girls worldwide, and to promoting meaningful participation of women in all aspects of their societies and communities.</p>]]></text>
          <updateDate>2014-03-13T13:06:11Z</updateDate>
          <actionDesc>Passed Senate without amendment</actionDesc>
          <name>Passed Senate without amendment</name>
          <versionCode>82</versionCode>
          <actionDate>2014-03-13</actionDate>
        </item>
      </billSummaries>
    </summaries>
    <recordedVotes />
    <amendments>
      <amendment>
        <latestAction>
          <text>Amendment SA 2852 agreed to in Senate by Unanimous Consent.</text>
          <actionDate>2014-03-13</actionDate>
        </latestAction>
        <actions>
          <actionByCounts>
            <senate>5</senate>
          </actionByCounts>
          <actionTypeCounts>
            <amendmentProposed>1</amendmentProposed>
            <senateAmendmentSubmitted>1</senateAmendmentSubmitted>
            <amendmentAgreedTo>1</amendmentAgreedTo>
            <senateAmendmentProposedOnTheFloor>1</senateAmendmentProposedOnTheFloor>
            <senateAmendmentAgreedTo>1</senateAmendmentAgreedTo>
          </actionTypeCounts>
          <actions>
            <item>
              <actionDate>2014-03-13</actionDate>
              <committee />
              <links>
                <link>
                  <name>SA 2852</name>
                  <url>/amendment/113th-congress/senate-amendment/2852</url>
                </link>
                <link>
                  <name>S.Amdt.2852</name>
                  <url>/amendment/113th-congress/senate-amendment/2852</url>
                </link>
              </links>
              <sourceSystem>
                <code>0</code>
                <name>Senate</name>
              </sourceSystem>
              <text>Amendment SA 2852 agreed to in Senate by Unanimous Consent.</text>
              <type>Floor</type>
            </item>
            <item>
              <actionDate>2014-03-13</actionDate>
              <committee />
              <links>
                <link>
                  <name>S.Amdt.2852</name>
                  <url>/amendment/113th-congress/senate-amendment/2852</url>
                </link>
                <link>
                  <name>S1669</name>
                  <url>/congressional-record/2014/senate-section/page/S1669</url>
                </link>
                <link>
                  <name>SA 2852</name>
                  <url>/amendment/113th-congress/senate-amendment/2852</url>
                </link>
              </links>
              <sourceSystem>
                <code>0</code>
                <name>Senate</name>
              </sourceSystem>
              <text>Amendment SA 2852 proposed by Senator Reid for Senator Shaheen. (consideration: CR S1669; text: CR S1669)</text>
              <type>Floor</type>
            </item>
            <item>
              <actionDate>2014-03-13</actionDate>
              <committee />
              <links />
              <text />
            </item>
            <item>
              <sourceSystem>
                <code>9</code>
                <name>Library of Congress</name>
              </sourceSystem>
              <type>Floor</type>
              <actionDate>2014-03-13</actionDate>
              <text>Senate amendment submitted</text>
              <committee />
              <actionCode>91000</actionCode>
              <links />
            </item>
            <item>
              <sourceSystem>
                <code>9</code>
                <name>Library of Congress</name>
              </sourceSystem>
              <type>Floor</type>
              <actionDate>2014-03-13</actionDate>
              <text>Senate amendment proposed (on the floor): Amendment SA 2852 proposed by Senator Reid for Senator Shaheen.(consideration: CR S1669; text: CR S1669)</text>
              <committee />
              <actionCode>93000</actionCode>
              <links>
                <link>
                  <name>S.Amdt.2852</name>
                  <url>/amendment/113th-congress/senate-amendment/2852</url>
                </link>
                <link>
                  <name>S1669</name>
                  <url>/congressional-record/2014/senate-section/page/S1669</url>
                </link>
                <link>
                  <name>SA 2852</name>
                  <url>/amendment/113th-congress/senate-amendment/2852</url>
                </link>
              </links>
            </item>
            <item>
              <sourceSystem>
                <code>9</code>
                <name>Library of Congress</name>
              </sourceSystem>
              <type>Floor</type>
              <actionDate>2014-03-13</actionDate>
              <text>Senate amendment agreed to: Amendment SA 2852 agreed to in Senate by Unanimous Consent.</text>
              <committee />
              <actionCode>94000</actionCode>
              <links>
                <link>
                  <name>SA 2852</name>
                  <url>/amendment/113th-congress/senate-amendment/2852</url>
                </link>
                <link>
                  <name>S.Amdt.2852</name>
                  <url>/amendment/113th-congress/senate-amendment/2852</url>
                </link>
              </links>
            </item>
          </actions>
          <count>6</count>
        </actions>
        <notes />
        <amendedBill>
          <type>SRES</type>
          <originChamber>Senate</originChamber>
          <congress>113</congress>
          <title>A resolution supporting the goals of International Women's Day.</title>
          <originChamberCode>S</originChamberCode>
          <number>376</number>
        </amendedBill>
        <sponsors>
          <item>
            <middleName />
            <firstName>Jeanne</firstName>
            <bioguideId>S001181</bioguideId>
            <fullName>Sen. Shaheen, Jeanne [D-NH]</fullName>
            <lastName>Shaheen</lastName>
          </item>
        </sponsors>
        <amendedAmendment />
        <updateDate>2016-10-25T13:05:40Z</updateDate>
        <chamber>Senate</chamber>
        <cosponsors>
          <totalCount>2</totalCount>
          <currentCount>2</currentCount>
        </cosponsors>
        <purpose>To strike the quotation from the United States Agency for International Development regarding educated women.</purpose>
        <number>2852</number>
        <titles />
        <type>SAMDT</type>
        <links />
        <createDate>2014-03-14T07:31:40Z</createDate>
        <amendments>
          <count>0</count>
        </amendments>
        <congress>113</congress>
        <description />
        <submittedDate>2014-03-13T04:00:00Z</submittedDate>
        <proposedDate>2014-03-13T04:00:00Z</proposedDate>
        <number>2852</number>
        <type>SAMDT</type>
        <description />
        <purpose>To strike the quotation from the United States Agency for International Development regarding educated women.</purpose>
        <congress>113</congress>
      </amendment>
    </amendments>
    <actions>
      <actionTypeCounts>
        <orderedReported>1</orderedReported>
        <reportedToSenate>2</reportedToSenate>
        <referredToCommittee>1</referredToCommittee>
        <introducedInSenate>1</introducedInSenate>
        <placedOnCalendarGeneralOrders>1</placedOnCalendarGeneralOrders>
        <passedAgreedToInSenate>1</passedAgreedToInSenate>
        <measureLaidBeforeSenate>1</measureLaidBeforeSenate>
        <agreedToInSenate>1</agreedToInSenate>
      </actionTypeCounts>
      <item>
        <actionDate>2014-03-13</actionDate>
        <committee />
        <links />
        <sourceSystem>
          <name>Senate</name>
          <code>0</code>
        </sourceSystem>
        <text>Resolution agreed to in Senate without amendment and an amended preamble by Unanimous Consent.</text>
        <type>Floor</type>
      </item>
      <item>
        <committee />
        <actionCode>17000</actionCode>
        <type>Floor</type>
        <sourceSystem>
          <name>Library of Congress</name>
          <code>9</code>
        </sourceSystem>
        <links />
        <text>Passed/agreed to in Senate: Resolution agreed to in Senate without amendment and an amended preamble by Unanimous Consent.</text>
        <actionDate>2014-03-13</actionDate>
      </item>
      <item>
        <actionDate>2014-03-13</actionDate>
        <committee />
        <links>
          <link>
            <url>/congressional-record/2014/senate-section/page/S1669</url>
            <name>S1669</name>
          </link>
        </links>
        <sourceSystem>
          <name>Senate</name>
          <code>0</code>
        </sourceSystem>
        <text>Measure laid before Senate by unanimous consent. (consideration: CR S1669)</text>
        <type>Floor</type>
      </item>
      <item>
        <actionDate>2014-03-11</actionDate>
        <committee />
        <links />
        <sourceSystem>
          <name>Senate</name>
          <code>0</code>
        </sourceSystem>
        <text>Placed on Senate Legislative Calendar under General Orders. Calendar No. 325.</text>
        <type>Calendars</type>
      </item>
      <item>
        <actionDate>2014-03-11</actionDate>
        <committee>
          <name>Foreign Relations Committee</name>
          <systemCode>ssfr00</systemCode>
        </committee>
        <links />
        <sourceSystem>
          <name>Senate</name>
          <code>0</code>
        </sourceSystem>
        <text>Committee on Foreign Relations. Reported by Senator Menendez without amendment and with a preamble. Without written report.</text>
        <type>Committee</type>
      </item>
      <item>
        <committee>
          <name>Foreign Relations Committee</name>
          <systemCode>ssfr00</systemCode>
        </committee>
        <actionCode>14000</actionCode>
        <type>Committee</type>
        <sourceSystem>
          <name>Library of Congress</name>
          <code>9</code>
        </sourceSystem>
        <links />
        <text>Committee on Foreign Relations. Reported by Senator Menendez without amendment and with a preamble. Without written report.</text>
        <actionDate>2014-03-11</actionDate>
      </item>
      <item>
        <actionDate>2014-03-11</actionDate>
        <committee>
          <name>Foreign Relations Committee</name>
          <systemCode>ssfr00</systemCode>
        </committee>
        <links />
        <sourceSystem>
          <name>Senate</name>
          <code>0</code>
        </sourceSystem>
        <text>Committee on Foreign Relations. Ordered to be reported without amendment favorably.</text>
        <type>Committee</type>
      </item>
      <item>
        <actionDate>2014-03-06</actionDate>
        <committee>
          <name>Foreign Relations Committee</name>
          <systemCode>ssfr00</systemCode>
        </committee>
        <links>
          <link>
            <url>/congressional-record/2014/senate-section/page/S1367-1368</url>
            <name>S1367-1368</name>
          </link>
        </links>
        <sourceSystem>
          <name>Senate</name>
          <code>0</code>
        </sourceSystem>
        <text>Referred to the Committee on Foreign Relations. (text of measure as introduced: CR S1367-1368)</text>
        <type>IntroReferral</type>
      </item>
      <item>
        <committee />
        <actionCode>10000</actionCode>
        <type>IntroReferral</type>
        <sourceSystem>
          <name>Library of Congress</name>
          <code>9</code>
        </sourceSystem>
        <links />
        <text>Introduced in Senate</text>
        <actionDate>2014-03-06</actionDate>
      </item>
      <actionByCounts>
        <senate>9</senate>
      </actionByCounts>
    </actions>
    <subjects>
      <billSubjects>
        <policyArea>
          <name>Civil Rights and Liberties, Minority Issues</name>
        </policyArea>
        <legislativeSubjects>
          <item>
            <name>Commemorative events and holidays</name>
          </item>
          <item>
            <name>Congressional tributes</name>
          </item>
          <item>
            <name>Crimes against women</name>
          </item>
          <item>
            <name>Economic performance and conditions</name>
          </item>
          <item>
            <name>Human rights</name>
          </item>
          <item>
            <name>Sex, gender, sexual orientation discrimination</name>
          </item>
          <item>
            <name>Violent crime</name>
          </item>
          <item>
            <name>Women's rights</name>
          </item>
        </legislativeSubjects>
      </billSubjects>
    </subjects>
  </bill>
  <dublinCore xmlns:dc="http://purl.org/dc/elements/1.1/">
    <dc:format>text/xml</dc:format>
    <dc:language>EN</dc:language>
    <dc:rights>Pursuant to Title 17 Section 105 of the United States Code, this file is not subject to copyright protection and is in the public domain.</dc:rights>
    <dc:contributor>Congressional Research Service, Library of Congress</dc:contributor>
    <dc:description>This file contains bill summaries and statuses for federal legislation. A bill summary describes the most significant provisions of a piece of legislation and details the effects the legislative text may have on current law and federal programs. Bill summaries are authored by the Congressional Research Service (CRS) of the Library of Congress. As stated in Public Law 91-510 (2 USC 166 (d)(6)), one of the duties of CRS is "to prepare summaries and digests of bills and resolutions of a public general nature introduced in the Senate or House of Representatives". For more information, refer to the User Guide that accompanies this file.</dc:description>
  </dublinCore>
</billStatus>

