<?xml version="1.0" encoding="UTF-8"?>
<billStatus>
  <bill>
    <actions>
      <item>
        <actionDate>2013-07-10</actionDate>
        <committee />
        <links>
          <link>
            <url>/congressional-record/2013/senate-section/page/S5602-5603</url>
            <name>S5602-5603</name>
          </link>
          <link>
            <url>/congressional-record/2013/senate-section/page/S5621-5622</url>
            <name>S5621-5622</name>
          </link>
        </links>
        <sourceSystem>
          <code>0</code>
          <name>Senate</name>
        </sourceSystem>
        <text>Submitted in the Senate, considered, and agreed to without amendment and with a preamble by Unanimous Consent. (consideration: CR S5602-5603; text as passed Senate: CR S5621-5622)</text>
        <type>Floor</type>
      </item>
      <item>
        <type>Floor</type>
        <sourceSystem>
          <code>9</code>
          <name>Library of Congress</name>
        </sourceSystem>
        <text>Passed/agreed to in Senate: Submitted in the Senate, considered, and agreed to without amendment and with a preamble by Unanimous Consent.(consideration: CR S5602-5603; text as passed Senate: CR S5621-5622)</text>
        <committee />
        <actionDate>2013-07-10</actionDate>
        <links>
          <link>
            <url>/congressional-record/2013/senate-section/page/S5602-5603</url>
            <name>S5602-5603</name>
          </link>
          <link>
            <url>/congressional-record/2013/senate-section/page/S5621-5622</url>
            <name>S5621-5622</name>
          </link>
        </links>
        <actionCode>17000</actionCode>
      </item>
      <item>
        <type>IntroReferral</type>
        <sourceSystem>
          <code>9</code>
          <name>Library of Congress</name>
        </sourceSystem>
        <text>Introduced in Senate</text>
        <committee />
        <actionDate>2013-07-10</actionDate>
        <links />
        <actionCode>10000</actionCode>
      </item>
      <actionTypeCounts>
        <introducedInSenate>1</introducedInSenate>
        <passedOrAgreedToInSenateDayOf>1</passedOrAgreedToInSenateDayOf>
        <passedAgreedToInSenate>1</passedAgreedToInSenate>
      </actionTypeCounts>
      <actionByCounts>
        <senate>3</senate>
      </actionByCounts>
    </actions>
    <title>A resolution honoring the fallen heroes of the Granite Mountain Interagency Hotshot Crew.</title>
    <cosponsors>
      <item>
        <sponsorshipDate>2013-07-10</sponsorshipDate>
        <lastName>FLAKE</lastName>
        <fullName>Sen. Flake, Jeff [R-AZ]</fullName>
        <middleName />
        <firstName>JEFF</firstName>
        <sponsorshipWithdrawnDate />
        <identifiers>
          <lisID>1633</lisID>
          <bioguideId>F000444</bioguideId>
          <gpoId>7803</gpoId>
        </identifiers>
        <isOriginalCosponsor>True</isOriginalCosponsor>
        <bioguideId>F000444</bioguideId>
      </item>
    </cosponsors>
    <sponsors>
      <item>
        <middleName>SIDNEY</middleName>
        <firstName>JOHN</firstName>
        <byRequestType />
        <bioguideId>M000303</bioguideId>
        <fullName>Sen. McCain, John [R-AZ]</fullName>
        <lastName>MCCAIN</lastName>
        <identifiers>
          <lisID>754</lisID>
          <bioguideId>M000303</bioguideId>
          <gpoId>8253</gpoId>
        </identifiers>
      </item>
    </sponsors>
    <subjects>
      <billSubjects>
        <policyArea>
          <name>Emergency Management</name>
        </policyArea>
        <legislativeSubjects>
          <item>
            <name>Arizona</name>
          </item>
          <item>
            <name>Congressional tributes</name>
          </item>
          <item>
            <name>Fires</name>
          </item>
          <item>
            <name>First responders and emergency personnel</name>
          </item>
          <item>
            <name>Forests, forestry, trees</name>
          </item>
        </legislativeSubjects>
      </billSubjects>
    </subjects>
    <updateDate>2016-10-25T16:18:32Z</updateDate>
    <originChamber>Senate</originChamber>
    <titles>
      <item>
        <chamberName />
        <chamberCode />
        <parentTitleType />
        <titleType>Official Title as Introduced</titleType>
        <title>A resolution honoring the fallen heroes of the Granite Mountain Interagency Hotshot Crew.</title>
      </item>
      <item>
        <chamberName />
        <chamberCode />
        <parentTitleType />
        <titleType>Display Title</titleType>
        <title>A resolution honoring the fallen heroes of the Granite Mountain Interagency Hotshot Crew.</title>
      </item>
    </titles>
    <createDate>2013-07-11T07:01:24Z</createDate>
    <congress>113</congress>
    <introducedDate>2013-07-10</introducedDate>
    <latestAction>
      <links />
      <actionDate>2013-07-10</actionDate>
      <text>Submitted in the Senate, considered, and agreed to without amendment and with a preamble by Unanimous Consent. (consideration: CR S5602-5603; text as passed Senate: CR S5621-5622)</text>
    </latestAction>
    <laws />
    <relatedBills />
    <notes />
    <recordedVotes />
    <cboCostEstimates />
    <policyArea>
      <name>Emergency Management</name>
    </policyArea>
    <billNumber>193</billNumber>
    <billType>SRES</billType>
    <committees>
      <billCommittees />
    </committees>
    <amendments />
    <summaries>
      <billSummaries>
        <item>
          <versionCode>00</versionCode>
          <text><![CDATA[<p>Honors the fallen members of the Prescott, Arizona Fire Department's Granite Mountain Interagency Hotshot Crew. </p> <UL> </UL> <BR>]]></text>
          <updateDate>2013-07-10T04:00:00Z</updateDate>
          <lastSummaryUpdateDate>2013-07-16T21:59:34Z</lastSummaryUpdateDate>
          <actionDate>2013-07-10</actionDate>
          <actionDesc>Introduced in Senate</actionDesc>
          <name>Introduced in Senate</name>
        </item>
        <item>
          <versionCode>82</versionCode>
          <text><![CDATA[<p><b>(This measure has not been amended since it was introduced. The summary of that version is repeated here.)</b></p> <p>Honors the fallen members of the Prescott, Arizona Fire Department's Granite Mountain Interagency Hotshot Crew. </p>]]></text>
          <updateDate>2013-07-10T11:30:48Z</updateDate>
          <lastSummaryUpdateDate>2013-07-16T21:59:55Z</lastSummaryUpdateDate>
          <actionDate>2013-07-10</actionDate>
          <actionDesc>Passed Senate without amendment</actionDesc>
          <name>Passed Senate without amendment</name>
        </item>
      </billSummaries>
    </summaries>
    <calendarNumbers />
    <committeeReports />
  </bill>
  <dublinCore xmlns:dc="http://purl.org/dc/elements/1.1/">
    <dc:format>text/xml</dc:format>
    <dc:language>EN</dc:language>
    <dc:rights>Pursuant to Title 17 Section 105 of the United States Code, this file is not subject to copyright protection and is in the public domain.</dc:rights>
    <dc:contributor>Congressional Research Service, Library of Congress</dc:contributor>
    <dc:description>This file contains bill summaries and statuses for federal legislation. A bill summary describes the most significant provisions of a piece of legislation and details the effects the legislative text may have on current law and federal programs. Bill summaries are authored by the Congressional Research Service (CRS) of the Library of Congress. As stated in Public Law 91-510 (2 USC 166 (d)(6)), one of the duties of CRS is "to prepare summaries and digests of bills and resolutions of a public general nature introduced in the Senate or House of Representatives". For more information, refer to the User Guide that accompanies this file.</dc:description>
  </dublinCore>
</billStatus>

