<?xml version="1.0" encoding="UTF-8"?>
<billStatus>
  <bill>
    <billNumber>24</billNumber>
    <titles>
      <item>
        <parentTitleType />
        <title>A resolution commemorating the 10-year anniversary of the loss of the Space Shuttle Columbia.</title>
        <chamberName />
        <chamberCode />
        <titleType>Official Title as Introduced</titleType>
      </item>
      <item>
        <parentTitleType />
        <title>A resolution commemorating the 10-year anniversary of the loss of the Space Shuttle Columbia.</title>
        <chamberName />
        <chamberCode />
        <titleType>Display Title</titleType>
      </item>
    </titles>
    <actions>
      <actionTypeCounts>
        <passedOrAgreedToInSenateDayOf>1</passedOrAgreedToInSenateDayOf>
        <introducedInSenate>1</introducedInSenate>
        <passedAgreedToInSenate>1</passedAgreedToInSenate>
      </actionTypeCounts>
      <item>
        <actionDate>2013-01-31</actionDate>
        <committee />
        <links>
          <link>
            <name>S445-446</name>
            <url>/congressional-record/2013/senate-section/page/S445-446</url>
          </link>
        </links>
        <sourceSystem>
          <name>Senate</name>
          <code>0</code>
        </sourceSystem>
        <text>Submitted in the Senate, considered, and agreed to without amendment and with a preamble by Unanimous Consent. (consideration: CR S448; text as passed Senate: CR S445-446)</text>
        <type>Floor</type>
      </item>
      <item>
        <sourceSystem>
          <name>Library of Congress</name>
          <code>9</code>
        </sourceSystem>
        <actionDate>2013-01-31</actionDate>
        <links>
          <link>
            <name>S445-446</name>
            <url>/congressional-record/2013/senate-section/page/S445-446</url>
          </link>
        </links>
        <text>Passed/agreed to in Senate: Submitted in the Senate, considered, and agreed to without amendment and with a preamble by Unanimous Consent.(consideration: CR S448; text as passed Senate: CR S445-446)</text>
        <type>Floor</type>
        <actionCode>17000</actionCode>
        <committee />
      </item>
      <item>
        <sourceSystem>
          <name>Library of Congress</name>
          <code>9</code>
        </sourceSystem>
        <actionDate>2013-01-31</actionDate>
        <links />
        <text>Introduced in Senate</text>
        <type>IntroReferral</type>
        <actionCode>10000</actionCode>
        <committee />
      </item>
      <actionByCounts>
        <senate>3</senate>
      </actionByCounts>
    </actions>
    <updateDate>2016-10-25T16:18:08Z</updateDate>
    <summaries>
      <billSummaries>
        <item>
          <updateDate>2013-01-31T05:00:00Z</updateDate>
          <actionDate>2013-01-31</actionDate>
          <lastSummaryUpdateDate>2013-02-11T18:29:59Z</lastSummaryUpdateDate>
          <text><![CDATA[<p>Remembers the 7 astronauts who tragically lost their lives aboard the space shuttle Columbia upon its re-entry into Earth's atmosphere 10 years ago on February 1, 2003.</p> <p>Expresses condolences to their families and friends.</p> <p>Commends those who have honored the memory of the space shuttle Columbia over the past decade. </p> <p>Reaffirms the nation's commitment to provide the leadership and resources necessary to ensure robust and safe human space flight capability in low-Earth orbit and beyond in the 21st century, making certain that the sacrifice of those heroes shall not have been in vain. </p>]]></text>
          <versionCode>00</versionCode>
          <actionDesc>Introduced in Senate</actionDesc>
          <name>Introduced in Senate</name>
        </item>
        <item>
          <updateDate>2013-01-31T12:45:28Z</updateDate>
          <actionDate>2013-01-31</actionDate>
          <lastSummaryUpdateDate>2013-02-11T18:07:32Z</lastSummaryUpdateDate>
          <text><![CDATA[<p><b>(This measure has not been amended since it was introduced. The summary of that version is repeated here.)</b></p> <p>Remembers the 7 astronauts who tragically lost their lives aboard the space shuttle Columbia upon its re-entry into Earth's atmosphere 10 years ago on February 1, 2003. </p> <p>Expresses condolences to their families and friends.</p> <p>Commends those who have honored the memory of the space shuttle Columbia over the past decade. </p> <p>Reaffirms the nation's commitment to provide the leadership and resources necessary to ensure robust and safe human space flight capability in low-Earth orbit and beyond in the 21st century, making certain that the sacrifice of those heroes shall not have been in vain. </p>]]></text>
          <versionCode>82</versionCode>
          <actionDesc>Passed Senate without amendment</actionDesc>
          <name>Passed Senate without amendment</name>
        </item>
      </billSummaries>
    </summaries>
    <sponsors>
      <item>
        <firstName>John</firstName>
        <fullName>Sen. Cornyn, John [R-TX]</fullName>
        <middleName />
        <bioguideId>C001056</bioguideId>
        <byRequestType />
        <lastName>Cornyn</lastName>
        <identifiers>
          <bioguideId>C001056</bioguideId>
          <lisID>1692</lisID>
          <gpoId>8295</gpoId>
        </identifiers>
      </item>
    </sponsors>
    <congress>113</congress>
    <notes />
    <committees>
      <billCommittees />
    </committees>
    <introducedDate>2013-01-31</introducedDate>
    <createDate>2013-02-01T07:00:57Z</createDate>
    <policyArea>
      <name>Science, Technology, Communications</name>
    </policyArea>
    <laws />
    <billType>SRES</billType>
    <subjects>
      <billSubjects>
        <policyArea>
          <name>Science, Technology, Communications</name>
        </policyArea>
        <legislativeSubjects>
          <item>
            <name>Accidents</name>
          </item>
          <item>
            <name>Commemorative events and holidays</name>
          </item>
          <item>
            <name>Congressional tributes</name>
          </item>
          <item>
            <name>Government studies and investigations</name>
          </item>
          <item>
            <name>Space flight and exploration</name>
          </item>
          <item>
            <name>Spacecraft and satellites</name>
          </item>
        </legislativeSubjects>
      </billSubjects>
    </subjects>
    <cosponsors>
      <item>
        <bioguideId>N000032</bioguideId>
        <fullName>Sen. Nelson, Bill [D-FL]</fullName>
        <lastName>NELSON</lastName>
        <firstName>CLARENCE</firstName>
        <sponsorshipWithdrawnDate />
        <sponsorshipDate>2013-01-31</sponsorshipDate>
        <middleName>WILLIAM</middleName>
        <isOriginalCosponsor>True</isOriginalCosponsor>
        <identifiers>
          <lisID>859</lisID>
          <gpoId>8236</gpoId>
          <bioguideId>N000032</bioguideId>
        </identifiers>
      </item>
      <item>
        <bioguideId>T000250</bioguideId>
        <fullName>Sen. Thune, John [R-SD]</fullName>
        <lastName>THUNE</lastName>
        <firstName>JOHN</firstName>
        <sponsorshipWithdrawnDate />
        <sponsorshipDate>2013-01-31</sponsorshipDate>
        <middleName>R.</middleName>
        <isOriginalCosponsor>True</isOriginalCosponsor>
        <identifiers>
          <gpoId>8257</gpoId>
          <bioguideId>T000250</bioguideId>
          <lisID>1534</lisID>
        </identifiers>
      </item>
      <item>
        <bioguideId>R000361</bioguideId>
        <fullName>Sen. Rockefeller, John D., IV [D-WV]</fullName>
        <lastName>ROCKEFELLER</lastName>
        <firstName>JAY</firstName>
        <sponsorshipWithdrawnDate />
        <sponsorshipDate>2013-01-31</sponsorshipDate>
        <middleName />
        <isOriginalCosponsor>True</isOriginalCosponsor>
        <identifiers>
          <gpoId>8273</gpoId>
          <bioguideId>R000361</bioguideId>
          <lisID>1424</lisID>
        </identifiers>
      </item>
      <item>
        <bioguideId>I000055</bioguideId>
        <fullName>Sen. Isakson, Johnny [R-GA]</fullName>
        <lastName>Isakson</lastName>
        <firstName>Johnny</firstName>
        <sponsorshipWithdrawnDate />
        <sponsorshipDate>2013-01-31</sponsorshipDate>
        <middleName />
        <isOriginalCosponsor>True</isOriginalCosponsor>
        <identifiers>
          <gpoId>8323</gpoId>
          <bioguideId>I000055</bioguideId>
          <lisID>1608</lisID>
        </identifiers>
      </item>
      <item>
        <bioguideId>W000805</bioguideId>
        <fullName>Sen. Warner, Mark R. [D-VA]</fullName>
        <lastName>Warner</lastName>
        <firstName>Mark</firstName>
        <sponsorshipWithdrawnDate />
        <sponsorshipDate>2013-01-31</sponsorshipDate>
        <middleName>R.</middleName>
        <isOriginalCosponsor>True</isOriginalCosponsor>
        <identifiers>
          <bioguideId>W000805</bioguideId>
          <lisID>1897</lisID>
          <gpoId>8269</gpoId>
        </identifiers>
      </item>
      <item>
        <bioguideId>H001041</bioguideId>
        <fullName>Sen. Heller, Dean [R-NV]</fullName>
        <lastName>Heller</lastName>
        <firstName>Dean</firstName>
        <sponsorshipWithdrawnDate />
        <sponsorshipDate>2013-01-31</sponsorshipDate>
        <middleName />
        <isOriginalCosponsor>True</isOriginalCosponsor>
        <identifiers>
          <gpoId>8060</gpoId>
          <bioguideId>H001041</bioguideId>
          <lisID>1863</lisID>
        </identifiers>
      </item>
      <item>
        <bioguideId>D000563</bioguideId>
        <fullName>Sen. Durbin, Richard [D-IL]</fullName>
        <lastName>DURBIN</lastName>
        <firstName>RICHARD</firstName>
        <sponsorshipWithdrawnDate />
        <sponsorshipDate>2013-01-31</sponsorshipDate>
        <middleName>J.</middleName>
        <isOriginalCosponsor>True</isOriginalCosponsor>
        <identifiers>
          <gpoId>8326</gpoId>
          <lisID>326</lisID>
          <bioguideId>D000563</bioguideId>
        </identifiers>
      </item>
      <item>
        <bioguideId>C000560</bioguideId>
        <fullName>Sen. Coburn, Tom [R-OK]</fullName>
        <lastName>COBURN</lastName>
        <firstName>TOM</firstName>
        <sponsorshipWithdrawnDate />
        <sponsorshipDate>2013-01-31</sponsorshipDate>
        <middleName />
        <isOriginalCosponsor>True</isOriginalCosponsor>
        <identifiers>
          <gpoId>8293</gpoId>
          <bioguideId>C000560</bioguideId>
          <lisID>212</lisID>
        </identifiers>
      </item>
      <item>
        <bioguideId>M000702</bioguideId>
        <fullName>Sen. Mikulski, Barbara A. [D-MD]</fullName>
        <lastName>MIKULSKI</lastName>
        <firstName>BARBARA</firstName>
        <sponsorshipWithdrawnDate />
        <sponsorshipDate>2013-01-31</sponsorshipDate>
        <middleName>ANN</middleName>
        <isOriginalCosponsor>True</isOriginalCosponsor>
        <identifiers>
          <lisID>802</lisID>
          <bioguideId>M000702</bioguideId>
          <gpoId>8240</gpoId>
        </identifiers>
      </item>
      <item>
        <bioguideId>R000595</bioguideId>
        <fullName>Sen. Rubio, Marco [R-FL]</fullName>
        <lastName>Rubio</lastName>
        <firstName>Marco</firstName>
        <sponsorshipWithdrawnDate />
        <sponsorshipDate>2013-01-31</sponsorshipDate>
        <middleName />
        <isOriginalCosponsor>True</isOriginalCosponsor>
        <identifiers>
          <gpoId>8242</gpoId>
          <lisID>2084</lisID>
          <bioguideId>R000595</bioguideId>
        </identifiers>
      </item>
      <item>
        <bioguideId>B000711</bioguideId>
        <fullName>Sen. Boxer, Barbara [D-CA]</fullName>
        <lastName>BOXER</lastName>
        <firstName>BARBARA</firstName>
        <sponsorshipWithdrawnDate />
        <sponsorshipDate>2013-01-31</sponsorshipDate>
        <middleName />
        <isOriginalCosponsor>True</isOriginalCosponsor>
        <identifiers>
          <gpoId>8306</gpoId>
          <lisID>116</lisID>
          <bioguideId>B000711</bioguideId>
        </identifiers>
      </item>
      <item>
        <bioguideId>E000285</bioguideId>
        <fullName>Sen. Enzi, Michael B. [R-WY]</fullName>
        <lastName>ENZI</lastName>
        <firstName>MICHAEL</firstName>
        <sponsorshipWithdrawnDate />
        <sponsorshipDate>2013-01-31</sponsorshipDate>
        <middleName>B.</middleName>
        <isOriginalCosponsor>True</isOriginalCosponsor>
        <identifiers>
          <lisID>1542</lisID>
          <bioguideId>E000285</bioguideId>
          <gpoId>8328</gpoId>
        </identifiers>
      </item>
      <item>
        <bioguideId>B000944</bioguideId>
        <fullName>Sen. Brown, Sherrod [D-OH]</fullName>
        <lastName>BROWN</lastName>
        <firstName>SHERROD</firstName>
        <sponsorshipWithdrawnDate />
        <sponsorshipDate>2013-01-31</sponsorshipDate>
        <middleName />
        <isOriginalCosponsor>True</isOriginalCosponsor>
        <identifiers>
          <bioguideId>B000944</bioguideId>
          <lisID>136</lisID>
          <gpoId>8309</gpoId>
        </identifiers>
      </item>
      <item>
        <bioguideId>P000590</bioguideId>
        <fullName>Sen. Pryor, Mark L. [D-AR]</fullName>
        <lastName>Pryor</lastName>
        <firstName>Mark</firstName>
        <sponsorshipWithdrawnDate />
        <sponsorshipDate>2013-01-31</sponsorshipDate>
        <middleName>Lunsford</middleName>
        <isOriginalCosponsor>True</isOriginalCosponsor>
        <identifiers>
          <gpoId>8241</gpoId>
          <bioguideId>P000590</bioguideId>
          <lisID>1701</lisID>
        </identifiers>
      </item>
      <item>
        <bioguideId>A000360</bioguideId>
        <fullName>Sen. Alexander, Lamar [R-TN]</fullName>
        <lastName>Alexander</lastName>
        <firstName>Lamar</firstName>
        <sponsorshipWithdrawnDate />
        <sponsorshipDate>2013-01-31</sponsorshipDate>
        <middleName />
        <isOriginalCosponsor>True</isOriginalCosponsor>
        <identifiers>
          <bioguideId>A000360</bioguideId>
          <lisID>1695</lisID>
          <gpoId>8304</gpoId>
        </identifiers>
      </item>
      <item>
        <bioguideId>F000062</bioguideId>
        <fullName>Sen. Feinstein, Dianne [D-CA]</fullName>
        <lastName>FEINSTEIN</lastName>
        <firstName>DIANNE</firstName>
        <sponsorshipWithdrawnDate />
        <sponsorshipDate>2013-01-31</sponsorshipDate>
        <middleName />
        <isOriginalCosponsor>True</isOriginalCosponsor>
        <identifiers>
          <gpoId>8338</gpoId>
          <lisID>1332</lisID>
          <bioguideId>F000062</bioguideId>
        </identifiers>
      </item>
      <item>
        <bioguideId>J000291</bioguideId>
        <fullName>Sen. Johanns, Mike [R-NE]</fullName>
        <lastName>Johanns</lastName>
        <firstName>Mike</firstName>
        <sponsorshipWithdrawnDate />
        <sponsorshipDate>2013-01-31</sponsorshipDate>
        <middleName />
        <isOriginalCosponsor>True</isOriginalCosponsor>
        <identifiers>
          <bioguideId>J000291</bioguideId>
          <lisID>1899</lisID>
          <gpoId>8325</gpoId>
        </identifiers>
      </item>
      <item>
        <bioguideId>B001265</bioguideId>
        <fullName>Sen. Begich, Mark [D-AK]</fullName>
        <lastName>Begich</lastName>
        <firstName>Mark</firstName>
        <sponsorshipWithdrawnDate />
        <sponsorshipDate>2013-01-31</sponsorshipDate>
        <middleName />
        <isOriginalCosponsor>True</isOriginalCosponsor>
        <identifiers>
          <bioguideId>B001265</bioguideId>
          <lisID>1898</lisID>
          <gpoId>8301</gpoId>
        </identifiers>
      </item>
      <item>
        <bioguideId>V000127</bioguideId>
        <fullName>Sen. Vitter, David [R-LA]</fullName>
        <lastName>Vitter</lastName>
        <firstName>David</firstName>
        <sponsorshipWithdrawnDate />
        <sponsorshipDate>2013-01-31</sponsorshipDate>
        <middleName />
        <isOriginalCosponsor>True</isOriginalCosponsor>
        <identifiers>
          <gpoId>8267</gpoId>
          <bioguideId>V000127</bioguideId>
          <lisID>1609</lisID>
        </identifiers>
      </item>
      <item>
        <bioguideId>S001181</bioguideId>
        <fullName>Sen. Shaheen, Jeanne [D-NH]</fullName>
        <lastName>Shaheen</lastName>
        <firstName>Jeanne</firstName>
        <sponsorshipWithdrawnDate />
        <sponsorshipDate>2013-01-31</sponsorshipDate>
        <middleName />
        <isOriginalCosponsor>True</isOriginalCosponsor>
        <identifiers>
          <gpoId>8276</gpoId>
          <bioguideId>S001181</bioguideId>
          <lisID>1901</lisID>
        </identifiers>
      </item>
      <item>
        <bioguideId>M000934</bioguideId>
        <fullName>Sen. Moran, Jerry [R-KS]</fullName>
        <lastName>MORAN</lastName>
        <firstName>JERRY</firstName>
        <sponsorshipWithdrawnDate />
        <sponsorshipDate>2013-01-31</sponsorshipDate>
        <middleName />
        <isOriginalCosponsor>True</isOriginalCosponsor>
        <identifiers>
          <lisID>1507</lisID>
          <bioguideId>M000934</bioguideId>
          <gpoId>8307</gpoId>
        </identifiers>
      </item>
      <item>
        <bioguideId>H000338</bioguideId>
        <fullName>Sen. Hatch, Orrin G. [R-UT]</fullName>
        <lastName>HATCH</lastName>
        <firstName>ORRIN</firstName>
        <sponsorshipWithdrawnDate />
        <sponsorshipDate>2013-01-31</sponsorshipDate>
        <middleName>GRANT</middleName>
        <isOriginalCosponsor>True</isOriginalCosponsor>
        <identifiers>
          <bioguideId>H000338</bioguideId>
          <lisID>1351</lisID>
          <gpoId>8314</gpoId>
        </identifiers>
      </item>
      <item>
        <bioguideId>W000437</bioguideId>
        <fullName>Sen. Wicker, Roger F. [R-MS]</fullName>
        <lastName>WICKER</lastName>
        <firstName>ROGER</firstName>
        <sponsorshipWithdrawnDate />
        <sponsorshipDate>2013-01-31</sponsorshipDate>
        <middleName>F.</middleName>
        <isOriginalCosponsor>True</isOriginalCosponsor>
        <identifiers>
          <bioguideId>W000437</bioguideId>
          <lisID>1226</lisID>
          <gpoId>8263</gpoId>
        </identifiers>
      </item>
      <item>
        <bioguideId>G000555</bioguideId>
        <fullName>Sen. Gillibrand, Kirsten E. [D-NY]</fullName>
        <lastName>Gillibrand</lastName>
        <firstName>Kirsten</firstName>
        <sponsorshipWithdrawnDate />
        <sponsorshipDate>2013-01-31</sponsorshipDate>
        <middleName>E.</middleName>
        <isOriginalCosponsor>True</isOriginalCosponsor>
        <identifiers>
          <lisID>1866</lisID>
          <gpoId>8336</gpoId>
          <bioguideId>G000555</bioguideId>
        </identifiers>
      </item>
      <item>
        <bioguideId>C000567</bioguideId>
        <fullName>Sen. Cochran, Thad [R-MS]</fullName>
        <lastName>Cochran</lastName>
        <firstName>Thad</firstName>
        <sponsorshipWithdrawnDate />
        <sponsorshipDate>2013-02-04</sponsorshipDate>
        <middleName />
        <isOriginalCosponsor>False</isOriginalCosponsor>
        <identifiers>
          <gpoId>8292</gpoId>
          <bioguideId>C000567</bioguideId>
          <lisID>213</lisID>
        </identifiers>
      </item>
    </cosponsors>
    <calendarNumbers />
    <relatedBills />
    <amendments />
    <recordedVotes />
    <title>A resolution commemorating the 10-year anniversary of the loss of the Space Shuttle Columbia.</title>
    <latestAction>
      <actionDate>2013-01-31</actionDate>
      <text>Submitted in the Senate, considered, and agreed to without amendment and with a preamble by Unanimous Consent. (consideration: CR S448; text as passed Senate: CR S445-446)</text>
      <links />
    </latestAction>
    <cboCostEstimates />
    <originChamber>Senate</originChamber>
    <committeeReports />
  </bill>
  <dublinCore xmlns:dc="http://purl.org/dc/elements/1.1/">
    <dc:format>text/xml</dc:format>
    <dc:language>EN</dc:language>
    <dc:rights>Pursuant to Title 17 Section 105 of the United States Code, this file is not subject to copyright protection and is in the public domain.</dc:rights>
    <dc:contributor>Congressional Research Service, Library of Congress</dc:contributor>
    <dc:description>This file contains bill summaries and statuses for federal legislation. A bill summary describes the most significant provisions of a piece of legislation and details the effects the legislative text may have on current law and federal programs. Bill summaries are authored by the Congressional Research Service (CRS) of the Library of Congress. As stated in Public Law 91-510 (2 USC 166 (d)(6)), one of the duties of CRS is "to prepare summaries and digests of bills and resolutions of a public general nature introduced in the Senate or House of Representatives". For more information, refer to the User Guide that accompanies this file.</dc:description>
  </dublinCore>
</billStatus>

