<?xml version="1.0" encoding="UTF-8"?>
<billStatus>
  <bill>
    <sponsors>
      <item>
        <lastName>MCCONNELL</lastName>
        <fullName>Sen. McConnell, Mitch [R-KY]</fullName>
        <middleName />
        <firstName>MITCH</firstName>
        <identifiers>
          <lisID>1395</lisID>
          <bioguideId>M000355</bioguideId>
          <gpoId>8254</gpoId>
        </identifiers>
        <byRequestType />
        <bioguideId>M000355</bioguideId>
      </item>
    </sponsors>
    <latestAction>
      <links />
      <text>Submitted in the Senate, considered, and agreed to without amendment and with a preamble by Unanimous Consent. (consideration: CR S6005; text as passed Senate: CR S6024)</text>
      <actionDate>2014-11-17</actionDate>
    </latestAction>
    <laws />
    <createDate>2014-11-18T05:22:04Z</createDate>
    <updateDate>2016-10-25T16:19:30Z</updateDate>
    <committees>
      <billCommittees />
    </committees>
    <recordedVotes />
    <introducedDate>2014-11-17</introducedDate>
    <relatedBills />
    <billNumber>579</billNumber>
    <amendments />
    <billType>SRES</billType>
    <actions>
      <item>
        <actionDate>2014-11-17</actionDate>
        <committee />
        <links>
          <link>
            <name>S6024</name>
            <url>/congressional-record/2014/senate-section/page/S6024</url>
          </link>
        </links>
        <sourceSystem>
          <name>Senate</name>
          <code>0</code>
        </sourceSystem>
        <text>Submitted in the Senate, considered, and agreed to without amendment and with a preamble by Unanimous Consent. (consideration: CR S6005; text as passed Senate: CR S6024)</text>
        <type>Floor</type>
      </item>
      <item>
        <committee />
        <type>Floor</type>
        <links>
          <link>
            <name>S6024</name>
            <url>/congressional-record/2014/senate-section/page/S6024</url>
          </link>
        </links>
        <actionCode>17000</actionCode>
        <sourceSystem>
          <name>Library of Congress</name>
          <code>9</code>
        </sourceSystem>
        <actionDate>2014-11-17</actionDate>
        <text>Passed/agreed to in Senate: Submitted in the Senate, considered, and agreed to without amendment and with a preamble by Unanimous Consent.(consideration: CR S6005; text as passed Senate: CR S6024)</text>
      </item>
      <item>
        <committee />
        <type>IntroReferral</type>
        <links />
        <actionCode>10000</actionCode>
        <sourceSystem>
          <name>Library of Congress</name>
          <code>9</code>
        </sourceSystem>
        <actionDate>2014-11-17</actionDate>
        <text>Introduced in Senate</text>
      </item>
      <actionByCounts>
        <senate>3</senate>
      </actionByCounts>
      <actionTypeCounts>
        <introducedInSenate>1</introducedInSenate>
        <passedAgreedToInSenate>1</passedAgreedToInSenate>
        <passedOrAgreedToInSenateDayOf>1</passedOrAgreedToInSenateDayOf>
      </actionTypeCounts>
    </actions>
    <policyArea>
      <name>Congress</name>
    </policyArea>
    <cosponsors>
      <item>
        <sponsorshipDate>2014-11-17</sponsorshipDate>
        <lastName>REID</lastName>
        <middleName>M.</middleName>
        <firstName>HARRY</firstName>
        <fullName>Sen. Reid, Harry [D-NV]</fullName>
        <bioguideId>R000146</bioguideId>
        <identifiers>
          <gpoId>8271</gpoId>
          <bioguideId>R000146</bioguideId>
          <lisID>952</lisID>
        </identifiers>
        <sponsorshipWithdrawnDate />
        <isOriginalCosponsor>True</isOriginalCosponsor>
      </item>
    </cosponsors>
    <cboCostEstimates />
    <summaries>
      <billSummaries>
        <item>
          <text><![CDATA[<p>Declares that the Senate has heard with profound sorrow and deep regret the announcement of the death of Howard O. Greene, Jr.</p> <p>Declares that when the Senate adjourns on November 17, 2014, it stand adjourned as a further mark of respect to his memory.</p>]]></text>
          <name>Introduced in Senate</name>
          <versionCode>00</versionCode>
          <actionDate>2014-11-17</actionDate>
          <actionDesc>Introduced in Senate</actionDesc>
          <lastSummaryUpdateDate>2014-11-19T22:17:35Z</lastSummaryUpdateDate>
          <updateDate>2014-11-17T05:00:00Z</updateDate>
        </item>
        <item>
          <text><![CDATA[<p><b>(This measure has not been amended since it was introduced. The summary of that version is repeated here.)</b></p> <p>Declares that the Senate has heard with profound sorrow and deep regret the announcement of the death of Howard O. Greene, Jr.</p> <p>Declares that when the Senate adjourns on November 17, 2014, it stand adjourned as a further mark of respect to his memory.</p>]]></text>
          <name>Passed Senate without amendment</name>
          <versionCode>82</versionCode>
          <actionDate>2014-11-17</actionDate>
          <actionDesc>Passed Senate without amendment</actionDesc>
          <lastSummaryUpdateDate>2014-11-21T18:00:49Z</lastSummaryUpdateDate>
          <updateDate>2014-11-17T15:09:54Z</updateDate>
        </item>
      </billSummaries>
    </summaries>
    <committeeReports />
    <title>A resolution relative to the death of Howard O. Greene, Jr., former Sergeant at Arms of the United States Senate.</title>
    <calendarNumbers />
    <notes />
    <subjects>
      <billSubjects>
        <policyArea>
          <name>Congress</name>
        </policyArea>
        <legislativeSubjects>
          <item>
            <name>Congressional officers and employees</name>
          </item>
          <item>
            <name>Congressional tributes</name>
          </item>
          <item>
            <name>Senate</name>
          </item>
        </legislativeSubjects>
      </billSubjects>
    </subjects>
    <congress>113</congress>
    <originChamber>Senate</originChamber>
    <titles>
      <item>
        <chamberName />
        <chamberCode />
        <parentTitleType />
        <titleType>Official Title as Introduced</titleType>
        <title>A resolution relative to the death of Howard O. Greene, Jr., former Sergeant at Arms of the United States Senate.</title>
      </item>
      <item>
        <chamberName />
        <chamberCode />
        <parentTitleType />
        <titleType>Display Title</titleType>
        <title>A resolution relative to the death of Howard O. Greene, Jr., former Sergeant at Arms of the United States Senate.</title>
      </item>
    </titles>
  </bill>
  <dublinCore xmlns:dc="http://purl.org/dc/elements/1.1/">
    <dc:format>text/xml</dc:format>
    <dc:language>EN</dc:language>
    <dc:rights>Pursuant to Title 17 Section 105 of the United States Code, this file is not subject to copyright protection and is in the public domain.</dc:rights>
    <dc:contributor>Congressional Research Service, Library of Congress</dc:contributor>
    <dc:description>This file contains bill summaries and statuses for federal legislation. A bill summary describes the most significant provisions of a piece of legislation and details the effects the legislative text may have on current law and federal programs. Bill summaries are authored by the Congressional Research Service (CRS) of the Library of Congress. As stated in Public Law 91-510 (2 USC 166 (d)(6)), one of the duties of CRS is "to prepare summaries and digests of bills and resolutions of a public general nature introduced in the Senate or House of Representatives". For more information, refer to the User Guide that accompanies this file.</dc:description>
  </dublinCore>
</billStatus>

