<?xml version="1.0" encoding="UTF-8"?>
<billStatus>
  <bill>
    <cosponsors>
      <item>
        <middleName />
        <firstName>Bob</firstName>
        <identifiers>
          <gpoId>8282</gpoId>
          <lisID>1828</lisID>
          <bioguideId>C001070</bioguideId>
        </identifiers>
        <bioguideId>C001070</bioguideId>
        <fullName>Sen. Casey, Robert P., Jr. [D-PA]</fullName>
        <lastName>Casey</lastName>
        <sponsorshipWithdrawnDate />
        <sponsorshipDate>2014-03-25</sponsorshipDate>
        <isOriginalCosponsor>True</isOriginalCosponsor>
      </item>
    </cosponsors>
    <latestAction>
      <actionDate>2014-03-25</actionDate>
      <links />
      <text>Submitted in the Senate, considered, and agreed to without amendment and with a preamble by Unanimous Consent. (consideration: CR S1739-1740; text as passed Senate: CR S1733)</text>
    </latestAction>
    <amendments />
    <notes />
    <laws />
    <createDate>2014-03-26T07:19:04Z</createDate>
    <summaries>
      <billSummaries>
        <item>
          <lastSummaryUpdateDate>2014-05-03T16:41:13Z</lastSummaryUpdateDate>
          <name>Introduced in Senate</name>
          <actionDesc>Introduced in Senate</actionDesc>
          <text><![CDATA[<p>Designates March 25, 2014, as National Cerebral Palsy Awareness Day.</p>]]></text>
          <actionDate>2014-03-25</actionDate>
          <versionCode>00</versionCode>
          <updateDate>2014-03-25T04:00:00Z</updateDate>
        </item>
        <item>
          <lastSummaryUpdateDate>2014-05-03T16:41:25Z</lastSummaryUpdateDate>
          <name>Passed Senate without amendment</name>
          <actionDesc>Passed Senate without amendment</actionDesc>
          <text><![CDATA[<p><b>(This measure has not been amended since it was introduced. The summary of that version is repeated here.)</b></p> <p>Designates March 25, 2014, as National Cerebral Palsy Awareness Day.</p>]]></text>
          <actionDate>2014-03-25</actionDate>
          <versionCode>82</versionCode>
          <updateDate>2014-03-25T19:12:08Z</updateDate>
        </item>
      </billSummaries>
    </summaries>
    <titles>
      <item>
        <parentTitleType />
        <title>A resolution designating March 25, 2014, as "National Cerebral Palsy Awareness Day".</title>
        <chamberName />
        <chamberCode />
        <titleType>Official Title as Introduced</titleType>
      </item>
      <item>
        <parentTitleType />
        <title>A resolution designating March 25, 2014, as "National Cerebral Palsy Awareness Day".</title>
        <chamberName />
        <chamberCode />
        <titleType>Display Title</titleType>
      </item>
    </titles>
    <calendarNumbers />
    <updateDate>2016-10-25T16:19:03Z</updateDate>
    <introducedDate>2014-03-25</introducedDate>
    <recordedVotes />
    <policyArea>
      <name>Health</name>
    </policyArea>
    <subjects>
      <billSubjects>
        <policyArea>
          <name>Health</name>
        </policyArea>
        <legislativeSubjects>
          <item>
            <name>Child health</name>
          </item>
          <item>
            <name>Commemorative events and holidays</name>
          </item>
          <item>
            <name>Disability and paralysis</name>
          </item>
          <item>
            <name>Neurological disorders</name>
          </item>
        </legislativeSubjects>
      </billSubjects>
    </subjects>
    <actions>
      <actionTypeCounts>
        <passedOrAgreedToInSenateDayOf>1</passedOrAgreedToInSenateDayOf>
        <passedAgreedToInSenate>1</passedAgreedToInSenate>
        <introducedInSenate>1</introducedInSenate>
      </actionTypeCounts>
      <actionByCounts>
        <senate>3</senate>
      </actionByCounts>
      <item>
        <actionDate>2014-03-25</actionDate>
        <committee />
        <links>
          <link>
            <name>S1733</name>
            <url>/congressional-record/2014/senate-section/page/S1733</url>
          </link>
          <link>
            <name>S1739-1740</name>
            <url>/congressional-record/2014/senate-section/page/S1739-1740</url>
          </link>
        </links>
        <sourceSystem>
          <name>Senate</name>
          <code>0</code>
        </sourceSystem>
        <text>Submitted in the Senate, considered, and agreed to without amendment and with a preamble by Unanimous Consent. (consideration: CR S1739-1740; text as passed Senate: CR S1733)</text>
        <type>Floor</type>
      </item>
      <item>
        <committee />
        <sourceSystem>
          <name>Library of Congress</name>
          <code>9</code>
        </sourceSystem>
        <type>Floor</type>
        <text>Passed/agreed to in Senate: Submitted in the Senate, considered, and agreed to without amendment and with a preamble by Unanimous Consent.(consideration: CR S1739-1740; text as passed Senate: CR S1733)</text>
        <actionDate>2014-03-25</actionDate>
        <links>
          <link>
            <name>S1733</name>
            <url>/congressional-record/2014/senate-section/page/S1733</url>
          </link>
          <link>
            <name>S1739-1740</name>
            <url>/congressional-record/2014/senate-section/page/S1739-1740</url>
          </link>
        </links>
        <actionCode>17000</actionCode>
      </item>
      <item>
        <committee />
        <sourceSystem>
          <name>Library of Congress</name>
          <code>9</code>
        </sourceSystem>
        <type>IntroReferral</type>
        <text>Introduced in Senate</text>
        <actionDate>2014-03-25</actionDate>
        <links />
        <actionCode>10000</actionCode>
      </item>
    </actions>
    <originChamber>Senate</originChamber>
    <committees>
      <billCommittees />
    </committees>
    <cboCostEstimates />
    <billNumber>396</billNumber>
    <title>A resolution designating March 25, 2014, as "National Cerebral Palsy Awareness Day".</title>
    <billType>SRES</billType>
    <committeeReports />
    <congress>113</congress>
    <sponsors>
      <item>
        <lastName>Isakson</lastName>
        <fullName>Sen. Isakson, Johnny [R-GA]</fullName>
        <byRequestType />
        <identifiers>
          <gpoId>8323</gpoId>
          <lisID>1608</lisID>
          <bioguideId>I000055</bioguideId>
        </identifiers>
        <bioguideId>I000055</bioguideId>
        <firstName>Johnny</firstName>
        <middleName />
      </item>
    </sponsors>
    <relatedBills>
      <item>
        <number>89</number>
        <type>SRES</type>
        <congress>113</congress>
        <relationshipDetails>
          <item>
            <type>Related bill</type>
            <identifiedBy>CRS</identifiedBy>
          </item>
        </relationshipDetails>
        <latestAction>
          <actionDate>2013-03-21</actionDate>
          <text>Submitted in the Senate, considered, and agreed to without amendment and with a preamble by Unanimous Consent. (consideration: CR S2232; text as passed Senate: CR S2163)</text>
        </latestAction>
        <latestTitle>A resolution designating March 25, 2013, as "National Cerebral Palsy Awareness Day".</latestTitle>
      </item>
    </relatedBills>
  </bill>
  <dublinCore xmlns:dc="http://purl.org/dc/elements/1.1/">
    <dc:format>text/xml</dc:format>
    <dc:language>EN</dc:language>
    <dc:rights>Pursuant to Title 17 Section 105 of the United States Code, this file is not subject to copyright protection and is in the public domain.</dc:rights>
    <dc:contributor>Congressional Research Service, Library of Congress</dc:contributor>
    <dc:description>This file contains bill summaries and statuses for federal legislation. A bill summary describes the most significant provisions of a piece of legislation and details the effects the legislative text may have on current law and federal programs. Bill summaries are authored by the Congressional Research Service (CRS) of the Library of Congress. As stated in Public Law 91-510 (2 USC 166 (d)(6)), one of the duties of CRS is "to prepare summaries and digests of bills and resolutions of a public general nature introduced in the Senate or House of Representatives". For more information, refer to the User Guide that accompanies this file.</dc:description>
  </dublinCore>
</billStatus>

