<?xml version="1.0" encoding="UTF-8"?>
<billStatus>
  <bill>
    <sponsors>
      <item>
        <lastName>STABENOW</lastName>
        <fullName>Sen. Stabenow, Debbie [D-MI]</fullName>
        <middleName>ANN</middleName>
        <firstName>DEBORAH</firstName>
        <identifiers>
          <gpoId>8261</gpoId>
          <lisID>1531</lisID>
          <bioguideId>S000770</bioguideId>
        </identifiers>
        <byRequestType />
        <bioguideId>S000770</bioguideId>
      </item>
    </sponsors>
    <latestAction>
      <links />
      <text>Submitted in the Senate, considered, and agreed to without amendment and with a preamble by Unanimous Consent. (consideration: CR S2041; text as passed Senate: CR S1937)</text>
      <actionDate>2014-04-01</actionDate>
    </latestAction>
    <laws />
    <createDate>2014-04-02T07:23:21Z</createDate>
    <updateDate>2016-10-25T16:19:05Z</updateDate>
    <committees>
      <billCommittees />
    </committees>
    <recordedVotes />
    <introducedDate>2014-04-01</introducedDate>
    <relatedBills>
      <item>
        <number>149</number>
        <relationshipDetails>
          <item>
            <type>Related bill</type>
            <identifiedBy>CRS</identifiedBy>
          </item>
        </relationshipDetails>
        <congress>113</congress>
        <latestAction>
          <actionDate>2013-04-12</actionDate>
          <text>Referred to the Subcommittee on Health.</text>
        </latestAction>
        <latestTitle>Expressing support for designation of April as Parkinson's Awareness Month.</latestTitle>
        <type>HRES</type>
      </item>
      <item>
        <number>118</number>
        <relationshipDetails>
          <item>
            <type>Related bill</type>
            <identifiedBy>CRS</identifiedBy>
          </item>
        </relationshipDetails>
        <congress>113</congress>
        <latestAction>
          <actionDate>2013-04-25</actionDate>
          <text>Submitted in the Senate, considered, and agreed to without amendment and with a preamble by Unanimous Consent. (consideration: CR S3060; text as passed Senate: CR S3047)</text>
        </latestAction>
        <latestTitle>A resolution supporting the designation of April as Parkinson's Awareness Month.</latestTitle>
        <type>SRES</type>
      </item>
    </relatedBills>
    <billNumber>408</billNumber>
    <amendments />
    <billType>SRES</billType>
    <actions>
      <actionByCounts>
        <senate>3</senate>
      </actionByCounts>
      <actionTypeCounts>
        <passedOrAgreedToInSenateDayOf>1</passedOrAgreedToInSenateDayOf>
        <passedAgreedToInSenate>1</passedAgreedToInSenate>
        <introducedInSenate>1</introducedInSenate>
      </actionTypeCounts>
      <item>
        <actionDate>2014-04-01</actionDate>
        <committee />
        <links>
          <link>
            <name>S1937</name>
            <url>/congressional-record/2014/senate-section/page/S1937</url>
          </link>
        </links>
        <sourceSystem>
          <code>0</code>
          <name>Senate</name>
        </sourceSystem>
        <text>Submitted in the Senate, considered, and agreed to without amendment and with a preamble by Unanimous Consent. (consideration: CR S2041; text as passed Senate: CR S1937)</text>
        <type>Floor</type>
      </item>
      <item>
        <sourceSystem>
          <code>9</code>
          <name>Library of Congress</name>
        </sourceSystem>
        <type>Floor</type>
        <actionDate>2014-04-01</actionDate>
        <text>Passed/agreed to in Senate: Submitted in the Senate, considered, and agreed to without amendment and with a preamble by Unanimous Consent.(consideration: CR S2041; text as passed Senate: CR S1937)</text>
        <committee />
        <actionCode>17000</actionCode>
        <links>
          <link>
            <name>S1937</name>
            <url>/congressional-record/2014/senate-section/page/S1937</url>
          </link>
        </links>
      </item>
      <item>
        <sourceSystem>
          <code>9</code>
          <name>Library of Congress</name>
        </sourceSystem>
        <type>IntroReferral</type>
        <actionDate>2014-04-01</actionDate>
        <text>Introduced in Senate</text>
        <committee />
        <actionCode>10000</actionCode>
        <links />
      </item>
    </actions>
    <policyArea>
      <name>Health</name>
    </policyArea>
    <cosponsors>
      <item>
        <middleName />
        <firstName>MARK</firstName>
        <identifiers>
          <gpoId>8259</gpoId>
          <lisID>1595</lisID>
          <bioguideId>U000038</bioguideId>
        </identifiers>
        <bioguideId>U000038</bioguideId>
        <fullName>Sen. Udall, Mark [D-CO]</fullName>
        <lastName>UDALL</lastName>
        <sponsorshipWithdrawnDate />
        <sponsorshipDate>2014-04-01</sponsorshipDate>
        <isOriginalCosponsor>True</isOriginalCosponsor>
      </item>
      <item>
        <middleName />
        <firstName>Mike</firstName>
        <identifiers>
          <lisID>1899</lisID>
          <bioguideId>J000291</bioguideId>
          <gpoId>8325</gpoId>
        </identifiers>
        <bioguideId>J000291</bioguideId>
        <fullName>Sen. Johanns, Mike [R-NE]</fullName>
        <lastName>Johanns</lastName>
        <sponsorshipWithdrawnDate />
        <sponsorshipDate>2014-04-01</sponsorshipDate>
        <isOriginalCosponsor>True</isOriginalCosponsor>
      </item>
      <item>
        <middleName />
        <firstName>Johnny</firstName>
        <identifiers>
          <bioguideId>I000055</bioguideId>
          <lisID>1608</lisID>
          <gpoId>8323</gpoId>
        </identifiers>
        <bioguideId>I000055</bioguideId>
        <fullName>Sen. Isakson, Johnny [R-GA]</fullName>
        <lastName>Isakson</lastName>
        <sponsorshipWithdrawnDate />
        <sponsorshipDate>2014-04-01</sponsorshipDate>
        <isOriginalCosponsor>True</isOriginalCosponsor>
      </item>
    </cosponsors>
    <cboCostEstimates />
    <summaries>
      <billSummaries>
        <item>
          <text><![CDATA[<p>Expresses support for: (1) the designation of April as Parkinson's Awareness Month, and (2) research to develop more effective treatments and to ultimately find a cure for Parkinson's disease.</p> <p>Commends the dedication of state, local, regional, and national organizations, volunteers, researchers, and millions of individuals in the United States working to improve the quality of life for individuals with Parkinson's and their families. </p>]]></text>
          <actionDesc>Introduced in Senate</actionDesc>
          <lastSummaryUpdateDate>2014-04-25T14:50:22Z</lastSummaryUpdateDate>
          <versionCode>00</versionCode>
          <actionDate>2014-04-01</actionDate>
          <name>Introduced in Senate</name>
          <updateDate>2014-04-01T04:00:00Z</updateDate>
        </item>
        <item>
          <text><![CDATA[<p><b>(This measure has not been amended since it was introduced. The summary of that version is repeated here.)</b></p> <p>Expresses support for: (1) the designation of April as Parkinson's Awareness Month, and (2) research to develop more effective treatments and to ultimately find a cure for Parkinson's disease.</p> <p>Commends the dedication of state, local, regional, and national organizations, volunteers, researchers, and millions of individuals in the United States working to improve the quality of life for individuals with Parkinson's and their families. </p>]]></text>
          <actionDesc>Passed Senate without amendment</actionDesc>
          <lastSummaryUpdateDate>2014-04-28T20:50:00Z</lastSummaryUpdateDate>
          <versionCode>82</versionCode>
          <actionDate>2014-04-01</actionDate>
          <name>Passed Senate without amendment</name>
          <updateDate>2014-04-01T19:55:33Z</updateDate>
        </item>
      </billSummaries>
    </summaries>
    <committeeReports />
    <title>A resolution supporting the designation of April as "Parkinson's Awareness Month".</title>
    <calendarNumbers />
    <notes />
    <subjects>
      <billSubjects>
        <legislativeSubjects>
          <item>
            <name>Commemorative events and holidays</name>
          </item>
          <item>
            <name>Congressional tributes</name>
          </item>
          <item>
            <name>Health care quality</name>
          </item>
          <item>
            <name>Health personnel</name>
          </item>
          <item>
            <name>Medical research</name>
          </item>
          <item>
            <name>Neurological disorders</name>
          </item>
        </legislativeSubjects>
        <policyArea>
          <name>Health</name>
        </policyArea>
      </billSubjects>
    </subjects>
    <congress>113</congress>
    <originChamber>Senate</originChamber>
    <titles>
      <item>
        <chamberName />
        <titleType>Official Title as Introduced</titleType>
        <title>A resolution supporting the designation of April as "Parkinson's Awareness Month".</title>
        <chamberCode />
        <parentTitleType />
      </item>
      <item>
        <chamberName />
        <titleType>Display Title</titleType>
        <title>A resolution supporting the designation of April as "Parkinson's Awareness Month".</title>
        <chamberCode />
        <parentTitleType />
      </item>
    </titles>
  </bill>
  <dublinCore xmlns:dc="http://purl.org/dc/elements/1.1/">
    <dc:format>text/xml</dc:format>
    <dc:language>EN</dc:language>
    <dc:rights>Pursuant to Title 17 Section 105 of the United States Code, this file is not subject to copyright protection and is in the public domain.</dc:rights>
    <dc:contributor>Congressional Research Service, Library of Congress</dc:contributor>
    <dc:description>This file contains bill summaries and statuses for federal legislation. A bill summary describes the most significant provisions of a piece of legislation and details the effects the legislative text may have on current law and federal programs. Bill summaries are authored by the Congressional Research Service (CRS) of the Library of Congress. As stated in Public Law 91-510 (2 USC 166 (d)(6)), one of the duties of CRS is "to prepare summaries and digests of bills and resolutions of a public general nature introduced in the Senate or House of Representatives". For more information, refer to the User Guide that accompanies this file.</dc:description>
  </dublinCore>
</billStatus>

