<?xml version="1.0" encoding="UTF-8"?>
<billStatus>
  <bill>
    <latestAction>
      <actionDate>2013-07-31</actionDate>
      <text>Submitted in the Senate, considered, and agreed to without amendment and with a preamble by Unanimous Consent. (consideration: CR S6138; text as passed Senate: CR S6133)</text>
      <links />
    </latestAction>
    <committeeReports />
    <cboCostEstimates />
    <billType>SRES</billType>
    <relatedBills>
      <item>
        <latestAction>
          <actionDate>2014-07-31</actionDate>
          <text>Submitted in the Senate, considered, and agreed to without amendment and with a preamble by Unanimous Consent. (consideration: CR 8/1/2014 S5315; text as passed Senate: CR S5235)</text>
        </latestAction>
        <type>SRES</type>
        <congress>113</congress>
        <relationshipDetails>
          <item>
            <type>Related bill</type>
            <identifiedBy>CRS</identifiedBy>
          </item>
        </relationshipDetails>
        <number>533</number>
        <latestTitle>A resolution designating September 2014 as "National Spinal Cord Injury Awareness Month".</latestTitle>
      </item>
    </relatedBills>
    <createDate>2013-08-02T05:52:40Z</createDate>
    <title>A resolution designating September 2013 as "National Spinal Cord Injury Awareness Month".</title>
    <cosponsors>
      <item>
        <sponsorshipWithdrawnDate />
        <bioguideId>N000032</bioguideId>
        <fullName>Sen. Nelson, Bill [D-FL]</fullName>
        <lastName>NELSON</lastName>
        <isOriginalCosponsor>True</isOriginalCosponsor>
        <identifiers>
          <bioguideId>N000032</bioguideId>
          <lisID>859</lisID>
          <gpoId>8236</gpoId>
        </identifiers>
        <middleName>WILLIAM</middleName>
        <sponsorshipDate>2013-07-31</sponsorshipDate>
        <firstName>CLARENCE</firstName>
      </item>
    </cosponsors>
    <updateDate>2016-10-25T16:18:34Z</updateDate>
    <amendments />
    <originChamber>Senate</originChamber>
    <subjects>
      <billSubjects>
        <policyArea>
          <name>Health</name>
        </policyArea>
        <legislativeSubjects>
          <item>
            <name>Commemorative events and holidays</name>
          </item>
          <item>
            <name>Congressional tributes</name>
          </item>
          <item>
            <name>Disability and paralysis</name>
          </item>
          <item>
            <name>Health personnel</name>
          </item>
          <item>
            <name>Medical research</name>
          </item>
          <item>
            <name>Neurological disorders</name>
          </item>
        </legislativeSubjects>
      </billSubjects>
    </subjects>
    <policyArea>
      <name>Health</name>
    </policyArea>
    <congress>113</congress>
    <summaries>
      <billSummaries>
        <item>
          <versionCode>00</versionCode>
          <text><![CDATA[<p>Designates September 2013 as National Spinal Cord Injury Awareness Month. </p> <p>Expresses support for: (1) research to find better treatments, therapies, and a cure for paralysis; and (2) clinical trials for new therapies for those living with paralysis.</p> <p>Commends the dedication of organizations, researchers, doctors and people across the United States that are working to improve the quality of life of people living with paralysis and their families. </p> <ul> </ul> <ul> </ul>]]></text>
          <updateDate>2013-07-31T04:00:00Z</updateDate>
          <lastSummaryUpdateDate>2013-08-29T19:00:42Z</lastSummaryUpdateDate>
          <actionDate>2013-07-31</actionDate>
          <actionDesc>Introduced in Senate</actionDesc>
          <name>Introduced in Senate</name>
        </item>
        <item>
          <versionCode>82</versionCode>
          <text><![CDATA[<p><b>(This measure has not been amended since it was introduced. The summary of that version is repeated here.)</b></p> <p>Designates September 2013 as National Spinal Cord Injury Awareness Month. </p> <p>Expresses support for: (1) research to find better treatments, therapies, and a cure for paralysis; and (2) clinical trials for new therapies for those living with paralysis.</p> <p>Commends the dedication of organizations, researchers, doctors and people across the United States that are working to improve the quality of life of people living with paralysis and their families. </p> <ul> </ul> <ul> </ul>]]></text>
          <updateDate>2013-07-31T17:56:46Z</updateDate>
          <lastSummaryUpdateDate>2013-08-29T18:12:56Z</lastSummaryUpdateDate>
          <actionDate>2013-07-31</actionDate>
          <actionDesc>Passed Senate without amendment</actionDesc>
          <name>Passed Senate without amendment</name>
        </item>
      </billSummaries>
    </summaries>
    <sponsors>
      <item>
        <fullName>Sen. Rubio, Marco [R-FL]</fullName>
        <byRequestType />
        <bioguideId>R000595</bioguideId>
        <firstName>Marco</firstName>
        <middleName />
        <identifiers>
          <gpoId>8242</gpoId>
          <lisID>2084</lisID>
          <bioguideId>R000595</bioguideId>
        </identifiers>
        <lastName>Rubio</lastName>
      </item>
    </sponsors>
    <calendarNumbers />
    <laws />
    <introducedDate>2013-07-31</introducedDate>
    <billNumber>211</billNumber>
    <actions>
      <actionTypeCounts>
        <passedOrAgreedToInSenateDayOf>1</passedOrAgreedToInSenateDayOf>
        <passedAgreedToInSenate>1</passedAgreedToInSenate>
        <introducedInSenate>1</introducedInSenate>
      </actionTypeCounts>
      <actionByCounts>
        <senate>3</senate>
      </actionByCounts>
      <item>
        <actionDate>2013-07-31</actionDate>
        <committee />
        <links>
          <link>
            <name>S6133</name>
            <url>/congressional-record/2013/senate-section/page/S6133</url>
          </link>
        </links>
        <sourceSystem>
          <name>Senate</name>
          <code>0</code>
        </sourceSystem>
        <text>Submitted in the Senate, considered, and agreed to without amendment and with a preamble by Unanimous Consent. (consideration: CR S6138; text as passed Senate: CR S6133)</text>
        <type>Floor</type>
      </item>
      <item>
        <committee />
        <sourceSystem>
          <name>Library of Congress</name>
          <code>9</code>
        </sourceSystem>
        <type>Floor</type>
        <text>Passed/agreed to in Senate: Submitted in the Senate, considered, and agreed to without amendment and with a preamble by Unanimous Consent.(consideration: CR S6138; text as passed Senate: CR S6133)</text>
        <actionDate>2013-07-31</actionDate>
        <links>
          <link>
            <name>S6133</name>
            <url>/congressional-record/2013/senate-section/page/S6133</url>
          </link>
        </links>
        <actionCode>17000</actionCode>
      </item>
      <item>
        <committee />
        <sourceSystem>
          <name>Library of Congress</name>
          <code>9</code>
        </sourceSystem>
        <type>IntroReferral</type>
        <text>Introduced in Senate</text>
        <actionDate>2013-07-31</actionDate>
        <links />
        <actionCode>10000</actionCode>
      </item>
    </actions>
    <notes />
    <titles>
      <item>
        <chamberName />
        <parentTitleType />
        <titleType>Official Title as Introduced</titleType>
        <chamberCode />
        <title>A resolution designating September 2013 as "National Spinal Cord Injury Awareness Month".</title>
      </item>
      <item>
        <chamberName />
        <parentTitleType />
        <titleType>Display Title</titleType>
        <chamberCode />
        <title>A resolution designating September 2013 as "National Spinal Cord Injury Awareness Month".</title>
      </item>
    </titles>
    <recordedVotes />
    <committees>
      <billCommittees />
    </committees>
  </bill>
  <dublinCore xmlns:dc="http://purl.org/dc/elements/1.1/">
    <dc:format>text/xml</dc:format>
    <dc:language>EN</dc:language>
    <dc:rights>Pursuant to Title 17 Section 105 of the United States Code, this file is not subject to copyright protection and is in the public domain.</dc:rights>
    <dc:contributor>Congressional Research Service, Library of Congress</dc:contributor>
    <dc:description>This file contains bill summaries and statuses for federal legislation. A bill summary describes the most significant provisions of a piece of legislation and details the effects the legislative text may have on current law and federal programs. Bill summaries are authored by the Congressional Research Service (CRS) of the Library of Congress. As stated in Public Law 91-510 (2 USC 166 (d)(6)), one of the duties of CRS is "to prepare summaries and digests of bills and resolutions of a public general nature introduced in the Senate or House of Representatives". For more information, refer to the User Guide that accompanies this file.</dc:description>
  </dublinCore>
</billStatus>

