<?xml version="1.0" encoding="UTF-8"?>
<billStatus>
  <bill>
    <titles>
      <item>
        <chamberName />
        <chamberCode />
        <parentTitleType />
        <titleType>Official Title as Introduced</titleType>
        <title>A resolution congratulating the Alaska Aces hockey team on winning the 2014 Kelly Cup as champions of the East Coast Hockey League.</title>
      </item>
      <item>
        <chamberName />
        <chamberCode />
        <parentTitleType />
        <titleType>Display Title</titleType>
        <title>A resolution congratulating the Alaska Aces hockey team on winning the 2014 Kelly Cup as champions of the East Coast Hockey League.</title>
      </item>
    </titles>
    <introducedDate>2014-06-12</introducedDate>
    <notes />
    <calendarNumbers />
    <committees>
      <billCommittees />
    </committees>
    <sponsors>
      <item>
        <lastName>Begich</lastName>
        <middleName />
        <bioguideId>B001265</bioguideId>
        <firstName>Mark</firstName>
        <byRequestType />
        <fullName>Sen. Begich, Mark [D-AK]</fullName>
        <identifiers>
          <gpoId>8301</gpoId>
          <bioguideId>B001265</bioguideId>
          <lisID>1898</lisID>
        </identifiers>
      </item>
    </sponsors>
    <subjects>
      <billSubjects>
        <legislativeSubjects>
          <item>
            <name>Alaska</name>
          </item>
          <item>
            <name>Athletes</name>
          </item>
          <item>
            <name>Congressional tributes</name>
          </item>
          <item>
            <name>Professional sports</name>
          </item>
        </legislativeSubjects>
        <policyArea>
          <name>Sports and Recreation</name>
        </policyArea>
      </billSubjects>
    </subjects>
    <originChamber>Senate</originChamber>
    <createDate>2014-06-13T07:17:48Z</createDate>
    <congress>113</congress>
    <cosponsors>
      <item>
        <lastName>Murkowski</lastName>
        <sponsorshipDate>2014-06-12</sponsorshipDate>
        <firstName>Lisa</firstName>
        <identifiers>
          <gpoId>8234</gpoId>
          <lisID>1694</lisID>
          <bioguideId>M001153</bioguideId>
        </identifiers>
        <isOriginalCosponsor>True</isOriginalCosponsor>
        <bioguideId>M001153</bioguideId>
        <fullName>Sen. Murkowski, Lisa [R-AK]</fullName>
        <middleName />
        <sponsorshipWithdrawnDate />
      </item>
    </cosponsors>
    <billType>SRES</billType>
    <billNumber>475</billNumber>
    <summaries>
      <billSummaries>
        <item>
          <text><![CDATA[<p> Congratulates the Alaska Aces hockey team for winning the 2014 Kelly Cup as champions of the East Coast Hockey League.</p>]]></text>
          <name>Introduced in Senate</name>
          <versionCode>00</versionCode>
          <actionDate>2014-06-12</actionDate>
          <actionDesc>Introduced in Senate</actionDesc>
          <lastSummaryUpdateDate>2014-07-26T15:00:51Z</lastSummaryUpdateDate>
          <updateDate>2014-06-12T04:00:00Z</updateDate>
        </item>
        <item>
          <text><![CDATA[<p><b>(This measure has not been amended since it was introduced. The summary of that version is repeated here.)</b></p> <p> Congratulates the Alaska Aces hockey team for winning the 2014 Kelly Cup as champions of the East Coast Hockey League.</p>]]></text>
          <name>Passed Senate without amendment</name>
          <versionCode>82</versionCode>
          <actionDate>2014-06-12</actionDate>
          <actionDesc>Passed Senate without amendment</actionDesc>
          <lastSummaryUpdateDate>2014-07-26T15:01:05Z</lastSummaryUpdateDate>
          <updateDate>2014-06-12T11:23:13Z</updateDate>
        </item>
      </billSummaries>
    </summaries>
    <actions>
      <actionTypeCounts>
        <passedOrAgreedToInSenateDayOf>1</passedOrAgreedToInSenateDayOf>
        <passedAgreedToInSenate>1</passedAgreedToInSenate>
        <introducedInSenate>1</introducedInSenate>
      </actionTypeCounts>
      <actionByCounts>
        <senate>3</senate>
      </actionByCounts>
      <item>
        <actionDate>2014-06-12</actionDate>
        <committee />
        <links>
          <link>
            <name>S3671</name>
            <url>/congressional-record/2014/senate-section/page/S3671</url>
          </link>
        </links>
        <sourceSystem>
          <name>Senate</name>
          <code>0</code>
        </sourceSystem>
        <text>Submitted in the Senate, considered, and agreed to without amendment and with a preamble by Unanimous Consent. (consideration: CR S3673; text as passed Senate: CR S3671)</text>
        <type>Floor</type>
      </item>
      <item>
        <committee />
        <sourceSystem>
          <name>Library of Congress</name>
          <code>9</code>
        </sourceSystem>
        <type>Floor</type>
        <text>Passed/agreed to in Senate: Submitted in the Senate, considered, and agreed to without amendment and with a preamble by Unanimous Consent.(consideration: CR S3673; text as passed Senate: CR S3671)</text>
        <actionDate>2014-06-12</actionDate>
        <links>
          <link>
            <name>S3671</name>
            <url>/congressional-record/2014/senate-section/page/S3671</url>
          </link>
        </links>
        <actionCode>17000</actionCode>
      </item>
      <item>
        <committee />
        <sourceSystem>
          <name>Library of Congress</name>
          <code>9</code>
        </sourceSystem>
        <type>IntroReferral</type>
        <text>Introduced in Senate</text>
        <actionDate>2014-06-12</actionDate>
        <links />
        <actionCode>10000</actionCode>
      </item>
    </actions>
    <relatedBills />
    <policyArea>
      <name>Sports and Recreation</name>
    </policyArea>
    <updateDate>2016-10-25T16:19:14Z</updateDate>
    <recordedVotes />
    <cboCostEstimates />
    <latestAction>
      <text>Submitted in the Senate, considered, and agreed to without amendment and with a preamble by Unanimous Consent. (consideration: CR S3673; text as passed Senate: CR S3671)</text>
      <actionDate>2014-06-12</actionDate>
      <links />
    </latestAction>
    <title>A resolution congratulating the Alaska Aces hockey team on winning the 2014 Kelly Cup as champions of the East Coast Hockey League.</title>
    <amendments />
    <laws />
    <committeeReports />
  </bill>
  <dublinCore xmlns:dc="http://purl.org/dc/elements/1.1/">
    <dc:format>text/xml</dc:format>
    <dc:language>EN</dc:language>
    <dc:rights>Pursuant to Title 17 Section 105 of the United States Code, this file is not subject to copyright protection and is in the public domain.</dc:rights>
    <dc:contributor>Congressional Research Service, Library of Congress</dc:contributor>
    <dc:description>This file contains bill summaries and statuses for federal legislation. A bill summary describes the most significant provisions of a piece of legislation and details the effects the legislative text may have on current law and federal programs. Bill summaries are authored by the Congressional Research Service (CRS) of the Library of Congress. As stated in Public Law 91-510 (2 USC 166 (d)(6)), one of the duties of CRS is "to prepare summaries and digests of bills and resolutions of a public general nature introduced in the Senate or House of Representatives". For more information, refer to the User Guide that accompanies this file.</dc:description>
  </dublinCore>
</billStatus>

