<?xml version="1.0" encoding="UTF-8"?>
<billStatus>
  <bill>
    <titles>
      <item>
        <parentTitleType />
        <title>A resolution congratulating the Boston Red Sox on winning the 2013 World Series.</title>
        <chamberName />
        <titleType>Official Title as Introduced</titleType>
        <chamberCode />
      </item>
      <item>
        <parentTitleType />
        <title>A resolution congratulating the Boston Red Sox on winning the 2013 World Series.</title>
        <chamberName />
        <titleType>Display Title</titleType>
        <chamberCode />
      </item>
    </titles>
    <introducedDate>2013-11-05</introducedDate>
    <notes />
    <calendarNumbers />
    <committees>
      <billCommittees />
    </committees>
    <sponsors>
      <item>
        <lastName>Warren</lastName>
        <middleName>A.</middleName>
        <bioguideId>W000817</bioguideId>
        <firstName>Elizabeth</firstName>
        <byRequestType />
        <fullName>Sen. Warren, Elizabeth [D-MA]</fullName>
        <identifiers>
          <bioguideId>W000817</bioguideId>
          <lisID>2182</lisID>
          <gpoId />
        </identifiers>
      </item>
    </sponsors>
    <subjects>
      <billSubjects>
        <policyArea>
          <name>Sports and Recreation</name>
        </policyArea>
        <legislativeSubjects>
          <item>
            <name>Athletes</name>
          </item>
          <item>
            <name>Congressional tributes</name>
          </item>
          <item>
            <name>Massachusetts</name>
          </item>
          <item>
            <name>Missouri</name>
          </item>
          <item>
            <name>Professional sports</name>
          </item>
        </legislativeSubjects>
      </billSubjects>
    </subjects>
    <originChamber>Senate</originChamber>
    <createDate>2013-11-06T07:01:08Z</createDate>
    <congress>113</congress>
    <cosponsors>
      <item>
        <middleName>J.</middleName>
        <firstName>EDWARD</firstName>
        <fullName>Sen. Markey, Edward J. [D-MA]</fullName>
        <sponsorshipWithdrawnDate />
        <sponsorshipDate>2013-11-05</sponsorshipDate>
        <bioguideId>M000133</bioguideId>
        <lastName>MARKEY</lastName>
        <isOriginalCosponsor>True</isOriginalCosponsor>
        <identifiers>
          <bioguideId>M000133</bioguideId>
          <lisID>735</lisID>
          <gpoId>7972</gpoId>
        </identifiers>
      </item>
      <item>
        <middleName>F.</middleName>
        <firstName>JOHN</firstName>
        <fullName>Sen. Reed, Jack [D-RI]</fullName>
        <sponsorshipWithdrawnDate />
        <sponsorshipDate>2013-11-05</sponsorshipDate>
        <bioguideId>R000122</bioguideId>
        <lastName>REED</lastName>
        <isOriginalCosponsor>True</isOriginalCosponsor>
        <identifiers>
          <gpoId>8272</gpoId>
          <lisID>949</lisID>
          <bioguideId>R000122</bioguideId>
        </identifiers>
      </item>
      <item>
        <middleName />
        <firstName>Sheldon</firstName>
        <fullName>Sen. Whitehouse, Sheldon [D-RI]</fullName>
        <sponsorshipWithdrawnDate />
        <sponsorshipDate>2013-11-05</sponsorshipDate>
        <bioguideId>W000802</bioguideId>
        <lastName>Whitehouse</lastName>
        <isOriginalCosponsor>True</isOriginalCosponsor>
        <identifiers>
          <gpoId>8264</gpoId>
          <bioguideId>W000802</bioguideId>
          <lisID>1823</lisID>
        </identifiers>
      </item>
      <item>
        <middleName>S.</middleName>
        <firstName>Christopher</firstName>
        <fullName>Sen. Murphy, Christopher S. [D-CT]</fullName>
        <sponsorshipWithdrawnDate />
        <sponsorshipDate>2013-11-05</sponsorshipDate>
        <bioguideId>M001169</bioguideId>
        <lastName>Murphy</lastName>
        <isOriginalCosponsor>True</isOriginalCosponsor>
        <identifiers>
          <bioguideId>M001169</bioguideId>
          <lisID>1837</lisID>
          <gpoId>7870</gpoId>
        </identifiers>
      </item>
      <item>
        <middleName>JOSEPH</middleName>
        <firstName>PATRICK</firstName>
        <fullName>Sen. Leahy, Patrick J. [D-VT]</fullName>
        <sponsorshipWithdrawnDate />
        <sponsorshipDate>2013-11-05</sponsorshipDate>
        <bioguideId>L000174</bioguideId>
        <lastName>LEAHY</lastName>
        <isOriginalCosponsor>True</isOriginalCosponsor>
        <identifiers>
          <bioguideId>L000174</bioguideId>
          <lisID>1383</lisID>
          <gpoId>8244</gpoId>
        </identifiers>
      </item>
      <item>
        <middleName />
        <firstName>Kelly</firstName>
        <fullName>Sen. Ayotte, Kelly [R-NH]</fullName>
        <sponsorshipWithdrawnDate />
        <sponsorshipDate>2013-11-05</sponsorshipDate>
        <bioguideId>A000368</bioguideId>
        <lastName>Ayotte</lastName>
        <isOriginalCosponsor>True</isOriginalCosponsor>
        <identifiers>
          <lisID>2075</lisID>
          <gpoId>8315</gpoId>
          <bioguideId>A000368</bioguideId>
        </identifiers>
      </item>
      <item>
        <middleName />
        <firstName>BERNARD</firstName>
        <fullName>Sen. Sanders, Bernard [I-VT]</fullName>
        <sponsorshipWithdrawnDate />
        <sponsorshipDate>2013-11-05</sponsorshipDate>
        <bioguideId>S000033</bioguideId>
        <lastName>SANDERS</lastName>
        <isOriginalCosponsor>True</isOriginalCosponsor>
        <identifiers>
          <gpoId>8270</gpoId>
          <bioguideId>S000033</bioguideId>
          <lisID>1010</lisID>
        </identifiers>
      </item>
      <item>
        <middleName />
        <firstName>Jeanne</firstName>
        <fullName>Sen. Shaheen, Jeanne [D-NH]</fullName>
        <sponsorshipWithdrawnDate />
        <sponsorshipDate>2013-11-05</sponsorshipDate>
        <bioguideId>S001181</bioguideId>
        <lastName>Shaheen</lastName>
        <isOriginalCosponsor>True</isOriginalCosponsor>
        <identifiers>
          <gpoId>8276</gpoId>
          <bioguideId>S001181</bioguideId>
          <lisID>1901</lisID>
        </identifiers>
      </item>
      <item>
        <middleName />
        <firstName>Angus</firstName>
        <fullName>Sen. King, Angus S. Jr. [I-ME]</fullName>
        <sponsorshipWithdrawnDate />
        <sponsorshipDate>2013-11-05</sponsorshipDate>
        <bioguideId>K000383</bioguideId>
        <lastName>King</lastName>
        <isOriginalCosponsor>True</isOriginalCosponsor>
        <identifiers>
          <bioguideId>K000383</bioguideId>
          <lisID>2185</lisID>
          <gpoId />
        </identifiers>
      </item>
      <item>
        <middleName />
        <firstName>Richard</firstName>
        <fullName>Sen. Blumenthal, Richard [D-CT]</fullName>
        <sponsorshipWithdrawnDate />
        <sponsorshipDate>2013-11-05</sponsorshipDate>
        <bioguideId>B001277</bioguideId>
        <lastName>Blumenthal</lastName>
        <isOriginalCosponsor>True</isOriginalCosponsor>
        <identifiers>
          <bioguideId>B001277</bioguideId>
          <lisID>2076</lisID>
          <gpoId>8332</gpoId>
        </identifiers>
      </item>
      <item>
        <middleName>MARGARET</middleName>
        <firstName>SUSAN</firstName>
        <fullName>Sen. Collins, Susan M. [R-ME]</fullName>
        <sponsorshipWithdrawnDate />
        <sponsorshipDate>2013-11-06</sponsorshipDate>
        <bioguideId>C001035</bioguideId>
        <lastName>COLLINS</lastName>
        <isOriginalCosponsor>False</isOriginalCosponsor>
        <identifiers>
          <gpoId>8291</gpoId>
          <lisID>1541</lisID>
          <bioguideId>C001035</bioguideId>
        </identifiers>
      </item>
    </cosponsors>
    <billType>SRES</billType>
    <billNumber>287</billNumber>
    <summaries>
      <billSummaries>
        <item>
          <text><![CDATA[<p>Congratulates: (1) the Boston Red Sox on winning the 2013 World Series, and (2) the St. Louis Cardinals on winning the 2013 National League Championship.</p> <UL> <UL> </UL> </UL>]]></text>
          <name>Introduced in Senate</name>
          <versionCode>00</versionCode>
          <actionDate>2013-11-05</actionDate>
          <actionDesc>Introduced in Senate</actionDesc>
          <lastSummaryUpdateDate>2013-11-09T17:32:21Z</lastSummaryUpdateDate>
          <updateDate>2013-11-05T05:00:00Z</updateDate>
        </item>
        <item>
          <text><![CDATA[<p><b>(This measure has not been amended since it was introduced. The summary of that version is repeated here.)</b></p> <p>Congratulates: (1) the Boston Red Sox on winning the 2013 World Series, and (2) the St. Louis Cardinals on winning the 2013 National League Championship.</p> <UL> <UL> </UL> </UL> <UL> </UL>]]></text>
          <name>Passed Senate without amendment</name>
          <versionCode>82</versionCode>
          <actionDate>2013-11-05</actionDate>
          <actionDesc>Passed Senate without amendment</actionDesc>
          <lastSummaryUpdateDate>2013-11-09T17:33:07Z</lastSummaryUpdateDate>
          <updateDate>2013-11-05T12:26:22Z</updateDate>
        </item>
      </billSummaries>
    </summaries>
    <actions>
      <item>
        <actionDate>2013-11-05</actionDate>
        <committee />
        <links>
          <link>
            <name>S7832</name>
            <url>/congressional-record/2013/senate-section/page/S7832</url>
          </link>
        </links>
        <sourceSystem>
          <code>0</code>
          <name>Senate</name>
        </sourceSystem>
        <text>Submitted in the Senate, considered, and agreed to without amendment and with a preamble by Unanimous Consent. (consideration: CR S7834; text as passed Senate: CR S7832)</text>
        <type>Floor</type>
      </item>
      <item>
        <sourceSystem>
          <code>9</code>
          <name>Library of Congress</name>
        </sourceSystem>
        <actionDate>2013-11-05</actionDate>
        <committee />
        <actionCode>17000</actionCode>
        <type>Floor</type>
        <links>
          <link>
            <name>S7832</name>
            <url>/congressional-record/2013/senate-section/page/S7832</url>
          </link>
        </links>
        <text>Passed/agreed to in Senate: Submitted in the Senate, considered, and agreed to without amendment and with a preamble by Unanimous Consent.(consideration: CR S7834; text as passed Senate: CR S7832)</text>
      </item>
      <item>
        <sourceSystem>
          <code>9</code>
          <name>Library of Congress</name>
        </sourceSystem>
        <actionDate>2013-11-05</actionDate>
        <committee />
        <actionCode>10000</actionCode>
        <type>IntroReferral</type>
        <links />
        <text>Introduced in Senate</text>
      </item>
      <actionByCounts>
        <senate>3</senate>
      </actionByCounts>
      <actionTypeCounts>
        <introducedInSenate>1</introducedInSenate>
        <passedOrAgreedToInSenateDayOf>1</passedOrAgreedToInSenateDayOf>
        <passedAgreedToInSenate>1</passedAgreedToInSenate>
      </actionTypeCounts>
    </actions>
    <relatedBills />
    <policyArea>
      <name>Sports and Recreation</name>
    </policyArea>
    <updateDate>2016-10-25T16:18:46Z</updateDate>
    <recordedVotes />
    <cboCostEstimates />
    <latestAction>
      <text>Submitted in the Senate, considered, and agreed to without amendment and with a preamble by Unanimous Consent. (consideration: CR S7834; text as passed Senate: CR S7832)</text>
      <actionDate>2013-11-05</actionDate>
      <links />
    </latestAction>
    <title>A resolution congratulating the Boston Red Sox on winning the 2013 World Series.</title>
    <amendments />
    <laws />
    <committeeReports />
  </bill>
  <dublinCore xmlns:dc="http://purl.org/dc/elements/1.1/">
    <dc:format>text/xml</dc:format>
    <dc:language>EN</dc:language>
    <dc:rights>Pursuant to Title 17 Section 105 of the United States Code, this file is not subject to copyright protection and is in the public domain.</dc:rights>
    <dc:contributor>Congressional Research Service, Library of Congress</dc:contributor>
    <dc:description>This file contains bill summaries and statuses for federal legislation. A bill summary describes the most significant provisions of a piece of legislation and details the effects the legislative text may have on current law and federal programs. Bill summaries are authored by the Congressional Research Service (CRS) of the Library of Congress. As stated in Public Law 91-510 (2 USC 166 (d)(6)), one of the duties of CRS is "to prepare summaries and digests of bills and resolutions of a public general nature introduced in the Senate or House of Representatives". For more information, refer to the User Guide that accompanies this file.</dc:description>
  </dublinCore>
</billStatus>

