<?xml version="1.0" encoding="UTF-8"?>
<billStatus>
  <bill>
    <updateDate>2016-10-25T16:19:20Z</updateDate>
    <latestAction>
      <text>Submitted in the Senate, considered, and agreed to without amendment and with a preamble by Unanimous Consent. (consideration: CR S4682-4683; text as passed Senate: CR S4714)</text>
      <links />
      <actionDate>2014-07-22</actionDate>
    </latestAction>
    <policyArea>
      <name>Arts, Culture, Religion</name>
    </policyArea>
    <laws />
    <introducedDate>2014-07-22</introducedDate>
    <summaries>
      <billSummaries>
        <item>
          <versionCode>00</versionCode>
          <name>Introduced in Senate</name>
          <actionDate>2014-07-22</actionDate>
          <updateDate>2014-07-22T04:00:00Z</updateDate>
          <lastSummaryUpdateDate>2014-08-27T19:03:50Z</lastSummaryUpdateDate>
          <text><![CDATA[<p>Commemorates the 60th Newport Jazz Festival taking place from August 1-3, 2014, in Newport, Rhode Island. </p> <p>Recognizes the historical significance of the Newport Jazz Festival and the role it has played in celebrating jazz music and making it relevant to generations of people in the United States. </p> <p>Recognizes the musicians, sponsors, volunteers, and the community of Newport for continuing the tradition of the Newport Jazz Festival. </p>]]></text>
          <actionDesc>Introduced in Senate</actionDesc>
        </item>
        <item>
          <versionCode>82</versionCode>
          <name>Passed Senate without amendment</name>
          <actionDate>2014-07-22</actionDate>
          <updateDate>2014-07-22T15:13:09Z</updateDate>
          <lastSummaryUpdateDate>2014-08-27T19:04:03Z</lastSummaryUpdateDate>
          <text><![CDATA[<p><b>(This measure has not been amended since it was introduced. The summary of that version is repeated here.)</b></p> <p>Commemorates the 60th Newport Jazz Festival taking place from August 1-3, 2014, in Newport, Rhode Island. </p> <p>Recognizes the historical significance of the Newport Jazz Festival and the role it has played in celebrating jazz music and making it relevant to generations of people in the United States. </p> <p>Recognizes the musicians, sponsors, volunteers, and the community of Newport for continuing the tradition of the Newport Jazz Festival. </p>]]></text>
          <actionDesc>Passed Senate without amendment</actionDesc>
        </item>
      </billSummaries>
    </summaries>
    <recordedVotes />
    <notes />
    <billNumber>510</billNumber>
    <committeeReports />
    <calendarNumbers />
    <congress>113</congress>
    <amendments />
    <cboCostEstimates />
    <originChamber>Senate</originChamber>
    <createDate>2014-07-23T05:05:43Z</createDate>
    <subjects>
      <billSubjects>
        <policyArea>
          <name>Arts, Culture, Religion</name>
        </policyArea>
        <legislativeSubjects>
          <item>
            <name>Commemorative events and holidays</name>
          </item>
          <item>
            <name>Congressional tributes</name>
          </item>
          <item>
            <name>Music</name>
          </item>
        </legislativeSubjects>
      </billSubjects>
    </subjects>
    <sponsors>
      <item>
        <lastName>REED</lastName>
        <identifiers>
          <bioguideId>R000122</bioguideId>
          <lisID>949</lisID>
          <gpoId>8272</gpoId>
        </identifiers>
        <firstName>JOHN</firstName>
        <fullName>Sen. Reed, Jack [D-RI]</fullName>
        <bioguideId>R000122</bioguideId>
        <middleName>F.</middleName>
        <byRequestType />
      </item>
    </sponsors>
    <cosponsors>
      <item>
        <firstName>Sheldon</firstName>
        <fullName>Sen. Whitehouse, Sheldon [D-RI]</fullName>
        <identifiers>
          <gpoId>8264</gpoId>
          <lisID>1823</lisID>
          <bioguideId>W000802</bioguideId>
        </identifiers>
        <bioguideId>W000802</bioguideId>
        <sponsorshipWithdrawnDate />
        <middleName />
        <isOriginalCosponsor>True</isOriginalCosponsor>
        <sponsorshipDate>2014-07-22</sponsorshipDate>
        <lastName>Whitehouse</lastName>
      </item>
    </cosponsors>
    <title>A resolution congratulating the Newport Jazz Festival on its 60th anniversary.</title>
    <actions>
      <item>
        <actionDate>2014-07-22</actionDate>
        <committee />
        <links>
          <link>
            <name>S4714</name>
            <url>/congressional-record/2014/senate-section/page/S4714</url>
          </link>
          <link>
            <name>S4682-4683</name>
            <url>/congressional-record/2014/senate-section/page/S4682-4683</url>
          </link>
        </links>
        <sourceSystem>
          <name>Senate</name>
          <code>0</code>
        </sourceSystem>
        <text>Submitted in the Senate, considered, and agreed to without amendment and with a preamble by Unanimous Consent. (consideration: CR S4682-4683; text as passed Senate: CR S4714)</text>
        <type>Floor</type>
      </item>
      <item>
        <committee />
        <type>Floor</type>
        <links>
          <link>
            <name>S4714</name>
            <url>/congressional-record/2014/senate-section/page/S4714</url>
          </link>
          <link>
            <name>S4682-4683</name>
            <url>/congressional-record/2014/senate-section/page/S4682-4683</url>
          </link>
        </links>
        <actionCode>17000</actionCode>
        <sourceSystem>
          <name>Library of Congress</name>
          <code>9</code>
        </sourceSystem>
        <actionDate>2014-07-22</actionDate>
        <text>Passed/agreed to in Senate: Submitted in the Senate, considered, and agreed to without amendment and with a preamble by Unanimous Consent.(consideration: CR S4682-4683; text as passed Senate: CR S4714)</text>
      </item>
      <item>
        <committee />
        <type>IntroReferral</type>
        <links />
        <actionCode>10000</actionCode>
        <sourceSystem>
          <name>Library of Congress</name>
          <code>9</code>
        </sourceSystem>
        <actionDate>2014-07-22</actionDate>
        <text>Introduced in Senate</text>
      </item>
      <actionByCounts>
        <senate>3</senate>
      </actionByCounts>
      <actionTypeCounts>
        <introducedInSenate>1</introducedInSenate>
        <passedAgreedToInSenate>1</passedAgreedToInSenate>
        <passedOrAgreedToInSenateDayOf>1</passedOrAgreedToInSenateDayOf>
      </actionTypeCounts>
    </actions>
    <titles>
      <item>
        <chamberName />
        <parentTitleType />
        <titleType>Official Title as Introduced</titleType>
        <chamberCode />
        <title>A resolution congratulating the Newport Jazz Festival on its 60th anniversary.</title>
      </item>
      <item>
        <chamberName />
        <parentTitleType />
        <titleType>Display Title</titleType>
        <chamberCode />
        <title>A resolution congratulating the Newport Jazz Festival on its 60th anniversary.</title>
      </item>
    </titles>
    <billType>SRES</billType>
    <relatedBills />
    <committees>
      <billCommittees />
    </committees>
  </bill>
  <dublinCore xmlns:dc="http://purl.org/dc/elements/1.1/">
    <dc:format>text/xml</dc:format>
    <dc:language>EN</dc:language>
    <dc:rights>Pursuant to Title 17 Section 105 of the United States Code, this file is not subject to copyright protection and is in the public domain.</dc:rights>
    <dc:contributor>Congressional Research Service, Library of Congress</dc:contributor>
    <dc:description>This file contains bill summaries and statuses for federal legislation. A bill summary describes the most significant provisions of a piece of legislation and details the effects the legislative text may have on current law and federal programs. Bill summaries are authored by the Congressional Research Service (CRS) of the Library of Congress. As stated in Public Law 91-510 (2 USC 166 (d)(6)), one of the duties of CRS is "to prepare summaries and digests of bills and resolutions of a public general nature introduced in the Senate or House of Representatives". For more information, refer to the User Guide that accompanies this file.</dc:description>
  </dublinCore>
</billStatus>

