<?xml version="1.0" encoding="UTF-8"?>
<billStatus>
  <bill>
    <cosponsors>
      <item>
        <middleName>L.</middleName>
        <firstName>BENJAMIN</firstName>
        <identifiers>
          <gpoId>8287</gpoId>
          <bioguideId>C000141</bioguideId>
          <lisID>174</lisID>
        </identifiers>
        <bioguideId>C000141</bioguideId>
        <fullName>Sen. Cardin, Benjamin L. [D-MD]</fullName>
        <lastName>CARDIN</lastName>
        <sponsorshipWithdrawnDate />
        <sponsorshipDate>2013-07-30</sponsorshipDate>
        <isOriginalCosponsor>True</isOriginalCosponsor>
      </item>
      <item>
        <middleName>D.</middleName>
        <firstName>MICHAEL</firstName>
        <identifiers>
          <lisID>250</lisID>
          <bioguideId>C000880</bioguideId>
          <gpoId>8289</gpoId>
        </identifiers>
        <bioguideId>C000880</bioguideId>
        <fullName>Sen. Crapo, Mike [R-ID]</fullName>
        <lastName>CRAPO</lastName>
        <sponsorshipWithdrawnDate />
        <sponsorshipDate>2013-07-30</sponsorshipDate>
        <isOriginalCosponsor>True</isOriginalCosponsor>
      </item>
      <item>
        <middleName>F.</middleName>
        <firstName>ROGER</firstName>
        <identifiers>
          <bioguideId>W000437</bioguideId>
          <lisID>1226</lisID>
          <gpoId>8263</gpoId>
        </identifiers>
        <bioguideId>W000437</bioguideId>
        <fullName>Sen. Wicker, Roger F. [R-MS]</fullName>
        <lastName>WICKER</lastName>
        <sponsorshipWithdrawnDate />
        <sponsorshipDate>2013-07-30</sponsorshipDate>
        <isOriginalCosponsor>True</isOriginalCosponsor>
      </item>
      <item>
        <middleName />
        <firstName>SAXBY</firstName>
        <identifiers>
          <lisID>188</lisID>
          <gpoId>8284</gpoId>
          <bioguideId>C000286</bioguideId>
        </identifiers>
        <bioguideId>C000286</bioguideId>
        <fullName>Sen. Chambliss, Saxby [R-GA]</fullName>
        <lastName>CHAMBLISS</lastName>
        <sponsorshipWithdrawnDate />
        <sponsorshipDate>2013-07-30</sponsorshipDate>
        <isOriginalCosponsor>True</isOriginalCosponsor>
      </item>
      <item>
        <middleName />
        <firstName>TIM</firstName>
        <identifiers>
          <gpoId>8319</gpoId>
          <lisID>604</lisID>
          <bioguideId>J000177</bioguideId>
        </identifiers>
        <bioguideId>J000177</bioguideId>
        <fullName>Sen. Johnson, Tim [D-SD]</fullName>
        <lastName>JOHNSON</lastName>
        <sponsorshipWithdrawnDate />
        <sponsorshipDate>2013-07-30</sponsorshipDate>
        <isOriginalCosponsor>True</isOriginalCosponsor>
      </item>
      <item>
        <middleName>CRAIG</middleName>
        <firstName>RICHARD</firstName>
        <identifiers>
          <lisID>1049</lisID>
          <bioguideId>S000320</bioguideId>
          <gpoId>8277</gpoId>
        </identifiers>
        <bioguideId>S000320</bioguideId>
        <fullName>Sen. Shelby, Richard C. [R-AL]</fullName>
        <lastName>SHELBY</lastName>
        <sponsorshipWithdrawnDate />
        <sponsorshipDate>2013-07-30</sponsorshipDate>
        <isOriginalCosponsor>True</isOriginalCosponsor>
      </item>
      <item>
        <middleName />
        <firstName>BARBARA</firstName>
        <identifiers>
          <lisID>116</lisID>
          <gpoId>8306</gpoId>
          <bioguideId>B000711</bioguideId>
        </identifiers>
        <bioguideId>B000711</bioguideId>
        <fullName>Sen. Boxer, Barbara [D-CA]</fullName>
        <lastName>BOXER</lastName>
        <sponsorshipWithdrawnDate />
        <sponsorshipDate>2013-07-30</sponsorshipDate>
        <isOriginalCosponsor>True</isOriginalCosponsor>
      </item>
      <item>
        <middleName />
        <firstName>DIANNE</firstName>
        <identifiers>
          <gpoId>8338</gpoId>
          <lisID>1332</lisID>
          <bioguideId>F000062</bioguideId>
        </identifiers>
        <bioguideId>F000062</bioguideId>
        <fullName>Sen. Feinstein, Dianne [D-CA]</fullName>
        <lastName>FEINSTEIN</lastName>
        <sponsorshipWithdrawnDate />
        <sponsorshipDate>2013-07-30</sponsorshipDate>
        <isOriginalCosponsor>True</isOriginalCosponsor>
      </item>
      <item>
        <middleName />
        <firstName>ROBERT</firstName>
        <identifiers>
          <gpoId>8239</gpoId>
          <lisID>791</lisID>
          <bioguideId>M000639</bioguideId>
        </identifiers>
        <bioguideId>M000639</bioguideId>
        <fullName>Sen. Menendez, Robert [D-NJ]</fullName>
        <lastName>MENENDEZ</lastName>
        <sponsorshipWithdrawnDate />
        <sponsorshipDate>2013-07-30</sponsorshipDate>
        <isOriginalCosponsor>True</isOriginalCosponsor>
      </item>
      <item>
        <middleName>R.</middleName>
        <firstName>Kay</firstName>
        <identifiers>
          <bioguideId>H001049</bioguideId>
          <lisID>1902</lisID>
          <gpoId>8318</gpoId>
        </identifiers>
        <bioguideId>H001049</bioguideId>
        <fullName>Sen. Hagan, Kay [D-NC]</fullName>
        <lastName>Hagan</lastName>
        <sponsorshipWithdrawnDate />
        <sponsorshipDate>2013-07-30</sponsorshipDate>
        <isOriginalCosponsor>True</isOriginalCosponsor>
      </item>
      <item>
        <middleName />
        <firstName>JERRY</firstName>
        <identifiers>
          <lisID>1507</lisID>
          <bioguideId>M000934</bioguideId>
          <gpoId>8307</gpoId>
        </identifiers>
        <bioguideId>M000934</bioguideId>
        <fullName>Sen. Moran, Jerry [R-KS]</fullName>
        <lastName>MORAN</lastName>
        <sponsorshipWithdrawnDate />
        <sponsorshipDate>2013-07-30</sponsorshipDate>
        <isOriginalCosponsor>True</isOriginalCosponsor>
      </item>
      <item>
        <middleName />
        <firstName>Kelly</firstName>
        <identifiers>
          <gpoId>8315</gpoId>
          <bioguideId>A000368</bioguideId>
          <lisID>2075</lisID>
        </identifiers>
        <bioguideId>A000368</bioguideId>
        <fullName>Sen. Ayotte, Kelly [R-NH]</fullName>
        <lastName>Ayotte</lastName>
        <sponsorshipWithdrawnDate />
        <sponsorshipDate>2013-07-30</sponsorshipDate>
        <isOriginalCosponsor>True</isOriginalCosponsor>
      </item>
      <item>
        <middleName />
        <firstName>Roy</firstName>
        <identifiers>
          <lisID>1464</lisID>
          <gpoId>8313</gpoId>
          <bioguideId>B000575</bioguideId>
        </identifiers>
        <bioguideId>B000575</bioguideId>
        <fullName>Sen. Blunt, Roy [R-MO]</fullName>
        <lastName>Blunt</lastName>
        <sponsorshipWithdrawnDate />
        <sponsorshipDate>2013-07-30</sponsorshipDate>
        <isOriginalCosponsor>True</isOriginalCosponsor>
      </item>
      <item>
        <middleName />
        <firstName>Angus</firstName>
        <identifiers>
          <bioguideId>K000383</bioguideId>
          <lisID>2185</lisID>
          <gpoId />
        </identifiers>
        <bioguideId>K000383</bioguideId>
        <fullName>Sen. King, Angus S. Jr. [I-ME]</fullName>
        <lastName>King</lastName>
        <sponsorshipWithdrawnDate />
        <sponsorshipDate>2013-07-30</sponsorshipDate>
        <isOriginalCosponsor>True</isOriginalCosponsor>
      </item>
      <item>
        <middleName>A.</middleName>
        <firstName>Elizabeth</firstName>
        <identifiers>
          <lisID>2182</lisID>
          <bioguideId>W000817</bioguideId>
          <gpoId />
        </identifiers>
        <bioguideId>W000817</bioguideId>
        <fullName>Sen. Warren, Elizabeth [D-MA]</fullName>
        <lastName>Warren</lastName>
        <sponsorshipWithdrawnDate />
        <sponsorshipDate>2013-08-01</sponsorshipDate>
        <isOriginalCosponsor>False</isOriginalCosponsor>
      </item>
    </cosponsors>
    <latestAction>
      <actionDate>2013-07-30</actionDate>
      <links />
      <text>Submitted in the Senate, considered, and agreed to without amendment and with a preamble by Unanimous Consent. (consideration: CR S6082; text as passed Senate: CR S6080)</text>
    </latestAction>
    <amendments />
    <notes />
    <laws />
    <createDate>2013-07-31T15:52:20Z</createDate>
    <summaries>
      <billSummaries>
        <item>
          <versionCode>00</versionCode>
          <name>Introduced in Senate</name>
          <actionDate>2013-07-30</actionDate>
          <updateDate>2013-07-30T04:00:00Z</updateDate>
          <lastSummaryUpdateDate>2013-08-29T18:31:13Z</lastSummaryUpdateDate>
          <text><![CDATA[<p>Designates September 2013 as National Prostate Cancer Awareness Month. <p>Declares that steps should be taken to: (1) raise awareness about prostate cancer screening and treatment; (2) increase research funding to a level commensurate with the burden of prostate cancer; and (3) improve access to, and the quality of, health care services for detecting and treating prostate cancer.</p> <ul> </ul>]]></text>
          <actionDesc>Introduced in Senate</actionDesc>
        </item>
        <item>
          <versionCode>82</versionCode>
          <name>Passed Senate without amendment</name>
          <actionDate>2013-07-30</actionDate>
          <updateDate>2013-07-30T15:17:20Z</updateDate>
          <lastSummaryUpdateDate>2013-08-29T18:08:08Z</lastSummaryUpdateDate>
          <text><![CDATA[<p><b>(This measure has not been amended since it was introduced. The summary of that version is repeated here.)</b></p> <p>Designates September 2013 as National Prostate Cancer Awareness Month. </p><p>Declares that steps should be taken to: (1) raise awareness about prostate cancer screening and treatment; (2) increase research funding to a level commensurate with the burden of prostate cancer; and (3) improve access to, and the quality of, health care services for detecting and treating prostate cancer.</p> <ul> </ul>]]></text>
          <actionDesc>Passed Senate without amendment</actionDesc>
        </item>
      </billSummaries>
    </summaries>
    <titles>
      <item>
        <parentTitleType />
        <title>A resolution designating September 2013 as "National Prostate Cancer Awareness Month".</title>
        <chamberName />
        <chamberCode />
        <titleType>Official Title as Introduced</titleType>
      </item>
      <item>
        <parentTitleType />
        <title>A resolution designating September 2013 as "National Prostate Cancer Awareness Month".</title>
        <chamberName />
        <chamberCode />
        <titleType>Display Title</titleType>
      </item>
    </titles>
    <calendarNumbers />
    <updateDate>2016-10-25T16:18:34Z</updateDate>
    <introducedDate>2013-07-30</introducedDate>
    <recordedVotes />
    <policyArea>
      <name>Health</name>
    </policyArea>
    <subjects>
      <billSubjects>
        <policyArea>
          <name>Health</name>
        </policyArea>
        <legislativeSubjects>
          <item>
            <name>Cancer</name>
          </item>
          <item>
            <name>Commemorative events and holidays</name>
          </item>
          <item>
            <name>Health care quality</name>
          </item>
          <item>
            <name>Health promotion and preventive care</name>
          </item>
          <item>
            <name>Medical research</name>
          </item>
          <item>
            <name>Medical tests and diagnostic methods</name>
          </item>
          <item>
            <name>Research administration and funding</name>
          </item>
        </legislativeSubjects>
      </billSubjects>
    </subjects>
    <actions>
      <item>
        <actionDate>2013-07-30</actionDate>
        <committee />
        <links>
          <link>
            <url>/congressional-record/2013/senate-section/page/S6080</url>
            <name>S6080</name>
          </link>
        </links>
        <sourceSystem>
          <code>0</code>
          <name>Senate</name>
        </sourceSystem>
        <text>Submitted in the Senate, considered, and agreed to without amendment and with a preamble by Unanimous Consent. (consideration: CR S6082; text as passed Senate: CR S6080)</text>
        <type>Floor</type>
      </item>
      <item>
        <type>Floor</type>
        <sourceSystem>
          <code>9</code>
          <name>Library of Congress</name>
        </sourceSystem>
        <text>Passed/agreed to in Senate: Submitted in the Senate, considered, and agreed to without amendment and with a preamble by Unanimous Consent.(consideration: CR S6082; text as passed Senate: CR S6080)</text>
        <committee />
        <actionDate>2013-07-30</actionDate>
        <links>
          <link>
            <url>/congressional-record/2013/senate-section/page/S6080</url>
            <name>S6080</name>
          </link>
        </links>
        <actionCode>17000</actionCode>
      </item>
      <item>
        <type>IntroReferral</type>
        <sourceSystem>
          <code>9</code>
          <name>Library of Congress</name>
        </sourceSystem>
        <text>Introduced in Senate</text>
        <committee />
        <actionDate>2013-07-30</actionDate>
        <links />
        <actionCode>10000</actionCode>
      </item>
      <actionTypeCounts>
        <introducedInSenate>1</introducedInSenate>
        <passedOrAgreedToInSenateDayOf>1</passedOrAgreedToInSenateDayOf>
        <passedAgreedToInSenate>1</passedAgreedToInSenate>
      </actionTypeCounts>
      <actionByCounts>
        <senate>3</senate>
      </actionByCounts>
    </actions>
    <originChamber>Senate</originChamber>
    <committees>
      <billCommittees />
    </committees>
    <cboCostEstimates />
    <billNumber>206</billNumber>
    <title>A resolution designating September 2013 as "National Prostate Cancer Awareness Month".</title>
    <billType>SRES</billType>
    <committeeReports />
    <congress>113</congress>
    <sponsors>
      <item>
        <lastName>Sessions</lastName>
        <fullName>Sen. Sessions, Jeff [R-AL]</fullName>
        <byRequestType />
        <identifiers>
          <lisID>1548</lisID>
          <gpoId>8281</gpoId>
          <bioguideId>S001141</bioguideId>
        </identifiers>
        <bioguideId>S001141</bioguideId>
        <firstName>Jeff</firstName>
        <middleName />
      </item>
    </sponsors>
    <relatedBills>
      <item>
        <latestAction>
          <actionDate>2013-09-17</actionDate>
          <text>Referred to the House Committee on Energy and Commerce.</text>
        </latestAction>
        <type>HRES</type>
        <congress>113</congress>
        <relationshipDetails>
          <item>
            <type>Related bill</type>
            <identifiedBy>CRS</identifiedBy>
          </item>
        </relationshipDetails>
        <number>348</number>
        <latestTitle>Expressing support for designation of September 2013 as "National Prostate Cancer Awareness Month".</latestTitle>
      </item>
      <item>
        <latestAction>
          <actionDate>2014-09-19</actionDate>
          <text>Referred to the Subcommittee on Health.</text>
        </latestAction>
        <type>HRES</type>
        <congress>113</congress>
        <relationshipDetails>
          <item>
            <type>Related bill</type>
            <identifiedBy>CRS</identifiedBy>
          </item>
        </relationshipDetails>
        <number>740</number>
        <latestTitle>Expressing support for designation of September 2014 as "National Prostate Cancer Awareness Month".</latestTitle>
      </item>
      <item>
        <latestAction>
          <actionDate>2014-09-18</actionDate>
          <text>Submitted in the Senate, considered, and agreed to without amendment and with a preamble by Unanimous Consent. (consideration: CR S5880; text as passed Senate: CR S5800-5801)</text>
        </latestAction>
        <type>SRES</type>
        <congress>113</congress>
        <relationshipDetails>
          <item>
            <type>Related bill</type>
            <identifiedBy>CRS</identifiedBy>
          </item>
        </relationshipDetails>
        <number>575</number>
        <latestTitle>A resolution designating September 2014 as "National Prostate Cancer Awareness Month".</latestTitle>
      </item>
    </relatedBills>
  </bill>
  <dublinCore xmlns:dc="http://purl.org/dc/elements/1.1/">
    <dc:format>text/xml</dc:format>
    <dc:language>EN</dc:language>
    <dc:rights>Pursuant to Title 17 Section 105 of the United States Code, this file is not subject to copyright protection and is in the public domain.</dc:rights>
    <dc:contributor>Congressional Research Service, Library of Congress</dc:contributor>
    <dc:description>This file contains bill summaries and statuses for federal legislation. A bill summary describes the most significant provisions of a piece of legislation and details the effects the legislative text may have on current law and federal programs. Bill summaries are authored by the Congressional Research Service (CRS) of the Library of Congress. As stated in Public Law 91-510 (2 USC 166 (d)(6)), one of the duties of CRS is "to prepare summaries and digests of bills and resolutions of a public general nature introduced in the Senate or House of Representatives". For more information, refer to the User Guide that accompanies this file.</dc:description>
  </dublinCore>
</billStatus>

