<?xml version="1.0" encoding="UTF-8"?>
<billStatus>
  <bill>
    <billNumber>302</billNumber>
    <titles>
      <item>
        <titleType>Official Title as Introduced</titleType>
        <title>A resolution designating December 1, 2013, as "Drive Safer Sunday".</title>
        <chamberCode />
        <chamberName />
        <parentTitleType />
      </item>
      <item>
        <titleType>Display Title</titleType>
        <title>A resolution designating December 1, 2013, as "Drive Safer Sunday".</title>
        <chamberCode />
        <chamberName />
        <parentTitleType />
      </item>
    </titles>
    <actions>
      <item>
        <actionDate>2013-11-20</actionDate>
        <committee>
          <systemCode>ssju00</systemCode>
          <name>Judiciary Committee</name>
        </committee>
        <links>
          <link>
            <name>S8365</name>
            <url>/congressional-record/2013/senate-section/page/S8365</url>
          </link>
        </links>
        <sourceSystem>
          <name>Senate</name>
          <code>0</code>
        </sourceSystem>
        <text>Referred to the Committee on the Judiciary. (text of measure as introduced: CR S8365)</text>
        <type>IntroReferral</type>
      </item>
      <item>
        <actionCode>10000</actionCode>
        <type>IntroReferral</type>
        <text>Introduced in Senate</text>
        <actionDate>2013-11-20</actionDate>
        <links />
        <committee />
        <sourceSystem>
          <name>Library of Congress</name>
          <code>9</code>
        </sourceSystem>
      </item>
      <actionByCounts>
        <senate>2</senate>
      </actionByCounts>
      <actionTypeCounts>
        <introducedInSenate>1</introducedInSenate>
        <referredToCommittee>1</referredToCommittee>
      </actionTypeCounts>
    </actions>
    <updateDate>2016-10-25T16:18:48Z</updateDate>
    <summaries>
      <billSummaries>
        <item>
          <versionCode>00</versionCode>
          <text><![CDATA[<p>Designates December 1, 2013, Drive Safer Sunday.</p>]]></text>
          <updateDate>2013-11-20T05:00:00Z</updateDate>
          <lastSummaryUpdateDate>2013-11-26T19:33:48Z</lastSummaryUpdateDate>
          <actionDate>2013-11-20</actionDate>
          <actionDesc>Introduced in Senate</actionDesc>
          <name>Introduced in Senate</name>
        </item>
      </billSummaries>
    </summaries>
    <sponsors>
      <item>
        <firstName>Johnny</firstName>
        <fullName>Sen. Isakson, Johnny [R-GA]</fullName>
        <middleName />
        <bioguideId>I000055</bioguideId>
        <byRequestType />
        <lastName>Isakson</lastName>
        <identifiers>
          <bioguideId>I000055</bioguideId>
          <lisID>1608</lisID>
          <gpoId>8323</gpoId>
        </identifiers>
      </item>
    </sponsors>
    <congress>113</congress>
    <notes />
    <committees>
      <billCommittees>
        <item>
          <name>Judiciary Committee</name>
          <type>Standing</type>
          <subcommittees />
          <chamber>Senate</chamber>
          <activities>
            <item>
              <name>Referred to</name>
              <date>2013-11-20T15:21:54Z</date>
            </item>
          </activities>
          <systemCode>ssju00</systemCode>
        </item>
      </billCommittees>
    </committees>
    <introducedDate>2013-11-20</introducedDate>
    <createDate>2013-11-21T07:01:13Z</createDate>
    <policyArea>
      <name>Transportation and Public Works</name>
    </policyArea>
    <laws />
    <billType>SRES</billType>
    <subjects>
      <billSubjects>
        <legislativeSubjects>
          <item>
            <name>Commemorative events and holidays</name>
          </item>
          <item>
            <name>Motor carriers</name>
          </item>
          <item>
            <name>Motor vehicles</name>
          </item>
          <item>
            <name>Roads and highways</name>
          </item>
          <item>
            <name>Transportation safety and security</name>
          </item>
        </legislativeSubjects>
        <policyArea>
          <name>Transportation and Public Works</name>
        </policyArea>
      </billSubjects>
    </subjects>
    <cosponsors>
      <item>
        <bioguideId>C000286</bioguideId>
        <fullName>Sen. Chambliss, Saxby [R-GA]</fullName>
        <lastName>CHAMBLISS</lastName>
        <firstName>SAXBY</firstName>
        <sponsorshipWithdrawnDate />
        <sponsorshipDate>2013-11-20</sponsorshipDate>
        <middleName />
        <isOriginalCosponsor>True</isOriginalCosponsor>
        <identifiers>
          <gpoId>8284</gpoId>
          <lisID>188</lisID>
          <bioguideId>C000286</bioguideId>
        </identifiers>
      </item>
      <item>
        <bioguideId>P000590</bioguideId>
        <fullName>Sen. Pryor, Mark L. [D-AR]</fullName>
        <lastName>Pryor</lastName>
        <firstName>Mark</firstName>
        <sponsorshipWithdrawnDate />
        <sponsorshipDate>2013-11-20</sponsorshipDate>
        <middleName>Lunsford</middleName>
        <isOriginalCosponsor>True</isOriginalCosponsor>
        <identifiers>
          <gpoId>8241</gpoId>
          <bioguideId>P000590</bioguideId>
          <lisID>1701</lisID>
        </identifiers>
      </item>
      <item>
        <bioguideId>C001035</bioguideId>
        <fullName>Sen. Collins, Susan M. [R-ME]</fullName>
        <lastName>COLLINS</lastName>
        <firstName>SUSAN</firstName>
        <sponsorshipWithdrawnDate />
        <sponsorshipDate>2013-11-20</sponsorshipDate>
        <middleName>MARGARET</middleName>
        <isOriginalCosponsor>True</isOriginalCosponsor>
        <identifiers>
          <bioguideId>C001035</bioguideId>
          <lisID>1541</lisID>
          <gpoId>8291</gpoId>
        </identifiers>
      </item>
    </cosponsors>
    <calendarNumbers />
    <relatedBills>
      <item>
        <latestAction>
          <actionDate>2014-11-20</actionDate>
          <text>Resolution agreed to in Senate without amendment and with a preamble by Unanimous Consent.</text>
        </latestAction>
        <type>SRES</type>
        <congress>113</congress>
        <relationshipDetails>
          <item>
            <type>Related bill</type>
            <identifiedBy>CRS</identifiedBy>
          </item>
        </relationshipDetails>
        <number>583</number>
        <latestTitle>A resolution designating November 30, 2014, as "Drive Safer Sunday".</latestTitle>
      </item>
    </relatedBills>
    <amendments />
    <recordedVotes />
    <title>A resolution designating December 1, 2013, as "Drive Safer Sunday".</title>
    <latestAction>
      <actionDate>2013-11-20</actionDate>
      <text>Referred to the Committee on the Judiciary. (text of measure as introduced: CR S8365)</text>
      <links />
    </latestAction>
    <cboCostEstimates />
    <originChamber>Senate</originChamber>
    <committeeReports />
  </bill>
  <dublinCore xmlns:dc="http://purl.org/dc/elements/1.1/">
    <dc:format>text/xml</dc:format>
    <dc:language>EN</dc:language>
    <dc:rights>Pursuant to Title 17 Section 105 of the United States Code, this file is not subject to copyright protection and is in the public domain.</dc:rights>
    <dc:contributor>Congressional Research Service, Library of Congress</dc:contributor>
    <dc:description>This file contains bill summaries and statuses for federal legislation. A bill summary describes the most significant provisions of a piece of legislation and details the effects the legislative text may have on current law and federal programs. Bill summaries are authored by the Congressional Research Service (CRS) of the Library of Congress. As stated in Public Law 91-510 (2 USC 166 (d)(6)), one of the duties of CRS is "to prepare summaries and digests of bills and resolutions of a public general nature introduced in the Senate or House of Representatives". For more information, refer to the User Guide that accompanies this file.</dc:description>
  </dublinCore>
</billStatus>

