<?xml version="1.0" encoding="UTF-8"?>
<billStatus>
  <bill>
    <billNumber>529</billNumber>
    <titles>
      <item>
        <chamberName />
        <titleType>Official Title as Introduced</titleType>
        <title>A resolution recognizing the 100th anniversary of the Veterans of Foreign Wars of the United States and commending its members for their courage and sacrifice in service to the United States.</title>
        <chamberCode />
        <parentTitleType />
      </item>
      <item>
        <chamberName />
        <titleType>Display Title</titleType>
        <title>A resolution recognizing the 100th anniversary of the Veterans of Foreign Wars of the United States and commending its members for their courage and sacrifice in service to the United States.</title>
        <chamberCode />
        <parentTitleType />
      </item>
    </titles>
    <actions>
      <actionTypeCounts>
        <referredToCommittee>1</referredToCommittee>
        <committeeDischarged>1</committeeDischarged>
        <passedAgreedToInSenate>1</passedAgreedToInSenate>
        <introducedInSenate>1</introducedInSenate>
        <agreedToInSenate>1</agreedToInSenate>
        <senateCommitteeDischarged>1</senateCommitteeDischarged>
      </actionTypeCounts>
      <actionByCounts>
        <senate>6</senate>
      </actionByCounts>
      <item>
        <actionDate>2014-09-18</actionDate>
        <committee />
        <links />
        <sourceSystem>
          <name>Senate</name>
          <code>0</code>
        </sourceSystem>
        <text>Resolution agreed to in Senate without amendment and with a preamble by Unanimous Consent.</text>
        <type>Floor</type>
      </item>
      <item>
        <committee />
        <sourceSystem>
          <name>Library of Congress</name>
          <code>9</code>
        </sourceSystem>
        <type>Floor</type>
        <text>Passed/agreed to in Senate: Resolution agreed to in Senate without amendment and with a preamble by Unanimous Consent.</text>
        <actionDate>2014-09-18</actionDate>
        <links />
        <actionCode>17000</actionCode>
      </item>
      <item>
        <actionDate>2014-09-18</actionDate>
        <committee>
          <name>Judiciary Committee</name>
          <systemCode>ssju00</systemCode>
        </committee>
        <links>
          <link>
            <name>S5878</name>
            <url>/congressional-record/2014/senate-section/page/S5878</url>
          </link>
        </links>
        <sourceSystem>
          <name>Senate</name>
          <code>0</code>
        </sourceSystem>
        <text>Senate Committee on the Judiciary discharged by Unanimous Consent. (consideration: CR S5878)</text>
        <type>Discharge</type>
      </item>
      <item>
        <committee>
          <name>Judiciary Committee</name>
          <systemCode>ssju00</systemCode>
        </committee>
        <sourceSystem>
          <name>Library of Congress</name>
          <code>9</code>
        </sourceSystem>
        <type>Committee</type>
        <text>Senate Committee on the Judiciary discharged by Unanimous Consent.(consideration: CR S5878)</text>
        <actionDate>2014-09-18</actionDate>
        <links>
          <link>
            <name>S5878</name>
            <url>/congressional-record/2014/senate-section/page/S5878</url>
          </link>
        </links>
        <actionCode>14500</actionCode>
      </item>
      <item>
        <actionDate>2014-07-30</actionDate>
        <committee>
          <name>Judiciary Committee</name>
          <systemCode>ssju00</systemCode>
        </committee>
        <links>
          <link>
            <name>S5146</name>
            <url>/congressional-record/2014/senate-section/page/S5146</url>
          </link>
        </links>
        <sourceSystem>
          <name>Senate</name>
          <code>0</code>
        </sourceSystem>
        <text>Referred to the Committee on the Judiciary. (text of measure as introduced: CR S5146)</text>
        <type>IntroReferral</type>
      </item>
      <item>
        <committee />
        <sourceSystem>
          <name>Library of Congress</name>
          <code>9</code>
        </sourceSystem>
        <type>IntroReferral</type>
        <text>Introduced in Senate</text>
        <actionDate>2014-07-30</actionDate>
        <links />
        <actionCode>10000</actionCode>
      </item>
    </actions>
    <updateDate>2016-10-25T16:19:23Z</updateDate>
    <summaries>
      <billSummaries>
        <item>
          <lastSummaryUpdateDate>2014-08-14T18:37:24Z</lastSummaryUpdateDate>
          <text><![CDATA[<p>Congratulates the Veterans of Foreign Wars of the United States (VFW) on its 100th anniversary.</p> <p>Commends VFW members for their courage and sacrifice in service to the United States.</p> <p>Encourages individuals to express their appreciation for the honor, courage, and bravery of our veterans and for the service of the VFW.</p>]]></text>
          <updateDate>2014-07-30T04:00:00Z</updateDate>
          <actionDesc>Introduced in Senate</actionDesc>
          <name>Introduced in Senate</name>
          <versionCode>00</versionCode>
          <actionDate>2014-07-30</actionDate>
        </item>
        <item>
          <lastSummaryUpdateDate>2014-09-30T19:26:24Z</lastSummaryUpdateDate>
          <text><![CDATA[<p><b>(This measure has not been amended since it was introduced. The summary of that version is repeated here.)</b></p> <p>Congratulates the Veterans of Foreign Wars of the United States (VFW) on its 100th anniversary.</p> <p>Commends VFW members for their courage and sacrifice in service to the United States.</p> <p>Encourages individuals to express their appreciation for the honor, courage, and bravery of our veterans and for the service of the VFW.</p>]]></text>
          <updateDate>2014-09-18T18:59:39Z</updateDate>
          <actionDesc>Passed Senate without amendment</actionDesc>
          <name>Passed Senate without amendment</name>
          <versionCode>82</versionCode>
          <actionDate>2014-09-18</actionDate>
        </item>
      </billSummaries>
    </summaries>
    <sponsors>
      <item>
        <firstName>Pat</firstName>
        <fullName>Sen. Toomey, Pat [R-PA]</fullName>
        <middleName />
        <bioguideId>T000461</bioguideId>
        <byRequestType />
        <lastName>Toomey</lastName>
        <identifiers>
          <gpoId />
          <lisID>1594</lisID>
          <bioguideId>T000461</bioguideId>
        </identifiers>
      </item>
    </sponsors>
    <congress>113</congress>
    <notes />
    <committees>
      <billCommittees>
        <item>
          <name>Judiciary Committee</name>
          <type>Standing</type>
          <subcommittees />
          <chamber>Senate</chamber>
          <activities>
            <item>
              <name>Discharged from</name>
              <date>2014-09-19T02:22:38Z</date>
            </item>
            <item>
              <name>Referred to</name>
              <date>2014-07-30T19:46:09Z</date>
            </item>
          </activities>
          <systemCode>ssju00</systemCode>
        </item>
      </billCommittees>
    </committees>
    <introducedDate>2014-07-30</introducedDate>
    <createDate>2014-07-31T05:20:45Z</createDate>
    <policyArea>
      <name>Armed Forces and National Security</name>
    </policyArea>
    <laws />
    <billType>SRES</billType>
    <subjects>
      <billSubjects>
        <policyArea>
          <name>Armed Forces and National Security</name>
        </policyArea>
        <legislativeSubjects>
          <item>
            <name>Commemorative events and holidays</name>
          </item>
          <item>
            <name>Congressional tributes</name>
          </item>
          <item>
            <name>Veterans' organizations and recognition</name>
          </item>
        </legislativeSubjects>
      </billSubjects>
    </subjects>
    <cosponsors>
      <item>
        <sponsorshipDate>2014-09-17</sponsorshipDate>
        <lastName>Casey</lastName>
        <fullName>Sen. Casey, Robert P., Jr. [D-PA]</fullName>
        <middleName />
        <firstName>Bob</firstName>
        <sponsorshipWithdrawnDate />
        <identifiers>
          <gpoId>8282</gpoId>
          <lisID>1828</lisID>
          <bioguideId>C001070</bioguideId>
        </identifiers>
        <isOriginalCosponsor>False</isOriginalCosponsor>
        <bioguideId>C001070</bioguideId>
      </item>
    </cosponsors>
    <calendarNumbers />
    <relatedBills />
    <amendments />
    <recordedVotes />
    <title>A resolution recognizing the 100th anniversary of the Veterans of Foreign Wars of the United States and commending its members for their courage and sacrifice in service to the United States.</title>
    <latestAction>
      <actionDate>2014-09-18</actionDate>
      <text>Resolution agreed to in Senate without amendment and with a preamble by Unanimous Consent.</text>
      <links />
    </latestAction>
    <cboCostEstimates />
    <originChamber>Senate</originChamber>
    <committeeReports />
  </bill>
  <dublinCore xmlns:dc="http://purl.org/dc/elements/1.1/">
    <dc:format>text/xml</dc:format>
    <dc:language>EN</dc:language>
    <dc:rights>Pursuant to Title 17 Section 105 of the United States Code, this file is not subject to copyright protection and is in the public domain.</dc:rights>
    <dc:contributor>Congressional Research Service, Library of Congress</dc:contributor>
    <dc:description>This file contains bill summaries and statuses for federal legislation. A bill summary describes the most significant provisions of a piece of legislation and details the effects the legislative text may have on current law and federal programs. Bill summaries are authored by the Congressional Research Service (CRS) of the Library of Congress. As stated in Public Law 91-510 (2 USC 166 (d)(6)), one of the duties of CRS is "to prepare summaries and digests of bills and resolutions of a public general nature introduced in the Senate or House of Representatives". For more information, refer to the User Guide that accompanies this file.</dc:description>
  </dublinCore>
</billStatus>

