<?xml version="1.0" encoding="UTF-8"?>
<billStatus>
  <bill>
    <updateDate>2016-10-25T16:18:54Z</updateDate>
    <sponsors>
      <item>
        <lastName>Pryor</lastName>
        <firstName>Mark</firstName>
        <identifiers>
          <gpoId>8241</gpoId>
          <bioguideId>P000590</bioguideId>
          <lisID>1701</lisID>
        </identifiers>
        <bioguideId>P000590</bioguideId>
        <middleName>Lunsford</middleName>
        <fullName>Sen. Pryor, Mark L. [D-AR]</fullName>
        <byRequestType />
      </item>
    </sponsors>
    <createDate>2014-01-30T07:01:59Z</createDate>
    <subjects>
      <billSubjects>
        <policyArea>
          <name>Civil Rights and Liberties, Minority Issues</name>
        </policyArea>
        <legislativeSubjects>
          <item>
            <name>Arkansas</name>
          </item>
          <item>
            <name>Commemorative events and holidays</name>
          </item>
          <item>
            <name>Congressional tributes</name>
          </item>
          <item>
            <name>Due process and equal protection</name>
          </item>
          <item>
            <name>Racial and ethnic relations</name>
          </item>
        </legislativeSubjects>
      </billSubjects>
    </subjects>
    <introducedDate>2014-01-29</introducedDate>
    <committeeReports />
    <committees>
      <billCommittees>
        <item>
          <activities>
            <item>
              <date>2014-02-04T00:54:23Z</date>
              <name>Discharged from</name>
            </item>
            <item>
              <date>2014-01-29T21:36:44Z</date>
              <name>Referred to</name>
            </item>
          </activities>
          <systemCode>ssju00</systemCode>
          <subcommittees />
          <type>Standing</type>
          <name>Judiciary Committee</name>
          <chamber>Senate</chamber>
        </item>
      </billCommittees>
    </committees>
    <cboCostEstimates />
    <amendments />
    <title>A resolution observing the 100th birthday of civil rights leader Daisy Bates and honoring her legacy as an American heroine.</title>
    <notes />
    <billNumber>341</billNumber>
    <originChamber>Senate</originChamber>
    <cosponsors>
      <item>
        <bioguideId>B001236</bioguideId>
        <fullName>Sen. Boozman, John [R-AR]</fullName>
        <lastName>Boozman</lastName>
        <firstName>John</firstName>
        <sponsorshipWithdrawnDate />
        <sponsorshipDate>2014-01-30</sponsorshipDate>
        <middleName />
        <isOriginalCosponsor>False</isOriginalCosponsor>
        <identifiers>
          <gpoId>8247</gpoId>
          <bioguideId>B001236</bioguideId>
          <lisID>1687</lisID>
        </identifiers>
      </item>
      <item>
        <bioguideId>L000261</bioguideId>
        <fullName>Sen. Levin, Carl [D-MI]</fullName>
        <lastName>LEVIN</lastName>
        <firstName>CARL</firstName>
        <sponsorshipWithdrawnDate />
        <sponsorshipDate>2014-01-30</sponsorshipDate>
        <middleName>MILTON</middleName>
        <isOriginalCosponsor>False</isOriginalCosponsor>
        <identifiers>
          <lisID>1384</lisID>
          <bioguideId>L000261</bioguideId>
          <gpoId>8243</gpoId>
        </identifiers>
      </item>
    </cosponsors>
    <calendarNumbers />
    <congress>113</congress>
    <summaries>
      <billSummaries>
        <item>
          <versionCode>00</versionCode>
          <text><![CDATA[<p>Observes the 100th birthday of civil rights leader Daisy Bates and commemorates&nbsp;her legacy by encouraging people of the United States to promote social justice, equality, and the principles of the Constitution.</p>]]></text>
          <updateDate>2014-01-29T05:00:00Z</updateDate>
          <lastSummaryUpdateDate>2014-02-05T19:04:10Z</lastSummaryUpdateDate>
          <actionDate>2014-01-29</actionDate>
          <actionDesc>Introduced in Senate</actionDesc>
          <name>Introduced in Senate</name>
        </item>
      </billSummaries>
    </summaries>
    <policyArea>
      <name>Civil Rights and Liberties, Minority Issues</name>
    </policyArea>
    <titles>
      <item>
        <title>A resolution observing the 100th birthday of civil rights leader Daisy Bates and honoring her legacy as an American heroine.</title>
        <titleType>Official Title as Introduced</titleType>
        <parentTitleType />
        <chamberName />
        <chamberCode />
      </item>
      <item>
        <title>A resolution observing the 100th birthday of civil rights leader Daisy Bates and honoring her legacy as an American heroine.</title>
        <titleType>Display Title</titleType>
        <parentTitleType />
        <chamberName />
        <chamberCode />
      </item>
    </titles>
    <latestAction>
      <text>Resolution agreed to in Senate without amendment and with a preamble by Unanimous Consent.</text>
      <actionDate>2014-02-03</actionDate>
      <links />
    </latestAction>
    <actions>
      <item>
        <actionDate>2014-02-03</actionDate>
        <committee />
        <links />
        <sourceSystem>
          <name>Senate</name>
          <code>0</code>
        </sourceSystem>
        <text>Resolution agreed to in Senate without amendment and with a preamble by Unanimous Consent.</text>
        <type>Floor</type>
      </item>
      <item>
        <committee />
        <type>Floor</type>
        <links />
        <actionCode>17000</actionCode>
        <sourceSystem>
          <name>Library of Congress</name>
          <code>9</code>
        </sourceSystem>
        <actionDate>2014-02-03</actionDate>
        <text>Passed/agreed to in Senate: Resolution agreed to in Senate without amendment and with a preamble by Unanimous Consent.</text>
      </item>
      <item>
        <actionDate>2014-02-03</actionDate>
        <committee>
          <systemCode>ssju00</systemCode>
          <name>Judiciary Committee</name>
        </committee>
        <links>
          <link>
            <name>S704-705</name>
            <url>/congressional-record/2014/senate-section/page/S704-705</url>
          </link>
        </links>
        <sourceSystem>
          <name>Senate</name>
          <code>0</code>
        </sourceSystem>
        <text>Senate Committee on the Judiciary discharged by Unanimous Consent. (consideration: CR S704-705)</text>
        <type>Discharge</type>
      </item>
      <item>
        <committee>
          <systemCode>ssju00</systemCode>
          <name>Judiciary Committee</name>
        </committee>
        <type>Committee</type>
        <links>
          <link>
            <name>S704-705</name>
            <url>/congressional-record/2014/senate-section/page/S704-705</url>
          </link>
        </links>
        <actionCode>14500</actionCode>
        <sourceSystem>
          <name>Library of Congress</name>
          <code>9</code>
        </sourceSystem>
        <actionDate>2014-02-03</actionDate>
        <text>Senate Committee on the Judiciary discharged by Unanimous Consent.(consideration: CR S704-705)</text>
      </item>
      <item>
        <actionDate>2014-01-29</actionDate>
        <committee>
          <systemCode>ssju00</systemCode>
          <name>Judiciary Committee</name>
        </committee>
        <links>
          <link>
            <name>S604</name>
            <url>/congressional-record/2014/senate-section/page/S604</url>
          </link>
        </links>
        <sourceSystem>
          <name>Senate</name>
          <code>0</code>
        </sourceSystem>
        <text>Referred to the Committee on the Judiciary. (text of measure as introduced: CR S604)</text>
        <type>IntroReferral</type>
      </item>
      <item>
        <committee />
        <type>IntroReferral</type>
        <links />
        <actionCode>10000</actionCode>
        <sourceSystem>
          <name>Library of Congress</name>
          <code>9</code>
        </sourceSystem>
        <actionDate>2014-01-29</actionDate>
        <text>Introduced in Senate</text>
      </item>
      <actionByCounts>
        <senate>6</senate>
      </actionByCounts>
      <actionTypeCounts>
        <introducedInSenate>1</introducedInSenate>
        <passedAgreedToInSenate>1</passedAgreedToInSenate>
        <agreedToInSenate>1</agreedToInSenate>
        <committeeDischarged>1</committeeDischarged>
        <senateCommitteeDischarged>1</senateCommitteeDischarged>
        <referredToCommittee>1</referredToCommittee>
      </actionTypeCounts>
    </actions>
    <laws />
    <recordedVotes />
    <billType>SRES</billType>
    <relatedBills />
  </bill>
  <dublinCore xmlns:dc="http://purl.org/dc/elements/1.1/">
    <dc:format>text/xml</dc:format>
    <dc:language>EN</dc:language>
    <dc:rights>Pursuant to Title 17 Section 105 of the United States Code, this file is not subject to copyright protection and is in the public domain.</dc:rights>
    <dc:contributor>Congressional Research Service, Library of Congress</dc:contributor>
    <dc:description>This file contains bill summaries and statuses for federal legislation. A bill summary describes the most significant provisions of a piece of legislation and details the effects the legislative text may have on current law and federal programs. Bill summaries are authored by the Congressional Research Service (CRS) of the Library of Congress. As stated in Public Law 91-510 (2 USC 166 (d)(6)), one of the duties of CRS is "to prepare summaries and digests of bills and resolutions of a public general nature introduced in the Senate or House of Representatives". For more information, refer to the User Guide that accompanies this file.</dc:description>
  </dublinCore>
</billStatus>

