<?xml version="1.0" encoding="UTF-8"?>
<billStatus>
  <bill>
    <summaries>
      <billSummaries>
        <item>
          <updateDate>2014-08-01T04:00:00Z</updateDate>
          <actionDate>2014-08-01</actionDate>
          <lastSummaryUpdateDate>2014-08-04T19:01:47Z</lastSummaryUpdateDate>
          <text><![CDATA[<p>Supports Israel's: (1) right to defend its citizens and ensure Israel's survival, and (2) efforts to deal with the threats posed by Hamas's rockets and tunnels. </p> <p>Condemns Hamas's repeated violation of humanitarian cease fires and its use of suicide bombings. </p> <p>Demands that Hamas return the Israeli soldier kidnapped on August 1, 2014. </p> <p>Calls on the United Nations (U.N.) Secretary General to condemn terrorist attacks by Hamas on Israel. </p> <p>Calls on: (1) Hamas to stop using residents of Gaza as human shields, and (2) the Palestinian people to reject Hamas and its ideology and to seek peace.</p> <p>Urges the international community to condemn the unprovoked rocket fire at Israel.</p>]]></text>
          <versionCode>00</versionCode>
          <actionDesc>Introduced in Senate</actionDesc>
          <name>Introduced in Senate</name>
        </item>
      </billSummaries>
    </summaries>
    <sponsors>
      <item>
        <bioguideId>G000359</bioguideId>
        <fullName>Sen. Graham, Lindsey [R-SC]</fullName>
        <byRequestType />
        <lastName>GRAHAM</lastName>
        <firstName>LINDSEY</firstName>
        <middleName>O.</middleName>
        <identifiers>
          <lisID>452</lisID>
          <gpoId>8335</gpoId>
          <bioguideId>G000359</bioguideId>
        </identifiers>
      </item>
    </sponsors>
    <latestAction>
      <links />
      <actionDate>2014-08-01</actionDate>
      <text>Referred to the Committee on Foreign Relations. (text of measure as introduced: CR S5326-5327)</text>
    </latestAction>
    <congress>113</congress>
    <billNumber>537</billNumber>
    <cboCostEstimates />
    <calendarNumbers />
    <billType>SRES</billType>
    <committees>
      <billCommittees>
        <item>
          <chamber>Senate</chamber>
          <activities>
            <item>
              <name>Referred to</name>
              <date>2014-08-01T18:47:21Z</date>
            </item>
          </activities>
          <name>Foreign Relations Committee</name>
          <subcommittees />
          <type>Standing</type>
          <systemCode>ssfr00</systemCode>
        </item>
      </billCommittees>
    </committees>
    <recordedVotes />
    <titles>
      <item>
        <chamberName />
        <titleType>Official Title as Introduced</titleType>
        <title>A resolution reaffirming support for Israel's right to defend its citizens and ensure the survival of the State of Israel, and for other purposes.</title>
        <chamberCode />
        <parentTitleType />
      </item>
      <item>
        <chamberName />
        <titleType>Display Title</titleType>
        <title>A resolution reaffirming support for Israel's right to defend its citizens and ensure the survival of the State of Israel, and for other purposes.</title>
        <chamberCode />
        <parentTitleType />
      </item>
    </titles>
    <laws />
    <originChamber>Senate</originChamber>
    <createDate>2014-08-02T04:54:11Z</createDate>
    <notes />
    <updateDate>2016-10-25T16:19:24Z</updateDate>
    <policyArea>
      <name>International Affairs</name>
    </policyArea>
    <title>A resolution reaffirming support for Israel's right to defend its citizens and ensure the survival of the State of Israel, and for other purposes.</title>
    <committeeReports />
    <subjects>
      <billSubjects>
        <policyArea>
          <name>International Affairs</name>
        </policyArea>
        <legislativeSubjects>
          <item>
            <name>Arab-Israeli relations</name>
          </item>
          <item>
            <name>Conflicts and wars</name>
          </item>
          <item>
            <name>Gaza Strip</name>
          </item>
          <item>
            <name>Israel</name>
          </item>
          <item>
            <name>Middle East</name>
          </item>
          <item>
            <name>Military personnel and dependents</name>
          </item>
          <item>
            <name>Palestinians</name>
          </item>
          <item>
            <name>Sovereignty, recognition, national governance and status</name>
          </item>
          <item>
            <name>Terrorism</name>
          </item>
          <item>
            <name>United Nations</name>
          </item>
        </legislativeSubjects>
      </billSubjects>
    </subjects>
    <relatedBills />
    <introducedDate>2014-08-01</introducedDate>
    <amendments />
    <actions>
      <item>
        <actionDate>2014-08-01</actionDate>
        <committee>
          <systemCode>ssfr00</systemCode>
          <name>Foreign Relations Committee</name>
        </committee>
        <links>
          <link>
            <name>S5326-5327</name>
            <url>/congressional-record/2014/senate-section/page/S5326-5327</url>
          </link>
        </links>
        <sourceSystem>
          <name>Senate</name>
          <code>0</code>
        </sourceSystem>
        <text>Referred to the Committee on Foreign Relations. (text of measure as introduced: CR S5326-5327)</text>
        <type>IntroReferral</type>
      </item>
      <item>
        <committee />
        <type>IntroReferral</type>
        <links />
        <actionCode>10000</actionCode>
        <sourceSystem>
          <name>Library of Congress</name>
          <code>9</code>
        </sourceSystem>
        <actionDate>2014-08-01</actionDate>
        <text>Introduced in Senate</text>
      </item>
      <actionByCounts>
        <senate>2</senate>
      </actionByCounts>
      <actionTypeCounts>
        <introducedInSenate>1</introducedInSenate>
        <referredToCommittee>1</referredToCommittee>
      </actionTypeCounts>
    </actions>
    <cosponsors>
      <item>
        <sponsorshipWithdrawnDate />
        <bioguideId>M000639</bioguideId>
        <fullName>Sen. Menendez, Robert [D-NJ]</fullName>
        <lastName>MENENDEZ</lastName>
        <isOriginalCosponsor>True</isOriginalCosponsor>
        <identifiers>
          <bioguideId>M000639</bioguideId>
          <lisID>791</lisID>
          <gpoId>8239</gpoId>
        </identifiers>
        <middleName />
        <sponsorshipDate>2014-08-01</sponsorshipDate>
        <firstName>ROBERT</firstName>
      </item>
    </cosponsors>
  </bill>
  <dublinCore xmlns:dc="http://purl.org/dc/elements/1.1/">
    <dc:format>text/xml</dc:format>
    <dc:language>EN</dc:language>
    <dc:rights>Pursuant to Title 17 Section 105 of the United States Code, this file is not subject to copyright protection and is in the public domain.</dc:rights>
    <dc:contributor>Congressional Research Service, Library of Congress</dc:contributor>
    <dc:description>This file contains bill summaries and statuses for federal legislation. A bill summary describes the most significant provisions of a piece of legislation and details the effects the legislative text may have on current law and federal programs. Bill summaries are authored by the Congressional Research Service (CRS) of the Library of Congress. As stated in Public Law 91-510 (2 USC 166 (d)(6)), one of the duties of CRS is "to prepare summaries and digests of bills and resolutions of a public general nature introduced in the Senate or House of Representatives". For more information, refer to the User Guide that accompanies this file.</dc:description>
  </dublinCore>
</billStatus>

