<?xml version="1.0" encoding="UTF-8"?>
<billStatus>
  <bill>
    <titles>
      <item>
        <title>A resolution designating August 16, 2014, as "National Airborne Day".</title>
        <parentTitleType />
        <chamberName />
        <chamberCode />
        <titleType>Official Title as Introduced</titleType>
      </item>
      <item>
        <title>A resolution designating August 16, 2014, as "National Airborne Day".</title>
        <parentTitleType />
        <chamberName />
        <chamberCode />
        <titleType>Display Title</titleType>
      </item>
    </titles>
    <introducedDate>2014-07-24</introducedDate>
    <notes />
    <calendarNumbers />
    <committees>
      <billCommittees />
    </committees>
    <sponsors>
      <item>
        <lastName>Murkowski</lastName>
        <middleName />
        <bioguideId>M001153</bioguideId>
        <firstName>Lisa</firstName>
        <byRequestType />
        <fullName>Sen. Murkowski, Lisa [R-AK]</fullName>
        <identifiers>
          <lisID>1694</lisID>
          <bioguideId>M001153</bioguideId>
          <gpoId>8234</gpoId>
        </identifiers>
      </item>
    </sponsors>
    <subjects>
      <billSubjects>
        <policyArea>
          <name>Armed Forces and National Security</name>
        </policyArea>
        <legislativeSubjects>
          <item>
            <name>Commemorative events and holidays</name>
          </item>
          <item>
            <name>Military history</name>
          </item>
          <item>
            <name>Military personnel and dependents</name>
          </item>
        </legislativeSubjects>
      </billSubjects>
    </subjects>
    <originChamber>Senate</originChamber>
    <createDate>2014-07-25T05:01:14Z</createDate>
    <congress>113</congress>
    <cosponsors>
      <item>
        <sponsorshipWithdrawnDate />
        <bioguideId>R000122</bioguideId>
        <fullName>Sen. Reed, Jack [D-RI]</fullName>
        <lastName>REED</lastName>
        <isOriginalCosponsor>True</isOriginalCosponsor>
        <identifiers>
          <gpoId>8272</gpoId>
          <lisID>949</lisID>
          <bioguideId>R000122</bioguideId>
        </identifiers>
        <middleName>F.</middleName>
        <sponsorshipDate>2014-07-24</sponsorshipDate>
        <firstName>JOHN</firstName>
      </item>
      <item>
        <sponsorshipWithdrawnDate />
        <bioguideId>R000146</bioguideId>
        <fullName>Sen. Reid, Harry [D-NV]</fullName>
        <lastName>REID</lastName>
        <isOriginalCosponsor>True</isOriginalCosponsor>
        <identifiers>
          <gpoId>8271</gpoId>
          <bioguideId>R000146</bioguideId>
          <lisID>952</lisID>
        </identifiers>
        <middleName>M.</middleName>
        <sponsorshipDate>2014-07-24</sponsorshipDate>
        <firstName>HARRY</firstName>
      </item>
      <item>
        <sponsorshipWithdrawnDate />
        <bioguideId>M000355</bioguideId>
        <fullName>Sen. McConnell, Mitch [R-KY]</fullName>
        <lastName>MCCONNELL</lastName>
        <isOriginalCosponsor>True</isOriginalCosponsor>
        <identifiers>
          <bioguideId>M000355</bioguideId>
          <lisID>1395</lisID>
          <gpoId>8254</gpoId>
        </identifiers>
        <middleName />
        <sponsorshipDate>2014-07-24</sponsorshipDate>
        <firstName>MITCH</firstName>
      </item>
      <item>
        <sponsorshipWithdrawnDate />
        <bioguideId>H001049</bioguideId>
        <fullName>Sen. Hagan, Kay [D-NC]</fullName>
        <lastName>Hagan</lastName>
        <isOriginalCosponsor>True</isOriginalCosponsor>
        <identifiers>
          <gpoId>8318</gpoId>
          <lisID>1902</lisID>
          <bioguideId>H001049</bioguideId>
        </identifiers>
        <middleName>R.</middleName>
        <sponsorshipDate>2014-07-24</sponsorshipDate>
        <firstName>Kay</firstName>
      </item>
      <item>
        <sponsorshipWithdrawnDate />
        <bioguideId>W000802</bioguideId>
        <fullName>Sen. Whitehouse, Sheldon [D-RI]</fullName>
        <lastName>Whitehouse</lastName>
        <isOriginalCosponsor>True</isOriginalCosponsor>
        <identifiers>
          <bioguideId>W000802</bioguideId>
          <lisID>1823</lisID>
          <gpoId>8264</gpoId>
        </identifiers>
        <middleName />
        <sponsorshipDate>2014-07-24</sponsorshipDate>
        <firstName>Sheldon</firstName>
      </item>
      <item>
        <sponsorshipWithdrawnDate />
        <bioguideId>B001277</bioguideId>
        <fullName>Sen. Blumenthal, Richard [D-CT]</fullName>
        <lastName>Blumenthal</lastName>
        <isOriginalCosponsor>True</isOriginalCosponsor>
        <identifiers>
          <bioguideId>B001277</bioguideId>
          <lisID>2076</lisID>
          <gpoId>8332</gpoId>
        </identifiers>
        <middleName />
        <sponsorshipDate>2014-07-24</sponsorshipDate>
        <firstName>Richard</firstName>
      </item>
      <item>
        <sponsorshipWithdrawnDate />
        <bioguideId>M001111</bioguideId>
        <fullName>Sen. Murray, Patty [D-WA]</fullName>
        <lastName>MURRAY</lastName>
        <isOriginalCosponsor>True</isOriginalCosponsor>
        <identifiers>
          <gpoId>8237</gpoId>
          <bioguideId>M001111</bioguideId>
          <lisID>1409</lisID>
        </identifiers>
        <middleName />
        <sponsorshipDate>2014-07-24</sponsorshipDate>
        <firstName>PATTY</firstName>
      </item>
      <item>
        <sponsorshipWithdrawnDate />
        <bioguideId>M001183</bioguideId>
        <fullName>Sen. Manchin, Joe, III [D-WV]</fullName>
        <lastName>Manchin</lastName>
        <isOriginalCosponsor>True</isOriginalCosponsor>
        <identifiers>
          <bioguideId>M001183</bioguideId>
          <lisID>1983</lisID>
          <gpoId>8256</gpoId>
        </identifiers>
        <middleName />
        <sponsorshipDate>2014-07-24</sponsorshipDate>
        <firstName>Joe</firstName>
      </item>
      <item>
        <sponsorshipWithdrawnDate />
        <bioguideId>C001070</bioguideId>
        <fullName>Sen. Casey, Robert P., Jr. [D-PA]</fullName>
        <lastName>Casey</lastName>
        <isOriginalCosponsor>True</isOriginalCosponsor>
        <identifiers>
          <lisID>1828</lisID>
          <bioguideId>C001070</bioguideId>
          <gpoId>8282</gpoId>
        </identifiers>
        <middleName />
        <sponsorshipDate>2014-07-24</sponsorshipDate>
        <firstName>Bob</firstName>
      </item>
      <item>
        <sponsorshipWithdrawnDate />
        <bioguideId>R000595</bioguideId>
        <fullName>Sen. Rubio, Marco [R-FL]</fullName>
        <lastName>Rubio</lastName>
        <isOriginalCosponsor>True</isOriginalCosponsor>
        <identifiers>
          <bioguideId>R000595</bioguideId>
          <lisID>2084</lisID>
          <gpoId>8242</gpoId>
        </identifiers>
        <middleName />
        <sponsorshipDate>2014-07-24</sponsorshipDate>
        <firstName>Marco</firstName>
      </item>
      <item>
        <sponsorshipWithdrawnDate />
        <bioguideId>B000575</bioguideId>
        <fullName>Sen. Blunt, Roy [R-MO]</fullName>
        <lastName>Blunt</lastName>
        <isOriginalCosponsor>True</isOriginalCosponsor>
        <identifiers>
          <gpoId>8313</gpoId>
          <lisID>1464</lisID>
          <bioguideId>B000575</bioguideId>
        </identifiers>
        <middleName />
        <sponsorshipDate>2014-07-24</sponsorshipDate>
        <firstName>Roy</firstName>
      </item>
      <item>
        <sponsorshipWithdrawnDate />
        <bioguideId>B001135</bioguideId>
        <fullName>Sen. Burr, Richard [R-NC]</fullName>
        <lastName>BURR</lastName>
        <isOriginalCosponsor>True</isOriginalCosponsor>
        <identifiers>
          <gpoId>8286</gpoId>
          <bioguideId>B001135</bioguideId>
          <lisID>153</lisID>
        </identifiers>
        <middleName />
        <sponsorshipDate>2014-07-24</sponsorshipDate>
        <firstName>RICHARD</firstName>
      </item>
      <item>
        <sponsorshipWithdrawnDate />
        <bioguideId>B001265</bioguideId>
        <fullName>Sen. Begich, Mark [D-AK]</fullName>
        <lastName>Begich</lastName>
        <isOriginalCosponsor>True</isOriginalCosponsor>
        <identifiers>
          <gpoId>8301</gpoId>
          <lisID>1898</lisID>
          <bioguideId>B001265</bioguideId>
        </identifiers>
        <middleName />
        <sponsorshipDate>2014-07-24</sponsorshipDate>
        <firstName>Mark</firstName>
      </item>
      <item>
        <sponsorshipWithdrawnDate />
        <bioguideId>A000368</bioguideId>
        <fullName>Sen. Ayotte, Kelly [R-NH]</fullName>
        <lastName>Ayotte</lastName>
        <isOriginalCosponsor>True</isOriginalCosponsor>
        <identifiers>
          <lisID>2075</lisID>
          <bioguideId>A000368</bioguideId>
          <gpoId>8315</gpoId>
        </identifiers>
        <middleName />
        <sponsorshipDate>2014-07-24</sponsorshipDate>
        <firstName>Kelly</firstName>
      </item>
      <item>
        <sponsorshipWithdrawnDate />
        <bioguideId>M000934</bioguideId>
        <fullName>Sen. Moran, Jerry [R-KS]</fullName>
        <lastName>MORAN</lastName>
        <isOriginalCosponsor>True</isOriginalCosponsor>
        <identifiers>
          <gpoId>8307</gpoId>
          <lisID>1507</lisID>
          <bioguideId>M000934</bioguideId>
        </identifiers>
        <middleName />
        <sponsorshipDate>2014-07-24</sponsorshipDate>
        <firstName>JERRY</firstName>
      </item>
      <item>
        <sponsorshipWithdrawnDate />
        <bioguideId>C000567</bioguideId>
        <fullName>Sen. Cochran, Thad [R-MS]</fullName>
        <lastName>Cochran</lastName>
        <isOriginalCosponsor>True</isOriginalCosponsor>
        <identifiers>
          <lisID>213</lisID>
          <bioguideId>C000567</bioguideId>
          <gpoId>8292</gpoId>
        </identifiers>
        <middleName />
        <sponsorshipDate>2014-07-24</sponsorshipDate>
        <firstName>Thad</firstName>
      </item>
      <item>
        <sponsorshipWithdrawnDate />
        <bioguideId>T000464</bioguideId>
        <fullName>Sen. Tester, Jon [D-MT]</fullName>
        <lastName>Tester</lastName>
        <isOriginalCosponsor>True</isOriginalCosponsor>
        <identifiers>
          <lisID>1829</lisID>
          <gpoId>8258</gpoId>
          <bioguideId>T000464</bioguideId>
        </identifiers>
        <middleName />
        <sponsorshipDate>2014-07-24</sponsorshipDate>
        <firstName>Jon</firstName>
      </item>
      <item>
        <sponsorshipWithdrawnDate />
        <bioguideId>W000818</bioguideId>
        <fullName>Sen. Walsh, John E. [D-MT]</fullName>
        <lastName>Walsh</lastName>
        <isOriginalCosponsor>True</isOriginalCosponsor>
        <identifiers>
          <gpoId />
          <bioguideId>W000818</bioguideId>
          <lisID>2198</lisID>
        </identifiers>
        <middleName>E.</middleName>
        <sponsorshipDate>2014-07-24</sponsorshipDate>
        <firstName>John</firstName>
      </item>
      <item>
        <sponsorshipWithdrawnDate />
        <bioguideId>C000286</bioguideId>
        <fullName>Sen. Chambliss, Saxby [R-GA]</fullName>
        <lastName>CHAMBLISS</lastName>
        <isOriginalCosponsor>False</isOriginalCosponsor>
        <identifiers>
          <bioguideId>C000286</bioguideId>
          <lisID>188</lisID>
          <gpoId>8284</gpoId>
        </identifiers>
        <middleName />
        <sponsorshipDate>2014-07-30</sponsorshipDate>
        <firstName>SAXBY</firstName>
      </item>
    </cosponsors>
    <billType>SRES</billType>
    <billNumber>519</billNumber>
    <summaries>
      <billSummaries>
        <item>
          <versionCode>00</versionCode>
          <name>Introduced in Senate</name>
          <actionDate>2014-07-24</actionDate>
          <updateDate>2014-07-24T04:00:00Z</updateDate>
          <lastSummaryUpdateDate>2014-08-14T14:55:38Z</lastSummaryUpdateDate>
          <text><![CDATA[<p>Designates August 16, 2014, as National Airborne Day.</p>]]></text>
          <actionDesc>Introduced in Senate</actionDesc>
        </item>
        <item>
          <versionCode>82</versionCode>
          <name>Passed Senate without amendment</name>
          <actionDate>2014-07-24</actionDate>
          <updateDate>2014-07-24T18:18:37Z</updateDate>
          <lastSummaryUpdateDate>2014-08-14T14:55:53Z</lastSummaryUpdateDate>
          <text><![CDATA[<p><b>(This measure has not been amended since it was introduced. The summary of that version is repeated here.)</b></p> <p>Designates August 16, 2014, as National Airborne Day.</p>]]></text>
          <actionDesc>Passed Senate without amendment</actionDesc>
        </item>
      </billSummaries>
    </summaries>
    <actions>
      <actionTypeCounts>
        <introducedInSenate>1</introducedInSenate>
        <passedAgreedToInSenate>1</passedAgreedToInSenate>
        <passedOrAgreedToInSenateDayOf>1</passedOrAgreedToInSenateDayOf>
      </actionTypeCounts>
      <item>
        <actionDate>2014-07-24</actionDate>
        <committee />
        <links>
          <link>
            <url>/congressional-record/2014/senate-section/page/S4908-4909</url>
            <name>S4908-4909</name>
          </link>
          <link>
            <url>/congressional-record/2014/senate-section/page/S4973-4974</url>
            <name>S4973-4974</name>
          </link>
        </links>
        <sourceSystem>
          <name>Senate</name>
          <code>0</code>
        </sourceSystem>
        <text>Submitted in the Senate, considered, and agreed to without amendment and with a preamble by Unanimous Consent. (consideration: CR S4973-4974; text as passed Senate: CR S4908-4909)</text>
        <type>Floor</type>
      </item>
      <item>
        <committee />
        <actionCode>17000</actionCode>
        <type>Floor</type>
        <sourceSystem>
          <name>Library of Congress</name>
          <code>9</code>
        </sourceSystem>
        <links>
          <link>
            <url>/congressional-record/2014/senate-section/page/S4908-4909</url>
            <name>S4908-4909</name>
          </link>
          <link>
            <url>/congressional-record/2014/senate-section/page/S4973-4974</url>
            <name>S4973-4974</name>
          </link>
        </links>
        <text>Passed/agreed to in Senate: Submitted in the Senate, considered, and agreed to without amendment and with a preamble by Unanimous Consent.(consideration: CR S4973-4974; text as passed Senate: CR S4908-4909)</text>
        <actionDate>2014-07-24</actionDate>
      </item>
      <item>
        <committee />
        <actionCode>10000</actionCode>
        <type>IntroReferral</type>
        <sourceSystem>
          <name>Library of Congress</name>
          <code>9</code>
        </sourceSystem>
        <links />
        <text>Introduced in Senate</text>
        <actionDate>2014-07-24</actionDate>
      </item>
      <actionByCounts>
        <senate>3</senate>
      </actionByCounts>
    </actions>
    <relatedBills>
      <item>
        <number>207</number>
        <type>SRES</type>
        <congress>113</congress>
        <relationshipDetails>
          <item>
            <type>Related bill</type>
            <identifiedBy>CRS</identifiedBy>
          </item>
        </relationshipDetails>
        <latestAction>
          <actionDate>2013-07-31</actionDate>
          <text>Submitted in the Senate, considered, and agreed to without amendment and with a preamble by Unanimous Consent. (consideration: CR S6138; text as passed Senate: CR S6131-6132)</text>
        </latestAction>
        <latestTitle>A resolution designating August 16, 2013, as "National Airborne Day".</latestTitle>
      </item>
    </relatedBills>
    <policyArea>
      <name>Armed Forces and National Security</name>
    </policyArea>
    <updateDate>2016-10-25T16:19:21Z</updateDate>
    <recordedVotes />
    <cboCostEstimates />
    <latestAction>
      <text>Submitted in the Senate, considered, and agreed to without amendment and with a preamble by Unanimous Consent. (consideration: CR S4973-4974; text as passed Senate: CR S4908-4909)</text>
      <actionDate>2014-07-24</actionDate>
      <links />
    </latestAction>
    <title>A resolution designating August 16, 2014, as "National Airborne Day".</title>
    <amendments />
    <laws />
    <committeeReports />
  </bill>
  <dublinCore xmlns:dc="http://purl.org/dc/elements/1.1/">
    <dc:format>text/xml</dc:format>
    <dc:language>EN</dc:language>
    <dc:rights>Pursuant to Title 17 Section 105 of the United States Code, this file is not subject to copyright protection and is in the public domain.</dc:rights>
    <dc:contributor>Congressional Research Service, Library of Congress</dc:contributor>
    <dc:description>This file contains bill summaries and statuses for federal legislation. A bill summary describes the most significant provisions of a piece of legislation and details the effects the legislative text may have on current law and federal programs. Bill summaries are authored by the Congressional Research Service (CRS) of the Library of Congress. As stated in Public Law 91-510 (2 USC 166 (d)(6)), one of the duties of CRS is "to prepare summaries and digests of bills and resolutions of a public general nature introduced in the Senate or House of Representatives". For more information, refer to the User Guide that accompanies this file.</dc:description>
  </dublinCore>
</billStatus>

