<?xml version="1.0" encoding="UTF-8"?>
<billStatus>
  <bill>
    <sponsors>
      <item>
        <lastName>NELSON</lastName>
        <fullName>Sen. Nelson, Bill [D-FL]</fullName>
        <middleName>WILLIAM</middleName>
        <firstName>CLARENCE</firstName>
        <identifiers>
          <gpoId>8236</gpoId>
          <lisID>859</lisID>
          <bioguideId>N000032</bioguideId>
        </identifiers>
        <byRequestType />
        <bioguideId>N000032</bioguideId>
      </item>
    </sponsors>
    <latestAction>
      <links />
      <text>Resolution agreed to in Senate with an amendment and an amended preamble by Unanimous Consent. (consideration: CR S1668-1669; text as passed Senate: CR S1668-1669)</text>
      <actionDate>2013-03-11</actionDate>
    </latestAction>
    <laws />
    <createDate>2013-01-25T07:00:57Z</createDate>
    <updateDate>2016-10-25T16:18:07Z</updateDate>
    <committees>
      <billCommittees>
        <item>
          <name>Foreign Relations Committee</name>
          <type>Standing</type>
          <subcommittees />
          <chamber>Senate</chamber>
          <activities>
            <item>
              <name>Reported by</name>
              <date>2013-02-14T19:49:19Z</date>
            </item>
            <item>
              <name>Markup by</name>
              <date>2013-02-13T20:15:00Z</date>
            </item>
            <item>
              <name>Referred to</name>
              <date>2013-01-24T15:49:42Z</date>
            </item>
          </activities>
          <systemCode>ssfr00</systemCode>
        </item>
      </billCommittees>
    </committees>
    <recordedVotes />
    <introducedDate>2013-01-24</introducedDate>
    <relatedBills />
    <billNumber>12</billNumber>
    <amendments />
    <billType>SRES</billType>
    <actions>
      <actionTypeCounts>
        <orderedReported>1</orderedReported>
        <reportedToSenate>2</reportedToSenate>
        <referredToCommittee>1</referredToCommittee>
        <introducedInSenate>1</introducedInSenate>
        <placedOnCalendarGeneralOrders>1</placedOnCalendarGeneralOrders>
        <passedAgreedToInSenate>1</passedAgreedToInSenate>
        <agreedToInSenate>1</agreedToInSenate>
      </actionTypeCounts>
      <item>
        <actionDate>2013-03-11</actionDate>
        <committee />
        <links>
          <link>
            <url>/congressional-record/2013/senate-section/page/S1668-1669</url>
            <name>S1668-1669</name>
          </link>
        </links>
        <sourceSystem>
          <name>Senate</name>
          <code>0</code>
        </sourceSystem>
        <text>Resolution agreed to in Senate with an amendment and an amended preamble by Unanimous Consent. (consideration: CR S1668-1669; text as passed Senate: CR S1668-1669)</text>
        <type>Floor</type>
      </item>
      <item>
        <committee />
        <actionCode>17000</actionCode>
        <type>Floor</type>
        <sourceSystem>
          <name>Library of Congress</name>
          <code>9</code>
        </sourceSystem>
        <links>
          <link>
            <url>/congressional-record/2013/senate-section/page/S1668-1669</url>
            <name>S1668-1669</name>
          </link>
        </links>
        <text>Passed/agreed to in Senate: Resolution agreed to in Senate with an amendment and an amended preamble by Unanimous Consent.(consideration: CR S1668-1669; text as passed Senate: CR S1668-1669)</text>
        <actionDate>2013-03-11</actionDate>
      </item>
      <item>
        <actionDate>2013-02-14</actionDate>
        <committee />
        <links />
        <sourceSystem>
          <name>Senate</name>
          <code>0</code>
        </sourceSystem>
        <text>Placed on Senate Legislative Calendar under General Orders. Calendar No. 15.</text>
        <type>Calendars</type>
      </item>
      <item>
        <actionDate>2013-02-14</actionDate>
        <committee>
          <name>Foreign Relations Committee</name>
          <systemCode>ssfr00</systemCode>
        </committee>
        <links />
        <sourceSystem>
          <name>Senate</name>
          <code>0</code>
        </sourceSystem>
        <text>Committee on Foreign Relations. Reported by Senator Menendez with an amendment and with an amended preamble. Without written report.</text>
        <type>Committee</type>
      </item>
      <item>
        <committee>
          <name>Foreign Relations Committee</name>
          <systemCode>ssfr00</systemCode>
        </committee>
        <actionCode>14000</actionCode>
        <type>Committee</type>
        <sourceSystem>
          <name>Library of Congress</name>
          <code>9</code>
        </sourceSystem>
        <links />
        <text>Committee on Foreign Relations. Reported by Senator Menendez with an amendment and with an amended preamble. Without written report.</text>
        <actionDate>2013-02-14</actionDate>
      </item>
      <item>
        <actionDate>2013-02-13</actionDate>
        <committee>
          <name>Foreign Relations Committee</name>
          <systemCode>ssfr00</systemCode>
        </committee>
        <links />
        <sourceSystem>
          <name>Senate</name>
          <code>0</code>
        </sourceSystem>
        <text>Committee on Foreign Relations. Ordered to be reported with an amendment favorably.</text>
        <type>Committee</type>
      </item>
      <item>
        <actionDate>2013-01-24</actionDate>
        <committee>
          <name>Foreign Relations Committee</name>
          <systemCode>ssfr00</systemCode>
        </committee>
        <links>
          <link>
            <url>/congressional-record/2013/senate-section/page/S291-292</url>
            <name>S291-292</name>
          </link>
        </links>
        <sourceSystem>
          <name>Senate</name>
          <code>0</code>
        </sourceSystem>
        <text>Referred to the Committee on Foreign Relations. (text of measure as introduced: CR S291-292)</text>
        <type>IntroReferral</type>
      </item>
      <item>
        <committee />
        <actionCode>10000</actionCode>
        <type>IntroReferral</type>
        <sourceSystem>
          <name>Library of Congress</name>
          <code>9</code>
        </sourceSystem>
        <links />
        <text>Introduced in Senate</text>
        <actionDate>2013-01-24</actionDate>
      </item>
      <actionByCounts>
        <senate>8</senate>
      </actionByCounts>
    </actions>
    <policyArea>
      <name>International Affairs</name>
    </policyArea>
    <cosponsors>
      <item>
        <bioguideId>G000555</bioguideId>
        <fullName>Sen. Gillibrand, Kirsten E. [D-NY]</fullName>
        <lastName>Gillibrand</lastName>
        <firstName>Kirsten</firstName>
        <sponsorshipWithdrawnDate />
        <sponsorshipDate>2013-01-24</sponsorshipDate>
        <middleName>E.</middleName>
        <isOriginalCosponsor>True</isOriginalCosponsor>
        <identifiers>
          <bioguideId>G000555</bioguideId>
          <lisID>1866</lisID>
          <gpoId>8336</gpoId>
        </identifiers>
      </item>
      <item>
        <bioguideId>L000123</bioguideId>
        <fullName>Sen. Lautenberg, Frank R. [D-NJ]</fullName>
        <lastName>LAUTENBERG</lastName>
        <firstName>FRANK</firstName>
        <sponsorshipWithdrawnDate />
        <sponsorshipDate>2013-01-24</sponsorshipDate>
        <middleName>R.</middleName>
        <isOriginalCosponsor>True</isOriginalCosponsor>
        <identifiers>
          <lisID>1381</lisID>
          <gpoId>8245</gpoId>
          <bioguideId>L000123</bioguideId>
        </identifiers>
      </item>
      <item>
        <bioguideId>C000141</bioguideId>
        <fullName>Sen. Cardin, Benjamin L. [D-MD]</fullName>
        <lastName>CARDIN</lastName>
        <firstName>BENJAMIN</firstName>
        <sponsorshipWithdrawnDate />
        <sponsorshipDate>2013-01-24</sponsorshipDate>
        <middleName>L.</middleName>
        <isOriginalCosponsor>True</isOriginalCosponsor>
        <identifiers>
          <gpoId>8287</gpoId>
          <bioguideId>C000141</bioguideId>
          <lisID>174</lisID>
        </identifiers>
      </item>
      <item>
        <bioguideId>D000563</bioguideId>
        <fullName>Sen. Durbin, Richard [D-IL]</fullName>
        <lastName>DURBIN</lastName>
        <firstName>RICHARD</firstName>
        <sponsorshipWithdrawnDate />
        <sponsorshipDate>2013-01-24</sponsorshipDate>
        <middleName>J.</middleName>
        <isOriginalCosponsor>True</isOriginalCosponsor>
        <identifiers>
          <lisID>326</lisID>
          <bioguideId>D000563</bioguideId>
          <gpoId>8326</gpoId>
        </identifiers>
      </item>
      <item>
        <bioguideId>W000817</bioguideId>
        <fullName>Sen. Warren, Elizabeth [D-MA]</fullName>
        <lastName>Warren</lastName>
        <firstName>Elizabeth</firstName>
        <sponsorshipWithdrawnDate />
        <sponsorshipDate>2013-01-24</sponsorshipDate>
        <middleName>A.</middleName>
        <isOriginalCosponsor>True</isOriginalCosponsor>
        <identifiers>
          <gpoId />
          <lisID>2182</lisID>
          <bioguideId>W000817</bioguideId>
        </identifiers>
      </item>
      <item>
        <bioguideId>L000550</bioguideId>
        <fullName>Sen. Landrieu, Mary L. [D-LA]</fullName>
        <lastName>LANDRIEU</lastName>
        <firstName>MARY</firstName>
        <sponsorshipWithdrawnDate />
        <sponsorshipDate>2013-01-24</sponsorshipDate>
        <middleName />
        <isOriginalCosponsor>True</isOriginalCosponsor>
        <identifiers>
          <bioguideId>L000550</bioguideId>
          <lisID>1546</lisID>
          <gpoId>8251</gpoId>
        </identifiers>
      </item>
      <item>
        <bioguideId>H000206</bioguideId>
        <fullName>Sen. Harkin, Tom [D-IA]</fullName>
        <lastName>HARKIN</lastName>
        <firstName>THOMAS</firstName>
        <sponsorshipWithdrawnDate />
        <sponsorshipDate>2013-01-24</sponsorshipDate>
        <middleName>RICHARD</middleName>
        <isOriginalCosponsor>True</isOriginalCosponsor>
        <identifiers>
          <lisID>501</lisID>
          <gpoId>8317</gpoId>
          <bioguideId>H000206</bioguideId>
        </identifiers>
      </item>
      <item>
        <bioguideId>M000702</bioguideId>
        <fullName>Sen. Mikulski, Barbara A. [D-MD]</fullName>
        <lastName>MIKULSKI</lastName>
        <firstName>BARBARA</firstName>
        <sponsorshipWithdrawnDate />
        <sponsorshipDate>2013-01-28</sponsorshipDate>
        <middleName>ANN</middleName>
        <isOriginalCosponsor>False</isOriginalCosponsor>
        <identifiers>
          <gpoId>8240</gpoId>
          <bioguideId>M000702</bioguideId>
          <lisID>802</lisID>
        </identifiers>
      </item>
      <item>
        <bioguideId>L000174</bioguideId>
        <fullName>Sen. Leahy, Patrick J. [D-VT]</fullName>
        <lastName>LEAHY</lastName>
        <firstName>PATRICK</firstName>
        <sponsorshipWithdrawnDate />
        <sponsorshipDate>2013-01-28</sponsorshipDate>
        <middleName>JOSEPH</middleName>
        <isOriginalCosponsor>False</isOriginalCosponsor>
        <identifiers>
          <gpoId>8244</gpoId>
          <lisID>1383</lisID>
          <bioguideId>L000174</bioguideId>
        </identifiers>
      </item>
      <item>
        <bioguideId>H001042</bioguideId>
        <fullName>Sen. Hirono, Mazie K. [D-HI]</fullName>
        <lastName>Hirono</lastName>
        <firstName>Mazie</firstName>
        <sponsorshipWithdrawnDate />
        <sponsorshipDate>2013-01-29</sponsorshipDate>
        <middleName>K.</middleName>
        <isOriginalCosponsor>False</isOriginalCosponsor>
        <identifiers>
          <gpoId>7913</gpoId>
          <lisID>1844</lisID>
          <bioguideId>H001042</bioguideId>
        </identifiers>
      </item>
      <item>
        <bioguideId>B000711</bioguideId>
        <fullName>Sen. Boxer, Barbara [D-CA]</fullName>
        <lastName>BOXER</lastName>
        <firstName>BARBARA</firstName>
        <sponsorshipWithdrawnDate />
        <sponsorshipDate>2013-01-31</sponsorshipDate>
        <middleName />
        <isOriginalCosponsor>False</isOriginalCosponsor>
        <identifiers>
          <lisID>116</lisID>
          <bioguideId>B000711</bioguideId>
          <gpoId>8306</gpoId>
        </identifiers>
      </item>
      <item>
        <bioguideId>U000039</bioguideId>
        <fullName>Sen. Udall, Tom [D-NM]</fullName>
        <lastName>UDALL</lastName>
        <firstName>TOM</firstName>
        <sponsorshipWithdrawnDate />
        <sponsorshipDate>2013-02-14</sponsorshipDate>
        <middleName />
        <isOriginalCosponsor>False</isOriginalCosponsor>
        <identifiers>
          <gpoId>8260</gpoId>
          <bioguideId>U000039</bioguideId>
          <lisID>1567</lisID>
        </identifiers>
      </item>
    </cosponsors>
    <cboCostEstimates />
    <summaries>
      <billSummaries>
        <item>
          <lastSummaryUpdateDate>2013-01-30T17:42:18Z</lastSummaryUpdateDate>
          <text><![CDATA[<p>Mourns the loss of lives as a result of the earthquake in Haiti on January 12, 2010, and the subsequent cholera epidemic.</p> <p> Honors the sacrifice made by the government and civil society of Haiti, the U.S. government, the United Nations (U.N.), and the international community in their response to those affected by the calamity.</p> <p> Reaffirms the Senate's solidarity with the government and people of Haiti. </p> <p> Supports the long-term reconstruction efforts of the United States in full cooperation with the government of Haiti and Hatian civil society, and with private sector support.</p> <p> Urges the President and the international community to: (1) focus assistance on increasing the Haitian public sector's capacity to provide services; (2) involve civil society in Haiti and the Haitian diaspora at all stages of the post-earthquake response; (3) provide programs that protect and involve vulnerable populations; and (4) enhance the government of Haiti's ability to improve economic development, attract investment, pursue judicial reform, enhance the rule of law, reduce gender-based violence, improve water and sanitation systems, and reform land tenure policies.</p> <p> Welcomes evidence of progress in building a better future for Haiti, including: (1) agricultural yields improvements via the Feed the Future initiative, (2) opening the Caracol Industrial Park in northern Haiti, (3) economic opportunity programs for women and survivors of sexual violence and reintegration assistance programs for Haitian migrants, (4) reduction of the cholera mortality rate and provision of HIV and AIDS services, and (5) recruitment and provisioning of new Haitian National Police officers.</p> <p> Urges the President to: (1) continue reconstruction and development efforts coordinated with the government of Haiti, the Haitian diaspora, and appropriate international actors; (2) ensure close monitoring of U.S. aid programs; and (3) work with the Government of Haiti and private landowners to prevent the forced eviction of internally displaced people and communities and to provide sustainable housing solutions for the most vulnerable people in Haiti.</p>]]></text>
          <updateDate>2013-01-24T05:00:00Z</updateDate>
          <actionDesc>Introduced in Senate</actionDesc>
          <name>Introduced in Senate</name>
          <versionCode>00</versionCode>
          <actionDate>2013-01-24</actionDate>
        </item>
        <item>
          <lastSummaryUpdateDate>2013-02-21T21:01:12Z</lastSummaryUpdateDate>
          <text><![CDATA[<p>Mourns the loss of lives as a result of the earthquake in Haiti on January 12, 2010, and the subsequent cholera epidemic.</p> <p> Honors the sacrifice made by the government and civil society of Haiti, the U.S. government, the United Nations (U.N.), and the international community in their response to those affected by the calamity.</p> <p> Reaffirms the Senate's solidarity with the government and people of Haiti. </p> <p> Supports the long-term reconstruction efforts of the United States in full cooperation with the government of Haiti, its Office of the Secretary of State for the Integration of Persons with Disabilities, and Hatian civil society, and with private sector support.</p> <p> Urges the President and the international community to: (1) focus assistance on increasing the Haitian public sector's capacity to provide services; (2) involve civil society in Haiti and the Haitian diaspora at all stages of the post-earthquake response; (3) provide programs that protect and involve vulnerable populations; and (4) enhance the government of Haiti's ability to improve economic development, attract investment, pursue judicial reform, enhance the rule of law, reduce gender-based violence, improve water and sanitation systems, and reform land tenure policies.</p> <p> Welcomes evidence of progress in building a better future for Haiti, including: (1) agricultural yields improvements via the Feed the Future initiative, (2) opening the Caracol Industrial Park in northern Haiti, (3) economic opportunity programs for women and survivors of sexual violence and reintegration assistance programs for Haitian migrants, (4) reduction of the cholera mortality rate and provision of HIV and AIDS services, and (5) recruitment and provisioning of new Haitian National Police officers.</p> <p> Urges the President to: (1) continue reconstruction and development efforts coordinated with the government of Haiti, the Haitian diaspora, and appropriate international actors; (2) ensure close monitoring of U.S. aid programs; and (3) work with the Government of Haiti and private landowners to prevent the forced eviction of internally displaced people and communities and to provide sustainable housing solutions for the most vulnerable people in Haiti.</p>]]></text>
          <updateDate>2013-02-14T12:45:45Z</updateDate>
          <actionDesc>Reported to Senate amended</actionDesc>
          <name>Reported to Senate amended</name>
          <versionCode>01</versionCode>
          <actionDate>2013-02-14</actionDate>
        </item>
        <item>
          <lastSummaryUpdateDate>2013-03-18T15:42:14Z</lastSummaryUpdateDate>
          <text><![CDATA[<p><b>(This measure has not been amended since it was reported to Senate on February 14, 2013. The summary of that version is repeated here.)</b></p> <p>Mourns the loss of lives as a result of the earthquake in Haiti on January 12, 2010, and the subsequent cholera epidemic.</p> <p> Honors the sacrifice made by the government and civil society of Haiti, the U.S. government, the United Nations (U.N.), and the international community in their response to those affected by the calamity.</p> <p> Reaffirms the Senate's solidarity with the government and people of Haiti. </p> <p> Supports the long-term reconstruction efforts of the United States in full cooperation with the government of Haiti, its Office of the Secretary of State for the Integration of Persons with Disabilities, and Haitian civil society, and with private sector support.</p> <p> Urges the President and the international community to: (1) focus assistance on increasing the Haitian public sector's capacity to provide services; (2) involve civil society in Haiti and the Haitian diaspora at all stages of the post-earthquake response; (3) provide programs that protect and involve vulnerable populations; and (4) enhance the government of Haiti's ability to improve economic development, attract investment, pursue judicial reform, enhance the rule of law, reduce gender-based violence, improve water and sanitation systems, and reform land tenure policies.</p> <p> Welcomes evidence of progress in building a better future for Haiti, including: (1) agricultural yields improvements via the Feed the Future initiative, (2) opening the Caracol Industrial Park in northern Haiti, (3) economic opportunity programs for women and survivors of sexual violence and reintegration assistance programs for Haitian migrants, (4) reduction of the cholera mortality rate and provision of HIV and AIDS services, and (5) recruitment and provisioning of new Haitian National Police officers.</p> <p> Urges the President to: (1) continue reconstruction and development efforts coordinated with the government of Haiti, the Haitian diaspora, and appropriate international actors; (2) ensure close monitoring of U.S. aid programs; and (3) work with the Government of Haiti and private landowners to prevent the forced eviction of internally displaced people and communities and to provide sustainable housing solutions for the most vulnerable people in Haiti.</p>]]></text>
          <updateDate>2013-03-11T18:10:44Z</updateDate>
          <actionDesc>Passed Senate amended</actionDesc>
          <name>Passed Senate amended</name>
          <versionCode>35</versionCode>
          <actionDate>2013-03-11</actionDate>
        </item>
      </billSummaries>
    </summaries>
    <committeeReports />
    <title>A resolution recognizing the third anniversary of the tragic earthquake in Haiti on January 12, 2010, honoring those who lost their lives in that earthquake, and expressing continued solidarity with the people of Haiti.</title>
    <calendarNumbers>
      <item>
        <calendar>Senate Calendar of Business</calendar>
        <number>0015</number>
      </item>
    </calendarNumbers>
    <notes />
    <subjects>
      <billSubjects>
        <policyArea>
          <name>International Affairs</name>
        </policyArea>
        <legislativeSubjects>
          <item>
            <name>Caribbean area</name>
          </item>
          <item>
            <name>Congressional tributes</name>
          </item>
          <item>
            <name>Crime victims</name>
          </item>
          <item>
            <name>Crimes against women</name>
          </item>
          <item>
            <name>Foreign aid and international relief</name>
          </item>
          <item>
            <name>HIV/AIDS</name>
          </item>
          <item>
            <name>Haiti</name>
          </item>
          <item>
            <name>Health promotion and preventive care</name>
          </item>
          <item>
            <name>Housing supply and affordability</name>
          </item>
          <item>
            <name>Infectious and parasitic diseases</name>
          </item>
          <item>
            <name>International organizations and cooperation</name>
          </item>
          <item>
            <name>Judicial procedure and administration</name>
          </item>
          <item>
            <name>Latin America</name>
          </item>
          <item>
            <name>Law enforcement officers</name>
          </item>
          <item>
            <name>Natural disasters</name>
          </item>
          <item>
            <name>Public-private cooperation</name>
          </item>
          <item>
            <name>Refugees, asylum, displaced persons</name>
          </item>
          <item>
            <name>Rule of law and government transparency</name>
          </item>
          <item>
            <name>Sex, gender, sexual orientation discrimination</name>
          </item>
          <item>
            <name>Solid waste and recycling</name>
          </item>
          <item>
            <name>Sovereignty, recognition, national governance and status</name>
          </item>
          <item>
            <name>United Nations</name>
          </item>
          <item>
            <name>Violent crime</name>
          </item>
          <item>
            <name>Water use and supply</name>
          </item>
        </legislativeSubjects>
      </billSubjects>
    </subjects>
    <congress>113</congress>
    <originChamber>Senate</originChamber>
    <titles>
      <item>
        <chamberCode />
        <parentTitleType />
        <titleType>Official Title as Introduced</titleType>
        <title>A resolution recognizing the third anniversary of the tragic earthquake in Haiti on January 12, 2010, honoring those who lost their lives in that earthquake, and expressing continued solidarity with the people of Haiti.</title>
        <chamberName />
      </item>
      <item>
        <chamberCode />
        <parentTitleType />
        <titleType>Display Title</titleType>
        <title>A resolution recognizing the third anniversary of the tragic earthquake in Haiti on January 12, 2010, honoring those who lost their lives in that earthquake, and expressing continued solidarity with the people of Haiti.</title>
        <chamberName />
      </item>
    </titles>
  </bill>
  <dublinCore xmlns:dc="http://purl.org/dc/elements/1.1/">
    <dc:format>text/xml</dc:format>
    <dc:language>EN</dc:language>
    <dc:rights>Pursuant to Title 17 Section 105 of the United States Code, this file is not subject to copyright protection and is in the public domain.</dc:rights>
    <dc:contributor>Congressional Research Service, Library of Congress</dc:contributor>
    <dc:description>This file contains bill summaries and statuses for federal legislation. A bill summary describes the most significant provisions of a piece of legislation and details the effects the legislative text may have on current law and federal programs. Bill summaries are authored by the Congressional Research Service (CRS) of the Library of Congress. As stated in Public Law 91-510 (2 USC 166 (d)(6)), one of the duties of CRS is "to prepare summaries and digests of bills and resolutions of a public general nature introduced in the Senate or House of Representatives". For more information, refer to the User Guide that accompanies this file.</dc:description>
  </dublinCore>
</billStatus>

