<?xml version="1.0" encoding="UTF-8"?>
<billStatus>
  <bill>
    <relatedBills>
      <item>
        <latestAction>
          <text>Referred to the House Committee on Small Business.</text>
          <actionDate>2013-06-17</actionDate>
        </latestAction>
        <congress>113</congress>
        <latestTitle>Honoring the entrepreneurial spirit of small business concerns in the United States during National Small Business Week, which begins on June 17, 2013.</latestTitle>
        <relationshipDetails>
          <item>
            <identifiedBy>CRS</identifiedBy>
            <type>Related bill</type>
          </item>
        </relationshipDetails>
        <number>265</number>
        <type>HRES</type>
      </item>
      <item>
        <latestAction>
          <text>Referred to the House Committee on Small Business.</text>
          <actionDate>2014-05-13</actionDate>
        </latestAction>
        <congress>113</congress>
        <latestTitle>Honoring the vital role of small business and the passion of entrepreneurs in the United States during "National Small Business Week", beginning on May 12, through May 16, 2014.</latestTitle>
        <relationshipDetails>
          <item>
            <identifiedBy>CRS</identifiedBy>
            <type>Related bill</type>
          </item>
        </relationshipDetails>
        <number>583</number>
        <type>HRES</type>
      </item>
    </relatedBills>
    <policyArea>
      <name>Commerce</name>
    </policyArea>
    <congress>113</congress>
    <cboCostEstimates />
    <laws />
    <billNumber>177</billNumber>
    <notes />
    <originChamber>Senate</originChamber>
    <latestAction>
      <actionDate>2013-06-19</actionDate>
      <text>Submitted in the Senate, considered, and agreed to without amendment and with a preamble by Unanimous Consent. (consideration: CR S4725; text as passed Senate: CR S4676-4677)</text>
      <links />
    </latestAction>
    <updateDate>2016-10-25T16:18:30Z</updateDate>
    <calendarNumbers />
    <titles>
      <item>
        <title>A resolution honoring the entrepreneurial spirit of small business concerns in the United States during National Small Business Week, which begins on June 17, 2013.</title>
        <parentTitleType />
        <chamberName />
        <chamberCode />
        <titleType>Official Title as Introduced</titleType>
      </item>
      <item>
        <title>A resolution honoring the entrepreneurial spirit of small business concerns in the United States during National Small Business Week, which begins on June 17, 2013.</title>
        <parentTitleType />
        <chamberName />
        <chamberCode />
        <titleType>Display Title</titleType>
      </item>
    </titles>
    <title>A resolution honoring the entrepreneurial spirit of small business concerns in the United States during National Small Business Week, which begins on June 17, 2013.</title>
    <committeeReports />
    <sponsors>
      <item>
        <bioguideId>L000550</bioguideId>
        <fullName>Sen. Landrieu, Mary L. [D-LA]</fullName>
        <identifiers>
          <lisID>1546</lisID>
          <bioguideId>L000550</bioguideId>
          <gpoId>8251</gpoId>
        </identifiers>
        <byRequestType />
        <middleName />
        <firstName>MARY</firstName>
        <lastName>LANDRIEU</lastName>
      </item>
    </sponsors>
    <introducedDate>2013-06-19</introducedDate>
    <createDate>2013-06-20T07:01:13Z</createDate>
    <committees>
      <billCommittees />
    </committees>
    <cosponsors>
      <item>
        <sponsorshipWithdrawnDate />
        <bioguideId>R000584</bioguideId>
        <fullName>Sen. Risch, James E. [R-ID]</fullName>
        <lastName>Risch</lastName>
        <isOriginalCosponsor>True</isOriginalCosponsor>
        <identifiers>
          <bioguideId>R000584</bioguideId>
          <lisID>1896</lisID>
          <gpoId>8274</gpoId>
        </identifiers>
        <middleName>E.</middleName>
        <sponsorshipDate>2013-06-19</sponsorshipDate>
        <firstName>James</firstName>
      </item>
      <item>
        <sponsorshipWithdrawnDate />
        <bioguideId>L000261</bioguideId>
        <fullName>Sen. Levin, Carl [D-MI]</fullName>
        <lastName>LEVIN</lastName>
        <isOriginalCosponsor>True</isOriginalCosponsor>
        <identifiers>
          <gpoId>8243</gpoId>
          <lisID>1384</lisID>
          <bioguideId>L000261</bioguideId>
        </identifiers>
        <middleName>MILTON</middleName>
        <sponsorshipDate>2013-06-19</sponsorshipDate>
        <firstName>CARL</firstName>
      </item>
      <item>
        <sponsorshipWithdrawnDate />
        <bioguideId>J000293</bioguideId>
        <fullName>Sen. Johnson, Ron [R-WI]</fullName>
        <lastName>Johnson</lastName>
        <isOriginalCosponsor>True</isOriginalCosponsor>
        <identifiers>
          <gpoId>8355</gpoId>
          <bioguideId>J000293</bioguideId>
          <lisID>2086</lisID>
        </identifiers>
        <middleName />
        <sponsorshipDate>2013-06-19</sponsorshipDate>
        <firstName>Ron</firstName>
      </item>
      <item>
        <sponsorshipWithdrawnDate />
        <bioguideId>C000141</bioguideId>
        <fullName>Sen. Cardin, Benjamin L. [D-MD]</fullName>
        <lastName>CARDIN</lastName>
        <isOriginalCosponsor>True</isOriginalCosponsor>
        <identifiers>
          <gpoId>8287</gpoId>
          <bioguideId>C000141</bioguideId>
          <lisID>174</lisID>
        </identifiers>
        <middleName>L.</middleName>
        <sponsorshipDate>2013-06-19</sponsorshipDate>
        <firstName>BENJAMIN</firstName>
      </item>
      <item>
        <sponsorshipWithdrawnDate />
        <bioguideId>R000595</bioguideId>
        <fullName>Sen. Rubio, Marco [R-FL]</fullName>
        <lastName>Rubio</lastName>
        <isOriginalCosponsor>True</isOriginalCosponsor>
        <identifiers>
          <bioguideId>R000595</bioguideId>
          <lisID>2084</lisID>
          <gpoId>8242</gpoId>
        </identifiers>
        <middleName />
        <sponsorshipDate>2013-06-19</sponsorshipDate>
        <firstName>Marco</firstName>
      </item>
      <item>
        <sponsorshipWithdrawnDate />
        <bioguideId>S001181</bioguideId>
        <fullName>Sen. Shaheen, Jeanne [D-NH]</fullName>
        <lastName>Shaheen</lastName>
        <isOriginalCosponsor>True</isOriginalCosponsor>
        <identifiers>
          <lisID>1901</lisID>
          <bioguideId>S001181</bioguideId>
          <gpoId>8276</gpoId>
        </identifiers>
        <middleName />
        <sponsorshipDate>2013-06-19</sponsorshipDate>
        <firstName>Jeanne</firstName>
      </item>
      <item>
        <sponsorshipWithdrawnDate />
        <bioguideId>C000880</bioguideId>
        <fullName>Sen. Crapo, Mike [R-ID]</fullName>
        <lastName>CRAPO</lastName>
        <isOriginalCosponsor>True</isOriginalCosponsor>
        <identifiers>
          <bioguideId>C000880</bioguideId>
          <lisID>250</lisID>
          <gpoId>8289</gpoId>
        </identifiers>
        <middleName>D.</middleName>
        <sponsorshipDate>2013-06-19</sponsorshipDate>
        <firstName>MICHAEL</firstName>
      </item>
      <item>
        <sponsorshipWithdrawnDate />
        <bioguideId>C000127</bioguideId>
        <fullName>Sen. Cantwell, Maria [D-WA]</fullName>
        <lastName>CANTWELL</lastName>
        <isOriginalCosponsor>True</isOriginalCosponsor>
        <identifiers>
          <lisID>172</lisID>
          <bioguideId>C000127</bioguideId>
          <gpoId>8288</gpoId>
        </identifiers>
        <middleName />
        <sponsorshipDate>2013-06-19</sponsorshipDate>
        <firstName>MARIA</firstName>
      </item>
      <item>
        <sponsorshipWithdrawnDate />
        <bioguideId>V000127</bioguideId>
        <fullName>Sen. Vitter, David [R-LA]</fullName>
        <lastName>Vitter</lastName>
        <isOriginalCosponsor>True</isOriginalCosponsor>
        <identifiers>
          <lisID>1609</lisID>
          <bioguideId>V000127</bioguideId>
          <gpoId>8267</gpoId>
        </identifiers>
        <middleName />
        <sponsorshipDate>2013-06-19</sponsorshipDate>
        <firstName>David</firstName>
      </item>
      <item>
        <sponsorshipWithdrawnDate />
        <bioguideId>H001069</bioguideId>
        <fullName>Sen. Heitkamp, Heidi [D-ND]</fullName>
        <lastName>Heitkamp</lastName>
        <isOriginalCosponsor>True</isOriginalCosponsor>
        <identifiers>
          <gpoId />
          <bioguideId>H001069</bioguideId>
          <lisID>2174</lisID>
        </identifiers>
        <middleName />
        <sponsorshipDate>2013-06-19</sponsorshipDate>
        <firstName>Heidi</firstName>
      </item>
      <item>
        <sponsorshipWithdrawnDate />
        <bioguideId>F000463</bioguideId>
        <fullName>Sen. Fischer, Deb [R-NE]</fullName>
        <lastName>Fischer</lastName>
        <isOriginalCosponsor>True</isOriginalCosponsor>
        <identifiers>
          <gpoId />
          <lisID>2179</lisID>
          <bioguideId>F000463</bioguideId>
        </identifiers>
        <middleName />
        <sponsorshipDate>2013-06-19</sponsorshipDate>
        <firstName>Deb</firstName>
      </item>
      <item>
        <sponsorshipWithdrawnDate />
        <bioguideId>P000590</bioguideId>
        <fullName>Sen. Pryor, Mark L. [D-AR]</fullName>
        <lastName>Pryor</lastName>
        <isOriginalCosponsor>True</isOriginalCosponsor>
        <identifiers>
          <bioguideId>P000590</bioguideId>
          <lisID>1701</lisID>
          <gpoId>8241</gpoId>
        </identifiers>
        <middleName>Lunsford</middleName>
        <sponsorshipDate>2013-06-19</sponsorshipDate>
        <firstName>Mark</firstName>
      </item>
      <item>
        <sponsorshipWithdrawnDate />
        <bioguideId>E000285</bioguideId>
        <fullName>Sen. Enzi, Michael B. [R-WY]</fullName>
        <lastName>ENZI</lastName>
        <isOriginalCosponsor>True</isOriginalCosponsor>
        <identifiers>
          <lisID>1542</lisID>
          <bioguideId>E000285</bioguideId>
          <gpoId>8328</gpoId>
        </identifiers>
        <middleName>B.</middleName>
        <sponsorshipDate>2013-06-19</sponsorshipDate>
        <firstName>MICHAEL</firstName>
      </item>
      <item>
        <sponsorshipWithdrawnDate />
        <bioguideId>U000039</bioguideId>
        <fullName>Sen. Udall, Tom [D-NM]</fullName>
        <lastName>UDALL</lastName>
        <isOriginalCosponsor>True</isOriginalCosponsor>
        <identifiers>
          <bioguideId>U000039</bioguideId>
          <lisID>1567</lisID>
          <gpoId>8260</gpoId>
        </identifiers>
        <middleName />
        <sponsorshipDate>2013-06-19</sponsorshipDate>
        <firstName>TOM</firstName>
      </item>
      <item>
        <sponsorshipWithdrawnDate />
        <bioguideId>H001061</bioguideId>
        <fullName>Sen. Hoeven, John [R-ND]</fullName>
        <lastName>Hoeven</lastName>
        <isOriginalCosponsor>True</isOriginalCosponsor>
        <identifiers>
          <bioguideId>H001061</bioguideId>
          <lisID>2079</lisID>
          <gpoId>8331</gpoId>
        </identifiers>
        <middleName />
        <sponsorshipDate>2013-06-19</sponsorshipDate>
        <firstName>John</firstName>
      </item>
      <item>
        <sponsorshipWithdrawnDate />
        <bioguideId>H001049</bioguideId>
        <fullName>Sen. Hagan, Kay [D-NC]</fullName>
        <lastName>Hagan</lastName>
        <isOriginalCosponsor>True</isOriginalCosponsor>
        <identifiers>
          <lisID>1902</lisID>
          <bioguideId>H001049</bioguideId>
          <gpoId>8318</gpoId>
        </identifiers>
        <middleName>R.</middleName>
        <sponsorshipDate>2013-06-19</sponsorshipDate>
        <firstName>Kay</firstName>
      </item>
      <item>
        <sponsorshipWithdrawnDate />
        <bioguideId>B001261</bioguideId>
        <fullName>Sen. Barrasso, John [R-WY]</fullName>
        <lastName>Barrasso</lastName>
        <isOriginalCosponsor>True</isOriginalCosponsor>
        <identifiers>
          <lisID>1881</lisID>
          <bioguideId>B001261</bioguideId>
          <gpoId>8300</gpoId>
        </identifiers>
        <middleName />
        <sponsorshipDate>2013-06-19</sponsorshipDate>
        <firstName>John</firstName>
      </item>
      <item>
        <sponsorshipWithdrawnDate />
        <bioguideId>B001265</bioguideId>
        <fullName>Sen. Begich, Mark [D-AK]</fullName>
        <lastName>Begich</lastName>
        <isOriginalCosponsor>True</isOriginalCosponsor>
        <identifiers>
          <gpoId>8301</gpoId>
          <lisID>1898</lisID>
          <bioguideId>B001265</bioguideId>
        </identifiers>
        <middleName />
        <sponsorshipDate>2013-06-19</sponsorshipDate>
        <firstName>Mark</firstName>
      </item>
      <item>
        <sponsorshipWithdrawnDate />
        <bioguideId>P000449</bioguideId>
        <fullName>Sen. Portman, Rob [R-OH]</fullName>
        <lastName>PORTMAN</lastName>
        <isOriginalCosponsor>True</isOriginalCosponsor>
        <identifiers>
          <bioguideId>P000449</bioguideId>
          <lisID>924</lisID>
          <gpoId>8266</gpoId>
        </identifiers>
        <middleName />
        <sponsorshipDate>2013-06-19</sponsorshipDate>
        <firstName>ROB</firstName>
      </item>
      <item>
        <sponsorshipWithdrawnDate />
        <bioguideId>C001070</bioguideId>
        <fullName>Sen. Casey, Robert P., Jr. [D-PA]</fullName>
        <lastName>Casey</lastName>
        <isOriginalCosponsor>True</isOriginalCosponsor>
        <identifiers>
          <bioguideId>C001070</bioguideId>
          <lisID>1828</lisID>
          <gpoId>8282</gpoId>
        </identifiers>
        <middleName />
        <sponsorshipDate>2013-06-19</sponsorshipDate>
        <firstName>Bob</firstName>
      </item>
      <item>
        <sponsorshipWithdrawnDate />
        <bioguideId>B001236</bioguideId>
        <fullName>Sen. Boozman, John [R-AR]</fullName>
        <lastName>Boozman</lastName>
        <isOriginalCosponsor>True</isOriginalCosponsor>
        <identifiers>
          <gpoId>8247</gpoId>
          <bioguideId>B001236</bioguideId>
          <lisID>1687</lisID>
        </identifiers>
        <middleName />
        <sponsorshipDate>2013-06-19</sponsorshipDate>
        <firstName>John</firstName>
      </item>
      <item>
        <sponsorshipWithdrawnDate />
        <bioguideId>C001099</bioguideId>
        <fullName>Sen. Cowan, William M. [D-MA]</fullName>
        <lastName>Cowan</lastName>
        <isOriginalCosponsor>True</isOriginalCosponsor>
        <identifiers>
          <lisID>2189</lisID>
          <bioguideId>C001099</bioguideId>
          <gpoId />
        </identifiers>
        <middleName />
        <sponsorshipDate>2013-06-19</sponsorshipDate>
        <firstName>William "Mo"</firstName>
      </item>
      <item>
        <sponsorshipWithdrawnDate />
        <bioguideId>C000567</bioguideId>
        <fullName>Sen. Cochran, Thad [R-MS]</fullName>
        <lastName>Cochran</lastName>
        <isOriginalCosponsor>True</isOriginalCosponsor>
        <identifiers>
          <bioguideId>C000567</bioguideId>
          <lisID>213</lisID>
          <gpoId>8292</gpoId>
        </identifiers>
        <middleName />
        <sponsorshipDate>2013-06-19</sponsorshipDate>
        <firstName>Thad</firstName>
      </item>
      <item>
        <sponsorshipWithdrawnDate />
        <bioguideId>M001111</bioguideId>
        <fullName>Sen. Murray, Patty [D-WA]</fullName>
        <lastName>MURRAY</lastName>
        <isOriginalCosponsor>True</isOriginalCosponsor>
        <identifiers>
          <gpoId>8237</gpoId>
          <bioguideId>M001111</bioguideId>
          <lisID>1409</lisID>
        </identifiers>
        <middleName />
        <sponsorshipDate>2013-06-19</sponsorshipDate>
        <firstName>PATTY</firstName>
      </item>
      <item>
        <sponsorshipWithdrawnDate />
        <bioguideId>A000368</bioguideId>
        <fullName>Sen. Ayotte, Kelly [R-NH]</fullName>
        <lastName>Ayotte</lastName>
        <isOriginalCosponsor>True</isOriginalCosponsor>
        <identifiers>
          <lisID>2075</lisID>
          <bioguideId>A000368</bioguideId>
          <gpoId>8315</gpoId>
        </identifiers>
        <middleName />
        <sponsorshipDate>2013-06-19</sponsorshipDate>
        <firstName>Kelly</firstName>
      </item>
      <item>
        <sponsorshipWithdrawnDate />
        <bioguideId>H001042</bioguideId>
        <fullName>Sen. Hirono, Mazie K. [D-HI]</fullName>
        <lastName>Hirono</lastName>
        <isOriginalCosponsor>True</isOriginalCosponsor>
        <identifiers>
          <gpoId>7913</gpoId>
          <bioguideId>H001042</bioguideId>
          <lisID>1844</lisID>
        </identifiers>
        <middleName>K.</middleName>
        <sponsorshipDate>2013-06-19</sponsorshipDate>
        <firstName>Mazie</firstName>
      </item>
      <item>
        <sponsorshipWithdrawnDate />
        <bioguideId>B000944</bioguideId>
        <fullName>Sen. Brown, Sherrod [D-OH]</fullName>
        <lastName>BROWN</lastName>
        <isOriginalCosponsor>True</isOriginalCosponsor>
        <identifiers>
          <gpoId>8309</gpoId>
          <bioguideId>B000944</bioguideId>
          <lisID>136</lisID>
        </identifiers>
        <middleName />
        <sponsorshipDate>2013-06-19</sponsorshipDate>
        <firstName>SHERROD</firstName>
      </item>
      <item>
        <sponsorshipWithdrawnDate />
        <bioguideId>H000206</bioguideId>
        <fullName>Sen. Harkin, Tom [D-IA]</fullName>
        <lastName>HARKIN</lastName>
        <isOriginalCosponsor>True</isOriginalCosponsor>
        <identifiers>
          <bioguideId>H000206</bioguideId>
          <lisID>501</lisID>
          <gpoId>8317</gpoId>
        </identifiers>
        <middleName>RICHARD</middleName>
        <sponsorshipDate>2013-06-19</sponsorshipDate>
        <firstName>THOMAS</firstName>
      </item>
      <item>
        <sponsorshipWithdrawnDate />
        <bioguideId>M001183</bioguideId>
        <fullName>Sen. Manchin, Joe, III [D-WV]</fullName>
        <lastName>Manchin</lastName>
        <isOriginalCosponsor>True</isOriginalCosponsor>
        <identifiers>
          <bioguideId>M001183</bioguideId>
          <lisID>1983</lisID>
          <gpoId>8256</gpoId>
        </identifiers>
        <middleName />
        <sponsorshipDate>2013-06-19</sponsorshipDate>
        <firstName>Joe</firstName>
      </item>
      <item>
        <sponsorshipWithdrawnDate />
        <bioguideId>B000243</bioguideId>
        <fullName>Sen. Baucus, Max [D-MT]</fullName>
        <lastName>BAUCUS</lastName>
        <isOriginalCosponsor>True</isOriginalCosponsor>
        <identifiers>
          <lisID>66</lisID>
          <bioguideId>B000243</bioguideId>
          <gpoId>8298</gpoId>
        </identifiers>
        <middleName>SIEBEN</middleName>
        <sponsorshipDate>2013-06-19</sponsorshipDate>
        <firstName>MAX</firstName>
      </item>
      <item>
        <sponsorshipWithdrawnDate />
        <bioguideId>S001194</bioguideId>
        <fullName>Sen. Schatz, Brian [D-HI]</fullName>
        <lastName>Schatz</lastName>
        <isOriginalCosponsor>True</isOriginalCosponsor>
        <identifiers>
          <gpoId />
          <bioguideId>S001194</bioguideId>
          <lisID>2173</lisID>
        </identifiers>
        <middleName />
        <sponsorshipDate>2013-06-19</sponsorshipDate>
        <firstName>Brian</firstName>
      </item>
      <item>
        <sponsorshipWithdrawnDate />
        <bioguideId>M001176</bioguideId>
        <fullName>Sen. Merkley, Jeff [D-OR]</fullName>
        <lastName>Merkley</lastName>
        <isOriginalCosponsor>True</isOriginalCosponsor>
        <identifiers>
          <gpoId>8238</gpoId>
          <lisID>1900</lisID>
          <bioguideId>M001176</bioguideId>
        </identifiers>
        <middleName />
        <sponsorshipDate>2013-06-19</sponsorshipDate>
        <firstName>Jeff</firstName>
      </item>
      <item>
        <sponsorshipWithdrawnDate />
        <bioguideId>B001230</bioguideId>
        <fullName>Sen. Baldwin, Tammy [D-WI]</fullName>
        <lastName>BALDWIN</lastName>
        <isOriginalCosponsor>True</isOriginalCosponsor>
        <identifiers>
          <gpoId>8215</gpoId>
          <bioguideId>B001230</bioguideId>
          <lisID>1558</lisID>
        </identifiers>
        <middleName />
        <sponsorshipDate>2013-06-19</sponsorshipDate>
        <firstName>TAMMY</firstName>
      </item>
      <item>
        <sponsorshipWithdrawnDate />
        <bioguideId>W000805</bioguideId>
        <fullName>Sen. Warner, Mark R. [D-VA]</fullName>
        <lastName>Warner</lastName>
        <isOriginalCosponsor>True</isOriginalCosponsor>
        <identifiers>
          <lisID>1897</lisID>
          <bioguideId>W000805</bioguideId>
          <gpoId>8269</gpoId>
        </identifiers>
        <middleName>R.</middleName>
        <sponsorshipDate>2013-06-19</sponsorshipDate>
        <firstName>Mark</firstName>
      </item>
      <item>
        <sponsorshipWithdrawnDate />
        <bioguideId>M000702</bioguideId>
        <fullName>Sen. Mikulski, Barbara A. [D-MD]</fullName>
        <lastName>MIKULSKI</lastName>
        <isOriginalCosponsor>True</isOriginalCosponsor>
        <identifiers>
          <bioguideId>M000702</bioguideId>
          <lisID>802</lisID>
          <gpoId>8240</gpoId>
        </identifiers>
        <middleName>ANN</middleName>
        <sponsorshipDate>2013-06-19</sponsorshipDate>
        <firstName>BARBARA</firstName>
      </item>
      <item>
        <sponsorshipWithdrawnDate />
        <bioguideId>B001267</bioguideId>
        <fullName>Sen. Bennet, Michael F. [D-CO]</fullName>
        <lastName>Bennet</lastName>
        <isOriginalCosponsor>True</isOriginalCosponsor>
        <identifiers>
          <gpoId>8302</gpoId>
          <lisID>1965</lisID>
          <bioguideId>B001267</bioguideId>
        </identifiers>
        <middleName>F.</middleName>
        <sponsorshipDate>2013-06-19</sponsorshipDate>
        <firstName>Michael</firstName>
      </item>
      <item>
        <sponsorshipWithdrawnDate />
        <bioguideId>R000307</bioguideId>
        <fullName>Sen. Roberts, Pat [R-KS]</fullName>
        <lastName>ROBERTS</lastName>
        <isOriginalCosponsor>True</isOriginalCosponsor>
        <identifiers>
          <gpoId>8275</gpoId>
          <bioguideId>R000307</bioguideId>
          <lisID>968</lisID>
        </identifiers>
        <middleName />
        <sponsorshipDate>2013-06-19</sponsorshipDate>
        <firstName>PAT</firstName>
      </item>
      <item>
        <sponsorshipWithdrawnDate />
        <bioguideId>N000032</bioguideId>
        <fullName>Sen. Nelson, Bill [D-FL]</fullName>
        <lastName>NELSON</lastName>
        <isOriginalCosponsor>True</isOriginalCosponsor>
        <identifiers>
          <lisID>859</lisID>
          <bioguideId>N000032</bioguideId>
          <gpoId>8236</gpoId>
        </identifiers>
        <middleName>WILLIAM</middleName>
        <sponsorshipDate>2013-06-19</sponsorshipDate>
        <firstName>CLARENCE</firstName>
      </item>
      <item>
        <sponsorshipWithdrawnDate />
        <bioguideId>C001088</bioguideId>
        <fullName>Sen. Coons, Christopher A. [D-DE]</fullName>
        <lastName>Coons</lastName>
        <isOriginalCosponsor>True</isOriginalCosponsor>
        <identifiers>
          <bioguideId>C001088</bioguideId>
          <lisID>1984</lisID>
          <gpoId>8297</gpoId>
        </identifiers>
        <middleName>A.</middleName>
        <sponsorshipDate>2013-06-19</sponsorshipDate>
        <firstName>Christopher</firstName>
      </item>
      <item>
        <sponsorshipWithdrawnDate />
        <bioguideId>M000639</bioguideId>
        <fullName>Sen. Menendez, Robert [D-NJ]</fullName>
        <lastName>MENENDEZ</lastName>
        <isOriginalCosponsor>True</isOriginalCosponsor>
        <identifiers>
          <gpoId>8239</gpoId>
          <lisID>791</lisID>
          <bioguideId>M000639</bioguideId>
        </identifiers>
        <middleName />
        <sponsorshipDate>2013-06-19</sponsorshipDate>
        <firstName>ROBERT</firstName>
      </item>
      <item>
        <sponsorshipWithdrawnDate />
        <bioguideId>U000038</bioguideId>
        <fullName>Sen. Udall, Mark [D-CO]</fullName>
        <lastName>UDALL</lastName>
        <isOriginalCosponsor>True</isOriginalCosponsor>
        <identifiers>
          <bioguideId>U000038</bioguideId>
          <lisID>1595</lisID>
          <gpoId>8259</gpoId>
        </identifiers>
        <middleName />
        <sponsorshipDate>2013-06-19</sponsorshipDate>
        <firstName>MARK</firstName>
      </item>
      <item>
        <sponsorshipWithdrawnDate />
        <bioguideId>D000607</bioguideId>
        <fullName>Sen. Donnelly, Joe [D-IN]</fullName>
        <lastName>Donnelly</lastName>
        <isOriginalCosponsor>True</isOriginalCosponsor>
        <identifiers>
          <lisID>1850</lisID>
          <bioguideId>D000607</bioguideId>
          <gpoId>7941</gpoId>
        </identifiers>
        <middleName />
        <sponsorshipDate>2013-06-19</sponsorshipDate>
        <firstName>Joe</firstName>
      </item>
      <item>
        <sponsorshipWithdrawnDate />
        <bioguideId>R000361</bioguideId>
        <fullName>Sen. Rockefeller, John D., IV [D-WV]</fullName>
        <lastName>ROCKEFELLER</lastName>
        <isOriginalCosponsor>True</isOriginalCosponsor>
        <identifiers>
          <gpoId>8273</gpoId>
          <lisID>1424</lisID>
          <bioguideId>R000361</bioguideId>
        </identifiers>
        <middleName />
        <sponsorshipDate>2013-06-19</sponsorshipDate>
        <firstName>JAY</firstName>
      </item>
      <item>
        <sponsorshipWithdrawnDate />
        <bioguideId>C000174</bioguideId>
        <fullName>Sen. Carper, Thomas R. [D-DE]</fullName>
        <lastName>CARPER</lastName>
        <isOriginalCosponsor>True</isOriginalCosponsor>
        <identifiers>
          <bioguideId>C000174</bioguideId>
          <lisID>179</lisID>
          <gpoId>8283</gpoId>
        </identifiers>
        <middleName>R.</middleName>
        <sponsorshipDate>2013-06-19</sponsorshipDate>
        <firstName>THOMAS</firstName>
      </item>
      <item>
        <sponsorshipWithdrawnDate />
        <bioguideId>K000383</bioguideId>
        <fullName>Sen. King, Angus S. Jr. [I-ME]</fullName>
        <lastName>King</lastName>
        <isOriginalCosponsor>True</isOriginalCosponsor>
        <identifiers>
          <lisID>2185</lisID>
          <bioguideId>K000383</bioguideId>
          <gpoId />
        </identifiers>
        <middleName />
        <sponsorshipDate>2013-06-19</sponsorshipDate>
        <firstName>Angus</firstName>
      </item>
      <item>
        <sponsorshipWithdrawnDate />
        <bioguideId>W000817</bioguideId>
        <fullName>Sen. Warren, Elizabeth [D-MA]</fullName>
        <lastName>Warren</lastName>
        <isOriginalCosponsor>True</isOriginalCosponsor>
        <identifiers>
          <gpoId />
          <lisID>2182</lisID>
          <bioguideId>W000817</bioguideId>
        </identifiers>
        <middleName>A.</middleName>
        <sponsorshipDate>2013-06-19</sponsorshipDate>
        <firstName>Elizabeth</firstName>
      </item>
      <item>
        <sponsorshipWithdrawnDate />
        <bioguideId>K000360</bioguideId>
        <fullName>Sen. Kirk, Mark Steven [R-IL]</fullName>
        <lastName>KIRK</lastName>
        <isOriginalCosponsor>True</isOriginalCosponsor>
        <identifiers>
          <lisID>1647</lisID>
          <bioguideId>K000360</bioguideId>
          <gpoId>8285</gpoId>
        </identifiers>
        <middleName>STEVEN</middleName>
        <sponsorshipDate>2013-06-19</sponsorshipDate>
        <firstName>MARK</firstName>
      </item>
      <item>
        <sponsorshipWithdrawnDate />
        <bioguideId>T000250</bioguideId>
        <fullName>Sen. Thune, John [R-SD]</fullName>
        <lastName>THUNE</lastName>
        <isOriginalCosponsor>True</isOriginalCosponsor>
        <identifiers>
          <bioguideId>T000250</bioguideId>
          <lisID>1534</lisID>
          <gpoId>8257</gpoId>
        </identifiers>
        <middleName>R.</middleName>
        <sponsorshipDate>2013-06-19</sponsorshipDate>
        <firstName>JOHN</firstName>
      </item>
      <item>
        <sponsorshipWithdrawnDate />
        <bioguideId>K000367</bioguideId>
        <fullName>Sen. Klobuchar, Amy [D-MN]</fullName>
        <lastName>Klobuchar</lastName>
        <isOriginalCosponsor>True</isOriginalCosponsor>
        <identifiers>
          <lisID>1826</lisID>
          <bioguideId>K000367</bioguideId>
          <gpoId>8249</gpoId>
        </identifiers>
        <middleName />
        <sponsorshipDate>2013-06-19</sponsorshipDate>
        <firstName>Amy</firstName>
      </item>
      <item>
        <sponsorshipWithdrawnDate />
        <bioguideId>S000148</bioguideId>
        <fullName>Sen. Schumer, Charles E. [D-NY]</fullName>
        <lastName>SCHUMER</lastName>
        <isOriginalCosponsor>True</isOriginalCosponsor>
        <identifiers>
          <bioguideId>S000148</bioguideId>
          <lisID>1036</lisID>
          <gpoId>8279</gpoId>
        </identifiers>
        <middleName>E.</middleName>
        <sponsorshipDate>2013-06-19</sponsorshipDate>
        <firstName>CHARLES</firstName>
      </item>
      <item>
        <sponsorshipWithdrawnDate />
        <bioguideId>W000802</bioguideId>
        <fullName>Sen. Whitehouse, Sheldon [D-RI]</fullName>
        <lastName>Whitehouse</lastName>
        <isOriginalCosponsor>True</isOriginalCosponsor>
        <identifiers>
          <gpoId>8264</gpoId>
          <lisID>1823</lisID>
          <bioguideId>W000802</bioguideId>
        </identifiers>
        <middleName />
        <sponsorshipDate>2013-06-19</sponsorshipDate>
        <firstName>Sheldon</firstName>
      </item>
      <item>
        <sponsorshipWithdrawnDate />
        <bioguideId>F000457</bioguideId>
        <fullName>Sen. Franken, Al [D-MN]</fullName>
        <lastName>Franken</lastName>
        <isOriginalCosponsor>True</isOriginalCosponsor>
        <identifiers>
          <bioguideId>F000457</bioguideId>
          <lisID>1969</lisID>
          <gpoId>8339</gpoId>
        </identifiers>
        <middleName />
        <sponsorshipDate>2013-06-19</sponsorshipDate>
        <firstName>Al</firstName>
      </item>
      <item>
        <sponsorshipWithdrawnDate />
        <bioguideId>H001046</bioguideId>
        <fullName>Sen. Heinrich, Martin [D-NM]</fullName>
        <lastName>Heinrich</lastName>
        <isOriginalCosponsor>True</isOriginalCosponsor>
        <identifiers>
          <bioguideId>H001046</bioguideId>
          <lisID>1937</lisID>
          <gpoId>8056</gpoId>
        </identifiers>
        <middleName />
        <sponsorshipDate>2013-06-19</sponsorshipDate>
        <firstName>Martin</firstName>
      </item>
      <item>
        <sponsorshipWithdrawnDate />
        <bioguideId>I000055</bioguideId>
        <fullName>Sen. Isakson, Johnny [R-GA]</fullName>
        <lastName>Isakson</lastName>
        <isOriginalCosponsor>True</isOriginalCosponsor>
        <identifiers>
          <gpoId>8323</gpoId>
          <lisID>1608</lisID>
          <bioguideId>I000055</bioguideId>
        </identifiers>
        <middleName />
        <sponsorshipDate>2013-06-19</sponsorshipDate>
        <firstName>Johnny</firstName>
      </item>
      <item>
        <sponsorshipWithdrawnDate />
        <bioguideId>T000464</bioguideId>
        <fullName>Sen. Tester, Jon [D-MT]</fullName>
        <lastName>Tester</lastName>
        <isOriginalCosponsor>True</isOriginalCosponsor>
        <identifiers>
          <lisID>1829</lisID>
          <bioguideId>T000464</bioguideId>
          <gpoId>8258</gpoId>
        </identifiers>
        <middleName />
        <sponsorshipDate>2013-06-19</sponsorshipDate>
        <firstName>Jon</firstName>
      </item>
    </cosponsors>
    <billType>SRES</billType>
    <summaries>
      <billSummaries>
        <item>
          <text><![CDATA[<p>Honors the entrepreneurial spirit of small businesses during National Small Business Week beginning June 17, 2013.</p> <p>Applauds the efforts and achievements of small business owners and their employees.</p> <p>Recognizes the work of the Small Business Administration (SBA) and its resource partners in providing assistance to entrepreneurs and small businesses.</p> <p>Recognizes the importance of ensuring that: (1) guaranteed loans, including microloans and venture capital, are made available to all qualified small businesses; (2) management assistance programs delivered by SBA resource partners are recognized for providing invaluable counseling services to entrepreneurs; (3) SBA small business disaster assistance is provided in a timely and efficient manner; (4) affordable Internet access is available to all people in the United States so that small businesses can utilize such access; (5) regulatory relief is provided to small businesses through the reduction of duplicative or unnecessary regulatory requirements; and (6) leveling the playing field for small business contracting opportunities remains a primary focus.</p>]]></text>
          <name>Introduced in Senate</name>
          <versionCode>00</versionCode>
          <actionDate>2013-06-19</actionDate>
          <actionDesc>Introduced in Senate</actionDesc>
          <lastSummaryUpdateDate>2013-08-22T22:09:57Z</lastSummaryUpdateDate>
          <updateDate>2013-06-19T04:00:00Z</updateDate>
        </item>
        <item>
          <text><![CDATA[<p><b>(This measure has not been amended since it was introduced. The summary of that version is repeated here.)</b></p> <p>Honors the entrepreneurial spirit of small businesses during National Small Business Week beginning June 17, 2013.</p> <p>Applauds the efforts and achievements of small business owners and their employees.</p> <p>Recognizes the work of the Small Business Administration (SBA) and its resource partners in providing assistance to entrepreneurs and small businesses.</p> <p>Recognizes the importance of ensuring that: (1) guaranteed loans, including microloans and venture capital, are made available to all qualified small businesses; (2) management assistance programs delivered by SBA resource partners are recognized for providing invaluable counseling services to entrepreneurs; (3) SBA small business disaster assistance is provided in a timely and efficient manner; (4) affordable Internet access is available to all people in the United States so that small businesses can utilize such access; (5) regulatory relief is provided to small businesses through the reduction of duplicative or unnecessary regulatory requirements; and (6) leveling the playing field for small business contracting opportunities remains a primary focus.</p>]]></text>
          <name>Passed Senate without amendment</name>
          <versionCode>82</versionCode>
          <actionDate>2013-06-19</actionDate>
          <actionDesc>Passed Senate without amendment</actionDesc>
          <lastSummaryUpdateDate>2013-08-22T22:12:08Z</lastSummaryUpdateDate>
          <updateDate>2013-06-19T16:03:28Z</updateDate>
        </item>
      </billSummaries>
    </summaries>
    <recordedVotes />
    <amendments />
    <actions>
      <item>
        <actionDate>2013-06-19</actionDate>
        <committee />
        <links>
          <link>
            <name>S4676-4677</name>
            <url>/congressional-record/2013/senate-section/page/S4676-4677</url>
          </link>
        </links>
        <sourceSystem>
          <name>Senate</name>
          <code>0</code>
        </sourceSystem>
        <text>Submitted in the Senate, considered, and agreed to without amendment and with a preamble by Unanimous Consent. (consideration: CR S4725; text as passed Senate: CR S4676-4677)</text>
        <type>Floor</type>
      </item>
      <item>
        <committee />
        <type>Floor</type>
        <links>
          <link>
            <name>S4676-4677</name>
            <url>/congressional-record/2013/senate-section/page/S4676-4677</url>
          </link>
        </links>
        <actionCode>17000</actionCode>
        <sourceSystem>
          <name>Library of Congress</name>
          <code>9</code>
        </sourceSystem>
        <actionDate>2013-06-19</actionDate>
        <text>Passed/agreed to in Senate: Submitted in the Senate, considered, and agreed to without amendment and with a preamble by Unanimous Consent.(consideration: CR S4725; text as passed Senate: CR S4676-4677)</text>
      </item>
      <item>
        <committee />
        <type>IntroReferral</type>
        <links />
        <actionCode>10000</actionCode>
        <sourceSystem>
          <name>Library of Congress</name>
          <code>9</code>
        </sourceSystem>
        <actionDate>2013-06-19</actionDate>
        <text>Introduced in Senate</text>
      </item>
      <actionByCounts>
        <senate>3</senate>
      </actionByCounts>
      <actionTypeCounts>
        <introducedInSenate>1</introducedInSenate>
        <passedAgreedToInSenate>1</passedAgreedToInSenate>
        <passedOrAgreedToInSenateDayOf>1</passedOrAgreedToInSenateDayOf>
      </actionTypeCounts>
    </actions>
    <subjects>
      <billSubjects>
        <policyArea>
          <name>Commerce</name>
        </policyArea>
        <legislativeSubjects>
          <item>
            <name>Administrative law and regulatory procedures</name>
          </item>
          <item>
            <name>Business investment and capital</name>
          </item>
          <item>
            <name>Commemorative events and holidays</name>
          </item>
          <item>
            <name>Congressional tributes</name>
          </item>
          <item>
            <name>Disaster relief and insurance</name>
          </item>
          <item>
            <name>Economic development</name>
          </item>
          <item>
            <name>Government lending and loan guarantees</name>
          </item>
          <item>
            <name>Internet and video services</name>
          </item>
          <item>
            <name>Minority and disadvantaged businesses</name>
          </item>
          <item>
            <name>Public contracts and procurement</name>
          </item>
          <item>
            <name>Rural conditions and development</name>
          </item>
          <item>
            <name>Small Business Administration</name>
          </item>
          <item>
            <name>Small business</name>
          </item>
          <item>
            <name>Women in business</name>
          </item>
        </legislativeSubjects>
      </billSubjects>
    </subjects>
  </bill>
  <dublinCore xmlns:dc="http://purl.org/dc/elements/1.1/">
    <dc:format>text/xml</dc:format>
    <dc:language>EN</dc:language>
    <dc:rights>Pursuant to Title 17 Section 105 of the United States Code, this file is not subject to copyright protection and is in the public domain.</dc:rights>
    <dc:contributor>Congressional Research Service, Library of Congress</dc:contributor>
    <dc:description>This file contains bill summaries and statuses for federal legislation. A bill summary describes the most significant provisions of a piece of legislation and details the effects the legislative text may have on current law and federal programs. Bill summaries are authored by the Congressional Research Service (CRS) of the Library of Congress. As stated in Public Law 91-510 (2 USC 166 (d)(6)), one of the duties of CRS is "to prepare summaries and digests of bills and resolutions of a public general nature introduced in the Senate or House of Representatives". For more information, refer to the User Guide that accompanies this file.</dc:description>
  </dublinCore>
</billStatus>

