<?xml version="1.0" encoding="UTF-8"?>
<billStatus>
  <bill>
    <relatedBills>
      <item>
        <latestAction>
          <text>Referred to the House Committee on Foreign Affairs.</text>
          <actionDate>2014-09-18</actionDate>
        </latestAction>
        <congress>113</congress>
        <latestTitle>Expressing the sense of the House of Representatives that recently proposed measures that will reduce transparency and public participation at the International Association of Insurance Supervisors (IAIS) should be disapproved by United States representatives to the IAIS.</latestTitle>
        <relationshipDetails>
          <item>
            <identifiedBy>CRS</identifiedBy>
            <type>Identical bill</type>
          </item>
        </relationshipDetails>
        <number>735</number>
        <type>HRES</type>
      </item>
    </relatedBills>
    <policyArea>
      <name>Finance and Financial Sector</name>
    </policyArea>
    <congress>113</congress>
    <cboCostEstimates />
    <laws />
    <billNumber>561</billNumber>
    <notes />
    <originChamber>Senate</originChamber>
    <latestAction>
      <actionDate>2014-09-18</actionDate>
      <text>Referred to the Committee on Banking, Housing, and Urban Affairs. (text of measure as introduced: CR S5796)</text>
      <links />
    </latestAction>
    <updateDate>2016-10-25T16:19:28Z</updateDate>
    <calendarNumbers />
    <titles>
      <item>
        <parentTitleType />
        <title>A resolution expressing the sense of the Senate that recently proposed measures that will reduce transparency and public participation at the International Association of Insurance Supervisors (IAIS) should be disapproved by United States representatives to the IAIS.</title>
        <chamberName />
        <chamberCode />
        <titleType>Official Title as Introduced</titleType>
      </item>
      <item>
        <parentTitleType />
        <title>A resolution expressing the sense of the Senate that recently proposed measures that will reduce transparency and public participation at the International Association of Insurance Supervisors (IAIS) should be disapproved by United States representatives to the IAIS.</title>
        <chamberName />
        <chamberCode />
        <titleType>Display Title</titleType>
      </item>
    </titles>
    <title>A resolution expressing the sense of the Senate that recently proposed measures that will reduce transparency and public participation at the International Association of Insurance Supervisors (IAIS) should be disapproved by United States representatives to the IAIS.</title>
    <committeeReports />
    <sponsors>
      <item>
        <bioguideId>H001041</bioguideId>
        <fullName>Sen. Heller, Dean [R-NV]</fullName>
        <identifiers>
          <gpoId>8060</gpoId>
          <bioguideId>H001041</bioguideId>
          <lisID>1863</lisID>
        </identifiers>
        <byRequestType />
        <middleName />
        <firstName>Dean</firstName>
        <lastName>Heller</lastName>
      </item>
    </sponsors>
    <introducedDate>2014-09-18</introducedDate>
    <createDate>2014-09-19T05:28:30Z</createDate>
    <committees>
      <billCommittees>
        <item>
          <type>Standing</type>
          <chamber>Senate</chamber>
          <systemCode>ssbk00</systemCode>
          <subcommittees />
          <activities>
            <item>
              <date>2014-09-18T18:15:32Z</date>
              <name>Referred to</name>
            </item>
          </activities>
          <name>Banking, Housing, and Urban Affairs Committee</name>
        </item>
      </billCommittees>
    </committees>
    <cosponsors>
      <item>
        <lastName>Tester</lastName>
        <fullName>Sen. Tester, Jon [D-MT]</fullName>
        <bioguideId>T000464</bioguideId>
        <sponsorshipWithdrawnDate />
        <identifiers>
          <bioguideId>T000464</bioguideId>
          <lisID>1829</lisID>
          <gpoId>8258</gpoId>
        </identifiers>
        <isOriginalCosponsor>True</isOriginalCosponsor>
        <firstName>Jon</firstName>
        <sponsorshipDate>2014-09-18</sponsorshipDate>
        <middleName />
      </item>
      <item>
        <lastName>CRAPO</lastName>
        <fullName>Sen. Crapo, Mike [R-ID]</fullName>
        <bioguideId>C000880</bioguideId>
        <sponsorshipWithdrawnDate />
        <identifiers>
          <gpoId>8289</gpoId>
          <lisID>250</lisID>
          <bioguideId>C000880</bioguideId>
        </identifiers>
        <isOriginalCosponsor>False</isOriginalCosponsor>
        <firstName>MICHAEL</firstName>
        <sponsorshipDate>2014-11-12</sponsorshipDate>
        <middleName>D.</middleName>
      </item>
      <item>
        <lastName>GRASSLEY</lastName>
        <fullName>Sen. Grassley, Chuck [R-IA]</fullName>
        <bioguideId>G000386</bioguideId>
        <sponsorshipWithdrawnDate />
        <identifiers>
          <lisID>457</lisID>
          <gpoId>8316</gpoId>
          <bioguideId>G000386</bioguideId>
        </identifiers>
        <isOriginalCosponsor>False</isOriginalCosponsor>
        <firstName>CHARLES</firstName>
        <sponsorshipDate>2014-11-12</sponsorshipDate>
        <middleName>ERNEST</middleName>
      </item>
      <item>
        <lastName>PORTMAN</lastName>
        <fullName>Sen. Portman, Rob [R-OH]</fullName>
        <bioguideId>P000449</bioguideId>
        <sponsorshipWithdrawnDate />
        <identifiers>
          <gpoId>8266</gpoId>
          <lisID>924</lisID>
          <bioguideId>P000449</bioguideId>
        </identifiers>
        <isOriginalCosponsor>False</isOriginalCosponsor>
        <firstName>ROB</firstName>
        <sponsorshipDate>2014-11-12</sponsorshipDate>
        <middleName />
      </item>
      <item>
        <lastName>Isakson</lastName>
        <fullName>Sen. Isakson, Johnny [R-GA]</fullName>
        <bioguideId>I000055</bioguideId>
        <sponsorshipWithdrawnDate />
        <identifiers>
          <bioguideId>I000055</bioguideId>
          <lisID>1608</lisID>
          <gpoId>8323</gpoId>
        </identifiers>
        <isOriginalCosponsor>False</isOriginalCosponsor>
        <firstName>Johnny</firstName>
        <sponsorshipDate>2014-11-13</sponsorshipDate>
        <middleName />
      </item>
    </cosponsors>
    <billType>SRES</billType>
    <summaries>
      <billSummaries>
        <item>
          <lastSummaryUpdateDate>2014-10-29T21:23:50Z</lastSummaryUpdateDate>
          <text><![CDATA[<p>Expresses the sense of the Senate that all U.S. representatives to the International Association of Insurance Supervisors (IAIS) should oppose certain proposed IAIS procedures and make all appropriate efforts to ensure that proper transparency is restored if the IAIS adopts them.</p>]]></text>
          <updateDate>2014-09-18T04:00:00Z</updateDate>
          <actionDesc>Introduced in Senate</actionDesc>
          <name>Introduced in Senate</name>
          <versionCode>00</versionCode>
          <actionDate>2014-09-18</actionDate>
        </item>
      </billSummaries>
    </summaries>
    <recordedVotes />
    <amendments />
    <actions>
      <actionTypeCounts>
        <referredToCommittee>1</referredToCommittee>
        <introducedInSenate>1</introducedInSenate>
      </actionTypeCounts>
      <item>
        <actionDate>2014-09-18</actionDate>
        <committee>
          <systemCode>ssbk00</systemCode>
          <name>Banking, Housing, and Urban Affairs Committee</name>
        </committee>
        <links>
          <link>
            <name>S5796</name>
            <url>/congressional-record/2014/senate-section/page/S5796</url>
          </link>
        </links>
        <sourceSystem>
          <name>Senate</name>
          <code>0</code>
        </sourceSystem>
        <text>Referred to the Committee on Banking, Housing, and Urban Affairs. (text of measure as introduced: CR S5796)</text>
        <type>IntroReferral</type>
      </item>
      <item>
        <sourceSystem>
          <name>Library of Congress</name>
          <code>9</code>
        </sourceSystem>
        <actionDate>2014-09-18</actionDate>
        <links />
        <text>Introduced in Senate</text>
        <type>IntroReferral</type>
        <actionCode>10000</actionCode>
        <committee />
      </item>
      <actionByCounts>
        <senate>2</senate>
      </actionByCounts>
    </actions>
    <subjects>
      <billSubjects>
        <policyArea>
          <name>Finance and Financial Sector</name>
        </policyArea>
        <legislativeSubjects>
          <item>
            <name>Consumer affairs</name>
          </item>
          <item>
            <name>Insurance industry and regulation</name>
          </item>
          <item>
            <name>International organizations and cooperation</name>
          </item>
        </legislativeSubjects>
      </billSubjects>
    </subjects>
  </bill>
  <dublinCore xmlns:dc="http://purl.org/dc/elements/1.1/">
    <dc:format>text/xml</dc:format>
    <dc:language>EN</dc:language>
    <dc:rights>Pursuant to Title 17 Section 105 of the United States Code, this file is not subject to copyright protection and is in the public domain.</dc:rights>
    <dc:contributor>Congressional Research Service, Library of Congress</dc:contributor>
    <dc:description>This file contains bill summaries and statuses for federal legislation. A bill summary describes the most significant provisions of a piece of legislation and details the effects the legislative text may have on current law and federal programs. Bill summaries are authored by the Congressional Research Service (CRS) of the Library of Congress. As stated in Public Law 91-510 (2 USC 166 (d)(6)), one of the duties of CRS is "to prepare summaries and digests of bills and resolutions of a public general nature introduced in the Senate or House of Representatives". For more information, refer to the User Guide that accompanies this file.</dc:description>
  </dublinCore>
</billStatus>

