<?xml version="1.0" encoding="UTF-8"?>
<billStatus>
  <bill>
    <actions>
      <actionByCounts>
        <senate>4</senate>
      </actionByCounts>
      <actionTypeCounts>
        <referredToCommittee>1</referredToCommittee>
        <originalBillReported>1</originalBillReported>
        <reportedToSenate>1</reportedToSenate>
        <introducedInSenate>1</introducedInSenate>
      </actionTypeCounts>
      <item>
        <actionDate>2013-02-26</actionDate>
        <committee>
          <name>Rules and Administration Committee</name>
          <systemCode>ssra00</systemCode>
        </committee>
        <links />
        <sourceSystem>
          <code>0</code>
          <name>Senate</name>
        </sourceSystem>
        <text>Referred to the Committee on Rules and Administration.</text>
        <type>IntroReferral</type>
      </item>
      <item>
        <actionDate>2013-02-26</actionDate>
        <committee>
          <name>Banking, Housing, and Urban Affairs Committee</name>
          <systemCode>ssbk00</systemCode>
        </committee>
        <links>
          <link>
            <name>S873-874</name>
            <url>/congressional-record/2013/senate-section/page/S873-874</url>
          </link>
        </links>
        <sourceSystem>
          <code>0</code>
          <name>Senate</name>
        </sourceSystem>
        <text>Committee on Banking, Housing, and Urban Affairs. Original measure reported to Senate by Senator Johnson SD. Without written report. (text of measure as reported in Senate: CR S873-874)</text>
        <type>Committee</type>
      </item>
      <item>
        <sourceSystem>
          <code>9</code>
          <name>Library of Congress</name>
        </sourceSystem>
        <type>Committee</type>
        <actionDate>2013-02-26</actionDate>
        <text>Committee on Banking, Housing, and Urban Affairs. Original measure reported to Senate by Senator Johnson SD. Without written report.(text of measure as reported in Senate: CR S873-874)</text>
        <committee>
          <name>Banking, Housing, and Urban Affairs Committee</name>
          <systemCode>ssbk00</systemCode>
        </committee>
        <actionCode>14000</actionCode>
        <links>
          <link>
            <name>S873-874</name>
            <url>/congressional-record/2013/senate-section/page/S873-874</url>
          </link>
        </links>
      </item>
      <item>
        <sourceSystem>
          <code>9</code>
          <name>Library of Congress</name>
        </sourceSystem>
        <type>IntroReferral</type>
        <actionDate>2013-02-26</actionDate>
        <text>Introduced in Senate</text>
        <committee />
        <actionCode>10000</actionCode>
        <links />
      </item>
    </actions>
    <title>An original resolution authorizing expenditures by the Committee on Banking, Housing, and Urban Affairs.</title>
    <cosponsors />
    <sponsors>
      <item>
        <middleName />
        <firstName>TIM</firstName>
        <byRequestType />
        <bioguideId>J000177</bioguideId>
        <fullName>Sen. Johnson, Tim [D-SD]</fullName>
        <lastName>JOHNSON</lastName>
        <identifiers>
          <bioguideId>J000177</bioguideId>
          <lisID>604</lisID>
          <gpoId>8319</gpoId>
        </identifiers>
      </item>
    </sponsors>
    <subjects>
      <billSubjects>
        <policyArea>
          <name>Congress</name>
        </policyArea>
        <legislativeSubjects>
          <item>
            <name>Congressional committees</name>
          </item>
          <item>
            <name>Senate Committee on Banking, Housing, and Urban Affairs</name>
          </item>
        </legislativeSubjects>
      </billSubjects>
    </subjects>
    <updateDate>2016-10-25T16:18:11Z</updateDate>
    <originChamber>Senate</originChamber>
    <titles>
      <item>
        <chamberName />
        <titleType>Official Title as Introduced</titleType>
        <title>An original resolution authorizing expenditures by the Committee on Banking, Housing, and Urban Affairs.</title>
        <chamberCode />
        <parentTitleType />
      </item>
      <item>
        <chamberName />
        <titleType>Display Title</titleType>
        <title>An original resolution authorizing expenditures by the Committee on Banking, Housing, and Urban Affairs.</title>
        <chamberCode />
        <parentTitleType />
      </item>
    </titles>
    <createDate>2013-02-27T07:00:51Z</createDate>
    <congress>113</congress>
    <introducedDate>2013-02-26</introducedDate>
    <latestAction>
      <links />
      <actionDate>2013-02-26</actionDate>
      <text>Referred to the Committee on Rules and Administration.</text>
    </latestAction>
    <laws />
    <relatedBills />
    <notes />
    <recordedVotes />
    <cboCostEstimates />
    <policyArea>
      <name>Congress</name>
    </policyArea>
    <billNumber>44</billNumber>
    <billType>SRES</billType>
    <committees>
      <billCommittees>
        <item>
          <activities>
            <item>
              <date>2013-02-26T20:11:20Z</date>
              <name>Referred to</name>
            </item>
          </activities>
          <systemCode>ssra00</systemCode>
          <subcommittees />
          <type>Standing</type>
          <name>Rules and Administration Committee</name>
          <chamber>Senate</chamber>
        </item>
        <item>
          <activities>
            <item>
              <date>2013-02-26T20:11:00Z</date>
              <name>Reported original measure</name>
            </item>
          </activities>
          <systemCode>ssbk00</systemCode>
          <subcommittees />
          <type>Standing</type>
          <name>Banking, Housing, and Urban Affairs Committee</name>
          <chamber>Senate</chamber>
        </item>
      </billCommittees>
    </committees>
    <amendments />
    <summaries>
      <billSummaries>
        <item>
          <versionCode>00</versionCode>
          <name>Introduced in Senate</name>
          <actionDate>2013-02-26</actionDate>
          <updateDate>2013-02-26T05:00:00Z</updateDate>
          <lastSummaryUpdateDate>2013-03-04T20:14:20Z</lastSummaryUpdateDate>
          <text><![CDATA[<p>Authorizes expenditures by the Senate Committee on Banking, Housing, and Urban Affairs for March 1, 2013, through September 30, 2013.</p>]]></text>
          <actionDesc>Introduced in Senate</actionDesc>
        </item>
        <item>
          <versionCode>80</versionCode>
          <name>Reported to Senate without amendment</name>
          <actionDate>2013-02-26</actionDate>
          <updateDate>2013-02-26T19:47:15Z</updateDate>
          <lastSummaryUpdateDate>2013-03-04T20:14:32Z</lastSummaryUpdateDate>
          <text><![CDATA[<p><b>(This measure has not been amended since it was introduced. The summary of that version is repeated here.)</b></p> <p>Authorizes expenditures by the Senate Committee on Banking, Housing, and Urban Affairs for March 1, 2013, through September 30, 2013.</p>]]></text>
          <actionDesc>Reported to Senate without amendment</actionDesc>
        </item>
      </billSummaries>
    </summaries>
    <calendarNumbers />
    <committeeReports />
  </bill>
  <dublinCore xmlns:dc="http://purl.org/dc/elements/1.1/">
    <dc:format>text/xml</dc:format>
    <dc:language>EN</dc:language>
    <dc:rights>Pursuant to Title 17 Section 105 of the United States Code, this file is not subject to copyright protection and is in the public domain.</dc:rights>
    <dc:contributor>Congressional Research Service, Library of Congress</dc:contributor>
    <dc:description>This file contains bill summaries and statuses for federal legislation. A bill summary describes the most significant provisions of a piece of legislation and details the effects the legislative text may have on current law and federal programs. Bill summaries are authored by the Congressional Research Service (CRS) of the Library of Congress. As stated in Public Law 91-510 (2 USC 166 (d)(6)), one of the duties of CRS is "to prepare summaries and digests of bills and resolutions of a public general nature introduced in the Senate or House of Representatives". For more information, refer to the User Guide that accompanies this file.</dc:description>
  </dublinCore>
</billStatus>

