<?xml version="1.0" encoding="UTF-8"?>
<billStatus>
  <bill>
    <latestAction>
      <actionDate>2014-05-15</actionDate>
      <text>Submitted in the Senate, considered, and agreed to without amendment and with a preamble by Unanimous Consent. (consideration: CR S3145-3146; text as passed Senate: CR S3079)</text>
      <links />
    </latestAction>
    <committeeReports />
    <cboCostEstimates />
    <billType>SRES</billType>
    <relatedBills>
      <item>
        <number>140</number>
        <relationshipDetails>
          <item>
            <type>Related bill</type>
            <identifiedBy>CRS</identifiedBy>
          </item>
        </relationshipDetails>
        <congress>113</congress>
        <latestAction>
          <actionDate>2013-05-14</actionDate>
          <text>Submitted in the Senate, considered, and agreed to without amendment and with a preamble by Unanimous Consent. (consideration: CR S3436; text as passed Senate: CR S3434)</text>
        </latestAction>
        <latestTitle>A resolution commemorating and acknowledging the dedication and sacrifices made by the Federal, State, and local law enforcement officers who have been killed or injured in the line of duty.</latestTitle>
        <type>SRES</type>
      </item>
    </relatedBills>
    <createDate>2014-05-16T07:16:47Z</createDate>
    <title>A resolution commemorating and honoring the dedication and sacrifice of the Federal, State, and local law enforcement officers who have been killed or injured in the line of duty.</title>
    <cosponsors>
      <item>
        <lastName>GRASSLEY</lastName>
        <identifiers>
          <gpoId>8316</gpoId>
          <lisID>457</lisID>
          <bioguideId>G000386</bioguideId>
        </identifiers>
        <firstName>CHARLES</firstName>
        <fullName>Sen. Grassley, Chuck [R-IA]</fullName>
        <bioguideId>G000386</bioguideId>
        <sponsorshipDate>2014-05-15</sponsorshipDate>
        <middleName>ERNEST</middleName>
        <isOriginalCosponsor>True</isOriginalCosponsor>
        <sponsorshipWithdrawnDate />
      </item>
      <item>
        <lastName>FEINSTEIN</lastName>
        <identifiers>
          <gpoId>8338</gpoId>
          <bioguideId>F000062</bioguideId>
          <lisID>1332</lisID>
        </identifiers>
        <firstName>DIANNE</firstName>
        <fullName>Sen. Feinstein, Dianne [D-CA]</fullName>
        <bioguideId>F000062</bioguideId>
        <sponsorshipDate>2014-05-15</sponsorshipDate>
        <middleName />
        <isOriginalCosponsor>True</isOriginalCosponsor>
        <sponsorshipWithdrawnDate />
      </item>
      <item>
        <lastName>Shaheen</lastName>
        <identifiers>
          <lisID>1901</lisID>
          <gpoId>8276</gpoId>
          <bioguideId>S001181</bioguideId>
        </identifiers>
        <firstName>Jeanne</firstName>
        <fullName>Sen. Shaheen, Jeanne [D-NH]</fullName>
        <bioguideId>S001181</bioguideId>
        <sponsorshipDate>2014-05-15</sponsorshipDate>
        <middleName />
        <isOriginalCosponsor>True</isOriginalCosponsor>
        <sponsorshipWithdrawnDate />
      </item>
      <item>
        <lastName>MARKEY</lastName>
        <identifiers>
          <bioguideId>M000133</bioguideId>
          <lisID>735</lisID>
          <gpoId>7972</gpoId>
        </identifiers>
        <firstName>EDWARD</firstName>
        <fullName>Sen. Markey, Edward J. [D-MA]</fullName>
        <bioguideId>M000133</bioguideId>
        <sponsorshipDate>2014-05-15</sponsorshipDate>
        <middleName>J.</middleName>
        <isOriginalCosponsor>True</isOriginalCosponsor>
        <sponsorshipWithdrawnDate />
      </item>
      <item>
        <lastName>Begich</lastName>
        <identifiers>
          <bioguideId>B001265</bioguideId>
          <lisID>1898</lisID>
          <gpoId>8301</gpoId>
        </identifiers>
        <firstName>Mark</firstName>
        <fullName>Sen. Begich, Mark [D-AK]</fullName>
        <bioguideId>B001265</bioguideId>
        <sponsorshipDate>2014-05-15</sponsorshipDate>
        <middleName />
        <isOriginalCosponsor>True</isOriginalCosponsor>
        <sponsorshipWithdrawnDate />
      </item>
      <item>
        <lastName>UDALL</lastName>
        <identifiers>
          <gpoId>8260</gpoId>
          <lisID>1567</lisID>
          <bioguideId>U000039</bioguideId>
        </identifiers>
        <firstName>TOM</firstName>
        <fullName>Sen. Udall, Tom [D-NM]</fullName>
        <bioguideId>U000039</bioguideId>
        <sponsorshipDate>2014-05-15</sponsorshipDate>
        <middleName />
        <isOriginalCosponsor>True</isOriginalCosponsor>
        <sponsorshipWithdrawnDate />
      </item>
      <item>
        <lastName>Hagan</lastName>
        <identifiers>
          <lisID>1902</lisID>
          <bioguideId>H001049</bioguideId>
          <gpoId>8318</gpoId>
        </identifiers>
        <firstName>Kay</firstName>
        <fullName>Sen. Hagan, Kay [D-NC]</fullName>
        <bioguideId>H001049</bioguideId>
        <sponsorshipDate>2014-05-15</sponsorshipDate>
        <middleName>R.</middleName>
        <isOriginalCosponsor>True</isOriginalCosponsor>
        <sponsorshipWithdrawnDate />
      </item>
      <item>
        <lastName>Coons</lastName>
        <identifiers>
          <bioguideId>C001088</bioguideId>
          <lisID>1984</lisID>
          <gpoId>8297</gpoId>
        </identifiers>
        <firstName>Christopher</firstName>
        <fullName>Sen. Coons, Christopher A. [D-DE]</fullName>
        <bioguideId>C001088</bioguideId>
        <sponsorshipDate>2014-05-15</sponsorshipDate>
        <middleName>A.</middleName>
        <isOriginalCosponsor>True</isOriginalCosponsor>
        <sponsorshipWithdrawnDate />
      </item>
      <item>
        <lastName>DURBIN</lastName>
        <identifiers>
          <bioguideId>D000563</bioguideId>
          <lisID>326</lisID>
          <gpoId>8326</gpoId>
        </identifiers>
        <firstName>RICHARD</firstName>
        <fullName>Sen. Durbin, Richard [D-IL]</fullName>
        <bioguideId>D000563</bioguideId>
        <sponsorshipDate>2014-05-15</sponsorshipDate>
        <middleName>J.</middleName>
        <isOriginalCosponsor>True</isOriginalCosponsor>
        <sponsorshipWithdrawnDate />
      </item>
      <item>
        <lastName>Franken</lastName>
        <identifiers>
          <lisID>1969</lisID>
          <bioguideId>F000457</bioguideId>
          <gpoId>8339</gpoId>
        </identifiers>
        <firstName>Al</firstName>
        <fullName>Sen. Franken, Al [D-MN]</fullName>
        <bioguideId>F000457</bioguideId>
        <sponsorshipDate>2014-05-15</sponsorshipDate>
        <middleName />
        <isOriginalCosponsor>True</isOriginalCosponsor>
        <sponsorshipWithdrawnDate />
      </item>
      <item>
        <lastName>Booker</lastName>
        <identifiers>
          <bioguideId>B001288</bioguideId>
          <lisID>2194</lisID>
          <gpoId />
        </identifiers>
        <firstName>Cory</firstName>
        <fullName>Sen. Booker, Cory A. [D-NJ]</fullName>
        <bioguideId>B001288</bioguideId>
        <sponsorshipDate>2014-05-15</sponsorshipDate>
        <middleName>A.</middleName>
        <isOriginalCosponsor>True</isOriginalCosponsor>
        <sponsorshipWithdrawnDate />
      </item>
      <item>
        <lastName>LANDRIEU</lastName>
        <identifiers>
          <gpoId>8251</gpoId>
          <bioguideId>L000550</bioguideId>
          <lisID>1546</lisID>
        </identifiers>
        <firstName>MARY</firstName>
        <fullName>Sen. Landrieu, Mary L. [D-LA]</fullName>
        <bioguideId>L000550</bioguideId>
        <sponsorshipDate>2014-05-15</sponsorshipDate>
        <middleName />
        <isOriginalCosponsor>True</isOriginalCosponsor>
        <sponsorshipWithdrawnDate />
      </item>
      <item>
        <lastName>REED</lastName>
        <identifiers>
          <gpoId>8272</gpoId>
          <bioguideId>R000122</bioguideId>
          <lisID>949</lisID>
        </identifiers>
        <firstName>JOHN</firstName>
        <fullName>Sen. Reed, Jack [D-RI]</fullName>
        <bioguideId>R000122</bioguideId>
        <sponsorshipDate>2014-05-15</sponsorshipDate>
        <middleName>F.</middleName>
        <isOriginalCosponsor>True</isOriginalCosponsor>
        <sponsorshipWithdrawnDate />
      </item>
      <item>
        <lastName>Blumenthal</lastName>
        <identifiers>
          <gpoId>8332</gpoId>
          <lisID>2076</lisID>
          <bioguideId>B001277</bioguideId>
        </identifiers>
        <firstName>Richard</firstName>
        <fullName>Sen. Blumenthal, Richard [D-CT]</fullName>
        <bioguideId>B001277</bioguideId>
        <sponsorshipDate>2014-05-15</sponsorshipDate>
        <middleName />
        <isOriginalCosponsor>True</isOriginalCosponsor>
        <sponsorshipWithdrawnDate />
      </item>
      <item>
        <lastName>Schatz</lastName>
        <identifiers>
          <gpoId />
          <bioguideId>S001194</bioguideId>
          <lisID>2173</lisID>
        </identifiers>
        <firstName>Brian</firstName>
        <fullName>Sen. Schatz, Brian [D-HI]</fullName>
        <bioguideId>S001194</bioguideId>
        <sponsorshipDate>2014-05-15</sponsorshipDate>
        <middleName />
        <isOriginalCosponsor>True</isOriginalCosponsor>
        <sponsorshipWithdrawnDate />
      </item>
      <item>
        <lastName>WICKER</lastName>
        <identifiers>
          <bioguideId>W000437</bioguideId>
          <lisID>1226</lisID>
          <gpoId>8263</gpoId>
        </identifiers>
        <firstName>ROGER</firstName>
        <fullName>Sen. Wicker, Roger F. [R-MS]</fullName>
        <bioguideId>W000437</bioguideId>
        <sponsorshipDate>2014-05-15</sponsorshipDate>
        <middleName>F.</middleName>
        <isOriginalCosponsor>True</isOriginalCosponsor>
        <sponsorshipWithdrawnDate />
      </item>
      <item>
        <lastName>Heitkamp</lastName>
        <identifiers>
          <lisID>2174</lisID>
          <gpoId />
          <bioguideId>H001069</bioguideId>
        </identifiers>
        <firstName>Heidi</firstName>
        <fullName>Sen. Heitkamp, Heidi [D-ND]</fullName>
        <bioguideId>H001069</bioguideId>
        <sponsorshipDate>2014-05-15</sponsorshipDate>
        <middleName />
        <isOriginalCosponsor>True</isOriginalCosponsor>
        <sponsorshipWithdrawnDate />
      </item>
      <item>
        <lastName>Pryor</lastName>
        <identifiers>
          <gpoId>8241</gpoId>
          <bioguideId>P000590</bioguideId>
          <lisID>1701</lisID>
        </identifiers>
        <firstName>Mark</firstName>
        <fullName>Sen. Pryor, Mark L. [D-AR]</fullName>
        <bioguideId>P000590</bioguideId>
        <sponsorshipDate>2014-05-15</sponsorshipDate>
        <middleName>Lunsford</middleName>
        <isOriginalCosponsor>True</isOriginalCosponsor>
        <sponsorshipWithdrawnDate />
      </item>
      <item>
        <lastName>Hirono</lastName>
        <identifiers>
          <gpoId>7913</gpoId>
          <bioguideId>H001042</bioguideId>
          <lisID>1844</lisID>
        </identifiers>
        <firstName>Mazie</firstName>
        <fullName>Sen. Hirono, Mazie K. [D-HI]</fullName>
        <bioguideId>H001042</bioguideId>
        <sponsorshipDate>2014-05-15</sponsorshipDate>
        <middleName>K.</middleName>
        <isOriginalCosponsor>True</isOriginalCosponsor>
        <sponsorshipWithdrawnDate />
      </item>
      <item>
        <lastName>CARDIN</lastName>
        <identifiers>
          <lisID>174</lisID>
          <bioguideId>C000141</bioguideId>
          <gpoId>8287</gpoId>
        </identifiers>
        <firstName>BENJAMIN</firstName>
        <fullName>Sen. Cardin, Benjamin L. [D-MD]</fullName>
        <bioguideId>C000141</bioguideId>
        <sponsorshipDate>2014-05-15</sponsorshipDate>
        <middleName>L.</middleName>
        <isOriginalCosponsor>True</isOriginalCosponsor>
        <sponsorshipWithdrawnDate />
      </item>
      <item>
        <lastName>UDALL</lastName>
        <identifiers>
          <gpoId>8259</gpoId>
          <lisID>1595</lisID>
          <bioguideId>U000038</bioguideId>
        </identifiers>
        <firstName>MARK</firstName>
        <fullName>Sen. Udall, Mark [D-CO]</fullName>
        <bioguideId>U000038</bioguideId>
        <sponsorshipDate>2014-05-15</sponsorshipDate>
        <middleName />
        <isOriginalCosponsor>True</isOriginalCosponsor>
        <sponsorshipWithdrawnDate />
      </item>
      <item>
        <lastName>Cochran</lastName>
        <identifiers>
          <lisID>213</lisID>
          <bioguideId>C000567</bioguideId>
          <gpoId>8292</gpoId>
        </identifiers>
        <firstName>Thad</firstName>
        <fullName>Sen. Cochran, Thad [R-MS]</fullName>
        <bioguideId>C000567</bioguideId>
        <sponsorshipDate>2014-05-15</sponsorshipDate>
        <middleName />
        <isOriginalCosponsor>True</isOriginalCosponsor>
        <sponsorshipWithdrawnDate />
      </item>
      <item>
        <lastName>MIKULSKI</lastName>
        <identifiers>
          <lisID>802</lisID>
          <gpoId>8240</gpoId>
          <bioguideId>M000702</bioguideId>
        </identifiers>
        <firstName>BARBARA</firstName>
        <fullName>Sen. Mikulski, Barbara A. [D-MD]</fullName>
        <bioguideId>M000702</bioguideId>
        <sponsorshipDate>2014-05-15</sponsorshipDate>
        <middleName>ANN</middleName>
        <isOriginalCosponsor>True</isOriginalCosponsor>
        <sponsorshipWithdrawnDate />
      </item>
      <item>
        <lastName>Warren</lastName>
        <identifiers>
          <gpoId />
          <lisID>2182</lisID>
          <bioguideId>W000817</bioguideId>
        </identifiers>
        <firstName>Elizabeth</firstName>
        <fullName>Sen. Warren, Elizabeth [D-MA]</fullName>
        <bioguideId>W000817</bioguideId>
        <sponsorshipDate>2014-05-15</sponsorshipDate>
        <middleName>A.</middleName>
        <isOriginalCosponsor>True</isOriginalCosponsor>
        <sponsorshipWithdrawnDate />
      </item>
      <item>
        <lastName>Warner</lastName>
        <identifiers>
          <gpoId>8269</gpoId>
          <bioguideId>W000805</bioguideId>
          <lisID>1897</lisID>
        </identifiers>
        <firstName>Mark</firstName>
        <fullName>Sen. Warner, Mark R. [D-VA]</fullName>
        <bioguideId>W000805</bioguideId>
        <sponsorshipDate>2014-05-15</sponsorshipDate>
        <middleName>R.</middleName>
        <isOriginalCosponsor>True</isOriginalCosponsor>
        <sponsorshipWithdrawnDate />
      </item>
      <item>
        <lastName>SCHUMER</lastName>
        <identifiers>
          <gpoId>8279</gpoId>
          <lisID>1036</lisID>
          <bioguideId>S000148</bioguideId>
        </identifiers>
        <firstName>CHARLES</firstName>
        <fullName>Sen. Schumer, Charles E. [D-NY]</fullName>
        <bioguideId>S000148</bioguideId>
        <sponsorshipDate>2014-05-15</sponsorshipDate>
        <middleName>E.</middleName>
        <isOriginalCosponsor>True</isOriginalCosponsor>
        <sponsorshipWithdrawnDate />
      </item>
      <item>
        <lastName>MURRAY</lastName>
        <identifiers>
          <gpoId>8237</gpoId>
          <lisID>1409</lisID>
          <bioguideId>M001111</bioguideId>
        </identifiers>
        <firstName>PATTY</firstName>
        <fullName>Sen. Murray, Patty [D-WA]</fullName>
        <bioguideId>M001111</bioguideId>
        <sponsorshipDate>2014-05-15</sponsorshipDate>
        <middleName />
        <isOriginalCosponsor>True</isOriginalCosponsor>
        <sponsorshipWithdrawnDate />
      </item>
      <item>
        <lastName>Whitehouse</lastName>
        <identifiers>
          <gpoId>8264</gpoId>
          <lisID>1823</lisID>
          <bioguideId>W000802</bioguideId>
        </identifiers>
        <firstName>Sheldon</firstName>
        <fullName>Sen. Whitehouse, Sheldon [D-RI]</fullName>
        <bioguideId>W000802</bioguideId>
        <sponsorshipDate>2014-05-15</sponsorshipDate>
        <middleName />
        <isOriginalCosponsor>True</isOriginalCosponsor>
        <sponsorshipWithdrawnDate />
      </item>
      <item>
        <lastName>Donnelly</lastName>
        <identifiers>
          <bioguideId>D000607</bioguideId>
          <lisID>1850</lisID>
          <gpoId>7941</gpoId>
        </identifiers>
        <firstName>Joe</firstName>
        <fullName>Sen. Donnelly, Joe [D-IN]</fullName>
        <bioguideId>D000607</bioguideId>
        <sponsorshipDate>2014-05-15</sponsorshipDate>
        <middleName />
        <isOriginalCosponsor>True</isOriginalCosponsor>
        <sponsorshipWithdrawnDate />
      </item>
      <item>
        <lastName>Heinrich</lastName>
        <identifiers>
          <lisID>1937</lisID>
          <bioguideId>H001046</bioguideId>
          <gpoId>8056</gpoId>
        </identifiers>
        <firstName>Martin</firstName>
        <fullName>Sen. Heinrich, Martin [D-NM]</fullName>
        <bioguideId>H001046</bioguideId>
        <sponsorshipDate>2014-05-15</sponsorshipDate>
        <middleName />
        <isOriginalCosponsor>True</isOriginalCosponsor>
        <sponsorshipWithdrawnDate />
      </item>
      <item>
        <lastName>Klobuchar</lastName>
        <identifiers>
          <lisID>1826</lisID>
          <gpoId>8249</gpoId>
          <bioguideId>K000367</bioguideId>
        </identifiers>
        <firstName>Amy</firstName>
        <fullName>Sen. Klobuchar, Amy [D-MN]</fullName>
        <bioguideId>K000367</bioguideId>
        <sponsorshipDate>2014-05-15</sponsorshipDate>
        <middleName />
        <isOriginalCosponsor>True</isOriginalCosponsor>
        <sponsorshipWithdrawnDate />
      </item>
    </cosponsors>
    <updateDate>2016-10-25T16:19:10Z</updateDate>
    <amendments />
    <originChamber>Senate</originChamber>
    <subjects>
      <billSubjects>
        <legislativeSubjects>
          <item>
            <name>Commemorative events and holidays</name>
          </item>
          <item>
            <name>Congressional tributes</name>
          </item>
          <item>
            <name>Law enforcement officers</name>
          </item>
        </legislativeSubjects>
        <policyArea>
          <name>Crime and Law Enforcement</name>
        </policyArea>
      </billSubjects>
    </subjects>
    <policyArea>
      <name>Crime and Law Enforcement</name>
    </policyArea>
    <congress>113</congress>
    <summaries>
      <billSummaries>
        <item>
          <versionCode>00</versionCode>
          <actionDesc>Introduced in Senate</actionDesc>
          <text><![CDATA[<p>Recognizes May 15, 2014, as National Peace Officers Memorial Day. </p> <p>Acknowledges the dedication and sacrifices of law enforcement officers who have been killed or injured in the line of duty.</p>]]></text>
          <lastSummaryUpdateDate>2014-05-21T22:22:37Z</lastSummaryUpdateDate>
          <name>Introduced in Senate</name>
          <actionDate>2014-05-15</actionDate>
          <updateDate>2014-05-15T04:00:00Z</updateDate>
        </item>
        <item>
          <versionCode>82</versionCode>
          <actionDesc>Passed Senate without amendment</actionDesc>
          <text><![CDATA[<p><b>(This measure has not been amended since it was introduced. The summary of that version is repeated here.)</b></p> <p>Recognizes May 15, 2014, as National Peace Officers Memorial Day. </p> <p>Acknowledges the dedication and sacrifices of law enforcement officers who have been killed or injured in the line of duty.</p>]]></text>
          <lastSummaryUpdateDate>2014-05-21T22:22:46Z</lastSummaryUpdateDate>
          <name>Passed Senate without amendment</name>
          <actionDate>2014-05-15</actionDate>
          <updateDate>2014-05-15T14:00:58Z</updateDate>
        </item>
      </billSummaries>
    </summaries>
    <sponsors>
      <item>
        <fullName>Sen. Leahy, Patrick J. [D-VT]</fullName>
        <byRequestType />
        <bioguideId>L000174</bioguideId>
        <firstName>PATRICK</firstName>
        <middleName>JOSEPH</middleName>
        <identifiers>
          <bioguideId>L000174</bioguideId>
          <lisID>1383</lisID>
          <gpoId>8244</gpoId>
        </identifiers>
        <lastName>LEAHY</lastName>
      </item>
    </sponsors>
    <calendarNumbers />
    <laws />
    <introducedDate>2014-05-15</introducedDate>
    <billNumber>449</billNumber>
    <actions>
      <item>
        <actionDate>2014-05-15</actionDate>
        <committee />
        <links>
          <link>
            <name>S3079</name>
            <url>/congressional-record/2014/senate-section/page/S3079</url>
          </link>
          <link>
            <name>S3145-3146</name>
            <url>/congressional-record/2014/senate-section/page/S3145-3146</url>
          </link>
        </links>
        <sourceSystem>
          <name>Senate</name>
          <code>0</code>
        </sourceSystem>
        <text>Submitted in the Senate, considered, and agreed to without amendment and with a preamble by Unanimous Consent. (consideration: CR S3145-3146; text as passed Senate: CR S3079)</text>
        <type>Floor</type>
      </item>
      <item>
        <committee />
        <type>Floor</type>
        <links>
          <link>
            <name>S3079</name>
            <url>/congressional-record/2014/senate-section/page/S3079</url>
          </link>
          <link>
            <name>S3145-3146</name>
            <url>/congressional-record/2014/senate-section/page/S3145-3146</url>
          </link>
        </links>
        <actionCode>17000</actionCode>
        <sourceSystem>
          <name>Library of Congress</name>
          <code>9</code>
        </sourceSystem>
        <actionDate>2014-05-15</actionDate>
        <text>Passed/agreed to in Senate: Submitted in the Senate, considered, and agreed to without amendment and with a preamble by Unanimous Consent.(consideration: CR S3145-3146; text as passed Senate: CR S3079)</text>
      </item>
      <item>
        <committee />
        <type>IntroReferral</type>
        <links />
        <actionCode>10000</actionCode>
        <sourceSystem>
          <name>Library of Congress</name>
          <code>9</code>
        </sourceSystem>
        <actionDate>2014-05-15</actionDate>
        <text>Introduced in Senate</text>
      </item>
      <actionByCounts>
        <senate>3</senate>
      </actionByCounts>
      <actionTypeCounts>
        <introducedInSenate>1</introducedInSenate>
        <passedAgreedToInSenate>1</passedAgreedToInSenate>
        <passedOrAgreedToInSenateDayOf>1</passedOrAgreedToInSenateDayOf>
      </actionTypeCounts>
    </actions>
    <notes />
    <titles>
      <item>
        <parentTitleType />
        <title>A resolution commemorating and honoring the dedication and sacrifice of the Federal, State, and local law enforcement officers who have been killed or injured in the line of duty.</title>
        <chamberName />
        <titleType>Official Title as Introduced</titleType>
        <chamberCode />
      </item>
      <item>
        <parentTitleType />
        <title>A resolution commemorating and honoring the dedication and sacrifice of the Federal, State, and local law enforcement officers who have been killed or injured in the line of duty.</title>
        <chamberName />
        <titleType>Display Title</titleType>
        <chamberCode />
      </item>
    </titles>
    <recordedVotes />
    <committees>
      <billCommittees />
    </committees>
  </bill>
  <dublinCore xmlns:dc="http://purl.org/dc/elements/1.1/">
    <dc:format>text/xml</dc:format>
    <dc:language>EN</dc:language>
    <dc:rights>Pursuant to Title 17 Section 105 of the United States Code, this file is not subject to copyright protection and is in the public domain.</dc:rights>
    <dc:contributor>Congressional Research Service, Library of Congress</dc:contributor>
    <dc:description>This file contains bill summaries and statuses for federal legislation. A bill summary describes the most significant provisions of a piece of legislation and details the effects the legislative text may have on current law and federal programs. Bill summaries are authored by the Congressional Research Service (CRS) of the Library of Congress. As stated in Public Law 91-510 (2 USC 166 (d)(6)), one of the duties of CRS is "to prepare summaries and digests of bills and resolutions of a public general nature introduced in the Senate or House of Representatives". For more information, refer to the User Guide that accompanies this file.</dc:description>
  </dublinCore>
</billStatus>

