<?xml version="1.0" encoding="UTF-8"?>
<billStatus>
  <bill>
    <titles>
      <item>
        <title>A resolution designating September 2013 as "National Child Awareness Month" to promote awareness of charities benefitting children and youth-serving organizations throughout the United States and recognizing efforts made by those charities and organizations on behalf of children and youth as critical contributions to the future of the United States.</title>
        <titleType>Official Title as Introduced</titleType>
        <parentTitleType />
        <chamberName />
        <chamberCode />
      </item>
      <item>
        <title>A resolution designating September 2013 as "National Child Awareness Month" to promote awareness of charities benefitting children and youth-serving organizations throughout the United States and recognizing efforts made by those charities and organizations on behalf of children and youth as critical contributions to the future of the United States.</title>
        <titleType>Display Title</titleType>
        <parentTitleType />
        <chamberName />
        <chamberCode />
      </item>
    </titles>
    <introducedDate>2013-06-18</introducedDate>
    <notes />
    <calendarNumbers />
    <committees>
      <billCommittees />
    </committees>
    <sponsors>
      <item>
        <lastName>FEINSTEIN</lastName>
        <middleName />
        <bioguideId>F000062</bioguideId>
        <firstName>DIANNE</firstName>
        <byRequestType />
        <fullName>Sen. Feinstein, Dianne [D-CA]</fullName>
        <identifiers>
          <bioguideId>F000062</bioguideId>
          <lisID>1332</lisID>
          <gpoId>8338</gpoId>
        </identifiers>
      </item>
    </sponsors>
    <subjects>
      <billSubjects>
        <policyArea>
          <name>Families</name>
        </policyArea>
        <legislativeSubjects>
          <item>
            <name>Child safety and welfare</name>
          </item>
          <item>
            <name>Commemorative events and holidays</name>
          </item>
          <item>
            <name>Congressional tributes</name>
          </item>
          <item>
            <name>Social work, volunteer service, charitable organizations</name>
          </item>
        </legislativeSubjects>
      </billSubjects>
    </subjects>
    <originChamber>Senate</originChamber>
    <createDate>2013-06-19T07:01:22Z</createDate>
    <congress>113</congress>
    <cosponsors>
      <item>
        <middleName />
        <firstName>RICHARD</firstName>
        <identifiers>
          <bioguideId>B001135</bioguideId>
          <lisID>153</lisID>
          <gpoId>8286</gpoId>
        </identifiers>
        <bioguideId>B001135</bioguideId>
        <fullName>Sen. Burr, Richard [R-NC]</fullName>
        <lastName>BURR</lastName>
        <sponsorshipWithdrawnDate />
        <sponsorshipDate>2013-06-18</sponsorshipDate>
        <isOriginalCosponsor>True</isOriginalCosponsor>
      </item>
      <item>
        <middleName />
        <firstName>TOM</firstName>
        <identifiers>
          <lisID>212</lisID>
          <gpoId>8293</gpoId>
          <bioguideId>C000560</bioguideId>
        </identifiers>
        <bioguideId>C000560</bioguideId>
        <fullName>Sen. Coburn, Tom [R-OK]</fullName>
        <lastName>COBURN</lastName>
        <sponsorshipWithdrawnDate />
        <sponsorshipDate>2013-06-18</sponsorshipDate>
        <isOriginalCosponsor>True</isOriginalCosponsor>
      </item>
      <item>
        <middleName />
        <firstName>PATTY</firstName>
        <identifiers>
          <gpoId>8237</gpoId>
          <bioguideId>M001111</bioguideId>
          <lisID>1409</lisID>
        </identifiers>
        <bioguideId>M001111</bioguideId>
        <fullName>Sen. Murray, Patty [D-WA]</fullName>
        <lastName>MURRAY</lastName>
        <sponsorshipWithdrawnDate />
        <sponsorshipDate>2013-06-18</sponsorshipDate>
        <isOriginalCosponsor>True</isOriginalCosponsor>
      </item>
      <item>
        <middleName>B.</middleName>
        <firstName>MICHAEL</firstName>
        <identifiers>
          <bioguideId>E000285</bioguideId>
          <lisID>1542</lisID>
          <gpoId>8328</gpoId>
        </identifiers>
        <bioguideId>E000285</bioguideId>
        <fullName>Sen. Enzi, Michael B. [R-WY]</fullName>
        <lastName>ENZI</lastName>
        <sponsorshipWithdrawnDate />
        <sponsorshipDate>2013-06-18</sponsorshipDate>
        <isOriginalCosponsor>True</isOriginalCosponsor>
      </item>
      <item>
        <middleName>J.</middleName>
        <firstName>RICHARD</firstName>
        <identifiers>
          <bioguideId>D000563</bioguideId>
          <lisID>326</lisID>
          <gpoId>8326</gpoId>
        </identifiers>
        <bioguideId>D000563</bioguideId>
        <fullName>Sen. Durbin, Richard [D-IL]</fullName>
        <lastName>DURBIN</lastName>
        <sponsorshipWithdrawnDate />
        <sponsorshipDate>2013-06-18</sponsorshipDate>
        <isOriginalCosponsor>True</isOriginalCosponsor>
      </item>
    </cosponsors>
    <billType>SRES</billType>
    <billNumber>173</billNumber>
    <summaries>
      <billSummaries>
        <item>
          <lastSummaryUpdateDate>2013-07-12T18:29:35Z</lastSummaryUpdateDate>
          <name>Introduced in Senate</name>
          <actionDesc>Introduced in Senate</actionDesc>
          <text><![CDATA[<p>Designates September 2013 as National Child Awareness Month to: (1) promote awareness of charities benefiting children and youth-serving organizations throughout the United States, and (2) recognize efforts made by those charities and organizations on behalf of children and youth as critical contributions to the future of the United States. </p>]]></text>
          <actionDate>2013-06-18</actionDate>
          <versionCode>00</versionCode>
          <updateDate>2013-06-18T04:00:00Z</updateDate>
        </item>
        <item>
          <lastSummaryUpdateDate>2013-07-12T18:29:47Z</lastSummaryUpdateDate>
          <name>Passed Senate without amendment</name>
          <actionDesc>Passed Senate without amendment</actionDesc>
          <text><![CDATA[<p><b>(This measure has not been amended since it was introduced. The summary of that version is repeated here.)</b></p> <p>Designates September 2013 as National Child Awareness Month to: (1) promote awareness of charities benefiting children and youth-serving organizations throughout the United States, and (2) recognize efforts made by those charities and organizations on behalf of children and youth as critical contributions to the future of the United States. </p>]]></text>
          <actionDate>2013-06-18</actionDate>
          <versionCode>82</versionCode>
          <updateDate>2013-06-18T18:27:09Z</updateDate>
        </item>
      </billSummaries>
    </summaries>
    <actions>
      <actionTypeCounts>
        <passedOrAgreedToInSenateDayOf>1</passedOrAgreedToInSenateDayOf>
        <passedAgreedToInSenate>1</passedAgreedToInSenate>
        <introducedInSenate>1</introducedInSenate>
      </actionTypeCounts>
      <actionByCounts>
        <senate>3</senate>
      </actionByCounts>
      <item>
        <actionDate>2013-06-18</actionDate>
        <committee />
        <links>
          <link>
            <name>S4590</name>
            <url>/congressional-record/2013/senate-section/page/S4590</url>
          </link>
        </links>
        <sourceSystem>
          <name>Senate</name>
          <code>0</code>
        </sourceSystem>
        <text>Submitted in the Senate, considered, and agreed to without amendment and with a preamble by Unanimous Consent. (consideration: CR S4620; text as passed Senate: CR S4590)</text>
        <type>Floor</type>
      </item>
      <item>
        <committee />
        <sourceSystem>
          <name>Library of Congress</name>
          <code>9</code>
        </sourceSystem>
        <type>Floor</type>
        <text>Passed/agreed to in Senate: Submitted in the Senate, considered, and agreed to without amendment and with a preamble by Unanimous Consent.(consideration: CR S4620; text as passed Senate: CR S4590)</text>
        <actionDate>2013-06-18</actionDate>
        <links>
          <link>
            <name>S4590</name>
            <url>/congressional-record/2013/senate-section/page/S4590</url>
          </link>
        </links>
        <actionCode>17000</actionCode>
      </item>
      <item>
        <committee />
        <sourceSystem>
          <name>Library of Congress</name>
          <code>9</code>
        </sourceSystem>
        <type>IntroReferral</type>
        <text>Introduced in Senate</text>
        <actionDate>2013-06-18</actionDate>
        <links />
        <actionCode>10000</actionCode>
      </item>
    </actions>
    <relatedBills>
      <item>
        <latestTitle>A resolution designating September 2014 as "National Child Awareness Month" to promote awareness of charities benefitting children and youth-serving organizations throughout the United States and recognizing efforts made by those charities and organizations on behalf of children and youth as critical contributions to the future of the United States.</latestTitle>
        <type>SRES</type>
        <number>503</number>
        <latestAction>
          <text>Submitted in the Senate, considered, and agreed to without amendment and with a preamble by Unanimous Consent. (consideration: CR S4568; text as passed Senate: CR S4559)</text>
          <actionDate>2014-07-16</actionDate>
        </latestAction>
        <relationshipDetails>
          <item>
            <type>Related bill</type>
            <identifiedBy>CRS</identifiedBy>
          </item>
        </relationshipDetails>
        <congress>113</congress>
      </item>
    </relatedBills>
    <policyArea>
      <name>Families</name>
    </policyArea>
    <updateDate>2016-10-25T16:18:29Z</updateDate>
    <recordedVotes />
    <cboCostEstimates />
    <latestAction>
      <text>Submitted in the Senate, considered, and agreed to without amendment and with a preamble by Unanimous Consent. (consideration: CR S4620; text as passed Senate: CR S4590)</text>
      <actionDate>2013-06-18</actionDate>
      <links />
    </latestAction>
    <title>A resolution designating September 2013 as "National Child Awareness Month" to promote awareness of charities benefitting children and youth-serving organizations throughout the United States and recognizing efforts made by those charities and organizations on behalf of children and youth as critical contributions to the future of the United States.</title>
    <amendments />
    <laws />
    <committeeReports />
  </bill>
  <dublinCore xmlns:dc="http://purl.org/dc/elements/1.1/">
    <dc:format>text/xml</dc:format>
    <dc:language>EN</dc:language>
    <dc:rights>Pursuant to Title 17 Section 105 of the United States Code, this file is not subject to copyright protection and is in the public domain.</dc:rights>
    <dc:contributor>Congressional Research Service, Library of Congress</dc:contributor>
    <dc:description>This file contains bill summaries and statuses for federal legislation. A bill summary describes the most significant provisions of a piece of legislation and details the effects the legislative text may have on current law and federal programs. Bill summaries are authored by the Congressional Research Service (CRS) of the Library of Congress. As stated in Public Law 91-510 (2 USC 166 (d)(6)), one of the duties of CRS is "to prepare summaries and digests of bills and resolutions of a public general nature introduced in the Senate or House of Representatives". For more information, refer to the User Guide that accompanies this file.</dc:description>
  </dublinCore>
</billStatus>

