<?xml version="1.0" encoding="UTF-8"?>
<billStatus>
  <bill>
    <relatedBills />
    <policyArea>
      <name>Education</name>
    </policyArea>
    <congress>113</congress>
    <cboCostEstimates />
    <laws />
    <billNumber>427</billNumber>
    <notes />
    <originChamber>Senate</originChamber>
    <latestAction>
      <actionDate>2014-04-29</actionDate>
      <text>Submitted in the Senate, considered, and agreed to without amendment and with a preamble by Unanimous Consent. (consideration: CR S2524; text as passed Senate: CR S2474)</text>
      <links />
    </latestAction>
    <updateDate>2016-10-25T16:19:07Z</updateDate>
    <calendarNumbers />
    <titles>
      <item>
        <title>A resolution expressing the sense of the Senate about the importance of effective civic education programs in schools in the United States.</title>
        <parentTitleType />
        <chamberName />
        <chamberCode />
        <titleType>Official Title as Introduced</titleType>
      </item>
      <item>
        <title>A resolution expressing the sense of the Senate about the importance of effective civic education programs in schools in the United States.</title>
        <parentTitleType />
        <chamberName />
        <chamberCode />
        <titleType>Display Title</titleType>
      </item>
    </titles>
    <title>A resolution expressing the sense of the Senate about the importance of effective civic education programs in schools in the United States.</title>
    <committeeReports />
    <sponsors>
      <item>
        <bioguideId>C000141</bioguideId>
        <fullName>Sen. Cardin, Benjamin L. [D-MD]</fullName>
        <identifiers>
          <lisID>174</lisID>
          <bioguideId>C000141</bioguideId>
          <gpoId>8287</gpoId>
        </identifiers>
        <byRequestType />
        <middleName>L.</middleName>
        <firstName>BENJAMIN</firstName>
        <lastName>CARDIN</lastName>
      </item>
    </sponsors>
    <introducedDate>2014-04-29</introducedDate>
    <createDate>2014-04-30T07:25:26Z</createDate>
    <committees>
      <billCommittees />
    </committees>
    <cosponsors>
      <item>
        <sponsorshipDate>2014-04-29</sponsorshipDate>
        <lastName>GRASSLEY</lastName>
        <middleName>ERNEST</middleName>
        <firstName>CHARLES</firstName>
        <fullName>Sen. Grassley, Chuck [R-IA]</fullName>
        <bioguideId>G000386</bioguideId>
        <identifiers>
          <gpoId>8316</gpoId>
          <lisID>457</lisID>
          <bioguideId>G000386</bioguideId>
        </identifiers>
        <sponsorshipWithdrawnDate />
        <isOriginalCosponsor>True</isOriginalCosponsor>
      </item>
    </cosponsors>
    <billType>SRES</billType>
    <summaries>
      <billSummaries>
        <item>
          <lastSummaryUpdateDate>2014-05-03T17:11:08Z</lastSummaryUpdateDate>
          <text><![CDATA[<p>Expresses the sense of the Senate that:</p> <ul> <li>civic education is essential to the well-being of the constitutional government of the United States,</li> <li>comprehensive and formal instruction in civics and government provides students with a basis for understanding the rights and responsibilities of citizens under such government,</li> <li> elementary and secondary schools are encouraged to offer courses on the history and theories of such government, and</li> <li>civics and government teachers are well served by having access to professional development programs that enhance their capacity to provide effective civic education in the classroom.</li> </ul>]]></text>
          <updateDate>2014-04-29T04:00:00Z</updateDate>
          <actionDesc>Introduced in Senate</actionDesc>
          <name>Introduced in Senate</name>
          <versionCode>00</versionCode>
          <actionDate>2014-04-29</actionDate>
        </item>
        <item>
          <lastSummaryUpdateDate>2014-05-03T17:11:27Z</lastSummaryUpdateDate>
          <text><![CDATA[<p><b>(This measure has not been amended since it was introduced. The summary of that version is repeated here.)</b></p> <p>Expresses the sense of the Senate that:</p> <ul> <li>civic education is essential to the well-being of the constitutional government of the United States,</li> <li>comprehensive and formal instruction in civics and government provides students with a basis for understanding the rights and responsibilities of citizens under such government,</li> <li> elementary and secondary schools are encouraged to offer courses on the history and theories of such government, and</li> <li>civics and government teachers are well served by having access to professional development programs that enhance their capacity to provide effective civic education in the classroom.</li> </ul>]]></text>
          <updateDate>2014-04-29T13:14:40Z</updateDate>
          <actionDesc>Passed Senate without amendment</actionDesc>
          <name>Passed Senate without amendment</name>
          <versionCode>82</versionCode>
          <actionDate>2014-04-29</actionDate>
        </item>
      </billSummaries>
    </summaries>
    <recordedVotes />
    <amendments />
    <actions>
      <item>
        <actionDate>2014-04-29</actionDate>
        <committee />
        <links>
          <link>
            <url>/congressional-record/2014/senate-section/page/S2474</url>
            <name>S2474</name>
          </link>
        </links>
        <sourceSystem>
          <code>0</code>
          <name>Senate</name>
        </sourceSystem>
        <text>Submitted in the Senate, considered, and agreed to without amendment and with a preamble by Unanimous Consent. (consideration: CR S2524; text as passed Senate: CR S2474)</text>
        <type>Floor</type>
      </item>
      <item>
        <type>Floor</type>
        <sourceSystem>
          <code>9</code>
          <name>Library of Congress</name>
        </sourceSystem>
        <text>Passed/agreed to in Senate: Submitted in the Senate, considered, and agreed to without amendment and with a preamble by Unanimous Consent.(consideration: CR S2524; text as passed Senate: CR S2474)</text>
        <committee />
        <actionDate>2014-04-29</actionDate>
        <links>
          <link>
            <url>/congressional-record/2014/senate-section/page/S2474</url>
            <name>S2474</name>
          </link>
        </links>
        <actionCode>17000</actionCode>
      </item>
      <item>
        <type>IntroReferral</type>
        <sourceSystem>
          <code>9</code>
          <name>Library of Congress</name>
        </sourceSystem>
        <text>Introduced in Senate</text>
        <committee />
        <actionDate>2014-04-29</actionDate>
        <links />
        <actionCode>10000</actionCode>
      </item>
      <actionTypeCounts>
        <introducedInSenate>1</introducedInSenate>
        <passedOrAgreedToInSenateDayOf>1</passedOrAgreedToInSenateDayOf>
        <passedAgreedToInSenate>1</passedAgreedToInSenate>
      </actionTypeCounts>
      <actionByCounts>
        <senate>3</senate>
      </actionByCounts>
    </actions>
    <subjects>
      <billSubjects>
        <policyArea>
          <name>Education</name>
        </policyArea>
        <legislativeSubjects>
          <item>
            <name>Constitution and constitutional amendments</name>
          </item>
          <item>
            <name>Elementary and secondary education</name>
          </item>
          <item>
            <name>Public participation and lobbying</name>
          </item>
          <item>
            <name>Teaching, teachers, curricula</name>
          </item>
          <item>
            <name>U.S. history</name>
          </item>
        </legislativeSubjects>
      </billSubjects>
    </subjects>
  </bill>
  <dublinCore xmlns:dc="http://purl.org/dc/elements/1.1/">
    <dc:format>text/xml</dc:format>
    <dc:language>EN</dc:language>
    <dc:rights>Pursuant to Title 17 Section 105 of the United States Code, this file is not subject to copyright protection and is in the public domain.</dc:rights>
    <dc:contributor>Congressional Research Service, Library of Congress</dc:contributor>
    <dc:description>This file contains bill summaries and statuses for federal legislation. A bill summary describes the most significant provisions of a piece of legislation and details the effects the legislative text may have on current law and federal programs. Bill summaries are authored by the Congressional Research Service (CRS) of the Library of Congress. As stated in Public Law 91-510 (2 USC 166 (d)(6)), one of the duties of CRS is "to prepare summaries and digests of bills and resolutions of a public general nature introduced in the Senate or House of Representatives". For more information, refer to the User Guide that accompanies this file.</dc:description>
  </dublinCore>
</billStatus>

