<?xml version="1.0" encoding="UTF-8"?>
<billStatus>
  <bill>
    <summaries>
      <billSummaries>
        <item>
          <updateDate>2013-02-07T05:00:00Z</updateDate>
          <text><![CDATA[<p>Designates the week of February 4-February 8, 2013, as National School Counseling Week.</p>]]></text>
          <actionDate>2013-02-07</actionDate>
          <actionDesc>Introduced in Senate</actionDesc>
          <name>Introduced in Senate</name>
          <lastSummaryUpdateDate>2013-02-19T22:24:02Z</lastSummaryUpdateDate>
          <versionCode>00</versionCode>
        </item>
        <item>
          <updateDate>2013-02-07T16:45:14Z</updateDate>
          <text><![CDATA[<p><b>(This measure has not been amended since it was introduced. The summary of that version is repeated here.)</b></p> <p>Designates the week of February 4-February 8, 2013, as National School Counseling Week.</p>]]></text>
          <actionDate>2013-02-07</actionDate>
          <actionDesc>Passed Senate without amendment</actionDesc>
          <name>Passed Senate without amendment</name>
          <lastSummaryUpdateDate>2013-02-19T22:24:13Z</lastSummaryUpdateDate>
          <versionCode>82</versionCode>
        </item>
      </billSummaries>
    </summaries>
    <sponsors>
      <item>
        <bioguideId>M001111</bioguideId>
        <fullName>Sen. Murray, Patty [D-WA]</fullName>
        <byRequestType />
        <lastName>MURRAY</lastName>
        <firstName>PATTY</firstName>
        <middleName />
        <identifiers>
          <lisID>1409</lisID>
          <bioguideId>M001111</bioguideId>
          <gpoId>8237</gpoId>
        </identifiers>
      </item>
    </sponsors>
    <latestAction>
      <links />
      <actionDate>2013-02-07</actionDate>
      <text>Submitted in the Senate, considered, and agreed to without amendment and with a preamble by Unanimous Consent. (consideration: CR S569; text as passed Senate: CR S527-528)</text>
    </latestAction>
    <congress>113</congress>
    <billNumber>27</billNumber>
    <cboCostEstimates />
    <calendarNumbers />
    <billType>SRES</billType>
    <committees>
      <billCommittees />
    </committees>
    <recordedVotes />
    <titles>
      <item>
        <parentTitleType />
        <title>A resolution designating the week of February 4 through 8, 2013, as "National School Counseling Week".</title>
        <chamberName />
        <chamberCode />
        <titleType>Official Title as Introduced</titleType>
      </item>
      <item>
        <parentTitleType />
        <title>A resolution designating the week of February 4 through 8, 2013, as "National School Counseling Week".</title>
        <chamberName />
        <chamberCode />
        <titleType>Display Title</titleType>
      </item>
    </titles>
    <laws />
    <originChamber>Senate</originChamber>
    <createDate>2013-02-08T07:00:50Z</createDate>
    <notes />
    <updateDate>2016-10-25T16:18:09Z</updateDate>
    <policyArea>
      <name>Education</name>
    </policyArea>
    <title>A resolution designating the week of February 4 through 8, 2013, as "National School Counseling Week".</title>
    <committeeReports />
    <subjects>
      <billSubjects>
        <policyArea>
          <name>Education</name>
        </policyArea>
        <legislativeSubjects>
          <item>
            <name>Commemorative events and holidays</name>
          </item>
          <item>
            <name>Elementary and secondary education</name>
          </item>
          <item>
            <name>Teaching, teachers, curricula</name>
          </item>
        </legislativeSubjects>
      </billSubjects>
    </subjects>
    <relatedBills>
      <item>
        <relationshipDetails>
          <item>
            <type>Related bill</type>
            <identifiedBy>CRS</identifiedBy>
          </item>
        </relationshipDetails>
        <latestAction>
          <text>Submitted in the Senate, considered, and agreed to without amendment and with a preamble by Unanimous Consent. (consideration: CR S658; text as passed Senate: CR S657)</text>
          <actionDate>2014-01-30</actionDate>
        </latestAction>
        <latestTitle>A resolution designating February 3 through 7, 2014, as "National School Counseling Week".</latestTitle>
        <congress>113</congress>
        <number>342</number>
        <type>SRES</type>
      </item>
    </relatedBills>
    <introducedDate>2013-02-07</introducedDate>
    <amendments />
    <actions>
      <item>
        <actionDate>2013-02-07</actionDate>
        <committee />
        <links>
          <link>
            <name>S527-528</name>
            <url>/congressional-record/2013/senate-section/page/S527-528</url>
          </link>
        </links>
        <sourceSystem>
          <name>Senate</name>
          <code>0</code>
        </sourceSystem>
        <text>Submitted in the Senate, considered, and agreed to without amendment and with a preamble by Unanimous Consent. (consideration: CR S569; text as passed Senate: CR S527-528)</text>
        <type>Floor</type>
      </item>
      <item>
        <committee />
        <type>Floor</type>
        <links>
          <link>
            <name>S527-528</name>
            <url>/congressional-record/2013/senate-section/page/S527-528</url>
          </link>
        </links>
        <actionCode>17000</actionCode>
        <sourceSystem>
          <name>Library of Congress</name>
          <code>9</code>
        </sourceSystem>
        <actionDate>2013-02-07</actionDate>
        <text>Passed/agreed to in Senate: Submitted in the Senate, considered, and agreed to without amendment and with a preamble by Unanimous Consent.(consideration: CR S569; text as passed Senate: CR S527-528)</text>
      </item>
      <item>
        <committee />
        <type>IntroReferral</type>
        <links />
        <actionCode>10000</actionCode>
        <sourceSystem>
          <name>Library of Congress</name>
          <code>9</code>
        </sourceSystem>
        <actionDate>2013-02-07</actionDate>
        <text>Introduced in Senate</text>
      </item>
      <actionByCounts>
        <senate>3</senate>
      </actionByCounts>
      <actionTypeCounts>
        <introducedInSenate>1</introducedInSenate>
        <passedAgreedToInSenate>1</passedAgreedToInSenate>
        <passedOrAgreedToInSenateDayOf>1</passedOrAgreedToInSenateDayOf>
      </actionTypeCounts>
    </actions>
    <cosponsors>
      <item>
        <sponsorshipDate>2013-02-07</sponsorshipDate>
        <lastName>COLLINS</lastName>
        <fullName>Sen. Collins, Susan M. [R-ME]</fullName>
        <middleName>MARGARET</middleName>
        <firstName>SUSAN</firstName>
        <sponsorshipWithdrawnDate />
        <identifiers>
          <gpoId>8291</gpoId>
          <lisID>1541</lisID>
          <bioguideId>C001035</bioguideId>
        </identifiers>
        <isOriginalCosponsor>True</isOriginalCosponsor>
        <bioguideId>C001035</bioguideId>
      </item>
      <item>
        <sponsorshipDate>2013-02-07</sponsorshipDate>
        <lastName>Isakson</lastName>
        <fullName>Sen. Isakson, Johnny [R-GA]</fullName>
        <middleName />
        <firstName>Johnny</firstName>
        <sponsorshipWithdrawnDate />
        <identifiers>
          <gpoId>8323</gpoId>
          <lisID>1608</lisID>
          <bioguideId>I000055</bioguideId>
        </identifiers>
        <isOriginalCosponsor>True</isOriginalCosponsor>
        <bioguideId>I000055</bioguideId>
      </item>
      <item>
        <sponsorshipDate>2013-02-07</sponsorshipDate>
        <lastName>LEVIN</lastName>
        <fullName>Sen. Levin, Carl [D-MI]</fullName>
        <middleName>MILTON</middleName>
        <firstName>CARL</firstName>
        <sponsorshipWithdrawnDate />
        <identifiers>
          <lisID>1384</lisID>
          <bioguideId>L000261</bioguideId>
          <gpoId>8243</gpoId>
        </identifiers>
        <isOriginalCosponsor>True</isOriginalCosponsor>
        <bioguideId>L000261</bioguideId>
      </item>
    </cosponsors>
  </bill>
  <dublinCore xmlns:dc="http://purl.org/dc/elements/1.1/">
    <dc:format>text/xml</dc:format>
    <dc:language>EN</dc:language>
    <dc:rights>Pursuant to Title 17 Section 105 of the United States Code, this file is not subject to copyright protection and is in the public domain.</dc:rights>
    <dc:contributor>Congressional Research Service, Library of Congress</dc:contributor>
    <dc:description>This file contains bill summaries and statuses for federal legislation. A bill summary describes the most significant provisions of a piece of legislation and details the effects the legislative text may have on current law and federal programs. Bill summaries are authored by the Congressional Research Service (CRS) of the Library of Congress. As stated in Public Law 91-510 (2 USC 166 (d)(6)), one of the duties of CRS is "to prepare summaries and digests of bills and resolutions of a public general nature introduced in the Senate or House of Representatives". For more information, refer to the User Guide that accompanies this file.</dc:description>
  </dublinCore>
</billStatus>

