<?xml version="1.0" encoding="UTF-8"?>
<billStatus>
  <bill>
    <latestAction>
      <actionDate>2013-09-19</actionDate>
      <text>Referred to the Committee on Rules and Administration.</text>
      <links />
    </latestAction>
    <committeeReports />
    <cboCostEstimates />
    <billType>SRES</billType>
    <relatedBills>
      <item>
        <latestAction>
          <actionDate>2013-02-27</actionDate>
          <text>Referred to the Committee on Rules and Administration.</text>
        </latestAction>
        <number>59</number>
        <congress>113</congress>
        <type>SRES</type>
        <latestTitle>An original resolution authorizing expenditures by the Committee on Finance.</latestTitle>
        <relationshipDetails>
          <item>
            <type>Related bill</type>
            <identifiedBy>CRS</identifiedBy>
          </item>
        </relationshipDetails>
      </item>
    </relatedBills>
    <createDate>2013-09-20T07:01:06Z</createDate>
    <title>An original resolution authorizing expenditures by the Committee on Finance.</title>
    <cosponsors />
    <updateDate>2016-10-25T16:18:41Z</updateDate>
    <amendments />
    <originChamber>Senate</originChamber>
    <subjects>
      <billSubjects>
        <policyArea>
          <name>Congress</name>
        </policyArea>
        <legislativeSubjects>
          <item>
            <name>Congressional committees</name>
          </item>
          <item>
            <name>Senate Committee on Finance</name>
          </item>
        </legislativeSubjects>
      </billSubjects>
    </subjects>
    <policyArea>
      <name>Congress</name>
    </policyArea>
    <congress>113</congress>
    <summaries>
      <billSummaries>
        <item>
          <actionDesc>Introduced in Senate</actionDesc>
          <actionDate>2013-09-19</actionDate>
          <updateDate>2013-09-19T04:00:00Z</updateDate>
          <versionCode>00</versionCode>
          <lastSummaryUpdateDate>2013-09-23T20:32:42Z</lastSummaryUpdateDate>
          <name>Introduced in Senate</name>
          <text><![CDATA[<p>Authorizes expenditures by the Senate Committee on Finance for the 113th Congress. </p>]]></text>
        </item>
        <item>
          <actionDesc>Reported to Senate without amendment</actionDesc>
          <actionDate>2013-09-19</actionDate>
          <updateDate>2013-09-19T11:56:46Z</updateDate>
          <versionCode>80</versionCode>
          <lastSummaryUpdateDate>2013-09-23T20:32:35Z</lastSummaryUpdateDate>
          <name>Reported to Senate without amendment</name>
          <text><![CDATA[<p><b>(This measure has not been amended since it was introduced. The summary of that version is repeated here.)</b></p> <p>Authorizes expenditures by the Senate Committee on Finance for the 113th Congress. </p>]]></text>
        </item>
      </billSummaries>
    </summaries>
    <sponsors>
      <item>
        <fullName>Sen. Baucus, Max [D-MT]</fullName>
        <byRequestType />
        <bioguideId>B000243</bioguideId>
        <firstName>MAX</firstName>
        <middleName>SIEBEN</middleName>
        <identifiers>
          <gpoId>8298</gpoId>
          <lisID>66</lisID>
          <bioguideId>B000243</bioguideId>
        </identifiers>
        <lastName>BAUCUS</lastName>
      </item>
    </sponsors>
    <calendarNumbers />
    <laws />
    <introducedDate>2013-09-19</introducedDate>
    <billNumber>249</billNumber>
    <actions>
      <actionTypeCounts>
        <referredToCommittee>1</referredToCommittee>
        <reportedToSenate>1</reportedToSenate>
        <originalBillReported>1</originalBillReported>
        <introducedInSenate>1</introducedInSenate>
      </actionTypeCounts>
      <actionByCounts>
        <senate>4</senate>
      </actionByCounts>
      <item>
        <actionDate>2013-09-19</actionDate>
        <committee>
          <name>Rules and Administration Committee</name>
          <systemCode>ssra00</systemCode>
        </committee>
        <links />
        <sourceSystem>
          <name>Senate</name>
          <code>0</code>
        </sourceSystem>
        <text>Referred to the Committee on Rules and Administration.</text>
        <type>IntroReferral</type>
      </item>
      <item>
        <actionDate>2013-09-19</actionDate>
        <committee>
          <name>Finance Committee</name>
          <systemCode>ssfi00</systemCode>
        </committee>
        <links>
          <link>
            <name>S6664</name>
            <url>/congressional-record/2013/senate-section/page/S6664</url>
          </link>
        </links>
        <sourceSystem>
          <name>Senate</name>
          <code>0</code>
        </sourceSystem>
        <text>Committee on Finance. Original measure reported to Senate by Senator Baucus. Without written report. (text of measure as reported in Senate: CR S6664)</text>
        <type>Committee</type>
      </item>
      <item>
        <committee>
          <name>Finance Committee</name>
          <systemCode>ssfi00</systemCode>
        </committee>
        <sourceSystem>
          <name>Library of Congress</name>
          <code>9</code>
        </sourceSystem>
        <type>Committee</type>
        <text>Committee on Finance. Original measure reported to Senate by Senator Baucus. Without written report.(text of measure as reported in Senate: CR S6664)</text>
        <actionDate>2013-09-19</actionDate>
        <links>
          <link>
            <name>S6664</name>
            <url>/congressional-record/2013/senate-section/page/S6664</url>
          </link>
        </links>
        <actionCode>14000</actionCode>
      </item>
      <item>
        <committee />
        <sourceSystem>
          <name>Library of Congress</name>
          <code>9</code>
        </sourceSystem>
        <type>IntroReferral</type>
        <text>Introduced in Senate</text>
        <actionDate>2013-09-19</actionDate>
        <links />
        <actionCode>10000</actionCode>
      </item>
    </actions>
    <notes />
    <titles>
      <item>
        <chamberCode />
        <parentTitleType />
        <titleType>Official Title as Introduced</titleType>
        <title>An original resolution authorizing expenditures by the Committee on Finance.</title>
        <chamberName />
      </item>
      <item>
        <chamberCode />
        <parentTitleType />
        <titleType>Display Title</titleType>
        <title>An original resolution authorizing expenditures by the Committee on Finance.</title>
        <chamberName />
      </item>
    </titles>
    <recordedVotes />
    <committees>
      <billCommittees>
        <item>
          <name>Rules and Administration Committee</name>
          <subcommittees />
          <chamber>Senate</chamber>
          <type>Standing</type>
          <systemCode>ssra00</systemCode>
          <activities>
            <item>
              <name>Referred to</name>
              <date>2013-09-19T21:29:10Z</date>
            </item>
          </activities>
        </item>
        <item>
          <name>Finance Committee</name>
          <subcommittees />
          <chamber>Senate</chamber>
          <type>Standing</type>
          <systemCode>ssfi00</systemCode>
          <activities>
            <item>
              <name>Reported original measure</name>
              <date>2013-09-19T21:28:56Z</date>
            </item>
          </activities>
        </item>
      </billCommittees>
    </committees>
  </bill>
  <dublinCore xmlns:dc="http://purl.org/dc/elements/1.1/">
    <dc:format>text/xml</dc:format>
    <dc:language>EN</dc:language>
    <dc:rights>Pursuant to Title 17 Section 105 of the United States Code, this file is not subject to copyright protection and is in the public domain.</dc:rights>
    <dc:contributor>Congressional Research Service, Library of Congress</dc:contributor>
    <dc:description>This file contains bill summaries and statuses for federal legislation. A bill summary describes the most significant provisions of a piece of legislation and details the effects the legislative text may have on current law and federal programs. Bill summaries are authored by the Congressional Research Service (CRS) of the Library of Congress. As stated in Public Law 91-510 (2 USC 166 (d)(6)), one of the duties of CRS is "to prepare summaries and digests of bills and resolutions of a public general nature introduced in the Senate or House of Representatives". For more information, refer to the User Guide that accompanies this file.</dc:description>
  </dublinCore>
</billStatus>

