<?xml version="1.0" encoding="UTF-8"?>
<billStatus>
  <bill>
    <cosponsors>
      <item>
        <middleName>J.</middleName>
        <firstName>RICHARD</firstName>
        <identifiers>
          <gpoId>8326</gpoId>
          <lisID>326</lisID>
          <bioguideId>D000563</bioguideId>
        </identifiers>
        <bioguideId>D000563</bioguideId>
        <fullName>Sen. Durbin, Richard [D-IL]</fullName>
        <lastName>DURBIN</lastName>
        <sponsorshipWithdrawnDate />
        <sponsorshipDate>2014-12-11</sponsorshipDate>
        <isOriginalCosponsor>False</isOriginalCosponsor>
      </item>
    </cosponsors>
    <latestAction>
      <actionDate>2014-12-16</actionDate>
      <links />
      <text>Resolution agreed to in Senate with an amendment and an amended preamble by Unanimous Consent. (consideration: CR S6929; text as passed Senate: CR S6929)</text>
    </latestAction>
    <amendments />
    <notes />
    <laws />
    <createDate>2014-12-09T05:02:06Z</createDate>
    <summaries>
      <billSummaries>
        <item>
          <actionDesc>Introduced in Senate</actionDesc>
          <actionDate>2014-12-08</actionDate>
          <updateDate>2014-12-08T05:00:00Z</updateDate>
          <versionCode>00</versionCode>
          <lastSummaryUpdateDate>2014-12-10T21:58:18Z</lastSummaryUpdateDate>
          <name>Introduced in Senate</name>
          <text><![CDATA[<p>Recognizes Nobel Laureates Kailash Satyarthi and Malala Yousafzai as symbols of peace and advocates for ending the financial exploitation of children and for the right of all children to an education. </p> <p>Commends all individuals working around the world to end the scourge of child slavery and to advance education for all children.</p> <p>Recognizes the challenges that remain in ending the financial exploitation of children and providing access to an education for all children.</p> <p>Urges all governments, civil society organizations, businesses, and individuals to unite in the common purpose of protecting children from losing their childhoods as well as their futures.</p> <p>Recognizes the dedication and commitment to freedom, the rights of children, and the endurance of the human spirit, demonstrated by all individuals who make sacrifices to build a more peaceful world.</p>]]></text>
        </item>
        <item>
          <actionDesc>Reported to Senate amended</actionDesc>
          <actionDate>2014-12-11</actionDate>
          <updateDate>2014-12-11T18:38:59Z</updateDate>
          <versionCode>01</versionCode>
          <lastSummaryUpdateDate>2014-12-22T15:38:00Z</lastSummaryUpdateDate>
          <name>Reported to Senate amended</name>
          <text><![CDATA[<p>Recognizes Nobel Laureates Kailash Satyarthi and Malala Yousafzai as symbols of peace and advocates for ending the financial exploitation of children and for the opportunity of all children to have access to education. </p> <p>Commends all individuals working around the world to end the scourge of child slavery and to advance education for all children.</p> <p>Recognizes the challenges that remain in ending the financial exploitation of children and providing access to an education for all children.</p> <p>Urges all governments, civil society organizations, businesses, and individuals to unite in the common purpose of protecting children from losing their childhoods as well as their futures.</p> <p>Recognizes the dedication and commitment to freedom, the rights of children, and the endurance of the human spirit demonstrated by all individuals who make sacrifices to build a more peaceful world.</p>]]></text>
        </item>
        <item>
          <actionDesc>Passed Senate amended</actionDesc>
          <actionDate>2014-12-16</actionDate>
          <updateDate>2014-12-16T15:01:53Z</updateDate>
          <versionCode>35</versionCode>
          <lastSummaryUpdateDate>2014-12-22T16:09:10Z</lastSummaryUpdateDate>
          <name>Passed Senate amended</name>
          <text><![CDATA[<p><b>(This measure has not been amended since it was reported to the Senate on December 11, 2014. The summary of that version is repeated here.)</b></p> <p>Recognizes Nobel Laureates Kailash Satyarthi and Malala Yousafzai as symbols of peace and advocates for ending the financial exploitation of children and for the opportunity of all children to have access to education. </p> <p>Commends all individuals working around the world to end the scourge of child slavery and to advance education for all children.</p> <p>Recognizes the challenges that remain in ending the financial exploitation of children and providing access to an education for all children.</p> <p>Urges all governments, civil society organizations, businesses, and individuals to unite in the common purpose of protecting children from losing their childhoods as well as their futures.</p> <p>Recognizes the dedication and commitment to freedom, the rights of children, and the endurance of the human spirit demonstrated by all individuals who make sacrifices to build a more peaceful world.</p>]]></text>
        </item>
      </billSummaries>
    </summaries>
    <titles>
      <item>
        <chamberName />
        <parentTitleType />
        <titleType>Official Title as Introduced</titleType>
        <chamberCode />
        <title>A resolution recognizing Nobel Laureates Kailash Satyarthi and Malala Yousafzai for their efforts to end the financial exploitation of children and to ensure the right of all children to an education.</title>
      </item>
      <item>
        <chamberName />
        <parentTitleType />
        <titleType>Display Title</titleType>
        <chamberCode />
        <title>A resolution recognizing Nobel Laureates Kailash Satyarthi and Malala Yousafzai for their efforts to end the financial exploitation of children and to ensure the right of all children to an education.</title>
      </item>
    </titles>
    <calendarNumbers>
      <item>
        <calendar>Senate Calendar of Business</calendar>
        <number>0648</number>
      </item>
    </calendarNumbers>
    <updateDate>2016-10-25T16:19:33Z</updateDate>
    <introducedDate>2014-12-08</introducedDate>
    <recordedVotes />
    <policyArea>
      <name>International Affairs</name>
    </policyArea>
    <subjects>
      <billSubjects>
        <policyArea>
          <name>International Affairs</name>
        </policyArea>
        <legislativeSubjects>
          <item>
            <name>Asia</name>
          </item>
          <item>
            <name>Child safety and welfare</name>
          </item>
          <item>
            <name>Congressional tributes</name>
          </item>
          <item>
            <name>Elementary and secondary education</name>
          </item>
          <item>
            <name>Human rights</name>
          </item>
          <item>
            <name>India</name>
          </item>
          <item>
            <name>Pakistan</name>
          </item>
          <item>
            <name>Women's education</name>
          </item>
          <item>
            <name>Women's rights</name>
          </item>
          <item>
            <name>Youth employment and child labor</name>
          </item>
        </legislativeSubjects>
      </billSubjects>
    </subjects>
    <actions>
      <item>
        <actionDate>2014-12-16</actionDate>
        <committee />
        <links>
          <link>
            <name>S6929</name>
            <url>/congressional-record/2014/senate-section/page/S6929</url>
          </link>
        </links>
        <sourceSystem>
          <name>Senate</name>
          <code>0</code>
        </sourceSystem>
        <text>Resolution agreed to in Senate with an amendment and an amended preamble by Unanimous Consent. (consideration: CR S6929; text as passed Senate: CR S6929)</text>
        <type>Floor</type>
      </item>
      <item>
        <actionDate>2014-12-16</actionDate>
        <committee />
        <actionCode>17000</actionCode>
        <links>
          <link>
            <name>S6929</name>
            <url>/congressional-record/2014/senate-section/page/S6929</url>
          </link>
        </links>
        <type>Floor</type>
        <sourceSystem>
          <name>Library of Congress</name>
          <code>9</code>
        </sourceSystem>
        <text>Passed/agreed to in Senate: Resolution agreed to in Senate with an amendment and an amended preamble by Unanimous Consent.(consideration: CR S6929; text as passed Senate: CR S6929)</text>
      </item>
      <item>
        <actionDate>2014-12-11</actionDate>
        <committee />
        <links />
        <sourceSystem>
          <name>Senate</name>
          <code>0</code>
        </sourceSystem>
        <text>Placed on Senate Legislative Calendar under General Orders. Calendar No. 648.</text>
        <type>Calendars</type>
      </item>
      <item>
        <actionDate>2014-12-11</actionDate>
        <committee>
          <name>Foreign Relations Committee</name>
          <systemCode>ssfr00</systemCode>
        </committee>
        <links />
        <sourceSystem>
          <name>Senate</name>
          <code>0</code>
        </sourceSystem>
        <text>Committee on Foreign Relations. Reported by Senator Menendez with an amendment in the nature of a substitute and with an amended preamble. Without written report.</text>
        <type>Committee</type>
      </item>
      <item>
        <actionDate>2014-12-11</actionDate>
        <committee>
          <name>Foreign Relations Committee</name>
          <systemCode>ssfr00</systemCode>
        </committee>
        <actionCode>14000</actionCode>
        <links />
        <type>Committee</type>
        <sourceSystem>
          <name>Library of Congress</name>
          <code>9</code>
        </sourceSystem>
        <text>Committee on Foreign Relations. Reported by Senator Menendez with an amendment in the nature of a substitute and with an amended preamble. Without written report.</text>
      </item>
      <item>
        <actionDate>2014-12-11</actionDate>
        <committee>
          <name>Foreign Relations Committee</name>
          <systemCode>ssfr00</systemCode>
        </committee>
        <links />
        <sourceSystem>
          <name>Senate</name>
          <code>0</code>
        </sourceSystem>
        <text>Committee on Foreign Relations. Ordered to be reported with an amendment in the nature of a substitute favorably.</text>
        <type>Committee</type>
      </item>
      <item>
        <actionDate>2014-12-08</actionDate>
        <committee>
          <name>Foreign Relations Committee</name>
          <systemCode>ssfr00</systemCode>
        </committee>
        <links>
          <link>
            <name>S6389</name>
            <url>/congressional-record/2014/senate-section/page/S6389</url>
          </link>
        </links>
        <sourceSystem>
          <name>Senate</name>
          <code>0</code>
        </sourceSystem>
        <text>Referred to the Committee on Foreign Relations. (text of measure as introduced: CR S6389)</text>
        <type>IntroReferral</type>
      </item>
      <item>
        <actionDate>2014-12-08</actionDate>
        <committee />
        <actionCode>10000</actionCode>
        <links />
        <type>IntroReferral</type>
        <sourceSystem>
          <name>Library of Congress</name>
          <code>9</code>
        </sourceSystem>
        <text>Introduced in Senate</text>
      </item>
      <actionByCounts>
        <senate>8</senate>
      </actionByCounts>
      <actionTypeCounts>
        <placedOnCalendarGeneralOrders>1</placedOnCalendarGeneralOrders>
        <orderedReported>1</orderedReported>
        <agreedToInSenate>1</agreedToInSenate>
        <introducedInSenate>1</introducedInSenate>
        <reportedToSenate>2</reportedToSenate>
        <referredToCommittee>1</referredToCommittee>
        <passedAgreedToInSenate>1</passedAgreedToInSenate>
      </actionTypeCounts>
    </actions>
    <originChamber>Senate</originChamber>
    <committees>
      <billCommittees>
        <item>
          <name>Foreign Relations Committee</name>
          <type>Standing</type>
          <subcommittees />
          <chamber>Senate</chamber>
          <activities>
            <item>
              <name>Reported by</name>
              <date>2014-12-12T00:17:06Z</date>
            </item>
            <item>
              <name>Markup by</name>
              <date>2014-12-11T18:29:07Z</date>
            </item>
            <item>
              <name>Referred to</name>
              <date>2014-12-08T22:13:29Z</date>
            </item>
          </activities>
          <systemCode>ssfr00</systemCode>
        </item>
      </billCommittees>
    </committees>
    <cboCostEstimates />
    <billNumber>595</billNumber>
    <title>A resolution recognizing Nobel Laureates Kailash Satyarthi and Malala Yousafzai for their efforts to end the financial exploitation of children and to ensure the right of all children to an education.</title>
    <billType>SRES</billType>
    <committeeReports />
    <congress>113</congress>
    <sponsors>
      <item>
        <lastName>HARKIN</lastName>
        <fullName>Sen. Harkin, Tom [D-IA]</fullName>
        <byRequestType />
        <identifiers>
          <gpoId>8317</gpoId>
          <lisID>501</lisID>
          <bioguideId>H000206</bioguideId>
        </identifiers>
        <bioguideId>H000206</bioguideId>
        <firstName>THOMAS</firstName>
        <middleName>RICHARD</middleName>
      </item>
    </sponsors>
    <relatedBills />
  </bill>
  <dublinCore xmlns:dc="http://purl.org/dc/elements/1.1/">
    <dc:format>text/xml</dc:format>
    <dc:language>EN</dc:language>
    <dc:rights>Pursuant to Title 17 Section 105 of the United States Code, this file is not subject to copyright protection and is in the public domain.</dc:rights>
    <dc:contributor>Congressional Research Service, Library of Congress</dc:contributor>
    <dc:description>This file contains bill summaries and statuses for federal legislation. A bill summary describes the most significant provisions of a piece of legislation and details the effects the legislative text may have on current law and federal programs. Bill summaries are authored by the Congressional Research Service (CRS) of the Library of Congress. As stated in Public Law 91-510 (2 USC 166 (d)(6)), one of the duties of CRS is "to prepare summaries and digests of bills and resolutions of a public general nature introduced in the Senate or House of Representatives". For more information, refer to the User Guide that accompanies this file.</dc:description>
  </dublinCore>
</billStatus>

