<?xml version="1.0" encoding="UTF-8"?>
<billStatus>
  <bill>
    <billNumber>375</billNumber>
    <titles>
      <item>
        <title>A resolution concerning the crisis in the Central African Republic and supporting United States and international efforts to end the violence, protect civilians, and address root causes of the conflict.</title>
        <titleType>Official Title as Introduced</titleType>
        <parentTitleType />
        <chamberName />
        <chamberCode />
      </item>
      <item>
        <title>A resolution concerning the crisis in the Central African Republic and supporting United States and international efforts to end the violence, protect civilians, and address root causes of the conflict.</title>
        <titleType>Display Title</titleType>
        <parentTitleType />
        <chamberName />
        <chamberCode />
      </item>
    </titles>
    <actions>
      <item>
        <actionDate>2014-03-13</actionDate>
        <committee />
        <links>
          <link>
            <url>/congressional-record/2014/senate-section/page/S1668-1669</url>
            <name>S1668-1669</name>
          </link>
        </links>
        <sourceSystem>
          <code>0</code>
          <name>Senate</name>
        </sourceSystem>
        <text>Resolution agreed to in Senate with an amendment and an amended preamble by Unanimous Consent. (consideration: CR S1668-1669; text as passed Senate: CR S1668-1669)</text>
        <type>Floor</type>
      </item>
      <item>
        <type>Floor</type>
        <sourceSystem>
          <code>9</code>
          <name>Library of Congress</name>
        </sourceSystem>
        <text>Passed/agreed to in Senate: Resolution agreed to in Senate with an amendment and an amended preamble by Unanimous Consent.(consideration: CR S1668-1669; text as passed Senate: CR S1668-1669)</text>
        <committee />
        <actionDate>2014-03-13</actionDate>
        <links>
          <link>
            <url>/congressional-record/2014/senate-section/page/S1668-1669</url>
            <name>S1668-1669</name>
          </link>
        </links>
        <actionCode>17000</actionCode>
      </item>
      <item>
        <actionDate>2014-03-11</actionDate>
        <committee />
        <links />
        <sourceSystem>
          <code>0</code>
          <name>Senate</name>
        </sourceSystem>
        <text>Placed on Senate Legislative Calendar under General Orders. Calendar No. 324.</text>
        <type>Calendars</type>
      </item>
      <item>
        <actionDate>2014-03-11</actionDate>
        <committee>
          <systemCode>ssfr00</systemCode>
          <name>Foreign Relations Committee</name>
        </committee>
        <links />
        <sourceSystem>
          <code>0</code>
          <name>Senate</name>
        </sourceSystem>
        <text>Committee on Foreign Relations. Reported by Senator Menendez with an amendment and with an amended preamble. Without written report.</text>
        <type>Committee</type>
      </item>
      <item>
        <type>Committee</type>
        <sourceSystem>
          <code>9</code>
          <name>Library of Congress</name>
        </sourceSystem>
        <text>Committee on Foreign Relations. Reported by Senator Menendez with an amendment and with an amended preamble. Without written report.</text>
        <committee>
          <systemCode>ssfr00</systemCode>
          <name>Foreign Relations Committee</name>
        </committee>
        <actionDate>2014-03-11</actionDate>
        <links />
        <actionCode>14000</actionCode>
      </item>
      <item>
        <actionDate>2014-03-11</actionDate>
        <committee>
          <systemCode>ssfr00</systemCode>
          <name>Foreign Relations Committee</name>
        </committee>
        <links />
        <sourceSystem>
          <code>0</code>
          <name>Senate</name>
        </sourceSystem>
        <text>Committee on Foreign Relations. Ordered to be reported with an amendment in the nature of a substitute favorably.</text>
        <type>Committee</type>
      </item>
      <item>
        <actionDate>2014-03-05</actionDate>
        <committee>
          <systemCode>ssfr00</systemCode>
          <name>Foreign Relations Committee</name>
        </committee>
        <links>
          <link>
            <url>/congressional-record/2014/senate-section/page/S1325</url>
            <name>S1325</name>
          </link>
        </links>
        <sourceSystem>
          <code>0</code>
          <name>Senate</name>
        </sourceSystem>
        <text>Referred to the Committee on Foreign Relations. (text of measure as introduced: CR S1325)</text>
        <type>IntroReferral</type>
      </item>
      <item>
        <type>IntroReferral</type>
        <sourceSystem>
          <code>9</code>
          <name>Library of Congress</name>
        </sourceSystem>
        <text>Introduced in Senate</text>
        <committee />
        <actionDate>2014-03-05</actionDate>
        <links />
        <actionCode>10000</actionCode>
      </item>
      <actionTypeCounts>
        <agreedToInSenate>1</agreedToInSenate>
        <referredToCommittee>1</referredToCommittee>
        <orderedReported>1</orderedReported>
        <placedOnCalendarGeneralOrders>1</placedOnCalendarGeneralOrders>
        <passedAgreedToInSenate>1</passedAgreedToInSenate>
        <introducedInSenate>1</introducedInSenate>
        <reportedToSenate>2</reportedToSenate>
      </actionTypeCounts>
      <actionByCounts>
        <senate>8</senate>
      </actionByCounts>
    </actions>
    <updateDate>2016-10-25T16:19:00Z</updateDate>
    <summaries>
      <billSummaries>
        <item>
          <versionCode>00</versionCode>
          <actionDesc>Introduced in Senate</actionDesc>
          <text><![CDATA[<p>Condemns the violence, atrocities, and human rights violations committed by all parties to the conflict in the Central African Republic.</p> <p> Commends the conflict resolution efforts of religious and community leaders in the Central African Republic. </p> <p> Welcomes the mobilization of international peacekeeping, humanitarian, and diplomatic resources, and encourages continued efforts to address humanitarian needs, bring an end to the violence, and develop sustainable democratic institutions in the Central African Republic. </p> <p>Welcomes the January 2014 decision of the Transitional National Council on the election of Catherine Samba-Panza as the Central African Republic's new transitional president.</p> <p>Commends the African Union and its contributing countries for their efforts. </p> <p>Recognizes the Economic Community of Central African States for its leadership in the political transition process. </p> <p>Commends France for its stabilization efforts and other assistance.</p> <p>Calls on the President to: (1) work with international partners to support a cessation of armed conflict in the Central African Republic, and (2) develop a long-term U.S. strategy for a durable peace and greater security for the Central African Republic and to enhance regional stability. </p> <p>Urges the Secretary of State to consider the reestablishment of a U.S. diplomatic presence in the Central African Republic.</p>]]></text>
          <lastSummaryUpdateDate>2014-03-06T21:45:48Z</lastSummaryUpdateDate>
          <name>Introduced in Senate</name>
          <actionDate>2014-03-05</actionDate>
          <updateDate>2014-03-05T05:00:00Z</updateDate>
        </item>
        <item>
          <versionCode>01</versionCode>
          <actionDesc>Reported to Senate amended</actionDesc>
          <text><![CDATA[<p>Condemns the violence, atrocities, and human rights violations committed by all parties to the conflict in the Central African Republic.</p> <p> Commends the conflict resolution efforts of religious and community leaders in the Central African Republic. </p> <p> Welcomes the mobilization of international peacekeeping, humanitarian, and diplomatic resources, and encourages continued efforts to address humanitarian needs, bring an end to the violence, and develop sustainable democratic institutions in the Central African Republic. </p> <p>Welcomes the January 2014 decision of the Transitional National Council on the election of Catherine Samba-Panza as the Central African Republic's new transitional president.</p> <p>Commends the African Union and its contributing countries for their efforts. </p> <p>Recognizes the Economic Community of Central African States for its leadership in the political transition process. </p> <p>Commends France for its stabilization efforts and other assistance.</p> <p>Calls on the President to: (1) work with international partners to support a cessation of armed conflict in the Central African Republic, and (2) develop a long-term U.S. strategy for a durable peace and greater security for the Central African Republic and to enhance regional stability. </p> <p>Urges the Secretary of State to consider the reestablishment of a U.S. diplomatic presence in the Central African Republic.</p>]]></text>
          <lastSummaryUpdateDate>2014-03-18T18:27:47Z</lastSummaryUpdateDate>
          <name>Reported to Senate amended</name>
          <actionDate>2014-03-11</actionDate>
          <updateDate>2014-03-11T11:56:07Z</updateDate>
        </item>
        <item>
          <versionCode>35</versionCode>
          <actionDesc>Passed Senate amended</actionDesc>
          <text><![CDATA[<p><b>(This measure has not been amended since it was reported to the Senate on March 11, 2014. The summary of that version is repeated here.)</b></p> <p>Condemns the violence, atrocities, and human rights violations committed by all parties to the conflict in the Central African Republic.</p> <p> Commends the conflict resolution efforts of religious and community leaders in the Central African Republic. </p> <p> Welcomes the mobilization of international peacekeeping, humanitarian, and diplomatic resources, and encourages continued efforts to address humanitarian needs, bring an end to the violence, and develop sustainable democratic institutions in the Central African Republic. </p> <p>Welcomes the January 2014 decision of the Transitional National Council on the election of Catherine Samba-Panza as the Central African Republic's new transitional president.</p> <p>Commends the African Union and its contributing countries for their efforts. </p> <p>Recognizes the Economic Community of Central African States for its leadership in the political transition process. </p> <p>Commends France for its stabilization efforts and other assistance.</p> <p>Calls on the President to: (1) work with international partners to support a cessation of armed conflict in the Central African Republic, and (2) develop a long-term U.S. strategy for a durable peace and greater security for the Central African Republic and to enhance regional stability. </p> <p>Urges the Secretary of State to consider the reestablishment of a U.S. diplomatic presence in the Central African Republic.</p>]]></text>
          <lastSummaryUpdateDate>2014-03-18T18:46:37Z</lastSummaryUpdateDate>
          <name>Passed Senate amended</name>
          <actionDate>2014-03-13</actionDate>
          <updateDate>2014-03-13T13:04:55Z</updateDate>
        </item>
      </billSummaries>
    </summaries>
    <sponsors>
      <item>
        <firstName>Christopher</firstName>
        <fullName>Sen. Coons, Christopher A. [D-DE]</fullName>
        <middleName>A.</middleName>
        <bioguideId>C001088</bioguideId>
        <byRequestType />
        <lastName>Coons</lastName>
        <identifiers>
          <lisID>1984</lisID>
          <bioguideId>C001088</bioguideId>
          <gpoId>8297</gpoId>
        </identifiers>
      </item>
    </sponsors>
    <congress>113</congress>
    <notes />
    <committees>
      <billCommittees>
        <item>
          <systemCode>ssfr00</systemCode>
          <subcommittees />
          <chamber>Senate</chamber>
          <type>Standing</type>
          <name>Foreign Relations Committee</name>
          <activities>
            <item>
              <name>Reported by</name>
              <date>2014-03-11T22:13:40Z</date>
            </item>
            <item>
              <name>Markup by</name>
              <date>2014-03-11T18:15:00Z</date>
            </item>
            <item>
              <name>Referred to</name>
              <date>2014-03-06T00:37:15Z</date>
            </item>
          </activities>
        </item>
      </billCommittees>
    </committees>
    <introducedDate>2014-03-05</introducedDate>
    <createDate>2014-03-06T07:01:04Z</createDate>
    <policyArea>
      <name>International Affairs</name>
    </policyArea>
    <laws />
    <billType>SRES</billType>
    <subjects>
      <billSubjects>
        <policyArea>
          <name>International Affairs</name>
        </policyArea>
        <legislativeSubjects>
          <item>
            <name>Africa</name>
          </item>
          <item>
            <name>Central African Republic</name>
          </item>
          <item>
            <name>Child safety and welfare</name>
          </item>
          <item>
            <name>Conflicts and wars</name>
          </item>
          <item>
            <name>Congressional tributes</name>
          </item>
          <item>
            <name>Diplomacy, foreign officials, Americans abroad</name>
          </item>
          <item>
            <name>Europe</name>
          </item>
          <item>
            <name>Foreign aid and international relief</name>
          </item>
          <item>
            <name>France</name>
          </item>
          <item>
            <name>Human rights</name>
          </item>
          <item>
            <name>International organizations and cooperation</name>
          </item>
          <item>
            <name>Military operations and strategy</name>
          </item>
          <item>
            <name>Religion</name>
          </item>
          <item>
            <name>Sovereignty, recognition, national governance and status</name>
          </item>
          <item>
            <name>United Nations</name>
          </item>
        </legislativeSubjects>
      </billSubjects>
    </subjects>
    <cosponsors>
      <item>
        <firstName>JEFF</firstName>
        <fullName>Sen. Flake, Jeff [R-AZ]</fullName>
        <identifiers>
          <bioguideId>F000444</bioguideId>
          <lisID>1633</lisID>
          <gpoId>7803</gpoId>
        </identifiers>
        <bioguideId>F000444</bioguideId>
        <sponsorshipWithdrawnDate />
        <middleName />
        <isOriginalCosponsor>True</isOriginalCosponsor>
        <sponsorshipDate>2014-03-05</sponsorshipDate>
        <lastName>FLAKE</lastName>
      </item>
    </cosponsors>
    <calendarNumbers>
      <item>
        <number>0324</number>
        <calendar>Senate Calendar of Business</calendar>
      </item>
    </calendarNumbers>
    <relatedBills />
    <amendments />
    <recordedVotes />
    <title>A resolution concerning the crisis in the Central African Republic and supporting United States and international efforts to end the violence, protect civilians, and address root causes of the conflict.</title>
    <latestAction>
      <actionDate>2014-03-13</actionDate>
      <text>Resolution agreed to in Senate with an amendment and an amended preamble by Unanimous Consent. (consideration: CR S1668-1669; text as passed Senate: CR S1668-1669)</text>
      <links />
    </latestAction>
    <cboCostEstimates />
    <originChamber>Senate</originChamber>
    <committeeReports />
  </bill>
  <dublinCore xmlns:dc="http://purl.org/dc/elements/1.1/">
    <dc:format>text/xml</dc:format>
    <dc:language>EN</dc:language>
    <dc:rights>Pursuant to Title 17 Section 105 of the United States Code, this file is not subject to copyright protection and is in the public domain.</dc:rights>
    <dc:contributor>Congressional Research Service, Library of Congress</dc:contributor>
    <dc:description>This file contains bill summaries and statuses for federal legislation. A bill summary describes the most significant provisions of a piece of legislation and details the effects the legislative text may have on current law and federal programs. Bill summaries are authored by the Congressional Research Service (CRS) of the Library of Congress. As stated in Public Law 91-510 (2 USC 166 (d)(6)), one of the duties of CRS is "to prepare summaries and digests of bills and resolutions of a public general nature introduced in the Senate or House of Representatives". For more information, refer to the User Guide that accompanies this file.</dc:description>
  </dublinCore>
</billStatus>

