<?xml version="1.0" encoding="UTF-8"?>
<billStatus>
  <bill>
    <actions>
      <item>
        <actionDate>2013-02-11</actionDate>
        <committee>
          <name>Rules and Administration Committee</name>
          <systemCode>ssra00</systemCode>
        </committee>
        <links>
          <link>
            <name>S594</name>
            <url>/congressional-record/2013/senate-section/page/S594</url>
          </link>
        </links>
        <sourceSystem>
          <name>Senate</name>
          <code>0</code>
        </sourceSystem>
        <text>Referred to the Committee on Rules and Administration. (text of measure as introduced: CR S594)</text>
        <type>IntroReferral</type>
      </item>
      <item>
        <actionDate>2013-02-11</actionDate>
        <committee />
        <actionCode>10000</actionCode>
        <links />
        <type>IntroReferral</type>
        <sourceSystem>
          <name>Library of Congress</name>
          <code>9</code>
        </sourceSystem>
        <text>Introduced in Senate</text>
      </item>
      <actionByCounts>
        <senate>2</senate>
      </actionByCounts>
      <actionTypeCounts>
        <introducedInSenate>1</introducedInSenate>
        <referredToCommittee>1</referredToCommittee>
      </actionTypeCounts>
    </actions>
    <title>A resolution to provide sufficient time for legislation to be read.</title>
    <cosponsors />
    <sponsors>
      <item>
        <middleName />
        <firstName>Rand</firstName>
        <byRequestType />
        <bioguideId>P000603</bioguideId>
        <fullName>Sen. Paul, Rand [R-KY]</fullName>
        <lastName>Paul</lastName>
        <identifiers>
          <bioguideId>P000603</bioguideId>
          <lisID>2082</lisID>
          <gpoId>8308</gpoId>
        </identifiers>
      </item>
    </sponsors>
    <subjects>
      <billSubjects>
        <policyArea>
          <name>Congress</name>
        </policyArea>
        <legislativeSubjects>
          <item>
            <name>Legislative rules and procedure</name>
          </item>
          <item>
            <name>Senate</name>
          </item>
        </legislativeSubjects>
      </billSubjects>
    </subjects>
    <updateDate>2016-10-25T16:18:09Z</updateDate>
    <originChamber>Senate</originChamber>
    <titles>
      <item>
        <title>A resolution to provide sufficient time for legislation to be read.</title>
        <titleType>Official Title as Introduced</titleType>
        <parentTitleType />
        <chamberName />
        <chamberCode />
      </item>
      <item>
        <title>A resolution to provide sufficient time for legislation to be read.</title>
        <titleType>Display Title</titleType>
        <parentTitleType />
        <chamberName />
        <chamberCode />
      </item>
    </titles>
    <createDate>2013-02-12T07:00:50Z</createDate>
    <congress>113</congress>
    <introducedDate>2013-02-11</introducedDate>
    <latestAction>
      <links />
      <actionDate>2013-02-11</actionDate>
      <text>Referred to the Committee on Rules and Administration. (text of measure as introduced: CR S594)</text>
    </latestAction>
    <laws />
    <relatedBills />
    <notes />
    <recordedVotes />
    <cboCostEstimates />
    <policyArea>
      <name>Congress</name>
    </policyArea>
    <billNumber>28</billNumber>
    <billType>SRES</billType>
    <committees>
      <billCommittees>
        <item>
          <activities>
            <item>
              <date>2013-02-11T21:18:34Z</date>
              <name>Referred to</name>
            </item>
          </activities>
          <systemCode>ssra00</systemCode>
          <subcommittees />
          <type>Standing</type>
          <name>Rules and Administration Committee</name>
          <chamber>Senate</chamber>
        </item>
      </billCommittees>
    </committees>
    <amendments />
    <summaries>
      <billSummaries>
        <item>
          <versionCode>00</versionCode>
          <actionDesc>Introduced in Senate</actionDesc>
          <text><![CDATA[<p> Makes it out of order in the Senate to consider any measure or matter until one session day has passed since introduction for every 20 pages included in the measure or matter in the usual form, plus one session day for any number of remaining pages less than 20.</p> <p>Authorizes any Senator to raise a point of order that any measure or matter is not in order. Makes out of order any motion to table such point of order.</p> <p>Allows any Senator to move to waive the point of order by an affirmative yea and nay vote of two-thirds of the Senators. Makes all such motions debatable collectively for up to three hours equally divided between the Senator raising the point for order and the Senator moving to waive it, or their designees. Makes unamendable any motion to waive the point of order.</p>]]></text>
          <lastSummaryUpdateDate>2013-02-20T20:43:27Z</lastSummaryUpdateDate>
          <name>Introduced in Senate</name>
          <actionDate>2013-02-11</actionDate>
          <updateDate>2013-02-11T05:00:00Z</updateDate>
        </item>
      </billSummaries>
    </summaries>
    <calendarNumbers />
    <committeeReports />
  </bill>
  <dublinCore xmlns:dc="http://purl.org/dc/elements/1.1/">
    <dc:format>text/xml</dc:format>
    <dc:language>EN</dc:language>
    <dc:rights>Pursuant to Title 17 Section 105 of the United States Code, this file is not subject to copyright protection and is in the public domain.</dc:rights>
    <dc:contributor>Congressional Research Service, Library of Congress</dc:contributor>
    <dc:description>This file contains bill summaries and statuses for federal legislation. A bill summary describes the most significant provisions of a piece of legislation and details the effects the legislative text may have on current law and federal programs. Bill summaries are authored by the Congressional Research Service (CRS) of the Library of Congress. As stated in Public Law 91-510 (2 USC 166 (d)(6)), one of the duties of CRS is "to prepare summaries and digests of bills and resolutions of a public general nature introduced in the Senate or House of Representatives". For more information, refer to the User Guide that accompanies this file.</dc:description>
  </dublinCore>
</billStatus>

