<?xml version="1.0" encoding="UTF-8"?>
<billStatus>
  <bill>
    <updateDate>2016-10-25T16:19:18Z</updateDate>
    <latestAction>
      <text>Resolution agreed to in Senate without amendment and with a preamble by Unanimous Consent.</text>
      <links />
      <actionDate>2014-07-23</actionDate>
    </latestAction>
    <policyArea>
      <name>Arts, Culture, Religion</name>
    </policyArea>
    <laws />
    <introducedDate>2014-07-14</introducedDate>
    <summaries>
      <billSummaries>
        <item>
          <lastSummaryUpdateDate>2014-09-08T16:31:13Z</lastSummaryUpdateDate>
          <text><![CDATA[<p>Commends the staff, volunteers, and board of directors of the Wright Museum of WWII History in Wolfeboro, New Hampshire, for their efforts to encourage the study of a significant period in U.S. history. </p> <p>Applauds the Wright Museum of WWII History's mission to raise awareness of the contributions and lasting legacy of World War II-era Americans.</p> <p>Recognizes the significance of July 16, 2014, as the 20th anniversary of the opening of the Wright Museum of WWII History. </p>]]></text>
          <updateDate>2014-07-14T04:00:00Z</updateDate>
          <actionDesc>Introduced in Senate</actionDesc>
          <name>Introduced in Senate</name>
          <versionCode>00</versionCode>
          <actionDate>2014-07-14</actionDate>
        </item>
      </billSummaries>
    </summaries>
    <recordedVotes />
    <notes />
    <billNumber>501</billNumber>
    <committeeReports />
    <calendarNumbers />
    <congress>113</congress>
    <amendments />
    <cboCostEstimates />
    <originChamber>Senate</originChamber>
    <createDate>2014-07-15T05:05:24Z</createDate>
    <subjects>
      <billSubjects>
        <legislativeSubjects>
          <item>
            <name>Commemorative events and holidays</name>
          </item>
          <item>
            <name>Conflicts and wars</name>
          </item>
          <item>
            <name>Congressional tributes</name>
          </item>
          <item>
            <name>Military history</name>
          </item>
          <item>
            <name>Museums, exhibitions, cultural centers</name>
          </item>
          <item>
            <name>New Hampshire</name>
          </item>
        </legislativeSubjects>
        <policyArea>
          <name>Arts, Culture, Religion</name>
        </policyArea>
      </billSubjects>
    </subjects>
    <sponsors>
      <item>
        <lastName>Ayotte</lastName>
        <identifiers>
          <bioguideId>A000368</bioguideId>
          <lisID>2075</lisID>
          <gpoId>8315</gpoId>
        </identifiers>
        <firstName>Kelly</firstName>
        <fullName>Sen. Ayotte, Kelly [R-NH]</fullName>
        <bioguideId>A000368</bioguideId>
        <middleName />
        <byRequestType />
      </item>
    </sponsors>
    <cosponsors>
      <item>
        <sponsorshipDate>2014-07-14</sponsorshipDate>
        <lastName>Shaheen</lastName>
        <fullName>Sen. Shaheen, Jeanne [D-NH]</fullName>
        <middleName />
        <firstName>Jeanne</firstName>
        <sponsorshipWithdrawnDate />
        <identifiers>
          <lisID>1901</lisID>
          <gpoId>8276</gpoId>
          <bioguideId>S001181</bioguideId>
        </identifiers>
        <isOriginalCosponsor>True</isOriginalCosponsor>
        <bioguideId>S001181</bioguideId>
      </item>
    </cosponsors>
    <title>A resolution commemorating the 20th anniversary of the Wright Museum of WWII History in Wolfeboro, New Hampshire.</title>
    <actions>
      <item>
        <actionDate>2014-07-23</actionDate>
        <committee />
        <links />
        <sourceSystem>
          <name>Senate</name>
          <code>0</code>
        </sourceSystem>
        <text>Resolution agreed to in Senate without amendment and with a preamble by Unanimous Consent.</text>
        <type>Floor</type>
      </item>
      <item>
        <links />
        <actionCode>17000</actionCode>
        <committee />
        <type>Floor</type>
        <sourceSystem>
          <name>Library of Congress</name>
          <code>9</code>
        </sourceSystem>
        <text>Passed/agreed to in Senate: Resolution agreed to in Senate without amendment and with a preamble by Unanimous Consent.</text>
        <actionDate>2014-07-23</actionDate>
      </item>
      <item>
        <actionDate>2014-07-23</actionDate>
        <committee>
          <systemCode>ssju00</systemCode>
          <name>Judiciary Committee</name>
        </committee>
        <links>
          <link>
            <name>S4846</name>
            <url>/congressional-record/2014/senate-section/page/S4846</url>
          </link>
        </links>
        <sourceSystem>
          <name>Senate</name>
          <code>0</code>
        </sourceSystem>
        <text>Senate Committee on the Judiciary discharged by Unanimous Consent. (consideration: CR S4846)</text>
        <type>Discharge</type>
      </item>
      <item>
        <links>
          <link>
            <name>S4846</name>
            <url>/congressional-record/2014/senate-section/page/S4846</url>
          </link>
        </links>
        <actionCode>14500</actionCode>
        <committee>
          <systemCode>ssju00</systemCode>
          <name>Judiciary Committee</name>
        </committee>
        <type>Committee</type>
        <sourceSystem>
          <name>Library of Congress</name>
          <code>9</code>
        </sourceSystem>
        <text>Senate Committee on the Judiciary discharged by Unanimous Consent.(consideration: CR S4846)</text>
        <actionDate>2014-07-23</actionDate>
      </item>
      <item>
        <actionDate>2014-07-14</actionDate>
        <committee>
          <systemCode>ssju00</systemCode>
          <name>Judiciary Committee</name>
        </committee>
        <links>
          <link>
            <name>S4458</name>
            <url>/congressional-record/2014/senate-section/page/S4458</url>
          </link>
        </links>
        <sourceSystem>
          <name>Senate</name>
          <code>0</code>
        </sourceSystem>
        <text>Referred to the Committee on the Judiciary. (text of measure as introduced: CR S4458)</text>
        <type>IntroReferral</type>
      </item>
      <item>
        <links />
        <actionCode>10000</actionCode>
        <committee />
        <type>IntroReferral</type>
        <sourceSystem>
          <name>Library of Congress</name>
          <code>9</code>
        </sourceSystem>
        <text>Introduced in Senate</text>
        <actionDate>2014-07-14</actionDate>
      </item>
      <actionTypeCounts>
        <introducedInSenate>1</introducedInSenate>
        <agreedToInSenate>1</agreedToInSenate>
        <passedAgreedToInSenate>1</passedAgreedToInSenate>
        <referredToCommittee>1</referredToCommittee>
        <senateCommitteeDischarged>1</senateCommitteeDischarged>
        <committeeDischarged>1</committeeDischarged>
      </actionTypeCounts>
      <actionByCounts>
        <senate>6</senate>
      </actionByCounts>
    </actions>
    <titles>
      <item>
        <parentTitleType />
        <title>A resolution commemorating the 20th anniversary of the Wright Museum of WWII History in Wolfeboro, New Hampshire.</title>
        <chamberName />
        <titleType>Official Title as Introduced</titleType>
        <chamberCode />
      </item>
      <item>
        <parentTitleType />
        <title>A resolution commemorating the 20th anniversary of the Wright Museum of WWII History in Wolfeboro, New Hampshire.</title>
        <chamberName />
        <titleType>Display Title</titleType>
        <chamberCode />
      </item>
    </titles>
    <billType>SRES</billType>
    <relatedBills />
    <committees>
      <billCommittees>
        <item>
          <name>Judiciary Committee</name>
          <subcommittees />
          <chamber>Senate</chamber>
          <type>Standing</type>
          <systemCode>ssju00</systemCode>
          <activities>
            <item>
              <name>Discharged from</name>
              <date>2014-07-23T22:58:56Z</date>
            </item>
            <item>
              <name>Referred to</name>
              <date>2014-07-14T18:40:54Z</date>
            </item>
          </activities>
        </item>
      </billCommittees>
    </committees>
  </bill>
  <dublinCore xmlns:dc="http://purl.org/dc/elements/1.1/">
    <dc:format>text/xml</dc:format>
    <dc:language>EN</dc:language>
    <dc:rights>Pursuant to Title 17 Section 105 of the United States Code, this file is not subject to copyright protection and is in the public domain.</dc:rights>
    <dc:contributor>Congressional Research Service, Library of Congress</dc:contributor>
    <dc:description>This file contains bill summaries and statuses for federal legislation. A bill summary describes the most significant provisions of a piece of legislation and details the effects the legislative text may have on current law and federal programs. Bill summaries are authored by the Congressional Research Service (CRS) of the Library of Congress. As stated in Public Law 91-510 (2 USC 166 (d)(6)), one of the duties of CRS is "to prepare summaries and digests of bills and resolutions of a public general nature introduced in the Senate or House of Representatives". For more information, refer to the User Guide that accompanies this file.</dc:description>
  </dublinCore>
</billStatus>

