<?xml version="1.0" encoding="UTF-8"?>
<billStatus>
  <bill>
    <updateDate>2016-10-25T16:18:50Z</updateDate>
    <latestAction>
      <text>Resolution agreed to in Senate without amendment and an amendment to the Title and with a preamble by Unanimous Consent. (consideration: CR S82; text as passed Senate: CR S82)</text>
      <links />
      <actionDate>2014-01-07</actionDate>
    </latestAction>
    <policyArea>
      <name>International Affairs</name>
    </policyArea>
    <laws />
    <introducedDate>2013-12-11</introducedDate>
    <summaries>
      <billSummaries>
        <item>
          <text><![CDATA[<p>Condemns the political violence in Bangladesh and urges political leaders to engage in a dialogue toward free and credible elections.</p> <p> Supports ongoing efforts by United Nations (U.N.) Assistant Secretary General Oscar Fernandez-Taranco to foster political dialogue in Bangladesh.</p> <p> Urges: (1) the government of Bangladesh to ensure judicial independence, end harassment of human rights activists, and restore the independence of the Grameen Bank; and (2) political leaders in Bangladesh to ensure the safety and access of election observers.</p>]]></text>
          <name>Introduced in Senate</name>
          <versionCode>00</versionCode>
          <actionDate>2013-12-11</actionDate>
          <actionDesc>Introduced in Senate</actionDesc>
          <lastSummaryUpdateDate>2013-12-16T20:02:55Z</lastSummaryUpdateDate>
          <updateDate>2013-12-11T05:00:00Z</updateDate>
        </item>
        <item>
          <text><![CDATA[<p><b>(This measure has not been amended since it was introduced. The summary has been expanded because action occurred on the measure.)</b></p> <p>Condemns the political violence in Bangladesh and urges political leaders to engage in a dialogue toward free and credible elections.</p> <p> Supports ongoing efforts by United Nations (U.N.) Assistant Secretary General Oscar Fernandez-Taranco to foster political dialogue in Bangladesh.</p> <p> Urges: (1) the government of Bangladesh to ensure judicial independence, end harassment of human rights activists, and restore the independence of the Grameen Bank; and (2) political leaders in Bangladesh to ensure the safety and access of election observers, and to rein in and to condemn the violence and provide space for peaceful political protests.</p>]]></text>
          <name>Reported to Senate without amendment</name>
          <versionCode>80</versionCode>
          <actionDate>2013-12-18</actionDate>
          <actionDesc>Reported to Senate without amendment</actionDesc>
          <lastSummaryUpdateDate>2013-12-19T15:50:28Z</lastSummaryUpdateDate>
          <updateDate>2013-12-18T14:56:51Z</updateDate>
        </item>
        <item>
          <text><![CDATA[<p><b>(This measure has not been amended since it was introduced. The expanded summary of the Senate reported version is repeated here.)</b></p> <p>Condemns the political violence in Bangladesh and urges political leaders to engage in a dialogue toward free and credible elections.</p> <p> Supports ongoing efforts by United Nations (U.N.) Assistant Secretary General Oscar Fernandez-Taranco to foster political dialogue in Bangladesh.</p> <p> Urges: (1) the government of Bangladesh to ensure judicial independence, end harassment of human rights activists, and restore the independence of the Grameen Bank; and (2) political leaders in Bangladesh to ensure the safety and access of election observers, and to rein in and to condemn the violence and provide space for peaceful political protests.</p>]]></text>
          <name>Passed Senate without amendment</name>
          <versionCode>82</versionCode>
          <actionDate>2014-01-07</actionDate>
          <actionDesc>Passed Senate without amendment</actionDesc>
          <lastSummaryUpdateDate>2014-01-08T16:52:49Z</lastSummaryUpdateDate>
          <updateDate>2014-01-07T12:12:28Z</updateDate>
        </item>
      </billSummaries>
    </summaries>
    <recordedVotes />
    <notes />
    <billNumber>318</billNumber>
    <committeeReports />
    <calendarNumbers>
      <item>
        <calendar>Senate Calendar of Business</calendar>
        <number>0273</number>
      </item>
    </calendarNumbers>
    <congress>113</congress>
    <amendments />
    <cboCostEstimates />
    <originChamber>Senate</originChamber>
    <createDate>2013-12-12T09:51:23Z</createDate>
    <subjects>
      <billSubjects>
        <policyArea>
          <name>International Affairs</name>
        </policyArea>
        <legislativeSubjects>
          <item>
            <name>Asia</name>
          </item>
          <item>
            <name>Bangladesh</name>
          </item>
          <item>
            <name>Banking and financial institutions regulation</name>
          </item>
          <item>
            <name>Credit and credit markets</name>
          </item>
          <item>
            <name>Diplomacy, foreign officials, Americans abroad</name>
          </item>
          <item>
            <name>Human rights</name>
          </item>
          <item>
            <name>Judicial procedure and administration</name>
          </item>
          <item>
            <name>Protest and dissent</name>
          </item>
          <item>
            <name>Sovereignty, recognition, national governance and status</name>
          </item>
          <item>
            <name>United Nations</name>
          </item>
        </legislativeSubjects>
      </billSubjects>
    </subjects>
    <sponsors>
      <item>
        <lastName>DURBIN</lastName>
        <identifiers>
          <lisID>326</lisID>
          <bioguideId>D000563</bioguideId>
          <gpoId>8326</gpoId>
        </identifiers>
        <firstName>RICHARD</firstName>
        <fullName>Sen. Durbin, Richard [D-IL]</fullName>
        <bioguideId>D000563</bioguideId>
        <middleName>J.</middleName>
        <byRequestType />
      </item>
    </sponsors>
    <cosponsors>
      <item>
        <lastName>ENZI</lastName>
        <identifiers>
          <lisID>1542</lisID>
          <bioguideId>E000285</bioguideId>
          <gpoId>8328</gpoId>
        </identifiers>
        <firstName>MICHAEL</firstName>
        <fullName>Sen. Enzi, Michael B. [R-WY]</fullName>
        <bioguideId>E000285</bioguideId>
        <sponsorshipDate>2013-12-11</sponsorshipDate>
        <middleName>B.</middleName>
        <isOriginalCosponsor>True</isOriginalCosponsor>
        <sponsorshipWithdrawnDate />
      </item>
      <item>
        <lastName>Murphy</lastName>
        <identifiers>
          <gpoId>7870</gpoId>
          <lisID>1837</lisID>
          <bioguideId>M001169</bioguideId>
        </identifiers>
        <firstName>Christopher</firstName>
        <fullName>Sen. Murphy, Christopher S. [D-CT]</fullName>
        <bioguideId>M001169</bioguideId>
        <sponsorshipDate>2013-12-11</sponsorshipDate>
        <middleName>S.</middleName>
        <isOriginalCosponsor>True</isOriginalCosponsor>
        <sponsorshipWithdrawnDate />
      </item>
      <item>
        <lastName>BOXER</lastName>
        <identifiers>
          <lisID>116</lisID>
          <bioguideId>B000711</bioguideId>
          <gpoId>8306</gpoId>
        </identifiers>
        <firstName>BARBARA</firstName>
        <fullName>Sen. Boxer, Barbara [D-CA]</fullName>
        <bioguideId>B000711</bioguideId>
        <sponsorshipDate>2013-12-17</sponsorshipDate>
        <middleName />
        <isOriginalCosponsor>False</isOriginalCosponsor>
        <sponsorshipWithdrawnDate />
      </item>
      <item>
        <lastName>Boozman</lastName>
        <identifiers>
          <gpoId>8247</gpoId>
          <lisID>1687</lisID>
          <bioguideId>B001236</bioguideId>
        </identifiers>
        <firstName>John</firstName>
        <fullName>Sen. Boozman, John [R-AR]</fullName>
        <bioguideId>B001236</bioguideId>
        <sponsorshipDate>2013-12-17</sponsorshipDate>
        <middleName />
        <isOriginalCosponsor>False</isOriginalCosponsor>
        <sponsorshipWithdrawnDate />
      </item>
      <item>
        <lastName>Kaine</lastName>
        <identifiers>
          <gpoId />
          <bioguideId>K000384</bioguideId>
          <lisID>2176</lisID>
        </identifiers>
        <firstName>Timothy</firstName>
        <fullName>Sen. Kaine, Tim [D-VA]</fullName>
        <bioguideId>K000384</bioguideId>
        <sponsorshipDate>2013-12-18</sponsorshipDate>
        <middleName />
        <isOriginalCosponsor>False</isOriginalCosponsor>
        <sponsorshipWithdrawnDate />
      </item>
      <item>
        <lastName>Blunt</lastName>
        <identifiers>
          <lisID>1464</lisID>
          <bioguideId>B000575</bioguideId>
          <gpoId>8313</gpoId>
        </identifiers>
        <firstName>Roy</firstName>
        <fullName>Sen. Blunt, Roy [R-MO]</fullName>
        <bioguideId>B000575</bioguideId>
        <sponsorshipDate>2013-12-18</sponsorshipDate>
        <middleName />
        <isOriginalCosponsor>False</isOriginalCosponsor>
        <sponsorshipWithdrawnDate />
      </item>
      <item>
        <lastName>Shaheen</lastName>
        <identifiers>
          <lisID>1901</lisID>
          <bioguideId>S001181</bioguideId>
          <gpoId>8276</gpoId>
        </identifiers>
        <firstName>Jeanne</firstName>
        <fullName>Sen. Shaheen, Jeanne [D-NH]</fullName>
        <bioguideId>S001181</bioguideId>
        <sponsorshipDate>2013-12-18</sponsorshipDate>
        <middleName />
        <isOriginalCosponsor>False</isOriginalCosponsor>
        <sponsorshipWithdrawnDate />
      </item>
      <item>
        <lastName>MENENDEZ</lastName>
        <identifiers>
          <bioguideId>M000639</bioguideId>
          <lisID>791</lisID>
          <gpoId>8239</gpoId>
        </identifiers>
        <firstName>ROBERT</firstName>
        <fullName>Sen. Menendez, Robert [D-NJ]</fullName>
        <bioguideId>M000639</bioguideId>
        <sponsorshipDate>2013-12-19</sponsorshipDate>
        <middleName />
        <isOriginalCosponsor>False</isOriginalCosponsor>
        <sponsorshipWithdrawnDate />
      </item>
    </cosponsors>
    <title>A resolution expressing the sense of the Senate regarding the critical need for political dialogue in Bangladesh, and for other purposes.</title>
    <actions>
      <item>
        <actionDate>2014-01-07</actionDate>
        <committee />
        <links>
          <link>
            <url>/congressional-record/2014/senate-section/page/S82</url>
            <name>S82</name>
          </link>
        </links>
        <sourceSystem>
          <code>0</code>
          <name>Senate</name>
        </sourceSystem>
        <text>Resolution agreed to in Senate without amendment and an amendment to the Title and with a preamble by Unanimous Consent. (consideration: CR S82; text as passed Senate: CR S82)</text>
        <type>Floor</type>
      </item>
      <item>
        <type>Floor</type>
        <sourceSystem>
          <code>9</code>
          <name>Library of Congress</name>
        </sourceSystem>
        <text>Passed/agreed to in Senate: Resolution agreed to in Senate without amendment and an amendment to the Title and with a preamble by Unanimous Consent.(consideration: CR S82; text as passed Senate: CR S82)</text>
        <committee />
        <actionDate>2014-01-07</actionDate>
        <links>
          <link>
            <url>/congressional-record/2014/senate-section/page/S82</url>
            <name>S82</name>
          </link>
        </links>
        <actionCode>17000</actionCode>
      </item>
      <item>
        <type>IntroReferral</type>
        <sourceSystem>
          <code>9</code>
          <name>Library of Congress</name>
        </sourceSystem>
        <text>Sponsor introductory remarks on measure. (CR S9093-9094)</text>
        <committee />
        <actionDate>2013-12-20</actionDate>
        <links>
          <link>
            <url>/congressional-record/2013/senate-section/page/S9093-9094</url>
            <name>S9093-9094</name>
          </link>
        </links>
        <actionCode>B00100</actionCode>
      </item>
      <item>
        <actionDate>2013-12-18</actionDate>
        <committee />
        <links />
        <sourceSystem>
          <code>0</code>
          <name>Senate</name>
        </sourceSystem>
        <text>Placed on Senate Legislative Calendar under General Orders. Calendar No. 273.</text>
        <type>Calendars</type>
      </item>
      <item>
        <actionDate>2013-12-18</actionDate>
        <committee>
          <systemCode>ssfr00</systemCode>
          <name>Foreign Relations Committee</name>
        </committee>
        <links />
        <sourceSystem>
          <code>0</code>
          <name>Senate</name>
        </sourceSystem>
        <text>Committee on Foreign Relations. Reported by Senator Menendez without amendment and an amendment to the title and with a preamble. Without written report.</text>
        <type>Committee</type>
      </item>
      <item>
        <type>Committee</type>
        <sourceSystem>
          <code>9</code>
          <name>Library of Congress</name>
        </sourceSystem>
        <text>Committee on Foreign Relations. Reported by Senator Menendez without amendment and an amendment to the title and with a preamble. Without written report.</text>
        <committee>
          <systemCode>ssfr00</systemCode>
          <name>Foreign Relations Committee</name>
        </committee>
        <actionDate>2013-12-18</actionDate>
        <links />
        <actionCode>14000</actionCode>
      </item>
      <item>
        <actionDate>2013-12-18</actionDate>
        <committee>
          <systemCode>ssfr00</systemCode>
          <name>Foreign Relations Committee</name>
        </committee>
        <links />
        <sourceSystem>
          <code>0</code>
          <name>Senate</name>
        </sourceSystem>
        <text>Committee on Foreign Relations. Ordered to be reported without amendment favorably.</text>
        <type>Committee</type>
      </item>
      <item>
        <actionDate>2013-12-11</actionDate>
        <committee>
          <systemCode>ssfr00</systemCode>
          <name>Foreign Relations Committee</name>
        </committee>
        <links>
          <link>
            <url>/congressional-record/2013/senate-section/page/S8674</url>
            <name>S8674</name>
          </link>
        </links>
        <sourceSystem>
          <code>0</code>
          <name>Senate</name>
        </sourceSystem>
        <text>Referred to the Committee on Foreign Relations. (text of measure as introduced: CR S8674)</text>
        <type>IntroReferral</type>
      </item>
      <item>
        <type>IntroReferral</type>
        <sourceSystem>
          <code>9</code>
          <name>Library of Congress</name>
        </sourceSystem>
        <text>Introduced in Senate</text>
        <committee />
        <actionDate>2013-12-11</actionDate>
        <links />
        <actionCode>10000</actionCode>
      </item>
      <actionTypeCounts>
        <agreedToInSenate>1</agreedToInSenate>
        <introducedInSenate>1</introducedInSenate>
        <placeholderTextForB>1</placeholderTextForB>
        <placedOnCalendarGeneralOrders>1</placedOnCalendarGeneralOrders>
        <passedAgreedToInSenate>1</passedAgreedToInSenate>
        <referredToCommittee>1</referredToCommittee>
        <orderedReported>1</orderedReported>
        <reportedToSenate>2</reportedToSenate>
      </actionTypeCounts>
      <actionByCounts>
        <senate>8</senate>
      </actionByCounts>
    </actions>
    <titles>
      <item>
        <parentTitleType>Official Titles Senate</parentTitleType>
        <title>A resolution expressing the sense of the Senate regarding the critical need for political dialogue in Bangladesh, and for other purposes.</title>
        <chamberName>Senate</chamberName>
        <titleType>Official Titles as Amended by Senate</titleType>
        <chamberCode>S</chamberCode>
      </item>
      <item>
        <parentTitleType />
        <title>A resolution expressing the sense of the Senate regarding the critical need for political reform in Bangladesh, and for other purposes.</title>
        <chamberName />
        <titleType>Official Title as Introduced</titleType>
        <chamberCode />
      </item>
      <item>
        <parentTitleType />
        <title>A resolution expressing the sense of the Senate regarding the critical need for political dialogue in Bangladesh, and for other purposes.</title>
        <chamberName />
        <titleType>Display Title</titleType>
        <chamberCode />
      </item>
    </titles>
    <billType>SRES</billType>
    <relatedBills />
    <committees>
      <billCommittees>
        <item>
          <name>Foreign Relations Committee</name>
          <type>Standing</type>
          <subcommittees />
          <chamber>Senate</chamber>
          <activities>
            <item>
              <name>Reported by</name>
              <date>2013-12-18T23:51:38Z</date>
            </item>
            <item>
              <name>Markup by</name>
              <date>2013-12-18T19:15:00Z</date>
            </item>
            <item>
              <name>Referred to</name>
              <date>2013-12-12T00:45:30Z</date>
            </item>
          </activities>
          <systemCode>ssfr00</systemCode>
        </item>
      </billCommittees>
    </committees>
  </bill>
  <dublinCore xmlns:dc="http://purl.org/dc/elements/1.1/">
    <dc:format>text/xml</dc:format>
    <dc:language>EN</dc:language>
    <dc:rights>Pursuant to Title 17 Section 105 of the United States Code, this file is not subject to copyright protection and is in the public domain.</dc:rights>
    <dc:contributor>Congressional Research Service, Library of Congress</dc:contributor>
    <dc:description>This file contains bill summaries and statuses for federal legislation. A bill summary describes the most significant provisions of a piece of legislation and details the effects the legislative text may have on current law and federal programs. Bill summaries are authored by the Congressional Research Service (CRS) of the Library of Congress. As stated in Public Law 91-510 (2 USC 166 (d)(6)), one of the duties of CRS is "to prepare summaries and digests of bills and resolutions of a public general nature introduced in the Senate or House of Representatives". For more information, refer to the User Guide that accompanies this file.</dc:description>
  </dublinCore>
</billStatus>

