<?xml version="1.0" encoding="UTF-8"?>
<billStatus>
  <bill>
    <billNumber>260</billNumber>
    <titles>
      <item>
        <chamberCode />
        <parentTitleType />
        <titleType>Official Title as Introduced</titleType>
        <title>A resolution recognizing the month of October 2013 as "National Principals Month".</title>
        <chamberName />
      </item>
      <item>
        <chamberCode />
        <parentTitleType />
        <titleType>Display Title</titleType>
        <title>A resolution recognizing the month of October 2013 as "National Principals Month".</title>
        <chamberName />
      </item>
    </titles>
    <actions>
      <actionTypeCounts>
        <passedOrAgreedToInSenateDayOf>1</passedOrAgreedToInSenateDayOf>
        <passedAgreedToInSenate>1</passedAgreedToInSenate>
        <introducedInSenate>1</introducedInSenate>
      </actionTypeCounts>
      <actionByCounts>
        <senate>3</senate>
      </actionByCounts>
      <item>
        <actionDate>2013-09-25</actionDate>
        <committee />
        <links>
          <link>
            <name>CR 9/24/2013 S6894</name>
            <url>/congressional-record/2013/senate-section/page/S6894</url>
          </link>
          <link>
            <name>CR 9/24/2013 S6901</name>
            <url>/congressional-record/2013/senate-section/page/S6901</url>
          </link>
        </links>
        <sourceSystem>
          <name>Senate</name>
          <code>0</code>
        </sourceSystem>
        <text>Submitted in the Senate, considered, and agreed to without amendment and with a preamble by Unanimous Consent. (consideration: CR 9/24/2013 S6901; text as passed Senate: CR 9/24/2013 S6894)</text>
        <type>Floor</type>
      </item>
      <item>
        <committee />
        <sourceSystem>
          <name>Library of Congress</name>
          <code>9</code>
        </sourceSystem>
        <type>Floor</type>
        <text>Passed/agreed to in Senate: Submitted in the Senate, considered, and agreed to without amendment and with a preamble by Unanimous Consent.(consideration: CR 9/24/2013 S6901; text as passed Senate: CR 9/24/2013 S6894)</text>
        <actionDate>2013-09-25</actionDate>
        <links>
          <link>
            <name>CR 9/24/2013 S6894</name>
            <url>/congressional-record/2013/senate-section/page/S6894</url>
          </link>
          <link>
            <name>CR 9/24/2013 S6901</name>
            <url>/congressional-record/2013/senate-section/page/S6901</url>
          </link>
        </links>
        <actionCode>17000</actionCode>
      </item>
      <item>
        <committee />
        <sourceSystem>
          <name>Library of Congress</name>
          <code>9</code>
        </sourceSystem>
        <type>IntroReferral</type>
        <text>Introduced in Senate</text>
        <actionDate>2013-09-25</actionDate>
        <links />
        <actionCode>10000</actionCode>
      </item>
    </actions>
    <updateDate>2016-10-25T16:18:42Z</updateDate>
    <summaries>
      <billSummaries>
        <item>
          <text><![CDATA[<p>Recognizes October 2013 as National Principals Month.</p> <p>Honors the contribution of principals in our elementary, middle, and high schools.</p>]]></text>
          <name>Introduced in Senate</name>
          <versionCode>00</versionCode>
          <actionDate>2013-09-25</actionDate>
          <actionDesc>Introduced in Senate</actionDesc>
          <lastSummaryUpdateDate>2013-11-02T16:19:21Z</lastSummaryUpdateDate>
          <updateDate>2013-09-25T04:00:00Z</updateDate>
        </item>
        <item>
          <text><![CDATA[<p><b>(This measure has not been amended since it was introduced. The summary of that version is repeated here.)</b></p> <p>Recognizes October 2013 as National Principals Month.</p> <p>Honors the contribution of principals in our elementary, middle, and high schools.</p>]]></text>
          <name>Passed Senate without amendment</name>
          <versionCode>82</versionCode>
          <actionDate>2013-09-25</actionDate>
          <actionDesc>Passed Senate without amendment</actionDesc>
          <lastSummaryUpdateDate>2013-11-02T16:19:31Z</lastSummaryUpdateDate>
          <updateDate>2013-09-25T18:30:42Z</updateDate>
        </item>
      </billSummaries>
    </summaries>
    <sponsors>
      <item>
        <firstName>Al</firstName>
        <fullName>Sen. Franken, Al [D-MN]</fullName>
        <middleName />
        <bioguideId>F000457</bioguideId>
        <byRequestType />
        <lastName>Franken</lastName>
        <identifiers>
          <lisID>1969</lisID>
          <gpoId>8339</gpoId>
          <bioguideId>F000457</bioguideId>
        </identifiers>
      </item>
    </sponsors>
    <congress>113</congress>
    <notes />
    <committees>
      <billCommittees />
    </committees>
    <introducedDate>2013-09-25</introducedDate>
    <createDate>2013-09-26T07:10:43Z</createDate>
    <policyArea>
      <name>Education</name>
    </policyArea>
    <laws />
    <billType>SRES</billType>
    <subjects>
      <billSubjects>
        <policyArea>
          <name>Education</name>
        </policyArea>
        <legislativeSubjects>
          <item>
            <name>Commemorative events and holidays</name>
          </item>
          <item>
            <name>Congressional tributes</name>
          </item>
          <item>
            <name>Elementary and secondary education</name>
          </item>
          <item>
            <name>School administration</name>
          </item>
        </legislativeSubjects>
      </billSubjects>
    </subjects>
    <cosponsors>
      <item>
        <middleName>GRANT</middleName>
        <firstName>ORRIN</firstName>
        <fullName>Sen. Hatch, Orrin G. [R-UT]</fullName>
        <sponsorshipWithdrawnDate />
        <sponsorshipDate>2013-09-25</sponsorshipDate>
        <bioguideId>H000338</bioguideId>
        <lastName>HATCH</lastName>
        <isOriginalCosponsor>True</isOriginalCosponsor>
        <identifiers>
          <gpoId>8314</gpoId>
          <bioguideId>H000338</bioguideId>
          <lisID>1351</lisID>
        </identifiers>
      </item>
      <item>
        <middleName />
        <firstName>Amy</firstName>
        <fullName>Sen. Klobuchar, Amy [D-MN]</fullName>
        <sponsorshipWithdrawnDate />
        <sponsorshipDate>2013-09-25</sponsorshipDate>
        <bioguideId>K000367</bioguideId>
        <lastName>Klobuchar</lastName>
        <isOriginalCosponsor>True</isOriginalCosponsor>
        <identifiers>
          <bioguideId>K000367</bioguideId>
          <lisID>1826</lisID>
          <gpoId>8249</gpoId>
        </identifiers>
      </item>
      <item>
        <middleName />
        <firstName>PATTY</firstName>
        <fullName>Sen. Murray, Patty [D-WA]</fullName>
        <sponsorshipWithdrawnDate />
        <sponsorshipDate>2013-09-25</sponsorshipDate>
        <bioguideId>M001111</bioguideId>
        <lastName>MURRAY</lastName>
        <isOriginalCosponsor>True</isOriginalCosponsor>
        <identifiers>
          <gpoId>8237</gpoId>
          <bioguideId>M001111</bioguideId>
          <lisID>1409</lisID>
        </identifiers>
      </item>
      <item>
        <middleName />
        <firstName>TIM</firstName>
        <fullName>Sen. Johnson, Tim [D-SD]</fullName>
        <sponsorshipWithdrawnDate />
        <sponsorshipDate>2013-09-25</sponsorshipDate>
        <bioguideId>J000177</bioguideId>
        <lastName>JOHNSON</lastName>
        <isOriginalCosponsor>True</isOriginalCosponsor>
        <identifiers>
          <gpoId>8319</gpoId>
          <lisID>604</lisID>
          <bioguideId>J000177</bioguideId>
        </identifiers>
      </item>
      <item>
        <middleName />
        <firstName>Brian</firstName>
        <fullName>Sen. Schatz, Brian [D-HI]</fullName>
        <sponsorshipWithdrawnDate />
        <sponsorshipDate>2013-09-25</sponsorshipDate>
        <bioguideId>S001194</bioguideId>
        <lastName>Schatz</lastName>
        <isOriginalCosponsor>True</isOriginalCosponsor>
        <identifiers>
          <lisID>2173</lisID>
          <bioguideId>S001194</bioguideId>
          <gpoId />
        </identifiers>
      </item>
      <item>
        <middleName>STEVEN</middleName>
        <firstName>MARK</firstName>
        <fullName>Sen. Kirk, Mark Steven [R-IL]</fullName>
        <sponsorshipWithdrawnDate />
        <sponsorshipDate>2013-09-25</sponsorshipDate>
        <bioguideId>K000360</bioguideId>
        <lastName>KIRK</lastName>
        <isOriginalCosponsor>True</isOriginalCosponsor>
        <identifiers>
          <gpoId>8285</gpoId>
          <bioguideId>K000360</bioguideId>
          <lisID>1647</lisID>
        </identifiers>
      </item>
      <item>
        <middleName />
        <firstName>Thad</firstName>
        <fullName>Sen. Cochran, Thad [R-MS]</fullName>
        <sponsorshipWithdrawnDate />
        <sponsorshipDate>2013-09-25</sponsorshipDate>
        <bioguideId>C000567</bioguideId>
        <lastName>Cochran</lastName>
        <isOriginalCosponsor>True</isOriginalCosponsor>
        <identifiers>
          <lisID>213</lisID>
          <gpoId>8292</gpoId>
          <bioguideId>C000567</bioguideId>
        </identifiers>
      </item>
      <item>
        <middleName>R.</middleName>
        <firstName>Mark</firstName>
        <fullName>Sen. Warner, Mark R. [D-VA]</fullName>
        <sponsorshipWithdrawnDate />
        <sponsorshipDate>2013-09-25</sponsorshipDate>
        <bioguideId>W000805</bioguideId>
        <lastName>Warner</lastName>
        <isOriginalCosponsor>True</isOriginalCosponsor>
        <identifiers>
          <bioguideId>W000805</bioguideId>
          <lisID>1897</lisID>
          <gpoId>8269</gpoId>
        </identifiers>
      </item>
      <item>
        <middleName />
        <firstName>DIANNE</firstName>
        <fullName>Sen. Feinstein, Dianne [D-CA]</fullName>
        <sponsorshipWithdrawnDate />
        <sponsorshipDate>2013-09-25</sponsorshipDate>
        <bioguideId>F000062</bioguideId>
        <lastName>FEINSTEIN</lastName>
        <isOriginalCosponsor>True</isOriginalCosponsor>
        <identifiers>
          <bioguideId>F000062</bioguideId>
          <lisID>1332</lisID>
          <gpoId>8338</gpoId>
        </identifiers>
      </item>
    </cosponsors>
    <calendarNumbers />
    <relatedBills>
      <item>
        <type>SRES</type>
        <congress>113</congress>
        <latestTitle>A resolution recognizing the month of October 2014 as "National Principals Month".</latestTitle>
        <latestAction>
          <actionDate>2014-09-17</actionDate>
          <text>Submitted in the Senate, considered, and agreed to without amendment and with a preamble by Unanimous Consent. (consideration: CR S5720; text as passed Senate: CR S5703-5704)</text>
        </latestAction>
        <relationshipDetails>
          <item>
            <identifiedBy>CRS</identifiedBy>
            <type>Related bill</type>
          </item>
        </relationshipDetails>
        <number>554</number>
      </item>
    </relatedBills>
    <amendments />
    <recordedVotes />
    <title>A resolution recognizing the month of October 2013 as "National Principals Month".</title>
    <latestAction>
      <actionDate>2013-09-25</actionDate>
      <text>Submitted in the Senate, considered, and agreed to without amendment and with a preamble by Unanimous Consent. (consideration: CR 9/24/2013 S6901; text as passed Senate: CR 9/24/2013 S6894)</text>
      <links />
    </latestAction>
    <cboCostEstimates />
    <originChamber>Senate</originChamber>
    <committeeReports />
  </bill>
  <dublinCore xmlns:dc="http://purl.org/dc/elements/1.1/">
    <dc:format>text/xml</dc:format>
    <dc:language>EN</dc:language>
    <dc:rights>Pursuant to Title 17 Section 105 of the United States Code, this file is not subject to copyright protection and is in the public domain.</dc:rights>
    <dc:contributor>Congressional Research Service, Library of Congress</dc:contributor>
    <dc:description>This file contains bill summaries and statuses for federal legislation. A bill summary describes the most significant provisions of a piece of legislation and details the effects the legislative text may have on current law and federal programs. Bill summaries are authored by the Congressional Research Service (CRS) of the Library of Congress. As stated in Public Law 91-510 (2 USC 166 (d)(6)), one of the duties of CRS is "to prepare summaries and digests of bills and resolutions of a public general nature introduced in the Senate or House of Representatives". For more information, refer to the User Guide that accompanies this file.</dc:description>
  </dublinCore>
</billStatus>

