<?xml version="1.0" encoding="UTF-8"?>
<billStatus>
  <bill>
    <billNumber>109</billNumber>
    <titles>
      <item>
        <chamberName />
        <parentTitleType />
        <titleType>Official Title as Introduced</titleType>
        <chamberCode />
        <title>A resolution expressing the sense of the Senate that the United States should leave no member of the Armed Forces unaccounted for during the drawdown of forces in Afghanistan.</title>
      </item>
      <item>
        <chamberName />
        <parentTitleType />
        <titleType>Display Title</titleType>
        <chamberCode />
        <title>A resolution expressing the sense of the Senate that the United States should leave no member of the Armed Forces unaccounted for during the drawdown of forces in Afghanistan.</title>
      </item>
    </titles>
    <actions>
      <item>
        <actionDate>2013-04-24</actionDate>
        <committee>
          <systemCode>ssas00</systemCode>
          <name>Armed Services Committee</name>
        </committee>
        <links>
          <link>
            <url>/congressional-record/2013/senate-section/page/S2965</url>
            <name>S2965</name>
          </link>
        </links>
        <sourceSystem>
          <code>0</code>
          <name>Senate</name>
        </sourceSystem>
        <text>Referred to the Committee on Armed Services. (text of measure as introduced: CR S2965)</text>
        <type>IntroReferral</type>
      </item>
      <item>
        <type>IntroReferral</type>
        <sourceSystem>
          <code>9</code>
          <name>Library of Congress</name>
        </sourceSystem>
        <text>Introduced in Senate</text>
        <committee />
        <actionDate>2013-04-24</actionDate>
        <links />
        <actionCode>10000</actionCode>
      </item>
      <actionTypeCounts>
        <referredToCommittee>1</referredToCommittee>
        <introducedInSenate>1</introducedInSenate>
      </actionTypeCounts>
      <actionByCounts>
        <senate>2</senate>
      </actionByCounts>
    </actions>
    <updateDate>2016-10-25T16:18:19Z</updateDate>
    <summaries>
      <billSummaries>
        <item>
          <text><![CDATA[<p>Expresses the sense of the Senate that: (1) it supports the U.S. Soldier's Creed and the Warrior Ethos, which state that &quot;I will never leave a fallen comrade&quot;; (2) it believes it is unacceptable to abandon the search efforts for members of the Armed Forces who are missing or captured in the line of duty; and (3) the United States, while continuing to transition leadership roles in combat operations in Afghanistan, has a responsibility to continue fulfilling the promises made to members in a missing status or captured as a result of service in Afghanistan now or in the future.</p>]]></text>
          <actionDesc>Introduced in Senate</actionDesc>
          <lastSummaryUpdateDate>2013-05-09T20:34:02Z</lastSummaryUpdateDate>
          <versionCode>00</versionCode>
          <actionDate>2013-04-24</actionDate>
          <name>Introduced in Senate</name>
          <updateDate>2013-04-24T04:00:00Z</updateDate>
        </item>
      </billSummaries>
    </summaries>
    <sponsors>
      <item>
        <firstName>Pat</firstName>
        <fullName>Sen. Toomey, Pat [R-PA]</fullName>
        <middleName />
        <bioguideId>T000461</bioguideId>
        <byRequestType />
        <lastName>Toomey</lastName>
        <identifiers>
          <lisID>1594</lisID>
          <bioguideId>T000461</bioguideId>
          <gpoId />
        </identifiers>
      </item>
    </sponsors>
    <congress>113</congress>
    <notes />
    <committees>
      <billCommittees>
        <item>
          <name>Armed Services Committee</name>
          <subcommittees />
          <chamber>Senate</chamber>
          <type>Standing</type>
          <systemCode>ssas00</systemCode>
          <activities>
            <item>
              <name>Referred to</name>
              <date>2013-04-24T17:38:43Z</date>
            </item>
          </activities>
        </item>
      </billCommittees>
    </committees>
    <introducedDate>2013-04-24</introducedDate>
    <createDate>2013-04-25T07:02:10Z</createDate>
    <policyArea>
      <name>Armed Forces and National Security</name>
    </policyArea>
    <laws />
    <billType>SRES</billType>
    <subjects>
      <billSubjects>
        <policyArea>
          <name>Armed Forces and National Security</name>
        </policyArea>
        <legislativeSubjects>
          <item>
            <name>Afghanistan</name>
          </item>
          <item>
            <name>Asia</name>
          </item>
          <item>
            <name>Conflicts and wars</name>
          </item>
          <item>
            <name>Military operations and strategy</name>
          </item>
          <item>
            <name>Military personnel and dependents</name>
          </item>
        </legislativeSubjects>
      </billSubjects>
    </subjects>
    <cosponsors>
      <item>
        <sponsorshipWithdrawnDate />
        <bioguideId>C001070</bioguideId>
        <fullName>Sen. Casey, Robert P., Jr. [D-PA]</fullName>
        <lastName>Casey</lastName>
        <isOriginalCosponsor>True</isOriginalCosponsor>
        <identifiers>
          <gpoId>8282</gpoId>
          <lisID>1828</lisID>
          <bioguideId>C001070</bioguideId>
        </identifiers>
        <middleName />
        <sponsorshipDate>2013-04-24</sponsorshipDate>
        <firstName>Bob</firstName>
      </item>
      <item>
        <sponsorshipWithdrawnDate />
        <bioguideId>M000355</bioguideId>
        <fullName>Sen. McConnell, Mitch [R-KY]</fullName>
        <lastName>MCCONNELL</lastName>
        <isOriginalCosponsor>True</isOriginalCosponsor>
        <identifiers>
          <lisID>1395</lisID>
          <bioguideId>M000355</bioguideId>
          <gpoId>8254</gpoId>
        </identifiers>
        <middleName />
        <sponsorshipDate>2013-04-24</sponsorshipDate>
        <firstName>MITCH</firstName>
      </item>
      <item>
        <sponsorshipWithdrawnDate />
        <bioguideId>B001135</bioguideId>
        <fullName>Sen. Burr, Richard [R-NC]</fullName>
        <lastName>BURR</lastName>
        <isOriginalCosponsor>False</isOriginalCosponsor>
        <identifiers>
          <bioguideId>B001135</bioguideId>
          <lisID>153</lisID>
          <gpoId>8286</gpoId>
        </identifiers>
        <middleName />
        <sponsorshipDate>2013-06-19</sponsorshipDate>
        <firstName>RICHARD</firstName>
      </item>
    </cosponsors>
    <calendarNumbers />
    <relatedBills>
      <item>
        <latestAction>
          <actionDate>2013-06-28</actionDate>
          <text>Referred to the House Committee on Armed Services.</text>
        </latestAction>
        <type>HRES</type>
        <congress>113</congress>
        <relationshipDetails>
          <item>
            <type>Identical bill</type>
            <identifiedBy>CRS</identifiedBy>
          </item>
        </relationshipDetails>
        <number>286</number>
        <latestTitle>Expressing the sense of the House of Representatives that the United States should leave no member of the Armed Forces unaccounted for during the drawdown of forces in Afghanistan.</latestTitle>
      </item>
      <item>
        <latestAction>
          <actionDate>2014-02-11</actionDate>
          <text>Referred to the Committee on Armed Services. (text of measure as introduced: CR S897)</text>
        </latestAction>
        <type>SRES</type>
        <congress>113</congress>
        <relationshipDetails>
          <item>
            <type>Related bill</type>
            <identifiedBy>CRS</identifiedBy>
          </item>
        </relationshipDetails>
        <number>354</number>
        <latestTitle>A resolution expressing the sense of the Senate that the United States should leave no member of the Armed Forces unaccounted for during the drawdown of forces in Afghanistan.</latestTitle>
      </item>
    </relatedBills>
    <amendments />
    <recordedVotes />
    <title>A resolution expressing the sense of the Senate that the United States should leave no member of the Armed Forces unaccounted for during the drawdown of forces in Afghanistan.</title>
    <latestAction>
      <actionDate>2013-04-24</actionDate>
      <text>Referred to the Committee on Armed Services. (text of measure as introduced: CR S2965)</text>
      <links />
    </latestAction>
    <cboCostEstimates />
    <originChamber>Senate</originChamber>
    <committeeReports />
  </bill>
  <dublinCore xmlns:dc="http://purl.org/dc/elements/1.1/">
    <dc:format>text/xml</dc:format>
    <dc:language>EN</dc:language>
    <dc:rights>Pursuant to Title 17 Section 105 of the United States Code, this file is not subject to copyright protection and is in the public domain.</dc:rights>
    <dc:contributor>Congressional Research Service, Library of Congress</dc:contributor>
    <dc:description>This file contains bill summaries and statuses for federal legislation. A bill summary describes the most significant provisions of a piece of legislation and details the effects the legislative text may have on current law and federal programs. Bill summaries are authored by the Congressional Research Service (CRS) of the Library of Congress. As stated in Public Law 91-510 (2 USC 166 (d)(6)), one of the duties of CRS is "to prepare summaries and digests of bills and resolutions of a public general nature introduced in the Senate or House of Representatives". For more information, refer to the User Guide that accompanies this file.</dc:description>
  </dublinCore>
</billStatus>

