<?xml version="1.0" encoding="UTF-8"?>
<billStatus>
  <bill>
    <actions>
      <actionTypeCounts>
        <introducedInSenate>1</introducedInSenate>
        <referredToCommittee>1</referredToCommittee>
      </actionTypeCounts>
      <item>
        <actionDate>2013-11-12</actionDate>
        <committee>
          <name>Judiciary Committee</name>
          <systemCode>ssju00</systemCode>
        </committee>
        <links>
          <link>
            <url>/congressional-record/2013/senate-section/page/S7962</url>
            <name>S7962</name>
          </link>
        </links>
        <sourceSystem>
          <name>Senate</name>
          <code>0</code>
        </sourceSystem>
        <text>Referred to the Committee on the Judiciary. (text of measure as introduced: CR S7962)</text>
        <type>IntroReferral</type>
      </item>
      <item>
        <committee />
        <actionCode>10000</actionCode>
        <type>IntroReferral</type>
        <sourceSystem>
          <name>Library of Congress</name>
          <code>9</code>
        </sourceSystem>
        <links />
        <text>Introduced in Senate</text>
        <actionDate>2013-11-12</actionDate>
      </item>
      <actionByCounts>
        <senate>2</senate>
      </actionByCounts>
    </actions>
    <title>A resolution expressing the sense of the Senate on a nationwide moment of remembrance on Memorial Day each year, in order to appropriately honor United States patriots lost in the pursuit of peace and liberty around the world.</title>
    <cosponsors />
    <sponsors>
      <item>
        <middleName />
        <firstName>Pat</firstName>
        <byRequestType />
        <bioguideId>T000461</bioguideId>
        <fullName>Sen. Toomey, Pat [R-PA]</fullName>
        <lastName>Toomey</lastName>
        <identifiers>
          <bioguideId>T000461</bioguideId>
          <lisID>1594</lisID>
          <gpoId />
        </identifiers>
      </item>
    </sponsors>
    <subjects>
      <billSubjects>
        <policyArea>
          <name>Government Operations and Politics</name>
        </policyArea>
        <legislativeSubjects>
          <item>
            <name>Commemorative events and holidays</name>
          </item>
          <item>
            <name>Music</name>
          </item>
          <item>
            <name>Veterans' organizations and recognition</name>
          </item>
        </legislativeSubjects>
      </billSubjects>
    </subjects>
    <updateDate>2016-10-25T16:18:47Z</updateDate>
    <originChamber>Senate</originChamber>
    <titles>
      <item>
        <title>A resolution expressing the sense of the Senate on a nationwide moment of remembrance on Memorial Day each year, in order to appropriately honor United States patriots lost in the pursuit of peace and liberty around the world.</title>
        <parentTitleType />
        <chamberName />
        <chamberCode />
        <titleType>Official Title as Introduced</titleType>
      </item>
      <item>
        <title>A resolution expressing the sense of the Senate on a nationwide moment of remembrance on Memorial Day each year, in order to appropriately honor United States patriots lost in the pursuit of peace and liberty around the world.</title>
        <parentTitleType />
        <chamberName />
        <chamberCode />
        <titleType>Display Title</titleType>
      </item>
    </titles>
    <createDate>2013-11-13T07:01:08Z</createDate>
    <congress>113</congress>
    <introducedDate>2013-11-12</introducedDate>
    <latestAction>
      <links />
      <actionDate>2013-11-12</actionDate>
      <text>Referred to the Committee on the Judiciary. (text of measure as introduced: CR S7962)</text>
    </latestAction>
    <laws />
    <relatedBills />
    <notes />
    <recordedVotes />
    <cboCostEstimates />
    <policyArea>
      <name>Government Operations and Politics</name>
    </policyArea>
    <billNumber>291</billNumber>
    <billType>SRES</billType>
    <committees>
      <billCommittees>
        <item>
          <chamber>Senate</chamber>
          <activities>
            <item>
              <name>Referred to</name>
              <date>2013-11-12T23:43:28Z</date>
            </item>
          </activities>
          <name>Judiciary Committee</name>
          <subcommittees />
          <type>Standing</type>
          <systemCode>ssju00</systemCode>
        </item>
      </billCommittees>
    </committees>
    <amendments />
    <summaries>
      <billSummaries>
        <item>
          <text><![CDATA[<p>Expresses the sense of the Senate that: (1) the people of the United States should, as part of a moment of remembrance on Memorial Day, observe that moment with the playing of &quot;Taps&quot; to honor the people of the United States who gave their lives in the pursuit of freedom and peace; and (2) the playing of &quot;Taps'' should take place at widely-attended public events on Memorial Day, including sporting events and civic ceremonies.</p>]]></text>
          <name>Introduced in Senate</name>
          <versionCode>00</versionCode>
          <actionDate>2013-11-12</actionDate>
          <actionDesc>Introduced in Senate</actionDesc>
          <lastSummaryUpdateDate>2013-11-13T21:05:55Z</lastSummaryUpdateDate>
          <updateDate>2013-11-12T05:00:00Z</updateDate>
        </item>
      </billSummaries>
    </summaries>
    <calendarNumbers />
    <committeeReports />
  </bill>
  <dublinCore xmlns:dc="http://purl.org/dc/elements/1.1/">
    <dc:format>text/xml</dc:format>
    <dc:language>EN</dc:language>
    <dc:rights>Pursuant to Title 17 Section 105 of the United States Code, this file is not subject to copyright protection and is in the public domain.</dc:rights>
    <dc:contributor>Congressional Research Service, Library of Congress</dc:contributor>
    <dc:description>This file contains bill summaries and statuses for federal legislation. A bill summary describes the most significant provisions of a piece of legislation and details the effects the legislative text may have on current law and federal programs. Bill summaries are authored by the Congressional Research Service (CRS) of the Library of Congress. As stated in Public Law 91-510 (2 USC 166 (d)(6)), one of the duties of CRS is "to prepare summaries and digests of bills and resolutions of a public general nature introduced in the Senate or House of Representatives". For more information, refer to the User Guide that accompanies this file.</dc:description>
  </dublinCore>
</billStatus>

