<?xml version="1.0" encoding="UTF-8"?>
<billStatus>
  <bill>
    <summaries>
      <billSummaries>
        <item>
          <updateDate>2013-04-25T04:00:00Z</updateDate>
          <actionDate>2013-04-25</actionDate>
          <lastSummaryUpdateDate>2013-05-10T17:43:23Z</lastSummaryUpdateDate>
          <text><![CDATA[<p> Honors the memories of Officer Sean Collier, Martin Richard, Krystle Campbell, and Lu Lingzi and conveys prayers for a complete recovery to Officer Richard Donohue, Jr., and all of the other victims injured in the attacks in Boston, Massachusetts, in April 2013. </p> <p>Expresses thanks to the men and women of law enforcement for bringing to justice the people responsible for the bombings that occurred during the running of the 117th Boston Marathon. </p>]]></text>
          <versionCode>00</versionCode>
          <actionDesc>Introduced in Senate</actionDesc>
          <name>Introduced in Senate</name>
        </item>
        <item>
          <updateDate>2013-04-25T14:28:58Z</updateDate>
          <actionDate>2013-04-25</actionDate>
          <lastSummaryUpdateDate>2013-05-10T17:42:08Z</lastSummaryUpdateDate>
          <text><![CDATA[<p><b>(This measure has not been amended since it was introduced. The summary of that version is repeated here.)</b></p> <p> Honors the memories of Officer Sean Collier, Martin Richard, Krystle Campbell, and Lu Lingzi and conveys prayers for a complete recovery to Officer Richard Donohue, Jr., and all of the other victims injured in the attacks in Boston, Massachusetts, in April 2013. </p> <p>Expresses thanks to the men and women of law enforcement for bringing to justice the people responsible for the bombings that occurred during the running of the 117th Boston Marathon. </p>]]></text>
          <versionCode>82</versionCode>
          <actionDesc>Passed Senate without amendment</actionDesc>
          <name>Passed Senate without amendment</name>
        </item>
      </billSummaries>
    </summaries>
    <sponsors>
      <item>
        <bioguideId>W000817</bioguideId>
        <fullName>Sen. Warren, Elizabeth [D-MA]</fullName>
        <byRequestType />
        <lastName>Warren</lastName>
        <firstName>Elizabeth</firstName>
        <middleName>A.</middleName>
        <identifiers>
          <gpoId />
          <lisID>2182</lisID>
          <bioguideId>W000817</bioguideId>
        </identifiers>
      </item>
    </sponsors>
    <latestAction>
      <links />
      <actionDate>2013-04-25</actionDate>
      <text>Submitted in the Senate, considered, and agreed to without amendment and with a preamble by Unanimous Consent. (consideration: CR S2982-2983; text as passed Senate: CR S3045-3046)</text>
    </latestAction>
    <congress>113</congress>
    <billNumber>115</billNumber>
    <cboCostEstimates />
    <calendarNumbers />
    <billType>SRES</billType>
    <committees>
      <billCommittees />
    </committees>
    <recordedVotes />
    <titles>
      <item>
        <parentTitleType />
        <title>A resolution commending the heroism, courage, and sacrifice of Sean Collier, an officer in the Massachusetts Institute of Technology Police Department, Martin Richard, an 8-year-old resident of Dorchester, Massachusetts, Krystle Campbell, a native of Medford, Massachusetts, Lu Lingzi, a student at Boston University, and all the victims who are recovering from injuries caused by the attacks in Boston, Massachusetts, including Richard Donohue, Jr., an officer in the Massachusetts Bay Transportation Authority Transit Police Department.</title>
        <chamberName />
        <chamberCode />
        <titleType>Official Title as Introduced</titleType>
      </item>
      <item>
        <parentTitleType />
        <title>A resolution commending the heroism, courage, and sacrifice of Sean Collier, an officer in the Massachusetts Institute of Technology Police Department, Martin Richard, an 8-year-old resident of Dorchester, Massachusetts, Krystle Campbell, a native of Medford, Massachusetts, Lu Lingzi, a student at Boston University, and all the victims who are recovering from injuries caused by the attacks in Boston, Massachusetts, including Richard Donohue, Jr., an officer in the Massachusetts Bay Transportation Authority Transit Police Department.</title>
        <chamberName />
        <chamberCode />
        <titleType>Display Title</titleType>
      </item>
    </titles>
    <laws />
    <originChamber>Senate</originChamber>
    <createDate>2013-04-26T07:02:10Z</createDate>
    <notes />
    <updateDate>2016-10-25T16:18:20Z</updateDate>
    <policyArea>
      <name>Crime and Law Enforcement</name>
    </policyArea>
    <title>A resolution commending the heroism, courage, and sacrifice of Sean Collier, an officer in the Massachusetts Institute of Technology Police Department, Martin Richard, an 8-year-old resident of Dorchester, Massachusetts, Krystle Campbell, a native of Medford, Massachusetts, Lu Lingzi, a student at Boston University, and all the victims who are recovering from injuries caused by the attacks in Boston, Massachusetts, including Richard Donohue, Jr., an officer in the Massachusetts Bay Transportation Authority Transit Police Department.</title>
    <committeeReports />
    <subjects>
      <billSubjects>
        <policyArea>
          <name>Crime and Law Enforcement</name>
        </policyArea>
        <legislativeSubjects>
          <item>
            <name>Congressional tributes</name>
          </item>
          <item>
            <name>Crime victims</name>
          </item>
          <item>
            <name>Criminal investigation, prosecution, interrogation</name>
          </item>
          <item>
            <name>Law enforcement officers</name>
          </item>
          <item>
            <name>Massachusetts</name>
          </item>
          <item>
            <name>Terrorism</name>
          </item>
          <item>
            <name>Violent crime</name>
          </item>
        </legislativeSubjects>
      </billSubjects>
    </subjects>
    <relatedBills>
      <item>
        <type>HRES</type>
        <latestTitle>Commending the heroism, courage, and sacrifice of Sean Collier, an officer in the Massachusetts Institute of Technology Police Department, Martin Richard, an 8-year-old resident of Dorchester, Massachusetts, Krystle Campbell, Lu Lingzi, a student at Boston University, and all the victims who are recovering from injuries caused by the attacks in Boston, Massachusetts, including Richard Donohue, Jr., an officer in the Massachusetts Bay Transportation Authority Transit Police Department.</latestTitle>
        <number>176</number>
        <latestAction>
          <actionDate>2013-04-30</actionDate>
          <text>Referred to the Subcommittee on Crime, Terrorism, Homeland Security, and Investigations.</text>
        </latestAction>
        <congress>113</congress>
        <relationshipDetails>
          <item>
            <type>Related bill</type>
            <identifiedBy>CRS</identifiedBy>
          </item>
        </relationshipDetails>
      </item>
    </relatedBills>
    <introducedDate>2013-04-25</introducedDate>
    <amendments />
    <actions>
      <item>
        <actionDate>2013-04-25</actionDate>
        <committee />
        <links>
          <link>
            <name>S2982-2983</name>
            <url>/congressional-record/2013/senate-section/page/S2982-2983</url>
          </link>
          <link>
            <name>S3045-3046</name>
            <url>/congressional-record/2013/senate-section/page/S3045-3046</url>
          </link>
        </links>
        <sourceSystem>
          <name>Senate</name>
          <code>0</code>
        </sourceSystem>
        <text>Submitted in the Senate, considered, and agreed to without amendment and with a preamble by Unanimous Consent. (consideration: CR S2982-2983; text as passed Senate: CR S3045-3046)</text>
        <type>Floor</type>
      </item>
      <item>
        <actionDate>2013-04-25</actionDate>
        <committee />
        <actionCode>17000</actionCode>
        <links>
          <link>
            <name>S2982-2983</name>
            <url>/congressional-record/2013/senate-section/page/S2982-2983</url>
          </link>
          <link>
            <name>S3045-3046</name>
            <url>/congressional-record/2013/senate-section/page/S3045-3046</url>
          </link>
        </links>
        <type>Floor</type>
        <sourceSystem>
          <name>Library of Congress</name>
          <code>9</code>
        </sourceSystem>
        <text>Passed/agreed to in Senate: Submitted in the Senate, considered, and agreed to without amendment and with a preamble by Unanimous Consent.(consideration: CR S2982-2983; text as passed Senate: CR S3045-3046)</text>
      </item>
      <item>
        <actionDate>2013-04-25</actionDate>
        <committee />
        <actionCode>10000</actionCode>
        <links />
        <type>IntroReferral</type>
        <sourceSystem>
          <name>Library of Congress</name>
          <code>9</code>
        </sourceSystem>
        <text>Introduced in Senate</text>
      </item>
      <actionByCounts>
        <senate>3</senate>
      </actionByCounts>
      <actionTypeCounts>
        <introducedInSenate>1</introducedInSenate>
        <passedOrAgreedToInSenateDayOf>1</passedOrAgreedToInSenateDayOf>
        <passedAgreedToInSenate>1</passedAgreedToInSenate>
      </actionTypeCounts>
    </actions>
    <cosponsors>
      <item>
        <lastName>Cowan</lastName>
        <fullName>Sen. Cowan, William M. [D-MA]</fullName>
        <bioguideId>C001099</bioguideId>
        <sponsorshipWithdrawnDate />
        <identifiers>
          <gpoId />
          <lisID>2189</lisID>
          <bioguideId>C001099</bioguideId>
        </identifiers>
        <isOriginalCosponsor>True</isOriginalCosponsor>
        <firstName>William "Mo"</firstName>
        <sponsorshipDate>2013-04-25</sponsorshipDate>
        <middleName />
      </item>
      <item>
        <lastName>REID</lastName>
        <fullName>Sen. Reid, Harry [D-NV]</fullName>
        <bioguideId>R000146</bioguideId>
        <sponsorshipWithdrawnDate />
        <identifiers>
          <bioguideId>R000146</bioguideId>
          <lisID>952</lisID>
          <gpoId>8271</gpoId>
        </identifiers>
        <isOriginalCosponsor>True</isOriginalCosponsor>
        <firstName>HARRY</firstName>
        <sponsorshipDate>2013-04-25</sponsorshipDate>
        <middleName>M.</middleName>
      </item>
      <item>
        <lastName>MCCONNELL</lastName>
        <fullName>Sen. McConnell, Mitch [R-KY]</fullName>
        <bioguideId>M000355</bioguideId>
        <sponsorshipWithdrawnDate />
        <identifiers>
          <gpoId>8254</gpoId>
          <lisID>1395</lisID>
          <bioguideId>M000355</bioguideId>
        </identifiers>
        <isOriginalCosponsor>True</isOriginalCosponsor>
        <firstName>MITCH</firstName>
        <sponsorshipDate>2013-04-25</sponsorshipDate>
        <middleName />
      </item>
      <item>
        <lastName>Alexander</lastName>
        <fullName>Sen. Alexander, Lamar [R-TN]</fullName>
        <bioguideId>A000360</bioguideId>
        <sponsorshipWithdrawnDate />
        <identifiers>
          <lisID>1695</lisID>
          <gpoId>8304</gpoId>
          <bioguideId>A000360</bioguideId>
        </identifiers>
        <isOriginalCosponsor>True</isOriginalCosponsor>
        <firstName>Lamar</firstName>
        <sponsorshipDate>2013-04-25</sponsorshipDate>
        <middleName />
      </item>
      <item>
        <lastName>Ayotte</lastName>
        <fullName>Sen. Ayotte, Kelly [R-NH]</fullName>
        <bioguideId>A000368</bioguideId>
        <sponsorshipWithdrawnDate />
        <identifiers>
          <gpoId>8315</gpoId>
          <lisID>2075</lisID>
          <bioguideId>A000368</bioguideId>
        </identifiers>
        <isOriginalCosponsor>True</isOriginalCosponsor>
        <firstName>Kelly</firstName>
        <sponsorshipDate>2013-04-25</sponsorshipDate>
        <middleName />
      </item>
      <item>
        <lastName>BALDWIN</lastName>
        <fullName>Sen. Baldwin, Tammy [D-WI]</fullName>
        <bioguideId>B001230</bioguideId>
        <sponsorshipWithdrawnDate />
        <identifiers>
          <gpoId>8215</gpoId>
          <lisID>1558</lisID>
          <bioguideId>B001230</bioguideId>
        </identifiers>
        <isOriginalCosponsor>True</isOriginalCosponsor>
        <firstName>TAMMY</firstName>
        <sponsorshipDate>2013-04-25</sponsorshipDate>
        <middleName />
      </item>
      <item>
        <lastName>Barrasso</lastName>
        <fullName>Sen. Barrasso, John [R-WY]</fullName>
        <bioguideId>B001261</bioguideId>
        <sponsorshipWithdrawnDate />
        <identifiers>
          <gpoId>8300</gpoId>
          <lisID>1881</lisID>
          <bioguideId>B001261</bioguideId>
        </identifiers>
        <isOriginalCosponsor>True</isOriginalCosponsor>
        <firstName>John</firstName>
        <sponsorshipDate>2013-04-25</sponsorshipDate>
        <middleName />
      </item>
      <item>
        <lastName>BAUCUS</lastName>
        <fullName>Sen. Baucus, Max [D-MT]</fullName>
        <bioguideId>B000243</bioguideId>
        <sponsorshipWithdrawnDate />
        <identifiers>
          <gpoId>8298</gpoId>
          <bioguideId>B000243</bioguideId>
          <lisID>66</lisID>
        </identifiers>
        <isOriginalCosponsor>True</isOriginalCosponsor>
        <firstName>MAX</firstName>
        <sponsorshipDate>2013-04-25</sponsorshipDate>
        <middleName>SIEBEN</middleName>
      </item>
      <item>
        <lastName>Begich</lastName>
        <fullName>Sen. Begich, Mark [D-AK]</fullName>
        <bioguideId>B001265</bioguideId>
        <sponsorshipWithdrawnDate />
        <identifiers>
          <gpoId>8301</gpoId>
          <bioguideId>B001265</bioguideId>
          <lisID>1898</lisID>
        </identifiers>
        <isOriginalCosponsor>True</isOriginalCosponsor>
        <firstName>Mark</firstName>
        <sponsorshipDate>2013-04-25</sponsorshipDate>
        <middleName />
      </item>
      <item>
        <lastName>Bennet</lastName>
        <fullName>Sen. Bennet, Michael F. [D-CO]</fullName>
        <bioguideId>B001267</bioguideId>
        <sponsorshipWithdrawnDate />
        <identifiers>
          <gpoId>8302</gpoId>
          <lisID>1965</lisID>
          <bioguideId>B001267</bioguideId>
        </identifiers>
        <isOriginalCosponsor>True</isOriginalCosponsor>
        <firstName>Michael</firstName>
        <sponsorshipDate>2013-04-25</sponsorshipDate>
        <middleName>F.</middleName>
      </item>
      <item>
        <lastName>Blumenthal</lastName>
        <fullName>Sen. Blumenthal, Richard [D-CT]</fullName>
        <bioguideId>B001277</bioguideId>
        <sponsorshipWithdrawnDate />
        <identifiers>
          <lisID>2076</lisID>
          <gpoId>8332</gpoId>
          <bioguideId>B001277</bioguideId>
        </identifiers>
        <isOriginalCosponsor>True</isOriginalCosponsor>
        <firstName>Richard</firstName>
        <sponsorshipDate>2013-04-25</sponsorshipDate>
        <middleName />
      </item>
      <item>
        <lastName>Blunt</lastName>
        <fullName>Sen. Blunt, Roy [R-MO]</fullName>
        <bioguideId>B000575</bioguideId>
        <sponsorshipWithdrawnDate />
        <identifiers>
          <lisID>1464</lisID>
          <bioguideId>B000575</bioguideId>
          <gpoId>8313</gpoId>
        </identifiers>
        <isOriginalCosponsor>True</isOriginalCosponsor>
        <firstName>Roy</firstName>
        <sponsorshipDate>2013-04-25</sponsorshipDate>
        <middleName />
      </item>
      <item>
        <lastName>Boozman</lastName>
        <fullName>Sen. Boozman, John [R-AR]</fullName>
        <bioguideId>B001236</bioguideId>
        <sponsorshipWithdrawnDate />
        <identifiers>
          <gpoId>8247</gpoId>
          <lisID>1687</lisID>
          <bioguideId>B001236</bioguideId>
        </identifiers>
        <isOriginalCosponsor>True</isOriginalCosponsor>
        <firstName>John</firstName>
        <sponsorshipDate>2013-04-25</sponsorshipDate>
        <middleName />
      </item>
      <item>
        <lastName>BOXER</lastName>
        <fullName>Sen. Boxer, Barbara [D-CA]</fullName>
        <bioguideId>B000711</bioguideId>
        <sponsorshipWithdrawnDate />
        <identifiers>
          <gpoId>8306</gpoId>
          <bioguideId>B000711</bioguideId>
          <lisID>116</lisID>
        </identifiers>
        <isOriginalCosponsor>True</isOriginalCosponsor>
        <firstName>BARBARA</firstName>
        <sponsorshipDate>2013-04-25</sponsorshipDate>
        <middleName />
      </item>
      <item>
        <lastName>BROWN</lastName>
        <fullName>Sen. Brown, Sherrod [D-OH]</fullName>
        <bioguideId>B000944</bioguideId>
        <sponsorshipWithdrawnDate />
        <identifiers>
          <lisID>136</lisID>
          <gpoId>8309</gpoId>
          <bioguideId>B000944</bioguideId>
        </identifiers>
        <isOriginalCosponsor>True</isOriginalCosponsor>
        <firstName>SHERROD</firstName>
        <sponsorshipDate>2013-04-25</sponsorshipDate>
        <middleName />
      </item>
      <item>
        <lastName>BURR</lastName>
        <fullName>Sen. Burr, Richard [R-NC]</fullName>
        <bioguideId>B001135</bioguideId>
        <sponsorshipWithdrawnDate />
        <identifiers>
          <lisID>153</lisID>
          <gpoId>8286</gpoId>
          <bioguideId>B001135</bioguideId>
        </identifiers>
        <isOriginalCosponsor>True</isOriginalCosponsor>
        <firstName>RICHARD</firstName>
        <sponsorshipDate>2013-04-25</sponsorshipDate>
        <middleName />
      </item>
      <item>
        <lastName>CANTWELL</lastName>
        <fullName>Sen. Cantwell, Maria [D-WA]</fullName>
        <bioguideId>C000127</bioguideId>
        <sponsorshipWithdrawnDate />
        <identifiers>
          <lisID>172</lisID>
          <bioguideId>C000127</bioguideId>
          <gpoId>8288</gpoId>
        </identifiers>
        <isOriginalCosponsor>True</isOriginalCosponsor>
        <firstName>MARIA</firstName>
        <sponsorshipDate>2013-04-25</sponsorshipDate>
        <middleName />
      </item>
      <item>
        <lastName>CARDIN</lastName>
        <fullName>Sen. Cardin, Benjamin L. [D-MD]</fullName>
        <bioguideId>C000141</bioguideId>
        <sponsorshipWithdrawnDate />
        <identifiers>
          <bioguideId>C000141</bioguideId>
          <lisID>174</lisID>
          <gpoId>8287</gpoId>
        </identifiers>
        <isOriginalCosponsor>True</isOriginalCosponsor>
        <firstName>BENJAMIN</firstName>
        <sponsorshipDate>2013-04-25</sponsorshipDate>
        <middleName>L.</middleName>
      </item>
      <item>
        <lastName>CARPER</lastName>
        <fullName>Sen. Carper, Thomas R. [D-DE]</fullName>
        <bioguideId>C000174</bioguideId>
        <sponsorshipWithdrawnDate />
        <identifiers>
          <bioguideId>C000174</bioguideId>
          <lisID>179</lisID>
          <gpoId>8283</gpoId>
        </identifiers>
        <isOriginalCosponsor>True</isOriginalCosponsor>
        <firstName>THOMAS</firstName>
        <sponsorshipDate>2013-04-25</sponsorshipDate>
        <middleName>R.</middleName>
      </item>
      <item>
        <lastName>Casey</lastName>
        <fullName>Sen. Casey, Robert P., Jr. [D-PA]</fullName>
        <bioguideId>C001070</bioguideId>
        <sponsorshipWithdrawnDate />
        <identifiers>
          <gpoId>8282</gpoId>
          <lisID>1828</lisID>
          <bioguideId>C001070</bioguideId>
        </identifiers>
        <isOriginalCosponsor>True</isOriginalCosponsor>
        <firstName>Bob</firstName>
        <sponsorshipDate>2013-04-25</sponsorshipDate>
        <middleName />
      </item>
      <item>
        <lastName>CHAMBLISS</lastName>
        <fullName>Sen. Chambliss, Saxby [R-GA]</fullName>
        <bioguideId>C000286</bioguideId>
        <sponsorshipWithdrawnDate />
        <identifiers>
          <gpoId>8284</gpoId>
          <lisID>188</lisID>
          <bioguideId>C000286</bioguideId>
        </identifiers>
        <isOriginalCosponsor>True</isOriginalCosponsor>
        <firstName>SAXBY</firstName>
        <sponsorshipDate>2013-04-25</sponsorshipDate>
        <middleName />
      </item>
      <item>
        <lastName>COATS</lastName>
        <fullName>Sen. Coats, Daniel [R-IN]</fullName>
        <bioguideId>C000542</bioguideId>
        <sponsorshipWithdrawnDate />
        <identifiers>
          <bioguideId>C000542</bioguideId>
          <lisID>209</lisID>
          <gpoId>8299</gpoId>
        </identifiers>
        <isOriginalCosponsor>True</isOriginalCosponsor>
        <firstName>DANIEL</firstName>
        <sponsorshipDate>2013-04-25</sponsorshipDate>
        <middleName>RAY</middleName>
      </item>
      <item>
        <lastName>COBURN</lastName>
        <fullName>Sen. Coburn, Tom [R-OK]</fullName>
        <bioguideId>C000560</bioguideId>
        <sponsorshipWithdrawnDate />
        <identifiers>
          <gpoId>8293</gpoId>
          <bioguideId>C000560</bioguideId>
          <lisID>212</lisID>
        </identifiers>
        <isOriginalCosponsor>True</isOriginalCosponsor>
        <firstName>TOM</firstName>
        <sponsorshipDate>2013-04-25</sponsorshipDate>
        <middleName />
      </item>
      <item>
        <lastName>Cochran</lastName>
        <fullName>Sen. Cochran, Thad [R-MS]</fullName>
        <bioguideId>C000567</bioguideId>
        <sponsorshipWithdrawnDate />
        <identifiers>
          <lisID>213</lisID>
          <bioguideId>C000567</bioguideId>
          <gpoId>8292</gpoId>
        </identifiers>
        <isOriginalCosponsor>True</isOriginalCosponsor>
        <firstName>Thad</firstName>
        <sponsorshipDate>2013-04-25</sponsorshipDate>
        <middleName />
      </item>
      <item>
        <lastName>COLLINS</lastName>
        <fullName>Sen. Collins, Susan M. [R-ME]</fullName>
        <bioguideId>C001035</bioguideId>
        <sponsorshipWithdrawnDate />
        <identifiers>
          <gpoId>8291</gpoId>
          <bioguideId>C001035</bioguideId>
          <lisID>1541</lisID>
        </identifiers>
        <isOriginalCosponsor>True</isOriginalCosponsor>
        <firstName>SUSAN</firstName>
        <sponsorshipDate>2013-04-25</sponsorshipDate>
        <middleName>MARGARET</middleName>
      </item>
      <item>
        <lastName>Coons</lastName>
        <fullName>Sen. Coons, Christopher A. [D-DE]</fullName>
        <bioguideId>C001088</bioguideId>
        <sponsorshipWithdrawnDate />
        <identifiers>
          <lisID>1984</lisID>
          <gpoId>8297</gpoId>
          <bioguideId>C001088</bioguideId>
        </identifiers>
        <isOriginalCosponsor>True</isOriginalCosponsor>
        <firstName>Christopher</firstName>
        <sponsorshipDate>2013-04-25</sponsorshipDate>
        <middleName>A.</middleName>
      </item>
      <item>
        <lastName>Corker</lastName>
        <fullName>Sen. Corker, Bob [R-TN]</fullName>
        <bioguideId>C001071</bioguideId>
        <sponsorshipWithdrawnDate />
        <identifiers>
          <gpoId>8294</gpoId>
          <lisID>1825</lisID>
          <bioguideId>C001071</bioguideId>
        </identifiers>
        <isOriginalCosponsor>True</isOriginalCosponsor>
        <firstName>Bob</firstName>
        <sponsorshipDate>2013-04-25</sponsorshipDate>
        <middleName />
      </item>
      <item>
        <lastName>Cornyn</lastName>
        <fullName>Sen. Cornyn, John [R-TX]</fullName>
        <bioguideId>C001056</bioguideId>
        <sponsorshipWithdrawnDate />
        <identifiers>
          <bioguideId>C001056</bioguideId>
          <lisID>1692</lisID>
          <gpoId>8295</gpoId>
        </identifiers>
        <isOriginalCosponsor>True</isOriginalCosponsor>
        <firstName>John</firstName>
        <sponsorshipDate>2013-04-25</sponsorshipDate>
        <middleName />
      </item>
      <item>
        <lastName>CRAPO</lastName>
        <fullName>Sen. Crapo, Mike [R-ID]</fullName>
        <bioguideId>C000880</bioguideId>
        <sponsorshipWithdrawnDate />
        <identifiers>
          <lisID>250</lisID>
          <bioguideId>C000880</bioguideId>
          <gpoId>8289</gpoId>
        </identifiers>
        <isOriginalCosponsor>True</isOriginalCosponsor>
        <firstName>MICHAEL</firstName>
        <sponsorshipDate>2013-04-25</sponsorshipDate>
        <middleName>D.</middleName>
      </item>
      <item>
        <lastName>Cruz</lastName>
        <fullName>Sen. Cruz, Ted [R-TX]</fullName>
        <bioguideId>C001098</bioguideId>
        <sponsorshipWithdrawnDate />
        <identifiers>
          <bioguideId>C001098</bioguideId>
          <lisID>2175</lisID>
          <gpoId />
        </identifiers>
        <isOriginalCosponsor>True</isOriginalCosponsor>
        <firstName>Ted</firstName>
        <sponsorshipDate>2013-04-25</sponsorshipDate>
        <middleName />
      </item>
      <item>
        <lastName>Donnelly</lastName>
        <fullName>Sen. Donnelly, Joe [D-IN]</fullName>
        <bioguideId>D000607</bioguideId>
        <sponsorshipWithdrawnDate />
        <identifiers>
          <gpoId>7941</gpoId>
          <lisID>1850</lisID>
          <bioguideId>D000607</bioguideId>
        </identifiers>
        <isOriginalCosponsor>True</isOriginalCosponsor>
        <firstName>Joe</firstName>
        <sponsorshipDate>2013-04-25</sponsorshipDate>
        <middleName />
      </item>
      <item>
        <lastName>DURBIN</lastName>
        <fullName>Sen. Durbin, Richard [D-IL]</fullName>
        <bioguideId>D000563</bioguideId>
        <sponsorshipWithdrawnDate />
        <identifiers>
          <gpoId>8326</gpoId>
          <bioguideId>D000563</bioguideId>
          <lisID>326</lisID>
        </identifiers>
        <isOriginalCosponsor>True</isOriginalCosponsor>
        <firstName>RICHARD</firstName>
        <sponsorshipDate>2013-04-25</sponsorshipDate>
        <middleName>J.</middleName>
      </item>
      <item>
        <lastName>ENZI</lastName>
        <fullName>Sen. Enzi, Michael B. [R-WY]</fullName>
        <bioguideId>E000285</bioguideId>
        <sponsorshipWithdrawnDate />
        <identifiers>
          <bioguideId>E000285</bioguideId>
          <lisID>1542</lisID>
          <gpoId>8328</gpoId>
        </identifiers>
        <isOriginalCosponsor>True</isOriginalCosponsor>
        <firstName>MICHAEL</firstName>
        <sponsorshipDate>2013-04-25</sponsorshipDate>
        <middleName>B.</middleName>
      </item>
      <item>
        <lastName>FEINSTEIN</lastName>
        <fullName>Sen. Feinstein, Dianne [D-CA]</fullName>
        <bioguideId>F000062</bioguideId>
        <sponsorshipWithdrawnDate />
        <identifiers>
          <bioguideId>F000062</bioguideId>
          <lisID>1332</lisID>
          <gpoId>8338</gpoId>
        </identifiers>
        <isOriginalCosponsor>True</isOriginalCosponsor>
        <firstName>DIANNE</firstName>
        <sponsorshipDate>2013-04-25</sponsorshipDate>
        <middleName />
      </item>
      <item>
        <lastName>Fischer</lastName>
        <fullName>Sen. Fischer, Deb [R-NE]</fullName>
        <bioguideId>F000463</bioguideId>
        <sponsorshipWithdrawnDate />
        <identifiers>
          <lisID>2179</lisID>
          <bioguideId>F000463</bioguideId>
          <gpoId />
        </identifiers>
        <isOriginalCosponsor>True</isOriginalCosponsor>
        <firstName>Deb</firstName>
        <sponsorshipDate>2013-04-25</sponsorshipDate>
        <middleName />
      </item>
      <item>
        <lastName>FLAKE</lastName>
        <fullName>Sen. Flake, Jeff [R-AZ]</fullName>
        <bioguideId>F000444</bioguideId>
        <sponsorshipWithdrawnDate />
        <identifiers>
          <bioguideId>F000444</bioguideId>
          <lisID>1633</lisID>
          <gpoId>7803</gpoId>
        </identifiers>
        <isOriginalCosponsor>True</isOriginalCosponsor>
        <firstName>JEFF</firstName>
        <sponsorshipDate>2013-04-25</sponsorshipDate>
        <middleName />
      </item>
      <item>
        <lastName>Franken</lastName>
        <fullName>Sen. Franken, Al [D-MN]</fullName>
        <bioguideId>F000457</bioguideId>
        <sponsorshipWithdrawnDate />
        <identifiers>
          <lisID>1969</lisID>
          <gpoId>8339</gpoId>
          <bioguideId>F000457</bioguideId>
        </identifiers>
        <isOriginalCosponsor>True</isOriginalCosponsor>
        <firstName>Al</firstName>
        <sponsorshipDate>2013-04-25</sponsorshipDate>
        <middleName />
      </item>
      <item>
        <lastName>Gillibrand</lastName>
        <fullName>Sen. Gillibrand, Kirsten E. [D-NY]</fullName>
        <bioguideId>G000555</bioguideId>
        <sponsorshipWithdrawnDate />
        <identifiers>
          <gpoId>8336</gpoId>
          <bioguideId>G000555</bioguideId>
          <lisID>1866</lisID>
        </identifiers>
        <isOriginalCosponsor>True</isOriginalCosponsor>
        <firstName>Kirsten</firstName>
        <sponsorshipDate>2013-04-25</sponsorshipDate>
        <middleName>E.</middleName>
      </item>
      <item>
        <lastName>GRAHAM</lastName>
        <fullName>Sen. Graham, Lindsey [R-SC]</fullName>
        <bioguideId>G000359</bioguideId>
        <sponsorshipWithdrawnDate />
        <identifiers>
          <bioguideId>G000359</bioguideId>
          <lisID>452</lisID>
          <gpoId>8335</gpoId>
        </identifiers>
        <isOriginalCosponsor>True</isOriginalCosponsor>
        <firstName>LINDSEY</firstName>
        <sponsorshipDate>2013-04-25</sponsorshipDate>
        <middleName>O.</middleName>
      </item>
      <item>
        <lastName>GRASSLEY</lastName>
        <fullName>Sen. Grassley, Chuck [R-IA]</fullName>
        <bioguideId>G000386</bioguideId>
        <sponsorshipWithdrawnDate />
        <identifiers>
          <bioguideId>G000386</bioguideId>
          <lisID>457</lisID>
          <gpoId>8316</gpoId>
        </identifiers>
        <isOriginalCosponsor>True</isOriginalCosponsor>
        <firstName>CHARLES</firstName>
        <sponsorshipDate>2013-04-25</sponsorshipDate>
        <middleName>ERNEST</middleName>
      </item>
      <item>
        <lastName>Hagan</lastName>
        <fullName>Sen. Hagan, Kay [D-NC]</fullName>
        <bioguideId>H001049</bioguideId>
        <sponsorshipWithdrawnDate />
        <identifiers>
          <bioguideId>H001049</bioguideId>
          <lisID>1902</lisID>
          <gpoId>8318</gpoId>
        </identifiers>
        <isOriginalCosponsor>True</isOriginalCosponsor>
        <firstName>Kay</firstName>
        <sponsorshipDate>2013-04-25</sponsorshipDate>
        <middleName>R.</middleName>
      </item>
      <item>
        <lastName>HARKIN</lastName>
        <fullName>Sen. Harkin, Tom [D-IA]</fullName>
        <bioguideId>H000206</bioguideId>
        <sponsorshipWithdrawnDate />
        <identifiers>
          <lisID>501</lisID>
          <bioguideId>H000206</bioguideId>
          <gpoId>8317</gpoId>
        </identifiers>
        <isOriginalCosponsor>True</isOriginalCosponsor>
        <firstName>THOMAS</firstName>
        <sponsorshipDate>2013-04-25</sponsorshipDate>
        <middleName>RICHARD</middleName>
      </item>
      <item>
        <lastName>HATCH</lastName>
        <fullName>Sen. Hatch, Orrin G. [R-UT]</fullName>
        <bioguideId>H000338</bioguideId>
        <sponsorshipWithdrawnDate />
        <identifiers>
          <lisID>1351</lisID>
          <gpoId>8314</gpoId>
          <bioguideId>H000338</bioguideId>
        </identifiers>
        <isOriginalCosponsor>True</isOriginalCosponsor>
        <firstName>ORRIN</firstName>
        <sponsorshipDate>2013-04-25</sponsorshipDate>
        <middleName>GRANT</middleName>
      </item>
      <item>
        <lastName>Heinrich</lastName>
        <fullName>Sen. Heinrich, Martin [D-NM]</fullName>
        <bioguideId>H001046</bioguideId>
        <sponsorshipWithdrawnDate />
        <identifiers>
          <bioguideId>H001046</bioguideId>
          <lisID>1937</lisID>
          <gpoId>8056</gpoId>
        </identifiers>
        <isOriginalCosponsor>True</isOriginalCosponsor>
        <firstName>Martin</firstName>
        <sponsorshipDate>2013-04-25</sponsorshipDate>
        <middleName />
      </item>
      <item>
        <lastName>Heitkamp</lastName>
        <fullName>Sen. Heitkamp, Heidi [D-ND]</fullName>
        <bioguideId>H001069</bioguideId>
        <sponsorshipWithdrawnDate />
        <identifiers>
          <gpoId />
          <lisID>2174</lisID>
          <bioguideId>H001069</bioguideId>
        </identifiers>
        <isOriginalCosponsor>True</isOriginalCosponsor>
        <firstName>Heidi</firstName>
        <sponsorshipDate>2013-04-25</sponsorshipDate>
        <middleName />
      </item>
      <item>
        <lastName>Heller</lastName>
        <fullName>Sen. Heller, Dean [R-NV]</fullName>
        <bioguideId>H001041</bioguideId>
        <sponsorshipWithdrawnDate />
        <identifiers>
          <lisID>1863</lisID>
          <bioguideId>H001041</bioguideId>
          <gpoId>8060</gpoId>
        </identifiers>
        <isOriginalCosponsor>True</isOriginalCosponsor>
        <firstName>Dean</firstName>
        <sponsorshipDate>2013-04-25</sponsorshipDate>
        <middleName />
      </item>
      <item>
        <lastName>Hirono</lastName>
        <fullName>Sen. Hirono, Mazie K. [D-HI]</fullName>
        <bioguideId>H001042</bioguideId>
        <sponsorshipWithdrawnDate />
        <identifiers>
          <bioguideId>H001042</bioguideId>
          <lisID>1844</lisID>
          <gpoId>7913</gpoId>
        </identifiers>
        <isOriginalCosponsor>True</isOriginalCosponsor>
        <firstName>Mazie</firstName>
        <sponsorshipDate>2013-04-25</sponsorshipDate>
        <middleName>K.</middleName>
      </item>
      <item>
        <lastName>Hoeven</lastName>
        <fullName>Sen. Hoeven, John [R-ND]</fullName>
        <bioguideId>H001061</bioguideId>
        <sponsorshipWithdrawnDate />
        <identifiers>
          <gpoId>8331</gpoId>
          <bioguideId>H001061</bioguideId>
          <lisID>2079</lisID>
        </identifiers>
        <isOriginalCosponsor>True</isOriginalCosponsor>
        <firstName>John</firstName>
        <sponsorshipDate>2013-04-25</sponsorshipDate>
        <middleName />
      </item>
      <item>
        <lastName>INHOFE</lastName>
        <fullName>Sen. Inhofe, James M. [R-OK]</fullName>
        <bioguideId>I000024</bioguideId>
        <sponsorshipWithdrawnDate />
        <identifiers>
          <bioguideId>I000024</bioguideId>
          <lisID>583</lisID>
          <gpoId>8322</gpoId>
        </identifiers>
        <isOriginalCosponsor>True</isOriginalCosponsor>
        <firstName>JIM</firstName>
        <sponsorshipDate>2013-04-25</sponsorshipDate>
        <middleName />
      </item>
      <item>
        <lastName>Isakson</lastName>
        <fullName>Sen. Isakson, Johnny [R-GA]</fullName>
        <bioguideId>I000055</bioguideId>
        <sponsorshipWithdrawnDate />
        <identifiers>
          <gpoId>8323</gpoId>
          <lisID>1608</lisID>
          <bioguideId>I000055</bioguideId>
        </identifiers>
        <isOriginalCosponsor>True</isOriginalCosponsor>
        <firstName>Johnny</firstName>
        <sponsorshipDate>2013-04-25</sponsorshipDate>
        <middleName />
      </item>
      <item>
        <lastName>Johanns</lastName>
        <fullName>Sen. Johanns, Mike [R-NE]</fullName>
        <bioguideId>J000291</bioguideId>
        <sponsorshipWithdrawnDate />
        <identifiers>
          <bioguideId>J000291</bioguideId>
          <lisID>1899</lisID>
          <gpoId>8325</gpoId>
        </identifiers>
        <isOriginalCosponsor>True</isOriginalCosponsor>
        <firstName>Mike</firstName>
        <sponsorshipDate>2013-04-25</sponsorshipDate>
        <middleName />
      </item>
      <item>
        <lastName>Johnson</lastName>
        <fullName>Sen. Johnson, Ron [R-WI]</fullName>
        <bioguideId>J000293</bioguideId>
        <sponsorshipWithdrawnDate />
        <identifiers>
          <gpoId>8355</gpoId>
          <bioguideId>J000293</bioguideId>
          <lisID>2086</lisID>
        </identifiers>
        <isOriginalCosponsor>True</isOriginalCosponsor>
        <firstName>Ron</firstName>
        <sponsorshipDate>2013-04-25</sponsorshipDate>
        <middleName />
      </item>
      <item>
        <lastName>JOHNSON</lastName>
        <fullName>Sen. Johnson, Tim [D-SD]</fullName>
        <bioguideId>J000177</bioguideId>
        <sponsorshipWithdrawnDate />
        <identifiers>
          <lisID>604</lisID>
          <bioguideId>J000177</bioguideId>
          <gpoId>8319</gpoId>
        </identifiers>
        <isOriginalCosponsor>True</isOriginalCosponsor>
        <firstName>TIM</firstName>
        <sponsorshipDate>2013-04-25</sponsorshipDate>
        <middleName />
      </item>
      <item>
        <lastName>Kaine</lastName>
        <fullName>Sen. Kaine, Tim [D-VA]</fullName>
        <bioguideId>K000384</bioguideId>
        <sponsorshipWithdrawnDate />
        <identifiers>
          <bioguideId>K000384</bioguideId>
          <lisID>2176</lisID>
          <gpoId />
        </identifiers>
        <isOriginalCosponsor>True</isOriginalCosponsor>
        <firstName>Timothy</firstName>
        <sponsorshipDate>2013-04-25</sponsorshipDate>
        <middleName />
      </item>
      <item>
        <lastName>King</lastName>
        <fullName>Sen. King, Angus S. Jr. [I-ME]</fullName>
        <bioguideId>K000383</bioguideId>
        <sponsorshipWithdrawnDate />
        <identifiers>
          <lisID>2185</lisID>
          <bioguideId>K000383</bioguideId>
          <gpoId />
        </identifiers>
        <isOriginalCosponsor>True</isOriginalCosponsor>
        <firstName>Angus</firstName>
        <sponsorshipDate>2013-04-25</sponsorshipDate>
        <middleName />
      </item>
      <item>
        <lastName>KIRK</lastName>
        <fullName>Sen. Kirk, Mark Steven [R-IL]</fullName>
        <bioguideId>K000360</bioguideId>
        <sponsorshipWithdrawnDate />
        <identifiers>
          <lisID>1647</lisID>
          <gpoId>8285</gpoId>
          <bioguideId>K000360</bioguideId>
        </identifiers>
        <isOriginalCosponsor>True</isOriginalCosponsor>
        <firstName>MARK</firstName>
        <sponsorshipDate>2013-04-25</sponsorshipDate>
        <middleName>STEVEN</middleName>
      </item>
      <item>
        <lastName>Klobuchar</lastName>
        <fullName>Sen. Klobuchar, Amy [D-MN]</fullName>
        <bioguideId>K000367</bioguideId>
        <sponsorshipWithdrawnDate />
        <identifiers>
          <bioguideId>K000367</bioguideId>
          <lisID>1826</lisID>
          <gpoId>8249</gpoId>
        </identifiers>
        <isOriginalCosponsor>True</isOriginalCosponsor>
        <firstName>Amy</firstName>
        <sponsorshipDate>2013-04-25</sponsorshipDate>
        <middleName />
      </item>
      <item>
        <lastName>LANDRIEU</lastName>
        <fullName>Sen. Landrieu, Mary L. [D-LA]</fullName>
        <bioguideId>L000550</bioguideId>
        <sponsorshipWithdrawnDate />
        <identifiers>
          <bioguideId>L000550</bioguideId>
          <lisID>1546</lisID>
          <gpoId>8251</gpoId>
        </identifiers>
        <isOriginalCosponsor>True</isOriginalCosponsor>
        <firstName>MARY</firstName>
        <sponsorshipDate>2013-04-25</sponsorshipDate>
        <middleName />
      </item>
      <item>
        <lastName>LAUTENBERG</lastName>
        <fullName>Sen. Lautenberg, Frank R. [D-NJ]</fullName>
        <bioguideId>L000123</bioguideId>
        <sponsorshipWithdrawnDate />
        <identifiers>
          <gpoId>8245</gpoId>
          <bioguideId>L000123</bioguideId>
          <lisID>1381</lisID>
        </identifiers>
        <isOriginalCosponsor>True</isOriginalCosponsor>
        <firstName>FRANK</firstName>
        <sponsorshipDate>2013-04-25</sponsorshipDate>
        <middleName>R.</middleName>
      </item>
      <item>
        <lastName>LEAHY</lastName>
        <fullName>Sen. Leahy, Patrick J. [D-VT]</fullName>
        <bioguideId>L000174</bioguideId>
        <sponsorshipWithdrawnDate />
        <identifiers>
          <bioguideId>L000174</bioguideId>
          <lisID>1383</lisID>
          <gpoId>8244</gpoId>
        </identifiers>
        <isOriginalCosponsor>True</isOriginalCosponsor>
        <firstName>PATRICK</firstName>
        <sponsorshipDate>2013-04-25</sponsorshipDate>
        <middleName>JOSEPH</middleName>
      </item>
      <item>
        <lastName>Lee</lastName>
        <fullName>Sen. Lee, Mike [R-UT]</fullName>
        <bioguideId>L000577</bioguideId>
        <sponsorshipWithdrawnDate />
        <identifiers>
          <gpoId>8303</gpoId>
          <lisID>2080</lisID>
          <bioguideId>L000577</bioguideId>
        </identifiers>
        <isOriginalCosponsor>True</isOriginalCosponsor>
        <firstName>Mike</firstName>
        <sponsorshipDate>2013-04-25</sponsorshipDate>
        <middleName />
      </item>
      <item>
        <lastName>LEVIN</lastName>
        <fullName>Sen. Levin, Carl [D-MI]</fullName>
        <bioguideId>L000261</bioguideId>
        <sponsorshipWithdrawnDate />
        <identifiers>
          <bioguideId>L000261</bioguideId>
          <lisID>1384</lisID>
          <gpoId>8243</gpoId>
        </identifiers>
        <isOriginalCosponsor>True</isOriginalCosponsor>
        <firstName>CARL</firstName>
        <sponsorshipDate>2013-04-25</sponsorshipDate>
        <middleName>MILTON</middleName>
      </item>
      <item>
        <lastName>Manchin</lastName>
        <fullName>Sen. Manchin, Joe, III [D-WV]</fullName>
        <bioguideId>M001183</bioguideId>
        <sponsorshipWithdrawnDate />
        <identifiers>
          <bioguideId>M001183</bioguideId>
          <lisID>1983</lisID>
          <gpoId>8256</gpoId>
        </identifiers>
        <isOriginalCosponsor>True</isOriginalCosponsor>
        <firstName>Joe</firstName>
        <sponsorshipDate>2013-04-25</sponsorshipDate>
        <middleName />
      </item>
      <item>
        <lastName>MCCAIN</lastName>
        <fullName>Sen. McCain, John [R-AZ]</fullName>
        <bioguideId>M000303</bioguideId>
        <sponsorshipWithdrawnDate />
        <identifiers>
          <bioguideId>M000303</bioguideId>
          <lisID>754</lisID>
          <gpoId>8253</gpoId>
        </identifiers>
        <isOriginalCosponsor>True</isOriginalCosponsor>
        <firstName>JOHN</firstName>
        <sponsorshipDate>2013-04-25</sponsorshipDate>
        <middleName>SIDNEY</middleName>
      </item>
      <item>
        <lastName>McCaskill</lastName>
        <fullName>Sen. McCaskill, Claire [D-MO]</fullName>
        <bioguideId>M001170</bioguideId>
        <sponsorshipWithdrawnDate />
        <identifiers>
          <gpoId>8252</gpoId>
          <lisID>1820</lisID>
          <bioguideId>M001170</bioguideId>
        </identifiers>
        <isOriginalCosponsor>True</isOriginalCosponsor>
        <firstName>Claire</firstName>
        <sponsorshipDate>2013-04-25</sponsorshipDate>
        <middleName />
      </item>
      <item>
        <lastName>MENENDEZ</lastName>
        <fullName>Sen. Menendez, Robert [D-NJ]</fullName>
        <bioguideId>M000639</bioguideId>
        <sponsorshipWithdrawnDate />
        <identifiers>
          <lisID>791</lisID>
          <bioguideId>M000639</bioguideId>
          <gpoId>8239</gpoId>
        </identifiers>
        <isOriginalCosponsor>True</isOriginalCosponsor>
        <firstName>ROBERT</firstName>
        <sponsorshipDate>2013-04-25</sponsorshipDate>
        <middleName />
      </item>
      <item>
        <lastName>Merkley</lastName>
        <fullName>Sen. Merkley, Jeff [D-OR]</fullName>
        <bioguideId>M001176</bioguideId>
        <sponsorshipWithdrawnDate />
        <identifiers>
          <lisID>1900</lisID>
          <gpoId>8238</gpoId>
          <bioguideId>M001176</bioguideId>
        </identifiers>
        <isOriginalCosponsor>True</isOriginalCosponsor>
        <firstName>Jeff</firstName>
        <sponsorshipDate>2013-04-25</sponsorshipDate>
        <middleName />
      </item>
      <item>
        <lastName>MIKULSKI</lastName>
        <fullName>Sen. Mikulski, Barbara A. [D-MD]</fullName>
        <bioguideId>M000702</bioguideId>
        <sponsorshipWithdrawnDate />
        <identifiers>
          <bioguideId>M000702</bioguideId>
          <lisID>802</lisID>
          <gpoId>8240</gpoId>
        </identifiers>
        <isOriginalCosponsor>True</isOriginalCosponsor>
        <firstName>BARBARA</firstName>
        <sponsorshipDate>2013-04-25</sponsorshipDate>
        <middleName>ANN</middleName>
      </item>
      <item>
        <lastName>MORAN</lastName>
        <fullName>Sen. Moran, Jerry [R-KS]</fullName>
        <bioguideId>M000934</bioguideId>
        <sponsorshipWithdrawnDate />
        <identifiers>
          <lisID>1507</lisID>
          <gpoId>8307</gpoId>
          <bioguideId>M000934</bioguideId>
        </identifiers>
        <isOriginalCosponsor>True</isOriginalCosponsor>
        <firstName>JERRY</firstName>
        <sponsorshipDate>2013-04-25</sponsorshipDate>
        <middleName />
      </item>
      <item>
        <lastName>Murkowski</lastName>
        <fullName>Sen. Murkowski, Lisa [R-AK]</fullName>
        <bioguideId>M001153</bioguideId>
        <sponsorshipWithdrawnDate />
        <identifiers>
          <gpoId>8234</gpoId>
          <bioguideId>M001153</bioguideId>
          <lisID>1694</lisID>
        </identifiers>
        <isOriginalCosponsor>True</isOriginalCosponsor>
        <firstName>Lisa</firstName>
        <sponsorshipDate>2013-04-25</sponsorshipDate>
        <middleName />
      </item>
      <item>
        <lastName>Murphy</lastName>
        <fullName>Sen. Murphy, Christopher S. [D-CT]</fullName>
        <bioguideId>M001169</bioguideId>
        <sponsorshipWithdrawnDate />
        <identifiers>
          <lisID>1837</lisID>
          <bioguideId>M001169</bioguideId>
          <gpoId>7870</gpoId>
        </identifiers>
        <isOriginalCosponsor>True</isOriginalCosponsor>
        <firstName>Christopher</firstName>
        <sponsorshipDate>2013-04-25</sponsorshipDate>
        <middleName>S.</middleName>
      </item>
      <item>
        <lastName>MURRAY</lastName>
        <fullName>Sen. Murray, Patty [D-WA]</fullName>
        <bioguideId>M001111</bioguideId>
        <sponsorshipWithdrawnDate />
        <identifiers>
          <gpoId>8237</gpoId>
          <lisID>1409</lisID>
          <bioguideId>M001111</bioguideId>
        </identifiers>
        <isOriginalCosponsor>True</isOriginalCosponsor>
        <firstName>PATTY</firstName>
        <sponsorshipDate>2013-04-25</sponsorshipDate>
        <middleName />
      </item>
      <item>
        <lastName>NELSON</lastName>
        <fullName>Sen. Nelson, Bill [D-FL]</fullName>
        <bioguideId>N000032</bioguideId>
        <sponsorshipWithdrawnDate />
        <identifiers>
          <gpoId>8236</gpoId>
          <bioguideId>N000032</bioguideId>
          <lisID>859</lisID>
        </identifiers>
        <isOriginalCosponsor>True</isOriginalCosponsor>
        <firstName>CLARENCE</firstName>
        <sponsorshipDate>2013-04-25</sponsorshipDate>
        <middleName>WILLIAM</middleName>
      </item>
      <item>
        <lastName>Paul</lastName>
        <fullName>Sen. Paul, Rand [R-KY]</fullName>
        <bioguideId>P000603</bioguideId>
        <sponsorshipWithdrawnDate />
        <identifiers>
          <lisID>2082</lisID>
          <gpoId>8308</gpoId>
          <bioguideId>P000603</bioguideId>
        </identifiers>
        <isOriginalCosponsor>True</isOriginalCosponsor>
        <firstName>Rand</firstName>
        <sponsorshipDate>2013-04-25</sponsorshipDate>
        <middleName />
      </item>
      <item>
        <lastName>PORTMAN</lastName>
        <fullName>Sen. Portman, Rob [R-OH]</fullName>
        <bioguideId>P000449</bioguideId>
        <sponsorshipWithdrawnDate />
        <identifiers>
          <lisID>924</lisID>
          <bioguideId>P000449</bioguideId>
          <gpoId>8266</gpoId>
        </identifiers>
        <isOriginalCosponsor>True</isOriginalCosponsor>
        <firstName>ROB</firstName>
        <sponsorshipDate>2013-04-25</sponsorshipDate>
        <middleName />
      </item>
      <item>
        <lastName>Pryor</lastName>
        <fullName>Sen. Pryor, Mark L. [D-AR]</fullName>
        <bioguideId>P000590</bioguideId>
        <sponsorshipWithdrawnDate />
        <identifiers>
          <bioguideId>P000590</bioguideId>
          <lisID>1701</lisID>
          <gpoId>8241</gpoId>
        </identifiers>
        <isOriginalCosponsor>True</isOriginalCosponsor>
        <firstName>Mark</firstName>
        <sponsorshipDate>2013-04-25</sponsorshipDate>
        <middleName>Lunsford</middleName>
      </item>
      <item>
        <lastName>REED</lastName>
        <fullName>Sen. Reed, Jack [D-RI]</fullName>
        <bioguideId>R000122</bioguideId>
        <sponsorshipWithdrawnDate />
        <identifiers>
          <bioguideId>R000122</bioguideId>
          <lisID>949</lisID>
          <gpoId>8272</gpoId>
        </identifiers>
        <isOriginalCosponsor>True</isOriginalCosponsor>
        <firstName>JOHN</firstName>
        <sponsorshipDate>2013-04-25</sponsorshipDate>
        <middleName>F.</middleName>
      </item>
      <item>
        <lastName>Risch</lastName>
        <fullName>Sen. Risch, James E. [R-ID]</fullName>
        <bioguideId>R000584</bioguideId>
        <sponsorshipWithdrawnDate />
        <identifiers>
          <bioguideId>R000584</bioguideId>
          <lisID>1896</lisID>
          <gpoId>8274</gpoId>
        </identifiers>
        <isOriginalCosponsor>True</isOriginalCosponsor>
        <firstName>James</firstName>
        <sponsorshipDate>2013-04-25</sponsorshipDate>
        <middleName>E.</middleName>
      </item>
      <item>
        <lastName>ROBERTS</lastName>
        <fullName>Sen. Roberts, Pat [R-KS]</fullName>
        <bioguideId>R000307</bioguideId>
        <sponsorshipWithdrawnDate />
        <identifiers>
          <bioguideId>R000307</bioguideId>
          <lisID>968</lisID>
          <gpoId>8275</gpoId>
        </identifiers>
        <isOriginalCosponsor>True</isOriginalCosponsor>
        <firstName>PAT</firstName>
        <sponsorshipDate>2013-04-25</sponsorshipDate>
        <middleName />
      </item>
      <item>
        <lastName>ROCKEFELLER</lastName>
        <fullName>Sen. Rockefeller, John D., IV [D-WV]</fullName>
        <bioguideId>R000361</bioguideId>
        <sponsorshipWithdrawnDate />
        <identifiers>
          <bioguideId>R000361</bioguideId>
          <lisID>1424</lisID>
          <gpoId>8273</gpoId>
        </identifiers>
        <isOriginalCosponsor>True</isOriginalCosponsor>
        <firstName>JAY</firstName>
        <sponsorshipDate>2013-04-25</sponsorshipDate>
        <middleName />
      </item>
      <item>
        <lastName>Rubio</lastName>
        <fullName>Sen. Rubio, Marco [R-FL]</fullName>
        <bioguideId>R000595</bioguideId>
        <sponsorshipWithdrawnDate />
        <identifiers>
          <lisID>2084</lisID>
          <gpoId>8242</gpoId>
          <bioguideId>R000595</bioguideId>
        </identifiers>
        <isOriginalCosponsor>True</isOriginalCosponsor>
        <firstName>Marco</firstName>
        <sponsorshipDate>2013-04-25</sponsorshipDate>
        <middleName />
      </item>
      <item>
        <lastName>SANDERS</lastName>
        <fullName>Sen. Sanders, Bernard [I-VT]</fullName>
        <bioguideId>S000033</bioguideId>
        <sponsorshipWithdrawnDate />
        <identifiers>
          <bioguideId>S000033</bioguideId>
          <lisID>1010</lisID>
          <gpoId>8270</gpoId>
        </identifiers>
        <isOriginalCosponsor>True</isOriginalCosponsor>
        <firstName>BERNARD</firstName>
        <sponsorshipDate>2013-04-25</sponsorshipDate>
        <middleName />
      </item>
      <item>
        <lastName>Schatz</lastName>
        <fullName>Sen. Schatz, Brian [D-HI]</fullName>
        <bioguideId>S001194</bioguideId>
        <sponsorshipWithdrawnDate />
        <identifiers>
          <gpoId />
          <bioguideId>S001194</bioguideId>
          <lisID>2173</lisID>
        </identifiers>
        <isOriginalCosponsor>True</isOriginalCosponsor>
        <firstName>Brian</firstName>
        <sponsorshipDate>2013-04-25</sponsorshipDate>
        <middleName />
      </item>
      <item>
        <lastName>SCHUMER</lastName>
        <fullName>Sen. Schumer, Charles E. [D-NY]</fullName>
        <bioguideId>S000148</bioguideId>
        <sponsorshipWithdrawnDate />
        <identifiers>
          <lisID>1036</lisID>
          <gpoId>8279</gpoId>
          <bioguideId>S000148</bioguideId>
        </identifiers>
        <isOriginalCosponsor>True</isOriginalCosponsor>
        <firstName>CHARLES</firstName>
        <sponsorshipDate>2013-04-25</sponsorshipDate>
        <middleName>E.</middleName>
      </item>
      <item>
        <lastName>Scott</lastName>
        <fullName>Sen. Scott, Tim [R-SC]</fullName>
        <bioguideId>S001184</bioguideId>
        <sponsorshipWithdrawnDate />
        <identifiers>
          <gpoId>8141</gpoId>
          <bioguideId>S001184</bioguideId>
          <lisID>2056</lisID>
        </identifiers>
        <isOriginalCosponsor>True</isOriginalCosponsor>
        <firstName>Tim</firstName>
        <sponsorshipDate>2013-04-25</sponsorshipDate>
        <middleName />
      </item>
      <item>
        <lastName>Sessions</lastName>
        <fullName>Sen. Sessions, Jeff [R-AL]</fullName>
        <bioguideId>S001141</bioguideId>
        <sponsorshipWithdrawnDate />
        <identifiers>
          <gpoId>8281</gpoId>
          <bioguideId>S001141</bioguideId>
          <lisID>1548</lisID>
        </identifiers>
        <isOriginalCosponsor>True</isOriginalCosponsor>
        <firstName>Jeff</firstName>
        <sponsorshipDate>2013-04-25</sponsorshipDate>
        <middleName />
      </item>
      <item>
        <lastName>Shaheen</lastName>
        <fullName>Sen. Shaheen, Jeanne [D-NH]</fullName>
        <bioguideId>S001181</bioguideId>
        <sponsorshipWithdrawnDate />
        <identifiers>
          <bioguideId>S001181</bioguideId>
          <lisID>1901</lisID>
          <gpoId>8276</gpoId>
        </identifiers>
        <isOriginalCosponsor>True</isOriginalCosponsor>
        <firstName>Jeanne</firstName>
        <sponsorshipDate>2013-04-25</sponsorshipDate>
        <middleName />
      </item>
      <item>
        <lastName>SHELBY</lastName>
        <fullName>Sen. Shelby, Richard C. [R-AL]</fullName>
        <bioguideId>S000320</bioguideId>
        <sponsorshipWithdrawnDate />
        <identifiers>
          <lisID>1049</lisID>
          <bioguideId>S000320</bioguideId>
          <gpoId>8277</gpoId>
        </identifiers>
        <isOriginalCosponsor>True</isOriginalCosponsor>
        <firstName>RICHARD</firstName>
        <sponsorshipDate>2013-04-25</sponsorshipDate>
        <middleName>CRAIG</middleName>
      </item>
      <item>
        <lastName>STABENOW</lastName>
        <fullName>Sen. Stabenow, Debbie [D-MI]</fullName>
        <bioguideId>S000770</bioguideId>
        <sponsorshipWithdrawnDate />
        <identifiers>
          <gpoId>8261</gpoId>
          <lisID>1531</lisID>
          <bioguideId>S000770</bioguideId>
        </identifiers>
        <isOriginalCosponsor>True</isOriginalCosponsor>
        <firstName>DEBORAH</firstName>
        <sponsorshipDate>2013-04-25</sponsorshipDate>
        <middleName>ANN</middleName>
      </item>
      <item>
        <lastName>Tester</lastName>
        <fullName>Sen. Tester, Jon [D-MT]</fullName>
        <bioguideId>T000464</bioguideId>
        <sponsorshipWithdrawnDate />
        <identifiers>
          <bioguideId>T000464</bioguideId>
          <lisID>1829</lisID>
          <gpoId>8258</gpoId>
        </identifiers>
        <isOriginalCosponsor>True</isOriginalCosponsor>
        <firstName>Jon</firstName>
        <sponsorshipDate>2013-04-25</sponsorshipDate>
        <middleName />
      </item>
      <item>
        <lastName>THUNE</lastName>
        <fullName>Sen. Thune, John [R-SD]</fullName>
        <bioguideId>T000250</bioguideId>
        <sponsorshipWithdrawnDate />
        <identifiers>
          <gpoId>8257</gpoId>
          <lisID>1534</lisID>
          <bioguideId>T000250</bioguideId>
        </identifiers>
        <isOriginalCosponsor>True</isOriginalCosponsor>
        <firstName>JOHN</firstName>
        <sponsorshipDate>2013-04-25</sponsorshipDate>
        <middleName>R.</middleName>
      </item>
      <item>
        <lastName>Toomey</lastName>
        <fullName>Sen. Toomey, Pat [R-PA]</fullName>
        <bioguideId>T000461</bioguideId>
        <sponsorshipWithdrawnDate />
        <identifiers>
          <lisID>1594</lisID>
          <gpoId />
          <bioguideId>T000461</bioguideId>
        </identifiers>
        <isOriginalCosponsor>True</isOriginalCosponsor>
        <firstName>Pat</firstName>
        <sponsorshipDate>2013-04-25</sponsorshipDate>
        <middleName />
      </item>
      <item>
        <lastName>UDALL</lastName>
        <fullName>Sen. Udall, Mark [D-CO]</fullName>
        <bioguideId>U000038</bioguideId>
        <sponsorshipWithdrawnDate />
        <identifiers>
          <bioguideId>U000038</bioguideId>
          <lisID>1595</lisID>
          <gpoId>8259</gpoId>
        </identifiers>
        <isOriginalCosponsor>True</isOriginalCosponsor>
        <firstName>MARK</firstName>
        <sponsorshipDate>2013-04-25</sponsorshipDate>
        <middleName />
      </item>
      <item>
        <lastName>UDALL</lastName>
        <fullName>Sen. Udall, Tom [D-NM]</fullName>
        <bioguideId>U000039</bioguideId>
        <sponsorshipWithdrawnDate />
        <identifiers>
          <gpoId>8260</gpoId>
          <lisID>1567</lisID>
          <bioguideId>U000039</bioguideId>
        </identifiers>
        <isOriginalCosponsor>True</isOriginalCosponsor>
        <firstName>TOM</firstName>
        <sponsorshipDate>2013-04-25</sponsorshipDate>
        <middleName />
      </item>
      <item>
        <lastName>Vitter</lastName>
        <fullName>Sen. Vitter, David [R-LA]</fullName>
        <bioguideId>V000127</bioguideId>
        <sponsorshipWithdrawnDate />
        <identifiers>
          <bioguideId>V000127</bioguideId>
          <lisID>1609</lisID>
          <gpoId>8267</gpoId>
        </identifiers>
        <isOriginalCosponsor>True</isOriginalCosponsor>
        <firstName>David</firstName>
        <sponsorshipDate>2013-04-25</sponsorshipDate>
        <middleName />
      </item>
      <item>
        <lastName>Warner</lastName>
        <fullName>Sen. Warner, Mark R. [D-VA]</fullName>
        <bioguideId>W000805</bioguideId>
        <sponsorshipWithdrawnDate />
        <identifiers>
          <lisID>1897</lisID>
          <bioguideId>W000805</bioguideId>
          <gpoId>8269</gpoId>
        </identifiers>
        <isOriginalCosponsor>True</isOriginalCosponsor>
        <firstName>Mark</firstName>
        <sponsorshipDate>2013-04-25</sponsorshipDate>
        <middleName>R.</middleName>
      </item>
      <item>
        <lastName>Whitehouse</lastName>
        <fullName>Sen. Whitehouse, Sheldon [D-RI]</fullName>
        <bioguideId>W000802</bioguideId>
        <sponsorshipWithdrawnDate />
        <identifiers>
          <lisID>1823</lisID>
          <gpoId>8264</gpoId>
          <bioguideId>W000802</bioguideId>
        </identifiers>
        <isOriginalCosponsor>True</isOriginalCosponsor>
        <firstName>Sheldon</firstName>
        <sponsorshipDate>2013-04-25</sponsorshipDate>
        <middleName />
      </item>
      <item>
        <lastName>WICKER</lastName>
        <fullName>Sen. Wicker, Roger F. [R-MS]</fullName>
        <bioguideId>W000437</bioguideId>
        <sponsorshipWithdrawnDate />
        <identifiers>
          <gpoId>8263</gpoId>
          <bioguideId>W000437</bioguideId>
          <lisID>1226</lisID>
        </identifiers>
        <isOriginalCosponsor>True</isOriginalCosponsor>
        <firstName>ROGER</firstName>
        <sponsorshipDate>2013-04-25</sponsorshipDate>
        <middleName>F.</middleName>
      </item>
      <item>
        <lastName>WYDEN</lastName>
        <fullName>Sen. Wyden, Ron [D-OR]</fullName>
        <bioguideId>W000779</bioguideId>
        <sponsorshipWithdrawnDate />
        <identifiers>
          <lisID>1247</lisID>
          <gpoId>8265</gpoId>
          <bioguideId>W000779</bioguideId>
        </identifiers>
        <isOriginalCosponsor>True</isOriginalCosponsor>
        <firstName>RON</firstName>
        <sponsorshipDate>2013-04-25</sponsorshipDate>
        <middleName />
      </item>
    </cosponsors>
  </bill>
  <dublinCore xmlns:dc="http://purl.org/dc/elements/1.1/">
    <dc:format>text/xml</dc:format>
    <dc:language>EN</dc:language>
    <dc:rights>Pursuant to Title 17 Section 105 of the United States Code, this file is not subject to copyright protection and is in the public domain.</dc:rights>
    <dc:contributor>Congressional Research Service, Library of Congress</dc:contributor>
    <dc:description>This file contains bill summaries and statuses for federal legislation. A bill summary describes the most significant provisions of a piece of legislation and details the effects the legislative text may have on current law and federal programs. Bill summaries are authored by the Congressional Research Service (CRS) of the Library of Congress. As stated in Public Law 91-510 (2 USC 166 (d)(6)), one of the duties of CRS is "to prepare summaries and digests of bills and resolutions of a public general nature introduced in the Senate or House of Representatives". For more information, refer to the User Guide that accompanies this file.</dc:description>
  </dublinCore>
</billStatus>

