<?xml version="1.0" encoding="UTF-8"?>
<billStatus>
  <bill>
    <billNumber>545</billNumber>
    <titles>
      <item>
        <chamberCode />
        <parentTitleType />
        <titleType>Official Title as Introduced</titleType>
        <title>A resolution recognizing Hispanic Heritage Month and celebrating the heritage and culture of Latinos in the United States and the immense contributions of Latinos to the United States.</title>
        <chamberName />
      </item>
      <item>
        <chamberCode />
        <parentTitleType />
        <titleType>Display Title</titleType>
        <title>A resolution recognizing Hispanic Heritage Month and celebrating the heritage and culture of Latinos in the United States and the immense contributions of Latinos to the United States.</title>
        <chamberName />
      </item>
    </titles>
    <actions>
      <actionTypeCounts>
        <senateCommitteeDischarged>1</senateCommitteeDischarged>
        <referredToCommittee>1</referredToCommittee>
        <committeeDischarged>1</committeeDischarged>
        <introducedInSenate>1</introducedInSenate>
        <passedAgreedToInSenate>1</passedAgreedToInSenate>
        <agreedToInSenate>1</agreedToInSenate>
      </actionTypeCounts>
      <item>
        <actionDate>2014-09-17</actionDate>
        <committee />
        <links />
        <sourceSystem>
          <name>Senate</name>
          <code>0</code>
        </sourceSystem>
        <text>Resolution agreed to in Senate without amendment and with a preamble by Unanimous Consent.</text>
        <type>Floor</type>
      </item>
      <item>
        <committee />
        <actionCode>17000</actionCode>
        <type>Floor</type>
        <sourceSystem>
          <name>Library of Congress</name>
          <code>9</code>
        </sourceSystem>
        <links />
        <text>Passed/agreed to in Senate: Resolution agreed to in Senate without amendment and with a preamble by Unanimous Consent.</text>
        <actionDate>2014-09-17</actionDate>
      </item>
      <item>
        <actionDate>2014-09-17</actionDate>
        <committee>
          <name>Judiciary Committee</name>
          <systemCode>ssju00</systemCode>
        </committee>
        <links>
          <link>
            <url>/congressional-record/2014/senate-section/page/S5720</url>
            <name>S5720</name>
          </link>
        </links>
        <sourceSystem>
          <name>Senate</name>
          <code>0</code>
        </sourceSystem>
        <text>Senate Committee on the Judiciary discharged by Unanimous Consent. (consideration: CR S5720)</text>
        <type>Discharge</type>
      </item>
      <item>
        <committee>
          <name>Judiciary Committee</name>
          <systemCode>ssju00</systemCode>
        </committee>
        <actionCode>14500</actionCode>
        <type>Committee</type>
        <sourceSystem>
          <name>Library of Congress</name>
          <code>9</code>
        </sourceSystem>
        <links>
          <link>
            <url>/congressional-record/2014/senate-section/page/S5720</url>
            <name>S5720</name>
          </link>
        </links>
        <text>Senate Committee on the Judiciary discharged by Unanimous Consent.(consideration: CR S5720)</text>
        <actionDate>2014-09-17</actionDate>
      </item>
      <item>
        <actionDate>2014-09-15</actionDate>
        <committee>
          <name>Judiciary Committee</name>
          <systemCode>ssju00</systemCode>
        </committee>
        <links>
          <link>
            <url>/congressional-record/2014/senate-section/page/S5590-5591</url>
            <name>S5590-5591</name>
          </link>
        </links>
        <sourceSystem>
          <name>Senate</name>
          <code>0</code>
        </sourceSystem>
        <text>Referred to the Committee on the Judiciary. (text of measure as introduced: CR S5590-5591)</text>
        <type>IntroReferral</type>
      </item>
      <item>
        <committee />
        <actionCode>10000</actionCode>
        <type>IntroReferral</type>
        <sourceSystem>
          <name>Library of Congress</name>
          <code>9</code>
        </sourceSystem>
        <links />
        <text>Introduced in Senate</text>
        <actionDate>2014-09-15</actionDate>
      </item>
      <actionByCounts>
        <senate>6</senate>
      </actionByCounts>
    </actions>
    <updateDate>2016-10-25T16:19:26Z</updateDate>
    <summaries>
      <billSummaries>
        <item>
          <text><![CDATA[<p>Recognizes the celebration of Hispanic Heritage Month from September 15-October 15, 2014.</p> <p>Esteems the integral role of Latinos and their manifold heritage in the economy, culture, and identity of the United States. </p>]]></text>
          <name>Introduced in Senate</name>
          <versionCode>00</versionCode>
          <actionDate>2014-09-15</actionDate>
          <actionDesc>Introduced in Senate</actionDesc>
          <lastSummaryUpdateDate>2014-10-11T15:14:43Z</lastSummaryUpdateDate>
          <updateDate>2014-09-15T04:00:00Z</updateDate>
        </item>
        <item>
          <text><![CDATA[<p><b>(This measure has not been amended since it was introduced. The summary of that version is repeated here.)</b></p> <p>Recognizes the celebration of Hispanic Heritage Month from September 15-October 15, 2014.</p> <p>Esteems the integral role of Latinos and their manifold heritage in the economy, culture, and identity of the United States. </p>]]></text>
          <name>Passed Senate without amendment</name>
          <versionCode>82</versionCode>
          <actionDate>2014-09-17</actionDate>
          <actionDesc>Passed Senate without amendment</actionDesc>
          <lastSummaryUpdateDate>2014-10-11T15:14:59Z</lastSummaryUpdateDate>
          <updateDate>2014-09-17T14:15:27Z</updateDate>
        </item>
      </billSummaries>
    </summaries>
    <sponsors>
      <item>
        <firstName>ROBERT</firstName>
        <fullName>Sen. Menendez, Robert [D-NJ]</fullName>
        <middleName />
        <bioguideId>M000639</bioguideId>
        <byRequestType />
        <lastName>MENENDEZ</lastName>
        <identifiers>
          <bioguideId>M000639</bioguideId>
          <lisID>791</lisID>
          <gpoId>8239</gpoId>
        </identifiers>
      </item>
    </sponsors>
    <congress>113</congress>
    <notes />
    <committees>
      <billCommittees>
        <item>
          <subcommittees />
          <chamber>Senate</chamber>
          <systemCode>ssju00</systemCode>
          <type>Standing</type>
          <activities>
            <item>
              <name>Discharged from</name>
              <date>2014-09-17T22:52:10Z</date>
            </item>
            <item>
              <name>Referred to</name>
              <date>2014-09-15T23:19:01Z</date>
            </item>
          </activities>
          <name>Judiciary Committee</name>
        </item>
      </billCommittees>
    </committees>
    <introducedDate>2014-09-15</introducedDate>
    <createDate>2014-09-16T10:56:58Z</createDate>
    <policyArea>
      <name>Civil Rights and Liberties, Minority Issues</name>
    </policyArea>
    <laws />
    <billType>SRES</billType>
    <subjects>
      <billSubjects>
        <policyArea>
          <name>Civil Rights and Liberties, Minority Issues</name>
        </policyArea>
        <legislativeSubjects>
          <item>
            <name>Commemorative events and holidays</name>
          </item>
          <item>
            <name>Congressional tributes</name>
          </item>
          <item>
            <name>Historical and cultural resources</name>
          </item>
          <item>
            <name>Racial and ethnic relations</name>
          </item>
        </legislativeSubjects>
      </billSubjects>
    </subjects>
    <cosponsors>
      <item>
        <sponsorshipWithdrawnDate />
        <bioguideId>R000146</bioguideId>
        <fullName>Sen. Reid, Harry [D-NV]</fullName>
        <lastName>REID</lastName>
        <isOriginalCosponsor>True</isOriginalCosponsor>
        <identifiers>
          <lisID>952</lisID>
          <bioguideId>R000146</bioguideId>
          <gpoId>8271</gpoId>
        </identifiers>
        <middleName>M.</middleName>
        <sponsorshipDate>2014-09-15</sponsorshipDate>
        <firstName>HARRY</firstName>
      </item>
      <item>
        <sponsorshipWithdrawnDate />
        <bioguideId>C001056</bioguideId>
        <fullName>Sen. Cornyn, John [R-TX]</fullName>
        <lastName>Cornyn</lastName>
        <isOriginalCosponsor>True</isOriginalCosponsor>
        <identifiers>
          <gpoId>8295</gpoId>
          <lisID>1692</lisID>
          <bioguideId>C001056</bioguideId>
        </identifiers>
        <middleName />
        <sponsorshipDate>2014-09-15</sponsorshipDate>
        <firstName>John</firstName>
      </item>
      <item>
        <sponsorshipWithdrawnDate />
        <bioguideId>R000595</bioguideId>
        <fullName>Sen. Rubio, Marco [R-FL]</fullName>
        <lastName>Rubio</lastName>
        <isOriginalCosponsor>True</isOriginalCosponsor>
        <identifiers>
          <bioguideId>R000595</bioguideId>
          <lisID>2084</lisID>
          <gpoId>8242</gpoId>
        </identifiers>
        <middleName />
        <sponsorshipDate>2014-09-15</sponsorshipDate>
        <firstName>Marco</firstName>
      </item>
      <item>
        <sponsorshipWithdrawnDate />
        <bioguideId>B001265</bioguideId>
        <fullName>Sen. Begich, Mark [D-AK]</fullName>
        <lastName>Begich</lastName>
        <isOriginalCosponsor>True</isOriginalCosponsor>
        <identifiers>
          <bioguideId>B001265</bioguideId>
          <lisID>1898</lisID>
          <gpoId>8301</gpoId>
        </identifiers>
        <middleName />
        <sponsorshipDate>2014-09-15</sponsorshipDate>
        <firstName>Mark</firstName>
      </item>
      <item>
        <sponsorshipWithdrawnDate />
        <bioguideId>B001267</bioguideId>
        <fullName>Sen. Bennet, Michael F. [D-CO]</fullName>
        <lastName>Bennet</lastName>
        <isOriginalCosponsor>True</isOriginalCosponsor>
        <identifiers>
          <gpoId>8302</gpoId>
          <lisID>1965</lisID>
          <bioguideId>B001267</bioguideId>
        </identifiers>
        <middleName>F.</middleName>
        <sponsorshipDate>2014-09-15</sponsorshipDate>
        <firstName>Michael</firstName>
      </item>
      <item>
        <sponsorshipWithdrawnDate />
        <bioguideId>B000711</bioguideId>
        <fullName>Sen. Boxer, Barbara [D-CA]</fullName>
        <lastName>BOXER</lastName>
        <isOriginalCosponsor>True</isOriginalCosponsor>
        <identifiers>
          <gpoId>8306</gpoId>
          <bioguideId>B000711</bioguideId>
          <lisID>116</lisID>
        </identifiers>
        <middleName />
        <sponsorshipDate>2014-09-15</sponsorshipDate>
        <firstName>BARBARA</firstName>
      </item>
      <item>
        <sponsorshipWithdrawnDate />
        <bioguideId>C001070</bioguideId>
        <fullName>Sen. Casey, Robert P., Jr. [D-PA]</fullName>
        <lastName>Casey</lastName>
        <isOriginalCosponsor>True</isOriginalCosponsor>
        <identifiers>
          <gpoId>8282</gpoId>
          <lisID>1828</lisID>
          <bioguideId>C001070</bioguideId>
        </identifiers>
        <middleName />
        <sponsorshipDate>2014-09-15</sponsorshipDate>
        <firstName>Bob</firstName>
      </item>
      <item>
        <sponsorshipWithdrawnDate />
        <bioguideId>F000062</bioguideId>
        <fullName>Sen. Feinstein, Dianne [D-CA]</fullName>
        <lastName>FEINSTEIN</lastName>
        <isOriginalCosponsor>True</isOriginalCosponsor>
        <identifiers>
          <bioguideId>F000062</bioguideId>
          <lisID>1332</lisID>
          <gpoId>8338</gpoId>
        </identifiers>
        <middleName />
        <sponsorshipDate>2014-09-15</sponsorshipDate>
        <firstName>DIANNE</firstName>
      </item>
      <item>
        <sponsorshipWithdrawnDate />
        <bioguideId>G000555</bioguideId>
        <fullName>Sen. Gillibrand, Kirsten E. [D-NY]</fullName>
        <lastName>Gillibrand</lastName>
        <isOriginalCosponsor>True</isOriginalCosponsor>
        <identifiers>
          <bioguideId>G000555</bioguideId>
          <lisID>1866</lisID>
          <gpoId>8336</gpoId>
        </identifiers>
        <middleName>E.</middleName>
        <sponsorshipDate>2014-09-15</sponsorshipDate>
        <firstName>Kirsten</firstName>
      </item>
      <item>
        <sponsorshipWithdrawnDate />
        <bioguideId>H001049</bioguideId>
        <fullName>Sen. Hagan, Kay [D-NC]</fullName>
        <lastName>Hagan</lastName>
        <isOriginalCosponsor>True</isOriginalCosponsor>
        <identifiers>
          <bioguideId>H001049</bioguideId>
          <lisID>1902</lisID>
          <gpoId>8318</gpoId>
        </identifiers>
        <middleName>R.</middleName>
        <sponsorshipDate>2014-09-15</sponsorshipDate>
        <firstName>Kay</firstName>
      </item>
      <item>
        <sponsorshipWithdrawnDate />
        <bioguideId>H001046</bioguideId>
        <fullName>Sen. Heinrich, Martin [D-NM]</fullName>
        <lastName>Heinrich</lastName>
        <isOriginalCosponsor>True</isOriginalCosponsor>
        <identifiers>
          <gpoId>8056</gpoId>
          <bioguideId>H001046</bioguideId>
          <lisID>1937</lisID>
        </identifiers>
        <middleName />
        <sponsorshipDate>2014-09-15</sponsorshipDate>
        <firstName>Martin</firstName>
      </item>
      <item>
        <sponsorshipWithdrawnDate />
        <bioguideId>M000133</bioguideId>
        <fullName>Sen. Markey, Edward J. [D-MA]</fullName>
        <lastName>MARKEY</lastName>
        <isOriginalCosponsor>True</isOriginalCosponsor>
        <identifiers>
          <lisID>735</lisID>
          <bioguideId>M000133</bioguideId>
          <gpoId>7972</gpoId>
        </identifiers>
        <middleName>J.</middleName>
        <sponsorshipDate>2014-09-15</sponsorshipDate>
        <firstName>EDWARD</firstName>
      </item>
      <item>
        <sponsorshipWithdrawnDate />
        <bioguideId>M001111</bioguideId>
        <fullName>Sen. Murray, Patty [D-WA]</fullName>
        <lastName>MURRAY</lastName>
        <isOriginalCosponsor>True</isOriginalCosponsor>
        <identifiers>
          <gpoId>8237</gpoId>
          <bioguideId>M001111</bioguideId>
          <lisID>1409</lisID>
        </identifiers>
        <middleName />
        <sponsorshipDate>2014-09-15</sponsorshipDate>
        <firstName>PATTY</firstName>
      </item>
      <item>
        <sponsorshipWithdrawnDate />
        <bioguideId>N000032</bioguideId>
        <fullName>Sen. Nelson, Bill [D-FL]</fullName>
        <lastName>NELSON</lastName>
        <isOriginalCosponsor>True</isOriginalCosponsor>
        <identifiers>
          <gpoId>8236</gpoId>
          <lisID>859</lisID>
          <bioguideId>N000032</bioguideId>
        </identifiers>
        <middleName>WILLIAM</middleName>
        <sponsorshipDate>2014-09-15</sponsorshipDate>
        <firstName>CLARENCE</firstName>
      </item>
      <item>
        <sponsorshipWithdrawnDate />
        <bioguideId>R000122</bioguideId>
        <fullName>Sen. Reed, Jack [D-RI]</fullName>
        <lastName>REED</lastName>
        <isOriginalCosponsor>True</isOriginalCosponsor>
        <identifiers>
          <bioguideId>R000122</bioguideId>
          <lisID>949</lisID>
          <gpoId>8272</gpoId>
        </identifiers>
        <middleName>F.</middleName>
        <sponsorshipDate>2014-09-15</sponsorshipDate>
        <firstName>JOHN</firstName>
      </item>
      <item>
        <sponsorshipWithdrawnDate />
        <bioguideId>S000148</bioguideId>
        <fullName>Sen. Schumer, Charles E. [D-NY]</fullName>
        <lastName>SCHUMER</lastName>
        <isOriginalCosponsor>True</isOriginalCosponsor>
        <identifiers>
          <bioguideId>S000148</bioguideId>
          <lisID>1036</lisID>
          <gpoId>8279</gpoId>
        </identifiers>
        <middleName>E.</middleName>
        <sponsorshipDate>2014-09-15</sponsorshipDate>
        <firstName>CHARLES</firstName>
      </item>
      <item>
        <sponsorshipWithdrawnDate />
        <bioguideId>S000770</bioguideId>
        <fullName>Sen. Stabenow, Debbie [D-MI]</fullName>
        <lastName>STABENOW</lastName>
        <isOriginalCosponsor>True</isOriginalCosponsor>
        <identifiers>
          <lisID>1531</lisID>
          <bioguideId>S000770</bioguideId>
          <gpoId>8261</gpoId>
        </identifiers>
        <middleName>ANN</middleName>
        <sponsorshipDate>2014-09-15</sponsorshipDate>
        <firstName>DEBORAH</firstName>
      </item>
      <item>
        <sponsorshipWithdrawnDate />
        <bioguideId>U000038</bioguideId>
        <fullName>Sen. Udall, Mark [D-CO]</fullName>
        <lastName>UDALL</lastName>
        <isOriginalCosponsor>True</isOriginalCosponsor>
        <identifiers>
          <gpoId>8259</gpoId>
          <bioguideId>U000038</bioguideId>
          <lisID>1595</lisID>
        </identifiers>
        <middleName />
        <sponsorshipDate>2014-09-15</sponsorshipDate>
        <firstName>MARK</firstName>
      </item>
      <item>
        <sponsorshipWithdrawnDate />
        <bioguideId>U000039</bioguideId>
        <fullName>Sen. Udall, Tom [D-NM]</fullName>
        <lastName>UDALL</lastName>
        <isOriginalCosponsor>True</isOriginalCosponsor>
        <identifiers>
          <gpoId>8260</gpoId>
          <lisID>1567</lisID>
          <bioguideId>U000039</bioguideId>
        </identifiers>
        <middleName />
        <sponsorshipDate>2014-09-15</sponsorshipDate>
        <firstName>TOM</firstName>
      </item>
      <item>
        <sponsorshipWithdrawnDate />
        <bioguideId>W000805</bioguideId>
        <fullName>Sen. Warner, Mark R. [D-VA]</fullName>
        <lastName>Warner</lastName>
        <isOriginalCosponsor>True</isOriginalCosponsor>
        <identifiers>
          <bioguideId>W000805</bioguideId>
          <lisID>1897</lisID>
          <gpoId>8269</gpoId>
        </identifiers>
        <middleName>R.</middleName>
        <sponsorshipDate>2014-09-15</sponsorshipDate>
        <firstName>Mark</firstName>
      </item>
      <item>
        <sponsorshipWithdrawnDate />
        <bioguideId>W000817</bioguideId>
        <fullName>Sen. Warren, Elizabeth [D-MA]</fullName>
        <lastName>Warren</lastName>
        <isOriginalCosponsor>True</isOriginalCosponsor>
        <identifiers>
          <gpoId />
          <lisID>2182</lisID>
          <bioguideId>W000817</bioguideId>
        </identifiers>
        <middleName>A.</middleName>
        <sponsorshipDate>2014-09-15</sponsorshipDate>
        <firstName>Elizabeth</firstName>
      </item>
      <item>
        <sponsorshipWithdrawnDate />
        <bioguideId>D000563</bioguideId>
        <fullName>Sen. Durbin, Richard [D-IL]</fullName>
        <lastName>DURBIN</lastName>
        <isOriginalCosponsor>False</isOriginalCosponsor>
        <identifiers>
          <bioguideId>D000563</bioguideId>
          <lisID>326</lisID>
          <gpoId>8326</gpoId>
        </identifiers>
        <middleName>J.</middleName>
        <sponsorshipDate>2014-09-17</sponsorshipDate>
        <firstName>RICHARD</firstName>
      </item>
      <item>
        <sponsorshipWithdrawnDate />
        <bioguideId>K000384</bioguideId>
        <fullName>Sen. Kaine, Tim [D-VA]</fullName>
        <lastName>Kaine</lastName>
        <isOriginalCosponsor>False</isOriginalCosponsor>
        <identifiers>
          <gpoId />
          <lisID>2176</lisID>
          <bioguideId>K000384</bioguideId>
        </identifiers>
        <middleName />
        <sponsorshipDate>2014-09-17</sponsorshipDate>
        <firstName>Timothy</firstName>
      </item>
      <item>
        <sponsorshipWithdrawnDate />
        <bioguideId>C000141</bioguideId>
        <fullName>Sen. Cardin, Benjamin L. [D-MD]</fullName>
        <lastName>CARDIN</lastName>
        <isOriginalCosponsor>False</isOriginalCosponsor>
        <identifiers>
          <lisID>174</lisID>
          <bioguideId>C000141</bioguideId>
          <gpoId>8287</gpoId>
        </identifiers>
        <middleName>L.</middleName>
        <sponsorshipDate>2014-09-17</sponsorshipDate>
        <firstName>BENJAMIN</firstName>
      </item>
      <item>
        <sponsorshipWithdrawnDate />
        <bioguideId>B000944</bioguideId>
        <fullName>Sen. Brown, Sherrod [D-OH]</fullName>
        <lastName>BROWN</lastName>
        <isOriginalCosponsor>False</isOriginalCosponsor>
        <identifiers>
          <lisID>136</lisID>
          <bioguideId>B000944</bioguideId>
          <gpoId>8309</gpoId>
        </identifiers>
        <middleName />
        <sponsorshipDate>2014-09-17</sponsorshipDate>
        <firstName>SHERROD</firstName>
      </item>
      <item>
        <sponsorshipWithdrawnDate />
        <bioguideId>H001041</bioguideId>
        <fullName>Sen. Heller, Dean [R-NV]</fullName>
        <lastName>Heller</lastName>
        <isOriginalCosponsor>False</isOriginalCosponsor>
        <identifiers>
          <gpoId>8060</gpoId>
          <bioguideId>H001041</bioguideId>
          <lisID>1863</lisID>
        </identifiers>
        <middleName />
        <sponsorshipDate>2014-09-17</sponsorshipDate>
        <firstName>Dean</firstName>
      </item>
    </cosponsors>
    <calendarNumbers />
    <relatedBills>
      <item>
        <latestAction>
          <actionDate>2013-09-27</actionDate>
          <text>Referred to the House Committee on Oversight and Government Reform.</text>
        </latestAction>
        <type>HRES</type>
        <congress>113</congress>
        <relationshipDetails>
          <item>
            <type>Related bill</type>
            <identifiedBy>CRS</identifiedBy>
          </item>
        </relationshipDetails>
        <number>363</number>
        <latestTitle>Recognizing Hispanic Heritage Month and celebrating the heritage and culture of Latinos in the United States and the immense contributions of Latinos to the United States.</latestTitle>
      </item>
      <item>
        <latestAction>
          <actionDate>2013-09-19</actionDate>
          <text>Submitted in the Senate, considered, and agreed to without amendment and with a preamble by Unanimous Consent. (consideration: CR S6672; text as passed Senate: CR S6663)</text>
        </latestAction>
        <type>SRES</type>
        <congress>113</congress>
        <relationshipDetails>
          <item>
            <type>Related bill</type>
            <identifiedBy>CRS</identifiedBy>
          </item>
        </relationshipDetails>
        <number>246</number>
        <latestTitle>A resolution recognizing Hispanic Heritage Month and celebrating the heritage and culture of Latinos in the United States and the immense contributions of Latinos to the United States.</latestTitle>
      </item>
      <item>
        <latestAction>
          <actionDate>2014-09-15</actionDate>
          <text>Referred to the House Committee on Oversight and Government Reform.</text>
        </latestAction>
        <type>HRES</type>
        <congress>113</congress>
        <relationshipDetails>
          <item>
            <type>Related bill</type>
            <identifiedBy>CRS</identifiedBy>
          </item>
        </relationshipDetails>
        <number>723</number>
        <latestTitle>Recognizing Hispanic Heritage Month and celebrating the heritage and culture of Latinos in the United States and the immense contributions of Latinos to the United States.</latestTitle>
      </item>
    </relatedBills>
    <amendments />
    <recordedVotes />
    <title>A resolution recognizing Hispanic Heritage Month and celebrating the heritage and culture of Latinos in the United States and the immense contributions of Latinos to the United States.</title>
    <latestAction>
      <actionDate>2014-09-17</actionDate>
      <text>Resolution agreed to in Senate without amendment and with a preamble by Unanimous Consent.</text>
      <links />
    </latestAction>
    <cboCostEstimates />
    <originChamber>Senate</originChamber>
    <committeeReports />
  </bill>
  <dublinCore xmlns:dc="http://purl.org/dc/elements/1.1/">
    <dc:format>text/xml</dc:format>
    <dc:language>EN</dc:language>
    <dc:rights>Pursuant to Title 17 Section 105 of the United States Code, this file is not subject to copyright protection and is in the public domain.</dc:rights>
    <dc:contributor>Congressional Research Service, Library of Congress</dc:contributor>
    <dc:description>This file contains bill summaries and statuses for federal legislation. A bill summary describes the most significant provisions of a piece of legislation and details the effects the legislative text may have on current law and federal programs. Bill summaries are authored by the Congressional Research Service (CRS) of the Library of Congress. As stated in Public Law 91-510 (2 USC 166 (d)(6)), one of the duties of CRS is "to prepare summaries and digests of bills and resolutions of a public general nature introduced in the Senate or House of Representatives". For more information, refer to the User Guide that accompanies this file.</dc:description>
  </dublinCore>
</billStatus>

