<?xml version="1.0" encoding="UTF-8"?>
<billStatus>
  <bill>
    <relatedBills />
    <policyArea>
      <name>Congress</name>
    </policyArea>
    <congress>113</congress>
    <cboCostEstimates />
    <laws />
    <billNumber>434</billNumber>
    <notes />
    <originChamber>Senate</originChamber>
    <latestAction>
      <actionDate>2014-05-05</actionDate>
      <text>Submitted in the Senate, considered, and agreed to without amendment by Unanimous Consent. (consideration: CR S2625; text as passed Senate: CR S2649)</text>
      <links />
    </latestAction>
    <updateDate>2016-10-25T16:19:08Z</updateDate>
    <calendarNumbers />
    <titles>
      <item>
        <parentTitleType />
        <title>A resolution electing Andrew B. Willison as the Sergeant at Arms and Doorkeeper of the Senate.</title>
        <chamberName />
        <chamberCode />
        <titleType>Official Title as Introduced</titleType>
      </item>
      <item>
        <parentTitleType />
        <title>A resolution electing Andrew B. Willison as the Sergeant at Arms and Doorkeeper of the Senate.</title>
        <chamberName />
        <chamberCode />
        <titleType>Display Title</titleType>
      </item>
    </titles>
    <title>A resolution electing Andrew B. Willison as the Sergeant at Arms and Doorkeeper of the Senate.</title>
    <committeeReports />
    <sponsors>
      <item>
        <bioguideId>R000146</bioguideId>
        <fullName>Sen. Reid, Harry [D-NV]</fullName>
        <identifiers>
          <gpoId>8271</gpoId>
          <bioguideId>R000146</bioguideId>
          <lisID>952</lisID>
        </identifiers>
        <byRequestType />
        <middleName>M.</middleName>
        <firstName>HARRY</firstName>
        <lastName>REID</lastName>
      </item>
    </sponsors>
    <introducedDate>2014-05-05</introducedDate>
    <createDate>2014-05-06T07:13:53Z</createDate>
    <committees>
      <billCommittees />
    </committees>
    <cosponsors>
      <item>
        <sponsorshipDate>2014-05-05</sponsorshipDate>
        <lastName>MCCONNELL</lastName>
        <middleName />
        <firstName>MITCH</firstName>
        <fullName>Sen. McConnell, Mitch [R-KY]</fullName>
        <bioguideId>M000355</bioguideId>
        <identifiers>
          <gpoId>8254</gpoId>
          <lisID>1395</lisID>
          <bioguideId>M000355</bioguideId>
        </identifiers>
        <sponsorshipWithdrawnDate />
        <isOriginalCosponsor>True</isOriginalCosponsor>
      </item>
    </cosponsors>
    <billType>SRES</billType>
    <summaries>
      <billSummaries>
        <item>
          <versionCode>00</versionCode>
          <name>Introduced in Senate</name>
          <actionDate>2014-05-05</actionDate>
          <updateDate>2014-05-05T04:00:00Z</updateDate>
          <lastSummaryUpdateDate>2014-05-27T14:59:39Z</lastSummaryUpdateDate>
          <text><![CDATA[<p>Elects Andrew B. Willison as Sergeant at Arms and Doorkeeper of the Senate.</p>]]></text>
          <actionDesc>Introduced in Senate</actionDesc>
        </item>
        <item>
          <versionCode>82</versionCode>
          <name>Passed Senate without amendment</name>
          <actionDate>2014-05-05</actionDate>
          <updateDate>2014-05-05T13:12:43Z</updateDate>
          <lastSummaryUpdateDate>2014-05-27T14:59:58Z</lastSummaryUpdateDate>
          <text><![CDATA[<p><b>(This measure has not been amended since it was introduced. The summary of that version is repeated here.)</b></p> <p>Elects Andrew B. Willison as Sergeant at Arms and Doorkeeper of the Senate.</p>]]></text>
          <actionDesc>Passed Senate without amendment</actionDesc>
        </item>
      </billSummaries>
    </summaries>
    <recordedVotes />
    <amendments />
    <actions>
      <item>
        <actionDate>2014-05-05</actionDate>
        <committee />
        <links>
          <link>
            <url>/congressional-record/2014/senate-section/page/S2649</url>
            <name>S2649</name>
          </link>
        </links>
        <sourceSystem>
          <code>0</code>
          <name>Senate</name>
        </sourceSystem>
        <text>Submitted in the Senate, considered, and agreed to without amendment by Unanimous Consent. (consideration: CR S2625; text as passed Senate: CR S2649)</text>
        <type>Floor</type>
      </item>
      <item>
        <type>Floor</type>
        <sourceSystem>
          <code>9</code>
          <name>Library of Congress</name>
        </sourceSystem>
        <text>Passed/agreed to in Senate: Submitted in the Senate, considered, and agreed to without amendment by Unanimous Consent.(consideration: CR S2625; text as passed Senate: CR S2649)</text>
        <committee />
        <actionDate>2014-05-05</actionDate>
        <links>
          <link>
            <url>/congressional-record/2014/senate-section/page/S2649</url>
            <name>S2649</name>
          </link>
        </links>
        <actionCode>17000</actionCode>
      </item>
      <item>
        <type>IntroReferral</type>
        <sourceSystem>
          <code>9</code>
          <name>Library of Congress</name>
        </sourceSystem>
        <text>Introduced in Senate</text>
        <committee />
        <actionDate>2014-05-05</actionDate>
        <links />
        <actionCode>10000</actionCode>
      </item>
      <actionTypeCounts>
        <introducedInSenate>1</introducedInSenate>
        <passedOrAgreedToInSenateDayOf>1</passedOrAgreedToInSenateDayOf>
        <passedAgreedToInSenate>1</passedAgreedToInSenate>
      </actionTypeCounts>
      <actionByCounts>
        <senate>3</senate>
      </actionByCounts>
    </actions>
    <subjects>
      <billSubjects>
        <policyArea>
          <name>Congress</name>
        </policyArea>
        <legislativeSubjects>
          <item>
            <name>Congressional officers and employees</name>
          </item>
          <item>
            <name>Senate</name>
          </item>
        </legislativeSubjects>
      </billSubjects>
    </subjects>
  </bill>
  <dublinCore xmlns:dc="http://purl.org/dc/elements/1.1/">
    <dc:format>text/xml</dc:format>
    <dc:language>EN</dc:language>
    <dc:rights>Pursuant to Title 17 Section 105 of the United States Code, this file is not subject to copyright protection and is in the public domain.</dc:rights>
    <dc:contributor>Congressional Research Service, Library of Congress</dc:contributor>
    <dc:description>This file contains bill summaries and statuses for federal legislation. A bill summary describes the most significant provisions of a piece of legislation and details the effects the legislative text may have on current law and federal programs. Bill summaries are authored by the Congressional Research Service (CRS) of the Library of Congress. As stated in Public Law 91-510 (2 USC 166 (d)(6)), one of the duties of CRS is "to prepare summaries and digests of bills and resolutions of a public general nature introduced in the Senate or House of Representatives". For more information, refer to the User Guide that accompanies this file.</dc:description>
  </dublinCore>
</billStatus>

