<?xml version="1.0" encoding="UTF-8"?>
<billStatus>
  <bill>
    <updateDate>2016-10-25T16:18:33Z</updateDate>
    <sponsors>
      <item>
        <lastName>Coons</lastName>
        <firstName>Christopher</firstName>
        <identifiers>
          <bioguideId>C001088</bioguideId>
          <lisID>1984</lisID>
          <gpoId>8297</gpoId>
        </identifiers>
        <bioguideId>C001088</bioguideId>
        <middleName>A.</middleName>
        <fullName>Sen. Coons, Christopher A. [D-DE]</fullName>
        <byRequestType />
      </item>
    </sponsors>
    <createDate>2013-07-26T05:52:58Z</createDate>
    <subjects>
      <billSubjects>
        <policyArea>
          <name>Civil Rights and Liberties, Minority Issues</name>
        </policyArea>
        <legislativeSubjects>
          <item>
            <name>Commemorative events and holidays</name>
          </item>
          <item>
            <name>Congressional tributes</name>
          </item>
          <item>
            <name>Delaware</name>
          </item>
          <item>
            <name>Racial and ethnic relations</name>
          </item>
          <item>
            <name>Religion</name>
          </item>
        </legislativeSubjects>
      </billSubjects>
    </subjects>
    <introducedDate>2013-07-25</introducedDate>
    <committeeReports />
    <committees>
      <billCommittees>
        <item>
          <name>Judiciary Committee</name>
          <subcommittees />
          <chamber>Senate</chamber>
          <type>Standing</type>
          <systemCode>ssju00</systemCode>
          <activities>
            <item>
              <name>Discharged from</name>
              <date>2013-08-02T00:45:05Z</date>
            </item>
            <item>
              <name>Referred to</name>
              <date>2013-07-25T22:08:36Z</date>
            </item>
          </activities>
        </item>
      </billCommittees>
    </committees>
    <cboCostEstimates />
    <amendments />
    <title>A resolution celebrating the 200th August Quarterly Festival taking place from August 18, 2013, through August 25, 2013, in Wilmington, Delaware.</title>
    <notes />
    <billNumber>199</billNumber>
    <originChamber>Senate</originChamber>
    <cosponsors>
      <item>
        <sponsorshipDate>2013-07-30</sponsorshipDate>
        <lastName>CARPER</lastName>
        <fullName>Sen. Carper, Thomas R. [D-DE]</fullName>
        <middleName>R.</middleName>
        <firstName>THOMAS</firstName>
        <sponsorshipWithdrawnDate />
        <identifiers>
          <gpoId>8283</gpoId>
          <lisID>179</lisID>
          <bioguideId>C000174</bioguideId>
        </identifiers>
        <isOriginalCosponsor>False</isOriginalCosponsor>
        <bioguideId>C000174</bioguideId>
      </item>
    </cosponsors>
    <calendarNumbers />
    <congress>113</congress>
    <summaries>
      <billSummaries>
        <item>
          <text><![CDATA[<p>Celebrates the 200th August Quarterly Festival taking place from August 18-25 2013 in Wilmington, Delaware. </p> <p>Recognizes the historical significance of the Festival and the role it has played since 1814 in celebrating faith, community, culture, and freedom.</p> <p>Honors the life of leadership, faith, and service of Peter Spencer, founder of the African Union Church and of the Festival.</p> <p>Recognizes the service volunteers and religious leaders who ensure that the legacy of Peter Spencer lives on through the continuation of the Festival. </p>]]></text>
          <name>Introduced in Senate</name>
          <versionCode>00</versionCode>
          <actionDate>2013-07-25</actionDate>
          <actionDesc>Introduced in Senate</actionDesc>
          <lastSummaryUpdateDate>2013-08-29T18:29:34Z</lastSummaryUpdateDate>
          <updateDate>2013-07-25T04:00:00Z</updateDate>
        </item>
        <item>
          <text><![CDATA[<p><b>(This measure has not been amended since it was introduced. The summary of that version is repeated here.)</b></p> <p>Celebrates the 200th August Quarterly Festival taking place from August 18-25 2013 in Wilmington, Delaware. </p> <p>Recognizes the historical significance of the Festival and the role it has played since 1814 in celebrating faith, community, culture, and freedom.</p> <p>Honors the life of leadership, faith, and service of Peter Spencer, founder of the African Union Church and of the Festival.</p> <p>Recognizes the service volunteers and religious leaders who ensure that the legacy of Peter Spencer lives on through the continuation of the Festival. </p>]]></text>
          <name>Passed Senate without amendment</name>
          <versionCode>82</versionCode>
          <actionDate>2013-08-01</actionDate>
          <actionDesc>Passed Senate without amendment</actionDesc>
          <lastSummaryUpdateDate>2013-08-29T18:27:52Z</lastSummaryUpdateDate>
          <updateDate>2013-08-01T16:33:49Z</updateDate>
        </item>
      </billSummaries>
    </summaries>
    <policyArea>
      <name>Civil Rights and Liberties, Minority Issues</name>
    </policyArea>
    <titles>
      <item>
        <chamberName />
        <titleType>Official Title as Introduced</titleType>
        <title>A resolution celebrating the 200th August Quarterly Festival taking place from August 18, 2013, through August 25, 2013, in Wilmington, Delaware.</title>
        <chamberCode />
        <parentTitleType />
      </item>
      <item>
        <chamberName />
        <titleType>Display Title</titleType>
        <title>A resolution celebrating the 200th August Quarterly Festival taking place from August 18, 2013, through August 25, 2013, in Wilmington, Delaware.</title>
        <chamberCode />
        <parentTitleType />
      </item>
    </titles>
    <latestAction>
      <text>Resolution agreed to in Senate without amendment and with a preamble by Unanimous Consent. (consideration: CR S6259)</text>
      <actionDate>2013-08-01</actionDate>
      <links />
    </latestAction>
    <actions>
      <actionTypeCounts>
        <senateCommitteeDischarged>1</senateCommitteeDischarged>
        <referredToCommittee>1</referredToCommittee>
        <committeeDischarged>1</committeeDischarged>
        <introducedInSenate>1</introducedInSenate>
        <passedAgreedToInSenate>1</passedAgreedToInSenate>
        <agreedToInSenate>1</agreedToInSenate>
      </actionTypeCounts>
      <item>
        <actionDate>2013-08-01</actionDate>
        <committee />
        <links>
          <link>
            <url>/congressional-record/2013/senate-section/page/S6259</url>
            <name>S6259</name>
          </link>
        </links>
        <sourceSystem>
          <name>Senate</name>
          <code>0</code>
        </sourceSystem>
        <text>Resolution agreed to in Senate without amendment and with a preamble by Unanimous Consent. (consideration: CR S6259)</text>
        <type>Floor</type>
      </item>
      <item>
        <committee />
        <actionCode>17000</actionCode>
        <type>Floor</type>
        <sourceSystem>
          <name>Library of Congress</name>
          <code>9</code>
        </sourceSystem>
        <links>
          <link>
            <url>/congressional-record/2013/senate-section/page/S6259</url>
            <name>S6259</name>
          </link>
        </links>
        <text>Passed/agreed to in Senate: Resolution agreed to in Senate without amendment and with a preamble by Unanimous Consent.(consideration: CR S6259)</text>
        <actionDate>2013-08-01</actionDate>
      </item>
      <item>
        <actionDate>2013-08-01</actionDate>
        <committee>
          <name>Judiciary Committee</name>
          <systemCode>ssju00</systemCode>
        </committee>
        <links>
          <link>
            <url>/congressional-record/2013/senate-section/page/S6259</url>
            <name>S6259</name>
          </link>
        </links>
        <sourceSystem>
          <name>Senate</name>
          <code>0</code>
        </sourceSystem>
        <text>Senate Committee on the Judiciary discharged by Unanimous Consent. (consideration: CR S6259)</text>
        <type>Discharge</type>
      </item>
      <item>
        <committee>
          <name>Judiciary Committee</name>
          <systemCode>ssju00</systemCode>
        </committee>
        <actionCode>14500</actionCode>
        <type>Committee</type>
        <sourceSystem>
          <name>Library of Congress</name>
          <code>9</code>
        </sourceSystem>
        <links>
          <link>
            <url>/congressional-record/2013/senate-section/page/S6259</url>
            <name>S6259</name>
          </link>
        </links>
        <text>Senate Committee on the Judiciary discharged by Unanimous Consent.(consideration: CR S6259)</text>
        <actionDate>2013-08-01</actionDate>
      </item>
      <item>
        <actionDate>2013-07-25</actionDate>
        <committee>
          <name>Judiciary Committee</name>
          <systemCode>ssju00</systemCode>
        </committee>
        <links>
          <link>
            <url>/congressional-record/2013/senate-section/page/S5970</url>
            <name>S5970</name>
          </link>
        </links>
        <sourceSystem>
          <name>Senate</name>
          <code>0</code>
        </sourceSystem>
        <text>Referred to the Committee on the Judiciary. (text of measure as introduced: CR S5970)</text>
        <type>IntroReferral</type>
      </item>
      <item>
        <committee />
        <actionCode>10000</actionCode>
        <type>IntroReferral</type>
        <sourceSystem>
          <name>Library of Congress</name>
          <code>9</code>
        </sourceSystem>
        <links />
        <text>Introduced in Senate</text>
        <actionDate>2013-07-25</actionDate>
      </item>
      <actionByCounts>
        <senate>6</senate>
      </actionByCounts>
    </actions>
    <laws />
    <recordedVotes />
    <billType>SRES</billType>
    <relatedBills />
  </bill>
  <dublinCore xmlns:dc="http://purl.org/dc/elements/1.1/">
    <dc:format>text/xml</dc:format>
    <dc:language>EN</dc:language>
    <dc:rights>Pursuant to Title 17 Section 105 of the United States Code, this file is not subject to copyright protection and is in the public domain.</dc:rights>
    <dc:contributor>Congressional Research Service, Library of Congress</dc:contributor>
    <dc:description>This file contains bill summaries and statuses for federal legislation. A bill summary describes the most significant provisions of a piece of legislation and details the effects the legislative text may have on current law and federal programs. Bill summaries are authored by the Congressional Research Service (CRS) of the Library of Congress. As stated in Public Law 91-510 (2 USC 166 (d)(6)), one of the duties of CRS is "to prepare summaries and digests of bills and resolutions of a public general nature introduced in the Senate or House of Representatives". For more information, refer to the User Guide that accompanies this file.</dc:description>
  </dublinCore>
</billStatus>

