<?xml version="1.0" encoding="UTF-8"?>
<billStatus>
  <bill>
    <cosponsors>
      <item>
        <lastName>COLLINS</lastName>
        <sponsorshipDate>2013-11-19</sponsorshipDate>
        <firstName>SUSAN</firstName>
        <identifiers>
          <bioguideId>C001035</bioguideId>
          <lisID>1541</lisID>
          <gpoId>8291</gpoId>
        </identifiers>
        <isOriginalCosponsor>True</isOriginalCosponsor>
        <bioguideId>C001035</bioguideId>
        <fullName>Sen. Collins, Susan M. [R-ME]</fullName>
        <middleName>MARGARET</middleName>
        <sponsorshipWithdrawnDate />
      </item>
      <item>
        <lastName>MIKULSKI</lastName>
        <sponsorshipDate>2013-11-19</sponsorshipDate>
        <firstName>BARBARA</firstName>
        <identifiers>
          <lisID>802</lisID>
          <bioguideId>M000702</bioguideId>
          <gpoId>8240</gpoId>
        </identifiers>
        <isOriginalCosponsor>True</isOriginalCosponsor>
        <bioguideId>M000702</bioguideId>
        <fullName>Sen. Mikulski, Barbara A. [D-MD]</fullName>
        <middleName>ANN</middleName>
        <sponsorshipWithdrawnDate />
      </item>
      <item>
        <lastName>JOHNSON</lastName>
        <sponsorshipDate>2013-11-19</sponsorshipDate>
        <firstName>TIM</firstName>
        <identifiers>
          <lisID>604</lisID>
          <gpoId>8319</gpoId>
          <bioguideId>J000177</bioguideId>
        </identifiers>
        <isOriginalCosponsor>True</isOriginalCosponsor>
        <bioguideId>J000177</bioguideId>
        <fullName>Sen. Johnson, Tim [D-SD]</fullName>
        <middleName />
        <sponsorshipWithdrawnDate />
      </item>
      <item>
        <lastName>MENENDEZ</lastName>
        <sponsorshipDate>2013-11-19</sponsorshipDate>
        <firstName>ROBERT</firstName>
        <identifiers>
          <bioguideId>M000639</bioguideId>
          <lisID>791</lisID>
          <gpoId>8239</gpoId>
        </identifiers>
        <isOriginalCosponsor>True</isOriginalCosponsor>
        <bioguideId>M000639</bioguideId>
        <fullName>Sen. Menendez, Robert [D-NJ]</fullName>
        <middleName />
        <sponsorshipWithdrawnDate />
      </item>
      <item>
        <lastName>WICKER</lastName>
        <sponsorshipDate>2013-11-19</sponsorshipDate>
        <firstName>ROGER</firstName>
        <identifiers>
          <bioguideId>W000437</bioguideId>
          <lisID>1226</lisID>
          <gpoId>8263</gpoId>
        </identifiers>
        <isOriginalCosponsor>True</isOriginalCosponsor>
        <bioguideId>W000437</bioguideId>
        <fullName>Sen. Wicker, Roger F. [R-MS]</fullName>
        <middleName>F.</middleName>
        <sponsorshipWithdrawnDate />
      </item>
      <item>
        <lastName>MORAN</lastName>
        <sponsorshipDate>2013-11-19</sponsorshipDate>
        <firstName>JERRY</firstName>
        <identifiers>
          <lisID>1507</lisID>
          <bioguideId>M000934</bioguideId>
          <gpoId>8307</gpoId>
        </identifiers>
        <isOriginalCosponsor>True</isOriginalCosponsor>
        <bioguideId>M000934</bioguideId>
        <fullName>Sen. Moran, Jerry [R-KS]</fullName>
        <middleName />
        <sponsorshipWithdrawnDate />
      </item>
      <item>
        <lastName>MARKEY</lastName>
        <sponsorshipDate>2013-11-19</sponsorshipDate>
        <firstName>EDWARD</firstName>
        <identifiers>
          <lisID>735</lisID>
          <bioguideId>M000133</bioguideId>
          <gpoId>7972</gpoId>
        </identifiers>
        <isOriginalCosponsor>True</isOriginalCosponsor>
        <bioguideId>M000133</bioguideId>
        <fullName>Sen. Markey, Edward J. [D-MA]</fullName>
        <middleName>J.</middleName>
        <sponsorshipWithdrawnDate />
      </item>
      <item>
        <lastName>CHAMBLISS</lastName>
        <sponsorshipDate>2013-11-20</sponsorshipDate>
        <firstName>SAXBY</firstName>
        <identifiers>
          <gpoId>8284</gpoId>
          <lisID>188</lisID>
          <bioguideId>C000286</bioguideId>
        </identifiers>
        <isOriginalCosponsor>False</isOriginalCosponsor>
        <bioguideId>C000286</bioguideId>
        <fullName>Sen. Chambliss, Saxby [R-GA]</fullName>
        <middleName />
        <sponsorshipWithdrawnDate />
      </item>
      <item>
        <lastName>Warner</lastName>
        <sponsorshipDate>2013-11-20</sponsorshipDate>
        <firstName>Mark</firstName>
        <identifiers>
          <bioguideId>W000805</bioguideId>
          <lisID>1897</lisID>
          <gpoId>8269</gpoId>
        </identifiers>
        <isOriginalCosponsor>False</isOriginalCosponsor>
        <bioguideId>W000805</bioguideId>
        <fullName>Sen. Warner, Mark R. [D-VA]</fullName>
        <middleName>R.</middleName>
        <sponsorshipWithdrawnDate />
      </item>
      <item>
        <lastName>KIRK</lastName>
        <sponsorshipDate>2013-11-20</sponsorshipDate>
        <firstName>MARK</firstName>
        <identifiers>
          <gpoId>8285</gpoId>
          <bioguideId>K000360</bioguideId>
          <lisID>1647</lisID>
        </identifiers>
        <isOriginalCosponsor>False</isOriginalCosponsor>
        <bioguideId>K000360</bioguideId>
        <fullName>Sen. Kirk, Mark Steven [R-IL]</fullName>
        <middleName>STEVEN</middleName>
        <sponsorshipWithdrawnDate />
      </item>
      <item>
        <lastName>Blumenthal</lastName>
        <sponsorshipDate>2013-11-21</sponsorshipDate>
        <firstName>Richard</firstName>
        <identifiers>
          <lisID>2076</lisID>
          <gpoId>8332</gpoId>
          <bioguideId>B001277</bioguideId>
        </identifiers>
        <isOriginalCosponsor>False</isOriginalCosponsor>
        <bioguideId>B001277</bioguideId>
        <fullName>Sen. Blumenthal, Richard [D-CT]</fullName>
        <middleName />
        <sponsorshipWithdrawnDate />
      </item>
    </cosponsors>
    <latestAction>
      <actionDate>2013-11-19</actionDate>
      <links />
      <text>Referred to the Committee on Health, Education, Labor, and Pensions. (text of measure as introduced: CR S8198)</text>
    </latestAction>
    <amendments />
    <notes />
    <laws />
    <createDate>2013-11-20T07:01:06Z</createDate>
    <summaries>
      <billSummaries>
        <item>
          <versionCode>00</versionCode>
          <text><![CDATA[<p>Recognizes that additional focus, research, and resources are needed to overcome Alzheimer's disease. </p> <p>Acknowledges the impact that Alzheimer's disease has on individuals with the disease, their caregivers and loved ones, and the United States.</p> <p>Expresses support for the goals and implementation of the National Alzheimer's Project Act and the National Plan to Address Alzheimer's Disease.</p>]]></text>
          <updateDate>2013-11-19T05:00:00Z</updateDate>
          <lastSummaryUpdateDate>2014-02-06T20:41:30Z</lastSummaryUpdateDate>
          <actionDate>2013-11-19</actionDate>
          <actionDesc>Introduced in Senate</actionDesc>
          <name>Introduced in Senate</name>
        </item>
      </billSummaries>
    </summaries>
    <titles>
      <item>
        <title>A resolution recognizing and supporting the goals and implementation of the National Alzheimer's Project Act and the National Plan to Address Alzheimer's Disease.</title>
        <titleType>Official Title as Introduced</titleType>
        <parentTitleType />
        <chamberName />
        <chamberCode />
      </item>
      <item>
        <title>A resolution recognizing and supporting the goals and implementation of the National Alzheimer's Project Act and the National Plan to Address Alzheimer's Disease.</title>
        <titleType>Display Title</titleType>
        <parentTitleType />
        <chamberName />
        <chamberCode />
      </item>
    </titles>
    <calendarNumbers />
    <updateDate>2016-10-25T16:18:48Z</updateDate>
    <introducedDate>2013-11-19</introducedDate>
    <recordedVotes />
    <policyArea>
      <name>Transportation and Public Works</name>
    </policyArea>
    <subjects>
      <billSubjects>
        <policyArea>
          <name>Transportation and Public Works</name>
        </policyArea>
        <legislativeSubjects>
          <item>
            <name>Aging</name>
          </item>
          <item>
            <name>Commemorative events and holidays</name>
          </item>
          <item>
            <name>Health</name>
          </item>
          <item>
            <name>Health programs administration and funding</name>
          </item>
          <item>
            <name>Medical research</name>
          </item>
          <item>
            <name>Motor carriers</name>
          </item>
          <item>
            <name>Motor vehicles</name>
          </item>
          <item>
            <name>Neurological disorders</name>
          </item>
          <item>
            <name>Research administration and funding</name>
          </item>
          <item>
            <name>Roads and highways</name>
          </item>
          <item>
            <name>Transportation safety and security</name>
          </item>
        </legislativeSubjects>
      </billSubjects>
    </subjects>
    <actions>
      <actionByCounts>
        <senate>2</senate>
      </actionByCounts>
      <actionTypeCounts>
        <referredToCommittee>1</referredToCommittee>
        <placeholderTextForB>1</placeholderTextForB>
        <introducedInSenate>1</introducedInSenate>
      </actionTypeCounts>
      <item>
        <actionDate>2013-11-19</actionDate>
        <committee>
          <name>Health, Education, Labor, and Pensions Committee</name>
          <systemCode>sshr00</systemCode>
        </committee>
        <links>
          <link>
            <name>S8198</name>
            <url>/congressional-record/2013/senate-section/page/S8198</url>
          </link>
        </links>
        <sourceSystem>
          <code>0</code>
          <name>Senate</name>
        </sourceSystem>
        <text>Referred to the Committee on Health, Education, Labor, and Pensions. (text of measure as introduced: CR S8198)</text>
        <type>IntroReferral</type>
      </item>
      <item>
        <sourceSystem>
          <code>9</code>
          <name>Library of Congress</name>
        </sourceSystem>
        <type>IntroReferral</type>
        <actionDate>2013-11-19</actionDate>
        <text>Sponsor introductory remarks on measure. (CR S8198-8199)</text>
        <committee />
        <actionCode>B00100</actionCode>
        <links>
          <link>
            <name>S8198-8199</name>
            <url>/congressional-record/2013/senate-section/page/S8198-8199</url>
          </link>
        </links>
      </item>
      <item>
        <sourceSystem>
          <code>9</code>
          <name>Library of Congress</name>
        </sourceSystem>
        <type>IntroReferral</type>
        <actionDate>2013-11-19</actionDate>
        <text>Introduced in Senate</text>
        <committee />
        <actionCode>10000</actionCode>
        <links />
      </item>
    </actions>
    <originChamber>Senate</originChamber>
    <committees>
      <billCommittees>
        <item>
          <type>Standing</type>
          <chamber>Senate</chamber>
          <systemCode>sshr00</systemCode>
          <subcommittees />
          <activities>
            <item>
              <date>2013-11-20T00:18:33Z</date>
              <name>Referred to</name>
            </item>
          </activities>
          <name>Health, Education, Labor, and Pensions Committee</name>
        </item>
      </billCommittees>
    </committees>
    <cboCostEstimates />
    <billNumber>301</billNumber>
    <title>A resolution recognizing and supporting the goals and implementation of the National Alzheimer's Project Act and the National Plan to Address Alzheimer's Disease.</title>
    <billType>SRES</billType>
    <committeeReports />
    <congress>113</congress>
    <sponsors>
      <item>
        <lastName>DURBIN</lastName>
        <fullName>Sen. Durbin, Richard [D-IL]</fullName>
        <byRequestType />
        <identifiers>
          <bioguideId>D000563</bioguideId>
          <lisID>326</lisID>
          <gpoId>8326</gpoId>
        </identifiers>
        <bioguideId>D000563</bioguideId>
        <firstName>RICHARD</firstName>
        <middleName>J.</middleName>
      </item>
    </sponsors>
    <relatedBills />
  </bill>
  <dublinCore xmlns:dc="http://purl.org/dc/elements/1.1/">
    <dc:format>text/xml</dc:format>
    <dc:language>EN</dc:language>
    <dc:rights>Pursuant to Title 17 Section 105 of the United States Code, this file is not subject to copyright protection and is in the public domain.</dc:rights>
    <dc:contributor>Congressional Research Service, Library of Congress</dc:contributor>
    <dc:description>This file contains bill summaries and statuses for federal legislation. A bill summary describes the most significant provisions of a piece of legislation and details the effects the legislative text may have on current law and federal programs. Bill summaries are authored by the Congressional Research Service (CRS) of the Library of Congress. As stated in Public Law 91-510 (2 USC 166 (d)(6)), one of the duties of CRS is "to prepare summaries and digests of bills and resolutions of a public general nature introduced in the Senate or House of Representatives". For more information, refer to the User Guide that accompanies this file.</dc:description>
  </dublinCore>
</billStatus>

