<?xml version="1.0" encoding="UTF-8"?>
<billStatus>
  <bill>
    <relatedBills />
    <policyArea>
      <name>Armed Forces and National Security</name>
    </policyArea>
    <congress>113</congress>
    <cboCostEstimates />
    <laws />
    <billNumber>281</billNumber>
    <notes />
    <originChamber>Senate</originChamber>
    <latestAction>
      <actionDate>2013-10-31</actionDate>
      <text>Referred to the Select Committee on Intelligence. (text of measure as introduced: CR S7733)</text>
      <links />
    </latestAction>
    <updateDate>2016-10-25T16:18:45Z</updateDate>
    <calendarNumbers />
    <titles>
      <item>
        <chamberName />
        <titleType>Official Title as Introduced</titleType>
        <title>A resolution expressing the sense of the United States Senate that President Obama should issue a statement regarding spying on His Holiness, Pope Francis.</title>
        <chamberCode />
        <parentTitleType />
      </item>
      <item>
        <chamberName />
        <titleType>Display Title</titleType>
        <title>A resolution expressing the sense of the United States Senate that President Obama should issue a statement regarding spying on His Holiness, Pope Francis.</title>
        <chamberCode />
        <parentTitleType />
      </item>
    </titles>
    <title>A resolution expressing the sense of the United States Senate that President Obama should issue a statement regarding spying on His Holiness, Pope Francis.</title>
    <committeeReports />
    <sponsors>
      <item>
        <bioguideId>P000603</bioguideId>
        <fullName>Sen. Paul, Rand [R-KY]</fullName>
        <identifiers>
          <bioguideId>P000603</bioguideId>
          <lisID>2082</lisID>
          <gpoId>8308</gpoId>
        </identifiers>
        <byRequestType />
        <middleName />
        <firstName>Rand</firstName>
        <lastName>Paul</lastName>
      </item>
    </sponsors>
    <introducedDate>2013-10-31</introducedDate>
    <createDate>2013-11-01T07:01:09Z</createDate>
    <committees>
      <billCommittees>
        <item>
          <subcommittees />
          <chamber>Senate</chamber>
          <systemCode>slin00</systemCode>
          <type>Select</type>
          <activities>
            <item>
              <name>Referred to</name>
              <date>2013-10-31T19:06:11Z</date>
            </item>
          </activities>
          <name>Intelligence Committee</name>
        </item>
      </billCommittees>
    </committees>
    <cosponsors />
    <billType>SRES</billType>
    <summaries>
      <billSummaries>
        <item>
          <versionCode>00</versionCode>
          <name>Introduced in Senate</name>
          <actionDate>2013-10-31</actionDate>
          <updateDate>2013-10-31T04:00:00Z</updateDate>
          <lastSummaryUpdateDate>2013-12-23T13:37:57Z</lastSummaryUpdateDate>
          <text><![CDATA[<p>Expresses the sense of the Senate that President Obama should directly address the allegation that his administration monitored the calls of Pope Francis or the conclave selecting the Pope.</p>]]></text>
          <actionDesc>Introduced in Senate</actionDesc>
        </item>
      </billSummaries>
    </summaries>
    <recordedVotes />
    <amendments />
    <actions>
      <item>
        <actionDate>2013-10-31</actionDate>
        <committee>
          <systemCode>slin00</systemCode>
          <name>Intelligence Committee</name>
        </committee>
        <links>
          <link>
            <name>S7733</name>
            <url>/congressional-record/2013/senate-section/page/S7733</url>
          </link>
        </links>
        <sourceSystem>
          <name>Senate</name>
          <code>0</code>
        </sourceSystem>
        <text>Referred to the Select Committee on Intelligence. (text of measure as introduced: CR S7733)</text>
        <type>IntroReferral</type>
      </item>
      <item>
        <links />
        <actionCode>10000</actionCode>
        <committee />
        <type>IntroReferral</type>
        <sourceSystem>
          <name>Library of Congress</name>
          <code>9</code>
        </sourceSystem>
        <text>Introduced in Senate</text>
        <actionDate>2013-10-31</actionDate>
      </item>
      <actionTypeCounts>
        <referredToCommittee>1</referredToCommittee>
        <introducedInSenate>1</introducedInSenate>
      </actionTypeCounts>
      <actionByCounts>
        <senate>2</senate>
      </actionByCounts>
    </actions>
    <subjects>
      <billSubjects>
        <policyArea>
          <name>Armed Forces and National Security</name>
        </policyArea>
        <legislativeSubjects>
          <item>
            <name>Intelligence activities, surveillance, classified information</name>
          </item>
          <item>
            <name>Religion</name>
          </item>
          <item>
            <name>Telephone and wireless communication</name>
          </item>
        </legislativeSubjects>
      </billSubjects>
    </subjects>
  </bill>
  <dublinCore xmlns:dc="http://purl.org/dc/elements/1.1/">
    <dc:format>text/xml</dc:format>
    <dc:language>EN</dc:language>
    <dc:rights>Pursuant to Title 17 Section 105 of the United States Code, this file is not subject to copyright protection and is in the public domain.</dc:rights>
    <dc:contributor>Congressional Research Service, Library of Congress</dc:contributor>
    <dc:description>This file contains bill summaries and statuses for federal legislation. A bill summary describes the most significant provisions of a piece of legislation and details the effects the legislative text may have on current law and federal programs. Bill summaries are authored by the Congressional Research Service (CRS) of the Library of Congress. As stated in Public Law 91-510 (2 USC 166 (d)(6)), one of the duties of CRS is "to prepare summaries and digests of bills and resolutions of a public general nature introduced in the Senate or House of Representatives". For more information, refer to the User Guide that accompanies this file.</dc:description>
  </dublinCore>
</billStatus>

