<?xml version="1.0" encoding="UTF-8"?>
<billStatus>
  <bill>
    <updateDate>2016-10-25T16:19:33Z</updateDate>
    <latestAction>
      <text>Submitted in the Senate, considered, and agreed to without amendment and with a preamble by Unanimous Consent. (consideration: CR S6698; text as passed Senate: CR S6631)</text>
      <links />
      <actionDate>2014-12-11</actionDate>
    </latestAction>
    <policyArea>
      <name>Social Welfare</name>
    </policyArea>
    <laws />
    <introducedDate>2014-12-11</introducedDate>
    <summaries>
      <billSummaries>
        <item>
          <text><![CDATA[<p>Recognizes the 100-year anniversary of Big Brothers Big Sisters Southeastern Pennsylvania.</p>]]></text>
          <name>Introduced in Senate</name>
          <versionCode>00</versionCode>
          <actionDate>2014-12-11</actionDate>
          <actionDesc>Introduced in Senate</actionDesc>
          <lastSummaryUpdateDate>2014-12-19T14:45:43Z</lastSummaryUpdateDate>
          <updateDate>2014-12-11T05:00:00Z</updateDate>
        </item>
        <item>
          <text><![CDATA[<p><b>(This measure has not been amended since it was introduced. The summary of that version is repeated here.)</b></p> <p>Recognizes the 100-year anniversary of Big Brothers Big Sisters Southeastern Pennsylvania.</p>]]></text>
          <name>Passed Senate without amendment</name>
          <versionCode>82</versionCode>
          <actionDate>2014-12-11</actionDate>
          <actionDesc>Passed Senate without amendment</actionDesc>
          <lastSummaryUpdateDate>2014-12-19T14:45:29Z</lastSummaryUpdateDate>
          <updateDate>2014-12-11T18:53:07Z</updateDate>
        </item>
      </billSummaries>
    </summaries>
    <recordedVotes />
    <notes />
    <billNumber>599</billNumber>
    <committeeReports />
    <calendarNumbers />
    <congress>113</congress>
    <amendments />
    <cboCostEstimates />
    <originChamber>Senate</originChamber>
    <createDate>2014-12-12T05:02:15Z</createDate>
    <subjects>
      <billSubjects>
        <legislativeSubjects>
          <item>
            <name>Commemorative events and holidays</name>
          </item>
          <item>
            <name>Pennsylvania</name>
          </item>
          <item>
            <name>Social work, volunteer service, charitable organizations</name>
          </item>
        </legislativeSubjects>
        <policyArea>
          <name>Social Welfare</name>
        </policyArea>
      </billSubjects>
    </subjects>
    <sponsors>
      <item>
        <lastName>Toomey</lastName>
        <identifiers>
          <bioguideId>T000461</bioguideId>
          <lisID>1594</lisID>
          <gpoId />
        </identifiers>
        <firstName>Pat</firstName>
        <fullName>Sen. Toomey, Pat [R-PA]</fullName>
        <bioguideId>T000461</bioguideId>
        <middleName />
        <byRequestType />
      </item>
    </sponsors>
    <cosponsors>
      <item>
        <firstName>Bob</firstName>
        <fullName>Sen. Casey, Robert P., Jr. [D-PA]</fullName>
        <identifiers>
          <gpoId>8282</gpoId>
          <lisID>1828</lisID>
          <bioguideId>C001070</bioguideId>
        </identifiers>
        <bioguideId>C001070</bioguideId>
        <sponsorshipWithdrawnDate />
        <middleName />
        <isOriginalCosponsor>True</isOriginalCosponsor>
        <sponsorshipDate>2014-12-11</sponsorshipDate>
        <lastName>Casey</lastName>
      </item>
    </cosponsors>
    <title>A resolution recognizing the 100-year anniversary of Big Brothers Big Sisters Southeastern Pennsylvania.</title>
    <actions>
      <actionTypeCounts>
        <passedOrAgreedToInSenateDayOf>1</passedOrAgreedToInSenateDayOf>
        <introducedInSenate>1</introducedInSenate>
        <passedAgreedToInSenate>1</passedAgreedToInSenate>
      </actionTypeCounts>
      <item>
        <actionDate>2014-12-11</actionDate>
        <committee />
        <links>
          <link>
            <name>S6631</name>
            <url>/congressional-record/2014/senate-section/page/S6631</url>
          </link>
        </links>
        <sourceSystem>
          <name>Senate</name>
          <code>0</code>
        </sourceSystem>
        <text>Submitted in the Senate, considered, and agreed to without amendment and with a preamble by Unanimous Consent. (consideration: CR S6698; text as passed Senate: CR S6631)</text>
        <type>Floor</type>
      </item>
      <item>
        <sourceSystem>
          <name>Library of Congress</name>
          <code>9</code>
        </sourceSystem>
        <actionDate>2014-12-11</actionDate>
        <links>
          <link>
            <name>S6631</name>
            <url>/congressional-record/2014/senate-section/page/S6631</url>
          </link>
        </links>
        <text>Passed/agreed to in Senate: Submitted in the Senate, considered, and agreed to without amendment and with a preamble by Unanimous Consent.(consideration: CR S6698; text as passed Senate: CR S6631)</text>
        <type>Floor</type>
        <actionCode>17000</actionCode>
        <committee />
      </item>
      <item>
        <sourceSystem>
          <name>Library of Congress</name>
          <code>9</code>
        </sourceSystem>
        <actionDate>2014-12-11</actionDate>
        <links />
        <text>Introduced in Senate</text>
        <type>IntroReferral</type>
        <actionCode>10000</actionCode>
        <committee />
      </item>
      <actionByCounts>
        <senate>3</senate>
      </actionByCounts>
    </actions>
    <titles>
      <item>
        <chamberName />
        <parentTitleType />
        <titleType>Official Title as Introduced</titleType>
        <chamberCode />
        <title>A resolution recognizing the 100-year anniversary of Big Brothers Big Sisters Southeastern Pennsylvania.</title>
      </item>
      <item>
        <chamberName />
        <parentTitleType />
        <titleType>Display Title</titleType>
        <chamberCode />
        <title>A resolution recognizing the 100-year anniversary of Big Brothers Big Sisters Southeastern Pennsylvania.</title>
      </item>
    </titles>
    <billType>SRES</billType>
    <relatedBills>
      <item>
        <number>771</number>
        <relationshipDetails>
          <item>
            <type>Identical bill</type>
            <identifiedBy>CRS</identifiedBy>
          </item>
        </relationshipDetails>
        <congress>113</congress>
        <latestAction>
          <actionDate>2014-12-04</actionDate>
          <text>Referred to the House Committee on Oversight and Government Reform.</text>
        </latestAction>
        <latestTitle>Recognizing the 100-year anniversary of Big Brothers Big Sisters Southeastern Pennsylvania.</latestTitle>
        <type>HRES</type>
      </item>
    </relatedBills>
    <committees>
      <billCommittees />
    </committees>
  </bill>
  <dublinCore xmlns:dc="http://purl.org/dc/elements/1.1/">
    <dc:format>text/xml</dc:format>
    <dc:language>EN</dc:language>
    <dc:rights>Pursuant to Title 17 Section 105 of the United States Code, this file is not subject to copyright protection and is in the public domain.</dc:rights>
    <dc:contributor>Congressional Research Service, Library of Congress</dc:contributor>
    <dc:description>This file contains bill summaries and statuses for federal legislation. A bill summary describes the most significant provisions of a piece of legislation and details the effects the legislative text may have on current law and federal programs. Bill summaries are authored by the Congressional Research Service (CRS) of the Library of Congress. As stated in Public Law 91-510 (2 USC 166 (d)(6)), one of the duties of CRS is "to prepare summaries and digests of bills and resolutions of a public general nature introduced in the Senate or House of Representatives". For more information, refer to the User Guide that accompanies this file.</dc:description>
  </dublinCore>
</billStatus>

