<?xml version="1.0" encoding="UTF-8"?>
<billStatus>
  <bill>
    <summaries>
      <billSummaries>
        <item>
          <actionDesc>Introduced in Senate</actionDesc>
          <actionDate>2013-09-17</actionDate>
          <updateDate>2013-09-17T04:00:00Z</updateDate>
          <versionCode>00</versionCode>
          <lastSummaryUpdateDate>2013-09-20T15:02:35Z</lastSummaryUpdateDate>
          <name>Introduced in Senate</name>
          <text><![CDATA[<p>Recognizes the bravery of those Danes who participated in the 1943 rescue operations that saved the lives of 7,300 Jews who would otherwise have perished in Nazi concentration camps.</p> <p> Declares that the world owes a great debt to these Danes who did not turn a blind eye to the dangers that faced Jews under Nazi occupation and who continue to serve as an inspiration to others.</p>]]></text>
        </item>
        <item>
          <actionDesc>Reported to Senate without amendment</actionDesc>
          <actionDate>2013-09-30</actionDate>
          <updateDate>2013-09-30T11:41:23Z</updateDate>
          <versionCode>80</versionCode>
          <lastSummaryUpdateDate>2013-10-18T18:17:58Z</lastSummaryUpdateDate>
          <name>Reported to Senate without amendment</name>
          <text><![CDATA[<p><b>(This measure has not been amended since it was introduced. The summary of that version is repeated here.)</b></p> <p>Recognizes the bravery of those Danes who participated in the 1943 rescue operations that saved the lives of 7,300 Jews who would otherwise have perished in Nazi concentration camps.</p> <p> Declares that the world owes a great debt to these Danes who did not turn a blind eye to the dangers that faced Jews under Nazi occupation and who continue to serve as an inspiration to others.</p>]]></text>
        </item>
        <item>
          <actionDesc>Passed Senate without amendment</actionDesc>
          <actionDate>2013-10-04</actionDate>
          <updateDate>2013-10-04T11:50:22Z</updateDate>
          <versionCode>82</versionCode>
          <lastSummaryUpdateDate>2013-10-18T18:17:50Z</lastSummaryUpdateDate>
          <name>Passed Senate without amendment</name>
          <text><![CDATA[<p><b>(This measure has not been amended since it was introduced. The summary of that version is repeated here.)</b></p> <p>Recognizes the bravery of those Danes who participated in the 1943 rescue operations that saved the lives of 7,300 Jews who would otherwise have perished in Nazi concentration camps.</p> <p> Declares that the world owes a great debt to these Danes who did not turn a blind eye to the dangers that faced Jews under Nazi occupation and who continue to serve as an inspiration to others.</p>]]></text>
        </item>
      </billSummaries>
    </summaries>
    <sponsors>
      <item>
        <bioguideId>M000639</bioguideId>
        <fullName>Sen. Menendez, Robert [D-NJ]</fullName>
        <byRequestType />
        <lastName>MENENDEZ</lastName>
        <firstName>ROBERT</firstName>
        <middleName />
        <identifiers>
          <lisID>791</lisID>
          <bioguideId>M000639</bioguideId>
          <gpoId>8239</gpoId>
        </identifiers>
      </item>
    </sponsors>
    <latestAction>
      <links />
      <actionDate>2013-10-04</actionDate>
      <text>Resolution agreed to in Senate without amendment and with a preamble by Unanimous Consent. (consideration: CR S7213)</text>
    </latestAction>
    <congress>113</congress>
    <billNumber>227</billNumber>
    <cboCostEstimates />
    <calendarNumbers>
      <item>
        <number>0200</number>
        <calendar>Senate Calendar of Business</calendar>
      </item>
    </calendarNumbers>
    <billType>SRES</billType>
    <committees>
      <billCommittees>
        <item>
          <chamber>Senate</chamber>
          <activities>
            <item>
              <name>Reported by</name>
              <date>2013-10-01T00:39:37Z</date>
            </item>
            <item>
              <name>Markup by</name>
              <date>2013-09-30T22:45:47Z</date>
            </item>
            <item>
              <name>Referred to</name>
              <date>2013-09-17T16:39:54Z</date>
            </item>
          </activities>
          <name>Foreign Relations Committee</name>
          <subcommittees />
          <type>Standing</type>
          <systemCode>ssfr00</systemCode>
        </item>
      </billCommittees>
    </committees>
    <recordedVotes />
    <titles>
      <item>
        <chamberName />
        <parentTitleType />
        <titleType>Official Title as Introduced</titleType>
        <chamberCode />
        <title>A resolution to commemorate the 70th anniversary of the heroic rescue of Danish Jews during the Second World War by the Danish people.</title>
      </item>
      <item>
        <chamberName />
        <parentTitleType />
        <titleType>Display Title</titleType>
        <chamberCode />
        <title>A resolution to commemorate the 70th anniversary of the heroic rescue of Danish Jews during the Second World War by the Danish people.</title>
      </item>
    </titles>
    <laws />
    <originChamber>Senate</originChamber>
    <createDate>2013-09-18T07:01:07Z</createDate>
    <notes />
    <updateDate>2016-10-25T16:18:37Z</updateDate>
    <policyArea>
      <name>Social Sciences and History</name>
    </policyArea>
    <title>A resolution to commemorate the 70th anniversary of the heroic rescue of Danish Jews during the Second World War by the Danish people.</title>
    <committeeReports />
    <subjects>
      <billSubjects>
        <policyArea>
          <name>Social Sciences and History</name>
        </policyArea>
        <legislativeSubjects>
          <item>
            <name>Conflicts and wars</name>
          </item>
          <item>
            <name>Congressional tributes</name>
          </item>
          <item>
            <name>Denmark</name>
          </item>
          <item>
            <name>Europe</name>
          </item>
          <item>
            <name>War crimes, genocide, crimes against humanity</name>
          </item>
        </legislativeSubjects>
      </billSubjects>
    </subjects>
    <relatedBills />
    <introducedDate>2013-09-17</introducedDate>
    <amendments />
    <actions>
      <actionTypeCounts>
        <orderedReported>1</orderedReported>
        <introducedInSenate>1</introducedInSenate>
        <reportedToSenate>2</reportedToSenate>
        <referredToCommittee>1</referredToCommittee>
        <agreedToInSenate>1</agreedToInSenate>
        <passedAgreedToInSenate>1</passedAgreedToInSenate>
        <placedOnCalendarGeneralOrders>1</placedOnCalendarGeneralOrders>
      </actionTypeCounts>
      <item>
        <actionDate>2013-10-04</actionDate>
        <committee />
        <links>
          <link>
            <name>S7213</name>
            <url>/congressional-record/2013/senate-section/page/S7213</url>
          </link>
        </links>
        <sourceSystem>
          <name>Senate</name>
          <code>0</code>
        </sourceSystem>
        <text>Resolution agreed to in Senate without amendment and with a preamble by Unanimous Consent. (consideration: CR S7213)</text>
        <type>Floor</type>
      </item>
      <item>
        <sourceSystem>
          <name>Library of Congress</name>
          <code>9</code>
        </sourceSystem>
        <actionDate>2013-10-04</actionDate>
        <links>
          <link>
            <name>S7213</name>
            <url>/congressional-record/2013/senate-section/page/S7213</url>
          </link>
        </links>
        <text>Passed/agreed to in Senate: Resolution agreed to in Senate without amendment and with a preamble by Unanimous Consent.(consideration: CR S7213)</text>
        <type>Floor</type>
        <actionCode>17000</actionCode>
        <committee />
      </item>
      <item>
        <actionDate>2013-09-30</actionDate>
        <committee />
        <links />
        <sourceSystem>
          <name>Senate</name>
          <code>0</code>
        </sourceSystem>
        <text>Placed on Senate Legislative Calendar under General Orders. Calendar No. 200.</text>
        <type>Calendars</type>
      </item>
      <item>
        <actionDate>2013-09-30</actionDate>
        <committee>
          <systemCode>ssfr00</systemCode>
          <name>Foreign Relations Committee</name>
        </committee>
        <links />
        <sourceSystem>
          <name>Senate</name>
          <code>0</code>
        </sourceSystem>
        <text>Committee on Foreign Relations. Reported by Senator Menendez without amendment and with a preamble. Without written report.</text>
        <type>Committee</type>
      </item>
      <item>
        <sourceSystem>
          <name>Library of Congress</name>
          <code>9</code>
        </sourceSystem>
        <actionDate>2013-09-30</actionDate>
        <links />
        <text>Committee on Foreign Relations. Reported by Senator Menendez without amendment and with a preamble. Without written report.</text>
        <type>Committee</type>
        <actionCode>14000</actionCode>
        <committee>
          <systemCode>ssfr00</systemCode>
          <name>Foreign Relations Committee</name>
        </committee>
      </item>
      <item>
        <actionDate>2013-09-30</actionDate>
        <committee>
          <systemCode>ssfr00</systemCode>
          <name>Foreign Relations Committee</name>
        </committee>
        <links />
        <sourceSystem>
          <name>Senate</name>
          <code>0</code>
        </sourceSystem>
        <text>Committee on Foreign Relations. Ordered to be reported without amendment favorably.</text>
        <type>Committee</type>
      </item>
      <item>
        <actionDate>2013-09-17</actionDate>
        <committee>
          <systemCode>ssfr00</systemCode>
          <name>Foreign Relations Committee</name>
        </committee>
        <links>
          <link>
            <name>S6527</name>
            <url>/congressional-record/2013/senate-section/page/S6527</url>
          </link>
        </links>
        <sourceSystem>
          <name>Senate</name>
          <code>0</code>
        </sourceSystem>
        <text>Referred to the Committee on Foreign Relations. (text of measure as introduced: CR S6527)</text>
        <type>IntroReferral</type>
      </item>
      <item>
        <sourceSystem>
          <name>Library of Congress</name>
          <code>9</code>
        </sourceSystem>
        <actionDate>2013-09-17</actionDate>
        <links />
        <text>Introduced in Senate</text>
        <type>IntroReferral</type>
        <actionCode>10000</actionCode>
        <committee />
      </item>
      <actionByCounts>
        <senate>8</senate>
      </actionByCounts>
    </actions>
    <cosponsors>
      <item>
        <firstName>MARK</firstName>
        <fullName>Sen. Kirk, Mark Steven [R-IL]</fullName>
        <identifiers>
          <bioguideId>K000360</bioguideId>
          <lisID>1647</lisID>
          <gpoId>8285</gpoId>
        </identifiers>
        <bioguideId>K000360</bioguideId>
        <sponsorshipWithdrawnDate />
        <middleName>STEVEN</middleName>
        <isOriginalCosponsor>False</isOriginalCosponsor>
        <sponsorshipDate>2013-10-04</sponsorshipDate>
        <lastName>KIRK</lastName>
      </item>
    </cosponsors>
  </bill>
  <dublinCore xmlns:dc="http://purl.org/dc/elements/1.1/">
    <dc:format>text/xml</dc:format>
    <dc:language>EN</dc:language>
    <dc:rights>Pursuant to Title 17 Section 105 of the United States Code, this file is not subject to copyright protection and is in the public domain.</dc:rights>
    <dc:contributor>Congressional Research Service, Library of Congress</dc:contributor>
    <dc:description>This file contains bill summaries and statuses for federal legislation. A bill summary describes the most significant provisions of a piece of legislation and details the effects the legislative text may have on current law and federal programs. Bill summaries are authored by the Congressional Research Service (CRS) of the Library of Congress. As stated in Public Law 91-510 (2 USC 166 (d)(6)), one of the duties of CRS is "to prepare summaries and digests of bills and resolutions of a public general nature introduced in the Senate or House of Representatives". For more information, refer to the User Guide that accompanies this file.</dc:description>
  </dublinCore>
</billStatus>

