<?xml version="1.0" encoding="UTF-8"?>
<billStatus>
  <bill>
    <titles>
      <item>
        <chamberCode />
        <parentTitleType />
        <titleType>Official Title as Introduced</titleType>
        <title>An original resolution authorizing expenditures by the Committee on the Judiciary.</title>
        <chamberName />
      </item>
      <item>
        <chamberCode />
        <parentTitleType />
        <titleType>Display Title</titleType>
        <title>An original resolution authorizing expenditures by the Committee on the Judiciary.</title>
        <chamberName />
      </item>
    </titles>
    <introducedDate>2013-09-12</introducedDate>
    <notes />
    <calendarNumbers />
    <committees>
      <billCommittees>
        <item>
          <systemCode>ssra00</systemCode>
          <subcommittees />
          <chamber>Senate</chamber>
          <type>Standing</type>
          <name>Rules and Administration Committee</name>
          <activities>
            <item>
              <name>Referred to</name>
              <date>2013-09-12T18:08:56Z</date>
            </item>
          </activities>
        </item>
        <item>
          <systemCode>ssju00</systemCode>
          <subcommittees />
          <chamber>Senate</chamber>
          <type>Standing</type>
          <name>Judiciary Committee</name>
          <activities>
            <item>
              <name>Reported original measure</name>
              <date>2013-09-12T18:08:26Z</date>
            </item>
          </activities>
        </item>
      </billCommittees>
    </committees>
    <sponsors>
      <item>
        <lastName>LEAHY</lastName>
        <middleName>JOSEPH</middleName>
        <bioguideId>L000174</bioguideId>
        <firstName>PATRICK</firstName>
        <byRequestType />
        <fullName>Sen. Leahy, Patrick J. [D-VT]</fullName>
        <identifiers>
          <gpoId>8244</gpoId>
          <bioguideId>L000174</bioguideId>
          <lisID>1383</lisID>
        </identifiers>
      </item>
    </sponsors>
    <subjects>
      <billSubjects>
        <policyArea>
          <name>Congress</name>
        </policyArea>
        <legislativeSubjects>
          <item>
            <name>Congressional committees</name>
          </item>
          <item>
            <name>Senate Committee on the Judiciary</name>
          </item>
        </legislativeSubjects>
      </billSubjects>
    </subjects>
    <originChamber>Senate</originChamber>
    <createDate>2013-09-13T07:01:07Z</createDate>
    <congress>113</congress>
    <cosponsors />
    <billType>SRES</billType>
    <billNumber>223</billNumber>
    <summaries>
      <billSummaries>
        <item>
          <versionCode>00</versionCode>
          <actionDesc>Introduced in Senate</actionDesc>
          <text><![CDATA[<p>Authorizes expenditures by the Senate Committee on the Judiciary for the 113th Congress. </p>]]></text>
          <lastSummaryUpdateDate>2013-09-18T16:10:03Z</lastSummaryUpdateDate>
          <name>Introduced in Senate</name>
          <actionDate>2013-09-12</actionDate>
          <updateDate>2013-09-12T04:00:00Z</updateDate>
        </item>
        <item>
          <versionCode>80</versionCode>
          <actionDesc>Reported to Senate without amendment</actionDesc>
          <text><![CDATA[<p><b>(This measure has not been amended since it was introduced. The summary of that version is repeated here.)</b></p> <p>Authorizes expenditures by the Senate Committee on the Judiciary for the 113th Congress. </p>]]></text>
          <lastSummaryUpdateDate>2013-09-18T16:09:48Z</lastSummaryUpdateDate>
          <name>Reported to Senate without amendment</name>
          <actionDate>2013-09-12</actionDate>
          <updateDate>2013-09-12T11:32:32Z</updateDate>
        </item>
      </billSummaries>
    </summaries>
    <actions>
      <item>
        <actionDate>2013-09-12</actionDate>
        <committee>
          <systemCode>ssra00</systemCode>
          <name>Rules and Administration Committee</name>
        </committee>
        <links />
        <sourceSystem>
          <name>Senate</name>
          <code>0</code>
        </sourceSystem>
        <text>Referred to the Committee on Rules and Administration.</text>
        <type>IntroReferral</type>
      </item>
      <item>
        <actionDate>2013-09-12</actionDate>
        <committee>
          <systemCode>ssju00</systemCode>
          <name>Judiciary Committee</name>
        </committee>
        <links>
          <link>
            <name>S6449-6450</name>
            <url>/congressional-record/2013/senate-section/page/S6449-6450</url>
          </link>
        </links>
        <sourceSystem>
          <name>Senate</name>
          <code>0</code>
        </sourceSystem>
        <text>Committee on the Judiciary. Original measure reported to Senate by Senator Leahy. Without written report. (text of measure as reported in Senate: CR S6449-6450)</text>
        <type>Committee</type>
      </item>
      <item>
        <actionCode>14000</actionCode>
        <type>Committee</type>
        <text>Committee on the Judiciary. Original measure reported to Senate by Senator Leahy. Without written report.(text of measure as reported in Senate: CR S6449-6450)</text>
        <actionDate>2013-09-12</actionDate>
        <links>
          <link>
            <name>S6449-6450</name>
            <url>/congressional-record/2013/senate-section/page/S6449-6450</url>
          </link>
        </links>
        <committee>
          <systemCode>ssju00</systemCode>
          <name>Judiciary Committee</name>
        </committee>
        <sourceSystem>
          <name>Library of Congress</name>
          <code>9</code>
        </sourceSystem>
      </item>
      <item>
        <actionCode>10000</actionCode>
        <type>IntroReferral</type>
        <text>Introduced in Senate</text>
        <actionDate>2013-09-12</actionDate>
        <links />
        <committee />
        <sourceSystem>
          <name>Library of Congress</name>
          <code>9</code>
        </sourceSystem>
      </item>
      <actionByCounts>
        <senate>4</senate>
      </actionByCounts>
      <actionTypeCounts>
        <originalBillReported>1</originalBillReported>
        <referredToCommittee>1</referredToCommittee>
        <reportedToSenate>1</reportedToSenate>
        <introducedInSenate>1</introducedInSenate>
      </actionTypeCounts>
    </actions>
    <relatedBills />
    <policyArea>
      <name>Congress</name>
    </policyArea>
    <updateDate>2016-10-25T16:18:36Z</updateDate>
    <recordedVotes />
    <cboCostEstimates />
    <latestAction>
      <text>Referred to the Committee on Rules and Administration.</text>
      <actionDate>2013-09-12</actionDate>
      <links />
    </latestAction>
    <title>An original resolution authorizing expenditures by the Committee on the Judiciary.</title>
    <amendments />
    <laws />
    <committeeReports />
  </bill>
  <dublinCore xmlns:dc="http://purl.org/dc/elements/1.1/">
    <dc:format>text/xml</dc:format>
    <dc:language>EN</dc:language>
    <dc:rights>Pursuant to Title 17 Section 105 of the United States Code, this file is not subject to copyright protection and is in the public domain.</dc:rights>
    <dc:contributor>Congressional Research Service, Library of Congress</dc:contributor>
    <dc:description>This file contains bill summaries and statuses for federal legislation. A bill summary describes the most significant provisions of a piece of legislation and details the effects the legislative text may have on current law and federal programs. Bill summaries are authored by the Congressional Research Service (CRS) of the Library of Congress. As stated in Public Law 91-510 (2 USC 166 (d)(6)), one of the duties of CRS is "to prepare summaries and digests of bills and resolutions of a public general nature introduced in the Senate or House of Representatives". For more information, refer to the User Guide that accompanies this file.</dc:description>
  </dublinCore>
</billStatus>

