<?xml version="1.0" encoding="UTF-8"?>
<billStatus>
  <bill>
    <updateDate>2016-10-25T16:18:40Z</updateDate>
    <latestAction>
      <text>Referred to the Committee on Rules and Administration.</text>
      <links />
      <actionDate>2013-09-19</actionDate>
    </latestAction>
    <policyArea>
      <name>Congress</name>
    </policyArea>
    <laws />
    <introducedDate>2013-09-19</introducedDate>
    <summaries>
      <billSummaries>
        <item>
          <text><![CDATA[<p>Authorizes expenditures by the Senate Special Committee on Aging from: (1) October 1, 2013, through September 30, 2014; and (2) October 1, 2014, through February 28, 2015.</p> <p>Requires the Special Committee to report its findings, together with such recommendations for legislation as it deems advisable, to the Senate at the earliest practicable date, but by February 28, 2015.</p>]]></text>
          <name>Introduced in Senate</name>
          <versionCode>00</versionCode>
          <actionDate>2013-09-19</actionDate>
          <actionDesc>Introduced in Senate</actionDesc>
          <lastSummaryUpdateDate>2013-09-23T20:30:43Z</lastSummaryUpdateDate>
          <updateDate>2013-09-19T04:00:00Z</updateDate>
        </item>
        <item>
          <text><![CDATA[<p><b>(This measure has not been amended since it was introduced. The summary of that version is repeated here.)</b></p> <p>Authorizes expenditures by the Senate Special Committee on Aging from: (1) October 1, 2013, through September 30, 2014; and (2) October 1, 2014, through February 28, 2015.</p> <p>Requires the Special Committee to report its findings, together with such recommendations for legislation as it deems advisable, to the Senate at the earliest practicable date, but by February 28, 2015.</p>]]></text>
          <name>Reported to Senate without amendment</name>
          <versionCode>80</versionCode>
          <actionDate>2013-09-19</actionDate>
          <actionDesc>Reported to Senate without amendment</actionDesc>
          <lastSummaryUpdateDate>2013-09-23T20:30:31Z</lastSummaryUpdateDate>
          <updateDate>2013-09-19T11:54:08Z</updateDate>
        </item>
      </billSummaries>
    </summaries>
    <recordedVotes />
    <notes />
    <billNumber>241</billNumber>
    <committeeReports />
    <calendarNumbers />
    <congress>113</congress>
    <amendments />
    <cboCostEstimates />
    <originChamber>Senate</originChamber>
    <createDate>2013-09-20T07:01:06Z</createDate>
    <subjects>
      <billSubjects>
        <policyArea>
          <name>Congress</name>
        </policyArea>
        <legislativeSubjects>
          <item>
            <name>Congressional committees</name>
          </item>
          <item>
            <name>Senate Special Committee on Aging</name>
          </item>
        </legislativeSubjects>
      </billSubjects>
    </subjects>
    <sponsors>
      <item>
        <lastName>NELSON</lastName>
        <identifiers>
          <gpoId>8236</gpoId>
          <lisID>859</lisID>
          <bioguideId>N000032</bioguideId>
        </identifiers>
        <firstName>CLARENCE</firstName>
        <fullName>Sen. Nelson, Bill [D-FL]</fullName>
        <bioguideId>N000032</bioguideId>
        <middleName>WILLIAM</middleName>
        <byRequestType />
      </item>
    </sponsors>
    <cosponsors />
    <title>An original resolution authorizing expenditures by the Special Committee on Aging.</title>
    <actions>
      <actionByCounts>
        <senate>4</senate>
      </actionByCounts>
      <actionTypeCounts>
        <referredToCommittee>1</referredToCommittee>
        <originalBillReported>1</originalBillReported>
        <reportedToSenate>1</reportedToSenate>
        <introducedInSenate>1</introducedInSenate>
      </actionTypeCounts>
      <item>
        <actionDate>2013-09-19</actionDate>
        <committee>
          <name>Rules and Administration Committee</name>
          <systemCode>ssra00</systemCode>
        </committee>
        <links />
        <sourceSystem>
          <code>0</code>
          <name>Senate</name>
        </sourceSystem>
        <text>Referred to the Committee on Rules and Administration.</text>
        <type>IntroReferral</type>
      </item>
      <item>
        <actionDate>2013-09-19</actionDate>
        <committee>
          <name>Aging Committee</name>
          <systemCode>spag00</systemCode>
        </committee>
        <links>
          <link>
            <name>S6661</name>
            <url>/congressional-record/2013/senate-section/page/S6661</url>
          </link>
        </links>
        <sourceSystem>
          <code>0</code>
          <name>Senate</name>
        </sourceSystem>
        <text>Special Committee on Aging. Original measure reported to Senate by Senator Nelson. Without written report. (text of measure as reported in Senate: CR S6661)</text>
        <type>Committee</type>
      </item>
      <item>
        <sourceSystem>
          <code>9</code>
          <name>Library of Congress</name>
        </sourceSystem>
        <type>Committee</type>
        <actionDate>2013-09-19</actionDate>
        <text>Special Committee on Aging. Original measure reported to Senate by Senator Nelson. Without written report.(text of measure as reported in Senate: CR S6661)</text>
        <committee>
          <name>Aging Committee</name>
          <systemCode>spag00</systemCode>
        </committee>
        <actionCode>14000</actionCode>
        <links>
          <link>
            <name>S6661</name>
            <url>/congressional-record/2013/senate-section/page/S6661</url>
          </link>
        </links>
      </item>
      <item>
        <sourceSystem>
          <code>9</code>
          <name>Library of Congress</name>
        </sourceSystem>
        <type>IntroReferral</type>
        <actionDate>2013-09-19</actionDate>
        <text>Introduced in Senate</text>
        <committee />
        <actionCode>10000</actionCode>
        <links />
      </item>
    </actions>
    <titles>
      <item>
        <title>An original resolution authorizing expenditures by the Special Committee on Aging.</title>
        <titleType>Official Title as Introduced</titleType>
        <parentTitleType />
        <chamberName />
        <chamberCode />
      </item>
      <item>
        <title>An original resolution authorizing expenditures by the Special Committee on Aging.</title>
        <titleType>Display Title</titleType>
        <parentTitleType />
        <chamberName />
        <chamberCode />
      </item>
    </titles>
    <billType>SRES</billType>
    <relatedBills>
      <item>
        <number>49</number>
        <type>SRES</type>
        <congress>113</congress>
        <relationshipDetails>
          <item>
            <type>Related bill</type>
            <identifiedBy>CRS</identifiedBy>
          </item>
        </relationshipDetails>
        <latestAction>
          <actionDate>2013-02-26</actionDate>
          <text>Referred to the Committee on Rules and Administration.</text>
        </latestAction>
        <latestTitle>An original resolution authorizing expenditures by the Special Committee on Aging.</latestTitle>
      </item>
    </relatedBills>
    <committees>
      <billCommittees>
        <item>
          <subcommittees />
          <name>Rules and Administration Committee</name>
          <type>Standing</type>
          <activities>
            <item>
              <name>Referred to</name>
              <date>2013-09-19T17:38:14Z</date>
            </item>
          </activities>
          <chamber>Senate</chamber>
          <systemCode>ssra00</systemCode>
        </item>
        <item>
          <subcommittees />
          <name>Aging Committee</name>
          <type>Special</type>
          <activities>
            <item>
              <name>Reported original measure</name>
              <date>2013-09-19T17:38:02Z</date>
            </item>
          </activities>
          <chamber>Senate</chamber>
          <systemCode>spag00</systemCode>
        </item>
      </billCommittees>
    </committees>
  </bill>
  <dublinCore xmlns:dc="http://purl.org/dc/elements/1.1/">
    <dc:format>text/xml</dc:format>
    <dc:language>EN</dc:language>
    <dc:rights>Pursuant to Title 17 Section 105 of the United States Code, this file is not subject to copyright protection and is in the public domain.</dc:rights>
    <dc:contributor>Congressional Research Service, Library of Congress</dc:contributor>
    <dc:description>This file contains bill summaries and statuses for federal legislation. A bill summary describes the most significant provisions of a piece of legislation and details the effects the legislative text may have on current law and federal programs. Bill summaries are authored by the Congressional Research Service (CRS) of the Library of Congress. As stated in Public Law 91-510 (2 USC 166 (d)(6)), one of the duties of CRS is "to prepare summaries and digests of bills and resolutions of a public general nature introduced in the Senate or House of Representatives". For more information, refer to the User Guide that accompanies this file.</dc:description>
  </dublinCore>
</billStatus>

