<?xml version="1.0" encoding="UTF-8"?>
<billStatus>
  <bill>
    <summaries>
      <billSummaries>
        <item>
          <versionCode>00</versionCode>
          <text><![CDATA[<p>Recognizes Black History Month as an opportunity to reflect on U.S. history and recognize the contributions of African Americans. </p> <p>Recognizes the injustices that African Americans have endured and commends the African-American community for overcoming those injustices and changing the course and nature of history by forging the fight for equality.</p> <p>Calls for the United States to: (1) move forward as one nation, indivisible, with liberty and justice for all; and (2) honor the contribution of pioneers who helped to ensure its legacy.</p>]]></text>
          <updateDate>2013-02-13T05:00:00Z</updateDate>
          <lastSummaryUpdateDate>2014-03-07T19:14:57Z</lastSummaryUpdateDate>
          <actionDate>2013-02-13</actionDate>
          <actionDesc>Introduced in Senate</actionDesc>
          <name>Introduced in Senate</name>
        </item>
        <item>
          <versionCode>82</versionCode>
          <text><![CDATA[<p><b>(This measure has not been amended since it was introduced. The summary of that version is repeated here.)</b></p> <p>Recognizes Black History Month as an opportunity to reflect on U.S. history and recognize the contributions of African Americans. </p> <p>Recognizes the injustices that African Americans have endured and commends the African-American community for overcoming those injustices and changing the course and nature of history by forging the fight for equality.</p> <p>Calls for the United States to: (1) move forward as one nation, indivisible, with liberty and justice for all; and (2) honor the contribution of pioneers who helped to ensure its legacy.</p>]]></text>
          <updateDate>2013-02-13T19:46:08Z</updateDate>
          <lastSummaryUpdateDate>2014-03-07T19:16:39Z</lastSummaryUpdateDate>
          <actionDate>2013-02-13</actionDate>
          <actionDesc>Passed Senate without amendment</actionDesc>
          <name>Passed Senate without amendment</name>
        </item>
      </billSummaries>
    </summaries>
    <sponsors>
      <item>
        <bioguideId>G000555</bioguideId>
        <fullName>Sen. Gillibrand, Kirsten E. [D-NY]</fullName>
        <byRequestType />
        <lastName>Gillibrand</lastName>
        <firstName>Kirsten</firstName>
        <middleName>E.</middleName>
        <identifiers>
          <bioguideId>G000555</bioguideId>
          <lisID>1866</lisID>
          <gpoId>8336</gpoId>
        </identifiers>
      </item>
    </sponsors>
    <latestAction>
      <links />
      <actionDate>2013-02-13</actionDate>
      <text>Submitted in the Senate, considered, and agreed to without amendment and with a preamble by Unanimous Consent. (consideration: CR S717-718; text as passed Senate: CR S716)</text>
    </latestAction>
    <congress>113</congress>
    <billNumber>31</billNumber>
    <cboCostEstimates />
    <calendarNumbers />
    <billType>SRES</billType>
    <committees>
      <billCommittees />
    </committees>
    <recordedVotes />
    <titles>
      <item>
        <chamberName />
        <chamberCode />
        <parentTitleType />
        <titleType>Official Title as Introduced</titleType>
        <title>A resolution celebrating Black History Month.</title>
      </item>
      <item>
        <chamberName />
        <chamberCode />
        <parentTitleType />
        <titleType>Display Title</titleType>
        <title>A resolution celebrating Black History Month.</title>
      </item>
    </titles>
    <laws />
    <originChamber>Senate</originChamber>
    <createDate>2013-02-14T07:00:52Z</createDate>
    <notes />
    <updateDate>2016-10-25T16:18:09Z</updateDate>
    <policyArea>
      <name>Civil Rights and Liberties, Minority Issues</name>
    </policyArea>
    <title>A resolution celebrating Black History Month.</title>
    <committeeReports />
    <subjects>
      <billSubjects>
        <policyArea>
          <name>Civil Rights and Liberties, Minority Issues</name>
        </policyArea>
        <legislativeSubjects>
          <item>
            <name>Commemorative events and holidays</name>
          </item>
          <item>
            <name>Ethnic studies</name>
          </item>
          <item>
            <name>Racial and ethnic relations</name>
          </item>
          <item>
            <name>U.S. history</name>
          </item>
        </legislativeSubjects>
      </billSubjects>
    </subjects>
    <relatedBills>
      <item>
        <type>SRES</type>
        <latestTitle>A resolution celebrating Black History Month.</latestTitle>
        <number>363</number>
        <latestAction>
          <actionDate>2014-02-26</actionDate>
          <text>Submitted in the Senate, considered, and agreed to without amendment and with a preamble by Unanimous Consent. (consideration: CR S1185-1186; text as passed Senate: CR S1177)</text>
        </latestAction>
        <congress>113</congress>
        <relationshipDetails>
          <item>
            <type>Related bill</type>
            <identifiedBy>CRS</identifiedBy>
          </item>
        </relationshipDetails>
      </item>
    </relatedBills>
    <introducedDate>2013-02-13</introducedDate>
    <amendments />
    <actions>
      <actionByCounts>
        <senate>3</senate>
      </actionByCounts>
      <actionTypeCounts>
        <passedOrAgreedToInSenateDayOf>1</passedOrAgreedToInSenateDayOf>
        <passedAgreedToInSenate>1</passedAgreedToInSenate>
        <introducedInSenate>1</introducedInSenate>
      </actionTypeCounts>
      <item>
        <actionDate>2013-02-13</actionDate>
        <committee />
        <links>
          <link>
            <name>S717-718</name>
            <url>/congressional-record/2013/senate-section/page/S717-718</url>
          </link>
          <link>
            <name>S716</name>
            <url>/congressional-record/2013/senate-section/page/S716</url>
          </link>
        </links>
        <sourceSystem>
          <code>0</code>
          <name>Senate</name>
        </sourceSystem>
        <text>Submitted in the Senate, considered, and agreed to without amendment and with a preamble by Unanimous Consent. (consideration: CR S717-718; text as passed Senate: CR S716)</text>
        <type>Floor</type>
      </item>
      <item>
        <sourceSystem>
          <code>9</code>
          <name>Library of Congress</name>
        </sourceSystem>
        <type>Floor</type>
        <actionDate>2013-02-13</actionDate>
        <text>Passed/agreed to in Senate: Submitted in the Senate, considered, and agreed to without amendment and with a preamble by Unanimous Consent.(consideration: CR S717-718; text as passed Senate: CR S716)</text>
        <committee />
        <actionCode>17000</actionCode>
        <links>
          <link>
            <name>S717-718</name>
            <url>/congressional-record/2013/senate-section/page/S717-718</url>
          </link>
          <link>
            <name>S716</name>
            <url>/congressional-record/2013/senate-section/page/S716</url>
          </link>
        </links>
      </item>
      <item>
        <sourceSystem>
          <code>9</code>
          <name>Library of Congress</name>
        </sourceSystem>
        <type>IntroReferral</type>
        <actionDate>2013-02-13</actionDate>
        <text>Introduced in Senate</text>
        <committee />
        <actionCode>10000</actionCode>
        <links />
      </item>
    </actions>
    <cosponsors>
      <item>
        <firstName>BARBARA</firstName>
        <fullName>Sen. Mikulski, Barbara A. [D-MD]</fullName>
        <identifiers>
          <gpoId>8240</gpoId>
          <bioguideId>M000702</bioguideId>
          <lisID>802</lisID>
        </identifiers>
        <bioguideId>M000702</bioguideId>
        <sponsorshipWithdrawnDate />
        <middleName>ANN</middleName>
        <isOriginalCosponsor>True</isOriginalCosponsor>
        <sponsorshipDate>2013-02-13</sponsorshipDate>
        <lastName>MIKULSKI</lastName>
      </item>
      <item>
        <firstName>Al</firstName>
        <fullName>Sen. Franken, Al [D-MN]</fullName>
        <identifiers>
          <gpoId>8339</gpoId>
          <lisID>1969</lisID>
          <bioguideId>F000457</bioguideId>
        </identifiers>
        <bioguideId>F000457</bioguideId>
        <sponsorshipWithdrawnDate />
        <middleName />
        <isOriginalCosponsor>True</isOriginalCosponsor>
        <sponsorshipDate>2013-02-13</sponsorshipDate>
        <lastName>Franken</lastName>
      </item>
      <item>
        <firstName>MARY</firstName>
        <fullName>Sen. Landrieu, Mary L. [D-LA]</fullName>
        <identifiers>
          <bioguideId>L000550</bioguideId>
          <lisID>1546</lisID>
          <gpoId>8251</gpoId>
        </identifiers>
        <bioguideId>L000550</bioguideId>
        <sponsorshipWithdrawnDate />
        <middleName />
        <isOriginalCosponsor>True</isOriginalCosponsor>
        <sponsorshipDate>2013-02-13</sponsorshipDate>
        <lastName>LANDRIEU</lastName>
      </item>
      <item>
        <firstName>BARBARA</firstName>
        <fullName>Sen. Boxer, Barbara [D-CA]</fullName>
        <identifiers>
          <lisID>116</lisID>
          <bioguideId>B000711</bioguideId>
          <gpoId>8306</gpoId>
        </identifiers>
        <bioguideId>B000711</bioguideId>
        <sponsorshipWithdrawnDate />
        <middleName />
        <isOriginalCosponsor>True</isOriginalCosponsor>
        <sponsorshipDate>2013-02-13</sponsorshipDate>
        <lastName>BOXER</lastName>
      </item>
      <item>
        <firstName>BENJAMIN</firstName>
        <fullName>Sen. Cardin, Benjamin L. [D-MD]</fullName>
        <identifiers>
          <gpoId>8287</gpoId>
          <bioguideId>C000141</bioguideId>
          <lisID>174</lisID>
        </identifiers>
        <bioguideId>C000141</bioguideId>
        <sponsorshipWithdrawnDate />
        <middleName>L.</middleName>
        <isOriginalCosponsor>True</isOriginalCosponsor>
        <sponsorshipDate>2013-02-13</sponsorshipDate>
        <lastName>CARDIN</lastName>
      </item>
      <item>
        <firstName>Sheldon</firstName>
        <fullName>Sen. Whitehouse, Sheldon [D-RI]</fullName>
        <identifiers>
          <bioguideId>W000802</bioguideId>
          <lisID>1823</lisID>
          <gpoId>8264</gpoId>
        </identifiers>
        <bioguideId>W000802</bioguideId>
        <sponsorshipWithdrawnDate />
        <middleName />
        <isOriginalCosponsor>True</isOriginalCosponsor>
        <sponsorshipDate>2013-02-13</sponsorshipDate>
        <lastName>Whitehouse</lastName>
      </item>
      <item>
        <firstName>Thad</firstName>
        <fullName>Sen. Cochran, Thad [R-MS]</fullName>
        <identifiers>
          <bioguideId>C000567</bioguideId>
          <lisID>213</lisID>
          <gpoId>8292</gpoId>
        </identifiers>
        <bioguideId>C000567</bioguideId>
        <sponsorshipWithdrawnDate />
        <middleName />
        <isOriginalCosponsor>True</isOriginalCosponsor>
        <sponsorshipDate>2013-02-13</sponsorshipDate>
        <lastName>Cochran</lastName>
      </item>
      <item>
        <firstName>CARL</firstName>
        <fullName>Sen. Levin, Carl [D-MI]</fullName>
        <identifiers>
          <bioguideId>L000261</bioguideId>
          <lisID>1384</lisID>
          <gpoId>8243</gpoId>
        </identifiers>
        <bioguideId>L000261</bioguideId>
        <sponsorshipWithdrawnDate />
        <middleName>MILTON</middleName>
        <isOriginalCosponsor>True</isOriginalCosponsor>
        <sponsorshipDate>2013-02-13</sponsorshipDate>
        <lastName>LEVIN</lastName>
      </item>
      <item>
        <firstName>ROBERT</firstName>
        <fullName>Sen. Menendez, Robert [D-NJ]</fullName>
        <identifiers>
          <gpoId>8239</gpoId>
          <lisID>791</lisID>
          <bioguideId>M000639</bioguideId>
        </identifiers>
        <bioguideId>M000639</bioguideId>
        <sponsorshipWithdrawnDate />
        <middleName />
        <isOriginalCosponsor>True</isOriginalCosponsor>
        <sponsorshipDate>2013-02-13</sponsorshipDate>
        <lastName>MENENDEZ</lastName>
      </item>
      <item>
        <firstName>FRANK</firstName>
        <fullName>Sen. Lautenberg, Frank R. [D-NJ]</fullName>
        <identifiers>
          <lisID>1381</lisID>
          <gpoId>8245</gpoId>
          <bioguideId>L000123</bioguideId>
        </identifiers>
        <bioguideId>L000123</bioguideId>
        <sponsorshipWithdrawnDate />
        <middleName>R.</middleName>
        <isOriginalCosponsor>True</isOriginalCosponsor>
        <sponsorshipDate>2013-02-13</sponsorshipDate>
        <lastName>LAUTENBERG</lastName>
      </item>
      <item>
        <firstName>Christopher</firstName>
        <fullName>Sen. Coons, Christopher A. [D-DE]</fullName>
        <identifiers>
          <bioguideId>C001088</bioguideId>
          <lisID>1984</lisID>
          <gpoId>8297</gpoId>
        </identifiers>
        <bioguideId>C001088</bioguideId>
        <sponsorshipWithdrawnDate />
        <middleName>A.</middleName>
        <isOriginalCosponsor>True</isOriginalCosponsor>
        <sponsorshipDate>2013-02-13</sponsorshipDate>
        <lastName>Coons</lastName>
      </item>
      <item>
        <firstName>Brian</firstName>
        <fullName>Sen. Schatz, Brian [D-HI]</fullName>
        <identifiers>
          <bioguideId>S001194</bioguideId>
          <lisID>2173</lisID>
          <gpoId />
        </identifiers>
        <bioguideId>S001194</bioguideId>
        <sponsorshipWithdrawnDate />
        <middleName />
        <isOriginalCosponsor>True</isOriginalCosponsor>
        <sponsorshipDate>2013-02-13</sponsorshipDate>
        <lastName>Schatz</lastName>
      </item>
      <item>
        <firstName>Mark</firstName>
        <fullName>Sen. Begich, Mark [D-AK]</fullName>
        <identifiers>
          <lisID>1898</lisID>
          <bioguideId>B001265</bioguideId>
          <gpoId>8301</gpoId>
        </identifiers>
        <bioguideId>B001265</bioguideId>
        <sponsorshipWithdrawnDate />
        <middleName />
        <isOriginalCosponsor>True</isOriginalCosponsor>
        <sponsorshipDate>2013-02-13</sponsorshipDate>
        <lastName>Begich</lastName>
      </item>
      <item>
        <firstName>Joe</firstName>
        <fullName>Sen. Manchin, Joe, III [D-WV]</fullName>
        <identifiers>
          <bioguideId>M001183</bioguideId>
          <lisID>1983</lisID>
          <gpoId>8256</gpoId>
        </identifiers>
        <bioguideId>M001183</bioguideId>
        <sponsorshipWithdrawnDate />
        <middleName />
        <isOriginalCosponsor>True</isOriginalCosponsor>
        <sponsorshipDate>2013-02-13</sponsorshipDate>
        <lastName>Manchin</lastName>
      </item>
      <item>
        <firstName>Kay</firstName>
        <fullName>Sen. Hagan, Kay [D-NC]</fullName>
        <identifiers>
          <bioguideId>H001049</bioguideId>
          <lisID>1902</lisID>
          <gpoId>8318</gpoId>
        </identifiers>
        <bioguideId>H001049</bioguideId>
        <sponsorshipWithdrawnDate />
        <middleName>R.</middleName>
        <isOriginalCosponsor>True</isOriginalCosponsor>
        <sponsorshipDate>2013-02-13</sponsorshipDate>
        <lastName>Hagan</lastName>
      </item>
      <item>
        <firstName>Jeanne</firstName>
        <fullName>Sen. Shaheen, Jeanne [D-NH]</fullName>
        <identifiers>
          <bioguideId>S001181</bioguideId>
          <lisID>1901</lisID>
          <gpoId>8276</gpoId>
        </identifiers>
        <bioguideId>S001181</bioguideId>
        <sponsorshipWithdrawnDate />
        <middleName />
        <isOriginalCosponsor>True</isOriginalCosponsor>
        <sponsorshipDate>2013-02-13</sponsorshipDate>
        <lastName>Shaheen</lastName>
      </item>
      <item>
        <firstName>Bob</firstName>
        <fullName>Sen. Casey, Robert P., Jr. [D-PA]</fullName>
        <identifiers>
          <bioguideId>C001070</bioguideId>
          <lisID>1828</lisID>
          <gpoId>8282</gpoId>
        </identifiers>
        <bioguideId>C001070</bioguideId>
        <sponsorshipWithdrawnDate />
        <middleName />
        <isOriginalCosponsor>True</isOriginalCosponsor>
        <sponsorshipDate>2013-02-13</sponsorshipDate>
        <lastName>Casey</lastName>
      </item>
      <item>
        <firstName>SHERROD</firstName>
        <fullName>Sen. Brown, Sherrod [D-OH]</fullName>
        <identifiers>
          <lisID>136</lisID>
          <gpoId>8309</gpoId>
          <bioguideId>B000944</bioguideId>
        </identifiers>
        <bioguideId>B000944</bioguideId>
        <sponsorshipWithdrawnDate />
        <middleName />
        <isOriginalCosponsor>True</isOriginalCosponsor>
        <sponsorshipDate>2013-02-13</sponsorshipDate>
        <lastName>BROWN</lastName>
      </item>
      <item>
        <firstName>ROGER</firstName>
        <fullName>Sen. Wicker, Roger F. [R-MS]</fullName>
        <identifiers>
          <bioguideId>W000437</bioguideId>
          <lisID>1226</lisID>
          <gpoId>8263</gpoId>
        </identifiers>
        <bioguideId>W000437</bioguideId>
        <sponsorshipWithdrawnDate />
        <middleName>F.</middleName>
        <isOriginalCosponsor>True</isOriginalCosponsor>
        <sponsorshipDate>2013-02-13</sponsorshipDate>
        <lastName>WICKER</lastName>
      </item>
      <item>
        <firstName>MARK</firstName>
        <fullName>Sen. Udall, Mark [D-CO]</fullName>
        <identifiers>
          <bioguideId>U000038</bioguideId>
          <lisID>1595</lisID>
          <gpoId>8259</gpoId>
        </identifiers>
        <bioguideId>U000038</bioguideId>
        <sponsorshipWithdrawnDate />
        <middleName />
        <isOriginalCosponsor>True</isOriginalCosponsor>
        <sponsorshipDate>2013-02-13</sponsorshipDate>
        <lastName>UDALL</lastName>
      </item>
      <item>
        <firstName>CLARENCE</firstName>
        <fullName>Sen. Nelson, Bill [D-FL]</fullName>
        <identifiers>
          <gpoId>8236</gpoId>
          <lisID>859</lisID>
          <bioguideId>N000032</bioguideId>
        </identifiers>
        <bioguideId>N000032</bioguideId>
        <sponsorshipWithdrawnDate />
        <middleName>WILLIAM</middleName>
        <isOriginalCosponsor>True</isOriginalCosponsor>
        <sponsorshipDate>2013-02-13</sponsorshipDate>
        <lastName>NELSON</lastName>
      </item>
      <item>
        <firstName>CHARLES</firstName>
        <fullName>Sen. Schumer, Charles E. [D-NY]</fullName>
        <identifiers>
          <gpoId>8279</gpoId>
          <bioguideId>S000148</bioguideId>
          <lisID>1036</lisID>
        </identifiers>
        <bioguideId>S000148</bioguideId>
        <sponsorshipWithdrawnDate />
        <middleName>E.</middleName>
        <isOriginalCosponsor>True</isOriginalCosponsor>
        <sponsorshipDate>2013-02-13</sponsorshipDate>
        <lastName>SCHUMER</lastName>
      </item>
      <item>
        <firstName>Mark</firstName>
        <fullName>Sen. Pryor, Mark L. [D-AR]</fullName>
        <identifiers>
          <lisID>1701</lisID>
          <bioguideId>P000590</bioguideId>
          <gpoId>8241</gpoId>
        </identifiers>
        <bioguideId>P000590</bioguideId>
        <sponsorshipWithdrawnDate />
        <middleName>Lunsford</middleName>
        <isOriginalCosponsor>True</isOriginalCosponsor>
        <sponsorshipDate>2013-02-13</sponsorshipDate>
        <lastName>Pryor</lastName>
      </item>
      <item>
        <firstName>MARIA</firstName>
        <fullName>Sen. Cantwell, Maria [D-WA]</fullName>
        <identifiers>
          <lisID>172</lisID>
          <bioguideId>C000127</bioguideId>
          <gpoId>8288</gpoId>
        </identifiers>
        <bioguideId>C000127</bioguideId>
        <sponsorshipWithdrawnDate />
        <middleName />
        <isOriginalCosponsor>True</isOriginalCosponsor>
        <sponsorshipDate>2013-02-13</sponsorshipDate>
        <lastName>CANTWELL</lastName>
      </item>
      <item>
        <firstName>ROB</firstName>
        <fullName>Sen. Portman, Rob [R-OH]</fullName>
        <identifiers>
          <gpoId>8266</gpoId>
          <lisID>924</lisID>
          <bioguideId>P000449</bioguideId>
        </identifiers>
        <bioguideId>P000449</bioguideId>
        <sponsorshipWithdrawnDate />
        <middleName />
        <isOriginalCosponsor>True</isOriginalCosponsor>
        <sponsorshipDate>2013-02-13</sponsorshipDate>
        <lastName>PORTMAN</lastName>
      </item>
      <item>
        <firstName>Johnny</firstName>
        <fullName>Sen. Isakson, Johnny [R-GA]</fullName>
        <identifiers>
          <gpoId>8323</gpoId>
          <bioguideId>I000055</bioguideId>
          <lisID>1608</lisID>
        </identifiers>
        <bioguideId>I000055</bioguideId>
        <sponsorshipWithdrawnDate />
        <middleName />
        <isOriginalCosponsor>True</isOriginalCosponsor>
        <sponsorshipDate>2013-02-13</sponsorshipDate>
        <lastName>Isakson</lastName>
      </item>
      <item>
        <firstName>RON</firstName>
        <fullName>Sen. Wyden, Ron [D-OR]</fullName>
        <identifiers>
          <gpoId>8265</gpoId>
          <bioguideId>W000779</bioguideId>
          <lisID>1247</lisID>
        </identifiers>
        <bioguideId>W000779</bioguideId>
        <sponsorshipWithdrawnDate />
        <middleName />
        <isOriginalCosponsor>True</isOriginalCosponsor>
        <sponsorshipDate>2013-02-13</sponsorshipDate>
        <lastName>WYDEN</lastName>
      </item>
      <item>
        <firstName>Mark</firstName>
        <fullName>Sen. Warner, Mark R. [D-VA]</fullName>
        <identifiers>
          <bioguideId>W000805</bioguideId>
          <lisID>1897</lisID>
          <gpoId>8269</gpoId>
        </identifiers>
        <bioguideId>W000805</bioguideId>
        <sponsorshipWithdrawnDate />
        <middleName>R.</middleName>
        <isOriginalCosponsor>True</isOriginalCosponsor>
        <sponsorshipDate>2013-02-13</sponsorshipDate>
        <lastName>Warner</lastName>
      </item>
      <item>
        <firstName>Jeff</firstName>
        <fullName>Sen. Merkley, Jeff [D-OR]</fullName>
        <identifiers>
          <lisID>1900</lisID>
          <bioguideId>M001176</bioguideId>
          <gpoId>8238</gpoId>
        </identifiers>
        <bioguideId>M001176</bioguideId>
        <sponsorshipWithdrawnDate />
        <middleName />
        <isOriginalCosponsor>True</isOriginalCosponsor>
        <sponsorshipDate>2013-02-13</sponsorshipDate>
        <lastName>Merkley</lastName>
      </item>
      <item>
        <firstName>RICHARD</firstName>
        <fullName>Sen. Durbin, Richard [D-IL]</fullName>
        <identifiers>
          <lisID>326</lisID>
          <bioguideId>D000563</bioguideId>
          <gpoId>8326</gpoId>
        </identifiers>
        <bioguideId>D000563</bioguideId>
        <sponsorshipWithdrawnDate />
        <middleName>J.</middleName>
        <isOriginalCosponsor>True</isOriginalCosponsor>
        <sponsorshipDate>2013-02-13</sponsorshipDate>
        <lastName>DURBIN</lastName>
      </item>
      <item>
        <firstName>Claire</firstName>
        <fullName>Sen. McCaskill, Claire [D-MO]</fullName>
        <identifiers>
          <lisID>1820</lisID>
          <bioguideId>M001170</bioguideId>
          <gpoId>8252</gpoId>
        </identifiers>
        <bioguideId>M001170</bioguideId>
        <sponsorshipWithdrawnDate />
        <middleName />
        <isOriginalCosponsor>True</isOriginalCosponsor>
        <sponsorshipDate>2013-02-13</sponsorshipDate>
        <lastName>McCaskill</lastName>
      </item>
      <item>
        <firstName>DEBORAH</firstName>
        <fullName>Sen. Stabenow, Debbie [D-MI]</fullName>
        <identifiers>
          <gpoId>8261</gpoId>
          <bioguideId>S000770</bioguideId>
          <lisID>1531</lisID>
        </identifiers>
        <bioguideId>S000770</bioguideId>
        <sponsorshipWithdrawnDate />
        <middleName>ANN</middleName>
        <isOriginalCosponsor>True</isOriginalCosponsor>
        <sponsorshipDate>2013-02-13</sponsorshipDate>
        <lastName>STABENOW</lastName>
      </item>
      <item>
        <firstName>DIANNE</firstName>
        <fullName>Sen. Feinstein, Dianne [D-CA]</fullName>
        <identifiers>
          <gpoId>8338</gpoId>
          <lisID>1332</lisID>
          <bioguideId>F000062</bioguideId>
        </identifiers>
        <bioguideId>F000062</bioguideId>
        <sponsorshipWithdrawnDate />
        <middleName />
        <isOriginalCosponsor>True</isOriginalCosponsor>
        <sponsorshipDate>2013-02-13</sponsorshipDate>
        <lastName>FEINSTEIN</lastName>
      </item>
      <item>
        <firstName>William "Mo"</firstName>
        <fullName>Sen. Cowan, William M. [D-MA]</fullName>
        <identifiers>
          <lisID>2189</lisID>
          <bioguideId>C001099</bioguideId>
          <gpoId />
        </identifiers>
        <bioguideId>C001099</bioguideId>
        <sponsorshipWithdrawnDate />
        <middleName />
        <isOriginalCosponsor>True</isOriginalCosponsor>
        <sponsorshipDate>2013-02-13</sponsorshipDate>
        <lastName>Cowan</lastName>
      </item>
      <item>
        <firstName>JOHN</firstName>
        <fullName>Sen. Reed, Jack [D-RI]</fullName>
        <identifiers>
          <lisID>949</lisID>
          <bioguideId>R000122</bioguideId>
          <gpoId>8272</gpoId>
        </identifiers>
        <bioguideId>R000122</bioguideId>
        <sponsorshipWithdrawnDate />
        <middleName>F.</middleName>
        <isOriginalCosponsor>True</isOriginalCosponsor>
        <sponsorshipDate>2013-02-13</sponsorshipDate>
        <lastName>REED</lastName>
      </item>
    </cosponsors>
  </bill>
  <dublinCore xmlns:dc="http://purl.org/dc/elements/1.1/">
    <dc:format>text/xml</dc:format>
    <dc:language>EN</dc:language>
    <dc:rights>Pursuant to Title 17 Section 105 of the United States Code, this file is not subject to copyright protection and is in the public domain.</dc:rights>
    <dc:contributor>Congressional Research Service, Library of Congress</dc:contributor>
    <dc:description>This file contains bill summaries and statuses for federal legislation. A bill summary describes the most significant provisions of a piece of legislation and details the effects the legislative text may have on current law and federal programs. Bill summaries are authored by the Congressional Research Service (CRS) of the Library of Congress. As stated in Public Law 91-510 (2 USC 166 (d)(6)), one of the duties of CRS is "to prepare summaries and digests of bills and resolutions of a public general nature introduced in the Senate or House of Representatives". For more information, refer to the User Guide that accompanies this file.</dc:description>
  </dublinCore>
</billStatus>

