<?xml version="1.0" encoding="UTF-8"?>
<billStatus>
  <bill>
    <actions>
      <item>
        <actionDate>2014-04-02</actionDate>
        <committee />
        <links>
          <link>
            <name>S2096-2097</name>
            <url>/congressional-record/2014/senate-section/page/S2096-2097</url>
          </link>
        </links>
        <sourceSystem>
          <name>Senate</name>
          <code>0</code>
        </sourceSystem>
        <text>Submitted in the Senate, considered, and agreed to without amendment and with a preamble by Unanimous Consent. (consideration: CR S2134; text as passed Senate: CR S2096-2097)</text>
        <type>Floor</type>
      </item>
      <item>
        <actionDate>2014-04-02</actionDate>
        <committee />
        <actionCode>17000</actionCode>
        <links>
          <link>
            <name>S2096-2097</name>
            <url>/congressional-record/2014/senate-section/page/S2096-2097</url>
          </link>
        </links>
        <type>Floor</type>
        <sourceSystem>
          <name>Library of Congress</name>
          <code>9</code>
        </sourceSystem>
        <text>Passed/agreed to in Senate: Submitted in the Senate, considered, and agreed to without amendment and with a preamble by Unanimous Consent.(consideration: CR S2134; text as passed Senate: CR S2096-2097)</text>
      </item>
      <item>
        <actionDate>2014-04-02</actionDate>
        <committee />
        <actionCode>10000</actionCode>
        <links />
        <type>IntroReferral</type>
        <sourceSystem>
          <name>Library of Congress</name>
          <code>9</code>
        </sourceSystem>
        <text>Introduced in Senate</text>
      </item>
      <actionByCounts>
        <senate>3</senate>
      </actionByCounts>
      <actionTypeCounts>
        <introducedInSenate>1</introducedInSenate>
        <passedOrAgreedToInSenateDayOf>1</passedOrAgreedToInSenateDayOf>
        <passedAgreedToInSenate>1</passedAgreedToInSenate>
      </actionTypeCounts>
    </actions>
    <title>A resolution congratulating the Penn State University wrestling team for winning the 2014 National Collegiate Athletic Association Wrestling Championships.</title>
    <cosponsors>
      <item>
        <lastName>Toomey</lastName>
        <sponsorshipDate>2014-04-02</sponsorshipDate>
        <firstName>Pat</firstName>
        <identifiers>
          <gpoId />
          <bioguideId>T000461</bioguideId>
          <lisID>1594</lisID>
        </identifiers>
        <isOriginalCosponsor>True</isOriginalCosponsor>
        <bioguideId>T000461</bioguideId>
        <fullName>Sen. Toomey, Pat [R-PA]</fullName>
        <middleName />
        <sponsorshipWithdrawnDate />
      </item>
    </cosponsors>
    <sponsors>
      <item>
        <middleName />
        <firstName>Bob</firstName>
        <byRequestType />
        <bioguideId>C001070</bioguideId>
        <fullName>Sen. Casey, Robert P., Jr. [D-PA]</fullName>
        <lastName>Casey</lastName>
        <identifiers>
          <gpoId>8282</gpoId>
          <lisID>1828</lisID>
          <bioguideId>C001070</bioguideId>
        </identifiers>
      </item>
    </sponsors>
    <subjects>
      <billSubjects>
        <policyArea>
          <name>Sports and Recreation</name>
        </policyArea>
        <legislativeSubjects>
          <item>
            <name>Athletes</name>
          </item>
          <item>
            <name>Congressional tributes</name>
          </item>
          <item>
            <name>Higher education</name>
          </item>
          <item>
            <name>Pennsylvania</name>
          </item>
          <item>
            <name>School athletics</name>
          </item>
        </legislativeSubjects>
      </billSubjects>
    </subjects>
    <updateDate>2016-10-25T16:19:05Z</updateDate>
    <originChamber>Senate</originChamber>
    <titles>
      <item>
        <title>A resolution congratulating the Penn State University wrestling team for winning the 2014 National Collegiate Athletic Association Wrestling Championships.</title>
        <parentTitleType />
        <chamberName />
        <chamberCode />
        <titleType>Official Title as Introduced</titleType>
      </item>
      <item>
        <title>A resolution congratulating the Penn State University wrestling team for winning the 2014 National Collegiate Athletic Association Wrestling Championships.</title>
        <parentTitleType />
        <chamberName />
        <chamberCode />
        <titleType>Display Title</titleType>
      </item>
    </titles>
    <createDate>2014-04-03T07:13:04Z</createDate>
    <congress>113</congress>
    <introducedDate>2014-04-02</introducedDate>
    <latestAction>
      <links />
      <actionDate>2014-04-02</actionDate>
      <text>Submitted in the Senate, considered, and agreed to without amendment and with a preamble by Unanimous Consent. (consideration: CR S2134; text as passed Senate: CR S2096-2097)</text>
    </latestAction>
    <laws />
    <relatedBills />
    <notes />
    <recordedVotes />
    <cboCostEstimates />
    <policyArea>
      <name>Sports and Recreation</name>
    </policyArea>
    <billNumber>409</billNumber>
    <billType>SRES</billType>
    <committees>
      <billCommittees />
    </committees>
    <amendments />
    <summaries>
      <billSummaries>
        <item>
          <actionDesc>Introduced in Senate</actionDesc>
          <actionDate>2014-04-02</actionDate>
          <updateDate>2014-04-02T04:00:00Z</updateDate>
          <versionCode>00</versionCode>
          <lastSummaryUpdateDate>2014-05-03T16:45:31Z</lastSummaryUpdateDate>
          <name>Introduced in Senate</name>
          <text><![CDATA[<p>Congratulates the Penn State University wrestling team, coaches, and staff for winning the 2014 National Collegiate Athletic Association (NCAA) Wrestling Championships.</p>]]></text>
        </item>
        <item>
          <actionDesc>Passed Senate without amendment</actionDesc>
          <actionDate>2014-04-02</actionDate>
          <updateDate>2014-04-02T13:16:14Z</updateDate>
          <versionCode>82</versionCode>
          <lastSummaryUpdateDate>2014-05-03T16:45:43Z</lastSummaryUpdateDate>
          <name>Passed Senate without amendment</name>
          <text><![CDATA[<p><b>(This measure has not been amended since it was introduced. The summary of that version is repeated here.)</b></p> <p>Congratulates the Penn State University wrestling team, coaches, and staff for winning the 2014 National Collegiate Athletic Association (NCAA) Wrestling Championships.</p>]]></text>
        </item>
      </billSummaries>
    </summaries>
    <calendarNumbers />
    <committeeReports />
  </bill>
  <dublinCore xmlns:dc="http://purl.org/dc/elements/1.1/">
    <dc:format>text/xml</dc:format>
    <dc:language>EN</dc:language>
    <dc:rights>Pursuant to Title 17 Section 105 of the United States Code, this file is not subject to copyright protection and is in the public domain.</dc:rights>
    <dc:contributor>Congressional Research Service, Library of Congress</dc:contributor>
    <dc:description>This file contains bill summaries and statuses for federal legislation. A bill summary describes the most significant provisions of a piece of legislation and details the effects the legislative text may have on current law and federal programs. Bill summaries are authored by the Congressional Research Service (CRS) of the Library of Congress. As stated in Public Law 91-510 (2 USC 166 (d)(6)), one of the duties of CRS is "to prepare summaries and digests of bills and resolutions of a public general nature introduced in the Senate or House of Representatives". For more information, refer to the User Guide that accompanies this file.</dc:description>
  </dublinCore>
</billStatus>

