<?xml version="1.0" encoding="UTF-8"?>
<billStatus>
  <bill>
    <titles>
      <item>
        <parentTitleType />
        <title>A resolution designating the week of December 22 through December 28, 2013, as "National Toy Week".</title>
        <chamberName />
        <titleType>Official Title as Introduced</titleType>
        <chamberCode />
      </item>
      <item>
        <parentTitleType />
        <title>A resolution designating the week of December 22 through December 28, 2013, as "National Toy Week".</title>
        <chamberName />
        <titleType>Display Title</titleType>
        <chamberCode />
      </item>
    </titles>
    <introducedDate>2013-12-20</introducedDate>
    <notes />
    <calendarNumbers />
    <committees>
      <billCommittees />
    </committees>
    <sponsors>
      <item>
        <lastName>Pryor</lastName>
        <middleName>Lunsford</middleName>
        <bioguideId>P000590</bioguideId>
        <firstName>Mark</firstName>
        <byRequestType />
        <fullName>Sen. Pryor, Mark L. [D-AR]</fullName>
        <identifiers>
          <lisID>1701</lisID>
          <bioguideId>P000590</bioguideId>
          <gpoId>8241</gpoId>
        </identifiers>
      </item>
    </sponsors>
    <subjects>
      <billSubjects>
        <policyArea>
          <name>Commerce</name>
        </policyArea>
        <legislativeSubjects>
          <item>
            <name>Child care and development</name>
          </item>
          <item>
            <name>Commemorative events and holidays</name>
          </item>
          <item>
            <name>Games and hobbies</name>
          </item>
          <item>
            <name>Manufacturing</name>
          </item>
        </legislativeSubjects>
      </billSubjects>
    </subjects>
    <originChamber>Senate</originChamber>
    <createDate>2013-12-21T07:01:20Z</createDate>
    <congress>113</congress>
    <cosponsors>
      <item>
        <sponsorshipDate>2013-12-20</sponsorshipDate>
        <lastName>Boozman</lastName>
        <middleName />
        <firstName>John</firstName>
        <fullName>Sen. Boozman, John [R-AR]</fullName>
        <bioguideId>B001236</bioguideId>
        <identifiers>
          <gpoId>8247</gpoId>
          <bioguideId>B001236</bioguideId>
          <lisID>1687</lisID>
        </identifiers>
        <sponsorshipWithdrawnDate />
        <isOriginalCosponsor>True</isOriginalCosponsor>
      </item>
    </cosponsors>
    <billType>SRES</billType>
    <billNumber>325</billNumber>
    <summaries>
      <billSummaries>
        <item>
          <updateDate>2013-12-20T05:00:00Z</updateDate>
          <actionDate>2013-12-20</actionDate>
          <lastSummaryUpdateDate>2014-01-25T16:49:24Z</lastSummaryUpdateDate>
          <text><![CDATA[<p>Designates the week of December 22-December 28, 2013, as National Toy Week. </p> <p>Recognizes: (1) the necessary role of toys and play in the development of children across the United States; and (2) that, for 97 years, the toy industry has promoted fun and safe play.</p> <UL> </UL>]]></text>
          <versionCode>00</versionCode>
          <actionDesc>Introduced in Senate</actionDesc>
          <name>Introduced in Senate</name>
        </item>
        <item>
          <updateDate>2013-12-20T17:15:23Z</updateDate>
          <actionDate>2013-12-20</actionDate>
          <lastSummaryUpdateDate>2014-01-25T16:49:34Z</lastSummaryUpdateDate>
          <text><![CDATA[<p><b>(This measure has not been amended since it was introduced. The summary of that version is repeated here.)</b></p> <p>Designates the week of December 22-December 28, 2013, as National Toy Week. </p> <p>Recognizes: (1) the necessary role of toys and play in the development of children across the United States; and (2) that, for 97 years, the toy industry has promoted fun and safe play.</p> <UL> </UL>]]></text>
          <versionCode>82</versionCode>
          <actionDesc>Passed Senate without amendment</actionDesc>
          <name>Passed Senate without amendment</name>
        </item>
      </billSummaries>
    </summaries>
    <actions>
      <item>
        <actionDate>2013-12-20</actionDate>
        <committee />
        <links>
          <link>
            <name>S9108-9109</name>
            <url>/congressional-record/2013/senate-section/page/S9108-9109</url>
          </link>
          <link>
            <name>S9114-9115</name>
            <url>/congressional-record/2013/senate-section/page/S9114-9115</url>
          </link>
        </links>
        <sourceSystem>
          <code>0</code>
          <name>Senate</name>
        </sourceSystem>
        <text>Submitted in the Senate, considered, and agreed to without amendment and with a preamble by Unanimous Consent. (consideration: CR S9114-9115; text as passed Senate: CR S9108-9109)</text>
        <type>Floor</type>
      </item>
      <item>
        <sourceSystem>
          <code>9</code>
          <name>Library of Congress</name>
        </sourceSystem>
        <actionDate>2013-12-20</actionDate>
        <committee />
        <actionCode>17000</actionCode>
        <type>Floor</type>
        <links>
          <link>
            <name>S9108-9109</name>
            <url>/congressional-record/2013/senate-section/page/S9108-9109</url>
          </link>
          <link>
            <name>S9114-9115</name>
            <url>/congressional-record/2013/senate-section/page/S9114-9115</url>
          </link>
        </links>
        <text>Passed/agreed to in Senate: Submitted in the Senate, considered, and agreed to without amendment and with a preamble by Unanimous Consent.(consideration: CR S9114-9115; text as passed Senate: CR S9108-9109)</text>
      </item>
      <item>
        <sourceSystem>
          <code>9</code>
          <name>Library of Congress</name>
        </sourceSystem>
        <actionDate>2013-12-20</actionDate>
        <committee />
        <actionCode>10000</actionCode>
        <type>IntroReferral</type>
        <links />
        <text>Introduced in Senate</text>
      </item>
      <actionByCounts>
        <senate>3</senate>
      </actionByCounts>
      <actionTypeCounts>
        <introducedInSenate>1</introducedInSenate>
        <passedOrAgreedToInSenateDayOf>1</passedOrAgreedToInSenateDayOf>
        <passedAgreedToInSenate>1</passedAgreedToInSenate>
      </actionTypeCounts>
    </actions>
    <relatedBills />
    <policyArea>
      <name>Commerce</name>
    </policyArea>
    <updateDate>2016-10-25T16:18:51Z</updateDate>
    <recordedVotes />
    <cboCostEstimates />
    <latestAction>
      <text>Submitted in the Senate, considered, and agreed to without amendment and with a preamble by Unanimous Consent. (consideration: CR S9114-9115; text as passed Senate: CR S9108-9109)</text>
      <actionDate>2013-12-20</actionDate>
      <links />
    </latestAction>
    <title>A resolution designating the week of December 22 through December 28, 2013, as "National Toy Week".</title>
    <amendments />
    <laws />
    <committeeReports />
  </bill>
  <dublinCore xmlns:dc="http://purl.org/dc/elements/1.1/">
    <dc:format>text/xml</dc:format>
    <dc:language>EN</dc:language>
    <dc:rights>Pursuant to Title 17 Section 105 of the United States Code, this file is not subject to copyright protection and is in the public domain.</dc:rights>
    <dc:contributor>Congressional Research Service, Library of Congress</dc:contributor>
    <dc:description>This file contains bill summaries and statuses for federal legislation. A bill summary describes the most significant provisions of a piece of legislation and details the effects the legislative text may have on current law and federal programs. Bill summaries are authored by the Congressional Research Service (CRS) of the Library of Congress. As stated in Public Law 91-510 (2 USC 166 (d)(6)), one of the duties of CRS is "to prepare summaries and digests of bills and resolutions of a public general nature introduced in the Senate or House of Representatives". For more information, refer to the User Guide that accompanies this file.</dc:description>
  </dublinCore>
</billStatus>

