<?xml version="1.0" encoding="UTF-8"?>
<billStatus>
  <bill>
    <titles>
      <item>
        <parentTitleType />
        <title>A resolution expressing the sense of the Senate on United States policy regarding possession of enrichment and reprocessing capabilities by the Islamic Republic of Iran.</title>
        <chamberName />
        <chamberCode />
        <titleType>Official Title as Introduced</titleType>
      </item>
      <item>
        <parentTitleType />
        <title>A resolution expressing the sense of the Senate on United States policy regarding possession of enrichment and reprocessing capabilities by the Islamic Republic of Iran.</title>
        <chamberName />
        <chamberCode />
        <titleType>Display Title</titleType>
      </item>
    </titles>
    <introducedDate>2013-10-16</introducedDate>
    <notes />
    <calendarNumbers />
    <committees>
      <billCommittees>
        <item>
          <name>Foreign Relations Committee</name>
          <type>Standing</type>
          <subcommittees />
          <chamber>Senate</chamber>
          <activities>
            <item>
              <name>Referred to</name>
              <date>2013-10-16T17:10:12Z</date>
            </item>
          </activities>
          <systemCode>ssfr00</systemCode>
        </item>
      </billCommittees>
    </committees>
    <sponsors>
      <item>
        <lastName>Rubio</lastName>
        <middleName />
        <bioguideId>R000595</bioguideId>
        <firstName>Marco</firstName>
        <byRequestType />
        <fullName>Sen. Rubio, Marco [R-FL]</fullName>
        <identifiers>
          <bioguideId>R000595</bioguideId>
          <lisID>2084</lisID>
          <gpoId>8242</gpoId>
        </identifiers>
      </item>
    </sponsors>
    <subjects>
      <billSubjects>
        <policyArea>
          <name>International Affairs</name>
        </policyArea>
        <legislativeSubjects>
          <item>
            <name>Arms control and nonproliferation</name>
          </item>
          <item>
            <name>International law and treaties</name>
          </item>
          <item>
            <name>Iran</name>
          </item>
          <item>
            <name>Middle East</name>
          </item>
          <item>
            <name>Nuclear power</name>
          </item>
          <item>
            <name>Nuclear weapons</name>
          </item>
          <item>
            <name>Sanctions</name>
          </item>
          <item>
            <name>Trade restrictions</name>
          </item>
        </legislativeSubjects>
      </billSubjects>
    </subjects>
    <originChamber>Senate</originChamber>
    <createDate>2013-10-17T07:01:46Z</createDate>
    <congress>113</congress>
    <cosponsors>
      <item>
        <sponsorshipWithdrawnDate />
        <bioguideId>R000584</bioguideId>
        <fullName>Sen. Risch, James E. [R-ID]</fullName>
        <lastName>Risch</lastName>
        <isOriginalCosponsor>True</isOriginalCosponsor>
        <identifiers>
          <gpoId>8274</gpoId>
          <lisID>1896</lisID>
          <bioguideId>R000584</bioguideId>
        </identifiers>
        <middleName>E.</middleName>
        <sponsorshipDate>2013-10-16</sponsorshipDate>
        <firstName>James</firstName>
      </item>
      <item>
        <sponsorshipWithdrawnDate />
        <bioguideId>I000024</bioguideId>
        <fullName>Sen. Inhofe, James M. [R-OK]</fullName>
        <lastName>INHOFE</lastName>
        <isOriginalCosponsor>False</isOriginalCosponsor>
        <identifiers>
          <lisID>583</lisID>
          <bioguideId>I000024</bioguideId>
          <gpoId>8322</gpoId>
        </identifiers>
        <middleName />
        <sponsorshipDate>2013-10-28</sponsorshipDate>
        <firstName>JIM</firstName>
      </item>
      <item>
        <sponsorshipWithdrawnDate />
        <bioguideId>C001056</bioguideId>
        <fullName>Sen. Cornyn, John [R-TX]</fullName>
        <lastName>Cornyn</lastName>
        <isOriginalCosponsor>False</isOriginalCosponsor>
        <identifiers>
          <gpoId>8295</gpoId>
          <bioguideId>C001056</bioguideId>
          <lisID>1692</lisID>
        </identifiers>
        <middleName />
        <sponsorshipDate>2013-11-04</sponsorshipDate>
        <firstName>John</firstName>
      </item>
      <item>
        <sponsorshipWithdrawnDate />
        <bioguideId>K000360</bioguideId>
        <fullName>Sen. Kirk, Mark Steven [R-IL]</fullName>
        <lastName>KIRK</lastName>
        <isOriginalCosponsor>False</isOriginalCosponsor>
        <identifiers>
          <gpoId>8285</gpoId>
          <bioguideId>K000360</bioguideId>
          <lisID>1647</lisID>
        </identifiers>
        <middleName>STEVEN</middleName>
        <sponsorshipDate>2013-11-04</sponsorshipDate>
        <firstName>MARK</firstName>
      </item>
      <item>
        <sponsorshipWithdrawnDate />
        <bioguideId>B000575</bioguideId>
        <fullName>Sen. Blunt, Roy [R-MO]</fullName>
        <lastName>Blunt</lastName>
        <isOriginalCosponsor>False</isOriginalCosponsor>
        <identifiers>
          <bioguideId>B000575</bioguideId>
          <lisID>1464</lisID>
          <gpoId>8313</gpoId>
        </identifiers>
        <middleName />
        <sponsorshipDate>2013-11-04</sponsorshipDate>
        <firstName>Roy</firstName>
      </item>
      <item>
        <sponsorshipWithdrawnDate />
        <bioguideId>V000127</bioguideId>
        <fullName>Sen. Vitter, David [R-LA]</fullName>
        <lastName>Vitter</lastName>
        <isOriginalCosponsor>False</isOriginalCosponsor>
        <identifiers>
          <lisID>1609</lisID>
          <bioguideId>V000127</bioguideId>
          <gpoId>8267</gpoId>
        </identifiers>
        <middleName />
        <sponsorshipDate>2013-11-04</sponsorshipDate>
        <firstName>David</firstName>
      </item>
      <item>
        <sponsorshipWithdrawnDate />
        <bioguideId>R000307</bioguideId>
        <fullName>Sen. Roberts, Pat [R-KS]</fullName>
        <lastName>ROBERTS</lastName>
        <isOriginalCosponsor>False</isOriginalCosponsor>
        <identifiers>
          <gpoId>8275</gpoId>
          <lisID>968</lisID>
          <bioguideId>R000307</bioguideId>
        </identifiers>
        <middleName />
        <sponsorshipDate>2013-11-04</sponsorshipDate>
        <firstName>PAT</firstName>
      </item>
      <item>
        <sponsorshipWithdrawnDate />
        <bioguideId>H000338</bioguideId>
        <fullName>Sen. Hatch, Orrin G. [R-UT]</fullName>
        <lastName>HATCH</lastName>
        <isOriginalCosponsor>False</isOriginalCosponsor>
        <identifiers>
          <gpoId>8314</gpoId>
          <bioguideId>H000338</bioguideId>
          <lisID>1351</lisID>
        </identifiers>
        <middleName>GRANT</middleName>
        <sponsorshipDate>2013-11-04</sponsorshipDate>
        <firstName>ORRIN</firstName>
      </item>
      <item>
        <sponsorshipWithdrawnDate />
        <bioguideId>E000285</bioguideId>
        <fullName>Sen. Enzi, Michael B. [R-WY]</fullName>
        <lastName>ENZI</lastName>
        <isOriginalCosponsor>False</isOriginalCosponsor>
        <identifiers>
          <gpoId>8328</gpoId>
          <lisID>1542</lisID>
          <bioguideId>E000285</bioguideId>
        </identifiers>
        <middleName>B.</middleName>
        <sponsorshipDate>2013-11-04</sponsorshipDate>
        <firstName>MICHAEL</firstName>
      </item>
      <item>
        <sponsorshipWithdrawnDate />
        <bioguideId>G000386</bioguideId>
        <fullName>Sen. Grassley, Chuck [R-IA]</fullName>
        <lastName>GRASSLEY</lastName>
        <isOriginalCosponsor>False</isOriginalCosponsor>
        <identifiers>
          <gpoId>8316</gpoId>
          <bioguideId>G000386</bioguideId>
          <lisID>457</lisID>
        </identifiers>
        <middleName>ERNEST</middleName>
        <sponsorshipDate>2013-11-04</sponsorshipDate>
        <firstName>CHARLES</firstName>
      </item>
      <item>
        <sponsorshipWithdrawnDate />
        <bioguideId>M000355</bioguideId>
        <fullName>Sen. McConnell, Mitch [R-KY]</fullName>
        <lastName>MCCONNELL</lastName>
        <isOriginalCosponsor>False</isOriginalCosponsor>
        <identifiers>
          <gpoId>8254</gpoId>
          <lisID>1395</lisID>
          <bioguideId>M000355</bioguideId>
        </identifiers>
        <middleName />
        <sponsorshipDate>2013-11-04</sponsorshipDate>
        <firstName>MITCH</firstName>
      </item>
      <item>
        <sponsorshipWithdrawnDate />
        <bioguideId>C001098</bioguideId>
        <fullName>Sen. Cruz, Ted [R-TX]</fullName>
        <lastName>Cruz</lastName>
        <isOriginalCosponsor>False</isOriginalCosponsor>
        <identifiers>
          <lisID>2175</lisID>
          <gpoId />
          <bioguideId>C001098</bioguideId>
        </identifiers>
        <middleName />
        <sponsorshipDate>2013-11-18</sponsorshipDate>
        <firstName>Ted</firstName>
      </item>
    </cosponsors>
    <billType>SRES</billType>
    <billNumber>269</billNumber>
    <summaries>
      <billSummaries>
        <item>
          <versionCode>00</versionCode>
          <actionDesc>Introduced in Senate</actionDesc>
          <text><![CDATA[<p> Expresses the sense of the Senate that: (1) it shall be U.S. policy to prevent Iran from developing a nuclear weapon; (2) Iran does not have an inherent right to enrichment and reprocessing technologies under the Treaty on the Non-Proliferation of Nuclear Weapons; (3) relief from U.S. sanctions should only be provided once Iran has abandoned its nuclear weapons program, including any enrichment or reprocessing capability, and has provided complete transparency to the International Atomic Energy Agency; and (4) Congress should move to pass a new round of additional sanctions until Iran has taken such actions.</p>]]></text>
          <lastSummaryUpdateDate>2013-10-22T18:26:13Z</lastSummaryUpdateDate>
          <name>Introduced in Senate</name>
          <actionDate>2013-10-16</actionDate>
          <updateDate>2013-10-16T04:00:00Z</updateDate>
        </item>
      </billSummaries>
    </summaries>
    <actions>
      <item>
        <actionDate>2013-10-16</actionDate>
        <committee>
          <systemCode>ssfr00</systemCode>
          <name>Foreign Relations Committee</name>
        </committee>
        <links>
          <link>
            <name>S7536-7537</name>
            <url>/congressional-record/2013/senate-section/page/S7536-7537</url>
          </link>
        </links>
        <sourceSystem>
          <name>Senate</name>
          <code>0</code>
        </sourceSystem>
        <text>Referred to the Committee on Foreign Relations. (text of measure as introduced: CR S7536-7537)</text>
        <type>IntroReferral</type>
      </item>
      <item>
        <actionCode>10000</actionCode>
        <type>IntroReferral</type>
        <text>Introduced in Senate</text>
        <actionDate>2013-10-16</actionDate>
        <links />
        <committee />
        <sourceSystem>
          <name>Library of Congress</name>
          <code>9</code>
        </sourceSystem>
      </item>
      <actionByCounts>
        <senate>2</senate>
      </actionByCounts>
      <actionTypeCounts>
        <introducedInSenate>1</introducedInSenate>
        <referredToCommittee>1</referredToCommittee>
      </actionTypeCounts>
    </actions>
    <relatedBills />
    <policyArea>
      <name>International Affairs</name>
    </policyArea>
    <updateDate>2016-10-25T16:18:44Z</updateDate>
    <recordedVotes />
    <cboCostEstimates />
    <latestAction>
      <text>Referred to the Committee on Foreign Relations. (text of measure as introduced: CR S7536-7537)</text>
      <actionDate>2013-10-16</actionDate>
      <links />
    </latestAction>
    <title>A resolution expressing the sense of the Senate on United States policy regarding possession of enrichment and reprocessing capabilities by the Islamic Republic of Iran.</title>
    <amendments />
    <laws />
    <committeeReports />
  </bill>
  <dublinCore xmlns:dc="http://purl.org/dc/elements/1.1/">
    <dc:format>text/xml</dc:format>
    <dc:language>EN</dc:language>
    <dc:rights>Pursuant to Title 17 Section 105 of the United States Code, this file is not subject to copyright protection and is in the public domain.</dc:rights>
    <dc:contributor>Congressional Research Service, Library of Congress</dc:contributor>
    <dc:description>This file contains bill summaries and statuses for federal legislation. A bill summary describes the most significant provisions of a piece of legislation and details the effects the legislative text may have on current law and federal programs. Bill summaries are authored by the Congressional Research Service (CRS) of the Library of Congress. As stated in Public Law 91-510 (2 USC 166 (d)(6)), one of the duties of CRS is "to prepare summaries and digests of bills and resolutions of a public general nature introduced in the Senate or House of Representatives". For more information, refer to the User Guide that accompanies this file.</dc:description>
  </dublinCore>
</billStatus>

