<?xml version="1.0" encoding="UTF-8"?>
<billStatus>
  <bill>
    <actions>
      <item>
        <actionDate>2014-02-12</actionDate>
        <committee />
        <links>
          <link>
            <name>S959</name>
            <url>/congressional-record/2014/senate-section/page/S959</url>
          </link>
        </links>
        <sourceSystem>
          <name>Senate</name>
          <code>0</code>
        </sourceSystem>
        <text>Submitted in the Senate, considered, and agreed to without amendment by Unanimous Consent. (consideration: CR S964; text of measure as introduced: CR S959)</text>
        <type>Floor</type>
      </item>
      <item>
        <committee />
        <type>Floor</type>
        <links>
          <link>
            <name>S959</name>
            <url>/congressional-record/2014/senate-section/page/S959</url>
          </link>
        </links>
        <actionCode>17000</actionCode>
        <sourceSystem>
          <name>Library of Congress</name>
          <code>9</code>
        </sourceSystem>
        <actionDate>2014-02-12</actionDate>
        <text>Passed/agreed to in Senate: Submitted in the Senate, considered, and agreed to without amendment by Unanimous Consent.(consideration: CR S964; text of measure as introduced: CR S959)</text>
      </item>
      <item>
        <committee />
        <type>IntroReferral</type>
        <links />
        <actionCode>10000</actionCode>
        <sourceSystem>
          <name>Library of Congress</name>
          <code>9</code>
        </sourceSystem>
        <actionDate>2014-02-12</actionDate>
        <text>Introduced in Senate</text>
      </item>
      <actionByCounts>
        <senate>3</senate>
      </actionByCounts>
      <actionTypeCounts>
        <introducedInSenate>1</introducedInSenate>
        <passedAgreedToInSenate>1</passedAgreedToInSenate>
        <passedOrAgreedToInSenateDayOf>1</passedOrAgreedToInSenateDayOf>
      </actionTypeCounts>
    </actions>
    <title>A resolution to constitute the majority party's membership on certain committees for the One Hundred Thirteenth Congress, or until their successors are chosen.</title>
    <cosponsors />
    <sponsors>
      <item>
        <middleName>M.</middleName>
        <firstName>HARRY</firstName>
        <byRequestType />
        <bioguideId>R000146</bioguideId>
        <fullName>Sen. Reid, Harry [D-NV]</fullName>
        <lastName>REID</lastName>
        <identifiers>
          <lisID>952</lisID>
          <bioguideId>R000146</bioguideId>
          <gpoId>8271</gpoId>
        </identifiers>
      </item>
    </sponsors>
    <subjects>
      <billSubjects>
        <policyArea>
          <name>Congress</name>
        </policyArea>
        <legislativeSubjects>
          <item>
            <name>Congressional committees</name>
          </item>
          <item>
            <name>Joint Economic Committee</name>
          </item>
          <item>
            <name>Members of Congress</name>
          </item>
          <item>
            <name>Senate</name>
          </item>
          <item>
            <name>Senate Committee on Agriculture, Nutrition, and Forestry</name>
          </item>
          <item>
            <name>Senate Committee on Commerce, Science, and Transportation</name>
          </item>
          <item>
            <name>Senate Committee on Energy and Natural Resources</name>
          </item>
          <item>
            <name>Senate Committee on Environment and Public Works</name>
          </item>
          <item>
            <name>Senate Committee on Finance</name>
          </item>
          <item>
            <name>Senate Committee on Indian Affairs</name>
          </item>
          <item>
            <name>Senate Committee on Rules and Administration</name>
          </item>
          <item>
            <name>Senate Committee on Small Business and Entrepreneurship</name>
          </item>
          <item>
            <name>Senate Special Committee on Aging</name>
          </item>
        </legislativeSubjects>
      </billSubjects>
    </subjects>
    <updateDate>2016-10-25T16:18:56Z</updateDate>
    <originChamber>Senate</originChamber>
    <titles>
      <item>
        <titleType>Official Title as Introduced</titleType>
        <title>A resolution to constitute the majority party's membership on certain committees for the One Hundred Thirteenth Congress, or until their successors are chosen.</title>
        <chamberCode />
        <chamberName />
        <parentTitleType />
      </item>
      <item>
        <titleType>Display Title</titleType>
        <title>A resolution to constitute the majority party's membership on certain committees for the One Hundred Thirteenth Congress, or until their successors are chosen.</title>
        <chamberCode />
        <chamberName />
        <parentTitleType />
      </item>
    </titles>
    <createDate>2014-02-13T07:00:55Z</createDate>
    <congress>113</congress>
    <introducedDate>2014-02-12</introducedDate>
    <latestAction>
      <links />
      <actionDate>2014-02-12</actionDate>
      <text>Submitted in the Senate, considered, and agreed to without amendment by Unanimous Consent. (consideration: CR S964; text of measure as introduced: CR S959)</text>
    </latestAction>
    <laws />
    <relatedBills>
      <item>
        <latestAction>
          <actionDate>2013-01-24</actionDate>
          <text>Submitted in the Senate, considered, and agreed to without amendment by Unanimous Consent. (consideration: CR S296; text as passed Senate: CR S296; text of measure as introduced: CR S294)</text>
        </latestAction>
        <type>SRES</type>
        <congress>113</congress>
        <relationshipDetails>
          <item>
            <type>Related bill</type>
            <identifiedBy>CRS</identifiedBy>
          </item>
        </relationshipDetails>
        <number>17</number>
        <latestTitle>A resolution to constitute the majority party's membership on certain committees for the One Hundred Thirteenth Congress, or until their successors are chosen.</latestTitle>
      </item>
      <item>
        <latestAction>
          <actionDate>2013-02-12</actionDate>
          <text>Submitted in the Senate, considered, and agreed to without amendment by Unanimous Consent. (consideration: CR S662; text as passed Senate: CR S661)</text>
        </latestAction>
        <type>SRES</type>
        <congress>113</congress>
        <relationshipDetails>
          <item>
            <type>Related bill</type>
            <identifiedBy>CRS</identifiedBy>
          </item>
        </relationshipDetails>
        <number>29</number>
        <latestTitle>A resolution to constitute the majority party's membership on certain committees for the One Hundred Thirteenth Congress, or until their successors are chosen.</latestTitle>
      </item>
      <item>
        <latestAction>
          <actionDate>2013-06-20</actionDate>
          <text>Submitted in the Senate, considered, and agreed to without amendment by Unanimous Consent. (consideration: CR S4846; text as passed Senate: CR S4797)</text>
        </latestAction>
        <type>SRES</type>
        <congress>113</congress>
        <relationshipDetails>
          <item>
            <type>Related bill</type>
            <identifiedBy>CRS</identifiedBy>
          </item>
        </relationshipDetails>
        <number>179</number>
        <latestTitle>A resolution to constitute the majority party's membership on certain committees for the One Hundred Thirteenth Congress, or until their successors are chosen.</latestTitle>
      </item>
      <item>
        <latestAction>
          <actionDate>2013-07-16</actionDate>
          <text>Submitted in the Senate, considered, and agreed to without amendment by Unanimous Consent. (consideration: CR S5713; text as passed Senate: CR S5712)</text>
        </latestAction>
        <type>SRES</type>
        <congress>113</congress>
        <relationshipDetails>
          <item>
            <type>Related bill</type>
            <identifiedBy>CRS</identifiedBy>
          </item>
        </relationshipDetails>
        <number>196</number>
        <latestTitle>A resolution to constitute the majority party's membership on certain committees for the One Hundred Thirteenth Congress, or until their successors are chosen.</latestTitle>
      </item>
      <item>
        <latestAction>
          <actionDate>2013-10-31</actionDate>
          <text>Submitted in the Senate, considered, and agreed to without amendment by Unanimous Consent. (consideration: CR S7778; text as passed Senate: CR S7734)</text>
        </latestAction>
        <type>SRES</type>
        <congress>113</congress>
        <relationshipDetails>
          <item>
            <type>Related bill</type>
            <identifiedBy>CRS</identifiedBy>
          </item>
        </relationshipDetails>
        <number>283</number>
        <latestTitle>A resolution to constitute the majority party's membership on certain committees for the One Hundred Thirteenth Congress, or until their successors are chosen.</latestTitle>
      </item>
    </relatedBills>
    <notes />
    <recordedVotes />
    <cboCostEstimates />
    <policyArea>
      <name>Congress</name>
    </policyArea>
    <billNumber>359</billNumber>
    <billType>SRES</billType>
    <committees>
      <billCommittees />
    </committees>
    <amendments />
    <summaries>
      <billSummaries>
        <item>
          <text><![CDATA[<p>Designates the majority party membership on specified Senate committees for the 113th Congress.</p>]]></text>
          <name>Introduced in Senate</name>
          <versionCode>00</versionCode>
          <actionDate>2014-02-12</actionDate>
          <actionDesc>Introduced in Senate</actionDesc>
          <lastSummaryUpdateDate>2014-02-21T15:42:56Z</lastSummaryUpdateDate>
          <updateDate>2014-02-12T05:00:00Z</updateDate>
        </item>
        <item>
          <text><![CDATA[<p><b>(This measure has not been amended since it was introduced. The summary of that version is repeated here.)</b></p> <p>Designates the majority party membership on specified Senate committees for the 113th Congress.</p>]]></text>
          <name>Passed Senate without amendment</name>
          <versionCode>82</versionCode>
          <actionDate>2014-02-12</actionDate>
          <actionDesc>Passed Senate without amendment</actionDesc>
          <lastSummaryUpdateDate>2014-02-21T15:43:02Z</lastSummaryUpdateDate>
          <updateDate>2014-02-12T14:20:12Z</updateDate>
        </item>
      </billSummaries>
    </summaries>
    <calendarNumbers />
    <committeeReports />
  </bill>
  <dublinCore xmlns:dc="http://purl.org/dc/elements/1.1/">
    <dc:format>text/xml</dc:format>
    <dc:language>EN</dc:language>
    <dc:rights>Pursuant to Title 17 Section 105 of the United States Code, this file is not subject to copyright protection and is in the public domain.</dc:rights>
    <dc:contributor>Congressional Research Service, Library of Congress</dc:contributor>
    <dc:description>This file contains bill summaries and statuses for federal legislation. A bill summary describes the most significant provisions of a piece of legislation and details the effects the legislative text may have on current law and federal programs. Bill summaries are authored by the Congressional Research Service (CRS) of the Library of Congress. As stated in Public Law 91-510 (2 USC 166 (d)(6)), one of the duties of CRS is "to prepare summaries and digests of bills and resolutions of a public general nature introduced in the Senate or House of Representatives". For more information, refer to the User Guide that accompanies this file.</dc:description>
  </dublinCore>
</billStatus>

