<?xml version="1.0" encoding="UTF-8"?>
<billStatus>
  <bill>
    <updateDate>2016-10-25T16:18:09Z</updateDate>
    <latestAction>
      <text>Referred to the Committee on Rules and Administration. (text of measure as introduced: CR S661)</text>
      <links />
      <actionDate>2013-02-12</actionDate>
    </latestAction>
    <policyArea>
      <name>Congress</name>
    </policyArea>
    <laws />
    <introducedDate>2013-02-12</introducedDate>
    <summaries>
      <billSummaries>
        <item>
          <actionDesc>Introduced in Senate</actionDesc>
          <actionDate>2013-02-12</actionDate>
          <updateDate>2013-02-12T05:00:00Z</updateDate>
          <versionCode>00</versionCode>
          <lastSummaryUpdateDate>2013-02-20T20:46:50Z</lastSummaryUpdateDate>
          <name>Introduced in Senate</name>
          <text><![CDATA[<p>Establishes the Senate Committee to Reduce Government Waste to: (1) research, review, and study federal programs that are underperforming or nonessential; (2) determine which ones should be modified or eliminated; and (3) recommend to the Senate actions designed to modify or eliminate them, including legislation.</p>]]></text>
        </item>
      </billSummaries>
    </summaries>
    <recordedVotes />
    <notes />
    <billNumber>30</billNumber>
    <committeeReports />
    <calendarNumbers />
    <congress>113</congress>
    <amendments />
    <cboCostEstimates />
    <originChamber>Senate</originChamber>
    <createDate>2013-02-13T07:00:50Z</createDate>
    <subjects>
      <billSubjects>
        <policyArea>
          <name>Congress</name>
        </policyArea>
        <legislativeSubjects>
          <item>
            <name>Congressional committees</name>
          </item>
          <item>
            <name>Congressional operations and organization</name>
          </item>
          <item>
            <name>Executive agency funding and structure</name>
          </item>
          <item>
            <name>Performance measurement</name>
          </item>
          <item>
            <name>Senate</name>
          </item>
        </legislativeSubjects>
      </billSubjects>
    </subjects>
    <sponsors>
      <item>
        <lastName>UDALL</lastName>
        <identifiers>
          <gpoId>8259</gpoId>
          <bioguideId>U000038</bioguideId>
          <lisID>1595</lisID>
        </identifiers>
        <firstName>MARK</firstName>
        <fullName>Sen. Udall, Mark [D-CO]</fullName>
        <bioguideId>U000038</bioguideId>
        <middleName />
        <byRequestType />
      </item>
    </sponsors>
    <cosponsors>
      <item>
        <middleName />
        <firstName>PAT</firstName>
        <fullName>Sen. Roberts, Pat [R-KS]</fullName>
        <sponsorshipWithdrawnDate />
        <sponsorshipDate>2013-02-12</sponsorshipDate>
        <bioguideId>R000307</bioguideId>
        <lastName>ROBERTS</lastName>
        <isOriginalCosponsor>True</isOriginalCosponsor>
        <identifiers>
          <gpoId>8275</gpoId>
          <lisID>968</lisID>
          <bioguideId>R000307</bioguideId>
        </identifiers>
      </item>
      <item>
        <middleName>B.</middleName>
        <firstName>MICHAEL</firstName>
        <fullName>Sen. Enzi, Michael B. [R-WY]</fullName>
        <sponsorshipWithdrawnDate />
        <sponsorshipDate>2013-02-12</sponsorshipDate>
        <bioguideId>E000285</bioguideId>
        <lastName>ENZI</lastName>
        <isOriginalCosponsor>True</isOriginalCosponsor>
        <identifiers>
          <gpoId>8328</gpoId>
          <bioguideId>E000285</bioguideId>
          <lisID>1542</lisID>
        </identifiers>
      </item>
      <item>
        <middleName />
        <firstName>Dean</firstName>
        <fullName>Sen. Heller, Dean [R-NV]</fullName>
        <sponsorshipWithdrawnDate />
        <sponsorshipDate>2013-02-26</sponsorshipDate>
        <bioguideId>H001041</bioguideId>
        <lastName>Heller</lastName>
        <isOriginalCosponsor>False</isOriginalCosponsor>
        <identifiers>
          <lisID>1863</lisID>
          <gpoId>8060</gpoId>
          <bioguideId>H001041</bioguideId>
        </identifiers>
      </item>
    </cosponsors>
    <title>A resolution establishing the Committee to Reduce Government Waste.</title>
    <actions>
      <item>
        <actionDate>2013-02-12</actionDate>
        <committee>
          <systemCode>ssra00</systemCode>
          <name>Rules and Administration Committee</name>
        </committee>
        <links>
          <link>
            <name>S661</name>
            <url>/congressional-record/2013/senate-section/page/S661</url>
          </link>
        </links>
        <sourceSystem>
          <name>Senate</name>
          <code>0</code>
        </sourceSystem>
        <text>Referred to the Committee on Rules and Administration. (text of measure as introduced: CR S661)</text>
        <type>IntroReferral</type>
      </item>
      <item>
        <actionCode>10000</actionCode>
        <type>IntroReferral</type>
        <text>Introduced in Senate</text>
        <actionDate>2013-02-12</actionDate>
        <links />
        <committee />
        <sourceSystem>
          <name>Library of Congress</name>
          <code>9</code>
        </sourceSystem>
      </item>
      <actionByCounts>
        <senate>2</senate>
      </actionByCounts>
      <actionTypeCounts>
        <introducedInSenate>1</introducedInSenate>
        <referredToCommittee>1</referredToCommittee>
      </actionTypeCounts>
    </actions>
    <titles>
      <item>
        <parentTitleType />
        <title>A resolution establishing the Committee to Reduce Government Waste.</title>
        <chamberName />
        <chamberCode />
        <titleType>Official Title as Introduced</titleType>
      </item>
      <item>
        <parentTitleType />
        <title>A resolution establishing the Committee to Reduce Government Waste.</title>
        <chamberName />
        <chamberCode />
        <titleType>Display Title</titleType>
      </item>
    </titles>
    <billType>SRES</billType>
    <relatedBills>
      <item>
        <latestAction>
          <text>Read twice and referred to the Committee on Rules and Administration.</text>
          <actionDate>2013-02-07</actionDate>
        </latestAction>
        <relationshipDetails>
          <item>
            <identifiedBy>CRS</identifiedBy>
            <type>Identical bill</type>
          </item>
        </relationshipDetails>
        <type>S</type>
        <number>253</number>
        <congress>113</congress>
        <latestTitle>A bill establishing the Committee to Reduce Government Waste.</latestTitle>
      </item>
    </relatedBills>
    <committees>
      <billCommittees>
        <item>
          <name>Rules and Administration Committee</name>
          <type>Standing</type>
          <subcommittees />
          <chamber>Senate</chamber>
          <activities>
            <item>
              <name>Referred to</name>
              <date>2013-02-12T23:17:30Z</date>
            </item>
          </activities>
          <systemCode>ssra00</systemCode>
        </item>
      </billCommittees>
    </committees>
  </bill>
  <dublinCore xmlns:dc="http://purl.org/dc/elements/1.1/">
    <dc:format>text/xml</dc:format>
    <dc:language>EN</dc:language>
    <dc:rights>Pursuant to Title 17 Section 105 of the United States Code, this file is not subject to copyright protection and is in the public domain.</dc:rights>
    <dc:contributor>Congressional Research Service, Library of Congress</dc:contributor>
    <dc:description>This file contains bill summaries and statuses for federal legislation. A bill summary describes the most significant provisions of a piece of legislation and details the effects the legislative text may have on current law and federal programs. Bill summaries are authored by the Congressional Research Service (CRS) of the Library of Congress. As stated in Public Law 91-510 (2 USC 166 (d)(6)), one of the duties of CRS is "to prepare summaries and digests of bills and resolutions of a public general nature introduced in the Senate or House of Representatives". For more information, refer to the User Guide that accompanies this file.</dc:description>
  </dublinCore>
</billStatus>

