<?xml version="1.0" encoding="UTF-8"?>
<billStatus>
  <bill>
    <sponsors>
      <item>
        <lastName>Rubio</lastName>
        <fullName>Sen. Rubio, Marco [R-FL]</fullName>
        <middleName />
        <firstName>Marco</firstName>
        <identifiers>
          <gpoId>8242</gpoId>
          <bioguideId>R000595</bioguideId>
          <lisID>2084</lisID>
        </identifiers>
        <byRequestType />
        <bioguideId>R000595</bioguideId>
      </item>
    </sponsors>
    <latestAction>
      <links />
      <text>Resolution agreed to in Senate with an amendment and an amended preamble by Unanimous Consent. (text: CR S3384)</text>
      <actionDate>2014-06-03</actionDate>
    </latestAction>
    <laws />
    <createDate>2014-05-22T07:19:36Z</createDate>
    <updateDate>2016-10-25T17:06:25Z</updateDate>
    <committees>
      <billCommittees>
        <item>
          <systemCode>ssfr00</systemCode>
          <subcommittees />
          <chamber>Senate</chamber>
          <type>Standing</type>
          <name>Foreign Relations Committee</name>
          <activities>
            <item>
              <name>Discharged from</name>
              <date>2014-06-03T22:26:47Z</date>
            </item>
            <item>
              <name>Referred to</name>
              <date>2014-05-21T14:14:36Z</date>
            </item>
          </activities>
        </item>
      </billCommittees>
    </committees>
    <recordedVotes />
    <introducedDate>2014-05-21</introducedDate>
    <relatedBills>
      <item>
        <latestAction>
          <actionDate>2014-07-21</actionDate>
          <text>Referred to the Subcommittee on the Constitution and Civil Justice.</text>
        </latestAction>
        <number>601</number>
        <congress>113</congress>
        <type>HRES</type>
        <latestTitle>Condemning the death sentence against Meriam Yahia Ibrahim Ishag, a Sudanese Christian woman accused of apostasy.</latestTitle>
        <relationshipDetails>
          <item>
            <type>Related bill</type>
            <identifiedBy>CRS</identifiedBy>
          </item>
        </relationshipDetails>
      </item>
    </relatedBills>
    <billNumber>453</billNumber>
    <amendments>
      <amendment>
        <type>SAMDT</type>
        <description />
        <number>3231</number>
        <latestAction>
          <actionDate>2014-06-03</actionDate>
          <text>Amendment SA 3231 agreed to in Senate by Unanimous Consent.</text>
        </latestAction>
        <congress>113</congress>
        <purpose>To amend the preamble.</purpose>
        <updateDate>2016-10-25T17:06:25Z</updateDate>
        <type>SAMDT</type>
        <amendedAmendment />
        <submittedDate>2014-06-03T04:00:00Z</submittedDate>
        <cosponsors>
          <totalCount>0</totalCount>
          <currentCount>0</currentCount>
        </cosponsors>
        <amendedBill>
          <originChamber>Senate</originChamber>
          <type>SRES</type>
          <number>453</number>
          <originChamberCode>S</originChamberCode>
          <title>A resolution condemning the death sentence against Meriam Yahia Ibrahim Ishag, a Sudanese Christian woman accused of apostasy.</title>
          <congress>113</congress>
        </amendedBill>
        <createDate>2014-06-04T07:20:56Z</createDate>
        <chamber>Senate</chamber>
        <proposedDate>2014-06-03T04:00:00Z</proposedDate>
        <sponsors>
          <item>
            <lastName>Rubio</lastName>
            <firstName>Marco</firstName>
            <fullName>Sen. Rubio, Marco [R-FL]</fullName>
            <bioguideId>R000595</bioguideId>
            <middleName />
          </item>
        </sponsors>
        <notes />
        <actions>
          <actions>
            <item>
              <actionDate>2014-06-03</actionDate>
              <committee />
              <links>
                <link>
                  <name>SA 3231</name>
                  <url>/amendment/113th-congress/senate-amendment/3231</url>
                </link>
                <link>
                  <name>S.Amdt.3231</name>
                  <url>/amendment/113th-congress/senate-amendment/3231</url>
                </link>
              </links>
              <sourceSystem>
                <name>Senate</name>
                <code>0</code>
              </sourceSystem>
              <text>Amendment SA 3231 agreed to in Senate by Unanimous Consent.</text>
              <type>Floor</type>
            </item>
            <item>
              <actionDate>2014-06-03</actionDate>
              <committee />
              <links>
                <link>
                  <name>SA 3231</name>
                  <url>/amendment/113th-congress/senate-amendment/3231</url>
                </link>
                <link>
                  <name>S.Amdt.3231</name>
                  <url>/amendment/113th-congress/senate-amendment/3231</url>
                </link>
                <link>
                  <name>S3384</name>
                  <url>/congressional-record/2014/senate-section/page/S3384</url>
                </link>
              </links>
              <sourceSystem>
                <name>Senate</name>
                <code>0</code>
              </sourceSystem>
              <text>Amendment SA 3231 proposed by Senator Stabenow for Senator Rubio. (consideration: CR S3384; text: CR S3384)</text>
              <type>Floor</type>
            </item>
            <item>
              <actionDate>2014-06-03</actionDate>
              <committee />
              <links />
              <text />
            </item>
            <item>
              <committee />
              <type>Floor</type>
              <links />
              <actionCode>91000</actionCode>
              <sourceSystem>
                <name>Library of Congress</name>
                <code>9</code>
              </sourceSystem>
              <actionDate>2014-06-03</actionDate>
              <text>Senate amendment submitted</text>
            </item>
            <item>
              <committee />
              <type>Floor</type>
              <links>
                <link>
                  <name>SA 3231</name>
                  <url>/amendment/113th-congress/senate-amendment/3231</url>
                </link>
                <link>
                  <name>S.Amdt.3231</name>
                  <url>/amendment/113th-congress/senate-amendment/3231</url>
                </link>
                <link>
                  <name>S3384</name>
                  <url>/congressional-record/2014/senate-section/page/S3384</url>
                </link>
              </links>
              <actionCode>93000</actionCode>
              <sourceSystem>
                <name>Library of Congress</name>
                <code>9</code>
              </sourceSystem>
              <actionDate>2014-06-03</actionDate>
              <text>Senate amendment proposed (on the floor): Amendment SA 3231 proposed by Senator Stabenow for Senator Rubio.(consideration: CR S3384; text: CR S3384)</text>
            </item>
            <item>
              <committee />
              <type>Floor</type>
              <links>
                <link>
                  <name>SA 3231</name>
                  <url>/amendment/113th-congress/senate-amendment/3231</url>
                </link>
                <link>
                  <name>S.Amdt.3231</name>
                  <url>/amendment/113th-congress/senate-amendment/3231</url>
                </link>
              </links>
              <actionCode>94000</actionCode>
              <sourceSystem>
                <name>Library of Congress</name>
                <code>9</code>
              </sourceSystem>
              <actionDate>2014-06-03</actionDate>
              <text>Senate amendment agreed to: Amendment SA 3231 agreed to in Senate by Unanimous Consent.</text>
            </item>
          </actions>
          <actionByCounts>
            <senate>5</senate>
          </actionByCounts>
          <actionTypeCounts>
            <senateAmendmentProposedOnTheFloor>1</senateAmendmentProposedOnTheFloor>
            <amendmentProposed>1</amendmentProposed>
            <senateAmendmentAgreedTo>1</senateAmendmentAgreedTo>
            <amendmentAgreedTo>1</amendmentAgreedTo>
            <senateAmendmentSubmitted>1</senateAmendmentSubmitted>
          </actionTypeCounts>
          <count>6</count>
        </actions>
        <titles />
        <number>3231</number>
        <amendments>
          <count>0</count>
        </amendments>
        <description />
        <links />
        <purpose>To amend the preamble.</purpose>
        <congress>113</congress>
      </amendment>
      <amendment>
        <type>SAMDT</type>
        <description />
        <number>3230</number>
        <latestAction>
          <actionDate>2014-06-03</actionDate>
          <text>Amendment SA 3230 agreed to in Senate by Unanimous Consent.</text>
        </latestAction>
        <congress>113</congress>
        <purpose>To make a technical correction.</purpose>
        <notes />
        <sponsors>
          <item>
            <lastName>Rubio</lastName>
            <firstName>Marco</firstName>
            <bioguideId>R000595</bioguideId>
            <middleName />
            <fullName>Sen. Rubio, Marco [R-FL]</fullName>
          </item>
        </sponsors>
        <createDate>2014-06-04T07:20:56Z</createDate>
        <cosponsors>
          <currentCount>0</currentCount>
          <totalCount>0</totalCount>
        </cosponsors>
        <submittedDate>2014-06-03T04:00:00Z</submittedDate>
        <congress>113</congress>
        <proposedDate>2014-06-03T04:00:00Z</proposedDate>
        <titles />
        <type>SAMDT</type>
        <amendedAmendment />
        <actions>
          <count>6</count>
          <actionTypeCounts>
            <amendmentAgreedTo>1</amendmentAgreedTo>
            <senateAmendmentSubmitted>1</senateAmendmentSubmitted>
            <senateAmendmentAgreedTo>1</senateAmendmentAgreedTo>
            <amendmentProposed>1</amendmentProposed>
            <senateAmendmentProposedOnTheFloor>1</senateAmendmentProposedOnTheFloor>
          </actionTypeCounts>
          <actionByCounts>
            <senate>5</senate>
          </actionByCounts>
          <actions>
            <item>
              <actionDate>2014-06-03</actionDate>
              <committee />
              <links>
                <link>
                  <name>S.Amdt.3230</name>
                  <url>/amendment/113th-congress/senate-amendment/3230</url>
                </link>
                <link>
                  <name>SA 3230</name>
                  <url>/amendment/113th-congress/senate-amendment/3230</url>
                </link>
              </links>
              <sourceSystem>
                <name>Senate</name>
                <code>0</code>
              </sourceSystem>
              <text>Amendment SA 3230 agreed to in Senate by Unanimous Consent.</text>
              <type>Floor</type>
            </item>
            <item>
              <actionDate>2014-06-03</actionDate>
              <committee />
              <links>
                <link>
                  <name>S.Amdt.3230</name>
                  <url>/amendment/113th-congress/senate-amendment/3230</url>
                </link>
                <link>
                  <name>SA 3230</name>
                  <url>/amendment/113th-congress/senate-amendment/3230</url>
                </link>
                <link>
                  <name>S3384</name>
                  <url>/congressional-record/2014/senate-section/page/S3384</url>
                </link>
              </links>
              <sourceSystem>
                <name>Senate</name>
                <code>0</code>
              </sourceSystem>
              <text>Amendment SA 3230 proposed by Senator Stabenow for Senator Rubio. (consideration: CR S3384; text: CR S3384)</text>
              <type>Floor</type>
            </item>
            <item>
              <actionDate>2014-06-03</actionDate>
              <committee />
              <links />
              <text />
            </item>
            <item>
              <committee />
              <sourceSystem>
                <name>Library of Congress</name>
                <code>9</code>
              </sourceSystem>
              <type>Floor</type>
              <text>Senate amendment submitted</text>
              <actionDate>2014-06-03</actionDate>
              <links />
              <actionCode>91000</actionCode>
            </item>
            <item>
              <committee />
              <sourceSystem>
                <name>Library of Congress</name>
                <code>9</code>
              </sourceSystem>
              <type>Floor</type>
              <text>Senate amendment proposed (on the floor): Amendment SA 3230 proposed by Senator Stabenow for Senator Rubio.(consideration: CR S3384; text: CR S3384)</text>
              <actionDate>2014-06-03</actionDate>
              <links>
                <link>
                  <name>S.Amdt.3230</name>
                  <url>/amendment/113th-congress/senate-amendment/3230</url>
                </link>
                <link>
                  <name>SA 3230</name>
                  <url>/amendment/113th-congress/senate-amendment/3230</url>
                </link>
                <link>
                  <name>S3384</name>
                  <url>/congressional-record/2014/senate-section/page/S3384</url>
                </link>
              </links>
              <actionCode>93000</actionCode>
            </item>
            <item>
              <committee />
              <sourceSystem>
                <name>Library of Congress</name>
                <code>9</code>
              </sourceSystem>
              <type>Floor</type>
              <text>Senate amendment agreed to: Amendment SA 3230 agreed to in Senate by Unanimous Consent.</text>
              <actionDate>2014-06-03</actionDate>
              <links>
                <link>
                  <name>S.Amdt.3230</name>
                  <url>/amendment/113th-congress/senate-amendment/3230</url>
                </link>
                <link>
                  <name>SA 3230</name>
                  <url>/amendment/113th-congress/senate-amendment/3230</url>
                </link>
              </links>
              <actionCode>94000</actionCode>
            </item>
          </actions>
        </actions>
        <purpose>To make a technical correction.</purpose>
        <updateDate>2016-10-25T17:06:25Z</updateDate>
        <amendedBill>
          <originChamberCode>S</originChamberCode>
          <congress>113</congress>
          <number>453</number>
          <type>SRES</type>
          <title>A resolution condemning the death sentence against Meriam Yahia Ibrahim Ishag, a Sudanese Christian woman accused of apostasy.</title>
          <originChamber>Senate</originChamber>
        </amendedBill>
        <links />
        <number>3230</number>
        <description />
        <amendments>
          <count>0</count>
        </amendments>
        <chamber>Senate</chamber>
      </amendment>
    </amendments>
    <billType>SRES</billType>
    <actions>
      <actionTypeCounts>
        <senateCommitteeDischarged>1</senateCommitteeDischarged>
        <referredToCommittee>1</referredToCommittee>
        <committeeDischarged>1</committeeDischarged>
        <introducedInSenate>1</introducedInSenate>
        <passedAgreedToInSenate>1</passedAgreedToInSenate>
        <measureLaidBeforeSenate>1</measureLaidBeforeSenate>
        <agreedToInSenate>1</agreedToInSenate>
      </actionTypeCounts>
      <item>
        <actionDate>2014-06-03</actionDate>
        <committee />
        <links>
          <link>
            <url>/congressional-record/2014/senate-section/page/S3384</url>
            <name>S3384</name>
          </link>
        </links>
        <sourceSystem>
          <name>Senate</name>
          <code>0</code>
        </sourceSystem>
        <text>Resolution agreed to in Senate with an amendment and an amended preamble by Unanimous Consent. (text: CR S3384)</text>
        <type>Floor</type>
      </item>
      <item>
        <committee />
        <actionCode>17000</actionCode>
        <type>Floor</type>
        <sourceSystem>
          <name>Library of Congress</name>
          <code>9</code>
        </sourceSystem>
        <links>
          <link>
            <url>/congressional-record/2014/senate-section/page/S3384</url>
            <name>S3384</name>
          </link>
        </links>
        <text>Passed/agreed to in Senate: Resolution agreed to in Senate with an amendment and an amended preamble by Unanimous Consent.(text: CR S3384)</text>
        <actionDate>2014-06-03</actionDate>
      </item>
      <item>
        <actionDate>2014-06-03</actionDate>
        <committee />
        <links>
          <link>
            <url>/congressional-record/2014/senate-section/page/S3384</url>
            <name>S3384</name>
          </link>
        </links>
        <sourceSystem>
          <name>Senate</name>
          <code>0</code>
        </sourceSystem>
        <text>Measure laid before Senate by unanimous consent. (consideration: CR S3384)</text>
        <type>Floor</type>
      </item>
      <item>
        <actionDate>2014-06-03</actionDate>
        <committee>
          <name>Foreign Relations Committee</name>
          <systemCode>ssfr00</systemCode>
        </committee>
        <links />
        <sourceSystem>
          <name>Senate</name>
          <code>0</code>
        </sourceSystem>
        <text>Senate Committee on Foreign Relations discharged by Unanimous Consent.</text>
        <type>Discharge</type>
      </item>
      <item>
        <committee>
          <name>Foreign Relations Committee</name>
          <systemCode>ssfr00</systemCode>
        </committee>
        <actionCode>14500</actionCode>
        <type>Committee</type>
        <sourceSystem>
          <name>Library of Congress</name>
          <code>9</code>
        </sourceSystem>
        <links />
        <text>Senate Committee on Foreign Relations discharged by Unanimous Consent.</text>
        <actionDate>2014-06-03</actionDate>
      </item>
      <item>
        <actionDate>2014-05-21</actionDate>
        <committee>
          <name>Foreign Relations Committee</name>
          <systemCode>ssfr00</systemCode>
        </committee>
        <links>
          <link>
            <url>/congressional-record/2014/senate-section/page/S3241-3242</url>
            <name>S3241-3242</name>
          </link>
        </links>
        <sourceSystem>
          <name>Senate</name>
          <code>0</code>
        </sourceSystem>
        <text>Read twice and referred to the Committee on Foreign Relations. (text of measure as introduced: CR S3241-3242)</text>
        <type>IntroReferral</type>
      </item>
      <item>
        <committee />
        <actionCode>10000</actionCode>
        <type>IntroReferral</type>
        <sourceSystem>
          <name>Library of Congress</name>
          <code>9</code>
        </sourceSystem>
        <links />
        <text>Introduced in Senate</text>
        <actionDate>2014-05-21</actionDate>
      </item>
      <actionByCounts>
        <senate>7</senate>
      </actionByCounts>
    </actions>
    <policyArea>
      <name>International Affairs</name>
    </policyArea>
    <cosponsors>
      <item>
        <lastName>Coons</lastName>
        <sponsorshipDate>2014-05-21</sponsorshipDate>
        <firstName>Christopher</firstName>
        <identifiers>
          <gpoId>8297</gpoId>
          <bioguideId>C001088</bioguideId>
          <lisID>1984</lisID>
        </identifiers>
        <isOriginalCosponsor>True</isOriginalCosponsor>
        <bioguideId>C001088</bioguideId>
        <fullName>Sen. Coons, Christopher A. [D-DE]</fullName>
        <middleName>A.</middleName>
        <sponsorshipWithdrawnDate />
      </item>
      <item>
        <lastName>MENENDEZ</lastName>
        <sponsorshipDate>2014-05-21</sponsorshipDate>
        <firstName>ROBERT</firstName>
        <identifiers>
          <bioguideId>M000639</bioguideId>
          <lisID>791</lisID>
          <gpoId>8239</gpoId>
        </identifiers>
        <isOriginalCosponsor>True</isOriginalCosponsor>
        <bioguideId>M000639</bioguideId>
        <fullName>Sen. Menendez, Robert [D-NJ]</fullName>
        <middleName />
        <sponsorshipWithdrawnDate />
      </item>
      <item>
        <lastName>INHOFE</lastName>
        <sponsorshipDate>2014-05-21</sponsorshipDate>
        <firstName>JIM</firstName>
        <identifiers>
          <gpoId>8322</gpoId>
          <lisID>583</lisID>
          <bioguideId>I000024</bioguideId>
        </identifiers>
        <isOriginalCosponsor>True</isOriginalCosponsor>
        <bioguideId>I000024</bioguideId>
        <fullName>Sen. Inhofe, James M. [R-OK]</fullName>
        <middleName />
        <sponsorshipWithdrawnDate />
      </item>
      <item>
        <lastName>Fischer</lastName>
        <sponsorshipDate>2014-05-21</sponsorshipDate>
        <firstName>Deb</firstName>
        <identifiers>
          <gpoId />
          <bioguideId>F000463</bioguideId>
          <lisID>2179</lisID>
        </identifiers>
        <isOriginalCosponsor>True</isOriginalCosponsor>
        <bioguideId>F000463</bioguideId>
        <fullName>Sen. Fischer, Deb [R-NE]</fullName>
        <middleName />
        <sponsorshipWithdrawnDate />
      </item>
      <item>
        <lastName>Cruz</lastName>
        <sponsorshipDate>2014-05-21</sponsorshipDate>
        <firstName>Ted</firstName>
        <identifiers>
          <lisID>2175</lisID>
          <gpoId />
          <bioguideId>C001098</bioguideId>
        </identifiers>
        <isOriginalCosponsor>True</isOriginalCosponsor>
        <bioguideId>C001098</bioguideId>
        <fullName>Sen. Cruz, Ted [R-TX]</fullName>
        <middleName />
        <sponsorshipWithdrawnDate />
      </item>
      <item>
        <lastName>MCCAIN</lastName>
        <sponsorshipDate>2014-05-21</sponsorshipDate>
        <firstName>JOHN</firstName>
        <identifiers>
          <bioguideId>M000303</bioguideId>
          <lisID>754</lisID>
          <gpoId>8253</gpoId>
        </identifiers>
        <isOriginalCosponsor>True</isOriginalCosponsor>
        <bioguideId>M000303</bioguideId>
        <fullName>Sen. McCain, John [R-AZ]</fullName>
        <middleName>SIDNEY</middleName>
        <sponsorshipWithdrawnDate />
      </item>
      <item>
        <lastName>Vitter</lastName>
        <sponsorshipDate>2014-05-21</sponsorshipDate>
        <firstName>David</firstName>
        <identifiers>
          <gpoId>8267</gpoId>
          <lisID>1609</lisID>
          <bioguideId>V000127</bioguideId>
        </identifiers>
        <isOriginalCosponsor>True</isOriginalCosponsor>
        <bioguideId>V000127</bioguideId>
        <fullName>Sen. Vitter, David [R-LA]</fullName>
        <middleName />
        <sponsorshipWithdrawnDate />
      </item>
      <item>
        <lastName>MORAN</lastName>
        <sponsorshipDate>2014-05-21</sponsorshipDate>
        <firstName>JERRY</firstName>
        <identifiers>
          <bioguideId>M000934</bioguideId>
          <lisID>1507</lisID>
          <gpoId>8307</gpoId>
        </identifiers>
        <isOriginalCosponsor>True</isOriginalCosponsor>
        <bioguideId>M000934</bioguideId>
        <fullName>Sen. Moran, Jerry [R-KS]</fullName>
        <middleName />
        <sponsorshipWithdrawnDate />
      </item>
      <item>
        <lastName>Shaheen</lastName>
        <sponsorshipDate>2014-05-21</sponsorshipDate>
        <firstName>Jeanne</firstName>
        <identifiers>
          <lisID>1901</lisID>
          <bioguideId>S001181</bioguideId>
          <gpoId>8276</gpoId>
        </identifiers>
        <isOriginalCosponsor>True</isOriginalCosponsor>
        <bioguideId>S001181</bioguideId>
        <fullName>Sen. Shaheen, Jeanne [D-NH]</fullName>
        <middleName />
        <sponsorshipWithdrawnDate />
      </item>
      <item>
        <lastName>Boozman</lastName>
        <sponsorshipDate>2014-05-21</sponsorshipDate>
        <firstName>John</firstName>
        <identifiers>
          <gpoId>8247</gpoId>
          <bioguideId>B001236</bioguideId>
          <lisID>1687</lisID>
        </identifiers>
        <isOriginalCosponsor>True</isOriginalCosponsor>
        <bioguideId>B001236</bioguideId>
        <fullName>Sen. Boozman, John [R-AR]</fullName>
        <middleName />
        <sponsorshipWithdrawnDate />
      </item>
      <item>
        <lastName>Ayotte</lastName>
        <sponsorshipDate>2014-05-21</sponsorshipDate>
        <firstName>Kelly</firstName>
        <identifiers>
          <bioguideId>A000368</bioguideId>
          <lisID>2075</lisID>
          <gpoId>8315</gpoId>
        </identifiers>
        <isOriginalCosponsor>True</isOriginalCosponsor>
        <bioguideId>A000368</bioguideId>
        <fullName>Sen. Ayotte, Kelly [R-NH]</fullName>
        <middleName />
        <sponsorshipWithdrawnDate />
      </item>
      <item>
        <lastName>DURBIN</lastName>
        <sponsorshipDate>2014-05-21</sponsorshipDate>
        <firstName>RICHARD</firstName>
        <identifiers>
          <lisID>326</lisID>
          <gpoId>8326</gpoId>
          <bioguideId>D000563</bioguideId>
        </identifiers>
        <isOriginalCosponsor>True</isOriginalCosponsor>
        <bioguideId>D000563</bioguideId>
        <fullName>Sen. Durbin, Richard [D-IL]</fullName>
        <middleName>J.</middleName>
        <sponsorshipWithdrawnDate />
      </item>
      <item>
        <lastName>ROBERTS</lastName>
        <sponsorshipDate>2014-05-21</sponsorshipDate>
        <firstName>PAT</firstName>
        <identifiers>
          <gpoId>8275</gpoId>
          <lisID>968</lisID>
          <bioguideId>R000307</bioguideId>
        </identifiers>
        <isOriginalCosponsor>True</isOriginalCosponsor>
        <bioguideId>R000307</bioguideId>
        <fullName>Sen. Roberts, Pat [R-KS]</fullName>
        <middleName />
        <sponsorshipWithdrawnDate />
      </item>
      <item>
        <lastName>Johnson</lastName>
        <sponsorshipDate>2014-05-21</sponsorshipDate>
        <firstName>Ron</firstName>
        <identifiers>
          <gpoId>8355</gpoId>
          <bioguideId>J000293</bioguideId>
          <lisID>2086</lisID>
        </identifiers>
        <isOriginalCosponsor>True</isOriginalCosponsor>
        <bioguideId>J000293</bioguideId>
        <fullName>Sen. Johnson, Ron [R-WI]</fullName>
        <middleName />
        <sponsorshipWithdrawnDate />
      </item>
      <item>
        <lastName>Isakson</lastName>
        <sponsorshipDate>2014-05-21</sponsorshipDate>
        <firstName>Johnny</firstName>
        <identifiers>
          <lisID>1608</lisID>
          <bioguideId>I000055</bioguideId>
          <gpoId>8323</gpoId>
        </identifiers>
        <isOriginalCosponsor>True</isOriginalCosponsor>
        <bioguideId>I000055</bioguideId>
        <fullName>Sen. Isakson, Johnny [R-GA]</fullName>
        <middleName />
        <sponsorshipWithdrawnDate />
      </item>
      <item>
        <lastName>BURR</lastName>
        <sponsorshipDate>2014-05-21</sponsorshipDate>
        <firstName>RICHARD</firstName>
        <identifiers>
          <lisID>153</lisID>
          <gpoId>8286</gpoId>
          <bioguideId>B001135</bioguideId>
        </identifiers>
        <isOriginalCosponsor>True</isOriginalCosponsor>
        <bioguideId>B001135</bioguideId>
        <fullName>Sen. Burr, Richard [R-NC]</fullName>
        <middleName />
        <sponsorshipWithdrawnDate />
      </item>
      <item>
        <lastName>MIKULSKI</lastName>
        <sponsorshipDate>2014-05-21</sponsorshipDate>
        <firstName>BARBARA</firstName>
        <identifiers>
          <gpoId>8240</gpoId>
          <lisID>802</lisID>
          <bioguideId>M000702</bioguideId>
        </identifiers>
        <isOriginalCosponsor>True</isOriginalCosponsor>
        <bioguideId>M000702</bioguideId>
        <fullName>Sen. Mikulski, Barbara A. [D-MD]</fullName>
        <middleName>ANN</middleName>
        <sponsorshipWithdrawnDate />
      </item>
      <item>
        <lastName>COBURN</lastName>
        <sponsorshipDate>2014-05-21</sponsorshipDate>
        <firstName>TOM</firstName>
        <identifiers>
          <lisID>212</lisID>
          <bioguideId>C000560</bioguideId>
          <gpoId>8293</gpoId>
        </identifiers>
        <isOriginalCosponsor>True</isOriginalCosponsor>
        <bioguideId>C000560</bioguideId>
        <fullName>Sen. Coburn, Tom [R-OK]</fullName>
        <middleName />
        <sponsorshipWithdrawnDate />
      </item>
      <item>
        <lastName>MARKEY</lastName>
        <sponsorshipDate>2014-05-22</sponsorshipDate>
        <firstName>EDWARD</firstName>
        <identifiers>
          <bioguideId>M000133</bioguideId>
          <lisID>735</lisID>
          <gpoId>7972</gpoId>
        </identifiers>
        <isOriginalCosponsor>False</isOriginalCosponsor>
        <bioguideId>M000133</bioguideId>
        <fullName>Sen. Markey, Edward J. [D-MA]</fullName>
        <middleName>J.</middleName>
        <sponsorshipWithdrawnDate />
      </item>
      <item>
        <lastName>KIRK</lastName>
        <sponsorshipDate>2014-05-22</sponsorshipDate>
        <firstName>MARK</firstName>
        <identifiers>
          <lisID>1647</lisID>
          <gpoId>8285</gpoId>
          <bioguideId>K000360</bioguideId>
        </identifiers>
        <isOriginalCosponsor>False</isOriginalCosponsor>
        <bioguideId>K000360</bioguideId>
        <fullName>Sen. Kirk, Mark Steven [R-IL]</fullName>
        <middleName>STEVEN</middleName>
        <sponsorshipWithdrawnDate />
      </item>
      <item>
        <lastName>HATCH</lastName>
        <sponsorshipDate>2014-05-22</sponsorshipDate>
        <firstName>ORRIN</firstName>
        <identifiers>
          <gpoId>8314</gpoId>
          <lisID>1351</lisID>
          <bioguideId>H000338</bioguideId>
        </identifiers>
        <isOriginalCosponsor>False</isOriginalCosponsor>
        <bioguideId>H000338</bioguideId>
        <fullName>Sen. Hatch, Orrin G. [R-UT]</fullName>
        <middleName>GRANT</middleName>
        <sponsorshipWithdrawnDate />
      </item>
      <item>
        <lastName>CARDIN</lastName>
        <sponsorshipDate>2014-05-22</sponsorshipDate>
        <firstName>BENJAMIN</firstName>
        <identifiers>
          <gpoId>8287</gpoId>
          <bioguideId>C000141</bioguideId>
          <lisID>174</lisID>
        </identifiers>
        <isOriginalCosponsor>False</isOriginalCosponsor>
        <bioguideId>C000141</bioguideId>
        <fullName>Sen. Cardin, Benjamin L. [D-MD]</fullName>
        <middleName>L.</middleName>
        <sponsorshipWithdrawnDate />
      </item>
      <item>
        <lastName>Johanns</lastName>
        <sponsorshipDate>2014-05-22</sponsorshipDate>
        <firstName>Mike</firstName>
        <identifiers>
          <bioguideId>J000291</bioguideId>
          <lisID>1899</lisID>
          <gpoId>8325</gpoId>
        </identifiers>
        <isOriginalCosponsor>False</isOriginalCosponsor>
        <bioguideId>J000291</bioguideId>
        <fullName>Sen. Johanns, Mike [R-NE]</fullName>
        <middleName />
        <sponsorshipWithdrawnDate />
      </item>
      <item>
        <lastName>Blunt</lastName>
        <sponsorshipDate>2014-05-22</sponsorshipDate>
        <firstName>Roy</firstName>
        <identifiers>
          <gpoId>8313</gpoId>
          <lisID>1464</lisID>
          <bioguideId>B000575</bioguideId>
        </identifiers>
        <isOriginalCosponsor>False</isOriginalCosponsor>
        <bioguideId>B000575</bioguideId>
        <fullName>Sen. Blunt, Roy [R-MO]</fullName>
        <middleName />
        <sponsorshipWithdrawnDate />
      </item>
      <item>
        <lastName>COLLINS</lastName>
        <sponsorshipDate>2014-06-02</sponsorshipDate>
        <firstName>SUSAN</firstName>
        <identifiers>
          <bioguideId>C001035</bioguideId>
          <lisID>1541</lisID>
          <gpoId>8291</gpoId>
        </identifiers>
        <isOriginalCosponsor>False</isOriginalCosponsor>
        <bioguideId>C001035</bioguideId>
        <fullName>Sen. Collins, Susan M. [R-ME]</fullName>
        <middleName>MARGARET</middleName>
        <sponsorshipWithdrawnDate />
      </item>
      <item>
        <lastName>Cornyn</lastName>
        <sponsorshipDate>2014-06-02</sponsorshipDate>
        <firstName>John</firstName>
        <identifiers>
          <gpoId>8295</gpoId>
          <bioguideId>C001056</bioguideId>
          <lisID>1692</lisID>
        </identifiers>
        <isOriginalCosponsor>False</isOriginalCosponsor>
        <bioguideId>C001056</bioguideId>
        <fullName>Sen. Cornyn, John [R-TX]</fullName>
        <middleName />
        <sponsorshipWithdrawnDate />
      </item>
      <item>
        <lastName>PORTMAN</lastName>
        <sponsorshipDate>2014-06-02</sponsorshipDate>
        <firstName>ROB</firstName>
        <identifiers>
          <gpoId>8266</gpoId>
          <bioguideId>P000449</bioguideId>
          <lisID>924</lisID>
        </identifiers>
        <isOriginalCosponsor>False</isOriginalCosponsor>
        <bioguideId>P000449</bioguideId>
        <fullName>Sen. Portman, Rob [R-OH]</fullName>
        <middleName />
        <sponsorshipWithdrawnDate />
      </item>
      <item>
        <lastName>LANDRIEU</lastName>
        <sponsorshipDate>2014-06-02</sponsorshipDate>
        <firstName>MARY</firstName>
        <identifiers>
          <lisID>1546</lisID>
          <gpoId>8251</gpoId>
          <bioguideId>L000550</bioguideId>
        </identifiers>
        <isOriginalCosponsor>False</isOriginalCosponsor>
        <bioguideId>L000550</bioguideId>
        <fullName>Sen. Landrieu, Mary L. [D-LA]</fullName>
        <middleName />
        <sponsorshipWithdrawnDate />
      </item>
      <item>
        <lastName>Franken</lastName>
        <sponsorshipDate>2014-06-03</sponsorshipDate>
        <firstName>Al</firstName>
        <identifiers>
          <bioguideId>F000457</bioguideId>
          <lisID>1969</lisID>
          <gpoId>8339</gpoId>
        </identifiers>
        <isOriginalCosponsor>False</isOriginalCosponsor>
        <bioguideId>F000457</bioguideId>
        <fullName>Sen. Franken, Al [D-MN]</fullName>
        <middleName />
        <sponsorshipWithdrawnDate />
      </item>
      <item>
        <lastName>CHAMBLISS</lastName>
        <sponsorshipDate>2014-06-03</sponsorshipDate>
        <firstName>SAXBY</firstName>
        <identifiers>
          <lisID>188</lisID>
          <bioguideId>C000286</bioguideId>
          <gpoId>8284</gpoId>
        </identifiers>
        <isOriginalCosponsor>False</isOriginalCosponsor>
        <bioguideId>C000286</bioguideId>
        <fullName>Sen. Chambliss, Saxby [R-GA]</fullName>
        <middleName />
        <sponsorshipWithdrawnDate />
      </item>
    </cosponsors>
    <cboCostEstimates />
    <summaries>
      <billSummaries>
        <item>
          <versionCode>00</versionCode>
          <name>Introduced in Senate</name>
          <actionDate>2014-05-21</actionDate>
          <updateDate>2014-05-21T04:00:00Z</updateDate>
          <lastSummaryUpdateDate>2014-05-23T16:47:52Z</lastSummaryUpdateDate>
          <text><![CDATA[<p>Condemns the charge of apostasy and death sentence of Meriam Yahia Ibrahim Ishag and calls for the release of her and her son.</p> <p> Encourages U.S. efforts to support religious freedom in Sudan, including by requiring before normalizing relations or lifting sanctions that Sudan abide by international standards of religious freedom.</p> <p>Reaffirms the commitment of the United States to end religious discrimination and to pursue policies that guarantee the basic human rights of all individuals.</p> <p>Encourages the Department of State and the U.S. Agency for International Development (USAID) to continue their support for initiatives worldwide that support religious freedom.</p>]]></text>
          <actionDesc>Introduced in Senate</actionDesc>
        </item>
        <item>
          <versionCode>35</versionCode>
          <name>Passed Senate amended</name>
          <actionDate>2014-06-03</actionDate>
          <updateDate>2014-06-03T11:07:54Z</updateDate>
          <lastSummaryUpdateDate>2014-06-05T14:10:54Z</lastSummaryUpdateDate>
          <text><![CDATA[<p>Condemns the charge of apostasy and death sentence of Meriam Yahia Ibrahim Ishag and calls for the release of her and her children.</p> <p> Encourages U.S. efforts to support religious freedom in Sudan, including by requiring before normalizing relations or lifting sanctions that Sudan abide by international standards of religious freedom.</p> <p>Urges the government of Sudan to ensure that the drafting process for the new constitution includes civil society leaders and representatives of all major political parties in order to ensure freedom of religion, respect for human rights, and recognition of Sudan as a multireligious, multiethnic, and multicultural nation.</p> <p>Recognizes that every individual should have the opportunity to practice his or her religion without fear of discrimination.</p> <p>Reaffirms the commitment of the United States to end religious discrimination and to pursue policies that guarantee the basic human rights of all individuals.</p> <p>Encourages the Department of State and the U.S. Agency for International Development (USAID) to continue their support for initiatives worldwide that support religious freedom.</p>]]></text>
          <actionDesc>Passed Senate amended</actionDesc>
        </item>
      </billSummaries>
    </summaries>
    <committeeReports />
    <title>A resolution condemning the death sentence against Meriam Yahia Ibrahim Ishag, a Sudanese Christian woman accused of apostasy.</title>
    <calendarNumbers />
    <notes />
    <subjects>
      <billSubjects>
        <policyArea>
          <name>International Affairs</name>
        </policyArea>
        <legislativeSubjects>
          <item>
            <name>Africa</name>
          </item>
          <item>
            <name>Detention of persons</name>
          </item>
          <item>
            <name>Foreign aid and international relief</name>
          </item>
          <item>
            <name>Human rights</name>
          </item>
          <item>
            <name>Religion</name>
          </item>
          <item>
            <name>Sanctions</name>
          </item>
          <item>
            <name>Sudan</name>
          </item>
          <item>
            <name>Women's rights</name>
          </item>
        </legislativeSubjects>
      </billSubjects>
    </subjects>
    <congress>113</congress>
    <originChamber>Senate</originChamber>
    <titles>
      <item>
        <title>A resolution condemning the death sentence against Meriam Yahia Ibrahim Ishag, a Sudanese Christian woman accused of apostasy.</title>
        <titleType>Official Title as Introduced</titleType>
        <parentTitleType />
        <chamberName />
        <chamberCode />
      </item>
      <item>
        <title>A resolution condemning the death sentence against Meriam Yahia Ibrahim Ishag, a Sudanese Christian woman accused of apostasy.</title>
        <titleType>Display Title</titleType>
        <parentTitleType />
        <chamberName />
        <chamberCode />
      </item>
    </titles>
  </bill>
  <dublinCore xmlns:dc="http://purl.org/dc/elements/1.1/">
    <dc:format>text/xml</dc:format>
    <dc:language>EN</dc:language>
    <dc:rights>Pursuant to Title 17 Section 105 of the United States Code, this file is not subject to copyright protection and is in the public domain.</dc:rights>
    <dc:contributor>Congressional Research Service, Library of Congress</dc:contributor>
    <dc:description>This file contains bill summaries and statuses for federal legislation. A bill summary describes the most significant provisions of a piece of legislation and details the effects the legislative text may have on current law and federal programs. Bill summaries are authored by the Congressional Research Service (CRS) of the Library of Congress. As stated in Public Law 91-510 (2 USC 166 (d)(6)), one of the duties of CRS is "to prepare summaries and digests of bills and resolutions of a public general nature introduced in the Senate or House of Representatives". For more information, refer to the User Guide that accompanies this file.</dc:description>
  </dublinCore>
</billStatus>

