<?xml version="1.0" encoding="UTF-8"?>
<billStatus>
  <bill>
    <actions>
      <item>
        <actionDate>2013-04-16</actionDate>
        <committee />
        <links>
          <link>
            <name>S2688</name>
            <url>/congressional-record/2013/senate-section/page/S2688</url>
          </link>
        </links>
        <sourceSystem>
          <name>Senate</name>
          <code>0</code>
        </sourceSystem>
        <text>Submitted in the Senate, considered, and agreed to without amendment and with a preamble by Unanimous Consent. (consideration: CR S2696; text as passed Senate: CR S2688)</text>
        <type>Floor</type>
      </item>
      <item>
        <committee />
        <type>Floor</type>
        <links>
          <link>
            <name>S2688</name>
            <url>/congressional-record/2013/senate-section/page/S2688</url>
          </link>
        </links>
        <actionCode>17000</actionCode>
        <sourceSystem>
          <name>Library of Congress</name>
          <code>9</code>
        </sourceSystem>
        <actionDate>2013-04-16</actionDate>
        <text>Passed/agreed to in Senate: Submitted in the Senate, considered, and agreed to without amendment and with a preamble by Unanimous Consent.(consideration: CR S2696; text as passed Senate: CR S2688)</text>
      </item>
      <item>
        <committee />
        <type>IntroReferral</type>
        <links />
        <actionCode>10000</actionCode>
        <sourceSystem>
          <name>Library of Congress</name>
          <code>9</code>
        </sourceSystem>
        <actionDate>2013-04-16</actionDate>
        <text>Introduced in Senate</text>
      </item>
      <actionByCounts>
        <senate>3</senate>
      </actionByCounts>
      <actionTypeCounts>
        <introducedInSenate>1</introducedInSenate>
        <passedAgreedToInSenate>1</passedAgreedToInSenate>
        <passedOrAgreedToInSenateDayOf>1</passedOrAgreedToInSenateDayOf>
      </actionTypeCounts>
    </actions>
    <title>A resolution commending and congratulating the University of Louisville men's basketball team for winning its third Division I National Collegiate Athletic Association championship, and the University of Louisville women's basketball team for being runner up in the 2013 Women's Division I National Collegiate Athletic Association Basketball Tournament.</title>
    <cosponsors>
      <item>
        <sponsorshipWithdrawnDate />
        <bioguideId>P000603</bioguideId>
        <fullName>Sen. Paul, Rand [R-KY]</fullName>
        <lastName>Paul</lastName>
        <isOriginalCosponsor>True</isOriginalCosponsor>
        <identifiers>
          <gpoId>8308</gpoId>
          <lisID>2082</lisID>
          <bioguideId>P000603</bioguideId>
        </identifiers>
        <middleName />
        <sponsorshipDate>2013-04-16</sponsorshipDate>
        <firstName>Rand</firstName>
      </item>
    </cosponsors>
    <sponsors>
      <item>
        <middleName />
        <firstName>MITCH</firstName>
        <byRequestType />
        <bioguideId>M000355</bioguideId>
        <fullName>Sen. McConnell, Mitch [R-KY]</fullName>
        <lastName>MCCONNELL</lastName>
        <identifiers>
          <gpoId>8254</gpoId>
          <lisID>1395</lisID>
          <bioguideId>M000355</bioguideId>
        </identifiers>
      </item>
    </sponsors>
    <subjects>
      <billSubjects>
        <policyArea>
          <name>Sports and Recreation</name>
        </policyArea>
        <legislativeSubjects>
          <item>
            <name>Athletes</name>
          </item>
          <item>
            <name>Congressional tributes</name>
          </item>
          <item>
            <name>Higher education</name>
          </item>
          <item>
            <name>Kentucky</name>
          </item>
          <item>
            <name>School athletics</name>
          </item>
        </legislativeSubjects>
      </billSubjects>
    </subjects>
    <updateDate>2016-10-25T16:18:18Z</updateDate>
    <originChamber>Senate</originChamber>
    <titles>
      <item>
        <parentTitleType />
        <title>A resolution commending and congratulating the University of Louisville men's basketball team for winning its third Division I National Collegiate Athletic Association championship, and the University of Louisville women's basketball team for being runner up in the 2013 Women's Division I National Collegiate Athletic Association Basketball Tournament.</title>
        <chamberName />
        <titleType>Official Title as Introduced</titleType>
        <chamberCode />
      </item>
      <item>
        <parentTitleType />
        <title>A resolution commending and congratulating the University of Louisville men's basketball team for winning its third Division I National Collegiate Athletic Association championship, and the University of Louisville women's basketball team for being runner up in the 2013 Women's Division I National Collegiate Athletic Association Basketball Tournament.</title>
        <chamberName />
        <titleType>Display Title</titleType>
        <chamberCode />
      </item>
    </titles>
    <createDate>2013-04-17T07:32:08Z</createDate>
    <congress>113</congress>
    <introducedDate>2013-04-16</introducedDate>
    <latestAction>
      <links />
      <actionDate>2013-04-16</actionDate>
      <text>Submitted in the Senate, considered, and agreed to without amendment and with a preamble by Unanimous Consent. (consideration: CR S2696; text as passed Senate: CR S2688)</text>
    </latestAction>
    <laws />
    <relatedBills />
    <notes />
    <recordedVotes />
    <cboCostEstimates />
    <policyArea>
      <name>Sports and Recreation</name>
    </policyArea>
    <billNumber>100</billNumber>
    <billType>SRES</billType>
    <committees>
      <billCommittees />
    </committees>
    <amendments />
    <summaries>
      <billSummaries>
        <item>
          <updateDate>2013-04-16T04:00:00Z</updateDate>
          <text><![CDATA[<p>Congratulates the University of Louisville men's basketball team for winning the Division I National Collegiate Athletic Association championship and the University of Louisville women's basketball team for being runner up in the 2013 Women's Division I National Collegiate Athletic Association Basketball Tournament.</p>]]></text>
          <actionDate>2013-04-16</actionDate>
          <actionDesc>Introduced in Senate</actionDesc>
          <name>Introduced in Senate</name>
          <lastSummaryUpdateDate>2013-05-02T19:29:22Z</lastSummaryUpdateDate>
          <versionCode>00</versionCode>
        </item>
        <item>
          <updateDate>2013-04-16T12:21:13Z</updateDate>
          <text><![CDATA[<p><b>(This measure has not been amended since it was introduced. The summary of that version is repeated here.)</b></p> <p>Congratulates the University of Louisville men's basketball team for winning the Division I National Collegiate Athletic Association championship and the University of Louisville women's basketball team for being runner up in the 2013 Women's Division I National Collegiate Athletic Association Basketball Tournament.</p>]]></text>
          <actionDate>2013-04-16</actionDate>
          <actionDesc>Passed Senate without amendment</actionDesc>
          <name>Passed Senate without amendment</name>
          <lastSummaryUpdateDate>2013-05-02T19:29:59Z</lastSummaryUpdateDate>
          <versionCode>82</versionCode>
        </item>
      </billSummaries>
    </summaries>
    <calendarNumbers />
    <committeeReports />
  </bill>
  <dublinCore xmlns:dc="http://purl.org/dc/elements/1.1/">
    <dc:format>text/xml</dc:format>
    <dc:language>EN</dc:language>
    <dc:rights>Pursuant to Title 17 Section 105 of the United States Code, this file is not subject to copyright protection and is in the public domain.</dc:rights>
    <dc:contributor>Congressional Research Service, Library of Congress</dc:contributor>
    <dc:description>This file contains bill summaries and statuses for federal legislation. A bill summary describes the most significant provisions of a piece of legislation and details the effects the legislative text may have on current law and federal programs. Bill summaries are authored by the Congressional Research Service (CRS) of the Library of Congress. As stated in Public Law 91-510 (2 USC 166 (d)(6)), one of the duties of CRS is "to prepare summaries and digests of bills and resolutions of a public general nature introduced in the Senate or House of Representatives". For more information, refer to the User Guide that accompanies this file.</dc:description>
  </dublinCore>
</billStatus>

