<?xml version="1.0" encoding="UTF-8"?>
<billStatus>
  <bill>
    <titles>
      <item>
        <chamberName />
        <chamberCode />
        <parentTitleType />
        <titleType>Official Title as Introduced</titleType>
        <title>A resolution commending rehabilitation counselors and supporting the goals and ideals of National Rehabilitation Counselors Appreciation Day.</title>
      </item>
      <item>
        <chamberName />
        <chamberCode />
        <parentTitleType />
        <titleType>Display Title</titleType>
        <title>A resolution commending rehabilitation counselors and supporting the goals and ideals of National Rehabilitation Counselors Appreciation Day.</title>
      </item>
    </titles>
    <introducedDate>2013-04-23</introducedDate>
    <notes />
    <calendarNumbers />
    <committees>
      <billCommittees />
    </committees>
    <sponsors>
      <item>
        <lastName>Casey</lastName>
        <middleName />
        <bioguideId>C001070</bioguideId>
        <firstName>Bob</firstName>
        <byRequestType />
        <fullName>Sen. Casey, Robert P., Jr. [D-PA]</fullName>
        <identifiers>
          <bioguideId>C001070</bioguideId>
          <lisID>1828</lisID>
          <gpoId>8282</gpoId>
        </identifiers>
      </item>
    </sponsors>
    <subjects>
      <billSubjects>
        <policyArea>
          <name>Health</name>
        </policyArea>
        <legislativeSubjects>
          <item>
            <name>Commemorative events and holidays</name>
          </item>
          <item>
            <name>Congressional tributes</name>
          </item>
          <item>
            <name>Disability and paralysis</name>
          </item>
          <item>
            <name>Health personnel</name>
          </item>
          <item>
            <name>Social work, volunteer service, charitable organizations</name>
          </item>
        </legislativeSubjects>
      </billSubjects>
    </subjects>
    <originChamber>Senate</originChamber>
    <createDate>2013-04-24T07:02:11Z</createDate>
    <congress>113</congress>
    <cosponsors>
      <item>
        <firstName>SAXBY</firstName>
        <fullName>Sen. Chambliss, Saxby [R-GA]</fullName>
        <identifiers>
          <gpoId>8284</gpoId>
          <bioguideId>C000286</bioguideId>
          <lisID>188</lisID>
        </identifiers>
        <bioguideId>C000286</bioguideId>
        <sponsorshipWithdrawnDate />
        <middleName />
        <isOriginalCosponsor>True</isOriginalCosponsor>
        <sponsorshipDate>2013-04-23</sponsorshipDate>
        <lastName>CHAMBLISS</lastName>
      </item>
    </cosponsors>
    <billType>SRES</billType>
    <billNumber>106</billNumber>
    <summaries>
      <billSummaries>
        <item>
          <lastSummaryUpdateDate>2013-05-02T19:32:44Z</lastSummaryUpdateDate>
          <name>Introduced in Senate</name>
          <actionDesc>Introduced in Senate</actionDesc>
          <text><![CDATA[<p>Expresses support for the goals and ideals of National Rehabilitation Counselors Appreciation Day.</p> <p>Commends rehabilitation counselors and professional organizations assisting those who require rehabilitation.</p>]]></text>
          <actionDate>2013-04-23</actionDate>
          <versionCode>00</versionCode>
          <updateDate>2013-04-23T04:00:00Z</updateDate>
        </item>
        <item>
          <lastSummaryUpdateDate>2013-05-02T19:33:04Z</lastSummaryUpdateDate>
          <name>Passed Senate without amendment</name>
          <actionDesc>Passed Senate without amendment</actionDesc>
          <text><![CDATA[<p><b>(This measure has not been amended since it was introduced. The summary of that version is repeated here.)</b></p> <p>Expresses support for the goals and ideals of National Rehabilitation Counselors Appreciation Day.</p> <p>Commends rehabilitation counselors and professional organizations assisting those who require rehabilitation.</p>]]></text>
          <actionDate>2013-04-23</actionDate>
          <versionCode>82</versionCode>
          <updateDate>2013-04-23T15:46:57Z</updateDate>
        </item>
      </billSummaries>
    </summaries>
    <actions>
      <item>
        <actionDate>2013-04-23</actionDate>
        <committee />
        <links>
          <link>
            <name>S2902</name>
            <url>/congressional-record/2013/senate-section/page/S2902</url>
          </link>
        </links>
        <sourceSystem>
          <code>0</code>
          <name>Senate</name>
        </sourceSystem>
        <text>Submitted in the Senate, considered, and agreed to without amendment and with a preamble by Unanimous Consent. (consideration: CR S2904; text as passed Senate: CR S2902)</text>
        <type>Floor</type>
      </item>
      <item>
        <sourceSystem>
          <code>9</code>
          <name>Library of Congress</name>
        </sourceSystem>
        <actionDate>2013-04-23</actionDate>
        <committee />
        <actionCode>17000</actionCode>
        <type>Floor</type>
        <links>
          <link>
            <name>S2902</name>
            <url>/congressional-record/2013/senate-section/page/S2902</url>
          </link>
        </links>
        <text>Passed/agreed to in Senate: Submitted in the Senate, considered, and agreed to without amendment and with a preamble by Unanimous Consent.(consideration: CR S2904; text as passed Senate: CR S2902)</text>
      </item>
      <item>
        <sourceSystem>
          <code>9</code>
          <name>Library of Congress</name>
        </sourceSystem>
        <actionDate>2013-04-23</actionDate>
        <committee />
        <actionCode>10000</actionCode>
        <type>IntroReferral</type>
        <links />
        <text>Introduced in Senate</text>
      </item>
      <actionByCounts>
        <senate>3</senate>
      </actionByCounts>
      <actionTypeCounts>
        <introducedInSenate>1</introducedInSenate>
        <passedOrAgreedToInSenateDayOf>1</passedOrAgreedToInSenateDayOf>
        <passedAgreedToInSenate>1</passedAgreedToInSenate>
      </actionTypeCounts>
    </actions>
    <relatedBills>
      <item>
        <number>388</number>
        <relationshipDetails>
          <item>
            <type>Related bill</type>
            <identifiedBy>CRS</identifiedBy>
          </item>
        </relationshipDetails>
        <congress>113</congress>
        <latestAction>
          <actionDate>2014-03-13</actionDate>
          <text>Submitted in the Senate, considered, and agreed to without amendment and with a preamble by Unanimous Consent. (consideration: CR S1669; text as passed Senate: CR S1663)</text>
        </latestAction>
        <latestTitle>A resolution designating March 22, 2014, as "National Rehabilitation Counselors Appreciation Day".</latestTitle>
        <type>SRES</type>
      </item>
    </relatedBills>
    <policyArea>
      <name>Health</name>
    </policyArea>
    <updateDate>2016-10-25T16:18:19Z</updateDate>
    <recordedVotes />
    <cboCostEstimates />
    <latestAction>
      <text>Submitted in the Senate, considered, and agreed to without amendment and with a preamble by Unanimous Consent. (consideration: CR S2904; text as passed Senate: CR S2902)</text>
      <actionDate>2013-04-23</actionDate>
      <links />
    </latestAction>
    <title>A resolution commending rehabilitation counselors and supporting the goals and ideals of National Rehabilitation Counselors Appreciation Day.</title>
    <amendments />
    <laws />
    <committeeReports />
  </bill>
  <dublinCore xmlns:dc="http://purl.org/dc/elements/1.1/">
    <dc:format>text/xml</dc:format>
    <dc:language>EN</dc:language>
    <dc:rights>Pursuant to Title 17 Section 105 of the United States Code, this file is not subject to copyright protection and is in the public domain.</dc:rights>
    <dc:contributor>Congressional Research Service, Library of Congress</dc:contributor>
    <dc:description>This file contains bill summaries and statuses for federal legislation. A bill summary describes the most significant provisions of a piece of legislation and details the effects the legislative text may have on current law and federal programs. Bill summaries are authored by the Congressional Research Service (CRS) of the Library of Congress. As stated in Public Law 91-510 (2 USC 166 (d)(6)), one of the duties of CRS is "to prepare summaries and digests of bills and resolutions of a public general nature introduced in the Senate or House of Representatives". For more information, refer to the User Guide that accompanies this file.</dc:description>
  </dublinCore>
</billStatus>

