<?xml version="1.0" encoding="UTF-8"?>
<billStatus>
  <bill>
    <actions>
      <actionTypeCounts>
        <passedOrAgreedToInSenateDayOf>1</passedOrAgreedToInSenateDayOf>
        <passedAgreedToInSenate>1</passedAgreedToInSenate>
        <introducedInSenate>1</introducedInSenate>
      </actionTypeCounts>
      <actionByCounts>
        <senate>3</senate>
      </actionByCounts>
      <item>
        <actionDate>2013-04-18</actionDate>
        <committee />
        <links>
          <link>
            <name>S2806</name>
            <url>/congressional-record/2013/senate-section/page/S2806</url>
          </link>
        </links>
        <sourceSystem>
          <name>Senate</name>
          <code>0</code>
        </sourceSystem>
        <text>Submitted in the Senate, considered, and agreed to without amendment and with a preamble by Unanimous Consent. (consideration: CR S2817; text as passed Senate: CR S2806)</text>
        <type>Floor</type>
      </item>
      <item>
        <committee />
        <sourceSystem>
          <name>Library of Congress</name>
          <code>9</code>
        </sourceSystem>
        <type>Floor</type>
        <text>Passed/agreed to in Senate: Submitted in the Senate, considered, and agreed to without amendment and with a preamble by Unanimous Consent.(consideration: CR S2817; text as passed Senate: CR S2806)</text>
        <actionDate>2013-04-18</actionDate>
        <links>
          <link>
            <name>S2806</name>
            <url>/congressional-record/2013/senate-section/page/S2806</url>
          </link>
        </links>
        <actionCode>17000</actionCode>
      </item>
      <item>
        <committee />
        <sourceSystem>
          <name>Library of Congress</name>
          <code>9</code>
        </sourceSystem>
        <type>IntroReferral</type>
        <text>Introduced in Senate</text>
        <actionDate>2013-04-18</actionDate>
        <links />
        <actionCode>10000</actionCode>
      </item>
    </actions>
    <title>A resolution to authorize representation by the Senate Legal Counsel in the case of Steve Schonberg v. Senator Mitch McConnell, et al.</title>
    <cosponsors />
    <sponsors>
      <item>
        <middleName>M.</middleName>
        <firstName>HARRY</firstName>
        <byRequestType />
        <bioguideId>R000146</bioguideId>
        <fullName>Sen. Reid, Harry [D-NV]</fullName>
        <lastName>REID</lastName>
        <identifiers>
          <gpoId>8271</gpoId>
          <lisID>952</lisID>
          <bioguideId>R000146</bioguideId>
        </identifiers>
      </item>
    </sponsors>
    <subjects>
      <billSubjects>
        <policyArea>
          <name>Congress</name>
        </policyArea>
        <legislativeSubjects>
          <item>
            <name>Civil actions and liability</name>
          </item>
          <item>
            <name>Congressional officers and employees</name>
          </item>
          <item>
            <name>Evidence and witnesses</name>
          </item>
          <item>
            <name>Legislative rules and procedure</name>
          </item>
          <item>
            <name>Members of Congress</name>
          </item>
          <item>
            <name>Senate</name>
          </item>
        </legislativeSubjects>
      </billSubjects>
    </subjects>
    <updateDate>2016-10-25T16:18:19Z</updateDate>
    <originChamber>Senate</originChamber>
    <titles>
      <item>
        <chamberName />
        <parentTitleType />
        <titleType>Official Title as Introduced</titleType>
        <chamberCode />
        <title>A resolution to authorize representation by the Senate Legal Counsel in the case of Steve Schonberg v. Senator Mitch McConnell, et al.</title>
      </item>
      <item>
        <chamberName />
        <parentTitleType />
        <titleType>Display Title</titleType>
        <chamberCode />
        <title>A resolution to authorize representation by the Senate Legal Counsel in the case of Steve Schonberg v. Senator Mitch McConnell, et al.</title>
      </item>
    </titles>
    <createDate>2013-04-19T07:02:09Z</createDate>
    <congress>113</congress>
    <introducedDate>2013-04-18</introducedDate>
    <latestAction>
      <links />
      <actionDate>2013-04-18</actionDate>
      <text>Submitted in the Senate, considered, and agreed to without amendment and with a preamble by Unanimous Consent. (consideration: CR S2817; text as passed Senate: CR S2806)</text>
    </latestAction>
    <laws />
    <relatedBills />
    <notes />
    <recordedVotes />
    <cboCostEstimates />
    <policyArea>
      <name>Congress</name>
    </policyArea>
    <billNumber>103</billNumber>
    <billType>SRES</billType>
    <committees>
      <billCommittees />
    </committees>
    <amendments />
    <summaries>
      <billSummaries>
        <item>
          <lastSummaryUpdateDate>2013-04-23T15:51:46Z</lastSummaryUpdateDate>
          <text><![CDATA[<p>Authorizes the Senate Legal Counsel to represent Senator Mitch McConnell, Vice President Joseph R. Biden, Jr., and Sergeant at Arms Terrance W. Gainer in the case of <i>Steve Schonberg v. Senator Mitch McConnell, et al</i>.</p>]]></text>
          <updateDate>2013-04-18T04:00:00Z</updateDate>
          <actionDesc>Introduced in Senate</actionDesc>
          <name>Introduced in Senate</name>
          <versionCode>00</versionCode>
          <actionDate>2013-04-18</actionDate>
        </item>
        <item>
          <lastSummaryUpdateDate>2013-04-23T14:51:19Z</lastSummaryUpdateDate>
          <text><![CDATA[<p><b>(This measure has not been amended since it was introduced. The summary of that version is repeated here.)</b></p> <p>Authorizes the Senate Legal Counsel to represent Senator Mitch McConnell, Vice President Joseph R. Biden, Jr., and Sergeant at Arms Terrance W. Gainer in the case of <i>Steve Schonberg v. Senator Mitch McConnell, et al</i>.</p>]]></text>
          <updateDate>2013-04-18T12:58:09Z</updateDate>
          <actionDesc>Passed Senate without amendment</actionDesc>
          <name>Passed Senate without amendment</name>
          <versionCode>82</versionCode>
          <actionDate>2013-04-18</actionDate>
        </item>
      </billSummaries>
    </summaries>
    <calendarNumbers />
    <committeeReports />
  </bill>
  <dublinCore xmlns:dc="http://purl.org/dc/elements/1.1/">
    <dc:format>text/xml</dc:format>
    <dc:language>EN</dc:language>
    <dc:rights>Pursuant to Title 17 Section 105 of the United States Code, this file is not subject to copyright protection and is in the public domain.</dc:rights>
    <dc:contributor>Congressional Research Service, Library of Congress</dc:contributor>
    <dc:description>This file contains bill summaries and statuses for federal legislation. A bill summary describes the most significant provisions of a piece of legislation and details the effects the legislative text may have on current law and federal programs. Bill summaries are authored by the Congressional Research Service (CRS) of the Library of Congress. As stated in Public Law 91-510 (2 USC 166 (d)(6)), one of the duties of CRS is "to prepare summaries and digests of bills and resolutions of a public general nature introduced in the Senate or House of Representatives". For more information, refer to the User Guide that accompanies this file.</dc:description>
  </dublinCore>
</billStatus>

