<?xml version="1.0" encoding="UTF-8"?>
<billStatus>
  <bill>
    <relatedBills>
      <item>
        <relationshipDetails>
          <item>
            <type>Identical bill</type>
            <identifiedBy>CRS</identifiedBy>
          </item>
        </relationshipDetails>
        <latestAction>
          <text>Referred to the House Committee on Education and the Workforce.</text>
          <actionDate>2013-03-14</actionDate>
        </latestAction>
        <latestTitle>Supporting the goals and ideals of Professional Social Work Month and World Social Work Day.</latestTitle>
        <congress>113</congress>
        <number>118</number>
        <type>HRES</type>
      </item>
      <item>
        <relationshipDetails>
          <item>
            <type>Related bill</type>
            <identifiedBy>CRS</identifiedBy>
          </item>
        </relationshipDetails>
        <latestAction>
          <text>Referred to the Committee on the Judiciary. (text of measure as introduced: CR S1663)</text>
          <actionDate>2014-03-13</actionDate>
        </latestAction>
        <latestTitle>A resolution supporting the goals and ideals of National Professional Social Work Month and World Social Work Day.</latestTitle>
        <congress>113</congress>
        <number>386</number>
        <type>SRES</type>
      </item>
      <item>
        <relationshipDetails>
          <item>
            <type>Related bill</type>
            <identifiedBy>CRS</identifiedBy>
          </item>
        </relationshipDetails>
        <latestAction>
          <text>Referred to the House Committee on Education and the Workforce.</text>
          <actionDate>2014-03-13</actionDate>
        </latestAction>
        <latestTitle>Supporting the goals and ideals of Professional Social Work Month and World Social Work Day.</latestTitle>
        <congress>113</congress>
        <number>519</number>
        <type>HRES</type>
      </item>
    </relatedBills>
    <policyArea>
      <name>Social Welfare</name>
    </policyArea>
    <congress>113</congress>
    <cboCostEstimates />
    <laws />
    <billNumber>78</billNumber>
    <notes />
    <originChamber>Senate</originChamber>
    <latestAction>
      <actionDate>2013-03-18</actionDate>
      <text>Referred to the Committee on the Judiciary. (text of measure as introduced: CR S1909)</text>
      <links />
    </latestAction>
    <updateDate>2016-10-25T16:18:16Z</updateDate>
    <calendarNumbers />
    <titles>
      <item>
        <titleType>Official Title as Introduced</titleType>
        <title>A resolution supporting the goals and ideals of Professional Social Work Month and World Social Work Day.</title>
        <chamberCode />
        <chamberName />
        <parentTitleType />
      </item>
      <item>
        <titleType>Display Title</titleType>
        <title>A resolution supporting the goals and ideals of Professional Social Work Month and World Social Work Day.</title>
        <chamberCode />
        <chamberName />
        <parentTitleType />
      </item>
    </titles>
    <title>A resolution supporting the goals and ideals of Professional Social Work Month and World Social Work Day.</title>
    <committeeReports />
    <sponsors>
      <item>
        <bioguideId>S000770</bioguideId>
        <fullName>Sen. Stabenow, Debbie [D-MI]</fullName>
        <identifiers>
          <lisID>1531</lisID>
          <bioguideId>S000770</bioguideId>
          <gpoId>8261</gpoId>
        </identifiers>
        <byRequestType />
        <middleName>ANN</middleName>
        <firstName>DEBORAH</firstName>
        <lastName>STABENOW</lastName>
      </item>
    </sponsors>
    <introducedDate>2013-03-18</introducedDate>
    <createDate>2013-03-19T07:01:11Z</createDate>
    <committees>
      <billCommittees>
        <item>
          <name>Judiciary Committee</name>
          <type>Standing</type>
          <subcommittees />
          <chamber>Senate</chamber>
          <activities>
            <item>
              <name>Referred to</name>
              <date>2013-03-18T21:12:16Z</date>
            </item>
          </activities>
          <systemCode>ssju00</systemCode>
        </item>
      </billCommittees>
    </committees>
    <cosponsors>
      <item>
        <lastName>Begich</lastName>
        <fullName>Sen. Begich, Mark [D-AK]</fullName>
        <bioguideId>B001265</bioguideId>
        <sponsorshipWithdrawnDate />
        <identifiers>
          <lisID>1898</lisID>
          <bioguideId>B001265</bioguideId>
          <gpoId>8301</gpoId>
        </identifiers>
        <isOriginalCosponsor>True</isOriginalCosponsor>
        <firstName>Mark</firstName>
        <sponsorshipDate>2013-03-18</sponsorshipDate>
        <middleName />
      </item>
      <item>
        <lastName>MIKULSKI</lastName>
        <fullName>Sen. Mikulski, Barbara A. [D-MD]</fullName>
        <bioguideId>M000702</bioguideId>
        <sponsorshipWithdrawnDate />
        <identifiers>
          <gpoId>8240</gpoId>
          <lisID>802</lisID>
          <bioguideId>M000702</bioguideId>
        </identifiers>
        <isOriginalCosponsor>True</isOriginalCosponsor>
        <firstName>BARBARA</firstName>
        <sponsorshipDate>2013-03-18</sponsorshipDate>
        <middleName>ANN</middleName>
      </item>
      <item>
        <lastName>Coons</lastName>
        <fullName>Sen. Coons, Christopher A. [D-DE]</fullName>
        <bioguideId>C001088</bioguideId>
        <sponsorshipWithdrawnDate />
        <identifiers>
          <gpoId>8297</gpoId>
          <bioguideId>C001088</bioguideId>
          <lisID>1984</lisID>
        </identifiers>
        <isOriginalCosponsor>True</isOriginalCosponsor>
        <firstName>Christopher</firstName>
        <sponsorshipDate>2013-03-18</sponsorshipDate>
        <middleName>A.</middleName>
      </item>
      <item>
        <lastName>JOHNSON</lastName>
        <fullName>Sen. Johnson, Tim [D-SD]</fullName>
        <bioguideId>J000177</bioguideId>
        <sponsorshipWithdrawnDate />
        <identifiers>
          <lisID>604</lisID>
          <bioguideId>J000177</bioguideId>
          <gpoId>8319</gpoId>
        </identifiers>
        <isOriginalCosponsor>True</isOriginalCosponsor>
        <firstName>TIM</firstName>
        <sponsorshipDate>2013-03-18</sponsorshipDate>
        <middleName />
      </item>
      <item>
        <lastName>Whitehouse</lastName>
        <fullName>Sen. Whitehouse, Sheldon [D-RI]</fullName>
        <bioguideId>W000802</bioguideId>
        <sponsorshipWithdrawnDate />
        <identifiers>
          <gpoId>8264</gpoId>
          <bioguideId>W000802</bioguideId>
          <lisID>1823</lisID>
        </identifiers>
        <isOriginalCosponsor>False</isOriginalCosponsor>
        <firstName>Sheldon</firstName>
        <sponsorshipDate>2013-05-09</sponsorshipDate>
        <middleName />
      </item>
    </cosponsors>
    <billType>SRES</billType>
    <summaries>
      <billSummaries>
        <item>
          <updateDate>2013-03-18T04:00:00Z</updateDate>
          <actionDate>2013-03-18</actionDate>
          <lastSummaryUpdateDate>2013-03-21T15:12:57Z</lastSummaryUpdateDate>
          <text><![CDATA[<p>Supports the goals and ideals of Professional Social Work Month and World Social Work Day.</p>]]></text>
          <versionCode>00</versionCode>
          <actionDesc>Introduced in Senate</actionDesc>
          <name>Introduced in Senate</name>
        </item>
      </billSummaries>
    </summaries>
    <recordedVotes />
    <amendments />
    <actions>
      <item>
        <actionDate>2013-03-18</actionDate>
        <committee>
          <systemCode>ssju00</systemCode>
          <name>Judiciary Committee</name>
        </committee>
        <links>
          <link>
            <name>S1909</name>
            <url>/congressional-record/2013/senate-section/page/S1909</url>
          </link>
        </links>
        <sourceSystem>
          <code>0</code>
          <name>Senate</name>
        </sourceSystem>
        <text>Referred to the Committee on the Judiciary. (text of measure as introduced: CR S1909)</text>
        <type>IntroReferral</type>
      </item>
      <item>
        <sourceSystem>
          <code>9</code>
          <name>Library of Congress</name>
        </sourceSystem>
        <actionDate>2013-03-18</actionDate>
        <committee />
        <actionCode>10000</actionCode>
        <type>IntroReferral</type>
        <links />
        <text>Introduced in Senate</text>
      </item>
      <actionByCounts>
        <senate>2</senate>
      </actionByCounts>
      <actionTypeCounts>
        <introducedInSenate>1</introducedInSenate>
        <referredToCommittee>1</referredToCommittee>
      </actionTypeCounts>
    </actions>
    <subjects>
      <billSubjects>
        <policyArea>
          <name>Social Welfare</name>
        </policyArea>
        <legislativeSubjects>
          <item>
            <name>Commemorative events and holidays</name>
          </item>
          <item>
            <name>Social work, volunteer service, charitable organizations</name>
          </item>
        </legislativeSubjects>
      </billSubjects>
    </subjects>
  </bill>
  <dublinCore xmlns:dc="http://purl.org/dc/elements/1.1/">
    <dc:format>text/xml</dc:format>
    <dc:language>EN</dc:language>
    <dc:rights>Pursuant to Title 17 Section 105 of the United States Code, this file is not subject to copyright protection and is in the public domain.</dc:rights>
    <dc:contributor>Congressional Research Service, Library of Congress</dc:contributor>
    <dc:description>This file contains bill summaries and statuses for federal legislation. A bill summary describes the most significant provisions of a piece of legislation and details the effects the legislative text may have on current law and federal programs. Bill summaries are authored by the Congressional Research Service (CRS) of the Library of Congress. As stated in Public Law 91-510 (2 USC 166 (d)(6)), one of the duties of CRS is "to prepare summaries and digests of bills and resolutions of a public general nature introduced in the Senate or House of Representatives". For more information, refer to the User Guide that accompanies this file.</dc:description>
  </dublinCore>
</billStatus>

