<?xml version="1.0" encoding="UTF-8"?>
<billStatus>
  <bill>
    <billNumber>567</billNumber>
    <titles>
      <item>
        <chamberName />
        <chamberCode />
        <parentTitleType />
        <titleType>Official Title as Introduced</titleType>
        <title>A resolution expressing the sense of the Senate regarding the possible easing of restrictions on the sale of lethal military equipment to the Government of Vietnam.</title>
      </item>
      <item>
        <chamberName />
        <chamberCode />
        <parentTitleType />
        <titleType>Display Title</titleType>
        <title>A resolution expressing the sense of the Senate regarding the possible easing of restrictions on the sale of lethal military equipment to the Government of Vietnam.</title>
      </item>
    </titles>
    <actions>
      <actionTypeCounts>
        <referredToCommittee>1</referredToCommittee>
        <introducedInSenate>1</introducedInSenate>
      </actionTypeCounts>
      <item>
        <actionDate>2014-09-18</actionDate>
        <committee>
          <systemCode>ssfr00</systemCode>
          <name>Foreign Relations Committee</name>
        </committee>
        <links>
          <link>
            <name>S5797-5798</name>
            <url>/congressional-record/2014/senate-section/page/S5797-5798</url>
          </link>
        </links>
        <sourceSystem>
          <name>Senate</name>
          <code>0</code>
        </sourceSystem>
        <text>Referred to the Committee on Foreign Relations. (text of measure as introduced: CR S5797-5798)</text>
        <type>IntroReferral</type>
      </item>
      <item>
        <sourceSystem>
          <name>Library of Congress</name>
          <code>9</code>
        </sourceSystem>
        <actionDate>2014-09-18</actionDate>
        <links />
        <text>Introduced in Senate</text>
        <type>IntroReferral</type>
        <actionCode>10000</actionCode>
        <committee />
      </item>
      <actionByCounts>
        <senate>2</senate>
      </actionByCounts>
    </actions>
    <updateDate>2016-10-25T16:19:29Z</updateDate>
    <summaries>
      <billSummaries>
        <item>
          <updateDate>2014-09-18T04:00:00Z</updateDate>
          <actionDate>2014-09-18</actionDate>
          <lastSummaryUpdateDate>2014-09-22T14:24:52Z</lastSummaryUpdateDate>
          <text><![CDATA[Expresses the sense of the Senate that: <ul> <li>Vietnam is an important emerging partner with which the United States increasingly shares strategic and economic interests; </li> <li>the government of Vietnam has recently taken modest but encouraging steps to improve its human rights record; </li> <li>the President, with congressional consultation, should begin a process to ease the U.S. prohibition on the sale of lethal military equipment to Vietnam; </li> <li>easing such prohibition with regard to maritime and coastal defense would further U.S. national security interests, but steps beyond this would require Vietnam to take significant steps to protect human rights; and </li> <li>the United States should support civil society in Vietnam, and specify what human rights steps Vietnam should take to continue strengthening the bilateral relationship.</li></ul>]]></text>
          <versionCode>00</versionCode>
          <actionDesc>Introduced in Senate</actionDesc>
          <name>Introduced in Senate</name>
        </item>
      </billSummaries>
    </summaries>
    <sponsors>
      <item>
        <firstName>JOHN</firstName>
        <fullName>Sen. McCain, John [R-AZ]</fullName>
        <middleName>SIDNEY</middleName>
        <bioguideId>M000303</bioguideId>
        <byRequestType />
        <lastName>MCCAIN</lastName>
        <identifiers>
          <bioguideId>M000303</bioguideId>
          <lisID>754</lisID>
          <gpoId>8253</gpoId>
        </identifiers>
      </item>
    </sponsors>
    <congress>113</congress>
    <notes />
    <committees>
      <billCommittees>
        <item>
          <chamber>Senate</chamber>
          <activities>
            <item>
              <name>Referred to</name>
              <date>2014-09-19T00:37:50Z</date>
            </item>
          </activities>
          <name>Foreign Relations Committee</name>
          <subcommittees />
          <type>Standing</type>
          <systemCode>ssfr00</systemCode>
        </item>
      </billCommittees>
    </committees>
    <introducedDate>2014-09-18</introducedDate>
    <createDate>2014-09-19T05:28:31Z</createDate>
    <policyArea>
      <name>International Affairs</name>
    </policyArea>
    <laws />
    <billType>SRES</billType>
    <subjects>
      <billSubjects>
        <policyArea>
          <name>International Affairs</name>
        </policyArea>
        <legislativeSubjects>
          <item>
            <name>Asia</name>
          </item>
          <item>
            <name>Diplomacy, foreign officials, Americans abroad</name>
          </item>
          <item>
            <name>Disaster relief and insurance</name>
          </item>
          <item>
            <name>Employment discrimination and employee rights</name>
          </item>
          <item>
            <name>Foreign aid and international relief</name>
          </item>
          <item>
            <name>Human rights</name>
          </item>
          <item>
            <name>Human trafficking</name>
          </item>
          <item>
            <name>International law and treaties</name>
          </item>
          <item>
            <name>Military assistance, sales, and agreements</name>
          </item>
          <item>
            <name>News media and reporting</name>
          </item>
          <item>
            <name>Religion</name>
          </item>
          <item>
            <name>Rule of law and government transparency</name>
          </item>
          <item>
            <name>Vietnam</name>
          </item>
        </legislativeSubjects>
      </billSubjects>
    </subjects>
    <cosponsors>
      <item>
        <bioguideId>L000174</bioguideId>
        <fullName>Sen. Leahy, Patrick J. [D-VT]</fullName>
        <lastName>LEAHY</lastName>
        <firstName>PATRICK</firstName>
        <sponsorshipWithdrawnDate />
        <sponsorshipDate>2014-09-18</sponsorshipDate>
        <middleName>JOSEPH</middleName>
        <isOriginalCosponsor>True</isOriginalCosponsor>
        <identifiers>
          <gpoId>8244</gpoId>
          <bioguideId>L000174</bioguideId>
          <lisID>1383</lisID>
        </identifiers>
      </item>
      <item>
        <bioguideId>C001071</bioguideId>
        <fullName>Sen. Corker, Bob [R-TN]</fullName>
        <lastName>Corker</lastName>
        <firstName>Bob</firstName>
        <sponsorshipWithdrawnDate />
        <sponsorshipDate>2014-09-18</sponsorshipDate>
        <middleName />
        <isOriginalCosponsor>True</isOriginalCosponsor>
        <identifiers>
          <bioguideId>C001071</bioguideId>
          <lisID>1825</lisID>
          <gpoId>8294</gpoId>
        </identifiers>
      </item>
      <item>
        <bioguideId>W000802</bioguideId>
        <fullName>Sen. Whitehouse, Sheldon [D-RI]</fullName>
        <lastName>Whitehouse</lastName>
        <firstName>Sheldon</firstName>
        <sponsorshipWithdrawnDate />
        <sponsorshipDate>2014-09-18</sponsorshipDate>
        <middleName />
        <isOriginalCosponsor>True</isOriginalCosponsor>
        <identifiers>
          <lisID>1823</lisID>
          <gpoId>8264</gpoId>
          <bioguideId>W000802</bioguideId>
        </identifiers>
      </item>
      <item>
        <bioguideId>C000141</bioguideId>
        <fullName>Sen. Cardin, Benjamin L. [D-MD]</fullName>
        <lastName>CARDIN</lastName>
        <firstName>BENJAMIN</firstName>
        <sponsorshipWithdrawnDate />
        <sponsorshipDate>2014-09-18</sponsorshipDate>
        <middleName>L.</middleName>
        <isOriginalCosponsor>True</isOriginalCosponsor>
        <identifiers>
          <bioguideId>C000141</bioguideId>
          <lisID>174</lisID>
          <gpoId>8287</gpoId>
        </identifiers>
      </item>
    </cosponsors>
    <calendarNumbers />
    <relatedBills />
    <amendments />
    <recordedVotes />
    <title>A resolution expressing the sense of the Senate regarding the possible easing of restrictions on the sale of lethal military equipment to the Government of Vietnam.</title>
    <latestAction>
      <actionDate>2014-09-18</actionDate>
      <text>Referred to the Committee on Foreign Relations. (text of measure as introduced: CR S5797-5798)</text>
      <links />
    </latestAction>
    <cboCostEstimates />
    <originChamber>Senate</originChamber>
    <committeeReports />
  </bill>
  <dublinCore xmlns:dc="http://purl.org/dc/elements/1.1/">
    <dc:format>text/xml</dc:format>
    <dc:language>EN</dc:language>
    <dc:rights>Pursuant to Title 17 Section 105 of the United States Code, this file is not subject to copyright protection and is in the public domain.</dc:rights>
    <dc:contributor>Congressional Research Service, Library of Congress</dc:contributor>
    <dc:description>This file contains bill summaries and statuses for federal legislation. A bill summary describes the most significant provisions of a piece of legislation and details the effects the legislative text may have on current law and federal programs. Bill summaries are authored by the Congressional Research Service (CRS) of the Library of Congress. As stated in Public Law 91-510 (2 USC 166 (d)(6)), one of the duties of CRS is "to prepare summaries and digests of bills and resolutions of a public general nature introduced in the Senate or House of Representatives". For more information, refer to the User Guide that accompanies this file.</dc:description>
  </dublinCore>
</billStatus>

