<?xml version="1.0" encoding="UTF-8"?>
<billStatus>
  <bill>
    <actions>
      <item>
        <actionDate>2014-12-08</actionDate>
        <committee />
        <links />
        <sourceSystem>
          <name>Senate</name>
          <code>0</code>
        </sourceSystem>
        <text>Star Print ordered on the resolution.</text>
        <type>Floor</type>
      </item>
      <item>
        <actionDate>2014-12-03</actionDate>
        <committee />
        <links>
          <link>
            <name>S6307</name>
            <url>/congressional-record/2014/senate-section/page/S6307</url>
          </link>
        </links>
        <sourceSystem>
          <name>Senate</name>
          <code>0</code>
        </sourceSystem>
        <text>Resolution agreed to in Senate with an amendment and with a preamble by Unanimous Consent. (text: CR S6307)</text>
        <type>Floor</type>
      </item>
      <item>
        <actionDate>2014-12-03</actionDate>
        <committee />
        <actionCode>17000</actionCode>
        <links>
          <link>
            <name>S6307</name>
            <url>/congressional-record/2014/senate-section/page/S6307</url>
          </link>
        </links>
        <type>Floor</type>
        <sourceSystem>
          <name>Library of Congress</name>
          <code>9</code>
        </sourceSystem>
        <text>Passed/agreed to in Senate: Resolution agreed to in Senate with an amendment and with a preamble by Unanimous Consent.(text: CR S6307)</text>
      </item>
      <item>
        <actionDate>2014-12-03</actionDate>
        <committee />
        <links>
          <link>
            <name>S6307</name>
            <url>/congressional-record/2014/senate-section/page/S6307</url>
          </link>
        </links>
        <sourceSystem>
          <name>Senate</name>
          <code>0</code>
        </sourceSystem>
        <text>Measure laid before Senate by unanimous consent. (consideration: CR S6307)</text>
        <type>Floor</type>
      </item>
      <item>
        <actionDate>2014-12-03</actionDate>
        <committee>
          <name>Judiciary Committee</name>
          <systemCode>ssju00</systemCode>
        </committee>
        <links />
        <sourceSystem>
          <name>Senate</name>
          <code>0</code>
        </sourceSystem>
        <text>Senate Committee on the Judiciary discharged by Unanimous Consent.</text>
        <type>Discharge</type>
      </item>
      <item>
        <actionDate>2014-12-03</actionDate>
        <committee>
          <name>Judiciary Committee</name>
          <systemCode>ssju00</systemCode>
        </committee>
        <actionCode>14500</actionCode>
        <links />
        <type>Committee</type>
        <sourceSystem>
          <name>Library of Congress</name>
          <code>9</code>
        </sourceSystem>
        <text>Senate Committee on the Judiciary discharged by Unanimous Consent.</text>
      </item>
      <item>
        <actionDate>2014-07-31</actionDate>
        <committee>
          <name>Judiciary Committee</name>
          <systemCode>ssju00</systemCode>
        </committee>
        <links>
          <link>
            <name>S5234</name>
            <url>/congressional-record/2014/senate-section/page/S5234</url>
          </link>
        </links>
        <sourceSystem>
          <name>Senate</name>
          <code>0</code>
        </sourceSystem>
        <text>Referred to the Committee on the Judiciary. (text of measure as introduced: CR S5234)</text>
        <type>IntroReferral</type>
      </item>
      <item>
        <actionDate>2014-07-31</actionDate>
        <committee />
        <actionCode>10000</actionCode>
        <links />
        <type>IntroReferral</type>
        <sourceSystem>
          <name>Library of Congress</name>
          <code>9</code>
        </sourceSystem>
        <text>Introduced in Senate</text>
      </item>
      <actionByCounts>
        <senate>8</senate>
      </actionByCounts>
      <actionTypeCounts>
        <committeeDischarged>1</committeeDischarged>
        <senateCommitteeDischarged>1</senateCommitteeDischarged>
        <starPrintOrdered>1</starPrintOrdered>
        <measureLaidBeforeSenate>1</measureLaidBeforeSenate>
        <agreedToInSenate>1</agreedToInSenate>
        <introducedInSenate>1</introducedInSenate>
        <referredToCommittee>1</referredToCommittee>
        <passedAgreedToInSenate>1</passedAgreedToInSenate>
      </actionTypeCounts>
    </actions>
    <title>A resolution honoring the life, accomplishments, and legacy of Louis Zamperini and expressing condolences on his passing.</title>
    <cosponsors>
      <item>
        <sponsorshipDate>2014-07-31</sponsorshipDate>
        <lastName>MCCAIN</lastName>
        <middleName>SIDNEY</middleName>
        <firstName>JOHN</firstName>
        <fullName>Sen. McCain, John [R-AZ]</fullName>
        <bioguideId>M000303</bioguideId>
        <identifiers>
          <bioguideId>M000303</bioguideId>
          <lisID>754</lisID>
          <gpoId>8253</gpoId>
        </identifiers>
        <sponsorshipWithdrawnDate />
        <isOriginalCosponsor>True</isOriginalCosponsor>
      </item>
    </cosponsors>
    <sponsors>
      <item>
        <middleName />
        <firstName>DIANNE</firstName>
        <byRequestType />
        <bioguideId>F000062</bioguideId>
        <fullName>Sen. Feinstein, Dianne [D-CA]</fullName>
        <lastName>FEINSTEIN</lastName>
        <identifiers>
          <bioguideId>F000062</bioguideId>
          <lisID>1332</lisID>
          <gpoId>8338</gpoId>
        </identifiers>
      </item>
    </sponsors>
    <subjects>
      <billSubjects>
        <policyArea>
          <name>Armed Forces and National Security</name>
        </policyArea>
        <legislativeSubjects>
          <item>
            <name>Congressional tributes</name>
          </item>
          <item>
            <name>Military history</name>
          </item>
          <item>
            <name>Military personnel and dependents</name>
          </item>
          <item>
            <name>Olympic games</name>
          </item>
        </legislativeSubjects>
      </billSubjects>
    </subjects>
    <updateDate>2016-10-25T17:06:53Z</updateDate>
    <originChamber>Senate</originChamber>
    <titles>
      <item>
        <chamberName />
        <parentTitleType />
        <titleType>Official Title as Introduced</titleType>
        <chamberCode />
        <title>A resolution honoring the life, accomplishments, and legacy of Louis Zamperini and expressing condolences on his passing.</title>
      </item>
      <item>
        <chamberName />
        <parentTitleType />
        <titleType>Display Title</titleType>
        <chamberCode />
        <title>A resolution honoring the life, accomplishments, and legacy of Louis Zamperini and expressing condolences on his passing.</title>
      </item>
    </titles>
    <createDate>2014-08-01T10:29:46Z</createDate>
    <congress>113</congress>
    <introducedDate>2014-07-31</introducedDate>
    <latestAction>
      <links />
      <actionDate>2014-12-08</actionDate>
      <text>Star Print ordered on the resolution.</text>
    </latestAction>
    <laws />
    <relatedBills>
      <item>
        <latestAction>
          <text>Referred to the House Committee on Foreign Affairs.</text>
          <actionDate>2014-09-18</actionDate>
        </latestAction>
        <congress>113</congress>
        <latestTitle>Expressing the sense of the House of Representatives that the Republic of Argentina's continued participation in the Group of Twenty Finance Ministers and Central Bank Governors (G20) nations should be conditioned on its adherence to international norms of economic cooperation and the rule of law.</latestTitle>
        <relationshipDetails>
          <item>
            <identifiedBy>CRS</identifiedBy>
            <type>Related bill</type>
          </item>
        </relationshipDetails>
        <number>744</number>
        <type>HRES</type>
      </item>
    </relatedBills>
    <notes />
    <recordedVotes />
    <cboCostEstimates />
    <policyArea>
      <name>Armed Forces and National Security</name>
    </policyArea>
    <billNumber>531</billNumber>
    <billType>SRES</billType>
    <committees>
      <billCommittees>
        <item>
          <subcommittees />
          <name>Judiciary Committee</name>
          <type>Standing</type>
          <activities>
            <item>
              <name>Discharged from</name>
              <date>2014-12-04T00:43:36Z</date>
            </item>
            <item>
              <name>Referred to</name>
              <date>2014-07-31T23:28:01Z</date>
            </item>
          </activities>
          <chamber>Senate</chamber>
          <systemCode>ssju00</systemCode>
        </item>
      </billCommittees>
    </committees>
    <amendments>
      <amendment>
        <purpose>To amend the resolving clause.</purpose>
        <description />
        <type>SAMDT</type>
        <congress>113</congress>
        <number>3971</number>
        <congress>113</congress>
        <proposedDate>2014-12-03T05:00:00Z</proposedDate>
        <titles />
        <amendments>
          <count>0</count>
        </amendments>
        <links />
        <purpose>To amend the resolving clause.</purpose>
        <chamber>Senate</chamber>
        <createDate>2014-12-04T05:08:59Z</createDate>
        <type>SAMDT</type>
        <cosponsors>
          <currentCount>0</currentCount>
          <totalCount>0</totalCount>
        </cosponsors>
        <number>3971</number>
        <amendedAmendment />
        <amendedBill>
          <title>A resolution honoring the life, accomplishments, and legacy of Louis Zamperini and expressing condolences on his passing.</title>
          <number>531</number>
          <originChamberCode>S</originChamberCode>
          <congress>113</congress>
          <type>SRES</type>
          <originChamber>Senate</originChamber>
        </amendedBill>
        <actions>
          <actions>
            <item>
              <actionDate>2014-12-03</actionDate>
              <committee />
              <links>
                <link>
                  <name>SA 3971</name>
                  <url>/amendment/113th-congress/senate-amendment/3971</url>
                </link>
                <link>
                  <name>S.Amdt.3971</name>
                  <url>/amendment/113th-congress/senate-amendment/3971</url>
                </link>
              </links>
              <sourceSystem>
                <code>0</code>
                <name>Senate</name>
              </sourceSystem>
              <text>Amendment SA 3971 agreed to in Senate by Unanimous Consent.</text>
              <type>Floor</type>
            </item>
            <item>
              <actionDate>2014-12-03</actionDate>
              <committee />
              <links>
                <link>
                  <name>SA 3971</name>
                  <url>/amendment/113th-congress/senate-amendment/3971</url>
                </link>
                <link>
                  <name>S6307</name>
                  <url>/congressional-record/2014/senate-section/page/S6307</url>
                </link>
                <link>
                  <name>S.Amdt.3971</name>
                  <url>/amendment/113th-congress/senate-amendment/3971</url>
                </link>
              </links>
              <sourceSystem>
                <code>0</code>
                <name>Senate</name>
              </sourceSystem>
              <text>Amendment SA 3971 proposed by Senator Blumenthal for Senator Feinstein. (consideration: CR S6307; text: CR S6307)</text>
              <type>Floor</type>
            </item>
            <item>
              <actionDate>2014-12-03</actionDate>
              <committee />
              <links />
              <text />
            </item>
            <item>
              <sourceSystem>
                <code>9</code>
                <name>Library of Congress</name>
              </sourceSystem>
              <actionDate>2014-12-03</actionDate>
              <committee />
              <actionCode>91000</actionCode>
              <type>Floor</type>
              <links />
              <text>Senate amendment submitted</text>
            </item>
            <item>
              <sourceSystem>
                <code>9</code>
                <name>Library of Congress</name>
              </sourceSystem>
              <actionDate>2014-12-03</actionDate>
              <committee />
              <actionCode>93000</actionCode>
              <type>Floor</type>
              <links>
                <link>
                  <name>SA 3971</name>
                  <url>/amendment/113th-congress/senate-amendment/3971</url>
                </link>
                <link>
                  <name>S6307</name>
                  <url>/congressional-record/2014/senate-section/page/S6307</url>
                </link>
                <link>
                  <name>S.Amdt.3971</name>
                  <url>/amendment/113th-congress/senate-amendment/3971</url>
                </link>
              </links>
              <text>Senate amendment proposed (on the floor): Amendment SA 3971 proposed by Senator Blumenthal for Senator Feinstein.(consideration: CR S6307; text: CR S6307)</text>
            </item>
            <item>
              <sourceSystem>
                <code>9</code>
                <name>Library of Congress</name>
              </sourceSystem>
              <actionDate>2014-12-03</actionDate>
              <committee />
              <actionCode>94000</actionCode>
              <type>Floor</type>
              <links>
                <link>
                  <name>SA 3971</name>
                  <url>/amendment/113th-congress/senate-amendment/3971</url>
                </link>
                <link>
                  <name>S.Amdt.3971</name>
                  <url>/amendment/113th-congress/senate-amendment/3971</url>
                </link>
              </links>
              <text>Senate amendment agreed to: Amendment SA 3971 agreed to in Senate by Unanimous Consent.</text>
            </item>
          </actions>
          <actionByCounts>
            <senate>5</senate>
          </actionByCounts>
          <actionTypeCounts>
            <senateAmendmentSubmitted>1</senateAmendmentSubmitted>
            <senateAmendmentAgreedTo>1</senateAmendmentAgreedTo>
            <amendmentAgreedTo>1</amendmentAgreedTo>
            <senateAmendmentProposedOnTheFloor>1</senateAmendmentProposedOnTheFloor>
            <amendmentProposed>1</amendmentProposed>
          </actionTypeCounts>
          <count>6</count>
        </actions>
        <submittedDate>2014-12-03T05:00:00Z</submittedDate>
        <updateDate>2016-10-25T13:06:52Z</updateDate>
        <sponsors>
          <item>
            <lastName>FEINSTEIN</lastName>
            <fullName>Sen. Feinstein, Dianne [D-CA]</fullName>
            <bioguideId>F000062</bioguideId>
            <firstName>DIANNE</firstName>
            <middleName />
          </item>
        </sponsors>
        <notes />
        <description />
        <latestAction>
          <text>Amendment SA 3971 agreed to in Senate by Unanimous Consent.</text>
          <actionDate>2014-12-03</actionDate>
        </latestAction>
      </amendment>
    </amendments>
    <summaries>
      <billSummaries>
        <item>
          <lastSummaryUpdateDate>2014-08-14T18:38:37Z</lastSummaryUpdateDate>
          <text><![CDATA[<p>Honors the life and accomplishments of Louis Zamperini and requests the President to identify a U.S. government program to honor his legacy.</p>]]></text>
          <updateDate>2014-07-31T04:00:00Z</updateDate>
          <actionDesc>Introduced in Senate</actionDesc>
          <name>Introduced in Senate</name>
          <versionCode>00</versionCode>
          <actionDate>2014-07-31</actionDate>
        </item>
        <item>
          <lastSummaryUpdateDate>2014-12-16T21:30:13Z</lastSummaryUpdateDate>
          <text><![CDATA[<p>Honors the life and accomplishments of Louis Zamperini.</p>]]></text>
          <updateDate>2014-12-03T15:19:29Z</updateDate>
          <actionDesc>Passed Senate amended</actionDesc>
          <name>Passed Senate amended</name>
          <versionCode>35</versionCode>
          <actionDate>2014-12-03</actionDate>
        </item>
      </billSummaries>
    </summaries>
    <calendarNumbers />
    <committeeReports />
  </bill>
  <dublinCore xmlns:dc="http://purl.org/dc/elements/1.1/">
    <dc:format>text/xml</dc:format>
    <dc:language>EN</dc:language>
    <dc:rights>Pursuant to Title 17 Section 105 of the United States Code, this file is not subject to copyright protection and is in the public domain.</dc:rights>
    <dc:contributor>Congressional Research Service, Library of Congress</dc:contributor>
    <dc:description>This file contains bill summaries and statuses for federal legislation. A bill summary describes the most significant provisions of a piece of legislation and details the effects the legislative text may have on current law and federal programs. Bill summaries are authored by the Congressional Research Service (CRS) of the Library of Congress. As stated in Public Law 91-510 (2 USC 166 (d)(6)), one of the duties of CRS is "to prepare summaries and digests of bills and resolutions of a public general nature introduced in the Senate or House of Representatives". For more information, refer to the User Guide that accompanies this file.</dc:description>
  </dublinCore>
</billStatus>

