<?xml version="1.0" encoding="UTF-8"?>
<billStatus>
  <bill>
    <cosponsors>
      <item>
        <middleName>Lunsford</middleName>
        <firstName>Mark</firstName>
        <identifiers>
          <gpoId>8241</gpoId>
          <bioguideId>P000590</bioguideId>
          <lisID>1701</lisID>
        </identifiers>
        <bioguideId>P000590</bioguideId>
        <fullName>Sen. Pryor, Mark L. [D-AR]</fullName>
        <lastName>Pryor</lastName>
        <sponsorshipWithdrawnDate />
        <sponsorshipDate>2013-04-08</sponsorshipDate>
        <isOriginalCosponsor>True</isOriginalCosponsor>
      </item>
    </cosponsors>
    <latestAction>
      <actionDate>2013-04-08</actionDate>
      <links />
      <text>Submitted in the Senate, considered, and agreed to without amendment and with a preamble by Unanimous Consent. (consideration: CR S2474; text as passed Senate: CR S2457-2458)</text>
    </latestAction>
    <amendments />
    <notes />
    <laws />
    <createDate>2013-04-09T07:02:03Z</createDate>
    <summaries>
      <billSummaries>
        <item>
          <updateDate>2013-04-08T04:00:00Z</updateDate>
          <text><![CDATA[<p>Designates April 4, 2013, as National Association of Junior Auxiliaries Day.</p>]]></text>
          <actionDate>2013-04-08</actionDate>
          <actionDesc>Introduced in Senate</actionDesc>
          <name>Introduced in Senate</name>
          <lastSummaryUpdateDate>2013-04-24T16:51:48Z</lastSummaryUpdateDate>
          <versionCode>00</versionCode>
        </item>
        <item>
          <updateDate>2013-04-08T11:44:21Z</updateDate>
          <text><![CDATA[<p><b>(This measure has not been amended since it was introduced. The summary of that version is repeated here.)</b></p> <p>Designates April 4, 2013, as National Association of Junior Auxiliaries Day.</p>]]></text>
          <actionDate>2013-04-08</actionDate>
          <actionDesc>Passed Senate without amendment</actionDesc>
          <name>Passed Senate without amendment</name>
          <lastSummaryUpdateDate>2013-04-24T16:51:56Z</lastSummaryUpdateDate>
          <versionCode>82</versionCode>
        </item>
      </billSummaries>
    </summaries>
    <titles>
      <item>
        <titleType>Official Title as Introduced</titleType>
        <title>A resolution designating April 4, 2013, as "National Association of Junior Auxiliaries Day".</title>
        <chamberCode />
        <chamberName />
        <parentTitleType />
      </item>
      <item>
        <titleType>Display Title</titleType>
        <title>A resolution designating April 4, 2013, as "National Association of Junior Auxiliaries Day".</title>
        <chamberCode />
        <chamberName />
        <parentTitleType />
      </item>
    </titles>
    <calendarNumbers />
    <updateDate>2016-10-25T16:18:17Z</updateDate>
    <introducedDate>2013-04-08</introducedDate>
    <recordedVotes />
    <policyArea>
      <name>Social Welfare</name>
    </policyArea>
    <subjects>
      <billSubjects>
        <policyArea>
          <name>Social Welfare</name>
        </policyArea>
        <legislativeSubjects>
          <item>
            <name>Child safety and welfare</name>
          </item>
          <item>
            <name>Commemorative events and holidays</name>
          </item>
          <item>
            <name>Congressional tributes</name>
          </item>
          <item>
            <name>Social work, volunteer service, charitable organizations</name>
          </item>
        </legislativeSubjects>
      </billSubjects>
    </subjects>
    <actions>
      <item>
        <actionDate>2013-04-08</actionDate>
        <committee />
        <links>
          <link>
            <name>S2457-2458</name>
            <url>/congressional-record/2013/senate-section/page/S2457-2458</url>
          </link>
        </links>
        <sourceSystem>
          <name>Senate</name>
          <code>0</code>
        </sourceSystem>
        <text>Submitted in the Senate, considered, and agreed to without amendment and with a preamble by Unanimous Consent. (consideration: CR S2474; text as passed Senate: CR S2457-2458)</text>
        <type>Floor</type>
      </item>
      <item>
        <actionCode>17000</actionCode>
        <type>Floor</type>
        <text>Passed/agreed to in Senate: Submitted in the Senate, considered, and agreed to without amendment and with a preamble by Unanimous Consent.(consideration: CR S2474; text as passed Senate: CR S2457-2458)</text>
        <actionDate>2013-04-08</actionDate>
        <links>
          <link>
            <name>S2457-2458</name>
            <url>/congressional-record/2013/senate-section/page/S2457-2458</url>
          </link>
        </links>
        <committee />
        <sourceSystem>
          <name>Library of Congress</name>
          <code>9</code>
        </sourceSystem>
      </item>
      <item>
        <actionCode>10000</actionCode>
        <type>IntroReferral</type>
        <text>Introduced in Senate</text>
        <actionDate>2013-04-08</actionDate>
        <links />
        <committee />
        <sourceSystem>
          <name>Library of Congress</name>
          <code>9</code>
        </sourceSystem>
      </item>
      <actionByCounts>
        <senate>3</senate>
      </actionByCounts>
      <actionTypeCounts>
        <introducedInSenate>1</introducedInSenate>
        <passedAgreedToInSenate>1</passedAgreedToInSenate>
        <passedOrAgreedToInSenateDayOf>1</passedOrAgreedToInSenateDayOf>
      </actionTypeCounts>
    </actions>
    <originChamber>Senate</originChamber>
    <committees>
      <billCommittees />
    </committees>
    <cboCostEstimates />
    <billNumber>93</billNumber>
    <title>A resolution designating April 4, 2013, as "National Association of Junior Auxiliaries Day".</title>
    <billType>SRES</billType>
    <committeeReports />
    <congress>113</congress>
    <sponsors>
      <item>
        <lastName>WICKER</lastName>
        <fullName>Sen. Wicker, Roger F. [R-MS]</fullName>
        <byRequestType />
        <identifiers>
          <lisID>1226</lisID>
          <gpoId>8263</gpoId>
          <bioguideId>W000437</bioguideId>
        </identifiers>
        <bioguideId>W000437</bioguideId>
        <firstName>ROGER</firstName>
        <middleName>F.</middleName>
      </item>
    </sponsors>
    <relatedBills>
      <item>
        <latestAction>
          <text>Referred to the Committee on the Judiciary. (text of measure as introduced: CR S2163)</text>
          <actionDate>2013-03-21</actionDate>
        </latestAction>
        <congress>113</congress>
        <latestTitle>A resolution designating April 4, 2013, as "National Association of Junior Auxiliaries Day".</latestTitle>
        <relationshipDetails>
          <item>
            <identifiedBy>CRS</identifiedBy>
            <type>Identical bill</type>
          </item>
        </relationshipDetails>
        <number>87</number>
        <type>SRES</type>
      </item>
      <item>
        <latestAction>
          <text>Submitted in the Senate, considered, and agreed to without amendment and with a preamble by Unanimous Consent. (consideration: CR S1880; text as passed Senate: CR S1873)</text>
          <actionDate>2014-03-31</actionDate>
        </latestAction>
        <congress>113</congress>
        <latestTitle>A resolution designating April 4, 2014, as "National Association of Junior Auxiliaries Day".</latestTitle>
        <relationshipDetails>
          <item>
            <identifiedBy>CRS</identifiedBy>
            <type>Related bill</type>
          </item>
        </relationshipDetails>
        <number>406</number>
        <type>SRES</type>
      </item>
    </relatedBills>
  </bill>
  <dublinCore xmlns:dc="http://purl.org/dc/elements/1.1/">
    <dc:format>text/xml</dc:format>
    <dc:language>EN</dc:language>
    <dc:rights>Pursuant to Title 17 Section 105 of the United States Code, this file is not subject to copyright protection and is in the public domain.</dc:rights>
    <dc:contributor>Congressional Research Service, Library of Congress</dc:contributor>
    <dc:description>This file contains bill summaries and statuses for federal legislation. A bill summary describes the most significant provisions of a piece of legislation and details the effects the legislative text may have on current law and federal programs. Bill summaries are authored by the Congressional Research Service (CRS) of the Library of Congress. As stated in Public Law 91-510 (2 USC 166 (d)(6)), one of the duties of CRS is "to prepare summaries and digests of bills and resolutions of a public general nature introduced in the Senate or House of Representatives". For more information, refer to the User Guide that accompanies this file.</dc:description>
  </dublinCore>
</billStatus>

