<?xml version="1.0" encoding="UTF-8"?>
<billStatus>
  <bill>
    <updateDate>2016-10-25T16:19:27Z</updateDate>
    <latestAction>
      <text>Submitted in the Senate, considered, and agreed to without amendment and with a preamble by Unanimous Consent. (consideration: CR S5720; text as passed Senate: CR S5705)</text>
      <links />
      <actionDate>2014-09-17</actionDate>
    </latestAction>
    <policyArea>
      <name>Education</name>
    </policyArea>
    <laws />
    <introducedDate>2014-09-17</introducedDate>
    <summaries>
      <billSummaries>
        <item>
          <versionCode>00</versionCode>
          <actionDesc>Introduced in Senate</actionDesc>
          <text><![CDATA[<p>Designates the week beginning October 19, 2014, as National Character Counts Week.</p>]]></text>
          <lastSummaryUpdateDate>2014-10-15T12:52:06Z</lastSummaryUpdateDate>
          <name>Introduced in Senate</name>
          <actionDate>2014-09-17</actionDate>
          <updateDate>2014-09-17T04:00:00Z</updateDate>
        </item>
        <item>
          <versionCode>82</versionCode>
          <actionDesc>Passed Senate without amendment</actionDesc>
          <text><![CDATA[<p><b>(This measure has not been amended since it was introduced. The summary of that version is repeated here.)</b></p> <p>Designates the week beginning October 19, 2014, as National Character Counts Week.</p>]]></text>
          <lastSummaryUpdateDate>2014-10-15T12:52:17Z</lastSummaryUpdateDate>
          <name>Passed Senate without amendment</name>
          <actionDate>2014-09-17</actionDate>
          <updateDate>2014-09-17T15:24:29Z</updateDate>
        </item>
      </billSummaries>
    </summaries>
    <recordedVotes />
    <notes />
    <billNumber>557</billNumber>
    <committeeReports />
    <calendarNumbers />
    <congress>113</congress>
    <amendments />
    <cboCostEstimates />
    <originChamber>Senate</originChamber>
    <createDate>2014-09-18T05:11:15Z</createDate>
    <subjects>
      <billSubjects>
        <policyArea>
          <name>Education</name>
        </policyArea>
        <legislativeSubjects>
          <item>
            <name>Commemorative events and holidays</name>
          </item>
          <item>
            <name>Community life and organization</name>
          </item>
          <item>
            <name>Elementary and secondary education</name>
          </item>
          <item>
            <name>Public participation and lobbying</name>
          </item>
        </legislativeSubjects>
      </billSubjects>
    </subjects>
    <sponsors>
      <item>
        <lastName>GRASSLEY</lastName>
        <identifiers>
          <gpoId>8316</gpoId>
          <lisID>457</lisID>
          <bioguideId>G000386</bioguideId>
        </identifiers>
        <firstName>CHARLES</firstName>
        <fullName>Sen. Grassley, Chuck [R-IA]</fullName>
        <bioguideId>G000386</bioguideId>
        <middleName>ERNEST</middleName>
        <byRequestType />
      </item>
    </sponsors>
    <cosponsors>
      <item>
        <lastName>LEVIN</lastName>
        <identifiers>
          <lisID>1384</lisID>
          <bioguideId>L000261</bioguideId>
          <gpoId>8243</gpoId>
        </identifiers>
        <firstName>CARL</firstName>
        <fullName>Sen. Levin, Carl [D-MI]</fullName>
        <bioguideId>L000261</bioguideId>
        <sponsorshipDate>2014-09-17</sponsorshipDate>
        <middleName>MILTON</middleName>
        <isOriginalCosponsor>True</isOriginalCosponsor>
        <sponsorshipWithdrawnDate />
      </item>
      <item>
        <lastName>Alexander</lastName>
        <identifiers>
          <gpoId>8304</gpoId>
          <bioguideId>A000360</bioguideId>
          <lisID>1695</lisID>
        </identifiers>
        <firstName>Lamar</firstName>
        <fullName>Sen. Alexander, Lamar [R-TN]</fullName>
        <bioguideId>A000360</bioguideId>
        <sponsorshipDate>2014-09-17</sponsorshipDate>
        <middleName />
        <isOriginalCosponsor>True</isOriginalCosponsor>
        <sponsorshipWithdrawnDate />
      </item>
      <item>
        <lastName>Pryor</lastName>
        <identifiers>
          <bioguideId>P000590</bioguideId>
          <lisID>1701</lisID>
          <gpoId>8241</gpoId>
        </identifiers>
        <firstName>Mark</firstName>
        <fullName>Sen. Pryor, Mark L. [D-AR]</fullName>
        <bioguideId>P000590</bioguideId>
        <sponsorshipDate>2014-09-17</sponsorshipDate>
        <middleName>Lunsford</middleName>
        <isOriginalCosponsor>True</isOriginalCosponsor>
        <sponsorshipWithdrawnDate />
      </item>
      <item>
        <lastName>ROCKEFELLER</lastName>
        <identifiers>
          <gpoId>8273</gpoId>
          <bioguideId>R000361</bioguideId>
          <lisID>1424</lisID>
        </identifiers>
        <firstName>JAY</firstName>
        <fullName>Sen. Rockefeller, John D., IV [D-WV]</fullName>
        <bioguideId>R000361</bioguideId>
        <sponsorshipDate>2014-09-17</sponsorshipDate>
        <middleName />
        <isOriginalCosponsor>True</isOriginalCosponsor>
        <sponsorshipWithdrawnDate />
      </item>
      <item>
        <lastName>ENZI</lastName>
        <identifiers>
          <bioguideId>E000285</bioguideId>
          <lisID>1542</lisID>
          <gpoId>8328</gpoId>
        </identifiers>
        <firstName>MICHAEL</firstName>
        <fullName>Sen. Enzi, Michael B. [R-WY]</fullName>
        <bioguideId>E000285</bioguideId>
        <sponsorshipDate>2014-09-17</sponsorshipDate>
        <middleName>B.</middleName>
        <isOriginalCosponsor>True</isOriginalCosponsor>
        <sponsorshipWithdrawnDate />
      </item>
      <item>
        <lastName>Blunt</lastName>
        <identifiers>
          <lisID>1464</lisID>
          <bioguideId>B000575</bioguideId>
          <gpoId>8313</gpoId>
        </identifiers>
        <firstName>Roy</firstName>
        <fullName>Sen. Blunt, Roy [R-MO]</fullName>
        <bioguideId>B000575</bioguideId>
        <sponsorshipDate>2014-09-17</sponsorshipDate>
        <middleName />
        <isOriginalCosponsor>True</isOriginalCosponsor>
        <sponsorshipWithdrawnDate />
      </item>
      <item>
        <lastName>Cochran</lastName>
        <identifiers>
          <bioguideId>C000567</bioguideId>
          <lisID>213</lisID>
          <gpoId>8292</gpoId>
        </identifiers>
        <firstName>Thad</firstName>
        <fullName>Sen. Cochran, Thad [R-MS]</fullName>
        <bioguideId>C000567</bioguideId>
        <sponsorshipDate>2014-09-17</sponsorshipDate>
        <middleName />
        <isOriginalCosponsor>True</isOriginalCosponsor>
        <sponsorshipWithdrawnDate />
      </item>
      <item>
        <lastName>STABENOW</lastName>
        <identifiers>
          <bioguideId>S000770</bioguideId>
          <lisID>1531</lisID>
          <gpoId>8261</gpoId>
        </identifiers>
        <firstName>DEBORAH</firstName>
        <fullName>Sen. Stabenow, Debbie [D-MI]</fullName>
        <bioguideId>S000770</bioguideId>
        <sponsorshipDate>2014-09-17</sponsorshipDate>
        <middleName>ANN</middleName>
        <isOriginalCosponsor>True</isOriginalCosponsor>
        <sponsorshipWithdrawnDate />
      </item>
      <item>
        <lastName>LANDRIEU</lastName>
        <identifiers>
          <gpoId>8251</gpoId>
          <lisID>1546</lisID>
          <bioguideId>L000550</bioguideId>
        </identifiers>
        <firstName>MARY</firstName>
        <fullName>Sen. Landrieu, Mary L. [D-LA]</fullName>
        <bioguideId>L000550</bioguideId>
        <sponsorshipDate>2014-09-17</sponsorshipDate>
        <middleName />
        <isOriginalCosponsor>True</isOriginalCosponsor>
        <sponsorshipWithdrawnDate />
      </item>
      <item>
        <lastName>Manchin</lastName>
        <identifiers>
          <gpoId>8256</gpoId>
          <bioguideId>M001183</bioguideId>
          <lisID>1983</lisID>
        </identifiers>
        <firstName>Joe</firstName>
        <fullName>Sen. Manchin, Joe, III [D-WV]</fullName>
        <bioguideId>M001183</bioguideId>
        <sponsorshipDate>2014-09-17</sponsorshipDate>
        <middleName />
        <isOriginalCosponsor>True</isOriginalCosponsor>
        <sponsorshipWithdrawnDate />
      </item>
    </cosponsors>
    <title>A resolution designating the week beginning October 19, 2014, as "National Character Counts Week".</title>
    <actions>
      <actionTypeCounts>
        <passedOrAgreedToInSenateDayOf>1</passedOrAgreedToInSenateDayOf>
        <introducedInSenate>1</introducedInSenate>
        <passedAgreedToInSenate>1</passedAgreedToInSenate>
      </actionTypeCounts>
      <item>
        <actionDate>2014-09-17</actionDate>
        <committee />
        <links>
          <link>
            <name>S5705</name>
            <url>/congressional-record/2014/senate-section/page/S5705</url>
          </link>
        </links>
        <sourceSystem>
          <name>Senate</name>
          <code>0</code>
        </sourceSystem>
        <text>Submitted in the Senate, considered, and agreed to without amendment and with a preamble by Unanimous Consent. (consideration: CR S5720; text as passed Senate: CR S5705)</text>
        <type>Floor</type>
      </item>
      <item>
        <sourceSystem>
          <name>Library of Congress</name>
          <code>9</code>
        </sourceSystem>
        <actionDate>2014-09-17</actionDate>
        <links>
          <link>
            <name>S5705</name>
            <url>/congressional-record/2014/senate-section/page/S5705</url>
          </link>
        </links>
        <text>Passed/agreed to in Senate: Submitted in the Senate, considered, and agreed to without amendment and with a preamble by Unanimous Consent.(consideration: CR S5720; text as passed Senate: CR S5705)</text>
        <type>Floor</type>
        <actionCode>17000</actionCode>
        <committee />
      </item>
      <item>
        <sourceSystem>
          <name>Library of Congress</name>
          <code>9</code>
        </sourceSystem>
        <actionDate>2014-09-17</actionDate>
        <links />
        <text>Introduced in Senate</text>
        <type>IntroReferral</type>
        <actionCode>10000</actionCode>
        <committee />
      </item>
      <actionByCounts>
        <senate>3</senate>
      </actionByCounts>
    </actions>
    <titles>
      <item>
        <chamberName />
        <titleType>Official Title as Introduced</titleType>
        <title>A resolution designating the week beginning October 19, 2014, as "National Character Counts Week".</title>
        <chamberCode />
        <parentTitleType />
      </item>
      <item>
        <chamberName />
        <titleType>Display Title</titleType>
        <title>A resolution designating the week beginning October 19, 2014, as "National Character Counts Week".</title>
        <chamberCode />
        <parentTitleType />
      </item>
    </titles>
    <billType>SRES</billType>
    <relatedBills>
      <item>
        <type>SRES</type>
        <congress>113</congress>
        <latestTitle>A resolution designating the week beginning October 20, 2013, as "National Character Counts Week".</latestTitle>
        <latestAction>
          <actionDate>2013-10-16</actionDate>
          <text>Submitted in the Senate, considered, and agreed to without amendment and with a preamble by Unanimous Consent. (consideration: CR S7559; text as passed Senate: CR S7538)</text>
        </latestAction>
        <relationshipDetails>
          <item>
            <identifiedBy>CRS</identifiedBy>
            <type>Related bill</type>
          </item>
        </relationshipDetails>
        <number>272</number>
      </item>
    </relatedBills>
    <committees>
      <billCommittees />
    </committees>
  </bill>
  <dublinCore xmlns:dc="http://purl.org/dc/elements/1.1/">
    <dc:format>text/xml</dc:format>
    <dc:language>EN</dc:language>
    <dc:rights>Pursuant to Title 17 Section 105 of the United States Code, this file is not subject to copyright protection and is in the public domain.</dc:rights>
    <dc:contributor>Congressional Research Service, Library of Congress</dc:contributor>
    <dc:description>This file contains bill summaries and statuses for federal legislation. A bill summary describes the most significant provisions of a piece of legislation and details the effects the legislative text may have on current law and federal programs. Bill summaries are authored by the Congressional Research Service (CRS) of the Library of Congress. As stated in Public Law 91-510 (2 USC 166 (d)(6)), one of the duties of CRS is "to prepare summaries and digests of bills and resolutions of a public general nature introduced in the Senate or House of Representatives". For more information, refer to the User Guide that accompanies this file.</dc:description>
  </dublinCore>
</billStatus>

