<?xml version="1.0" encoding="UTF-8"?>
<billStatus>
  <bill>
    <summaries>
      <billSummaries>
        <item>
          <text><![CDATA[<p>Recognizes, in the spirit of the &quot;Arab Spring&quot; revolution (where ordinary citizens have taken to the streets demanding an end to corruption, political cronyism, and government repression), that religious minority freedoms and rights must be protected.</p> <p> Urges the U.S. government to lead the international effort to repeal existing blasphemy laws.</p>]]></text>
          <name>Introduced in Senate</name>
          <versionCode>00</versionCode>
          <actionDate>2013-03-07</actionDate>
          <actionDesc>Introduced in Senate</actionDesc>
          <lastSummaryUpdateDate>2013-03-28T19:36:05Z</lastSummaryUpdateDate>
          <updateDate>2013-03-07T05:00:00Z</updateDate>
        </item>
      </billSummaries>
    </summaries>
    <sponsors>
      <item>
        <bioguideId>I000024</bioguideId>
        <fullName>Sen. Inhofe, James M. [R-OK]</fullName>
        <byRequestType />
        <lastName>INHOFE</lastName>
        <firstName>JIM</firstName>
        <middleName />
        <identifiers>
          <lisID>583</lisID>
          <bioguideId>I000024</bioguideId>
          <gpoId>8322</gpoId>
        </identifiers>
      </item>
    </sponsors>
    <latestAction>
      <links />
      <actionDate>2013-03-07</actionDate>
      <text>Referred to the Committee on Foreign Relations. (text of measure as introduced: CR S1271-1272)</text>
    </latestAction>
    <congress>113</congress>
    <billNumber>69</billNumber>
    <cboCostEstimates />
    <calendarNumbers />
    <billType>SRES</billType>
    <committees>
      <billCommittees>
        <item>
          <systemCode>ssfr00</systemCode>
          <subcommittees />
          <chamber>Senate</chamber>
          <type>Standing</type>
          <name>Foreign Relations Committee</name>
          <activities>
            <item>
              <name>Referred to</name>
              <date>2013-03-07T19:51:02Z</date>
            </item>
          </activities>
        </item>
      </billCommittees>
    </committees>
    <recordedVotes />
    <titles>
      <item>
        <chamberName />
        <chamberCode />
        <parentTitleType />
        <titleType>Official Title as Introduced</titleType>
        <title>A resolution calling for the protections of religious minority rights and freedoms in the Arab world.</title>
      </item>
      <item>
        <chamberName />
        <chamberCode />
        <parentTitleType />
        <titleType>Display Title</titleType>
        <title>A resolution calling for the protections of religious minority rights and freedoms in the Arab world.</title>
      </item>
    </titles>
    <laws />
    <originChamber>Senate</originChamber>
    <createDate>2013-03-08T07:01:11Z</createDate>
    <notes />
    <updateDate>2016-10-25T16:18:14Z</updateDate>
    <policyArea>
      <name>International Affairs</name>
    </policyArea>
    <title>A resolution calling for the protections of religious minority rights and freedoms in the Arab world.</title>
    <committeeReports />
    <subjects>
      <billSubjects>
        <policyArea>
          <name>International Affairs</name>
        </policyArea>
        <legislativeSubjects>
          <item>
            <name>Human rights</name>
          </item>
          <item>
            <name>International organizations and cooperation</name>
          </item>
          <item>
            <name>Middle East</name>
          </item>
          <item>
            <name>Religion</name>
          </item>
        </legislativeSubjects>
      </billSubjects>
    </subjects>
    <relatedBills>
      <item>
        <latestAction>
          <actionDate>2013-05-06</actionDate>
          <text>Referred to the Subcommittee on Middle East and North Africa.</text>
        </latestAction>
        <number>106</number>
        <congress>113</congress>
        <type>HRES</type>
        <latestTitle>Calling for the protection of religious minority rights and freedoms in the Arab world.</latestTitle>
        <relationshipDetails>
          <item>
            <type>Identical bill</type>
            <identifiedBy>CRS</identifiedBy>
          </item>
        </relationshipDetails>
      </item>
    </relatedBills>
    <introducedDate>2013-03-07</introducedDate>
    <amendments />
    <actions>
      <actionTypeCounts>
        <referredToCommittee>1</referredToCommittee>
        <introducedInSenate>1</introducedInSenate>
      </actionTypeCounts>
      <actionByCounts>
        <senate>2</senate>
      </actionByCounts>
      <item>
        <actionDate>2013-03-07</actionDate>
        <committee>
          <name>Foreign Relations Committee</name>
          <systemCode>ssfr00</systemCode>
        </committee>
        <links>
          <link>
            <name>S1271-1272</name>
            <url>/congressional-record/2013/senate-section/page/S1271-1272</url>
          </link>
        </links>
        <sourceSystem>
          <name>Senate</name>
          <code>0</code>
        </sourceSystem>
        <text>Referred to the Committee on Foreign Relations. (text of measure as introduced: CR S1271-1272)</text>
        <type>IntroReferral</type>
      </item>
      <item>
        <committee />
        <sourceSystem>
          <name>Library of Congress</name>
          <code>9</code>
        </sourceSystem>
        <type>IntroReferral</type>
        <text>Introduced in Senate</text>
        <actionDate>2013-03-07</actionDate>
        <links />
        <actionCode>10000</actionCode>
      </item>
    </actions>
    <cosponsors>
      <item>
        <lastName>COBURN</lastName>
        <sponsorshipDate>2013-05-06</sponsorshipDate>
        <firstName>TOM</firstName>
        <identifiers>
          <bioguideId>C000560</bioguideId>
          <lisID>212</lisID>
          <gpoId>8293</gpoId>
        </identifiers>
        <isOriginalCosponsor>False</isOriginalCosponsor>
        <bioguideId>C000560</bioguideId>
        <fullName>Sen. Coburn, Tom [R-OK]</fullName>
        <middleName />
        <sponsorshipWithdrawnDate />
      </item>
      <item>
        <lastName>Rubio</lastName>
        <sponsorshipDate>2013-07-30</sponsorshipDate>
        <firstName>Marco</firstName>
        <identifiers>
          <gpoId>8242</gpoId>
          <lisID>2084</lisID>
          <bioguideId>R000595</bioguideId>
        </identifiers>
        <isOriginalCosponsor>False</isOriginalCosponsor>
        <bioguideId>R000595</bioguideId>
        <fullName>Sen. Rubio, Marco [R-FL]</fullName>
        <middleName />
        <sponsorshipWithdrawnDate />
      </item>
    </cosponsors>
  </bill>
  <dublinCore xmlns:dc="http://purl.org/dc/elements/1.1/">
    <dc:format>text/xml</dc:format>
    <dc:language>EN</dc:language>
    <dc:rights>Pursuant to Title 17 Section 105 of the United States Code, this file is not subject to copyright protection and is in the public domain.</dc:rights>
    <dc:contributor>Congressional Research Service, Library of Congress</dc:contributor>
    <dc:description>This file contains bill summaries and statuses for federal legislation. A bill summary describes the most significant provisions of a piece of legislation and details the effects the legislative text may have on current law and federal programs. Bill summaries are authored by the Congressional Research Service (CRS) of the Library of Congress. As stated in Public Law 91-510 (2 USC 166 (d)(6)), one of the duties of CRS is "to prepare summaries and digests of bills and resolutions of a public general nature introduced in the Senate or House of Representatives". For more information, refer to the User Guide that accompanies this file.</dc:description>
  </dublinCore>
</billStatus>

