<?xml version="1.0" encoding="UTF-8"?>
<billStatus>
  <bill>
    <titles>
      <item>
        <title>A resolution supporting the role of the United States in ensuring children in the world's poorest countries have access to vaccines and immunization through Gavi, the Vaccine Alliance.</title>
        <titleType>Official Title as Introduced</titleType>
        <parentTitleType />
        <chamberName />
        <chamberCode />
      </item>
      <item>
        <title>A resolution supporting the role of the United States in ensuring children in the world's poorest countries have access to vaccines and immunization through Gavi, the Vaccine Alliance.</title>
        <titleType>Display Title</titleType>
        <parentTitleType />
        <chamberName />
        <chamberCode />
      </item>
    </titles>
    <introducedDate>2014-11-13</introducedDate>
    <notes />
    <calendarNumbers>
      <item>
        <calendar>Senate Calendar of Business</calendar>
        <number>0614</number>
      </item>
    </calendarNumbers>
    <committees>
      <billCommittees>
        <item>
          <subcommittees />
          <activities>
            <item>
              <name>Reported by</name>
              <date>2014-12-04T22:24:35Z</date>
            </item>
            <item>
              <name>Markup by</name>
              <date>2014-12-04T15:00:00Z</date>
            </item>
            <item>
              <name>Referred to</name>
              <date>2014-11-13T21:40:34Z</date>
            </item>
          </activities>
          <type>Standing</type>
          <systemCode>ssfr00</systemCode>
          <chamber>Senate</chamber>
          <name>Foreign Relations Committee</name>
        </item>
      </billCommittees>
    </committees>
    <sponsors>
      <item>
        <lastName>MENENDEZ</lastName>
        <middleName />
        <bioguideId>M000639</bioguideId>
        <firstName>ROBERT</firstName>
        <byRequestType />
        <fullName>Sen. Menendez, Robert [D-NJ]</fullName>
        <identifiers>
          <bioguideId>M000639</bioguideId>
          <lisID>791</lisID>
          <gpoId>8239</gpoId>
        </identifiers>
      </item>
    </sponsors>
    <subjects>
      <billSubjects>
        <policyArea>
          <name>International Affairs</name>
        </policyArea>
        <legislativeSubjects>
          <item>
            <name>Child health</name>
          </item>
          <item>
            <name>Congressional tributes</name>
          </item>
          <item>
            <name>Diplomacy, foreign officials, Americans abroad</name>
          </item>
          <item>
            <name>Foreign aid and international relief</name>
          </item>
          <item>
            <name>Immunology and vaccination</name>
          </item>
          <item>
            <name>Infectious and parasitic diseases</name>
          </item>
          <item>
            <name>International organizations and cooperation</name>
          </item>
          <item>
            <name>Multilateral development programs</name>
          </item>
          <item>
            <name>Prescription drugs</name>
          </item>
          <item>
            <name>Religion</name>
          </item>
          <item>
            <name>Sex and reproductive health</name>
          </item>
          <item>
            <name>Social work, volunteer service, charitable organizations</name>
          </item>
          <item>
            <name>World health</name>
          </item>
        </legislativeSubjects>
      </billSubjects>
    </subjects>
    <originChamber>Senate</originChamber>
    <createDate>2014-11-14T05:17:20Z</createDate>
    <congress>113</congress>
    <cosponsors>
      <item>
        <sponsorshipWithdrawnDate />
        <bioguideId>R000595</bioguideId>
        <fullName>Sen. Rubio, Marco [R-FL]</fullName>
        <lastName>Rubio</lastName>
        <isOriginalCosponsor>True</isOriginalCosponsor>
        <identifiers>
          <lisID>2084</lisID>
          <gpoId>8242</gpoId>
          <bioguideId>R000595</bioguideId>
        </identifiers>
        <middleName />
        <sponsorshipDate>2014-11-13</sponsorshipDate>
        <firstName>Marco</firstName>
      </item>
      <item>
        <sponsorshipWithdrawnDate />
        <bioguideId>C001088</bioguideId>
        <fullName>Sen. Coons, Christopher A. [D-DE]</fullName>
        <lastName>Coons</lastName>
        <isOriginalCosponsor>True</isOriginalCosponsor>
        <identifiers>
          <gpoId>8297</gpoId>
          <lisID>1984</lisID>
          <bioguideId>C001088</bioguideId>
        </identifiers>
        <middleName>A.</middleName>
        <sponsorshipDate>2014-11-13</sponsorshipDate>
        <firstName>Christopher</firstName>
      </item>
      <item>
        <sponsorshipWithdrawnDate />
        <bioguideId>B001236</bioguideId>
        <fullName>Sen. Boozman, John [R-AR]</fullName>
        <lastName>Boozman</lastName>
        <isOriginalCosponsor>True</isOriginalCosponsor>
        <identifiers>
          <gpoId>8247</gpoId>
          <bioguideId>B001236</bioguideId>
          <lisID>1687</lisID>
        </identifiers>
        <middleName />
        <sponsorshipDate>2014-11-13</sponsorshipDate>
        <firstName>John</firstName>
      </item>
      <item>
        <sponsorshipWithdrawnDate />
        <bioguideId>D000563</bioguideId>
        <fullName>Sen. Durbin, Richard [D-IL]</fullName>
        <lastName>DURBIN</lastName>
        <isOriginalCosponsor>False</isOriginalCosponsor>
        <identifiers>
          <gpoId>8326</gpoId>
          <lisID>326</lisID>
          <bioguideId>D000563</bioguideId>
        </identifiers>
        <middleName>J.</middleName>
        <sponsorshipDate>2014-11-19</sponsorshipDate>
        <firstName>RICHARD</firstName>
      </item>
      <item>
        <sponsorshipWithdrawnDate />
        <bioguideId>B000711</bioguideId>
        <fullName>Sen. Boxer, Barbara [D-CA]</fullName>
        <lastName>BOXER</lastName>
        <isOriginalCosponsor>False</isOriginalCosponsor>
        <identifiers>
          <bioguideId>B000711</bioguideId>
          <lisID>116</lisID>
          <gpoId>8306</gpoId>
        </identifiers>
        <middleName />
        <sponsorshipDate>2014-12-01</sponsorshipDate>
        <firstName>BARBARA</firstName>
      </item>
      <item>
        <sponsorshipWithdrawnDate />
        <bioguideId>W000779</bioguideId>
        <fullName>Sen. Wyden, Ron [D-OR]</fullName>
        <lastName>WYDEN</lastName>
        <isOriginalCosponsor>False</isOriginalCosponsor>
        <identifiers>
          <bioguideId>W000779</bioguideId>
          <lisID>1247</lisID>
          <gpoId>8265</gpoId>
        </identifiers>
        <middleName />
        <sponsorshipDate>2014-12-01</sponsorshipDate>
        <firstName>RON</firstName>
      </item>
      <item>
        <sponsorshipWithdrawnDate />
        <bioguideId>C000141</bioguideId>
        <fullName>Sen. Cardin, Benjamin L. [D-MD]</fullName>
        <lastName>CARDIN</lastName>
        <isOriginalCosponsor>False</isOriginalCosponsor>
        <identifiers>
          <lisID>174</lisID>
          <bioguideId>C000141</bioguideId>
          <gpoId>8287</gpoId>
        </identifiers>
        <middleName>L.</middleName>
        <sponsorshipDate>2014-12-01</sponsorshipDate>
        <firstName>BENJAMIN</firstName>
      </item>
      <item>
        <sponsorshipWithdrawnDate />
        <bioguideId>K000384</bioguideId>
        <fullName>Sen. Kaine, Tim [D-VA]</fullName>
        <lastName>Kaine</lastName>
        <isOriginalCosponsor>False</isOriginalCosponsor>
        <identifiers>
          <gpoId />
          <bioguideId>K000384</bioguideId>
          <lisID>2176</lisID>
        </identifiers>
        <middleName />
        <sponsorshipDate>2014-12-01</sponsorshipDate>
        <firstName>Timothy</firstName>
      </item>
      <item>
        <sponsorshipWithdrawnDate />
        <bioguideId>M000133</bioguideId>
        <fullName>Sen. Markey, Edward J. [D-MA]</fullName>
        <lastName>MARKEY</lastName>
        <isOriginalCosponsor>False</isOriginalCosponsor>
        <identifiers>
          <gpoId>7972</gpoId>
          <lisID>735</lisID>
          <bioguideId>M000133</bioguideId>
        </identifiers>
        <middleName>J.</middleName>
        <sponsorshipDate>2014-12-02</sponsorshipDate>
        <firstName>EDWARD</firstName>
      </item>
      <item>
        <sponsorshipWithdrawnDate />
        <bioguideId>W000437</bioguideId>
        <fullName>Sen. Wicker, Roger F. [R-MS]</fullName>
        <lastName>WICKER</lastName>
        <isOriginalCosponsor>False</isOriginalCosponsor>
        <identifiers>
          <lisID>1226</lisID>
          <gpoId>8263</gpoId>
          <bioguideId>W000437</bioguideId>
        </identifiers>
        <middleName>F.</middleName>
        <sponsorshipDate>2014-12-02</sponsorshipDate>
        <firstName>ROGER</firstName>
      </item>
      <item>
        <sponsorshipWithdrawnDate />
        <bioguideId>F000062</bioguideId>
        <fullName>Sen. Feinstein, Dianne [D-CA]</fullName>
        <lastName>FEINSTEIN</lastName>
        <isOriginalCosponsor>False</isOriginalCosponsor>
        <identifiers>
          <bioguideId>F000062</bioguideId>
          <lisID>1332</lisID>
          <gpoId>8338</gpoId>
        </identifiers>
        <middleName />
        <sponsorshipDate>2014-12-03</sponsorshipDate>
        <firstName>DIANNE</firstName>
      </item>
      <item>
        <sponsorshipWithdrawnDate />
        <bioguideId>B001277</bioguideId>
        <fullName>Sen. Blumenthal, Richard [D-CT]</fullName>
        <lastName>Blumenthal</lastName>
        <isOriginalCosponsor>False</isOriginalCosponsor>
        <identifiers>
          <lisID>2076</lisID>
          <bioguideId>B001277</bioguideId>
          <gpoId>8332</gpoId>
        </identifiers>
        <middleName />
        <sponsorshipDate>2014-12-03</sponsorshipDate>
        <firstName>Richard</firstName>
      </item>
      <item>
        <sponsorshipWithdrawnDate />
        <bioguideId>S001181</bioguideId>
        <fullName>Sen. Shaheen, Jeanne [D-NH]</fullName>
        <lastName>Shaheen</lastName>
        <isOriginalCosponsor>False</isOriginalCosponsor>
        <identifiers>
          <gpoId>8276</gpoId>
          <lisID>1901</lisID>
          <bioguideId>S001181</bioguideId>
        </identifiers>
        <middleName />
        <sponsorshipDate>2014-12-03</sponsorshipDate>
        <firstName>Jeanne</firstName>
      </item>
      <item>
        <sponsorshipWithdrawnDate />
        <bioguideId>B000944</bioguideId>
        <fullName>Sen. Brown, Sherrod [D-OH]</fullName>
        <lastName>BROWN</lastName>
        <isOriginalCosponsor>False</isOriginalCosponsor>
        <identifiers>
          <gpoId>8309</gpoId>
          <bioguideId>B000944</bioguideId>
          <lisID>136</lisID>
        </identifiers>
        <middleName />
        <sponsorshipDate>2014-12-04</sponsorshipDate>
        <firstName>SHERROD</firstName>
      </item>
      <item>
        <sponsorshipWithdrawnDate />
        <bioguideId>U000039</bioguideId>
        <fullName>Sen. Udall, Tom [D-NM]</fullName>
        <lastName>UDALL</lastName>
        <isOriginalCosponsor>False</isOriginalCosponsor>
        <identifiers>
          <bioguideId>U000039</bioguideId>
          <lisID>1567</lisID>
          <gpoId>8260</gpoId>
        </identifiers>
        <middleName />
        <sponsorshipDate>2014-12-04</sponsorshipDate>
        <firstName>TOM</firstName>
      </item>
      <item>
        <sponsorshipWithdrawnDate />
        <bioguideId>S000148</bioguideId>
        <fullName>Sen. Schumer, Charles E. [D-NY]</fullName>
        <lastName>SCHUMER</lastName>
        <isOriginalCosponsor>False</isOriginalCosponsor>
        <identifiers>
          <lisID>1036</lisID>
          <gpoId>8279</gpoId>
          <bioguideId>S000148</bioguideId>
        </identifiers>
        <middleName>E.</middleName>
        <sponsorshipDate>2014-12-08</sponsorshipDate>
        <firstName>CHARLES</firstName>
      </item>
      <item>
        <sponsorshipWithdrawnDate />
        <bioguideId>C000567</bioguideId>
        <fullName>Sen. Cochran, Thad [R-MS]</fullName>
        <lastName>Cochran</lastName>
        <isOriginalCosponsor>False</isOriginalCosponsor>
        <identifiers>
          <lisID>213</lisID>
          <gpoId>8292</gpoId>
          <bioguideId>C000567</bioguideId>
        </identifiers>
        <middleName />
        <sponsorshipDate>2014-12-08</sponsorshipDate>
        <firstName>Thad</firstName>
      </item>
    </cosponsors>
    <billType>SRES</billType>
    <billNumber>578</billNumber>
    <summaries>
      <billSummaries>
        <item>
          <lastSummaryUpdateDate>2014-11-18T19:24:47Z</lastSummaryUpdateDate>
          <name>Introduced in Senate</name>
          <actionDesc>Introduced in Senate</actionDesc>
          <text><![CDATA[<p> Commends the Global Alliance for Vaccines and Immunisation (GAVI Alliance), the Bill and Melinda Gates Foundation, the United Nations Children's Emergency Fund (UNICEF), the World Health Organization (WHO), the World Bank, civil society, the private sector, faith-based organizations, implementing countries, and the international community on the progress made in reducing child mortality through the increased availability of vaccines. </p> <p>Supports the ideals and goals of the GAVI Alliance.</p> <p>Recognizes that the United States, in addition to being an important donor, is a critical technical partner to the GAVI Alliance. </p> <p>Encourages the continued use of U.S. Agency for International Development (USAID) and Centers for Disease Control and Prevention (CDC) global immunization resources. </p> <p>Encourages continued U.S. and international commitment and investment, through the GAVI Alliance, in the global effort to ensure that children in developing nations have access to vaccines and immunizations.</p>]]></text>
          <actionDate>2014-11-13</actionDate>
          <versionCode>00</versionCode>
          <updateDate>2014-11-13T05:00:00Z</updateDate>
        </item>
        <item>
          <lastSummaryUpdateDate>2014-12-08T15:16:33Z</lastSummaryUpdateDate>
          <name>Reported to Senate without amendment</name>
          <actionDesc>Reported to Senate without amendment</actionDesc>
          <text><![CDATA[<p><b>(This measure has not been amended since it was introduced. The summary of that version is repeated here.)</b></p> <p>Commends the Global Alliance for Vaccines and Immunisation (GAVI Alliance), the Bill and Melinda Gates Foundation, the United Nations Children's Emergency Fund (UNICEF), the World Health Organization (WHO), the World Bank, civil society, the private sector, faith-based organizations, implementing countries, and the international community on the progress made in reducing child mortality through the increased availability of vaccines. </p> <p>Supports the ideals and goals of the GAVI Alliance.</p> <p>Recognizes that the United States, in addition to being an important donor, is a critical technical partner to the GAVI Alliance. </p> <p>Encourages the continued use of U.S. Agency for International Development (USAID) and Centers for Disease Control and Prevention (CDC) global immunization resources. </p> <p>Encourages continued U.S. and international commitment and investment, through the GAVI Alliance, in the global effort to ensure that children in developing nations have access to vaccines and immunizations.</p>]]></text>
          <actionDate>2014-12-04</actionDate>
          <versionCode>80</versionCode>
          <updateDate>2014-12-04T15:43:10Z</updateDate>
        </item>
      </billSummaries>
    </summaries>
    <actions>
      <item>
        <actionDate>2014-12-04</actionDate>
        <committee />
        <links />
        <sourceSystem>
          <name>Senate</name>
          <code>0</code>
        </sourceSystem>
        <text>Placed on Senate Legislative Calendar under General Orders. Calendar No. 614.</text>
        <type>Calendars</type>
      </item>
      <item>
        <actionDate>2014-12-04</actionDate>
        <committee>
          <systemCode>ssfr00</systemCode>
          <name>Foreign Relations Committee</name>
        </committee>
        <links />
        <sourceSystem>
          <name>Senate</name>
          <code>0</code>
        </sourceSystem>
        <text>Committee on Foreign Relations. Reported by Senator Menendez without amendment and with a preamble. Without written report.</text>
        <type>Committee</type>
      </item>
      <item>
        <links />
        <actionCode>14000</actionCode>
        <committee>
          <systemCode>ssfr00</systemCode>
          <name>Foreign Relations Committee</name>
        </committee>
        <type>Committee</type>
        <sourceSystem>
          <name>Library of Congress</name>
          <code>9</code>
        </sourceSystem>
        <text>Committee on Foreign Relations. Reported by Senator Menendez without amendment and with a preamble. Without written report.</text>
        <actionDate>2014-12-04</actionDate>
      </item>
      <item>
        <actionDate>2014-12-04</actionDate>
        <committee>
          <systemCode>ssfr00</systemCode>
          <name>Foreign Relations Committee</name>
        </committee>
        <links />
        <sourceSystem>
          <name>Senate</name>
          <code>0</code>
        </sourceSystem>
        <text>Committee on Foreign Relations. Ordered to be reported without amendment favorably.</text>
        <type>Committee</type>
      </item>
      <item>
        <actionDate>2014-11-13</actionDate>
        <committee>
          <systemCode>ssfr00</systemCode>
          <name>Foreign Relations Committee</name>
        </committee>
        <links>
          <link>
            <name>S5995-5996</name>
            <url>/congressional-record/2014/senate-section/page/S5995-5996</url>
          </link>
        </links>
        <sourceSystem>
          <name>Senate</name>
          <code>0</code>
        </sourceSystem>
        <text>Referred to the Committee on Foreign Relations. (text of measure as introduced: CR S5995-5996)</text>
        <type>IntroReferral</type>
      </item>
      <item>
        <links />
        <actionCode>10000</actionCode>
        <committee />
        <type>IntroReferral</type>
        <sourceSystem>
          <name>Library of Congress</name>
          <code>9</code>
        </sourceSystem>
        <text>Introduced in Senate</text>
        <actionDate>2014-11-13</actionDate>
      </item>
      <actionTypeCounts>
        <reportedToSenate>2</reportedToSenate>
        <placedOnCalendarGeneralOrders>1</placedOnCalendarGeneralOrders>
        <referredToCommittee>1</referredToCommittee>
        <introducedInSenate>1</introducedInSenate>
        <orderedReported>1</orderedReported>
      </actionTypeCounts>
      <actionByCounts>
        <senate>6</senate>
      </actionByCounts>
    </actions>
    <relatedBills>
      <item>
        <type>HRES</type>
        <latestTitle>Supporting the role of the United States in ensuring children in poor countries have access to vaccines and immunization through the GAVI Alliance.</latestTitle>
        <number>688</number>
        <latestAction>
          <actionDate>2014-07-25</actionDate>
          <text>Referred to the House Committee on Foreign Affairs.</text>
        </latestAction>
        <congress>113</congress>
        <relationshipDetails>
          <item>
            <type>Related bill</type>
            <identifiedBy>CRS</identifiedBy>
          </item>
        </relationshipDetails>
      </item>
    </relatedBills>
    <policyArea>
      <name>International Affairs</name>
    </policyArea>
    <updateDate>2016-10-25T16:19:30Z</updateDate>
    <recordedVotes />
    <cboCostEstimates />
    <latestAction>
      <text>Placed on Senate Legislative Calendar under General Orders. Calendar No. 614.</text>
      <actionDate>2014-12-04</actionDate>
      <links />
    </latestAction>
    <title>A resolution supporting the role of the United States in ensuring children in the world's poorest countries have access to vaccines and immunization through Gavi, the Vaccine Alliance.</title>
    <amendments />
    <laws />
    <committeeReports />
  </bill>
  <dublinCore xmlns:dc="http://purl.org/dc/elements/1.1/">
    <dc:format>text/xml</dc:format>
    <dc:language>EN</dc:language>
    <dc:rights>Pursuant to Title 17 Section 105 of the United States Code, this file is not subject to copyright protection and is in the public domain.</dc:rights>
    <dc:contributor>Congressional Research Service, Library of Congress</dc:contributor>
    <dc:description>This file contains bill summaries and statuses for federal legislation. A bill summary describes the most significant provisions of a piece of legislation and details the effects the legislative text may have on current law and federal programs. Bill summaries are authored by the Congressional Research Service (CRS) of the Library of Congress. As stated in Public Law 91-510 (2 USC 166 (d)(6)), one of the duties of CRS is "to prepare summaries and digests of bills and resolutions of a public general nature introduced in the Senate or House of Representatives". For more information, refer to the User Guide that accompanies this file.</dc:description>
  </dublinCore>
</billStatus>

