<?xml version="1.0" encoding="UTF-8"?>
<billStatus>
  <bill>
    <actions>
      <item>
        <actionDate>2014-05-22</actionDate>
        <committee />
        <links>
          <link>
            <name>S3300-3301</name>
            <url>/congressional-record/2014/senate-section/page/S3300-3301</url>
          </link>
          <link>
            <name>S3308-3309</name>
            <url>/congressional-record/2014/senate-section/page/S3308-3309</url>
          </link>
        </links>
        <sourceSystem>
          <name>Senate</name>
          <code>0</code>
        </sourceSystem>
        <text>Submitted in the Senate, considered, and agreed to without amendment and with a preamble by Unanimous Consent. (consideration: CR S3308-3309; text as passed Senate: CR S3300-3301)</text>
        <type>Floor</type>
      </item>
      <item>
        <actionDate>2014-05-22</actionDate>
        <committee />
        <actionCode>17000</actionCode>
        <links>
          <link>
            <name>S3300-3301</name>
            <url>/congressional-record/2014/senate-section/page/S3300-3301</url>
          </link>
          <link>
            <name>S3308-3309</name>
            <url>/congressional-record/2014/senate-section/page/S3308-3309</url>
          </link>
        </links>
        <type>Floor</type>
        <sourceSystem>
          <name>Library of Congress</name>
          <code>9</code>
        </sourceSystem>
        <text>Passed/agreed to in Senate: Submitted in the Senate, considered, and agreed to without amendment and with a preamble by Unanimous Consent.(consideration: CR S3308-3309; text as passed Senate: CR S3300-3301)</text>
      </item>
      <item>
        <actionDate>2014-05-22</actionDate>
        <committee />
        <actionCode>10000</actionCode>
        <links />
        <type>IntroReferral</type>
        <sourceSystem>
          <name>Library of Congress</name>
          <code>9</code>
        </sourceSystem>
        <text>Introduced in Senate</text>
      </item>
      <actionByCounts>
        <senate>3</senate>
      </actionByCounts>
      <actionTypeCounts>
        <introducedInSenate>1</introducedInSenate>
        <passedOrAgreedToInSenateDayOf>1</passedOrAgreedToInSenateDayOf>
        <passedAgreedToInSenate>1</passedAgreedToInSenate>
      </actionTypeCounts>
    </actions>
    <title>A resolution recognizing May as Jewish American Heritage Month and honoring Holocaust survivors and their contributions to the United States of America.</title>
    <cosponsors>
      <item>
        <sponsorshipDate>2014-05-22</sponsorshipDate>
        <lastName>KIRK</lastName>
        <fullName>Sen. Kirk, Mark Steven [R-IL]</fullName>
        <middleName>STEVEN</middleName>
        <firstName>MARK</firstName>
        <sponsorshipWithdrawnDate />
        <identifiers>
          <gpoId>8285</gpoId>
          <lisID>1647</lisID>
          <bioguideId>K000360</bioguideId>
        </identifiers>
        <isOriginalCosponsor>True</isOriginalCosponsor>
        <bioguideId>K000360</bioguideId>
      </item>
      <item>
        <sponsorshipDate>2014-05-22</sponsorshipDate>
        <lastName>DURBIN</lastName>
        <fullName>Sen. Durbin, Richard [D-IL]</fullName>
        <middleName>J.</middleName>
        <firstName>RICHARD</firstName>
        <sponsorshipWithdrawnDate />
        <identifiers>
          <lisID>326</lisID>
          <bioguideId>D000563</bioguideId>
          <gpoId>8326</gpoId>
        </identifiers>
        <isOriginalCosponsor>True</isOriginalCosponsor>
        <bioguideId>D000563</bioguideId>
      </item>
      <item>
        <sponsorshipDate>2014-05-22</sponsorshipDate>
        <lastName>BROWN</lastName>
        <fullName>Sen. Brown, Sherrod [D-OH]</fullName>
        <middleName />
        <firstName>SHERROD</firstName>
        <sponsorshipWithdrawnDate />
        <identifiers>
          <bioguideId>B000944</bioguideId>
          <lisID>136</lisID>
          <gpoId>8309</gpoId>
        </identifiers>
        <isOriginalCosponsor>True</isOriginalCosponsor>
        <bioguideId>B000944</bioguideId>
      </item>
      <item>
        <sponsorshipDate>2014-05-22</sponsorshipDate>
        <lastName>Booker</lastName>
        <fullName>Sen. Booker, Cory A. [D-NJ]</fullName>
        <middleName>A.</middleName>
        <firstName>Cory</firstName>
        <sponsorshipWithdrawnDate />
        <identifiers>
          <lisID>2194</lisID>
          <bioguideId>B001288</bioguideId>
          <gpoId />
        </identifiers>
        <isOriginalCosponsor>True</isOriginalCosponsor>
        <bioguideId>B001288</bioguideId>
      </item>
      <item>
        <sponsorshipDate>2014-05-22</sponsorshipDate>
        <lastName>MENENDEZ</lastName>
        <fullName>Sen. Menendez, Robert [D-NJ]</fullName>
        <middleName />
        <firstName>ROBERT</firstName>
        <sponsorshipWithdrawnDate />
        <identifiers>
          <bioguideId>M000639</bioguideId>
          <lisID>791</lisID>
          <gpoId>8239</gpoId>
        </identifiers>
        <isOriginalCosponsor>True</isOriginalCosponsor>
        <bioguideId>M000639</bioguideId>
      </item>
      <item>
        <sponsorshipDate>2014-05-22</sponsorshipDate>
        <lastName>MIKULSKI</lastName>
        <fullName>Sen. Mikulski, Barbara A. [D-MD]</fullName>
        <middleName>ANN</middleName>
        <firstName>BARBARA</firstName>
        <sponsorshipWithdrawnDate />
        <identifiers>
          <gpoId>8240</gpoId>
          <lisID>802</lisID>
          <bioguideId>M000702</bioguideId>
        </identifiers>
        <isOriginalCosponsor>True</isOriginalCosponsor>
        <bioguideId>M000702</bioguideId>
      </item>
      <item>
        <sponsorshipDate>2014-05-22</sponsorshipDate>
        <lastName>NELSON</lastName>
        <fullName>Sen. Nelson, Bill [D-FL]</fullName>
        <middleName>WILLIAM</middleName>
        <firstName>CLARENCE</firstName>
        <sponsorshipWithdrawnDate />
        <identifiers>
          <gpoId>8236</gpoId>
          <lisID>859</lisID>
          <bioguideId>N000032</bioguideId>
        </identifiers>
        <isOriginalCosponsor>True</isOriginalCosponsor>
        <bioguideId>N000032</bioguideId>
      </item>
      <item>
        <sponsorshipDate>2014-05-22</sponsorshipDate>
        <lastName>Gillibrand</lastName>
        <fullName>Sen. Gillibrand, Kirsten E. [D-NY]</fullName>
        <middleName>E.</middleName>
        <firstName>Kirsten</firstName>
        <sponsorshipWithdrawnDate />
        <identifiers>
          <gpoId>8336</gpoId>
          <lisID>1866</lisID>
          <bioguideId>G000555</bioguideId>
        </identifiers>
        <isOriginalCosponsor>True</isOriginalCosponsor>
        <bioguideId>G000555</bioguideId>
      </item>
      <item>
        <sponsorshipDate>2014-05-22</sponsorshipDate>
        <lastName>PORTMAN</lastName>
        <fullName>Sen. Portman, Rob [R-OH]</fullName>
        <middleName />
        <firstName>ROB</firstName>
        <sponsorshipWithdrawnDate />
        <identifiers>
          <gpoId>8266</gpoId>
          <bioguideId>P000449</bioguideId>
          <lisID>924</lisID>
        </identifiers>
        <isOriginalCosponsor>True</isOriginalCosponsor>
        <bioguideId>P000449</bioguideId>
      </item>
    </cosponsors>
    <sponsors>
      <item>
        <middleName>L.</middleName>
        <firstName>BENJAMIN</firstName>
        <byRequestType />
        <bioguideId>C000141</bioguideId>
        <fullName>Sen. Cardin, Benjamin L. [D-MD]</fullName>
        <lastName>CARDIN</lastName>
        <identifiers>
          <gpoId>8287</gpoId>
          <bioguideId>C000141</bioguideId>
          <lisID>174</lisID>
        </identifiers>
      </item>
    </sponsors>
    <subjects>
      <billSubjects>
        <legislativeSubjects>
          <item>
            <name>Commemorative events and holidays</name>
          </item>
          <item>
            <name>Congressional tributes</name>
          </item>
          <item>
            <name>Europe</name>
          </item>
          <item>
            <name>Religion</name>
          </item>
          <item>
            <name>War crimes, genocide, crimes against humanity</name>
          </item>
          <item>
            <name>World history</name>
          </item>
        </legislativeSubjects>
        <policyArea>
          <name>Arts, Culture, Religion</name>
        </policyArea>
      </billSubjects>
    </subjects>
    <updateDate>2016-10-25T16:19:12Z</updateDate>
    <originChamber>Senate</originChamber>
    <titles>
      <item>
        <chamberName />
        <titleType>Official Title as Introduced</titleType>
        <title>A resolution recognizing May as Jewish American Heritage Month and honoring Holocaust survivors and their contributions to the United States of America.</title>
        <chamberCode />
        <parentTitleType />
      </item>
      <item>
        <chamberName />
        <titleType>Display Title</titleType>
        <title>A resolution recognizing May as Jewish American Heritage Month and honoring Holocaust survivors and their contributions to the United States of America.</title>
        <chamberCode />
        <parentTitleType />
      </item>
    </titles>
    <createDate>2014-05-23T07:31:37Z</createDate>
    <congress>113</congress>
    <introducedDate>2014-05-22</introducedDate>
    <latestAction>
      <links />
      <actionDate>2014-05-22</actionDate>
      <text>Submitted in the Senate, considered, and agreed to without amendment and with a preamble by Unanimous Consent. (consideration: CR S3308-3309; text as passed Senate: CR S3300-3301)</text>
    </latestAction>
    <laws />
    <relatedBills />
    <notes />
    <recordedVotes />
    <cboCostEstimates />
    <policyArea>
      <name>Arts, Culture, Religion</name>
    </policyArea>
    <billNumber>458</billNumber>
    <billType>SRES</billType>
    <committees>
      <billCommittees />
    </committees>
    <amendments />
    <summaries>
      <billSummaries>
        <item>
          <versionCode>00</versionCode>
          <text><![CDATA[<p>Recognizes May 2014 as Jewish American Heritage Month.</p> <p>Expresses appreciation for the contributions made to the United States by the survivors of the Holocaust.</p> <p>Encourages the people of the United States to learn about the efforts and achievements of Holocaust survivors who immigrated to the United States in the years following World War II.</p> <p>Expresses admiration for the more than 100,000 Holocaust survivors living in the United States who continue to bear witness to their personal stories. </p>]]></text>
          <updateDate>2014-05-22T04:00:00Z</updateDate>
          <lastSummaryUpdateDate>2014-06-05T20:55:51Z</lastSummaryUpdateDate>
          <actionDate>2014-05-22</actionDate>
          <actionDesc>Introduced in Senate</actionDesc>
          <name>Introduced in Senate</name>
        </item>
        <item>
          <versionCode>82</versionCode>
          <text><![CDATA[<p><b>(This measure has not been amended since it was introduced. The summary of that version is repeated here.)</b></p> <p>Recognizes May 2014 as Jewish American Heritage Month.</p> <p>Expresses appreciation for the contributions made to the United States by the survivors of the Holocaust.</p> <p>Encourages the people of the United States to learn about the efforts and achievements of Holocaust survivors who immigrated to the United States in the years following World War II.</p> <p>Expresses admiration for the more than 100,000 Holocaust survivors living in the United States who continue to bear witness to their personal stories. </p>]]></text>
          <updateDate>2014-05-22T12:54:16Z</updateDate>
          <lastSummaryUpdateDate>2014-06-05T20:59:22Z</lastSummaryUpdateDate>
          <actionDate>2014-05-22</actionDate>
          <actionDesc>Passed Senate without amendment</actionDesc>
          <name>Passed Senate without amendment</name>
        </item>
      </billSummaries>
    </summaries>
    <calendarNumbers />
    <committeeReports />
  </bill>
  <dublinCore xmlns:dc="http://purl.org/dc/elements/1.1/">
    <dc:format>text/xml</dc:format>
    <dc:language>EN</dc:language>
    <dc:rights>Pursuant to Title 17 Section 105 of the United States Code, this file is not subject to copyright protection and is in the public domain.</dc:rights>
    <dc:contributor>Congressional Research Service, Library of Congress</dc:contributor>
    <dc:description>This file contains bill summaries and statuses for federal legislation. A bill summary describes the most significant provisions of a piece of legislation and details the effects the legislative text may have on current law and federal programs. Bill summaries are authored by the Congressional Research Service (CRS) of the Library of Congress. As stated in Public Law 91-510 (2 USC 166 (d)(6)), one of the duties of CRS is "to prepare summaries and digests of bills and resolutions of a public general nature introduced in the Senate or House of Representatives". For more information, refer to the User Guide that accompanies this file.</dc:description>
  </dublinCore>
</billStatus>

