<?xml version="1.0" encoding="UTF-8"?>
<billStatus>
  <bill>
    <summaries>
      <billSummaries>
        <item>
          <versionCode>00</versionCode>
          <text><![CDATA[<p>Designates July 30, 2013, as National Whistleblower Appreciation Day.</p> <p>Encourages each executive agency to recognize such Day by: (1) informing employees, contractors, and the public about whistleblower rights; and (2) acknowledging the contributions of whistleblowers in combating waste, fraud, abuse, and violations of laws and regulations.</p>]]></text>
          <updateDate>2013-07-30T04:00:00Z</updateDate>
          <lastSummaryUpdateDate>2013-08-14T21:09:30Z</lastSummaryUpdateDate>
          <actionDate>2013-07-30</actionDate>
          <actionDesc>Introduced in Senate</actionDesc>
          <name>Introduced in Senate</name>
        </item>
        <item>
          <versionCode>82</versionCode>
          <text><![CDATA[<p><b>(This measure has not been amended since it was introduced. The summary of that version is repeated here.)</b></p> <p>Designates July 30, 2013, as National Whistleblower Appreciation Day.</p> <p>Encourages each executive agency to recognize such Day by: (1) informing employees, contractors, and the public about whistleblower rights; and (2) acknowledging the contributions of whistleblowers in combating waste, fraud, abuse, and violations of laws and regulations.</p>]]></text>
          <updateDate>2013-07-30T15:14:09Z</updateDate>
          <lastSummaryUpdateDate>2013-08-14T21:09:50Z</lastSummaryUpdateDate>
          <actionDate>2013-07-30</actionDate>
          <actionDesc>Passed Senate without amendment</actionDesc>
          <name>Passed Senate without amendment</name>
        </item>
      </billSummaries>
    </summaries>
    <sponsors>
      <item>
        <bioguideId>G000386</bioguideId>
        <fullName>Sen. Grassley, Chuck [R-IA]</fullName>
        <byRequestType />
        <lastName>GRASSLEY</lastName>
        <firstName>CHARLES</firstName>
        <middleName>ERNEST</middleName>
        <identifiers>
          <gpoId>8316</gpoId>
          <lisID>457</lisID>
          <bioguideId>G000386</bioguideId>
        </identifiers>
      </item>
    </sponsors>
    <latestAction>
      <links />
      <actionDate>2013-07-30</actionDate>
      <text>Submitted in the Senate, considered, and agreed to without amendment and with a preamble by Unanimous Consent. (consideration: CR S6082; text as passed Senate: CR S6078)</text>
    </latestAction>
    <congress>113</congress>
    <billNumber>202</billNumber>
    <cboCostEstimates />
    <calendarNumbers />
    <billType>SRES</billType>
    <committees>
      <billCommittees />
    </committees>
    <recordedVotes />
    <titles>
      <item>
        <chamberName />
        <chamberCode />
        <parentTitleType />
        <titleType>Official Title as Introduced</titleType>
        <title>A resolution designating July 30, 2013, as "National Whistleblower Appreciation Day".</title>
      </item>
      <item>
        <chamberName />
        <chamberCode />
        <parentTitleType />
        <titleType>Display Title</titleType>
        <title>A resolution designating July 30, 2013, as "National Whistleblower Appreciation Day".</title>
      </item>
    </titles>
    <laws />
    <originChamber>Senate</originChamber>
    <createDate>2013-07-31T15:52:20Z</createDate>
    <notes />
    <updateDate>2016-10-25T16:18:33Z</updateDate>
    <policyArea>
      <name>Government Operations and Politics</name>
    </policyArea>
    <title>A resolution designating July 30, 2013, as "National Whistleblower Appreciation Day".</title>
    <committeeReports />
    <subjects>
      <billSubjects>
        <policyArea>
          <name>Government Operations and Politics</name>
        </policyArea>
        <legislativeSubjects>
          <item>
            <name>Commemorative events and holidays</name>
          </item>
          <item>
            <name>Employment discrimination and employee rights</name>
          </item>
          <item>
            <name>Fraud offenses and financial crimes</name>
          </item>
          <item>
            <name>Government employee pay, benefits, personnel management</name>
          </item>
          <item>
            <name>Government ethics and transparency, public corruption</name>
          </item>
        </legislativeSubjects>
      </billSubjects>
    </subjects>
    <relatedBills>
      <item>
        <latestAction>
          <text>Submitted in the Senate, considered, and agreed to without amendment and with a preamble by Unanimous Consent. (consideration: CR S5003-5004)</text>
          <actionDate>2014-07-28</actionDate>
        </latestAction>
        <relationshipDetails>
          <item>
            <identifiedBy>CRS</identifiedBy>
            <type>Related bill</type>
          </item>
        </relationshipDetails>
        <type>SRES</type>
        <number>525</number>
        <congress>113</congress>
        <latestTitle>A resolution designating July 30, 2014, as "National Whistleblower Appreciation Day".</latestTitle>
      </item>
    </relatedBills>
    <introducedDate>2013-07-30</introducedDate>
    <amendments />
    <actions>
      <item>
        <actionDate>2013-07-30</actionDate>
        <committee />
        <links>
          <link>
            <name>S6078</name>
            <url>/congressional-record/2013/senate-section/page/S6078</url>
          </link>
        </links>
        <sourceSystem>
          <code>0</code>
          <name>Senate</name>
        </sourceSystem>
        <text>Submitted in the Senate, considered, and agreed to without amendment and with a preamble by Unanimous Consent. (consideration: CR S6082; text as passed Senate: CR S6078)</text>
        <type>Floor</type>
      </item>
      <item>
        <sourceSystem>
          <code>9</code>
          <name>Library of Congress</name>
        </sourceSystem>
        <actionDate>2013-07-30</actionDate>
        <committee />
        <actionCode>17000</actionCode>
        <type>Floor</type>
        <links>
          <link>
            <name>S6078</name>
            <url>/congressional-record/2013/senate-section/page/S6078</url>
          </link>
        </links>
        <text>Passed/agreed to in Senate: Submitted in the Senate, considered, and agreed to without amendment and with a preamble by Unanimous Consent.(consideration: CR S6082; text as passed Senate: CR S6078)</text>
      </item>
      <item>
        <sourceSystem>
          <code>9</code>
          <name>Library of Congress</name>
        </sourceSystem>
        <actionDate>2013-07-30</actionDate>
        <committee />
        <actionCode>10000</actionCode>
        <type>IntroReferral</type>
        <links />
        <text>Introduced in Senate</text>
      </item>
      <actionByCounts>
        <senate>3</senate>
      </actionByCounts>
      <actionTypeCounts>
        <introducedInSenate>1</introducedInSenate>
        <passedOrAgreedToInSenateDayOf>1</passedOrAgreedToInSenateDayOf>
        <passedAgreedToInSenate>1</passedAgreedToInSenate>
      </actionTypeCounts>
    </actions>
    <cosponsors>
      <item>
        <sponsorshipDate>2013-07-30</sponsorshipDate>
        <lastName>LEVIN</lastName>
        <middleName>MILTON</middleName>
        <firstName>CARL</firstName>
        <fullName>Sen. Levin, Carl [D-MI]</fullName>
        <bioguideId>L000261</bioguideId>
        <identifiers>
          <lisID>1384</lisID>
          <bioguideId>L000261</bioguideId>
          <gpoId>8243</gpoId>
        </identifiers>
        <sponsorshipWithdrawnDate />
        <isOriginalCosponsor>True</isOriginalCosponsor>
      </item>
    </cosponsors>
  </bill>
  <dublinCore xmlns:dc="http://purl.org/dc/elements/1.1/">
    <dc:format>text/xml</dc:format>
    <dc:language>EN</dc:language>
    <dc:rights>Pursuant to Title 17 Section 105 of the United States Code, this file is not subject to copyright protection and is in the public domain.</dc:rights>
    <dc:contributor>Congressional Research Service, Library of Congress</dc:contributor>
    <dc:description>This file contains bill summaries and statuses for federal legislation. A bill summary describes the most significant provisions of a piece of legislation and details the effects the legislative text may have on current law and federal programs. Bill summaries are authored by the Congressional Research Service (CRS) of the Library of Congress. As stated in Public Law 91-510 (2 USC 166 (d)(6)), one of the duties of CRS is "to prepare summaries and digests of bills and resolutions of a public general nature introduced in the Senate or House of Representatives". For more information, refer to the User Guide that accompanies this file.</dc:description>
  </dublinCore>
</billStatus>

