<?xml version="1.0" encoding="UTF-8"?>
<billStatus>
  <bill>
    <latestAction>
      <actionDate>2014-05-22</actionDate>
      <text>Submitted in the Senate, considered, and agreed to without amendment and with a preamble by Unanimous Consent. (consideration: CR S3308-3309; text as passed Senate: CR S3299-3300)</text>
      <links />
    </latestAction>
    <committeeReports />
    <cboCostEstimates />
    <billType>SRES</billType>
    <relatedBills>
      <item>
        <latestAction>
          <actionDate>2013-05-07</actionDate>
          <text>Referred to the House Committee on Ways and Means.</text>
        </latestAction>
        <type>HRES</type>
        <congress>113</congress>
        <relationshipDetails>
          <item>
            <type>Related bill</type>
            <identifiedBy>CRS</identifiedBy>
          </item>
        </relationshipDetails>
        <number>203</number>
        <latestTitle>Recognizing National Foster Care Month as an opportunity to raise awareness about the challenges of children in the foster-care system, and encouraging Congress to implement policy to improve the lives of children in the foster-care system.</latestTitle>
      </item>
      <item>
        <latestAction>
          <actionDate>2014-05-08</actionDate>
          <text>Referred to the House Committee on Ways and Means.</text>
        </latestAction>
        <type>HRES</type>
        <congress>113</congress>
        <relationshipDetails>
          <item>
            <type>Related bill</type>
            <identifiedBy>CRS</identifiedBy>
          </item>
        </relationshipDetails>
        <number>577</number>
        <latestTitle>Recognizing National Foster Care Month as an opportunity to raise awareness about the challenges of children in the foster care system, and encouraging Congress to implement policy to improve the lives of children in the foster care system.</latestTitle>
      </item>
      <item>
        <latestAction>
          <actionDate>2013-05-16</actionDate>
          <text>Submitted in the Senate, considered, and agreed to without amendment and with a preamble by Unanimous Consent. (consideration: CR S3585; text as passed Senate: CR S3583-3584)</text>
        </latestAction>
        <type>SRES</type>
        <congress>113</congress>
        <relationshipDetails>
          <item>
            <type>Related bill</type>
            <identifiedBy>CRS</identifiedBy>
          </item>
        </relationshipDetails>
        <number>147</number>
        <latestTitle>A resolution recognizing National Foster Care Month as an opportunity to raise awareness about the challenges of children in the foster care system, and encouraging Congress to implement policy to improve the lives of children in the foster care system.</latestTitle>
      </item>
      <item>
        <latestAction>
          <actionDate>2014-05-13</actionDate>
          <text>Referred to the Committee on Health, Education, Labor, and Pensions. (text of measure as introduced: CR S2957)</text>
        </latestAction>
        <type>SRES</type>
        <congress>113</congress>
        <relationshipDetails>
          <item>
            <type>Identical bill</type>
            <identifiedBy>CRS</identifiedBy>
          </item>
        </relationshipDetails>
        <number>442</number>
        <latestTitle>A resolution recognizing National Foster Care Month as an opportunity to raise awareness about the challenges of children in the foster care system, and encouraging Congress to implement policy to improve the lives of children in the foster care system.</latestTitle>
      </item>
    </relatedBills>
    <createDate>2014-05-23T07:31:37Z</createDate>
    <title>A resolution recognizing National Foster Care Month as an opportunity to raise awareness about the challenges of children in the foster care system, and encouraging Congress to implement policy to improve the lives of children in the foster care system.</title>
    <cosponsors>
      <item>
        <sponsorshipDate>2014-05-22</sponsorshipDate>
        <lastName>GRASSLEY</lastName>
        <fullName>Sen. Grassley, Chuck [R-IA]</fullName>
        <middleName>ERNEST</middleName>
        <firstName>CHARLES</firstName>
        <sponsorshipWithdrawnDate />
        <identifiers>
          <gpoId>8316</gpoId>
          <bioguideId>G000386</bioguideId>
          <lisID>457</lisID>
        </identifiers>
        <isOriginalCosponsor>True</isOriginalCosponsor>
        <bioguideId>G000386</bioguideId>
      </item>
      <item>
        <sponsorshipDate>2014-05-22</sponsorshipDate>
        <lastName>Blunt</lastName>
        <fullName>Sen. Blunt, Roy [R-MO]</fullName>
        <middleName />
        <firstName>Roy</firstName>
        <sponsorshipWithdrawnDate />
        <identifiers>
          <lisID>1464</lisID>
          <bioguideId>B000575</bioguideId>
          <gpoId>8313</gpoId>
        </identifiers>
        <isOriginalCosponsor>True</isOriginalCosponsor>
        <bioguideId>B000575</bioguideId>
      </item>
      <item>
        <sponsorshipDate>2014-05-22</sponsorshipDate>
        <lastName>Casey</lastName>
        <fullName>Sen. Casey, Robert P., Jr. [D-PA]</fullName>
        <middleName />
        <firstName>Bob</firstName>
        <sponsorshipWithdrawnDate />
        <identifiers>
          <bioguideId>C001070</bioguideId>
          <lisID>1828</lisID>
          <gpoId>8282</gpoId>
        </identifiers>
        <isOriginalCosponsor>True</isOriginalCosponsor>
        <bioguideId>C001070</bioguideId>
      </item>
      <item>
        <sponsorshipDate>2014-05-22</sponsorshipDate>
        <lastName>Cochran</lastName>
        <fullName>Sen. Cochran, Thad [R-MS]</fullName>
        <middleName />
        <firstName>Thad</firstName>
        <sponsorshipWithdrawnDate />
        <identifiers>
          <bioguideId>C000567</bioguideId>
          <lisID>213</lisID>
          <gpoId>8292</gpoId>
        </identifiers>
        <isOriginalCosponsor>True</isOriginalCosponsor>
        <bioguideId>C000567</bioguideId>
      </item>
      <item>
        <sponsorshipDate>2014-05-22</sponsorshipDate>
        <lastName>CRAPO</lastName>
        <fullName>Sen. Crapo, Mike [R-ID]</fullName>
        <middleName>D.</middleName>
        <firstName>MICHAEL</firstName>
        <sponsorshipWithdrawnDate />
        <identifiers>
          <gpoId>8289</gpoId>
          <lisID>250</lisID>
          <bioguideId>C000880</bioguideId>
        </identifiers>
        <isOriginalCosponsor>True</isOriginalCosponsor>
        <bioguideId>C000880</bioguideId>
      </item>
      <item>
        <sponsorshipDate>2014-05-22</sponsorshipDate>
        <lastName>FEINSTEIN</lastName>
        <fullName>Sen. Feinstein, Dianne [D-CA]</fullName>
        <middleName />
        <firstName>DIANNE</firstName>
        <sponsorshipWithdrawnDate />
        <identifiers>
          <bioguideId>F000062</bioguideId>
          <lisID>1332</lisID>
          <gpoId>8338</gpoId>
        </identifiers>
        <isOriginalCosponsor>True</isOriginalCosponsor>
        <bioguideId>F000062</bioguideId>
      </item>
      <item>
        <sponsorshipDate>2014-05-22</sponsorshipDate>
        <lastName>Hagan</lastName>
        <fullName>Sen. Hagan, Kay [D-NC]</fullName>
        <middleName>R.</middleName>
        <firstName>Kay</firstName>
        <sponsorshipWithdrawnDate />
        <identifiers>
          <lisID>1902</lisID>
          <bioguideId>H001049</bioguideId>
          <gpoId>8318</gpoId>
        </identifiers>
        <isOriginalCosponsor>True</isOriginalCosponsor>
        <bioguideId>H001049</bioguideId>
      </item>
      <item>
        <sponsorshipDate>2014-05-22</sponsorshipDate>
        <lastName>Heitkamp</lastName>
        <fullName>Sen. Heitkamp, Heidi [D-ND]</fullName>
        <middleName />
        <firstName>Heidi</firstName>
        <sponsorshipWithdrawnDate />
        <identifiers>
          <lisID>2174</lisID>
          <gpoId />
          <bioguideId>H001069</bioguideId>
        </identifiers>
        <isOriginalCosponsor>True</isOriginalCosponsor>
        <bioguideId>H001069</bioguideId>
      </item>
      <item>
        <sponsorshipDate>2014-05-22</sponsorshipDate>
        <lastName>Hoeven</lastName>
        <fullName>Sen. Hoeven, John [R-ND]</fullName>
        <middleName />
        <firstName>John</firstName>
        <sponsorshipWithdrawnDate />
        <identifiers>
          <lisID>2079</lisID>
          <gpoId>8331</gpoId>
          <bioguideId>H001061</bioguideId>
        </identifiers>
        <isOriginalCosponsor>True</isOriginalCosponsor>
        <bioguideId>H001061</bioguideId>
      </item>
      <item>
        <sponsorshipDate>2014-05-22</sponsorshipDate>
        <lastName>INHOFE</lastName>
        <fullName>Sen. Inhofe, James M. [R-OK]</fullName>
        <middleName />
        <firstName>JIM</firstName>
        <sponsorshipWithdrawnDate />
        <identifiers>
          <gpoId>8322</gpoId>
          <bioguideId>I000024</bioguideId>
          <lisID>583</lisID>
        </identifiers>
        <isOriginalCosponsor>True</isOriginalCosponsor>
        <bioguideId>I000024</bioguideId>
      </item>
      <item>
        <sponsorshipDate>2014-05-22</sponsorshipDate>
        <lastName>Johanns</lastName>
        <fullName>Sen. Johanns, Mike [R-NE]</fullName>
        <middleName />
        <firstName>Mike</firstName>
        <sponsorshipWithdrawnDate />
        <identifiers>
          <bioguideId>J000291</bioguideId>
          <lisID>1899</lisID>
          <gpoId>8325</gpoId>
        </identifiers>
        <isOriginalCosponsor>True</isOriginalCosponsor>
        <bioguideId>J000291</bioguideId>
      </item>
      <item>
        <sponsorshipDate>2014-05-22</sponsorshipDate>
        <lastName>Kaine</lastName>
        <fullName>Sen. Kaine, Tim [D-VA]</fullName>
        <middleName />
        <firstName>Timothy</firstName>
        <sponsorshipWithdrawnDate />
        <identifiers>
          <lisID>2176</lisID>
          <bioguideId>K000384</bioguideId>
          <gpoId />
        </identifiers>
        <isOriginalCosponsor>True</isOriginalCosponsor>
        <bioguideId>K000384</bioguideId>
      </item>
      <item>
        <sponsorshipDate>2014-05-22</sponsorshipDate>
        <lastName>Klobuchar</lastName>
        <fullName>Sen. Klobuchar, Amy [D-MN]</fullName>
        <middleName />
        <firstName>Amy</firstName>
        <sponsorshipWithdrawnDate />
        <identifiers>
          <gpoId>8249</gpoId>
          <bioguideId>K000367</bioguideId>
          <lisID>1826</lisID>
        </identifiers>
        <isOriginalCosponsor>True</isOriginalCosponsor>
        <bioguideId>K000367</bioguideId>
      </item>
      <item>
        <sponsorshipDate>2014-05-22</sponsorshipDate>
        <lastName>LEVIN</lastName>
        <fullName>Sen. Levin, Carl [D-MI]</fullName>
        <middleName>MILTON</middleName>
        <firstName>CARL</firstName>
        <sponsorshipWithdrawnDate />
        <identifiers>
          <gpoId>8243</gpoId>
          <lisID>1384</lisID>
          <bioguideId>L000261</bioguideId>
        </identifiers>
        <isOriginalCosponsor>True</isOriginalCosponsor>
        <bioguideId>L000261</bioguideId>
      </item>
      <item>
        <sponsorshipDate>2014-05-22</sponsorshipDate>
        <lastName>WYDEN</lastName>
        <fullName>Sen. Wyden, Ron [D-OR]</fullName>
        <middleName />
        <firstName>RON</firstName>
        <sponsorshipWithdrawnDate />
        <identifiers>
          <lisID>1247</lisID>
          <bioguideId>W000779</bioguideId>
          <gpoId>8265</gpoId>
        </identifiers>
        <isOriginalCosponsor>True</isOriginalCosponsor>
        <bioguideId>W000779</bioguideId>
      </item>
      <item>
        <sponsorshipDate>2014-05-22</sponsorshipDate>
        <lastName>Gillibrand</lastName>
        <fullName>Sen. Gillibrand, Kirsten E. [D-NY]</fullName>
        <middleName>E.</middleName>
        <firstName>Kirsten</firstName>
        <sponsorshipWithdrawnDate />
        <identifiers>
          <lisID>1866</lisID>
          <bioguideId>G000555</bioguideId>
          <gpoId>8336</gpoId>
        </identifiers>
        <isOriginalCosponsor>True</isOriginalCosponsor>
        <bioguideId>G000555</bioguideId>
      </item>
      <item>
        <sponsorshipDate>2014-05-22</sponsorshipDate>
        <lastName>BOXER</lastName>
        <fullName>Sen. Boxer, Barbara [D-CA]</fullName>
        <middleName />
        <firstName>BARBARA</firstName>
        <sponsorshipWithdrawnDate />
        <identifiers>
          <gpoId>8306</gpoId>
          <lisID>116</lisID>
          <bioguideId>B000711</bioguideId>
        </identifiers>
        <isOriginalCosponsor>True</isOriginalCosponsor>
        <bioguideId>B000711</bioguideId>
      </item>
    </cosponsors>
    <updateDate>2016-10-25T16:19:11Z</updateDate>
    <amendments />
    <originChamber>Senate</originChamber>
    <subjects>
      <billSubjects>
        <policyArea>
          <name>Families</name>
        </policyArea>
        <legislativeSubjects>
          <item>
            <name>Adoption and foster care</name>
          </item>
          <item>
            <name>Commemorative events and holidays</name>
          </item>
          <item>
            <name>Congressional tributes</name>
          </item>
          <item>
            <name>Social work, volunteer service, charitable organizations</name>
          </item>
        </legislativeSubjects>
      </billSubjects>
    </subjects>
    <policyArea>
      <name>Families</name>
    </policyArea>
    <congress>113</congress>
    <summaries>
      <billSummaries>
        <item>
          <actionDesc>Introduced in Senate</actionDesc>
          <actionDate>2014-05-22</actionDate>
          <updateDate>2014-05-22T04:00:00Z</updateDate>
          <versionCode>00</versionCode>
          <lastSummaryUpdateDate>2014-06-09T15:57:26Z</lastSummaryUpdateDate>
          <name>Introduced in Senate</name>
          <text><![CDATA[<p>Recognizes National Foster Care Month as an opportunity to raise awareness about the challenges that children in the foster care system face.</p> <p>Encourages Congress to implement policy to improve the lives of children in the foster care system and maximize the number of children exiting foster care to the protection of safe, loving, and permanent families.</p> <p>Supports the designation of National Foster Care Month.</p>]]></text>
        </item>
        <item>
          <actionDesc>Passed Senate without amendment</actionDesc>
          <actionDate>2014-05-22</actionDate>
          <updateDate>2014-05-22T12:51:52Z</updateDate>
          <versionCode>82</versionCode>
          <lastSummaryUpdateDate>2014-06-09T15:57:34Z</lastSummaryUpdateDate>
          <name>Passed Senate without amendment</name>
          <text><![CDATA[<p><b>(This measure has not been amended since it was introduced. The summary of that version is repeated here.)</b></p> <p>Recognizes National Foster Care Month as an opportunity to raise awareness about the challenges that children in the foster care system face.</p> <p>Encourages Congress to implement policy to improve the lives of children in the foster care system and maximize the number of children exiting foster care to the protection of safe, loving, and permanent families.</p> <p>Supports the designation of National Foster Care Month.</p>]]></text>
        </item>
      </billSummaries>
    </summaries>
    <sponsors>
      <item>
        <fullName>Sen. Landrieu, Mary L. [D-LA]</fullName>
        <byRequestType />
        <bioguideId>L000550</bioguideId>
        <firstName>MARY</firstName>
        <middleName />
        <identifiers>
          <lisID>1546</lisID>
          <bioguideId>L000550</bioguideId>
          <gpoId>8251</gpoId>
        </identifiers>
        <lastName>LANDRIEU</lastName>
      </item>
    </sponsors>
    <calendarNumbers />
    <laws />
    <introducedDate>2014-05-22</introducedDate>
    <billNumber>456</billNumber>
    <actions>
      <actionTypeCounts>
        <passedOrAgreedToInSenateDayOf>1</passedOrAgreedToInSenateDayOf>
        <introducedInSenate>1</introducedInSenate>
        <passedAgreedToInSenate>1</passedAgreedToInSenate>
      </actionTypeCounts>
      <item>
        <actionDate>2014-05-22</actionDate>
        <committee />
        <links>
          <link>
            <name>S3308-3309</name>
            <url>/congressional-record/2014/senate-section/page/S3308-3309</url>
          </link>
          <link>
            <name>S3299-3300</name>
            <url>/congressional-record/2014/senate-section/page/S3299-3300</url>
          </link>
        </links>
        <sourceSystem>
          <name>Senate</name>
          <code>0</code>
        </sourceSystem>
        <text>Submitted in the Senate, considered, and agreed to without amendment and with a preamble by Unanimous Consent. (consideration: CR S3308-3309; text as passed Senate: CR S3299-3300)</text>
        <type>Floor</type>
      </item>
      <item>
        <sourceSystem>
          <name>Library of Congress</name>
          <code>9</code>
        </sourceSystem>
        <actionDate>2014-05-22</actionDate>
        <links>
          <link>
            <name>S3308-3309</name>
            <url>/congressional-record/2014/senate-section/page/S3308-3309</url>
          </link>
          <link>
            <name>S3299-3300</name>
            <url>/congressional-record/2014/senate-section/page/S3299-3300</url>
          </link>
        </links>
        <text>Passed/agreed to in Senate: Submitted in the Senate, considered, and agreed to without amendment and with a preamble by Unanimous Consent.(consideration: CR S3308-3309; text as passed Senate: CR S3299-3300)</text>
        <type>Floor</type>
        <actionCode>17000</actionCode>
        <committee />
      </item>
      <item>
        <sourceSystem>
          <name>Library of Congress</name>
          <code>9</code>
        </sourceSystem>
        <actionDate>2014-05-22</actionDate>
        <links />
        <text>Introduced in Senate</text>
        <type>IntroReferral</type>
        <actionCode>10000</actionCode>
        <committee />
      </item>
      <actionByCounts>
        <senate>3</senate>
      </actionByCounts>
    </actions>
    <notes />
    <titles>
      <item>
        <chamberName />
        <parentTitleType />
        <titleType>Official Title as Introduced</titleType>
        <chamberCode />
        <title>A resolution recognizing National Foster Care Month as an opportunity to raise awareness about the challenges of children in the foster care system, and encouraging Congress to implement policy to improve the lives of children in the foster care system.</title>
      </item>
      <item>
        <chamberName />
        <parentTitleType />
        <titleType>Display Title</titleType>
        <chamberCode />
        <title>A resolution recognizing National Foster Care Month as an opportunity to raise awareness about the challenges of children in the foster care system, and encouraging Congress to implement policy to improve the lives of children in the foster care system.</title>
      </item>
    </titles>
    <recordedVotes />
    <committees>
      <billCommittees />
    </committees>
  </bill>
  <dublinCore xmlns:dc="http://purl.org/dc/elements/1.1/">
    <dc:format>text/xml</dc:format>
    <dc:language>EN</dc:language>
    <dc:rights>Pursuant to Title 17 Section 105 of the United States Code, this file is not subject to copyright protection and is in the public domain.</dc:rights>
    <dc:contributor>Congressional Research Service, Library of Congress</dc:contributor>
    <dc:description>This file contains bill summaries and statuses for federal legislation. A bill summary describes the most significant provisions of a piece of legislation and details the effects the legislative text may have on current law and federal programs. Bill summaries are authored by the Congressional Research Service (CRS) of the Library of Congress. As stated in Public Law 91-510 (2 USC 166 (d)(6)), one of the duties of CRS is "to prepare summaries and digests of bills and resolutions of a public general nature introduced in the Senate or House of Representatives". For more information, refer to the User Guide that accompanies this file.</dc:description>
  </dublinCore>
</billStatus>

