<?xml version="1.0" encoding="UTF-8"?>
<billStatus>
  <bill>
    <updateDate>2016-10-25T16:18:36Z</updateDate>
    <sponsors>
      <item>
        <lastName>MIKULSKI</lastName>
        <firstName>BARBARA</firstName>
        <identifiers>
          <bioguideId>M000702</bioguideId>
          <lisID>802</lisID>
          <gpoId>8240</gpoId>
        </identifiers>
        <bioguideId>M000702</bioguideId>
        <middleName>ANN</middleName>
        <fullName>Sen. Mikulski, Barbara A. [D-MD]</fullName>
        <byRequestType />
      </item>
    </sponsors>
    <createDate>2013-09-11T07:01:33Z</createDate>
    <subjects>
      <billSubjects>
        <policyArea>
          <name>Health</name>
        </policyArea>
        <legislativeSubjects>
          <item>
            <name>Alternative treatments</name>
          </item>
          <item>
            <name>Commemorative events and holidays</name>
          </item>
          <item>
            <name>Health promotion and preventive care</name>
          </item>
        </legislativeSubjects>
      </billSubjects>
    </subjects>
    <introducedDate>2013-09-10</introducedDate>
    <committeeReports />
    <committees>
      <billCommittees />
    </committees>
    <cboCostEstimates />
    <amendments />
    <title>A resolution designating the week of October 7 through October 13, 2013, as "Naturopathic Medicine Week" to recognize the value of naturopathic medicine in providing safe, effective, and affordable health care.</title>
    <notes />
    <billNumber>221</billNumber>
    <originChamber>Senate</originChamber>
    <cosponsors />
    <calendarNumbers />
    <congress>113</congress>
    <summaries>
      <billSummaries>
        <item>
          <versionCode>00</versionCode>
          <name>Introduced in Senate</name>
          <actionDate>2013-09-10</actionDate>
          <updateDate>2013-09-10T04:00:00Z</updateDate>
          <lastSummaryUpdateDate>2013-11-25T22:10:35Z</lastSummaryUpdateDate>
          <text><![CDATA[<p> Designates the week of October 7-13, 2013, as Naturopathic Medicine Week. Recognizes the value of naturopathic medicine in providing safe, effective, and affordable health care.</p>]]></text>
          <actionDesc>Introduced in Senate</actionDesc>
        </item>
        <item>
          <versionCode>82</versionCode>
          <name>Passed Senate without amendment</name>
          <actionDate>2013-09-10</actionDate>
          <updateDate>2013-09-10T13:05:07Z</updateDate>
          <lastSummaryUpdateDate>2013-11-25T22:11:34Z</lastSummaryUpdateDate>
          <text><![CDATA[<p><b>(This measure has not been amended since it was introduced. The summary of that version is repeated here.)</b></p> <p> Designates the week of October 7-13, 2013, as Naturopathic Medicine Week. Recognizes the value of naturopathic medicine in providing safe, effective, and affordable health care.</p>]]></text>
          <actionDesc>Passed Senate without amendment</actionDesc>
        </item>
      </billSummaries>
    </summaries>
    <policyArea>
      <name>Health</name>
    </policyArea>
    <titles>
      <item>
        <title>A resolution designating the week of October 7 through October 13, 2013, as "Naturopathic Medicine Week" to recognize the value of naturopathic medicine in providing safe, effective, and affordable health care.</title>
        <titleType>Official Title as Introduced</titleType>
        <parentTitleType />
        <chamberName />
        <chamberCode />
      </item>
      <item>
        <title>A resolution designating the week of October 7 through October 13, 2013, as "Naturopathic Medicine Week" to recognize the value of naturopathic medicine in providing safe, effective, and affordable health care.</title>
        <titleType>Display Title</titleType>
        <parentTitleType />
        <chamberName />
        <chamberCode />
      </item>
    </titles>
    <latestAction>
      <text>Submitted in the Senate, considered, and agreed to without amendment and with a preamble by Unanimous Consent. (consideration: CR S6334-6335; text as passed Senate: CR S6333-6334)</text>
      <actionDate>2013-09-10</actionDate>
      <links />
    </latestAction>
    <actions>
      <item>
        <actionDate>2013-09-10</actionDate>
        <committee />
        <links>
          <link>
            <url>/congressional-record/2013/senate-section/page/S6334-6335</url>
            <name>S6334-6335</name>
          </link>
          <link>
            <url>/congressional-record/2013/senate-section/page/S6333-6334</url>
            <name>S6333-6334</name>
          </link>
        </links>
        <sourceSystem>
          <code>0</code>
          <name>Senate</name>
        </sourceSystem>
        <text>Submitted in the Senate, considered, and agreed to without amendment and with a preamble by Unanimous Consent. (consideration: CR S6334-6335; text as passed Senate: CR S6333-6334)</text>
        <type>Floor</type>
      </item>
      <item>
        <type>Floor</type>
        <sourceSystem>
          <code>9</code>
          <name>Library of Congress</name>
        </sourceSystem>
        <text>Passed/agreed to in Senate: Submitted in the Senate, considered, and agreed to without amendment and with a preamble by Unanimous Consent.(consideration: CR S6334-6335; text as passed Senate: CR S6333-6334)</text>
        <committee />
        <actionDate>2013-09-10</actionDate>
        <links>
          <link>
            <url>/congressional-record/2013/senate-section/page/S6334-6335</url>
            <name>S6334-6335</name>
          </link>
          <link>
            <url>/congressional-record/2013/senate-section/page/S6333-6334</url>
            <name>S6333-6334</name>
          </link>
        </links>
        <actionCode>17000</actionCode>
      </item>
      <item>
        <type>IntroReferral</type>
        <sourceSystem>
          <code>9</code>
          <name>Library of Congress</name>
        </sourceSystem>
        <text>Introduced in Senate</text>
        <committee />
        <actionDate>2013-09-10</actionDate>
        <links />
        <actionCode>10000</actionCode>
      </item>
      <actionTypeCounts>
        <introducedInSenate>1</introducedInSenate>
        <passedOrAgreedToInSenateDayOf>1</passedOrAgreedToInSenateDayOf>
        <passedAgreedToInSenate>1</passedAgreedToInSenate>
      </actionTypeCounts>
      <actionByCounts>
        <senate>3</senate>
      </actionByCounts>
    </actions>
    <laws />
    <recordedVotes />
    <billType>SRES</billType>
    <relatedBills>
      <item>
        <relationshipDetails>
          <item>
            <type>Related bill</type>
            <identifiedBy>CRS</identifiedBy>
          </item>
        </relationshipDetails>
        <latestAction>
          <text>Referred to the Subcommittee on Health.</text>
          <actionDate>2013-05-10</actionDate>
        </latestAction>
        <latestTitle>Expressing support for designation of the week of October 7 through October 13, 2013, as "Naturopathic Medicine Week" to recognize the value of naturopathic medicine in providing safe, effective, and affordable health care.</latestTitle>
        <congress>113</congress>
        <number>211</number>
        <type>HRES</type>
      </item>
      <item>
        <relationshipDetails>
          <item>
            <type>Identical bill</type>
            <identifiedBy>CRS</identifiedBy>
          </item>
        </relationshipDetails>
        <latestAction>
          <text>Referred to the Committee on the Judiciary. (text of measure as introduced: CR S3343)</text>
          <actionDate>2013-05-09</actionDate>
        </latestAction>
        <latestTitle>A resolution designating the week of October 7 through October 13, 2013, as "Naturopathic Medicine Week" to recognize the value of naturopathic medicine in providing safe, effective, and affordable health care.</latestTitle>
        <congress>113</congress>
        <number>135</number>
        <type>SRES</type>
      </item>
      <item>
        <relationshipDetails>
          <item>
            <type>Related bill</type>
            <identifiedBy>CRS</identifiedBy>
          </item>
        </relationshipDetails>
        <latestAction>
          <text>Referred to the Subcommittee on Health.</text>
          <actionDate>2014-03-07</actionDate>
        </latestAction>
        <latestTitle>Expressing support for designating October 6, 2014, through October 12, 2014, as "Naturopathic Medicine Week" to recognize the value of naturopathic medicine in providing safe, effective, and affordable health care.</latestTitle>
        <congress>113</congress>
        <number>508</number>
        <type>HRES</type>
      </item>
      <item>
        <relationshipDetails>
          <item>
            <type>Related bill</type>
            <identifiedBy>CRS</identifiedBy>
          </item>
        </relationshipDetails>
        <latestAction>
          <text>Resolution agreed to in Senate without amendment and with a preamble by Unanimous Consent.</text>
          <actionDate>2014-09-18</actionDate>
        </latestAction>
        <latestTitle>A resolution designating the week of October 6 through October 12, 2014, as "Naturopathic Medicine Week" to recognize the value of naturopathic medicine in providing safe, effective, and affordable health care.</latestTitle>
        <congress>113</congress>
        <number>420</number>
        <type>SRES</type>
      </item>
    </relatedBills>
  </bill>
  <dublinCore xmlns:dc="http://purl.org/dc/elements/1.1/">
    <dc:format>text/xml</dc:format>
    <dc:language>EN</dc:language>
    <dc:rights>Pursuant to Title 17 Section 105 of the United States Code, this file is not subject to copyright protection and is in the public domain.</dc:rights>
    <dc:contributor>Congressional Research Service, Library of Congress</dc:contributor>
    <dc:description>This file contains bill summaries and statuses for federal legislation. A bill summary describes the most significant provisions of a piece of legislation and details the effects the legislative text may have on current law and federal programs. Bill summaries are authored by the Congressional Research Service (CRS) of the Library of Congress. As stated in Public Law 91-510 (2 USC 166 (d)(6)), one of the duties of CRS is "to prepare summaries and digests of bills and resolutions of a public general nature introduced in the Senate or House of Representatives". For more information, refer to the User Guide that accompanies this file.</dc:description>
  </dublinCore>
</billStatus>

