<?xml version="1.0" encoding="UTF-8"?>
<billStatus>
  <bill>
    <billType>HR</billType>
    <laws />
    <recordedVotes />
    <actions>
      <actionTypeCounts>
        <introducedInTheHouse>1</introducedInTheHouse>
        <billReferrals>3</billReferrals>
        <billReferralsAggregate>1</billReferralsAggregate>
        <placeholderTextForH>3</placeholderTextForH>
        <introducedInHouse>1</introducedInHouse>
      </actionTypeCounts>
      <actionByCounts>
        <houseOfRepresentatives>9</houseOfRepresentatives>
      </actionByCounts>
      <item>
        <actionDate>2015-03-02</actionDate>
        <committee>
          <name>Energy and Mineral Resources Subcommittee</name>
          <systemCode>hsii06</systemCode>
        </committee>
        <links />
        <sourceSystem>
          <name>House committee actions</name>
          <code>1</code>
        </sourceSystem>
        <text>Referred to the Subcommittee on Energy and Mineral Resources.</text>
        <type>Committee</type>
      </item>
      <item>
        <actionDate>2015-02-19</actionDate>
        <committee>
          <name>Energy Subcommittee</name>
          <systemCode>hssy20</systemCode>
        </committee>
        <links />
        <sourceSystem>
          <name>House committee actions</name>
          <code>1</code>
        </sourceSystem>
        <text>Referred to the Subcommittee on Energy.</text>
        <type>Committee</type>
      </item>
      <item>
        <actionDate>2015-01-16</actionDate>
        <committee>
          <name>Energy and Power Subcommittee</name>
          <systemCode>hsif03</systemCode>
        </committee>
        <links />
        <sourceSystem>
          <name>House committee actions</name>
          <code>1</code>
        </sourceSystem>
        <text>Referred to the Subcommittee on Energy and Power.</text>
        <type>Committee</type>
      </item>
      <item>
        <text>Referred to House Science, Space, and Technology</text>
        <sourceSystem>
          <name>House floor actions</name>
          <code>2</code>
        </sourceSystem>
        <committee>
          <name>Science, Space, and Technology Committee</name>
          <systemCode>hssy00</systemCode>
        </committee>
        <type>IntroReferral</type>
        <links />
        <actionCode>H11100</actionCode>
        <actionDate>2015-01-13</actionDate>
      </item>
      <item>
        <text>Referred to House Energy and Commerce</text>
        <sourceSystem>
          <name>House floor actions</name>
          <code>2</code>
        </sourceSystem>
        <committee>
          <name>Energy and Commerce Committee</name>
          <systemCode>hsif00</systemCode>
        </committee>
        <type>IntroReferral</type>
        <links />
        <actionCode>H11100</actionCode>
        <actionDate>2015-01-13</actionDate>
      </item>
      <item>
        <text>Referred to the Committee on Natural Resources, and in addition to the Committees on Energy and Commerce, and Science, Space, and Technology, for a period to be subsequently determined by the Speaker, in each case for consideration of such provisions as fall within the jurisdiction of the committee concerned.</text>
        <sourceSystem>
          <name>Library of Congress</name>
          <code>9</code>
        </sourceSystem>
        <committee />
        <type>IntroReferral</type>
        <links />
        <actionCode>H11100-A</actionCode>
        <actionDate>2015-01-13</actionDate>
      </item>
      <item>
        <text>Referred to House Natural Resources</text>
        <sourceSystem>
          <name>House floor actions</name>
          <code>2</code>
        </sourceSystem>
        <committee>
          <name>Natural Resources Committee</name>
          <systemCode>hsii00</systemCode>
        </committee>
        <type>IntroReferral</type>
        <links />
        <actionCode>H11100</actionCode>
        <actionDate>2015-01-13</actionDate>
      </item>
      <item>
        <text>Introduced in House</text>
        <sourceSystem>
          <name>Library of Congress</name>
          <code>9</code>
        </sourceSystem>
        <committee />
        <type>IntroReferral</type>
        <links />
        <actionCode>Intro-H</actionCode>
        <actionDate>2015-01-13</actionDate>
      </item>
      <item>
        <text>Introduced in House</text>
        <sourceSystem>
          <name>Library of Congress</name>
          <code>9</code>
        </sourceSystem>
        <committee />
        <type>IntroReferral</type>
        <links />
        <actionCode>1000</actionCode>
        <actionDate>2015-01-13</actionDate>
      </item>
    </actions>
    <billNumber>339</billNumber>
    <policyArea>
      <name>Energy</name>
    </policyArea>
    <notes />
    <latestAction>
      <actionDate>2015-03-02</actionDate>
      <links />
      <text>Referred to the Subcommittee on Energy and Mineral Resources.</text>
    </latestAction>
    <relatedBills>
      <item>
        <latestAction>
          <actionDate>2015-02-12</actionDate>
          <text>Read twice and referred to the Committee on Energy and Natural Resources. (Sponsor introductory remarks on measure: CR S989)</text>
        </latestAction>
        <number>494</number>
        <congress>114</congress>
        <type>S</type>
        <latestTitle>Authorizing Alaska Production Act</latestTitle>
        <relationshipDetails>
          <item>
            <identifiedBy>CRS</identifiedBy>
            <type>Related bill</type>
          </item>
        </relationshipDetails>
      </item>
      <item>
        <latestAction>
          <actionDate>2015-04-08</actionDate>
          <text>Referred to the Subcommittee on Indian, Insular and Alaska Native Affairs.</text>
        </latestAction>
        <number>1487</number>
        <congress>114</congress>
        <type>HR</type>
        <latestTitle>American Energy Renaissance Act of 2015</latestTitle>
        <relationshipDetails>
          <item>
            <identifiedBy>CRS</identifiedBy>
            <type>Related bill</type>
          </item>
        </relationshipDetails>
      </item>
      <item>
        <latestAction>
          <actionDate>2015-03-18</actionDate>
          <text>Read twice and referred to the Committee on Energy and Natural Resources.</text>
        </latestAction>
        <number>791</number>
        <congress>114</congress>
        <type>S</type>
        <latestTitle>American Energy Renaissance Act of 2015</latestTitle>
        <relationshipDetails>
          <item>
            <identifiedBy>CRS</identifiedBy>
            <type>Related bill</type>
          </item>
        </relationshipDetails>
      </item>
    </relatedBills>
    <committees>
      <billCommittees>
        <item>
          <systemCode>hsii00</systemCode>
          <name>Natural Resources Committee</name>
          <activities>
            <item>
              <name>Referred to</name>
              <date>2015-01-13T15:03:30Z</date>
            </item>
          </activities>
          <type>Standing</type>
          <chamber>House</chamber>
          <subcommittees>
            <item>
              <systemCode>hsii06</systemCode>
              <name>Energy and Mineral Resources Subcommittee</name>
              <activities>
                <item>
                  <name>Referred to</name>
                  <date>2015-03-02T19:43:19Z</date>
                </item>
              </activities>
            </item>
          </subcommittees>
        </item>
        <item>
          <systemCode>hssy00</systemCode>
          <name>Science, Space, and Technology Committee</name>
          <activities>
            <item>
              <name>Referred to</name>
              <date>2015-01-13T15:03:40Z</date>
            </item>
          </activities>
          <type>Standing</type>
          <chamber>House</chamber>
          <subcommittees>
            <item>
              <systemCode>hssy20</systemCode>
              <name>Energy Subcommittee</name>
              <activities>
                <item>
                  <name>Referred to</name>
                  <date>2015-02-19T21:55:00Z</date>
                </item>
              </activities>
            </item>
          </subcommittees>
        </item>
        <item>
          <systemCode>hsif00</systemCode>
          <name>Energy and Commerce Committee</name>
          <activities>
            <item>
              <name>Referred to</name>
              <date>2015-01-13T15:03:35Z</date>
            </item>
          </activities>
          <type>Standing</type>
          <chamber>House</chamber>
          <subcommittees>
            <item>
              <systemCode>hsif03</systemCode>
              <name>Energy and Power Subcommittee</name>
              <activities>
                <item>
                  <name>Referred to</name>
                  <date>2015-01-16T17:55:21Z</date>
                </item>
              </activities>
            </item>
          </subcommittees>
        </item>
      </billCommittees>
    </committees>
    <cosponsors>
      <item>
        <firstName>Brett</firstName>
        <sponsorshipWithdrawnDate />
        <identifiers>
          <lisID>1922</lisID>
          <gpoId>7954</gpoId>
          <bioguideId>G000558</bioguideId>
        </identifiers>
        <party>R</party>
        <isOriginalCosponsor>False</isOriginalCosponsor>
        <fullName>Rep. Guthrie, Brett [R-KY-2]</fullName>
        <middleName />
        <sponsorshipDate>2015-07-23</sponsorshipDate>
        <bioguideId>G000558</bioguideId>
        <district>2</district>
        <state>KY</state>
        <lastName>Guthrie</lastName>
      </item>
      <item>
        <firstName>Austin</firstName>
        <sponsorshipWithdrawnDate />
        <identifiers>
          <lisID>2009</lisID>
          <gpoId>7905</gpoId>
          <bioguideId>S001189</bioguideId>
        </identifiers>
        <party>R</party>
        <isOriginalCosponsor>False</isOriginalCosponsor>
        <fullName>Rep. Scott, Austin [R-GA-8]</fullName>
        <middleName />
        <sponsorshipDate>2015-07-23</sponsorshipDate>
        <bioguideId>S001189</bioguideId>
        <district>8</district>
        <state>GA</state>
        <lastName>Scott</lastName>
      </item>
      <item>
        <firstName>Mike</firstName>
        <sponsorshipWithdrawnDate />
        <identifiers>
          <bioguideId>R000575</bioguideId>
          <lisID>1704</lisID>
          <gpoId>7788</gpoId>
        </identifiers>
        <party>R</party>
        <isOriginalCosponsor>False</isOriginalCosponsor>
        <fullName>Rep. Rogers, Mike D. [R-AL-3]</fullName>
        <middleName />
        <sponsorshipDate>2015-07-23</sponsorshipDate>
        <bioguideId>R000575</bioguideId>
        <district>3</district>
        <state>AL</state>
        <lastName>Rogers</lastName>
      </item>
      <item>
        <firstName>Tom</firstName>
        <sponsorshipWithdrawnDate />
        <identifiers>
          <bioguideId>C001053</bioguideId>
          <gpoId>8112</gpoId>
          <lisID>1742</lisID>
        </identifiers>
        <party>R</party>
        <isOriginalCosponsor>False</isOriginalCosponsor>
        <fullName>Rep. Cole, Tom [R-OK-4]</fullName>
        <middleName />
        <sponsorshipDate>2015-07-23</sponsorshipDate>
        <bioguideId>C001053</bioguideId>
        <district>4</district>
        <state>OK</state>
        <lastName>Cole</lastName>
      </item>
      <item>
        <firstName>PETE</firstName>
        <sponsorshipWithdrawnDate />
        <identifiers>
          <gpoId>8188</gpoId>
          <lisID>1525</lisID>
          <bioguideId>S000250</bioguideId>
        </identifiers>
        <party>R</party>
        <isOriginalCosponsor>False</isOriginalCosponsor>
        <fullName>Rep. Sessions, Pete [R-TX-32]</fullName>
        <middleName />
        <sponsorshipDate>2015-07-23</sponsorshipDate>
        <bioguideId>S000250</bioguideId>
        <district>32</district>
        <state>TX</state>
        <lastName>SESSIONS</lastName>
      </item>
      <item>
        <firstName>David</firstName>
        <sponsorshipWithdrawnDate />
        <identifiers>
          <lisID>2074</lisID>
          <gpoId>8222</gpoId>
          <bioguideId>M001180</bioguideId>
        </identifiers>
        <party>R</party>
        <isOriginalCosponsor>False</isOriginalCosponsor>
        <fullName>Rep. McKinley, David B. [R-WV-1]</fullName>
        <middleName>B.</middleName>
        <sponsorshipDate>2015-07-23</sponsorshipDate>
        <bioguideId>M001180</bioguideId>
        <district>1</district>
        <state>WV</state>
        <lastName>McKinley</lastName>
      </item>
      <item>
        <firstName>Paul</firstName>
        <sponsorshipWithdrawnDate />
        <identifiers>
          <bioguideId>C001094</bioguideId>
          <lisID>2103</lisID>
          <gpoId />
        </identifiers>
        <party>R</party>
        <isOriginalCosponsor>False</isOriginalCosponsor>
        <fullName>Rep. Cook, Paul [R-CA-8]</fullName>
        <middleName />
        <sponsorshipDate>2015-07-23</sponsorshipDate>
        <bioguideId>C001094</bioguideId>
        <district>8</district>
        <state>CA</state>
        <lastName>Cook</lastName>
      </item>
      <item>
        <firstName>DANA</firstName>
        <sponsorshipWithdrawnDate />
        <identifiers>
          <lisID>979</lisID>
          <bioguideId>R000409</bioguideId>
          <gpoId>7851</gpoId>
        </identifiers>
        <party>R</party>
        <isOriginalCosponsor>False</isOriginalCosponsor>
        <fullName>Rep. Rohrabacher, Dana [R-CA-48]</fullName>
        <middleName />
        <sponsorshipDate>2015-07-23</sponsorshipDate>
        <bioguideId>R000409</bioguideId>
        <district>48</district>
        <state>CA</state>
        <lastName>ROHRABACHER</lastName>
      </item>
    </cosponsors>
    <createDate>2015-01-14T04:46:24Z</createDate>
    <sponsors>
      <item>
        <fullName>Rep. Young, Don [R-AK-At Large]</fullName>
        <firstName>DON</firstName>
        <lastName>YOUNG</lastName>
        <state>AK</state>
        <party>R</party>
        <district>0</district>
        <bioguideId>Y000033</bioguideId>
        <identifiers>
          <lisID>1256</lisID>
          <gpoId>7785</gpoId>
          <bioguideId>Y000033</bioguideId>
        </identifiers>
        <middleName>E.</middleName>
        <byRequestType />
      </item>
    </sponsors>
    <committeeReports />
    <updateDate>2016-11-02T21:17:01Z</updateDate>
    <introducedDate>2015-01-13</introducedDate>
    <summaries>
      <billSummaries>
        <item>
          <actionDate>2015-01-13</actionDate>
          <actionDesc>Introduced in House</actionDesc>
          <lastSummaryUpdateDate>2015-01-30T22:13:44Z</lastSummaryUpdateDate>
          <versionCode>00</versionCode>
          <updateDate>2015-01-13T05:00:00Z</updateDate>
          <name>Introduced in House</name>
          <text><![CDATA[<p><b>American Energy Independence and Price Reduction Act</b></p> <p> Directs the Secretary of the Interior to implement a competitive leasing program for the exploration, development, and production of the oil and gas resources on the Coastal Plain of Alaska.</p> <p>Permits lease sales to be conducted through an Internet leasing program if such a system will result in savings to the taxpayer, an increase in the number of bidders participating, and higher returns than oral bidding or a sealed bidding system.</p> <p>Amends the Alaska National Interest Lands Conservation Act of 1980 to repeal the prohibition against leasing or other development leading to production of oil and gas from the Arctic National Wildlife Refuge (ANWR).</p> <p>Deems any oil and gas leasing programs and activities authorized by this Act to be in compliance with ANWR purposes.</p> <p>Authorizes the Secretary to designate up to 45,000 acres of the Coastal Plain as a Special Area, after consultation with the state of Alaska, the city of Kaktovik, and the North Slope Borough.</p> <p>Permits directional drilling in the Special Area.</p> <p>Prescribes procedures governing Coastal Plain lease sales, as well as terms and conditions, including: (1) environmental protection; (2) federal and state distribution of revenues; and (3) rights-of-way.</p> <p>Sets forth: (1) a &quot;no significant adverse effect&quot; standard to govern Coastal Plain activities; and (2) guidelines for expedited judicial review of complaints.</p> <p>Establishes the ANWR Alternative Energy Trust Fund, into which shall be deposited 50% of the amount of bonus, rental, and royalty revenues from Federal oil and gas leasing and operations authorized under this Act.</p>]]></text>
        </item>
      </billSummaries>
    </summaries>
    <title>American Energy Independence and Price Reduction Act</title>
    <cboCostEstimates />
    <subjects>
      <billSubjects>
        <legislativeSubjects>
          <item>
            <name>Alaska</name>
          </item>
          <item>
            <name>Alternative and renewable resources</name>
          </item>
          <item>
            <name>Arctic Ocean</name>
          </item>
          <item>
            <name>Energy revenues and royalties</name>
          </item>
          <item>
            <name>Environmental assessment, monitoring, research</name>
          </item>
          <item>
            <name>Government trust funds</name>
          </item>
          <item>
            <name>Indian lands and resources rights</name>
          </item>
          <item>
            <name>Judicial review and appeals</name>
          </item>
          <item>
            <name>Land transfers</name>
          </item>
          <item>
            <name>Marine and coastal resources, fisheries</name>
          </item>
          <item>
            <name>Oil and gas</name>
          </item>
          <item>
            <name>Pipelines</name>
          </item>
          <item>
            <name>Trade restrictions</name>
          </item>
          <item>
            <name>Wilderness and natural areas, wildlife refuges, wild rivers, habitats</name>
          </item>
          <item>
            <name>Wildlife conservation and habitat protection</name>
          </item>
        </legislativeSubjects>
        <policyArea>
          <name>Energy</name>
        </policyArea>
      </billSubjects>
    </subjects>
    <amendments />
    <calendarNumbers />
    <congress>114</congress>
    <constitutionalAuthorityStatementText><![CDATA[<pre>From the Congressional Record Online through the Government Publishing Office [<a href='http://www.gpo.gov'>www.gpo.gov</a>]By Mr. YOUNG of Alaska:H.R. 339.Congress has the power to enact this legislation pursuantto the following:Article IV, Section 3, Clause 2____________________[Page H360]</pre>]]></constitutionalAuthorityStatementText>
    <titles>
      <item>
        <chamberCode />
        <title>American Energy Independence and Price Reduction Act</title>
        <chamberName />
        <titleType>Short Titles as Introduced</titleType>
        <parentTitleType />
      </item>
      <item>
        <chamberCode />
        <title>To direct the Secretary of the Interior to establish and implement a competitive oil and gas leasing program that will result in an environmentally sound program for the exploration, development, and production of the oil and gas resources of the Coastal Plain of Alaska, and for other purposes.</title>
        <chamberName />
        <titleType>Official Title as Introduced</titleType>
        <parentTitleType />
      </item>
      <item>
        <chamberCode />
        <title>American Energy Independence and Price Reduction Act</title>
        <chamberName />
        <titleType>Display Title</titleType>
        <parentTitleType />
      </item>
    </titles>
    <originChamber>House</originChamber>
  </bill>
  <dublinCore xmlns:dc="http://purl.org/dc/elements/1.1/">
    <dc:format>text/xml</dc:format>
    <dc:language>EN</dc:language>
    <dc:rights>Pursuant to Title 17 Section 105 of the United States Code, this file is not subject to copyright protection and is in the public domain.</dc:rights>
    <dc:contributor>Congressional Research Service, Library of Congress</dc:contributor>
    <dc:description>This file contains bill summaries and statuses for federal legislation. A bill summary describes the most significant provisions of a piece of legislation and details the effects the legislative text may have on current law and federal programs. Bill summaries are authored by the Congressional Research Service (CRS) of the Library of Congress. As stated in Public Law 91-510 (2 USC 166 (d)(6)), one of the duties of CRS is "to prepare summaries and digests of bills and resolutions of a public general nature introduced in the Senate or House of Representatives". For more information, refer to the User Guide that accompanies this file.</dc:description>
  </dublinCore>
</billStatus>

