<?xml version="1.0" encoding="UTF-8"?>
<billStatus>
  <bill>
    <latestAction>
      <text>Referred to the House Committee on Ways and Means.</text>
      <links />
      <actionDate>2015-02-13</actionDate>
    </latestAction>
    <policyArea>
      <name>Taxation</name>
    </policyArea>
    <amendments />
    <relatedBills />
    <billNumber>990</billNumber>
    <updateDate>2016-11-02T21:26:24Z</updateDate>
    <cboCostEstimates />
    <sponsors>
      <item>
        <fullName>Rep. King, Peter T. [R-NY-2]</fullName>
        <firstName>PETER</firstName>
        <district>2</district>
        <lastName>KING</lastName>
        <byRequestType />
        <identifiers>
          <gpoId>8064</gpoId>
          <lisID>635</lisID>
          <bioguideId>K000210</bioguideId>
        </identifiers>
        <middleName>T.</middleName>
        <party>R</party>
        <state>NY</state>
        <bioguideId>K000210</bioguideId>
      </item>
    </sponsors>
    <notes />
    <originChamber>House</originChamber>
    <subjects>
      <billSubjects>
        <legislativeSubjects>
          <item>
            <name>Commuting</name>
          </item>
          <item>
            <name>Employee benefits and pensions</name>
          </item>
          <item>
            <name>Income tax exclusion</name>
          </item>
          <item>
            <name>Inflation and prices</name>
          </item>
          <item>
            <name>Pedestrians and bicycling</name>
          </item>
          <item>
            <name>Public transit</name>
          </item>
          <item>
            <name>Transportation costs</name>
          </item>
        </legislativeSubjects>
        <policyArea>
          <name>Taxation</name>
        </policyArea>
      </billSubjects>
    </subjects>
    <cosponsors>
      <item>
        <firstName>EARL</firstName>
        <sponsorshipWithdrawnDate />
        <identifiers>
          <bioguideId>B000574</bioguideId>
          <gpoId>8116</gpoId>
          <lisID>99</lisID>
        </identifiers>
        <party>D</party>
        <isOriginalCosponsor>True</isOriginalCosponsor>
        <fullName>Rep. Blumenauer, Earl [D-OR-3]</fullName>
        <middleName />
        <sponsorshipDate>2015-02-13</sponsorshipDate>
        <bioguideId>B000574</bioguideId>
        <district>3</district>
        <state>OR</state>
        <lastName>BLUMENAUER</lastName>
      </item>
      <item>
        <firstName>JAMES</firstName>
        <sponsorshipWithdrawnDate />
        <identifiers>
          <lisID>1504</lisID>
          <bioguideId>M000312</bioguideId>
          <gpoId>7968</gpoId>
        </identifiers>
        <party>D</party>
        <isOriginalCosponsor>True</isOriginalCosponsor>
        <fullName>Rep. McGovern, James P. [D-MA-2]</fullName>
        <middleName>P.</middleName>
        <sponsorshipDate>2015-02-13</sponsorshipDate>
        <bioguideId>M000312</bioguideId>
        <district>2</district>
        <state>MA</state>
        <lastName>MCGOVERN</lastName>
      </item>
      <item>
        <firstName>Sean</firstName>
        <sponsorshipWithdrawnDate />
        <identifiers>
          <lisID>2150</lisID>
          <bioguideId>M001185</bioguideId>
          <gpoId />
        </identifiers>
        <party>D</party>
        <isOriginalCosponsor>True</isOriginalCosponsor>
        <fullName>Rep. Maloney, Sean Patrick [D-NY-18]</fullName>
        <middleName>Patrick</middleName>
        <sponsorshipDate>2015-02-13</sponsorshipDate>
        <bioguideId>M001185</bioguideId>
        <district>18</district>
        <state>NY</state>
        <lastName>Maloney</lastName>
      </item>
      <item>
        <firstName>Randy</firstName>
        <sponsorshipWithdrawnDate />
        <identifiers>
          <lisID>2015</lisID>
          <gpoId>7934</gpoId>
          <bioguideId>H001059</bioguideId>
        </identifiers>
        <party>R</party>
        <isOriginalCosponsor>True</isOriginalCosponsor>
        <fullName>Rep. Hultgren, Randy [R-IL-14]</fullName>
        <middleName />
        <sponsorshipDate>2015-02-13</sponsorshipDate>
        <bioguideId>H001059</bioguideId>
        <district>14</district>
        <state>IL</state>
        <lastName>Hultgren</lastName>
      </item>
      <item>
        <firstName>Robert</firstName>
        <sponsorshipWithdrawnDate />
        <identifiers>
          <lisID>2013</lisID>
          <bioguideId>D000613</bioguideId>
          <gpoId>7930</gpoId>
        </identifiers>
        <party>R</party>
        <isOriginalCosponsor>True</isOriginalCosponsor>
        <fullName>Rep. Dold, Robert J. [R-IL-10]</fullName>
        <middleName>J.</middleName>
        <sponsorshipDate>2015-02-13</sponsorshipDate>
        <bioguideId>D000613</bioguideId>
        <district>10</district>
        <state>IL</state>
        <lastName>Dold</lastName>
      </item>
      <item>
        <firstName>Leonard</firstName>
        <sponsorshipWithdrawnDate />
        <identifiers>
          <lisID>1936</lisID>
          <gpoId>8049</gpoId>
          <bioguideId>L000567</bioguideId>
        </identifiers>
        <party>R</party>
        <isOriginalCosponsor>True</isOriginalCosponsor>
        <fullName>Rep. Lance, Leonard [R-NJ-7]</fullName>
        <middleName />
        <sponsorshipDate>2015-02-13</sponsorshipDate>
        <bioguideId>L000567</bioguideId>
        <district>7</district>
        <state>NJ</state>
        <lastName>Lance</lastName>
      </item>
      <item>
        <firstName>Daniel</firstName>
        <sponsorshipWithdrawnDate />
        <identifiers>
          <bioguideId>L000563</bioguideId>
          <gpoId>7923</gpoId>
          <lisID>1781</lisID>
        </identifiers>
        <party>D</party>
        <isOriginalCosponsor>True</isOriginalCosponsor>
        <fullName>Rep. Lipinski, Daniel [D-IL-3]</fullName>
        <middleName>William</middleName>
        <sponsorshipDate>2015-02-13</sponsorshipDate>
        <bioguideId>L000563</bioguideId>
        <district>3</district>
        <state>IL</state>
        <lastName>Lipinski</lastName>
      </item>
      <item>
        <firstName>Robert</firstName>
        <sponsorshipWithdrawnDate />
        <identifiers>
          <lisID>1886</lisID>
          <gpoId>8192</gpoId>
          <bioguideId>W000804</bioguideId>
        </identifiers>
        <party>R</party>
        <isOriginalCosponsor>False</isOriginalCosponsor>
        <fullName>Rep. Wittman, Robert J. [R-VA-1]</fullName>
        <middleName>J.</middleName>
        <sponsorshipDate>2015-02-26</sponsorshipDate>
        <bioguideId>W000804</bioguideId>
        <district>1</district>
        <state>VA</state>
        <lastName>Wittman</lastName>
      </item>
      <item>
        <firstName>Ryan</firstName>
        <sponsorshipWithdrawnDate />
        <identifiers>
          <bioguideId>C001106</bioguideId>
          <lisID>2266</lisID>
          <gpoId />
        </identifiers>
        <party>R</party>
        <isOriginalCosponsor>False</isOriginalCosponsor>
        <fullName>Rep. Costello, Ryan A. [R-PA-6]</fullName>
        <middleName>A.</middleName>
        <sponsorshipDate>2015-03-17</sponsorshipDate>
        <bioguideId>C001106</bioguideId>
        <district>6</district>
        <state>PA</state>
        <lastName>Costello</lastName>
      </item>
      <item>
        <firstName>Donna</firstName>
        <sponsorshipWithdrawnDate />
        <identifiers>
          <bioguideId>E000290</bioguideId>
          <lisID>1894</lisID>
          <gpoId>7979</gpoId>
        </identifiers>
        <party>D</party>
        <isOriginalCosponsor>False</isOriginalCosponsor>
        <fullName>Rep. Edwards, Donna F. [D-MD-4]</fullName>
        <middleName>F.</middleName>
        <sponsorshipDate>2015-03-17</sponsorshipDate>
        <bioguideId>E000290</bioguideId>
        <district>4</district>
        <state>MD</state>
        <lastName>Edwards</lastName>
      </item>
      <item>
        <firstName>SAM</firstName>
        <sponsorshipWithdrawnDate />
        <identifiers>
          <lisID>368</lisID>
          <bioguideId>F000030</bioguideId>
          <gpoId>7822</gpoId>
        </identifiers>
        <party>D</party>
        <isOriginalCosponsor>False</isOriginalCosponsor>
        <fullName>Rep. Farr, Sam [D-CA-20]</fullName>
        <middleName />
        <sponsorshipDate>2015-03-17</sponsorshipDate>
        <bioguideId>F000030</bioguideId>
        <district>20</district>
        <state>CA</state>
        <lastName>FARR</lastName>
      </item>
      <item>
        <firstName>JERROLD</firstName>
        <sponsorshipWithdrawnDate />
        <identifiers>
          <lisID>850</lisID>
          <gpoId>8069</gpoId>
          <bioguideId>N000002</bioguideId>
        </identifiers>
        <party>D</party>
        <isOriginalCosponsor>False</isOriginalCosponsor>
        <fullName>Rep. Nadler, Jerrold [D-NY-10]</fullName>
        <middleName />
        <sponsorshipDate>2015-03-23</sponsorshipDate>
        <bioguideId>N000002</bioguideId>
        <district>10</district>
        <state>NY</state>
        <lastName>NADLER</lastName>
      </item>
      <item>
        <firstName>STEVE</firstName>
        <sponsorshipWithdrawnDate />
        <identifiers>
          <bioguideId>I000057</bioguideId>
          <lisID>1663</lisID>
          <gpoId>8063</gpoId>
        </identifiers>
        <party>D</party>
        <isOriginalCosponsor>False</isOriginalCosponsor>
        <fullName>Rep. Israel, Steve [D-NY-3]</fullName>
        <middleName />
        <sponsorshipDate>2015-03-23</sponsorshipDate>
        <bioguideId>I000057</bioguideId>
        <district>3</district>
        <state>NY</state>
        <lastName>ISRAEL</lastName>
      </item>
      <item>
        <firstName>Albio</firstName>
        <sponsorshipWithdrawnDate />
        <identifiers>
          <gpoId>8055</gpoId>
          <lisID>1818</lisID>
          <bioguideId>S001165</bioguideId>
        </identifiers>
        <party>D</party>
        <isOriginalCosponsor>False</isOriginalCosponsor>
        <fullName>Rep. Sires, Albio [D-NJ-8]</fullName>
        <middleName />
        <sponsorshipDate>2015-03-23</sponsorshipDate>
        <bioguideId>S001165</bioguideId>
        <district>8</district>
        <state>NJ</state>
        <lastName>Sires</lastName>
      </item>
      <item>
        <firstName>Kathleen</firstName>
        <sponsorshipWithdrawnDate />
        <identifiers>
          <lisID>2262</lisID>
          <bioguideId>R000602</bioguideId>
          <gpoId />
        </identifiers>
        <party>D</party>
        <isOriginalCosponsor>False</isOriginalCosponsor>
        <fullName>Rep. Rice, Kathleen M. [D-NY-4]</fullName>
        <middleName>M.</middleName>
        <sponsorshipDate>2015-03-24</sponsorshipDate>
        <bioguideId>R000602</bioguideId>
        <district>4</district>
        <state>NY</state>
        <lastName>Rice</lastName>
      </item>
      <item>
        <firstName>CHRISTOPHER</firstName>
        <sponsorshipWithdrawnDate />
        <identifiers>
          <bioguideId>S000522</bioguideId>
          <lisID>1071</lisID>
          <gpoId>8046</gpoId>
        </identifiers>
        <party>R</party>
        <isOriginalCosponsor>False</isOriginalCosponsor>
        <fullName>Rep. Smith, Christopher H. [R-NJ-4]</fullName>
        <middleName>H.</middleName>
        <sponsorshipDate>2015-03-26</sponsorshipDate>
        <bioguideId>S000522</bioguideId>
        <district>4</district>
        <state>NJ</state>
        <lastName>SMITH</lastName>
      </item>
      <item>
        <firstName>Paul</firstName>
        <sponsorshipWithdrawnDate />
        <identifiers>
          <lisID>2103</lisID>
          <bioguideId>C001094</bioguideId>
          <gpoId />
        </identifiers>
        <party>R</party>
        <isOriginalCosponsor>False</isOriginalCosponsor>
        <fullName>Rep. Cook, Paul [R-CA-8]</fullName>
        <middleName />
        <sponsorshipDate>2015-04-13</sponsorshipDate>
        <bioguideId>C001094</bioguideId>
        <district>8</district>
        <state>CA</state>
        <lastName>Cook</lastName>
      </item>
      <item>
        <firstName>GRACE</firstName>
        <sponsorshipWithdrawnDate />
        <identifiers>
          <lisID>1602</lisID>
          <gpoId>7843</gpoId>
          <bioguideId>N000179</bioguideId>
        </identifiers>
        <party>D</party>
        <isOriginalCosponsor>False</isOriginalCosponsor>
        <fullName>Rep. Napolitano, Grace F. [D-CA-32]</fullName>
        <middleName>F.</middleName>
        <sponsorshipDate>2015-04-13</sponsorshipDate>
        <bioguideId>N000179</bioguideId>
        <district>32</district>
        <state>CA</state>
        <lastName>NAPOLITANO</lastName>
      </item>
      <item>
        <firstName>Barbara</firstName>
        <sponsorshipWithdrawnDate />
        <identifiers>
          <bioguideId>C001105</bioguideId>
          <lisID>2273</lisID>
          <gpoId />
        </identifiers>
        <party>R</party>
        <isOriginalCosponsor>False</isOriginalCosponsor>
        <fullName>Rep. Comstock, Barbara [R-VA-10]</fullName>
        <middleName />
        <sponsorshipDate>2015-04-13</sponsorshipDate>
        <bioguideId>C001105</bioguideId>
        <district>10</district>
        <state>VA</state>
        <lastName>Comstock</lastName>
      </item>
      <item>
        <firstName>Mark</firstName>
        <sponsorshipWithdrawnDate />
        <identifiers>
          <bioguideId>D000623</bioguideId>
          <gpoId />
          <lisID>2227</lisID>
        </identifiers>
        <party>D</party>
        <isOriginalCosponsor>False</isOriginalCosponsor>
        <fullName>Rep. DeSaulnier, Mark [D-CA-11]</fullName>
        <middleName />
        <sponsorshipDate>2015-04-28</sponsorshipDate>
        <bioguideId>D000623</bioguideId>
        <district>11</district>
        <state>CA</state>
        <lastName>DeSaulnier</lastName>
      </item>
      <item>
        <firstName>Jackie</firstName>
        <sponsorshipWithdrawnDate />
        <identifiers>
          <gpoId>7817</gpoId>
          <lisID>1890</lisID>
          <bioguideId>S001175</bioguideId>
        </identifiers>
        <party>D</party>
        <isOriginalCosponsor>False</isOriginalCosponsor>
        <fullName>Rep. Speier, Jackie [D-CA-14]</fullName>
        <middleName />
        <sponsorshipDate>2015-04-28</sponsorshipDate>
        <bioguideId>S001175</bioguideId>
        <district>14</district>
        <state>CA</state>
        <lastName>Speier</lastName>
      </item>
      <item>
        <firstName>Lee</firstName>
        <sponsorshipWithdrawnDate />
        <identifiers>
          <gpoId />
          <lisID>2261</lisID>
          <bioguideId>Z000017</bioguideId>
        </identifiers>
        <party>R</party>
        <isOriginalCosponsor>False</isOriginalCosponsor>
        <fullName>Rep. Zeldin, Lee M. [R-NY-1]</fullName>
        <middleName>M.</middleName>
        <sponsorshipDate>2015-04-28</sponsorshipDate>
        <bioguideId>Z000017</bioguideId>
        <district>1</district>
        <state>NY</state>
        <lastName>Zeldin</lastName>
      </item>
      <item>
        <firstName>RICHARD</firstName>
        <sponsorshipWithdrawnDate />
        <identifiers>
          <lisID>854</lisID>
          <bioguideId>N000015</bioguideId>
          <gpoId>7967</gpoId>
        </identifiers>
        <party>D</party>
        <isOriginalCosponsor>False</isOriginalCosponsor>
        <fullName>Rep. Neal, Richard E. [D-MA-1]</fullName>
        <middleName>E.</middleName>
        <sponsorshipDate>2015-04-28</sponsorshipDate>
        <bioguideId>N000015</bioguideId>
        <district>1</district>
        <state>MA</state>
        <lastName>NEAL</lastName>
      </item>
      <item>
        <firstName>JANICE</firstName>
        <sponsorshipWithdrawnDate />
        <identifiers>
          <bioguideId>S001145</bioguideId>
          <lisID>1588</lisID>
          <gpoId>7929</gpoId>
        </identifiers>
        <party>D</party>
        <isOriginalCosponsor>False</isOriginalCosponsor>
        <fullName>Rep. Schakowsky, Janice D. [D-IL-9]</fullName>
        <middleName>D.</middleName>
        <sponsorshipDate>2015-05-12</sponsorshipDate>
        <bioguideId>S001145</bioguideId>
        <district>9</district>
        <state>IL</state>
        <lastName>SCHAKOWSKY</lastName>
      </item>
      <item>
        <firstName>Peter</firstName>
        <sponsorshipWithdrawnDate />
        <identifiers>
          <bioguideId>W000800</bioguideId>
          <gpoId>8204</gpoId>
          <lisID>1879</lisID>
        </identifiers>
        <party>D</party>
        <isOriginalCosponsor>False</isOriginalCosponsor>
        <fullName>Rep. Welch, Peter [D-VT-At Large]</fullName>
        <middleName />
        <sponsorshipDate>2015-05-12</sponsorshipDate>
        <bioguideId>W000800</bioguideId>
        <district>0</district>
        <state>VT</state>
        <lastName>Welch</lastName>
      </item>
      <item>
        <firstName>Gerald</firstName>
        <sponsorshipWithdrawnDate />
        <identifiers>
          <gpoId>8202</gpoId>
          <lisID>1959</lisID>
          <bioguideId>C001078</bioguideId>
        </identifiers>
        <party>D</party>
        <isOriginalCosponsor>False</isOriginalCosponsor>
        <fullName>Rep. Connolly, Gerald E. [D-VA-11]</fullName>
        <middleName>E.</middleName>
        <sponsorshipDate>2015-05-12</sponsorshipDate>
        <bioguideId>C001078</bioguideId>
        <district>11</district>
        <state>VA</state>
        <lastName>Connolly</lastName>
      </item>
      <item>
        <firstName>James</firstName>
        <sponsorshipWithdrawnDate />
        <identifiers>
          <lisID>1913</lisID>
          <bioguideId>H001047</bioguideId>
          <gpoId>7869</gpoId>
        </identifiers>
        <party>D</party>
        <isOriginalCosponsor>False</isOriginalCosponsor>
        <fullName>Rep. Himes, James A. [D-CT-4]</fullName>
        <middleName>A.</middleName>
        <sponsorshipDate>2015-06-02</sponsorshipDate>
        <bioguideId>H001047</bioguideId>
        <district>4</district>
        <state>CT</state>
        <lastName>Himes</lastName>
      </item>
      <item>
        <firstName>MICHAEL</firstName>
        <sponsorshipWithdrawnDate />
        <identifiers>
          <bioguideId>H001034</bioguideId>
          <gpoId>7820</gpoId>
          <lisID>1634</lisID>
        </identifiers>
        <party>D</party>
        <isOriginalCosponsor>False</isOriginalCosponsor>
        <fullName>Rep. Honda, Michael M. [D-CA-17]</fullName>
        <middleName>M.</middleName>
        <sponsorshipDate>2015-06-09</sponsorshipDate>
        <bioguideId>H001034</bioguideId>
        <district>17</district>
        <state>CA</state>
        <lastName>HONDA</lastName>
      </item>
      <item>
        <firstName>ELEANOR</firstName>
        <sponsorshipWithdrawnDate />
        <identifiers>
          <bioguideId>N000147</bioguideId>
          <gpoId>7871</gpoId>
          <lisID>868</lisID>
        </identifiers>
        <party>D</party>
        <isOriginalCosponsor>False</isOriginalCosponsor>
        <fullName>Rep. Norton, Eleanor Holmes [D-DC-At Large]</fullName>
        <middleName>HOLMES</middleName>
        <sponsorshipDate>2015-06-09</sponsorshipDate>
        <bioguideId>N000147</bioguideId>
        <district>0</district>
        <state>DC</state>
        <lastName>NORTON</lastName>
      </item>
      <item>
        <firstName>Eric</firstName>
        <sponsorshipWithdrawnDate />
        <identifiers>
          <bioguideId>S001193</bioguideId>
          <lisID>2104</lisID>
          <gpoId />
        </identifiers>
        <party>D</party>
        <isOriginalCosponsor>False</isOriginalCosponsor>
        <fullName>Rep. Swalwell, Eric [D-CA-15]</fullName>
        <middleName />
        <sponsorshipDate>2015-06-09</sponsorshipDate>
        <bioguideId>S001193</bioguideId>
        <district>15</district>
        <state>CA</state>
        <lastName>Swalwell</lastName>
      </item>
      <item>
        <firstName>ANNA</firstName>
        <sponsorshipWithdrawnDate />
        <identifiers>
          <gpoId>7819</gpoId>
          <lisID>355</lisID>
          <bioguideId>E000215</bioguideId>
        </identifiers>
        <party>D</party>
        <isOriginalCosponsor>False</isOriginalCosponsor>
        <fullName>Rep. Eshoo, Anna G. [D-CA-18]</fullName>
        <middleName>G.</middleName>
        <sponsorshipDate>2015-06-15</sponsorshipDate>
        <bioguideId>E000215</bioguideId>
        <district>18</district>
        <state>CA</state>
        <lastName>ESHOO</lastName>
      </item>
      <item>
        <firstName>Katherine</firstName>
        <sponsorshipWithdrawnDate />
        <identifiers>
          <gpoId />
          <lisID>2196</lisID>
          <bioguideId>C001101</bioguideId>
        </identifiers>
        <party>D</party>
        <isOriginalCosponsor>False</isOriginalCosponsor>
        <fullName>Rep. Clark, Katherine M. [D-MA-5]</fullName>
        <middleName>M.</middleName>
        <sponsorshipDate>2015-06-23</sponsorshipDate>
        <bioguideId>C001101</bioguideId>
        <district>5</district>
        <state>MA</state>
        <lastName>Clark</lastName>
      </item>
      <item>
        <firstName>Jared</firstName>
        <sponsorshipWithdrawnDate />
        <identifiers>
          <bioguideId>H001068</bioguideId>
          <lisID>2101</lisID>
          <gpoId />
        </identifiers>
        <party>D</party>
        <isOriginalCosponsor>False</isOriginalCosponsor>
        <fullName>Rep. Huffman, Jared [D-CA-2]</fullName>
        <middleName />
        <sponsorshipDate>2015-07-07</sponsorshipDate>
        <bioguideId>H001068</bioguideId>
        <district>2</district>
        <state>CA</state>
        <lastName>Huffman</lastName>
      </item>
      <item>
        <firstName>Elizabeth</firstName>
        <sponsorshipWithdrawnDate />
        <identifiers>
          <lisID>2114</lisID>
          <bioguideId>E000293</bioguideId>
          <gpoId />
        </identifiers>
        <party>D</party>
        <isOriginalCosponsor>False</isOriginalCosponsor>
        <fullName>Rep. Esty, Elizabeth H. [D-CT-5]</fullName>
        <middleName>H.</middleName>
        <sponsorshipDate>2015-07-21</sponsorshipDate>
        <bioguideId>E000293</bioguideId>
        <district>5</district>
        <state>CT</state>
        <lastName>Esty</lastName>
      </item>
      <item>
        <firstName>Tammy</firstName>
        <sponsorshipWithdrawnDate />
        <identifiers>
          <bioguideId>D000622</bioguideId>
          <gpoId />
          <lisID>2123</lisID>
        </identifiers>
        <party>D</party>
        <isOriginalCosponsor>False</isOriginalCosponsor>
        <fullName>Rep. Duckworth, Tammy [D-IL-8]</fullName>
        <middleName />
        <sponsorshipDate>2015-07-29</sponsorshipDate>
        <bioguideId>D000622</bioguideId>
        <district>8</district>
        <state>IL</state>
        <lastName>Duckworth</lastName>
      </item>
      <item>
        <firstName>RON</firstName>
        <sponsorshipWithdrawnDate />
        <identifiers>
          <lisID>1498</lisID>
          <bioguideId>K000188</bioguideId>
          <gpoId>8216</gpoId>
        </identifiers>
        <party>D</party>
        <isOriginalCosponsor>False</isOriginalCosponsor>
        <fullName>Rep. Kind, Ron [D-WI-3]</fullName>
        <middleName />
        <sponsorshipDate>2015-09-10</sponsorshipDate>
        <bioguideId>K000188</bioguideId>
        <district>3</district>
        <state>WI</state>
        <lastName>KIND</lastName>
      </item>
      <item>
        <firstName>Alan</firstName>
        <sponsorshipWithdrawnDate />
        <identifiers>
          <bioguideId>L000579</bioguideId>
          <lisID>2111</lisID>
          <gpoId />
        </identifiers>
        <party>D</party>
        <isOriginalCosponsor>False</isOriginalCosponsor>
        <fullName>Rep. Lowenthal, Alan S. [D-CA-47]</fullName>
        <middleName>S.</middleName>
        <sponsorshipDate>2015-09-29</sponsorshipDate>
        <bioguideId>L000579</bioguideId>
        <district>47</district>
        <state>CA</state>
        <lastName>Lowenthal</lastName>
      </item>
      <item>
        <firstName>MICHAEL</firstName>
        <sponsorshipWithdrawnDate />
        <identifiers>
          <bioguideId>C001037</bioguideId>
          <gpoId>7973</gpoId>
          <lisID>1564</lisID>
        </identifiers>
        <party>D</party>
        <isOriginalCosponsor>False</isOriginalCosponsor>
        <fullName>Rep. Capuano, Michael E. [D-MA-7]</fullName>
        <middleName>E.</middleName>
        <sponsorshipDate>2015-10-20</sponsorshipDate>
        <bioguideId>C001037</bioguideId>
        <district>7</district>
        <state>MA</state>
        <lastName>CAPUANO</lastName>
      </item>
      <item>
        <firstName>Grace</firstName>
        <sponsorshipWithdrawnDate />
        <identifiers>
          <lisID>2148</lisID>
          <bioguideId>M001188</bioguideId>
          <gpoId />
        </identifiers>
        <party>D</party>
        <isOriginalCosponsor>False</isOriginalCosponsor>
        <fullName>Rep. Meng, Grace [D-NY-6]</fullName>
        <middleName />
        <sponsorshipDate>2015-10-23</sponsorshipDate>
        <bioguideId>M001188</bioguideId>
        <district>6</district>
        <state>NY</state>
        <lastName>Meng</lastName>
      </item>
      <item>
        <firstName>Paul</firstName>
        <sponsorshipWithdrawnDate />
        <identifiers>
          <lisID>1942</lisID>
          <gpoId>8082</gpoId>
          <bioguideId>T000469</bioguideId>
        </identifiers>
        <party>D</party>
        <isOriginalCosponsor>False</isOriginalCosponsor>
        <fullName>Rep. Tonko, Paul [D-NY-20]</fullName>
        <middleName />
        <sponsorshipDate>2015-11-03</sponsorshipDate>
        <bioguideId>T000469</bioguideId>
        <district>20</district>
        <state>NY</state>
        <lastName>Tonko</lastName>
      </item>
      <item>
        <firstName>C. A.</firstName>
        <sponsorshipWithdrawnDate />
        <identifiers>
          <bioguideId>R000576</bioguideId>
          <lisID>1728</lisID>
          <gpoId>7977</gpoId>
        </identifiers>
        <party>D</party>
        <isOriginalCosponsor>False</isOriginalCosponsor>
        <fullName>Rep. Ruppersberger, C. A. Dutch [D-MD-2]</fullName>
        <middleName>Dutch</middleName>
        <sponsorshipDate>2015-11-03</sponsorshipDate>
        <bioguideId>R000576</bioguideId>
        <district>2</district>
        <state>MD</state>
        <lastName>Ruppersberger</lastName>
      </item>
      <item>
        <firstName>Peter</firstName>
        <sponsorshipWithdrawnDate />
        <identifiers>
          <bioguideId>R000580</bioguideId>
          <lisID>1848</lisID>
          <gpoId>7926</gpoId>
        </identifiers>
        <party>R</party>
        <isOriginalCosponsor>False</isOriginalCosponsor>
        <fullName>Rep. Roskam, Peter J. [R-IL-6]</fullName>
        <middleName>J.</middleName>
        <sponsorshipDate>2015-11-05</sponsorshipDate>
        <bioguideId>R000580</bioguideId>
        <district>6</district>
        <state>IL</state>
        <lastName>Roskam</lastName>
      </item>
      <item>
        <firstName>NITA</firstName>
        <sponsorshipWithdrawnDate />
        <identifiers>
          <bioguideId>L000480</bioguideId>
          <lisID>709</lisID>
          <gpoId>8079</gpoId>
        </identifiers>
        <party>D</party>
        <isOriginalCosponsor>False</isOriginalCosponsor>
        <fullName>Rep. Lowey, Nita M. [D-NY-17]</fullName>
        <middleName>M.</middleName>
        <sponsorshipDate>2015-12-09</sponsorshipDate>
        <bioguideId>L000480</bioguideId>
        <district>17</district>
        <state>NY</state>
        <lastName>LOWEY</lastName>
      </item>
      <item>
        <firstName>Niki</firstName>
        <sponsorshipWithdrawnDate />
        <identifiers>
          <bioguideId>T000465</bioguideId>
          <lisID>1884</lisID>
          <gpoId>7970</gpoId>
        </identifiers>
        <party>D</party>
        <isOriginalCosponsor>False</isOriginalCosponsor>
        <fullName>Rep. Tsongas, Niki [D-MA-3]</fullName>
        <middleName />
        <sponsorshipDate>2015-12-15</sponsorshipDate>
        <bioguideId>T000465</bioguideId>
        <district>3</district>
        <state>MA</state>
        <lastName>Tsongas</lastName>
      </item>
    </cosponsors>
    <constitutionalAuthorityStatementText><![CDATA[<pre>From the Congressional Record Online through the Government Publishing Office [<a href='http://www.gpo.gov'>www.gpo.gov</a>]By Mr. KING of New York:H.R. 990.Congress has the power to enact this legislation pursuantto the following:Article I, Section 8, Clause 1The Congress shall have Power to lay and collect Taxes,Duties, Imposts and Excises, to pay the Debts and provide forthe common Defence and general Welfare of the United States;but all Duties, Imposts and Excises shall be uniformthroughout the United States.[Page H1071]</pre>]]></constitutionalAuthorityStatementText>
    <calendarNumbers />
    <committeeReports />
    <billType>HR</billType>
    <title>Commuter Parity Act of 2015</title>
    <introducedDate>2015-02-13</introducedDate>
    <actions>
      <item>
        <sourceSystem>
          <code>2</code>
          <name>House floor actions</name>
        </sourceSystem>
        <actionDate>2015-02-13</actionDate>
        <links />
        <committee>
          <systemCode>hswm00</systemCode>
          <name>Ways and Means Committee</name>
        </committee>
        <text>Referred to the House Committee on Ways and Means.</text>
        <type>IntroReferral</type>
        <actionCode>H11100</actionCode>
      </item>
      <item>
        <sourceSystem>
          <code>9</code>
          <name>Library of Congress</name>
        </sourceSystem>
        <actionDate>2015-02-13</actionDate>
        <links />
        <committee />
        <text>Introduced in House</text>
        <type>IntroReferral</type>
        <actionCode>Intro-H</actionCode>
      </item>
      <item>
        <sourceSystem>
          <code>9</code>
          <name>Library of Congress</name>
        </sourceSystem>
        <actionDate>2015-02-13</actionDate>
        <links />
        <committee />
        <text>Introduced in House</text>
        <type>IntroReferral</type>
        <actionCode>1000</actionCode>
      </item>
      <actionTypeCounts>
        <introducedInHouse>1</introducedInHouse>
        <introducedInTheHouse>1</introducedInTheHouse>
        <billReferrals>1</billReferrals>
      </actionTypeCounts>
      <actionByCounts>
        <houseOfRepresentatives>3</houseOfRepresentatives>
      </actionByCounts>
    </actions>
    <congress>114</congress>
    <summaries>
      <billSummaries>
        <item>
          <actionDate>2015-02-13</actionDate>
          <actionDesc>Introduced in House</actionDesc>
          <lastSummaryUpdateDate>2015-03-13T15:51:02Z</lastSummaryUpdateDate>
          <versionCode>00</versionCode>
          <updateDate>2015-02-13T05:00:00Z</updateDate>
          <name>Introduced in House</name>
          <text><![CDATA[<p><strong>Commuter Parity Act of 2015</strong> </p> <p>Amends the Internal Revenue Code to modify the exclusion from gross income, for income tax purposes, of certain transportation benefits provided by an employer to an employee, including cash reimbursements for such benefits,&nbsp;to allow a monthly exclusion amount of: (1) $235 for transportation in a commuter highway vehicle from home to work and any transit pass, (2) $235 for qualified parking, and (3) $35 for qualified bicycle commuting reimbursement. Allows an annual cost-of-living adjustment to such exclusion amounts after 2016.</p>]]></text>
        </item>
      </billSummaries>
    </summaries>
    <laws />
    <createDate>2015-02-14T04:46:17Z</createDate>
    <titles>
      <item>
        <chamberCode />
        <chamberName />
        <title>Commuter Parity Act of 2015</title>
        <parentTitleType />
        <titleType>Short Titles as Introduced</titleType>
      </item>
      <item>
        <chamberCode />
        <chamberName />
        <title>To amend the Internal Revenue Code of 1986 to modify the exclusion for transportation benefits.</title>
        <parentTitleType />
        <titleType>Official Title as Introduced</titleType>
      </item>
      <item>
        <chamberCode />
        <chamberName />
        <title>Commuter Parity Act of 2015</title>
        <parentTitleType />
        <titleType>Display Title</titleType>
      </item>
    </titles>
    <recordedVotes />
    <committees>
      <billCommittees>
        <item>
          <systemCode>hswm00</systemCode>
          <name>Ways and Means Committee</name>
          <activities>
            <item>
              <name>Referred to</name>
              <date>2015-02-13T14:04:50Z</date>
            </item>
          </activities>
          <type>Standing</type>
          <chamber>House</chamber>
          <subcommittees />
        </item>
      </billCommittees>
    </committees>
  </bill>
  <dublinCore xmlns:dc="http://purl.org/dc/elements/1.1/">
    <dc:format>text/xml</dc:format>
    <dc:language>EN</dc:language>
    <dc:rights>Pursuant to Title 17 Section 105 of the United States Code, this file is not subject to copyright protection and is in the public domain.</dc:rights>
    <dc:contributor>Congressional Research Service, Library of Congress</dc:contributor>
    <dc:description>This file contains bill summaries and statuses for federal legislation. A bill summary describes the most significant provisions of a piece of legislation and details the effects the legislative text may have on current law and federal programs. Bill summaries are authored by the Congressional Research Service (CRS) of the Library of Congress. As stated in Public Law 91-510 (2 USC 166 (d)(6)), one of the duties of CRS is "to prepare summaries and digests of bills and resolutions of a public general nature introduced in the Senate or House of Representatives". For more information, refer to the User Guide that accompanies this file.</dc:description>
  </dublinCore>
</billStatus>

