<?xml version="1.0" encoding="UTF-8"?>
<billStatus>
  <bill>
    <title>To provide for a land exchange involving a parcel of real property under the jurisdiction of the Secretary of the Army on the site of the former Mare Island Naval Shipyard, Vallejo, California.</title>
    <updateDate>2016-11-02T21:25:18Z</updateDate>
    <relatedBills />
    <introducedDate>2015-02-05</introducedDate>
    <originChamber>House</originChamber>
    <cboCostEstimates />
    <policyArea>
      <name>Armed Forces and National Security</name>
    </policyArea>
    <congress>114</congress>
    <billNumber>806</billNumber>
    <billType>HR</billType>
    <amendments />
    <recordedVotes />
    <committees>
      <billCommittees>
        <item>
          <subcommittees>
            <item>
              <name>Readiness Subcommittee</name>
              <activities>
                <item>
                  <name>Referred to</name>
                  <date>2015-08-13T20:36:11Z</date>
                </item>
              </activities>
              <systemCode>hsas03</systemCode>
            </item>
          </subcommittees>
          <chamber>House</chamber>
          <type>Standing</type>
          <name>Armed Services Committee</name>
          <systemCode>hsas00</systemCode>
          <activities>
            <item>
              <name>Referred to</name>
              <date>2015-02-05T14:06:50Z</date>
            </item>
          </activities>
        </item>
      </billCommittees>
    </committees>
    <laws />
    <subjects>
      <billSubjects>
        <policyArea>
          <name>Armed Forces and National Security</name>
        </policyArea>
        <legislativeSubjects>
          <item>
            <name>California</name>
          </item>
          <item>
            <name>Educational facilities and institutions</name>
          </item>
          <item>
            <name>Land transfers</name>
          </item>
          <item>
            <name>Military facilities and property</name>
          </item>
        </legislativeSubjects>
      </billSubjects>
    </subjects>
    <notes />
    <committeeReports />
    <actions>
      <actionByCounts>
        <houseOfRepresentatives>4</houseOfRepresentatives>
      </actionByCounts>
      <item>
        <actionDate>2015-08-13</actionDate>
        <committee>
          <name>Readiness Subcommittee</name>
          <systemCode>hsas03</systemCode>
        </committee>
        <links />
        <sourceSystem>
          <name>House committee actions</name>
          <code>1</code>
        </sourceSystem>
        <text>Referred to the Subcommittee on Readiness.</text>
        <type>Committee</type>
      </item>
      <item>
        <actionDate>2015-02-05</actionDate>
        <actionCode>H11100</actionCode>
        <sourceSystem>
          <name>House floor actions</name>
          <code>2</code>
        </sourceSystem>
        <links />
        <committee>
          <name>Armed Services Committee</name>
          <systemCode>hsas00</systemCode>
        </committee>
        <text>Referred to the House Committee on Armed Services.</text>
        <type>IntroReferral</type>
      </item>
      <item>
        <actionDate>2015-02-05</actionDate>
        <actionCode>Intro-H</actionCode>
        <sourceSystem>
          <name>Library of Congress</name>
          <code>9</code>
        </sourceSystem>
        <links />
        <committee />
        <text>Introduced in House</text>
        <type>IntroReferral</type>
      </item>
      <item>
        <actionDate>2015-02-05</actionDate>
        <actionCode>1000</actionCode>
        <sourceSystem>
          <name>Library of Congress</name>
          <code>9</code>
        </sourceSystem>
        <links />
        <committee />
        <text>Introduced in House</text>
        <type>IntroReferral</type>
      </item>
      <actionTypeCounts>
        <introducedInHouse>1</introducedInHouse>
        <placeholderTextForH>1</placeholderTextForH>
        <billReferrals>1</billReferrals>
        <introducedInTheHouse>1</introducedInTheHouse>
      </actionTypeCounts>
    </actions>
    <calendarNumbers />
    <latestAction>
      <links />
      <actionDate>2015-08-13</actionDate>
      <text>Referred to the Subcommittee on Readiness.</text>
    </latestAction>
    <titles>
      <item>
        <title>To provide for a land exchange involving a parcel of real property under the jurisdiction of the Secretary of the Army on the site of the former Mare Island Naval Shipyard, Vallejo, California.</title>
        <chamberName />
        <chamberCode />
        <titleType>Official Title as Introduced</titleType>
        <parentTitleType />
      </item>
      <item>
        <title>To provide for a land exchange involving a parcel of real property under the jurisdiction of the Secretary of the Army on the site of the former Mare Island Naval Shipyard, Vallejo, California.</title>
        <chamberName />
        <chamberCode />
        <titleType>Display Title</titleType>
        <parentTitleType />
      </item>
    </titles>
    <summaries>
      <billSummaries>
        <item>
          <updateDate>2015-02-05T05:00:00Z</updateDate>
          <versionCode>00</versionCode>
          <text><![CDATA[<p>Authorizes the Secretary of the Army to convey a parcel of the former Mare Island Naval Shipyard on Azuar Drive in Vallejo, California, to permit the Touro University California to use the parcel for educational and administrative purposes in exchange for the Army acquiring a parking facility for the Mare Island Army Reserve Center.</p> <p>Directs the Secretary to require the University to cover costs (except environmental remediation costs) incurred by the Secretary to carry out the conveyance.</p>]]></text>
          <lastSummaryUpdateDate>2015-03-03T19:34:03Z</lastSummaryUpdateDate>
          <actionDate>2015-02-05</actionDate>
          <actionDesc>Introduced in House</actionDesc>
          <name>Introduced in House</name>
        </item>
      </billSummaries>
    </summaries>
    <constitutionalAuthorityStatementText><![CDATA[<pre>From the Congressional Record Online through the Government Publishing Office [<a href='http://www.gpo.gov'>www.gpo.gov</a>]By Mr. THOMPSON of California:H.R. 806.Congress has the power to enact this legislation pursuantto the following:Section 18240 of title 10, United States Code[Page H858]</pre>]]></constitutionalAuthorityStatementText>
    <createDate>2015-02-06T04:59:53Z</createDate>
    <sponsors>
      <item>
        <state>CA</state>
        <fullName>Rep. Thompson, Mike [D-CA-5]</fullName>
        <middleName />
        <identifiers>
          <bioguideId>T000460</bioguideId>
          <gpoId>7806</gpoId>
          <lisID>1593</lisID>
        </identifiers>
        <firstName>MIKE</firstName>
        <lastName>THOMPSON</lastName>
        <bioguideId>T000460</bioguideId>
        <district>5</district>
        <byRequestType />
        <party>D</party>
      </item>
    </sponsors>
    <cosponsors />
  </bill>
  <dublinCore xmlns:dc="http://purl.org/dc/elements/1.1/">
    <dc:format>text/xml</dc:format>
    <dc:language>EN</dc:language>
    <dc:rights>Pursuant to Title 17 Section 105 of the United States Code, this file is not subject to copyright protection and is in the public domain.</dc:rights>
    <dc:contributor>Congressional Research Service, Library of Congress</dc:contributor>
    <dc:description>This file contains bill summaries and statuses for federal legislation. A bill summary describes the most significant provisions of a piece of legislation and details the effects the legislative text may have on current law and federal programs. Bill summaries are authored by the Congressional Research Service (CRS) of the Library of Congress. As stated in Public Law 91-510 (2 USC 166 (d)(6)), one of the duties of CRS is "to prepare summaries and digests of bills and resolutions of a public general nature introduced in the Senate or House of Representatives". For more information, refer to the User Guide that accompanies this file.</dc:description>
  </dublinCore>
</billStatus>

