<?xml version="1.0" encoding="UTF-8"?>
<billStatus>
  <bill>
    <title>Defend Israel by Defunding Palestinian Foreign Aid Act of 2015</title>
    <updateDate>2016-11-02T21:17:08Z</updateDate>
    <relatedBills>
      <item>
        <latestTitle>Defend Israel by Defunding Palestinian Foreign Aid Act of 2015</latestTitle>
        <latestAction>
          <text>Referred to the House Committee on Foreign Affairs.</text>
          <actionDate>2015-01-12</actionDate>
        </latestAction>
        <number>277</number>
        <relationshipDetails>
          <item>
            <identifiedBy>CRS</identifiedBy>
            <type>Identical bill</type>
          </item>
        </relationshipDetails>
        <type>HR</type>
        <congress>114</congress>
      </item>
      <item>
        <latestTitle>Defend Israel by Defunding Palestinian Foreign Aid Act of 2015</latestTitle>
        <latestAction>
          <text>Read twice and referred to the Committee on Foreign Relations.</text>
          <actionDate>2015-01-06</actionDate>
        </latestAction>
        <number>34</number>
        <relationshipDetails>
          <item>
            <identifiedBy>CRS</identifiedBy>
            <type>Identical bill</type>
          </item>
        </relationshipDetails>
        <type>S</type>
        <congress>114</congress>
      </item>
    </relatedBills>
    <introducedDate>2015-01-14</introducedDate>
    <originChamber>House</originChamber>
    <cboCostEstimates />
    <policyArea>
      <name>International Affairs</name>
    </policyArea>
    <congress>114</congress>
    <billNumber>364</billNumber>
    <billType>HR</billType>
    <amendments />
    <recordedVotes />
    <committees>
      <billCommittees>
        <item>
          <systemCode>hsfa00</systemCode>
          <name>Foreign Affairs Committee</name>
          <activities>
            <item>
              <name>Referred to</name>
              <date>2015-01-14T14:05:50Z</date>
            </item>
          </activities>
          <type>Standing</type>
          <chamber>House</chamber>
          <subcommittees />
        </item>
      </billCommittees>
    </committees>
    <laws />
    <subjects>
      <billSubjects>
        <legislativeSubjects>
          <item>
            <name>Criminal investigation, prosecution, interrogation</name>
          </item>
          <item>
            <name>Foreign aid and international relief</name>
          </item>
          <item>
            <name>Foreign loans and debt</name>
          </item>
          <item>
            <name>International law and treaties</name>
          </item>
          <item>
            <name>International organizations and cooperation</name>
          </item>
          <item>
            <name>Middle East</name>
          </item>
          <item>
            <name>Palestinians</name>
          </item>
        </legislativeSubjects>
        <policyArea>
          <name>International Affairs</name>
        </policyArea>
      </billSubjects>
    </subjects>
    <notes />
    <committeeReports />
    <actions>
      <actionTypeCounts>
        <introducedInTheHouse>1</introducedInTheHouse>
        <billReferrals>1</billReferrals>
        <introducedInHouse>1</introducedInHouse>
      </actionTypeCounts>
      <actionByCounts>
        <houseOfRepresentatives>3</houseOfRepresentatives>
      </actionByCounts>
      <item>
        <text>Referred to the House Committee on Foreign Affairs.</text>
        <sourceSystem>
          <name>House floor actions</name>
          <code>2</code>
        </sourceSystem>
        <committee>
          <name>Foreign Affairs Committee</name>
          <systemCode>hsfa00</systemCode>
        </committee>
        <type>IntroReferral</type>
        <links />
        <actionCode>H11100</actionCode>
        <actionDate>2015-01-14</actionDate>
      </item>
      <item>
        <text>Introduced in House</text>
        <sourceSystem>
          <name>Library of Congress</name>
          <code>9</code>
        </sourceSystem>
        <committee />
        <type>IntroReferral</type>
        <links />
        <actionCode>Intro-H</actionCode>
        <actionDate>2015-01-14</actionDate>
      </item>
      <item>
        <text>Introduced in House</text>
        <sourceSystem>
          <name>Library of Congress</name>
          <code>9</code>
        </sourceSystem>
        <committee />
        <type>IntroReferral</type>
        <links />
        <actionCode>1000</actionCode>
        <actionDate>2015-01-14</actionDate>
      </item>
    </actions>
    <calendarNumbers />
    <latestAction>
      <links />
      <actionDate>2015-01-14</actionDate>
      <text>Referred to the House Committee on Foreign Affairs.</text>
    </latestAction>
    <titles>
      <item>
        <titleType>Short Titles as Introduced</titleType>
        <parentTitleType />
        <title>Defend Israel by Defunding Palestinian Foreign Aid Act of 2015</title>
        <chamberName />
        <chamberCode />
      </item>
      <item>
        <titleType>Official Title as Introduced</titleType>
        <parentTitleType />
        <title>To prohibit assistance to the Palestinian Authority until it withdraws its request to join the International Criminal Court.</title>
        <chamberName />
        <chamberCode />
      </item>
      <item>
        <titleType>Display Title</titleType>
        <parentTitleType />
        <title>Defend Israel by Defunding Palestinian Foreign Aid Act of 2015</title>
        <chamberName />
        <chamberCode />
      </item>
    </titles>
    <summaries>
      <billSummaries>
        <item>
          <actionDate>2015-01-14</actionDate>
          <updateDate>2015-01-14T05:00:00Z</updateDate>
          <name>Introduced in House</name>
          <lastSummaryUpdateDate>2015-01-26T17:38:42Z</lastSummaryUpdateDate>
          <versionCode>00</versionCode>
          <actionDesc>Introduced in House</actionDesc>
          <text><![CDATA[<p><strong>Defend Israel by Defunding Palestinian Foreign Aid Act of 2015</strong></p> <p>This bill prohibits any amounts from being obligated or expended to provide assistance, loan guarantees, or debt relief to the Palestinian Authority (PA), or any affiliated governing entity, until the PA withdraws its request to join the International Criminal Court.</p>]]></text>
        </item>
      </billSummaries>
    </summaries>
    <constitutionalAuthorityStatementText><![CDATA[<pre>From the Congressional Record Online through the Government Publishing Office [<a href='http://www.gpo.gov'>www.gpo.gov</a>]By Mr. CLAWSON of Florida:H.R. 364.Congress has the power to enact this legislation pursuantto the following:U.S. Const. art. I, Sec. 8[Page H407]</pre>]]></constitutionalAuthorityStatementText>
    <createDate>2015-01-15T04:47:46Z</createDate>
    <sponsors>
      <item>
        <state>FL</state>
        <fullName>Rep. Clawson, Curt [R-FL-19]</fullName>
        <middleName />
        <identifiers>
          <lisID>2200</lisID>
          <gpoId />
          <bioguideId>C001102</bioguideId>
        </identifiers>
        <firstName>Curt</firstName>
        <lastName>Clawson</lastName>
        <bioguideId>C001102</bioguideId>
        <district>19</district>
        <byRequestType />
        <party>R</party>
      </item>
    </sponsors>
    <cosponsors>
      <item>
        <fullName>Rep. Byrne, Bradley [R-AL-1]</fullName>
        <lastName>Byrne</lastName>
        <state>AL</state>
        <identifiers>
          <bioguideId>B001289</bioguideId>
          <gpoId />
          <lisID>2197</lisID>
        </identifiers>
        <bioguideId>B001289</bioguideId>
        <sponsorshipDate>2015-01-14</sponsorshipDate>
        <middleName />
        <isOriginalCosponsor>True</isOriginalCosponsor>
        <party>R</party>
        <firstName>Bradley</firstName>
        <district>1</district>
        <sponsorshipWithdrawnDate />
      </item>
      <item>
        <fullName>Rep. Franks, Trent [R-AZ-8]</fullName>
        <lastName>Franks</lastName>
        <state>AZ</state>
        <identifiers>
          <lisID>1707</lisID>
          <gpoId>7799</gpoId>
          <bioguideId>F000448</bioguideId>
        </identifiers>
        <bioguideId>F000448</bioguideId>
        <sponsorshipDate>2015-01-26</sponsorshipDate>
        <middleName />
        <isOriginalCosponsor>False</isOriginalCosponsor>
        <party>R</party>
        <firstName>Trent</firstName>
        <district>8</district>
        <sponsorshipWithdrawnDate />
      </item>
      <item>
        <fullName>Rep. Rokita, Todd [R-IN-4]</fullName>
        <lastName>Rokita</lastName>
        <state>IN</state>
        <identifiers>
          <lisID>2017</lisID>
          <bioguideId>R000592</bioguideId>
          <gpoId>7943</gpoId>
        </identifiers>
        <bioguideId>R000592</bioguideId>
        <sponsorshipDate>2015-01-26</sponsorshipDate>
        <middleName />
        <isOriginalCosponsor>False</isOriginalCosponsor>
        <party>R</party>
        <firstName>Todd</firstName>
        <district>4</district>
        <sponsorshipWithdrawnDate />
      </item>
      <item>
        <fullName>Rep. Gibbs, Bob [R-OH-7]</fullName>
        <lastName>Gibbs</lastName>
        <state>OH</state>
        <identifiers>
          <lisID>2049</lisID>
          <gpoId>8108</gpoId>
          <bioguideId>G000563</bioguideId>
        </identifiers>
        <bioguideId>G000563</bioguideId>
        <sponsorshipDate>2015-01-26</sponsorshipDate>
        <middleName />
        <isOriginalCosponsor>False</isOriginalCosponsor>
        <party>R</party>
        <firstName>Bob</firstName>
        <district>7</district>
        <sponsorshipWithdrawnDate />
      </item>
    </cosponsors>
  </bill>
  <dublinCore xmlns:dc="http://purl.org/dc/elements/1.1/">
    <dc:format>text/xml</dc:format>
    <dc:language>EN</dc:language>
    <dc:rights>Pursuant to Title 17 Section 105 of the United States Code, this file is not subject to copyright protection and is in the public domain.</dc:rights>
    <dc:contributor>Congressional Research Service, Library of Congress</dc:contributor>
    <dc:description>This file contains bill summaries and statuses for federal legislation. A bill summary describes the most significant provisions of a piece of legislation and details the effects the legislative text may have on current law and federal programs. Bill summaries are authored by the Congressional Research Service (CRS) of the Library of Congress. As stated in Public Law 91-510 (2 USC 166 (d)(6)), one of the duties of CRS is "to prepare summaries and digests of bills and resolutions of a public general nature introduced in the Senate or House of Representatives". For more information, refer to the User Guide that accompanies this file.</dc:description>
  </dublinCore>
</billStatus>

