<?xml version="1.0" encoding="UTF-8"?>
<billStatus>
  <bill>
    <latestAction>
      <text>Referred to the Subcommittee on Higher Education and Workforce Training.</text>
      <links />
      <actionDate>2015-04-29</actionDate>
    </latestAction>
    <policyArea>
      <name>Education</name>
    </policyArea>
    <amendments />
    <relatedBills />
    <billNumber>860</billNumber>
    <updateDate>2016-11-02T21:25:37Z</updateDate>
    <cboCostEstimates />
    <sponsors>
      <item>
        <fullName>Rep. Cummings, Elijah E. [D-MD-7]</fullName>
        <firstName>ELIJAH</firstName>
        <district>7</district>
        <lastName>CUMMINGS</lastName>
        <byRequestType />
        <identifiers>
          <gpoId>7982</gpoId>
          <lisID>256</lisID>
          <bioguideId>C000984</bioguideId>
        </identifiers>
        <middleName>E.</middleName>
        <party>D</party>
        <state>MD</state>
        <bioguideId>C000984</bioguideId>
      </item>
    </sponsors>
    <notes />
    <originChamber>House</originChamber>
    <subjects>
      <billSubjects>
        <legislativeSubjects>
          <item>
            <name>Government lending and loan guarantees</name>
          </item>
          <item>
            <name>Higher education</name>
          </item>
          <item>
            <name>Student aid and college costs</name>
          </item>
        </legislativeSubjects>
        <policyArea>
          <name>Education</name>
        </policyArea>
      </billSubjects>
    </subjects>
    <cosponsors>
      <item>
        <isOriginalCosponsor>True</isOriginalCosponsor>
        <fullName>Rep. Rangel, Charles B. [D-NY-13]</fullName>
        <firstName>CHARLES</firstName>
        <identifiers>
          <lisID>944</lisID>
          <gpoId>8076</gpoId>
          <bioguideId>R000053</bioguideId>
        </identifiers>
        <state>NY</state>
        <middleName>B.</middleName>
        <lastName>RANGEL</lastName>
        <bioguideId>R000053</bioguideId>
        <sponsorshipDate>2015-02-11</sponsorshipDate>
        <district>13</district>
        <sponsorshipWithdrawnDate />
        <party>D</party>
      </item>
      <item>
        <isOriginalCosponsor>True</isOriginalCosponsor>
        <fullName>Rep. Cardenas, Tony [D-CA-29]</fullName>
        <firstName>Tony</firstName>
        <identifiers>
          <lisID>2107</lisID>
          <gpoId />
          <bioguideId>C001097</bioguideId>
        </identifiers>
        <state>CA</state>
        <middleName />
        <lastName>Cardenas</lastName>
        <bioguideId>C001097</bioguideId>
        <sponsorshipDate>2015-02-11</sponsorshipDate>
        <district>29</district>
        <sponsorshipWithdrawnDate />
        <party>D</party>
      </item>
      <item>
        <isOriginalCosponsor>True</isOriginalCosponsor>
        <fullName>Rep. Meeks, Gregory W. [D-NY-5]</fullName>
        <firstName>GREGORY</firstName>
        <identifiers>
          <bioguideId>M001137</bioguideId>
          <gpoId>8067</gpoId>
          <lisID>1506</lisID>
        </identifiers>
        <state>NY</state>
        <middleName>W.</middleName>
        <lastName>MEEKS</lastName>
        <bioguideId>M001137</bioguideId>
        <sponsorshipDate>2015-02-11</sponsorshipDate>
        <district>5</district>
        <sponsorshipWithdrawnDate />
        <party>D</party>
      </item>
      <item>
        <isOriginalCosponsor>True</isOriginalCosponsor>
        <fullName>Rep. Ellison, Keith [D-MN-5]</fullName>
        <firstName>Keith</firstName>
        <identifiers>
          <lisID>1857</lisID>
          <gpoId>8005</gpoId>
          <bioguideId>E000288</bioguideId>
        </identifiers>
        <state>MN</state>
        <middleName />
        <lastName>Ellison</lastName>
        <bioguideId>E000288</bioguideId>
        <sponsorshipDate>2015-02-11</sponsorshipDate>
        <district>5</district>
        <sponsorshipWithdrawnDate />
        <party>D</party>
      </item>
      <item>
        <isOriginalCosponsor>True</isOriginalCosponsor>
        <fullName>Rep. Polis, Jared [D-CO-2]</fullName>
        <firstName>Jared</firstName>
        <identifiers>
          <bioguideId>P000598</bioguideId>
          <lisID>1910</lisID>
          <gpoId>7860</gpoId>
        </identifiers>
        <state>CO</state>
        <middleName />
        <lastName>Polis</lastName>
        <bioguideId>P000598</bioguideId>
        <sponsorshipDate>2015-02-11</sponsorshipDate>
        <district>2</district>
        <sponsorshipWithdrawnDate />
        <party>D</party>
      </item>
      <item>
        <isOriginalCosponsor>True</isOriginalCosponsor>
        <fullName>Rep. Cohen, Steve [D-TN-9]</fullName>
        <firstName>Steve</firstName>
        <identifiers>
          <gpoId>8156</gpoId>
          <lisID>1878</lisID>
          <bioguideId>C001068</bioguideId>
        </identifiers>
        <state>TN</state>
        <middleName />
        <lastName>Cohen</lastName>
        <bioguideId>C001068</bioguideId>
        <sponsorshipDate>2015-02-11</sponsorshipDate>
        <district>9</district>
        <sponsorshipWithdrawnDate />
        <party>D</party>
      </item>
      <item>
        <isOriginalCosponsor>True</isOriginalCosponsor>
        <fullName>Rep. Wilson, Frederica S. [D-FL-24]</fullName>
        <firstName>Frederica</firstName>
        <identifiers>
          <lisID>2004</lisID>
          <gpoId>7889</gpoId>
          <bioguideId>W000808</bioguideId>
        </identifiers>
        <state>FL</state>
        <middleName>S.</middleName>
        <lastName>Wilson</lastName>
        <bioguideId>W000808</bioguideId>
        <sponsorshipDate>2015-02-11</sponsorshipDate>
        <district>24</district>
        <sponsorshipWithdrawnDate />
        <party>D</party>
      </item>
      <item>
        <isOriginalCosponsor>False</isOriginalCosponsor>
        <fullName>Rep. Vargas, Juan [D-CA-51]</fullName>
        <firstName>Juan</firstName>
        <identifiers>
          <lisID>2112</lisID>
          <bioguideId>V000130</bioguideId>
          <gpoId />
        </identifiers>
        <state>CA</state>
        <middleName />
        <lastName>Vargas</lastName>
        <bioguideId>V000130</bioguideId>
        <sponsorshipDate>2015-03-02</sponsorshipDate>
        <district>51</district>
        <sponsorshipWithdrawnDate />
        <party>D</party>
      </item>
    </cosponsors>
    <constitutionalAuthorityStatementText><![CDATA[<pre>From the Congressional Record Online through the Government Publishing Office [<a href='http://www.gpo.gov'>www.gpo.gov</a>]By Mr. CUMMINGS:H.R. 860.Congress has the power to enact this legislation pursuantto the following:Article 1, Section 8, Clause 18[Page H982]</pre>]]></constitutionalAuthorityStatementText>
    <calendarNumbers />
    <committeeReports />
    <billType>HR</billType>
    <title>FAFSA Fairness Act of 2015</title>
    <introducedDate>2015-02-11</introducedDate>
    <actions>
      <actionTypeCounts>
        <placeholderTextForH>1</placeholderTextForH>
        <billReferrals>1</billReferrals>
        <introducedInTheHouse>1</introducedInTheHouse>
        <introducedInHouse>1</introducedInHouse>
      </actionTypeCounts>
      <item>
        <actionDate>2015-04-29</actionDate>
        <committee>
          <name>Higher Education and Workforce Training Subcommittee</name>
          <systemCode>hsed13</systemCode>
        </committee>
        <links />
        <sourceSystem>
          <code>1</code>
          <name>House committee actions</name>
        </sourceSystem>
        <text>Referred to the Subcommittee on Higher Education and Workforce Training.</text>
        <type>Committee</type>
      </item>
      <item>
        <actionDate>2015-02-11</actionDate>
        <sourceSystem>
          <code>2</code>
          <name>House floor actions</name>
        </sourceSystem>
        <text>Referred to the House Committee on Education and the Workforce.</text>
        <type>IntroReferral</type>
        <links />
        <actionCode>H11100</actionCode>
        <committee>
          <name>Education and the Workforce Committee</name>
          <systemCode>hsed00</systemCode>
        </committee>
      </item>
      <item>
        <actionDate>2015-02-11</actionDate>
        <sourceSystem>
          <code>9</code>
          <name>Library of Congress</name>
        </sourceSystem>
        <text>Introduced in House</text>
        <type>IntroReferral</type>
        <links />
        <actionCode>Intro-H</actionCode>
        <committee />
      </item>
      <item>
        <actionDate>2015-02-11</actionDate>
        <sourceSystem>
          <code>9</code>
          <name>Library of Congress</name>
        </sourceSystem>
        <text>Introduced in House</text>
        <type>IntroReferral</type>
        <links />
        <actionCode>1000</actionCode>
        <committee />
      </item>
      <actionByCounts>
        <houseOfRepresentatives>4</houseOfRepresentatives>
      </actionByCounts>
    </actions>
    <congress>114</congress>
    <summaries>
      <billSummaries>
        <item>
          <actionDate>2015-02-11</actionDate>
          <actionDesc>Introduced in House</actionDesc>
          <lastSummaryUpdateDate>2015-03-19T18:12:08Z</lastSummaryUpdateDate>
          <versionCode>00</versionCode>
          <updateDate>2015-02-11T05:00:00Z</updateDate>
          <name>Introduced in House</name>
          <text><![CDATA[<p><strong>FAFSA Fairness Act of 2015</strong></p> <p>Amends title IV (Student Assistance) of the Higher Education Act of 1965 to require the Secretary of Education to disclose, on the form notifying students of their expected family contribution, the special circumstances under which students may qualify as independent for purposes of the determination regarding their need and eligibility for title IV assistance. </p> <p>Allows students who may qualify as independent on the basis of those special circumstances to complete the Free Application for Federal Student Aid as independent students for purposes of the initial determination of their title IV assistance by a financial aid administrator at an institution of higher education to which they are applying.</p> <p>Requires the financial aid administrators to: (1) provide those students with an initial determination regarding their title IV assistance in the same manner as, and by no later than the date that, they provide other independent students with that determination; and (2) use, in making a final determination regarding that assistance, the discretion provided to them under title IV to verify whether such students meet the special circumstances to qualify as independent students.</p>]]></text>
        </item>
      </billSummaries>
    </summaries>
    <laws />
    <createDate>2015-02-12T05:30:26Z</createDate>
    <titles>
      <item>
        <titleType>Short Titles as Introduced</titleType>
        <parentTitleType />
        <title>FAFSA Fairness Act of 2015</title>
        <chamberName />
        <chamberCode />
      </item>
      <item>
        <titleType>Official Title as Introduced</titleType>
        <parentTitleType />
        <title>To amend the Higher Education Act of 1965 to amend the process by which students with certain special circumstances apply for Federal financial aid.</title>
        <chamberName />
        <chamberCode />
      </item>
      <item>
        <titleType>Display Title</titleType>
        <parentTitleType />
        <title>FAFSA Fairness Act of 2015</title>
        <chamberName />
        <chamberCode />
      </item>
    </titles>
    <recordedVotes />
    <committees>
      <billCommittees>
        <item>
          <subcommittees>
            <item>
              <systemCode>hsed13</systemCode>
              <activities>
                <item>
                  <date>2015-04-29T14:24:41Z</date>
                  <name>Referred to</name>
                </item>
              </activities>
              <name>Higher Education and Workforce Training Subcommittee</name>
            </item>
          </subcommittees>
          <chamber>House</chamber>
          <systemCode>hsed00</systemCode>
          <activities>
            <item>
              <date>2015-02-11T15:00:45Z</date>
              <name>Referred to</name>
            </item>
          </activities>
          <type>Standing</type>
          <name>Education and the Workforce Committee</name>
        </item>
      </billCommittees>
    </committees>
  </bill>
  <dublinCore xmlns:dc="http://purl.org/dc/elements/1.1/">
    <dc:format>text/xml</dc:format>
    <dc:language>EN</dc:language>
    <dc:rights>Pursuant to Title 17 Section 105 of the United States Code, this file is not subject to copyright protection and is in the public domain.</dc:rights>
    <dc:contributor>Congressional Research Service, Library of Congress</dc:contributor>
    <dc:description>This file contains bill summaries and statuses for federal legislation. A bill summary describes the most significant provisions of a piece of legislation and details the effects the legislative text may have on current law and federal programs. Bill summaries are authored by the Congressional Research Service (CRS) of the Library of Congress. As stated in Public Law 91-510 (2 USC 166 (d)(6)), one of the duties of CRS is "to prepare summaries and digests of bills and resolutions of a public general nature introduced in the Senate or House of Representatives". For more information, refer to the User Guide that accompanies this file.</dc:description>
  </dublinCore>
</billStatus>

