<?xml version="1.0" encoding="UTF-8"?>
<billStatus>
  <bill>
    <title>To amend the Internal Revenue Code of 1986 to extend the credit for health insurance costs of certain Pension Benefit Guaranty Corporation pension recipients.</title>
    <updateDate>2016-11-02T21:27:19Z</updateDate>
    <relatedBills />
    <introducedDate>2015-02-26</introducedDate>
    <originChamber>House</originChamber>
    <cboCostEstimates />
    <policyArea>
      <name>Taxation</name>
    </policyArea>
    <congress>114</congress>
    <billNumber>1143</billNumber>
    <billType>HR</billType>
    <amendments />
    <recordedVotes />
    <committees>
      <billCommittees>
        <item>
          <activities>
            <item>
              <date>2015-02-26T15:01:40Z</date>
              <name>Referred to</name>
            </item>
          </activities>
          <chamber>House</chamber>
          <subcommittees />
          <systemCode>hswm00</systemCode>
          <type>Standing</type>
          <name>Ways and Means Committee</name>
        </item>
      </billCommittees>
    </committees>
    <laws />
    <subjects>
      <billSubjects>
        <legislativeSubjects>
          <item>
            <name>Comprehensive health care</name>
          </item>
          <item>
            <name>Employee benefits and pensions</name>
          </item>
          <item>
            <name>Health care costs and insurance</name>
          </item>
          <item>
            <name>Health care coverage and access</name>
          </item>
          <item>
            <name>Income tax credits</name>
          </item>
        </legislativeSubjects>
        <policyArea>
          <name>Taxation</name>
        </policyArea>
      </billSubjects>
    </subjects>
    <notes />
    <committeeReports />
    <actions>
      <actionTypeCounts>
        <introducedInTheHouse>1</introducedInTheHouse>
        <billReferrals>1</billReferrals>
        <introducedInHouse>1</introducedInHouse>
      </actionTypeCounts>
      <actionByCounts>
        <houseOfRepresentatives>3</houseOfRepresentatives>
      </actionByCounts>
      <item>
        <text>Referred to the House Committee on Ways and Means.</text>
        <sourceSystem>
          <name>House floor actions</name>
          <code>2</code>
        </sourceSystem>
        <committee>
          <name>Ways and Means Committee</name>
          <systemCode>hswm00</systemCode>
        </committee>
        <type>IntroReferral</type>
        <links />
        <actionCode>H11100</actionCode>
        <actionDate>2015-02-26</actionDate>
      </item>
      <item>
        <text>Introduced in House</text>
        <sourceSystem>
          <name>Library of Congress</name>
          <code>9</code>
        </sourceSystem>
        <committee />
        <type>IntroReferral</type>
        <links />
        <actionCode>Intro-H</actionCode>
        <actionDate>2015-02-26</actionDate>
      </item>
      <item>
        <text>Introduced in House</text>
        <sourceSystem>
          <name>Library of Congress</name>
          <code>9</code>
        </sourceSystem>
        <committee />
        <type>IntroReferral</type>
        <links />
        <actionCode>1000</actionCode>
        <actionDate>2015-02-26</actionDate>
      </item>
    </actions>
    <calendarNumbers />
    <latestAction>
      <links />
      <actionDate>2015-02-26</actionDate>
      <text>Referred to the House Committee on Ways and Means.</text>
    </latestAction>
    <titles>
      <item>
        <chamberCode />
        <title>To amend the Internal Revenue Code of 1986 to extend the credit for health insurance costs of certain Pension Benefit Guaranty Corporation pension recipients.</title>
        <chamberName />
        <titleType>Official Title as Introduced</titleType>
        <parentTitleType />
      </item>
      <item>
        <chamberCode />
        <title>To amend the Internal Revenue Code of 1986 to extend the credit for health insurance costs of certain Pension Benefit Guaranty Corporation pension recipients.</title>
        <chamberName />
        <titleType>Display Title</titleType>
        <parentTitleType />
      </item>
    </titles>
    <summaries>
      <billSummaries>
        <item>
          <actionDate>2015-02-26</actionDate>
          <updateDate>2015-02-26T05:00:00Z</updateDate>
          <name>Introduced in House</name>
          <lastSummaryUpdateDate>2015-05-11T13:22:06Z</lastSummaryUpdateDate>
          <versionCode>00</versionCode>
          <actionDesc>Introduced in House</actionDesc>
          <text><![CDATA[<p>This bill extends through December 31, 2019, the eligibility of Pension Benefit Guaranty Corporation pension recipients for the health care tax credit. </p>]]></text>
        </item>
      </billSummaries>
    </summaries>
    <constitutionalAuthorityStatementText><![CDATA[<pre>From the Congressional Record Online through the Government Publishing Office [<a href='http://www.gpo.gov'>www.gpo.gov</a>]By Mr. TURNER:H.R. 1143.Congress has the power to enact this legislation pursuantto the following:Article I, Section 8, Clause 1 of the Constitution of theUnited StatesThe Congress shall have Power to lay and collect Taxes,Duties, Imposts and Excises, to pay the Debts and provide forthe common Defence and general Welfare of the United States;but all Duties, Imposts and Excises shall be uniformthroughout the United States.[Page H1372]</pre>]]></constitutionalAuthorityStatementText>
    <createDate>2015-02-27T18:29:28Z</createDate>
    <sponsors>
      <item>
        <state>OH</state>
        <fullName>Rep. Turner, Michael R. [R-OH-10]</fullName>
        <middleName>R.</middleName>
        <identifiers>
          <lisID>1741</lisID>
          <gpoId>8093</gpoId>
          <bioguideId>T000463</bioguideId>
        </identifiers>
        <firstName>Michael</firstName>
        <lastName>Turner</lastName>
        <bioguideId>T000463</bioguideId>
        <district>10</district>
        <byRequestType />
        <party>R</party>
      </item>
    </sponsors>
    <cosponsors>
      <item>
        <isOriginalCosponsor>False</isOriginalCosponsor>
        <fullName>Rep. Ryan, Tim [D-OH-13]</fullName>
        <firstName>TIM</firstName>
        <identifiers>
          <bioguideId>R000577</bioguideId>
          <gpoId>8107</gpoId>
          <lisID>1756</lisID>
        </identifiers>
        <state>OH</state>
        <middleName />
        <lastName>RYAN</lastName>
        <bioguideId>R000577</bioguideId>
        <sponsorshipDate>2015-03-03</sponsorshipDate>
        <district>13</district>
        <sponsorshipWithdrawnDate />
        <party>D</party>
      </item>
      <item>
        <isOriginalCosponsor>False</isOriginalCosponsor>
        <fullName>Rep. Brooks, Susan W. [R-IN-5]</fullName>
        <firstName>Susan</firstName>
        <identifiers>
          <lisID>2129</lisID>
          <gpoId />
          <bioguideId>B001284</bioguideId>
        </identifiers>
        <state>IN</state>
        <middleName>W.</middleName>
        <lastName>Brooks</lastName>
        <bioguideId>B001284</bioguideId>
        <sponsorshipDate>2015-03-03</sponsorshipDate>
        <district>5</district>
        <sponsorshipWithdrawnDate />
        <party>R</party>
      </item>
      <item>
        <isOriginalCosponsor>False</isOriginalCosponsor>
        <fullName>Rep. Renacci, James B. [R-OH-16]</fullName>
        <firstName>James</firstName>
        <identifiers>
          <lisID>2048</lisID>
          <bioguideId>R000586</bioguideId>
          <gpoId>8106</gpoId>
        </identifiers>
        <state>OH</state>
        <middleName>B.</middleName>
        <lastName>Renacci</lastName>
        <bioguideId>R000586</bioguideId>
        <sponsorshipDate>2015-03-04</sponsorshipDate>
        <district>16</district>
        <sponsorshipWithdrawnDate />
        <party>R</party>
      </item>
      <item>
        <isOriginalCosponsor>False</isOriginalCosponsor>
        <fullName>Rep. Higgins, Brian [D-NY-26]</fullName>
        <firstName>Brian</firstName>
        <identifiers>
          <lisID>1794</lisID>
          <bioguideId>H001038</bioguideId>
          <gpoId>8088</gpoId>
        </identifiers>
        <state>NY</state>
        <middleName />
        <lastName>Higgins</lastName>
        <bioguideId>H001038</bioguideId>
        <sponsorshipDate>2015-03-17</sponsorshipDate>
        <district>26</district>
        <sponsorshipWithdrawnDate />
        <party>D</party>
      </item>
      <item>
        <isOriginalCosponsor>False</isOriginalCosponsor>
        <fullName>Rep. Joyce, David P. [R-OH-14]</fullName>
        <firstName>David</firstName>
        <identifiers>
          <bioguideId>J000295</bioguideId>
          <lisID>2154</lisID>
          <gpoId />
        </identifiers>
        <state>OH</state>
        <middleName>P.</middleName>
        <lastName>Joyce</lastName>
        <bioguideId>J000295</bioguideId>
        <sponsorshipDate>2015-03-17</sponsorshipDate>
        <district>14</district>
        <sponsorshipWithdrawnDate />
        <party>R</party>
      </item>
      <item>
        <isOriginalCosponsor>False</isOriginalCosponsor>
        <fullName>Rep. Harper, Gregg [R-MS-3]</fullName>
        <firstName>Gregg</firstName>
        <identifiers>
          <gpoId>8021</gpoId>
          <lisID>1933</lisID>
          <bioguideId>H001045</bioguideId>
        </identifiers>
        <state>MS</state>
        <middleName />
        <lastName>Harper</lastName>
        <bioguideId>H001045</bioguideId>
        <sponsorshipDate>2015-03-17</sponsorshipDate>
        <district>3</district>
        <sponsorshipWithdrawnDate />
        <party>R</party>
      </item>
      <item>
        <isOriginalCosponsor>False</isOriginalCosponsor>
        <fullName>Rep. Kaptur, Marcy [D-OH-9]</fullName>
        <firstName>MARCY</firstName>
        <identifiers>
          <lisID>616</lisID>
          <gpoId>8099</gpoId>
          <bioguideId>K000009</bioguideId>
        </identifiers>
        <state>OH</state>
        <middleName />
        <lastName>KAPTUR</lastName>
        <bioguideId>K000009</bioguideId>
        <sponsorshipDate>2015-03-17</sponsorshipDate>
        <district>9</district>
        <sponsorshipWithdrawnDate />
        <party>D</party>
      </item>
      <item>
        <isOriginalCosponsor>False</isOriginalCosponsor>
        <fullName>Rep. Stivers, Steve [R-OH-15]</fullName>
        <firstName>Steve</firstName>
        <identifiers>
          <bioguideId>S001187</bioguideId>
          <lisID>2047</lisID>
          <gpoId>8105</gpoId>
        </identifiers>
        <state>OH</state>
        <middleName />
        <lastName>Stivers</lastName>
        <bioguideId>S001187</bioguideId>
        <sponsorshipDate>2015-03-17</sponsorshipDate>
        <district>15</district>
        <sponsorshipWithdrawnDate />
        <party>R</party>
      </item>
      <item>
        <isOriginalCosponsor>False</isOriginalCosponsor>
        <fullName>Rep. Johnson, Bill [R-OH-6]</fullName>
        <firstName>Bill</firstName>
        <identifiers>
          <lisID>2046</lisID>
          <gpoId>8096</gpoId>
          <bioguideId>J000292</bioguideId>
        </identifiers>
        <state>OH</state>
        <middleName />
        <lastName>Johnson</lastName>
        <bioguideId>J000292</bioguideId>
        <sponsorshipDate>2015-03-26</sponsorshipDate>
        <district>6</district>
        <sponsorshipWithdrawnDate />
        <party>R</party>
      </item>
      <item>
        <isOriginalCosponsor>False</isOriginalCosponsor>
        <fullName>Rep. Tiberi, Patrick J. [R-OH-12]</fullName>
        <firstName>PATRICK</firstName>
        <identifiers>
          <lisID>1664</lisID>
          <bioguideId>T000462</bioguideId>
          <gpoId>8102</gpoId>
        </identifiers>
        <state>OH</state>
        <middleName>J.</middleName>
        <lastName>TIBERI</lastName>
        <bioguideId>T000462</bioguideId>
        <sponsorshipDate>2015-03-26</sponsorshipDate>
        <district>12</district>
        <sponsorshipWithdrawnDate />
        <party>R</party>
      </item>
      <item>
        <isOriginalCosponsor>False</isOriginalCosponsor>
        <fullName>Rep. Collins, Chris [R-NY-27]</fullName>
        <firstName>Chris</firstName>
        <identifiers>
          <lisID>2151</lisID>
          <gpoId />
          <bioguideId>C001092</bioguideId>
        </identifiers>
        <state>NY</state>
        <middleName />
        <lastName>Collins</lastName>
        <bioguideId>C001092</bioguideId>
        <sponsorshipDate>2015-04-13</sponsorshipDate>
        <district>27</district>
        <sponsorshipWithdrawnDate />
        <party>R</party>
      </item>
      <item>
        <isOriginalCosponsor>False</isOriginalCosponsor>
        <fullName>Rep. Kildee, Daniel T. [D-MI-5]</fullName>
        <firstName>Daniel</firstName>
        <identifiers>
          <gpoId />
          <lisID>2134</lisID>
          <bioguideId>K000380</bioguideId>
        </identifiers>
        <state>MI</state>
        <middleName>T.</middleName>
        <lastName>Kildee</lastName>
        <bioguideId>K000380</bioguideId>
        <sponsorshipDate>2015-04-13</sponsorshipDate>
        <district>5</district>
        <sponsorshipWithdrawnDate />
        <party>D</party>
      </item>
      <item>
        <isOriginalCosponsor>False</isOriginalCosponsor>
        <fullName>Rep. Chabot, Steve [R-OH-1]</fullName>
        <firstName>STEVE</firstName>
        <identifiers>
          <lisID>186</lisID>
          <bioguideId>C000266</bioguideId>
          <gpoId>8091</gpoId>
        </identifiers>
        <state>OH</state>
        <middleName />
        <lastName>CHABOT</lastName>
        <bioguideId>C000266</bioguideId>
        <sponsorshipDate>2015-04-22</sponsorshipDate>
        <district>1</district>
        <sponsorshipWithdrawnDate />
        <party>R</party>
      </item>
    </cosponsors>
  </bill>
  <dublinCore xmlns:dc="http://purl.org/dc/elements/1.1/">
    <dc:format>text/xml</dc:format>
    <dc:language>EN</dc:language>
    <dc:rights>Pursuant to Title 17 Section 105 of the United States Code, this file is not subject to copyright protection and is in the public domain.</dc:rights>
    <dc:contributor>Congressional Research Service, Library of Congress</dc:contributor>
    <dc:description>This file contains bill summaries and statuses for federal legislation. A bill summary describes the most significant provisions of a piece of legislation and details the effects the legislative text may have on current law and federal programs. Bill summaries are authored by the Congressional Research Service (CRS) of the Library of Congress. As stated in Public Law 91-510 (2 USC 166 (d)(6)), one of the duties of CRS is "to prepare summaries and digests of bills and resolutions of a public general nature introduced in the Senate or House of Representatives". For more information, refer to the User Guide that accompanies this file.</dc:description>
  </dublinCore>
</billStatus>

