<?xml version="1.0" encoding="UTF-8"?>
<billStatus>
  <bill>
    <committees>
      <billCommittees>
        <item>
          <systemCode>hsgo00</systemCode>
          <name>Oversight and Government Reform Committee</name>
          <activities>
            <item>
              <name>Referred to</name>
              <date>2015-01-20T17:00:40Z</date>
            </item>
          </activities>
          <type>Standing</type>
          <chamber>House</chamber>
          <subcommittees />
        </item>
      </billCommittees>
    </committees>
    <congress>114</congress>
    <billNumber>417</billNumber>
    <updateDate>2016-11-02T21:17:25Z</updateDate>
    <subjects>
      <billSubjects>
        <policyArea>
          <name>Government Operations and Politics</name>
        </policyArea>
        <legislativeSubjects>
          <item>
            <name>Congressional oversight</name>
          </item>
          <item>
            <name>Government employee pay, benefits, personnel management</name>
          </item>
          <item>
            <name>Public contracts and procurement</name>
          </item>
        </legislativeSubjects>
      </billSubjects>
    </subjects>
    <policyArea>
      <name>Government Operations and Politics</name>
    </policyArea>
    <summaries>
      <billSummaries>
        <item>
          <actionDate>2015-01-20</actionDate>
          <updateDate>2015-01-20T05:00:00Z</updateDate>
          <name>Introduced in House</name>
          <lastSummaryUpdateDate>2015-03-02T22:50:59Z</lastSummaryUpdateDate>
          <versionCode>00</versionCode>
          <actionDesc>Introduced in House</actionDesc>
          <text><![CDATA[<p><b>Federal Workforce Reduction Through Attrition Act</b></p> <p> Requires the Office of Management and Budget (OMB) to ensure that the total number of federal employees in each calendar quarter after the enactment of this Act does not exceed the applicable maximum for such quarter, as determined under this Act. Sets forth a formula for determining the applicable maximum based upon 90% of the total number of federal employees as of September 30, 2013. Requires that compliance with such workforce limitation be made through attrition, or through both attrition and a freeze on appointments if the total number of federal employees exceeds the applicable maximum for a quarter. </p> <p>Requires OMB to: (1) ensure that there is a reduction in the amount expended for the procurement of service contracts for each fiscal year after this Act's enactment equal to the reduction in the amount expended for the federal workforce in the previous fiscal year as a result of the requirements of this Act; and (2) continuously monitor all agencies to determine whether the workforce limitation required by this Act has been met.</p> <p>Allows the President to waive such workforce or service contract limitation if necessary due to: (1) a state of war or for reasons of national security; or (2) an extraordinary emergency threatening life, health, safety, or property. </p>]]></text>
        </item>
      </billSummaries>
    </summaries>
    <title>Federal Workforce Reduction Through Attrition Act</title>
    <laws />
    <cosponsors>
      <item>
        <fullName>Rep. Mulvaney, Mick [R-SC-5]</fullName>
        <firstName>Mick</firstName>
        <lastName>Mulvaney</lastName>
        <identifiers>
          <gpoId>8145</gpoId>
          <lisID>2059</lisID>
          <bioguideId>M001182</bioguideId>
        </identifiers>
        <state>SC</state>
        <sponsorshipWithdrawnDate />
        <bioguideId>M001182</bioguideId>
        <district>5</district>
        <isOriginalCosponsor>True</isOriginalCosponsor>
        <middleName />
        <party>R</party>
        <sponsorshipDate>2015-01-20</sponsorshipDate>
      </item>
      <item>
        <fullName>Rep. Duncan, Jeff [R-SC-3]</fullName>
        <firstName>Jeff</firstName>
        <lastName>Duncan</lastName>
        <identifiers>
          <lisID>2057</lisID>
          <bioguideId>D000615</bioguideId>
          <gpoId>8143</gpoId>
        </identifiers>
        <state>SC</state>
        <sponsorshipWithdrawnDate />
        <bioguideId>D000615</bioguideId>
        <district>3</district>
        <isOriginalCosponsor>False</isOriginalCosponsor>
        <middleName />
        <party>R</party>
        <sponsorshipDate>2015-01-28</sponsorshipDate>
      </item>
      <item>
        <fullName>Rep. Roe, David P. [R-TN-1]</fullName>
        <firstName>David</firstName>
        <lastName>Roe</lastName>
        <identifiers>
          <bioguideId>R000582</bioguideId>
          <gpoId>8148</gpoId>
          <lisID>1954</lisID>
        </identifiers>
        <state>TN</state>
        <sponsorshipWithdrawnDate />
        <bioguideId>R000582</bioguideId>
        <district>1</district>
        <isOriginalCosponsor>False</isOriginalCosponsor>
        <middleName>P.</middleName>
        <party>R</party>
        <sponsorshipDate>2015-01-28</sponsorshipDate>
      </item>
      <item>
        <fullName>Rep. King, Steve [R-IA-4]</fullName>
        <firstName>Steve</firstName>
        <lastName>King</lastName>
        <identifiers>
          <gpoId>7918</gpoId>
          <lisID>1724</lisID>
          <bioguideId>K000362</bioguideId>
        </identifiers>
        <state>IA</state>
        <sponsorshipWithdrawnDate />
        <bioguideId>K000362</bioguideId>
        <district>4</district>
        <isOriginalCosponsor>False</isOriginalCosponsor>
        <middleName />
        <party>R</party>
        <sponsorshipDate>2015-01-28</sponsorshipDate>
      </item>
      <item>
        <fullName>Rep. Buck, Ken [R-CO-4]</fullName>
        <firstName>Ken</firstName>
        <lastName>Buck</lastName>
        <identifiers>
          <bioguideId>B001297</bioguideId>
          <lisID>2233</lisID>
          <gpoId />
        </identifiers>
        <state>CO</state>
        <sponsorshipWithdrawnDate />
        <bioguideId>B001297</bioguideId>
        <district>4</district>
        <isOriginalCosponsor>False</isOriginalCosponsor>
        <middleName />
        <party>R</party>
        <sponsorshipDate>2015-02-02</sponsorshipDate>
      </item>
      <item>
        <fullName>Rep. Zinke, Ryan K. [R-MT-At Large]</fullName>
        <firstName>Ryan</firstName>
        <lastName>Zinke</lastName>
        <identifiers>
          <lisID>2254</lisID>
          <bioguideId>Z000018</bioguideId>
          <gpoId />
        </identifiers>
        <state>MT</state>
        <sponsorshipWithdrawnDate />
        <bioguideId>Z000018</bioguideId>
        <district>0</district>
        <isOriginalCosponsor>False</isOriginalCosponsor>
        <middleName>K.</middleName>
        <party>R</party>
        <sponsorshipDate>2015-02-10</sponsorshipDate>
      </item>
      <item>
        <fullName>Rep. Rokita, Todd [R-IN-4]</fullName>
        <firstName>Todd</firstName>
        <lastName>Rokita</lastName>
        <identifiers>
          <gpoId>7943</gpoId>
          <lisID>2017</lisID>
          <bioguideId>R000592</bioguideId>
        </identifiers>
        <state>IN</state>
        <sponsorshipWithdrawnDate />
        <bioguideId>R000592</bioguideId>
        <district>4</district>
        <isOriginalCosponsor>False</isOriginalCosponsor>
        <middleName />
        <party>R</party>
        <sponsorshipDate>2015-02-10</sponsorshipDate>
      </item>
      <item>
        <fullName>Rep. Westerman, Bruce [R-AR-4]</fullName>
        <firstName>Bruce</firstName>
        <lastName>Westerman</lastName>
        <identifiers>
          <gpoId />
          <lisID>2224</lisID>
          <bioguideId>W000821</bioguideId>
        </identifiers>
        <state>AR</state>
        <sponsorshipWithdrawnDate />
        <bioguideId>W000821</bioguideId>
        <district>4</district>
        <isOriginalCosponsor>False</isOriginalCosponsor>
        <middleName />
        <party>R</party>
        <sponsorshipDate>2015-02-10</sponsorshipDate>
      </item>
    </cosponsors>
    <billType>HR</billType>
    <cboCostEstimates />
    <recordedVotes />
    <relatedBills />
    <actions>
      <actionTypeCounts>
        <billReferrals>1</billReferrals>
        <introducedInTheHouse>1</introducedInTheHouse>
        <introducedInHouse>1</introducedInHouse>
      </actionTypeCounts>
      <item>
        <actionDate>2015-01-20</actionDate>
        <sourceSystem>
          <code>2</code>
          <name>House floor actions</name>
        </sourceSystem>
        <text>Referred to the House Committee on Oversight and Government.</text>
        <type>IntroReferral</type>
        <links />
        <actionCode>H11100</actionCode>
        <committee>
          <name>Oversight and Government Reform Committee</name>
          <systemCode>hsgo00</systemCode>
        </committee>
      </item>
      <item>
        <actionDate>2015-01-20</actionDate>
        <sourceSystem>
          <code>9</code>
          <name>Library of Congress</name>
        </sourceSystem>
        <text>Introduced in House</text>
        <type>IntroReferral</type>
        <links />
        <actionCode>Intro-H</actionCode>
        <committee />
      </item>
      <item>
        <actionDate>2015-01-20</actionDate>
        <sourceSystem>
          <code>9</code>
          <name>Library of Congress</name>
        </sourceSystem>
        <text>Introduced in House</text>
        <type>IntroReferral</type>
        <links />
        <actionCode>1000</actionCode>
        <committee />
      </item>
      <actionByCounts>
        <houseOfRepresentatives>3</houseOfRepresentatives>
      </actionByCounts>
    </actions>
    <notes />
    <latestAction>
      <actionDate>2015-01-20</actionDate>
      <links />
      <text>Referred to the House Committee on Oversight and Government.</text>
    </latestAction>
    <introducedDate>2015-01-20</introducedDate>
    <sponsors>
      <item>
        <fullName>Rep. Lummis, Cynthia M. [R-WY-At Large]</fullName>
        <firstName>Cynthia</firstName>
        <byRequestType />
        <identifiers>
          <lisID>1960</lisID>
          <bioguideId>L000571</bioguideId>
          <gpoId>8225</gpoId>
        </identifiers>
        <middleName>M.</middleName>
        <bioguideId>L000571</bioguideId>
        <district>0</district>
        <party>R</party>
        <state>WY</state>
        <lastName>Lummis</lastName>
      </item>
    </sponsors>
    <constitutionalAuthorityStatementText><![CDATA[<pre>From the Congressional Record Online through the Government Publishing Office [<a href='http://www.gpo.gov'>www.gpo.gov</a>]By Mrs. LUMMIS:H.R. 417.Congress has the power to enact this legislation pursuantto the following:Article I, Section 8, Clause 18--``To make all Laws which shall be necessary and proper forcarrying into Execution the foregoing Powers, and all otherPowers vested by the Constitution in the Government of theUnited States, or in any Department or Officer thereof.''[Page H431]</pre>]]></constitutionalAuthorityStatementText>
    <calendarNumbers />
    <committeeReports />
    <amendments />
    <createDate>2015-01-21T04:46:23Z</createDate>
    <originChamber>House</originChamber>
    <titles>
      <item>
        <title>Federal Workforce Reduction Through Attrition Act</title>
        <chamberName />
        <chamberCode />
        <titleType>Short Titles as Introduced</titleType>
        <parentTitleType />
      </item>
      <item>
        <title>To reduce the total number of civil service employees in the executive branch of the Government through attrition, and for other purposes.</title>
        <chamberName />
        <chamberCode />
        <titleType>Official Title as Introduced</titleType>
        <parentTitleType />
      </item>
      <item>
        <title>Federal Workforce Reduction Through Attrition Act</title>
        <chamberName />
        <chamberCode />
        <titleType>Display Title</titleType>
        <parentTitleType />
      </item>
    </titles>
  </bill>
  <dublinCore xmlns:dc="http://purl.org/dc/elements/1.1/">
    <dc:format>text/xml</dc:format>
    <dc:language>EN</dc:language>
    <dc:rights>Pursuant to Title 17 Section 105 of the United States Code, this file is not subject to copyright protection and is in the public domain.</dc:rights>
    <dc:contributor>Congressional Research Service, Library of Congress</dc:contributor>
    <dc:description>This file contains bill summaries and statuses for federal legislation. A bill summary describes the most significant provisions of a piece of legislation and details the effects the legislative text may have on current law and federal programs. Bill summaries are authored by the Congressional Research Service (CRS) of the Library of Congress. As stated in Public Law 91-510 (2 USC 166 (d)(6)), one of the duties of CRS is "to prepare summaries and digests of bills and resolutions of a public general nature introduced in the Senate or House of Representatives". For more information, refer to the User Guide that accompanies this file.</dc:description>
  </dublinCore>
</billStatus>

