<?xml version="1.0" encoding="UTF-8"?>
<billStatus>
  <bill>
    <committees>
      <billCommittees>
        <item>
          <systemCode>hsed00</systemCode>
          <name>Education and the Workforce Committee</name>
          <activities>
            <item>
              <name>Referred to</name>
              <date>2015-01-27T17:00:30Z</date>
            </item>
          </activities>
          <type>Standing</type>
          <chamber>House</chamber>
          <subcommittees>
            <item>
              <systemCode>hsed13</systemCode>
              <name>Higher Education and Workforce Training Subcommittee</name>
              <activities>
                <item>
                  <name>Referred to</name>
                  <date>2015-04-29T14:10:31Z</date>
                </item>
              </activities>
            </item>
            <item>
              <systemCode>hsed14</systemCode>
              <name>Early Childhood, Elementary, and Secondary Education Subcommittee</name>
              <activities>
                <item>
                  <name>Referred to</name>
                  <date>2015-04-29T13:44:04Z</date>
                </item>
              </activities>
            </item>
          </subcommittees>
        </item>
      </billCommittees>
    </committees>
    <congress>114</congress>
    <billNumber>565</billNumber>
    <updateDate>2016-11-02T21:18:12Z</updateDate>
    <subjects>
      <billSubjects>
        <policyArea>
          <name>Education</name>
        </policyArea>
        <legislativeSubjects>
          <item>
            <name>Academic performance and assessments</name>
          </item>
          <item>
            <name>Department of Education</name>
          </item>
          <item>
            <name>Education programs funding</name>
          </item>
          <item>
            <name>Educational technology and distance education</name>
          </item>
          <item>
            <name>Elementary and secondary education</name>
          </item>
          <item>
            <name>Employment and training programs</name>
          </item>
          <item>
            <name>Executive agency funding and structure</name>
          </item>
          <item>
            <name>Higher education</name>
          </item>
          <item>
            <name>Performance measurement</name>
          </item>
          <item>
            <name>Research and development</name>
          </item>
          <item>
            <name>Rural conditions and development</name>
          </item>
          <item>
            <name>Science and engineering education</name>
          </item>
          <item>
            <name>Teaching, teachers, curricula</name>
          </item>
          <item>
            <name>Vocational and technical education</name>
          </item>
        </legislativeSubjects>
      </billSubjects>
    </subjects>
    <policyArea>
      <name>Education</name>
    </policyArea>
    <summaries>
      <billSummaries>
        <item>
          <updateDate>2015-01-27T05:00:00Z</updateDate>
          <versionCode>00</versionCode>
          <text><![CDATA[<p><strong>Stepping Up to STEM Education Act</strong></p> <p>Amends the Department of Education Organization Act to establish an Advanced Research Projects Agency for Education within the Department of Education to pursue breakthrough research and development in educational technology and to facilitate the effective use of that technology to improve student achievement.</p> <p>Directs the Secretary of Education to award matching grants to state-based science, technology, engineering, mathematics, and computer science (STEM) networks or similar organizations of STEM stakeholders to increase students' achievement in the STEM disciplines in elementary and secondary schools and in out of school and afterschool programs.</p> <p>Includes among grant uses:</p> <ul> <li>testing, sharing, and scaling up STEM education research, promising practices, and exemplary programs;</li> <li>identifying state STEM education weaknesses and prioritizing strategies to address them;</li> <li>implementing rigorous career and college ready standards in STEM education;</li> <li>developing and implementing innovative STEM assessments that measure student progress toward those career and college ready standards;</li> <li>promoting and developing pre- and in-service STEM teacher training;</li> <li>developing STEM career pathways and workforce education and training programs that reflect 21st century workforce needs;</li> <li>facilitating the implementation of expanded STEM learning opportunities on school sites; and</li> <li>promoting, supporting, and designing programs that develop STEM content coaches and master educators in order to strengthen core competencies of the classroom practitioner. </li> </ul> <p>Requires grantees to conduct periodic independent evaluations of their effectiveness in accomplishing those activities.</p> <p>Prohibits the Secretary from: (1) endorsing or approving any STEM curriculum designed for use in an elementary school, secondary school, or institution of higher education; or (2) requiring a state, local educational agency, or school to adopt a specific STEM program or instructional materials.</p>]]></text>
          <lastSummaryUpdateDate>2015-02-18T15:08:15Z</lastSummaryUpdateDate>
          <actionDate>2015-01-27</actionDate>
          <actionDesc>Introduced in House</actionDesc>
          <name>Introduced in House</name>
        </item>
      </billSummaries>
    </summaries>
    <title>Stepping Up to STEM Education Act</title>
    <laws />
    <cosponsors>
      <item>
        <fullName>Rep. Chu, Judy [D-CA-27]</fullName>
        <lastName>Chu</lastName>
        <state>CA</state>
        <identifiers>
          <gpoId>7837</gpoId>
          <lisID>1970</lisID>
          <bioguideId>C001080</bioguideId>
        </identifiers>
        <bioguideId>C001080</bioguideId>
        <sponsorshipDate>2015-01-27</sponsorshipDate>
        <middleName />
        <isOriginalCosponsor>True</isOriginalCosponsor>
        <party>D</party>
        <firstName>Judy</firstName>
        <district>27</district>
        <sponsorshipWithdrawnDate />
      </item>
      <item>
        <fullName>Rep. Cicilline, David N. [D-RI-1]</fullName>
        <lastName>Cicilline</lastName>
        <state>RI</state>
        <identifiers>
          <bioguideId>C001084</bioguideId>
          <lisID>2055</lisID>
          <gpoId>8139</gpoId>
        </identifiers>
        <bioguideId>C001084</bioguideId>
        <sponsorshipDate>2015-01-27</sponsorshipDate>
        <middleName>N.</middleName>
        <isOriginalCosponsor>True</isOriginalCosponsor>
        <party>D</party>
        <firstName>David</firstName>
        <district>1</district>
        <sponsorshipWithdrawnDate />
      </item>
      <item>
        <fullName>Rep. Lee, Barbara [D-CA-13]</fullName>
        <lastName>LEE</lastName>
        <state>CA</state>
        <identifiers>
          <lisID>1501</lisID>
          <bioguideId>L000551</bioguideId>
          <gpoId>7814</gpoId>
        </identifiers>
        <bioguideId>L000551</bioguideId>
        <sponsorshipDate>2015-01-27</sponsorshipDate>
        <middleName />
        <isOriginalCosponsor>True</isOriginalCosponsor>
        <party>D</party>
        <firstName>BARBARA</firstName>
        <district>13</district>
        <sponsorshipWithdrawnDate />
      </item>
      <item>
        <fullName>Rep. Lowenthal, Alan S. [D-CA-47]</fullName>
        <lastName>Lowenthal</lastName>
        <state>CA</state>
        <identifiers>
          <lisID>2111</lisID>
          <bioguideId>L000579</bioguideId>
          <gpoId />
        </identifiers>
        <bioguideId>L000579</bioguideId>
        <sponsorshipDate>2015-01-27</sponsorshipDate>
        <middleName>S.</middleName>
        <isOriginalCosponsor>True</isOriginalCosponsor>
        <party>D</party>
        <firstName>Alan</firstName>
        <district>47</district>
        <sponsorshipWithdrawnDate />
      </item>
      <item>
        <fullName>Rep. Meeks, Gregory W. [D-NY-5]</fullName>
        <lastName>MEEKS</lastName>
        <state>NY</state>
        <identifiers>
          <bioguideId>M001137</bioguideId>
          <gpoId>8067</gpoId>
          <lisID>1506</lisID>
        </identifiers>
        <bioguideId>M001137</bioguideId>
        <sponsorshipDate>2015-01-27</sponsorshipDate>
        <middleName>W.</middleName>
        <isOriginalCosponsor>True</isOriginalCosponsor>
        <party>D</party>
        <firstName>GREGORY</firstName>
        <district>5</district>
        <sponsorshipWithdrawnDate />
      </item>
      <item>
        <fullName>Rep. Pocan, Mark [D-WI-2]</fullName>
        <lastName>Pocan</lastName>
        <state>WI</state>
        <identifiers>
          <bioguideId>P000607</bioguideId>
          <gpoId />
          <lisID>2171</lisID>
        </identifiers>
        <bioguideId>P000607</bioguideId>
        <sponsorshipDate>2015-01-27</sponsorshipDate>
        <middleName />
        <isOriginalCosponsor>True</isOriginalCosponsor>
        <party>D</party>
        <firstName>Mark</firstName>
        <district>2</district>
        <sponsorshipWithdrawnDate />
      </item>
      <item>
        <fullName>Rep. Roybal-Allard, Lucille [D-CA-40]</fullName>
        <lastName>ROYBAL-ALLARD</lastName>
        <state>CA</state>
        <identifiers>
          <gpoId>7839</gpoId>
          <lisID>997</lisID>
          <bioguideId>R000486</bioguideId>
        </identifiers>
        <bioguideId>R000486</bioguideId>
        <sponsorshipDate>2015-01-27</sponsorshipDate>
        <middleName />
        <isOriginalCosponsor>True</isOriginalCosponsor>
        <party>D</party>
        <firstName>LUCILLE</firstName>
        <district>40</district>
        <sponsorshipWithdrawnDate />
      </item>
      <item>
        <fullName>Rep. Ryan, Tim [D-OH-13]</fullName>
        <lastName>RYAN</lastName>
        <state>OH</state>
        <identifiers>
          <gpoId>8107</gpoId>
          <lisID>1756</lisID>
          <bioguideId>R000577</bioguideId>
        </identifiers>
        <bioguideId>R000577</bioguideId>
        <sponsorshipDate>2015-01-27</sponsorshipDate>
        <middleName />
        <isOriginalCosponsor>True</isOriginalCosponsor>
        <party>D</party>
        <firstName>TIM</firstName>
        <district>13</district>
        <sponsorshipWithdrawnDate />
      </item>
      <item>
        <fullName>Rep. Sablan, Gregorio Kilili Camacho [D-MP-At Large]</fullName>
        <lastName>Sablan</lastName>
        <state>MP</state>
        <identifiers>
          <bioguideId>S001177</bioguideId>
          <gpoId>8018</gpoId>
          <lisID>1962</lisID>
        </identifiers>
        <bioguideId>S001177</bioguideId>
        <sponsorshipDate>2015-01-27</sponsorshipDate>
        <middleName>Kilili Camacho</middleName>
        <isOriginalCosponsor>True</isOriginalCosponsor>
        <party>D</party>
        <firstName>Gregorio</firstName>
        <district>0</district>
        <sponsorshipWithdrawnDate />
      </item>
      <item>
        <fullName>Rep. Speier, Jackie [D-CA-14]</fullName>
        <lastName>Speier</lastName>
        <state>CA</state>
        <identifiers>
          <bioguideId>S001175</bioguideId>
          <lisID>1890</lisID>
          <gpoId>7817</gpoId>
        </identifiers>
        <bioguideId>S001175</bioguideId>
        <sponsorshipDate>2015-01-27</sponsorshipDate>
        <middleName />
        <isOriginalCosponsor>True</isOriginalCosponsor>
        <party>D</party>
        <firstName>Jackie</firstName>
        <district>14</district>
        <sponsorshipWithdrawnDate />
      </item>
      <item>
        <fullName>Rep. Takano, Mark [D-CA-41]</fullName>
        <lastName>Takano</lastName>
        <state>CA</state>
        <identifiers>
          <lisID>2110</lisID>
          <bioguideId>T000472</bioguideId>
          <gpoId />
        </identifiers>
        <bioguideId>T000472</bioguideId>
        <sponsorshipDate>2015-01-27</sponsorshipDate>
        <middleName />
        <isOriginalCosponsor>True</isOriginalCosponsor>
        <party>D</party>
        <firstName>Mark</firstName>
        <district>41</district>
        <sponsorshipWithdrawnDate />
      </item>
      <item>
        <fullName>Rep. Butterfield, G. K. [D-NC-1]</fullName>
        <lastName>Butterfield</lastName>
        <state>NC</state>
        <identifiers>
          <lisID>1761</lisID>
          <gpoId>8024</gpoId>
          <bioguideId>B001251</bioguideId>
        </identifiers>
        <bioguideId>B001251</bioguideId>
        <sponsorshipDate>2015-02-04</sponsorshipDate>
        <middleName />
        <isOriginalCosponsor>False</isOriginalCosponsor>
        <party>D</party>
        <firstName>G. K.</firstName>
        <district>1</district>
        <sponsorshipWithdrawnDate />
      </item>
      <item>
        <fullName>Rep. Norton, Eleanor Holmes [D-DC-At Large]</fullName>
        <lastName>NORTON</lastName>
        <state>DC</state>
        <identifiers>
          <gpoId>7871</gpoId>
          <lisID>868</lisID>
          <bioguideId>N000147</bioguideId>
        </identifiers>
        <bioguideId>N000147</bioguideId>
        <sponsorshipDate>2015-02-04</sponsorshipDate>
        <middleName>HOLMES</middleName>
        <isOriginalCosponsor>False</isOriginalCosponsor>
        <party>D</party>
        <firstName>ELEANOR</firstName>
        <district>0</district>
        <sponsorshipWithdrawnDate />
      </item>
      <item>
        <fullName>Rep. Ellison, Keith [D-MN-5]</fullName>
        <lastName>Ellison</lastName>
        <state>MN</state>
        <identifiers>
          <lisID>1857</lisID>
          <gpoId>8005</gpoId>
          <bioguideId>E000288</bioguideId>
        </identifiers>
        <bioguideId>E000288</bioguideId>
        <sponsorshipDate>2015-02-04</sponsorshipDate>
        <middleName />
        <isOriginalCosponsor>False</isOriginalCosponsor>
        <party>D</party>
        <firstName>Keith</firstName>
        <district>5</district>
        <sponsorshipWithdrawnDate />
      </item>
      <item>
        <fullName>Rep. Swalwell, Eric [D-CA-15]</fullName>
        <lastName>Swalwell</lastName>
        <state>CA</state>
        <identifiers>
          <gpoId />
          <lisID>2104</lisID>
          <bioguideId>S001193</bioguideId>
        </identifiers>
        <bioguideId>S001193</bioguideId>
        <sponsorshipDate>2015-02-24</sponsorshipDate>
        <middleName />
        <isOriginalCosponsor>False</isOriginalCosponsor>
        <party>D</party>
        <firstName>Eric</firstName>
        <district>15</district>
        <sponsorshipWithdrawnDate />
      </item>
      <item>
        <fullName>Rep. Pascrell, Bill, Jr. [D-NJ-9]</fullName>
        <lastName>PASCRELL</lastName>
        <state>NJ</state>
        <identifiers>
          <lisID>1510</lisID>
          <bioguideId>P000096</bioguideId>
          <gpoId>8050</gpoId>
        </identifiers>
        <bioguideId>P000096</bioguideId>
        <sponsorshipDate>2015-04-14</sponsorshipDate>
        <middleName>J.</middleName>
        <isOriginalCosponsor>False</isOriginalCosponsor>
        <party>D</party>
        <firstName>WILLIAM</firstName>
        <district>9</district>
        <sponsorshipWithdrawnDate />
      </item>
      <item>
        <fullName>Rep. Larsen, Rick [D-WA-2]</fullName>
        <lastName>LARSEN</lastName>
        <state>WA</state>
        <identifiers>
          <lisID>1675</lisID>
          <bioguideId>L000560</bioguideId>
          <gpoId>8206</gpoId>
        </identifiers>
        <bioguideId>L000560</bioguideId>
        <sponsorshipDate>2015-05-12</sponsorshipDate>
        <middleName />
        <isOriginalCosponsor>False</isOriginalCosponsor>
        <party>D</party>
        <firstName>RICK</firstName>
        <district>2</district>
        <sponsorshipWithdrawnDate />
      </item>
      <item>
        <fullName>Rep. Connolly, Gerald E. [D-VA-11]</fullName>
        <lastName>Connolly</lastName>
        <state>VA</state>
        <identifiers>
          <bioguideId>C001078</bioguideId>
          <gpoId>8202</gpoId>
          <lisID>1959</lisID>
        </identifiers>
        <bioguideId>C001078</bioguideId>
        <sponsorshipDate>2015-11-30</sponsorshipDate>
        <middleName>E.</middleName>
        <isOriginalCosponsor>False</isOriginalCosponsor>
        <party>D</party>
        <firstName>Gerald</firstName>
        <district>11</district>
        <sponsorshipWithdrawnDate />
      </item>
      <item>
        <fullName>Rep. Foster, Bill [D-IL-11]</fullName>
        <lastName>Foster</lastName>
        <state>IL</state>
        <identifiers>
          <bioguideId>F000454</bioguideId>
          <lisID>1888</lisID>
          <gpoId>7355</gpoId>
        </identifiers>
        <bioguideId>F000454</bioguideId>
        <sponsorshipDate>2015-12-08</sponsorshipDate>
        <middleName />
        <isOriginalCosponsor>False</isOriginalCosponsor>
        <party>D</party>
        <firstName>Bill</firstName>
        <district>11</district>
        <sponsorshipWithdrawnDate />
      </item>
      <item>
        <fullName>Rep. Langevin, James R. [D-RI-2]</fullName>
        <lastName>LANGEVIN</lastName>
        <state>RI</state>
        <identifiers>
          <gpoId>8140</gpoId>
          <lisID>1668</lisID>
          <bioguideId>L000559</bioguideId>
        </identifiers>
        <bioguideId>L000559</bioguideId>
        <sponsorshipDate>2016-09-12</sponsorshipDate>
        <middleName>R.</middleName>
        <isOriginalCosponsor>False</isOriginalCosponsor>
        <party>D</party>
        <firstName>JAMES</firstName>
        <district>2</district>
        <sponsorshipWithdrawnDate />
      </item>
    </cosponsors>
    <billType>HR</billType>
    <cboCostEstimates />
    <recordedVotes />
    <relatedBills />
    <actions>
      <actionTypeCounts>
        <introducedInHouse>1</introducedInHouse>
        <placeholderTextForH>2</placeholderTextForH>
        <billReferrals>1</billReferrals>
        <introducedInTheHouse>1</introducedInTheHouse>
      </actionTypeCounts>
      <actionByCounts>
        <houseOfRepresentatives>5</houseOfRepresentatives>
      </actionByCounts>
      <item>
        <actionDate>2015-04-29</actionDate>
        <committee>
          <systemCode>hsed13</systemCode>
          <name>Higher Education and Workforce Training Subcommittee</name>
        </committee>
        <links />
        <sourceSystem>
          <name>House committee actions</name>
          <code>1</code>
        </sourceSystem>
        <text>Referred to the Subcommittee on Higher Education and Workforce Training.</text>
        <type>Committee</type>
      </item>
      <item>
        <actionDate>2015-04-29</actionDate>
        <committee>
          <systemCode>hsed14</systemCode>
          <name>Early Childhood, Elementary, and Secondary Education Subcommittee</name>
        </committee>
        <links />
        <sourceSystem>
          <name>House committee actions</name>
          <code>1</code>
        </sourceSystem>
        <text>Referred to the Subcommittee on Early Childhood, Elementary, and Secondary Education.</text>
        <type>Committee</type>
      </item>
      <item>
        <actionCode>H11100</actionCode>
        <actionDate>2015-01-27</actionDate>
        <text>Referred to the House Committee on Education and the Workforce.</text>
        <committee>
          <systemCode>hsed00</systemCode>
          <name>Education and the Workforce Committee</name>
        </committee>
        <type>IntroReferral</type>
        <links />
        <sourceSystem>
          <name>House floor actions</name>
          <code>2</code>
        </sourceSystem>
      </item>
      <item>
        <actionCode>Intro-H</actionCode>
        <actionDate>2015-01-27</actionDate>
        <text>Introduced in House</text>
        <committee />
        <type>IntroReferral</type>
        <links />
        <sourceSystem>
          <name>Library of Congress</name>
          <code>9</code>
        </sourceSystem>
      </item>
      <item>
        <actionCode>1000</actionCode>
        <actionDate>2015-01-27</actionDate>
        <text>Introduced in House</text>
        <committee />
        <type>IntroReferral</type>
        <links />
        <sourceSystem>
          <name>Library of Congress</name>
          <code>9</code>
        </sourceSystem>
      </item>
    </actions>
    <notes />
    <latestAction>
      <actionDate>2015-04-29</actionDate>
      <links />
      <text>Referred to the Subcommittee on Higher Education and Workforce Training.</text>
    </latestAction>
    <introducedDate>2015-01-27</introducedDate>
    <sponsors>
      <item>
        <fullName>Rep. Honda, Michael M. [D-CA-17]</fullName>
        <firstName>MICHAEL</firstName>
        <byRequestType />
        <identifiers>
          <bioguideId>H001034</bioguideId>
          <gpoId>7820</gpoId>
          <lisID>1634</lisID>
        </identifiers>
        <middleName>M.</middleName>
        <bioguideId>H001034</bioguideId>
        <district>17</district>
        <party>D</party>
        <state>CA</state>
        <lastName>HONDA</lastName>
      </item>
    </sponsors>
    <constitutionalAuthorityStatementText><![CDATA[<pre>From the Congressional Record Online through the Government Publishing Office [<a href='http://www.gpo.gov'>www.gpo.gov</a>]By Mr. HONDA:H.R. 565.Congress has the power to enact this legislation pursuantto the following:section 8 of article I of the Constitution[Page H640]</pre>]]></constitutionalAuthorityStatementText>
    <calendarNumbers />
    <committeeReports />
    <amendments />
    <createDate>2015-01-28T04:46:19Z</createDate>
    <originChamber>House</originChamber>
    <titles>
      <item>
        <parentTitleType />
        <titleType>Short Titles as Introduced</titleType>
        <title>Stepping Up to STEM Education Act</title>
        <chamberCode />
        <chamberName />
      </item>
      <item>
        <parentTitleType />
        <titleType>Official Title as Introduced</titleType>
        <title>To stimulate collaboration with respect to, and provide for coordination and coherence of, the Nation's science, technology, engineering, and mathematics education initiatives, and for other purposes.</title>
        <chamberCode />
        <chamberName />
      </item>
      <item>
        <parentTitleType />
        <titleType>Display Title</titleType>
        <title>Stepping Up to STEM Education Act</title>
        <chamberCode />
        <chamberName />
      </item>
    </titles>
  </bill>
  <dublinCore xmlns:dc="http://purl.org/dc/elements/1.1/">
    <dc:format>text/xml</dc:format>
    <dc:language>EN</dc:language>
    <dc:rights>Pursuant to Title 17 Section 105 of the United States Code, this file is not subject to copyright protection and is in the public domain.</dc:rights>
    <dc:contributor>Congressional Research Service, Library of Congress</dc:contributor>
    <dc:description>This file contains bill summaries and statuses for federal legislation. A bill summary describes the most significant provisions of a piece of legislation and details the effects the legislative text may have on current law and federal programs. Bill summaries are authored by the Congressional Research Service (CRS) of the Library of Congress. As stated in Public Law 91-510 (2 USC 166 (d)(6)), one of the duties of CRS is "to prepare summaries and digests of bills and resolutions of a public general nature introduced in the Senate or House of Representatives". For more information, refer to the User Guide that accompanies this file.</dc:description>
  </dublinCore>
</billStatus>

