<?xml version="1.0" encoding="UTF-8"?>
<billStatus>
  <bill>
    <billType>HR</billType>
    <laws />
    <recordedVotes />
    <actions>
      <actionTypeCounts>
        <introducedInHouse>1</introducedInHouse>
        <placeholderTextForH>1</placeholderTextForH>
        <billReferrals>1</billReferrals>
        <introducedInTheHouse>1</introducedInTheHouse>
      </actionTypeCounts>
      <actionByCounts>
        <houseOfRepresentatives>4</houseOfRepresentatives>
      </actionByCounts>
      <item>
        <actionDate>2015-03-16</actionDate>
        <committee>
          <systemCode>hsii10</systemCode>
          <name>Federal Lands Subcommittee</name>
        </committee>
        <links />
        <sourceSystem>
          <name>House committee actions</name>
          <code>1</code>
        </sourceSystem>
        <text>Referred to the Subcommittee on Federal Lands.</text>
        <type>Committee</type>
      </item>
      <item>
        <actionCode>H11100</actionCode>
        <actionDate>2015-02-05</actionDate>
        <text>Referred to the House Committee on Natural Resources.</text>
        <committee>
          <systemCode>hsii00</systemCode>
          <name>Natural Resources Committee</name>
        </committee>
        <type>IntroReferral</type>
        <links />
        <sourceSystem>
          <name>House floor actions</name>
          <code>2</code>
        </sourceSystem>
      </item>
      <item>
        <actionCode>Intro-H</actionCode>
        <actionDate>2015-02-05</actionDate>
        <text>Introduced in House</text>
        <committee />
        <type>IntroReferral</type>
        <links />
        <sourceSystem>
          <name>Library of Congress</name>
          <code>9</code>
        </sourceSystem>
      </item>
      <item>
        <actionCode>1000</actionCode>
        <actionDate>2015-02-05</actionDate>
        <text>Introduced in House</text>
        <committee />
        <type>IntroReferral</type>
        <links />
        <sourceSystem>
          <name>Library of Congress</name>
          <code>9</code>
        </sourceSystem>
      </item>
    </actions>
    <billNumber>807</billNumber>
    <policyArea>
      <name>Public Lands and Natural Resources</name>
    </policyArea>
    <notes />
    <latestAction>
      <actionDate>2015-03-16</actionDate>
      <links />
      <text>Referred to the Subcommittee on Federal Lands.</text>
    </latestAction>
    <relatedBills />
    <committees>
      <billCommittees>
        <item>
          <subcommittees>
            <item>
              <name>Federal Lands Subcommittee</name>
              <activities>
                <item>
                  <name>Referred to</name>
                  <date>2015-03-16T20:40:12Z</date>
                </item>
              </activities>
              <systemCode>hsii10</systemCode>
            </item>
          </subcommittees>
          <chamber>House</chamber>
          <type>Standing</type>
          <name>Natural Resources Committee</name>
          <systemCode>hsii00</systemCode>
          <activities>
            <item>
              <name>Referred to</name>
              <date>2015-02-05T14:07:05Z</date>
            </item>
          </activities>
        </item>
      </billCommittees>
    </committees>
    <cosponsors />
    <createDate>2015-02-06T04:59:53Z</createDate>
    <sponsors>
      <item>
        <fullName>Rep. Titus, Dina [D-NV-1]</fullName>
        <firstName>Dina</firstName>
        <lastName>Titus</lastName>
        <state>NV</state>
        <party>D</party>
        <district>1</district>
        <bioguideId>T000468</bioguideId>
        <identifiers>
          <bioguideId>T000468</bioguideId>
          <lisID>1940</lisID>
          <gpoId>7493</gpoId>
        </identifiers>
        <middleName />
        <byRequestType />
      </item>
    </sponsors>
    <committeeReports />
    <updateDate>2016-11-02T21:25:18Z</updateDate>
    <introducedDate>2015-02-05</introducedDate>
    <summaries>
      <billSummaries>
        <item>
          <actionDate>2015-02-05</actionDate>
          <updateDate>2015-02-05T05:00:00Z</updateDate>
          <name>Introduced in House</name>
          <lastSummaryUpdateDate>2015-03-06T22:51:53Z</lastSummaryUpdateDate>
          <versionCode>00</versionCode>
          <actionDesc>Introduced in House</actionDesc>
          <text><![CDATA[<p>Designates the peak of Frenchman Mountain in Nevada as the &quot;Maude Frazier Mountain.&quot; </p>]]></text>
        </item>
      </billSummaries>
    </summaries>
    <title>To designate a peak in the State of Nevada as Maude Frazier Mountain.</title>
    <cboCostEstimates />
    <subjects>
      <billSubjects>
        <policyArea>
          <name>Public Lands and Natural Resources</name>
        </policyArea>
        <legislativeSubjects>
          <item>
            <name>Congressional tributes</name>
          </item>
          <item>
            <name>Nevada</name>
          </item>
          <item>
            <name>Wilderness and natural areas, wildlife refuges, wild rivers, habitats</name>
          </item>
        </legislativeSubjects>
      </billSubjects>
    </subjects>
    <amendments />
    <calendarNumbers />
    <congress>114</congress>
    <constitutionalAuthorityStatementText><![CDATA[<pre>From the Congressional Record Online through the Government Publishing Office [<a href='http://www.gpo.gov'>www.gpo.gov</a>]By Ms. TITUS:H.R. 807.Congress has the power to enact this legislation pursuantto the following:The Congress enacts this bill pursuant to Clause 18 ofSection 8 of Article I of the United States Constitution.[Page H858]</pre>]]></constitutionalAuthorityStatementText>
    <titles>
      <item>
        <chamberCode />
        <chamberName />
        <title>To designate a peak in the State of Nevada as Maude Frazier Mountain.</title>
        <parentTitleType />
        <titleType>Official Title as Introduced</titleType>
      </item>
      <item>
        <chamberCode />
        <chamberName />
        <title>To designate a peak in the State of Nevada as Maude Frazier Mountain.</title>
        <parentTitleType />
        <titleType>Display Title</titleType>
      </item>
    </titles>
    <originChamber>House</originChamber>
  </bill>
  <dublinCore xmlns:dc="http://purl.org/dc/elements/1.1/">
    <dc:format>text/xml</dc:format>
    <dc:language>EN</dc:language>
    <dc:rights>Pursuant to Title 17 Section 105 of the United States Code, this file is not subject to copyright protection and is in the public domain.</dc:rights>
    <dc:contributor>Congressional Research Service, Library of Congress</dc:contributor>
    <dc:description>This file contains bill summaries and statuses for federal legislation. A bill summary describes the most significant provisions of a piece of legislation and details the effects the legislative text may have on current law and federal programs. Bill summaries are authored by the Congressional Research Service (CRS) of the Library of Congress. As stated in Public Law 91-510 (2 USC 166 (d)(6)), one of the duties of CRS is "to prepare summaries and digests of bills and resolutions of a public general nature introduced in the Senate or House of Representatives". For more information, refer to the User Guide that accompanies this file.</dc:description>
  </dublinCore>
</billStatus>

