<?xml version="1.0" encoding="UTF-8"?>
<billStatus>
  <bill>
    <billType>HR</billType>
    <laws />
    <recordedVotes />
    <actions>
      <actionTypeCounts>
        <introducedInHouse>1</introducedInHouse>
        <billReferrals>1</billReferrals>
        <introducedInTheHouse>1</introducedInTheHouse>
      </actionTypeCounts>
      <actionByCounts>
        <houseOfRepresentatives>3</houseOfRepresentatives>
      </actionByCounts>
      <item>
        <actionCode>H11100</actionCode>
        <actionDate>2015-02-27</actionDate>
        <text>Referred to the House Committee on Ways and Means.</text>
        <committee>
          <systemCode>hswm00</systemCode>
          <name>Ways and Means Committee</name>
        </committee>
        <type>IntroReferral</type>
        <links />
        <sourceSystem>
          <name>House floor actions</name>
          <code>2</code>
        </sourceSystem>
      </item>
      <item>
        <actionCode>Intro-H</actionCode>
        <actionDate>2015-02-27</actionDate>
        <text>Introduced in House</text>
        <committee />
        <type>IntroReferral</type>
        <links />
        <sourceSystem>
          <name>Library of Congress</name>
          <code>9</code>
        </sourceSystem>
      </item>
      <item>
        <actionCode>1000</actionCode>
        <actionDate>2015-02-27</actionDate>
        <text>Introduced in House</text>
        <committee />
        <type>IntroReferral</type>
        <links />
        <sourceSystem>
          <name>Library of Congress</name>
          <code>9</code>
        </sourceSystem>
      </item>
    </actions>
    <billNumber>1172</billNumber>
    <policyArea>
      <name>Taxation</name>
    </policyArea>
    <notes />
    <latestAction>
      <actionDate>2015-02-27</actionDate>
      <links />
      <text>Referred to the House Committee on Ways and Means.</text>
    </latestAction>
    <relatedBills>
      <item>
        <latestTitle>Distillery Excise Tax Reform Act of 2015</latestTitle>
        <latestAction>
          <text>Read twice and referred to the Committee on Finance.</text>
          <actionDate>2015-05-21</actionDate>
        </latestAction>
        <number>1444</number>
        <relationshipDetails>
          <item>
            <identifiedBy>CRS</identifiedBy>
            <type>Related bill</type>
          </item>
        </relationshipDetails>
        <type>S</type>
        <congress>114</congress>
      </item>
    </relatedBills>
    <committees>
      <billCommittees>
        <item>
          <systemCode>hswm00</systemCode>
          <name>Ways and Means Committee</name>
          <activities>
            <item>
              <name>Referred to</name>
              <date>2015-02-27T14:05:40Z</date>
            </item>
          </activities>
          <type>Standing</type>
          <chamber>House</chamber>
          <subcommittees />
        </item>
      </billCommittees>
    </committees>
    <cosponsors>
      <item>
        <firstName>Steve</firstName>
        <sponsorshipWithdrawnDate />
        <identifiers>
          <bioguideId>S001187</bioguideId>
          <lisID>2047</lisID>
          <gpoId>8105</gpoId>
        </identifiers>
        <party>R</party>
        <isOriginalCosponsor>True</isOriginalCosponsor>
        <fullName>Rep. Stivers, Steve [R-OH-15]</fullName>
        <middleName />
        <sponsorshipDate>2015-02-27</sponsorshipDate>
        <bioguideId>S001187</bioguideId>
        <district>15</district>
        <state>OH</state>
        <lastName>Stivers</lastName>
      </item>
      <item>
        <firstName>Suzan</firstName>
        <sponsorshipWithdrawnDate />
        <identifiers>
          <gpoId>8374</gpoId>
          <lisID>2096</lisID>
          <bioguideId>D000617</bioguideId>
        </identifiers>
        <party>D</party>
        <isOriginalCosponsor>False</isOriginalCosponsor>
        <fullName>Rep. DelBene, Suzan K. [D-WA-1]</fullName>
        <middleName>K.</middleName>
        <sponsorshipDate>2015-03-04</sponsorshipDate>
        <bioguideId>D000617</bioguideId>
        <district>1</district>
        <state>WA</state>
        <lastName>DelBene</lastName>
      </item>
      <item>
        <firstName>ELEANOR</firstName>
        <sponsorshipWithdrawnDate />
        <identifiers>
          <lisID>868</lisID>
          <gpoId>7871</gpoId>
          <bioguideId>N000147</bioguideId>
        </identifiers>
        <party>D</party>
        <isOriginalCosponsor>False</isOriginalCosponsor>
        <fullName>Rep. Norton, Eleanor Holmes [D-DC-At Large]</fullName>
        <middleName>HOLMES</middleName>
        <sponsorshipDate>2015-03-04</sponsorshipDate>
        <bioguideId>N000147</bioguideId>
        <district>0</district>
        <state>DC</state>
        <lastName>NORTON</lastName>
      </item>
      <item>
        <firstName>STEVE</firstName>
        <sponsorshipWithdrawnDate />
        <identifiers>
          <lisID>186</lisID>
          <bioguideId>C000266</bioguideId>
          <gpoId>8091</gpoId>
        </identifiers>
        <party>R</party>
        <isOriginalCosponsor>False</isOriginalCosponsor>
        <fullName>Rep. Chabot, Steve [R-OH-1]</fullName>
        <middleName />
        <sponsorshipDate>2015-03-17</sponsorshipDate>
        <bioguideId>C000266</bioguideId>
        <district>1</district>
        <state>OH</state>
        <lastName>CHABOT</lastName>
      </item>
      <item>
        <firstName>RICHARD</firstName>
        <sponsorshipWithdrawnDate />
        <identifiers>
          <gpoId />
          <lisID>867</lisID>
          <bioguideId>N000127</bioguideId>
        </identifiers>
        <party>D</party>
        <isOriginalCosponsor>False</isOriginalCosponsor>
        <fullName>Rep. Nolan, Richard M. [D-MN-8]</fullName>
        <middleName />
        <sponsorshipDate>2015-03-23</sponsorshipDate>
        <bioguideId>N000127</bioguideId>
        <district>8</district>
        <state>MN</state>
        <lastName>NOLAN</lastName>
      </item>
      <item>
        <firstName>Derek</firstName>
        <sponsorshipWithdrawnDate />
        <identifiers>
          <bioguideId>K000381</bioguideId>
          <lisID>2169</lisID>
          <gpoId />
        </identifiers>
        <party>D</party>
        <isOriginalCosponsor>False</isOriginalCosponsor>
        <fullName>Rep. Kilmer, Derek [D-WA-6]</fullName>
        <middleName />
        <sponsorshipDate>2015-03-23</sponsorshipDate>
        <bioguideId>K000381</bioguideId>
        <district>6</district>
        <state>WA</state>
        <lastName>Kilmer</lastName>
      </item>
      <item>
        <firstName>Glenn</firstName>
        <sponsorshipWithdrawnDate />
        <identifiers>
          <lisID>1952</lisID>
          <bioguideId>T000467</bioguideId>
          <gpoId>8123</gpoId>
        </identifiers>
        <party>R</party>
        <isOriginalCosponsor>False</isOriginalCosponsor>
        <fullName>Rep. Thompson, Glenn [R-PA-5]</fullName>
        <middleName />
        <sponsorshipDate>2015-04-13</sponsorshipDate>
        <bioguideId>T000467</bioguideId>
        <district>5</district>
        <state>PA</state>
        <lastName>Thompson</lastName>
      </item>
      <item>
        <firstName>Frank</firstName>
        <sponsorshipWithdrawnDate />
        <identifiers>
          <lisID>2038</lisID>
          <gpoId>8041</gpoId>
          <bioguideId>G000570</bioguideId>
        </identifiers>
        <party>R</party>
        <isOriginalCosponsor>False</isOriginalCosponsor>
        <fullName>Rep. Guinta, Frank C. [R-NH-1]</fullName>
        <middleName>C.</middleName>
        <sponsorshipDate>2015-04-13</sponsorshipDate>
        <bioguideId>G000570</bioguideId>
        <district>1</district>
        <state>NH</state>
        <lastName>Guinta</lastName>
      </item>
      <item>
        <firstName>FRED</firstName>
        <sponsorshipWithdrawnDate />
        <identifiers>
          <gpoId>7991</gpoId>
          <lisID>1177</lisID>
          <bioguideId>U000031</bioguideId>
        </identifiers>
        <party>R</party>
        <isOriginalCosponsor>False</isOriginalCosponsor>
        <fullName>Rep. Upton, Fred [R-MI-6]</fullName>
        <middleName />
        <sponsorshipDate>2015-04-13</sponsorshipDate>
        <bioguideId>U000031</bioguideId>
        <district>6</district>
        <state>MI</state>
        <lastName>UPTON</lastName>
      </item>
      <item>
        <firstName>JAMES</firstName>
        <sponsorshipWithdrawnDate />
        <identifiers>
          <lisID>1668</lisID>
          <bioguideId>L000559</bioguideId>
          <gpoId>8140</gpoId>
        </identifiers>
        <party>D</party>
        <isOriginalCosponsor>False</isOriginalCosponsor>
        <fullName>Rep. Langevin, James R. [D-RI-2]</fullName>
        <middleName>R.</middleName>
        <sponsorshipDate>2016-04-12</sponsorshipDate>
        <bioguideId>L000559</bioguideId>
        <district>2</district>
        <state>RI</state>
        <lastName>LANGEVIN</lastName>
      </item>
      <item>
        <firstName>Jared</firstName>
        <sponsorshipWithdrawnDate />
        <identifiers>
          <lisID>2101</lisID>
          <bioguideId>H001068</bioguideId>
          <gpoId />
        </identifiers>
        <party>D</party>
        <isOriginalCosponsor>False</isOriginalCosponsor>
        <fullName>Rep. Huffman, Jared [D-CA-2]</fullName>
        <middleName />
        <sponsorshipDate>2016-06-22</sponsorshipDate>
        <bioguideId>H001068</bioguideId>
        <district>2</district>
        <state>CA</state>
        <lastName>Huffman</lastName>
      </item>
    </cosponsors>
    <createDate>2015-02-28T04:46:16Z</createDate>
    <sponsors>
      <item>
        <fullName>Rep. Larsen, Rick [D-WA-2]</fullName>
        <firstName>RICK</firstName>
        <lastName>LARSEN</lastName>
        <state>WA</state>
        <party>D</party>
        <district>2</district>
        <bioguideId>L000560</bioguideId>
        <identifiers>
          <lisID>1675</lisID>
          <gpoId>8206</gpoId>
          <bioguideId>L000560</bioguideId>
        </identifiers>
        <middleName />
        <byRequestType />
      </item>
    </sponsors>
    <committeeReports />
    <updateDate>2016-11-02T21:27:32Z</updateDate>
    <introducedDate>2015-02-27</introducedDate>
    <summaries>
      <billSummaries>
        <item>
          <versionCode>00</versionCode>
          <actionDate>2015-02-27</actionDate>
          <text><![CDATA[<p><strong>Distillery Excise Tax Reform Act of 2015</strong></p> <p>Amends the Internal Revenue Code to allow a reduction (from $13.50 to $2.70 on each proof gallon produced in the United States) in the excise tax on distilled spirits for domestic distillers who produce not more than 100,000 proof gallons of distilled spirits during the calendar year.</p>]]></text>
          <lastSummaryUpdateDate>2015-03-20T17:30:33Z</lastSummaryUpdateDate>
          <actionDesc>Introduced in House</actionDesc>
          <name>Introduced in House</name>
          <updateDate>2015-02-27T05:00:00Z</updateDate>
        </item>
      </billSummaries>
    </summaries>
    <title>Distillery Excise Tax Reform Act of 2015</title>
    <cboCostEstimates />
    <subjects>
      <billSubjects>
        <legislativeSubjects>
          <item>
            <name>Alcoholic beverages</name>
          </item>
          <item>
            <name>Manufacturing</name>
          </item>
          <item>
            <name>Sales and excise taxes</name>
          </item>
          <item>
            <name>Small business</name>
          </item>
        </legislativeSubjects>
        <policyArea>
          <name>Taxation</name>
        </policyArea>
      </billSubjects>
    </subjects>
    <amendments />
    <calendarNumbers />
    <congress>114</congress>
    <constitutionalAuthorityStatementText><![CDATA[<pre>From the Congressional Record Online through the Government Publishing Office [<a href='http://www.gpo.gov'>www.gpo.gov</a>]By Mr. LARSEN of Washington:H.R. 1172.Congress has the power to enact this legislation pursuantto the following:As described in Article 1, Section 1 ``all legislativepowers herein granted shall be vested in a Congress of theUnited States, which shall consist of a Senate and House ofRepresentatives.''[Page H1501]</pre>]]></constitutionalAuthorityStatementText>
    <titles>
      <item>
        <chamberCode />
        <title>Distillery Excise Tax Reform Act of 2015</title>
        <chamberName />
        <titleType>Short Titles as Introduced</titleType>
        <parentTitleType />
      </item>
      <item>
        <chamberCode />
        <title>To amend the Internal Revenue Code of 1986 to reduce the rate of tax on distilled spirits produced by small distilleries.</title>
        <chamberName />
        <titleType>Official Title as Introduced</titleType>
        <parentTitleType />
      </item>
      <item>
        <chamberCode />
        <title>Distillery Excise Tax Reform Act of 2015</title>
        <chamberName />
        <titleType>Display Title</titleType>
        <parentTitleType />
      </item>
    </titles>
    <originChamber>House</originChamber>
  </bill>
  <dublinCore xmlns:dc="http://purl.org/dc/elements/1.1/">
    <dc:format>text/xml</dc:format>
    <dc:language>EN</dc:language>
    <dc:rights>Pursuant to Title 17 Section 105 of the United States Code, this file is not subject to copyright protection and is in the public domain.</dc:rights>
    <dc:contributor>Congressional Research Service, Library of Congress</dc:contributor>
    <dc:description>This file contains bill summaries and statuses for federal legislation. A bill summary describes the most significant provisions of a piece of legislation and details the effects the legislative text may have on current law and federal programs. Bill summaries are authored by the Congressional Research Service (CRS) of the Library of Congress. As stated in Public Law 91-510 (2 USC 166 (d)(6)), one of the duties of CRS is "to prepare summaries and digests of bills and resolutions of a public general nature introduced in the Senate or House of Representatives". For more information, refer to the User Guide that accompanies this file.</dc:description>
  </dublinCore>
</billStatus>

