<?xml version="1.0" encoding="UTF-8"?>
<billStatus>
  <bill>
    <billType>HR</billType>
    <laws />
    <recordedVotes />
    <actions>
      <actionTypeCounts>
        <introducedInTheHouse>1</introducedInTheHouse>
        <billReferrals>2</billReferrals>
        <billReferralsAggregate>1</billReferralsAggregate>
        <placeholderTextForH>2</placeholderTextForH>
        <introducedInHouse>1</introducedInHouse>
      </actionTypeCounts>
      <actionByCounts>
        <houseOfRepresentatives>7</houseOfRepresentatives>
      </actionByCounts>
      <item>
        <actionDate>2015-02-27</actionDate>
        <committee>
          <name>Health Subcommittee</name>
          <systemCode>hswm02</systemCode>
        </committee>
        <links />
        <sourceSystem>
          <name>House committee actions</name>
          <code>1</code>
        </sourceSystem>
        <text>Referred to the Subcommittee on Health.</text>
        <type>Committee</type>
      </item>
      <item>
        <actionDate>2015-02-06</actionDate>
        <committee>
          <name>Health Subcommittee</name>
          <systemCode>hsif14</systemCode>
        </committee>
        <links />
        <sourceSystem>
          <name>House committee actions</name>
          <code>1</code>
        </sourceSystem>
        <text>Referred to the Subcommittee on Health.</text>
        <type>Committee</type>
      </item>
      <item>
        <text>Referred to House Ways and Means</text>
        <sourceSystem>
          <name>House floor actions</name>
          <code>2</code>
        </sourceSystem>
        <committee>
          <name>Ways and Means Committee</name>
          <systemCode>hswm00</systemCode>
        </committee>
        <type>IntroReferral</type>
        <links />
        <actionCode>H11100</actionCode>
        <actionDate>2015-02-05</actionDate>
      </item>
      <item>
        <text>Referred to the Committee on Energy and Commerce, and in addition to the Committee on Ways and Means, for a period to be subsequently determined by the Speaker, in each case for consideration of such provisions as fall within the jurisdiction of the committee concerned.</text>
        <sourceSystem>
          <name>Library of Congress</name>
          <code>9</code>
        </sourceSystem>
        <committee />
        <type>IntroReferral</type>
        <links />
        <actionCode>H11100-A</actionCode>
        <actionDate>2015-02-05</actionDate>
      </item>
      <item>
        <text>Referred to House Energy and Commerce</text>
        <sourceSystem>
          <name>House floor actions</name>
          <code>2</code>
        </sourceSystem>
        <committee>
          <name>Energy and Commerce Committee</name>
          <systemCode>hsif00</systemCode>
        </committee>
        <type>IntroReferral</type>
        <links />
        <actionCode>H11100</actionCode>
        <actionDate>2015-02-05</actionDate>
      </item>
      <item>
        <text>Introduced in House</text>
        <sourceSystem>
          <name>Library of Congress</name>
          <code>9</code>
        </sourceSystem>
        <committee />
        <type>IntroReferral</type>
        <links />
        <actionCode>Intro-H</actionCode>
        <actionDate>2015-02-05</actionDate>
      </item>
      <item>
        <text>Introduced in House</text>
        <sourceSystem>
          <name>Library of Congress</name>
          <code>9</code>
        </sourceSystem>
        <committee />
        <type>IntroReferral</type>
        <links />
        <actionCode>1000</actionCode>
        <actionDate>2015-02-05</actionDate>
      </item>
    </actions>
    <billNumber>786</billNumber>
    <policyArea>
      <name>Health</name>
    </policyArea>
    <notes />
    <latestAction>
      <actionDate>2015-02-27</actionDate>
      <links />
      <text>Referred to the Subcommittee on Health.</text>
    </latestAction>
    <relatedBills />
    <committees>
      <billCommittees>
        <item>
          <subcommittees>
            <item>
              <name>Health Subcommittee</name>
              <activities>
                <item>
                  <name>Referred to</name>
                  <date>2015-02-27T21:52:19Z</date>
                </item>
              </activities>
              <systemCode>hswm02</systemCode>
            </item>
          </subcommittees>
          <chamber>House</chamber>
          <type>Standing</type>
          <name>Ways and Means Committee</name>
          <systemCode>hswm00</systemCode>
          <activities>
            <item>
              <name>Referred to</name>
              <date>2015-02-05T14:08:15Z</date>
            </item>
          </activities>
        </item>
        <item>
          <subcommittees>
            <item>
              <name>Health Subcommittee</name>
              <activities>
                <item>
                  <name>Referred to</name>
                  <date>2015-02-06T18:54:16Z</date>
                </item>
              </activities>
              <systemCode>hsif14</systemCode>
            </item>
          </subcommittees>
          <chamber>House</chamber>
          <type>Standing</type>
          <name>Energy and Commerce Committee</name>
          <systemCode>hsif00</systemCode>
          <activities>
            <item>
              <name>Referred to</name>
              <date>2015-02-05T14:08:10Z</date>
            </item>
          </activities>
        </item>
      </billCommittees>
    </committees>
    <cosponsors>
      <item>
        <firstName>G. K.</firstName>
        <sponsorshipWithdrawnDate />
        <identifiers>
          <lisID>1761</lisID>
          <bioguideId>B001251</bioguideId>
          <gpoId>8024</gpoId>
        </identifiers>
        <party>D</party>
        <isOriginalCosponsor>True</isOriginalCosponsor>
        <fullName>Rep. Butterfield, G. K. [D-NC-1]</fullName>
        <middleName />
        <sponsorshipDate>2015-02-05</sponsorshipDate>
        <bioguideId>B001251</bioguideId>
        <district>1</district>
        <state>NC</state>
        <lastName>Butterfield</lastName>
      </item>
    </cosponsors>
    <createDate>2015-02-06T04:59:53Z</createDate>
    <sponsors>
      <item>
        <fullName>Rep. Ellmers, Renee L. [R-NC-2]</fullName>
        <firstName>Renee</firstName>
        <lastName>Ellmers</lastName>
        <state>NC</state>
        <party>R</party>
        <district>2</district>
        <bioguideId>E000291</bioguideId>
        <identifiers>
          <bioguideId>E000291</bioguideId>
          <lisID>2036</lisID>
          <gpoId>8025</gpoId>
        </identifiers>
        <middleName>L.</middleName>
        <byRequestType />
      </item>
    </sponsors>
    <committeeReports />
    <updateDate>2016-11-02T21:25:13Z</updateDate>
    <introducedDate>2015-02-05</introducedDate>
    <summaries>
      <billSummaries>
        <item>
          <versionCode>00</versionCode>
          <actionDate>2015-02-05</actionDate>
          <text><![CDATA[<p><b>Vaccine Access, Certainty, and Innovation Act of 2015</b></p> <p>This bill requires the Centers for Disease Control and Prevention (CDC) to report on the process used by the Advisory Committee on Immunization Practices (ACIP) in making recommendations on vaccines.</p> <p>The Department of Health and Human Services (HHS) must issue final guidance to facilitate the use of expedited pathways for the development and licensure of vaccines to prevent certain infectious diseases.</p> <p>The Public Health Service Act is amended to require the CDC to provide a vaccine developer, upon request, with information on public health needs and priorities and certain epidemiological analyses or data.</p> <p>The Federal Food, Drug, and Cosmetic Act is amended to require the Food and Drug Administration to establish a process for designating diseases as tropical diseases included in the priority review voucher program. The amount of the priority review user fee is set to the cost difference between a priority review and a non-priority review.</p> <p>The National Institutes of Health must support or conduct activities to advance the development of vaccines and must report on vaccine research.</p> <p>Within 60 business days of a recommendation by ACIP, HHS must determine whether to update Medicare coverage of vaccines.</p> <p>The Government Accountability Office must report on the impact of Medicare and Medicaid reimbursement rates on vaccine access.</p> For purposes of calculating a medical loss ratio, the cost of a program to increase adult immunization is accounted for: (1) by a private health insurer as an activity that improves health care quality, and (2) by a Medicare Advantage or Part D plan under title XVIII (Medicare) of the Social Security Act as a medical loss.]]></text>
          <lastSummaryUpdateDate>2015-06-11T20:07:05Z</lastSummaryUpdateDate>
          <actionDesc>Introduced in House</actionDesc>
          <name>Introduced in House</name>
          <updateDate>2015-02-05T05:00:00Z</updateDate>
        </item>
      </billSummaries>
    </summaries>
    <title>Vaccine Access, Certainty, and Innovation Act of 2015</title>
    <cboCostEstimates />
    <subjects>
      <billSubjects>
        <legislativeSubjects>
          <item>
            <name>Administrative law and regulatory procedures</name>
          </item>
          <item>
            <name>Administrative remedies</name>
          </item>
          <item>
            <name>Advisory bodies</name>
          </item>
          <item>
            <name>Congressional oversight</name>
          </item>
          <item>
            <name>Department of Health and Human Services</name>
          </item>
          <item>
            <name>Drug safety, medical device, and laboratory regulation</name>
          </item>
          <item>
            <name>Government information and archives</name>
          </item>
          <item>
            <name>Government studies and investigations</name>
          </item>
          <item>
            <name>Health care costs and insurance</name>
          </item>
          <item>
            <name>Health care coverage and access</name>
          </item>
          <item>
            <name>Health information and medical records</name>
          </item>
          <item>
            <name>Immunology and vaccination</name>
          </item>
          <item>
            <name>Infectious and parasitic diseases</name>
          </item>
          <item>
            <name>Licensing and registrations</name>
          </item>
          <item>
            <name>Medicaid</name>
          </item>
          <item>
            <name>Medical research</name>
          </item>
          <item>
            <name>Medicare</name>
          </item>
          <item>
            <name>Public-private cooperation</name>
          </item>
          <item>
            <name>Trade restrictions</name>
          </item>
          <item>
            <name>User charges and fees</name>
          </item>
        </legislativeSubjects>
        <policyArea>
          <name>Health</name>
        </policyArea>
      </billSubjects>
    </subjects>
    <amendments />
    <calendarNumbers />
    <congress>114</congress>
    <constitutionalAuthorityStatementText><![CDATA[<pre>From the Congressional Record Online through the Government Publishing Office [<a href='http://www.gpo.gov'>www.gpo.gov</a>]By Mrs. ELLMERS:H.R. 786.Congress has the power to enact this legislation pursuantto the following:The Commerce Clause: Article I, Section 8, Clause 3 of theU.S. Constitution gives Congress the power ``to regulatecommerce with foreign nations, and among the several states,and with the Indian tribes.''[Page H857]</pre>]]></constitutionalAuthorityStatementText>
    <titles>
      <item>
        <chamberCode />
        <title>Vaccine Access, Certainty, and Innovation Act of 2015</title>
        <chamberName />
        <titleType>Short Titles as Introduced</titleType>
        <parentTitleType />
      </item>
      <item>
        <chamberCode />
        <title>To improve access, certainty, and innovation with respect to vaccines.</title>
        <chamberName />
        <titleType>Official Title as Introduced</titleType>
        <parentTitleType />
      </item>
      <item>
        <chamberCode />
        <title>Vaccine Access, Certainty, and Innovation Act of 2015</title>
        <chamberName />
        <titleType>Display Title</titleType>
        <parentTitleType />
      </item>
    </titles>
    <originChamber>House</originChamber>
  </bill>
  <dublinCore xmlns:dc="http://purl.org/dc/elements/1.1/">
    <dc:format>text/xml</dc:format>
    <dc:language>EN</dc:language>
    <dc:rights>Pursuant to Title 17 Section 105 of the United States Code, this file is not subject to copyright protection and is in the public domain.</dc:rights>
    <dc:contributor>Congressional Research Service, Library of Congress</dc:contributor>
    <dc:description>This file contains bill summaries and statuses for federal legislation. A bill summary describes the most significant provisions of a piece of legislation and details the effects the legislative text may have on current law and federal programs. Bill summaries are authored by the Congressional Research Service (CRS) of the Library of Congress. As stated in Public Law 91-510 (2 USC 166 (d)(6)), one of the duties of CRS is "to prepare summaries and digests of bills and resolutions of a public general nature introduced in the Senate or House of Representatives". For more information, refer to the User Guide that accompanies this file.</dc:description>
  </dublinCore>
</billStatus>

