<?xml version="1.0" encoding="UTF-8"?>
<billStatus>
  <bill>
    <billType>HR</billType>
    <laws />
    <recordedVotes />
    <actions>
      <item>
        <actionDate>2015-03-10</actionDate>
        <committee>
          <systemCode>hswm01</systemCode>
          <name>Social Security Subcommittee</name>
        </committee>
        <links />
        <sourceSystem>
          <code>1</code>
          <name>House committee actions</name>
        </sourceSystem>
        <text>Referred to the Subcommittee on Social Security.</text>
        <type>Committee</type>
      </item>
      <item>
        <sourceSystem>
          <code>2</code>
          <name>House floor actions</name>
        </sourceSystem>
        <actionDate>2015-02-26</actionDate>
        <links />
        <committee>
          <systemCode>hswm00</systemCode>
          <name>Ways and Means Committee</name>
        </committee>
        <text>Referred to the House Committee on Ways and Means.</text>
        <type>IntroReferral</type>
        <actionCode>H11100</actionCode>
      </item>
      <item>
        <sourceSystem>
          <code>9</code>
          <name>Library of Congress</name>
        </sourceSystem>
        <actionDate>2015-02-26</actionDate>
        <links />
        <committee />
        <text>Introduced in House</text>
        <type>IntroReferral</type>
        <actionCode>Intro-H</actionCode>
      </item>
      <item>
        <sourceSystem>
          <code>9</code>
          <name>Library of Congress</name>
        </sourceSystem>
        <actionDate>2015-02-26</actionDate>
        <links />
        <committee />
        <text>Introduced in House</text>
        <type>IntroReferral</type>
        <actionCode>1000</actionCode>
      </item>
      <actionTypeCounts>
        <introducedInHouse>1</introducedInHouse>
        <placeholderTextForH>1</placeholderTextForH>
        <billReferrals>1</billReferrals>
        <introducedInTheHouse>1</introducedInTheHouse>
      </actionTypeCounts>
      <actionByCounts>
        <houseOfRepresentatives>4</houseOfRepresentatives>
      </actionByCounts>
    </actions>
    <billNumber>1109</billNumber>
    <policyArea>
      <name>Social Welfare</name>
    </policyArea>
    <notes />
    <latestAction>
      <actionDate>2015-03-10</actionDate>
      <links />
      <text>Referred to the Subcommittee on Social Security.</text>
    </latestAction>
    <relatedBills />
    <committees>
      <billCommittees>
        <item>
          <subcommittees>
            <item>
              <name>Social Security Subcommittee</name>
              <activities>
                <item>
                  <name>Referred to</name>
                  <date>2015-03-10T21:02:48Z</date>
                </item>
              </activities>
              <systemCode>hswm01</systemCode>
            </item>
          </subcommittees>
          <chamber>House</chamber>
          <type>Standing</type>
          <name>Ways and Means Committee</name>
          <systemCode>hswm00</systemCode>
          <activities>
            <item>
              <name>Referred to</name>
              <date>2015-02-26T15:07:00Z</date>
            </item>
          </activities>
        </item>
      </billCommittees>
    </committees>
    <cosponsors>
      <item>
        <fullName>Rep. Bishop, Sanford D., Jr. [D-GA-2]</fullName>
        <firstName>SANFORD</firstName>
        <lastName>BISHOP</lastName>
        <identifiers>
          <gpoId>7899</gpoId>
          <lisID>91</lisID>
          <bioguideId>B000490</bioguideId>
        </identifiers>
        <state>GA</state>
        <sponsorshipWithdrawnDate />
        <bioguideId>B000490</bioguideId>
        <district>2</district>
        <isOriginalCosponsor>False</isOriginalCosponsor>
        <middleName>D.</middleName>
        <party>D</party>
        <sponsorshipDate>2015-03-06</sponsorshipDate>
      </item>
      <item>
        <fullName>Rep. Jenkins, Lynn [R-KS-2]</fullName>
        <firstName>Lynn</firstName>
        <lastName>Jenkins</lastName>
        <identifiers>
          <lisID>1921</lisID>
          <bioguideId>J000290</bioguideId>
          <gpoId>7950</gpoId>
        </identifiers>
        <state>KS</state>
        <sponsorshipWithdrawnDate />
        <bioguideId>J000290</bioguideId>
        <district>2</district>
        <isOriginalCosponsor>False</isOriginalCosponsor>
        <middleName />
        <party>R</party>
        <sponsorshipDate>2016-04-28</sponsorshipDate>
      </item>
      <item>
        <fullName>Rep. Clay, Wm. Lacy [D-MO-1]</fullName>
        <firstName>WM.</firstName>
        <lastName>CLAY</lastName>
        <identifiers>
          <bioguideId>C001049</bioguideId>
          <lisID>1654</lisID>
          <gpoId>8009</gpoId>
        </identifiers>
        <state>MO</state>
        <sponsorshipWithdrawnDate />
        <bioguideId>C001049</bioguideId>
        <district>1</district>
        <isOriginalCosponsor>False</isOriginalCosponsor>
        <middleName>LACY</middleName>
        <party>D</party>
        <sponsorshipDate>2016-04-28</sponsorshipDate>
      </item>
      <item>
        <fullName>Rep. Young, David [R-IA-3]</fullName>
        <firstName>David</firstName>
        <lastName>Young</lastName>
        <identifiers>
          <lisID>2242</lisID>
          <bioguideId>Y000066</bioguideId>
          <gpoId />
        </identifiers>
        <state>IA</state>
        <sponsorshipWithdrawnDate />
        <bioguideId>Y000066</bioguideId>
        <district>3</district>
        <isOriginalCosponsor>False</isOriginalCosponsor>
        <middleName />
        <party>R</party>
        <sponsorshipDate>2016-04-29</sponsorshipDate>
      </item>
      <item>
        <fullName>Rep. Nolan, Richard M. [D-MN-8]</fullName>
        <firstName>RICHARD</firstName>
        <lastName>NOLAN</lastName>
        <identifiers>
          <lisID>867</lisID>
          <bioguideId>N000127</bioguideId>
          <gpoId />
        </identifiers>
        <state>MN</state>
        <sponsorshipWithdrawnDate />
        <bioguideId>N000127</bioguideId>
        <district>8</district>
        <isOriginalCosponsor>False</isOriginalCosponsor>
        <middleName />
        <party>D</party>
        <sponsorshipDate>2016-05-10</sponsorshipDate>
      </item>
    </cosponsors>
    <createDate>2015-02-27T18:29:28Z</createDate>
    <sponsors>
      <item>
        <fullName>Rep. Walters, Mimi [R-CA-45]</fullName>
        <firstName>Mimi</firstName>
        <lastName>Walters</lastName>
        <state>CA</state>
        <party>R</party>
        <district>45</district>
        <bioguideId>W000820</bioguideId>
        <identifiers>
          <bioguideId>W000820</bioguideId>
          <gpoId />
          <lisID>2232</lisID>
        </identifiers>
        <middleName />
        <byRequestType />
      </item>
    </sponsors>
    <committeeReports />
    <updateDate>2016-11-02T21:27:06Z</updateDate>
    <introducedDate>2015-02-26</introducedDate>
    <summaries>
      <billSummaries>
        <item>
          <actionDate>2015-02-26</actionDate>
          <updateDate>2015-02-26T05:00:00Z</updateDate>
          <name>Introduced in House</name>
          <lastSummaryUpdateDate>2015-03-13T16:24:44Z</lastSummaryUpdateDate>
          <versionCode>00</versionCode>
          <actionDesc>Introduced in House</actionDesc>
          <text><![CDATA[<p><b>Social Security Lump-Sum Death Benefit Improvement and Modernization Act of 2015</b></p> <p>This bill amends title II (Old Age, Survivors and Disability Insurance) of the Social Security Act to increase from $255 to $1,000 the lump-sum death payment.</p>]]></text>
        </item>
      </billSummaries>
    </summaries>
    <title>Social Security Lump-Sum Death Benefit Improvement and Modernization Act of 2015</title>
    <cboCostEstimates />
    <subjects>
      <billSubjects>
        <legislativeSubjects>
          <item>
            <name>Social security and elderly assistance</name>
          </item>
        </legislativeSubjects>
        <policyArea>
          <name>Social Welfare</name>
        </policyArea>
      </billSubjects>
    </subjects>
    <amendments />
    <calendarNumbers />
    <congress>114</congress>
    <constitutionalAuthorityStatementText><![CDATA[<pre>From the Congressional Record Online through the Government Publishing Office [<a href='http://www.gpo.gov'>www.gpo.gov</a>]By Mrs. MIMI WALTERS of California:H.R. 1109.Congress has the power to enact this legislation pursuantto the following:the Spending Clause in Article I, Section 8, of theConstitution.[Page H1371]</pre>]]></constitutionalAuthorityStatementText>
    <titles>
      <item>
        <chamberCode />
        <title>Social Security Lump-Sum Death Benefit Improvement and Modernization Act of 2015</title>
        <chamberName />
        <titleType>Short Titles as Introduced</titleType>
        <parentTitleType />
      </item>
      <item>
        <chamberCode />
        <title>To amend title II of the Social Security Act to increase the maximum amount of the lump-sum death benefit.</title>
        <chamberName />
        <titleType>Official Title as Introduced</titleType>
        <parentTitleType />
      </item>
      <item>
        <chamberCode />
        <title>Social Security Lump-Sum Death Benefit Improvement and Modernization Act of 2015</title>
        <chamberName />
        <titleType>Display Title</titleType>
        <parentTitleType />
      </item>
    </titles>
    <originChamber>House</originChamber>
  </bill>
  <dublinCore xmlns:dc="http://purl.org/dc/elements/1.1/">
    <dc:format>text/xml</dc:format>
    <dc:language>EN</dc:language>
    <dc:rights>Pursuant to Title 17 Section 105 of the United States Code, this file is not subject to copyright protection and is in the public domain.</dc:rights>
    <dc:contributor>Congressional Research Service, Library of Congress</dc:contributor>
    <dc:description>This file contains bill summaries and statuses for federal legislation. A bill summary describes the most significant provisions of a piece of legislation and details the effects the legislative text may have on current law and federal programs. Bill summaries are authored by the Congressional Research Service (CRS) of the Library of Congress. As stated in Public Law 91-510 (2 USC 166 (d)(6)), one of the duties of CRS is "to prepare summaries and digests of bills and resolutions of a public general nature introduced in the Senate or House of Representatives". For more information, refer to the User Guide that accompanies this file.</dc:description>
  </dublinCore>
</billStatus>

