<?xml version="1.0" encoding="UTF-8"?>
<billStatus>
  <bill>
    <title>Small Business Tax Credit Accessibility Act</title>
    <policyArea>
      <name>Taxation</name>
    </policyArea>
    <constitutionalAuthorityStatementText><![CDATA[<pre>From the Congressional Record Online through the Government Publishing Office [<a href='http://www.gpo.gov'>www.gpo.gov</a>]By Ms. DelBENE:H.R. 762.Congress has the power to enact this legislation pursuantto the following:Article 1, Section 8 of the United States Constitution.[Page H856]</pre>]]></constitutionalAuthorityStatementText>
    <recordedVotes />
    <createDate>2015-02-06T04:59:52Z</createDate>
    <summaries>
      <billSummaries>
        <item>
          <versionCode>00</versionCode>
          <actionDate>2015-02-05</actionDate>
          <text><![CDATA[<p><strong>Small Business Tax Credit Accessibility Act </strong></p> <p>Amends the Internal Revenue Code, with respect to the small employer health care insurance tax credit, to: (1) revise the definition of "eligible small employer" to mean an employer with not more than 50 (currently, 25) full-time employees; (2) modify the phaseout formula for such credit to base such phaseout on number of employees and average annual wages; (3) extend from two to three consecutive taxable years the period during which an employer may claim such credit; and (4)&nbsp;eliminate the requirement that employers contribute the same percentage of cost of each employee's health insurance and the cap limiting eligible employer contributions to average premiums paid to a state health insurance exchange.</p>]]></text>
          <name>Introduced in House</name>
          <lastSummaryUpdateDate>2015-03-19T21:24:24Z</lastSummaryUpdateDate>
          <updateDate>2015-02-05T05:00:00Z</updateDate>
          <actionDesc>Introduced in House</actionDesc>
        </item>
      </billSummaries>
    </summaries>
    <committeeReports />
    <notes />
    <latestAction>
      <links />
      <actionDate>2015-02-05</actionDate>
      <text>Referred to the House Committee on Ways and Means.</text>
    </latestAction>
    <sponsors>
      <item>
        <state>WA</state>
        <fullName>Rep. DelBene, Suzan K. [D-WA-1]</fullName>
        <district>1</district>
        <bioguideId>D000617</bioguideId>
        <middleName>K.</middleName>
        <byRequestType />
        <lastName>DelBene</lastName>
        <party>D</party>
        <firstName>Suzan</firstName>
        <identifiers>
          <gpoId>8374</gpoId>
          <lisID>2096</lisID>
          <bioguideId>D000617</bioguideId>
        </identifiers>
      </item>
    </sponsors>
    <billNumber>762</billNumber>
    <titles>
      <item>
        <title>Small Business Tax Credit Accessibility Act</title>
        <titleType>Short Titles as Introduced</titleType>
        <chamberCode />
        <chamberName />
        <parentTitleType />
      </item>
      <item>
        <title>To amend the Internal Revenue Code of 1986 to expand and modify the credit for employee health insurance expenses of small employers.</title>
        <titleType>Official Title as Introduced</titleType>
        <chamberCode />
        <chamberName />
        <parentTitleType />
      </item>
      <item>
        <title>Small Business Tax Credit Accessibility Act</title>
        <titleType>Display Title</titleType>
        <chamberCode />
        <chamberName />
        <parentTitleType />
      </item>
    </titles>
    <billType>HR</billType>
    <laws />
    <committees>
      <billCommittees>
        <item>
          <subcommittees />
          <chamber>House</chamber>
          <systemCode>hswm00</systemCode>
          <activities>
            <item>
              <date>2015-02-05T14:04:05Z</date>
              <name>Referred to</name>
            </item>
          </activities>
          <type>Standing</type>
          <name>Ways and Means Committee</name>
        </item>
      </billCommittees>
    </committees>
    <updateDate>2016-11-02T21:25:04Z</updateDate>
    <relatedBills>
      <item>
        <latestAction>
          <actionDate>2016-05-18</actionDate>
          <text>Committee on Small Business and Entrepreneurship. Hearings held.</text>
        </latestAction>
        <type>S</type>
        <congress>114</congress>
        <latestTitle>Small Business Tax Credit Accessibility Act</latestTitle>
        <number>379</number>
        <relationshipDetails>
          <item>
            <identifiedBy>CRS</identifiedBy>
            <type>Identical bill</type>
          </item>
        </relationshipDetails>
      </item>
    </relatedBills>
    <subjects>
      <billSubjects>
        <legislativeSubjects>
          <item>
            <name>Employee benefits and pensions</name>
          </item>
          <item>
            <name>Health care costs and insurance</name>
          </item>
          <item>
            <name>Income tax credits</name>
          </item>
          <item>
            <name>Small business</name>
          </item>
          <item>
            <name>Wages and earnings</name>
          </item>
        </legislativeSubjects>
        <policyArea>
          <name>Taxation</name>
        </policyArea>
      </billSubjects>
    </subjects>
    <introducedDate>2015-02-05</introducedDate>
    <actions>
      <actionTypeCounts>
        <introducedInHouse>1</introducedInHouse>
        <billReferrals>1</billReferrals>
        <introducedInTheHouse>1</introducedInTheHouse>
      </actionTypeCounts>
      <item>
        <text>Referred to the House Committee on Ways and Means.</text>
        <links />
        <actionCode>H11100</actionCode>
        <type>IntroReferral</type>
        <committee>
          <systemCode>hswm00</systemCode>
          <name>Ways and Means Committee</name>
        </committee>
        <actionDate>2015-02-05</actionDate>
        <sourceSystem>
          <name>House floor actions</name>
          <code>2</code>
        </sourceSystem>
      </item>
      <item>
        <text>Introduced in House</text>
        <links />
        <actionCode>Intro-H</actionCode>
        <type>IntroReferral</type>
        <committee />
        <actionDate>2015-02-05</actionDate>
        <sourceSystem>
          <name>Library of Congress</name>
          <code>9</code>
        </sourceSystem>
      </item>
      <item>
        <text>Introduced in House</text>
        <links />
        <actionCode>1000</actionCode>
        <type>IntroReferral</type>
        <committee />
        <actionDate>2015-02-05</actionDate>
        <sourceSystem>
          <name>Library of Congress</name>
          <code>9</code>
        </sourceSystem>
      </item>
      <actionByCounts>
        <houseOfRepresentatives>3</houseOfRepresentatives>
      </actionByCounts>
    </actions>
    <amendments />
    <congress>114</congress>
    <cosponsors>
      <item>
        <identifiers>
          <lisID>1498</lisID>
          <gpoId>8216</gpoId>
          <bioguideId>K000188</bioguideId>
        </identifiers>
        <isOriginalCosponsor>True</isOriginalCosponsor>
        <firstName>RON</firstName>
        <sponsorshipWithdrawnDate />
        <sponsorshipDate>2015-02-05</sponsorshipDate>
        <party>D</party>
        <district>3</district>
        <fullName>Rep. Kind, Ron [D-WI-3]</fullName>
        <state>WI</state>
        <bioguideId>K000188</bioguideId>
        <lastName>KIND</lastName>
        <middleName />
      </item>
      <item>
        <identifiers>
          <bioguideId>P000034</bioguideId>
          <gpoId>8048</gpoId>
          <lisID>887</lisID>
        </identifiers>
        <isOriginalCosponsor>True</isOriginalCosponsor>
        <firstName>FRANK</firstName>
        <sponsorshipWithdrawnDate />
        <sponsorshipDate>2015-02-05</sponsorshipDate>
        <party>D</party>
        <district>6</district>
        <fullName>Rep. Pallone, Frank, Jr. [D-NJ-6]</fullName>
        <state>NJ</state>
        <bioguideId>P000034</bioguideId>
        <lastName>PALLONE</lastName>
        <middleName />
      </item>
      <item>
        <identifiers>
          <bioguideId>R000576</bioguideId>
          <lisID>1728</lisID>
          <gpoId>7977</gpoId>
        </identifiers>
        <isOriginalCosponsor>True</isOriginalCosponsor>
        <firstName>C. A.</firstName>
        <sponsorshipWithdrawnDate />
        <sponsorshipDate>2015-02-05</sponsorshipDate>
        <party>D</party>
        <district>2</district>
        <fullName>Rep. Ruppersberger, C. A. Dutch [D-MD-2]</fullName>
        <state>MD</state>
        <bioguideId>R000576</bioguideId>
        <lastName>Ruppersberger</lastName>
        <middleName>Dutch</middleName>
      </item>
      <item>
        <identifiers>
          <gpoId>7872</gpoId>
          <lisID>1999</lisID>
          <bioguideId>C001083</bioguideId>
        </identifiers>
        <isOriginalCosponsor>True</isOriginalCosponsor>
        <firstName>John</firstName>
        <sponsorshipWithdrawnDate />
        <sponsorshipDate>2015-02-05</sponsorshipDate>
        <party>D</party>
        <district>0</district>
        <fullName>Rep. Carney, John C., Jr. [D-DE-At Large]</fullName>
        <state>DE</state>
        <bioguideId>C001083</bioguideId>
        <lastName>Carney</lastName>
        <middleName>C.</middleName>
      </item>
      <item>
        <identifiers>
          <lisID>2145</lisID>
          <gpoId />
          <bioguideId>K000382</bioguideId>
        </identifiers>
        <isOriginalCosponsor>False</isOriginalCosponsor>
        <firstName>Ann</firstName>
        <sponsorshipWithdrawnDate />
        <sponsorshipDate>2015-02-10</sponsorshipDate>
        <party>D</party>
        <district>2</district>
        <fullName>Rep. Kuster, Ann M. [D-NH-2]</fullName>
        <state>NH</state>
        <bioguideId>K000382</bioguideId>
        <lastName>Kuster</lastName>
        <middleName>M.</middleName>
      </item>
      <item>
        <identifiers>
          <lisID>1501</lisID>
          <gpoId>7814</gpoId>
          <bioguideId>L000551</bioguideId>
        </identifiers>
        <isOriginalCosponsor>False</isOriginalCosponsor>
        <firstName>BARBARA</firstName>
        <sponsorshipWithdrawnDate />
        <sponsorshipDate>2015-02-10</sponsorshipDate>
        <party>D</party>
        <district>13</district>
        <fullName>Rep. Lee, Barbara [D-CA-13]</fullName>
        <state>CA</state>
        <bioguideId>L000551</bioguideId>
        <lastName>LEE</lastName>
        <middleName />
      </item>
      <item>
        <identifiers>
          <lisID>1835</lisID>
          <bioguideId>P000593</bioguideId>
          <gpoId>7865</gpoId>
        </identifiers>
        <isOriginalCosponsor>False</isOriginalCosponsor>
        <firstName>Ed</firstName>
        <sponsorshipWithdrawnDate />
        <sponsorshipDate>2015-02-12</sponsorshipDate>
        <party>D</party>
        <district>7</district>
        <fullName>Rep. Perlmutter, Ed [D-CO-7]</fullName>
        <state>CO</state>
        <bioguideId>P000593</bioguideId>
        <lastName>Perlmutter</lastName>
        <middleName />
      </item>
      <item>
        <identifiers>
          <gpoId>8117</gpoId>
          <lisID>279</lisID>
          <bioguideId>D000191</bioguideId>
        </identifiers>
        <isOriginalCosponsor>False</isOriginalCosponsor>
        <firstName>PETER</firstName>
        <sponsorshipWithdrawnDate />
        <sponsorshipDate>2015-02-27</sponsorshipDate>
        <party>D</party>
        <district>4</district>
        <fullName>Rep. DeFazio, Peter A. [D-OR-4]</fullName>
        <state>OR</state>
        <bioguideId>D000191</bioguideId>
        <lastName>DEFAZIO</lastName>
        <middleName>A.</middleName>
      </item>
      <item>
        <identifiers>
          <gpoId>7929</gpoId>
          <lisID>1588</lisID>
          <bioguideId>S001145</bioguideId>
        </identifiers>
        <isOriginalCosponsor>False</isOriginalCosponsor>
        <firstName>JANICE</firstName>
        <sponsorshipWithdrawnDate />
        <sponsorshipDate>2015-03-13</sponsorshipDate>
        <party>D</party>
        <district>9</district>
        <fullName>Rep. Schakowsky, Janice D. [D-IL-9]</fullName>
        <state>IL</state>
        <bioguideId>S001145</bioguideId>
        <lastName>SCHAKOWSKY</lastName>
        <middleName>D.</middleName>
      </item>
      <item>
        <identifiers>
          <bioguideId>M001185</bioguideId>
          <lisID>2150</lisID>
          <gpoId />
        </identifiers>
        <isOriginalCosponsor>False</isOriginalCosponsor>
        <firstName>Sean</firstName>
        <sponsorshipWithdrawnDate />
        <sponsorshipDate>2015-04-28</sponsorshipDate>
        <party>D</party>
        <district>18</district>
        <fullName>Rep. Maloney, Sean Patrick [D-NY-18]</fullName>
        <state>NY</state>
        <bioguideId>M001185</bioguideId>
        <lastName>Maloney</lastName>
        <middleName>Patrick</middleName>
      </item>
      <item>
        <identifiers>
          <bioguideId>C001090</bioguideId>
          <lisID>2159</lisID>
          <gpoId />
        </identifiers>
        <isOriginalCosponsor>False</isOriginalCosponsor>
        <firstName>Matt</firstName>
        <sponsorshipWithdrawnDate />
        <sponsorshipDate>2015-06-02</sponsorshipDate>
        <party>D</party>
        <district>17</district>
        <fullName>Rep. Cartwright, Matt [D-PA-17]</fullName>
        <state>PA</state>
        <bioguideId>C001090</bioguideId>
        <lastName>Cartwright</lastName>
        <middleName />
      </item>
      <item>
        <identifiers>
          <bioguideId>C001067</bioguideId>
          <gpoId>8072</gpoId>
          <lisID>1864</lisID>
        </identifiers>
        <isOriginalCosponsor>False</isOriginalCosponsor>
        <firstName>Yvette</firstName>
        <sponsorshipWithdrawnDate />
        <sponsorshipDate>2016-04-11</sponsorshipDate>
        <party>D</party>
        <district>9</district>
        <fullName>Rep. Clarke, Yvette D. [D-NY-9]</fullName>
        <state>NY</state>
        <bioguideId>C001067</bioguideId>
        <lastName>Clarke</lastName>
        <middleName>D.</middleName>
      </item>
      <item>
        <identifiers>
          <gpoId>7804</gpoId>
          <lisID>1708</lisID>
          <bioguideId>G000551</bioguideId>
        </identifiers>
        <isOriginalCosponsor>False</isOriginalCosponsor>
        <firstName>Raul</firstName>
        <sponsorshipWithdrawnDate />
        <sponsorshipDate>2016-04-11</sponsorshipDate>
        <party>D</party>
        <district>3</district>
        <fullName>Rep. Grijalva, Raul M. [D-AZ-3]</fullName>
        <state>AZ</state>
        <bioguideId>G000551</bioguideId>
        <lastName>Grijalva</lastName>
        <middleName>M.</middleName>
      </item>
      <item>
        <identifiers>
          <lisID>2227</lisID>
          <gpoId />
          <bioguideId>D000623</bioguideId>
        </identifiers>
        <isOriginalCosponsor>False</isOriginalCosponsor>
        <firstName>Mark</firstName>
        <sponsorshipWithdrawnDate />
        <sponsorshipDate>2016-04-13</sponsorshipDate>
        <party>D</party>
        <district>11</district>
        <fullName>Rep. DeSaulnier, Mark [D-CA-11]</fullName>
        <state>CA</state>
        <bioguideId>D000623</bioguideId>
        <lastName>DeSaulnier</lastName>
        <middleName />
      </item>
      <item>
        <identifiers>
          <bioguideId>H001034</bioguideId>
          <gpoId>7820</gpoId>
          <lisID>1634</lisID>
        </identifiers>
        <isOriginalCosponsor>False</isOriginalCosponsor>
        <firstName>MICHAEL</firstName>
        <sponsorshipWithdrawnDate />
        <sponsorshipDate>2016-06-09</sponsorshipDate>
        <party>D</party>
        <district>17</district>
        <fullName>Rep. Honda, Michael M. [D-CA-17]</fullName>
        <state>CA</state>
        <bioguideId>H001034</bioguideId>
        <lastName>HONDA</lastName>
        <middleName>M.</middleName>
      </item>
    </cosponsors>
    <calendarNumbers />
    <cboCostEstimates />
    <originChamber>House</originChamber>
  </bill>
  <dublinCore xmlns:dc="http://purl.org/dc/elements/1.1/">
    <dc:format>text/xml</dc:format>
    <dc:language>EN</dc:language>
    <dc:rights>Pursuant to Title 17 Section 105 of the United States Code, this file is not subject to copyright protection and is in the public domain.</dc:rights>
    <dc:contributor>Congressional Research Service, Library of Congress</dc:contributor>
    <dc:description>This file contains bill summaries and statuses for federal legislation. A bill summary describes the most significant provisions of a piece of legislation and details the effects the legislative text may have on current law and federal programs. Bill summaries are authored by the Congressional Research Service (CRS) of the Library of Congress. As stated in Public Law 91-510 (2 USC 166 (d)(6)), one of the duties of CRS is "to prepare summaries and digests of bills and resolutions of a public general nature introduced in the Senate or House of Representatives". For more information, refer to the User Guide that accompanies this file.</dc:description>
  </dublinCore>
</billStatus>

