<?xml version="1.0" encoding="UTF-8"?>
<billStatus>
  <bill>
    <billType>HR</billType>
    <policyArea>
      <name>Taxation</name>
    </policyArea>
    <recordedVotes />
    <summaries>
      <billSummaries>
        <item>
          <actionDate>2015-02-25</actionDate>
          <updateDate>2015-02-25T05:00:00Z</updateDate>
          <name>Introduced in House</name>
          <lastSummaryUpdateDate>2015-03-20T15:44:28Z</lastSummaryUpdateDate>
          <versionCode>00</versionCode>
          <actionDesc>Introduced in House</actionDesc>
          <text><![CDATA[<p><strong>Protecting Taxpayers from Intrusive IRS Requests Act</strong></p> <p>Prohibits the Internal Revenue Service (IRS) from asking any taxpayer any question regarding religious, political, or social beliefs. </p> <p>Expresses the sense of Congress that: (1) any exceptions to such prohibition should identify the specific questions authorized, the class of taxpayers to whom such questions may be asked, and the circumstances under which such questions may be asked; and (2) if the IRS Commissioner determines that asking such questions would aid in the efficient administration of the tax laws, the Commissioner should submit a report to Congress that includes such questions in verbatim form and describes such class of taxpayers and the circumstances under which such questions would be asked. </p>]]></text>
        </item>
      </billSummaries>
    </summaries>
    <actions>
      <item>
        <sourceSystem>
          <code>2</code>
          <name>House floor actions</name>
        </sourceSystem>
        <actionDate>2015-02-25</actionDate>
        <links />
        <committee>
          <systemCode>hswm00</systemCode>
          <name>Ways and Means Committee</name>
        </committee>
        <text>Referred to the House Committee on Ways and Means.</text>
        <type>IntroReferral</type>
        <actionCode>H11100</actionCode>
      </item>
      <item>
        <sourceSystem>
          <code>9</code>
          <name>Library of Congress</name>
        </sourceSystem>
        <actionDate>2015-02-25</actionDate>
        <links />
        <committee />
        <text>Introduced in House</text>
        <type>IntroReferral</type>
        <actionCode>Intro-H</actionCode>
      </item>
      <item>
        <sourceSystem>
          <code>9</code>
          <name>Library of Congress</name>
        </sourceSystem>
        <actionDate>2015-02-25</actionDate>
        <links />
        <committee />
        <text>Introduced in House</text>
        <type>IntroReferral</type>
        <actionCode>1000</actionCode>
      </item>
      <actionTypeCounts>
        <introducedInHouse>1</introducedInHouse>
        <introducedInTheHouse>1</introducedInTheHouse>
        <billReferrals>1</billReferrals>
      </actionTypeCounts>
      <actionByCounts>
        <houseOfRepresentatives>3</houseOfRepresentatives>
      </actionByCounts>
    </actions>
    <updateDate>2016-11-02T21:26:49Z</updateDate>
    <amendments />
    <introducedDate>2015-02-25</introducedDate>
    <originChamber>House</originChamber>
    <billNumber>1059</billNumber>
    <relatedBills />
    <calendarNumbers />
    <cosponsors>
      <item>
        <district>3</district>
        <fullName>Rep. Kelly, Mike [R-PA-3]</fullName>
        <sponsorshipWithdrawnDate />
        <bioguideId>K000376</bioguideId>
        <identifiers>
          <lisID>2051</lisID>
          <gpoId>8708</gpoId>
          <bioguideId>K000376</bioguideId>
        </identifiers>
        <party>R</party>
        <lastName>Kelly</lastName>
        <firstName>Mike</firstName>
        <state>PA</state>
        <isOriginalCosponsor>False</isOriginalCosponsor>
        <sponsorshipDate>2015-03-04</sponsorshipDate>
        <middleName />
      </item>
      <item>
        <district>24</district>
        <fullName>Rep. Marchant, Kenny [R-TX-24]</fullName>
        <sponsorshipWithdrawnDate />
        <bioguideId>M001158</bioguideId>
        <identifiers>
          <bioguideId>M001158</bioguideId>
          <gpoId>8766</gpoId>
          <lisID>1806</lisID>
        </identifiers>
        <party>R</party>
        <lastName>Marchant</lastName>
        <firstName>Kenny</firstName>
        <state>TX</state>
        <isOriginalCosponsor>False</isOriginalCosponsor>
        <sponsorshipDate>2015-03-04</sponsorshipDate>
        <middleName />
      </item>
      <item>
        <district>8</district>
        <fullName>Rep. Bishop, Mike [R-MI-8]</fullName>
        <sponsorshipWithdrawnDate />
        <bioguideId>B001293</bioguideId>
        <identifiers>
          <gpoId />
          <lisID>2249</lisID>
          <bioguideId>B001293</bioguideId>
        </identifiers>
        <party>R</party>
        <lastName>Bishop</lastName>
        <firstName>Mike</firstName>
        <state>MI</state>
        <isOriginalCosponsor>False</isOriginalCosponsor>
        <sponsorshipDate>2015-03-16</sponsorshipDate>
        <middleName />
      </item>
      <item>
        <district>1</district>
        <fullName>Rep. Blum, Rod [R-IA-1]</fullName>
        <sponsorshipWithdrawnDate />
        <bioguideId>B001294</bioguideId>
        <identifiers>
          <bioguideId>B001294</bioguideId>
          <lisID>2241</lisID>
          <gpoId />
        </identifiers>
        <party>R</party>
        <lastName>Blum</lastName>
        <firstName>Rod</firstName>
        <state>IA</state>
        <isOriginalCosponsor>False</isOriginalCosponsor>
        <sponsorshipDate>2015-03-16</sponsorshipDate>
        <middleName />
      </item>
      <item>
        <district>4</district>
        <fullName>Rep. Palazzo, Steven M. [R-MS-4]</fullName>
        <sponsorshipWithdrawnDate />
        <bioguideId>P000601</bioguideId>
        <identifiers>
          <lisID>2035</lisID>
          <bioguideId>P000601</bioguideId>
          <gpoId>8022</gpoId>
        </identifiers>
        <party>R</party>
        <lastName>Palazzo</lastName>
        <firstName>Steven</firstName>
        <state>MS</state>
        <isOriginalCosponsor>False</isOriginalCosponsor>
        <sponsorshipDate>2015-03-16</sponsorshipDate>
        <middleName>M.</middleName>
      </item>
      <item>
        <district>11</district>
        <fullName>Rep. Trott, David A. [R-MI-11]</fullName>
        <sponsorshipWithdrawnDate />
        <bioguideId>T000475</bioguideId>
        <identifiers>
          <bioguideId>T000475</bioguideId>
          <lisID>2250</lisID>
          <gpoId />
        </identifiers>
        <party>R</party>
        <lastName>Trott</lastName>
        <firstName>David</firstName>
        <state>MI</state>
        <isOriginalCosponsor>False</isOriginalCosponsor>
        <sponsorshipDate>2015-03-16</sponsorshipDate>
        <middleName>A.</middleName>
      </item>
      <item>
        <district>12</district>
        <fullName>Rep. Bost, Mike [R-IL-12]</fullName>
        <sponsorshipWithdrawnDate />
        <bioguideId>B001295</bioguideId>
        <identifiers>
          <lisID>2243</lisID>
          <bioguideId>B001295</bioguideId>
          <gpoId />
        </identifiers>
        <party>R</party>
        <lastName>Bost</lastName>
        <firstName>Mike</firstName>
        <state>IL</state>
        <isOriginalCosponsor>False</isOriginalCosponsor>
        <sponsorshipDate>2015-03-17</sponsorshipDate>
        <middleName />
      </item>
      <item>
        <district>6</district>
        <fullName>Rep. Grothman, Glenn [R-WI-6]</fullName>
        <sponsorshipWithdrawnDate />
        <bioguideId>G000576</bioguideId>
        <identifiers>
          <lisID>2276</lisID>
          <gpoId />
          <bioguideId>G000576</bioguideId>
        </identifiers>
        <party>R</party>
        <lastName>Grothman</lastName>
        <firstName>Glenn</firstName>
        <state>WI</state>
        <isOriginalCosponsor>False</isOriginalCosponsor>
        <sponsorshipDate>2015-03-24</sponsorshipDate>
        <middleName />
      </item>
      <item>
        <district>31</district>
        <fullName>Rep. Carter, John R. [R-TX-31]</fullName>
        <sponsorshipWithdrawnDate />
        <bioguideId>C001051</bioguideId>
        <identifiers>
          <bioguideId>C001051</bioguideId>
          <lisID>1752</lisID>
          <gpoId>8187</gpoId>
        </identifiers>
        <party>R</party>
        <lastName>Carter</lastName>
        <firstName>John</firstName>
        <state>TX</state>
        <isOriginalCosponsor>False</isOriginalCosponsor>
        <sponsorshipDate>2015-04-13</sponsorshipDate>
        <middleName>R.</middleName>
      </item>
      <item>
        <district>2</district>
        <fullName>Rep. Poliquin, Bruce [R-ME-2]</fullName>
        <sponsorshipWithdrawnDate />
        <bioguideId>P000611</bioguideId>
        <identifiers>
          <lisID>2247</lisID>
          <gpoId />
          <bioguideId>P000611</bioguideId>
        </identifiers>
        <party>R</party>
        <lastName>Poliquin</lastName>
        <firstName>Bruce</firstName>
        <state>ME</state>
        <isOriginalCosponsor>False</isOriginalCosponsor>
        <sponsorshipDate>2015-04-13</sponsorshipDate>
        <middleName />
      </item>
      <item>
        <district>12</district>
        <fullName>Rep. Bilirakis, Gus M. [R-FL-12]</fullName>
        <sponsorshipWithdrawnDate />
        <bioguideId>B001257</bioguideId>
        <identifiers>
          <bioguideId>B001257</bioguideId>
          <lisID>1838</lisID>
          <gpoId>7881</gpoId>
        </identifiers>
        <party>R</party>
        <lastName>Bilirakis</lastName>
        <firstName>Gus</firstName>
        <state>FL</state>
        <isOriginalCosponsor>False</isOriginalCosponsor>
        <sponsorshipDate>2015-04-23</sponsorshipDate>
        <middleName>M.</middleName>
      </item>
    </cosponsors>
    <congress>114</congress>
    <committees>
      <billCommittees>
        <item>
          <subcommittees />
          <activities>
            <item>
              <date>2015-02-25T15:01:40Z</date>
              <name>Referred to</name>
            </item>
          </activities>
          <type>Standing</type>
          <systemCode>hswm00</systemCode>
          <chamber>House</chamber>
          <name>Ways and Means Committee</name>
        </item>
      </billCommittees>
    </committees>
    <sponsors>
      <item>
        <fullName>Rep. Roskam, Peter J. [R-IL-6]</fullName>
        <lastName>Roskam</lastName>
        <byRequestType />
        <party>R</party>
        <state>IL</state>
        <middleName>J.</middleName>
        <firstName>Peter</firstName>
        <bioguideId>R000580</bioguideId>
        <district>6</district>
        <identifiers>
          <bioguideId>R000580</bioguideId>
          <gpoId>7926</gpoId>
          <lisID>1848</lisID>
        </identifiers>
      </item>
    </sponsors>
    <latestAction>
      <text>Referred to the House Committee on Ways and Means.</text>
      <actionDate>2015-02-25</actionDate>
      <links />
    </latestAction>
    <subjects>
      <billSubjects>
        <legislativeSubjects>
          <item>
            <name>Congressional oversight</name>
          </item>
          <item>
            <name>Political movements and philosophies</name>
          </item>
          <item>
            <name>Religion</name>
          </item>
          <item>
            <name>Tax administration and collection, taxpayers</name>
          </item>
        </legislativeSubjects>
        <policyArea>
          <name>Taxation</name>
        </policyArea>
      </billSubjects>
    </subjects>
    <constitutionalAuthorityStatementText><![CDATA[<pre>From the Congressional Record Online through the Government Publishing Office [<a href='http://www.gpo.gov'>www.gpo.gov</a>]By Mr. ROSKAM:H.R. 1059.Congress has the power to enact this legislation pursuantto the following:Article I, Section 8, Clause 18, which states that ``TheCongress shall have Power To make all Laws which shall benecessary and proper for carrying into Execution theforegoing Powers, and all other Powers vested by theConstitution in the Government of the United States, or inany Department or Officer thereof.''[Page H1164]</pre>]]></constitutionalAuthorityStatementText>
    <createDate>2015-02-26T06:14:49Z</createDate>
    <title>Protecting Taxpayers from Intrusive IRS Requests Act</title>
    <laws />
    <titles>
      <item>
        <title>Protecting Taxpayers from Intrusive IRS Requests Act</title>
        <chamberName />
        <chamberCode />
        <titleType>Short Titles as Introduced</titleType>
        <parentTitleType />
      </item>
      <item>
        <title>To prohibit the Internal Revenue Service from asking taxpayers questions regarding religious, political, or social beliefs.</title>
        <chamberName />
        <chamberCode />
        <titleType>Official Title as Introduced</titleType>
        <parentTitleType />
      </item>
      <item>
        <title>Protecting Taxpayers from Intrusive IRS Requests Act</title>
        <chamberName />
        <chamberCode />
        <titleType>Display Title</titleType>
        <parentTitleType />
      </item>
    </titles>
    <committeeReports />
    <notes />
    <cboCostEstimates />
  </bill>
  <dublinCore xmlns:dc="http://purl.org/dc/elements/1.1/">
    <dc:format>text/xml</dc:format>
    <dc:language>EN</dc:language>
    <dc:rights>Pursuant to Title 17 Section 105 of the United States Code, this file is not subject to copyright protection and is in the public domain.</dc:rights>
    <dc:contributor>Congressional Research Service, Library of Congress</dc:contributor>
    <dc:description>This file contains bill summaries and statuses for federal legislation. A bill summary describes the most significant provisions of a piece of legislation and details the effects the legislative text may have on current law and federal programs. Bill summaries are authored by the Congressional Research Service (CRS) of the Library of Congress. As stated in Public Law 91-510 (2 USC 166 (d)(6)), one of the duties of CRS is "to prepare summaries and digests of bills and resolutions of a public general nature introduced in the Senate or House of Representatives". For more information, refer to the User Guide that accompanies this file.</dc:description>
  </dublinCore>
</billStatus>

