<?xml version="1.0" encoding="UTF-8"?>
<billStatus>
  <bill>
    <committees>
      <billCommittees>
        <item>
          <subcommittees>
            <item>
              <systemCode>hsju10</systemCode>
              <activities>
                <item>
                  <date>2015-03-16T20:18:57Z</date>
                  <name>Referred to</name>
                </item>
              </activities>
              <name>Constitution and Civil Justice Subcommittee</name>
            </item>
          </subcommittees>
          <chamber>House</chamber>
          <systemCode>hsju00</systemCode>
          <activities>
            <item>
              <date>2015-02-10T17:03:00Z</date>
              <name>Referred to</name>
            </item>
          </activities>
          <type>Standing</type>
          <name>Judiciary Committee</name>
        </item>
      </billCommittees>
    </committees>
    <congress>114</congress>
    <billNumber>824</billNumber>
    <updateDate>2016-11-02T21:25:25Z</updateDate>
    <subjects>
      <billSubjects>
        <legislativeSubjects>
          <item>
            <name>Intergovernmental relations</name>
          </item>
          <item>
            <name>Marriage and family status</name>
          </item>
          <item>
            <name>Sex, gender, sexual orientation discrimination</name>
          </item>
          <item>
            <name>State and local government operations</name>
          </item>
        </legislativeSubjects>
        <policyArea>
          <name>Families</name>
        </policyArea>
      </billSubjects>
    </subjects>
    <policyArea>
      <name>Families</name>
    </policyArea>
    <summaries>
      <billSummaries>
        <item>
          <actionDate>2015-02-10</actionDate>
          <updateDate>2015-02-10T05:00:00Z</updateDate>
          <name>Introduced in House</name>
          <lastSummaryUpdateDate>2015-03-03T21:34:16Z</lastSummaryUpdateDate>
          <versionCode>00</versionCode>
          <actionDesc>Introduced in House</actionDesc>
          <text><![CDATA[<p><strong>State Marriage Defense Act of 2015</strong></p> <p>Prohibits, in determining the meaning of any Act of Congress or of any ruling, regulation, or interpretation of U.S. administrative bureaus and agencies as applied with respect to individuals domiciled in a state or in any other territory or possession of the United States: (1) the term "marriage" from including any relationship that the state, territory, or possession does not recognize as a marriage; and (2) the term "spouse" from including an individual who is a party to a relationship that is not recognized as a marriage by that state, territory, or possession.</p>]]></text>
        </item>
      </billSummaries>
    </summaries>
    <title>State Marriage Defense Act of 2015</title>
    <laws />
    <cosponsors>
      <item>
        <fullName>Rep. Palazzo, Steven M. [R-MS-4]</fullName>
        <lastName>Palazzo</lastName>
        <state>MS</state>
        <identifiers>
          <bioguideId>P000601</bioguideId>
          <lisID>2035</lisID>
          <gpoId>8022</gpoId>
        </identifiers>
        <bioguideId>P000601</bioguideId>
        <sponsorshipDate>2015-02-10</sponsorshipDate>
        <middleName>M.</middleName>
        <isOriginalCosponsor>True</isOriginalCosponsor>
        <party>R</party>
        <firstName>Steven</firstName>
        <district>4</district>
        <sponsorshipWithdrawnDate />
      </item>
      <item>
        <fullName>Rep. Sessions, Pete [R-TX-32]</fullName>
        <lastName>SESSIONS</lastName>
        <state>TX</state>
        <identifiers>
          <lisID>1525</lisID>
          <gpoId>8188</gpoId>
          <bioguideId>S000250</bioguideId>
        </identifiers>
        <bioguideId>S000250</bioguideId>
        <sponsorshipDate>2015-02-10</sponsorshipDate>
        <middleName />
        <isOriginalCosponsor>True</isOriginalCosponsor>
        <party>R</party>
        <firstName>PETE</firstName>
        <district>32</district>
        <sponsorshipWithdrawnDate />
      </item>
      <item>
        <fullName>Rep. Fincher, Stephen Lee [R-TN-8]</fullName>
        <lastName>Fincher</lastName>
        <state>TN</state>
        <identifiers>
          <bioguideId>F000458</bioguideId>
          <gpoId>8741</gpoId>
          <lisID>2064</lisID>
        </identifiers>
        <bioguideId>F000458</bioguideId>
        <sponsorshipDate>2015-02-10</sponsorshipDate>
        <middleName>Lee</middleName>
        <isOriginalCosponsor>True</isOriginalCosponsor>
        <party>R</party>
        <firstName>Stephen</firstName>
        <district>8</district>
        <sponsorshipWithdrawnDate />
      </item>
      <item>
        <fullName>Rep. Massie, Thomas [R-KY-4]</fullName>
        <lastName>Massie</lastName>
        <state>KY</state>
        <identifiers>
          <lisID>2094</lisID>
          <bioguideId>M001184</bioguideId>
          <gpoId>8371</gpoId>
        </identifiers>
        <bioguideId>M001184</bioguideId>
        <sponsorshipDate>2015-02-10</sponsorshipDate>
        <middleName />
        <isOriginalCosponsor>True</isOriginalCosponsor>
        <party>R</party>
        <firstName>Thomas</firstName>
        <district>4</district>
        <sponsorshipWithdrawnDate />
      </item>
      <item>
        <fullName>Rep. Bishop, Rob [R-UT-1]</fullName>
        <lastName>Bishop</lastName>
        <state>UT</state>
        <identifiers>
          <bioguideId>B001250</bioguideId>
          <gpoId>8189</gpoId>
          <lisID>1753</lisID>
        </identifiers>
        <bioguideId>B001250</bioguideId>
        <sponsorshipDate>2015-02-10</sponsorshipDate>
        <middleName />
        <isOriginalCosponsor>True</isOriginalCosponsor>
        <party>R</party>
        <firstName>Rob</firstName>
        <district>1</district>
        <sponsorshipWithdrawnDate />
      </item>
      <item>
        <fullName>Rep. Duncan, Jeff [R-SC-3]</fullName>
        <lastName>Duncan</lastName>
        <state>SC</state>
        <identifiers>
          <bioguideId>D000615</bioguideId>
          <lisID>2057</lisID>
          <gpoId>8143</gpoId>
        </identifiers>
        <bioguideId>D000615</bioguideId>
        <sponsorshipDate>2015-02-10</sponsorshipDate>
        <middleName />
        <isOriginalCosponsor>True</isOriginalCosponsor>
        <party>R</party>
        <firstName>Jeff</firstName>
        <district>3</district>
        <sponsorshipWithdrawnDate />
      </item>
      <item>
        <fullName>Rep. Gohmert, Louie [R-TX-1]</fullName>
        <lastName>Gohmert</lastName>
        <state>TX</state>
        <identifiers>
          <bioguideId>G000552</bioguideId>
          <gpoId>8157</gpoId>
          <lisID>1801</lisID>
        </identifiers>
        <bioguideId>G000552</bioguideId>
        <sponsorshipDate>2015-02-10</sponsorshipDate>
        <middleName />
        <isOriginalCosponsor>True</isOriginalCosponsor>
        <party>R</party>
        <firstName>Louie</firstName>
        <district>1</district>
        <sponsorshipWithdrawnDate />
      </item>
      <item>
        <fullName>Rep. Johnson, Sam [R-TX-3]</fullName>
        <lastName>JOHNSON</lastName>
        <state>TX</state>
        <identifiers>
          <bioguideId>J000174</bioguideId>
          <gpoId>8159</gpoId>
          <lisID>603</lisID>
        </identifiers>
        <bioguideId>J000174</bioguideId>
        <sponsorshipDate>2015-02-10</sponsorshipDate>
        <middleName />
        <isOriginalCosponsor>True</isOriginalCosponsor>
        <party>R</party>
        <firstName>SAM</firstName>
        <district>3</district>
        <sponsorshipWithdrawnDate />
      </item>
      <item>
        <fullName>Rep. DesJarlais, Scott [R-TN-4]</fullName>
        <lastName>DesJarlais</lastName>
        <state>TN</state>
        <identifiers>
          <gpoId>8151</gpoId>
          <lisID>2062</lisID>
          <bioguideId>D000616</bioguideId>
        </identifiers>
        <bioguideId>D000616</bioguideId>
        <sponsorshipDate>2015-02-10</sponsorshipDate>
        <middleName />
        <isOriginalCosponsor>True</isOriginalCosponsor>
        <party>R</party>
        <firstName>Scott</firstName>
        <district>4</district>
        <sponsorshipWithdrawnDate />
      </item>
      <item>
        <fullName>Rep. Pompeo, Mike [R-KS-4]</fullName>
        <lastName>Pompeo</lastName>
        <state>KS</state>
        <identifiers>
          <bioguideId>P000602</bioguideId>
          <gpoId>7952</gpoId>
          <lisID>2022</lisID>
        </identifiers>
        <bioguideId>P000602</bioguideId>
        <sponsorshipDate>2015-02-10</sponsorshipDate>
        <middleName />
        <isOriginalCosponsor>True</isOriginalCosponsor>
        <party>R</party>
        <firstName>Mike</firstName>
        <district>4</district>
        <sponsorshipWithdrawnDate />
      </item>
      <item>
        <fullName>Rep. Miller, Jeff [R-FL-1]</fullName>
        <lastName>Miller</lastName>
        <state>FL</state>
        <identifiers>
          <lisID>1685</lisID>
          <bioguideId>M001144</bioguideId>
          <gpoId>7873</gpoId>
        </identifiers>
        <bioguideId>M001144</bioguideId>
        <sponsorshipDate>2015-02-10</sponsorshipDate>
        <middleName />
        <isOriginalCosponsor>True</isOriginalCosponsor>
        <party>R</party>
        <firstName>Jeff</firstName>
        <district>1</district>
        <sponsorshipWithdrawnDate />
      </item>
      <item>
        <fullName>Rep. Collins, Doug [R-GA-9]</fullName>
        <lastName>Collins</lastName>
        <state>GA</state>
        <identifiers>
          <lisID>2121</lisID>
          <bioguideId>C001093</bioguideId>
          <gpoId />
        </identifiers>
        <bioguideId>C001093</bioguideId>
        <sponsorshipDate>2015-02-10</sponsorshipDate>
        <middleName />
        <isOriginalCosponsor>True</isOriginalCosponsor>
        <party>R</party>
        <firstName>Doug</firstName>
        <district>9</district>
        <sponsorshipWithdrawnDate />
      </item>
      <item>
        <fullName>Rep. Pitts, Joseph R. [R-PA-16]</fullName>
        <lastName>PITTS</lastName>
        <state>PA</state>
        <identifiers>
          <lisID>1514</lisID>
          <bioguideId>P000373</bioguideId>
          <gpoId>8134</gpoId>
        </identifiers>
        <bioguideId>P000373</bioguideId>
        <sponsorshipDate>2015-02-10</sponsorshipDate>
        <middleName>R.</middleName>
        <isOriginalCosponsor>True</isOriginalCosponsor>
        <party>R</party>
        <firstName>JOSEPH</firstName>
        <district>16</district>
        <sponsorshipWithdrawnDate />
      </item>
      <item>
        <fullName>Rep. Boustany, Charles W., Jr. [R-LA-3]</fullName>
        <lastName>Boustany</lastName>
        <state>LA</state>
        <identifiers>
          <gpoId>7965</gpoId>
          <lisID>1787</lisID>
          <bioguideId>B001255</bioguideId>
        </identifiers>
        <bioguideId>B001255</bioguideId>
        <sponsorshipDate>2015-02-10</sponsorshipDate>
        <middleName>W.</middleName>
        <isOriginalCosponsor>True</isOriginalCosponsor>
        <party>R</party>
        <firstName>Charles</firstName>
        <district>3</district>
        <sponsorshipWithdrawnDate />
      </item>
      <item>
        <fullName>Rep. Olson, Pete [R-TX-22]</fullName>
        <lastName>Olson</lastName>
        <state>TX</state>
        <identifiers>
          <gpoId>8178</gpoId>
          <lisID>1955</lisID>
          <bioguideId>O000168</bioguideId>
        </identifiers>
        <bioguideId>O000168</bioguideId>
        <sponsorshipDate>2015-02-10</sponsorshipDate>
        <middleName />
        <isOriginalCosponsor>True</isOriginalCosponsor>
        <party>R</party>
        <firstName>Pete</firstName>
        <district>22</district>
        <sponsorshipWithdrawnDate />
      </item>
      <item>
        <fullName>Rep. Latta, Robert E. [R-OH-5]</fullName>
        <lastName>Latta</lastName>
        <state>OH</state>
        <identifiers>
          <gpoId>8095</gpoId>
          <lisID>1885</lisID>
          <bioguideId>L000566</bioguideId>
        </identifiers>
        <bioguideId>L000566</bioguideId>
        <sponsorshipDate>2015-02-10</sponsorshipDate>
        <middleName>E.</middleName>
        <isOriginalCosponsor>True</isOriginalCosponsor>
        <party>R</party>
        <firstName>Robert</firstName>
        <district>5</district>
        <sponsorshipWithdrawnDate />
      </item>
      <item>
        <fullName>Rep. Palmer, Gary J. [R-AL-6]</fullName>
        <lastName>Palmer</lastName>
        <state>AL</state>
        <identifiers>
          <lisID>2221</lisID>
          <bioguideId>P000609</bioguideId>
          <gpoId />
        </identifiers>
        <bioguideId>P000609</bioguideId>
        <sponsorshipDate>2015-02-10</sponsorshipDate>
        <middleName>J.</middleName>
        <isOriginalCosponsor>True</isOriginalCosponsor>
        <party>R</party>
        <firstName>Gary</firstName>
        <district>6</district>
        <sponsorshipWithdrawnDate />
      </item>
      <item>
        <fullName>Rep. Farenthold, Blake [R-TX-27]</fullName>
        <lastName>Farenthold</lastName>
        <state>TX</state>
        <identifiers>
          <gpoId>8183</gpoId>
          <lisID>2067</lisID>
          <bioguideId>F000460</bioguideId>
        </identifiers>
        <bioguideId>F000460</bioguideId>
        <sponsorshipDate>2015-02-10</sponsorshipDate>
        <middleName />
        <isOriginalCosponsor>True</isOriginalCosponsor>
        <party>R</party>
        <firstName>Blake</firstName>
        <district>27</district>
        <sponsorshipWithdrawnDate />
      </item>
      <item>
        <fullName>Rep. Flores, Bill [R-TX-17]</fullName>
        <lastName>Flores</lastName>
        <state>TX</state>
        <identifiers>
          <bioguideId>F000461</bioguideId>
          <lisID>2065</lisID>
          <gpoId>8173</gpoId>
        </identifiers>
        <bioguideId>F000461</bioguideId>
        <sponsorshipDate>2015-02-10</sponsorshipDate>
        <middleName />
        <isOriginalCosponsor>True</isOriginalCosponsor>
        <party>R</party>
        <firstName>Bill</firstName>
        <district>17</district>
        <sponsorshipWithdrawnDate />
      </item>
      <item>
        <fullName>Rep. Pearce, Stevan [R-NM-2]</fullName>
        <lastName>Pearce</lastName>
        <state>NM</state>
        <identifiers>
          <lisID>1738</lisID>
          <gpoId>8057</gpoId>
          <bioguideId>P000588</bioguideId>
        </identifiers>
        <bioguideId>P000588</bioguideId>
        <sponsorshipDate>2015-02-10</sponsorshipDate>
        <middleName />
        <isOriginalCosponsor>True</isOriginalCosponsor>
        <party>R</party>
        <firstName>Stevan</firstName>
        <district>2</district>
        <sponsorshipWithdrawnDate />
      </item>
      <item>
        <fullName>Rep. Neugebauer, Randy [R-TX-19]</fullName>
        <lastName>Neugebauer</lastName>
        <state>TX</state>
        <identifiers>
          <lisID>1758</lisID>
          <bioguideId>N000182</bioguideId>
          <gpoId>8175</gpoId>
        </identifiers>
        <bioguideId>N000182</bioguideId>
        <sponsorshipDate>2015-02-10</sponsorshipDate>
        <middleName />
        <isOriginalCosponsor>True</isOriginalCosponsor>
        <party>R</party>
        <firstName>Randy</firstName>
        <district>19</district>
        <sponsorshipWithdrawnDate />
      </item>
      <item>
        <fullName>Rep. LaMalfa, Doug [R-CA-1]</fullName>
        <lastName>LaMalfa</lastName>
        <state>CA</state>
        <identifiers>
          <bioguideId>L000578</bioguideId>
          <lisID>2100</lisID>
          <gpoId />
        </identifiers>
        <bioguideId>L000578</bioguideId>
        <sponsorshipDate>2015-02-10</sponsorshipDate>
        <middleName />
        <isOriginalCosponsor>True</isOriginalCosponsor>
        <party>R</party>
        <firstName>Doug</firstName>
        <district>1</district>
        <sponsorshipWithdrawnDate />
      </item>
      <item>
        <fullName>Rep. Jones, Walter B., Jr. [R-NC-3]</fullName>
        <lastName>JONES</lastName>
        <state>NC</state>
        <identifiers>
          <bioguideId>J000255</bioguideId>
          <gpoId>8026</gpoId>
          <lisID>612</lisID>
        </identifiers>
        <bioguideId>J000255</bioguideId>
        <sponsorshipDate>2015-02-10</sponsorshipDate>
        <middleName>B.</middleName>
        <isOriginalCosponsor>True</isOriginalCosponsor>
        <party>R</party>
        <firstName>WALTER</firstName>
        <district>3</district>
        <sponsorshipWithdrawnDate />
      </item>
      <item>
        <fullName>Rep. Lamborn, Doug [R-CO-5]</fullName>
        <lastName>Lamborn</lastName>
        <state>CO</state>
        <identifiers>
          <lisID>1834</lisID>
          <gpoId>7863</gpoId>
          <bioguideId>L000564</bioguideId>
        </identifiers>
        <bioguideId>L000564</bioguideId>
        <sponsorshipDate>2015-02-12</sponsorshipDate>
        <middleName />
        <isOriginalCosponsor>False</isOriginalCosponsor>
        <party>R</party>
        <firstName>Doug</firstName>
        <district>5</district>
        <sponsorshipWithdrawnDate />
      </item>
      <item>
        <fullName>Rep. Babin, Brian [R-TX-36]</fullName>
        <lastName>Babin</lastName>
        <state>TX</state>
        <identifiers>
          <bioguideId>B001291</bioguideId>
          <lisID>2270</lisID>
          <gpoId />
        </identifiers>
        <bioguideId>B001291</bioguideId>
        <sponsorshipDate>2015-02-12</sponsorshipDate>
        <middleName />
        <isOriginalCosponsor>False</isOriginalCosponsor>
        <party>R</party>
        <firstName>Brian</firstName>
        <district>36</district>
        <sponsorshipWithdrawnDate />
      </item>
      <item>
        <fullName>Rep. Rothfus, Keith J. [R-PA-12]</fullName>
        <lastName>Rothfus</lastName>
        <state>PA</state>
        <identifiers>
          <lisID>2158</lisID>
          <gpoId />
          <bioguideId>R000598</bioguideId>
        </identifiers>
        <bioguideId>R000598</bioguideId>
        <sponsorshipDate>2015-02-12</sponsorshipDate>
        <middleName>J.</middleName>
        <isOriginalCosponsor>False</isOriginalCosponsor>
        <party>R</party>
        <firstName>Keith</firstName>
        <district>12</district>
        <sponsorshipWithdrawnDate />
      </item>
      <item>
        <fullName>Rep. Marchant, Kenny [R-TX-24]</fullName>
        <lastName>Marchant</lastName>
        <state>TX</state>
        <identifiers>
          <bioguideId>M001158</bioguideId>
          <lisID>1806</lisID>
          <gpoId>8766</gpoId>
        </identifiers>
        <bioguideId>M001158</bioguideId>
        <sponsorshipDate>2015-02-26</sponsorshipDate>
        <middleName />
        <isOriginalCosponsor>False</isOriginalCosponsor>
        <party>R</party>
        <firstName>Kenny</firstName>
        <district>24</district>
        <sponsorshipWithdrawnDate />
      </item>
      <item>
        <fullName>Rep. Forbes, J. Randy [R-VA-4]</fullName>
        <lastName>Forbes</lastName>
        <state>VA</state>
        <identifiers>
          <lisID>1683</lisID>
          <gpoId>8786</gpoId>
          <bioguideId>F000445</bioguideId>
        </identifiers>
        <bioguideId>F000445</bioguideId>
        <sponsorshipDate>2015-03-02</sponsorshipDate>
        <middleName>Randy</middleName>
        <isOriginalCosponsor>False</isOriginalCosponsor>
        <party>R</party>
        <firstName>J.</firstName>
        <district>4</district>
        <sponsorshipWithdrawnDate />
      </item>
      <item>
        <fullName>Rep. Rouzer, David [R-NC-7]</fullName>
        <lastName>Rouzer</lastName>
        <state>NC</state>
        <identifiers>
          <lisID>2256</lisID>
          <gpoId />
          <bioguideId>R000603</bioguideId>
        </identifiers>
        <bioguideId>R000603</bioguideId>
        <sponsorshipDate>2015-03-02</sponsorshipDate>
        <middleName />
        <isOriginalCosponsor>False</isOriginalCosponsor>
        <party>R</party>
        <firstName>David</firstName>
        <district>7</district>
        <sponsorshipWithdrawnDate />
      </item>
      <item>
        <fullName>Rep. Garrett, Scott [R-NJ-5]</fullName>
        <lastName>Garrett</lastName>
        <state>NJ</state>
        <identifiers>
          <bioguideId>G000548</bioguideId>
          <gpoId>8047</gpoId>
          <lisID>1737</lisID>
        </identifiers>
        <bioguideId>G000548</bioguideId>
        <sponsorshipDate>2015-03-02</sponsorshipDate>
        <middleName />
        <isOriginalCosponsor>False</isOriginalCosponsor>
        <party>R</party>
        <firstName>Scott</firstName>
        <district>5</district>
        <sponsorshipWithdrawnDate />
      </item>
      <item>
        <fullName>Rep. Whitfield, Ed [R-KY-1]</fullName>
        <lastName>WHITFIELD</lastName>
        <state>KY</state>
        <identifiers>
          <lisID>1222</lisID>
          <bioguideId>W000413</bioguideId>
          <gpoId>7953</gpoId>
        </identifiers>
        <bioguideId>W000413</bioguideId>
        <sponsorshipDate>2015-03-23</sponsorshipDate>
        <middleName />
        <isOriginalCosponsor>False</isOriginalCosponsor>
        <party>R</party>
        <firstName>EDWARD</firstName>
        <district>1</district>
        <sponsorshipWithdrawnDate />
      </item>
      <item>
        <fullName>Rep. Walberg, Tim [R-MI-7]</fullName>
        <lastName>Walberg</lastName>
        <state>MI</state>
        <identifiers>
          <bioguideId>W000798</bioguideId>
          <lisID>1855</lisID>
          <gpoId>7992</gpoId>
        </identifiers>
        <bioguideId>W000798</bioguideId>
        <sponsorshipDate>2015-03-23</sponsorshipDate>
        <middleName />
        <isOriginalCosponsor>False</isOriginalCosponsor>
        <party>R</party>
        <firstName>Tim</firstName>
        <district>7</district>
        <sponsorshipWithdrawnDate />
      </item>
      <item>
        <fullName>Rep. Ratcliffe, John [R-TX-4]</fullName>
        <lastName>Ratcliffe</lastName>
        <state>TX</state>
        <identifiers>
          <bioguideId>R000601</bioguideId>
          <lisID>2268</lisID>
          <gpoId />
        </identifiers>
        <bioguideId>R000601</bioguideId>
        <sponsorshipDate>2015-03-23</sponsorshipDate>
        <middleName />
        <isOriginalCosponsor>False</isOriginalCosponsor>
        <party>R</party>
        <firstName>John</firstName>
        <district>4</district>
        <sponsorshipWithdrawnDate />
      </item>
      <item>
        <fullName>Rep. Scott, Austin [R-GA-8]</fullName>
        <lastName>Scott</lastName>
        <state>GA</state>
        <identifiers>
          <bioguideId>S001189</bioguideId>
          <gpoId>7905</gpoId>
          <lisID>2009</lisID>
        </identifiers>
        <bioguideId>S001189</bioguideId>
        <sponsorshipDate>2015-03-26</sponsorshipDate>
        <middleName />
        <isOriginalCosponsor>False</isOriginalCosponsor>
        <party>R</party>
        <firstName>Austin</firstName>
        <district>8</district>
        <sponsorshipWithdrawnDate />
      </item>
      <item>
        <fullName>Rep. Lummis, Cynthia M. [R-WY-At Large]</fullName>
        <lastName>Lummis</lastName>
        <state>WY</state>
        <identifiers>
          <lisID>1960</lisID>
          <bioguideId>L000571</bioguideId>
          <gpoId>8225</gpoId>
        </identifiers>
        <bioguideId>L000571</bioguideId>
        <sponsorshipDate>2015-06-23</sponsorshipDate>
        <middleName>M.</middleName>
        <isOriginalCosponsor>False</isOriginalCosponsor>
        <party>R</party>
        <firstName>Cynthia</firstName>
        <district>0</district>
        <sponsorshipWithdrawnDate />
      </item>
      <item>
        <fullName>Rep. Hultgren, Randy [R-IL-14]</fullName>
        <lastName>Hultgren</lastName>
        <state>IL</state>
        <identifiers>
          <lisID>2015</lisID>
          <gpoId>7934</gpoId>
          <bioguideId>H001059</bioguideId>
        </identifiers>
        <bioguideId>H001059</bioguideId>
        <sponsorshipDate>2015-06-24</sponsorshipDate>
        <middleName />
        <isOriginalCosponsor>False</isOriginalCosponsor>
        <party>R</party>
        <firstName>Randy</firstName>
        <district>14</district>
        <sponsorshipWithdrawnDate />
      </item>
      <item>
        <fullName>Rep. Harris, Andy [R-MD-1]</fullName>
        <lastName>Harris</lastName>
        <state>MD</state>
        <identifiers>
          <lisID>2026</lisID>
          <gpoId>7976</gpoId>
          <bioguideId>H001052</bioguideId>
        </identifiers>
        <bioguideId>H001052</bioguideId>
        <sponsorshipDate>2015-07-08</sponsorshipDate>
        <middleName />
        <isOriginalCosponsor>False</isOriginalCosponsor>
        <party>R</party>
        <firstName>Andy</firstName>
        <district>1</district>
        <sponsorshipWithdrawnDate />
      </item>
      <item>
        <fullName>Rep. Fleming, John [R-LA-4]</fullName>
        <lastName>Fleming</lastName>
        <state>LA</state>
        <identifiers>
          <lisID>1924</lisID>
          <gpoId>7962</gpoId>
          <bioguideId>F000456</bioguideId>
        </identifiers>
        <bioguideId>F000456</bioguideId>
        <sponsorshipDate>2015-11-03</sponsorshipDate>
        <middleName />
        <isOriginalCosponsor>False</isOriginalCosponsor>
        <party>R</party>
        <firstName>John</firstName>
        <district>4</district>
        <sponsorshipWithdrawnDate />
      </item>
    </cosponsors>
    <billType>HR</billType>
    <cboCostEstimates />
    <recordedVotes />
    <relatedBills>
      <item>
        <latestAction>
          <actionDate>2015-02-10</actionDate>
          <text>Read twice and referred to the Committee on the Judiciary.</text>
        </latestAction>
        <number>435</number>
        <congress>114</congress>
        <type>S</type>
        <latestTitle>State Marriage Defense Act of 2015</latestTitle>
        <relationshipDetails>
          <item>
            <identifiedBy>CRS</identifiedBy>
            <type>Identical bill</type>
          </item>
        </relationshipDetails>
      </item>
    </relatedBills>
    <actions>
      <actionTypeCounts>
        <placeholderTextForH>1</placeholderTextForH>
        <billReferrals>1</billReferrals>
        <introducedInTheHouse>1</introducedInTheHouse>
        <introducedInHouse>1</introducedInHouse>
      </actionTypeCounts>
      <item>
        <actionDate>2015-03-16</actionDate>
        <committee>
          <name>Constitution and Civil Justice Subcommittee</name>
          <systemCode>hsju10</systemCode>
        </committee>
        <links />
        <sourceSystem>
          <code>1</code>
          <name>House committee actions</name>
        </sourceSystem>
        <text>Referred to the Subcommittee on the Constitution and Civil Justice.</text>
        <type>Committee</type>
      </item>
      <item>
        <actionDate>2015-02-10</actionDate>
        <sourceSystem>
          <code>2</code>
          <name>House floor actions</name>
        </sourceSystem>
        <text>Referred to the House Committee on the Judiciary.</text>
        <type>IntroReferral</type>
        <links />
        <actionCode>H11100</actionCode>
        <committee>
          <name>Judiciary Committee</name>
          <systemCode>hsju00</systemCode>
        </committee>
      </item>
      <item>
        <actionDate>2015-02-10</actionDate>
        <sourceSystem>
          <code>9</code>
          <name>Library of Congress</name>
        </sourceSystem>
        <text>Introduced in House</text>
        <type>IntroReferral</type>
        <links />
        <actionCode>Intro-H</actionCode>
        <committee />
      </item>
      <item>
        <actionDate>2015-02-10</actionDate>
        <sourceSystem>
          <code>9</code>
          <name>Library of Congress</name>
        </sourceSystem>
        <text>Introduced in House</text>
        <type>IntroReferral</type>
        <links />
        <actionCode>1000</actionCode>
        <committee />
      </item>
      <actionByCounts>
        <houseOfRepresentatives>4</houseOfRepresentatives>
      </actionByCounts>
    </actions>
    <notes />
    <latestAction>
      <actionDate>2015-03-16</actionDate>
      <links />
      <text>Referred to the Subcommittee on the Constitution and Civil Justice.</text>
    </latestAction>
    <introducedDate>2015-02-10</introducedDate>
    <sponsors>
      <item>
        <fullName>Rep. Weber, Randy K., Sr. [R-TX-14]</fullName>
        <firstName>Randy</firstName>
        <byRequestType />
        <identifiers>
          <gpoId />
          <lisID>2161</lisID>
          <bioguideId>W000814</bioguideId>
        </identifiers>
        <middleName>K.</middleName>
        <bioguideId>W000814</bioguideId>
        <district>14</district>
        <party>R</party>
        <state>TX</state>
        <lastName>Weber</lastName>
      </item>
    </sponsors>
    <constitutionalAuthorityStatementText><![CDATA[<pre>From the Congressional Record Online through the Government Publishing Office [<a href='http://www.gpo.gov'>www.gpo.gov</a>]By Mr. WEBER of Texas:H.R. 824.Congress has the power to enact this legislation pursuantto the following:Article 1, Section 8, Clause 1 of the United StatesConstitution, which states that ``The Congress shall havePower to lay and collect taxes, duties, imposts and excises,to pay the debts and provide for the common defense andgeneral welfare of the United States; but all duties impostand excises shall be uniform throughout the United States;''and Article 1, Section 8, Clause 18 of the Constitution,which states that Congress shall have power ``To make alllaws which shall be necessary and proper for carrying intoexecution the foregoing powers, and all other powers vestedby this Constitution in the Government of the Untied States,or in any Department or Officer thereof.''[Page H917]</pre>]]></constitutionalAuthorityStatementText>
    <calendarNumbers />
    <committeeReports />
    <amendments />
    <createDate>2015-02-11T04:46:13Z</createDate>
    <originChamber>House</originChamber>
    <titles>
      <item>
        <parentTitleType />
        <titleType>Short Titles as Introduced</titleType>
        <title>State Marriage Defense Act of 2015</title>
        <chamberCode />
        <chamberName />
      </item>
      <item>
        <parentTitleType />
        <titleType>Official Title as Introduced</titleType>
        <title>To amend chapter 1 of title 1, United States Code, with regard to the definition of "marriage" and "spouse" for Federal purposes and to ensure respect for State regulation of marriage.</title>
        <chamberCode />
        <chamberName />
      </item>
      <item>
        <parentTitleType />
        <titleType>Display Title</titleType>
        <title>State Marriage Defense Act of 2015</title>
        <chamberCode />
        <chamberName />
      </item>
    </titles>
  </bill>
  <dublinCore xmlns:dc="http://purl.org/dc/elements/1.1/">
    <dc:format>text/xml</dc:format>
    <dc:language>EN</dc:language>
    <dc:rights>Pursuant to Title 17 Section 105 of the United States Code, this file is not subject to copyright protection and is in the public domain.</dc:rights>
    <dc:contributor>Congressional Research Service, Library of Congress</dc:contributor>
    <dc:description>This file contains bill summaries and statuses for federal legislation. A bill summary describes the most significant provisions of a piece of legislation and details the effects the legislative text may have on current law and federal programs. Bill summaries are authored by the Congressional Research Service (CRS) of the Library of Congress. As stated in Public Law 91-510 (2 USC 166 (d)(6)), one of the duties of CRS is "to prepare summaries and digests of bills and resolutions of a public general nature introduced in the Senate or House of Representatives". For more information, refer to the User Guide that accompanies this file.</dc:description>
  </dublinCore>
</billStatus>

