<?xml version="1.0" encoding="UTF-8"?>
<billStatus>
  <bill>
    <title>Dorothy I. Height and Whitney M. Young, Jr., Social Work Reinvestment Act</title>
    <updateDate>2016-11-02T21:33:30Z</updateDate>
    <relatedBills>
      <item>
        <latestAction>
          <actionDate>2015-03-18</actionDate>
          <text>Read twice and referred to the Committee on Health, Education, Labor, and Pensions.</text>
        </latestAction>
        <type>S</type>
        <congress>114</congress>
        <latestTitle>Dorothy I. Height and Whitney M. Young, Jr., Social Work Reinvestment Act</latestTitle>
        <number>789</number>
        <relationshipDetails>
          <item>
            <identifiedBy>CRS</identifiedBy>
            <type>Related bill</type>
          </item>
        </relationshipDetails>
      </item>
    </relatedBills>
    <introducedDate>2015-03-16</introducedDate>
    <originChamber>House</originChamber>
    <cboCostEstimates />
    <policyArea>
      <name>Social Welfare</name>
    </policyArea>
    <congress>114</congress>
    <billNumber>1378</billNumber>
    <billType>HR</billType>
    <amendments />
    <recordedVotes />
    <committees>
      <billCommittees>
        <item>
          <subcommittees>
            <item>
              <systemCode>hsed13</systemCode>
              <name>Higher Education and Workforce Training Subcommittee</name>
              <activities>
                <item>
                  <name>Referred to</name>
                  <date>2015-04-29T14:32:00Z</date>
                </item>
              </activities>
            </item>
          </subcommittees>
          <systemCode>hsed00</systemCode>
          <activities>
            <item>
              <name>Referred to</name>
              <date>2015-03-16T16:02:00Z</date>
            </item>
          </activities>
          <chamber>House</chamber>
          <name>Education and the Workforce Committee</name>
          <type>Standing</type>
        </item>
      </billCommittees>
    </committees>
    <laws />
    <subjects>
      <billSubjects>
        <legislativeSubjects>
          <item>
            <name>Advisory bodies</name>
          </item>
          <item>
            <name>Congressional oversight</name>
          </item>
          <item>
            <name>Department of Health and Human Services</name>
          </item>
          <item>
            <name>Education programs funding</name>
          </item>
          <item>
            <name>Executive agency funding and structure</name>
          </item>
          <item>
            <name>Government information and archives</name>
          </item>
          <item>
            <name>Government studies and investigations</name>
          </item>
          <item>
            <name>Higher education</name>
          </item>
          <item>
            <name>Licensing and registrations</name>
          </item>
          <item>
            <name>Policy sciences</name>
          </item>
          <item>
            <name>Public contracts and procurement</name>
          </item>
          <item>
            <name>Research administration and funding</name>
          </item>
          <item>
            <name>Social work, volunteer service, charitable organizations</name>
          </item>
          <item>
            <name>Student aid and college costs</name>
          </item>
          <item>
            <name>Wages and earnings</name>
          </item>
          <item>
            <name>Worker safety and health</name>
          </item>
        </legislativeSubjects>
        <policyArea>
          <name>Social Welfare</name>
        </policyArea>
      </billSubjects>
    </subjects>
    <notes />
    <committeeReports />
    <actions>
      <actionTypeCounts>
        <placeholderTextForH>1</placeholderTextForH>
        <billReferrals>1</billReferrals>
        <introducedInHouse>1</introducedInHouse>
        <introducedInTheHouse>1</introducedInTheHouse>
      </actionTypeCounts>
      <item>
        <actionDate>2015-04-29</actionDate>
        <committee>
          <systemCode>hsed13</systemCode>
          <name>Higher Education and Workforce Training Subcommittee</name>
        </committee>
        <links />
        <sourceSystem>
          <code>1</code>
          <name>House committee actions</name>
        </sourceSystem>
        <text>Referred to the Subcommittee on Higher Education and Workforce Training.</text>
        <type>Committee</type>
      </item>
      <item>
        <actionDate>2015-03-16</actionDate>
        <text>Referred to the House Committee on Education and the Workforce.</text>
        <type>IntroReferral</type>
        <committee>
          <systemCode>hsed00</systemCode>
          <name>Education and the Workforce Committee</name>
        </committee>
        <links />
        <sourceSystem>
          <code>2</code>
          <name>House floor actions</name>
        </sourceSystem>
        <actionCode>H11100</actionCode>
      </item>
      <item>
        <actionDate>2015-03-16</actionDate>
        <text>Introduced in House</text>
        <type>IntroReferral</type>
        <committee />
        <links />
        <sourceSystem>
          <code>9</code>
          <name>Library of Congress</name>
        </sourceSystem>
        <actionCode>Intro-H</actionCode>
      </item>
      <item>
        <actionDate>2015-03-16</actionDate>
        <text>Introduced in House</text>
        <type>IntroReferral</type>
        <committee />
        <links />
        <sourceSystem>
          <code>9</code>
          <name>Library of Congress</name>
        </sourceSystem>
        <actionCode>1000</actionCode>
      </item>
      <actionByCounts>
        <houseOfRepresentatives>4</houseOfRepresentatives>
      </actionByCounts>
    </actions>
    <calendarNumbers />
    <latestAction>
      <links />
      <actionDate>2015-04-29</actionDate>
      <text>Referred to the Subcommittee on Higher Education and Workforce Training.</text>
    </latestAction>
    <titles>
      <item>
        <chamberCode />
        <chamberName />
        <title>Dorothy I. Height and Whitney M. Young, Jr., Social Work Reinvestment Act</title>
        <parentTitleType />
        <titleType>Short Titles as Introduced</titleType>
      </item>
      <item>
        <chamberCode />
        <chamberName />
        <title>To establish the Social Work Reinvestment Commission to provide independent counsel to Congress and the Secretary of Health and Human Services on policy issues related to recruitment, retention, research, and reinvestment in the profession of social work, and for other purposes.</title>
        <parentTitleType />
        <titleType>Official Title as Introduced</titleType>
      </item>
      <item>
        <chamberCode />
        <chamberName />
        <title>Dorothy I. Height and Whitney M. Young, Jr., Social Work Reinvestment Act</title>
        <parentTitleType />
        <titleType>Display Title</titleType>
      </item>
    </titles>
    <summaries>
      <billSummaries>
        <item>
          <text><![CDATA[<p><b>Dorothy I. Height and Whitney M. Young Jr., Social Work Reinvestment Act</b></p> <p> This bill directs the Secretary of Health and Human Services to establish the Social Work Reinvestment Commission to provide independent counsel to Congress and the Secretary on policy issues related to recruitment, retention, research, and reinvestment in the profession of social work.</p> <p>The Commission shall study issues facing the social work profession, including: (1) fair market compensation, high educational debt, social work workforce trends, translating social work research to practice, and social work safety; and (2) state-level social work licensure policies and reciprocity agreements for providing services across state lines. <p>The Secretary is directed to award grants to four eligible entities, including at least two agencies of state or local governments, to assist them in carrying out a workplace improvement program to address concerns for the social work profession.</p> <p>The Secretary shall also award grants to: (1) 25 social workers who hold a doctoral degree in social work for postdoctoral research in social work, (2) 20 eligible institutions of higher education to support the recruitment and education of social work students in advanced degree programs and the professional development of social work faculty, and (3) six eligible covered entities to test and replicate effective social work interventions.</p> <p>The Secretary shall contract with a national social work entity that serves as a coordinating center to: (1) engage in activities to build on the efforts of the National Association of Social Workers National Center for Workforce Studies; (2) collect, coordinate, monitor, and distribute data and information on best practices and findings regarding grant-funded activities; (3) report to the Secretary recommendations on the need to recruit new social workers, retain current social worker, conduct social worker research, and reinvest in the profession of social work; and (4) select research topics to further the goals of this Act.</p> <p>The Secretary must develop and issue public service announcements that advertise and promote the social work profession.</p>]]></text>
          <versionCode>00</versionCode>
          <actionDesc>Introduced in House</actionDesc>
          <lastSummaryUpdateDate>2015-04-28T20:19:20Z</lastSummaryUpdateDate>
          <updateDate>2015-03-16T04:00:00Z</updateDate>
          <actionDate>2015-03-16</actionDate>
          <name>Introduced in House</name>
        </item>
      </billSummaries>
    </summaries>
    <constitutionalAuthorityStatementText><![CDATA[<pre>From the Congressional Record Online through the Government Publishing Office [<a href='http://www.gpo.gov'>www.gpo.gov</a>]By Ms. LEE:H.R. 1378.Congress has the power to enact this legislation pursuantto the following:This bill is enacted pursuant to the power granted toCongress under Article I of the United States Constitutionand its subsequent amendments, and further clarified andinterpreted by the Supreme Court of the United States.[Page H1662]</pre>]]></constitutionalAuthorityStatementText>
    <createDate>2015-03-17T05:46:42Z</createDate>
    <sponsors>
      <item>
        <state>CA</state>
        <fullName>Rep. Lee, Barbara [D-CA-13]</fullName>
        <middleName />
        <identifiers>
          <gpoId>7814</gpoId>
          <lisID>1501</lisID>
          <bioguideId>L000551</bioguideId>
        </identifiers>
        <firstName>BARBARA</firstName>
        <lastName>LEE</lastName>
        <bioguideId>L000551</bioguideId>
        <district>13</district>
        <byRequestType />
        <party>D</party>
      </item>
    </sponsors>
    <cosponsors>
      <item>
        <fullName>Rep. Scott, David [D-GA-13]</fullName>
        <lastName>Scott</lastName>
        <bioguideId>S001157</bioguideId>
        <party>D</party>
        <district>13</district>
        <sponsorshipWithdrawnDate />
        <state>GA</state>
        <isOriginalCosponsor>True</isOriginalCosponsor>
        <sponsorshipDate>2015-03-16</sponsorshipDate>
        <middleName />
        <firstName>David</firstName>
        <identifiers>
          <gpoId>7910</gpoId>
          <lisID>1722</lisID>
          <bioguideId>S001157</bioguideId>
        </identifiers>
      </item>
      <item>
        <fullName>Rep. Lewis, John [D-GA-5]</fullName>
        <lastName>LEWIS</lastName>
        <bioguideId>L000287</bioguideId>
        <party>D</party>
        <district>5</district>
        <sponsorshipWithdrawnDate />
        <state>GA</state>
        <isOriginalCosponsor>True</isOriginalCosponsor>
        <sponsorshipDate>2015-03-16</sponsorshipDate>
        <middleName />
        <firstName>JOHN</firstName>
        <identifiers>
          <lisID>688</lisID>
          <gpoId>7902</gpoId>
          <bioguideId>L000287</bioguideId>
        </identifiers>
      </item>
      <item>
        <fullName>Rep. Rangel, Charles B. [D-NY-13]</fullName>
        <lastName>RANGEL</lastName>
        <bioguideId>R000053</bioguideId>
        <party>D</party>
        <district>13</district>
        <sponsorshipWithdrawnDate />
        <state>NY</state>
        <isOriginalCosponsor>True</isOriginalCosponsor>
        <sponsorshipDate>2015-03-16</sponsorshipDate>
        <middleName>B.</middleName>
        <firstName>CHARLES</firstName>
        <identifiers>
          <bioguideId>R000053</bioguideId>
          <lisID>944</lisID>
          <gpoId>8076</gpoId>
        </identifiers>
      </item>
      <item>
        <fullName>Rep. Norton, Eleanor Holmes [D-DC-At Large]</fullName>
        <lastName>NORTON</lastName>
        <bioguideId>N000147</bioguideId>
        <party>D</party>
        <district>0</district>
        <sponsorshipWithdrawnDate />
        <state>DC</state>
        <isOriginalCosponsor>True</isOriginalCosponsor>
        <sponsorshipDate>2015-03-16</sponsorshipDate>
        <middleName>HOLMES</middleName>
        <firstName>ELEANOR</firstName>
        <identifiers>
          <lisID>868</lisID>
          <gpoId>7871</gpoId>
          <bioguideId>N000147</bioguideId>
        </identifiers>
      </item>
      <item>
        <fullName>Rep. Clarke, Yvette D. [D-NY-9]</fullName>
        <lastName>Clarke</lastName>
        <bioguideId>C001067</bioguideId>
        <party>D</party>
        <district>9</district>
        <sponsorshipWithdrawnDate />
        <state>NY</state>
        <isOriginalCosponsor>True</isOriginalCosponsor>
        <sponsorshipDate>2015-03-16</sponsorshipDate>
        <middleName>D.</middleName>
        <firstName>Yvette</firstName>
        <identifiers>
          <bioguideId>C001067</bioguideId>
          <gpoId>8072</gpoId>
          <lisID>1864</lisID>
        </identifiers>
      </item>
      <item>
        <fullName>Rep. Meeks, Gregory W. [D-NY-5]</fullName>
        <lastName>MEEKS</lastName>
        <bioguideId>M001137</bioguideId>
        <party>D</party>
        <district>5</district>
        <sponsorshipWithdrawnDate />
        <state>NY</state>
        <isOriginalCosponsor>True</isOriginalCosponsor>
        <sponsorshipDate>2015-03-16</sponsorshipDate>
        <middleName>W.</middleName>
        <firstName>GREGORY</firstName>
        <identifiers>
          <lisID>1506</lisID>
          <bioguideId>M001137</bioguideId>
          <gpoId>8067</gpoId>
        </identifiers>
      </item>
      <item>
        <fullName>Rep. Rush, Bobby L. [D-IL-1]</fullName>
        <lastName>RUSH</lastName>
        <bioguideId>R000515</bioguideId>
        <party>D</party>
        <district>1</district>
        <sponsorshipWithdrawnDate />
        <state>IL</state>
        <isOriginalCosponsor>True</isOriginalCosponsor>
        <sponsorshipDate>2015-03-16</sponsorshipDate>
        <middleName>L.</middleName>
        <firstName>BOBBY</firstName>
        <identifiers>
          <bioguideId>R000515</bioguideId>
          <gpoId>7921</gpoId>
          <lisID>1003</lisID>
        </identifiers>
      </item>
      <item>
        <fullName>Rep. Gutierrez, Luis V. [D-IL-4]</fullName>
        <lastName>GUTIERREZ</lastName>
        <bioguideId>G000535</bioguideId>
        <party>D</party>
        <district>4</district>
        <sponsorshipWithdrawnDate />
        <state>IL</state>
        <isOriginalCosponsor>True</isOriginalCosponsor>
        <sponsorshipDate>2015-03-16</sponsorshipDate>
        <middleName>V.</middleName>
        <firstName>LUIS</firstName>
        <identifiers>
          <gpoId>7924</gpoId>
          <lisID>478</lisID>
          <bioguideId>G000535</bioguideId>
        </identifiers>
      </item>
      <item>
        <fullName>Rep. Hastings, Alcee L. [D-FL-20]</fullName>
        <lastName>HASTINGS</lastName>
        <bioguideId>H000324</bioguideId>
        <party>D</party>
        <district>20</district>
        <sponsorshipWithdrawnDate />
        <state>FL</state>
        <isOriginalCosponsor>True</isOriginalCosponsor>
        <sponsorshipDate>2015-03-16</sponsorshipDate>
        <middleName>L.</middleName>
        <firstName>ALCEE</firstName>
        <identifiers>
          <gpoId>7895</gpoId>
          <lisID>511</lisID>
          <bioguideId>H000324</bioguideId>
        </identifiers>
      </item>
      <item>
        <fullName>Rep. Grijalva, Raul M. [D-AZ-3]</fullName>
        <lastName>Grijalva</lastName>
        <bioguideId>G000551</bioguideId>
        <party>D</party>
        <district>3</district>
        <sponsorshipWithdrawnDate />
        <state>AZ</state>
        <isOriginalCosponsor>True</isOriginalCosponsor>
        <sponsorshipDate>2015-03-16</sponsorshipDate>
        <middleName>M.</middleName>
        <firstName>Raul</firstName>
        <identifiers>
          <gpoId>7804</gpoId>
          <lisID>1708</lisID>
          <bioguideId>G000551</bioguideId>
        </identifiers>
      </item>
      <item>
        <fullName>Rep. Bishop, Sanford D., Jr. [D-GA-2]</fullName>
        <lastName>BISHOP</lastName>
        <bioguideId>B000490</bioguideId>
        <party>D</party>
        <district>2</district>
        <sponsorshipWithdrawnDate />
        <state>GA</state>
        <isOriginalCosponsor>True</isOriginalCosponsor>
        <sponsorshipDate>2015-03-16</sponsorshipDate>
        <middleName>D.</middleName>
        <firstName>SANFORD</firstName>
        <identifiers>
          <lisID>91</lisID>
          <gpoId>7899</gpoId>
          <bioguideId>B000490</bioguideId>
        </identifiers>
      </item>
      <item>
        <fullName>Rep. Conyers, John, Jr. [D-MI-13]</fullName>
        <lastName>CONYERS</lastName>
        <bioguideId>C000714</bioguideId>
        <party>D</party>
        <district>13</district>
        <sponsorshipWithdrawnDate />
        <state>MI</state>
        <isOriginalCosponsor>True</isOriginalCosponsor>
        <sponsorshipDate>2015-03-16</sponsorshipDate>
        <middleName />
        <firstName>JOHN</firstName>
        <identifiers>
          <gpoId>7999</gpoId>
          <lisID>229</lisID>
          <bioguideId>C000714</bioguideId>
        </identifiers>
      </item>
      <item>
        <fullName>Rep. Brown, Corrine [D-FL-5]</fullName>
        <lastName>BROWN</lastName>
        <bioguideId>B000911</bioguideId>
        <party>D</party>
        <district>5</district>
        <sponsorshipWithdrawnDate />
        <state>FL</state>
        <isOriginalCosponsor>True</isOriginalCosponsor>
        <sponsorshipDate>2015-03-16</sponsorshipDate>
        <middleName />
        <firstName>CORRINE</firstName>
        <identifiers>
          <lisID>132</lisID>
          <gpoId>7875</gpoId>
          <bioguideId>B000911</bioguideId>
        </identifiers>
      </item>
      <item>
        <fullName>Rep. Ellison, Keith [D-MN-5]</fullName>
        <lastName>Ellison</lastName>
        <bioguideId>E000288</bioguideId>
        <party>D</party>
        <district>5</district>
        <sponsorshipWithdrawnDate />
        <state>MN</state>
        <isOriginalCosponsor>True</isOriginalCosponsor>
        <sponsorshipDate>2015-03-16</sponsorshipDate>
        <middleName />
        <firstName>Keith</firstName>
        <identifiers>
          <lisID>1857</lisID>
          <bioguideId>E000288</bioguideId>
          <gpoId>8005</gpoId>
        </identifiers>
      </item>
      <item>
        <fullName>Rep. Tsongas, Niki [D-MA-3]</fullName>
        <lastName>Tsongas</lastName>
        <bioguideId>T000465</bioguideId>
        <party>D</party>
        <district>3</district>
        <sponsorshipWithdrawnDate />
        <state>MA</state>
        <isOriginalCosponsor>True</isOriginalCosponsor>
        <sponsorshipDate>2015-03-16</sponsorshipDate>
        <middleName />
        <firstName>Niki</firstName>
        <identifiers>
          <lisID>1884</lisID>
          <gpoId>7970</gpoId>
          <bioguideId>T000465</bioguideId>
        </identifiers>
      </item>
      <item>
        <fullName>Rep. Clay, Wm. Lacy [D-MO-1]</fullName>
        <lastName>CLAY</lastName>
        <bioguideId>C001049</bioguideId>
        <party>D</party>
        <district>1</district>
        <sponsorshipWithdrawnDate />
        <state>MO</state>
        <isOriginalCosponsor>True</isOriginalCosponsor>
        <sponsorshipDate>2015-03-16</sponsorshipDate>
        <middleName>LACY</middleName>
        <firstName>WM.</firstName>
        <identifiers>
          <bioguideId>C001049</bioguideId>
          <lisID>1654</lisID>
          <gpoId>8009</gpoId>
        </identifiers>
      </item>
      <item>
        <fullName>Rep. Carson, Andre [D-IN-7]</fullName>
        <lastName>Carson</lastName>
        <bioguideId>C001072</bioguideId>
        <party>D</party>
        <district>7</district>
        <sponsorshipWithdrawnDate />
        <state>IN</state>
        <isOriginalCosponsor>True</isOriginalCosponsor>
        <sponsorshipDate>2015-03-16</sponsorshipDate>
        <middleName />
        <firstName>Andre</firstName>
        <identifiers>
          <lisID>1889</lisID>
          <gpoId>7946</gpoId>
          <bioguideId>C001072</bioguideId>
        </identifiers>
      </item>
      <item>
        <fullName>Rep. Jackson Lee, Sheila [D-TX-18]</fullName>
        <lastName>JACKSON LEE</lastName>
        <bioguideId>J000032</bioguideId>
        <party>D</party>
        <district>18</district>
        <sponsorshipWithdrawnDate />
        <state>TX</state>
        <isOriginalCosponsor>True</isOriginalCosponsor>
        <sponsorshipDate>2015-03-16</sponsorshipDate>
        <middleName />
        <firstName>SHEILA</firstName>
        <identifiers>
          <bioguideId>J000032</bioguideId>
          <gpoId>8174</gpoId>
          <lisID>588</lisID>
        </identifiers>
      </item>
      <item>
        <fullName>Rep. Johnson, Henry C. "Hank," Jr. [D-GA-4]</fullName>
        <lastName>Johnson</lastName>
        <bioguideId>J000288</bioguideId>
        <party>D</party>
        <district>4</district>
        <sponsorshipWithdrawnDate />
        <state>GA</state>
        <isOriginalCosponsor>True</isOriginalCosponsor>
        <sponsorshipDate>2015-03-16</sponsorshipDate>
        <middleName>C. "Hank"</middleName>
        <firstName>Henry</firstName>
        <identifiers>
          <lisID>1843</lisID>
          <gpoId>7901</gpoId>
          <bioguideId>J000288</bioguideId>
        </identifiers>
      </item>
      <item>
        <fullName>Rep. Bordallo, Madeleine Z. [D-GU-At Large]</fullName>
        <lastName>Bordallo</lastName>
        <bioguideId>B001245</bioguideId>
        <party>D</party>
        <district>0</district>
        <sponsorshipWithdrawnDate />
        <state>GU</state>
        <isOriginalCosponsor>True</isOriginalCosponsor>
        <sponsorshipDate>2015-03-16</sponsorshipDate>
        <middleName>Z.</middleName>
        <firstName>Madeleine</firstName>
        <identifiers>
          <bioguideId>B001245</bioguideId>
          <lisID>1723</lisID>
          <gpoId>7911</gpoId>
        </identifiers>
      </item>
      <item>
        <fullName>Rep. McGovern, James P. [D-MA-2]</fullName>
        <lastName>MCGOVERN</lastName>
        <bioguideId>M000312</bioguideId>
        <party>D</party>
        <district>2</district>
        <sponsorshipWithdrawnDate />
        <state>MA</state>
        <isOriginalCosponsor>True</isOriginalCosponsor>
        <sponsorshipDate>2015-03-16</sponsorshipDate>
        <middleName>P.</middleName>
        <firstName>JAMES</firstName>
        <identifiers>
          <lisID>1504</lisID>
          <gpoId>7968</gpoId>
          <bioguideId>M000312</bioguideId>
        </identifiers>
      </item>
      <item>
        <fullName>Rep. Titus, Dina [D-NV-1]</fullName>
        <lastName>Titus</lastName>
        <bioguideId>T000468</bioguideId>
        <party>D</party>
        <district>1</district>
        <sponsorshipWithdrawnDate />
        <state>NV</state>
        <isOriginalCosponsor>False</isOriginalCosponsor>
        <sponsorshipDate>2015-03-18</sponsorshipDate>
        <middleName />
        <firstName>Dina</firstName>
        <identifiers>
          <lisID>1940</lisID>
          <gpoId>7493</gpoId>
          <bioguideId>T000468</bioguideId>
        </identifiers>
      </item>
      <item>
        <fullName>Rep. Edwards, Donna F. [D-MD-4]</fullName>
        <lastName>Edwards</lastName>
        <bioguideId>E000290</bioguideId>
        <party>D</party>
        <district>4</district>
        <sponsorshipWithdrawnDate />
        <state>MD</state>
        <isOriginalCosponsor>False</isOriginalCosponsor>
        <sponsorshipDate>2015-03-18</sponsorshipDate>
        <middleName>F.</middleName>
        <firstName>Donna</firstName>
        <identifiers>
          <lisID>1894</lisID>
          <gpoId>7979</gpoId>
          <bioguideId>E000290</bioguideId>
        </identifiers>
      </item>
      <item>
        <fullName>Rep. Yarmuth, John A. [D-KY-3]</fullName>
        <lastName>Yarmuth</lastName>
        <bioguideId>Y000062</bioguideId>
        <party>D</party>
        <district>3</district>
        <sponsorshipWithdrawnDate />
        <state>KY</state>
        <isOriginalCosponsor>False</isOriginalCosponsor>
        <sponsorshipDate>2015-04-15</sponsorshipDate>
        <middleName>A.</middleName>
        <firstName>John</firstName>
        <identifiers>
          <gpoId>7955</gpoId>
          <lisID>1853</lisID>
          <bioguideId>Y000062</bioguideId>
        </identifiers>
      </item>
      <item>
        <fullName>Rep. Sires, Albio [D-NJ-8]</fullName>
        <lastName>Sires</lastName>
        <bioguideId>S001165</bioguideId>
        <party>D</party>
        <district>8</district>
        <sponsorshipWithdrawnDate />
        <state>NJ</state>
        <isOriginalCosponsor>False</isOriginalCosponsor>
        <sponsorshipDate>2015-04-16</sponsorshipDate>
        <middleName />
        <firstName>Albio</firstName>
        <identifiers>
          <bioguideId>S001165</bioguideId>
          <lisID>1818</lisID>
          <gpoId>8055</gpoId>
        </identifiers>
      </item>
      <item>
        <fullName>Rep. Lieu, Ted [D-CA-33]</fullName>
        <lastName>Lieu</lastName>
        <bioguideId>L000582</bioguideId>
        <party>D</party>
        <district>33</district>
        <sponsorshipWithdrawnDate />
        <state>CA</state>
        <isOriginalCosponsor>False</isOriginalCosponsor>
        <sponsorshipDate>2015-04-28</sponsorshipDate>
        <middleName />
        <firstName>Ted</firstName>
        <identifiers>
          <lisID>2230</lisID>
          <gpoId />
          <bioguideId>L000582</bioguideId>
        </identifiers>
      </item>
      <item>
        <fullName>Rep. Beatty, Joyce [D-OH-3]</fullName>
        <lastName>Beatty</lastName>
        <bioguideId>B001281</bioguideId>
        <party>D</party>
        <district>3</district>
        <sponsorshipWithdrawnDate />
        <state>OH</state>
        <isOriginalCosponsor>False</isOriginalCosponsor>
        <sponsorshipDate>2015-04-28</sponsorshipDate>
        <middleName />
        <firstName>Joyce</firstName>
        <identifiers>
          <lisID>2153</lisID>
          <gpoId />
          <bioguideId>B001281</bioguideId>
        </identifiers>
      </item>
      <item>
        <fullName>Rep. Pocan, Mark [D-WI-2]</fullName>
        <lastName>Pocan</lastName>
        <bioguideId>P000607</bioguideId>
        <party>D</party>
        <district>2</district>
        <sponsorshipWithdrawnDate />
        <state>WI</state>
        <isOriginalCosponsor>False</isOriginalCosponsor>
        <sponsorshipDate>2015-04-28</sponsorshipDate>
        <middleName />
        <firstName>Mark</firstName>
        <identifiers>
          <gpoId />
          <lisID>2171</lisID>
          <bioguideId>P000607</bioguideId>
        </identifiers>
      </item>
      <item>
        <fullName>Rep. Tonko, Paul [D-NY-20]</fullName>
        <lastName>Tonko</lastName>
        <bioguideId>T000469</bioguideId>
        <party>D</party>
        <district>20</district>
        <sponsorshipWithdrawnDate />
        <state>NY</state>
        <isOriginalCosponsor>False</isOriginalCosponsor>
        <sponsorshipDate>2015-05-01</sponsorshipDate>
        <middleName />
        <firstName>Paul</firstName>
        <identifiers>
          <bioguideId>T000469</bioguideId>
          <lisID>1942</lisID>
          <gpoId>8082</gpoId>
        </identifiers>
      </item>
      <item>
        <fullName>Rep. Schakowsky, Janice D. [D-IL-9]</fullName>
        <lastName>SCHAKOWSKY</lastName>
        <bioguideId>S001145</bioguideId>
        <party>D</party>
        <district>9</district>
        <sponsorshipWithdrawnDate />
        <state>IL</state>
        <isOriginalCosponsor>False</isOriginalCosponsor>
        <sponsorshipDate>2015-05-14</sponsorshipDate>
        <middleName>D.</middleName>
        <firstName>JANICE</firstName>
        <identifiers>
          <lisID>1588</lisID>
          <gpoId>7929</gpoId>
          <bioguideId>S001145</bioguideId>
        </identifiers>
      </item>
      <item>
        <fullName>Rep. Plaskett, Stacey E. [D-VI-At Large]</fullName>
        <lastName>Plaskett</lastName>
        <bioguideId>P000610</bioguideId>
        <party>D</party>
        <district>0</district>
        <sponsorshipWithdrawnDate />
        <state>VI</state>
        <isOriginalCosponsor>False</isOriginalCosponsor>
        <sponsorshipDate>2015-05-14</sponsorshipDate>
        <middleName>E.</middleName>
        <firstName>Stacey</firstName>
        <identifiers>
          <lisID>2274</lisID>
          <bioguideId>P000610</bioguideId>
          <gpoId />
        </identifiers>
      </item>
      <item>
        <fullName>Rep. Lujan, Ben Ray [D-NM-3]</fullName>
        <lastName>Lujan</lastName>
        <bioguideId>L000570</bioguideId>
        <party>D</party>
        <district>3</district>
        <sponsorshipWithdrawnDate />
        <state>NM</state>
        <isOriginalCosponsor>False</isOriginalCosponsor>
        <sponsorshipDate>2015-05-20</sponsorshipDate>
        <middleName>Ray</middleName>
        <firstName>Ben</firstName>
        <identifiers>
          <gpoId>8058</gpoId>
          <lisID>1939</lisID>
          <bioguideId>L000570</bioguideId>
        </identifiers>
      </item>
      <item>
        <fullName>Rep. Lynch, Stephen F. [D-MA-8]</fullName>
        <lastName>Lynch</lastName>
        <bioguideId>L000562</bioguideId>
        <party>D</party>
        <district>8</district>
        <sponsorshipWithdrawnDate />
        <state>MA</state>
        <isOriginalCosponsor>False</isOriginalCosponsor>
        <sponsorshipDate>2015-05-20</sponsorshipDate>
        <middleName>F.</middleName>
        <firstName>Stephen</firstName>
        <identifiers>
          <bioguideId>L000562</bioguideId>
          <lisID>1686</lisID>
          <gpoId>7974</gpoId>
        </identifiers>
      </item>
      <item>
        <fullName>Rep. Rice, Kathleen M. [D-NY-4]</fullName>
        <lastName>Rice</lastName>
        <bioguideId>R000602</bioguideId>
        <party>D</party>
        <district>4</district>
        <sponsorshipWithdrawnDate />
        <state>NY</state>
        <isOriginalCosponsor>False</isOriginalCosponsor>
        <sponsorshipDate>2015-06-02</sponsorshipDate>
        <middleName>M.</middleName>
        <firstName>Kathleen</firstName>
        <identifiers>
          <lisID>2262</lisID>
          <gpoId />
          <bioguideId>R000602</bioguideId>
        </identifiers>
      </item>
      <item>
        <fullName>Rep. Cohen, Steve [D-TN-9]</fullName>
        <lastName>Cohen</lastName>
        <bioguideId>C001068</bioguideId>
        <party>D</party>
        <district>9</district>
        <sponsorshipWithdrawnDate />
        <state>TN</state>
        <isOriginalCosponsor>False</isOriginalCosponsor>
        <sponsorshipDate>2015-06-18</sponsorshipDate>
        <middleName />
        <firstName>Steve</firstName>
        <identifiers>
          <lisID>1878</lisID>
          <gpoId>8156</gpoId>
          <bioguideId>C001068</bioguideId>
        </identifiers>
      </item>
      <item>
        <fullName>Rep. McCollum, Betty [D-MN-4]</fullName>
        <lastName>MCCOLLUM</lastName>
        <bioguideId>M001143</bioguideId>
        <party>D</party>
        <district>4</district>
        <sponsorshipWithdrawnDate />
        <state>MN</state>
        <isOriginalCosponsor>False</isOriginalCosponsor>
        <sponsorshipDate>2015-06-23</sponsorshipDate>
        <middleName />
        <firstName>BETTY</firstName>
        <identifiers>
          <lisID>1653</lisID>
          <gpoId>8004</gpoId>
          <bioguideId>M001143</bioguideId>
        </identifiers>
      </item>
      <item>
        <fullName>Rep. Honda, Michael M. [D-CA-17]</fullName>
        <lastName>HONDA</lastName>
        <bioguideId>H001034</bioguideId>
        <party>D</party>
        <district>17</district>
        <sponsorshipWithdrawnDate />
        <state>CA</state>
        <isOriginalCosponsor>False</isOriginalCosponsor>
        <sponsorshipDate>2015-07-08</sponsorshipDate>
        <middleName>M.</middleName>
        <firstName>MICHAEL</firstName>
        <identifiers>
          <lisID>1634</lisID>
          <gpoId>7820</gpoId>
          <bioguideId>H001034</bioguideId>
        </identifiers>
      </item>
      <item>
        <fullName>Rep. Levin, Sander M. [D-MI-9]</fullName>
        <lastName>LEVIN</lastName>
        <bioguideId>L000263</bioguideId>
        <party>D</party>
        <district>9</district>
        <sponsorshipWithdrawnDate />
        <state>MI</state>
        <isOriginalCosponsor>False</isOriginalCosponsor>
        <sponsorshipDate>2016-06-28</sponsorshipDate>
        <middleName>M.</middleName>
        <firstName>SANDER</firstName>
        <identifiers>
          <bioguideId>L000263</bioguideId>
          <lisID>683</lisID>
          <gpoId>7997</gpoId>
        </identifiers>
      </item>
    </cosponsors>
  </bill>
  <dublinCore xmlns:dc="http://purl.org/dc/elements/1.1/">
    <dc:format>text/xml</dc:format>
    <dc:language>EN</dc:language>
    <dc:rights>Pursuant to Title 17 Section 105 of the United States Code, this file is not subject to copyright protection and is in the public domain.</dc:rights>
    <dc:contributor>Congressional Research Service, Library of Congress</dc:contributor>
    <dc:description>This file contains bill summaries and statuses for federal legislation. A bill summary describes the most significant provisions of a piece of legislation and details the effects the legislative text may have on current law and federal programs. Bill summaries are authored by the Congressional Research Service (CRS) of the Library of Congress. As stated in Public Law 91-510 (2 USC 166 (d)(6)), one of the duties of CRS is "to prepare summaries and digests of bills and resolutions of a public general nature introduced in the Senate or House of Representatives". For more information, refer to the User Guide that accompanies this file.</dc:description>
  </dublinCore>
</billStatus>

