<?xml version="1.0" encoding="UTF-8"?>
<billStatus>
  <bill>
    <committees>
      <billCommittees>
        <item>
          <subcommittees>
            <item>
              <systemCode>hspw12</systemCode>
              <activities>
                <item>
                  <date>2015-02-13T15:34:13Z</date>
                  <name>Referred to</name>
                </item>
              </activities>
              <name>Highways and Transit Subcommittee</name>
            </item>
          </subcommittees>
          <chamber>House</chamber>
          <systemCode>hspw00</systemCode>
          <activities>
            <item>
              <date>2015-02-12T15:02:20Z</date>
              <name>Referred to</name>
            </item>
          </activities>
          <type>Standing</type>
          <name>Transportation and Infrastructure Committee</name>
        </item>
      </billCommittees>
    </committees>
    <congress>114</congress>
    <billNumber>910</billNumber>
    <updateDate>2016-11-02T21:25:56Z</updateDate>
    <subjects>
      <billSubjects>
        <legislativeSubjects>
          <item>
            <name>Motor vehicles</name>
          </item>
          <item>
            <name>Roads and highways</name>
          </item>
          <item>
            <name>Telephone and wireless communication</name>
          </item>
          <item>
            <name>Transportation programs funding</name>
          </item>
          <item>
            <name>Transportation safety and security</name>
          </item>
        </legislativeSubjects>
        <policyArea>
          <name>Transportation and Public Works</name>
        </policyArea>
      </billSubjects>
    </subjects>
    <policyArea>
      <name>Transportation and Public Works</name>
    </policyArea>
    <summaries>
      <billSummaries>
        <item>
          <actionDate>2015-02-12</actionDate>
          <updateDate>2015-02-12T05:00:00Z</updateDate>
          <name>Introduced in House</name>
          <lastSummaryUpdateDate>2015-02-20T17:30:31Z</lastSummaryUpdateDate>
          <versionCode>00</versionCode>
          <actionDesc>Introduced in House</actionDesc>
          <text><![CDATA[<p><b>Vehicle-to-Infrastructure Safety Technology Investment Flexibility Act of 2015</b></p> <p>This bill makes eligible for funding under the National Highway Performance Program, the Surface Transportation Program, and the Highway Safety Improvement Program projects for the installation of vehicle-to-infrastructure communication equipment.</p> <p>&quot;Vehicle-to-infrastructure communication equipment&quot; means equipment that provides a wireless exchange of critical safety and operational data between highway infrastructure and vehicles in order to avoid or mitigate vehicle collisions and enable a wide range of other safety, mobility, and environmental benefits.</p>]]></text>
        </item>
      </billSummaries>
    </summaries>
    <title>Vehicle-to-Infrastructure Safety Technology Investment Flexibility Act of 2015</title>
    <laws />
    <cosponsors>
      <item>
        <identifiers>
          <lisID>2252</lisID>
          <bioguideId>L000581</bioguideId>
          <gpoId />
        </identifiers>
        <isOriginalCosponsor>True</isOriginalCosponsor>
        <firstName>Brenda</firstName>
        <sponsorshipWithdrawnDate />
        <sponsorshipDate>2015-02-12</sponsorshipDate>
        <party>D</party>
        <district>14</district>
        <fullName>Rep. Lawrence, Brenda L. [D-MI-14]</fullName>
        <state>MI</state>
        <bioguideId>L000581</bioguideId>
        <lastName>Lawrence</lastName>
        <middleName>L.</middleName>
      </item>
      <item>
        <identifiers>
          <lisID>99</lisID>
          <bioguideId>B000574</bioguideId>
          <gpoId>8116</gpoId>
        </identifiers>
        <isOriginalCosponsor>False</isOriginalCosponsor>
        <firstName>EARL</firstName>
        <sponsorshipWithdrawnDate />
        <sponsorshipDate>2015-03-13</sponsorshipDate>
        <party>D</party>
        <district>3</district>
        <fullName>Rep. Blumenauer, Earl [D-OR-3]</fullName>
        <state>OR</state>
        <bioguideId>B000574</bioguideId>
        <lastName>BLUMENAUER</lastName>
        <middleName />
      </item>
      <item>
        <identifiers>
          <bioguideId>F000460</bioguideId>
          <lisID>2067</lisID>
          <gpoId>8183</gpoId>
        </identifiers>
        <isOriginalCosponsor>False</isOriginalCosponsor>
        <firstName>Blake</firstName>
        <sponsorshipWithdrawnDate />
        <sponsorshipDate>2015-05-14</sponsorshipDate>
        <party>R</party>
        <district>27</district>
        <fullName>Rep. Farenthold, Blake [R-TX-27]</fullName>
        <state>TX</state>
        <bioguideId>F000460</bioguideId>
        <lastName>Farenthold</lastName>
        <middleName />
      </item>
      <item>
        <identifiers>
          <lisID>2251</lisID>
          <gpoId />
          <bioguideId>D000624</bioguideId>
        </identifiers>
        <isOriginalCosponsor>False</isOriginalCosponsor>
        <firstName>Debbie</firstName>
        <sponsorshipWithdrawnDate />
        <sponsorshipDate>2015-06-23</sponsorshipDate>
        <party>D</party>
        <district>12</district>
        <fullName>Rep. Dingell, Debbie [D-MI-12]</fullName>
        <state>MI</state>
        <bioguideId>D000624</bioguideId>
        <lastName>Dingell</lastName>
        <middleName />
      </item>
    </cosponsors>
    <billType>HR</billType>
    <cboCostEstimates />
    <recordedVotes />
    <relatedBills>
      <item>
        <latestAction>
          <actionDate>2015-06-03</actionDate>
          <text>Read twice and referred to the Committee on Environment and Public Works.</text>
        </latestAction>
        <number>1499</number>
        <congress>114</congress>
        <type>S</type>
        <latestTitle>Vehicle-to-Infrastructure Safety Technology Investment Flexibility Act of 2015</latestTitle>
        <relationshipDetails>
          <item>
            <identifiedBy>CRS</identifiedBy>
            <type>Identical bill</type>
          </item>
        </relationshipDetails>
      </item>
    </relatedBills>
    <actions>
      <actionTypeCounts>
        <introducedInHouse>1</introducedInHouse>
        <placeholderTextForH>1</placeholderTextForH>
        <billReferrals>1</billReferrals>
        <introducedInTheHouse>1</introducedInTheHouse>
      </actionTypeCounts>
      <actionByCounts>
        <houseOfRepresentatives>4</houseOfRepresentatives>
      </actionByCounts>
      <item>
        <actionDate>2015-02-13</actionDate>
        <committee>
          <systemCode>hspw12</systemCode>
          <name>Highways and Transit Subcommittee</name>
        </committee>
        <links />
        <sourceSystem>
          <name>House committee actions</name>
          <code>1</code>
        </sourceSystem>
        <text>Referred to the Subcommittee on Highways and Transit.</text>
        <type>Committee</type>
      </item>
      <item>
        <actionCode>H11100</actionCode>
        <actionDate>2015-02-12</actionDate>
        <text>Referred to the House Committee on Transportation and Infrastructure.</text>
        <committee>
          <systemCode>hspw00</systemCode>
          <name>Transportation and Infrastructure Committee</name>
        </committee>
        <type>IntroReferral</type>
        <links />
        <sourceSystem>
          <name>House floor actions</name>
          <code>2</code>
        </sourceSystem>
      </item>
      <item>
        <actionCode>Intro-H</actionCode>
        <actionDate>2015-02-12</actionDate>
        <text>Introduced in House</text>
        <committee />
        <type>IntroReferral</type>
        <links />
        <sourceSystem>
          <name>Library of Congress</name>
          <code>9</code>
        </sourceSystem>
      </item>
      <item>
        <actionCode>1000</actionCode>
        <actionDate>2015-02-12</actionDate>
        <text>Introduced in House</text>
        <committee />
        <type>IntroReferral</type>
        <links />
        <sourceSystem>
          <name>Library of Congress</name>
          <code>9</code>
        </sourceSystem>
      </item>
    </actions>
    <notes />
    <latestAction>
      <actionDate>2015-02-13</actionDate>
      <links />
      <text>Referred to the Subcommittee on Highways and Transit.</text>
    </latestAction>
    <introducedDate>2015-02-12</introducedDate>
    <sponsors>
      <item>
        <fullName>Rep. Miller, Candice S. [R-MI-10]</fullName>
        <firstName>Candice</firstName>
        <byRequestType />
        <identifiers>
          <lisID>1731</lisID>
          <bioguideId>M001150</bioguideId>
          <gpoId>8589</gpoId>
        </identifiers>
        <middleName>S.</middleName>
        <bioguideId>M001150</bioguideId>
        <district>10</district>
        <party>R</party>
        <state>MI</state>
        <lastName>Miller</lastName>
      </item>
    </sponsors>
    <constitutionalAuthorityStatementText><![CDATA[<pre>From the Congressional Record Online through the Government Publishing Office [<a href='http://www.gpo.gov'>www.gpo.gov</a>]By Mrs. MILLER of Michigan:H.R. 910.Congress has the power to enact this legislation pursuantto the following:Article I, Section 8 of the Constitution of the UnitedStates.[Page H1035]</pre>]]></constitutionalAuthorityStatementText>
    <calendarNumbers />
    <committeeReports />
    <amendments />
    <createDate>2015-02-13T06:14:12Z</createDate>
    <originChamber>House</originChamber>
    <titles>
      <item>
        <chamberCode />
        <title>Vehicle-to-Infrastructure Safety Technology Investment Flexibility Act of 2015</title>
        <chamberName />
        <titleType>Short Titles as Introduced</titleType>
        <parentTitleType />
      </item>
      <item>
        <chamberCode />
        <title>To amend title 23, United States Code, to provide eligibility under certain highway programs for projects for the installation of vehicle-to-infrastructure communication equipment, and for other purposes.</title>
        <chamberName />
        <titleType>Official Title as Introduced</titleType>
        <parentTitleType />
      </item>
      <item>
        <chamberCode />
        <title>Vehicle-to-Infrastructure Safety Technology Investment Flexibility Act of 2015</title>
        <chamberName />
        <titleType>Display Title</titleType>
        <parentTitleType />
      </item>
    </titles>
  </bill>
  <dublinCore xmlns:dc="http://purl.org/dc/elements/1.1/">
    <dc:format>text/xml</dc:format>
    <dc:language>EN</dc:language>
    <dc:rights>Pursuant to Title 17 Section 105 of the United States Code, this file is not subject to copyright protection and is in the public domain.</dc:rights>
    <dc:contributor>Congressional Research Service, Library of Congress</dc:contributor>
    <dc:description>This file contains bill summaries and statuses for federal legislation. A bill summary describes the most significant provisions of a piece of legislation and details the effects the legislative text may have on current law and federal programs. Bill summaries are authored by the Congressional Research Service (CRS) of the Library of Congress. As stated in Public Law 91-510 (2 USC 166 (d)(6)), one of the duties of CRS is "to prepare summaries and digests of bills and resolutions of a public general nature introduced in the Senate or House of Representatives". For more information, refer to the User Guide that accompanies this file.</dc:description>
  </dublinCore>
</billStatus>

