<?xml version="1.0" encoding="UTF-8"?>
<billStatus>
  <bill>
    <cboCostEstimates />
    <title>Advancing Research for Neurological Diseases Act of 2015</title>
    <policyArea>
      <name>Health</name>
    </policyArea>
    <relatedBills>
      <item>
        <number>849</number>
        <relationshipDetails>
          <item>
            <type>Identical bill</type>
            <identifiedBy>CRS</identifiedBy>
          </item>
        </relationshipDetails>
        <congress>114</congress>
        <latestAction>
          <actionDate>2016-04-04</actionDate>
          <text>Placed on Senate Legislative Calendar under General Orders. Calendar No. 408.</text>
        </latestAction>
        <type>S</type>
        <latestTitle>Advancing Research for Neurological Diseases Act of 2016</latestTitle>
      </item>
      <item>
        <number>6</number>
        <relationshipDetails>
          <item>
            <type>Related bill</type>
            <identifiedBy>CRS</identifiedBy>
          </item>
        </relationshipDetails>
        <congress>114</congress>
        <latestAction>
          <actionDate>2015-07-13</actionDate>
          <text>Received in the Senate and Read twice and referred to the Committee on Health, Education, Labor, and Pensions.</text>
        </latestAction>
        <type>HR</type>
        <latestTitle>21st Century Cures Act</latestTitle>
      </item>
      <item>
        <number>34</number>
        <relationshipDetails>
          <item>
            <type>Related bill</type>
            <identifiedBy>CRS</identifiedBy>
          </item>
        </relationshipDetails>
        <congress>114</congress>
        <latestAction>
          <actionDate>2016-12-01</actionDate>
          <text>Motion by Senator McConnell to refer to Senate Committee on Health, Education, Labor, and Pensions the House message to accompany H.R. 34 with instructions to report back forthwith with the following amendment (SA 5119) made in Senate. (consideration: S6646)</text>
        </latestAction>
        <type>HR</type>
        <latestTitle>21st Century Cures Act</latestTitle>
      </item>
    </relatedBills>
    <congress>114</congress>
    <billNumber>292</billNumber>
    <createDate>2015-01-14T04:46:23Z</createDate>
    <summaries>
      <billSummaries>
        <item>
          <actionDesc>Introduced in House</actionDesc>
          <actionDate>2015-01-13</actionDate>
          <text><![CDATA[<p><b>Advancing Research for Neurological Diseases Act of 2015</b></p> <p>Amends the Public Health Service Act to require the Centers for Disease Control and Prevention to: (1) enhance and expand infrastructure and activities to track the epidemiology of neurological diseases, including multiple sclerosis and Parkinson's disease; and (2) incorporate information obtained through those activities into a National Neurological Diseases Surveillance System. Requires the Department of Health and Human Services (HHS) to ensure that the System facilitates further research on neurological diseases.</p> <p>Requires HHS to provide for the collection and storage of information on neurological diseases, including the incidence, prevalence, and other information, to the extent practicable. </p>  <p>Requires HHS to: (1) make information and analysis in the System available to federal agencies and to the public, including researchers; and (2) ensure that privacy and security protections applicable to the System are at least as stringent as the protections under the Health Insurance Portability and Accountability Act.</p>]]></text>
          <versionCode>00</versionCode>
          <lastSummaryUpdateDate>2015-04-02T16:37:51Z</lastSummaryUpdateDate>
          <updateDate>2015-01-13T05:00:00Z</updateDate>
          <name>Introduced in House</name>
        </item>
      </billSummaries>
    </summaries>
    <actions>
      <actionTypeCounts>
        <introducedInHouse>1</introducedInHouse>
        <placeholderTextForH>1</placeholderTextForH>
        <introducedInTheHouse>1</introducedInTheHouse>
        <billReferrals>1</billReferrals>
      </actionTypeCounts>
      <item>
        <actionDate>2015-01-16</actionDate>
        <committee>
          <name>Health Subcommittee</name>
          <systemCode>hsif14</systemCode>
        </committee>
        <links />
        <sourceSystem>
          <code>1</code>
          <name>House committee actions</name>
        </sourceSystem>
        <text>Referred to the Subcommittee on Health.</text>
        <type>Committee</type>
      </item>
      <item>
        <text>Referred to the House Committee on Energy and Commerce.</text>
        <links />
        <actionDate>2015-01-13</actionDate>
        <actionCode>H11100</actionCode>
        <type>IntroReferral</type>
        <sourceSystem>
          <code>2</code>
          <name>House floor actions</name>
        </sourceSystem>
        <committee>
          <name>Energy and Commerce Committee</name>
          <systemCode>hsif00</systemCode>
        </committee>
      </item>
      <item>
        <text>Introduced in House</text>
        <links />
        <actionDate>2015-01-13</actionDate>
        <actionCode>Intro-H</actionCode>
        <type>IntroReferral</type>
        <sourceSystem>
          <code>9</code>
          <name>Library of Congress</name>
        </sourceSystem>
        <committee />
      </item>
      <item>
        <text>Introduced in House</text>
        <links />
        <actionDate>2015-01-13</actionDate>
        <actionCode>1000</actionCode>
        <type>IntroReferral</type>
        <sourceSystem>
          <code>9</code>
          <name>Library of Congress</name>
        </sourceSystem>
        <committee />
      </item>
      <actionByCounts>
        <houseOfRepresentatives>4</houseOfRepresentatives>
      </actionByCounts>
    </actions>
    <notes />
    <committeeReports />
    <laws />
    <committees>
      <billCommittees>
        <item>
          <chamber>House</chamber>
          <name>Energy and Commerce Committee</name>
          <type>Standing</type>
          <subcommittees>
            <item>
              <systemCode>hsif14</systemCode>
              <name>Health Subcommittee</name>
              <activities>
                <item>
                  <name>Referred to</name>
                  <date>2015-01-16T17:53:04Z</date>
                </item>
              </activities>
            </item>
          </subcommittees>
          <systemCode>hsif00</systemCode>
          <activities>
            <item>
              <name>Referred to</name>
              <date>2015-01-13T15:01:35Z</date>
            </item>
          </activities>
        </item>
      </billCommittees>
    </committees>
    <latestAction>
      <text>Referred to the Subcommittee on Health.</text>
      <links />
      <actionDate>2015-01-16</actionDate>
    </latestAction>
    <billType>HR</billType>
    <subjects>
      <billSubjects>
        <policyArea>
          <name>Health</name>
        </policyArea>
        <legislativeSubjects>
          <item>
            <name>Advisory bodies</name>
          </item>
          <item>
            <name>Government information and archives</name>
          </item>
          <item>
            <name>Health information and medical records</name>
          </item>
          <item>
            <name>Health programs administration and funding</name>
          </item>
          <item>
            <name>Medical research</name>
          </item>
          <item>
            <name>Neurological disorders</name>
          </item>
        </legislativeSubjects>
      </billSubjects>
    </subjects>
    <titles>
      <item>
        <parentTitleType />
        <titleType>Short Titles as Introduced</titleType>
        <title>Advancing Research for Neurological Diseases Act of 2015</title>
        <chamberCode />
        <chamberName />
      </item>
      <item>
        <parentTitleType />
        <titleType>Official Title as Introduced</titleType>
        <title>To amend the Public Health Service Act to provide for systematic data collection and analysis and epidemiological research regarding Multiple Sclerosis (MS), Parkinson's disease, and other neurological diseases.</title>
        <chamberCode />
        <chamberName />
      </item>
      <item>
        <parentTitleType />
        <titleType>Display Title</titleType>
        <title>Advancing Research for Neurological Diseases Act of 2015</title>
        <chamberCode />
        <chamberName />
      </item>
    </titles>
    <amendments />
    <originChamber>House</originChamber>
    <cosponsors>
      <item>
        <sponsorshipDate>2015-01-13</sponsorshipDate>
        <lastName>Van Hollen</lastName>
        <sponsorshipWithdrawnDate />
        <firstName>Chris</firstName>
        <middleName />
        <fullName>Rep. Van Hollen, Chris [D-MD-8]</fullName>
        <state>MD</state>
        <bioguideId>V000128</bioguideId>
        <party>D</party>
        <district>8</district>
        <identifiers>
          <lisID>1729</lisID>
          <bioguideId>V000128</bioguideId>
          <gpoId>7983</gpoId>
        </identifiers>
        <isOriginalCosponsor>True</isOriginalCosponsor>
      </item>
      <item>
        <sponsorshipDate>2015-01-13</sponsorshipDate>
        <lastName>MALONEY</lastName>
        <sponsorshipWithdrawnDate />
        <firstName>CAROLYN</firstName>
        <middleName>B.</middleName>
        <fullName>Rep. Maloney, Carolyn B. [D-NY-12]</fullName>
        <state>NY</state>
        <bioguideId>M000087</bioguideId>
        <party>D</party>
        <district>12</district>
        <identifiers>
          <bioguideId>M000087</bioguideId>
          <lisID>729</lisID>
          <gpoId>8075</gpoId>
        </identifiers>
        <isOriginalCosponsor>True</isOriginalCosponsor>
      </item>
      <item>
        <sponsorshipDate>2015-01-13</sponsorshipDate>
        <lastName>KING</lastName>
        <sponsorshipWithdrawnDate />
        <firstName>PETER</firstName>
        <middleName>T.</middleName>
        <fullName>Rep. King, Peter T. [R-NY-2]</fullName>
        <state>NY</state>
        <bioguideId>K000210</bioguideId>
        <party>R</party>
        <district>2</district>
        <identifiers>
          <lisID>635</lisID>
          <bioguideId>K000210</bioguideId>
          <gpoId>8064</gpoId>
        </identifiers>
        <isOriginalCosponsor>True</isOriginalCosponsor>
      </item>
      <item>
        <sponsorshipDate>2015-01-13</sponsorshipDate>
        <lastName>Bilirakis</lastName>
        <sponsorshipWithdrawnDate />
        <firstName>Gus</firstName>
        <middleName>M.</middleName>
        <fullName>Rep. Bilirakis, Gus M. [R-FL-12]</fullName>
        <state>FL</state>
        <bioguideId>B001257</bioguideId>
        <party>R</party>
        <district>12</district>
        <identifiers>
          <gpoId>7881</gpoId>
          <lisID>1838</lisID>
          <bioguideId>B001257</bioguideId>
        </identifiers>
        <isOriginalCosponsor>True</isOriginalCosponsor>
      </item>
      <item>
        <sponsorshipDate>2015-02-10</sponsorshipDate>
        <lastName>Griffith</lastName>
        <sponsorshipWithdrawnDate />
        <firstName>H.</firstName>
        <middleName>Morgan</middleName>
        <fullName>Rep. Griffith, H. Morgan [R-VA-9]</fullName>
        <state>VA</state>
        <bioguideId>G000568</bioguideId>
        <party>R</party>
        <district>9</district>
        <identifiers>
          <bioguideId>G000568</bioguideId>
          <gpoId>8200</gpoId>
          <lisID>2070</lisID>
        </identifiers>
        <isOriginalCosponsor>False</isOriginalCosponsor>
      </item>
      <item>
        <sponsorshipDate>2015-02-10</sponsorshipDate>
        <lastName>Higgins</lastName>
        <sponsorshipWithdrawnDate />
        <firstName>Brian</firstName>
        <middleName />
        <fullName>Rep. Higgins, Brian [D-NY-26]</fullName>
        <state>NY</state>
        <bioguideId>H001038</bioguideId>
        <party>D</party>
        <district>26</district>
        <identifiers>
          <lisID>1794</lisID>
          <bioguideId>H001038</bioguideId>
          <gpoId>8088</gpoId>
        </identifiers>
        <isOriginalCosponsor>False</isOriginalCosponsor>
      </item>
      <item>
        <sponsorshipDate>2015-02-10</sponsorshipDate>
        <lastName>Harper</lastName>
        <sponsorshipWithdrawnDate />
        <firstName>Gregg</firstName>
        <middleName />
        <fullName>Rep. Harper, Gregg [R-MS-3]</fullName>
        <state>MS</state>
        <bioguideId>H001045</bioguideId>
        <party>R</party>
        <district>3</district>
        <identifiers>
          <bioguideId>H001045</bioguideId>
          <gpoId>8021</gpoId>
          <lisID>1933</lisID>
        </identifiers>
        <isOriginalCosponsor>False</isOriginalCosponsor>
      </item>
      <item>
        <sponsorshipDate>2015-02-10</sponsorshipDate>
        <lastName>BRADY</lastName>
        <sponsorshipWithdrawnDate />
        <firstName>ROBERT</firstName>
        <middleName>A.</middleName>
        <fullName>Rep. Brady, Robert A. [D-PA-1]</fullName>
        <state>PA</state>
        <bioguideId>B001227</bioguideId>
        <party>D</party>
        <district>1</district>
        <identifiers>
          <lisID>1469</lisID>
          <bioguideId>B001227</bioguideId>
          <gpoId>8119</gpoId>
        </identifiers>
        <isOriginalCosponsor>False</isOriginalCosponsor>
      </item>
      <item>
        <sponsorshipDate>2015-02-10</sponsorshipDate>
        <lastName>BROWN</lastName>
        <sponsorshipWithdrawnDate />
        <firstName>CORRINE</firstName>
        <middleName />
        <fullName>Rep. Brown, Corrine [D-FL-5]</fullName>
        <state>FL</state>
        <bioguideId>B000911</bioguideId>
        <party>D</party>
        <district>5</district>
        <identifiers>
          <gpoId>7875</gpoId>
          <lisID>132</lisID>
          <bioguideId>B000911</bioguideId>
        </identifiers>
        <isOriginalCosponsor>False</isOriginalCosponsor>
      </item>
      <item>
        <sponsorshipDate>2015-02-10</sponsorshipDate>
        <lastName>PETERSON</lastName>
        <sponsorshipWithdrawnDate />
        <firstName>COLLIN</firstName>
        <middleName>C.</middleName>
        <fullName>Rep. Peterson, Collin C. [D-MN-7]</fullName>
        <state>MN</state>
        <bioguideId>P000258</bioguideId>
        <party>D</party>
        <district>7</district>
        <identifiers>
          <lisID>910</lisID>
          <bioguideId>P000258</bioguideId>
          <gpoId>8007</gpoId>
        </identifiers>
        <isOriginalCosponsor>False</isOriginalCosponsor>
      </item>
      <item>
        <sponsorshipDate>2015-02-10</sponsorshipDate>
        <lastName>FRELINGHUYSEN</lastName>
        <sponsorshipWithdrawnDate />
        <firstName>RODNEY</firstName>
        <middleName />
        <fullName>Rep. Frelinghuysen, Rodney P. [R-NJ-11]</fullName>
        <state>NJ</state>
        <bioguideId>F000372</bioguideId>
        <party>R</party>
        <district>11</district>
        <identifiers>
          <bioguideId>F000372</bioguideId>
          <gpoId>8053</gpoId>
          <lisID>414</lisID>
        </identifiers>
        <isOriginalCosponsor>False</isOriginalCosponsor>
      </item>
      <item>
        <sponsorshipDate>2015-02-10</sponsorshipDate>
        <lastName>Connolly</lastName>
        <sponsorshipWithdrawnDate />
        <firstName>Gerald</firstName>
        <middleName>E.</middleName>
        <fullName>Rep. Connolly, Gerald E. [D-VA-11]</fullName>
        <state>VA</state>
        <bioguideId>C001078</bioguideId>
        <party>D</party>
        <district>11</district>
        <identifiers>
          <gpoId>8202</gpoId>
          <lisID>1959</lisID>
          <bioguideId>C001078</bioguideId>
        </identifiers>
        <isOriginalCosponsor>False</isOriginalCosponsor>
      </item>
      <item>
        <sponsorshipDate>2015-02-10</sponsorshipDate>
        <lastName>NORTON</lastName>
        <sponsorshipWithdrawnDate />
        <firstName>ELEANOR</firstName>
        <middleName>HOLMES</middleName>
        <fullName>Rep. Norton, Eleanor Holmes [D-DC-At Large]</fullName>
        <state>DC</state>
        <bioguideId>N000147</bioguideId>
        <party>D</party>
        <district>0</district>
        <identifiers>
          <lisID>868</lisID>
          <bioguideId>N000147</bioguideId>
          <gpoId>7871</gpoId>
        </identifiers>
        <isOriginalCosponsor>False</isOriginalCosponsor>
      </item>
      <item>
        <sponsorshipDate>2015-02-10</sponsorshipDate>
        <lastName>LEE</lastName>
        <sponsorshipWithdrawnDate />
        <firstName>BARBARA</firstName>
        <middleName />
        <fullName>Rep. Lee, Barbara [D-CA-13]</fullName>
        <state>CA</state>
        <bioguideId>L000551</bioguideId>
        <party>D</party>
        <district>13</district>
        <identifiers>
          <lisID>1501</lisID>
          <bioguideId>L000551</bioguideId>
          <gpoId>7814</gpoId>
        </identifiers>
        <isOriginalCosponsor>False</isOriginalCosponsor>
      </item>
      <item>
        <sponsorshipDate>2015-02-10</sponsorshipDate>
        <lastName>Sires</lastName>
        <sponsorshipWithdrawnDate />
        <firstName>Albio</firstName>
        <middleName />
        <fullName>Rep. Sires, Albio [D-NJ-8]</fullName>
        <state>NJ</state>
        <bioguideId>S001165</bioguideId>
        <party>D</party>
        <district>8</district>
        <identifiers>
          <bioguideId>S001165</bioguideId>
          <gpoId>8055</gpoId>
          <lisID>1818</lisID>
        </identifiers>
        <isOriginalCosponsor>False</isOriginalCosponsor>
      </item>
      <item>
        <sponsorshipDate>2015-02-10</sponsorshipDate>
        <lastName>Posey</lastName>
        <sponsorshipWithdrawnDate />
        <firstName>Bill</firstName>
        <middleName />
        <fullName>Rep. Posey, Bill [R-FL-8]</fullName>
        <state>FL</state>
        <bioguideId>P000599</bioguideId>
        <party>R</party>
        <district>8</district>
        <identifiers>
          <gpoId>7887</gpoId>
          <lisID>1915</lisID>
          <bioguideId>P000599</bioguideId>
        </identifiers>
        <isOriginalCosponsor>False</isOriginalCosponsor>
      </item>
      <item>
        <sponsorshipDate>2015-02-10</sponsorshipDate>
        <lastName>Yarmuth</lastName>
        <sponsorshipWithdrawnDate />
        <firstName>John</firstName>
        <middleName>A.</middleName>
        <fullName>Rep. Yarmuth, John A. [D-KY-3]</fullName>
        <state>KY</state>
        <bioguideId>Y000062</bioguideId>
        <party>D</party>
        <district>3</district>
        <identifiers>
          <bioguideId>Y000062</bioguideId>
          <lisID>1853</lisID>
          <gpoId>7955</gpoId>
        </identifiers>
        <isOriginalCosponsor>False</isOriginalCosponsor>
      </item>
      <item>
        <sponsorshipDate>2015-02-10</sponsorshipDate>
        <lastName>Wittman</lastName>
        <sponsorshipWithdrawnDate />
        <firstName>Robert</firstName>
        <middleName>J.</middleName>
        <fullName>Rep. Wittman, Robert J. [R-VA-1]</fullName>
        <state>VA</state>
        <bioguideId>W000804</bioguideId>
        <party>R</party>
        <district>1</district>
        <identifiers>
          <bioguideId>W000804</bioguideId>
          <gpoId>8192</gpoId>
          <lisID>1886</lisID>
        </identifiers>
        <isOriginalCosponsor>False</isOriginalCosponsor>
      </item>
      <item>
        <sponsorshipDate>2015-02-10</sponsorshipDate>
        <lastName>Nugent</lastName>
        <sponsorshipWithdrawnDate />
        <firstName>Richard</firstName>
        <middleName>B.</middleName>
        <fullName>Rep. Nugent, Richard B. [R-FL-11]</fullName>
        <state>FL</state>
        <bioguideId>N000185</bioguideId>
        <party>R</party>
        <district>11</district>
        <identifiers>
          <lisID>2001</lisID>
          <bioguideId>N000185</bioguideId>
          <gpoId>7877</gpoId>
        </identifiers>
        <isOriginalCosponsor>False</isOriginalCosponsor>
      </item>
      <item>
        <sponsorshipDate>2015-02-10</sponsorshipDate>
        <lastName>Grijalva</lastName>
        <sponsorshipWithdrawnDate />
        <firstName>Raul</firstName>
        <middleName>M.</middleName>
        <fullName>Rep. Grijalva, Raul M. [D-AZ-3]</fullName>
        <state>AZ</state>
        <bioguideId>G000551</bioguideId>
        <party>D</party>
        <district>3</district>
        <identifiers>
          <gpoId>7804</gpoId>
          <lisID>1708</lisID>
          <bioguideId>G000551</bioguideId>
        </identifiers>
        <isOriginalCosponsor>False</isOriginalCosponsor>
      </item>
      <item>
        <sponsorshipDate>2015-02-10</sponsorshipDate>
        <lastName>Heck</lastName>
        <sponsorshipWithdrawnDate />
        <firstName>Denny</firstName>
        <middleName />
        <fullName>Rep. Heck, Denny [D-WA-10]</fullName>
        <state>WA</state>
        <bioguideId>H001064</bioguideId>
        <party>D</party>
        <district>10</district>
        <identifiers>
          <lisID>2170</lisID>
          <bioguideId>H001064</bioguideId>
          <gpoId />
        </identifiers>
        <isOriginalCosponsor>False</isOriginalCosponsor>
      </item>
      <item>
        <sponsorshipDate>2015-02-10</sponsorshipDate>
        <lastName>Speier</lastName>
        <sponsorshipWithdrawnDate />
        <firstName>Jackie</firstName>
        <middleName />
        <fullName>Rep. Speier, Jackie [D-CA-14]</fullName>
        <state>CA</state>
        <bioguideId>S001175</bioguideId>
        <party>D</party>
        <district>14</district>
        <identifiers>
          <lisID>1890</lisID>
          <bioguideId>S001175</bioguideId>
          <gpoId>7817</gpoId>
        </identifiers>
        <isOriginalCosponsor>False</isOriginalCosponsor>
      </item>
      <item>
        <sponsorshipDate>2015-02-10</sponsorshipDate>
        <lastName>Brownley</lastName>
        <sponsorshipWithdrawnDate />
        <firstName>Julia</firstName>
        <middleName />
        <fullName>Rep. Brownley, Julia [D-CA-26]</fullName>
        <state>CA</state>
        <bioguideId>B001285</bioguideId>
        <party>D</party>
        <district>26</district>
        <identifiers>
          <lisID>2106</lisID>
          <bioguideId>B001285</bioguideId>
          <gpoId />
        </identifiers>
        <isOriginalCosponsor>False</isOriginalCosponsor>
      </item>
      <item>
        <sponsorshipDate>2015-02-10</sponsorshipDate>
        <lastName>BLUMENAUER</lastName>
        <sponsorshipWithdrawnDate />
        <firstName>EARL</firstName>
        <middleName />
        <fullName>Rep. Blumenauer, Earl [D-OR-3]</fullName>
        <state>OR</state>
        <bioguideId>B000574</bioguideId>
        <party>D</party>
        <district>3</district>
        <identifiers>
          <lisID>99</lisID>
          <bioguideId>B000574</bioguideId>
          <gpoId>8116</gpoId>
        </identifiers>
        <isOriginalCosponsor>False</isOriginalCosponsor>
      </item>
      <item>
        <sponsorshipDate>2015-02-24</sponsorshipDate>
        <lastName>Schock</lastName>
        <sponsorshipWithdrawnDate />
        <firstName>Aaron</firstName>
        <middleName />
        <fullName>Rep. Schock, Aaron [R-IL-18]</fullName>
        <state>IL</state>
        <bioguideId>S001179</bioguideId>
        <party>R</party>
        <district>18</district>
        <identifiers>
          <bioguideId>S001179</bioguideId>
          <lisID>1920</lisID>
          <gpoId>7938</gpoId>
        </identifiers>
        <isOriginalCosponsor>False</isOriginalCosponsor>
      </item>
      <item>
        <sponsorshipDate>2015-02-24</sponsorshipDate>
        <lastName>Cohen</lastName>
        <sponsorshipWithdrawnDate />
        <firstName>Steve</firstName>
        <middleName />
        <fullName>Rep. Cohen, Steve [D-TN-9]</fullName>
        <state>TN</state>
        <bioguideId>C001068</bioguideId>
        <party>D</party>
        <district>9</district>
        <identifiers>
          <lisID>1878</lisID>
          <bioguideId>C001068</bioguideId>
          <gpoId>8156</gpoId>
        </identifiers>
        <isOriginalCosponsor>False</isOriginalCosponsor>
      </item>
      <item>
        <sponsorshipDate>2015-02-24</sponsorshipDate>
        <lastName>THOMPSON</lastName>
        <sponsorshipWithdrawnDate />
        <firstName>MIKE</firstName>
        <middleName />
        <fullName>Rep. Thompson, Mike [D-CA-5]</fullName>
        <state>CA</state>
        <bioguideId>T000460</bioguideId>
        <party>D</party>
        <district>5</district>
        <identifiers>
          <lisID>1593</lisID>
          <bioguideId>T000460</bioguideId>
          <gpoId>7806</gpoId>
        </identifiers>
        <isOriginalCosponsor>False</isOriginalCosponsor>
      </item>
      <item>
        <sponsorshipDate>2015-02-24</sponsorshipDate>
        <lastName>Kuster</lastName>
        <sponsorshipWithdrawnDate />
        <firstName>Ann</firstName>
        <middleName>M.</middleName>
        <fullName>Rep. Kuster, Ann M. [D-NH-2]</fullName>
        <state>NH</state>
        <bioguideId>K000382</bioguideId>
        <party>D</party>
        <district>2</district>
        <identifiers>
          <bioguideId>K000382</bioguideId>
          <lisID>2145</lisID>
          <gpoId />
        </identifiers>
        <isOriginalCosponsor>False</isOriginalCosponsor>
      </item>
      <item>
        <sponsorshipDate>2015-02-24</sponsorshipDate>
        <lastName>Lance</lastName>
        <sponsorshipWithdrawnDate />
        <firstName>Leonard</firstName>
        <middleName />
        <fullName>Rep. Lance, Leonard [R-NJ-7]</fullName>
        <state>NJ</state>
        <bioguideId>L000567</bioguideId>
        <party>R</party>
        <district>7</district>
        <identifiers>
          <lisID>1936</lisID>
          <bioguideId>L000567</bioguideId>
          <gpoId>8049</gpoId>
        </identifiers>
        <isOriginalCosponsor>False</isOriginalCosponsor>
      </item>
      <item>
        <sponsorshipDate>2015-02-24</sponsorshipDate>
        <lastName>PRICE</lastName>
        <sponsorshipWithdrawnDate />
        <firstName>DAVID</firstName>
        <middleName>E.</middleName>
        <fullName>Rep. Price, David E. [D-NC-4]</fullName>
        <state>NC</state>
        <bioguideId>P000523</bioguideId>
        <party>D</party>
        <district>4</district>
        <identifiers>
          <lisID>930</lisID>
          <gpoId>8027</gpoId>
          <bioguideId>P000523</bioguideId>
        </identifiers>
        <isOriginalCosponsor>False</isOriginalCosponsor>
      </item>
      <item>
        <sponsorshipDate>2015-03-04</sponsorshipDate>
        <lastName>Ross</lastName>
        <sponsorshipWithdrawnDate />
        <firstName>Dennis</firstName>
        <middleName>A.</middleName>
        <fullName>Rep. Ross, Dennis A. [R-FL-15]</fullName>
        <state>FL</state>
        <bioguideId>R000593</bioguideId>
        <party>R</party>
        <district>15</district>
        <identifiers>
          <bioguideId>R000593</bioguideId>
          <lisID>2003</lisID>
          <gpoId>7884</gpoId>
        </identifiers>
        <isOriginalCosponsor>False</isOriginalCosponsor>
      </item>
      <item>
        <sponsorshipDate>2015-03-04</sponsorshipDate>
        <lastName>Beatty</lastName>
        <sponsorshipWithdrawnDate />
        <firstName>Joyce</firstName>
        <middleName />
        <fullName>Rep. Beatty, Joyce [D-OH-3]</fullName>
        <state>OH</state>
        <bioguideId>B001281</bioguideId>
        <party>D</party>
        <district>3</district>
        <identifiers>
          <gpoId />
          <lisID>2153</lisID>
          <bioguideId>B001281</bioguideId>
        </identifiers>
        <isOriginalCosponsor>False</isOriginalCosponsor>
      </item>
      <item>
        <sponsorshipDate>2015-03-04</sponsorshipDate>
        <lastName>SCHIFF</lastName>
        <sponsorshipWithdrawnDate />
        <firstName>ADAM</firstName>
        <middleName>B.</middleName>
        <fullName>Rep. Schiff, Adam B. [D-CA-28]</fullName>
        <state>CA</state>
        <bioguideId>S001150</bioguideId>
        <party>D</party>
        <district>28</district>
        <identifiers>
          <lisID>1635</lisID>
          <bioguideId>S001150</bioguideId>
          <gpoId>7834</gpoId>
        </identifiers>
        <isOriginalCosponsor>False</isOriginalCosponsor>
      </item>
      <item>
        <sponsorshipDate>2015-03-04</sponsorshipDate>
        <lastName>MCGOVERN</lastName>
        <sponsorshipWithdrawnDate />
        <firstName>JAMES</firstName>
        <middleName>P.</middleName>
        <fullName>Rep. McGovern, James P. [D-MA-2]</fullName>
        <state>MA</state>
        <bioguideId>M000312</bioguideId>
        <party>D</party>
        <district>2</district>
        <identifiers>
          <bioguideId>M000312</bioguideId>
          <lisID>1504</lisID>
          <gpoId>7968</gpoId>
        </identifiers>
        <isOriginalCosponsor>False</isOriginalCosponsor>
      </item>
      <item>
        <sponsorshipDate>2015-03-04</sponsorshipDate>
        <lastName>ESHOO</lastName>
        <sponsorshipWithdrawnDate />
        <firstName>ANNA</firstName>
        <middleName>G.</middleName>
        <fullName>Rep. Eshoo, Anna G. [D-CA-18]</fullName>
        <state>CA</state>
        <bioguideId>E000215</bioguideId>
        <party>D</party>
        <district>18</district>
        <identifiers>
          <lisID>355</lisID>
          <bioguideId>E000215</bioguideId>
          <gpoId>7819</gpoId>
        </identifiers>
        <isOriginalCosponsor>False</isOriginalCosponsor>
      </item>
      <item>
        <sponsorshipDate>2015-03-04</sponsorshipDate>
        <lastName>Collins</lastName>
        <sponsorshipWithdrawnDate />
        <firstName>Chris</firstName>
        <middleName />
        <fullName>Rep. Collins, Chris [R-NY-27]</fullName>
        <state>NY</state>
        <bioguideId>C001092</bioguideId>
        <party>R</party>
        <district>27</district>
        <identifiers>
          <gpoId />
          <lisID>2151</lisID>
          <bioguideId>C001092</bioguideId>
        </identifiers>
        <isOriginalCosponsor>False</isOriginalCosponsor>
      </item>
      <item>
        <sponsorshipDate>2015-03-04</sponsorshipDate>
        <lastName>Kilmer</lastName>
        <sponsorshipWithdrawnDate />
        <firstName>Derek</firstName>
        <middleName />
        <fullName>Rep. Kilmer, Derek [D-WA-6]</fullName>
        <state>WA</state>
        <bioguideId>K000381</bioguideId>
        <party>D</party>
        <district>6</district>
        <identifiers>
          <lisID>2169</lisID>
          <bioguideId>K000381</bioguideId>
          <gpoId />
        </identifiers>
        <isOriginalCosponsor>False</isOriginalCosponsor>
      </item>
      <item>
        <sponsorshipDate>2015-03-04</sponsorshipDate>
        <lastName>Pingree</lastName>
        <sponsorshipWithdrawnDate />
        <firstName>Chellie</firstName>
        <middleName />
        <fullName>Rep. Pingree, Chellie [D-ME-1]</fullName>
        <state>ME</state>
        <bioguideId>P000597</bioguideId>
        <party>D</party>
        <district>1</district>
        <identifiers>
          <lisID>1927</lisID>
          <gpoId>7984</gpoId>
          <bioguideId>P000597</bioguideId>
        </identifiers>
        <isOriginalCosponsor>False</isOriginalCosponsor>
      </item>
      <item>
        <sponsorshipDate>2015-03-04</sponsorshipDate>
        <lastName>RYAN</lastName>
        <sponsorshipWithdrawnDate />
        <firstName>TIM</firstName>
        <middleName />
        <fullName>Rep. Ryan, Tim [D-OH-13]</fullName>
        <state>OH</state>
        <bioguideId>R000577</bioguideId>
        <party>D</party>
        <district>13</district>
        <identifiers>
          <lisID>1756</lisID>
          <bioguideId>R000577</bioguideId>
          <gpoId>8107</gpoId>
        </identifiers>
        <isOriginalCosponsor>False</isOriginalCosponsor>
      </item>
      <item>
        <sponsorshipDate>2015-03-17</sponsorshipDate>
        <lastName>Carter</lastName>
        <sponsorshipWithdrawnDate />
        <firstName>John</firstName>
        <middleName>R.</middleName>
        <fullName>Rep. Carter, John R. [R-TX-31]</fullName>
        <state>TX</state>
        <bioguideId>C001051</bioguideId>
        <party>R</party>
        <district>31</district>
        <identifiers>
          <bioguideId>C001051</bioguideId>
          <gpoId>8187</gpoId>
          <lisID>1752</lisID>
        </identifiers>
        <isOriginalCosponsor>False</isOriginalCosponsor>
      </item>
      <item>
        <sponsorshipDate>2015-03-17</sponsorshipDate>
        <lastName>PASCRELL</lastName>
        <sponsorshipWithdrawnDate />
        <firstName>WILLIAM</firstName>
        <middleName>J.</middleName>
        <fullName>Rep. Pascrell, Bill, Jr. [D-NJ-9]</fullName>
        <state>NJ</state>
        <bioguideId>P000096</bioguideId>
        <party>D</party>
        <district>9</district>
        <identifiers>
          <gpoId>8050</gpoId>
          <lisID>1510</lisID>
          <bioguideId>P000096</bioguideId>
        </identifiers>
        <isOriginalCosponsor>False</isOriginalCosponsor>
      </item>
      <item>
        <sponsorshipDate>2015-03-17</sponsorshipDate>
        <lastName>LANGEVIN</lastName>
        <sponsorshipWithdrawnDate />
        <firstName>JAMES</firstName>
        <middleName>R.</middleName>
        <fullName>Rep. Langevin, James R. [D-RI-2]</fullName>
        <state>RI</state>
        <bioguideId>L000559</bioguideId>
        <party>D</party>
        <district>2</district>
        <identifiers>
          <lisID>1668</lisID>
          <bioguideId>L000559</bioguideId>
          <gpoId>8140</gpoId>
        </identifiers>
        <isOriginalCosponsor>False</isOriginalCosponsor>
      </item>
      <item>
        <sponsorshipDate>2015-03-17</sponsorshipDate>
        <lastName>YOUNG</lastName>
        <sponsorshipWithdrawnDate />
        <firstName>DON</firstName>
        <middleName>E.</middleName>
        <fullName>Rep. Young, Don [R-AK-At Large]</fullName>
        <state>AK</state>
        <bioguideId>Y000033</bioguideId>
        <party>R</party>
        <district>0</district>
        <identifiers>
          <gpoId>7785</gpoId>
          <lisID>1256</lisID>
          <bioguideId>Y000033</bioguideId>
        </identifiers>
        <isOriginalCosponsor>False</isOriginalCosponsor>
      </item>
      <item>
        <sponsorshipDate>2015-03-17</sponsorshipDate>
        <lastName>Clarke</lastName>
        <sponsorshipWithdrawnDate />
        <firstName>Yvette</firstName>
        <middleName>D.</middleName>
        <fullName>Rep. Clarke, Yvette D. [D-NY-9]</fullName>
        <state>NY</state>
        <bioguideId>C001067</bioguideId>
        <party>D</party>
        <district>9</district>
        <identifiers>
          <lisID>1864</lisID>
          <bioguideId>C001067</bioguideId>
          <gpoId>8072</gpoId>
        </identifiers>
        <isOriginalCosponsor>False</isOriginalCosponsor>
      </item>
      <item>
        <sponsorshipDate>2015-03-17</sponsorshipDate>
        <lastName>ISRAEL</lastName>
        <sponsorshipWithdrawnDate />
        <firstName>STEVE</firstName>
        <middleName />
        <fullName>Rep. Israel, Steve [D-NY-3]</fullName>
        <state>NY</state>
        <bioguideId>I000057</bioguideId>
        <party>D</party>
        <district>3</district>
        <identifiers>
          <lisID>1663</lisID>
          <gpoId>8063</gpoId>
          <bioguideId>I000057</bioguideId>
        </identifiers>
        <isOriginalCosponsor>False</isOriginalCosponsor>
      </item>
      <item>
        <sponsorshipDate>2015-03-17</sponsorshipDate>
        <lastName>Jolly</lastName>
        <sponsorshipWithdrawnDate />
        <firstName>David</firstName>
        <middleName>W.</middleName>
        <fullName>Rep. Jolly, David [R-FL-13]</fullName>
        <state>FL</state>
        <bioguideId>J000296</bioguideId>
        <party>R</party>
        <district>13</district>
        <identifiers>
          <lisID>2199</lisID>
          <bioguideId>J000296</bioguideId>
          <gpoId />
        </identifiers>
        <isOriginalCosponsor>False</isOriginalCosponsor>
      </item>
      <item>
        <sponsorshipDate>2015-03-17</sponsorshipDate>
        <lastName>LOFGREN</lastName>
        <sponsorshipWithdrawnDate />
        <firstName>ZOE</firstName>
        <middleName />
        <fullName>Rep. Lofgren, Zoe [D-CA-19]</fullName>
        <state>CA</state>
        <bioguideId>L000397</bioguideId>
        <party>D</party>
        <district>19</district>
        <identifiers>
          <gpoId>7821</gpoId>
          <lisID>701</lisID>
          <bioguideId>L000397</bioguideId>
        </identifiers>
        <isOriginalCosponsor>False</isOriginalCosponsor>
      </item>
      <item>
        <sponsorshipDate>2015-03-17</sponsorshipDate>
        <lastName>Gowdy</lastName>
        <sponsorshipWithdrawnDate />
        <firstName>Trey</firstName>
        <middleName />
        <fullName>Rep. Gowdy, Trey [R-SC-4]</fullName>
        <state>SC</state>
        <bioguideId>G000566</bioguideId>
        <party>R</party>
        <district>4</district>
        <identifiers>
          <bioguideId>G000566</bioguideId>
          <lisID>2058</lisID>
          <gpoId>8144</gpoId>
        </identifiers>
        <isOriginalCosponsor>False</isOriginalCosponsor>
      </item>
      <item>
        <sponsorshipDate>2015-03-24</sponsorshipDate>
        <lastName>Castor</lastName>
        <sponsorshipWithdrawnDate />
        <firstName>Kathy</firstName>
        <middleName />
        <fullName>Rep. Castor, Kathy [D-FL-14]</fullName>
        <state>FL</state>
        <bioguideId>C001066</bioguideId>
        <party>D</party>
        <district>14</district>
        <identifiers>
          <lisID>1839</lisID>
          <bioguideId>C001066</bioguideId>
          <gpoId>7883</gpoId>
        </identifiers>
        <isOriginalCosponsor>False</isOriginalCosponsor>
      </item>
      <item>
        <sponsorshipDate>2015-03-24</sponsorshipDate>
        <lastName>ROYBAL-ALLARD</lastName>
        <sponsorshipWithdrawnDate />
        <firstName>LUCILLE</firstName>
        <middleName />
        <fullName>Rep. Roybal-Allard, Lucille [D-CA-40]</fullName>
        <state>CA</state>
        <bioguideId>R000486</bioguideId>
        <party>D</party>
        <district>40</district>
        <identifiers>
          <bioguideId>R000486</bioguideId>
          <lisID>997</lisID>
          <gpoId>7839</gpoId>
        </identifiers>
        <isOriginalCosponsor>False</isOriginalCosponsor>
      </item>
      <item>
        <sponsorshipDate>2015-03-24</sponsorshipDate>
        <lastName>Tonko</lastName>
        <sponsorshipWithdrawnDate />
        <firstName>Paul</firstName>
        <middleName />
        <fullName>Rep. Tonko, Paul [D-NY-20]</fullName>
        <state>NY</state>
        <bioguideId>T000469</bioguideId>
        <party>D</party>
        <district>20</district>
        <identifiers>
          <lisID>1942</lisID>
          <bioguideId>T000469</bioguideId>
          <gpoId>8082</gpoId>
        </identifiers>
        <isOriginalCosponsor>False</isOriginalCosponsor>
      </item>
      <item>
        <sponsorshipDate>2015-03-24</sponsorshipDate>
        <lastName>Loebsack</lastName>
        <sponsorshipWithdrawnDate />
        <firstName>David</firstName>
        <middleName />
        <fullName>Rep. Loebsack, David [D-IA-2]</fullName>
        <state>IA</state>
        <bioguideId>L000565</bioguideId>
        <party>D</party>
        <district>2</district>
        <identifiers>
          <bioguideId>L000565</bioguideId>
          <lisID>1846</lisID>
          <gpoId>7915</gpoId>
        </identifiers>
        <isOriginalCosponsor>False</isOriginalCosponsor>
      </item>
      <item>
        <sponsorshipDate>2015-03-24</sponsorshipDate>
        <lastName>Ribble</lastName>
        <sponsorshipWithdrawnDate />
        <firstName>Reid</firstName>
        <middleName>J.</middleName>
        <fullName>Rep. Ribble, Reid J. [R-WI-8]</fullName>
        <state>WI</state>
        <bioguideId>R000587</bioguideId>
        <party>R</party>
        <district>8</district>
        <identifiers>
          <bioguideId>R000587</bioguideId>
          <gpoId>8221</gpoId>
          <lisID>2073</lisID>
        </identifiers>
        <isOriginalCosponsor>False</isOriginalCosponsor>
      </item>
      <item>
        <sponsorshipDate>2015-03-26</sponsorshipDate>
        <lastName>HASTINGS</lastName>
        <sponsorshipWithdrawnDate />
        <firstName>ALCEE</firstName>
        <middleName>L.</middleName>
        <fullName>Rep. Hastings, Alcee L. [D-FL-20]</fullName>
        <state>FL</state>
        <bioguideId>H000324</bioguideId>
        <party>D</party>
        <district>20</district>
        <identifiers>
          <lisID>511</lisID>
          <bioguideId>H000324</bioguideId>
          <gpoId>7895</gpoId>
        </identifiers>
        <isOriginalCosponsor>False</isOriginalCosponsor>
      </item>
      <item>
        <sponsorshipDate>2015-03-26</sponsorshipDate>
        <lastName>LARSEN</lastName>
        <sponsorshipWithdrawnDate />
        <firstName>RICK</firstName>
        <middleName />
        <fullName>Rep. Larsen, Rick [D-WA-2]</fullName>
        <state>WA</state>
        <bioguideId>L000560</bioguideId>
        <party>D</party>
        <district>2</district>
        <identifiers>
          <bioguideId>L000560</bioguideId>
          <lisID>1675</lisID>
          <gpoId>8206</gpoId>
        </identifiers>
        <isOriginalCosponsor>False</isOriginalCosponsor>
      </item>
      <item>
        <sponsorshipDate>2015-03-26</sponsorshipDate>
        <lastName>NOLAN</lastName>
        <sponsorshipWithdrawnDate />
        <firstName>RICHARD</firstName>
        <middleName />
        <fullName>Rep. Nolan, Richard M. [D-MN-8]</fullName>
        <state>MN</state>
        <bioguideId>N000127</bioguideId>
        <party>D</party>
        <district>8</district>
        <identifiers>
          <gpoId />
          <lisID>867</lisID>
          <bioguideId>N000127</bioguideId>
        </identifiers>
        <isOriginalCosponsor>False</isOriginalCosponsor>
      </item>
      <item>
        <sponsorshipDate>2015-04-13</sponsorshipDate>
        <lastName>Lipinski</lastName>
        <sponsorshipWithdrawnDate />
        <firstName>Daniel</firstName>
        <middleName>William</middleName>
        <fullName>Rep. Lipinski, Daniel [D-IL-3]</fullName>
        <state>IL</state>
        <bioguideId>L000563</bioguideId>
        <party>D</party>
        <district>3</district>
        <identifiers>
          <lisID>1781</lisID>
          <gpoId>7923</gpoId>
          <bioguideId>L000563</bioguideId>
        </identifiers>
        <isOriginalCosponsor>False</isOriginalCosponsor>
      </item>
      <item>
        <sponsorshipDate>2015-04-13</sponsorshipDate>
        <lastName>Amodei</lastName>
        <sponsorshipWithdrawnDate />
        <firstName>Mark</firstName>
        <middleName>E.</middleName>
        <fullName>Rep. Amodei, Mark E. [R-NV-2]</fullName>
        <state>NV</state>
        <bioguideId>A000369</bioguideId>
        <party>R</party>
        <district>2</district>
        <identifiers>
          <lisID>2090</lisID>
          <bioguideId>A000369</bioguideId>
          <gpoId>8366</gpoId>
        </identifiers>
        <isOriginalCosponsor>False</isOriginalCosponsor>
      </item>
      <item>
        <sponsorshipDate>2015-04-13</sponsorshipDate>
        <lastName>Stivers</lastName>
        <sponsorshipWithdrawnDate />
        <firstName>Steve</firstName>
        <middleName />
        <fullName>Rep. Stivers, Steve [R-OH-15]</fullName>
        <state>OH</state>
        <bioguideId>S001187</bioguideId>
        <party>R</party>
        <district>15</district>
        <identifiers>
          <bioguideId>S001187</bioguideId>
          <lisID>2047</lisID>
          <gpoId>8105</gpoId>
        </identifiers>
        <isOriginalCosponsor>False</isOriginalCosponsor>
      </item>
      <item>
        <sponsorshipDate>2015-04-13</sponsorshipDate>
        <lastName>Peters</lastName>
        <sponsorshipWithdrawnDate />
        <firstName>Scott</firstName>
        <middleName>H.</middleName>
        <fullName>Rep. Peters, Scott H. [D-CA-52]</fullName>
        <state>CA</state>
        <bioguideId>P000608</bioguideId>
        <party>D</party>
        <district>52</district>
        <identifiers>
          <bioguideId>P000608</bioguideId>
          <lisID>2113</lisID>
          <gpoId />
        </identifiers>
        <isOriginalCosponsor>False</isOriginalCosponsor>
      </item>
      <item>
        <sponsorshipDate>2015-04-13</sponsorshipDate>
        <lastName>DUNCAN</lastName>
        <sponsorshipWithdrawnDate />
        <firstName>JOHN</firstName>
        <middleName>J.</middleName>
        <fullName>Rep. Duncan, John J., Jr. [R-TN-2]</fullName>
        <state>TN</state>
        <bioguideId>D000533</bioguideId>
        <party>R</party>
        <district>2</district>
        <identifiers>
          <lisID>322</lisID>
          <bioguideId>D000533</bioguideId>
          <gpoId>8149</gpoId>
        </identifiers>
        <isOriginalCosponsor>False</isOriginalCosponsor>
      </item>
      <item>
        <sponsorshipDate>2015-04-13</sponsorshipDate>
        <lastName>Matsui</lastName>
        <sponsorshipWithdrawnDate />
        <firstName>Doris</firstName>
        <middleName>O.</middleName>
        <fullName>Rep. Matsui, Doris O. [D-CA-6]</fullName>
        <state>CA</state>
        <bioguideId>M001163</bioguideId>
        <party>D</party>
        <district>6</district>
        <identifiers>
          <lisID>1814</lisID>
          <bioguideId>M001163</bioguideId>
          <gpoId>7810</gpoId>
        </identifiers>
        <isOriginalCosponsor>False</isOriginalCosponsor>
      </item>
      <item>
        <sponsorshipDate>2015-04-13</sponsorshipDate>
        <lastName>Yoder</lastName>
        <sponsorshipWithdrawnDate />
        <firstName>Kevin</firstName>
        <middleName />
        <fullName>Rep. Yoder, Kevin [R-KS-3]</fullName>
        <state>KS</state>
        <bioguideId>Y000063</bioguideId>
        <party>R</party>
        <district>3</district>
        <identifiers>
          <gpoId>7951</gpoId>
          <lisID>2021</lisID>
          <bioguideId>Y000063</bioguideId>
        </identifiers>
        <isOriginalCosponsor>False</isOriginalCosponsor>
      </item>
      <item>
        <sponsorshipDate>2015-04-13</sponsorshipDate>
        <lastName>McCaul</lastName>
        <sponsorshipWithdrawnDate />
        <firstName>Michael</firstName>
        <middleName>T.</middleName>
        <fullName>Rep. McCaul, Michael T. [R-TX-10]</fullName>
        <state>TX</state>
        <bioguideId>M001157</bioguideId>
        <party>R</party>
        <district>10</district>
        <identifiers>
          <lisID>1804</lisID>
          <gpoId>8166</gpoId>
          <bioguideId>M001157</bioguideId>
        </identifiers>
        <isOriginalCosponsor>False</isOriginalCosponsor>
      </item>
      <item>
        <sponsorshipDate>2015-04-13</sponsorshipDate>
        <lastName>JONES</lastName>
        <sponsorshipWithdrawnDate />
        <firstName>WALTER</firstName>
        <middleName>B.</middleName>
        <fullName>Rep. Jones, Walter B., Jr. [R-NC-3]</fullName>
        <state>NC</state>
        <bioguideId>J000255</bioguideId>
        <party>R</party>
        <district>3</district>
        <identifiers>
          <gpoId>8026</gpoId>
          <lisID>612</lisID>
          <bioguideId>J000255</bioguideId>
        </identifiers>
        <isOriginalCosponsor>False</isOriginalCosponsor>
      </item>
      <item>
        <sponsorshipDate>2015-04-13</sponsorshipDate>
        <lastName>Lieu</lastName>
        <sponsorshipWithdrawnDate />
        <firstName>Ted</firstName>
        <middleName />
        <fullName>Rep. Lieu, Ted [D-CA-33]</fullName>
        <state>CA</state>
        <bioguideId>L000582</bioguideId>
        <party>D</party>
        <district>33</district>
        <identifiers>
          <lisID>2230</lisID>
          <bioguideId>L000582</bioguideId>
          <gpoId />
        </identifiers>
        <isOriginalCosponsor>False</isOriginalCosponsor>
      </item>
      <item>
        <sponsorshipDate>2015-04-13</sponsorshipDate>
        <lastName>SESSIONS</lastName>
        <sponsorshipWithdrawnDate />
        <firstName>PETE</firstName>
        <middleName />
        <fullName>Rep. Sessions, Pete [R-TX-32]</fullName>
        <state>TX</state>
        <bioguideId>S000250</bioguideId>
        <party>R</party>
        <district>32</district>
        <identifiers>
          <gpoId>8188</gpoId>
          <lisID>1525</lisID>
          <bioguideId>S000250</bioguideId>
        </identifiers>
        <isOriginalCosponsor>False</isOriginalCosponsor>
      </item>
      <item>
        <sponsorshipDate>2015-04-16</sponsorshipDate>
        <lastName>Comstock</lastName>
        <sponsorshipWithdrawnDate />
        <firstName>Barbara</firstName>
        <middleName />
        <fullName>Rep. Comstock, Barbara [R-VA-10]</fullName>
        <state>VA</state>
        <bioguideId>C001105</bioguideId>
        <party>R</party>
        <district>10</district>
        <identifiers>
          <lisID>2273</lisID>
          <bioguideId>C001105</bioguideId>
          <gpoId />
        </identifiers>
        <isOriginalCosponsor>False</isOriginalCosponsor>
      </item>
      <item>
        <sponsorshipDate>2015-04-16</sponsorshipDate>
        <lastName>Ellison</lastName>
        <sponsorshipWithdrawnDate />
        <firstName>Keith</firstName>
        <middleName />
        <fullName>Rep. Ellison, Keith [D-MN-5]</fullName>
        <state>MN</state>
        <bioguideId>E000288</bioguideId>
        <party>D</party>
        <district>5</district>
        <identifiers>
          <gpoId>8005</gpoId>
          <lisID>1857</lisID>
          <bioguideId>E000288</bioguideId>
        </identifiers>
        <isOriginalCosponsor>False</isOriginalCosponsor>
      </item>
      <item>
        <sponsorshipDate>2015-04-16</sponsorshipDate>
        <lastName>Esty</lastName>
        <sponsorshipWithdrawnDate />
        <firstName>Elizabeth</firstName>
        <middleName>H.</middleName>
        <fullName>Rep. Esty, Elizabeth H. [D-CT-5]</fullName>
        <state>CT</state>
        <bioguideId>E000293</bioguideId>
        <party>D</party>
        <district>5</district>
        <identifiers>
          <bioguideId>E000293</bioguideId>
          <lisID>2114</lisID>
          <gpoId />
        </identifiers>
        <isOriginalCosponsor>False</isOriginalCosponsor>
      </item>
      <item>
        <sponsorshipDate>2015-04-16</sponsorshipDate>
        <lastName>THOMPSON</lastName>
        <sponsorshipWithdrawnDate />
        <firstName>BENNIE</firstName>
        <middleName />
        <fullName>Rep. Thompson, Bennie G. [D-MS-2]</fullName>
        <state>MS</state>
        <bioguideId>T000193</bioguideId>
        <party>D</party>
        <district>2</district>
        <identifiers>
          <lisID>1151</lisID>
          <bioguideId>T000193</bioguideId>
          <gpoId>8020</gpoId>
        </identifiers>
        <isOriginalCosponsor>False</isOriginalCosponsor>
      </item>
      <item>
        <sponsorshipDate>2015-04-16</sponsorshipDate>
        <lastName>Young</lastName>
        <sponsorshipWithdrawnDate />
        <firstName>David</firstName>
        <middleName />
        <fullName>Rep. Young, David [R-IA-3]</fullName>
        <state>IA</state>
        <bioguideId>Y000066</bioguideId>
        <party>R</party>
        <district>3</district>
        <identifiers>
          <lisID>2242</lisID>
          <bioguideId>Y000066</bioguideId>
          <gpoId />
        </identifiers>
        <isOriginalCosponsor>False</isOriginalCosponsor>
      </item>
      <item>
        <sponsorshipDate>2015-04-16</sponsorshipDate>
        <lastName>ENGEL</lastName>
        <sponsorshipWithdrawnDate />
        <firstName>ELIOT</firstName>
        <middleName>L.</middleName>
        <fullName>Rep. Engel, Eliot L. [D-NY-16]</fullName>
        <state>NY</state>
        <bioguideId>E000179</bioguideId>
        <party>D</party>
        <district>16</district>
        <identifiers>
          <gpoId>8078</gpoId>
          <lisID>344</lisID>
          <bioguideId>E000179</bioguideId>
        </identifiers>
        <isOriginalCosponsor>False</isOriginalCosponsor>
      </item>
      <item>
        <sponsorshipDate>2015-04-16</sponsorshipDate>
        <lastName>Perry</lastName>
        <sponsorshipWithdrawnDate />
        <firstName>Scott</firstName>
        <middleName />
        <fullName>Rep. Perry, Scott [R-PA-4]</fullName>
        <state>PA</state>
        <bioguideId>P000605</bioguideId>
        <party>R</party>
        <district>4</district>
        <identifiers>
          <lisID>2157</lisID>
          <bioguideId>P000605</bioguideId>
          <gpoId />
        </identifiers>
        <isOriginalCosponsor>False</isOriginalCosponsor>
      </item>
      <item>
        <sponsorshipDate>2015-04-30</sponsorshipDate>
        <lastName>Pocan</lastName>
        <sponsorshipWithdrawnDate />
        <firstName>Mark</firstName>
        <middleName />
        <fullName>Rep. Pocan, Mark [D-WI-2]</fullName>
        <state>WI</state>
        <bioguideId>P000607</bioguideId>
        <party>D</party>
        <district>2</district>
        <identifiers>
          <bioguideId>P000607</bioguideId>
          <lisID>2171</lisID>
          <gpoId />
        </identifiers>
        <isOriginalCosponsor>False</isOriginalCosponsor>
      </item>
      <item>
        <sponsorshipDate>2015-04-30</sponsorshipDate>
        <lastName>RANGEL</lastName>
        <sponsorshipWithdrawnDate />
        <firstName>CHARLES</firstName>
        <middleName>B.</middleName>
        <fullName>Rep. Rangel, Charles B. [D-NY-13]</fullName>
        <state>NY</state>
        <bioguideId>R000053</bioguideId>
        <party>D</party>
        <district>13</district>
        <identifiers>
          <lisID>944</lisID>
          <gpoId>8076</gpoId>
          <bioguideId>R000053</bioguideId>
        </identifiers>
        <isOriginalCosponsor>False</isOriginalCosponsor>
      </item>
      <item>
        <sponsorshipDate>2015-04-30</sponsorshipDate>
        <lastName>Paulsen</lastName>
        <sponsorshipWithdrawnDate />
        <firstName>Erik</firstName>
        <middleName />
        <fullName>Rep. Paulsen, Erik [R-MN-3]</fullName>
        <state>MN</state>
        <bioguideId>P000594</bioguideId>
        <party>R</party>
        <district>3</district>
        <identifiers>
          <gpoId>8003</gpoId>
          <lisID>1930</lisID>
          <bioguideId>P000594</bioguideId>
        </identifiers>
        <isOriginalCosponsor>False</isOriginalCosponsor>
      </item>
      <item>
        <sponsorshipDate>2015-04-30</sponsorshipDate>
        <lastName>Palazzo</lastName>
        <sponsorshipWithdrawnDate />
        <firstName>Steven</firstName>
        <middleName>M.</middleName>
        <fullName>Rep. Palazzo, Steven M. [R-MS-4]</fullName>
        <state>MS</state>
        <bioguideId>P000601</bioguideId>
        <party>R</party>
        <district>4</district>
        <identifiers>
          <bioguideId>P000601</bioguideId>
          <lisID>2035</lisID>
          <gpoId>8022</gpoId>
        </identifiers>
        <isOriginalCosponsor>False</isOriginalCosponsor>
      </item>
      <item>
        <sponsorshipDate>2015-04-30</sponsorshipDate>
        <lastName>LEVIN</lastName>
        <sponsorshipWithdrawnDate />
        <firstName>SANDER</firstName>
        <middleName>M.</middleName>
        <fullName>Rep. Levin, Sander M. [D-MI-9]</fullName>
        <state>MI</state>
        <bioguideId>L000263</bioguideId>
        <party>D</party>
        <district>9</district>
        <identifiers>
          <lisID>683</lisID>
          <bioguideId>L000263</bioguideId>
          <gpoId>7997</gpoId>
        </identifiers>
        <isOriginalCosponsor>False</isOriginalCosponsor>
      </item>
      <item>
        <sponsorshipDate>2015-04-30</sponsorshipDate>
        <lastName>Himes</lastName>
        <sponsorshipWithdrawnDate />
        <firstName>James</firstName>
        <middleName>A.</middleName>
        <fullName>Rep. Himes, James A. [D-CT-4]</fullName>
        <state>CT</state>
        <bioguideId>H001047</bioguideId>
        <party>D</party>
        <district>4</district>
        <identifiers>
          <bioguideId>H001047</bioguideId>
          <lisID>1913</lisID>
          <gpoId>7869</gpoId>
        </identifiers>
        <isOriginalCosponsor>False</isOriginalCosponsor>
      </item>
      <item>
        <sponsorshipDate>2015-04-30</sponsorshipDate>
        <lastName>Deutch</lastName>
        <sponsorshipWithdrawnDate />
        <firstName>Theodore</firstName>
        <middleName>E.</middleName>
        <fullName>Rep. Deutch, Theodore E. [D-FL-21]</fullName>
        <state>FL</state>
        <bioguideId>D000610</bioguideId>
        <party>D</party>
        <district>21</district>
        <identifiers>
          <lisID>1976</lisID>
          <bioguideId>D000610</bioguideId>
          <gpoId>7891</gpoId>
        </identifiers>
        <isOriginalCosponsor>False</isOriginalCosponsor>
      </item>
      <item>
        <sponsorshipDate>2015-05-01</sponsorshipDate>
        <lastName>SMITH</lastName>
        <sponsorshipWithdrawnDate />
        <firstName>CHRISTOPHER</firstName>
        <middleName>H.</middleName>
        <fullName>Rep. Smith, Christopher H. [R-NJ-4]</fullName>
        <state>NJ</state>
        <bioguideId>S000522</bioguideId>
        <party>R</party>
        <district>4</district>
        <identifiers>
          <gpoId>8046</gpoId>
          <lisID>1071</lisID>
          <bioguideId>S000522</bioguideId>
        </identifiers>
        <isOriginalCosponsor>False</isOriginalCosponsor>
      </item>
      <item>
        <sponsorshipDate>2015-05-15</sponsorshipDate>
        <lastName>DeSaulnier</lastName>
        <sponsorshipWithdrawnDate />
        <firstName>Mark</firstName>
        <middleName />
        <fullName>Rep. DeSaulnier, Mark [D-CA-11]</fullName>
        <state>CA</state>
        <bioguideId>D000623</bioguideId>
        <party>D</party>
        <district>11</district>
        <identifiers>
          <bioguideId>D000623</bioguideId>
          <lisID>2227</lisID>
          <gpoId />
        </identifiers>
        <isOriginalCosponsor>False</isOriginalCosponsor>
      </item>
      <item>
        <sponsorshipDate>2015-05-15</sponsorshipDate>
        <lastName>Costello</lastName>
        <sponsorshipWithdrawnDate />
        <firstName>Ryan</firstName>
        <middleName>A.</middleName>
        <fullName>Rep. Costello, Ryan A. [R-PA-6]</fullName>
        <state>PA</state>
        <bioguideId>C001106</bioguideId>
        <party>R</party>
        <district>6</district>
        <identifiers>
          <lisID>2266</lisID>
          <bioguideId>C001106</bioguideId>
          <gpoId />
        </identifiers>
        <isOriginalCosponsor>False</isOriginalCosponsor>
      </item>
      <item>
        <sponsorshipDate>2015-05-15</sponsorshipDate>
        <lastName>Benishek</lastName>
        <sponsorshipWithdrawnDate />
        <firstName>Dan</firstName>
        <middleName />
        <fullName>Rep. Benishek, Dan [R-MI-1]</fullName>
        <state>MI</state>
        <bioguideId>B001271</bioguideId>
        <party>R</party>
        <district>1</district>
        <identifiers>
          <lisID>2027</lisID>
          <bioguideId>B001271</bioguideId>
          <gpoId>7986</gpoId>
        </identifiers>
        <isOriginalCosponsor>False</isOriginalCosponsor>
      </item>
      <item>
        <sponsorshipDate>2015-05-15</sponsorshipDate>
        <lastName>Wilson</lastName>
        <sponsorshipWithdrawnDate />
        <firstName>Frederica</firstName>
        <middleName>S.</middleName>
        <fullName>Rep. Wilson, Frederica S. [D-FL-24]</fullName>
        <state>FL</state>
        <bioguideId>W000808</bioguideId>
        <party>D</party>
        <district>24</district>
        <identifiers>
          <lisID>2004</lisID>
          <bioguideId>W000808</bioguideId>
          <gpoId>7889</gpoId>
        </identifiers>
        <isOriginalCosponsor>False</isOriginalCosponsor>
      </item>
      <item>
        <sponsorshipDate>2015-05-21</sponsorshipDate>
        <lastName>Rice</lastName>
        <sponsorshipWithdrawnDate />
        <firstName>Kathleen</firstName>
        <middleName>M.</middleName>
        <fullName>Rep. Rice, Kathleen M. [D-NY-4]</fullName>
        <state>NY</state>
        <bioguideId>R000602</bioguideId>
        <party>D</party>
        <district>4</district>
        <identifiers>
          <bioguideId>R000602</bioguideId>
          <lisID>2262</lisID>
          <gpoId />
        </identifiers>
        <isOriginalCosponsor>False</isOriginalCosponsor>
      </item>
      <item>
        <sponsorshipDate>2015-06-04</sponsorshipDate>
        <lastName>Hanna</lastName>
        <sponsorshipWithdrawnDate />
        <firstName>Richard</firstName>
        <middleName>L.</middleName>
        <fullName>Rep. Hanna, Richard L. [R-NY-22]</fullName>
        <state>NY</state>
        <bioguideId>H001051</bioguideId>
        <party>R</party>
        <district>22</district>
        <identifiers>
          <lisID>2044</lisID>
          <bioguideId>H001051</bioguideId>
          <gpoId>8085</gpoId>
        </identifiers>
        <isOriginalCosponsor>False</isOriginalCosponsor>
      </item>
      <item>
        <sponsorshipDate>2015-06-04</sponsorshipDate>
        <lastName>Maloney</lastName>
        <sponsorshipWithdrawnDate />
        <firstName>Sean</firstName>
        <middleName>Patrick</middleName>
        <fullName>Rep. Maloney, Sean Patrick [D-NY-18]</fullName>
        <state>NY</state>
        <bioguideId>M001185</bioguideId>
        <party>D</party>
        <district>18</district>
        <identifiers>
          <lisID>2150</lisID>
          <bioguideId>M001185</bioguideId>
          <gpoId />
        </identifiers>
        <isOriginalCosponsor>False</isOriginalCosponsor>
      </item>
      <item>
        <sponsorshipDate>2015-06-04</sponsorshipDate>
        <lastName>Cicilline</lastName>
        <sponsorshipWithdrawnDate />
        <firstName>David</firstName>
        <middleName>N.</middleName>
        <fullName>Rep. Cicilline, David N. [D-RI-1]</fullName>
        <state>RI</state>
        <bioguideId>C001084</bioguideId>
        <party>D</party>
        <district>1</district>
        <identifiers>
          <bioguideId>C001084</bioguideId>
          <lisID>2055</lisID>
          <gpoId>8139</gpoId>
        </identifiers>
        <isOriginalCosponsor>False</isOriginalCosponsor>
      </item>
      <item>
        <sponsorshipDate>2015-06-04</sponsorshipDate>
        <lastName>DelBene</lastName>
        <sponsorshipWithdrawnDate />
        <firstName>Suzan</firstName>
        <middleName>K.</middleName>
        <fullName>Rep. DelBene, Suzan K. [D-WA-1]</fullName>
        <state>WA</state>
        <bioguideId>D000617</bioguideId>
        <party>D</party>
        <district>1</district>
        <identifiers>
          <bioguideId>D000617</bioguideId>
          <lisID>2096</lisID>
          <gpoId>8374</gpoId>
        </identifiers>
        <isOriginalCosponsor>False</isOriginalCosponsor>
      </item>
      <item>
        <sponsorshipDate>2015-06-04</sponsorshipDate>
        <lastName>Huffman</lastName>
        <sponsorshipWithdrawnDate />
        <firstName>Jared</firstName>
        <middleName />
        <fullName>Rep. Huffman, Jared [D-CA-2]</fullName>
        <state>CA</state>
        <bioguideId>H001068</bioguideId>
        <party>D</party>
        <district>2</district>
        <identifiers>
          <gpoId />
          <lisID>2101</lisID>
          <bioguideId>H001068</bioguideId>
        </identifiers>
        <isOriginalCosponsor>False</isOriginalCosponsor>
      </item>
      <item>
        <sponsorshipDate>2015-06-04</sponsorshipDate>
        <lastName>Zeldin</lastName>
        <sponsorshipWithdrawnDate />
        <firstName>Lee</firstName>
        <middleName>M.</middleName>
        <fullName>Rep. Zeldin, Lee M. [R-NY-1]</fullName>
        <state>NY</state>
        <bioguideId>Z000017</bioguideId>
        <party>R</party>
        <district>1</district>
        <identifiers>
          <bioguideId>Z000017</bioguideId>
          <gpoId />
          <lisID>2261</lisID>
        </identifiers>
        <isOriginalCosponsor>False</isOriginalCosponsor>
      </item>
      <item>
        <sponsorshipDate>2015-06-04</sponsorshipDate>
        <lastName>NAPOLITANO</lastName>
        <sponsorshipWithdrawnDate />
        <firstName>GRACE</firstName>
        <middleName>F.</middleName>
        <fullName>Rep. Napolitano, Grace F. [D-CA-32]</fullName>
        <state>CA</state>
        <bioguideId>N000179</bioguideId>
        <party>D</party>
        <district>32</district>
        <identifiers>
          <lisID>1602</lisID>
          <bioguideId>N000179</bioguideId>
          <gpoId>7843</gpoId>
        </identifiers>
        <isOriginalCosponsor>False</isOriginalCosponsor>
      </item>
      <item>
        <sponsorshipDate>2015-06-12</sponsorshipDate>
        <lastName>Johnson</lastName>
        <sponsorshipWithdrawnDate />
        <firstName>Henry</firstName>
        <middleName>C. "Hank"</middleName>
        <fullName>Rep. Johnson, Henry C. "Hank," Jr. [D-GA-4]</fullName>
        <state>GA</state>
        <bioguideId>J000288</bioguideId>
        <party>D</party>
        <district>4</district>
        <identifiers>
          <bioguideId>J000288</bioguideId>
          <lisID>1843</lisID>
          <gpoId>7901</gpoId>
        </identifiers>
        <isOriginalCosponsor>False</isOriginalCosponsor>
      </item>
      <item>
        <sponsorshipDate>2015-06-12</sponsorshipDate>
        <lastName>WALDEN</lastName>
        <sponsorshipWithdrawnDate />
        <firstName>GREG</firstName>
        <middleName />
        <fullName>Rep. Walden, Greg [R-OR-2]</fullName>
        <state>OR</state>
        <bioguideId>W000791</bioguideId>
        <party>R</party>
        <district>2</district>
        <identifiers>
          <lisID>1596</lisID>
          <bioguideId>W000791</bioguideId>
          <gpoId>8115</gpoId>
        </identifiers>
        <isOriginalCosponsor>False</isOriginalCosponsor>
      </item>
      <item>
        <sponsorshipDate>2015-06-18</sponsorshipDate>
        <lastName>Dingell</lastName>
        <sponsorshipWithdrawnDate />
        <firstName>Debbie</firstName>
        <middleName />
        <fullName>Rep. Dingell, Debbie [D-MI-12]</fullName>
        <state>MI</state>
        <bioguideId>D000624</bioguideId>
        <party>D</party>
        <district>12</district>
        <identifiers>
          <lisID>2251</lisID>
          <bioguideId>D000624</bioguideId>
          <gpoId />
        </identifiers>
        <isOriginalCosponsor>False</isOriginalCosponsor>
      </item>
      <item>
        <sponsorshipDate>2015-06-25</sponsorshipDate>
        <lastName>Jeffries</lastName>
        <sponsorshipWithdrawnDate />
        <firstName>Hakeem</firstName>
        <middleName>S.</middleName>
        <fullName>Rep. Jeffries, Hakeem S. [D-NY-8]</fullName>
        <state>NY</state>
        <bioguideId>J000294</bioguideId>
        <party>D</party>
        <district>8</district>
        <identifiers>
          <bioguideId>J000294</bioguideId>
          <lisID>2149</lisID>
          <gpoId />
        </identifiers>
        <isOriginalCosponsor>False</isOriginalCosponsor>
      </item>
      <item>
        <sponsorshipDate>2015-06-25</sponsorshipDate>
        <lastName>MCCOLLUM</lastName>
        <sponsorshipWithdrawnDate />
        <firstName>BETTY</firstName>
        <middleName />
        <fullName>Rep. McCollum, Betty [D-MN-4]</fullName>
        <state>MN</state>
        <bioguideId>M001143</bioguideId>
        <party>D</party>
        <district>4</district>
        <identifiers>
          <bioguideId>M001143</bioguideId>
          <lisID>1653</lisID>
          <gpoId>8004</gpoId>
        </identifiers>
        <isOriginalCosponsor>False</isOriginalCosponsor>
      </item>
      <item>
        <sponsorshipDate>2015-07-10</sponsorshipDate>
        <lastName>Murphy</lastName>
        <sponsorshipWithdrawnDate />
        <firstName>Patrick</firstName>
        <middleName />
        <fullName>Rep. Murphy, Patrick [D-FL-18]</fullName>
        <state>FL</state>
        <bioguideId>M001191</bioguideId>
        <party>D</party>
        <district>18</district>
        <identifiers>
          <gpoId />
          <lisID>2117</lisID>
          <bioguideId>M001191</bioguideId>
        </identifiers>
        <isOriginalCosponsor>False</isOriginalCosponsor>
      </item>
      <item>
        <sponsorshipDate>2015-09-08</sponsorshipDate>
        <lastName>DELAURO</lastName>
        <sponsorshipWithdrawnDate />
        <firstName>ROSA</firstName>
        <middleName />
        <fullName>Rep. DeLauro, Rosa L. [D-CT-3]</fullName>
        <state>CT</state>
        <bioguideId>D000216</bioguideId>
        <party>D</party>
        <district>3</district>
        <identifiers>
          <lisID>281</lisID>
          <bioguideId>D000216</bioguideId>
          <gpoId>7868</gpoId>
        </identifiers>
        <isOriginalCosponsor>False</isOriginalCosponsor>
      </item>
      <item>
        <sponsorshipDate>2015-09-08</sponsorshipDate>
        <lastName>Norcross</lastName>
        <sponsorshipWithdrawnDate />
        <firstName>Donald</firstName>
        <middleName />
        <fullName>Rep. Norcross, Donald [D-NJ-1]</fullName>
        <state>NJ</state>
        <bioguideId>N000188</bioguideId>
        <party>D</party>
        <district>1</district>
        <identifiers>
          <lisID>2202</lisID>
          <bioguideId>N000188</bioguideId>
          <gpoId />
        </identifiers>
        <isOriginalCosponsor>False</isOriginalCosponsor>
      </item>
      <item>
        <sponsorshipDate>2015-09-08</sponsorshipDate>
        <lastName>Courtney</lastName>
        <sponsorshipWithdrawnDate />
        <firstName>Joe</firstName>
        <middleName />
        <fullName>Rep. Courtney, Joe [D-CT-2]</fullName>
        <state>CT</state>
        <bioguideId>C001069</bioguideId>
        <party>D</party>
        <district>2</district>
        <identifiers>
          <lisID>1836</lisID>
          <bioguideId>C001069</bioguideId>
          <gpoId>7867</gpoId>
        </identifiers>
        <isOriginalCosponsor>False</isOriginalCosponsor>
      </item>
      <item>
        <sponsorshipDate>2015-09-08</sponsorshipDate>
        <lastName>Moore</lastName>
        <sponsorshipWithdrawnDate />
        <firstName>Gwen</firstName>
        <middleName />
        <fullName>Rep. Moore, Gwen [D-WI-4]</fullName>
        <state>WI</state>
        <bioguideId>M001160</bioguideId>
        <party>D</party>
        <district>4</district>
        <identifiers>
          <bioguideId>M001160</bioguideId>
          <lisID>1811</lisID>
          <gpoId>8217</gpoId>
        </identifiers>
        <isOriginalCosponsor>False</isOriginalCosponsor>
      </item>
      <item>
        <sponsorshipDate>2015-09-08</sponsorshipDate>
        <lastName>Meehan</lastName>
        <sponsorshipWithdrawnDate />
        <firstName>Patrick</firstName>
        <middleName />
        <fullName>Rep. Meehan, Patrick [R-PA-7]</fullName>
        <state>PA</state>
        <bioguideId>M001181</bioguideId>
        <party>R</party>
        <district>7</district>
        <identifiers>
          <lisID>2052</lisID>
          <bioguideId>M001181</bioguideId>
          <gpoId>8125</gpoId>
        </identifiers>
        <isOriginalCosponsor>False</isOriginalCosponsor>
      </item>
      <item>
        <sponsorshipDate>2015-09-08</sponsorshipDate>
        <lastName>Lujan Grisham</lastName>
        <sponsorshipWithdrawnDate />
        <firstName>Michelle</firstName>
        <middleName />
        <fullName>Rep. Lujan Grisham, Michelle [D-NM-1]</fullName>
        <state>NM</state>
        <bioguideId>L000580</bioguideId>
        <party>D</party>
        <district>1</district>
        <identifiers>
          <bioguideId>L000580</bioguideId>
          <gpoId />
          <lisID>2146</lisID>
        </identifiers>
        <isOriginalCosponsor>False</isOriginalCosponsor>
      </item>
      <item>
        <sponsorshipDate>2015-09-11</sponsorshipDate>
        <lastName>Gibson</lastName>
        <sponsorshipWithdrawnDate />
        <firstName>Christopher</firstName>
        <middleName>P.</middleName>
        <fullName>Rep. Gibson, Christopher P. [R-NY-19]</fullName>
        <state>NY</state>
        <bioguideId>G000564</bioguideId>
        <party>R</party>
        <district>19</district>
        <identifiers>
          <bioguideId>G000564</bioguideId>
          <lisID>2043</lisID>
          <gpoId>8081</gpoId>
        </identifiers>
        <isOriginalCosponsor>False</isOriginalCosponsor>
      </item>
      <item>
        <sponsorshipDate>2015-09-11</sponsorshipDate>
        <lastName>Cartwright</lastName>
        <sponsorshipWithdrawnDate />
        <firstName>Matt</firstName>
        <middleName />
        <fullName>Rep. Cartwright, Matt [D-PA-17]</fullName>
        <state>PA</state>
        <bioguideId>C001090</bioguideId>
        <party>D</party>
        <district>17</district>
        <identifiers>
          <lisID>2159</lisID>
          <bioguideId>C001090</bioguideId>
          <gpoId />
        </identifiers>
        <isOriginalCosponsor>False</isOriginalCosponsor>
      </item>
      <item>
        <sponsorshipDate>2015-09-11</sponsorshipDate>
        <lastName>Swalwell</lastName>
        <sponsorshipWithdrawnDate />
        <firstName>Eric</firstName>
        <middleName />
        <fullName>Rep. Swalwell, Eric [D-CA-15]</fullName>
        <state>CA</state>
        <bioguideId>S001193</bioguideId>
        <party>D</party>
        <district>15</district>
        <identifiers>
          <lisID>2104</lisID>
          <bioguideId>S001193</bioguideId>
          <gpoId />
        </identifiers>
        <isOriginalCosponsor>False</isOriginalCosponsor>
      </item>
      <item>
        <sponsorshipDate>2015-09-28</sponsorshipDate>
        <lastName>Poliquin</lastName>
        <sponsorshipWithdrawnDate />
        <firstName>Bruce</firstName>
        <middleName />
        <fullName>Rep. Poliquin, Bruce [R-ME-2]</fullName>
        <state>ME</state>
        <bioguideId>P000611</bioguideId>
        <party>R</party>
        <district>2</district>
        <identifiers>
          <lisID>2247</lisID>
          <bioguideId>P000611</bioguideId>
          <gpoId />
        </identifiers>
        <isOriginalCosponsor>False</isOriginalCosponsor>
      </item>
      <item>
        <sponsorshipDate>2015-10-01</sponsorshipDate>
        <lastName>CULBERSON</lastName>
        <sponsorshipWithdrawnDate />
        <firstName>JOHN</firstName>
        <middleName>ABNEY</middleName>
        <fullName>Rep. Culberson, John Abney [R-TX-7]</fullName>
        <state>TX</state>
        <bioguideId>C001048</bioguideId>
        <party>R</party>
        <district>7</district>
        <identifiers>
          <lisID>1670</lisID>
          <bioguideId>C001048</bioguideId>
          <gpoId>8163</gpoId>
        </identifiers>
        <isOriginalCosponsor>False</isOriginalCosponsor>
      </item>
      <item>
        <sponsorshipDate>2015-10-09</sponsorshipDate>
        <lastName>Tsongas</lastName>
        <sponsorshipWithdrawnDate />
        <firstName>Niki</firstName>
        <middleName />
        <fullName>Rep. Tsongas, Niki [D-MA-3]</fullName>
        <state>MA</state>
        <bioguideId>T000465</bioguideId>
        <party>D</party>
        <district>3</district>
        <identifiers>
          <bioguideId>T000465</bioguideId>
          <gpoId>7970</gpoId>
          <lisID>1884</lisID>
        </identifiers>
        <isOriginalCosponsor>False</isOriginalCosponsor>
      </item>
      <item>
        <sponsorshipDate>2015-10-09</sponsorshipDate>
        <lastName>SLAUGHTER</lastName>
        <sponsorshipWithdrawnDate />
        <firstName>LOUISE</firstName>
        <middleName>M.</middleName>
        <fullName>Rep. Slaughter, Louise McIntosh [D-NY-25]</fullName>
        <state>NY</state>
        <bioguideId>S000480</bioguideId>
        <party>D</party>
        <district>25</district>
        <identifiers>
          <lisID>1069</lisID>
          <bioguideId>S000480</bioguideId>
          <gpoId>8089</gpoId>
        </identifiers>
        <isOriginalCosponsor>False</isOriginalCosponsor>
      </item>
      <item>
        <sponsorshipDate>2015-10-09</sponsorshipDate>
        <lastName>Forbes</lastName>
        <sponsorshipWithdrawnDate />
        <firstName>J.</firstName>
        <middleName>Randy</middleName>
        <fullName>Rep. Forbes, J. Randy [R-VA-4]</fullName>
        <state>VA</state>
        <bioguideId>F000445</bioguideId>
        <party>R</party>
        <district>4</district>
        <identifiers>
          <lisID>1683</lisID>
          <bioguideId>F000445</bioguideId>
          <gpoId>8786</gpoId>
        </identifiers>
        <isOriginalCosponsor>False</isOriginalCosponsor>
      </item>
      <item>
        <sponsorshipDate>2016-03-02</sponsorshipDate>
        <lastName>Grayson</lastName>
        <sponsorshipWithdrawnDate />
        <firstName>Alan</firstName>
        <middleName />
        <fullName>Rep. Grayson, Alan [D-FL-9]</fullName>
        <state>FL</state>
        <bioguideId>G000556</bioguideId>
        <party>D</party>
        <district>9</district>
        <identifiers>
          <lisID>1914</lisID>
          <bioguideId>G000556</bioguideId>
          <gpoId>7302</gpoId>
        </identifiers>
        <isOriginalCosponsor>False</isOriginalCosponsor>
      </item>
      <item>
        <sponsorshipDate>2016-03-14</sponsorshipDate>
        <lastName>Ashford</lastName>
        <sponsorshipWithdrawnDate />
        <firstName>Brad</firstName>
        <middleName />
        <fullName>Rep. Ashford, Brad [D-NE-2]</fullName>
        <state>NE</state>
        <bioguideId>A000373</bioguideId>
        <party>D</party>
        <district>2</district>
        <identifiers>
          <bioguideId>A000373</bioguideId>
          <gpoId />
          <lisID>2257</lisID>
        </identifiers>
        <isOriginalCosponsor>False</isOriginalCosponsor>
      </item>
      <item>
        <sponsorshipDate>2016-03-14</sponsorshipDate>
        <lastName>Reichert</lastName>
        <sponsorshipWithdrawnDate />
        <firstName>David</firstName>
        <middleName>G.</middleName>
        <fullName>Rep. Reichert, David G. [R-WA-8]</fullName>
        <state>WA</state>
        <bioguideId>R000578</bioguideId>
        <party>R</party>
        <district>8</district>
        <identifiers>
          <lisID>1810</lisID>
          <bioguideId>R000578</bioguideId>
          <gpoId>8212</gpoId>
        </identifiers>
        <isOriginalCosponsor>False</isOriginalCosponsor>
      </item>
      <item>
        <sponsorshipDate>2016-03-21</sponsorshipDate>
        <lastName>Boustany</lastName>
        <sponsorshipWithdrawnDate />
        <firstName>Charles</firstName>
        <middleName>W.</middleName>
        <fullName>Rep. Boustany, Charles W., Jr. [R-LA-3]</fullName>
        <state>LA</state>
        <bioguideId>B001255</bioguideId>
        <party>R</party>
        <district>3</district>
        <identifiers>
          <bioguideId>B001255</bioguideId>
          <lisID>1787</lisID>
          <gpoId>7965</gpoId>
        </identifiers>
        <isOriginalCosponsor>False</isOriginalCosponsor>
      </item>
      <item>
        <sponsorshipDate>2016-03-22</sponsorshipDate>
        <lastName>Mullin</lastName>
        <sponsorshipWithdrawnDate />
        <firstName>Markwayne</firstName>
        <middleName />
        <fullName>Rep. Mullin, Markwayne [R-OK-2]</fullName>
        <state>OK</state>
        <bioguideId>M001190</bioguideId>
        <party>R</party>
        <district>2</district>
        <identifiers>
          <gpoId />
          <lisID>2156</lisID>
          <bioguideId>M001190</bioguideId>
        </identifiers>
        <isOriginalCosponsor>False</isOriginalCosponsor>
      </item>
      <item>
        <sponsorshipDate>2016-04-14</sponsorshipDate>
        <lastName>Kennedy</lastName>
        <sponsorshipWithdrawnDate />
        <firstName>Joseph</firstName>
        <middleName>P.</middleName>
        <fullName>Rep. Kennedy, Joseph P., III [D-MA-4]</fullName>
        <state>MA</state>
        <bioguideId>K000379</bioguideId>
        <party>D</party>
        <district>4</district>
        <identifiers>
          <lisID>2172</lisID>
          <bioguideId>K000379</bioguideId>
          <gpoId />
        </identifiers>
        <isOriginalCosponsor>False</isOriginalCosponsor>
      </item>
      <item>
        <sponsorshipDate>2016-04-14</sponsorshipDate>
        <lastName>Brooks</lastName>
        <sponsorshipWithdrawnDate />
        <firstName>Mo</firstName>
        <middleName />
        <fullName>Rep. Brooks, Mo [R-AL-5]</fullName>
        <state>AL</state>
        <bioguideId>B001274</bioguideId>
        <party>R</party>
        <district>5</district>
        <identifiers>
          <bioguideId>B001274</bioguideId>
          <gpoId>7790</gpoId>
          <lisID>1987</lisID>
        </identifiers>
        <isOriginalCosponsor>False</isOriginalCosponsor>
      </item>
      <item>
        <sponsorshipDate>2016-04-14</sponsorshipDate>
        <lastName>LARSON</lastName>
        <sponsorshipWithdrawnDate />
        <firstName>JOHN</firstName>
        <middleName>B.</middleName>
        <fullName>Rep. Larson, John B. [D-CT-1]</fullName>
        <state>CT</state>
        <bioguideId>L000557</bioguideId>
        <party>D</party>
        <district>1</district>
        <identifiers>
          <lisID>1583</lisID>
          <bioguideId>L000557</bioguideId>
          <gpoId>7866</gpoId>
        </identifiers>
        <isOriginalCosponsor>False</isOriginalCosponsor>
      </item>
      <item>
        <sponsorshipDate>2016-04-14</sponsorshipDate>
        <lastName>Carson</lastName>
        <sponsorshipWithdrawnDate />
        <firstName>Andre</firstName>
        <middleName />
        <fullName>Rep. Carson, Andre [D-IN-7]</fullName>
        <state>IN</state>
        <bioguideId>C001072</bioguideId>
        <party>D</party>
        <district>7</district>
        <identifiers>
          <bioguideId>C001072</bioguideId>
          <lisID>1889</lisID>
          <gpoId>7946</gpoId>
        </identifiers>
        <isOriginalCosponsor>False</isOriginalCosponsor>
      </item>
      <item>
        <sponsorshipDate>2016-04-26</sponsorshipDate>
        <lastName>Meadows</lastName>
        <sponsorshipWithdrawnDate />
        <firstName>Mark</firstName>
        <middleName />
        <fullName>Rep. Meadows, Mark [R-NC-11]</fullName>
        <state>NC</state>
        <bioguideId>M001187</bioguideId>
        <party>R</party>
        <district>11</district>
        <identifiers>
          <lisID>2142</lisID>
          <gpoId />
          <bioguideId>M001187</bioguideId>
        </identifiers>
        <isOriginalCosponsor>False</isOriginalCosponsor>
      </item>
      <item>
        <sponsorshipDate>2016-04-28</sponsorshipDate>
        <lastName>LaHood</lastName>
        <sponsorshipWithdrawnDate />
        <firstName>Darin</firstName>
        <middleName />
        <fullName>Rep. LaHood, Darin [R-IL-18]</fullName>
        <state>IL</state>
        <bioguideId>L000585</bioguideId>
        <party>R</party>
        <district>18</district>
        <identifiers>
          <lisID>2295</lisID>
          <bioguideId>L000585</bioguideId>
          <gpoId />
        </identifiers>
        <isOriginalCosponsor>False</isOriginalCosponsor>
      </item>
      <item>
        <sponsorshipDate>2016-05-16</sponsorshipDate>
        <lastName>Blum</lastName>
        <sponsorshipWithdrawnDate />
        <firstName>Rod</firstName>
        <middleName />
        <fullName>Rep. Blum, Rod [R-IA-1]</fullName>
        <state>IA</state>
        <bioguideId>B001294</bioguideId>
        <party>R</party>
        <district>1</district>
        <identifiers>
          <lisID>2241</lisID>
          <bioguideId>B001294</bioguideId>
          <gpoId />
        </identifiers>
        <isOriginalCosponsor>False</isOriginalCosponsor>
      </item>
      <item>
        <sponsorshipDate>2016-07-05</sponsorshipDate>
        <lastName>Lynch</lastName>
        <sponsorshipWithdrawnDate />
        <firstName>Stephen</firstName>
        <middleName>F.</middleName>
        <fullName>Rep. Lynch, Stephen F. [D-MA-8]</fullName>
        <state>MA</state>
        <bioguideId>L000562</bioguideId>
        <party>D</party>
        <district>8</district>
        <identifiers>
          <lisID>1686</lisID>
          <bioguideId>L000562</bioguideId>
          <gpoId>7974</gpoId>
        </identifiers>
        <isOriginalCosponsor>False</isOriginalCosponsor>
      </item>
      <item>
        <sponsorshipDate>2016-07-05</sponsorshipDate>
        <lastName>SANCHEZ</lastName>
        <sponsorshipWithdrawnDate />
        <firstName>LORETTA</firstName>
        <middleName />
        <fullName>Rep. Sanchez, Loretta [D-CA-46]</fullName>
        <state>CA</state>
        <bioguideId>S000030</bioguideId>
        <party>D</party>
        <district>46</district>
        <identifiers>
          <lisID>1522</lisID>
          <bioguideId>S000030</bioguideId>
          <gpoId>7852</gpoId>
        </identifiers>
        <isOriginalCosponsor>False</isOriginalCosponsor>
      </item>
      <item>
        <sponsorshipDate>2016-09-06</sponsorshipDate>
        <lastName>Edwards</lastName>
        <sponsorshipWithdrawnDate />
        <firstName>Donna</firstName>
        <middleName>F.</middleName>
        <fullName>Rep. Edwards, Donna F. [D-MD-4]</fullName>
        <state>MD</state>
        <bioguideId>E000290</bioguideId>
        <party>D</party>
        <district>4</district>
        <identifiers>
          <gpoId>7979</gpoId>
          <lisID>1894</lisID>
          <bioguideId>E000290</bioguideId>
        </identifiers>
        <isOriginalCosponsor>False</isOriginalCosponsor>
      </item>
    </cosponsors>
    <recordedVotes />
    <constitutionalAuthorityStatementText><![CDATA[<pre>From the Congressional Record Online through the Government Publishing Office [<a href='http://www.gpo.gov'>www.gpo.gov</a>]By Mr. BURGESS:H.R. 292.Congress has the power to enact this legislation pursuantto the following:Per Section 8, Clause 1 of the Constitution, Congress shallhave the power to lay and collect taxes. Per the Section 8,Clause 3 of the Constitution, Congress shall have the powerregulate Commerce with foreign Nations and among the severalStates.[Page H359]</pre>]]></constitutionalAuthorityStatementText>
    <introducedDate>2015-01-13</introducedDate>
    <calendarNumbers />
    <sponsors>
      <item>
        <lastName>Burgess</lastName>
        <identifiers>
          <lisID>1751</lisID>
          <bioguideId>B001248</bioguideId>
          <gpoId>8182</gpoId>
        </identifiers>
        <bioguideId>B001248</bioguideId>
        <firstName>Michael</firstName>
        <district>26</district>
        <middleName>C.</middleName>
        <fullName>Rep. Burgess, Michael C. [R-TX-26]</fullName>
        <state>TX</state>
        <byRequestType />
        <party>R</party>
      </item>
    </sponsors>
    <updateDate>2016-12-05T20:01:14Z</updateDate>
  </bill>
  <dublinCore xmlns:dc="http://purl.org/dc/elements/1.1/">
    <dc:format>text/xml</dc:format>
    <dc:language>EN</dc:language>
    <dc:rights>Pursuant to Title 17 Section 105 of the United States Code, this file is not subject to copyright protection and is in the public domain.</dc:rights>
    <dc:contributor>Congressional Research Service, Library of Congress</dc:contributor>
    <dc:description>This file contains bill summaries and statuses for federal legislation. A bill summary describes the most significant provisions of a piece of legislation and details the effects the legislative text may have on current law and federal programs. Bill summaries are authored by the Congressional Research Service (CRS) of the Library of Congress. As stated in Public Law 91-510 (2 USC 166 (d)(6)), one of the duties of CRS is "to prepare summaries and digests of bills and resolutions of a public general nature introduced in the Senate or House of Representatives". For more information, refer to the User Guide that accompanies this file.</dc:description>
  </dublinCore>
</billStatus>

