<?xml version="1.0" encoding="UTF-8"?>
<billStatus>
  <bill>
    <constitutionalAuthorityStatementText><![CDATA[<pre>From the Congressional Record Online through the Government Publishing Office [<a href='http://www.gpo.gov'>www.gpo.gov</a>]By Mr. STIVERS:H.R. 957.Congress has the power to enact this legislation pursuantto the following:Article 1, Section 8 of the U.S. Constitution: Congressshall have the power to make all laws which shall benecessary and proper for carrying into Execution theforegoing Powers, and all other Powers vested by theConstitution in the Government of the United States, or inany Department or Officer thereof.[Page H1037]</pre>]]></constitutionalAuthorityStatementText>
    <billType>HR</billType>
    <summaries>
      <billSummaries>
        <item>
          <text><![CDATA[<p><b>Bureau of Consumer Financial Protection-Inspector General Reform Act of 2015 or the CFPB-IG Act of 2015</b></p> <p> Amends the Inspector General Act of 1978 to repeal the authority of the Chairman of the Board of Governors of the Federal Reserve System to appoint the Inspector General of the Consumer Financial Protection Bureau (CFPB). </p><p>Amends the Dodd-Frank Wall Street Reform and Consumer Protection Act to create an Inspector General for the CFPB.</p> <p>Requires the President, within 60 days after enactment of this Act, to appoint a CFPB Inspector General. </p>]]></text>
          <updateDate>2015-02-12T05:00:00Z</updateDate>
          <actionDate>2015-02-12</actionDate>
          <versionCode>00</versionCode>
          <actionDesc>Introduced in House</actionDesc>
          <lastSummaryUpdateDate>2015-03-04T15:54:46Z</lastSummaryUpdateDate>
          <name>Introduced in House</name>
        </item>
        <item>
          <text><![CDATA[<p>(This measure has not been amended since it was introduced. The summary has been expanded because action occurred on the measure.)</p> <p><b>Bureau of Consumer Financial Protection-Inspector General Reform Act of 2015 or the CFPB-IG Act of 2015</b></p> <p> (Sec. 2) This bill amends the Inspector General Act of 1978 to repeal the authority of the Chairman of the Board of Governors of the Federal Reserve System to appoint the Inspector General of the Consumer Financial Protection Bureau (CFPB). </p> <p>(Sec. 3) The Dodd-Frank Wall Street Reform and Consumer Protection Act is amended to create an Inspector General for the CFPB.</p> <p>Within 60 days after enactment of this bill, the President must appoint a CFPB Inspector General. </p>]]></text>
          <updateDate>2016-12-12T14:04:59Z</updateDate>
          <actionDate>2016-12-12</actionDate>
          <versionCode>28</versionCode>
          <actionDesc>Reported to House without amendment, Part I</actionDesc>
          <lastSummaryUpdateDate>2016-12-27T19:43:40Z</lastSummaryUpdateDate>
          <name>Reported to House without amendment, Part I</name>
        </item>
      </billSummaries>
    </summaries>
    <titles>
      <item>
        <titleType>Short Titles as Reported to House</titleType>
        <parentTitleType>Short Titles House of Representatives</parentTitleType>
        <title>CFPB-IG Act of 2015</title>
        <chamberCode>H</chamberCode>
        <chamberName>House</chamberName>
      </item>
      <item>
        <titleType>Short Titles as Reported to House</titleType>
        <parentTitleType>Short Titles House of Representatives</parentTitleType>
        <title>Bureau of Consumer Financial Protection-Inspector General Reform Act of 2015</title>
        <chamberCode>H</chamberCode>
        <chamberName>House</chamberName>
      </item>
      <item>
        <titleType>Short Titles as Introduced</titleType>
        <parentTitleType />
        <title>CFPB-IG Act of 2015</title>
        <chamberCode />
        <chamberName />
      </item>
      <item>
        <titleType>Short Titles as Introduced</titleType>
        <parentTitleType />
        <title>Bureau of Consumer Financial Protection-Inspector General Reform Act of 2015</title>
        <chamberCode />
        <chamberName />
      </item>
      <item>
        <titleType>Official Title as Introduced</titleType>
        <parentTitleType />
        <title>To require Senate confirmation of Inspector General of the Bureau of Consumer Financial Protection, and for other purposes.</title>
        <chamberCode />
        <chamberName />
      </item>
      <item>
        <titleType>Display Title</titleType>
        <parentTitleType />
        <title>CFPB-IG Act of 2015</title>
        <chamberCode />
        <chamberName />
      </item>
    </titles>
    <relatedBills>
      <item>
        <number>510</number>
        <latestTitle>CFPB-IG Act of 2015</latestTitle>
        <congress>114</congress>
        <relationshipDetails>
          <item>
            <identifiedBy>CRS</identifiedBy>
            <type>Related bill</type>
          </item>
        </relationshipDetails>
        <type>S</type>
        <latestAction>
          <text>Read twice and referred to the Committee on Banking, Housing, and Urban Affairs.</text>
          <actionDate>2015-02-12</actionDate>
        </latestAction>
      </item>
    </relatedBills>
    <calendarNumbers />
    <recordedVotes />
    <cboCostEstimates>
      <item>
        <title>H.R. 957, Bureau of Consumer Financial Protection—Inspector General Reform Act of 2015</title>
        <url>https://www.cbo.gov/publication/51238</url>
        <pubDate>2016-02-10T22:36:17Z</pubDate>
      </item>
    </cboCostEstimates>
    <actions>
      <actionByCounts>
        <houseOfRepresentatives>9</houseOfRepresentatives>
      </actionByCounts>
      <item>
        <text>Reported by the Committee on Financial Services. H. Rept. 114-865, Part I.</text>
        <links>
          <link>
            <url>https://www.congress.gov/congressional-report/114th-congress/house-report/865</url>
            <name>H. Rept. 114-865</name>
          </link>
        </links>
        <sourceSystem>
          <code>2</code>
          <name>House floor actions</name>
        </sourceSystem>
        <actionCode>H12200</actionCode>
        <type>Committee</type>
        <actionDate>2016-12-12</actionDate>
        <committee>
          <systemCode>hsba00</systemCode>
          <name>Financial Services Committee</name>
        </committee>
      </item>
      <item>
        <text>Reported by the Committee on Financial Services. H. Rept. 114-865, Part I.</text>
        <links>
          <link>
            <url>https://www.congress.gov/congressional-report/114th-congress/house-report/865</url>
            <name>H. Rept. 114-865</name>
          </link>
        </links>
        <sourceSystem>
          <code>9</code>
          <name>Library of Congress</name>
        </sourceSystem>
        <actionCode>5000</actionCode>
        <type>Committee</type>
        <actionDate>2016-12-12</actionDate>
        <committee>
          <systemCode>hsba00</systemCode>
          <name>Financial Services Committee</name>
        </committee>
      </item>
      <item>
        <actionDate>2015-09-30</actionDate>
        <committee>
          <systemCode>hsba00</systemCode>
          <name>Financial Services Committee</name>
        </committee>
        <links />
        <sourceSystem>
          <code>1</code>
          <name>House committee actions</name>
        </sourceSystem>
        <text>Ordered to be Reported by the Yeas and Nays: 56 - 3.</text>
        <type>Committee</type>
      </item>
      <item>
        <actionDate>2015-09-30</actionDate>
        <committee>
          <systemCode>hsba00</systemCode>
          <name>Financial Services Committee</name>
        </committee>
        <links />
        <sourceSystem>
          <code>1</code>
          <name>House committee actions</name>
        </sourceSystem>
        <text>Committee Consideration and Mark-up Session Held.</text>
        <type>Committee</type>
      </item>
      <item>
        <text>Referred to House Financial Services</text>
        <links />
        <sourceSystem>
          <code>2</code>
          <name>House floor actions</name>
        </sourceSystem>
        <actionCode>H11100</actionCode>
        <type>IntroReferral</type>
        <actionDate>2015-02-12</actionDate>
        <committee>
          <systemCode>hsba00</systemCode>
          <name>Financial Services Committee</name>
        </committee>
      </item>
      <item>
        <text>Referred to the Committee on Oversight and Government Reform, and in addition to the Committee on Financial Services, for a period to be subsequently determined by the Speaker, in each case for consideration of such provisions as fall within the jurisdiction of the committee concerned.</text>
        <links />
        <sourceSystem>
          <code>9</code>
          <name>Library of Congress</name>
        </sourceSystem>
        <actionCode>H11100-A</actionCode>
        <type>IntroReferral</type>
        <actionDate>2015-02-12</actionDate>
        <committee />
      </item>
      <item>
        <text>Referred to House Oversight and Government Reform</text>
        <links />
        <sourceSystem>
          <code>2</code>
          <name>House floor actions</name>
        </sourceSystem>
        <actionCode>H11100</actionCode>
        <type>IntroReferral</type>
        <actionDate>2015-02-12</actionDate>
        <committee>
          <systemCode>hsgo00</systemCode>
          <name>Oversight and Government Reform Committee</name>
        </committee>
      </item>
      <item>
        <text>Introduced in House</text>
        <links />
        <sourceSystem>
          <code>9</code>
          <name>Library of Congress</name>
        </sourceSystem>
        <actionCode>Intro-H</actionCode>
        <type>IntroReferral</type>
        <actionDate>2015-02-12</actionDate>
        <committee />
      </item>
      <item>
        <text>Introduced in House</text>
        <links />
        <sourceSystem>
          <code>9</code>
          <name>Library of Congress</name>
        </sourceSystem>
        <actionCode>1000</actionCode>
        <type>IntroReferral</type>
        <actionDate>2015-02-12</actionDate>
        <committee />
      </item>
      <actionTypeCounts>
        <introducedInHouse>1</introducedInHouse>
        <billReferrals>2</billReferrals>
        <introducedInTheHouse>1</introducedInTheHouse>
        <committeeReportOfABill>1</committeeReportOfABill>
        <actionStageOverride>1</actionStageOverride>
        <reportedToHouse>1</reportedToHouse>
        <placeholderTextForH>1</placeholderTextForH>
        <billReferralsAggregate>1</billReferralsAggregate>
      </actionTypeCounts>
    </actions>
    <originChamber>House</originChamber>
    <updateDate>2017-01-18T12:33:37Z</updateDate>
    <laws />
    <createDate>2015-02-13T06:14:12Z</createDate>
    <notes />
    <committees>
      <billCommittees>
        <item>
          <chamber>House</chamber>
          <activities>
            <item>
              <name>Reported by</name>
              <date>2016-12-12T21:17:10Z</date>
            </item>
            <item>
              <name>Markup by</name>
              <date>2015-09-30T13:40:31Z</date>
            </item>
            <item>
              <name>Referred to</name>
              <date>2015-02-12T15:02:30Z</date>
            </item>
          </activities>
          <subcommittees />
          <name>Financial Services Committee</name>
          <type>Standing</type>
          <systemCode>hsba00</systemCode>
        </item>
        <item>
          <chamber>House</chamber>
          <activities>
            <item>
              <name>Referred to</name>
              <date>2015-02-12T15:02:25Z</date>
            </item>
          </activities>
          <subcommittees />
          <name>Oversight and Government Reform Committee</name>
          <type>Standing</type>
          <systemCode>hsgo00</systemCode>
        </item>
      </billCommittees>
    </committees>
    <congress>114</congress>
    <amendments />
    <cosponsors>
      <item>
        <sponsorshipDate>2015-02-12</sponsorshipDate>
        <fullName>Rep. Walz, Timothy J. [D-MN-1]</fullName>
        <isOriginalCosponsor>True</isOriginalCosponsor>
        <middleName>J.</middleName>
        <lastName>Walz</lastName>
        <firstName>Timothy</firstName>
        <sponsorshipWithdrawnDate />
        <bioguideId>W000799</bioguideId>
        <identifiers>
          <bioguideId>W000799</bioguideId>
          <gpoId>8001</gpoId>
          <lisID>1856</lisID>
        </identifiers>
        <party>D</party>
        <state>MN</state>
        <district>1</district>
      </item>
      <item>
        <sponsorshipDate>2015-02-12</sponsorshipDate>
        <fullName>Rep. Royce, Edward R. [R-CA-39]</fullName>
        <isOriginalCosponsor>True</isOriginalCosponsor>
        <middleName />
        <lastName>ROYCE</lastName>
        <firstName>ED</firstName>
        <sponsorshipWithdrawnDate />
        <bioguideId>R000487</bioguideId>
        <identifiers>
          <lisID>998</lisID>
          <bioguideId>R000487</bioguideId>
          <gpoId>7845</gpoId>
        </identifiers>
        <party>R</party>
        <state>CA</state>
        <district>39</district>
      </item>
      <item>
        <sponsorshipDate>2015-02-12</sponsorshipDate>
        <fullName>Rep. Luetkemeyer, Blaine [R-MO-3]</fullName>
        <isOriginalCosponsor>True</isOriginalCosponsor>
        <middleName />
        <lastName>Luetkemeyer</lastName>
        <firstName>Blaine</firstName>
        <sponsorshipWithdrawnDate />
        <bioguideId>L000569</bioguideId>
        <identifiers>
          <lisID>1931</lisID>
          <bioguideId>L000569</bioguideId>
          <gpoId>8017</gpoId>
        </identifiers>
        <party>R</party>
        <state>MO</state>
        <district>3</district>
      </item>
      <item>
        <sponsorshipDate>2015-02-26</sponsorshipDate>
        <fullName>Rep. Hill, J. French [R-AR-2]</fullName>
        <isOriginalCosponsor>False</isOriginalCosponsor>
        <middleName>French</middleName>
        <lastName>Hill</lastName>
        <firstName>J.</firstName>
        <sponsorshipWithdrawnDate />
        <bioguideId>H001072</bioguideId>
        <identifiers>
          <bioguideId>H001072</bioguideId>
          <gpoId />
          <lisID>2223</lisID>
        </identifiers>
        <party>R</party>
        <state>AR</state>
        <district>2</district>
      </item>
      <item>
        <sponsorshipDate>2015-03-17</sponsorshipDate>
        <fullName>Rep. Wagner, Ann [R-MO-2]</fullName>
        <isOriginalCosponsor>False</isOriginalCosponsor>
        <middleName />
        <lastName>Wagner</lastName>
        <firstName>Ann</firstName>
        <sponsorshipWithdrawnDate />
        <bioguideId>W000812</bioguideId>
        <identifiers>
          <lisID>2137</lisID>
          <bioguideId>W000812</bioguideId>
          <gpoId />
        </identifiers>
        <party>R</party>
        <state>MO</state>
        <district>2</district>
      </item>
      <item>
        <sponsorshipDate>2015-04-15</sponsorshipDate>
        <fullName>Rep. Trott, David A. [R-MI-11]</fullName>
        <isOriginalCosponsor>False</isOriginalCosponsor>
        <middleName>A.</middleName>
        <lastName>Trott</lastName>
        <firstName>David</firstName>
        <sponsorshipWithdrawnDate />
        <bioguideId>T000475</bioguideId>
        <identifiers>
          <gpoId />
          <lisID>2250</lisID>
          <bioguideId>T000475</bioguideId>
        </identifiers>
        <party>R</party>
        <state>MI</state>
        <district>11</district>
      </item>
      <item>
        <sponsorshipDate>2015-07-09</sponsorshipDate>
        <fullName>Rep. Rothfus, Keith J. [R-PA-12]</fullName>
        <isOriginalCosponsor>False</isOriginalCosponsor>
        <middleName>J.</middleName>
        <lastName>Rothfus</lastName>
        <firstName>Keith</firstName>
        <sponsorshipWithdrawnDate />
        <bioguideId>R000598</bioguideId>
        <identifiers>
          <gpoId />
          <bioguideId>R000598</bioguideId>
          <lisID>2158</lisID>
        </identifiers>
        <party>R</party>
        <state>PA</state>
        <district>12</district>
      </item>
      <item>
        <sponsorshipDate>2015-09-24</sponsorshipDate>
        <fullName>Rep. Guinta, Frank C. [R-NH-1]</fullName>
        <isOriginalCosponsor>False</isOriginalCosponsor>
        <middleName>C.</middleName>
        <lastName>Guinta</lastName>
        <firstName>Frank</firstName>
        <sponsorshipWithdrawnDate />
        <bioguideId>G000570</bioguideId>
        <identifiers>
          <bioguideId>G000570</bioguideId>
          <gpoId>8041</gpoId>
          <lisID>2038</lisID>
        </identifiers>
        <party>R</party>
        <state>NH</state>
        <district>1</district>
      </item>
      <item>
        <sponsorshipDate>2015-09-28</sponsorshipDate>
        <fullName>Rep. Jolly, David [R-FL-13]</fullName>
        <isOriginalCosponsor>False</isOriginalCosponsor>
        <middleName>W.</middleName>
        <lastName>Jolly</lastName>
        <firstName>David</firstName>
        <sponsorshipWithdrawnDate />
        <bioguideId>J000296</bioguideId>
        <identifiers>
          <bioguideId>J000296</bioguideId>
          <lisID>2199</lisID>
          <gpoId />
        </identifiers>
        <party>R</party>
        <state>FL</state>
        <district>13</district>
      </item>
      <item>
        <sponsorshipDate>2015-10-06</sponsorshipDate>
        <fullName>Rep. Ashford, Brad [D-NE-2]</fullName>
        <isOriginalCosponsor>False</isOriginalCosponsor>
        <middleName />
        <lastName>Ashford</lastName>
        <firstName>Brad</firstName>
        <sponsorshipWithdrawnDate />
        <bioguideId>A000373</bioguideId>
        <identifiers>
          <lisID>2257</lisID>
          <bioguideId>A000373</bioguideId>
          <gpoId />
        </identifiers>
        <party>D</party>
        <state>NE</state>
        <district>2</district>
      </item>
    </cosponsors>
    <billNumber>957</billNumber>
    <sponsors>
      <item>
        <middleName />
        <district>15</district>
        <fullName>Rep. Stivers, Steve [R-OH-15]</fullName>
        <firstName>Steve</firstName>
        <bioguideId>S001187</bioguideId>
        <lastName>Stivers</lastName>
        <party>R</party>
        <state>OH</state>
        <identifiers>
          <bioguideId>S001187</bioguideId>
          <lisID>2047</lisID>
          <gpoId>8105</gpoId>
        </identifiers>
        <byRequestType />
      </item>
    </sponsors>
    <introducedDate>2015-02-12</introducedDate>
    <committeeReports>
      <committeeReport>
        <citation>H. Rept. 114-865</citation>
      </committeeReport>
    </committeeReports>
    <policyArea>
      <name>Finance and Financial Sector</name>
    </policyArea>
    <title>CFPB-IG Act of 2015</title>
    <subjects>
      <billSubjects>
        <policyArea>
          <name>Finance and Financial Sector</name>
        </policyArea>
        <legislativeSubjects>
          <item>
            <name>Congressional oversight</name>
          </item>
          <item>
            <name>Consumer Financial Protection Bureau</name>
          </item>
          <item>
            <name>Executive agency funding and structure</name>
          </item>
          <item>
            <name>Federal officials</name>
          </item>
          <item>
            <name>Government ethics and transparency, public corruption</name>
          </item>
          <item>
            <name>Government studies and investigations</name>
          </item>
        </legislativeSubjects>
      </billSubjects>
    </subjects>
    <latestAction>
      <links />
      <text>Reported by the Committee on Financial Services. H. Rept. 114-865, Part I.</text>
      <actionDate>2016-12-12</actionDate>
    </latestAction>
  </bill>
  <dublinCore xmlns:dc="http://purl.org/dc/elements/1.1/">
    <dc:format>text/xml</dc:format>
    <dc:language>EN</dc:language>
    <dc:rights>Pursuant to Title 17 Section 105 of the United States Code, this file is not subject to copyright protection and is in the public domain.</dc:rights>
    <dc:contributor>Congressional Research Service, Library of Congress</dc:contributor>
    <dc:description>This file contains bill summaries and statuses for federal legislation. A bill summary describes the most significant provisions of a piece of legislation and details the effects the legislative text may have on current law and federal programs. Bill summaries are authored by the Congressional Research Service (CRS) of the Library of Congress. As stated in Public Law 91-510 (2 USC 166 (d)(6)), one of the duties of CRS is "to prepare summaries and digests of bills and resolutions of a public general nature introduced in the Senate or House of Representatives". For more information, refer to the User Guide that accompanies this file.</dc:description>
  </dublinCore>
</billStatus>

