<?xml version="1.0" encoding="UTF-8"?>
<billStatus>
  <bill>
    <billType>HR</billType>
    <policyArea>
      <name>Public Lands and Natural Resources</name>
    </policyArea>
    <recordedVotes />
    <summaries>
      <billSummaries>
        <item>
          <updateDate>2015-01-22T05:00:00Z</updateDate>
          <versionCode>00</versionCode>
          <text><![CDATA[<p>Extends through May 8, 2018, the authority provided by the Consolidated Natural Resources Act of 2008 for the establishment of a commemorative work on federal land in the District of Columbia to honor Brigadier General Francis Marion and his service during the Revolutionary War. </p>]]></text>
          <lastSummaryUpdateDate>2015-03-26T18:38:37Z</lastSummaryUpdateDate>
          <actionDate>2015-01-22</actionDate>
          <actionDesc>Introduced in House</actionDesc>
          <name>Introduced in House</name>
        </item>
      </billSummaries>
    </summaries>
    <actions>
      <actionTypeCounts>
        <placeholderTextForH>1</placeholderTextForH>
        <introducedInTheHouse>1</introducedInTheHouse>
        <billReferrals>1</billReferrals>
        <introducedInHouse>1</introducedInHouse>
      </actionTypeCounts>
      <actionByCounts>
        <houseOfRepresentatives>4</houseOfRepresentatives>
      </actionByCounts>
      <item>
        <actionDate>2015-03-02</actionDate>
        <committee>
          <systemCode>hsii10</systemCode>
          <name>Federal Lands Subcommittee</name>
        </committee>
        <links />
        <sourceSystem>
          <name>House committee actions</name>
          <code>1</code>
        </sourceSystem>
        <text>Referred to the Subcommittee on Federal Lands.</text>
        <type>Committee</type>
      </item>
      <item>
        <links />
        <committee>
          <systemCode>hsii00</systemCode>
          <name>Natural Resources Committee</name>
        </committee>
        <actionCode>H11100</actionCode>
        <actionDate>2015-01-22</actionDate>
        <text>Referred to the House Committee on Natural Resources.</text>
        <type>IntroReferral</type>
        <sourceSystem>
          <name>House floor actions</name>
          <code>2</code>
        </sourceSystem>
      </item>
      <item>
        <links />
        <committee />
        <actionCode>Intro-H</actionCode>
        <actionDate>2015-01-22</actionDate>
        <text>Introduced in House</text>
        <type>IntroReferral</type>
        <sourceSystem>
          <name>Library of Congress</name>
          <code>9</code>
        </sourceSystem>
      </item>
      <item>
        <links />
        <committee />
        <actionCode>1000</actionCode>
        <actionDate>2015-01-22</actionDate>
        <text>Introduced in House</text>
        <type>IntroReferral</type>
        <sourceSystem>
          <name>Library of Congress</name>
          <code>9</code>
        </sourceSystem>
      </item>
    </actions>
    <updateDate>2016-11-02T21:17:44Z</updateDate>
    <amendments />
    <introducedDate>2015-01-22</introducedDate>
    <originChamber>House</originChamber>
    <billNumber>477</billNumber>
    <relatedBills />
    <calendarNumbers />
    <cosponsors>
      <item>
        <district>1</district>
        <fullName>Rep. Sanford, Mark [R-SC-1]</fullName>
        <sponsorshipWithdrawnDate />
        <bioguideId>S000051</bioguideId>
        <identifiers>
          <lisID>1012</lisID>
          <bioguideId>S000051</bioguideId>
          <gpoId />
        </identifiers>
        <party>R</party>
        <lastName>Sanford</lastName>
        <firstName>Mark</firstName>
        <state>SC</state>
        <isOriginalCosponsor>True</isOriginalCosponsor>
        <sponsorshipDate>2015-01-22</sponsorshipDate>
        <middleName />
      </item>
      <item>
        <district>3</district>
        <fullName>Rep. Duncan, Jeff [R-SC-3]</fullName>
        <sponsorshipWithdrawnDate />
        <bioguideId>D000615</bioguideId>
        <identifiers>
          <lisID>2057</lisID>
          <gpoId>8143</gpoId>
          <bioguideId>D000615</bioguideId>
        </identifiers>
        <party>R</party>
        <lastName>Duncan</lastName>
        <firstName>Jeff</firstName>
        <state>SC</state>
        <isOriginalCosponsor>True</isOriginalCosponsor>
        <sponsorshipDate>2015-01-22</sponsorshipDate>
        <middleName />
      </item>
      <item>
        <district>4</district>
        <fullName>Rep. Gowdy, Trey [R-SC-4]</fullName>
        <sponsorshipWithdrawnDate />
        <bioguideId>G000566</bioguideId>
        <identifiers>
          <lisID>2058</lisID>
          <bioguideId>G000566</bioguideId>
          <gpoId>8144</gpoId>
        </identifiers>
        <party>R</party>
        <lastName>Gowdy</lastName>
        <firstName>Trey</firstName>
        <state>SC</state>
        <isOriginalCosponsor>True</isOriginalCosponsor>
        <sponsorshipDate>2015-01-22</sponsorshipDate>
        <middleName />
      </item>
      <item>
        <district>5</district>
        <fullName>Rep. Mulvaney, Mick [R-SC-5]</fullName>
        <sponsorshipWithdrawnDate />
        <bioguideId>M001182</bioguideId>
        <identifiers>
          <bioguideId>M001182</bioguideId>
          <lisID>2059</lisID>
          <gpoId>8145</gpoId>
        </identifiers>
        <party>R</party>
        <lastName>Mulvaney</lastName>
        <firstName>Mick</firstName>
        <state>SC</state>
        <isOriginalCosponsor>True</isOriginalCosponsor>
        <sponsorshipDate>2015-01-22</sponsorshipDate>
        <middleName />
      </item>
      <item>
        <district>6</district>
        <fullName>Rep. Clyburn, James E. [D-SC-6]</fullName>
        <sponsorshipWithdrawnDate />
        <bioguideId>C000537</bioguideId>
        <identifiers>
          <lisID>208</lisID>
          <bioguideId>C000537</bioguideId>
          <gpoId>8146</gpoId>
        </identifiers>
        <party>D</party>
        <lastName>CLYBURN</lastName>
        <firstName>JAMES</firstName>
        <state>SC</state>
        <isOriginalCosponsor>True</isOriginalCosponsor>
        <sponsorshipDate>2015-01-22</sponsorshipDate>
        <middleName>E.</middleName>
      </item>
      <item>
        <district>7</district>
        <fullName>Rep. Rice, Tom [R-SC-7]</fullName>
        <sponsorshipWithdrawnDate />
        <bioguideId>R000597</bioguideId>
        <identifiers>
          <lisID>2160</lisID>
          <gpoId />
          <bioguideId>R000597</bioguideId>
        </identifiers>
        <party>R</party>
        <lastName>Rice</lastName>
        <firstName>Tom</firstName>
        <state>SC</state>
        <isOriginalCosponsor>True</isOriginalCosponsor>
        <sponsorshipDate>2015-01-22</sponsorshipDate>
        <middleName />
      </item>
      <item>
        <district>2</district>
        <fullName>Rep. Hill, J. French [R-AR-2]</fullName>
        <sponsorshipWithdrawnDate />
        <bioguideId>H001072</bioguideId>
        <identifiers>
          <bioguideId>H001072</bioguideId>
          <lisID>2223</lisID>
          <gpoId />
        </identifiers>
        <party>R</party>
        <lastName>Hill</lastName>
        <firstName>J.</firstName>
        <state>AR</state>
        <isOriginalCosponsor>True</isOriginalCosponsor>
        <sponsorshipDate>2015-01-22</sponsorshipDate>
        <middleName>French</middleName>
      </item>
    </cosponsors>
    <congress>114</congress>
    <committees>
      <billCommittees>
        <item>
          <systemCode>hsii00</systemCode>
          <name>Natural Resources Committee</name>
          <activities>
            <item>
              <name>Referred to</name>
              <date>2015-01-22T14:04:00Z</date>
            </item>
          </activities>
          <type>Standing</type>
          <chamber>House</chamber>
          <subcommittees>
            <item>
              <systemCode>hsii10</systemCode>
              <name>Federal Lands Subcommittee</name>
              <activities>
                <item>
                  <name>Referred to</name>
                  <date>2015-03-02T19:49:44Z</date>
                </item>
              </activities>
            </item>
          </subcommittees>
        </item>
      </billCommittees>
    </committees>
    <sponsors>
      <item>
        <fullName>Rep. Wilson, Joe [R-SC-2]</fullName>
        <lastName>Wilson</lastName>
        <byRequestType />
        <party>R</party>
        <state>SC</state>
        <middleName />
        <firstName>Joe</firstName>
        <bioguideId>W000795</bioguideId>
        <district>2</district>
        <identifiers>
          <bioguideId>W000795</bioguideId>
          <lisID>1688</lisID>
          <gpoId>8142</gpoId>
        </identifiers>
      </item>
    </sponsors>
    <latestAction>
      <text>Referred to the Subcommittee on Federal Lands.</text>
      <actionDate>2015-03-02</actionDate>
      <links />
    </latestAction>
    <subjects>
      <billSubjects>
        <policyArea>
          <name>Public Lands and Natural Resources</name>
        </policyArea>
        <legislativeSubjects>
          <item>
            <name>Conflicts and wars</name>
          </item>
          <item>
            <name>District of Columbia</name>
          </item>
          <item>
            <name>Europe</name>
          </item>
          <item>
            <name>Military history</name>
          </item>
          <item>
            <name>Military personnel and dependents</name>
          </item>
          <item>
            <name>Monuments and memorials</name>
          </item>
          <item>
            <name>United Kingdom</name>
          </item>
        </legislativeSubjects>
      </billSubjects>
    </subjects>
    <constitutionalAuthorityStatementText><![CDATA[<pre>From the Congressional Record Online through the Government Publishing Office [<a href='http://www.gpo.gov'>www.gpo.gov</a>]By Mr. WILSON of South Carolina:H.R. 477.Congress has the power to enact this legislation pursuantto the following:Article 4, Section 3, Clause 2, relating to the power ofCongress to dispose of and make all needful rules andregulations respecting the territory or other propertybelonging to the United States.[Page H533]</pre>]]></constitutionalAuthorityStatementText>
    <createDate>2015-01-23T04:46:26Z</createDate>
    <title>To extend the authority to establish a commemorative work on Federal land in the District of Columbia and its environs to honor Brigadier General Francis Marion and his service.</title>
    <laws />
    <titles>
      <item>
        <title>To extend the authority to establish a commemorative work on Federal land in the District of Columbia and its environs to honor Brigadier General Francis Marion and his service.</title>
        <chamberName />
        <chamberCode />
        <titleType>Official Title as Introduced</titleType>
        <parentTitleType />
      </item>
      <item>
        <title>To extend the authority to establish a commemorative work on Federal land in the District of Columbia and its environs to honor Brigadier General Francis Marion and his service.</title>
        <chamberName />
        <chamberCode />
        <titleType>Display Title</titleType>
        <parentTitleType />
      </item>
    </titles>
    <committeeReports />
    <notes />
    <cboCostEstimates />
  </bill>
  <dublinCore xmlns:dc="http://purl.org/dc/elements/1.1/">
    <dc:format>text/xml</dc:format>
    <dc:language>EN</dc:language>
    <dc:rights>Pursuant to Title 17 Section 105 of the United States Code, this file is not subject to copyright protection and is in the public domain.</dc:rights>
    <dc:contributor>Congressional Research Service, Library of Congress</dc:contributor>
    <dc:description>This file contains bill summaries and statuses for federal legislation. A bill summary describes the most significant provisions of a piece of legislation and details the effects the legislative text may have on current law and federal programs. Bill summaries are authored by the Congressional Research Service (CRS) of the Library of Congress. As stated in Public Law 91-510 (2 USC 166 (d)(6)), one of the duties of CRS is "to prepare summaries and digests of bills and resolutions of a public general nature introduced in the Senate or House of Representatives". For more information, refer to the User Guide that accompanies this file.</dc:description>
  </dublinCore>
</billStatus>

