<?xml version="1.0" encoding="UTF-8"?>
<billStatus>
  <bill>
    <policyArea>
      <name>Energy</name>
    </policyArea>
    <constitutionalAuthorityStatementText><![CDATA[<pre>From the Congressional Record Online through the Government Publishing Office [<a href='http://www.gpo.gov'>www.gpo.gov</a>]By Mr. WOMACK:H.R. 175.Congress has the power to enact this legislation pursuantto the following:Article I, Section 8, Clause 3 of the United StatesConstitution[Page H49]</pre>]]></constitutionalAuthorityStatementText>
    <sponsors>
      <item>
        <identifiers>
          <lisID>1991</lisID>
          <gpoId>7795</gpoId>
          <bioguideId>W000809</bioguideId>
        </identifiers>
        <district>3</district>
        <byRequestType />
        <fullName>Rep. Womack, Steve [R-AR-3]</fullName>
        <firstName>Steve</firstName>
        <state>AR</state>
        <bioguideId>W000809</bioguideId>
        <middleName />
        <party>R</party>
        <lastName>Womack</lastName>
      </item>
    </sponsors>
    <committeeReports />
    <titles>
      <item>
        <parentTitleType />
        <titleType>Short Titles as Introduced</titleType>
        <title>ENERGY STAR Regulatory Improvement Act</title>
        <chamberCode />
        <chamberName />
      </item>
      <item>
        <parentTitleType />
        <titleType>Official Title as Introduced</titleType>
        <title>To provide for the revision of certification requirements for the labeling of certain electronic products under the Energy Star program.</title>
        <chamberCode />
        <chamberName />
      </item>
      <item>
        <parentTitleType />
        <titleType>Display Title</titleType>
        <title>ENERGY STAR Regulatory Improvement Act</title>
        <chamberCode />
        <chamberName />
      </item>
    </titles>
    <laws />
    <createDate>2015-01-07T09:38:04Z</createDate>
    <recordedVotes />
    <billNumber>175</billNumber>
    <originChamber>House</originChamber>
    <committees>
      <billCommittees>
        <item>
          <subcommittees>
            <item>
              <name>Energy and Power Subcommittee</name>
              <activities>
                <item>
                  <name>Referred to</name>
                  <date>2015-01-09T16:46:51Z</date>
                </item>
              </activities>
              <systemCode>hsif03</systemCode>
            </item>
          </subcommittees>
          <chamber>House</chamber>
          <type>Standing</type>
          <name>Energy and Commerce Committee</name>
          <systemCode>hsif00</systemCode>
          <activities>
            <item>
              <name>Referred to</name>
              <date>2015-01-06T17:01:05Z</date>
            </item>
          </activities>
        </item>
      </billCommittees>
    </committees>
    <relatedBills>
      <item>
        <latestTitle>Energy Savings and Industrial Competitiveness Act of 2015</latestTitle>
        <latestAction>
          <text>Placed on Senate Legislative Calendar under General Orders. Calendar No. 210.</text>
          <actionDate>2015-09-09</actionDate>
        </latestAction>
        <number>720</number>
        <relationshipDetails>
          <item>
            <identifiedBy>CRS</identifiedBy>
            <type>Related bill</type>
          </item>
        </relationshipDetails>
        <type>S</type>
        <congress>114</congress>
      </item>
      <item>
        <latestTitle>Energy Savings and Industrial Competitiveness Act of 2015</latestTitle>
        <latestAction>
          <text>Referred to the Subcommittee on Energy.</text>
          <actionDate>2015-08-18</actionDate>
        </latestAction>
        <number>2177</number>
        <relationshipDetails>
          <item>
            <identifiedBy>CRS</identifiedBy>
            <type>Related bill</type>
          </item>
        </relationshipDetails>
        <type>HR</type>
        <congress>114</congress>
      </item>
      <item>
        <latestTitle>North American Energy Security and Infrastructure Act of 2016</latestTitle>
        <latestAction>
          <text>Conference held.</text>
          <actionTime>14:37:58</actionTime>
          <actionDate>2016-09-08</actionDate>
        </latestAction>
        <number>2012</number>
        <relationshipDetails>
          <item>
            <identifiedBy>CRS</identifiedBy>
            <type>Related bill</type>
          </item>
        </relationshipDetails>
        <type>S</type>
        <congress>114</congress>
      </item>
    </relatedBills>
    <updateDate>2016-11-02T21:15:48Z</updateDate>
    <summaries>
      <billSummaries>
        <item>
          <actionDate>2015-01-06</actionDate>
          <actionDesc>Introduced in House</actionDesc>
          <lastSummaryUpdateDate>2015-02-05T21:49:12Z</lastSummaryUpdateDate>
          <versionCode>00</versionCode>
          <updateDate>2015-01-06T05:00:00Z</updateDate>
          <name>Introduced in House</name>
          <text><![CDATA[<p><b>ENERGY STAR Regulatory Improvement Act</b></p> <p>This bill amends the Energy Policy and Conservation Act to require the Environmental Protection Agency to revise the Energy Star program to exempt program partners that have complied with all program requirements for a period of at least 18 months from third-party certification requirements for the labeling of consumer, home, and office electronic products. In order to facilitate product listing and performance verification for a sample of products, the EPA may require test data and other product information to be submitted.</p> <p>The exemption from third-party certification provided to a program partner will be terminated if the partner is found to have violated program requirements with respect to at least two separate models during a two-year period. The exemption will resume if the partner complies with all program requirements for at least three years.</p>]]></text>
        </item>
      </billSummaries>
    </summaries>
    <congress>114</congress>
    <title>ENERGY STAR Regulatory Improvement Act</title>
    <calendarNumbers />
    <actions>
      <actionTypeCounts>
        <placeholderTextForH>1</placeholderTextForH>
        <billReferrals>1</billReferrals>
        <introducedInTheHouse>1</introducedInTheHouse>
        <introducedInHouse>1</introducedInHouse>
      </actionTypeCounts>
      <item>
        <actionDate>2015-01-09</actionDate>
        <committee>
          <name>Energy and Power Subcommittee</name>
          <systemCode>hsif03</systemCode>
        </committee>
        <links />
        <sourceSystem>
          <code>1</code>
          <name>House committee actions</name>
        </sourceSystem>
        <text>Referred to the Subcommittee on Energy and Power.</text>
        <type>Committee</type>
      </item>
      <item>
        <actionDate>2015-01-06</actionDate>
        <sourceSystem>
          <code>2</code>
          <name>House floor actions</name>
        </sourceSystem>
        <text>Referred to the House Committee on Energy and Commerce.</text>
        <type>IntroReferral</type>
        <links />
        <actionCode>H11100</actionCode>
        <committee>
          <name>Energy and Commerce Committee</name>
          <systemCode>hsif00</systemCode>
        </committee>
      </item>
      <item>
        <actionDate>2015-01-06</actionDate>
        <sourceSystem>
          <code>9</code>
          <name>Library of Congress</name>
        </sourceSystem>
        <text>Introduced in House</text>
        <type>IntroReferral</type>
        <links />
        <actionCode>Intro-H</actionCode>
        <committee />
      </item>
      <item>
        <actionDate>2015-01-06</actionDate>
        <sourceSystem>
          <code>9</code>
          <name>Library of Congress</name>
        </sourceSystem>
        <text>Introduced in House</text>
        <type>IntroReferral</type>
        <links />
        <actionCode>1000</actionCode>
        <committee />
      </item>
      <actionByCounts>
        <houseOfRepresentatives>4</houseOfRepresentatives>
      </actionByCounts>
    </actions>
    <amendments />
    <cboCostEstimates />
    <introducedDate>2015-01-06</introducedDate>
    <latestAction>
      <text>Referred to the Subcommittee on Energy and Power.</text>
      <actionDate>2015-01-09</actionDate>
      <links />
    </latestAction>
    <subjects>
      <billSubjects>
        <legislativeSubjects>
          <item>
            <name>Administrative law and regulatory procedures</name>
          </item>
          <item>
            <name>Consumer affairs</name>
          </item>
          <item>
            <name>Energy efficiency and conservation</name>
          </item>
          <item>
            <name>Environmental Protection Agency (EPA)</name>
          </item>
          <item>
            <name>Environmental technology</name>
          </item>
          <item>
            <name>Licensing and registrations</name>
          </item>
          <item>
            <name>Product safety and quality</name>
          </item>
        </legislativeSubjects>
        <policyArea>
          <name>Energy</name>
        </policyArea>
      </billSubjects>
    </subjects>
    <cosponsors />
    <notes />
    <billType>HR</billType>
  </bill>
  <dublinCore xmlns:dc="http://purl.org/dc/elements/1.1/">
    <dc:format>text/xml</dc:format>
    <dc:language>EN</dc:language>
    <dc:rights>Pursuant to Title 17 Section 105 of the United States Code, this file is not subject to copyright protection and is in the public domain.</dc:rights>
    <dc:contributor>Congressional Research Service, Library of Congress</dc:contributor>
    <dc:description>This file contains bill summaries and statuses for federal legislation. A bill summary describes the most significant provisions of a piece of legislation and details the effects the legislative text may have on current law and federal programs. Bill summaries are authored by the Congressional Research Service (CRS) of the Library of Congress. As stated in Public Law 91-510 (2 USC 166 (d)(6)), one of the duties of CRS is "to prepare summaries and digests of bills and resolutions of a public general nature introduced in the Senate or House of Representatives". For more information, refer to the User Guide that accompanies this file.</dc:description>
  </dublinCore>
</billStatus>

