<?xml version="1.0" encoding="UTF-8"?>
<billStatus>
  <bill>
    <title>EDA Elimination Act of 2015</title>
    <updateDate>2016-11-02T21:24:24Z</updateDate>
    <relatedBills />
    <introducedDate>2015-02-02</introducedDate>
    <originChamber>House</originChamber>
    <cboCostEstimates />
    <policyArea>
      <name>Economics and Public Finance</name>
    </policyArea>
    <congress>114</congress>
    <billNumber>661</billNumber>
    <billType>HR</billType>
    <amendments />
    <recordedVotes />
    <committees>
      <billCommittees>
        <item>
          <activities>
            <item>
              <name>Referred to</name>
              <date>2015-02-02T17:04:20Z</date>
            </item>
          </activities>
          <name>Transportation and Infrastructure Committee</name>
          <subcommittees>
            <item>
              <activities>
                <item>
                  <name>Referred to</name>
                  <date>2015-02-03T20:39:19Z</date>
                </item>
              </activities>
              <name>Economic Development, Public Buildings and Emergency Management Subcommittee</name>
              <systemCode>hspw13</systemCode>
            </item>
          </subcommittees>
          <chamber>House</chamber>
          <type>Standing</type>
          <systemCode>hspw00</systemCode>
        </item>
        <item>
          <activities>
            <item>
              <name>Referred to</name>
              <date>2015-02-02T17:04:25Z</date>
            </item>
          </activities>
          <name>Financial Services Committee</name>
          <subcommittees />
          <chamber>House</chamber>
          <type>Standing</type>
          <systemCode>hsba00</systemCode>
        </item>
      </billCommittees>
    </committees>
    <laws />
    <subjects>
      <billSubjects>
        <legislativeSubjects>
          <item>
            <name>Department of Commerce</name>
          </item>
          <item>
            <name>Economic development</name>
          </item>
          <item>
            <name>Executive agency funding and structure</name>
          </item>
        </legislativeSubjects>
        <policyArea>
          <name>Economics and Public Finance</name>
        </policyArea>
      </billSubjects>
    </subjects>
    <notes />
    <committeeReports />
    <actions>
      <actionTypeCounts>
        <introducedInHouse>1</introducedInHouse>
        <placeholderTextForH>1</placeholderTextForH>
        <billReferralsAggregate>1</billReferralsAggregate>
        <billReferrals>2</billReferrals>
        <introducedInTheHouse>1</introducedInTheHouse>
      </actionTypeCounts>
      <actionByCounts>
        <houseOfRepresentatives>6</houseOfRepresentatives>
      </actionByCounts>
      <item>
        <actionDate>2015-02-03</actionDate>
        <committee>
          <systemCode>hspw13</systemCode>
          <name>Economic Development, Public Buildings and Emergency Management Subcommittee</name>
        </committee>
        <links />
        <sourceSystem>
          <name>House committee actions</name>
          <code>1</code>
        </sourceSystem>
        <text>Referred to the Subcommittee on Economic Development, Public Buildings and Emergency Management.</text>
        <type>Committee</type>
      </item>
      <item>
        <actionCode>H11100</actionCode>
        <actionDate>2015-02-02</actionDate>
        <text>Referred to House Financial Services</text>
        <committee>
          <systemCode>hsba00</systemCode>
          <name>Financial Services Committee</name>
        </committee>
        <type>IntroReferral</type>
        <links />
        <sourceSystem>
          <name>House floor actions</name>
          <code>2</code>
        </sourceSystem>
      </item>
      <item>
        <actionCode>H11100-A</actionCode>
        <actionDate>2015-02-02</actionDate>
        <text>Referred to the Committee on Transportation and Infrastructure, and in addition to the Committee on Financial Services, for a period to be subsequently determined by the Speaker, in each case for consideration of such provisions as fall within the jurisdiction of the committee concerned.</text>
        <committee />
        <type>IntroReferral</type>
        <links />
        <sourceSystem>
          <name>Library of Congress</name>
          <code>9</code>
        </sourceSystem>
      </item>
      <item>
        <actionCode>H11100</actionCode>
        <actionDate>2015-02-02</actionDate>
        <text>Referred to House Transportation and Infrastructure</text>
        <committee>
          <systemCode>hspw00</systemCode>
          <name>Transportation and Infrastructure Committee</name>
        </committee>
        <type>IntroReferral</type>
        <links />
        <sourceSystem>
          <name>House floor actions</name>
          <code>2</code>
        </sourceSystem>
      </item>
      <item>
        <actionCode>Intro-H</actionCode>
        <actionDate>2015-02-02</actionDate>
        <text>Introduced in House</text>
        <committee />
        <type>IntroReferral</type>
        <links />
        <sourceSystem>
          <name>Library of Congress</name>
          <code>9</code>
        </sourceSystem>
      </item>
      <item>
        <actionCode>1000</actionCode>
        <actionDate>2015-02-02</actionDate>
        <text>Introduced in House</text>
        <committee />
        <type>IntroReferral</type>
        <links />
        <sourceSystem>
          <name>Library of Congress</name>
          <code>9</code>
        </sourceSystem>
      </item>
    </actions>
    <calendarNumbers />
    <latestAction>
      <links />
      <actionDate>2015-02-03</actionDate>
      <text>Referred to the Subcommittee on Economic Development, Public Buildings and Emergency Management.</text>
    </latestAction>
    <titles>
      <item>
        <chamberCode />
        <chamberName />
        <title>EDA Elimination Act of 2015</title>
        <parentTitleType />
        <titleType>Short Titles as Introduced</titleType>
      </item>
      <item>
        <chamberCode />
        <chamberName />
        <title>To terminate the Economic Development Administration, and for other purposes.</title>
        <parentTitleType />
        <titleType>Official Title as Introduced</titleType>
      </item>
      <item>
        <chamberCode />
        <chamberName />
        <title>EDA Elimination Act of 2015</title>
        <parentTitleType />
        <titleType>Display Title</titleType>
      </item>
    </titles>
    <summaries>
      <billSummaries>
        <item>
          <versionCode>00</versionCode>
          <actionDate>2015-02-02</actionDate>
          <text><![CDATA[<p><b>EDA Elimination Act of 2015</b></p> <p>Terminates the Economic Development Administration (EDA).</p> <p>Repeals the Public Works and Economic Development Act of 1965. </p> <p>Directs the Secretary of Commerce to take such actions as necessary and appropriate to conclude the outstanding affairs of the EDA, including dispositions of personnel, assets, and obligations.</p>]]></text>
          <name>Introduced in House</name>
          <lastSummaryUpdateDate>2015-02-10T15:59:35Z</lastSummaryUpdateDate>
          <updateDate>2015-02-02T05:00:00Z</updateDate>
          <actionDesc>Introduced in House</actionDesc>
        </item>
      </billSummaries>
    </summaries>
    <constitutionalAuthorityStatementText><![CDATA[<pre>From the Congressional Record Online through the Government Publishing Office [<a href='http://www.gpo.gov'>www.gpo.gov</a>]By Mr. POMPEO:H.R. 661.Congress has the power to enact this legislation pursuantto the following:Article I, Section 8, Clause 3[Page H704]</pre>]]></constitutionalAuthorityStatementText>
    <createDate>2015-02-03T07:01:19Z</createDate>
    <sponsors>
      <item>
        <state>KS</state>
        <fullName>Rep. Pompeo, Mike [R-KS-4]</fullName>
        <middleName />
        <identifiers>
          <lisID>2022</lisID>
          <bioguideId>P000602</bioguideId>
          <gpoId>7952</gpoId>
        </identifiers>
        <firstName>Mike</firstName>
        <lastName>Pompeo</lastName>
        <bioguideId>P000602</bioguideId>
        <district>4</district>
        <byRequestType />
        <party>R</party>
      </item>
    </sponsors>
    <cosponsors>
      <item>
        <fullName>Rep. McClintock, Tom [R-CA-4]</fullName>
        <firstName>Tom</firstName>
        <lastName>McClintock</lastName>
        <identifiers>
          <lisID>1908</lisID>
          <bioguideId>M001177</bioguideId>
          <gpoId>7809</gpoId>
        </identifiers>
        <state>CA</state>
        <sponsorshipWithdrawnDate />
        <bioguideId>M001177</bioguideId>
        <district>4</district>
        <isOriginalCosponsor>True</isOriginalCosponsor>
        <middleName />
        <party>R</party>
        <sponsorshipDate>2015-02-02</sponsorshipDate>
      </item>
      <item>
        <fullName>Rep. Westmoreland, Lynn A. [R-GA-3]</fullName>
        <firstName>Lynn</firstName>
        <lastName>Westmoreland</lastName>
        <identifiers>
          <bioguideId>W000796</bioguideId>
          <gpoId>7900</gpoId>
          <lisID>1779</lisID>
        </identifiers>
        <state>GA</state>
        <sponsorshipWithdrawnDate />
        <bioguideId>W000796</bioguideId>
        <district>3</district>
        <isOriginalCosponsor>True</isOriginalCosponsor>
        <middleName>A.</middleName>
        <party>R</party>
        <sponsorshipDate>2015-02-02</sponsorshipDate>
      </item>
      <item>
        <fullName>Rep. Kline, John [R-MN-2]</fullName>
        <firstName>John</firstName>
        <lastName>Kline</lastName>
        <identifiers>
          <lisID>1733</lisID>
          <bioguideId>K000363</bioguideId>
          <gpoId>8002</gpoId>
        </identifiers>
        <state>MN</state>
        <sponsorshipWithdrawnDate />
        <bioguideId>K000363</bioguideId>
        <district>2</district>
        <isOriginalCosponsor>False</isOriginalCosponsor>
        <middleName />
        <party>R</party>
        <sponsorshipDate>2015-02-03</sponsorshipDate>
      </item>
      <item>
        <fullName>Rep. Hensarling, Jeb [R-TX-5]</fullName>
        <firstName>Jeb</firstName>
        <lastName>Hensarling</lastName>
        <identifiers>
          <lisID>1749</lisID>
          <gpoId>8161</gpoId>
          <bioguideId>H001036</bioguideId>
        </identifiers>
        <state>TX</state>
        <sponsorshipWithdrawnDate />
        <bioguideId>H001036</bioguideId>
        <district>5</district>
        <isOriginalCosponsor>False</isOriginalCosponsor>
        <middleName />
        <party>R</party>
        <sponsorshipDate>2015-03-26</sponsorshipDate>
      </item>
    </cosponsors>
  </bill>
  <dublinCore xmlns:dc="http://purl.org/dc/elements/1.1/">
    <dc:format>text/xml</dc:format>
    <dc:language>EN</dc:language>
    <dc:rights>Pursuant to Title 17 Section 105 of the United States Code, this file is not subject to copyright protection and is in the public domain.</dc:rights>
    <dc:contributor>Congressional Research Service, Library of Congress</dc:contributor>
    <dc:description>This file contains bill summaries and statuses for federal legislation. A bill summary describes the most significant provisions of a piece of legislation and details the effects the legislative text may have on current law and federal programs. Bill summaries are authored by the Congressional Research Service (CRS) of the Library of Congress. As stated in Public Law 91-510 (2 USC 166 (d)(6)), one of the duties of CRS is "to prepare summaries and digests of bills and resolutions of a public general nature introduced in the Senate or House of Representatives". For more information, refer to the User Guide that accompanies this file.</dc:description>
  </dublinCore>
</billStatus>

