<?xml version="1.0" encoding="UTF-8"?>
<billStatus>
  <bill>
    <committees>
      <billCommittees>
        <item>
          <activities>
            <item>
              <date>2015-02-04T15:04:05Z</date>
              <name>Referred to</name>
            </item>
          </activities>
          <chamber>House</chamber>
          <subcommittees>
            <item>
              <systemCode>hsag14</systemCode>
              <name>Biotechnology, Horticulture, and Research Subcommittee</name>
              <activities>
                <item>
                  <date>2015-02-27T17:49:58Z</date>
                  <name>Referred to</name>
                </item>
              </activities>
            </item>
          </subcommittees>
          <systemCode>hsag00</systemCode>
          <type>Standing</type>
          <name>Agriculture Committee</name>
        </item>
        <item>
          <activities>
            <item>
              <date>2015-02-04T15:04:00Z</date>
              <name>Referred to</name>
            </item>
          </activities>
          <chamber>House</chamber>
          <subcommittees>
            <item>
              <systemCode>hsif14</systemCode>
              <name>Health Subcommittee</name>
              <activities>
                <item>
                  <date>2015-02-06T18:49:54Z</date>
                  <name>Referred to</name>
                </item>
              </activities>
            </item>
          </subcommittees>
          <systemCode>hsif00</systemCode>
          <type>Standing</type>
          <name>Energy and Commerce Committee</name>
        </item>
      </billCommittees>
    </committees>
    <congress>114</congress>
    <billNumber>737</billNumber>
    <updateDate>2016-11-02T21:24:49Z</updateDate>
    <subjects>
      <billSubjects>
        <policyArea>
          <name>Agriculture and Food</name>
        </policyArea>
        <legislativeSubjects>
          <item>
            <name>Agricultural practices and innovations</name>
          </item>
          <item>
            <name>Consumer affairs</name>
          </item>
          <item>
            <name>Farmland</name>
          </item>
          <item>
            <name>Food industry and services</name>
          </item>
          <item>
            <name>Food supply, safety, and labeling</name>
          </item>
          <item>
            <name>Livestock</name>
          </item>
          <item>
            <name>Meat</name>
          </item>
          <item>
            <name>Solid waste and recycling</name>
          </item>
        </legislativeSubjects>
      </billSubjects>
    </subjects>
    <policyArea>
      <name>Agriculture and Food</name>
    </policyArea>
    <summaries>
      <billSummaries>
        <item>
          <actionDate>2015-02-04</actionDate>
          <updateDate>2015-02-04T05:00:00Z</updateDate>
          <name>Introduced in House</name>
          <lastSummaryUpdateDate>2015-06-11T18:06:31Z</lastSummaryUpdateDate>
          <versionCode>00</versionCode>
          <actionDesc>Introduced in House</actionDesc>
          <text><![CDATA[<p><b>Sewage Sludge in Food Production Consumer Notification Act </b></p> <p>This bill amends the Federal Food, Drug, and Cosmetic Act, the Egg Products Inspection Act, the Federal Meat Inspection Act, and the Poultry Products Inspection Act to require consumers to be notified regarding food produced from crops, poultry, or livestock on land in which sewage sludge was applied. Sewage sludge is solid, semi-solid, or liquid residue generated during the treatment of domestic sewage in a treatment works. Under the bill, if consumers are not notified regarding food produced on land on which sewage sludge was applied, the food is considered adulterated food subject to Food and Drug Administration or Department of Agriculture recalls. </p>]]></text>
        </item>
      </billSummaries>
    </summaries>
    <title>Sewage Sludge in Food Production Consumer Notification Act</title>
    <laws />
    <cosponsors />
    <billType>HR</billType>
    <cboCostEstimates />
    <recordedVotes />
    <relatedBills />
    <actions>
      <actionByCounts>
        <houseOfRepresentatives>7</houseOfRepresentatives>
      </actionByCounts>
      <item>
        <actionDate>2015-02-27</actionDate>
        <committee>
          <name>Biotechnology, Horticulture, and Research Subcommittee</name>
          <systemCode>hsag14</systemCode>
        </committee>
        <links />
        <sourceSystem>
          <name>House committee actions</name>
          <code>1</code>
        </sourceSystem>
        <text>Referred to the Subcommittee on Biotechnology, Horticulture, and Research.</text>
        <type>Committee</type>
      </item>
      <item>
        <actionDate>2015-02-06</actionDate>
        <committee>
          <name>Health Subcommittee</name>
          <systemCode>hsif14</systemCode>
        </committee>
        <links />
        <sourceSystem>
          <name>House committee actions</name>
          <code>1</code>
        </sourceSystem>
        <text>Referred to the Subcommittee on Health.</text>
        <type>Committee</type>
      </item>
      <item>
        <actionDate>2015-02-04</actionDate>
        <actionCode>H11100</actionCode>
        <sourceSystem>
          <name>House floor actions</name>
          <code>2</code>
        </sourceSystem>
        <links />
        <committee>
          <name>Agriculture Committee</name>
          <systemCode>hsag00</systemCode>
        </committee>
        <text>Referred to House Agriculture</text>
        <type>IntroReferral</type>
      </item>
      <item>
        <actionDate>2015-02-04</actionDate>
        <actionCode>H11100-A</actionCode>
        <sourceSystem>
          <name>Library of Congress</name>
          <code>9</code>
        </sourceSystem>
        <links />
        <committee />
        <text>Referred to the Committee on Energy and Commerce, and in addition to the Committee on Agriculture, for a period to be subsequently determined by the Speaker, in each case for consideration of such provisions as fall within the jurisdiction of the committee concerned.</text>
        <type>IntroReferral</type>
      </item>
      <item>
        <actionDate>2015-02-04</actionDate>
        <actionCode>H11100</actionCode>
        <sourceSystem>
          <name>House floor actions</name>
          <code>2</code>
        </sourceSystem>
        <links />
        <committee>
          <name>Energy and Commerce Committee</name>
          <systemCode>hsif00</systemCode>
        </committee>
        <text>Referred to House Energy and Commerce</text>
        <type>IntroReferral</type>
      </item>
      <item>
        <actionDate>2015-02-04</actionDate>
        <actionCode>Intro-H</actionCode>
        <sourceSystem>
          <name>Library of Congress</name>
          <code>9</code>
        </sourceSystem>
        <links />
        <committee />
        <text>Introduced in House</text>
        <type>IntroReferral</type>
      </item>
      <item>
        <actionDate>2015-02-04</actionDate>
        <actionCode>1000</actionCode>
        <sourceSystem>
          <name>Library of Congress</name>
          <code>9</code>
        </sourceSystem>
        <links />
        <committee />
        <text>Introduced in House</text>
        <type>IntroReferral</type>
      </item>
      <actionTypeCounts>
        <billReferralsAggregate>1</billReferralsAggregate>
        <placeholderTextForH>2</placeholderTextForH>
        <billReferrals>2</billReferrals>
        <introducedInTheHouse>1</introducedInTheHouse>
        <introducedInHouse>1</introducedInHouse>
      </actionTypeCounts>
    </actions>
    <notes />
    <latestAction>
      <actionDate>2015-02-27</actionDate>
      <links />
      <text>Referred to the Subcommittee on Biotechnology, Horticulture, and Research.</text>
    </latestAction>
    <introducedDate>2015-02-04</introducedDate>
    <sponsors>
      <item>
        <fullName>Rep. Serrano, Jose E. [D-NY-15]</fullName>
        <firstName>JOSE</firstName>
        <byRequestType />
        <identifiers>
          <bioguideId>S000248</bioguideId>
          <gpoId>8077</gpoId>
          <lisID>1042</lisID>
        </identifiers>
        <middleName>E.</middleName>
        <bioguideId>S000248</bioguideId>
        <district>15</district>
        <party>D</party>
        <state>NY</state>
        <lastName>SERRANO</lastName>
      </item>
    </sponsors>
    <constitutionalAuthorityStatementText><![CDATA[<pre>From the Congressional Record Online through the Government Publishing Office [<a href='http://www.gpo.gov'>www.gpo.gov</a>]By Mr. SERRANO:H.R. 737.Congress has the power to enact this legislation pursuantto the following:Article 1, Section 8, Clause 3 of the U.S. Constitution TheCongress shall have power to lay and collect taxes, duties,imposts and excises, to pay the debts and provide for thecommon defense and general welfare of the United States; butall duties, imposts and excises shall be uniform throughoutthe United States;[Page H813]</pre>]]></constitutionalAuthorityStatementText>
    <calendarNumbers />
    <committeeReports />
    <amendments />
    <createDate>2015-02-05T04:56:24Z</createDate>
    <originChamber>House</originChamber>
    <titles>
      <item>
        <title>Sewage Sludge in Food Production Consumer Notification Act</title>
        <chamberName />
        <chamberCode />
        <titleType>Short Titles as Introduced</titleType>
        <parentTitleType />
      </item>
      <item>
        <title>To amend the Food, Drug, and Cosmetic Act and the egg, meat, and poultry inspection laws to ensure that consumers receive notification regarding food products produced from crops, livestock, or poultry raised on land on which sewage sludge was applied.</title>
        <chamberName />
        <chamberCode />
        <titleType>Official Title as Introduced</titleType>
        <parentTitleType />
      </item>
      <item>
        <title>Sewage Sludge in Food Production Consumer Notification Act</title>
        <chamberName />
        <chamberCode />
        <titleType>Display Title</titleType>
        <parentTitleType />
      </item>
    </titles>
  </bill>
  <dublinCore xmlns:dc="http://purl.org/dc/elements/1.1/">
    <dc:format>text/xml</dc:format>
    <dc:language>EN</dc:language>
    <dc:rights>Pursuant to Title 17 Section 105 of the United States Code, this file is not subject to copyright protection and is in the public domain.</dc:rights>
    <dc:contributor>Congressional Research Service, Library of Congress</dc:contributor>
    <dc:description>This file contains bill summaries and statuses for federal legislation. A bill summary describes the most significant provisions of a piece of legislation and details the effects the legislative text may have on current law and federal programs. Bill summaries are authored by the Congressional Research Service (CRS) of the Library of Congress. As stated in Public Law 91-510 (2 USC 166 (d)(6)), one of the duties of CRS is "to prepare summaries and digests of bills and resolutions of a public general nature introduced in the Senate or House of Representatives". For more information, refer to the User Guide that accompanies this file.</dc:description>
  </dublinCore>
</billStatus>

