<?xml version="1.0" encoding="UTF-8"?>
<billStatus>
  <bill>
    <billType>HR</billType>
    <laws />
    <recordedVotes />
    <actions>
      <actionTypeCounts>
        <introducedInTheHouse>1</introducedInTheHouse>
        <billReferrals>1</billReferrals>
        <introducedInHouse>1</introducedInHouse>
      </actionTypeCounts>
      <actionByCounts>
        <houseOfRepresentatives>3</houseOfRepresentatives>
      </actionByCounts>
      <item>
        <text>Referred to the House Committee on Ways and Means.</text>
        <sourceSystem>
          <name>House floor actions</name>
          <code>2</code>
        </sourceSystem>
        <committee>
          <name>Ways and Means Committee</name>
          <systemCode>hswm00</systemCode>
        </committee>
        <type>IntroReferral</type>
        <links />
        <actionCode>H11100</actionCode>
        <actionDate>2015-02-05</actionDate>
      </item>
      <item>
        <text>Introduced in House</text>
        <sourceSystem>
          <name>Library of Congress</name>
          <code>9</code>
        </sourceSystem>
        <committee />
        <type>IntroReferral</type>
        <links />
        <actionCode>Intro-H</actionCode>
        <actionDate>2015-02-05</actionDate>
      </item>
      <item>
        <text>Introduced in House</text>
        <sourceSystem>
          <name>Library of Congress</name>
          <code>9</code>
        </sourceSystem>
        <committee />
        <type>IntroReferral</type>
        <links />
        <actionCode>1000</actionCode>
        <actionDate>2015-02-05</actionDate>
      </item>
    </actions>
    <billNumber>780</billNumber>
    <policyArea>
      <name>Taxation</name>
    </policyArea>
    <notes />
    <latestAction>
      <actionDate>2015-02-05</actionDate>
      <links />
      <text>Referred to the House Committee on Ways and Means.</text>
    </latestAction>
    <relatedBills />
    <committees>
      <billCommittees>
        <item>
          <systemCode>hswm00</systemCode>
          <name>Ways and Means Committee</name>
          <activities>
            <item>
              <name>Referred to</name>
              <date>2015-02-05T14:00:45Z</date>
            </item>
          </activities>
          <type>Standing</type>
          <chamber>House</chamber>
          <subcommittees />
        </item>
      </billCommittees>
    </committees>
    <cosponsors>
      <item>
        <identifiers>
          <lisID>2272</lisID>
          <bioguideId>B001292</bioguideId>
          <gpoId />
        </identifiers>
        <isOriginalCosponsor>True</isOriginalCosponsor>
        <firstName>Donald</firstName>
        <sponsorshipWithdrawnDate />
        <sponsorshipDate>2015-02-05</sponsorshipDate>
        <party>D</party>
        <district>8</district>
        <fullName>Rep. Beyer, Donald S., Jr. [D-VA-8]</fullName>
        <state>VA</state>
        <bioguideId>B001292</bioguideId>
        <lastName>Beyer</lastName>
        <middleName>S.</middleName>
      </item>
    </cosponsors>
    <createDate>2015-02-06T04:59:53Z</createDate>
    <sponsors>
      <item>
        <fullName>Rep. Connolly, Gerald E. [D-VA-11]</fullName>
        <firstName>Gerald</firstName>
        <lastName>Connolly</lastName>
        <state>VA</state>
        <party>D</party>
        <district>11</district>
        <bioguideId>C001078</bioguideId>
        <identifiers>
          <bioguideId>C001078</bioguideId>
          <lisID>1959</lisID>
          <gpoId>8202</gpoId>
        </identifiers>
        <middleName>E.</middleName>
        <byRequestType />
      </item>
    </sponsors>
    <committeeReports />
    <updateDate>2016-11-02T21:25:11Z</updateDate>
    <introducedDate>2015-02-05</introducedDate>
    <summaries>
      <billSummaries>
        <item>
          <actionDate>2015-02-05</actionDate>
          <updateDate>2015-02-05T05:00:00Z</updateDate>
          <name>Introduced in House</name>
          <lastSummaryUpdateDate>2015-02-19T22:07:07Z</lastSummaryUpdateDate>
          <versionCode>00</versionCode>
          <actionDesc>Introduced in House</actionDesc>
          <text><![CDATA[<p>Amends the Internal Revenue Code to allow a state, on behalf of a local government, to submit to the Secretary of the Treasury notice of a past-due, legally enforceable local tax obligation for offset against a taxpayer's tax refund. Defines "past-due, legally enforceable local tax obligation" as any debt which: (1) resulted from a judgment determining an amount of tax due to a local government; (2) is no longer subject to judicial review; or (3) resulted from a tax imposed by a local government which has been assessed but not collected, the time for redetermination of which has expired, and which has not been delinquent for more than 10 years. </p>]]></text>
        </item>
      </billSummaries>
    </summaries>
    <title>To amend the Internal Revenue Code of 1986 to provide for offsetting certain past-due local tax debts against income tax overpayments.</title>
    <cboCostEstimates />
    <subjects>
      <billSubjects>
        <legislativeSubjects>
          <item>
            <name>Administrative law and regulatory procedures</name>
          </item>
          <item>
            <name>Department of the Treasury</name>
          </item>
          <item>
            <name>Intergovernmental relations</name>
          </item>
          <item>
            <name>Internal Revenue Service (IRS)</name>
          </item>
          <item>
            <name>State and local taxation</name>
          </item>
          <item>
            <name>Tax administration and collection, taxpayers</name>
          </item>
        </legislativeSubjects>
        <policyArea>
          <name>Taxation</name>
        </policyArea>
      </billSubjects>
    </subjects>
    <amendments />
    <calendarNumbers />
    <congress>114</congress>
    <constitutionalAuthorityStatementText><![CDATA[<pre>From the Congressional Record Online through the Government Publishing Office [<a href='http://www.gpo.gov'>www.gpo.gov</a>]By Mr. CONNOLLY:H.R. 780.Congress has the power to enact this legislation pursuantto the following:Article I, Section 8 of the United States Constitutionwhich provides Congress with the power to lay and collecttaxes and regulate commerce among the several states.[Page H857]</pre>]]></constitutionalAuthorityStatementText>
    <titles>
      <item>
        <titleType>Official Title as Introduced</titleType>
        <parentTitleType />
        <title>To amend the Internal Revenue Code of 1986 to provide for offsetting certain past-due local tax debts against income tax overpayments.</title>
        <chamberName />
        <chamberCode />
      </item>
      <item>
        <titleType>Display Title</titleType>
        <parentTitleType />
        <title>To amend the Internal Revenue Code of 1986 to provide for offsetting certain past-due local tax debts against income tax overpayments.</title>
        <chamberName />
        <chamberCode />
      </item>
    </titles>
    <originChamber>House</originChamber>
  </bill>
  <dublinCore xmlns:dc="http://purl.org/dc/elements/1.1/">
    <dc:format>text/xml</dc:format>
    <dc:language>EN</dc:language>
    <dc:rights>Pursuant to Title 17 Section 105 of the United States Code, this file is not subject to copyright protection and is in the public domain.</dc:rights>
    <dc:contributor>Congressional Research Service, Library of Congress</dc:contributor>
    <dc:description>This file contains bill summaries and statuses for federal legislation. A bill summary describes the most significant provisions of a piece of legislation and details the effects the legislative text may have on current law and federal programs. Bill summaries are authored by the Congressional Research Service (CRS) of the Library of Congress. As stated in Public Law 91-510 (2 USC 166 (d)(6)), one of the duties of CRS is "to prepare summaries and digests of bills and resolutions of a public general nature introduced in the Senate or House of Representatives". For more information, refer to the User Guide that accompanies this file.</dc:description>
  </dublinCore>
</billStatus>

