<?xml version="1.0" encoding="UTF-8"?>
<billStatus>
  <bill>
    <committeeReports />
    <originChamber>House</originChamber>
    <titles>
      <item>
        <parentTitleType />
        <titleType>Official Title as Introduced</titleType>
        <title>To provide for an accounting of total United States contributions to the United Nations.</title>
        <chamberCode />
        <chamberName />
      </item>
      <item>
        <parentTitleType />
        <titleType>Display Title</titleType>
        <title>To provide for an accounting of total United States contributions to the United Nations.</title>
        <chamberCode />
        <chamberName />
      </item>
    </titles>
    <sponsors>
      <item>
        <state>AL</state>
        <byRequestType />
        <fullName>Rep. Brooks, Mo [R-AL-5]</fullName>
        <lastName>Brooks</lastName>
        <identifiers>
          <bioguideId>B001274</bioguideId>
          <gpoId>7790</gpoId>
          <lisID>1987</lisID>
        </identifiers>
        <middleName />
        <bioguideId>B001274</bioguideId>
        <district>5</district>
        <party>R</party>
        <firstName>Mo</firstName>
      </item>
    </sponsors>
    <billNumber>1034</billNumber>
    <recordedVotes />
    <latestAction>
      <links />
      <text>Referred to the House Committee on Foreign Affairs.</text>
      <actionDate>2015-02-24</actionDate>
    </latestAction>
    <laws />
    <title>To provide for an accounting of total United States contributions to the United Nations.</title>
    <billType>HR</billType>
    <introducedDate>2015-02-24</introducedDate>
    <updateDate>2016-11-02T21:26:40Z</updateDate>
    <calendarNumbers />
    <amendments />
    <cboCostEstimates />
    <policyArea>
      <name>International Affairs</name>
    </policyArea>
    <createDate>2015-02-25T04:46:16Z</createDate>
    <notes />
    <constitutionalAuthorityStatementText><![CDATA[<pre>From the Congressional Record Online through the Government Publishing Office [<a href='http://www.gpo.gov'>www.gpo.gov</a>]By Mr. BROOKS of Alabama:H.R. 1034.Congress has the power to enact this legislation pursuantto the following:Congress has the power to enact this legislation pursuantto the following: Article I, Section 8, Clause 3: TheCongress shall have power to regulate commerce with foreignnations, and among the several states, and with the Indiantribes; and Article I, Section 8, Clause 18: The Congressshall have power to make all Laws which shall be necessaryand proper for carrying into Execution the foregoing Powers,and all other Powers vested by this Constitution in theGovernment of the United States, or in any Department orOfficer thereof.[Page H1115]</pre>]]></constitutionalAuthorityStatementText>
    <committees>
      <billCommittees>
        <item>
          <activities>
            <item>
              <name>Referred to</name>
              <date>2015-02-24T17:00:42Z</date>
            </item>
          </activities>
          <name>Foreign Affairs Committee</name>
          <subcommittees />
          <chamber>House</chamber>
          <type>Standing</type>
          <systemCode>hsfa00</systemCode>
        </item>
      </billCommittees>
    </committees>
    <cosponsors>
      <item>
        <district>32</district>
        <fullName>Rep. Sessions, Pete [R-TX-32]</fullName>
        <sponsorshipWithdrawnDate />
        <bioguideId>S000250</bioguideId>
        <identifiers>
          <lisID>1525</lisID>
          <gpoId>8188</gpoId>
          <bioguideId>S000250</bioguideId>
        </identifiers>
        <party>R</party>
        <lastName>SESSIONS</lastName>
        <firstName>PETE</firstName>
        <state>TX</state>
        <isOriginalCosponsor>True</isOriginalCosponsor>
        <sponsorshipDate>2015-02-24</sponsorshipDate>
        <middleName />
      </item>
      <item>
        <district>3</district>
        <fullName>Rep. Jones, Walter B., Jr. [R-NC-3]</fullName>
        <sponsorshipWithdrawnDate />
        <bioguideId>J000255</bioguideId>
        <identifiers>
          <lisID>612</lisID>
          <bioguideId>J000255</bioguideId>
          <gpoId>8026</gpoId>
        </identifiers>
        <party>R</party>
        <lastName>JONES</lastName>
        <firstName>WALTER</firstName>
        <state>NC</state>
        <isOriginalCosponsor>True</isOriginalCosponsor>
        <sponsorshipDate>2015-02-24</sponsorshipDate>
        <middleName>B.</middleName>
      </item>
      <item>
        <district>8</district>
        <fullName>Rep. Ribble, Reid J. [R-WI-8]</fullName>
        <sponsorshipWithdrawnDate />
        <bioguideId>R000587</bioguideId>
        <identifiers>
          <gpoId>8221</gpoId>
          <lisID>2073</lisID>
          <bioguideId>R000587</bioguideId>
        </identifiers>
        <party>R</party>
        <lastName>Ribble</lastName>
        <firstName>Reid</firstName>
        <state>WI</state>
        <isOriginalCosponsor>True</isOriginalCosponsor>
        <sponsorshipDate>2015-02-24</sponsorshipDate>
        <middleName>J.</middleName>
      </item>
      <item>
        <district>0</district>
        <fullName>Rep. Zinke, Ryan K. [R-MT-At Large]</fullName>
        <sponsorshipWithdrawnDate />
        <bioguideId>Z000018</bioguideId>
        <identifiers>
          <lisID>2254</lisID>
          <bioguideId>Z000018</bioguideId>
          <gpoId />
        </identifiers>
        <party>R</party>
        <lastName>Zinke</lastName>
        <firstName>Ryan</firstName>
        <state>MT</state>
        <isOriginalCosponsor>True</isOriginalCosponsor>
        <sponsorshipDate>2015-02-24</sponsorshipDate>
        <middleName>K.</middleName>
      </item>
      <item>
        <district>1</district>
        <fullName>Rep. Gohmert, Louie [R-TX-1]</fullName>
        <sponsorshipWithdrawnDate />
        <bioguideId>G000552</bioguideId>
        <identifiers>
          <bioguideId>G000552</bioguideId>
          <gpoId>8157</gpoId>
          <lisID>1801</lisID>
        </identifiers>
        <party>R</party>
        <lastName>Gohmert</lastName>
        <firstName>Louie</firstName>
        <state>TX</state>
        <isOriginalCosponsor>False</isOriginalCosponsor>
        <sponsorshipDate>2015-03-10</sponsorshipDate>
        <middleName />
      </item>
      <item>
        <district>3</district>
        <fullName>Rep. Luetkemeyer, Blaine [R-MO-3]</fullName>
        <sponsorshipWithdrawnDate />
        <bioguideId>L000569</bioguideId>
        <identifiers>
          <bioguideId>L000569</bioguideId>
          <gpoId>8017</gpoId>
          <lisID>1931</lisID>
        </identifiers>
        <party>R</party>
        <lastName>Luetkemeyer</lastName>
        <firstName>Blaine</firstName>
        <state>MO</state>
        <isOriginalCosponsor>False</isOriginalCosponsor>
        <sponsorshipDate>2015-03-10</sponsorshipDate>
        <middleName />
      </item>
      <item>
        <district>4</district>
        <fullName>Rep. Perry, Scott [R-PA-4]</fullName>
        <sponsorshipWithdrawnDate />
        <bioguideId>P000605</bioguideId>
        <identifiers>
          <lisID>2157</lisID>
          <gpoId />
          <bioguideId>P000605</bioguideId>
        </identifiers>
        <party>R</party>
        <lastName>Perry</lastName>
        <firstName>Scott</firstName>
        <state>PA</state>
        <isOriginalCosponsor>False</isOriginalCosponsor>
        <sponsorshipDate>2015-04-13</sponsorshipDate>
        <middleName />
      </item>
      <item>
        <district>4</district>
        <fullName>Rep. Forbes, J. Randy [R-VA-4]</fullName>
        <sponsorshipWithdrawnDate />
        <bioguideId>F000445</bioguideId>
        <identifiers>
          <bioguideId>F000445</bioguideId>
          <lisID>1683</lisID>
          <gpoId>8786</gpoId>
        </identifiers>
        <party>R</party>
        <lastName>Forbes</lastName>
        <firstName>J.</firstName>
        <state>VA</state>
        <isOriginalCosponsor>False</isOriginalCosponsor>
        <sponsorshipDate>2015-04-28</sponsorshipDate>
        <middleName>Randy</middleName>
      </item>
      <item>
        <district>1</district>
        <fullName>Rep. Miller, Jeff [R-FL-1]</fullName>
        <sponsorshipWithdrawnDate />
        <bioguideId>M001144</bioguideId>
        <identifiers>
          <bioguideId>M001144</bioguideId>
          <lisID>1685</lisID>
          <gpoId>7873</gpoId>
        </identifiers>
        <party>R</party>
        <lastName>Miller</lastName>
        <firstName>Jeff</firstName>
        <state>FL</state>
        <isOriginalCosponsor>False</isOriginalCosponsor>
        <sponsorshipDate>2015-07-29</sponsorshipDate>
        <middleName />
      </item>
    </cosponsors>
    <congress>114</congress>
    <relatedBills>
      <item>
        <latestTitle>Annual Report on United States Contributions to the United Nations Act</latestTitle>
        <latestAction>
          <text>Read twice and referred to the Committee on Foreign Relations.</text>
          <actionDate>2015-05-07</actionDate>
        </latestAction>
        <number>1238</number>
        <relationshipDetails>
          <item>
            <identifiedBy>CRS</identifiedBy>
            <type>Related bill</type>
          </item>
        </relationshipDetails>
        <type>S</type>
        <congress>114</congress>
      </item>
      <item>
        <latestTitle>United Nations Transparency, Accountability, and Reform Act of 2015</latestTitle>
        <latestAction>
          <text>Referred to the House Committee on Foreign Affairs.</text>
          <actionDate>2015-10-01</actionDate>
        </latestAction>
        <number>3667</number>
        <relationshipDetails>
          <item>
            <identifiedBy>CRS</identifiedBy>
            <type>Related bill</type>
          </item>
        </relationshipDetails>
        <type>HR</type>
        <congress>114</congress>
      </item>
    </relatedBills>
    <summaries>
      <billSummaries>
        <item>
          <updateDate>2015-02-24T05:00:00Z</updateDate>
          <versionCode>00</versionCode>
          <lastSummaryUpdateDate>2015-03-04T17:33:50Z</lastSummaryUpdateDate>
          <name>Introduced in House</name>
          <actionDate>2015-02-24</actionDate>
          <actionDesc>Introduced in House</actionDesc>
          <text><![CDATA[<p>Requires the Director of the Office of Management and Budget (OMB) to report annually to Congress regarding all assessed and voluntary U.S. contributions to the United Nations (U.N.) and its affiliated agencies and related bodies during the previous fiscal year. </p> <p>Requires the report to include the following: (1) the total amount of all assessed and voluntary U.S. contributions to the U.N. and its affiliated agencies and related bodies; (2) the approximate percentage of U.S. contributions to each such agency or body in a fiscal year when compared with all such contributions in that fiscal year; and (3) the amount, description, and purpose of each contribution, the identity of the donating U.S. department or agency, and the identity of the recipient U.N. agency or body.</p> <p>Requires the first report to include information for the previous three fiscal years.</p> <p>Requires OMB to post a version of such report on a publicly available Internet website.</p>]]></text>
        </item>
      </billSummaries>
    </summaries>
    <actions>
      <actionTypeCounts>
        <billReferrals>1</billReferrals>
        <introducedInTheHouse>1</introducedInTheHouse>
        <introducedInHouse>1</introducedInHouse>
      </actionTypeCounts>
      <item>
        <actionDate>2015-02-24</actionDate>
        <sourceSystem>
          <code>2</code>
          <name>House floor actions</name>
        </sourceSystem>
        <text>Referred to the House Committee on Foreign Affairs.</text>
        <type>IntroReferral</type>
        <links />
        <actionCode>H11100</actionCode>
        <committee>
          <name>Foreign Affairs Committee</name>
          <systemCode>hsfa00</systemCode>
        </committee>
      </item>
      <item>
        <actionDate>2015-02-24</actionDate>
        <sourceSystem>
          <code>9</code>
          <name>Library of Congress</name>
        </sourceSystem>
        <text>Introduced in House</text>
        <type>IntroReferral</type>
        <links />
        <actionCode>Intro-H</actionCode>
        <committee />
      </item>
      <item>
        <actionDate>2015-02-24</actionDate>
        <sourceSystem>
          <code>9</code>
          <name>Library of Congress</name>
        </sourceSystem>
        <text>Introduced in House</text>
        <type>IntroReferral</type>
        <links />
        <actionCode>1000</actionCode>
        <committee />
      </item>
      <actionByCounts>
        <houseOfRepresentatives>3</houseOfRepresentatives>
      </actionByCounts>
    </actions>
    <subjects>
      <billSubjects>
        <legislativeSubjects>
          <item>
            <name>Congressional oversight</name>
          </item>
          <item>
            <name>Foreign aid and international relief</name>
          </item>
          <item>
            <name>Government information and archives</name>
          </item>
          <item>
            <name>United Nations</name>
          </item>
        </legislativeSubjects>
        <policyArea>
          <name>International Affairs</name>
        </policyArea>
      </billSubjects>
    </subjects>
  </bill>
  <dublinCore xmlns:dc="http://purl.org/dc/elements/1.1/">
    <dc:format>text/xml</dc:format>
    <dc:language>EN</dc:language>
    <dc:rights>Pursuant to Title 17 Section 105 of the United States Code, this file is not subject to copyright protection and is in the public domain.</dc:rights>
    <dc:contributor>Congressional Research Service, Library of Congress</dc:contributor>
    <dc:description>This file contains bill summaries and statuses for federal legislation. A bill summary describes the most significant provisions of a piece of legislation and details the effects the legislative text may have on current law and federal programs. Bill summaries are authored by the Congressional Research Service (CRS) of the Library of Congress. As stated in Public Law 91-510 (2 USC 166 (d)(6)), one of the duties of CRS is "to prepare summaries and digests of bills and resolutions of a public general nature introduced in the Senate or House of Representatives". For more information, refer to the User Guide that accompanies this file.</dc:description>
  </dublinCore>
</billStatus>

