<?xml version="1.0" encoding="UTF-8"?>
<billStatus>
  <bill>
    <billType>HR</billType>
    <laws />
    <recordedVotes />
    <actions>
      <actionByCounts>
        <houseOfRepresentatives>3</houseOfRepresentatives>
      </actionByCounts>
      <item>
        <actionCode>H11100</actionCode>
        <links />
        <type>IntroReferral</type>
        <actionDate>2015-02-27</actionDate>
        <committee>
          <name>Financial Services Committee</name>
          <systemCode>hsba00</systemCode>
        </committee>
        <text>Referred to the House Committee on Financial Services.</text>
        <sourceSystem>
          <name>House floor actions</name>
          <code>2</code>
        </sourceSystem>
      </item>
      <item>
        <actionCode>Intro-H</actionCode>
        <links />
        <type>IntroReferral</type>
        <actionDate>2015-02-27</actionDate>
        <committee />
        <text>Introduced in House</text>
        <sourceSystem>
          <name>Library of Congress</name>
          <code>9</code>
        </sourceSystem>
      </item>
      <item>
        <actionCode>1000</actionCode>
        <links />
        <type>IntroReferral</type>
        <actionDate>2015-02-27</actionDate>
        <committee />
        <text>Introduced in House</text>
        <sourceSystem>
          <name>Library of Congress</name>
          <code>9</code>
        </sourceSystem>
      </item>
      <actionTypeCounts>
        <introducedInTheHouse>1</introducedInTheHouse>
        <billReferrals>1</billReferrals>
        <introducedInHouse>1</introducedInHouse>
      </actionTypeCounts>
    </actions>
    <billNumber>1176</billNumber>
    <policyArea>
      <name>Finance and Financial Sector</name>
    </policyArea>
    <notes />
    <latestAction>
      <actionDate>2015-02-27</actionDate>
      <links />
      <text>Referred to the House Committee on Financial Services.</text>
    </latestAction>
    <relatedBills />
    <committees>
      <billCommittees>
        <item>
          <subcommittees />
          <chamber>House</chamber>
          <systemCode>hsba00</systemCode>
          <type>Standing</type>
          <activities>
            <item>
              <name>Referred to</name>
              <date>2015-02-27T14:04:40Z</date>
            </item>
          </activities>
          <name>Financial Services Committee</name>
        </item>
      </billCommittees>
    </committees>
    <cosponsors />
    <createDate>2015-02-28T04:46:16Z</createDate>
    <sponsors>
      <item>
        <fullName>Rep. Mulvaney, Mick [R-SC-5]</fullName>
        <firstName>Mick</firstName>
        <lastName>Mulvaney</lastName>
        <state>SC</state>
        <party>R</party>
        <district>5</district>
        <bioguideId>M001182</bioguideId>
        <identifiers>
          <bioguideId>M001182</bioguideId>
          <gpoId>8145</gpoId>
          <lisID>2059</lisID>
        </identifiers>
        <middleName />
        <byRequestType />
      </item>
    </sponsors>
    <committeeReports />
    <updateDate>2016-11-02T21:27:34Z</updateDate>
    <introducedDate>2015-02-27</introducedDate>
    <summaries>
      <billSummaries>
        <item>
          <actionDate>2015-02-27</actionDate>
          <updateDate>2015-02-27T05:00:00Z</updateDate>
          <name>Introduced in House</name>
          <lastSummaryUpdateDate>2015-03-25T18:26:44Z</lastSummaryUpdateDate>
          <versionCode>00</versionCode>
          <actionDesc>Introduced in House</actionDesc>
          <text><![CDATA[<p><b>NCUA Budget Transparency Act</b></p> <p>This bill instructs the Comptroller General to study the National Credit Union Administration (NCUA) in order to:</p> <ul> <li>examine the process and procedures related to NCUA budgeting practices;</li> <li>identify areas where the NCUA can provide greater budget transparency to Members of Congress, the NCUA's regulated entities, and the public; and</li> <li>determine the availability of line-by-line budget data for the National Credit Union Share Insurance Fund, the National Credit Union Central Liquidity Facility, and the Temporary Corporate Credit Union Stabilization Fund. </li> </ul>]]></text>
        </item>
      </billSummaries>
    </summaries>
    <title>NCUA Budget Transparency Act</title>
    <cboCostEstimates />
    <subjects>
      <billSubjects>
        <legislativeSubjects>
          <item>
            <name>Accounting and auditing</name>
          </item>
          <item>
            <name>Bank accounts, deposits, capital</name>
          </item>
          <item>
            <name>Banking and financial institutions regulation</name>
          </item>
          <item>
            <name>Congressional oversight</name>
          </item>
          <item>
            <name>Government studies and investigations</name>
          </item>
          <item>
            <name>Government trust funds</name>
          </item>
          <item>
            <name>National Credit Union Administration</name>
          </item>
        </legislativeSubjects>
        <policyArea>
          <name>Finance and Financial Sector</name>
        </policyArea>
      </billSubjects>
    </subjects>
    <amendments />
    <calendarNumbers />
    <congress>114</congress>
    <constitutionalAuthorityStatementText><![CDATA[<pre>From the Congressional Record Online through the Government Publishing Office [<a href='http://www.gpo.gov'>www.gpo.gov</a>]By Mr. MULVANEY:H.R. 1176.Congress has the power to enact this legislation pursuantto the following:Article I, Section 8, Clause 1. ``The Congress shall havePower To lay and collect Taxes, Duties, Imposts and Excises,to pay the Debts and provide for the common Defence andgeneral Welfare of the United States.''Article I, Section 8, Clause 3. ``To regulate Commerce . ..''Article I, Section 8, Clause 14. ``To make Rules for theGovernment . . .''Article I, Section 8, Clause 18. ``To make all Laws whichshall be necessary and proper for carrying into Execution theforegoing Powers, and all other Powers vested by thisConstitution in the Government of the United States, or inany Department or Officer thereof.''[Page H1501]</pre>]]></constitutionalAuthorityStatementText>
    <titles>
      <item>
        <chamberCode />
        <title>NCUA Budget Transparency Act</title>
        <chamberName />
        <titleType>Short Titles as Introduced</titleType>
        <parentTitleType />
      </item>
      <item>
        <chamberCode />
        <title>To require the Comptroller General of the United States to carry out a study of the National Credit Union Administration, and for other purposes.</title>
        <chamberName />
        <titleType>Official Title as Introduced</titleType>
        <parentTitleType />
      </item>
      <item>
        <chamberCode />
        <title>NCUA Budget Transparency Act</title>
        <chamberName />
        <titleType>Display Title</titleType>
        <parentTitleType />
      </item>
    </titles>
    <originChamber>House</originChamber>
  </bill>
  <dublinCore xmlns:dc="http://purl.org/dc/elements/1.1/">
    <dc:format>text/xml</dc:format>
    <dc:language>EN</dc:language>
    <dc:rights>Pursuant to Title 17 Section 105 of the United States Code, this file is not subject to copyright protection and is in the public domain.</dc:rights>
    <dc:contributor>Congressional Research Service, Library of Congress</dc:contributor>
    <dc:description>This file contains bill summaries and statuses for federal legislation. A bill summary describes the most significant provisions of a piece of legislation and details the effects the legislative text may have on current law and federal programs. Bill summaries are authored by the Congressional Research Service (CRS) of the Library of Congress. As stated in Public Law 91-510 (2 USC 166 (d)(6)), one of the duties of CRS is "to prepare summaries and digests of bills and resolutions of a public general nature introduced in the Senate or House of Representatives". For more information, refer to the User Guide that accompanies this file.</dc:description>
  </dublinCore>
</billStatus>

