<?xml version="1.0" encoding="UTF-8"?>
<billStatus>
  <bill>
    <title>Baseball Diplomacy Act</title>
    <updateDate>2016-11-02T21:24:50Z</updateDate>
    <relatedBills />
    <introducedDate>2015-02-04</introducedDate>
    <originChamber>House</originChamber>
    <cboCostEstimates />
    <policyArea>
      <name>International Affairs</name>
    </policyArea>
    <congress>114</congress>
    <billNumber>738</billNumber>
    <billType>HR</billType>
    <amendments />
    <recordedVotes />
    <committees>
      <billCommittees>
        <item>
          <activities>
            <item>
              <name>Referred to</name>
              <date>2015-02-04T15:03:00Z</date>
            </item>
          </activities>
          <name>Judiciary Committee</name>
          <subcommittees>
            <item>
              <activities>
                <item>
                  <name>Referred to</name>
                  <date>2015-03-16T20:28:55Z</date>
                </item>
              </activities>
              <name>Immigration and Border Security Subcommittee</name>
              <systemCode>hsju01</systemCode>
            </item>
          </subcommittees>
          <chamber>House</chamber>
          <type>Standing</type>
          <systemCode>hsju00</systemCode>
        </item>
        <item>
          <activities>
            <item>
              <name>Referred to</name>
              <date>2015-02-04T15:02:50Z</date>
            </item>
          </activities>
          <name>Foreign Affairs Committee</name>
          <subcommittees />
          <chamber>House</chamber>
          <type>Standing</type>
          <systemCode>hsfa00</systemCode>
        </item>
      </billCommittees>
    </committees>
    <laws />
    <subjects>
      <billSubjects>
        <legislativeSubjects>
          <item>
            <name>Athletes</name>
          </item>
          <item>
            <name>Caribbean area</name>
          </item>
          <item>
            <name>Cuba</name>
          </item>
          <item>
            <name>Foreign aid and international relief</name>
          </item>
          <item>
            <name>Foreign labor</name>
          </item>
          <item>
            <name>Immigration status and procedures</name>
          </item>
          <item>
            <name>Latin America</name>
          </item>
          <item>
            <name>Professional sports</name>
          </item>
          <item>
            <name>Sanctions</name>
          </item>
          <item>
            <name>Trade restrictions</name>
          </item>
          <item>
            <name>Travel and tourism</name>
          </item>
          <item>
            <name>Visas and passports</name>
          </item>
          <item>
            <name>Wages and earnings</name>
          </item>
        </legislativeSubjects>
        <policyArea>
          <name>International Affairs</name>
        </policyArea>
      </billSubjects>
    </subjects>
    <notes />
    <committeeReports />
    <actions>
      <actionTypeCounts>
        <placeholderTextForH>1</placeholderTextForH>
        <billReferrals>2</billReferrals>
        <introducedInTheHouse>1</introducedInTheHouse>
        <introducedInHouse>1</introducedInHouse>
        <billReferralsAggregate>1</billReferralsAggregate>
      </actionTypeCounts>
      <item>
        <actionDate>2015-03-16</actionDate>
        <committee>
          <name>Immigration and Border Security Subcommittee</name>
          <systemCode>hsju01</systemCode>
        </committee>
        <links />
        <sourceSystem>
          <code>1</code>
          <name>House committee actions</name>
        </sourceSystem>
        <text>Referred to the Subcommittee on Immigration and Border Security.</text>
        <type>Committee</type>
      </item>
      <item>
        <actionDate>2015-02-04</actionDate>
        <sourceSystem>
          <code>2</code>
          <name>House floor actions</name>
        </sourceSystem>
        <text>Referred to House Judiciary</text>
        <type>IntroReferral</type>
        <links />
        <actionCode>H11100</actionCode>
        <committee>
          <name>Judiciary Committee</name>
          <systemCode>hsju00</systemCode>
        </committee>
      </item>
      <item>
        <actionDate>2015-02-04</actionDate>
        <sourceSystem>
          <code>9</code>
          <name>Library of Congress</name>
        </sourceSystem>
        <text>Referred to the Committee on Foreign Affairs, and in addition to the Committee on the Judiciary, for a period to be subsequently determined by the Speaker, in each case for consideration of such provisions as fall within the jurisdiction of the committee concerned.</text>
        <type>IntroReferral</type>
        <links />
        <actionCode>H11100-A</actionCode>
        <committee />
      </item>
      <item>
        <actionDate>2015-02-04</actionDate>
        <sourceSystem>
          <code>2</code>
          <name>House floor actions</name>
        </sourceSystem>
        <text>Referred to House Foreign Affairs</text>
        <type>IntroReferral</type>
        <links />
        <actionCode>H11100</actionCode>
        <committee>
          <name>Foreign Affairs Committee</name>
          <systemCode>hsfa00</systemCode>
        </committee>
      </item>
      <item>
        <actionDate>2015-02-04</actionDate>
        <sourceSystem>
          <code>9</code>
          <name>Library of Congress</name>
        </sourceSystem>
        <text>Introduced in House</text>
        <type>IntroReferral</type>
        <links />
        <actionCode>Intro-H</actionCode>
        <committee />
      </item>
      <item>
        <actionDate>2015-02-04</actionDate>
        <sourceSystem>
          <code>9</code>
          <name>Library of Congress</name>
        </sourceSystem>
        <text>Introduced in House</text>
        <type>IntroReferral</type>
        <links />
        <actionCode>1000</actionCode>
        <committee />
      </item>
      <actionByCounts>
        <houseOfRepresentatives>6</houseOfRepresentatives>
      </actionByCounts>
    </actions>
    <calendarNumbers />
    <latestAction>
      <links />
      <actionDate>2015-03-16</actionDate>
      <text>Referred to the Subcommittee on Immigration and Border Security.</text>
    </latestAction>
    <titles>
      <item>
        <titleType>Short Titles as Introduced</titleType>
        <parentTitleType />
        <title>Baseball Diplomacy Act</title>
        <chamberName />
        <chamberCode />
      </item>
      <item>
        <titleType>Official Title as Introduced</titleType>
        <parentTitleType />
        <title>To waive certain prohibitions with respect to nationals of Cuba coming to the United States to play organized professional baseball.</title>
        <chamberName />
        <chamberCode />
      </item>
      <item>
        <titleType>Display Title</titleType>
        <parentTitleType />
        <title>Baseball Diplomacy Act</title>
        <chamberName />
        <chamberCode />
      </item>
    </titles>
    <summaries>
      <billSummaries>
        <item>
          <versionCode>00</versionCode>
          <actionDate>2015-02-04</actionDate>
          <text><![CDATA[<p><b>Baseball Diplomacy Act</b></p> <p> Waives certain foreign assistance and trade and travel prohibitions against Cuba under specified federal law regarding Cuban nationals who: (1) enter the United States on a visa to play organized professional baseball, and (2) return to Cuba with their baseball earnings. States that such visa shall be valid only for the duration of the season and need not be renewed as long as the player remains with the same team.</p> <p>Prohibits the President from denying visas to such nationals based upon authority under the Immigration and Nationality Act to restrict any entry of aliens or class of aliens that would be detrimental to U.S. interests. </p> <p>Declares that this Act shall not be affected by the economic embargo requirements against Cuba under the Cuban Liberty and Democratic Solidarity (LIBERTAD) Act of 1996. </p>]]></text>
          <name>Introduced in House</name>
          <lastSummaryUpdateDate>2015-02-24T22:50:30Z</lastSummaryUpdateDate>
          <updateDate>2015-02-04T05:00:00Z</updateDate>
          <actionDesc>Introduced in House</actionDesc>
        </item>
      </billSummaries>
    </summaries>
    <constitutionalAuthorityStatementText><![CDATA[<pre>From the Congressional Record Online through the Government Publishing Office [<a href='http://www.gpo.gov'>www.gpo.gov</a>]By Mr. SERRANO:H.R. 738.Congress has the power to enact this legislation pursuantto the following:Article I, Section 8, Clause 3, which gives Congress thepower ``To regulate Commerce with foreign Nations.''Article I, Section 8, Clause 4, which gives Congress thepower ``To establish an uniform Rule of Naturalization.''Article I, Section 8, Clause 18, which gives Congress thepower ``To make all Laws which shall be necessary and properfor carrying into Execution the foregoing Powers.''[Page H813]</pre>]]></constitutionalAuthorityStatementText>
    <createDate>2015-02-05T04:56:24Z</createDate>
    <sponsors>
      <item>
        <state>NY</state>
        <fullName>Rep. Serrano, Jose E. [D-NY-15]</fullName>
        <middleName>E.</middleName>
        <identifiers>
          <bioguideId>S000248</bioguideId>
          <gpoId>8077</gpoId>
          <lisID>1042</lisID>
        </identifiers>
        <firstName>JOSE</firstName>
        <lastName>SERRANO</lastName>
        <bioguideId>S000248</bioguideId>
        <district>15</district>
        <byRequestType />
        <party>D</party>
      </item>
    </sponsors>
    <cosponsors>
      <item>
        <fullName>Rep. Rangel, Charles B. [D-NY-13]</fullName>
        <lastName>RANGEL</lastName>
        <state>NY</state>
        <identifiers>
          <gpoId>8076</gpoId>
          <lisID>944</lisID>
          <bioguideId>R000053</bioguideId>
        </identifiers>
        <bioguideId>R000053</bioguideId>
        <sponsorshipDate>2015-02-04</sponsorshipDate>
        <middleName>B.</middleName>
        <isOriginalCosponsor>True</isOriginalCosponsor>
        <party>D</party>
        <firstName>CHARLES</firstName>
        <district>13</district>
        <sponsorshipWithdrawnDate />
      </item>
      <item>
        <fullName>Rep. Meeks, Gregory W. [D-NY-5]</fullName>
        <lastName>MEEKS</lastName>
        <state>NY</state>
        <identifiers>
          <gpoId>8067</gpoId>
          <lisID>1506</lisID>
          <bioguideId>M001137</bioguideId>
        </identifiers>
        <bioguideId>M001137</bioguideId>
        <sponsorshipDate>2015-03-06</sponsorshipDate>
        <middleName>W.</middleName>
        <isOriginalCosponsor>False</isOriginalCosponsor>
        <party>D</party>
        <firstName>GREGORY</firstName>
        <district>5</district>
        <sponsorshipWithdrawnDate />
      </item>
      <item>
        <fullName>Rep. Polis, Jared [D-CO-2]</fullName>
        <lastName>Polis</lastName>
        <state>CO</state>
        <identifiers>
          <bioguideId>P000598</bioguideId>
          <gpoId>7860</gpoId>
          <lisID>1910</lisID>
        </identifiers>
        <bioguideId>P000598</bioguideId>
        <sponsorshipDate>2015-03-06</sponsorshipDate>
        <middleName />
        <isOriginalCosponsor>False</isOriginalCosponsor>
        <party>D</party>
        <firstName>Jared</firstName>
        <district>2</district>
        <sponsorshipWithdrawnDate />
      </item>
      <item>
        <fullName>Rep. McCollum, Betty [D-MN-4]</fullName>
        <lastName>MCCOLLUM</lastName>
        <state>MN</state>
        <identifiers>
          <lisID>1653</lisID>
          <gpoId>8004</gpoId>
          <bioguideId>M001143</bioguideId>
        </identifiers>
        <bioguideId>M001143</bioguideId>
        <sponsorshipDate>2015-03-06</sponsorshipDate>
        <middleName />
        <isOriginalCosponsor>False</isOriginalCosponsor>
        <party>D</party>
        <firstName>BETTY</firstName>
        <district>4</district>
        <sponsorshipWithdrawnDate />
      </item>
      <item>
        <fullName>Rep. McDermott, Jim [D-WA-7]</fullName>
        <lastName>MCDERMOTT</lastName>
        <state>WA</state>
        <identifiers>
          <lisID>766</lisID>
          <bioguideId>M000404</bioguideId>
          <gpoId>8211</gpoId>
        </identifiers>
        <bioguideId>M000404</bioguideId>
        <sponsorshipDate>2015-03-06</sponsorshipDate>
        <middleName />
        <isOriginalCosponsor>False</isOriginalCosponsor>
        <party>D</party>
        <firstName>JIM</firstName>
        <district>7</district>
        <sponsorshipWithdrawnDate />
      </item>
      <item>
        <fullName>Rep. Cohen, Steve [D-TN-9]</fullName>
        <lastName>Cohen</lastName>
        <state>TN</state>
        <identifiers>
          <lisID>1878</lisID>
          <bioguideId>C001068</bioguideId>
          <gpoId>8156</gpoId>
        </identifiers>
        <bioguideId>C001068</bioguideId>
        <sponsorshipDate>2015-03-06</sponsorshipDate>
        <middleName />
        <isOriginalCosponsor>False</isOriginalCosponsor>
        <party>D</party>
        <firstName>Steve</firstName>
        <district>9</district>
        <sponsorshipWithdrawnDate />
      </item>
      <item>
        <fullName>Rep. McGovern, James P. [D-MA-2]</fullName>
        <lastName>MCGOVERN</lastName>
        <state>MA</state>
        <identifiers>
          <gpoId>7968</gpoId>
          <lisID>1504</lisID>
          <bioguideId>M000312</bioguideId>
        </identifiers>
        <bioguideId>M000312</bioguideId>
        <sponsorshipDate>2015-03-06</sponsorshipDate>
        <middleName>P.</middleName>
        <isOriginalCosponsor>False</isOriginalCosponsor>
        <party>D</party>
        <firstName>JAMES</firstName>
        <district>2</district>
        <sponsorshipWithdrawnDate />
      </item>
      <item>
        <fullName>Rep. Grijalva, Raul M. [D-AZ-3]</fullName>
        <lastName>Grijalva</lastName>
        <state>AZ</state>
        <identifiers>
          <bioguideId>G000551</bioguideId>
          <lisID>1708</lisID>
          <gpoId>7804</gpoId>
        </identifiers>
        <bioguideId>G000551</bioguideId>
        <sponsorshipDate>2015-03-26</sponsorshipDate>
        <middleName>M.</middleName>
        <isOriginalCosponsor>False</isOriginalCosponsor>
        <party>D</party>
        <firstName>Raul</firstName>
        <district>3</district>
        <sponsorshipWithdrawnDate />
      </item>
      <item>
        <fullName>Rep. Farr, Sam [D-CA-20]</fullName>
        <lastName>FARR</lastName>
        <state>CA</state>
        <identifiers>
          <bioguideId>F000030</bioguideId>
          <lisID>368</lisID>
          <gpoId>7822</gpoId>
        </identifiers>
        <bioguideId>F000030</bioguideId>
        <sponsorshipDate>2015-03-26</sponsorshipDate>
        <middleName />
        <isOriginalCosponsor>False</isOriginalCosponsor>
        <party>D</party>
        <firstName>SAM</firstName>
        <district>20</district>
        <sponsorshipWithdrawnDate />
      </item>
      <item>
        <fullName>Rep. Waters, Maxine [D-CA-43]</fullName>
        <lastName>WATERS</lastName>
        <state>CA</state>
        <identifiers>
          <lisID>1205</lisID>
          <gpoId>7840</gpoId>
          <bioguideId>W000187</bioguideId>
        </identifiers>
        <bioguideId>W000187</bioguideId>
        <sponsorshipDate>2015-03-26</sponsorshipDate>
        <middleName />
        <isOriginalCosponsor>False</isOriginalCosponsor>
        <party>D</party>
        <firstName>MAXINE</firstName>
        <district>43</district>
        <sponsorshipWithdrawnDate />
      </item>
      <item>
        <fullName>Rep. Lee, Barbara [D-CA-13]</fullName>
        <lastName>LEE</lastName>
        <state>CA</state>
        <identifiers>
          <bioguideId>L000551</bioguideId>
          <gpoId>7814</gpoId>
          <lisID>1501</lisID>
        </identifiers>
        <bioguideId>L000551</bioguideId>
        <sponsorshipDate>2015-04-21</sponsorshipDate>
        <middleName />
        <isOriginalCosponsor>False</isOriginalCosponsor>
        <party>D</party>
        <firstName>BARBARA</firstName>
        <district>13</district>
        <sponsorshipWithdrawnDate />
      </item>
      <item>
        <fullName>Rep. Pingree, Chellie [D-ME-1]</fullName>
        <lastName>Pingree</lastName>
        <state>ME</state>
        <identifiers>
          <bioguideId>P000597</bioguideId>
          <lisID>1927</lisID>
          <gpoId>7984</gpoId>
        </identifiers>
        <bioguideId>P000597</bioguideId>
        <sponsorshipDate>2015-04-21</sponsorshipDate>
        <middleName />
        <isOriginalCosponsor>False</isOriginalCosponsor>
        <party>D</party>
        <firstName>Chellie</firstName>
        <district>1</district>
        <sponsorshipWithdrawnDate />
      </item>
      <item>
        <fullName>Rep. Conyers, John, Jr. [D-MI-13]</fullName>
        <lastName>CONYERS</lastName>
        <state>MI</state>
        <identifiers>
          <lisID>229</lisID>
          <bioguideId>C000714</bioguideId>
          <gpoId>7999</gpoId>
        </identifiers>
        <bioguideId>C000714</bioguideId>
        <sponsorshipDate>2015-04-21</sponsorshipDate>
        <middleName />
        <isOriginalCosponsor>False</isOriginalCosponsor>
        <party>D</party>
        <firstName>JOHN</firstName>
        <district>13</district>
        <sponsorshipWithdrawnDate />
      </item>
      <item>
        <fullName>Rep. Scott, David [D-GA-13]</fullName>
        <lastName>Scott</lastName>
        <state>GA</state>
        <identifiers>
          <lisID>1722</lisID>
          <bioguideId>S001157</bioguideId>
          <gpoId>7910</gpoId>
        </identifiers>
        <bioguideId>S001157</bioguideId>
        <sponsorshipDate>2015-04-30</sponsorshipDate>
        <middleName />
        <isOriginalCosponsor>False</isOriginalCosponsor>
        <party>D</party>
        <firstName>David</firstName>
        <district>13</district>
        <sponsorshipWithdrawnDate />
      </item>
      <item>
        <fullName>Rep. Perlmutter, Ed [D-CO-7]</fullName>
        <lastName>Perlmutter</lastName>
        <state>CO</state>
        <identifiers>
          <gpoId>7865</gpoId>
          <lisID>1835</lisID>
          <bioguideId>P000593</bioguideId>
        </identifiers>
        <bioguideId>P000593</bioguideId>
        <sponsorshipDate>2016-05-26</sponsorshipDate>
        <middleName />
        <isOriginalCosponsor>False</isOriginalCosponsor>
        <party>D</party>
        <firstName>Ed</firstName>
        <district>7</district>
        <sponsorshipWithdrawnDate />
      </item>
    </cosponsors>
  </bill>
  <dublinCore xmlns:dc="http://purl.org/dc/elements/1.1/">
    <dc:format>text/xml</dc:format>
    <dc:language>EN</dc:language>
    <dc:rights>Pursuant to Title 17 Section 105 of the United States Code, this file is not subject to copyright protection and is in the public domain.</dc:rights>
    <dc:contributor>Congressional Research Service, Library of Congress</dc:contributor>
    <dc:description>This file contains bill summaries and statuses for federal legislation. A bill summary describes the most significant provisions of a piece of legislation and details the effects the legislative text may have on current law and federal programs. Bill summaries are authored by the Congressional Research Service (CRS) of the Library of Congress. As stated in Public Law 91-510 (2 USC 166 (d)(6)), one of the duties of CRS is "to prepare summaries and digests of bills and resolutions of a public general nature introduced in the Senate or House of Representatives". For more information, refer to the User Guide that accompanies this file.</dc:description>
  </dublinCore>
</billStatus>

