<?xml version="1.0" encoding="UTF-8"?>
<billStatus>
  <bill>
    <policyArea>
      <name>Finance and Financial Sector</name>
    </policyArea>
    <constitutionalAuthorityStatementText><![CDATA[<pre>From the Congressional Record Online through the Government Publishing Office [<a href='http://www.gpo.gov'>www.gpo.gov</a>]By Ms. MATSUI:H.R. 947.Congress has the power to enact this legislation pursuantto the following:Article 1, Section 8, Clause 3[Page H1037]</pre>]]></constitutionalAuthorityStatementText>
    <sponsors>
      <item>
        <identifiers>
          <gpoId>7810</gpoId>
          <lisID>1814</lisID>
          <bioguideId>M001163</bioguideId>
        </identifiers>
        <district>6</district>
        <byRequestType />
        <fullName>Rep. Matsui, Doris O. [D-CA-6]</fullName>
        <firstName>Doris</firstName>
        <state>CA</state>
        <bioguideId>M001163</bioguideId>
        <middleName>O.</middleName>
        <party>D</party>
        <lastName>Matsui</lastName>
      </item>
    </sponsors>
    <committeeReports />
    <titles>
      <item>
        <chamberCode />
        <chamberName />
        <title>Fire-Damaged Home Rebuilding Act of 2015</title>
        <parentTitleType />
        <titleType>Short Titles as Introduced</titleType>
      </item>
      <item>
        <chamberCode />
        <chamberName />
        <title>To amend the National Flood Insurance Act of 1968 to allow the rebuilding, without elevation, of certain structures that are located in areas having special flood hazards and are substantially damaged by fire, and for other purposes.</title>
        <parentTitleType />
        <titleType>Official Title as Introduced</titleType>
      </item>
      <item>
        <chamberCode />
        <chamberName />
        <title>Fire-Damaged Home Rebuilding Act of 2015</title>
        <parentTitleType />
        <titleType>Display Title</titleType>
      </item>
    </titles>
    <laws />
    <createDate>2015-02-13T06:14:12Z</createDate>
    <recordedVotes />
    <billNumber>947</billNumber>
    <originChamber>House</originChamber>
    <committees>
      <billCommittees>
        <item>
          <systemCode>hsba00</systemCode>
          <name>Financial Services Committee</name>
          <activities>
            <item>
              <name>Referred to</name>
              <date>2015-02-12T15:05:35Z</date>
            </item>
          </activities>
          <type>Standing</type>
          <chamber>House</chamber>
          <subcommittees />
        </item>
      </billCommittees>
    </committees>
    <relatedBills>
      <item>
        <latestAction>
          <actionDate>2015-02-12</actionDate>
          <text>Read twice and referred to the Committee on Banking, Housing, and Urban Affairs. (Sponsor introductory remarks on measure: CR S986)</text>
        </latestAction>
        <number>487</number>
        <congress>114</congress>
        <type>S</type>
        <latestTitle>Fire-Damaged Home Rebuilding Act of 2015</latestTitle>
        <relationshipDetails>
          <item>
            <identifiedBy>CRS</identifiedBy>
            <type>Identical bill</type>
          </item>
        </relationshipDetails>
      </item>
    </relatedBills>
    <updateDate>2016-11-02T21:26:08Z</updateDate>
    <summaries>
      <billSummaries>
        <item>
          <versionCode>00</versionCode>
          <actionDate>2015-02-12</actionDate>
          <text><![CDATA[<p><b>Fire-Damaged Home Rebuilding Act of 2015</b></p> <p> Amends the National Flood Insurance Act of 1968 to allow local variances for certain residential structures substantially damaged by a fire or other disaster, not including a flood, in a covered area having special flood hazards.</p> <p>Permits state or local authorities, upon making certain determinations, to grant a variance from compliance with certain mandatory adequate land use and control measures to allow repair and restoration of an eligible structure to its pre-damaged condition without elevation of the structure.</p> <p>Includes among such determinations that: (1) the repaired and restored structure will be located on the same site as it was before being substantially damaged, and (2) the number of floors of the restored structure will not exceed the number of floors of the original structure. </p> <p>Restricts the maximum number of such variances to 10 for a covered area during any calendar year. <p>Prohibits the Administrator of the Federal Emergency Management Agency from either: (1) finding that land use and control measures are inadequate or inconsistent with the comprehensive criteria for land management and use because they permit granting the variances identified under this Act; or (2) suspending an area or subdivision from participation in the national flood insurance program, or placing it on probation, because its land use and control measures provide for such variances. <p>Prohibits the chargeable flood insurance premium rate for a residential structure granted a variance under this Act from being lower than the rate that otherwise would apply if such structure had not been substantially damaged by a fire or other disaster (except a flood) and repaired and restored pursuant to the variance.</p>]]></text>
          <name>Introduced in House</name>
          <lastSummaryUpdateDate>2015-03-06T19:16:12Z</lastSummaryUpdateDate>
          <updateDate>2015-02-12T05:00:00Z</updateDate>
          <actionDesc>Introduced in House</actionDesc>
        </item>
      </billSummaries>
    </summaries>
    <congress>114</congress>
    <title>Fire-Damaged Home Rebuilding Act of 2015</title>
    <calendarNumbers />
    <actions>
      <actionTypeCounts>
        <introducedInHouse>1</introducedInHouse>
        <billReferrals>1</billReferrals>
        <introducedInTheHouse>1</introducedInTheHouse>
      </actionTypeCounts>
      <actionByCounts>
        <houseOfRepresentatives>3</houseOfRepresentatives>
      </actionByCounts>
      <item>
        <actionCode>H11100</actionCode>
        <actionDate>2015-02-12</actionDate>
        <text>Referred to the House Committee on Financial Services.</text>
        <committee>
          <systemCode>hsba00</systemCode>
          <name>Financial Services Committee</name>
        </committee>
        <type>IntroReferral</type>
        <links />
        <sourceSystem>
          <name>House floor actions</name>
          <code>2</code>
        </sourceSystem>
      </item>
      <item>
        <actionCode>Intro-H</actionCode>
        <actionDate>2015-02-12</actionDate>
        <text>Introduced in House</text>
        <committee />
        <type>IntroReferral</type>
        <links />
        <sourceSystem>
          <name>Library of Congress</name>
          <code>9</code>
        </sourceSystem>
      </item>
      <item>
        <actionCode>1000</actionCode>
        <actionDate>2015-02-12</actionDate>
        <text>Introduced in House</text>
        <committee />
        <type>IntroReferral</type>
        <links />
        <sourceSystem>
          <name>Library of Congress</name>
          <code>9</code>
        </sourceSystem>
      </item>
    </actions>
    <amendments />
    <cboCostEstimates />
    <introducedDate>2015-02-12</introducedDate>
    <latestAction>
      <text>Referred to the House Committee on Financial Services.</text>
      <actionDate>2015-02-12</actionDate>
      <links />
    </latestAction>
    <subjects>
      <billSubjects>
        <legislativeSubjects>
          <item>
            <name>Administrative remedies</name>
          </item>
          <item>
            <name>Disaster relief and insurance</name>
          </item>
          <item>
            <name>Fires</name>
          </item>
          <item>
            <name>Floods and storm protection</name>
          </item>
          <item>
            <name>Land use and conservation</name>
          </item>
          <item>
            <name>Residential rehabilitation and home repair</name>
          </item>
          <item>
            <name>State and local government operations</name>
          </item>
        </legislativeSubjects>
        <policyArea>
          <name>Finance and Financial Sector</name>
        </policyArea>
      </billSubjects>
    </subjects>
    <cosponsors>
      <item>
        <firstName>Jerry</firstName>
        <sponsorshipWithdrawnDate />
        <identifiers>
          <bioguideId>M001166</bioguideId>
          <lisID>1832</lisID>
          <gpoId>7816</gpoId>
        </identifiers>
        <party>D</party>
        <isOriginalCosponsor>True</isOriginalCosponsor>
        <fullName>Rep. McNerney, Jerry [D-CA-9]</fullName>
        <middleName />
        <sponsorshipDate>2015-02-12</sponsorshipDate>
        <bioguideId>M001166</bioguideId>
        <district>9</district>
        <state>CA</state>
        <lastName>McNerney</lastName>
      </item>
    </cosponsors>
    <notes />
    <billType>HR</billType>
  </bill>
  <dublinCore xmlns:dc="http://purl.org/dc/elements/1.1/">
    <dc:format>text/xml</dc:format>
    <dc:language>EN</dc:language>
    <dc:rights>Pursuant to Title 17 Section 105 of the United States Code, this file is not subject to copyright protection and is in the public domain.</dc:rights>
    <dc:contributor>Congressional Research Service, Library of Congress</dc:contributor>
    <dc:description>This file contains bill summaries and statuses for federal legislation. A bill summary describes the most significant provisions of a piece of legislation and details the effects the legislative text may have on current law and federal programs. Bill summaries are authored by the Congressional Research Service (CRS) of the Library of Congress. As stated in Public Law 91-510 (2 USC 166 (d)(6)), one of the duties of CRS is "to prepare summaries and digests of bills and resolutions of a public general nature introduced in the Senate or House of Representatives". For more information, refer to the User Guide that accompanies this file.</dc:description>
  </dublinCore>
</billStatus>

