<?xml version="1.0" encoding="UTF-8"?>
<billStatus>
  <bill>
    <policyArea>
      <name>Armed Forces and National Security</name>
    </policyArea>
    <constitutionalAuthorityStatementText />
    <sponsors>
      <item>
        <identifiers>
          <bioguideId>L000566</bioguideId>
          <gpoId>8095</gpoId>
          <lisID>1885</lisID>
        </identifiers>
        <district>5</district>
        <byRequestType />
        <fullName>Rep. Latta, Robert E. [R-OH-5]</fullName>
        <firstName>Robert</firstName>
        <state>OH</state>
        <bioguideId>L000566</bioguideId>
        <middleName>E.</middleName>
        <party>R</party>
        <lastName>Latta</lastName>
      </item>
    </sponsors>
    <committeeReports />
    <titles>
      <item>
        <title>Veterans Air Travel Streamlining Act of 2015</title>
        <chamberName />
        <chamberCode />
        <titleType>Short Titles as Introduced</titleType>
        <parentTitleType />
      </item>
      <item>
        <title>To waive the application fee for veterans with a service-connected disability rated at 50 percent or more who apply to participate in the Transportation Security Administration's PreCheck program, and for other purposes.</title>
        <chamberName />
        <chamberCode />
        <titleType>Official Title as Introduced</titleType>
        <parentTitleType />
      </item>
      <item>
        <title>Veterans Air Travel Streamlining Act of 2015</title>
        <chamberName />
        <chamberCode />
        <titleType>Display Title</titleType>
        <parentTitleType />
      </item>
    </titles>
    <laws />
    <createDate>2015-02-14T04:46:17Z</createDate>
    <recordedVotes />
    <billNumber>992</billNumber>
    <originChamber>House</originChamber>
    <committees>
      <billCommittees>
        <item>
          <systemCode>hshm00</systemCode>
          <name>Homeland Security Committee</name>
          <activities>
            <item>
              <name>Referred to</name>
              <date>2015-02-13T14:06:50Z</date>
            </item>
          </activities>
          <type>Standing</type>
          <chamber>House</chamber>
          <subcommittees>
            <item>
              <systemCode>hshm07</systemCode>
              <name>Transportation Security Subcommittee</name>
              <activities>
                <item>
                  <name>Referred to</name>
                  <date>2015-03-12T15:06:11Z</date>
                </item>
              </activities>
            </item>
          </subcommittees>
        </item>
        <item>
          <systemCode>hsvr00</systemCode>
          <name>Veterans' Affairs Committee</name>
          <activities>
            <item>
              <name>Referred to</name>
              <date>2015-02-13T14:07:00Z</date>
            </item>
          </activities>
          <type>Standing</type>
          <chamber>House</chamber>
          <subcommittees>
            <item>
              <systemCode>hsvr09</systemCode>
              <name>Disability Assistance and Memorial Affairs Subcommittee</name>
              <activities>
                <item>
                  <name>Referred to</name>
                  <date>2015-03-06T21:58:49Z</date>
                </item>
              </activities>
            </item>
          </subcommittees>
        </item>
      </billCommittees>
    </committees>
    <relatedBills />
    <updateDate>2016-11-02T21:26:24Z</updateDate>
    <summaries>
      <billSummaries>
        <item>
          <versionCode>00</versionCode>
          <actionDate>2015-02-13</actionDate>
          <text><![CDATA[<p><strong>Veterans Air Travel Streamlining Act of 2015</strong></p> <p>Requires: (1) the Administrator of the Transportation Security Administration (TSA) to waive the application fee for veterans with a service-connected disability rated at 50% or more who apply to participate in TSA's Pre-check program, and (2) the Administrator and the Secretary of Veterans Affairs to establish a system to verify such a veteran's disability rating and whether such veteran's disability is service-connected.</p>]]></text>
          <lastSummaryUpdateDate>2015-03-09T20:02:46Z</lastSummaryUpdateDate>
          <actionDesc>Introduced in House</actionDesc>
          <name>Introduced in House</name>
          <updateDate>2015-02-13T05:00:00Z</updateDate>
        </item>
      </billSummaries>
    </summaries>
    <congress>114</congress>
    <title>Veterans Air Travel Streamlining Act of 2015</title>
    <calendarNumbers />
    <actions>
      <actionByCounts>
        <houseOfRepresentatives>7</houseOfRepresentatives>
      </actionByCounts>
      <item>
        <actionDate>2015-03-12</actionDate>
        <committee>
          <name>Transportation Security Subcommittee</name>
          <systemCode>hshm07</systemCode>
        </committee>
        <links />
        <sourceSystem>
          <name>House committee actions</name>
          <code>1</code>
        </sourceSystem>
        <text>Referred to the Subcommittee on Transportation Security.</text>
        <type>Committee</type>
      </item>
      <item>
        <actionDate>2015-03-06</actionDate>
        <committee>
          <name>Disability Assistance and Memorial Affairs Subcommittee</name>
          <systemCode>hsvr09</systemCode>
        </committee>
        <links />
        <sourceSystem>
          <name>House committee actions</name>
          <code>1</code>
        </sourceSystem>
        <text>Referred to the Subcommittee on Disability Assistance and Memorial Affairs.</text>
        <type>Committee</type>
      </item>
      <item>
        <actionDate>2015-02-13</actionDate>
        <actionCode>H11100</actionCode>
        <sourceSystem>
          <name>House floor actions</name>
          <code>2</code>
        </sourceSystem>
        <links />
        <committee>
          <name>Veterans' Affairs Committee</name>
          <systemCode>hsvr00</systemCode>
        </committee>
        <text>Referred to House Veterans' Affairs</text>
        <type>IntroReferral</type>
      </item>
      <item>
        <actionDate>2015-02-13</actionDate>
        <actionCode>H11100-A</actionCode>
        <sourceSystem>
          <name>Library of Congress</name>
          <code>9</code>
        </sourceSystem>
        <links />
        <committee />
        <text>Referred to the Committee on Homeland Security, and in addition to the Committee on Veterans' Affairs, for a period to be subsequently determined by the Speaker, in each case for consideration of such provisions as fall within the jurisdiction of the committee concerned.</text>
        <type>IntroReferral</type>
      </item>
      <item>
        <actionDate>2015-02-13</actionDate>
        <actionCode>H11100</actionCode>
        <sourceSystem>
          <name>House floor actions</name>
          <code>2</code>
        </sourceSystem>
        <links />
        <committee>
          <name>Homeland Security Committee</name>
          <systemCode>hshm00</systemCode>
        </committee>
        <text>Referred to House Homeland Security</text>
        <type>IntroReferral</type>
      </item>
      <item>
        <actionDate>2015-02-13</actionDate>
        <actionCode>Intro-H</actionCode>
        <sourceSystem>
          <name>Library of Congress</name>
          <code>9</code>
        </sourceSystem>
        <links />
        <committee />
        <text>Introduced in House</text>
        <type>IntroReferral</type>
      </item>
      <item>
        <actionDate>2015-02-13</actionDate>
        <actionCode>1000</actionCode>
        <sourceSystem>
          <name>Library of Congress</name>
          <code>9</code>
        </sourceSystem>
        <links />
        <committee />
        <text>Introduced in House</text>
        <type>IntroReferral</type>
      </item>
      <actionTypeCounts>
        <billReferralsAggregate>1</billReferralsAggregate>
        <placeholderTextForH>2</placeholderTextForH>
        <billReferrals>2</billReferrals>
        <introducedInTheHouse>1</introducedInTheHouse>
        <introducedInHouse>1</introducedInHouse>
      </actionTypeCounts>
    </actions>
    <amendments />
    <cboCostEstimates />
    <introducedDate>2015-02-13</introducedDate>
    <latestAction>
      <text>Referred to the Subcommittee on Transportation Security.</text>
      <actionDate>2015-03-12</actionDate>
      <links />
    </latestAction>
    <subjects>
      <billSubjects>
        <legislativeSubjects>
          <item>
            <name>Aviation and airports</name>
          </item>
          <item>
            <name>Disability and paralysis</name>
          </item>
          <item>
            <name>Disability assistance</name>
          </item>
          <item>
            <name>Terrorism</name>
          </item>
          <item>
            <name>Transportation safety and security</name>
          </item>
          <item>
            <name>User charges and fees</name>
          </item>
          <item>
            <name>Veterans' pensions and compensation</name>
          </item>
        </legislativeSubjects>
        <policyArea>
          <name>Armed Forces and National Security</name>
        </policyArea>
      </billSubjects>
    </subjects>
    <cosponsors>
      <item>
        <fullName>Rep. Johnson, Bill [R-OH-6]</fullName>
        <lastName>Johnson</lastName>
        <state>OH</state>
        <identifiers>
          <bioguideId>J000292</bioguideId>
          <lisID>2046</lisID>
          <gpoId>8096</gpoId>
        </identifiers>
        <bioguideId>J000292</bioguideId>
        <sponsorshipDate>2015-02-13</sponsorshipDate>
        <middleName />
        <isOriginalCosponsor>True</isOriginalCosponsor>
        <party>R</party>
        <firstName>Bill</firstName>
        <district>6</district>
        <sponsorshipWithdrawnDate />
      </item>
    </cosponsors>
    <notes />
    <billType>HR</billType>
  </bill>
  <dublinCore xmlns:dc="http://purl.org/dc/elements/1.1/">
    <dc:format>text/xml</dc:format>
    <dc:language>EN</dc:language>
    <dc:rights>Pursuant to Title 17 Section 105 of the United States Code, this file is not subject to copyright protection and is in the public domain.</dc:rights>
    <dc:contributor>Congressional Research Service, Library of Congress</dc:contributor>
    <dc:description>This file contains bill summaries and statuses for federal legislation. A bill summary describes the most significant provisions of a piece of legislation and details the effects the legislative text may have on current law and federal programs. Bill summaries are authored by the Congressional Research Service (CRS) of the Library of Congress. As stated in Public Law 91-510 (2 USC 166 (d)(6)), one of the duties of CRS is "to prepare summaries and digests of bills and resolutions of a public general nature introduced in the Senate or House of Representatives". For more information, refer to the User Guide that accompanies this file.</dc:description>
  </dublinCore>
</billStatus>

