<?xml version="1.0" encoding="UTF-8"?>
<billStatus>
  <bill>
    <committeeReports />
    <committees>
      <billCommittees>
        <item>
          <systemCode>hswm00</systemCode>
          <name>Ways and Means Committee</name>
          <activities>
            <item>
              <name>Referred to</name>
              <date>2015-02-25T15:01:50Z</date>
            </item>
          </activities>
          <type>Standing</type>
          <chamber>House</chamber>
          <subcommittees />
        </item>
      </billCommittees>
    </committees>
    <createDate>2015-02-26T06:14:49Z</createDate>
    <amendments />
    <policyArea>
      <name>Immigration</name>
    </policyArea>
    <sponsors>
      <item>
        <district>6</district>
        <firstName>Diane</firstName>
        <bioguideId>B001273</bioguideId>
        <identifiers>
          <bioguideId>B001273</bioguideId>
          <lisID>2063</lisID>
          <gpoId>8153</gpoId>
        </identifiers>
        <lastName>Black</lastName>
        <middleName />
        <byRequestType />
        <fullName>Rep. Black, Diane [R-TN-6]</fullName>
        <party>R</party>
        <state>TN</state>
      </item>
    </sponsors>
    <subjects>
      <billSubjects>
        <legislativeSubjects>
          <item>
            <name>Tariffs</name>
          </item>
        </legislativeSubjects>
        <policyArea>
          <name>Immigration</name>
        </policyArea>
      </billSubjects>
    </subjects>
    <notes />
    <cosponsors>
      <item>
        <state>MA</state>
        <fullName>Rep. Neal, Richard E. [D-MA-1]</fullName>
        <district>1</district>
        <sponsorshipWithdrawnDate />
        <party>D</party>
        <identifiers>
          <lisID>854</lisID>
          <gpoId>7967</gpoId>
          <bioguideId>N000015</bioguideId>
        </identifiers>
        <middleName>E.</middleName>
        <bioguideId>N000015</bioguideId>
        <firstName>RICHARD</firstName>
        <lastName>NEAL</lastName>
        <isOriginalCosponsor>True</isOriginalCosponsor>
        <sponsorshipDate>2015-02-25</sponsorshipDate>
      </item>
      <item>
        <state>PA</state>
        <fullName>Rep. Kelly, Mike [R-PA-3]</fullName>
        <district>3</district>
        <sponsorshipWithdrawnDate />
        <party>R</party>
        <identifiers>
          <lisID>2051</lisID>
          <gpoId>8708</gpoId>
          <bioguideId>K000376</bioguideId>
        </identifiers>
        <middleName />
        <bioguideId>K000376</bioguideId>
        <firstName>Mike</firstName>
        <lastName>Kelly</lastName>
        <isOriginalCosponsor>True</isOriginalCosponsor>
        <sponsorshipDate>2015-02-25</sponsorshipDate>
      </item>
      <item>
        <state>KS</state>
        <fullName>Rep. Jenkins, Lynn [R-KS-2]</fullName>
        <district>2</district>
        <sponsorshipWithdrawnDate />
        <party>R</party>
        <identifiers>
          <bioguideId>J000290</bioguideId>
          <gpoId>7950</gpoId>
          <lisID>1921</lisID>
        </identifiers>
        <middleName />
        <bioguideId>J000290</bioguideId>
        <firstName>Lynn</firstName>
        <lastName>Jenkins</lastName>
        <isOriginalCosponsor>True</isOriginalCosponsor>
        <sponsorshipDate>2015-02-25</sponsorshipDate>
      </item>
      <item>
        <state>OR</state>
        <fullName>Rep. Blumenauer, Earl [D-OR-3]</fullName>
        <district>3</district>
        <sponsorshipWithdrawnDate />
        <party>D</party>
        <identifiers>
          <gpoId>8116</gpoId>
          <lisID>99</lisID>
          <bioguideId>B000574</bioguideId>
        </identifiers>
        <middleName />
        <bioguideId>B000574</bioguideId>
        <firstName>EARL</firstName>
        <lastName>BLUMENAUER</lastName>
        <isOriginalCosponsor>True</isOriginalCosponsor>
        <sponsorshipDate>2015-02-25</sponsorshipDate>
      </item>
      <item>
        <state>TN</state>
        <fullName>Rep. Blackburn, Marsha [R-TN-7]</fullName>
        <district>7</district>
        <sponsorshipWithdrawnDate />
        <party>R</party>
        <identifiers>
          <gpoId>8154</gpoId>
          <lisID>1748</lisID>
          <bioguideId>B001243</bioguideId>
        </identifiers>
        <middleName />
        <bioguideId>B001243</bioguideId>
        <firstName>Marsha</firstName>
        <lastName>Blackburn</lastName>
        <isOriginalCosponsor>True</isOriginalCosponsor>
        <sponsorshipDate>2015-02-25</sponsorshipDate>
      </item>
      <item>
        <state>IL</state>
        <fullName>Rep. Schock, Aaron [R-IL-18]</fullName>
        <district>18</district>
        <sponsorshipWithdrawnDate />
        <party>R</party>
        <identifiers>
          <lisID>1920</lisID>
          <bioguideId>S001179</bioguideId>
          <gpoId>7938</gpoId>
        </identifiers>
        <middleName />
        <bioguideId>S001179</bioguideId>
        <firstName>Aaron</firstName>
        <lastName>Schock</lastName>
        <isOriginalCosponsor>True</isOriginalCosponsor>
        <sponsorshipDate>2015-02-25</sponsorshipDate>
      </item>
      <item>
        <state>IL</state>
        <fullName>Rep. Roskam, Peter J. [R-IL-6]</fullName>
        <district>6</district>
        <sponsorshipWithdrawnDate />
        <party>R</party>
        <identifiers>
          <bioguideId>R000580</bioguideId>
          <lisID>1848</lisID>
          <gpoId>7926</gpoId>
        </identifiers>
        <middleName>J.</middleName>
        <bioguideId>R000580</bioguideId>
        <firstName>Peter</firstName>
        <lastName>Roskam</lastName>
        <isOriginalCosponsor>True</isOriginalCosponsor>
        <sponsorshipDate>2015-02-25</sponsorshipDate>
      </item>
      <item>
        <state>MN</state>
        <fullName>Rep. Paulsen, Erik [R-MN-3]</fullName>
        <district>3</district>
        <sponsorshipWithdrawnDate />
        <party>R</party>
        <identifiers>
          <lisID>1930</lisID>
          <gpoId>8003</gpoId>
          <bioguideId>P000594</bioguideId>
        </identifiers>
        <middleName />
        <bioguideId>P000594</bioguideId>
        <firstName>Erik</firstName>
        <lastName>Paulsen</lastName>
        <isOriginalCosponsor>True</isOriginalCosponsor>
        <sponsorshipDate>2015-02-25</sponsorshipDate>
      </item>
      <item>
        <state>OH</state>
        <fullName>Rep. Renacci, James B. [R-OH-16]</fullName>
        <district>16</district>
        <sponsorshipWithdrawnDate />
        <party>R</party>
        <identifiers>
          <lisID>2048</lisID>
          <bioguideId>R000586</bioguideId>
          <gpoId>8106</gpoId>
        </identifiers>
        <middleName>B.</middleName>
        <bioguideId>R000586</bioguideId>
        <firstName>James</firstName>
        <lastName>Renacci</lastName>
        <isOriginalCosponsor>True</isOriginalCosponsor>
        <sponsorshipDate>2015-02-25</sponsorshipDate>
      </item>
      <item>
        <state>PA</state>
        <fullName>Rep. Meehan, Patrick [R-PA-7]</fullName>
        <district>7</district>
        <sponsorshipWithdrawnDate />
        <party>R</party>
        <identifiers>
          <bioguideId>M001181</bioguideId>
          <lisID>2052</lisID>
          <gpoId>8125</gpoId>
        </identifiers>
        <middleName />
        <bioguideId>M001181</bioguideId>
        <firstName>Patrick</firstName>
        <lastName>Meehan</lastName>
        <isOriginalCosponsor>True</isOriginalCosponsor>
        <sponsorshipDate>2015-02-25</sponsorshipDate>
      </item>
      <item>
        <state>CA</state>
        <fullName>Rep. Becerra, Xavier [D-CA-34]</fullName>
        <district>34</district>
        <sponsorshipWithdrawnDate />
        <party>D</party>
        <identifiers>
          <lisID>70</lisID>
          <gpoId>7836</gpoId>
          <bioguideId>B000287</bioguideId>
        </identifiers>
        <middleName />
        <bioguideId>B000287</bioguideId>
        <firstName>XAVIER</firstName>
        <lastName>BECERRA</lastName>
        <isOriginalCosponsor>True</isOriginalCosponsor>
        <sponsorshipDate>2015-02-25</sponsorshipDate>
      </item>
      <item>
        <state>CA</state>
        <fullName>Rep. Thompson, Mike [D-CA-5]</fullName>
        <district>5</district>
        <sponsorshipWithdrawnDate />
        <party>D</party>
        <identifiers>
          <bioguideId>T000460</bioguideId>
          <lisID>1593</lisID>
          <gpoId>7806</gpoId>
        </identifiers>
        <middleName />
        <bioguideId>T000460</bioguideId>
        <firstName>MIKE</firstName>
        <lastName>THOMPSON</lastName>
        <isOriginalCosponsor>False</isOriginalCosponsor>
        <sponsorshipDate>2015-02-26</sponsorshipDate>
      </item>
      <item>
        <state>CA</state>
        <fullName>Rep. Sanchez, Loretta [D-CA-46]</fullName>
        <district>46</district>
        <sponsorshipWithdrawnDate />
        <party>D</party>
        <identifiers>
          <lisID>1522</lisID>
          <gpoId>7852</gpoId>
          <bioguideId>S000030</bioguideId>
        </identifiers>
        <middleName />
        <bioguideId>S000030</bioguideId>
        <firstName>LORETTA</firstName>
        <lastName>SANCHEZ</lastName>
        <isOriginalCosponsor>False</isOriginalCosponsor>
        <sponsorshipDate>2015-02-26</sponsorshipDate>
      </item>
      <item>
        <state>TX</state>
        <fullName>Rep. Marchant, Kenny [R-TX-24]</fullName>
        <district>24</district>
        <sponsorshipWithdrawnDate />
        <party>R</party>
        <identifiers>
          <gpoId>8766</gpoId>
          <lisID>1806</lisID>
          <bioguideId>M001158</bioguideId>
        </identifiers>
        <middleName />
        <bioguideId>M001158</bioguideId>
        <firstName>Kenny</firstName>
        <lastName>Marchant</lastName>
        <isOriginalCosponsor>False</isOriginalCosponsor>
        <sponsorshipDate>2015-02-26</sponsorshipDate>
      </item>
      <item>
        <state>NY</state>
        <fullName>Rep. Reed, Tom [R-NY-23]</fullName>
        <district>23</district>
        <sponsorshipWithdrawnDate />
        <party>R</party>
        <identifiers>
          <bioguideId>R000585</bioguideId>
          <lisID>1982</lisID>
          <gpoId>8090</gpoId>
        </identifiers>
        <middleName />
        <bioguideId>R000585</bioguideId>
        <firstName>Tom</firstName>
        <lastName>Reed</lastName>
        <isOriginalCosponsor>False</isOriginalCosponsor>
        <sponsorshipDate>2015-03-02</sponsorshipDate>
      </item>
      <item>
        <state>OR</state>
        <fullName>Rep. Bonamici, Suzanne [D-OR-1]</fullName>
        <district>1</district>
        <sponsorshipWithdrawnDate />
        <party>D</party>
        <identifiers>
          <lisID>2092</lisID>
          <gpoId>8367</gpoId>
          <bioguideId>B001278</bioguideId>
        </identifiers>
        <middleName />
        <bioguideId>B001278</bioguideId>
        <firstName>Suzanne</firstName>
        <lastName>Bonamici</lastName>
        <isOriginalCosponsor>False</isOriginalCosponsor>
        <sponsorshipDate>2015-03-02</sponsorshipDate>
      </item>
      <item>
        <state>WA</state>
        <fullName>Rep. Reichert, David G. [R-WA-8]</fullName>
        <district>8</district>
        <sponsorshipWithdrawnDate />
        <party>R</party>
        <identifiers>
          <gpoId>8212</gpoId>
          <lisID>1810</lisID>
          <bioguideId>R000578</bioguideId>
        </identifiers>
        <middleName>G.</middleName>
        <bioguideId>R000578</bioguideId>
        <firstName>David</firstName>
        <lastName>Reichert</lastName>
        <isOriginalCosponsor>False</isOriginalCosponsor>
        <sponsorshipDate>2015-03-02</sponsorshipDate>
      </item>
      <item>
        <state>CT</state>
        <fullName>Rep. Larson, John B. [D-CT-1]</fullName>
        <district>1</district>
        <sponsorshipWithdrawnDate />
        <party>D</party>
        <identifiers>
          <bioguideId>L000557</bioguideId>
          <lisID>1583</lisID>
          <gpoId>7866</gpoId>
        </identifiers>
        <middleName>B.</middleName>
        <bioguideId>L000557</bioguideId>
        <firstName>JOHN</firstName>
        <lastName>LARSON</lastName>
        <isOriginalCosponsor>False</isOriginalCosponsor>
        <sponsorshipDate>2015-03-03</sponsorshipDate>
      </item>
      <item>
        <state>WI</state>
        <fullName>Rep. Kind, Ron [D-WI-3]</fullName>
        <district>3</district>
        <sponsorshipWithdrawnDate />
        <party>D</party>
        <identifiers>
          <lisID>1498</lisID>
          <gpoId>8216</gpoId>
          <bioguideId>K000188</bioguideId>
        </identifiers>
        <middleName />
        <bioguideId>K000188</bioguideId>
        <firstName>RON</firstName>
        <lastName>KIND</lastName>
        <isOriginalCosponsor>False</isOriginalCosponsor>
        <sponsorshipDate>2015-03-03</sponsorshipDate>
      </item>
      <item>
        <state>IN</state>
        <fullName>Rep. Messer, Luke [R-IN-6]</fullName>
        <district>6</district>
        <sponsorshipWithdrawnDate />
        <party>R</party>
        <identifiers>
          <lisID>2130</lisID>
          <gpoId />
          <bioguideId>M001189</bioguideId>
        </identifiers>
        <middleName />
        <bioguideId>M001189</bioguideId>
        <firstName>Luke</firstName>
        <lastName>Messer</lastName>
        <isOriginalCosponsor>False</isOriginalCosponsor>
        <sponsorshipDate>2015-03-16</sponsorshipDate>
      </item>
      <item>
        <state>WA</state>
        <fullName>Rep. McDermott, Jim [D-WA-7]</fullName>
        <district>7</district>
        <sponsorshipWithdrawnDate />
        <party>D</party>
        <identifiers>
          <lisID>766</lisID>
          <gpoId>8211</gpoId>
          <bioguideId>M000404</bioguideId>
        </identifiers>
        <middleName />
        <bioguideId>M000404</bioguideId>
        <firstName>JIM</firstName>
        <lastName>MCDERMOTT</lastName>
        <isOriginalCosponsor>False</isOriginalCosponsor>
        <sponsorshipDate>2015-04-21</sponsorshipDate>
      </item>
      <item>
        <state>CA</state>
        <fullName>Rep. Nunes, Devin [R-CA-22]</fullName>
        <district>22</district>
        <sponsorshipWithdrawnDate />
        <party>R</party>
        <identifiers>
          <lisID>1710</lisID>
          <gpoId>7826</gpoId>
          <bioguideId>N000181</bioguideId>
        </identifiers>
        <middleName />
        <bioguideId>N000181</bioguideId>
        <firstName>Devin</firstName>
        <lastName>Nunes</lastName>
        <isOriginalCosponsor>False</isOriginalCosponsor>
        <sponsorshipDate>2015-04-21</sponsorshipDate>
      </item>
      <item>
        <state>NE</state>
        <fullName>Rep. Smith, Adrian [R-NE-3]</fullName>
        <district>3</district>
        <sponsorshipWithdrawnDate />
        <party>R</party>
        <identifiers>
          <gpoId>8040</gpoId>
          <lisID>1860</lisID>
          <bioguideId>S001172</bioguideId>
        </identifiers>
        <middleName />
        <bioguideId>S001172</bioguideId>
        <firstName>Adrian</firstName>
        <lastName>Smith</lastName>
        <isOriginalCosponsor>False</isOriginalCosponsor>
        <sponsorshipDate>2015-04-21</sponsorshipDate>
      </item>
    </cosponsors>
    <title>ETEACH Act</title>
    <billNumber>1063</billNumber>
    <cboCostEstimates />
    <titles>
      <item>
        <parentTitleType />
        <chamberCode />
        <chamberName />
        <title>ETEACH Act</title>
        <titleType>Short Titles as Introduced</titleType>
      </item>
      <item>
        <parentTitleType />
        <chamberCode />
        <chamberName />
        <title>Elimination of Tariffs on Education for Children's Act</title>
        <titleType>Short Titles as Introduced</titleType>
      </item>
      <item>
        <parentTitleType />
        <chamberCode />
        <chamberName />
        <title>To amend the Harmonized Tariff Schedule of the United States to eliminate tariffs on technological goods providing educational value for children, and for other purposes.</title>
        <titleType>Official Title as Introduced</titleType>
      </item>
      <item>
        <parentTitleType />
        <chamberCode />
        <chamberName />
        <title>ETEACH Act</title>
        <titleType>Display Title</titleType>
      </item>
    </titles>
    <summaries>
      <billSummaries>
        <item>
          <actionDate>2015-02-25</actionDate>
          <actionDesc>Introduced in House</actionDesc>
          <lastSummaryUpdateDate>2015-03-09T19:26:44Z</lastSummaryUpdateDate>
          <versionCode>00</versionCode>
          <updateDate>2015-02-25T05:00:00Z</updateDate>
          <name>Introduced in House</name>
          <text><![CDATA[<p><b>Elimination of Tariffs on Education for Children's Act or the ETEACH Act</b></p> <p> Amends the Harmonized Tariff Schedule of the United States to grant duty-free treatment to electronic educational devices designed or intended primarily for children.</p>]]></text>
        </item>
      </billSummaries>
    </summaries>
    <relatedBills />
    <calendarNumbers />
    <recordedVotes />
    <introducedDate>2015-02-25</introducedDate>
    <latestAction>
      <links />
      <actionDate>2015-02-25</actionDate>
      <text>Referred to the House Committee on Ways and Means.</text>
    </latestAction>
    <congress>114</congress>
    <constitutionalAuthorityStatementText><![CDATA[<pre>From the Congressional Record Online through the Government Publishing Office [<a href='http://www.gpo.gov'>www.gpo.gov</a>]By Mrs. BLACK:H.R. 1063.Congress has the power to enact this legislation pursuantto the following:Article I, Section 8, Clause 1 of the United StatesConstitution, the Taxing and Spending Clause: ``The Congressshall have Power To lay and collect Taxes, Duties, Impostsand Excises, to pay the Debts and provide for the commonDefence and general Welfare of the United States . . .''[Page H1164]</pre>]]></constitutionalAuthorityStatementText>
    <billType>HR</billType>
    <actions>
      <actionTypeCounts>
        <billReferrals>1</billReferrals>
        <introducedInTheHouse>1</introducedInTheHouse>
        <introducedInHouse>1</introducedInHouse>
      </actionTypeCounts>
      <item>
        <actionDate>2015-02-25</actionDate>
        <sourceSystem>
          <code>2</code>
          <name>House floor actions</name>
        </sourceSystem>
        <text>Referred to the House Committee on Ways and Means.</text>
        <type>IntroReferral</type>
        <links />
        <actionCode>H11100</actionCode>
        <committee>
          <name>Ways and Means Committee</name>
          <systemCode>hswm00</systemCode>
        </committee>
      </item>
      <item>
        <actionDate>2015-02-25</actionDate>
        <sourceSystem>
          <code>9</code>
          <name>Library of Congress</name>
        </sourceSystem>
        <text>Introduced in House</text>
        <type>IntroReferral</type>
        <links />
        <actionCode>Intro-H</actionCode>
        <committee />
      </item>
      <item>
        <actionDate>2015-02-25</actionDate>
        <sourceSystem>
          <code>9</code>
          <name>Library of Congress</name>
        </sourceSystem>
        <text>Introduced in House</text>
        <type>IntroReferral</type>
        <links />
        <actionCode>1000</actionCode>
        <committee />
      </item>
      <actionByCounts>
        <houseOfRepresentatives>3</houseOfRepresentatives>
      </actionByCounts>
    </actions>
    <originChamber>House</originChamber>
    <laws />
    <updateDate>2016-11-02T21:26:51Z</updateDate>
  </bill>
  <dublinCore xmlns:dc="http://purl.org/dc/elements/1.1/">
    <dc:format>text/xml</dc:format>
    <dc:language>EN</dc:language>
    <dc:rights>Pursuant to Title 17 Section 105 of the United States Code, this file is not subject to copyright protection and is in the public domain.</dc:rights>
    <dc:contributor>Congressional Research Service, Library of Congress</dc:contributor>
    <dc:description>This file contains bill summaries and statuses for federal legislation. A bill summary describes the most significant provisions of a piece of legislation and details the effects the legislative text may have on current law and federal programs. Bill summaries are authored by the Congressional Research Service (CRS) of the Library of Congress. As stated in Public Law 91-510 (2 USC 166 (d)(6)), one of the duties of CRS is "to prepare summaries and digests of bills and resolutions of a public general nature introduced in the Senate or House of Representatives". For more information, refer to the User Guide that accompanies this file.</dc:description>
  </dublinCore>
</billStatus>

