<?xml version="1.0" encoding="UTF-8"?>
<billStatus>
  <bill>
    <constitutionalAuthorityStatementText><![CDATA[<pre>From the Congressional Record Online through the Government Publishing Office [<a href='http://www.gpo.gov'>www.gpo.gov</a>]By Ms. DeLAURO:H.R. 531.Congress has the power to enact this legislation pursuantto the following:Article 1, Section 8, Clause 1 and Article 1, Section 9,Clause 7 of the United States Constitution[Page H583]</pre>]]></constitutionalAuthorityStatementText>
    <billType>HR</billType>
    <summaries>
      <billSummaries>
        <item>
          <name>Introduced in House</name>
          <text><![CDATA[<p class="MsoNormal" style="line-height: normal;"><b>Accelerating Biomedical Research Act </b></p> <p class="MsoNormal" style="line-height: normal;">This bill amends the Balanced Budget and Emergency Deficit Control Act of 1985 to require certain adjustments to discretionary spending limits in FY2016-FY2021 to accommodate increases in appropriations to the National Institutes of Health at the Department of Health and Human Services. </p>]]></text>
          <actionDesc>Introduced in House</actionDesc>
          <versionCode>00</versionCode>
          <lastSummaryUpdateDate>2015-04-06T21:20:45Z</lastSummaryUpdateDate>
          <actionDate>2015-01-26</actionDate>
          <updateDate>2015-01-26T05:00:00Z</updateDate>
        </item>
      </billSummaries>
    </summaries>
    <titles>
      <item>
        <parentTitleType />
        <chamberName />
        <titleType>Short Titles as Introduced</titleType>
        <title>Accelerating Biomedical Research Act</title>
        <chamberCode />
      </item>
      <item>
        <parentTitleType />
        <chamberName />
        <titleType>Official Title as Introduced</titleType>
        <title>To prioritize funding for the National Institutes of Health to discover treatments and cures, to maintain global leadership in medical innovation, and to restore the purchasing power the NIH had after the historic doubling campaign that ended in fiscal year 2003.</title>
        <chamberCode />
      </item>
      <item>
        <parentTitleType />
        <chamberName />
        <titleType>Display Title</titleType>
        <title>Accelerating Biomedical Research Act</title>
        <chamberCode />
      </item>
    </titles>
    <relatedBills>
      <item>
        <relationshipDetails>
          <item>
            <type>Related bill</type>
            <identifiedBy>CRS</identifiedBy>
          </item>
        </relationshipDetails>
        <latestAction>
          <actionDate>2015-01-29</actionDate>
          <text>Read twice and referred to the Committee on the Budget. (Sponsor introductory remarks on measure: CR S656-657)</text>
        </latestAction>
        <number>318</number>
        <latestTitle>Accelerating Biomedical Research Act</latestTitle>
        <type>S</type>
        <congress>114</congress>
      </item>
    </relatedBills>
    <calendarNumbers />
    <recordedVotes />
    <cboCostEstimates />
    <actions>
      <actionByCounts>
        <houseOfRepresentatives>3</houseOfRepresentatives>
      </actionByCounts>
      <actionTypeCounts>
        <introducedInTheHouse>1</introducedInTheHouse>
        <billReferrals>1</billReferrals>
        <introducedInHouse>1</introducedInHouse>
      </actionTypeCounts>
      <item>
        <sourceSystem>
          <name>House floor actions</name>
          <code>2</code>
        </sourceSystem>
        <text>Referred to the House Committee on the Budget.</text>
        <links />
        <type>IntroReferral</type>
        <actionCode>H11100</actionCode>
        <actionDate>2015-01-26</actionDate>
        <committee>
          <name>Budget Committee</name>
          <systemCode>hsbu00</systemCode>
        </committee>
      </item>
      <item>
        <sourceSystem>
          <name>Library of Congress</name>
          <code>9</code>
        </sourceSystem>
        <text>Introduced in House</text>
        <links />
        <type>IntroReferral</type>
        <actionCode>Intro-H</actionCode>
        <actionDate>2015-01-26</actionDate>
        <committee />
      </item>
      <item>
        <sourceSystem>
          <name>Library of Congress</name>
          <code>9</code>
        </sourceSystem>
        <text>Introduced in House</text>
        <links />
        <type>IntroReferral</type>
        <actionCode>1000</actionCode>
        <actionDate>2015-01-26</actionDate>
        <committee />
      </item>
    </actions>
    <originChamber>House</originChamber>
    <updateDate>2017-01-17T13:05:29Z</updateDate>
    <laws />
    <createDate>2015-01-27T05:00:42Z</createDate>
    <notes />
    <committees>
      <billCommittees>
        <item>
          <type>Standing</type>
          <name>Budget Committee</name>
          <chamber>House</chamber>
          <subcommittees />
          <activities>
            <item>
              <name>Referred to</name>
              <date>2015-01-26T17:01:35Z</date>
            </item>
          </activities>
          <systemCode>hsbu00</systemCode>
        </item>
      </billCommittees>
    </committees>
    <congress>114</congress>
    <amendments />
    <cosponsors>
      <item>
        <middleName />
        <state>NY</state>
        <bioguideId>H001038</bioguideId>
        <isOriginalCosponsor>True</isOriginalCosponsor>
        <lastName>Higgins</lastName>
        <district>26</district>
        <sponsorshipWithdrawnDate />
        <party>D</party>
        <identifiers>
          <bioguideId>H001038</bioguideId>
          <lisID>1794</lisID>
          <gpoId>8088</gpoId>
        </identifiers>
        <firstName>Brian</firstName>
        <sponsorshipDate>2015-01-26</sponsorshipDate>
        <fullName>Rep. Higgins, Brian [D-NY-26]</fullName>
      </item>
      <item>
        <middleName>T.</middleName>
        <state>NY</state>
        <bioguideId>K000210</bioguideId>
        <isOriginalCosponsor>True</isOriginalCosponsor>
        <lastName>KING</lastName>
        <district>2</district>
        <sponsorshipWithdrawnDate />
        <party>R</party>
        <identifiers>
          <lisID>635</lisID>
          <gpoId>8064</gpoId>
          <bioguideId>K000210</bioguideId>
        </identifiers>
        <firstName>PETER</firstName>
        <sponsorshipDate>2015-01-26</sponsorshipDate>
        <fullName>Rep. King, Peter T. [R-NY-2]</fullName>
      </item>
      <item>
        <middleName>L.</middleName>
        <state>FL</state>
        <bioguideId>H000324</bioguideId>
        <isOriginalCosponsor>False</isOriginalCosponsor>
        <lastName>HASTINGS</lastName>
        <district>20</district>
        <sponsorshipWithdrawnDate />
        <party>D</party>
        <identifiers>
          <lisID>511</lisID>
          <gpoId>7895</gpoId>
          <bioguideId>H000324</bioguideId>
        </identifiers>
        <firstName>ALCEE</firstName>
        <sponsorshipDate>2015-02-03</sponsorshipDate>
        <fullName>Rep. Hastings, Alcee L. [D-FL-20]</fullName>
      </item>
      <item>
        <middleName />
        <state>WI</state>
        <bioguideId>P000607</bioguideId>
        <isOriginalCosponsor>False</isOriginalCosponsor>
        <lastName>Pocan</lastName>
        <district>2</district>
        <sponsorshipWithdrawnDate />
        <party>D</party>
        <identifiers>
          <bioguideId>P000607</bioguideId>
          <lisID>2171</lisID>
          <gpoId />
        </identifiers>
        <firstName>Mark</firstName>
        <sponsorshipDate>2015-02-03</sponsorshipDate>
        <fullName>Rep. Pocan, Mark [D-WI-2]</fullName>
      </item>
      <item>
        <middleName />
        <state>CA</state>
        <bioguideId>L000551</bioguideId>
        <isOriginalCosponsor>False</isOriginalCosponsor>
        <lastName>LEE</lastName>
        <district>13</district>
        <sponsorshipWithdrawnDate />
        <party>D</party>
        <identifiers>
          <gpoId>7814</gpoId>
          <bioguideId>L000551</bioguideId>
          <lisID>1501</lisID>
        </identifiers>
        <firstName>BARBARA</firstName>
        <sponsorshipDate>2015-02-03</sponsorshipDate>
        <fullName>Rep. Lee, Barbara [D-CA-13]</fullName>
      </item>
      <item>
        <middleName>L.</middleName>
        <state>IL</state>
        <bioguideId>R000515</bioguideId>
        <isOriginalCosponsor>False</isOriginalCosponsor>
        <lastName>RUSH</lastName>
        <district>1</district>
        <sponsorshipWithdrawnDate />
        <party>D</party>
        <identifiers>
          <lisID>1003</lisID>
          <bioguideId>R000515</bioguideId>
          <gpoId>7921</gpoId>
        </identifiers>
        <firstName>BOBBY</firstName>
        <sponsorshipDate>2015-02-03</sponsorshipDate>
        <fullName>Rep. Rush, Bobby L. [D-IL-1]</fullName>
      </item>
      <item>
        <middleName>P.</middleName>
        <state>MA</state>
        <bioguideId>M000312</bioguideId>
        <isOriginalCosponsor>False</isOriginalCosponsor>
        <lastName>MCGOVERN</lastName>
        <district>2</district>
        <sponsorshipWithdrawnDate />
        <party>D</party>
        <identifiers>
          <bioguideId>M000312</bioguideId>
          <lisID>1504</lisID>
          <gpoId>7968</gpoId>
        </identifiers>
        <firstName>JAMES</firstName>
        <sponsorshipDate>2015-02-03</sponsorshipDate>
        <fullName>Rep. McGovern, James P. [D-MA-2]</fullName>
      </item>
      <item>
        <middleName />
        <state>OH</state>
        <bioguideId>B001281</bioguideId>
        <isOriginalCosponsor>False</isOriginalCosponsor>
        <lastName>Beatty</lastName>
        <district>3</district>
        <sponsorshipWithdrawnDate />
        <party>D</party>
        <identifiers>
          <lisID>2153</lisID>
          <bioguideId>B001281</bioguideId>
          <gpoId />
        </identifiers>
        <firstName>Joyce</firstName>
        <sponsorshipDate>2015-02-04</sponsorshipDate>
        <fullName>Rep. Beatty, Joyce [D-OH-3]</fullName>
      </item>
      <item>
        <middleName />
        <state>TN</state>
        <bioguideId>C001068</bioguideId>
        <isOriginalCosponsor>False</isOriginalCosponsor>
        <lastName>Cohen</lastName>
        <district>9</district>
        <sponsorshipWithdrawnDate />
        <party>D</party>
        <identifiers>
          <gpoId>8156</gpoId>
          <lisID>1878</lisID>
          <bioguideId>C001068</bioguideId>
        </identifiers>
        <firstName>Steve</firstName>
        <sponsorshipDate>2015-02-10</sponsorshipDate>
        <fullName>Rep. Cohen, Steve [D-TN-9]</fullName>
      </item>
      <item>
        <middleName />
        <state>NY</state>
        <bioguideId>N000002</bioguideId>
        <isOriginalCosponsor>False</isOriginalCosponsor>
        <lastName>NADLER</lastName>
        <district>10</district>
        <sponsorshipWithdrawnDate />
        <party>D</party>
        <identifiers>
          <gpoId>8069</gpoId>
          <bioguideId>N000002</bioguideId>
          <lisID>850</lisID>
        </identifiers>
        <firstName>JERROLD</firstName>
        <sponsorshipDate>2015-02-10</sponsorshipDate>
        <fullName>Rep. Nadler, Jerrold [D-NY-10]</fullName>
      </item>
      <item>
        <middleName />
        <state>PA</state>
        <bioguideId>C001090</bioguideId>
        <isOriginalCosponsor>False</isOriginalCosponsor>
        <lastName>Cartwright</lastName>
        <district>17</district>
        <sponsorshipWithdrawnDate />
        <party>D</party>
        <identifiers>
          <gpoId />
          <lisID>2159</lisID>
          <bioguideId>C001090</bioguideId>
        </identifiers>
        <firstName>Matt</firstName>
        <sponsorshipDate>2015-03-03</sponsorshipDate>
        <fullName>Rep. Cartwright, Matt [D-PA-17]</fullName>
      </item>
      <item>
        <middleName>K.</middleName>
        <state>IL</state>
        <bioguideId>D000096</bioguideId>
        <isOriginalCosponsor>False</isOriginalCosponsor>
        <lastName>DAVIS</lastName>
        <district>7</district>
        <sponsorshipWithdrawnDate />
        <party>D</party>
        <identifiers>
          <gpoId>7927</gpoId>
          <lisID>1477</lisID>
          <bioguideId>D000096</bioguideId>
        </identifiers>
        <firstName>DANNY</firstName>
        <sponsorshipDate>2015-03-13</sponsorshipDate>
        <fullName>Rep. Davis, Danny K. [D-IL-7]</fullName>
      </item>
      <item>
        <middleName />
        <state>TX</state>
        <bioguideId>V000132</bioguideId>
        <isOriginalCosponsor>False</isOriginalCosponsor>
        <lastName>Vela</lastName>
        <district>34</district>
        <sponsorshipWithdrawnDate />
        <party>D</party>
        <identifiers>
          <lisID>2167</lisID>
          <gpoId />
          <bioguideId>V000132</bioguideId>
        </identifiers>
        <firstName>Filemon</firstName>
        <sponsorshipDate>2015-03-13</sponsorshipDate>
        <fullName>Rep. Vela, Filemon [D-TX-34]</fullName>
      </item>
      <item>
        <middleName />
        <state>CA</state>
        <bioguideId>V000130</bioguideId>
        <isOriginalCosponsor>False</isOriginalCosponsor>
        <lastName>Vargas</lastName>
        <district>51</district>
        <sponsorshipWithdrawnDate />
        <party>D</party>
        <identifiers>
          <bioguideId>V000130</bioguideId>
          <lisID>2112</lisID>
          <gpoId />
        </identifiers>
        <firstName>Juan</firstName>
        <sponsorshipDate>2015-03-16</sponsorshipDate>
        <fullName>Rep. Vargas, Juan [D-CA-51]</fullName>
      </item>
      <item>
        <middleName />
        <state>CA</state>
        <bioguideId>T000472</bioguideId>
        <isOriginalCosponsor>False</isOriginalCosponsor>
        <lastName>Takano</lastName>
        <district>41</district>
        <sponsorshipWithdrawnDate />
        <party>D</party>
        <identifiers>
          <gpoId />
          <lisID>2110</lisID>
          <bioguideId>T000472</bioguideId>
        </identifiers>
        <firstName>Mark</firstName>
        <sponsorshipDate>2015-03-16</sponsorshipDate>
        <fullName>Rep. Takano, Mark [D-CA-41]</fullName>
      </item>
      <item>
        <middleName>B.</middleName>
        <state>NY</state>
        <bioguideId>R000053</bioguideId>
        <isOriginalCosponsor>False</isOriginalCosponsor>
        <lastName>RANGEL</lastName>
        <district>13</district>
        <sponsorshipWithdrawnDate />
        <party>D</party>
        <identifiers>
          <lisID>944</lisID>
          <bioguideId>R000053</bioguideId>
          <gpoId>8076</gpoId>
        </identifiers>
        <firstName>CHARLES</firstName>
        <sponsorshipDate>2015-03-16</sponsorshipDate>
        <fullName>Rep. Rangel, Charles B. [D-NY-13]</fullName>
      </item>
      <item>
        <middleName>H.</middleName>
        <state>CA</state>
        <bioguideId>P000608</bioguideId>
        <isOriginalCosponsor>False</isOriginalCosponsor>
        <lastName>Peters</lastName>
        <district>52</district>
        <sponsorshipWithdrawnDate />
        <party>D</party>
        <identifiers>
          <lisID>2113</lisID>
          <gpoId />
          <bioguideId>P000608</bioguideId>
        </identifiers>
        <firstName>Scott</firstName>
        <sponsorshipDate>2015-03-18</sponsorshipDate>
        <fullName>Rep. Peters, Scott H. [D-CA-52]</fullName>
      </item>
      <item>
        <middleName />
        <state>OR</state>
        <bioguideId>B001278</bioguideId>
        <isOriginalCosponsor>False</isOriginalCosponsor>
        <lastName>Bonamici</lastName>
        <district>1</district>
        <sponsorshipWithdrawnDate />
        <party>D</party>
        <identifiers>
          <lisID>2092</lisID>
          <bioguideId>B001278</bioguideId>
          <gpoId>8367</gpoId>
        </identifiers>
        <firstName>Suzanne</firstName>
        <sponsorshipDate>2015-03-19</sponsorshipDate>
        <fullName>Rep. Bonamici, Suzanne [D-OR-1]</fullName>
      </item>
      <item>
        <middleName />
        <state>CA</state>
        <bioguideId>D000623</bioguideId>
        <isOriginalCosponsor>False</isOriginalCosponsor>
        <lastName>DeSaulnier</lastName>
        <district>11</district>
        <sponsorshipWithdrawnDate />
        <party>D</party>
        <identifiers>
          <bioguideId>D000623</bioguideId>
          <gpoId />
          <lisID>2227</lisID>
        </identifiers>
        <firstName>Mark</firstName>
        <sponsorshipDate>2015-03-23</sponsorshipDate>
        <fullName>Rep. DeSaulnier, Mark [D-CA-11]</fullName>
      </item>
      <item>
        <middleName>L.</middleName>
        <state>MI</state>
        <bioguideId>L000581</bioguideId>
        <isOriginalCosponsor>False</isOriginalCosponsor>
        <lastName>Lawrence</lastName>
        <district>14</district>
        <sponsorshipWithdrawnDate />
        <party>D</party>
        <identifiers>
          <lisID>2252</lisID>
          <gpoId />
          <bioguideId>L000581</bioguideId>
        </identifiers>
        <firstName>Brenda</firstName>
        <sponsorshipDate>2015-04-13</sponsorshipDate>
        <fullName>Rep. Lawrence, Brenda L. [D-MI-14]</fullName>
      </item>
      <item>
        <middleName />
        <state>CA</state>
        <bioguideId>L000582</bioguideId>
        <isOriginalCosponsor>False</isOriginalCosponsor>
        <lastName>Lieu</lastName>
        <district>33</district>
        <sponsorshipWithdrawnDate />
        <party>D</party>
        <identifiers>
          <bioguideId>L000582</bioguideId>
          <gpoId />
          <lisID>2230</lisID>
        </identifiers>
        <firstName>Ted</firstName>
        <sponsorshipDate>2015-04-13</sponsorshipDate>
        <fullName>Rep. Lieu, Ted [D-CA-33]</fullName>
      </item>
      <item>
        <middleName />
        <state>TX</state>
        <bioguideId>G000410</bioguideId>
        <isOriginalCosponsor>False</isOriginalCosponsor>
        <lastName>GREEN</lastName>
        <district>29</district>
        <sponsorshipWithdrawnDate />
        <party>D</party>
        <identifiers>
          <gpoId>8185</gpoId>
          <lisID>462</lisID>
          <bioguideId>G000410</bioguideId>
        </identifiers>
        <firstName>GENE</firstName>
        <sponsorshipDate>2015-04-21</sponsorshipDate>
        <fullName>Rep. Green, Gene [D-TX-29]</fullName>
      </item>
      <item>
        <middleName />
        <state>CA</state>
        <bioguideId>H001068</bioguideId>
        <isOriginalCosponsor>False</isOriginalCosponsor>
        <lastName>Huffman</lastName>
        <district>2</district>
        <sponsorshipWithdrawnDate />
        <party>D</party>
        <identifiers>
          <bioguideId>H001068</bioguideId>
          <gpoId />
          <lisID>2101</lisID>
        </identifiers>
        <firstName>Jared</firstName>
        <sponsorshipDate>2015-05-13</sponsorshipDate>
        <fullName>Rep. Huffman, Jared [D-CA-2]</fullName>
      </item>
      <item>
        <middleName>O.</middleName>
        <state>CA</state>
        <bioguideId>M001163</bioguideId>
        <isOriginalCosponsor>False</isOriginalCosponsor>
        <lastName>Matsui</lastName>
        <district>6</district>
        <sponsorshipWithdrawnDate />
        <party>D</party>
        <identifiers>
          <lisID>1814</lisID>
          <bioguideId>M001163</bioguideId>
          <gpoId>7810</gpoId>
        </identifiers>
        <firstName>Doris</firstName>
        <sponsorshipDate>2016-09-15</sponsorshipDate>
        <fullName>Rep. Matsui, Doris O. [D-CA-6]</fullName>
      </item>
    </cosponsors>
    <billNumber>531</billNumber>
    <sponsors>
      <item>
        <middleName />
        <district>3</district>
        <fullName>Rep. DeLauro, Rosa L. [D-CT-3]</fullName>
        <firstName>ROSA</firstName>
        <bioguideId>D000216</bioguideId>
        <lastName>DELAURO</lastName>
        <party>D</party>
        <state>CT</state>
        <identifiers>
          <gpoId>7868</gpoId>
          <lisID>281</lisID>
          <bioguideId>D000216</bioguideId>
        </identifiers>
        <byRequestType />
      </item>
    </sponsors>
    <introducedDate>2015-01-26</introducedDate>
    <committeeReports />
    <policyArea>
      <name>Health</name>
    </policyArea>
    <title>Accelerating Biomedical Research Act</title>
    <subjects>
      <billSubjects>
        <policyArea>
          <name>Health</name>
        </policyArea>
        <legislativeSubjects>
          <item>
            <name>Department of Health and Human Services</name>
          </item>
          <item>
            <name>Executive agency funding and structure</name>
          </item>
          <item>
            <name>Health programs administration and funding</name>
          </item>
          <item>
            <name>Medical research</name>
          </item>
          <item>
            <name>National Institutes of Health (NIH)</name>
          </item>
          <item>
            <name>Research administration and funding</name>
          </item>
        </legislativeSubjects>
      </billSubjects>
    </subjects>
    <latestAction>
      <links />
      <text>Referred to the House Committee on the Budget.</text>
      <actionDate>2015-01-26</actionDate>
    </latestAction>
  </bill>
  <dublinCore xmlns:dc="http://purl.org/dc/elements/1.1/">
    <dc:format>text/xml</dc:format>
    <dc:language>EN</dc:language>
    <dc:rights>Pursuant to Title 17 Section 105 of the United States Code, this file is not subject to copyright protection and is in the public domain.</dc:rights>
    <dc:contributor>Congressional Research Service, Library of Congress</dc:contributor>
    <dc:description>This file contains bill summaries and statuses for federal legislation. A bill summary describes the most significant provisions of a piece of legislation and details the effects the legislative text may have on current law and federal programs. Bill summaries are authored by the Congressional Research Service (CRS) of the Library of Congress. As stated in Public Law 91-510 (2 USC 166 (d)(6)), one of the duties of CRS is "to prepare summaries and digests of bills and resolutions of a public general nature introduced in the Senate or House of Representatives". For more information, refer to the User Guide that accompanies this file.</dc:description>
  </dublinCore>
</billStatus>

