<?xml version="1.0" encoding="UTF-8"?>
<billStatus>
  <bill>
    <title>Medicare Identity Theft Prevention Act of 2015</title>
    <updateDate>2016-11-02T21:17:14Z</updateDate>
    <relatedBills>
      <item>
        <latestAction>
          <actionDate>2015-03-19</actionDate>
          <text>Referred to the Subcommittee on Health.</text>
        </latestAction>
        <number>1021</number>
        <congress>114</congress>
        <type>HR</type>
        <latestTitle>Protecting the Integrity of Medicare Act of 2015</latestTitle>
        <relationshipDetails>
          <item>
            <identifiedBy>CRS</identifiedBy>
            <type>Related bill</type>
          </item>
        </relationshipDetails>
      </item>
      <item>
        <latestAction>
          <actionDate>2015-04-16</actionDate>
          <text>Became Public Law No: 114-10.</text>
        </latestAction>
        <number>2</number>
        <congress>114</congress>
        <type>HR</type>
        <latestTitle>Medicare Access and CHIP Reauthorization Act of 2015</latestTitle>
        <relationshipDetails>
          <item>
            <identifiedBy>CRS</identifiedBy>
            <type>Related bill</type>
          </item>
        </relationshipDetails>
      </item>
      <item>
        <latestAction>
          <actionDate>2016-08-02</actionDate>
          <text>Referred to the Subcommittee on Social Security.</text>
        </latestAction>
        <number>5880</number>
        <congress>114</congress>
        <type>HR</type>
        <latestTitle>To amend title II of the Social Security Act to prohibit inclusion of Social Security account numbers on Medicare cards, and for other purposes.</latestTitle>
        <relationshipDetails>
          <item>
            <identifiedBy>CRS</identifiedBy>
            <type>Related bill</type>
          </item>
        </relationshipDetails>
      </item>
    </relatedBills>
    <introducedDate>2015-01-14</introducedDate>
    <originChamber>House</originChamber>
    <cboCostEstimates />
    <policyArea>
      <name>Health</name>
    </policyArea>
    <congress>114</congress>
    <billNumber>380</billNumber>
    <billType>HR</billType>
    <amendments />
    <recordedVotes />
    <committees>
      <billCommittees>
        <item>
          <subcommittees>
            <item>
              <systemCode>hswm02</systemCode>
              <activities>
                <item>
                  <date>2015-02-27T21:49:41Z</date>
                  <name>Referred to</name>
                </item>
              </activities>
              <name>Health Subcommittee</name>
            </item>
          </subcommittees>
          <chamber>House</chamber>
          <systemCode>hswm00</systemCode>
          <activities>
            <item>
              <date>2015-01-14T14:05:20Z</date>
              <name>Referred to</name>
            </item>
          </activities>
          <type>Standing</type>
          <name>Ways and Means Committee</name>
        </item>
        <item>
          <subcommittees>
            <item>
              <systemCode>hsif14</systemCode>
              <activities>
                <item>
                  <date>2015-01-16T18:10:18Z</date>
                  <name>Referred to</name>
                </item>
              </activities>
              <name>Health Subcommittee</name>
            </item>
          </subcommittees>
          <chamber>House</chamber>
          <systemCode>hsif00</systemCode>
          <activities>
            <item>
              <date>2015-01-14T14:05:25Z</date>
              <name>Referred to</name>
            </item>
          </activities>
          <type>Standing</type>
          <name>Energy and Commerce Committee</name>
        </item>
      </billCommittees>
    </committees>
    <laws />
    <subjects>
      <billSubjects>
        <legislativeSubjects>
          <item>
            <name>Administrative law and regulatory procedures</name>
          </item>
          <item>
            <name>Computer security and identity theft</name>
          </item>
          <item>
            <name>Crime prevention</name>
          </item>
          <item>
            <name>Department of Health and Human Services</name>
          </item>
          <item>
            <name>Fraud offenses and financial crimes</name>
          </item>
          <item>
            <name>Government information and archives</name>
          </item>
          <item>
            <name>Medicare</name>
          </item>
        </legislativeSubjects>
        <policyArea>
          <name>Health</name>
        </policyArea>
      </billSubjects>
    </subjects>
    <notes>
      <item>
        <links>
          <link>
            <name>H.R.2</name>
            <url>https://www.congress.gov/bill/114th-congress/house-bill/2</url>
          </link>
        </links>
        <text><![CDATA[For further action, see H.R.2, which became Public Law 114-10 on 4/16/2015.]]></text>
      </item>
    </notes>
    <committeeReports />
    <actions>
      <actionTypeCounts>
        <introducedInTheHouse>1</introducedInTheHouse>
        <billReferrals>2</billReferrals>
        <billReferralsAggregate>1</billReferralsAggregate>
        <placeholderTextForH>2</placeholderTextForH>
        <introducedInHouse>1</introducedInHouse>
      </actionTypeCounts>
      <actionByCounts>
        <houseOfRepresentatives>7</houseOfRepresentatives>
      </actionByCounts>
      <item>
        <actionDate>2015-02-27</actionDate>
        <committee>
          <name>Health Subcommittee</name>
          <systemCode>hswm02</systemCode>
        </committee>
        <links />
        <sourceSystem>
          <name>House committee actions</name>
          <code>1</code>
        </sourceSystem>
        <text>Referred to the Subcommittee on Health.</text>
        <type>Committee</type>
      </item>
      <item>
        <actionDate>2015-01-16</actionDate>
        <committee>
          <name>Health Subcommittee</name>
          <systemCode>hsif14</systemCode>
        </committee>
        <links />
        <sourceSystem>
          <name>House committee actions</name>
          <code>1</code>
        </sourceSystem>
        <text>Referred to the Subcommittee on Health.</text>
        <type>Committee</type>
      </item>
      <item>
        <text>Referred to House Energy and Commerce</text>
        <sourceSystem>
          <name>House floor actions</name>
          <code>2</code>
        </sourceSystem>
        <committee>
          <name>Energy and Commerce Committee</name>
          <systemCode>hsif00</systemCode>
        </committee>
        <type>IntroReferral</type>
        <links />
        <actionCode>H11100</actionCode>
        <actionDate>2015-01-14</actionDate>
      </item>
      <item>
        <text>Referred to the Committee on Ways and Means, and in addition to the Committee on Energy and Commerce, for a period to be subsequently determined by the Speaker, in each case for consideration of such provisions as fall within the jurisdiction of the committee concerned.</text>
        <sourceSystem>
          <name>Library of Congress</name>
          <code>9</code>
        </sourceSystem>
        <committee />
        <type>IntroReferral</type>
        <links />
        <actionCode>H11100-A</actionCode>
        <actionDate>2015-01-14</actionDate>
      </item>
      <item>
        <text>Referred to House Ways and Means</text>
        <sourceSystem>
          <name>House floor actions</name>
          <code>2</code>
        </sourceSystem>
        <committee>
          <name>Ways and Means Committee</name>
          <systemCode>hswm00</systemCode>
        </committee>
        <type>IntroReferral</type>
        <links />
        <actionCode>H11100</actionCode>
        <actionDate>2015-01-14</actionDate>
      </item>
      <item>
        <text>Introduced in House</text>
        <sourceSystem>
          <name>Library of Congress</name>
          <code>9</code>
        </sourceSystem>
        <committee />
        <type>IntroReferral</type>
        <links />
        <actionCode>Intro-H</actionCode>
        <actionDate>2015-01-14</actionDate>
      </item>
      <item>
        <text>Introduced in House</text>
        <sourceSystem>
          <name>Library of Congress</name>
          <code>9</code>
        </sourceSystem>
        <committee />
        <type>IntroReferral</type>
        <links />
        <actionCode>1000</actionCode>
        <actionDate>2015-01-14</actionDate>
      </item>
    </actions>
    <calendarNumbers />
    <latestAction>
      <links />
      <actionDate>2015-02-27</actionDate>
      <text>Referred to the Subcommittee on Health.</text>
    </latestAction>
    <titles>
      <item>
        <parentTitleType />
        <titleType>Short Titles as Introduced</titleType>
        <title>Medicare Identity Theft Prevention Act of 2015</title>
        <chamberCode />
        <chamberName />
      </item>
      <item>
        <parentTitleType />
        <titleType>Official Title as Introduced</titleType>
        <title>To amend title II of the Social Security Act to prohibit the inclusion of Social Security account numbers on Medicare cards.</title>
        <chamberCode />
        <chamberName />
      </item>
      <item>
        <parentTitleType />
        <titleType>Display Title</titleType>
        <title>Medicare Identity Theft Prevention Act of 2015</title>
        <chamberCode />
        <chamberName />
      </item>
    </titles>
    <summaries>
      <billSummaries>
        <item>
          <actionDate>2015-01-14</actionDate>
          <updateDate>2015-01-14T05:00:00Z</updateDate>
          <name>Introduced in House</name>
          <lastSummaryUpdateDate>2015-01-26T20:03:29Z</lastSummaryUpdateDate>
          <versionCode>00</versionCode>
          <actionDesc>Introduced in House</actionDesc>
          <text><![CDATA[<p><b>Medicare Identity Theft Prevention Act of 2015</b></p> <p>Amends title II (Old Age, Survivors and Disability Insurance) (OASDI) of the Social Security Act (SSA) to direct the Secretary of Health and Human Services to establish cost-effective procedures to ensure that: (1) a Social Security account number (or any derivative) is not displayed, coded, or embedded on the Medicare card issued to an individual entitled to benefits under part A (Hospital Insurance) of SSA title XVIII (Medicare) or enrolled under Medicare part B (Supplementary Medical Insurance); and (2) any other identifier displayed on such card is not identifiable as a Social Security account number (or any derivative).</p>]]></text>
        </item>
      </billSummaries>
    </summaries>
    <constitutionalAuthorityStatementText><![CDATA[<pre>From the Congressional Record Online through the Government Publishing Office [<a href='http://www.gpo.gov'>www.gpo.gov</a>]By Mr. SAM JOHNSON of Texas:H.R. 380.Congress has the power to enact this legislation pursuantto the following:Article I, Section 8, Clause 18[Page H407]</pre>]]></constitutionalAuthorityStatementText>
    <createDate>2015-01-15T04:47:46Z</createDate>
    <sponsors>
      <item>
        <state>TX</state>
        <fullName>Rep. Johnson, Sam [R-TX-3]</fullName>
        <middleName />
        <identifiers>
          <gpoId>8159</gpoId>
          <lisID>603</lisID>
          <bioguideId>J000174</bioguideId>
        </identifiers>
        <firstName>SAM</firstName>
        <lastName>JOHNSON</lastName>
        <bioguideId>J000174</bioguideId>
        <district>3</district>
        <byRequestType />
        <party>R</party>
      </item>
    </sponsors>
    <cosponsors>
      <item>
        <fullName>Rep. Doggett, Lloyd [D-TX-35]</fullName>
        <lastName>DOGGETT</lastName>
        <state>TX</state>
        <identifiers>
          <gpoId>8181</gpoId>
          <lisID>303</lisID>
          <bioguideId>D000399</bioguideId>
        </identifiers>
        <bioguideId>D000399</bioguideId>
        <sponsorshipDate>2015-01-14</sponsorshipDate>
        <middleName />
        <isOriginalCosponsor>True</isOriginalCosponsor>
        <party>D</party>
        <firstName>LLOYD</firstName>
        <district>35</district>
        <sponsorshipWithdrawnDate />
      </item>
      <item>
        <fullName>Rep. Webster, Daniel [R-FL-10]</fullName>
        <lastName>Webster</lastName>
        <state>FL</state>
        <identifiers>
          <gpoId>7880</gpoId>
          <lisID>2002</lisID>
          <bioguideId>W000806</bioguideId>
        </identifiers>
        <bioguideId>W000806</bioguideId>
        <sponsorshipDate>2015-02-13</sponsorshipDate>
        <middleName />
        <isOriginalCosponsor>False</isOriginalCosponsor>
        <party>R</party>
        <firstName>Daniel</firstName>
        <district>10</district>
        <sponsorshipWithdrawnDate />
      </item>
    </cosponsors>
  </bill>
  <dublinCore xmlns:dc="http://purl.org/dc/elements/1.1/">
    <dc:format>text/xml</dc:format>
    <dc:language>EN</dc:language>
    <dc:rights>Pursuant to Title 17 Section 105 of the United States Code, this file is not subject to copyright protection and is in the public domain.</dc:rights>
    <dc:contributor>Congressional Research Service, Library of Congress</dc:contributor>
    <dc:description>This file contains bill summaries and statuses for federal legislation. A bill summary describes the most significant provisions of a piece of legislation and details the effects the legislative text may have on current law and federal programs. Bill summaries are authored by the Congressional Research Service (CRS) of the Library of Congress. As stated in Public Law 91-510 (2 USC 166 (d)(6)), one of the duties of CRS is "to prepare summaries and digests of bills and resolutions of a public general nature introduced in the Senate or House of Representatives". For more information, refer to the User Guide that accompanies this file.</dc:description>
  </dublinCore>
</billStatus>

