<?xml version="1.0" encoding="UTF-8"?>
<billStatus>
  <bill>
    <committees>
      <billCommittees>
        <item>
          <subcommittees>
            <item>
              <name>Early Childhood, Elementary, and Secondary Education Subcommittee</name>
              <activities>
                <item>
                  <name>Referred to</name>
                  <date>2015-04-29T14:00:26Z</date>
                </item>
              </activities>
              <systemCode>hsed14</systemCode>
            </item>
          </subcommittees>
          <chamber>House</chamber>
          <type>Standing</type>
          <name>Education and the Workforce Committee</name>
          <systemCode>hsed00</systemCode>
          <activities>
            <item>
              <name>Referred to</name>
              <date>2015-02-13T14:04:15Z</date>
            </item>
          </activities>
        </item>
      </billCommittees>
    </committees>
    <congress>114</congress>
    <billNumber>1004</billNumber>
    <updateDate>2016-11-02T21:26:29Z</updateDate>
    <subjects>
      <billSubjects>
        <policyArea>
          <name>Education</name>
        </policyArea>
        <legislativeSubjects>
          <item>
            <name>Academic performance and assessments</name>
          </item>
          <item>
            <name>Education programs funding</name>
          </item>
          <item>
            <name>Educational technology and distance education</name>
          </item>
          <item>
            <name>Elementary and secondary education</name>
          </item>
          <item>
            <name>Teaching, teachers, curricula</name>
          </item>
        </legislativeSubjects>
      </billSubjects>
    </subjects>
    <policyArea>
      <name>Education</name>
    </policyArea>
    <summaries>
      <billSummaries>
        <item>
          <updateDate>2015-02-13T05:00:00Z</updateDate>
          <versionCode>00</versionCode>
          <text><![CDATA[<p> <strong>Achievement Through Technology and Innovation Reauthorization Act of 2015</strong></p> <p>Amends title II of the Elementary and Secondary Education Act of 1965 (ESEA) to rename part D (Achievement through Technology and Innovation) as the Achievement Through Technology and Innovation Act of 2015 or the ATTAIN Act and to reauthorize it through FY2020.</p> <p>Authorizes the Secretary of Education to reserve a portion of the part D funding to provide states with technical assistance and information in adopting evidence-based best practices for using technology to transform learning.</p> <p>Directs the Secretary to allot part D grants to states on the basis of each state's share of school improvement funds under part A of title I of the ESEA.</p> <p>Requires state grantees to develop and implement challenging academic content and achievement standards to ensure that students are technologically literate. Declares that such standards are only for tracking technological literacy and not for assessing adequate yearly progress (AYP) under title I. Permits the assessment of student performance in gaining technology literacy through embedding assessment items in other state tests or performance-based assessments portfolios or through other valid and reliable means.</p> <p>Directs states to use the bulk of their allotment to award competitive subgrants to local educational agencies (LEAs) to improve student learning, technology literacy, and achievement. Requires that priority be given to LEAs serving schools that have been identified as needing improvement.</p> <p>Require an LEA to: (1) include a new or updated local long-range strategic educational technology plan in its subgrant application, (2) use up to 5% of its subgrant to evaluate its use of the subgrant, and (3) use its remaining subgrant to implement a plan for systemic school redesign through technology integration in at least one of its schools.</p> <p>Requires the plans for systemic school redesign to include: (1) professional development activities for educators; (2) the acquisition and application of technology, in conjunction with curricular or instructional changes, to improve students' learning opportunities, academic achievement, and technical literacy; and (3) the acquisition and application of technology to identify individual student learning needs and support personalized learning.</p>]]></text>
          <lastSummaryUpdateDate>2015-04-14T22:05:16Z</lastSummaryUpdateDate>
          <actionDate>2015-02-13</actionDate>
          <actionDesc>Introduced in House</actionDesc>
          <name>Introduced in House</name>
        </item>
      </billSummaries>
    </summaries>
    <title>Achievement Through Technology and Innovation Reauthorization Act of 2015</title>
    <laws />
    <cosponsors>
      <item>
        <firstName>CHARLES</firstName>
        <sponsorshipWithdrawnDate />
        <identifiers>
          <lisID>944</lisID>
          <bioguideId>R000053</bioguideId>
          <gpoId>8076</gpoId>
        </identifiers>
        <party>D</party>
        <isOriginalCosponsor>False</isOriginalCosponsor>
        <fullName>Rep. Rangel, Charles B. [D-NY-13]</fullName>
        <middleName>B.</middleName>
        <sponsorshipDate>2015-02-25</sponsorshipDate>
        <bioguideId>R000053</bioguideId>
        <district>13</district>
        <state>NY</state>
        <lastName>RANGEL</lastName>
      </item>
      <item>
        <firstName>Henry</firstName>
        <sponsorshipWithdrawnDate />
        <identifiers>
          <gpoId>7901</gpoId>
          <lisID>1843</lisID>
          <bioguideId>J000288</bioguideId>
        </identifiers>
        <party>D</party>
        <isOriginalCosponsor>False</isOriginalCosponsor>
        <fullName>Rep. Johnson, Henry C. "Hank," Jr. [D-GA-4]</fullName>
        <middleName>C. "Hank"</middleName>
        <sponsorshipDate>2015-02-25</sponsorshipDate>
        <bioguideId>J000288</bioguideId>
        <district>4</district>
        <state>GA</state>
        <lastName>Johnson</lastName>
      </item>
      <item>
        <firstName>Keith</firstName>
        <sponsorshipWithdrawnDate />
        <identifiers>
          <bioguideId>E000288</bioguideId>
          <lisID>1857</lisID>
          <gpoId>8005</gpoId>
        </identifiers>
        <party>D</party>
        <isOriginalCosponsor>False</isOriginalCosponsor>
        <fullName>Rep. Ellison, Keith [D-MN-5]</fullName>
        <middleName />
        <sponsorshipDate>2015-02-27</sponsorshipDate>
        <bioguideId>E000288</bioguideId>
        <district>5</district>
        <state>MN</state>
        <lastName>Ellison</lastName>
      </item>
      <item>
        <firstName>ZOE</firstName>
        <sponsorshipWithdrawnDate />
        <identifiers>
          <bioguideId>L000397</bioguideId>
          <gpoId>7821</gpoId>
          <lisID>701</lisID>
        </identifiers>
        <party>D</party>
        <isOriginalCosponsor>False</isOriginalCosponsor>
        <fullName>Rep. Lofgren, Zoe [D-CA-19]</fullName>
        <middleName />
        <sponsorshipDate>2015-07-14</sponsorshipDate>
        <bioguideId>L000397</bioguideId>
        <district>19</district>
        <state>CA</state>
        <lastName>LOFGREN</lastName>
      </item>
    </cosponsors>
    <billType>HR</billType>
    <cboCostEstimates />
    <recordedVotes />
    <relatedBills />
    <actions>
      <item>
        <actionDate>2015-04-29</actionDate>
        <committee>
          <systemCode>hsed14</systemCode>
          <name>Early Childhood, Elementary, and Secondary Education Subcommittee</name>
        </committee>
        <links />
        <sourceSystem>
          <code>1</code>
          <name>House committee actions</name>
        </sourceSystem>
        <text>Referred to the Subcommittee on Early Childhood, Elementary, and Secondary Education.</text>
        <type>Committee</type>
      </item>
      <item>
        <sourceSystem>
          <code>2</code>
          <name>House floor actions</name>
        </sourceSystem>
        <actionDate>2015-02-13</actionDate>
        <links />
        <committee>
          <systemCode>hsed00</systemCode>
          <name>Education and the Workforce Committee</name>
        </committee>
        <text>Referred to the House Committee on Education and the Workforce.</text>
        <type>IntroReferral</type>
        <actionCode>H11100</actionCode>
      </item>
      <item>
        <sourceSystem>
          <code>9</code>
          <name>Library of Congress</name>
        </sourceSystem>
        <actionDate>2015-02-13</actionDate>
        <links />
        <committee />
        <text>Introduced in House</text>
        <type>IntroReferral</type>
        <actionCode>Intro-H</actionCode>
      </item>
      <item>
        <sourceSystem>
          <code>9</code>
          <name>Library of Congress</name>
        </sourceSystem>
        <actionDate>2015-02-13</actionDate>
        <links />
        <committee />
        <text>Introduced in House</text>
        <type>IntroReferral</type>
        <actionCode>1000</actionCode>
      </item>
      <actionTypeCounts>
        <introducedInHouse>1</introducedInHouse>
        <placeholderTextForH>1</placeholderTextForH>
        <billReferrals>1</billReferrals>
        <introducedInTheHouse>1</introducedInTheHouse>
      </actionTypeCounts>
      <actionByCounts>
        <houseOfRepresentatives>4</houseOfRepresentatives>
      </actionByCounts>
    </actions>
    <notes />
    <latestAction>
      <actionDate>2015-04-29</actionDate>
      <links />
      <text>Referred to the Subcommittee on Early Childhood, Elementary, and Secondary Education.</text>
    </latestAction>
    <introducedDate>2015-02-13</introducedDate>
    <sponsors>
      <item>
        <fullName>Rep. Roybal-Allard, Lucille [D-CA-40]</fullName>
        <firstName>LUCILLE</firstName>
        <byRequestType />
        <identifiers>
          <lisID>997</lisID>
          <bioguideId>R000486</bioguideId>
          <gpoId>7839</gpoId>
        </identifiers>
        <middleName />
        <bioguideId>R000486</bioguideId>
        <district>40</district>
        <party>D</party>
        <state>CA</state>
        <lastName>ROYBAL-ALLARD</lastName>
      </item>
    </sponsors>
    <constitutionalAuthorityStatementText><![CDATA[<pre>From the Congressional Record Online through the Government Publishing Office [<a href='http://www.gpo.gov'>www.gpo.gov</a>]By Ms. ROYBAL-ALLARD:H.R. 1004.Congress has the power to enact this legislation pursuantto the following:Article I, Section 8, Clause 18[Page H1071]</pre>]]></constitutionalAuthorityStatementText>
    <calendarNumbers />
    <committeeReports />
    <amendments />
    <createDate>2015-02-14T04:46:17Z</createDate>
    <originChamber>House</originChamber>
    <titles>
      <item>
        <parentTitleType />
        <titleType>Short Titles as Introduced</titleType>
        <title>Achievement Through Technology and Innovation Reauthorization Act of 2015</title>
        <chamberCode />
        <chamberName />
      </item>
      <item>
        <parentTitleType />
        <titleType>Official Title as Introduced</titleType>
        <title>To reauthorize the Enhancing Education Through Technology Act of 2001.</title>
        <chamberCode />
        <chamberName />
      </item>
      <item>
        <parentTitleType />
        <titleType>Display Title</titleType>
        <title>Achievement Through Technology and Innovation Reauthorization Act of 2015</title>
        <chamberCode />
        <chamberName />
      </item>
    </titles>
  </bill>
  <dublinCore xmlns:dc="http://purl.org/dc/elements/1.1/">
    <dc:format>text/xml</dc:format>
    <dc:language>EN</dc:language>
    <dc:rights>Pursuant to Title 17 Section 105 of the United States Code, this file is not subject to copyright protection and is in the public domain.</dc:rights>
    <dc:contributor>Congressional Research Service, Library of Congress</dc:contributor>
    <dc:description>This file contains bill summaries and statuses for federal legislation. A bill summary describes the most significant provisions of a piece of legislation and details the effects the legislative text may have on current law and federal programs. Bill summaries are authored by the Congressional Research Service (CRS) of the Library of Congress. As stated in Public Law 91-510 (2 USC 166 (d)(6)), one of the duties of CRS is "to prepare summaries and digests of bills and resolutions of a public general nature introduced in the Senate or House of Representatives". For more information, refer to the User Guide that accompanies this file.</dc:description>
  </dublinCore>
</billStatus>

