<?xml version="1.0" encoding="UTF-8"?>
<billStatus>
  <bill>
    <billType>HR</billType>
    <laws />
    <recordedVotes />
    <actions>
      <item>
        <actionDate>2015-02-10</actionDate>
        <committee>
          <systemCode>hspw05</systemCode>
          <name>Aviation Subcommittee</name>
        </committee>
        <links />
        <sourceSystem>
          <code>1</code>
          <name>House committee actions</name>
        </sourceSystem>
        <text>Referred to the Subcommittee on Aviation.</text>
        <type>Committee</type>
      </item>
      <item>
        <sourceSystem>
          <code>2</code>
          <name>House floor actions</name>
        </sourceSystem>
        <actionDate>2015-02-09</actionDate>
        <links />
        <committee>
          <systemCode>hspw00</systemCode>
          <name>Transportation and Infrastructure Committee</name>
        </committee>
        <text>Referred to the House Committee on Transportation and Infrastructure.</text>
        <type>IntroReferral</type>
        <actionCode>H11100</actionCode>
      </item>
      <item>
        <sourceSystem>
          <code>9</code>
          <name>Library of Congress</name>
        </sourceSystem>
        <actionDate>2015-02-09</actionDate>
        <links />
        <committee />
        <text>Introduced in House</text>
        <type>IntroReferral</type>
        <actionCode>Intro-H</actionCode>
      </item>
      <item>
        <sourceSystem>
          <code>9</code>
          <name>Library of Congress</name>
        </sourceSystem>
        <actionDate>2015-02-09</actionDate>
        <links />
        <committee />
        <text>Introduced in House</text>
        <type>IntroReferral</type>
        <actionCode>1000</actionCode>
      </item>
      <actionTypeCounts>
        <introducedInHouse>1</introducedInHouse>
        <placeholderTextForH>1</placeholderTextForH>
        <billReferrals>1</billReferrals>
        <introducedInTheHouse>1</introducedInTheHouse>
      </actionTypeCounts>
      <actionByCounts>
        <houseOfRepresentatives>4</houseOfRepresentatives>
      </actionByCounts>
    </actions>
    <billNumber>819</billNumber>
    <policyArea>
      <name>Transportation and Public Works</name>
    </policyArea>
    <notes />
    <latestAction>
      <actionDate>2015-02-10</actionDate>
      <links />
      <text>Referred to the Subcommittee on Aviation.</text>
    </latestAction>
    <relatedBills>
      <item>
        <congress>114</congress>
        <type>S</type>
        <relationshipDetails>
          <item>
            <identifiedBy>CRS</identifiedBy>
            <type>Related bill</type>
          </item>
        </relationshipDetails>
        <number>387</number>
        <latestAction>
          <actionDate>2015-02-05</actionDate>
          <text>Read twice and referred to the Committee on Commerce, Science, and Transportation.</text>
        </latestAction>
        <latestTitle>Safe Skies for Unmanned Aircraft Act of 2015</latestTitle>
      </item>
    </relatedBills>
    <committees>
      <billCommittees>
        <item>
          <activities>
            <item>
              <date>2015-02-09T18:02:05Z</date>
              <name>Referred to</name>
            </item>
          </activities>
          <chamber>House</chamber>
          <subcommittees>
            <item>
              <systemCode>hspw05</systemCode>
              <name>Aviation Subcommittee</name>
              <activities>
                <item>
                  <date>2015-02-10T15:26:50Z</date>
                  <name>Referred to</name>
                </item>
              </activities>
            </item>
          </subcommittees>
          <systemCode>hspw00</systemCode>
          <type>Standing</type>
          <name>Transportation and Infrastructure Committee</name>
        </item>
      </billCommittees>
    </committees>
    <cosponsors />
    <createDate>2015-02-10T05:11:53Z</createDate>
    <sponsors>
      <item>
        <fullName>Rep. Young, Don [R-AK-At Large]</fullName>
        <firstName>DON</firstName>
        <lastName>YOUNG</lastName>
        <state>AK</state>
        <party>R</party>
        <district>0</district>
        <bioguideId>Y000033</bioguideId>
        <identifiers>
          <lisID>1256</lisID>
          <bioguideId>Y000033</bioguideId>
          <gpoId>7785</gpoId>
        </identifiers>
        <middleName>E.</middleName>
        <byRequestType />
      </item>
    </sponsors>
    <committeeReports />
    <updateDate>2016-11-02T21:25:23Z</updateDate>
    <introducedDate>2015-02-09</introducedDate>
    <summaries>
      <billSummaries>
        <item>
          <versionCode>00</versionCode>
          <actionDate>2015-02-09</actionDate>
          <text><![CDATA[<p>This bill requires the Administrator of the Federal Aviation Administration, for purposes of determining whether an unmanned aircraft (drone) used for aeronautical research qualifies as a public aircraft, to use definitions under federal aviation safety law for determining whether the aircraft is used for:</p> <ul> <li>a commercial purpose, and</li> <li>aeronautical research and platform-based research.</li> </ul> <p>The Administrator must also develop procedures for the safe, beyond-line-of-sight operation of aeronautical research drones in the national airspace system.</p>]]></text>
          <lastSummaryUpdateDate>2015-03-04T17:50:18Z</lastSummaryUpdateDate>
          <actionDesc>Introduced in House</actionDesc>
          <name>Introduced in House</name>
          <updateDate>2015-02-09T05:00:00Z</updateDate>
        </item>
      </billSummaries>
    </summaries>
    <title>To require the Administrator of the Federal Aviation Administration to use the definitions in section 40125 of title 49, United States Code, in determining whether an unmanned aircraft conducting aeronautical research flights qualifies for public aircraft status under that section, and for other purposes.</title>
    <cboCostEstimates />
    <subjects>
      <billSubjects>
        <legislativeSubjects>
          <item>
            <name>Astronomy</name>
          </item>
          <item>
            <name>Atmospheric science and weather</name>
          </item>
          <item>
            <name>Aviation and airports</name>
          </item>
          <item>
            <name>Transportation safety and security</name>
          </item>
        </legislativeSubjects>
        <policyArea>
          <name>Transportation and Public Works</name>
        </policyArea>
      </billSubjects>
    </subjects>
    <amendments />
    <calendarNumbers />
    <congress>114</congress>
    <constitutionalAuthorityStatementText><![CDATA[<pre>From the Congressional Record Online through the Government Publishing Office [<a href='http://www.gpo.gov'>www.gpo.gov</a>]By Mr. YOUNG of Alaska:H.R. 819.Congress has the power to enact this legislation pursuantto the following:Article 1, Section 8, Clause 3[Page H867]</pre>]]></constitutionalAuthorityStatementText>
    <titles>
      <item>
        <chamberCode />
        <title>To require the Administrator of the Federal Aviation Administration to use the definitions in section 40125 of title 49, United States Code, in determining whether an unmanned aircraft conducting aeronautical research flights qualifies for public aircraft status under that section, and for other purposes.</title>
        <chamberName />
        <titleType>Official Title as Introduced</titleType>
        <parentTitleType />
      </item>
      <item>
        <chamberCode />
        <title>To require the Administrator of the Federal Aviation Administration to use the definitions in section 40125 of title 49, United States Code, in determining whether an unmanned aircraft conducting aeronautical research flights qualifies for public aircraft status under that section, and for other purposes.</title>
        <chamberName />
        <titleType>Display Title</titleType>
        <parentTitleType />
      </item>
    </titles>
    <originChamber>House</originChamber>
  </bill>
  <dublinCore xmlns:dc="http://purl.org/dc/elements/1.1/">
    <dc:format>text/xml</dc:format>
    <dc:language>EN</dc:language>
    <dc:rights>Pursuant to Title 17 Section 105 of the United States Code, this file is not subject to copyright protection and is in the public domain.</dc:rights>
    <dc:contributor>Congressional Research Service, Library of Congress</dc:contributor>
    <dc:description>This file contains bill summaries and statuses for federal legislation. A bill summary describes the most significant provisions of a piece of legislation and details the effects the legislative text may have on current law and federal programs. Bill summaries are authored by the Congressional Research Service (CRS) of the Library of Congress. As stated in Public Law 91-510 (2 USC 166 (d)(6)), one of the duties of CRS is "to prepare summaries and digests of bills and resolutions of a public general nature introduced in the Senate or House of Representatives". For more information, refer to the User Guide that accompanies this file.</dc:description>
  </dublinCore>
</billStatus>

