<?xml version="1.0" encoding="UTF-8"?>
<billStatus>
  <bill>
    <title>REBUILD Act</title>
    <updateDate>2016-11-02T21:16:02Z</updateDate>
    <relatedBills />
    <introducedDate>2015-01-08</introducedDate>
    <originChamber>House</originChamber>
    <cboCostEstimates />
    <policyArea>
      <name>Environmental Protection</name>
    </policyArea>
    <congress>114</congress>
    <billNumber>211</billNumber>
    <billType>HR</billType>
    <amendments />
    <recordedVotes />
    <committees>
      <billCommittees>
        <item>
          <subcommittees />
          <chamber>House</chamber>
          <systemCode>hsii00</systemCode>
          <activities>
            <item>
              <date>2015-01-08T15:02:50Z</date>
              <name>Referred to</name>
            </item>
          </activities>
          <type>Standing</type>
          <name>Natural Resources Committee</name>
        </item>
      </billCommittees>
    </committees>
    <laws />
    <subjects>
      <billSubjects>
        <legislativeSubjects>
          <item>
            <name>Administrative law and regulatory procedures</name>
          </item>
          <item>
            <name>Environmental assessment, monitoring, research</name>
          </item>
          <item>
            <name>Intergovernmental relations</name>
          </item>
          <item>
            <name>State and local government operations</name>
          </item>
        </legislativeSubjects>
        <policyArea>
          <name>Environmental Protection</name>
        </policyArea>
      </billSubjects>
    </subjects>
    <notes />
    <committeeReports />
    <actions>
      <item>
        <sourceSystem>
          <code>2</code>
          <name>House floor actions</name>
        </sourceSystem>
        <actionDate>2015-01-08</actionDate>
        <links />
        <committee>
          <systemCode>hsii00</systemCode>
          <name>Natural Resources Committee</name>
        </committee>
        <text>Referred to the House Committee on Natural Resources.</text>
        <type>IntroReferral</type>
        <actionCode>H11100</actionCode>
      </item>
      <item>
        <sourceSystem>
          <code>9</code>
          <name>Library of Congress</name>
        </sourceSystem>
        <actionDate>2015-01-08</actionDate>
        <links />
        <committee />
        <text>Introduced in House</text>
        <type>IntroReferral</type>
        <actionCode>Intro-H</actionCode>
      </item>
      <item>
        <sourceSystem>
          <code>9</code>
          <name>Library of Congress</name>
        </sourceSystem>
        <actionDate>2015-01-08</actionDate>
        <links />
        <committee />
        <text>Introduced in House</text>
        <type>IntroReferral</type>
        <actionCode>1000</actionCode>
      </item>
      <actionTypeCounts>
        <introducedInHouse>1</introducedInHouse>
        <introducedInTheHouse>1</introducedInTheHouse>
        <billReferrals>1</billReferrals>
      </actionTypeCounts>
      <actionByCounts>
        <houseOfRepresentatives>3</houseOfRepresentatives>
      </actionByCounts>
    </actions>
    <calendarNumbers />
    <latestAction>
      <links />
      <actionDate>2015-01-08</actionDate>
      <text>Referred to the House Committee on Natural Resources.</text>
    </latestAction>
    <titles>
      <item>
        <chamberCode />
        <chamberName />
        <title>REBUILD Act</title>
        <parentTitleType />
        <titleType>Short Titles as Introduced</titleType>
      </item>
      <item>
        <chamberCode />
        <chamberName />
        <title>Reducing Environmental Barriers to Unified Infrastructure and Land Development Act of 2015 Act</title>
        <parentTitleType />
        <titleType>Short Titles as Introduced</titleType>
      </item>
      <item>
        <chamberCode />
        <chamberName />
        <title>To amend the National Environmental Policy Act of 1969 to authorize assignment to States of Federal agency environmental review responsibilities, and for other purposes.</title>
        <parentTitleType />
        <titleType>Official Title as Introduced</titleType>
      </item>
      <item>
        <chamberCode />
        <chamberName />
        <title>REBUILD Act</title>
        <parentTitleType />
        <titleType>Display Title</titleType>
      </item>
    </titles>
    <summaries>
      <billSummaries>
        <item>
          <versionCode>00</versionCode>
          <actionDate>2015-01-08</actionDate>
          <text><![CDATA[<p><b>Reducing Environmental Barriers to Unified Infrastructure and Land Development Act of 2015 Act or the REBUILD Act </b></p> <p> This bill amends the National Environmental Policy Act of 1969 (NEPA) to authorize: (1) the assignment to states of federal environmental review responsibilities under NEPA and other relevant federal environmental laws for covered federal projects, and (2) states to assume all or part of those responsibilities. </p> <p>Each responsible federal official who is authorized to assign such responsibility must promulgate regulations that establish requirements relating to information required to be contained in state applications to assume those responsibilities.</p> <p> An official may approve an application only if: (1) public notice requirements have been met, (2) the state has the capability to assume the responsibilities, and (3) the head of the state agency having primary jurisdiction over covered projects enters into a written agreement with an official to assume the responsibilities and to maintain the financial resources necessary to carry them out.</p> <p>The officials must audit state compliance with federal laws for which responsibilities are assumed. The officials may terminate the responsibilities assigned to states after providing notice to states of any noncompliance and an opportunity to take corrective action.</p>]]></text>
          <lastSummaryUpdateDate>2015-07-23T20:44:47Z</lastSummaryUpdateDate>
          <actionDesc>Introduced in House</actionDesc>
          <name>Introduced in House</name>
          <updateDate>2015-01-08T05:00:00Z</updateDate>
        </item>
      </billSummaries>
    </summaries>
    <constitutionalAuthorityStatementText><![CDATA[<pre>From the Congressional Record Online through the Government Publishing Office [<a href='http://www.gpo.gov'>www.gpo.gov</a>]By Mr. CALVERT:H.R. 211.Congress has the power to enact this legislation pursuantto the following:The Constitutional authority of congress to enact thislegislation is provided by Article I, section 8 of the UnitedStates Constitution, specifically clause 18 (relating to thepower to make all laws necessary and proper for carrying outthe powers vested in Congress).[Page H156]</pre>]]></constitutionalAuthorityStatementText>
    <createDate>2015-01-09T04:46:23Z</createDate>
    <sponsors>
      <item>
        <state>CA</state>
        <fullName>Rep. Calvert, Ken [R-CA-42]</fullName>
        <middleName />
        <identifiers>
          <lisID>165</lisID>
          <gpoId>7849</gpoId>
          <bioguideId>C000059</bioguideId>
        </identifiers>
        <firstName>KEN</firstName>
        <lastName>CALVERT</lastName>
        <bioguideId>C000059</bioguideId>
        <district>42</district>
        <byRequestType />
        <party>R</party>
      </item>
    </sponsors>
    <cosponsors />
  </bill>
  <dublinCore xmlns:dc="http://purl.org/dc/elements/1.1/">
    <dc:format>text/xml</dc:format>
    <dc:language>EN</dc:language>
    <dc:rights>Pursuant to Title 17 Section 105 of the United States Code, this file is not subject to copyright protection and is in the public domain.</dc:rights>
    <dc:contributor>Congressional Research Service, Library of Congress</dc:contributor>
    <dc:description>This file contains bill summaries and statuses for federal legislation. A bill summary describes the most significant provisions of a piece of legislation and details the effects the legislative text may have on current law and federal programs. Bill summaries are authored by the Congressional Research Service (CRS) of the Library of Congress. As stated in Public Law 91-510 (2 USC 166 (d)(6)), one of the duties of CRS is "to prepare summaries and digests of bills and resolutions of a public general nature introduced in the Senate or House of Representatives". For more information, refer to the User Guide that accompanies this file.</dc:description>
  </dublinCore>
</billStatus>

