<?xml version="1.0" encoding="UTF-8"?>
<billStatus>
  <bill>
    <recordedVotes />
    <latestAction>
      <text>Placed on the Union Calendar, Calendar No. 384.</text>
      <actionDate>2016-04-19</actionDate>
      <links />
    </latestAction>
    <summaries>
      <billSummaries>
        <item>
          <name>Introduced in House</name>
          <text><![CDATA[<p><b>Burdensome Data Collection Relief Act</b> </p> <p> Amends the Dodd-Frank Wall Street Reform and Consumer Protection Act to repeal the requirement that the Securities and Exchange Commission amend certain federal regulations about executive compensation to require each issuer of securities to disclose in any filing: (1) the median of the annual total compensation of all the issuer's employees, except the chief executive officer; (2) the annual total compensation of the chief executive officer; and (3) the ratio of the first amount to the second.</p>]]></text>
          <actionDesc>Introduced in House</actionDesc>
          <versionCode>00</versionCode>
          <lastSummaryUpdateDate>2015-02-03T16:02:16Z</lastSummaryUpdateDate>
          <actionDate>2015-01-20</actionDate>
          <updateDate>2015-01-20T05:00:00Z</updateDate>
        </item>
        <item>
          <name>Reported to House without amendment</name>
          <text><![CDATA[<p>(This measure has not been amended since it was introduced. The summary has been expanded because action occurred on the measure.)</p> <p><b>Burdensome Data Collection Relief Act</b> </p> <p> (Sec. 2) This bill amends the Dodd-Frank Wall Street Reform and Consumer Protection Act to repeal the requirement that the Securities and Exchange Commission amend certain federal regulations about executive compensation to require each issuer of securities to disclose in any filing: (1) the median of the annual total compensation of all the issuer's employees, except the chief executive officer; (2) the annual total compensation of the chief executive officer; and (3) the ratio of the first amount to the second.</p>]]></text>
          <actionDesc>Reported to House without amendment</actionDesc>
          <versionCode>79</versionCode>
          <lastSummaryUpdateDate>2016-04-20T20:59:43Z</lastSummaryUpdateDate>
          <actionDate>2016-04-19</actionDate>
          <updateDate>2016-04-19T12:34:43Z</updateDate>
        </item>
      </billSummaries>
    </summaries>
    <sponsors>
      <item>
        <party>R</party>
        <identifiers>
          <lisID>2028</lisID>
          <bioguideId>H001058</bioguideId>
          <gpoId>7987</gpoId>
        </identifiers>
        <bioguideId>H001058</bioguideId>
        <lastName>Huizenga</lastName>
        <fullName>Rep. Huizenga, Bill [R-MI-2]</fullName>
        <district>2</district>
        <middleName />
        <state>MI</state>
        <byRequestType />
        <firstName>Bill</firstName>
      </item>
    </sponsors>
    <laws />
    <originChamber>House</originChamber>
    <cboCostEstimates>
      <item>
        <pubDate>2015-10-20T16:52:58Z</pubDate>
        <url>https://www.cbo.gov/publication/50915</url>
        <title>H.R. 414, Burdensome Data Collection Relief Act</title>
      </item>
    </cboCostEstimates>
    <notes />
    <title>Burdensome Data Collection Relief Act</title>
    <relatedBills>
      <item>
        <number>1722</number>
        <relationshipDetails>
          <item>
            <type>Related bill</type>
            <identifiedBy>CRS</identifiedBy>
          </item>
        </relationshipDetails>
        <latestAction>
          <actionDate>2015-07-08</actionDate>
          <text>Read twice and referred to the Committee on Banking, Housing, and Urban Affairs. (Sponsor introductory remarks on measure: CR S4930-4931)</text>
        </latestAction>
        <latestTitle>Salary Collection Regulatory Relief Act</latestTitle>
        <type>S</type>
        <congress>114</congress>
      </item>
    </relatedBills>
    <congress>114</congress>
    <titles>
      <item>
        <parentTitleType>Short Titles House of Representatives</parentTitleType>
        <chamberName>House</chamberName>
        <titleType>Short Titles as Reported to House</titleType>
        <title>Burdensome Data Collection Relief Act</title>
        <chamberCode>H</chamberCode>
      </item>
      <item>
        <parentTitleType />
        <chamberName />
        <titleType>Short Titles as Introduced</titleType>
        <title>Burdensome Data Collection Relief Act</title>
        <chamberCode />
      </item>
      <item>
        <parentTitleType />
        <chamberName />
        <titleType>Official Title as Introduced</titleType>
        <title>To amend the Dodd-Frank Wall Street Reform and Consumer Protection Act to repeal certain additional disclosure requirements, and for other purposes.</title>
        <chamberCode />
      </item>
      <item>
        <parentTitleType />
        <chamberName />
        <titleType>Display Title</titleType>
        <title>Burdensome Data Collection Relief Act</title>
        <chamberCode />
      </item>
    </titles>
    <introducedDate>2015-01-20</introducedDate>
    <committeeReports>
      <committeeReport>
        <citation>H. Rept. 114-504</citation>
      </committeeReport>
    </committeeReports>
    <billType>HR</billType>
    <policyArea>
      <name>Finance and Financial Sector</name>
    </policyArea>
    <amendments />
    <committees>
      <billCommittees>
        <item>
          <name>Financial Services Committee</name>
          <systemCode>hsba00</systemCode>
          <activities>
            <item>
              <name>Reported by</name>
              <date>2016-04-19T18:21:13Z</date>
            </item>
            <item>
              <name>Markup by</name>
              <date>2015-09-30T13:40:01Z</date>
            </item>
            <item>
              <name>Referred to</name>
              <date>2015-01-20T17:02:00Z</date>
            </item>
          </activities>
          <subcommittees />
          <chamber>House</chamber>
          <type>Standing</type>
        </item>
      </billCommittees>
    </committees>
    <actions>
      <actionTypeCounts>
        <billReferrals>1</billReferrals>
        <introducedInTheHouse>1</introducedInTheHouse>
        <reportedToHouse>1</reportedToHouse>
        <introducedInHouse>1</introducedInHouse>
        <committeeReportOfABill>1</committeeReportOfABill>
        <unionCalendarAssignment>1</unionCalendarAssignment>
        <placeholderTextForH>1</placeholderTextForH>
        <actionStageOverride>1</actionStageOverride>
      </actionTypeCounts>
      <actionByCounts>
        <houseOfRepresentatives>8</houseOfRepresentatives>
      </actionByCounts>
      <item>
        <actionDate>2016-04-19</actionDate>
        <text>Placed on the Union Calendar, Calendar No. 384.</text>
        <sourceSystem>
          <name>House floor actions</name>
          <code>2</code>
        </sourceSystem>
        <committee />
        <links />
        <actionCode>H12410</actionCode>
        <type>Calendars</type>
      </item>
      <item>
        <actionDate>2016-04-19</actionDate>
        <text>Reported by the Committee on Financial Services. H. Rept. 114-504.</text>
        <sourceSystem>
          <name>House floor actions</name>
          <code>2</code>
        </sourceSystem>
        <committee>
          <systemCode>hsba00</systemCode>
          <name>Financial Services Committee</name>
        </committee>
        <links>
          <link>
            <name>H. Rept. 114-504</name>
            <url>https://www.congress.gov/congressional-report/114th-congress/house-report/504</url>
          </link>
        </links>
        <actionCode>H12200</actionCode>
        <type>Committee</type>
      </item>
      <item>
        <actionDate>2016-04-19</actionDate>
        <text>Reported by the Committee on Financial Services. H. Rept. 114-504.</text>
        <sourceSystem>
          <name>Library of Congress</name>
          <code>9</code>
        </sourceSystem>
        <committee>
          <systemCode>hsba00</systemCode>
          <name>Financial Services Committee</name>
        </committee>
        <links>
          <link>
            <name>H. Rept. 114-504</name>
            <url>https://www.congress.gov/congressional-report/114th-congress/house-report/504</url>
          </link>
        </links>
        <actionCode>5000</actionCode>
        <type>Committee</type>
      </item>
      <item>
        <actionDate>2015-09-30</actionDate>
        <committee>
          <systemCode>hsba00</systemCode>
          <name>Financial Services Committee</name>
        </committee>
        <links />
        <sourceSystem>
          <name>House committee actions</name>
          <code>1</code>
        </sourceSystem>
        <text>Ordered to be Reported by the Yeas and Nays: 32 - 25.</text>
        <type>Committee</type>
      </item>
      <item>
        <actionDate>2015-09-30</actionDate>
        <committee>
          <systemCode>hsba00</systemCode>
          <name>Financial Services Committee</name>
        </committee>
        <links />
        <sourceSystem>
          <name>House committee actions</name>
          <code>1</code>
        </sourceSystem>
        <text>Committee Consideration and Mark-up Session Held.</text>
        <type>Committee</type>
      </item>
      <item>
        <actionDate>2015-01-20</actionDate>
        <text>Referred to the House Committee on Financial Services.</text>
        <sourceSystem>
          <name>House floor actions</name>
          <code>2</code>
        </sourceSystem>
        <committee>
          <systemCode>hsba00</systemCode>
          <name>Financial Services Committee</name>
        </committee>
        <links />
        <actionCode>H11100</actionCode>
        <type>IntroReferral</type>
      </item>
      <item>
        <actionDate>2015-01-20</actionDate>
        <text>Introduced in House</text>
        <sourceSystem>
          <name>Library of Congress</name>
          <code>9</code>
        </sourceSystem>
        <committee />
        <links />
        <actionCode>Intro-H</actionCode>
        <type>IntroReferral</type>
      </item>
      <item>
        <actionDate>2015-01-20</actionDate>
        <text>Introduced in House</text>
        <sourceSystem>
          <name>Library of Congress</name>
          <code>9</code>
        </sourceSystem>
        <committee />
        <links />
        <actionCode>1000</actionCode>
        <type>IntroReferral</type>
      </item>
    </actions>
    <calendarNumbers>
      <item>
        <number />
        <calendar>U00384</calendar>
      </item>
    </calendarNumbers>
    <updateDate>2017-01-18T12:33:40Z</updateDate>
    <billNumber>414</billNumber>
    <cosponsors>
      <item>
        <sponsorshipDate>2015-01-20</sponsorshipDate>
        <isOriginalCosponsor>True</isOriginalCosponsor>
        <district>5</district>
        <bioguideId>G000548</bioguideId>
        <identifiers>
          <lisID>1737</lisID>
          <gpoId>8047</gpoId>
          <bioguideId>G000548</bioguideId>
        </identifiers>
        <firstName>Scott</firstName>
        <sponsorshipWithdrawnDate />
        <party>R</party>
        <fullName>Rep. Garrett, Scott [R-NJ-5]</fullName>
        <state>NJ</state>
        <middleName />
        <lastName>Garrett</lastName>
      </item>
      <item>
        <sponsorshipDate>2015-01-20</sponsorshipDate>
        <isOriginalCosponsor>True</isOriginalCosponsor>
        <district>39</district>
        <bioguideId>R000487</bioguideId>
        <identifiers>
          <lisID>998</lisID>
          <gpoId>7845</gpoId>
          <bioguideId>R000487</bioguideId>
        </identifiers>
        <firstName>ED</firstName>
        <sponsorshipWithdrawnDate />
        <party>R</party>
        <fullName>Rep. Royce, Edward R. [R-CA-39]</fullName>
        <state>CA</state>
        <middleName />
        <lastName>ROYCE</lastName>
      </item>
      <item>
        <sponsorshipDate>2015-01-20</sponsorshipDate>
        <isOriginalCosponsor>True</isOriginalCosponsor>
        <district>1</district>
        <bioguideId>G000570</bioguideId>
        <identifiers>
          <bioguideId>G000570</bioguideId>
          <lisID>2038</lisID>
          <gpoId>8041</gpoId>
        </identifiers>
        <firstName>Frank</firstName>
        <sponsorshipWithdrawnDate />
        <party>R</party>
        <fullName>Rep. Guinta, Frank C. [R-NH-1]</fullName>
        <state>NH</state>
        <middleName>C.</middleName>
        <lastName>Guinta</lastName>
      </item>
      <item>
        <sponsorshipDate>2015-01-20</sponsorshipDate>
        <isOriginalCosponsor>True</isOriginalCosponsor>
        <district>15</district>
        <bioguideId>S001187</bioguideId>
        <identifiers>
          <lisID>2047</lisID>
          <bioguideId>S001187</bioguideId>
          <gpoId>8105</gpoId>
        </identifiers>
        <firstName>Steve</firstName>
        <sponsorshipWithdrawnDate />
        <party>R</party>
        <fullName>Rep. Stivers, Steve [R-OH-15]</fullName>
        <state>OH</state>
        <middleName />
        <lastName>Stivers</lastName>
      </item>
      <item>
        <sponsorshipDate>2015-01-20</sponsorshipDate>
        <isOriginalCosponsor>True</isOriginalCosponsor>
        <district>19</district>
        <bioguideId>N000182</bioguideId>
        <identifiers>
          <lisID>1758</lisID>
          <bioguideId>N000182</bioguideId>
          <gpoId>8175</gpoId>
        </identifiers>
        <firstName>Randy</firstName>
        <sponsorshipWithdrawnDate />
        <party>R</party>
        <fullName>Rep. Neugebauer, Randy [R-TX-19]</fullName>
        <state>TX</state>
        <middleName />
        <lastName>Neugebauer</lastName>
      </item>
      <item>
        <sponsorshipDate>2015-01-20</sponsorshipDate>
        <isOriginalCosponsor>True</isOriginalCosponsor>
        <district>7</district>
        <bioguideId>D000614</bioguideId>
        <identifiers>
          <bioguideId>D000614</bioguideId>
          <gpoId>8220</gpoId>
          <lisID>2072</lisID>
        </identifiers>
        <firstName>Sean</firstName>
        <sponsorshipWithdrawnDate />
        <party>R</party>
        <fullName>Rep. Duffy, Sean P. [R-WI-7]</fullName>
        <state>WI</state>
        <middleName>P.</middleName>
        <lastName>Duffy</lastName>
      </item>
      <item>
        <sponsorshipDate>2015-01-20</sponsorshipDate>
        <isOriginalCosponsor>True</isOriginalCosponsor>
        <district>10</district>
        <bioguideId>M001156</bioguideId>
        <identifiers>
          <lisID>1792</lisID>
          <gpoId>8033</gpoId>
          <bioguideId>M001156</bioguideId>
        </identifiers>
        <firstName>Patrick</firstName>
        <sponsorshipWithdrawnDate />
        <party>R</party>
        <fullName>Rep. McHenry, Patrick T. [R-NC-10]</fullName>
        <state>NC</state>
        <middleName />
        <lastName>McHenry</lastName>
      </item>
      <item>
        <sponsorshipDate>2015-01-20</sponsorshipDate>
        <isOriginalCosponsor>True</isOriginalCosponsor>
        <district>2</district>
        <bioguideId>W000812</bioguideId>
        <identifiers>
          <gpoId />
          <bioguideId>W000812</bioguideId>
          <lisID>2137</lisID>
        </identifiers>
        <firstName>Ann</firstName>
        <sponsorshipWithdrawnDate />
        <party>R</party>
        <fullName>Rep. Wagner, Ann [R-MO-2]</fullName>
        <state>MO</state>
        <middleName />
        <lastName>Wagner</lastName>
      </item>
      <item>
        <sponsorshipDate>2015-01-20</sponsorshipDate>
        <isOriginalCosponsor>True</isOriginalCosponsor>
        <district>6</district>
        <bioguideId>M001189</bioguideId>
        <identifiers>
          <bioguideId>M001189</bioguideId>
          <lisID>2130</lisID>
          <gpoId />
        </identifiers>
        <firstName>Luke</firstName>
        <sponsorshipWithdrawnDate />
        <party>R</party>
        <fullName>Rep. Messer, Luke [R-IN-6]</fullName>
        <state>IN</state>
        <middleName />
        <lastName>Messer</lastName>
      </item>
      <item>
        <sponsorshipDate>2015-01-20</sponsorshipDate>
        <isOriginalCosponsor>True</isOriginalCosponsor>
        <district>2</district>
        <bioguideId>H001072</bioguideId>
        <identifiers>
          <gpoId />
          <bioguideId>H001072</bioguideId>
          <lisID>2223</lisID>
        </identifiers>
        <firstName>J.</firstName>
        <sponsorshipWithdrawnDate />
        <party>R</party>
        <fullName>Rep. Hill, J. French [R-AR-2]</fullName>
        <state>AR</state>
        <middleName>French</middleName>
        <lastName>Hill</lastName>
      </item>
      <item>
        <sponsorshipDate>2015-01-20</sponsorshipDate>
        <isOriginalCosponsor>True</isOriginalCosponsor>
        <district>6</district>
        <bioguideId>B001282</bioguideId>
        <identifiers>
          <lisID>2131</lisID>
          <bioguideId>B001282</bioguideId>
          <gpoId />
        </identifiers>
        <firstName>Andy</firstName>
        <sponsorshipWithdrawnDate />
        <party>R</party>
        <fullName>Rep. Barr, Andy [R-KY-6]</fullName>
        <state>KY</state>
        <middleName />
        <lastName>Barr</lastName>
      </item>
      <item>
        <sponsorshipDate>2015-01-20</sponsorshipDate>
        <isOriginalCosponsor>True</isOriginalCosponsor>
        <district>3</district>
        <bioguideId>L000569</bioguideId>
        <identifiers>
          <gpoId>8017</gpoId>
          <lisID>1931</lisID>
          <bioguideId>L000569</bioguideId>
        </identifiers>
        <firstName>Blaine</firstName>
        <sponsorshipWithdrawnDate />
        <party>R</party>
        <fullName>Rep. Luetkemeyer, Blaine [R-MO-3]</fullName>
        <state>MO</state>
        <middleName />
        <lastName>Luetkemeyer</lastName>
      </item>
      <item>
        <sponsorshipDate>2015-01-20</sponsorshipDate>
        <isOriginalCosponsor>True</isOriginalCosponsor>
        <district>25</district>
        <bioguideId>W000816</bioguideId>
        <identifiers>
          <gpoId />
          <lisID>2165</lisID>
          <bioguideId>W000816</bioguideId>
        </identifiers>
        <firstName>Roger</firstName>
        <sponsorshipWithdrawnDate />
        <party>R</party>
        <fullName>Rep. Williams, Roger [R-TX-25]</fullName>
        <state>TX</state>
        <middleName />
        <lastName>Williams</lastName>
      </item>
      <item>
        <sponsorshipDate>2015-01-20</sponsorshipDate>
        <isOriginalCosponsor>True</isOriginalCosponsor>
        <district>5</district>
        <bioguideId>M001182</bioguideId>
        <identifiers>
          <gpoId>8145</gpoId>
          <lisID>2059</lisID>
          <bioguideId>M001182</bioguideId>
        </identifiers>
        <firstName>Mick</firstName>
        <sponsorshipWithdrawnDate />
        <party>R</party>
        <fullName>Rep. Mulvaney, Mick [R-SC-5]</fullName>
        <state>SC</state>
        <middleName />
        <lastName>Mulvaney</lastName>
      </item>
      <item>
        <sponsorshipDate>2015-01-21</sponsorshipDate>
        <isOriginalCosponsor>False</isOriginalCosponsor>
        <district>2</district>
        <bioguideId>K000210</bioguideId>
        <identifiers>
          <lisID>635</lisID>
          <bioguideId>K000210</bioguideId>
          <gpoId>8064</gpoId>
        </identifiers>
        <firstName>PETER</firstName>
        <sponsorshipWithdrawnDate />
        <party>R</party>
        <fullName>Rep. King, Peter T. [R-NY-2]</fullName>
        <state>NY</state>
        <middleName>T.</middleName>
        <lastName>KING</lastName>
      </item>
      <item>
        <sponsorshipDate>2015-01-26</sponsorshipDate>
        <isOriginalCosponsor>False</isOriginalCosponsor>
        <district>5</district>
        <bioguideId>H001060</bioguideId>
        <identifiers>
          <gpoId>8196</gpoId>
          <lisID>2069</lisID>
          <bioguideId>H001060</bioguideId>
        </identifiers>
        <firstName>Robert</firstName>
        <sponsorshipWithdrawnDate />
        <party>R</party>
        <fullName>Rep. Hurt, Robert [R-VA-5]</fullName>
        <state>VA</state>
        <middleName />
        <lastName>Hurt</lastName>
      </item>
      <item>
        <sponsorshipDate>2015-02-05</sponsorshipDate>
        <isOriginalCosponsor>False</isOriginalCosponsor>
        <district>9</district>
        <bioguideId>P000606</bioguideId>
        <identifiers>
          <bioguideId>P000606</bioguideId>
          <gpoId />
          <lisID>2141</lisID>
        </identifiers>
        <firstName>Robert</firstName>
        <sponsorshipWithdrawnDate />
        <party>R</party>
        <fullName>Rep. Pittenger, Robert [R-NC-9]</fullName>
        <state>NC</state>
        <middleName />
        <lastName>Pittenger</lastName>
      </item>
      <item>
        <sponsorshipDate>2015-07-29</sponsorshipDate>
        <isOriginalCosponsor>False</isOriginalCosponsor>
        <district>3</district>
        <bioguideId>L000491</bioguideId>
        <identifiers>
          <gpoId>8111</gpoId>
          <lisID>711</lisID>
          <bioguideId>L000491</bioguideId>
        </identifiers>
        <firstName>FRANK</firstName>
        <sponsorshipWithdrawnDate />
        <party>R</party>
        <fullName>Rep. Lucas, Frank D. [R-OK-3]</fullName>
        <state>OK</state>
        <middleName>D.</middleName>
        <lastName>LUCAS</lastName>
      </item>
      <item>
        <sponsorshipDate>2015-07-29</sponsorshipDate>
        <isOriginalCosponsor>False</isOriginalCosponsor>
        <district>6</district>
        <bioguideId>S001183</bioguideId>
        <identifiers>
          <bioguideId>S001183</bioguideId>
          <gpoId>7802</gpoId>
          <lisID>1994</lisID>
        </identifiers>
        <firstName>David</firstName>
        <sponsorshipWithdrawnDate />
        <party>R</party>
        <fullName>Rep. Schweikert, David [R-AZ-6]</fullName>
        <state>AZ</state>
        <middleName />
        <lastName>Schweikert</lastName>
      </item>
      <item>
        <sponsorshipDate>2015-07-29</sponsorshipDate>
        <isOriginalCosponsor>False</isOriginalCosponsor>
        <district>2</district>
        <bioguideId>P000588</bioguideId>
        <identifiers>
          <gpoId>8057</gpoId>
          <lisID>1738</lisID>
          <bioguideId>P000588</bioguideId>
        </identifiers>
        <firstName>Stevan</firstName>
        <sponsorshipWithdrawnDate />
        <party>R</party>
        <fullName>Rep. Pearce, Stevan [R-NM-2]</fullName>
        <state>NM</state>
        <middleName />
        <lastName>Pearce</lastName>
      </item>
      <item>
        <sponsorshipDate>2015-07-29</sponsorshipDate>
        <isOriginalCosponsor>False</isOriginalCosponsor>
        <district>3</district>
        <bioguideId>W000796</bioguideId>
        <identifiers>
          <gpoId>7900</gpoId>
          <lisID>1779</lisID>
          <bioguideId>W000796</bioguideId>
        </identifiers>
        <firstName>Lynn</firstName>
        <sponsorshipWithdrawnDate />
        <party>R</party>
        <fullName>Rep. Westmoreland, Lynn A. [R-GA-3]</fullName>
        <state>GA</state>
        <middleName>A.</middleName>
        <lastName>Westmoreland</lastName>
      </item>
      <item>
        <sponsorshipDate>2015-07-29</sponsorshipDate>
        <isOriginalCosponsor>False</isOriginalCosponsor>
        <district>3</district>
        <bioguideId>S001188</bioguideId>
        <identifiers>
          <gpoId>7942</gpoId>
          <lisID>1981</lisID>
          <bioguideId>S001188</bioguideId>
        </identifiers>
        <firstName>Marlin</firstName>
        <sponsorshipWithdrawnDate />
        <party>R</party>
        <fullName>Rep. Stutzman, Marlin A. [R-IN-3]</fullName>
        <state>IN</state>
        <middleName>A.</middleName>
        <lastName>Stutzman</lastName>
      </item>
      <item>
        <sponsorshipDate>2015-07-29</sponsorshipDate>
        <isOriginalCosponsor>False</isOriginalCosponsor>
        <district>8</district>
        <bioguideId>F000458</bioguideId>
        <identifiers>
          <bioguideId>F000458</bioguideId>
          <lisID>2064</lisID>
          <gpoId>8741</gpoId>
        </identifiers>
        <firstName>Stephen</firstName>
        <sponsorshipWithdrawnDate />
        <party>R</party>
        <fullName>Rep. Fincher, Stephen Lee [R-TN-8]</fullName>
        <state>TN</state>
        <middleName>Lee</middleName>
        <lastName>Fincher</lastName>
      </item>
    </cosponsors>
    <createDate>2015-01-21T04:46:23Z</createDate>
    <subjects>
      <billSubjects>
        <policyArea>
          <name>Finance and Financial Sector</name>
        </policyArea>
        <legislativeSubjects>
          <item>
            <name>Business records</name>
          </item>
          <item>
            <name>Corporate finance and management</name>
          </item>
          <item>
            <name>Government information and archives</name>
          </item>
          <item>
            <name>Securities</name>
          </item>
          <item>
            <name>Wages and earnings</name>
          </item>
        </legislativeSubjects>
      </billSubjects>
    </subjects>
    <constitutionalAuthorityStatementText><![CDATA[<pre>From the Congressional Record Online through the Government Publishing Office [<a href='http://www.gpo.gov'>www.gpo.gov</a>]By Mr. HUIZENGA of Michigan:H.R. 414.Congress has the power to enact this legislation pursuantto the following:Article I, Section 8, Clause 3 (relating to the power toregulate interstate commerce).[Page H431]</pre>]]></constitutionalAuthorityStatementText>
  </bill>
  <dublinCore xmlns:dc="http://purl.org/dc/elements/1.1/">
    <dc:format>text/xml</dc:format>
    <dc:language>EN</dc:language>
    <dc:rights>Pursuant to Title 17 Section 105 of the United States Code, this file is not subject to copyright protection and is in the public domain.</dc:rights>
    <dc:contributor>Congressional Research Service, Library of Congress</dc:contributor>
    <dc:description>This file contains bill summaries and statuses for federal legislation. A bill summary describes the most significant provisions of a piece of legislation and details the effects the legislative text may have on current law and federal programs. Bill summaries are authored by the Congressional Research Service (CRS) of the Library of Congress. As stated in Public Law 91-510 (2 USC 166 (d)(6)), one of the duties of CRS is "to prepare summaries and digests of bills and resolutions of a public general nature introduced in the Senate or House of Representatives". For more information, refer to the User Guide that accompanies this file.</dc:description>
  </dublinCore>
</billStatus>

