<?xml version="1.0" encoding="UTF-8"?>
<billStatus>
  <bill>
    <committeeReports />
    <sponsors>
      <item>
        <middleName>N.</middleName>
        <party>D</party>
        <fullName>Rep. Cicilline, David N. [D-RI-1]</fullName>
        <state>RI</state>
        <byRequestType />
        <lastName>Cicilline</lastName>
        <district>1</district>
        <identifiers>
          <bioguideId>C001084</bioguideId>
          <lisID>2055</lisID>
          <gpoId>8139</gpoId>
        </identifiers>
        <firstName>David</firstName>
        <bioguideId>C001084</bioguideId>
      </item>
    </sponsors>
    <recordedVotes>
      <recordedVote>
        <chamber>House</chamber>
        <date>2015-04-29T18:26:47Z</date>
        <congress>114</congress>
        <fullActionName>Final Passage Under Suspension of the Rules Results</fullActionName>
        <url>http://clerk.house.gov/evs/2015/roll177.xml</url>
        <rollNumber>177</rollNumber>
        <sessionNumber>1</sessionNumber>
      </recordedVote>
    </recordedVotes>
    <updateDate>2017-01-20T09:53:01Z</updateDate>
    <actions>
      <actionByCounts>
        <houseOfRepresentatives>13</houseOfRepresentatives>
        <senate>8</senate>
      </actionByCounts>
      <item>
        <text>Became Public Law No: 114-15.</text>
        <links>
          <link>
            <url>https://www.congress.gov/bill/114th-congress/house-bill/651/text/pl</url>
            <name>Public Law No: 114-15</name>
          </link>
        </links>
        <sourceSystem>
          <code>2</code>
          <name>House floor actions</name>
        </sourceSystem>
        <actionCode>E40000</actionCode>
        <type>President</type>
        <actionDate>2015-05-22</actionDate>
        <committee />
      </item>
      <item>
        <text>Became Public Law No: 114-15.</text>
        <links>
          <link>
            <url>https://www.congress.gov/bill/114th-congress/house-bill/651/text/pl</url>
            <name>Public Law No: 114-15</name>
          </link>
        </links>
        <sourceSystem>
          <code>9</code>
          <name>Library of Congress</name>
        </sourceSystem>
        <actionCode>36000</actionCode>
        <type>BecameLaw</type>
        <actionDate>2015-05-22</actionDate>
        <committee />
      </item>
      <item>
        <text>Signed by President.</text>
        <links />
        <sourceSystem>
          <code>2</code>
          <name>House floor actions</name>
        </sourceSystem>
        <actionCode>E30000</actionCode>
        <type>President</type>
        <actionDate>2015-05-22</actionDate>
        <committee />
      </item>
      <item>
        <text>Signed by President.</text>
        <links />
        <sourceSystem>
          <code>9</code>
          <name>Library of Congress</name>
        </sourceSystem>
        <actionCode>36000</actionCode>
        <type>BecameLaw</type>
        <actionDate>2015-05-22</actionDate>
        <committee />
      </item>
      <item>
        <text>Presented to President.</text>
        <links />
        <sourceSystem>
          <code>2</code>
          <name>House floor actions</name>
        </sourceSystem>
        <actionCode>E20000</actionCode>
        <type>Floor</type>
        <actionDate>2015-05-14</actionDate>
        <committee />
      </item>
      <item>
        <text>Presented to President.</text>
        <links />
        <sourceSystem>
          <code>9</code>
          <name>Library of Congress</name>
        </sourceSystem>
        <actionCode>28000</actionCode>
        <type>President</type>
        <actionDate>2015-05-14</actionDate>
        <committee />
      </item>
      <item>
        <actionDate>2015-05-12</actionDate>
        <committee />
        <links />
        <sourceSystem>
          <code>0</code>
          <name>Senate</name>
        </sourceSystem>
        <text>Message on Senate action sent to the House.</text>
        <type>Floor</type>
      </item>
      <item>
        <actionDate>2015-05-11</actionDate>
        <committee />
        <links>
          <link>
            <url>https://www.congress.gov/congressional-record/volume-161/senate-section/page/S2763</url>
            <name>S2763</name>
          </link>
        </links>
        <sourceSystem>
          <code>0</code>
          <name>Senate</name>
        </sourceSystem>
        <text>Passed Senate without amendment by Unanimous Consent. (consideration: CR S2763)</text>
        <type>Floor</type>
      </item>
      <item>
        <text>Passed/agreed to in Senate: Passed Senate without amendment by Unanimous Consent.(consideration: CR S2763)</text>
        <links>
          <link>
            <url>https://www.congress.gov/congressional-record/volume-161/senate-section/page/S2763</url>
            <name>S2763</name>
          </link>
        </links>
        <sourceSystem>
          <code>9</code>
          <name>Library of Congress</name>
        </sourceSystem>
        <actionCode>17000</actionCode>
        <type>Floor</type>
        <actionDate>2015-05-11</actionDate>
        <committee />
      </item>
      <item>
        <actionDate>2015-05-06</actionDate>
        <committee />
        <links />
        <sourceSystem>
          <code>0</code>
          <name>Senate</name>
        </sourceSystem>
        <text>Placed on Senate Legislative Calendar under General Orders. Calendar No. 71.</text>
        <type>Calendars</type>
      </item>
      <item>
        <actionDate>2015-05-06</actionDate>
        <committee>
          <systemCode>ssga00</systemCode>
          <name>Homeland Security and Governmental Affairs Committee</name>
        </committee>
        <links />
        <sourceSystem>
          <code>0</code>
          <name>Senate</name>
        </sourceSystem>
        <text>Committee on Homeland Security and Governmental Affairs. Reported by Senator Johnson without amendment. Without written report.</text>
        <type>Committee</type>
      </item>
      <item>
        <text>Committee on Homeland Security and Governmental Affairs. Reported by Senator Johnson without amendment. Without written report.</text>
        <links />
        <sourceSystem>
          <code>9</code>
          <name>Library of Congress</name>
        </sourceSystem>
        <actionCode>14000</actionCode>
        <type>Committee</type>
        <actionDate>2015-05-06</actionDate>
        <committee>
          <systemCode>ssga00</systemCode>
          <name>Homeland Security and Governmental Affairs Committee</name>
        </committee>
      </item>
      <item>
        <actionDate>2015-05-06</actionDate>
        <committee>
          <systemCode>ssga00</systemCode>
          <name>Homeland Security and Governmental Affairs Committee</name>
        </committee>
        <links />
        <sourceSystem>
          <code>0</code>
          <name>Senate</name>
        </sourceSystem>
        <text>Committee on Homeland Security and Governmental Affairs. Ordered to be reported without amendment favorably.</text>
        <type>Committee</type>
      </item>
      <item>
        <actionDate>2015-04-30</actionDate>
        <committee>
          <systemCode>ssga00</systemCode>
          <name>Homeland Security and Governmental Affairs Committee</name>
        </committee>
        <links />
        <sourceSystem>
          <code>0</code>
          <name>Senate</name>
        </sourceSystem>
        <text>Received in the Senate and Read twice and referred to the Committee on Homeland Security and Governmental Affairs.</text>
        <type>IntroReferral</type>
      </item>
      <item>
        <text>Motion to reconsider laid on the table Agreed to without objection.</text>
        <links />
        <sourceSystem>
          <code>2</code>
          <name>House floor actions</name>
        </sourceSystem>
        <actionCode>H38310</actionCode>
        <type>Floor</type>
        <actionDate>2015-04-29</actionDate>
        <committee />
        <actionTime>14:26:48</actionTime>
      </item>
      <item>
        <text>On motion to suspend the rules and pass the bill Agreed to by the Yeas and Nays: (2/3 required): 423 - 0 (Roll no. 177). (text: CR 4/28/2015 H2483)</text>
        <links>
          <link>
            <url>https://www.congress.gov/congressional-record/volume-161/house-section/page/H2483</url>
            <name>CR 4/28/2015 H2483</name>
          </link>
          <link>
            <url>http://clerk.house.gov/evs/2015/roll177.xml</url>
            <name>Roll no. 177</name>
          </link>
        </links>
        <sourceSystem>
          <code>2</code>
          <name>House floor actions</name>
        </sourceSystem>
        <actionCode>H37300</actionCode>
        <type>Floor</type>
        <actionDate>2015-04-29</actionDate>
        <committee />
        <actionTime>14:26:47</actionTime>
      </item>
      <item>
        <text>Passed/agreed to in House: On motion to suspend the rules and pass the bill Agreed to by the Yeas and Nays: (2/3 required): 423 - 0 (Roll no. 177).(text: CR 4/28/2015 H2483)</text>
        <links>
          <link>
            <url>https://www.congress.gov/congressional-record/volume-161/house-section/page/H2483</url>
            <name>CR 4/28/2015 H2483</name>
          </link>
          <link>
            <url>http://clerk.house.gov/evs/2015/roll177.xml</url>
            <name>Roll no. 177</name>
          </link>
        </links>
        <sourceSystem>
          <code>9</code>
          <name>Library of Congress</name>
        </sourceSystem>
        <actionCode>8000</actionCode>
        <type>Floor</type>
        <actionDate>2015-04-29</actionDate>
        <committee />
        <actionTime>14:26:47</actionTime>
      </item>
      <item>
        <text>Considered as unfinished business. (consideration: CR H2515-2516)</text>
        <links>
          <link>
            <url>https://www.congress.gov/congressional-record/volume-161/house-section/page/H2515-2516</url>
            <name>H2515-2516</name>
          </link>
        </links>
        <sourceSystem>
          <code>2</code>
          <name>House floor actions</name>
        </sourceSystem>
        <actionCode>H30000</actionCode>
        <type>Floor</type>
        <actionDate>2015-04-29</actionDate>
        <committee />
        <actionTime>14:18:35</actionTime>
      </item>
      <item>
        <text>At the conclusion of debate, the Yeas and Nays were demanded and ordered. Pursuant to the provisions of clause 8, rule XX, the Chair announced that further proceedings on the motion would be postponed.</text>
        <links />
        <sourceSystem>
          <code>2</code>
          <name>House floor actions</name>
        </sourceSystem>
        <actionCode>H37220</actionCode>
        <type>Floor</type>
        <actionDate>2015-04-28</actionDate>
        <committee />
        <actionTime>16:18:22</actionTime>
      </item>
      <item>
        <text>DEBATE - The House proceeded with forty minutes of debate on H.R. 651.</text>
        <links>
          <link>
            <url>https://www.congress.gov/bill/114th-congress/house-bill/651</url>
            <name>H.R. 651</name>
          </link>
        </links>
        <sourceSystem>
          <code>2</code>
          <name>House floor actions</name>
        </sourceSystem>
        <actionCode>H8D000</actionCode>
        <type>Floor</type>
        <actionDate>2015-04-28</actionDate>
        <committee />
        <actionTime>16:12:39</actionTime>
      </item>
      <item>
        <text>Considered under suspension of the rules. (consideration: CR H2483)</text>
        <links>
          <link>
            <url>https://www.congress.gov/congressional-record/volume-161/house-section/page/H2483</url>
            <name>H2483</name>
          </link>
        </links>
        <sourceSystem>
          <code>2</code>
          <name>House floor actions</name>
        </sourceSystem>
        <actionCode>H30000</actionCode>
        <type>Floor</type>
        <actionDate>2015-04-28</actionDate>
        <committee />
        <actionTime>16:12:36</actionTime>
      </item>
      <item>
        <text>Mr. Hice, Jody B. moved to suspend the rules and pass the bill.</text>
        <links />
        <sourceSystem>
          <code>2</code>
          <name>House floor actions</name>
        </sourceSystem>
        <actionCode>H30300</actionCode>
        <type>Floor</type>
        <actionDate>2015-04-28</actionDate>
        <committee />
        <actionTime>16:12:21</actionTime>
      </item>
      <item>
        <actionDate>2015-03-25</actionDate>
        <committee>
          <systemCode>hsgo00</systemCode>
          <name>Oversight and Government Reform Committee</name>
        </committee>
        <links />
        <sourceSystem>
          <code>1</code>
          <name>House committee actions</name>
        </sourceSystem>
        <text>Ordered to be Reported by Voice Vote.</text>
        <type>Committee</type>
      </item>
      <item>
        <actionDate>2015-03-25</actionDate>
        <committee>
          <systemCode>hsgo00</systemCode>
          <name>Oversight and Government Reform Committee</name>
        </committee>
        <links />
        <sourceSystem>
          <code>1</code>
          <name>House committee actions</name>
        </sourceSystem>
        <text>Committee Consideration and Mark-up Session Held.</text>
        <type>Committee</type>
      </item>
      <item>
        <text>Referred to the House Committee on Oversight and Government Reform.</text>
        <links />
        <sourceSystem>
          <code>2</code>
          <name>House floor actions</name>
        </sourceSystem>
        <actionCode>H11100</actionCode>
        <type>IntroReferral</type>
        <actionDate>2015-02-02</actionDate>
        <committee>
          <systemCode>hsgo00</systemCode>
          <name>Oversight and Government Reform Committee</name>
        </committee>
      </item>
      <item>
        <text>Introduced in House</text>
        <links />
        <sourceSystem>
          <code>9</code>
          <name>Library of Congress</name>
        </sourceSystem>
        <actionCode>Intro-H</actionCode>
        <type>IntroReferral</type>
        <actionDate>2015-02-02</actionDate>
        <committee />
      </item>
      <item>
        <text>Introduced in House</text>
        <links />
        <sourceSystem>
          <code>9</code>
          <name>Library of Congress</name>
        </sourceSystem>
        <actionCode>1000</actionCode>
        <type>IntroReferral</type>
        <actionDate>2015-02-02</actionDate>
        <committee />
      </item>
      <actionTypeCounts>
        <introducedInHouse>1</introducedInHouse>
        <presentedToPresident>1</presentedToPresident>
        <motionToReconsiderResults>1</motionToReconsiderResults>
        <passedSenate>1</passedSenate>
        <motionMadeToSuspendTheRules>1</motionMadeToSuspendTheRules>
        <orderedReported>1</orderedReported>
        <actionStageOverride>1</actionStageOverride>
        <becamePublicLaw>2</becamePublicLaw>
        <referredToCommittee>1</referredToCommittee>
        <placeholderTextForE>3</placeholderTextForE>
        <generalDebate>1</generalDebate>
        <passedAgreedToInHouse>1</passedAgreedToInHouse>
        <introducedInTheHouse>1</introducedInTheHouse>
        <passedAgreedToInSenate>1</passedAgreedToInSenate>
        <sentToHouse>1</sentToHouse>
        <billReferrals>1</billReferrals>
        <placedOnCalendarGeneralOrders>1</placedOnCalendarGeneralOrders>
        <placeholderTextForH>2</placeholderTextForH>
        <reportedToSenate>2</reportedToSenate>
        <finalPassageUnderSuspensionOfTheRulesResults>1</finalPassageUnderSuspensionOfTheRulesResults>
        <considerationByHouse>2</considerationByHouse>
      </actionTypeCounts>
    </actions>
    <createDate>2015-02-03T07:01:20Z</createDate>
    <introducedDate>2015-02-02</introducedDate>
    <constitutionalAuthorityStatementText><![CDATA[<pre>From the Congressional Record Online through the Government Publishing Office [<a href='http://www.gpo.gov'>www.gpo.gov</a>]By Mr. CICILLINE:H.R. 651.Congress has the power to enact this legislation pursuantto the following:Article 1, Section 8, Clause 7.[Page H704]</pre>]]></constitutionalAuthorityStatementText>
    <title>To designate the facility of the United States Postal Service located at 820 Elmwood Avenue in Providence, Rhode Island, as the "Sister Ann Keefe Post Office".</title>
    <latestAction>
      <actionDate>2015-05-22</actionDate>
      <links>
        <link>
          <name>Public Law No: 114-15</name>
          <url>https://www.congress.gov/bill/114th-congress/house-bill/651/text/pl</url>
        </link>
      </links>
      <text>Became Public Law No: 114-15.</text>
    </latestAction>
    <cosponsors>
      <item>
        <sponsorshipDate>2015-02-02</sponsorshipDate>
        <isOriginalCosponsor>True</isOriginalCosponsor>
        <identifiers>
          <gpoId>8140</gpoId>
          <lisID>1668</lisID>
          <bioguideId>L000559</bioguideId>
        </identifiers>
        <firstName>JAMES</firstName>
        <party>D</party>
        <middleName>R.</middleName>
        <state>RI</state>
        <sponsorshipWithdrawnDate />
        <lastName>LANGEVIN</lastName>
        <district>2</district>
        <fullName>Rep. Langevin, James R. [D-RI-2]</fullName>
        <bioguideId>L000559</bioguideId>
      </item>
    </cosponsors>
    <originChamber>House</originChamber>
    <subjects>
      <billSubjects>
        <legislativeSubjects>
          <item>
            <name>Congressional tributes</name>
          </item>
          <item>
            <name>Government buildings, facilities, and property</name>
          </item>
          <item>
            <name>Postal service</name>
          </item>
          <item>
            <name>Rhode Island</name>
          </item>
        </legislativeSubjects>
        <policyArea>
          <name>Government Operations and Politics</name>
        </policyArea>
      </billSubjects>
    </subjects>
    <billType>HR</billType>
    <policyArea>
      <name>Government Operations and Politics</name>
    </policyArea>
    <laws>
      <item>
        <number>114-15</number>
        <type>Public Law</type>
      </item>
    </laws>
    <cboCostEstimates />
    <calendarNumbers>
      <item>
        <calendar>Senate Calendar of Business</calendar>
        <number>0071</number>
      </item>
    </calendarNumbers>
    <amendments />
    <summaries>
      <billSummaries>
        <item>
          <updateDate>2015-02-02T05:00:00Z</updateDate>
          <lastSummaryUpdateDate>2015-02-03T09:02:51Z</lastSummaryUpdateDate>
          <versionCode>00</versionCode>
          <actionDate>2015-02-02</actionDate>
          <text><![CDATA[Designates the facility of the United States Postal Service located at 820 Elmwood Avenue in Providence, Rhode Island, as the "Sister Ann Keefe Post Office."]]></text>
          <actionDesc>Introduced in House</actionDesc>
          <name>Introduced in House</name>
        </item>
        <item>
          <updateDate>2015-05-23T03:59:58Z</updateDate>
          <lastSummaryUpdateDate>2015-06-05T21:42:00Z</lastSummaryUpdateDate>
          <versionCode>49</versionCode>
          <actionDate>2015-05-22</actionDate>
          <text><![CDATA[<p>(This measure has not been amended since it was introduced. The summary of that version is repeated here.)</p>Designates the facility of the United States Postal Service located at 820 Elmwood Avenue in Providence, Rhode Island, as the "Sister Ann Keefe Post Office."]]></text>
          <actionDesc>Public Law</actionDesc>
          <name>Public Law</name>
        </item>
      </billSummaries>
    </summaries>
    <titles>
      <item>
        <parentTitleType />
        <title>To designate the facility of the United States Postal Service located at 820 Elmwood Avenue in Providence, Rhode Island, as the "Sister Ann Keefe Post Office".</title>
        <chamberCode />
        <chamberName />
        <titleType>Official Title as Introduced</titleType>
      </item>
      <item>
        <parentTitleType />
        <title>To designate the facility of the United States Postal Service located at 820 Elmwood Avenue in Providence, Rhode Island, as the "Sister Ann Keefe Post Office".</title>
        <chamberCode />
        <chamberName />
        <titleType>Display Title</titleType>
      </item>
    </titles>
    <committees>
      <billCommittees>
        <item>
          <systemCode>ssga00</systemCode>
          <chamber>Senate</chamber>
          <activities>
            <item>
              <name>Reported by</name>
              <date>2015-05-06T20:16:45Z</date>
            </item>
            <item>
              <name>Markup by</name>
              <date>2015-05-06T14:00:00Z</date>
            </item>
            <item>
              <name>Referred to</name>
              <date>2015-04-30T15:47:33Z</date>
            </item>
          </activities>
          <name>Homeland Security and Governmental Affairs Committee</name>
          <subcommittees />
          <type>Standing</type>
        </item>
        <item>
          <systemCode>hsgo00</systemCode>
          <chamber>House</chamber>
          <activities>
            <item>
              <name>Markup by</name>
              <date>2015-03-25T19:30:35Z</date>
            </item>
            <item>
              <name>Referred to</name>
              <date>2015-02-02T17:02:30Z</date>
            </item>
          </activities>
          <name>Oversight and Government Reform Committee</name>
          <subcommittees />
          <type>Standing</type>
        </item>
      </billCommittees>
    </committees>
    <billNumber>651</billNumber>
    <relatedBills>
      <item>
        <number>354</number>
        <type>S</type>
        <congress>114</congress>
        <latestTitle>A bill to designate the facility of the United States Postal Service located at 820 Elmwood Avenue in Providence, Rhode Island, as the "Sister Ann Keefe Post Office".</latestTitle>
        <relationshipDetails>
          <item>
            <type>Identical bill</type>
            <identifiedBy>CRS</identifiedBy>
          </item>
        </relationshipDetails>
        <latestAction>
          <text>Read twice and referred to the Committee on Homeland Security and Governmental Affairs.</text>
          <actionDate>2015-02-03</actionDate>
        </latestAction>
      </item>
    </relatedBills>
    <notes />
    <congress>114</congress>
  </bill>
  <dublinCore xmlns:dc="http://purl.org/dc/elements/1.1/">
    <dc:format>text/xml</dc:format>
    <dc:language>EN</dc:language>
    <dc:rights>Pursuant to Title 17 Section 105 of the United States Code, this file is not subject to copyright protection and is in the public domain.</dc:rights>
    <dc:contributor>Congressional Research Service, Library of Congress</dc:contributor>
    <dc:description>This file contains bill summaries and statuses for federal legislation. A bill summary describes the most significant provisions of a piece of legislation and details the effects the legislative text may have on current law and federal programs. Bill summaries are authored by the Congressional Research Service (CRS) of the Library of Congress. As stated in Public Law 91-510 (2 USC 166 (d)(6)), one of the duties of CRS is "to prepare summaries and digests of bills and resolutions of a public general nature introduced in the Senate or House of Representatives". For more information, refer to the User Guide that accompanies this file.</dc:description>
  </dublinCore>
</billStatus>

