<?xml version="1.0" encoding="UTF-8"?>
<billStatus>
  <bill>
    <actions>
      <item>
        <actionDate>2016-03-15</actionDate>
        <committee>
          <name>Energy and Natural Resources Committee</name>
          <systemCode>sseg00</systemCode>
        </committee>
        <links />
        <sourceSystem>
          <code>0</code>
          <name>Senate</name>
        </sourceSystem>
        <text>Received in the Senate and Read twice and referred to the Committee on Energy and Natural Resources.</text>
        <type>IntroReferral</type>
      </item>
      <item>
        <actionTime>15:20:57</actionTime>
        <actionDate>2016-03-14</actionDate>
        <actionCode>H38310</actionCode>
        <links />
        <type>Floor</type>
        <sourceSystem>
          <code>2</code>
          <name>House floor actions</name>
        </sourceSystem>
        <committee />
        <text>Motion to reconsider laid on the table Agreed to without objection.</text>
      </item>
      <item>
        <actionTime>15:20:54</actionTime>
        <actionDate>2016-03-14</actionDate>
        <actionCode>H37300</actionCode>
        <links>
          <link>
            <name>H1305-1306</name>
            <url>https://www.congress.gov/congressional-record/volume-162/house-section/page/H1305-1306</url>
          </link>
        </links>
        <type>Floor</type>
        <sourceSystem>
          <code>2</code>
          <name>House floor actions</name>
        </sourceSystem>
        <committee />
        <text>On motion to suspend the rules and pass the bill, as amended Agreed to by voice vote. (text: CR H1305-1306)</text>
      </item>
      <item>
        <actionTime>15:20:54</actionTime>
        <actionDate>2016-03-14</actionDate>
        <actionCode>8000</actionCode>
        <links>
          <link>
            <name>H1305-1306</name>
            <url>https://www.congress.gov/congressional-record/volume-162/house-section/page/H1305-1306</url>
          </link>
        </links>
        <type>Floor</type>
        <sourceSystem>
          <code>9</code>
          <name>Library of Congress</name>
        </sourceSystem>
        <committee />
        <text>Passed/agreed to in House: On motion to suspend the rules and pass the bill, as amended Agreed to by voice vote.(text: CR H1305-1306)</text>
      </item>
      <item>
        <actionTime>15:15:51</actionTime>
        <actionDate>2016-03-14</actionDate>
        <actionCode>H8D000</actionCode>
        <links>
          <link>
            <name>H.R. 1268</name>
            <url>https://www.congress.gov/bill/114th-congress/house-bill/1268</url>
          </link>
        </links>
        <type>Floor</type>
        <sourceSystem>
          <code>2</code>
          <name>House floor actions</name>
        </sourceSystem>
        <committee />
        <text>DEBATE - The House proceeded with forty minutes of debate on H.R. 1268.</text>
      </item>
      <item>
        <actionTime>15:15:48</actionTime>
        <actionDate>2016-03-14</actionDate>
        <actionCode>H30000</actionCode>
        <links>
          <link>
            <name>H1305-1307</name>
            <url>https://www.congress.gov/congressional-record/volume-162/house-section/page/H1305-1307</url>
          </link>
        </links>
        <type>Floor</type>
        <sourceSystem>
          <code>2</code>
          <name>House floor actions</name>
        </sourceSystem>
        <committee />
        <text>Considered under suspension of the rules. (consideration: CR H1305-1307)</text>
      </item>
      <item>
        <actionTime>15:15:18</actionTime>
        <actionDate>2016-03-14</actionDate>
        <actionCode>H30300</actionCode>
        <links />
        <type>Floor</type>
        <sourceSystem>
          <code>2</code>
          <name>House floor actions</name>
        </sourceSystem>
        <committee />
        <text>Mr. Whitfield moved to suspend the rules and pass the bill, as amended.</text>
      </item>
      <item>
        <actionDate>2016-02-25</actionDate>
        <committee>
          <name>Energy and Commerce Committee</name>
          <systemCode>hsif00</systemCode>
        </committee>
        <links />
        <sourceSystem>
          <code>1</code>
          <name>House committee actions</name>
        </sourceSystem>
        <text>Ordered to be Reported (Amended) by Voice Vote.</text>
        <type>Committee</type>
      </item>
      <item>
        <actionDate>2016-02-25</actionDate>
        <committee>
          <name>Energy and Commerce Committee</name>
          <systemCode>hsif00</systemCode>
        </committee>
        <links />
        <sourceSystem>
          <code>1</code>
          <name>House committee actions</name>
        </sourceSystem>
        <text>Committee Consideration and Mark-up Session Held.</text>
        <type>Committee</type>
      </item>
      <item>
        <actionDate>2016-02-24</actionDate>
        <committee>
          <name>Energy and Commerce Committee</name>
          <systemCode>hsif00</systemCode>
        </committee>
        <links />
        <sourceSystem>
          <code>1</code>
          <name>House committee actions</name>
        </sourceSystem>
        <text>Committee Consideration and Mark-up Session Held.</text>
        <type>Committee</type>
      </item>
      <item>
        <actionDate>2015-03-06</actionDate>
        <committee>
          <name>Energy and Power Subcommittee</name>
          <systemCode>hsif03</systemCode>
        </committee>
        <links />
        <sourceSystem>
          <code>1</code>
          <name>House committee actions</name>
        </sourceSystem>
        <text>Referred to the Subcommittee on Energy and Power.</text>
        <type>Committee</type>
      </item>
      <item>
        <actionCode>H11100</actionCode>
        <actionDate>2015-03-04</actionDate>
        <links />
        <type>IntroReferral</type>
        <sourceSystem>
          <code>2</code>
          <name>House floor actions</name>
        </sourceSystem>
        <committee>
          <name>Energy and Commerce Committee</name>
          <systemCode>hsif00</systemCode>
        </committee>
        <text>Referred to the House Committee on Energy and Commerce.</text>
      </item>
      <item>
        <actionCode>Intro-H</actionCode>
        <actionDate>2015-03-04</actionDate>
        <links />
        <type>IntroReferral</type>
        <sourceSystem>
          <code>9</code>
          <name>Library of Congress</name>
        </sourceSystem>
        <committee />
        <text>Introduced in House</text>
      </item>
      <item>
        <actionCode>1000</actionCode>
        <actionDate>2015-03-04</actionDate>
        <links />
        <type>IntroReferral</type>
        <sourceSystem>
          <code>9</code>
          <name>Library of Congress</name>
        </sourceSystem>
        <committee />
        <text>Introduced in House</text>
      </item>
      <actionTypeCounts>
        <placeholderTextForH>2</placeholderTextForH>
        <finalPassageUnderSuspensionOfTheRulesResults>1</finalPassageUnderSuspensionOfTheRulesResults>
        <billReferrals>1</billReferrals>
        <motionMadeToSuspendTheRules>1</motionMadeToSuspendTheRules>
        <referredToCommittee>1</referredToCommittee>
        <motionToReconsiderResults>1</motionToReconsiderResults>
        <actionStageOverride>2</actionStageOverride>
        <generalDebate>1</generalDebate>
        <introducedInTheHouse>1</introducedInTheHouse>
        <considerationByHouse>1</considerationByHouse>
        <introducedInHouse>1</introducedInHouse>
        <passedAgreedToInHouse>1</passedAgreedToInHouse>
      </actionTypeCounts>
      <actionByCounts>
        <senate>1</senate>
        <houseOfRepresentatives>13</houseOfRepresentatives>
      </actionByCounts>
    </actions>
    <billType>HR</billType>
    <billNumber>1268</billNumber>
    <cboCostEstimates>
      <item>
        <title>H.R. 1268, Energy Efficient Government Technology Act</title>
        <pubDate>2016-03-11T22:55:11Z</pubDate>
        <url>https://www.cbo.gov/publication/51377</url>
      </item>
    </cboCostEstimates>
    <originChamber>House</originChamber>
    <createDate>2015-03-05T05:59:24Z</createDate>
    <constitutionalAuthorityStatementText><![CDATA[<pre>From the Congressional Record Online through the Government Publishing Office [<a href='http://www.gpo.gov'>www.gpo.gov</a>]By Ms. ESHOO:H.R. 1268.Congress has the power to enact this legislation pursuantto the following:Article I, Section 8 and Article IV, Section 3 of theConstitution.[Page H1615]</pre>]]></constitutionalAuthorityStatementText>
    <title>Energy Efficient Government Technology Act</title>
    <subjects>
      <billSubjects>
        <legislativeSubjects>
          <item>
            <name>Computers and information technology</name>
          </item>
          <item>
            <name>Energy efficiency and conservation</name>
          </item>
          <item>
            <name>Environmental technology</name>
          </item>
          <item>
            <name>Government buildings, facilities, and property</name>
          </item>
          <item>
            <name>Government information and archives</name>
          </item>
          <item>
            <name>Government studies and investigations</name>
          </item>
          <item>
            <name>Performance measurement</name>
          </item>
          <item>
            <name>Public contracts and procurement</name>
          </item>
          <item>
            <name>Telephone and wireless communication</name>
          </item>
          <item>
            <name>Water use and supply</name>
          </item>
        </legislativeSubjects>
        <policyArea>
          <name>Energy</name>
        </policyArea>
      </billSubjects>
    </subjects>
    <relatedBills>
      <item>
        <number>720</number>
        <congress>114</congress>
        <relationshipDetails>
          <item>
            <identifiedBy>CRS</identifiedBy>
            <type>Related bill</type>
          </item>
        </relationshipDetails>
        <latestTitle>Energy Savings and Industrial Competitiveness Act of 2015</latestTitle>
        <type>S</type>
        <latestAction>
          <actionDate>2015-09-09</actionDate>
          <text>Placed on Senate Legislative Calendar under General Orders. Calendar No. 210.</text>
        </latestAction>
      </item>
      <item>
        <number>2177</number>
        <congress>114</congress>
        <relationshipDetails>
          <item>
            <identifiedBy>CRS</identifiedBy>
            <type>Related bill</type>
          </item>
        </relationshipDetails>
        <latestTitle>Energy Savings and Industrial Competitiveness Act of 2015</latestTitle>
        <type>HR</type>
        <latestAction>
          <actionDate>2015-08-18</actionDate>
          <text>Referred to the Subcommittee on Energy.</text>
        </latestAction>
      </item>
      <item>
        <number>1706</number>
        <congress>114</congress>
        <relationshipDetails>
          <item>
            <identifiedBy>CRS</identifiedBy>
            <type>Related bill</type>
          </item>
        </relationshipDetails>
        <latestTitle>Energy Efficient Government Technology Act</latestTitle>
        <type>S</type>
        <latestAction>
          <actionDate>2015-07-07</actionDate>
          <text>Read twice and referred to the Committee on Energy and Natural Resources.</text>
        </latestAction>
      </item>
      <item>
        <number>8</number>
        <congress>114</congress>
        <relationshipDetails>
          <item>
            <identifiedBy>CRS</identifiedBy>
            <type>Related bill</type>
          </item>
        </relationshipDetails>
        <latestTitle>North American Energy Security and Infrastructure Act of 2015</latestTitle>
        <type>HR</type>
        <latestAction>
          <actionDate>2015-12-07</actionDate>
          <text>Received in the Senate and Read twice and referred to the Committee on Energy and Natural Resources.</text>
        </latestAction>
      </item>
      <item>
        <number>873</number>
        <congress>114</congress>
        <relationshipDetails>
          <item>
            <identifiedBy>CRS</identifiedBy>
            <type>Related bill</type>
          </item>
        </relationshipDetails>
        <latestTitle>To promote energy efficiency, and for other purposes.</latestTitle>
        <type>HR</type>
        <latestAction>
          <actionDate>2015-02-13</actionDate>
          <text>Referred to the Subcommittee on Energy and Power.</text>
        </latestAction>
      </item>
      <item>
        <number>128</number>
        <congress>114</congress>
        <relationshipDetails>
          <item>
            <identifiedBy>CRS</identifiedBy>
            <type>Related bill</type>
          </item>
        </relationshipDetails>
        <latestTitle>Energy Efficiency Improvement Act of 2015</latestTitle>
        <type>S</type>
        <latestAction>
          <actionDate>2015-01-08</actionDate>
          <text>Read twice and referred to the Committee on Energy and Natural Resources.</text>
        </latestAction>
      </item>
    </relatedBills>
    <summaries>
      <billSummaries>
        <item>
          <actionDate>2015-03-04</actionDate>
          <name>Introduced in House</name>
          <actionDesc>Introduced in House</actionDesc>
          <text><![CDATA[<p> <b>Energy Efficient Government Technology Act </b></p> <p>This bill amends the Energy Independence and Security Act of 2007 to require: (1) each federal agency to coordinate with the Office of Management and Budget, the Department of Energy (DOE), and the Environmental Protection Agency to develop an implementation strategy for the maintenance, purchase, and use of energy-efficient and energy-saving information technologies; (2) DOE to maintain a data center energy practitioner program that leads to the certification of energy practitioners qualified to evaluate the energy usage and efficiency opportunities in federal data centers; and (3) DOE to establish an open data initiative to make information about federal data center energy usage available and accessible in a manner that encourages data center innovation, optimization, and consolidation.</p>]]></text>
          <versionCode>00</versionCode>
          <lastSummaryUpdateDate>2016-03-21T18:46:18Z</lastSummaryUpdateDate>
          <updateDate>2015-03-04T05:00:00Z</updateDate>
        </item>
        <item>
          <actionDate>2016-03-14</actionDate>
          <name>Passed House amended</name>
          <actionDesc>Passed House amended</actionDesc>
          <text><![CDATA[<p><b>Energy Efficient Government Technology Act </b></p> <p>(Sec. 2) This bill amends the Energy Independence and Security Act of 2007 to require each federal agency to coordinate with the Office of Management and Budget (OMB), the Department of Energy (DOE), and the Environmental Protection Agency to develop an implementation strategy for the maintenance, purchase, and use by the agency of energy-efficient and energy-saving information technologies. The OMB must establish performance goals for evaluating the efforts of agencies in improving the maintenance, purchase, and use of the technology. The executive branch's Chief Information Officers Council must recommend best practices for attaining the performance goals, including consideration of the use of energy savings performance and utility energy services contracting.</p> <p>Agencies must include in their annual government efficiency status reports a description of those energy-saving efforts and their results, and the OMB must begin to include in its annual government efficiency report a description of agencies' efforts and results.</p> <p>(Sec. 3) DOE must make available to the public an update to the Report to Congress on Server and Data Center Energy Efficiency published on August 2, 2007, that includes analyses of the impact of newer information technologies and computing methods and water usage by data centers. </p> <p>In collaboration with key stakeholders and the OMB, DOE must also: (1) maintain a data center energy practitioner program that leads to the certification of energy practitioners qualified to evaluate the energy usage and efficiency opportunities in federal data centers; and (2) establish an open data initiative to make information about federal data center energy usage available and accessible while encouraging data center innovation, optimization, and consolidation.</p> <p>In collaboration with key stakeholders, DOE must: (1) participate in efforts to harmonize global specifications and metrics for data center energy and water efficiency, and (2) facilitate the development of a metric for data center energy efficiency.</p>]]></text>
          <versionCode>36</versionCode>
          <lastSummaryUpdateDate>2016-03-22T15:01:00Z</lastSummaryUpdateDate>
          <updateDate>2016-03-14T13:32:41Z</updateDate>
        </item>
      </billSummaries>
    </summaries>
    <congress>114</congress>
    <laws />
    <updateDate>2017-01-21T12:34:23Z</updateDate>
    <notes />
    <introducedDate>2015-03-04</introducedDate>
    <calendarNumbers />
    <committees>
      <billCommittees>
        <item>
          <name>Energy and Natural Resources Committee</name>
          <chamber>Senate</chamber>
          <activities>
            <item>
              <name>Referred to</name>
              <date>2016-03-15T18:30:09Z</date>
            </item>
          </activities>
          <type>Standing</type>
          <systemCode>sseg00</systemCode>
          <subcommittees />
        </item>
        <item>
          <name>Energy and Commerce Committee</name>
          <chamber>House</chamber>
          <activities>
            <item>
              <name>Markup by</name>
              <date>2016-02-25T14:41:32Z</date>
            </item>
            <item>
              <name>Referred to</name>
              <date>2015-03-04T15:03:35Z</date>
            </item>
          </activities>
          <type>Standing</type>
          <systemCode>hsif00</systemCode>
          <subcommittees>
            <item>
              <name>Energy and Power Subcommittee</name>
              <activities>
                <item>
                  <name>Referred to</name>
                  <date>2015-03-06T20:24:52Z</date>
                </item>
              </activities>
              <systemCode>hsif03</systemCode>
            </item>
          </subcommittees>
        </item>
      </billCommittees>
    </committees>
    <latestAction>
      <actionDate>2016-03-15</actionDate>
      <text>Received in the Senate and Read twice and referred to the Committee on Energy and Natural Resources.</text>
      <links />
    </latestAction>
    <cosponsors>
      <item>
        <sponsorshipWithdrawnDate />
        <isOriginalCosponsor>True</isOriginalCosponsor>
        <sponsorshipDate>2015-03-04</sponsorshipDate>
        <party>R</party>
        <district>16</district>
        <state>IL</state>
        <fullName>Rep. Kinzinger, Adam [R-IL-16]</fullName>
        <identifiers>
          <lisID>2014</lisID>
          <bioguideId>K000378</bioguideId>
          <gpoId>7931</gpoId>
        </identifiers>
        <lastName>Kinzinger</lastName>
        <middleName />
        <bioguideId>K000378</bioguideId>
        <firstName>Adam</firstName>
      </item>
      <item>
        <sponsorshipWithdrawnDate />
        <isOriginalCosponsor>True</isOriginalCosponsor>
        <sponsorshipDate>2015-03-04</sponsorshipDate>
        <party>D</party>
        <district>0</district>
        <state>VT</state>
        <fullName>Rep. Welch, Peter [D-VT-At Large]</fullName>
        <identifiers>
          <gpoId>8204</gpoId>
          <lisID>1879</lisID>
          <bioguideId>W000800</bioguideId>
        </identifiers>
        <lastName>Welch</lastName>
        <middleName />
        <bioguideId>W000800</bioguideId>
        <firstName>Peter</firstName>
      </item>
      <item>
        <sponsorshipWithdrawnDate />
        <isOriginalCosponsor>True</isOriginalCosponsor>
        <sponsorshipDate>2015-03-04</sponsorshipDate>
        <party>R</party>
        <district>1</district>
        <state>WV</state>
        <fullName>Rep. McKinley, David B. [R-WV-1]</fullName>
        <identifiers>
          <lisID>2074</lisID>
          <bioguideId>M001180</bioguideId>
          <gpoId>8222</gpoId>
        </identifiers>
        <lastName>McKinley</lastName>
        <middleName>B.</middleName>
        <bioguideId>M001180</bioguideId>
        <firstName>David</firstName>
      </item>
      <item>
        <sponsorshipWithdrawnDate />
        <isOriginalCosponsor>True</isOriginalCosponsor>
        <sponsorshipDate>2015-03-04</sponsorshipDate>
        <party>D</party>
        <district>20</district>
        <state>NY</state>
        <fullName>Rep. Tonko, Paul [D-NY-20]</fullName>
        <identifiers>
          <gpoId>8082</gpoId>
          <lisID>1942</lisID>
          <bioguideId>T000469</bioguideId>
        </identifiers>
        <lastName>Tonko</lastName>
        <middleName />
        <bioguideId>T000469</bioguideId>
        <firstName>Paul</firstName>
      </item>
      <item>
        <sponsorshipWithdrawnDate />
        <isOriginalCosponsor>False</isOriginalCosponsor>
        <sponsorshipDate>2015-11-19</sponsorshipDate>
        <party>D</party>
        <district>52</district>
        <state>CA</state>
        <fullName>Rep. Peters, Scott H. [D-CA-52]</fullName>
        <identifiers>
          <lisID>2113</lisID>
          <bioguideId>P000608</bioguideId>
          <gpoId />
        </identifiers>
        <lastName>Peters</lastName>
        <middleName>H.</middleName>
        <bioguideId>P000608</bioguideId>
        <firstName>Scott</firstName>
      </item>
    </cosponsors>
    <committeeReports />
    <amendments />
    <sponsors>
      <item>
        <state>CA</state>
        <middleName>G.</middleName>
        <party>D</party>
        <identifiers>
          <lisID>355</lisID>
          <bioguideId>E000215</bioguideId>
          <gpoId>7819</gpoId>
        </identifiers>
        <bioguideId>E000215</bioguideId>
        <byRequestType />
        <firstName>ANNA</firstName>
        <lastName>ESHOO</lastName>
        <fullName>Rep. Eshoo, Anna G. [D-CA-18]</fullName>
        <district>18</district>
      </item>
    </sponsors>
    <recordedVotes />
    <policyArea>
      <name>Energy</name>
    </policyArea>
    <titles>
      <item>
        <titleType>Short Titles as Passed House</titleType>
        <parentTitleType>Short Titles House of Representatives</parentTitleType>
        <title>Energy Efficient Government Technology Act</title>
        <chamberCode>H</chamberCode>
        <chamberName>House</chamberName>
      </item>
      <item>
        <titleType>Short Titles as Introduced</titleType>
        <parentTitleType />
        <title>Energy Efficient Government Technology Act</title>
        <chamberCode />
        <chamberName />
      </item>
      <item>
        <titleType>Official Title as Introduced</titleType>
        <parentTitleType />
        <title>To amend the Energy Independence and Security Act of 2007 to promote energy efficiency via information and computing technologies, and for other purposes.</title>
        <chamberCode />
        <chamberName />
      </item>
      <item>
        <titleType>Display Title</titleType>
        <parentTitleType />
        <title>Energy Efficient Government Technology Act</title>
        <chamberCode />
        <chamberName />
      </item>
    </titles>
  </bill>
  <dublinCore xmlns:dc="http://purl.org/dc/elements/1.1/">
    <dc:format>text/xml</dc:format>
    <dc:language>EN</dc:language>
    <dc:rights>Pursuant to Title 17 Section 105 of the United States Code, this file is not subject to copyright protection and is in the public domain.</dc:rights>
    <dc:contributor>Congressional Research Service, Library of Congress</dc:contributor>
    <dc:description>This file contains bill summaries and statuses for federal legislation. A bill summary describes the most significant provisions of a piece of legislation and details the effects the legislative text may have on current law and federal programs. Bill summaries are authored by the Congressional Research Service (CRS) of the Library of Congress. As stated in Public Law 91-510 (2 USC 166 (d)(6)), one of the duties of CRS is "to prepare summaries and digests of bills and resolutions of a public general nature introduced in the Senate or House of Representatives". For more information, refer to the User Guide that accompanies this file.</dc:description>
  </dublinCore>
</billStatus>

