<?xml version="1.0" encoding="UTF-8"?>
<billStatus>
  <bill>
    <updateDate>2016-11-30T23:01:49Z</updateDate>
    <laws />
    <latestAction>
      <actionDate>2015-02-13</actionDate>
      <text>Referred to the Subcommittee on Disability Assistance and Memorial Affairs.</text>
      <links />
    </latestAction>
    <billType>HR</billType>
    <titles>
      <item>
        <titleType>Short Titles as Introduced</titleType>
        <chamberCode />
        <title>VA Regional Office Accountability Act</title>
        <parentTitleType />
        <chamberName />
      </item>
      <item>
        <titleType>Official Title as Introduced</titleType>
        <chamberCode />
        <title>To amend title 38, United States Code, to require the Secretary of Veterans Affairs to submit to Congress an annual report on the performance of the regional offices of the Department of Veterans Affairs.</title>
        <parentTitleType />
        <chamberName />
      </item>
      <item>
        <titleType>Display Title</titleType>
        <chamberCode />
        <title>VA Regional Office Accountability Act</title>
        <parentTitleType />
        <chamberName />
      </item>
    </titles>
    <summaries>
      <billSummaries>
        <item>
          <updateDate>2015-02-02T05:00:00Z</updateDate>
          <text><![CDATA[<p><strong>VA Regional Office Accountability Act</strong></p> <p>Directs the Secretary of Veterans Affairs to include in a required annual report on Department of Veterans Affairs (VA) expenditures and activities a report on each VA regional office that failed to reach administrative goals concerning the timeliness and accuracy of veterans' claims adjudication.</p>]]></text>
          <actionDate>2015-02-02</actionDate>
          <lastSummaryUpdateDate>2015-02-27T22:46:17Z</lastSummaryUpdateDate>
          <name>Introduced in House</name>
          <versionCode>00</versionCode>
          <actionDesc>Introduced in House</actionDesc>
        </item>
      </billSummaries>
    </summaries>
    <sponsors>
      <item>
        <fullName>Rep. Meng, Grace [D-NY-6]</fullName>
        <bioguideId>M001188</bioguideId>
        <district>6</district>
        <middleName />
        <identifiers>
          <bioguideId>M001188</bioguideId>
          <lisID>2148</lisID>
          <gpoId />
        </identifiers>
        <byRequestType />
        <lastName>Meng</lastName>
        <firstName>Grace</firstName>
        <state>NY</state>
        <party>D</party>
      </item>
    </sponsors>
    <createDate>2015-02-03T07:01:20Z</createDate>
    <subjects>
      <billSubjects>
        <policyArea>
          <name>Armed Forces and National Security</name>
        </policyArea>
        <legislativeSubjects>
          <item>
            <name>Administrative remedies</name>
          </item>
          <item>
            <name>Congressional oversight</name>
          </item>
          <item>
            <name>Department of Veterans Affairs</name>
          </item>
          <item>
            <name>Performance measurement</name>
          </item>
          <item>
            <name>Veterans' pensions and compensation</name>
          </item>
        </legislativeSubjects>
      </billSubjects>
    </subjects>
    <notes />
    <originChamber>House</originChamber>
    <cosponsors>
      <item>
        <bioguideId>L000567</bioguideId>
        <middleName />
        <sponsorshipWithdrawnDate />
        <fullName>Rep. Lance, Leonard [R-NJ-7]</fullName>
        <lastName>Lance</lastName>
        <isOriginalCosponsor>True</isOriginalCosponsor>
        <firstName>Leonard</firstName>
        <identifiers>
          <lisID>1936</lisID>
          <gpoId>8049</gpoId>
          <bioguideId>L000567</bioguideId>
        </identifiers>
        <sponsorshipDate>2015-02-02</sponsorshipDate>
        <district>7</district>
        <state>NJ</state>
        <party>R</party>
      </item>
      <item>
        <bioguideId>C001084</bioguideId>
        <middleName>N.</middleName>
        <sponsorshipWithdrawnDate />
        <fullName>Rep. Cicilline, David N. [D-RI-1]</fullName>
        <lastName>Cicilline</lastName>
        <isOriginalCosponsor>False</isOriginalCosponsor>
        <firstName>David</firstName>
        <identifiers>
          <lisID>2055</lisID>
          <gpoId>8139</gpoId>
          <bioguideId>C001084</bioguideId>
        </identifiers>
        <sponsorshipDate>2015-02-24</sponsorshipDate>
        <district>1</district>
        <state>RI</state>
        <party>D</party>
      </item>
      <item>
        <bioguideId>G000571</bioguideId>
        <middleName />
        <sponsorshipWithdrawnDate />
        <fullName>Rep. Gabbard, Tulsi [D-HI-2]</fullName>
        <lastName>Gabbard</lastName>
        <isOriginalCosponsor>False</isOriginalCosponsor>
        <firstName>Tulsi</firstName>
        <identifiers>
          <bioguideId>G000571</bioguideId>
          <lisID>2122</lisID>
          <gpoId />
        </identifiers>
        <sponsorshipDate>2015-02-24</sponsorshipDate>
        <district>2</district>
        <state>HI</state>
        <party>D</party>
      </item>
      <item>
        <bioguideId>B001285</bioguideId>
        <middleName />
        <sponsorshipWithdrawnDate />
        <fullName>Rep. Brownley, Julia [D-CA-26]</fullName>
        <lastName>Brownley</lastName>
        <isOriginalCosponsor>False</isOriginalCosponsor>
        <firstName>Julia</firstName>
        <identifiers>
          <gpoId />
          <lisID>2106</lisID>
          <bioguideId>B001285</bioguideId>
        </identifiers>
        <sponsorshipDate>2015-02-24</sponsorshipDate>
        <district>26</district>
        <state>CA</state>
        <party>D</party>
      </item>
      <item>
        <bioguideId>C001068</bioguideId>
        <middleName />
        <sponsorshipWithdrawnDate />
        <fullName>Rep. Cohen, Steve [D-TN-9]</fullName>
        <lastName>Cohen</lastName>
        <isOriginalCosponsor>False</isOriginalCosponsor>
        <firstName>Steve</firstName>
        <identifiers>
          <lisID>1878</lisID>
          <gpoId>8156</gpoId>
          <bioguideId>C001068</bioguideId>
        </identifiers>
        <sponsorshipDate>2015-02-24</sponsorshipDate>
        <district>9</district>
        <state>TN</state>
        <party>D</party>
      </item>
      <item>
        <bioguideId>S001193</bioguideId>
        <middleName />
        <sponsorshipWithdrawnDate />
        <fullName>Rep. Swalwell, Eric [D-CA-15]</fullName>
        <lastName>Swalwell</lastName>
        <isOriginalCosponsor>False</isOriginalCosponsor>
        <firstName>Eric</firstName>
        <identifiers>
          <gpoId />
          <lisID>2104</lisID>
          <bioguideId>S001193</bioguideId>
        </identifiers>
        <sponsorshipDate>2015-02-24</sponsorshipDate>
        <district>15</district>
        <state>CA</state>
        <party>D</party>
      </item>
      <item>
        <bioguideId>D000191</bioguideId>
        <middleName>A.</middleName>
        <sponsorshipWithdrawnDate />
        <fullName>Rep. DeFazio, Peter A. [D-OR-4]</fullName>
        <lastName>DEFAZIO</lastName>
        <isOriginalCosponsor>False</isOriginalCosponsor>
        <firstName>PETER</firstName>
        <identifiers>
          <gpoId>8117</gpoId>
          <lisID>279</lisID>
          <bioguideId>D000191</bioguideId>
        </identifiers>
        <sponsorshipDate>2015-02-24</sponsorshipDate>
        <district>4</district>
        <state>OR</state>
        <party>D</party>
      </item>
      <item>
        <bioguideId>H001038</bioguideId>
        <middleName />
        <sponsorshipWithdrawnDate />
        <fullName>Rep. Higgins, Brian [D-NY-26]</fullName>
        <lastName>Higgins</lastName>
        <isOriginalCosponsor>False</isOriginalCosponsor>
        <firstName>Brian</firstName>
        <identifiers>
          <gpoId>8088</gpoId>
          <bioguideId>H001038</bioguideId>
          <lisID>1794</lisID>
        </identifiers>
        <sponsorshipDate>2015-02-24</sponsorshipDate>
        <district>26</district>
        <state>NY</state>
        <party>D</party>
      </item>
      <item>
        <bioguideId>M000312</bioguideId>
        <middleName>P.</middleName>
        <sponsorshipWithdrawnDate />
        <fullName>Rep. McGovern, James P. [D-MA-2]</fullName>
        <lastName>MCGOVERN</lastName>
        <isOriginalCosponsor>False</isOriginalCosponsor>
        <firstName>JAMES</firstName>
        <identifiers>
          <lisID>1504</lisID>
          <gpoId>7968</gpoId>
          <bioguideId>M000312</bioguideId>
        </identifiers>
        <sponsorshipDate>2015-02-24</sponsorshipDate>
        <district>2</district>
        <state>MA</state>
        <party>D</party>
      </item>
      <item>
        <bioguideId>G000551</bioguideId>
        <middleName>M.</middleName>
        <sponsorshipWithdrawnDate />
        <fullName>Rep. Grijalva, Raul M. [D-AZ-3]</fullName>
        <lastName>Grijalva</lastName>
        <isOriginalCosponsor>False</isOriginalCosponsor>
        <firstName>Raul</firstName>
        <identifiers>
          <bioguideId>G000551</bioguideId>
          <lisID>1708</lisID>
          <gpoId>7804</gpoId>
        </identifiers>
        <sponsorshipDate>2015-02-24</sponsorshipDate>
        <district>3</district>
        <state>AZ</state>
        <party>D</party>
      </item>
      <item>
        <bioguideId>C001072</bioguideId>
        <middleName />
        <sponsorshipWithdrawnDate />
        <fullName>Rep. Carson, Andre [D-IN-7]</fullName>
        <lastName>Carson</lastName>
        <isOriginalCosponsor>False</isOriginalCosponsor>
        <firstName>Andre</firstName>
        <identifiers>
          <gpoId>7946</gpoId>
          <lisID>1889</lisID>
          <bioguideId>C001072</bioguideId>
        </identifiers>
        <sponsorshipDate>2015-03-13</sponsorshipDate>
        <district>7</district>
        <state>IN</state>
        <party>D</party>
      </item>
      <item>
        <bioguideId>I000057</bioguideId>
        <middleName />
        <sponsorshipWithdrawnDate />
        <fullName>Rep. Israel, Steve [D-NY-3]</fullName>
        <lastName>ISRAEL</lastName>
        <isOriginalCosponsor>False</isOriginalCosponsor>
        <firstName>STEVE</firstName>
        <identifiers>
          <bioguideId>I000057</bioguideId>
          <lisID>1663</lisID>
          <gpoId>8063</gpoId>
        </identifiers>
        <sponsorshipDate>2015-03-13</sponsorshipDate>
        <district>3</district>
        <state>NY</state>
        <party>D</party>
      </item>
      <item>
        <bioguideId>R000053</bioguideId>
        <middleName>B.</middleName>
        <sponsorshipWithdrawnDate />
        <fullName>Rep. Rangel, Charles B. [D-NY-13]</fullName>
        <lastName>RANGEL</lastName>
        <isOriginalCosponsor>False</isOriginalCosponsor>
        <firstName>CHARLES</firstName>
        <identifiers>
          <gpoId>8076</gpoId>
          <lisID>944</lisID>
          <bioguideId>R000053</bioguideId>
        </identifiers>
        <sponsorshipDate>2015-03-24</sponsorshipDate>
        <district>13</district>
        <state>NY</state>
        <party>D</party>
      </item>
    </cosponsors>
    <congress>114</congress>
    <relatedBills>
      <item>
        <number>6062</number>
        <latestTitle>SERVICE Act</latestTitle>
        <latestAction>
          <text>Referred to the Subcommittee on Military Personnel.</text>
          <actionDate>2016-10-19</actionDate>
        </latestAction>
        <congress>114</congress>
        <type>HR</type>
        <relationshipDetails>
          <item>
            <type>Related bill</type>
            <identifiedBy>CRS</identifiedBy>
          </item>
        </relationshipDetails>
      </item>
    </relatedBills>
    <calendarNumbers />
    <billNumber>658</billNumber>
    <cboCostEstimates />
    <actions>
      <item>
        <actionDate>2015-02-13</actionDate>
        <committee>
          <name>Disability Assistance and Memorial Affairs Subcommittee</name>
          <systemCode>hsvr09</systemCode>
        </committee>
        <links />
        <sourceSystem>
          <code>1</code>
          <name>House committee actions</name>
        </sourceSystem>
        <text>Referred to the Subcommittee on Disability Assistance and Memorial Affairs.</text>
        <type>Committee</type>
      </item>
      <item>
        <actionDate>2015-02-02</actionDate>
        <actionCode>H11100</actionCode>
        <committee>
          <name>Veterans' Affairs Committee</name>
          <systemCode>hsvr00</systemCode>
        </committee>
        <links />
        <type>IntroReferral</type>
        <sourceSystem>
          <code>2</code>
          <name>House floor actions</name>
        </sourceSystem>
        <text>Referred to the House Committee on Veterans' Affairs.</text>
      </item>
      <item>
        <actionDate>2015-02-02</actionDate>
        <actionCode>Intro-H</actionCode>
        <committee />
        <links />
        <type>IntroReferral</type>
        <sourceSystem>
          <code>9</code>
          <name>Library of Congress</name>
        </sourceSystem>
        <text>Introduced in House</text>
      </item>
      <item>
        <actionDate>2015-02-02</actionDate>
        <actionCode>1000</actionCode>
        <committee />
        <links />
        <type>IntroReferral</type>
        <sourceSystem>
          <code>9</code>
          <name>Library of Congress</name>
        </sourceSystem>
        <text>Introduced in House</text>
      </item>
      <actionByCounts>
        <houseOfRepresentatives>4</houseOfRepresentatives>
      </actionByCounts>
      <actionTypeCounts>
        <introducedInHouse>1</introducedInHouse>
        <introducedInTheHouse>1</introducedInTheHouse>
        <placeholderTextForH>1</placeholderTextForH>
        <billReferrals>1</billReferrals>
      </actionTypeCounts>
    </actions>
    <policyArea>
      <name>Armed Forces and National Security</name>
    </policyArea>
    <committees>
      <billCommittees>
        <item>
          <chamber>House</chamber>
          <name>Veterans' Affairs Committee</name>
          <systemCode>hsvr00</systemCode>
          <activities>
            <item>
              <name>Referred to</name>
              <date>2015-02-02T17:02:45Z</date>
            </item>
          </activities>
          <type>Standing</type>
          <subcommittees>
            <item>
              <name>Disability Assistance and Memorial Affairs Subcommittee</name>
              <systemCode>hsvr09</systemCode>
              <activities>
                <item>
                  <name>Referred to</name>
                  <date>2015-02-13T16:44:45Z</date>
                </item>
              </activities>
            </item>
          </subcommittees>
        </item>
      </billCommittees>
    </committees>
    <recordedVotes />
    <introducedDate>2015-02-02</introducedDate>
    <amendments />
    <constitutionalAuthorityStatementText><![CDATA[<pre>From the Congressional Record Online through the Government Publishing Office [<a href='http://www.gpo.gov'>www.gpo.gov</a>]By Ms. MENG:H.R. 658.Congress has the power to enact this legislation pursuantto the following:Article I, Section 8, Clause 18[Page H704]</pre>]]></constitutionalAuthorityStatementText>
    <title>VA Regional Office Accountability Act</title>
    <committeeReports />
  </bill>
  <dublinCore xmlns:dc="http://purl.org/dc/elements/1.1/">
    <dc:format>text/xml</dc:format>
    <dc:language>EN</dc:language>
    <dc:rights>Pursuant to Title 17 Section 105 of the United States Code, this file is not subject to copyright protection and is in the public domain.</dc:rights>
    <dc:contributor>Congressional Research Service, Library of Congress</dc:contributor>
    <dc:description>This file contains bill summaries and statuses for federal legislation. A bill summary describes the most significant provisions of a piece of legislation and details the effects the legislative text may have on current law and federal programs. Bill summaries are authored by the Congressional Research Service (CRS) of the Library of Congress. As stated in Public Law 91-510 (2 USC 166 (d)(6)), one of the duties of CRS is "to prepare summaries and digests of bills and resolutions of a public general nature introduced in the Senate or House of Representatives". For more information, refer to the User Guide that accompanies this file.</dc:description>
  </dublinCore>
</billStatus>

