<?xml version="1.0" encoding="UTF-8"?>
<billStatus>
  <bill>
    <title>Medicare Adult Day Services Act of 2015</title>
    <updateDate>2016-11-02T21:33:33Z</updateDate>
    <relatedBills />
    <introducedDate>2015-03-16</introducedDate>
    <originChamber>House</originChamber>
    <cboCostEstimates />
    <policyArea>
      <name>Health</name>
    </policyArea>
    <congress>114</congress>
    <billNumber>1383</billNumber>
    <billType>HR</billType>
    <amendments />
    <recordedVotes />
    <committees>
      <billCommittees>
        <item>
          <activities>
            <item>
              <name>Referred to</name>
              <date>2015-03-16T16:00:23Z</date>
            </item>
          </activities>
          <name>Ways and Means Committee</name>
          <subcommittees>
            <item>
              <activities>
                <item>
                  <name>Referred to</name>
                  <date>2015-03-27T21:19:09Z</date>
                </item>
              </activities>
              <name>Health Subcommittee</name>
              <systemCode>hswm02</systemCode>
            </item>
          </subcommittees>
          <chamber>House</chamber>
          <type>Standing</type>
          <systemCode>hswm00</systemCode>
        </item>
        <item>
          <activities>
            <item>
              <name>Referred to</name>
              <date>2015-03-16T16:00:28Z</date>
            </item>
          </activities>
          <name>Energy and Commerce Committee</name>
          <subcommittees />
          <chamber>House</chamber>
          <type>Standing</type>
          <systemCode>hsif00</systemCode>
        </item>
      </billCommittees>
    </committees>
    <laws />
    <subjects>
      <billSubjects>
        <legislativeSubjects>
          <item>
            <name>Adult day care</name>
          </item>
          <item>
            <name>Health care coverage and access</name>
          </item>
          <item>
            <name>Medicare</name>
          </item>
        </legislativeSubjects>
        <policyArea>
          <name>Health</name>
        </policyArea>
      </billSubjects>
    </subjects>
    <notes />
    <committeeReports />
    <actions>
      <item>
        <actionDate>2015-03-27</actionDate>
        <committee>
          <systemCode>hswm02</systemCode>
          <name>Health Subcommittee</name>
        </committee>
        <links />
        <sourceSystem>
          <code>1</code>
          <name>House committee actions</name>
        </sourceSystem>
        <text>Referred to the Subcommittee on Health.</text>
        <type>Committee</type>
      </item>
      <item>
        <sourceSystem>
          <code>2</code>
          <name>House floor actions</name>
        </sourceSystem>
        <actionDate>2015-03-16</actionDate>
        <links />
        <committee>
          <systemCode>hsif00</systemCode>
          <name>Energy and Commerce Committee</name>
        </committee>
        <text>Referred to House Energy and Commerce</text>
        <type>IntroReferral</type>
        <actionCode>H11100</actionCode>
      </item>
      <item>
        <sourceSystem>
          <code>9</code>
          <name>Library of Congress</name>
        </sourceSystem>
        <actionDate>2015-03-16</actionDate>
        <links />
        <committee />
        <text>Referred to the Committee on Ways and Means, and in addition to the Committee on Energy and Commerce, for a period to be subsequently determined by the Speaker, in each case for consideration of such provisions as fall within the jurisdiction of the committee concerned.</text>
        <type>IntroReferral</type>
        <actionCode>H11100-A</actionCode>
      </item>
      <item>
        <sourceSystem>
          <code>2</code>
          <name>House floor actions</name>
        </sourceSystem>
        <actionDate>2015-03-16</actionDate>
        <links />
        <committee>
          <systemCode>hswm00</systemCode>
          <name>Ways and Means Committee</name>
        </committee>
        <text>Referred to House Ways and Means</text>
        <type>IntroReferral</type>
        <actionCode>H11100</actionCode>
      </item>
      <item>
        <sourceSystem>
          <code>9</code>
          <name>Library of Congress</name>
        </sourceSystem>
        <actionDate>2015-03-16</actionDate>
        <links />
        <committee />
        <text>Introduced in House</text>
        <type>IntroReferral</type>
        <actionCode>Intro-H</actionCode>
      </item>
      <item>
        <sourceSystem>
          <code>9</code>
          <name>Library of Congress</name>
        </sourceSystem>
        <actionDate>2015-03-16</actionDate>
        <links />
        <committee />
        <text>Introduced in House</text>
        <type>IntroReferral</type>
        <actionCode>1000</actionCode>
      </item>
      <actionTypeCounts>
        <introducedInHouse>1</introducedInHouse>
        <placeholderTextForH>1</placeholderTextForH>
        <billReferrals>2</billReferrals>
        <billReferralsAggregate>1</billReferralsAggregate>
        <introducedInTheHouse>1</introducedInTheHouse>
      </actionTypeCounts>
      <actionByCounts>
        <houseOfRepresentatives>6</houseOfRepresentatives>
      </actionByCounts>
    </actions>
    <calendarNumbers />
    <latestAction>
      <links />
      <actionDate>2015-03-27</actionDate>
      <text>Referred to the Subcommittee on Health.</text>
    </latestAction>
    <titles>
      <item>
        <title>Medicare Adult Day Services Act of 2015</title>
        <chamberName />
        <chamberCode />
        <titleType>Short Titles as Introduced</titleType>
        <parentTitleType />
      </item>
      <item>
        <title>To amend title XVIII of the Social Security Act to provide for coverage of certified adult day services under the Medicare program, and for other purposes.</title>
        <chamberName />
        <chamberCode />
        <titleType>Official Title as Introduced</titleType>
        <parentTitleType />
      </item>
      <item>
        <title>Medicare Adult Day Services Act of 2015</title>
        <chamberName />
        <chamberCode />
        <titleType>Display Title</titleType>
        <parentTitleType />
      </item>
    </titles>
    <summaries>
      <billSummaries>
        <item>
          <updateDate>2015-03-16T04:00:00Z</updateDate>
          <versionCode>00</versionCode>
          <text><![CDATA[<p><b>Medicare Adult Day Services Act of 2015 </b></p> <p> Amends title XVIII (Medicare) of the Social Security Act to: (1) cover certified adult day services furnished in a certified adult day services center and meeting specified requirements, and (2) require the Secretary of Health and Human Services to increase by 3% the payment amount otherwise effective for such services furnished in a rural area on or after January 1, 2016, and before January 1, 2018. </p>]]></text>
          <lastSummaryUpdateDate>2015-04-17T16:57:52Z</lastSummaryUpdateDate>
          <actionDate>2015-03-16</actionDate>
          <actionDesc>Introduced in House</actionDesc>
          <name>Introduced in House</name>
        </item>
      </billSummaries>
    </summaries>
    <constitutionalAuthorityStatementText><![CDATA[<pre>From the Congressional Record Online through the Government Publishing Office [<a href='http://www.gpo.gov'>www.gpo.gov</a>]By Ms. LINDA T. SANCHEZ of California:H.R. 1383.Congress has the power to enact this legislation pursuantto the following:Article I, Section 8 of the United States Constitution.[Page H1662]</pre>]]></constitutionalAuthorityStatementText>
    <createDate>2015-03-17T05:46:42Z</createDate>
    <sponsors>
      <item>
        <state>CA</state>
        <fullName>Rep. Sanchez, Linda T. [D-CA-38]</fullName>
        <middleName>T.</middleName>
        <identifiers>
          <bioguideId>S001156</bioguideId>
          <gpoId>7844</gpoId>
          <lisID>1757</lisID>
        </identifiers>
        <firstName>LINDA</firstName>
        <lastName>SANCHEZ</lastName>
        <bioguideId>S001156</bioguideId>
        <district>38</district>
        <byRequestType />
        <party>D</party>
      </item>
    </sponsors>
    <cosponsors>
      <item>
        <fullName>Rep. Meng, Grace [D-NY-6]</fullName>
        <firstName>Grace</firstName>
        <lastName>Meng</lastName>
        <identifiers>
          <lisID>2148</lisID>
          <bioguideId>M001188</bioguideId>
          <gpoId />
        </identifiers>
        <state>NY</state>
        <sponsorshipWithdrawnDate />
        <bioguideId>M001188</bioguideId>
        <district>6</district>
        <isOriginalCosponsor>True</isOriginalCosponsor>
        <middleName />
        <party>D</party>
        <sponsorshipDate>2015-03-16</sponsorshipDate>
      </item>
      <item>
        <fullName>Rep. Cartwright, Matt [D-PA-17]</fullName>
        <firstName>Matt</firstName>
        <lastName>Cartwright</lastName>
        <identifiers>
          <lisID>2159</lisID>
          <gpoId />
          <bioguideId>C001090</bioguideId>
        </identifiers>
        <state>PA</state>
        <sponsorshipWithdrawnDate />
        <bioguideId>C001090</bioguideId>
        <district>17</district>
        <isOriginalCosponsor>True</isOriginalCosponsor>
        <middleName />
        <party>D</party>
        <sponsorshipDate>2015-03-16</sponsorshipDate>
      </item>
      <item>
        <fullName>Rep. Frankel, Lois [D-FL-22]</fullName>
        <firstName>Lois</firstName>
        <lastName>Frankel</lastName>
        <identifiers>
          <bioguideId>F000462</bioguideId>
          <gpoId />
          <lisID>2119</lisID>
        </identifiers>
        <state>FL</state>
        <sponsorshipWithdrawnDate />
        <bioguideId>F000462</bioguideId>
        <district>22</district>
        <isOriginalCosponsor>True</isOriginalCosponsor>
        <middleName />
        <party>D</party>
        <sponsorshipDate>2015-03-16</sponsorshipDate>
      </item>
      <item>
        <fullName>Rep. Lowenthal, Alan S. [D-CA-47]</fullName>
        <firstName>Alan</firstName>
        <lastName>Lowenthal</lastName>
        <identifiers>
          <bioguideId>L000579</bioguideId>
          <lisID>2111</lisID>
          <gpoId />
        </identifiers>
        <state>CA</state>
        <sponsorshipWithdrawnDate />
        <bioguideId>L000579</bioguideId>
        <district>47</district>
        <isOriginalCosponsor>True</isOriginalCosponsor>
        <middleName>S.</middleName>
        <party>D</party>
        <sponsorshipDate>2015-03-16</sponsorshipDate>
      </item>
      <item>
        <fullName>Rep. Cohen, Steve [D-TN-9]</fullName>
        <firstName>Steve</firstName>
        <lastName>Cohen</lastName>
        <identifiers>
          <lisID>1878</lisID>
          <bioguideId>C001068</bioguideId>
          <gpoId>8156</gpoId>
        </identifiers>
        <state>TN</state>
        <sponsorshipWithdrawnDate />
        <bioguideId>C001068</bioguideId>
        <district>9</district>
        <isOriginalCosponsor>True</isOriginalCosponsor>
        <middleName />
        <party>D</party>
        <sponsorshipDate>2015-03-16</sponsorshipDate>
      </item>
      <item>
        <fullName>Rep. Lujan Grisham, Michelle [D-NM-1]</fullName>
        <firstName>Michelle</firstName>
        <lastName>Lujan Grisham</lastName>
        <identifiers>
          <gpoId />
          <lisID>2146</lisID>
          <bioguideId>L000580</bioguideId>
        </identifiers>
        <state>NM</state>
        <sponsorshipWithdrawnDate />
        <bioguideId>L000580</bioguideId>
        <district>1</district>
        <isOriginalCosponsor>True</isOriginalCosponsor>
        <middleName />
        <party>D</party>
        <sponsorshipDate>2015-03-16</sponsorshipDate>
      </item>
      <item>
        <fullName>Rep. Roybal-Allard, Lucille [D-CA-40]</fullName>
        <firstName>LUCILLE</firstName>
        <lastName>ROYBAL-ALLARD</lastName>
        <identifiers>
          <bioguideId>R000486</bioguideId>
          <lisID>997</lisID>
          <gpoId>7839</gpoId>
        </identifiers>
        <state>CA</state>
        <sponsorshipWithdrawnDate />
        <bioguideId>R000486</bioguideId>
        <district>40</district>
        <isOriginalCosponsor>True</isOriginalCosponsor>
        <middleName />
        <party>D</party>
        <sponsorshipDate>2015-03-16</sponsorshipDate>
      </item>
      <item>
        <fullName>Rep. Clarke, Yvette D. [D-NY-9]</fullName>
        <firstName>Yvette</firstName>
        <lastName>Clarke</lastName>
        <identifiers>
          <bioguideId>C001067</bioguideId>
          <lisID>1864</lisID>
          <gpoId>8072</gpoId>
        </identifiers>
        <state>NY</state>
        <sponsorshipWithdrawnDate />
        <bioguideId>C001067</bioguideId>
        <district>9</district>
        <isOriginalCosponsor>True</isOriginalCosponsor>
        <middleName>D.</middleName>
        <party>D</party>
        <sponsorshipDate>2015-03-16</sponsorshipDate>
      </item>
      <item>
        <fullName>Rep. Schakowsky, Janice D. [D-IL-9]</fullName>
        <firstName>JANICE</firstName>
        <lastName>SCHAKOWSKY</lastName>
        <identifiers>
          <bioguideId>S001145</bioguideId>
          <lisID>1588</lisID>
          <gpoId>7929</gpoId>
        </identifiers>
        <state>IL</state>
        <sponsorshipWithdrawnDate />
        <bioguideId>S001145</bioguideId>
        <district>9</district>
        <isOriginalCosponsor>True</isOriginalCosponsor>
        <middleName>D.</middleName>
        <party>D</party>
        <sponsorshipDate>2015-03-16</sponsorshipDate>
      </item>
      <item>
        <fullName>Rep. Norton, Eleanor Holmes [D-DC-At Large]</fullName>
        <firstName>ELEANOR</firstName>
        <lastName>NORTON</lastName>
        <identifiers>
          <bioguideId>N000147</bioguideId>
          <gpoId>7871</gpoId>
          <lisID>868</lisID>
        </identifiers>
        <state>DC</state>
        <sponsorshipWithdrawnDate />
        <bioguideId>N000147</bioguideId>
        <district>0</district>
        <isOriginalCosponsor>True</isOriginalCosponsor>
        <middleName>HOLMES</middleName>
        <party>D</party>
        <sponsorshipDate>2015-03-16</sponsorshipDate>
      </item>
      <item>
        <fullName>Rep. Conyers, John, Jr. [D-MI-13]</fullName>
        <firstName>JOHN</firstName>
        <lastName>CONYERS</lastName>
        <identifiers>
          <lisID>229</lisID>
          <bioguideId>C000714</bioguideId>
          <gpoId>7999</gpoId>
        </identifiers>
        <state>MI</state>
        <sponsorshipWithdrawnDate />
        <bioguideId>C000714</bioguideId>
        <district>13</district>
        <isOriginalCosponsor>True</isOriginalCosponsor>
        <middleName />
        <party>D</party>
        <sponsorshipDate>2015-03-16</sponsorshipDate>
      </item>
      <item>
        <fullName>Rep. Peterson, Collin C. [D-MN-7]</fullName>
        <firstName>COLLIN</firstName>
        <lastName>PETERSON</lastName>
        <identifiers>
          <lisID>910</lisID>
          <gpoId>8007</gpoId>
          <bioguideId>P000258</bioguideId>
        </identifiers>
        <state>MN</state>
        <sponsorshipWithdrawnDate />
        <bioguideId>P000258</bioguideId>
        <district>7</district>
        <isOriginalCosponsor>False</isOriginalCosponsor>
        <middleName>C.</middleName>
        <party>D</party>
        <sponsorshipDate>2015-04-21</sponsorshipDate>
      </item>
      <item>
        <fullName>Rep. Larsen, Rick [D-WA-2]</fullName>
        <firstName>RICK</firstName>
        <lastName>LARSEN</lastName>
        <identifiers>
          <bioguideId>L000560</bioguideId>
          <lisID>1675</lisID>
          <gpoId>8206</gpoId>
        </identifiers>
        <state>WA</state>
        <sponsorshipWithdrawnDate />
        <bioguideId>L000560</bioguideId>
        <district>2</district>
        <isOriginalCosponsor>False</isOriginalCosponsor>
        <middleName />
        <party>D</party>
        <sponsorshipDate>2015-04-22</sponsorshipDate>
      </item>
      <item>
        <fullName>Rep. Waters, Maxine [D-CA-43]</fullName>
        <firstName>MAXINE</firstName>
        <lastName>WATERS</lastName>
        <identifiers>
          <bioguideId>W000187</bioguideId>
          <lisID>1205</lisID>
          <gpoId>7840</gpoId>
        </identifiers>
        <state>CA</state>
        <sponsorshipWithdrawnDate />
        <bioguideId>W000187</bioguideId>
        <district>43</district>
        <isOriginalCosponsor>False</isOriginalCosponsor>
        <middleName />
        <party>D</party>
        <sponsorshipDate>2015-09-11</sponsorshipDate>
      </item>
      <item>
        <fullName>Rep. Edwards, Donna F. [D-MD-4]</fullName>
        <firstName>Donna</firstName>
        <lastName>Edwards</lastName>
        <identifiers>
          <bioguideId>E000290</bioguideId>
          <lisID>1894</lisID>
          <gpoId>7979</gpoId>
        </identifiers>
        <state>MD</state>
        <sponsorshipWithdrawnDate />
        <bioguideId>E000290</bioguideId>
        <district>4</district>
        <isOriginalCosponsor>False</isOriginalCosponsor>
        <middleName>F.</middleName>
        <party>D</party>
        <sponsorshipDate>2015-09-16</sponsorshipDate>
      </item>
    </cosponsors>
  </bill>
  <dublinCore xmlns:dc="http://purl.org/dc/elements/1.1/">
    <dc:format>text/xml</dc:format>
    <dc:language>EN</dc:language>
    <dc:rights>Pursuant to Title 17 Section 105 of the United States Code, this file is not subject to copyright protection and is in the public domain.</dc:rights>
    <dc:contributor>Congressional Research Service, Library of Congress</dc:contributor>
    <dc:description>This file contains bill summaries and statuses for federal legislation. A bill summary describes the most significant provisions of a piece of legislation and details the effects the legislative text may have on current law and federal programs. Bill summaries are authored by the Congressional Research Service (CRS) of the Library of Congress. As stated in Public Law 91-510 (2 USC 166 (d)(6)), one of the duties of CRS is "to prepare summaries and digests of bills and resolutions of a public general nature introduced in the Senate or House of Representatives". For more information, refer to the User Guide that accompanies this file.</dc:description>
  </dublinCore>
</billStatus>

