<?xml version="1.0" encoding="UTF-8"?>
<billStatus>
  <bill>
    <latestAction>
      <text>Referred to the Subcommittee on Higher Education and Workforce Training.</text>
      <links />
      <actionDate>2015-04-29</actionDate>
    </latestAction>
    <policyArea>
      <name>Armed Forces and National Security</name>
    </policyArea>
    <amendments />
    <relatedBills />
    <billNumber>344</billNumber>
    <updateDate>2016-11-02T21:17:02Z</updateDate>
    <cboCostEstimates />
    <sponsors>
      <item>
        <fullName>Rep. DelBene, Suzan K. [D-WA-1]</fullName>
        <firstName>Suzan</firstName>
        <district>1</district>
        <lastName>DelBene</lastName>
        <byRequestType />
        <identifiers>
          <lisID>2096</lisID>
          <gpoId>8374</gpoId>
          <bioguideId>D000617</bioguideId>
        </identifiers>
        <middleName>K.</middleName>
        <party>D</party>
        <state>WA</state>
        <bioguideId>D000617</bioguideId>
      </item>
    </sponsors>
    <notes />
    <originChamber>House</originChamber>
    <subjects>
      <billSubjects>
        <legislativeSubjects>
          <item>
            <name>Employment and training programs</name>
          </item>
          <item>
            <name>Manufacturing</name>
          </item>
          <item>
            <name>Public-private cooperation</name>
          </item>
          <item>
            <name>Veterans' education, employment, rehabilitation</name>
          </item>
        </legislativeSubjects>
        <policyArea>
          <name>Armed Forces and National Security</name>
        </policyArea>
      </billSubjects>
    </subjects>
    <cosponsors>
      <item>
        <firstName>Matt</firstName>
        <sponsorshipWithdrawnDate />
        <identifiers>
          <bioguideId>C001090</bioguideId>
          <lisID>2159</lisID>
          <gpoId />
        </identifiers>
        <party>D</party>
        <isOriginalCosponsor>True</isOriginalCosponsor>
        <fullName>Rep. Cartwright, Matt [D-PA-17]</fullName>
        <middleName />
        <sponsorshipDate>2015-01-14</sponsorshipDate>
        <bioguideId>C001090</bioguideId>
        <district>17</district>
        <state>PA</state>
        <lastName>Cartwright</lastName>
      </item>
      <item>
        <firstName>TIM</firstName>
        <sponsorshipWithdrawnDate />
        <identifiers>
          <lisID>1756</lisID>
          <gpoId>8107</gpoId>
          <bioguideId>R000577</bioguideId>
        </identifiers>
        <party>D</party>
        <isOriginalCosponsor>True</isOriginalCosponsor>
        <fullName>Rep. Ryan, Tim [D-OH-13]</fullName>
        <middleName />
        <sponsorshipDate>2015-01-14</sponsorshipDate>
        <bioguideId>R000577</bioguideId>
        <district>13</district>
        <state>OH</state>
        <lastName>RYAN</lastName>
      </item>
      <item>
        <firstName>PETER</firstName>
        <sponsorshipWithdrawnDate />
        <identifiers>
          <lisID>279</lisID>
          <gpoId>8117</gpoId>
          <bioguideId>D000191</bioguideId>
        </identifiers>
        <party>D</party>
        <isOriginalCosponsor>True</isOriginalCosponsor>
        <fullName>Rep. DeFazio, Peter A. [D-OR-4]</fullName>
        <middleName>A.</middleName>
        <sponsorshipDate>2015-01-14</sponsorshipDate>
        <bioguideId>D000191</bioguideId>
        <district>4</district>
        <state>OR</state>
        <lastName>DEFAZIO</lastName>
      </item>
      <item>
        <firstName>Debbie</firstName>
        <sponsorshipWithdrawnDate />
        <identifiers>
          <gpoId>7892</gpoId>
          <lisID>1777</lisID>
          <bioguideId>W000797</bioguideId>
        </identifiers>
        <party>D</party>
        <isOriginalCosponsor>True</isOriginalCosponsor>
        <fullName>Rep. Wasserman Schultz, Debbie [D-FL-23]</fullName>
        <middleName />
        <sponsorshipDate>2015-01-14</sponsorshipDate>
        <bioguideId>W000797</bioguideId>
        <district>23</district>
        <state>FL</state>
        <lastName>Wasserman Schultz</lastName>
      </item>
      <item>
        <firstName>BARBARA</firstName>
        <sponsorshipWithdrawnDate />
        <identifiers>
          <bioguideId>L000551</bioguideId>
          <gpoId>7814</gpoId>
          <lisID>1501</lisID>
        </identifiers>
        <party>D</party>
        <isOriginalCosponsor>True</isOriginalCosponsor>
        <fullName>Rep. Lee, Barbara [D-CA-13]</fullName>
        <middleName />
        <sponsorshipDate>2015-01-14</sponsorshipDate>
        <bioguideId>L000551</bioguideId>
        <district>13</district>
        <state>CA</state>
        <lastName>LEE</lastName>
      </item>
      <item>
        <firstName>Raul</firstName>
        <sponsorshipWithdrawnDate />
        <identifiers>
          <gpoId>7804</gpoId>
          <lisID>1708</lisID>
          <bioguideId>G000551</bioguideId>
        </identifiers>
        <party>D</party>
        <isOriginalCosponsor>True</isOriginalCosponsor>
        <fullName>Rep. Grijalva, Raul M. [D-AZ-3]</fullName>
        <middleName>M.</middleName>
        <sponsorshipDate>2015-01-14</sponsorshipDate>
        <bioguideId>G000551</bioguideId>
        <district>3</district>
        <state>AZ</state>
        <lastName>Grijalva</lastName>
      </item>
      <item>
        <firstName>ELEANOR</firstName>
        <sponsorshipWithdrawnDate />
        <identifiers>
          <bioguideId>N000147</bioguideId>
          <gpoId>7871</gpoId>
          <lisID>868</lisID>
        </identifiers>
        <party>D</party>
        <isOriginalCosponsor>True</isOriginalCosponsor>
        <fullName>Rep. Norton, Eleanor Holmes [D-DC-At Large]</fullName>
        <middleName>HOLMES</middleName>
        <sponsorshipDate>2015-01-14</sponsorshipDate>
        <bioguideId>N000147</bioguideId>
        <district>0</district>
        <state>DC</state>
        <lastName>NORTON</lastName>
      </item>
      <item>
        <firstName>Juan</firstName>
        <sponsorshipWithdrawnDate />
        <identifiers>
          <bioguideId>V000130</bioguideId>
          <lisID>2112</lisID>
          <gpoId />
        </identifiers>
        <party>D</party>
        <isOriginalCosponsor>True</isOriginalCosponsor>
        <fullName>Rep. Vargas, Juan [D-CA-51]</fullName>
        <middleName />
        <sponsorshipDate>2015-01-14</sponsorshipDate>
        <bioguideId>V000130</bioguideId>
        <district>51</district>
        <state>CA</state>
        <lastName>Vargas</lastName>
      </item>
      <item>
        <firstName>Derek</firstName>
        <sponsorshipWithdrawnDate />
        <identifiers>
          <bioguideId>K000381</bioguideId>
          <lisID>2169</lisID>
          <gpoId />
        </identifiers>
        <party>D</party>
        <isOriginalCosponsor>True</isOriginalCosponsor>
        <fullName>Rep. Kilmer, Derek [D-WA-6]</fullName>
        <middleName />
        <sponsorshipDate>2015-01-14</sponsorshipDate>
        <bioguideId>K000381</bioguideId>
        <district>6</district>
        <state>WA</state>
        <lastName>Kilmer</lastName>
      </item>
      <item>
        <firstName>JIM</firstName>
        <sponsorshipWithdrawnDate />
        <identifiers>
          <bioguideId>M000404</bioguideId>
          <gpoId>8211</gpoId>
          <lisID>766</lisID>
        </identifiers>
        <party>D</party>
        <isOriginalCosponsor>True</isOriginalCosponsor>
        <fullName>Rep. McDermott, Jim [D-WA-7]</fullName>
        <middleName />
        <sponsorshipDate>2015-01-14</sponsorshipDate>
        <bioguideId>M000404</bioguideId>
        <district>7</district>
        <state>WA</state>
        <lastName>MCDERMOTT</lastName>
      </item>
      <item>
        <firstName>JAMES</firstName>
        <sponsorshipWithdrawnDate />
        <identifiers>
          <lisID>1504</lisID>
          <bioguideId>M000312</bioguideId>
          <gpoId>7968</gpoId>
        </identifiers>
        <party>D</party>
        <isOriginalCosponsor>True</isOriginalCosponsor>
        <fullName>Rep. McGovern, James P. [D-MA-2]</fullName>
        <middleName>P.</middleName>
        <sponsorshipDate>2015-01-14</sponsorshipDate>
        <bioguideId>M000312</bioguideId>
        <district>2</district>
        <state>MA</state>
        <lastName>MCGOVERN</lastName>
      </item>
      <item>
        <firstName>Tony</firstName>
        <sponsorshipWithdrawnDate />
        <identifiers>
          <lisID>2107</lisID>
          <gpoId />
          <bioguideId>C001097</bioguideId>
        </identifiers>
        <party>D</party>
        <isOriginalCosponsor>True</isOriginalCosponsor>
        <fullName>Rep. Cardenas, Tony [D-CA-29]</fullName>
        <middleName />
        <sponsorshipDate>2015-01-14</sponsorshipDate>
        <bioguideId>C001097</bioguideId>
        <district>29</district>
        <state>CA</state>
        <lastName>Cardenas</lastName>
      </item>
      <item>
        <firstName>Ann</firstName>
        <sponsorshipWithdrawnDate />
        <identifiers>
          <lisID>1907</lisID>
          <gpoId>7220</gpoId>
          <bioguideId>K000368</bioguideId>
        </identifiers>
        <party>D</party>
        <isOriginalCosponsor>True</isOriginalCosponsor>
        <fullName>Rep. Kirkpatrick, Ann [D-AZ-1]</fullName>
        <middleName />
        <sponsorshipDate>2015-01-14</sponsorshipDate>
        <bioguideId>K000368</bioguideId>
        <district>1</district>
        <state>AZ</state>
        <lastName>Kirkpatrick</lastName>
      </item>
      <item>
        <firstName>Julia</firstName>
        <sponsorshipWithdrawnDate />
        <identifiers>
          <lisID>2106</lisID>
          <bioguideId>B001285</bioguideId>
          <gpoId />
        </identifiers>
        <party>D</party>
        <isOriginalCosponsor>True</isOriginalCosponsor>
        <fullName>Rep. Brownley, Julia [D-CA-26]</fullName>
        <middleName />
        <sponsorshipDate>2015-01-14</sponsorshipDate>
        <bioguideId>B001285</bioguideId>
        <district>26</district>
        <state>CA</state>
        <lastName>Brownley</lastName>
      </item>
      <item>
        <firstName>MARCY</firstName>
        <sponsorshipWithdrawnDate />
        <identifiers>
          <gpoId>8099</gpoId>
          <lisID>616</lisID>
          <bioguideId>K000009</bioguideId>
        </identifiers>
        <party>D</party>
        <isOriginalCosponsor>True</isOriginalCosponsor>
        <fullName>Rep. Kaptur, Marcy [D-OH-9]</fullName>
        <middleName />
        <sponsorshipDate>2015-01-14</sponsorshipDate>
        <bioguideId>K000009</bioguideId>
        <district>9</district>
        <state>OH</state>
        <lastName>KAPTUR</lastName>
      </item>
      <item>
        <firstName>Robin</firstName>
        <sponsorshipWithdrawnDate />
        <identifiers>
          <lisID>2190</lisID>
          <gpoId />
          <bioguideId>K000385</bioguideId>
        </identifiers>
        <party>D</party>
        <isOriginalCosponsor>True</isOriginalCosponsor>
        <fullName>Rep. Kelly, Robin L. [D-IL-2]</fullName>
        <middleName>L.</middleName>
        <sponsorshipDate>2015-01-14</sponsorshipDate>
        <bioguideId>K000385</bioguideId>
        <district>2</district>
        <state>IL</state>
        <lastName>Kelly</lastName>
      </item>
      <item>
        <firstName>LOUISE</firstName>
        <sponsorshipWithdrawnDate />
        <identifiers>
          <lisID>1069</lisID>
          <gpoId>8089</gpoId>
          <bioguideId>S000480</bioguideId>
        </identifiers>
        <party>D</party>
        <isOriginalCosponsor>True</isOriginalCosponsor>
        <fullName>Rep. Slaughter, Louise McIntosh [D-NY-25]</fullName>
        <middleName>M.</middleName>
        <sponsorshipDate>2015-01-14</sponsorshipDate>
        <bioguideId>S000480</bioguideId>
        <district>25</district>
        <state>NY</state>
        <lastName>SLAUGHTER</lastName>
      </item>
      <item>
        <firstName>JOHN</firstName>
        <sponsorshipWithdrawnDate />
        <identifiers>
          <lisID>1583</lisID>
          <bioguideId>L000557</bioguideId>
          <gpoId>7866</gpoId>
        </identifiers>
        <party>D</party>
        <isOriginalCosponsor>True</isOriginalCosponsor>
        <fullName>Rep. Larson, John B. [D-CT-1]</fullName>
        <middleName>B.</middleName>
        <sponsorshipDate>2015-01-14</sponsorshipDate>
        <bioguideId>L000557</bioguideId>
        <district>1</district>
        <state>CT</state>
        <lastName>LARSON</lastName>
      </item>
      <item>
        <firstName>David</firstName>
        <sponsorshipWithdrawnDate />
        <identifiers>
          <gpoId>7915</gpoId>
          <lisID>1846</lisID>
          <bioguideId>L000565</bioguideId>
        </identifiers>
        <party>D</party>
        <isOriginalCosponsor>True</isOriginalCosponsor>
        <fullName>Rep. Loebsack, David [D-IA-2]</fullName>
        <middleName />
        <sponsorshipDate>2015-01-14</sponsorshipDate>
        <bioguideId>L000565</bioguideId>
        <district>2</district>
        <state>IA</state>
        <lastName>Loebsack</lastName>
      </item>
      <item>
        <firstName>Elizabeth</firstName>
        <sponsorshipWithdrawnDate />
        <identifiers>
          <gpoId />
          <lisID>2114</lisID>
          <bioguideId>E000293</bioguideId>
        </identifiers>
        <party>D</party>
        <isOriginalCosponsor>True</isOriginalCosponsor>
        <fullName>Rep. Esty, Elizabeth H. [D-CT-5]</fullName>
        <middleName>H.</middleName>
        <sponsorshipDate>2015-01-14</sponsorshipDate>
        <bioguideId>E000293</bioguideId>
        <district>5</district>
        <state>CT</state>
        <lastName>Esty</lastName>
      </item>
      <item>
        <firstName>Chellie</firstName>
        <sponsorshipWithdrawnDate />
        <identifiers>
          <bioguideId>P000597</bioguideId>
          <lisID>1927</lisID>
          <gpoId>7984</gpoId>
        </identifiers>
        <party>D</party>
        <isOriginalCosponsor>True</isOriginalCosponsor>
        <fullName>Rep. Pingree, Chellie [D-ME-1]</fullName>
        <middleName />
        <sponsorshipDate>2015-01-14</sponsorshipDate>
        <bioguideId>P000597</bioguideId>
        <district>1</district>
        <state>ME</state>
        <lastName>Pingree</lastName>
      </item>
      <item>
        <firstName>GREGORY</firstName>
        <sponsorshipWithdrawnDate />
        <identifiers>
          <lisID>1506</lisID>
          <gpoId>8067</gpoId>
          <bioguideId>M001137</bioguideId>
        </identifiers>
        <party>D</party>
        <isOriginalCosponsor>True</isOriginalCosponsor>
        <fullName>Rep. Meeks, Gregory W. [D-NY-5]</fullName>
        <middleName>W.</middleName>
        <sponsorshipDate>2015-01-14</sponsorshipDate>
        <bioguideId>M001137</bioguideId>
        <district>5</district>
        <state>NY</state>
        <lastName>MEEKS</lastName>
      </item>
      <item>
        <firstName>Ann</firstName>
        <sponsorshipWithdrawnDate />
        <identifiers>
          <lisID>2145</lisID>
          <bioguideId>K000382</bioguideId>
          <gpoId />
        </identifiers>
        <party>D</party>
        <isOriginalCosponsor>True</isOriginalCosponsor>
        <fullName>Rep. Kuster, Ann M. [D-NH-2]</fullName>
        <middleName>M.</middleName>
        <sponsorshipDate>2015-01-14</sponsorshipDate>
        <bioguideId>K000382</bioguideId>
        <district>2</district>
        <state>NH</state>
        <lastName>Kuster</lastName>
      </item>
      <item>
        <firstName>Cheri</firstName>
        <sponsorshipWithdrawnDate />
        <identifiers>
          <lisID>2127</lisID>
          <bioguideId>B001286</bioguideId>
          <gpoId />
        </identifiers>
        <party>D</party>
        <isOriginalCosponsor>True</isOriginalCosponsor>
        <fullName>Rep. Bustos, Cheri [D-IL-17]</fullName>
        <middleName />
        <sponsorshipDate>2015-01-14</sponsorshipDate>
        <bioguideId>B001286</bioguideId>
        <district>17</district>
        <state>IL</state>
        <lastName>Bustos</lastName>
      </item>
      <item>
        <firstName>Ben</firstName>
        <sponsorshipWithdrawnDate />
        <identifiers>
          <lisID>1939</lisID>
          <gpoId>8058</gpoId>
          <bioguideId>L000570</bioguideId>
        </identifiers>
        <party>D</party>
        <isOriginalCosponsor>True</isOriginalCosponsor>
        <fullName>Rep. Lujan, Ben Ray [D-NM-3]</fullName>
        <middleName>Ray</middleName>
        <sponsorshipDate>2015-01-14</sponsorshipDate>
        <bioguideId>L000570</bioguideId>
        <district>3</district>
        <state>NM</state>
        <lastName>Lujan</lastName>
      </item>
      <item>
        <firstName>John</firstName>
        <sponsorshipWithdrawnDate />
        <identifiers>
          <gpoId>7872</gpoId>
          <lisID>1999</lisID>
          <bioguideId>C001083</bioguideId>
        </identifiers>
        <party>D</party>
        <isOriginalCosponsor>True</isOriginalCosponsor>
        <fullName>Rep. Carney, John C., Jr. [D-DE-At Large]</fullName>
        <middleName>C.</middleName>
        <sponsorshipDate>2015-01-14</sponsorshipDate>
        <bioguideId>C001083</bioguideId>
        <district>0</district>
        <state>DE</state>
        <lastName>Carney</lastName>
      </item>
      <item>
        <firstName>David</firstName>
        <sponsorshipWithdrawnDate />
        <identifiers>
          <lisID>2055</lisID>
          <bioguideId>C001084</bioguideId>
          <gpoId>8139</gpoId>
        </identifiers>
        <party>D</party>
        <isOriginalCosponsor>True</isOriginalCosponsor>
        <fullName>Rep. Cicilline, David N. [D-RI-1]</fullName>
        <middleName>N.</middleName>
        <sponsorshipDate>2015-01-14</sponsorshipDate>
        <bioguideId>C001084</bioguideId>
        <district>1</district>
        <state>RI</state>
        <lastName>Cicilline</lastName>
      </item>
      <item>
        <firstName>RICK</firstName>
        <sponsorshipWithdrawnDate />
        <identifiers>
          <bioguideId>L000560</bioguideId>
          <gpoId>8206</gpoId>
          <lisID>1675</lisID>
        </identifiers>
        <party>D</party>
        <isOriginalCosponsor>True</isOriginalCosponsor>
        <fullName>Rep. Larsen, Rick [D-WA-2]</fullName>
        <middleName />
        <sponsorshipDate>2015-01-14</sponsorshipDate>
        <bioguideId>L000560</bioguideId>
        <district>2</district>
        <state>WA</state>
        <lastName>LARSEN</lastName>
      </item>
      <item>
        <firstName>Mark</firstName>
        <sponsorshipWithdrawnDate />
        <identifiers>
          <gpoId />
          <lisID>2171</lisID>
          <bioguideId>P000607</bioguideId>
        </identifiers>
        <party>D</party>
        <isOriginalCosponsor>True</isOriginalCosponsor>
        <fullName>Rep. Pocan, Mark [D-WI-2]</fullName>
        <middleName />
        <sponsorshipDate>2015-01-14</sponsorshipDate>
        <bioguideId>P000607</bioguideId>
        <district>2</district>
        <state>WI</state>
        <lastName>Pocan</lastName>
      </item>
      <item>
        <firstName>JOHN</firstName>
        <sponsorshipWithdrawnDate />
        <identifiers>
          <bioguideId>C000714</bioguideId>
          <lisID>229</lisID>
          <gpoId>7999</gpoId>
        </identifiers>
        <party>D</party>
        <isOriginalCosponsor>True</isOriginalCosponsor>
        <fullName>Rep. Conyers, John, Jr. [D-MI-13]</fullName>
        <middleName />
        <sponsorshipDate>2015-01-14</sponsorshipDate>
        <bioguideId>C000714</bioguideId>
        <district>13</district>
        <state>MI</state>
        <lastName>CONYERS</lastName>
      </item>
      <item>
        <firstName>Denny</firstName>
        <sponsorshipWithdrawnDate />
        <identifiers>
          <lisID>2170</lisID>
          <gpoId />
          <bioguideId>H001064</bioguideId>
        </identifiers>
        <party>D</party>
        <isOriginalCosponsor>True</isOriginalCosponsor>
        <fullName>Rep. Heck, Denny [D-WA-10]</fullName>
        <middleName />
        <sponsorshipDate>2015-01-14</sponsorshipDate>
        <bioguideId>H001064</bioguideId>
        <district>10</district>
        <state>WA</state>
        <lastName>Heck</lastName>
      </item>
      <item>
        <firstName>Steve</firstName>
        <sponsorshipWithdrawnDate />
        <identifiers>
          <gpoId>8156</gpoId>
          <lisID>1878</lisID>
          <bioguideId>C001068</bioguideId>
        </identifiers>
        <party>D</party>
        <isOriginalCosponsor>True</isOriginalCosponsor>
        <fullName>Rep. Cohen, Steve [D-TN-9]</fullName>
        <middleName />
        <sponsorshipDate>2015-01-14</sponsorshipDate>
        <bioguideId>C001068</bioguideId>
        <district>9</district>
        <state>TN</state>
        <lastName>Cohen</lastName>
      </item>
      <item>
        <firstName>MICHAEL</firstName>
        <sponsorshipWithdrawnDate />
        <identifiers>
          <lisID>1634</lisID>
          <gpoId>7820</gpoId>
          <bioguideId>H001034</bioguideId>
        </identifiers>
        <party>D</party>
        <isOriginalCosponsor>True</isOriginalCosponsor>
        <fullName>Rep. Honda, Michael M. [D-CA-17]</fullName>
        <middleName>M.</middleName>
        <sponsorshipDate>2015-01-14</sponsorshipDate>
        <bioguideId>H001034</bioguideId>
        <district>17</district>
        <state>CA</state>
        <lastName>HONDA</lastName>
      </item>
      <item>
        <firstName>Karen</firstName>
        <sponsorshipWithdrawnDate />
        <identifiers>
          <lisID>1996</lisID>
          <gpoId>7838</gpoId>
          <bioguideId>B001270</bioguideId>
        </identifiers>
        <party>D</party>
        <isOriginalCosponsor>True</isOriginalCosponsor>
        <fullName>Rep. Bass, Karen [D-CA-37]</fullName>
        <middleName />
        <sponsorshipDate>2015-01-14</sponsorshipDate>
        <bioguideId>B001270</bioguideId>
        <district>37</district>
        <state>CA</state>
        <lastName>Bass</lastName>
      </item>
      <item>
        <firstName>Suzanne</firstName>
        <sponsorshipWithdrawnDate />
        <identifiers>
          <gpoId>8367</gpoId>
          <lisID>2092</lisID>
          <bioguideId>B001278</bioguideId>
        </identifiers>
        <party>D</party>
        <isOriginalCosponsor>True</isOriginalCosponsor>
        <fullName>Rep. Bonamici, Suzanne [D-OR-1]</fullName>
        <middleName />
        <sponsorshipDate>2015-01-14</sponsorshipDate>
        <bioguideId>B001278</bioguideId>
        <district>1</district>
        <state>OR</state>
        <lastName>Bonamici</lastName>
      </item>
      <item>
        <firstName>Keith</firstName>
        <sponsorshipWithdrawnDate />
        <identifiers>
          <bioguideId>E000288</bioguideId>
          <gpoId>8005</gpoId>
          <lisID>1857</lisID>
        </identifiers>
        <party>D</party>
        <isOriginalCosponsor>False</isOriginalCosponsor>
        <fullName>Rep. Ellison, Keith [D-MN-5]</fullName>
        <middleName />
        <sponsorshipDate>2015-01-16</sponsorshipDate>
        <bioguideId>E000288</bioguideId>
        <district>5</district>
        <state>MN</state>
        <lastName>Ellison</lastName>
      </item>
      <item>
        <firstName>CHARLES</firstName>
        <sponsorshipWithdrawnDate />
        <identifiers>
          <gpoId>8076</gpoId>
          <lisID>944</lisID>
          <bioguideId>R000053</bioguideId>
        </identifiers>
        <party>D</party>
        <isOriginalCosponsor>False</isOriginalCosponsor>
        <fullName>Rep. Rangel, Charles B. [D-NY-13]</fullName>
        <middleName>B.</middleName>
        <sponsorshipDate>2015-01-16</sponsorshipDate>
        <bioguideId>R000053</bioguideId>
        <district>13</district>
        <state>NY</state>
        <lastName>RANGEL</lastName>
      </item>
      <item>
        <firstName>ALCEE</firstName>
        <sponsorshipWithdrawnDate />
        <identifiers>
          <bioguideId>H000324</bioguideId>
          <gpoId>7895</gpoId>
          <lisID>511</lisID>
        </identifiers>
        <party>D</party>
        <isOriginalCosponsor>False</isOriginalCosponsor>
        <fullName>Rep. Hastings, Alcee L. [D-FL-20]</fullName>
        <middleName>L.</middleName>
        <sponsorshipDate>2015-01-16</sponsorshipDate>
        <bioguideId>H000324</bioguideId>
        <district>20</district>
        <state>FL</state>
        <lastName>HASTINGS</lastName>
      </item>
      <item>
        <firstName>Beto</firstName>
        <sponsorshipWithdrawnDate />
        <identifiers>
          <bioguideId>O000170</bioguideId>
          <gpoId />
          <lisID>2162</lisID>
        </identifiers>
        <party>D</party>
        <isOriginalCosponsor>False</isOriginalCosponsor>
        <fullName>Rep. O'Rourke, Beto [D-TX-16]</fullName>
        <middleName />
        <sponsorshipDate>2015-01-16</sponsorshipDate>
        <bioguideId>O000170</bioguideId>
        <district>16</district>
        <state>TX</state>
        <lastName>O'Rourke</lastName>
      </item>
      <item>
        <firstName>Pete</firstName>
        <sponsorshipWithdrawnDate />
        <identifiers>
          <lisID>2229</lisID>
          <bioguideId>A000371</bioguideId>
          <gpoId />
        </identifiers>
        <party>D</party>
        <isOriginalCosponsor>False</isOriginalCosponsor>
        <fullName>Rep. Aguilar, Pete [D-CA-31]</fullName>
        <middleName />
        <sponsorshipDate>2015-01-21</sponsorshipDate>
        <bioguideId>A000371</bioguideId>
        <district>31</district>
        <state>CA</state>
        <lastName>Aguilar</lastName>
      </item>
      <item>
        <firstName>RICHARD</firstName>
        <sponsorshipWithdrawnDate />
        <identifiers>
          <lisID>867</lisID>
          <bioguideId>N000127</bioguideId>
          <gpoId />
        </identifiers>
        <party>D</party>
        <isOriginalCosponsor>False</isOriginalCosponsor>
        <fullName>Rep. Nolan, Richard M. [D-MN-8]</fullName>
        <middleName />
        <sponsorshipDate>2015-01-21</sponsorshipDate>
        <bioguideId>N000127</bioguideId>
        <district>8</district>
        <state>MN</state>
        <lastName>NOLAN</lastName>
      </item>
      <item>
        <firstName>JOSE</firstName>
        <sponsorshipWithdrawnDate />
        <identifiers>
          <bioguideId>S000248</bioguideId>
          <lisID>1042</lisID>
          <gpoId>8077</gpoId>
        </identifiers>
        <party>D</party>
        <isOriginalCosponsor>False</isOriginalCosponsor>
        <fullName>Rep. Serrano, Jose E. [D-NY-15]</fullName>
        <middleName>E.</middleName>
        <sponsorshipDate>2015-01-22</sponsorshipDate>
        <bioguideId>S000248</bioguideId>
        <district>15</district>
        <state>NY</state>
        <lastName>SERRANO</lastName>
      </item>
      <item>
        <firstName>NITA</firstName>
        <sponsorshipWithdrawnDate />
        <identifiers>
          <lisID>709</lisID>
          <bioguideId>L000480</bioguideId>
          <gpoId>8079</gpoId>
        </identifiers>
        <party>D</party>
        <isOriginalCosponsor>False</isOriginalCosponsor>
        <fullName>Rep. Lowey, Nita M. [D-NY-17]</fullName>
        <middleName>M.</middleName>
        <sponsorshipDate>2015-01-22</sponsorshipDate>
        <bioguideId>L000480</bioguideId>
        <district>17</district>
        <state>NY</state>
        <lastName>LOWEY</lastName>
      </item>
      <item>
        <firstName>Kyrsten</firstName>
        <sponsorshipWithdrawnDate />
        <identifiers>
          <lisID>2099</lisID>
          <gpoId />
          <bioguideId>S001191</bioguideId>
        </identifiers>
        <party>D</party>
        <isOriginalCosponsor>False</isOriginalCosponsor>
        <fullName>Rep. Sinema, Kyrsten [D-AZ-9]</fullName>
        <middleName />
        <sponsorshipDate>2015-01-22</sponsorshipDate>
        <bioguideId>S001191</bioguideId>
        <district>9</district>
        <state>AZ</state>
        <lastName>Sinema</lastName>
      </item>
      <item>
        <firstName>Brian</firstName>
        <sponsorshipWithdrawnDate />
        <identifiers>
          <bioguideId>H001038</bioguideId>
          <gpoId>8088</gpoId>
          <lisID>1794</lisID>
        </identifiers>
        <party>D</party>
        <isOriginalCosponsor>False</isOriginalCosponsor>
        <fullName>Rep. Higgins, Brian [D-NY-26]</fullName>
        <middleName />
        <sponsorshipDate>2015-02-05</sponsorshipDate>
        <bioguideId>H001038</bioguideId>
        <district>26</district>
        <state>NY</state>
        <lastName>Higgins</lastName>
      </item>
      <item>
        <firstName>JOHN</firstName>
        <sponsorshipWithdrawnDate />
        <identifiers>
          <bioguideId>L000287</bioguideId>
          <gpoId>7902</gpoId>
          <lisID>688</lisID>
        </identifiers>
        <party>D</party>
        <isOriginalCosponsor>False</isOriginalCosponsor>
        <fullName>Rep. Lewis, John [D-GA-5]</fullName>
        <middleName />
        <sponsorshipDate>2015-02-10</sponsorshipDate>
        <bioguideId>L000287</bioguideId>
        <district>5</district>
        <state>GA</state>
        <lastName>LEWIS</lastName>
      </item>
      <item>
        <firstName>Brad</firstName>
        <sponsorshipWithdrawnDate />
        <identifiers>
          <bioguideId>A000373</bioguideId>
          <gpoId />
          <lisID>2257</lisID>
        </identifiers>
        <party>D</party>
        <isOriginalCosponsor>False</isOriginalCosponsor>
        <fullName>Rep. Ashford, Brad [D-NE-2]</fullName>
        <middleName />
        <sponsorshipDate>2015-02-10</sponsorshipDate>
        <bioguideId>A000373</bioguideId>
        <district>2</district>
        <state>NE</state>
        <lastName>Ashford</lastName>
      </item>
      <item>
        <firstName>Ed</firstName>
        <sponsorshipWithdrawnDate />
        <identifiers>
          <bioguideId>P000593</bioguideId>
          <gpoId>7865</gpoId>
          <lisID>1835</lisID>
        </identifiers>
        <party>D</party>
        <isOriginalCosponsor>False</isOriginalCosponsor>
        <fullName>Rep. Perlmutter, Ed [D-CO-7]</fullName>
        <middleName />
        <sponsorshipDate>2015-02-13</sponsorshipDate>
        <bioguideId>P000593</bioguideId>
        <district>7</district>
        <state>CO</state>
        <lastName>Perlmutter</lastName>
      </item>
      <item>
        <firstName>SANDER</firstName>
        <sponsorshipWithdrawnDate />
        <identifiers>
          <lisID>683</lisID>
          <bioguideId>L000263</bioguideId>
          <gpoId>7997</gpoId>
        </identifiers>
        <party>D</party>
        <isOriginalCosponsor>False</isOriginalCosponsor>
        <fullName>Rep. Levin, Sander M. [D-MI-9]</fullName>
        <middleName>M.</middleName>
        <sponsorshipDate>2015-02-20</sponsorshipDate>
        <bioguideId>L000263</bioguideId>
        <district>9</district>
        <state>MI</state>
        <lastName>LEVIN</lastName>
      </item>
      <item>
        <firstName>Judy</firstName>
        <sponsorshipWithdrawnDate />
        <identifiers>
          <lisID>1970</lisID>
          <gpoId>7837</gpoId>
          <bioguideId>C001080</bioguideId>
        </identifiers>
        <party>D</party>
        <isOriginalCosponsor>False</isOriginalCosponsor>
        <fullName>Rep. Chu, Judy [D-CA-27]</fullName>
        <middleName />
        <sponsorshipDate>2015-02-24</sponsorshipDate>
        <bioguideId>C001080</bioguideId>
        <district>27</district>
        <state>CA</state>
        <lastName>Chu</lastName>
      </item>
      <item>
        <firstName>Eric</firstName>
        <sponsorshipWithdrawnDate />
        <identifiers>
          <lisID>2104</lisID>
          <gpoId />
          <bioguideId>S001193</bioguideId>
        </identifiers>
        <party>D</party>
        <isOriginalCosponsor>False</isOriginalCosponsor>
        <fullName>Rep. Swalwell, Eric [D-CA-15]</fullName>
        <middleName />
        <sponsorshipDate>2015-02-26</sponsorshipDate>
        <bioguideId>S001193</bioguideId>
        <district>15</district>
        <state>CA</state>
        <lastName>Swalwell</lastName>
      </item>
      <item>
        <firstName>Scott</firstName>
        <sponsorshipWithdrawnDate />
        <identifiers>
          <bioguideId>P000608</bioguideId>
          <lisID>2113</lisID>
          <gpoId />
        </identifiers>
        <party>D</party>
        <isOriginalCosponsor>False</isOriginalCosponsor>
        <fullName>Rep. Peters, Scott H. [D-CA-52]</fullName>
        <middleName>H.</middleName>
        <sponsorshipDate>2015-03-10</sponsorshipDate>
        <bioguideId>P000608</bioguideId>
        <district>52</district>
        <state>CA</state>
        <lastName>Peters</lastName>
      </item>
      <item>
        <firstName>Frederica</firstName>
        <sponsorshipWithdrawnDate />
        <identifiers>
          <lisID>2004</lisID>
          <gpoId>7889</gpoId>
          <bioguideId>W000808</bioguideId>
        </identifiers>
        <party>D</party>
        <isOriginalCosponsor>False</isOriginalCosponsor>
        <fullName>Rep. Wilson, Frederica S. [D-FL-24]</fullName>
        <middleName>S.</middleName>
        <sponsorshipDate>2015-04-14</sponsorshipDate>
        <bioguideId>W000808</bioguideId>
        <district>24</district>
        <state>FL</state>
        <lastName>Wilson</lastName>
      </item>
      <item>
        <firstName>Tammy</firstName>
        <sponsorshipWithdrawnDate />
        <identifiers>
          <gpoId />
          <lisID>2123</lisID>
          <bioguideId>D000622</bioguideId>
        </identifiers>
        <party>D</party>
        <isOriginalCosponsor>False</isOriginalCosponsor>
        <fullName>Rep. Duckworth, Tammy [D-IL-8]</fullName>
        <middleName />
        <sponsorshipDate>2015-09-17</sponsorshipDate>
        <bioguideId>D000622</bioguideId>
        <district>8</district>
        <state>IL</state>
        <lastName>Duckworth</lastName>
      </item>
      <item>
        <firstName>Patrick</firstName>
        <sponsorshipWithdrawnDate />
        <identifiers>
          <lisID>2117</lisID>
          <bioguideId>M001191</bioguideId>
          <gpoId />
        </identifiers>
        <party>D</party>
        <isOriginalCosponsor>False</isOriginalCosponsor>
        <fullName>Rep. Murphy, Patrick [D-FL-18]</fullName>
        <middleName />
        <sponsorshipDate>2015-11-02</sponsorshipDate>
        <bioguideId>M001191</bioguideId>
        <district>18</district>
        <state>FL</state>
        <lastName>Murphy</lastName>
      </item>
      <item>
        <firstName>LUIS</firstName>
        <sponsorshipWithdrawnDate />
        <identifiers>
          <gpoId>7924</gpoId>
          <lisID>478</lisID>
          <bioguideId>G000535</bioguideId>
        </identifiers>
        <party>D</party>
        <isOriginalCosponsor>False</isOriginalCosponsor>
        <fullName>Rep. Gutierrez, Luis V. [D-IL-4]</fullName>
        <middleName>V.</middleName>
        <sponsorshipDate>2015-11-03</sponsorshipDate>
        <bioguideId>G000535</bioguideId>
        <district>4</district>
        <state>IL</state>
        <lastName>GUTIERREZ</lastName>
      </item>
      <item>
        <firstName>Bonnie</firstName>
        <sponsorshipWithdrawnDate />
        <identifiers>
          <lisID>2259</lisID>
          <gpoId />
          <bioguideId>W000822</bioguideId>
        </identifiers>
        <party>D</party>
        <isOriginalCosponsor>False</isOriginalCosponsor>
        <fullName>Rep. Watson Coleman, Bonnie [D-NJ-12]</fullName>
        <middleName />
        <sponsorshipDate>2015-11-18</sponsorshipDate>
        <bioguideId>W000822</bioguideId>
        <district>12</district>
        <state>NJ</state>
        <lastName>Watson Coleman</lastName>
      </item>
      <item>
        <firstName>Emanuel</firstName>
        <sponsorshipWithdrawnDate />
        <identifiers>
          <bioguideId>C001061</bioguideId>
          <gpoId>8013</gpoId>
          <lisID>1790</lisID>
        </identifiers>
        <party>D</party>
        <isOriginalCosponsor>False</isOriginalCosponsor>
        <fullName>Rep. Cleaver, Emanuel [D-MO-5]</fullName>
        <middleName />
        <sponsorshipDate>2015-11-18</sponsorshipDate>
        <bioguideId>C001061</bioguideId>
        <district>5</district>
        <state>MO</state>
        <lastName>Cleaver</lastName>
      </item>
      <item>
        <firstName>Sean</firstName>
        <sponsorshipWithdrawnDate />
        <identifiers>
          <bioguideId>M001185</bioguideId>
          <gpoId />
          <lisID>2150</lisID>
        </identifiers>
        <party>D</party>
        <isOriginalCosponsor>False</isOriginalCosponsor>
        <fullName>Rep. Maloney, Sean Patrick [D-NY-18]</fullName>
        <middleName>Patrick</middleName>
        <sponsorshipDate>2015-11-18</sponsorshipDate>
        <bioguideId>M001185</bioguideId>
        <district>18</district>
        <state>NY</state>
        <lastName>Maloney</lastName>
      </item>
      <item>
        <firstName>Doris</firstName>
        <sponsorshipWithdrawnDate />
        <identifiers>
          <gpoId>7810</gpoId>
          <lisID>1814</lisID>
          <bioguideId>M001163</bioguideId>
        </identifiers>
        <party>D</party>
        <isOriginalCosponsor>False</isOriginalCosponsor>
        <fullName>Rep. Matsui, Doris O. [D-CA-6]</fullName>
        <middleName>O.</middleName>
        <sponsorshipDate>2015-11-18</sponsorshipDate>
        <bioguideId>M001163</bioguideId>
        <district>6</district>
        <state>CA</state>
        <lastName>Matsui</lastName>
      </item>
      <item>
        <firstName>Mark</firstName>
        <sponsorshipWithdrawnDate />
        <identifiers>
          <bioguideId>T000472</bioguideId>
          <lisID>2110</lisID>
          <gpoId />
        </identifiers>
        <party>D</party>
        <isOriginalCosponsor>False</isOriginalCosponsor>
        <fullName>Rep. Takano, Mark [D-CA-41]</fullName>
        <middleName />
        <sponsorshipDate>2015-11-18</sponsorshipDate>
        <bioguideId>T000472</bioguideId>
        <district>41</district>
        <state>CA</state>
        <lastName>Takano</lastName>
      </item>
      <item>
        <firstName>Alma</firstName>
        <sponsorshipWithdrawnDate />
        <identifiers>
          <bioguideId>A000370</bioguideId>
          <gpoId />
          <lisID>2201</lisID>
        </identifiers>
        <party>D</party>
        <isOriginalCosponsor>False</isOriginalCosponsor>
        <fullName>Rep. Adams, Alma S. [D-NC-12]</fullName>
        <middleName>S.</middleName>
        <sponsorshipDate>2015-12-03</sponsorshipDate>
        <bioguideId>A000370</bioguideId>
        <district>12</district>
        <state>NC</state>
        <lastName>Adams</lastName>
      </item>
    </cosponsors>
    <constitutionalAuthorityStatementText><![CDATA[<pre>From the Congressional Record Online through the Government Publishing Office [<a href='http://www.gpo.gov'>www.gpo.gov</a>]By Ms. DelBENE:H.R. 344.Congress has the power to enact this legislation pursuantto the following:Article 1, Section 8 of the United States Constitution.[Page H406]</pre>]]></constitutionalAuthorityStatementText>
    <calendarNumbers />
    <committeeReports />
    <billType>HR</billType>
    <title>Manufacturing Jobs for Veterans Act</title>
    <introducedDate>2015-01-14</introducedDate>
    <actions>
      <actionTypeCounts>
        <introducedInHouse>1</introducedInHouse>
        <placeholderTextForH>1</placeholderTextForH>
        <billReferrals>1</billReferrals>
        <introducedInTheHouse>1</introducedInTheHouse>
      </actionTypeCounts>
      <actionByCounts>
        <houseOfRepresentatives>4</houseOfRepresentatives>
      </actionByCounts>
      <item>
        <actionDate>2015-04-29</actionDate>
        <committee>
          <systemCode>hsed13</systemCode>
          <name>Higher Education and Workforce Training Subcommittee</name>
        </committee>
        <links />
        <sourceSystem>
          <name>House committee actions</name>
          <code>1</code>
        </sourceSystem>
        <text>Referred to the Subcommittee on Higher Education and Workforce Training.</text>
        <type>Committee</type>
      </item>
      <item>
        <actionCode>H11100</actionCode>
        <actionDate>2015-01-14</actionDate>
        <text>Referred to the House Committee on Education and the Workforce.</text>
        <committee>
          <systemCode>hsed00</systemCode>
          <name>Education and the Workforce Committee</name>
        </committee>
        <type>IntroReferral</type>
        <links />
        <sourceSystem>
          <name>House floor actions</name>
          <code>2</code>
        </sourceSystem>
      </item>
      <item>
        <actionCode>Intro-H</actionCode>
        <actionDate>2015-01-14</actionDate>
        <text>Introduced in House</text>
        <committee />
        <type>IntroReferral</type>
        <links />
        <sourceSystem>
          <name>Library of Congress</name>
          <code>9</code>
        </sourceSystem>
      </item>
      <item>
        <actionCode>1000</actionCode>
        <actionDate>2015-01-14</actionDate>
        <text>Introduced in House</text>
        <committee />
        <type>IntroReferral</type>
        <links />
        <sourceSystem>
          <name>Library of Congress</name>
          <code>9</code>
        </sourceSystem>
      </item>
    </actions>
    <congress>114</congress>
    <summaries>
      <billSummaries>
        <item>
          <versionCode>00</versionCode>
          <actionDate>2015-01-14</actionDate>
          <text><![CDATA[<p><strong>Manufacturing Jobs for Veterans Act</strong></p> <p>Directs the Secretary of Labor, as part of the Veteran's Workforce Investment Program, to carry out a five-year pilot program (to be known as the Veterans Manufacturing Employment Program) to award competitive grants to three states for the establishment and administration of a State Manufacturing Employment Program to make grants to manufacturing employers and labor-management organizations that provide training, on-job training, apprenticeships, and certification classes to eligible veterans.</p>]]></text>
          <name>Introduced in House</name>
          <lastSummaryUpdateDate>2015-02-04T22:38:12Z</lastSummaryUpdateDate>
          <updateDate>2015-01-14T05:00:00Z</updateDate>
          <actionDesc>Introduced in House</actionDesc>
        </item>
      </billSummaries>
    </summaries>
    <laws />
    <createDate>2015-01-15T04:47:46Z</createDate>
    <titles>
      <item>
        <chamberCode />
        <chamberName />
        <title>Manufacturing Jobs for Veterans Act</title>
        <parentTitleType />
        <titleType>Short Titles as Introduced</titleType>
      </item>
      <item>
        <chamberCode />
        <chamberName />
        <title>To provide for the establishment of a pilot program to encourage the employment of veterans in manufacturing positions.</title>
        <parentTitleType />
        <titleType>Official Title as Introduced</titleType>
      </item>
      <item>
        <chamberCode />
        <chamberName />
        <title>Manufacturing Jobs for Veterans Act</title>
        <parentTitleType />
        <titleType>Display Title</titleType>
      </item>
    </titles>
    <recordedVotes />
    <committees>
      <billCommittees>
        <item>
          <activities>
            <item>
              <date>2015-01-14T14:00:49Z</date>
              <name>Referred to</name>
            </item>
          </activities>
          <chamber>House</chamber>
          <subcommittees>
            <item>
              <systemCode>hsed13</systemCode>
              <name>Higher Education and Workforce Training Subcommittee</name>
              <activities>
                <item>
                  <date>2015-04-29T14:09:32Z</date>
                  <name>Referred to</name>
                </item>
              </activities>
            </item>
          </subcommittees>
          <systemCode>hsed00</systemCode>
          <type>Standing</type>
          <name>Education and the Workforce Committee</name>
        </item>
      </billCommittees>
    </committees>
  </bill>
  <dublinCore xmlns:dc="http://purl.org/dc/elements/1.1/">
    <dc:format>text/xml</dc:format>
    <dc:language>EN</dc:language>
    <dc:rights>Pursuant to Title 17 Section 105 of the United States Code, this file is not subject to copyright protection and is in the public domain.</dc:rights>
    <dc:contributor>Congressional Research Service, Library of Congress</dc:contributor>
    <dc:description>This file contains bill summaries and statuses for federal legislation. A bill summary describes the most significant provisions of a piece of legislation and details the effects the legislative text may have on current law and federal programs. Bill summaries are authored by the Congressional Research Service (CRS) of the Library of Congress. As stated in Public Law 91-510 (2 USC 166 (d)(6)), one of the duties of CRS is "to prepare summaries and digests of bills and resolutions of a public general nature introduced in the Senate or House of Representatives". For more information, refer to the User Guide that accompanies this file.</dc:description>
  </dublinCore>
</billStatus>

