<?xml version="1.0" encoding="UTF-8"?>
<billStatus>
  <bill>
    <committees>
      <billCommittees>
        <item>
          <systemCode>hswm00</systemCode>
          <name>Ways and Means Committee</name>
          <activities>
            <item>
              <name>Referred to</name>
              <date>2015-01-27T17:02:35Z</date>
            </item>
          </activities>
          <type>Standing</type>
          <chamber>House</chamber>
          <subcommittees />
        </item>
      </billCommittees>
    </committees>
    <congress>114</congress>
    <billNumber>547</billNumber>
    <updateDate>2016-11-02T21:18:07Z</updateDate>
    <subjects>
      <billSubjects>
        <policyArea>
          <name>Taxation</name>
        </policyArea>
        <legislativeSubjects>
          <item>
            <name>Professional sports</name>
          </item>
          <item>
            <name>Tax-exempt organizations</name>
          </item>
        </legislativeSubjects>
      </billSubjects>
    </subjects>
    <policyArea>
      <name>Taxation</name>
    </policyArea>
    <summaries>
      <billSummaries>
        <item>
          <versionCode>00</versionCode>
          <actionDate>2015-01-27</actionDate>
          <text><![CDATA[<p><strong>Properly Reducing Overexemptions for Sports Act or the PRO Sports Act</strong> </p> <p> Amends the Internal Revenue Code to remove professional football leagues from the list of tax-exempt organizations.</p> <p>Provides that no organization or entity shall be treated as tax-exempt if it: (1) is a professional sports league, organization, or association, a substantial activity of which is to foster national or international professional sports competitions (including by managing league business affairs, officiating or providing referees, coordinating schedules, managing sponsorships or broadcast sales, operating loan programs for competition facilities, or overseeing player conduct); and (2) has annual gross receipts in excess of $10 million. </p>]]></text>
          <name>Introduced in House</name>
          <lastSummaryUpdateDate>2015-02-10T15:25:34Z</lastSummaryUpdateDate>
          <updateDate>2015-01-27T05:00:00Z</updateDate>
          <actionDesc>Introduced in House</actionDesc>
        </item>
      </billSummaries>
    </summaries>
    <title>PRO Sports Act</title>
    <laws />
    <cosponsors>
      <item>
        <identifiers>
          <gpoId />
          <lisID>2142</lisID>
          <bioguideId>M001187</bioguideId>
        </identifiers>
        <isOriginalCosponsor>False</isOriginalCosponsor>
        <firstName>Mark</firstName>
        <sponsorshipWithdrawnDate />
        <sponsorshipDate>2015-03-24</sponsorshipDate>
        <party>R</party>
        <district>11</district>
        <fullName>Rep. Meadows, Mark [R-NC-11]</fullName>
        <state>NC</state>
        <bioguideId>M001187</bioguideId>
        <lastName>Meadows</lastName>
        <middleName />
      </item>
    </cosponsors>
    <billType>HR</billType>
    <cboCostEstimates />
    <recordedVotes />
    <relatedBills />
    <actions>
      <item>
        <sourceSystem>
          <code>2</code>
          <name>House floor actions</name>
        </sourceSystem>
        <actionDate>2015-01-27</actionDate>
        <links />
        <committee>
          <systemCode>hswm00</systemCode>
          <name>Ways and Means Committee</name>
        </committee>
        <text>Referred to the House Committee on Ways and Means.</text>
        <type>IntroReferral</type>
        <actionCode>H11100</actionCode>
      </item>
      <item>
        <sourceSystem>
          <code>9</code>
          <name>Library of Congress</name>
        </sourceSystem>
        <actionDate>2015-01-27</actionDate>
        <links />
        <committee />
        <text>Introduced in House</text>
        <type>IntroReferral</type>
        <actionCode>Intro-H</actionCode>
      </item>
      <item>
        <sourceSystem>
          <code>9</code>
          <name>Library of Congress</name>
        </sourceSystem>
        <actionDate>2015-01-27</actionDate>
        <links />
        <committee />
        <text>Introduced in House</text>
        <type>IntroReferral</type>
        <actionCode>1000</actionCode>
      </item>
      <actionTypeCounts>
        <introducedInHouse>1</introducedInHouse>
        <introducedInTheHouse>1</introducedInTheHouse>
        <billReferrals>1</billReferrals>
      </actionTypeCounts>
      <actionByCounts>
        <houseOfRepresentatives>3</houseOfRepresentatives>
      </actionByCounts>
    </actions>
    <notes />
    <latestAction>
      <actionDate>2015-01-27</actionDate>
      <links />
      <text>Referred to the House Committee on Ways and Means.</text>
    </latestAction>
    <introducedDate>2015-01-27</introducedDate>
    <sponsors>
      <item>
        <fullName>Rep. Chaffetz, Jason [R-UT-3]</fullName>
        <firstName>Jason</firstName>
        <byRequestType />
        <identifiers>
          <bioguideId>C001076</bioguideId>
          <gpoId>8191</gpoId>
          <lisID>1956</lisID>
        </identifiers>
        <middleName />
        <bioguideId>C001076</bioguideId>
        <district>3</district>
        <party>R</party>
        <state>UT</state>
        <lastName>Chaffetz</lastName>
      </item>
    </sponsors>
    <constitutionalAuthorityStatementText><![CDATA[<pre>From the Congressional Record Online through the Government Publishing Office [<a href='http://www.gpo.gov'>www.gpo.gov</a>]By Mr. CHAFFETZ:H.R. 547.Congress has the power to enact this legislation pursuantto the following:Article 1 Section 8 US Constitution[Page H640]</pre>]]></constitutionalAuthorityStatementText>
    <calendarNumbers />
    <committeeReports />
    <amendments />
    <createDate>2015-01-28T04:46:18Z</createDate>
    <originChamber>House</originChamber>
    <titles>
      <item>
        <chamberCode />
        <title>PRO Sports Act</title>
        <chamberName />
        <titleType>Short Titles as Introduced</titleType>
        <parentTitleType />
      </item>
      <item>
        <chamberCode />
        <title>Properly Reducing Overexemptions for Sports Act</title>
        <chamberName />
        <titleType>Short Titles as Introduced</titleType>
        <parentTitleType />
      </item>
      <item>
        <chamberCode />
        <title>To amend the Internal Revenue Code of 1986 to exclude major professional sports leagues from qualifying as tax-exempt organizations.</title>
        <chamberName />
        <titleType>Official Title as Introduced</titleType>
        <parentTitleType />
      </item>
      <item>
        <chamberCode />
        <title>PRO Sports Act</title>
        <chamberName />
        <titleType>Display Title</titleType>
        <parentTitleType />
      </item>
    </titles>
  </bill>
  <dublinCore xmlns:dc="http://purl.org/dc/elements/1.1/">
    <dc:format>text/xml</dc:format>
    <dc:language>EN</dc:language>
    <dc:rights>Pursuant to Title 17 Section 105 of the United States Code, this file is not subject to copyright protection and is in the public domain.</dc:rights>
    <dc:contributor>Congressional Research Service, Library of Congress</dc:contributor>
    <dc:description>This file contains bill summaries and statuses for federal legislation. A bill summary describes the most significant provisions of a piece of legislation and details the effects the legislative text may have on current law and federal programs. Bill summaries are authored by the Congressional Research Service (CRS) of the Library of Congress. As stated in Public Law 91-510 (2 USC 166 (d)(6)), one of the duties of CRS is "to prepare summaries and digests of bills and resolutions of a public general nature introduced in the Senate or House of Representatives". For more information, refer to the User Guide that accompanies this file.</dc:description>
  </dublinCore>
</billStatus>

