<?xml version="1.0" encoding="UTF-8"?>
<billStatus>
  <bill>
    <policyArea>
      <name>Education</name>
    </policyArea>
    <cboCostEstimates />
    <titles>
      <item>
        <parentTitleType />
        <titleType>Short Titles as Introduced</titleType>
        <title>SMART Grant Reauthorization Act of 2015</title>
        <chamberCode />
        <chamberName />
      </item>
      <item>
        <parentTitleType />
        <titleType>Official Title as Introduced</titleType>
        <title>To amend the Higher Education Act of 1965 to restore National SMART Grants for a certain number of award years.</title>
        <chamberCode />
        <chamberName />
      </item>
      <item>
        <parentTitleType />
        <titleType>Display Title</titleType>
        <title>SMART Grant Reauthorization Act of 2015</title>
        <chamberCode />
        <chamberName />
      </item>
    </titles>
    <createDate>2015-12-11T15:43:49Z</createDate>
    <amendments />
    <sponsors>
      <item>
        <firstName>John</firstName>
        <district>0</district>
        <identifiers>
          <bioguideId>C001083</bioguideId>
          <lisID>1999</lisID>
          <gpoId>7872</gpoId>
        </identifiers>
        <state>DE</state>
        <middleName>C.</middleName>
        <byRequestType />
        <lastName>Carney</lastName>
        <party>D</party>
        <bioguideId>C001083</bioguideId>
        <fullName>Rep. Carney, John C., Jr. [D-DE-At Large]</fullName>
      </item>
    </sponsors>
    <notes />
    <relatedBills />
    <subjects>
      <billSubjects>
        <policyArea>
          <name>Education</name>
        </policyArea>
        <legislativeSubjects>
          <item>
            <name>Education programs funding</name>
          </item>
          <item>
            <name>Foreign language and bilingual programs</name>
          </item>
          <item>
            <name>Higher education</name>
          </item>
          <item>
            <name>Science and engineering education</name>
          </item>
          <item>
            <name>Student aid and college costs</name>
          </item>
        </legislativeSubjects>
      </billSubjects>
    </subjects>
    <constitutionalAuthorityStatementText><![CDATA[<pre>From the Congressional Record Online through the Government Publishing Office [<a href='http://www.gpo.gov'>www.gpo.gov</a>]By Mr. CARNEY:H.R. 4221.Congress has the power to enact this legislation pursuantto the following:Article I, Section 8, Clause 1 of the United StatesConstitution, the Taxing and Spending Clause: ``The Congressshall have Power To lay and collect Taxes, Duties, Impostsand Excises, to pay the Debts and provide for the commonDefence and general Welfare of the United States . . .''[Page H9271]</pre>]]></constitutionalAuthorityStatementText>
    <originChamber>House</originChamber>
    <title>SMART Grant Reauthorization Act of 2015</title>
    <laws />
    <calendarNumbers />
    <summaries>
      <billSummaries>
        <item>
          <versionCode>00</versionCode>
          <actionDesc>Introduced in House</actionDesc>
          <actionDate>2015-12-10</actionDate>
          <text><![CDATA[<p><b>SMART Grant Reauthorization Act of 2015</b></p> <p>This bill amends title IV (Student Assistance) of the Higher Education Act of 1965 to eliminate the program awarding Academic Competitiveness Grants to first- and second-year undergraduates who completed a rigorous high school curriculum and are eligible for Federal Pell Grants.</p> <p>It reauthorizes and appropriates funds through FY2022 for National Science and Mathematics Access to Retain Talent Grants (SMART Grants) currently awarded to third, fourth, and fifth-year undergraduates who are eligible for Pell Grants and are pursuing: </p> <ul> <li> a major in the physical, life, or computer sciences, mathematics, technology, or engineering or a critical foreign language; or </li> <li> equivalent coursework in a qualifying liberal arts program that does not allow students to declare a major in a particular subject matter.</li> </ul> <p>The bill limits SMART Grant eligibility to students who are pursuing a major in the physical sciences or are pursuing equivalent coursework in a qualifying liberal arts program that does not allow students to declare a major in a particular subject matter.</p> <p>It terminates the Department of Education's authority to award SMART Grants at the end of award year 2020-2021.</p>]]></text>
          <name>Introduced in House</name>
          <lastSummaryUpdateDate>2016-12-08T19:59:40Z</lastSummaryUpdateDate>
          <updateDate>2015-12-10T05:00:00Z</updateDate>
        </item>
      </billSummaries>
    </summaries>
    <billType>HR</billType>
    <committees>
      <billCommittees>
        <item>
          <chamber>House</chamber>
          <systemCode>hsed00</systemCode>
          <type>Standing</type>
          <name>Education and the Workforce Committee</name>
          <subcommittees>
            <item>
              <systemCode>hsed13</systemCode>
              <activities>
                <item>
                  <date>2016-03-23T21:13:31Z</date>
                  <name>Referred to</name>
                </item>
              </activities>
              <name>Higher Education and Workforce Training Subcommittee</name>
            </item>
          </subcommittees>
          <activities>
            <item>
              <date>2015-12-10T15:03:25Z</date>
              <name>Referred to</name>
            </item>
          </activities>
        </item>
      </billCommittees>
    </committees>
    <billNumber>4221</billNumber>
    <congress>114</congress>
    <recordedVotes />
    <latestAction>
      <links />
      <actionDate>2016-03-23</actionDate>
      <text>Referred to the Subcommittee on Higher Education and Workforce Training.</text>
    </latestAction>
    <committeeReports />
    <updateDate>2016-12-08T20:01:24Z</updateDate>
    <actions>
      <item>
        <actionDate>2016-03-23</actionDate>
        <committee>
          <name>Higher Education and Workforce Training Subcommittee</name>
          <systemCode>hsed13</systemCode>
        </committee>
        <links />
        <sourceSystem>
          <name>House committee actions</name>
          <code>1</code>
        </sourceSystem>
        <text>Referred to the Subcommittee on Higher Education and Workforce Training.</text>
        <type>Committee</type>
      </item>
      <item>
        <type>IntroReferral</type>
        <committee>
          <name>Education and the Workforce Committee</name>
          <systemCode>hsed00</systemCode>
        </committee>
        <actionCode>H11100</actionCode>
        <links />
        <sourceSystem>
          <name>House floor actions</name>
          <code>2</code>
        </sourceSystem>
        <actionDate>2015-12-10</actionDate>
        <text>Referred to the House Committee on Education and the Workforce.</text>
      </item>
      <item>
        <type>IntroReferral</type>
        <committee />
        <actionCode>Intro-H</actionCode>
        <links />
        <sourceSystem>
          <name>Library of Congress</name>
          <code>9</code>
        </sourceSystem>
        <actionDate>2015-12-10</actionDate>
        <text>Introduced in House</text>
      </item>
      <item>
        <type>IntroReferral</type>
        <committee />
        <actionCode>1000</actionCode>
        <links />
        <sourceSystem>
          <name>Library of Congress</name>
          <code>9</code>
        </sourceSystem>
        <actionDate>2015-12-10</actionDate>
        <text>Introduced in House</text>
      </item>
      <actionTypeCounts>
        <billReferrals>1</billReferrals>
        <introducedInTheHouse>1</introducedInTheHouse>
        <placeholderTextForH>1</placeholderTextForH>
        <introducedInHouse>1</introducedInHouse>
      </actionTypeCounts>
      <actionByCounts>
        <houseOfRepresentatives>4</houseOfRepresentatives>
      </actionByCounts>
    </actions>
    <introducedDate>2015-12-10</introducedDate>
    <cosponsors />
  </bill>
  <dublinCore xmlns:dc="http://purl.org/dc/elements/1.1/">
    <dc:format>text/xml</dc:format>
    <dc:language>EN</dc:language>
    <dc:rights>Pursuant to Title 17 Section 105 of the United States Code, this file is not subject to copyright protection and is in the public domain.</dc:rights>
    <dc:contributor>Congressional Research Service, Library of Congress</dc:contributor>
    <dc:description>This file contains bill summaries and statuses for federal legislation. A bill summary describes the most significant provisions of a piece of legislation and details the effects the legislative text may have on current law and federal programs. Bill summaries are authored by the Congressional Research Service (CRS) of the Library of Congress. As stated in Public Law 91-510 (2 USC 166 (d)(6)), one of the duties of CRS is "to prepare summaries and digests of bills and resolutions of a public general nature introduced in the Senate or House of Representatives". For more information, refer to the User Guide that accompanies this file.</dc:description>
  </dublinCore>
</billStatus>

