<?xml version="1.0" encoding="UTF-8"?>
<billStatus>
  <bill>
    <committees>
      <billCommittees>
        <item>
          <systemCode>hsed00</systemCode>
          <name>Education and the Workforce Committee</name>
          <activities>
            <item>
              <name>Referred to</name>
              <date>2015-02-25T15:03:50Z</date>
            </item>
          </activities>
          <type>Standing</type>
          <chamber>House</chamber>
          <subcommittees>
            <item>
              <systemCode>hsed14</systemCode>
              <name>Early Childhood, Elementary, and Secondary Education Subcommittee</name>
              <activities>
                <item>
                  <name>Referred to</name>
                  <date>2015-04-29T14:01:57Z</date>
                </item>
              </activities>
            </item>
          </subcommittees>
        </item>
      </billCommittees>
    </committees>
    <congress>114</congress>
    <billNumber>1071</billNumber>
    <updateDate>2016-11-02T21:26:53Z</updateDate>
    <subjects>
      <billSubjects>
        <legislativeSubjects>
          <item>
            <name>Education of the disadvantaged</name>
          </item>
          <item>
            <name>Education programs funding</name>
          </item>
          <item>
            <name>Elementary and secondary education</name>
          </item>
          <item>
            <name>Executive agency funding and structure</name>
          </item>
          <item>
            <name>Government information and archives</name>
          </item>
          <item>
            <name>Government studies and investigations</name>
          </item>
        </legislativeSubjects>
        <policyArea>
          <name>Education</name>
        </policyArea>
      </billSubjects>
    </subjects>
    <policyArea>
      <name>Education</name>
    </policyArea>
    <summaries>
      <billSummaries>
        <item>
          <updateDate>2015-02-25T05:00:00Z</updateDate>
          <versionCode>00</versionCode>
          <text><![CDATA[<p> <strong>Fiscal Fairness Act</strong></p> <p>Amends part A of title I of the Elementary and Secondary Education Act of 1965 to condition local educational agency (LEA) receipt of school improvement funds on: (1) an average state and local spending per pupil in each school receiving school improvement funds of at least 97% of such spending per pupil across all of the LEA's schools that are not receiving such funds; and (2) an average state and local spending per pupil in each higher poverty school of at least 97% of such spending per pupil across all lower poverty schools, if the LEA is serving all of its schools under part A.</p> <p>Allows LEAs to meet such requirement across all schools or among schools serving a particular grade span if they compare schools within no more than three grade spans.</p> <p>Directs the Inspector General of the Department of Education, in the fourth and fifth years after this Act's enactment, to audit 5 states and 10 LEAs to determine their progress in meeting these requirements.</p> <p>Requires annual LEA report cards to include certain information on state and local spending per pupil in schools.</p> <p>Requires states to provide the public with annual up-to-date school-by-school listings of per-pupil state and local spending.</p>]]></text>
          <lastSummaryUpdateDate>2015-03-19T14:55:39Z</lastSummaryUpdateDate>
          <actionDate>2015-02-25</actionDate>
          <actionDesc>Introduced in House</actionDesc>
          <name>Introduced in House</name>
        </item>
      </billSummaries>
    </summaries>
    <title>Fiscal Fairness Act</title>
    <laws />
    <cosponsors />
    <billType>HR</billType>
    <cboCostEstimates />
    <recordedVotes />
    <relatedBills />
    <actions>
      <actionTypeCounts>
        <placeholderTextForH>1</placeholderTextForH>
        <billReferrals>1</billReferrals>
        <introducedInTheHouse>1</introducedInTheHouse>
        <introducedInHouse>1</introducedInHouse>
      </actionTypeCounts>
      <item>
        <actionDate>2015-04-29</actionDate>
        <committee>
          <name>Early Childhood, Elementary, and Secondary Education Subcommittee</name>
          <systemCode>hsed14</systemCode>
        </committee>
        <links />
        <sourceSystem>
          <code>1</code>
          <name>House committee actions</name>
        </sourceSystem>
        <text>Referred to the Subcommittee on Early Childhood, Elementary, and Secondary Education.</text>
        <type>Committee</type>
      </item>
      <item>
        <actionDate>2015-02-25</actionDate>
        <sourceSystem>
          <code>2</code>
          <name>House floor actions</name>
        </sourceSystem>
        <text>Referred to the House Committee on Education and the Workforce.</text>
        <type>IntroReferral</type>
        <links />
        <actionCode>H11100</actionCode>
        <committee>
          <name>Education and the Workforce Committee</name>
          <systemCode>hsed00</systemCode>
        </committee>
      </item>
      <item>
        <actionDate>2015-02-25</actionDate>
        <sourceSystem>
          <code>9</code>
          <name>Library of Congress</name>
        </sourceSystem>
        <text>Introduced in House</text>
        <type>IntroReferral</type>
        <links />
        <actionCode>Intro-H</actionCode>
        <committee />
      </item>
      <item>
        <actionDate>2015-02-25</actionDate>
        <sourceSystem>
          <code>9</code>
          <name>Library of Congress</name>
        </sourceSystem>
        <text>Introduced in House</text>
        <type>IntroReferral</type>
        <links />
        <actionCode>1000</actionCode>
        <committee />
      </item>
      <actionByCounts>
        <houseOfRepresentatives>4</houseOfRepresentatives>
      </actionByCounts>
    </actions>
    <notes />
    <latestAction>
      <actionDate>2015-04-29</actionDate>
      <links />
      <text>Referred to the Subcommittee on Early Childhood, Elementary, and Secondary Education.</text>
    </latestAction>
    <introducedDate>2015-02-25</introducedDate>
    <sponsors>
      <item>
        <fullName>Rep. Fattah, Chaka [D-PA-2]</fullName>
        <firstName>CHAKA</firstName>
        <byRequestType />
        <identifiers>
          <lisID>371</lisID>
          <gpoId>8120</gpoId>
          <bioguideId>F000043</bioguideId>
        </identifiers>
        <middleName />
        <bioguideId>F000043</bioguideId>
        <district>2</district>
        <party>D</party>
        <state>PA</state>
        <lastName>FATTAH</lastName>
      </item>
    </sponsors>
    <constitutionalAuthorityStatementText><![CDATA[<pre>From the Congressional Record Online through the Government Publishing Office [<a href='http://www.gpo.gov'>www.gpo.gov</a>]By Mr. FATTAH:H.R. 1071.Congress has the power to enact this legislation pursuantto the following:Pursuant to Article I, Section 8, Clause 3 of the UnitedStates Constitution, the Congress shall have the power ``[t]oregulate commerce with foreign Nations, and among the severalstates, and with the Indian tribes.''[Page H1164]</pre>]]></constitutionalAuthorityStatementText>
    <calendarNumbers />
    <committeeReports />
    <amendments />
    <createDate>2015-02-26T06:14:49Z</createDate>
    <originChamber>House</originChamber>
    <titles>
      <item>
        <chamberCode />
        <chamberName />
        <title>Fiscal Fairness Act</title>
        <parentTitleType />
        <titleType>Short Titles as Introduced</titleType>
      </item>
      <item>
        <chamberCode />
        <chamberName />
        <title>To amend section 1120A(c) of the Elementary and Secondary Education Act of 1965 to assure comparability of opportunity for educationally disadvantaged students.</title>
        <parentTitleType />
        <titleType>Official Title as Introduced</titleType>
      </item>
      <item>
        <chamberCode />
        <chamberName />
        <title>Fiscal Fairness Act</title>
        <parentTitleType />
        <titleType>Display Title</titleType>
      </item>
    </titles>
  </bill>
  <dublinCore xmlns:dc="http://purl.org/dc/elements/1.1/">
    <dc:format>text/xml</dc:format>
    <dc:language>EN</dc:language>
    <dc:rights>Pursuant to Title 17 Section 105 of the United States Code, this file is not subject to copyright protection and is in the public domain.</dc:rights>
    <dc:contributor>Congressional Research Service, Library of Congress</dc:contributor>
    <dc:description>This file contains bill summaries and statuses for federal legislation. A bill summary describes the most significant provisions of a piece of legislation and details the effects the legislative text may have on current law and federal programs. Bill summaries are authored by the Congressional Research Service (CRS) of the Library of Congress. As stated in Public Law 91-510 (2 USC 166 (d)(6)), one of the duties of CRS is "to prepare summaries and digests of bills and resolutions of a public general nature introduced in the Senate or House of Representatives". For more information, refer to the User Guide that accompanies this file.</dc:description>
  </dublinCore>
</billStatus>

