<?xml version="1.0" encoding="UTF-8"?>
<billStatus>
  <bill>
    <latestAction>
      <text>Referred to the Subcommittee on Military Personnel.</text>
      <links />
      <actionDate>2015-08-13</actionDate>
    </latestAction>
    <policyArea />
    <amendments />
    <relatedBills>
      <item>
        <number>1502</number>
        <relationshipDetails>
          <item>
            <identifiedBy>CRS</identifiedBy>
            <type>Related bill</type>
          </item>
        </relationshipDetails>
        <congress>114</congress>
        <latestAction>
          <text>Read twice and referred to the Committee on Armed Services.</text>
          <actionDate>2015-06-04</actionDate>
        </latestAction>
        <type>S</type>
        <latestTitle>A bill to authorize the award of the Medal of Honor to James Megellas, formerly of Fond du Lac, Wisconsin, and currently of Colleyville, Texas, for acts of valor on January 28, 1945, during the Battle of the Bulge in World War II.</latestTitle>
      </item>
    </relatedBills>
    <billNumber>808</billNumber>
    <updateDate>2016-11-02T21:25:18Z</updateDate>
    <cboCostEstimates />
    <sponsors>
      <item>
        <fullName>Rep. Grothman, Glenn [R-WI-6]</fullName>
        <firstName>Glenn</firstName>
        <district>6</district>
        <lastName>Grothman</lastName>
        <byRequestType />
        <identifiers>
          <gpoId />
          <lisID>2276</lisID>
          <bioguideId>G000576</bioguideId>
        </identifiers>
        <middleName />
        <party>R</party>
        <state>WI</state>
        <bioguideId>G000576</bioguideId>
      </item>
    </sponsors>
    <notes />
    <originChamber>House</originChamber>
    <subjects>
      <billSubjects>
        <legislativeSubjects>
          <item>
            <name>Private Legislation</name>
          </item>
        </legislativeSubjects>
      </billSubjects>
    </subjects>
    <cosponsors />
    <constitutionalAuthorityStatementText><![CDATA[<pre>From the Congressional Record Online through the Government Publishing Office [<a href='http://www.gpo.gov'>www.gpo.gov</a>]By Mr. GROTHMAN:H.R. 808.Congress has the power to enact this legislation pursuantto the following:Clause 14 of Section 8 of Article I[Page H858]</pre>]]></constitutionalAuthorityStatementText>
    <calendarNumbers />
    <committeeReports />
    <billType>HR</billType>
    <title>To authorize the President to award the Medal of Honor to James Megellas, formerly of Fond du Lac, Wisconsin, and currently of Colleyville, Texas, for acts of valor on January 28, 1945, during the Battle of the Bulge in World War II.</title>
    <introducedDate>2015-02-05</introducedDate>
    <actions>
      <actionTypeCounts>
        <introducedInTheHouse>1</introducedInTheHouse>
        <billReferrals>1</billReferrals>
        <placeholderTextForH>1</placeholderTextForH>
        <introducedInHouse>1</introducedInHouse>
      </actionTypeCounts>
      <actionByCounts>
        <houseOfRepresentatives>4</houseOfRepresentatives>
      </actionByCounts>
      <item>
        <actionDate>2015-08-13</actionDate>
        <committee>
          <name>Military Personnel Subcommittee</name>
          <systemCode>hsas02</systemCode>
        </committee>
        <links />
        <sourceSystem>
          <name>House committee actions</name>
          <code>1</code>
        </sourceSystem>
        <text>Referred to the Subcommittee on Military Personnel.</text>
        <type>Committee</type>
      </item>
      <item>
        <text>Referred to the House Committee on Armed Services.</text>
        <sourceSystem>
          <name>House floor actions</name>
          <code>2</code>
        </sourceSystem>
        <committee>
          <name>Armed Services Committee</name>
          <systemCode>hsas00</systemCode>
        </committee>
        <type>IntroReferral</type>
        <links />
        <actionCode>H11100</actionCode>
        <actionDate>2015-02-05</actionDate>
      </item>
      <item>
        <text>Introduced in House</text>
        <sourceSystem>
          <name>Library of Congress</name>
          <code>9</code>
        </sourceSystem>
        <committee />
        <type>IntroReferral</type>
        <links />
        <actionCode>Intro-H</actionCode>
        <actionDate>2015-02-05</actionDate>
      </item>
      <item>
        <text>Introduced in House</text>
        <sourceSystem>
          <name>Library of Congress</name>
          <code>9</code>
        </sourceSystem>
        <committee />
        <type>IntroReferral</type>
        <links />
        <actionCode>1000</actionCode>
        <actionDate>2015-02-05</actionDate>
      </item>
    </actions>
    <congress>114</congress>
    <summaries>
      <billSummaries>
        <item>
          <versionCode>00</versionCode>
          <actionDate>2015-02-05</actionDate>
          <text><![CDATA[<p>Authorizes the President to award the Medal of Honor to James Megellas for acts of valor on January 28, 1945, during the Battle of the Bulge in World War II. </p>]]></text>
          <name>Introduced in House</name>
          <lastSummaryUpdateDate>2015-02-20T16:48:14Z</lastSummaryUpdateDate>
          <updateDate>2015-02-05T05:00:00Z</updateDate>
          <actionDesc>Introduced in House</actionDesc>
        </item>
      </billSummaries>
    </summaries>
    <laws />
    <createDate>2015-02-06T04:59:53Z</createDate>
    <titles>
      <item>
        <chamberCode />
        <title>To authorize the President to award the Medal of Honor to James Megellas, formerly of Fond du Lac, Wisconsin, and currently of Colleyville, Texas, for acts of valor on January 28, 1945, during the Battle of the Bulge in World War II.</title>
        <chamberName />
        <titleType>Official Title as Introduced</titleType>
        <parentTitleType />
      </item>
      <item>
        <chamberCode />
        <title>To authorize the President to award the Medal of Honor to James Megellas, formerly of Fond du Lac, Wisconsin, and currently of Colleyville, Texas, for acts of valor on January 28, 1945, during the Battle of the Bulge in World War II.</title>
        <chamberName />
        <titleType>Display Title</titleType>
        <parentTitleType />
      </item>
    </titles>
    <recordedVotes />
    <committees>
      <billCommittees>
        <item>
          <activities>
            <item>
              <name>Referred to</name>
              <date>2015-02-05T14:08:25Z</date>
            </item>
          </activities>
          <name>Armed Services Committee</name>
          <subcommittees>
            <item>
              <activities>
                <item>
                  <name>Referred to</name>
                  <date>2015-08-13T20:36:32Z</date>
                </item>
              </activities>
              <name>Military Personnel Subcommittee</name>
              <systemCode>hsas02</systemCode>
            </item>
          </subcommittees>
          <chamber>House</chamber>
          <type>Standing</type>
          <systemCode>hsas00</systemCode>
        </item>
      </billCommittees>
    </committees>
  </bill>
  <dublinCore xmlns:dc="http://purl.org/dc/elements/1.1/">
    <dc:format>text/xml</dc:format>
    <dc:language>EN</dc:language>
    <dc:rights>Pursuant to Title 17 Section 105 of the United States Code, this file is not subject to copyright protection and is in the public domain.</dc:rights>
    <dc:contributor>Congressional Research Service, Library of Congress</dc:contributor>
    <dc:description>This file contains bill summaries and statuses for federal legislation. A bill summary describes the most significant provisions of a piece of legislation and details the effects the legislative text may have on current law and federal programs. Bill summaries are authored by the Congressional Research Service (CRS) of the Library of Congress. As stated in Public Law 91-510 (2 USC 166 (d)(6)), one of the duties of CRS is "to prepare summaries and digests of bills and resolutions of a public general nature introduced in the Senate or House of Representatives". For more information, refer to the User Guide that accompanies this file.</dc:description>
  </dublinCore>
</billStatus>

