<?xml version="1.0" encoding="UTF-8"?>
<billStatus>
  <bill>
    <calendarNumbers />
    <constitutionalAuthorityStatementText><![CDATA[<pre>From the Congressional Record Online through the Government Publishing Office [<a href='http://www.gpo.gov'>www.gpo.gov</a>]By Mr. BYRNE:H.R. 981.Congress has the power to enact this legislation pursuantto the following:Article I, Section 8: To regulate Commerce with foreignNations, and among the several States, and with the IndianTribes.[Page H1070]</pre>]]></constitutionalAuthorityStatementText>
    <billType>HR</billType>
    <recordedVotes />
    <title>Red Snapper Regulatory Reform Act</title>
    <summaries>
      <billSummaries>
        <item>
          <updateDate>2015-02-13T05:00:00Z</updateDate>
          <versionCode>00</versionCode>
          <lastSummaryUpdateDate>2015-11-03T12:02:03Z</lastSummaryUpdateDate>
          <name>Introduced in House</name>
          <actionDate>2015-02-13</actionDate>
          <text><![CDATA[<p><b>Red Snapper Regulatory Reform Act </b></p> <p>This bill amends the Magnuson-Stevens Fishery Conservation and Management Act to revise requirements on fishing and fisheries in the Gulf of Mexico.</p> <p>The bill repeals a requirement that red snapper fishery management plans, plan amendments, or regulation submitted by the Gulf of Mexico Fishery Management Council contain catch limits.</p> <p>State jurisdiction over fisheries in the Gulf of Mexico is expanded to nine nautical miles.</p> <p>The Gulf States Marine Fisheries Commission must conduct all fishery stock assessments for fisheries managed under the Council's Reef Fish Management Plan. Stock assessments must: (1) incorporate fisheries survey information collected by universities; (2) use state, university, and private assets to conduct surveys; (3) incorporate surveys conducted on natural and artificial reefs; and (4) emphasize constituent and stakeholder participation in the development of the assessment.</p> <p>The program created to improve the quality and accuracy of information generated by the Marine Recreational Fishery Statistics Survey must take into consideration all fishery effort data collection activities undertaken by the marine resources division of each relevant state of the Council.</p> <p>Members of the Council are no longer appointed by the National Oceanic and Atmospheric Administration. </p>]]></text>
          <actionDesc>Introduced in House</actionDesc>
        </item>
      </billSummaries>
    </summaries>
    <createDate>2015-02-14T04:46:17Z</createDate>
    <sponsors>
      <item>
        <state>AL</state>
        <byRequestType />
        <bioguideId>B001289</bioguideId>
        <identifiers>
          <lisID>2197</lisID>
          <bioguideId>B001289</bioguideId>
          <gpoId />
        </identifiers>
        <middleName />
        <fullName>Rep. Byrne, Bradley [R-AL-1]</fullName>
        <district>1</district>
        <party>R</party>
        <firstName>Bradley</firstName>
        <lastName>Byrne</lastName>
      </item>
    </sponsors>
    <notes />
    <actions>
      <actionByCounts>
        <houseOfRepresentatives>4</houseOfRepresentatives>
      </actionByCounts>
      <actionTypeCounts>
        <introducedInHouse>1</introducedInHouse>
        <billReferrals>1</billReferrals>
        <placeholderTextForH>1</placeholderTextForH>
        <introducedInTheHouse>1</introducedInTheHouse>
      </actionTypeCounts>
      <item>
        <actionDate>2015-03-16</actionDate>
        <committee>
          <systemCode>hsii13</systemCode>
          <name>Water, Power and Oceans Subcommittee</name>
        </committee>
        <links />
        <sourceSystem>
          <code>1</code>
          <name>House committee actions</name>
        </sourceSystem>
        <text>Referred to the Subcommittee on Water, Power and Oceans.</text>
        <type>Committee</type>
      </item>
      <item>
        <committee>
          <systemCode>hsii00</systemCode>
          <name>Natural Resources Committee</name>
        </committee>
        <type>IntroReferral</type>
        <text>Referred to the House Committee on Natural Resources.</text>
        <actionDate>2015-02-13</actionDate>
        <actionCode>H11100</actionCode>
        <links />
        <sourceSystem>
          <code>2</code>
          <name>House floor actions</name>
        </sourceSystem>
      </item>
      <item>
        <committee />
        <type>IntroReferral</type>
        <text>Introduced in House</text>
        <actionDate>2015-02-13</actionDate>
        <actionCode>Intro-H</actionCode>
        <links />
        <sourceSystem>
          <code>9</code>
          <name>Library of Congress</name>
        </sourceSystem>
      </item>
      <item>
        <committee />
        <type>IntroReferral</type>
        <text>Introduced in House</text>
        <actionDate>2015-02-13</actionDate>
        <actionCode>1000</actionCode>
        <links />
        <sourceSystem>
          <code>9</code>
          <name>Library of Congress</name>
        </sourceSystem>
      </item>
    </actions>
    <originChamber>House</originChamber>
    <relatedBills />
    <amendments />
    <cosponsors>
      <item>
        <firstName>Mike</firstName>
        <bioguideId>R000575</bioguideId>
        <state>AL</state>
        <sponsorshipDate>2015-02-13</sponsorshipDate>
        <district>3</district>
        <lastName>Rogers</lastName>
        <sponsorshipWithdrawnDate />
        <fullName>Rep. Rogers, Mike D. [R-AL-3]</fullName>
        <identifiers>
          <lisID>1704</lisID>
          <bioguideId>R000575</bioguideId>
          <gpoId>7788</gpoId>
        </identifiers>
        <party>R</party>
        <isOriginalCosponsor>True</isOriginalCosponsor>
        <middleName />
      </item>
      <item>
        <firstName>Martha</firstName>
        <bioguideId>R000591</bioguideId>
        <state>AL</state>
        <sponsorshipDate>2015-02-13</sponsorshipDate>
        <district>2</district>
        <lastName>Roby</lastName>
        <sponsorshipWithdrawnDate />
        <fullName>Rep. Roby, Martha [R-AL-2]</fullName>
        <identifiers>
          <gpoId>7787</gpoId>
          <lisID>1986</lisID>
          <bioguideId>R000591</bioguideId>
        </identifiers>
        <party>R</party>
        <isOriginalCosponsor>True</isOriginalCosponsor>
        <middleName />
      </item>
      <item>
        <firstName>Gary</firstName>
        <bioguideId>P000609</bioguideId>
        <state>AL</state>
        <sponsorshipDate>2015-02-13</sponsorshipDate>
        <district>6</district>
        <lastName>Palmer</lastName>
        <sponsorshipWithdrawnDate />
        <fullName>Rep. Palmer, Gary J. [R-AL-6]</fullName>
        <identifiers>
          <bioguideId>P000609</bioguideId>
          <lisID>2221</lisID>
          <gpoId />
        </identifiers>
        <party>R</party>
        <isOriginalCosponsor>True</isOriginalCosponsor>
        <middleName>J.</middleName>
      </item>
      <item>
        <firstName>Steven</firstName>
        <bioguideId>P000601</bioguideId>
        <state>MS</state>
        <sponsorshipDate>2015-02-25</sponsorshipDate>
        <district>4</district>
        <lastName>Palazzo</lastName>
        <sponsorshipWithdrawnDate />
        <fullName>Rep. Palazzo, Steven M. [R-MS-4]</fullName>
        <identifiers>
          <lisID>2035</lisID>
          <bioguideId>P000601</bioguideId>
          <gpoId>8022</gpoId>
        </identifiers>
        <party>R</party>
        <isOriginalCosponsor>False</isOriginalCosponsor>
        <middleName>M.</middleName>
      </item>
      <item>
        <firstName>Mo</firstName>
        <bioguideId>B001274</bioguideId>
        <state>AL</state>
        <sponsorshipDate>2015-02-25</sponsorshipDate>
        <district>5</district>
        <lastName>Brooks</lastName>
        <sponsorshipWithdrawnDate />
        <fullName>Rep. Brooks, Mo [R-AL-5]</fullName>
        <identifiers>
          <lisID>1987</lisID>
          <bioguideId>B001274</bioguideId>
          <gpoId>7790</gpoId>
        </identifiers>
        <party>R</party>
        <isOriginalCosponsor>False</isOriginalCosponsor>
        <middleName />
      </item>
      <item>
        <firstName>Austin</firstName>
        <bioguideId>S001189</bioguideId>
        <state>GA</state>
        <sponsorshipDate>2015-02-25</sponsorshipDate>
        <district>8</district>
        <lastName>Scott</lastName>
        <sponsorshipWithdrawnDate />
        <fullName>Rep. Scott, Austin [R-GA-8]</fullName>
        <identifiers>
          <gpoId>7905</gpoId>
          <lisID>2009</lisID>
          <bioguideId>S001189</bioguideId>
        </identifiers>
        <party>R</party>
        <isOriginalCosponsor>False</isOriginalCosponsor>
        <middleName />
      </item>
      <item>
        <firstName>Charles</firstName>
        <bioguideId>B001255</bioguideId>
        <state>LA</state>
        <sponsorshipDate>2015-02-25</sponsorshipDate>
        <district>3</district>
        <lastName>Boustany</lastName>
        <sponsorshipWithdrawnDate />
        <fullName>Rep. Boustany, Charles W., Jr. [R-LA-3]</fullName>
        <identifiers>
          <lisID>1787</lisID>
          <bioguideId>B001255</bioguideId>
          <gpoId>7965</gpoId>
        </identifiers>
        <party>R</party>
        <isOriginalCosponsor>False</isOriginalCosponsor>
        <middleName>W.</middleName>
      </item>
      <item>
        <firstName>Steve</firstName>
        <bioguideId>S001176</bioguideId>
        <state>LA</state>
        <sponsorshipDate>2015-03-26</sponsorshipDate>
        <district>1</district>
        <lastName>Scalise</lastName>
        <sponsorshipWithdrawnDate />
        <fullName>Rep. Scalise, Steve [R-LA-1]</fullName>
        <identifiers>
          <gpoId>7959</gpoId>
          <bioguideId>S001176</bioguideId>
          <lisID>1892</lisID>
        </identifiers>
        <party>R</party>
        <isOriginalCosponsor>False</isOriginalCosponsor>
        <middleName />
      </item>
      <item>
        <firstName>ROBERT</firstName>
        <bioguideId>A000055</bioguideId>
        <state>AL</state>
        <sponsorshipDate>2015-04-28</sponsorshipDate>
        <district>4</district>
        <lastName>ADERHOLT</lastName>
        <sponsorshipWithdrawnDate />
        <fullName>Rep. Aderholt, Robert B. [R-AL-4]</fullName>
        <identifiers>
          <lisID>1460</lisID>
          <bioguideId>A000055</bioguideId>
          <gpoId>7789</gpoId>
        </identifiers>
        <party>R</party>
        <isOriginalCosponsor>False</isOriginalCosponsor>
        <middleName>B.</middleName>
      </item>
      <item>
        <firstName>Earl</firstName>
        <bioguideId>C001103</bioguideId>
        <state>GA</state>
        <sponsorshipDate>2015-07-21</sponsorshipDate>
        <district>1</district>
        <lastName>Carter</lastName>
        <sponsorshipWithdrawnDate />
        <fullName>Rep. Carter, Earl L. "Buddy" [R-GA-1]</fullName>
        <identifiers>
          <lisID>2236</lisID>
          <bioguideId>C001103</bioguideId>
          <gpoId />
        </identifiers>
        <party>R</party>
        <isOriginalCosponsor>False</isOriginalCosponsor>
        <middleName>L. "Buddy"</middleName>
      </item>
    </cosponsors>
    <titles>
      <item>
        <parentTitleType />
        <title>Red Snapper Regulatory Reform Act</title>
        <titleType>Short Titles as Introduced</titleType>
        <chamberCode />
        <chamberName />
      </item>
      <item>
        <parentTitleType />
        <title>To amend the Magnuson-Stevens Fishery Conservation and Management Act to improve the Gulf of Mexico Red Snapper fishery by providing flexibility for fishing managers and stability for fisherman, and for other purposes.</title>
        <titleType>Official Title as Introduced</titleType>
        <chamberCode />
        <chamberName />
      </item>
      <item>
        <parentTitleType />
        <title>Red Snapper Regulatory Reform Act</title>
        <titleType>Display Title</titleType>
        <chamberCode />
        <chamberName />
      </item>
    </titles>
    <policyArea>
      <name>Public Lands and Natural Resources</name>
    </policyArea>
    <cboCostEstimates />
    <committeeReports />
    <laws />
    <subjects>
      <billSubjects>
        <policyArea>
          <name>Public Lands and Natural Resources</name>
        </policyArea>
        <legislativeSubjects>
          <item>
            <name>Alabama</name>
          </item>
          <item>
            <name>Fishes</name>
          </item>
          <item>
            <name>Florida</name>
          </item>
          <item>
            <name>Government information and archives</name>
          </item>
          <item>
            <name>Gulf of Mexico</name>
          </item>
          <item>
            <name>Intergovernmental relations</name>
          </item>
          <item>
            <name>Louisiana</name>
          </item>
          <item>
            <name>Marine and coastal resources, fisheries</name>
          </item>
          <item>
            <name>Mississippi</name>
          </item>
          <item>
            <name>State and local government operations</name>
          </item>
          <item>
            <name>Texas</name>
          </item>
        </legislativeSubjects>
      </billSubjects>
    </subjects>
    <introducedDate>2015-02-13</introducedDate>
    <updateDate>2016-12-11T22:02:50Z</updateDate>
    <billNumber>981</billNumber>
    <committees>
      <billCommittees>
        <item>
          <systemCode>hsii00</systemCode>
          <type>Standing</type>
          <chamber>House</chamber>
          <name>Natural Resources Committee</name>
          <subcommittees>
            <item>
              <systemCode>hsii13</systemCode>
              <name>Water, Power and Oceans Subcommittee</name>
              <activities>
                <item>
                  <name>Referred to</name>
                  <date>2015-03-16T20:46:43Z</date>
                </item>
              </activities>
            </item>
          </subcommittees>
          <activities>
            <item>
              <name>Referred to</name>
              <date>2015-02-13T14:00:37Z</date>
            </item>
          </activities>
        </item>
      </billCommittees>
    </committees>
    <congress>114</congress>
    <latestAction>
      <text>Referred to the Subcommittee on Water, Power and Oceans.</text>
      <links />
      <actionDate>2015-03-16</actionDate>
    </latestAction>
  </bill>
  <dublinCore xmlns:dc="http://purl.org/dc/elements/1.1/">
    <dc:format>text/xml</dc:format>
    <dc:language>EN</dc:language>
    <dc:rights>Pursuant to Title 17 Section 105 of the United States Code, this file is not subject to copyright protection and is in the public domain.</dc:rights>
    <dc:contributor>Congressional Research Service, Library of Congress</dc:contributor>
    <dc:description>This file contains bill summaries and statuses for federal legislation. A bill summary describes the most significant provisions of a piece of legislation and details the effects the legislative text may have on current law and federal programs. Bill summaries are authored by the Congressional Research Service (CRS) of the Library of Congress. As stated in Public Law 91-510 (2 USC 166 (d)(6)), one of the duties of CRS is "to prepare summaries and digests of bills and resolutions of a public general nature introduced in the Senate or House of Representatives". For more information, refer to the User Guide that accompanies this file.</dc:description>
  </dublinCore>
</billStatus>

