<?xml version="1.0" encoding="UTF-8"?>
<billStatus>
  <bill>
    <latestAction>
      <text>Referred to the House Committee on Ways and Means.</text>
      <links />
      <actionDate>2015-02-26</actionDate>
    </latestAction>
    <policyArea>
      <name>Taxation</name>
    </policyArea>
    <amendments />
    <relatedBills>
      <item>
        <latestAction>
          <actionDate>2015-01-21</actionDate>
          <text>Read twice and referred to the Committee on Finance.</text>
        </latestAction>
        <number>210</number>
        <congress>114</congress>
        <type>S</type>
        <latestTitle>Military Spouse Job Continuity Act of 2015</latestTitle>
        <relationshipDetails>
          <item>
            <identifiedBy>CRS</identifiedBy>
            <type>Identical bill</type>
          </item>
        </relationshipDetails>
      </item>
      <item>
        <latestAction>
          <actionDate>2015-04-14</actionDate>
          <text>Placed on Senate Legislative Calendar under General Orders. Calendar No. 53.</text>
        </latestAction>
        <number>920</number>
        <congress>114</congress>
        <type>S</type>
        <latestTitle>Military Spouse Job Continuity Act of 2015</latestTitle>
        <relationshipDetails>
          <item>
            <identifiedBy>CRS</identifiedBy>
            <type>Related bill</type>
          </item>
        </relationshipDetails>
      </item>
    </relatedBills>
    <billNumber>1100</billNumber>
    <updateDate>2016-11-02T21:27:03Z</updateDate>
    <cboCostEstimates />
    <sponsors>
      <item>
        <fullName>Rep. Cartwright, Matt [D-PA-17]</fullName>
        <firstName>Matt</firstName>
        <district>17</district>
        <lastName>Cartwright</lastName>
        <byRequestType />
        <identifiers>
          <bioguideId>C001090</bioguideId>
          <gpoId />
          <lisID>2159</lisID>
        </identifiers>
        <middleName />
        <party>D</party>
        <state>PA</state>
        <bioguideId>C001090</bioguideId>
      </item>
    </sponsors>
    <notes />
    <originChamber>House</originChamber>
    <subjects>
      <billSubjects>
        <legislativeSubjects>
          <item>
            <name>Income tax credits</name>
          </item>
          <item>
            <name>Licensing and registrations</name>
          </item>
          <item>
            <name>Military personnel and dependents</name>
          </item>
        </legislativeSubjects>
        <policyArea>
          <name>Taxation</name>
        </policyArea>
      </billSubjects>
    </subjects>
    <cosponsors>
      <item>
        <identifiers>
          <lisID>1469</lisID>
          <gpoId>8119</gpoId>
          <bioguideId>B001227</bioguideId>
        </identifiers>
        <isOriginalCosponsor>True</isOriginalCosponsor>
        <firstName>ROBERT</firstName>
        <sponsorshipWithdrawnDate />
        <sponsorshipDate>2015-02-26</sponsorshipDate>
        <party>D</party>
        <district>1</district>
        <fullName>Rep. Brady, Robert A. [D-PA-1]</fullName>
        <state>PA</state>
        <bioguideId>B001227</bioguideId>
        <lastName>BRADY</lastName>
        <middleName>A.</middleName>
      </item>
      <item>
        <identifiers>
          <bioguideId>L000565</bioguideId>
          <lisID>1846</lisID>
          <gpoId>7915</gpoId>
        </identifiers>
        <isOriginalCosponsor>True</isOriginalCosponsor>
        <firstName>David</firstName>
        <sponsorshipWithdrawnDate />
        <sponsorshipDate>2015-02-26</sponsorshipDate>
        <party>D</party>
        <district>2</district>
        <fullName>Rep. Loebsack, David [D-IA-2]</fullName>
        <state>IA</state>
        <bioguideId>L000565</bioguideId>
        <lastName>Loebsack</lastName>
        <middleName />
      </item>
      <item>
        <identifiers>
          <lisID>612</lisID>
          <gpoId>8026</gpoId>
          <bioguideId>J000255</bioguideId>
        </identifiers>
        <isOriginalCosponsor>True</isOriginalCosponsor>
        <firstName>WALTER</firstName>
        <sponsorshipWithdrawnDate />
        <sponsorshipDate>2015-02-26</sponsorshipDate>
        <party>R</party>
        <district>3</district>
        <fullName>Rep. Jones, Walter B., Jr. [R-NC-3]</fullName>
        <state>NC</state>
        <bioguideId>J000255</bioguideId>
        <lastName>JONES</lastName>
        <middleName>B.</middleName>
      </item>
      <item>
        <identifiers>
          <gpoId />
          <lisID>2106</lisID>
          <bioguideId>B001285</bioguideId>
        </identifiers>
        <isOriginalCosponsor>True</isOriginalCosponsor>
        <firstName>Julia</firstName>
        <sponsorshipWithdrawnDate />
        <sponsorshipDate>2015-02-26</sponsorshipDate>
        <party>D</party>
        <district>26</district>
        <fullName>Rep. Brownley, Julia [D-CA-26]</fullName>
        <state>CA</state>
        <bioguideId>B001285</bioguideId>
        <lastName>Brownley</lastName>
        <middleName />
      </item>
      <item>
        <identifiers>
          <lisID>2112</lisID>
          <gpoId />
          <bioguideId>V000130</bioguideId>
        </identifiers>
        <isOriginalCosponsor>True</isOriginalCosponsor>
        <firstName>Juan</firstName>
        <sponsorshipWithdrawnDate />
        <sponsorshipDate>2015-02-26</sponsorshipDate>
        <party>D</party>
        <district>51</district>
        <fullName>Rep. Vargas, Juan [D-CA-51]</fullName>
        <state>CA</state>
        <bioguideId>V000130</bioguideId>
        <lastName>Vargas</lastName>
        <middleName />
      </item>
      <item>
        <identifiers>
          <lisID>1884</lisID>
          <bioguideId>T000465</bioguideId>
          <gpoId>7970</gpoId>
        </identifiers>
        <isOriginalCosponsor>True</isOriginalCosponsor>
        <firstName>Niki</firstName>
        <sponsorshipWithdrawnDate />
        <sponsorshipDate>2015-02-26</sponsorshipDate>
        <party>D</party>
        <district>3</district>
        <fullName>Rep. Tsongas, Niki [D-MA-3]</fullName>
        <state>MA</state>
        <bioguideId>T000465</bioguideId>
        <lastName>Tsongas</lastName>
        <middleName />
      </item>
      <item>
        <identifiers>
          <lisID>303</lisID>
          <gpoId>8181</gpoId>
          <bioguideId>D000399</bioguideId>
        </identifiers>
        <isOriginalCosponsor>True</isOriginalCosponsor>
        <firstName>LLOYD</firstName>
        <sponsorshipWithdrawnDate />
        <sponsorshipDate>2015-02-26</sponsorshipDate>
        <party>D</party>
        <district>35</district>
        <fullName>Rep. Doggett, Lloyd [D-TX-35]</fullName>
        <state>TX</state>
        <bioguideId>D000399</bioguideId>
        <lastName>DOGGETT</lastName>
        <middleName />
      </item>
      <item>
        <identifiers>
          <bioguideId>C001101</bioguideId>
          <lisID>2196</lisID>
          <gpoId />
        </identifiers>
        <isOriginalCosponsor>True</isOriginalCosponsor>
        <firstName>Katherine</firstName>
        <sponsorshipWithdrawnDate />
        <sponsorshipDate>2015-02-26</sponsorshipDate>
        <party>D</party>
        <district>5</district>
        <fullName>Rep. Clark, Katherine M. [D-MA-5]</fullName>
        <state>MA</state>
        <bioguideId>C001101</bioguideId>
        <lastName>Clark</lastName>
        <middleName>M.</middleName>
      </item>
      <item>
        <identifiers>
          <lisID>1927</lisID>
          <gpoId>7984</gpoId>
          <bioguideId>P000597</bioguideId>
        </identifiers>
        <isOriginalCosponsor>True</isOriginalCosponsor>
        <firstName>Chellie</firstName>
        <sponsorshipWithdrawnDate />
        <sponsorshipDate>2015-02-26</sponsorshipDate>
        <party>D</party>
        <district>1</district>
        <fullName>Rep. Pingree, Chellie [D-ME-1]</fullName>
        <state>ME</state>
        <bioguideId>P000597</bioguideId>
        <lastName>Pingree</lastName>
        <middleName />
      </item>
      <item>
        <identifiers>
          <bioguideId>H001047</bioguideId>
          <lisID>1913</lisID>
          <gpoId>7869</gpoId>
        </identifiers>
        <isOriginalCosponsor>True</isOriginalCosponsor>
        <firstName>James</firstName>
        <sponsorshipWithdrawnDate />
        <sponsorshipDate>2015-02-26</sponsorshipDate>
        <party>D</party>
        <district>4</district>
        <fullName>Rep. Himes, James A. [D-CT-4]</fullName>
        <state>CT</state>
        <bioguideId>H001047</bioguideId>
        <lastName>Himes</lastName>
        <middleName>A.</middleName>
      </item>
      <item>
        <identifiers>
          <bioguideId>C001083</bioguideId>
          <gpoId>7872</gpoId>
          <lisID>1999</lisID>
        </identifiers>
        <isOriginalCosponsor>True</isOriginalCosponsor>
        <firstName>John</firstName>
        <sponsorshipWithdrawnDate />
        <sponsorshipDate>2015-02-26</sponsorshipDate>
        <party>D</party>
        <district>0</district>
        <fullName>Rep. Carney, John C., Jr. [D-DE-At Large]</fullName>
        <state>DE</state>
        <bioguideId>C001083</bioguideId>
        <lastName>Carney</lastName>
        <middleName>C.</middleName>
      </item>
      <item>
        <identifiers>
          <gpoId />
          <lisID>2126</lisID>
          <bioguideId>D000619</bioguideId>
        </identifiers>
        <isOriginalCosponsor>True</isOriginalCosponsor>
        <firstName>Rodney</firstName>
        <sponsorshipWithdrawnDate />
        <sponsorshipDate>2015-02-26</sponsorshipDate>
        <party>R</party>
        <district>13</district>
        <fullName>Rep. Davis, Rodney [R-IL-13]</fullName>
        <state>IL</state>
        <bioguideId>D000619</bioguideId>
        <lastName>Davis</lastName>
        <middleName />
      </item>
      <item>
        <identifiers>
          <bioguideId>V000128</bioguideId>
          <gpoId>7983</gpoId>
          <lisID>1729</lisID>
        </identifiers>
        <isOriginalCosponsor>True</isOriginalCosponsor>
        <firstName>Chris</firstName>
        <sponsorshipWithdrawnDate />
        <sponsorshipDate>2015-02-26</sponsorshipDate>
        <party>D</party>
        <district>8</district>
        <fullName>Rep. Van Hollen, Chris [D-MD-8]</fullName>
        <state>MD</state>
        <bioguideId>V000128</bioguideId>
        <lastName>Van Hollen</lastName>
        <middleName />
      </item>
      <item>
        <identifiers>
          <bioguideId>P000034</bioguideId>
          <lisID>887</lisID>
          <gpoId>8048</gpoId>
        </identifiers>
        <isOriginalCosponsor>True</isOriginalCosponsor>
        <firstName>FRANK</firstName>
        <sponsorshipWithdrawnDate />
        <sponsorshipDate>2015-02-26</sponsorshipDate>
        <party>D</party>
        <district>6</district>
        <fullName>Rep. Pallone, Frank, Jr. [D-NJ-6]</fullName>
        <state>NJ</state>
        <bioguideId>P000034</bioguideId>
        <lastName>PALLONE</lastName>
        <middleName />
      </item>
      <item>
        <identifiers>
          <bioguideId>F000460</bioguideId>
          <gpoId>8183</gpoId>
          <lisID>2067</lisID>
        </identifiers>
        <isOriginalCosponsor>True</isOriginalCosponsor>
        <firstName>Blake</firstName>
        <sponsorshipWithdrawnDate />
        <sponsorshipDate>2015-02-26</sponsorshipDate>
        <party>R</party>
        <district>27</district>
        <fullName>Rep. Farenthold, Blake [R-TX-27]</fullName>
        <state>TX</state>
        <bioguideId>F000460</bioguideId>
        <lastName>Farenthold</lastName>
        <middleName />
      </item>
      <item>
        <identifiers>
          <lisID>1643</lisID>
          <gpoId>7876</gpoId>
          <bioguideId>C001045</bioguideId>
        </identifiers>
        <isOriginalCosponsor>True</isOriginalCosponsor>
        <firstName>ANDER</firstName>
        <sponsorshipWithdrawnDate />
        <sponsorshipDate>2015-02-26</sponsorshipDate>
        <party>R</party>
        <district>4</district>
        <fullName>Rep. Crenshaw, Ander [R-FL-4]</fullName>
        <state>FL</state>
        <bioguideId>C001045</bioguideId>
        <lastName>CRENSHAW</lastName>
        <middleName />
      </item>
      <item>
        <identifiers>
          <bioguideId>K000379</bioguideId>
          <gpoId />
          <lisID>2172</lisID>
        </identifiers>
        <isOriginalCosponsor>True</isOriginalCosponsor>
        <firstName>Joseph</firstName>
        <sponsorshipWithdrawnDate />
        <sponsorshipDate>2015-02-26</sponsorshipDate>
        <party>D</party>
        <district>4</district>
        <fullName>Rep. Kennedy, Joseph P., III [D-MA-4]</fullName>
        <state>MA</state>
        <bioguideId>K000379</bioguideId>
        <lastName>Kennedy</lastName>
        <middleName>P.</middleName>
      </item>
      <item>
        <identifiers>
          <gpoId />
          <lisID>2170</lisID>
          <bioguideId>H001064</bioguideId>
        </identifiers>
        <isOriginalCosponsor>True</isOriginalCosponsor>
        <firstName>Denny</firstName>
        <sponsorshipWithdrawnDate />
        <sponsorshipDate>2015-02-26</sponsorshipDate>
        <party>D</party>
        <district>10</district>
        <fullName>Rep. Heck, Denny [D-WA-10]</fullName>
        <state>WA</state>
        <bioguideId>H001064</bioguideId>
        <lastName>Heck</lastName>
        <middleName />
      </item>
      <item>
        <identifiers>
          <bioguideId>E000293</bioguideId>
          <lisID>2114</lisID>
          <gpoId />
        </identifiers>
        <isOriginalCosponsor>True</isOriginalCosponsor>
        <firstName>Elizabeth</firstName>
        <sponsorshipWithdrawnDate />
        <sponsorshipDate>2015-02-26</sponsorshipDate>
        <party>D</party>
        <district>5</district>
        <fullName>Rep. Esty, Elizabeth H. [D-CT-5]</fullName>
        <state>CT</state>
        <bioguideId>E000293</bioguideId>
        <lastName>Esty</lastName>
        <middleName>H.</middleName>
      </item>
      <item>
        <identifiers>
          <gpoId>8075</gpoId>
          <lisID>729</lisID>
          <bioguideId>M000087</bioguideId>
        </identifiers>
        <isOriginalCosponsor>True</isOriginalCosponsor>
        <firstName>CAROLYN</firstName>
        <sponsorshipWithdrawnDate />
        <sponsorshipDate>2015-02-26</sponsorshipDate>
        <party>D</party>
        <district>12</district>
        <fullName>Rep. Maloney, Carolyn B. [D-NY-12]</fullName>
        <state>NY</state>
        <bioguideId>M000087</bioguideId>
        <lastName>MALONEY</lastName>
        <middleName>B.</middleName>
      </item>
      <item>
        <identifiers>
          <lisID>1634</lisID>
          <bioguideId>H001034</bioguideId>
          <gpoId>7820</gpoId>
        </identifiers>
        <isOriginalCosponsor>True</isOriginalCosponsor>
        <firstName>MICHAEL</firstName>
        <sponsorshipWithdrawnDate />
        <sponsorshipDate>2015-02-26</sponsorshipDate>
        <party>D</party>
        <district>17</district>
        <fullName>Rep. Honda, Michael M. [D-CA-17]</fullName>
        <state>CA</state>
        <bioguideId>H001034</bioguideId>
        <lastName>HONDA</lastName>
        <middleName>M.</middleName>
      </item>
      <item>
        <identifiers>
          <bioguideId>N000147</bioguideId>
          <gpoId>7871</gpoId>
          <lisID>868</lisID>
        </identifiers>
        <isOriginalCosponsor>True</isOriginalCosponsor>
        <firstName>ELEANOR</firstName>
        <sponsorshipWithdrawnDate />
        <sponsorshipDate>2015-02-26</sponsorshipDate>
        <party>D</party>
        <district>0</district>
        <fullName>Rep. Norton, Eleanor Holmes [D-DC-At Large]</fullName>
        <state>DC</state>
        <bioguideId>N000147</bioguideId>
        <lastName>NORTON</lastName>
        <middleName>HOLMES</middleName>
      </item>
      <item>
        <identifiers>
          <bioguideId>F000454</bioguideId>
          <gpoId>7355</gpoId>
          <lisID>1888</lisID>
        </identifiers>
        <isOriginalCosponsor>True</isOriginalCosponsor>
        <firstName>Bill</firstName>
        <sponsorshipWithdrawnDate />
        <sponsorshipDate>2015-02-26</sponsorshipDate>
        <party>D</party>
        <district>11</district>
        <fullName>Rep. Foster, Bill [D-IL-11]</fullName>
        <state>IL</state>
        <bioguideId>F000454</bioguideId>
        <lastName>Foster</lastName>
        <middleName />
      </item>
      <item>
        <identifiers>
          <gpoId>8017</gpoId>
          <lisID>1931</lisID>
          <bioguideId>L000569</bioguideId>
        </identifiers>
        <isOriginalCosponsor>True</isOriginalCosponsor>
        <firstName>Blaine</firstName>
        <sponsorshipWithdrawnDate />
        <sponsorshipDate>2015-02-26</sponsorshipDate>
        <party>R</party>
        <district>3</district>
        <fullName>Rep. Luetkemeyer, Blaine [R-MO-3]</fullName>
        <state>MO</state>
        <bioguideId>L000569</bioguideId>
        <lastName>Luetkemeyer</lastName>
        <middleName />
      </item>
      <item>
        <identifiers>
          <bioguideId>M001137</bioguideId>
          <lisID>1506</lisID>
          <gpoId>8067</gpoId>
        </identifiers>
        <isOriginalCosponsor>True</isOriginalCosponsor>
        <firstName>GREGORY</firstName>
        <sponsorshipWithdrawnDate />
        <sponsorshipDate>2015-02-26</sponsorshipDate>
        <party>D</party>
        <district>5</district>
        <fullName>Rep. Meeks, Gregory W. [D-NY-5]</fullName>
        <state>NY</state>
        <bioguideId>M001137</bioguideId>
        <lastName>MEEKS</lastName>
        <middleName>W.</middleName>
      </item>
      <item>
        <identifiers>
          <lisID>186</lisID>
          <gpoId>8091</gpoId>
          <bioguideId>C000266</bioguideId>
        </identifiers>
        <isOriginalCosponsor>True</isOriginalCosponsor>
        <firstName>STEVE</firstName>
        <sponsorshipWithdrawnDate />
        <sponsorshipDate>2015-02-26</sponsorshipDate>
        <party>R</party>
        <district>1</district>
        <fullName>Rep. Chabot, Steve [R-OH-1]</fullName>
        <state>OH</state>
        <bioguideId>C000266</bioguideId>
        <lastName>CHABOT</lastName>
        <middleName />
      </item>
      <item>
        <identifiers>
          <lisID>1742</lisID>
          <bioguideId>C001053</bioguideId>
          <gpoId>8112</gpoId>
        </identifiers>
        <isOriginalCosponsor>True</isOriginalCosponsor>
        <firstName>Tom</firstName>
        <sponsorshipWithdrawnDate />
        <sponsorshipDate>2015-02-26</sponsorshipDate>
        <party>R</party>
        <district>4</district>
        <fullName>Rep. Cole, Tom [R-OK-4]</fullName>
        <state>OK</state>
        <bioguideId>C001053</bioguideId>
        <lastName>Cole</lastName>
        <middleName />
      </item>
      <item>
        <identifiers>
          <gpoId>8192</gpoId>
          <lisID>1886</lisID>
          <bioguideId>W000804</bioguideId>
        </identifiers>
        <isOriginalCosponsor>True</isOriginalCosponsor>
        <firstName>Robert</firstName>
        <sponsorshipWithdrawnDate />
        <sponsorshipDate>2015-02-26</sponsorshipDate>
        <party>R</party>
        <district>1</district>
        <fullName>Rep. Wittman, Robert J. [R-VA-1]</fullName>
        <state>VA</state>
        <bioguideId>W000804</bioguideId>
        <lastName>Wittman</lastName>
        <middleName>J.</middleName>
      </item>
      <item>
        <identifiers>
          <gpoId>8217</gpoId>
          <lisID>1811</lisID>
          <bioguideId>M001160</bioguideId>
        </identifiers>
        <isOriginalCosponsor>True</isOriginalCosponsor>
        <firstName>Gwen</firstName>
        <sponsorshipWithdrawnDate />
        <sponsorshipDate>2015-02-26</sponsorshipDate>
        <party>D</party>
        <district>4</district>
        <fullName>Rep. Moore, Gwen [D-WI-4]</fullName>
        <state>WI</state>
        <bioguideId>M001160</bioguideId>
        <lastName>Moore</lastName>
        <middleName />
      </item>
      <item>
        <identifiers>
          <bioguideId>G000551</bioguideId>
          <gpoId>7804</gpoId>
          <lisID>1708</lisID>
        </identifiers>
        <isOriginalCosponsor>True</isOriginalCosponsor>
        <firstName>Raul</firstName>
        <sponsorshipWithdrawnDate />
        <sponsorshipDate>2015-02-26</sponsorshipDate>
        <party>D</party>
        <district>3</district>
        <fullName>Rep. Grijalva, Raul M. [D-AZ-3]</fullName>
        <state>AZ</state>
        <bioguideId>G000551</bioguideId>
        <lastName>Grijalva</lastName>
        <middleName>M.</middleName>
      </item>
      <item>
        <identifiers>
          <bioguideId>L000578</bioguideId>
          <gpoId />
          <lisID>2100</lisID>
        </identifiers>
        <isOriginalCosponsor>True</isOriginalCosponsor>
        <firstName>Doug</firstName>
        <sponsorshipWithdrawnDate />
        <sponsorshipDate>2015-02-26</sponsorshipDate>
        <party>R</party>
        <district>1</district>
        <fullName>Rep. LaMalfa, Doug [R-CA-1]</fullName>
        <state>CA</state>
        <bioguideId>L000578</bioguideId>
        <lastName>LaMalfa</lastName>
        <middleName />
      </item>
      <item>
        <identifiers>
          <lisID>588</lisID>
          <bioguideId>J000032</bioguideId>
          <gpoId>8174</gpoId>
        </identifiers>
        <isOriginalCosponsor>True</isOriginalCosponsor>
        <firstName>SHEILA</firstName>
        <sponsorshipWithdrawnDate />
        <sponsorshipDate>2015-02-26</sponsorshipDate>
        <party>D</party>
        <district>18</district>
        <fullName>Rep. Jackson Lee, Sheila [D-TX-18]</fullName>
        <state>TX</state>
        <bioguideId>J000032</bioguideId>
        <lastName>JACKSON LEE</lastName>
        <middleName />
      </item>
      <item>
        <identifiers>
          <bioguideId>K000381</bioguideId>
          <lisID>2169</lisID>
          <gpoId />
        </identifiers>
        <isOriginalCosponsor>True</isOriginalCosponsor>
        <firstName>Derek</firstName>
        <sponsorshipWithdrawnDate />
        <sponsorshipDate>2015-02-26</sponsorshipDate>
        <party>D</party>
        <district>6</district>
        <fullName>Rep. Kilmer, Derek [D-WA-6]</fullName>
        <state>WA</state>
        <bioguideId>K000381</bioguideId>
        <lastName>Kilmer</lastName>
        <middleName />
      </item>
      <item>
        <identifiers>
          <lisID>1936</lisID>
          <gpoId>8049</gpoId>
          <bioguideId>L000567</bioguideId>
        </identifiers>
        <isOriginalCosponsor>True</isOriginalCosponsor>
        <firstName>Leonard</firstName>
        <sponsorshipWithdrawnDate />
        <sponsorshipDate>2015-02-26</sponsorshipDate>
        <party>R</party>
        <district>7</district>
        <fullName>Rep. Lance, Leonard [R-NJ-7]</fullName>
        <state>NJ</state>
        <bioguideId>L000567</bioguideId>
        <lastName>Lance</lastName>
        <middleName />
      </item>
      <item>
        <identifiers>
          <lisID>2199</lisID>
          <bioguideId>J000296</bioguideId>
          <gpoId />
        </identifiers>
        <isOriginalCosponsor>True</isOriginalCosponsor>
        <firstName>David</firstName>
        <sponsorshipWithdrawnDate />
        <sponsorshipDate>2015-02-26</sponsorshipDate>
        <party>R</party>
        <district>13</district>
        <fullName>Rep. Jolly, David [R-FL-13]</fullName>
        <state>FL</state>
        <bioguideId>J000296</bioguideId>
        <lastName>Jolly</lastName>
        <middleName>W.</middleName>
      </item>
      <item>
        <identifiers>
          <gpoId />
          <lisID>2146</lisID>
          <bioguideId>L000580</bioguideId>
        </identifiers>
        <isOriginalCosponsor>True</isOriginalCosponsor>
        <firstName>Michelle</firstName>
        <sponsorshipWithdrawnDate />
        <sponsorshipDate>2015-02-26</sponsorshipDate>
        <party>D</party>
        <district>1</district>
        <fullName>Rep. Lujan Grisham, Michelle [D-NM-1]</fullName>
        <state>NM</state>
        <bioguideId>L000580</bioguideId>
        <lastName>Lujan Grisham</lastName>
        <middleName />
      </item>
      <item>
        <identifiers>
          <lisID>2096</lisID>
          <bioguideId>D000617</bioguideId>
          <gpoId>8374</gpoId>
        </identifiers>
        <isOriginalCosponsor>True</isOriginalCosponsor>
        <firstName>Suzan</firstName>
        <sponsorshipWithdrawnDate />
        <sponsorshipDate>2015-02-26</sponsorshipDate>
        <party>D</party>
        <district>1</district>
        <fullName>Rep. DelBene, Suzan K. [D-WA-1]</fullName>
        <state>WA</state>
        <bioguideId>D000617</bioguideId>
        <lastName>DelBene</lastName>
        <middleName>K.</middleName>
      </item>
      <item>
        <identifiers>
          <bioguideId>P000607</bioguideId>
          <lisID>2171</lisID>
          <gpoId />
        </identifiers>
        <isOriginalCosponsor>True</isOriginalCosponsor>
        <firstName>Mark</firstName>
        <sponsorshipWithdrawnDate />
        <sponsorshipDate>2015-02-26</sponsorshipDate>
        <party>D</party>
        <district>2</district>
        <fullName>Rep. Pocan, Mark [D-WI-2]</fullName>
        <state>WI</state>
        <bioguideId>P000607</bioguideId>
        <lastName>Pocan</lastName>
        <middleName />
      </item>
      <item>
        <identifiers>
          <lisID>91</lisID>
          <bioguideId>B000490</bioguideId>
          <gpoId>7899</gpoId>
        </identifiers>
        <isOriginalCosponsor>True</isOriginalCosponsor>
        <firstName>SANFORD</firstName>
        <sponsorshipWithdrawnDate />
        <sponsorshipDate>2015-02-26</sponsorshipDate>
        <party>D</party>
        <district>2</district>
        <fullName>Rep. Bishop, Sanford D., Jr. [D-GA-2]</fullName>
        <state>GA</state>
        <bioguideId>B000490</bioguideId>
        <lastName>BISHOP</lastName>
        <middleName>D.</middleName>
      </item>
      <item>
        <identifiers>
          <lisID>709</lisID>
          <gpoId>8079</gpoId>
          <bioguideId>L000480</bioguideId>
        </identifiers>
        <isOriginalCosponsor>True</isOriginalCosponsor>
        <firstName>NITA</firstName>
        <sponsorshipWithdrawnDate />
        <sponsorshipDate>2015-02-26</sponsorshipDate>
        <party>D</party>
        <district>17</district>
        <fullName>Rep. Lowey, Nita M. [D-NY-17]</fullName>
        <state>NY</state>
        <bioguideId>L000480</bioguideId>
        <lastName>LOWEY</lastName>
        <middleName>M.</middleName>
      </item>
      <item>
        <identifiers>
          <gpoId />
          <lisID>2228</lisID>
          <bioguideId>K000387</bioguideId>
        </identifiers>
        <isOriginalCosponsor>True</isOriginalCosponsor>
        <firstName>Stephen</firstName>
        <sponsorshipWithdrawnDate />
        <sponsorshipDate>2015-02-26</sponsorshipDate>
        <party>R</party>
        <district>25</district>
        <fullName>Rep. Knight, Stephen [R-CA-25]</fullName>
        <state>CA</state>
        <bioguideId>K000387</bioguideId>
        <lastName>Knight</lastName>
        <middleName />
      </item>
      <item>
        <identifiers>
          <gpoId />
          <lisID>2103</lisID>
          <bioguideId>C001094</bioguideId>
        </identifiers>
        <isOriginalCosponsor>True</isOriginalCosponsor>
        <firstName>Paul</firstName>
        <sponsorshipWithdrawnDate />
        <sponsorshipDate>2015-02-26</sponsorshipDate>
        <party>R</party>
        <district>8</district>
        <fullName>Rep. Cook, Paul [R-CA-8]</fullName>
        <state>CA</state>
        <bioguideId>C001094</bioguideId>
        <lastName>Cook</lastName>
        <middleName />
      </item>
      <item>
        <identifiers>
          <lisID>511</lisID>
          <gpoId>7895</gpoId>
          <bioguideId>H000324</bioguideId>
        </identifiers>
        <isOriginalCosponsor>True</isOriginalCosponsor>
        <firstName>ALCEE</firstName>
        <sponsorshipWithdrawnDate />
        <sponsorshipDate>2015-02-26</sponsorshipDate>
        <party>D</party>
        <district>20</district>
        <fullName>Rep. Hastings, Alcee L. [D-FL-20]</fullName>
        <state>FL</state>
        <bioguideId>H000324</bioguideId>
        <lastName>HASTINGS</lastName>
        <middleName>L.</middleName>
      </item>
      <item>
        <identifiers>
          <gpoId>7875</gpoId>
          <lisID>132</lisID>
          <bioguideId>B000911</bioguideId>
        </identifiers>
        <isOriginalCosponsor>True</isOriginalCosponsor>
        <firstName>CORRINE</firstName>
        <sponsorshipWithdrawnDate />
        <sponsorshipDate>2015-02-26</sponsorshipDate>
        <party>D</party>
        <district>5</district>
        <fullName>Rep. Brown, Corrine [D-FL-5]</fullName>
        <state>FL</state>
        <bioguideId>B000911</bioguideId>
        <lastName>BROWN</lastName>
        <middleName />
      </item>
      <item>
        <identifiers>
          <lisID>1686</lisID>
          <bioguideId>L000562</bioguideId>
          <gpoId>7974</gpoId>
        </identifiers>
        <isOriginalCosponsor>True</isOriginalCosponsor>
        <firstName>Stephen</firstName>
        <sponsorshipWithdrawnDate />
        <sponsorshipDate>2015-02-26</sponsorshipDate>
        <party>D</party>
        <district>8</district>
        <fullName>Rep. Lynch, Stephen F. [D-MA-8]</fullName>
        <state>MA</state>
        <bioguideId>L000562</bioguideId>
        <lastName>Lynch</lastName>
        <middleName>F.</middleName>
      </item>
      <item>
        <identifiers>
          <bioguideId>P000604</bioguideId>
          <lisID>2097</lisID>
          <gpoId>8373</gpoId>
        </identifiers>
        <isOriginalCosponsor>True</isOriginalCosponsor>
        <firstName>Donald</firstName>
        <sponsorshipWithdrawnDate />
        <sponsorshipDate>2015-02-26</sponsorshipDate>
        <party>D</party>
        <district>10</district>
        <fullName>Rep. Payne, Donald M., Jr. [D-NJ-10]</fullName>
        <state>NJ</state>
        <bioguideId>P000604</bioguideId>
        <lastName>Payne</lastName>
        <middleName>M.</middleName>
      </item>
      <item>
        <identifiers>
          <bioguideId>G000564</bioguideId>
          <gpoId>8081</gpoId>
          <lisID>2043</lisID>
        </identifiers>
        <isOriginalCosponsor>True</isOriginalCosponsor>
        <firstName>Christopher</firstName>
        <sponsorshipWithdrawnDate />
        <sponsorshipDate>2015-02-26</sponsorshipDate>
        <party>R</party>
        <district>19</district>
        <fullName>Rep. Gibson, Christopher P. [R-NY-19]</fullName>
        <state>NY</state>
        <bioguideId>G000564</bioguideId>
        <lastName>Gibson</lastName>
        <middleName>P.</middleName>
      </item>
      <item>
        <identifiers>
          <bioguideId>B001250</bioguideId>
          <lisID>1753</lisID>
          <gpoId>8189</gpoId>
        </identifiers>
        <isOriginalCosponsor>True</isOriginalCosponsor>
        <firstName>Rob</firstName>
        <sponsorshipWithdrawnDate />
        <sponsorshipDate>2015-02-26</sponsorshipDate>
        <party>R</party>
        <district>1</district>
        <fullName>Rep. Bishop, Rob [R-UT-1]</fullName>
        <state>UT</state>
        <bioguideId>B001250</bioguideId>
        <lastName>Bishop</lastName>
        <middleName />
      </item>
      <item>
        <identifiers>
          <bioguideId>S001168</bioguideId>
          <lisID>1854</lisID>
          <gpoId>7978</gpoId>
        </identifiers>
        <isOriginalCosponsor>True</isOriginalCosponsor>
        <firstName>John</firstName>
        <sponsorshipWithdrawnDate />
        <sponsorshipDate>2015-02-26</sponsorshipDate>
        <party>D</party>
        <district>3</district>
        <fullName>Rep. Sarbanes, John P. [D-MD-3]</fullName>
        <state>MD</state>
        <bioguideId>S001168</bioguideId>
        <lastName>Sarbanes</lastName>
        <middleName>P.</middleName>
      </item>
      <item>
        <identifiers>
          <bioguideId>S000250</bioguideId>
          <gpoId>8188</gpoId>
          <lisID>1525</lisID>
        </identifiers>
        <isOriginalCosponsor>True</isOriginalCosponsor>
        <firstName>PETE</firstName>
        <sponsorshipWithdrawnDate />
        <sponsorshipDate>2015-02-26</sponsorshipDate>
        <party>R</party>
        <district>32</district>
        <fullName>Rep. Sessions, Pete [R-TX-32]</fullName>
        <state>TX</state>
        <bioguideId>S000250</bioguideId>
        <lastName>SESSIONS</lastName>
        <middleName />
      </item>
      <item>
        <identifiers>
          <lisID>1471</lisID>
          <gpoId>7828</gpoId>
          <bioguideId>C001036</bioguideId>
        </identifiers>
        <isOriginalCosponsor>True</isOriginalCosponsor>
        <firstName>LOIS</firstName>
        <sponsorshipWithdrawnDate />
        <sponsorshipDate>2015-02-26</sponsorshipDate>
        <party>D</party>
        <district>24</district>
        <fullName>Rep. Capps, Lois [D-CA-24]</fullName>
        <state>CA</state>
        <bioguideId>C001036</bioguideId>
        <lastName>CAPPS</lastName>
        <middleName />
      </item>
      <item>
        <identifiers>
          <gpoId>7790</gpoId>
          <lisID>1987</lisID>
          <bioguideId>B001274</bioguideId>
        </identifiers>
        <isOriginalCosponsor>True</isOriginalCosponsor>
        <firstName>Mo</firstName>
        <sponsorshipWithdrawnDate />
        <sponsorshipDate>2015-02-26</sponsorshipDate>
        <party>R</party>
        <district>5</district>
        <fullName>Rep. Brooks, Mo [R-AL-5]</fullName>
        <state>AL</state>
        <bioguideId>B001274</bioguideId>
        <lastName>Brooks</lastName>
        <middleName />
      </item>
      <item>
        <identifiers>
          <bioguideId>B001286</bioguideId>
          <lisID>2127</lisID>
          <gpoId />
        </identifiers>
        <isOriginalCosponsor>True</isOriginalCosponsor>
        <firstName>Cheri</firstName>
        <sponsorshipWithdrawnDate />
        <sponsorshipDate>2015-02-26</sponsorshipDate>
        <party>D</party>
        <district>17</district>
        <fullName>Rep. Bustos, Cheri [D-IL-17]</fullName>
        <state>IL</state>
        <bioguideId>B001286</bioguideId>
        <lastName>Bustos</lastName>
        <middleName />
      </item>
      <item>
        <identifiers>
          <lisID>616</lisID>
          <bioguideId>K000009</bioguideId>
          <gpoId>8099</gpoId>
        </identifiers>
        <isOriginalCosponsor>True</isOriginalCosponsor>
        <firstName>MARCY</firstName>
        <sponsorshipWithdrawnDate />
        <sponsorshipDate>2015-02-26</sponsorshipDate>
        <party>D</party>
        <district>9</district>
        <fullName>Rep. Kaptur, Marcy [D-OH-9]</fullName>
        <state>OH</state>
        <bioguideId>K000009</bioguideId>
        <lastName>KAPTUR</lastName>
        <middleName />
      </item>
      <item>
        <identifiers>
          <lisID>1003</lisID>
          <bioguideId>R000515</bioguideId>
          <gpoId>7921</gpoId>
        </identifiers>
        <isOriginalCosponsor>True</isOriginalCosponsor>
        <firstName>BOBBY</firstName>
        <sponsorshipWithdrawnDate />
        <sponsorshipDate>2015-02-26</sponsorshipDate>
        <party>D</party>
        <district>1</district>
        <fullName>Rep. Rush, Bobby L. [D-IL-1]</fullName>
        <state>IL</state>
        <bioguideId>R000515</bioguideId>
        <lastName>RUSH</lastName>
        <middleName>L.</middleName>
      </item>
      <item>
        <identifiers>
          <lisID>1683</lisID>
          <gpoId>8786</gpoId>
          <bioguideId>F000445</bioguideId>
        </identifiers>
        <isOriginalCosponsor>True</isOriginalCosponsor>
        <firstName>J.</firstName>
        <sponsorshipWithdrawnDate />
        <sponsorshipDate>2015-02-26</sponsorshipDate>
        <party>R</party>
        <district>4</district>
        <fullName>Rep. Forbes, J. Randy [R-VA-4]</fullName>
        <state>VA</state>
        <bioguideId>F000445</bioguideId>
        <lastName>Forbes</lastName>
        <middleName>Randy</middleName>
      </item>
      <item>
        <identifiers>
          <lisID>2272</lisID>
          <bioguideId>B001292</bioguideId>
          <gpoId />
        </identifiers>
        <isOriginalCosponsor>True</isOriginalCosponsor>
        <firstName>Donald</firstName>
        <sponsorshipWithdrawnDate />
        <sponsorshipDate>2015-02-26</sponsorshipDate>
        <party>D</party>
        <district>8</district>
        <fullName>Rep. Beyer, Donald S., Jr. [D-VA-8]</fullName>
        <state>VA</state>
        <bioguideId>B001292</bioguideId>
        <lastName>Beyer</lastName>
        <middleName>S.</middleName>
      </item>
      <item>
        <identifiers>
          <gpoId>8156</gpoId>
          <lisID>1878</lisID>
          <bioguideId>C001068</bioguideId>
        </identifiers>
        <isOriginalCosponsor>True</isOriginalCosponsor>
        <firstName>Steve</firstName>
        <sponsorshipWithdrawnDate />
        <sponsorshipDate>2015-02-26</sponsorshipDate>
        <party>D</party>
        <district>9</district>
        <fullName>Rep. Cohen, Steve [D-TN-9]</fullName>
        <state>TN</state>
        <bioguideId>C001068</bioguideId>
        <lastName>Cohen</lastName>
        <middleName />
      </item>
      <item>
        <identifiers>
          <bioguideId>V000131</bioguideId>
          <lisID>2166</lisID>
          <gpoId />
        </identifiers>
        <isOriginalCosponsor>True</isOriginalCosponsor>
        <firstName>Marc</firstName>
        <sponsorshipWithdrawnDate />
        <sponsorshipDate>2015-02-26</sponsorshipDate>
        <party>D</party>
        <district>33</district>
        <fullName>Rep. Veasey, Marc A. [D-TX-33]</fullName>
        <state>TX</state>
        <bioguideId>V000131</bioguideId>
        <lastName>Veasey</lastName>
        <middleName>A.</middleName>
      </item>
      <item>
        <identifiers>
          <gpoId>7822</gpoId>
          <lisID>368</lisID>
          <bioguideId>F000030</bioguideId>
        </identifiers>
        <isOriginalCosponsor>True</isOriginalCosponsor>
        <firstName>SAM</firstName>
        <sponsorshipWithdrawnDate />
        <sponsorshipDate>2015-02-26</sponsorshipDate>
        <party>D</party>
        <district>20</district>
        <fullName>Rep. Farr, Sam [D-CA-20]</fullName>
        <state>CA</state>
        <bioguideId>F000030</bioguideId>
        <lastName>FARR</lastName>
        <middleName />
      </item>
      <item>
        <identifiers>
          <lisID>1781</lisID>
          <gpoId>7923</gpoId>
          <bioguideId>L000563</bioguideId>
        </identifiers>
        <isOriginalCosponsor>True</isOriginalCosponsor>
        <firstName>Daniel</firstName>
        <sponsorshipWithdrawnDate />
        <sponsorshipDate>2015-02-26</sponsorshipDate>
        <party>D</party>
        <district>3</district>
        <fullName>Rep. Lipinski, Daniel [D-IL-3]</fullName>
        <state>IL</state>
        <bioguideId>L000563</bioguideId>
        <lastName>Lipinski</lastName>
        <middleName>William</middleName>
      </item>
      <item>
        <identifiers>
          <lisID>2110</lisID>
          <gpoId />
          <bioguideId>T000472</bioguideId>
        </identifiers>
        <isOriginalCosponsor>True</isOriginalCosponsor>
        <firstName>Mark</firstName>
        <sponsorshipWithdrawnDate />
        <sponsorshipDate>2015-02-26</sponsorshipDate>
        <party>D</party>
        <district>41</district>
        <fullName>Rep. Takano, Mark [D-CA-41]</fullName>
        <state>CA</state>
        <bioguideId>T000472</bioguideId>
        <lastName>Takano</lastName>
        <middleName />
      </item>
      <item>
        <identifiers>
          <bioguideId>C001069</bioguideId>
          <gpoId>7867</gpoId>
          <lisID>1836</lisID>
        </identifiers>
        <isOriginalCosponsor>True</isOriginalCosponsor>
        <firstName>Joe</firstName>
        <sponsorshipWithdrawnDate />
        <sponsorshipDate>2015-02-26</sponsorshipDate>
        <party>D</party>
        <district>2</district>
        <fullName>Rep. Courtney, Joe [D-CT-2]</fullName>
        <state>CT</state>
        <bioguideId>C001069</bioguideId>
        <lastName>Courtney</lastName>
        <middleName />
      </item>
      <item>
        <identifiers>
          <gpoId />
          <lisID>2119</lisID>
          <bioguideId>F000462</bioguideId>
        </identifiers>
        <isOriginalCosponsor>True</isOriginalCosponsor>
        <firstName>Lois</firstName>
        <sponsorshipWithdrawnDate />
        <sponsorshipDate>2015-02-26</sponsorshipDate>
        <party>D</party>
        <district>22</district>
        <fullName>Rep. Frankel, Lois [D-FL-22]</fullName>
        <state>FL</state>
        <bioguideId>F000462</bioguideId>
        <lastName>Frankel</lastName>
        <middleName />
      </item>
      <item>
        <identifiers>
          <bioguideId>M000312</bioguideId>
          <gpoId>7968</gpoId>
          <lisID>1504</lisID>
        </identifiers>
        <isOriginalCosponsor>True</isOriginalCosponsor>
        <firstName>JAMES</firstName>
        <sponsorshipWithdrawnDate />
        <sponsorshipDate>2015-02-26</sponsorshipDate>
        <party>D</party>
        <district>2</district>
        <fullName>Rep. McGovern, James P. [D-MA-2]</fullName>
        <state>MA</state>
        <bioguideId>M000312</bioguideId>
        <lastName>MCGOVERN</lastName>
        <middleName>P.</middleName>
      </item>
      <item>
        <identifiers>
          <gpoId>8005</gpoId>
          <lisID>1857</lisID>
          <bioguideId>E000288</bioguideId>
        </identifiers>
        <isOriginalCosponsor>True</isOriginalCosponsor>
        <firstName>Keith</firstName>
        <sponsorshipWithdrawnDate />
        <sponsorshipDate>2015-02-26</sponsorshipDate>
        <party>D</party>
        <district>5</district>
        <fullName>Rep. Ellison, Keith [D-MN-5]</fullName>
        <state>MN</state>
        <bioguideId>E000288</bioguideId>
        <lastName>Ellison</lastName>
        <middleName />
      </item>
      <item>
        <identifiers>
          <bioguideId>T000468</bioguideId>
          <gpoId>7493</gpoId>
          <lisID>1940</lisID>
        </identifiers>
        <isOriginalCosponsor>True</isOriginalCosponsor>
        <firstName>Dina</firstName>
        <sponsorshipWithdrawnDate />
        <sponsorshipDate>2015-02-26</sponsorshipDate>
        <party>D</party>
        <district>1</district>
        <fullName>Rep. Titus, Dina [D-NV-1]</fullName>
        <state>NV</state>
        <bioguideId>T000468</bioguideId>
        <lastName>Titus</lastName>
        <middleName />
      </item>
      <item>
        <identifiers>
          <lisID>2044</lisID>
          <gpoId>8085</gpoId>
          <bioguideId>H001051</bioguideId>
        </identifiers>
        <isOriginalCosponsor>True</isOriginalCosponsor>
        <firstName>Richard</firstName>
        <sponsorshipWithdrawnDate />
        <sponsorshipDate>2015-02-26</sponsorshipDate>
        <party>R</party>
        <district>22</district>
        <fullName>Rep. Hanna, Richard L. [R-NY-22]</fullName>
        <state>NY</state>
        <bioguideId>H001051</bioguideId>
        <lastName>Hanna</lastName>
        <middleName>L.</middleName>
      </item>
      <item>
        <identifiers>
          <bioguideId>C001091</bioguideId>
          <gpoId />
          <lisID>2163</lisID>
        </identifiers>
        <isOriginalCosponsor>True</isOriginalCosponsor>
        <firstName>Joaquin</firstName>
        <sponsorshipWithdrawnDate />
        <sponsorshipDate>2015-02-26</sponsorshipDate>
        <party>D</party>
        <district>20</district>
        <fullName>Rep. Castro, Joaquin [D-TX-20]</fullName>
        <state>TX</state>
        <bioguideId>C001091</bioguideId>
        <lastName>Castro</lastName>
        <middleName />
      </item>
      <item>
        <identifiers>
          <lisID>1037</lisID>
          <bioguideId>S000185</bioguideId>
          <gpoId>8194</gpoId>
        </identifiers>
        <isOriginalCosponsor>True</isOriginalCosponsor>
        <firstName>Robert</firstName>
        <sponsorshipWithdrawnDate />
        <sponsorshipDate>2015-02-26</sponsorshipDate>
        <party>D</party>
        <district>3</district>
        <fullName>Rep. Scott, Robert C. "Bobby" [D-VA-3]</fullName>
        <state>VA</state>
        <bioguideId>S000185</bioguideId>
        <lastName>Scott</lastName>
        <middleName>C. "Bobby"</middleName>
      </item>
      <item>
        <identifiers>
          <bioguideId>T000473</bioguideId>
          <gpoId />
          <lisID>2240</lisID>
        </identifiers>
        <isOriginalCosponsor>True</isOriginalCosponsor>
        <firstName>Mark</firstName>
        <sponsorshipWithdrawnDate />
        <sponsorshipDate>2015-02-26</sponsorshipDate>
        <party>D</party>
        <district>1</district>
        <fullName>Rep. Takai, Mark [D-HI-1]</fullName>
        <state>HI</state>
        <bioguideId>T000473</bioguideId>
        <lastName>Takai</lastName>
        <middleName />
      </item>
      <item>
        <identifiers>
          <bioguideId>H001060</bioguideId>
          <gpoId>8196</gpoId>
          <lisID>2069</lisID>
        </identifiers>
        <isOriginalCosponsor>True</isOriginalCosponsor>
        <firstName>Robert</firstName>
        <sponsorshipWithdrawnDate />
        <sponsorshipDate>2015-02-26</sponsorshipDate>
        <party>R</party>
        <district>5</district>
        <fullName>Rep. Hurt, Robert [R-VA-5]</fullName>
        <state>VA</state>
        <bioguideId>H001060</bioguideId>
        <lastName>Hurt</lastName>
        <middleName />
      </item>
      <item>
        <identifiers>
          <bioguideId>J000295</bioguideId>
          <gpoId />
          <lisID>2154</lisID>
        </identifiers>
        <isOriginalCosponsor>True</isOriginalCosponsor>
        <firstName>David</firstName>
        <sponsorshipWithdrawnDate />
        <sponsorshipDate>2015-02-26</sponsorshipDate>
        <party>R</party>
        <district>14</district>
        <fullName>Rep. Joyce, David P. [R-OH-14]</fullName>
        <state>OH</state>
        <bioguideId>J000295</bioguideId>
        <lastName>Joyce</lastName>
        <middleName>P.</middleName>
      </item>
      <item>
        <identifiers>
          <bioguideId>M001185</bioguideId>
          <lisID>2150</lisID>
          <gpoId />
        </identifiers>
        <isOriginalCosponsor>True</isOriginalCosponsor>
        <firstName>Sean</firstName>
        <sponsorshipWithdrawnDate />
        <sponsorshipDate>2015-02-26</sponsorshipDate>
        <party>D</party>
        <district>18</district>
        <fullName>Rep. Maloney, Sean Patrick [D-NY-18]</fullName>
        <state>NY</state>
        <bioguideId>M001185</bioguideId>
        <lastName>Maloney</lastName>
        <middleName>Patrick</middleName>
      </item>
      <item>
        <identifiers>
          <lisID>2160</lisID>
          <gpoId />
          <bioguideId>R000597</bioguideId>
        </identifiers>
        <isOriginalCosponsor>True</isOriginalCosponsor>
        <firstName>Tom</firstName>
        <sponsorshipWithdrawnDate />
        <sponsorshipDate>2015-02-26</sponsorshipDate>
        <party>R</party>
        <district>7</district>
        <fullName>Rep. Rice, Tom [R-SC-7]</fullName>
        <state>SC</state>
        <bioguideId>R000597</bioguideId>
        <lastName>Rice</lastName>
        <middleName />
      </item>
      <item>
        <identifiers>
          <bioguideId>P000523</bioguideId>
          <gpoId>8027</gpoId>
          <lisID>930</lisID>
        </identifiers>
        <isOriginalCosponsor>True</isOriginalCosponsor>
        <firstName>DAVID</firstName>
        <sponsorshipWithdrawnDate />
        <sponsorshipDate>2015-02-26</sponsorshipDate>
        <party>D</party>
        <district>4</district>
        <fullName>Rep. Price, David E. [D-NC-4]</fullName>
        <state>NC</state>
        <bioguideId>P000523</bioguideId>
        <lastName>PRICE</lastName>
        <middleName>E.</middleName>
      </item>
      <item>
        <identifiers>
          <bioguideId>I000057</bioguideId>
          <gpoId>8063</gpoId>
          <lisID>1663</lisID>
        </identifiers>
        <isOriginalCosponsor>True</isOriginalCosponsor>
        <firstName>STEVE</firstName>
        <sponsorshipWithdrawnDate />
        <sponsorshipDate>2015-02-26</sponsorshipDate>
        <party>D</party>
        <district>3</district>
        <fullName>Rep. Israel, Steve [D-NY-3]</fullName>
        <state>NY</state>
        <bioguideId>I000057</bioguideId>
        <lastName>ISRAEL</lastName>
        <middleName />
      </item>
      <item>
        <identifiers>
          <lisID>1959</lisID>
          <bioguideId>C001078</bioguideId>
          <gpoId>8202</gpoId>
        </identifiers>
        <isOriginalCosponsor>True</isOriginalCosponsor>
        <firstName>Gerald</firstName>
        <sponsorshipWithdrawnDate />
        <sponsorshipDate>2015-02-26</sponsorshipDate>
        <party>D</party>
        <district>11</district>
        <fullName>Rep. Connolly, Gerald E. [D-VA-11]</fullName>
        <state>VA</state>
        <bioguideId>C001078</bioguideId>
        <lastName>Connolly</lastName>
        <middleName>E.</middleName>
      </item>
      <item>
        <identifiers>
          <bioguideId>G000571</bioguideId>
          <lisID>2122</lisID>
          <gpoId />
        </identifiers>
        <isOriginalCosponsor>True</isOriginalCosponsor>
        <firstName>Tulsi</firstName>
        <sponsorshipWithdrawnDate />
        <sponsorshipDate>2015-02-26</sponsorshipDate>
        <party>D</party>
        <district>2</district>
        <fullName>Rep. Gabbard, Tulsi [D-HI-2]</fullName>
        <state>HI</state>
        <bioguideId>G000571</bioguideId>
        <lastName>Gabbard</lastName>
        <middleName />
      </item>
      <item>
        <identifiers>
          <gpoId>7975</gpoId>
          <lisID>2025</lisID>
          <bioguideId>K000375</bioguideId>
        </identifiers>
        <isOriginalCosponsor>True</isOriginalCosponsor>
        <firstName>William</firstName>
        <sponsorshipWithdrawnDate />
        <sponsorshipDate>2015-02-26</sponsorshipDate>
        <party>D</party>
        <district>9</district>
        <fullName>Rep. Keating, William R. [D-MA-9]</fullName>
        <state>MA</state>
        <bioguideId>K000375</bioguideId>
        <lastName>Keating</lastName>
        <middleName>R.</middleName>
      </item>
      <item>
        <identifiers>
          <bioguideId>J000292</bioguideId>
          <lisID>2046</lisID>
          <gpoId>8096</gpoId>
        </identifiers>
        <isOriginalCosponsor>True</isOriginalCosponsor>
        <firstName>Bill</firstName>
        <sponsorshipWithdrawnDate />
        <sponsorshipDate>2015-02-26</sponsorshipDate>
        <party>R</party>
        <district>6</district>
        <fullName>Rep. Johnson, Bill [R-OH-6]</fullName>
        <state>OH</state>
        <bioguideId>J000292</bioguideId>
        <lastName>Johnson</lastName>
        <middleName />
      </item>
      <item>
        <identifiers>
          <bioguideId>B001245</bioguideId>
          <lisID>1723</lisID>
          <gpoId>7911</gpoId>
        </identifiers>
        <isOriginalCosponsor>True</isOriginalCosponsor>
        <firstName>Madeleine</firstName>
        <sponsorshipWithdrawnDate />
        <sponsorshipDate>2015-02-26</sponsorshipDate>
        <party>D</party>
        <district>0</district>
        <fullName>Rep. Bordallo, Madeleine Z. [D-GU-At Large]</fullName>
        <state>GU</state>
        <bioguideId>B001245</bioguideId>
        <lastName>Bordallo</lastName>
        <middleName>Z.</middleName>
      </item>
      <item>
        <identifiers>
          <lisID>2099</lisID>
          <gpoId />
          <bioguideId>S001191</bioguideId>
        </identifiers>
        <isOriginalCosponsor>True</isOriginalCosponsor>
        <firstName>Kyrsten</firstName>
        <sponsorshipWithdrawnDate />
        <sponsorshipDate>2015-02-26</sponsorshipDate>
        <party>D</party>
        <district>9</district>
        <fullName>Rep. Sinema, Kyrsten [D-AZ-9]</fullName>
        <state>AZ</state>
        <bioguideId>S001191</bioguideId>
        <lastName>Sinema</lastName>
        <middleName />
      </item>
      <item>
        <identifiers>
          <gpoId>8055</gpoId>
          <lisID>1818</lisID>
          <bioguideId>S001165</bioguideId>
        </identifiers>
        <isOriginalCosponsor>True</isOriginalCosponsor>
        <firstName>Albio</firstName>
        <sponsorshipWithdrawnDate />
        <sponsorshipDate>2015-02-26</sponsorshipDate>
        <party>D</party>
        <district>8</district>
        <fullName>Rep. Sires, Albio [D-NJ-8]</fullName>
        <state>NJ</state>
        <bioguideId>S001165</bioguideId>
        <lastName>Sires</lastName>
        <middleName />
      </item>
      <item>
        <identifiers>
          <lisID>1890</lisID>
          <gpoId>7817</gpoId>
          <bioguideId>S001175</bioguideId>
        </identifiers>
        <isOriginalCosponsor>True</isOriginalCosponsor>
        <firstName>Jackie</firstName>
        <sponsorshipWithdrawnDate />
        <sponsorshipDate>2015-02-26</sponsorshipDate>
        <party>D</party>
        <district>14</district>
        <fullName>Rep. Speier, Jackie [D-CA-14]</fullName>
        <state>CA</state>
        <bioguideId>S001175</bioguideId>
        <lastName>Speier</lastName>
        <middleName />
      </item>
      <item>
        <identifiers>
          <bioguideId>P000599</bioguideId>
          <lisID>1915</lisID>
          <gpoId>7887</gpoId>
        </identifiers>
        <isOriginalCosponsor>True</isOriginalCosponsor>
        <firstName>Bill</firstName>
        <sponsorshipWithdrawnDate />
        <sponsorshipDate>2015-02-26</sponsorshipDate>
        <party>R</party>
        <district>8</district>
        <fullName>Rep. Posey, Bill [R-FL-8]</fullName>
        <state>FL</state>
        <bioguideId>P000599</bioguideId>
        <lastName>Posey</lastName>
        <middleName />
      </item>
      <item>
        <identifiers>
          <lisID>1797</lisID>
          <gpoId>8126</gpoId>
          <bioguideId>F000451</bioguideId>
        </identifiers>
        <isOriginalCosponsor>True</isOriginalCosponsor>
        <firstName>Michael</firstName>
        <sponsorshipWithdrawnDate />
        <sponsorshipDate>2015-02-26</sponsorshipDate>
        <party>R</party>
        <district>8</district>
        <fullName>Rep. Fitzpatrick, Michael G. [R-PA-8]</fullName>
        <state>PA</state>
        <bioguideId>F000451</bioguideId>
        <lastName>Fitzpatrick</lastName>
        <middleName>G.</middleName>
      </item>
      <item>
        <identifiers>
          <bioguideId>M000404</bioguideId>
          <lisID>766</lisID>
          <gpoId>8211</gpoId>
        </identifiers>
        <isOriginalCosponsor>True</isOriginalCosponsor>
        <firstName>JIM</firstName>
        <sponsorshipWithdrawnDate />
        <sponsorshipDate>2015-02-26</sponsorshipDate>
        <party>D</party>
        <district>7</district>
        <fullName>Rep. McDermott, Jim [D-WA-7]</fullName>
        <state>WA</state>
        <bioguideId>M000404</bioguideId>
        <lastName>MCDERMOTT</lastName>
        <middleName />
      </item>
      <item>
        <identifiers>
          <bioguideId>P000588</bioguideId>
          <gpoId>8057</gpoId>
          <lisID>1738</lisID>
        </identifiers>
        <isOriginalCosponsor>True</isOriginalCosponsor>
        <firstName>Stevan</firstName>
        <sponsorshipWithdrawnDate />
        <sponsorshipDate>2015-02-26</sponsorshipDate>
        <party>R</party>
        <district>2</district>
        <fullName>Rep. Pearce, Stevan [R-NM-2]</fullName>
        <state>NM</state>
        <bioguideId>P000588</bioguideId>
        <lastName>Pearce</lastName>
        <middleName />
      </item>
      <item>
        <identifiers>
          <gpoId />
          <lisID>2109</lisID>
          <bioguideId>R000599</bioguideId>
        </identifiers>
        <isOriginalCosponsor>True</isOriginalCosponsor>
        <firstName>Raul</firstName>
        <sponsorshipWithdrawnDate />
        <sponsorshipDate>2015-02-26</sponsorshipDate>
        <party>D</party>
        <district>36</district>
        <fullName>Rep. Ruiz, Raul [D-CA-36]</fullName>
        <state>CA</state>
        <bioguideId>R000599</bioguideId>
        <lastName>Ruiz</lastName>
        <middleName />
      </item>
      <item>
        <identifiers>
          <lisID>2131</lisID>
          <bioguideId>B001282</bioguideId>
          <gpoId />
        </identifiers>
        <isOriginalCosponsor>True</isOriginalCosponsor>
        <firstName>Andy</firstName>
        <sponsorshipWithdrawnDate />
        <sponsorshipDate>2015-02-26</sponsorshipDate>
        <party>R</party>
        <district>6</district>
        <fullName>Rep. Barr, Andy [R-KY-6]</fullName>
        <state>KY</state>
        <bioguideId>B001282</bioguideId>
        <lastName>Barr</lastName>
        <middleName />
      </item>
      <item>
        <identifiers>
          <bioguideId>S001187</bioguideId>
          <lisID>2047</lisID>
          <gpoId>8105</gpoId>
        </identifiers>
        <isOriginalCosponsor>True</isOriginalCosponsor>
        <firstName>Steve</firstName>
        <sponsorshipWithdrawnDate />
        <sponsorshipDate>2015-02-26</sponsorshipDate>
        <party>R</party>
        <district>15</district>
        <fullName>Rep. Stivers, Steve [R-OH-15]</fullName>
        <state>OH</state>
        <bioguideId>S001187</bioguideId>
        <lastName>Stivers</lastName>
        <middleName />
      </item>
      <item>
        <identifiers>
          <gpoId />
          <lisID>2113</lisID>
          <bioguideId>P000608</bioguideId>
        </identifiers>
        <isOriginalCosponsor>False</isOriginalCosponsor>
        <firstName>Scott</firstName>
        <sponsorshipWithdrawnDate />
        <sponsorshipDate>2015-03-16</sponsorshipDate>
        <party>D</party>
        <district>52</district>
        <fullName>Rep. Peters, Scott H. [D-CA-52]</fullName>
        <state>CA</state>
        <bioguideId>P000608</bioguideId>
        <lastName>Peters</lastName>
        <middleName>H.</middleName>
      </item>
      <item>
        <identifiers>
          <lisID>699</lisID>
          <bioguideId>L000554</bioguideId>
          <gpoId>8044</gpoId>
        </identifiers>
        <isOriginalCosponsor>False</isOriginalCosponsor>
        <firstName>FRANK</firstName>
        <sponsorshipWithdrawnDate />
        <sponsorshipDate>2015-04-13</sponsorshipDate>
        <party>R</party>
        <district>2</district>
        <fullName>Rep. LoBiondo, Frank A. [R-NJ-2]</fullName>
        <state>NJ</state>
        <bioguideId>L000554</bioguideId>
        <lastName>LOBIONDO</lastName>
        <middleName>A.</middleName>
      </item>
      <item>
        <identifiers>
          <gpoId>7873</gpoId>
          <lisID>1685</lisID>
          <bioguideId>M001144</bioguideId>
        </identifiers>
        <isOriginalCosponsor>False</isOriginalCosponsor>
        <firstName>Jeff</firstName>
        <sponsorshipWithdrawnDate />
        <sponsorshipDate>2015-05-13</sponsorshipDate>
        <party>R</party>
        <district>1</district>
        <fullName>Rep. Miller, Jeff [R-FL-1]</fullName>
        <state>FL</state>
        <bioguideId>M001144</bioguideId>
        <lastName>Miller</lastName>
        <middleName />
      </item>
      <item>
        <identifiers>
          <lisID>2255</lisID>
          <gpoId />
          <bioguideId>W000819</bioguideId>
        </identifiers>
        <isOriginalCosponsor>False</isOriginalCosponsor>
        <firstName>Mark</firstName>
        <sponsorshipWithdrawnDate />
        <sponsorshipDate>2015-07-08</sponsorshipDate>
        <party>R</party>
        <district>6</district>
        <fullName>Rep. Walker, Mark [R-NC-6]</fullName>
        <state>NC</state>
        <bioguideId>W000819</bioguideId>
        <lastName>Walker</lastName>
        <middleName />
      </item>
      <item>
        <identifiers>
          <bioguideId>C001072</bioguideId>
          <gpoId>7946</gpoId>
          <lisID>1889</lisID>
        </identifiers>
        <isOriginalCosponsor>False</isOriginalCosponsor>
        <firstName>Andre</firstName>
        <sponsorshipWithdrawnDate />
        <sponsorshipDate>2015-07-08</sponsorshipDate>
        <party>D</party>
        <district>7</district>
        <fullName>Rep. Carson, Andre [D-IN-7]</fullName>
        <state>IN</state>
        <bioguideId>C001072</bioguideId>
        <lastName>Carson</lastName>
        <middleName />
      </item>
      <item>
        <identifiers>
          <bioguideId>W000795</bioguideId>
          <gpoId>8142</gpoId>
          <lisID>1688</lisID>
        </identifiers>
        <isOriginalCosponsor>False</isOriginalCosponsor>
        <firstName>Joe</firstName>
        <sponsorshipWithdrawnDate />
        <sponsorshipDate>2015-07-08</sponsorshipDate>
        <party>R</party>
        <district>2</district>
        <fullName>Rep. Wilson, Joe [R-SC-2]</fullName>
        <state>SC</state>
        <bioguideId>W000795</bioguideId>
        <lastName>Wilson</lastName>
        <middleName />
      </item>
      <item>
        <identifiers>
          <lisID>2264</lisID>
          <bioguideId>K000386</bioguideId>
          <gpoId />
        </identifiers>
        <isOriginalCosponsor>False</isOriginalCosponsor>
        <firstName>John</firstName>
        <sponsorshipWithdrawnDate />
        <sponsorshipDate>2015-07-08</sponsorshipDate>
        <party>R</party>
        <district>24</district>
        <fullName>Rep. Katko, John [R-NY-24]</fullName>
        <state>NY</state>
        <bioguideId>K000386</bioguideId>
        <lastName>Katko</lastName>
        <middleName />
      </item>
      <item>
        <identifiers>
          <gpoId>7819</gpoId>
          <lisID>355</lisID>
          <bioguideId>E000215</bioguideId>
        </identifiers>
        <isOriginalCosponsor>False</isOriginalCosponsor>
        <firstName>ANNA</firstName>
        <sponsorshipWithdrawnDate />
        <sponsorshipDate>2015-07-13</sponsorshipDate>
        <party>D</party>
        <district>18</district>
        <fullName>Rep. Eshoo, Anna G. [D-CA-18]</fullName>
        <state>CA</state>
        <bioguideId>E000215</bioguideId>
        <lastName>ESHOO</lastName>
        <middleName>G.</middleName>
      </item>
      <item>
        <identifiers>
          <lisID>2257</lisID>
          <bioguideId>A000373</bioguideId>
          <gpoId />
        </identifiers>
        <isOriginalCosponsor>False</isOriginalCosponsor>
        <firstName>Brad</firstName>
        <sponsorshipWithdrawnDate />
        <sponsorshipDate>2015-07-13</sponsorshipDate>
        <party>D</party>
        <district>2</district>
        <fullName>Rep. Ashford, Brad [D-NE-2]</fullName>
        <state>NE</state>
        <bioguideId>A000373</bioguideId>
        <lastName>Ashford</lastName>
        <middleName />
      </item>
      <item>
        <identifiers>
          <bioguideId>V000132</bioguideId>
          <gpoId />
          <lisID>2167</lisID>
        </identifiers>
        <isOriginalCosponsor>False</isOriginalCosponsor>
        <firstName>Filemon</firstName>
        <sponsorshipWithdrawnDate />
        <sponsorshipDate>2015-07-13</sponsorshipDate>
        <party>D</party>
        <district>34</district>
        <fullName>Rep. Vela, Filemon [D-TX-34]</fullName>
        <state>TX</state>
        <bioguideId>V000132</bioguideId>
        <lastName>Vela</lastName>
        <middleName />
      </item>
      <item>
        <identifiers>
          <bioguideId>C001102</bioguideId>
          <gpoId />
          <lisID>2200</lisID>
        </identifiers>
        <isOriginalCosponsor>False</isOriginalCosponsor>
        <firstName>Curt</firstName>
        <sponsorshipWithdrawnDate />
        <sponsorshipDate>2015-07-15</sponsorshipDate>
        <party>R</party>
        <district>19</district>
        <fullName>Rep. Clawson, Curt [R-FL-19]</fullName>
        <state>FL</state>
        <bioguideId>C001102</bioguideId>
        <lastName>Clawson</lastName>
        <middleName />
      </item>
      <item>
        <identifiers>
          <lisID>1741</lisID>
          <gpoId>8093</gpoId>
          <bioguideId>T000463</bioguideId>
        </identifiers>
        <isOriginalCosponsor>False</isOriginalCosponsor>
        <firstName>Michael</firstName>
        <sponsorshipWithdrawnDate />
        <sponsorshipDate>2015-07-15</sponsorshipDate>
        <party>R</party>
        <district>10</district>
        <fullName>Rep. Turner, Michael R. [R-OH-10]</fullName>
        <state>OH</state>
        <bioguideId>T000463</bioguideId>
        <lastName>Turner</lastName>
        <middleName>R.</middleName>
      </item>
      <item>
        <identifiers>
          <gpoId>8001</gpoId>
          <lisID>1856</lisID>
          <bioguideId>W000799</bioguideId>
        </identifiers>
        <isOriginalCosponsor>False</isOriginalCosponsor>
        <firstName>Timothy</firstName>
        <sponsorshipWithdrawnDate />
        <sponsorshipDate>2015-07-15</sponsorshipDate>
        <party>D</party>
        <district>1</district>
        <fullName>Rep. Walz, Timothy J. [D-MN-1]</fullName>
        <state>MN</state>
        <bioguideId>W000799</bioguideId>
        <lastName>Walz</lastName>
        <middleName>J.</middleName>
      </item>
      <item>
        <identifiers>
          <bioguideId>T000460</bioguideId>
          <lisID>1593</lisID>
          <gpoId>7806</gpoId>
        </identifiers>
        <isOriginalCosponsor>False</isOriginalCosponsor>
        <firstName>MIKE</firstName>
        <sponsorshipWithdrawnDate />
        <sponsorshipDate>2015-07-15</sponsorshipDate>
        <party>D</party>
        <district>5</district>
        <fullName>Rep. Thompson, Mike [D-CA-5]</fullName>
        <state>CA</state>
        <bioguideId>T000460</bioguideId>
        <lastName>THOMPSON</lastName>
        <middleName />
      </item>
      <item>
        <identifiers>
          <lisID>1756</lisID>
          <bioguideId>R000577</bioguideId>
          <gpoId>8107</gpoId>
        </identifiers>
        <isOriginalCosponsor>False</isOriginalCosponsor>
        <firstName>TIM</firstName>
        <sponsorshipWithdrawnDate />
        <sponsorshipDate>2015-07-20</sponsorshipDate>
        <party>D</party>
        <district>13</district>
        <fullName>Rep. Ryan, Tim [D-OH-13]</fullName>
        <state>OH</state>
        <bioguideId>R000577</bioguideId>
        <lastName>RYAN</lastName>
        <middleName />
      </item>
      <item>
        <identifiers>
          <gpoId>8078</gpoId>
          <lisID>344</lisID>
          <bioguideId>E000179</bioguideId>
        </identifiers>
        <isOriginalCosponsor>False</isOriginalCosponsor>
        <firstName>ELIOT</firstName>
        <sponsorshipWithdrawnDate />
        <sponsorshipDate>2015-07-20</sponsorshipDate>
        <party>D</party>
        <district>16</district>
        <fullName>Rep. Engel, Eliot L. [D-NY-16]</fullName>
        <state>NY</state>
        <bioguideId>E000179</bioguideId>
        <lastName>ENGEL</lastName>
        <middleName>L.</middleName>
      </item>
      <item>
        <identifiers>
          <bioguideId>L000581</bioguideId>
          <gpoId />
          <lisID>2252</lisID>
        </identifiers>
        <isOriginalCosponsor>False</isOriginalCosponsor>
        <firstName>Brenda</firstName>
        <sponsorshipWithdrawnDate />
        <sponsorshipDate>2015-07-20</sponsorshipDate>
        <party>D</party>
        <district>14</district>
        <fullName>Rep. Lawrence, Brenda L. [D-MI-14]</fullName>
        <state>MI</state>
        <bioguideId>L000581</bioguideId>
        <lastName>Lawrence</lastName>
        <middleName>L.</middleName>
      </item>
      <item>
        <identifiers>
          <gpoId>8171</gpoId>
          <lisID>1490</lisID>
          <bioguideId>H000636</bioguideId>
        </identifiers>
        <isOriginalCosponsor>False</isOriginalCosponsor>
        <firstName>RUBEN</firstName>
        <sponsorshipWithdrawnDate />
        <sponsorshipDate>2015-07-20</sponsorshipDate>
        <party>D</party>
        <district>15</district>
        <fullName>Rep. Hinojosa, Ruben [D-TX-15]</fullName>
        <state>TX</state>
        <bioguideId>H000636</bioguideId>
        <lastName>HINOJOSA</lastName>
        <middleName />
      </item>
      <item>
        <identifiers>
          <gpoId>8073</gpoId>
          <lisID>1184</lisID>
          <bioguideId>V000081</bioguideId>
        </identifiers>
        <isOriginalCosponsor>False</isOriginalCosponsor>
        <firstName>NYDIA</firstName>
        <sponsorshipWithdrawnDate />
        <sponsorshipDate>2015-07-21</sponsorshipDate>
        <party>D</party>
        <district>7</district>
        <fullName>Rep. Velazquez, Nydia M. [D-NY-7]</fullName>
        <state>NY</state>
        <bioguideId>V000081</bioguideId>
        <lastName>VELAZQUEZ</lastName>
        <middleName>M.</middleName>
      </item>
      <item>
        <identifiers>
          <lisID>1256</lisID>
          <gpoId>7785</gpoId>
          <bioguideId>Y000033</bioguideId>
        </identifiers>
        <isOriginalCosponsor>False</isOriginalCosponsor>
        <firstName>DON</firstName>
        <sponsorshipWithdrawnDate />
        <sponsorshipDate>2015-07-21</sponsorshipDate>
        <party>R</party>
        <district>0</district>
        <fullName>Rep. Young, Don [R-AK-At Large]</fullName>
        <state>AK</state>
        <bioguideId>Y000033</bioguideId>
        <lastName>YOUNG</lastName>
        <middleName>E.</middleName>
      </item>
      <item>
        <identifiers>
          <bioguideId>N000188</bioguideId>
          <lisID>2202</lisID>
          <gpoId />
        </identifiers>
        <isOriginalCosponsor>False</isOriginalCosponsor>
        <firstName>Donald</firstName>
        <sponsorshipWithdrawnDate />
        <sponsorshipDate>2015-07-21</sponsorshipDate>
        <party>D</party>
        <district>1</district>
        <fullName>Rep. Norcross, Donald [D-NJ-1]</fullName>
        <state>NJ</state>
        <bioguideId>N000188</bioguideId>
        <lastName>Norcross</lastName>
        <middleName />
      </item>
      <item>
        <identifiers>
          <bioguideId>W000800</bioguideId>
          <gpoId>8204</gpoId>
          <lisID>1879</lisID>
        </identifiers>
        <isOriginalCosponsor>False</isOriginalCosponsor>
        <firstName>Peter</firstName>
        <sponsorshipWithdrawnDate />
        <sponsorshipDate>2015-07-21</sponsorshipDate>
        <party>D</party>
        <district>0</district>
        <fullName>Rep. Welch, Peter [D-VT-At Large]</fullName>
        <state>VT</state>
        <bioguideId>W000800</bioguideId>
        <lastName>Welch</lastName>
        <middleName />
      </item>
      <item>
        <identifiers>
          <lisID>1921</lisID>
          <gpoId>7950</gpoId>
          <bioguideId>J000290</bioguideId>
        </identifiers>
        <isOriginalCosponsor>False</isOriginalCosponsor>
        <firstName>Lynn</firstName>
        <sponsorshipWithdrawnDate />
        <sponsorshipDate>2015-07-21</sponsorshipDate>
        <party>R</party>
        <district>2</district>
        <fullName>Rep. Jenkins, Lynn [R-KS-2]</fullName>
        <state>KS</state>
        <bioguideId>J000290</bioguideId>
        <lastName>Jenkins</lastName>
        <middleName />
      </item>
      <item>
        <identifiers>
          <bioguideId>G000377</bioguideId>
          <lisID>1487</lisID>
          <gpoId>8168</gpoId>
        </identifiers>
        <isOriginalCosponsor>False</isOriginalCosponsor>
        <firstName>KAY</firstName>
        <sponsorshipWithdrawnDate />
        <sponsorshipDate>2015-07-23</sponsorshipDate>
        <party>R</party>
        <district>12</district>
        <fullName>Rep. Granger, Kay [R-TX-12]</fullName>
        <state>TX</state>
        <bioguideId>G000377</bioguideId>
        <lastName>GRANGER</lastName>
        <middleName />
      </item>
      <item>
        <identifiers>
          <lisID>1069</lisID>
          <gpoId>8089</gpoId>
          <bioguideId>S000480</bioguideId>
        </identifiers>
        <isOriginalCosponsor>False</isOriginalCosponsor>
        <firstName>LOUISE</firstName>
        <sponsorshipWithdrawnDate />
        <sponsorshipDate>2015-07-23</sponsorshipDate>
        <party>D</party>
        <district>25</district>
        <fullName>Rep. Slaughter, Louise McIntosh [D-NY-25]</fullName>
        <state>NY</state>
        <bioguideId>S000480</bioguideId>
        <lastName>SLAUGHTER</lastName>
        <middleName>M.</middleName>
      </item>
      <item>
        <identifiers>
          <gpoId>7844</gpoId>
          <lisID>1757</lisID>
          <bioguideId>S001156</bioguideId>
        </identifiers>
        <isOriginalCosponsor>False</isOriginalCosponsor>
        <firstName>LINDA</firstName>
        <sponsorshipWithdrawnDate />
        <sponsorshipDate>2015-07-23</sponsorshipDate>
        <party>D</party>
        <district>38</district>
        <fullName>Rep. Sanchez, Linda T. [D-CA-38]</fullName>
        <state>CA</state>
        <bioguideId>S001156</bioguideId>
        <lastName>SANCHEZ</lastName>
        <middleName>T.</middleName>
      </item>
      <item>
        <identifiers>
          <lisID>2155</lisID>
          <gpoId />
          <bioguideId>B001283</bioguideId>
        </identifiers>
        <isOriginalCosponsor>False</isOriginalCosponsor>
        <firstName>Jim</firstName>
        <sponsorshipWithdrawnDate />
        <sponsorshipDate>2015-07-23</sponsorshipDate>
        <party>R</party>
        <district>1</district>
        <fullName>Rep. Bridenstine, Jim [R-OK-1]</fullName>
        <state>OK</state>
        <bioguideId>B001283</bioguideId>
        <lastName>Bridenstine</lastName>
        <middleName />
      </item>
      <item>
        <identifiers>
          <bioguideId>M000689</bioguideId>
          <lisID>800</lisID>
          <gpoId>7879</gpoId>
        </identifiers>
        <isOriginalCosponsor>False</isOriginalCosponsor>
        <firstName>JOHN</firstName>
        <sponsorshipWithdrawnDate />
        <sponsorshipDate>2015-07-23</sponsorshipDate>
        <party>R</party>
        <district>7</district>
        <fullName>Rep. Mica, John L. [R-FL-7]</fullName>
        <state>FL</state>
        <bioguideId>M000689</bioguideId>
        <lastName>MICA</lastName>
        <middleName>L.</middleName>
      </item>
      <item>
        <identifiers>
          <lisID>1675</lisID>
          <bioguideId>L000560</bioguideId>
          <gpoId>8206</gpoId>
        </identifiers>
        <isOriginalCosponsor>False</isOriginalCosponsor>
        <firstName>RICK</firstName>
        <sponsorshipWithdrawnDate />
        <sponsorshipDate>2015-07-23</sponsorshipDate>
        <party>D</party>
        <district>2</district>
        <fullName>Rep. Larsen, Rick [D-WA-2]</fullName>
        <state>WA</state>
        <bioguideId>L000560</bioguideId>
        <lastName>LARSEN</lastName>
        <middleName />
      </item>
      <item>
        <identifiers>
          <lisID>2242</lisID>
          <bioguideId>Y000066</bioguideId>
          <gpoId />
        </identifiers>
        <isOriginalCosponsor>False</isOriginalCosponsor>
        <firstName>David</firstName>
        <sponsorshipWithdrawnDate />
        <sponsorshipDate>2015-07-23</sponsorshipDate>
        <party>R</party>
        <district>3</district>
        <fullName>Rep. Young, David [R-IA-3]</fullName>
        <state>IA</state>
        <bioguideId>Y000066</bioguideId>
        <lastName>Young</lastName>
        <middleName />
      </item>
      <item>
        <identifiers>
          <bioguideId>C000059</bioguideId>
          <gpoId>7849</gpoId>
          <lisID>165</lisID>
        </identifiers>
        <isOriginalCosponsor>False</isOriginalCosponsor>
        <firstName>KEN</firstName>
        <sponsorshipWithdrawnDate />
        <sponsorshipDate>2015-07-23</sponsorshipDate>
        <party>R</party>
        <district>42</district>
        <fullName>Rep. Calvert, Ken [R-CA-42]</fullName>
        <state>CA</state>
        <bioguideId>C000059</bioguideId>
        <lastName>CALVERT</lastName>
        <middleName />
      </item>
      <item>
        <identifiers>
          <bioguideId>B001281</bioguideId>
          <lisID>2153</lisID>
          <gpoId />
        </identifiers>
        <isOriginalCosponsor>False</isOriginalCosponsor>
        <firstName>Joyce</firstName>
        <sponsorshipWithdrawnDate />
        <sponsorshipDate>2015-07-23</sponsorshipDate>
        <party>D</party>
        <district>3</district>
        <fullName>Rep. Beatty, Joyce [D-OH-3]</fullName>
        <state>OH</state>
        <bioguideId>B001281</bioguideId>
        <lastName>Beatty</lastName>
        <middleName />
      </item>
      <item>
        <identifiers>
          <gpoId>8367</gpoId>
          <lisID>2092</lisID>
          <bioguideId>B001278</bioguideId>
        </identifiers>
        <isOriginalCosponsor>False</isOriginalCosponsor>
        <firstName>Suzanne</firstName>
        <sponsorshipWithdrawnDate />
        <sponsorshipDate>2015-07-27</sponsorshipDate>
        <party>D</party>
        <district>1</district>
        <fullName>Rep. Bonamici, Suzanne [D-OR-1]</fullName>
        <state>OR</state>
        <bioguideId>B001278</bioguideId>
        <lastName>Bonamici</lastName>
        <middleName />
      </item>
      <item>
        <identifiers>
          <lisID>2090</lisID>
          <gpoId>8366</gpoId>
          <bioguideId>A000369</bioguideId>
        </identifiers>
        <isOriginalCosponsor>False</isOriginalCosponsor>
        <firstName>Mark</firstName>
        <sponsorshipWithdrawnDate />
        <sponsorshipDate>2015-07-28</sponsorshipDate>
        <party>R</party>
        <district>2</district>
        <fullName>Rep. Amodei, Mark E. [R-NV-2]</fullName>
        <state>NV</state>
        <bioguideId>A000369</bioguideId>
        <lastName>Amodei</lastName>
        <middleName>E.</middleName>
      </item>
      <item>
        <identifiers>
          <gpoId />
          <lisID>2117</lisID>
          <bioguideId>M001191</bioguideId>
        </identifiers>
        <isOriginalCosponsor>False</isOriginalCosponsor>
        <firstName>Patrick</firstName>
        <sponsorshipWithdrawnDate />
        <sponsorshipDate>2015-07-28</sponsorshipDate>
        <party>D</party>
        <district>18</district>
        <fullName>Rep. Murphy, Patrick [D-FL-18]</fullName>
        <state>FL</state>
        <bioguideId>M001191</bioguideId>
        <lastName>Murphy</lastName>
        <middleName />
      </item>
      <item>
        <identifiers>
          <lisID>2258</lisID>
          <gpoId />
          <bioguideId>M001193</bioguideId>
        </identifiers>
        <isOriginalCosponsor>False</isOriginalCosponsor>
        <firstName>Thomas</firstName>
        <sponsorshipWithdrawnDate />
        <sponsorshipDate>2015-07-28</sponsorshipDate>
        <party>R</party>
        <district>3</district>
        <fullName>Rep. MacArthur, Thomas [R-NJ-3]</fullName>
        <state>NJ</state>
        <bioguideId>M001193</bioguideId>
        <lastName>MacArthur</lastName>
        <middleName />
      </item>
      <item>
        <identifiers>
          <bioguideId>R000598</bioguideId>
          <lisID>2158</lisID>
          <gpoId />
        </identifiers>
        <isOriginalCosponsor>False</isOriginalCosponsor>
        <firstName>Keith</firstName>
        <sponsorshipWithdrawnDate />
        <sponsorshipDate>2015-07-28</sponsorshipDate>
        <party>R</party>
        <district>12</district>
        <fullName>Rep. Rothfus, Keith J. [R-PA-12]</fullName>
        <state>PA</state>
        <bioguideId>R000598</bioguideId>
        <lastName>Rothfus</lastName>
        <middleName>J.</middleName>
      </item>
      <item>
        <identifiers>
          <lisID>229</lisID>
          <gpoId>7999</gpoId>
          <bioguideId>C000714</bioguideId>
        </identifiers>
        <isOriginalCosponsor>False</isOriginalCosponsor>
        <firstName>JOHN</firstName>
        <sponsorshipWithdrawnDate />
        <sponsorshipDate>2015-07-28</sponsorshipDate>
        <party>D</party>
        <district>13</district>
        <fullName>Rep. Conyers, John, Jr. [D-MI-13]</fullName>
        <state>MI</state>
        <bioguideId>C000714</bioguideId>
        <lastName>CONYERS</lastName>
        <middleName />
      </item>
      <item>
        <identifiers>
          <bioguideId>R000486</bioguideId>
          <lisID>997</lisID>
          <gpoId>7839</gpoId>
        </identifiers>
        <isOriginalCosponsor>False</isOriginalCosponsor>
        <firstName>LUCILLE</firstName>
        <sponsorshipWithdrawnDate />
        <sponsorshipDate>2015-07-28</sponsorshipDate>
        <party>D</party>
        <district>40</district>
        <fullName>Rep. Roybal-Allard, Lucille [D-CA-40]</fullName>
        <state>CA</state>
        <bioguideId>R000486</bioguideId>
        <lastName>ROYBAL-ALLARD</lastName>
        <middleName />
      </item>
      <item>
        <identifiers>
          <gpoId />
          <lisID>2230</lisID>
          <bioguideId>L000582</bioguideId>
        </identifiers>
        <isOriginalCosponsor>False</isOriginalCosponsor>
        <firstName>Ted</firstName>
        <sponsorshipWithdrawnDate />
        <sponsorshipDate>2015-07-29</sponsorshipDate>
        <party>D</party>
        <district>33</district>
        <fullName>Rep. Lieu, Ted [D-CA-33]</fullName>
        <state>CA</state>
        <bioguideId>L000582</bioguideId>
        <lastName>Lieu</lastName>
        <middleName />
      </item>
      <item>
        <identifiers>
          <bioguideId>W000809</bioguideId>
          <gpoId>7795</gpoId>
          <lisID>1991</lisID>
        </identifiers>
        <isOriginalCosponsor>False</isOriginalCosponsor>
        <firstName>Steve</firstName>
        <sponsorshipWithdrawnDate />
        <sponsorshipDate>2015-07-29</sponsorshipDate>
        <party>R</party>
        <district>3</district>
        <fullName>Rep. Womack, Steve [R-AR-3]</fullName>
        <state>AR</state>
        <bioguideId>W000809</bioguideId>
        <lastName>Womack</lastName>
        <middleName />
      </item>
      <item>
        <identifiers>
          <lisID>2004</lisID>
          <bioguideId>W000808</bioguideId>
          <gpoId>7889</gpoId>
        </identifiers>
        <isOriginalCosponsor>False</isOriginalCosponsor>
        <firstName>Frederica</firstName>
        <sponsorshipWithdrawnDate />
        <sponsorshipDate>2015-07-29</sponsorshipDate>
        <party>D</party>
        <district>24</district>
        <fullName>Rep. Wilson, Frederica S. [D-FL-24]</fullName>
        <state>FL</state>
        <bioguideId>W000808</bioguideId>
        <lastName>Wilson</lastName>
        <middleName>S.</middleName>
      </item>
      <item>
        <identifiers>
          <bioguideId>S001196</bioguideId>
          <lisID>2263</lisID>
          <gpoId />
        </identifiers>
        <isOriginalCosponsor>False</isOriginalCosponsor>
        <firstName>Elise</firstName>
        <sponsorshipWithdrawnDate />
        <sponsorshipDate>2015-07-31</sponsorshipDate>
        <party>R</party>
        <district>21</district>
        <fullName>Rep. Stefanik, Elise M. [R-NY-21]</fullName>
        <state>NY</state>
        <bioguideId>S001196</bioguideId>
        <lastName>Stefanik</lastName>
        <middleName>M.</middleName>
      </item>
      <item>
        <identifiers>
          <lisID>1835</lisID>
          <gpoId>7865</gpoId>
          <bioguideId>P000593</bioguideId>
        </identifiers>
        <isOriginalCosponsor>False</isOriginalCosponsor>
        <firstName>Ed</firstName>
        <sponsorshipWithdrawnDate />
        <sponsorshipDate>2015-07-31</sponsorshipDate>
        <party>D</party>
        <district>7</district>
        <fullName>Rep. Perlmutter, Ed [D-CO-7]</fullName>
        <state>CO</state>
        <bioguideId>P000593</bioguideId>
        <lastName>Perlmutter</lastName>
        <middleName />
      </item>
      <item>
        <identifiers>
          <bioguideId>R000589</bioguideId>
          <gpoId>8193</gpoId>
          <lisID>2068</lisID>
        </identifiers>
        <isOriginalCosponsor>False</isOriginalCosponsor>
        <firstName>E.</firstName>
        <sponsorshipWithdrawnDate />
        <sponsorshipDate>2015-07-31</sponsorshipDate>
        <party>R</party>
        <district>2</district>
        <fullName>Rep. Rigell, E. Scott [R-VA-2]</fullName>
        <state>VA</state>
        <bioguideId>R000589</bioguideId>
        <lastName>Rigell</lastName>
        <middleName>Scott</middleName>
      </item>
      <item>
        <identifiers>
          <bioguideId>D000604</bioguideId>
          <lisID>1799</lisID>
          <gpoId>8133</gpoId>
        </identifiers>
        <isOriginalCosponsor>False</isOriginalCosponsor>
        <firstName>Charles</firstName>
        <sponsorshipWithdrawnDate />
        <sponsorshipDate>2015-07-31</sponsorshipDate>
        <party>R</party>
        <district>15</district>
        <fullName>Rep. Dent, Charles W. [R-PA-15]</fullName>
        <state>PA</state>
        <bioguideId>D000604</bioguideId>
        <lastName>Dent</lastName>
        <middleName>W.</middleName>
      </item>
      <item>
        <identifiers>
          <lisID>2244</lisID>
          <gpoId />
          <bioguideId>A000374</bioguideId>
        </identifiers>
        <isOriginalCosponsor>False</isOriginalCosponsor>
        <firstName>Ralph</firstName>
        <sponsorshipWithdrawnDate />
        <sponsorshipDate>2015-07-31</sponsorshipDate>
        <party>R</party>
        <district>5</district>
        <fullName>Rep. Abraham, Ralph Lee [R-LA-5]</fullName>
        <state>LA</state>
        <bioguideId>A000374</bioguideId>
        <lastName>Abraham</lastName>
        <middleName>Lee</middleName>
      </item>
      <item>
        <identifiers>
          <bioguideId>C000984</bioguideId>
          <lisID>256</lisID>
          <gpoId>7982</gpoId>
        </identifiers>
        <isOriginalCosponsor>False</isOriginalCosponsor>
        <firstName>ELIJAH</firstName>
        <sponsorshipWithdrawnDate />
        <sponsorshipDate>2015-07-31</sponsorshipDate>
        <party>D</party>
        <district>7</district>
        <fullName>Rep. Cummings, Elijah E. [D-MD-7]</fullName>
        <state>MD</state>
        <bioguideId>C000984</bioguideId>
        <lastName>CUMMINGS</lastName>
        <middleName>E.</middleName>
      </item>
      <item>
        <identifiers>
          <bioguideId>M001180</bioguideId>
          <gpoId>8222</gpoId>
          <lisID>2074</lisID>
        </identifiers>
        <isOriginalCosponsor>False</isOriginalCosponsor>
        <firstName>David</firstName>
        <sponsorshipWithdrawnDate />
        <sponsorshipDate>2015-08-04</sponsorshipDate>
        <party>R</party>
        <district>1</district>
        <fullName>Rep. McKinley, David B. [R-WV-1]</fullName>
        <state>WV</state>
        <bioguideId>M001180</bioguideId>
        <lastName>McKinley</lastName>
        <middleName>B.</middleName>
      </item>
      <item>
        <identifiers>
          <bioguideId>P000606</bioguideId>
          <lisID>2141</lisID>
          <gpoId />
        </identifiers>
        <isOriginalCosponsor>False</isOriginalCosponsor>
        <firstName>Robert</firstName>
        <sponsorshipWithdrawnDate />
        <sponsorshipDate>2015-08-04</sponsorshipDate>
        <party>R</party>
        <district>9</district>
        <fullName>Rep. Pittenger, Robert [R-NC-9]</fullName>
        <state>NC</state>
        <bioguideId>P000606</bioguideId>
        <lastName>Pittenger</lastName>
        <middleName />
      </item>
      <item>
        <identifiers>
          <bioguideId>M001159</bioguideId>
          <lisID>1809</lisID>
          <gpoId>8209</gpoId>
        </identifiers>
        <isOriginalCosponsor>False</isOriginalCosponsor>
        <firstName>Cathy</firstName>
        <sponsorshipWithdrawnDate />
        <sponsorshipDate>2015-09-11</sponsorshipDate>
        <party>R</party>
        <district>5</district>
        <fullName>Rep. McMorris Rodgers, Cathy [R-WA-5]</fullName>
        <state>WA</state>
        <bioguideId>M001159</bioguideId>
        <lastName>McMorris Rodgers</lastName>
        <middleName />
      </item>
      <item>
        <identifiers>
          <bioguideId>C001105</bioguideId>
          <gpoId />
          <lisID>2273</lisID>
        </identifiers>
        <isOriginalCosponsor>False</isOriginalCosponsor>
        <firstName>Barbara</firstName>
        <sponsorshipWithdrawnDate />
        <sponsorshipDate>2016-04-29</sponsorshipDate>
        <party>R</party>
        <district>10</district>
        <fullName>Rep. Comstock, Barbara [R-VA-10]</fullName>
        <state>VA</state>
        <bioguideId>C001105</bioguideId>
        <lastName>Comstock</lastName>
        <middleName />
      </item>
      <item>
        <identifiers>
          <lisID>1640</lisID>
          <gpoId>7854</gpoId>
          <bioguideId>I000056</bioguideId>
        </identifiers>
        <isOriginalCosponsor>False</isOriginalCosponsor>
        <firstName>DARRELL</firstName>
        <sponsorshipWithdrawnDate />
        <sponsorshipDate>2016-09-08</sponsorshipDate>
        <party>R</party>
        <district>49</district>
        <fullName>Rep. Issa, Darrell E. [R-CA-49]</fullName>
        <state>CA</state>
        <bioguideId>I000056</bioguideId>
        <lastName>ISSA</lastName>
        <middleName>E.</middleName>
      </item>
    </cosponsors>
    <constitutionalAuthorityStatementText><![CDATA[<pre>From the Congressional Record Online through the Government Publishing Office [<a href='http://www.gpo.gov'>www.gpo.gov</a>]By Mr. CARTWRIGHT:H.R. 1100.Congress has the power to enact this legislation pursuantto the following:Article I; Section 8; Clause 1 of the Constitution statesThe Congress shall have Power To lay and collect Taxes,Duties, Imposts and Excises, to pay the Debts and provide forthe common Defence and general Welfare of the United States.. .[Page H1370]</pre>]]></constitutionalAuthorityStatementText>
    <calendarNumbers />
    <committeeReports />
    <billType>HR</billType>
    <title>Military Spouse Job Continuity Act of 2015</title>
    <introducedDate>2015-02-26</introducedDate>
    <actions>
      <actionTypeCounts>
        <introducedInHouse>1</introducedInHouse>
        <billReferrals>1</billReferrals>
        <introducedInTheHouse>1</introducedInTheHouse>
      </actionTypeCounts>
      <actionByCounts>
        <houseOfRepresentatives>3</houseOfRepresentatives>
      </actionByCounts>
      <item>
        <actionCode>H11100</actionCode>
        <actionDate>2015-02-26</actionDate>
        <text>Referred to the House Committee on Ways and Means.</text>
        <committee>
          <systemCode>hswm00</systemCode>
          <name>Ways and Means Committee</name>
        </committee>
        <type>IntroReferral</type>
        <links />
        <sourceSystem>
          <name>House floor actions</name>
          <code>2</code>
        </sourceSystem>
      </item>
      <item>
        <actionCode>Intro-H</actionCode>
        <actionDate>2015-02-26</actionDate>
        <text>Introduced in House</text>
        <committee />
        <type>IntroReferral</type>
        <links />
        <sourceSystem>
          <name>Library of Congress</name>
          <code>9</code>
        </sourceSystem>
      </item>
      <item>
        <actionCode>1000</actionCode>
        <actionDate>2015-02-26</actionDate>
        <text>Introduced in House</text>
        <committee />
        <type>IntroReferral</type>
        <links />
        <sourceSystem>
          <name>Library of Congress</name>
          <code>9</code>
        </sourceSystem>
      </item>
    </actions>
    <congress>114</congress>
    <summaries>
      <billSummaries>
        <item>
          <versionCode>00</versionCode>
          <actionDate>2015-02-26</actionDate>
          <text><![CDATA[<p><strong>Military Spouse Job Continuity Act of 2015</strong></p> <p> Amends the Internal Revenue Code to allow the spouse of a member of the Armed Forces (military spouse) who moves with such member to another state under a permanent change of station order a tax credit for up to $500 of qualified relicensing costs incurred by such spouse. Defines "qualified relicensing costs" as costs for a state license or certification to engage in the profession that such military spouse engaged in while residing in the former state. </p>]]></text>
          <lastSummaryUpdateDate>2015-03-10T14:09:39Z</lastSummaryUpdateDate>
          <actionDesc>Introduced in House</actionDesc>
          <name>Introduced in House</name>
          <updateDate>2015-02-26T05:00:00Z</updateDate>
        </item>
      </billSummaries>
    </summaries>
    <laws />
    <createDate>2015-02-27T18:29:28Z</createDate>
    <titles>
      <item>
        <chamberCode />
        <title>Military Spouse Job Continuity Act of 2015</title>
        <chamberName />
        <titleType>Short Titles as Introduced</titleType>
        <parentTitleType />
      </item>
      <item>
        <chamberCode />
        <title>To amend the Internal Revenue Code of 1986 to allow a credit against income tax for amounts paid by a spouse of a member of the Armed Forces for a new State license or certification required by reason of a permanent change in the duty station of such member to another State.</title>
        <chamberName />
        <titleType>Official Title as Introduced</titleType>
        <parentTitleType />
      </item>
      <item>
        <chamberCode />
        <title>Military Spouse Job Continuity Act of 2015</title>
        <chamberName />
        <titleType>Display Title</titleType>
        <parentTitleType />
      </item>
    </titles>
    <recordedVotes />
    <committees>
      <billCommittees>
        <item>
          <subcommittees />
          <chamber>House</chamber>
          <systemCode>hswm00</systemCode>
          <activities>
            <item>
              <date>2015-02-26T15:02:05Z</date>
              <name>Referred to</name>
            </item>
          </activities>
          <type>Standing</type>
          <name>Ways and Means Committee</name>
        </item>
      </billCommittees>
    </committees>
  </bill>
  <dublinCore xmlns:dc="http://purl.org/dc/elements/1.1/">
    <dc:format>text/xml</dc:format>
    <dc:language>EN</dc:language>
    <dc:rights>Pursuant to Title 17 Section 105 of the United States Code, this file is not subject to copyright protection and is in the public domain.</dc:rights>
    <dc:contributor>Congressional Research Service, Library of Congress</dc:contributor>
    <dc:description>This file contains bill summaries and statuses for federal legislation. A bill summary describes the most significant provisions of a piece of legislation and details the effects the legislative text may have on current law and federal programs. Bill summaries are authored by the Congressional Research Service (CRS) of the Library of Congress. As stated in Public Law 91-510 (2 USC 166 (d)(6)), one of the duties of CRS is "to prepare summaries and digests of bills and resolutions of a public general nature introduced in the Senate or House of Representatives". For more information, refer to the User Guide that accompanies this file.</dc:description>
  </dublinCore>
</billStatus>

