<?xml version="1.0" encoding="UTF-8"?>
<billStatus>
  <bill>
    <latestAction>
      <text>Sponsor introductory remarks on measure. (CR H1733)</text>
      <links />
      <actionDate>2015-03-18</actionDate>
    </latestAction>
    <policyArea>
      <name>Commerce</name>
    </policyArea>
    <amendments />
    <relatedBills>
      <item>
        <latestAction>
          <actionDate>2015-02-26</actionDate>
          <text>Read twice and referred to the Committee on Commerce, Science, and Transportation. (text of measure as introduced: CR S1164-1165)</text>
        </latestAction>
        <congress>114</congress>
        <latestTitle>Detergent PACS Act of 2015</latestTitle>
        <relationshipDetails>
          <item>
            <type>Identical bill</type>
            <identifiedBy>CRS</identifiedBy>
          </item>
        </relationshipDetails>
        <type>S</type>
        <number>588</number>
      </item>
    </relatedBills>
    <billNumber>1139</billNumber>
    <updateDate>2016-11-02T21:27:18Z</updateDate>
    <cboCostEstimates />
    <sponsors>
      <item>
        <fullName>Rep. Speier, Jackie [D-CA-14]</fullName>
        <firstName>Jackie</firstName>
        <district>14</district>
        <lastName>Speier</lastName>
        <byRequestType />
        <identifiers>
          <bioguideId>S001175</bioguideId>
          <gpoId>7817</gpoId>
          <lisID>1890</lisID>
        </identifiers>
        <middleName />
        <party>D</party>
        <state>CA</state>
        <bioguideId>S001175</bioguideId>
      </item>
    </sponsors>
    <notes />
    <originChamber>House</originChamber>
    <subjects>
      <billSubjects>
        <legislativeSubjects>
          <item>
            <name>Administrative law and regulatory procedures</name>
          </item>
          <item>
            <name>Child health</name>
          </item>
          <item>
            <name>Child safety and welfare</name>
          </item>
          <item>
            <name>Congressional oversight</name>
          </item>
          <item>
            <name>Consumer Product Safety Commission</name>
          </item>
          <item>
            <name>Consumer affairs</name>
          </item>
          <item>
            <name>Hazardous wastes and toxic substances</name>
          </item>
          <item>
            <name>Product safety and quality</name>
          </item>
        </legislativeSubjects>
        <policyArea>
          <name>Commerce</name>
        </policyArea>
      </billSubjects>
    </subjects>
    <cosponsors>
      <item>
        <fullName>Rep. Rush, Bobby L. [D-IL-1]</fullName>
        <firstName>BOBBY</firstName>
        <lastName>RUSH</lastName>
        <identifiers>
          <bioguideId>R000515</bioguideId>
          <lisID>1003</lisID>
          <gpoId>7921</gpoId>
        </identifiers>
        <state>IL</state>
        <sponsorshipWithdrawnDate />
        <bioguideId>R000515</bioguideId>
        <district>1</district>
        <isOriginalCosponsor>True</isOriginalCosponsor>
        <middleName>L.</middleName>
        <party>D</party>
        <sponsorshipDate>2015-02-26</sponsorshipDate>
      </item>
      <item>
        <fullName>Rep. Moore, Gwen [D-WI-4]</fullName>
        <firstName>Gwen</firstName>
        <lastName>Moore</lastName>
        <identifiers>
          <bioguideId>M001160</bioguideId>
          <lisID>1811</lisID>
          <gpoId>8217</gpoId>
        </identifiers>
        <state>WI</state>
        <sponsorshipWithdrawnDate />
        <bioguideId>M001160</bioguideId>
        <district>4</district>
        <isOriginalCosponsor>True</isOriginalCosponsor>
        <middleName />
        <party>D</party>
        <sponsorshipDate>2015-02-26</sponsorshipDate>
      </item>
      <item>
        <fullName>Rep. Schakowsky, Janice D. [D-IL-9]</fullName>
        <firstName>JANICE</firstName>
        <lastName>SCHAKOWSKY</lastName>
        <identifiers>
          <bioguideId>S001145</bioguideId>
          <lisID>1588</lisID>
          <gpoId>7929</gpoId>
        </identifiers>
        <state>IL</state>
        <sponsorshipWithdrawnDate />
        <bioguideId>S001145</bioguideId>
        <district>9</district>
        <isOriginalCosponsor>True</isOriginalCosponsor>
        <middleName>D.</middleName>
        <party>D</party>
        <sponsorshipDate>2015-02-26</sponsorshipDate>
      </item>
      <item>
        <fullName>Rep. Tonko, Paul [D-NY-20]</fullName>
        <firstName>Paul</firstName>
        <lastName>Tonko</lastName>
        <identifiers>
          <lisID>1942</lisID>
          <gpoId>8082</gpoId>
          <bioguideId>T000469</bioguideId>
        </identifiers>
        <state>NY</state>
        <sponsorshipWithdrawnDate />
        <bioguideId>T000469</bioguideId>
        <district>20</district>
        <isOriginalCosponsor>True</isOriginalCosponsor>
        <middleName />
        <party>D</party>
        <sponsorshipDate>2015-02-26</sponsorshipDate>
      </item>
      <item>
        <fullName>Rep. Bustos, Cheri [D-IL-17]</fullName>
        <firstName>Cheri</firstName>
        <lastName>Bustos</lastName>
        <identifiers>
          <gpoId />
          <lisID>2127</lisID>
          <bioguideId>B001286</bioguideId>
        </identifiers>
        <state>IL</state>
        <sponsorshipWithdrawnDate />
        <bioguideId>B001286</bioguideId>
        <district>17</district>
        <isOriginalCosponsor>True</isOriginalCosponsor>
        <middleName />
        <party>D</party>
        <sponsorshipDate>2015-02-26</sponsorshipDate>
      </item>
      <item>
        <fullName>Rep. Conyers, John, Jr. [D-MI-13]</fullName>
        <firstName>JOHN</firstName>
        <lastName>CONYERS</lastName>
        <identifiers>
          <lisID>229</lisID>
          <gpoId>7999</gpoId>
          <bioguideId>C000714</bioguideId>
        </identifiers>
        <state>MI</state>
        <sponsorshipWithdrawnDate />
        <bioguideId>C000714</bioguideId>
        <district>13</district>
        <isOriginalCosponsor>True</isOriginalCosponsor>
        <middleName />
        <party>D</party>
        <sponsorshipDate>2015-02-26</sponsorshipDate>
      </item>
      <item>
        <fullName>Rep. Honda, Michael M. [D-CA-17]</fullName>
        <firstName>MICHAEL</firstName>
        <lastName>HONDA</lastName>
        <identifiers>
          <lisID>1634</lisID>
          <bioguideId>H001034</bioguideId>
          <gpoId>7820</gpoId>
        </identifiers>
        <state>CA</state>
        <sponsorshipWithdrawnDate />
        <bioguideId>H001034</bioguideId>
        <district>17</district>
        <isOriginalCosponsor>True</isOriginalCosponsor>
        <middleName>M.</middleName>
        <party>D</party>
        <sponsorshipDate>2015-02-26</sponsorshipDate>
      </item>
      <item>
        <fullName>Rep. Garamendi, John [D-CA-3]</fullName>
        <firstName>John</firstName>
        <lastName>Garamendi</lastName>
        <identifiers>
          <bioguideId>G000559</bioguideId>
          <lisID>1973</lisID>
          <gpoId>7815</gpoId>
        </identifiers>
        <state>CA</state>
        <sponsorshipWithdrawnDate />
        <bioguideId>G000559</bioguideId>
        <district>3</district>
        <isOriginalCosponsor>True</isOriginalCosponsor>
        <middleName />
        <party>D</party>
        <sponsorshipDate>2015-02-26</sponsorshipDate>
      </item>
      <item>
        <fullName>Rep. Grijalva, Raul M. [D-AZ-3]</fullName>
        <firstName>Raul</firstName>
        <lastName>Grijalva</lastName>
        <identifiers>
          <lisID>1708</lisID>
          <bioguideId>G000551</bioguideId>
          <gpoId>7804</gpoId>
        </identifiers>
        <state>AZ</state>
        <sponsorshipWithdrawnDate />
        <bioguideId>G000551</bioguideId>
        <district>3</district>
        <isOriginalCosponsor>True</isOriginalCosponsor>
        <middleName>M.</middleName>
        <party>D</party>
        <sponsorshipDate>2015-02-26</sponsorshipDate>
      </item>
      <item>
        <fullName>Rep. Jackson Lee, Sheila [D-TX-18]</fullName>
        <firstName>SHEILA</firstName>
        <lastName>JACKSON LEE</lastName>
        <identifiers>
          <bioguideId>J000032</bioguideId>
          <gpoId>8174</gpoId>
          <lisID>588</lisID>
        </identifiers>
        <state>TX</state>
        <sponsorshipWithdrawnDate />
        <bioguideId>J000032</bioguideId>
        <district>18</district>
        <isOriginalCosponsor>True</isOriginalCosponsor>
        <middleName />
        <party>D</party>
        <sponsorshipDate>2015-02-26</sponsorshipDate>
      </item>
      <item>
        <fullName>Rep. Kaptur, Marcy [D-OH-9]</fullName>
        <firstName>MARCY</firstName>
        <lastName>KAPTUR</lastName>
        <identifiers>
          <bioguideId>K000009</bioguideId>
          <lisID>616</lisID>
          <gpoId>8099</gpoId>
        </identifiers>
        <state>OH</state>
        <sponsorshipWithdrawnDate />
        <bioguideId>K000009</bioguideId>
        <district>9</district>
        <isOriginalCosponsor>True</isOriginalCosponsor>
        <middleName />
        <party>D</party>
        <sponsorshipDate>2015-02-26</sponsorshipDate>
      </item>
      <item>
        <fullName>Rep. Maloney, Carolyn B. [D-NY-12]</fullName>
        <firstName>CAROLYN</firstName>
        <lastName>MALONEY</lastName>
        <identifiers>
          <bioguideId>M000087</bioguideId>
          <gpoId>8075</gpoId>
          <lisID>729</lisID>
        </identifiers>
        <state>NY</state>
        <sponsorshipWithdrawnDate />
        <bioguideId>M000087</bioguideId>
        <district>12</district>
        <isOriginalCosponsor>False</isOriginalCosponsor>
        <middleName>B.</middleName>
        <party>D</party>
        <sponsorshipDate>2015-03-18</sponsorshipDate>
      </item>
      <item>
        <fullName>Rep. Beyer, Donald S., Jr. [D-VA-8]</fullName>
        <firstName>Donald</firstName>
        <lastName>Beyer</lastName>
        <identifiers>
          <gpoId />
          <lisID>2272</lisID>
          <bioguideId>B001292</bioguideId>
        </identifiers>
        <state>VA</state>
        <sponsorshipWithdrawnDate />
        <bioguideId>B001292</bioguideId>
        <district>8</district>
        <isOriginalCosponsor>False</isOriginalCosponsor>
        <middleName>S.</middleName>
        <party>D</party>
        <sponsorshipDate>2015-03-18</sponsorshipDate>
      </item>
      <item>
        <fullName>Rep. Hoyer, Steny H. [D-MD-5]</fullName>
        <firstName>STENY</firstName>
        <lastName>HOYER</lastName>
        <identifiers>
          <gpoId>7980</gpoId>
          <lisID>566</lisID>
          <bioguideId>H000874</bioguideId>
        </identifiers>
        <state>MD</state>
        <sponsorshipWithdrawnDate />
        <bioguideId>H000874</bioguideId>
        <district>5</district>
        <isOriginalCosponsor>False</isOriginalCosponsor>
        <middleName>H.</middleName>
        <party>D</party>
        <sponsorshipDate>2015-03-26</sponsorshipDate>
      </item>
      <item>
        <fullName>Rep. Pingree, Chellie [D-ME-1]</fullName>
        <firstName>Chellie</firstName>
        <lastName>Pingree</lastName>
        <identifiers>
          <gpoId>7984</gpoId>
          <lisID>1927</lisID>
          <bioguideId>P000597</bioguideId>
        </identifiers>
        <state>ME</state>
        <sponsorshipWithdrawnDate />
        <bioguideId>P000597</bioguideId>
        <district>1</district>
        <isOriginalCosponsor>False</isOriginalCosponsor>
        <middleName />
        <party>D</party>
        <sponsorshipDate>2015-05-13</sponsorshipDate>
      </item>
      <item>
        <fullName>Rep. Meng, Grace [D-NY-6]</fullName>
        <firstName>Grace</firstName>
        <lastName>Meng</lastName>
        <identifiers>
          <gpoId />
          <lisID>2148</lisID>
          <bioguideId>M001188</bioguideId>
        </identifiers>
        <state>NY</state>
        <sponsorshipWithdrawnDate />
        <bioguideId>M001188</bioguideId>
        <district>6</district>
        <isOriginalCosponsor>False</isOriginalCosponsor>
        <middleName />
        <party>D</party>
        <sponsorshipDate>2015-09-24</sponsorshipDate>
      </item>
      <item>
        <fullName>Rep. Pascrell, Bill, Jr. [D-NJ-9]</fullName>
        <firstName>WILLIAM</firstName>
        <lastName>PASCRELL</lastName>
        <identifiers>
          <bioguideId>P000096</bioguideId>
          <gpoId>8050</gpoId>
          <lisID>1510</lisID>
        </identifiers>
        <state>NJ</state>
        <sponsorshipWithdrawnDate />
        <bioguideId>P000096</bioguideId>
        <district>9</district>
        <isOriginalCosponsor>False</isOriginalCosponsor>
        <middleName>J.</middleName>
        <party>D</party>
        <sponsorshipDate>2016-05-11</sponsorshipDate>
      </item>
    </cosponsors>
    <constitutionalAuthorityStatementText><![CDATA[<pre>From the Congressional Record Online through the Government Publishing Office [<a href='http://www.gpo.gov'>www.gpo.gov</a>]By Ms. SPEIER:H.R. 1139.Congress has the power to enact this legislation pursuantto the following:This bill is enacted pursuant to the power granted toCongress under Article 1, Section 8 of the United StatesConstitution.[Page H1372]</pre>]]></constitutionalAuthorityStatementText>
    <calendarNumbers />
    <committeeReports />
    <billType>HR</billType>
    <title>Detergent PACS Act of 2015</title>
    <introducedDate>2015-02-26</introducedDate>
    <actions>
      <actionByCounts>
        <houseOfRepresentatives>4</houseOfRepresentatives>
      </actionByCounts>
      <item>
        <actionDate>2015-03-18</actionDate>
        <actionCode>B00100</actionCode>
        <sourceSystem>
          <name>Library of Congress</name>
          <code>9</code>
        </sourceSystem>
        <links>
          <link>
            <name>H1733</name>
            <url>https://www.congress.gov/congressional-record/volume-161/house-section/page/H1733</url>
          </link>
        </links>
        <committee />
        <text>Sponsor introductory remarks on measure. (CR H1733)</text>
        <type>IntroReferral</type>
      </item>
      <item>
        <actionDate>2015-02-27</actionDate>
        <committee>
          <name>Commerce, Manufacturing, and Trade Subcommittee</name>
          <systemCode>hsif17</systemCode>
        </committee>
        <links />
        <sourceSystem>
          <name>House committee actions</name>
          <code>1</code>
        </sourceSystem>
        <text>Referred to the Subcommittee on Commerce, Manufacturing, and Trade.</text>
        <type>Committee</type>
      </item>
      <item>
        <actionDate>2015-02-26</actionDate>
        <actionCode>H11100</actionCode>
        <sourceSystem>
          <name>House floor actions</name>
          <code>2</code>
        </sourceSystem>
        <links />
        <committee>
          <name>Energy and Commerce Committee</name>
          <systemCode>hsif00</systemCode>
        </committee>
        <text>Referred to the House Committee on Energy and Commerce.</text>
        <type>IntroReferral</type>
      </item>
      <item>
        <actionDate>2015-02-26</actionDate>
        <actionCode>Intro-H</actionCode>
        <sourceSystem>
          <name>Library of Congress</name>
          <code>9</code>
        </sourceSystem>
        <links />
        <committee />
        <text>Introduced in House</text>
        <type>IntroReferral</type>
      </item>
      <item>
        <actionDate>2015-02-26</actionDate>
        <actionCode>1000</actionCode>
        <sourceSystem>
          <name>Library of Congress</name>
          <code>9</code>
        </sourceSystem>
        <links />
        <committee />
        <text>Introduced in House</text>
        <type>IntroReferral</type>
      </item>
      <actionTypeCounts>
        <introducedInHouse>1</introducedInHouse>
        <placeholderTextForH>1</placeholderTextForH>
        <placeholderTextForB>1</placeholderTextForB>
        <billReferrals>1</billReferrals>
        <introducedInTheHouse>1</introducedInTheHouse>
      </actionTypeCounts>
    </actions>
    <congress>114</congress>
    <summaries>
      <billSummaries>
        <item>
          <updateDate>2015-02-26T05:00:00Z</updateDate>
          <versionCode>00</versionCode>
          <text><![CDATA[<p><b>Detergent Poisoning And Child Safety Act of 2015 or the Detergent PACS Act of 2015</b></p> <p>Requires the Consumer Product Safety Commission (CPSC) to establish safety standards for liquid detergent packets to protect children who are younger than five years of age from injury or illness.</p> <p> Directs the CPSC to establish such standards by promulgating a rule or adopting voluntary ASTM International standards.</p> <p>Provides for any final rule that is promulgated to include: (1) requirements for special packaging and warning labels, (2) standards to make the color and design of packets less attractive to children, and (3) liquid composition standards to make the consequences of exposure less severe. </p> <p>Requires the rule or standards to be treated as consumer product safety standards under the Consumer Product Safety Act.</p>]]></text>
          <lastSummaryUpdateDate>2015-03-18T18:03:55Z</lastSummaryUpdateDate>
          <actionDate>2015-02-26</actionDate>
          <actionDesc>Introduced in House</actionDesc>
          <name>Introduced in House</name>
        </item>
      </billSummaries>
    </summaries>
    <laws />
    <createDate>2015-02-27T18:29:28Z</createDate>
    <titles>
      <item>
        <parentTitleType />
        <titleType>Short Titles as Introduced</titleType>
        <title>Detergent PACS Act of 2015</title>
        <chamberCode />
        <chamberName />
      </item>
      <item>
        <parentTitleType />
        <titleType>Short Titles as Introduced</titleType>
        <title>Detergent Poisoning And Child Safety Act of 2015</title>
        <chamberCode />
        <chamberName />
      </item>
      <item>
        <parentTitleType />
        <titleType>Official Title as Introduced</titleType>
        <title>To require the Consumer Product Safety Commission to establish a consumer product safety standard for liquid detergent packets to protect children under the age of five from injury or illness, and for other purposes.</title>
        <chamberCode />
        <chamberName />
      </item>
      <item>
        <parentTitleType />
        <titleType>Display Title</titleType>
        <title>Detergent PACS Act of 2015</title>
        <chamberCode />
        <chamberName />
      </item>
    </titles>
    <recordedVotes />
    <committees>
      <billCommittees>
        <item>
          <activities>
            <item>
              <name>Referred to</name>
              <date>2015-02-26T15:03:45Z</date>
            </item>
          </activities>
          <name>Energy and Commerce Committee</name>
          <subcommittees>
            <item>
              <activities>
                <item>
                  <name>Referred to</name>
                  <date>2015-02-27T15:05:48Z</date>
                </item>
              </activities>
              <name>Commerce, Manufacturing, and Trade Subcommittee</name>
              <systemCode>hsif17</systemCode>
            </item>
          </subcommittees>
          <chamber>House</chamber>
          <type>Standing</type>
          <systemCode>hsif00</systemCode>
        </item>
      </billCommittees>
    </committees>
  </bill>
  <dublinCore xmlns:dc="http://purl.org/dc/elements/1.1/">
    <dc:format>text/xml</dc:format>
    <dc:language>EN</dc:language>
    <dc:rights>Pursuant to Title 17 Section 105 of the United States Code, this file is not subject to copyright protection and is in the public domain.</dc:rights>
    <dc:contributor>Congressional Research Service, Library of Congress</dc:contributor>
    <dc:description>This file contains bill summaries and statuses for federal legislation. A bill summary describes the most significant provisions of a piece of legislation and details the effects the legislative text may have on current law and federal programs. Bill summaries are authored by the Congressional Research Service (CRS) of the Library of Congress. As stated in Public Law 91-510 (2 USC 166 (d)(6)), one of the duties of CRS is "to prepare summaries and digests of bills and resolutions of a public general nature introduced in the Senate or House of Representatives". For more information, refer to the User Guide that accompanies this file.</dc:description>
  </dublinCore>
</billStatus>

