<?xml version="1.0" encoding="UTF-8"?>
<billStatus>
  <bill>
    <billType>HR</billType>
    <policyArea>
      <name>Armed Forces and National Security</name>
    </policyArea>
    <recordedVotes />
    <summaries>
      <billSummaries>
        <item>
          <versionCode>00</versionCode>
          <actionDate>2015-01-28</actionDate>
          <text><![CDATA[<p><b>Collaborative Academic Research Efforts for Tourette Syndrome Act of 2015</b></p> <p>Amends the Public Health Service Act to require the National Institutes of Health (NIH) to expand, intensify, and coordinate NIH research on Tourette syndrome.</p> <p>Requires the NIH to develop a system to collect data on Tourette syndrome, including epidemiological information, primary data, and data on the availability of medical and social services for individuals with Tourette syndrome and their families.</p> <p> Requires the NIH to award grants and contracts to public or nonprofit private entities to support four to six Collaborative Research Centers for Tourette Syndrome in different regions to conduct basic and clinical research on Tourette syndrome. </p> <p> Requires the NIH to award grants for research on the full range of symptoms within the Tourette syndrome clinical spectrum and the efficacy of treatment options for particular patient subpopulations.</p> <p>Requires the NIH to designate a portion of the amounts made available to carry out NIH programs and activities for a fiscal year to carry out programs and activities with respect to Tourette syndrome.</p>]]></text>
          <lastSummaryUpdateDate>2015-05-19T16:32:45Z</lastSummaryUpdateDate>
          <actionDesc>Introduced in House</actionDesc>
          <name>Introduced in House</name>
          <updateDate>2015-01-28T05:00:00Z</updateDate>
        </item>
      </billSummaries>
    </summaries>
    <actions>
      <actionTypeCounts>
        <placeholderTextForH>1</placeholderTextForH>
        <introducedInTheHouse>1</introducedInTheHouse>
        <billReferrals>1</billReferrals>
        <introducedInHouse>1</introducedInHouse>
      </actionTypeCounts>
      <actionByCounts>
        <houseOfRepresentatives>4</houseOfRepresentatives>
      </actionByCounts>
      <item>
        <actionDate>2015-01-30</actionDate>
        <committee>
          <systemCode>hsif14</systemCode>
          <name>Health Subcommittee</name>
        </committee>
        <links />
        <sourceSystem>
          <name>House committee actions</name>
          <code>1</code>
        </sourceSystem>
        <text>Referred to the Subcommittee on Health.</text>
        <type>Committee</type>
      </item>
      <item>
        <links />
        <committee>
          <systemCode>hsif00</systemCode>
          <name>Energy and Commerce Committee</name>
        </committee>
        <actionCode>H11100</actionCode>
        <actionDate>2015-01-28</actionDate>
        <text>Referred to the House Committee on Energy and Commerce.</text>
        <type>IntroReferral</type>
        <sourceSystem>
          <name>House floor actions</name>
          <code>2</code>
        </sourceSystem>
      </item>
      <item>
        <links />
        <committee />
        <actionCode>Intro-H</actionCode>
        <actionDate>2015-01-28</actionDate>
        <text>Introduced in House</text>
        <type>IntroReferral</type>
        <sourceSystem>
          <name>Library of Congress</name>
          <code>9</code>
        </sourceSystem>
      </item>
      <item>
        <links />
        <committee />
        <actionCode>1000</actionCode>
        <actionDate>2015-01-28</actionDate>
        <text>Introduced in House</text>
        <type>IntroReferral</type>
        <sourceSystem>
          <name>Library of Congress</name>
          <code>9</code>
        </sourceSystem>
      </item>
    </actions>
    <updateDate>2016-11-02T21:18:33Z</updateDate>
    <amendments />
    <introducedDate>2015-01-28</introducedDate>
    <originChamber>House</originChamber>
    <billNumber>619</billNumber>
    <relatedBills />
    <calendarNumbers />
    <cosponsors>
      <item>
        <identifiers>
          <gpoId>7804</gpoId>
          <lisID>1708</lisID>
          <bioguideId>G000551</bioguideId>
        </identifiers>
        <isOriginalCosponsor>False</isOriginalCosponsor>
        <firstName>Raul</firstName>
        <sponsorshipWithdrawnDate />
        <sponsorshipDate>2015-02-09</sponsorshipDate>
        <party>D</party>
        <district>3</district>
        <fullName>Rep. Grijalva, Raul M. [D-AZ-3]</fullName>
        <state>AZ</state>
        <bioguideId>G000551</bioguideId>
        <lastName>Grijalva</lastName>
        <middleName>M.</middleName>
      </item>
      <item>
        <identifiers>
          <bioguideId>P000604</bioguideId>
          <lisID>2097</lisID>
          <gpoId>8373</gpoId>
        </identifiers>
        <isOriginalCosponsor>False</isOriginalCosponsor>
        <firstName>Donald</firstName>
        <sponsorshipWithdrawnDate />
        <sponsorshipDate>2015-02-13</sponsorshipDate>
        <party>D</party>
        <district>10</district>
        <fullName>Rep. Payne, Donald M., Jr. [D-NJ-10]</fullName>
        <state>NJ</state>
        <bioguideId>P000604</bioguideId>
        <lastName>Payne</lastName>
        <middleName>M.</middleName>
      </item>
      <item>
        <identifiers>
          <gpoId>7968</gpoId>
          <lisID>1504</lisID>
          <bioguideId>M000312</bioguideId>
        </identifiers>
        <isOriginalCosponsor>False</isOriginalCosponsor>
        <firstName>JAMES</firstName>
        <sponsorshipWithdrawnDate />
        <sponsorshipDate>2015-03-25</sponsorshipDate>
        <party>D</party>
        <district>2</district>
        <fullName>Rep. McGovern, James P. [D-MA-2]</fullName>
        <state>MA</state>
        <bioguideId>M000312</bioguideId>
        <lastName>MCGOVERN</lastName>
        <middleName>P.</middleName>
      </item>
      <item>
        <identifiers>
          <bioguideId>J000296</bioguideId>
          <lisID>2199</lisID>
          <gpoId />
        </identifiers>
        <isOriginalCosponsor>False</isOriginalCosponsor>
        <firstName>David</firstName>
        <sponsorshipWithdrawnDate />
        <sponsorshipDate>2015-04-13</sponsorshipDate>
        <party>R</party>
        <district>13</district>
        <fullName>Rep. Jolly, David [R-FL-13]</fullName>
        <state>FL</state>
        <bioguideId>J000296</bioguideId>
        <lastName>Jolly</lastName>
        <middleName>W.</middleName>
      </item>
      <item>
        <identifiers>
          <lisID>2226</lisID>
          <bioguideId>G000574</bioguideId>
          <gpoId />
        </identifiers>
        <isOriginalCosponsor>False</isOriginalCosponsor>
        <firstName>Ruben</firstName>
        <sponsorshipWithdrawnDate />
        <sponsorshipDate>2015-04-13</sponsorshipDate>
        <party>D</party>
        <district>7</district>
        <fullName>Rep. Gallego, Ruben [D-AZ-7]</fullName>
        <state>AZ</state>
        <bioguideId>G000574</bioguideId>
        <lastName>Gallego</lastName>
        <middleName />
      </item>
      <item>
        <identifiers>
          <bioguideId>L000582</bioguideId>
          <gpoId />
          <lisID>2230</lisID>
        </identifiers>
        <isOriginalCosponsor>False</isOriginalCosponsor>
        <firstName>Ted</firstName>
        <sponsorshipWithdrawnDate />
        <sponsorshipDate>2015-04-13</sponsorshipDate>
        <party>D</party>
        <district>33</district>
        <fullName>Rep. Lieu, Ted [D-CA-33]</fullName>
        <state>CA</state>
        <bioguideId>L000582</bioguideId>
        <lastName>Lieu</lastName>
        <middleName />
      </item>
      <item>
        <identifiers>
          <lisID>1853</lisID>
          <bioguideId>Y000062</bioguideId>
          <gpoId>7955</gpoId>
        </identifiers>
        <isOriginalCosponsor>False</isOriginalCosponsor>
        <firstName>John</firstName>
        <sponsorshipWithdrawnDate />
        <sponsorshipDate>2015-04-13</sponsorshipDate>
        <party>D</party>
        <district>3</district>
        <fullName>Rep. Yarmuth, John A. [D-KY-3]</fullName>
        <state>KY</state>
        <bioguideId>Y000062</bioguideId>
        <lastName>Yarmuth</lastName>
        <middleName>A.</middleName>
      </item>
      <item>
        <identifiers>
          <lisID>2262</lisID>
          <gpoId />
          <bioguideId>R000602</bioguideId>
        </identifiers>
        <isOriginalCosponsor>False</isOriginalCosponsor>
        <firstName>Kathleen</firstName>
        <sponsorshipWithdrawnDate />
        <sponsorshipDate>2015-04-13</sponsorshipDate>
        <party>D</party>
        <district>4</district>
        <fullName>Rep. Rice, Kathleen M. [D-NY-4]</fullName>
        <state>NY</state>
        <bioguideId>R000602</bioguideId>
        <lastName>Rice</lastName>
        <middleName>M.</middleName>
      </item>
      <item>
        <identifiers>
          <bioguideId>P000607</bioguideId>
          <lisID>2171</lisID>
          <gpoId />
        </identifiers>
        <isOriginalCosponsor>False</isOriginalCosponsor>
        <firstName>Mark</firstName>
        <sponsorshipWithdrawnDate />
        <sponsorshipDate>2015-04-14</sponsorshipDate>
        <party>D</party>
        <district>2</district>
        <fullName>Rep. Pocan, Mark [D-WI-2]</fullName>
        <state>WI</state>
        <bioguideId>P000607</bioguideId>
        <lastName>Pocan</lastName>
        <middleName />
      </item>
      <item>
        <identifiers>
          <gpoId>8005</gpoId>
          <lisID>1857</lisID>
          <bioguideId>E000288</bioguideId>
        </identifiers>
        <isOriginalCosponsor>False</isOriginalCosponsor>
        <firstName>Keith</firstName>
        <sponsorshipWithdrawnDate />
        <sponsorshipDate>2015-04-14</sponsorshipDate>
        <party>D</party>
        <district>5</district>
        <fullName>Rep. Ellison, Keith [D-MN-5]</fullName>
        <state>MN</state>
        <bioguideId>E000288</bioguideId>
        <lastName>Ellison</lastName>
        <middleName />
      </item>
      <item>
        <identifiers>
          <bioguideId>P000597</bioguideId>
          <lisID>1927</lisID>
          <gpoId>7984</gpoId>
        </identifiers>
        <isOriginalCosponsor>False</isOriginalCosponsor>
        <firstName>Chellie</firstName>
        <sponsorshipWithdrawnDate />
        <sponsorshipDate>2015-04-15</sponsorshipDate>
        <party>D</party>
        <district>1</district>
        <fullName>Rep. Pingree, Chellie [D-ME-1]</fullName>
        <state>ME</state>
        <bioguideId>P000597</bioguideId>
        <lastName>Pingree</lastName>
        <middleName />
      </item>
      <item>
        <identifiers>
          <gpoId>8053</gpoId>
          <lisID>414</lisID>
          <bioguideId>F000372</bioguideId>
        </identifiers>
        <isOriginalCosponsor>False</isOriginalCosponsor>
        <firstName>RODNEY</firstName>
        <sponsorshipWithdrawnDate />
        <sponsorshipDate>2015-04-15</sponsorshipDate>
        <party>R</party>
        <district>11</district>
        <fullName>Rep. Frelinghuysen, Rodney P. [R-NJ-11]</fullName>
        <state>NJ</state>
        <bioguideId>F000372</bioguideId>
        <lastName>FRELINGHUYSEN</lastName>
        <middleName />
      </item>
      <item>
        <identifiers>
          <lisID>2159</lisID>
          <gpoId />
          <bioguideId>C001090</bioguideId>
        </identifiers>
        <isOriginalCosponsor>False</isOriginalCosponsor>
        <firstName>Matt</firstName>
        <sponsorshipWithdrawnDate />
        <sponsorshipDate>2015-04-23</sponsorshipDate>
        <party>D</party>
        <district>17</district>
        <fullName>Rep. Cartwright, Matt [D-PA-17]</fullName>
        <state>PA</state>
        <bioguideId>C001090</bioguideId>
        <lastName>Cartwright</lastName>
        <middleName />
      </item>
      <item>
        <identifiers>
          <gpoId>7834</gpoId>
          <lisID>1635</lisID>
          <bioguideId>S001150</bioguideId>
        </identifiers>
        <isOriginalCosponsor>False</isOriginalCosponsor>
        <firstName>ADAM</firstName>
        <sponsorshipWithdrawnDate />
        <sponsorshipDate>2015-04-28</sponsorshipDate>
        <party>D</party>
        <district>28</district>
        <fullName>Rep. Schiff, Adam B. [D-CA-28]</fullName>
        <state>CA</state>
        <bioguideId>S001150</bioguideId>
        <lastName>SCHIFF</lastName>
        <middleName>B.</middleName>
      </item>
      <item>
        <identifiers>
          <bioguideId>C001101</bioguideId>
          <lisID>2196</lisID>
          <gpoId />
        </identifiers>
        <isOriginalCosponsor>False</isOriginalCosponsor>
        <firstName>Katherine</firstName>
        <sponsorshipWithdrawnDate />
        <sponsorshipDate>2015-04-30</sponsorshipDate>
        <party>D</party>
        <district>5</district>
        <fullName>Rep. Clark, Katherine M. [D-MA-5]</fullName>
        <state>MA</state>
        <bioguideId>C001101</bioguideId>
        <lastName>Clark</lastName>
        <middleName>M.</middleName>
      </item>
      <item>
        <identifiers>
          <bioguideId>H001034</bioguideId>
          <lisID>1634</lisID>
          <gpoId>7820</gpoId>
        </identifiers>
        <isOriginalCosponsor>False</isOriginalCosponsor>
        <firstName>MICHAEL</firstName>
        <sponsorshipWithdrawnDate />
        <sponsorshipDate>2015-05-13</sponsorshipDate>
        <party>D</party>
        <district>17</district>
        <fullName>Rep. Honda, Michael M. [D-CA-17]</fullName>
        <state>CA</state>
        <bioguideId>H001034</bioguideId>
        <lastName>HONDA</lastName>
        <middleName>M.</middleName>
      </item>
      <item>
        <identifiers>
          <gpoId>8156</gpoId>
          <lisID>1878</lisID>
          <bioguideId>C001068</bioguideId>
        </identifiers>
        <isOriginalCosponsor>False</isOriginalCosponsor>
        <firstName>Steve</firstName>
        <sponsorshipWithdrawnDate />
        <sponsorshipDate>2015-06-12</sponsorshipDate>
        <party>D</party>
        <district>9</district>
        <fullName>Rep. Cohen, Steve [D-TN-9]</fullName>
        <state>TN</state>
        <bioguideId>C001068</bioguideId>
        <lastName>Cohen</lastName>
        <middleName />
      </item>
      <item>
        <identifiers>
          <lisID>1884</lisID>
          <gpoId>7970</gpoId>
          <bioguideId>T000465</bioguideId>
        </identifiers>
        <isOriginalCosponsor>False</isOriginalCosponsor>
        <firstName>Niki</firstName>
        <sponsorshipWithdrawnDate />
        <sponsorshipDate>2015-07-07</sponsorshipDate>
        <party>D</party>
        <district>3</district>
        <fullName>Rep. Tsongas, Niki [D-MA-3]</fullName>
        <state>MA</state>
        <bioguideId>T000465</bioguideId>
        <lastName>Tsongas</lastName>
        <middleName />
      </item>
      <item>
        <identifiers>
          <bioguideId>P000096</bioguideId>
          <gpoId>8050</gpoId>
          <lisID>1510</lisID>
        </identifiers>
        <isOriginalCosponsor>False</isOriginalCosponsor>
        <firstName>WILLIAM</firstName>
        <sponsorshipWithdrawnDate />
        <sponsorshipDate>2015-09-10</sponsorshipDate>
        <party>D</party>
        <district>9</district>
        <fullName>Rep. Pascrell, Bill, Jr. [D-NJ-9]</fullName>
        <state>NJ</state>
        <bioguideId>P000096</bioguideId>
        <lastName>PASCRELL</lastName>
        <middleName>J.</middleName>
      </item>
      <item>
        <identifiers>
          <gpoId />
          <lisID>2202</lisID>
          <bioguideId>N000188</bioguideId>
        </identifiers>
        <isOriginalCosponsor>False</isOriginalCosponsor>
        <firstName>Donald</firstName>
        <sponsorshipWithdrawnDate />
        <sponsorshipDate>2015-09-18</sponsorshipDate>
        <party>D</party>
        <district>1</district>
        <fullName>Rep. Norcross, Donald [D-NJ-1]</fullName>
        <state>NJ</state>
        <bioguideId>N000188</bioguideId>
        <lastName>Norcross</lastName>
        <middleName />
      </item>
      <item>
        <identifiers>
          <bioguideId>L000567</bioguideId>
          <lisID>1936</lisID>
          <gpoId>8049</gpoId>
        </identifiers>
        <isOriginalCosponsor>False</isOriginalCosponsor>
        <firstName>Leonard</firstName>
        <sponsorshipWithdrawnDate />
        <sponsorshipDate>2015-09-25</sponsorshipDate>
        <party>R</party>
        <district>7</district>
        <fullName>Rep. Lance, Leonard [R-NJ-7]</fullName>
        <state>NJ</state>
        <bioguideId>L000567</bioguideId>
        <lastName>Lance</lastName>
        <middleName />
      </item>
      <item>
        <identifiers>
          <gpoId>8044</gpoId>
          <lisID>699</lisID>
          <bioguideId>L000554</bioguideId>
        </identifiers>
        <isOriginalCosponsor>False</isOriginalCosponsor>
        <firstName>FRANK</firstName>
        <sponsorshipWithdrawnDate />
        <sponsorshipDate>2015-11-18</sponsorshipDate>
        <party>R</party>
        <district>2</district>
        <fullName>Rep. LoBiondo, Frank A. [R-NJ-2]</fullName>
        <state>NJ</state>
        <bioguideId>L000554</bioguideId>
        <lastName>LOBIONDO</lastName>
        <middleName>A.</middleName>
      </item>
      <item>
        <identifiers>
          <gpoId>8058</gpoId>
          <lisID>1939</lisID>
          <bioguideId>L000570</bioguideId>
        </identifiers>
        <isOriginalCosponsor>False</isOriginalCosponsor>
        <firstName>Ben</firstName>
        <sponsorshipWithdrawnDate />
        <sponsorshipDate>2015-12-15</sponsorshipDate>
        <party>D</party>
        <district>3</district>
        <fullName>Rep. Lujan, Ben Ray [D-NM-3]</fullName>
        <state>NM</state>
        <bioguideId>L000570</bioguideId>
        <lastName>Lujan</lastName>
        <middleName>Ray</middleName>
      </item>
      <item>
        <identifiers>
          <gpoId>8120</gpoId>
          <lisID>371</lisID>
          <bioguideId>F000043</bioguideId>
        </identifiers>
        <isOriginalCosponsor>False</isOriginalCosponsor>
        <firstName>CHAKA</firstName>
        <sponsorshipWithdrawnDate />
        <sponsorshipDate>2016-03-14</sponsorshipDate>
        <party>D</party>
        <district>2</district>
        <fullName>Rep. Fattah, Chaka [D-PA-2]</fullName>
        <state>PA</state>
        <bioguideId>F000043</bioguideId>
        <lastName>FATTAH</lastName>
        <middleName />
      </item>
      <item>
        <identifiers>
          <gpoId>7979</gpoId>
          <lisID>1894</lisID>
          <bioguideId>E000290</bioguideId>
        </identifiers>
        <isOriginalCosponsor>False</isOriginalCosponsor>
        <firstName>Donna</firstName>
        <sponsorshipWithdrawnDate />
        <sponsorshipDate>2016-03-15</sponsorshipDate>
        <party>D</party>
        <district>4</district>
        <fullName>Rep. Edwards, Donna F. [D-MD-4]</fullName>
        <state>MD</state>
        <bioguideId>E000290</bioguideId>
        <lastName>Edwards</lastName>
        <middleName>F.</middleName>
      </item>
      <item>
        <identifiers>
          <bioguideId>N000147</bioguideId>
          <lisID>868</lisID>
          <gpoId>7871</gpoId>
        </identifiers>
        <isOriginalCosponsor>False</isOriginalCosponsor>
        <firstName>ELEANOR</firstName>
        <sponsorshipWithdrawnDate />
        <sponsorshipDate>2016-03-16</sponsorshipDate>
        <party>D</party>
        <district>0</district>
        <fullName>Rep. Norton, Eleanor Holmes [D-DC-At Large]</fullName>
        <state>DC</state>
        <bioguideId>N000147</bioguideId>
        <lastName>NORTON</lastName>
        <middleName>HOLMES</middleName>
      </item>
    </cosponsors>
    <congress>114</congress>
    <committees>
      <billCommittees>
        <item>
          <subcommittees>
            <item>
              <name>Health Subcommittee</name>
              <activities>
                <item>
                  <name>Referred to</name>
                  <date>2015-01-30T18:39:33Z</date>
                </item>
              </activities>
              <systemCode>hsif14</systemCode>
            </item>
          </subcommittees>
          <chamber>House</chamber>
          <type>Standing</type>
          <name>Energy and Commerce Committee</name>
          <systemCode>hsif00</systemCode>
          <activities>
            <item>
              <name>Referred to</name>
              <date>2015-01-28T14:01:15Z</date>
            </item>
          </activities>
        </item>
      </billCommittees>
    </committees>
    <sponsors>
      <item>
        <fullName>Rep. Sires, Albio [D-NJ-8]</fullName>
        <lastName>Sires</lastName>
        <byRequestType />
        <party>D</party>
        <state>NJ</state>
        <middleName />
        <firstName>Albio</firstName>
        <bioguideId>S001165</bioguideId>
        <district>8</district>
        <identifiers>
          <lisID>1818</lisID>
          <gpoId>8055</gpoId>
          <bioguideId>S001165</bioguideId>
        </identifiers>
      </item>
    </sponsors>
    <latestAction>
      <text>Referred to the Subcommittee on Health.</text>
      <actionDate>2015-01-30</actionDate>
      <links />
    </latestAction>
    <subjects>
      <billSubjects>
        <policyArea>
          <name>Armed Forces and National Security</name>
        </policyArea>
        <legislativeSubjects>
          <item>
            <name>Government information and archives</name>
          </item>
          <item>
            <name>Health</name>
          </item>
          <item>
            <name>Health information and medical records</name>
          </item>
          <item>
            <name>Health programs administration and funding</name>
          </item>
          <item>
            <name>Medical research</name>
          </item>
          <item>
            <name>Neurological disorders</name>
          </item>
          <item>
            <name>Research administration and funding</name>
          </item>
        </legislativeSubjects>
      </billSubjects>
    </subjects>
    <constitutionalAuthorityStatementText><![CDATA[<pre>From the Congressional Record Online through the Government Publishing Office [<a href='http://www.gpo.gov'>www.gpo.gov</a>]By Mr. SIRES:H.R. 619.Congress has the power to enact this legislation pursuantto the following:Pursuant to clause 3(d) (1) of rule XIII of the Rules ofthe House of Representatives, the Committee finds theauthority for this legislation in article I, section 8 of theConstitution.[Page H664]</pre>]]></constitutionalAuthorityStatementText>
    <createDate>2015-01-29T04:56:27Z</createDate>
    <title>Collaborative Academic Research Efforts for Tourette Syndrome Act of 2015</title>
    <laws />
    <titles>
      <item>
        <chamberName />
        <titleType>Short Titles as Introduced</titleType>
        <parentTitleType />
        <title>Collaborative Academic Research Efforts for Tourette Syndrome Act of 2015</title>
        <chamberCode />
      </item>
      <item>
        <chamberName />
        <titleType>Official Title as Introduced</titleType>
        <parentTitleType />
        <title>To amend the Public Health Service Act to provide for the expansion, intensification, and coordination of the programs and activities of the National Institutes of Health with respect to Tourette syndrome.</title>
        <chamberCode />
      </item>
      <item>
        <chamberName />
        <titleType>Display Title</titleType>
        <parentTitleType />
        <title>Collaborative Academic Research Efforts for Tourette Syndrome Act of 2015</title>
        <chamberCode />
      </item>
    </titles>
    <committeeReports />
    <notes />
    <cboCostEstimates />
  </bill>
  <dublinCore xmlns:dc="http://purl.org/dc/elements/1.1/">
    <dc:format>text/xml</dc:format>
    <dc:language>EN</dc:language>
    <dc:rights>Pursuant to Title 17 Section 105 of the United States Code, this file is not subject to copyright protection and is in the public domain.</dc:rights>
    <dc:contributor>Congressional Research Service, Library of Congress</dc:contributor>
    <dc:description>This file contains bill summaries and statuses for federal legislation. A bill summary describes the most significant provisions of a piece of legislation and details the effects the legislative text may have on current law and federal programs. Bill summaries are authored by the Congressional Research Service (CRS) of the Library of Congress. As stated in Public Law 91-510 (2 USC 166 (d)(6)), one of the duties of CRS is "to prepare summaries and digests of bills and resolutions of a public general nature introduced in the Senate or House of Representatives". For more information, refer to the User Guide that accompanies this file.</dc:description>
  </dublinCore>
</billStatus>

