<?xml version="1.0" encoding="UTF-8"?>
<billStatus>
  <bill>
    <committees>
      <billCommittees>
        <item>
          <subcommittees>
            <item>
              <systemCode>hswm02</systemCode>
              <activities>
                <item>
                  <date>2015-02-27T21:53:17Z</date>
                  <name>Referred to</name>
                </item>
              </activities>
              <name>Health Subcommittee</name>
            </item>
          </subcommittees>
          <chamber>House</chamber>
          <systemCode>hswm00</systemCode>
          <activities>
            <item>
              <date>2015-02-09T18:01:25Z</date>
              <name>Referred to</name>
            </item>
          </activities>
          <type>Standing</type>
          <name>Ways and Means Committee</name>
        </item>
        <item>
          <subcommittees>
            <item>
              <systemCode>hsif14</systemCode>
              <activities>
                <item>
                  <date>2015-02-13T19:02:50Z</date>
                  <name>Referred to</name>
                </item>
              </activities>
              <name>Health Subcommittee</name>
            </item>
          </subcommittees>
          <chamber>House</chamber>
          <systemCode>hsif00</systemCode>
          <activities>
            <item>
              <date>2015-02-09T18:01:20Z</date>
              <name>Referred to</name>
            </item>
          </activities>
          <type>Standing</type>
          <name>Energy and Commerce Committee</name>
        </item>
      </billCommittees>
    </committees>
    <congress>114</congress>
    <billNumber>818</billNumber>
    <updateDate>2016-11-02T21:25:23Z</updateDate>
    <subjects>
      <billSubjects>
        <legislativeSubjects>
          <item>
            <name>Accounting and auditing</name>
          </item>
          <item>
            <name>Child health</name>
          </item>
          <item>
            <name>Employee hiring</name>
          </item>
          <item>
            <name>Fraud offenses and financial crimes</name>
          </item>
          <item>
            <name>Government information and archives</name>
          </item>
          <item>
            <name>Government studies and investigations</name>
          </item>
          <item>
            <name>Health care costs and insurance</name>
          </item>
          <item>
            <name>Health programs administration and funding</name>
          </item>
          <item>
            <name>Medicaid</name>
          </item>
          <item>
            <name>Medicare</name>
          </item>
          <item>
            <name>Prescription drugs</name>
          </item>
          <item>
            <name>Public contracts and procurement</name>
          </item>
        </legislativeSubjects>
        <policyArea>
          <name>Health</name>
        </policyArea>
      </billSubjects>
    </subjects>
    <policyArea>
      <name>Health</name>
    </policyArea>
    <summaries>
      <billSummaries>
        <item>
          <updateDate>2015-02-09T05:00:00Z</updateDate>
          <versionCode>00</versionCode>
          <text><![CDATA[<p><b>Preventing and Reducing Improper Medicare and Medicaid Expenditures Act of 2015 or the PRIME Act of 2015</b></p> <p>Amends part D (Prescription Drug Benefits) of title XVIII (Medicare) of the Social Security Act (SSAct) to direct the Secretary of Health and Human Services (HHS) to prohibit sponsors of prescription drug plans from paying claims for prescription drugs that do not include the valid National Provider Identifier for the drug's prescriber.</p> <p>Requires the Secretary's annual report to Congress on the use of recovery audit contractors under the Medicare Integrity Program to: (1) describe the types and financial cost of improper payment vulnerabilities identified by recovery audit contractors and how the Secretary is addressing them, and (2) assess the effectiveness of changes made to Medicare payment policies and procedures in order to address those vulnerabilities. </p> <p>Requires the Secretary to address improper payment vulnerabilities in a timely manner, prioritized based on the risk to the Medicare program. </p> <p>Authorizes the Secretary, under recovery audit contracts under both Medicare and Medicaid (SSAct title XIX), to retain a certain portion of the recovered amounts for a program management account for activities addressing problems that contribute to improper payments and fraud. </p> <p>Requires the Secretary, under such contracts, to retain an additional 5% of the recovered amounts to be made available to the HHS Inspector General to investigate improper payments or audit internal controls associated with Medicare or Medicaid payments. </p> <p>Directs the Secretary to develop a plan to revise the incentive program under the Health Insurance Portability and Accountability Act of 1996 for the reporting of fraud and abuse to encourage greater participation by individuals reporting Medicare fraud and abuse. Requires the plan to include certain recommendations for: (1) ways to enhance rewards for individuals reporting, and (2) extension of the incentive program to the Medicaid program.</p> <p>Amends SSAct title XIX to cover the costs of equipment, salaries and benefits, and travel and training in appropriations for the Medicaid Integrity Program. Allows the Secretary to increase Centers for Medicare and Medicaid Services (CMS) staff whose duties consist solely of protecting the integrity of the Medicare program by a number determined necessary to carry out the Program (currently, by 100).</p> <p>Directs the Secretary to provide incentives for Medicare administrative contractors to reduce the improper payment error rates in their jurisdictions.</p> <p>Requires imprisonment for up to 10 years or a fine of up to $500,000 ($1 million in the case of a corporation), or both, for knowingly, intentionally, and with the intent to defraud purchasing, selling, distributing, or arranging for the purchase, sale, or distribution of a Medicare, Medicaid, or CHIP beneficiary identification number or billing privileges under SSAct titles XVIII, title XIX, or title XXI (Children's Health Insurance Program) (CHIP).</p> <p>Amends SSAct title IV part D (Child Support and Establishment of Paternity) with respect to the Federal Parent Locator Service to give the CMS Administrator access to information in the National Directory of New Hires to determine the eligibility of an applicant for, or enrollee in, the Medicare program or an applicable state health subsidy program under the Patient Protection and Affordable Care Act (PPACA). </p> <p>Requires the Secretary to disclose to the HHS Inspector General information on individuals and their employers in the National Directory of New Hires if the HHS Inspector General gives the Secretary their names and Social Security account numbers. Restricts the use of such information to: (1) determining the eligibility of an applicant for, or enrollee in, the Medicare program or an applicable state health subsidy program; or (2) evaluating the integrity of such programs. Sets forth rules for the use and disclosure of such information by state agencies.</p> <p>Directs the Secretary to establish a plan to encourage and facilitate the participation of states in the Medicare-Medicaid Data Match Program (Medi-Medi Program). Revises Medi-Medi Data Match Program purposes.</p> <p>Amends SSAct title XIX, as amended by PPACA, and SSAct XXI with respect to claims processing and detection of fraud within the Medicaid and CHIP programs.</p>]]></text>
          <lastSummaryUpdateDate>2015-02-24T20:02:27Z</lastSummaryUpdateDate>
          <actionDate>2015-02-09</actionDate>
          <actionDesc>Introduced in House</actionDesc>
          <name>Introduced in House</name>
        </item>
      </billSummaries>
    </summaries>
    <title>PRIME Act of 2015</title>
    <laws />
    <cosponsors>
      <item>
        <isOriginalCosponsor>True</isOriginalCosponsor>
        <fullName>Rep. Carney, John C., Jr. [D-DE-At Large]</fullName>
        <firstName>John</firstName>
        <identifiers>
          <lisID>1999</lisID>
          <gpoId>7872</gpoId>
          <bioguideId>C001083</bioguideId>
        </identifiers>
        <state>DE</state>
        <middleName>C.</middleName>
        <lastName>Carney</lastName>
        <bioguideId>C001083</bioguideId>
        <sponsorshipDate>2015-02-09</sponsorshipDate>
        <district>0</district>
        <sponsorshipWithdrawnDate />
        <party>D</party>
      </item>
      <item>
        <isOriginalCosponsor>True</isOriginalCosponsor>
        <fullName>Rep. Bera, Ami [D-CA-7]</fullName>
        <firstName>Ami</firstName>
        <identifiers>
          <gpoId />
          <lisID>2102</lisID>
          <bioguideId>B001287</bioguideId>
        </identifiers>
        <state>CA</state>
        <middleName />
        <lastName>Bera</lastName>
        <bioguideId>B001287</bioguideId>
        <sponsorshipDate>2015-02-09</sponsorshipDate>
        <district>7</district>
        <sponsorshipWithdrawnDate />
        <party>D</party>
      </item>
      <item>
        <isOriginalCosponsor>True</isOriginalCosponsor>
        <fullName>Rep. Black, Diane [R-TN-6]</fullName>
        <firstName>Diane</firstName>
        <identifiers>
          <bioguideId>B001273</bioguideId>
          <gpoId>8153</gpoId>
          <lisID>2063</lisID>
        </identifiers>
        <state>TN</state>
        <middleName />
        <lastName>Black</lastName>
        <bioguideId>B001273</bioguideId>
        <sponsorshipDate>2015-02-09</sponsorshipDate>
        <district>6</district>
        <sponsorshipWithdrawnDate />
        <party>R</party>
      </item>
      <item>
        <isOriginalCosponsor>True</isOriginalCosponsor>
        <fullName>Rep. Blumenauer, Earl [D-OR-3]</fullName>
        <firstName>EARL</firstName>
        <identifiers>
          <lisID>99</lisID>
          <bioguideId>B000574</bioguideId>
          <gpoId>8116</gpoId>
        </identifiers>
        <state>OR</state>
        <middleName />
        <lastName>BLUMENAUER</lastName>
        <bioguideId>B000574</bioguideId>
        <sponsorshipDate>2015-02-09</sponsorshipDate>
        <district>3</district>
        <sponsorshipWithdrawnDate />
        <party>D</party>
      </item>
      <item>
        <isOriginalCosponsor>True</isOriginalCosponsor>
        <fullName>Rep. Cartwright, Matt [D-PA-17]</fullName>
        <firstName>Matt</firstName>
        <identifiers>
          <lisID>2159</lisID>
          <gpoId />
          <bioguideId>C001090</bioguideId>
        </identifiers>
        <state>PA</state>
        <middleName />
        <lastName>Cartwright</lastName>
        <bioguideId>C001090</bioguideId>
        <sponsorshipDate>2015-02-09</sponsorshipDate>
        <district>17</district>
        <sponsorshipWithdrawnDate />
        <party>D</party>
      </item>
      <item>
        <isOriginalCosponsor>True</isOriginalCosponsor>
        <fullName>Rep. Cooper, Jim [D-TN-5]</fullName>
        <firstName>JAMES</firstName>
        <identifiers>
          <bioguideId>C000754</bioguideId>
          <lisID>231</lisID>
          <gpoId>8152</gpoId>
        </identifiers>
        <state>TN</state>
        <middleName>H.</middleName>
        <lastName>COOPER</lastName>
        <bioguideId>C000754</bioguideId>
        <sponsorshipDate>2015-02-09</sponsorshipDate>
        <district>5</district>
        <sponsorshipWithdrawnDate />
        <party>D</party>
      </item>
      <item>
        <isOriginalCosponsor>True</isOriginalCosponsor>
        <fullName>Rep. Curbelo, Carlos [R-FL-26]</fullName>
        <firstName>Carlos</firstName>
        <identifiers>
          <gpoId />
          <lisID>2235</lisID>
          <bioguideId>C001107</bioguideId>
        </identifiers>
        <state>FL</state>
        <middleName />
        <lastName>Curbelo</lastName>
        <bioguideId>C001107</bioguideId>
        <sponsorshipDate>2015-02-09</sponsorshipDate>
        <district>26</district>
        <sponsorshipWithdrawnDate />
        <party>R</party>
      </item>
      <item>
        <isOriginalCosponsor>True</isOriginalCosponsor>
        <fullName>Rep. Delaney, John K. [D-MD-6]</fullName>
        <firstName>John</firstName>
        <identifiers>
          <lisID>2133</lisID>
          <gpoId />
          <bioguideId>D000620</bioguideId>
        </identifiers>
        <state>MD</state>
        <middleName>K.</middleName>
        <lastName>Delaney</lastName>
        <bioguideId>D000620</bioguideId>
        <sponsorshipDate>2015-02-09</sponsorshipDate>
        <district>6</district>
        <sponsorshipWithdrawnDate />
        <party>D</party>
      </item>
      <item>
        <isOriginalCosponsor>True</isOriginalCosponsor>
        <fullName>Rep. Hanna, Richard L. [R-NY-22]</fullName>
        <firstName>Richard</firstName>
        <identifiers>
          <lisID>2044</lisID>
          <gpoId>8085</gpoId>
          <bioguideId>H001051</bioguideId>
        </identifiers>
        <state>NY</state>
        <middleName>L.</middleName>
        <lastName>Hanna</lastName>
        <bioguideId>H001051</bioguideId>
        <sponsorshipDate>2015-02-09</sponsorshipDate>
        <district>22</district>
        <sponsorshipWithdrawnDate />
        <party>R</party>
      </item>
      <item>
        <isOriginalCosponsor>True</isOriginalCosponsor>
        <fullName>Rep. Himes, James A. [D-CT-4]</fullName>
        <firstName>James</firstName>
        <identifiers>
          <bioguideId>H001047</bioguideId>
          <gpoId>7869</gpoId>
          <lisID>1913</lisID>
        </identifiers>
        <state>CT</state>
        <middleName>A.</middleName>
        <lastName>Himes</lastName>
        <bioguideId>H001047</bioguideId>
        <sponsorshipDate>2015-02-09</sponsorshipDate>
        <district>4</district>
        <sponsorshipWithdrawnDate />
        <party>D</party>
      </item>
      <item>
        <isOriginalCosponsor>True</isOriginalCosponsor>
        <fullName>Rep. Hultgren, Randy [R-IL-14]</fullName>
        <firstName>Randy</firstName>
        <identifiers>
          <bioguideId>H001059</bioguideId>
          <lisID>2015</lisID>
          <gpoId>7934</gpoId>
        </identifiers>
        <state>IL</state>
        <middleName />
        <lastName>Hultgren</lastName>
        <bioguideId>H001059</bioguideId>
        <sponsorshipDate>2015-02-09</sponsorshipDate>
        <district>14</district>
        <sponsorshipWithdrawnDate />
        <party>R</party>
      </item>
      <item>
        <isOriginalCosponsor>True</isOriginalCosponsor>
        <fullName>Rep. Joyce, David P. [R-OH-14]</fullName>
        <firstName>David</firstName>
        <identifiers>
          <gpoId />
          <lisID>2154</lisID>
          <bioguideId>J000295</bioguideId>
        </identifiers>
        <state>OH</state>
        <middleName>P.</middleName>
        <lastName>Joyce</lastName>
        <bioguideId>J000295</bioguideId>
        <sponsorshipDate>2015-02-09</sponsorshipDate>
        <district>14</district>
        <sponsorshipWithdrawnDate />
        <party>R</party>
      </item>
      <item>
        <isOriginalCosponsor>True</isOriginalCosponsor>
        <fullName>Rep. Kind, Ron [D-WI-3]</fullName>
        <firstName>RON</firstName>
        <identifiers>
          <lisID>1498</lisID>
          <gpoId>8216</gpoId>
          <bioguideId>K000188</bioguideId>
        </identifiers>
        <state>WI</state>
        <middleName />
        <lastName>KIND</lastName>
        <bioguideId>K000188</bioguideId>
        <sponsorshipDate>2015-02-09</sponsorshipDate>
        <district>3</district>
        <sponsorshipWithdrawnDate />
        <party>D</party>
      </item>
      <item>
        <isOriginalCosponsor>True</isOriginalCosponsor>
        <fullName>Rep. Lipinski, Daniel [D-IL-3]</fullName>
        <firstName>Daniel</firstName>
        <identifiers>
          <lisID>1781</lisID>
          <bioguideId>L000563</bioguideId>
          <gpoId>7923</gpoId>
        </identifiers>
        <state>IL</state>
        <middleName>William</middleName>
        <lastName>Lipinski</lastName>
        <bioguideId>L000563</bioguideId>
        <sponsorshipDate>2015-02-09</sponsorshipDate>
        <district>3</district>
        <sponsorshipWithdrawnDate />
        <party>D</party>
      </item>
      <item>
        <isOriginalCosponsor>True</isOriginalCosponsor>
        <fullName>Rep. Olson, Pete [R-TX-22]</fullName>
        <firstName>Pete</firstName>
        <identifiers>
          <bioguideId>O000168</bioguideId>
          <gpoId>8178</gpoId>
          <lisID>1955</lisID>
        </identifiers>
        <state>TX</state>
        <middleName />
        <lastName>Olson</lastName>
        <bioguideId>O000168</bioguideId>
        <sponsorshipDate>2015-02-09</sponsorshipDate>
        <district>22</district>
        <sponsorshipWithdrawnDate />
        <party>R</party>
      </item>
      <item>
        <isOriginalCosponsor>True</isOriginalCosponsor>
        <fullName>Rep. Perlmutter, Ed [D-CO-7]</fullName>
        <firstName>Ed</firstName>
        <identifiers>
          <lisID>1835</lisID>
          <gpoId>7865</gpoId>
          <bioguideId>P000593</bioguideId>
        </identifiers>
        <state>CO</state>
        <middleName />
        <lastName>Perlmutter</lastName>
        <bioguideId>P000593</bioguideId>
        <sponsorshipDate>2015-02-09</sponsorshipDate>
        <district>7</district>
        <sponsorshipWithdrawnDate />
        <party>D</party>
      </item>
      <item>
        <isOriginalCosponsor>True</isOriginalCosponsor>
        <fullName>Rep. Peters, Scott H. [D-CA-52]</fullName>
        <firstName>Scott</firstName>
        <identifiers>
          <lisID>2113</lisID>
          <bioguideId>P000608</bioguideId>
          <gpoId />
        </identifiers>
        <state>CA</state>
        <middleName>H.</middleName>
        <lastName>Peters</lastName>
        <bioguideId>P000608</bioguideId>
        <sponsorshipDate>2015-02-09</sponsorshipDate>
        <district>52</district>
        <sponsorshipWithdrawnDate />
        <party>D</party>
      </item>
      <item>
        <isOriginalCosponsor>True</isOriginalCosponsor>
        <fullName>Rep. Renacci, James B. [R-OH-16]</fullName>
        <firstName>James</firstName>
        <identifiers>
          <bioguideId>R000586</bioguideId>
          <gpoId>8106</gpoId>
          <lisID>2048</lisID>
        </identifiers>
        <state>OH</state>
        <middleName>B.</middleName>
        <lastName>Renacci</lastName>
        <bioguideId>R000586</bioguideId>
        <sponsorshipDate>2015-02-09</sponsorshipDate>
        <district>16</district>
        <sponsorshipWithdrawnDate />
        <party>R</party>
      </item>
      <item>
        <isOriginalCosponsor>True</isOriginalCosponsor>
        <fullName>Rep. Ribble, Reid J. [R-WI-8]</fullName>
        <firstName>Reid</firstName>
        <identifiers>
          <lisID>2073</lisID>
          <gpoId>8221</gpoId>
          <bioguideId>R000587</bioguideId>
        </identifiers>
        <state>WI</state>
        <middleName>J.</middleName>
        <lastName>Ribble</lastName>
        <bioguideId>R000587</bioguideId>
        <sponsorshipDate>2015-02-09</sponsorshipDate>
        <district>8</district>
        <sponsorshipWithdrawnDate />
        <party>R</party>
      </item>
      <item>
        <isOriginalCosponsor>True</isOriginalCosponsor>
        <fullName>Rep. Rooney, Thomas J. [R-FL-17]</fullName>
        <firstName>Thomas</firstName>
        <identifiers>
          <bioguideId>R000583</bioguideId>
          <lisID>1916</lisID>
          <gpoId>7888</gpoId>
        </identifiers>
        <state>FL</state>
        <middleName>J.</middleName>
        <lastName>Rooney</lastName>
        <bioguideId>R000583</bioguideId>
        <sponsorshipDate>2015-02-09</sponsorshipDate>
        <district>17</district>
        <sponsorshipWithdrawnDate />
        <party>R</party>
      </item>
      <item>
        <isOriginalCosponsor>True</isOriginalCosponsor>
        <fullName>Rep. Ros-Lehtinen, Ileana [R-FL-27]</fullName>
        <firstName>ILEANA</firstName>
        <identifiers>
          <bioguideId>R000435</bioguideId>
          <gpoId>7890</gpoId>
          <lisID>985</lisID>
        </identifiers>
        <state>FL</state>
        <middleName />
        <lastName>ROS-LEHTINEN</lastName>
        <bioguideId>R000435</bioguideId>
        <sponsorshipDate>2015-02-09</sponsorshipDate>
        <district>27</district>
        <sponsorshipWithdrawnDate />
        <party>R</party>
      </item>
      <item>
        <isOriginalCosponsor>True</isOriginalCosponsor>
        <fullName>Rep. Van Hollen, Chris [D-MD-8]</fullName>
        <firstName>Chris</firstName>
        <identifiers>
          <lisID>1729</lisID>
          <bioguideId>V000128</bioguideId>
          <gpoId>7983</gpoId>
        </identifiers>
        <state>MD</state>
        <middleName />
        <lastName>Van Hollen</lastName>
        <bioguideId>V000128</bioguideId>
        <sponsorshipDate>2015-02-09</sponsorshipDate>
        <district>8</district>
        <sponsorshipWithdrawnDate />
        <party>D</party>
      </item>
      <item>
        <isOriginalCosponsor>True</isOriginalCosponsor>
        <fullName>Rep. Womack, Steve [R-AR-3]</fullName>
        <firstName>Steve</firstName>
        <identifiers>
          <lisID>1991</lisID>
          <gpoId>7795</gpoId>
          <bioguideId>W000809</bioguideId>
        </identifiers>
        <state>AR</state>
        <middleName />
        <lastName>Womack</lastName>
        <bioguideId>W000809</bioguideId>
        <sponsorshipDate>2015-02-09</sponsorshipDate>
        <district>3</district>
        <sponsorshipWithdrawnDate />
        <party>R</party>
      </item>
      <item>
        <isOriginalCosponsor>False</isOriginalCosponsor>
        <fullName>Rep. Ross, Dennis A. [R-FL-15]</fullName>
        <firstName>Dennis</firstName>
        <identifiers>
          <bioguideId>R000593</bioguideId>
          <lisID>2003</lisID>
          <gpoId>7884</gpoId>
        </identifiers>
        <state>FL</state>
        <middleName>A.</middleName>
        <lastName>Ross</lastName>
        <bioguideId>R000593</bioguideId>
        <sponsorshipDate>2015-02-11</sponsorshipDate>
        <district>15</district>
        <sponsorshipWithdrawnDate />
        <party>R</party>
      </item>
      <item>
        <isOriginalCosponsor>False</isOriginalCosponsor>
        <fullName>Rep. Speier, Jackie [D-CA-14]</fullName>
        <firstName>Jackie</firstName>
        <identifiers>
          <bioguideId>S001175</bioguideId>
          <gpoId>7817</gpoId>
          <lisID>1890</lisID>
        </identifiers>
        <state>CA</state>
        <middleName />
        <lastName>Speier</lastName>
        <bioguideId>S001175</bioguideId>
        <sponsorshipDate>2015-02-11</sponsorshipDate>
        <district>14</district>
        <sponsorshipWithdrawnDate />
        <party>D</party>
      </item>
      <item>
        <isOriginalCosponsor>False</isOriginalCosponsor>
        <fullName>Rep. Royce, Edward R. [R-CA-39]</fullName>
        <firstName>ED</firstName>
        <identifiers>
          <gpoId>7845</gpoId>
          <lisID>998</lisID>
          <bioguideId>R000487</bioguideId>
        </identifiers>
        <state>CA</state>
        <middleName />
        <lastName>ROYCE</lastName>
        <bioguideId>R000487</bioguideId>
        <sponsorshipDate>2015-02-24</sponsorshipDate>
        <district>39</district>
        <sponsorshipWithdrawnDate />
        <party>R</party>
      </item>
      <item>
        <isOriginalCosponsor>False</isOriginalCosponsor>
        <fullName>Rep. Duckworth, Tammy [D-IL-8]</fullName>
        <firstName>Tammy</firstName>
        <identifiers>
          <gpoId />
          <lisID>2123</lisID>
          <bioguideId>D000622</bioguideId>
        </identifiers>
        <state>IL</state>
        <middleName />
        <lastName>Duckworth</lastName>
        <bioguideId>D000622</bioguideId>
        <sponsorshipDate>2015-02-24</sponsorshipDate>
        <district>8</district>
        <sponsorshipWithdrawnDate />
        <party>D</party>
      </item>
      <item>
        <isOriginalCosponsor>False</isOriginalCosponsor>
        <fullName>Rep. Davis, Rodney [R-IL-13]</fullName>
        <firstName>Rodney</firstName>
        <identifiers>
          <bioguideId>D000619</bioguideId>
          <gpoId />
          <lisID>2126</lisID>
        </identifiers>
        <state>IL</state>
        <middleName />
        <lastName>Davis</lastName>
        <bioguideId>D000619</bioguideId>
        <sponsorshipDate>2015-02-25</sponsorshipDate>
        <district>13</district>
        <sponsorshipWithdrawnDate />
        <party>R</party>
      </item>
      <item>
        <isOriginalCosponsor>False</isOriginalCosponsor>
        <fullName>Rep. Sires, Albio [D-NJ-8]</fullName>
        <firstName>Albio</firstName>
        <identifiers>
          <bioguideId>S001165</bioguideId>
          <gpoId>8055</gpoId>
          <lisID>1818</lisID>
        </identifiers>
        <state>NJ</state>
        <middleName />
        <lastName>Sires</lastName>
        <bioguideId>S001165</bioguideId>
        <sponsorshipDate>2015-02-25</sponsorshipDate>
        <district>8</district>
        <sponsorshipWithdrawnDate />
        <party>D</party>
      </item>
      <item>
        <isOriginalCosponsor>False</isOriginalCosponsor>
        <fullName>Rep. Paulsen, Erik [R-MN-3]</fullName>
        <firstName>Erik</firstName>
        <identifiers>
          <bioguideId>P000594</bioguideId>
          <lisID>1930</lisID>
          <gpoId>8003</gpoId>
        </identifiers>
        <state>MN</state>
        <middleName />
        <lastName>Paulsen</lastName>
        <bioguideId>P000594</bioguideId>
        <sponsorshipDate>2015-02-25</sponsorshipDate>
        <district>3</district>
        <sponsorshipWithdrawnDate />
        <party>R</party>
      </item>
      <item>
        <isOriginalCosponsor>False</isOriginalCosponsor>
        <fullName>Rep. Loebsack, David [D-IA-2]</fullName>
        <firstName>David</firstName>
        <identifiers>
          <lisID>1846</lisID>
          <gpoId>7915</gpoId>
          <bioguideId>L000565</bioguideId>
        </identifiers>
        <state>IA</state>
        <middleName />
        <lastName>Loebsack</lastName>
        <bioguideId>L000565</bioguideId>
        <sponsorshipDate>2015-02-25</sponsorshipDate>
        <district>2</district>
        <sponsorshipWithdrawnDate />
        <party>D</party>
      </item>
      <item>
        <isOriginalCosponsor>False</isOriginalCosponsor>
        <fullName>Rep. Reed, Tom [R-NY-23]</fullName>
        <firstName>Tom</firstName>
        <identifiers>
          <gpoId>8090</gpoId>
          <lisID>1982</lisID>
          <bioguideId>R000585</bioguideId>
        </identifiers>
        <state>NY</state>
        <middleName />
        <lastName>Reed</lastName>
        <bioguideId>R000585</bioguideId>
        <sponsorshipDate>2015-02-26</sponsorshipDate>
        <district>23</district>
        <sponsorshipWithdrawnDate />
        <party>R</party>
      </item>
      <item>
        <isOriginalCosponsor>False</isOriginalCosponsor>
        <fullName>Rep. Welch, Peter [D-VT-At Large]</fullName>
        <firstName>Peter</firstName>
        <identifiers>
          <bioguideId>W000800</bioguideId>
          <lisID>1879</lisID>
          <gpoId>8204</gpoId>
        </identifiers>
        <state>VT</state>
        <middleName />
        <lastName>Welch</lastName>
        <bioguideId>W000800</bioguideId>
        <sponsorshipDate>2015-02-26</sponsorshipDate>
        <district>0</district>
        <sponsorshipWithdrawnDate />
        <party>D</party>
      </item>
      <item>
        <isOriginalCosponsor>False</isOriginalCosponsor>
        <fullName>Rep. Bishop, Mike [R-MI-8]</fullName>
        <firstName>Mike</firstName>
        <identifiers>
          <lisID>2249</lisID>
          <gpoId />
          <bioguideId>B001293</bioguideId>
        </identifiers>
        <state>MI</state>
        <middleName />
        <lastName>Bishop</lastName>
        <bioguideId>B001293</bioguideId>
        <sponsorshipDate>2015-03-13</sponsorshipDate>
        <district>8</district>
        <sponsorshipWithdrawnDate />
        <party>R</party>
      </item>
      <item>
        <isOriginalCosponsor>False</isOriginalCosponsor>
        <fullName>Rep. Heck, Joseph J. [R-NV-3]</fullName>
        <firstName>Joseph</firstName>
        <identifiers>
          <lisID>2040</lisID>
          <bioguideId>H001055</bioguideId>
          <gpoId>8061</gpoId>
        </identifiers>
        <state>NV</state>
        <middleName>J.</middleName>
        <lastName>Heck</lastName>
        <bioguideId>H001055</bioguideId>
        <sponsorshipDate>2015-03-13</sponsorshipDate>
        <district>3</district>
        <sponsorshipWithdrawnDate />
        <party>R</party>
      </item>
      <item>
        <isOriginalCosponsor>False</isOriginalCosponsor>
        <fullName>Rep. Stefanik, Elise M. [R-NY-21]</fullName>
        <firstName>Elise</firstName>
        <identifiers>
          <gpoId />
          <lisID>2263</lisID>
          <bioguideId>S001196</bioguideId>
        </identifiers>
        <state>NY</state>
        <middleName>M.</middleName>
        <lastName>Stefanik</lastName>
        <bioguideId>S001196</bioguideId>
        <sponsorshipDate>2015-03-13</sponsorshipDate>
        <district>21</district>
        <sponsorshipWithdrawnDate />
        <party>R</party>
      </item>
      <item>
        <isOriginalCosponsor>False</isOriginalCosponsor>
        <fullName>Rep. Blum, Rod [R-IA-1]</fullName>
        <firstName>Rod</firstName>
        <identifiers>
          <gpoId />
          <lisID>2241</lisID>
          <bioguideId>B001294</bioguideId>
        </identifiers>
        <state>IA</state>
        <middleName />
        <lastName>Blum</lastName>
        <bioguideId>B001294</bioguideId>
        <sponsorshipDate>2015-03-13</sponsorshipDate>
        <district>1</district>
        <sponsorshipWithdrawnDate />
        <party>R</party>
      </item>
      <item>
        <isOriginalCosponsor>False</isOriginalCosponsor>
        <fullName>Rep. Boustany, Charles W., Jr. [R-LA-3]</fullName>
        <firstName>Charles</firstName>
        <identifiers>
          <lisID>1787</lisID>
          <gpoId>7965</gpoId>
          <bioguideId>B001255</bioguideId>
        </identifiers>
        <state>LA</state>
        <middleName>W.</middleName>
        <lastName>Boustany</lastName>
        <bioguideId>B001255</bioguideId>
        <sponsorshipDate>2015-03-13</sponsorshipDate>
        <district>3</district>
        <sponsorshipWithdrawnDate />
        <party>R</party>
      </item>
      <item>
        <isOriginalCosponsor>False</isOriginalCosponsor>
        <fullName>Rep. Webster, Daniel [R-FL-10]</fullName>
        <firstName>Daniel</firstName>
        <identifiers>
          <bioguideId>W000806</bioguideId>
          <lisID>2002</lisID>
          <gpoId>7880</gpoId>
        </identifiers>
        <state>FL</state>
        <middleName />
        <lastName>Webster</lastName>
        <bioguideId>W000806</bioguideId>
        <sponsorshipDate>2015-03-13</sponsorshipDate>
        <district>10</district>
        <sponsorshipWithdrawnDate />
        <party>R</party>
      </item>
      <item>
        <isOriginalCosponsor>False</isOriginalCosponsor>
        <fullName>Rep. Amodei, Mark E. [R-NV-2]</fullName>
        <firstName>Mark</firstName>
        <identifiers>
          <gpoId>8366</gpoId>
          <lisID>2090</lisID>
          <bioguideId>A000369</bioguideId>
        </identifiers>
        <state>NV</state>
        <middleName>E.</middleName>
        <lastName>Amodei</lastName>
        <bioguideId>A000369</bioguideId>
        <sponsorshipDate>2015-03-13</sponsorshipDate>
        <district>2</district>
        <sponsorshipWithdrawnDate />
        <party>R</party>
      </item>
      <item>
        <isOriginalCosponsor>False</isOriginalCosponsor>
        <fullName>Rep. Costello, Ryan A. [R-PA-6]</fullName>
        <firstName>Ryan</firstName>
        <identifiers>
          <bioguideId>C001106</bioguideId>
          <lisID>2266</lisID>
          <gpoId />
        </identifiers>
        <state>PA</state>
        <middleName>A.</middleName>
        <lastName>Costello</lastName>
        <bioguideId>C001106</bioguideId>
        <sponsorshipDate>2015-03-17</sponsorshipDate>
        <district>6</district>
        <sponsorshipWithdrawnDate />
        <party>R</party>
      </item>
      <item>
        <isOriginalCosponsor>False</isOriginalCosponsor>
        <fullName>Rep. LoBiondo, Frank A. [R-NJ-2]</fullName>
        <firstName>FRANK</firstName>
        <identifiers>
          <bioguideId>L000554</bioguideId>
          <gpoId>8044</gpoId>
          <lisID>699</lisID>
        </identifiers>
        <state>NJ</state>
        <middleName>A.</middleName>
        <lastName>LOBIONDO</lastName>
        <bioguideId>L000554</bioguideId>
        <sponsorshipDate>2015-03-17</sponsorshipDate>
        <district>2</district>
        <sponsorshipWithdrawnDate />
        <party>R</party>
      </item>
      <item>
        <isOriginalCosponsor>False</isOriginalCosponsor>
        <fullName>Rep. Mullin, Markwayne [R-OK-2]</fullName>
        <firstName>Markwayne</firstName>
        <identifiers>
          <lisID>2156</lisID>
          <bioguideId>M001190</bioguideId>
          <gpoId />
        </identifiers>
        <state>OK</state>
        <middleName />
        <lastName>Mullin</lastName>
        <bioguideId>M001190</bioguideId>
        <sponsorshipDate>2015-03-18</sponsorshipDate>
        <district>2</district>
        <sponsorshipWithdrawnDate />
        <party>R</party>
      </item>
      <item>
        <isOriginalCosponsor>False</isOriginalCosponsor>
        <fullName>Rep. Bustos, Cheri [D-IL-17]</fullName>
        <firstName>Cheri</firstName>
        <identifiers>
          <lisID>2127</lisID>
          <gpoId />
          <bioguideId>B001286</bioguideId>
        </identifiers>
        <state>IL</state>
        <middleName />
        <lastName>Bustos</lastName>
        <bioguideId>B001286</bioguideId>
        <sponsorshipDate>2015-03-24</sponsorshipDate>
        <district>17</district>
        <sponsorshipWithdrawnDate />
        <party>D</party>
      </item>
      <item>
        <isOriginalCosponsor>False</isOriginalCosponsor>
        <fullName>Rep. Simpson, Michael K. [R-ID-2]</fullName>
        <firstName>MICHAEL</firstName>
        <identifiers>
          <gpoId>7920</gpoId>
          <lisID>1590</lisID>
          <bioguideId>S001148</bioguideId>
        </identifiers>
        <state>ID</state>
        <middleName>K.</middleName>
        <lastName>SIMPSON</lastName>
        <bioguideId>S001148</bioguideId>
        <sponsorshipDate>2015-04-13</sponsorshipDate>
        <district>2</district>
        <sponsorshipWithdrawnDate />
        <party>R</party>
      </item>
      <item>
        <isOriginalCosponsor>False</isOriginalCosponsor>
        <fullName>Rep. Kirkpatrick, Ann [D-AZ-1]</fullName>
        <firstName>Ann</firstName>
        <identifiers>
          <gpoId>7220</gpoId>
          <lisID>1907</lisID>
          <bioguideId>K000368</bioguideId>
        </identifiers>
        <state>AZ</state>
        <middleName />
        <lastName>Kirkpatrick</lastName>
        <bioguideId>K000368</bioguideId>
        <sponsorshipDate>2015-04-13</sponsorshipDate>
        <district>1</district>
        <sponsorshipWithdrawnDate />
        <party>D</party>
      </item>
      <item>
        <isOriginalCosponsor>False</isOriginalCosponsor>
        <fullName>Rep. Brooks, Susan W. [R-IN-5]</fullName>
        <firstName>Susan</firstName>
        <identifiers>
          <bioguideId>B001284</bioguideId>
          <lisID>2129</lisID>
          <gpoId />
        </identifiers>
        <state>IN</state>
        <middleName>W.</middleName>
        <lastName>Brooks</lastName>
        <bioguideId>B001284</bioguideId>
        <sponsorshipDate>2015-04-28</sponsorshipDate>
        <district>5</district>
        <sponsorshipWithdrawnDate />
        <party>R</party>
      </item>
      <item>
        <isOriginalCosponsor>False</isOriginalCosponsor>
        <fullName>Rep. Lofgren, Zoe [D-CA-19]</fullName>
        <firstName>ZOE</firstName>
        <identifiers>
          <bioguideId>L000397</bioguideId>
          <lisID>701</lisID>
          <gpoId>7821</gpoId>
        </identifiers>
        <state>CA</state>
        <middleName />
        <lastName>LOFGREN</lastName>
        <bioguideId>L000397</bioguideId>
        <sponsorshipDate>2015-09-11</sponsorshipDate>
        <district>19</district>
        <sponsorshipWithdrawnDate />
        <party>D</party>
      </item>
    </cosponsors>
    <billType>HR</billType>
    <cboCostEstimates />
    <recordedVotes />
    <relatedBills>
      <item>
        <latestAction>
          <actionDate>2015-07-30</actionDate>
          <text>Placed on Senate Legislative Calendar under General Orders. Calendar No. 183.</text>
        </latestAction>
        <congress>114</congress>
        <latestTitle>PRIME Act of 2015</latestTitle>
        <relationshipDetails>
          <item>
            <type>Related bill</type>
            <identifiedBy>CRS</identifiedBy>
          </item>
        </relationshipDetails>
        <type>S</type>
        <number>861</number>
      </item>
      <item>
        <latestAction>
          <actionDate>2015-10-09</actionDate>
          <text>Referred to the Subcommittee on Health.</text>
        </latestAction>
        <congress>114</congress>
        <latestTitle>Preventing and Reducing Improper Medicare and Medicaid Expenditures to Restore Integrity to Benefits Act of 2015</latestTitle>
        <relationshipDetails>
          <item>
            <type>Related bill</type>
            <identifiedBy>CRS</identifiedBy>
          </item>
        </relationshipDetails>
        <type>HR</type>
        <number>3718</number>
      </item>
    </relatedBills>
    <actions>
      <actionTypeCounts>
        <placeholderTextForH>2</placeholderTextForH>
        <billReferrals>2</billReferrals>
        <introducedInTheHouse>1</introducedInTheHouse>
        <introducedInHouse>1</introducedInHouse>
        <billReferralsAggregate>1</billReferralsAggregate>
      </actionTypeCounts>
      <item>
        <actionDate>2015-02-27</actionDate>
        <committee>
          <name>Health Subcommittee</name>
          <systemCode>hswm02</systemCode>
        </committee>
        <links />
        <sourceSystem>
          <code>1</code>
          <name>House committee actions</name>
        </sourceSystem>
        <text>Referred to the Subcommittee on Health.</text>
        <type>Committee</type>
      </item>
      <item>
        <actionDate>2015-02-13</actionDate>
        <committee>
          <name>Health Subcommittee</name>
          <systemCode>hsif14</systemCode>
        </committee>
        <links />
        <sourceSystem>
          <code>1</code>
          <name>House committee actions</name>
        </sourceSystem>
        <text>Referred to the Subcommittee on Health.</text>
        <type>Committee</type>
      </item>
      <item>
        <actionDate>2015-02-09</actionDate>
        <sourceSystem>
          <code>2</code>
          <name>House floor actions</name>
        </sourceSystem>
        <text>Referred to House Ways and Means</text>
        <type>IntroReferral</type>
        <links />
        <actionCode>H11100</actionCode>
        <committee>
          <name>Ways and Means Committee</name>
          <systemCode>hswm00</systemCode>
        </committee>
      </item>
      <item>
        <actionDate>2015-02-09</actionDate>
        <sourceSystem>
          <code>9</code>
          <name>Library of Congress</name>
        </sourceSystem>
        <text>Referred to the Committee on Energy and Commerce, and in addition to the Committee on Ways and Means, for a period to be subsequently determined by the Speaker, in each case for consideration of such provisions as fall within the jurisdiction of the committee concerned.</text>
        <type>IntroReferral</type>
        <links />
        <actionCode>H11100-A</actionCode>
        <committee />
      </item>
      <item>
        <actionDate>2015-02-09</actionDate>
        <sourceSystem>
          <code>2</code>
          <name>House floor actions</name>
        </sourceSystem>
        <text>Referred to House Energy and Commerce</text>
        <type>IntroReferral</type>
        <links />
        <actionCode>H11100</actionCode>
        <committee>
          <name>Energy and Commerce Committee</name>
          <systemCode>hsif00</systemCode>
        </committee>
      </item>
      <item>
        <actionDate>2015-02-09</actionDate>
        <sourceSystem>
          <code>9</code>
          <name>Library of Congress</name>
        </sourceSystem>
        <text>Introduced in House</text>
        <type>IntroReferral</type>
        <links />
        <actionCode>Intro-H</actionCode>
        <committee />
      </item>
      <item>
        <actionDate>2015-02-09</actionDate>
        <sourceSystem>
          <code>9</code>
          <name>Library of Congress</name>
        </sourceSystem>
        <text>Introduced in House</text>
        <type>IntroReferral</type>
        <links />
        <actionCode>1000</actionCode>
        <committee />
      </item>
      <actionByCounts>
        <houseOfRepresentatives>7</houseOfRepresentatives>
      </actionByCounts>
    </actions>
    <notes />
    <latestAction>
      <actionDate>2015-02-27</actionDate>
      <links />
      <text>Referred to the Subcommittee on Health.</text>
    </latestAction>
    <introducedDate>2015-02-09</introducedDate>
    <sponsors>
      <item>
        <fullName>Rep. Roskam, Peter J. [R-IL-6]</fullName>
        <firstName>Peter</firstName>
        <byRequestType />
        <identifiers>
          <lisID>1848</lisID>
          <bioguideId>R000580</bioguideId>
          <gpoId>7926</gpoId>
        </identifiers>
        <middleName>J.</middleName>
        <bioguideId>R000580</bioguideId>
        <district>6</district>
        <party>R</party>
        <state>IL</state>
        <lastName>Roskam</lastName>
      </item>
    </sponsors>
    <constitutionalAuthorityStatementText><![CDATA[<pre>[Pages H866-H867]From the Congressional Record Online through the Government Publishing Office [<a href='http://www.gpo.gov'>www.gpo.gov</a>]By Mr. ROSKAM:H.R. 818.Congress has the power to enact this legislation pursuantto the following:Article I, Section 8, Clause 1 states The Congress shallhave Power To provide . . .[[Page H867]]for the . . . general Welfare of the United States.</pre>]]></constitutionalAuthorityStatementText>
    <calendarNumbers />
    <committeeReports />
    <amendments />
    <createDate>2015-02-10T05:11:53Z</createDate>
    <originChamber>House</originChamber>
    <titles>
      <item>
        <parentTitleType />
        <titleType>Short Titles as Introduced</titleType>
        <title>PRIME Act of 2015</title>
        <chamberCode />
        <chamberName />
      </item>
      <item>
        <parentTitleType />
        <titleType>Short Titles as Introduced</titleType>
        <title>Preventing and Reducing Improper Medicare and Medicaid Expenditures Act of 2015</title>
        <chamberCode />
        <chamberName />
      </item>
      <item>
        <parentTitleType />
        <titleType>Official Title as Introduced</titleType>
        <title>To amend titles XVIII and XIX of the Social Security Act to curb waste, fraud, and abuse in the Medicare and Medicaid programs.</title>
        <chamberCode />
        <chamberName />
      </item>
      <item>
        <parentTitleType />
        <titleType>Display Title</titleType>
        <title>PRIME Act of 2015</title>
        <chamberCode />
        <chamberName />
      </item>
    </titles>
  </bill>
  <dublinCore xmlns:dc="http://purl.org/dc/elements/1.1/">
    <dc:format>text/xml</dc:format>
    <dc:language>EN</dc:language>
    <dc:rights>Pursuant to Title 17 Section 105 of the United States Code, this file is not subject to copyright protection and is in the public domain.</dc:rights>
    <dc:contributor>Congressional Research Service, Library of Congress</dc:contributor>
    <dc:description>This file contains bill summaries and statuses for federal legislation. A bill summary describes the most significant provisions of a piece of legislation and details the effects the legislative text may have on current law and federal programs. Bill summaries are authored by the Congressional Research Service (CRS) of the Library of Congress. As stated in Public Law 91-510 (2 USC 166 (d)(6)), one of the duties of CRS is "to prepare summaries and digests of bills and resolutions of a public general nature introduced in the Senate or House of Representatives". For more information, refer to the User Guide that accompanies this file.</dc:description>
  </dublinCore>
</billStatus>

