<?xml version="1.0" encoding="UTF-8"?>
<billStatus>
  <bill>
    <committees>
      <billCommittees>
        <item>
          <activities>
            <item>
              <date>2015-02-12T15:00:38Z</date>
              <name>Referred to</name>
            </item>
          </activities>
          <chamber>House</chamber>
          <subcommittees />
          <systemCode>hsgo00</systemCode>
          <type>Standing</type>
          <name>Oversight and Government Reform Committee</name>
        </item>
      </billCommittees>
    </committees>
    <congress>114</congress>
    <billNumber>916</billNumber>
    <updateDate>2016-11-02T21:25:58Z</updateDate>
    <subjects>
      <billSubjects>
        <legislativeSubjects>
          <item>
            <name>Buy American requirements</name>
          </item>
          <item>
            <name>National symbols</name>
          </item>
          <item>
            <name>Public contracts and procurement</name>
          </item>
        </legislativeSubjects>
        <policyArea>
          <name>Government Operations and Politics</name>
        </policyArea>
      </billSubjects>
    </subjects>
    <policyArea>
      <name>Government Operations and Politics</name>
    </policyArea>
    <summaries>
      <billSummaries>
        <item>
          <actionDate>2015-02-12</actionDate>
          <updateDate>2015-02-12T05:00:00Z</updateDate>
          <name>Introduced in House</name>
          <lastSummaryUpdateDate>2015-03-10T20:17:21Z</lastSummaryUpdateDate>
          <versionCode>00</versionCode>
          <actionDesc>Introduced in House</actionDesc>
          <text><![CDATA[<p><strong>All-American Flag Act</strong> </p> <p>Requires any flags of the United States acquired for use by the federal government to be entirely manufactured in the United States from articles, materials, or supplies entirely grown, produced, or manufactured in the United States.</p>]]></text>
        </item>
      </billSummaries>
    </summaries>
    <title>All-American Flag Act</title>
    <laws />
    <cosponsors>
      <item>
        <fullName>Rep. Thompson, Mike [D-CA-5]</fullName>
        <lastName>THOMPSON</lastName>
        <bioguideId>T000460</bioguideId>
        <party>D</party>
        <district>5</district>
        <sponsorshipWithdrawnDate />
        <state>CA</state>
        <isOriginalCosponsor>True</isOriginalCosponsor>
        <sponsorshipDate>2015-02-12</sponsorshipDate>
        <middleName />
        <firstName>MIKE</firstName>
        <identifiers>
          <lisID>1593</lisID>
          <gpoId>7806</gpoId>
          <bioguideId>T000460</bioguideId>
        </identifiers>
      </item>
      <item>
        <fullName>Rep. Meng, Grace [D-NY-6]</fullName>
        <lastName>Meng</lastName>
        <bioguideId>M001188</bioguideId>
        <party>D</party>
        <district>6</district>
        <sponsorshipWithdrawnDate />
        <state>NY</state>
        <isOriginalCosponsor>True</isOriginalCosponsor>
        <sponsorshipDate>2015-02-12</sponsorshipDate>
        <middleName />
        <firstName>Grace</firstName>
        <identifiers>
          <lisID>2148</lisID>
          <gpoId />
          <bioguideId>M001188</bioguideId>
        </identifiers>
      </item>
      <item>
        <fullName>Rep. King, Peter T. [R-NY-2]</fullName>
        <lastName>KING</lastName>
        <bioguideId>K000210</bioguideId>
        <party>R</party>
        <district>2</district>
        <sponsorshipWithdrawnDate />
        <state>NY</state>
        <isOriginalCosponsor>True</isOriginalCosponsor>
        <sponsorshipDate>2015-02-12</sponsorshipDate>
        <middleName>T.</middleName>
        <firstName>PETER</firstName>
        <identifiers>
          <gpoId>8064</gpoId>
          <lisID>635</lisID>
          <bioguideId>K000210</bioguideId>
        </identifiers>
      </item>
      <item>
        <fullName>Rep. Jones, Walter B., Jr. [R-NC-3]</fullName>
        <lastName>JONES</lastName>
        <bioguideId>J000255</bioguideId>
        <party>R</party>
        <district>3</district>
        <sponsorshipWithdrawnDate />
        <state>NC</state>
        <isOriginalCosponsor>True</isOriginalCosponsor>
        <sponsorshipDate>2015-02-12</sponsorshipDate>
        <middleName>B.</middleName>
        <firstName>WALTER</firstName>
        <identifiers>
          <gpoId>8026</gpoId>
          <lisID>612</lisID>
          <bioguideId>J000255</bioguideId>
        </identifiers>
      </item>
      <item>
        <fullName>Rep. Lipinski, Daniel [D-IL-3]</fullName>
        <lastName>Lipinski</lastName>
        <bioguideId>L000563</bioguideId>
        <party>D</party>
        <district>3</district>
        <sponsorshipWithdrawnDate />
        <state>IL</state>
        <isOriginalCosponsor>True</isOriginalCosponsor>
        <sponsorshipDate>2015-02-12</sponsorshipDate>
        <middleName>William</middleName>
        <firstName>Daniel</firstName>
        <identifiers>
          <gpoId>7923</gpoId>
          <lisID>1781</lisID>
          <bioguideId>L000563</bioguideId>
        </identifiers>
      </item>
      <item>
        <fullName>Rep. Pearce, Stevan [R-NM-2]</fullName>
        <lastName>Pearce</lastName>
        <bioguideId>P000588</bioguideId>
        <party>R</party>
        <district>2</district>
        <sponsorshipWithdrawnDate />
        <state>NM</state>
        <isOriginalCosponsor>True</isOriginalCosponsor>
        <sponsorshipDate>2015-02-12</sponsorshipDate>
        <middleName />
        <firstName>Stevan</firstName>
        <identifiers>
          <lisID>1738</lisID>
          <gpoId>8057</gpoId>
          <bioguideId>P000588</bioguideId>
        </identifiers>
      </item>
      <item>
        <fullName>Rep. Murphy, Patrick [D-FL-18]</fullName>
        <lastName>Murphy</lastName>
        <bioguideId>M001191</bioguideId>
        <party>D</party>
        <district>18</district>
        <sponsorshipWithdrawnDate />
        <state>FL</state>
        <isOriginalCosponsor>True</isOriginalCosponsor>
        <sponsorshipDate>2015-02-12</sponsorshipDate>
        <middleName />
        <firstName>Patrick</firstName>
        <identifiers>
          <bioguideId>M001191</bioguideId>
          <lisID>2117</lisID>
          <gpoId />
        </identifiers>
      </item>
      <item>
        <fullName>Rep. Edwards, Donna F. [D-MD-4]</fullName>
        <lastName>Edwards</lastName>
        <bioguideId>E000290</bioguideId>
        <party>D</party>
        <district>4</district>
        <sponsorshipWithdrawnDate />
        <state>MD</state>
        <isOriginalCosponsor>True</isOriginalCosponsor>
        <sponsorshipDate>2015-02-12</sponsorshipDate>
        <middleName>F.</middleName>
        <firstName>Donna</firstName>
        <identifiers>
          <bioguideId>E000290</bioguideId>
          <lisID>1894</lisID>
          <gpoId>7979</gpoId>
        </identifiers>
      </item>
      <item>
        <fullName>Rep. Watson Coleman, Bonnie [D-NJ-12]</fullName>
        <lastName>Watson Coleman</lastName>
        <bioguideId>W000822</bioguideId>
        <party>D</party>
        <district>12</district>
        <sponsorshipWithdrawnDate />
        <state>NJ</state>
        <isOriginalCosponsor>True</isOriginalCosponsor>
        <sponsorshipDate>2015-02-12</sponsorshipDate>
        <middleName />
        <firstName>Bonnie</firstName>
        <identifiers>
          <bioguideId>W000822</bioguideId>
          <lisID>2259</lisID>
          <gpoId />
        </identifiers>
      </item>
      <item>
        <fullName>Rep. Cohen, Steve [D-TN-9]</fullName>
        <lastName>Cohen</lastName>
        <bioguideId>C001068</bioguideId>
        <party>D</party>
        <district>9</district>
        <sponsorshipWithdrawnDate />
        <state>TN</state>
        <isOriginalCosponsor>True</isOriginalCosponsor>
        <sponsorshipDate>2015-02-12</sponsorshipDate>
        <middleName />
        <firstName>Steve</firstName>
        <identifiers>
          <lisID>1878</lisID>
          <bioguideId>C001068</bioguideId>
          <gpoId>8156</gpoId>
        </identifiers>
      </item>
      <item>
        <fullName>Rep. Cartwright, Matt [D-PA-17]</fullName>
        <lastName>Cartwright</lastName>
        <bioguideId>C001090</bioguideId>
        <party>D</party>
        <district>17</district>
        <sponsorshipWithdrawnDate />
        <state>PA</state>
        <isOriginalCosponsor>True</isOriginalCosponsor>
        <sponsorshipDate>2015-02-12</sponsorshipDate>
        <middleName />
        <firstName>Matt</firstName>
        <identifiers>
          <bioguideId>C001090</bioguideId>
          <lisID>2159</lisID>
          <gpoId />
        </identifiers>
      </item>
      <item>
        <fullName>Rep. Esty, Elizabeth H. [D-CT-5]</fullName>
        <lastName>Esty</lastName>
        <bioguideId>E000293</bioguideId>
        <party>D</party>
        <district>5</district>
        <sponsorshipWithdrawnDate />
        <state>CT</state>
        <isOriginalCosponsor>True</isOriginalCosponsor>
        <sponsorshipDate>2015-02-12</sponsorshipDate>
        <middleName>H.</middleName>
        <firstName>Elizabeth</firstName>
        <identifiers>
          <bioguideId>E000293</bioguideId>
          <gpoId />
          <lisID>2114</lisID>
        </identifiers>
      </item>
      <item>
        <fullName>Rep. Kirkpatrick, Ann [D-AZ-1]</fullName>
        <lastName>Kirkpatrick</lastName>
        <bioguideId>K000368</bioguideId>
        <party>D</party>
        <district>1</district>
        <sponsorshipWithdrawnDate />
        <state>AZ</state>
        <isOriginalCosponsor>True</isOriginalCosponsor>
        <sponsorshipDate>2015-02-12</sponsorshipDate>
        <middleName />
        <firstName>Ann</firstName>
        <identifiers>
          <lisID>1907</lisID>
          <gpoId>7220</gpoId>
          <bioguideId>K000368</bioguideId>
        </identifiers>
      </item>
      <item>
        <fullName>Rep. Cicilline, David N. [D-RI-1]</fullName>
        <lastName>Cicilline</lastName>
        <bioguideId>C001084</bioguideId>
        <party>D</party>
        <district>1</district>
        <sponsorshipWithdrawnDate />
        <state>RI</state>
        <isOriginalCosponsor>True</isOriginalCosponsor>
        <sponsorshipDate>2015-02-12</sponsorshipDate>
        <middleName>N.</middleName>
        <firstName>David</firstName>
        <identifiers>
          <bioguideId>C001084</bioguideId>
          <lisID>2055</lisID>
          <gpoId>8139</gpoId>
        </identifiers>
      </item>
      <item>
        <fullName>Rep. Delaney, John K. [D-MD-6]</fullName>
        <lastName>Delaney</lastName>
        <bioguideId>D000620</bioguideId>
        <party>D</party>
        <district>6</district>
        <sponsorshipWithdrawnDate />
        <state>MD</state>
        <isOriginalCosponsor>True</isOriginalCosponsor>
        <sponsorshipDate>2015-02-12</sponsorshipDate>
        <middleName>K.</middleName>
        <firstName>John</firstName>
        <identifiers>
          <lisID>2133</lisID>
          <bioguideId>D000620</bioguideId>
          <gpoId />
        </identifiers>
      </item>
      <item>
        <fullName>Rep. Brooks, Susan W. [R-IN-5]</fullName>
        <lastName>Brooks</lastName>
        <bioguideId>B001284</bioguideId>
        <party>R</party>
        <district>5</district>
        <sponsorshipWithdrawnDate />
        <state>IN</state>
        <isOriginalCosponsor>True</isOriginalCosponsor>
        <sponsorshipDate>2015-02-12</sponsorshipDate>
        <middleName>W.</middleName>
        <firstName>Susan</firstName>
        <identifiers>
          <bioguideId>B001284</bioguideId>
          <gpoId />
          <lisID>2129</lisID>
        </identifiers>
      </item>
      <item>
        <fullName>Rep. Moulton, Seth [D-MA-6]</fullName>
        <lastName>Moulton</lastName>
        <bioguideId>M001196</bioguideId>
        <party>D</party>
        <district>6</district>
        <sponsorshipWithdrawnDate />
        <state>MA</state>
        <isOriginalCosponsor>True</isOriginalCosponsor>
        <sponsorshipDate>2015-02-12</sponsorshipDate>
        <middleName />
        <firstName>Seth</firstName>
        <identifiers>
          <gpoId />
          <lisID>2246</lisID>
          <bioguideId>M001196</bioguideId>
        </identifiers>
      </item>
      <item>
        <fullName>Rep. Peters, Scott H. [D-CA-52]</fullName>
        <lastName>Peters</lastName>
        <bioguideId>P000608</bioguideId>
        <party>D</party>
        <district>52</district>
        <sponsorshipWithdrawnDate />
        <state>CA</state>
        <isOriginalCosponsor>True</isOriginalCosponsor>
        <sponsorshipDate>2015-02-12</sponsorshipDate>
        <middleName>H.</middleName>
        <firstName>Scott</firstName>
        <identifiers>
          <lisID>2113</lisID>
          <gpoId />
          <bioguideId>P000608</bioguideId>
        </identifiers>
      </item>
      <item>
        <fullName>Rep. Bucshon, Larry [R-IN-8]</fullName>
        <lastName>Bucshon</lastName>
        <bioguideId>B001275</bioguideId>
        <party>R</party>
        <district>8</district>
        <sponsorshipWithdrawnDate />
        <state>IN</state>
        <isOriginalCosponsor>True</isOriginalCosponsor>
        <sponsorshipDate>2015-02-12</sponsorshipDate>
        <middleName />
        <firstName>Larry</firstName>
        <identifiers>
          <gpoId>7947</gpoId>
          <lisID>2018</lisID>
          <bioguideId>B001275</bioguideId>
        </identifiers>
      </item>
      <item>
        <fullName>Rep. Maloney, Sean Patrick [D-NY-18]</fullName>
        <lastName>Maloney</lastName>
        <bioguideId>M001185</bioguideId>
        <party>D</party>
        <district>18</district>
        <sponsorshipWithdrawnDate />
        <state>NY</state>
        <isOriginalCosponsor>True</isOriginalCosponsor>
        <sponsorshipDate>2015-02-12</sponsorshipDate>
        <middleName>Patrick</middleName>
        <firstName>Sean</firstName>
        <identifiers>
          <lisID>2150</lisID>
          <bioguideId>M001185</bioguideId>
          <gpoId />
        </identifiers>
      </item>
      <item>
        <fullName>Rep. Carney, John C., Jr. [D-DE-At Large]</fullName>
        <lastName>Carney</lastName>
        <bioguideId>C001083</bioguideId>
        <party>D</party>
        <district>0</district>
        <sponsorshipWithdrawnDate />
        <state>DE</state>
        <isOriginalCosponsor>True</isOriginalCosponsor>
        <sponsorshipDate>2015-02-12</sponsorshipDate>
        <middleName>C.</middleName>
        <firstName>John</firstName>
        <identifiers>
          <lisID>1999</lisID>
          <gpoId>7872</gpoId>
          <bioguideId>C001083</bioguideId>
        </identifiers>
      </item>
      <item>
        <fullName>Rep. Valadao, David G. [R-CA-21]</fullName>
        <lastName>Valadao</lastName>
        <bioguideId>V000129</bioguideId>
        <party>R</party>
        <district>21</district>
        <sponsorshipWithdrawnDate />
        <state>CA</state>
        <isOriginalCosponsor>True</isOriginalCosponsor>
        <sponsorshipDate>2015-02-12</sponsorshipDate>
        <middleName>G.</middleName>
        <firstName>David</firstName>
        <identifiers>
          <lisID>2105</lisID>
          <gpoId />
          <bioguideId>V000129</bioguideId>
        </identifiers>
      </item>
      <item>
        <fullName>Rep. Meehan, Patrick [R-PA-7]</fullName>
        <lastName>Meehan</lastName>
        <bioguideId>M001181</bioguideId>
        <party>R</party>
        <district>7</district>
        <sponsorshipWithdrawnDate />
        <state>PA</state>
        <isOriginalCosponsor>True</isOriginalCosponsor>
        <sponsorshipDate>2015-02-12</sponsorshipDate>
        <middleName />
        <firstName>Patrick</firstName>
        <identifiers>
          <bioguideId>M001181</bioguideId>
          <lisID>2052</lisID>
          <gpoId>8125</gpoId>
        </identifiers>
      </item>
      <item>
        <fullName>Rep. Amodei, Mark E. [R-NV-2]</fullName>
        <lastName>Amodei</lastName>
        <bioguideId>A000369</bioguideId>
        <party>R</party>
        <district>2</district>
        <sponsorshipWithdrawnDate />
        <state>NV</state>
        <isOriginalCosponsor>True</isOriginalCosponsor>
        <sponsorshipDate>2015-02-12</sponsorshipDate>
        <middleName>E.</middleName>
        <firstName>Mark</firstName>
        <identifiers>
          <lisID>2090</lisID>
          <gpoId>8366</gpoId>
          <bioguideId>A000369</bioguideId>
        </identifiers>
      </item>
      <item>
        <fullName>Rep. Kelly, Mike [R-PA-3]</fullName>
        <lastName>Kelly</lastName>
        <bioguideId>K000376</bioguideId>
        <party>R</party>
        <district>3</district>
        <sponsorshipWithdrawnDate />
        <state>PA</state>
        <isOriginalCosponsor>True</isOriginalCosponsor>
        <sponsorshipDate>2015-02-12</sponsorshipDate>
        <middleName />
        <firstName>Mike</firstName>
        <identifiers>
          <gpoId>8708</gpoId>
          <lisID>2051</lisID>
          <bioguideId>K000376</bioguideId>
        </identifiers>
      </item>
      <item>
        <fullName>Rep. Renacci, James B. [R-OH-16]</fullName>
        <lastName>Renacci</lastName>
        <bioguideId>R000586</bioguideId>
        <party>R</party>
        <district>16</district>
        <sponsorshipWithdrawnDate />
        <state>OH</state>
        <isOriginalCosponsor>True</isOriginalCosponsor>
        <sponsorshipDate>2015-02-12</sponsorshipDate>
        <middleName>B.</middleName>
        <firstName>James</firstName>
        <identifiers>
          <bioguideId>R000586</bioguideId>
          <lisID>2048</lisID>
          <gpoId>8106</gpoId>
        </identifiers>
      </item>
      <item>
        <fullName>Rep. Webster, Daniel [R-FL-10]</fullName>
        <lastName>Webster</lastName>
        <bioguideId>W000806</bioguideId>
        <party>R</party>
        <district>10</district>
        <sponsorshipWithdrawnDate />
        <state>FL</state>
        <isOriginalCosponsor>True</isOriginalCosponsor>
        <sponsorshipDate>2015-02-12</sponsorshipDate>
        <middleName />
        <firstName>Daniel</firstName>
        <identifiers>
          <gpoId>7880</gpoId>
          <lisID>2002</lisID>
          <bioguideId>W000806</bioguideId>
        </identifiers>
      </item>
      <item>
        <fullName>Rep. Joyce, David P. [R-OH-14]</fullName>
        <lastName>Joyce</lastName>
        <bioguideId>J000295</bioguideId>
        <party>R</party>
        <district>14</district>
        <sponsorshipWithdrawnDate />
        <state>OH</state>
        <isOriginalCosponsor>True</isOriginalCosponsor>
        <sponsorshipDate>2015-02-12</sponsorshipDate>
        <middleName>P.</middleName>
        <firstName>David</firstName>
        <identifiers>
          <bioguideId>J000295</bioguideId>
          <lisID>2154</lisID>
          <gpoId />
        </identifiers>
      </item>
      <item>
        <fullName>Rep. Kilmer, Derek [D-WA-6]</fullName>
        <lastName>Kilmer</lastName>
        <bioguideId>K000381</bioguideId>
        <party>D</party>
        <district>6</district>
        <sponsorshipWithdrawnDate />
        <state>WA</state>
        <isOriginalCosponsor>True</isOriginalCosponsor>
        <sponsorshipDate>2015-02-12</sponsorshipDate>
        <middleName />
        <firstName>Derek</firstName>
        <identifiers>
          <bioguideId>K000381</bioguideId>
          <lisID>2169</lisID>
          <gpoId />
        </identifiers>
      </item>
      <item>
        <fullName>Rep. Frankel, Lois [D-FL-22]</fullName>
        <lastName>Frankel</lastName>
        <bioguideId>F000462</bioguideId>
        <party>D</party>
        <district>22</district>
        <sponsorshipWithdrawnDate />
        <state>FL</state>
        <isOriginalCosponsor>True</isOriginalCosponsor>
        <sponsorshipDate>2015-02-12</sponsorshipDate>
        <middleName />
        <firstName>Lois</firstName>
        <identifiers>
          <lisID>2119</lisID>
          <bioguideId>F000462</bioguideId>
          <gpoId />
        </identifiers>
      </item>
      <item>
        <fullName>Rep. Dingell, Debbie [D-MI-12]</fullName>
        <lastName>Dingell</lastName>
        <bioguideId>D000624</bioguideId>
        <party>D</party>
        <district>12</district>
        <sponsorshipWithdrawnDate />
        <state>MI</state>
        <isOriginalCosponsor>True</isOriginalCosponsor>
        <sponsorshipDate>2015-02-12</sponsorshipDate>
        <middleName />
        <firstName>Debbie</firstName>
        <identifiers>
          <bioguideId>D000624</bioguideId>
          <lisID>2251</lisID>
          <gpoId />
        </identifiers>
      </item>
      <item>
        <fullName>Rep. Gallego, Ruben [D-AZ-7]</fullName>
        <lastName>Gallego</lastName>
        <bioguideId>G000574</bioguideId>
        <party>D</party>
        <district>7</district>
        <sponsorshipWithdrawnDate />
        <state>AZ</state>
        <isOriginalCosponsor>True</isOriginalCosponsor>
        <sponsorshipDate>2015-02-12</sponsorshipDate>
        <middleName />
        <firstName>Ruben</firstName>
        <identifiers>
          <gpoId />
          <lisID>2226</lisID>
          <bioguideId>G000574</bioguideId>
        </identifiers>
      </item>
      <item>
        <fullName>Rep. Clark, Katherine M. [D-MA-5]</fullName>
        <lastName>Clark</lastName>
        <bioguideId>C001101</bioguideId>
        <party>D</party>
        <district>5</district>
        <sponsorshipWithdrawnDate />
        <state>MA</state>
        <isOriginalCosponsor>True</isOriginalCosponsor>
        <sponsorshipDate>2015-02-12</sponsorshipDate>
        <middleName>M.</middleName>
        <firstName>Katherine</firstName>
        <identifiers>
          <lisID>2196</lisID>
          <bioguideId>C001101</bioguideId>
          <gpoId />
        </identifiers>
      </item>
      <item>
        <fullName>Rep. Sinema, Kyrsten [D-AZ-9]</fullName>
        <lastName>Sinema</lastName>
        <bioguideId>S001191</bioguideId>
        <party>D</party>
        <district>9</district>
        <sponsorshipWithdrawnDate />
        <state>AZ</state>
        <isOriginalCosponsor>True</isOriginalCosponsor>
        <sponsorshipDate>2015-02-12</sponsorshipDate>
        <middleName />
        <firstName>Kyrsten</firstName>
        <identifiers>
          <gpoId />
          <lisID>2099</lisID>
          <bioguideId>S001191</bioguideId>
        </identifiers>
      </item>
      <item>
        <fullName>Rep. Rice, Kathleen M. [D-NY-4]</fullName>
        <lastName>Rice</lastName>
        <bioguideId>R000602</bioguideId>
        <party>D</party>
        <district>4</district>
        <sponsorshipWithdrawnDate />
        <state>NY</state>
        <isOriginalCosponsor>True</isOriginalCosponsor>
        <sponsorshipDate>2015-02-12</sponsorshipDate>
        <middleName>M.</middleName>
        <firstName>Kathleen</firstName>
        <identifiers>
          <bioguideId>R000602</bioguideId>
          <gpoId />
          <lisID>2262</lisID>
        </identifiers>
      </item>
      <item>
        <fullName>Rep. Garamendi, John [D-CA-3]</fullName>
        <lastName>Garamendi</lastName>
        <bioguideId>G000559</bioguideId>
        <party>D</party>
        <district>3</district>
        <sponsorshipWithdrawnDate />
        <state>CA</state>
        <isOriginalCosponsor>True</isOriginalCosponsor>
        <sponsorshipDate>2015-02-12</sponsorshipDate>
        <middleName />
        <firstName>John</firstName>
        <identifiers>
          <lisID>1973</lisID>
          <gpoId>7815</gpoId>
          <bioguideId>G000559</bioguideId>
        </identifiers>
      </item>
      <item>
        <fullName>Rep. Kildee, Daniel T. [D-MI-5]</fullName>
        <lastName>Kildee</lastName>
        <bioguideId>K000380</bioguideId>
        <party>D</party>
        <district>5</district>
        <sponsorshipWithdrawnDate />
        <state>MI</state>
        <isOriginalCosponsor>True</isOriginalCosponsor>
        <sponsorshipDate>2015-02-12</sponsorshipDate>
        <middleName>T.</middleName>
        <firstName>Daniel</firstName>
        <identifiers>
          <bioguideId>K000380</bioguideId>
          <lisID>2134</lisID>
          <gpoId />
        </identifiers>
      </item>
      <item>
        <fullName>Rep. Brady, Robert A. [D-PA-1]</fullName>
        <lastName>BRADY</lastName>
        <bioguideId>B001227</bioguideId>
        <party>D</party>
        <district>1</district>
        <sponsorshipWithdrawnDate />
        <state>PA</state>
        <isOriginalCosponsor>True</isOriginalCosponsor>
        <sponsorshipDate>2015-02-12</sponsorshipDate>
        <middleName>A.</middleName>
        <firstName>ROBERT</firstName>
        <identifiers>
          <bioguideId>B001227</bioguideId>
          <gpoId>8119</gpoId>
          <lisID>1469</lisID>
        </identifiers>
      </item>
      <item>
        <fullName>Rep. Castor, Kathy [D-FL-14]</fullName>
        <lastName>Castor</lastName>
        <bioguideId>C001066</bioguideId>
        <party>D</party>
        <district>14</district>
        <sponsorshipWithdrawnDate />
        <state>FL</state>
        <isOriginalCosponsor>True</isOriginalCosponsor>
        <sponsorshipDate>2015-02-12</sponsorshipDate>
        <middleName />
        <firstName>Kathy</firstName>
        <identifiers>
          <bioguideId>C001066</bioguideId>
          <lisID>1839</lisID>
          <gpoId>7883</gpoId>
        </identifiers>
      </item>
      <item>
        <fullName>Rep. Hahn, Janice [D-CA-44]</fullName>
        <lastName>Hahn</lastName>
        <bioguideId>H001063</bioguideId>
        <party>D</party>
        <district>44</district>
        <sponsorshipWithdrawnDate />
        <state>CA</state>
        <isOriginalCosponsor>True</isOriginalCosponsor>
        <sponsorshipDate>2015-02-12</sponsorshipDate>
        <middleName />
        <firstName>Janice</firstName>
        <identifiers>
          <lisID>2089</lisID>
          <gpoId>8360</gpoId>
          <bioguideId>H001063</bioguideId>
        </identifiers>
      </item>
      <item>
        <fullName>Rep. Kuster, Ann M. [D-NH-2]</fullName>
        <lastName>Kuster</lastName>
        <bioguideId>K000382</bioguideId>
        <party>D</party>
        <district>2</district>
        <sponsorshipWithdrawnDate />
        <state>NH</state>
        <isOriginalCosponsor>True</isOriginalCosponsor>
        <sponsorshipDate>2015-02-12</sponsorshipDate>
        <middleName>M.</middleName>
        <firstName>Ann</firstName>
        <identifiers>
          <lisID>2145</lisID>
          <gpoId />
          <bioguideId>K000382</bioguideId>
        </identifiers>
      </item>
      <item>
        <fullName>Rep. DelBene, Suzan K. [D-WA-1]</fullName>
        <lastName>DelBene</lastName>
        <bioguideId>D000617</bioguideId>
        <party>D</party>
        <district>1</district>
        <sponsorshipWithdrawnDate />
        <state>WA</state>
        <isOriginalCosponsor>True</isOriginalCosponsor>
        <sponsorshipDate>2015-02-12</sponsorshipDate>
        <middleName>K.</middleName>
        <firstName>Suzan</firstName>
        <identifiers>
          <gpoId>8374</gpoId>
          <lisID>2096</lisID>
          <bioguideId>D000617</bioguideId>
        </identifiers>
      </item>
      <item>
        <fullName>Rep. Heck, Denny [D-WA-10]</fullName>
        <lastName>Heck</lastName>
        <bioguideId>H001064</bioguideId>
        <party>D</party>
        <district>10</district>
        <sponsorshipWithdrawnDate />
        <state>WA</state>
        <isOriginalCosponsor>True</isOriginalCosponsor>
        <sponsorshipDate>2015-02-12</sponsorshipDate>
        <middleName />
        <firstName>Denny</firstName>
        <identifiers>
          <bioguideId>H001064</bioguideId>
          <lisID>2170</lisID>
          <gpoId />
        </identifiers>
      </item>
      <item>
        <fullName>Rep. Walorski, Jackie [R-IN-2]</fullName>
        <lastName>Walorski</lastName>
        <bioguideId>W000813</bioguideId>
        <party>R</party>
        <district>2</district>
        <sponsorshipWithdrawnDate />
        <state>IN</state>
        <isOriginalCosponsor>True</isOriginalCosponsor>
        <sponsorshipDate>2015-02-12</sponsorshipDate>
        <middleName />
        <firstName>Jackie</firstName>
        <identifiers>
          <lisID>2128</lisID>
          <bioguideId>W000813</bioguideId>
          <gpoId />
        </identifiers>
      </item>
      <item>
        <fullName>Rep. Sires, Albio [D-NJ-8]</fullName>
        <lastName>Sires</lastName>
        <bioguideId>S001165</bioguideId>
        <party>D</party>
        <district>8</district>
        <sponsorshipWithdrawnDate />
        <state>NJ</state>
        <isOriginalCosponsor>True</isOriginalCosponsor>
        <sponsorshipDate>2015-02-12</sponsorshipDate>
        <middleName />
        <firstName>Albio</firstName>
        <identifiers>
          <lisID>1818</lisID>
          <gpoId>8055</gpoId>
          <bioguideId>S001165</bioguideId>
        </identifiers>
      </item>
      <item>
        <fullName>Rep. Lawrence, Brenda L. [D-MI-14]</fullName>
        <lastName>Lawrence</lastName>
        <bioguideId>L000581</bioguideId>
        <party>D</party>
        <district>14</district>
        <sponsorshipWithdrawnDate />
        <state>MI</state>
        <isOriginalCosponsor>True</isOriginalCosponsor>
        <sponsorshipDate>2015-02-12</sponsorshipDate>
        <middleName>L.</middleName>
        <firstName>Brenda</firstName>
        <identifiers>
          <gpoId />
          <lisID>2252</lisID>
          <bioguideId>L000581</bioguideId>
        </identifiers>
      </item>
      <item>
        <fullName>Rep. Clay, Wm. Lacy [D-MO-1]</fullName>
        <lastName>CLAY</lastName>
        <bioguideId>C001049</bioguideId>
        <party>D</party>
        <district>1</district>
        <sponsorshipWithdrawnDate />
        <state>MO</state>
        <isOriginalCosponsor>True</isOriginalCosponsor>
        <sponsorshipDate>2015-02-12</sponsorshipDate>
        <middleName>LACY</middleName>
        <firstName>WM.</firstName>
        <identifiers>
          <bioguideId>C001049</bioguideId>
          <lisID>1654</lisID>
          <gpoId>8009</gpoId>
        </identifiers>
      </item>
      <item>
        <fullName>Rep. Bishop, Sanford D., Jr. [D-GA-2]</fullName>
        <lastName>BISHOP</lastName>
        <bioguideId>B000490</bioguideId>
        <party>D</party>
        <district>2</district>
        <sponsorshipWithdrawnDate />
        <state>GA</state>
        <isOriginalCosponsor>True</isOriginalCosponsor>
        <sponsorshipDate>2015-02-12</sponsorshipDate>
        <middleName>D.</middleName>
        <firstName>SANFORD</firstName>
        <identifiers>
          <gpoId>7899</gpoId>
          <lisID>91</lisID>
          <bioguideId>B000490</bioguideId>
        </identifiers>
      </item>
      <item>
        <fullName>Rep. McNerney, Jerry [D-CA-9]</fullName>
        <lastName>McNerney</lastName>
        <bioguideId>M001166</bioguideId>
        <party>D</party>
        <district>9</district>
        <sponsorshipWithdrawnDate />
        <state>CA</state>
        <isOriginalCosponsor>True</isOriginalCosponsor>
        <sponsorshipDate>2015-02-12</sponsorshipDate>
        <middleName />
        <firstName>Jerry</firstName>
        <identifiers>
          <lisID>1832</lisID>
          <bioguideId>M001166</bioguideId>
          <gpoId>7816</gpoId>
        </identifiers>
      </item>
      <item>
        <fullName>Rep. Conyers, John, Jr. [D-MI-13]</fullName>
        <lastName>CONYERS</lastName>
        <bioguideId>C000714</bioguideId>
        <party>D</party>
        <district>13</district>
        <sponsorshipWithdrawnDate />
        <state>MI</state>
        <isOriginalCosponsor>True</isOriginalCosponsor>
        <sponsorshipDate>2015-02-12</sponsorshipDate>
        <middleName />
        <firstName>JOHN</firstName>
        <identifiers>
          <lisID>229</lisID>
          <gpoId>7999</gpoId>
          <bioguideId>C000714</bioguideId>
        </identifiers>
      </item>
      <item>
        <fullName>Rep. Rice, Tom [R-SC-7]</fullName>
        <lastName>Rice</lastName>
        <bioguideId>R000597</bioguideId>
        <party>R</party>
        <district>7</district>
        <sponsorshipWithdrawnDate />
        <state>SC</state>
        <isOriginalCosponsor>True</isOriginalCosponsor>
        <sponsorshipDate>2015-02-12</sponsorshipDate>
        <middleName />
        <firstName>Tom</firstName>
        <identifiers>
          <lisID>2160</lisID>
          <gpoId />
          <bioguideId>R000597</bioguideId>
        </identifiers>
      </item>
      <item>
        <fullName>Rep. Ellmers, Renee L. [R-NC-2]</fullName>
        <lastName>Ellmers</lastName>
        <bioguideId>E000291</bioguideId>
        <party>R</party>
        <district>2</district>
        <sponsorshipWithdrawnDate />
        <state>NC</state>
        <isOriginalCosponsor>True</isOriginalCosponsor>
        <sponsorshipDate>2015-02-12</sponsorshipDate>
        <middleName>L.</middleName>
        <firstName>Renee</firstName>
        <identifiers>
          <bioguideId>E000291</bioguideId>
          <lisID>2036</lisID>
          <gpoId>8025</gpoId>
        </identifiers>
      </item>
      <item>
        <fullName>Rep. Yoho, Ted S. [R-FL-3]</fullName>
        <lastName>Yoho</lastName>
        <bioguideId>Y000065</bioguideId>
        <party>R</party>
        <district>3</district>
        <sponsorshipWithdrawnDate />
        <state>FL</state>
        <isOriginalCosponsor>True</isOriginalCosponsor>
        <sponsorshipDate>2015-02-12</sponsorshipDate>
        <middleName>S.</middleName>
        <firstName>Ted</firstName>
        <identifiers>
          <gpoId />
          <lisID>2115</lisID>
          <bioguideId>Y000065</bioguideId>
        </identifiers>
      </item>
      <item>
        <fullName>Rep. Payne, Donald M., Jr. [D-NJ-10]</fullName>
        <lastName>Payne</lastName>
        <bioguideId>P000604</bioguideId>
        <party>D</party>
        <district>10</district>
        <sponsorshipWithdrawnDate />
        <state>NJ</state>
        <isOriginalCosponsor>True</isOriginalCosponsor>
        <sponsorshipDate>2015-02-12</sponsorshipDate>
        <middleName>M.</middleName>
        <firstName>Donald</firstName>
        <identifiers>
          <bioguideId>P000604</bioguideId>
          <lisID>2097</lisID>
          <gpoId>8373</gpoId>
        </identifiers>
      </item>
      <item>
        <fullName>Rep. Meeks, Gregory W. [D-NY-5]</fullName>
        <lastName>MEEKS</lastName>
        <bioguideId>M001137</bioguideId>
        <party>D</party>
        <district>5</district>
        <sponsorshipWithdrawnDate />
        <state>NY</state>
        <isOriginalCosponsor>True</isOriginalCosponsor>
        <sponsorshipDate>2015-02-12</sponsorshipDate>
        <middleName>W.</middleName>
        <firstName>GREGORY</firstName>
        <identifiers>
          <bioguideId>M001137</bioguideId>
          <lisID>1506</lisID>
          <gpoId>8067</gpoId>
        </identifiers>
      </item>
      <item>
        <fullName>Rep. Beatty, Joyce [D-OH-3]</fullName>
        <lastName>Beatty</lastName>
        <bioguideId>B001281</bioguideId>
        <party>D</party>
        <district>3</district>
        <sponsorshipWithdrawnDate />
        <state>OH</state>
        <isOriginalCosponsor>True</isOriginalCosponsor>
        <sponsorshipDate>2015-02-12</sponsorshipDate>
        <middleName />
        <firstName>Joyce</firstName>
        <identifiers>
          <bioguideId>B001281</bioguideId>
          <lisID>2153</lisID>
          <gpoId />
        </identifiers>
      </item>
      <item>
        <fullName>Rep. Norton, Eleanor Holmes [D-DC-At Large]</fullName>
        <lastName>NORTON</lastName>
        <bioguideId>N000147</bioguideId>
        <party>D</party>
        <district>0</district>
        <sponsorshipWithdrawnDate />
        <state>DC</state>
        <isOriginalCosponsor>True</isOriginalCosponsor>
        <sponsorshipDate>2015-02-12</sponsorshipDate>
        <middleName>HOLMES</middleName>
        <firstName>ELEANOR</firstName>
        <identifiers>
          <gpoId>7871</gpoId>
          <lisID>868</lisID>
          <bioguideId>N000147</bioguideId>
        </identifiers>
      </item>
      <item>
        <fullName>Rep. DeFazio, Peter A. [D-OR-4]</fullName>
        <lastName>DEFAZIO</lastName>
        <bioguideId>D000191</bioguideId>
        <party>D</party>
        <district>4</district>
        <sponsorshipWithdrawnDate />
        <state>OR</state>
        <isOriginalCosponsor>True</isOriginalCosponsor>
        <sponsorshipDate>2015-02-12</sponsorshipDate>
        <middleName>A.</middleName>
        <firstName>PETER</firstName>
        <identifiers>
          <gpoId>8117</gpoId>
          <lisID>279</lisID>
          <bioguideId>D000191</bioguideId>
        </identifiers>
      </item>
      <item>
        <fullName>Rep. Schakowsky, Janice D. [D-IL-9]</fullName>
        <lastName>SCHAKOWSKY</lastName>
        <bioguideId>S001145</bioguideId>
        <party>D</party>
        <district>9</district>
        <sponsorshipWithdrawnDate />
        <state>IL</state>
        <isOriginalCosponsor>True</isOriginalCosponsor>
        <sponsorshipDate>2015-02-12</sponsorshipDate>
        <middleName>D.</middleName>
        <firstName>JANICE</firstName>
        <identifiers>
          <lisID>1588</lisID>
          <gpoId>7929</gpoId>
          <bioguideId>S001145</bioguideId>
        </identifiers>
      </item>
      <item>
        <fullName>Rep. Lujan, Ben Ray [D-NM-3]</fullName>
        <lastName>Lujan</lastName>
        <bioguideId>L000570</bioguideId>
        <party>D</party>
        <district>3</district>
        <sponsorshipWithdrawnDate />
        <state>NM</state>
        <isOriginalCosponsor>True</isOriginalCosponsor>
        <sponsorshipDate>2015-02-12</sponsorshipDate>
        <middleName>Ray</middleName>
        <firstName>Ben</firstName>
        <identifiers>
          <gpoId>8058</gpoId>
          <lisID>1939</lisID>
          <bioguideId>L000570</bioguideId>
        </identifiers>
      </item>
      <item>
        <fullName>Rep. Larsen, Rick [D-WA-2]</fullName>
        <lastName>LARSEN</lastName>
        <bioguideId>L000560</bioguideId>
        <party>D</party>
        <district>2</district>
        <sponsorshipWithdrawnDate />
        <state>WA</state>
        <isOriginalCosponsor>True</isOriginalCosponsor>
        <sponsorshipDate>2015-02-12</sponsorshipDate>
        <middleName />
        <firstName>RICK</firstName>
        <identifiers>
          <lisID>1675</lisID>
          <bioguideId>L000560</bioguideId>
          <gpoId>8206</gpoId>
        </identifiers>
      </item>
      <item>
        <fullName>Rep. Davis, Danny K. [D-IL-7]</fullName>
        <lastName>DAVIS</lastName>
        <bioguideId>D000096</bioguideId>
        <party>D</party>
        <district>7</district>
        <sponsorshipWithdrawnDate />
        <state>IL</state>
        <isOriginalCosponsor>True</isOriginalCosponsor>
        <sponsorshipDate>2015-02-12</sponsorshipDate>
        <middleName>K.</middleName>
        <firstName>DANNY</firstName>
        <identifiers>
          <lisID>1477</lisID>
          <gpoId>7927</gpoId>
          <bioguideId>D000096</bioguideId>
        </identifiers>
      </item>
      <item>
        <fullName>Rep. Rush, Bobby L. [D-IL-1]</fullName>
        <lastName>RUSH</lastName>
        <bioguideId>R000515</bioguideId>
        <party>D</party>
        <district>1</district>
        <sponsorshipWithdrawnDate />
        <state>IL</state>
        <isOriginalCosponsor>True</isOriginalCosponsor>
        <sponsorshipDate>2015-02-12</sponsorshipDate>
        <middleName>L.</middleName>
        <firstName>BOBBY</firstName>
        <identifiers>
          <lisID>1003</lisID>
          <bioguideId>R000515</bioguideId>
          <gpoId>7921</gpoId>
        </identifiers>
      </item>
      <item>
        <fullName>Rep. Butterfield, G. K. [D-NC-1]</fullName>
        <lastName>Butterfield</lastName>
        <bioguideId>B001251</bioguideId>
        <party>D</party>
        <district>1</district>
        <sponsorshipWithdrawnDate />
        <state>NC</state>
        <isOriginalCosponsor>True</isOriginalCosponsor>
        <sponsorshipDate>2015-02-12</sponsorshipDate>
        <middleName />
        <firstName>G. K.</firstName>
        <identifiers>
          <bioguideId>B001251</bioguideId>
          <lisID>1761</lisID>
          <gpoId>8024</gpoId>
        </identifiers>
      </item>
      <item>
        <fullName>Rep. McCollum, Betty [D-MN-4]</fullName>
        <lastName>MCCOLLUM</lastName>
        <bioguideId>M001143</bioguideId>
        <party>D</party>
        <district>4</district>
        <sponsorshipWithdrawnDate />
        <state>MN</state>
        <isOriginalCosponsor>True</isOriginalCosponsor>
        <sponsorshipDate>2015-02-12</sponsorshipDate>
        <middleName />
        <firstName>BETTY</firstName>
        <identifiers>
          <lisID>1653</lisID>
          <gpoId>8004</gpoId>
          <bioguideId>M001143</bioguideId>
        </identifiers>
      </item>
      <item>
        <fullName>Rep. Ruppersberger, C. A. Dutch [D-MD-2]</fullName>
        <lastName>Ruppersberger</lastName>
        <bioguideId>R000576</bioguideId>
        <party>D</party>
        <district>2</district>
        <sponsorshipWithdrawnDate />
        <state>MD</state>
        <isOriginalCosponsor>True</isOriginalCosponsor>
        <sponsorshipDate>2015-02-12</sponsorshipDate>
        <middleName>Dutch</middleName>
        <firstName>C. A.</firstName>
        <identifiers>
          <lisID>1728</lisID>
          <gpoId>7977</gpoId>
          <bioguideId>R000576</bioguideId>
        </identifiers>
      </item>
      <item>
        <fullName>Rep. Vela, Filemon [D-TX-34]</fullName>
        <lastName>Vela</lastName>
        <bioguideId>V000132</bioguideId>
        <party>D</party>
        <district>34</district>
        <sponsorshipWithdrawnDate />
        <state>TX</state>
        <isOriginalCosponsor>True</isOriginalCosponsor>
        <sponsorshipDate>2015-02-12</sponsorshipDate>
        <middleName />
        <firstName>Filemon</firstName>
        <identifiers>
          <lisID>2167</lisID>
          <gpoId />
          <bioguideId>V000132</bioguideId>
        </identifiers>
      </item>
      <item>
        <fullName>Rep. Quigley, Mike [D-IL-5]</fullName>
        <lastName>Quigley</lastName>
        <bioguideId>Q000023</bioguideId>
        <party>D</party>
        <district>5</district>
        <sponsorshipWithdrawnDate />
        <state>IL</state>
        <isOriginalCosponsor>True</isOriginalCosponsor>
        <sponsorshipDate>2015-02-12</sponsorshipDate>
        <middleName />
        <firstName>Mike</firstName>
        <identifiers>
          <gpoId>7925</gpoId>
          <lisID>1967</lisID>
          <bioguideId>Q000023</bioguideId>
        </identifiers>
      </item>
      <item>
        <fullName>Rep. Higgins, Brian [D-NY-26]</fullName>
        <lastName>Higgins</lastName>
        <bioguideId>H001038</bioguideId>
        <party>D</party>
        <district>26</district>
        <sponsorshipWithdrawnDate />
        <state>NY</state>
        <isOriginalCosponsor>True</isOriginalCosponsor>
        <sponsorshipDate>2015-02-12</sponsorshipDate>
        <middleName />
        <firstName>Brian</firstName>
        <identifiers>
          <bioguideId>H001038</bioguideId>
          <gpoId>8088</gpoId>
          <lisID>1794</lisID>
        </identifiers>
      </item>
      <item>
        <fullName>Rep. Gutierrez, Luis V. [D-IL-4]</fullName>
        <lastName>GUTIERREZ</lastName>
        <bioguideId>G000535</bioguideId>
        <party>D</party>
        <district>4</district>
        <sponsorshipWithdrawnDate />
        <state>IL</state>
        <isOriginalCosponsor>True</isOriginalCosponsor>
        <sponsorshipDate>2015-02-12</sponsorshipDate>
        <middleName>V.</middleName>
        <firstName>LUIS</firstName>
        <identifiers>
          <bioguideId>G000535</bioguideId>
          <lisID>478</lisID>
          <gpoId>7924</gpoId>
        </identifiers>
      </item>
      <item>
        <fullName>Rep. Langevin, James R. [D-RI-2]</fullName>
        <lastName>LANGEVIN</lastName>
        <bioguideId>L000559</bioguideId>
        <party>D</party>
        <district>2</district>
        <sponsorshipWithdrawnDate />
        <state>RI</state>
        <isOriginalCosponsor>True</isOriginalCosponsor>
        <sponsorshipDate>2015-02-12</sponsorshipDate>
        <middleName>R.</middleName>
        <firstName>JAMES</firstName>
        <identifiers>
          <bioguideId>L000559</bioguideId>
          <gpoId>8140</gpoId>
          <lisID>1668</lisID>
        </identifiers>
      </item>
      <item>
        <fullName>Rep. Brownley, Julia [D-CA-26]</fullName>
        <lastName>Brownley</lastName>
        <bioguideId>B001285</bioguideId>
        <party>D</party>
        <district>26</district>
        <sponsorshipWithdrawnDate />
        <state>CA</state>
        <isOriginalCosponsor>True</isOriginalCosponsor>
        <sponsorshipDate>2015-02-12</sponsorshipDate>
        <middleName />
        <firstName>Julia</firstName>
        <identifiers>
          <lisID>2106</lisID>
          <gpoId />
          <bioguideId>B001285</bioguideId>
        </identifiers>
      </item>
      <item>
        <fullName>Rep. Brown, Corrine [D-FL-5]</fullName>
        <lastName>BROWN</lastName>
        <bioguideId>B000911</bioguideId>
        <party>D</party>
        <district>5</district>
        <sponsorshipWithdrawnDate />
        <state>FL</state>
        <isOriginalCosponsor>True</isOriginalCosponsor>
        <sponsorshipDate>2015-02-12</sponsorshipDate>
        <middleName />
        <firstName>CORRINE</firstName>
        <identifiers>
          <gpoId>7875</gpoId>
          <lisID>132</lisID>
          <bioguideId>B000911</bioguideId>
        </identifiers>
      </item>
      <item>
        <fullName>Rep. DeGette, Diana [D-CO-1]</fullName>
        <lastName>DEGETTE</lastName>
        <bioguideId>D000197</bioguideId>
        <party>D</party>
        <district>1</district>
        <sponsorshipWithdrawnDate />
        <state>CO</state>
        <isOriginalCosponsor>True</isOriginalCosponsor>
        <sponsorshipDate>2015-02-12</sponsorshipDate>
        <middleName />
        <firstName>DIANA</firstName>
        <identifiers>
          <bioguideId>D000197</bioguideId>
          <lisID>1479</lisID>
          <gpoId>7859</gpoId>
        </identifiers>
      </item>
      <item>
        <fullName>Rep. Larson, John B. [D-CT-1]</fullName>
        <lastName>LARSON</lastName>
        <bioguideId>L000557</bioguideId>
        <party>D</party>
        <district>1</district>
        <sponsorshipWithdrawnDate />
        <state>CT</state>
        <isOriginalCosponsor>True</isOriginalCosponsor>
        <sponsorshipDate>2015-02-12</sponsorshipDate>
        <middleName>B.</middleName>
        <firstName>JOHN</firstName>
        <identifiers>
          <bioguideId>L000557</bioguideId>
          <lisID>1583</lisID>
          <gpoId>7866</gpoId>
        </identifiers>
      </item>
      <item>
        <fullName>Rep. Speier, Jackie [D-CA-14]</fullName>
        <lastName>Speier</lastName>
        <bioguideId>S001175</bioguideId>
        <party>D</party>
        <district>14</district>
        <sponsorshipWithdrawnDate />
        <state>CA</state>
        <isOriginalCosponsor>True</isOriginalCosponsor>
        <sponsorshipDate>2015-02-12</sponsorshipDate>
        <middleName />
        <firstName>Jackie</firstName>
        <identifiers>
          <gpoId>7817</gpoId>
          <lisID>1890</lisID>
          <bioguideId>S001175</bioguideId>
        </identifiers>
      </item>
      <item>
        <fullName>Rep. McGovern, James P. [D-MA-2]</fullName>
        <lastName>MCGOVERN</lastName>
        <bioguideId>M000312</bioguideId>
        <party>D</party>
        <district>2</district>
        <sponsorshipWithdrawnDate />
        <state>MA</state>
        <isOriginalCosponsor>True</isOriginalCosponsor>
        <sponsorshipDate>2015-02-12</sponsorshipDate>
        <middleName>P.</middleName>
        <firstName>JAMES</firstName>
        <identifiers>
          <lisID>1504</lisID>
          <gpoId>7968</gpoId>
          <bioguideId>M000312</bioguideId>
        </identifiers>
      </item>
      <item>
        <fullName>Rep. Gibson, Christopher P. [R-NY-19]</fullName>
        <lastName>Gibson</lastName>
        <bioguideId>G000564</bioguideId>
        <party>R</party>
        <district>19</district>
        <sponsorshipWithdrawnDate />
        <state>NY</state>
        <isOriginalCosponsor>True</isOriginalCosponsor>
        <sponsorshipDate>2015-02-12</sponsorshipDate>
        <middleName>P.</middleName>
        <firstName>Christopher</firstName>
        <identifiers>
          <lisID>2043</lisID>
          <gpoId>8081</gpoId>
          <bioguideId>G000564</bioguideId>
        </identifiers>
      </item>
      <item>
        <fullName>Rep. Katko, John [R-NY-24]</fullName>
        <lastName>Katko</lastName>
        <bioguideId>K000386</bioguideId>
        <party>R</party>
        <district>24</district>
        <sponsorshipWithdrawnDate />
        <state>NY</state>
        <isOriginalCosponsor>True</isOriginalCosponsor>
        <sponsorshipDate>2015-02-12</sponsorshipDate>
        <middleName />
        <firstName>John</firstName>
        <identifiers>
          <lisID>2264</lisID>
          <gpoId />
          <bioguideId>K000386</bioguideId>
        </identifiers>
      </item>
      <item>
        <fullName>Rep. Guinta, Frank C. [R-NH-1]</fullName>
        <lastName>Guinta</lastName>
        <bioguideId>G000570</bioguideId>
        <party>R</party>
        <district>1</district>
        <sponsorshipWithdrawnDate />
        <state>NH</state>
        <isOriginalCosponsor>True</isOriginalCosponsor>
        <sponsorshipDate>2015-02-12</sponsorshipDate>
        <middleName>C.</middleName>
        <firstName>Frank</firstName>
        <identifiers>
          <gpoId>8041</gpoId>
          <lisID>2038</lisID>
          <bioguideId>G000570</bioguideId>
        </identifiers>
      </item>
      <item>
        <fullName>Rep. Kaptur, Marcy [D-OH-9]</fullName>
        <lastName>KAPTUR</lastName>
        <bioguideId>K000009</bioguideId>
        <party>D</party>
        <district>9</district>
        <sponsorshipWithdrawnDate />
        <state>OH</state>
        <isOriginalCosponsor>True</isOriginalCosponsor>
        <sponsorshipDate>2015-02-12</sponsorshipDate>
        <middleName />
        <firstName>MARCY</firstName>
        <identifiers>
          <lisID>616</lisID>
          <gpoId>8099</gpoId>
          <bioguideId>K000009</bioguideId>
        </identifiers>
      </item>
      <item>
        <fullName>Rep. Grayson, Alan [D-FL-9]</fullName>
        <lastName>Grayson</lastName>
        <bioguideId>G000556</bioguideId>
        <party>D</party>
        <district>9</district>
        <sponsorshipWithdrawnDate />
        <state>FL</state>
        <isOriginalCosponsor>True</isOriginalCosponsor>
        <sponsorshipDate>2015-02-12</sponsorshipDate>
        <middleName />
        <firstName>Alan</firstName>
        <identifiers>
          <bioguideId>G000556</bioguideId>
          <gpoId>7302</gpoId>
          <lisID>1914</lisID>
        </identifiers>
      </item>
      <item>
        <fullName>Rep. Bera, Ami [D-CA-7]</fullName>
        <lastName>Bera</lastName>
        <bioguideId>B001287</bioguideId>
        <party>D</party>
        <district>7</district>
        <sponsorshipWithdrawnDate />
        <state>CA</state>
        <isOriginalCosponsor>True</isOriginalCosponsor>
        <sponsorshipDate>2015-02-12</sponsorshipDate>
        <middleName />
        <firstName>Ami</firstName>
        <identifiers>
          <lisID>2102</lisID>
          <gpoId />
          <bioguideId>B001287</bioguideId>
        </identifiers>
      </item>
      <item>
        <fullName>Rep. Lynch, Stephen F. [D-MA-8]</fullName>
        <lastName>Lynch</lastName>
        <bioguideId>L000562</bioguideId>
        <party>D</party>
        <district>8</district>
        <sponsorshipWithdrawnDate />
        <state>MA</state>
        <isOriginalCosponsor>True</isOriginalCosponsor>
        <sponsorshipDate>2015-02-12</sponsorshipDate>
        <middleName>F.</middleName>
        <firstName>Stephen</firstName>
        <identifiers>
          <lisID>1686</lisID>
          <gpoId>7974</gpoId>
          <bioguideId>L000562</bioguideId>
        </identifiers>
      </item>
      <item>
        <fullName>Rep. Chu, Judy [D-CA-27]</fullName>
        <lastName>Chu</lastName>
        <bioguideId>C001080</bioguideId>
        <party>D</party>
        <district>27</district>
        <sponsorshipWithdrawnDate />
        <state>CA</state>
        <isOriginalCosponsor>True</isOriginalCosponsor>
        <sponsorshipDate>2015-02-12</sponsorshipDate>
        <middleName />
        <firstName>Judy</firstName>
        <identifiers>
          <lisID>1970</lisID>
          <gpoId>7837</gpoId>
          <bioguideId>C001080</bioguideId>
        </identifiers>
      </item>
      <item>
        <fullName>Rep. Duckworth, Tammy [D-IL-8]</fullName>
        <lastName>Duckworth</lastName>
        <bioguideId>D000622</bioguideId>
        <party>D</party>
        <district>8</district>
        <sponsorshipWithdrawnDate />
        <state>IL</state>
        <isOriginalCosponsor>True</isOriginalCosponsor>
        <sponsorshipDate>2015-02-12</sponsorshipDate>
        <middleName />
        <firstName>Tammy</firstName>
        <identifiers>
          <lisID>2123</lisID>
          <gpoId />
          <bioguideId>D000622</bioguideId>
        </identifiers>
      </item>
      <item>
        <fullName>Rep. Pingree, Chellie [D-ME-1]</fullName>
        <lastName>Pingree</lastName>
        <bioguideId>P000597</bioguideId>
        <party>D</party>
        <district>1</district>
        <sponsorshipWithdrawnDate />
        <state>ME</state>
        <isOriginalCosponsor>True</isOriginalCosponsor>
        <sponsorshipDate>2015-02-12</sponsorshipDate>
        <middleName />
        <firstName>Chellie</firstName>
        <identifiers>
          <gpoId>7984</gpoId>
          <lisID>1927</lisID>
          <bioguideId>P000597</bioguideId>
        </identifiers>
      </item>
      <item>
        <fullName>Rep. Loebsack, David [D-IA-2]</fullName>
        <lastName>Loebsack</lastName>
        <bioguideId>L000565</bioguideId>
        <party>D</party>
        <district>2</district>
        <sponsorshipWithdrawnDate />
        <state>IA</state>
        <isOriginalCosponsor>True</isOriginalCosponsor>
        <sponsorshipDate>2015-02-12</sponsorshipDate>
        <middleName />
        <firstName>David</firstName>
        <identifiers>
          <bioguideId>L000565</bioguideId>
          <lisID>1846</lisID>
          <gpoId>7915</gpoId>
        </identifiers>
      </item>
      <item>
        <fullName>Rep. Ryan, Tim [D-OH-13]</fullName>
        <lastName>RYAN</lastName>
        <bioguideId>R000577</bioguideId>
        <party>D</party>
        <district>13</district>
        <sponsorshipWithdrawnDate />
        <state>OH</state>
        <isOriginalCosponsor>False</isOriginalCosponsor>
        <sponsorshipDate>2015-02-25</sponsorshipDate>
        <middleName />
        <firstName>TIM</firstName>
        <identifiers>
          <bioguideId>R000577</bioguideId>
          <lisID>1756</lisID>
          <gpoId>8107</gpoId>
        </identifiers>
      </item>
      <item>
        <fullName>Rep. Costa, Jim [D-CA-16]</fullName>
        <lastName>Costa</lastName>
        <bioguideId>C001059</bioguideId>
        <party>D</party>
        <district>16</district>
        <sponsorshipWithdrawnDate />
        <state>CA</state>
        <isOriginalCosponsor>False</isOriginalCosponsor>
        <sponsorshipDate>2015-02-25</sponsorshipDate>
        <middleName />
        <firstName>Jim</firstName>
        <identifiers>
          <lisID>1774</lisID>
          <bioguideId>C001059</bioguideId>
          <gpoId>7825</gpoId>
        </identifiers>
      </item>
      <item>
        <fullName>Rep. Israel, Steve [D-NY-3]</fullName>
        <lastName>ISRAEL</lastName>
        <bioguideId>I000057</bioguideId>
        <party>D</party>
        <district>3</district>
        <sponsorshipWithdrawnDate />
        <state>NY</state>
        <isOriginalCosponsor>False</isOriginalCosponsor>
        <sponsorshipDate>2015-03-04</sponsorshipDate>
        <middleName />
        <firstName>STEVE</firstName>
        <identifiers>
          <bioguideId>I000057</bioguideId>
          <lisID>1663</lisID>
          <gpoId>8063</gpoId>
        </identifiers>
      </item>
      <item>
        <fullName>Rep. Dold, Robert J. [R-IL-10]</fullName>
        <lastName>Dold</lastName>
        <bioguideId>D000613</bioguideId>
        <party>R</party>
        <district>10</district>
        <sponsorshipWithdrawnDate />
        <state>IL</state>
        <isOriginalCosponsor>False</isOriginalCosponsor>
        <sponsorshipDate>2015-04-22</sponsorshipDate>
        <middleName>J.</middleName>
        <firstName>Robert</firstName>
        <identifiers>
          <gpoId>7930</gpoId>
          <lisID>2013</lisID>
          <bioguideId>D000613</bioguideId>
        </identifiers>
      </item>
      <item>
        <fullName>Rep. Posey, Bill [R-FL-8]</fullName>
        <lastName>Posey</lastName>
        <bioguideId>P000599</bioguideId>
        <party>R</party>
        <district>8</district>
        <sponsorshipWithdrawnDate />
        <state>FL</state>
        <isOriginalCosponsor>False</isOriginalCosponsor>
        <sponsorshipDate>2015-06-16</sponsorshipDate>
        <middleName />
        <firstName>Bill</firstName>
        <identifiers>
          <lisID>1915</lisID>
          <gpoId>7887</gpoId>
          <bioguideId>P000599</bioguideId>
        </identifiers>
      </item>
      <item>
        <fullName>Rep. Walz, Timothy J. [D-MN-1]</fullName>
        <lastName>Walz</lastName>
        <bioguideId>W000799</bioguideId>
        <party>D</party>
        <district>1</district>
        <sponsorshipWithdrawnDate />
        <state>MN</state>
        <isOriginalCosponsor>False</isOriginalCosponsor>
        <sponsorshipDate>2015-07-22</sponsorshipDate>
        <middleName>J.</middleName>
        <firstName>Timothy</firstName>
        <identifiers>
          <lisID>1856</lisID>
          <bioguideId>W000799</bioguideId>
          <gpoId>8001</gpoId>
        </identifiers>
      </item>
      <item>
        <fullName>Rep. Gabbard, Tulsi [D-HI-2]</fullName>
        <lastName>Gabbard</lastName>
        <bioguideId>G000571</bioguideId>
        <party>D</party>
        <district>2</district>
        <sponsorshipWithdrawnDate />
        <state>HI</state>
        <isOriginalCosponsor>False</isOriginalCosponsor>
        <sponsorshipDate>2015-07-28</sponsorshipDate>
        <middleName />
        <firstName>Tulsi</firstName>
        <identifiers>
          <bioguideId>G000571</bioguideId>
          <lisID>2122</lisID>
          <gpoId />
        </identifiers>
      </item>
      <item>
        <fullName>Rep. Lieu, Ted [D-CA-33]</fullName>
        <lastName>Lieu</lastName>
        <bioguideId>L000582</bioguideId>
        <party>D</party>
        <district>33</district>
        <sponsorshipWithdrawnDate />
        <state>CA</state>
        <isOriginalCosponsor>False</isOriginalCosponsor>
        <sponsorshipDate>2015-07-28</sponsorshipDate>
        <middleName />
        <firstName>Ted</firstName>
        <identifiers>
          <gpoId />
          <lisID>2230</lisID>
          <bioguideId>L000582</bioguideId>
        </identifiers>
      </item>
      <item>
        <fullName>Rep. McDermott, Jim [D-WA-7]</fullName>
        <lastName>MCDERMOTT</lastName>
        <bioguideId>M000404</bioguideId>
        <party>D</party>
        <district>7</district>
        <sponsorshipWithdrawnDate />
        <state>WA</state>
        <isOriginalCosponsor>False</isOriginalCosponsor>
        <sponsorshipDate>2015-07-28</sponsorshipDate>
        <middleName />
        <firstName>JIM</firstName>
        <identifiers>
          <lisID>766</lisID>
          <gpoId>8211</gpoId>
          <bioguideId>M000404</bioguideId>
        </identifiers>
      </item>
      <item>
        <fullName>Rep. Pascrell, Bill, Jr. [D-NJ-9]</fullName>
        <lastName>PASCRELL</lastName>
        <bioguideId>P000096</bioguideId>
        <party>D</party>
        <district>9</district>
        <sponsorshipWithdrawnDate />
        <state>NJ</state>
        <isOriginalCosponsor>False</isOriginalCosponsor>
        <sponsorshipDate>2015-07-28</sponsorshipDate>
        <middleName>J.</middleName>
        <firstName>WILLIAM</firstName>
        <identifiers>
          <lisID>1510</lisID>
          <gpoId>8050</gpoId>
          <bioguideId>P000096</bioguideId>
        </identifiers>
      </item>
      <item>
        <fullName>Rep. Peterson, Collin C. [D-MN-7]</fullName>
        <lastName>PETERSON</lastName>
        <bioguideId>P000258</bioguideId>
        <party>D</party>
        <district>7</district>
        <sponsorshipWithdrawnDate />
        <state>MN</state>
        <isOriginalCosponsor>False</isOriginalCosponsor>
        <sponsorshipDate>2015-07-28</sponsorshipDate>
        <middleName>C.</middleName>
        <firstName>COLLIN</firstName>
        <identifiers>
          <bioguideId>P000258</bioguideId>
          <lisID>910</lisID>
          <gpoId>8007</gpoId>
        </identifiers>
      </item>
      <item>
        <fullName>Rep. Rangel, Charles B. [D-NY-13]</fullName>
        <lastName>RANGEL</lastName>
        <bioguideId>R000053</bioguideId>
        <party>D</party>
        <district>13</district>
        <sponsorshipWithdrawnDate />
        <state>NY</state>
        <isOriginalCosponsor>False</isOriginalCosponsor>
        <sponsorshipDate>2015-07-28</sponsorshipDate>
        <middleName>B.</middleName>
        <firstName>CHARLES</firstName>
        <identifiers>
          <bioguideId>R000053</bioguideId>
          <lisID>944</lisID>
          <gpoId>8076</gpoId>
        </identifiers>
      </item>
      <item>
        <fullName>Rep. Serrano, Jose E. [D-NY-15]</fullName>
        <lastName>SERRANO</lastName>
        <bioguideId>S000248</bioguideId>
        <party>D</party>
        <district>15</district>
        <sponsorshipWithdrawnDate />
        <state>NY</state>
        <isOriginalCosponsor>False</isOriginalCosponsor>
        <sponsorshipDate>2015-07-28</sponsorshipDate>
        <middleName>E.</middleName>
        <firstName>JOSE</firstName>
        <identifiers>
          <lisID>1042</lisID>
          <gpoId>8077</gpoId>
          <bioguideId>S000248</bioguideId>
        </identifiers>
      </item>
      <item>
        <fullName>Rep. Takai, Mark [D-HI-1]</fullName>
        <lastName>Takai</lastName>
        <bioguideId>T000473</bioguideId>
        <party>D</party>
        <district>1</district>
        <sponsorshipWithdrawnDate />
        <state>HI</state>
        <isOriginalCosponsor>False</isOriginalCosponsor>
        <sponsorshipDate>2015-07-28</sponsorshipDate>
        <middleName />
        <firstName>Mark</firstName>
        <identifiers>
          <lisID>2240</lisID>
          <gpoId />
          <bioguideId>T000473</bioguideId>
        </identifiers>
      </item>
      <item>
        <fullName>Rep. Keating, William R. [D-MA-9]</fullName>
        <lastName>Keating</lastName>
        <bioguideId>K000375</bioguideId>
        <party>D</party>
        <district>9</district>
        <sponsorshipWithdrawnDate />
        <state>MA</state>
        <isOriginalCosponsor>False</isOriginalCosponsor>
        <sponsorshipDate>2015-07-28</sponsorshipDate>
        <middleName>R.</middleName>
        <firstName>William</firstName>
        <identifiers>
          <gpoId>7975</gpoId>
          <lisID>2025</lisID>
          <bioguideId>K000375</bioguideId>
        </identifiers>
      </item>
      <item>
        <fullName>Rep. Torres, Norma J. [D-CA-35]</fullName>
        <lastName>Torres</lastName>
        <bioguideId>T000474</bioguideId>
        <party>D</party>
        <district>35</district>
        <sponsorshipWithdrawnDate />
        <state>CA</state>
        <isOriginalCosponsor>False</isOriginalCosponsor>
        <sponsorshipDate>2015-07-28</sponsorshipDate>
        <middleName>J.</middleName>
        <firstName>Norma</firstName>
        <identifiers>
          <bioguideId>T000474</bioguideId>
          <gpoId />
          <lisID>2231</lisID>
        </identifiers>
      </item>
      <item>
        <fullName>Rep. Goodlatte, Bob [R-VA-6]</fullName>
        <lastName>GOODLATTE</lastName>
        <bioguideId>G000289</bioguideId>
        <party>R</party>
        <district>6</district>
        <sponsorshipWithdrawnDate />
        <state>VA</state>
        <isOriginalCosponsor>False</isOriginalCosponsor>
        <sponsorshipDate>2016-06-22</sponsorshipDate>
        <middleName>W.</middleName>
        <firstName>ROBERT</firstName>
        <identifiers>
          <gpoId>8197</gpoId>
          <lisID>446</lisID>
          <bioguideId>G000289</bioguideId>
        </identifiers>
      </item>
      <item>
        <fullName>Rep. Graham, Gwen [D-FL-2]</fullName>
        <lastName>Graham</lastName>
        <bioguideId>G000575</bioguideId>
        <party>D</party>
        <district>2</district>
        <sponsorshipWithdrawnDate />
        <state>FL</state>
        <isOriginalCosponsor>False</isOriginalCosponsor>
        <sponsorshipDate>2016-07-05</sponsorshipDate>
        <middleName />
        <firstName>Gwen</firstName>
        <identifiers>
          <lisID>2234</lisID>
          <gpoId />
          <bioguideId>G000575</bioguideId>
        </identifiers>
      </item>
      <item>
        <fullName>Rep. Grijalva, Raul M. [D-AZ-3]</fullName>
        <lastName>Grijalva</lastName>
        <bioguideId>G000551</bioguideId>
        <party>D</party>
        <district>3</district>
        <sponsorshipWithdrawnDate />
        <state>AZ</state>
        <isOriginalCosponsor>False</isOriginalCosponsor>
        <sponsorshipDate>2016-07-05</sponsorshipDate>
        <middleName>M.</middleName>
        <firstName>Raul</firstName>
        <identifiers>
          <bioguideId>G000551</bioguideId>
          <gpoId>7804</gpoId>
          <lisID>1708</lisID>
        </identifiers>
      </item>
    </cosponsors>
    <billType>HR</billType>
    <cboCostEstimates />
    <recordedVotes />
    <relatedBills />
    <actions>
      <actionTypeCounts>
        <billReferrals>1</billReferrals>
        <introducedInTheHouse>1</introducedInTheHouse>
        <introducedInHouse>1</introducedInHouse>
      </actionTypeCounts>
      <item>
        <actionDate>2015-02-12</actionDate>
        <sourceSystem>
          <code>2</code>
          <name>House floor actions</name>
        </sourceSystem>
        <text>Referred to the House Committee on Oversight and Government.</text>
        <type>IntroReferral</type>
        <links />
        <actionCode>H11100</actionCode>
        <committee>
          <name>Oversight and Government Reform Committee</name>
          <systemCode>hsgo00</systemCode>
        </committee>
      </item>
      <item>
        <actionDate>2015-02-12</actionDate>
        <sourceSystem>
          <code>9</code>
          <name>Library of Congress</name>
        </sourceSystem>
        <text>Introduced in House</text>
        <type>IntroReferral</type>
        <links />
        <actionCode>Intro-H</actionCode>
        <committee />
      </item>
      <item>
        <actionDate>2015-02-12</actionDate>
        <sourceSystem>
          <code>9</code>
          <name>Library of Congress</name>
        </sourceSystem>
        <text>Introduced in House</text>
        <type>IntroReferral</type>
        <links />
        <actionCode>1000</actionCode>
        <committee />
      </item>
      <actionByCounts>
        <houseOfRepresentatives>3</houseOfRepresentatives>
      </actionByCounts>
    </actions>
    <notes />
    <latestAction>
      <actionDate>2015-02-12</actionDate>
      <links />
      <text>Referred to the House Committee on Oversight and Government.</text>
    </latestAction>
    <introducedDate>2015-02-12</introducedDate>
    <sponsors>
      <item>
        <fullName>Rep. Bustos, Cheri [D-IL-17]</fullName>
        <firstName>Cheri</firstName>
        <byRequestType />
        <identifiers>
          <gpoId />
          <lisID>2127</lisID>
          <bioguideId>B001286</bioguideId>
        </identifiers>
        <middleName />
        <bioguideId>B001286</bioguideId>
        <district>17</district>
        <party>D</party>
        <state>IL</state>
        <lastName>Bustos</lastName>
      </item>
    </sponsors>
    <constitutionalAuthorityStatementText><![CDATA[<pre>From the Congressional Record Online through the Government Publishing Office [<a href='http://www.gpo.gov'>www.gpo.gov</a>]By Mrs. BUSTOS:H.R. 916.Congress has the power to enact this legislation pursuantto the following:This bill is enacted pursuant to the power granted toCongress under Article I, Section 8, Clause 18 of the UnitedStates Constitution.[Page H1036]</pre>]]></constitutionalAuthorityStatementText>
    <calendarNumbers />
    <committeeReports />
    <amendments />
    <createDate>2015-02-13T06:14:12Z</createDate>
    <originChamber>House</originChamber>
    <titles>
      <item>
        <title>All-American Flag Act</title>
        <chamberName />
        <chamberCode />
        <titleType>Short Titles as Introduced</titleType>
        <parentTitleType />
      </item>
      <item>
        <title>To require the purchase of domestically made flags of the United States of America for use by the Federal Government.</title>
        <chamberName />
        <chamberCode />
        <titleType>Official Title as Introduced</titleType>
        <parentTitleType />
      </item>
      <item>
        <title>All-American Flag Act</title>
        <chamberName />
        <chamberCode />
        <titleType>Display Title</titleType>
        <parentTitleType />
      </item>
    </titles>
  </bill>
  <dublinCore xmlns:dc="http://purl.org/dc/elements/1.1/">
    <dc:format>text/xml</dc:format>
    <dc:language>EN</dc:language>
    <dc:rights>Pursuant to Title 17 Section 105 of the United States Code, this file is not subject to copyright protection and is in the public domain.</dc:rights>
    <dc:contributor>Congressional Research Service, Library of Congress</dc:contributor>
    <dc:description>This file contains bill summaries and statuses for federal legislation. A bill summary describes the most significant provisions of a piece of legislation and details the effects the legislative text may have on current law and federal programs. Bill summaries are authored by the Congressional Research Service (CRS) of the Library of Congress. As stated in Public Law 91-510 (2 USC 166 (d)(6)), one of the duties of CRS is "to prepare summaries and digests of bills and resolutions of a public general nature introduced in the Senate or House of Representatives". For more information, refer to the User Guide that accompanies this file.</dc:description>
  </dublinCore>
</billStatus>

