<?xml version="1.0" encoding="UTF-8"?>
<billStatus>
  <bill>
    <latestAction>
      <text>Referred to the Subcommittee on Workforce Protections.</text>
      <links />
      <actionDate>2015-04-29</actionDate>
    </latestAction>
    <policyArea>
      <name>Labor and Employment</name>
    </policyArea>
    <amendments />
    <relatedBills />
    <billNumber>436</billNumber>
    <updateDate>2016-11-02T21:17:30Z</updateDate>
    <cboCostEstimates />
    <sponsors>
      <item>
        <fullName>Rep. Wasserman Schultz, Debbie [D-FL-23]</fullName>
        <firstName>Debbie</firstName>
        <district>23</district>
        <lastName>Wasserman Schultz</lastName>
        <byRequestType />
        <identifiers>
          <lisID>1777</lisID>
          <bioguideId>W000797</bioguideId>
          <gpoId>7892</gpoId>
        </identifiers>
        <middleName />
        <party>D</party>
        <state>FL</state>
        <bioguideId>W000797</bioguideId>
      </item>
    </sponsors>
    <notes />
    <originChamber>House</originChamber>
    <subjects>
      <billSubjects>
        <legislativeSubjects>
          <item>
            <name>Administrative law and regulatory procedures</name>
          </item>
          <item>
            <name>Department of Labor</name>
          </item>
          <item>
            <name>Disability assistance</name>
          </item>
          <item>
            <name>Marine and inland water transportation</name>
          </item>
          <item>
            <name>Navigation, waterways, harbors</name>
          </item>
          <item>
            <name>Transportation employees</name>
          </item>
          <item>
            <name>Worker safety and health</name>
          </item>
        </legislativeSubjects>
        <policyArea>
          <name>Labor and Employment</name>
        </policyArea>
      </billSubjects>
    </subjects>
    <cosponsors>
      <item>
        <firstName>Lois</firstName>
        <sponsorshipWithdrawnDate />
        <identifiers>
          <bioguideId>F000462</bioguideId>
          <gpoId />
          <lisID>2119</lisID>
        </identifiers>
        <party>D</party>
        <isOriginalCosponsor>True</isOriginalCosponsor>
        <fullName>Rep. Frankel, Lois [D-FL-22]</fullName>
        <middleName />
        <sponsorshipDate>2015-01-21</sponsorshipDate>
        <bioguideId>F000462</bioguideId>
        <district>22</district>
        <state>FL</state>
        <lastName>Frankel</lastName>
      </item>
      <item>
        <firstName>Frederica</firstName>
        <sponsorshipWithdrawnDate />
        <identifiers>
          <lisID>2004</lisID>
          <bioguideId>W000808</bioguideId>
          <gpoId>7889</gpoId>
        </identifiers>
        <party>D</party>
        <isOriginalCosponsor>True</isOriginalCosponsor>
        <fullName>Rep. Wilson, Frederica S. [D-FL-24]</fullName>
        <middleName>S.</middleName>
        <sponsorshipDate>2015-01-21</sponsorshipDate>
        <bioguideId>W000808</bioguideId>
        <district>24</district>
        <state>FL</state>
        <lastName>Wilson</lastName>
      </item>
      <item>
        <firstName>Theodore</firstName>
        <sponsorshipWithdrawnDate />
        <identifiers>
          <bioguideId>D000610</bioguideId>
          <lisID>1976</lisID>
          <gpoId>7891</gpoId>
        </identifiers>
        <party>D</party>
        <isOriginalCosponsor>True</isOriginalCosponsor>
        <fullName>Rep. Deutch, Theodore E. [D-FL-21]</fullName>
        <middleName>E.</middleName>
        <sponsorshipDate>2015-01-21</sponsorshipDate>
        <bioguideId>D000610</bioguideId>
        <district>21</district>
        <state>FL</state>
        <lastName>Deutch</lastName>
      </item>
      <item>
        <firstName>Patrick</firstName>
        <sponsorshipWithdrawnDate />
        <identifiers>
          <lisID>2117</lisID>
          <bioguideId>M001191</bioguideId>
          <gpoId />
        </identifiers>
        <party>D</party>
        <isOriginalCosponsor>True</isOriginalCosponsor>
        <fullName>Rep. Murphy, Patrick [D-FL-18]</fullName>
        <middleName />
        <sponsorshipDate>2015-01-21</sponsorshipDate>
        <bioguideId>M001191</bioguideId>
        <district>18</district>
        <state>FL</state>
        <lastName>Murphy</lastName>
      </item>
      <item>
        <firstName>Duncan</firstName>
        <sponsorshipWithdrawnDate />
        <identifiers>
          <gpoId>7857</gpoId>
          <lisID>1909</lisID>
          <bioguideId>H001048</bioguideId>
        </identifiers>
        <party>R</party>
        <isOriginalCosponsor>True</isOriginalCosponsor>
        <fullName>Rep. Hunter, Duncan D. [R-CA-50]</fullName>
        <middleName>D.</middleName>
        <sponsorshipDate>2015-01-21</sponsorshipDate>
        <bioguideId>H001048</bioguideId>
        <district>50</district>
        <state>CA</state>
        <lastName>Hunter</lastName>
      </item>
      <item>
        <firstName>Mario</firstName>
        <sponsorshipWithdrawnDate />
        <identifiers>
          <gpoId>7893</gpoId>
          <lisID>1717</lisID>
          <bioguideId>D000600</bioguideId>
        </identifiers>
        <party>R</party>
        <isOriginalCosponsor>True</isOriginalCosponsor>
        <fullName>Rep. Diaz-Balart, Mario [R-FL-25]</fullName>
        <middleName />
        <sponsorshipDate>2015-01-21</sponsorshipDate>
        <bioguideId>D000600</bioguideId>
        <district>25</district>
        <state>FL</state>
        <lastName>Diaz-Balart</lastName>
      </item>
      <item>
        <firstName>ILEANA</firstName>
        <sponsorshipWithdrawnDate />
        <identifiers>
          <bioguideId>R000435</bioguideId>
          <lisID>985</lisID>
          <gpoId>7890</gpoId>
        </identifiers>
        <party>R</party>
        <isOriginalCosponsor>True</isOriginalCosponsor>
        <fullName>Rep. Ros-Lehtinen, Ileana [R-FL-27]</fullName>
        <middleName />
        <sponsorshipDate>2015-01-21</sponsorshipDate>
        <bioguideId>R000435</bioguideId>
        <district>27</district>
        <state>FL</state>
        <lastName>ROS-LEHTINEN</lastName>
      </item>
      <item>
        <firstName>Glenn</firstName>
        <sponsorshipWithdrawnDate />
        <identifiers>
          <bioguideId>G000576</bioguideId>
          <lisID>2276</lisID>
          <gpoId />
        </identifiers>
        <party>R</party>
        <isOriginalCosponsor>False</isOriginalCosponsor>
        <fullName>Rep. Grothman, Glenn [R-WI-6]</fullName>
        <middleName />
        <sponsorshipDate>2015-07-21</sponsorshipDate>
        <bioguideId>G000576</bioguideId>
        <district>6</district>
        <state>WI</state>
        <lastName>Grothman</lastName>
      </item>
    </cosponsors>
    <constitutionalAuthorityStatementText><![CDATA[<pre>From the Congressional Record Online through the Government Publishing Office [<a href='http://www.gpo.gov'>www.gpo.gov</a>]By Ms. WASSERMAN SCHULTZ:H.R. 436.Congress has the power to enact this legislation pursuantto the following:The Constitutional authority on which this bill rests isthe power of Congress to provide for the general welfare ofthe United States, as enumerated in Article 1, Section 8,Clause 1 of the United States Constitution, and to regulatecommerce as enumerated in Article 1, Section 8, Clause 3.[Page H481]</pre>]]></constitutionalAuthorityStatementText>
    <calendarNumbers />
    <committeeReports />
    <billType>HR</billType>
    <title>Longshore and Harbor Workers' Compensation Clarification Act of 2015</title>
    <introducedDate>2015-01-21</introducedDate>
    <actions>
      <actionByCounts>
        <houseOfRepresentatives>4</houseOfRepresentatives>
      </actionByCounts>
      <item>
        <actionDate>2015-04-29</actionDate>
        <committee>
          <name>Workforce Protections Subcommittee</name>
          <systemCode>hsed10</systemCode>
        </committee>
        <links />
        <sourceSystem>
          <name>House committee actions</name>
          <code>1</code>
        </sourceSystem>
        <text>Referred to the Subcommittee on Workforce Protections.</text>
        <type>Committee</type>
      </item>
      <item>
        <actionDate>2015-01-21</actionDate>
        <actionCode>H11100</actionCode>
        <sourceSystem>
          <name>House floor actions</name>
          <code>2</code>
        </sourceSystem>
        <links />
        <committee>
          <name>Education and the Workforce Committee</name>
          <systemCode>hsed00</systemCode>
        </committee>
        <text>Referred to the House Committee on Education and the Workforce.</text>
        <type>IntroReferral</type>
      </item>
      <item>
        <actionDate>2015-01-21</actionDate>
        <actionCode>Intro-H</actionCode>
        <sourceSystem>
          <name>Library of Congress</name>
          <code>9</code>
        </sourceSystem>
        <links />
        <committee />
        <text>Introduced in House</text>
        <type>IntroReferral</type>
      </item>
      <item>
        <actionDate>2015-01-21</actionDate>
        <actionCode>1000</actionCode>
        <sourceSystem>
          <name>Library of Congress</name>
          <code>9</code>
        </sourceSystem>
        <links />
        <committee />
        <text>Introduced in House</text>
        <type>IntroReferral</type>
      </item>
      <actionTypeCounts>
        <introducedInHouse>1</introducedInHouse>
        <placeholderTextForH>1</placeholderTextForH>
        <billReferrals>1</billReferrals>
        <introducedInTheHouse>1</introducedInTheHouse>
      </actionTypeCounts>
    </actions>
    <congress>114</congress>
    <summaries>
      <billSummaries>
        <item>
          <versionCode>00</versionCode>
          <actionDate>2015-01-21</actionDate>
          <text><![CDATA[<p><b>Longshore and Harbor Workers' Compensation Clarification Act of 2015</b></p> <p>Amends the Longshore and Harbor Workers' Compensation Act to define &quot;recreational vessel&quot; as a vessel:</p> <ul> <li>being manufactured or operated primarily for pleasure; or</li> <li>leased, rented, or chartered to another for the latter's pleasure.</li> </ul> <p>Prescribes the following rules in applying the definition:</p> <ul> <li>a vessel being manufactured or built, or being repaired under warranty by its manufacturer or builder, is a recreational vessel if the vessel appears intended, based on its design and construction, to be for ultimate recreational uses. Requires the manufacturer or builder to bear the burden of establishing that a vessel is recreational under this standard;</li> <li>a vessel being repaired, dismantled for repair, or dismantled at the end of its life will be treated as recreational at the time of repair, dismantling for repair, or dismantling, provided that such vessel shares elements of design and construction of traditional recreational vessels and is not normally engaged in a military, commercial or traditionally commercial undertaking; and</li> <li>a vessel will be treated as a recreational vessel if it is a public vessel, such as a vessel owned or chartered and operated by the United States, or by a state or local government, at the time of repair, dismantling for repair, or dismantling, provided that such vessel shares elements of design and construction with traditional recreational vessels and is not normally engaged in a military, commercial, or traditionally commercial undertaking.</li> </ul> <p>Requires the Secretary of Labor to revise a certain federal regulation to replace its definition of &quot;recreational vessel&quot; with the definition specified in this Act.</p>]]></text>
          <lastSummaryUpdateDate>2015-01-26T20:22:06Z</lastSummaryUpdateDate>
          <actionDesc>Introduced in House</actionDesc>
          <name>Introduced in House</name>
          <updateDate>2015-01-21T05:00:00Z</updateDate>
        </item>
      </billSummaries>
    </summaries>
    <laws />
    <createDate>2015-01-22T04:46:23Z</createDate>
    <titles>
      <item>
        <chamberCode />
        <chamberName />
        <title>Longshore and Harbor Workers' Compensation Clarification Act of 2015</title>
        <parentTitleType />
        <titleType>Short Titles as Introduced</titleType>
      </item>
      <item>
        <chamberCode />
        <chamberName />
        <title>To amend the Longshore and Harbor Workers' Compensation Act to provide a definition of recreational vessel for purposes of such Act.</title>
        <parentTitleType />
        <titleType>Official Title as Introduced</titleType>
      </item>
      <item>
        <chamberCode />
        <chamberName />
        <title>Longshore and Harbor Workers' Compensation Clarification Act of 2015</title>
        <parentTitleType />
        <titleType>Display Title</titleType>
      </item>
    </titles>
    <recordedVotes />
    <committees>
      <billCommittees>
        <item>
          <subcommittees>
            <item>
              <name>Workforce Protections Subcommittee</name>
              <activities>
                <item>
                  <name>Referred to</name>
                  <date>2015-04-29T14:36:29Z</date>
                </item>
              </activities>
              <systemCode>hsed10</systemCode>
            </item>
          </subcommittees>
          <chamber>House</chamber>
          <type>Standing</type>
          <name>Education and the Workforce Committee</name>
          <systemCode>hsed00</systemCode>
          <activities>
            <item>
              <name>Referred to</name>
              <date>2015-01-21T15:05:20Z</date>
            </item>
          </activities>
        </item>
      </billCommittees>
    </committees>
  </bill>
  <dublinCore xmlns:dc="http://purl.org/dc/elements/1.1/">
    <dc:format>text/xml</dc:format>
    <dc:language>EN</dc:language>
    <dc:rights>Pursuant to Title 17 Section 105 of the United States Code, this file is not subject to copyright protection and is in the public domain.</dc:rights>
    <dc:contributor>Congressional Research Service, Library of Congress</dc:contributor>
    <dc:description>This file contains bill summaries and statuses for federal legislation. A bill summary describes the most significant provisions of a piece of legislation and details the effects the legislative text may have on current law and federal programs. Bill summaries are authored by the Congressional Research Service (CRS) of the Library of Congress. As stated in Public Law 91-510 (2 USC 166 (d)(6)), one of the duties of CRS is "to prepare summaries and digests of bills and resolutions of a public general nature introduced in the Senate or House of Representatives". For more information, refer to the User Guide that accompanies this file.</dc:description>
  </dublinCore>
</billStatus>

