<?xml version="1.0" encoding="UTF-8"?>
<billStatus>
  <bill>
    <latestAction>
      <text>Referred to the House Committee on Financial Services.</text>
      <links />
      <actionDate>2015-01-28</actionDate>
    </latestAction>
    <policyArea>
      <name>Finance and Financial Sector</name>
    </policyArea>
    <amendments />
    <relatedBills>
      <item>
        <congress>114</congress>
        <type>S</type>
        <relationshipDetails>
          <item>
            <identifiedBy>CRS</identifiedBy>
            <type>Identical bill</type>
          </item>
        </relationshipDetails>
        <number>294</number>
        <latestAction>
          <actionDate>2015-01-28</actionDate>
          <text>Read twice and referred to the Committee on Banking, Housing, and Urban Affairs.</text>
        </latestAction>
        <latestTitle>Pro Football Hall of Fame Commemorative Coin Act</latestTitle>
      </item>
    </relatedBills>
    <billNumber>602</billNumber>
    <updateDate>2016-11-02T21:18:25Z</updateDate>
    <cboCostEstimates />
    <sponsors>
      <item>
        <fullName>Rep. Renacci, James B. [R-OH-16]</fullName>
        <firstName>James</firstName>
        <district>16</district>
        <lastName>Renacci</lastName>
        <byRequestType />
        <identifiers>
          <bioguideId>R000586</bioguideId>
          <lisID>2048</lisID>
          <gpoId>8106</gpoId>
        </identifiers>
        <middleName>B.</middleName>
        <party>R</party>
        <state>OH</state>
        <bioguideId>R000586</bioguideId>
      </item>
    </sponsors>
    <notes />
    <originChamber>House</originChamber>
    <subjects>
      <billSubjects>
        <policyArea>
          <name>Finance and Financial Sector</name>
        </policyArea>
        <legislativeSubjects>
          <item>
            <name>Currency</name>
          </item>
          <item>
            <name>Museums, exhibitions, cultural centers</name>
          </item>
          <item>
            <name>Professional sports</name>
          </item>
        </legislativeSubjects>
      </billSubjects>
    </subjects>
    <cosponsors>
      <item>
        <state>OH</state>
        <fullName>Rep. Gibbs, Bob [R-OH-7]</fullName>
        <sponsorshipDate>2015-01-28</sponsorshipDate>
        <identifiers>
          <gpoId>8108</gpoId>
          <lisID>2049</lisID>
          <bioguideId>G000563</bioguideId>
        </identifiers>
        <sponsorshipWithdrawnDate />
        <middleName />
        <lastName>Gibbs</lastName>
        <isOriginalCosponsor>True</isOriginalCosponsor>
        <firstName>Bob</firstName>
        <district>7</district>
        <party>R</party>
        <bioguideId>G000563</bioguideId>
      </item>
      <item>
        <state>OH</state>
        <fullName>Rep. Wenstrup, Brad R. [R-OH-2]</fullName>
        <sponsorshipDate>2015-01-28</sponsorshipDate>
        <identifiers>
          <bioguideId>W000815</bioguideId>
          <lisID>2152</lisID>
          <gpoId />
        </identifiers>
        <sponsorshipWithdrawnDate />
        <middleName>R.</middleName>
        <lastName>Wenstrup</lastName>
        <isOriginalCosponsor>True</isOriginalCosponsor>
        <firstName>Brad</firstName>
        <district>2</district>
        <party>R</party>
        <bioguideId>W000815</bioguideId>
      </item>
      <item>
        <state>OH</state>
        <fullName>Rep. Joyce, David P. [R-OH-14]</fullName>
        <sponsorshipDate>2015-01-28</sponsorshipDate>
        <identifiers>
          <bioguideId>J000295</bioguideId>
          <lisID>2154</lisID>
          <gpoId />
        </identifiers>
        <sponsorshipWithdrawnDate />
        <middleName>P.</middleName>
        <lastName>Joyce</lastName>
        <isOriginalCosponsor>True</isOriginalCosponsor>
        <firstName>David</firstName>
        <district>14</district>
        <party>R</party>
        <bioguideId>J000295</bioguideId>
      </item>
      <item>
        <state>OH</state>
        <fullName>Rep. Kaptur, Marcy [D-OH-9]</fullName>
        <sponsorshipDate>2015-01-28</sponsorshipDate>
        <identifiers>
          <bioguideId>K000009</bioguideId>
          <gpoId>8099</gpoId>
          <lisID>616</lisID>
        </identifiers>
        <sponsorshipWithdrawnDate />
        <middleName />
        <lastName>KAPTUR</lastName>
        <isOriginalCosponsor>True</isOriginalCosponsor>
        <firstName>MARCY</firstName>
        <district>9</district>
        <party>D</party>
        <bioguideId>K000009</bioguideId>
      </item>
      <item>
        <state>OH</state>
        <fullName>Rep. Chabot, Steve [R-OH-1]</fullName>
        <sponsorshipDate>2015-01-28</sponsorshipDate>
        <identifiers>
          <bioguideId>C000266</bioguideId>
          <lisID>186</lisID>
          <gpoId>8091</gpoId>
        </identifiers>
        <sponsorshipWithdrawnDate />
        <middleName />
        <lastName>CHABOT</lastName>
        <isOriginalCosponsor>True</isOriginalCosponsor>
        <firstName>STEVE</firstName>
        <district>1</district>
        <party>R</party>
        <bioguideId>C000266</bioguideId>
      </item>
      <item>
        <state>OH</state>
        <fullName>Rep. Tiberi, Patrick J. [R-OH-12]</fullName>
        <sponsorshipDate>2015-01-28</sponsorshipDate>
        <identifiers>
          <bioguideId>T000462</bioguideId>
          <lisID>1664</lisID>
          <gpoId>8102</gpoId>
        </identifiers>
        <sponsorshipWithdrawnDate />
        <middleName>J.</middleName>
        <lastName>TIBERI</lastName>
        <isOriginalCosponsor>True</isOriginalCosponsor>
        <firstName>PATRICK</firstName>
        <district>12</district>
        <party>R</party>
        <bioguideId>T000462</bioguideId>
      </item>
      <item>
        <state>OH</state>
        <fullName>Rep. Stivers, Steve [R-OH-15]</fullName>
        <sponsorshipDate>2015-01-28</sponsorshipDate>
        <identifiers>
          <bioguideId>S001187</bioguideId>
          <gpoId>8105</gpoId>
          <lisID>2047</lisID>
        </identifiers>
        <sponsorshipWithdrawnDate />
        <middleName />
        <lastName>Stivers</lastName>
        <isOriginalCosponsor>True</isOriginalCosponsor>
        <firstName>Steve</firstName>
        <district>15</district>
        <party>R</party>
        <bioguideId>S001187</bioguideId>
      </item>
      <item>
        <state>OH</state>
        <fullName>Rep. Turner, Michael R. [R-OH-10]</fullName>
        <sponsorshipDate>2015-01-28</sponsorshipDate>
        <identifiers>
          <lisID>1741</lisID>
          <gpoId>8093</gpoId>
          <bioguideId>T000463</bioguideId>
        </identifiers>
        <sponsorshipWithdrawnDate />
        <middleName>R.</middleName>
        <lastName>Turner</lastName>
        <isOriginalCosponsor>True</isOriginalCosponsor>
        <firstName>Michael</firstName>
        <district>10</district>
        <party>R</party>
        <bioguideId>T000463</bioguideId>
      </item>
      <item>
        <state>OH</state>
        <fullName>Rep. Fudge, Marcia L. [D-OH-11]</fullName>
        <sponsorshipDate>2015-01-28</sponsorshipDate>
        <identifiers>
          <bioguideId>F000455</bioguideId>
          <gpoId>8101</gpoId>
          <lisID>1895</lisID>
        </identifiers>
        <sponsorshipWithdrawnDate />
        <middleName>L.</middleName>
        <lastName>Fudge</lastName>
        <isOriginalCosponsor>True</isOriginalCosponsor>
        <firstName>Marcia</firstName>
        <district>11</district>
        <party>D</party>
        <bioguideId>F000455</bioguideId>
      </item>
      <item>
        <state>OH</state>
        <fullName>Rep. Latta, Robert E. [R-OH-5]</fullName>
        <sponsorshipDate>2015-01-28</sponsorshipDate>
        <identifiers>
          <lisID>1885</lisID>
          <gpoId>8095</gpoId>
          <bioguideId>L000566</bioguideId>
        </identifiers>
        <sponsorshipWithdrawnDate />
        <middleName>E.</middleName>
        <lastName>Latta</lastName>
        <isOriginalCosponsor>True</isOriginalCosponsor>
        <firstName>Robert</firstName>
        <district>5</district>
        <party>R</party>
        <bioguideId>L000566</bioguideId>
      </item>
      <item>
        <state>OH</state>
        <fullName>Rep. Beatty, Joyce [D-OH-3]</fullName>
        <sponsorshipDate>2015-01-28</sponsorshipDate>
        <identifiers>
          <bioguideId>B001281</bioguideId>
          <gpoId />
          <lisID>2153</lisID>
        </identifiers>
        <sponsorshipWithdrawnDate />
        <middleName />
        <lastName>Beatty</lastName>
        <isOriginalCosponsor>True</isOriginalCosponsor>
        <firstName>Joyce</firstName>
        <district>3</district>
        <party>D</party>
        <bioguideId>B001281</bioguideId>
      </item>
      <item>
        <state>OH</state>
        <fullName>Rep. Johnson, Bill [R-OH-6]</fullName>
        <sponsorshipDate>2015-01-28</sponsorshipDate>
        <identifiers>
          <lisID>2046</lisID>
          <gpoId>8096</gpoId>
          <bioguideId>J000292</bioguideId>
        </identifiers>
        <sponsorshipWithdrawnDate />
        <middleName />
        <lastName>Johnson</lastName>
        <isOriginalCosponsor>True</isOriginalCosponsor>
        <firstName>Bill</firstName>
        <district>6</district>
        <party>R</party>
        <bioguideId>J000292</bioguideId>
      </item>
      <item>
        <state>OH</state>
        <fullName>Rep. Jordan, Jim [R-OH-4]</fullName>
        <sponsorshipDate>2015-01-28</sponsorshipDate>
        <identifiers>
          <bioguideId>J000289</bioguideId>
          <lisID>1868</lisID>
          <gpoId>8094</gpoId>
        </identifiers>
        <sponsorshipWithdrawnDate />
        <middleName />
        <lastName>Jordan</lastName>
        <isOriginalCosponsor>True</isOriginalCosponsor>
        <firstName>Jim</firstName>
        <district>4</district>
        <party>R</party>
        <bioguideId>J000289</bioguideId>
      </item>
      <item>
        <state>OH</state>
        <fullName>Rep. Ryan, Tim [D-OH-13]</fullName>
        <sponsorshipDate>2015-01-28</sponsorshipDate>
        <identifiers>
          <lisID>1756</lisID>
          <gpoId>8107</gpoId>
          <bioguideId>R000577</bioguideId>
        </identifiers>
        <sponsorshipWithdrawnDate />
        <middleName />
        <lastName>RYAN</lastName>
        <isOriginalCosponsor>True</isOriginalCosponsor>
        <firstName>TIM</firstName>
        <district>13</district>
        <party>D</party>
        <bioguideId>R000577</bioguideId>
      </item>
      <item>
        <state>AL</state>
        <fullName>Rep. Sewell, Terri A. [D-AL-7]</fullName>
        <sponsorshipDate>2015-02-10</sponsorshipDate>
        <identifiers>
          <bioguideId>S001185</bioguideId>
          <lisID>1988</lisID>
          <gpoId>7792</gpoId>
        </identifiers>
        <sponsorshipWithdrawnDate />
        <middleName>A.</middleName>
        <lastName>Sewell</lastName>
        <isOriginalCosponsor>False</isOriginalCosponsor>
        <firstName>Terri</firstName>
        <district>7</district>
        <party>D</party>
        <bioguideId>S001185</bioguideId>
      </item>
      <item>
        <state>IL</state>
        <fullName>Rep. Bustos, Cheri [D-IL-17]</fullName>
        <sponsorshipDate>2015-02-10</sponsorshipDate>
        <identifiers>
          <lisID>2127</lisID>
          <bioguideId>B001286</bioguideId>
          <gpoId />
        </identifiers>
        <sponsorshipWithdrawnDate />
        <middleName />
        <lastName>Bustos</lastName>
        <isOriginalCosponsor>False</isOriginalCosponsor>
        <firstName>Cheri</firstName>
        <district>17</district>
        <party>D</party>
        <bioguideId>B001286</bioguideId>
      </item>
      <item>
        <state>NY</state>
        <fullName>Rep. Rice, Kathleen M. [D-NY-4]</fullName>
        <sponsorshipDate>2015-02-12</sponsorshipDate>
        <identifiers>
          <lisID>2262</lisID>
          <gpoId />
          <bioguideId>R000602</bioguideId>
        </identifiers>
        <sponsorshipWithdrawnDate />
        <middleName>M.</middleName>
        <lastName>Rice</lastName>
        <isOriginalCosponsor>False</isOriginalCosponsor>
        <firstName>Kathleen</firstName>
        <district>4</district>
        <party>D</party>
        <bioguideId>R000602</bioguideId>
      </item>
      <item>
        <state>PA</state>
        <fullName>Rep. Kelly, Mike [R-PA-3]</fullName>
        <sponsorshipDate>2015-02-12</sponsorshipDate>
        <identifiers>
          <lisID>2051</lisID>
          <gpoId>8708</gpoId>
          <bioguideId>K000376</bioguideId>
        </identifiers>
        <sponsorshipWithdrawnDate />
        <middleName />
        <lastName>Kelly</lastName>
        <isOriginalCosponsor>False</isOriginalCosponsor>
        <firstName>Mike</firstName>
        <district>3</district>
        <party>R</party>
        <bioguideId>K000376</bioguideId>
      </item>
      <item>
        <state>PA</state>
        <fullName>Rep. Meehan, Patrick [R-PA-7]</fullName>
        <sponsorshipDate>2015-02-12</sponsorshipDate>
        <identifiers>
          <lisID>2052</lisID>
          <gpoId>8125</gpoId>
          <bioguideId>M001181</bioguideId>
        </identifiers>
        <sponsorshipWithdrawnDate />
        <middleName />
        <lastName>Meehan</lastName>
        <isOriginalCosponsor>False</isOriginalCosponsor>
        <firstName>Patrick</firstName>
        <district>7</district>
        <party>R</party>
        <bioguideId>M001181</bioguideId>
      </item>
      <item>
        <state>DE</state>
        <fullName>Rep. Carney, John C., Jr. [D-DE-At Large]</fullName>
        <sponsorshipDate>2015-02-12</sponsorshipDate>
        <identifiers>
          <gpoId>7872</gpoId>
          <lisID>1999</lisID>
          <bioguideId>C001083</bioguideId>
        </identifiers>
        <sponsorshipWithdrawnDate />
        <middleName>C.</middleName>
        <lastName>Carney</lastName>
        <isOriginalCosponsor>False</isOriginalCosponsor>
        <firstName>John</firstName>
        <district>0</district>
        <party>D</party>
        <bioguideId>C001083</bioguideId>
      </item>
      <item>
        <state>IN</state>
        <fullName>Rep. Brooks, Susan W. [R-IN-5]</fullName>
        <sponsorshipDate>2015-02-12</sponsorshipDate>
        <identifiers>
          <gpoId />
          <lisID>2129</lisID>
          <bioguideId>B001284</bioguideId>
        </identifiers>
        <sponsorshipWithdrawnDate />
        <middleName>W.</middleName>
        <lastName>Brooks</lastName>
        <isOriginalCosponsor>False</isOriginalCosponsor>
        <firstName>Susan</firstName>
        <district>5</district>
        <party>R</party>
        <bioguideId>B001284</bioguideId>
      </item>
      <item>
        <state>CA</state>
        <fullName>Rep. Peters, Scott H. [D-CA-52]</fullName>
        <sponsorshipDate>2015-02-12</sponsorshipDate>
        <identifiers>
          <lisID>2113</lisID>
          <gpoId />
          <bioguideId>P000608</bioguideId>
        </identifiers>
        <sponsorshipWithdrawnDate />
        <middleName>H.</middleName>
        <lastName>Peters</lastName>
        <isOriginalCosponsor>False</isOriginalCosponsor>
        <firstName>Scott</firstName>
        <district>52</district>
        <party>D</party>
        <bioguideId>P000608</bioguideId>
      </item>
      <item>
        <state>MA</state>
        <fullName>Rep. Moulton, Seth [D-MA-6]</fullName>
        <sponsorshipDate>2015-02-12</sponsorshipDate>
        <identifiers>
          <bioguideId>M001196</bioguideId>
          <gpoId />
          <lisID>2246</lisID>
        </identifiers>
        <sponsorshipWithdrawnDate />
        <middleName />
        <lastName>Moulton</lastName>
        <isOriginalCosponsor>False</isOriginalCosponsor>
        <firstName>Seth</firstName>
        <district>6</district>
        <party>D</party>
        <bioguideId>M001196</bioguideId>
      </item>
      <item>
        <state>WA</state>
        <fullName>Rep. Kilmer, Derek [D-WA-6]</fullName>
        <sponsorshipDate>2015-02-12</sponsorshipDate>
        <identifiers>
          <lisID>2169</lisID>
          <bioguideId>K000381</bioguideId>
          <gpoId />
        </identifiers>
        <sponsorshipWithdrawnDate />
        <middleName />
        <lastName>Kilmer</lastName>
        <isOriginalCosponsor>False</isOriginalCosponsor>
        <firstName>Derek</firstName>
        <district>6</district>
        <party>D</party>
        <bioguideId>K000381</bioguideId>
      </item>
      <item>
        <state>NY</state>
        <fullName>Rep. Maloney, Sean Patrick [D-NY-18]</fullName>
        <sponsorshipDate>2015-02-12</sponsorshipDate>
        <identifiers>
          <gpoId />
          <lisID>2150</lisID>
          <bioguideId>M001185</bioguideId>
        </identifiers>
        <sponsorshipWithdrawnDate />
        <middleName>Patrick</middleName>
        <lastName>Maloney</lastName>
        <isOriginalCosponsor>False</isOriginalCosponsor>
        <firstName>Sean</firstName>
        <district>18</district>
        <party>D</party>
        <bioguideId>M001185</bioguideId>
      </item>
      <item>
        <state>IN</state>
        <fullName>Rep. Bucshon, Larry [R-IN-8]</fullName>
        <sponsorshipDate>2015-02-12</sponsorshipDate>
        <identifiers>
          <lisID>2018</lisID>
          <gpoId>7947</gpoId>
          <bioguideId>B001275</bioguideId>
        </identifiers>
        <sponsorshipWithdrawnDate />
        <middleName />
        <lastName>Bucshon</lastName>
        <isOriginalCosponsor>False</isOriginalCosponsor>
        <firstName>Larry</firstName>
        <district>8</district>
        <party>R</party>
        <bioguideId>B001275</bioguideId>
      </item>
      <item>
        <state>FL</state>
        <fullName>Rep. Webster, Daniel [R-FL-10]</fullName>
        <sponsorshipDate>2015-02-12</sponsorshipDate>
        <identifiers>
          <lisID>2002</lisID>
          <gpoId>7880</gpoId>
          <bioguideId>W000806</bioguideId>
        </identifiers>
        <sponsorshipWithdrawnDate />
        <middleName />
        <lastName>Webster</lastName>
        <isOriginalCosponsor>False</isOriginalCosponsor>
        <firstName>Daniel</firstName>
        <district>10</district>
        <party>R</party>
        <bioguideId>W000806</bioguideId>
      </item>
      <item>
        <state>WV</state>
        <fullName>Rep. McKinley, David B. [R-WV-1]</fullName>
        <sponsorshipDate>2015-02-24</sponsorshipDate>
        <identifiers>
          <gpoId>8222</gpoId>
          <lisID>2074</lisID>
          <bioguideId>M001180</bioguideId>
        </identifiers>
        <sponsorshipWithdrawnDate />
        <middleName>B.</middleName>
        <lastName>McKinley</lastName>
        <isOriginalCosponsor>False</isOriginalCosponsor>
        <firstName>David</firstName>
        <district>1</district>
        <party>R</party>
        <bioguideId>M001180</bioguideId>
      </item>
      <item>
        <state>TN</state>
        <fullName>Rep. Fincher, Stephen Lee [R-TN-8]</fullName>
        <sponsorshipDate>2015-02-24</sponsorshipDate>
        <identifiers>
          <bioguideId>F000458</bioguideId>
          <lisID>2064</lisID>
          <gpoId>8741</gpoId>
        </identifiers>
        <sponsorshipWithdrawnDate />
        <middleName>Lee</middleName>
        <lastName>Fincher</lastName>
        <isOriginalCosponsor>False</isOriginalCosponsor>
        <firstName>Stephen</firstName>
        <district>8</district>
        <party>R</party>
        <bioguideId>F000458</bioguideId>
      </item>
      <item>
        <state>TX</state>
        <fullName>Rep. Sessions, Pete [R-TX-32]</fullName>
        <sponsorshipDate>2015-02-24</sponsorshipDate>
        <identifiers>
          <bioguideId>S000250</bioguideId>
          <gpoId>8188</gpoId>
          <lisID>1525</lisID>
        </identifiers>
        <sponsorshipWithdrawnDate />
        <middleName />
        <lastName>SESSIONS</lastName>
        <isOriginalCosponsor>False</isOriginalCosponsor>
        <firstName>PETE</firstName>
        <district>32</district>
        <party>R</party>
        <bioguideId>S000250</bioguideId>
      </item>
      <item>
        <state>LA</state>
        <fullName>Rep. Richmond, Cedric L. [D-LA-2]</fullName>
        <sponsorshipDate>2015-02-24</sponsorshipDate>
        <identifiers>
          <lisID>2023</lisID>
          <gpoId>7960</gpoId>
          <bioguideId>R000588</bioguideId>
        </identifiers>
        <sponsorshipWithdrawnDate />
        <middleName>L.</middleName>
        <lastName>Richmond</lastName>
        <isOriginalCosponsor>False</isOriginalCosponsor>
        <firstName>Cedric</firstName>
        <district>2</district>
        <party>D</party>
        <bioguideId>R000588</bioguideId>
      </item>
      <item>
        <state>FL</state>
        <fullName>Rep. Buchanan, Vern [R-FL-16]</fullName>
        <sponsorshipDate>2015-02-24</sponsorshipDate>
        <identifiers>
          <bioguideId>B001260</bioguideId>
          <lisID>1840</lisID>
          <gpoId>7885</gpoId>
        </identifiers>
        <sponsorshipWithdrawnDate />
        <middleName />
        <lastName>Buchanan</lastName>
        <isOriginalCosponsor>False</isOriginalCosponsor>
        <firstName>Vern</firstName>
        <district>16</district>
        <party>R</party>
        <bioguideId>B001260</bioguideId>
      </item>
      <item>
        <state>FL</state>
        <fullName>Rep. Brown, Corrine [D-FL-5]</fullName>
        <sponsorshipDate>2015-02-24</sponsorshipDate>
        <identifiers>
          <lisID>132</lisID>
          <gpoId>7875</gpoId>
          <bioguideId>B000911</bioguideId>
        </identifiers>
        <sponsorshipWithdrawnDate />
        <middleName />
        <lastName>BROWN</lastName>
        <isOriginalCosponsor>False</isOriginalCosponsor>
        <firstName>CORRINE</firstName>
        <district>5</district>
        <party>D</party>
        <bioguideId>B000911</bioguideId>
      </item>
      <item>
        <state>TN</state>
        <fullName>Rep. Cooper, Jim [D-TN-5]</fullName>
        <sponsorshipDate>2015-02-24</sponsorshipDate>
        <identifiers>
          <lisID>231</lisID>
          <gpoId>8152</gpoId>
          <bioguideId>C000754</bioguideId>
        </identifiers>
        <sponsorshipWithdrawnDate />
        <middleName>H.</middleName>
        <lastName>COOPER</lastName>
        <isOriginalCosponsor>False</isOriginalCosponsor>
        <firstName>JAMES</firstName>
        <district>5</district>
        <party>D</party>
        <bioguideId>C000754</bioguideId>
      </item>
      <item>
        <state>IN</state>
        <fullName>Rep. Carson, Andre [D-IN-7]</fullName>
        <sponsorshipDate>2015-03-02</sponsorshipDate>
        <identifiers>
          <lisID>1889</lisID>
          <gpoId>7946</gpoId>
          <bioguideId>C001072</bioguideId>
        </identifiers>
        <sponsorshipWithdrawnDate />
        <middleName />
        <lastName>Carson</lastName>
        <isOriginalCosponsor>False</isOriginalCosponsor>
        <firstName>Andre</firstName>
        <district>7</district>
        <party>D</party>
        <bioguideId>C001072</bioguideId>
      </item>
      <item>
        <state>NV</state>
        <fullName>Rep. Amodei, Mark E. [R-NV-2]</fullName>
        <sponsorshipDate>2015-03-02</sponsorshipDate>
        <identifiers>
          <lisID>2090</lisID>
          <gpoId>8366</gpoId>
          <bioguideId>A000369</bioguideId>
        </identifiers>
        <sponsorshipWithdrawnDate />
        <middleName>E.</middleName>
        <lastName>Amodei</lastName>
        <isOriginalCosponsor>False</isOriginalCosponsor>
        <firstName>Mark</firstName>
        <district>2</district>
        <party>R</party>
        <bioguideId>A000369</bioguideId>
      </item>
      <item>
        <state>KY</state>
        <fullName>Rep. Guthrie, Brett [R-KY-2]</fullName>
        <sponsorshipDate>2015-03-18</sponsorshipDate>
        <identifiers>
          <gpoId>7954</gpoId>
          <lisID>1922</lisID>
          <bioguideId>G000558</bioguideId>
        </identifiers>
        <sponsorshipWithdrawnDate />
        <middleName />
        <lastName>Guthrie</lastName>
        <isOriginalCosponsor>False</isOriginalCosponsor>
        <firstName>Brett</firstName>
        <district>2</district>
        <party>R</party>
        <bioguideId>G000558</bioguideId>
      </item>
      <item>
        <state>NY</state>
        <fullName>Rep. Collins, Chris [R-NY-27]</fullName>
        <sponsorshipDate>2015-03-18</sponsorshipDate>
        <identifiers>
          <lisID>2151</lisID>
          <bioguideId>C001092</bioguideId>
          <gpoId />
        </identifiers>
        <sponsorshipWithdrawnDate />
        <middleName />
        <lastName>Collins</lastName>
        <isOriginalCosponsor>False</isOriginalCosponsor>
        <firstName>Chris</firstName>
        <district>27</district>
        <party>R</party>
        <bioguideId>C001092</bioguideId>
      </item>
      <item>
        <state>MN</state>
        <fullName>Rep. Ellison, Keith [D-MN-5]</fullName>
        <sponsorshipDate>2015-03-23</sponsorshipDate>
        <identifiers>
          <gpoId>8005</gpoId>
          <lisID>1857</lisID>
          <bioguideId>E000288</bioguideId>
        </identifiers>
        <sponsorshipWithdrawnDate />
        <middleName />
        <lastName>Ellison</lastName>
        <isOriginalCosponsor>False</isOriginalCosponsor>
        <firstName>Keith</firstName>
        <district>5</district>
        <party>D</party>
        <bioguideId>E000288</bioguideId>
      </item>
      <item>
        <state>TX</state>
        <fullName>Rep. Green, Gene [D-TX-29]</fullName>
        <sponsorshipDate>2015-03-23</sponsorshipDate>
        <identifiers>
          <lisID>462</lisID>
          <gpoId>8185</gpoId>
          <bioguideId>G000410</bioguideId>
        </identifiers>
        <sponsorshipWithdrawnDate />
        <middleName />
        <lastName>GREEN</lastName>
        <isOriginalCosponsor>False</isOriginalCosponsor>
        <firstName>GENE</firstName>
        <district>29</district>
        <party>D</party>
        <bioguideId>G000410</bioguideId>
      </item>
      <item>
        <state>MO</state>
        <fullName>Rep. Cleaver, Emanuel [D-MO-5]</fullName>
        <sponsorshipDate>2015-04-13</sponsorshipDate>
        <identifiers>
          <lisID>1790</lisID>
          <gpoId>8013</gpoId>
          <bioguideId>C001061</bioguideId>
        </identifiers>
        <sponsorshipWithdrawnDate />
        <middleName />
        <lastName>Cleaver</lastName>
        <isOriginalCosponsor>False</isOriginalCosponsor>
        <firstName>Emanuel</firstName>
        <district>5</district>
        <party>D</party>
        <bioguideId>C001061</bioguideId>
      </item>
      <item>
        <state>MS</state>
        <fullName>Rep. Harper, Gregg [R-MS-3]</fullName>
        <sponsorshipDate>2015-04-13</sponsorshipDate>
        <identifiers>
          <lisID>1933</lisID>
          <gpoId>8021</gpoId>
          <bioguideId>H001045</bioguideId>
        </identifiers>
        <sponsorshipWithdrawnDate />
        <middleName />
        <lastName>Harper</lastName>
        <isOriginalCosponsor>False</isOriginalCosponsor>
        <firstName>Gregg</firstName>
        <district>3</district>
        <party>R</party>
        <bioguideId>H001045</bioguideId>
      </item>
      <item>
        <state>TX</state>
        <fullName>Rep. Conaway, K. Michael [R-TX-11]</fullName>
        <sponsorshipDate>2015-04-13</sponsorshipDate>
        <identifiers>
          <gpoId>8167</gpoId>
          <lisID>1805</lisID>
          <bioguideId>C001062</bioguideId>
        </identifiers>
        <sponsorshipWithdrawnDate />
        <middleName>Michael</middleName>
        <lastName>Conaway</lastName>
        <isOriginalCosponsor>False</isOriginalCosponsor>
        <firstName>K.</firstName>
        <district>11</district>
        <party>R</party>
        <bioguideId>C001062</bioguideId>
      </item>
      <item>
        <state>PA</state>
        <fullName>Rep. Barletta, Lou [R-PA-11]</fullName>
        <sponsorshipDate>2015-04-21</sponsorshipDate>
        <identifiers>
          <bioguideId>B001269</bioguideId>
          <lisID>2054</lisID>
          <gpoId>8129</gpoId>
        </identifiers>
        <sponsorshipWithdrawnDate />
        <middleName />
        <lastName>Barletta</lastName>
        <isOriginalCosponsor>False</isOriginalCosponsor>
        <firstName>Lou</firstName>
        <district>11</district>
        <party>R</party>
        <bioguideId>B001269</bioguideId>
      </item>
      <item>
        <state>NY</state>
        <fullName>Rep. King, Peter T. [R-NY-2]</fullName>
        <sponsorshipDate>2015-04-28</sponsorshipDate>
        <identifiers>
          <gpoId>8064</gpoId>
          <lisID>635</lisID>
          <bioguideId>K000210</bioguideId>
        </identifiers>
        <sponsorshipWithdrawnDate />
        <middleName>T.</middleName>
        <lastName>KING</lastName>
        <isOriginalCosponsor>False</isOriginalCosponsor>
        <firstName>PETER</firstName>
        <district>2</district>
        <party>R</party>
        <bioguideId>K000210</bioguideId>
      </item>
      <item>
        <state>MA</state>
        <fullName>Rep. Lynch, Stephen F. [D-MA-8]</fullName>
        <sponsorshipDate>2015-04-28</sponsorshipDate>
        <identifiers>
          <bioguideId>L000562</bioguideId>
          <lisID>1686</lisID>
          <gpoId>7974</gpoId>
        </identifiers>
        <sponsorshipWithdrawnDate />
        <middleName>F.</middleName>
        <lastName>Lynch</lastName>
        <isOriginalCosponsor>False</isOriginalCosponsor>
        <firstName>Stephen</firstName>
        <district>8</district>
        <party>D</party>
        <bioguideId>L000562</bioguideId>
      </item>
      <item>
        <state>TN</state>
        <fullName>Rep. Roe, David P. [R-TN-1]</fullName>
        <sponsorshipDate>2015-04-28</sponsorshipDate>
        <identifiers>
          <gpoId>8148</gpoId>
          <lisID>1954</lisID>
          <bioguideId>R000582</bioguideId>
        </identifiers>
        <sponsorshipWithdrawnDate />
        <middleName>P.</middleName>
        <lastName>Roe</lastName>
        <isOriginalCosponsor>False</isOriginalCosponsor>
        <firstName>David</firstName>
        <district>1</district>
        <party>R</party>
        <bioguideId>R000582</bioguideId>
      </item>
      <item>
        <state>CO</state>
        <fullName>Rep. Perlmutter, Ed [D-CO-7]</fullName>
        <sponsorshipDate>2015-04-29</sponsorshipDate>
        <identifiers>
          <bioguideId>P000593</bioguideId>
          <lisID>1835</lisID>
          <gpoId>7865</gpoId>
        </identifiers>
        <sponsorshipWithdrawnDate />
        <middleName />
        <lastName>Perlmutter</lastName>
        <isOriginalCosponsor>False</isOriginalCosponsor>
        <firstName>Ed</firstName>
        <district>7</district>
        <party>D</party>
        <bioguideId>P000593</bioguideId>
      </item>
      <item>
        <state>IL</state>
        <fullName>Rep. Shimkus, John [R-IL-15]</fullName>
        <sponsorshipDate>2015-05-05</sponsorshipDate>
        <identifiers>
          <bioguideId>S000364</bioguideId>
          <gpoId>7939</gpoId>
          <lisID>1527</lisID>
        </identifiers>
        <sponsorshipWithdrawnDate />
        <middleName>M.</middleName>
        <lastName>SHIMKUS</lastName>
        <isOriginalCosponsor>False</isOriginalCosponsor>
        <firstName>JOHN</firstName>
        <district>15</district>
        <party>R</party>
        <bioguideId>S000364</bioguideId>
      </item>
      <item>
        <state>TN</state>
        <fullName>Rep. Duncan, John J., Jr. [R-TN-2]</fullName>
        <sponsorshipDate>2015-05-05</sponsorshipDate>
        <identifiers>
          <lisID>322</lisID>
          <bioguideId>D000533</bioguideId>
          <gpoId>8149</gpoId>
        </identifiers>
        <sponsorshipWithdrawnDate />
        <middleName>J.</middleName>
        <lastName>DUNCAN</lastName>
        <isOriginalCosponsor>False</isOriginalCosponsor>
        <firstName>JOHN</firstName>
        <district>2</district>
        <party>R</party>
        <bioguideId>D000533</bioguideId>
      </item>
      <item>
        <state>WA</state>
        <fullName>Rep. Newhouse, Dan [R-WA-4]</fullName>
        <sponsorshipDate>2015-05-05</sponsorshipDate>
        <identifiers>
          <lisID>2275</lisID>
          <gpoId />
          <bioguideId>N000189</bioguideId>
        </identifiers>
        <sponsorshipWithdrawnDate />
        <middleName />
        <lastName>Newhouse</lastName>
        <isOriginalCosponsor>False</isOriginalCosponsor>
        <firstName>Dan</firstName>
        <district>4</district>
        <party>R</party>
        <bioguideId>N000189</bioguideId>
      </item>
      <item>
        <state>ID</state>
        <fullName>Rep. Simpson, Michael K. [R-ID-2]</fullName>
        <sponsorshipDate>2015-05-05</sponsorshipDate>
        <identifiers>
          <lisID>1590</lisID>
          <gpoId>7920</gpoId>
          <bioguideId>S001148</bioguideId>
        </identifiers>
        <sponsorshipWithdrawnDate />
        <middleName>K.</middleName>
        <lastName>SIMPSON</lastName>
        <isOriginalCosponsor>False</isOriginalCosponsor>
        <firstName>MICHAEL</firstName>
        <district>2</district>
        <party>R</party>
        <bioguideId>S001148</bioguideId>
      </item>
      <item>
        <state>NC</state>
        <fullName>Rep. Ellmers, Renee L. [R-NC-2]</fullName>
        <sponsorshipDate>2015-05-14</sponsorshipDate>
        <identifiers>
          <bioguideId>E000291</bioguideId>
          <gpoId>8025</gpoId>
          <lisID>2036</lisID>
        </identifiers>
        <sponsorshipWithdrawnDate />
        <middleName>L.</middleName>
        <lastName>Ellmers</lastName>
        <isOriginalCosponsor>False</isOriginalCosponsor>
        <firstName>Renee</firstName>
        <district>2</district>
        <party>R</party>
        <bioguideId>E000291</bioguideId>
      </item>
      <item>
        <state>TX</state>
        <fullName>Rep. Jackson Lee, Sheila [D-TX-18]</fullName>
        <sponsorshipDate>2015-05-14</sponsorshipDate>
        <identifiers>
          <bioguideId>J000032</bioguideId>
          <lisID>588</lisID>
          <gpoId>8174</gpoId>
        </identifiers>
        <sponsorshipWithdrawnDate />
        <middleName />
        <lastName>JACKSON LEE</lastName>
        <isOriginalCosponsor>False</isOriginalCosponsor>
        <firstName>SHEILA</firstName>
        <district>18</district>
        <party>D</party>
        <bioguideId>J000032</bioguideId>
      </item>
      <item>
        <state>FL</state>
        <fullName>Rep. Crenshaw, Ander [R-FL-4]</fullName>
        <sponsorshipDate>2015-05-14</sponsorshipDate>
        <identifiers>
          <lisID>1643</lisID>
          <gpoId>7876</gpoId>
          <bioguideId>C001045</bioguideId>
        </identifiers>
        <sponsorshipWithdrawnDate />
        <middleName />
        <lastName>CRENSHAW</lastName>
        <isOriginalCosponsor>False</isOriginalCosponsor>
        <firstName>ANDER</firstName>
        <district>4</district>
        <party>R</party>
        <bioguideId>C001045</bioguideId>
      </item>
      <item>
        <state>CA</state>
        <fullName>Rep. Bass, Karen [D-CA-37]</fullName>
        <sponsorshipDate>2015-05-14</sponsorshipDate>
        <identifiers>
          <gpoId>7838</gpoId>
          <lisID>1996</lisID>
          <bioguideId>B001270</bioguideId>
        </identifiers>
        <sponsorshipWithdrawnDate />
        <middleName />
        <lastName>Bass</lastName>
        <isOriginalCosponsor>False</isOriginalCosponsor>
        <firstName>Karen</firstName>
        <district>37</district>
        <party>D</party>
        <bioguideId>B001270</bioguideId>
      </item>
      <item>
        <state>TN</state>
        <fullName>Rep. Blackburn, Marsha [R-TN-7]</fullName>
        <sponsorshipDate>2015-05-14</sponsorshipDate>
        <identifiers>
          <bioguideId>B001243</bioguideId>
          <lisID>1748</lisID>
          <gpoId>8154</gpoId>
        </identifiers>
        <sponsorshipWithdrawnDate />
        <middleName />
        <lastName>Blackburn</lastName>
        <isOriginalCosponsor>False</isOriginalCosponsor>
        <firstName>Marsha</firstName>
        <district>7</district>
        <party>R</party>
        <bioguideId>B001243</bioguideId>
      </item>
      <item>
        <state>SC</state>
        <fullName>Rep. Gowdy, Trey [R-SC-4]</fullName>
        <sponsorshipDate>2015-05-14</sponsorshipDate>
        <identifiers>
          <bioguideId>G000566</bioguideId>
          <lisID>2058</lisID>
          <gpoId>8144</gpoId>
        </identifiers>
        <sponsorshipWithdrawnDate />
        <middleName />
        <lastName>Gowdy</lastName>
        <isOriginalCosponsor>False</isOriginalCosponsor>
        <firstName>Trey</firstName>
        <district>4</district>
        <party>R</party>
        <bioguideId>G000566</bioguideId>
      </item>
      <item>
        <state>CA</state>
        <fullName>Rep. Issa, Darrell E. [R-CA-49]</fullName>
        <sponsorshipDate>2015-05-14</sponsorshipDate>
        <identifiers>
          <lisID>1640</lisID>
          <gpoId>7854</gpoId>
          <bioguideId>I000056</bioguideId>
        </identifiers>
        <sponsorshipWithdrawnDate />
        <middleName>E.</middleName>
        <lastName>ISSA</lastName>
        <isOriginalCosponsor>False</isOriginalCosponsor>
        <firstName>DARRELL</firstName>
        <district>49</district>
        <party>R</party>
        <bioguideId>I000056</bioguideId>
      </item>
      <item>
        <state>TX</state>
        <fullName>Rep. Johnson, Sam [R-TX-3]</fullName>
        <sponsorshipDate>2015-05-14</sponsorshipDate>
        <identifiers>
          <lisID>603</lisID>
          <bioguideId>J000174</bioguideId>
          <gpoId>8159</gpoId>
        </identifiers>
        <sponsorshipWithdrawnDate />
        <middleName />
        <lastName>JOHNSON</lastName>
        <isOriginalCosponsor>False</isOriginalCosponsor>
        <firstName>SAM</firstName>
        <district>3</district>
        <party>R</party>
        <bioguideId>J000174</bioguideId>
      </item>
      <item>
        <state>IL</state>
        <fullName>Rep. Kinzinger, Adam [R-IL-16]</fullName>
        <sponsorshipDate>2015-05-14</sponsorshipDate>
        <identifiers>
          <lisID>2014</lisID>
          <gpoId>7931</gpoId>
          <bioguideId>K000378</bioguideId>
        </identifiers>
        <sponsorshipWithdrawnDate />
        <middleName />
        <lastName>Kinzinger</lastName>
        <isOriginalCosponsor>False</isOriginalCosponsor>
        <firstName>Adam</firstName>
        <district>16</district>
        <party>R</party>
        <bioguideId>K000378</bioguideId>
      </item>
      <item>
        <state>NH</state>
        <fullName>Rep. Guinta, Frank C. [R-NH-1]</fullName>
        <sponsorshipDate>2015-05-14</sponsorshipDate>
        <identifiers>
          <bioguideId>G000570</bioguideId>
          <gpoId>8041</gpoId>
          <lisID>2038</lisID>
        </identifiers>
        <sponsorshipWithdrawnDate />
        <middleName>C.</middleName>
        <lastName>Guinta</lastName>
        <isOriginalCosponsor>False</isOriginalCosponsor>
        <firstName>Frank</firstName>
        <district>1</district>
        <party>R</party>
        <bioguideId>G000570</bioguideId>
      </item>
      <item>
        <state>NY</state>
        <fullName>Rep. Katko, John [R-NY-24]</fullName>
        <sponsorshipDate>2015-06-01</sponsorshipDate>
        <identifiers>
          <bioguideId>K000386</bioguideId>
          <lisID>2264</lisID>
          <gpoId />
        </identifiers>
        <sponsorshipWithdrawnDate />
        <middleName />
        <lastName>Katko</lastName>
        <isOriginalCosponsor>False</isOriginalCosponsor>
        <firstName>John</firstName>
        <district>24</district>
        <party>R</party>
        <bioguideId>K000386</bioguideId>
      </item>
      <item>
        <state>RI</state>
        <fullName>Rep. Cicilline, David N. [D-RI-1]</fullName>
        <sponsorshipDate>2015-06-03</sponsorshipDate>
        <identifiers>
          <gpoId>8139</gpoId>
          <lisID>2055</lisID>
          <bioguideId>C001084</bioguideId>
        </identifiers>
        <sponsorshipWithdrawnDate />
        <middleName>N.</middleName>
        <lastName>Cicilline</lastName>
        <isOriginalCosponsor>False</isOriginalCosponsor>
        <firstName>David</firstName>
        <district>1</district>
        <party>D</party>
        <bioguideId>C001084</bioguideId>
      </item>
      <item>
        <state>NY</state>
        <fullName>Rep. Maloney, Carolyn B. [D-NY-12]</fullName>
        <sponsorshipDate>2015-06-09</sponsorshipDate>
        <identifiers>
          <gpoId>8075</gpoId>
          <lisID>729</lisID>
          <bioguideId>M000087</bioguideId>
        </identifiers>
        <sponsorshipWithdrawnDate />
        <middleName>B.</middleName>
        <lastName>MALONEY</lastName>
        <isOriginalCosponsor>False</isOriginalCosponsor>
        <firstName>CAROLYN</firstName>
        <district>12</district>
        <party>D</party>
        <bioguideId>M000087</bioguideId>
      </item>
      <item>
        <state>MI</state>
        <fullName>Rep. Kildee, Daniel T. [D-MI-5]</fullName>
        <sponsorshipDate>2015-06-23</sponsorshipDate>
        <identifiers>
          <gpoId />
          <lisID>2134</lisID>
          <bioguideId>K000380</bioguideId>
        </identifiers>
        <sponsorshipWithdrawnDate />
        <middleName>T.</middleName>
        <lastName>Kildee</lastName>
        <isOriginalCosponsor>False</isOriginalCosponsor>
        <firstName>Daniel</firstName>
        <district>5</district>
        <party>D</party>
        <bioguideId>K000380</bioguideId>
      </item>
      <item>
        <state>NJ</state>
        <fullName>Rep. MacArthur, Thomas [R-NJ-3]</fullName>
        <sponsorshipDate>2015-06-23</sponsorshipDate>
        <identifiers>
          <gpoId />
          <lisID>2258</lisID>
          <bioguideId>M001193</bioguideId>
        </identifiers>
        <sponsorshipWithdrawnDate />
        <middleName />
        <lastName>MacArthur</lastName>
        <isOriginalCosponsor>False</isOriginalCosponsor>
        <firstName>Thomas</firstName>
        <district>3</district>
        <party>R</party>
        <bioguideId>M001193</bioguideId>
      </item>
      <item>
        <state>IN</state>
        <fullName>Rep. Messer, Luke [R-IN-6]</fullName>
        <sponsorshipDate>2015-06-23</sponsorshipDate>
        <identifiers>
          <gpoId />
          <lisID>2130</lisID>
          <bioguideId>M001189</bioguideId>
        </identifiers>
        <sponsorshipWithdrawnDate />
        <middleName />
        <lastName>Messer</lastName>
        <isOriginalCosponsor>False</isOriginalCosponsor>
        <firstName>Luke</firstName>
        <district>6</district>
        <party>R</party>
        <bioguideId>M001189</bioguideId>
      </item>
      <item>
        <state>KS</state>
        <fullName>Rep. Jenkins, Lynn [R-KS-2]</fullName>
        <sponsorshipDate>2015-07-08</sponsorshipDate>
        <identifiers>
          <lisID>1921</lisID>
          <bioguideId>J000290</bioguideId>
          <gpoId>7950</gpoId>
        </identifiers>
        <sponsorshipWithdrawnDate />
        <middleName />
        <lastName>Jenkins</lastName>
        <isOriginalCosponsor>False</isOriginalCosponsor>
        <firstName>Lynn</firstName>
        <district>2</district>
        <party>R</party>
        <bioguideId>J000290</bioguideId>
      </item>
      <item>
        <state>CO</state>
        <fullName>Rep. Lamborn, Doug [R-CO-5]</fullName>
        <sponsorshipDate>2015-07-08</sponsorshipDate>
        <identifiers>
          <lisID>1834</lisID>
          <gpoId>7863</gpoId>
          <bioguideId>L000564</bioguideId>
        </identifiers>
        <sponsorshipWithdrawnDate />
        <middleName />
        <lastName>Lamborn</lastName>
        <isOriginalCosponsor>False</isOriginalCosponsor>
        <firstName>Doug</firstName>
        <district>5</district>
        <party>R</party>
        <bioguideId>L000564</bioguideId>
      </item>
      <item>
        <state>NY</state>
        <fullName>Rep. Donovan, Daniel M., Jr. [R-NY-11]</fullName>
        <sponsorshipDate>2015-07-14</sponsorshipDate>
        <identifiers>
          <lisID>2293</lisID>
          <bioguideId>D000625</bioguideId>
          <gpoId />
        </identifiers>
        <sponsorshipWithdrawnDate />
        <middleName>M.</middleName>
        <lastName>Donovan</lastName>
        <isOriginalCosponsor>False</isOriginalCosponsor>
        <firstName>Daniel</firstName>
        <district>11</district>
        <party>R</party>
        <bioguideId>D000625</bioguideId>
      </item>
      <item>
        <state>CA</state>
        <fullName>Rep. Knight, Stephen [R-CA-25]</fullName>
        <sponsorshipDate>2015-09-10</sponsorshipDate>
        <identifiers>
          <bioguideId>K000387</bioguideId>
          <lisID>2228</lisID>
          <gpoId />
        </identifiers>
        <sponsorshipWithdrawnDate />
        <middleName />
        <lastName>Knight</lastName>
        <isOriginalCosponsor>False</isOriginalCosponsor>
        <firstName>Stephen</firstName>
        <district>25</district>
        <party>R</party>
        <bioguideId>K000387</bioguideId>
      </item>
      <item>
        <state>NE</state>
        <fullName>Rep. Ashford, Brad [D-NE-2]</fullName>
        <sponsorshipDate>2015-10-01</sponsorshipDate>
        <identifiers>
          <gpoId />
          <lisID>2257</lisID>
          <bioguideId>A000373</bioguideId>
        </identifiers>
        <sponsorshipWithdrawnDate />
        <middleName />
        <lastName>Ashford</lastName>
        <isOriginalCosponsor>False</isOriginalCosponsor>
        <firstName>Brad</firstName>
        <district>2</district>
        <party>D</party>
        <bioguideId>A000373</bioguideId>
      </item>
      <item>
        <state>MI</state>
        <fullName>Rep. Conyers, John, Jr. [D-MI-13]</fullName>
        <sponsorshipDate>2015-10-08</sponsorshipDate>
        <identifiers>
          <bioguideId>C000714</bioguideId>
          <lisID>229</lisID>
          <gpoId>7999</gpoId>
        </identifiers>
        <sponsorshipWithdrawnDate />
        <middleName />
        <lastName>CONYERS</lastName>
        <isOriginalCosponsor>False</isOriginalCosponsor>
        <firstName>JOHN</firstName>
        <district>13</district>
        <party>D</party>
        <bioguideId>C000714</bioguideId>
      </item>
      <item>
        <state>AK</state>
        <fullName>Rep. Young, Don [R-AK-At Large]</fullName>
        <sponsorshipDate>2015-10-08</sponsorshipDate>
        <identifiers>
          <lisID>1256</lisID>
          <bioguideId>Y000033</bioguideId>
          <gpoId>7785</gpoId>
        </identifiers>
        <sponsorshipWithdrawnDate />
        <middleName>E.</middleName>
        <lastName>YOUNG</lastName>
        <isOriginalCosponsor>False</isOriginalCosponsor>
        <firstName>DON</firstName>
        <district>0</district>
        <party>R</party>
        <bioguideId>Y000033</bioguideId>
      </item>
      <item>
        <state>PA</state>
        <fullName>Rep. Dent, Charles W. [R-PA-15]</fullName>
        <sponsorshipDate>2015-10-08</sponsorshipDate>
        <identifiers>
          <bioguideId>D000604</bioguideId>
          <lisID>1799</lisID>
          <gpoId>8133</gpoId>
        </identifiers>
        <sponsorshipWithdrawnDate />
        <middleName>W.</middleName>
        <lastName>Dent</lastName>
        <isOriginalCosponsor>False</isOriginalCosponsor>
        <firstName>Charles</firstName>
        <district>15</district>
        <party>R</party>
        <bioguideId>D000604</bioguideId>
      </item>
      <item>
        <state>FL</state>
        <fullName>Rep. Curbelo, Carlos [R-FL-26]</fullName>
        <sponsorshipDate>2015-10-27</sponsorshipDate>
        <identifiers>
          <lisID>2235</lisID>
          <gpoId />
          <bioguideId>C001107</bioguideId>
        </identifiers>
        <sponsorshipWithdrawnDate />
        <middleName />
        <lastName>Curbelo</lastName>
        <isOriginalCosponsor>False</isOriginalCosponsor>
        <firstName>Carlos</firstName>
        <district>26</district>
        <party>R</party>
        <bioguideId>C001107</bioguideId>
      </item>
    </cosponsors>
    <constitutionalAuthorityStatementText><![CDATA[<pre>From the Congressional Record Online through the Government Publishing Office [<a href='http://www.gpo.gov'>www.gpo.gov</a>]By Mr. RENACCI:H.R. 602.Congress has the power to enact this legislation pursuantto the following:Article I, Section 8, Clause 5 states, ``The Congress shallhave Power . . . To coin Money, regulate the Value thereof,and of foreign Coin, and fix the Standard of Weights andMeasures.''[Page H663]</pre>]]></constitutionalAuthorityStatementText>
    <calendarNumbers />
    <committeeReports />
    <billType>HR</billType>
    <title>Pro Football Hall of Fame Commemorative Coin Act</title>
    <introducedDate>2015-01-28</introducedDate>
    <actions>
      <actionTypeCounts>
        <introducedInTheHouse>1</introducedInTheHouse>
        <billReferrals>1</billReferrals>
        <introducedInHouse>1</introducedInHouse>
      </actionTypeCounts>
      <actionByCounts>
        <houseOfRepresentatives>3</houseOfRepresentatives>
      </actionByCounts>
      <item>
        <text>Referred to the House Committee on Financial Services.</text>
        <sourceSystem>
          <name>House floor actions</name>
          <code>2</code>
        </sourceSystem>
        <committee>
          <name>Financial Services Committee</name>
          <systemCode>hsba00</systemCode>
        </committee>
        <type>IntroReferral</type>
        <links />
        <actionCode>H11100</actionCode>
        <actionDate>2015-01-28</actionDate>
      </item>
      <item>
        <text>Introduced in House</text>
        <sourceSystem>
          <name>Library of Congress</name>
          <code>9</code>
        </sourceSystem>
        <committee />
        <type>IntroReferral</type>
        <links />
        <actionCode>Intro-H</actionCode>
        <actionDate>2015-01-28</actionDate>
      </item>
      <item>
        <text>Introduced in House</text>
        <sourceSystem>
          <name>Library of Congress</name>
          <code>9</code>
        </sourceSystem>
        <committee />
        <type>IntroReferral</type>
        <links />
        <actionCode>1000</actionCode>
        <actionDate>2015-01-28</actionDate>
      </item>
    </actions>
    <congress>114</congress>
    <summaries>
      <billSummaries>
        <item>
          <versionCode>00</versionCode>
          <actionDate>2015-01-28</actionDate>
          <name>Introduced in House</name>
          <lastSummaryUpdateDate>2015-02-12T15:57:29Z</lastSummaryUpdateDate>
          <text><![CDATA[<p><b>Pro Football Hall of Fame Commemorative Coin Act</b></p> <p> Directs the Secretary of the Treasury to mint and issue not more than 50,000 $5-gold coins, 400,000 $1-silver coins, and 750,000 half-dollar coins emblematic of the game of professional football. </p> <p> Requires all sales of such coins to include specified surcharges, which shall be paid by the Secretary to the Pro Football Hall of Fame to help finance the expansion and renovation of Pro Football Hall of Fame facilities. <p> Directs the Secretary to ensure that: (1) minting and issuing such coins will not result in any net cost to the government, and (2) no proceeds are disbursed until the total cost of designing and issuing such coins is recovered by the Treasury.]]></text>
          <actionDesc>Introduced in House</actionDesc>
          <updateDate>2015-01-28T05:00:00Z</updateDate>
        </item>
      </billSummaries>
    </summaries>
    <laws />
    <createDate>2015-01-29T04:56:27Z</createDate>
    <titles>
      <item>
        <parentTitleType />
        <chamberCode />
        <chamberName />
        <title>Pro Football Hall of Fame Commemorative Coin Act</title>
        <titleType>Short Titles as Introduced</titleType>
      </item>
      <item>
        <parentTitleType />
        <chamberCode />
        <chamberName />
        <title>To require the Secretary of the Treasury to mint coins in recognition and celebration of the Pro Football Hall of Fame.</title>
        <titleType>Official Title as Introduced</titleType>
      </item>
      <item>
        <parentTitleType />
        <chamberCode />
        <chamberName />
        <title>Pro Football Hall of Fame Commemorative Coin Act</title>
        <titleType>Display Title</titleType>
      </item>
    </titles>
    <recordedVotes />
    <committees>
      <billCommittees>
        <item>
          <subcommittees />
          <chamber>House</chamber>
          <type>Standing</type>
          <name>Financial Services Committee</name>
          <systemCode>hsba00</systemCode>
          <activities>
            <item>
              <name>Referred to</name>
              <date>2015-01-28T14:07:30Z</date>
            </item>
          </activities>
        </item>
      </billCommittees>
    </committees>
  </bill>
  <dublinCore xmlns:dc="http://purl.org/dc/elements/1.1/">
    <dc:format>text/xml</dc:format>
    <dc:language>EN</dc:language>
    <dc:rights>Pursuant to Title 17 Section 105 of the United States Code, this file is not subject to copyright protection and is in the public domain.</dc:rights>
    <dc:contributor>Congressional Research Service, Library of Congress</dc:contributor>
    <dc:description>This file contains bill summaries and statuses for federal legislation. A bill summary describes the most significant provisions of a piece of legislation and details the effects the legislative text may have on current law and federal programs. Bill summaries are authored by the Congressional Research Service (CRS) of the Library of Congress. As stated in Public Law 91-510 (2 USC 166 (d)(6)), one of the duties of CRS is "to prepare summaries and digests of bills and resolutions of a public general nature introduced in the Senate or House of Representatives". For more information, refer to the User Guide that accompanies this file.</dc:description>
  </dublinCore>
</billStatus>

