<?xml version="1.0" encoding="UTF-8"?>
<billStatus>
  <bill>
    <committees>
      <billCommittees>
        <item>
          <activities>
            <item>
              <date>2015-02-03T15:04:45Z</date>
              <name>Referred to</name>
            </item>
          </activities>
          <chamber>House</chamber>
          <subcommittees>
            <item>
              <systemCode>hsag29</systemCode>
              <name>Livestock and Foreign Agriculture Subcommittee</name>
              <activities>
                <item>
                  <date>2015-02-27T17:48:20Z</date>
                  <name>Referred to</name>
                </item>
              </activities>
            </item>
          </subcommittees>
          <systemCode>hsag00</systemCode>
          <type>Standing</type>
          <name>Agriculture Committee</name>
        </item>
      </billCommittees>
    </committees>
    <congress>114</congress>
    <billNumber>687</billNumber>
    <updateDate>2016-11-02T21:24:32Z</updateDate>
    <subjects>
      <billSubjects>
        <legislativeSubjects>
          <item>
            <name>Administrative law and regulatory procedures</name>
          </item>
          <item>
            <name>Food industry and services</name>
          </item>
          <item>
            <name>Food supply, safety, and labeling</name>
          </item>
          <item>
            <name>Intergovernmental relations</name>
          </item>
          <item>
            <name>State and local government operations</name>
          </item>
        </legislativeSubjects>
        <policyArea>
          <name>Agriculture and Food</name>
        </policyArea>
      </billSubjects>
    </subjects>
    <policyArea>
      <name>Agriculture and Food</name>
    </policyArea>
    <summaries>
      <billSummaries>
        <item>
          <actionDate>2015-02-03</actionDate>
          <actionDesc>Introduced in House</actionDesc>
          <lastSummaryUpdateDate>2015-05-22T21:20:38Z</lastSummaryUpdateDate>
          <versionCode>00</versionCode>
          <updateDate>2015-02-03T05:00:00Z</updateDate>
          <name>Introduced in House</name>
          <text><![CDATA[<p><b>Protect Interstate Commerce Act </b></p> <p>This bill prohibits a state or local government from imposing a standard or condition on the production or manufacture of agricultural products sold or offered for sale in interstate commerce if: (1) the production or manufacture occurs in another state, and (2) the standard or condition adds to standards or conditions applicable under federal law and the laws of the state or locality in which the production or manufacture occurs. </p>]]></text>
        </item>
      </billSummaries>
    </summaries>
    <title>Protect Interstate Commerce Act</title>
    <laws />
    <cosponsors>
      <item>
        <identifiers>
          <lisID>2256</lisID>
          <gpoId />
          <bioguideId>R000603</bioguideId>
        </identifiers>
        <isOriginalCosponsor>True</isOriginalCosponsor>
        <firstName>David</firstName>
        <sponsorshipWithdrawnDate />
        <sponsorshipDate>2015-02-03</sponsorshipDate>
        <party>R</party>
        <district>7</district>
        <fullName>Rep. Rouzer, David [R-NC-7]</fullName>
        <state>NC</state>
        <bioguideId>R000603</bioguideId>
        <lastName>Rouzer</lastName>
        <middleName />
      </item>
      <item>
        <identifiers>
          <bioguideId>N000182</bioguideId>
          <gpoId>8175</gpoId>
          <lisID>1758</lisID>
        </identifiers>
        <isOriginalCosponsor>True</isOriginalCosponsor>
        <firstName>Randy</firstName>
        <sponsorshipWithdrawnDate />
        <sponsorshipDate>2015-02-03</sponsorshipDate>
        <party>R</party>
        <district>19</district>
        <fullName>Rep. Neugebauer, Randy [R-TX-19]</fullName>
        <state>TX</state>
        <bioguideId>N000182</bioguideId>
        <lastName>Neugebauer</lastName>
        <middleName />
      </item>
      <item>
        <identifiers>
          <lisID>910</lisID>
          <gpoId>8007</gpoId>
          <bioguideId>P000258</bioguideId>
        </identifiers>
        <isOriginalCosponsor>True</isOriginalCosponsor>
        <firstName>COLLIN</firstName>
        <sponsorshipWithdrawnDate />
        <sponsorshipDate>2015-02-03</sponsorshipDate>
        <party>D</party>
        <district>7</district>
        <fullName>Rep. Peterson, Collin C. [D-MN-7]</fullName>
        <state>MN</state>
        <bioguideId>P000258</bioguideId>
        <lastName>PETERSON</lastName>
        <middleName>C.</middleName>
      </item>
      <item>
        <identifiers>
          <bioguideId>B001294</bioguideId>
          <lisID>2241</lisID>
          <gpoId />
        </identifiers>
        <isOriginalCosponsor>True</isOriginalCosponsor>
        <firstName>Rod</firstName>
        <sponsorshipWithdrawnDate />
        <sponsorshipDate>2015-02-03</sponsorshipDate>
        <party>R</party>
        <district>1</district>
        <fullName>Rep. Blum, Rod [R-IA-1]</fullName>
        <state>IA</state>
        <bioguideId>B001294</bioguideId>
        <lastName>Blum</lastName>
        <middleName />
      </item>
      <item>
        <identifiers>
          <gpoId>7949</gpoId>
          <lisID>2020</lisID>
          <bioguideId>H001057</bioguideId>
        </identifiers>
        <isOriginalCosponsor>True</isOriginalCosponsor>
        <firstName>Tim</firstName>
        <sponsorshipWithdrawnDate />
        <sponsorshipDate>2015-02-03</sponsorshipDate>
        <party>R</party>
        <district>1</district>
        <fullName>Rep. Huelskamp, Tim [R-KS-1]</fullName>
        <state>KS</state>
        <bioguideId>H001057</bioguideId>
        <lastName>Huelskamp</lastName>
        <middleName />
      </item>
      <item>
        <identifiers>
          <bioguideId>Y000066</bioguideId>
          <lisID>2242</lisID>
          <gpoId />
        </identifiers>
        <isOriginalCosponsor>True</isOriginalCosponsor>
        <firstName>David</firstName>
        <sponsorshipWithdrawnDate />
        <sponsorshipDate>2015-02-03</sponsorshipDate>
        <party>R</party>
        <district>3</district>
        <fullName>Rep. Young, David [R-IA-3]</fullName>
        <state>IA</state>
        <bioguideId>Y000066</bioguideId>
        <lastName>Young</lastName>
        <middleName />
      </item>
      <item>
        <identifiers>
          <bioguideId>G000563</bioguideId>
          <gpoId>8108</gpoId>
          <lisID>2049</lisID>
        </identifiers>
        <isOriginalCosponsor>False</isOriginalCosponsor>
        <firstName>Bob</firstName>
        <sponsorshipWithdrawnDate />
        <sponsorshipDate>2015-02-20</sponsorshipDate>
        <party>R</party>
        <district>7</district>
        <fullName>Rep. Gibbs, Bob [R-OH-7]</fullName>
        <state>OH</state>
        <bioguideId>G000563</bioguideId>
        <lastName>Gibbs</lastName>
        <middleName />
      </item>
      <item>
        <identifiers>
          <gpoId />
          <lisID>2141</lisID>
          <bioguideId>P000606</bioguideId>
        </identifiers>
        <isOriginalCosponsor>False</isOriginalCosponsor>
        <firstName>Robert</firstName>
        <sponsorshipWithdrawnDate />
        <sponsorshipDate>2016-09-20</sponsorshipDate>
        <party>R</party>
        <district>9</district>
        <fullName>Rep. Pittenger, Robert [R-NC-9]</fullName>
        <state>NC</state>
        <bioguideId>P000606</bioguideId>
        <lastName>Pittenger</lastName>
        <middleName />
      </item>
      <item>
        <identifiers>
          <gpoId />
          <lisID>2100</lisID>
          <bioguideId>L000578</bioguideId>
        </identifiers>
        <isOriginalCosponsor>False</isOriginalCosponsor>
        <firstName>Doug</firstName>
        <sponsorshipWithdrawnDate />
        <sponsorshipDate>2016-09-20</sponsorshipDate>
        <party>R</party>
        <district>1</district>
        <fullName>Rep. LaMalfa, Doug [R-CA-1]</fullName>
        <state>CA</state>
        <bioguideId>L000578</bioguideId>
        <lastName>LaMalfa</lastName>
        <middleName />
      </item>
    </cosponsors>
    <billType>HR</billType>
    <cboCostEstimates />
    <recordedVotes />
    <relatedBills />
    <actions>
      <item>
        <actionDate>2015-02-27</actionDate>
        <committee>
          <systemCode>hsag29</systemCode>
          <name>Livestock and Foreign Agriculture Subcommittee</name>
        </committee>
        <links />
        <sourceSystem>
          <code>1</code>
          <name>House committee actions</name>
        </sourceSystem>
        <text>Referred to the Subcommittee on Livestock and Foreign Agriculture.</text>
        <type>Committee</type>
      </item>
      <item>
        <sourceSystem>
          <code>2</code>
          <name>House floor actions</name>
        </sourceSystem>
        <actionDate>2015-02-03</actionDate>
        <links />
        <committee>
          <systemCode>hsag00</systemCode>
          <name>Agriculture Committee</name>
        </committee>
        <text>Referred to the House Committee on Agriculture.</text>
        <type>IntroReferral</type>
        <actionCode>H11100</actionCode>
      </item>
      <item>
        <sourceSystem>
          <code>9</code>
          <name>Library of Congress</name>
        </sourceSystem>
        <actionDate>2015-02-03</actionDate>
        <links />
        <committee />
        <text>Introduced in House</text>
        <type>IntroReferral</type>
        <actionCode>Intro-H</actionCode>
      </item>
      <item>
        <sourceSystem>
          <code>9</code>
          <name>Library of Congress</name>
        </sourceSystem>
        <actionDate>2015-02-03</actionDate>
        <links />
        <committee />
        <text>Introduced in House</text>
        <type>IntroReferral</type>
        <actionCode>1000</actionCode>
      </item>
      <actionTypeCounts>
        <introducedInHouse>1</introducedInHouse>
        <placeholderTextForH>1</placeholderTextForH>
        <billReferrals>1</billReferrals>
        <introducedInTheHouse>1</introducedInTheHouse>
      </actionTypeCounts>
      <actionByCounts>
        <houseOfRepresentatives>4</houseOfRepresentatives>
      </actionByCounts>
    </actions>
    <notes />
    <latestAction>
      <actionDate>2015-02-27</actionDate>
      <links />
      <text>Referred to the Subcommittee on Livestock and Foreign Agriculture.</text>
    </latestAction>
    <introducedDate>2015-02-03</introducedDate>
    <sponsors>
      <item>
        <fullName>Rep. King, Steve [R-IA-4]</fullName>
        <firstName>Steve</firstName>
        <byRequestType />
        <identifiers>
          <bioguideId>K000362</bioguideId>
          <lisID>1724</lisID>
          <gpoId>7918</gpoId>
        </identifiers>
        <middleName />
        <bioguideId>K000362</bioguideId>
        <district>4</district>
        <party>R</party>
        <state>IA</state>
        <lastName>King</lastName>
      </item>
    </sponsors>
    <constitutionalAuthorityStatementText><![CDATA[<pre>From the Congressional Record Online through the Government Publishing Office [<a href='http://www.gpo.gov'>www.gpo.gov</a>]By Mr. KING of Iowa:H.R. 687.Congress has the power to enact this legislation pursuantto the following:This bill is enacted pursuant to Congress' powers toregulate commerce with foreign nations, and among the severalstates, and with the Indian Tribes under Article 1, Section8, Clause 3 of the United States Constitution[Page H757]</pre>]]></constitutionalAuthorityStatementText>
    <calendarNumbers />
    <committeeReports />
    <amendments />
    <createDate>2015-02-04T04:46:20Z</createDate>
    <originChamber>House</originChamber>
    <titles>
      <item>
        <chamberCode />
        <chamberName />
        <title>Protect Interstate Commerce Act</title>
        <parentTitleType />
        <titleType>Short Titles as Introduced</titleType>
      </item>
      <item>
        <chamberCode />
        <chamberName />
        <title>To prevent States and local jurisdictions from interfering with the production and distribution of agricultural products in interstate or foreign commerce.</title>
        <parentTitleType />
        <titleType>Official Title as Introduced</titleType>
      </item>
      <item>
        <chamberCode />
        <chamberName />
        <title>Protect Interstate Commerce Act</title>
        <parentTitleType />
        <titleType>Display Title</titleType>
      </item>
    </titles>
  </bill>
  <dublinCore xmlns:dc="http://purl.org/dc/elements/1.1/">
    <dc:format>text/xml</dc:format>
    <dc:language>EN</dc:language>
    <dc:rights>Pursuant to Title 17 Section 105 of the United States Code, this file is not subject to copyright protection and is in the public domain.</dc:rights>
    <dc:contributor>Congressional Research Service, Library of Congress</dc:contributor>
    <dc:description>This file contains bill summaries and statuses for federal legislation. A bill summary describes the most significant provisions of a piece of legislation and details the effects the legislative text may have on current law and federal programs. Bill summaries are authored by the Congressional Research Service (CRS) of the Library of Congress. As stated in Public Law 91-510 (2 USC 166 (d)(6)), one of the duties of CRS is "to prepare summaries and digests of bills and resolutions of a public general nature introduced in the Senate or House of Representatives". For more information, refer to the User Guide that accompanies this file.</dc:description>
  </dublinCore>
</billStatus>

