<?xml version="1.0" encoding="UTF-8"?>
<billStatus>
  <bill>
    <notes />
    <billNumber>550</billNumber>
    <latestAction>
      <links />
      <actionDate>2015-03-24</actionDate>
      <text>Subcommittee Hearings Held.</text>
    </latestAction>
    <introducedDate>2015-01-27</introducedDate>
    <amendments />
    <actions>
      <actionTypeCounts>
        <billReferrals>1</billReferrals>
        <prayer>1</prayer>
        <introducedInTheHouse>1</introducedInTheHouse>
        <introducedInHouse>1</introducedInHouse>
        <placeholderTextForH>1</placeholderTextForH>
      </actionTypeCounts>
      <actionByCounts>
        <houseOfRepresentatives>5</houseOfRepresentatives>
      </actionByCounts>
      <item>
        <actionDate>2015-03-24</actionDate>
        <committee>
          <systemCode>hsed10</systemCode>
          <name>Workforce Protections Subcommittee</name>
        </committee>
        <links />
        <sourceSystem>
          <name>House committee actions</name>
          <code>1</code>
        </sourceSystem>
        <text>Subcommittee Hearings Held.</text>
        <type>Committee</type>
      </item>
      <item>
        <actionDate>2015-03-24</actionDate>
        <committee>
          <systemCode>hsed10</systemCode>
          <name>Workforce Protections Subcommittee</name>
        </committee>
        <links />
        <sourceSystem>
          <name>House committee actions</name>
          <code>1</code>
        </sourceSystem>
        <text>Referred to the Subcommittee on Workforce Protections.</text>
        <type>Committee</type>
      </item>
      <item>
        <actionDate>2015-01-27</actionDate>
        <text>Referred to the House Committee on Education and the Workforce.</text>
        <sourceSystem>
          <name>House floor actions</name>
          <code>2</code>
        </sourceSystem>
        <committee>
          <systemCode>hsed00</systemCode>
          <name>Education and the Workforce Committee</name>
        </committee>
        <links />
        <actionCode>H11100</actionCode>
        <type>IntroReferral</type>
      </item>
      <item>
        <actionDate>2015-01-27</actionDate>
        <text>Introduced in House</text>
        <sourceSystem>
          <name>Library of Congress</name>
          <code>9</code>
        </sourceSystem>
        <committee />
        <links />
        <actionCode>Intro-H</actionCode>
        <type>IntroReferral</type>
      </item>
      <item>
        <actionDate>2015-01-27</actionDate>
        <text>Introduced in House</text>
        <sourceSystem>
          <name>Library of Congress</name>
          <code>9</code>
        </sourceSystem>
        <committee />
        <links />
        <actionCode>1000</actionCode>
        <type>IntroReferral</type>
      </item>
    </actions>
    <subjects>
      <billSubjects>
        <legislativeSubjects>
          <item>
            <name>Age discrimination</name>
          </item>
          <item>
            <name>Alternative dispute resolution, mediation, arbitration</name>
          </item>
          <item>
            <name>Civil actions and liability</name>
          </item>
          <item>
            <name>Congressional oversight</name>
          </item>
          <item>
            <name>Disability and health-based discrimination</name>
          </item>
          <item>
            <name>Employment discrimination and employee rights</name>
          </item>
          <item>
            <name>Government information and archives</name>
          </item>
          <item>
            <name>Government liability</name>
          </item>
          <item>
            <name>Government studies and investigations</name>
          </item>
          <item>
            <name>Judicial review and appeals</name>
          </item>
          <item>
            <name>Legal fees and court costs</name>
          </item>
          <item>
            <name>Performance measurement</name>
          </item>
          <item>
            <name>Racial and ethnic relations</name>
          </item>
          <item>
            <name>Religion</name>
          </item>
          <item>
            <name>Sex, gender, sexual orientation discrimination</name>
          </item>
        </legislativeSubjects>
        <policyArea>
          <name>Labor and Employment</name>
        </policyArea>
      </billSubjects>
    </subjects>
    <calendarNumbers />
    <billType>HR</billType>
    <sponsors>
      <item>
        <lastName>Walberg</lastName>
        <firstName>Tim</firstName>
        <party>R</party>
        <fullName>Rep. Walberg, Tim [R-MI-7]</fullName>
        <middleName />
        <state>MI</state>
        <byRequestType />
        <bioguideId>W000798</bioguideId>
        <district>7</district>
        <identifiers>
          <lisID>1855</lisID>
          <bioguideId>W000798</bioguideId>
          <gpoId>7992</gpoId>
        </identifiers>
      </item>
    </sponsors>
    <originChamber>House</originChamber>
    <recordedVotes />
    <committeeReports />
    <policyArea>
      <name>Labor and Employment</name>
    </policyArea>
    <cboCostEstimates />
    <summaries>
      <billSummaries>
        <item>
          <text><![CDATA[<p><b>EEOC Transparency and Accountability Act</b></p> <p>Directs the Equal Employment Opportunity Commission (EEOC) to provide information on its public website regarding each case brought in court by the EEOC after a judgment is made with respect to any cause of action.</p> <p>Requires such information to include: (1) instances in which the EEOC was ordered to pay fees and costs; (2) cases in which a sanction was imposed on the EEOC; (3) the total number of charges of an alleged unlawful employment practice filed under specified provisions of the Civil Rights Act of 1964, the Americans with Disabilities Act of 1990, the Age Discrimination in Employment Act of 1967, and the Fair Labor Standards Act of 1938; and (4) cases of systemic discrimination, including pattern or practice discrimination.</p> <p>Amends the Civil Rights Act of 1964 to prohibit the EEOC from bringing a suit unless it exhausts its obligation to engage in an informal conciliation and certifies that conciliation is at impasse.</p> <p>Makes the determination as to whether the EEOC has engaged in a bona fide conciliation subject to judicial review.</p> <p>Directs the EEOC Inspector General to notify Congress of any sanctions, fees, or costs imposed on the EEOC by a court. Requires the Inspector General to investigate such cases and the EEOC to report to Congress regarding the steps being taken to reduce such instances. </p>]]></text>
          <updateDate>2015-01-27T05:00:00Z</updateDate>
          <actionDate>2015-01-27</actionDate>
          <versionCode>00</versionCode>
          <actionDesc>Introduced in House</actionDesc>
          <lastSummaryUpdateDate>2015-02-10T15:27:53Z</lastSummaryUpdateDate>
          <name>Introduced in House</name>
        </item>
      </billSummaries>
    </summaries>
    <createDate>2015-01-28T04:46:18Z</createDate>
    <committees>
      <billCommittees>
        <item>
          <systemCode>hsed00</systemCode>
          <chamber>House</chamber>
          <activities>
            <item>
              <name>Referred to</name>
              <date>2015-01-27T17:04:00Z</date>
            </item>
          </activities>
          <name>Education and the Workforce Committee</name>
          <subcommittees>
            <item>
              <systemCode>hsed10</systemCode>
              <name>Workforce Protections Subcommittee</name>
              <activities>
                <item>
                  <name>Hearings by</name>
                  <date>2015-03-24T13:38:23Z</date>
                </item>
                <item>
                  <name>Referred to</name>
                  <date>2015-03-24T13:37:07Z</date>
                </item>
              </activities>
            </item>
          </subcommittees>
          <type>Standing</type>
        </item>
      </billCommittees>
    </committees>
    <relatedBills>
      <item>
        <type>S</type>
        <latestAction>
          <text>Read twice and referred to the Committee on Health, Education, Labor, and Pensions.</text>
          <actionDate>2016-03-16</actionDate>
        </latestAction>
        <relationshipDetails>
          <item>
            <type>Related bill</type>
            <identifiedBy>CRS</identifiedBy>
          </item>
        </relationshipDetails>
        <latestTitle>EEOC Reform Act</latestTitle>
        <congress>114</congress>
        <number>2693</number>
      </item>
    </relatedBills>
    <laws />
    <titles>
      <item>
        <titleType>Short Titles as Introduced</titleType>
        <chamberName />
        <title>EEOC Transparency and Accountability Act</title>
        <parentTitleType />
        <chamberCode />
      </item>
      <item>
        <titleType>Official Title as Introduced</titleType>
        <chamberName />
        <title>To direct the Equal Employment Opportunity Commission to maintain up-to-date information on its website regarding charges and actions brought by the Commission, and for other purposes.</title>
        <parentTitleType />
        <chamberCode />
      </item>
      <item>
        <titleType>Display Title</titleType>
        <chamberName />
        <title>EEOC Transparency and Accountability Act</title>
        <parentTitleType />
        <chamberCode />
      </item>
    </titles>
    <cosponsors>
      <item>
        <middleName />
        <state>IN</state>
        <fullName>Rep. Rokita, Todd [R-IN-4]</fullName>
        <bioguideId>R000592</bioguideId>
        <isOriginalCosponsor>True</isOriginalCosponsor>
        <sponsorshipDate>2015-01-27</sponsorshipDate>
        <sponsorshipWithdrawnDate />
        <party>R</party>
        <firstName>Todd</firstName>
        <lastName>Rokita</lastName>
        <district>4</district>
        <identifiers>
          <gpoId>7943</gpoId>
          <lisID>2017</lisID>
          <bioguideId>R000592</bioguideId>
        </identifiers>
      </item>
      <item>
        <middleName />
        <state>NC</state>
        <fullName>Rep. Hudson, Richard [R-NC-8]</fullName>
        <bioguideId>H001067</bioguideId>
        <isOriginalCosponsor>True</isOriginalCosponsor>
        <sponsorshipDate>2015-01-27</sponsorshipDate>
        <sponsorshipWithdrawnDate />
        <party>R</party>
        <firstName>Richard</firstName>
        <lastName>Hudson</lastName>
        <district>8</district>
        <identifiers>
          <gpoId />
          <bioguideId>H001067</bioguideId>
          <lisID>2140</lisID>
        </identifiers>
      </item>
      <item>
        <middleName />
        <state>MI</state>
        <fullName>Rep. Bishop, Mike [R-MI-8]</fullName>
        <bioguideId>B001293</bioguideId>
        <isOriginalCosponsor>False</isOriginalCosponsor>
        <sponsorshipDate>2015-05-20</sponsorshipDate>
        <sponsorshipWithdrawnDate />
        <party>R</party>
        <firstName>Mike</firstName>
        <lastName>Bishop</lastName>
        <district>8</district>
        <identifiers>
          <bioguideId>B001293</bioguideId>
          <gpoId />
          <lisID>2249</lisID>
        </identifiers>
      </item>
    </cosponsors>
    <updateDate>2017-01-17T12:34:38Z</updateDate>
    <constitutionalAuthorityStatementText><![CDATA[<pre>From the Congressional Record Online through the Government Publishing Office [<a href='http://www.gpo.gov'>www.gpo.gov</a>]By Mr. WALBERG:H.R. 550.Congress has the power to enact this legislation pursuantto the following:Article I, section 8 of the Constitution of the UnitedStates[Page H640]</pre>]]></constitutionalAuthorityStatementText>
    <title>EEOC Transparency and Accountability Act</title>
    <congress>114</congress>
  </bill>
  <dublinCore xmlns:dc="http://purl.org/dc/elements/1.1/">
    <dc:format>text/xml</dc:format>
    <dc:language>EN</dc:language>
    <dc:rights>Pursuant to Title 17 Section 105 of the United States Code, this file is not subject to copyright protection and is in the public domain.</dc:rights>
    <dc:contributor>Congressional Research Service, Library of Congress</dc:contributor>
    <dc:description>This file contains bill summaries and statuses for federal legislation. A bill summary describes the most significant provisions of a piece of legislation and details the effects the legislative text may have on current law and federal programs. Bill summaries are authored by the Congressional Research Service (CRS) of the Library of Congress. As stated in Public Law 91-510 (2 USC 166 (d)(6)), one of the duties of CRS is "to prepare summaries and digests of bills and resolutions of a public general nature introduced in the Senate or House of Representatives". For more information, refer to the User Guide that accompanies this file.</dc:description>
  </dublinCore>
</billStatus>

