<?xml version="1.0" encoding="UTF-8"?>
<billStatus>
  <bill>
    <committees>
      <billCommittees>
        <item>
          <subcommittees>
            <item>
              <name>Federal Lands Subcommittee</name>
              <activities>
                <item>
                  <name>Referred to</name>
                  <date>2015-03-02T19:48:22Z</date>
                </item>
              </activities>
              <systemCode>hsii10</systemCode>
            </item>
          </subcommittees>
          <chamber>House</chamber>
          <type>Standing</type>
          <name>Natural Resources Committee</name>
          <systemCode>hsii00</systemCode>
          <activities>
            <item>
              <name>Referred to</name>
              <date>2015-01-13T15:05:25Z</date>
            </item>
          </activities>
        </item>
      </billCommittees>
    </committees>
    <congress>114</congress>
    <billNumber>335</billNumber>
    <updateDate>2016-11-02T21:16:59Z</updateDate>
    <subjects>
      <billSubjects>
        <policyArea>
          <name>Animals</name>
        </policyArea>
        <legislativeSubjects>
          <item>
            <name>Africa</name>
          </item>
          <item>
            <name>American Samoa</name>
          </item>
          <item>
            <name>Asia</name>
          </item>
          <item>
            <name>Caribbean area</name>
          </item>
          <item>
            <name>Department of the Interior</name>
          </item>
          <item>
            <name>Endangered and threatened species</name>
          </item>
          <item>
            <name>Executive agency funding and structure</name>
          </item>
          <item>
            <name>Guam</name>
          </item>
          <item>
            <name>International organizations and cooperation</name>
          </item>
          <item>
            <name>Mammals</name>
          </item>
          <item>
            <name>Marine and coastal resources, fisheries</name>
          </item>
          <item>
            <name>Northern Mariana Islands</name>
          </item>
          <item>
            <name>Puerto Rico</name>
          </item>
          <item>
            <name>Reptiles</name>
          </item>
          <item>
            <name>U.S. territories and protectorates</name>
          </item>
          <item>
            <name>Virgin Islands</name>
          </item>
          <item>
            <name>Wildlife conservation and habitat protection</name>
          </item>
        </legislativeSubjects>
      </billSubjects>
    </subjects>
    <policyArea>
      <name>Animals</name>
    </policyArea>
    <summaries>
      <billSummaries>
        <item>
          <versionCode>00</versionCode>
          <actionDate>2015-01-13</actionDate>
          <text><![CDATA[<p><b>Multinational Species Conservation Funds Reauthorization Act of 2015</b></p> <p>This bill reauthorizes the African Elephant Conservation Act, the Rhinoceros and Tiger Conservation Act of 1994, the Asian Elephant Conservation Act of 1997, the Great Ape Conservation Fund, and the Marine Turtle Conservation Fund through FY2020.</p> <p>This bill amends the Great Ape Conservation Act of 2000 to authorize Department of the Interior to award a multi-year grant to carry out a project that is an effective, long-term conservation strategy for great apes (chimpanzees, gorillas, bonobos, orangutans, or gibbons) and their habitats.</p> <p>Interior is required to convene a panel of experts to identify the greatest needs and priorities for the conservation of great apes within a year of this Act's enactment and every five years thereafter. Current law authorizes Interior to convene a panel to consider the greatest conservation needs every two years. The panel is required to consider relevant great ape conservation plans or strategies.</s></p> <p>This bill amends the Marine Turtle Conservation Act of 2004 to make a wildlife management authority of a U.S. territory eligible for financial assistance for marine turtle conservation.</p>]]></text>
          <lastSummaryUpdateDate>2015-02-10T16:20:42Z</lastSummaryUpdateDate>
          <actionDesc>Introduced in House</actionDesc>
          <name>Introduced in House</name>
          <updateDate>2015-01-13T05:00:00Z</updateDate>
        </item>
      </billSummaries>
    </summaries>
    <title>Multinational Species Conservation Funds Reauthorization Act of 2015</title>
    <laws />
    <cosponsors>
      <item>
        <identifiers>
          <bioguideId>P000596</bioguideId>
          <gpoId>8138</gpoId>
          <lisID>1953</lisID>
        </identifiers>
        <isOriginalCosponsor>True</isOriginalCosponsor>
        <firstName>Pedro</firstName>
        <sponsorshipWithdrawnDate />
        <sponsorshipDate>2015-01-13</sponsorshipDate>
        <party>D</party>
        <district>0</district>
        <fullName>Rep. Pierluisi, Pedro R. [D-PR-At Large]</fullName>
        <state>PR</state>
        <bioguideId>P000596</bioguideId>
        <lastName>Pierluisi</lastName>
        <middleName>R.</middleName>
      </item>
      <item>
        <identifiers>
          <gpoId>7929</gpoId>
          <lisID>1588</lisID>
          <bioguideId>S001145</bioguideId>
        </identifiers>
        <isOriginalCosponsor>False</isOriginalCosponsor>
        <firstName>JANICE</firstName>
        <sponsorshipWithdrawnDate />
        <sponsorshipDate>2015-02-25</sponsorshipDate>
        <party>D</party>
        <district>9</district>
        <fullName>Rep. Schakowsky, Janice D. [D-IL-9]</fullName>
        <state>IL</state>
        <bioguideId>S001145</bioguideId>
        <lastName>SCHAKOWSKY</lastName>
        <middleName>D.</middleName>
      </item>
      <item>
        <identifiers>
          <bioguideId>B001292</bioguideId>
          <lisID>2272</lisID>
          <gpoId />
        </identifiers>
        <isOriginalCosponsor>False</isOriginalCosponsor>
        <firstName>Donald</firstName>
        <sponsorshipWithdrawnDate />
        <sponsorshipDate>2015-03-03</sponsorshipDate>
        <party>D</party>
        <district>8</district>
        <fullName>Rep. Beyer, Donald S., Jr. [D-VA-8]</fullName>
        <state>VA</state>
        <bioguideId>B001292</bioguideId>
        <lastName>Beyer</lastName>
        <middleName>S.</middleName>
      </item>
      <item>
        <identifiers>
          <lisID>2114</lisID>
          <bioguideId>E000293</bioguideId>
          <gpoId />
        </identifiers>
        <isOriginalCosponsor>False</isOriginalCosponsor>
        <firstName>Elizabeth</firstName>
        <sponsorshipWithdrawnDate />
        <sponsorshipDate>2015-03-03</sponsorshipDate>
        <party>D</party>
        <district>5</district>
        <fullName>Rep. Esty, Elizabeth H. [D-CT-5]</fullName>
        <state>CT</state>
        <bioguideId>E000293</bioguideId>
        <lastName>Esty</lastName>
        <middleName>H.</middleName>
      </item>
      <item>
        <identifiers>
          <gpoId>8018</gpoId>
          <lisID>1962</lisID>
          <bioguideId>S001177</bioguideId>
        </identifiers>
        <isOriginalCosponsor>False</isOriginalCosponsor>
        <firstName>Gregorio</firstName>
        <sponsorshipWithdrawnDate />
        <sponsorshipDate>2015-03-04</sponsorshipDate>
        <party>D</party>
        <district>0</district>
        <fullName>Rep. Sablan, Gregorio Kilili Camacho [D-MP-At Large]</fullName>
        <state>MP</state>
        <bioguideId>S001177</bioguideId>
        <lastName>Sablan</lastName>
        <middleName>Kilili Camacho</middleName>
      </item>
      <item>
        <identifiers>
          <bioguideId>O000170</bioguideId>
          <lisID>2162</lisID>
          <gpoId />
        </identifiers>
        <isOriginalCosponsor>False</isOriginalCosponsor>
        <firstName>Beto</firstName>
        <sponsorshipWithdrawnDate />
        <sponsorshipDate>2015-03-17</sponsorshipDate>
        <party>D</party>
        <district>16</district>
        <fullName>Rep. O'Rourke, Beto [D-TX-16]</fullName>
        <state>TX</state>
        <bioguideId>O000170</bioguideId>
        <lastName>O'Rourke</lastName>
        <middleName />
      </item>
      <item>
        <identifiers>
          <gpoId />
          <lisID>2111</lisID>
          <bioguideId>L000579</bioguideId>
        </identifiers>
        <isOriginalCosponsor>False</isOriginalCosponsor>
        <firstName>Alan</firstName>
        <sponsorshipWithdrawnDate />
        <sponsorshipDate>2015-03-17</sponsorshipDate>
        <party>D</party>
        <district>47</district>
        <fullName>Rep. Lowenthal, Alan S. [D-CA-47]</fullName>
        <state>CA</state>
        <bioguideId>L000579</bioguideId>
        <lastName>Lowenthal</lastName>
        <middleName>S.</middleName>
      </item>
      <item>
        <identifiers>
          <bioguideId>I000057</bioguideId>
          <gpoId>8063</gpoId>
          <lisID>1663</lisID>
        </identifiers>
        <isOriginalCosponsor>False</isOriginalCosponsor>
        <firstName>STEVE</firstName>
        <sponsorshipWithdrawnDate />
        <sponsorshipDate>2015-03-17</sponsorshipDate>
        <party>D</party>
        <district>3</district>
        <fullName>Rep. Israel, Steve [D-NY-3]</fullName>
        <state>NY</state>
        <bioguideId>I000057</bioguideId>
        <lastName>ISRAEL</lastName>
        <middleName />
      </item>
      <item>
        <identifiers>
          <lisID>701</lisID>
          <bioguideId>L000397</bioguideId>
          <gpoId>7821</gpoId>
        </identifiers>
        <isOriginalCosponsor>False</isOriginalCosponsor>
        <firstName>ZOE</firstName>
        <sponsorshipWithdrawnDate />
        <sponsorshipDate>2015-03-17</sponsorshipDate>
        <party>D</party>
        <district>19</district>
        <fullName>Rep. Lofgren, Zoe [D-CA-19]</fullName>
        <state>CA</state>
        <bioguideId>L000397</bioguideId>
        <lastName>LOFGREN</lastName>
        <middleName />
      </item>
      <item>
        <identifiers>
          <bioguideId>G000564</bioguideId>
          <lisID>2043</lisID>
          <gpoId>8081</gpoId>
        </identifiers>
        <isOriginalCosponsor>False</isOriginalCosponsor>
        <firstName>Christopher</firstName>
        <sponsorshipWithdrawnDate />
        <sponsorshipDate>2015-03-25</sponsorshipDate>
        <party>R</party>
        <district>19</district>
        <fullName>Rep. Gibson, Christopher P. [R-NY-19]</fullName>
        <state>NY</state>
        <bioguideId>G000564</bioguideId>
        <lastName>Gibson</lastName>
        <middleName>P.</middleName>
      </item>
      <item>
        <identifiers>
          <bioguideId>L000563</bioguideId>
          <lisID>1781</lisID>
          <gpoId>7923</gpoId>
        </identifiers>
        <isOriginalCosponsor>False</isOriginalCosponsor>
        <firstName>Daniel</firstName>
        <sponsorshipWithdrawnDate />
        <sponsorshipDate>2015-04-30</sponsorshipDate>
        <party>D</party>
        <district>3</district>
        <fullName>Rep. Lipinski, Daniel [D-IL-3]</fullName>
        <state>IL</state>
        <bioguideId>L000563</bioguideId>
        <lastName>Lipinski</lastName>
        <middleName>William</middleName>
      </item>
      <item>
        <identifiers>
          <bioguideId>H001068</bioguideId>
          <lisID>2101</lisID>
          <gpoId />
        </identifiers>
        <isOriginalCosponsor>False</isOriginalCosponsor>
        <firstName>Jared</firstName>
        <sponsorshipWithdrawnDate />
        <sponsorshipDate>2015-04-30</sponsorshipDate>
        <party>D</party>
        <district>2</district>
        <fullName>Rep. Huffman, Jared [D-CA-2]</fullName>
        <state>CA</state>
        <bioguideId>H001068</bioguideId>
        <lastName>Huffman</lastName>
        <middleName />
      </item>
      <item>
        <identifiers>
          <lisID>2230</lisID>
          <bioguideId>L000582</bioguideId>
          <gpoId />
        </identifiers>
        <isOriginalCosponsor>False</isOriginalCosponsor>
        <firstName>Ted</firstName>
        <sponsorshipWithdrawnDate />
        <sponsorshipDate>2015-06-10</sponsorshipDate>
        <party>D</party>
        <district>33</district>
        <fullName>Rep. Lieu, Ted [D-CA-33]</fullName>
        <state>CA</state>
        <bioguideId>L000582</bioguideId>
        <lastName>Lieu</lastName>
        <middleName />
      </item>
      <item>
        <identifiers>
          <bioguideId>B001245</bioguideId>
          <lisID>1723</lisID>
          <gpoId>7911</gpoId>
        </identifiers>
        <isOriginalCosponsor>False</isOriginalCosponsor>
        <firstName>Madeleine</firstName>
        <sponsorshipWithdrawnDate />
        <sponsorshipDate>2015-07-23</sponsorshipDate>
        <party>D</party>
        <district>0</district>
        <fullName>Rep. Bordallo, Madeleine Z. [D-GU-At Large]</fullName>
        <state>GU</state>
        <bioguideId>B001245</bioguideId>
        <lastName>Bordallo</lastName>
        <middleName>Z.</middleName>
      </item>
      <item>
        <identifiers>
          <lisID>699</lisID>
          <bioguideId>L000554</bioguideId>
          <gpoId>8044</gpoId>
        </identifiers>
        <isOriginalCosponsor>False</isOriginalCosponsor>
        <firstName>FRANK</firstName>
        <sponsorshipWithdrawnDate />
        <sponsorshipDate>2015-09-11</sponsorshipDate>
        <party>R</party>
        <district>2</district>
        <fullName>Rep. LoBiondo, Frank A. [R-NJ-2]</fullName>
        <state>NJ</state>
        <bioguideId>L000554</bioguideId>
        <lastName>LOBIONDO</lastName>
        <middleName>A.</middleName>
      </item>
      <item>
        <identifiers>
          <lisID>1501</lisID>
          <bioguideId>L000551</bioguideId>
          <gpoId>7814</gpoId>
        </identifiers>
        <isOriginalCosponsor>False</isOriginalCosponsor>
        <firstName>BARBARA</firstName>
        <sponsorshipWithdrawnDate />
        <sponsorshipDate>2015-09-11</sponsorshipDate>
        <party>D</party>
        <district>13</district>
        <fullName>Rep. Lee, Barbara [D-CA-13]</fullName>
        <state>CA</state>
        <bioguideId>L000551</bioguideId>
        <lastName>LEE</lastName>
        <middleName />
      </item>
      <item>
        <identifiers>
          <lisID>1487</lisID>
          <bioguideId>G000377</bioguideId>
          <gpoId>8168</gpoId>
        </identifiers>
        <isOriginalCosponsor>False</isOriginalCosponsor>
        <firstName>KAY</firstName>
        <sponsorshipWithdrawnDate />
        <sponsorshipDate>2015-09-11</sponsorshipDate>
        <party>R</party>
        <district>12</district>
        <fullName>Rep. Granger, Kay [R-TX-12]</fullName>
        <state>TX</state>
        <bioguideId>G000377</bioguideId>
        <lastName>GRANGER</lastName>
        <middleName />
      </item>
      <item>
        <identifiers>
          <gpoId>7876</gpoId>
          <lisID>1643</lisID>
          <bioguideId>C001045</bioguideId>
        </identifiers>
        <isOriginalCosponsor>False</isOriginalCosponsor>
        <firstName>ANDER</firstName>
        <sponsorshipWithdrawnDate />
        <sponsorshipDate>2015-09-11</sponsorshipDate>
        <party>R</party>
        <district>4</district>
        <fullName>Rep. Crenshaw, Ander [R-FL-4]</fullName>
        <state>FL</state>
        <bioguideId>C001045</bioguideId>
        <lastName>CRENSHAW</lastName>
        <middleName />
      </item>
      <item>
        <identifiers>
          <gpoId>8038</gpoId>
          <lisID>1793</lisID>
          <bioguideId>F000449</bioguideId>
        </identifiers>
        <isOriginalCosponsor>False</isOriginalCosponsor>
        <firstName>Jeff</firstName>
        <sponsorshipWithdrawnDate />
        <sponsorshipDate>2016-04-19</sponsorshipDate>
        <party>R</party>
        <district>1</district>
        <fullName>Rep. Fortenberry, Jeff [R-NE-1]</fullName>
        <state>NE</state>
        <bioguideId>F000449</bioguideId>
        <lastName>Fortenberry</lastName>
        <middleName />
      </item>
      <item>
        <identifiers>
          <bioguideId>D000622</bioguideId>
          <gpoId />
          <lisID>2123</lisID>
        </identifiers>
        <isOriginalCosponsor>False</isOriginalCosponsor>
        <firstName>Tammy</firstName>
        <sponsorshipWithdrawnDate />
        <sponsorshipDate>2016-04-19</sponsorshipDate>
        <party>D</party>
        <district>8</district>
        <fullName>Rep. Duckworth, Tammy [D-IL-8]</fullName>
        <state>IL</state>
        <bioguideId>D000622</bioguideId>
        <lastName>Duckworth</lastName>
        <middleName />
      </item>
      <item>
        <identifiers>
          <lisID>99</lisID>
          <bioguideId>B000574</bioguideId>
          <gpoId>8116</gpoId>
        </identifiers>
        <isOriginalCosponsor>False</isOriginalCosponsor>
        <firstName>EARL</firstName>
        <sponsorshipWithdrawnDate />
        <sponsorshipDate>2016-04-27</sponsorshipDate>
        <party>D</party>
        <district>3</district>
        <fullName>Rep. Blumenauer, Earl [D-OR-3]</fullName>
        <state>OR</state>
        <bioguideId>B000574</bioguideId>
        <lastName>BLUMENAUER</lastName>
        <middleName />
      </item>
      <item>
        <identifiers>
          <gpoId>8117</gpoId>
          <lisID>279</lisID>
          <bioguideId>D000191</bioguideId>
        </identifiers>
        <isOriginalCosponsor>False</isOriginalCosponsor>
        <firstName>PETER</firstName>
        <sponsorshipWithdrawnDate />
        <sponsorshipDate>2016-04-27</sponsorshipDate>
        <party>D</party>
        <district>4</district>
        <fullName>Rep. DeFazio, Peter A. [D-OR-4]</fullName>
        <state>OR</state>
        <bioguideId>D000191</bioguideId>
        <lastName>DEFAZIO</lastName>
        <middleName>A.</middleName>
      </item>
      <item>
        <identifiers>
          <bioguideId>Q000023</bioguideId>
          <gpoId>7925</gpoId>
          <lisID>1967</lisID>
        </identifiers>
        <isOriginalCosponsor>False</isOriginalCosponsor>
        <firstName>Mike</firstName>
        <sponsorshipWithdrawnDate />
        <sponsorshipDate>2016-05-11</sponsorshipDate>
        <party>D</party>
        <district>5</district>
        <fullName>Rep. Quigley, Mike [D-IL-5]</fullName>
        <state>IL</state>
        <bioguideId>Q000023</bioguideId>
        <lastName>Quigley</lastName>
        <middleName />
      </item>
      <item>
        <identifiers>
          <lisID>1728</lisID>
          <gpoId>7977</gpoId>
          <bioguideId>R000576</bioguideId>
        </identifiers>
        <isOriginalCosponsor>False</isOriginalCosponsor>
        <firstName>C. A.</firstName>
        <sponsorshipWithdrawnDate />
        <sponsorshipDate>2016-05-11</sponsorshipDate>
        <party>D</party>
        <district>2</district>
        <fullName>Rep. Ruppersberger, C. A. Dutch [D-MD-2]</fullName>
        <state>MD</state>
        <bioguideId>R000576</bioguideId>
        <lastName>Ruppersberger</lastName>
        <middleName>Dutch</middleName>
      </item>
      <item>
        <identifiers>
          <bioguideId>K000188</bioguideId>
          <gpoId>8216</gpoId>
          <lisID>1498</lisID>
        </identifiers>
        <isOriginalCosponsor>False</isOriginalCosponsor>
        <firstName>RON</firstName>
        <sponsorshipWithdrawnDate />
        <sponsorshipDate>2016-05-27</sponsorshipDate>
        <party>D</party>
        <district>3</district>
        <fullName>Rep. Kind, Ron [D-WI-3]</fullName>
        <state>WI</state>
        <bioguideId>K000188</bioguideId>
        <lastName>KIND</lastName>
        <middleName />
      </item>
      <item>
        <identifiers>
          <lisID>1840</lisID>
          <bioguideId>B001260</bioguideId>
          <gpoId>7885</gpoId>
        </identifiers>
        <isOriginalCosponsor>False</isOriginalCosponsor>
        <firstName>Vern</firstName>
        <sponsorshipWithdrawnDate />
        <sponsorshipDate>2016-05-27</sponsorshipDate>
        <party>R</party>
        <district>16</district>
        <fullName>Rep. Buchanan, Vern [R-FL-16]</fullName>
        <state>FL</state>
        <bioguideId>B001260</bioguideId>
        <lastName>Buchanan</lastName>
        <middleName />
      </item>
      <item>
        <identifiers>
          <gpoId>7852</gpoId>
          <lisID>1522</lisID>
          <bioguideId>S000030</bioguideId>
        </identifiers>
        <isOriginalCosponsor>False</isOriginalCosponsor>
        <firstName>LORETTA</firstName>
        <sponsorshipWithdrawnDate />
        <sponsorshipDate>2016-06-07</sponsorshipDate>
        <party>D</party>
        <district>46</district>
        <fullName>Rep. Sanchez, Loretta [D-CA-46]</fullName>
        <state>CA</state>
        <bioguideId>S000030</bioguideId>
        <lastName>SANCHEZ</lastName>
        <middleName />
      </item>
      <item>
        <identifiers>
          <bioguideId>P000608</bioguideId>
          <lisID>2113</lisID>
          <gpoId />
        </identifiers>
        <isOriginalCosponsor>False</isOriginalCosponsor>
        <firstName>Scott</firstName>
        <sponsorshipWithdrawnDate />
        <sponsorshipDate>2016-06-10</sponsorshipDate>
        <party>D</party>
        <district>52</district>
        <fullName>Rep. Peters, Scott H. [D-CA-52]</fullName>
        <state>CA</state>
        <bioguideId>P000608</bioguideId>
        <lastName>Peters</lastName>
        <middleName>H.</middleName>
      </item>
      <item>
        <identifiers>
          <bioguideId>S001150</bioguideId>
          <lisID>1635</lisID>
          <gpoId>7834</gpoId>
        </identifiers>
        <isOriginalCosponsor>False</isOriginalCosponsor>
        <firstName>ADAM</firstName>
        <sponsorshipWithdrawnDate />
        <sponsorshipDate>2016-06-16</sponsorshipDate>
        <party>D</party>
        <district>28</district>
        <fullName>Rep. Schiff, Adam B. [D-CA-28]</fullName>
        <state>CA</state>
        <bioguideId>S001150</bioguideId>
        <lastName>SCHIFF</lastName>
        <middleName>B.</middleName>
      </item>
      <item>
        <identifiers>
          <bioguideId>Y000066</bioguideId>
          <lisID>2242</lisID>
          <gpoId />
        </identifiers>
        <isOriginalCosponsor>False</isOriginalCosponsor>
        <firstName>David</firstName>
        <sponsorshipWithdrawnDate />
        <sponsorshipDate>2016-06-22</sponsorshipDate>
        <party>R</party>
        <district>3</district>
        <fullName>Rep. Young, David [R-IA-3]</fullName>
        <state>IA</state>
        <bioguideId>Y000066</bioguideId>
        <lastName>Young</lastName>
        <middleName />
      </item>
      <item>
        <identifiers>
          <lisID>1879</lisID>
          <gpoId>8204</gpoId>
          <bioguideId>W000800</bioguideId>
        </identifiers>
        <isOriginalCosponsor>False</isOriginalCosponsor>
        <firstName>Peter</firstName>
        <sponsorshipWithdrawnDate />
        <sponsorshipDate>2016-07-06</sponsorshipDate>
        <party>D</party>
        <district>0</district>
        <fullName>Rep. Welch, Peter [D-VT-At Large]</fullName>
        <state>VT</state>
        <bioguideId>W000800</bioguideId>
        <lastName>Welch</lastName>
        <middleName />
      </item>
      <item>
        <identifiers>
          <bioguideId>E000179</bioguideId>
          <gpoId>8078</gpoId>
          <lisID>344</lisID>
        </identifiers>
        <isOriginalCosponsor>False</isOriginalCosponsor>
        <firstName>ELIOT</firstName>
        <sponsorshipWithdrawnDate />
        <sponsorshipDate>2016-07-06</sponsorshipDate>
        <party>D</party>
        <district>16</district>
        <fullName>Rep. Engel, Eliot L. [D-NY-16]</fullName>
        <state>NY</state>
        <bioguideId>E000179</bioguideId>
        <lastName>ENGEL</lastName>
        <middleName>L.</middleName>
      </item>
      <item>
        <identifiers>
          <bioguideId>G000535</bioguideId>
          <lisID>478</lisID>
          <gpoId>7924</gpoId>
        </identifiers>
        <isOriginalCosponsor>False</isOriginalCosponsor>
        <firstName>LUIS</firstName>
        <sponsorshipWithdrawnDate />
        <sponsorshipDate>2016-09-07</sponsorshipDate>
        <party>D</party>
        <district>4</district>
        <fullName>Rep. Gutierrez, Luis V. [D-IL-4]</fullName>
        <state>IL</state>
        <bioguideId>G000535</bioguideId>
        <lastName>GUTIERREZ</lastName>
        <middleName>V.</middleName>
      </item>
      <item>
        <identifiers>
          <bioguideId>V000081</bioguideId>
          <gpoId>8073</gpoId>
          <lisID>1184</lisID>
        </identifiers>
        <isOriginalCosponsor>False</isOriginalCosponsor>
        <firstName>NYDIA</firstName>
        <sponsorshipWithdrawnDate />
        <sponsorshipDate>2016-09-07</sponsorshipDate>
        <party>D</party>
        <district>7</district>
        <fullName>Rep. Velazquez, Nydia M. [D-NY-7]</fullName>
        <state>NY</state>
        <bioguideId>V000081</bioguideId>
        <lastName>VELAZQUEZ</lastName>
        <middleName>M.</middleName>
      </item>
    </cosponsors>
    <billType>HR</billType>
    <cboCostEstimates />
    <recordedVotes />
    <relatedBills>
      <item>
        <congress>114</congress>
        <type>S</type>
        <relationshipDetails>
          <item>
            <identifiedBy>CRS</identifiedBy>
            <type>Related bill</type>
          </item>
        </relationshipDetails>
        <number>659</number>
        <latestAction>
          <actionDate>2016-02-24</actionDate>
          <text>Placed on Senate Legislative Calendar under General Orders. Calendar No. 371.</text>
        </latestAction>
        <latestTitle>Bipartisan Sportsmen's Act of 2016</latestTitle>
      </item>
    </relatedBills>
    <actions>
      <actionTypeCounts>
        <introducedInHouse>1</introducedInHouse>
        <placeholderTextForH>1</placeholderTextForH>
        <billReferrals>1</billReferrals>
        <introducedInTheHouse>1</introducedInTheHouse>
      </actionTypeCounts>
      <actionByCounts>
        <houseOfRepresentatives>4</houseOfRepresentatives>
      </actionByCounts>
      <item>
        <actionDate>2015-03-02</actionDate>
        <committee>
          <systemCode>hsii10</systemCode>
          <name>Federal Lands Subcommittee</name>
        </committee>
        <links />
        <sourceSystem>
          <name>House committee actions</name>
          <code>1</code>
        </sourceSystem>
        <text>Referred to the Subcommittee on Federal Lands.</text>
        <type>Committee</type>
      </item>
      <item>
        <actionCode>H11100</actionCode>
        <actionDate>2015-01-13</actionDate>
        <text>Referred to the House Committee on Natural Resources.</text>
        <committee>
          <systemCode>hsii00</systemCode>
          <name>Natural Resources Committee</name>
        </committee>
        <type>IntroReferral</type>
        <links />
        <sourceSystem>
          <name>House floor actions</name>
          <code>2</code>
        </sourceSystem>
      </item>
      <item>
        <actionCode>Intro-H</actionCode>
        <actionDate>2015-01-13</actionDate>
        <text>Introduced in House</text>
        <committee />
        <type>IntroReferral</type>
        <links />
        <sourceSystem>
          <name>Library of Congress</name>
          <code>9</code>
        </sourceSystem>
      </item>
      <item>
        <actionCode>1000</actionCode>
        <actionDate>2015-01-13</actionDate>
        <text>Introduced in House</text>
        <committee />
        <type>IntroReferral</type>
        <links />
        <sourceSystem>
          <name>Library of Congress</name>
          <code>9</code>
        </sourceSystem>
      </item>
    </actions>
    <notes />
    <latestAction>
      <actionDate>2015-03-02</actionDate>
      <links />
      <text>Referred to the Subcommittee on Federal Lands.</text>
    </latestAction>
    <introducedDate>2015-01-13</introducedDate>
    <sponsors>
      <item>
        <fullName>Rep. Young, Don [R-AK-At Large]</fullName>
        <firstName>DON</firstName>
        <byRequestType />
        <identifiers>
          <bioguideId>Y000033</bioguideId>
          <gpoId>7785</gpoId>
          <lisID>1256</lisID>
        </identifiers>
        <middleName>E.</middleName>
        <bioguideId>Y000033</bioguideId>
        <district>0</district>
        <party>R</party>
        <state>AK</state>
        <lastName>YOUNG</lastName>
      </item>
    </sponsors>
    <constitutionalAuthorityStatementText><![CDATA[<pre>From the Congressional Record Online through the Government Publishing Office [<a href='http://www.gpo.gov'>www.gpo.gov</a>]By Mr. YOUNG of Alaska:H.R. 335.Congress has the power to enact this legislation pursuantto the following:Article 1, Section 8, Clause 3[Page H360]</pre>]]></constitutionalAuthorityStatementText>
    <calendarNumbers />
    <committeeReports />
    <amendments />
    <createDate>2015-01-14T04:46:24Z</createDate>
    <originChamber>House</originChamber>
    <titles>
      <item>
        <title>Multinational Species Conservation Funds Reauthorization Act of 2015</title>
        <chamberName />
        <chamberCode />
        <titleType>Short Titles as Introduced</titleType>
        <parentTitleType />
      </item>
      <item>
        <title>To reauthorize the African Elephant Conservation Act, the Rhinoceros and Tiger Conservation Act of 1994, the Asian Elephant Conservation Act of 1997, the Great Ape Conservation Act of 2000, and the Marine Turtle Conservation Act of 2004, and for other purposes.</title>
        <chamberName />
        <chamberCode />
        <titleType>Official Title as Introduced</titleType>
        <parentTitleType />
      </item>
      <item>
        <title>Multinational Species Conservation Funds Reauthorization Act of 2015</title>
        <chamberName />
        <chamberCode />
        <titleType>Display Title</titleType>
        <parentTitleType />
      </item>
    </titles>
  </bill>
  <dublinCore xmlns:dc="http://purl.org/dc/elements/1.1/">
    <dc:format>text/xml</dc:format>
    <dc:language>EN</dc:language>
    <dc:rights>Pursuant to Title 17 Section 105 of the United States Code, this file is not subject to copyright protection and is in the public domain.</dc:rights>
    <dc:contributor>Congressional Research Service, Library of Congress</dc:contributor>
    <dc:description>This file contains bill summaries and statuses for federal legislation. A bill summary describes the most significant provisions of a piece of legislation and details the effects the legislative text may have on current law and federal programs. Bill summaries are authored by the Congressional Research Service (CRS) of the Library of Congress. As stated in Public Law 91-510 (2 USC 166 (d)(6)), one of the duties of CRS is "to prepare summaries and digests of bills and resolutions of a public general nature introduced in the Senate or House of Representatives". For more information, refer to the User Guide that accompanies this file.</dc:description>
  </dublinCore>
</billStatus>

