<?xml version="1.0" encoding="UTF-8"?>
<billStatus>
  <bill>
    <title>Open Internet Act of 2015</title>
    <updateDate>2016-11-02T21:33:40Z</updateDate>
    <relatedBills />
    <introducedDate>2015-03-17</introducedDate>
    <originChamber>House</originChamber>
    <cboCostEstimates />
    <policyArea>
      <name>Science, Technology, Communications</name>
    </policyArea>
    <congress>114</congress>
    <billNumber>1409</billNumber>
    <billType>HR</billType>
    <amendments />
    <recordedVotes />
    <committees>
      <billCommittees>
        <item>
          <activities>
            <item>
              <name>Referred to</name>
              <date>2015-03-17T14:02:40Z</date>
            </item>
          </activities>
          <name>Energy and Commerce Committee</name>
          <subcommittees />
          <chamber>House</chamber>
          <type>Standing</type>
          <systemCode>hsif00</systemCode>
        </item>
      </billCommittees>
    </committees>
    <laws />
    <subjects>
      <billSubjects>
        <policyArea>
          <name>Science, Technology, Communications</name>
        </policyArea>
        <legislativeSubjects>
          <item>
            <name>Administrative law and regulatory procedures</name>
          </item>
          <item>
            <name>Federal Communications Commission (FCC)</name>
          </item>
          <item>
            <name>Internet and video services</name>
          </item>
        </legislativeSubjects>
      </billSubjects>
    </subjects>
    <notes />
    <committeeReports />
    <actions>
      <actionTypeCounts>
        <introducedInHouse>1</introducedInHouse>
        <billReferrals>1</billReferrals>
        <introducedInTheHouse>1</introducedInTheHouse>
      </actionTypeCounts>
      <actionByCounts>
        <houseOfRepresentatives>3</houseOfRepresentatives>
      </actionByCounts>
      <item>
        <actionCode>H11100</actionCode>
        <actionDate>2015-03-17</actionDate>
        <text>Referred to the House Committee on Energy and Commerce.</text>
        <committee>
          <systemCode>hsif00</systemCode>
          <name>Energy and Commerce Committee</name>
        </committee>
        <type>IntroReferral</type>
        <links />
        <sourceSystem>
          <name>House floor actions</name>
          <code>2</code>
        </sourceSystem>
      </item>
      <item>
        <actionCode>Intro-H</actionCode>
        <actionDate>2015-03-17</actionDate>
        <text>Introduced in House</text>
        <committee />
        <type>IntroReferral</type>
        <links />
        <sourceSystem>
          <name>Library of Congress</name>
          <code>9</code>
        </sourceSystem>
      </item>
      <item>
        <actionCode>1000</actionCode>
        <actionDate>2015-03-17</actionDate>
        <text>Introduced in House</text>
        <committee />
        <type>IntroReferral</type>
        <links />
        <sourceSystem>
          <name>Library of Congress</name>
          <code>9</code>
        </sourceSystem>
      </item>
    </actions>
    <calendarNumbers />
    <latestAction>
      <links />
      <actionDate>2015-03-17</actionDate>
      <text>Referred to the House Committee on Energy and Commerce.</text>
    </latestAction>
    <titles>
      <item>
        <chamberCode />
        <title>Open Internet Act of 2015</title>
        <chamberName />
        <titleType>Short Titles as Introduced</titleType>
        <parentTitleType />
      </item>
      <item>
        <chamberCode />
        <title>To amend the Telecommunications Act of 1996 to restore the authority of the Federal Communications Commission to adopt certain rules relating to preserving the open Internet and to direct the Commission to take all actions necessary to restore to effect vacated portions of such rules.</title>
        <chamberName />
        <titleType>Official Title as Introduced</titleType>
        <parentTitleType />
      </item>
      <item>
        <chamberCode />
        <title>Open Internet Act of 2015</title>
        <chamberName />
        <titleType>Display Title</titleType>
        <parentTitleType />
      </item>
    </titles>
    <summaries>
      <billSummaries>
        <item>
          <versionCode>00</versionCode>
          <actionDate>2015-03-17</actionDate>
          <text><![CDATA[<p><strong>Open Internet Act of 2015</strong></p> <p>Amends the Telecommunications Act of 1996 to authorize the Federal Communications Commission (FCC) to adopt the rules adopted on December 21, 2010, in the Report and Order in the matter of preserving the open Internet and broadband industry practices. Requires the FCC to restore portions of such rules that were vacated by the U.S. Court of Appeals for the D.C. Circuit in <i>Verizon v. Federal Communications Commission</i> (decided on January 14, 2014).</p>]]></text>
          <lastSummaryUpdateDate>2015-03-25T19:47:27Z</lastSummaryUpdateDate>
          <actionDesc>Introduced in House</actionDesc>
          <name>Introduced in House</name>
          <updateDate>2015-03-17T04:00:00Z</updateDate>
        </item>
      </billSummaries>
    </summaries>
    <constitutionalAuthorityStatementText><![CDATA[<pre>From the Congressional Record Online through the Government Publishing Office [<a href='http://www.gpo.gov'>www.gpo.gov</a>]By Mr. PETERS:H.R. 1409.Congress has the power to enact this legislation pursuantto the following:Article 1, Section 8[Page H1722]</pre>]]></constitutionalAuthorityStatementText>
    <createDate>2015-03-18T04:46:16Z</createDate>
    <sponsors>
      <item>
        <state>CA</state>
        <fullName>Rep. Peters, Scott H. [D-CA-52]</fullName>
        <middleName>H.</middleName>
        <identifiers>
          <bioguideId>P000608</bioguideId>
          <lisID>2113</lisID>
          <gpoId />
        </identifiers>
        <firstName>Scott</firstName>
        <lastName>Peters</lastName>
        <bioguideId>P000608</bioguideId>
        <district>52</district>
        <byRequestType />
        <party>D</party>
      </item>
    </sponsors>
    <cosponsors />
  </bill>
  <dublinCore xmlns:dc="http://purl.org/dc/elements/1.1/">
    <dc:format>text/xml</dc:format>
    <dc:language>EN</dc:language>
    <dc:rights>Pursuant to Title 17 Section 105 of the United States Code, this file is not subject to copyright protection and is in the public domain.</dc:rights>
    <dc:contributor>Congressional Research Service, Library of Congress</dc:contributor>
    <dc:description>This file contains bill summaries and statuses for federal legislation. A bill summary describes the most significant provisions of a piece of legislation and details the effects the legislative text may have on current law and federal programs. Bill summaries are authored by the Congressional Research Service (CRS) of the Library of Congress. As stated in Public Law 91-510 (2 USC 166 (d)(6)), one of the duties of CRS is "to prepare summaries and digests of bills and resolutions of a public general nature introduced in the Senate or House of Representatives". For more information, refer to the User Guide that accompanies this file.</dc:description>
  </dublinCore>
</billStatus>

