<?xml version="1.0" encoding="UTF-8"?>
<billStatus>
  <bill>
    <title>Accountability in Foreign Aid Act of 2015</title>
    <updateDate>2016-11-02T21:17:10Z</updateDate>
    <relatedBills />
    <introducedDate>2015-01-14</introducedDate>
    <originChamber>House</originChamber>
    <cboCostEstimates />
    <policyArea>
      <name>Immigration</name>
    </policyArea>
    <congress>114</congress>
    <billNumber>369</billNumber>
    <billType>HR</billType>
    <amendments />
    <recordedVotes />
    <committees>
      <billCommittees>
        <item>
          <subcommittees />
          <chamber>House</chamber>
          <systemCode>hsfa00</systemCode>
          <activities>
            <item>
              <date>2015-01-14T14:04:30Z</date>
              <name>Referred to</name>
            </item>
          </activities>
          <type>Standing</type>
          <name>Foreign Affairs Committee</name>
        </item>
        <item>
          <subcommittees />
          <chamber>House</chamber>
          <systemCode>hsgo00</systemCode>
          <activities>
            <item>
              <date>2015-01-14T14:04:25Z</date>
              <name>Referred to</name>
            </item>
          </activities>
          <type>Standing</type>
          <name>Oversight and Government Reform Committee</name>
        </item>
      </billCommittees>
    </committees>
    <laws />
    <subjects>
      <billSubjects>
        <legislativeSubjects>
          <item>
            <name>Border security and unlawful immigration</name>
          </item>
          <item>
            <name>Detention of persons</name>
          </item>
          <item>
            <name>Education programs funding</name>
          </item>
          <item>
            <name>Elementary and secondary education</name>
          </item>
          <item>
            <name>Foreign aid and international relief</name>
          </item>
          <item>
            <name>Immigrant health and welfare</name>
          </item>
          <item>
            <name>Intergovernmental relations</name>
          </item>
          <item>
            <name>Law enforcement administration and funding</name>
          </item>
          <item>
            <name>Right of privacy</name>
          </item>
          <item>
            <name>State and local finance</name>
          </item>
        </legislativeSubjects>
        <policyArea>
          <name>Immigration</name>
        </policyArea>
      </billSubjects>
    </subjects>
    <notes />
    <committeeReports />
    <actions>
      <actionTypeCounts>
        <introducedInHouse>1</introducedInHouse>
        <billReferralsAggregate>1</billReferralsAggregate>
        <billReferrals>2</billReferrals>
        <introducedInTheHouse>1</introducedInTheHouse>
      </actionTypeCounts>
      <actionByCounts>
        <houseOfRepresentatives>5</houseOfRepresentatives>
      </actionByCounts>
      <item>
        <actionCode>H11100</actionCode>
        <actionDate>2015-01-14</actionDate>
        <text>Referred to House Foreign Affairs</text>
        <committee>
          <systemCode>hsfa00</systemCode>
          <name>Foreign Affairs Committee</name>
        </committee>
        <type>IntroReferral</type>
        <links />
        <sourceSystem>
          <name>House floor actions</name>
          <code>2</code>
        </sourceSystem>
      </item>
      <item>
        <actionCode>H11100-A</actionCode>
        <actionDate>2015-01-14</actionDate>
        <text>Referred to the Committee on Oversight and Government Reform, and in addition to the Committee on Foreign Affairs, for a period to be subsequently determined by the Speaker, in each case for consideration of such provisions as fall within the jurisdiction of the committee concerned.</text>
        <committee />
        <type>IntroReferral</type>
        <links />
        <sourceSystem>
          <name>Library of Congress</name>
          <code>9</code>
        </sourceSystem>
      </item>
      <item>
        <actionCode>H11100</actionCode>
        <actionDate>2015-01-14</actionDate>
        <text>Referred to House Oversight and Government Reform</text>
        <committee>
          <systemCode>hsgo00</systemCode>
          <name>Oversight and Government Reform Committee</name>
        </committee>
        <type>IntroReferral</type>
        <links />
        <sourceSystem>
          <name>House floor actions</name>
          <code>2</code>
        </sourceSystem>
      </item>
      <item>
        <actionCode>Intro-H</actionCode>
        <actionDate>2015-01-14</actionDate>
        <text>Introduced in House</text>
        <committee />
        <type>IntroReferral</type>
        <links />
        <sourceSystem>
          <name>Library of Congress</name>
          <code>9</code>
        </sourceSystem>
      </item>
      <item>
        <actionCode>1000</actionCode>
        <actionDate>2015-01-14</actionDate>
        <text>Introduced in House</text>
        <committee />
        <type>IntroReferral</type>
        <links />
        <sourceSystem>
          <name>Library of Congress</name>
          <code>9</code>
        </sourceSystem>
      </item>
    </actions>
    <calendarNumbers />
    <latestAction>
      <links />
      <actionDate>2015-01-14</actionDate>
      <text>Referred to House Foreign Affairs</text>
    </latestAction>
    <titles>
      <item>
        <title>Accountability in Foreign Aid Act of 2015</title>
        <chamberName />
        <chamberCode />
        <titleType>Short Titles as Introduced</titleType>
        <parentTitleType />
      </item>
      <item>
        <title>To direct the Secretary of the Treasury to establish a program to reimburse States and political subdivisions of States for expenses related to the presence of aliens having no lawful immigration status, and for other purposes.</title>
        <chamberName />
        <chamberCode />
        <titleType>Official Title as Introduced</titleType>
        <parentTitleType />
      </item>
      <item>
        <title>Accountability in Foreign Aid Act of 2015</title>
        <chamberName />
        <chamberCode />
        <titleType>Display Title</titleType>
        <parentTitleType />
      </item>
    </titles>
    <summaries>
      <billSummaries>
        <item>
          <actionDate>2015-01-14</actionDate>
          <actionDesc>Introduced in House</actionDesc>
          <lastSummaryUpdateDate>2015-01-28T16:30:54Z</lastSummaryUpdateDate>
          <versionCode>00</versionCode>
          <updateDate>2015-01-14T05:00:00Z</updateDate>
          <name>Introduced in House</name>
          <text><![CDATA[<p><strong>Accountability in Foreign Aid Act of 2015</strong></p> <p> Directs the Secretary of the Treasury to establish a program to reimburse states and their political subdivisions for qualifying education, incarceration, and public benefit expenses related to the presence of aliens having no lawful U.S. immigration status within their geographical area.</p> <p>Makes specified foreign assistance amounts available for such reimbursements.</p>]]></text>
        </item>
      </billSummaries>
    </summaries>
    <constitutionalAuthorityStatementText><![CDATA[<pre>From the Congressional Record Online through the Government Publishing Office [<a href='http://www.gpo.gov'>www.gpo.gov</a>]By Mrs. ELLMERS:H.R. 369.Congress has the power to enact this legislation pursuantto the following:The Power to tax and pay debts--Article 1, Section 8,Clause 1: ``The Congress shall have Power To lay and collectTaxes, Duties, Imposts and Excises, to pay the Debts andprovide for the common Defence and general Welfare of theUnited States; but all Duties, Imposts and Excises shall beuniform throughout the United States;''The Commerce Clause--Article 1, Section 8, Clause 3: ``Toregulate Commerce with foreign nations, and among the severalstates, and with the Indian tribes;''[Page H407]</pre>]]></constitutionalAuthorityStatementText>
    <createDate>2015-01-15T04:47:46Z</createDate>
    <sponsors>
      <item>
        <state>NC</state>
        <fullName>Rep. Ellmers, Renee L. [R-NC-2]</fullName>
        <middleName>L.</middleName>
        <identifiers>
          <bioguideId>E000291</bioguideId>
          <gpoId>8025</gpoId>
          <lisID>2036</lisID>
        </identifiers>
        <firstName>Renee</firstName>
        <lastName>Ellmers</lastName>
        <bioguideId>E000291</bioguideId>
        <district>2</district>
        <byRequestType />
        <party>R</party>
      </item>
    </sponsors>
    <cosponsors>
      <item>
        <fullName>Rep. Farenthold, Blake [R-TX-27]</fullName>
        <lastName>Farenthold</lastName>
        <state>TX</state>
        <identifiers>
          <lisID>2067</lisID>
          <bioguideId>F000460</bioguideId>
          <gpoId>8183</gpoId>
        </identifiers>
        <bioguideId>F000460</bioguideId>
        <sponsorshipDate>2015-03-17</sponsorshipDate>
        <middleName />
        <isOriginalCosponsor>False</isOriginalCosponsor>
        <party>R</party>
        <firstName>Blake</firstName>
        <district>27</district>
        <sponsorshipWithdrawnDate />
      </item>
      <item>
        <fullName>Rep. Blum, Rod [R-IA-1]</fullName>
        <lastName>Blum</lastName>
        <state>IA</state>
        <identifiers>
          <bioguideId>B001294</bioguideId>
          <gpoId />
          <lisID>2241</lisID>
        </identifiers>
        <bioguideId>B001294</bioguideId>
        <sponsorshipDate>2015-03-17</sponsorshipDate>
        <middleName />
        <isOriginalCosponsor>False</isOriginalCosponsor>
        <party>R</party>
        <firstName>Rod</firstName>
        <district>1</district>
        <sponsorshipWithdrawnDate />
      </item>
    </cosponsors>
  </bill>
  <dublinCore xmlns:dc="http://purl.org/dc/elements/1.1/">
    <dc:format>text/xml</dc:format>
    <dc:language>EN</dc:language>
    <dc:rights>Pursuant to Title 17 Section 105 of the United States Code, this file is not subject to copyright protection and is in the public domain.</dc:rights>
    <dc:contributor>Congressional Research Service, Library of Congress</dc:contributor>
    <dc:description>This file contains bill summaries and statuses for federal legislation. A bill summary describes the most significant provisions of a piece of legislation and details the effects the legislative text may have on current law and federal programs. Bill summaries are authored by the Congressional Research Service (CRS) of the Library of Congress. As stated in Public Law 91-510 (2 USC 166 (d)(6)), one of the duties of CRS is "to prepare summaries and digests of bills and resolutions of a public general nature introduced in the Senate or House of Representatives". For more information, refer to the User Guide that accompanies this file.</dc:description>
  </dublinCore>
</billStatus>

