<?xml version="1.0" encoding="UTF-8"?>
<billStatus>
  <bill>
    <policyArea>
      <name>Science, Technology, Communications</name>
    </policyArea>
    <constitutionalAuthorityStatementText><![CDATA[<pre>From the Congressional Record Online through the Government Publishing Office [<a href='http://www.gpo.gov'>www.gpo.gov</a>]By Mr. LATTA:H.R. 821.Congress has the power to enact this legislation pursuantto the following:Article I, Section 8, Clause 3: Congress shall have thePower . . . ``to regulate Commerce with foreign Nations, andamong the several States, and with the Indian tribes.''[Page H917]</pre>]]></constitutionalAuthorityStatementText>
    <sponsors>
      <item>
        <identifiers>
          <bioguideId>L000566</bioguideId>
          <gpoId>8095</gpoId>
          <lisID>1885</lisID>
        </identifiers>
        <district>5</district>
        <byRequestType />
        <fullName>Rep. Latta, Robert E. [R-OH-5]</fullName>
        <firstName>Robert</firstName>
        <state>OH</state>
        <bioguideId>L000566</bioguideId>
        <middleName>E.</middleName>
        <party>R</party>
        <lastName>Latta</lastName>
      </item>
    </sponsors>
    <committeeReports />
    <titles>
      <item>
        <title>Wi-Fi Innovation Act</title>
        <chamberName />
        <chamberCode />
        <titleType>Short Titles as Introduced</titleType>
        <parentTitleType />
      </item>
      <item>
        <title>To promote unlicensed spectrum use in the 5 GHz band, to maximize the use of the band for shared purposes in order to bolster innovation and economic development, and for other purposes.</title>
        <chamberName />
        <chamberCode />
        <titleType>Official Title as Introduced</titleType>
        <parentTitleType />
      </item>
      <item>
        <title>Wi-Fi Innovation Act</title>
        <chamberName />
        <chamberCode />
        <titleType>Display Title</titleType>
        <parentTitleType />
      </item>
    </titles>
    <laws />
    <createDate>2015-02-11T04:46:13Z</createDate>
    <recordedVotes />
    <billNumber>821</billNumber>
    <originChamber>House</originChamber>
    <committees>
      <billCommittees>
        <item>
          <subcommittees>
            <item>
              <name>Communications and Technology Subcommittee</name>
              <activities>
                <item>
                  <name>Referred to</name>
                  <date>2015-02-13T21:53:36Z</date>
                </item>
              </activities>
              <systemCode>hsif16</systemCode>
            </item>
            <item>
              <name>Health Subcommittee</name>
              <activities>
                <item>
                  <name>Referred to</name>
                  <date>2015-02-13T19:03:19Z</date>
                </item>
              </activities>
              <systemCode>hsif14</systemCode>
            </item>
          </subcommittees>
          <chamber>House</chamber>
          <type>Standing</type>
          <name>Energy and Commerce Committee</name>
          <systemCode>hsif00</systemCode>
          <activities>
            <item>
              <name>Referred to</name>
              <date>2015-02-10T17:01:45Z</date>
            </item>
          </activities>
        </item>
      </billCommittees>
    </committees>
    <relatedBills>
      <item>
        <latestTitle>Wi-Fi Innovation Act</latestTitle>
        <latestAction>
          <text>Read twice and referred to the Committee on Commerce, Science, and Transportation.</text>
          <actionDate>2015-02-10</actionDate>
        </latestAction>
        <number>424</number>
        <relationshipDetails>
          <item>
            <identifiedBy>CRS</identifiedBy>
            <type>Related bill</type>
          </item>
        </relationshipDetails>
        <type>S</type>
        <congress>114</congress>
      </item>
    </relatedBills>
    <updateDate>2016-11-02T21:25:24Z</updateDate>
    <summaries>
      <billSummaries>
        <item>
          <versionCode>00</versionCode>
          <actionDate>2015-02-10</actionDate>
          <text><![CDATA[<p><b>Wi-Fi Innovation Act</b></p> <p>Requires the Federal Communications Commission (FCC) to provide additional unlicensed spectrum in the 5850-5925 megahertz band under technical rules suitable for the widespread commercial development of unlicensed operations. </p> <p>Provides for such technical rules to permit outdoor unlicensed operations without requiring devices to dynamically detect signals from other systems. </p> <p>Directs the FCC's Office of Engineering and Technology to seek public comments on proposals for interference-mitigation techniques and potential rechannelization that would accommodate both incumbent licensees and widespread commercial unlicensed operations in such band. </p> <p>Sets forth a process for the FCC to test mitigation measures and methods of sharing spectrum with unlicensed devices within such band in a manner that would not cause harmful interference to incumbent licensees.</p> <p>Directs the FCC, if it determines that existing licensees would not be harmed by interference, to modify regulations to adopt technical rules for widespread commercial deployment of unlicensed operations for such band. Prohibits modification of such regulations if the FCC determines that mitigation, rechannelization, or sharing would not prevent harmful interference. Requires the FCC to notify Congress, the Department of Transportation, and the National Telecommunications and Information Administration of a harmful interference determination.</p> <p>Requires the FCC to modify regulations relating to Intelligent Transportation Systems radio service and dedicated short-range communications service on-board units if such modification would maximize utility of such band while protecting existing licensees. </p> <p>Directs the FCC to make recommendations to Congress regarding the availability of broadband Internet access using unlicensed spectrum and wireless networks in low income neighborhoods. </p>]]></text>
          <name>Introduced in House</name>
          <lastSummaryUpdateDate>2015-02-23T16:43:42Z</lastSummaryUpdateDate>
          <updateDate>2015-02-10T05:00:00Z</updateDate>
          <actionDesc>Introduced in House</actionDesc>
        </item>
      </billSummaries>
    </summaries>
    <congress>114</congress>
    <title>Wi-Fi Innovation Act</title>
    <calendarNumbers />
    <actions>
      <actionTypeCounts>
        <introducedInTheHouse>1</introducedInTheHouse>
        <billReferrals>1</billReferrals>
        <placeholderTextForH>2</placeholderTextForH>
        <introducedInHouse>1</introducedInHouse>
      </actionTypeCounts>
      <actionByCounts>
        <houseOfRepresentatives>5</houseOfRepresentatives>
      </actionByCounts>
      <item>
        <actionDate>2015-02-13</actionDate>
        <committee>
          <name>Communications and Technology Subcommittee</name>
          <systemCode>hsif16</systemCode>
        </committee>
        <links />
        <sourceSystem>
          <name>House committee actions</name>
          <code>1</code>
        </sourceSystem>
        <text>Referred to the Subcommittee on Communications and Technology.</text>
        <type>Committee</type>
      </item>
      <item>
        <actionDate>2015-02-13</actionDate>
        <committee>
          <name>Health Subcommittee</name>
          <systemCode>hsif14</systemCode>
        </committee>
        <links />
        <sourceSystem>
          <name>House committee actions</name>
          <code>1</code>
        </sourceSystem>
        <text>Referred to the Subcommittee on Health.</text>
        <type>Committee</type>
      </item>
      <item>
        <text>Referred to the House Committee on Energy and Commerce.</text>
        <sourceSystem>
          <name>House floor actions</name>
          <code>2</code>
        </sourceSystem>
        <committee>
          <name>Energy and Commerce Committee</name>
          <systemCode>hsif00</systemCode>
        </committee>
        <type>IntroReferral</type>
        <links />
        <actionCode>H11100</actionCode>
        <actionDate>2015-02-10</actionDate>
      </item>
      <item>
        <text>Introduced in House</text>
        <sourceSystem>
          <name>Library of Congress</name>
          <code>9</code>
        </sourceSystem>
        <committee />
        <type>IntroReferral</type>
        <links />
        <actionCode>Intro-H</actionCode>
        <actionDate>2015-02-10</actionDate>
      </item>
      <item>
        <text>Introduced in House</text>
        <sourceSystem>
          <name>Library of Congress</name>
          <code>9</code>
        </sourceSystem>
        <committee />
        <type>IntroReferral</type>
        <links />
        <actionCode>1000</actionCode>
        <actionDate>2015-02-10</actionDate>
      </item>
    </actions>
    <amendments />
    <cboCostEstimates />
    <introducedDate>2015-02-10</introducedDate>
    <latestAction>
      <text>Referred to the Subcommittee on Communications and Technology.</text>
      <actionDate>2015-02-13</actionDate>
      <links />
    </latestAction>
    <subjects>
      <billSubjects>
        <policyArea>
          <name>Science, Technology, Communications</name>
        </policyArea>
        <legislativeSubjects>
          <item>
            <name>Administrative law and regulatory procedures</name>
          </item>
          <item>
            <name>Congressional oversight</name>
          </item>
          <item>
            <name>Elementary and secondary education</name>
          </item>
          <item>
            <name>Federal Communications Commission (FCC)</name>
          </item>
          <item>
            <name>Government studies and investigations</name>
          </item>
          <item>
            <name>Internet and video services</name>
          </item>
          <item>
            <name>Licensing and registrations</name>
          </item>
          <item>
            <name>Poverty and welfare assistance</name>
          </item>
          <item>
            <name>Telephone and wireless communication</name>
          </item>
        </legislativeSubjects>
      </billSubjects>
    </subjects>
    <cosponsors>
      <item>
        <fullName>Rep. Issa, Darrell E. [R-CA-49]</fullName>
        <lastName>ISSA</lastName>
        <state>CA</state>
        <identifiers>
          <lisID>1640</lisID>
          <gpoId>7854</gpoId>
          <bioguideId>I000056</bioguideId>
        </identifiers>
        <bioguideId>I000056</bioguideId>
        <sponsorshipDate>2015-02-10</sponsorshipDate>
        <middleName>E.</middleName>
        <isOriginalCosponsor>True</isOriginalCosponsor>
        <party>R</party>
        <firstName>DARRELL</firstName>
        <district>49</district>
        <sponsorshipWithdrawnDate />
      </item>
      <item>
        <fullName>Rep. Eshoo, Anna G. [D-CA-18]</fullName>
        <lastName>ESHOO</lastName>
        <state>CA</state>
        <identifiers>
          <gpoId>7819</gpoId>
          <lisID>355</lisID>
          <bioguideId>E000215</bioguideId>
        </identifiers>
        <bioguideId>E000215</bioguideId>
        <sponsorshipDate>2015-02-10</sponsorshipDate>
        <middleName>G.</middleName>
        <isOriginalCosponsor>True</isOriginalCosponsor>
        <party>D</party>
        <firstName>ANNA</firstName>
        <district>18</district>
        <sponsorshipWithdrawnDate />
      </item>
      <item>
        <fullName>Rep. Matsui, Doris O. [D-CA-6]</fullName>
        <lastName>Matsui</lastName>
        <state>CA</state>
        <identifiers>
          <lisID>1814</lisID>
          <gpoId>7810</gpoId>
          <bioguideId>M001163</bioguideId>
        </identifiers>
        <bioguideId>M001163</bioguideId>
        <sponsorshipDate>2015-02-10</sponsorshipDate>
        <middleName>O.</middleName>
        <isOriginalCosponsor>True</isOriginalCosponsor>
        <party>D</party>
        <firstName>Doris</firstName>
        <district>6</district>
        <sponsorshipWithdrawnDate />
      </item>
      <item>
        <fullName>Rep. DelBene, Suzan K. [D-WA-1]</fullName>
        <lastName>DelBene</lastName>
        <state>WA</state>
        <identifiers>
          <gpoId>8374</gpoId>
          <lisID>2096</lisID>
          <bioguideId>D000617</bioguideId>
        </identifiers>
        <bioguideId>D000617</bioguideId>
        <sponsorshipDate>2015-02-10</sponsorshipDate>
        <middleName>K.</middleName>
        <isOriginalCosponsor>True</isOriginalCosponsor>
        <party>D</party>
        <firstName>Suzan</firstName>
        <district>1</district>
        <sponsorshipWithdrawnDate />
      </item>
      <item>
        <fullName>Rep. Cleaver, Emanuel [D-MO-5]</fullName>
        <lastName>Cleaver</lastName>
        <state>MO</state>
        <identifiers>
          <bioguideId>C001061</bioguideId>
          <lisID>1790</lisID>
          <gpoId>8013</gpoId>
        </identifiers>
        <bioguideId>C001061</bioguideId>
        <sponsorshipDate>2015-04-21</sponsorshipDate>
        <middleName />
        <isOriginalCosponsor>False</isOriginalCosponsor>
        <party>D</party>
        <firstName>Emanuel</firstName>
        <district>5</district>
        <sponsorshipWithdrawnDate />
      </item>
      <item>
        <fullName>Rep. Kline, John [R-MN-2]</fullName>
        <lastName>Kline</lastName>
        <state>MN</state>
        <identifiers>
          <bioguideId>K000363</bioguideId>
          <lisID>1733</lisID>
          <gpoId>8002</gpoId>
        </identifiers>
        <bioguideId>K000363</bioguideId>
        <sponsorshipDate>2015-07-13</sponsorshipDate>
        <middleName />
        <isOriginalCosponsor>False</isOriginalCosponsor>
        <party>R</party>
        <firstName>John</firstName>
        <district>2</district>
        <sponsorshipWithdrawnDate />
      </item>
    </cosponsors>
    <notes />
    <billType>HR</billType>
  </bill>
  <dublinCore xmlns:dc="http://purl.org/dc/elements/1.1/">
    <dc:format>text/xml</dc:format>
    <dc:language>EN</dc:language>
    <dc:rights>Pursuant to Title 17 Section 105 of the United States Code, this file is not subject to copyright protection and is in the public domain.</dc:rights>
    <dc:contributor>Congressional Research Service, Library of Congress</dc:contributor>
    <dc:description>This file contains bill summaries and statuses for federal legislation. A bill summary describes the most significant provisions of a piece of legislation and details the effects the legislative text may have on current law and federal programs. Bill summaries are authored by the Congressional Research Service (CRS) of the Library of Congress. As stated in Public Law 91-510 (2 USC 166 (d)(6)), one of the duties of CRS is "to prepare summaries and digests of bills and resolutions of a public general nature introduced in the Senate or House of Representatives". For more information, refer to the User Guide that accompanies this file.</dc:description>
  </dublinCore>
</billStatus>

