<?xml version="1.0" encoding="UTF-8"?>
<billStatus>
  <bill>
    <latestAction>
      <text>Referred to the Subcommittee on Early Childhood, Elementary, and Secondary Education.</text>
      <links />
      <actionDate>2015-04-29</actionDate>
    </latestAction>
    <policyArea>
      <name>Education</name>
    </policyArea>
    <amendments />
    <relatedBills />
    <billNumber>1079</billNumber>
    <updateDate>2016-11-02T21:26:56Z</updateDate>
    <cboCostEstimates />
    <sponsors>
      <item>
        <fullName>Rep. Langevin, James R. [D-RI-2]</fullName>
        <firstName>JAMES</firstName>
        <district>2</district>
        <lastName>LANGEVIN</lastName>
        <byRequestType />
        <identifiers>
          <lisID>1668</lisID>
          <gpoId>8140</gpoId>
          <bioguideId>L000559</bioguideId>
        </identifiers>
        <middleName>R.</middleName>
        <party>D</party>
        <state>RI</state>
        <bioguideId>L000559</bioguideId>
      </item>
    </sponsors>
    <notes />
    <originChamber>House</originChamber>
    <subjects>
      <billSubjects>
        <policyArea>
          <name>Education</name>
        </policyArea>
        <legislativeSubjects>
          <item>
            <name>Education programs funding</name>
          </item>
          <item>
            <name>Educational guidance</name>
          </item>
          <item>
            <name>Elementary and secondary education</name>
          </item>
          <item>
            <name>Employment and training programs</name>
          </item>
          <item>
            <name>Higher education</name>
          </item>
          <item>
            <name>Teaching, teachers, curricula</name>
          </item>
          <item>
            <name>Vocational and technical education</name>
          </item>
        </legislativeSubjects>
      </billSubjects>
    </subjects>
    <cosponsors>
      <item>
        <firstName>Glenn</firstName>
        <sponsorshipWithdrawnDate />
        <identifiers>
          <lisID>1952</lisID>
          <bioguideId>T000467</bioguideId>
          <gpoId>8123</gpoId>
        </identifiers>
        <party>R</party>
        <isOriginalCosponsor>True</isOriginalCosponsor>
        <fullName>Rep. Thompson, Glenn [R-PA-5]</fullName>
        <middleName />
        <sponsorshipDate>2015-02-25</sponsorshipDate>
        <bioguideId>T000467</bioguideId>
        <district>5</district>
        <state>PA</state>
        <lastName>Thompson</lastName>
      </item>
      <item>
        <firstName>CORRINE</firstName>
        <sponsorshipWithdrawnDate />
        <identifiers>
          <gpoId>7875</gpoId>
          <lisID>132</lisID>
          <bioguideId>B000911</bioguideId>
        </identifiers>
        <party>D</party>
        <isOriginalCosponsor>True</isOriginalCosponsor>
        <fullName>Rep. Brown, Corrine [D-FL-5]</fullName>
        <middleName />
        <sponsorshipDate>2015-02-25</sponsorshipDate>
        <bioguideId>B000911</bioguideId>
        <district>5</district>
        <state>FL</state>
        <lastName>BROWN</lastName>
      </item>
      <item>
        <firstName>Mark</firstName>
        <sponsorshipWithdrawnDate />
        <identifiers>
          <lisID>2110</lisID>
          <bioguideId>T000472</bioguideId>
          <gpoId />
        </identifiers>
        <party>D</party>
        <isOriginalCosponsor>True</isOriginalCosponsor>
        <fullName>Rep. Takano, Mark [D-CA-41]</fullName>
        <middleName />
        <sponsorshipDate>2015-02-25</sponsorshipDate>
        <bioguideId>T000472</bioguideId>
        <district>41</district>
        <state>CA</state>
        <lastName>Takano</lastName>
      </item>
      <item>
        <firstName>TIM</firstName>
        <sponsorshipWithdrawnDate />
        <identifiers>
          <lisID>1756</lisID>
          <bioguideId>R000577</bioguideId>
          <gpoId>8107</gpoId>
        </identifiers>
        <party>D</party>
        <isOriginalCosponsor>True</isOriginalCosponsor>
        <fullName>Rep. Ryan, Tim [D-OH-13]</fullName>
        <middleName />
        <sponsorshipDate>2015-02-25</sponsorshipDate>
        <bioguideId>R000577</bioguideId>
        <district>13</district>
        <state>OH</state>
        <lastName>RYAN</lastName>
      </item>
      <item>
        <firstName>RICK</firstName>
        <sponsorshipWithdrawnDate />
        <identifiers>
          <bioguideId>L000560</bioguideId>
          <lisID>1675</lisID>
          <gpoId>8206</gpoId>
        </identifiers>
        <party>D</party>
        <isOriginalCosponsor>True</isOriginalCosponsor>
        <fullName>Rep. Larsen, Rick [D-WA-2]</fullName>
        <middleName />
        <sponsorshipDate>2015-02-25</sponsorshipDate>
        <bioguideId>L000560</bioguideId>
        <district>2</district>
        <state>WA</state>
        <lastName>LARSEN</lastName>
      </item>
      <item>
        <firstName>Steve</firstName>
        <sponsorshipWithdrawnDate />
        <identifiers>
          <gpoId>8156</gpoId>
          <lisID>1878</lisID>
          <bioguideId>C001068</bioguideId>
        </identifiers>
        <party>D</party>
        <isOriginalCosponsor>True</isOriginalCosponsor>
        <fullName>Rep. Cohen, Steve [D-TN-9]</fullName>
        <middleName />
        <sponsorshipDate>2015-02-25</sponsorshipDate>
        <bioguideId>C001068</bioguideId>
        <district>9</district>
        <state>TN</state>
        <lastName>Cohen</lastName>
      </item>
      <item>
        <firstName>William</firstName>
        <sponsorshipWithdrawnDate />
        <identifiers>
          <lisID>2025</lisID>
          <gpoId>7975</gpoId>
          <bioguideId>K000375</bioguideId>
        </identifiers>
        <party>D</party>
        <isOriginalCosponsor>True</isOriginalCosponsor>
        <fullName>Rep. Keating, William R. [D-MA-9]</fullName>
        <middleName>R.</middleName>
        <sponsorshipDate>2015-02-25</sponsorshipDate>
        <bioguideId>K000375</bioguideId>
        <district>9</district>
        <state>MA</state>
        <lastName>Keating</lastName>
      </item>
      <item>
        <firstName>David</firstName>
        <sponsorshipWithdrawnDate />
        <identifiers>
          <gpoId>8139</gpoId>
          <lisID>2055</lisID>
          <bioguideId>C001084</bioguideId>
        </identifiers>
        <party>D</party>
        <isOriginalCosponsor>True</isOriginalCosponsor>
        <fullName>Rep. Cicilline, David N. [D-RI-1]</fullName>
        <middleName>N.</middleName>
        <sponsorshipDate>2015-02-25</sponsorshipDate>
        <bioguideId>C001084</bioguideId>
        <district>1</district>
        <state>RI</state>
        <lastName>Cicilline</lastName>
      </item>
      <item>
        <firstName>Cheri</firstName>
        <sponsorshipWithdrawnDate />
        <identifiers>
          <lisID>2127</lisID>
          <gpoId />
          <bioguideId>B001286</bioguideId>
        </identifiers>
        <party>D</party>
        <isOriginalCosponsor>True</isOriginalCosponsor>
        <fullName>Rep. Bustos, Cheri [D-IL-17]</fullName>
        <middleName />
        <sponsorshipDate>2015-02-25</sponsorshipDate>
        <bioguideId>B001286</bioguideId>
        <district>17</district>
        <state>IL</state>
        <lastName>Bustos</lastName>
      </item>
      <item>
        <firstName>Donald</firstName>
        <sponsorshipWithdrawnDate />
        <identifiers>
          <gpoId>8373</gpoId>
          <lisID>2097</lisID>
          <bioguideId>P000604</bioguideId>
        </identifiers>
        <party>D</party>
        <isOriginalCosponsor>True</isOriginalCosponsor>
        <fullName>Rep. Payne, Donald M., Jr. [D-NJ-10]</fullName>
        <middleName>M.</middleName>
        <sponsorshipDate>2015-02-25</sponsorshipDate>
        <bioguideId>P000604</bioguideId>
        <district>10</district>
        <state>NJ</state>
        <lastName>Payne</lastName>
      </item>
      <item>
        <firstName>Joseph</firstName>
        <sponsorshipWithdrawnDate />
        <identifiers>
          <lisID>2172</lisID>
          <bioguideId>K000379</bioguideId>
          <gpoId />
        </identifiers>
        <party>D</party>
        <isOriginalCosponsor>True</isOriginalCosponsor>
        <fullName>Rep. Kennedy, Joseph P., III [D-MA-4]</fullName>
        <middleName>P.</middleName>
        <sponsorshipDate>2015-02-25</sponsorshipDate>
        <bioguideId>K000379</bioguideId>
        <district>4</district>
        <state>MA</state>
        <lastName>Kennedy</lastName>
      </item>
    </cosponsors>
    <constitutionalAuthorityStatementText><![CDATA[<pre>From the Congressional Record Online through the Government Publishing Office [<a href='http://www.gpo.gov'>www.gpo.gov</a>]By Mr. LANGEVIN:H.R. 1079.Congress has the power to enact this legislation pursuantto the following:Article I, Section 8, Clause 1.[Page H1165]</pre>]]></constitutionalAuthorityStatementText>
    <calendarNumbers />
    <committeeReports />
    <billType>HR</billType>
    <title>Counseling for Career Choice Act</title>
    <introducedDate>2015-02-25</introducedDate>
    <actions>
      <actionByCounts>
        <houseOfRepresentatives>4</houseOfRepresentatives>
      </actionByCounts>
      <item>
        <actionDate>2015-04-29</actionDate>
        <committee>
          <name>Early Childhood, Elementary, and Secondary Education Subcommittee</name>
          <systemCode>hsed14</systemCode>
        </committee>
        <links />
        <sourceSystem>
          <name>House committee actions</name>
          <code>1</code>
        </sourceSystem>
        <text>Referred to the Subcommittee on Early Childhood, Elementary, and Secondary Education.</text>
        <type>Committee</type>
      </item>
      <item>
        <actionDate>2015-02-25</actionDate>
        <actionCode>H11100</actionCode>
        <sourceSystem>
          <name>House floor actions</name>
          <code>2</code>
        </sourceSystem>
        <links />
        <committee>
          <name>Education and the Workforce Committee</name>
          <systemCode>hsed00</systemCode>
        </committee>
        <text>Referred to the House Committee on Education and the Workforce.</text>
        <type>IntroReferral</type>
      </item>
      <item>
        <actionDate>2015-02-25</actionDate>
        <actionCode>Intro-H</actionCode>
        <sourceSystem>
          <name>Library of Congress</name>
          <code>9</code>
        </sourceSystem>
        <links />
        <committee />
        <text>Introduced in House</text>
        <type>IntroReferral</type>
      </item>
      <item>
        <actionDate>2015-02-25</actionDate>
        <actionCode>1000</actionCode>
        <sourceSystem>
          <name>Library of Congress</name>
          <code>9</code>
        </sourceSystem>
        <links />
        <committee />
        <text>Introduced in House</text>
        <type>IntroReferral</type>
      </item>
      <actionTypeCounts>
        <introducedInHouse>1</introducedInHouse>
        <placeholderTextForH>1</placeholderTextForH>
        <billReferrals>1</billReferrals>
        <introducedInTheHouse>1</introducedInTheHouse>
      </actionTypeCounts>
    </actions>
    <congress>114</congress>
    <summaries>
      <billSummaries>
        <item>
          <versionCode>00</versionCode>
          <actionDate>2015-02-25</actionDate>
          <text><![CDATA[<p><strong>Counseling for Career Choice Act</strong></p> <p>Amends the Elementary and Secondary Education Act of 1965 to direct the Secretary of Education to award competitive establishment grants to states to develop and implement comprehensive school career counseling programs that provide students with effective postsecondary education planning and career guidance services. </p> <p>Requires each program to be aligned with a statewide counseling framework that: (1) encompasses grades 6 through 12 and postsecondary education; and (2) is developed in consultation with, or exists with the support of, at least five stakeholders that include at least one business or industry and at least one local educational agency (LEA) or secondary school.</p> <p>Requires establishment grant funds to be used to:</p> <ul> <li>train and hire school counselors;</li> <li>identify regional workforce trends and postsecondary options available in the state;</li> <li>establish, improve, or coordinate postsecondary opportunities;</li> <li>recommend curricular improvements to better align curricula with workforce trends and available postsecondary opportunities;</li> <li>establish partnerships with American Job Centers; and</li> <li>leverage the resources and emerging technologies being developed by stakeholders to support the counseling framework.</li> </ul> <p>Allows states to carry out program activities directly or through competitive subgrants to LEAs, or consortia consisting of an LEA, and one or more LEAs, educational service agencies, tribal organizations, postsecondary institutions, or nonprofit organizations with expertise in counseling or career and technical education.</p> <p>Directs the Secretary to reserve at least 10%, but no more than 20%, of the amount appropriated for this Act's counseling program to award competitive capacity-building grants to states that do not receive an establishment grant.</p>]]></text>
          <lastSummaryUpdateDate>2015-03-19T14:55:04Z</lastSummaryUpdateDate>
          <actionDesc>Introduced in House</actionDesc>
          <name>Introduced in House</name>
          <updateDate>2015-02-25T05:00:00Z</updateDate>
        </item>
      </billSummaries>
    </summaries>
    <laws />
    <createDate>2015-02-26T06:14:49Z</createDate>
    <titles>
      <item>
        <titleType>Short Titles as Introduced</titleType>
        <parentTitleType />
        <title>Counseling for Career Choice Act</title>
        <chamberName />
        <chamberCode />
      </item>
      <item>
        <titleType>Official Title as Introduced</titleType>
        <parentTitleType />
        <title>To amend the Elementary and Secondary Education Act of 1965 to provide grants to States to establish a comprehensive school counseling program.</title>
        <chamberName />
        <chamberCode />
      </item>
      <item>
        <titleType>Display Title</titleType>
        <parentTitleType />
        <title>Counseling for Career Choice Act</title>
        <chamberName />
        <chamberCode />
      </item>
    </titles>
    <recordedVotes />
    <committees>
      <billCommittees>
        <item>
          <activities>
            <item>
              <name>Referred to</name>
              <date>2015-02-25T15:02:05Z</date>
            </item>
          </activities>
          <name>Education and the Workforce Committee</name>
          <subcommittees>
            <item>
              <activities>
                <item>
                  <name>Referred to</name>
                  <date>2015-04-29T14:02:08Z</date>
                </item>
              </activities>
              <name>Early Childhood, Elementary, and Secondary Education Subcommittee</name>
              <systemCode>hsed14</systemCode>
            </item>
          </subcommittees>
          <chamber>House</chamber>
          <type>Standing</type>
          <systemCode>hsed00</systemCode>
        </item>
      </billCommittees>
    </committees>
  </bill>
  <dublinCore xmlns:dc="http://purl.org/dc/elements/1.1/">
    <dc:format>text/xml</dc:format>
    <dc:language>EN</dc:language>
    <dc:rights>Pursuant to Title 17 Section 105 of the United States Code, this file is not subject to copyright protection and is in the public domain.</dc:rights>
    <dc:contributor>Congressional Research Service, Library of Congress</dc:contributor>
    <dc:description>This file contains bill summaries and statuses for federal legislation. A bill summary describes the most significant provisions of a piece of legislation and details the effects the legislative text may have on current law and federal programs. Bill summaries are authored by the Congressional Research Service (CRS) of the Library of Congress. As stated in Public Law 91-510 (2 USC 166 (d)(6)), one of the duties of CRS is "to prepare summaries and digests of bills and resolutions of a public general nature introduced in the Senate or House of Representatives". For more information, refer to the User Guide that accompanies this file.</dc:description>
  </dublinCore>
</billStatus>

