<?xml version="1.0" encoding="UTF-8"?>
<billStatus>
  <bill>
    <committees>
      <billCommittees>
        <item>
          <activities>
            <item>
              <date>2015-02-27T14:01:45Z</date>
              <name>Referred to</name>
            </item>
          </activities>
          <chamber>House</chamber>
          <subcommittees />
          <systemCode>hsba00</systemCode>
          <type>Standing</type>
          <name>Financial Services Committee</name>
        </item>
      </billCommittees>
    </committees>
    <introducedDate>2015-02-27</introducedDate>
    <congress>114</congress>
    <laws />
    <calendarNumbers />
    <originChamber>House</originChamber>
    <constitutionalAuthorityStatementText><![CDATA[<pre>From the Congressional Record Online through the Government Publishing Office [<a href='http://www.gpo.gov'>www.gpo.gov</a>]By Mr. CAPUANO:H.R. 1165.Congress has the power to enact this legislation pursuantto the following:Article I, section 8, clause 3 (relating to the power toregulate interstate commerce).[Page H1500]</pre>]]></constitutionalAuthorityStatementText>
    <titles>
      <item>
        <chamberCode />
        <chamberName />
        <title>Keep Repos to Maturity on Balance Sheet Act of 2015</title>
        <parentTitleType />
        <titleType>Short Titles as Introduced</titleType>
      </item>
      <item>
        <chamberCode />
        <chamberName />
        <title>To direct the Securities and Exchange Commission to require that repurchase-to-maturity transactions be treated as secured borrowings.</title>
        <parentTitleType />
        <titleType>Official Title as Introduced</titleType>
      </item>
      <item>
        <chamberCode />
        <chamberName />
        <title>Keep Repos to Maturity on Balance Sheet Act of 2015</title>
        <parentTitleType />
        <titleType>Display Title</titleType>
      </item>
    </titles>
    <createDate>2015-02-28T04:46:16Z</createDate>
    <title>Keep Repos to Maturity on Balance Sheet Act of 2015</title>
    <cboCostEstimates />
    <summaries>
      <billSummaries>
        <item>
          <lastSummaryUpdateDate>2015-03-10T21:36:41Z</lastSummaryUpdateDate>
          <actionDate>2015-02-27</actionDate>
          <actionDesc>Introduced in House</actionDesc>
          <updateDate>2015-02-27T05:00:00Z</updateDate>
          <text><![CDATA[<p><b>Keep Repos to Maturity on Balance Sheet Act of 2015</b></p> <p> Directs the Securities and Exchange Commission, in establishing accounting principles or standards for purposes of the securities laws, to require that a repurchase-to-maturity transaction be treated as a secured borrowing in which the transferred asset serves as collateral.</p> <p> Defines &quot;repurchase-to-maturity transaction&quot; as one in which: (1) a financial asset is transferred in exchange for cash, other financial assets, or letters of credit; and (2) the transferor and the transferee agree, concurrently that, at the asset's maturity, the transferee may either return the transferred asset (or a substantially similar asset) to the transferor, or redeem the transferred asset from the issuer of the transferred asset.</p>]]></text>
          <name>Introduced in House</name>
          <versionCode>00</versionCode>
        </item>
      </billSummaries>
    </summaries>
    <recordedVotes />
    <notes />
    <policyArea>
      <name>Finance and Financial Sector</name>
    </policyArea>
    <updateDate>2016-11-02T21:27:30Z</updateDate>
    <cosponsors />
    <billNumber>1165</billNumber>
    <subjects>
      <billSubjects>
        <policyArea>
          <name>Finance and Financial Sector</name>
        </policyArea>
        <legislativeSubjects>
          <item>
            <name>Accounting and auditing</name>
          </item>
          <item>
            <name>Banking and financial institutions regulation</name>
          </item>
          <item>
            <name>Financial services and investments</name>
          </item>
          <item>
            <name>Securities</name>
          </item>
          <item>
            <name>Securities and Exchange Commission (SEC)</name>
          </item>
        </legislativeSubjects>
      </billSubjects>
    </subjects>
    <latestAction>
      <text>Referred to the House Committee on Financial Services.</text>
      <links />
      <actionDate>2015-02-27</actionDate>
    </latestAction>
    <amendments />
    <actions>
      <actionTypeCounts>
        <billReferrals>1</billReferrals>
        <introducedInHouse>1</introducedInHouse>
        <introducedInTheHouse>1</introducedInTheHouse>
      </actionTypeCounts>
      <item>
        <actionDate>2015-02-27</actionDate>
        <text>Referred to the House Committee on Financial Services.</text>
        <type>IntroReferral</type>
        <committee>
          <systemCode>hsba00</systemCode>
          <name>Financial Services Committee</name>
        </committee>
        <links />
        <sourceSystem>
          <code>2</code>
          <name>House floor actions</name>
        </sourceSystem>
        <actionCode>H11100</actionCode>
      </item>
      <item>
        <actionDate>2015-02-27</actionDate>
        <text>Introduced in House</text>
        <type>IntroReferral</type>
        <committee />
        <links />
        <sourceSystem>
          <code>9</code>
          <name>Library of Congress</name>
        </sourceSystem>
        <actionCode>Intro-H</actionCode>
      </item>
      <item>
        <actionDate>2015-02-27</actionDate>
        <text>Introduced in House</text>
        <type>IntroReferral</type>
        <committee />
        <links />
        <sourceSystem>
          <code>9</code>
          <name>Library of Congress</name>
        </sourceSystem>
        <actionCode>1000</actionCode>
      </item>
      <actionByCounts>
        <houseOfRepresentatives>3</houseOfRepresentatives>
      </actionByCounts>
    </actions>
    <committeeReports />
    <sponsors>
      <item>
        <middleName>E.</middleName>
        <district>7</district>
        <fullName>Rep. Capuano, Michael E. [D-MA-7]</fullName>
        <bioguideId>C001037</bioguideId>
        <firstName>MICHAEL</firstName>
        <byRequestType />
        <state>MA</state>
        <lastName>CAPUANO</lastName>
        <identifiers>
          <bioguideId>C001037</bioguideId>
          <lisID>1564</lisID>
          <gpoId>7973</gpoId>
        </identifiers>
        <party>D</party>
      </item>
    </sponsors>
    <relatedBills />
    <billType>HR</billType>
  </bill>
  <dublinCore xmlns:dc="http://purl.org/dc/elements/1.1/">
    <dc:format>text/xml</dc:format>
    <dc:language>EN</dc:language>
    <dc:rights>Pursuant to Title 17 Section 105 of the United States Code, this file is not subject to copyright protection and is in the public domain.</dc:rights>
    <dc:contributor>Congressional Research Service, Library of Congress</dc:contributor>
    <dc:description>This file contains bill summaries and statuses for federal legislation. A bill summary describes the most significant provisions of a piece of legislation and details the effects the legislative text may have on current law and federal programs. Bill summaries are authored by the Congressional Research Service (CRS) of the Library of Congress. As stated in Public Law 91-510 (2 USC 166 (d)(6)), one of the duties of CRS is "to prepare summaries and digests of bills and resolutions of a public general nature introduced in the Senate or House of Representatives". For more information, refer to the User Guide that accompanies this file.</dc:description>
  </dublinCore>
</billStatus>

