<?xml version="1.0" encoding="UTF-8"?>
<billStatus>
  <bill>
    <policyArea>
      <name>Crime and Law Enforcement</name>
    </policyArea>
    <constitutionalAuthorityStatementText><![CDATA[<pre>From the Congressional Record Online through the Government Publishing Office [<a href='http://www.gpo.gov'>www.gpo.gov</a>]By Mr. THORNBERRY:H.R. 1186.Congress has the power to enact this legislation pursuantto the following:Clause I of Section 8 of Article I of the Constitution--Congress has the power to provide for the general welfare ofthe United States[Page H1501]</pre>]]></constitutionalAuthorityStatementText>
    <sponsors>
      <item>
        <identifiers>
          <bioguideId>T000238</bioguideId>
          <gpoId>8755</gpoId>
          <lisID>1155</lisID>
        </identifiers>
        <district>13</district>
        <byRequestType />
        <fullName>Rep. Thornberry, Mac [R-TX-13]</fullName>
        <firstName>WILLIAM</firstName>
        <state>TX</state>
        <bioguideId>T000238</bioguideId>
        <middleName>M.</middleName>
        <party>R</party>
        <lastName>THORNBERRY</lastName>
      </item>
    </sponsors>
    <committeeReports />
    <titles>
      <item>
        <title>SALTS Act</title>
        <titleType>Short Titles as Introduced</titleType>
        <chamberCode />
        <chamberName />
        <parentTitleType />
      </item>
      <item>
        <title>Synthetic Abuse and Labeling of Toxic Substances Act of 2015</title>
        <titleType>Short Titles as Introduced</titleType>
        <chamberCode />
        <chamberName />
        <parentTitleType />
      </item>
      <item>
        <title>To amend the Controlled Substances Act relating to controlled substance analogues.</title>
        <titleType>Official Title as Introduced</titleType>
        <chamberCode />
        <chamberName />
        <parentTitleType />
      </item>
      <item>
        <title>SALTS Act</title>
        <titleType>Display Title</titleType>
        <chamberCode />
        <chamberName />
        <parentTitleType />
      </item>
    </titles>
    <laws />
    <createDate>2015-02-28T04:46:16Z</createDate>
    <recordedVotes />
    <billNumber>1186</billNumber>
    <originChamber>House</originChamber>
    <committees>
      <billCommittees>
        <item>
          <subcommittees>
            <item>
              <name>Crime, Terrorism, Homeland Security, and Investigations Subcommittee</name>
              <activities>
                <item>
                  <name>Referred to</name>
                  <date>2015-03-31T21:03:03Z</date>
                </item>
              </activities>
              <systemCode>hsju08</systemCode>
            </item>
          </subcommittees>
          <chamber>House</chamber>
          <type>Standing</type>
          <name>Judiciary Committee</name>
          <systemCode>hsju00</systemCode>
          <activities>
            <item>
              <name>Referred to</name>
              <date>2015-02-27T14:03:30Z</date>
            </item>
          </activities>
        </item>
        <item>
          <subcommittees>
            <item>
              <name>Health Subcommittee</name>
              <activities>
                <item>
                  <name>Referred to</name>
                  <date>2015-03-06T20:16:46Z</date>
                </item>
              </activities>
              <systemCode>hsif14</systemCode>
            </item>
          </subcommittees>
          <chamber>House</chamber>
          <type>Standing</type>
          <name>Energy and Commerce Committee</name>
          <systemCode>hsif00</systemCode>
          <activities>
            <item>
              <name>Referred to</name>
              <date>2015-02-27T14:03:25Z</date>
            </item>
          </activities>
        </item>
      </billCommittees>
    </committees>
    <relatedBills>
      <item>
        <latestTitle>SALTS Act</latestTitle>
        <latestAction>
          <text>Read twice and referred to the Committee on the Judiciary.</text>
          <actionDate>2015-05-13</actionDate>
        </latestAction>
        <number>1327</number>
        <type>S</type>
        <relationshipDetails>
          <item>
            <type>Related bill</type>
            <identifiedBy>CRS</identifiedBy>
          </item>
        </relationshipDetails>
        <congress>114</congress>
      </item>
    </relatedBills>
    <updateDate>2016-11-02T21:27:37Z</updateDate>
    <summaries>
      <billSummaries>
        <item>
          <actionDate>2015-02-27</actionDate>
          <updateDate>2015-02-27T05:00:00Z</updateDate>
          <name>Introduced in House</name>
          <lastSummaryUpdateDate>2015-03-27T20:13:16Z</lastSummaryUpdateDate>
          <versionCode>00</versionCode>
          <actionDesc>Introduced in House</actionDesc>
          <text><![CDATA[<p><b>Synthetic Abuse and Labeling of Toxic Substances Act of 2015 or the SALTS Act</b></p> <p>Amends the Controlled Substances Act to authorize the following factors to be considered in determining whether a controlled substance analogue was intended for human consumption: </p> <ul> <li>the marketing, advertising, and labeling of the substance; </li> <li>the known efficacy or usefulness of the substance for the marketed, advertised, or labeled purpose; </li> <li>the difference between the price at which the substance is sold and the price at which the substance it is purported to be or advertised as is normally sold; </li> <li>the diversion of the substance from legitimate channels and the clandestine importation, manufacture, or distribution of the substance; </li> <li>whether the defendant knew or should have known that the substance was intended to be consumed by injection, inhalation, ingestion, or any other immediate means; and </li> <li>whether the substance is manufactured, formulated, sold, distributed, or marketed with the intent to avoid the provisions of existing drug laws. </li></ul> <p>Declares that evidence that a substance was not marketed, advertised, or labeled for human consumption shall not by itself be sufficient to establish that the substance was not intended for human consumption.</p>]]></text>
        </item>
      </billSummaries>
    </summaries>
    <congress>114</congress>
    <title>SALTS Act</title>
    <calendarNumbers />
    <actions>
      <actionByCounts>
        <houseOfRepresentatives>7</houseOfRepresentatives>
      </actionByCounts>
      <item>
        <actionDate>2015-03-31</actionDate>
        <committee>
          <name>Crime, Terrorism, Homeland Security, and Investigations Subcommittee</name>
          <systemCode>hsju08</systemCode>
        </committee>
        <links />
        <sourceSystem>
          <name>House committee actions</name>
          <code>1</code>
        </sourceSystem>
        <text>Referred to the Subcommittee on Crime, Terrorism, Homeland Security, and Investigations.</text>
        <type>Committee</type>
      </item>
      <item>
        <actionDate>2015-03-06</actionDate>
        <committee>
          <name>Health Subcommittee</name>
          <systemCode>hsif14</systemCode>
        </committee>
        <links />
        <sourceSystem>
          <name>House committee actions</name>
          <code>1</code>
        </sourceSystem>
        <text>Referred to the Subcommittee on Health.</text>
        <type>Committee</type>
      </item>
      <item>
        <actionDate>2015-02-27</actionDate>
        <actionCode>H11100</actionCode>
        <sourceSystem>
          <name>House floor actions</name>
          <code>2</code>
        </sourceSystem>
        <links />
        <committee>
          <name>Judiciary Committee</name>
          <systemCode>hsju00</systemCode>
        </committee>
        <text>Referred to House Judiciary</text>
        <type>IntroReferral</type>
      </item>
      <item>
        <actionDate>2015-02-27</actionDate>
        <actionCode>H11100-A</actionCode>
        <sourceSystem>
          <name>Library of Congress</name>
          <code>9</code>
        </sourceSystem>
        <links />
        <committee />
        <text>Referred to the Committee on Energy and Commerce, and in addition to the Committee on the Judiciary, for a period to be subsequently determined by the Speaker, in each case for consideration of such provisions as fall within the jurisdiction of the committee concerned.</text>
        <type>IntroReferral</type>
      </item>
      <item>
        <actionDate>2015-02-27</actionDate>
        <actionCode>H11100</actionCode>
        <sourceSystem>
          <name>House floor actions</name>
          <code>2</code>
        </sourceSystem>
        <links />
        <committee>
          <name>Energy and Commerce Committee</name>
          <systemCode>hsif00</systemCode>
        </committee>
        <text>Referred to House Energy and Commerce</text>
        <type>IntroReferral</type>
      </item>
      <item>
        <actionDate>2015-02-27</actionDate>
        <actionCode>Intro-H</actionCode>
        <sourceSystem>
          <name>Library of Congress</name>
          <code>9</code>
        </sourceSystem>
        <links />
        <committee />
        <text>Introduced in House</text>
        <type>IntroReferral</type>
      </item>
      <item>
        <actionDate>2015-02-27</actionDate>
        <actionCode>1000</actionCode>
        <sourceSystem>
          <name>Library of Congress</name>
          <code>9</code>
        </sourceSystem>
        <links />
        <committee />
        <text>Introduced in House</text>
        <type>IntroReferral</type>
      </item>
      <actionTypeCounts>
        <billReferralsAggregate>1</billReferralsAggregate>
        <placeholderTextForH>2</placeholderTextForH>
        <billReferrals>2</billReferrals>
        <introducedInTheHouse>1</introducedInTheHouse>
        <introducedInHouse>1</introducedInHouse>
      </actionTypeCounts>
    </actions>
    <amendments />
    <cboCostEstimates />
    <introducedDate>2015-02-27</introducedDate>
    <latestAction>
      <text>Referred to the Subcommittee on Crime, Terrorism, Homeland Security, and Investigations.</text>
      <actionDate>2015-03-31</actionDate>
      <links />
    </latestAction>
    <subjects>
      <billSubjects>
        <policyArea>
          <name>Crime and Law Enforcement</name>
        </policyArea>
        <legislativeSubjects>
          <item>
            <name>Drug trafficking and controlled substances</name>
          </item>
          <item>
            <name>Drug, alcohol, tobacco use</name>
          </item>
          <item>
            <name>Evidence and witnesses</name>
          </item>
          <item>
            <name>Marketing and advertising</name>
          </item>
        </legislativeSubjects>
      </billSubjects>
    </subjects>
    <cosponsors>
      <item>
        <fullName>Rep. Norton, Eleanor Holmes [D-DC-At Large]</fullName>
        <lastName>NORTON</lastName>
        <bioguideId>N000147</bioguideId>
        <party>D</party>
        <district>0</district>
        <sponsorshipWithdrawnDate />
        <state>DC</state>
        <isOriginalCosponsor>False</isOriginalCosponsor>
        <sponsorshipDate>2015-07-14</sponsorshipDate>
        <middleName>HOLMES</middleName>
        <firstName>ELEANOR</firstName>
        <identifiers>
          <lisID>868</lisID>
          <gpoId>7871</gpoId>
          <bioguideId>N000147</bioguideId>
        </identifiers>
      </item>
      <item>
        <fullName>Rep. Cuellar, Henry [D-TX-28]</fullName>
        <lastName>Cuellar</lastName>
        <bioguideId>C001063</bioguideId>
        <party>D</party>
        <district>28</district>
        <sponsorshipWithdrawnDate />
        <state>TX</state>
        <isOriginalCosponsor>False</isOriginalCosponsor>
        <sponsorshipDate>2015-09-25</sponsorshipDate>
        <middleName />
        <firstName>Henry</firstName>
        <identifiers>
          <bioguideId>C001063</bioguideId>
          <gpoId>8184</gpoId>
          <lisID>1807</lisID>
        </identifiers>
      </item>
    </cosponsors>
    <notes />
    <billType>HR</billType>
  </bill>
  <dublinCore xmlns:dc="http://purl.org/dc/elements/1.1/">
    <dc:format>text/xml</dc:format>
    <dc:language>EN</dc:language>
    <dc:rights>Pursuant to Title 17 Section 105 of the United States Code, this file is not subject to copyright protection and is in the public domain.</dc:rights>
    <dc:contributor>Congressional Research Service, Library of Congress</dc:contributor>
    <dc:description>This file contains bill summaries and statuses for federal legislation. A bill summary describes the most significant provisions of a piece of legislation and details the effects the legislative text may have on current law and federal programs. Bill summaries are authored by the Congressional Research Service (CRS) of the Library of Congress. As stated in Public Law 91-510 (2 USC 166 (d)(6)), one of the duties of CRS is "to prepare summaries and digests of bills and resolutions of a public general nature introduced in the Senate or House of Representatives". For more information, refer to the User Guide that accompanies this file.</dc:description>
  </dublinCore>
</billStatus>

