<?xml version="1.0" encoding="UTF-8"?>
<billStatus>
  <bill>
    <committees>
      <billCommittees>
        <item>
          <subcommittees>
            <item>
              <activities>
                <item>
                  <name>Hearings by</name>
                  <date>2016-11-15T17:50:57Z</date>
                </item>
                <item>
                  <name>Referred to</name>
                  <date>2015-03-16T20:32:28Z</date>
                </item>
              </activities>
              <systemCode>hsii06</systemCode>
              <name>Energy and Mineral Resources Subcommittee</name>
            </item>
          </subcommittees>
          <chamber>House</chamber>
          <systemCode>hsii00</systemCode>
          <type>Standing</type>
          <activities>
            <item>
              <name>Referred to</name>
              <date>2015-02-11T15:01:40Z</date>
            </item>
          </activities>
          <name>Natural Resources Committee</name>
        </item>
      </billCommittees>
    </committees>
    <congress>114</congress>
    <billNumber>866</billNumber>
    <updateDate>2016-11-18T19:57:37Z</updateDate>
    <subjects>
      <billSubjects>
        <policyArea>
          <name>Energy</name>
        </policyArea>
        <legislativeSubjects>
          <item>
            <name>Administrative law and regulatory procedures</name>
          </item>
          <item>
            <name>Endangered and threatened species</name>
          </item>
          <item>
            <name>Environmental assessment, monitoring, research</name>
          </item>
          <item>
            <name>Historic sites and heritage areas</name>
          </item>
          <item>
            <name>Intergovernmental relations</name>
          </item>
          <item>
            <name>Licensing and registrations</name>
          </item>
          <item>
            <name>Oil and gas</name>
          </item>
          <item>
            <name>State and local government operations</name>
          </item>
        </legislativeSubjects>
      </billSubjects>
    </subjects>
    <policyArea>
      <name>Energy</name>
    </policyArea>
    <summaries>
      <billSummaries>
        <item>
          <updateDate>2015-02-11T05:00:00Z</updateDate>
          <versionCode>00</versionCode>
          <lastSummaryUpdateDate>2015-03-04T20:32:09Z</lastSummaryUpdateDate>
          <name>Introduced in House</name>
          <actionDate>2015-02-11</actionDate>
          <actionDesc>Introduced in House</actionDesc>
          <text><![CDATA[<p><b>Federal Land Freedom Act of 2015</b></p> <p>This bill permits a state that has an established leasing, permitting, and regulatory program to: (1) declare to the Secretaries of the Interior, of Agriculture, and of Energy that it has either established or amended the program; and (2) seek to transfer to itself, and to implement, existing federal responsibilities for leasing, permitting, and regulating oil and natural gas development. </p> <p>Any state action to lease, permit, or regulate oil and gas exploration and development shall not be subject to, or considered, a federal action, a federal permit, or a federal license with respect to specified administrative and environmental laws and is therefore exempt from them. </p> <p>State-issued leases or permits must provide for: (1) the collection of royalties or other revenues in an amount equal to what would have been collected if the lease or permit had been federally issued, and (2) their deposit into the same federal account in which they would have been deposited if the lease or permit had been federally issued. </p> <p>A state may collect and retain lease or permit application processing fees. </p>]]></text>
        </item>
      </billSummaries>
    </summaries>
    <title>Federal Land Freedom Act of 2015</title>
    <laws />
    <cosponsors>
      <item>
        <isOriginalCosponsor>True</isOriginalCosponsor>
        <fullName>Rep. Blackburn, Marsha [R-TN-7]</fullName>
        <firstName>Marsha</firstName>
        <identifiers>
          <gpoId>8154</gpoId>
          <lisID>1748</lisID>
          <bioguideId>B001243</bioguideId>
        </identifiers>
        <state>TN</state>
        <middleName />
        <lastName>Blackburn</lastName>
        <bioguideId>B001243</bioguideId>
        <sponsorshipDate>2015-02-11</sponsorshipDate>
        <district>7</district>
        <sponsorshipWithdrawnDate />
        <party>R</party>
      </item>
      <item>
        <isOriginalCosponsor>True</isOriginalCosponsor>
        <fullName>Rep. Fincher, Stephen Lee [R-TN-8]</fullName>
        <firstName>Stephen</firstName>
        <identifiers>
          <lisID>2064</lisID>
          <bioguideId>F000458</bioguideId>
          <gpoId>8741</gpoId>
        </identifiers>
        <state>TN</state>
        <middleName>Lee</middleName>
        <lastName>Fincher</lastName>
        <bioguideId>F000458</bioguideId>
        <sponsorshipDate>2015-02-11</sponsorshipDate>
        <district>8</district>
        <sponsorshipWithdrawnDate />
        <party>R</party>
      </item>
      <item>
        <isOriginalCosponsor>True</isOriginalCosponsor>
        <fullName>Rep. Fleischmann, Charles J. "Chuck" [R-TN-3]</fullName>
        <firstName>Charles</firstName>
        <identifiers>
          <lisID>2061</lisID>
          <gpoId>8150</gpoId>
          <bioguideId>F000459</bioguideId>
        </identifiers>
        <state>TN</state>
        <middleName>J. "Chuck"</middleName>
        <lastName>Fleischmann</lastName>
        <bioguideId>F000459</bioguideId>
        <sponsorshipDate>2015-02-11</sponsorshipDate>
        <district>3</district>
        <sponsorshipWithdrawnDate />
        <party>R</party>
      </item>
      <item>
        <isOriginalCosponsor>True</isOriginalCosponsor>
        <fullName>Rep. DesJarlais, Scott [R-TN-4]</fullName>
        <firstName>Scott</firstName>
        <identifiers>
          <bioguideId>D000616</bioguideId>
          <gpoId>8151</gpoId>
          <lisID>2062</lisID>
        </identifiers>
        <state>TN</state>
        <middleName />
        <lastName>DesJarlais</lastName>
        <bioguideId>D000616</bioguideId>
        <sponsorshipDate>2015-02-11</sponsorshipDate>
        <district>4</district>
        <sponsorshipWithdrawnDate />
        <party>R</party>
      </item>
      <item>
        <isOriginalCosponsor>True</isOriginalCosponsor>
        <fullName>Rep. Duncan, John J., Jr. [R-TN-2]</fullName>
        <firstName>JOHN</firstName>
        <identifiers>
          <lisID>322</lisID>
          <gpoId>8149</gpoId>
          <bioguideId>D000533</bioguideId>
        </identifiers>
        <state>TN</state>
        <middleName>J.</middleName>
        <lastName>DUNCAN</lastName>
        <bioguideId>D000533</bioguideId>
        <sponsorshipDate>2015-02-11</sponsorshipDate>
        <district>2</district>
        <sponsorshipWithdrawnDate />
        <party>R</party>
      </item>
      <item>
        <isOriginalCosponsor>True</isOriginalCosponsor>
        <fullName>Rep. Roe, David P. [R-TN-1]</fullName>
        <firstName>David</firstName>
        <identifiers>
          <lisID>1954</lisID>
          <gpoId>8148</gpoId>
          <bioguideId>R000582</bioguideId>
        </identifiers>
        <state>TN</state>
        <middleName>P.</middleName>
        <lastName>Roe</lastName>
        <bioguideId>R000582</bioguideId>
        <sponsorshipDate>2015-02-11</sponsorshipDate>
        <district>1</district>
        <sponsorshipWithdrawnDate />
        <party>R</party>
      </item>
      <item>
        <isOriginalCosponsor>True</isOriginalCosponsor>
        <fullName>Rep. Pittenger, Robert [R-NC-9]</fullName>
        <firstName>Robert</firstName>
        <identifiers>
          <bioguideId>P000606</bioguideId>
          <gpoId />
          <lisID>2141</lisID>
        </identifiers>
        <state>NC</state>
        <middleName />
        <lastName>Pittenger</lastName>
        <bioguideId>P000606</bioguideId>
        <sponsorshipDate>2015-02-11</sponsorshipDate>
        <district>9</district>
        <sponsorshipWithdrawnDate />
        <party>R</party>
      </item>
      <item>
        <isOriginalCosponsor>True</isOriginalCosponsor>
        <fullName>Rep. Weber, Randy K., Sr. [R-TX-14]</fullName>
        <firstName>Randy</firstName>
        <identifiers>
          <lisID>2161</lisID>
          <gpoId />
          <bioguideId>W000814</bioguideId>
        </identifiers>
        <state>TX</state>
        <middleName>K.</middleName>
        <lastName>Weber</lastName>
        <bioguideId>W000814</bioguideId>
        <sponsorshipDate>2015-02-11</sponsorshipDate>
        <district>14</district>
        <sponsorshipWithdrawnDate />
        <party>R</party>
      </item>
      <item>
        <isOriginalCosponsor>True</isOriginalCosponsor>
        <fullName>Rep. Zinke, Ryan K. [R-MT-At Large]</fullName>
        <firstName>Ryan</firstName>
        <identifiers>
          <lisID>2254</lisID>
          <gpoId />
          <bioguideId>Z000018</bioguideId>
        </identifiers>
        <state>MT</state>
        <middleName>K.</middleName>
        <lastName>Zinke</lastName>
        <bioguideId>Z000018</bioguideId>
        <sponsorshipDate>2015-02-11</sponsorshipDate>
        <district>0</district>
        <sponsorshipWithdrawnDate />
        <party>R</party>
      </item>
      <item>
        <isOriginalCosponsor>True</isOriginalCosponsor>
        <fullName>Rep. Graves, Sam [R-MO-6]</fullName>
        <firstName>SAM</firstName>
        <identifiers>
          <gpoId>8014</gpoId>
          <lisID>1656</lisID>
          <bioguideId>G000546</bioguideId>
        </identifiers>
        <state>MO</state>
        <middleName />
        <lastName>GRAVES</lastName>
        <bioguideId>G000546</bioguideId>
        <sponsorshipDate>2015-02-11</sponsorshipDate>
        <district>6</district>
        <sponsorshipWithdrawnDate />
        <party>R</party>
      </item>
      <item>
        <isOriginalCosponsor>True</isOriginalCosponsor>
        <fullName>Rep. Sessions, Pete [R-TX-32]</fullName>
        <firstName>PETE</firstName>
        <identifiers>
          <gpoId>8188</gpoId>
          <lisID>1525</lisID>
          <bioguideId>S000250</bioguideId>
        </identifiers>
        <state>TX</state>
        <middleName />
        <lastName>SESSIONS</lastName>
        <bioguideId>S000250</bioguideId>
        <sponsorshipDate>2015-02-11</sponsorshipDate>
        <district>32</district>
        <sponsorshipWithdrawnDate />
        <party>R</party>
      </item>
      <item>
        <isOriginalCosponsor>True</isOriginalCosponsor>
        <fullName>Rep. Farenthold, Blake [R-TX-27]</fullName>
        <firstName>Blake</firstName>
        <identifiers>
          <lisID>2067</lisID>
          <gpoId>8183</gpoId>
          <bioguideId>F000460</bioguideId>
        </identifiers>
        <state>TX</state>
        <middleName />
        <lastName>Farenthold</lastName>
        <bioguideId>F000460</bioguideId>
        <sponsorshipDate>2015-02-11</sponsorshipDate>
        <district>27</district>
        <sponsorshipWithdrawnDate />
        <party>R</party>
      </item>
      <item>
        <isOriginalCosponsor>True</isOriginalCosponsor>
        <fullName>Rep. Stewart, Chris [R-UT-2]</fullName>
        <firstName>Chris</firstName>
        <identifiers>
          <bioguideId>S001192</bioguideId>
          <lisID>2168</lisID>
          <gpoId />
        </identifiers>
        <state>UT</state>
        <middleName />
        <lastName>Stewart</lastName>
        <bioguideId>S001192</bioguideId>
        <sponsorshipDate>2015-02-11</sponsorshipDate>
        <district>2</district>
        <sponsorshipWithdrawnDate />
        <party>R</party>
      </item>
      <item>
        <isOriginalCosponsor>True</isOriginalCosponsor>
        <fullName>Rep. Duncan, Jeff [R-SC-3]</fullName>
        <firstName>Jeff</firstName>
        <identifiers>
          <lisID>2057</lisID>
          <gpoId>8143</gpoId>
          <bioguideId>D000615</bioguideId>
        </identifiers>
        <state>SC</state>
        <middleName />
        <lastName>Duncan</lastName>
        <bioguideId>D000615</bioguideId>
        <sponsorshipDate>2015-02-11</sponsorshipDate>
        <district>3</district>
        <sponsorshipWithdrawnDate />
        <party>R</party>
      </item>
      <item>
        <isOriginalCosponsor>True</isOriginalCosponsor>
        <fullName>Rep. Smith, Jason [R-MO-8]</fullName>
        <firstName>Jason</firstName>
        <identifiers>
          <lisID>2191</lisID>
          <gpoId />
          <bioguideId>S001195</bioguideId>
        </identifiers>
        <state>MO</state>
        <middleName />
        <lastName>Smith</lastName>
        <bioguideId>S001195</bioguideId>
        <sponsorshipDate>2015-02-11</sponsorshipDate>
        <district>8</district>
        <sponsorshipWithdrawnDate />
        <party>R</party>
      </item>
      <item>
        <isOriginalCosponsor>True</isOriginalCosponsor>
        <fullName>Rep. Chaffetz, Jason [R-UT-3]</fullName>
        <firstName>Jason</firstName>
        <identifiers>
          <lisID>1956</lisID>
          <bioguideId>C001076</bioguideId>
          <gpoId>8191</gpoId>
        </identifiers>
        <state>UT</state>
        <middleName />
        <lastName>Chaffetz</lastName>
        <bioguideId>C001076</bioguideId>
        <sponsorshipDate>2015-02-11</sponsorshipDate>
        <district>3</district>
        <sponsorshipWithdrawnDate />
        <party>R</party>
      </item>
      <item>
        <isOriginalCosponsor>True</isOriginalCosponsor>
        <fullName>Rep. Tipton, Scott  R. [R-CO-3]</fullName>
        <firstName>Scott</firstName>
        <identifiers>
          <bioguideId>T000470</bioguideId>
          <lisID>1997</lisID>
          <gpoId>7861</gpoId>
        </identifiers>
        <state>CO</state>
        <middleName>R.</middleName>
        <lastName>Tipton</lastName>
        <bioguideId>T000470</bioguideId>
        <sponsorshipDate>2015-02-11</sponsorshipDate>
        <district>3</district>
        <sponsorshipWithdrawnDate />
        <party>R</party>
      </item>
      <item>
        <isOriginalCosponsor>True</isOriginalCosponsor>
        <fullName>Rep. Salmon, Matt [R-AZ-5]</fullName>
        <firstName>MATT</firstName>
        <identifiers>
          <gpoId />
          <lisID>1009</lisID>
          <bioguideId>S000018</bioguideId>
        </identifiers>
        <state>AZ</state>
        <middleName />
        <lastName>SALMON</lastName>
        <bioguideId>S000018</bioguideId>
        <sponsorshipDate>2015-02-11</sponsorshipDate>
        <district>5</district>
        <sponsorshipWithdrawnDate />
        <party>R</party>
      </item>
      <item>
        <isOriginalCosponsor>True</isOriginalCosponsor>
        <fullName>Rep. Pompeo, Mike [R-KS-4]</fullName>
        <firstName>Mike</firstName>
        <identifiers>
          <bioguideId>P000602</bioguideId>
          <lisID>2022</lisID>
          <gpoId>7952</gpoId>
        </identifiers>
        <state>KS</state>
        <middleName />
        <lastName>Pompeo</lastName>
        <bioguideId>P000602</bioguideId>
        <sponsorshipDate>2015-02-11</sponsorshipDate>
        <district>4</district>
        <sponsorshipWithdrawnDate />
        <party>R</party>
      </item>
      <item>
        <isOriginalCosponsor>True</isOriginalCosponsor>
        <fullName>Rep. Cramer, Kevin [R-ND-At Large]</fullName>
        <firstName>Kevin</firstName>
        <identifiers>
          <lisID>2144</lisID>
          <gpoId />
          <bioguideId>C001096</bioguideId>
        </identifiers>
        <state>ND</state>
        <middleName />
        <lastName>Cramer</lastName>
        <bioguideId>C001096</bioguideId>
        <sponsorshipDate>2015-02-11</sponsorshipDate>
        <district>0</district>
        <sponsorshipWithdrawnDate />
        <party>R</party>
      </item>
      <item>
        <isOriginalCosponsor>True</isOriginalCosponsor>
        <fullName>Rep. Huelskamp, Tim [R-KS-1]</fullName>
        <firstName>Tim</firstName>
        <identifiers>
          <lisID>2020</lisID>
          <gpoId>7949</gpoId>
          <bioguideId>H001057</bioguideId>
        </identifiers>
        <state>KS</state>
        <middleName />
        <lastName>Huelskamp</lastName>
        <bioguideId>H001057</bioguideId>
        <sponsorshipDate>2015-02-11</sponsorshipDate>
        <district>1</district>
        <sponsorshipWithdrawnDate />
        <party>R</party>
      </item>
      <item>
        <isOriginalCosponsor>False</isOriginalCosponsor>
        <fullName>Rep. Poe, Ted [R-TX-2]</fullName>
        <firstName>Ted</firstName>
        <identifiers>
          <gpoId>8158</gpoId>
          <lisID>1802</lisID>
          <bioguideId>P000592</bioguideId>
        </identifiers>
        <state>TX</state>
        <middleName />
        <lastName>Poe</lastName>
        <bioguideId>P000592</bioguideId>
        <sponsorshipDate>2015-05-12</sponsorshipDate>
        <district>2</district>
        <sponsorshipWithdrawnDate />
        <party>R</party>
      </item>
      <item>
        <isOriginalCosponsor>False</isOriginalCosponsor>
        <fullName>Rep. Gosar, Paul A. [R-AZ-4]</fullName>
        <firstName>Paul</firstName>
        <identifiers>
          <bioguideId>G000565</bioguideId>
          <lisID>1992</lisID>
          <gpoId>7798</gpoId>
        </identifiers>
        <state>AZ</state>
        <middleName>A.</middleName>
        <lastName>Gosar</lastName>
        <bioguideId>G000565</bioguideId>
        <sponsorshipDate>2015-10-23</sponsorshipDate>
        <district>4</district>
        <sponsorshipWithdrawnDate />
        <party>R</party>
      </item>
    </cosponsors>
    <billType>HR</billType>
    <cboCostEstimates />
    <recordedVotes />
    <relatedBills>
      <item>
        <latestTitle>Federal Land Freedom Act of 2015</latestTitle>
        <latestAction>
          <text>Read twice and referred to the Committee on Energy and Natural Resources.</text>
          <actionDate>2015-02-12</actionDate>
        </latestAction>
        <number>490</number>
        <relationshipDetails>
          <item>
            <identifiedBy>CRS</identifiedBy>
            <type>Related bill</type>
          </item>
        </relationshipDetails>
        <type>S</type>
        <congress>114</congress>
      </item>
    </relatedBills>
    <actions>
      <item>
        <actionDate>2016-11-15</actionDate>
        <committee>
          <systemCode>hsii06</systemCode>
          <name>Energy and Mineral Resources Subcommittee</name>
        </committee>
        <links />
        <sourceSystem>
          <code>1</code>
          <name>House committee actions</name>
        </sourceSystem>
        <text>Subcommittee Hearings Held.</text>
        <type>Committee</type>
      </item>
      <item>
        <actionDate>2015-03-16</actionDate>
        <committee>
          <systemCode>hsii06</systemCode>
          <name>Energy and Mineral Resources Subcommittee</name>
        </committee>
        <links />
        <sourceSystem>
          <code>1</code>
          <name>House committee actions</name>
        </sourceSystem>
        <text>Referred to the Subcommittee on Energy and Mineral Resources.</text>
        <type>Committee</type>
      </item>
      <item>
        <text>Referred to the House Committee on Natural Resources.</text>
        <committee>
          <systemCode>hsii00</systemCode>
          <name>Natural Resources Committee</name>
        </committee>
        <actionCode>H11100</actionCode>
        <sourceSystem>
          <code>2</code>
          <name>House floor actions</name>
        </sourceSystem>
        <type>IntroReferral</type>
        <actionDate>2015-02-11</actionDate>
        <links />
      </item>
      <item>
        <text>Introduced in House</text>
        <committee />
        <actionCode>Intro-H</actionCode>
        <sourceSystem>
          <code>9</code>
          <name>Library of Congress</name>
        </sourceSystem>
        <type>IntroReferral</type>
        <actionDate>2015-02-11</actionDate>
        <links />
      </item>
      <item>
        <text>Introduced in House</text>
        <committee />
        <actionCode>1000</actionCode>
        <sourceSystem>
          <code>9</code>
          <name>Library of Congress</name>
        </sourceSystem>
        <type>IntroReferral</type>
        <actionDate>2015-02-11</actionDate>
        <links />
      </item>
      <actionByCounts>
        <houseOfRepresentatives>5</houseOfRepresentatives>
      </actionByCounts>
      <actionTypeCounts>
        <prayer>1</prayer>
        <placeholderTextForH>1</placeholderTextForH>
        <introducedInTheHouse>1</introducedInTheHouse>
        <billReferrals>1</billReferrals>
        <introducedInHouse>1</introducedInHouse>
      </actionTypeCounts>
    </actions>
    <notes />
    <latestAction>
      <actionDate>2016-11-15</actionDate>
      <links />
      <text>Subcommittee Hearings Held.</text>
    </latestAction>
    <introducedDate>2015-02-11</introducedDate>
    <sponsors>
      <item>
        <fullName>Rep. Black, Diane [R-TN-6]</fullName>
        <firstName>Diane</firstName>
        <byRequestType />
        <identifiers>
          <gpoId>8153</gpoId>
          <lisID>2063</lisID>
          <bioguideId>B001273</bioguideId>
        </identifiers>
        <middleName />
        <bioguideId>B001273</bioguideId>
        <district>6</district>
        <party>R</party>
        <state>TN</state>
        <lastName>Black</lastName>
      </item>
    </sponsors>
    <constitutionalAuthorityStatementText><![CDATA[<pre>From the Congressional Record Online through the Government Publishing Office [<a href='http://www.gpo.gov'>www.gpo.gov</a>]By Mrs. BLACK:H.R. 866.Congress has the power to enact this legislation pursuantto the following:Tenth Amendment stating that, ``The powers not delegated tothe United States by the Constitution, nor prohibited by itto the States, are reserved to the States respectively, or tothe people.' '' andArticle IV, Section 3, Clause 2 providing that ``Congressshall have Power to dispose of and make all needful Rules andRegulations respecting the Territory or other Propertybelonging to the United States. . . .''[Page H982]</pre>]]></constitutionalAuthorityStatementText>
    <calendarNumbers />
    <committeeReports />
    <amendments />
    <createDate>2015-02-12T05:30:26Z</createDate>
    <originChamber>House</originChamber>
    <titles>
      <item>
        <title>Federal Land Freedom Act of 2015</title>
        <chamberName />
        <chamberCode />
        <titleType>Short Titles as Introduced</titleType>
        <parentTitleType />
      </item>
      <item>
        <title>To achieve domestic energy independence by empowering States to control the development and production of all forms of energy on all available Federal land.</title>
        <chamberName />
        <chamberCode />
        <titleType>Official Title as Introduced</titleType>
        <parentTitleType />
      </item>
      <item>
        <title>Federal Land Freedom Act of 2015</title>
        <chamberName />
        <chamberCode />
        <titleType>Display Title</titleType>
        <parentTitleType />
      </item>
    </titles>
  </bill>
  <dublinCore xmlns:dc="http://purl.org/dc/elements/1.1/">
    <dc:format>text/xml</dc:format>
    <dc:language>EN</dc:language>
    <dc:rights>Pursuant to Title 17 Section 105 of the United States Code, this file is not subject to copyright protection and is in the public domain.</dc:rights>
    <dc:contributor>Congressional Research Service, Library of Congress</dc:contributor>
    <dc:description>This file contains bill summaries and statuses for federal legislation. A bill summary describes the most significant provisions of a piece of legislation and details the effects the legislative text may have on current law and federal programs. Bill summaries are authored by the Congressional Research Service (CRS) of the Library of Congress. As stated in Public Law 91-510 (2 USC 166 (d)(6)), one of the duties of CRS is "to prepare summaries and digests of bills and resolutions of a public general nature introduced in the Senate or House of Representatives". For more information, refer to the User Guide that accompanies this file.</dc:description>
  </dublinCore>
</billStatus>

