<?xml version="1.0" encoding="UTF-8"?>
<billStatus>
  <bill>
    <policyArea>
      <name>Government Operations and Politics</name>
    </policyArea>
    <congress>114</congress>
    <cosponsors>
      <item>
        <sponsorshipDate>2015-01-13</sponsorshipDate>
        <isOriginalCosponsor>True</isOriginalCosponsor>
        <district>4</district>
        <bioguideId>H001053</bioguideId>
        <identifiers>
          <bioguideId>H001053</bioguideId>
          <lisID>2032</lisID>
          <gpoId>8012</gpoId>
        </identifiers>
        <firstName>Vicky</firstName>
        <sponsorshipWithdrawnDate />
        <party>R</party>
        <fullName>Rep. Hartzler, Vicky [R-MO-4]</fullName>
        <state>MO</state>
        <middleName />
        <lastName>Hartzler</lastName>
      </item>
      <item>
        <sponsorshipDate>2015-01-13</sponsorshipDate>
        <isOriginalCosponsor>True</isOriginalCosponsor>
        <district>1</district>
        <bioguideId>C001049</bioguideId>
        <identifiers>
          <gpoId>8009</gpoId>
          <lisID>1654</lisID>
          <bioguideId>C001049</bioguideId>
        </identifiers>
        <firstName>WM.</firstName>
        <sponsorshipWithdrawnDate />
        <party>D</party>
        <fullName>Rep. Clay, Wm. Lacy [D-MO-1]</fullName>
        <state>MO</state>
        <middleName>LACY</middleName>
        <lastName>CLAY</lastName>
      </item>
      <item>
        <sponsorshipDate>2015-01-13</sponsorshipDate>
        <isOriginalCosponsor>True</isOriginalCosponsor>
        <district>8</district>
        <bioguideId>S001195</bioguideId>
        <identifiers>
          <lisID>2191</lisID>
          <bioguideId>S001195</bioguideId>
          <gpoId />
        </identifiers>
        <firstName>Jason</firstName>
        <sponsorshipWithdrawnDate />
        <party>R</party>
        <fullName>Rep. Smith, Jason [R-MO-8]</fullName>
        <state>MO</state>
        <middleName />
        <lastName>Smith</lastName>
      </item>
      <item>
        <sponsorshipDate>2015-01-13</sponsorshipDate>
        <isOriginalCosponsor>True</isOriginalCosponsor>
        <district>3</district>
        <bioguideId>L000569</bioguideId>
        <identifiers>
          <lisID>1931</lisID>
          <gpoId>8017</gpoId>
          <bioguideId>L000569</bioguideId>
        </identifiers>
        <firstName>Blaine</firstName>
        <sponsorshipWithdrawnDate />
        <party>R</party>
        <fullName>Rep. Luetkemeyer, Blaine [R-MO-3]</fullName>
        <state>MO</state>
        <middleName />
        <lastName>Luetkemeyer</lastName>
      </item>
      <item>
        <sponsorshipDate>2015-01-13</sponsorshipDate>
        <isOriginalCosponsor>True</isOriginalCosponsor>
        <district>7</district>
        <bioguideId>L000576</bioguideId>
        <identifiers>
          <bioguideId>L000576</bioguideId>
          <gpoId>8015</gpoId>
          <lisID>2033</lisID>
        </identifiers>
        <firstName>Billy</firstName>
        <sponsorshipWithdrawnDate />
        <party>R</party>
        <fullName>Rep. Long, Billy [R-MO-7]</fullName>
        <state>MO</state>
        <middleName />
        <lastName>Long</lastName>
      </item>
      <item>
        <sponsorshipDate>2015-01-13</sponsorshipDate>
        <isOriginalCosponsor>True</isOriginalCosponsor>
        <district>5</district>
        <bioguideId>C001061</bioguideId>
        <identifiers>
          <lisID>1790</lisID>
          <bioguideId>C001061</bioguideId>
          <gpoId>8013</gpoId>
        </identifiers>
        <firstName>Emanuel</firstName>
        <sponsorshipWithdrawnDate />
        <party>D</party>
        <fullName>Rep. Cleaver, Emanuel [D-MO-5]</fullName>
        <state>MO</state>
        <middleName />
        <lastName>Cleaver</lastName>
      </item>
      <item>
        <sponsorshipDate>2015-01-13</sponsorshipDate>
        <isOriginalCosponsor>True</isOriginalCosponsor>
        <district>6</district>
        <bioguideId>G000546</bioguideId>
        <identifiers>
          <gpoId>8014</gpoId>
          <bioguideId>G000546</bioguideId>
          <lisID>1656</lisID>
        </identifiers>
        <firstName>SAM</firstName>
        <sponsorshipWithdrawnDate />
        <party>R</party>
        <fullName>Rep. Graves, Sam [R-MO-6]</fullName>
        <state>MO</state>
        <middleName />
        <lastName>GRAVES</lastName>
      </item>
    </cosponsors>
    <relatedBills />
    <title>To designate the facility of the United States Postal Service located at 16105 Swingley Ridge Road in Chesterfield, Missouri, as the "Sgt. Zachary M. Fisher Post Office".</title>
    <originChamber>House</originChamber>
    <subjects>
      <billSubjects>
        <policyArea>
          <name>Government Operations and Politics</name>
        </policyArea>
        <legislativeSubjects>
          <item>
            <name>Congressional tributes</name>
          </item>
          <item>
            <name>Government buildings, facilities, and property</name>
          </item>
          <item>
            <name>Military personnel and dependents</name>
          </item>
          <item>
            <name>Missouri</name>
          </item>
          <item>
            <name>Postal service</name>
          </item>
        </legislativeSubjects>
      </billSubjects>
    </subjects>
    <committeeReports />
    <constitutionalAuthorityStatementText><![CDATA[<pre>[Pages H359-H360]From the Congressional Record Online through the Government Publishing Office [<a href='http://www.gpo.gov'>www.gpo.gov</a>]By Mrs. WAGNER:H.R. 322.Congress has the power to enact this legislation pursuantto the following:This bill is enacted pursuant to the power granted toCongress in Article I, Section 8, Clause 7: ``The Congressshall have Power . . . To establish Post Offices and postroads''[[Page H360]]</pre>]]></constitutionalAuthorityStatementText>
    <notes />
    <billType>HR</billType>
    <titles>
      <item>
        <titleType>Official Title as Introduced</titleType>
        <title>To designate the facility of the United States Postal Service located at 16105 Swingley Ridge Road in Chesterfield, Missouri, as the "Sgt. Zachary M. Fisher Post Office".</title>
        <chamberCode />
        <chamberName />
        <parentTitleType />
      </item>
      <item>
        <titleType>Display Title</titleType>
        <title>To designate the facility of the United States Postal Service located at 16105 Swingley Ridge Road in Chesterfield, Missouri, as the "Sgt. Zachary M. Fisher Post Office".</title>
        <chamberCode />
        <chamberName />
        <parentTitleType />
      </item>
    </titles>
    <latestAction>
      <links>
        <link>
          <url>https://www.congress.gov/bill/114th-congress/house-bill/322/text/pl</url>
          <name>Public Law No: 114-76</name>
        </link>
      </links>
      <actionDate>2015-11-05</actionDate>
      <text>Became Public Law No: 114-76.</text>
    </latestAction>
    <introducedDate>2015-01-13</introducedDate>
    <amendments />
    <createDate>2015-01-14T04:46:23Z</createDate>
    <cboCostEstimates />
    <recordedVotes>
      <recordedVote>
        <date>2015-09-24T19:12:11Z</date>
        <congress>114</congress>
        <sessionNumber>1</sessionNumber>
        <url>http://clerk.house.gov/evs/2015/roll507.xml</url>
        <chamber>House</chamber>
        <rollNumber>507</rollNumber>
        <fullActionName>Final Passage Under Suspension of the Rules Results</fullActionName>
      </recordedVote>
    </recordedVotes>
    <sponsors>
      <item>
        <state>MO</state>
        <party>R</party>
        <district>2</district>
        <lastName>Wagner</lastName>
        <middleName />
        <fullName>Rep. Wagner, Ann [R-MO-2]</fullName>
        <identifiers>
          <lisID>2137</lisID>
          <gpoId />
          <bioguideId>W000812</bioguideId>
        </identifiers>
        <bioguideId>W000812</bioguideId>
        <firstName>Ann</firstName>
        <byRequestType />
      </item>
    </sponsors>
    <calendarNumbers>
      <item>
        <calendar>Senate Calendar of Business</calendar>
        <number>0256</number>
      </item>
    </calendarNumbers>
    <updateDate>2017-01-20T09:52:43Z</updateDate>
    <billNumber>322</billNumber>
    <laws>
      <item>
        <type>Public Law</type>
        <number>114-76</number>
      </item>
    </laws>
    <committees>
      <billCommittees>
        <item>
          <type>Standing</type>
          <activities>
            <item>
              <name>Reported by</name>
              <date>2015-10-08T18:15:24Z</date>
            </item>
            <item>
              <name>Markup by</name>
              <date>2015-10-07T14:00:00Z</date>
            </item>
            <item>
              <name>Referred to</name>
              <date>2015-09-25T16:00:31Z</date>
            </item>
          </activities>
          <subcommittees />
          <systemCode>ssga00</systemCode>
          <chamber>Senate</chamber>
          <name>Homeland Security and Governmental Affairs Committee</name>
        </item>
        <item>
          <type>Standing</type>
          <activities>
            <item>
              <name>Markup by</name>
              <date>2015-07-22T16:56:07Z</date>
            </item>
            <item>
              <name>Referred to</name>
              <date>2015-01-13T15:02:30Z</date>
            </item>
          </activities>
          <subcommittees />
          <systemCode>hsgo00</systemCode>
          <chamber>House</chamber>
          <name>Oversight and Government Reform Committee</name>
        </item>
      </billCommittees>
    </committees>
    <actions>
      <actionByCounts>
        <houseOfRepresentatives>13</houseOfRepresentatives>
        <senate>8</senate>
      </actionByCounts>
      <item>
        <text>Became Public Law No: 114-76.</text>
        <links>
          <link>
            <url>https://www.congress.gov/bill/114th-congress/house-bill/322/text/pl</url>
            <name>Public Law No: 114-76</name>
          </link>
        </links>
        <sourceSystem>
          <code>2</code>
          <name>House floor actions</name>
        </sourceSystem>
        <actionCode>E40000</actionCode>
        <type>President</type>
        <actionDate>2015-11-05</actionDate>
        <committee />
      </item>
      <item>
        <text>Became Public Law No: 114-76.</text>
        <links>
          <link>
            <url>https://www.congress.gov/bill/114th-congress/house-bill/322/text/pl</url>
            <name>Public Law No: 114-76</name>
          </link>
        </links>
        <sourceSystem>
          <code>9</code>
          <name>Library of Congress</name>
        </sourceSystem>
        <actionCode>36000</actionCode>
        <type>BecameLaw</type>
        <actionDate>2015-11-05</actionDate>
        <committee />
      </item>
      <item>
        <text>Signed by President.</text>
        <links />
        <sourceSystem>
          <code>2</code>
          <name>House floor actions</name>
        </sourceSystem>
        <actionCode>E30000</actionCode>
        <type>President</type>
        <actionDate>2015-11-05</actionDate>
        <committee />
      </item>
      <item>
        <text>Signed by President.</text>
        <links />
        <sourceSystem>
          <code>9</code>
          <name>Library of Congress</name>
        </sourceSystem>
        <actionCode>36000</actionCode>
        <type>BecameLaw</type>
        <actionDate>2015-11-05</actionDate>
        <committee />
      </item>
      <item>
        <text>Presented to President.</text>
        <links />
        <sourceSystem>
          <code>2</code>
          <name>House floor actions</name>
        </sourceSystem>
        <actionCode>E20000</actionCode>
        <type>Floor</type>
        <actionDate>2015-10-26</actionDate>
        <committee />
      </item>
      <item>
        <text>Presented to President.</text>
        <links />
        <sourceSystem>
          <code>9</code>
          <name>Library of Congress</name>
        </sourceSystem>
        <actionCode>28000</actionCode>
        <type>President</type>
        <actionDate>2015-10-26</actionDate>
        <committee />
      </item>
      <item>
        <actionDate>2015-10-21</actionDate>
        <committee />
        <links />
        <sourceSystem>
          <code>0</code>
          <name>Senate</name>
        </sourceSystem>
        <text>Message on Senate action sent to the House.</text>
        <type>Floor</type>
      </item>
      <item>
        <actionDate>2015-10-20</actionDate>
        <committee />
        <links>
          <link>
            <url>https://www.congress.gov/congressional-record/volume-161/senate-section/page/S7366</url>
            <name>S7366</name>
          </link>
        </links>
        <sourceSystem>
          <code>0</code>
          <name>Senate</name>
        </sourceSystem>
        <text>Passed Senate without amendment by Unanimous Consent. (consideration: CR S7366)</text>
        <type>Floor</type>
      </item>
      <item>
        <text>Passed/agreed to in Senate: Passed Senate without amendment by Unanimous Consent.(consideration: CR S7366)</text>
        <links>
          <link>
            <url>https://www.congress.gov/congressional-record/volume-161/senate-section/page/S7366</url>
            <name>S7366</name>
          </link>
        </links>
        <sourceSystem>
          <code>9</code>
          <name>Library of Congress</name>
        </sourceSystem>
        <actionCode>17000</actionCode>
        <type>Floor</type>
        <actionDate>2015-10-20</actionDate>
        <committee />
      </item>
      <item>
        <actionDate>2015-10-08</actionDate>
        <committee />
        <links />
        <sourceSystem>
          <code>0</code>
          <name>Senate</name>
        </sourceSystem>
        <text>Placed on Senate Legislative Calendar under General Orders. Calendar No. 256.</text>
        <type>Calendars</type>
      </item>
      <item>
        <actionDate>2015-10-08</actionDate>
        <committee>
          <systemCode>ssga00</systemCode>
          <name>Homeland Security and Governmental Affairs Committee</name>
        </committee>
        <links />
        <sourceSystem>
          <code>0</code>
          <name>Senate</name>
        </sourceSystem>
        <text>Committee on Homeland Security and Governmental Affairs. Reported by Senator Johnson without amendment. Without written report.</text>
        <type>Committee</type>
      </item>
      <item>
        <text>Committee on Homeland Security and Governmental Affairs. Reported by Senator Johnson without amendment. Without written report.</text>
        <links />
        <sourceSystem>
          <code>9</code>
          <name>Library of Congress</name>
        </sourceSystem>
        <actionCode>14000</actionCode>
        <type>Committee</type>
        <actionDate>2015-10-08</actionDate>
        <committee>
          <systemCode>ssga00</systemCode>
          <name>Homeland Security and Governmental Affairs Committee</name>
        </committee>
      </item>
      <item>
        <actionDate>2015-10-07</actionDate>
        <committee>
          <systemCode>ssga00</systemCode>
          <name>Homeland Security and Governmental Affairs Committee</name>
        </committee>
        <links />
        <sourceSystem>
          <code>0</code>
          <name>Senate</name>
        </sourceSystem>
        <text>Committee on Homeland Security and Governmental Affairs. Ordered to be reported without amendment favorably.</text>
        <type>Committee</type>
      </item>
      <item>
        <actionDate>2015-09-25</actionDate>
        <committee>
          <systemCode>ssga00</systemCode>
          <name>Homeland Security and Governmental Affairs Committee</name>
        </committee>
        <links />
        <sourceSystem>
          <code>0</code>
          <name>Senate</name>
        </sourceSystem>
        <text>Received in the Senate and Read twice and referred to the Committee on Homeland Security and Governmental Affairs.</text>
        <type>IntroReferral</type>
      </item>
      <item>
        <text>Motion to reconsider laid on the table Agreed to without objection.</text>
        <links />
        <sourceSystem>
          <code>2</code>
          <name>House floor actions</name>
        </sourceSystem>
        <actionCode>H38310</actionCode>
        <type>Floor</type>
        <actionDate>2015-09-24</actionDate>
        <committee />
        <actionTime>15:12:11</actionTime>
      </item>
      <item>
        <text>On motion to suspend the rules and pass the bill Agreed to by the Yeas and Nays: (2/3 required): 405 - 0 (Roll no. 507). (text: CR H6201)</text>
        <links>
          <link>
            <url>https://www.congress.gov/congressional-record/volume-161/house-section/page/H6201</url>
            <name>H6201</name>
          </link>
          <link>
            <url>http://clerk.house.gov/evs/2015/roll507.xml</url>
            <name>Roll no. 507</name>
          </link>
        </links>
        <sourceSystem>
          <code>2</code>
          <name>House floor actions</name>
        </sourceSystem>
        <actionCode>H37300</actionCode>
        <type>Floor</type>
        <actionDate>2015-09-24</actionDate>
        <committee />
        <actionTime>15:12:11</actionTime>
      </item>
      <item>
        <text>Passed/agreed to in House: On motion to suspend the rules and pass the bill Agreed to by the Yeas and Nays: (2/3 required): 405 - 0 (Roll no. 507).(text: CR H6201)</text>
        <links>
          <link>
            <url>https://www.congress.gov/congressional-record/volume-161/house-section/page/H6201</url>
            <name>H6201</name>
          </link>
          <link>
            <url>http://clerk.house.gov/evs/2015/roll507.xml</url>
            <name>Roll no. 507</name>
          </link>
        </links>
        <sourceSystem>
          <code>9</code>
          <name>Library of Congress</name>
        </sourceSystem>
        <actionCode>8000</actionCode>
        <type>Floor</type>
        <actionDate>2015-09-24</actionDate>
        <committee />
        <actionTime>15:12:11</actionTime>
      </item>
      <item>
        <text>Considered as unfinished business. (consideration: CR H6207)</text>
        <links>
          <link>
            <url>https://www.congress.gov/congressional-record/volume-161/house-section/page/H6207</url>
            <name>H6207</name>
          </link>
        </links>
        <sourceSystem>
          <code>2</code>
          <name>House floor actions</name>
        </sourceSystem>
        <actionCode>H30000</actionCode>
        <type>Floor</type>
        <actionDate>2015-09-24</actionDate>
        <committee />
        <actionTime>14:42:27</actionTime>
      </item>
      <item>
        <text>At the conclusion of debate, the Yeas and Nays were demanded and ordered. Pursuant to the provisions of clause 8, rule XX, the Chair announced that further proceedings on the motion would be postponed.</text>
        <links />
        <sourceSystem>
          <code>2</code>
          <name>House floor actions</name>
        </sourceSystem>
        <actionCode>H37220</actionCode>
        <type>Floor</type>
        <actionDate>2015-09-24</actionDate>
        <committee />
        <actionTime>13:54:11</actionTime>
      </item>
      <item>
        <text>DEBATE - The House proceeded with forty minutes of debate on H.R. 322.</text>
        <links>
          <link>
            <url>https://www.congress.gov/bill/114th-congress/house-bill/322</url>
            <name>H.R. 322</name>
          </link>
        </links>
        <sourceSystem>
          <code>2</code>
          <name>House floor actions</name>
        </sourceSystem>
        <actionCode>H8D000</actionCode>
        <type>Floor</type>
        <actionDate>2015-09-24</actionDate>
        <committee />
        <actionTime>13:46:46</actionTime>
      </item>
      <item>
        <text>Considered under suspension of the rules. (consideration: CR H6201-6202)</text>
        <links>
          <link>
            <url>https://www.congress.gov/congressional-record/volume-161/house-section/page/H6201-6202</url>
            <name>H6201-6202</name>
          </link>
        </links>
        <sourceSystem>
          <code>2</code>
          <name>House floor actions</name>
        </sourceSystem>
        <actionCode>H30000</actionCode>
        <type>Floor</type>
        <actionDate>2015-09-24</actionDate>
        <committee />
        <actionTime>13:46:45</actionTime>
      </item>
      <item>
        <text>Mr. Chaffetz moved to suspend the rules and pass the bill.</text>
        <links />
        <sourceSystem>
          <code>2</code>
          <name>House floor actions</name>
        </sourceSystem>
        <actionCode>H30300</actionCode>
        <type>Floor</type>
        <actionDate>2015-09-24</actionDate>
        <committee />
        <actionTime>13:46:33</actionTime>
      </item>
      <item>
        <actionDate>2015-07-22</actionDate>
        <committee>
          <systemCode>hsgo00</systemCode>
          <name>Oversight and Government Reform Committee</name>
        </committee>
        <links />
        <sourceSystem>
          <code>1</code>
          <name>House committee actions</name>
        </sourceSystem>
        <text>Ordered to be Reported by Unanimous Consent.</text>
        <type>Committee</type>
      </item>
      <item>
        <actionDate>2015-07-22</actionDate>
        <committee>
          <systemCode>hsgo00</systemCode>
          <name>Oversight and Government Reform Committee</name>
        </committee>
        <links />
        <sourceSystem>
          <code>1</code>
          <name>House committee actions</name>
        </sourceSystem>
        <text>Committee Consideration and Mark-up Session Held.</text>
        <type>Committee</type>
      </item>
      <item>
        <text>Referred to the House Committee on Oversight and Government Reform.</text>
        <links />
        <sourceSystem>
          <code>2</code>
          <name>House floor actions</name>
        </sourceSystem>
        <actionCode>H11100</actionCode>
        <type>IntroReferral</type>
        <actionDate>2015-01-13</actionDate>
        <committee>
          <systemCode>hsgo00</systemCode>
          <name>Oversight and Government Reform Committee</name>
        </committee>
      </item>
      <item>
        <text>Introduced in House</text>
        <links />
        <sourceSystem>
          <code>9</code>
          <name>Library of Congress</name>
        </sourceSystem>
        <actionCode>Intro-H</actionCode>
        <type>IntroReferral</type>
        <actionDate>2015-01-13</actionDate>
        <committee />
      </item>
      <item>
        <text>Introduced in House</text>
        <links />
        <sourceSystem>
          <code>9</code>
          <name>Library of Congress</name>
        </sourceSystem>
        <actionCode>1000</actionCode>
        <type>IntroReferral</type>
        <actionDate>2015-01-13</actionDate>
        <committee />
      </item>
      <actionTypeCounts>
        <introducedInHouse>1</introducedInHouse>
        <presentedToPresident>1</presentedToPresident>
        <motionToReconsiderResults>1</motionToReconsiderResults>
        <passedSenate>1</passedSenate>
        <motionMadeToSuspendTheRules>1</motionMadeToSuspendTheRules>
        <orderedReported>1</orderedReported>
        <actionStageOverride>1</actionStageOverride>
        <becamePublicLaw>2</becamePublicLaw>
        <referredToCommittee>1</referredToCommittee>
        <placeholderTextForE>3</placeholderTextForE>
        <generalDebate>1</generalDebate>
        <passedAgreedToInHouse>1</passedAgreedToInHouse>
        <introducedInTheHouse>1</introducedInTheHouse>
        <passedAgreedToInSenate>1</passedAgreedToInSenate>
        <sentToHouse>1</sentToHouse>
        <billReferrals>1</billReferrals>
        <placedOnCalendarGeneralOrders>1</placedOnCalendarGeneralOrders>
        <placeholderTextForH>2</placeholderTextForH>
        <reportedToSenate>2</reportedToSenate>
        <finalPassageUnderSuspensionOfTheRulesResults>1</finalPassageUnderSuspensionOfTheRulesResults>
        <considerationByHouse>2</considerationByHouse>
      </actionTypeCounts>
    </actions>
    <summaries>
      <billSummaries>
        <item>
          <updateDate>2015-01-13T05:00:00Z</updateDate>
          <text><![CDATA[Designates the facility of the United States Postal Service located at 16105 Swingley Ridge Road in Chesterfield, Missouri, as the "Sgt. Zachary M. Fisher Post Office."]]></text>
          <actionDate>2015-01-13</actionDate>
          <actionDesc>Introduced in House</actionDesc>
          <lastSummaryUpdateDate>2015-01-14T09:02:12Z</lastSummaryUpdateDate>
          <name>Introduced in House</name>
          <versionCode>00</versionCode>
        </item>
        <item>
          <updateDate>2015-11-06T04:59:58Z</updateDate>
          <text><![CDATA[<p>(This measure has not been amended since it was introduced. The summary of that version is repeated here.)</p> <p>Designates the facility of the United States Postal Service located at 16105 Swingley Ridge Road in Chesterfield, Missouri, as the "Sgt. Zachary M. Fisher Post Office."</p>]]></text>
          <actionDate>2015-11-05</actionDate>
          <actionDesc>Public Law</actionDesc>
          <lastSummaryUpdateDate>2015-11-12T19:25:00Z</lastSummaryUpdateDate>
          <name>Public Law</name>
          <versionCode>49</versionCode>
        </item>
      </billSummaries>
    </summaries>
  </bill>
  <dublinCore xmlns:dc="http://purl.org/dc/elements/1.1/">
    <dc:format>text/xml</dc:format>
    <dc:language>EN</dc:language>
    <dc:rights>Pursuant to Title 17 Section 105 of the United States Code, this file is not subject to copyright protection and is in the public domain.</dc:rights>
    <dc:contributor>Congressional Research Service, Library of Congress</dc:contributor>
    <dc:description>This file contains bill summaries and statuses for federal legislation. A bill summary describes the most significant provisions of a piece of legislation and details the effects the legislative text may have on current law and federal programs. Bill summaries are authored by the Congressional Research Service (CRS) of the Library of Congress. As stated in Public Law 91-510 (2 USC 166 (d)(6)), one of the duties of CRS is "to prepare summaries and digests of bills and resolutions of a public general nature introduced in the Senate or House of Representatives". For more information, refer to the User Guide that accompanies this file.</dc:description>
  </dublinCore>
</billStatus>

