<?xml version="1.0" encoding="UTF-8"?>
<billStatus>
  <bill>
    <policyArea>
      <name>Crime and Law Enforcement</name>
    </policyArea>
    <constitutionalAuthorityStatementText><![CDATA[<pre>From the Congressional Record Online through the Government Publishing Office [<a href='http://www.gpo.gov'>www.gpo.gov</a>]By Mr. AL GREEN of Texas:H.R. 1124.Congress has the power to enact this legislation pursuantto the following:Article 1 of the U.S. Constitution[Page H1371]</pre>]]></constitutionalAuthorityStatementText>
    <sponsors>
      <item>
        <identifiers>
          <bioguideId>G000553</bioguideId>
          <gpoId>8165</gpoId>
          <lisID>1803</lisID>
        </identifiers>
        <district>9</district>
        <byRequestType />
        <fullName>Rep. Green, Al [D-TX-9]</fullName>
        <firstName>Al</firstName>
        <state>TX</state>
        <bioguideId>G000553</bioguideId>
        <middleName />
        <party>D</party>
        <lastName>Green</lastName>
      </item>
    </sponsors>
    <committeeReports />
    <titles>
      <item>
        <chamberCode />
        <title>CAM TIP Act of 2015</title>
        <chamberName />
        <titleType>Short Titles as Introduced</titleType>
        <parentTitleType />
      </item>
      <item>
        <chamberCode />
        <title>Camera Accountability Maintenance and Transparency in Policing Act of 2015</title>
        <chamberName />
        <titleType>Short Titles as Introduced</titleType>
        <parentTitleType />
      </item>
      <item>
        <chamberCode />
        <title>To establish a grant program providing for the acquisition, operation, and maintenance of body-worn cameras for law enforcement officers, and for other purposes.</title>
        <chamberName />
        <titleType>Official Title as Introduced</titleType>
        <parentTitleType />
      </item>
      <item>
        <chamberCode />
        <title>CAM TIP Act of 2015</title>
        <chamberName />
        <titleType>Display Title</titleType>
        <parentTitleType />
      </item>
    </titles>
    <laws />
    <createDate>2015-02-27T18:29:28Z</createDate>
    <recordedVotes />
    <billNumber>1124</billNumber>
    <originChamber>House</originChamber>
    <committees>
      <billCommittees>
        <item>
          <activities>
            <item>
              <name>Referred to</name>
              <date>2015-02-26T15:02:15Z</date>
            </item>
          </activities>
          <name>Armed Services Committee</name>
          <subcommittees>
            <item>
              <activities>
                <item>
                  <name>Referred to</name>
                  <date>2015-08-13T20:38:15Z</date>
                </item>
              </activities>
              <name>Readiness Subcommittee</name>
              <systemCode>hsas03</systemCode>
            </item>
          </subcommittees>
          <chamber>House</chamber>
          <type>Standing</type>
          <systemCode>hsas00</systemCode>
        </item>
        <item>
          <activities>
            <item>
              <name>Referred to</name>
              <date>2015-02-26T15:02:10Z</date>
            </item>
          </activities>
          <name>Judiciary Committee</name>
          <subcommittees>
            <item>
              <activities>
                <item>
                  <name>Referred to</name>
                  <date>2015-03-31T21:08:57Z</date>
                </item>
              </activities>
              <name>Crime, Terrorism, Homeland Security, and Investigations Subcommittee</name>
              <systemCode>hsju08</systemCode>
            </item>
          </subcommittees>
          <chamber>House</chamber>
          <type>Standing</type>
          <systemCode>hsju00</systemCode>
        </item>
      </billCommittees>
    </committees>
    <relatedBills />
    <updateDate>2016-11-02T21:27:12Z</updateDate>
    <summaries>
      <billSummaries>
        <item>
          <actionDate>2015-02-26</actionDate>
          <updateDate>2015-02-26T05:00:00Z</updateDate>
          <name>Introduced in House</name>
          <lastSummaryUpdateDate>2015-06-11T15:35:36Z</lastSummaryUpdateDate>
          <versionCode>00</versionCode>
          <actionDesc>Introduced in House</actionDesc>
          <text><![CDATA[<p><strong>Camera Accountability Maintenance and Transparency in Policing Act of 2015 or the CAM TIP Act of 2015</strong></p> <p> Amends the Omnibus Crime Control and Safe Streets Act of 1968 to authorize the Bureau of Justice Assistance to make matching grants to states, local governments, and Indian tribes for the acquisition, operation, and maintenance of body-worn cameras for law enforcement officers.</p> <p> Requires a grantee's body camera program to:</p> <ul> <li>establish policies and procedures for when law enforcement officers should wear, activate, and deactivate such cameras;</li> <li>ensure the protection of civil liberties of members of the general public; </li> <li> limit the use of recordings of such cameras to monitor the conduct of law enforcement officers outside of their official interactions with the public; </li> <li> develop standards regarding the effective body placement of such cameras; </li> <li> describe best practices for receiving an accurate narrative from recordings;</li> <li>establish procedures for collecting and storing recordings;</li> <li> establish policies governing the availability of such recordings to the general public, to victims of crimes, and for internal use by law enforcement; and </li> <li>have guidelines and training for law enforcement officers on the proper management and use of such cameras. </li> </ul> <p>Requires grants to be awarded first to qualifying local governments with fewer than 100,000 residents, with any remaining funds awarded to other applicants on a pro rata basis. </p> <p>Directs the Attorney General to study the cost to state and local law enforcement agencies of purchasing and using body-worn or similar cameras.</p> <p>Establishes in the Department of Justice a task force to: (1) provide recommendations on community policing, (2) study the impact that citizen review boards could have on investigating cases of alleged police misconduct, and (3) conduct a survey to determine best practices and the effectiveness of the body camera requirement policy.</p> <p>Directs the Government Accountability Office to report on the Department of Defense Excess Personal Property Program.</p>]]></text>
        </item>
      </billSummaries>
    </summaries>
    <congress>114</congress>
    <title>CAM TIP Act of 2015</title>
    <calendarNumbers />
    <actions>
      <actionTypeCounts>
        <introducedInTheHouse>1</introducedInTheHouse>
        <billReferrals>2</billReferrals>
        <billReferralsAggregate>1</billReferralsAggregate>
        <placeholderTextForH>2</placeholderTextForH>
        <introducedInHouse>1</introducedInHouse>
      </actionTypeCounts>
      <actionByCounts>
        <houseOfRepresentatives>7</houseOfRepresentatives>
      </actionByCounts>
      <item>
        <actionDate>2015-08-13</actionDate>
        <committee>
          <name>Readiness Subcommittee</name>
          <systemCode>hsas03</systemCode>
        </committee>
        <links />
        <sourceSystem>
          <name>House committee actions</name>
          <code>1</code>
        </sourceSystem>
        <text>Referred to the Subcommittee on Readiness.</text>
        <type>Committee</type>
      </item>
      <item>
        <actionDate>2015-03-31</actionDate>
        <committee>
          <name>Crime, Terrorism, Homeland Security, and Investigations Subcommittee</name>
          <systemCode>hsju08</systemCode>
        </committee>
        <links />
        <sourceSystem>
          <name>House committee actions</name>
          <code>1</code>
        </sourceSystem>
        <text>Referred to the Subcommittee on Crime, Terrorism, Homeland Security, and Investigations.</text>
        <type>Committee</type>
      </item>
      <item>
        <text>Referred to House Armed Services</text>
        <sourceSystem>
          <name>House floor actions</name>
          <code>2</code>
        </sourceSystem>
        <committee>
          <name>Armed Services Committee</name>
          <systemCode>hsas00</systemCode>
        </committee>
        <type>IntroReferral</type>
        <links />
        <actionCode>H11100</actionCode>
        <actionDate>2015-02-26</actionDate>
      </item>
      <item>
        <text>Referred to the Committee on the Judiciary, and in addition to the Committee on Armed Services, for a period to be subsequently determined by the Speaker, in each case for consideration of such provisions as fall within the jurisdiction of the committee concerned.</text>
        <sourceSystem>
          <name>Library of Congress</name>
          <code>9</code>
        </sourceSystem>
        <committee />
        <type>IntroReferral</type>
        <links />
        <actionCode>H11100-A</actionCode>
        <actionDate>2015-02-26</actionDate>
      </item>
      <item>
        <text>Referred to House Judiciary</text>
        <sourceSystem>
          <name>House floor actions</name>
          <code>2</code>
        </sourceSystem>
        <committee>
          <name>Judiciary Committee</name>
          <systemCode>hsju00</systemCode>
        </committee>
        <type>IntroReferral</type>
        <links />
        <actionCode>H11100</actionCode>
        <actionDate>2015-02-26</actionDate>
      </item>
      <item>
        <text>Introduced in House</text>
        <sourceSystem>
          <name>Library of Congress</name>
          <code>9</code>
        </sourceSystem>
        <committee />
        <type>IntroReferral</type>
        <links />
        <actionCode>Intro-H</actionCode>
        <actionDate>2015-02-26</actionDate>
      </item>
      <item>
        <text>Introduced in House</text>
        <sourceSystem>
          <name>Library of Congress</name>
          <code>9</code>
        </sourceSystem>
        <committee />
        <type>IntroReferral</type>
        <links />
        <actionCode>1000</actionCode>
        <actionDate>2015-02-26</actionDate>
      </item>
    </actions>
    <amendments />
    <cboCostEstimates />
    <introducedDate>2015-02-26</introducedDate>
    <latestAction>
      <text>Referred to the Subcommittee on Readiness.</text>
      <actionDate>2015-08-13</actionDate>
      <links />
    </latestAction>
    <subjects>
      <billSubjects>
        <policyArea>
          <name>Crime and Law Enforcement</name>
        </policyArea>
        <legislativeSubjects>
          <item>
            <name>Advisory bodies</name>
          </item>
          <item>
            <name>Congressional oversight</name>
          </item>
          <item>
            <name>Crime victims</name>
          </item>
          <item>
            <name>Government studies and investigations</name>
          </item>
          <item>
            <name>Law enforcement administration and funding</name>
          </item>
          <item>
            <name>Law enforcement officers</name>
          </item>
          <item>
            <name>Military facilities and property</name>
          </item>
          <item>
            <name>Photography and imaging</name>
          </item>
        </legislativeSubjects>
      </billSubjects>
    </subjects>
    <cosponsors>
      <item>
        <isOriginalCosponsor>True</isOriginalCosponsor>
        <fullName>Rep. Cleaver, Emanuel [D-MO-5]</fullName>
        <firstName>Emanuel</firstName>
        <identifiers>
          <bioguideId>C001061</bioguideId>
          <gpoId>8013</gpoId>
          <lisID>1790</lisID>
        </identifiers>
        <state>MO</state>
        <middleName />
        <lastName>Cleaver</lastName>
        <bioguideId>C001061</bioguideId>
        <sponsorshipDate>2015-02-26</sponsorshipDate>
        <district>5</district>
        <sponsorshipWithdrawnDate />
        <party>D</party>
      </item>
      <item>
        <isOriginalCosponsor>False</isOriginalCosponsor>
        <fullName>Rep. Beyer, Donald S., Jr. [D-VA-8]</fullName>
        <firstName>Donald</firstName>
        <identifiers>
          <lisID>2272</lisID>
          <gpoId />
          <bioguideId>B001292</bioguideId>
        </identifiers>
        <state>VA</state>
        <middleName>S.</middleName>
        <lastName>Beyer</lastName>
        <bioguideId>B001292</bioguideId>
        <sponsorshipDate>2015-09-30</sponsorshipDate>
        <district>8</district>
        <sponsorshipWithdrawnDate />
        <party>D</party>
      </item>
      <item>
        <isOriginalCosponsor>False</isOriginalCosponsor>
        <fullName>Rep. Serrano, Jose E. [D-NY-15]</fullName>
        <firstName>JOSE</firstName>
        <identifiers>
          <bioguideId>S000248</bioguideId>
          <lisID>1042</lisID>
          <gpoId>8077</gpoId>
        </identifiers>
        <state>NY</state>
        <middleName>E.</middleName>
        <lastName>SERRANO</lastName>
        <bioguideId>S000248</bioguideId>
        <sponsorshipDate>2015-10-01</sponsorshipDate>
        <district>15</district>
        <sponsorshipWithdrawnDate />
        <party>D</party>
      </item>
      <item>
        <isOriginalCosponsor>False</isOriginalCosponsor>
        <fullName>Rep. Castor, Kathy [D-FL-14]</fullName>
        <firstName>Kathy</firstName>
        <identifiers>
          <bioguideId>C001066</bioguideId>
          <lisID>1839</lisID>
          <gpoId>7883</gpoId>
        </identifiers>
        <state>FL</state>
        <middleName />
        <lastName>Castor</lastName>
        <bioguideId>C001066</bioguideId>
        <sponsorshipDate>2016-07-14</sponsorshipDate>
        <district>14</district>
        <sponsorshipWithdrawnDate />
        <party>D</party>
      </item>
    </cosponsors>
    <notes />
    <billType>HR</billType>
  </bill>
  <dublinCore xmlns:dc="http://purl.org/dc/elements/1.1/">
    <dc:format>text/xml</dc:format>
    <dc:language>EN</dc:language>
    <dc:rights>Pursuant to Title 17 Section 105 of the United States Code, this file is not subject to copyright protection and is in the public domain.</dc:rights>
    <dc:contributor>Congressional Research Service, Library of Congress</dc:contributor>
    <dc:description>This file contains bill summaries and statuses for federal legislation. A bill summary describes the most significant provisions of a piece of legislation and details the effects the legislative text may have on current law and federal programs. Bill summaries are authored by the Congressional Research Service (CRS) of the Library of Congress. As stated in Public Law 91-510 (2 USC 166 (d)(6)), one of the duties of CRS is "to prepare summaries and digests of bills and resolutions of a public general nature introduced in the Senate or House of Representatives". For more information, refer to the User Guide that accompanies this file.</dc:description>
  </dublinCore>
</billStatus>

