<?xml version="1.0" encoding="UTF-8"?>
<billStatus>
  <bill>
    <committeeReports />
    <originChamber>House</originChamber>
    <titles>
      <item>
        <chamberCode />
        <chamberName />
        <title>SNAP Verify Act of 2015</title>
        <parentTitleType />
        <titleType>Short Titles as Introduced</titleType>
      </item>
      <item>
        <chamberCode />
        <chamberName />
        <title>To amend the Food and Nutrition Act of 2008 to require households that receive supplemental nutrition assistance benefits to present photographic verification at the time food is purchased with such benefits.</title>
        <parentTitleType />
        <titleType>Official Title as Introduced</titleType>
      </item>
      <item>
        <chamberCode />
        <chamberName />
        <title>SNAP Verify Act of 2015</title>
        <parentTitleType />
        <titleType>Display Title</titleType>
      </item>
    </titles>
    <sponsors>
      <item>
        <state>AZ</state>
        <byRequestType />
        <fullName>Rep. Salmon, Matt [R-AZ-5]</fullName>
        <lastName>SALMON</lastName>
        <identifiers>
          <lisID>1009</lisID>
          <gpoId />
          <bioguideId>S000018</bioguideId>
        </identifiers>
        <middleName />
        <bioguideId>S000018</bioguideId>
        <district>5</district>
        <party>R</party>
        <firstName>MATT</firstName>
      </item>
    </sponsors>
    <billNumber>733</billNumber>
    <recordedVotes />
    <latestAction>
      <links />
      <text>Referred to the Subcommittee on Nutrition.</text>
      <actionDate>2015-02-27</actionDate>
    </latestAction>
    <laws />
    <title>SNAP Verify Act of 2015</title>
    <billType>HR</billType>
    <introducedDate>2015-02-04</introducedDate>
    <updateDate>2016-11-02T21:24:48Z</updateDate>
    <calendarNumbers />
    <amendments />
    <cboCostEstimates />
    <policyArea>
      <name>Agriculture and Food</name>
    </policyArea>
    <createDate>2015-02-05T04:56:24Z</createDate>
    <notes />
    <constitutionalAuthorityStatementText><![CDATA[<pre>From the Congressional Record Online through the Government Publishing Office [<a href='http://www.gpo.gov'>www.gpo.gov</a>]By Mr. SALMON:H.R. 733.Congress has the power to enact this legislation pursuantto the following:Article I, Section 8, Clause 1: The Congress shall havePower to lay and collect Taxes, Duties, Imposts and Excises,to pay the Debts and provide for the common Defence andgeneral Welfare of the United States; but all Duties, Impostsand Excises shall be uniform throughout the United States.[Page H813]</pre>]]></constitutionalAuthorityStatementText>
    <committees>
      <billCommittees>
        <item>
          <subcommittees>
            <item>
              <systemCode>hsag03</systemCode>
              <activities>
                <item>
                  <date>2015-02-27T17:49:26Z</date>
                  <name>Referred to</name>
                </item>
              </activities>
              <name>Nutrition Subcommittee</name>
            </item>
          </subcommittees>
          <chamber>House</chamber>
          <systemCode>hsag00</systemCode>
          <activities>
            <item>
              <date>2015-02-04T15:06:15Z</date>
              <name>Referred to</name>
            </item>
          </activities>
          <type>Standing</type>
          <name>Agriculture Committee</name>
        </item>
      </billCommittees>
    </committees>
    <cosponsors>
      <item>
        <state>AZ</state>
        <fullName>Rep. Gosar, Paul A. [R-AZ-4]</fullName>
        <district>4</district>
        <sponsorshipWithdrawnDate />
        <party>R</party>
        <identifiers>
          <lisID>1992</lisID>
          <gpoId>7798</gpoId>
          <bioguideId>G000565</bioguideId>
        </identifiers>
        <middleName>A.</middleName>
        <bioguideId>G000565</bioguideId>
        <firstName>Paul</firstName>
        <lastName>Gosar</lastName>
        <isOriginalCosponsor>True</isOriginalCosponsor>
        <sponsorshipDate>2015-02-04</sponsorshipDate>
      </item>
      <item>
        <state>OK</state>
        <fullName>Rep. Bridenstine, Jim [R-OK-1]</fullName>
        <district>1</district>
        <sponsorshipWithdrawnDate />
        <party>R</party>
        <identifiers>
          <bioguideId>B001283</bioguideId>
          <gpoId />
          <lisID>2155</lisID>
        </identifiers>
        <middleName />
        <bioguideId>B001283</bioguideId>
        <firstName>Jim</firstName>
        <lastName>Bridenstine</lastName>
        <isOriginalCosponsor>True</isOriginalCosponsor>
        <sponsorshipDate>2015-02-04</sponsorshipDate>
      </item>
      <item>
        <state>MO</state>
        <fullName>Rep. Long, Billy [R-MO-7]</fullName>
        <district>7</district>
        <sponsorshipWithdrawnDate />
        <party>R</party>
        <identifiers>
          <bioguideId>L000576</bioguideId>
          <lisID>2033</lisID>
          <gpoId>8015</gpoId>
        </identifiers>
        <middleName />
        <bioguideId>L000576</bioguideId>
        <firstName>Billy</firstName>
        <lastName>Long</lastName>
        <isOriginalCosponsor>True</isOriginalCosponsor>
        <sponsorshipDate>2015-02-04</sponsorshipDate>
      </item>
      <item>
        <state>FL</state>
        <fullName>Rep. DeSantis, Ron [R-FL-6]</fullName>
        <district>6</district>
        <sponsorshipWithdrawnDate />
        <party>R</party>
        <identifiers>
          <lisID>2116</lisID>
          <gpoId />
          <bioguideId>D000621</bioguideId>
        </identifiers>
        <middleName />
        <bioguideId>D000621</bioguideId>
        <firstName>Ron</firstName>
        <lastName>DeSantis</lastName>
        <isOriginalCosponsor>True</isOriginalCosponsor>
        <sponsorshipDate>2015-02-04</sponsorshipDate>
      </item>
      <item>
        <state>AZ</state>
        <fullName>Rep. Schweikert, David [R-AZ-6]</fullName>
        <district>6</district>
        <sponsorshipWithdrawnDate />
        <party>R</party>
        <identifiers>
          <bioguideId>S001183</bioguideId>
          <lisID>1994</lisID>
          <gpoId>7802</gpoId>
        </identifiers>
        <middleName />
        <bioguideId>S001183</bioguideId>
        <firstName>David</firstName>
        <lastName>Schweikert</lastName>
        <isOriginalCosponsor>True</isOriginalCosponsor>
        <sponsorshipDate>2015-02-04</sponsorshipDate>
      </item>
      <item>
        <state>WY</state>
        <fullName>Rep. Lummis, Cynthia M. [R-WY-At Large]</fullName>
        <district>0</district>
        <sponsorshipWithdrawnDate />
        <party>R</party>
        <identifiers>
          <lisID>1960</lisID>
          <gpoId>8225</gpoId>
          <bioguideId>L000571</bioguideId>
        </identifiers>
        <middleName>M.</middleName>
        <bioguideId>L000571</bioguideId>
        <firstName>Cynthia</firstName>
        <lastName>Lummis</lastName>
        <isOriginalCosponsor>True</isOriginalCosponsor>
        <sponsorshipDate>2015-02-04</sponsorshipDate>
      </item>
      <item>
        <state>AZ</state>
        <fullName>Rep. Franks, Trent [R-AZ-8]</fullName>
        <district>8</district>
        <sponsorshipWithdrawnDate />
        <party>R</party>
        <identifiers>
          <gpoId>7799</gpoId>
          <lisID>1707</lisID>
          <bioguideId>F000448</bioguideId>
        </identifiers>
        <middleName />
        <bioguideId>F000448</bioguideId>
        <firstName>Trent</firstName>
        <lastName>Franks</lastName>
        <isOriginalCosponsor>True</isOriginalCosponsor>
        <sponsorshipDate>2015-02-04</sponsorshipDate>
      </item>
      <item>
        <state>TX</state>
        <fullName>Rep. Poe, Ted [R-TX-2]</fullName>
        <district>2</district>
        <sponsorshipWithdrawnDate />
        <party>R</party>
        <identifiers>
          <lisID>1802</lisID>
          <gpoId>8158</gpoId>
          <bioguideId>P000592</bioguideId>
        </identifiers>
        <middleName />
        <bioguideId>P000592</bioguideId>
        <firstName>Ted</firstName>
        <lastName>Poe</lastName>
        <isOriginalCosponsor>True</isOriginalCosponsor>
        <sponsorshipDate>2015-02-04</sponsorshipDate>
      </item>
      <item>
        <state>AL</state>
        <fullName>Rep. Brooks, Mo [R-AL-5]</fullName>
        <district>5</district>
        <sponsorshipWithdrawnDate />
        <party>R</party>
        <identifiers>
          <lisID>1987</lisID>
          <gpoId>7790</gpoId>
          <bioguideId>B001274</bioguideId>
        </identifiers>
        <middleName />
        <bioguideId>B001274</bioguideId>
        <firstName>Mo</firstName>
        <lastName>Brooks</lastName>
        <isOriginalCosponsor>False</isOriginalCosponsor>
        <sponsorshipDate>2015-02-05</sponsorshipDate>
      </item>
      <item>
        <state>SC</state>
        <fullName>Rep. Duncan, Jeff [R-SC-3]</fullName>
        <district>3</district>
        <sponsorshipWithdrawnDate />
        <party>R</party>
        <identifiers>
          <bioguideId>D000615</bioguideId>
          <lisID>2057</lisID>
          <gpoId>8143</gpoId>
        </identifiers>
        <middleName />
        <bioguideId>D000615</bioguideId>
        <firstName>Jeff</firstName>
        <lastName>Duncan</lastName>
        <isOriginalCosponsor>False</isOriginalCosponsor>
        <sponsorshipDate>2015-02-05</sponsorshipDate>
      </item>
      <item>
        <state>ID</state>
        <fullName>Rep. Labrador, Raul R. [R-ID-1]</fullName>
        <district>1</district>
        <sponsorshipWithdrawnDate />
        <party>R</party>
        <identifiers>
          <bioguideId>L000573</bioguideId>
          <lisID>2011</lisID>
          <gpoId>7919</gpoId>
        </identifiers>
        <middleName>R.</middleName>
        <bioguideId>L000573</bioguideId>
        <firstName>Raul</firstName>
        <lastName>Labrador</lastName>
        <isOriginalCosponsor>False</isOriginalCosponsor>
        <sponsorshipDate>2015-02-05</sponsorshipDate>
      </item>
      <item>
        <state>NE</state>
        <fullName>Rep. Fortenberry, Jeff [R-NE-1]</fullName>
        <district>1</district>
        <sponsorshipWithdrawnDate />
        <party>R</party>
        <identifiers>
          <lisID>1793</lisID>
          <bioguideId>F000449</bioguideId>
          <gpoId>8038</gpoId>
        </identifiers>
        <middleName />
        <bioguideId>F000449</bioguideId>
        <firstName>Jeff</firstName>
        <lastName>Fortenberry</lastName>
        <isOriginalCosponsor>False</isOriginalCosponsor>
        <sponsorshipDate>2015-02-10</sponsorshipDate>
      </item>
      <item>
        <state>SC</state>
        <fullName>Rep. Mulvaney, Mick [R-SC-5]</fullName>
        <district>5</district>
        <sponsorshipWithdrawnDate />
        <party>R</party>
        <identifiers>
          <bioguideId>M001182</bioguideId>
          <lisID>2059</lisID>
          <gpoId>8145</gpoId>
        </identifiers>
        <middleName />
        <bioguideId>M001182</bioguideId>
        <firstName>Mick</firstName>
        <lastName>Mulvaney</lastName>
        <isOriginalCosponsor>False</isOriginalCosponsor>
        <sponsorshipDate>2015-02-10</sponsorshipDate>
      </item>
      <item>
        <state>TX</state>
        <fullName>Rep. Babin, Brian [R-TX-36]</fullName>
        <district>36</district>
        <sponsorshipWithdrawnDate />
        <party>R</party>
        <identifiers>
          <bioguideId>B001291</bioguideId>
          <gpoId />
          <lisID>2270</lisID>
        </identifiers>
        <middleName />
        <bioguideId>B001291</bioguideId>
        <firstName>Brian</firstName>
        <lastName>Babin</lastName>
        <isOriginalCosponsor>False</isOriginalCosponsor>
        <sponsorshipDate>2015-02-20</sponsorshipDate>
      </item>
      <item>
        <state>ND</state>
        <fullName>Rep. Cramer, Kevin [R-ND-At Large]</fullName>
        <district>0</district>
        <sponsorshipWithdrawnDate />
        <party>R</party>
        <identifiers>
          <gpoId />
          <lisID>2144</lisID>
          <bioguideId>C001096</bioguideId>
        </identifiers>
        <middleName />
        <bioguideId>C001096</bioguideId>
        <firstName>Kevin</firstName>
        <lastName>Cramer</lastName>
        <isOriginalCosponsor>False</isOriginalCosponsor>
        <sponsorshipDate>2015-02-20</sponsorshipDate>
      </item>
      <item>
        <state>TX</state>
        <fullName>Rep. Hensarling, Jeb [R-TX-5]</fullName>
        <district>5</district>
        <sponsorshipWithdrawnDate />
        <party>R</party>
        <identifiers>
          <lisID>1749</lisID>
          <gpoId>8161</gpoId>
          <bioguideId>H001036</bioguideId>
        </identifiers>
        <middleName />
        <bioguideId>H001036</bioguideId>
        <firstName>Jeb</firstName>
        <lastName>Hensarling</lastName>
        <isOriginalCosponsor>False</isOriginalCosponsor>
        <sponsorshipDate>2015-03-23</sponsorshipDate>
      </item>
      <item>
        <state>FL</state>
        <fullName>Rep. Miller, Jeff [R-FL-1]</fullName>
        <district>1</district>
        <sponsorshipWithdrawnDate />
        <party>R</party>
        <identifiers>
          <gpoId>7873</gpoId>
          <lisID>1685</lisID>
          <bioguideId>M001144</bioguideId>
        </identifiers>
        <middleName />
        <bioguideId>M001144</bioguideId>
        <firstName>Jeff</firstName>
        <lastName>Miller</lastName>
        <isOriginalCosponsor>False</isOriginalCosponsor>
        <sponsorshipDate>2015-09-17</sponsorshipDate>
      </item>
    </cosponsors>
    <congress>114</congress>
    <relatedBills />
    <summaries>
      <billSummaries>
        <item>
          <updateDate>2015-02-04T05:00:00Z</updateDate>
          <lastSummaryUpdateDate>2015-05-22T21:31:52Z</lastSummaryUpdateDate>
          <actionDate>2015-02-04</actionDate>
          <text><![CDATA[<p><b>SNAP Verify Act of 2015 </b></p> <p>This bill amends the Food and Nutrition Act of 2008 to require households to present photographic identification when using an electronic benefit card for Supplemental Nutrition Assistance Program (SNAP, formerly known as the food stamp program) transactions. </p>]]></text>
          <name>Introduced in House</name>
          <versionCode>00</versionCode>
          <actionDesc>Introduced in House</actionDesc>
        </item>
      </billSummaries>
    </summaries>
    <actions>
      <actionByCounts>
        <houseOfRepresentatives>4</houseOfRepresentatives>
      </actionByCounts>
      <item>
        <actionDate>2015-02-27</actionDate>
        <committee>
          <name>Nutrition Subcommittee</name>
          <systemCode>hsag03</systemCode>
        </committee>
        <links />
        <sourceSystem>
          <name>House committee actions</name>
          <code>1</code>
        </sourceSystem>
        <text>Referred to the Subcommittee on Nutrition.</text>
        <type>Committee</type>
      </item>
      <item>
        <actionCode>H11100</actionCode>
        <links />
        <type>IntroReferral</type>
        <actionDate>2015-02-04</actionDate>
        <committee>
          <name>Agriculture Committee</name>
          <systemCode>hsag00</systemCode>
        </committee>
        <text>Referred to the House Committee on Agriculture.</text>
        <sourceSystem>
          <name>House floor actions</name>
          <code>2</code>
        </sourceSystem>
      </item>
      <item>
        <actionCode>Intro-H</actionCode>
        <links />
        <type>IntroReferral</type>
        <actionDate>2015-02-04</actionDate>
        <committee />
        <text>Introduced in House</text>
        <sourceSystem>
          <name>Library of Congress</name>
          <code>9</code>
        </sourceSystem>
      </item>
      <item>
        <actionCode>1000</actionCode>
        <links />
        <type>IntroReferral</type>
        <actionDate>2015-02-04</actionDate>
        <committee />
        <text>Introduced in House</text>
        <sourceSystem>
          <name>Library of Congress</name>
          <code>9</code>
        </sourceSystem>
      </item>
      <actionTypeCounts>
        <introducedInTheHouse>1</introducedInTheHouse>
        <billReferrals>1</billReferrals>
        <introducedInHouse>1</introducedInHouse>
        <placeholderTextForH>1</placeholderTextForH>
      </actionTypeCounts>
    </actions>
    <subjects>
      <billSubjects>
        <legislativeSubjects>
          <item>
            <name>Food assistance and relief</name>
          </item>
          <item>
            <name>Photography and imaging</name>
          </item>
          <item>
            <name>Poverty and welfare assistance</name>
          </item>
        </legislativeSubjects>
        <policyArea>
          <name>Agriculture and Food</name>
        </policyArea>
      </billSubjects>
    </subjects>
  </bill>
  <dublinCore xmlns:dc="http://purl.org/dc/elements/1.1/">
    <dc:format>text/xml</dc:format>
    <dc:language>EN</dc:language>
    <dc:rights>Pursuant to Title 17 Section 105 of the United States Code, this file is not subject to copyright protection and is in the public domain.</dc:rights>
    <dc:contributor>Congressional Research Service, Library of Congress</dc:contributor>
    <dc:description>This file contains bill summaries and statuses for federal legislation. A bill summary describes the most significant provisions of a piece of legislation and details the effects the legislative text may have on current law and federal programs. Bill summaries are authored by the Congressional Research Service (CRS) of the Library of Congress. As stated in Public Law 91-510 (2 USC 166 (d)(6)), one of the duties of CRS is "to prepare summaries and digests of bills and resolutions of a public general nature introduced in the Senate or House of Representatives". For more information, refer to the User Guide that accompanies this file.</dc:description>
  </dublinCore>
</billStatus>

