<?xml version="1.0" encoding="UTF-8"?>
<billStatus>
  <bill>
    <latestAction>
      <text>Referred to the Subcommittee on Federal Lands.</text>
      <links />
      <actionDate>2015-03-02</actionDate>
    </latestAction>
    <policyArea>
      <name>Public Lands and Natural Resources</name>
    </policyArea>
    <amendments />
    <relatedBills>
      <item>
        <latestTitle>SHARE Act</latestTitle>
        <latestAction>
          <text>Read twice and referred to the Committee on Energy and Natural Resources.</text>
          <actionDate>2016-03-01</actionDate>
        </latestAction>
        <number>2406</number>
        <relationshipDetails>
          <item>
            <identifiedBy>CRS</identifiedBy>
            <type>Related bill</type>
          </item>
        </relationshipDetails>
        <type>HR</type>
        <congress>114</congress>
      </item>
    </relatedBills>
    <billNumber>528</billNumber>
    <updateDate>2016-11-02T21:18:00Z</updateDate>
    <cboCostEstimates />
    <sponsors>
      <item>
        <fullName>Rep. Benishek, Dan [R-MI-1]</fullName>
        <firstName>Dan</firstName>
        <district>1</district>
        <lastName>Benishek</lastName>
        <byRequestType />
        <identifiers>
          <lisID>2027</lisID>
          <gpoId>7986</gpoId>
          <bioguideId>B001271</bioguideId>
        </identifiers>
        <middleName />
        <party>R</party>
        <state>MI</state>
        <bioguideId>B001271</bioguideId>
      </item>
    </sponsors>
    <notes />
    <originChamber>House</originChamber>
    <subjects>
      <billSubjects>
        <legislativeSubjects>
          <item>
            <name>Congressional oversight</name>
          </item>
          <item>
            <name>Firearms and explosives</name>
          </item>
          <item>
            <name>Forests, forestry, trees</name>
          </item>
          <item>
            <name>Hunting and fishing</name>
          </item>
          <item>
            <name>Land use and conservation</name>
          </item>
          <item>
            <name>Outdoor recreation</name>
          </item>
          <item>
            <name>Wilderness and natural areas, wildlife refuges, wild rivers, habitats</name>
          </item>
        </legislativeSubjects>
        <policyArea>
          <name>Public Lands and Natural Resources</name>
        </policyArea>
      </billSubjects>
    </subjects>
    <cosponsors>
      <item>
        <fullName>Rep. Nunnelee, Alan [R-MS-1]</fullName>
        <lastName>Nunnelee</lastName>
        <state>MS</state>
        <identifiers>
          <lisID>2034</lisID>
          <gpoId>8019</gpoId>
          <bioguideId>N000186</bioguideId>
        </identifiers>
        <bioguideId>N000186</bioguideId>
        <sponsorshipDate>2015-01-26</sponsorshipDate>
        <middleName />
        <isOriginalCosponsor>True</isOriginalCosponsor>
        <party>R</party>
        <firstName>Alan</firstName>
        <district>1</district>
        <sponsorshipWithdrawnDate />
      </item>
      <item>
        <fullName>Rep. Huizenga, Bill [R-MI-2]</fullName>
        <lastName>Huizenga</lastName>
        <state>MI</state>
        <identifiers>
          <gpoId>7987</gpoId>
          <lisID>2028</lisID>
          <bioguideId>H001058</bioguideId>
        </identifiers>
        <bioguideId>H001058</bioguideId>
        <sponsorshipDate>2015-01-26</sponsorshipDate>
        <middleName />
        <isOriginalCosponsor>True</isOriginalCosponsor>
        <party>R</party>
        <firstName>Bill</firstName>
        <district>2</district>
        <sponsorshipWithdrawnDate />
      </item>
      <item>
        <fullName>Rep. Pittenger, Robert [R-NC-9]</fullName>
        <lastName>Pittenger</lastName>
        <state>NC</state>
        <identifiers>
          <lisID>2141</lisID>
          <bioguideId>P000606</bioguideId>
          <gpoId />
        </identifiers>
        <bioguideId>P000606</bioguideId>
        <sponsorshipDate>2015-01-26</sponsorshipDate>
        <middleName />
        <isOriginalCosponsor>True</isOriginalCosponsor>
        <party>R</party>
        <firstName>Robert</firstName>
        <district>9</district>
        <sponsorshipWithdrawnDate />
      </item>
      <item>
        <fullName>Rep. Walorski, Jackie [R-IN-2]</fullName>
        <lastName>Walorski</lastName>
        <state>IN</state>
        <identifiers>
          <lisID>2128</lisID>
          <bioguideId>W000813</bioguideId>
          <gpoId />
        </identifiers>
        <bioguideId>W000813</bioguideId>
        <sponsorshipDate>2015-01-26</sponsorshipDate>
        <middleName />
        <isOriginalCosponsor>True</isOriginalCosponsor>
        <party>R</party>
        <firstName>Jackie</firstName>
        <district>2</district>
        <sponsorshipWithdrawnDate />
      </item>
      <item>
        <fullName>Rep. Hanna, Richard L. [R-NY-22]</fullName>
        <lastName>Hanna</lastName>
        <state>NY</state>
        <identifiers>
          <bioguideId>H001051</bioguideId>
          <gpoId>8085</gpoId>
          <lisID>2044</lisID>
        </identifiers>
        <bioguideId>H001051</bioguideId>
        <sponsorshipDate>2015-01-26</sponsorshipDate>
        <middleName>L.</middleName>
        <isOriginalCosponsor>True</isOriginalCosponsor>
        <party>R</party>
        <firstName>Richard</firstName>
        <district>22</district>
        <sponsorshipWithdrawnDate />
      </item>
      <item>
        <fullName>Rep. Pompeo, Mike [R-KS-4]</fullName>
        <lastName>Pompeo</lastName>
        <state>KS</state>
        <identifiers>
          <bioguideId>P000602</bioguideId>
          <lisID>2022</lisID>
          <gpoId>7952</gpoId>
        </identifiers>
        <bioguideId>P000602</bioguideId>
        <sponsorshipDate>2015-01-26</sponsorshipDate>
        <middleName />
        <isOriginalCosponsor>True</isOriginalCosponsor>
        <party>R</party>
        <firstName>Mike</firstName>
        <district>4</district>
        <sponsorshipWithdrawnDate />
      </item>
      <item>
        <fullName>Rep. Guinta, Frank C. [R-NH-1]</fullName>
        <lastName>Guinta</lastName>
        <state>NH</state>
        <identifiers>
          <lisID>2038</lisID>
          <bioguideId>G000570</bioguideId>
          <gpoId>8041</gpoId>
        </identifiers>
        <bioguideId>G000570</bioguideId>
        <sponsorshipDate>2015-01-26</sponsorshipDate>
        <middleName>C.</middleName>
        <isOriginalCosponsor>True</isOriginalCosponsor>
        <party>R</party>
        <firstName>Frank</firstName>
        <district>1</district>
        <sponsorshipWithdrawnDate />
      </item>
      <item>
        <fullName>Rep. Fincher, Stephen Lee [R-TN-8]</fullName>
        <lastName>Fincher</lastName>
        <state>TN</state>
        <identifiers>
          <bioguideId>F000458</bioguideId>
          <lisID>2064</lisID>
          <gpoId>8741</gpoId>
        </identifiers>
        <bioguideId>F000458</bioguideId>
        <sponsorshipDate>2015-01-26</sponsorshipDate>
        <middleName>Lee</middleName>
        <isOriginalCosponsor>True</isOriginalCosponsor>
        <party>R</party>
        <firstName>Stephen</firstName>
        <district>8</district>
        <sponsorshipWithdrawnDate />
      </item>
      <item>
        <fullName>Rep. Messer, Luke [R-IN-6]</fullName>
        <lastName>Messer</lastName>
        <state>IN</state>
        <identifiers>
          <lisID>2130</lisID>
          <gpoId />
          <bioguideId>M001189</bioguideId>
        </identifiers>
        <bioguideId>M001189</bioguideId>
        <sponsorshipDate>2015-01-26</sponsorshipDate>
        <middleName />
        <isOriginalCosponsor>True</isOriginalCosponsor>
        <party>R</party>
        <firstName>Luke</firstName>
        <district>6</district>
        <sponsorshipWithdrawnDate />
      </item>
      <item>
        <fullName>Rep. Brooks, Mo [R-AL-5]</fullName>
        <lastName>Brooks</lastName>
        <state>AL</state>
        <identifiers>
          <bioguideId>B001274</bioguideId>
          <lisID>1987</lisID>
          <gpoId>7790</gpoId>
        </identifiers>
        <bioguideId>B001274</bioguideId>
        <sponsorshipDate>2015-01-26</sponsorshipDate>
        <middleName />
        <isOriginalCosponsor>True</isOriginalCosponsor>
        <party>R</party>
        <firstName>Mo</firstName>
        <district>5</district>
        <sponsorshipWithdrawnDate />
      </item>
      <item>
        <fullName>Rep. Gibson, Christopher P. [R-NY-19]</fullName>
        <lastName>Gibson</lastName>
        <state>NY</state>
        <identifiers>
          <lisID>2043</lisID>
          <gpoId>8081</gpoId>
          <bioguideId>G000564</bioguideId>
        </identifiers>
        <bioguideId>G000564</bioguideId>
        <sponsorshipDate>2015-01-26</sponsorshipDate>
        <middleName>P.</middleName>
        <isOriginalCosponsor>True</isOriginalCosponsor>
        <party>R</party>
        <firstName>Christopher</firstName>
        <district>19</district>
        <sponsorshipWithdrawnDate />
      </item>
      <item>
        <fullName>Rep. Amodei, Mark E. [R-NV-2]</fullName>
        <lastName>Amodei</lastName>
        <state>NV</state>
        <identifiers>
          <lisID>2090</lisID>
          <bioguideId>A000369</bioguideId>
          <gpoId>8366</gpoId>
        </identifiers>
        <bioguideId>A000369</bioguideId>
        <sponsorshipDate>2015-01-26</sponsorshipDate>
        <middleName>E.</middleName>
        <isOriginalCosponsor>True</isOriginalCosponsor>
        <party>R</party>
        <firstName>Mark</firstName>
        <district>2</district>
        <sponsorshipWithdrawnDate />
      </item>
      <item>
        <fullName>Rep. Roe, David P. [R-TN-1]</fullName>
        <lastName>Roe</lastName>
        <state>TN</state>
        <identifiers>
          <gpoId>8148</gpoId>
          <lisID>1954</lisID>
          <bioguideId>R000582</bioguideId>
        </identifiers>
        <bioguideId>R000582</bioguideId>
        <sponsorshipDate>2015-01-26</sponsorshipDate>
        <middleName>P.</middleName>
        <isOriginalCosponsor>True</isOriginalCosponsor>
        <party>R</party>
        <firstName>David</firstName>
        <district>1</district>
        <sponsorshipWithdrawnDate />
      </item>
      <item>
        <fullName>Rep. Schweikert, David [R-AZ-6]</fullName>
        <lastName>Schweikert</lastName>
        <state>AZ</state>
        <identifiers>
          <lisID>1994</lisID>
          <bioguideId>S001183</bioguideId>
          <gpoId>7802</gpoId>
        </identifiers>
        <bioguideId>S001183</bioguideId>
        <sponsorshipDate>2015-01-26</sponsorshipDate>
        <middleName />
        <isOriginalCosponsor>True</isOriginalCosponsor>
        <party>R</party>
        <firstName>David</firstName>
        <district>6</district>
        <sponsorshipWithdrawnDate />
      </item>
      <item>
        <fullName>Rep. Zinke, Ryan K. [R-MT-At Large]</fullName>
        <lastName>Zinke</lastName>
        <state>MT</state>
        <identifiers>
          <lisID>2254</lisID>
          <gpoId />
          <bioguideId>Z000018</bioguideId>
        </identifiers>
        <bioguideId>Z000018</bioguideId>
        <sponsorshipDate>2015-01-26</sponsorshipDate>
        <middleName>K.</middleName>
        <isOriginalCosponsor>True</isOriginalCosponsor>
        <party>R</party>
        <firstName>Ryan</firstName>
        <district>0</district>
        <sponsorshipWithdrawnDate />
      </item>
      <item>
        <fullName>Rep. Westerman, Bruce [R-AR-4]</fullName>
        <lastName>Westerman</lastName>
        <state>AR</state>
        <identifiers>
          <bioguideId>W000821</bioguideId>
          <lisID>2224</lisID>
          <gpoId />
        </identifiers>
        <bioguideId>W000821</bioguideId>
        <sponsorshipDate>2015-01-26</sponsorshipDate>
        <middleName />
        <isOriginalCosponsor>True</isOriginalCosponsor>
        <party>R</party>
        <firstName>Bruce</firstName>
        <district>4</district>
        <sponsorshipWithdrawnDate />
      </item>
      <item>
        <fullName>Rep. Black, Diane [R-TN-6]</fullName>
        <lastName>Black</lastName>
        <state>TN</state>
        <identifiers>
          <bioguideId>B001273</bioguideId>
          <lisID>2063</lisID>
          <gpoId>8153</gpoId>
        </identifiers>
        <bioguideId>B001273</bioguideId>
        <sponsorshipDate>2015-01-26</sponsorshipDate>
        <middleName />
        <isOriginalCosponsor>True</isOriginalCosponsor>
        <party>R</party>
        <firstName>Diane</firstName>
        <district>6</district>
        <sponsorshipWithdrawnDate />
      </item>
      <item>
        <fullName>Rep. Palazzo, Steven M. [R-MS-4]</fullName>
        <lastName>Palazzo</lastName>
        <state>MS</state>
        <identifiers>
          <lisID>2035</lisID>
          <gpoId>8022</gpoId>
          <bioguideId>P000601</bioguideId>
        </identifiers>
        <bioguideId>P000601</bioguideId>
        <sponsorshipDate>2015-01-26</sponsorshipDate>
        <middleName>M.</middleName>
        <isOriginalCosponsor>True</isOriginalCosponsor>
        <party>R</party>
        <firstName>Steven</firstName>
        <district>4</district>
        <sponsorshipWithdrawnDate />
      </item>
      <item>
        <fullName>Rep. Womack, Steve [R-AR-3]</fullName>
        <lastName>Womack</lastName>
        <state>AR</state>
        <identifiers>
          <lisID>1991</lisID>
          <gpoId>7795</gpoId>
          <bioguideId>W000809</bioguideId>
        </identifiers>
        <bioguideId>W000809</bioguideId>
        <sponsorshipDate>2015-01-26</sponsorshipDate>
        <middleName />
        <isOriginalCosponsor>True</isOriginalCosponsor>
        <party>R</party>
        <firstName>Steve</firstName>
        <district>3</district>
        <sponsorshipWithdrawnDate />
      </item>
      <item>
        <fullName>Rep. Rice, Tom [R-SC-7]</fullName>
        <lastName>Rice</lastName>
        <state>SC</state>
        <identifiers>
          <lisID>2160</lisID>
          <bioguideId>R000597</bioguideId>
          <gpoId />
        </identifiers>
        <bioguideId>R000597</bioguideId>
        <sponsorshipDate>2015-01-26</sponsorshipDate>
        <middleName />
        <isOriginalCosponsor>True</isOriginalCosponsor>
        <party>R</party>
        <firstName>Tom</firstName>
        <district>7</district>
        <sponsorshipWithdrawnDate />
      </item>
      <item>
        <fullName>Rep. Kelly, Mike [R-PA-3]</fullName>
        <lastName>Kelly</lastName>
        <state>PA</state>
        <identifiers>
          <gpoId>8708</gpoId>
          <lisID>2051</lisID>
          <bioguideId>K000376</bioguideId>
        </identifiers>
        <bioguideId>K000376</bioguideId>
        <sponsorshipDate>2015-01-26</sponsorshipDate>
        <middleName />
        <isOriginalCosponsor>True</isOriginalCosponsor>
        <party>R</party>
        <firstName>Mike</firstName>
        <district>3</district>
        <sponsorshipWithdrawnDate />
      </item>
      <item>
        <fullName>Rep. Salmon, Matt [R-AZ-5]</fullName>
        <lastName>SALMON</lastName>
        <state>AZ</state>
        <identifiers>
          <lisID>1009</lisID>
          <bioguideId>S000018</bioguideId>
          <gpoId />
        </identifiers>
        <bioguideId>S000018</bioguideId>
        <sponsorshipDate>2015-01-26</sponsorshipDate>
        <middleName />
        <isOriginalCosponsor>True</isOriginalCosponsor>
        <party>R</party>
        <firstName>MATT</firstName>
        <district>5</district>
        <sponsorshipWithdrawnDate />
      </item>
      <item>
        <fullName>Rep. Kinzinger, Adam [R-IL-16]</fullName>
        <lastName>Kinzinger</lastName>
        <state>IL</state>
        <identifiers>
          <gpoId>7931</gpoId>
          <lisID>2014</lisID>
          <bioguideId>K000378</bioguideId>
        </identifiers>
        <bioguideId>K000378</bioguideId>
        <sponsorshipDate>2015-01-26</sponsorshipDate>
        <middleName />
        <isOriginalCosponsor>True</isOriginalCosponsor>
        <party>R</party>
        <firstName>Adam</firstName>
        <district>16</district>
        <sponsorshipWithdrawnDate />
      </item>
      <item>
        <fullName>Rep. Ribble, Reid J. [R-WI-8]</fullName>
        <lastName>Ribble</lastName>
        <state>WI</state>
        <identifiers>
          <bioguideId>R000587</bioguideId>
          <gpoId>8221</gpoId>
          <lisID>2073</lisID>
        </identifiers>
        <bioguideId>R000587</bioguideId>
        <sponsorshipDate>2015-01-26</sponsorshipDate>
        <middleName>J.</middleName>
        <isOriginalCosponsor>True</isOriginalCosponsor>
        <party>R</party>
        <firstName>Reid</firstName>
        <district>8</district>
        <sponsorshipWithdrawnDate />
      </item>
      <item>
        <fullName>Rep. Davis, Rodney [R-IL-13]</fullName>
        <lastName>Davis</lastName>
        <state>IL</state>
        <identifiers>
          <bioguideId>D000619</bioguideId>
          <lisID>2126</lisID>
          <gpoId />
        </identifiers>
        <bioguideId>D000619</bioguideId>
        <sponsorshipDate>2015-01-26</sponsorshipDate>
        <middleName />
        <isOriginalCosponsor>True</isOriginalCosponsor>
        <party>R</party>
        <firstName>Rodney</firstName>
        <district>13</district>
        <sponsorshipWithdrawnDate />
      </item>
      <item>
        <fullName>Rep. Sessions, Pete [R-TX-32]</fullName>
        <lastName>SESSIONS</lastName>
        <state>TX</state>
        <identifiers>
          <lisID>1525</lisID>
          <gpoId>8188</gpoId>
          <bioguideId>S000250</bioguideId>
        </identifiers>
        <bioguideId>S000250</bioguideId>
        <sponsorshipDate>2015-01-26</sponsorshipDate>
        <middleName />
        <isOriginalCosponsor>True</isOriginalCosponsor>
        <party>R</party>
        <firstName>PETE</firstName>
        <district>32</district>
        <sponsorshipWithdrawnDate />
      </item>
      <item>
        <fullName>Rep. Walberg, Tim [R-MI-7]</fullName>
        <lastName>Walberg</lastName>
        <state>MI</state>
        <identifiers>
          <bioguideId>W000798</bioguideId>
          <lisID>1855</lisID>
          <gpoId>7992</gpoId>
        </identifiers>
        <bioguideId>W000798</bioguideId>
        <sponsorshipDate>2015-01-26</sponsorshipDate>
        <middleName />
        <isOriginalCosponsor>True</isOriginalCosponsor>
        <party>R</party>
        <firstName>Tim</firstName>
        <district>7</district>
        <sponsorshipWithdrawnDate />
      </item>
      <item>
        <fullName>Rep. Collins, Chris [R-NY-27]</fullName>
        <lastName>Collins</lastName>
        <state>NY</state>
        <identifiers>
          <lisID>2151</lisID>
          <bioguideId>C001092</bioguideId>
          <gpoId />
        </identifiers>
        <bioguideId>C001092</bioguideId>
        <sponsorshipDate>2015-01-26</sponsorshipDate>
        <middleName />
        <isOriginalCosponsor>True</isOriginalCosponsor>
        <party>R</party>
        <firstName>Chris</firstName>
        <district>27</district>
        <sponsorshipWithdrawnDate />
      </item>
      <item>
        <fullName>Rep. Johnson, Bill [R-OH-6]</fullName>
        <lastName>Johnson</lastName>
        <state>OH</state>
        <identifiers>
          <gpoId>8096</gpoId>
          <lisID>2046</lisID>
          <bioguideId>J000292</bioguideId>
        </identifiers>
        <bioguideId>J000292</bioguideId>
        <sponsorshipDate>2015-02-09</sponsorshipDate>
        <middleName />
        <isOriginalCosponsor>False</isOriginalCosponsor>
        <party>R</party>
        <firstName>Bill</firstName>
        <district>6</district>
        <sponsorshipWithdrawnDate />
      </item>
      <item>
        <fullName>Rep. Kline, John [R-MN-2]</fullName>
        <lastName>Kline</lastName>
        <state>MN</state>
        <identifiers>
          <gpoId>8002</gpoId>
          <lisID>1733</lisID>
          <bioguideId>K000363</bioguideId>
        </identifiers>
        <bioguideId>K000363</bioguideId>
        <sponsorshipDate>2015-02-09</sponsorshipDate>
        <middleName />
        <isOriginalCosponsor>False</isOriginalCosponsor>
        <party>R</party>
        <firstName>John</firstName>
        <district>2</district>
        <sponsorshipWithdrawnDate />
      </item>
      <item>
        <fullName>Rep. Posey, Bill [R-FL-8]</fullName>
        <lastName>Posey</lastName>
        <state>FL</state>
        <identifiers>
          <bioguideId>P000599</bioguideId>
          <lisID>1915</lisID>
          <gpoId>7887</gpoId>
        </identifiers>
        <bioguideId>P000599</bioguideId>
        <sponsorshipDate>2015-02-11</sponsorshipDate>
        <middleName />
        <isOriginalCosponsor>False</isOriginalCosponsor>
        <party>R</party>
        <firstName>Bill</firstName>
        <district>8</district>
        <sponsorshipWithdrawnDate />
      </item>
      <item>
        <fullName>Rep. Moolenaar, John R. [R-MI-4]</fullName>
        <lastName>Moolenaar</lastName>
        <state>MI</state>
        <identifiers>
          <bioguideId>M001194</bioguideId>
          <gpoId />
          <lisID>2248</lisID>
        </identifiers>
        <bioguideId>M001194</bioguideId>
        <sponsorshipDate>2015-02-11</sponsorshipDate>
        <middleName>R.</middleName>
        <isOriginalCosponsor>False</isOriginalCosponsor>
        <party>R</party>
        <firstName>John</firstName>
        <district>4</district>
        <sponsorshipWithdrawnDate />
      </item>
      <item>
        <fullName>Rep. Heck, Joseph J. [R-NV-3]</fullName>
        <lastName>Heck</lastName>
        <state>NV</state>
        <identifiers>
          <lisID>2040</lisID>
          <gpoId>8061</gpoId>
          <bioguideId>H001055</bioguideId>
        </identifiers>
        <bioguideId>H001055</bioguideId>
        <sponsorshipDate>2015-02-11</sponsorshipDate>
        <middleName>J.</middleName>
        <isOriginalCosponsor>False</isOriginalCosponsor>
        <party>R</party>
        <firstName>Joseph</firstName>
        <district>3</district>
        <sponsorshipWithdrawnDate />
      </item>
      <item>
        <fullName>Rep. Young, Don [R-AK-At Large]</fullName>
        <lastName>YOUNG</lastName>
        <state>AK</state>
        <identifiers>
          <gpoId>7785</gpoId>
          <lisID>1256</lisID>
          <bioguideId>Y000033</bioguideId>
        </identifiers>
        <bioguideId>Y000033</bioguideId>
        <sponsorshipDate>2015-02-11</sponsorshipDate>
        <middleName>E.</middleName>
        <isOriginalCosponsor>False</isOriginalCosponsor>
        <party>R</party>
        <firstName>DON</firstName>
        <district>0</district>
        <sponsorshipWithdrawnDate />
      </item>
      <item>
        <fullName>Rep. Stefanik, Elise M. [R-NY-21]</fullName>
        <lastName>Stefanik</lastName>
        <state>NY</state>
        <identifiers>
          <lisID>2263</lisID>
          <gpoId />
          <bioguideId>S001196</bioguideId>
        </identifiers>
        <bioguideId>S001196</bioguideId>
        <sponsorshipDate>2015-02-12</sponsorshipDate>
        <middleName>M.</middleName>
        <isOriginalCosponsor>False</isOriginalCosponsor>
        <party>R</party>
        <firstName>Elise</firstName>
        <district>21</district>
        <sponsorshipWithdrawnDate />
      </item>
      <item>
        <fullName>Rep. Russell, Steve [R-OK-5]</fullName>
        <lastName>Russell</lastName>
        <state>OK</state>
        <identifiers>
          <bioguideId>R000604</bioguideId>
          <gpoId />
          <lisID>2265</lisID>
        </identifiers>
        <bioguideId>R000604</bioguideId>
        <sponsorshipDate>2015-03-16</sponsorshipDate>
        <middleName />
        <isOriginalCosponsor>False</isOriginalCosponsor>
        <party>R</party>
        <firstName>Steve</firstName>
        <district>5</district>
        <sponsorshipWithdrawnDate />
      </item>
      <item>
        <fullName>Rep. Gosar, Paul A. [R-AZ-4]</fullName>
        <lastName>Gosar</lastName>
        <state>AZ</state>
        <identifiers>
          <lisID>1992</lisID>
          <bioguideId>G000565</bioguideId>
          <gpoId>7798</gpoId>
        </identifiers>
        <bioguideId>G000565</bioguideId>
        <sponsorshipDate>2015-04-21</sponsorshipDate>
        <middleName>A.</middleName>
        <isOriginalCosponsor>False</isOriginalCosponsor>
        <party>R</party>
        <firstName>Paul</firstName>
        <district>4</district>
        <sponsorshipWithdrawnDate />
      </item>
      <item>
        <fullName>Rep. Miller, Candice S. [R-MI-10]</fullName>
        <lastName>Miller</lastName>
        <state>MI</state>
        <identifiers>
          <lisID>1731</lisID>
          <gpoId>8589</gpoId>
          <bioguideId>M001150</bioguideId>
        </identifiers>
        <bioguideId>M001150</bioguideId>
        <sponsorshipDate>2015-05-12</sponsorshipDate>
        <middleName>S.</middleName>
        <isOriginalCosponsor>False</isOriginalCosponsor>
        <party>R</party>
        <firstName>Candice</firstName>
        <district>10</district>
        <sponsorshipWithdrawnDate />
      </item>
      <item>
        <fullName>Rep. Barr, Andy [R-KY-6]</fullName>
        <lastName>Barr</lastName>
        <state>KY</state>
        <identifiers>
          <bioguideId>B001282</bioguideId>
          <gpoId />
          <lisID>2131</lisID>
        </identifiers>
        <bioguideId>B001282</bioguideId>
        <sponsorshipDate>2015-05-18</sponsorshipDate>
        <middleName />
        <isOriginalCosponsor>False</isOriginalCosponsor>
        <party>R</party>
        <firstName>Andy</firstName>
        <district>6</district>
        <sponsorshipWithdrawnDate />
      </item>
      <item>
        <fullName>Rep. Forbes, J. Randy [R-VA-4]</fullName>
        <lastName>Forbes</lastName>
        <state>VA</state>
        <identifiers>
          <lisID>1683</lisID>
          <gpoId>8786</gpoId>
          <bioguideId>F000445</bioguideId>
        </identifiers>
        <bioguideId>F000445</bioguideId>
        <sponsorshipDate>2015-05-18</sponsorshipDate>
        <middleName>Randy</middleName>
        <isOriginalCosponsor>False</isOriginalCosponsor>
        <party>R</party>
        <firstName>J.</firstName>
        <district>4</district>
        <sponsorshipWithdrawnDate />
      </item>
      <item>
        <fullName>Rep. Miller, Jeff [R-FL-1]</fullName>
        <lastName>Miller</lastName>
        <state>FL</state>
        <identifiers>
          <bioguideId>M001144</bioguideId>
          <lisID>1685</lisID>
          <gpoId>7873</gpoId>
        </identifiers>
        <bioguideId>M001144</bioguideId>
        <sponsorshipDate>2015-06-10</sponsorshipDate>
        <middleName />
        <isOriginalCosponsor>False</isOriginalCosponsor>
        <party>R</party>
        <firstName>Jeff</firstName>
        <district>1</district>
        <sponsorshipWithdrawnDate />
      </item>
      <item>
        <fullName>Rep. Yoder, Kevin [R-KS-3]</fullName>
        <lastName>Yoder</lastName>
        <state>KS</state>
        <identifiers>
          <lisID>2021</lisID>
          <gpoId>7951</gpoId>
          <bioguideId>Y000063</bioguideId>
        </identifiers>
        <bioguideId>Y000063</bioguideId>
        <sponsorshipDate>2015-09-29</sponsorshipDate>
        <middleName />
        <isOriginalCosponsor>False</isOriginalCosponsor>
        <party>R</party>
        <firstName>Kevin</firstName>
        <district>3</district>
        <sponsorshipWithdrawnDate />
      </item>
      <item>
        <fullName>Rep. Webster, Daniel [R-FL-10]</fullName>
        <lastName>Webster</lastName>
        <state>FL</state>
        <identifiers>
          <gpoId>7880</gpoId>
          <lisID>2002</lisID>
          <bioguideId>W000806</bioguideId>
        </identifiers>
        <bioguideId>W000806</bioguideId>
        <sponsorshipDate>2016-02-26</sponsorshipDate>
        <middleName />
        <isOriginalCosponsor>False</isOriginalCosponsor>
        <party>R</party>
        <firstName>Daniel</firstName>
        <district>10</district>
        <sponsorshipWithdrawnDate />
      </item>
    </cosponsors>
    <constitutionalAuthorityStatementText><![CDATA[<pre>From the Congressional Record Online through the Government Publishing Office [<a href='http://www.gpo.gov'>www.gpo.gov</a>]By Mr. BENISHEK:H.R. 528.Congress has the power to enact this legislation pursuantto the following:Article IV, Section 3, Clause 2.The Congress shall have Power to dispose of and make allneedful Rules and Regulations respecting the Territory orother Property belonging to the United States; and nothing inthis Constitution shall be so construed as to Prejudice anyClaims of the United States, or of any particular State.[Page H583]</pre>]]></constitutionalAuthorityStatementText>
    <calendarNumbers />
    <committeeReports />
    <billType>HR</billType>
    <title>Recreational Fishing and Hunting Heritage and Opportunities Act</title>
    <introducedDate>2015-01-26</introducedDate>
    <actions>
      <actionByCounts>
        <houseOfRepresentatives>7</houseOfRepresentatives>
      </actionByCounts>
      <item>
        <actionDate>2015-03-02</actionDate>
        <committee>
          <name>Federal Lands Subcommittee</name>
          <systemCode>hsii10</systemCode>
        </committee>
        <links />
        <sourceSystem>
          <name>House committee actions</name>
          <code>1</code>
        </sourceSystem>
        <text>Referred to the Subcommittee on Federal Lands.</text>
        <type>Committee</type>
      </item>
      <item>
        <actionDate>2015-02-05</actionDate>
        <committee>
          <name>Conservation and Forestry Subcommittee</name>
          <systemCode>hsag15</systemCode>
        </committee>
        <links />
        <sourceSystem>
          <name>House committee actions</name>
          <code>1</code>
        </sourceSystem>
        <text>Referred to the Subcommittee on Conservation and Forestry.</text>
        <type>Committee</type>
      </item>
      <item>
        <actionDate>2015-01-26</actionDate>
        <actionCode>H11100</actionCode>
        <sourceSystem>
          <name>House floor actions</name>
          <code>2</code>
        </sourceSystem>
        <links />
        <committee>
          <name>Agriculture Committee</name>
          <systemCode>hsag00</systemCode>
        </committee>
        <text>Referred to House Agriculture</text>
        <type>IntroReferral</type>
      </item>
      <item>
        <actionDate>2015-01-26</actionDate>
        <actionCode>H11100-A</actionCode>
        <sourceSystem>
          <name>Library of Congress</name>
          <code>9</code>
        </sourceSystem>
        <links />
        <committee />
        <text>Referred to the Committee on Natural Resources, and in addition to the Committee on Agriculture, for a period to be subsequently determined by the Speaker, in each case for consideration of such provisions as fall within the jurisdiction of the committee concerned.</text>
        <type>IntroReferral</type>
      </item>
      <item>
        <actionDate>2015-01-26</actionDate>
        <actionCode>H11100</actionCode>
        <sourceSystem>
          <name>House floor actions</name>
          <code>2</code>
        </sourceSystem>
        <links />
        <committee>
          <name>Natural Resources Committee</name>
          <systemCode>hsii00</systemCode>
        </committee>
        <text>Referred to House Natural Resources</text>
        <type>IntroReferral</type>
      </item>
      <item>
        <actionDate>2015-01-26</actionDate>
        <actionCode>Intro-H</actionCode>
        <sourceSystem>
          <name>Library of Congress</name>
          <code>9</code>
        </sourceSystem>
        <links />
        <committee />
        <text>Introduced in House</text>
        <type>IntroReferral</type>
      </item>
      <item>
        <actionDate>2015-01-26</actionDate>
        <actionCode>1000</actionCode>
        <sourceSystem>
          <name>Library of Congress</name>
          <code>9</code>
        </sourceSystem>
        <links />
        <committee />
        <text>Introduced in House</text>
        <type>IntroReferral</type>
      </item>
      <actionTypeCounts>
        <billReferralsAggregate>1</billReferralsAggregate>
        <placeholderTextForH>2</placeholderTextForH>
        <billReferrals>2</billReferrals>
        <introducedInTheHouse>1</introducedInTheHouse>
        <introducedInHouse>1</introducedInHouse>
      </actionTypeCounts>
    </actions>
    <congress>114</congress>
    <summaries>
      <billSummaries>
        <item>
          <versionCode>00</versionCode>
          <actionDate>2015-01-26</actionDate>
          <text><![CDATA[<p><b>Recreational Fishing and Hunting Heritage and Opportunities Act </b></p> <p> Requires federal public land management officials to facilitate the use of, and access to, federal public lands for fishing, sport hunting, and recreational shooting with specified exceptions. </p> <p> Requires Bureau of Land Management (BLM) and Forest Service lands, excluding lands on the Outer Continental Shelf, to be open to recreational fishing, hunting, and shooting unless the managing agency acts to close such lands to such activity for purposes of resource conservation, public safety, energy production, water supply facilities, or national security. </p> <p>Requires the heads of federal agencies to use their authorities to lease their lands or permit use of their lands for shooting ranges, and designate specific lands for recreational shooting activities. </p> <p> Sets forth requirements for a permanent or temporary withdrawal, change of classification, or change of management status that effectively closes or significantly restricts 640 or more contiguous acres of federal public lands for fishing or hunting or related activities. </p> <p />]]></text>
          <name>Introduced in House</name>
          <lastSummaryUpdateDate>2015-05-22T19:53:27Z</lastSummaryUpdateDate>
          <updateDate>2015-01-26T05:00:00Z</updateDate>
          <actionDesc>Introduced in House</actionDesc>
        </item>
      </billSummaries>
    </summaries>
    <laws />
    <createDate>2015-01-27T05:00:42Z</createDate>
    <titles>
      <item>
        <parentTitleType />
        <titleType>Short Titles as Introduced</titleType>
        <title>Recreational Fishing and Hunting Heritage and Opportunities Act</title>
        <chamberCode />
        <chamberName />
      </item>
      <item>
        <parentTitleType />
        <titleType>Official Title as Introduced</titleType>
        <title>To direct Federal public land management officials to exercise their authority under existing law to facilitate use of and access to Federal public lands for fishing, sport hunting, and recreational shooting, and for other purposes.</title>
        <chamberCode />
        <chamberName />
      </item>
      <item>
        <parentTitleType />
        <titleType>Display Title</titleType>
        <title>Recreational Fishing and Hunting Heritage and Opportunities Act</title>
        <chamberCode />
        <chamberName />
      </item>
    </titles>
    <recordedVotes />
    <committees>
      <billCommittees>
        <item>
          <subcommittees>
            <item>
              <systemCode>hsii10</systemCode>
              <activities>
                <item>
                  <date>2015-03-02T19:50:42Z</date>
                  <name>Referred to</name>
                </item>
              </activities>
              <name>Federal Lands Subcommittee</name>
            </item>
          </subcommittees>
          <chamber>House</chamber>
          <systemCode>hsii00</systemCode>
          <activities>
            <item>
              <date>2015-01-26T17:00:26Z</date>
              <name>Referred to</name>
            </item>
          </activities>
          <type>Standing</type>
          <name>Natural Resources Committee</name>
        </item>
        <item>
          <subcommittees>
            <item>
              <systemCode>hsag15</systemCode>
              <activities>
                <item>
                  <date>2015-02-05T14:07:30Z</date>
                  <name>Referred to</name>
                </item>
              </activities>
              <name>Conservation and Forestry Subcommittee</name>
            </item>
          </subcommittees>
          <chamber>House</chamber>
          <systemCode>hsag00</systemCode>
          <activities>
            <item>
              <date>2015-01-26T17:00:31Z</date>
              <name>Referred to</name>
            </item>
          </activities>
          <type>Standing</type>
          <name>Agriculture Committee</name>
        </item>
      </billCommittees>
    </committees>
  </bill>
  <dublinCore xmlns:dc="http://purl.org/dc/elements/1.1/">
    <dc:format>text/xml</dc:format>
    <dc:language>EN</dc:language>
    <dc:rights>Pursuant to Title 17 Section 105 of the United States Code, this file is not subject to copyright protection and is in the public domain.</dc:rights>
    <dc:contributor>Congressional Research Service, Library of Congress</dc:contributor>
    <dc:description>This file contains bill summaries and statuses for federal legislation. A bill summary describes the most significant provisions of a piece of legislation and details the effects the legislative text may have on current law and federal programs. Bill summaries are authored by the Congressional Research Service (CRS) of the Library of Congress. As stated in Public Law 91-510 (2 USC 166 (d)(6)), one of the duties of CRS is "to prepare summaries and digests of bills and resolutions of a public general nature introduced in the Senate or House of Representatives". For more information, refer to the User Guide that accompanies this file.</dc:description>
  </dublinCore>
</billStatus>

