<?xml version="1.0" encoding="UTF-8"?>
<billStatus>
  <bill>
    <notes />
    <billNumber>891</billNumber>
    <latestAction>
      <links>
        <link>
          <name>Public Law No: 114-33</name>
          <url>https://www.congress.gov/bill/114th-congress/house-bill/891/text/pl</url>
        </link>
      </links>
      <actionDate>2015-07-20</actionDate>
      <text>Became Public Law No: 114-33.</text>
    </latestAction>
    <introducedDate>2015-02-11</introducedDate>
    <amendments />
    <actions>
      <actionByCounts>
        <houseOfRepresentatives>11</houseOfRepresentatives>
        <senate>8</senate>
      </actionByCounts>
      <item>
        <text>Became Public Law No: 114-33.</text>
        <links>
          <link>
            <url>https://www.congress.gov/bill/114th-congress/house-bill/891/text/pl</url>
            <name>Public Law No: 114-33</name>
          </link>
        </links>
        <sourceSystem>
          <code>2</code>
          <name>House floor actions</name>
        </sourceSystem>
        <actionCode>E40000</actionCode>
        <type>President</type>
        <actionDate>2015-07-20</actionDate>
        <committee />
      </item>
      <item>
        <text>Became Public Law No: 114-33.</text>
        <links>
          <link>
            <url>https://www.congress.gov/bill/114th-congress/house-bill/891/text/pl</url>
            <name>Public Law No: 114-33</name>
          </link>
        </links>
        <sourceSystem>
          <code>9</code>
          <name>Library of Congress</name>
        </sourceSystem>
        <actionCode>36000</actionCode>
        <type>BecameLaw</type>
        <actionDate>2015-07-20</actionDate>
        <committee />
      </item>
      <item>
        <text>Signed by President.</text>
        <links />
        <sourceSystem>
          <code>2</code>
          <name>House floor actions</name>
        </sourceSystem>
        <actionCode>E30000</actionCode>
        <type>President</type>
        <actionDate>2015-07-20</actionDate>
        <committee />
      </item>
      <item>
        <text>Signed by President.</text>
        <links />
        <sourceSystem>
          <code>9</code>
          <name>Library of Congress</name>
        </sourceSystem>
        <actionCode>36000</actionCode>
        <type>BecameLaw</type>
        <actionDate>2015-07-20</actionDate>
        <committee />
      </item>
      <item>
        <text>Presented to President.</text>
        <links />
        <sourceSystem>
          <code>2</code>
          <name>House floor actions</name>
        </sourceSystem>
        <actionCode>E20000</actionCode>
        <type>Floor</type>
        <actionDate>2015-07-09</actionDate>
        <committee />
      </item>
      <item>
        <text>Presented to President.</text>
        <links />
        <sourceSystem>
          <code>9</code>
          <name>Library of Congress</name>
        </sourceSystem>
        <actionCode>28000</actionCode>
        <type>President</type>
        <actionDate>2015-07-09</actionDate>
        <committee />
      </item>
      <item>
        <actionDate>2015-07-09</actionDate>
        <committee />
        <links />
        <sourceSystem>
          <code>0</code>
          <name>Senate</name>
        </sourceSystem>
        <text>Message on Senate action sent to the House.</text>
        <type>Floor</type>
      </item>
      <item>
        <actionDate>2015-07-08</actionDate>
        <committee />
        <links>
          <link>
            <url>https://www.congress.gov/congressional-record/volume-161/senate-section/page/S4894</url>
            <name>S4894</name>
          </link>
        </links>
        <sourceSystem>
          <code>0</code>
          <name>Senate</name>
        </sourceSystem>
        <text>Passed Senate without amendment by Unanimous Consent. (consideration: CR S4894)</text>
        <type>Floor</type>
      </item>
      <item>
        <text>Passed/agreed to in Senate: Passed Senate without amendment by Unanimous Consent.(consideration: CR S4894)</text>
        <links>
          <link>
            <url>https://www.congress.gov/congressional-record/volume-161/senate-section/page/S4894</url>
            <name>S4894</name>
          </link>
        </links>
        <sourceSystem>
          <code>9</code>
          <name>Library of Congress</name>
        </sourceSystem>
        <actionCode>17000</actionCode>
        <type>Floor</type>
        <actionDate>2015-07-08</actionDate>
        <committee />
      </item>
      <item>
        <actionDate>2015-06-24</actionDate>
        <committee />
        <links />
        <sourceSystem>
          <code>0</code>
          <name>Senate</name>
        </sourceSystem>
        <text>Placed on Senate Legislative Calendar under General Orders. Calendar No. 129.</text>
        <type>Calendars</type>
      </item>
      <item>
        <actionDate>2015-06-24</actionDate>
        <committee>
          <systemCode>ssga00</systemCode>
          <name>Homeland Security and Governmental Affairs Committee</name>
        </committee>
        <links />
        <sourceSystem>
          <code>0</code>
          <name>Senate</name>
        </sourceSystem>
        <text>Committee on Homeland Security and Governmental Affairs. Reported by Senator Johnson without amendment. Without written report.</text>
        <type>Committee</type>
      </item>
      <item>
        <text>Committee on Homeland Security and Governmental Affairs. Reported by Senator Johnson without amendment. Without written report.</text>
        <links />
        <sourceSystem>
          <code>9</code>
          <name>Library of Congress</name>
        </sourceSystem>
        <actionCode>14000</actionCode>
        <type>Committee</type>
        <actionDate>2015-06-24</actionDate>
        <committee>
          <systemCode>ssga00</systemCode>
          <name>Homeland Security and Governmental Affairs Committee</name>
        </committee>
      </item>
      <item>
        <actionDate>2015-06-24</actionDate>
        <committee>
          <systemCode>ssga00</systemCode>
          <name>Homeland Security and Governmental Affairs Committee</name>
        </committee>
        <links />
        <sourceSystem>
          <code>0</code>
          <name>Senate</name>
        </sourceSystem>
        <text>Committee on Homeland Security and Governmental Affairs. Ordered to be reported without amendment favorably.</text>
        <type>Committee</type>
      </item>
      <item>
        <actionDate>2015-06-16</actionDate>
        <committee>
          <systemCode>ssga00</systemCode>
          <name>Homeland Security and Governmental Affairs Committee</name>
        </committee>
        <links />
        <sourceSystem>
          <code>0</code>
          <name>Senate</name>
        </sourceSystem>
        <text>Received in the Senate and Read twice and referred to the Committee on Homeland Security and Governmental Affairs.</text>
        <type>IntroReferral</type>
      </item>
      <item>
        <text>Motion to reconsider laid on the table Agreed to without objection.</text>
        <links />
        <sourceSystem>
          <code>2</code>
          <name>House floor actions</name>
        </sourceSystem>
        <actionCode>H38310</actionCode>
        <type>Floor</type>
        <actionDate>2015-06-15</actionDate>
        <committee />
        <actionTime>17:13:35</actionTime>
      </item>
      <item>
        <text>On motion to suspend the rules and pass the bill Agreed to by voice vote. (text: CR H4357)</text>
        <links>
          <link>
            <url>https://www.congress.gov/congressional-record/volume-161/house-section/page/H4357</url>
            <name>H4357</name>
          </link>
        </links>
        <sourceSystem>
          <code>2</code>
          <name>House floor actions</name>
        </sourceSystem>
        <actionCode>H37300</actionCode>
        <type>Floor</type>
        <actionDate>2015-06-15</actionDate>
        <committee />
        <actionTime>17:13:33</actionTime>
      </item>
      <item>
        <text>Passed/agreed to in House: On motion to suspend the rules and pass the bill Agreed to by voice vote.(text: CR H4357)</text>
        <links>
          <link>
            <url>https://www.congress.gov/congressional-record/volume-161/house-section/page/H4357</url>
            <name>H4357</name>
          </link>
        </links>
        <sourceSystem>
          <code>9</code>
          <name>Library of Congress</name>
        </sourceSystem>
        <actionCode>8000</actionCode>
        <type>Floor</type>
        <actionDate>2015-06-15</actionDate>
        <committee />
        <actionTime>17:13:33</actionTime>
      </item>
      <item>
        <text>DEBATE - The House proceeded with forty minutes of debate on H.R. 891.</text>
        <links>
          <link>
            <url>https://www.congress.gov/bill/114th-congress/house-bill/891</url>
            <name>H.R. 891</name>
          </link>
        </links>
        <sourceSystem>
          <code>2</code>
          <name>House floor actions</name>
        </sourceSystem>
        <actionCode>H8D000</actionCode>
        <type>Floor</type>
        <actionDate>2015-06-15</actionDate>
        <committee />
        <actionTime>17:06:53</actionTime>
      </item>
      <item>
        <text>Considered under suspension of the rules. (consideration: CR H4357-4358)</text>
        <links>
          <link>
            <url>https://www.congress.gov/congressional-record/volume-161/house-section/page/H4357-4358</url>
            <name>H4357-4358</name>
          </link>
        </links>
        <sourceSystem>
          <code>2</code>
          <name>House floor actions</name>
        </sourceSystem>
        <actionCode>H30000</actionCode>
        <type>Floor</type>
        <actionDate>2015-06-15</actionDate>
        <committee />
        <actionTime>17:06:51</actionTime>
      </item>
      <item>
        <text>Mr. Walker moved to suspend the rules and pass the bill.</text>
        <links />
        <sourceSystem>
          <code>2</code>
          <name>House floor actions</name>
        </sourceSystem>
        <actionCode>H30300</actionCode>
        <type>Floor</type>
        <actionDate>2015-06-15</actionDate>
        <committee />
        <actionTime>17:06:02</actionTime>
      </item>
      <item>
        <actionDate>2015-05-19</actionDate>
        <committee>
          <systemCode>hsgo00</systemCode>
          <name>Oversight and Government Reform Committee</name>
        </committee>
        <links />
        <sourceSystem>
          <code>1</code>
          <name>House committee actions</name>
        </sourceSystem>
        <text>Ordered to be Reported by Unanimous Consent.</text>
        <type>Committee</type>
      </item>
      <item>
        <actionDate>2015-05-19</actionDate>
        <committee>
          <systemCode>hsgo00</systemCode>
          <name>Oversight and Government Reform Committee</name>
        </committee>
        <links />
        <sourceSystem>
          <code>1</code>
          <name>House committee actions</name>
        </sourceSystem>
        <text>Committee Consideration and Mark-up Session Held.</text>
        <type>Committee</type>
      </item>
      <item>
        <text>Referred to the House Committee on Oversight and Government.</text>
        <links />
        <sourceSystem>
          <code>2</code>
          <name>House floor actions</name>
        </sourceSystem>
        <actionCode>H11100</actionCode>
        <type>IntroReferral</type>
        <actionDate>2015-02-11</actionDate>
        <committee>
          <systemCode>hsgo00</systemCode>
          <name>Oversight and Government Reform Committee</name>
        </committee>
      </item>
      <item>
        <text>Introduced in House</text>
        <links />
        <sourceSystem>
          <code>9</code>
          <name>Library of Congress</name>
        </sourceSystem>
        <actionCode>Intro-H</actionCode>
        <type>IntroReferral</type>
        <actionDate>2015-02-11</actionDate>
        <committee />
      </item>
      <item>
        <text>Introduced in House</text>
        <links />
        <sourceSystem>
          <code>9</code>
          <name>Library of Congress</name>
        </sourceSystem>
        <actionCode>1000</actionCode>
        <type>IntroReferral</type>
        <actionDate>2015-02-11</actionDate>
        <committee />
      </item>
      <actionTypeCounts>
        <introducedInHouse>1</introducedInHouse>
        <presentedToPresident>1</presentedToPresident>
        <motionToReconsiderResults>1</motionToReconsiderResults>
        <passedSenate>1</passedSenate>
        <motionMadeToSuspendTheRules>1</motionMadeToSuspendTheRules>
        <orderedReported>1</orderedReported>
        <actionStageOverride>1</actionStageOverride>
        <becamePublicLaw>2</becamePublicLaw>
        <referredToCommittee>1</referredToCommittee>
        <placeholderTextForE>3</placeholderTextForE>
        <generalDebate>1</generalDebate>
        <passedAgreedToInHouse>1</passedAgreedToInHouse>
        <introducedInTheHouse>1</introducedInTheHouse>
        <passedAgreedToInSenate>1</passedAgreedToInSenate>
        <sentToHouse>1</sentToHouse>
        <billReferrals>1</billReferrals>
        <placedOnCalendarGeneralOrders>1</placedOnCalendarGeneralOrders>
        <placeholderTextForH>1</placeholderTextForH>
        <reportedToSenate>2</reportedToSenate>
        <finalPassageUnderSuspensionOfTheRulesResults>1</finalPassageUnderSuspensionOfTheRulesResults>
        <considerationByHouse>1</considerationByHouse>
      </actionTypeCounts>
    </actions>
    <subjects>
      <billSubjects>
        <policyArea>
          <name>Government Operations and Politics</name>
        </policyArea>
        <legislativeSubjects>
          <item>
            <name>Congressional tributes</name>
          </item>
          <item>
            <name>Government buildings, facilities, and property</name>
          </item>
          <item>
            <name>Postal service</name>
          </item>
          <item>
            <name>Texas</name>
          </item>
          <item>
            <name>Veterans' organizations and recognition</name>
          </item>
        </legislativeSubjects>
      </billSubjects>
    </subjects>
    <calendarNumbers>
      <item>
        <number>0129</number>
        <calendar>Senate Calendar of Business</calendar>
      </item>
    </calendarNumbers>
    <billType>HR</billType>
    <sponsors>
      <item>
        <lastName>Cuellar</lastName>
        <firstName>Henry</firstName>
        <party>D</party>
        <fullName>Rep. Cuellar, Henry [D-TX-28]</fullName>
        <middleName />
        <state>TX</state>
        <byRequestType />
        <bioguideId>C001063</bioguideId>
        <district>28</district>
        <identifiers>
          <lisID>1807</lisID>
          <bioguideId>C001063</bioguideId>
          <gpoId>8184</gpoId>
        </identifiers>
      </item>
    </sponsors>
    <originChamber>House</originChamber>
    <recordedVotes />
    <committeeReports />
    <policyArea>
      <name>Government Operations and Politics</name>
    </policyArea>
    <cboCostEstimates />
    <summaries>
      <billSummaries>
        <item>
          <updateDate>2015-02-11T05:00:00Z</updateDate>
          <text><![CDATA[Designates the facility of the United States Postal Service located at 141 Paloma Drive in Floresville, Texas, as the "Floresville Veterans Post Office Building."]]></text>
          <actionDate>2015-02-11</actionDate>
          <actionDesc>Introduced in House</actionDesc>
          <lastSummaryUpdateDate>2015-02-12T09:02:28Z</lastSummaryUpdateDate>
          <name>Introduced in House</name>
          <versionCode>00</versionCode>
        </item>
        <item>
          <updateDate>2015-07-21T03:59:58Z</updateDate>
          <text><![CDATA[<p>(This measure has not been amended since it was introduced. The summary of that version is repeated here.)</p> <p>Designates the facility of the United States Postal Service located at 141 Paloma Drive in Floresville, Texas, as the "Floresville Veterans Post Office Building."</p>]]></text>
          <actionDate>2015-07-20</actionDate>
          <actionDesc>Public Law</actionDesc>
          <lastSummaryUpdateDate>2015-07-27T21:31:37Z</lastSummaryUpdateDate>
          <name>Public Law</name>
          <versionCode>49</versionCode>
        </item>
      </billSummaries>
    </summaries>
    <createDate>2015-02-12T05:30:26Z</createDate>
    <committees>
      <billCommittees>
        <item>
          <subcommittees />
          <chamber>Senate</chamber>
          <name>Homeland Security and Governmental Affairs Committee</name>
          <activities>
            <item>
              <date>2015-06-24T21:53:49Z</date>
              <name>Reported by</name>
            </item>
            <item>
              <date>2015-06-24T14:00:00Z</date>
              <name>Markup by</name>
            </item>
            <item>
              <date>2015-06-16T20:49:36Z</date>
              <name>Referred to</name>
            </item>
          </activities>
          <type>Standing</type>
          <systemCode>ssga00</systemCode>
        </item>
        <item>
          <subcommittees />
          <chamber>House</chamber>
          <name>Oversight and Government Reform Committee</name>
          <activities>
            <item>
              <date>2015-05-19T20:32:30Z</date>
              <name>Markup by</name>
            </item>
            <item>
              <date>2015-02-11T15:01:25Z</date>
              <name>Referred to</name>
            </item>
          </activities>
          <type>Standing</type>
          <systemCode>hsgo00</systemCode>
        </item>
      </billCommittees>
    </committees>
    <relatedBills />
    <laws>
      <item>
        <type>Public Law</type>
        <number>114-33</number>
      </item>
    </laws>
    <titles>
      <item>
        <chamberName />
        <chamberCode />
        <titleType>Official Title as Introduced</titleType>
        <parentTitleType />
        <title>To designate the facility of the United States Postal Service located at 141 Paloma Drive in Floresville, Texas, as the "Floresville Veterans Post Office Building".</title>
      </item>
      <item>
        <chamberName />
        <chamberCode />
        <titleType>Display Title</titleType>
        <parentTitleType />
        <title>To designate the facility of the United States Postal Service located at 141 Paloma Drive in Floresville, Texas, as the "Floresville Veterans Post Office Building".</title>
      </item>
    </titles>
    <cosponsors>
      <item>
        <middleName>R.</middleName>
        <state>TX</state>
        <fullName>Rep. Carter, John R. [R-TX-31]</fullName>
        <bioguideId>C001051</bioguideId>
        <isOriginalCosponsor>False</isOriginalCosponsor>
        <sponsorshipDate>2015-04-13</sponsorshipDate>
        <sponsorshipWithdrawnDate />
        <party>R</party>
        <firstName>John</firstName>
        <lastName>Carter</lastName>
        <district>31</district>
        <identifiers>
          <lisID>1752</lisID>
          <bioguideId>C001051</bioguideId>
          <gpoId>8187</gpoId>
        </identifiers>
      </item>
      <item>
        <middleName />
        <state>TX</state>
        <fullName>Rep. Sessions, Pete [R-TX-32]</fullName>
        <bioguideId>S000250</bioguideId>
        <isOriginalCosponsor>False</isOriginalCosponsor>
        <sponsorshipDate>2015-04-13</sponsorshipDate>
        <sponsorshipWithdrawnDate />
        <party>R</party>
        <firstName>PETE</firstName>
        <lastName>SESSIONS</lastName>
        <district>32</district>
        <identifiers>
          <lisID>1525</lisID>
          <gpoId>8188</gpoId>
          <bioguideId>S000250</bioguideId>
        </identifiers>
      </item>
      <item>
        <middleName />
        <state>TX</state>
        <fullName>Rep. Williams, Roger [R-TX-25]</fullName>
        <bioguideId>W000816</bioguideId>
        <isOriginalCosponsor>False</isOriginalCosponsor>
        <sponsorshipDate>2015-04-13</sponsorshipDate>
        <sponsorshipWithdrawnDate />
        <party>R</party>
        <firstName>Roger</firstName>
        <lastName>Williams</lastName>
        <district>25</district>
        <identifiers>
          <lisID>2165</lisID>
          <bioguideId>W000816</bioguideId>
          <gpoId />
        </identifiers>
      </item>
      <item>
        <middleName />
        <state>TX</state>
        <fullName>Rep. Green, Gene [D-TX-29]</fullName>
        <bioguideId>G000410</bioguideId>
        <isOriginalCosponsor>False</isOriginalCosponsor>
        <sponsorshipDate>2015-04-13</sponsorshipDate>
        <sponsorshipWithdrawnDate />
        <party>D</party>
        <firstName>GENE</firstName>
        <lastName>GREEN</lastName>
        <district>29</district>
        <identifiers>
          <gpoId>8185</gpoId>
          <bioguideId>G000410</bioguideId>
          <lisID>462</lisID>
        </identifiers>
      </item>
      <item>
        <middleName />
        <state>TX</state>
        <fullName>Rep. Farenthold, Blake [R-TX-27]</fullName>
        <bioguideId>F000460</bioguideId>
        <isOriginalCosponsor>False</isOriginalCosponsor>
        <sponsorshipDate>2015-04-13</sponsorshipDate>
        <sponsorshipWithdrawnDate />
        <party>R</party>
        <firstName>Blake</firstName>
        <lastName>Farenthold</lastName>
        <district>27</district>
        <identifiers>
          <lisID>2067</lisID>
          <bioguideId>F000460</bioguideId>
          <gpoId>8183</gpoId>
        </identifiers>
      </item>
      <item>
        <middleName />
        <state>TX</state>
        <fullName>Rep. Vela, Filemon [D-TX-34]</fullName>
        <bioguideId>V000132</bioguideId>
        <isOriginalCosponsor>False</isOriginalCosponsor>
        <sponsorshipDate>2015-04-13</sponsorshipDate>
        <sponsorshipWithdrawnDate />
        <party>D</party>
        <firstName>Filemon</firstName>
        <lastName>Vela</lastName>
        <district>34</district>
        <identifiers>
          <bioguideId>V000132</bioguideId>
          <gpoId />
          <lisID>2167</lisID>
        </identifiers>
      </item>
      <item>
        <middleName />
        <state>TX</state>
        <fullName>Rep. Hinojosa, Ruben [D-TX-15]</fullName>
        <bioguideId>H000636</bioguideId>
        <isOriginalCosponsor>False</isOriginalCosponsor>
        <sponsorshipDate>2015-04-13</sponsorshipDate>
        <sponsorshipWithdrawnDate />
        <party>D</party>
        <firstName>RUBEN</firstName>
        <lastName>HINOJOSA</lastName>
        <district>15</district>
        <identifiers>
          <bioguideId>H000636</bioguideId>
          <lisID>1490</lisID>
          <gpoId>8171</gpoId>
        </identifiers>
      </item>
      <item>
        <middleName />
        <state>TX</state>
        <fullName>Rep. Jackson Lee, Sheila [D-TX-18]</fullName>
        <bioguideId>J000032</bioguideId>
        <isOriginalCosponsor>False</isOriginalCosponsor>
        <sponsorshipDate>2015-04-13</sponsorshipDate>
        <sponsorshipWithdrawnDate />
        <party>D</party>
        <firstName>SHEILA</firstName>
        <lastName>JACKSON LEE</lastName>
        <district>18</district>
        <identifiers>
          <lisID>588</lisID>
          <bioguideId>J000032</bioguideId>
          <gpoId>8174</gpoId>
        </identifiers>
      </item>
      <item>
        <middleName />
        <state>TX</state>
        <fullName>Rep. Green, Al [D-TX-9]</fullName>
        <bioguideId>G000553</bioguideId>
        <isOriginalCosponsor>False</isOriginalCosponsor>
        <sponsorshipDate>2015-04-13</sponsorshipDate>
        <sponsorshipWithdrawnDate />
        <party>D</party>
        <firstName>Al</firstName>
        <lastName>Green</lastName>
        <district>9</district>
        <identifiers>
          <bioguideId>G000553</bioguideId>
          <lisID>1803</lisID>
          <gpoId>8165</gpoId>
        </identifiers>
      </item>
      <item>
        <middleName>BERNICE</middleName>
        <state>TX</state>
        <fullName>Rep. Johnson, Eddie Bernice [D-TX-30]</fullName>
        <bioguideId>J000126</bioguideId>
        <isOriginalCosponsor>False</isOriginalCosponsor>
        <sponsorshipDate>2015-04-13</sponsorshipDate>
        <sponsorshipWithdrawnDate />
        <party>D</party>
        <firstName>EDDIE</firstName>
        <lastName>JOHNSON</lastName>
        <district>30</district>
        <identifiers>
          <lisID>599</lisID>
          <bioguideId>J000126</bioguideId>
          <gpoId>8186</gpoId>
        </identifiers>
      </item>
      <item>
        <middleName>Michael</middleName>
        <state>TX</state>
        <fullName>Rep. Conaway, K. Michael [R-TX-11]</fullName>
        <bioguideId>C001062</bioguideId>
        <isOriginalCosponsor>False</isOriginalCosponsor>
        <sponsorshipDate>2015-04-13</sponsorshipDate>
        <sponsorshipWithdrawnDate />
        <party>R</party>
        <firstName>K.</firstName>
        <lastName>Conaway</lastName>
        <district>11</district>
        <identifiers>
          <bioguideId>C001062</bioguideId>
          <gpoId>8167</gpoId>
          <lisID>1805</lisID>
        </identifiers>
      </item>
      <item>
        <middleName>ABNEY</middleName>
        <state>TX</state>
        <fullName>Rep. Culberson, John Abney [R-TX-7]</fullName>
        <bioguideId>C001048</bioguideId>
        <isOriginalCosponsor>False</isOriginalCosponsor>
        <sponsorshipDate>2015-04-13</sponsorshipDate>
        <sponsorshipWithdrawnDate />
        <party>R</party>
        <firstName>JOHN</firstName>
        <lastName>CULBERSON</lastName>
        <district>7</district>
        <identifiers>
          <lisID>1670</lisID>
          <gpoId>8163</gpoId>
          <bioguideId>C001048</bioguideId>
        </identifiers>
      </item>
      <item>
        <middleName />
        <state>TX</state>
        <fullName>Rep. Ratcliffe, John [R-TX-4]</fullName>
        <bioguideId>R000601</bioguideId>
        <isOriginalCosponsor>False</isOriginalCosponsor>
        <sponsorshipDate>2015-04-22</sponsorshipDate>
        <sponsorshipWithdrawnDate />
        <party>R</party>
        <firstName>John</firstName>
        <lastName>Ratcliffe</lastName>
        <district>4</district>
        <identifiers>
          <bioguideId>R000601</bioguideId>
          <gpoId />
          <lisID>2268</lisID>
        </identifiers>
      </item>
      <item>
        <middleName />
        <state>TX</state>
        <fullName>Rep. Smith, Lamar [R-TX-21]</fullName>
        <bioguideId>S000583</bioguideId>
        <isOriginalCosponsor>False</isOriginalCosponsor>
        <sponsorshipDate>2015-04-22</sponsorshipDate>
        <sponsorshipWithdrawnDate />
        <party>R</party>
        <firstName>LAMAR</firstName>
        <lastName>SMITH</lastName>
        <district>21</district>
        <identifiers>
          <gpoId>8177</gpoId>
          <bioguideId>S000583</bioguideId>
          <lisID>1075</lisID>
        </identifiers>
      </item>
      <item>
        <middleName />
        <state>TX</state>
        <fullName>Rep. Babin, Brian [R-TX-36]</fullName>
        <bioguideId>B001291</bioguideId>
        <isOriginalCosponsor>False</isOriginalCosponsor>
        <sponsorshipDate>2015-04-22</sponsorshipDate>
        <sponsorshipWithdrawnDate />
        <party>R</party>
        <firstName>Brian</firstName>
        <lastName>Babin</lastName>
        <district>36</district>
        <identifiers>
          <gpoId />
          <lisID>2270</lisID>
          <bioguideId>B001291</bioguideId>
        </identifiers>
      </item>
      <item>
        <middleName />
        <state>TX</state>
        <fullName>Rep. Marchant, Kenny [R-TX-24]</fullName>
        <bioguideId>M001158</bioguideId>
        <isOriginalCosponsor>False</isOriginalCosponsor>
        <sponsorshipDate>2015-04-22</sponsorshipDate>
        <sponsorshipWithdrawnDate />
        <party>R</party>
        <firstName>Kenny</firstName>
        <lastName>Marchant</lastName>
        <district>24</district>
        <identifiers>
          <lisID>1806</lisID>
          <gpoId>8766</gpoId>
          <bioguideId>M001158</bioguideId>
        </identifiers>
      </item>
      <item>
        <middleName>A.</middleName>
        <state>TX</state>
        <fullName>Rep. Veasey, Marc A. [D-TX-33]</fullName>
        <bioguideId>V000131</bioguideId>
        <isOriginalCosponsor>False</isOriginalCosponsor>
        <sponsorshipDate>2015-04-22</sponsorshipDate>
        <sponsorshipWithdrawnDate />
        <party>D</party>
        <firstName>Marc</firstName>
        <lastName>Veasey</lastName>
        <district>33</district>
        <identifiers>
          <bioguideId>V000131</bioguideId>
          <lisID>2166</lisID>
          <gpoId />
        </identifiers>
      </item>
      <item>
        <middleName />
        <state>TX</state>
        <fullName>Rep. Hurd, Will [R-TX-23]</fullName>
        <bioguideId>H001073</bioguideId>
        <isOriginalCosponsor>False</isOriginalCosponsor>
        <sponsorshipDate>2015-04-22</sponsorshipDate>
        <sponsorshipWithdrawnDate />
        <party>R</party>
        <firstName>Will</firstName>
        <lastName>Hurd</lastName>
        <district>23</district>
        <identifiers>
          <bioguideId>H001073</bioguideId>
          <lisID>2269</lisID>
          <gpoId />
        </identifiers>
      </item>
      <item>
        <middleName />
        <state>TX</state>
        <fullName>Rep. Granger, Kay [R-TX-12]</fullName>
        <bioguideId>G000377</bioguideId>
        <isOriginalCosponsor>False</isOriginalCosponsor>
        <sponsorshipDate>2015-04-22</sponsorshipDate>
        <sponsorshipWithdrawnDate />
        <party>R</party>
        <firstName>KAY</firstName>
        <lastName>GRANGER</lastName>
        <district>12</district>
        <identifiers>
          <lisID>1487</lisID>
          <bioguideId>G000377</bioguideId>
          <gpoId>8168</gpoId>
        </identifiers>
      </item>
      <item>
        <middleName />
        <state>TX</state>
        <fullName>Rep. Hensarling, Jeb [R-TX-5]</fullName>
        <bioguideId>H001036</bioguideId>
        <isOriginalCosponsor>False</isOriginalCosponsor>
        <sponsorshipDate>2015-04-22</sponsorshipDate>
        <sponsorshipWithdrawnDate />
        <party>R</party>
        <firstName>Jeb</firstName>
        <lastName>Hensarling</lastName>
        <district>5</district>
        <identifiers>
          <bioguideId>H001036</bioguideId>
          <gpoId>8161</gpoId>
          <lisID>1749</lisID>
        </identifiers>
      </item>
      <item>
        <middleName />
        <state>TX</state>
        <fullName>Rep. Johnson, Sam [R-TX-3]</fullName>
        <bioguideId>J000174</bioguideId>
        <isOriginalCosponsor>False</isOriginalCosponsor>
        <sponsorshipDate>2015-04-22</sponsorshipDate>
        <sponsorshipWithdrawnDate />
        <party>R</party>
        <firstName>SAM</firstName>
        <lastName>JOHNSON</lastName>
        <district>3</district>
        <identifiers>
          <gpoId>8159</gpoId>
          <lisID>603</lisID>
          <bioguideId>J000174</bioguideId>
        </identifiers>
      </item>
      <item>
        <middleName />
        <state>TX</state>
        <fullName>Rep. Poe, Ted [R-TX-2]</fullName>
        <bioguideId>P000592</bioguideId>
        <isOriginalCosponsor>False</isOriginalCosponsor>
        <sponsorshipDate>2015-04-29</sponsorshipDate>
        <sponsorshipWithdrawnDate />
        <party>R</party>
        <firstName>Ted</firstName>
        <lastName>Poe</lastName>
        <district>2</district>
        <identifiers>
          <lisID>1802</lisID>
          <gpoId>8158</gpoId>
          <bioguideId>P000592</bioguideId>
        </identifiers>
      </item>
      <item>
        <middleName>L.</middleName>
        <state>TX</state>
        <fullName>Rep. Barton, Joe [R-TX-6]</fullName>
        <bioguideId>B000213</bioguideId>
        <isOriginalCosponsor>False</isOriginalCosponsor>
        <sponsorshipDate>2015-04-29</sponsorshipDate>
        <sponsorshipWithdrawnDate />
        <party>R</party>
        <firstName>JOE</firstName>
        <lastName>BARTON</lastName>
        <district>6</district>
        <identifiers>
          <bioguideId>B000213</bioguideId>
          <lisID>62</lisID>
          <gpoId>8162</gpoId>
        </identifiers>
      </item>
      <item>
        <middleName />
        <state>TX</state>
        <fullName>Rep. Olson, Pete [R-TX-22]</fullName>
        <bioguideId>O000168</bioguideId>
        <isOriginalCosponsor>False</isOriginalCosponsor>
        <sponsorshipDate>2015-04-29</sponsorshipDate>
        <sponsorshipWithdrawnDate />
        <party>R</party>
        <firstName>Pete</firstName>
        <lastName>Olson</lastName>
        <district>22</district>
        <identifiers>
          <bioguideId>O000168</bioguideId>
          <gpoId>8178</gpoId>
          <lisID>1955</lisID>
        </identifiers>
      </item>
      <item>
        <middleName />
        <state>TX</state>
        <fullName>Rep. Flores, Bill [R-TX-17]</fullName>
        <bioguideId>F000461</bioguideId>
        <isOriginalCosponsor>False</isOriginalCosponsor>
        <sponsorshipDate>2015-04-29</sponsorshipDate>
        <sponsorshipWithdrawnDate />
        <party>R</party>
        <firstName>Bill</firstName>
        <lastName>Flores</lastName>
        <district>17</district>
        <identifiers>
          <lisID>2065</lisID>
          <bioguideId>F000461</bioguideId>
          <gpoId>8173</gpoId>
        </identifiers>
      </item>
      <item>
        <middleName />
        <state>TX</state>
        <fullName>Rep. Brady, Kevin [R-TX-8]</fullName>
        <bioguideId>B000755</bioguideId>
        <isOriginalCosponsor>False</isOriginalCosponsor>
        <sponsorshipDate>2015-04-29</sponsorshipDate>
        <sponsorshipWithdrawnDate />
        <party>R</party>
        <firstName>KEVIN</firstName>
        <lastName>BRADY</lastName>
        <district>8</district>
        <identifiers>
          <gpoId>8164</gpoId>
          <lisID>1468</lisID>
          <bioguideId>B000755</bioguideId>
        </identifiers>
      </item>
      <item>
        <middleName>K.</middleName>
        <state>TX</state>
        <fullName>Rep. Weber, Randy K., Sr. [R-TX-14]</fullName>
        <bioguideId>W000814</bioguideId>
        <isOriginalCosponsor>False</isOriginalCosponsor>
        <sponsorshipDate>2015-04-29</sponsorshipDate>
        <sponsorshipWithdrawnDate />
        <party>R</party>
        <firstName>Randy</firstName>
        <lastName>Weber</lastName>
        <district>14</district>
        <identifiers>
          <lisID>2161</lisID>
          <bioguideId>W000814</bioguideId>
          <gpoId />
        </identifiers>
      </item>
      <item>
        <middleName />
        <state>TX</state>
        <fullName>Rep. Neugebauer, Randy [R-TX-19]</fullName>
        <bioguideId>N000182</bioguideId>
        <isOriginalCosponsor>False</isOriginalCosponsor>
        <sponsorshipDate>2015-04-29</sponsorshipDate>
        <sponsorshipWithdrawnDate />
        <party>R</party>
        <firstName>Randy</firstName>
        <lastName>Neugebauer</lastName>
        <district>19</district>
        <identifiers>
          <lisID>1758</lisID>
          <bioguideId>N000182</bioguideId>
          <gpoId>8175</gpoId>
        </identifiers>
      </item>
      <item>
        <middleName />
        <state>TX</state>
        <fullName>Rep. Castro, Joaquin [D-TX-20]</fullName>
        <bioguideId>C001091</bioguideId>
        <isOriginalCosponsor>False</isOriginalCosponsor>
        <sponsorshipDate>2015-04-29</sponsorshipDate>
        <sponsorshipWithdrawnDate />
        <party>D</party>
        <firstName>Joaquin</firstName>
        <lastName>Castro</lastName>
        <district>20</district>
        <identifiers>
          <bioguideId>C001091</bioguideId>
          <lisID>2163</lisID>
          <gpoId />
        </identifiers>
      </item>
      <item>
        <middleName>C.</middleName>
        <state>TX</state>
        <fullName>Rep. Burgess, Michael C. [R-TX-26]</fullName>
        <bioguideId>B001248</bioguideId>
        <isOriginalCosponsor>False</isOriginalCosponsor>
        <sponsorshipDate>2015-04-29</sponsorshipDate>
        <sponsorshipWithdrawnDate />
        <party>R</party>
        <firstName>Michael</firstName>
        <lastName>Burgess</lastName>
        <district>26</district>
        <identifiers>
          <gpoId>8182</gpoId>
          <bioguideId>B001248</bioguideId>
          <lisID>1751</lisID>
        </identifiers>
      </item>
      <item>
        <middleName />
        <state>TX</state>
        <fullName>Rep. Doggett, Lloyd [D-TX-35]</fullName>
        <bioguideId>D000399</bioguideId>
        <isOriginalCosponsor>False</isOriginalCosponsor>
        <sponsorshipDate>2015-04-29</sponsorshipDate>
        <sponsorshipWithdrawnDate />
        <party>D</party>
        <firstName>LLOYD</firstName>
        <lastName>DOGGETT</lastName>
        <district>35</district>
        <identifiers>
          <gpoId>8181</gpoId>
          <lisID>303</lisID>
          <bioguideId>D000399</bioguideId>
        </identifiers>
      </item>
      <item>
        <middleName>T.</middleName>
        <state>TX</state>
        <fullName>Rep. McCaul, Michael T. [R-TX-10]</fullName>
        <bioguideId>M001157</bioguideId>
        <isOriginalCosponsor>False</isOriginalCosponsor>
        <sponsorshipDate>2015-04-29</sponsorshipDate>
        <sponsorshipWithdrawnDate />
        <party>R</party>
        <firstName>Michael</firstName>
        <lastName>McCaul</lastName>
        <district>10</district>
        <identifiers>
          <gpoId>8166</gpoId>
          <bioguideId>M001157</bioguideId>
          <lisID>1804</lisID>
        </identifiers>
      </item>
      <item>
        <middleName>M.</middleName>
        <state>TX</state>
        <fullName>Rep. Thornberry, Mac [R-TX-13]</fullName>
        <bioguideId>T000238</bioguideId>
        <isOriginalCosponsor>False</isOriginalCosponsor>
        <sponsorshipDate>2015-04-29</sponsorshipDate>
        <sponsorshipWithdrawnDate />
        <party>R</party>
        <firstName>WILLIAM</firstName>
        <lastName>THORNBERRY</lastName>
        <district>13</district>
        <identifiers>
          <lisID>1155</lisID>
          <bioguideId>T000238</bioguideId>
          <gpoId>8755</gpoId>
        </identifiers>
      </item>
      <item>
        <middleName />
        <state>TX</state>
        <fullName>Rep. Gohmert, Louie [R-TX-1]</fullName>
        <bioguideId>G000552</bioguideId>
        <isOriginalCosponsor>False</isOriginalCosponsor>
        <sponsorshipDate>2015-04-29</sponsorshipDate>
        <sponsorshipWithdrawnDate />
        <party>R</party>
        <firstName>Louie</firstName>
        <lastName>Gohmert</lastName>
        <district>1</district>
        <identifiers>
          <bioguideId>G000552</bioguideId>
          <lisID>1801</lisID>
          <gpoId>8157</gpoId>
        </identifiers>
      </item>
      <item>
        <middleName />
        <state>TX</state>
        <fullName>Rep. O'Rourke, Beto [D-TX-16]</fullName>
        <bioguideId>O000170</bioguideId>
        <isOriginalCosponsor>False</isOriginalCosponsor>
        <sponsorshipDate>2015-04-29</sponsorshipDate>
        <sponsorshipWithdrawnDate />
        <party>D</party>
        <firstName>Beto</firstName>
        <lastName>O'Rourke</lastName>
        <district>16</district>
        <identifiers>
          <bioguideId>O000170</bioguideId>
          <lisID>2162</lisID>
          <gpoId />
        </identifiers>
      </item>
    </cosponsors>
    <updateDate>2017-01-20T09:53:04Z</updateDate>
    <constitutionalAuthorityStatementText><![CDATA[<pre>From the Congressional Record Online through the Government Publishing Office [<a href='http://www.gpo.gov'>www.gpo.gov</a>]By Mr. CUELLAR:H.R. 891.Congress has the power to enact this legislation pursuantto the following:THE U.S. CONSTITUTIONARTICLE I, SECTION 8: POWERS OF CONGRESSCLAUSE 18The Congress shall have power . . . To make all laws whichshall be necessary and proper for carrying into execution theforegoing powers, and all other powers vested by thisConstitution in the government of the United States, or inany department or officer thereof[Page H983]</pre>]]></constitutionalAuthorityStatementText>
    <title>To designate the facility of the United States Postal Service located at 141 Paloma Drive in Floresville, Texas, as the "Floresville Veterans Post Office Building".</title>
    <congress>114</congress>
  </bill>
  <dublinCore xmlns:dc="http://purl.org/dc/elements/1.1/">
    <dc:format>text/xml</dc:format>
    <dc:language>EN</dc:language>
    <dc:rights>Pursuant to Title 17 Section 105 of the United States Code, this file is not subject to copyright protection and is in the public domain.</dc:rights>
    <dc:contributor>Congressional Research Service, Library of Congress</dc:contributor>
    <dc:description>This file contains bill summaries and statuses for federal legislation. A bill summary describes the most significant provisions of a piece of legislation and details the effects the legislative text may have on current law and federal programs. Bill summaries are authored by the Congressional Research Service (CRS) of the Library of Congress. As stated in Public Law 91-510 (2 USC 166 (d)(6)), one of the duties of CRS is "to prepare summaries and digests of bills and resolutions of a public general nature introduced in the Senate or House of Representatives". For more information, refer to the User Guide that accompanies this file.</dc:description>
  </dublinCore>
</billStatus>

