<?xml version="1.0" encoding="UTF-8"?>
<billStatus>
  <bill>
    <title>To adapt to changing crude oil market conditions.</title>
    <policyArea>
      <name>Energy</name>
    </policyArea>
    <constitutionalAuthorityStatementText><![CDATA[<pre>From the Congressional Record Online through the Government Publishing Office [<a href='http://www.gpo.gov'>www.gpo.gov</a>]By Mr. BARTON:H.R. 666.Congress has the power to enact this legislation pursuantto the following:Article I Section 8``The Congress shall have Power . . . To regulate Commercewith foreign nations . . .''[Page H756]</pre>]]></constitutionalAuthorityStatementText>
    <recordedVotes />
    <createDate>2015-02-04T04:46:19Z</createDate>
    <summaries>
      <billSummaries>
        <item>
          <actionDate>2015-02-03</actionDate>
          <actionDesc>Introduced in House</actionDesc>
          <lastSummaryUpdateDate>2015-02-10T20:44:39Z</lastSummaryUpdateDate>
          <versionCode>00</versionCode>
          <updateDate>2015-02-03T05:00:00Z</updateDate>
          <name>Introduced in House</name>
          <text><![CDATA[<p>Amends the Energy Policy and Conservation Act to repeal authority to restrict the export of: (1) coal, petroleum products, natural gas, or petrochemical feedstocks; and (2) supplies of materials or equipment necessary to maintain or further exploration, production, refining, or transportation of energy supplies, or for the construction or maintenance of energy facilities within the United States.</p> <p>Prohibits any federal official from imposing or enforcing any restriction on the export of crude oil. </p> <p>Requires the Secretary of Energy to study and make recommendations on the appropriate size, composition, and purpose of the Strategic Petroleum Reserve. </p>]]></text>
        </item>
      </billSummaries>
    </summaries>
    <committeeReports />
    <notes />
    <latestAction>
      <links />
      <actionDate>2015-02-06</actionDate>
      <text>Referred to the Subcommittee on Energy and Power.</text>
    </latestAction>
    <sponsors>
      <item>
        <state>TX</state>
        <fullName>Rep. Barton, Joe [R-TX-6]</fullName>
        <district>6</district>
        <bioguideId>B000213</bioguideId>
        <middleName>L.</middleName>
        <byRequestType />
        <lastName>BARTON</lastName>
        <party>R</party>
        <firstName>JOE</firstName>
        <identifiers>
          <lisID>62</lisID>
          <gpoId>8162</gpoId>
          <bioguideId>B000213</bioguideId>
        </identifiers>
      </item>
    </sponsors>
    <billNumber>666</billNumber>
    <titles>
      <item>
        <parentTitleType />
        <titleType>Official Title as Introduced</titleType>
        <title>To adapt to changing crude oil market conditions.</title>
        <chamberCode />
        <chamberName />
      </item>
      <item>
        <parentTitleType />
        <titleType>Display Title</titleType>
        <title>To adapt to changing crude oil market conditions.</title>
        <chamberCode />
        <chamberName />
      </item>
    </titles>
    <billType>HR</billType>
    <laws />
    <committees>
      <billCommittees>
        <item>
          <subcommittees>
            <item>
              <systemCode>hsif03</systemCode>
              <activities>
                <item>
                  <date>2015-02-06T18:45:24Z</date>
                  <name>Referred to</name>
                </item>
              </activities>
              <name>Energy and Power Subcommittee</name>
            </item>
          </subcommittees>
          <activities>
            <item>
              <date>2015-02-03T15:04:30Z</date>
              <name>Referred to</name>
            </item>
          </activities>
          <type>Standing</type>
          <systemCode>hsif00</systemCode>
          <chamber>House</chamber>
          <name>Energy and Commerce Committee</name>
        </item>
        <item>
          <subcommittees />
          <activities>
            <item>
              <date>2015-02-03T15:04:35Z</date>
              <name>Referred to</name>
            </item>
          </activities>
          <type>Standing</type>
          <systemCode>hsfa00</systemCode>
          <chamber>House</chamber>
          <name>Foreign Affairs Committee</name>
        </item>
      </billCommittees>
    </committees>
    <updateDate>2016-11-02T21:24:25Z</updateDate>
    <relatedBills>
      <item>
        <congress>114</congress>
        <type>HR</type>
        <relationshipDetails>
          <item>
            <identifiedBy>CRS</identifiedBy>
            <type>Identical bill</type>
          </item>
        </relationshipDetails>
        <number>702</number>
        <latestAction>
          <actionDate>2015-10-19</actionDate>
          <text>Received in the Senate and Read twice and referred to the Committee on Banking, Housing, and Urban Affairs.</text>
        </latestAction>
        <latestTitle>To adapt to changing crude oil market conditions.</latestTitle>
      </item>
    </relatedBills>
    <subjects>
      <billSubjects>
        <policyArea>
          <name>Energy</name>
        </policyArea>
        <legislativeSubjects>
          <item>
            <name>Coal</name>
          </item>
          <item>
            <name>Congressional oversight</name>
          </item>
          <item>
            <name>Energy storage, supplies, demand</name>
          </item>
          <item>
            <name>Government studies and investigations</name>
          </item>
          <item>
            <name>Oil and gas</name>
          </item>
          <item>
            <name>Strategic materials and reserves</name>
          </item>
          <item>
            <name>Trade restrictions</name>
          </item>
        </legislativeSubjects>
      </billSubjects>
    </subjects>
    <introducedDate>2015-02-03</introducedDate>
    <actions>
      <actionTypeCounts>
        <placeholderTextForH>1</placeholderTextForH>
        <introducedInTheHouse>1</introducedInTheHouse>
        <billReferrals>2</billReferrals>
        <billReferralsAggregate>1</billReferralsAggregate>
        <introducedInHouse>1</introducedInHouse>
      </actionTypeCounts>
      <actionByCounts>
        <houseOfRepresentatives>6</houseOfRepresentatives>
      </actionByCounts>
      <item>
        <actionDate>2015-02-06</actionDate>
        <committee>
          <systemCode>hsif03</systemCode>
          <name>Energy and Power Subcommittee</name>
        </committee>
        <links />
        <sourceSystem>
          <name>House committee actions</name>
          <code>1</code>
        </sourceSystem>
        <text>Referred to the Subcommittee on Energy and Power.</text>
        <type>Committee</type>
      </item>
      <item>
        <links />
        <committee>
          <systemCode>hsfa00</systemCode>
          <name>Foreign Affairs Committee</name>
        </committee>
        <actionCode>H11100</actionCode>
        <actionDate>2015-02-03</actionDate>
        <text>Referred to House Foreign Affairs</text>
        <type>IntroReferral</type>
        <sourceSystem>
          <name>House floor actions</name>
          <code>2</code>
        </sourceSystem>
      </item>
      <item>
        <links />
        <committee />
        <actionCode>H11100-A</actionCode>
        <actionDate>2015-02-03</actionDate>
        <text>Referred to the Committee on Energy and Commerce, and in addition to the Committee on Foreign Affairs, for a period to be subsequently determined by the Speaker, in each case for consideration of such provisions as fall within the jurisdiction of the committee concerned.</text>
        <type>IntroReferral</type>
        <sourceSystem>
          <name>Library of Congress</name>
          <code>9</code>
        </sourceSystem>
      </item>
      <item>
        <links />
        <committee>
          <systemCode>hsif00</systemCode>
          <name>Energy and Commerce Committee</name>
        </committee>
        <actionCode>H11100</actionCode>
        <actionDate>2015-02-03</actionDate>
        <text>Referred to House Energy and Commerce</text>
        <type>IntroReferral</type>
        <sourceSystem>
          <name>House floor actions</name>
          <code>2</code>
        </sourceSystem>
      </item>
      <item>
        <links />
        <committee />
        <actionCode>Intro-H</actionCode>
        <actionDate>2015-02-03</actionDate>
        <text>Introduced in House</text>
        <type>IntroReferral</type>
        <sourceSystem>
          <name>Library of Congress</name>
          <code>9</code>
        </sourceSystem>
      </item>
      <item>
        <links />
        <committee />
        <actionCode>1000</actionCode>
        <actionDate>2015-02-03</actionDate>
        <text>Introduced in House</text>
        <type>IntroReferral</type>
        <sourceSystem>
          <name>Library of Congress</name>
          <code>9</code>
        </sourceSystem>
      </item>
    </actions>
    <amendments />
    <congress>114</congress>
    <cosponsors>
      <item>
        <state>TX</state>
        <fullName>Rep. Conaway, K. Michael [R-TX-11]</fullName>
        <district>11</district>
        <sponsorshipWithdrawnDate />
        <party>R</party>
        <identifiers>
          <lisID>1805</lisID>
          <bioguideId>C001062</bioguideId>
          <gpoId>8167</gpoId>
        </identifiers>
        <middleName>Michael</middleName>
        <bioguideId>C001062</bioguideId>
        <firstName>K.</firstName>
        <lastName>Conaway</lastName>
        <isOriginalCosponsor>True</isOriginalCosponsor>
        <sponsorshipDate>2015-02-03</sponsorshipDate>
      </item>
      <item>
        <state>SC</state>
        <fullName>Rep. Wilson, Joe [R-SC-2]</fullName>
        <district>2</district>
        <sponsorshipWithdrawnDate />
        <party>R</party>
        <identifiers>
          <lisID>1688</lisID>
          <gpoId>8142</gpoId>
          <bioguideId>W000795</bioguideId>
        </identifiers>
        <middleName />
        <bioguideId>W000795</bioguideId>
        <firstName>Joe</firstName>
        <lastName>Wilson</lastName>
        <isOriginalCosponsor>True</isOriginalCosponsor>
        <sponsorshipDate>2015-02-03</sponsorshipDate>
      </item>
      <item>
        <state>OH</state>
        <fullName>Rep. Chabot, Steve [R-OH-1]</fullName>
        <district>1</district>
        <sponsorshipWithdrawnDate />
        <party>R</party>
        <identifiers>
          <lisID>186</lisID>
          <gpoId>8091</gpoId>
          <bioguideId>C000266</bioguideId>
        </identifiers>
        <middleName />
        <bioguideId>C000266</bioguideId>
        <firstName>STEVE</firstName>
        <lastName>CHABOT</lastName>
        <isOriginalCosponsor>True</isOriginalCosponsor>
        <sponsorshipDate>2015-02-03</sponsorshipDate>
      </item>
      <item>
        <state>OK</state>
        <fullName>Rep. Bridenstine, Jim [R-OK-1]</fullName>
        <district>1</district>
        <sponsorshipWithdrawnDate />
        <party>R</party>
        <identifiers>
          <lisID>2155</lisID>
          <gpoId />
          <bioguideId>B001283</bioguideId>
        </identifiers>
        <middleName />
        <bioguideId>B001283</bioguideId>
        <firstName>Jim</firstName>
        <lastName>Bridenstine</lastName>
        <isOriginalCosponsor>True</isOriginalCosponsor>
        <sponsorshipDate>2015-02-03</sponsorshipDate>
      </item>
      <item>
        <state>AZ</state>
        <fullName>Rep. Franks, Trent [R-AZ-8]</fullName>
        <district>8</district>
        <sponsorshipWithdrawnDate />
        <party>R</party>
        <identifiers>
          <lisID>1707</lisID>
          <gpoId>7799</gpoId>
          <bioguideId>F000448</bioguideId>
        </identifiers>
        <middleName />
        <bioguideId>F000448</bioguideId>
        <firstName>Trent</firstName>
        <lastName>Franks</lastName>
        <isOriginalCosponsor>True</isOriginalCosponsor>
        <sponsorshipDate>2015-02-03</sponsorshipDate>
      </item>
      <item>
        <state>TN</state>
        <fullName>Rep. Blackburn, Marsha [R-TN-7]</fullName>
        <district>7</district>
        <sponsorshipWithdrawnDate />
        <party>R</party>
        <identifiers>
          <lisID>1748</lisID>
          <bioguideId>B001243</bioguideId>
          <gpoId>8154</gpoId>
        </identifiers>
        <middleName />
        <bioguideId>B001243</bioguideId>
        <firstName>Marsha</firstName>
        <lastName>Blackburn</lastName>
        <isOriginalCosponsor>True</isOriginalCosponsor>
        <sponsorshipDate>2015-02-03</sponsorshipDate>
      </item>
      <item>
        <state>AZ</state>
        <fullName>Rep. Salmon, Matt [R-AZ-5]</fullName>
        <district>5</district>
        <sponsorshipWithdrawnDate />
        <party>R</party>
        <identifiers>
          <lisID>1009</lisID>
          <gpoId />
          <bioguideId>S000018</bioguideId>
        </identifiers>
        <middleName />
        <bioguideId>S000018</bioguideId>
        <firstName>MATT</firstName>
        <lastName>SALMON</lastName>
        <isOriginalCosponsor>True</isOriginalCosponsor>
        <sponsorshipDate>2015-02-03</sponsorshipDate>
      </item>
      <item>
        <state>NC</state>
        <fullName>Rep. Pittenger, Robert [R-NC-9]</fullName>
        <district>9</district>
        <sponsorshipWithdrawnDate />
        <party>R</party>
        <identifiers>
          <bioguideId>P000606</bioguideId>
          <lisID>2141</lisID>
          <gpoId />
        </identifiers>
        <middleName />
        <bioguideId>P000606</bioguideId>
        <firstName>Robert</firstName>
        <lastName>Pittenger</lastName>
        <isOriginalCosponsor>True</isOriginalCosponsor>
        <sponsorshipDate>2015-02-03</sponsorshipDate>
      </item>
      <item>
        <state>TX</state>
        <fullName>Rep. Flores, Bill [R-TX-17]</fullName>
        <district>17</district>
        <sponsorshipWithdrawnDate />
        <party>R</party>
        <identifiers>
          <bioguideId>F000461</bioguideId>
          <gpoId>8173</gpoId>
          <lisID>2065</lisID>
        </identifiers>
        <middleName />
        <bioguideId>F000461</bioguideId>
        <firstName>Bill</firstName>
        <lastName>Flores</lastName>
        <isOriginalCosponsor>True</isOriginalCosponsor>
        <sponsorshipDate>2015-02-03</sponsorshipDate>
      </item>
      <item>
        <state>TX</state>
        <fullName>Rep. Neugebauer, Randy [R-TX-19]</fullName>
        <district>19</district>
        <sponsorshipWithdrawnDate />
        <party>R</party>
        <identifiers>
          <lisID>1758</lisID>
          <gpoId>8175</gpoId>
          <bioguideId>N000182</bioguideId>
        </identifiers>
        <middleName />
        <bioguideId>N000182</bioguideId>
        <firstName>Randy</firstName>
        <lastName>Neugebauer</lastName>
        <isOriginalCosponsor>True</isOriginalCosponsor>
        <sponsorshipDate>2015-02-03</sponsorshipDate>
      </item>
      <item>
        <state>TX</state>
        <fullName>Rep. Carter, John R. [R-TX-31]</fullName>
        <district>31</district>
        <sponsorshipWithdrawnDate />
        <party>R</party>
        <identifiers>
          <bioguideId>C001051</bioguideId>
          <lisID>1752</lisID>
          <gpoId>8187</gpoId>
        </identifiers>
        <middleName>R.</middleName>
        <bioguideId>C001051</bioguideId>
        <firstName>John</firstName>
        <lastName>Carter</lastName>
        <isOriginalCosponsor>True</isOriginalCosponsor>
        <sponsorshipDate>2015-02-03</sponsorshipDate>
      </item>
      <item>
        <state>ND</state>
        <fullName>Rep. Cramer, Kevin [R-ND-At Large]</fullName>
        <district>0</district>
        <sponsorshipWithdrawnDate />
        <party>R</party>
        <identifiers>
          <bioguideId>C001096</bioguideId>
          <gpoId />
          <lisID>2144</lisID>
        </identifiers>
        <middleName />
        <bioguideId>C001096</bioguideId>
        <firstName>Kevin</firstName>
        <lastName>Cramer</lastName>
        <isOriginalCosponsor>True</isOriginalCosponsor>
        <sponsorshipDate>2015-02-03</sponsorshipDate>
      </item>
    </cosponsors>
    <calendarNumbers />
    <cboCostEstimates />
    <originChamber>House</originChamber>
  </bill>
  <dublinCore xmlns:dc="http://purl.org/dc/elements/1.1/">
    <dc:format>text/xml</dc:format>
    <dc:language>EN</dc:language>
    <dc:rights>Pursuant to Title 17 Section 105 of the United States Code, this file is not subject to copyright protection and is in the public domain.</dc:rights>
    <dc:contributor>Congressional Research Service, Library of Congress</dc:contributor>
    <dc:description>This file contains bill summaries and statuses for federal legislation. A bill summary describes the most significant provisions of a piece of legislation and details the effects the legislative text may have on current law and federal programs. Bill summaries are authored by the Congressional Research Service (CRS) of the Library of Congress. As stated in Public Law 91-510 (2 USC 166 (d)(6)), one of the duties of CRS is "to prepare summaries and digests of bills and resolutions of a public general nature introduced in the Senate or House of Representatives". For more information, refer to the User Guide that accompanies this file.</dc:description>
  </dublinCore>
</billStatus>

