<?xml version="1.0" encoding="UTF-8"?>
<billStatus>
  <bill>
    <title>Working Parent Support Act of 2015</title>
    <updateDate>2016-11-02T21:26:17Z</updateDate>
    <relatedBills>
      <item>
        <latestTitle>A bill to amend the Internal Revenue Code of 1986 to provide an above-the-line deduction for child care expenses, and for other purposes.</latestTitle>
        <latestAction>
          <text>Read twice and referred to the Committee on Finance.</text>
          <actionDate>2015-01-16</actionDate>
        </latestAction>
        <number>180</number>
        <type>S</type>
        <relationshipDetails>
          <item>
            <type>Related bill</type>
            <identifiedBy>CRS</identifiedBy>
          </item>
        </relationshipDetails>
        <congress>114</congress>
      </item>
    </relatedBills>
    <introducedDate>2015-02-13</introducedDate>
    <originChamber>House</originChamber>
    <cboCostEstimates />
    <policyArea>
      <name>Taxation</name>
    </policyArea>
    <congress>114</congress>
    <billNumber>964</billNumber>
    <billType>HR</billType>
    <amendments />
    <recordedVotes />
    <committees>
      <billCommittees>
        <item>
          <systemCode>hswm00</systemCode>
          <name>Ways and Means Committee</name>
          <activities>
            <item>
              <name>Referred to</name>
              <date>2015-02-13T14:01:45Z</date>
            </item>
          </activities>
          <type>Standing</type>
          <chamber>House</chamber>
          <subcommittees />
        </item>
      </billCommittees>
    </committees>
    <laws />
    <subjects>
      <billSubjects>
        <legislativeSubjects>
          <item>
            <name>Child care and development</name>
          </item>
          <item>
            <name>Income tax deductions</name>
          </item>
          <item>
            <name>Tax treatment of families</name>
          </item>
        </legislativeSubjects>
        <policyArea>
          <name>Taxation</name>
        </policyArea>
      </billSubjects>
    </subjects>
    <notes />
    <committeeReports />
    <actions>
      <actionTypeCounts>
        <introducedInTheHouse>1</introducedInTheHouse>
        <billReferrals>1</billReferrals>
        <introducedInHouse>1</introducedInHouse>
      </actionTypeCounts>
      <actionByCounts>
        <houseOfRepresentatives>3</houseOfRepresentatives>
      </actionByCounts>
      <item>
        <text>Referred to the House Committee on Ways and Means.</text>
        <sourceSystem>
          <name>House floor actions</name>
          <code>2</code>
        </sourceSystem>
        <committee>
          <name>Ways and Means Committee</name>
          <systemCode>hswm00</systemCode>
        </committee>
        <type>IntroReferral</type>
        <links />
        <actionCode>H11100</actionCode>
        <actionDate>2015-02-13</actionDate>
      </item>
      <item>
        <text>Introduced in House</text>
        <sourceSystem>
          <name>Library of Congress</name>
          <code>9</code>
        </sourceSystem>
        <committee />
        <type>IntroReferral</type>
        <links />
        <actionCode>Intro-H</actionCode>
        <actionDate>2015-02-13</actionDate>
      </item>
      <item>
        <text>Introduced in House</text>
        <sourceSystem>
          <name>Library of Congress</name>
          <code>9</code>
        </sourceSystem>
        <committee />
        <type>IntroReferral</type>
        <links />
        <actionCode>1000</actionCode>
        <actionDate>2015-02-13</actionDate>
      </item>
    </actions>
    <calendarNumbers />
    <latestAction>
      <links />
      <actionDate>2015-02-13</actionDate>
      <text>Referred to the House Committee on Ways and Means.</text>
    </latestAction>
    <titles>
      <item>
        <title>Working Parent Support Act of 2015</title>
        <parentTitleType />
        <titleType>Short Titles as Introduced</titleType>
        <chamberCode />
        <chamberName />
      </item>
      <item>
        <title>To amend the Internal Revenue Code of 1986 to provide an above-the-line deduction for child care expenses, and for other purposes.</title>
        <parentTitleType />
        <titleType>Official Title as Introduced</titleType>
        <chamberCode />
        <chamberName />
      </item>
      <item>
        <title>Working Parent Support Act of 2015</title>
        <parentTitleType />
        <titleType>Display Title</titleType>
        <chamberCode />
        <chamberName />
      </item>
    </titles>
    <summaries>
      <billSummaries>
        <item>
          <versionCode>00</versionCode>
          <actionDate>2015-02-13</actionDate>
          <name>Introduced in House</name>
          <lastSummaryUpdateDate>2015-03-12T15:38:51Z</lastSummaryUpdateDate>
          <text><![CDATA[<p><strong>Working Parent Support Act of 2015</strong></p> <p>Amends the Internal Revenue Code to allow taxpayers who do not otherwise itemize their tax deductions&nbsp;a&nbsp;deduction from gross income&nbsp;(above-the-line deduction)&nbsp;for their&nbsp;employment-related expenses incurred in caring for a child under the age of 13 or a child who is physicaly or mentaly incapable of self care (qualifying child). Limits the dollar amount of such deduction in a taxable year&nbsp;to $7,000 for taxpayers with one qualifying child or $14,000 for taxpayers with two or more qualifying children. Allows an annual inflation adjustment to such amounts for taxable years beginning after 2015. </p>]]></text>
          <actionDesc>Introduced in House</actionDesc>
          <updateDate>2015-02-13T05:00:00Z</updateDate>
        </item>
      </billSummaries>
    </summaries>
    <constitutionalAuthorityStatementText><![CDATA[<pre>From the Congressional Record Online through the Government Publishing Office [<a href='http://www.gpo.gov'>www.gpo.gov</a>]By Mr. PASCRELL:H.R. 964.Congress has the power to enact this legislation pursuantto the following:Article I, Section 8, Clause 3 of the United StatesConstitution.[Page H1070]</pre>]]></constitutionalAuthorityStatementText>
    <createDate>2015-02-14T04:46:17Z</createDate>
    <sponsors>
      <item>
        <state>NJ</state>
        <fullName>Rep. Pascrell, Bill, Jr. [D-NJ-9]</fullName>
        <middleName>J.</middleName>
        <identifiers>
          <lisID>1510</lisID>
          <gpoId>8050</gpoId>
          <bioguideId>P000096</bioguideId>
        </identifiers>
        <firstName>WILLIAM</firstName>
        <lastName>PASCRELL</lastName>
        <bioguideId>P000096</bioguideId>
        <district>9</district>
        <byRequestType />
        <party>D</party>
      </item>
    </sponsors>
    <cosponsors>
      <item>
        <district>17</district>
        <bioguideId>C001090</bioguideId>
        <sponsorshipWithdrawnDate />
        <fullName>Rep. Cartwright, Matt [D-PA-17]</fullName>
        <party>D</party>
        <lastName>Cartwright</lastName>
        <middleName />
        <identifiers>
          <lisID>2159</lisID>
          <bioguideId>C001090</bioguideId>
          <gpoId />
        </identifiers>
        <sponsorshipDate>2015-02-13</sponsorshipDate>
        <isOriginalCosponsor>True</isOriginalCosponsor>
        <firstName>Matt</firstName>
        <state>PA</state>
      </item>
      <item>
        <district>38</district>
        <bioguideId>S001156</bioguideId>
        <sponsorshipWithdrawnDate />
        <fullName>Rep. Sanchez, Linda T. [D-CA-38]</fullName>
        <party>D</party>
        <lastName>SANCHEZ</lastName>
        <middleName>T.</middleName>
        <identifiers>
          <bioguideId>S001156</bioguideId>
          <gpoId>7844</gpoId>
          <lisID>1757</lisID>
        </identifiers>
        <sponsorshipDate>2015-02-13</sponsorshipDate>
        <isOriginalCosponsor>True</isOriginalCosponsor>
        <firstName>LINDA</firstName>
        <state>CA</state>
      </item>
      <item>
        <district>13</district>
        <bioguideId>R000053</bioguideId>
        <sponsorshipWithdrawnDate />
        <fullName>Rep. Rangel, Charles B. [D-NY-13]</fullName>
        <party>D</party>
        <lastName>RANGEL</lastName>
        <middleName>B.</middleName>
        <identifiers>
          <bioguideId>R000053</bioguideId>
          <lisID>944</lisID>
          <gpoId>8076</gpoId>
        </identifiers>
        <sponsorshipDate>2015-11-03</sponsorshipDate>
        <isOriginalCosponsor>False</isOriginalCosponsor>
        <firstName>CHARLES</firstName>
        <state>NY</state>
      </item>
      <item>
        <district>12</district>
        <bioguideId>M000087</bioguideId>
        <sponsorshipWithdrawnDate />
        <fullName>Rep. Maloney, Carolyn B. [D-NY-12]</fullName>
        <party>D</party>
        <lastName>MALONEY</lastName>
        <middleName>B.</middleName>
        <identifiers>
          <lisID>729</lisID>
          <gpoId>8075</gpoId>
          <bioguideId>M000087</bioguideId>
        </identifiers>
        <sponsorshipDate>2016-05-25</sponsorshipDate>
        <isOriginalCosponsor>False</isOriginalCosponsor>
        <firstName>CAROLYN</firstName>
        <state>NY</state>
      </item>
    </cosponsors>
  </bill>
  <dublinCore xmlns:dc="http://purl.org/dc/elements/1.1/">
    <dc:format>text/xml</dc:format>
    <dc:language>EN</dc:language>
    <dc:rights>Pursuant to Title 17 Section 105 of the United States Code, this file is not subject to copyright protection and is in the public domain.</dc:rights>
    <dc:contributor>Congressional Research Service, Library of Congress</dc:contributor>
    <dc:description>This file contains bill summaries and statuses for federal legislation. A bill summary describes the most significant provisions of a piece of legislation and details the effects the legislative text may have on current law and federal programs. Bill summaries are authored by the Congressional Research Service (CRS) of the Library of Congress. As stated in Public Law 91-510 (2 USC 166 (d)(6)), one of the duties of CRS is "to prepare summaries and digests of bills and resolutions of a public general nature introduced in the Senate or House of Representatives". For more information, refer to the User Guide that accompanies this file.</dc:description>
  </dublinCore>
</billStatus>

