<?xml version="1.0" encoding="UTF-8"?>
<billStatus>
  <bill>
    <latestAction>
      <links />
      <text>Became Public Law No: 114-280.</text>
      <actionDate>2016-12-16</actionDate>
    </latestAction>
    <policyArea>
      <name>Armed Forces and National Security</name>
    </policyArea>
    <title>To designate the Department of Veterans Affairs community-based outpatient clinic in Newark, Ohio, as the Daniel L. Kinnard Va Clinic.</title>
    <amendments />
    <notes />
    <relatedBills>
      <item>
        <latestTitle>A bill to designate the Department of Veterans Affairs community based outpatient clinic in Newark, Ohio, as the Daniel L. Kinnard Department of Veterans Affairs Community Based Outpatient Clinic.</latestTitle>
        <congress>114</congress>
        <type>S</type>
        <number>1325</number>
        <latestAction>
          <text>Read twice and referred to the Committee on Veterans' Affairs.</text>
          <actionDate>2015-05-13</actionDate>
        </latestAction>
        <relationshipDetails>
          <item>
            <type>Identical bill</type>
            <identifiedBy>CRS</identifiedBy>
          </item>
        </relationshipDetails>
      </item>
    </relatedBills>
    <billNumber>960</billNumber>
    <introducedDate>2015-02-12</introducedDate>
    <summaries>
      <billSummaries>
        <item>
          <updateDate>2015-02-12T05:00:00Z</updateDate>
          <name>Introduced in House</name>
          <lastSummaryUpdateDate>2015-05-20T21:39:59Z</lastSummaryUpdateDate>
          <versionCode>00</versionCode>
          <actionDate>2015-02-12</actionDate>
          <text><![CDATA[<p>Designates the Department of Veterans Affairs community based outpatient clinic in Newark, Ohio, as the &quot;Daniel L. Kinnard Department of Veterans Affairs Community Based Outpatient Clinic.&quot;</p>]]></text>
          <actionDesc>Introduced in House</actionDesc>
        </item>
        <item>
          <updateDate>2016-05-23T13:58:13Z</updateDate>
          <name>Passed House amended</name>
          <lastSummaryUpdateDate>2016-12-22T19:21:28Z</lastSummaryUpdateDate>
          <versionCode>36</versionCode>
          <actionDate>2016-05-23</actionDate>
          <text><![CDATA[<p>(Sec. 2) The Department of Veterans Affairs community based outpatient clinic in Newark, Ohio, shall be known as the &quot;Daniel L. Kinnard VA Clinic.&quot;</p>]]></text>
          <actionDesc>Passed House amended</actionDesc>
        </item>
        <item>
          <updateDate>2016-12-10T20:51:52Z</updateDate>
          <name>Passed Senate without amendment</name>
          <lastSummaryUpdateDate>2016-12-27T19:39:15Z</lastSummaryUpdateDate>
          <versionCode>82</versionCode>
          <actionDate>2016-12-10</actionDate>
          <text><![CDATA[<p>(This measure has not been amended since it was passed by the House on May 23, 2016. The summary of that version is repeated here.)</p> <p>(Sec. 2) The Department of Veterans Affairs community based outpatient clinic in Newark, Ohio, shall be known as the &quot;Daniel L. Kinnard VA Clinic.&quot;</p>]]></text>
          <actionDesc>Passed Senate without amendment</actionDesc>
        </item>
        <item>
          <updateDate>2016-12-17T04:59:58Z</updateDate>
          <name>Public Law</name>
          <lastSummaryUpdateDate>2016-12-27T19:27:55Z</lastSummaryUpdateDate>
          <versionCode>49</versionCode>
          <actionDate>2016-12-16</actionDate>
          <text><![CDATA[<p>(This measure has not been amended since it was passed by the House on May 23, 2016. The summary of that version is repeated here.)</p> <p>(Sec. 2) The Department of Veterans Affairs community based outpatient clinic in Newark, Ohio, shall be known as the &quot;Daniel L. Kinnard VA Clinic.&quot;</p>]]></text>
          <actionDesc>Public Law</actionDesc>
        </item>
      </billSummaries>
    </summaries>
    <recordedVotes />
    <actions>
      <actionTypeCounts>
        <sentToHouse>1</sentToHouse>
        <passedSenate>1</passedSenate>
        <introducedInHouse>1</introducedInHouse>
        <senateCommitteeDischarged>1</senateCommitteeDischarged>
        <committeeDischarged>1</committeeDischarged>
        <placeholderTextForH>1</placeholderTextForH>
        <billReferrals>1</billReferrals>
        <considerationByHouse>1</considerationByHouse>
        <passedAgreedToInSenate>1</passedAgreedToInSenate>
        <amendingTheTitleOfAnActWithoutObjection>1</amendingTheTitleOfAnActWithoutObjection>
        <generalDebate>1</generalDebate>
        <referredToCommittee>1</referredToCommittee>
        <finalPassageUnderSuspensionOfTheRulesResults>1</finalPassageUnderSuspensionOfTheRulesResults>
        <passedAgreedToInHouse>1</passedAgreedToInHouse>
        <introducedInTheHouse>1</introducedInTheHouse>
        <motionMadeToSuspendTheRules>1</motionMadeToSuspendTheRules>
        <placeholderTextForE>3</placeholderTextForE>
        <motionToReconsiderResults>1</motionToReconsiderResults>
        <presentedToPresident>1</presentedToPresident>
        <becamePublicLaw>2</becamePublicLaw>
      </actionTypeCounts>
      <actionByCounts>
        <senate>6</senate>
        <houseOfRepresentatives>11</houseOfRepresentatives>
      </actionByCounts>
      <item>
        <links />
        <text>Became Public Law No: 114-280.</text>
        <type>President</type>
        <committee />
        <sourceSystem>
          <code>2</code>
          <name>House floor actions</name>
        </sourceSystem>
        <actionDate>2016-12-16</actionDate>
        <actionCode>E40000</actionCode>
      </item>
      <item>
        <links />
        <text>Became Public Law No: 114-280.</text>
        <type>BecameLaw</type>
        <committee />
        <sourceSystem>
          <code>9</code>
          <name>Library of Congress</name>
        </sourceSystem>
        <actionDate>2016-12-16</actionDate>
        <actionCode>36000</actionCode>
      </item>
      <item>
        <links />
        <text>Signed by President.</text>
        <type>President</type>
        <committee />
        <sourceSystem>
          <code>2</code>
          <name>House floor actions</name>
        </sourceSystem>
        <actionDate>2016-12-16</actionDate>
        <actionCode>E30000</actionCode>
      </item>
      <item>
        <links />
        <text>Signed by President.</text>
        <type>BecameLaw</type>
        <committee />
        <sourceSystem>
          <code>9</code>
          <name>Library of Congress</name>
        </sourceSystem>
        <actionDate>2016-12-16</actionDate>
        <actionCode>36000</actionCode>
      </item>
      <item>
        <links />
        <text>Presented to President.</text>
        <type>Floor</type>
        <committee />
        <sourceSystem>
          <code>2</code>
          <name>House floor actions</name>
        </sourceSystem>
        <actionDate>2016-12-14</actionDate>
        <actionCode>E20000</actionCode>
      </item>
      <item>
        <links />
        <text>Presented to President.</text>
        <type>President</type>
        <committee />
        <sourceSystem>
          <code>9</code>
          <name>Library of Congress</name>
        </sourceSystem>
        <actionDate>2016-12-14</actionDate>
        <actionCode>28000</actionCode>
      </item>
      <item>
        <actionDate>2016-12-12</actionDate>
        <committee />
        <links />
        <sourceSystem>
          <code>0</code>
          <name>Senate</name>
        </sourceSystem>
        <text>Message on Senate action sent to the House.</text>
        <type>Floor</type>
      </item>
      <item>
        <actionDate>2016-12-10</actionDate>
        <committee />
        <links />
        <sourceSystem>
          <code>0</code>
          <name>Senate</name>
        </sourceSystem>
        <text>Passed Senate without amendment by Unanimous Consent.</text>
        <type>Floor</type>
      </item>
      <item>
        <links />
        <text>Passed/agreed to in Senate: Passed Senate without amendment by Unanimous Consent.</text>
        <type>Floor</type>
        <committee />
        <sourceSystem>
          <code>9</code>
          <name>Library of Congress</name>
        </sourceSystem>
        <actionDate>2016-12-10</actionDate>
        <actionCode>17000</actionCode>
      </item>
      <item>
        <actionDate>2016-12-10</actionDate>
        <committee>
          <systemCode>ssva00</systemCode>
          <name>Veterans' Affairs Committee</name>
        </committee>
        <links>
          <link>
            <url>https://www.congress.gov/congressional-record/volume-162/senate-section/page/S7108</url>
            <name>S7108</name>
          </link>
        </links>
        <sourceSystem>
          <code>0</code>
          <name>Senate</name>
        </sourceSystem>
        <text>Senate Committee on Veterans' Affairs discharged by Unanimous Consent. (consideration: CR S7108)</text>
        <type>Discharge</type>
      </item>
      <item>
        <links />
        <text>Senate Committee on Veterans' Affairs discharged by Unanimous Consent.</text>
        <type>Committee</type>
        <committee>
          <systemCode>ssva00</systemCode>
          <name>Veterans' Affairs Committee</name>
        </committee>
        <sourceSystem>
          <code>9</code>
          <name>Library of Congress</name>
        </sourceSystem>
        <actionDate>2016-12-10</actionDate>
        <actionCode>14500</actionCode>
      </item>
      <item>
        <actionDate>2016-05-24</actionDate>
        <committee>
          <systemCode>ssva00</systemCode>
          <name>Veterans' Affairs Committee</name>
        </committee>
        <links />
        <sourceSystem>
          <code>0</code>
          <name>Senate</name>
        </sourceSystem>
        <text>Received in the Senate and Read twice and referred to the Committee on Veterans' Affairs.</text>
        <type>IntroReferral</type>
      </item>
      <item>
        <links />
        <text>The title of the measure was amended. Agreed to without objection.</text>
        <actionTime>16:25:19</actionTime>
        <committee />
        <sourceSystem>
          <code>2</code>
          <name>House floor actions</name>
        </sourceSystem>
        <type>Floor</type>
        <actionDate>2016-05-23</actionDate>
        <actionCode>H38800</actionCode>
      </item>
      <item>
        <links />
        <text>Motion to reconsider laid on the table Agreed to without objection.</text>
        <actionTime>16:25:17</actionTime>
        <committee />
        <sourceSystem>
          <code>2</code>
          <name>House floor actions</name>
        </sourceSystem>
        <type>Floor</type>
        <actionDate>2016-05-23</actionDate>
        <actionCode>H38310</actionCode>
      </item>
      <item>
        <links>
          <link>
            <url>https://www.congress.gov/congressional-record/volume-162/house-section/page/H2911</url>
            <name>H2911</name>
          </link>
        </links>
        <text>On motion to suspend the rules and pass the bill, as amended Agreed to by voice vote. (text: CR H2911)</text>
        <actionTime>16:25:15</actionTime>
        <committee />
        <sourceSystem>
          <code>2</code>
          <name>House floor actions</name>
        </sourceSystem>
        <type>Floor</type>
        <actionDate>2016-05-23</actionDate>
        <actionCode>H37300</actionCode>
      </item>
      <item>
        <links>
          <link>
            <url>https://www.congress.gov/congressional-record/volume-162/house-section/page/H2911</url>
            <name>H2911</name>
          </link>
        </links>
        <text>Passed/agreed to in House: On motion to suspend the rules and pass the bill, as amended Agreed to by voice vote.(text: CR H2911)</text>
        <actionTime>16:25:15</actionTime>
        <committee />
        <sourceSystem>
          <code>9</code>
          <name>Library of Congress</name>
        </sourceSystem>
        <type>Floor</type>
        <actionDate>2016-05-23</actionDate>
        <actionCode>8000</actionCode>
      </item>
      <item>
        <links>
          <link>
            <url>https://www.congress.gov/bill/114th-congress/house-bill/960</url>
            <name>H.R. 960</name>
          </link>
        </links>
        <text>DEBATE - The House proceeded with forty minutes of debate on H.R. 960.</text>
        <actionTime>16:18:45</actionTime>
        <committee />
        <sourceSystem>
          <code>2</code>
          <name>House floor actions</name>
        </sourceSystem>
        <type>Floor</type>
        <actionDate>2016-05-23</actionDate>
        <actionCode>H8D000</actionCode>
      </item>
      <item>
        <links>
          <link>
            <url>https://www.congress.gov/congressional-record/volume-162/house-section/page/H2911-2912</url>
            <name>H2911-2912</name>
          </link>
        </links>
        <text>Considered under suspension of the rules. (consideration: CR H2911-2912)</text>
        <actionTime>16:18:44</actionTime>
        <committee />
        <sourceSystem>
          <code>2</code>
          <name>House floor actions</name>
        </sourceSystem>
        <type>Floor</type>
        <actionDate>2016-05-23</actionDate>
        <actionCode>H30000</actionCode>
      </item>
      <item>
        <links />
        <text>Mr. Miller (FL) moved to suspend the rules and pass the bill, as amended.</text>
        <actionTime>16:18:32</actionTime>
        <committee />
        <sourceSystem>
          <code>2</code>
          <name>House floor actions</name>
        </sourceSystem>
        <type>Floor</type>
        <actionDate>2016-05-23</actionDate>
        <actionCode>H30300</actionCode>
      </item>
      <item>
        <actionDate>2015-03-06</actionDate>
        <committee>
          <systemCode>hsvr03</systemCode>
          <name>Health Subcommittee</name>
        </committee>
        <links />
        <sourceSystem>
          <code>1</code>
          <name>House committee actions</name>
        </sourceSystem>
        <text>Referred to the Subcommittee on Health.</text>
        <type>Committee</type>
      </item>
      <item>
        <links />
        <text>Referred to the House Committee on Veterans' Affairs.</text>
        <type>IntroReferral</type>
        <committee>
          <systemCode>hsvr00</systemCode>
          <name>Veterans' Affairs Committee</name>
        </committee>
        <sourceSystem>
          <code>2</code>
          <name>House floor actions</name>
        </sourceSystem>
        <actionDate>2015-02-12</actionDate>
        <actionCode>H11100</actionCode>
      </item>
      <item>
        <links />
        <text>Introduced in House</text>
        <type>IntroReferral</type>
        <committee />
        <sourceSystem>
          <code>9</code>
          <name>Library of Congress</name>
        </sourceSystem>
        <actionDate>2015-02-12</actionDate>
        <actionCode>Intro-H</actionCode>
      </item>
      <item>
        <links />
        <text>Introduced in House</text>
        <type>IntroReferral</type>
        <committee />
        <sourceSystem>
          <code>9</code>
          <name>Library of Congress</name>
        </sourceSystem>
        <actionDate>2015-02-12</actionDate>
        <actionCode>1000</actionCode>
      </item>
    </actions>
    <titles>
      <item>
        <titleType>Official Titles as Amended by House</titleType>
        <parentTitleType>Official Titles House of Representatives</parentTitleType>
        <chamberCode>H</chamberCode>
        <chamberName>House</chamberName>
        <title>To designate the Department of Veterans Affairs community-based outpatient clinic in Newark, Ohio, as the Daniel L. Kinnard Va Clinic.</title>
      </item>
      <item>
        <titleType>Official Title as Introduced</titleType>
        <parentTitleType />
        <chamberCode />
        <chamberName />
        <title>To designate the Department of Veterans Affairs community based outpatient clinic in Newark, Ohio, as the Daniel L. Kinnard Department of Veterans Affairs Community Based Outpatient Clinic.</title>
      </item>
      <item>
        <titleType>Display Title</titleType>
        <parentTitleType />
        <chamberCode />
        <chamberName />
        <title>To designate the Department of Veterans Affairs community-based outpatient clinic in Newark, Ohio, as the Daniel L. Kinnard Va Clinic.</title>
      </item>
    </titles>
    <laws>
      <item>
        <type>Public Law</type>
        <number>114-280</number>
      </item>
    </laws>
    <committees>
      <billCommittees>
        <item>
          <name>Veterans' Affairs Committee</name>
          <subcommittees />
          <activities>
            <item>
              <name>Discharged from</name>
              <date>2016-12-10T07:56:42Z</date>
            </item>
            <item>
              <name>Referred to</name>
              <date>2016-05-24T19:23:43Z</date>
            </item>
          </activities>
          <chamber>Senate</chamber>
          <type>Standing</type>
          <systemCode>ssva00</systemCode>
        </item>
        <item>
          <name>Veterans' Affairs Committee</name>
          <subcommittees>
            <item>
              <name>Health Subcommittee</name>
              <systemCode>hsvr03</systemCode>
              <activities>
                <item>
                  <name>Referred to</name>
                  <date>2015-03-06T21:58:05Z</date>
                </item>
              </activities>
            </item>
          </subcommittees>
          <activities>
            <item>
              <name>Referred to</name>
              <date>2015-02-12T15:07:10Z</date>
            </item>
          </activities>
          <chamber>House</chamber>
          <type>Standing</type>
          <systemCode>hsvr00</systemCode>
        </item>
      </billCommittees>
    </committees>
    <cboCostEstimates />
    <subjects>
      <billSubjects>
        <legislativeSubjects>
          <item>
            <name>Congressional tributes</name>
          </item>
          <item>
            <name>Department of Veterans Affairs</name>
          </item>
          <item>
            <name>Government buildings, facilities, and property</name>
          </item>
          <item>
            <name>Health facilities and institutions</name>
          </item>
          <item>
            <name>Home and outpatient care</name>
          </item>
          <item>
            <name>Military personnel and dependents</name>
          </item>
          <item>
            <name>Ohio</name>
          </item>
          <item>
            <name>Veterans' medical care</name>
          </item>
        </legislativeSubjects>
        <policyArea>
          <name>Armed Forces and National Security</name>
        </policyArea>
      </billSubjects>
    </subjects>
    <cosponsors>
      <item>
        <bioguideId>B001281</bioguideId>
        <district>3</district>
        <sponsorshipDate>2015-02-12</sponsorshipDate>
        <sponsorshipWithdrawnDate />
        <state>OH</state>
        <middleName />
        <firstName>Joyce</firstName>
        <lastName>Beatty</lastName>
        <fullName>Rep. Beatty, Joyce [D-OH-3]</fullName>
        <isOriginalCosponsor>True</isOriginalCosponsor>
        <identifiers>
          <lisID>2153</lisID>
          <gpoId />
          <bioguideId>B001281</bioguideId>
        </identifiers>
        <party>D</party>
      </item>
      <item>
        <bioguideId>J000289</bioguideId>
        <district>4</district>
        <sponsorshipDate>2015-02-12</sponsorshipDate>
        <sponsorshipWithdrawnDate />
        <state>OH</state>
        <middleName />
        <firstName>Jim</firstName>
        <lastName>Jordan</lastName>
        <fullName>Rep. Jordan, Jim [R-OH-4]</fullName>
        <isOriginalCosponsor>True</isOriginalCosponsor>
        <identifiers>
          <gpoId>8094</gpoId>
          <lisID>1868</lisID>
          <bioguideId>J000289</bioguideId>
        </identifiers>
        <party>R</party>
      </item>
      <item>
        <bioguideId>L000566</bioguideId>
        <district>5</district>
        <sponsorshipDate>2015-02-12</sponsorshipDate>
        <sponsorshipWithdrawnDate />
        <state>OH</state>
        <middleName>E.</middleName>
        <firstName>Robert</firstName>
        <lastName>Latta</lastName>
        <fullName>Rep. Latta, Robert E. [R-OH-5]</fullName>
        <isOriginalCosponsor>True</isOriginalCosponsor>
        <identifiers>
          <bioguideId>L000566</bioguideId>
          <gpoId>8095</gpoId>
          <lisID>1885</lisID>
        </identifiers>
        <party>R</party>
      </item>
      <item>
        <bioguideId>J000292</bioguideId>
        <district>6</district>
        <sponsorshipDate>2015-02-12</sponsorshipDate>
        <sponsorshipWithdrawnDate />
        <state>OH</state>
        <middleName />
        <firstName>Bill</firstName>
        <lastName>Johnson</lastName>
        <fullName>Rep. Johnson, Bill [R-OH-6]</fullName>
        <isOriginalCosponsor>True</isOriginalCosponsor>
        <identifiers>
          <bioguideId>J000292</bioguideId>
          <gpoId>8096</gpoId>
          <lisID>2046</lisID>
        </identifiers>
        <party>R</party>
      </item>
      <item>
        <bioguideId>G000563</bioguideId>
        <district>7</district>
        <sponsorshipDate>2015-02-12</sponsorshipDate>
        <sponsorshipWithdrawnDate />
        <state>OH</state>
        <middleName />
        <firstName>Bob</firstName>
        <lastName>Gibbs</lastName>
        <fullName>Rep. Gibbs, Bob [R-OH-7]</fullName>
        <isOriginalCosponsor>True</isOriginalCosponsor>
        <identifiers>
          <bioguideId>G000563</bioguideId>
          <gpoId>8108</gpoId>
          <lisID>2049</lisID>
        </identifiers>
        <party>R</party>
      </item>
      <item>
        <bioguideId>T000463</bioguideId>
        <district>10</district>
        <sponsorshipDate>2015-02-12</sponsorshipDate>
        <sponsorshipWithdrawnDate />
        <state>OH</state>
        <middleName>R.</middleName>
        <firstName>Michael</firstName>
        <lastName>Turner</lastName>
        <fullName>Rep. Turner, Michael R. [R-OH-10]</fullName>
        <isOriginalCosponsor>True</isOriginalCosponsor>
        <identifiers>
          <gpoId>8093</gpoId>
          <lisID>1741</lisID>
          <bioguideId>T000463</bioguideId>
        </identifiers>
        <party>R</party>
      </item>
      <item>
        <bioguideId>F000455</bioguideId>
        <district>11</district>
        <sponsorshipDate>2015-02-12</sponsorshipDate>
        <sponsorshipWithdrawnDate />
        <state>OH</state>
        <middleName>L.</middleName>
        <firstName>Marcia</firstName>
        <lastName>Fudge</lastName>
        <fullName>Rep. Fudge, Marcia L. [D-OH-11]</fullName>
        <isOriginalCosponsor>True</isOriginalCosponsor>
        <identifiers>
          <lisID>1895</lisID>
          <gpoId>8101</gpoId>
          <bioguideId>F000455</bioguideId>
        </identifiers>
        <party>D</party>
      </item>
      <item>
        <bioguideId>R000577</bioguideId>
        <district>13</district>
        <sponsorshipDate>2015-02-12</sponsorshipDate>
        <sponsorshipWithdrawnDate />
        <state>OH</state>
        <middleName />
        <firstName>TIM</firstName>
        <lastName>RYAN</lastName>
        <fullName>Rep. Ryan, Tim [D-OH-13]</fullName>
        <isOriginalCosponsor>True</isOriginalCosponsor>
        <identifiers>
          <lisID>1756</lisID>
          <bioguideId>R000577</bioguideId>
          <gpoId>8107</gpoId>
        </identifiers>
        <party>D</party>
      </item>
      <item>
        <bioguideId>J000295</bioguideId>
        <district>14</district>
        <sponsorshipDate>2015-02-12</sponsorshipDate>
        <sponsorshipWithdrawnDate />
        <state>OH</state>
        <middleName>P.</middleName>
        <firstName>David</firstName>
        <lastName>Joyce</lastName>
        <fullName>Rep. Joyce, David P. [R-OH-14]</fullName>
        <isOriginalCosponsor>True</isOriginalCosponsor>
        <identifiers>
          <gpoId />
          <lisID>2154</lisID>
          <bioguideId>J000295</bioguideId>
        </identifiers>
        <party>R</party>
      </item>
      <item>
        <bioguideId>S001187</bioguideId>
        <district>15</district>
        <sponsorshipDate>2015-02-12</sponsorshipDate>
        <sponsorshipWithdrawnDate />
        <state>OH</state>
        <middleName />
        <firstName>Steve</firstName>
        <lastName>Stivers</lastName>
        <fullName>Rep. Stivers, Steve [R-OH-15]</fullName>
        <isOriginalCosponsor>True</isOriginalCosponsor>
        <identifiers>
          <gpoId>8105</gpoId>
          <lisID>2047</lisID>
          <bioguideId>S001187</bioguideId>
        </identifiers>
        <party>R</party>
      </item>
      <item>
        <bioguideId>R000586</bioguideId>
        <district>16</district>
        <sponsorshipDate>2015-02-12</sponsorshipDate>
        <sponsorshipWithdrawnDate />
        <state>OH</state>
        <middleName>B.</middleName>
        <firstName>James</firstName>
        <lastName>Renacci</lastName>
        <fullName>Rep. Renacci, James B. [R-OH-16]</fullName>
        <isOriginalCosponsor>True</isOriginalCosponsor>
        <identifiers>
          <bioguideId>R000586</bioguideId>
          <gpoId>8106</gpoId>
          <lisID>2048</lisID>
        </identifiers>
        <party>R</party>
      </item>
      <item>
        <bioguideId>C000266</bioguideId>
        <district>1</district>
        <sponsorshipDate>2015-02-12</sponsorshipDate>
        <sponsorshipWithdrawnDate />
        <state>OH</state>
        <middleName />
        <firstName>STEVE</firstName>
        <lastName>CHABOT</lastName>
        <fullName>Rep. Chabot, Steve [R-OH-1]</fullName>
        <isOriginalCosponsor>True</isOriginalCosponsor>
        <identifiers>
          <bioguideId>C000266</bioguideId>
          <gpoId>8091</gpoId>
          <lisID>186</lisID>
        </identifiers>
        <party>R</party>
      </item>
      <item>
        <bioguideId>K000009</bioguideId>
        <district>9</district>
        <sponsorshipDate>2015-03-02</sponsorshipDate>
        <sponsorshipWithdrawnDate />
        <state>OH</state>
        <middleName />
        <firstName>MARCY</firstName>
        <lastName>KAPTUR</lastName>
        <fullName>Rep. Kaptur, Marcy [D-OH-9]</fullName>
        <isOriginalCosponsor>False</isOriginalCosponsor>
        <identifiers>
          <bioguideId>K000009</bioguideId>
          <gpoId>8099</gpoId>
          <lisID>616</lisID>
        </identifiers>
        <party>D</party>
      </item>
      <item>
        <bioguideId>W000815</bioguideId>
        <district>2</district>
        <sponsorshipDate>2015-03-06</sponsorshipDate>
        <sponsorshipWithdrawnDate />
        <state>OH</state>
        <middleName>R.</middleName>
        <firstName>Brad</firstName>
        <lastName>Wenstrup</lastName>
        <fullName>Rep. Wenstrup, Brad R. [R-OH-2]</fullName>
        <isOriginalCosponsor>False</isOriginalCosponsor>
        <identifiers>
          <gpoId />
          <lisID>2152</lisID>
          <bioguideId>W000815</bioguideId>
        </identifiers>
        <party>R</party>
      </item>
    </cosponsors>
    <updateDate>2017-01-04T20:40:13Z</updateDate>
    <billType>HR</billType>
    <sponsors>
      <item>
        <middleName>J.</middleName>
        <bioguideId>T000462</bioguideId>
        <byRequestType />
        <state>OH</state>
        <firstName>PATRICK</firstName>
        <identifiers>
          <lisID>1664</lisID>
          <bioguideId>T000462</bioguideId>
          <gpoId>8102</gpoId>
        </identifiers>
        <district>12</district>
        <lastName>TIBERI</lastName>
        <fullName>Rep. Tiberi, Patrick J. [R-OH-12]</fullName>
        <party>R</party>
      </item>
    </sponsors>
    <calendarNumbers />
    <congress>114</congress>
    <createDate>2015-02-13T06:14:12Z</createDate>
    <constitutionalAuthorityStatementText><![CDATA[<pre>From the Congressional Record Online through the Government Publishing Office [<a href='http://www.gpo.gov'>www.gpo.gov</a>]By Mr. TIBERI:H.R. 960.Congress has the power to enact this legislation pursuantto the following:United States Constitution, Article I, Section 8[Page H1037]</pre>]]></constitutionalAuthorityStatementText>
    <originChamber>House</originChamber>
    <committeeReports />
  </bill>
  <dublinCore xmlns:dc="http://purl.org/dc/elements/1.1/">
    <dc:format>text/xml</dc:format>
    <dc:language>EN</dc:language>
    <dc:rights>Pursuant to Title 17 Section 105 of the United States Code, this file is not subject to copyright protection and is in the public domain.</dc:rights>
    <dc:contributor>Congressional Research Service, Library of Congress</dc:contributor>
    <dc:description>This file contains bill summaries and statuses for federal legislation. A bill summary describes the most significant provisions of a piece of legislation and details the effects the legislative text may have on current law and federal programs. Bill summaries are authored by the Congressional Research Service (CRS) of the Library of Congress. As stated in Public Law 91-510 (2 USC 166 (d)(6)), one of the duties of CRS is "to prepare summaries and digests of bills and resolutions of a public general nature introduced in the Senate or House of Representatives". For more information, refer to the User Guide that accompanies this file.</dc:description>
  </dublinCore>
</billStatus>

