<?xml version="1.0" encoding="UTF-8"?>
<billStatus>
  <bill>
    <policyArea>
      <name>International Affairs</name>
    </policyArea>
    <constitutionalAuthorityStatementText><![CDATA[<pre>From the Congressional Record Online through the Government Publishing Office [<a href='http://www.gpo.gov'>www.gpo.gov</a>]By Mr. HASTINGS:H.R. 1039.Congress has the power to enact this legislation pursuantto the following:U.S. Const. Art. I, Sec. 8[Page H1115]</pre>]]></constitutionalAuthorityStatementText>
    <sponsors>
      <item>
        <identifiers>
          <lisID>511</lisID>
          <bioguideId>H000324</bioguideId>
          <gpoId>7895</gpoId>
        </identifiers>
        <district>20</district>
        <byRequestType />
        <fullName>Rep. Hastings, Alcee L. [D-FL-20]</fullName>
        <firstName>ALCEE</firstName>
        <state>FL</state>
        <bioguideId>H000324</bioguideId>
        <middleName>L.</middleName>
        <party>D</party>
        <lastName>HASTINGS</lastName>
      </item>
    </sponsors>
    <committeeReports />
    <titles>
      <item>
        <parentTitleType />
        <chamberCode />
        <chamberName />
        <title>African Descent Affairs Act of 2015</title>
        <titleType>Short Titles as Introduced</titleType>
      </item>
      <item>
        <parentTitleType />
        <chamberCode />
        <chamberName />
        <title>To provide for the establishment of a global affairs strategy and assistance for people of African descent, and for other purposes.</title>
        <titleType>Official Title as Introduced</titleType>
      </item>
      <item>
        <parentTitleType />
        <chamberCode />
        <chamberName />
        <title>African Descent Affairs Act of 2015</title>
        <titleType>Display Title</titleType>
      </item>
    </titles>
    <laws />
    <createDate>2015-02-25T04:46:15Z</createDate>
    <recordedVotes />
    <billNumber>1039</billNumber>
    <originChamber>House</originChamber>
    <committees>
      <billCommittees>
        <item>
          <subcommittees />
          <systemCode>hsfa00</systemCode>
          <activities>
            <item>
              <name>Referred to</name>
              <date>2015-02-24T17:01:20Z</date>
            </item>
          </activities>
          <chamber>House</chamber>
          <name>Foreign Affairs Committee</name>
          <type>Standing</type>
        </item>
      </billCommittees>
    </committees>
    <relatedBills />
    <updateDate>2016-11-02T21:26:41Z</updateDate>
    <summaries>
      <billSummaries>
        <item>
          <versionCode>00</versionCode>
          <actionDate>2015-02-24</actionDate>
          <name>Introduced in House</name>
          <lastSummaryUpdateDate>2015-03-04T20:10:25Z</lastSummaryUpdateDate>
          <text><![CDATA[<p><strong>African Descent Affairs Act of 2015</strong></p> <p>Amends the State Department Basic Authorities Act of 1956 to direct the Secretary of State to establish within the Department of State an Office of Global African Descent Affairs, to be headed by the Director and Special Advisor to the Secretary on Global African Descent Affairs.</p> <p>Includes among Office functions: </p> <ul> <li>advising the Secretary and directing policies, programs, and funding relating to the human rights and the advancement of people of African descent internationally; </li> <li>developing and managing the President Obama Fund for African Descent Affairs to invest in solutions to combat racial discrimination and create economic and political opportunities for people of African descent internationally; </li> <li> directing U.S. government resources to respond to needs for protection, integration, resettlement, and empowerment of people of African descent in U.S. policies and international programs; and </li> <li>compiling an annual report on U.S. government activities relating to people of African descent. </li> </ul> <p>Amends the Foreign Assistance Act of 1961 to include in the annual human rights report for countries in the Americas, Europe, Asia, and the Middle East a description of the status and the people of African descent in each country. </p> <p>Directs the Administrator of the U.S. Agency for International Development to appoint a Senior Advisor to the Administrator on Global African Descent Affairs who shall: (1) advise the Administrator and direct policies, programs, and funding relating to the human rights and advancement of people of African descent internationally; and (2) develop a uniform set of indicators and standards for monitoring and evaluating foreign assistance for people of African descent. </p> <p>Requires the Director and Special Advisor to the Secretary on Global African Descent Affairs to develop or update annually (for 10 years after the initial report) a U.S. global strategy to empower, prevent, and respond to discrimination and violence against people of African descent.</p>]]></text>
          <actionDesc>Introduced in House</actionDesc>
          <updateDate>2015-02-24T05:00:00Z</updateDate>
        </item>
      </billSummaries>
    </summaries>
    <congress>114</congress>
    <title>African Descent Affairs Act of 2015</title>
    <calendarNumbers />
    <actions>
      <actionTypeCounts>
        <introducedInTheHouse>1</introducedInTheHouse>
        <billReferrals>1</billReferrals>
        <placeholderTextForB>1</placeholderTextForB>
        <introducedInHouse>1</introducedInHouse>
      </actionTypeCounts>
      <actionByCounts>
        <houseOfRepresentatives>3</houseOfRepresentatives>
      </actionByCounts>
      <item>
        <text>Referred to the House Committee on Foreign Affairs.</text>
        <sourceSystem>
          <name>House floor actions</name>
          <code>2</code>
        </sourceSystem>
        <committee>
          <name>Foreign Affairs Committee</name>
          <systemCode>hsfa00</systemCode>
        </committee>
        <type>IntroReferral</type>
        <links />
        <actionCode>H11100</actionCode>
        <actionDate>2015-02-24</actionDate>
      </item>
      <item>
        <text>Sponsor introductory remarks on measure. (CR E234)</text>
        <sourceSystem>
          <name>Library of Congress</name>
          <code>9</code>
        </sourceSystem>
        <committee />
        <type>IntroReferral</type>
        <links>
          <link>
            <url>https://www.congress.gov/congressional-record/volume-161/extensions-of-remarks-section/page/E234</url>
            <name>E234</name>
          </link>
        </links>
        <actionCode>B00100</actionCode>
        <actionDate>2015-02-24</actionDate>
      </item>
      <item>
        <text>Introduced in House</text>
        <sourceSystem>
          <name>Library of Congress</name>
          <code>9</code>
        </sourceSystem>
        <committee />
        <type>IntroReferral</type>
        <links />
        <actionCode>Intro-H</actionCode>
        <actionDate>2015-02-24</actionDate>
      </item>
      <item>
        <text>Introduced in House</text>
        <sourceSystem>
          <name>Library of Congress</name>
          <code>9</code>
        </sourceSystem>
        <committee />
        <type>IntroReferral</type>
        <links />
        <actionCode>1000</actionCode>
        <actionDate>2015-02-24</actionDate>
      </item>
    </actions>
    <amendments />
    <cboCostEstimates />
    <introducedDate>2015-02-24</introducedDate>
    <latestAction>
      <text>Referred to the House Committee on Foreign Affairs.</text>
      <actionDate>2015-02-24</actionDate>
      <links />
    </latestAction>
    <subjects>
      <billSubjects>
        <legislativeSubjects>
          <item>
            <name>Africa</name>
          </item>
          <item>
            <name>Department of State</name>
          </item>
          <item>
            <name>Executive agency funding and structure</name>
          </item>
          <item>
            <name>Foreign aid and international relief</name>
          </item>
          <item>
            <name>Human rights</name>
          </item>
          <item>
            <name>Racial and ethnic relations</name>
          </item>
        </legislativeSubjects>
        <policyArea>
          <name>International Affairs</name>
        </policyArea>
      </billSubjects>
    </subjects>
    <cosponsors>
      <item>
        <state>GA</state>
        <fullName>Rep. Johnson, Henry C. "Hank," Jr. [D-GA-4]</fullName>
        <sponsorshipDate>2015-02-24</sponsorshipDate>
        <identifiers>
          <bioguideId>J000288</bioguideId>
          <gpoId>7901</gpoId>
          <lisID>1843</lisID>
        </identifiers>
        <sponsorshipWithdrawnDate />
        <middleName>C. "Hank"</middleName>
        <lastName>Johnson</lastName>
        <isOriginalCosponsor>True</isOriginalCosponsor>
        <firstName>Henry</firstName>
        <district>4</district>
        <party>D</party>
        <bioguideId>J000288</bioguideId>
      </item>
      <item>
        <state>NY</state>
        <fullName>Rep. Rangel, Charles B. [D-NY-13]</fullName>
        <sponsorshipDate>2015-02-24</sponsorshipDate>
        <identifiers>
          <bioguideId>R000053</bioguideId>
          <lisID>944</lisID>
          <gpoId>8076</gpoId>
        </identifiers>
        <sponsorshipWithdrawnDate />
        <middleName>B.</middleName>
        <lastName>RANGEL</lastName>
        <isOriginalCosponsor>True</isOriginalCosponsor>
        <firstName>CHARLES</firstName>
        <district>13</district>
        <party>D</party>
        <bioguideId>R000053</bioguideId>
      </item>
      <item>
        <state>DC</state>
        <fullName>Rep. Norton, Eleanor Holmes [D-DC-At Large]</fullName>
        <sponsorshipDate>2015-02-24</sponsorshipDate>
        <identifiers>
          <gpoId>7871</gpoId>
          <lisID>868</lisID>
          <bioguideId>N000147</bioguideId>
        </identifiers>
        <sponsorshipWithdrawnDate />
        <middleName>HOLMES</middleName>
        <lastName>NORTON</lastName>
        <isOriginalCosponsor>True</isOriginalCosponsor>
        <firstName>ELEANOR</firstName>
        <district>0</district>
        <party>D</party>
        <bioguideId>N000147</bioguideId>
      </item>
      <item>
        <state>MD</state>
        <fullName>Rep. Cummings, Elijah E. [D-MD-7]</fullName>
        <sponsorshipDate>2015-02-24</sponsorshipDate>
        <identifiers>
          <bioguideId>C000984</bioguideId>
          <gpoId>7982</gpoId>
          <lisID>256</lisID>
        </identifiers>
        <sponsorshipWithdrawnDate />
        <middleName>E.</middleName>
        <lastName>CUMMINGS</lastName>
        <isOriginalCosponsor>True</isOriginalCosponsor>
        <firstName>ELIJAH</firstName>
        <district>7</district>
        <party>D</party>
        <bioguideId>C000984</bioguideId>
      </item>
      <item>
        <state>NJ</state>
        <fullName>Rep. Payne, Donald M., Jr. [D-NJ-10]</fullName>
        <sponsorshipDate>2015-02-24</sponsorshipDate>
        <identifiers>
          <bioguideId>P000604</bioguideId>
          <lisID>2097</lisID>
          <gpoId>8373</gpoId>
        </identifiers>
        <sponsorshipWithdrawnDate />
        <middleName>M.</middleName>
        <lastName>Payne</lastName>
        <isOriginalCosponsor>True</isOriginalCosponsor>
        <firstName>Donald</firstName>
        <district>10</district>
        <party>D</party>
        <bioguideId>P000604</bioguideId>
      </item>
      <item>
        <state>TX</state>
        <fullName>Rep. Jackson Lee, Sheila [D-TX-18]</fullName>
        <sponsorshipDate>2015-02-24</sponsorshipDate>
        <identifiers>
          <lisID>588</lisID>
          <bioguideId>J000032</bioguideId>
          <gpoId>8174</gpoId>
        </identifiers>
        <sponsorshipWithdrawnDate />
        <middleName />
        <lastName>JACKSON LEE</lastName>
        <isOriginalCosponsor>True</isOriginalCosponsor>
        <firstName>SHEILA</firstName>
        <district>18</district>
        <party>D</party>
        <bioguideId>J000032</bioguideId>
      </item>
      <item>
        <state>NY</state>
        <fullName>Rep. Serrano, Jose E. [D-NY-15]</fullName>
        <sponsorshipDate>2015-02-24</sponsorshipDate>
        <identifiers>
          <lisID>1042</lisID>
          <gpoId>8077</gpoId>
          <bioguideId>S000248</bioguideId>
        </identifiers>
        <sponsorshipWithdrawnDate />
        <middleName>E.</middleName>
        <lastName>SERRANO</lastName>
        <isOriginalCosponsor>True</isOriginalCosponsor>
        <firstName>JOSE</firstName>
        <district>15</district>
        <party>D</party>
        <bioguideId>S000248</bioguideId>
      </item>
      <item>
        <state>TN</state>
        <fullName>Rep. Cohen, Steve [D-TN-9]</fullName>
        <sponsorshipDate>2015-02-27</sponsorshipDate>
        <identifiers>
          <lisID>1878</lisID>
          <bioguideId>C001068</bioguideId>
          <gpoId>8156</gpoId>
        </identifiers>
        <sponsorshipWithdrawnDate />
        <middleName />
        <lastName>Cohen</lastName>
        <isOriginalCosponsor>False</isOriginalCosponsor>
        <firstName>Steve</firstName>
        <district>9</district>
        <party>D</party>
        <bioguideId>C001068</bioguideId>
      </item>
      <item>
        <state>CA</state>
        <fullName>Rep. Lee, Barbara [D-CA-13]</fullName>
        <sponsorshipDate>2015-12-09</sponsorshipDate>
        <identifiers>
          <bioguideId>L000551</bioguideId>
          <lisID>1501</lisID>
          <gpoId>7814</gpoId>
        </identifiers>
        <sponsorshipWithdrawnDate />
        <middleName />
        <lastName>LEE</lastName>
        <isOriginalCosponsor>False</isOriginalCosponsor>
        <firstName>BARBARA</firstName>
        <district>13</district>
        <party>D</party>
        <bioguideId>L000551</bioguideId>
      </item>
    </cosponsors>
    <notes />
    <billType>HR</billType>
  </bill>
  <dublinCore xmlns:dc="http://purl.org/dc/elements/1.1/">
    <dc:format>text/xml</dc:format>
    <dc:language>EN</dc:language>
    <dc:rights>Pursuant to Title 17 Section 105 of the United States Code, this file is not subject to copyright protection and is in the public domain.</dc:rights>
    <dc:contributor>Congressional Research Service, Library of Congress</dc:contributor>
    <dc:description>This file contains bill summaries and statuses for federal legislation. A bill summary describes the most significant provisions of a piece of legislation and details the effects the legislative text may have on current law and federal programs. Bill summaries are authored by the Congressional Research Service (CRS) of the Library of Congress. As stated in Public Law 91-510 (2 USC 166 (d)(6)), one of the duties of CRS is "to prepare summaries and digests of bills and resolutions of a public general nature introduced in the Senate or House of Representatives". For more information, refer to the User Guide that accompanies this file.</dc:description>
  </dublinCore>
</billStatus>

