<?xml version="1.0" encoding="UTF-8"?>
<billStatus>
  <bill>
    <committees>
      <billCommittees>
        <item>
          <systemCode>hsii00</systemCode>
          <name>Natural Resources Committee</name>
          <activities>
            <item>
              <name>Referred to</name>
              <date>2015-01-13T15:04:05Z</date>
            </item>
          </activities>
          <type>Standing</type>
          <chamber>House</chamber>
          <subcommittees>
            <item>
              <systemCode>hsii24</systemCode>
              <name>Indian, Insular and Alaska Native Affairs Subcommittee</name>
              <activities>
                <item>
                  <name>Referred to</name>
                  <date>2015-03-02T19:53:41Z</date>
                </item>
              </activities>
            </item>
          </subcommittees>
        </item>
      </billCommittees>
    </committees>
    <introducedDate>2015-01-13</introducedDate>
    <congress>114</congress>
    <laws />
    <calendarNumbers />
    <originChamber>House</originChamber>
    <constitutionalAuthorityStatementText><![CDATA[<pre>From the Congressional Record Online through the Government Publishing Office [<a href='http://www.gpo.gov'>www.gpo.gov</a>]By Mr. YOUNG of Alaska:H.R. 328.Congress has the power to enact this legislation pursuantto the following:Article 1, Section 8, Clause 3[Page H360]</pre>]]></constitutionalAuthorityStatementText>
    <titles>
      <item>
        <title>American Indian Empowerment Act of 2015</title>
        <chamberCode />
        <chamberName />
        <titleType>Short Titles as Introduced</titleType>
        <parentTitleType />
      </item>
      <item>
        <title>To empower federally recognized Indian tribes to accept restricted fee tribal lands, and for other purposes.</title>
        <chamberCode />
        <chamberName />
        <titleType>Official Title as Introduced</titleType>
        <parentTitleType />
      </item>
      <item>
        <title>American Indian Empowerment Act of 2015</title>
        <chamberCode />
        <chamberName />
        <titleType>Display Title</titleType>
        <parentTitleType />
      </item>
    </titles>
    <createDate>2015-01-14T04:46:23Z</createDate>
    <title>American Indian Empowerment Act of 2015</title>
    <cboCostEstimates />
    <summaries>
      <billSummaries>
        <item>
          <versionCode>00</versionCode>
          <actionDate>2015-01-13</actionDate>
          <text><![CDATA[<p><b>American Indian Empowerment Act of 2015</b></p> <p> Requires the Secretary of the Interior to transfer land the federal government holds in trust for a federally recognized Indian tribe to such tribe as restricted fee tribal land, subject to a restriction against alienation and taxation, after receiving the Indian tribe's request for such transfer. (Restricted fee tribal land is land to which a tribe holds legal title, but which carries legal restrictions against alienation or encumbrance.)</p> <p>Allows Indian tribes to lease, or grant an easement or right-of-way on, restricted fee tribal land for any period of time without the Secretary's review and approval.</p> <p>Gives the laws of a federally recognized Indian tribe that establish a system of land tenure governing the use of the land the tribe holds precedence over any federal law or regulation governing the use of such land, excepting a federal restriction against its alienation and taxation.</p>]]></text>
          <name>Introduced in House</name>
          <lastSummaryUpdateDate>2015-05-22T19:41:16Z</lastSummaryUpdateDate>
          <updateDate>2015-01-13T05:00:00Z</updateDate>
          <actionDesc>Introduced in House</actionDesc>
        </item>
      </billSummaries>
    </summaries>
    <recordedVotes />
    <notes />
    <policyArea>
      <name>Native Americans</name>
    </policyArea>
    <updateDate>2016-11-02T21:16:57Z</updateDate>
    <cosponsors />
    <billNumber>328</billNumber>
    <subjects>
      <billSubjects>
        <legislativeSubjects>
          <item>
            <name>Federal-Indian relations</name>
          </item>
          <item>
            <name>Indian lands and resources rights</name>
          </item>
          <item>
            <name>Land transfers</name>
          </item>
        </legislativeSubjects>
        <policyArea>
          <name>Native Americans</name>
        </policyArea>
      </billSubjects>
    </subjects>
    <latestAction>
      <text>Referred to the Subcommittee on Indian, Insular and Alaska Native Affairs.</text>
      <links />
      <actionDate>2015-03-02</actionDate>
    </latestAction>
    <amendments />
    <actions>
      <actionByCounts>
        <houseOfRepresentatives>4</houseOfRepresentatives>
      </actionByCounts>
      <item>
        <actionDate>2015-03-02</actionDate>
        <committee>
          <name>Indian, Insular and Alaska Native Affairs Subcommittee</name>
          <systemCode>hsii24</systemCode>
        </committee>
        <links />
        <sourceSystem>
          <name>House committee actions</name>
          <code>1</code>
        </sourceSystem>
        <text>Referred to the Subcommittee on Indian, Insular and Alaska Native Affairs.</text>
        <type>Committee</type>
      </item>
      <item>
        <actionCode>H11100</actionCode>
        <links />
        <type>IntroReferral</type>
        <actionDate>2015-01-13</actionDate>
        <committee>
          <name>Natural Resources Committee</name>
          <systemCode>hsii00</systemCode>
        </committee>
        <text>Referred to the House Committee on Natural Resources.</text>
        <sourceSystem>
          <name>House floor actions</name>
          <code>2</code>
        </sourceSystem>
      </item>
      <item>
        <actionCode>Intro-H</actionCode>
        <links />
        <type>IntroReferral</type>
        <actionDate>2015-01-13</actionDate>
        <committee />
        <text>Introduced in House</text>
        <sourceSystem>
          <name>Library of Congress</name>
          <code>9</code>
        </sourceSystem>
      </item>
      <item>
        <actionCode>1000</actionCode>
        <links />
        <type>IntroReferral</type>
        <actionDate>2015-01-13</actionDate>
        <committee />
        <text>Introduced in House</text>
        <sourceSystem>
          <name>Library of Congress</name>
          <code>9</code>
        </sourceSystem>
      </item>
      <actionTypeCounts>
        <introducedInTheHouse>1</introducedInTheHouse>
        <billReferrals>1</billReferrals>
        <introducedInHouse>1</introducedInHouse>
        <placeholderTextForH>1</placeholderTextForH>
      </actionTypeCounts>
    </actions>
    <committeeReports />
    <sponsors>
      <item>
        <middleName>E.</middleName>
        <district>0</district>
        <fullName>Rep. Young, Don [R-AK-At Large]</fullName>
        <bioguideId>Y000033</bioguideId>
        <firstName>DON</firstName>
        <byRequestType />
        <state>AK</state>
        <lastName>YOUNG</lastName>
        <identifiers>
          <gpoId>7785</gpoId>
          <lisID>1256</lisID>
          <bioguideId>Y000033</bioguideId>
        </identifiers>
        <party>R</party>
      </item>
    </sponsors>
    <relatedBills />
    <billType>HR</billType>
  </bill>
  <dublinCore xmlns:dc="http://purl.org/dc/elements/1.1/">
    <dc:format>text/xml</dc:format>
    <dc:language>EN</dc:language>
    <dc:rights>Pursuant to Title 17 Section 105 of the United States Code, this file is not subject to copyright protection and is in the public domain.</dc:rights>
    <dc:contributor>Congressional Research Service, Library of Congress</dc:contributor>
    <dc:description>This file contains bill summaries and statuses for federal legislation. A bill summary describes the most significant provisions of a piece of legislation and details the effects the legislative text may have on current law and federal programs. Bill summaries are authored by the Congressional Research Service (CRS) of the Library of Congress. As stated in Public Law 91-510 (2 USC 166 (d)(6)), one of the duties of CRS is "to prepare summaries and digests of bills and resolutions of a public general nature introduced in the Senate or House of Representatives". For more information, refer to the User Guide that accompanies this file.</dc:description>
  </dublinCore>
</billStatus>

