<?xml version="1.0" encoding="UTF-8"?>
<billStatus>
  <bill>
    <introducedDate>2015-04-21</introducedDate>
    <committeeReports />
    <laws />
    <createDate>2015-04-22T08:46:04Z</createDate>
    <actions>
      <actionByCounts>
        <houseOfRepresentatives>3</houseOfRepresentatives>
      </actionByCounts>
      <item>
        <actionDate>2015-04-21</actionDate>
        <type>IntroReferral</type>
        <actionCode>H11100</actionCode>
        <committee>
          <name>Education and the Workforce Committee</name>
          <systemCode>hsed00</systemCode>
        </committee>
        <text>Referred to the House Committee on Education and the Workforce.</text>
        <sourceSystem>
          <name>House floor actions</name>
          <code>2</code>
        </sourceSystem>
        <links />
      </item>
      <item>
        <actionDate>2015-04-21</actionDate>
        <type>IntroReferral</type>
        <actionCode>Intro-H</actionCode>
        <committee />
        <text>Introduced in House</text>
        <sourceSystem>
          <name>Library of Congress</name>
          <code>9</code>
        </sourceSystem>
        <links />
      </item>
      <item>
        <actionDate>2015-04-21</actionDate>
        <type>IntroReferral</type>
        <actionCode>1000</actionCode>
        <committee />
        <text>Introduced in House</text>
        <sourceSystem>
          <name>Library of Congress</name>
          <code>9</code>
        </sourceSystem>
        <links />
      </item>
      <actionTypeCounts>
        <billReferrals>1</billReferrals>
        <introducedInTheHouse>1</introducedInTheHouse>
        <introducedInHouse>1</introducedInHouse>
      </actionTypeCounts>
    </actions>
    <recordedVotes />
    <relatedBills>
      <item>
        <congress>114</congress>
        <type>SRES</type>
        <latestAction>
          <text>Referred to the Committee on Health, Education, Labor, and Pensions. (text of measure as introduced: CR S2306)</text>
          <actionDate>2015-04-21</actionDate>
        </latestAction>
        <latestTitle>A resolution supporting efforts to ensure that students have access to debt-free higher education.</latestTitle>
        <number>143</number>
        <relationshipDetails>
          <item>
            <type>Identical bill</type>
            <identifiedBy>CRS</identifiedBy>
          </item>
        </relationshipDetails>
      </item>
    </relatedBills>
    <cosponsors>
      <item>
        <sponsorshipDate>2015-04-21</sponsorshipDate>
        <party>D</party>
        <lastName>Ellison</lastName>
        <sponsorshipWithdrawnDate />
        <bioguideId>E000288</bioguideId>
        <isOriginalCosponsor>True</isOriginalCosponsor>
        <district>5</district>
        <state>MN</state>
        <middleName />
        <identifiers>
          <bioguideId>E000288</bioguideId>
          <lisID>1857</lisID>
          <gpoId>8005</gpoId>
        </identifiers>
        <fullName>Rep. Ellison, Keith [D-MN-5]</fullName>
        <firstName>Keith</firstName>
      </item>
      <item>
        <sponsorshipDate>2015-04-21</sponsorshipDate>
        <party>D</party>
        <lastName>Clark</lastName>
        <sponsorshipWithdrawnDate />
        <bioguideId>C001101</bioguideId>
        <isOriginalCosponsor>True</isOriginalCosponsor>
        <district>5</district>
        <state>MA</state>
        <middleName>M.</middleName>
        <identifiers>
          <bioguideId>C001101</bioguideId>
          <gpoId />
          <lisID>2196</lisID>
        </identifiers>
        <fullName>Rep. Clark, Katherine M. [D-MA-5]</fullName>
        <firstName>Katherine</firstName>
      </item>
      <item>
        <sponsorshipDate>2015-04-21</sponsorshipDate>
        <party>D</party>
        <lastName>Johnson</lastName>
        <sponsorshipWithdrawnDate />
        <bioguideId>J000288</bioguideId>
        <isOriginalCosponsor>True</isOriginalCosponsor>
        <district>4</district>
        <state>GA</state>
        <middleName>C. "Hank"</middleName>
        <identifiers>
          <gpoId>7901</gpoId>
          <bioguideId>J000288</bioguideId>
          <lisID>1843</lisID>
        </identifiers>
        <fullName>Rep. Johnson, Henry C. "Hank," Jr. [D-GA-4]</fullName>
        <firstName>Henry</firstName>
      </item>
      <item>
        <sponsorshipDate>2015-04-21</sponsorshipDate>
        <party>D</party>
        <lastName>Pocan</lastName>
        <sponsorshipWithdrawnDate />
        <bioguideId>P000607</bioguideId>
        <isOriginalCosponsor>True</isOriginalCosponsor>
        <district>2</district>
        <state>WI</state>
        <middleName />
        <identifiers>
          <lisID>2171</lisID>
          <gpoId />
          <bioguideId>P000607</bioguideId>
        </identifiers>
        <fullName>Rep. Pocan, Mark [D-WI-2]</fullName>
        <firstName>Mark</firstName>
      </item>
      <item>
        <sponsorshipDate>2015-04-21</sponsorshipDate>
        <party>D</party>
        <lastName>LEE</lastName>
        <sponsorshipWithdrawnDate />
        <bioguideId>L000551</bioguideId>
        <isOriginalCosponsor>True</isOriginalCosponsor>
        <district>13</district>
        <state>CA</state>
        <middleName />
        <identifiers>
          <lisID>1501</lisID>
          <gpoId>7814</gpoId>
          <bioguideId>L000551</bioguideId>
        </identifiers>
        <fullName>Rep. Lee, Barbara [D-CA-13]</fullName>
        <firstName>BARBARA</firstName>
      </item>
      <item>
        <sponsorshipDate>2015-04-21</sponsorshipDate>
        <party>D</party>
        <lastName>ISRAEL</lastName>
        <sponsorshipWithdrawnDate />
        <bioguideId>I000057</bioguideId>
        <isOriginalCosponsor>True</isOriginalCosponsor>
        <district>3</district>
        <state>NY</state>
        <middleName />
        <identifiers>
          <gpoId>8063</gpoId>
          <bioguideId>I000057</bioguideId>
          <lisID>1663</lisID>
        </identifiers>
        <fullName>Rep. Israel, Steve [D-NY-3]</fullName>
        <firstName>STEVE</firstName>
      </item>
      <item>
        <sponsorshipDate>2015-04-21</sponsorshipDate>
        <party>D</party>
        <lastName>SCHAKOWSKY</lastName>
        <sponsorshipWithdrawnDate />
        <bioguideId>S001145</bioguideId>
        <isOriginalCosponsor>True</isOriginalCosponsor>
        <district>9</district>
        <state>IL</state>
        <middleName>D.</middleName>
        <identifiers>
          <bioguideId>S001145</bioguideId>
          <lisID>1588</lisID>
          <gpoId>7929</gpoId>
        </identifiers>
        <fullName>Rep. Schakowsky, Janice D. [D-IL-9]</fullName>
        <firstName>JANICE</firstName>
      </item>
      <item>
        <sponsorshipDate>2015-04-21</sponsorshipDate>
        <party>D</party>
        <lastName>Takano</lastName>
        <sponsorshipWithdrawnDate />
        <bioguideId>T000472</bioguideId>
        <isOriginalCosponsor>True</isOriginalCosponsor>
        <district>41</district>
        <state>CA</state>
        <middleName />
        <identifiers>
          <lisID>2110</lisID>
          <gpoId />
          <bioguideId>T000472</bioguideId>
        </identifiers>
        <fullName>Rep. Takano, Mark [D-CA-41]</fullName>
        <firstName>Mark</firstName>
      </item>
      <item>
        <sponsorshipDate>2015-04-21</sponsorshipDate>
        <party>D</party>
        <lastName>Gallego</lastName>
        <sponsorshipWithdrawnDate />
        <bioguideId>G000574</bioguideId>
        <isOriginalCosponsor>True</isOriginalCosponsor>
        <district>7</district>
        <state>AZ</state>
        <middleName />
        <identifiers>
          <bioguideId>G000574</bioguideId>
          <lisID>2226</lisID>
          <gpoId />
        </identifiers>
        <fullName>Rep. Gallego, Ruben [D-AZ-7]</fullName>
        <firstName>Ruben</firstName>
      </item>
      <item>
        <sponsorshipDate>2015-04-21</sponsorshipDate>
        <party>D</party>
        <lastName>CONYERS</lastName>
        <sponsorshipWithdrawnDate />
        <bioguideId>C000714</bioguideId>
        <isOriginalCosponsor>True</isOriginalCosponsor>
        <district>13</district>
        <state>MI</state>
        <middleName />
        <identifiers>
          <lisID>229</lisID>
          <gpoId>7999</gpoId>
          <bioguideId>C000714</bioguideId>
        </identifiers>
        <fullName>Rep. Conyers, John, Jr. [D-MI-13]</fullName>
        <firstName>JOHN</firstName>
      </item>
      <item>
        <sponsorshipDate>2015-04-21</sponsorshipDate>
        <party>D</party>
        <lastName>Watson Coleman</lastName>
        <sponsorshipWithdrawnDate />
        <bioguideId>W000822</bioguideId>
        <isOriginalCosponsor>True</isOriginalCosponsor>
        <district>12</district>
        <state>NJ</state>
        <middleName />
        <identifiers>
          <lisID>2259</lisID>
          <gpoId />
          <bioguideId>W000822</bioguideId>
        </identifiers>
        <fullName>Rep. Watson Coleman, Bonnie [D-NJ-12]</fullName>
        <firstName>Bonnie</firstName>
      </item>
      <item>
        <sponsorshipDate>2015-04-21</sponsorshipDate>
        <party>D</party>
        <lastName>HONDA</lastName>
        <sponsorshipWithdrawnDate />
        <bioguideId>H001034</bioguideId>
        <isOriginalCosponsor>True</isOriginalCosponsor>
        <district>17</district>
        <state>CA</state>
        <middleName>M.</middleName>
        <identifiers>
          <bioguideId>H001034</bioguideId>
          <lisID>1634</lisID>
          <gpoId>7820</gpoId>
        </identifiers>
        <fullName>Rep. Honda, Michael M. [D-CA-17]</fullName>
        <firstName>MICHAEL</firstName>
      </item>
      <item>
        <sponsorshipDate>2015-04-21</sponsorshipDate>
        <party>D</party>
        <lastName>Grayson</lastName>
        <sponsorshipWithdrawnDate />
        <bioguideId>G000556</bioguideId>
        <isOriginalCosponsor>True</isOriginalCosponsor>
        <district>9</district>
        <state>FL</state>
        <middleName />
        <identifiers>
          <bioguideId>G000556</bioguideId>
          <gpoId>7302</gpoId>
          <lisID>1914</lisID>
        </identifiers>
        <fullName>Rep. Grayson, Alan [D-FL-9]</fullName>
        <firstName>Alan</firstName>
      </item>
      <item>
        <sponsorshipDate>2015-04-21</sponsorshipDate>
        <party>D</party>
        <lastName>Chu</lastName>
        <sponsorshipWithdrawnDate />
        <bioguideId>C001080</bioguideId>
        <isOriginalCosponsor>True</isOriginalCosponsor>
        <district>27</district>
        <state>CA</state>
        <middleName />
        <identifiers>
          <gpoId>7837</gpoId>
          <bioguideId>C001080</bioguideId>
          <lisID>1970</lisID>
        </identifiers>
        <fullName>Rep. Chu, Judy [D-CA-27]</fullName>
        <firstName>Judy</firstName>
      </item>
      <item>
        <sponsorshipDate>2015-04-21</sponsorshipDate>
        <party>D</party>
        <lastName>Van Hollen</lastName>
        <sponsorshipWithdrawnDate />
        <bioguideId>V000128</bioguideId>
        <isOriginalCosponsor>True</isOriginalCosponsor>
        <district>8</district>
        <state>MD</state>
        <middleName />
        <identifiers>
          <lisID>1729</lisID>
          <gpoId>7983</gpoId>
          <bioguideId>V000128</bioguideId>
        </identifiers>
        <fullName>Rep. Van Hollen, Chris [D-MD-8]</fullName>
        <firstName>Chris</firstName>
      </item>
      <item>
        <sponsorshipDate>2015-04-21</sponsorshipDate>
        <party>D</party>
        <lastName>Edwards</lastName>
        <sponsorshipWithdrawnDate />
        <bioguideId>E000290</bioguideId>
        <isOriginalCosponsor>True</isOriginalCosponsor>
        <district>4</district>
        <state>MD</state>
        <middleName>F.</middleName>
        <identifiers>
          <bioguideId>E000290</bioguideId>
          <gpoId>7979</gpoId>
          <lisID>1894</lisID>
        </identifiers>
        <fullName>Rep. Edwards, Donna F. [D-MD-4]</fullName>
        <firstName>Donna</firstName>
      </item>
      <item>
        <sponsorshipDate>2015-04-21</sponsorshipDate>
        <party>D</party>
        <lastName>MCGOVERN</lastName>
        <sponsorshipWithdrawnDate />
        <bioguideId>M000312</bioguideId>
        <isOriginalCosponsor>True</isOriginalCosponsor>
        <district>2</district>
        <state>MA</state>
        <middleName>P.</middleName>
        <identifiers>
          <lisID>1504</lisID>
          <gpoId>7968</gpoId>
          <bioguideId>M000312</bioguideId>
        </identifiers>
        <fullName>Rep. McGovern, James P. [D-MA-2]</fullName>
        <firstName>JAMES</firstName>
      </item>
      <item>
        <sponsorshipDate>2015-04-21</sponsorshipDate>
        <party>D</party>
        <lastName>Clarke</lastName>
        <sponsorshipWithdrawnDate />
        <bioguideId>C001067</bioguideId>
        <isOriginalCosponsor>True</isOriginalCosponsor>
        <district>9</district>
        <state>NY</state>
        <middleName>D.</middleName>
        <identifiers>
          <bioguideId>C001067</bioguideId>
          <gpoId>8072</gpoId>
          <lisID>1864</lisID>
        </identifiers>
        <fullName>Rep. Clarke, Yvette D. [D-NY-9]</fullName>
        <firstName>Yvette</firstName>
      </item>
      <item>
        <sponsorshipDate>2015-04-21</sponsorshipDate>
        <party>D</party>
        <lastName>Wilson</lastName>
        <sponsorshipWithdrawnDate />
        <bioguideId>W000808</bioguideId>
        <isOriginalCosponsor>True</isOriginalCosponsor>
        <district>24</district>
        <state>FL</state>
        <middleName>S.</middleName>
        <identifiers>
          <lisID>2004</lisID>
          <gpoId>7889</gpoId>
          <bioguideId>W000808</bioguideId>
        </identifiers>
        <fullName>Rep. Wilson, Frederica S. [D-FL-24]</fullName>
        <firstName>Frederica</firstName>
      </item>
      <item>
        <sponsorshipDate>2015-04-21</sponsorshipDate>
        <party>D</party>
        <lastName>CUMMINGS</lastName>
        <sponsorshipWithdrawnDate />
        <bioguideId>C000984</bioguideId>
        <isOriginalCosponsor>True</isOriginalCosponsor>
        <district>7</district>
        <state>MD</state>
        <middleName>E.</middleName>
        <identifiers>
          <gpoId>7982</gpoId>
          <bioguideId>C000984</bioguideId>
          <lisID>256</lisID>
        </identifiers>
        <fullName>Rep. Cummings, Elijah E. [D-MD-7]</fullName>
        <firstName>ELIJAH</firstName>
      </item>
      <item>
        <sponsorshipDate>2015-04-21</sponsorshipDate>
        <party>D</party>
        <lastName>Lieu</lastName>
        <sponsorshipWithdrawnDate />
        <bioguideId>L000582</bioguideId>
        <isOriginalCosponsor>True</isOriginalCosponsor>
        <district>33</district>
        <state>CA</state>
        <middleName />
        <identifiers>
          <bioguideId>L000582</bioguideId>
          <lisID>2230</lisID>
          <gpoId />
        </identifiers>
        <fullName>Rep. Lieu, Ted [D-CA-33]</fullName>
        <firstName>Ted</firstName>
      </item>
      <item>
        <sponsorshipDate>2015-04-21</sponsorshipDate>
        <party>D</party>
        <lastName>GUTIERREZ</lastName>
        <sponsorshipWithdrawnDate />
        <bioguideId>G000535</bioguideId>
        <isOriginalCosponsor>True</isOriginalCosponsor>
        <district>4</district>
        <state>IL</state>
        <middleName>V.</middleName>
        <identifiers>
          <bioguideId>G000535</bioguideId>
          <lisID>478</lisID>
          <gpoId>7924</gpoId>
        </identifiers>
        <fullName>Rep. Gutierrez, Luis V. [D-IL-4]</fullName>
        <firstName>LUIS</firstName>
      </item>
      <item>
        <sponsorshipDate>2015-04-21</sponsorshipDate>
        <party>D</party>
        <lastName>DeSaulnier</lastName>
        <sponsorshipWithdrawnDate />
        <bioguideId>D000623</bioguideId>
        <isOriginalCosponsor>True</isOriginalCosponsor>
        <district>11</district>
        <state>CA</state>
        <middleName />
        <identifiers>
          <gpoId />
          <bioguideId>D000623</bioguideId>
          <lisID>2227</lisID>
        </identifiers>
        <fullName>Rep. DeSaulnier, Mark [D-CA-11]</fullName>
        <firstName>Mark</firstName>
      </item>
      <item>
        <sponsorshipDate>2015-04-21</sponsorshipDate>
        <party>D</party>
        <lastName>DEFAZIO</lastName>
        <sponsorshipWithdrawnDate />
        <bioguideId>D000191</bioguideId>
        <isOriginalCosponsor>True</isOriginalCosponsor>
        <district>4</district>
        <state>OR</state>
        <middleName>A.</middleName>
        <identifiers>
          <lisID>279</lisID>
          <gpoId>8117</gpoId>
          <bioguideId>D000191</bioguideId>
        </identifiers>
        <fullName>Rep. DeFazio, Peter A. [D-OR-4]</fullName>
        <firstName>PETER</firstName>
      </item>
      <item>
        <sponsorshipDate>2015-04-21</sponsorshipDate>
        <party>D</party>
        <lastName>MCDERMOTT</lastName>
        <sponsorshipWithdrawnDate />
        <bioguideId>M000404</bioguideId>
        <isOriginalCosponsor>True</isOriginalCosponsor>
        <district>7</district>
        <state>WA</state>
        <middleName />
        <identifiers>
          <lisID>766</lisID>
          <gpoId>8211</gpoId>
          <bioguideId>M000404</bioguideId>
        </identifiers>
        <fullName>Rep. McDermott, Jim [D-WA-7]</fullName>
        <firstName>JIM</firstName>
      </item>
      <item>
        <sponsorshipDate>2015-04-21</sponsorshipDate>
        <party>D</party>
        <lastName>NORTON</lastName>
        <sponsorshipWithdrawnDate />
        <bioguideId>N000147</bioguideId>
        <isOriginalCosponsor>True</isOriginalCosponsor>
        <district>0</district>
        <state>DC</state>
        <middleName>HOLMES</middleName>
        <identifiers>
          <bioguideId>N000147</bioguideId>
          <lisID>868</lisID>
          <gpoId>7871</gpoId>
        </identifiers>
        <fullName>Rep. Norton, Eleanor Holmes [D-DC-At Large]</fullName>
        <firstName>ELEANOR</firstName>
      </item>
      <item>
        <sponsorshipDate>2015-04-21</sponsorshipDate>
        <party>D</party>
        <lastName>RANGEL</lastName>
        <sponsorshipWithdrawnDate />
        <bioguideId>R000053</bioguideId>
        <isOriginalCosponsor>True</isOriginalCosponsor>
        <district>13</district>
        <state>NY</state>
        <middleName>B.</middleName>
        <identifiers>
          <lisID>944</lisID>
          <gpoId>8076</gpoId>
          <bioguideId>R000053</bioguideId>
        </identifiers>
        <fullName>Rep. Rangel, Charles B. [D-NY-13]</fullName>
        <firstName>CHARLES</firstName>
      </item>
      <item>
        <sponsorshipDate>2015-04-21</sponsorshipDate>
        <party>D</party>
        <lastName>Hahn</lastName>
        <sponsorshipWithdrawnDate />
        <bioguideId>H001063</bioguideId>
        <isOriginalCosponsor>True</isOriginalCosponsor>
        <district>44</district>
        <state>CA</state>
        <middleName />
        <identifiers>
          <gpoId>8360</gpoId>
          <bioguideId>H001063</bioguideId>
          <lisID>2089</lisID>
        </identifiers>
        <fullName>Rep. Hahn, Janice [D-CA-44]</fullName>
        <firstName>Janice</firstName>
      </item>
      <item>
        <sponsorshipDate>2015-04-21</sponsorshipDate>
        <party>D</party>
        <lastName>WATERS</lastName>
        <sponsorshipWithdrawnDate />
        <bioguideId>W000187</bioguideId>
        <isOriginalCosponsor>True</isOriginalCosponsor>
        <district>43</district>
        <state>CA</state>
        <middleName />
        <identifiers>
          <lisID>1205</lisID>
          <gpoId>7840</gpoId>
          <bioguideId>W000187</bioguideId>
        </identifiers>
        <fullName>Rep. Waters, Maxine [D-CA-43]</fullName>
        <firstName>MAXINE</firstName>
      </item>
      <item>
        <sponsorshipDate>2015-04-21</sponsorshipDate>
        <party>D</party>
        <lastName>Polis</lastName>
        <sponsorshipWithdrawnDate />
        <bioguideId>P000598</bioguideId>
        <isOriginalCosponsor>True</isOriginalCosponsor>
        <district>2</district>
        <state>CO</state>
        <middleName />
        <identifiers>
          <lisID>1910</lisID>
          <gpoId>7860</gpoId>
          <bioguideId>P000598</bioguideId>
        </identifiers>
        <fullName>Rep. Polis, Jared [D-CO-2]</fullName>
        <firstName>Jared</firstName>
      </item>
      <item>
        <sponsorshipDate>2015-04-21</sponsorshipDate>
        <party>D</party>
        <lastName>Adams</lastName>
        <sponsorshipWithdrawnDate />
        <bioguideId>A000370</bioguideId>
        <isOriginalCosponsor>True</isOriginalCosponsor>
        <district>12</district>
        <state>NC</state>
        <middleName>S.</middleName>
        <identifiers>
          <lisID>2201</lisID>
          <gpoId />
          <bioguideId>A000370</bioguideId>
        </identifiers>
        <fullName>Rep. Adams, Alma S. [D-NC-12]</fullName>
        <firstName>Alma</firstName>
      </item>
      <item>
        <sponsorshipDate>2015-04-21</sponsorshipDate>
        <party>D</party>
        <lastName>Welch</lastName>
        <sponsorshipWithdrawnDate />
        <bioguideId>W000800</bioguideId>
        <isOriginalCosponsor>True</isOriginalCosponsor>
        <district>0</district>
        <state>VT</state>
        <middleName />
        <identifiers>
          <gpoId>8204</gpoId>
          <bioguideId>W000800</bioguideId>
          <lisID>1879</lisID>
        </identifiers>
        <fullName>Rep. Welch, Peter [D-VT-At Large]</fullName>
        <firstName>Peter</firstName>
      </item>
      <item>
        <sponsorshipDate>2015-04-21</sponsorshipDate>
        <party>D</party>
        <lastName>CLAY</lastName>
        <sponsorshipWithdrawnDate />
        <bioguideId>C001049</bioguideId>
        <isOriginalCosponsor>True</isOriginalCosponsor>
        <district>1</district>
        <state>MO</state>
        <middleName>LACY</middleName>
        <identifiers>
          <lisID>1654</lisID>
          <gpoId>8009</gpoId>
          <bioguideId>C001049</bioguideId>
        </identifiers>
        <fullName>Rep. Clay, Wm. Lacy [D-MO-1]</fullName>
        <firstName>WM.</firstName>
      </item>
      <item>
        <sponsorshipDate>2015-04-21</sponsorshipDate>
        <party>D</party>
        <lastName>Swalwell</lastName>
        <sponsorshipWithdrawnDate />
        <bioguideId>S001193</bioguideId>
        <isOriginalCosponsor>True</isOriginalCosponsor>
        <district>15</district>
        <state>CA</state>
        <middleName />
        <identifiers>
          <bioguideId>S001193</bioguideId>
          <lisID>2104</lisID>
          <gpoId />
        </identifiers>
        <fullName>Rep. Swalwell, Eric [D-CA-15]</fullName>
        <firstName>Eric</firstName>
      </item>
      <item>
        <sponsorshipDate>2015-04-27</sponsorshipDate>
        <party>D</party>
        <lastName>Scott</lastName>
        <sponsorshipWithdrawnDate />
        <bioguideId>S000185</bioguideId>
        <isOriginalCosponsor>False</isOriginalCosponsor>
        <district>3</district>
        <state>VA</state>
        <middleName>C. "Bobby"</middleName>
        <identifiers>
          <lisID>1037</lisID>
          <gpoId>8194</gpoId>
          <bioguideId>S000185</bioguideId>
        </identifiers>
        <fullName>Rep. Scott, Robert C. "Bobby" [D-VA-3]</fullName>
        <firstName>Robert</firstName>
      </item>
      <item>
        <sponsorshipDate>2015-04-27</sponsorshipDate>
        <party>D</party>
        <lastName>Lowenthal</lastName>
        <sponsorshipWithdrawnDate />
        <bioguideId>L000579</bioguideId>
        <isOriginalCosponsor>False</isOriginalCosponsor>
        <district>47</district>
        <state>CA</state>
        <middleName>S.</middleName>
        <identifiers>
          <bioguideId>L000579</bioguideId>
          <lisID>2111</lisID>
          <gpoId />
        </identifiers>
        <fullName>Rep. Lowenthal, Alan S. [D-CA-47]</fullName>
        <firstName>Alan</firstName>
      </item>
      <item>
        <sponsorshipDate>2015-04-27</sponsorshipDate>
        <party>D</party>
        <lastName>Lujan</lastName>
        <sponsorshipWithdrawnDate />
        <bioguideId>L000570</bioguideId>
        <isOriginalCosponsor>False</isOriginalCosponsor>
        <district>3</district>
        <state>NM</state>
        <middleName>Ray</middleName>
        <identifiers>
          <lisID>1939</lisID>
          <gpoId>8058</gpoId>
          <bioguideId>L000570</bioguideId>
        </identifiers>
        <fullName>Rep. Lujan, Ben Ray [D-NM-3]</fullName>
        <firstName>Ben</firstName>
      </item>
      <item>
        <sponsorshipDate>2015-04-29</sponsorshipDate>
        <party>D</party>
        <lastName>JACKSON LEE</lastName>
        <sponsorshipWithdrawnDate />
        <bioguideId>J000032</bioguideId>
        <isOriginalCosponsor>False</isOriginalCosponsor>
        <district>18</district>
        <state>TX</state>
        <middleName />
        <identifiers>
          <gpoId>8174</gpoId>
          <bioguideId>J000032</bioguideId>
          <lisID>588</lisID>
        </identifiers>
        <fullName>Rep. Jackson Lee, Sheila [D-TX-18]</fullName>
        <firstName>SHEILA</firstName>
      </item>
      <item>
        <sponsorshipDate>2015-04-29</sponsorshipDate>
        <party>D</party>
        <lastName>Sablan</lastName>
        <sponsorshipWithdrawnDate />
        <bioguideId>S001177</bioguideId>
        <isOriginalCosponsor>False</isOriginalCosponsor>
        <district>0</district>
        <state>MP</state>
        <middleName>Kilili Camacho</middleName>
        <identifiers>
          <lisID>1962</lisID>
          <gpoId>8018</gpoId>
          <bioguideId>S001177</bioguideId>
        </identifiers>
        <fullName>Rep. Sablan, Gregorio Kilili Camacho [D-MP-At Large]</fullName>
        <firstName>Gregorio</firstName>
      </item>
      <item>
        <sponsorshipDate>2015-04-29</sponsorshipDate>
        <party>D</party>
        <lastName>Vargas</lastName>
        <sponsorshipWithdrawnDate />
        <bioguideId>V000130</bioguideId>
        <isOriginalCosponsor>False</isOriginalCosponsor>
        <district>51</district>
        <state>CA</state>
        <middleName />
        <identifiers>
          <bioguideId>V000130</bioguideId>
          <gpoId />
          <lisID>2112</lisID>
        </identifiers>
        <fullName>Rep. Vargas, Juan [D-CA-51]</fullName>
        <firstName>Juan</firstName>
      </item>
      <item>
        <sponsorshipDate>2015-06-11</sponsorshipDate>
        <party>D</party>
        <lastName>Kuster</lastName>
        <sponsorshipWithdrawnDate />
        <bioguideId>K000382</bioguideId>
        <isOriginalCosponsor>False</isOriginalCosponsor>
        <district>2</district>
        <state>NH</state>
        <middleName>M.</middleName>
        <identifiers>
          <bioguideId>K000382</bioguideId>
          <lisID>2145</lisID>
          <gpoId />
        </identifiers>
        <fullName>Rep. Kuster, Ann M. [D-NH-2]</fullName>
        <firstName>Ann</firstName>
      </item>
      <item>
        <sponsorshipDate>2015-06-11</sponsorshipDate>
        <party>D</party>
        <lastName>Sewell</lastName>
        <sponsorshipWithdrawnDate />
        <bioguideId>S001185</bioguideId>
        <isOriginalCosponsor>False</isOriginalCosponsor>
        <district>7</district>
        <state>AL</state>
        <middleName>A.</middleName>
        <identifiers>
          <lisID>1988</lisID>
          <gpoId>7792</gpoId>
          <bioguideId>S001185</bioguideId>
        </identifiers>
        <fullName>Rep. Sewell, Terri A. [D-AL-7]</fullName>
        <firstName>Terri</firstName>
      </item>
      <item>
        <sponsorshipDate>2015-06-11</sponsorshipDate>
        <party>D</party>
        <lastName>Lawrence</lastName>
        <sponsorshipWithdrawnDate />
        <bioguideId>L000581</bioguideId>
        <isOriginalCosponsor>False</isOriginalCosponsor>
        <district>14</district>
        <state>MI</state>
        <middleName>L.</middleName>
        <identifiers>
          <lisID>2252</lisID>
          <gpoId />
          <bioguideId>L000581</bioguideId>
        </identifiers>
        <fullName>Rep. Lawrence, Brenda L. [D-MI-14]</fullName>
        <firstName>Brenda</firstName>
      </item>
      <item>
        <sponsorshipDate>2015-06-11</sponsorshipDate>
        <party>D</party>
        <lastName>Cohen</lastName>
        <sponsorshipWithdrawnDate />
        <bioguideId>C001068</bioguideId>
        <isOriginalCosponsor>False</isOriginalCosponsor>
        <district>9</district>
        <state>TN</state>
        <middleName />
        <identifiers>
          <lisID>1878</lisID>
          <gpoId>8156</gpoId>
          <bioguideId>C001068</bioguideId>
        </identifiers>
        <fullName>Rep. Cohen, Steve [D-TN-9]</fullName>
        <firstName>Steve</firstName>
      </item>
      <item>
        <sponsorshipDate>2015-06-11</sponsorshipDate>
        <party>D</party>
        <lastName>BROWN</lastName>
        <sponsorshipWithdrawnDate />
        <bioguideId>B000911</bioguideId>
        <isOriginalCosponsor>False</isOriginalCosponsor>
        <district>5</district>
        <state>FL</state>
        <middleName />
        <identifiers>
          <lisID>132</lisID>
          <gpoId>7875</gpoId>
          <bioguideId>B000911</bioguideId>
        </identifiers>
        <fullName>Rep. Brown, Corrine [D-FL-5]</fullName>
        <firstName>CORRINE</firstName>
      </item>
      <item>
        <sponsorshipDate>2015-06-11</sponsorshipDate>
        <party>D</party>
        <lastName>Butterfield</lastName>
        <sponsorshipWithdrawnDate />
        <bioguideId>B001251</bioguideId>
        <isOriginalCosponsor>False</isOriginalCosponsor>
        <district>1</district>
        <state>NC</state>
        <middleName />
        <identifiers>
          <lisID>1761</lisID>
          <gpoId>8024</gpoId>
          <bioguideId>B001251</bioguideId>
        </identifiers>
        <fullName>Rep. Butterfield, G. K. [D-NC-1]</fullName>
        <firstName>G. K.</firstName>
      </item>
      <item>
        <sponsorshipDate>2015-06-11</sponsorshipDate>
        <party>D</party>
        <lastName>NADLER</lastName>
        <sponsorshipWithdrawnDate />
        <bioguideId>N000002</bioguideId>
        <isOriginalCosponsor>False</isOriginalCosponsor>
        <district>10</district>
        <state>NY</state>
        <middleName />
        <identifiers>
          <bioguideId>N000002</bioguideId>
          <gpoId>8069</gpoId>
          <lisID>850</lisID>
        </identifiers>
        <fullName>Rep. Nadler, Jerrold [D-NY-10]</fullName>
        <firstName>JERROLD</firstName>
      </item>
      <item>
        <sponsorshipDate>2015-06-11</sponsorshipDate>
        <party>D</party>
        <lastName>Murphy</lastName>
        <sponsorshipWithdrawnDate />
        <bioguideId>M001191</bioguideId>
        <isOriginalCosponsor>False</isOriginalCosponsor>
        <district>18</district>
        <state>FL</state>
        <middleName />
        <identifiers>
          <bioguideId>M001191</bioguideId>
          <lisID>2117</lisID>
          <gpoId />
        </identifiers>
        <fullName>Rep. Murphy, Patrick [D-FL-18]</fullName>
        <firstName>Patrick</firstName>
      </item>
      <item>
        <sponsorshipDate>2015-06-11</sponsorshipDate>
        <party>D</party>
        <lastName>NAPOLITANO</lastName>
        <sponsorshipWithdrawnDate />
        <bioguideId>N000179</bioguideId>
        <isOriginalCosponsor>False</isOriginalCosponsor>
        <district>32</district>
        <state>CA</state>
        <middleName>F.</middleName>
        <identifiers>
          <lisID>1602</lisID>
          <gpoId>7843</gpoId>
          <bioguideId>N000179</bioguideId>
        </identifiers>
        <fullName>Rep. Napolitano, Grace F. [D-CA-32]</fullName>
        <firstName>GRACE</firstName>
      </item>
      <item>
        <sponsorshipDate>2015-06-11</sponsorshipDate>
        <party>D</party>
        <lastName>Moore</lastName>
        <sponsorshipWithdrawnDate />
        <bioguideId>M001160</bioguideId>
        <isOriginalCosponsor>False</isOriginalCosponsor>
        <district>4</district>
        <state>WI</state>
        <middleName />
        <identifiers>
          <lisID>1811</lisID>
          <gpoId>8217</gpoId>
          <bioguideId>M001160</bioguideId>
        </identifiers>
        <fullName>Rep. Moore, Gwen [D-WI-4]</fullName>
        <firstName>Gwen</firstName>
      </item>
      <item>
        <sponsorshipDate>2015-06-11</sponsorshipDate>
        <party>D</party>
        <lastName>ESHOO</lastName>
        <sponsorshipWithdrawnDate />
        <bioguideId>E000215</bioguideId>
        <isOriginalCosponsor>False</isOriginalCosponsor>
        <district>18</district>
        <state>CA</state>
        <middleName>G.</middleName>
        <identifiers>
          <lisID>355</lisID>
          <gpoId>7819</gpoId>
          <bioguideId>E000215</bioguideId>
        </identifiers>
        <fullName>Rep. Eshoo, Anna G. [D-CA-18]</fullName>
        <firstName>ANNA</firstName>
      </item>
      <item>
        <sponsorshipDate>2015-06-11</sponsorshipDate>
        <party>D</party>
        <lastName>SLAUGHTER</lastName>
        <sponsorshipWithdrawnDate />
        <bioguideId>S000480</bioguideId>
        <isOriginalCosponsor>False</isOriginalCosponsor>
        <district>25</district>
        <state>NY</state>
        <middleName>M.</middleName>
        <identifiers>
          <gpoId>8089</gpoId>
          <bioguideId>S000480</bioguideId>
          <lisID>1069</lisID>
        </identifiers>
        <fullName>Rep. Slaughter, Louise McIntosh [D-NY-25]</fullName>
        <firstName>LOUISE</firstName>
      </item>
      <item>
        <sponsorshipDate>2015-06-11</sponsorshipDate>
        <party>D</party>
        <lastName>Boyle</lastName>
        <sponsorshipWithdrawnDate />
        <bioguideId>B001296</bioguideId>
        <isOriginalCosponsor>False</isOriginalCosponsor>
        <district>13</district>
        <state>PA</state>
        <middleName>F.</middleName>
        <identifiers>
          <bioguideId>B001296</bioguideId>
          <lisID>2267</lisID>
          <gpoId />
        </identifiers>
        <fullName>Rep. Boyle, Brendan F. [D-PA-13]</fullName>
        <firstName>Brendan</firstName>
      </item>
      <item>
        <sponsorshipDate>2015-06-11</sponsorshipDate>
        <party>D</party>
        <lastName>NOLAN</lastName>
        <sponsorshipWithdrawnDate />
        <bioguideId>N000127</bioguideId>
        <isOriginalCosponsor>False</isOriginalCosponsor>
        <district>8</district>
        <state>MN</state>
        <middleName />
        <identifiers>
          <lisID>867</lisID>
          <gpoId />
          <bioguideId>N000127</bioguideId>
        </identifiers>
        <fullName>Rep. Nolan, Richard M. [D-MN-8]</fullName>
        <firstName>RICHARD</firstName>
      </item>
      <item>
        <sponsorshipDate>2015-06-18</sponsorshipDate>
        <party>D</party>
        <lastName>Garamendi</lastName>
        <sponsorshipWithdrawnDate />
        <bioguideId>G000559</bioguideId>
        <isOriginalCosponsor>False</isOriginalCosponsor>
        <district>3</district>
        <state>CA</state>
        <middleName />
        <identifiers>
          <bioguideId>G000559</bioguideId>
          <lisID>1973</lisID>
          <gpoId>7815</gpoId>
        </identifiers>
        <fullName>Rep. Garamendi, John [D-CA-3]</fullName>
        <firstName>John</firstName>
      </item>
      <item>
        <sponsorshipDate>2015-06-18</sponsorshipDate>
        <party>D</party>
        <lastName>Deutch</lastName>
        <sponsorshipWithdrawnDate />
        <bioguideId>D000610</bioguideId>
        <isOriginalCosponsor>False</isOriginalCosponsor>
        <district>21</district>
        <state>FL</state>
        <middleName>E.</middleName>
        <identifiers>
          <lisID>1976</lisID>
          <gpoId>7891</gpoId>
          <bioguideId>D000610</bioguideId>
        </identifiers>
        <fullName>Rep. Deutch, Theodore E. [D-FL-21]</fullName>
        <firstName>Theodore</firstName>
      </item>
      <item>
        <sponsorshipDate>2015-09-08</sponsorshipDate>
        <party>D</party>
        <lastName>MALONEY</lastName>
        <sponsorshipWithdrawnDate />
        <bioguideId>M000087</bioguideId>
        <isOriginalCosponsor>False</isOriginalCosponsor>
        <district>12</district>
        <state>NY</state>
        <middleName>B.</middleName>
        <identifiers>
          <lisID>729</lisID>
          <gpoId>8075</gpoId>
          <bioguideId>M000087</bioguideId>
        </identifiers>
        <fullName>Rep. Maloney, Carolyn B. [D-NY-12]</fullName>
        <firstName>CAROLYN</firstName>
      </item>
      <item>
        <sponsorshipDate>2015-09-08</sponsorshipDate>
        <party>D</party>
        <lastName>Plaskett</lastName>
        <sponsorshipWithdrawnDate />
        <bioguideId>P000610</bioguideId>
        <isOriginalCosponsor>False</isOriginalCosponsor>
        <district>0</district>
        <state>VI</state>
        <middleName>E.</middleName>
        <identifiers>
          <lisID>2274</lisID>
          <gpoId />
          <bioguideId>P000610</bioguideId>
        </identifiers>
        <fullName>Rep. Plaskett, Stacey E. [D-VI-At Large]</fullName>
        <firstName>Stacey</firstName>
      </item>
      <item>
        <sponsorshipDate>2015-09-08</sponsorshipDate>
        <party>D</party>
        <lastName>Tsongas</lastName>
        <sponsorshipWithdrawnDate />
        <bioguideId>T000465</bioguideId>
        <isOriginalCosponsor>False</isOriginalCosponsor>
        <district>3</district>
        <state>MA</state>
        <middleName />
        <identifiers>
          <bioguideId>T000465</bioguideId>
          <gpoId>7970</gpoId>
          <lisID>1884</lisID>
        </identifiers>
        <fullName>Rep. Tsongas, Niki [D-MA-3]</fullName>
        <firstName>Niki</firstName>
      </item>
      <item>
        <sponsorshipDate>2015-09-08</sponsorshipDate>
        <party>D</party>
        <lastName>SANCHEZ</lastName>
        <sponsorshipWithdrawnDate />
        <bioguideId>S001156</bioguideId>
        <isOriginalCosponsor>False</isOriginalCosponsor>
        <district>38</district>
        <state>CA</state>
        <middleName>T.</middleName>
        <identifiers>
          <lisID>1757</lisID>
          <gpoId>7844</gpoId>
          <bioguideId>S001156</bioguideId>
        </identifiers>
        <fullName>Rep. Sanchez, Linda T. [D-CA-38]</fullName>
        <firstName>LINDA</firstName>
      </item>
      <item>
        <sponsorshipDate>2015-09-08</sponsorshipDate>
        <party>D</party>
        <lastName>Cardenas</lastName>
        <sponsorshipWithdrawnDate />
        <bioguideId>C001097</bioguideId>
        <isOriginalCosponsor>False</isOriginalCosponsor>
        <district>29</district>
        <state>CA</state>
        <middleName />
        <identifiers>
          <lisID>2107</lisID>
          <gpoId />
          <bioguideId>C001097</bioguideId>
        </identifiers>
        <fullName>Rep. Cardenas, Tony [D-CA-29]</fullName>
        <firstName>Tony</firstName>
      </item>
      <item>
        <sponsorshipDate>2015-09-08</sponsorshipDate>
        <party>D</party>
        <lastName>Moulton</lastName>
        <sponsorshipWithdrawnDate />
        <bioguideId>M001196</bioguideId>
        <isOriginalCosponsor>False</isOriginalCosponsor>
        <district>6</district>
        <state>MA</state>
        <middleName />
        <identifiers>
          <lisID>2246</lisID>
          <gpoId />
          <bioguideId>M001196</bioguideId>
        </identifiers>
        <fullName>Rep. Moulton, Seth [D-MA-6]</fullName>
        <firstName>Seth</firstName>
      </item>
      <item>
        <sponsorshipDate>2015-09-08</sponsorshipDate>
        <party>D</party>
        <lastName>LOWEY</lastName>
        <sponsorshipWithdrawnDate />
        <bioguideId>L000480</bioguideId>
        <isOriginalCosponsor>False</isOriginalCosponsor>
        <district>17</district>
        <state>NY</state>
        <middleName>M.</middleName>
        <identifiers>
          <lisID>709</lisID>
          <gpoId>8079</gpoId>
          <bioguideId>L000480</bioguideId>
        </identifiers>
        <fullName>Rep. Lowey, Nita M. [D-NY-17]</fullName>
        <firstName>NITA</firstName>
      </item>
      <item>
        <sponsorshipDate>2015-09-09</sponsorshipDate>
        <party>D</party>
        <lastName>Cleaver</lastName>
        <sponsorshipWithdrawnDate />
        <bioguideId>C001061</bioguideId>
        <isOriginalCosponsor>False</isOriginalCosponsor>
        <district>5</district>
        <state>MO</state>
        <middleName />
        <identifiers>
          <gpoId>8013</gpoId>
          <bioguideId>C001061</bioguideId>
          <lisID>1790</lisID>
        </identifiers>
        <fullName>Rep. Cleaver, Emanuel [D-MO-5]</fullName>
        <firstName>Emanuel</firstName>
      </item>
      <item>
        <sponsorshipDate>2015-09-22</sponsorshipDate>
        <party>D</party>
        <lastName>ROYBAL-ALLARD</lastName>
        <sponsorshipWithdrawnDate />
        <bioguideId>R000486</bioguideId>
        <isOriginalCosponsor>False</isOriginalCosponsor>
        <district>40</district>
        <state>CA</state>
        <middleName />
        <identifiers>
          <lisID>997</lisID>
          <gpoId>7839</gpoId>
          <bioguideId>R000486</bioguideId>
        </identifiers>
        <fullName>Rep. Roybal-Allard, Lucille [D-CA-40]</fullName>
        <firstName>LUCILLE</firstName>
      </item>
      <item>
        <sponsorshipDate>2015-09-22</sponsorshipDate>
        <party>D</party>
        <lastName>Castro</lastName>
        <sponsorshipWithdrawnDate />
        <bioguideId>C001091</bioguideId>
        <isOriginalCosponsor>False</isOriginalCosponsor>
        <district>20</district>
        <state>TX</state>
        <middleName />
        <identifiers>
          <lisID>2163</lisID>
          <gpoId />
          <bioguideId>C001091</bioguideId>
        </identifiers>
        <fullName>Rep. Castro, Joaquin [D-TX-20]</fullName>
        <firstName>Joaquin</firstName>
      </item>
      <item>
        <sponsorshipDate>2015-09-22</sponsorshipDate>
        <party>D</party>
        <lastName>BLUMENAUER</lastName>
        <sponsorshipWithdrawnDate />
        <bioguideId>B000574</bioguideId>
        <isOriginalCosponsor>False</isOriginalCosponsor>
        <district>3</district>
        <state>OR</state>
        <middleName />
        <identifiers>
          <lisID>99</lisID>
          <gpoId>8116</gpoId>
          <bioguideId>B000574</bioguideId>
        </identifiers>
        <fullName>Rep. Blumenauer, Earl [D-OR-3]</fullName>
        <firstName>EARL</firstName>
      </item>
      <item>
        <sponsorshipDate>2015-09-22</sponsorshipDate>
        <party>D</party>
        <lastName>RYAN</lastName>
        <sponsorshipWithdrawnDate />
        <bioguideId>R000577</bioguideId>
        <isOriginalCosponsor>False</isOriginalCosponsor>
        <district>13</district>
        <state>OH</state>
        <middleName />
        <identifiers>
          <lisID>1756</lisID>
          <gpoId>8107</gpoId>
          <bioguideId>R000577</bioguideId>
        </identifiers>
        <fullName>Rep. Ryan, Tim [D-OH-13]</fullName>
        <firstName>TIM</firstName>
      </item>
      <item>
        <sponsorshipDate>2015-09-22</sponsorshipDate>
        <party>D</party>
        <lastName>Keating</lastName>
        <sponsorshipWithdrawnDate />
        <bioguideId>K000375</bioguideId>
        <isOriginalCosponsor>False</isOriginalCosponsor>
        <district>9</district>
        <state>MA</state>
        <middleName>R.</middleName>
        <identifiers>
          <gpoId>7975</gpoId>
          <bioguideId>K000375</bioguideId>
          <lisID>2025</lisID>
        </identifiers>
        <fullName>Rep. Keating, William R. [D-MA-9]</fullName>
        <firstName>William</firstName>
      </item>
      <item>
        <sponsorshipDate>2015-09-22</sponsorshipDate>
        <party>D</party>
        <lastName>Lujan Grisham</lastName>
        <sponsorshipWithdrawnDate />
        <bioguideId>L000580</bioguideId>
        <isOriginalCosponsor>False</isOriginalCosponsor>
        <district>1</district>
        <state>NM</state>
        <middleName />
        <identifiers>
          <gpoId />
          <bioguideId>L000580</bioguideId>
          <lisID>2146</lisID>
        </identifiers>
        <fullName>Rep. Lujan Grisham, Michelle [D-NM-1]</fullName>
        <firstName>Michelle</firstName>
      </item>
      <item>
        <sponsorshipDate>2015-09-22</sponsorshipDate>
        <party>D</party>
        <lastName>Beyer</lastName>
        <sponsorshipWithdrawnDate />
        <bioguideId>B001292</bioguideId>
        <isOriginalCosponsor>False</isOriginalCosponsor>
        <district>8</district>
        <state>VA</state>
        <middleName>S.</middleName>
        <identifiers>
          <bioguideId>B001292</bioguideId>
          <gpoId />
          <lisID>2272</lisID>
        </identifiers>
        <fullName>Rep. Beyer, Donald S., Jr. [D-VA-8]</fullName>
        <firstName>Donald</firstName>
      </item>
      <item>
        <sponsorshipDate>2015-10-01</sponsorshipDate>
        <party>D</party>
        <lastName>SERRANO</lastName>
        <sponsorshipWithdrawnDate />
        <bioguideId>S000248</bioguideId>
        <isOriginalCosponsor>False</isOriginalCosponsor>
        <district>15</district>
        <state>NY</state>
        <middleName>E.</middleName>
        <identifiers>
          <bioguideId>S000248</bioguideId>
          <lisID>1042</lisID>
          <gpoId>8077</gpoId>
        </identifiers>
        <fullName>Rep. Serrano, Jose E. [D-NY-15]</fullName>
        <firstName>JOSE</firstName>
      </item>
      <item>
        <sponsorshipDate>2015-10-01</sponsorshipDate>
        <party>D</party>
        <lastName>LOFGREN</lastName>
        <sponsorshipWithdrawnDate />
        <bioguideId>L000397</bioguideId>
        <isOriginalCosponsor>False</isOriginalCosponsor>
        <district>19</district>
        <state>CA</state>
        <middleName />
        <identifiers>
          <lisID>701</lisID>
          <gpoId>7821</gpoId>
          <bioguideId>L000397</bioguideId>
        </identifiers>
        <fullName>Rep. Lofgren, Zoe [D-CA-19]</fullName>
        <firstName>ZOE</firstName>
      </item>
      <item>
        <sponsorshipDate>2015-10-01</sponsorshipDate>
        <party>D</party>
        <lastName>Dingell</lastName>
        <sponsorshipWithdrawnDate />
        <bioguideId>D000624</bioguideId>
        <isOriginalCosponsor>False</isOriginalCosponsor>
        <district>12</district>
        <state>MI</state>
        <middleName />
        <identifiers>
          <gpoId />
          <bioguideId>D000624</bioguideId>
          <lisID>2251</lisID>
        </identifiers>
        <fullName>Rep. Dingell, Debbie [D-MI-12]</fullName>
        <firstName>Debbie</firstName>
      </item>
      <item>
        <sponsorshipDate>2015-10-20</sponsorshipDate>
        <party>D</party>
        <lastName>Carson</lastName>
        <sponsorshipWithdrawnDate />
        <bioguideId>C001072</bioguideId>
        <isOriginalCosponsor>False</isOriginalCosponsor>
        <district>7</district>
        <state>IN</state>
        <middleName />
        <identifiers>
          <lisID>1889</lisID>
          <gpoId>7946</gpoId>
          <bioguideId>C001072</bioguideId>
        </identifiers>
        <fullName>Rep. Carson, Andre [D-IN-7]</fullName>
        <firstName>Andre</firstName>
      </item>
      <item>
        <sponsorshipDate>2015-12-11</sponsorshipDate>
        <party>D</party>
        <lastName>Kildee</lastName>
        <sponsorshipWithdrawnDate />
        <bioguideId>K000380</bioguideId>
        <isOriginalCosponsor>False</isOriginalCosponsor>
        <district>5</district>
        <state>MI</state>
        <middleName>T.</middleName>
        <identifiers>
          <gpoId />
          <bioguideId>K000380</bioguideId>
          <lisID>2134</lisID>
        </identifiers>
        <fullName>Rep. Kildee, Daniel T. [D-MI-5]</fullName>
        <firstName>Daniel</firstName>
      </item>
      <item>
        <sponsorshipDate>2016-02-23</sponsorshipDate>
        <party>D</party>
        <lastName>Jeffries</lastName>
        <sponsorshipWithdrawnDate />
        <bioguideId>J000294</bioguideId>
        <isOriginalCosponsor>False</isOriginalCosponsor>
        <district>8</district>
        <state>NY</state>
        <middleName>S.</middleName>
        <identifiers>
          <bioguideId>J000294</bioguideId>
          <lisID>2149</lisID>
          <gpoId />
        </identifiers>
        <fullName>Rep. Jeffries, Hakeem S. [D-NY-8]</fullName>
        <firstName>Hakeem</firstName>
      </item>
      <item>
        <sponsorshipDate>2016-02-23</sponsorshipDate>
        <party>D</party>
        <lastName>Veasey</lastName>
        <sponsorshipWithdrawnDate />
        <bioguideId>V000131</bioguideId>
        <isOriginalCosponsor>False</isOriginalCosponsor>
        <district>33</district>
        <state>TX</state>
        <middleName>A.</middleName>
        <identifiers>
          <gpoId />
          <bioguideId>V000131</bioguideId>
          <lisID>2166</lisID>
        </identifiers>
        <fullName>Rep. Veasey, Marc A. [D-TX-33]</fullName>
        <firstName>Marc</firstName>
      </item>
    </cosponsors>
    <billNumber>214</billNumber>
    <amendments />
    <subjects>
      <billSubjects>
        <legislativeSubjects>
          <item>
            <name>Higher education</name>
          </item>
          <item>
            <name>State and local finance</name>
          </item>
          <item>
            <name>State and local government operations</name>
          </item>
          <item>
            <name>Student aid and college costs</name>
          </item>
        </legislativeSubjects>
        <policyArea>
          <name>Education</name>
        </policyArea>
      </billSubjects>
    </subjects>
    <sponsors>
      <item>
        <party>D</party>
        <state>AZ</state>
        <middleName>M.</middleName>
        <bioguideId>G000551</bioguideId>
        <lastName>Grijalva</lastName>
        <firstName>Raul</firstName>
        <identifiers>
          <bioguideId>G000551</bioguideId>
          <lisID>1708</lisID>
          <gpoId>7804</gpoId>
        </identifiers>
        <fullName>Rep. Grijalva, Raul M. [D-AZ-3]</fullName>
        <district>3</district>
        <byRequestType />
      </item>
    </sponsors>
    <summaries>
      <billSummaries>
        <item>
          <actionDesc>Introduced in House</actionDesc>
          <name>Introduced in House</name>
          <actionDate>2015-04-21</actionDate>
          <lastSummaryUpdateDate>2015-06-27T13:59:25Z</lastSummaryUpdateDate>
          <updateDate>2015-04-21T04:00:00Z</updateDate>
          <versionCode>00</versionCode>
          <text><![CDATA[<p>Expresses support for efforts to:</p> <ul> <li>ensure that all students have access to debt-free higher education upon graduation from public institutions of higher education; </li> <li> provide support to states to make increased investments in higher education that will result in lower tuition and costs for students; </li> <li> increase financial aid to help students afford attending college without taking on debt; </li> <li> encourage innovation by states and institutions of higher education to cut costs for students and make college more affordable by increasing efficiency and enabling speedy and less-costly degree completion; and </li> <li> reduce the burden of existing student loan debt.</li> </ul>]]></text>
        </item>
      </billSummaries>
    </summaries>
    <constitutionalAuthorityStatementText />
    <billType>HRES</billType>
    <title>Supporting efforts to ensure that students have access to debt-free higher education.</title>
    <policyArea>
      <name>Education</name>
    </policyArea>
    <congress>114</congress>
    <latestAction>
      <text>Referred to the House Committee on Education and the Workforce.</text>
      <actionDate>2015-04-21</actionDate>
      <links />
    </latestAction>
    <cboCostEstimates />
    <originChamber>House</originChamber>
    <notes />
    <committees>
      <billCommittees>
        <item>
          <subcommittees />
          <name>Education and the Workforce Committee</name>
          <systemCode>hsed00</systemCode>
          <type>Standing</type>
          <activities>
            <item>
              <date>2015-04-21T16:01:50Z</date>
              <name>Referred to</name>
            </item>
          </activities>
          <chamber>House</chamber>
        </item>
      </billCommittees>
    </committees>
    <calendarNumbers />
    <updateDate>2017-01-11T14:30:29Z</updateDate>
    <titles>
      <item>
        <title>Supporting efforts to ensure that students have access to debt-free higher education.</title>
        <titleType>Official Title as Introduced</titleType>
        <parentTitleType />
        <chamberCode />
        <chamberName />
      </item>
      <item>
        <title>Supporting efforts to ensure that students have access to debt-free higher education.</title>
        <titleType>Display Title</titleType>
        <parentTitleType />
        <chamberCode />
        <chamberName />
      </item>
    </titles>
  </bill>
  <dublinCore xmlns:dc="http://purl.org/dc/elements/1.1/">
    <dc:format>text/xml</dc:format>
    <dc:language>EN</dc:language>
    <dc:rights>Pursuant to Title 17 Section 105 of the United States Code, this file is not subject to copyright protection and is in the public domain.</dc:rights>
    <dc:contributor>Congressional Research Service, Library of Congress</dc:contributor>
    <dc:description>This file contains bill summaries and statuses for federal legislation. A bill summary describes the most significant provisions of a piece of legislation and details the effects the legislative text may have on current law and federal programs. Bill summaries are authored by the Congressional Research Service (CRS) of the Library of Congress. As stated in Public Law 91-510 (2 USC 166 (d)(6)), one of the duties of CRS is "to prepare summaries and digests of bills and resolutions of a public general nature introduced in the Senate or House of Representatives". For more information, refer to the User Guide that accompanies this file.</dc:description>
  </dublinCore>
</billStatus>

