<?xml version="1.0" encoding="UTF-8"?>
<billStatus>
  <bill>
    <subjects>
      <billSubjects>
        <legislativeSubjects>
          <item>
            <name>Congressional committees</name>
          </item>
          <item>
            <name>House Committee on Financial Services</name>
          </item>
        </legislativeSubjects>
        <policyArea>
          <name>Congress</name>
        </policyArea>
      </billSubjects>
    </subjects>
    <actions>
      <actionByCounts>
        <houseOfRepresentatives>3</houseOfRepresentatives>
      </actionByCounts>
      <item>
        <actionDate>2015-02-10</actionDate>
        <type>IntroReferral</type>
        <actionCode>H11100</actionCode>
        <committee>
          <name>House Administration Committee</name>
          <systemCode>hsha00</systemCode>
        </committee>
        <text>Referred to the House Committee on House Administration.</text>
        <sourceSystem>
          <name>House floor actions</name>
          <code>2</code>
        </sourceSystem>
        <links />
      </item>
      <item>
        <actionDate>2015-02-10</actionDate>
        <type>IntroReferral</type>
        <actionCode>Intro-H</actionCode>
        <committee />
        <text>Introduced in House</text>
        <sourceSystem>
          <name>Library of Congress</name>
          <code>9</code>
        </sourceSystem>
        <links />
      </item>
      <item>
        <actionDate>2015-02-10</actionDate>
        <type>IntroReferral</type>
        <actionCode>1000</actionCode>
        <committee />
        <text>Introduced in House</text>
        <sourceSystem>
          <name>Library of Congress</name>
          <code>9</code>
        </sourceSystem>
        <links />
      </item>
      <actionTypeCounts>
        <billReferrals>1</billReferrals>
        <introducedInTheHouse>1</introducedInTheHouse>
        <introducedInHouse>1</introducedInHouse>
      </actionTypeCounts>
    </actions>
    <policyArea>
      <name>Congress</name>
    </policyArea>
    <notes />
    <createDate>2015-02-11T04:46:12Z</createDate>
    <title>Providing amounts for the expenses of the Committee on Financial Services in the One Hundred Fourteenth Congress.</title>
    <relatedBills />
    <cosponsors />
    <constitutionalAuthorityStatementText />
    <cboCostEstimates />
    <updateDate>2017-01-11T14:29:59Z</updateDate>
    <laws />
    <summaries>
      <billSummaries>
        <item>
          <text><![CDATA[<p>Provides amounts for expenses of the House Committee on Financial Services for the 114th Congress. </p>]]></text>
          <actionDesc>Introduced in House</actionDesc>
          <name>Introduced in House</name>
          <versionCode>00</versionCode>
          <actionDate>2015-02-10</actionDate>
          <lastSummaryUpdateDate>2015-02-11T14:58:27Z</lastSummaryUpdateDate>
          <updateDate>2015-02-10T05:00:00Z</updateDate>
        </item>
      </billSummaries>
    </summaries>
    <latestAction>
      <links />
      <actionDate>2015-02-10</actionDate>
      <text>Referred to the House Committee on House Administration.</text>
    </latestAction>
    <originChamber>House</originChamber>
    <introducedDate>2015-02-10</introducedDate>
    <billNumber>98</billNumber>
    <amendments />
    <billType>HRES</billType>
    <committees>
      <billCommittees>
        <item>
          <name>House Administration Committee</name>
          <activities>
            <item>
              <name>Referred to</name>
              <date>2015-02-10T17:03:50Z</date>
            </item>
          </activities>
          <subcommittees />
          <chamber>House</chamber>
          <type>Standing</type>
          <systemCode>hsha00</systemCode>
        </item>
      </billCommittees>
    </committees>
    <calendarNumbers />
    <congress>114</congress>
    <committeeReports />
    <recordedVotes />
    <sponsors>
      <item>
        <lastName>Hensarling</lastName>
        <state>TX</state>
        <byRequestType />
        <firstName>Jeb</firstName>
        <bioguideId>H001036</bioguideId>
        <fullName>Rep. Hensarling, Jeb [R-TX-5]</fullName>
        <identifiers>
          <lisID>1749</lisID>
          <gpoId>8161</gpoId>
          <bioguideId>H001036</bioguideId>
        </identifiers>
        <middleName />
        <district>5</district>
        <party>R</party>
      </item>
    </sponsors>
    <titles>
      <item>
        <title>Providing amounts for the expenses of the Committee on Financial Services in the One Hundred Fourteenth Congress.</title>
        <titleType>Official Title as Introduced</titleType>
        <parentTitleType />
        <chamberCode />
        <chamberName />
      </item>
      <item>
        <title>Providing amounts for the expenses of the Committee on Financial Services in the One Hundred Fourteenth Congress.</title>
        <titleType>Display Title</titleType>
        <parentTitleType />
        <chamberCode />
        <chamberName />
      </item>
    </titles>
  </bill>
  <dublinCore xmlns:dc="http://purl.org/dc/elements/1.1/">
    <dc:format>text/xml</dc:format>
    <dc:language>EN</dc:language>
    <dc:rights>Pursuant to Title 17 Section 105 of the United States Code, this file is not subject to copyright protection and is in the public domain.</dc:rights>
    <dc:contributor>Congressional Research Service, Library of Congress</dc:contributor>
    <dc:description>This file contains bill summaries and statuses for federal legislation. A bill summary describes the most significant provisions of a piece of legislation and details the effects the legislative text may have on current law and federal programs. Bill summaries are authored by the Congressional Research Service (CRS) of the Library of Congress. As stated in Public Law 91-510 (2 USC 166 (d)(6)), one of the duties of CRS is "to prepare summaries and digests of bills and resolutions of a public general nature introduced in the Senate or House of Representatives". For more information, refer to the User Guide that accompanies this file.</dc:description>
  </dublinCore>
</billStatus>

