<?xml version="1.0" encoding="UTF-8"?>
<billStatus>
  <bill>
    <createDate>2015-03-24T08:45:33Z</createDate>
    <introducedDate>2015-03-23</introducedDate>
    <cosponsors>
      <item>
        <sponsorshipDate>2015-03-23</sponsorshipDate>
        <party>R</party>
        <fullName>Rep. Royce, Edward R. [R-CA-39]</fullName>
        <sponsorshipWithdrawnDate />
        <identifiers>
          <gpoId>7845</gpoId>
          <bioguideId>R000487</bioguideId>
          <lisID>998</lisID>
        </identifiers>
        <firstName>ED</firstName>
        <state>CA</state>
        <district>39</district>
        <isOriginalCosponsor>True</isOriginalCosponsor>
        <bioguideId>R000487</bioguideId>
        <lastName>ROYCE</lastName>
        <middleName />
      </item>
      <item>
        <sponsorshipDate>2015-03-23</sponsorshipDate>
        <party>D</party>
        <fullName>Rep. Smith, Adam [D-WA-9]</fullName>
        <sponsorshipWithdrawnDate />
        <identifiers>
          <lisID>1528</lisID>
          <gpoId>8213</gpoId>
          <bioguideId>S000510</bioguideId>
        </identifiers>
        <firstName>ADAM</firstName>
        <state>WA</state>
        <district>9</district>
        <isOriginalCosponsor>True</isOriginalCosponsor>
        <bioguideId>S000510</bioguideId>
        <lastName>SMITH</lastName>
        <middleName />
      </item>
      <item>
        <sponsorshipDate>2015-03-23</sponsorshipDate>
        <party>R</party>
        <fullName>Rep. Thornberry, Mac [R-TX-13]</fullName>
        <sponsorshipWithdrawnDate />
        <identifiers>
          <lisID>1155</lisID>
          <gpoId>8755</gpoId>
          <bioguideId>T000238</bioguideId>
        </identifiers>
        <firstName>WILLIAM</firstName>
        <state>TX</state>
        <district>13</district>
        <isOriginalCosponsor>True</isOriginalCosponsor>
        <bioguideId>T000238</bioguideId>
        <lastName>THORNBERRY</lastName>
        <middleName>M.</middleName>
      </item>
      <item>
        <sponsorshipDate>2015-03-23</sponsorshipDate>
        <party>D</party>
        <fullName>Rep. Schiff, Adam B. [D-CA-28]</fullName>
        <sponsorshipWithdrawnDate />
        <identifiers>
          <lisID>1635</lisID>
          <gpoId>7834</gpoId>
          <bioguideId>S001150</bioguideId>
        </identifiers>
        <firstName>ADAM</firstName>
        <state>CA</state>
        <district>28</district>
        <isOriginalCosponsor>True</isOriginalCosponsor>
        <bioguideId>S001150</bioguideId>
        <lastName>SCHIFF</lastName>
        <middleName>B.</middleName>
      </item>
      <item>
        <sponsorshipDate>2015-03-23</sponsorshipDate>
        <party>R</party>
        <fullName>Rep. Nunes, Devin [R-CA-22]</fullName>
        <sponsorshipWithdrawnDate />
        <identifiers>
          <lisID>1710</lisID>
          <gpoId>7826</gpoId>
          <bioguideId>N000181</bioguideId>
        </identifiers>
        <firstName>Devin</firstName>
        <state>CA</state>
        <district>22</district>
        <isOriginalCosponsor>True</isOriginalCosponsor>
        <bioguideId>N000181</bioguideId>
        <lastName>Nunes</lastName>
        <middleName />
      </item>
      <item>
        <sponsorshipDate>2015-03-23</sponsorshipDate>
        <party>D</party>
        <fullName>Rep. Kaptur, Marcy [D-OH-9]</fullName>
        <sponsorshipWithdrawnDate />
        <identifiers>
          <gpoId>8099</gpoId>
          <bioguideId>K000009</bioguideId>
          <lisID>616</lisID>
        </identifiers>
        <firstName>MARCY</firstName>
        <state>OH</state>
        <district>9</district>
        <isOriginalCosponsor>True</isOriginalCosponsor>
        <bioguideId>K000009</bioguideId>
        <lastName>KAPTUR</lastName>
        <middleName />
      </item>
      <item>
        <sponsorshipDate>2015-03-23</sponsorshipDate>
        <party>R</party>
        <fullName>Rep. Rogers, Harold [R-KY-5]</fullName>
        <sponsorshipWithdrawnDate />
        <identifiers>
          <bioguideId>R000395</bioguideId>
          <gpoId>7957</gpoId>
          <lisID>977</lisID>
        </identifiers>
        <firstName>HAROLD</firstName>
        <state>KY</state>
        <district>5</district>
        <isOriginalCosponsor>True</isOriginalCosponsor>
        <bioguideId>R000395</bioguideId>
        <lastName>ROGERS</lastName>
        <middleName />
      </item>
      <item>
        <sponsorshipDate>2015-03-23</sponsorshipDate>
        <party>D</party>
        <fullName>Rep. Levin, Sander M. [D-MI-9]</fullName>
        <sponsorshipWithdrawnDate />
        <identifiers>
          <lisID>683</lisID>
          <gpoId>7997</gpoId>
          <bioguideId>L000263</bioguideId>
        </identifiers>
        <firstName>SANDER</firstName>
        <state>MI</state>
        <district>9</district>
        <isOriginalCosponsor>True</isOriginalCosponsor>
        <bioguideId>L000263</bioguideId>
        <lastName>LEVIN</lastName>
        <middleName>M.</middleName>
      </item>
      <item>
        <sponsorshipDate>2015-03-23</sponsorshipDate>
        <party>R</party>
        <fullName>Rep. Frelinghuysen, Rodney P. [R-NJ-11]</fullName>
        <sponsorshipWithdrawnDate />
        <identifiers>
          <lisID>414</lisID>
          <gpoId>8053</gpoId>
          <bioguideId>F000372</bioguideId>
        </identifiers>
        <firstName>RODNEY</firstName>
        <state>NJ</state>
        <district>11</district>
        <isOriginalCosponsor>True</isOriginalCosponsor>
        <bioguideId>F000372</bioguideId>
        <lastName>FRELINGHUYSEN</lastName>
        <middleName />
      </item>
      <item>
        <sponsorshipDate>2015-03-23</sponsorshipDate>
        <party>R</party>
        <fullName>Rep. Fitzpatrick, Michael G. [R-PA-8]</fullName>
        <sponsorshipWithdrawnDate />
        <identifiers>
          <lisID>1797</lisID>
          <gpoId>8126</gpoId>
          <bioguideId>F000451</bioguideId>
        </identifiers>
        <firstName>Michael</firstName>
        <state>PA</state>
        <district>8</district>
        <isOriginalCosponsor>True</isOriginalCosponsor>
        <bioguideId>F000451</bioguideId>
        <lastName>Fitzpatrick</lastName>
        <middleName>G.</middleName>
      </item>
      <item>
        <sponsorshipDate>2015-03-23</sponsorshipDate>
        <party>R</party>
        <fullName>Rep. Granger, Kay [R-TX-12]</fullName>
        <sponsorshipWithdrawnDate />
        <identifiers>
          <bioguideId>G000377</bioguideId>
          <lisID>1487</lisID>
          <gpoId>8168</gpoId>
        </identifiers>
        <firstName>KAY</firstName>
        <state>TX</state>
        <district>12</district>
        <isOriginalCosponsor>True</isOriginalCosponsor>
        <bioguideId>G000377</bioguideId>
        <lastName>GRANGER</lastName>
        <middleName />
      </item>
      <item>
        <sponsorshipDate>2015-03-23</sponsorshipDate>
        <party>D</party>
        <fullName>Rep. Keating, William R. [D-MA-9]</fullName>
        <sponsorshipWithdrawnDate />
        <identifiers>
          <gpoId>7975</gpoId>
          <bioguideId>K000375</bioguideId>
          <lisID>2025</lisID>
        </identifiers>
        <firstName>William</firstName>
        <state>MA</state>
        <district>9</district>
        <isOriginalCosponsor>True</isOriginalCosponsor>
        <bioguideId>K000375</bioguideId>
        <lastName>Keating</lastName>
        <middleName>R.</middleName>
      </item>
    </cosponsors>
    <calendarNumbers />
    <policyArea>
      <name>International Affairs</name>
    </policyArea>
    <billType>HRES</billType>
    <summaries>
      <billSummaries>
        <item>
          <actionDesc>Introduced in House</actionDesc>
          <text><![CDATA[<p>Urges the President to exercise the authorities provided by Congress to provide Ukraine with lethal defensive weapon systems to enhance the ability of the people of Ukraine to defend their sovereign territory from the unprovoked and continuing aggression of the Russian Federation.</p>]]></text>
          <versionCode>00</versionCode>
          <lastSummaryUpdateDate>2015-03-25T15:05:47Z</lastSummaryUpdateDate>
          <updateDate>2015-03-23T04:00:00Z</updateDate>
          <actionDate>2015-03-23</actionDate>
          <name>Introduced in House</name>
        </item>
        <item>
          <actionDesc>Passed House without amendment</actionDesc>
          <text><![CDATA[<p>(This measure has not been amended since it was introduced. The summary of that version is repeated here.)</p> <p>Urges the President to exercise the authorities provided by Congress to provide Ukraine with lethal defensive weapon systems to enhance the ability of the people of Ukraine to defend their sovereign territory from the unprovoked and continuing aggression of the Russian Federation.</p>]]></text>
          <versionCode>81</versionCode>
          <lastSummaryUpdateDate>2015-03-25T14:57:13Z</lastSummaryUpdateDate>
          <updateDate>2015-03-23T13:22:10Z</updateDate>
          <actionDate>2015-03-23</actionDate>
          <name>Passed House without amendment</name>
        </item>
      </billSummaries>
    </summaries>
    <notes />
    <congress>114</congress>
    <recordedVotes>
      <recordedVote>
        <rollNumber>131</rollNumber>
        <chamber>House</chamber>
        <congress>114</congress>
        <date>2015-03-23T23:09:28Z</date>
        <url>http://clerk.house.gov/evs/2015/roll131.xml</url>
        <sessionNumber>1</sessionNumber>
        <fullActionName>Final Passage Under Suspension of the Rules Results</fullActionName>
      </recordedVote>
    </recordedVotes>
    <sponsors>
      <item>
        <party>D</party>
        <middleName>L.</middleName>
        <lastName>ENGEL</lastName>
        <fullName>Rep. Engel, Eliot L. [D-NY-16]</fullName>
        <bioguideId>E000179</bioguideId>
        <state>NY</state>
        <byRequestType />
        <district>16</district>
        <identifiers>
          <lisID>344</lisID>
          <gpoId>8078</gpoId>
          <bioguideId>E000179</bioguideId>
        </identifiers>
        <firstName>ELIOT</firstName>
      </item>
    </sponsors>
    <titles>
      <item>
        <title>Calling on the President to provide Ukraine with military assistance to defend its sovereignty and territorial integrity.</title>
        <titleType>Official Title as Introduced</titleType>
        <parentTitleType />
        <chamberCode />
        <chamberName />
      </item>
      <item>
        <title>Calling on the President to provide Ukraine with military assistance to defend its sovereignty and territorial integrity.</title>
        <titleType>Display Title</titleType>
        <parentTitleType />
        <chamberCode />
        <chamberName />
      </item>
    </titles>
    <billNumber>162</billNumber>
    <relatedBills />
    <subjects>
      <billSubjects>
        <policyArea>
          <name>International Affairs</name>
        </policyArea>
        <legislativeSubjects>
          <item>
            <name>Europe</name>
          </item>
          <item>
            <name>Military assistance, sales, and agreements</name>
          </item>
          <item>
            <name>Russia</name>
          </item>
          <item>
            <name>Sovereignty, recognition, national governance and status</name>
          </item>
          <item>
            <name>Ukraine</name>
          </item>
        </legislativeSubjects>
      </billSubjects>
    </subjects>
    <amendments />
    <originChamber>House</originChamber>
    <updateDate>2017-01-11T14:30:16Z</updateDate>
    <latestAction>
      <actionDate>2015-03-23</actionDate>
      <links />
      <actionTime>19:09:29</actionTime>
      <text>Motion to reconsider laid on the table Agreed to without objection.</text>
    </latestAction>
    <committees>
      <billCommittees>
        <item>
          <subcommittees />
          <name>Foreign Affairs Committee</name>
          <systemCode>hsfa00</systemCode>
          <type>Standing</type>
          <activities>
            <item>
              <date>2015-03-23T16:01:00Z</date>
              <name>Referred to</name>
            </item>
          </activities>
          <chamber>House</chamber>
        </item>
      </billCommittees>
    </committees>
    <committeeReports />
    <constitutionalAuthorityStatementText />
    <actions>
      <actionByCounts>
        <houseOfRepresentatives>11</houseOfRepresentatives>
      </actionByCounts>
      <item>
        <sourceSystem>
          <code>2</code>
          <name>House floor actions</name>
        </sourceSystem>
        <type>Floor</type>
        <text>Motion to reconsider laid on the table Agreed to without objection.</text>
        <committee />
        <links />
        <actionDate>2015-03-23</actionDate>
        <actionCode>H38310</actionCode>
        <actionTime>19:09:29</actionTime>
      </item>
      <item>
        <sourceSystem>
          <code>2</code>
          <name>House floor actions</name>
        </sourceSystem>
        <type>Floor</type>
        <text>On motion to suspend the rules and agree to the resolution Agreed to by the Yeas and Nays: (2/3 required): 348 - 48 (Roll no. 131). (text: CR H1825)</text>
        <committee />
        <links>
          <link>
            <url>https://www.congress.gov/congressional-record/volume-161/house-section/page/H1825</url>
            <name>H1825</name>
          </link>
          <link>
            <url>http://clerk.house.gov/evs/2015/roll131.xml</url>
            <name>Roll no. 131</name>
          </link>
        </links>
        <actionDate>2015-03-23</actionDate>
        <actionCode>H37300</actionCode>
        <actionTime>19:09:28</actionTime>
      </item>
      <item>
        <sourceSystem>
          <code>9</code>
          <name>Library of Congress</name>
        </sourceSystem>
        <type>Floor</type>
        <text>Passed/agreed to in House: On motion to suspend the rules and agree to the resolution Agreed to by the Yeas and Nays: (2/3 required): 348 - 48 (Roll no. 131).(text: CR H1825)</text>
        <committee />
        <links>
          <link>
            <url>https://www.congress.gov/congressional-record/volume-161/house-section/page/H1825</url>
            <name>H1825</name>
          </link>
          <link>
            <url>http://clerk.house.gov/evs/2015/roll131.xml</url>
            <name>Roll no. 131</name>
          </link>
        </links>
        <actionDate>2015-03-23</actionDate>
        <actionCode>8000</actionCode>
        <actionTime>19:09:28</actionTime>
      </item>
      <item>
        <sourceSystem>
          <code>2</code>
          <name>House floor actions</name>
        </sourceSystem>
        <type>Floor</type>
        <text>Considered as unfinished business. (consideration: CR H1833-1834)</text>
        <committee />
        <links>
          <link>
            <url>https://www.congress.gov/congressional-record/volume-161/house-section/page/H1833-1834</url>
            <name>H1833-1834</name>
          </link>
        </links>
        <actionDate>2015-03-23</actionDate>
        <actionCode>H30000</actionCode>
        <actionTime>19:02:30</actionTime>
      </item>
      <item>
        <sourceSystem>
          <code>2</code>
          <name>House floor actions</name>
        </sourceSystem>
        <type>Floor</type>
        <text>At the conclusion of debate, the Yeas and Nays were demanded and ordered. Pursuant to the provisions of clause 8, rule XX, the Chair announced that further proceedings on the motion would be postponed.</text>
        <committee />
        <links />
        <actionDate>2015-03-23</actionDate>
        <actionCode>H37220</actionCode>
        <actionTime>17:24:44</actionTime>
      </item>
      <item>
        <sourceSystem>
          <code>2</code>
          <name>House floor actions</name>
        </sourceSystem>
        <type>Floor</type>
        <text>DEBATE - The House proceeded with forty minutes of debate on H. Res. 162.</text>
        <committee />
        <links>
          <link>
            <url>https://www.congress.gov/bill/114th-congress/house-resolution/162</url>
            <name>H. Res. 162</name>
          </link>
        </links>
        <actionDate>2015-03-23</actionDate>
        <actionCode>H8D000</actionCode>
        <actionTime>16:51:10</actionTime>
      </item>
      <item>
        <sourceSystem>
          <code>2</code>
          <name>House floor actions</name>
        </sourceSystem>
        <type>Floor</type>
        <text>Considered under suspension of the rules. (consideration: CR H1824-1829)</text>
        <committee />
        <links>
          <link>
            <url>https://www.congress.gov/congressional-record/volume-161/house-section/page/H1824-1829</url>
            <name>H1824-1829</name>
          </link>
        </links>
        <actionDate>2015-03-23</actionDate>
        <actionCode>H30000</actionCode>
        <actionTime>16:51:07</actionTime>
      </item>
      <item>
        <sourceSystem>
          <code>2</code>
          <name>House floor actions</name>
        </sourceSystem>
        <type>Floor</type>
        <text>Ms. Ros-Lehtinen moved to suspend the rules and agree to the resolution.</text>
        <committee />
        <links />
        <actionDate>2015-03-23</actionDate>
        <actionCode>H30300</actionCode>
        <actionTime>16:50:45</actionTime>
      </item>
      <item>
        <sourceSystem>
          <code>2</code>
          <name>House floor actions</name>
        </sourceSystem>
        <type>IntroReferral</type>
        <text>Referred to the House Committee on Foreign Affairs.</text>
        <committee>
          <systemCode>hsfa00</systemCode>
          <name>Foreign Affairs Committee</name>
        </committee>
        <links />
        <actionDate>2015-03-23</actionDate>
        <actionCode>H11100</actionCode>
      </item>
      <item>
        <sourceSystem>
          <code>9</code>
          <name>Library of Congress</name>
        </sourceSystem>
        <type>IntroReferral</type>
        <text>Introduced in House</text>
        <committee />
        <links />
        <actionDate>2015-03-23</actionDate>
        <actionCode>Intro-H</actionCode>
      </item>
      <item>
        <sourceSystem>
          <code>9</code>
          <name>Library of Congress</name>
        </sourceSystem>
        <type>IntroReferral</type>
        <text>Introduced in House</text>
        <committee />
        <links />
        <actionDate>2015-03-23</actionDate>
        <actionCode>1000</actionCode>
      </item>
      <actionTypeCounts>
        <considerationByHouse>2</considerationByHouse>
        <placeholderTextForH>1</placeholderTextForH>
        <billReferrals>1</billReferrals>
        <motionToReconsiderResults>1</motionToReconsiderResults>
        <introducedInTheHouse>1</introducedInTheHouse>
        <generalDebate>1</generalDebate>
        <finalPassageUnderSuspensionOfTheRulesResults>1</finalPassageUnderSuspensionOfTheRulesResults>
        <passedAgreedToInHouse>1</passedAgreedToInHouse>
        <motionMadeToSuspendTheRules>1</motionMadeToSuspendTheRules>
        <introducedInHouse>1</introducedInHouse>
      </actionTypeCounts>
    </actions>
    <laws />
    <cboCostEstimates />
    <title>Calling on the President to provide Ukraine with military assistance to defend its sovereignty and territorial integrity.</title>
  </bill>
  <dublinCore xmlns:dc="http://purl.org/dc/elements/1.1/">
    <dc:format>text/xml</dc:format>
    <dc:language>EN</dc:language>
    <dc:rights>Pursuant to Title 17 Section 105 of the United States Code, this file is not subject to copyright protection and is in the public domain.</dc:rights>
    <dc:contributor>Congressional Research Service, Library of Congress</dc:contributor>
    <dc:description>This file contains bill summaries and statuses for federal legislation. A bill summary describes the most significant provisions of a piece of legislation and details the effects the legislative text may have on current law and federal programs. Bill summaries are authored by the Congressional Research Service (CRS) of the Library of Congress. As stated in Public Law 91-510 (2 USC 166 (d)(6)), one of the duties of CRS is "to prepare summaries and digests of bills and resolutions of a public general nature introduced in the Senate or House of Representatives". For more information, refer to the User Guide that accompanies this file.</dc:description>
  </dublinCore>
</billStatus>

