<?xml version="1.0" encoding="UTF-8"?>
<billStatus>
  <bill>
    <introducedDate>2015-07-29</introducedDate>
    <committeeReports />
    <laws />
    <createDate>2015-07-30T08:30:23Z</createDate>
    <actions>
      <actionByCounts>
        <houseOfRepresentatives>4</houseOfRepresentatives>
      </actionByCounts>
      <actionTypeCounts>
        <introducedInTheHouse>1</introducedInTheHouse>
        <introducedInHouse>1</introducedInHouse>
        <billReferrals>1</billReferrals>
        <placeholderTextForH>1</placeholderTextForH>
      </actionTypeCounts>
      <item>
        <actionDate>2015-08-03</actionDate>
        <committee>
          <systemCode>hswm02</systemCode>
          <name>Health Subcommittee</name>
        </committee>
        <links />
        <sourceSystem>
          <name>House committee actions</name>
          <code>1</code>
        </sourceSystem>
        <text>Referred to the Subcommittee on Health.</text>
        <type>Committee</type>
      </item>
      <item>
        <type>IntroReferral</type>
        <text>Referred to the House Committee on Ways and Means.</text>
        <actionCode>H11100</actionCode>
        <sourceSystem>
          <name>House floor actions</name>
          <code>2</code>
        </sourceSystem>
        <links />
        <committee>
          <systemCode>hswm00</systemCode>
          <name>Ways and Means Committee</name>
        </committee>
        <actionDate>2015-07-29</actionDate>
      </item>
      <item>
        <type>IntroReferral</type>
        <text>Introduced in House</text>
        <actionCode>Intro-H</actionCode>
        <sourceSystem>
          <name>Library of Congress</name>
          <code>9</code>
        </sourceSystem>
        <links />
        <committee />
        <actionDate>2015-07-29</actionDate>
      </item>
      <item>
        <type>IntroReferral</type>
        <text>Introduced in House</text>
        <actionCode>1000</actionCode>
        <sourceSystem>
          <name>Library of Congress</name>
          <code>9</code>
        </sourceSystem>
        <links />
        <committee />
        <actionDate>2015-07-29</actionDate>
      </item>
    </actions>
    <recordedVotes />
    <relatedBills />
    <cosponsors>
      <item>
        <sponsorshipDate>2015-07-29</sponsorshipDate>
        <district>3</district>
        <firstName>Jeff</firstName>
        <fullName>Rep. Duncan, Jeff [R-SC-3]</fullName>
        <sponsorshipWithdrawnDate />
        <identifiers>
          <gpoId>8143</gpoId>
          <bioguideId>D000615</bioguideId>
          <lisID>2057</lisID>
        </identifiers>
        <bioguideId>D000615</bioguideId>
        <lastName>Duncan</lastName>
        <state>SC</state>
        <isOriginalCosponsor>True</isOriginalCosponsor>
        <party>R</party>
        <middleName />
      </item>
      <item>
        <sponsorshipDate>2015-07-29</sponsorshipDate>
        <district>9</district>
        <firstName>Robert</firstName>
        <fullName>Rep. Pittenger, Robert [R-NC-9]</fullName>
        <sponsorshipWithdrawnDate />
        <identifiers>
          <lisID>2141</lisID>
          <gpoId />
          <bioguideId>P000606</bioguideId>
        </identifiers>
        <bioguideId>P000606</bioguideId>
        <lastName>Pittenger</lastName>
        <state>NC</state>
        <isOriginalCosponsor>True</isOriginalCosponsor>
        <party>R</party>
        <middleName />
      </item>
      <item>
        <sponsorshipDate>2015-07-29</sponsorshipDate>
        <district>4</district>
        <firstName>Paul</firstName>
        <fullName>Rep. Gosar, Paul A. [R-AZ-4]</fullName>
        <sponsorshipWithdrawnDate />
        <identifiers>
          <gpoId>7798</gpoId>
          <bioguideId>G000565</bioguideId>
          <lisID>1992</lisID>
        </identifiers>
        <bioguideId>G000565</bioguideId>
        <lastName>Gosar</lastName>
        <state>AZ</state>
        <isOriginalCosponsor>True</isOriginalCosponsor>
        <party>R</party>
        <middleName>A.</middleName>
      </item>
      <item>
        <sponsorshipDate>2015-07-29</sponsorshipDate>
        <district>22</district>
        <firstName>Pete</firstName>
        <fullName>Rep. Olson, Pete [R-TX-22]</fullName>
        <sponsorshipWithdrawnDate />
        <identifiers>
          <lisID>1955</lisID>
          <gpoId>8178</gpoId>
          <bioguideId>O000168</bioguideId>
        </identifiers>
        <bioguideId>O000168</bioguideId>
        <lastName>Olson</lastName>
        <state>TX</state>
        <isOriginalCosponsor>True</isOriginalCosponsor>
        <party>R</party>
        <middleName />
      </item>
      <item>
        <sponsorshipDate>2015-07-29</sponsorshipDate>
        <district>5</district>
        <firstName>Scott</firstName>
        <fullName>Rep. Garrett, Scott [R-NJ-5]</fullName>
        <sponsorshipWithdrawnDate />
        <identifiers>
          <lisID>1737</lisID>
          <gpoId>8047</gpoId>
          <bioguideId>G000548</bioguideId>
        </identifiers>
        <bioguideId>G000548</bioguideId>
        <lastName>Garrett</lastName>
        <state>NJ</state>
        <isOriginalCosponsor>True</isOriginalCosponsor>
        <party>R</party>
        <middleName />
      </item>
      <item>
        <sponsorshipDate>2015-07-29</sponsorshipDate>
        <district>5</district>
        <firstName>Mo</firstName>
        <fullName>Rep. Brooks, Mo [R-AL-5]</fullName>
        <sponsorshipWithdrawnDate />
        <identifiers>
          <lisID>1987</lisID>
          <gpoId>7790</gpoId>
          <bioguideId>B001274</bioguideId>
        </identifiers>
        <bioguideId>B001274</bioguideId>
        <lastName>Brooks</lastName>
        <state>AL</state>
        <isOriginalCosponsor>True</isOriginalCosponsor>
        <party>R</party>
        <middleName />
      </item>
      <item>
        <sponsorshipDate>2015-07-29</sponsorshipDate>
        <district>5</district>
        <firstName>MATT</firstName>
        <fullName>Rep. Salmon, Matt [R-AZ-5]</fullName>
        <sponsorshipWithdrawnDate />
        <identifiers>
          <lisID>1009</lisID>
          <gpoId />
          <bioguideId>S000018</bioguideId>
        </identifiers>
        <bioguideId>S000018</bioguideId>
        <lastName>SALMON</lastName>
        <state>AZ</state>
        <isOriginalCosponsor>True</isOriginalCosponsor>
        <party>R</party>
        <middleName />
      </item>
      <item>
        <sponsorshipDate>2015-07-29</sponsorshipDate>
        <district>1</district>
        <firstName>Louie</firstName>
        <fullName>Rep. Gohmert, Louie [R-TX-1]</fullName>
        <sponsorshipWithdrawnDate />
        <identifiers>
          <bioguideId>G000552</bioguideId>
          <lisID>1801</lisID>
          <gpoId>8157</gpoId>
        </identifiers>
        <bioguideId>G000552</bioguideId>
        <lastName>Gohmert</lastName>
        <state>TX</state>
        <isOriginalCosponsor>True</isOriginalCosponsor>
        <party>R</party>
        <middleName />
      </item>
      <item>
        <sponsorshipDate>2015-07-29</sponsorshipDate>
        <district>4</district>
        <firstName>Steve</firstName>
        <fullName>Rep. King, Steve [R-IA-4]</fullName>
        <sponsorshipWithdrawnDate />
        <identifiers>
          <gpoId>7918</gpoId>
          <bioguideId>K000362</bioguideId>
          <lisID>1724</lisID>
        </identifiers>
        <bioguideId>K000362</bioguideId>
        <lastName>King</lastName>
        <state>IA</state>
        <isOriginalCosponsor>True</isOriginalCosponsor>
        <party>R</party>
        <middleName />
      </item>
      <item>
        <sponsorshipDate>2015-07-29</sponsorshipDate>
        <district>7</district>
        <firstName>Marsha</firstName>
        <fullName>Rep. Blackburn, Marsha [R-TN-7]</fullName>
        <sponsorshipWithdrawnDate />
        <identifiers>
          <lisID>1748</lisID>
          <gpoId>8154</gpoId>
          <bioguideId>B001243</bioguideId>
        </identifiers>
        <bioguideId>B001243</bioguideId>
        <lastName>Blackburn</lastName>
        <state>TN</state>
        <isOriginalCosponsor>True</isOriginalCosponsor>
        <party>R</party>
        <middleName />
      </item>
      <item>
        <sponsorshipDate>2015-07-29</sponsorshipDate>
        <district>4</district>
        <firstName>Todd</firstName>
        <fullName>Rep. Rokita, Todd [R-IN-4]</fullName>
        <sponsorshipWithdrawnDate />
        <identifiers>
          <lisID>2017</lisID>
          <gpoId>7943</gpoId>
          <bioguideId>R000592</bioguideId>
        </identifiers>
        <bioguideId>R000592</bioguideId>
        <lastName>Rokita</lastName>
        <state>IN</state>
        <isOriginalCosponsor>True</isOriginalCosponsor>
        <party>R</party>
        <middleName />
      </item>
      <item>
        <sponsorshipDate>2015-07-29</sponsorshipDate>
        <district>4</district>
        <firstName>Jim</firstName>
        <fullName>Rep. Jordan, Jim [R-OH-4]</fullName>
        <sponsorshipWithdrawnDate />
        <identifiers>
          <bioguideId>J000289</bioguideId>
          <lisID>1868</lisID>
          <gpoId>8094</gpoId>
        </identifiers>
        <bioguideId>J000289</bioguideId>
        <lastName>Jordan</lastName>
        <state>OH</state>
        <isOriginalCosponsor>True</isOriginalCosponsor>
        <party>R</party>
        <middleName />
      </item>
      <item>
        <sponsorshipDate>2015-07-29</sponsorshipDate>
        <district>4</district>
        <firstName>Dan</firstName>
        <fullName>Rep. Newhouse, Dan [R-WA-4]</fullName>
        <sponsorshipWithdrawnDate />
        <identifiers>
          <lisID>2275</lisID>
          <gpoId />
          <bioguideId>N000189</bioguideId>
        </identifiers>
        <bioguideId>N000189</bioguideId>
        <lastName>Newhouse</lastName>
        <state>WA</state>
        <isOriginalCosponsor>True</isOriginalCosponsor>
        <party>R</party>
        <middleName />
      </item>
      <item>
        <sponsorshipDate>2015-09-16</sponsorshipDate>
        <district>1</district>
        <firstName>Mark</firstName>
        <fullName>Rep. Sanford, Mark [R-SC-1]</fullName>
        <sponsorshipWithdrawnDate />
        <identifiers>
          <lisID>1012</lisID>
          <gpoId />
          <bioguideId>S000051</bioguideId>
        </identifiers>
        <bioguideId>S000051</bioguideId>
        <lastName>Sanford</lastName>
        <state>SC</state>
        <isOriginalCosponsor>False</isOriginalCosponsor>
        <party>R</party>
        <middleName />
      </item>
      <item>
        <sponsorshipDate>2015-10-09</sponsorshipDate>
        <district>1</district>
        <firstName>Rob</firstName>
        <fullName>Rep. Bishop, Rob [R-UT-1]</fullName>
        <sponsorshipWithdrawnDate />
        <identifiers>
          <lisID>1753</lisID>
          <gpoId>8189</gpoId>
          <bioguideId>B001250</bioguideId>
        </identifiers>
        <bioguideId>B001250</bioguideId>
        <lastName>Bishop</lastName>
        <state>UT</state>
        <isOriginalCosponsor>False</isOriginalCosponsor>
        <party>R</party>
        <middleName />
      </item>
    </cosponsors>
    <billNumber>392</billNumber>
    <amendments />
    <subjects>
      <billSubjects>
        <legislativeSubjects>
          <item>
            <name>Comprehensive health care</name>
          </item>
          <item>
            <name>Constitution and constitutional amendments</name>
          </item>
          <item>
            <name>General taxation matters</name>
          </item>
          <item>
            <name>Health care costs and insurance</name>
          </item>
          <item>
            <name>Health care coverage and access</name>
          </item>
          <item>
            <name>Legislative rules and procedure</name>
          </item>
          <item>
            <name>Senate</name>
          </item>
        </legislativeSubjects>
        <policyArea>
          <name>Health</name>
        </policyArea>
      </billSubjects>
    </subjects>
    <sponsors>
      <item>
        <party>R</party>
        <state>AZ</state>
        <middleName />
        <bioguideId>F000448</bioguideId>
        <lastName>Franks</lastName>
        <firstName>Trent</firstName>
        <identifiers>
          <bioguideId>F000448</bioguideId>
          <lisID>1707</lisID>
          <gpoId>7799</gpoId>
        </identifiers>
        <fullName>Rep. Franks, Trent [R-AZ-8]</fullName>
        <district>8</district>
        <byRequestType />
      </item>
    </sponsors>
    <summaries>
      <billSummaries>
        <item>
          <actionDate>2015-07-29</actionDate>
          <name>Introduced in House</name>
          <actionDesc>Introduced in House</actionDesc>
          <updateDate>2015-07-29T04:00:00Z</updateDate>
          <text><![CDATA[<p>Expresses the sense of the House of Representatives that: (1) H.R. 3590 of the 111th Congress, the Service Members Home Ownership Tax Act of 2009, as passed by the House, was not a &quot;bill for raising revenue&quot; within the meaning of Article I, Section 7 of the Constitution; (2) H.R. 3590, the Patient Protection and Affordable Care Act (PPACA), as passed by the Senate, was a "bill for raising revenue"; and (3) PPACA was not within the power of the Senate to &quot;propose or concur with Amendments as on other Bills&quot; within the meaning of Article I, Section 7, clause 2 of the Constitution.</p>]]></text>
          <lastSummaryUpdateDate>2015-08-24T21:47:55Z</lastSummaryUpdateDate>
          <versionCode>00</versionCode>
        </item>
      </billSummaries>
    </summaries>
    <constitutionalAuthorityStatementText />
    <billType>HRES</billType>
    <title>Expressing the sense of the House of Representatives that the enactment of the Patient Protection and Affordable Care Act of 2009, Public Law 111-148, violated article I, section 7 of the United States Constitution because it was a bill for raising revenue that did not originate in the House of Representatives.</title>
    <policyArea>
      <name>Health</name>
    </policyArea>
    <congress>114</congress>
    <latestAction>
      <text>Referred to the Subcommittee on Health.</text>
      <actionDate>2015-08-03</actionDate>
      <links />
    </latestAction>
    <cboCostEstimates />
    <originChamber>House</originChamber>
    <notes />
    <committees>
      <billCommittees>
        <item>
          <type>Standing</type>
          <chamber>House</chamber>
          <activities>
            <item>
              <date>2015-07-29T14:09:00Z</date>
              <name>Referred to</name>
            </item>
          </activities>
          <subcommittees>
            <item>
              <activities>
                <item>
                  <date>2015-08-03T18:44:46Z</date>
                  <name>Referred to</name>
                </item>
              </activities>
              <systemCode>hswm02</systemCode>
              <name>Health Subcommittee</name>
            </item>
          </subcommittees>
          <systemCode>hswm00</systemCode>
          <name>Ways and Means Committee</name>
        </item>
      </billCommittees>
    </committees>
    <calendarNumbers />
    <updateDate>2017-01-11T14:31:20Z</updateDate>
    <titles>
      <item>
        <chamberCode />
        <chamberName />
        <parentTitleType />
        <titleType>Official Title as Introduced</titleType>
        <title>Expressing the sense of the House of Representatives that the enactment of the Patient Protection and Affordable Care Act of 2009, Public Law 111-148, violated article I, section 7 of the United States Constitution because it was a bill for raising revenue that did not originate in the House of Representatives.</title>
      </item>
      <item>
        <chamberCode />
        <chamberName />
        <parentTitleType />
        <titleType>Display Title</titleType>
        <title>Expressing the sense of the House of Representatives that the enactment of the Patient Protection and Affordable Care Act of 2009, Public Law 111-148, violated article I, section 7 of the United States Constitution because it was a bill for raising revenue that did not originate in the House of Representatives.</title>
      </item>
    </titles>
  </bill>
  <dublinCore xmlns:dc="http://purl.org/dc/elements/1.1/">
    <dc:format>text/xml</dc:format>
    <dc:language>EN</dc:language>
    <dc:rights>Pursuant to Title 17 Section 105 of the United States Code, this file is not subject to copyright protection and is in the public domain.</dc:rights>
    <dc:contributor>Congressional Research Service, Library of Congress</dc:contributor>
    <dc:description>This file contains bill summaries and statuses for federal legislation. A bill summary describes the most significant provisions of a piece of legislation and details the effects the legislative text may have on current law and federal programs. Bill summaries are authored by the Congressional Research Service (CRS) of the Library of Congress. As stated in Public Law 91-510 (2 USC 166 (d)(6)), one of the duties of CRS is "to prepare summaries and digests of bills and resolutions of a public general nature introduced in the Senate or House of Representatives". For more information, refer to the User Guide that accompanies this file.</dc:description>
  </dublinCore>
</billStatus>

