<?xml version="1.0" encoding="UTF-8"?>
<billStatus>
  <bill>
    <subjects>
      <billSubjects>
        <legislativeSubjects>
          <item>
            <name>Congressional tributes</name>
          </item>
          <item>
            <name>House of Representatives</name>
          </item>
          <item>
            <name>Members of Congress</name>
          </item>
          <item>
            <name>U.S. history</name>
          </item>
        </legislativeSubjects>
        <policyArea>
          <name>Congress</name>
        </policyArea>
      </billSubjects>
    </subjects>
    <actions>
      <item>
        <sourceSystem>
          <code>2</code>
          <name>House floor actions</name>
        </sourceSystem>
        <type>IntroReferral</type>
        <actionDate>2015-12-08</actionDate>
        <committee>
          <systemCode>hsha00</systemCode>
          <name>House Administration Committee</name>
        </committee>
        <text>Referred to the House Committee on House Administration.</text>
        <actionCode>H11100</actionCode>
        <links />
      </item>
      <item>
        <sourceSystem>
          <code>9</code>
          <name>Library of Congress</name>
        </sourceSystem>
        <type>IntroReferral</type>
        <actionDate>2015-12-08</actionDate>
        <committee />
        <text>Introduced in House</text>
        <actionCode>Intro-H</actionCode>
        <links />
      </item>
      <item>
        <sourceSystem>
          <code>9</code>
          <name>Library of Congress</name>
        </sourceSystem>
        <type>IntroReferral</type>
        <actionDate>2015-12-08</actionDate>
        <committee />
        <text>Introduced in House</text>
        <actionCode>1000</actionCode>
        <links />
      </item>
      <actionByCounts>
        <houseOfRepresentatives>3</houseOfRepresentatives>
      </actionByCounts>
      <actionTypeCounts>
        <introducedInTheHouse>1</introducedInTheHouse>
        <introducedInHouse>1</introducedInHouse>
        <billReferrals>1</billReferrals>
      </actionTypeCounts>
    </actions>
    <policyArea>
      <name>Congress</name>
    </policyArea>
    <notes />
    <createDate>2015-12-11T15:43:38Z</createDate>
    <title>Recognizing the establishment of the Congressional Patriot Award and congratulating the first award recipients, Sam Johnson and John Lewis, for their patriotism and selfless service to the country.</title>
    <relatedBills>
      <item>
        <congress>114</congress>
        <number>604</number>
        <latestAction>
          <text>Referred to the House Committee on House Administration.</text>
          <actionDate>2016-02-04</actionDate>
        </latestAction>
        <type>HRES</type>
        <relationshipDetails>
          <item>
            <type>Identical bill</type>
            <identifiedBy>CRS</identifiedBy>
          </item>
        </relationshipDetails>
        <latestTitle>Recognizing the establishment of the Congressional Patriot Award and congratulating the first award recipients, Sam Johnson and John Lewis, for their patriotism and selfless service to the country.</latestTitle>
      </item>
    </relatedBills>
    <cosponsors>
      <item>
        <lastName>Cole</lastName>
        <state>OK</state>
        <bioguideId>C001053</bioguideId>
        <firstName>Tom</firstName>
        <identifiers>
          <lisID>1742</lisID>
          <gpoId>8112</gpoId>
          <bioguideId>C001053</bioguideId>
        </identifiers>
        <sponsorshipDate>2015-12-08</sponsorshipDate>
        <party>R</party>
        <isOriginalCosponsor>True</isOriginalCosponsor>
        <sponsorshipWithdrawnDate />
        <district>4</district>
        <fullName>Rep. Cole, Tom [R-OK-4]</fullName>
        <middleName />
      </item>
    </cosponsors>
    <constitutionalAuthorityStatementText />
    <cboCostEstimates />
    <updateDate>2017-01-11T14:32:08Z</updateDate>
    <laws />
    <summaries>
      <billSummaries>
        <item>
          <text><![CDATA[<p>Commemorates Representatives Sam Johnson and John Lewis for their patriotic service and sacrifice to the country they love and for becoming the first ever recipients of the Congressional Patriot Award.</p>]]></text>
          <lastSummaryUpdateDate>2016-05-11T20:14:28Z</lastSummaryUpdateDate>
          <actionDesc>Introduced in House</actionDesc>
          <versionCode>00</versionCode>
          <updateDate>2015-12-08T05:00:00Z</updateDate>
          <name>Introduced in House</name>
          <actionDate>2015-12-08</actionDate>
        </item>
      </billSummaries>
    </summaries>
    <latestAction>
      <links />
      <actionDate>2015-12-08</actionDate>
      <text>Referred to the House Committee on House Administration.</text>
    </latestAction>
    <originChamber>House</originChamber>
    <introducedDate>2015-12-08</introducedDate>
    <billNumber>557</billNumber>
    <amendments />
    <billType>HRES</billType>
    <committees>
      <billCommittees>
        <item>
          <chamber>House</chamber>
          <systemCode>hsha00</systemCode>
          <type>Standing</type>
          <name>House Administration Committee</name>
          <activities>
            <item>
              <name>Referred to</name>
              <date>2015-12-08T15:00:40Z</date>
            </item>
          </activities>
          <subcommittees />
        </item>
      </billCommittees>
    </committees>
    <calendarNumbers />
    <congress>114</congress>
    <committeeReports />
    <recordedVotes />
    <sponsors>
      <item>
        <lastName>LARSON</lastName>
        <state>CT</state>
        <byRequestType />
        <firstName>JOHN</firstName>
        <bioguideId>L000557</bioguideId>
        <fullName>Rep. Larson, John B. [D-CT-1]</fullName>
        <identifiers>
          <bioguideId>L000557</bioguideId>
          <lisID>1583</lisID>
          <gpoId>7866</gpoId>
        </identifiers>
        <middleName>B.</middleName>
        <district>1</district>
        <party>D</party>
      </item>
    </sponsors>
    <titles>
      <item>
        <chamberCode />
        <titleType>Official Title as Introduced</titleType>
        <chamberName />
        <title>Recognizing the establishment of the Congressional Patriot Award and congratulating the first award recipients, Sam Johnson and John Lewis, for their patriotism and selfless service to the country.</title>
        <parentTitleType />
      </item>
      <item>
        <chamberCode />
        <titleType>Display Title</titleType>
        <chamberName />
        <title>Recognizing the establishment of the Congressional Patriot Award and congratulating the first award recipients, Sam Johnson and John Lewis, for their patriotism and selfless service to the country.</title>
        <parentTitleType />
      </item>
    </titles>
  </bill>
  <dublinCore xmlns:dc="http://purl.org/dc/elements/1.1/">
    <dc:format>text/xml</dc:format>
    <dc:language>EN</dc:language>
    <dc:rights>Pursuant to Title 17 Section 105 of the United States Code, this file is not subject to copyright protection and is in the public domain.</dc:rights>
    <dc:contributor>Congressional Research Service, Library of Congress</dc:contributor>
    <dc:description>This file contains bill summaries and statuses for federal legislation. A bill summary describes the most significant provisions of a piece of legislation and details the effects the legislative text may have on current law and federal programs. Bill summaries are authored by the Congressional Research Service (CRS) of the Library of Congress. As stated in Public Law 91-510 (2 USC 166 (d)(6)), one of the duties of CRS is "to prepare summaries and digests of bills and resolutions of a public general nature introduced in the Senate or House of Representatives". For more information, refer to the User Guide that accompanies this file.</dc:description>
  </dublinCore>
</billStatus>

