<?xml version="1.0" encoding="UTF-8"?>
<billStatus>
  <bill>
    <actions>
      <item>
        <type>IntroReferral</type>
        <committee>
          <name>Small Business Committee</name>
          <systemCode>hssm00</systemCode>
        </committee>
        <links />
        <actionDate>2015-11-19</actionDate>
        <text>Referred to the House Committee on Small Business.</text>
        <actionCode>H11100</actionCode>
        <sourceSystem>
          <name>House floor actions</name>
          <code>2</code>
        </sourceSystem>
      </item>
      <item>
        <type>IntroReferral</type>
        <committee />
        <links />
        <actionDate>2015-11-19</actionDate>
        <text>Introduced in House</text>
        <actionCode>Intro-H</actionCode>
        <sourceSystem>
          <name>Library of Congress</name>
          <code>9</code>
        </sourceSystem>
      </item>
      <item>
        <type>IntroReferral</type>
        <committee />
        <links />
        <actionDate>2015-11-19</actionDate>
        <text>Introduced in House</text>
        <actionCode>1000</actionCode>
        <sourceSystem>
          <name>Library of Congress</name>
          <code>9</code>
        </sourceSystem>
      </item>
      <actionByCounts>
        <houseOfRepresentatives>3</houseOfRepresentatives>
      </actionByCounts>
      <actionTypeCounts>
        <billReferrals>1</billReferrals>
        <introducedInTheHouse>1</introducedInTheHouse>
        <introducedInHouse>1</introducedInHouse>
      </actionTypeCounts>
    </actions>
    <amendments />
    <updateDate>2017-01-11T14:32:01Z</updateDate>
    <titles>
      <item>
        <title>Expressing support for the designation of a "Small Business Saturday" and supporting efforts to increase awareness of the value of locally owned small businesses.</title>
        <chamberCode />
        <parentTitleType />
        <chamberName />
        <titleType>Official Title as Introduced</titleType>
      </item>
      <item>
        <title>Expressing support for the designation of a "Small Business Saturday" and supporting efforts to increase awareness of the value of locally owned small businesses.</title>
        <chamberCode />
        <parentTitleType />
        <chamberName />
        <titleType>Display Title</titleType>
      </item>
    </titles>
    <notes />
    <originChamber>House</originChamber>
    <committeeReports />
    <introducedDate>2015-11-19</introducedDate>
    <sponsors>
      <item>
        <middleName />
        <firstName>STEVE</firstName>
        <bioguideId>C000266</bioguideId>
        <district>1</district>
        <byRequestType />
        <state>OH</state>
        <identifiers>
          <lisID>186</lisID>
          <gpoId>8091</gpoId>
          <bioguideId>C000266</bioguideId>
        </identifiers>
        <party>R</party>
        <lastName>CHABOT</lastName>
        <fullName>Rep. Chabot, Steve [R-OH-1]</fullName>
      </item>
    </sponsors>
    <summaries>
      <billSummaries>
        <item>
          <lastSummaryUpdateDate>2015-11-20T20:32:44Z</lastSummaryUpdateDate>
          <actionDate>2015-11-19</actionDate>
          <text><![CDATA[<p> Expresses support for: (1) the designation of a Small Business Saturday, (2) efforts to encourage consumers to shop locally, and (3) efforts to increase awareness of the value of locally owned small businesses and their impact on the U.S. economy.</p>]]></text>
          <updateDate>2015-11-19T05:00:00Z</updateDate>
          <name>Introduced in House</name>
          <versionCode>00</versionCode>
          <actionDesc>Introduced in House</actionDesc>
        </item>
      </billSummaries>
    </summaries>
    <calendarNumbers />
    <latestAction>
      <actionDate>2015-11-19</actionDate>
      <links />
      <text>Referred to the House Committee on Small Business.</text>
    </latestAction>
    <congress>114</congress>
    <cosponsors>
      <item>
        <identifiers>
          <lisID>1184</lisID>
          <gpoId>8073</gpoId>
          <bioguideId>V000081</bioguideId>
        </identifiers>
        <state>NY</state>
        <sponsorshipDate>2015-11-19</sponsorshipDate>
        <district>7</district>
        <middleName>M.</middleName>
        <party>D</party>
        <sponsorshipWithdrawnDate />
        <bioguideId>V000081</bioguideId>
        <lastName>VELAZQUEZ</lastName>
        <isOriginalCosponsor>True</isOriginalCosponsor>
        <fullName>Rep. Velazquez, Nydia M. [D-NY-7]</fullName>
        <firstName>NYDIA</firstName>
      </item>
      <item>
        <identifiers>
          <gpoId />
          <bioguideId>A000370</bioguideId>
          <lisID>2201</lisID>
        </identifiers>
        <state>NC</state>
        <sponsorshipDate>2015-11-19</sponsorshipDate>
        <district>12</district>
        <middleName>S.</middleName>
        <party>D</party>
        <sponsorshipWithdrawnDate />
        <bioguideId>A000370</bioguideId>
        <lastName>Adams</lastName>
        <isOriginalCosponsor>True</isOriginalCosponsor>
        <fullName>Rep. Adams, Alma S. [D-NC-12]</fullName>
        <firstName>Alma</firstName>
      </item>
      <item>
        <identifiers>
          <gpoId />
          <bioguideId>A000373</bioguideId>
          <lisID>2257</lisID>
        </identifiers>
        <state>NE</state>
        <sponsorshipDate>2015-11-19</sponsorshipDate>
        <district>2</district>
        <middleName />
        <party>D</party>
        <sponsorshipWithdrawnDate />
        <bioguideId>A000373</bioguideId>
        <lastName>Ashford</lastName>
        <isOriginalCosponsor>True</isOriginalCosponsor>
        <fullName>Rep. Ashford, Brad [D-NE-2]</fullName>
        <firstName>Brad</firstName>
      </item>
      <item>
        <identifiers>
          <gpoId />
          <bioguideId>B001281</bioguideId>
          <lisID>2153</lisID>
        </identifiers>
        <state>OH</state>
        <sponsorshipDate>2015-11-19</sponsorshipDate>
        <district>3</district>
        <middleName />
        <party>D</party>
        <sponsorshipWithdrawnDate />
        <bioguideId>B001281</bioguideId>
        <lastName>Beatty</lastName>
        <isOriginalCosponsor>True</isOriginalCosponsor>
        <fullName>Rep. Beatty, Joyce [D-OH-3]</fullName>
        <firstName>Joyce</firstName>
      </item>
      <item>
        <identifiers>
          <lisID>2027</lisID>
          <gpoId>7986</gpoId>
          <bioguideId>B001271</bioguideId>
        </identifiers>
        <state>MI</state>
        <sponsorshipDate>2015-11-19</sponsorshipDate>
        <district>1</district>
        <middleName />
        <party>R</party>
        <sponsorshipWithdrawnDate />
        <bioguideId>B001271</bioguideId>
        <lastName>Benishek</lastName>
        <isOriginalCosponsor>True</isOriginalCosponsor>
        <fullName>Rep. Benishek, Dan [R-MI-1]</fullName>
        <firstName>Dan</firstName>
      </item>
      <item>
        <identifiers>
          <lisID>2241</lisID>
          <gpoId />
          <bioguideId>B001294</bioguideId>
        </identifiers>
        <state>IA</state>
        <sponsorshipDate>2015-11-19</sponsorshipDate>
        <district>1</district>
        <middleName />
        <party>R</party>
        <sponsorshipWithdrawnDate />
        <bioguideId>B001294</bioguideId>
        <lastName>Blum</lastName>
        <isOriginalCosponsor>True</isOriginalCosponsor>
        <fullName>Rep. Blum, Rod [R-IA-1]</fullName>
        <firstName>Rod</firstName>
      </item>
      <item>
        <identifiers>
          <lisID>2092</lisID>
          <gpoId>8367</gpoId>
          <bioguideId>B001278</bioguideId>
        </identifiers>
        <state>OR</state>
        <sponsorshipDate>2015-11-19</sponsorshipDate>
        <district>1</district>
        <middleName />
        <party>D</party>
        <sponsorshipWithdrawnDate />
        <bioguideId>B001278</bioguideId>
        <lastName>Bonamici</lastName>
        <isOriginalCosponsor>True</isOriginalCosponsor>
        <fullName>Rep. Bonamici, Suzanne [D-OR-1]</fullName>
        <firstName>Suzanne</firstName>
      </item>
      <item>
        <identifiers>
          <gpoId />
          <bioguideId>B001295</bioguideId>
          <lisID>2243</lisID>
        </identifiers>
        <state>IL</state>
        <sponsorshipDate>2015-11-19</sponsorshipDate>
        <district>12</district>
        <middleName />
        <party>R</party>
        <sponsorshipWithdrawnDate />
        <bioguideId>B001295</bioguideId>
        <lastName>Bost</lastName>
        <isOriginalCosponsor>True</isOriginalCosponsor>
        <fullName>Rep. Bost, Mike [R-IL-12]</fullName>
        <firstName>Mike</firstName>
      </item>
      <item>
        <identifiers>
          <gpoId />
          <bioguideId>B001284</bioguideId>
          <lisID>2129</lisID>
        </identifiers>
        <state>IN</state>
        <sponsorshipDate>2015-11-19</sponsorshipDate>
        <district>5</district>
        <middleName>W.</middleName>
        <party>R</party>
        <sponsorshipWithdrawnDate />
        <bioguideId>B001284</bioguideId>
        <lastName>Brooks</lastName>
        <isOriginalCosponsor>True</isOriginalCosponsor>
        <fullName>Rep. Brooks, Susan W. [R-IN-5]</fullName>
        <firstName>Susan</firstName>
      </item>
      <item>
        <identifiers>
          <lisID>132</lisID>
          <gpoId>7875</gpoId>
          <bioguideId>B000911</bioguideId>
        </identifiers>
        <state>FL</state>
        <sponsorshipDate>2015-11-19</sponsorshipDate>
        <district>5</district>
        <middleName />
        <party>D</party>
        <sponsorshipWithdrawnDate />
        <bioguideId>B000911</bioguideId>
        <lastName>BROWN</lastName>
        <isOriginalCosponsor>True</isOriginalCosponsor>
        <fullName>Rep. Brown, Corrine [D-FL-5]</fullName>
        <firstName>CORRINE</firstName>
      </item>
      <item>
        <identifiers>
          <lisID>2127</lisID>
          <gpoId />
          <bioguideId>B001286</bioguideId>
        </identifiers>
        <state>IL</state>
        <sponsorshipDate>2015-11-19</sponsorshipDate>
        <district>17</district>
        <middleName />
        <party>D</party>
        <sponsorshipWithdrawnDate />
        <bioguideId>B001286</bioguideId>
        <lastName>Bustos</lastName>
        <isOriginalCosponsor>True</isOriginalCosponsor>
        <fullName>Rep. Bustos, Cheri [D-IL-17]</fullName>
        <firstName>Cheri</firstName>
      </item>
      <item>
        <identifiers>
          <lisID>1564</lisID>
          <gpoId>7973</gpoId>
          <bioguideId>C001037</bioguideId>
        </identifiers>
        <state>MA</state>
        <sponsorshipDate>2015-11-19</sponsorshipDate>
        <district>7</district>
        <middleName>E.</middleName>
        <party>D</party>
        <sponsorshipWithdrawnDate />
        <bioguideId>C001037</bioguideId>
        <lastName>CAPUANO</lastName>
        <isOriginalCosponsor>True</isOriginalCosponsor>
        <fullName>Rep. Capuano, Michael E. [D-MA-7]</fullName>
        <firstName>MICHAEL</firstName>
      </item>
      <item>
        <identifiers>
          <gpoId />
          <bioguideId>C001097</bioguideId>
          <lisID>2107</lisID>
        </identifiers>
        <state>CA</state>
        <sponsorshipDate>2015-11-19</sponsorshipDate>
        <district>29</district>
        <middleName />
        <party>D</party>
        <sponsorshipWithdrawnDate />
        <bioguideId>C001097</bioguideId>
        <lastName>Cardenas</lastName>
        <isOriginalCosponsor>True</isOriginalCosponsor>
        <fullName>Rep. Cardenas, Tony [D-CA-29]</fullName>
        <firstName>Tony</firstName>
      </item>
      <item>
        <identifiers>
          <lisID>1889</lisID>
          <gpoId>7946</gpoId>
          <bioguideId>C001072</bioguideId>
        </identifiers>
        <state>IN</state>
        <sponsorshipDate>2015-11-19</sponsorshipDate>
        <district>7</district>
        <middleName />
        <party>D</party>
        <sponsorshipWithdrawnDate />
        <bioguideId>C001072</bioguideId>
        <lastName>Carson</lastName>
        <isOriginalCosponsor>True</isOriginalCosponsor>
        <fullName>Rep. Carson, Andre [D-IN-7]</fullName>
        <firstName>Andre</firstName>
      </item>
      <item>
        <identifiers>
          <lisID>1970</lisID>
          <gpoId>7837</gpoId>
          <bioguideId>C001080</bioguideId>
        </identifiers>
        <state>CA</state>
        <sponsorshipDate>2015-11-19</sponsorshipDate>
        <district>27</district>
        <middleName />
        <party>D</party>
        <sponsorshipWithdrawnDate />
        <bioguideId>C001080</bioguideId>
        <lastName>Chu</lastName>
        <isOriginalCosponsor>True</isOriginalCosponsor>
        <fullName>Rep. Chu, Judy [D-CA-27]</fullName>
        <firstName>Judy</firstName>
      </item>
      <item>
        <identifiers>
          <gpoId>8139</gpoId>
          <bioguideId>C001084</bioguideId>
          <lisID>2055</lisID>
        </identifiers>
        <state>RI</state>
        <sponsorshipDate>2015-11-19</sponsorshipDate>
        <district>1</district>
        <middleName>N.</middleName>
        <party>D</party>
        <sponsorshipWithdrawnDate />
        <bioguideId>C001084</bioguideId>
        <lastName>Cicilline</lastName>
        <isOriginalCosponsor>True</isOriginalCosponsor>
        <fullName>Rep. Cicilline, David N. [D-RI-1]</fullName>
        <firstName>David</firstName>
      </item>
      <item>
        <identifiers>
          <lisID>1864</lisID>
          <gpoId>8072</gpoId>
          <bioguideId>C001067</bioguideId>
        </identifiers>
        <state>NY</state>
        <sponsorshipDate>2015-11-19</sponsorshipDate>
        <district>9</district>
        <middleName>D.</middleName>
        <party>D</party>
        <sponsorshipWithdrawnDate />
        <bioguideId>C001067</bioguideId>
        <lastName>Clarke</lastName>
        <isOriginalCosponsor>True</isOriginalCosponsor>
        <fullName>Rep. Clarke, Yvette D. [D-NY-9]</fullName>
        <firstName>Yvette</firstName>
      </item>
      <item>
        <identifiers>
          <gpoId />
          <bioguideId>C001092</bioguideId>
          <lisID>2151</lisID>
        </identifiers>
        <state>NY</state>
        <sponsorshipDate>2015-11-19</sponsorshipDate>
        <district>27</district>
        <middleName />
        <party>R</party>
        <sponsorshipWithdrawnDate />
        <bioguideId>C001092</bioguideId>
        <lastName>Collins</lastName>
        <isOriginalCosponsor>True</isOriginalCosponsor>
        <fullName>Rep. Collins, Chris [R-NY-27]</fullName>
        <firstName>Chris</firstName>
      </item>
      <item>
        <identifiers>
          <bioguideId>C001107</bioguideId>
          <lisID>2235</lisID>
          <gpoId />
        </identifiers>
        <state>FL</state>
        <sponsorshipDate>2015-11-19</sponsorshipDate>
        <district>26</district>
        <middleName />
        <party>R</party>
        <sponsorshipWithdrawnDate />
        <bioguideId>C001107</bioguideId>
        <lastName>Curbelo</lastName>
        <isOriginalCosponsor>True</isOriginalCosponsor>
        <fullName>Rep. Curbelo, Carlos [R-FL-26]</fullName>
        <firstName>Carlos</firstName>
      </item>
      <item>
        <identifiers>
          <bioguideId>D000617</bioguideId>
          <gpoId>8374</gpoId>
          <lisID>2096</lisID>
        </identifiers>
        <state>WA</state>
        <sponsorshipDate>2015-11-19</sponsorshipDate>
        <district>1</district>
        <middleName>K.</middleName>
        <party>D</party>
        <sponsorshipWithdrawnDate />
        <bioguideId>D000617</bioguideId>
        <lastName>DelBene</lastName>
        <isOriginalCosponsor>True</isOriginalCosponsor>
        <fullName>Rep. DelBene, Suzan K. [D-WA-1]</fullName>
        <firstName>Suzan</firstName>
      </item>
      <item>
        <identifiers>
          <gpoId>8025</gpoId>
          <bioguideId>E000291</bioguideId>
          <lisID>2036</lisID>
        </identifiers>
        <state>NC</state>
        <sponsorshipDate>2015-11-19</sponsorshipDate>
        <district>2</district>
        <middleName>L.</middleName>
        <party>R</party>
        <sponsorshipWithdrawnDate />
        <bioguideId>E000291</bioguideId>
        <lastName>Ellmers</lastName>
        <isOriginalCosponsor>True</isOriginalCosponsor>
        <fullName>Rep. Ellmers, Renee L. [R-NC-2]</fullName>
        <firstName>Renee</firstName>
      </item>
      <item>
        <identifiers>
          <gpoId>8120</gpoId>
          <bioguideId>F000043</bioguideId>
          <lisID>371</lisID>
        </identifiers>
        <state>PA</state>
        <sponsorshipDate>2015-11-19</sponsorshipDate>
        <district>2</district>
        <middleName />
        <party>D</party>
        <sponsorshipWithdrawnDate />
        <bioguideId>F000043</bioguideId>
        <lastName>FATTAH</lastName>
        <isOriginalCosponsor>True</isOriginalCosponsor>
        <fullName>Rep. Fattah, Chaka [D-PA-2]</fullName>
        <firstName>CHAKA</firstName>
      </item>
      <item>
        <identifiers>
          <bioguideId>G000564</bioguideId>
          <lisID>2043</lisID>
          <gpoId>8081</gpoId>
        </identifiers>
        <state>NY</state>
        <sponsorshipDate>2015-11-19</sponsorshipDate>
        <district>19</district>
        <middleName>P.</middleName>
        <party>R</party>
        <sponsorshipWithdrawnDate />
        <bioguideId>G000564</bioguideId>
        <lastName>Gibson</lastName>
        <isOriginalCosponsor>True</isOriginalCosponsor>
        <fullName>Rep. Gibson, Christopher P. [R-NY-19]</fullName>
        <firstName>Christopher</firstName>
      </item>
      <item>
        <identifiers>
          <gpoId>8014</gpoId>
          <bioguideId>G000546</bioguideId>
          <lisID>1656</lisID>
        </identifiers>
        <state>MO</state>
        <sponsorshipDate>2015-11-19</sponsorshipDate>
        <district>6</district>
        <middleName />
        <party>R</party>
        <sponsorshipWithdrawnDate />
        <bioguideId>G000546</bioguideId>
        <lastName>GRAVES</lastName>
        <isOriginalCosponsor>True</isOriginalCosponsor>
        <fullName>Rep. Graves, Sam [R-MO-6]</fullName>
        <firstName>SAM</firstName>
      </item>
      <item>
        <identifiers>
          <lisID>1708</lisID>
          <gpoId>7804</gpoId>
          <bioguideId>G000551</bioguideId>
        </identifiers>
        <state>AZ</state>
        <sponsorshipDate>2015-11-19</sponsorshipDate>
        <district>3</district>
        <middleName>M.</middleName>
        <party>D</party>
        <sponsorshipWithdrawnDate />
        <bioguideId>G000551</bioguideId>
        <lastName>Grijalva</lastName>
        <isOriginalCosponsor>True</isOriginalCosponsor>
        <fullName>Rep. Grijalva, Raul M. [D-AZ-3]</fullName>
        <firstName>Raul</firstName>
      </item>
      <item>
        <identifiers>
          <bioguideId>H001063</bioguideId>
          <lisID>2089</lisID>
          <gpoId>8360</gpoId>
        </identifiers>
        <state>CA</state>
        <sponsorshipDate>2015-11-19</sponsorshipDate>
        <district>44</district>
        <middleName />
        <party>D</party>
        <sponsorshipWithdrawnDate />
        <bioguideId>H001063</bioguideId>
        <lastName>Hahn</lastName>
        <isOriginalCosponsor>True</isOriginalCosponsor>
        <fullName>Rep. Hahn, Janice [D-CA-44]</fullName>
        <firstName>Janice</firstName>
      </item>
      <item>
        <identifiers>
          <bioguideId>H001051</bioguideId>
          <gpoId>8085</gpoId>
          <lisID>2044</lisID>
        </identifiers>
        <state>NY</state>
        <sponsorshipDate>2015-11-19</sponsorshipDate>
        <district>22</district>
        <middleName>L.</middleName>
        <party>R</party>
        <sponsorshipWithdrawnDate />
        <bioguideId>H001051</bioguideId>
        <lastName>Hanna</lastName>
        <isOriginalCosponsor>True</isOriginalCosponsor>
        <fullName>Rep. Hanna, Richard L. [R-NY-22]</fullName>
        <firstName>Richard</firstName>
      </item>
      <item>
        <identifiers>
          <lisID>2260</lisID>
          <gpoId />
          <bioguideId>H001070</bioguideId>
        </identifiers>
        <state>NV</state>
        <sponsorshipDate>2015-11-19</sponsorshipDate>
        <district>4</district>
        <middleName />
        <party>R</party>
        <sponsorshipWithdrawnDate />
        <bioguideId>H001070</bioguideId>
        <lastName>Hardy</lastName>
        <isOriginalCosponsor>True</isOriginalCosponsor>
        <fullName>Rep. Hardy, Cresent [R-NV-4]</fullName>
        <firstName>Cresent</firstName>
      </item>
      <item>
        <identifiers>
          <lisID>2020</lisID>
          <gpoId>7949</gpoId>
          <bioguideId>H001057</bioguideId>
        </identifiers>
        <state>KS</state>
        <sponsorshipDate>2015-11-19</sponsorshipDate>
        <district>1</district>
        <middleName />
        <party>R</party>
        <sponsorshipWithdrawnDate />
        <bioguideId>H001057</bioguideId>
        <lastName>Huelskamp</lastName>
        <isOriginalCosponsor>True</isOriginalCosponsor>
        <fullName>Rep. Huelskamp, Tim [R-KS-1]</fullName>
        <firstName>Tim</firstName>
      </item>
      <item>
        <identifiers>
          <gpoId />
          <bioguideId>K000388</bioguideId>
          <lisID>2294</lisID>
        </identifiers>
        <state>MS</state>
        <sponsorshipDate>2015-11-19</sponsorshipDate>
        <district>1</district>
        <middleName />
        <party>R</party>
        <sponsorshipWithdrawnDate />
        <bioguideId>K000388</bioguideId>
        <lastName>Kelly</lastName>
        <isOriginalCosponsor>True</isOriginalCosponsor>
        <fullName>Rep. Kelly, Trent [R-MS-1]</fullName>
        <firstName>Trent</firstName>
      </item>
      <item>
        <identifiers>
          <lisID>1724</lisID>
          <gpoId>7918</gpoId>
          <bioguideId>K000362</bioguideId>
        </identifiers>
        <state>IA</state>
        <sponsorshipDate>2015-11-19</sponsorshipDate>
        <district>4</district>
        <middleName />
        <party>R</party>
        <sponsorshipWithdrawnDate />
        <bioguideId>K000362</bioguideId>
        <lastName>King</lastName>
        <isOriginalCosponsor>True</isOriginalCosponsor>
        <fullName>Rep. King, Steve [R-IA-4]</fullName>
        <firstName>Steve</firstName>
      </item>
      <item>
        <identifiers>
          <lisID>2228</lisID>
          <gpoId />
          <bioguideId>K000387</bioguideId>
        </identifiers>
        <state>CA</state>
        <sponsorshipDate>2015-11-19</sponsorshipDate>
        <district>25</district>
        <middleName />
        <party>R</party>
        <sponsorshipWithdrawnDate />
        <bioguideId>K000387</bioguideId>
        <lastName>Knight</lastName>
        <isOriginalCosponsor>True</isOriginalCosponsor>
        <fullName>Rep. Knight, Stephen [R-CA-25]</fullName>
        <firstName>Stephen</firstName>
      </item>
      <item>
        <identifiers>
          <lisID>2252</lisID>
          <gpoId />
          <bioguideId>L000581</bioguideId>
        </identifiers>
        <state>MI</state>
        <sponsorshipDate>2015-11-19</sponsorshipDate>
        <district>14</district>
        <middleName>L.</middleName>
        <party>D</party>
        <sponsorshipWithdrawnDate />
        <bioguideId>L000581</bioguideId>
        <lastName>Lawrence</lastName>
        <isOriginalCosponsor>True</isOriginalCosponsor>
        <fullName>Rep. Lawrence, Brenda L. [D-MI-14]</fullName>
        <firstName>Brenda</firstName>
      </item>
      <item>
        <identifiers>
          <gpoId>8017</gpoId>
          <bioguideId>L000569</bioguideId>
          <lisID>1931</lisID>
        </identifiers>
        <state>MO</state>
        <sponsorshipDate>2015-11-19</sponsorshipDate>
        <district>3</district>
        <middleName />
        <party>R</party>
        <sponsorshipWithdrawnDate />
        <bioguideId>L000569</bioguideId>
        <lastName>Luetkemeyer</lastName>
        <isOriginalCosponsor>True</isOriginalCosponsor>
        <fullName>Rep. Luetkemeyer, Blaine [R-MO-3]</fullName>
        <firstName>Blaine</firstName>
      </item>
      <item>
        <identifiers>
          <bioguideId>M001179</bioguideId>
          <lisID>2053</lisID>
          <gpoId>8128</gpoId>
        </identifiers>
        <state>PA</state>
        <sponsorshipDate>2015-11-19</sponsorshipDate>
        <district>10</district>
        <middleName />
        <party>R</party>
        <sponsorshipWithdrawnDate />
        <bioguideId>M001179</bioguideId>
        <lastName>Marino</lastName>
        <isOriginalCosponsor>True</isOriginalCosponsor>
        <fullName>Rep. Marino, Tom [R-PA-10]</fullName>
        <firstName>Tom</firstName>
      </item>
      <item>
        <identifiers>
          <lisID>2148</lisID>
          <gpoId />
          <bioguideId>M001188</bioguideId>
        </identifiers>
        <state>NY</state>
        <sponsorshipDate>2015-11-19</sponsorshipDate>
        <district>6</district>
        <middleName />
        <party>D</party>
        <sponsorshipWithdrawnDate />
        <bioguideId>M001188</bioguideId>
        <lastName>Meng</lastName>
        <isOriginalCosponsor>True</isOriginalCosponsor>
        <fullName>Rep. Meng, Grace [D-NY-6]</fullName>
        <firstName>Grace</firstName>
      </item>
      <item>
        <identifiers>
          <lisID>2246</lisID>
          <gpoId />
          <bioguideId>M001196</bioguideId>
        </identifiers>
        <state>MA</state>
        <sponsorshipDate>2015-11-19</sponsorshipDate>
        <district>6</district>
        <middleName />
        <party>D</party>
        <sponsorshipWithdrawnDate />
        <bioguideId>M001196</bioguideId>
        <lastName>Moulton</lastName>
        <isOriginalCosponsor>True</isOriginalCosponsor>
        <fullName>Rep. Moulton, Seth [D-MA-6]</fullName>
        <firstName>Seth</firstName>
      </item>
      <item>
        <identifiers>
          <gpoId>7871</gpoId>
          <bioguideId>N000147</bioguideId>
          <lisID>868</lisID>
        </identifiers>
        <state>DC</state>
        <sponsorshipDate>2015-11-19</sponsorshipDate>
        <district>0</district>
        <middleName>HOLMES</middleName>
        <party>D</party>
        <sponsorshipWithdrawnDate />
        <bioguideId>N000147</bioguideId>
        <lastName>NORTON</lastName>
        <isOriginalCosponsor>True</isOriginalCosponsor>
        <fullName>Rep. Norton, Eleanor Holmes [D-DC-At Large]</fullName>
        <firstName>ELEANOR</firstName>
      </item>
      <item>
        <identifiers>
          <lisID>2097</lisID>
          <gpoId>8373</gpoId>
          <bioguideId>P000604</bioguideId>
        </identifiers>
        <state>NJ</state>
        <sponsorshipDate>2015-11-19</sponsorshipDate>
        <district>10</district>
        <middleName>M.</middleName>
        <party>D</party>
        <sponsorshipWithdrawnDate />
        <bioguideId>P000604</bioguideId>
        <lastName>Payne</lastName>
        <isOriginalCosponsor>True</isOriginalCosponsor>
        <fullName>Rep. Payne, Donald M., Jr. [D-NJ-10]</fullName>
        <firstName>Donald</firstName>
      </item>
      <item>
        <identifiers>
          <gpoId>7984</gpoId>
          <bioguideId>P000597</bioguideId>
          <lisID>1927</lisID>
        </identifiers>
        <state>ME</state>
        <sponsorshipDate>2015-11-19</sponsorshipDate>
        <district>1</district>
        <middleName />
        <party>D</party>
        <sponsorshipWithdrawnDate />
        <bioguideId>P000597</bioguideId>
        <lastName>Pingree</lastName>
        <isOriginalCosponsor>True</isOriginalCosponsor>
        <fullName>Rep. Pingree, Chellie [D-ME-1]</fullName>
        <firstName>Chellie</firstName>
      </item>
      <item>
        <identifiers>
          <bioguideId>P000607</bioguideId>
          <lisID>2171</lisID>
          <gpoId />
        </identifiers>
        <state>WI</state>
        <sponsorshipDate>2015-11-19</sponsorshipDate>
        <district>2</district>
        <middleName />
        <party>D</party>
        <sponsorshipWithdrawnDate />
        <bioguideId>P000607</bioguideId>
        <lastName>Pocan</lastName>
        <isOriginalCosponsor>True</isOriginalCosponsor>
        <fullName>Rep. Pocan, Mark [D-WI-2]</fullName>
        <firstName>Mark</firstName>
      </item>
      <item>
        <identifiers>
          <gpoId>7929</gpoId>
          <bioguideId>S001145</bioguideId>
          <lisID>1588</lisID>
        </identifiers>
        <state>IL</state>
        <sponsorshipDate>2015-11-19</sponsorshipDate>
        <district>9</district>
        <middleName>D.</middleName>
        <party>D</party>
        <sponsorshipWithdrawnDate />
        <bioguideId>S001145</bioguideId>
        <lastName>SCHAKOWSKY</lastName>
        <isOriginalCosponsor>True</isOriginalCosponsor>
        <fullName>Rep. Schakowsky, Janice D. [D-IL-9]</fullName>
        <firstName>JANICE</firstName>
      </item>
      <item>
        <identifiers>
          <lisID>2222</lisID>
          <gpoId />
          <bioguideId>R000600</bioguideId>
        </identifiers>
        <state>AS</state>
        <sponsorshipDate>2015-11-19</sponsorshipDate>
        <district>0</district>
        <middleName>Coleman</middleName>
        <party>R</party>
        <sponsorshipWithdrawnDate />
        <bioguideId>R000600</bioguideId>
        <lastName>Radewagen</lastName>
        <isOriginalCosponsor>True</isOriginalCosponsor>
        <fullName>Rep. Radewagen, Aumua Amata Coleman [R-AS-At Large]</fullName>
        <firstName>Aumua Amata</firstName>
      </item>
      <item>
        <identifiers>
          <lisID>1756</lisID>
          <gpoId>8107</gpoId>
          <bioguideId>R000577</bioguideId>
        </identifiers>
        <state>OH</state>
        <sponsorshipDate>2015-11-19</sponsorshipDate>
        <district>13</district>
        <middleName />
        <party>D</party>
        <sponsorshipWithdrawnDate />
        <bioguideId>R000577</bioguideId>
        <lastName>RYAN</lastName>
        <isOriginalCosponsor>True</isOriginalCosponsor>
        <fullName>Rep. Ryan, Tim [D-OH-13]</fullName>
        <firstName>TIM</firstName>
      </item>
      <item>
        <identifiers>
          <gpoId />
          <bioguideId>T000473</bioguideId>
          <lisID>2240</lisID>
        </identifiers>
        <state>HI</state>
        <sponsorshipDate>2015-11-19</sponsorshipDate>
        <district>1</district>
        <middleName />
        <party>D</party>
        <sponsorshipWithdrawnDate />
        <bioguideId>T000473</bioguideId>
        <lastName>Takai</lastName>
        <isOriginalCosponsor>True</isOriginalCosponsor>
        <fullName>Rep. Takai, Mark [D-HI-1]</fullName>
        <firstName>Mark</firstName>
      </item>
      <item>
        <identifiers>
          <bioguideId>T000470</bioguideId>
          <lisID>1997</lisID>
          <gpoId>7861</gpoId>
        </identifiers>
        <state>CO</state>
        <sponsorshipDate>2015-11-19</sponsorshipDate>
        <district>3</district>
        <middleName>R.</middleName>
        <party>R</party>
        <sponsorshipWithdrawnDate />
        <bioguideId>T000470</bioguideId>
        <lastName>Tipton</lastName>
        <isOriginalCosponsor>True</isOriginalCosponsor>
        <fullName>Rep. Tipton, Scott  R. [R-CO-3]</fullName>
        <firstName>Scott</firstName>
      </item>
      <item>
        <identifiers>
          <bioguideId>T000468</bioguideId>
          <lisID>1940</lisID>
          <gpoId>7493</gpoId>
        </identifiers>
        <state>NV</state>
        <sponsorshipDate>2015-11-19</sponsorshipDate>
        <district>1</district>
        <middleName />
        <party>D</party>
        <sponsorshipWithdrawnDate />
        <bioguideId>T000468</bioguideId>
        <lastName>Titus</lastName>
        <isOriginalCosponsor>True</isOriginalCosponsor>
        <fullName>Rep. Titus, Dina [D-NV-1]</fullName>
        <firstName>Dina</firstName>
      </item>
      <item>
        <identifiers>
          <lisID>2105</lisID>
          <gpoId />
          <bioguideId>V000129</bioguideId>
        </identifiers>
        <state>CA</state>
        <sponsorshipDate>2015-11-19</sponsorshipDate>
        <district>21</district>
        <middleName>G.</middleName>
        <party>R</party>
        <sponsorshipWithdrawnDate />
        <bioguideId>V000129</bioguideId>
        <lastName>Valadao</lastName>
        <isOriginalCosponsor>True</isOriginalCosponsor>
        <fullName>Rep. Valadao, David G. [R-CA-21]</fullName>
        <firstName>David</firstName>
      </item>
      <item>
        <identifiers>
          <lisID>2112</lisID>
          <gpoId />
          <bioguideId>V000130</bioguideId>
        </identifiers>
        <state>CA</state>
        <sponsorshipDate>2015-11-19</sponsorshipDate>
        <district>51</district>
        <middleName />
        <party>D</party>
        <sponsorshipWithdrawnDate />
        <bioguideId>V000130</bioguideId>
        <lastName>Vargas</lastName>
        <isOriginalCosponsor>True</isOriginalCosponsor>
        <fullName>Rep. Vargas, Juan [D-CA-51]</fullName>
        <firstName>Juan</firstName>
      </item>
      <item>
        <identifiers>
          <lisID>1041</lisID>
          <gpoId>8218</gpoId>
          <bioguideId>S000244</bioguideId>
        </identifiers>
        <state>WI</state>
        <sponsorshipDate>2015-11-19</sponsorshipDate>
        <district>5</district>
        <middleName>JAMES</middleName>
        <party>R</party>
        <sponsorshipWithdrawnDate />
        <bioguideId>S000244</bioguideId>
        <lastName>SENSENBRENNER</lastName>
        <isOriginalCosponsor>True</isOriginalCosponsor>
        <fullName>Rep. Sensenbrenner, F. James, Jr. [R-WI-5]</fullName>
        <firstName>F.</firstName>
      </item>
      <item>
        <identifiers>
          <bioguideId>K000188</bioguideId>
          <lisID>1498</lisID>
          <gpoId>8216</gpoId>
        </identifiers>
        <state>WI</state>
        <sponsorshipDate>2015-11-19</sponsorshipDate>
        <district>3</district>
        <middleName />
        <party>D</party>
        <sponsorshipWithdrawnDate />
        <bioguideId>K000188</bioguideId>
        <lastName>KIND</lastName>
        <isOriginalCosponsor>True</isOriginalCosponsor>
        <fullName>Rep. Kind, Ron [D-WI-3]</fullName>
        <firstName>RON</firstName>
      </item>
      <item>
        <identifiers>
          <gpoId />
          <bioguideId>B001285</bioguideId>
          <lisID>2106</lisID>
        </identifiers>
        <state>CA</state>
        <sponsorshipDate>2015-11-19</sponsorshipDate>
        <district>26</district>
        <middleName />
        <party>D</party>
        <sponsorshipWithdrawnDate />
        <bioguideId>B001285</bioguideId>
        <lastName>Brownley</lastName>
        <isOriginalCosponsor>True</isOriginalCosponsor>
        <fullName>Rep. Brownley, Julia [D-CA-26]</fullName>
        <firstName>Julia</firstName>
      </item>
      <item>
        <identifiers>
          <lisID>2203</lisID>
          <gpoId />
          <bioguideId>B001290</bioguideId>
        </identifiers>
        <state>VA</state>
        <sponsorshipDate>2015-11-19</sponsorshipDate>
        <district>7</district>
        <middleName />
        <party>R</party>
        <sponsorshipWithdrawnDate />
        <bioguideId>B001290</bioguideId>
        <lastName>Brat</lastName>
        <isOriginalCosponsor>True</isOriginalCosponsor>
        <fullName>Rep. Brat, Dave [R-VA-7]</fullName>
        <firstName>Dave</firstName>
      </item>
      <item>
        <identifiers>
          <lisID>2160</lisID>
          <gpoId />
          <bioguideId>R000597</bioguideId>
        </identifiers>
        <state>SC</state>
        <sponsorshipDate>2015-11-19</sponsorshipDate>
        <district>7</district>
        <middleName />
        <party>R</party>
        <sponsorshipWithdrawnDate />
        <bioguideId>R000597</bioguideId>
        <lastName>Rice</lastName>
        <isOriginalCosponsor>True</isOriginalCosponsor>
        <fullName>Rep. Rice, Tom [R-SC-7]</fullName>
        <firstName>Tom</firstName>
      </item>
      <item>
        <identifiers>
          <lisID>1907</lisID>
          <gpoId>7220</gpoId>
          <bioguideId>K000368</bioguideId>
        </identifiers>
        <state>AZ</state>
        <sponsorshipDate>2015-11-19</sponsorshipDate>
        <district>1</district>
        <middleName />
        <party>D</party>
        <sponsorshipWithdrawnDate />
        <bioguideId>K000368</bioguideId>
        <lastName>Kirkpatrick</lastName>
        <isOriginalCosponsor>True</isOriginalCosponsor>
        <fullName>Rep. Kirkpatrick, Ann [D-AZ-1]</fullName>
        <firstName>Ann</firstName>
      </item>
      <item>
        <identifiers>
          <bioguideId>M001157</bioguideId>
          <gpoId>8166</gpoId>
          <lisID>1804</lisID>
        </identifiers>
        <state>TX</state>
        <sponsorshipDate>2015-11-19</sponsorshipDate>
        <district>10</district>
        <middleName>T.</middleName>
        <party>R</party>
        <sponsorshipWithdrawnDate />
        <bioguideId>M001157</bioguideId>
        <lastName>McCaul</lastName>
        <isOriginalCosponsor>True</isOriginalCosponsor>
        <fullName>Rep. McCaul, Michael T. [R-TX-10]</fullName>
        <firstName>Michael</firstName>
      </item>
      <item>
        <identifiers>
          <bioguideId>G000565</bioguideId>
          <gpoId>7798</gpoId>
          <lisID>1992</lisID>
        </identifiers>
        <state>AZ</state>
        <sponsorshipDate>2015-12-01</sponsorshipDate>
        <district>4</district>
        <middleName>A.</middleName>
        <party>R</party>
        <sponsorshipWithdrawnDate />
        <bioguideId>G000565</bioguideId>
        <lastName>Gosar</lastName>
        <isOriginalCosponsor>False</isOriginalCosponsor>
        <fullName>Rep. Gosar, Paul A. [R-AZ-4]</fullName>
        <firstName>Paul</firstName>
      </item>
      <item>
        <identifiers>
          <bioguideId>S001180</bioguideId>
          <gpoId>8118</gpoId>
          <lisID>1950</lisID>
        </identifiers>
        <state>OR</state>
        <sponsorshipDate>2015-12-01</sponsorshipDate>
        <district>5</district>
        <middleName />
        <party>D</party>
        <sponsorshipWithdrawnDate />
        <bioguideId>S001180</bioguideId>
        <lastName>Schrader</lastName>
        <isOriginalCosponsor>False</isOriginalCosponsor>
        <fullName>Rep. Schrader, Kurt [D-OR-5]</fullName>
        <firstName>Kurt</firstName>
      </item>
      <item>
        <identifiers>
          <bioguideId>D000216</bioguideId>
          <lisID>281</lisID>
          <gpoId>7868</gpoId>
        </identifiers>
        <state>CT</state>
        <sponsorshipDate>2015-12-01</sponsorshipDate>
        <district>3</district>
        <middleName />
        <party>D</party>
        <sponsorshipWithdrawnDate />
        <bioguideId>D000216</bioguideId>
        <lastName>DELAURO</lastName>
        <isOriginalCosponsor>False</isOriginalCosponsor>
        <fullName>Rep. DeLauro, Rosa L. [D-CT-3]</fullName>
        <firstName>ROSA</firstName>
      </item>
      <item>
        <identifiers>
          <bioguideId>D000533</bioguideId>
          <lisID>322</lisID>
          <gpoId>8149</gpoId>
        </identifiers>
        <state>TN</state>
        <sponsorshipDate>2015-12-01</sponsorshipDate>
        <district>2</district>
        <middleName>J.</middleName>
        <party>R</party>
        <sponsorshipWithdrawnDate />
        <bioguideId>D000533</bioguideId>
        <lastName>DUNCAN</lastName>
        <isOriginalCosponsor>False</isOriginalCosponsor>
        <fullName>Rep. Duncan, John J., Jr. [R-TN-2]</fullName>
        <firstName>JOHN</firstName>
      </item>
      <item>
        <identifiers>
          <bioguideId>B001292</bioguideId>
          <gpoId />
          <lisID>2272</lisID>
        </identifiers>
        <state>VA</state>
        <sponsorshipDate>2015-12-01</sponsorshipDate>
        <district>8</district>
        <middleName>S.</middleName>
        <party>D</party>
        <sponsorshipWithdrawnDate />
        <bioguideId>B001292</bioguideId>
        <lastName>Beyer</lastName>
        <isOriginalCosponsor>False</isOriginalCosponsor>
        <fullName>Rep. Beyer, Donald S., Jr. [D-VA-8]</fullName>
        <firstName>Donald</firstName>
      </item>
      <item>
        <identifiers>
          <lisID>1069</lisID>
          <gpoId>8089</gpoId>
          <bioguideId>S000480</bioguideId>
        </identifiers>
        <state>NY</state>
        <sponsorshipDate>2015-12-01</sponsorshipDate>
        <district>25</district>
        <middleName>M.</middleName>
        <party>D</party>
        <sponsorshipWithdrawnDate />
        <bioguideId>S000480</bioguideId>
        <lastName>SLAUGHTER</lastName>
        <isOriginalCosponsor>False</isOriginalCosponsor>
        <fullName>Rep. Slaughter, Louise McIntosh [D-NY-25]</fullName>
        <firstName>LOUISE</firstName>
      </item>
      <item>
        <identifiers>
          <gpoId />
          <bioguideId>G000577</bioguideId>
          <lisID>2245</lisID>
        </identifiers>
        <state>LA</state>
        <sponsorshipDate>2015-12-01</sponsorshipDate>
        <district>6</district>
        <middleName />
        <party>R</party>
        <sponsorshipWithdrawnDate />
        <bioguideId>G000577</bioguideId>
        <lastName>Graves</lastName>
        <isOriginalCosponsor>False</isOriginalCosponsor>
        <fullName>Rep. Graves, Garret [R-LA-6]</fullName>
        <firstName>Garret</firstName>
      </item>
      <item>
        <identifiers>
          <lisID>2071</lisID>
          <gpoId>8207</gpoId>
          <bioguideId>H001056</bioguideId>
        </identifiers>
        <state>WA</state>
        <sponsorshipDate>2015-12-01</sponsorshipDate>
        <district>3</district>
        <middleName>Herrera</middleName>
        <party>R</party>
        <sponsorshipWithdrawnDate />
        <bioguideId>H001056</bioguideId>
        <lastName>Beutler</lastName>
        <isOriginalCosponsor>False</isOriginalCosponsor>
        <fullName>Rep. Herrera Beutler, Jaime [R-WA-3]</fullName>
        <firstName>Jaime</firstName>
      </item>
      <item>
        <identifiers>
          <lisID>2273</lisID>
          <gpoId />
          <bioguideId>C001105</bioguideId>
        </identifiers>
        <state>VA</state>
        <sponsorshipDate>2015-12-02</sponsorshipDate>
        <district>10</district>
        <middleName />
        <party>R</party>
        <sponsorshipWithdrawnDate />
        <bioguideId>C001105</bioguideId>
        <lastName>Comstock</lastName>
        <isOriginalCosponsor>False</isOriginalCosponsor>
        <fullName>Rep. Comstock, Barbara [R-VA-10]</fullName>
        <firstName>Barbara</firstName>
      </item>
      <item>
        <identifiers>
          <bioguideId>L000480</bioguideId>
          <lisID>709</lisID>
          <gpoId>8079</gpoId>
        </identifiers>
        <state>NY</state>
        <sponsorshipDate>2015-12-09</sponsorshipDate>
        <district>17</district>
        <middleName>M.</middleName>
        <party>D</party>
        <sponsorshipWithdrawnDate />
        <bioguideId>L000480</bioguideId>
        <lastName>LOWEY</lastName>
        <isOriginalCosponsor>False</isOriginalCosponsor>
        <fullName>Rep. Lowey, Nita M. [D-NY-17]</fullName>
        <firstName>NITA</firstName>
      </item>
      <item>
        <identifiers>
          <lisID>1846</lisID>
          <gpoId>7915</gpoId>
          <bioguideId>L000565</bioguideId>
        </identifiers>
        <state>IA</state>
        <sponsorshipDate>2016-04-27</sponsorshipDate>
        <district>2</district>
        <middleName />
        <party>D</party>
        <sponsorshipWithdrawnDate />
        <bioguideId>L000565</bioguideId>
        <lastName>Loebsack</lastName>
        <isOriginalCosponsor>False</isOriginalCosponsor>
        <fullName>Rep. Loebsack, David [D-IA-2]</fullName>
        <firstName>David</firstName>
      </item>
    </cosponsors>
    <relatedBills>
      <item>
        <latestTitle>A resolution recognizing November 28, 2015, as "Small Business Saturday" and supporting efforts to increase awareness of the value of locally owned small businesses.</latestTitle>
        <latestAction>
          <actionDate>2015-11-03</actionDate>
          <text>Submitted in the Senate, considered, and agreed to without amendment and with a preamble by Unanimous Consent. (consideration: CR S7728; text: CR S7726)</text>
        </latestAction>
        <congress>114</congress>
        <relationshipDetails>
          <item>
            <type>Related bill</type>
            <identifiedBy>CRS</identifiedBy>
          </item>
        </relationshipDetails>
        <type>SRES</type>
        <number>304</number>
      </item>
      <item>
        <latestTitle>Recognizing November 26, 2016, as "Small Business Saturday" and supporting efforts to increase awareness of the value of locally owned small businesses.</latestTitle>
        <latestAction>
          <actionDate>2016-09-22</actionDate>
          <text>Referred to the House Committee on Small Business.</text>
        </latestAction>
        <congress>114</congress>
        <relationshipDetails>
          <item>
            <type>Related bill</type>
            <identifiedBy>CRS</identifiedBy>
          </item>
        </relationshipDetails>
        <type>HRES</type>
        <number>886</number>
      </item>
      <item>
        <latestTitle>A resolution recognizing November 26, 2016, as "Small Business Saturday" and supporting the efforts of the Small Business Administration to increase awareness of the value of locally owned small businesses.</latestTitle>
        <latestAction>
          <actionDate>2016-09-15</actionDate>
          <text>Submitted in the Senate, considered, and agreed to without amendment and with a preamble by Unanimous Consent. (consideration: CR S5868; text as passed Senate: CR S5851-5852)</text>
        </latestAction>
        <congress>114</congress>
        <relationshipDetails>
          <item>
            <type>Related bill</type>
            <identifiedBy>CRS</identifiedBy>
          </item>
        </relationshipDetails>
        <type>SRES</type>
        <number>569</number>
      </item>
    </relatedBills>
    <subjects>
      <billSubjects>
        <legislativeSubjects>
          <item>
            <name>Commemorative events and holidays</name>
          </item>
          <item>
            <name>Economic performance and conditions</name>
          </item>
          <item>
            <name>Retail and wholesale trades</name>
          </item>
          <item>
            <name>Small business</name>
          </item>
        </legislativeSubjects>
        <policyArea>
          <name>Commerce</name>
        </policyArea>
      </billSubjects>
    </subjects>
    <laws />
    <constitutionalAuthorityStatementText />
    <title>Expressing support for the designation of a "Small Business Saturday" and supporting efforts to increase awareness of the value of locally owned small businesses.</title>
    <recordedVotes />
    <cboCostEstimates />
    <committees>
      <billCommittees>
        <item>
          <chamber>House</chamber>
          <name>Small Business Committee</name>
          <systemCode>hssm00</systemCode>
          <type>Standing</type>
          <subcommittees />
          <activities>
            <item>
              <date>2015-11-19T14:31:25Z</date>
              <name>Referred to</name>
            </item>
          </activities>
        </item>
      </billCommittees>
    </committees>
    <createDate>2015-11-20T10:16:01Z</createDate>
    <billType>HRES</billType>
    <billNumber>534</billNumber>
    <policyArea>
      <name>Commerce</name>
    </policyArea>
  </bill>
  <dublinCore xmlns:dc="http://purl.org/dc/elements/1.1/">
    <dc:format>text/xml</dc:format>
    <dc:language>EN</dc:language>
    <dc:rights>Pursuant to Title 17 Section 105 of the United States Code, this file is not subject to copyright protection and is in the public domain.</dc:rights>
    <dc:contributor>Congressional Research Service, Library of Congress</dc:contributor>
    <dc:description>This file contains bill summaries and statuses for federal legislation. A bill summary describes the most significant provisions of a piece of legislation and details the effects the legislative text may have on current law and federal programs. Bill summaries are authored by the Congressional Research Service (CRS) of the Library of Congress. As stated in Public Law 91-510 (2 USC 166 (d)(6)), one of the duties of CRS is "to prepare summaries and digests of bills and resolutions of a public general nature introduced in the Senate or House of Representatives". For more information, refer to the User Guide that accompanies this file.</dc:description>
  </dublinCore>
</billStatus>

