<?xml version="1.0" encoding="UTF-8"?>
<billStatus>
  <bill>
    <actions>
      <item>
        <type>IntroReferral</type>
        <committee>
          <name>Oversight and Government Reform Committee</name>
          <systemCode>hsgo00</systemCode>
        </committee>
        <links />
        <actionDate>2015-09-18</actionDate>
        <text>Referred to the House Committee on Oversight and Government Reform.</text>
        <actionCode>H11100</actionCode>
        <sourceSystem>
          <name>House floor actions</name>
          <code>2</code>
        </sourceSystem>
      </item>
      <item>
        <type>IntroReferral</type>
        <committee />
        <links />
        <actionDate>2015-09-18</actionDate>
        <text>Introduced in House</text>
        <actionCode>Intro-H</actionCode>
        <sourceSystem>
          <name>Library of Congress</name>
          <code>9</code>
        </sourceSystem>
      </item>
      <item>
        <type>IntroReferral</type>
        <committee />
        <links />
        <actionDate>2015-09-18</actionDate>
        <text>Introduced in House</text>
        <actionCode>1000</actionCode>
        <sourceSystem>
          <name>Library of Congress</name>
          <code>9</code>
        </sourceSystem>
      </item>
      <actionByCounts>
        <houseOfRepresentatives>3</houseOfRepresentatives>
      </actionByCounts>
      <actionTypeCounts>
        <billReferrals>1</billReferrals>
        <introducedInTheHouse>1</introducedInTheHouse>
        <introducedInHouse>1</introducedInHouse>
      </actionTypeCounts>
    </actions>
    <amendments />
    <updateDate>2017-01-11T14:31:32Z</updateDate>
    <titles>
      <item>
        <chamberName />
        <title>Calling upon the President to declare a National Day of Prayer to end targeted violence against law enforcement officers and schedule appropriate public events in support of such a day.</title>
        <titleType>Official Title as Introduced</titleType>
        <parentTitleType />
        <chamberCode />
      </item>
      <item>
        <chamberName />
        <title>Calling upon the President to declare a National Day of Prayer to end targeted violence against law enforcement officers and schedule appropriate public events in support of such a day.</title>
        <titleType>Display Title</titleType>
        <parentTitleType />
        <chamberCode />
      </item>
    </titles>
    <notes />
    <originChamber>House</originChamber>
    <committeeReports />
    <introducedDate>2015-09-18</introducedDate>
    <sponsors>
      <item>
        <middleName />
        <firstName>John</firstName>
        <bioguideId>F000456</bioguideId>
        <district>4</district>
        <byRequestType />
        <state>LA</state>
        <identifiers>
          <lisID>1924</lisID>
          <gpoId>7962</gpoId>
          <bioguideId>F000456</bioguideId>
        </identifiers>
        <party>R</party>
        <lastName>Fleming</lastName>
        <fullName>Rep. Fleming, John [R-LA-4]</fullName>
      </item>
    </sponsors>
    <summaries>
      <billSummaries>
        <item>
          <actionDate>2015-09-18</actionDate>
          <text><![CDATA[<p>Calls upon the President to declare a National Day of Prayer to end targeted violence against law enforcement officers and schedule appropriate public events in support of such a day.</p>]]></text>
          <name>Introduced in House</name>
          <versionCode>00</versionCode>
          <actionDesc>Introduced in House</actionDesc>
          <updateDate>2015-09-18T04:00:00Z</updateDate>
          <lastSummaryUpdateDate>2015-09-22T12:23:09Z</lastSummaryUpdateDate>
        </item>
      </billSummaries>
    </summaries>
    <calendarNumbers />
    <latestAction>
      <actionDate>2015-09-18</actionDate>
      <links />
      <text>Referred to the House Committee on Oversight and Government Reform.</text>
    </latestAction>
    <congress>114</congress>
    <cosponsors>
      <item>
        <firstName>Brad</firstName>
        <middleName>R.</middleName>
        <bioguideId>W000815</bioguideId>
        <sponsorshipWithdrawnDate />
        <fullName>Rep. Wenstrup, Brad R. [R-OH-2]</fullName>
        <identifiers>
          <lisID>2152</lisID>
          <gpoId />
          <bioguideId>W000815</bioguideId>
        </identifiers>
        <lastName>Wenstrup</lastName>
        <party>R</party>
        <isOriginalCosponsor>True</isOriginalCosponsor>
        <state>OH</state>
        <sponsorshipDate>2015-09-18</sponsorshipDate>
        <district>2</district>
      </item>
      <item>
        <firstName>Rick</firstName>
        <middleName>W.</middleName>
        <bioguideId>A000372</bioguideId>
        <sponsorshipWithdrawnDate />
        <fullName>Rep. Allen, Rick W. [R-GA-12]</fullName>
        <identifiers>
          <lisID>2239</lisID>
          <gpoId />
          <bioguideId>A000372</bioguideId>
        </identifiers>
        <lastName>Allen</lastName>
        <party>R</party>
        <isOriginalCosponsor>True</isOriginalCosponsor>
        <state>GA</state>
        <sponsorshipDate>2015-09-18</sponsorshipDate>
        <district>12</district>
      </item>
      <item>
        <firstName>Alexander</firstName>
        <middleName>X.</middleName>
        <bioguideId>M001195</bioguideId>
        <sponsorshipWithdrawnDate />
        <fullName>Rep. Mooney, Alexander X. [R-WV-2]</fullName>
        <identifiers>
          <bioguideId>M001195</bioguideId>
          <lisID>2277</lisID>
          <gpoId />
        </identifiers>
        <lastName>Mooney</lastName>
        <party>R</party>
        <isOriginalCosponsor>True</isOriginalCosponsor>
        <state>WV</state>
        <sponsorshipDate>2015-09-18</sponsorshipDate>
        <district>2</district>
      </item>
      <item>
        <firstName>Bill</firstName>
        <middleName />
        <bioguideId>P000599</bioguideId>
        <sponsorshipWithdrawnDate />
        <fullName>Rep. Posey, Bill [R-FL-8]</fullName>
        <identifiers>
          <bioguideId>P000599</bioguideId>
          <lisID>1915</lisID>
          <gpoId>7887</gpoId>
        </identifiers>
        <lastName>Posey</lastName>
        <party>R</party>
        <isOriginalCosponsor>True</isOriginalCosponsor>
        <state>FL</state>
        <sponsorshipDate>2015-09-18</sponsorshipDate>
        <district>8</district>
      </item>
      <item>
        <firstName>STEVE</firstName>
        <middleName />
        <bioguideId>C000266</bioguideId>
        <sponsorshipWithdrawnDate />
        <fullName>Rep. Chabot, Steve [R-OH-1]</fullName>
        <identifiers>
          <bioguideId>C000266</bioguideId>
          <lisID>186</lisID>
          <gpoId>8091</gpoId>
        </identifiers>
        <lastName>CHABOT</lastName>
        <party>R</party>
        <isOriginalCosponsor>True</isOriginalCosponsor>
        <state>OH</state>
        <sponsorshipDate>2015-09-18</sponsorshipDate>
        <district>1</district>
      </item>
      <item>
        <firstName>Keith</firstName>
        <middleName>J.</middleName>
        <bioguideId>R000598</bioguideId>
        <sponsorshipWithdrawnDate />
        <fullName>Rep. Rothfus, Keith J. [R-PA-12]</fullName>
        <identifiers>
          <bioguideId>R000598</bioguideId>
          <lisID>2158</lisID>
          <gpoId />
        </identifiers>
        <lastName>Rothfus</lastName>
        <party>R</party>
        <isOriginalCosponsor>True</isOriginalCosponsor>
        <state>PA</state>
        <sponsorshipDate>2015-09-18</sponsorshipDate>
        <district>12</district>
      </item>
      <item>
        <firstName>Andy</firstName>
        <middleName />
        <bioguideId>H001052</bioguideId>
        <sponsorshipWithdrawnDate />
        <fullName>Rep. Harris, Andy [R-MD-1]</fullName>
        <identifiers>
          <lisID>2026</lisID>
          <gpoId>7976</gpoId>
          <bioguideId>H001052</bioguideId>
        </identifiers>
        <lastName>Harris</lastName>
        <party>R</party>
        <isOriginalCosponsor>True</isOriginalCosponsor>
        <state>MD</state>
        <sponsorshipDate>2015-09-18</sponsorshipDate>
        <district>1</district>
      </item>
      <item>
        <firstName>Bill</firstName>
        <middleName />
        <bioguideId>F000461</bioguideId>
        <sponsorshipWithdrawnDate />
        <fullName>Rep. Flores, Bill [R-TX-17]</fullName>
        <identifiers>
          <lisID>2065</lisID>
          <gpoId>8173</gpoId>
          <bioguideId>F000461</bioguideId>
        </identifiers>
        <lastName>Flores</lastName>
        <party>R</party>
        <isOriginalCosponsor>True</isOriginalCosponsor>
        <state>TX</state>
        <sponsorshipDate>2015-09-18</sponsorshipDate>
        <district>17</district>
      </item>
      <item>
        <firstName>JOHN</firstName>
        <middleName>ABNEY</middleName>
        <bioguideId>C001048</bioguideId>
        <sponsorshipWithdrawnDate />
        <fullName>Rep. Culberson, John Abney [R-TX-7]</fullName>
        <identifiers>
          <lisID>1670</lisID>
          <gpoId>8163</gpoId>
          <bioguideId>C001048</bioguideId>
        </identifiers>
        <lastName>CULBERSON</lastName>
        <party>R</party>
        <isOriginalCosponsor>True</isOriginalCosponsor>
        <state>TX</state>
        <sponsorshipDate>2015-09-18</sponsorshipDate>
        <district>7</district>
      </item>
    </cosponsors>
    <relatedBills />
    <subjects>
      <billSubjects>
        <legislativeSubjects>
          <item>
            <name>Commemorative events and holidays</name>
          </item>
          <item>
            <name>Law enforcement officers</name>
          </item>
          <item>
            <name>Violent crime</name>
          </item>
        </legislativeSubjects>
        <policyArea>
          <name>Crime and Law Enforcement</name>
        </policyArea>
      </billSubjects>
    </subjects>
    <laws />
    <constitutionalAuthorityStatementText />
    <title>Calling upon the President to declare a National Day of Prayer to end targeted violence against law enforcement officers and schedule appropriate public events in support of such a day.</title>
    <recordedVotes />
    <cboCostEstimates />
    <committees>
      <billCommittees>
        <item>
          <systemCode>hsgo00</systemCode>
          <subcommittees />
          <type>Standing</type>
          <chamber>House</chamber>
          <name>Oversight and Government Reform Committee</name>
          <activities>
            <item>
              <name>Referred to</name>
              <date>2015-09-18T13:02:25Z</date>
            </item>
          </activities>
        </item>
      </billCommittees>
    </committees>
    <createDate>2015-09-19T08:48:10Z</createDate>
    <billType>HRES</billType>
    <billNumber>430</billNumber>
    <policyArea>
      <name>Crime and Law Enforcement</name>
    </policyArea>
  </bill>
  <dublinCore xmlns:dc="http://purl.org/dc/elements/1.1/">
    <dc:format>text/xml</dc:format>
    <dc:language>EN</dc:language>
    <dc:rights>Pursuant to Title 17 Section 105 of the United States Code, this file is not subject to copyright protection and is in the public domain.</dc:rights>
    <dc:contributor>Congressional Research Service, Library of Congress</dc:contributor>
    <dc:description>This file contains bill summaries and statuses for federal legislation. A bill summary describes the most significant provisions of a piece of legislation and details the effects the legislative text may have on current law and federal programs. Bill summaries are authored by the Congressional Research Service (CRS) of the Library of Congress. As stated in Public Law 91-510 (2 USC 166 (d)(6)), one of the duties of CRS is "to prepare summaries and digests of bills and resolutions of a public general nature introduced in the Senate or House of Representatives". For more information, refer to the User Guide that accompanies this file.</dc:description>
  </dublinCore>
</billStatus>

