<?xml version="1.0" encoding="UTF-8"?>
<billStatus>
  <bill>
    <congress>114</congress>
    <calendarNumbers />
    <cboCostEstimates />
    <actions>
      <item>
        <actionDate>2015-11-23</actionDate>
        <committee>
          <systemCode>hsas02</systemCode>
          <name>Military Personnel Subcommittee</name>
        </committee>
        <links />
        <sourceSystem>
          <code>1</code>
          <name>House committee actions</name>
        </sourceSystem>
        <text>Referred to the Subcommittee on Military Personnel.</text>
        <type>Committee</type>
      </item>
      <item>
        <sourceSystem>
          <code>2</code>
          <name>House floor actions</name>
        </sourceSystem>
        <type>IntroReferral</type>
        <actionDate>2015-03-04</actionDate>
        <committee>
          <systemCode>hsas00</systemCode>
          <name>Armed Services Committee</name>
        </committee>
        <text>Referred to the House Committee on Armed Services.</text>
        <actionCode>H11100</actionCode>
        <links />
      </item>
      <item>
        <sourceSystem>
          <code>9</code>
          <name>Library of Congress</name>
        </sourceSystem>
        <type>IntroReferral</type>
        <actionDate>2015-03-04</actionDate>
        <committee />
        <text>Introduced in House</text>
        <actionCode>Intro-H</actionCode>
        <links />
      </item>
      <item>
        <sourceSystem>
          <code>9</code>
          <name>Library of Congress</name>
        </sourceSystem>
        <type>IntroReferral</type>
        <actionDate>2015-03-04</actionDate>
        <committee />
        <text>Introduced in House</text>
        <actionCode>1000</actionCode>
        <links />
      </item>
      <actionByCounts>
        <houseOfRepresentatives>4</houseOfRepresentatives>
      </actionByCounts>
      <actionTypeCounts>
        <introducedInTheHouse>1</introducedInTheHouse>
        <introducedInHouse>1</introducedInHouse>
        <billReferrals>1</billReferrals>
        <placeholderTextForH>1</placeholderTextForH>
      </actionTypeCounts>
    </actions>
    <relatedBills>
      <item>
        <type>SRES</type>
        <congress>114</congress>
        <number>86</number>
        <latestAction>
          <text>Submitted in the Senate, considered, and agreed to without amendment and with a preamble by Unanimous Consent. (consideration: CR S1123-1124; text as passed Senate: CR S1122)</text>
          <actionDate>2015-02-25</actionDate>
        </latestAction>
        <relationshipDetails>
          <item>
            <type>Related bill</type>
            <identifiedBy>CRS</identifiedBy>
          </item>
        </relationshipDetails>
        <latestTitle>A resolution recognizing March 3, 2015, as the centennial of the Navy Reserve.</latestTitle>
      </item>
    </relatedBills>
    <latestAction>
      <text>Referred to the Subcommittee on Military Personnel.</text>
      <links />
      <actionDate>2015-11-23</actionDate>
    </latestAction>
    <originChamber>House</originChamber>
    <title>Recognizing and celebrating the centennial of the United States Navy Reserve.</title>
    <titles>
      <item>
        <titleType>Official Title as Introduced</titleType>
        <chamberName />
        <title>Recognizing and celebrating the centennial of the United States Navy Reserve.</title>
        <chamberCode />
        <parentTitleType />
      </item>
      <item>
        <titleType>Display Title</titleType>
        <chamberName />
        <title>Recognizing and celebrating the centennial of the United States Navy Reserve.</title>
        <chamberCode />
        <parentTitleType />
      </item>
    </titles>
    <committeeReports />
    <updateDate>2017-01-11T14:30:12Z</updateDate>
    <billType>HRES</billType>
    <recordedVotes />
    <subjects>
      <billSubjects>
        <legislativeSubjects>
          <item>
            <name>Commemorative events and holidays</name>
          </item>
          <item>
            <name>Congressional tributes</name>
          </item>
          <item>
            <name>Military history</name>
          </item>
          <item>
            <name>Military operations and strategy</name>
          </item>
          <item>
            <name>Military personnel and dependents</name>
          </item>
          <item>
            <name>National Guard and reserves</name>
          </item>
        </legislativeSubjects>
        <policyArea>
          <name>Armed Forces and National Security</name>
        </policyArea>
      </billSubjects>
    </subjects>
    <policyArea>
      <name>Armed Forces and National Security</name>
    </policyArea>
    <laws />
    <amendments />
    <committees>
      <billCommittees>
        <item>
          <name>Armed Services Committee</name>
          <activities>
            <item>
              <name>Referred to</name>
              <date>2015-03-04T15:08:30Z</date>
            </item>
          </activities>
          <subcommittees>
            <item>
              <name>Military Personnel Subcommittee</name>
              <activities>
                <item>
                  <name>Referred to</name>
                  <date>2015-11-23T15:13:49Z</date>
                </item>
              </activities>
              <systemCode>hsas02</systemCode>
            </item>
          </subcommittees>
          <chamber>House</chamber>
          <type>Standing</type>
          <systemCode>hsas00</systemCode>
        </item>
      </billCommittees>
    </committees>
    <sponsors>
      <item>
        <identifiers>
          <lisID>2089</lisID>
          <gpoId>8360</gpoId>
          <bioguideId>H001063</bioguideId>
        </identifiers>
        <state>CA</state>
        <bioguideId>H001063</bioguideId>
        <lastName>Hahn</lastName>
        <middleName />
        <party>D</party>
        <district>44</district>
        <fullName>Rep. Hahn, Janice [D-CA-44]</fullName>
        <byRequestType />
        <firstName>Janice</firstName>
      </item>
    </sponsors>
    <introducedDate>2015-03-04</introducedDate>
    <summaries>
      <billSummaries>
        <item>
          <text><![CDATA[<p>Recognizes the centennial of the Navy Reserve, its role as a component of the Armed Forces, and the role of Secretary of the Navy Josephus Daniels and future President Franklin D. Roosevelt in its establishment.</p> <p>Honors the service of Navy Reserve members who protect the United States and commends their efforts in supporting the Navy, Marine Corps, and Joint Force.</p>]]></text>
          <lastSummaryUpdateDate>2015-03-17T14:36:20Z</lastSummaryUpdateDate>
          <actionDesc>Introduced in House</actionDesc>
          <versionCode>00</versionCode>
          <updateDate>2015-03-04T05:00:00Z</updateDate>
          <name>Introduced in House</name>
          <actionDate>2015-03-04</actionDate>
        </item>
      </billSummaries>
    </summaries>
    <notes />
    <createDate>2015-03-05T05:59:23Z</createDate>
    <billNumber>144</billNumber>
    <cosponsors />
    <constitutionalAuthorityStatementText />
  </bill>
  <dublinCore xmlns:dc="http://purl.org/dc/elements/1.1/">
    <dc:format>text/xml</dc:format>
    <dc:language>EN</dc:language>
    <dc:rights>Pursuant to Title 17 Section 105 of the United States Code, this file is not subject to copyright protection and is in the public domain.</dc:rights>
    <dc:contributor>Congressional Research Service, Library of Congress</dc:contributor>
    <dc:description>This file contains bill summaries and statuses for federal legislation. A bill summary describes the most significant provisions of a piece of legislation and details the effects the legislative text may have on current law and federal programs. Bill summaries are authored by the Congressional Research Service (CRS) of the Library of Congress. As stated in Public Law 91-510 (2 USC 166 (d)(6)), one of the duties of CRS is "to prepare summaries and digests of bills and resolutions of a public general nature introduced in the Senate or House of Representatives". For more information, refer to the User Guide that accompanies this file.</dc:description>
  </dublinCore>
</billStatus>

