<?xml version="1.0" encoding="UTF-8"?>
<billStatus>
  <bill>
    <actions>
      <actionByCounts>
        <houseOfRepresentatives>4</houseOfRepresentatives>
      </actionByCounts>
      <actionTypeCounts>
        <introducedInTheHouse>1</introducedInTheHouse>
        <introducedInHouse>1</introducedInHouse>
        <billReferrals>1</billReferrals>
        <placeholderTextForH>1</placeholderTextForH>
      </actionTypeCounts>
      <item>
        <actionDate>2015-04-08</actionDate>
        <committee>
          <systemCode>hsag03</systemCode>
          <name>Nutrition Subcommittee</name>
        </committee>
        <links />
        <sourceSystem>
          <name>House committee actions</name>
          <code>1</code>
        </sourceSystem>
        <text>Referred to the Subcommittee on Nutrition.</text>
        <type>Committee</type>
      </item>
      <item>
        <type>IntroReferral</type>
        <text>Referred to the House Committee on Agriculture.</text>
        <actionCode>H11100</actionCode>
        <sourceSystem>
          <name>House floor actions</name>
          <code>2</code>
        </sourceSystem>
        <links />
        <committee>
          <systemCode>hsag00</systemCode>
          <name>Agriculture Committee</name>
        </committee>
        <actionDate>2015-03-24</actionDate>
      </item>
      <item>
        <type>IntroReferral</type>
        <text>Introduced in House</text>
        <actionCode>Intro-H</actionCode>
        <sourceSystem>
          <name>Library of Congress</name>
          <code>9</code>
        </sourceSystem>
        <links />
        <committee />
        <actionDate>2015-03-24</actionDate>
      </item>
      <item>
        <type>IntroReferral</type>
        <text>Introduced in House</text>
        <actionCode>1000</actionCode>
        <sourceSystem>
          <name>Library of Congress</name>
          <code>9</code>
        </sourceSystem>
        <links />
        <committee />
        <actionDate>2015-03-24</actionDate>
      </item>
    </actions>
    <amendments />
    <updateDate>2017-01-11T14:30:18Z</updateDate>
    <titles>
      <item>
        <chamberName />
        <title>Recognizing the National Association of Letter Carriers' One Day Food Drive.</title>
        <chamberCode />
        <titleType>Official Title as Introduced</titleType>
        <parentTitleType />
      </item>
      <item>
        <chamberName />
        <title>Recognizing the National Association of Letter Carriers' One Day Food Drive.</title>
        <chamberCode />
        <titleType>Display Title</titleType>
        <parentTitleType />
      </item>
    </titles>
    <notes />
    <originChamber>House</originChamber>
    <committeeReports />
    <introducedDate>2015-03-24</introducedDate>
    <sponsors>
      <item>
        <middleName>J.</middleName>
        <firstName>PATRICK</firstName>
        <bioguideId>T000462</bioguideId>
        <district>12</district>
        <byRequestType />
        <state>OH</state>
        <identifiers>
          <lisID>1664</lisID>
          <gpoId>8102</gpoId>
          <bioguideId>T000462</bioguideId>
        </identifiers>
        <party>R</party>
        <lastName>TIBERI</lastName>
        <fullName>Rep. Tiberi, Patrick J. [R-OH-12]</fullName>
      </item>
    </sponsors>
    <summaries>
      <billSummaries>
        <item>
          <text><![CDATA[<p>Recognizes the National Association of Letter Carriers' One-Day Food Drive, and honors the Association for their community service and philanthropic efforts.</p>]]></text>
          <actionDesc>Introduced in House</actionDesc>
          <name>Introduced in House</name>
          <versionCode>00</versionCode>
          <actionDate>2015-03-24</actionDate>
          <lastSummaryUpdateDate>2015-03-25T21:46:42Z</lastSummaryUpdateDate>
          <updateDate>2015-03-24T04:00:00Z</updateDate>
        </item>
      </billSummaries>
    </summaries>
    <calendarNumbers />
    <latestAction>
      <actionDate>2015-04-08</actionDate>
      <links />
      <text>Referred to the Subcommittee on Nutrition.</text>
    </latestAction>
    <congress>114</congress>
    <cosponsors>
      <item>
        <bioguideId>B001281</bioguideId>
        <firstName>Joyce</firstName>
        <party>D</party>
        <lastName>Beatty</lastName>
        <sponsorshipDate>2015-03-24</sponsorshipDate>
        <middleName />
        <state>OH</state>
        <district>3</district>
        <isOriginalCosponsor>True</isOriginalCosponsor>
        <sponsorshipWithdrawnDate />
        <identifiers>
          <lisID>2153</lisID>
          <gpoId />
          <bioguideId>B001281</bioguideId>
        </identifiers>
        <fullName>Rep. Beatty, Joyce [D-OH-3]</fullName>
      </item>
      <item>
        <bioguideId>C000266</bioguideId>
        <firstName>STEVE</firstName>
        <party>R</party>
        <lastName>CHABOT</lastName>
        <sponsorshipDate>2015-03-24</sponsorshipDate>
        <middleName />
        <state>OH</state>
        <district>1</district>
        <isOriginalCosponsor>True</isOriginalCosponsor>
        <sponsorshipWithdrawnDate />
        <identifiers>
          <gpoId>8091</gpoId>
          <bioguideId>C000266</bioguideId>
          <lisID>186</lisID>
        </identifiers>
        <fullName>Rep. Chabot, Steve [R-OH-1]</fullName>
      </item>
      <item>
        <bioguideId>K000009</bioguideId>
        <firstName>MARCY</firstName>
        <party>D</party>
        <lastName>KAPTUR</lastName>
        <sponsorshipDate>2015-03-24</sponsorshipDate>
        <middleName />
        <state>OH</state>
        <district>9</district>
        <isOriginalCosponsor>True</isOriginalCosponsor>
        <sponsorshipWithdrawnDate />
        <identifiers>
          <gpoId>8099</gpoId>
          <bioguideId>K000009</bioguideId>
          <lisID>616</lisID>
        </identifiers>
        <fullName>Rep. Kaptur, Marcy [D-OH-9]</fullName>
      </item>
      <item>
        <bioguideId>J000295</bioguideId>
        <firstName>David</firstName>
        <party>R</party>
        <lastName>Joyce</lastName>
        <sponsorshipDate>2015-03-24</sponsorshipDate>
        <middleName>P.</middleName>
        <state>OH</state>
        <district>14</district>
        <isOriginalCosponsor>True</isOriginalCosponsor>
        <sponsorshipWithdrawnDate />
        <identifiers>
          <lisID>2154</lisID>
          <gpoId />
          <bioguideId>J000295</bioguideId>
        </identifiers>
        <fullName>Rep. Joyce, David P. [R-OH-14]</fullName>
      </item>
      <item>
        <bioguideId>R000577</bioguideId>
        <firstName>TIM</firstName>
        <party>D</party>
        <lastName>RYAN</lastName>
        <sponsorshipDate>2015-03-24</sponsorshipDate>
        <middleName />
        <state>OH</state>
        <district>13</district>
        <isOriginalCosponsor>True</isOriginalCosponsor>
        <sponsorshipWithdrawnDate />
        <identifiers>
          <lisID>1756</lisID>
          <gpoId>8107</gpoId>
          <bioguideId>R000577</bioguideId>
        </identifiers>
        <fullName>Rep. Ryan, Tim [D-OH-13]</fullName>
      </item>
    </cosponsors>
    <relatedBills />
    <subjects>
      <billSubjects>
        <legislativeSubjects>
          <item>
            <name>Congressional tributes</name>
          </item>
          <item>
            <name>Food assistance and relief</name>
          </item>
          <item>
            <name>Postal service</name>
          </item>
          <item>
            <name>Social work, volunteer service, charitable organizations</name>
          </item>
        </legislativeSubjects>
        <policyArea>
          <name>Agriculture and Food</name>
        </policyArea>
      </billSubjects>
    </subjects>
    <laws />
    <constitutionalAuthorityStatementText />
    <title>Recognizing the National Association of Letter Carriers' One Day Food Drive.</title>
    <recordedVotes />
    <cboCostEstimates />
    <committees>
      <billCommittees>
        <item>
          <chamber>House</chamber>
          <type>Standing</type>
          <name>Agriculture Committee</name>
          <activities>
            <item>
              <name>Referred to</name>
              <date>2015-03-24T13:06:25Z</date>
            </item>
          </activities>
          <subcommittees>
            <item>
              <name>Nutrition Subcommittee</name>
              <systemCode>hsag03</systemCode>
              <activities>
                <item>
                  <name>Referred to</name>
                  <date>2015-04-08T19:02:26Z</date>
                </item>
              </activities>
            </item>
          </subcommittees>
          <systemCode>hsag00</systemCode>
        </item>
      </billCommittees>
    </committees>
    <createDate>2015-03-25T08:45:42Z</createDate>
    <billType>HRES</billType>
    <billNumber>170</billNumber>
    <policyArea>
      <name>Agriculture and Food</name>
    </policyArea>
  </bill>
  <dublinCore xmlns:dc="http://purl.org/dc/elements/1.1/">
    <dc:format>text/xml</dc:format>
    <dc:language>EN</dc:language>
    <dc:rights>Pursuant to Title 17 Section 105 of the United States Code, this file is not subject to copyright protection and is in the public domain.</dc:rights>
    <dc:contributor>Congressional Research Service, Library of Congress</dc:contributor>
    <dc:description>This file contains bill summaries and statuses for federal legislation. A bill summary describes the most significant provisions of a piece of legislation and details the effects the legislative text may have on current law and federal programs. Bill summaries are authored by the Congressional Research Service (CRS) of the Library of Congress. As stated in Public Law 91-510 (2 USC 166 (d)(6)), one of the duties of CRS is "to prepare summaries and digests of bills and resolutions of a public general nature introduced in the Senate or House of Representatives". For more information, refer to the User Guide that accompanies this file.</dc:description>
  </dublinCore>
</billStatus>

