<?xml version="1.0" encoding="UTF-8"?>
<billStatus>
  <bill>
    <congress>114</congress>
    <billNumber>512</billNumber>
    <cosponsors />
    <subjects>
      <billSubjects>
        <policyArea>
          <name>Congress</name>
        </policyArea>
        <legislativeSubjects>
          <item>
            <name>House of Representatives</name>
          </item>
          <item>
            <name>Legislative rules and procedure</name>
          </item>
        </legislativeSubjects>
      </billSubjects>
    </subjects>
    <relatedBills>
      <item>
        <congress>114</congress>
        <number>507</number>
        <latestAction>
          <text>Motion to reconsider laid on the table Agreed to without objection.</text>
          <actionTime>14:20:14</actionTime>
          <actionDate>2015-11-03</actionDate>
        </latestAction>
        <type>HRES</type>
        <relationshipDetails>
          <item>
            <type>Related bill</type>
            <identifiedBy>CRS</identifiedBy>
          </item>
          <item>
            <type>Related bill</type>
            <identifiedBy>House</identifiedBy>
          </item>
        </relationshipDetails>
        <latestTitle>Providing for consideration of the Senate amendments to the bill (H.R. 22) to amend the Internal Revenue Code of 1986 to exempt employees with health coverage under TRICARE or the Veterans Administration from being taken into account for purposes of determining the employers to which the employer mandate applies under the Patient Protection and Affordable Care Act; providing for proceedings during the period from November 6, 2015, through November 13, 2015; and providing for consideration of motions to suspend the rules.</latestTitle>
      </item>
      <item>
        <congress>114</congress>
        <number>22</number>
        <latestAction>
          <text>Became Public Law No: 114-94.</text>
          <actionDate>2015-12-04</actionDate>
        </latestAction>
        <type>HR</type>
        <relationshipDetails>
          <item>
            <type>Procedurally-related</type>
            <identifiedBy>House</identifiedBy>
          </item>
        </relationshipDetails>
        <latestTitle>FAST Act</latestTitle>
      </item>
    </relatedBills>
    <constitutionalAuthorityStatementText />
    <updateDate>2017-01-11T14:31:53Z</updateDate>
    <actions>
      <actionByCounts>
        <houseOfRepresentatives>14</houseOfRepresentatives>
      </actionByCounts>
      <actionTypeCounts>
        <reportedToHouse>1</reportedToHouse>
        <motionForPreviousQuestion>1</motionForPreviousQuestion>
        <passageOfAMeasure>1</passageOfAMeasure>
        <passedAgreedToInHouse>1</passedAgreedToInHouse>
        <considerationByHouse>2</considerationByHouse>
        <provisionsOfARule>1</provisionsOfARule>
        <generalDebate>3</generalDebate>
        <introducedInHouse>1</introducedInHouse>
        <houseCalendarAssignment>1</houseCalendarAssignment>
        <motionToReconsiderResults>1</motionToReconsiderResults>
        <committeeReportOfAnOriginalMeasure>1</committeeReportOfAnOriginalMeasure>
      </actionTypeCounts>
      <item>
        <type>Floor</type>
        <actionTime>14:52:10</actionTime>
        <text>ORDER OF BUSINESS - Mr. Woodall asked unanimous consent that during further consideration of the Senate amendments to H.R. 22, pursuant to H.Res. 512, amendment number 23 printed in part B of House Report 114-326 may be considered as though printed immediately following amendment number 9 in part B of such report. Agreed to without objection.</text>
        <actionCode>H8D000</actionCode>
        <sourceSystem>
          <name>House floor actions</name>
          <code>2</code>
        </sourceSystem>
        <links>
          <link>
            <url>https://www.congress.gov/bill/114th-congress/house-bill/22</url>
            <name>H.R. 22</name>
          </link>
          <link>
            <url>https://www.congress.gov/bill/114th-congress/house-resolution/512</url>
            <name>H.Res. 512</name>
          </link>
        </links>
        <committee />
        <actionDate>2015-11-04</actionDate>
      </item>
      <item>
        <type>Floor</type>
        <actionTime>14:52:08</actionTime>
        <text>Motion to reconsider laid on the table Agreed to without objection.</text>
        <actionCode>H38310</actionCode>
        <sourceSystem>
          <name>House floor actions</name>
          <code>2</code>
        </sourceSystem>
        <links />
        <committee />
        <actionDate>2015-11-04</actionDate>
      </item>
      <item>
        <type>Floor</type>
        <actionTime>14:52:07</actionTime>
        <text>On agreeing to the resolution Agreed to by recorded vote: 243 - 183 (Roll no. 598). (text: CR H7641)</text>
        <actionCode>H37100</actionCode>
        <sourceSystem>
          <name>House floor actions</name>
          <code>2</code>
        </sourceSystem>
        <links>
          <link>
            <url>https://www.congress.gov/congressional-record/volume-161/house-section/page/H7641</url>
            <name>H7641</name>
          </link>
          <link>
            <url>http://clerk.house.gov/evs/2015/roll598.xml</url>
            <name>Roll no. 598</name>
          </link>
        </links>
        <committee />
        <actionDate>2015-11-04</actionDate>
      </item>
      <item>
        <type>Floor</type>
        <actionTime>14:52:07</actionTime>
        <text>Passed/agreed to in House: On agreeing to the resolution Agreed to by recorded vote: 243 - 183 (Roll no. 598).(text: CR H7641)</text>
        <actionCode>8000</actionCode>
        <sourceSystem>
          <name>Library of Congress</name>
          <code>9</code>
        </sourceSystem>
        <links>
          <link>
            <url>https://www.congress.gov/congressional-record/volume-161/house-section/page/H7641</url>
            <name>H7641</name>
          </link>
          <link>
            <url>http://clerk.house.gov/evs/2015/roll598.xml</url>
            <name>Roll no. 598</name>
          </link>
        </links>
        <committee />
        <actionDate>2015-11-04</actionDate>
      </item>
      <item>
        <type>Floor</type>
        <actionTime>14:45:32</actionTime>
        <text>On ordering the previous question Agreed to by the Yeas and Nays: 241 - 183 (Roll no. 597). (consideration: CR H7653)</text>
        <actionCode>H35000</actionCode>
        <sourceSystem>
          <name>House floor actions</name>
          <code>2</code>
        </sourceSystem>
        <links>
          <link>
            <url>https://www.congress.gov/congressional-record/volume-161/house-section/page/H7653</url>
            <name>H7653</name>
          </link>
          <link>
            <url>http://clerk.house.gov/evs/2015/roll597.xml</url>
            <name>Roll no. 597</name>
          </link>
        </links>
        <committee />
        <actionDate>2015-11-04</actionDate>
      </item>
      <item>
        <type>Floor</type>
        <actionTime>14:38:50</actionTime>
        <text>Considered as unfinished business. (consideration: CR H7654-7686, H7686-7740)</text>
        <actionCode>H30000</actionCode>
        <sourceSystem>
          <name>House floor actions</name>
          <code>2</code>
        </sourceSystem>
        <links>
          <link>
            <url>https://www.congress.gov/congressional-record/volume-161/house-section/page/H7654-7686</url>
            <name>H7654-7686</name>
          </link>
          <link>
            <url>https://www.congress.gov/congressional-record/volume-161/house-section/page/H7686-7740</url>
            <name>H7686-7740</name>
          </link>
        </links>
        <committee />
        <actionDate>2015-11-04</actionDate>
      </item>
      <item>
        <type>Floor</type>
        <actionTime>13:55:50</actionTime>
        <text>POSTPONED PROCEEDINGS - At the conclusion of debate on H.Res. 512, the Chair put the question on ordering the previous question, and by voice vote, announced that the ayes had prevailed. Mr. Polis demanded the yeas and nays and the Chair postponed further proceedings on ordering the previous question until a time to be announced.</text>
        <actionCode>H8D000</actionCode>
        <sourceSystem>
          <name>House floor actions</name>
          <code>2</code>
        </sourceSystem>
        <links>
          <link>
            <url>https://www.congress.gov/bill/114th-congress/house-resolution/512</url>
            <name>H.Res. 512</name>
          </link>
        </links>
        <committee />
        <actionDate>2015-11-04</actionDate>
      </item>
      <item>
        <type>Floor</type>
        <actionTime>12:48:00</actionTime>
        <text>DEBATE - The House proceeded with one hour of debate on H. Res. 512.</text>
        <actionCode>H8D000</actionCode>
        <sourceSystem>
          <name>House floor actions</name>
          <code>2</code>
        </sourceSystem>
        <links>
          <link>
            <url>https://www.congress.gov/bill/114th-congress/house-resolution/512</url>
            <name>H. Res. 512</name>
          </link>
        </links>
        <committee />
        <actionDate>2015-11-04</actionDate>
      </item>
      <item>
        <type>Floor</type>
        <actionTime>12:42:45</actionTime>
        <text>Considered as privileged matter. (consideration: CR H7641-7650)</text>
        <actionCode>H30000</actionCode>
        <sourceSystem>
          <name>House floor actions</name>
          <code>2</code>
        </sourceSystem>
        <links>
          <link>
            <url>https://www.congress.gov/congressional-record/volume-161/house-section/page/H7641-7650</url>
            <name>H7641-7650</name>
          </link>
        </links>
        <committee />
        <actionDate>2015-11-04</actionDate>
      </item>
      <item>
        <type>Calendars</type>
        <text>Placed on the House Calendar, Calendar No. 72.</text>
        <actionCode>H12420</actionCode>
        <sourceSystem>
          <name>House floor actions</name>
          <code>2</code>
        </sourceSystem>
        <links />
        <committee />
        <actionDate>2015-11-03</actionDate>
      </item>
      <item>
        <type>Floor</type>
        <actionTime>23:35:14</actionTime>
        <text>Resolution provides for consideration of further amendments to the Senate amendments to H.R. 22.</text>
        <actionCode>H12700</actionCode>
        <sourceSystem>
          <name>House floor actions</name>
          <code>2</code>
        </sourceSystem>
        <links>
          <link>
            <url>https://www.congress.gov/bill/114th-congress/house-bill/22</url>
            <name>H.R. 22</name>
          </link>
        </links>
        <committee />
        <actionDate>2015-11-03</actionDate>
      </item>
      <item>
        <type>Committee</type>
        <text>The House Committee on Rules reported an original measure, H. Rept. 114-326, by Mr. Woodall.</text>
        <actionCode>H12100</actionCode>
        <sourceSystem>
          <name>House floor actions</name>
          <code>2</code>
        </sourceSystem>
        <links>
          <link>
            <url>https://www.congress.gov/congressional-report/114th-congress/house-report/326</url>
            <name>H. Rept. 114-326</name>
          </link>
        </links>
        <committee>
          <systemCode>hsru00</systemCode>
          <name>Rules Committee</name>
        </committee>
        <actionDate>2015-11-03</actionDate>
      </item>
      <item>
        <type>Committee</type>
        <text>The House Committee on Rules reported an original measure, H. Rept. 114-326, by Mr. Woodall.</text>
        <actionCode>5000</actionCode>
        <sourceSystem>
          <name>Library of Congress</name>
          <code>9</code>
        </sourceSystem>
        <links>
          <link>
            <url>https://www.congress.gov/congressional-report/114th-congress/house-report/326</url>
            <name>H. Rept. 114-326</name>
          </link>
        </links>
        <committee>
          <systemCode>hsru00</systemCode>
          <name>Rules Committee</name>
        </committee>
        <actionDate>2015-11-03</actionDate>
      </item>
      <item>
        <type>IntroReferral</type>
        <text>Introduced in House</text>
        <actionCode>1000</actionCode>
        <sourceSystem>
          <name>Library of Congress</name>
          <code>9</code>
        </sourceSystem>
        <links />
        <committee />
        <actionDate>2015-11-03</actionDate>
      </item>
    </actions>
    <summaries>
      <billSummaries>
        <item>
          <lastSummaryUpdateDate>2015-11-06T19:16:37Z</lastSummaryUpdateDate>
          <updateDate>2015-11-03T15:17:17Z</updateDate>
          <name>Introduced in House</name>
          <actionDate>2015-11-03</actionDate>
          <text><![CDATA[<p>Sets forth the rule for consideration of the Senate amendment to H.R. 22 (Developing a Reliable and Innovative Vision for the Economy Act [DRIVE Act]).</p>]]></text>
          <actionDesc>Introduced in House</actionDesc>
          <versionCode>00</versionCode>
        </item>
      </billSummaries>
    </summaries>
    <billType>HRES</billType>
    <committeeReports>
      <committeeReport>
        <citation>H. Rept. 114-326</citation>
      </committeeReport>
    </committeeReports>
    <originChamber>House</originChamber>
    <notes />
    <policyArea>
      <name>Congress</name>
    </policyArea>
    <title>Providing for further consideration of the Senate amendments to the bill (H.R. 22) to amend the Internal Revenue Code of 1986 to exempt employees with health coverage under TRICARE or the Veterans Administration from being taken into account for purposes of determining the employers to which the employer mandate applies under the Patient Protection and Affordable Care Act.</title>
    <createDate>2015-11-04T09:47:05Z</createDate>
    <sponsors>
      <item>
        <lastName>Woodall</lastName>
        <identifiers>
          <lisID>2008</lisID>
          <gpoId>7904</gpoId>
          <bioguideId>W000810</bioguideId>
        </identifiers>
        <byRequestType />
        <middleName />
        <state>GA</state>
        <firstName>Rob</firstName>
        <party>R</party>
        <fullName>Rep. Woodall, Rob [R-GA-7]</fullName>
        <district>7</district>
        <bioguideId>W000810</bioguideId>
      </item>
    </sponsors>
    <committees>
      <billCommittees>
        <item>
          <chamber>House</chamber>
          <systemCode>hsru00</systemCode>
          <type>Standing</type>
          <name>Rules Committee</name>
          <activities>
            <item>
              <name>Reported original measure</name>
              <date>2015-11-04T04:35:13Z</date>
            </item>
          </activities>
          <subcommittees />
        </item>
      </billCommittees>
    </committees>
    <titles>
      <item>
        <chamberName />
        <title>Providing for further consideration of the Senate amendments to the bill (H.R. 22) to amend the Internal Revenue Code of 1986 to exempt employees with health coverage under TRICARE or the Veterans Administration from being taken into account for purposes of determining the employers to which the employer mandate applies under the Patient Protection and Affordable Care Act.</title>
        <chamberCode />
        <titleType>Official Title as Introduced</titleType>
        <parentTitleType />
      </item>
      <item>
        <chamberName />
        <title>Providing for further consideration of the Senate amendments to the bill (H.R. 22) to amend the Internal Revenue Code of 1986 to exempt employees with health coverage under TRICARE or the Veterans Administration from being taken into account for purposes of determining the employers to which the employer mandate applies under the Patient Protection and Affordable Care Act.</title>
        <chamberCode />
        <titleType>Display Title</titleType>
        <parentTitleType />
      </item>
    </titles>
    <recordedVotes>
      <recordedVote>
        <congress>114</congress>
        <chamber>House</chamber>
        <rollNumber>598</rollNumber>
        <fullActionName>Passage of a Measure</fullActionName>
        <url>http://clerk.house.gov/evs/2015/roll598.xml</url>
        <date>2015-11-04T19:52:07Z</date>
        <sessionNumber>1</sessionNumber>
      </recordedVote>
      <recordedVote>
        <congress>114</congress>
        <chamber>House</chamber>
        <rollNumber>597</rollNumber>
        <fullActionName>Motion for Previous Question</fullActionName>
        <url>http://clerk.house.gov/evs/2015/roll597.xml</url>
        <date>2015-11-04T19:45:32Z</date>
        <sessionNumber>1</sessionNumber>
      </recordedVote>
    </recordedVotes>
    <cboCostEstimates />
    <laws />
    <latestAction>
      <links />
      <text>ORDER OF BUSINESS - Mr. Woodall asked unanimous consent that during further consideration of the Senate amendments to H.R. 22, pursuant to H.Res. 512, amendment number 23 printed in part B of House Report 114-326 may be considered as though printed immediately following amendment number 9 in part B of such report. Agreed to without objection.</text>
      <actionDate>2015-11-04</actionDate>
      <actionTime>14:52:10</actionTime>
    </latestAction>
    <calendarNumbers>
      <item>
        <calendar>H00072</calendar>
        <number />
      </item>
    </calendarNumbers>
    <introducedDate>2015-11-03</introducedDate>
    <amendments />
  </bill>
  <dublinCore xmlns:dc="http://purl.org/dc/elements/1.1/">
    <dc:format>text/xml</dc:format>
    <dc:language>EN</dc:language>
    <dc:rights>Pursuant to Title 17 Section 105 of the United States Code, this file is not subject to copyright protection and is in the public domain.</dc:rights>
    <dc:contributor>Congressional Research Service, Library of Congress</dc:contributor>
    <dc:description>This file contains bill summaries and statuses for federal legislation. A bill summary describes the most significant provisions of a piece of legislation and details the effects the legislative text may have on current law and federal programs. Bill summaries are authored by the Congressional Research Service (CRS) of the Library of Congress. As stated in Public Law 91-510 (2 USC 166 (d)(6)), one of the duties of CRS is "to prepare summaries and digests of bills and resolutions of a public general nature introduced in the Senate or House of Representatives". For more information, refer to the User Guide that accompanies this file.</dc:description>
  </dublinCore>
</billStatus>

