<?xml version="1.0" encoding="UTF-8"?>
<billStatus>
  <bill>
    <congress>114</congress>
    <calendarNumbers />
    <cboCostEstimates />
    <actions>
      <actionByCounts>
        <houseOfRepresentatives>4</houseOfRepresentatives>
      </actionByCounts>
      <actionTypeCounts>
        <introducedInTheHouse>1</introducedInTheHouse>
        <introducedInHouse>1</introducedInHouse>
        <billReferrals>1</billReferrals>
        <placeholderTextForH>1</placeholderTextForH>
      </actionTypeCounts>
      <item>
        <actionDate>2015-12-04</actionDate>
        <committee>
          <systemCode>hsju10</systemCode>
          <name>Constitution and Civil Justice Subcommittee</name>
        </committee>
        <links />
        <sourceSystem>
          <name>House committee actions</name>
          <code>1</code>
        </sourceSystem>
        <text>Referred to the Subcommittee on the Constitution and Civil Justice.</text>
        <type>Committee</type>
      </item>
      <item>
        <type>IntroReferral</type>
        <text>Referred to the House Committee on the Judiciary.</text>
        <actionCode>H11100</actionCode>
        <sourceSystem>
          <name>House floor actions</name>
          <code>2</code>
        </sourceSystem>
        <links />
        <committee>
          <systemCode>hsju00</systemCode>
          <name>Judiciary Committee</name>
        </committee>
        <actionDate>2015-11-04</actionDate>
      </item>
      <item>
        <type>IntroReferral</type>
        <text>Introduced in House</text>
        <actionCode>Intro-H</actionCode>
        <sourceSystem>
          <name>Library of Congress</name>
          <code>9</code>
        </sourceSystem>
        <links />
        <committee />
        <actionDate>2015-11-04</actionDate>
      </item>
      <item>
        <type>IntroReferral</type>
        <text>Introduced in House</text>
        <actionCode>1000</actionCode>
        <sourceSystem>
          <name>Library of Congress</name>
          <code>9</code>
        </sourceSystem>
        <links />
        <committee />
        <actionDate>2015-11-04</actionDate>
      </item>
    </actions>
    <relatedBills />
    <latestAction>
      <text>Referred to the Subcommittee on the Constitution and Civil Justice.</text>
      <links />
      <actionDate>2015-12-04</actionDate>
    </latestAction>
    <originChamber>House</originChamber>
    <title>Protecting Religious Freedom in America.</title>
    <titles>
      <item>
        <title>Protecting Religious Freedom in America.</title>
        <parentTitleType />
        <chamberName />
        <titleType>Official Title as Introduced</titleType>
        <chamberCode />
      </item>
      <item>
        <title>Protecting Religious Freedom in America.</title>
        <parentTitleType />
        <chamberName />
        <titleType>Display Title</titleType>
        <chamberCode />
      </item>
    </titles>
    <committeeReports />
    <updateDate>2017-01-11T14:31:54Z</updateDate>
    <billType>HRES</billType>
    <recordedVotes />
    <subjects>
      <billSubjects>
        <legislativeSubjects>
          <item>
            <name>First Amendment rights</name>
          </item>
          <item>
            <name>Religion</name>
          </item>
          <item>
            <name>State and local government operations</name>
          </item>
        </legislativeSubjects>
        <policyArea>
          <name>Civil Rights and Liberties, Minority Issues</name>
        </policyArea>
      </billSubjects>
    </subjects>
    <policyArea>
      <name>Civil Rights and Liberties, Minority Issues</name>
    </policyArea>
    <laws />
    <amendments />
    <committees>
      <billCommittees>
        <item>
          <chamber>House</chamber>
          <subcommittees>
            <item>
              <systemCode>hsju10</systemCode>
              <name>Constitution and Civil Justice Subcommittee</name>
              <activities>
                <item>
                  <name>Referred to</name>
                  <date>2015-12-04T17:26:01Z</date>
                </item>
              </activities>
            </item>
          </subcommittees>
          <type>Standing</type>
          <name>Judiciary Committee</name>
          <activities>
            <item>
              <name>Referred to</name>
              <date>2015-11-04T15:01:20Z</date>
            </item>
          </activities>
          <systemCode>hsju00</systemCode>
        </item>
      </billCommittees>
    </committees>
    <sponsors>
      <item>
        <identifiers>
          <lisID>2277</lisID>
          <gpoId />
          <bioguideId>M001195</bioguideId>
        </identifiers>
        <state>WV</state>
        <bioguideId>M001195</bioguideId>
        <lastName>Mooney</lastName>
        <middleName>X.</middleName>
        <party>R</party>
        <district>2</district>
        <fullName>Rep. Mooney, Alexander X. [R-WV-2]</fullName>
        <byRequestType />
        <firstName>Alexander</firstName>
      </item>
    </sponsors>
    <introducedDate>2015-11-04</introducedDate>
    <summaries>
      <billSummaries>
        <item>
          <actionDesc>Introduced in House</actionDesc>
          <text><![CDATA[<p>Expresses the sense of the House of Representatives that the U.S. Government: (1) should not infringe upon the ability of American citizens to act in accordance with their sincerely held religious beliefs, and (2) condemns any behavior by the states that limits the ability of individuals to express such beliefs.</p>]]></text>
          <versionCode>00</versionCode>
          <lastSummaryUpdateDate>2015-11-18T22:21:35Z</lastSummaryUpdateDate>
          <updateDate>2015-11-04T05:00:00Z</updateDate>
          <actionDate>2015-11-04</actionDate>
          <name>Introduced in House</name>
        </item>
      </billSummaries>
    </summaries>
    <notes />
    <createDate>2015-11-05T10:11:52Z</createDate>
    <billNumber>514</billNumber>
    <cosponsors>
      <item>
        <sponsorshipWithdrawnDate />
        <lastName>Rogers</lastName>
        <state>AL</state>
        <middleName />
        <sponsorshipDate>2015-11-04</sponsorshipDate>
        <identifiers>
          <lisID>1704</lisID>
          <gpoId>7788</gpoId>
          <bioguideId>R000575</bioguideId>
        </identifiers>
        <isOriginalCosponsor>True</isOriginalCosponsor>
        <party>R</party>
        <bioguideId>R000575</bioguideId>
        <firstName>Mike</firstName>
        <fullName>Rep. Rogers, Mike D. [R-AL-3]</fullName>
        <district>3</district>
      </item>
      <item>
        <sponsorshipWithdrawnDate />
        <lastName>Meadows</lastName>
        <state>NC</state>
        <middleName />
        <sponsorshipDate>2015-11-04</sponsorshipDate>
        <identifiers>
          <lisID>2142</lisID>
          <gpoId />
          <bioguideId>M001187</bioguideId>
        </identifiers>
        <isOriginalCosponsor>True</isOriginalCosponsor>
        <party>R</party>
        <bioguideId>M001187</bioguideId>
        <firstName>Mark</firstName>
        <fullName>Rep. Meadows, Mark [R-NC-11]</fullName>
        <district>11</district>
      </item>
      <item>
        <sponsorshipWithdrawnDate />
        <lastName>Moolenaar</lastName>
        <state>MI</state>
        <middleName>R.</middleName>
        <sponsorshipDate>2015-11-04</sponsorshipDate>
        <identifiers>
          <bioguideId>M001194</bioguideId>
          <gpoId />
          <lisID>2248</lisID>
        </identifiers>
        <isOriginalCosponsor>True</isOriginalCosponsor>
        <party>R</party>
        <bioguideId>M001194</bioguideId>
        <firstName>John</firstName>
        <fullName>Rep. Moolenaar, John R. [R-MI-4]</fullName>
        <district>4</district>
      </item>
      <item>
        <sponsorshipWithdrawnDate />
        <lastName>Duncan</lastName>
        <state>SC</state>
        <middleName />
        <sponsorshipDate>2015-11-04</sponsorshipDate>
        <identifiers>
          <bioguideId>D000615</bioguideId>
          <lisID>2057</lisID>
          <gpoId>8143</gpoId>
        </identifiers>
        <isOriginalCosponsor>True</isOriginalCosponsor>
        <party>R</party>
        <bioguideId>D000615</bioguideId>
        <firstName>Jeff</firstName>
        <fullName>Rep. Duncan, Jeff [R-SC-3]</fullName>
        <district>3</district>
      </item>
      <item>
        <sponsorshipWithdrawnDate />
        <lastName>Loudermilk</lastName>
        <state>GA</state>
        <middleName />
        <sponsorshipDate>2015-11-04</sponsorshipDate>
        <identifiers>
          <gpoId />
          <bioguideId>L000583</bioguideId>
          <lisID>2238</lisID>
        </identifiers>
        <isOriginalCosponsor>True</isOriginalCosponsor>
        <party>R</party>
        <bioguideId>L000583</bioguideId>
        <firstName>Barry</firstName>
        <fullName>Rep. Loudermilk, Barry [R-GA-11]</fullName>
        <district>11</district>
      </item>
      <item>
        <sponsorshipWithdrawnDate />
        <lastName>Weber</lastName>
        <state>TX</state>
        <middleName>K.</middleName>
        <sponsorshipDate>2015-11-04</sponsorshipDate>
        <identifiers>
          <bioguideId>W000814</bioguideId>
          <gpoId />
          <lisID>2161</lisID>
        </identifiers>
        <isOriginalCosponsor>True</isOriginalCosponsor>
        <party>R</party>
        <bioguideId>W000814</bioguideId>
        <firstName>Randy</firstName>
        <fullName>Rep. Weber, Randy K., Sr. [R-TX-14]</fullName>
        <district>14</district>
      </item>
      <item>
        <sponsorshipWithdrawnDate />
        <lastName>Cramer</lastName>
        <state>ND</state>
        <middleName />
        <sponsorshipDate>2015-11-04</sponsorshipDate>
        <identifiers>
          <lisID>2144</lisID>
          <gpoId />
          <bioguideId>C001096</bioguideId>
        </identifiers>
        <isOriginalCosponsor>True</isOriginalCosponsor>
        <party>R</party>
        <bioguideId>C001096</bioguideId>
        <firstName>Kevin</firstName>
        <fullName>Rep. Cramer, Kevin [R-ND-At Large]</fullName>
        <district>0</district>
      </item>
      <item>
        <sponsorshipWithdrawnDate />
        <lastName>Hultgren</lastName>
        <state>IL</state>
        <middleName />
        <sponsorshipDate>2015-11-04</sponsorshipDate>
        <identifiers>
          <lisID>2015</lisID>
          <gpoId>7934</gpoId>
          <bioguideId>H001059</bioguideId>
        </identifiers>
        <isOriginalCosponsor>True</isOriginalCosponsor>
        <party>R</party>
        <bioguideId>H001059</bioguideId>
        <firstName>Randy</firstName>
        <fullName>Rep. Hultgren, Randy [R-IL-14]</fullName>
        <district>14</district>
      </item>
      <item>
        <sponsorshipWithdrawnDate />
        <lastName>LaMalfa</lastName>
        <state>CA</state>
        <middleName />
        <sponsorshipDate>2015-11-04</sponsorshipDate>
        <identifiers>
          <lisID>2100</lisID>
          <gpoId />
          <bioguideId>L000578</bioguideId>
        </identifiers>
        <isOriginalCosponsor>True</isOriginalCosponsor>
        <party>R</party>
        <bioguideId>L000578</bioguideId>
        <firstName>Doug</firstName>
        <fullName>Rep. LaMalfa, Doug [R-CA-1]</fullName>
        <district>1</district>
      </item>
      <item>
        <sponsorshipWithdrawnDate />
        <lastName>JONES</lastName>
        <state>NC</state>
        <middleName>B.</middleName>
        <sponsorshipDate>2015-11-04</sponsorshipDate>
        <identifiers>
          <lisID>612</lisID>
          <gpoId>8026</gpoId>
          <bioguideId>J000255</bioguideId>
        </identifiers>
        <isOriginalCosponsor>True</isOriginalCosponsor>
        <party>R</party>
        <bioguideId>J000255</bioguideId>
        <firstName>WALTER</firstName>
        <fullName>Rep. Jones, Walter B., Jr. [R-NC-3]</fullName>
        <district>3</district>
      </item>
      <item>
        <sponsorshipWithdrawnDate />
        <lastName>Franks</lastName>
        <state>AZ</state>
        <middleName />
        <sponsorshipDate>2015-11-04</sponsorshipDate>
        <identifiers>
          <bioguideId>F000448</bioguideId>
          <lisID>1707</lisID>
          <gpoId>7799</gpoId>
        </identifiers>
        <isOriginalCosponsor>True</isOriginalCosponsor>
        <party>R</party>
        <bioguideId>F000448</bioguideId>
        <firstName>Trent</firstName>
        <fullName>Rep. Franks, Trent [R-AZ-8]</fullName>
        <district>8</district>
      </item>
      <item>
        <sponsorshipWithdrawnDate />
        <lastName>Harper</lastName>
        <state>MS</state>
        <middleName />
        <sponsorshipDate>2015-11-04</sponsorshipDate>
        <identifiers>
          <bioguideId>H001045</bioguideId>
          <lisID>1933</lisID>
          <gpoId>8021</gpoId>
        </identifiers>
        <isOriginalCosponsor>True</isOriginalCosponsor>
        <party>R</party>
        <bioguideId>H001045</bioguideId>
        <firstName>Gregg</firstName>
        <fullName>Rep. Harper, Gregg [R-MS-3]</fullName>
        <district>3</district>
      </item>
      <item>
        <sponsorshipWithdrawnDate />
        <lastName>Kelly</lastName>
        <state>PA</state>
        <middleName />
        <sponsorshipDate>2015-11-04</sponsorshipDate>
        <identifiers>
          <lisID>2051</lisID>
          <gpoId>8708</gpoId>
          <bioguideId>K000376</bioguideId>
        </identifiers>
        <isOriginalCosponsor>True</isOriginalCosponsor>
        <party>R</party>
        <bioguideId>K000376</bioguideId>
        <firstName>Mike</firstName>
        <fullName>Rep. Kelly, Mike [R-PA-3]</fullName>
        <district>3</district>
      </item>
      <item>
        <sponsorshipWithdrawnDate />
        <lastName>Pearce</lastName>
        <state>NM</state>
        <middleName />
        <sponsorshipDate>2015-11-04</sponsorshipDate>
        <identifiers>
          <bioguideId>P000588</bioguideId>
          <lisID>1738</lisID>
          <gpoId>8057</gpoId>
        </identifiers>
        <isOriginalCosponsor>True</isOriginalCosponsor>
        <party>R</party>
        <bioguideId>P000588</bioguideId>
        <firstName>Stevan</firstName>
        <fullName>Rep. Pearce, Stevan [R-NM-2]</fullName>
        <district>2</district>
      </item>
      <item>
        <sponsorshipWithdrawnDate />
        <lastName>Fleming</lastName>
        <state>LA</state>
        <middleName />
        <sponsorshipDate>2015-11-04</sponsorshipDate>
        <identifiers>
          <bioguideId>F000456</bioguideId>
          <gpoId>7962</gpoId>
          <lisID>1924</lisID>
        </identifiers>
        <isOriginalCosponsor>True</isOriginalCosponsor>
        <party>R</party>
        <bioguideId>F000456</bioguideId>
        <firstName>John</firstName>
        <fullName>Rep. Fleming, John [R-LA-4]</fullName>
        <district>4</district>
      </item>
      <item>
        <sponsorshipWithdrawnDate />
        <lastName>Palazzo</lastName>
        <state>MS</state>
        <middleName>M.</middleName>
        <sponsorshipDate>2015-11-04</sponsorshipDate>
        <identifiers>
          <gpoId>8022</gpoId>
          <bioguideId>P000601</bioguideId>
          <lisID>2035</lisID>
        </identifiers>
        <isOriginalCosponsor>True</isOriginalCosponsor>
        <party>R</party>
        <bioguideId>P000601</bioguideId>
        <firstName>Steven</firstName>
        <fullName>Rep. Palazzo, Steven M. [R-MS-4]</fullName>
        <district>4</district>
      </item>
      <item>
        <sponsorshipWithdrawnDate />
        <lastName>Miller</lastName>
        <state>FL</state>
        <middleName />
        <sponsorshipDate>2015-11-16</sponsorshipDate>
        <identifiers>
          <lisID>1685</lisID>
          <gpoId>7873</gpoId>
          <bioguideId>M001144</bioguideId>
        </identifiers>
        <isOriginalCosponsor>False</isOriginalCosponsor>
        <party>R</party>
        <bioguideId>M001144</bioguideId>
        <firstName>Jeff</firstName>
        <fullName>Rep. Miller, Jeff [R-FL-1]</fullName>
        <district>1</district>
      </item>
      <item>
        <sponsorshipWithdrawnDate />
        <lastName>Huelskamp</lastName>
        <state>KS</state>
        <middleName />
        <sponsorshipDate>2015-11-16</sponsorshipDate>
        <identifiers>
          <lisID>2020</lisID>
          <gpoId>7949</gpoId>
          <bioguideId>H001057</bioguideId>
        </identifiers>
        <isOriginalCosponsor>False</isOriginalCosponsor>
        <party>R</party>
        <bioguideId>H001057</bioguideId>
        <firstName>Tim</firstName>
        <fullName>Rep. Huelskamp, Tim [R-KS-1]</fullName>
        <district>1</district>
      </item>
      <item>
        <sponsorshipWithdrawnDate />
        <lastName>Ratcliffe</lastName>
        <state>TX</state>
        <middleName />
        <sponsorshipDate>2015-11-16</sponsorshipDate>
        <identifiers>
          <bioguideId>R000601</bioguideId>
          <lisID>2268</lisID>
          <gpoId />
        </identifiers>
        <isOriginalCosponsor>False</isOriginalCosponsor>
        <party>R</party>
        <bioguideId>R000601</bioguideId>
        <firstName>John</firstName>
        <fullName>Rep. Ratcliffe, John [R-TX-4]</fullName>
        <district>4</district>
      </item>
      <item>
        <sponsorshipWithdrawnDate />
        <lastName>Harris</lastName>
        <state>MD</state>
        <middleName />
        <sponsorshipDate>2015-11-16</sponsorshipDate>
        <identifiers>
          <lisID>2026</lisID>
          <gpoId>7976</gpoId>
          <bioguideId>H001052</bioguideId>
        </identifiers>
        <isOriginalCosponsor>False</isOriginalCosponsor>
        <party>R</party>
        <bioguideId>H001052</bioguideId>
        <firstName>Andy</firstName>
        <fullName>Rep. Harris, Andy [R-MD-1]</fullName>
        <district>1</district>
      </item>
      <item>
        <sponsorshipWithdrawnDate />
        <lastName>Walberg</lastName>
        <state>MI</state>
        <middleName />
        <sponsorshipDate>2015-11-16</sponsorshipDate>
        <identifiers>
          <bioguideId>W000798</bioguideId>
          <gpoId>7992</gpoId>
          <lisID>1855</lisID>
        </identifiers>
        <isOriginalCosponsor>False</isOriginalCosponsor>
        <party>R</party>
        <bioguideId>W000798</bioguideId>
        <firstName>Tim</firstName>
        <fullName>Rep. Walberg, Tim [R-MI-7]</fullName>
        <district>7</district>
      </item>
      <item>
        <sponsorshipWithdrawnDate />
        <lastName>Grothman</lastName>
        <state>WI</state>
        <middleName />
        <sponsorshipDate>2015-11-18</sponsorshipDate>
        <identifiers>
          <gpoId />
          <bioguideId>G000576</bioguideId>
          <lisID>2276</lisID>
        </identifiers>
        <isOriginalCosponsor>False</isOriginalCosponsor>
        <party>R</party>
        <bioguideId>G000576</bioguideId>
        <firstName>Glenn</firstName>
        <fullName>Rep. Grothman, Glenn [R-WI-6]</fullName>
        <district>6</district>
      </item>
      <item>
        <sponsorshipWithdrawnDate />
        <lastName>Kelly</lastName>
        <state>MS</state>
        <middleName />
        <sponsorshipDate>2015-11-18</sponsorshipDate>
        <identifiers>
          <gpoId />
          <bioguideId>K000388</bioguideId>
          <lisID>2294</lisID>
        </identifiers>
        <isOriginalCosponsor>False</isOriginalCosponsor>
        <party>R</party>
        <bioguideId>K000388</bioguideId>
        <firstName>Trent</firstName>
        <fullName>Rep. Kelly, Trent [R-MS-1]</fullName>
        <district>1</district>
      </item>
      <item>
        <sponsorshipWithdrawnDate />
        <lastName>PETERSON</lastName>
        <state>MN</state>
        <middleName>C.</middleName>
        <sponsorshipDate>2015-11-18</sponsorshipDate>
        <identifiers>
          <lisID>910</lisID>
          <gpoId>8007</gpoId>
          <bioguideId>P000258</bioguideId>
        </identifiers>
        <isOriginalCosponsor>False</isOriginalCosponsor>
        <party>D</party>
        <bioguideId>P000258</bioguideId>
        <firstName>COLLIN</firstName>
        <fullName>Rep. Peterson, Collin C. [D-MN-7]</fullName>
        <district>7</district>
      </item>
      <item>
        <sponsorshipWithdrawnDate />
        <lastName>Lipinski</lastName>
        <state>IL</state>
        <middleName>William</middleName>
        <sponsorshipDate>2015-11-18</sponsorshipDate>
        <identifiers>
          <bioguideId>L000563</bioguideId>
          <gpoId>7923</gpoId>
          <lisID>1781</lisID>
        </identifiers>
        <isOriginalCosponsor>False</isOriginalCosponsor>
        <party>D</party>
        <bioguideId>L000563</bioguideId>
        <firstName>Daniel</firstName>
        <fullName>Rep. Lipinski, Daniel [D-IL-3]</fullName>
        <district>3</district>
      </item>
      <item>
        <sponsorshipWithdrawnDate />
        <lastName>Hartzler</lastName>
        <state>MO</state>
        <middleName />
        <sponsorshipDate>2015-11-30</sponsorshipDate>
        <identifiers>
          <lisID>2032</lisID>
          <gpoId>8012</gpoId>
          <bioguideId>H001053</bioguideId>
        </identifiers>
        <isOriginalCosponsor>False</isOriginalCosponsor>
        <party>R</party>
        <bioguideId>H001053</bioguideId>
        <firstName>Vicky</firstName>
        <fullName>Rep. Hartzler, Vicky [R-MO-4]</fullName>
        <district>4</district>
      </item>
      <item>
        <sponsorshipWithdrawnDate />
        <lastName>Rothfus</lastName>
        <state>PA</state>
        <middleName>J.</middleName>
        <sponsorshipDate>2015-11-30</sponsorshipDate>
        <identifiers>
          <lisID>2158</lisID>
          <gpoId />
          <bioguideId>R000598</bioguideId>
        </identifiers>
        <isOriginalCosponsor>False</isOriginalCosponsor>
        <party>R</party>
        <bioguideId>R000598</bioguideId>
        <firstName>Keith</firstName>
        <fullName>Rep. Rothfus, Keith J. [R-PA-12]</fullName>
        <district>12</district>
      </item>
    </cosponsors>
    <constitutionalAuthorityStatementText />
  </bill>
  <dublinCore xmlns:dc="http://purl.org/dc/elements/1.1/">
    <dc:format>text/xml</dc:format>
    <dc:language>EN</dc:language>
    <dc:rights>Pursuant to Title 17 Section 105 of the United States Code, this file is not subject to copyright protection and is in the public domain.</dc:rights>
    <dc:contributor>Congressional Research Service, Library of Congress</dc:contributor>
    <dc:description>This file contains bill summaries and statuses for federal legislation. A bill summary describes the most significant provisions of a piece of legislation and details the effects the legislative text may have on current law and federal programs. Bill summaries are authored by the Congressional Research Service (CRS) of the Library of Congress. As stated in Public Law 91-510 (2 USC 166 (d)(6)), one of the duties of CRS is "to prepare summaries and digests of bills and resolutions of a public general nature introduced in the Senate or House of Representatives". For more information, refer to the User Guide that accompanies this file.</dc:description>
  </dublinCore>
</billStatus>

