<?xml version="1.0" encoding="UTF-8"?>
<billStatus>
  <bill>
    <subjects>
      <billSubjects>
        <legislativeSubjects>
          <item>
            <name>Child care and development</name>
          </item>
          <item>
            <name>Commemorative events and holidays</name>
          </item>
          <item>
            <name>Congressional tributes</name>
          </item>
          <item>
            <name>Family relationships</name>
          </item>
        </legislativeSubjects>
        <policyArea>
          <name>Families</name>
        </policyArea>
      </billSubjects>
    </subjects>
    <actions>
      <item>
        <committee>
          <name>Education and the Workforce Committee</name>
          <systemCode>hsed00</systemCode>
        </committee>
        <actionDate>2015-06-18</actionDate>
        <text>Referred to the House Committee on Education and the Workforce.</text>
        <links />
        <actionCode>H11100</actionCode>
        <type>IntroReferral</type>
        <sourceSystem>
          <name>House floor actions</name>
          <code>2</code>
        </sourceSystem>
      </item>
      <item>
        <committee />
        <actionDate>2015-06-18</actionDate>
        <text>Introduced in House</text>
        <links />
        <actionCode>Intro-H</actionCode>
        <type>IntroReferral</type>
        <sourceSystem>
          <name>Library of Congress</name>
          <code>9</code>
        </sourceSystem>
      </item>
      <item>
        <committee />
        <actionDate>2015-06-18</actionDate>
        <text>Introduced in House</text>
        <links />
        <actionCode>1000</actionCode>
        <type>IntroReferral</type>
        <sourceSystem>
          <name>Library of Congress</name>
          <code>9</code>
        </sourceSystem>
      </item>
      <actionTypeCounts>
        <billReferrals>1</billReferrals>
        <introducedInTheHouse>1</introducedInTheHouse>
        <introducedInHouse>1</introducedInHouse>
      </actionTypeCounts>
      <actionByCounts>
        <houseOfRepresentatives>3</houseOfRepresentatives>
      </actionByCounts>
    </actions>
    <policyArea>
      <name>Families</name>
    </policyArea>
    <notes />
    <createDate>2015-06-19T09:13:32Z</createDate>
    <title>Recognizing the immeasurable contributions of fathers in the healthy development of children, supporting responsible fatherhood, and encouraging greater involvement of fathers in the lives of their children, especially on Father's Day.</title>
    <relatedBills />
    <cosponsors>
      <item>
        <middleName>K.</middleName>
        <identifiers>
          <lisID>1477</lisID>
          <gpoId>7927</gpoId>
          <bioguideId>D000096</bioguideId>
        </identifiers>
        <isOriginalCosponsor>True</isOriginalCosponsor>
        <sponsorshipWithdrawnDate />
        <party>D</party>
        <fullName>Rep. Davis, Danny K. [D-IL-7]</fullName>
        <state>IL</state>
        <sponsorshipDate>2015-06-18</sponsorshipDate>
        <firstName>DANNY</firstName>
        <lastName>DAVIS</lastName>
        <district>7</district>
        <bioguideId>D000096</bioguideId>
      </item>
      <item>
        <middleName />
        <identifiers>
          <lisID>2026</lisID>
          <gpoId>7976</gpoId>
          <bioguideId>H001052</bioguideId>
        </identifiers>
        <isOriginalCosponsor>True</isOriginalCosponsor>
        <sponsorshipWithdrawnDate />
        <party>R</party>
        <fullName>Rep. Harris, Andy [R-MD-1]</fullName>
        <state>MD</state>
        <sponsorshipDate>2015-06-18</sponsorshipDate>
        <firstName>Andy</firstName>
        <lastName>Harris</lastName>
        <district>1</district>
        <bioguideId>H001052</bioguideId>
      </item>
      <item>
        <middleName />
        <identifiers>
          <bioguideId>H001057</bioguideId>
          <gpoId>7949</gpoId>
          <lisID>2020</lisID>
        </identifiers>
        <isOriginalCosponsor>True</isOriginalCosponsor>
        <sponsorshipWithdrawnDate />
        <party>R</party>
        <fullName>Rep. Huelskamp, Tim [R-KS-1]</fullName>
        <state>KS</state>
        <sponsorshipDate>2015-06-18</sponsorshipDate>
        <firstName>Tim</firstName>
        <lastName>Huelskamp</lastName>
        <district>1</district>
        <bioguideId>H001057</bioguideId>
      </item>
      <item>
        <middleName />
        <identifiers>
          <lisID>1889</lisID>
          <gpoId>7946</gpoId>
          <bioguideId>C001072</bioguideId>
        </identifiers>
        <isOriginalCosponsor>True</isOriginalCosponsor>
        <sponsorshipWithdrawnDate />
        <party>D</party>
        <fullName>Rep. Carson, Andre [D-IN-7]</fullName>
        <state>IN</state>
        <sponsorshipDate>2015-06-18</sponsorshipDate>
        <firstName>Andre</firstName>
        <lastName>Carson</lastName>
        <district>7</district>
        <bioguideId>C001072</bioguideId>
      </item>
    </cosponsors>
    <constitutionalAuthorityStatementText />
    <cboCostEstimates />
    <updateDate>2017-01-11T14:31:05Z</updateDate>
    <laws />
    <summaries>
      <billSummaries>
        <item>
          <text><![CDATA[<p>Commends the millions of fathers who serve as wonderful, caring parents for their children.</p> <p>Calls on fathers across the United States to use Father's Day to: (1) reconnect and rededicate themselves to their children's lives, (2) spend Father's Day with their children, and (3) express their love and support for their children.</p> <p>Urges men to understand the level of responsibility fathering a child requires, especially in the encouragement of children's moral, mental, social, academic, emotional, physical, and spiritual development.</p> <p>Encourages active involvement of fathers in the rearing and development of their children, including the devotion of time, energy, and resources.</p>]]></text>
          <name>Introduced in House</name>
          <actionDesc>Introduced in House</actionDesc>
          <actionDate>2015-06-18</actionDate>
          <lastSummaryUpdateDate>2015-07-01T14:40:17Z</lastSummaryUpdateDate>
          <updateDate>2015-06-18T04:00:00Z</updateDate>
          <versionCode>00</versionCode>
        </item>
      </billSummaries>
    </summaries>
    <latestAction>
      <links />
      <actionDate>2015-06-18</actionDate>
      <text>Referred to the House Committee on Education and the Workforce.</text>
    </latestAction>
    <originChamber>House</originChamber>
    <introducedDate>2015-06-18</introducedDate>
    <billNumber>332</billNumber>
    <amendments />
    <billType>HRES</billType>
    <committees>
      <billCommittees>
        <item>
          <name>Education and the Workforce Committee</name>
          <activities>
            <item>
              <name>Referred to</name>
              <date>2015-06-18T13:01:25Z</date>
            </item>
          </activities>
          <subcommittees />
          <chamber>House</chamber>
          <type>Standing</type>
          <systemCode>hsed00</systemCode>
        </item>
      </billCommittees>
    </committees>
    <calendarNumbers />
    <congress>114</congress>
    <committeeReports />
    <recordedVotes />
    <sponsors>
      <item>
        <lastName>PITTS</lastName>
        <state>PA</state>
        <byRequestType />
        <firstName>JOSEPH</firstName>
        <bioguideId>P000373</bioguideId>
        <fullName>Rep. Pitts, Joseph R. [R-PA-16]</fullName>
        <identifiers>
          <lisID>1514</lisID>
          <gpoId>8134</gpoId>
          <bioguideId>P000373</bioguideId>
        </identifiers>
        <middleName>R.</middleName>
        <district>16</district>
        <party>R</party>
      </item>
    </sponsors>
    <titles>
      <item>
        <title>Recognizing the immeasurable contributions of fathers in the healthy development of children, supporting responsible fatherhood, and encouraging greater involvement of fathers in the lives of their children, especially on Father's Day.</title>
        <chamberCode />
        <parentTitleType />
        <chamberName />
        <titleType>Official Title as Introduced</titleType>
      </item>
      <item>
        <title>Recognizing the immeasurable contributions of fathers in the healthy development of children, supporting responsible fatherhood, and encouraging greater involvement of fathers in the lives of their children, especially on Father's Day.</title>
        <chamberCode />
        <parentTitleType />
        <chamberName />
        <titleType>Display Title</titleType>
      </item>
    </titles>
  </bill>
  <dublinCore xmlns:dc="http://purl.org/dc/elements/1.1/">
    <dc:format>text/xml</dc:format>
    <dc:language>EN</dc:language>
    <dc:rights>Pursuant to Title 17 Section 105 of the United States Code, this file is not subject to copyright protection and is in the public domain.</dc:rights>
    <dc:contributor>Congressional Research Service, Library of Congress</dc:contributor>
    <dc:description>This file contains bill summaries and statuses for federal legislation. A bill summary describes the most significant provisions of a piece of legislation and details the effects the legislative text may have on current law and federal programs. Bill summaries are authored by the Congressional Research Service (CRS) of the Library of Congress. As stated in Public Law 91-510 (2 USC 166 (d)(6)), one of the duties of CRS is "to prepare summaries and digests of bills and resolutions of a public general nature introduced in the Senate or House of Representatives". For more information, refer to the User Guide that accompanies this file.</dc:description>
  </dublinCore>
</billStatus>

