<?xml version="1.0" encoding="UTF-8"?>
<billStatus>
  <bill>
    <laws />
    <createDate>2015-03-27T08:45:57Z</createDate>
    <actions>
      <item>
        <actionDate>2015-04-08</actionDate>
        <committee>
          <systemCode>hsag14</systemCode>
          <name>Biotechnology, Horticulture, and Research Subcommittee</name>
        </committee>
        <links />
        <sourceSystem>
          <code>1</code>
          <name>House committee actions</name>
        </sourceSystem>
        <text>Referred to the Subcommittee on Biotechnology, Horticulture, and Research.</text>
        <type>Committee</type>
      </item>
      <item>
        <actionCode>H11100</actionCode>
        <actionDate>2015-03-26</actionDate>
        <text>Referred to the House Committee on Agriculture.</text>
        <sourceSystem>
          <code>2</code>
          <name>House floor actions</name>
        </sourceSystem>
        <committee>
          <systemCode>hsag00</systemCode>
          <name>Agriculture Committee</name>
        </committee>
        <links />
        <type>IntroReferral</type>
      </item>
      <item>
        <actionCode>Intro-H</actionCode>
        <actionDate>2015-03-26</actionDate>
        <text>Introduced in House</text>
        <sourceSystem>
          <code>9</code>
          <name>Library of Congress</name>
        </sourceSystem>
        <committee />
        <links />
        <type>IntroReferral</type>
      </item>
      <item>
        <actionCode>1000</actionCode>
        <actionDate>2015-03-26</actionDate>
        <text>Introduced in House</text>
        <sourceSystem>
          <code>9</code>
          <name>Library of Congress</name>
        </sourceSystem>
        <committee />
        <links />
        <type>IntroReferral</type>
      </item>
      <actionTypeCounts>
        <introducedInTheHouse>1</introducedInTheHouse>
        <placeholderTextForH>1</placeholderTextForH>
        <billReferrals>1</billReferrals>
        <introducedInHouse>1</introducedInHouse>
      </actionTypeCounts>
      <actionByCounts>
        <houseOfRepresentatives>4</houseOfRepresentatives>
      </actionByCounts>
    </actions>
    <subjects>
      <billSubjects>
        <policyArea>
          <name>Agriculture and Food</name>
        </policyArea>
        <legislativeSubjects>
          <item>
            <name>Agricultural prices, subsidies, credit</name>
          </item>
          <item>
            <name>Fruit and vegetables</name>
          </item>
        </legislativeSubjects>
      </billSubjects>
    </subjects>
    <relatedBills />
    <constitutionalAuthorityStatementText />
    <committees>
      <billCommittees>
        <item>
          <type>Standing</type>
          <name>Agriculture Committee</name>
          <chamber>House</chamber>
          <subcommittees>
            <item>
              <activities>
                <item>
                  <name>Referred to</name>
                  <date>2015-04-08T19:02:51Z</date>
                </item>
              </activities>
              <name>Biotechnology, Horticulture, and Research Subcommittee</name>
              <systemCode>hsag14</systemCode>
            </item>
          </subcommittees>
          <activities>
            <item>
              <name>Referred to</name>
              <date>2015-03-26T13:06:00Z</date>
            </item>
          </activities>
          <systemCode>hsag00</systemCode>
        </item>
      </billCommittees>
    </committees>
    <cosponsors>
      <item>
        <middleName />
        <state>OR</state>
        <bioguideId>S001180</bioguideId>
        <isOriginalCosponsor>True</isOriginalCosponsor>
        <lastName>Schrader</lastName>
        <district>5</district>
        <sponsorshipWithdrawnDate />
        <party>D</party>
        <identifiers>
          <lisID>1950</lisID>
          <bioguideId>S001180</bioguideId>
          <gpoId>8118</gpoId>
        </identifiers>
        <firstName>Kurt</firstName>
        <sponsorshipDate>2015-03-26</sponsorshipDate>
        <fullName>Rep. Schrader, Kurt [D-OR-5]</fullName>
      </item>
      <item>
        <middleName />
        <state>WA</state>
        <bioguideId>N000189</bioguideId>
        <isOriginalCosponsor>True</isOriginalCosponsor>
        <lastName>Newhouse</lastName>
        <district>4</district>
        <sponsorshipWithdrawnDate />
        <party>R</party>
        <identifiers>
          <lisID>2275</lisID>
          <bioguideId>N000189</bioguideId>
          <gpoId />
        </identifiers>
        <firstName>Dan</firstName>
        <sponsorshipDate>2015-03-26</sponsorshipDate>
        <fullName>Rep. Newhouse, Dan [R-WA-4]</fullName>
      </item>
      <item>
        <middleName>Patrick</middleName>
        <state>NY</state>
        <bioguideId>M001185</bioguideId>
        <isOriginalCosponsor>True</isOriginalCosponsor>
        <lastName>Maloney</lastName>
        <district>18</district>
        <sponsorshipWithdrawnDate />
        <party>D</party>
        <identifiers>
          <bioguideId>M001185</bioguideId>
          <gpoId />
          <lisID>2150</lisID>
        </identifiers>
        <firstName>Sean</firstName>
        <sponsorshipDate>2015-03-26</sponsorshipDate>
        <fullName>Rep. Maloney, Sean Patrick [D-NY-18]</fullName>
      </item>
      <item>
        <middleName />
        <state>MI</state>
        <bioguideId>B001271</bioguideId>
        <isOriginalCosponsor>True</isOriginalCosponsor>
        <lastName>Benishek</lastName>
        <district>1</district>
        <sponsorshipWithdrawnDate />
        <party>R</party>
        <identifiers>
          <bioguideId>B001271</bioguideId>
          <lisID>2027</lisID>
          <gpoId>7986</gpoId>
        </identifiers>
        <firstName>Dan</firstName>
        <sponsorshipDate>2015-03-26</sponsorshipDate>
        <fullName>Rep. Benishek, Dan [R-MI-1]</fullName>
      </item>
      <item>
        <middleName />
        <state>WA</state>
        <bioguideId>H001064</bioguideId>
        <isOriginalCosponsor>True</isOriginalCosponsor>
        <lastName>Heck</lastName>
        <district>10</district>
        <sponsorshipWithdrawnDate />
        <party>D</party>
        <identifiers>
          <bioguideId>H001064</bioguideId>
          <gpoId />
          <lisID>2170</lisID>
        </identifiers>
        <firstName>Denny</firstName>
        <sponsorshipDate>2015-03-26</sponsorshipDate>
        <fullName>Rep. Heck, Denny [D-WA-10]</fullName>
      </item>
      <item>
        <middleName>G.</middleName>
        <state>WA</state>
        <bioguideId>R000578</bioguideId>
        <isOriginalCosponsor>True</isOriginalCosponsor>
        <lastName>Reichert</lastName>
        <district>8</district>
        <sponsorshipWithdrawnDate />
        <party>R</party>
        <identifiers>
          <lisID>1810</lisID>
          <bioguideId>R000578</bioguideId>
          <gpoId>8212</gpoId>
        </identifiers>
        <firstName>David</firstName>
        <sponsorshipDate>2015-03-26</sponsorshipDate>
        <fullName>Rep. Reichert, David G. [R-WA-8]</fullName>
      </item>
      <item>
        <middleName />
        <state>NM</state>
        <bioguideId>L000580</bioguideId>
        <isOriginalCosponsor>True</isOriginalCosponsor>
        <lastName>Lujan Grisham</lastName>
        <district>1</district>
        <sponsorshipWithdrawnDate />
        <party>D</party>
        <identifiers>
          <lisID>2146</lisID>
          <bioguideId>L000580</bioguideId>
          <gpoId />
        </identifiers>
        <firstName>Michelle</firstName>
        <sponsorshipDate>2015-03-26</sponsorshipDate>
        <fullName>Rep. Lujan Grisham, Michelle [D-NM-1]</fullName>
      </item>
      <item>
        <middleName />
        <state>CT</state>
        <bioguideId>C001069</bioguideId>
        <isOriginalCosponsor>True</isOriginalCosponsor>
        <lastName>Courtney</lastName>
        <district>2</district>
        <sponsorshipWithdrawnDate />
        <party>D</party>
        <identifiers>
          <lisID>1836</lisID>
          <bioguideId>C001069</bioguideId>
          <gpoId>7867</gpoId>
        </identifiers>
        <firstName>Joe</firstName>
        <sponsorshipDate>2015-03-26</sponsorshipDate>
        <fullName>Rep. Courtney, Joe [D-CT-2]</fullName>
      </item>
      <item>
        <middleName>M.</middleName>
        <state>NH</state>
        <bioguideId>K000382</bioguideId>
        <isOriginalCosponsor>True</isOriginalCosponsor>
        <lastName>Kuster</lastName>
        <district>2</district>
        <sponsorshipWithdrawnDate />
        <party>D</party>
        <identifiers>
          <bioguideId>K000382</bioguideId>
          <lisID>2145</lisID>
          <gpoId />
        </identifiers>
        <firstName>Ann</firstName>
        <sponsorshipDate>2015-03-26</sponsorshipDate>
        <fullName>Rep. Kuster, Ann M. [D-NH-2]</fullName>
      </item>
      <item>
        <middleName />
        <state>CA</state>
        <bioguideId>V000130</bioguideId>
        <isOriginalCosponsor>True</isOriginalCosponsor>
        <lastName>Vargas</lastName>
        <district>51</district>
        <sponsorshipWithdrawnDate />
        <party>D</party>
        <identifiers>
          <bioguideId>V000130</bioguideId>
          <lisID>2112</lisID>
          <gpoId />
        </identifiers>
        <firstName>Juan</firstName>
        <sponsorshipDate>2015-03-26</sponsorshipDate>
        <fullName>Rep. Vargas, Juan [D-CA-51]</fullName>
      </item>
      <item>
        <middleName />
        <state>CA</state>
        <bioguideId>G000559</bioguideId>
        <isOriginalCosponsor>True</isOriginalCosponsor>
        <lastName>Garamendi</lastName>
        <district>3</district>
        <sponsorshipWithdrawnDate />
        <party>D</party>
        <identifiers>
          <gpoId>7815</gpoId>
          <lisID>1973</lisID>
          <bioguideId>G000559</bioguideId>
        </identifiers>
        <firstName>John</firstName>
        <sponsorshipDate>2015-03-26</sponsorshipDate>
        <fullName>Rep. Garamendi, John [D-CA-3]</fullName>
      </item>
      <item>
        <middleName />
        <state>HI</state>
        <bioguideId>G000571</bioguideId>
        <isOriginalCosponsor>True</isOriginalCosponsor>
        <lastName>Gabbard</lastName>
        <district>2</district>
        <sponsorshipWithdrawnDate />
        <party>D</party>
        <identifiers>
          <lisID>2122</lisID>
          <bioguideId>G000571</bioguideId>
          <gpoId />
        </identifiers>
        <firstName>Tulsi</firstName>
        <sponsorshipDate>2015-03-26</sponsorshipDate>
        <fullName>Rep. Gabbard, Tulsi [D-HI-2]</fullName>
      </item>
      <item>
        <middleName>P.</middleName>
        <state>MA</state>
        <bioguideId>M000312</bioguideId>
        <isOriginalCosponsor>False</isOriginalCosponsor>
        <lastName>MCGOVERN</lastName>
        <district>2</district>
        <sponsorshipWithdrawnDate />
        <party>D</party>
        <identifiers>
          <gpoId>7968</gpoId>
          <lisID>1504</lisID>
          <bioguideId>M000312</bioguideId>
        </identifiers>
        <firstName>JAMES</firstName>
        <sponsorshipDate>2015-04-14</sponsorshipDate>
        <fullName>Rep. McGovern, James P. [D-MA-2]</fullName>
      </item>
      <item>
        <middleName />
        <state>MI</state>
        <bioguideId>U000031</bioguideId>
        <isOriginalCosponsor>False</isOriginalCosponsor>
        <lastName>UPTON</lastName>
        <district>6</district>
        <sponsorshipWithdrawnDate />
        <party>R</party>
        <identifiers>
          <lisID>1177</lisID>
          <bioguideId>U000031</bioguideId>
          <gpoId>7991</gpoId>
        </identifiers>
        <firstName>FRED</firstName>
        <sponsorshipDate>2015-05-08</sponsorshipDate>
        <fullName>Rep. Upton, Fred [R-MI-6]</fullName>
      </item>
      <item>
        <middleName />
        <state>VT</state>
        <bioguideId>W000800</bioguideId>
        <isOriginalCosponsor>False</isOriginalCosponsor>
        <lastName>Welch</lastName>
        <district>0</district>
        <sponsorshipWithdrawnDate />
        <party>D</party>
        <identifiers>
          <lisID>1879</lisID>
          <bioguideId>W000800</bioguideId>
          <gpoId>8204</gpoId>
        </identifiers>
        <firstName>Peter</firstName>
        <sponsorshipDate>2015-05-08</sponsorshipDate>
        <fullName>Rep. Welch, Peter [D-VT-At Large]</fullName>
      </item>
      <item>
        <middleName />
        <state>FL</state>
        <bioguideId>C001066</bioguideId>
        <isOriginalCosponsor>False</isOriginalCosponsor>
        <lastName>Castor</lastName>
        <district>14</district>
        <sponsorshipWithdrawnDate />
        <party>D</party>
        <identifiers>
          <bioguideId>C001066</bioguideId>
          <gpoId>7883</gpoId>
          <lisID>1839</lisID>
        </identifiers>
        <firstName>Kathy</firstName>
        <sponsorshipDate>2015-05-29</sponsorshipDate>
        <fullName>Rep. Castor, Kathy [D-FL-14]</fullName>
      </item>
      <item>
        <middleName>B.</middleName>
        <state>CT</state>
        <bioguideId>L000557</bioguideId>
        <isOriginalCosponsor>False</isOriginalCosponsor>
        <lastName>LARSON</lastName>
        <district>1</district>
        <sponsorshipWithdrawnDate />
        <party>D</party>
        <identifiers>
          <bioguideId>L000557</bioguideId>
          <lisID>1583</lisID>
          <gpoId>7866</gpoId>
        </identifiers>
        <firstName>JOHN</firstName>
        <sponsorshipDate>2015-09-08</sponsorshipDate>
        <fullName>Rep. Larson, John B. [D-CT-1]</fullName>
      </item>
      <item>
        <middleName>A.</middleName>
        <state>FL</state>
        <bioguideId>R000593</bioguideId>
        <isOriginalCosponsor>False</isOriginalCosponsor>
        <lastName>Ross</lastName>
        <district>15</district>
        <sponsorshipWithdrawnDate />
        <party>R</party>
        <identifiers>
          <lisID>2003</lisID>
          <bioguideId>R000593</bioguideId>
          <gpoId>7884</gpoId>
        </identifiers>
        <firstName>Dennis</firstName>
        <sponsorshipDate>2015-09-22</sponsorshipDate>
        <fullName>Rep. Ross, Dennis A. [R-FL-15]</fullName>
      </item>
    </cosponsors>
    <latestAction>
      <text>Referred to the Subcommittee on Biotechnology, Horticulture, and Research.</text>
      <actionDate>2015-04-08</actionDate>
      <links />
    </latestAction>
    <title>Expressing the sense of the House of Representatives that specialty crops are a vital part of agriculture in the United States, and that Congress should fund programs that support specialty crops as a growing and important part of agriculture in the United States.</title>
    <sponsors>
      <item>
        <lastName>DelBene</lastName>
        <bioguideId>D000617</bioguideId>
        <fullName>Rep. DelBene, Suzan K. [D-WA-1]</fullName>
        <byRequestType />
        <firstName>Suzan</firstName>
        <identifiers>
          <bioguideId>D000617</bioguideId>
          <lisID>2096</lisID>
          <gpoId>8374</gpoId>
        </identifiers>
        <party>D</party>
        <state>WA</state>
        <middleName>K.</middleName>
        <district>1</district>
      </item>
    </sponsors>
    <introducedDate>2015-03-26</introducedDate>
    <summaries>
      <billSummaries>
        <item>
          <text><![CDATA[<p> Expresses the sense of the House of Representatives that specialty crops (fruits and vegetables, tree nuts, dried fruits, horticulture, and nursery crops, including floriculture) are a vital part of agriculture in the United States, and that Congress should fund programs that support specialty crops. </p>]]></text>
          <updateDate>2015-03-26T04:00:00Z</updateDate>
          <actionDate>2015-03-26</actionDate>
          <versionCode>00</versionCode>
          <actionDesc>Introduced in House</actionDesc>
          <lastSummaryUpdateDate>2015-03-27T19:39:11Z</lastSummaryUpdateDate>
          <name>Introduced in House</name>
        </item>
      </billSummaries>
    </summaries>
    <notes />
    <recordedVotes />
    <titles>
      <item>
        <parentTitleType />
        <title>Expressing the sense of the House of Representatives that specialty crops are a vital part of agriculture in the United States, and that Congress should fund programs that support specialty crops as a growing and important part of agriculture in the United States.</title>
        <chamberCode />
        <chamberName />
        <titleType>Official Title as Introduced</titleType>
      </item>
      <item>
        <parentTitleType />
        <title>Expressing the sense of the House of Representatives that specialty crops are a vital part of agriculture in the United States, and that Congress should fund programs that support specialty crops as a growing and important part of agriculture in the United States.</title>
        <chamberCode />
        <chamberName />
        <titleType>Display Title</titleType>
      </item>
    </titles>
    <amendments />
    <cboCostEstimates />
    <policyArea>
      <name>Agriculture and Food</name>
    </policyArea>
    <calendarNumbers />
    <billNumber>177</billNumber>
    <congress>114</congress>
    <originChamber>House</originChamber>
    <billType>HRES</billType>
    <updateDate>2017-01-14T22:03:26Z</updateDate>
    <committeeReports />
  </bill>
  <dublinCore xmlns:dc="http://purl.org/dc/elements/1.1/">
    <dc:format>text/xml</dc:format>
    <dc:language>EN</dc:language>
    <dc:rights>Pursuant to Title 17 Section 105 of the United States Code, this file is not subject to copyright protection and is in the public domain.</dc:rights>
    <dc:contributor>Congressional Research Service, Library of Congress</dc:contributor>
    <dc:description>This file contains bill summaries and statuses for federal legislation. A bill summary describes the most significant provisions of a piece of legislation and details the effects the legislative text may have on current law and federal programs. Bill summaries are authored by the Congressional Research Service (CRS) of the Library of Congress. As stated in Public Law 91-510 (2 USC 166 (d)(6)), one of the duties of CRS is "to prepare summaries and digests of bills and resolutions of a public general nature introduced in the Senate or House of Representatives". For more information, refer to the User Guide that accompanies this file.</dc:description>
  </dublinCore>
</billStatus>

