<?xml version="1.0" encoding="UTF-8"?>
<billStatus>
  <bill>
    <createDate>2015-09-25T09:45:00Z</createDate>
    <introducedDate>2015-09-24</introducedDate>
    <cosponsors>
      <item>
        <lastName>Hunter</lastName>
        <state>CA</state>
        <bioguideId>H001048</bioguideId>
        <firstName>Duncan</firstName>
        <identifiers>
          <lisID>1909</lisID>
          <gpoId>7857</gpoId>
          <bioguideId>H001048</bioguideId>
        </identifiers>
        <sponsorshipDate>2015-09-24</sponsorshipDate>
        <party>R</party>
        <isOriginalCosponsor>True</isOriginalCosponsor>
        <sponsorshipWithdrawnDate />
        <district>50</district>
        <fullName>Rep. Hunter, Duncan D. [R-CA-50]</fullName>
        <middleName>D.</middleName>
      </item>
      <item>
        <lastName>Russell</lastName>
        <state>OK</state>
        <bioguideId>R000604</bioguideId>
        <firstName>Steve</firstName>
        <identifiers>
          <lisID>2265</lisID>
          <gpoId />
          <bioguideId>R000604</bioguideId>
        </identifiers>
        <sponsorshipDate>2015-12-11</sponsorshipDate>
        <party>R</party>
        <isOriginalCosponsor>False</isOriginalCosponsor>
        <sponsorshipWithdrawnDate />
        <district>5</district>
        <fullName>Rep. Russell, Steve [R-OK-5]</fullName>
        <middleName />
      </item>
    </cosponsors>
    <calendarNumbers />
    <policyArea>
      <name>International Affairs</name>
    </policyArea>
    <billType>HRES</billType>
    <summaries>
      <billSummaries>
        <item>
          <text><![CDATA[<p>Declares that the crimes being committed by the Islamic State of Iraq and the Levant, also known as Daesh, and other related groups constitute a genocide against the religious and ethnic minorities in the Middle East.</p> <p> Urges the United States to: (1) increase the amount of refugees being resettled to meet the demands of these persecuted communities, and (2) prioritize the applications of families and individuals from the communities facing genocide and offer them refuge.</p> <ul> </ul>]]></text>
          <lastSummaryUpdateDate>2015-11-06T14:53:20Z</lastSummaryUpdateDate>
          <actionDesc>Introduced in House</actionDesc>
          <versionCode>00</versionCode>
          <updateDate>2015-09-24T04:00:00Z</updateDate>
          <name>Introduced in House</name>
          <actionDate>2015-09-24</actionDate>
        </item>
      </billSummaries>
    </summaries>
    <notes />
    <congress>114</congress>
    <recordedVotes />
    <sponsors>
      <item>
        <party>D</party>
        <middleName />
        <lastName>Gabbard</lastName>
        <fullName>Rep. Gabbard, Tulsi [D-HI-2]</fullName>
        <bioguideId>G000571</bioguideId>
        <state>HI</state>
        <byRequestType />
        <district>2</district>
        <identifiers>
          <gpoId />
          <bioguideId>G000571</bioguideId>
          <lisID>2122</lisID>
        </identifiers>
        <firstName>Tulsi</firstName>
      </item>
    </sponsors>
    <titles>
      <item>
        <chamberCode />
        <chamberName />
        <parentTitleType />
        <titleType>Official Title as Introduced</titleType>
        <title>Recognizing the persecution of religious and ethnic minorities, especially Christians and Yezidis, by the Islamic State of Iraq and the Levant, also known as Daesh, and calling for the immediate prioritization of accepting refugees from such communities.</title>
      </item>
      <item>
        <chamberCode />
        <chamberName />
        <parentTitleType />
        <titleType>Display Title</titleType>
        <title>Recognizing the persecution of religious and ethnic minorities, especially Christians and Yezidis, by the Islamic State of Iraq and the Levant, also known as Daesh, and calling for the immediate prioritization of accepting refugees from such communities.</title>
      </item>
    </titles>
    <billNumber>435</billNumber>
    <relatedBills />
    <subjects>
      <billSubjects>
        <policyArea>
          <name>International Affairs</name>
        </policyArea>
        <legislativeSubjects>
          <item>
            <name>Conflicts and wars</name>
          </item>
          <item>
            <name>Iraq</name>
          </item>
          <item>
            <name>Middle East</name>
          </item>
          <item>
            <name>Racial and ethnic relations</name>
          </item>
          <item>
            <name>Refugees, asylum, displaced persons</name>
          </item>
          <item>
            <name>Religion</name>
          </item>
          <item>
            <name>Terrorism</name>
          </item>
          <item>
            <name>War crimes, genocide, crimes against humanity</name>
          </item>
        </legislativeSubjects>
      </billSubjects>
    </subjects>
    <amendments />
    <originChamber>House</originChamber>
    <updateDate>2017-01-11T14:31:33Z</updateDate>
    <latestAction>
      <actionDate>2015-10-05</actionDate>
      <links />
      <text>Referred to the Subcommittee on Immigration and Border Security.</text>
    </latestAction>
    <committees>
      <billCommittees>
        <item>
          <chamber>House</chamber>
          <type>Standing</type>
          <name>Judiciary Committee</name>
          <activities>
            <item>
              <name>Referred to</name>
              <date>2015-09-24T12:31:45Z</date>
            </item>
          </activities>
          <subcommittees>
            <item>
              <name>Immigration and Border Security Subcommittee</name>
              <systemCode>hsju01</systemCode>
              <activities>
                <item>
                  <name>Referred to</name>
                  <date>2015-10-05T19:28:38Z</date>
                </item>
              </activities>
            </item>
          </subcommittees>
          <systemCode>hsju00</systemCode>
        </item>
        <item>
          <chamber>House</chamber>
          <type>Standing</type>
          <name>Foreign Affairs Committee</name>
          <activities>
            <item>
              <name>Referred to</name>
              <date>2015-09-24T12:31:50Z</date>
            </item>
          </activities>
          <subcommittees />
          <systemCode>hsfa00</systemCode>
        </item>
      </billCommittees>
    </committees>
    <committeeReports />
    <constitutionalAuthorityStatementText />
    <actions>
      <actionByCounts>
        <houseOfRepresentatives>6</houseOfRepresentatives>
      </actionByCounts>
      <item>
        <actionDate>2015-10-05</actionDate>
        <committee>
          <systemCode>hsju01</systemCode>
          <name>Immigration and Border Security Subcommittee</name>
        </committee>
        <links />
        <sourceSystem>
          <name>House committee actions</name>
          <code>1</code>
        </sourceSystem>
        <text>Referred to the Subcommittee on Immigration and Border Security.</text>
        <type>Committee</type>
      </item>
      <item>
        <committee>
          <systemCode>hsfa00</systemCode>
          <name>Foreign Affairs Committee</name>
        </committee>
        <actionCode>H11100</actionCode>
        <type>IntroReferral</type>
        <text>Referred to House Foreign Affairs</text>
        <actionDate>2015-09-24</actionDate>
        <sourceSystem>
          <name>House floor actions</name>
          <code>2</code>
        </sourceSystem>
        <links />
      </item>
      <item>
        <committee />
        <actionCode>H11100-A</actionCode>
        <type>IntroReferral</type>
        <text>Referred to the Committee on the Judiciary, and in addition to the Committee on Foreign Affairs, for a period to be subsequently determined by the Speaker, in each case for consideration of such provisions as fall within the jurisdiction of the committee concerned.</text>
        <actionDate>2015-09-24</actionDate>
        <sourceSystem>
          <name>Library of Congress</name>
          <code>9</code>
        </sourceSystem>
        <links />
      </item>
      <item>
        <committee>
          <systemCode>hsju00</systemCode>
          <name>Judiciary Committee</name>
        </committee>
        <actionCode>H11100</actionCode>
        <type>IntroReferral</type>
        <text>Referred to House Judiciary</text>
        <actionDate>2015-09-24</actionDate>
        <sourceSystem>
          <name>House floor actions</name>
          <code>2</code>
        </sourceSystem>
        <links />
      </item>
      <item>
        <committee />
        <actionCode>Intro-H</actionCode>
        <type>IntroReferral</type>
        <text>Introduced in House</text>
        <actionDate>2015-09-24</actionDate>
        <sourceSystem>
          <name>Library of Congress</name>
          <code>9</code>
        </sourceSystem>
        <links />
      </item>
      <item>
        <committee />
        <actionCode>1000</actionCode>
        <type>IntroReferral</type>
        <text>Introduced in House</text>
        <actionDate>2015-09-24</actionDate>
        <sourceSystem>
          <name>Library of Congress</name>
          <code>9</code>
        </sourceSystem>
        <links />
      </item>
      <actionTypeCounts>
        <billReferrals>2</billReferrals>
        <placeholderTextForH>1</placeholderTextForH>
        <billReferralsAggregate>1</billReferralsAggregate>
        <introducedInHouse>1</introducedInHouse>
        <introducedInTheHouse>1</introducedInTheHouse>
      </actionTypeCounts>
    </actions>
    <laws />
    <cboCostEstimates />
    <title>Recognizing the persecution of religious and ethnic minorities, especially Christians and Yezidis, by the Islamic State of Iraq and the Levant, also known as Daesh, and calling for the immediate prioritization of accepting refugees from such communities.</title>
  </bill>
  <dublinCore xmlns:dc="http://purl.org/dc/elements/1.1/">
    <dc:format>text/xml</dc:format>
    <dc:language>EN</dc:language>
    <dc:rights>Pursuant to Title 17 Section 105 of the United States Code, this file is not subject to copyright protection and is in the public domain.</dc:rights>
    <dc:contributor>Congressional Research Service, Library of Congress</dc:contributor>
    <dc:description>This file contains bill summaries and statuses for federal legislation. A bill summary describes the most significant provisions of a piece of legislation and details the effects the legislative text may have on current law and federal programs. Bill summaries are authored by the Congressional Research Service (CRS) of the Library of Congress. As stated in Public Law 91-510 (2 USC 166 (d)(6)), one of the duties of CRS is "to prepare summaries and digests of bills and resolutions of a public general nature introduced in the Senate or House of Representatives". For more information, refer to the User Guide that accompanies this file.</dc:description>
  </dublinCore>
</billStatus>

