<?xml version="1.0" encoding="UTF-8"?>
<billStatus>
  <bill>
    <congress>114</congress>
    <calendarNumbers />
    <cboCostEstimates />
    <actions>
      <actionByCounts>
        <houseOfRepresentatives>3</houseOfRepresentatives>
      </actionByCounts>
      <item>
        <sourceSystem>
          <code>2</code>
          <name>House floor actions</name>
        </sourceSystem>
        <type>IntroReferral</type>
        <text>Referred to the House Committee on Education and the Workforce.</text>
        <committee>
          <systemCode>hsed00</systemCode>
          <name>Education and the Workforce Committee</name>
        </committee>
        <links />
        <actionDate>2015-03-18</actionDate>
        <actionCode>H11100</actionCode>
      </item>
      <item>
        <sourceSystem>
          <code>9</code>
          <name>Library of Congress</name>
        </sourceSystem>
        <type>IntroReferral</type>
        <text>Sponsor introductory remarks on measure. (CR H1750)</text>
        <committee />
        <links>
          <link>
            <url>https://www.congress.gov/congressional-record/volume-161/house-section/page/H1750</url>
            <name>H1750</name>
          </link>
        </links>
        <actionDate>2015-03-18</actionDate>
        <actionCode>B00100</actionCode>
      </item>
      <item>
        <sourceSystem>
          <code>9</code>
          <name>Library of Congress</name>
        </sourceSystem>
        <type>IntroReferral</type>
        <text>Introduced in House</text>
        <committee />
        <links />
        <actionDate>2015-03-18</actionDate>
        <actionCode>Intro-H</actionCode>
      </item>
      <item>
        <sourceSystem>
          <code>9</code>
          <name>Library of Congress</name>
        </sourceSystem>
        <type>IntroReferral</type>
        <text>Introduced in House</text>
        <committee />
        <links />
        <actionDate>2015-03-18</actionDate>
        <actionCode>1000</actionCode>
      </item>
      <actionTypeCounts>
        <billReferrals>1</billReferrals>
        <placeholderTextForB>1</placeholderTextForB>
        <introducedInTheHouse>1</introducedInTheHouse>
        <introducedInHouse>1</introducedInHouse>
      </actionTypeCounts>
    </actions>
    <relatedBills />
    <latestAction>
      <text>Referred to the House Committee on Education and the Workforce.</text>
      <links />
      <actionDate>2015-03-18</actionDate>
    </latestAction>
    <originChamber>House</originChamber>
    <title>Expressing the sense of the House of Representatives that the current record breaking wealth gap is a national problem for the nation's economic security, and that broad-based, generational and systemic inequities continue to distort economic progress and opportunity for tens of millions of Americans -especially low and middle-income Americans and communities of color.</title>
    <titles>
      <item>
        <titleType>Official Title as Introduced</titleType>
        <chamberName />
        <title>Expressing the sense of the House of Representatives that the current record breaking wealth gap is a national problem for the nation's economic security, and that broad-based, generational and systemic inequities continue to distort economic progress and opportunity for tens of millions of Americans -especially low and middle-income Americans and communities of color.</title>
        <chamberCode />
        <parentTitleType />
      </item>
      <item>
        <titleType>Display Title</titleType>
        <chamberName />
        <title>Expressing the sense of the House of Representatives that the current record breaking wealth gap is a national problem for the nation's economic security, and that broad-based, generational and systemic inequities continue to distort economic progress and opportunity for tens of millions of Americans -especially low and middle-income Americans and communities of color.</title>
        <chamberCode />
        <parentTitleType />
      </item>
    </titles>
    <committeeReports />
    <updateDate>2017-01-11T14:30:16Z</updateDate>
    <billType>HRES</billType>
    <recordedVotes />
    <subjects>
      <billSubjects>
        <policyArea>
          <name>Economics and Public Finance</name>
        </policyArea>
        <legislativeSubjects>
          <item>
            <name>Economic performance and conditions</name>
          </item>
          <item>
            <name>Racial and ethnic relations</name>
          </item>
        </legislativeSubjects>
      </billSubjects>
    </subjects>
    <policyArea>
      <name>Economics and Public Finance</name>
    </policyArea>
    <laws />
    <amendments />
    <committees>
      <billCommittees>
        <item>
          <chamber>House</chamber>
          <subcommittees />
          <type>Standing</type>
          <name>Education and the Workforce Committee</name>
          <activities>
            <item>
              <name>Referred to</name>
              <date>2015-03-18T14:05:15Z</date>
            </item>
          </activities>
          <systemCode>hsed00</systemCode>
        </item>
      </billCommittees>
    </committees>
    <sponsors>
      <item>
        <identifiers>
          <lisID>1205</lisID>
          <gpoId>7840</gpoId>
          <bioguideId>W000187</bioguideId>
        </identifiers>
        <state>CA</state>
        <bioguideId>W000187</bioguideId>
        <lastName>WATERS</lastName>
        <middleName />
        <party>D</party>
        <district>43</district>
        <fullName>Rep. Waters, Maxine [D-CA-43]</fullName>
        <byRequestType />
        <firstName>MAXINE</firstName>
      </item>
    </sponsors>
    <introducedDate>2015-03-18</introducedDate>
    <summaries>
      <billSummaries>
        <item>
          <actionDesc>Introduced in House</actionDesc>
          <text><![CDATA[<p>Recognizes that all families need to be economically secure to create opportunities for their children and the nation's next generation.<br> </p> <p>Recognizes that wealth and income inequality hurt economic growth and risks economic security for individual families, our communities, and the nation as a whole.</p> <p>Supports the elimination of the wealth gap and the racial wealth gap as national economic security priorities.</p> <p>Acknowledges that Congress has a responsibility to implement thoughtful, proven and pragmatic policy strategies to eliminate the wealth gap and the racial wealth gap.</p>]]></text>
          <versionCode>00</versionCode>
          <lastSummaryUpdateDate>2015-04-21T13:53:07Z</lastSummaryUpdateDate>
          <updateDate>2015-03-18T04:00:00Z</updateDate>
          <actionDate>2015-03-18</actionDate>
          <name>Introduced in House</name>
        </item>
      </billSummaries>
    </summaries>
    <notes />
    <createDate>2015-03-19T05:50:07Z</createDate>
    <billNumber>159</billNumber>
    <cosponsors>
      <item>
        <lastName>NORTON</lastName>
        <state>DC</state>
        <bioguideId>N000147</bioguideId>
        <firstName>ELEANOR</firstName>
        <identifiers>
          <bioguideId>N000147</bioguideId>
          <lisID>868</lisID>
          <gpoId>7871</gpoId>
        </identifiers>
        <sponsorshipDate>2015-03-18</sponsorshipDate>
        <party>D</party>
        <isOriginalCosponsor>True</isOriginalCosponsor>
        <sponsorshipWithdrawnDate />
        <district>0</district>
        <fullName>Rep. Norton, Eleanor Holmes [D-DC-At Large]</fullName>
        <middleName>HOLMES</middleName>
      </item>
      <item>
        <lastName>MEEKS</lastName>
        <state>NY</state>
        <bioguideId>M001137</bioguideId>
        <firstName>GREGORY</firstName>
        <identifiers>
          <bioguideId>M001137</bioguideId>
          <lisID>1506</lisID>
          <gpoId>8067</gpoId>
        </identifiers>
        <sponsorshipDate>2015-03-18</sponsorshipDate>
        <party>D</party>
        <isOriginalCosponsor>True</isOriginalCosponsor>
        <sponsorshipWithdrawnDate />
        <district>5</district>
        <fullName>Rep. Meeks, Gregory W. [D-NY-5]</fullName>
        <middleName>W.</middleName>
      </item>
      <item>
        <lastName>RANGEL</lastName>
        <state>NY</state>
        <bioguideId>R000053</bioguideId>
        <firstName>CHARLES</firstName>
        <identifiers>
          <lisID>944</lisID>
          <gpoId>8076</gpoId>
          <bioguideId>R000053</bioguideId>
        </identifiers>
        <sponsorshipDate>2015-03-18</sponsorshipDate>
        <party>D</party>
        <isOriginalCosponsor>True</isOriginalCosponsor>
        <sponsorshipWithdrawnDate />
        <district>13</district>
        <fullName>Rep. Rangel, Charles B. [D-NY-13]</fullName>
        <middleName>B.</middleName>
      </item>
      <item>
        <lastName>Fudge</lastName>
        <state>OH</state>
        <bioguideId>F000455</bioguideId>
        <firstName>Marcia</firstName>
        <identifiers>
          <lisID>1895</lisID>
          <gpoId>8101</gpoId>
          <bioguideId>F000455</bioguideId>
        </identifiers>
        <sponsorshipDate>2015-03-18</sponsorshipDate>
        <party>D</party>
        <isOriginalCosponsor>True</isOriginalCosponsor>
        <sponsorshipWithdrawnDate />
        <district>11</district>
        <fullName>Rep. Fudge, Marcia L. [D-OH-11]</fullName>
        <middleName>L.</middleName>
      </item>
      <item>
        <lastName>CLYBURN</lastName>
        <state>SC</state>
        <bioguideId>C000537</bioguideId>
        <firstName>JAMES</firstName>
        <identifiers>
          <lisID>208</lisID>
          <gpoId>8146</gpoId>
          <bioguideId>C000537</bioguideId>
        </identifiers>
        <sponsorshipDate>2015-03-18</sponsorshipDate>
        <party>D</party>
        <isOriginalCosponsor>True</isOriginalCosponsor>
        <sponsorshipWithdrawnDate />
        <district>6</district>
        <fullName>Rep. Clyburn, James E. [D-SC-6]</fullName>
        <middleName>E.</middleName>
      </item>
      <item>
        <lastName>THOMPSON</lastName>
        <state>MS</state>
        <bioguideId>T000193</bioguideId>
        <firstName>BENNIE</firstName>
        <identifiers>
          <gpoId>8020</gpoId>
          <bioguideId>T000193</bioguideId>
          <lisID>1151</lisID>
        </identifiers>
        <sponsorshipDate>2015-03-18</sponsorshipDate>
        <party>D</party>
        <isOriginalCosponsor>True</isOriginalCosponsor>
        <sponsorshipWithdrawnDate />
        <district>2</district>
        <fullName>Rep. Thompson, Bennie G. [D-MS-2]</fullName>
        <middleName />
      </item>
      <item>
        <lastName>Clarke</lastName>
        <state>NY</state>
        <bioguideId>C001067</bioguideId>
        <firstName>Yvette</firstName>
        <identifiers>
          <bioguideId>C001067</bioguideId>
          <gpoId>8072</gpoId>
          <lisID>1864</lisID>
        </identifiers>
        <sponsorshipDate>2015-03-18</sponsorshipDate>
        <party>D</party>
        <isOriginalCosponsor>True</isOriginalCosponsor>
        <sponsorshipWithdrawnDate />
        <district>9</district>
        <fullName>Rep. Clarke, Yvette D. [D-NY-9]</fullName>
        <middleName>D.</middleName>
      </item>
      <item>
        <lastName>Butterfield</lastName>
        <state>NC</state>
        <bioguideId>B001251</bioguideId>
        <firstName>G. K.</firstName>
        <identifiers>
          <lisID>1761</lisID>
          <gpoId>8024</gpoId>
          <bioguideId>B001251</bioguideId>
        </identifiers>
        <sponsorshipDate>2015-03-18</sponsorshipDate>
        <party>D</party>
        <isOriginalCosponsor>True</isOriginalCosponsor>
        <sponsorshipWithdrawnDate />
        <district>1</district>
        <fullName>Rep. Butterfield, G. K. [D-NC-1]</fullName>
        <middleName />
      </item>
      <item>
        <lastName>LEE</lastName>
        <state>CA</state>
        <bioguideId>L000551</bioguideId>
        <firstName>BARBARA</firstName>
        <identifiers>
          <lisID>1501</lisID>
          <gpoId>7814</gpoId>
          <bioguideId>L000551</bioguideId>
        </identifiers>
        <sponsorshipDate>2015-03-18</sponsorshipDate>
        <party>D</party>
        <isOriginalCosponsor>True</isOriginalCosponsor>
        <sponsorshipWithdrawnDate />
        <district>13</district>
        <fullName>Rep. Lee, Barbara [D-CA-13]</fullName>
        <middleName />
      </item>
      <item>
        <lastName>LEWIS</lastName>
        <state>GA</state>
        <bioguideId>L000287</bioguideId>
        <firstName>JOHN</firstName>
        <identifiers>
          <bioguideId>L000287</bioguideId>
          <lisID>688</lisID>
          <gpoId>7902</gpoId>
        </identifiers>
        <sponsorshipDate>2015-03-18</sponsorshipDate>
        <party>D</party>
        <isOriginalCosponsor>True</isOriginalCosponsor>
        <sponsorshipWithdrawnDate />
        <district>5</district>
        <fullName>Rep. Lewis, John [D-GA-5]</fullName>
        <middleName />
      </item>
      <item>
        <lastName>Beatty</lastName>
        <state>OH</state>
        <bioguideId>B001281</bioguideId>
        <firstName>Joyce</firstName>
        <identifiers>
          <lisID>2153</lisID>
          <gpoId />
          <bioguideId>B001281</bioguideId>
        </identifiers>
        <sponsorshipDate>2015-03-18</sponsorshipDate>
        <party>D</party>
        <isOriginalCosponsor>True</isOriginalCosponsor>
        <sponsorshipWithdrawnDate />
        <district>3</district>
        <fullName>Rep. Beatty, Joyce [D-OH-3]</fullName>
        <middleName />
      </item>
      <item>
        <lastName>Lieu</lastName>
        <state>CA</state>
        <bioguideId>L000582</bioguideId>
        <firstName>Ted</firstName>
        <identifiers>
          <lisID>2230</lisID>
          <gpoId />
          <bioguideId>L000582</bioguideId>
        </identifiers>
        <sponsorshipDate>2015-03-18</sponsorshipDate>
        <party>D</party>
        <isOriginalCosponsor>True</isOriginalCosponsor>
        <sponsorshipWithdrawnDate />
        <district>33</district>
        <fullName>Rep. Lieu, Ted [D-CA-33]</fullName>
        <middleName />
      </item>
      <item>
        <lastName>Richmond</lastName>
        <state>LA</state>
        <bioguideId>R000588</bioguideId>
        <firstName>Cedric</firstName>
        <identifiers>
          <lisID>2023</lisID>
          <gpoId>7960</gpoId>
          <bioguideId>R000588</bioguideId>
        </identifiers>
        <sponsorshipDate>2015-03-18</sponsorshipDate>
        <party>D</party>
        <isOriginalCosponsor>True</isOriginalCosponsor>
        <sponsorshipWithdrawnDate />
        <district>2</district>
        <fullName>Rep. Richmond, Cedric L. [D-LA-2]</fullName>
        <middleName>L.</middleName>
      </item>
      <item>
        <lastName>Bass</lastName>
        <state>CA</state>
        <bioguideId>B001270</bioguideId>
        <firstName>Karen</firstName>
        <identifiers>
          <lisID>1996</lisID>
          <gpoId>7838</gpoId>
          <bioguideId>B001270</bioguideId>
        </identifiers>
        <sponsorshipDate>2015-03-18</sponsorshipDate>
        <party>D</party>
        <isOriginalCosponsor>True</isOriginalCosponsor>
        <sponsorshipWithdrawnDate />
        <district>37</district>
        <fullName>Rep. Bass, Karen [D-CA-37]</fullName>
        <middleName />
      </item>
      <item>
        <lastName>KAPTUR</lastName>
        <state>OH</state>
        <bioguideId>K000009</bioguideId>
        <firstName>MARCY</firstName>
        <identifiers>
          <gpoId>8099</gpoId>
          <bioguideId>K000009</bioguideId>
          <lisID>616</lisID>
        </identifiers>
        <sponsorshipDate>2015-03-18</sponsorshipDate>
        <party>D</party>
        <isOriginalCosponsor>True</isOriginalCosponsor>
        <sponsorshipWithdrawnDate />
        <district>9</district>
        <fullName>Rep. Kaptur, Marcy [D-OH-9]</fullName>
        <middleName />
      </item>
      <item>
        <lastName>DELAURO</lastName>
        <state>CT</state>
        <bioguideId>D000216</bioguideId>
        <firstName>ROSA</firstName>
        <identifiers>
          <lisID>281</lisID>
          <gpoId>7868</gpoId>
          <bioguideId>D000216</bioguideId>
        </identifiers>
        <sponsorshipDate>2015-03-18</sponsorshipDate>
        <party>D</party>
        <isOriginalCosponsor>True</isOriginalCosponsor>
        <sponsorshipWithdrawnDate />
        <district>3</district>
        <fullName>Rep. DeLauro, Rosa L. [D-CT-3]</fullName>
        <middleName />
      </item>
      <item>
        <lastName>Moore</lastName>
        <state>WI</state>
        <bioguideId>M001160</bioguideId>
        <firstName>Gwen</firstName>
        <identifiers>
          <lisID>1811</lisID>
          <gpoId>8217</gpoId>
          <bioguideId>M001160</bioguideId>
        </identifiers>
        <sponsorshipDate>2015-03-18</sponsorshipDate>
        <party>D</party>
        <isOriginalCosponsor>True</isOriginalCosponsor>
        <sponsorshipWithdrawnDate />
        <district>4</district>
        <fullName>Rep. Moore, Gwen [D-WI-4]</fullName>
        <middleName />
      </item>
      <item>
        <lastName>Green</lastName>
        <state>TX</state>
        <bioguideId>G000553</bioguideId>
        <firstName>Al</firstName>
        <identifiers>
          <gpoId>8165</gpoId>
          <bioguideId>G000553</bioguideId>
          <lisID>1803</lisID>
        </identifiers>
        <sponsorshipDate>2015-03-18</sponsorshipDate>
        <party>D</party>
        <isOriginalCosponsor>True</isOriginalCosponsor>
        <sponsorshipWithdrawnDate />
        <district>9</district>
        <fullName>Rep. Green, Al [D-TX-9]</fullName>
        <middleName />
      </item>
      <item>
        <lastName>CLAY</lastName>
        <state>MO</state>
        <bioguideId>C001049</bioguideId>
        <firstName>WM.</firstName>
        <identifiers>
          <bioguideId>C001049</bioguideId>
          <lisID>1654</lisID>
          <gpoId>8009</gpoId>
        </identifiers>
        <sponsorshipDate>2015-03-18</sponsorshipDate>
        <party>D</party>
        <isOriginalCosponsor>True</isOriginalCosponsor>
        <sponsorshipWithdrawnDate />
        <district>1</district>
        <fullName>Rep. Clay, Wm. Lacy [D-MO-1]</fullName>
        <middleName>LACY</middleName>
      </item>
      <item>
        <lastName>JACKSON LEE</lastName>
        <state>TX</state>
        <bioguideId>J000032</bioguideId>
        <firstName>SHEILA</firstName>
        <identifiers>
          <gpoId>8174</gpoId>
          <bioguideId>J000032</bioguideId>
          <lisID>588</lisID>
        </identifiers>
        <sponsorshipDate>2015-03-18</sponsorshipDate>
        <party>D</party>
        <isOriginalCosponsor>True</isOriginalCosponsor>
        <sponsorshipWithdrawnDate />
        <district>18</district>
        <fullName>Rep. Jackson Lee, Sheila [D-TX-18]</fullName>
        <middleName />
      </item>
      <item>
        <lastName>Wilson</lastName>
        <state>FL</state>
        <bioguideId>W000808</bioguideId>
        <firstName>Frederica</firstName>
        <identifiers>
          <bioguideId>W000808</bioguideId>
          <lisID>2004</lisID>
          <gpoId>7889</gpoId>
        </identifiers>
        <sponsorshipDate>2015-03-18</sponsorshipDate>
        <party>D</party>
        <isOriginalCosponsor>True</isOriginalCosponsor>
        <sponsorshipWithdrawnDate />
        <district>24</district>
        <fullName>Rep. Wilson, Frederica S. [D-FL-24]</fullName>
        <middleName>S.</middleName>
      </item>
      <item>
        <lastName>CUMMINGS</lastName>
        <state>MD</state>
        <bioguideId>C000984</bioguideId>
        <firstName>ELIJAH</firstName>
        <identifiers>
          <lisID>256</lisID>
          <gpoId>7982</gpoId>
          <bioguideId>C000984</bioguideId>
        </identifiers>
        <sponsorshipDate>2015-03-18</sponsorshipDate>
        <party>D</party>
        <isOriginalCosponsor>True</isOriginalCosponsor>
        <sponsorshipWithdrawnDate />
        <district>7</district>
        <fullName>Rep. Cummings, Elijah E. [D-MD-7]</fullName>
        <middleName>E.</middleName>
      </item>
      <item>
        <lastName>Jeffries</lastName>
        <state>NY</state>
        <bioguideId>J000294</bioguideId>
        <firstName>Hakeem</firstName>
        <identifiers>
          <lisID>2149</lisID>
          <gpoId />
          <bioguideId>J000294</bioguideId>
        </identifiers>
        <sponsorshipDate>2015-03-18</sponsorshipDate>
        <party>D</party>
        <isOriginalCosponsor>True</isOriginalCosponsor>
        <sponsorshipWithdrawnDate />
        <district>8</district>
        <fullName>Rep. Jeffries, Hakeem S. [D-NY-8]</fullName>
        <middleName>S.</middleName>
      </item>
      <item>
        <lastName>HASTINGS</lastName>
        <state>FL</state>
        <bioguideId>H000324</bioguideId>
        <firstName>ALCEE</firstName>
        <identifiers>
          <lisID>511</lisID>
          <gpoId>7895</gpoId>
          <bioguideId>H000324</bioguideId>
        </identifiers>
        <sponsorshipDate>2015-03-18</sponsorshipDate>
        <party>D</party>
        <isOriginalCosponsor>True</isOriginalCosponsor>
        <sponsorshipWithdrawnDate />
        <district>20</district>
        <fullName>Rep. Hastings, Alcee L. [D-FL-20]</fullName>
        <middleName>L.</middleName>
      </item>
      <item>
        <lastName>Cleaver</lastName>
        <state>MO</state>
        <bioguideId>C001061</bioguideId>
        <firstName>Emanuel</firstName>
        <identifiers>
          <lisID>1790</lisID>
          <gpoId>8013</gpoId>
          <bioguideId>C001061</bioguideId>
        </identifiers>
        <sponsorshipDate>2015-03-18</sponsorshipDate>
        <party>D</party>
        <isOriginalCosponsor>True</isOriginalCosponsor>
        <sponsorshipWithdrawnDate />
        <district>5</district>
        <fullName>Rep. Cleaver, Emanuel [D-MO-5]</fullName>
        <middleName />
      </item>
      <item>
        <lastName>MCDERMOTT</lastName>
        <state>WA</state>
        <bioguideId>M000404</bioguideId>
        <firstName>JIM</firstName>
        <identifiers>
          <lisID>766</lisID>
          <gpoId>8211</gpoId>
          <bioguideId>M000404</bioguideId>
        </identifiers>
        <sponsorshipDate>2015-03-18</sponsorshipDate>
        <party>D</party>
        <isOriginalCosponsor>True</isOriginalCosponsor>
        <sponsorshipWithdrawnDate />
        <district>7</district>
        <fullName>Rep. McDermott, Jim [D-WA-7]</fullName>
        <middleName />
      </item>
      <item>
        <lastName>Chu</lastName>
        <state>CA</state>
        <bioguideId>C001080</bioguideId>
        <firstName>Judy</firstName>
        <identifiers>
          <lisID>1970</lisID>
          <gpoId>7837</gpoId>
          <bioguideId>C001080</bioguideId>
        </identifiers>
        <sponsorshipDate>2015-03-18</sponsorshipDate>
        <party>D</party>
        <isOriginalCosponsor>True</isOriginalCosponsor>
        <sponsorshipWithdrawnDate />
        <district>27</district>
        <fullName>Rep. Chu, Judy [D-CA-27]</fullName>
        <middleName />
      </item>
      <item>
        <lastName>Vargas</lastName>
        <state>CA</state>
        <bioguideId>V000130</bioguideId>
        <firstName>Juan</firstName>
        <identifiers>
          <lisID>2112</lisID>
          <gpoId />
          <bioguideId>V000130</bioguideId>
        </identifiers>
        <sponsorshipDate>2015-03-18</sponsorshipDate>
        <party>D</party>
        <isOriginalCosponsor>True</isOriginalCosponsor>
        <sponsorshipWithdrawnDate />
        <district>51</district>
        <fullName>Rep. Vargas, Juan [D-CA-51]</fullName>
        <middleName />
      </item>
      <item>
        <lastName>SLAUGHTER</lastName>
        <state>NY</state>
        <bioguideId>S000480</bioguideId>
        <firstName>LOUISE</firstName>
        <identifiers>
          <lisID>1069</lisID>
          <gpoId>8089</gpoId>
          <bioguideId>S000480</bioguideId>
        </identifiers>
        <sponsorshipDate>2015-03-18</sponsorshipDate>
        <party>D</party>
        <isOriginalCosponsor>True</isOriginalCosponsor>
        <sponsorshipWithdrawnDate />
        <district>25</district>
        <fullName>Rep. Slaughter, Louise McIntosh [D-NY-25]</fullName>
        <middleName>M.</middleName>
      </item>
      <item>
        <lastName>Pocan</lastName>
        <state>WI</state>
        <bioguideId>P000607</bioguideId>
        <firstName>Mark</firstName>
        <identifiers>
          <bioguideId>P000607</bioguideId>
          <lisID>2171</lisID>
          <gpoId />
        </identifiers>
        <sponsorshipDate>2015-03-18</sponsorshipDate>
        <party>D</party>
        <isOriginalCosponsor>True</isOriginalCosponsor>
        <sponsorshipWithdrawnDate />
        <district>2</district>
        <fullName>Rep. Pocan, Mark [D-WI-2]</fullName>
        <middleName />
      </item>
      <item>
        <lastName>Plaskett</lastName>
        <state>VI</state>
        <bioguideId>P000610</bioguideId>
        <firstName>Stacey</firstName>
        <identifiers>
          <gpoId />
          <bioguideId>P000610</bioguideId>
          <lisID>2274</lisID>
        </identifiers>
        <sponsorshipDate>2015-03-18</sponsorshipDate>
        <party>D</party>
        <isOriginalCosponsor>True</isOriginalCosponsor>
        <sponsorshipWithdrawnDate />
        <district>0</district>
        <fullName>Rep. Plaskett, Stacey E. [D-VI-At Large]</fullName>
        <middleName>E.</middleName>
      </item>
      <item>
        <lastName>NADLER</lastName>
        <state>NY</state>
        <bioguideId>N000002</bioguideId>
        <firstName>JERROLD</firstName>
        <identifiers>
          <bioguideId>N000002</bioguideId>
          <gpoId>8069</gpoId>
          <lisID>850</lisID>
        </identifiers>
        <sponsorshipDate>2015-03-18</sponsorshipDate>
        <party>D</party>
        <isOriginalCosponsor>True</isOriginalCosponsor>
        <sponsorshipWithdrawnDate />
        <district>10</district>
        <fullName>Rep. Nadler, Jerrold [D-NY-10]</fullName>
        <middleName />
      </item>
      <item>
        <lastName>Veasey</lastName>
        <state>TX</state>
        <bioguideId>V000131</bioguideId>
        <firstName>Marc</firstName>
        <identifiers>
          <lisID>2166</lisID>
          <gpoId />
          <bioguideId>V000131</bioguideId>
        </identifiers>
        <sponsorshipDate>2015-03-18</sponsorshipDate>
        <party>D</party>
        <isOriginalCosponsor>True</isOriginalCosponsor>
        <sponsorshipWithdrawnDate />
        <district>33</district>
        <fullName>Rep. Veasey, Marc A. [D-TX-33]</fullName>
        <middleName>A.</middleName>
      </item>
      <item>
        <lastName>Sewell</lastName>
        <state>AL</state>
        <bioguideId>S001185</bioguideId>
        <firstName>Terri</firstName>
        <identifiers>
          <lisID>1988</lisID>
          <gpoId>7792</gpoId>
          <bioguideId>S001185</bioguideId>
        </identifiers>
        <sponsorshipDate>2015-03-18</sponsorshipDate>
        <party>D</party>
        <isOriginalCosponsor>True</isOriginalCosponsor>
        <sponsorshipWithdrawnDate />
        <district>7</district>
        <fullName>Rep. Sewell, Terri A. [D-AL-7]</fullName>
        <middleName>A.</middleName>
      </item>
      <item>
        <lastName>Watson Coleman</lastName>
        <state>NJ</state>
        <bioguideId>W000822</bioguideId>
        <firstName>Bonnie</firstName>
        <identifiers>
          <lisID>2259</lisID>
          <gpoId />
          <bioguideId>W000822</bioguideId>
        </identifiers>
        <sponsorshipDate>2015-03-18</sponsorshipDate>
        <party>D</party>
        <isOriginalCosponsor>True</isOriginalCosponsor>
        <sponsorshipWithdrawnDate />
        <district>12</district>
        <fullName>Rep. Watson Coleman, Bonnie [D-NJ-12]</fullName>
        <middleName />
      </item>
      <item>
        <lastName>RUSH</lastName>
        <state>IL</state>
        <bioguideId>R000515</bioguideId>
        <firstName>BOBBY</firstName>
        <identifiers>
          <bioguideId>R000515</bioguideId>
          <gpoId>7921</gpoId>
          <lisID>1003</lisID>
        </identifiers>
        <sponsorshipDate>2015-03-18</sponsorshipDate>
        <party>D</party>
        <isOriginalCosponsor>True</isOriginalCosponsor>
        <sponsorshipWithdrawnDate />
        <district>1</district>
        <fullName>Rep. Rush, Bobby L. [D-IL-1]</fullName>
        <middleName>L.</middleName>
      </item>
      <item>
        <lastName>Adams</lastName>
        <state>NC</state>
        <bioguideId>A000370</bioguideId>
        <firstName>Alma</firstName>
        <identifiers>
          <lisID>2201</lisID>
          <gpoId />
          <bioguideId>A000370</bioguideId>
        </identifiers>
        <sponsorshipDate>2015-03-18</sponsorshipDate>
        <party>D</party>
        <isOriginalCosponsor>True</isOriginalCosponsor>
        <sponsorshipWithdrawnDate />
        <district>12</district>
        <fullName>Rep. Adams, Alma S. [D-NC-12]</fullName>
        <middleName>S.</middleName>
      </item>
      <item>
        <lastName>THOMPSON</lastName>
        <state>CA</state>
        <bioguideId>T000460</bioguideId>
        <firstName>MIKE</firstName>
        <identifiers>
          <lisID>1593</lisID>
          <gpoId>7806</gpoId>
          <bioguideId>T000460</bioguideId>
        </identifiers>
        <sponsorshipDate>2015-03-18</sponsorshipDate>
        <party>D</party>
        <isOriginalCosponsor>True</isOriginalCosponsor>
        <sponsorshipWithdrawnDate />
        <district>5</district>
        <fullName>Rep. Thompson, Mike [D-CA-5]</fullName>
        <middleName />
      </item>
      <item>
        <lastName>HINOJOSA</lastName>
        <state>TX</state>
        <bioguideId>H000636</bioguideId>
        <firstName>RUBEN</firstName>
        <identifiers>
          <lisID>1490</lisID>
          <gpoId>8171</gpoId>
          <bioguideId>H000636</bioguideId>
        </identifiers>
        <sponsorshipDate>2015-03-18</sponsorshipDate>
        <party>D</party>
        <isOriginalCosponsor>True</isOriginalCosponsor>
        <sponsorshipWithdrawnDate />
        <district>15</district>
        <fullName>Rep. Hinojosa, Ruben [D-TX-15]</fullName>
        <middleName />
      </item>
      <item>
        <lastName>MCGOVERN</lastName>
        <state>MA</state>
        <bioguideId>M000312</bioguideId>
        <firstName>JAMES</firstName>
        <identifiers>
          <lisID>1504</lisID>
          <gpoId>7968</gpoId>
          <bioguideId>M000312</bioguideId>
        </identifiers>
        <sponsorshipDate>2015-03-18</sponsorshipDate>
        <party>D</party>
        <isOriginalCosponsor>True</isOriginalCosponsor>
        <sponsorshipWithdrawnDate />
        <district>2</district>
        <fullName>Rep. McGovern, James P. [D-MA-2]</fullName>
        <middleName>P.</middleName>
      </item>
      <item>
        <lastName>Carson</lastName>
        <state>IN</state>
        <bioguideId>C001072</bioguideId>
        <firstName>Andre</firstName>
        <identifiers>
          <lisID>1889</lisID>
          <gpoId>7946</gpoId>
          <bioguideId>C001072</bioguideId>
        </identifiers>
        <sponsorshipDate>2015-03-18</sponsorshipDate>
        <party>D</party>
        <isOriginalCosponsor>True</isOriginalCosponsor>
        <sponsorshipWithdrawnDate />
        <district>7</district>
        <fullName>Rep. Carson, Andre [D-IN-7]</fullName>
        <middleName />
      </item>
      <item>
        <lastName>Delaney</lastName>
        <state>MD</state>
        <bioguideId>D000620</bioguideId>
        <firstName>John</firstName>
        <identifiers>
          <bioguideId>D000620</bioguideId>
          <gpoId />
          <lisID>2133</lisID>
        </identifiers>
        <sponsorshipDate>2015-03-18</sponsorshipDate>
        <party>D</party>
        <isOriginalCosponsor>True</isOriginalCosponsor>
        <sponsorshipWithdrawnDate />
        <district>6</district>
        <fullName>Rep. Delaney, John K. [D-MD-6]</fullName>
        <middleName>K.</middleName>
      </item>
      <item>
        <lastName>SCHAKOWSKY</lastName>
        <state>IL</state>
        <bioguideId>S001145</bioguideId>
        <firstName>JANICE</firstName>
        <identifiers>
          <lisID>1588</lisID>
          <gpoId>7929</gpoId>
          <bioguideId>S001145</bioguideId>
        </identifiers>
        <sponsorshipDate>2015-03-18</sponsorshipDate>
        <party>D</party>
        <isOriginalCosponsor>True</isOriginalCosponsor>
        <sponsorshipWithdrawnDate />
        <district>9</district>
        <fullName>Rep. Schakowsky, Janice D. [D-IL-9]</fullName>
        <middleName>D.</middleName>
      </item>
      <item>
        <lastName>Van Hollen</lastName>
        <state>MD</state>
        <bioguideId>V000128</bioguideId>
        <firstName>Chris</firstName>
        <identifiers>
          <bioguideId>V000128</bioguideId>
          <gpoId>7983</gpoId>
          <lisID>1729</lisID>
        </identifiers>
        <sponsorshipDate>2015-03-18</sponsorshipDate>
        <party>D</party>
        <isOriginalCosponsor>True</isOriginalCosponsor>
        <sponsorshipWithdrawnDate />
        <district>8</district>
        <fullName>Rep. Van Hollen, Chris [D-MD-8]</fullName>
        <middleName />
      </item>
      <item>
        <lastName>SERRANO</lastName>
        <state>NY</state>
        <bioguideId>S000248</bioguideId>
        <firstName>JOSE</firstName>
        <identifiers>
          <bioguideId>S000248</bioguideId>
          <lisID>1042</lisID>
          <gpoId>8077</gpoId>
        </identifiers>
        <sponsorshipDate>2015-03-18</sponsorshipDate>
        <party>D</party>
        <isOriginalCosponsor>True</isOriginalCosponsor>
        <sponsorshipWithdrawnDate />
        <district>15</district>
        <fullName>Rep. Serrano, Jose E. [D-NY-15]</fullName>
        <middleName>E.</middleName>
      </item>
      <item>
        <lastName>Ellison</lastName>
        <state>MN</state>
        <bioguideId>E000288</bioguideId>
        <firstName>Keith</firstName>
        <identifiers>
          <gpoId>8005</gpoId>
          <bioguideId>E000288</bioguideId>
          <lisID>1857</lisID>
        </identifiers>
        <sponsorshipDate>2015-03-18</sponsorshipDate>
        <party>D</party>
        <isOriginalCosponsor>True</isOriginalCosponsor>
        <sponsorshipWithdrawnDate />
        <district>5</district>
        <fullName>Rep. Ellison, Keith [D-MN-5]</fullName>
        <middleName />
      </item>
      <item>
        <lastName>Edwards</lastName>
        <state>MD</state>
        <bioguideId>E000290</bioguideId>
        <firstName>Donna</firstName>
        <identifiers>
          <bioguideId>E000290</bioguideId>
          <lisID>1894</lisID>
          <gpoId>7979</gpoId>
        </identifiers>
        <sponsorshipDate>2015-03-18</sponsorshipDate>
        <party>D</party>
        <isOriginalCosponsor>True</isOriginalCosponsor>
        <sponsorshipWithdrawnDate />
        <district>4</district>
        <fullName>Rep. Edwards, Donna F. [D-MD-4]</fullName>
        <middleName>F.</middleName>
      </item>
      <item>
        <lastName>Johnson</lastName>
        <state>GA</state>
        <bioguideId>J000288</bioguideId>
        <firstName>Henry</firstName>
        <identifiers>
          <bioguideId>J000288</bioguideId>
          <gpoId>7901</gpoId>
          <lisID>1843</lisID>
        </identifiers>
        <sponsorshipDate>2015-03-18</sponsorshipDate>
        <party>D</party>
        <isOriginalCosponsor>True</isOriginalCosponsor>
        <sponsorshipWithdrawnDate />
        <district>4</district>
        <fullName>Rep. Johnson, Henry C. "Hank," Jr. [D-GA-4]</fullName>
        <middleName>C. "Hank"</middleName>
      </item>
      <item>
        <lastName>Scott</lastName>
        <state>GA</state>
        <bioguideId>S001157</bioguideId>
        <firstName>David</firstName>
        <identifiers>
          <bioguideId>S001157</bioguideId>
          <lisID>1722</lisID>
          <gpoId>7910</gpoId>
        </identifiers>
        <sponsorshipDate>2015-03-18</sponsorshipDate>
        <party>D</party>
        <isOriginalCosponsor>True</isOriginalCosponsor>
        <sponsorshipWithdrawnDate />
        <district>13</district>
        <fullName>Rep. Scott, David [D-GA-13]</fullName>
        <middleName />
      </item>
      <item>
        <lastName>BROWN</lastName>
        <state>FL</state>
        <bioguideId>B000911</bioguideId>
        <firstName>CORRINE</firstName>
        <identifiers>
          <lisID>132</lisID>
          <gpoId>7875</gpoId>
          <bioguideId>B000911</bioguideId>
        </identifiers>
        <sponsorshipDate>2015-03-18</sponsorshipDate>
        <party>D</party>
        <isOriginalCosponsor>True</isOriginalCosponsor>
        <sponsorshipWithdrawnDate />
        <district>5</district>
        <fullName>Rep. Brown, Corrine [D-FL-5]</fullName>
        <middleName />
      </item>
      <item>
        <lastName>Lynch</lastName>
        <state>MA</state>
        <bioguideId>L000562</bioguideId>
        <firstName>Stephen</firstName>
        <identifiers>
          <lisID>1686</lisID>
          <gpoId>7974</gpoId>
          <bioguideId>L000562</bioguideId>
        </identifiers>
        <sponsorshipDate>2015-03-18</sponsorshipDate>
        <party>D</party>
        <isOriginalCosponsor>True</isOriginalCosponsor>
        <sponsorshipWithdrawnDate />
        <district>8</district>
        <fullName>Rep. Lynch, Stephen F. [D-MA-8]</fullName>
        <middleName>F.</middleName>
      </item>
      <item>
        <lastName>Kelly</lastName>
        <state>IL</state>
        <bioguideId>K000385</bioguideId>
        <firstName>Robin</firstName>
        <identifiers>
          <lisID>2190</lisID>
          <gpoId />
          <bioguideId>K000385</bioguideId>
        </identifiers>
        <sponsorshipDate>2015-03-18</sponsorshipDate>
        <party>D</party>
        <isOriginalCosponsor>True</isOriginalCosponsor>
        <sponsorshipWithdrawnDate />
        <district>2</district>
        <fullName>Rep. Kelly, Robin L. [D-IL-2]</fullName>
        <middleName>L.</middleName>
      </item>
      <item>
        <lastName>Clark</lastName>
        <state>MA</state>
        <bioguideId>C001101</bioguideId>
        <firstName>Katherine</firstName>
        <identifiers>
          <bioguideId>C001101</bioguideId>
          <lisID>2196</lisID>
          <gpoId />
        </identifiers>
        <sponsorshipDate>2015-04-15</sponsorshipDate>
        <party>D</party>
        <isOriginalCosponsor>False</isOriginalCosponsor>
        <sponsorshipWithdrawnDate />
        <district>5</district>
        <fullName>Rep. Clark, Katherine M. [D-MA-5]</fullName>
        <middleName>M.</middleName>
      </item>
      <item>
        <lastName>CROWLEY</lastName>
        <state>NY</state>
        <bioguideId>C001038</bioguideId>
        <firstName>JOSEPH</firstName>
        <identifiers>
          <lisID>1604</lisID>
          <gpoId>8068</gpoId>
          <bioguideId>C001038</bioguideId>
        </identifiers>
        <sponsorshipDate>2015-04-29</sponsorshipDate>
        <party>D</party>
        <isOriginalCosponsor>False</isOriginalCosponsor>
        <sponsorshipWithdrawnDate />
        <district>14</district>
        <fullName>Rep. Crowley, Joseph [D-NY-14]</fullName>
        <middleName />
      </item>
      <item>
        <lastName>MALONEY</lastName>
        <state>NY</state>
        <bioguideId>M000087</bioguideId>
        <firstName>CAROLYN</firstName>
        <identifiers>
          <bioguideId>M000087</bioguideId>
          <lisID>729</lisID>
          <gpoId>8075</gpoId>
        </identifiers>
        <sponsorshipDate>2015-04-29</sponsorshipDate>
        <party>D</party>
        <isOriginalCosponsor>False</isOriginalCosponsor>
        <sponsorshipWithdrawnDate />
        <district>12</district>
        <fullName>Rep. Maloney, Carolyn B. [D-NY-12]</fullName>
        <middleName>B.</middleName>
      </item>
    </cosponsors>
    <constitutionalAuthorityStatementText />
  </bill>
  <dublinCore xmlns:dc="http://purl.org/dc/elements/1.1/">
    <dc:format>text/xml</dc:format>
    <dc:language>EN</dc:language>
    <dc:rights>Pursuant to Title 17 Section 105 of the United States Code, this file is not subject to copyright protection and is in the public domain.</dc:rights>
    <dc:contributor>Congressional Research Service, Library of Congress</dc:contributor>
    <dc:description>This file contains bill summaries and statuses for federal legislation. A bill summary describes the most significant provisions of a piece of legislation and details the effects the legislative text may have on current law and federal programs. Bill summaries are authored by the Congressional Research Service (CRS) of the Library of Congress. As stated in Public Law 91-510 (2 USC 166 (d)(6)), one of the duties of CRS is "to prepare summaries and digests of bills and resolutions of a public general nature introduced in the Senate or House of Representatives". For more information, refer to the User Guide that accompanies this file.</dc:description>
  </dublinCore>
</billStatus>

