<?xml version="1.0" encoding="UTF-8"?>
<billStatus>
  <bill>
    <amendments />
    <actions>
      <item>
        <links />
        <actionTime>16:08:08</actionTime>
        <actionDate>2015-01-27</actionDate>
        <committee />
        <sourceSystem>
          <name>House floor actions</name>
          <code>2</code>
        </sourceSystem>
        <text>Motion to reconsider laid on the table Agreed to without objection.</text>
        <type>Floor</type>
        <actionCode>H38310</actionCode>
      </item>
      <item>
        <links>
          <link>
            <url>https://www.congress.gov/congressional-record/volume-161/house-section/page/H611</url>
            <name>H611</name>
          </link>
          <link>
            <url>http://clerk.house.gov/evs/2015/roll046.xml</url>
            <name>Roll no. 46</name>
          </link>
        </links>
        <actionTime>16:08:06</actionTime>
        <actionDate>2015-01-27</actionDate>
        <committee />
        <sourceSystem>
          <name>House floor actions</name>
          <code>2</code>
        </sourceSystem>
        <text>On agreeing to the resolution Agreed to by the Yeas and Nays: 241 - 169 (Roll no. 46). (text: CR H611)</text>
        <type>Floor</type>
        <actionCode>H37100</actionCode>
      </item>
      <item>
        <links>
          <link>
            <url>https://www.congress.gov/congressional-record/volume-161/house-section/page/H611</url>
            <name>H611</name>
          </link>
          <link>
            <url>http://clerk.house.gov/evs/2015/roll046.xml</url>
            <name>Roll no. 46</name>
          </link>
        </links>
        <actionTime>16:08:06</actionTime>
        <actionDate>2015-01-27</actionDate>
        <committee />
        <sourceSystem>
          <name>Library of Congress</name>
          <code>9</code>
        </sourceSystem>
        <text>Passed/agreed to in House: On agreeing to the resolution Agreed to by the Yeas and Nays: 241 - 169 (Roll no. 46).(text: CR H611)</text>
        <type>Floor</type>
        <actionCode>8000</actionCode>
      </item>
      <item>
        <links>
          <link>
            <url>https://www.congress.gov/congressional-record/volume-161/house-section/page/H616</url>
            <name>H616</name>
          </link>
        </links>
        <actionTime>15:40:42</actionTime>
        <actionDate>2015-01-27</actionDate>
        <committee />
        <sourceSystem>
          <name>House floor actions</name>
          <code>2</code>
        </sourceSystem>
        <text>The previous question was ordered without objection. (consideration: CR H616)</text>
        <type>Floor</type>
        <actionCode>H35000</actionCode>
      </item>
      <item>
        <links>
          <link>
            <url>https://www.congress.gov/bill/114th-congress/house-resolution/48</url>
            <name>H. Res. 48</name>
          </link>
        </links>
        <actionTime>14:50:06</actionTime>
        <actionDate>2015-01-27</actionDate>
        <committee />
        <sourceSystem>
          <name>House floor actions</name>
          <code>2</code>
        </sourceSystem>
        <text>DEBATE - The House proceeded with one hour of debate on H. Res. 48.</text>
        <type>Floor</type>
        <actionCode>H8D000</actionCode>
      </item>
      <item>
        <links>
          <link>
            <url>https://www.congress.gov/congressional-record/volume-161/house-section/page/H611-616</url>
            <name>H611-616</name>
          </link>
        </links>
        <actionTime>14:49:47</actionTime>
        <actionDate>2015-01-27</actionDate>
        <committee />
        <sourceSystem>
          <name>House floor actions</name>
          <code>2</code>
        </sourceSystem>
        <text>Considered as privileged matter. (consideration: CR H611-616)</text>
        <type>Floor</type>
        <actionCode>H30000</actionCode>
      </item>
      <item>
        <links />
        <actionDate>2015-01-26</actionDate>
        <committee />
        <sourceSystem>
          <name>House floor actions</name>
          <code>2</code>
        </sourceSystem>
        <text>Placed on the House Calendar, Calendar No. 5.</text>
        <actionCode>H12420</actionCode>
        <type>Calendars</type>
      </item>
      <item>
        <links>
          <link>
            <url>https://www.congress.gov/bill/114th-congress/house-bill/351</url>
            <name>H.R. 351</name>
          </link>
        </links>
        <actionTime>18:41:52</actionTime>
        <actionDate>2015-01-26</actionDate>
        <committee />
        <sourceSystem>
          <name>House floor actions</name>
          <code>2</code>
        </sourceSystem>
        <text>Rule provides for consideration of H.R. 351 with 1 hour of general debate. Previous question shall be considered as ordered without intervening motions except motion to recommit. Measure will be considered read. Bill is closed to amendments.</text>
        <type>Floor</type>
        <actionCode>H12700</actionCode>
      </item>
      <item>
        <links>
          <link>
            <url>https://www.congress.gov/congressional-report/114th-congress/house-report/5</url>
            <name>H. Rept. 114-5</name>
          </link>
        </links>
        <actionDate>2015-01-26</actionDate>
        <committee>
          <systemCode>hsru00</systemCode>
          <name>Rules Committee</name>
        </committee>
        <sourceSystem>
          <name>House floor actions</name>
          <code>2</code>
        </sourceSystem>
        <text>The House Committee on Rules reported an original measure, H. Rept. 114-5, by Mr. Sessions.</text>
        <actionCode>H12100</actionCode>
        <type>Committee</type>
      </item>
      <item>
        <links>
          <link>
            <url>https://www.congress.gov/congressional-report/114th-congress/house-report/5</url>
            <name>H. Rept. 114-5</name>
          </link>
        </links>
        <actionDate>2015-01-26</actionDate>
        <committee>
          <systemCode>hsru00</systemCode>
          <name>Rules Committee</name>
        </committee>
        <sourceSystem>
          <name>Library of Congress</name>
          <code>9</code>
        </sourceSystem>
        <text>The House Committee on Rules reported an original measure, H. Rept. 114-5, by Mr. Sessions.</text>
        <actionCode>5000</actionCode>
        <type>Committee</type>
      </item>
      <item>
        <links />
        <actionDate>2015-01-26</actionDate>
        <committee />
        <sourceSystem>
          <name>Library of Congress</name>
          <code>9</code>
        </sourceSystem>
        <text>Introduced in House</text>
        <actionCode>1000</actionCode>
        <type>IntroReferral</type>
      </item>
      <actionTypeCounts>
        <motionToReconsiderResults>1</motionToReconsiderResults>
        <introducedInHouse>1</introducedInHouse>
        <motionForPreviousQuestion>1</motionForPreviousQuestion>
        <passageOfAMeasure>1</passageOfAMeasure>
        <considerationByHouse>1</considerationByHouse>
        <passedAgreedToInHouse>1</passedAgreedToInHouse>
        <committeeReportOfAnOriginalMeasure>1</committeeReportOfAnOriginalMeasure>
        <houseCalendarAssignment>1</houseCalendarAssignment>
        <provisionsOfARule>1</provisionsOfARule>
        <reportedToHouse>1</reportedToHouse>
        <generalDebate>1</generalDebate>
      </actionTypeCounts>
      <actionByCounts>
        <houseOfRepresentatives>11</houseOfRepresentatives>
      </actionByCounts>
    </actions>
    <committees>
      <billCommittees>
        <item>
          <subcommittees />
          <type>Standing</type>
          <name>Rules Committee</name>
          <systemCode>hsru00</systemCode>
          <chamber>House</chamber>
          <activities>
            <item>
              <name>Reported original measure</name>
              <date>2015-01-26T23:41:51Z</date>
            </item>
          </activities>
        </item>
      </billCommittees>
    </committees>
    <billNumber>48</billNumber>
    <policyArea>
      <name>Congress</name>
    </policyArea>
    <subjects>
      <billSubjects>
        <policyArea>
          <name>Congress</name>
        </policyArea>
        <legislativeSubjects>
          <item>
            <name>House of Representatives</name>
          </item>
          <item>
            <name>Legislative rules and procedure</name>
          </item>
        </legislativeSubjects>
      </billSubjects>
    </subjects>
    <relatedBills>
      <item>
        <latestTitle>LNG Permitting Certainty and Transparency Act</latestTitle>
        <relationshipDetails>
          <item>
            <type>Procedurally-related</type>
            <identifiedBy>House</identifiedBy>
          </item>
        </relationshipDetails>
        <number>351</number>
        <type>HR</type>
        <congress>114</congress>
        <latestAction>
          <actionDate>2015-01-29</actionDate>
          <text>Received in the Senate and Read twice and referred to the Committee on Energy and Natural Resources.</text>
        </latestAction>
      </item>
    </relatedBills>
    <updateDate>2017-01-21T12:34:28Z</updateDate>
    <laws />
    <createDate>2015-01-27T05:00:41Z</createDate>
    <constitutionalAuthorityStatementText />
    <introducedDate>2015-01-26</introducedDate>
    <cosponsors />
    <sponsors>
      <item>
        <party>R</party>
        <lastName>SESSIONS</lastName>
        <fullName>Rep. Sessions, Pete [R-TX-32]</fullName>
        <bioguideId>S000250</bioguideId>
        <middleName />
        <district>32</district>
        <byRequestType />
        <identifiers>
          <lisID>1525</lisID>
          <bioguideId>S000250</bioguideId>
          <gpoId>8188</gpoId>
        </identifiers>
        <state>TX</state>
        <firstName>PETE</firstName>
      </item>
    </sponsors>
    <cboCostEstimates />
    <billType>HRES</billType>
    <recordedVotes>
      <recordedVote>
        <sessionNumber>1</sessionNumber>
        <congress>114</congress>
        <fullActionName>Passage of a Measure</fullActionName>
        <date>2015-01-27T21:08:06Z</date>
        <chamber>House</chamber>
        <url>http://clerk.house.gov/evs/2015/roll046.xml</url>
        <rollNumber>46</rollNumber>
      </recordedVote>
    </recordedVotes>
    <notes />
    <originChamber>House</originChamber>
    <summaries>
      <billSummaries>
        <item>
          <updateDate>2015-01-26T05:00:00Z</updateDate>
          <actionDesc>Introduced in House</actionDesc>
          <text><![CDATA[Sets forth the rule for consideration of the bill (H.R. 351) to provide for expedited approval of exportation of natural gas.]]></text>
          <versionCode>00</versionCode>
          <actionDate>2015-01-26</actionDate>
          <lastSummaryUpdateDate>2015-01-27T09:02:33Z</lastSummaryUpdateDate>
          <name>Introduced in House</name>
        </item>
      </billSummaries>
    </summaries>
    <latestAction>
      <links />
      <text>Motion to reconsider laid on the table Agreed to without objection.</text>
      <actionTime>16:08:08</actionTime>
      <actionDate>2015-01-27</actionDate>
    </latestAction>
    <titles>
      <item>
        <titleType>Official Title as Introduced</titleType>
        <chamberCode />
        <parentTitleType />
        <title>Providing for consideration of the bill (H.R. 351) to provide for expedited approval of exportation of natural gas, and for other purposes.</title>
        <chamberName />
      </item>
      <item>
        <titleType>Display Title</titleType>
        <chamberCode />
        <parentTitleType />
        <title>Providing for consideration of the bill (H.R. 351) to provide for expedited approval of exportation of natural gas, and for other purposes.</title>
        <chamberName />
      </item>
    </titles>
    <title>Providing for consideration of the bill (H.R. 351) to provide for expedited approval of exportation of natural gas, and for other purposes.</title>
    <calendarNumbers>
      <item>
        <number />
        <calendar>H00005</calendar>
      </item>
    </calendarNumbers>
    <committeeReports>
      <committeeReport>
        <citation>H. Rept. 114-5</citation>
      </committeeReport>
    </committeeReports>
    <congress>114</congress>
  </bill>
  <dublinCore xmlns:dc="http://purl.org/dc/elements/1.1/">
    <dc:format>text/xml</dc:format>
    <dc:language>EN</dc:language>
    <dc:rights>Pursuant to Title 17 Section 105 of the United States Code, this file is not subject to copyright protection and is in the public domain.</dc:rights>
    <dc:contributor>Congressional Research Service, Library of Congress</dc:contributor>
    <dc:description>This file contains bill summaries and statuses for federal legislation. A bill summary describes the most significant provisions of a piece of legislation and details the effects the legislative text may have on current law and federal programs. Bill summaries are authored by the Congressional Research Service (CRS) of the Library of Congress. As stated in Public Law 91-510 (2 USC 166 (d)(6)), one of the duties of CRS is "to prepare summaries and digests of bills and resolutions of a public general nature introduced in the Senate or House of Representatives". For more information, refer to the User Guide that accompanies this file.</dc:description>
  </dublinCore>
</billStatus>

