<?xml version="1.0" encoding="UTF-8"?>
<billStatus>
  <bill>
    <policyArea>
      <name>International Affairs</name>
    </policyArea>
    <updateDate>2017-01-11T14:31:20Z</updateDate>
    <billType>HRES</billType>
    <laws />
    <sponsors>
      <item>
        <fullName>Rep. Bera, Ami [D-CA-7]</fullName>
        <identifiers>
          <lisID>2102</lisID>
          <gpoId />
          <bioguideId>B001287</bioguideId>
        </identifiers>
        <byRequestType />
        <firstName>Ami</firstName>
        <bioguideId>B001287</bioguideId>
        <lastName>Bera</lastName>
        <state>CA</state>
        <district>7</district>
        <party>D</party>
        <middleName />
      </item>
    </sponsors>
    <congress>114</congress>
    <latestAction>
      <actionDate>2015-08-20</actionDate>
      <text>Referred to the Subcommittee on Asia and the Pacific.</text>
      <links />
    </latestAction>
    <recordedVotes />
    <calendarNumbers />
    <cboCostEstimates />
    <title>Expressing the sense of the House of Representatives commemorating the Republic of India's Independence Day and recognizing United States-India relations on India's National Day.</title>
    <actions>
      <actionByCounts>
        <houseOfRepresentatives>4</houseOfRepresentatives>
      </actionByCounts>
      <item>
        <actionDate>2015-08-20</actionDate>
        <committee>
          <name>Asia and the Pacific Subcommittee</name>
          <systemCode>hsfa05</systemCode>
        </committee>
        <links />
        <sourceSystem>
          <code>1</code>
          <name>House committee actions</name>
        </sourceSystem>
        <text>Referred to the Subcommittee on Asia and the Pacific.</text>
        <type>Committee</type>
      </item>
      <item>
        <text>Referred to the House Committee on Foreign Affairs.</text>
        <actionCode>H11100</actionCode>
        <sourceSystem>
          <code>2</code>
          <name>House floor actions</name>
        </sourceSystem>
        <committee>
          <name>Foreign Affairs Committee</name>
          <systemCode>hsfa00</systemCode>
        </committee>
        <type>IntroReferral</type>
        <actionDate>2015-07-29</actionDate>
        <links />
      </item>
      <item>
        <text>Introduced in House</text>
        <actionCode>Intro-H</actionCode>
        <sourceSystem>
          <code>9</code>
          <name>Library of Congress</name>
        </sourceSystem>
        <committee />
        <type>IntroReferral</type>
        <actionDate>2015-07-29</actionDate>
        <links />
      </item>
      <item>
        <text>Introduced in House</text>
        <actionCode>1000</actionCode>
        <sourceSystem>
          <code>9</code>
          <name>Library of Congress</name>
        </sourceSystem>
        <committee />
        <type>IntroReferral</type>
        <actionDate>2015-07-29</actionDate>
        <links />
      </item>
      <actionTypeCounts>
        <placeholderTextForH>1</placeholderTextForH>
        <introducedInTheHouse>1</introducedInTheHouse>
        <billReferrals>1</billReferrals>
        <introducedInHouse>1</introducedInHouse>
      </actionTypeCounts>
    </actions>
    <amendments />
    <introducedDate>2015-07-29</introducedDate>
    <billNumber>395</billNumber>
    <relatedBills />
    <titles>
      <item>
        <chamberName />
        <title>Expressing the sense of the House of Representatives commemorating the Republic of India's Independence Day and recognizing United States-India relations on India's National Day.</title>
        <chamberCode />
        <titleType>Official Title as Introduced</titleType>
        <parentTitleType />
      </item>
      <item>
        <chamberName />
        <title>Expressing the sense of the House of Representatives commemorating the Republic of India's Independence Day and recognizing United States-India relations on India's National Day.</title>
        <chamberCode />
        <titleType>Display Title</titleType>
        <parentTitleType />
      </item>
    </titles>
    <cosponsors>
      <item>
        <identifiers>
          <bioguideId>H001038</bioguideId>
          <lisID>1794</lisID>
          <gpoId>8088</gpoId>
        </identifiers>
        <state>NY</state>
        <sponsorshipDate>2015-07-29</sponsorshipDate>
        <district>26</district>
        <middleName />
        <party>D</party>
        <sponsorshipWithdrawnDate />
        <bioguideId>H001038</bioguideId>
        <lastName>Higgins</lastName>
        <isOriginalCosponsor>True</isOriginalCosponsor>
        <fullName>Rep. Higgins, Brian [D-NY-26]</fullName>
        <firstName>Brian</firstName>
      </item>
      <item>
        <identifiers>
          <gpoId>7832</gpoId>
          <bioguideId>S000344</bioguideId>
          <lisID>1526</lisID>
        </identifiers>
        <state>CA</state>
        <sponsorshipDate>2015-07-29</sponsorshipDate>
        <district>30</district>
        <middleName />
        <party>D</party>
        <sponsorshipWithdrawnDate />
        <bioguideId>S000344</bioguideId>
        <lastName>SHERMAN</lastName>
        <isOriginalCosponsor>True</isOriginalCosponsor>
        <fullName>Rep. Sherman, Brad [D-CA-30]</fullName>
        <firstName>BRAD</firstName>
      </item>
      <item>
        <identifiers>
          <gpoId />
          <bioguideId>G000571</bioguideId>
          <lisID>2122</lisID>
        </identifiers>
        <state>HI</state>
        <sponsorshipDate>2015-07-29</sponsorshipDate>
        <district>2</district>
        <middleName />
        <party>D</party>
        <sponsorshipWithdrawnDate />
        <bioguideId>G000571</bioguideId>
        <lastName>Gabbard</lastName>
        <isOriginalCosponsor>True</isOriginalCosponsor>
        <fullName>Rep. Gabbard, Tulsi [D-HI-2]</fullName>
        <firstName>Tulsi</firstName>
      </item>
      <item>
        <identifiers>
          <lisID>1663</lisID>
          <gpoId>8063</gpoId>
          <bioguideId>I000057</bioguideId>
        </identifiers>
        <state>NY</state>
        <sponsorshipDate>2015-07-29</sponsorshipDate>
        <district>3</district>
        <middleName />
        <party>D</party>
        <sponsorshipWithdrawnDate />
        <bioguideId>I000057</bioguideId>
        <lastName>ISRAEL</lastName>
        <isOriginalCosponsor>True</isOriginalCosponsor>
        <fullName>Rep. Israel, Steve [D-NY-3]</fullName>
        <firstName>STEVE</firstName>
      </item>
      <item>
        <identifiers>
          <lisID>1604</lisID>
          <gpoId>8068</gpoId>
          <bioguideId>C001038</bioguideId>
        </identifiers>
        <state>NY</state>
        <sponsorshipDate>2015-07-29</sponsorshipDate>
        <district>14</district>
        <middleName />
        <party>D</party>
        <sponsorshipWithdrawnDate />
        <bioguideId>C001038</bioguideId>
        <lastName>CROWLEY</lastName>
        <isOriginalCosponsor>True</isOriginalCosponsor>
        <fullName>Rep. Crowley, Joseph [D-NY-14]</fullName>
        <firstName>JOSEPH</firstName>
      </item>
      <item>
        <identifiers>
          <gpoId />
          <bioguideId>H001065</bioguideId>
          <lisID>2143</lisID>
        </identifiers>
        <state>NC</state>
        <sponsorshipDate>2015-07-29</sponsorshipDate>
        <district>13</district>
        <middleName />
        <party>R</party>
        <sponsorshipWithdrawnDate />
        <bioguideId>H001065</bioguideId>
        <lastName>Holding</lastName>
        <isOriginalCosponsor>True</isOriginalCosponsor>
        <fullName>Rep. Holding, George [R-NC-13]</fullName>
        <firstName>George</firstName>
      </item>
      <item>
        <identifiers>
          <bioguideId>C001059</bioguideId>
          <lisID>1774</lisID>
          <gpoId>7825</gpoId>
        </identifiers>
        <state>CA</state>
        <sponsorshipDate>2015-07-29</sponsorshipDate>
        <district>16</district>
        <middleName />
        <party>D</party>
        <sponsorshipWithdrawnDate />
        <bioguideId>C001059</bioguideId>
        <lastName>Costa</lastName>
        <isOriginalCosponsor>True</isOriginalCosponsor>
        <fullName>Rep. Costa, Jim [D-CA-16]</fullName>
        <firstName>Jim</firstName>
      </item>
      <item>
        <identifiers>
          <lisID>1528</lisID>
          <gpoId>8213</gpoId>
          <bioguideId>S000510</bioguideId>
        </identifiers>
        <state>WA</state>
        <sponsorshipDate>2015-07-29</sponsorshipDate>
        <district>9</district>
        <middleName />
        <party>D</party>
        <sponsorshipWithdrawnDate />
        <bioguideId>S000510</bioguideId>
        <lastName>SMITH</lastName>
        <isOriginalCosponsor>True</isOriginalCosponsor>
        <fullName>Rep. Smith, Adam [D-WA-9]</fullName>
        <firstName>ADAM</firstName>
      </item>
      <item>
        <identifiers>
          <lisID>2148</lisID>
          <gpoId />
          <bioguideId>M001188</bioguideId>
        </identifiers>
        <state>NY</state>
        <sponsorshipDate>2015-07-29</sponsorshipDate>
        <district>6</district>
        <middleName />
        <party>D</party>
        <sponsorshipWithdrawnDate />
        <bioguideId>M001188</bioguideId>
        <lastName>Meng</lastName>
        <isOriginalCosponsor>True</isOriginalCosponsor>
        <fullName>Rep. Meng, Grace [D-NY-6]</fullName>
        <firstName>Grace</firstName>
      </item>
      <item>
        <identifiers>
          <bioguideId>E000179</bioguideId>
          <lisID>344</lisID>
          <gpoId>8078</gpoId>
        </identifiers>
        <state>NY</state>
        <sponsorshipDate>2015-07-29</sponsorshipDate>
        <district>16</district>
        <middleName>L.</middleName>
        <party>D</party>
        <sponsorshipWithdrawnDate />
        <bioguideId>E000179</bioguideId>
        <lastName>ENGEL</lastName>
        <isOriginalCosponsor>True</isOriginalCosponsor>
        <fullName>Rep. Engel, Eliot L. [D-NY-16]</fullName>
        <firstName>ELIOT</firstName>
      </item>
      <item>
        <identifiers>
          <bioguideId>D000610</bioguideId>
          <gpoId>7891</gpoId>
          <lisID>1976</lisID>
        </identifiers>
        <state>FL</state>
        <sponsorshipDate>2015-07-29</sponsorshipDate>
        <district>21</district>
        <middleName>E.</middleName>
        <party>D</party>
        <sponsorshipWithdrawnDate />
        <bioguideId>D000610</bioguideId>
        <lastName>Deutch</lastName>
        <isOriginalCosponsor>True</isOriginalCosponsor>
        <fullName>Rep. Deutch, Theodore E. [D-FL-21]</fullName>
        <firstName>Theodore</firstName>
      </item>
      <item>
        <identifiers>
          <lisID>1955</lisID>
          <gpoId>8178</gpoId>
          <bioguideId>O000168</bioguideId>
        </identifiers>
        <state>TX</state>
        <sponsorshipDate>2015-07-29</sponsorshipDate>
        <district>22</district>
        <middleName />
        <party>R</party>
        <sponsorshipWithdrawnDate />
        <bioguideId>O000168</bioguideId>
        <lastName>Olson</lastName>
        <isOriginalCosponsor>True</isOriginalCosponsor>
        <fullName>Rep. Olson, Pete [R-TX-22]</fullName>
        <firstName>Pete</firstName>
      </item>
    </cosponsors>
    <constitutionalAuthorityStatementText />
    <committeeReports />
    <originChamber>House</originChamber>
    <summaries>
      <billSummaries>
        <item>
          <text><![CDATA[<p>Recognizes the 68th anniversary of India's independence.</p> <p> Celebrates the contributions of Americans of Indian descent to U.S. society. </p> <p> Calls for the continued strengthening of U.S.-India relations and remains committed to fostering the U.S.-India strategic partnership.</p>]]></text>
          <actionDesc>Introduced in House</actionDesc>
          <name>Introduced in House</name>
          <versionCode>00</versionCode>
          <actionDate>2015-07-29</actionDate>
          <lastSummaryUpdateDate>2015-08-27T18:53:29Z</lastSummaryUpdateDate>
          <updateDate>2015-07-29T04:00:00Z</updateDate>
        </item>
      </billSummaries>
    </summaries>
    <subjects>
      <billSubjects>
        <legislativeSubjects>
          <item>
            <name>Alliances</name>
          </item>
          <item>
            <name>Asia</name>
          </item>
          <item>
            <name>Citizenship and naturalization</name>
          </item>
          <item>
            <name>Commemorative events and holidays</name>
          </item>
          <item>
            <name>Diplomacy, foreign officials, Americans abroad</name>
          </item>
          <item>
            <name>India</name>
          </item>
          <item>
            <name>Sovereignty, recognition, national governance and status</name>
          </item>
        </legislativeSubjects>
        <policyArea>
          <name>International Affairs</name>
        </policyArea>
      </billSubjects>
    </subjects>
    <createDate>2015-07-30T08:30:23Z</createDate>
    <notes />
    <committees>
      <billCommittees>
        <item>
          <subcommittees>
            <item>
              <activities>
                <item>
                  <date>2015-08-20T13:44:36Z</date>
                  <name>Referred to</name>
                </item>
              </activities>
              <name>Asia and the Pacific Subcommittee</name>
              <systemCode>hsfa05</systemCode>
            </item>
          </subcommittees>
          <name>Foreign Affairs Committee</name>
          <systemCode>hsfa00</systemCode>
          <type>Standing</type>
          <activities>
            <item>
              <date>2015-07-29T14:04:10Z</date>
              <name>Referred to</name>
            </item>
          </activities>
          <chamber>House</chamber>
        </item>
      </billCommittees>
    </committees>
  </bill>
  <dublinCore xmlns:dc="http://purl.org/dc/elements/1.1/">
    <dc:format>text/xml</dc:format>
    <dc:language>EN</dc:language>
    <dc:rights>Pursuant to Title 17 Section 105 of the United States Code, this file is not subject to copyright protection and is in the public domain.</dc:rights>
    <dc:contributor>Congressional Research Service, Library of Congress</dc:contributor>
    <dc:description>This file contains bill summaries and statuses for federal legislation. A bill summary describes the most significant provisions of a piece of legislation and details the effects the legislative text may have on current law and federal programs. Bill summaries are authored by the Congressional Research Service (CRS) of the Library of Congress. As stated in Public Law 91-510 (2 USC 166 (d)(6)), one of the duties of CRS is "to prepare summaries and digests of bills and resolutions of a public general nature introduced in the Senate or House of Representatives". For more information, refer to the User Guide that accompanies this file.</dc:description>
  </dublinCore>
</billStatus>

