<?xml version="1.0" encoding="UTF-8"?>
<billStatus>
  <bill>
    <createDate>2015-03-25T08:45:42Z</createDate>
    <introducedDate>2015-03-24</introducedDate>
    <cosponsors>
      <item>
        <sponsorshipDate>2015-03-24</sponsorshipDate>
        <district>1</district>
        <firstName>David</firstName>
        <fullName>Rep. McKinley, David B. [R-WV-1]</fullName>
        <sponsorshipWithdrawnDate />
        <identifiers>
          <bioguideId>M001180</bioguideId>
          <lisID>2074</lisID>
          <gpoId>8222</gpoId>
        </identifiers>
        <bioguideId>M001180</bioguideId>
        <lastName>McKinley</lastName>
        <state>WV</state>
        <isOriginalCosponsor>True</isOriginalCosponsor>
        <party>R</party>
        <middleName>B.</middleName>
      </item>
      <item>
        <sponsorshipDate>2015-03-24</sponsorshipDate>
        <district>2</district>
        <firstName>Alexander</firstName>
        <fullName>Rep. Mooney, Alexander X. [R-WV-2]</fullName>
        <sponsorshipWithdrawnDate />
        <identifiers>
          <lisID>2277</lisID>
          <gpoId />
          <bioguideId>M001195</bioguideId>
        </identifiers>
        <bioguideId>M001195</bioguideId>
        <lastName>Mooney</lastName>
        <state>WV</state>
        <isOriginalCosponsor>True</isOriginalCosponsor>
        <party>R</party>
        <middleName>X.</middleName>
      </item>
      <item>
        <sponsorshipDate>2015-03-24</sponsorshipDate>
        <district>9</district>
        <firstName>H.</firstName>
        <fullName>Rep. Griffith, H. Morgan [R-VA-9]</fullName>
        <sponsorshipWithdrawnDate />
        <identifiers>
          <bioguideId>G000568</bioguideId>
          <gpoId>8200</gpoId>
          <lisID>2070</lisID>
        </identifiers>
        <bioguideId>G000568</bioguideId>
        <lastName>Griffith</lastName>
        <state>VA</state>
        <isOriginalCosponsor>True</isOriginalCosponsor>
        <party>R</party>
        <middleName>Morgan</middleName>
      </item>
      <item>
        <sponsorshipDate>2015-03-24</sponsorshipDate>
        <district>5</district>
        <firstName>HAROLD</firstName>
        <fullName>Rep. Rogers, Harold [R-KY-5]</fullName>
        <sponsorshipWithdrawnDate />
        <identifiers>
          <bioguideId>R000395</bioguideId>
          <gpoId>7957</gpoId>
          <lisID>977</lisID>
        </identifiers>
        <bioguideId>R000395</bioguideId>
        <lastName>ROGERS</lastName>
        <state>KY</state>
        <isOriginalCosponsor>True</isOriginalCosponsor>
        <party>R</party>
        <middleName />
      </item>
    </cosponsors>
    <calendarNumbers />
    <policyArea>
      <name>Health</name>
    </policyArea>
    <billType>HRES</billType>
    <summaries>
      <billSummaries>
        <item>
          <text><![CDATA[<p>Expresses the sense that the committees of jurisdiction in the House of Representatives should craft a replacement for the Patient Protection and Affordable Care Act that includes restoration of the Black Lung Benefits Act.</p>]]></text>
          <name>Introduced in House</name>
          <actionDesc>Introduced in House</actionDesc>
          <actionDate>2015-03-24</actionDate>
          <lastSummaryUpdateDate>2015-03-27T16:22:20Z</lastSummaryUpdateDate>
          <updateDate>2015-03-24T04:00:00Z</updateDate>
          <versionCode>00</versionCode>
        </item>
      </billSummaries>
    </summaries>
    <notes />
    <congress>114</congress>
    <recordedVotes />
    <sponsors>
      <item>
        <party>R</party>
        <middleName>H.</middleName>
        <lastName>Jenkins</lastName>
        <fullName>Rep. Jenkins, Evan H. [R-WV-3]</fullName>
        <bioguideId>J000297</bioguideId>
        <state>WV</state>
        <byRequestType />
        <district>3</district>
        <identifiers>
          <bioguideId>J000297</bioguideId>
          <lisID>2278</lisID>
          <gpoId />
        </identifiers>
        <firstName>Evan</firstName>
      </item>
    </sponsors>
    <titles>
      <item>
        <chamberCode />
        <title>Expressing the sense of the House of Representatives that the committees of jurisdiction in the House of Representatives should craft replacement language for the Patient Protection and Affordable Care Act that includes the amendments made to the Black Lung Benefits Act.</title>
        <parentTitleType />
        <titleType>Official Title as Introduced</titleType>
        <chamberName />
      </item>
      <item>
        <chamberCode />
        <title>Expressing the sense of the House of Representatives that the committees of jurisdiction in the House of Representatives should craft replacement language for the Patient Protection and Affordable Care Act that includes the amendments made to the Black Lung Benefits Act.</title>
        <parentTitleType />
        <titleType>Display Title</titleType>
        <chamberName />
      </item>
    </titles>
    <billNumber>167</billNumber>
    <relatedBills />
    <subjects>
      <billSubjects>
        <legislativeSubjects>
          <item>
            <name>Cardiovascular and respiratory health</name>
          </item>
          <item>
            <name>Coal</name>
          </item>
          <item>
            <name>Disability assistance</name>
          </item>
          <item>
            <name>Health care costs and insurance</name>
          </item>
          <item>
            <name>Mining</name>
          </item>
          <item>
            <name>Worker safety and health</name>
          </item>
        </legislativeSubjects>
        <policyArea>
          <name>Health</name>
        </policyArea>
      </billSubjects>
    </subjects>
    <amendments />
    <originChamber>House</originChamber>
    <updateDate>2017-01-11T14:30:17Z</updateDate>
    <latestAction>
      <actionDate>2015-03-24</actionDate>
      <links />
      <text>Referred to the House Committee on Education and the Workforce.</text>
    </latestAction>
    <committees>
      <billCommittees>
        <item>
          <chamber>House</chamber>
          <subcommittees />
          <type>Standing</type>
          <name>Education and the Workforce Committee</name>
          <activities>
            <item>
              <name>Referred to</name>
              <date>2015-03-24T13:01:40Z</date>
            </item>
          </activities>
          <systemCode>hsed00</systemCode>
        </item>
      </billCommittees>
    </committees>
    <committeeReports />
    <constitutionalAuthorityStatementText />
    <actions>
      <actionByCounts>
        <houseOfRepresentatives>3</houseOfRepresentatives>
      </actionByCounts>
      <actionTypeCounts>
        <introducedInTheHouse>1</introducedInTheHouse>
        <introducedInHouse>1</introducedInHouse>
        <billReferrals>1</billReferrals>
        <placeholderTextForB>1</placeholderTextForB>
      </actionTypeCounts>
      <item>
        <type>IntroReferral</type>
        <text>Referred to the House Committee on Education and the Workforce.</text>
        <actionCode>H11100</actionCode>
        <sourceSystem>
          <name>House floor actions</name>
          <code>2</code>
        </sourceSystem>
        <links />
        <committee>
          <systemCode>hsed00</systemCode>
          <name>Education and the Workforce Committee</name>
        </committee>
        <actionDate>2015-03-24</actionDate>
      </item>
      <item>
        <type>IntroReferral</type>
        <text>Sponsor introductory remarks on measure. (CR H1854)</text>
        <actionCode>B00100</actionCode>
        <sourceSystem>
          <name>Library of Congress</name>
          <code>9</code>
        </sourceSystem>
        <links>
          <link>
            <url>https://www.congress.gov/congressional-record/volume-161/house-section/page/H1854</url>
            <name>H1854</name>
          </link>
        </links>
        <committee />
        <actionDate>2015-03-24</actionDate>
      </item>
      <item>
        <type>IntroReferral</type>
        <text>Introduced in House</text>
        <actionCode>Intro-H</actionCode>
        <sourceSystem>
          <name>Library of Congress</name>
          <code>9</code>
        </sourceSystem>
        <links />
        <committee />
        <actionDate>2015-03-24</actionDate>
      </item>
      <item>
        <type>IntroReferral</type>
        <text>Introduced in House</text>
        <actionCode>1000</actionCode>
        <sourceSystem>
          <name>Library of Congress</name>
          <code>9</code>
        </sourceSystem>
        <links />
        <committee />
        <actionDate>2015-03-24</actionDate>
      </item>
    </actions>
    <laws />
    <cboCostEstimates />
    <title>Expressing the sense of the House of Representatives that the committees of jurisdiction in the House of Representatives should craft replacement language for the Patient Protection and Affordable Care Act that includes the amendments made to the Black Lung Benefits Act.</title>
  </bill>
  <dublinCore xmlns:dc="http://purl.org/dc/elements/1.1/">
    <dc:format>text/xml</dc:format>
    <dc:language>EN</dc:language>
    <dc:rights>Pursuant to Title 17 Section 105 of the United States Code, this file is not subject to copyright protection and is in the public domain.</dc:rights>
    <dc:contributor>Congressional Research Service, Library of Congress</dc:contributor>
    <dc:description>This file contains bill summaries and statuses for federal legislation. A bill summary describes the most significant provisions of a piece of legislation and details the effects the legislative text may have on current law and federal programs. Bill summaries are authored by the Congressional Research Service (CRS) of the Library of Congress. As stated in Public Law 91-510 (2 USC 166 (d)(6)), one of the duties of CRS is "to prepare summaries and digests of bills and resolutions of a public general nature introduced in the Senate or House of Representatives". For more information, refer to the User Guide that accompanies this file.</dc:description>
  </dublinCore>
</billStatus>

