<?xml version="1.0" encoding="UTF-8"?>
<billStatus>
  <bill>
    <congress>114</congress>
    <billNumber>450</billNumber>
    <cosponsors />
    <subjects>
      <billSubjects>
        <policyArea>
          <name>Congress</name>
        </policyArea>
        <legislativeSubjects>
          <item>
            <name>House of Representatives</name>
          </item>
          <item>
            <name>Legislative rules and procedure</name>
          </item>
        </legislativeSubjects>
      </billSubjects>
    </subjects>
    <relatedBills>
      <item>
        <congress>114</congress>
        <number>597</number>
        <latestTitle>Export-Import Bank Reform and Reauthorization Act of 2015</latestTitle>
        <latestAction>
          <actionDate>2015-10-29</actionDate>
          <text>Read the second time. Placed on Senate Legislative Calendar under General Orders. Calendar No. 282.</text>
        </latestAction>
        <type>HR</type>
        <relationshipDetails>
          <item>
            <identifiedBy>House</identifiedBy>
            <type>Related bill</type>
          </item>
        </relationshipDetails>
      </item>
      <item>
        <congress>114</congress>
        <number>3611</number>
        <latestTitle>Export-Import Bank Reform and Reauthorization Act of 2015</latestTitle>
        <latestAction>
          <actionDate>2015-09-25</actionDate>
          <text>Referred to the House Committee on Financial Services.</text>
        </latestAction>
        <type>HR</type>
        <relationshipDetails>
          <item>
            <identifiedBy>House</identifiedBy>
            <type>Related bill</type>
          </item>
        </relationshipDetails>
      </item>
    </relatedBills>
    <constitutionalAuthorityStatementText />
    <updateDate>2017-01-11T14:31:36Z</updateDate>
    <actions>
      <actionByCounts>
        <houseOfRepresentatives>19</houseOfRepresentatives>
      </actionByCounts>
      <actionTypeCounts>
        <motionForPreviousQuestion>1</motionForPreviousQuestion>
        <billReferrals>1</billReferrals>
        <considerationByHouse>2</considerationByHouse>
        <introducedInHouse>1</introducedInHouse>
        <generalDebate>6</generalDebate>
        <motionToReconsiderResults>1</motionToReconsiderResults>
        <dischargeCalendarAssignment>1</dischargeCalendarAssignment>
        <passageOfAMeasure>1</passageOfAMeasure>
        <dischargePetitionFiled>1</dischargePetitionFiled>
        <passedAgreedToInHouse>1</passedAgreedToInHouse>
        <placeholderTextForH>1</placeholderTextForH>
        <introducedInTheHouse>1</introducedInTheHouse>
        <freeFormConsideration>1</freeFormConsideration>
      </actionTypeCounts>
      <item>
        <type>Floor</type>
        <actionTime>14:41:54</actionTime>
        <text>Motion to reconsider laid on the table Agreed to without objection.</text>
        <actionCode>H38310</actionCode>
        <sourceSystem>
          <name>House floor actions</name>
          <code>2</code>
        </sourceSystem>
        <links />
        <committee />
        <actionDate>2015-10-27</actionDate>
      </item>
      <item>
        <type>Floor</type>
        <actionTime>14:41:53</actionTime>
        <text>On agreeing to the resolution Agreed to by the Yeas and Nays: 275 - 154 (Roll no. 573).</text>
        <actionCode>H37100</actionCode>
        <sourceSystem>
          <name>House floor actions</name>
          <code>2</code>
        </sourceSystem>
        <links>
          <link>
            <url>http://clerk.house.gov/evs/2015/roll573.xml</url>
            <name>Roll no. 573</name>
          </link>
        </links>
        <committee />
        <actionDate>2015-10-27</actionDate>
      </item>
      <item>
        <type>Floor</type>
        <actionTime>14:41:53</actionTime>
        <text>Passed/agreed to in House: On agreeing to the resolution Agreed to by the Yeas and Nays: 275 - 154 (Roll no. 573).</text>
        <actionCode>8000</actionCode>
        <sourceSystem>
          <name>Library of Congress</name>
          <code>9</code>
        </sourceSystem>
        <links>
          <link>
            <url>http://clerk.house.gov/evs/2015/roll573.xml</url>
            <name>Roll no. 573</name>
          </link>
        </links>
        <committee />
        <actionDate>2015-10-27</actionDate>
      </item>
      <item>
        <type>Floor</type>
        <actionTime>14:33:57</actionTime>
        <text>On ordering the previous question Agreed to by the Yeas and Nays: 271 - 158 (Roll no. 572). (consideration: CR H7216)</text>
        <actionCode>H35000</actionCode>
        <sourceSystem>
          <name>House floor actions</name>
          <code>2</code>
        </sourceSystem>
        <links>
          <link>
            <url>https://www.congress.gov/congressional-record/volume-161/house-section/page/H7216</url>
            <name>H7216</name>
          </link>
          <link>
            <url>http://clerk.house.gov/evs/2015/roll572.xml</url>
            <name>Roll no. 572</name>
          </link>
        </links>
        <committee />
        <actionDate>2015-10-27</actionDate>
      </item>
      <item>
        <type>Floor</type>
        <actionTime>14:26:58</actionTime>
        <text>Considered as unfinished business. (consideration: CR H7216-7217)</text>
        <actionCode>H30000</actionCode>
        <sourceSystem>
          <name>House floor actions</name>
          <code>2</code>
        </sourceSystem>
        <links>
          <link>
            <url>https://www.congress.gov/congressional-record/volume-161/house-section/page/H7216-7217</url>
            <name>H7216-7217</name>
          </link>
        </links>
        <committee />
        <actionDate>2015-10-27</actionDate>
      </item>
      <item>
        <type>Floor</type>
        <actionTime>19:38:20</actionTime>
        <text>POSTPONED PROCEEDINGS - At the conclusion of debate on H.Res. 450, Mr. Fincher moved the previous question. The Chair put the question on ordering the previous question and by voice vote announced that the ayes had prevailed. Mr. Hensarling demanded the yeas and nays and the Chair postponed further proceedings on ordering the previous question until a time to be announced.</text>
        <actionCode>H8D000</actionCode>
        <sourceSystem>
          <name>House floor actions</name>
          <code>2</code>
        </sourceSystem>
        <links>
          <link>
            <url>https://www.congress.gov/bill/114th-congress/house-resolution/450</url>
            <name>H.Res. 450</name>
          </link>
        </links>
        <committee />
        <actionDate>2015-10-26</actionDate>
      </item>
      <item>
        <type>Floor</type>
        <actionTime>19:27:31</actionTime>
        <text>DEBATE - The House proceeded with one hour of debate on H. Res. 450.</text>
        <actionCode>H8D000</actionCode>
        <sourceSystem>
          <name>House floor actions</name>
          <code>2</code>
        </sourceSystem>
        <links>
          <link>
            <url>https://www.congress.gov/bill/114th-congress/house-resolution/450</url>
            <name>H. Res. 450</name>
          </link>
        </links>
        <committee />
        <actionDate>2015-10-26</actionDate>
      </item>
      <item>
        <type>Floor</type>
        <actionTime>19:26:10</actionTime>
        <text>Considered from the Discharge Calendar. (consideration: CR H7182-7183; text of measure as introduced: CR H7182)</text>
        <actionCode>H30000</actionCode>
        <sourceSystem>
          <name>House floor actions</name>
          <code>2</code>
        </sourceSystem>
        <links>
          <link>
            <url>https://www.congress.gov/congressional-record/volume-161/house-section/page/H7182</url>
            <name>H7182</name>
          </link>
          <link>
            <url>https://www.congress.gov/congressional-record/volume-161/house-section/page/H7182-7183</url>
            <name>H7182-7183</name>
          </link>
        </links>
        <committee />
        <actionDate>2015-10-26</actionDate>
      </item>
      <item>
        <type>Floor</type>
        <actionTime>19:25:58</actionTime>
        <text>Consideration initiated from the Discharge Calendar.</text>
        <actionCode>H30800</actionCode>
        <sourceSystem>
          <name>House floor actions</name>
          <code>2</code>
        </sourceSystem>
        <links />
        <committee />
        <actionDate>2015-10-26</actionDate>
      </item>
      <item>
        <type>President</type>
        <text>On motion to discharge Agreed to by the Yeas and Nays: 246 - 177 (Roll no. 569). (consideration: CR H7182)</text>
        <actionCode>H30841</actionCode>
        <sourceSystem>
          <name>House floor actions</name>
          <code>2</code>
        </sourceSystem>
        <links>
          <link>
            <url>https://www.congress.gov/congressional-record/volume-161/house-section/page/H7182</url>
            <name>H7182</name>
          </link>
          <link>
            <url>http://clerk.house.gov/evs/2015/roll569.xml</url>
            <name>Roll no. 569</name>
          </link>
        </links>
        <committee />
        <actionDate>2015-10-26</actionDate>
      </item>
      <item>
        <type>Floor</type>
        <actionTime>19:04:03</actionTime>
        <text>At the conclusion of debate on motion No. 2, the Chair put the question on the motion to discharge the Committee on Rules from further consideration of H.Res. 450. (consideration: CR H7182)</text>
        <actionCode>H8D000</actionCode>
        <sourceSystem>
          <name>House floor actions</name>
          <code>2</code>
        </sourceSystem>
        <links>
          <link>
            <url>https://www.congress.gov/bill/114th-congress/house-resolution/450</url>
            <name>H.Res. 450</name>
          </link>
          <link>
            <url>https://www.congress.gov/congressional-record/volume-161/house-section/page/H7182</url>
            <name>H7182</name>
          </link>
        </links>
        <committee />
        <actionDate>2015-10-26</actionDate>
      </item>
      <item>
        <type>Floor</type>
        <actionTime>18:38:00</actionTime>
        <text>DEBATE - Pursuant to the rule, the House proceeded with 20 minutes of debate on the Fincher motion to discharge.</text>
        <actionCode>H8D000</actionCode>
        <sourceSystem>
          <name>House floor actions</name>
          <code>2</code>
        </sourceSystem>
        <links />
        <committee />
        <actionDate>2015-10-26</actionDate>
      </item>
      <item>
        <type>Floor</type>
        <actionTime>18:32:48</actionTime>
        <text>POINT OF ORDER - Mr. Mulvaney made a point of order against the motion to discharge stating it violated rule XV, clause 2(d)(1). The point of order was subsequently overruled by the Chair.</text>
        <actionCode>H8D000</actionCode>
        <sourceSystem>
          <name>House floor actions</name>
          <code>2</code>
        </sourceSystem>
        <links />
        <committee />
        <actionDate>2015-10-26</actionDate>
      </item>
      <item>
        <type>Floor</type>
        <actionTime>18:32:47</actionTime>
        <text>MOTION TO DISCHARGE COMMITTEE - Pursuant to clause 2 of rule XV, Mr. Fincher called up motion No. 2, to discharge the Committee on Rules from the further consideration of H.Res. 450, pending disposition of a point of order. (consideration: CR H7178-7182)</text>
        <actionCode>H8D000</actionCode>
        <sourceSystem>
          <name>House floor actions</name>
          <code>2</code>
        </sourceSystem>
        <links>
          <link>
            <url>https://www.congress.gov/bill/114th-congress/house-resolution/450</url>
            <name>H.Res. 450</name>
          </link>
          <link>
            <url>https://www.congress.gov/congressional-record/volume-161/house-section/page/H7178-7182</url>
            <name>H7178-7182</name>
          </link>
        </links>
        <committee />
        <actionDate>2015-10-26</actionDate>
      </item>
      <item>
        <type>Discharge</type>
        <text>Motion to discharge the Committee on Rules filed by Mr. Fincher. Assigned to the Discharge Calendar, Calendar No. 1.</text>
        <actionCode>H12450</actionCode>
        <sourceSystem>
          <name>House floor actions</name>
          <code>2</code>
        </sourceSystem>
        <links />
        <committee>
          <systemCode>hsru00</systemCode>
          <name>Rules Committee</name>
        </committee>
        <actionDate>2015-10-09</actionDate>
      </item>
      <item>
        <type>Discharge</type>
        <text>Motion to Discharge Committee filed by Mr. Fincher. Petition No: 114-2. (&lt;a href="http://clerk.house.gov/114/lrc/pd/petitions/DisPet0002.xml"&gt;Discharge petition&lt;/a&gt; text with signatures.)</text>
        <actionCode>H17000</actionCode>
        <sourceSystem>
          <name>House floor actions</name>
          <code>2</code>
        </sourceSystem>
        <links />
        <committee />
        <actionDate>2015-10-09</actionDate>
      </item>
      <item>
        <type>IntroReferral</type>
        <text>Referred to the House Committee on Rules.</text>
        <actionCode>H11100</actionCode>
        <sourceSystem>
          <name>House floor actions</name>
          <code>2</code>
        </sourceSystem>
        <links />
        <committee>
          <systemCode>hsru00</systemCode>
          <name>Rules Committee</name>
        </committee>
        <actionDate>2015-09-30</actionDate>
      </item>
      <item>
        <type>IntroReferral</type>
        <text>Introduced in House</text>
        <actionCode>Intro-H</actionCode>
        <sourceSystem>
          <name>Library of Congress</name>
          <code>9</code>
        </sourceSystem>
        <links />
        <committee />
        <actionDate>2015-09-30</actionDate>
      </item>
      <item>
        <type>IntroReferral</type>
        <text>Introduced in House</text>
        <actionCode>1000</actionCode>
        <sourceSystem>
          <name>Library of Congress</name>
          <code>9</code>
        </sourceSystem>
        <links />
        <committee />
        <actionDate>2015-09-30</actionDate>
      </item>
    </actions>
    <summaries>
      <billSummaries>
        <item>
          <actionDate>2015-09-30</actionDate>
          <name>Introduced in House</name>
          <actionDesc>Introduced in House</actionDesc>
          <updateDate>2015-09-30T04:00:00Z</updateDate>
          <text><![CDATA[<p>Sets forth the rule for consideration of H.R. 597 (Reform Exports and Expand the American Economy Act).</p>]]></text>
          <lastSummaryUpdateDate>2015-10-01T19:06:31Z</lastSummaryUpdateDate>
          <versionCode>00</versionCode>
        </item>
      </billSummaries>
    </summaries>
    <billType>HRES</billType>
    <committeeReports />
    <originChamber>House</originChamber>
    <notes>
      <item>
        <links>
          <link>
            <url>https://www.congress.gov/bill/114th-congress/house-bill/597</url>
            <name>H.R.597</name>
          </link>
          <link>
            <url>https://www.congress.gov/bill/114th-congress/house-resolution/450</url>
            <name>H.Res.450</name>
          </link>
        </links>
        <text><![CDATA[On 10/9/2015, a motion was filed to discharge the Committee on Rules from the consideration of H.Res.450 a resolution providing for consideration of H.R.597. A discharge petition requires 218 signatures for further action. (Discharge Petition No. <a href="http://clerk.house.gov/114/lrc/pd/petitions/DisPet0002.xml">114-2</a>: text with signatures.)]]></text>
      </item>
    </notes>
    <policyArea>
      <name>Congress</name>
    </policyArea>
    <title>Providing for the consideration of the bill (H.R. 597) to reauthorize the Export-Import Bank of the United States, and for other purposes.</title>
    <createDate>2015-10-01T09:16:32Z</createDate>
    <sponsors>
      <item>
        <lastName>Fincher</lastName>
        <identifiers>
          <bioguideId>F000458</bioguideId>
          <lisID>2064</lisID>
          <gpoId>8741</gpoId>
        </identifiers>
        <byRequestType />
        <middleName>Lee</middleName>
        <state>TN</state>
        <firstName>Stephen</firstName>
        <party>R</party>
        <fullName>Rep. Fincher, Stephen Lee [R-TN-8]</fullName>
        <district>8</district>
        <bioguideId>F000458</bioguideId>
      </item>
    </sponsors>
    <committees>
      <billCommittees>
        <item>
          <systemCode>hsru00</systemCode>
          <subcommittees />
          <type>Standing</type>
          <chamber>House</chamber>
          <name>Rules Committee</name>
          <activities>
            <item>
              <name>Referred to</name>
              <date>2015-09-30T14:00:47Z</date>
            </item>
          </activities>
        </item>
      </billCommittees>
    </committees>
    <titles>
      <item>
        <title>Providing for the consideration of the bill (H.R. 597) to reauthorize the Export-Import Bank of the United States, and for other purposes.</title>
        <chamberCode />
        <parentTitleType />
        <chamberName />
        <titleType>Official Title as Introduced</titleType>
      </item>
      <item>
        <title>Providing for the consideration of the bill (H.R. 597) to reauthorize the Export-Import Bank of the United States, and for other purposes.</title>
        <chamberCode />
        <parentTitleType />
        <chamberName />
        <titleType>Display Title</titleType>
      </item>
    </titles>
    <recordedVotes>
      <recordedVote>
        <congress>114</congress>
        <chamber>House</chamber>
        <rollNumber>573</rollNumber>
        <fullActionName>Passage of a Measure</fullActionName>
        <url>http://clerk.house.gov/evs/2015/roll573.xml</url>
        <date>2015-10-27T18:41:53Z</date>
        <sessionNumber>1</sessionNumber>
      </recordedVote>
      <recordedVote>
        <congress>114</congress>
        <chamber>House</chamber>
        <rollNumber>572</rollNumber>
        <fullActionName>Motion for Previous Question</fullActionName>
        <url>http://clerk.house.gov/evs/2015/roll572.xml</url>
        <date>2015-10-27T18:33:57Z</date>
        <sessionNumber>1</sessionNumber>
      </recordedVote>
      <recordedVote>
        <congress>114</congress>
        <chamber>House</chamber>
        <rollNumber>569</rollNumber>
        <fullActionName>Placeholder Text for H30841</fullActionName>
        <url>http://clerk.house.gov/evs/2015/roll569.xml</url>
        <date>2015-10-26T23:25:53Z</date>
        <sessionNumber>1</sessionNumber>
      </recordedVote>
    </recordedVotes>
    <cboCostEstimates />
    <laws />
    <latestAction>
      <links />
      <text>Motion to reconsider laid on the table Agreed to without objection.</text>
      <actionDate>2015-10-27</actionDate>
      <actionTime>14:41:54</actionTime>
    </latestAction>
    <calendarNumbers>
      <item>
        <calendar>D00001</calendar>
        <number />
      </item>
    </calendarNumbers>
    <introducedDate>2015-09-30</introducedDate>
    <amendments />
  </bill>
  <dublinCore xmlns:dc="http://purl.org/dc/elements/1.1/">
    <dc:format>text/xml</dc:format>
    <dc:language>EN</dc:language>
    <dc:rights>Pursuant to Title 17 Section 105 of the United States Code, this file is not subject to copyright protection and is in the public domain.</dc:rights>
    <dc:contributor>Congressional Research Service, Library of Congress</dc:contributor>
    <dc:description>This file contains bill summaries and statuses for federal legislation. A bill summary describes the most significant provisions of a piece of legislation and details the effects the legislative text may have on current law and federal programs. Bill summaries are authored by the Congressional Research Service (CRS) of the Library of Congress. As stated in Public Law 91-510 (2 USC 166 (d)(6)), one of the duties of CRS is "to prepare summaries and digests of bills and resolutions of a public general nature introduced in the Senate or House of Representatives". For more information, refer to the User Guide that accompanies this file.</dc:description>
  </dublinCore>
</billStatus>

