<?xml version="1.0" encoding="UTF-8"?>
<billStatus>
  <bill>
    <policyArea>
      <name>Congress</name>
    </policyArea>
    <updateDate>2017-01-11T14:36:03Z</updateDate>
    <billType>HRES</billType>
    <laws />
    <sponsors>
      <item>
        <fullName>Rep. Sessions, Pete [R-TX-32]</fullName>
        <identifiers>
          <lisID>1525</lisID>
          <gpoId>8188</gpoId>
          <bioguideId>S000250</bioguideId>
        </identifiers>
        <byRequestType />
        <firstName>PETE</firstName>
        <bioguideId>S000250</bioguideId>
        <lastName>SESSIONS</lastName>
        <state>TX</state>
        <district>32</district>
        <party>R</party>
        <middleName />
      </item>
    </sponsors>
    <congress>114</congress>
    <latestAction>
      <actionDate>2015-09-10</actionDate>
      <text>On agreeing to the resolution Agreed to by the Yeas and Nays: 243 - 186 (Roll no. 491). (text: CR H5882)</text>
      <actionTime>14:17:05</actionTime>
      <links />
    </latestAction>
    <recordedVotes>
      <recordedVote>
        <chamber>House</chamber>
        <url>http://clerk.house.gov/evs/2015/roll491.xml</url>
        <sessionNumber>1</sessionNumber>
        <congress>114</congress>
        <fullActionName>Passage of a Measure</fullActionName>
        <date>2015-09-10T18:17:05Z</date>
        <rollNumber>491</rollNumber>
      </recordedVote>
    </recordedVotes>
    <calendarNumbers>
      <item>
        <calendar>H00057</calendar>
        <number />
      </item>
    </calendarNumbers>
    <cboCostEstimates />
    <title>Providing for consideration of the resolution (H. Res. 411) finding that the President has not complied with section 2 of the Iran Nuclear Agreement Review Act of 2015; providing for consideration of the bill (H.R. 3461) to approve the Joint Comprehensive Plan of Action, signed at Vienna on July 14, 2015, relating to the nuclear program of Iran; and providing for consideration of the bill (H.R. 3460) to suspend until January 21, 2017, the authority of the President to waive, suspend, reduce, provide relief from, or otherwise limit the application of sanctions pursuant to an agreement related to the nuclear program of Iran.</title>
    <actions>
      <actionByCounts>
        <houseOfRepresentatives>11</houseOfRepresentatives>
      </actionByCounts>
      <item>
        <sourceSystem>
          <code>2</code>
          <name>House floor actions</name>
        </sourceSystem>
        <type>Floor</type>
        <text>Motion to reconsider laid on the table Agreed to without objection.</text>
        <committee />
        <links />
        <actionDate>2015-09-10</actionDate>
        <actionCode>H38310</actionCode>
        <actionTime>14:17:05</actionTime>
      </item>
      <item>
        <sourceSystem>
          <code>2</code>
          <name>House floor actions</name>
        </sourceSystem>
        <type>Floor</type>
        <text>On agreeing to the resolution Agreed to by the Yeas and Nays: 243 - 186 (Roll no. 491). (text: CR H5882)</text>
        <committee />
        <links>
          <link>
            <url>https://www.congress.gov/congressional-record/volume-161/house-section/page/H5882</url>
            <name>H5882</name>
          </link>
          <link>
            <url>http://clerk.house.gov/evs/2015/roll491.xml</url>
            <name>Roll no. 491</name>
          </link>
        </links>
        <actionDate>2015-09-10</actionDate>
        <actionCode>H37100</actionCode>
        <actionTime>14:17:05</actionTime>
      </item>
      <item>
        <sourceSystem>
          <code>9</code>
          <name>Library of Congress</name>
        </sourceSystem>
        <type>Floor</type>
        <text>Passed/agreed to in House: On agreeing to the resolution Agreed to by the Yeas and Nays: 243 - 186 (Roll no. 491).(text: CR H5882)</text>
        <committee />
        <links>
          <link>
            <url>https://www.congress.gov/congressional-record/volume-161/house-section/page/H5882</url>
            <name>H5882</name>
          </link>
          <link>
            <url>http://clerk.house.gov/evs/2015/roll491.xml</url>
            <name>Roll no. 491</name>
          </link>
        </links>
        <actionDate>2015-09-10</actionDate>
        <actionCode>8000</actionCode>
        <actionTime>14:17:05</actionTime>
      </item>
      <item>
        <sourceSystem>
          <code>2</code>
          <name>House floor actions</name>
        </sourceSystem>
        <type>Floor</type>
        <text>The previous question was ordered without objection. (consideration: CR H5890)</text>
        <committee />
        <links>
          <link>
            <url>https://www.congress.gov/congressional-record/volume-161/house-section/page/H5890</url>
            <name>H5890</name>
          </link>
        </links>
        <actionDate>2015-09-10</actionDate>
        <actionCode>H35000</actionCode>
        <actionTime>13:50:40</actionTime>
      </item>
      <item>
        <sourceSystem>
          <code>2</code>
          <name>House floor actions</name>
        </sourceSystem>
        <type>Floor</type>
        <text>DEBATE - The House proceeded with one hour of debate on H. Res. 412.</text>
        <committee />
        <links>
          <link>
            <url>https://www.congress.gov/bill/114th-congress/house-resolution/412</url>
            <name>H. Res. 412</name>
          </link>
        </links>
        <actionDate>2015-09-10</actionDate>
        <actionCode>H8D000</actionCode>
        <actionTime>12:36:42</actionTime>
      </item>
      <item>
        <sourceSystem>
          <code>2</code>
          <name>House floor actions</name>
        </sourceSystem>
        <type>Floor</type>
        <text>Considered as privileged matter. (consideration: CR H5882-5891)</text>
        <committee />
        <links>
          <link>
            <url>https://www.congress.gov/congressional-record/volume-161/house-section/page/H5882-5891</url>
            <name>H5882-5891</name>
          </link>
        </links>
        <actionDate>2015-09-10</actionDate>
        <actionCode>H30000</actionCode>
        <actionTime>12:34:25</actionTime>
      </item>
      <item>
        <sourceSystem>
          <code>2</code>
          <name>House floor actions</name>
        </sourceSystem>
        <type>Floor</type>
        <text>Resolution provides for consideration of 3 measures: H. Res. 411; H.R.3460; and H.R. 3461.</text>
        <committee />
        <links>
          <link>
            <url>https://www.congress.gov/bill/114th-congress/house-resolution/411</url>
            <name>H. Res. 411</name>
          </link>
          <link>
            <url>https://www.congress.gov/bill/114th-congress/house-bill/3461</url>
            <name>H.R. 3461</name>
          </link>
          <link>
            <url>https://www.congress.gov/bill/114th-congress/house-bill/3460</url>
            <name>H.R.3460</name>
          </link>
        </links>
        <actionDate>2015-09-09</actionDate>
        <actionCode>H12700</actionCode>
        <actionTime>22:36:54</actionTime>
      </item>
      <item>
        <sourceSystem>
          <code>2</code>
          <name>House floor actions</name>
        </sourceSystem>
        <type>Calendars</type>
        <text>Placed on the House Calendar, Calendar No. 57.</text>
        <committee />
        <links />
        <actionDate>2015-09-09</actionDate>
        <actionCode>H12420</actionCode>
      </item>
      <item>
        <sourceSystem>
          <code>2</code>
          <name>House floor actions</name>
        </sourceSystem>
        <type>Committee</type>
        <text>The House Committee on Rules reported an original measure, H. Rept. 114-259, by Mr. Sessions.</text>
        <committee>
          <systemCode>hsru00</systemCode>
          <name>Rules Committee</name>
        </committee>
        <links>
          <link>
            <url>https://www.congress.gov/congressional-report/114th-congress/house-report/259</url>
            <name>H. Rept. 114-259</name>
          </link>
        </links>
        <actionDate>2015-09-09</actionDate>
        <actionCode>H12100</actionCode>
      </item>
      <item>
        <sourceSystem>
          <code>9</code>
          <name>Library of Congress</name>
        </sourceSystem>
        <type>Committee</type>
        <text>The House Committee on Rules reported an original measure, H. Rept. 114-259, by Mr. Sessions.</text>
        <committee>
          <systemCode>hsru00</systemCode>
          <name>Rules Committee</name>
        </committee>
        <links>
          <link>
            <url>https://www.congress.gov/congressional-report/114th-congress/house-report/259</url>
            <name>H. Rept. 114-259</name>
          </link>
        </links>
        <actionDate>2015-09-09</actionDate>
        <actionCode>5000</actionCode>
      </item>
      <item>
        <sourceSystem>
          <code>9</code>
          <name>Library of Congress</name>
        </sourceSystem>
        <type>IntroReferral</type>
        <text>Introduced in House</text>
        <committee />
        <links />
        <actionDate>2015-09-09</actionDate>
        <actionCode>1000</actionCode>
      </item>
      <actionTypeCounts>
        <considerationByHouse>1</considerationByHouse>
        <generalDebate>1</generalDebate>
        <motionForPreviousQuestion>1</motionForPreviousQuestion>
        <motionToReconsiderResults>1</motionToReconsiderResults>
        <passageOfAMeasure>1</passageOfAMeasure>
        <passedAgreedToInHouse>1</passedAgreedToInHouse>
        <houseCalendarAssignment>1</houseCalendarAssignment>
        <provisionsOfARule>1</provisionsOfARule>
        <committeeReportOfAnOriginalMeasure>1</committeeReportOfAnOriginalMeasure>
        <reportedToHouse>1</reportedToHouse>
        <introducedInHouse>1</introducedInHouse>
      </actionTypeCounts>
    </actions>
    <amendments />
    <introducedDate>2015-09-09</introducedDate>
    <billNumber>412</billNumber>
    <relatedBills>
      <item>
        <congress>114</congress>
        <number>411</number>
        <latestAction>
          <text>On agreeing to the resolution Agreed to by the Yeas and Nays: 245 - 186 (Roll no. 492). (text: CR H5891-5892)</text>
          <actionTime>17:23:17</actionTime>
          <actionDate>2015-09-10</actionDate>
        </latestAction>
        <type>HRES</type>
        <relationshipDetails>
          <item>
            <type>Procedurally-related</type>
            <identifiedBy>House</identifiedBy>
          </item>
          <item>
            <type>Related bill</type>
            <identifiedBy>House</identifiedBy>
          </item>
        </relationshipDetails>
        <latestTitle>Finding that the President has not complied with section 2 of the Iran Nuclear Agreement Review Act of 2015.</latestTitle>
      </item>
      <item>
        <congress>114</congress>
        <number>3460</number>
        <latestAction>
          <text>Read twice and referred to the Committee on Foreign Relations.</text>
          <actionDate>2016-07-14</actionDate>
        </latestAction>
        <type>HR</type>
        <relationshipDetails>
          <item>
            <type>Procedurally-related</type>
            <identifiedBy>House</identifiedBy>
          </item>
          <item>
            <type>Related bill</type>
            <identifiedBy>House</identifiedBy>
          </item>
        </relationshipDetails>
        <latestTitle>To suspend until January 21, 2017, the authority of the President to waive, suspend, reduce, provide relief from, or otherwise limit the application of sanctions pursuant to an agreement related to the nuclear program of Iran.</latestTitle>
      </item>
      <item>
        <congress>114</congress>
        <number>3461</number>
        <latestAction>
          <text>Motion to reconsider laid on the table Agreed to without objection.</text>
          <actionTime>12:31:54</actionTime>
          <actionDate>2015-09-11</actionDate>
        </latestAction>
        <type>HR</type>
        <relationshipDetails>
          <item>
            <type>Procedurally-related</type>
            <identifiedBy>House</identifiedBy>
          </item>
        </relationshipDetails>
        <latestTitle>To approve the Joint Comprehensive Plan of Action, signed at Vienna on July 14, 2015, relating to the nuclear program of Iran.</latestTitle>
      </item>
    </relatedBills>
    <titles>
      <item>
        <titleType>Official Title as Introduced</titleType>
        <chamberName />
        <title>Providing for consideration of the resolution (H. Res. 411) finding that the President has not complied with section 2 of the Iran Nuclear Agreement Review Act of 2015; providing for consideration of the bill (H.R. 3461) to approve the Joint Comprehensive Plan of Action, signed at Vienna on July 14, 2015, relating to the nuclear program of Iran; and providing for consideration of the bill (H.R. 3460) to suspend until January 21, 2017, the authority of the President to waive, suspend, reduce, provide relief from, or otherwise limit the application of sanctions pursuant to an agreement related to the nuclear program of Iran.</title>
        <chamberCode />
        <parentTitleType />
      </item>
      <item>
        <titleType>Display Title</titleType>
        <chamberName />
        <title>Providing for consideration of the resolution (H. Res. 411) finding that the President has not complied with section 2 of the Iran Nuclear Agreement Review Act of 2015; providing for consideration of the bill (H.R. 3461) to approve the Joint Comprehensive Plan of Action, signed at Vienna on July 14, 2015, relating to the nuclear program of Iran; and providing for consideration of the bill (H.R. 3460) to suspend until January 21, 2017, the authority of the President to waive, suspend, reduce, provide relief from, or otherwise limit the application of sanctions pursuant to an agreement related to the nuclear program of Iran.</title>
        <chamberCode />
        <parentTitleType />
      </item>
    </titles>
    <cosponsors />
    <constitutionalAuthorityStatementText />
    <committeeReports>
      <committeeReport>
        <citation>H. Rept. 114-259</citation>
      </committeeReport>
    </committeeReports>
    <originChamber>House</originChamber>
    <summaries>
      <billSummaries>
        <item>
          <actionDesc>Introduced in House</actionDesc>
          <name>Introduced in House</name>
          <actionDate>2015-09-09</actionDate>
          <lastSummaryUpdateDate>2015-09-10T08:06:36Z</lastSummaryUpdateDate>
          <updateDate>2015-09-09T04:00:00Z</updateDate>
          <versionCode>00</versionCode>
          <text><![CDATA[Sets forth the rule for consideration of the resolution (H. Res. 411) finding that the President has not complied with section 2 of the Iran Nuclear Agreement Review Act of 2015; providing for consideration of the bill (H.R. 3461) to approve the Joint Comprehensive Plan of Action, signed at Vienna on July 14, 2015, relating to the nuclear program of Iran; and providing for consideration of the bill (H.R. 3460) to suspend until January 21, 2017, the authority of the President to waive, suspend, reduce, provide relief from, or otherwise limit the application of sanctions pursuant to an agreement related to the nuclear program of Iran.]]></text>
        </item>
      </billSummaries>
    </summaries>
    <subjects>
      <billSubjects>
        <legislativeSubjects>
          <item>
            <name>House of Representatives</name>
          </item>
          <item>
            <name>Legislative rules and procedure</name>
          </item>
        </legislativeSubjects>
        <policyArea>
          <name>Congress</name>
        </policyArea>
      </billSubjects>
    </subjects>
    <createDate>2015-09-10T08:45:54Z</createDate>
    <notes />
    <committees>
      <billCommittees>
        <item>
          <systemCode>hsru00</systemCode>
          <subcommittees />
          <type>Standing</type>
          <chamber>House</chamber>
          <name>Rules Committee</name>
          <activities>
            <item>
              <name>Reported original measure</name>
              <date>2015-09-10T02:36:30Z</date>
            </item>
          </activities>
        </item>
      </billCommittees>
    </committees>
  </bill>
  <dublinCore xmlns:dc="http://purl.org/dc/elements/1.1/">
    <dc:format>text/xml</dc:format>
    <dc:language>EN</dc:language>
    <dc:rights>Pursuant to Title 17 Section 105 of the United States Code, this file is not subject to copyright protection and is in the public domain.</dc:rights>
    <dc:contributor>Congressional Research Service, Library of Congress</dc:contributor>
    <dc:description>This file contains bill summaries and statuses for federal legislation. A bill summary describes the most significant provisions of a piece of legislation and details the effects the legislative text may have on current law and federal programs. Bill summaries are authored by the Congressional Research Service (CRS) of the Library of Congress. As stated in Public Law 91-510 (2 USC 166 (d)(6)), one of the duties of CRS is "to prepare summaries and digests of bills and resolutions of a public general nature introduced in the Senate or House of Representatives". For more information, refer to the User Guide that accompanies this file.</dc:description>
  </dublinCore>
</billStatus>

