<?xml version="1.0" encoding="UTF-8"?>
<billStatus>
  <bill>
    <introducedDate>2015-06-25</introducedDate>
    <committeeReports />
    <laws />
    <createDate>2015-06-26T09:12:04Z</createDate>
    <actions>
      <item>
        <actionDate>2015-12-09</actionDate>
        <committee>
          <systemCode>hsfa00</systemCode>
          <name>Foreign Affairs Committee</name>
        </committee>
        <links />
        <sourceSystem>
          <code>1</code>
          <name>House committee actions</name>
        </sourceSystem>
        <text>Ordered to be Reported in the Nature of a Substitute (Amended) by Unanimous Consent.</text>
        <type>Committee</type>
      </item>
      <item>
        <actionDate>2015-12-09</actionDate>
        <committee>
          <systemCode>hsfa00</systemCode>
          <name>Foreign Affairs Committee</name>
        </committee>
        <links />
        <sourceSystem>
          <code>1</code>
          <name>House committee actions</name>
        </sourceSystem>
        <text>Committee Consideration and Mark-up Session Held.</text>
        <type>Committee</type>
      </item>
      <item>
        <actionDate>2015-12-04</actionDate>
        <committee>
          <systemCode>hsfa00</systemCode>
          <name>Foreign Affairs Committee</name>
        </committee>
        <links />
        <sourceSystem>
          <code>1</code>
          <name>House committee actions</name>
        </sourceSystem>
        <text>Subcommittee on Middle East and North Africa Discharged.</text>
        <type>Committee</type>
      </item>
      <item>
        <actionDate>2015-08-20</actionDate>
        <committee>
          <systemCode>hsfa13</systemCode>
          <name>Middle East and North Africa Subcommittee</name>
        </committee>
        <links />
        <sourceSystem>
          <code>1</code>
          <name>House committee actions</name>
        </sourceSystem>
        <text>Referred to the Subcommittee on Middle East and North Africa.</text>
        <type>Committee</type>
      </item>
      <item>
        <sourceSystem>
          <code>2</code>
          <name>House floor actions</name>
        </sourceSystem>
        <type>IntroReferral</type>
        <actionDate>2015-06-25</actionDate>
        <committee>
          <systemCode>hsfa00</systemCode>
          <name>Foreign Affairs Committee</name>
        </committee>
        <text>Referred to the House Committee on Foreign Affairs.</text>
        <actionCode>H11100</actionCode>
        <links />
      </item>
      <item>
        <sourceSystem>
          <code>9</code>
          <name>Library of Congress</name>
        </sourceSystem>
        <type>IntroReferral</type>
        <actionDate>2015-06-25</actionDate>
        <committee />
        <text>Introduced in House</text>
        <actionCode>Intro-H</actionCode>
        <links />
      </item>
      <item>
        <sourceSystem>
          <code>9</code>
          <name>Library of Congress</name>
        </sourceSystem>
        <type>IntroReferral</type>
        <actionDate>2015-06-25</actionDate>
        <committee />
        <text>Introduced in House</text>
        <actionCode>1000</actionCode>
        <links />
      </item>
      <actionByCounts>
        <houseOfRepresentatives>7</houseOfRepresentatives>
      </actionByCounts>
      <actionTypeCounts>
        <introducedInTheHouse>1</introducedInTheHouse>
        <actionStageOverride>1</actionStageOverride>
        <introducedInHouse>1</introducedInHouse>
        <billReferrals>1</billReferrals>
        <placeholderTextForH>3</placeholderTextForH>
      </actionTypeCounts>
    </actions>
    <recordedVotes />
    <relatedBills />
    <cosponsors>
      <item>
        <sponsorshipWithdrawnDate />
        <lastName>ROS-LEHTINEN</lastName>
        <state>FL</state>
        <middleName />
        <sponsorshipDate>2015-06-25</sponsorshipDate>
        <identifiers>
          <lisID>985</lisID>
          <gpoId>7890</gpoId>
          <bioguideId>R000435</bioguideId>
        </identifiers>
        <isOriginalCosponsor>True</isOriginalCosponsor>
        <party>R</party>
        <bioguideId>R000435</bioguideId>
        <firstName>ILEANA</firstName>
        <fullName>Rep. Ros-Lehtinen, Ileana [R-FL-27]</fullName>
        <district>27</district>
      </item>
      <item>
        <sponsorshipWithdrawnDate />
        <lastName>SHERMAN</lastName>
        <state>CA</state>
        <middleName />
        <sponsorshipDate>2015-06-25</sponsorshipDate>
        <identifiers>
          <gpoId>7832</gpoId>
          <bioguideId>S000344</bioguideId>
          <lisID>1526</lisID>
        </identifiers>
        <isOriginalCosponsor>True</isOriginalCosponsor>
        <party>D</party>
        <bioguideId>S000344</bioguideId>
        <firstName>BRAD</firstName>
        <fullName>Rep. Sherman, Brad [D-CA-30]</fullName>
        <district>30</district>
      </item>
      <item>
        <sponsorshipWithdrawnDate />
        <lastName>Wilson</lastName>
        <state>SC</state>
        <middleName />
        <sponsorshipDate>2015-06-25</sponsorshipDate>
        <identifiers>
          <gpoId>8142</gpoId>
          <bioguideId>W000795</bioguideId>
          <lisID>1688</lisID>
        </identifiers>
        <isOriginalCosponsor>True</isOriginalCosponsor>
        <party>R</party>
        <bioguideId>W000795</bioguideId>
        <firstName>Joe</firstName>
        <fullName>Rep. Wilson, Joe [R-SC-2]</fullName>
        <district>2</district>
      </item>
      <item>
        <sponsorshipWithdrawnDate />
        <lastName>Cook</lastName>
        <state>CA</state>
        <middleName />
        <sponsorshipDate>2015-06-25</sponsorshipDate>
        <identifiers>
          <bioguideId>C001094</bioguideId>
          <lisID>2103</lisID>
          <gpoId />
        </identifiers>
        <isOriginalCosponsor>True</isOriginalCosponsor>
        <party>R</party>
        <bioguideId>C001094</bioguideId>
        <firstName>Paul</firstName>
        <fullName>Rep. Cook, Paul [R-CA-8]</fullName>
        <district>8</district>
      </item>
      <item>
        <sponsorshipWithdrawnDate />
        <lastName>Ribble</lastName>
        <state>WI</state>
        <middleName>J.</middleName>
        <sponsorshipDate>2015-06-25</sponsorshipDate>
        <identifiers>
          <lisID>2073</lisID>
          <gpoId>8221</gpoId>
          <bioguideId>R000587</bioguideId>
        </identifiers>
        <isOriginalCosponsor>True</isOriginalCosponsor>
        <party>R</party>
        <bioguideId>R000587</bioguideId>
        <firstName>Reid</firstName>
        <fullName>Rep. Ribble, Reid J. [R-WI-8]</fullName>
        <district>8</district>
      </item>
      <item>
        <sponsorshipWithdrawnDate />
        <lastName>ISSA</lastName>
        <state>CA</state>
        <middleName>E.</middleName>
        <sponsorshipDate>2015-06-25</sponsorshipDate>
        <identifiers>
          <gpoId>7854</gpoId>
          <bioguideId>I000056</bioguideId>
          <lisID>1640</lisID>
        </identifiers>
        <isOriginalCosponsor>True</isOriginalCosponsor>
        <party>R</party>
        <bioguideId>I000056</bioguideId>
        <firstName>DARRELL</firstName>
        <fullName>Rep. Issa, Darrell E. [R-CA-49]</fullName>
        <district>49</district>
      </item>
      <item>
        <sponsorshipWithdrawnDate />
        <lastName>Clawson</lastName>
        <state>FL</state>
        <middleName />
        <sponsorshipDate>2015-06-25</sponsorshipDate>
        <identifiers>
          <lisID>2200</lisID>
          <gpoId />
          <bioguideId>C001102</bioguideId>
        </identifiers>
        <isOriginalCosponsor>True</isOriginalCosponsor>
        <party>R</party>
        <bioguideId>C001102</bioguideId>
        <firstName>Curt</firstName>
        <fullName>Rep. Clawson, Curt [R-FL-19]</fullName>
        <district>19</district>
      </item>
      <item>
        <sponsorshipWithdrawnDate />
        <lastName>Diaz-Balart</lastName>
        <state>FL</state>
        <middleName />
        <sponsorshipDate>2015-07-16</sponsorshipDate>
        <identifiers>
          <gpoId>7893</gpoId>
          <bioguideId>D000600</bioguideId>
          <lisID>1717</lisID>
        </identifiers>
        <isOriginalCosponsor>False</isOriginalCosponsor>
        <party>R</party>
        <bioguideId>D000600</bioguideId>
        <firstName>Mario</firstName>
        <fullName>Rep. Diaz-Balart, Mario [R-FL-25]</fullName>
        <district>25</district>
      </item>
      <item>
        <sponsorshipWithdrawnDate />
        <lastName>Grothman</lastName>
        <state>WI</state>
        <middleName />
        <sponsorshipDate>2015-09-08</sponsorshipDate>
        <identifiers>
          <gpoId />
          <bioguideId>G000576</bioguideId>
          <lisID>2276</lisID>
        </identifiers>
        <isOriginalCosponsor>False</isOriginalCosponsor>
        <party>R</party>
        <bioguideId>G000576</bioguideId>
        <firstName>Glenn</firstName>
        <fullName>Rep. Grothman, Glenn [R-WI-6]</fullName>
        <district>6</district>
      </item>
      <item>
        <sponsorshipWithdrawnDate />
        <lastName>DesJarlais</lastName>
        <state>TN</state>
        <middleName />
        <sponsorshipDate>2015-09-11</sponsorshipDate>
        <identifiers>
          <gpoId>8151</gpoId>
          <bioguideId>D000616</bioguideId>
          <lisID>2062</lisID>
        </identifiers>
        <isOriginalCosponsor>False</isOriginalCosponsor>
        <party>R</party>
        <bioguideId>D000616</bioguideId>
        <firstName>Scott</firstName>
        <fullName>Rep. DesJarlais, Scott [R-TN-4]</fullName>
        <district>4</district>
      </item>
      <item>
        <sponsorshipWithdrawnDate />
        <lastName>Barr</lastName>
        <state>KY</state>
        <middleName />
        <sponsorshipDate>2015-09-11</sponsorshipDate>
        <identifiers>
          <gpoId />
          <bioguideId>B001282</bioguideId>
          <lisID>2131</lisID>
        </identifiers>
        <isOriginalCosponsor>False</isOriginalCosponsor>
        <party>R</party>
        <bioguideId>B001282</bioguideId>
        <firstName>Andy</firstName>
        <fullName>Rep. Barr, Andy [R-KY-6]</fullName>
        <district>6</district>
      </item>
      <item>
        <sponsorshipWithdrawnDate />
        <lastName>Brownley</lastName>
        <state>CA</state>
        <middleName />
        <sponsorshipDate>2015-09-16</sponsorshipDate>
        <identifiers>
          <lisID>2106</lisID>
          <gpoId />
          <bioguideId>B001285</bioguideId>
        </identifiers>
        <isOriginalCosponsor>False</isOriginalCosponsor>
        <party>D</party>
        <bioguideId>B001285</bioguideId>
        <firstName>Julia</firstName>
        <fullName>Rep. Brownley, Julia [D-CA-26]</fullName>
        <district>26</district>
      </item>
      <item>
        <sponsorshipWithdrawnDate />
        <lastName>Farenthold</lastName>
        <state>TX</state>
        <middleName />
        <sponsorshipDate>2015-09-16</sponsorshipDate>
        <identifiers>
          <gpoId>8183</gpoId>
          <bioguideId>F000460</bioguideId>
          <lisID>2067</lisID>
        </identifiers>
        <isOriginalCosponsor>False</isOriginalCosponsor>
        <party>R</party>
        <bioguideId>F000460</bioguideId>
        <firstName>Blake</firstName>
        <fullName>Rep. Farenthold, Blake [R-TX-27]</fullName>
        <district>27</district>
      </item>
      <item>
        <sponsorshipWithdrawnDate />
        <lastName>Miller</lastName>
        <state>FL</state>
        <middleName />
        <sponsorshipDate>2015-09-16</sponsorshipDate>
        <identifiers>
          <lisID>1685</lisID>
          <gpoId>7873</gpoId>
          <bioguideId>M001144</bioguideId>
        </identifiers>
        <isOriginalCosponsor>False</isOriginalCosponsor>
        <party>R</party>
        <bioguideId>M001144</bioguideId>
        <firstName>Jeff</firstName>
        <fullName>Rep. Miller, Jeff [R-FL-1]</fullName>
        <district>1</district>
      </item>
      <item>
        <sponsorshipWithdrawnDate />
        <lastName>Donovan</lastName>
        <state>NY</state>
        <middleName>M.</middleName>
        <sponsorshipDate>2015-09-16</sponsorshipDate>
        <identifiers>
          <lisID>2293</lisID>
          <gpoId />
          <bioguideId>D000625</bioguideId>
        </identifiers>
        <isOriginalCosponsor>False</isOriginalCosponsor>
        <party>R</party>
        <bioguideId>D000625</bioguideId>
        <firstName>Daniel</firstName>
        <fullName>Rep. Donovan, Daniel M., Jr. [R-NY-11]</fullName>
        <district>11</district>
      </item>
      <item>
        <sponsorshipWithdrawnDate />
        <lastName>Murphy</lastName>
        <state>FL</state>
        <middleName />
        <sponsorshipDate>2015-09-16</sponsorshipDate>
        <identifiers>
          <lisID>2117</lisID>
          <gpoId />
          <bioguideId>M001191</bioguideId>
        </identifiers>
        <isOriginalCosponsor>False</isOriginalCosponsor>
        <party>D</party>
        <bioguideId>M001191</bioguideId>
        <firstName>Patrick</firstName>
        <fullName>Rep. Murphy, Patrick [D-FL-18]</fullName>
        <district>18</district>
      </item>
      <item>
        <sponsorshipWithdrawnDate />
        <lastName>Schweikert</lastName>
        <state>AZ</state>
        <middleName />
        <sponsorshipDate>2015-09-16</sponsorshipDate>
        <identifiers>
          <lisID>1994</lisID>
          <gpoId>7802</gpoId>
          <bioguideId>S001183</bioguideId>
        </identifiers>
        <isOriginalCosponsor>False</isOriginalCosponsor>
        <party>R</party>
        <bioguideId>S001183</bioguideId>
        <firstName>David</firstName>
        <fullName>Rep. Schweikert, David [R-AZ-6]</fullName>
        <district>6</district>
      </item>
      <item>
        <sponsorshipWithdrawnDate />
        <lastName>Weber</lastName>
        <state>TX</state>
        <middleName>K.</middleName>
        <sponsorshipDate>2015-09-16</sponsorshipDate>
        <identifiers>
          <lisID>2161</lisID>
          <gpoId />
          <bioguideId>W000814</bioguideId>
        </identifiers>
        <isOriginalCosponsor>False</isOriginalCosponsor>
        <party>R</party>
        <bioguideId>W000814</bioguideId>
        <firstName>Randy</firstName>
        <fullName>Rep. Weber, Randy K., Sr. [R-TX-14]</fullName>
        <district>14</district>
      </item>
      <item>
        <sponsorshipWithdrawnDate />
        <lastName>Davis</lastName>
        <state>IL</state>
        <middleName />
        <sponsorshipDate>2015-09-16</sponsorshipDate>
        <identifiers>
          <bioguideId>D000619</bioguideId>
          <gpoId />
          <lisID>2126</lisID>
        </identifiers>
        <isOriginalCosponsor>False</isOriginalCosponsor>
        <party>R</party>
        <bioguideId>D000619</bioguideId>
        <firstName>Rodney</firstName>
        <fullName>Rep. Davis, Rodney [R-IL-13]</fullName>
        <district>13</district>
      </item>
      <item>
        <sponsorshipWithdrawnDate />
        <lastName>Rothfus</lastName>
        <state>PA</state>
        <middleName>J.</middleName>
        <sponsorshipDate>2015-09-18</sponsorshipDate>
        <identifiers>
          <lisID>2158</lisID>
          <gpoId />
          <bioguideId>R000598</bioguideId>
        </identifiers>
        <isOriginalCosponsor>False</isOriginalCosponsor>
        <party>R</party>
        <bioguideId>R000598</bioguideId>
        <firstName>Keith</firstName>
        <fullName>Rep. Rothfus, Keith J. [R-PA-12]</fullName>
        <district>12</district>
      </item>
      <item>
        <sponsorshipWithdrawnDate />
        <lastName>Scott</lastName>
        <state>GA</state>
        <middleName />
        <sponsorshipDate>2015-09-18</sponsorshipDate>
        <identifiers>
          <lisID>1722</lisID>
          <gpoId>7910</gpoId>
          <bioguideId>S001157</bioguideId>
        </identifiers>
        <isOriginalCosponsor>False</isOriginalCosponsor>
        <party>D</party>
        <bioguideId>S001157</bioguideId>
        <firstName>David</firstName>
        <fullName>Rep. Scott, David [D-GA-13]</fullName>
        <district>13</district>
      </item>
      <item>
        <sponsorshipWithdrawnDate />
        <lastName>Delaney</lastName>
        <state>MD</state>
        <middleName>K.</middleName>
        <sponsorshipDate>2015-09-18</sponsorshipDate>
        <identifiers>
          <gpoId />
          <bioguideId>D000620</bioguideId>
          <lisID>2133</lisID>
        </identifiers>
        <isOriginalCosponsor>False</isOriginalCosponsor>
        <party>D</party>
        <bioguideId>D000620</bioguideId>
        <firstName>John</firstName>
        <fullName>Rep. Delaney, John K. [D-MD-6]</fullName>
        <district>6</district>
      </item>
      <item>
        <sponsorshipWithdrawnDate />
        <lastName>HASTINGS</lastName>
        <state>FL</state>
        <middleName>L.</middleName>
        <sponsorshipDate>2015-09-18</sponsorshipDate>
        <identifiers>
          <gpoId>7895</gpoId>
          <bioguideId>H000324</bioguideId>
          <lisID>511</lisID>
        </identifiers>
        <isOriginalCosponsor>False</isOriginalCosponsor>
        <party>D</party>
        <bioguideId>H000324</bioguideId>
        <firstName>ALCEE</firstName>
        <fullName>Rep. Hastings, Alcee L. [D-FL-20]</fullName>
        <district>20</district>
      </item>
      <item>
        <sponsorshipWithdrawnDate />
        <lastName>Rooney</lastName>
        <state>FL</state>
        <middleName>J.</middleName>
        <sponsorshipDate>2015-09-18</sponsorshipDate>
        <identifiers>
          <lisID>1916</lisID>
          <gpoId>7888</gpoId>
          <bioguideId>R000583</bioguideId>
        </identifiers>
        <isOriginalCosponsor>False</isOriginalCosponsor>
        <party>R</party>
        <bioguideId>R000583</bioguideId>
        <firstName>Thomas</firstName>
        <fullName>Rep. Rooney, Thomas J. [R-FL-17]</fullName>
        <district>17</district>
      </item>
      <item>
        <sponsorshipWithdrawnDate />
        <lastName>Hardy</lastName>
        <state>NV</state>
        <middleName />
        <sponsorshipDate>2015-09-22</sponsorshipDate>
        <identifiers>
          <gpoId />
          <bioguideId>H001070</bioguideId>
          <lisID>2260</lisID>
        </identifiers>
        <isOriginalCosponsor>False</isOriginalCosponsor>
        <party>R</party>
        <bioguideId>H001070</bioguideId>
        <firstName>Cresent</firstName>
        <fullName>Rep. Hardy, Cresent [R-NV-4]</fullName>
        <district>4</district>
      </item>
      <item>
        <sponsorshipWithdrawnDate />
        <lastName>Olson</lastName>
        <state>TX</state>
        <middleName />
        <sponsorshipDate>2015-09-25</sponsorshipDate>
        <identifiers>
          <lisID>1955</lisID>
          <gpoId>8178</gpoId>
          <bioguideId>O000168</bioguideId>
        </identifiers>
        <isOriginalCosponsor>False</isOriginalCosponsor>
        <party>R</party>
        <bioguideId>O000168</bioguideId>
        <firstName>Pete</firstName>
        <fullName>Rep. Olson, Pete [R-TX-22]</fullName>
        <district>22</district>
      </item>
      <item>
        <sponsorshipWithdrawnDate />
        <lastName>Williams</lastName>
        <state>TX</state>
        <middleName />
        <sponsorshipDate>2015-10-01</sponsorshipDate>
        <identifiers>
          <lisID>2165</lisID>
          <gpoId />
          <bioguideId>W000816</bioguideId>
        </identifiers>
        <isOriginalCosponsor>False</isOriginalCosponsor>
        <party>R</party>
        <bioguideId>W000816</bioguideId>
        <firstName>Roger</firstName>
        <fullName>Rep. Williams, Roger [R-TX-25]</fullName>
        <district>25</district>
      </item>
      <item>
        <sponsorshipWithdrawnDate />
        <lastName>Bishop</lastName>
        <state>MI</state>
        <middleName />
        <sponsorshipDate>2015-10-09</sponsorshipDate>
        <identifiers>
          <bioguideId>B001293</bioguideId>
          <gpoId />
          <lisID>2249</lisID>
        </identifiers>
        <isOriginalCosponsor>False</isOriginalCosponsor>
        <party>R</party>
        <bioguideId>B001293</bioguideId>
        <firstName>Mike</firstName>
        <fullName>Rep. Bishop, Mike [R-MI-8]</fullName>
        <district>8</district>
      </item>
      <item>
        <sponsorshipWithdrawnDate />
        <lastName>LOFGREN</lastName>
        <state>CA</state>
        <middleName />
        <sponsorshipDate>2015-10-09</sponsorshipDate>
        <identifiers>
          <bioguideId>L000397</bioguideId>
          <gpoId>7821</gpoId>
          <lisID>701</lisID>
        </identifiers>
        <isOriginalCosponsor>False</isOriginalCosponsor>
        <party>D</party>
        <bioguideId>L000397</bioguideId>
        <firstName>ZOE</firstName>
        <fullName>Rep. Lofgren, Zoe [D-CA-19]</fullName>
        <district>19</district>
      </item>
      <item>
        <sponsorshipWithdrawnDate />
        <lastName>Peters</lastName>
        <state>CA</state>
        <middleName>H.</middleName>
        <sponsorshipDate>2015-10-16</sponsorshipDate>
        <identifiers>
          <gpoId />
          <bioguideId>P000608</bioguideId>
          <lisID>2113</lisID>
        </identifiers>
        <isOriginalCosponsor>False</isOriginalCosponsor>
        <party>D</party>
        <bioguideId>P000608</bioguideId>
        <firstName>Scott</firstName>
        <fullName>Rep. Peters, Scott H. [D-CA-52]</fullName>
        <district>52</district>
      </item>
      <item>
        <sponsorshipWithdrawnDate />
        <lastName>Duncan</lastName>
        <state>SC</state>
        <middleName />
        <sponsorshipDate>2015-10-28</sponsorshipDate>
        <identifiers>
          <lisID>2057</lisID>
          <gpoId>8143</gpoId>
          <bioguideId>D000615</bioguideId>
        </identifiers>
        <isOriginalCosponsor>False</isOriginalCosponsor>
        <party>R</party>
        <bioguideId>D000615</bioguideId>
        <firstName>Jeff</firstName>
        <fullName>Rep. Duncan, Jeff [R-SC-3]</fullName>
        <district>3</district>
      </item>
      <item>
        <sponsorshipWithdrawnDate />
        <lastName>McCaul</lastName>
        <state>TX</state>
        <middleName>T.</middleName>
        <sponsorshipDate>2015-10-28</sponsorshipDate>
        <identifiers>
          <lisID>1804</lisID>
          <gpoId>8166</gpoId>
          <bioguideId>M001157</bioguideId>
        </identifiers>
        <isOriginalCosponsor>False</isOriginalCosponsor>
        <party>R</party>
        <bioguideId>M001157</bioguideId>
        <firstName>Michael</firstName>
        <fullName>Rep. McCaul, Michael T. [R-TX-10]</fullName>
        <district>10</district>
      </item>
      <item>
        <sponsorshipWithdrawnDate />
        <lastName>Sires</lastName>
        <state>NJ</state>
        <middleName />
        <sponsorshipDate>2015-10-28</sponsorshipDate>
        <identifiers>
          <lisID>1818</lisID>
          <gpoId>8055</gpoId>
          <bioguideId>S001165</bioguideId>
        </identifiers>
        <isOriginalCosponsor>False</isOriginalCosponsor>
        <party>D</party>
        <bioguideId>S001165</bioguideId>
        <firstName>Albio</firstName>
        <fullName>Rep. Sires, Albio [D-NJ-8]</fullName>
        <district>8</district>
      </item>
      <item>
        <sponsorshipWithdrawnDate />
        <lastName>Frankel</lastName>
        <state>FL</state>
        <middleName />
        <sponsorshipDate>2015-10-28</sponsorshipDate>
        <identifiers>
          <gpoId />
          <bioguideId>F000462</bioguideId>
          <lisID>2119</lisID>
        </identifiers>
        <isOriginalCosponsor>False</isOriginalCosponsor>
        <party>D</party>
        <bioguideId>F000462</bioguideId>
        <firstName>Lois</firstName>
        <fullName>Rep. Frankel, Lois [D-FL-22]</fullName>
        <district>22</district>
      </item>
      <item>
        <sponsorshipWithdrawnDate />
        <lastName>Pittenger</lastName>
        <state>NC</state>
        <middleName />
        <sponsorshipDate>2015-12-08</sponsorshipDate>
        <identifiers>
          <bioguideId>P000606</bioguideId>
          <gpoId />
          <lisID>2141</lisID>
        </identifiers>
        <isOriginalCosponsor>False</isOriginalCosponsor>
        <party>R</party>
        <bioguideId>P000606</bioguideId>
        <firstName>Robert</firstName>
        <fullName>Rep. Pittenger, Robert [R-NC-9]</fullName>
        <district>9</district>
      </item>
      <item>
        <sponsorshipWithdrawnDate />
        <lastName>Meadows</lastName>
        <state>NC</state>
        <middleName />
        <sponsorshipDate>2015-12-08</sponsorshipDate>
        <identifiers>
          <lisID>2142</lisID>
          <gpoId />
          <bioguideId>M001187</bioguideId>
        </identifiers>
        <isOriginalCosponsor>False</isOriginalCosponsor>
        <party>R</party>
        <bioguideId>M001187</bioguideId>
        <firstName>Mark</firstName>
        <fullName>Rep. Meadows, Mark [R-NC-11]</fullName>
        <district>11</district>
      </item>
      <item>
        <sponsorshipWithdrawnDate />
        <lastName>McMorris Rodgers</lastName>
        <state>WA</state>
        <middleName />
        <sponsorshipDate>2015-12-10</sponsorshipDate>
        <identifiers>
          <lisID>1809</lisID>
          <gpoId>8209</gpoId>
          <bioguideId>M001159</bioguideId>
        </identifiers>
        <isOriginalCosponsor>False</isOriginalCosponsor>
        <party>R</party>
        <bioguideId>M001159</bioguideId>
        <firstName>Cathy</firstName>
        <fullName>Rep. McMorris Rodgers, Cathy [R-WA-5]</fullName>
        <district>5</district>
      </item>
      <item>
        <sponsorshipWithdrawnDate />
        <lastName>Boyle</lastName>
        <state>PA</state>
        <middleName>F.</middleName>
        <sponsorshipDate>2015-12-10</sponsorshipDate>
        <identifiers>
          <lisID>2267</lisID>
          <gpoId />
          <bioguideId>B001296</bioguideId>
        </identifiers>
        <isOriginalCosponsor>False</isOriginalCosponsor>
        <party>D</party>
        <bioguideId>B001296</bioguideId>
        <firstName>Brendan</firstName>
        <fullName>Rep. Boyle, Brendan F. [D-PA-13]</fullName>
        <district>13</district>
      </item>
      <item>
        <sponsorshipWithdrawnDate />
        <lastName>Pearce</lastName>
        <state>NM</state>
        <middleName />
        <sponsorshipDate>2016-02-26</sponsorshipDate>
        <identifiers>
          <gpoId>8057</gpoId>
          <bioguideId>P000588</bioguideId>
          <lisID>1738</lisID>
        </identifiers>
        <isOriginalCosponsor>False</isOriginalCosponsor>
        <party>R</party>
        <bioguideId>P000588</bioguideId>
        <firstName>Stevan</firstName>
        <fullName>Rep. Pearce, Stevan [R-NM-2]</fullName>
        <district>2</district>
      </item>
      <item>
        <sponsorshipWithdrawnDate />
        <lastName>Rouzer</lastName>
        <state>NC</state>
        <middleName />
        <sponsorshipDate>2016-09-21</sponsorshipDate>
        <identifiers>
          <lisID>2256</lisID>
          <gpoId />
          <bioguideId>R000603</bioguideId>
        </identifiers>
        <isOriginalCosponsor>False</isOriginalCosponsor>
        <party>R</party>
        <bioguideId>R000603</bioguideId>
        <firstName>David</firstName>
        <fullName>Rep. Rouzer, David [R-NC-7]</fullName>
        <district>7</district>
      </item>
      <item>
        <sponsorshipWithdrawnDate />
        <lastName>Himes</lastName>
        <state>CT</state>
        <middleName>A.</middleName>
        <sponsorshipDate>2016-09-26</sponsorshipDate>
        <identifiers>
          <bioguideId>H001047</bioguideId>
          <gpoId>7869</gpoId>
          <lisID>1913</lisID>
        </identifiers>
        <isOriginalCosponsor>False</isOriginalCosponsor>
        <party>D</party>
        <bioguideId>H001047</bioguideId>
        <firstName>James</firstName>
        <fullName>Rep. Himes, James A. [D-CT-4]</fullName>
        <district>4</district>
      </item>
    </cosponsors>
    <billNumber>346</billNumber>
    <amendments />
    <subjects>
      <billSubjects>
        <legislativeSubjects>
          <item>
            <name>Aviation and airports</name>
          </item>
          <item>
            <name>Chemical and biological weapons</name>
          </item>
          <item>
            <name>Conflicts and wars</name>
          </item>
          <item>
            <name>Congressional oversight</name>
          </item>
          <item>
            <name>Criminal investigation, prosecution, interrogation</name>
          </item>
          <item>
            <name>Evidence and witnesses</name>
          </item>
          <item>
            <name>International organizations and cooperation</name>
          </item>
          <item>
            <name>Middle East</name>
          </item>
          <item>
            <name>Syria</name>
          </item>
          <item>
            <name>War crimes, genocide, crimes against humanity</name>
          </item>
        </legislativeSubjects>
        <policyArea>
          <name>International Affairs</name>
        </policyArea>
      </billSubjects>
    </subjects>
    <sponsors>
      <item>
        <party>R</party>
        <state>FL</state>
        <middleName>S.</middleName>
        <bioguideId>Y000065</bioguideId>
        <lastName>Yoho</lastName>
        <firstName>Ted</firstName>
        <identifiers>
          <lisID>2115</lisID>
          <gpoId />
          <bioguideId>Y000065</bioguideId>
        </identifiers>
        <fullName>Rep. Yoho, Ted S. [R-FL-3]</fullName>
        <district>3</district>
        <byRequestType />
      </item>
    </sponsors>
    <summaries>
      <billSummaries>
        <item>
          <text><![CDATA[<p>Condemns: (1) the Assad regime for its atrocities against the Syrian people, including its weaponized use of chlorine; and (2) the use of any toxic chemical, including chlorine, as a weapon in Syria.</p> <p> Maintains that: (1) those who have engaged in such unlawful actions should be held accountable by the international community and urges the President to report to Congress on the use of chemical weapons, including chlorine, in Syria; and (2) no party in Syria should use, develop, acquire, or transfer chemical weapons, including weapons employing chlorine. </p> <p>Calls on the Administration to: (1) continue offering material support to programs and individuals collecting evidence of the use of chemical weapons inside of Syria, and (2) facilitate the future transfer of such evidence for use in prosecuting those responsible. </p> <p>Urges the international community to establish a comprehensive strategy regarding Syria which may include establishing a no-fly zone in Syria.</p>]]></text>
          <lastSummaryUpdateDate>2015-06-30T18:43:55Z</lastSummaryUpdateDate>
          <actionDesc>Introduced in House</actionDesc>
          <versionCode>00</versionCode>
          <updateDate>2015-06-25T04:00:00Z</updateDate>
          <name>Introduced in House</name>
          <actionDate>2015-06-25</actionDate>
        </item>
      </billSummaries>
    </summaries>
    <constitutionalAuthorityStatementText />
    <billType>HRES</billType>
    <title>Condemning the use of toxic chemicals as weapons in the Syrian Arab Republic.</title>
    <policyArea>
      <name>International Affairs</name>
    </policyArea>
    <congress>114</congress>
    <latestAction>
      <text>Ordered to be Reported in the Nature of a Substitute (Amended) by Unanimous Consent.</text>
      <actionDate>2015-12-09</actionDate>
      <links />
    </latestAction>
    <cboCostEstimates />
    <originChamber>House</originChamber>
    <notes />
    <committees>
      <billCommittees>
        <item>
          <systemCode>hsfa00</systemCode>
          <name>Foreign Affairs Committee</name>
          <subcommittees>
            <item>
              <systemCode>hsfa13</systemCode>
              <activities>
                <item>
                  <name>Discharged from</name>
                  <date>2015-12-04T19:02:53Z</date>
                </item>
                <item>
                  <name>Referred to</name>
                  <date>2015-08-20T13:46:39Z</date>
                </item>
              </activities>
              <name>Middle East and North Africa Subcommittee</name>
            </item>
          </subcommittees>
          <chamber>House</chamber>
          <activities>
            <item>
              <name>Markup by</name>
              <date>2015-12-09T19:04:25Z</date>
            </item>
            <item>
              <name>Referred to</name>
              <date>2015-06-25T13:06:00Z</date>
            </item>
          </activities>
          <type>Standing</type>
        </item>
      </billCommittees>
    </committees>
    <calendarNumbers />
    <updateDate>2017-01-11T14:31:08Z</updateDate>
    <titles>
      <item>
        <titleType>Official Title as Introduced</titleType>
        <chamberName />
        <title>Condemning the use of toxic chemicals as weapons in the Syrian Arab Republic.</title>
        <chamberCode />
        <parentTitleType />
      </item>
      <item>
        <titleType>Display Title</titleType>
        <chamberName />
        <title>Condemning the use of toxic chemicals as weapons in the Syrian Arab Republic.</title>
        <chamberCode />
        <parentTitleType />
      </item>
    </titles>
  </bill>
  <dublinCore xmlns:dc="http://purl.org/dc/elements/1.1/">
    <dc:format>text/xml</dc:format>
    <dc:language>EN</dc:language>
    <dc:rights>Pursuant to Title 17 Section 105 of the United States Code, this file is not subject to copyright protection and is in the public domain.</dc:rights>
    <dc:contributor>Congressional Research Service, Library of Congress</dc:contributor>
    <dc:description>This file contains bill summaries and statuses for federal legislation. A bill summary describes the most significant provisions of a piece of legislation and details the effects the legislative text may have on current law and federal programs. Bill summaries are authored by the Congressional Research Service (CRS) of the Library of Congress. As stated in Public Law 91-510 (2 USC 166 (d)(6)), one of the duties of CRS is "to prepare summaries and digests of bills and resolutions of a public general nature introduced in the Senate or House of Representatives". For more information, refer to the User Guide that accompanies this file.</dc:description>
  </dublinCore>
</billStatus>

