<?xml version="1.0" encoding="UTF-8"?>
<billStatus>
  <bill>
    <committees>
      <billCommittees>
        <item>
          <chamber>House</chamber>
          <subcommittees />
          <type>Standing</type>
          <name>Foreign Affairs Committee</name>
          <activities>
            <item>
              <name>Referred to</name>
              <date>2015-11-16T19:02:05Z</date>
            </item>
          </activities>
          <systemCode>hsfa00</systemCode>
        </item>
      </billCommittees>
    </committees>
    <calendarNumbers />
    <sponsors>
      <item>
        <identifiers>
          <lisID>998</lisID>
          <gpoId>7845</gpoId>
          <bioguideId>R000487</bioguideId>
        </identifiers>
        <district>39</district>
        <fullName>Rep. Royce, Edward R. [R-CA-39]</fullName>
        <lastName>ROYCE</lastName>
        <middleName />
        <bioguideId>R000487</bioguideId>
        <party>R</party>
        <firstName>ED</firstName>
        <state>CA</state>
        <byRequestType />
      </item>
    </sponsors>
    <billType>HRES</billType>
    <summaries>
      <billSummaries>
        <item>
          <actionDate>2015-11-16</actionDate>
          <lastSummaryUpdateDate>2015-11-17T19:06:07Z</lastSummaryUpdateDate>
          <name>Introduced in House</name>
          <text><![CDATA[<p>Condemns the terrorist attacks in Paris, France, on November 13, 2015, that resulted in the loss of at least 129 lives.</p> <p> Expresses condolences to the families and friends of those individuals who were killed, and sympathy to those individuals who were injured.</p> <p> Supports the government of France's efforts to bring to justice all those involved with the planning and execution of these terrorist attacks.</p> <p> Expresses concern about the flow of foreign fighters to and from the Middle East and West and North Africa and the threat these individuals pose upon their return to their local communities.</p> <p> Expresses the House's readiness to assist the government and people of France to respond to the growing terrorist threat posed by the Islamic State of Iraq and Syria (ISIS) and its terrorist affiliates.</p>]]></text>
          <actionDesc>Introduced in House</actionDesc>
          <updateDate>2015-11-16T05:00:00Z</updateDate>
          <versionCode>00</versionCode>
        </item>
        <item>
          <actionDate>2015-11-17</actionDate>
          <lastSummaryUpdateDate>2015-11-20T14:37:54Z</lastSummaryUpdateDate>
          <name>Passed House amended</name>
          <text><![CDATA[<p>Condemns the terrorist attacks in Paris, France, on November 13, 2015, that resulted in the loss of at least 129 lives.</p> <p> Expresses condolences to the families and friends of those individuals who were killed, and sympathy to those individuals who were injured.</p> <p> Supports the government of France's efforts to bring to justice all those involved with the planning and execution of these terrorist attacks.</p> <p> Expresses concern about the flow of foreign fighters to and from the Middle East and West and North Africa and the threat these individuals pose upon their return to their local communities.</p> <p> Expresses the House's readiness to assist the government and people of France to respond to the growing terrorist threat posed by the Islamic State of Iraq and Syria (ISIS) and its terrorist affiliates.</p>]]></text>
          <actionDesc>Passed House amended</actionDesc>
          <updateDate>2015-11-17T12:41:51Z</updateDate>
          <versionCode>36</versionCode>
        </item>
      </billSummaries>
    </summaries>
    <titles>
      <item>
        <title>Condemning in the strongest terms the terrorist attacks in Paris, France, on November 13, 2015, that resulted in the loss of at least 129 lives.</title>
        <chamberCode />
        <parentTitleType />
        <chamberName />
        <titleType>Official Title as Introduced</titleType>
      </item>
      <item>
        <title>Condemning in the strongest terms the terrorist attacks in Paris, France, on November 13, 2015, that resulted in the loss of at least 129 lives.</title>
        <chamberCode />
        <parentTitleType />
        <chamberName />
        <titleType>Display Title</titleType>
      </item>
    </titles>
    <billNumber>524</billNumber>
    <constitutionalAuthorityStatementText />
    <cboCostEstimates />
    <title>Condemning in the strongest terms the terrorist attacks in Paris, France, on November 13, 2015, that resulted in the loss of at least 129 lives.</title>
    <amendments />
    <actions>
      <item>
        <committee />
        <actionDate>2015-11-17</actionDate>
        <actionTime>16:15:30</actionTime>
        <text>Motion to reconsider laid on the table Agreed to without objection.</text>
        <links />
        <actionCode>H38310</actionCode>
        <type>Floor</type>
        <sourceSystem>
          <name>House floor actions</name>
          <code>2</code>
        </sourceSystem>
      </item>
      <item>
        <committee />
        <actionDate>2015-11-17</actionDate>
        <actionTime>16:15:21</actionTime>
        <text>On motion to suspend the rules and agree to the resolution, as amended Agreed to by voice vote. (text: CR H8272-8273)</text>
        <links>
          <link>
            <name>H8272-8273</name>
            <url>https://www.congress.gov/congressional-record/volume-161/house-section/page/H8272-8273</url>
          </link>
        </links>
        <actionCode>H37300</actionCode>
        <type>Floor</type>
        <sourceSystem>
          <name>House floor actions</name>
          <code>2</code>
        </sourceSystem>
      </item>
      <item>
        <committee />
        <actionDate>2015-11-17</actionDate>
        <actionTime>16:15:21</actionTime>
        <text>Passed/agreed to in House: On motion to suspend the rules and agree to the resolution, as amended Agreed to by voice vote.(text: CR H8272-8273)</text>
        <links>
          <link>
            <name>H8272-8273</name>
            <url>https://www.congress.gov/congressional-record/volume-161/house-section/page/H8272-8273</url>
          </link>
        </links>
        <actionCode>8000</actionCode>
        <type>Floor</type>
        <sourceSystem>
          <name>Library of Congress</name>
          <code>9</code>
        </sourceSystem>
      </item>
      <item>
        <committee />
        <actionDate>2015-11-17</actionDate>
        <actionTime>15:36:59</actionTime>
        <text>DEBATE - The House proceeded with forty minutes of debate on H. Res. 524.</text>
        <links>
          <link>
            <name>H. Res. 524</name>
            <url>https://www.congress.gov/bill/114th-congress/house-resolution/524</url>
          </link>
        </links>
        <actionCode>H8D000</actionCode>
        <type>Floor</type>
        <sourceSystem>
          <name>House floor actions</name>
          <code>2</code>
        </sourceSystem>
      </item>
      <item>
        <committee />
        <actionDate>2015-11-17</actionDate>
        <actionTime>15:36:58</actionTime>
        <text>Considered under suspension of the rules. (consideration: CR H8272-8277)</text>
        <links>
          <link>
            <name>H8272-8277</name>
            <url>https://www.congress.gov/congressional-record/volume-161/house-section/page/H8272-8277</url>
          </link>
        </links>
        <actionCode>H30000</actionCode>
        <type>Floor</type>
        <sourceSystem>
          <name>House floor actions</name>
          <code>2</code>
        </sourceSystem>
      </item>
      <item>
        <committee />
        <actionDate>2015-11-17</actionDate>
        <actionTime>15:36:18</actionTime>
        <text>Mr. Royce moved to suspend the rules and agree to the resolution, as amended.</text>
        <links />
        <actionCode>H30300</actionCode>
        <type>Floor</type>
        <sourceSystem>
          <name>House floor actions</name>
          <code>2</code>
        </sourceSystem>
      </item>
      <item>
        <committee>
          <name>Foreign Affairs Committee</name>
          <systemCode>hsfa00</systemCode>
        </committee>
        <actionDate>2015-11-16</actionDate>
        <text>Referred to the House Committee on Foreign Affairs.</text>
        <links />
        <actionCode>H11100</actionCode>
        <type>IntroReferral</type>
        <sourceSystem>
          <name>House floor actions</name>
          <code>2</code>
        </sourceSystem>
      </item>
      <item>
        <committee />
        <actionDate>2015-11-16</actionDate>
        <text>Introduced in House</text>
        <links />
        <actionCode>Intro-H</actionCode>
        <type>IntroReferral</type>
        <sourceSystem>
          <name>Library of Congress</name>
          <code>9</code>
        </sourceSystem>
      </item>
      <item>
        <committee />
        <actionDate>2015-11-16</actionDate>
        <text>Introduced in House</text>
        <links />
        <actionCode>1000</actionCode>
        <type>IntroReferral</type>
        <sourceSystem>
          <name>Library of Congress</name>
          <code>9</code>
        </sourceSystem>
      </item>
      <actionTypeCounts>
        <generalDebate>1</generalDebate>
        <billReferrals>1</billReferrals>
        <introducedInHouse>1</introducedInHouse>
        <considerationByHouse>1</considerationByHouse>
        <finalPassageUnderSuspensionOfTheRulesResults>1</finalPassageUnderSuspensionOfTheRulesResults>
        <passedAgreedToInHouse>1</passedAgreedToInHouse>
        <introducedInTheHouse>1</introducedInTheHouse>
        <motionToReconsiderResults>1</motionToReconsiderResults>
        <motionMadeToSuspendTheRules>1</motionMadeToSuspendTheRules>
      </actionTypeCounts>
      <actionByCounts>
        <houseOfRepresentatives>9</houseOfRepresentatives>
      </actionByCounts>
    </actions>
    <notes />
    <updateDate>2017-01-11T14:31:57Z</updateDate>
    <createDate>2015-11-17T10:19:45Z</createDate>
    <recordedVotes />
    <introducedDate>2015-11-16</introducedDate>
    <congress>114</congress>
    <committeeReports />
    <laws />
    <cosponsors>
      <item>
        <fullName>Rep. Engel, Eliot L. [D-NY-16]</fullName>
        <party>D</party>
        <isOriginalCosponsor>True</isOriginalCosponsor>
        <district>16</district>
        <identifiers>
          <bioguideId>E000179</bioguideId>
          <gpoId>8078</gpoId>
          <lisID>344</lisID>
        </identifiers>
        <sponsorshipWithdrawnDate />
        <bioguideId>E000179</bioguideId>
        <sponsorshipDate>2015-11-16</sponsorshipDate>
        <firstName>ELIOT</firstName>
        <middleName>L.</middleName>
        <state>NY</state>
        <lastName>ENGEL</lastName>
      </item>
      <item>
        <fullName>Rep. Bost, Mike [R-IL-12]</fullName>
        <party>R</party>
        <isOriginalCosponsor>False</isOriginalCosponsor>
        <district>12</district>
        <identifiers>
          <gpoId />
          <bioguideId>B001295</bioguideId>
          <lisID>2243</lisID>
        </identifiers>
        <sponsorshipWithdrawnDate />
        <bioguideId>B001295</bioguideId>
        <sponsorshipDate>2015-11-17</sponsorshipDate>
        <firstName>Mike</firstName>
        <middleName />
        <state>IL</state>
        <lastName>Bost</lastName>
      </item>
      <item>
        <fullName>Rep. Donovan, Daniel M., Jr. [R-NY-11]</fullName>
        <party>R</party>
        <isOriginalCosponsor>False</isOriginalCosponsor>
        <district>11</district>
        <identifiers>
          <lisID>2293</lisID>
          <gpoId />
          <bioguideId>D000625</bioguideId>
        </identifiers>
        <sponsorshipWithdrawnDate />
        <bioguideId>D000625</bioguideId>
        <sponsorshipDate>2015-11-17</sponsorshipDate>
        <firstName>Daniel</firstName>
        <middleName>M.</middleName>
        <state>NY</state>
        <lastName>Donovan</lastName>
      </item>
      <item>
        <fullName>Rep. Sherman, Brad [D-CA-30]</fullName>
        <party>D</party>
        <isOriginalCosponsor>False</isOriginalCosponsor>
        <district>30</district>
        <identifiers>
          <lisID>1526</lisID>
          <gpoId>7832</gpoId>
          <bioguideId>S000344</bioguideId>
        </identifiers>
        <sponsorshipWithdrawnDate />
        <bioguideId>S000344</bioguideId>
        <sponsorshipDate>2015-11-17</sponsorshipDate>
        <firstName>BRAD</firstName>
        <middleName />
        <state>CA</state>
        <lastName>SHERMAN</lastName>
      </item>
      <item>
        <fullName>Rep. Weber, Randy K., Sr. [R-TX-14]</fullName>
        <party>R</party>
        <isOriginalCosponsor>False</isOriginalCosponsor>
        <district>14</district>
        <identifiers>
          <bioguideId>W000814</bioguideId>
          <gpoId />
          <lisID>2161</lisID>
        </identifiers>
        <sponsorshipWithdrawnDate />
        <bioguideId>W000814</bioguideId>
        <sponsorshipDate>2015-11-17</sponsorshipDate>
        <firstName>Randy</firstName>
        <middleName>K.</middleName>
        <state>TX</state>
        <lastName>Weber</lastName>
      </item>
      <item>
        <fullName>Rep. Bera, Ami [D-CA-7]</fullName>
        <party>D</party>
        <isOriginalCosponsor>False</isOriginalCosponsor>
        <district>7</district>
        <identifiers>
          <lisID>2102</lisID>
          <gpoId />
          <bioguideId>B001287</bioguideId>
        </identifiers>
        <sponsorshipWithdrawnDate />
        <bioguideId>B001287</bioguideId>
        <sponsorshipDate>2015-11-17</sponsorshipDate>
        <firstName>Ami</firstName>
        <middleName />
        <state>CA</state>
        <lastName>Bera</lastName>
      </item>
      <item>
        <fullName>Rep. Rohrabacher, Dana [R-CA-48]</fullName>
        <party>R</party>
        <isOriginalCosponsor>False</isOriginalCosponsor>
        <district>48</district>
        <identifiers>
          <bioguideId>R000409</bioguideId>
          <lisID>979</lisID>
          <gpoId>7851</gpoId>
        </identifiers>
        <sponsorshipWithdrawnDate />
        <bioguideId>R000409</bioguideId>
        <sponsorshipDate>2015-11-17</sponsorshipDate>
        <firstName>DANA</firstName>
        <middleName />
        <state>CA</state>
        <lastName>ROHRABACHER</lastName>
      </item>
      <item>
        <fullName>Rep. Salmon, Matt [R-AZ-5]</fullName>
        <party>R</party>
        <isOriginalCosponsor>False</isOriginalCosponsor>
        <district>5</district>
        <identifiers>
          <lisID>1009</lisID>
          <gpoId />
          <bioguideId>S000018</bioguideId>
        </identifiers>
        <sponsorshipWithdrawnDate />
        <bioguideId>S000018</bioguideId>
        <sponsorshipDate>2015-11-17</sponsorshipDate>
        <firstName>MATT</firstName>
        <middleName />
        <state>AZ</state>
        <lastName>SALMON</lastName>
      </item>
      <item>
        <fullName>Rep. Higgins, Brian [D-NY-26]</fullName>
        <party>D</party>
        <isOriginalCosponsor>False</isOriginalCosponsor>
        <district>26</district>
        <identifiers>
          <lisID>1794</lisID>
          <gpoId>8088</gpoId>
          <bioguideId>H001038</bioguideId>
        </identifiers>
        <sponsorshipWithdrawnDate />
        <bioguideId>H001038</bioguideId>
        <sponsorshipDate>2015-11-17</sponsorshipDate>
        <firstName>Brian</firstName>
        <middleName />
        <state>NY</state>
        <lastName>Higgins</lastName>
      </item>
      <item>
        <fullName>Rep. Duncan, Jeff [R-SC-3]</fullName>
        <party>R</party>
        <isOriginalCosponsor>False</isOriginalCosponsor>
        <district>3</district>
        <identifiers>
          <bioguideId>D000615</bioguideId>
          <lisID>2057</lisID>
          <gpoId>8143</gpoId>
        </identifiers>
        <sponsorshipWithdrawnDate />
        <bioguideId>D000615</bioguideId>
        <sponsorshipDate>2015-11-17</sponsorshipDate>
        <firstName>Jeff</firstName>
        <middleName />
        <state>SC</state>
        <lastName>Duncan</lastName>
      </item>
      <item>
        <fullName>Rep. Lowenthal, Alan S. [D-CA-47]</fullName>
        <party>D</party>
        <isOriginalCosponsor>False</isOriginalCosponsor>
        <district>47</district>
        <identifiers>
          <lisID>2111</lisID>
          <gpoId />
          <bioguideId>L000579</bioguideId>
        </identifiers>
        <sponsorshipWithdrawnDate />
        <bioguideId>L000579</bioguideId>
        <sponsorshipDate>2015-11-17</sponsorshipDate>
        <firstName>Alan</firstName>
        <middleName>S.</middleName>
        <state>CA</state>
        <lastName>Lowenthal</lastName>
      </item>
      <item>
        <fullName>Rep. Wilson, Joe [R-SC-2]</fullName>
        <party>R</party>
        <isOriginalCosponsor>False</isOriginalCosponsor>
        <district>2</district>
        <identifiers>
          <bioguideId>W000795</bioguideId>
          <lisID>1688</lisID>
          <gpoId>8142</gpoId>
        </identifiers>
        <sponsorshipWithdrawnDate />
        <bioguideId>W000795</bioguideId>
        <sponsorshipDate>2015-11-17</sponsorshipDate>
        <firstName>Joe</firstName>
        <middleName />
        <state>SC</state>
        <lastName>Wilson</lastName>
      </item>
      <item>
        <fullName>Rep. Connolly, Gerald E. [D-VA-11]</fullName>
        <party>D</party>
        <isOriginalCosponsor>False</isOriginalCosponsor>
        <district>11</district>
        <identifiers>
          <gpoId>8202</gpoId>
          <bioguideId>C001078</bioguideId>
          <lisID>1959</lisID>
        </identifiers>
        <sponsorshipWithdrawnDate />
        <bioguideId>C001078</bioguideId>
        <sponsorshipDate>2015-11-17</sponsorshipDate>
        <firstName>Gerald</firstName>
        <middleName>E.</middleName>
        <state>VA</state>
        <lastName>Connolly</lastName>
      </item>
      <item>
        <fullName>Rep. Ros-Lehtinen, Ileana [R-FL-27]</fullName>
        <party>R</party>
        <isOriginalCosponsor>False</isOriginalCosponsor>
        <district>27</district>
        <identifiers>
          <bioguideId>R000435</bioguideId>
          <lisID>985</lisID>
          <gpoId>7890</gpoId>
        </identifiers>
        <sponsorshipWithdrawnDate />
        <bioguideId>R000435</bioguideId>
        <sponsorshipDate>2015-11-17</sponsorshipDate>
        <firstName>ILEANA</firstName>
        <middleName />
        <state>FL</state>
        <lastName>ROS-LEHTINEN</lastName>
      </item>
      <item>
        <fullName>Rep. Cicilline, David N. [D-RI-1]</fullName>
        <party>D</party>
        <isOriginalCosponsor>False</isOriginalCosponsor>
        <district>1</district>
        <identifiers>
          <gpoId>8139</gpoId>
          <bioguideId>C001084</bioguideId>
          <lisID>2055</lisID>
        </identifiers>
        <sponsorshipWithdrawnDate />
        <bioguideId>C001084</bioguideId>
        <sponsorshipDate>2015-11-17</sponsorshipDate>
        <firstName>David</firstName>
        <middleName>N.</middleName>
        <state>RI</state>
        <lastName>Cicilline</lastName>
      </item>
      <item>
        <fullName>Rep. Meadows, Mark [R-NC-11]</fullName>
        <party>R</party>
        <isOriginalCosponsor>False</isOriginalCosponsor>
        <district>11</district>
        <identifiers>
          <lisID>2142</lisID>
          <gpoId />
          <bioguideId>M001187</bioguideId>
        </identifiers>
        <sponsorshipWithdrawnDate />
        <bioguideId>M001187</bioguideId>
        <sponsorshipDate>2015-11-17</sponsorshipDate>
        <firstName>Mark</firstName>
        <middleName />
        <state>NC</state>
        <lastName>Meadows</lastName>
      </item>
      <item>
        <fullName>Rep. Sires, Albio [D-NJ-8]</fullName>
        <party>D</party>
        <isOriginalCosponsor>False</isOriginalCosponsor>
        <district>8</district>
        <identifiers>
          <bioguideId>S001165</bioguideId>
          <lisID>1818</lisID>
          <gpoId>8055</gpoId>
        </identifiers>
        <sponsorshipWithdrawnDate />
        <bioguideId>S001165</bioguideId>
        <sponsorshipDate>2015-11-17</sponsorshipDate>
        <firstName>Albio</firstName>
        <middleName />
        <state>NJ</state>
        <lastName>Sires</lastName>
      </item>
      <item>
        <fullName>Rep. McCaul, Michael T. [R-TX-10]</fullName>
        <party>R</party>
        <isOriginalCosponsor>False</isOriginalCosponsor>
        <district>10</district>
        <identifiers>
          <bioguideId>M001157</bioguideId>
          <gpoId>8166</gpoId>
          <lisID>1804</lisID>
        </identifiers>
        <sponsorshipWithdrawnDate />
        <bioguideId>M001157</bioguideId>
        <sponsorshipDate>2015-11-17</sponsorshipDate>
        <firstName>Michael</firstName>
        <middleName>T.</middleName>
        <state>TX</state>
        <lastName>McCaul</lastName>
      </item>
      <item>
        <fullName>Rep. Deutch, Theodore E. [D-FL-21]</fullName>
        <party>D</party>
        <isOriginalCosponsor>False</isOriginalCosponsor>
        <district>21</district>
        <identifiers>
          <gpoId>7891</gpoId>
          <bioguideId>D000610</bioguideId>
          <lisID>1976</lisID>
        </identifiers>
        <sponsorshipWithdrawnDate />
        <bioguideId>D000610</bioguideId>
        <sponsorshipDate>2015-11-17</sponsorshipDate>
        <firstName>Theodore</firstName>
        <middleName>E.</middleName>
        <state>FL</state>
        <lastName>Deutch</lastName>
      </item>
      <item>
        <fullName>Rep. Clawson, Curt [R-FL-19]</fullName>
        <party>R</party>
        <isOriginalCosponsor>False</isOriginalCosponsor>
        <district>19</district>
        <identifiers>
          <lisID>2200</lisID>
          <gpoId />
          <bioguideId>C001102</bioguideId>
        </identifiers>
        <sponsorshipWithdrawnDate />
        <bioguideId>C001102</bioguideId>
        <sponsorshipDate>2015-11-17</sponsorshipDate>
        <firstName>Curt</firstName>
        <middleName />
        <state>FL</state>
        <lastName>Clawson</lastName>
      </item>
      <item>
        <fullName>Rep. Yoho, Ted S. [R-FL-3]</fullName>
        <party>R</party>
        <isOriginalCosponsor>False</isOriginalCosponsor>
        <district>3</district>
        <identifiers>
          <gpoId />
          <bioguideId>Y000065</bioguideId>
          <lisID>2115</lisID>
        </identifiers>
        <sponsorshipWithdrawnDate />
        <bioguideId>Y000065</bioguideId>
        <sponsorshipDate>2015-11-17</sponsorshipDate>
        <firstName>Ted</firstName>
        <middleName>S.</middleName>
        <state>FL</state>
        <lastName>Yoho</lastName>
      </item>
      <item>
        <fullName>Rep. Frankel, Lois [D-FL-22]</fullName>
        <party>D</party>
        <isOriginalCosponsor>False</isOriginalCosponsor>
        <district>22</district>
        <identifiers>
          <gpoId />
          <bioguideId>F000462</bioguideId>
          <lisID>2119</lisID>
        </identifiers>
        <sponsorshipWithdrawnDate />
        <bioguideId>F000462</bioguideId>
        <sponsorshipDate>2015-11-17</sponsorshipDate>
        <firstName>Lois</firstName>
        <middleName />
        <state>FL</state>
        <lastName>Frankel</lastName>
      </item>
      <item>
        <fullName>Rep. Boyle, Brendan F. [D-PA-13]</fullName>
        <party>D</party>
        <isOriginalCosponsor>False</isOriginalCosponsor>
        <district>13</district>
        <identifiers>
          <bioguideId>B001296</bioguideId>
          <lisID>2267</lisID>
          <gpoId />
        </identifiers>
        <sponsorshipWithdrawnDate />
        <bioguideId>B001296</bioguideId>
        <sponsorshipDate>2015-11-17</sponsorshipDate>
        <firstName>Brendan</firstName>
        <middleName>F.</middleName>
        <state>PA</state>
        <lastName>Boyle</lastName>
      </item>
      <item>
        <fullName>Rep. Trott, David A. [R-MI-11]</fullName>
        <party>R</party>
        <isOriginalCosponsor>False</isOriginalCosponsor>
        <district>11</district>
        <identifiers>
          <lisID>2250</lisID>
          <gpoId />
          <bioguideId>T000475</bioguideId>
        </identifiers>
        <sponsorshipWithdrawnDate />
        <bioguideId>T000475</bioguideId>
        <sponsorshipDate>2015-11-17</sponsorshipDate>
        <firstName>David</firstName>
        <middleName>A.</middleName>
        <state>MI</state>
        <lastName>Trott</lastName>
      </item>
      <item>
        <fullName>Rep. Bass, Karen [D-CA-37]</fullName>
        <party>D</party>
        <isOriginalCosponsor>False</isOriginalCosponsor>
        <district>37</district>
        <identifiers>
          <lisID>1996</lisID>
          <gpoId>7838</gpoId>
          <bioguideId>B001270</bioguideId>
        </identifiers>
        <sponsorshipWithdrawnDate />
        <bioguideId>B001270</bioguideId>
        <sponsorshipDate>2015-11-17</sponsorshipDate>
        <firstName>Karen</firstName>
        <middleName />
        <state>CA</state>
        <lastName>Bass</lastName>
      </item>
      <item>
        <fullName>Rep. Meng, Grace [D-NY-6]</fullName>
        <party>D</party>
        <isOriginalCosponsor>False</isOriginalCosponsor>
        <district>6</district>
        <identifiers>
          <bioguideId>M001188</bioguideId>
          <lisID>2148</lisID>
          <gpoId />
        </identifiers>
        <sponsorshipWithdrawnDate />
        <bioguideId>M001188</bioguideId>
        <sponsorshipDate>2015-11-17</sponsorshipDate>
        <firstName>Grace</firstName>
        <middleName />
        <state>NY</state>
        <lastName>Meng</lastName>
      </item>
      <item>
        <fullName>Rep. Ribble, Reid J. [R-WI-8]</fullName>
        <party>R</party>
        <isOriginalCosponsor>False</isOriginalCosponsor>
        <district>8</district>
        <identifiers>
          <bioguideId>R000587</bioguideId>
          <lisID>2073</lisID>
          <gpoId>8221</gpoId>
        </identifiers>
        <sponsorshipWithdrawnDate />
        <bioguideId>R000587</bioguideId>
        <sponsorshipDate>2015-11-17</sponsorshipDate>
        <firstName>Reid</firstName>
        <middleName>J.</middleName>
        <state>WI</state>
        <lastName>Ribble</lastName>
      </item>
      <item>
        <fullName>Rep. Issa, Darrell E. [R-CA-49]</fullName>
        <party>R</party>
        <isOriginalCosponsor>False</isOriginalCosponsor>
        <district>49</district>
        <identifiers>
          <lisID>1640</lisID>
          <gpoId>7854</gpoId>
          <bioguideId>I000056</bioguideId>
        </identifiers>
        <sponsorshipWithdrawnDate />
        <bioguideId>I000056</bioguideId>
        <sponsorshipDate>2015-11-17</sponsorshipDate>
        <firstName>DARRELL</firstName>
        <middleName>E.</middleName>
        <state>CA</state>
        <lastName>ISSA</lastName>
      </item>
      <item>
        <fullName>Rep. Marino, Tom [R-PA-10]</fullName>
        <party>R</party>
        <isOriginalCosponsor>False</isOriginalCosponsor>
        <district>10</district>
        <identifiers>
          <bioguideId>M001179</bioguideId>
          <lisID>2053</lisID>
          <gpoId>8128</gpoId>
        </identifiers>
        <sponsorshipWithdrawnDate />
        <bioguideId>M001179</bioguideId>
        <sponsorshipDate>2015-11-17</sponsorshipDate>
        <firstName>Tom</firstName>
        <middleName />
        <state>PA</state>
        <lastName>Marino</lastName>
      </item>
      <item>
        <fullName>Rep. Keating, William R. [D-MA-9]</fullName>
        <party>D</party>
        <isOriginalCosponsor>False</isOriginalCosponsor>
        <district>9</district>
        <identifiers>
          <bioguideId>K000375</bioguideId>
          <lisID>2025</lisID>
          <gpoId>7975</gpoId>
        </identifiers>
        <sponsorshipWithdrawnDate />
        <bioguideId>K000375</bioguideId>
        <sponsorshipDate>2015-11-17</sponsorshipDate>
        <firstName>William</firstName>
        <middleName>R.</middleName>
        <state>MA</state>
        <lastName>Keating</lastName>
      </item>
      <item>
        <fullName>Rep. Meeks, Gregory W. [D-NY-5]</fullName>
        <party>D</party>
        <isOriginalCosponsor>False</isOriginalCosponsor>
        <district>5</district>
        <identifiers>
          <lisID>1506</lisID>
          <gpoId>8067</gpoId>
          <bioguideId>M001137</bioguideId>
        </identifiers>
        <sponsorshipWithdrawnDate />
        <bioguideId>M001137</bioguideId>
        <sponsorshipDate>2015-11-17</sponsorshipDate>
        <firstName>GREGORY</firstName>
        <middleName>W.</middleName>
        <state>NY</state>
        <lastName>MEEKS</lastName>
      </item>
      <item>
        <fullName>Rep. Gabbard, Tulsi [D-HI-2]</fullName>
        <party>D</party>
        <isOriginalCosponsor>False</isOriginalCosponsor>
        <district>2</district>
        <identifiers>
          <lisID>2122</lisID>
          <gpoId />
          <bioguideId>G000571</bioguideId>
        </identifiers>
        <sponsorshipWithdrawnDate />
        <bioguideId>G000571</bioguideId>
        <sponsorshipDate>2015-11-17</sponsorshipDate>
        <firstName>Tulsi</firstName>
        <middleName />
        <state>HI</state>
        <lastName>Gabbard</lastName>
      </item>
      <item>
        <fullName>Rep. DesJarlais, Scott [R-TN-4]</fullName>
        <party>R</party>
        <isOriginalCosponsor>False</isOriginalCosponsor>
        <district>4</district>
        <identifiers>
          <bioguideId>D000616</bioguideId>
          <lisID>2062</lisID>
          <gpoId>8151</gpoId>
        </identifiers>
        <sponsorshipWithdrawnDate />
        <bioguideId>D000616</bioguideId>
        <sponsorshipDate>2015-11-17</sponsorshipDate>
        <firstName>Scott</firstName>
        <middleName />
        <state>TN</state>
        <lastName>DesJarlais</lastName>
      </item>
      <item>
        <fullName>Rep. Grayson, Alan [D-FL-9]</fullName>
        <party>D</party>
        <isOriginalCosponsor>False</isOriginalCosponsor>
        <district>9</district>
        <identifiers>
          <lisID>1914</lisID>
          <gpoId>7302</gpoId>
          <bioguideId>G000556</bioguideId>
        </identifiers>
        <sponsorshipWithdrawnDate />
        <bioguideId>G000556</bioguideId>
        <sponsorshipDate>2015-11-17</sponsorshipDate>
        <firstName>Alan</firstName>
        <middleName />
        <state>FL</state>
        <lastName>Grayson</lastName>
      </item>
    </cosponsors>
    <originChamber>House</originChamber>
    <latestAction>
      <links />
      <text>Motion to reconsider laid on the table Agreed to without objection.</text>
      <actionDate>2015-11-17</actionDate>
      <actionTime>16:15:30</actionTime>
    </latestAction>
    <policyArea>
      <name>International Affairs</name>
    </policyArea>
    <relatedBills />
    <subjects>
      <billSubjects>
        <legislativeSubjects>
          <item>
            <name>Africa</name>
          </item>
          <item>
            <name>Conflicts and wars</name>
          </item>
          <item>
            <name>Congressional tributes</name>
          </item>
          <item>
            <name>Crime victims</name>
          </item>
          <item>
            <name>Criminal investigation, prosecution, interrogation</name>
          </item>
          <item>
            <name>Europe</name>
          </item>
          <item>
            <name>Foreign aid and international relief</name>
          </item>
          <item>
            <name>France</name>
          </item>
          <item>
            <name>Middle East</name>
          </item>
          <item>
            <name>Terrorism</name>
          </item>
        </legislativeSubjects>
        <policyArea>
          <name>International Affairs</name>
        </policyArea>
      </billSubjects>
    </subjects>
  </bill>
  <dublinCore xmlns:dc="http://purl.org/dc/elements/1.1/">
    <dc:format>text/xml</dc:format>
    <dc:language>EN</dc:language>
    <dc:rights>Pursuant to Title 17 Section 105 of the United States Code, this file is not subject to copyright protection and is in the public domain.</dc:rights>
    <dc:contributor>Congressional Research Service, Library of Congress</dc:contributor>
    <dc:description>This file contains bill summaries and statuses for federal legislation. A bill summary describes the most significant provisions of a piece of legislation and details the effects the legislative text may have on current law and federal programs. Bill summaries are authored by the Congressional Research Service (CRS) of the Library of Congress. As stated in Public Law 91-510 (2 USC 166 (d)(6)), one of the duties of CRS is "to prepare summaries and digests of bills and resolutions of a public general nature introduced in the Senate or House of Representatives". For more information, refer to the User Guide that accompanies this file.</dc:description>
  </dublinCore>
</billStatus>

