<?xml version="1.0" encoding="UTF-8"?>
<billStatus>
  <bill>
    <introducedDate>2015-05-12</introducedDate>
    <committeeReports>
      <committeeReport>
        <citation>H. Rept. 114-111</citation>
      </committeeReport>
    </committeeReports>
    <laws />
    <createDate>2015-05-13T08:46:00Z</createDate>
    <actions>
      <item>
        <committee />
        <actionDate>2015-05-13</actionDate>
        <actionTime>14:17:35</actionTime>
        <text>Motion to reconsider laid on the table Agreed to without objection.</text>
        <links />
        <actionCode>H38310</actionCode>
        <type>Floor</type>
        <sourceSystem>
          <name>House floor actions</name>
          <code>2</code>
        </sourceSystem>
      </item>
      <item>
        <committee />
        <actionDate>2015-05-13</actionDate>
        <actionTime>14:17:35</actionTime>
        <text>On agreeing to the resolution Agreed to by the Yeas and Nays: 240 - 186 (Roll no. 221). (text: CR H2892)</text>
        <links>
          <link>
            <name>H2892</name>
            <url>https://www.congress.gov/congressional-record/volume-161/house-section/page/H2892</url>
          </link>
          <link>
            <name>Roll no. 221</name>
            <url>http://clerk.house.gov/evs/2015/roll221.xml</url>
          </link>
        </links>
        <actionCode>H37100</actionCode>
        <type>Floor</type>
        <sourceSystem>
          <name>House floor actions</name>
          <code>2</code>
        </sourceSystem>
      </item>
      <item>
        <committee />
        <actionDate>2015-05-13</actionDate>
        <actionTime>14:17:35</actionTime>
        <text>Passed/agreed to in House: On agreeing to the resolution Agreed to by the Yeas and Nays: 240 - 186 (Roll no. 221).(text: CR H2892)</text>
        <links>
          <link>
            <name>H2892</name>
            <url>https://www.congress.gov/congressional-record/volume-161/house-section/page/H2892</url>
          </link>
          <link>
            <name>Roll no. 221</name>
            <url>http://clerk.house.gov/evs/2015/roll221.xml</url>
          </link>
        </links>
        <actionCode>8000</actionCode>
        <type>Floor</type>
        <sourceSystem>
          <name>Library of Congress</name>
          <code>9</code>
        </sourceSystem>
      </item>
      <item>
        <committee />
        <actionDate>2015-05-13</actionDate>
        <actionTime>13:48:09</actionTime>
        <text>The previous question was ordered without objection. (consideration: CR H2901)</text>
        <links>
          <link>
            <name>H2901</name>
            <url>https://www.congress.gov/congressional-record/volume-161/house-section/page/H2901</url>
          </link>
        </links>
        <actionCode>H35000</actionCode>
        <type>Floor</type>
        <sourceSystem>
          <name>House floor actions</name>
          <code>2</code>
        </sourceSystem>
      </item>
      <item>
        <committee />
        <actionDate>2015-05-13</actionDate>
        <actionTime>12:41:19</actionTime>
        <text>DEBATE - The House proceeded with one hour of debate on H. Res. 255.</text>
        <links>
          <link>
            <name>H. Res. 255</name>
            <url>https://www.congress.gov/bill/114th-congress/house-resolution/255</url>
          </link>
        </links>
        <actionCode>H8D000</actionCode>
        <type>Floor</type>
        <sourceSystem>
          <name>House floor actions</name>
          <code>2</code>
        </sourceSystem>
      </item>
      <item>
        <committee />
        <actionDate>2015-05-13</actionDate>
        <actionTime>12:37:32</actionTime>
        <text>Considered as privileged matter. (consideration: CR H2892-2901)</text>
        <links>
          <link>
            <name>H2892-2901</name>
            <url>https://www.congress.gov/congressional-record/volume-161/house-section/page/H2892-2901</url>
          </link>
        </links>
        <actionCode>H30000</actionCode>
        <type>Floor</type>
        <sourceSystem>
          <name>House floor actions</name>
          <code>2</code>
        </sourceSystem>
      </item>
      <item>
        <committee />
        <actionDate>2015-05-12</actionDate>
        <text>Placed on the House Calendar, Calendar No. 31.</text>
        <links />
        <actionCode>H12420</actionCode>
        <type>Calendars</type>
        <sourceSystem>
          <name>House floor actions</name>
          <code>2</code>
        </sourceSystem>
      </item>
      <item>
        <committee />
        <actionDate>2015-05-12</actionDate>
        <actionTime>22:25:10</actionTime>
        <text>Providing for consideration of H.R. 1735, H.R. 36, and</text>
        <links>
          <link>
            <name>H.R. 1735</name>
            <url>https://www.congress.gov/bill/114th-congress/house-bill/1735</url>
          </link>
          <link>
            <name>H.R. 36</name>
            <url>https://www.congress.gov/bill/114th-congress/house-bill/36</url>
          </link>
        </links>
        <actionCode>H12700</actionCode>
        <type>Floor</type>
        <sourceSystem>
          <name>House floor actions</name>
          <code>2</code>
        </sourceSystem>
      </item>
      <item>
        <committee>
          <name>Rules Committee</name>
          <systemCode>hsru00</systemCode>
        </committee>
        <actionDate>2015-05-12</actionDate>
        <text>The House Committee on Rules reported an original measure, H. Rept. 114-111, by Ms. Foxx.</text>
        <links>
          <link>
            <name>H. Rept. 114-111</name>
            <url>https://www.congress.gov/congressional-report/114th-congress/house-report/111</url>
          </link>
        </links>
        <actionCode>H12100</actionCode>
        <type>Committee</type>
        <sourceSystem>
          <name>House floor actions</name>
          <code>2</code>
        </sourceSystem>
      </item>
      <item>
        <committee>
          <name>Rules Committee</name>
          <systemCode>hsru00</systemCode>
        </committee>
        <actionDate>2015-05-12</actionDate>
        <text>The House Committee on Rules reported an original measure, H. Rept. 114-111, by Ms. Foxx.</text>
        <links>
          <link>
            <name>H. Rept. 114-111</name>
            <url>https://www.congress.gov/congressional-report/114th-congress/house-report/111</url>
          </link>
        </links>
        <actionCode>5000</actionCode>
        <type>Committee</type>
        <sourceSystem>
          <name>Library of Congress</name>
          <code>9</code>
        </sourceSystem>
      </item>
      <item>
        <committee />
        <actionDate>2015-05-12</actionDate>
        <text>Introduced in House</text>
        <links />
        <actionCode>1000</actionCode>
        <type>IntroReferral</type>
        <sourceSystem>
          <name>Library of Congress</name>
          <code>9</code>
        </sourceSystem>
      </item>
      <actionTypeCounts>
        <passageOfAMeasure>1</passageOfAMeasure>
        <generalDebate>1</generalDebate>
        <committeeReportOfAnOriginalMeasure>1</committeeReportOfAnOriginalMeasure>
        <provisionsOfARule>1</provisionsOfARule>
        <considerationByHouse>1</considerationByHouse>
        <motionForPreviousQuestion>1</motionForPreviousQuestion>
        <passedAgreedToInHouse>1</passedAgreedToInHouse>
        <motionToReconsiderResults>1</motionToReconsiderResults>
        <houseCalendarAssignment>1</houseCalendarAssignment>
        <introducedInHouse>1</introducedInHouse>
        <reportedToHouse>1</reportedToHouse>
      </actionTypeCounts>
      <actionByCounts>
        <houseOfRepresentatives>11</houseOfRepresentatives>
      </actionByCounts>
    </actions>
    <recordedVotes>
      <recordedVote>
        <fullActionName>Passage of a Measure</fullActionName>
        <congress>114</congress>
        <rollNumber>221</rollNumber>
        <date>2015-05-13T18:17:35Z</date>
        <url>http://clerk.house.gov/evs/2015/roll221.xml</url>
        <chamber>House</chamber>
        <sessionNumber>1</sessionNumber>
      </recordedVote>
    </recordedVotes>
    <relatedBills>
      <item>
        <latestTitle>Pain-Capable Unborn Child Protection Act</latestTitle>
        <type>HR</type>
        <relationshipDetails>
          <item>
            <type>Related bill</type>
            <identifiedBy>House</identifiedBy>
          </item>
          <item>
            <type>Procedurally-related</type>
            <identifiedBy>House</identifiedBy>
          </item>
        </relationshipDetails>
        <number>36</number>
        <congress>114</congress>
        <latestAction>
          <actionDate>2015-09-22</actionDate>
          <text>Motion to proceed to consideration of measure withdrawn in Senate. (consideration: CR S6868)</text>
        </latestAction>
      </item>
      <item>
        <latestTitle>USA FREEDOM Act of 2015</latestTitle>
        <type>HR</type>
        <relationshipDetails>
          <item>
            <type>Procedurally-related</type>
            <identifiedBy>House</identifiedBy>
          </item>
        </relationshipDetails>
        <number>2048</number>
        <congress>114</congress>
        <latestAction>
          <actionDate>2015-06-02</actionDate>
          <text>Became Public Law No: 114-23.</text>
        </latestAction>
      </item>
      <item>
        <latestTitle>National Defense Authorization Act for Fiscal Year 2016</latestTitle>
        <type>HR</type>
        <relationshipDetails>
          <item>
            <type>Procedurally-related</type>
            <identifiedBy>House</identifiedBy>
          </item>
          <item>
            <type>Procedurally-related</type>
            <identifiedBy>House</identifiedBy>
          </item>
          <item>
            <type>Related bill</type>
            <identifiedBy>House</identifiedBy>
          </item>
        </relationshipDetails>
        <number>1735</number>
        <congress>114</congress>
        <latestAction>
          <actionDate>2015-10-22</actionDate>
          <text>Vetoed by President.</text>
        </latestAction>
      </item>
    </relatedBills>
    <cosponsors />
    <billNumber>255</billNumber>
    <amendments />
    <subjects>
      <billSubjects>
        <legislativeSubjects>
          <item>
            <name>House of Representatives</name>
          </item>
          <item>
            <name>Legislative rules and procedure</name>
          </item>
        </legislativeSubjects>
        <policyArea>
          <name>Congress</name>
        </policyArea>
      </billSubjects>
    </subjects>
    <sponsors>
      <item>
        <party>R</party>
        <state>NC</state>
        <middleName />
        <bioguideId>F000450</bioguideId>
        <lastName>Foxx</lastName>
        <firstName>Virginia</firstName>
        <identifiers>
          <bioguideId>F000450</bioguideId>
          <gpoId>8028</gpoId>
          <lisID>1791</lisID>
        </identifiers>
        <fullName>Rep. Foxx, Virginia [R-NC-5]</fullName>
        <district>5</district>
        <byRequestType />
      </item>
    </sponsors>
    <summaries>
      <billSummaries>
        <item>
          <text><![CDATA[Sets forth the rule for consideration of the bill (H.R. 1735) to authorize appropriations for fiscal year 2016 for military activities of the Department of Defense and for military constructions, to prescribe military personnel strengths for such fiscal year, and for other purposes; providing for consideration of the bill (H.R. 36) to amend title 18, United States Code, to protect pain-capable unborn children, and for other purposes; providing for consideration of the bill (H.R. 2048) to reform the authorities of the Federal Government to require the production of certain business records, conduct electronic surveillance, use pen registers and trap and trace devices, and use other forms of information gathering for foreign intelligence, counterterrorism, and criminal purposes, and for other purposes; and providing for consideration of motions to suspend the rules.]]></text>
          <actionDesc>Introduced in House</actionDesc>
          <name>Introduced in House</name>
          <versionCode>00</versionCode>
          <actionDate>2015-05-12</actionDate>
          <lastSummaryUpdateDate>2015-05-13T08:04:27Z</lastSummaryUpdateDate>
          <updateDate>2015-05-12T04:00:00Z</updateDate>
        </item>
      </billSummaries>
    </summaries>
    <constitutionalAuthorityStatementText />
    <billType>HRES</billType>
    <title>Providing for consideration of the bill (H.R. 1735) to authorize appropriations for fiscal year 2016 for military activities of the Department of Defense and for military constructions, to prescribe military personnel strengths for such fiscal year, and for other purposes; providing for consideration of the bill (H.R. 36) to amend title 18, United States Code, to protect pain-capable unborn children, and for other purposes; providing for consideration of the bill (H.R. 2048) to reform the authorities of the Federal Government to require the production of certain business records, conduct electronic surveillance, use pen registers and trap and trace devices, and use other forms of information gathering for foreign intelligence, counterterrorism, and criminal purposes, and for other purposes; and providing for consideration of motions to suspend the rules.</title>
    <policyArea>
      <name>Congress</name>
    </policyArea>
    <congress>114</congress>
    <latestAction>
      <text>On agreeing to the resolution Agreed to by the Yeas and Nays: 240 - 186 (Roll no. 221). (text: CR H2892)</text>
      <actionDate>2015-05-13</actionDate>
      <actionTime>14:17:35</actionTime>
      <links />
    </latestAction>
    <cboCostEstimates />
    <originChamber>House</originChamber>
    <notes />
    <committees>
      <billCommittees>
        <item>
          <activities>
            <item>
              <name>Reported original measure</name>
              <date>2015-05-13T02:25:09Z</date>
            </item>
          </activities>
          <chamber>House</chamber>
          <systemCode>hsru00</systemCode>
          <name>Rules Committee</name>
          <subcommittees />
          <type>Standing</type>
        </item>
      </billCommittees>
    </committees>
    <calendarNumbers>
      <item>
        <number />
        <calendar>H00031</calendar>
      </item>
    </calendarNumbers>
    <updateDate>2017-01-11T14:38:18Z</updateDate>
    <titles>
      <item>
        <title>Providing for consideration of the bill (H.R. 1735) to authorize appropriations for fiscal year 2016 for military activities of the Department of Defense and for military constructions, to prescribe military personnel strengths for such fiscal year, and for other purposes; providing for consideration of the bill (H.R. 36) to amend title 18, United States Code, to protect pain-capable unborn children, and for other purposes; providing for consideration of the bill (H.R. 2048) to reform the authorities of the Federal Government to require the production of certain business records, conduct electronic surveillance, use pen registers and trap and trace devices, and use other forms of information gathering for foreign intelligence, counterterrorism, and criminal purposes, and for other purposes; and providing for consideration of motions to suspend the rules.</title>
        <titleType>Official Title as Introduced</titleType>
        <parentTitleType />
        <chamberCode />
        <chamberName />
      </item>
      <item>
        <title>Providing for consideration of the bill (H.R. 1735) to authorize appropriations for fiscal year 2016 for military activities of the Department of Defense and for military constructions, to prescribe military personnel strengths for such fiscal year, and for other purposes; providing for consideration of the bill (H.R. 36) to amend title 18, United States Code, to protect pain-capable unborn children, and for other purposes; providing for consideration of the bill (H.R. 2048) to reform the authorities of the Federal Government to require the production of certain business records, conduct electronic surveillance, use pen registers and trap and trace devices, and use other forms of information gathering for foreign intelligence, counterterrorism, and criminal purposes, and for other purposes; and providing for consideration of motions to suspend the rules.</title>
        <titleType>Display Title</titleType>
        <parentTitleType />
        <chamberCode />
        <chamberName />
      </item>
    </titles>
  </bill>
  <dublinCore xmlns:dc="http://purl.org/dc/elements/1.1/">
    <dc:format>text/xml</dc:format>
    <dc:language>EN</dc:language>
    <dc:rights>Pursuant to Title 17 Section 105 of the United States Code, this file is not subject to copyright protection and is in the public domain.</dc:rights>
    <dc:contributor>Congressional Research Service, Library of Congress</dc:contributor>
    <dc:description>This file contains bill summaries and statuses for federal legislation. A bill summary describes the most significant provisions of a piece of legislation and details the effects the legislative text may have on current law and federal programs. Bill summaries are authored by the Congressional Research Service (CRS) of the Library of Congress. As stated in Public Law 91-510 (2 USC 166 (d)(6)), one of the duties of CRS is "to prepare summaries and digests of bills and resolutions of a public general nature introduced in the Senate or House of Representatives". For more information, refer to the User Guide that accompanies this file.</dc:description>
  </dublinCore>
</billStatus>

