<?xml version="1.0" encoding="UTF-8"?>
<billStatus>
  <bill>
    <introducedDate>2015-03-26</introducedDate>
    <committeeReports />
    <laws />
    <createDate>2015-03-27T08:45:57Z</createDate>
    <actions>
      <actionByCounts>
        <houseOfRepresentatives>4</houseOfRepresentatives>
      </actionByCounts>
      <actionTypeCounts>
        <introducedInTheHouse>1</introducedInTheHouse>
        <introducedInHouse>1</introducedInHouse>
        <billReferrals>1</billReferrals>
        <placeholderTextForH>1</placeholderTextForH>
      </actionTypeCounts>
      <item>
        <actionDate>2015-03-27</actionDate>
        <committee>
          <systemCode>hsif14</systemCode>
          <name>Health Subcommittee</name>
        </committee>
        <links />
        <sourceSystem>
          <name>House committee actions</name>
          <code>1</code>
        </sourceSystem>
        <text>Referred to the Subcommittee on Health.</text>
        <type>Committee</type>
      </item>
      <item>
        <type>IntroReferral</type>
        <text>Referred to the House Committee on Energy and Commerce.</text>
        <actionCode>H11100</actionCode>
        <sourceSystem>
          <name>House floor actions</name>
          <code>2</code>
        </sourceSystem>
        <links />
        <committee>
          <systemCode>hsif00</systemCode>
          <name>Energy and Commerce Committee</name>
        </committee>
        <actionDate>2015-03-26</actionDate>
      </item>
      <item>
        <type>IntroReferral</type>
        <text>Introduced in House</text>
        <actionCode>Intro-H</actionCode>
        <sourceSystem>
          <name>Library of Congress</name>
          <code>9</code>
        </sourceSystem>
        <links />
        <committee />
        <actionDate>2015-03-26</actionDate>
      </item>
      <item>
        <type>IntroReferral</type>
        <text>Introduced in House</text>
        <actionCode>1000</actionCode>
        <sourceSystem>
          <name>Library of Congress</name>
          <code>9</code>
        </sourceSystem>
        <links />
        <committee />
        <actionDate>2015-03-26</actionDate>
      </item>
    </actions>
    <recordedVotes />
    <relatedBills />
    <cosponsors>
      <item>
        <sponsorshipDate>2015-03-26</sponsorshipDate>
        <party>D</party>
        <lastName>NORTON</lastName>
        <sponsorshipWithdrawnDate />
        <bioguideId>N000147</bioguideId>
        <isOriginalCosponsor>True</isOriginalCosponsor>
        <district>0</district>
        <state>DC</state>
        <middleName>HOLMES</middleName>
        <identifiers>
          <bioguideId>N000147</bioguideId>
          <lisID>868</lisID>
          <gpoId>7871</gpoId>
        </identifiers>
        <fullName>Rep. Norton, Eleanor Holmes [D-DC-At Large]</fullName>
        <firstName>ELEANOR</firstName>
      </item>
      <item>
        <sponsorshipDate>2015-03-26</sponsorshipDate>
        <party>D</party>
        <lastName>Takano</lastName>
        <sponsorshipWithdrawnDate />
        <bioguideId>T000472</bioguideId>
        <isOriginalCosponsor>True</isOriginalCosponsor>
        <district>41</district>
        <state>CA</state>
        <middleName />
        <identifiers>
          <lisID>2110</lisID>
          <gpoId />
          <bioguideId>T000472</bioguideId>
        </identifiers>
        <fullName>Rep. Takano, Mark [D-CA-41]</fullName>
        <firstName>Mark</firstName>
      </item>
      <item>
        <sponsorshipDate>2015-03-26</sponsorshipDate>
        <party>D</party>
        <lastName>RANGEL</lastName>
        <sponsorshipWithdrawnDate />
        <bioguideId>R000053</bioguideId>
        <isOriginalCosponsor>True</isOriginalCosponsor>
        <district>13</district>
        <state>NY</state>
        <middleName>B.</middleName>
        <identifiers>
          <lisID>944</lisID>
          <gpoId>8076</gpoId>
          <bioguideId>R000053</bioguideId>
        </identifiers>
        <fullName>Rep. Rangel, Charles B. [D-NY-13]</fullName>
        <firstName>CHARLES</firstName>
      </item>
      <item>
        <sponsorshipDate>2015-03-26</sponsorshipDate>
        <party>D</party>
        <lastName>LEWIS</lastName>
        <sponsorshipWithdrawnDate />
        <bioguideId>L000287</bioguideId>
        <isOriginalCosponsor>True</isOriginalCosponsor>
        <district>5</district>
        <state>GA</state>
        <middleName />
        <identifiers>
          <lisID>688</lisID>
          <gpoId>7902</gpoId>
          <bioguideId>L000287</bioguideId>
        </identifiers>
        <fullName>Rep. Lewis, John [D-GA-5]</fullName>
        <firstName>JOHN</firstName>
      </item>
      <item>
        <sponsorshipDate>2015-03-26</sponsorshipDate>
        <party>D</party>
        <lastName>CONYERS</lastName>
        <sponsorshipWithdrawnDate />
        <bioguideId>C000714</bioguideId>
        <isOriginalCosponsor>True</isOriginalCosponsor>
        <district>13</district>
        <state>MI</state>
        <middleName />
        <identifiers>
          <lisID>229</lisID>
          <gpoId>7999</gpoId>
          <bioguideId>C000714</bioguideId>
        </identifiers>
        <fullName>Rep. Conyers, John, Jr. [D-MI-13]</fullName>
        <firstName>JOHN</firstName>
      </item>
      <item>
        <sponsorshipDate>2015-03-26</sponsorshipDate>
        <party>D</party>
        <lastName>ROYBAL-ALLARD</lastName>
        <sponsorshipWithdrawnDate />
        <bioguideId>R000486</bioguideId>
        <isOriginalCosponsor>True</isOriginalCosponsor>
        <district>40</district>
        <state>CA</state>
        <middleName />
        <identifiers>
          <gpoId>7839</gpoId>
          <bioguideId>R000486</bioguideId>
          <lisID>997</lisID>
        </identifiers>
        <fullName>Rep. Roybal-Allard, Lucille [D-CA-40]</fullName>
        <firstName>LUCILLE</firstName>
      </item>
      <item>
        <sponsorshipDate>2015-03-26</sponsorshipDate>
        <party>D</party>
        <lastName>Speier</lastName>
        <sponsorshipWithdrawnDate />
        <bioguideId>S001175</bioguideId>
        <isOriginalCosponsor>True</isOriginalCosponsor>
        <district>14</district>
        <state>CA</state>
        <middleName />
        <identifiers>
          <bioguideId>S001175</bioguideId>
          <lisID>1890</lisID>
          <gpoId>7817</gpoId>
        </identifiers>
        <fullName>Rep. Speier, Jackie [D-CA-14]</fullName>
        <firstName>Jackie</firstName>
      </item>
      <item>
        <sponsorshipDate>2015-03-26</sponsorshipDate>
        <party>D</party>
        <lastName>FARR</lastName>
        <sponsorshipWithdrawnDate />
        <bioguideId>F000030</bioguideId>
        <isOriginalCosponsor>True</isOriginalCosponsor>
        <district>20</district>
        <state>CA</state>
        <middleName />
        <identifiers>
          <lisID>368</lisID>
          <gpoId>7822</gpoId>
          <bioguideId>F000030</bioguideId>
        </identifiers>
        <fullName>Rep. Farr, Sam [D-CA-20]</fullName>
        <firstName>SAM</firstName>
      </item>
      <item>
        <sponsorshipDate>2015-04-13</sponsorshipDate>
        <party>D</party>
        <lastName>Bordallo</lastName>
        <sponsorshipWithdrawnDate />
        <bioguideId>B001245</bioguideId>
        <isOriginalCosponsor>False</isOriginalCosponsor>
        <district>0</district>
        <state>GU</state>
        <middleName>Z.</middleName>
        <identifiers>
          <bioguideId>B001245</bioguideId>
          <gpoId>7911</gpoId>
          <lisID>1723</lisID>
        </identifiers>
        <fullName>Rep. Bordallo, Madeleine Z. [D-GU-At Large]</fullName>
        <firstName>Madeleine</firstName>
      </item>
      <item>
        <sponsorshipDate>2015-04-13</sponsorshipDate>
        <party>D</party>
        <lastName>HASTINGS</lastName>
        <sponsorshipWithdrawnDate />
        <bioguideId>H000324</bioguideId>
        <isOriginalCosponsor>False</isOriginalCosponsor>
        <district>20</district>
        <state>FL</state>
        <middleName>L.</middleName>
        <identifiers>
          <lisID>511</lisID>
          <gpoId>7895</gpoId>
          <bioguideId>H000324</bioguideId>
        </identifiers>
        <fullName>Rep. Hastings, Alcee L. [D-FL-20]</fullName>
        <firstName>ALCEE</firstName>
      </item>
      <item>
        <sponsorshipDate>2015-04-16</sponsorshipDate>
        <party>D</party>
        <lastName>MCGOVERN</lastName>
        <sponsorshipWithdrawnDate />
        <bioguideId>M000312</bioguideId>
        <isOriginalCosponsor>False</isOriginalCosponsor>
        <district>2</district>
        <state>MA</state>
        <middleName>P.</middleName>
        <identifiers>
          <lisID>1504</lisID>
          <gpoId>7968</gpoId>
          <bioguideId>M000312</bioguideId>
        </identifiers>
        <fullName>Rep. McGovern, James P. [D-MA-2]</fullName>
        <firstName>JAMES</firstName>
      </item>
    </cosponsors>
    <billNumber>182</billNumber>
    <amendments />
    <subjects>
      <billSubjects>
        <legislativeSubjects>
          <item>
            <name>Child health</name>
          </item>
          <item>
            <name>Child safety and welfare</name>
          </item>
          <item>
            <name>Commemorative events and holidays</name>
          </item>
          <item>
            <name>Congressional tributes</name>
          </item>
          <item>
            <name>Disability and health-based discrimination</name>
          </item>
          <item>
            <name>HIV/AIDS</name>
          </item>
          <item>
            <name>Health care coverage and access</name>
          </item>
          <item>
            <name>Health facilities and institutions</name>
          </item>
          <item>
            <name>Health personnel</name>
          </item>
          <item>
            <name>Health programs administration and funding</name>
          </item>
          <item>
            <name>Health promotion and preventive care</name>
          </item>
          <item>
            <name>Medical tests and diagnostic methods</name>
          </item>
          <item>
            <name>Sex, gender, sexual orientation discrimination</name>
          </item>
        </legislativeSubjects>
        <policyArea>
          <name>Health</name>
        </policyArea>
      </billSubjects>
    </subjects>
    <sponsors>
      <item>
        <party>D</party>
        <state>CA</state>
        <middleName />
        <bioguideId>L000551</bioguideId>
        <lastName>LEE</lastName>
        <firstName>BARBARA</firstName>
        <identifiers>
          <lisID>1501</lisID>
          <gpoId>7814</gpoId>
          <bioguideId>L000551</bioguideId>
        </identifiers>
        <fullName>Rep. Lee, Barbara [D-CA-13]</fullName>
        <district>13</district>
        <byRequestType />
      </item>
    </sponsors>
    <summaries>
      <billSummaries>
        <item>
          <actionDate>2015-03-26</actionDate>
          <lastSummaryUpdateDate>2015-03-27T19:33:14Z</lastSummaryUpdateDate>
          <name>Introduced in House</name>
          <text><![CDATA[<p>Expresses support for the goals and ideals of National Youth HIV &amp; AIDS Awareness Day.</p> <p>Promotes effective and comprehensive HIV prevention education programs.</p> <p>Urges youth-friendly and accessible health care services to better provide for the early identification of HIV through voluntary routine testing and to connect those in need to clinically and culturally appropriate care and treatment as early as possible.</p> <p>Commends the work of AIDS service organizations, community and faith-based organizations, and school-based health centers that are providing appropriate services to young people living with and vulnerable to HIV/AIDS.</p> <p>Declares that full implementation of the National HIV/AIDS Strategy is required.</p>]]></text>
          <actionDesc>Introduced in House</actionDesc>
          <updateDate>2015-03-26T04:00:00Z</updateDate>
          <versionCode>00</versionCode>
        </item>
      </billSummaries>
    </summaries>
    <constitutionalAuthorityStatementText />
    <billType>HRES</billType>
    <title>Supporting the goals and ideals of National Youth HIV &amp; AIDS Awareness Day.</title>
    <policyArea>
      <name>Health</name>
    </policyArea>
    <congress>114</congress>
    <latestAction>
      <text>Referred to the Subcommittee on Health.</text>
      <actionDate>2015-03-27</actionDate>
      <links />
    </latestAction>
    <cboCostEstimates />
    <originChamber>House</originChamber>
    <notes />
    <committees>
      <billCommittees>
        <item>
          <chamber>House</chamber>
          <type>Standing</type>
          <name>Energy and Commerce Committee</name>
          <activities>
            <item>
              <name>Referred to</name>
              <date>2015-03-26T13:12:00Z</date>
            </item>
          </activities>
          <subcommittees>
            <item>
              <name>Health Subcommittee</name>
              <systemCode>hsif14</systemCode>
              <activities>
                <item>
                  <name>Referred to</name>
                  <date>2015-03-27T20:16:37Z</date>
                </item>
              </activities>
            </item>
          </subcommittees>
          <systemCode>hsif00</systemCode>
        </item>
      </billCommittees>
    </committees>
    <calendarNumbers />
    <updateDate>2017-01-11T14:30:20Z</updateDate>
    <titles>
      <item>
        <title>Supporting the goals and ideals of National Youth HIV &amp; AIDS Awareness Day.</title>
        <chamberCode />
        <parentTitleType />
        <chamberName />
        <titleType>Official Title as Introduced</titleType>
      </item>
      <item>
        <title>Supporting the goals and ideals of National Youth HIV &amp; AIDS Awareness Day.</title>
        <chamberCode />
        <parentTitleType />
        <chamberName />
        <titleType>Display Title</titleType>
      </item>
    </titles>
  </bill>
  <dublinCore xmlns:dc="http://purl.org/dc/elements/1.1/">
    <dc:format>text/xml</dc:format>
    <dc:language>EN</dc:language>
    <dc:rights>Pursuant to Title 17 Section 105 of the United States Code, this file is not subject to copyright protection and is in the public domain.</dc:rights>
    <dc:contributor>Congressional Research Service, Library of Congress</dc:contributor>
    <dc:description>This file contains bill summaries and statuses for federal legislation. A bill summary describes the most significant provisions of a piece of legislation and details the effects the legislative text may have on current law and federal programs. Bill summaries are authored by the Congressional Research Service (CRS) of the Library of Congress. As stated in Public Law 91-510 (2 USC 166 (d)(6)), one of the duties of CRS is "to prepare summaries and digests of bills and resolutions of a public general nature introduced in the Senate or House of Representatives". For more information, refer to the User Guide that accompanies this file.</dc:description>
  </dublinCore>
</billStatus>

