<?xml version="1.0" encoding="UTF-8"?>
<billStatus>
  <bill>
    <subjects>
      <billSubjects>
        <legislativeSubjects>
          <item>
            <name>Congressional committees</name>
          </item>
          <item>
            <name>House Committee on Natural Resources</name>
          </item>
          <item>
            <name>House Committee on Science, Space, and Technology</name>
          </item>
          <item>
            <name>House of Representatives</name>
          </item>
          <item>
            <name>Members of Congress</name>
          </item>
        </legislativeSubjects>
        <policyArea>
          <name>Congress</name>
        </policyArea>
      </billSubjects>
    </subjects>
    <actions>
      <actionByCounts>
        <houseOfRepresentatives>6</houseOfRepresentatives>
      </actionByCounts>
      <item>
        <actionDate>2015-09-25</actionDate>
        <type>Floor</type>
        <actionCode>H38310</actionCode>
        <committee />
        <text>Motion to reconsider laid on the table Agreed to without objection.</text>
        <actionTime>12:09:00</actionTime>
        <sourceSystem>
          <name>House floor actions</name>
          <code>2</code>
        </sourceSystem>
        <links />
      </item>
      <item>
        <actionDate>2015-09-25</actionDate>
        <type>Floor</type>
        <actionCode>H37100</actionCode>
        <committee />
        <text>On agreeing to the resolution Agreed to without objection. (text: CR H6256)</text>
        <actionTime>12:08:46</actionTime>
        <sourceSystem>
          <name>House floor actions</name>
          <code>2</code>
        </sourceSystem>
        <links>
          <link>
            <name>H6256</name>
            <url>https://www.congress.gov/congressional-record/volume-161/house-section/page/H6256</url>
          </link>
        </links>
      </item>
      <item>
        <actionDate>2015-09-25</actionDate>
        <type>Floor</type>
        <actionCode>8000</actionCode>
        <committee />
        <text>Passed/agreed to in House: On agreeing to the resolution Agreed to without objection.(text: CR H6256)</text>
        <actionTime>12:08:46</actionTime>
        <sourceSystem>
          <name>Library of Congress</name>
          <code>9</code>
        </sourceSystem>
        <links>
          <link>
            <name>H6256</name>
            <url>https://www.congress.gov/congressional-record/volume-161/house-section/page/H6256</url>
          </link>
        </links>
      </item>
      <item>
        <actionDate>2015-09-25</actionDate>
        <type>Floor</type>
        <actionCode>H30000</actionCode>
        <committee />
        <text>Considered as privileged matter. (consideration: CR H6256)</text>
        <actionTime>12:08:26</actionTime>
        <sourceSystem>
          <name>House floor actions</name>
          <code>2</code>
        </sourceSystem>
        <links>
          <link>
            <name>H6256</name>
            <url>https://www.congress.gov/congressional-record/volume-161/house-section/page/H6256</url>
          </link>
        </links>
      </item>
      <item>
        <actionDate>2015-09-25</actionDate>
        <type>IntroReferral</type>
        <actionCode>Intro-H</actionCode>
        <committee />
        <text>Introduced in House</text>
        <sourceSystem>
          <name>Library of Congress</name>
          <code>9</code>
        </sourceSystem>
        <links />
      </item>
      <item>
        <actionDate>2015-09-25</actionDate>
        <type>IntroReferral</type>
        <actionCode>1000</actionCode>
        <committee />
        <text>Introduced in House</text>
        <sourceSystem>
          <name>Library of Congress</name>
          <code>9</code>
        </sourceSystem>
        <links />
      </item>
      <actionTypeCounts>
        <motionToReconsiderResults>1</motionToReconsiderResults>
        <introducedInHouse>1</introducedInHouse>
        <passageOfAMeasure>1</passageOfAMeasure>
        <passedAgreedToInHouse>1</passedAgreedToInHouse>
        <introducedInTheHouse>1</introducedInTheHouse>
        <considerationByHouse>1</considerationByHouse>
      </actionTypeCounts>
    </actions>
    <policyArea>
      <name>Congress</name>
    </policyArea>
    <notes />
    <createDate>2015-09-26T08:46:11Z</createDate>
    <title>Electing a Member to certain standing committees of the House of Representatives.</title>
    <relatedBills />
    <cosponsors />
    <constitutionalAuthorityStatementText />
    <cboCostEstimates />
    <updateDate>2017-01-11T14:31:35Z</updateDate>
    <laws />
    <summaries>
      <billSummaries>
        <item>
          <actionDesc>Introduced in House</actionDesc>
          <text><![CDATA[<p>Elects a specified Member to the House Committee on: (1) Natural Resources; and (2) Science, Space, and Technology.</p>]]></text>
          <versionCode>00</versionCode>
          <lastSummaryUpdateDate>2015-09-30T13:57:00Z</lastSummaryUpdateDate>
          <updateDate>2015-09-25T04:00:00Z</updateDate>
          <actionDate>2015-09-25</actionDate>
          <name>Introduced in House</name>
        </item>
        <item>
          <actionDesc>Passed House without amendment</actionDesc>
          <text><![CDATA[<p>(This measure has not been amended since it was introduced. The summary of that version is repeated here.)</p> <p>Elects a specified Member to the House Committee on: (1) Natural Resources; and (2) Science, Space, and Technology.</p>]]></text>
          <versionCode>81</versionCode>
          <lastSummaryUpdateDate>2015-09-30T13:57:09Z</lastSummaryUpdateDate>
          <updateDate>2015-09-25T12:44:36Z</updateDate>
          <actionDate>2015-09-25</actionDate>
          <name>Passed House without amendment</name>
        </item>
      </billSummaries>
    </summaries>
    <latestAction>
      <links />
      <actionDate>2015-09-25</actionDate>
      <text>Motion to reconsider laid on the table Agreed to without objection.</text>
      <actionTime>12:09:00</actionTime>
    </latestAction>
    <originChamber>House</originChamber>
    <introducedDate>2015-09-25</introducedDate>
    <billNumber>442</billNumber>
    <amendments />
    <billType>HRES</billType>
    <committees>
      <billCommittees />
    </committees>
    <calendarNumbers />
    <congress>114</congress>
    <committeeReports />
    <recordedVotes />
    <sponsors>
      <item>
        <lastName>Foxx</lastName>
        <state>NC</state>
        <byRequestType />
        <firstName>Virginia</firstName>
        <bioguideId>F000450</bioguideId>
        <fullName>Rep. Foxx, Virginia [R-NC-5]</fullName>
        <identifiers>
          <bioguideId>F000450</bioguideId>
          <gpoId>8028</gpoId>
          <lisID>1791</lisID>
        </identifiers>
        <middleName />
        <district>5</district>
        <party>R</party>
      </item>
    </sponsors>
    <titles>
      <item>
        <chamberCode />
        <chamberName />
        <parentTitleType />
        <titleType>Official Title as Introduced</titleType>
        <title>Electing a Member to certain standing committees of the House of Representatives.</title>
      </item>
      <item>
        <chamberCode />
        <chamberName />
        <parentTitleType />
        <titleType>Display Title</titleType>
        <title>Electing a Member to certain standing committees of the House of Representatives.</title>
      </item>
    </titles>
  </bill>
  <dublinCore xmlns:dc="http://purl.org/dc/elements/1.1/">
    <dc:format>text/xml</dc:format>
    <dc:language>EN</dc:language>
    <dc:rights>Pursuant to Title 17 Section 105 of the United States Code, this file is not subject to copyright protection and is in the public domain.</dc:rights>
    <dc:contributor>Congressional Research Service, Library of Congress</dc:contributor>
    <dc:description>This file contains bill summaries and statuses for federal legislation. A bill summary describes the most significant provisions of a piece of legislation and details the effects the legislative text may have on current law and federal programs. Bill summaries are authored by the Congressional Research Service (CRS) of the Library of Congress. As stated in Public Law 91-510 (2 USC 166 (d)(6)), one of the duties of CRS is "to prepare summaries and digests of bills and resolutions of a public general nature introduced in the Senate or House of Representatives". For more information, refer to the User Guide that accompanies this file.</dc:description>
  </dublinCore>
</billStatus>

