<?xml version="1.0" encoding="UTF-8"?>
<billStatus>
  <bill>
    <cosponsors>
      <item>
        <sponsorshipDate>2015-06-03</sponsorshipDate>
        <party>D</party>
        <lastName>Grijalva</lastName>
        <sponsorshipWithdrawnDate />
        <bioguideId>G000551</bioguideId>
        <isOriginalCosponsor>False</isOriginalCosponsor>
        <district>3</district>
        <state>AZ</state>
        <middleName>M.</middleName>
        <identifiers>
          <bioguideId>G000551</bioguideId>
          <lisID>1708</lisID>
          <gpoId>7804</gpoId>
        </identifiers>
        <fullName>Rep. Grijalva, Raul M. [D-AZ-3]</fullName>
        <firstName>Raul</firstName>
      </item>
      <item>
        <sponsorshipDate>2015-06-03</sponsorshipDate>
        <party>D</party>
        <lastName>JACKSON LEE</lastName>
        <sponsorshipWithdrawnDate />
        <bioguideId>J000032</bioguideId>
        <isOriginalCosponsor>False</isOriginalCosponsor>
        <district>18</district>
        <state>TX</state>
        <middleName />
        <identifiers>
          <lisID>588</lisID>
          <gpoId>8174</gpoId>
          <bioguideId>J000032</bioguideId>
        </identifiers>
        <fullName>Rep. Jackson Lee, Sheila [D-TX-18]</fullName>
        <firstName>SHEILA</firstName>
      </item>
      <item>
        <sponsorshipDate>2015-06-03</sponsorshipDate>
        <party>D</party>
        <lastName>ENGEL</lastName>
        <sponsorshipWithdrawnDate />
        <bioguideId>E000179</bioguideId>
        <isOriginalCosponsor>False</isOriginalCosponsor>
        <district>16</district>
        <state>NY</state>
        <middleName>L.</middleName>
        <identifiers>
          <bioguideId>E000179</bioguideId>
          <lisID>344</lisID>
          <gpoId>8078</gpoId>
        </identifiers>
        <fullName>Rep. Engel, Eliot L. [D-NY-16]</fullName>
        <firstName>ELIOT</firstName>
      </item>
      <item>
        <sponsorshipDate>2015-06-03</sponsorshipDate>
        <party>D</party>
        <lastName>BROWN</lastName>
        <sponsorshipWithdrawnDate />
        <bioguideId>B000911</bioguideId>
        <isOriginalCosponsor>False</isOriginalCosponsor>
        <district>5</district>
        <state>FL</state>
        <middleName />
        <identifiers>
          <bioguideId>B000911</bioguideId>
          <lisID>132</lisID>
          <gpoId>7875</gpoId>
        </identifiers>
        <fullName>Rep. Brown, Corrine [D-FL-5]</fullName>
        <firstName>CORRINE</firstName>
      </item>
      <item>
        <sponsorshipDate>2015-06-12</sponsorshipDate>
        <party>D</party>
        <lastName>Bordallo</lastName>
        <sponsorshipWithdrawnDate />
        <bioguideId>B001245</bioguideId>
        <isOriginalCosponsor>False</isOriginalCosponsor>
        <district>0</district>
        <state>GU</state>
        <middleName>Z.</middleName>
        <identifiers>
          <gpoId>7911</gpoId>
          <bioguideId>B001245</bioguideId>
          <lisID>1723</lisID>
        </identifiers>
        <fullName>Rep. Bordallo, Madeleine Z. [D-GU-At Large]</fullName>
        <firstName>Madeleine</firstName>
      </item>
      <item>
        <sponsorshipDate>2015-06-12</sponsorshipDate>
        <party>D</party>
        <lastName>Wasserman Schultz</lastName>
        <sponsorshipWithdrawnDate />
        <bioguideId>W000797</bioguideId>
        <isOriginalCosponsor>False</isOriginalCosponsor>
        <district>23</district>
        <state>FL</state>
        <middleName />
        <identifiers>
          <lisID>1777</lisID>
          <gpoId>7892</gpoId>
          <bioguideId>W000797</bioguideId>
        </identifiers>
        <fullName>Rep. Wasserman Schultz, Debbie [D-FL-23]</fullName>
        <firstName>Debbie</firstName>
      </item>
    </cosponsors>
    <laws />
    <congress>114</congress>
    <billNumber>284</billNumber>
    <billType>HRES</billType>
    <cboCostEstimates />
    <policyArea>
      <name>Civil Rights and Liberties, Minority Issues</name>
    </policyArea>
    <amendments />
    <notes />
    <constitutionalAuthorityStatementText />
    <recordedVotes />
    <summaries>
      <billSummaries>
        <item>
          <actionDesc>Introduced in House</actionDesc>
          <name>Introduced in House</name>
          <actionDate>2015-05-21</actionDate>
          <lastSummaryUpdateDate>2015-07-07T16:55:05Z</lastSummaryUpdateDate>
          <updateDate>2015-05-21T04:00:00Z</updateDate>
          <versionCode>00</versionCode>
          <text><![CDATA[<p>Supports the goals and ideals of Caribbean-American Heritage Month (in the month of June). </p> <p>Affirms that: (1) the contributions of Caribbean-Americans are a significant part of the history, progress, and heritage of the United States; and (2) the ethnic and racial diversity of the United States enriches and strengthens the nation. </p>]]></text>
        </item>
      </billSummaries>
    </summaries>
    <updateDate>2017-01-11T14:30:50Z</updateDate>
    <originChamber>House</originChamber>
    <actions>
      <actionByCounts>
        <houseOfRepresentatives>3</houseOfRepresentatives>
      </actionByCounts>
      <item>
        <actionDate>2015-05-21</actionDate>
        <type>IntroReferral</type>
        <actionCode>H11100</actionCode>
        <committee>
          <name>Oversight and Government Reform Committee</name>
          <systemCode>hsgo00</systemCode>
        </committee>
        <text>Referred to the House Committee on Oversight and Government Reform.</text>
        <sourceSystem>
          <name>House floor actions</name>
          <code>2</code>
        </sourceSystem>
        <links />
      </item>
      <item>
        <actionDate>2015-05-21</actionDate>
        <type>IntroReferral</type>
        <actionCode>Intro-H</actionCode>
        <committee />
        <text>Introduced in House</text>
        <sourceSystem>
          <name>Library of Congress</name>
          <code>9</code>
        </sourceSystem>
        <links />
      </item>
      <item>
        <actionDate>2015-05-21</actionDate>
        <type>IntroReferral</type>
        <actionCode>1000</actionCode>
        <committee />
        <text>Introduced in House</text>
        <sourceSystem>
          <name>Library of Congress</name>
          <code>9</code>
        </sourceSystem>
        <links />
      </item>
      <actionTypeCounts>
        <billReferrals>1</billReferrals>
        <introducedInTheHouse>1</introducedInTheHouse>
        <introducedInHouse>1</introducedInHouse>
      </actionTypeCounts>
    </actions>
    <committeeReports />
    <subjects>
      <billSubjects>
        <policyArea>
          <name>Civil Rights and Liberties, Minority Issues</name>
        </policyArea>
        <legislativeSubjects>
          <item>
            <name>Caribbean area</name>
          </item>
          <item>
            <name>Commemorative events and holidays</name>
          </item>
          <item>
            <name>Racial and ethnic relations</name>
          </item>
          <item>
            <name>U.S. history</name>
          </item>
        </legislativeSubjects>
      </billSubjects>
    </subjects>
    <titles>
      <item>
        <title>Recognizing the significance of National Caribbean American Heritage Month.</title>
        <parentTitleType />
        <chamberName />
        <titleType>Official Title as Introduced</titleType>
        <chamberCode />
      </item>
      <item>
        <title>Recognizing the significance of National Caribbean American Heritage Month.</title>
        <parentTitleType />
        <chamberName />
        <titleType>Display Title</titleType>
        <chamberCode />
      </item>
    </titles>
    <relatedBills>
      <item>
        <congress>114</congress>
        <type>HRES</type>
        <number>760</number>
        <latestAction>
          <text>Referred to the House Committee on Oversight and Government Reform.</text>
          <actionDate>2016-05-26</actionDate>
        </latestAction>
        <relationshipDetails>
          <item>
            <type>Identical bill</type>
            <identifiedBy>CRS</identifiedBy>
          </item>
        </relationshipDetails>
        <latestTitle>Recognizing the significance of National Caribbean American Heritage Month.</latestTitle>
      </item>
    </relatedBills>
    <calendarNumbers />
    <title>Recognizing the significance of National Caribbean American Heritage Month.</title>
    <introducedDate>2015-05-21</introducedDate>
    <latestAction>
      <actionDate>2015-05-21</actionDate>
      <text>Referred to the House Committee on Oversight and Government Reform.</text>
      <links />
    </latestAction>
    <createDate>2015-05-22T13:34:39Z</createDate>
    <committees>
      <billCommittees>
        <item>
          <chamber>House</chamber>
          <systemCode>hsgo00</systemCode>
          <type>Standing</type>
          <name>Oversight and Government Reform Committee</name>
          <activities>
            <item>
              <name>Referred to</name>
              <date>2015-05-21T14:05:10Z</date>
            </item>
          </activities>
          <subcommittees />
        </item>
      </billCommittees>
    </committees>
    <sponsors>
      <item>
        <fullName>Rep. Lee, Barbara [D-CA-13]</fullName>
        <firstName>BARBARA</firstName>
        <bioguideId>L000551</bioguideId>
        <party>D</party>
        <middleName />
        <byRequestType />
        <district>13</district>
        <state>CA</state>
        <lastName>LEE</lastName>
        <identifiers>
          <bioguideId>L000551</bioguideId>
          <gpoId>7814</gpoId>
          <lisID>1501</lisID>
        </identifiers>
      </item>
    </sponsors>
  </bill>
  <dublinCore xmlns:dc="http://purl.org/dc/elements/1.1/">
    <dc:format>text/xml</dc:format>
    <dc:language>EN</dc:language>
    <dc:rights>Pursuant to Title 17 Section 105 of the United States Code, this file is not subject to copyright protection and is in the public domain.</dc:rights>
    <dc:contributor>Congressional Research Service, Library of Congress</dc:contributor>
    <dc:description>This file contains bill summaries and statuses for federal legislation. A bill summary describes the most significant provisions of a piece of legislation and details the effects the legislative text may have on current law and federal programs. Bill summaries are authored by the Congressional Research Service (CRS) of the Library of Congress. As stated in Public Law 91-510 (2 USC 166 (d)(6)), one of the duties of CRS is "to prepare summaries and digests of bills and resolutions of a public general nature introduced in the Senate or House of Representatives". For more information, refer to the User Guide that accompanies this file.</dc:description>
  </dublinCore>
</billStatus>

