<?xml version="1.0" encoding="UTF-8"?>
<billStatus>
  <bill>
    <cosponsors />
    <titles>
      <item>
        <parentTitleType />
        <chamberCode />
        <chamberName />
        <titleType>Short Titles as Introduced</titleType>
        <title>Restore Democracy Resolution</title>
      </item>
      <item>
        <parentTitleType />
        <chamberCode />
        <chamberName />
        <titleType>Official Title as Introduced</titleType>
        <title>Expressing the sense of the House of Representatives regarding steps that Congress should take to restore democracy and change the way we do politics in the United States by reducing the influence of money and corporations and promoting the participation of the people in politics and government.</title>
      </item>
      <item>
        <parentTitleType />
        <chamberCode />
        <chamberName />
        <titleType>Display Title</titleType>
        <title>Restore Democracy Resolution</title>
      </item>
    </titles>
    <laws />
    <amendments />
    <createDate>2015-06-05T09:19:28Z</createDate>
    <updateDate>2017-01-11T14:30:56Z</updateDate>
    <relatedBills>
      <item>
        <type>HRES</type>
        <congress>114</congress>
        <number>326</number>
        <latestAction>
          <text>Referred to the Subcommittee on the Constitution and Civil Justice.</text>
          <actionDate>2015-07-01</actionDate>
        </latestAction>
        <relationshipDetails>
          <item>
            <type>Related bill</type>
            <identifiedBy>CRS</identifiedBy>
          </item>
        </relationshipDetails>
        <latestTitle>Expressing the sense of the House of Representatives regarding the need to reduce the influence of money in politics.</latestTitle>
      </item>
      <item>
        <type>HRES</type>
        <congress>114</congress>
        <number>357</number>
        <latestAction>
          <text>Referred to the Subcommittee on the Constitution and Civil Justice.</text>
          <actionDate>2015-07-29</actionDate>
        </latestAction>
        <relationshipDetails>
          <item>
            <type>Related bill</type>
            <identifiedBy>CRS</identifiedBy>
          </item>
        </relationshipDetails>
        <latestTitle>Expressing the sense of the House of Representatives regarding the need to eliminate partisan redistricting and gerrymandering.</latestTitle>
      </item>
      <item>
        <type>HRES</type>
        <congress>114</congress>
        <number>373</number>
        <latestAction>
          <text>Referred to the House Committee on House Administration.</text>
          <actionDate>2015-07-23</actionDate>
        </latestAction>
        <relationshipDetails>
          <item>
            <type>Related bill</type>
            <identifiedBy>CRS</identifiedBy>
          </item>
        </relationshipDetails>
        <latestTitle>Expressing the sense of the House of Representatives regarding the need for Congress to have the power to implement and enforce limits on when money can be spent on campaign activities, and for other purposes.</latestTitle>
      </item>
      <item>
        <type>HRES</type>
        <congress>114</congress>
        <number>415</number>
        <latestAction>
          <text>Referred to the House Committee on Rules.</text>
          <actionDate>2015-09-10</actionDate>
        </latestAction>
        <relationshipDetails>
          <item>
            <type>Related bill</type>
            <identifiedBy>CRS</identifiedBy>
          </item>
        </relationshipDetails>
        <latestTitle>Expressing the sense of the House of Representatives that regular order should be restored in the House and Senate.</latestTitle>
      </item>
    </relatedBills>
    <subjects>
      <billSubjects>
        <legislativeSubjects>
          <item>
            <name>Commemorative events and holidays</name>
          </item>
          <item>
            <name>Congressional districts and representation</name>
          </item>
          <item>
            <name>Congressional elections</name>
          </item>
          <item>
            <name>Congressional operations and organization</name>
          </item>
          <item>
            <name>Constitution and constitutional amendments</name>
          </item>
          <item>
            <name>Elections, voting, political campaign regulation</name>
          </item>
          <item>
            <name>Government ethics and transparency, public corruption</name>
          </item>
          <item>
            <name>House of Representatives</name>
          </item>
          <item>
            <name>Legislative rules and procedure</name>
          </item>
          <item>
            <name>Members of Congress</name>
          </item>
          <item>
            <name>Political advertising</name>
          </item>
          <item>
            <name>Political parties and affiliation</name>
          </item>
          <item>
            <name>State and local government operations</name>
          </item>
          <item>
            <name>Supreme Court</name>
          </item>
          <item>
            <name>Voting rights</name>
          </item>
        </legislativeSubjects>
        <policyArea>
          <name>Government Operations and Politics</name>
        </policyArea>
      </billSubjects>
    </subjects>
    <billType>HRES</billType>
    <introducedDate>2015-06-04</introducedDate>
    <sponsors>
      <item>
        <byRequestType />
        <firstName>RICHARD</firstName>
        <state>MN</state>
        <district>8</district>
        <bioguideId>N000127</bioguideId>
        <lastName>NOLAN</lastName>
        <fullName>Rep. Nolan, Richard M. [D-MN-8]</fullName>
        <party>D</party>
        <identifiers>
          <lisID>867</lisID>
          <gpoId />
          <bioguideId>N000127</bioguideId>
        </identifiers>
        <middleName />
      </item>
    </sponsors>
    <recordedVotes />
    <originChamber>House</originChamber>
    <calendarNumbers />
    <congress>114</congress>
    <title>Restore Democracy Resolution</title>
    <cboCostEstimates />
    <actions>
      <actionByCounts>
        <houseOfRepresentatives>7</houseOfRepresentatives>
      </actionByCounts>
      <actionTypeCounts>
        <billReferralsAggregate>1</billReferralsAggregate>
        <introducedInTheHouse>1</introducedInTheHouse>
        <billReferrals>3</billReferrals>
        <placeholderTextForH>1</placeholderTextForH>
        <introducedInHouse>1</introducedInHouse>
      </actionTypeCounts>
      <item>
        <actionDate>2015-06-16</actionDate>
        <committee>
          <systemCode>hsju10</systemCode>
          <name>Constitution and Civil Justice Subcommittee</name>
        </committee>
        <links />
        <sourceSystem>
          <name>House committee actions</name>
          <code>1</code>
        </sourceSystem>
        <text>Referred to the Subcommittee on the Constitution and Civil Justice.</text>
        <type>Committee</type>
      </item>
      <item>
        <type>IntroReferral</type>
        <text>Referred to House Judiciary</text>
        <actionCode>H11100</actionCode>
        <sourceSystem>
          <name>House floor actions</name>
          <code>2</code>
        </sourceSystem>
        <links />
        <committee>
          <systemCode>hsju00</systemCode>
          <name>Judiciary Committee</name>
        </committee>
        <actionDate>2015-06-04</actionDate>
      </item>
      <item>
        <type>IntroReferral</type>
        <text>Referred to House Rules</text>
        <actionCode>H11100</actionCode>
        <sourceSystem>
          <name>House floor actions</name>
          <code>2</code>
        </sourceSystem>
        <links />
        <committee>
          <systemCode>hsru00</systemCode>
          <name>Rules Committee</name>
        </committee>
        <actionDate>2015-06-04</actionDate>
      </item>
      <item>
        <type>IntroReferral</type>
        <text>Referred to the Committee on House Administration, and in addition to the Committees on Rules, and the Judiciary, for a period to be subsequently determined by the Speaker, in each case for consideration of such provisions as fall within the jurisdiction of the committee concerned.</text>
        <actionCode>H11100-A</actionCode>
        <sourceSystem>
          <name>Library of Congress</name>
          <code>9</code>
        </sourceSystem>
        <links />
        <committee />
        <actionDate>2015-06-04</actionDate>
      </item>
      <item>
        <type>IntroReferral</type>
        <text>Referred to House Administration</text>
        <actionCode>H11100</actionCode>
        <sourceSystem>
          <name>House floor actions</name>
          <code>2</code>
        </sourceSystem>
        <links />
        <committee>
          <systemCode>hsha00</systemCode>
          <name>House Administration Committee</name>
        </committee>
        <actionDate>2015-06-04</actionDate>
      </item>
      <item>
        <type>IntroReferral</type>
        <text>Introduced in House</text>
        <actionCode>Intro-H</actionCode>
        <sourceSystem>
          <name>Library of Congress</name>
          <code>9</code>
        </sourceSystem>
        <links />
        <committee />
        <actionDate>2015-06-04</actionDate>
      </item>
      <item>
        <type>IntroReferral</type>
        <text>Introduced in House</text>
        <actionCode>1000</actionCode>
        <sourceSystem>
          <name>Library of Congress</name>
          <code>9</code>
        </sourceSystem>
        <links />
        <committee />
        <actionDate>2015-06-04</actionDate>
      </item>
    </actions>
    <latestAction>
      <actionDate>2015-06-16</actionDate>
      <text>Referred to the Subcommittee on the Constitution and Civil Justice.</text>
      <links />
    </latestAction>
    <committeeReports />
    <notes />
    <committees>
      <billCommittees>
        <item>
          <activities>
            <item>
              <name>Referred to</name>
              <date>2015-06-04T13:01:50Z</date>
            </item>
          </activities>
          <chamber>House</chamber>
          <systemCode>hsju00</systemCode>
          <name>Judiciary Committee</name>
          <subcommittees>
            <item>
              <activities>
                <item>
                  <name>Referred to</name>
                  <date>2015-06-16T21:19:45Z</date>
                </item>
              </activities>
              <name>Constitution and Civil Justice Subcommittee</name>
              <systemCode>hsju10</systemCode>
            </item>
          </subcommittees>
          <type>Standing</type>
        </item>
        <item>
          <activities>
            <item>
              <name>Referred to</name>
              <date>2015-06-04T13:01:45Z</date>
            </item>
          </activities>
          <chamber>House</chamber>
          <systemCode>hsru00</systemCode>
          <name>Rules Committee</name>
          <subcommittees />
          <type>Standing</type>
        </item>
        <item>
          <activities>
            <item>
              <name>Referred to</name>
              <date>2015-06-04T13:01:40Z</date>
            </item>
          </activities>
          <chamber>House</chamber>
          <systemCode>hsha00</systemCode>
          <name>House Administration Committee</name>
          <subcommittees />
          <type>Standing</type>
        </item>
      </billCommittees>
    </committees>
    <billNumber>298</billNumber>
    <constitutionalAuthorityStatementText />
    <policyArea>
      <name>Government Operations and Politics</name>
    </policyArea>
    <summaries>
      <billSummaries>
        <item>
          <actionDesc>Introduced in House</actionDesc>
          <text><![CDATA[<p><b>Restore Democracy Resolution</b></p> <p>It is the sense of the House of Representatives that Congress should enact and the states should ratify a constitutional amendment providing that any right of a corporation or other artificial entity to engage in political activity is not derived from the first amendment but from the laws of the United States and the states, and may be exercised only to the extent provided by such laws.</p> <p>It is the sense of the House that: (1) the case of <i>Citizens United v. Federal Election Commission </i>opened the door to the corrupting influence of money in politics; (2) Congress should have the power to regulate the raising and spending of money and in-kind equivalents with respect to federal elections; and (3) all political contributions should be publicly disclosed so that voters have complete information about who is paying for political advertisements.</p> <p>The sense of the House is further declared regarding:</p> <ul> <li>creation of a small donor and public finance system for congressional elections,</li> <li>the power of Congress to implement and enforce campaign contribution and spending limits,</li> <li>the power of Congress to prohibit vote suppression activities,</li> <li>mandatory state online voter registration systems,</li> <li>declaration of Election Day as a legal public holiday,</li> <li>establishment of a federal reapportioment system that would create compact and contiguous congressional districts adhering to the existing standards of equal population,</li> <li>the power of the highest court of each state to reject congressional district maps that do not meet such criteria,</li> <li>hearings and reports on a bill or resolution by each committee to which the measure is referred,</li> <li>resolution of all items of difference by full conference committee membership,</li> <li>simultaneous House and Senate five-day work weeks in Washington and district work periods, and</li> <li>open rules for every bill brought to the floor of the House for a vote.</li> </ul>]]></text>
          <versionCode>00</versionCode>
          <lastSummaryUpdateDate>2015-06-26T17:04:48Z</lastSummaryUpdateDate>
          <updateDate>2015-06-04T04:00:00Z</updateDate>
          <actionDate>2015-06-04</actionDate>
          <name>Introduced in House</name>
        </item>
      </billSummaries>
    </summaries>
  </bill>
  <dublinCore xmlns:dc="http://purl.org/dc/elements/1.1/">
    <dc:format>text/xml</dc:format>
    <dc:language>EN</dc:language>
    <dc:rights>Pursuant to Title 17 Section 105 of the United States Code, this file is not subject to copyright protection and is in the public domain.</dc:rights>
    <dc:contributor>Congressional Research Service, Library of Congress</dc:contributor>
    <dc:description>This file contains bill summaries and statuses for federal legislation. A bill summary describes the most significant provisions of a piece of legislation and details the effects the legislative text may have on current law and federal programs. Bill summaries are authored by the Congressional Research Service (CRS) of the Library of Congress. As stated in Public Law 91-510 (2 USC 166 (d)(6)), one of the duties of CRS is "to prepare summaries and digests of bills and resolutions of a public general nature introduced in the Senate or House of Representatives". For more information, refer to the User Guide that accompanies this file.</dc:description>
  </dublinCore>
</billStatus>

