<?xml version="1.0" encoding="UTF-8"?>
<billStatus>
  <bill>
    <cosponsors>
      <item>
        <identifiers>
          <lisID>1675</lisID>
          <gpoId>8206</gpoId>
          <bioguideId>L000560</bioguideId>
        </identifiers>
        <state>WA</state>
        <sponsorshipDate>2015-09-17</sponsorshipDate>
        <district>2</district>
        <middleName />
        <party>D</party>
        <sponsorshipWithdrawnDate />
        <bioguideId>L000560</bioguideId>
        <lastName>LARSEN</lastName>
        <isOriginalCosponsor>True</isOriginalCosponsor>
        <fullName>Rep. Larsen, Rick [D-WA-2]</fullName>
        <firstName>RICK</firstName>
      </item>
      <item>
        <identifiers>
          <bioguideId>S001165</bioguideId>
          <gpoId>8055</gpoId>
          <lisID>1818</lisID>
        </identifiers>
        <state>NJ</state>
        <sponsorshipDate>2015-09-17</sponsorshipDate>
        <district>8</district>
        <middleName />
        <party>D</party>
        <sponsorshipWithdrawnDate />
        <bioguideId>S001165</bioguideId>
        <lastName>Sires</lastName>
        <isOriginalCosponsor>True</isOriginalCosponsor>
        <fullName>Rep. Sires, Albio [D-NJ-8]</fullName>
        <firstName>Albio</firstName>
      </item>
      <item>
        <identifiers>
          <lisID>229</lisID>
          <gpoId>7999</gpoId>
          <bioguideId>C000714</bioguideId>
        </identifiers>
        <state>MI</state>
        <sponsorshipDate>2015-09-17</sponsorshipDate>
        <district>13</district>
        <middleName />
        <party>D</party>
        <sponsorshipWithdrawnDate />
        <bioguideId>C000714</bioguideId>
        <lastName>CONYERS</lastName>
        <isOriginalCosponsor>True</isOriginalCosponsor>
        <fullName>Rep. Conyers, John, Jr. [D-MI-13]</fullName>
        <firstName>JOHN</firstName>
      </item>
      <item>
        <identifiers>
          <lisID>1967</lisID>
          <gpoId>7925</gpoId>
          <bioguideId>Q000023</bioguideId>
        </identifiers>
        <state>IL</state>
        <sponsorshipDate>2015-09-17</sponsorshipDate>
        <district>5</district>
        <middleName />
        <party>D</party>
        <sponsorshipWithdrawnDate />
        <bioguideId>Q000023</bioguideId>
        <lastName>Quigley</lastName>
        <isOriginalCosponsor>True</isOriginalCosponsor>
        <fullName>Rep. Quigley, Mike [D-IL-5]</fullName>
        <firstName>Mike</firstName>
      </item>
      <item>
        <identifiers>
          <gpoId>7837</gpoId>
          <bioguideId>C001080</bioguideId>
          <lisID>1970</lisID>
        </identifiers>
        <state>CA</state>
        <sponsorshipDate>2015-09-17</sponsorshipDate>
        <district>27</district>
        <middleName />
        <party>D</party>
        <sponsorshipWithdrawnDate />
        <bioguideId>C001080</bioguideId>
        <lastName>Chu</lastName>
        <isOriginalCosponsor>True</isOriginalCosponsor>
        <fullName>Rep. Chu, Judy [D-CA-27]</fullName>
        <firstName>Judy</firstName>
      </item>
      <item>
        <identifiers>
          <bioguideId>L000579</bioguideId>
          <lisID>2111</lisID>
          <gpoId />
        </identifiers>
        <state>CA</state>
        <sponsorshipDate>2015-09-17</sponsorshipDate>
        <district>47</district>
        <middleName>S.</middleName>
        <party>D</party>
        <sponsorshipWithdrawnDate />
        <bioguideId>L000579</bioguideId>
        <lastName>Lowenthal</lastName>
        <isOriginalCosponsor>True</isOriginalCosponsor>
        <fullName>Rep. Lowenthal, Alan S. [D-CA-47]</fullName>
        <firstName>Alan</firstName>
      </item>
      <item>
        <identifiers>
          <lisID>1479</lisID>
          <gpoId>7859</gpoId>
          <bioguideId>D000197</bioguideId>
        </identifiers>
        <state>CO</state>
        <sponsorshipDate>2015-09-17</sponsorshipDate>
        <district>1</district>
        <middleName />
        <party>D</party>
        <sponsorshipWithdrawnDate />
        <bioguideId>D000197</bioguideId>
        <lastName>DEGETTE</lastName>
        <isOriginalCosponsor>True</isOriginalCosponsor>
        <fullName>Rep. DeGette, Diana [D-CO-1]</fullName>
        <firstName>DIANA</firstName>
      </item>
      <item>
        <identifiers>
          <lisID>1794</lisID>
          <gpoId>8088</gpoId>
          <bioguideId>H001038</bioguideId>
        </identifiers>
        <state>NY</state>
        <sponsorshipDate>2015-09-17</sponsorshipDate>
        <district>26</district>
        <middleName />
        <party>D</party>
        <sponsorshipWithdrawnDate />
        <bioguideId>H001038</bioguideId>
        <lastName>Higgins</lastName>
        <isOriginalCosponsor>True</isOriginalCosponsor>
        <fullName>Rep. Higgins, Brian [D-NY-26]</fullName>
        <firstName>Brian</firstName>
      </item>
      <item>
        <identifiers>
          <gpoId>7843</gpoId>
          <bioguideId>N000179</bioguideId>
          <lisID>1602</lisID>
        </identifiers>
        <state>CA</state>
        <sponsorshipDate>2015-09-17</sponsorshipDate>
        <district>32</district>
        <middleName>F.</middleName>
        <party>D</party>
        <sponsorshipWithdrawnDate />
        <bioguideId>N000179</bioguideId>
        <lastName>NAPOLITANO</lastName>
        <isOriginalCosponsor>True</isOriginalCosponsor>
        <fullName>Rep. Napolitano, Grace F. [D-CA-32]</fullName>
        <firstName>GRACE</firstName>
      </item>
      <item>
        <identifiers>
          <lisID>2114</lisID>
          <gpoId />
          <bioguideId>E000293</bioguideId>
        </identifiers>
        <state>CT</state>
        <sponsorshipDate>2015-09-17</sponsorshipDate>
        <district>5</district>
        <middleName>H.</middleName>
        <party>D</party>
        <sponsorshipWithdrawnDate />
        <bioguideId>E000293</bioguideId>
        <lastName>Esty</lastName>
        <isOriginalCosponsor>True</isOriginalCosponsor>
        <fullName>Rep. Esty, Elizabeth H. [D-CT-5]</fullName>
        <firstName>Elizabeth</firstName>
      </item>
      <item>
        <identifiers>
          <lisID>70</lisID>
          <gpoId>7836</gpoId>
          <bioguideId>B000287</bioguideId>
        </identifiers>
        <state>CA</state>
        <sponsorshipDate>2015-09-17</sponsorshipDate>
        <district>34</district>
        <middleName />
        <party>D</party>
        <sponsorshipWithdrawnDate />
        <bioguideId>B000287</bioguideId>
        <lastName>BECERRA</lastName>
        <isOriginalCosponsor>True</isOriginalCosponsor>
        <fullName>Rep. Becerra, Xavier [D-CA-34]</fullName>
        <firstName>XAVIER</firstName>
      </item>
      <item>
        <identifiers>
          <lisID>478</lisID>
          <gpoId>7924</gpoId>
          <bioguideId>G000535</bioguideId>
        </identifiers>
        <state>IL</state>
        <sponsorshipDate>2015-09-17</sponsorshipDate>
        <district>4</district>
        <middleName>V.</middleName>
        <party>D</party>
        <sponsorshipWithdrawnDate />
        <bioguideId>G000535</bioguideId>
        <lastName>GUTIERREZ</lastName>
        <isOriginalCosponsor>True</isOriginalCosponsor>
        <fullName>Rep. Gutierrez, Luis V. [D-IL-4]</fullName>
        <firstName>LUIS</firstName>
      </item>
      <item>
        <identifiers>
          <lisID>1686</lisID>
          <gpoId>7974</gpoId>
          <bioguideId>L000562</bioguideId>
        </identifiers>
        <state>MA</state>
        <sponsorshipDate>2015-09-17</sponsorshipDate>
        <district>8</district>
        <middleName>F.</middleName>
        <party>D</party>
        <sponsorshipWithdrawnDate />
        <bioguideId>L000562</bioguideId>
        <lastName>Lynch</lastName>
        <isOriginalCosponsor>True</isOriginalCosponsor>
        <fullName>Rep. Lynch, Stephen F. [D-MA-8]</fullName>
        <firstName>Stephen</firstName>
      </item>
      <item>
        <identifiers>
          <lisID>2146</lisID>
          <gpoId />
          <bioguideId>L000580</bioguideId>
        </identifiers>
        <state>NM</state>
        <sponsorshipDate>2015-09-17</sponsorshipDate>
        <district>1</district>
        <middleName />
        <party>D</party>
        <sponsorshipWithdrawnDate />
        <bioguideId>L000580</bioguideId>
        <lastName>Lujan Grisham</lastName>
        <isOriginalCosponsor>True</isOriginalCosponsor>
        <fullName>Rep. Lujan Grisham, Michelle [D-NM-1]</fullName>
        <firstName>Michelle</firstName>
      </item>
      <item>
        <identifiers>
          <lisID>368</lisID>
          <gpoId>7822</gpoId>
          <bioguideId>F000030</bioguideId>
        </identifiers>
        <state>CA</state>
        <sponsorshipDate>2015-09-17</sponsorshipDate>
        <district>20</district>
        <middleName />
        <party>D</party>
        <sponsorshipWithdrawnDate />
        <bioguideId>F000030</bioguideId>
        <lastName>FARR</lastName>
        <isOriginalCosponsor>True</isOriginalCosponsor>
        <fullName>Rep. Farr, Sam [D-CA-20]</fullName>
        <firstName>SAM</firstName>
      </item>
      <item>
        <identifiers>
          <bioguideId>P000596</bioguideId>
          <lisID>1953</lisID>
          <gpoId>8138</gpoId>
        </identifiers>
        <state>PR</state>
        <sponsorshipDate>2015-09-17</sponsorshipDate>
        <district>0</district>
        <middleName>R.</middleName>
        <party>D</party>
        <sponsorshipWithdrawnDate />
        <bioguideId>P000596</bioguideId>
        <lastName>Pierluisi</lastName>
        <isOriginalCosponsor>True</isOriginalCosponsor>
        <fullName>Rep. Pierluisi, Pedro R. [D-PR-At Large]</fullName>
        <firstName>Pedro</firstName>
      </item>
      <item>
        <identifiers>
          <bioguideId>H001063</bioguideId>
          <gpoId>8360</gpoId>
          <lisID>2089</lisID>
        </identifiers>
        <state>CA</state>
        <sponsorshipDate>2015-09-17</sponsorshipDate>
        <district>44</district>
        <middleName />
        <party>D</party>
        <sponsorshipWithdrawnDate />
        <bioguideId>H001063</bioguideId>
        <lastName>Hahn</lastName>
        <isOriginalCosponsor>True</isOriginalCosponsor>
        <fullName>Rep. Hahn, Janice [D-CA-44]</fullName>
        <firstName>Janice</firstName>
      </item>
      <item>
        <identifiers>
          <lisID>2163</lisID>
          <gpoId />
          <bioguideId>C001091</bioguideId>
        </identifiers>
        <state>TX</state>
        <sponsorshipDate>2015-09-17</sponsorshipDate>
        <district>20</district>
        <middleName />
        <party>D</party>
        <sponsorshipWithdrawnDate />
        <bioguideId>C001091</bioguideId>
        <lastName>Castro</lastName>
        <isOriginalCosponsor>True</isOriginalCosponsor>
        <fullName>Rep. Castro, Joaquin [D-TX-20]</fullName>
        <firstName>Joaquin</firstName>
      </item>
      <item>
        <identifiers>
          <lisID>1042</lisID>
          <gpoId>8077</gpoId>
          <bioguideId>S000248</bioguideId>
        </identifiers>
        <state>NY</state>
        <sponsorshipDate>2015-09-17</sponsorshipDate>
        <district>15</district>
        <middleName>E.</middleName>
        <party>D</party>
        <sponsorshipWithdrawnDate />
        <bioguideId>S000248</bioguideId>
        <lastName>SERRANO</lastName>
        <isOriginalCosponsor>True</isOriginalCosponsor>
        <fullName>Rep. Serrano, Jose E. [D-NY-15]</fullName>
        <firstName>JOSE</firstName>
      </item>
      <item>
        <identifiers>
          <gpoId />
          <bioguideId>V000130</bioguideId>
          <lisID>2112</lisID>
        </identifiers>
        <state>CA</state>
        <sponsorshipDate>2015-09-17</sponsorshipDate>
        <district>51</district>
        <middleName />
        <party>D</party>
        <sponsorshipWithdrawnDate />
        <bioguideId>V000130</bioguideId>
        <lastName>Vargas</lastName>
        <isOriginalCosponsor>True</isOriginalCosponsor>
        <fullName>Rep. Vargas, Juan [D-CA-51]</fullName>
        <firstName>Juan</firstName>
      </item>
      <item>
        <identifiers>
          <bioguideId>S000185</bioguideId>
          <lisID>1037</lisID>
          <gpoId>8194</gpoId>
        </identifiers>
        <state>VA</state>
        <sponsorshipDate>2015-09-17</sponsorshipDate>
        <district>3</district>
        <middleName>C. "Bobby"</middleName>
        <party>D</party>
        <sponsorshipWithdrawnDate />
        <bioguideId>S000185</bioguideId>
        <lastName>Scott</lastName>
        <isOriginalCosponsor>True</isOriginalCosponsor>
        <fullName>Rep. Scott, Robert C. "Bobby" [D-VA-3]</fullName>
        <firstName>Robert</firstName>
      </item>
      <item>
        <identifiers>
          <lisID>868</lisID>
          <gpoId>7871</gpoId>
          <bioguideId>N000147</bioguideId>
        </identifiers>
        <state>DC</state>
        <sponsorshipDate>2015-09-17</sponsorshipDate>
        <district>0</district>
        <middleName>HOLMES</middleName>
        <party>D</party>
        <sponsorshipWithdrawnDate />
        <bioguideId>N000147</bioguideId>
        <lastName>NORTON</lastName>
        <isOriginalCosponsor>True</isOriginalCosponsor>
        <fullName>Rep. Norton, Eleanor Holmes [D-DC-At Large]</fullName>
        <firstName>ELEANOR</firstName>
      </item>
      <item>
        <identifiers>
          <bioguideId>J000032</bioguideId>
          <lisID>588</lisID>
          <gpoId>8174</gpoId>
        </identifiers>
        <state>TX</state>
        <sponsorshipDate>2015-09-17</sponsorshipDate>
        <district>18</district>
        <middleName />
        <party>D</party>
        <sponsorshipWithdrawnDate />
        <bioguideId>J000032</bioguideId>
        <lastName>JACKSON LEE</lastName>
        <isOriginalCosponsor>True</isOriginalCosponsor>
        <fullName>Rep. Jackson Lee, Sheila [D-TX-18]</fullName>
        <firstName>SHEILA</firstName>
      </item>
      <item>
        <identifiers>
          <gpoId>8073</gpoId>
          <bioguideId>V000081</bioguideId>
          <lisID>1184</lisID>
        </identifiers>
        <state>NY</state>
        <sponsorshipDate>2015-09-17</sponsorshipDate>
        <district>7</district>
        <middleName>M.</middleName>
        <party>D</party>
        <sponsorshipWithdrawnDate />
        <bioguideId>V000081</bioguideId>
        <lastName>VELAZQUEZ</lastName>
        <isOriginalCosponsor>True</isOriginalCosponsor>
        <fullName>Rep. Velazquez, Nydia M. [D-NY-7]</fullName>
        <firstName>NYDIA</firstName>
      </item>
      <item>
        <identifiers>
          <lisID>1528</lisID>
          <gpoId>8213</gpoId>
          <bioguideId>S000510</bioguideId>
        </identifiers>
        <state>WA</state>
        <sponsorshipDate>2015-09-17</sponsorshipDate>
        <district>9</district>
        <middleName />
        <party>D</party>
        <sponsorshipWithdrawnDate />
        <bioguideId>S000510</bioguideId>
        <lastName>SMITH</lastName>
        <isOriginalCosponsor>True</isOriginalCosponsor>
        <fullName>Rep. Smith, Adam [D-WA-9]</fullName>
        <firstName>ADAM</firstName>
      </item>
      <item>
        <identifiers>
          <lisID>1878</lisID>
          <gpoId>8156</gpoId>
          <bioguideId>C001068</bioguideId>
        </identifiers>
        <state>TN</state>
        <sponsorshipDate>2015-09-17</sponsorshipDate>
        <district>9</district>
        <middleName />
        <party>D</party>
        <sponsorshipWithdrawnDate />
        <bioguideId>C001068</bioguideId>
        <lastName>Cohen</lastName>
        <isOriginalCosponsor>True</isOriginalCosponsor>
        <fullName>Rep. Cohen, Steve [D-TN-9]</fullName>
        <firstName>Steve</firstName>
      </item>
      <item>
        <identifiers>
          <lisID>1962</lisID>
          <gpoId>8018</gpoId>
          <bioguideId>S001177</bioguideId>
        </identifiers>
        <state>MP</state>
        <sponsorshipDate>2015-09-17</sponsorshipDate>
        <district>0</district>
        <middleName>Kilili Camacho</middleName>
        <party>D</party>
        <sponsorshipWithdrawnDate />
        <bioguideId>S001177</bioguideId>
        <lastName>Sablan</lastName>
        <isOriginalCosponsor>True</isOriginalCosponsor>
        <fullName>Rep. Sablan, Gregorio Kilili Camacho [D-MP-At Large]</fullName>
        <firstName>Gregorio</firstName>
      </item>
      <item>
        <identifiers>
          <bioguideId>B000490</bioguideId>
          <gpoId>7899</gpoId>
          <lisID>91</lisID>
        </identifiers>
        <state>GA</state>
        <sponsorshipDate>2015-09-17</sponsorshipDate>
        <district>2</district>
        <middleName>D.</middleName>
        <party>D</party>
        <sponsorshipWithdrawnDate />
        <bioguideId>B000490</bioguideId>
        <lastName>BISHOP</lastName>
        <isOriginalCosponsor>True</isOriginalCosponsor>
        <fullName>Rep. Bishop, Sanford D., Jr. [D-GA-2]</fullName>
        <firstName>SANFORD</firstName>
      </item>
      <item>
        <identifiers>
          <gpoId />
          <bioguideId>M001196</bioguideId>
          <lisID>2246</lisID>
        </identifiers>
        <state>MA</state>
        <sponsorshipDate>2015-09-17</sponsorshipDate>
        <district>6</district>
        <middleName />
        <party>D</party>
        <sponsorshipWithdrawnDate />
        <bioguideId>M001196</bioguideId>
        <lastName>Moulton</lastName>
        <isOriginalCosponsor>True</isOriginalCosponsor>
        <fullName>Rep. Moulton, Seth [D-MA-6]</fullName>
        <firstName>Seth</firstName>
      </item>
      <item>
        <identifiers>
          <lisID>2101</lisID>
          <gpoId />
          <bioguideId>H001068</bioguideId>
        </identifiers>
        <state>CA</state>
        <sponsorshipDate>2015-09-17</sponsorshipDate>
        <district>2</district>
        <middleName />
        <party>D</party>
        <sponsorshipWithdrawnDate />
        <bioguideId>H001068</bioguideId>
        <lastName>Huffman</lastName>
        <isOriginalCosponsor>True</isOriginalCosponsor>
        <fullName>Rep. Huffman, Jared [D-CA-2]</fullName>
        <firstName>Jared</firstName>
      </item>
      <item>
        <identifiers>
          <gpoId>8067</gpoId>
          <bioguideId>M001137</bioguideId>
          <lisID>1506</lisID>
        </identifiers>
        <state>NY</state>
        <sponsorshipDate>2015-09-17</sponsorshipDate>
        <district>5</district>
        <middleName>W.</middleName>
        <party>D</party>
        <sponsorshipWithdrawnDate />
        <bioguideId>M001137</bioguideId>
        <lastName>MEEKS</lastName>
        <isOriginalCosponsor>True</isOriginalCosponsor>
        <fullName>Rep. Meeks, Gregory W. [D-NY-5]</fullName>
        <firstName>GREGORY</firstName>
      </item>
      <item>
        <identifiers>
          <bioguideId>L000557</bioguideId>
          <gpoId>7866</gpoId>
          <lisID>1583</lisID>
        </identifiers>
        <state>CT</state>
        <sponsorshipDate>2015-09-17</sponsorshipDate>
        <district>1</district>
        <middleName>B.</middleName>
        <party>D</party>
        <sponsorshipWithdrawnDate />
        <bioguideId>L000557</bioguideId>
        <lastName>LARSON</lastName>
        <isOriginalCosponsor>True</isOriginalCosponsor>
        <fullName>Rep. Larson, John B. [D-CT-1]</fullName>
        <firstName>JOHN</firstName>
      </item>
      <item>
        <identifiers>
          <bioguideId>C001036</bioguideId>
          <lisID>1471</lisID>
          <gpoId>7828</gpoId>
        </identifiers>
        <state>CA</state>
        <sponsorshipDate>2015-09-17</sponsorshipDate>
        <district>24</district>
        <middleName />
        <party>D</party>
        <sponsorshipWithdrawnDate />
        <bioguideId>C001036</bioguideId>
        <lastName>CAPPS</lastName>
        <isOriginalCosponsor>True</isOriginalCosponsor>
        <fullName>Rep. Capps, Lois [D-CA-24]</fullName>
        <firstName>LOIS</firstName>
      </item>
      <item>
        <identifiers>
          <lisID>462</lisID>
          <gpoId>8185</gpoId>
          <bioguideId>G000410</bioguideId>
        </identifiers>
        <state>TX</state>
        <sponsorshipDate>2015-09-17</sponsorshipDate>
        <district>29</district>
        <middleName />
        <party>D</party>
        <sponsorshipWithdrawnDate />
        <bioguideId>G000410</bioguideId>
        <lastName>GREEN</lastName>
        <isOriginalCosponsor>True</isOriginalCosponsor>
        <fullName>Rep. Green, Gene [D-TX-29]</fullName>
        <firstName>GENE</firstName>
      </item>
      <item>
        <identifiers>
          <lisID>688</lisID>
          <gpoId>7902</gpoId>
          <bioguideId>L000287</bioguideId>
        </identifiers>
        <state>GA</state>
        <sponsorshipDate>2015-09-17</sponsorshipDate>
        <district>5</district>
        <middleName />
        <party>D</party>
        <sponsorshipWithdrawnDate />
        <bioguideId>L000287</bioguideId>
        <lastName>LEWIS</lastName>
        <isOriginalCosponsor>True</isOriginalCosponsor>
        <fullName>Rep. Lewis, John [D-GA-5]</fullName>
        <firstName>JOHN</firstName>
      </item>
      <item>
        <identifiers>
          <gpoId>8181</gpoId>
          <bioguideId>D000399</bioguideId>
          <lisID>303</lisID>
        </identifiers>
        <state>TX</state>
        <sponsorshipDate>2015-09-17</sponsorshipDate>
        <district>35</district>
        <middleName />
        <party>D</party>
        <sponsorshipWithdrawnDate />
        <bioguideId>D000399</bioguideId>
        <lastName>DOGGETT</lastName>
        <isOriginalCosponsor>True</isOriginalCosponsor>
        <fullName>Rep. Doggett, Lloyd [D-TX-35]</fullName>
        <firstName>LLOYD</firstName>
      </item>
      <item>
        <identifiers>
          <bioguideId>C001084</bioguideId>
          <gpoId>8139</gpoId>
          <lisID>2055</lisID>
        </identifiers>
        <state>RI</state>
        <sponsorshipDate>2015-09-17</sponsorshipDate>
        <district>1</district>
        <middleName>N.</middleName>
        <party>D</party>
        <sponsorshipWithdrawnDate />
        <bioguideId>C001084</bioguideId>
        <lastName>Cicilline</lastName>
        <isOriginalCosponsor>True</isOriginalCosponsor>
        <fullName>Rep. Cicilline, David N. [D-RI-1]</fullName>
        <firstName>David</firstName>
      </item>
      <item>
        <identifiers>
          <lisID>2260</lisID>
          <gpoId />
          <bioguideId>H001070</bioguideId>
        </identifiers>
        <state>NV</state>
        <sponsorshipDate>2015-09-17</sponsorshipDate>
        <district>4</district>
        <middleName />
        <party>R</party>
        <sponsorshipWithdrawnDate />
        <bioguideId>H001070</bioguideId>
        <lastName>Hardy</lastName>
        <isOriginalCosponsor>True</isOriginalCosponsor>
        <fullName>Rep. Hardy, Cresent [R-NV-4]</fullName>
        <firstName>Cresent</firstName>
      </item>
      <item>
        <identifiers>
          <lisID>1490</lisID>
          <gpoId>8171</gpoId>
          <bioguideId>H000636</bioguideId>
        </identifiers>
        <state>TX</state>
        <sponsorshipDate>2015-09-17</sponsorshipDate>
        <district>15</district>
        <middleName />
        <party>D</party>
        <sponsorshipWithdrawnDate />
        <bioguideId>H000636</bioguideId>
        <lastName>HINOJOSA</lastName>
        <isOriginalCosponsor>True</isOriginalCosponsor>
        <fullName>Rep. Hinojosa, Ruben [D-TX-15]</fullName>
        <firstName>RUBEN</firstName>
      </item>
      <item>
        <identifiers>
          <lisID>2262</lisID>
          <gpoId />
          <bioguideId>R000602</bioguideId>
        </identifiers>
        <state>NY</state>
        <sponsorshipDate>2015-09-17</sponsorshipDate>
        <district>4</district>
        <middleName>M.</middleName>
        <party>D</party>
        <sponsorshipWithdrawnDate />
        <bioguideId>R000602</bioguideId>
        <lastName>Rice</lastName>
        <isOriginalCosponsor>True</isOriginalCosponsor>
        <fullName>Rep. Rice, Kathleen M. [D-NY-4]</fullName>
        <firstName>Kathleen</firstName>
      </item>
      <item>
        <identifiers>
          <gpoId>8186</gpoId>
          <bioguideId>J000126</bioguideId>
          <lisID>599</lisID>
        </identifiers>
        <state>TX</state>
        <sponsorshipDate>2015-09-17</sponsorshipDate>
        <district>30</district>
        <middleName>BERNICE</middleName>
        <party>D</party>
        <sponsorshipWithdrawnDate />
        <bioguideId>J000126</bioguideId>
        <lastName>JOHNSON</lastName>
        <isOriginalCosponsor>True</isOriginalCosponsor>
        <fullName>Rep. Johnson, Eddie Bernice [D-TX-30]</fullName>
        <firstName>EDDIE</firstName>
      </item>
      <item>
        <identifiers>
          <gpoId>7844</gpoId>
          <bioguideId>S001156</bioguideId>
          <lisID>1757</lisID>
        </identifiers>
        <state>CA</state>
        <sponsorshipDate>2015-09-17</sponsorshipDate>
        <district>38</district>
        <middleName>T.</middleName>
        <party>D</party>
        <sponsorshipWithdrawnDate />
        <bioguideId>S001156</bioguideId>
        <lastName>SANCHEZ</lastName>
        <isOriginalCosponsor>True</isOriginalCosponsor>
        <fullName>Rep. Sanchez, Linda T. [D-CA-38]</fullName>
        <firstName>LINDA</firstName>
      </item>
      <item>
        <identifiers>
          <lisID>2166</lisID>
          <gpoId />
          <bioguideId>V000131</bioguideId>
        </identifiers>
        <state>TX</state>
        <sponsorshipDate>2015-09-17</sponsorshipDate>
        <district>33</district>
        <middleName>A.</middleName>
        <party>D</party>
        <sponsorshipWithdrawnDate />
        <bioguideId>V000131</bioguideId>
        <lastName>Veasey</lastName>
        <isOriginalCosponsor>True</isOriginalCosponsor>
        <fullName>Rep. Veasey, Marc A. [D-TX-33]</fullName>
        <firstName>Marc</firstName>
      </item>
      <item>
        <identifiers>
          <lisID>1890</lisID>
          <gpoId>7817</gpoId>
          <bioguideId>S001175</bioguideId>
        </identifiers>
        <state>CA</state>
        <sponsorshipDate>2015-09-17</sponsorshipDate>
        <district>14</district>
        <middleName />
        <party>D</party>
        <sponsorshipWithdrawnDate />
        <bioguideId>S001175</bioguideId>
        <lastName>Speier</lastName>
        <isOriginalCosponsor>True</isOriginalCosponsor>
        <fullName>Rep. Speier, Jackie [D-CA-14]</fullName>
        <firstName>Jackie</firstName>
      </item>
      <item>
        <identifiers>
          <lisID>2109</lisID>
          <gpoId />
          <bioguideId>R000599</bioguideId>
        </identifiers>
        <state>CA</state>
        <sponsorshipDate>2015-09-17</sponsorshipDate>
        <district>36</district>
        <middleName />
        <party>D</party>
        <sponsorshipWithdrawnDate />
        <bioguideId>R000599</bioguideId>
        <lastName>Ruiz</lastName>
        <isOriginalCosponsor>True</isOriginalCosponsor>
        <fullName>Rep. Ruiz, Raul [D-CA-36]</fullName>
        <firstName>Raul</firstName>
      </item>
      <item>
        <identifiers>
          <lisID>2229</lisID>
          <gpoId />
          <bioguideId>A000371</bioguideId>
        </identifiers>
        <state>CA</state>
        <sponsorshipDate>2015-09-17</sponsorshipDate>
        <district>31</district>
        <middleName />
        <party>D</party>
        <sponsorshipWithdrawnDate />
        <bioguideId>A000371</bioguideId>
        <lastName>Aguilar</lastName>
        <isOriginalCosponsor>True</isOriginalCosponsor>
        <fullName>Rep. Aguilar, Pete [D-CA-31]</fullName>
        <firstName>Pete</firstName>
      </item>
      <item>
        <identifiers>
          <bioguideId>C001059</bioguideId>
          <lisID>1774</lisID>
          <gpoId>7825</gpoId>
        </identifiers>
        <state>CA</state>
        <sponsorshipDate>2015-09-17</sponsorshipDate>
        <district>16</district>
        <middleName />
        <party>D</party>
        <sponsorshipWithdrawnDate />
        <bioguideId>C001059</bioguideId>
        <lastName>Costa</lastName>
        <isOriginalCosponsor>True</isOriginalCosponsor>
        <fullName>Rep. Costa, Jim [D-CA-16]</fullName>
        <firstName>Jim</firstName>
      </item>
      <item>
        <identifiers>
          <gpoId>7838</gpoId>
          <bioguideId>B001270</bioguideId>
          <lisID>1996</lisID>
        </identifiers>
        <state>CA</state>
        <sponsorshipDate>2015-09-17</sponsorshipDate>
        <district>37</district>
        <middleName />
        <party>D</party>
        <sponsorshipWithdrawnDate />
        <bioguideId>B001270</bioguideId>
        <lastName>Bass</lastName>
        <isOriginalCosponsor>True</isOriginalCosponsor>
        <fullName>Rep. Bass, Karen [D-CA-37]</fullName>
        <firstName>Karen</firstName>
      </item>
      <item>
        <identifiers>
          <bioguideId>S000344</bioguideId>
          <lisID>1526</lisID>
          <gpoId>7832</gpoId>
        </identifiers>
        <state>CA</state>
        <sponsorshipDate>2015-09-17</sponsorshipDate>
        <district>30</district>
        <middleName />
        <party>D</party>
        <sponsorshipWithdrawnDate />
        <bioguideId>S000344</bioguideId>
        <lastName>SHERMAN</lastName>
        <isOriginalCosponsor>True</isOriginalCosponsor>
        <fullName>Rep. Sherman, Brad [D-CA-30]</fullName>
        <firstName>BRAD</firstName>
      </item>
      <item>
        <identifiers>
          <lisID>1895</lisID>
          <gpoId>8101</gpoId>
          <bioguideId>F000455</bioguideId>
        </identifiers>
        <state>OH</state>
        <sponsorshipDate>2015-09-17</sponsorshipDate>
        <district>11</district>
        <middleName>L.</middleName>
        <party>D</party>
        <sponsorshipWithdrawnDate />
        <bioguideId>F000455</bioguideId>
        <lastName>Fudge</lastName>
        <isOriginalCosponsor>True</isOriginalCosponsor>
        <fullName>Rep. Fudge, Marcia L. [D-OH-11]</fullName>
        <firstName>Marcia</firstName>
      </item>
      <item>
        <identifiers>
          <lisID>1940</lisID>
          <gpoId>7493</gpoId>
          <bioguideId>T000468</bioguideId>
        </identifiers>
        <state>NV</state>
        <sponsorshipDate>2015-09-17</sponsorshipDate>
        <district>1</district>
        <middleName />
        <party>D</party>
        <sponsorshipWithdrawnDate />
        <bioguideId>T000468</bioguideId>
        <lastName>Titus</lastName>
        <isOriginalCosponsor>True</isOriginalCosponsor>
        <fullName>Rep. Titus, Dina [D-NV-1]</fullName>
        <firstName>Dina</firstName>
      </item>
      <item>
        <identifiers>
          <lisID>1653</lisID>
          <gpoId>8004</gpoId>
          <bioguideId>M001143</bioguideId>
        </identifiers>
        <state>MN</state>
        <sponsorshipDate>2015-09-17</sponsorshipDate>
        <district>4</district>
        <middleName />
        <party>D</party>
        <sponsorshipWithdrawnDate />
        <bioguideId>M001143</bioguideId>
        <lastName>MCCOLLUM</lastName>
        <isOriginalCosponsor>True</isOriginalCosponsor>
        <fullName>Rep. McCollum, Betty [D-MN-4]</fullName>
        <firstName>BETTY</firstName>
      </item>
      <item>
        <identifiers>
          <bioguideId>M001191</bioguideId>
          <lisID>2117</lisID>
          <gpoId />
        </identifiers>
        <state>FL</state>
        <sponsorshipDate>2015-09-17</sponsorshipDate>
        <district>18</district>
        <middleName />
        <party>D</party>
        <sponsorshipWithdrawnDate />
        <bioguideId>M001191</bioguideId>
        <lastName>Murphy</lastName>
        <isOriginalCosponsor>True</isOriginalCosponsor>
        <fullName>Rep. Murphy, Patrick [D-FL-18]</fullName>
        <firstName>Patrick</firstName>
      </item>
      <item>
        <identifiers>
          <lisID>2123</lisID>
          <gpoId />
          <bioguideId>D000622</bioguideId>
        </identifiers>
        <state>IL</state>
        <sponsorshipDate>2015-09-17</sponsorshipDate>
        <district>8</district>
        <middleName />
        <party>D</party>
        <sponsorshipWithdrawnDate />
        <bioguideId>D000622</bioguideId>
        <lastName>Duckworth</lastName>
        <isOriginalCosponsor>True</isOriginalCosponsor>
        <fullName>Rep. Duckworth, Tammy [D-IL-8]</fullName>
        <firstName>Tammy</firstName>
      </item>
      <item>
        <identifiers>
          <lisID>2227</lisID>
          <gpoId />
          <bioguideId>D000623</bioguideId>
        </identifiers>
        <state>CA</state>
        <sponsorshipDate>2015-09-17</sponsorshipDate>
        <district>11</district>
        <middleName />
        <party>D</party>
        <sponsorshipWithdrawnDate />
        <bioguideId>D000623</bioguideId>
        <lastName>DeSaulnier</lastName>
        <isOriginalCosponsor>True</isOriginalCosponsor>
        <fullName>Rep. DeSaulnier, Mark [D-CA-11]</fullName>
        <firstName>Mark</firstName>
      </item>
      <item>
        <identifiers>
          <bioguideId>P000608</bioguideId>
          <gpoId />
          <lisID>2113</lisID>
        </identifiers>
        <state>CA</state>
        <sponsorshipDate>2015-09-17</sponsorshipDate>
        <district>52</district>
        <middleName>H.</middleName>
        <party>D</party>
        <sponsorshipWithdrawnDate />
        <bioguideId>P000608</bioguideId>
        <lastName>Peters</lastName>
        <isOriginalCosponsor>True</isOriginalCosponsor>
        <fullName>Rep. Peters, Scott H. [D-CA-52]</fullName>
        <firstName>Scott</firstName>
      </item>
      <item>
        <identifiers>
          <lisID>2231</lisID>
          <gpoId />
          <bioguideId>T000474</bioguideId>
        </identifiers>
        <state>CA</state>
        <sponsorshipDate>2015-09-17</sponsorshipDate>
        <district>35</district>
        <middleName>J.</middleName>
        <party>D</party>
        <sponsorshipWithdrawnDate />
        <bioguideId>T000474</bioguideId>
        <lastName>Torres</lastName>
        <isOriginalCosponsor>True</isOriginalCosponsor>
        <fullName>Rep. Torres, Norma J. [D-CA-35]</fullName>
        <firstName>Norma</firstName>
      </item>
      <item>
        <identifiers>
          <gpoId>7858</gpoId>
          <bioguideId>D000598</bioguideId>
          <lisID>1641</lisID>
        </identifiers>
        <state>CA</state>
        <sponsorshipDate>2015-09-17</sponsorshipDate>
        <district>53</district>
        <middleName>A.</middleName>
        <party>D</party>
        <sponsorshipWithdrawnDate />
        <bioguideId>D000598</bioguideId>
        <lastName>DAVIS</lastName>
        <isOriginalCosponsor>True</isOriginalCosponsor>
        <fullName>Rep. Davis, Susan A. [D-CA-53]</fullName>
        <firstName>SUSAN</firstName>
      </item>
      <item>
        <identifiers>
          <gpoId>7804</gpoId>
          <bioguideId>G000551</bioguideId>
          <lisID>1708</lisID>
        </identifiers>
        <state>AZ</state>
        <sponsorshipDate>2015-09-17</sponsorshipDate>
        <district>3</district>
        <middleName>M.</middleName>
        <party>D</party>
        <sponsorshipWithdrawnDate />
        <bioguideId>G000551</bioguideId>
        <lastName>Grijalva</lastName>
        <isOriginalCosponsor>True</isOriginalCosponsor>
        <fullName>Rep. Grijalva, Raul M. [D-AZ-3]</fullName>
        <firstName>Raul</firstName>
      </item>
      <item>
        <identifiers>
          <bioguideId>N000002</bioguideId>
          <lisID>850</lisID>
          <gpoId>8069</gpoId>
        </identifiers>
        <state>NY</state>
        <sponsorshipDate>2015-09-17</sponsorshipDate>
        <district>10</district>
        <middleName />
        <party>D</party>
        <sponsorshipWithdrawnDate />
        <bioguideId>N000002</bioguideId>
        <lastName>NADLER</lastName>
        <isOriginalCosponsor>True</isOriginalCosponsor>
        <fullName>Rep. Nadler, Jerrold [D-NY-10]</fullName>
        <firstName>JERROLD</firstName>
      </item>
      <item>
        <identifiers>
          <lisID>355</lisID>
          <gpoId>7819</gpoId>
          <bioguideId>E000215</bioguideId>
        </identifiers>
        <state>CA</state>
        <sponsorshipDate>2015-09-17</sponsorshipDate>
        <district>18</district>
        <middleName>G.</middleName>
        <party>D</party>
        <sponsorshipWithdrawnDate />
        <bioguideId>E000215</bioguideId>
        <lastName>ESHOO</lastName>
        <isOriginalCosponsor>True</isOriginalCosponsor>
        <fullName>Rep. Eshoo, Anna G. [D-CA-18]</fullName>
        <firstName>ANNA</firstName>
      </item>
      <item>
        <identifiers>
          <lisID>2104</lisID>
          <gpoId />
          <bioguideId>S001193</bioguideId>
        </identifiers>
        <state>CA</state>
        <sponsorshipDate>2015-09-17</sponsorshipDate>
        <district>15</district>
        <middleName />
        <party>D</party>
        <sponsorshipWithdrawnDate />
        <bioguideId>S001193</bioguideId>
        <lastName>Swalwell</lastName>
        <isOriginalCosponsor>True</isOriginalCosponsor>
        <fullName>Rep. Swalwell, Eric [D-CA-15]</fullName>
        <firstName>Eric</firstName>
      </item>
      <item>
        <identifiers>
          <gpoId>7821</gpoId>
          <bioguideId>L000397</bioguideId>
          <lisID>701</lisID>
        </identifiers>
        <state>CA</state>
        <sponsorshipDate>2015-09-17</sponsorshipDate>
        <district>19</district>
        <middleName />
        <party>D</party>
        <sponsorshipWithdrawnDate />
        <bioguideId>L000397</bioguideId>
        <lastName>LOFGREN</lastName>
        <isOriginalCosponsor>True</isOriginalCosponsor>
        <fullName>Rep. Lofgren, Zoe [D-CA-19]</fullName>
        <firstName>ZOE</firstName>
      </item>
      <item>
        <identifiers>
          <lisID>1663</lisID>
          <gpoId>8063</gpoId>
          <bioguideId>I000057</bioguideId>
        </identifiers>
        <state>NY</state>
        <sponsorshipDate>2015-09-17</sponsorshipDate>
        <district>3</district>
        <middleName />
        <party>D</party>
        <sponsorshipWithdrawnDate />
        <bioguideId>I000057</bioguideId>
        <lastName>ISRAEL</lastName>
        <isOriginalCosponsor>True</isOriginalCosponsor>
        <fullName>Rep. Israel, Steve [D-NY-3]</fullName>
        <firstName>STEVE</firstName>
      </item>
      <item>
        <identifiers>
          <lisID>1777</lisID>
          <gpoId>7892</gpoId>
          <bioguideId>W000797</bioguideId>
        </identifiers>
        <state>FL</state>
        <sponsorshipDate>2015-09-17</sponsorshipDate>
        <district>23</district>
        <middleName />
        <party>D</party>
        <sponsorshipWithdrawnDate />
        <bioguideId>W000797</bioguideId>
        <lastName>Wasserman Schultz</lastName>
        <isOriginalCosponsor>True</isOriginalCosponsor>
        <fullName>Rep. Wasserman Schultz, Debbie [D-FL-23]</fullName>
        <firstName>Debbie</firstName>
      </item>
      <item>
        <identifiers>
          <lisID>2110</lisID>
          <gpoId />
          <bioguideId>T000472</bioguideId>
        </identifiers>
        <state>CA</state>
        <sponsorshipDate>2015-09-17</sponsorshipDate>
        <district>41</district>
        <middleName />
        <party>D</party>
        <sponsorshipWithdrawnDate />
        <bioguideId>T000472</bioguideId>
        <lastName>Takano</lastName>
        <isOriginalCosponsor>True</isOriginalCosponsor>
        <fullName>Rep. Takano, Mark [D-CA-41]</fullName>
        <firstName>Mark</firstName>
      </item>
      <item>
        <identifiers>
          <bioguideId>P000096</bioguideId>
          <gpoId>8050</gpoId>
          <lisID>1510</lisID>
        </identifiers>
        <state>NJ</state>
        <sponsorshipDate>2015-09-17</sponsorshipDate>
        <district>9</district>
        <middleName>J.</middleName>
        <party>D</party>
        <sponsorshipWithdrawnDate />
        <bioguideId>P000096</bioguideId>
        <lastName>PASCRELL</lastName>
        <isOriginalCosponsor>True</isOriginalCosponsor>
        <fullName>Rep. Pascrell, Bill, Jr. [D-NJ-9]</fullName>
        <firstName>WILLIAM</firstName>
      </item>
      <item>
        <identifiers>
          <gpoId>8058</gpoId>
          <bioguideId>L000570</bioguideId>
          <lisID>1939</lisID>
        </identifiers>
        <state>NM</state>
        <sponsorshipDate>2015-09-17</sponsorshipDate>
        <district>3</district>
        <middleName>Ray</middleName>
        <party>D</party>
        <sponsorshipWithdrawnDate />
        <bioguideId>L000570</bioguideId>
        <lastName>Lujan</lastName>
        <isOriginalCosponsor>True</isOriginalCosponsor>
        <fullName>Rep. Lujan, Ben Ray [D-NM-3]</fullName>
        <firstName>Ben</firstName>
      </item>
      <item>
        <identifiers>
          <lisID>2106</lisID>
          <gpoId />
          <bioguideId>B001285</bioguideId>
        </identifiers>
        <state>CA</state>
        <sponsorshipDate>2015-09-17</sponsorshipDate>
        <district>26</district>
        <middleName />
        <party>D</party>
        <sponsorshipWithdrawnDate />
        <bioguideId>B001285</bioguideId>
        <lastName>Brownley</lastName>
        <isOriginalCosponsor>True</isOriginalCosponsor>
        <fullName>Rep. Brownley, Julia [D-CA-26]</fullName>
        <firstName>Julia</firstName>
      </item>
      <item>
        <identifiers>
          <lisID>2226</lisID>
          <gpoId />
          <bioguideId>G000574</bioguideId>
        </identifiers>
        <state>AZ</state>
        <sponsorshipDate>2015-09-17</sponsorshipDate>
        <district>7</district>
        <middleName />
        <party>D</party>
        <sponsorshipWithdrawnDate />
        <bioguideId>G000574</bioguideId>
        <lastName>Gallego</lastName>
        <isOriginalCosponsor>True</isOriginalCosponsor>
        <fullName>Rep. Gallego, Ruben [D-AZ-7]</fullName>
        <firstName>Ruben</firstName>
      </item>
      <item>
        <identifiers>
          <lisID>997</lisID>
          <gpoId>7839</gpoId>
          <bioguideId>R000486</bioguideId>
        </identifiers>
        <state>CA</state>
        <sponsorshipDate>2015-09-17</sponsorshipDate>
        <district>40</district>
        <middleName />
        <party>D</party>
        <sponsorshipWithdrawnDate />
        <bioguideId>R000486</bioguideId>
        <lastName>ROYBAL-ALLARD</lastName>
        <isOriginalCosponsor>True</isOriginalCosponsor>
        <fullName>Rep. Roybal-Allard, Lucille [D-CA-40]</fullName>
        <firstName>LUCILLE</firstName>
      </item>
      <item>
        <identifiers>
          <bioguideId>B001292</bioguideId>
          <gpoId />
          <lisID>2272</lisID>
        </identifiers>
        <state>VA</state>
        <sponsorshipDate>2015-09-17</sponsorshipDate>
        <district>8</district>
        <middleName>S.</middleName>
        <party>D</party>
        <sponsorshipWithdrawnDate />
        <bioguideId>B001292</bioguideId>
        <lastName>Beyer</lastName>
        <isOriginalCosponsor>True</isOriginalCosponsor>
        <fullName>Rep. Beyer, Donald S., Jr. [D-VA-8]</fullName>
        <firstName>Donald</firstName>
      </item>
      <item>
        <identifiers>
          <lisID>1995</lisID>
          <gpoId>7824</gpoId>
          <bioguideId>D000612</bioguideId>
        </identifiers>
        <state>CA</state>
        <sponsorshipDate>2015-09-17</sponsorshipDate>
        <district>10</district>
        <middleName />
        <party>R</party>
        <sponsorshipWithdrawnDate />
        <bioguideId>D000612</bioguideId>
        <lastName>Denham</lastName>
        <isOriginalCosponsor>True</isOriginalCosponsor>
        <fullName>Rep. Denham, Jeff [R-CA-10]</fullName>
        <firstName>Jeff</firstName>
      </item>
      <item>
        <identifiers>
          <gpoId />
          <bioguideId>O000170</bioguideId>
          <lisID>2162</lisID>
        </identifiers>
        <state>TX</state>
        <sponsorshipDate>2015-09-17</sponsorshipDate>
        <district>16</district>
        <middleName />
        <party>D</party>
        <sponsorshipWithdrawnDate />
        <bioguideId>O000170</bioguideId>
        <lastName>O'Rourke</lastName>
        <isOriginalCosponsor>True</isOriginalCosponsor>
        <fullName>Rep. O'Rourke, Beto [D-TX-16]</fullName>
        <firstName>Beto</firstName>
      </item>
      <item>
        <identifiers>
          <lisID>2099</lisID>
          <gpoId />
          <bioguideId>S001191</bioguideId>
        </identifiers>
        <state>AZ</state>
        <sponsorshipDate>2015-09-17</sponsorshipDate>
        <district>9</district>
        <middleName />
        <party>D</party>
        <sponsorshipWithdrawnDate />
        <bioguideId>S001191</bioguideId>
        <lastName>Sinema</lastName>
        <isOriginalCosponsor>True</isOriginalCosponsor>
        <fullName>Rep. Sinema, Kyrsten [D-AZ-9]</fullName>
        <firstName>Kyrsten</firstName>
      </item>
      <item>
        <identifiers>
          <gpoId>7806</gpoId>
          <bioguideId>T000460</bioguideId>
          <lisID>1593</lisID>
        </identifiers>
        <state>CA</state>
        <sponsorshipDate>2015-09-28</sponsorshipDate>
        <district>5</district>
        <middleName />
        <party>D</party>
        <sponsorshipWithdrawnDate />
        <bioguideId>T000460</bioguideId>
        <lastName>THOMPSON</lastName>
        <isOriginalCosponsor>False</isOriginalCosponsor>
        <fullName>Rep. Thompson, Mike [D-CA-5]</fullName>
        <firstName>MIKE</firstName>
      </item>
      <item>
        <identifiers>
          <gpoId>7355</gpoId>
          <bioguideId>F000454</bioguideId>
          <lisID>1888</lisID>
        </identifiers>
        <state>IL</state>
        <sponsorshipDate>2015-09-28</sponsorshipDate>
        <district>11</district>
        <middleName />
        <party>D</party>
        <sponsorshipWithdrawnDate />
        <bioguideId>F000454</bioguideId>
        <lastName>Foster</lastName>
        <isOriginalCosponsor>False</isOriginalCosponsor>
        <fullName>Rep. Foster, Bill [D-IL-11]</fullName>
        <firstName>Bill</firstName>
      </item>
      <item>
        <identifiers>
          <bioguideId>S000030</bioguideId>
          <lisID>1522</lisID>
          <gpoId>7852</gpoId>
        </identifiers>
        <state>CA</state>
        <sponsorshipDate>2015-09-28</sponsorshipDate>
        <district>46</district>
        <middleName />
        <party>D</party>
        <sponsorshipWithdrawnDate />
        <bioguideId>S000030</bioguideId>
        <lastName>SANCHEZ</lastName>
        <isOriginalCosponsor>False</isOriginalCosponsor>
        <fullName>Rep. Sanchez, Loretta [D-CA-46]</fullName>
        <firstName>LORETTA</firstName>
      </item>
      <item>
        <identifiers>
          <lisID>2167</lisID>
          <gpoId />
          <bioguideId>V000132</bioguideId>
        </identifiers>
        <state>TX</state>
        <sponsorshipDate>2015-09-28</sponsorshipDate>
        <district>34</district>
        <middleName />
        <party>D</party>
        <sponsorshipWithdrawnDate />
        <bioguideId>V000132</bioguideId>
        <lastName>Vela</lastName>
        <isOriginalCosponsor>False</isOriginalCosponsor>
        <fullName>Rep. Vela, Filemon [D-TX-34]</fullName>
        <firstName>Filemon</firstName>
      </item>
      <item>
        <identifiers>
          <lisID>1504</lisID>
          <gpoId>7968</gpoId>
          <bioguideId>M000312</bioguideId>
        </identifiers>
        <state>MA</state>
        <sponsorshipDate>2015-09-28</sponsorshipDate>
        <district>2</district>
        <middleName>P.</middleName>
        <party>D</party>
        <sponsorshipWithdrawnDate />
        <bioguideId>M000312</bioguideId>
        <lastName>MCGOVERN</lastName>
        <isOriginalCosponsor>False</isOriginalCosponsor>
        <fullName>Rep. McGovern, James P. [D-MA-2]</fullName>
        <firstName>JAMES</firstName>
      </item>
      <item>
        <identifiers>
          <lisID>1634</lisID>
          <gpoId>7820</gpoId>
          <bioguideId>H001034</bioguideId>
        </identifiers>
        <state>CA</state>
        <sponsorshipDate>2015-09-28</sponsorshipDate>
        <district>17</district>
        <middleName>M.</middleName>
        <party>D</party>
        <sponsorshipWithdrawnDate />
        <bioguideId>H001034</bioguideId>
        <lastName>HONDA</lastName>
        <isOriginalCosponsor>False</isOriginalCosponsor>
        <fullName>Rep. Honda, Michael M. [D-CA-17]</fullName>
        <firstName>MICHAEL</firstName>
      </item>
      <item>
        <identifiers>
          <lisID>1635</lisID>
          <gpoId>7834</gpoId>
          <bioguideId>S001150</bioguideId>
        </identifiers>
        <state>CA</state>
        <sponsorshipDate>2015-09-28</sponsorshipDate>
        <district>28</district>
        <middleName>B.</middleName>
        <party>D</party>
        <sponsorshipWithdrawnDate />
        <bioguideId>S001150</bioguideId>
        <lastName>SCHIFF</lastName>
        <isOriginalCosponsor>False</isOriginalCosponsor>
        <fullName>Rep. Schiff, Adam B. [D-CA-28]</fullName>
        <firstName>ADAM</firstName>
      </item>
      <item>
        <identifiers>
          <lisID>1889</lisID>
          <gpoId>7946</gpoId>
          <bioguideId>C001072</bioguideId>
        </identifiers>
        <state>IN</state>
        <sponsorshipDate>2015-09-28</sponsorshipDate>
        <district>7</district>
        <middleName />
        <party>D</party>
        <sponsorshipWithdrawnDate />
        <bioguideId>C001072</bioguideId>
        <lastName>Carson</lastName>
        <isOriginalCosponsor>False</isOriginalCosponsor>
        <fullName>Rep. Carson, Andre [D-IN-7]</fullName>
        <firstName>Andre</firstName>
      </item>
      <item>
        <identifiers>
          <lisID>1973</lisID>
          <gpoId>7815</gpoId>
          <bioguideId>G000559</bioguideId>
        </identifiers>
        <state>CA</state>
        <sponsorshipDate>2015-09-28</sponsorshipDate>
        <district>3</district>
        <middleName />
        <party>D</party>
        <sponsorshipWithdrawnDate />
        <bioguideId>G000559</bioguideId>
        <lastName>Garamendi</lastName>
        <isOriginalCosponsor>False</isOriginalCosponsor>
        <fullName>Rep. Garamendi, John [D-CA-3]</fullName>
        <firstName>John</firstName>
      </item>
      <item>
        <identifiers>
          <bioguideId>M001163</bioguideId>
          <lisID>1814</lisID>
          <gpoId>7810</gpoId>
        </identifiers>
        <state>CA</state>
        <sponsorshipDate>2015-09-28</sponsorshipDate>
        <district>6</district>
        <middleName>O.</middleName>
        <party>D</party>
        <sponsorshipWithdrawnDate />
        <bioguideId>M001163</bioguideId>
        <lastName>Matsui</lastName>
        <isOriginalCosponsor>False</isOriginalCosponsor>
        <fullName>Rep. Matsui, Doris O. [D-CA-6]</fullName>
        <firstName>Doris</firstName>
      </item>
    </cosponsors>
    <titles>
      <item>
        <parentTitleType />
        <chamberCode />
        <chamberName />
        <titleType>Official Title as Introduced</titleType>
        <title>Recognizing Hispanic Heritage Month and celebrating the heritage and culture of Latinos in the United States and the immense contributions of Latinos to the United States.</title>
      </item>
      <item>
        <parentTitleType />
        <chamberCode />
        <chamberName />
        <titleType>Display Title</titleType>
        <title>Recognizing Hispanic Heritage Month and celebrating the heritage and culture of Latinos in the United States and the immense contributions of Latinos to the United States.</title>
      </item>
    </titles>
    <laws />
    <amendments />
    <createDate>2015-09-18T09:22:47Z</createDate>
    <updateDate>2017-01-11T14:31:30Z</updateDate>
    <relatedBills>
      <item>
        <congress>114</congress>
        <type>SRES</type>
        <number>254</number>
        <latestAction>
          <text>Submitted in the Senate, considered, and agreed to without amendment and with a preamble by Unanimous Consent. (consideration: CR S6660; text as passed Senate: CR S6657)</text>
          <actionDate>2015-09-15</actionDate>
        </latestAction>
        <relationshipDetails>
          <item>
            <type>Related bill</type>
            <identifiedBy>CRS</identifiedBy>
          </item>
        </relationshipDetails>
        <latestTitle>A resolution recognizing Hispanic Heritage Month and celebrating the heritage and culture of Latinos in the United States and the immense contributions of Latinos to the United States.</latestTitle>
      </item>
      <item>
        <congress>114</congress>
        <type>HRES</type>
        <number>885</number>
        <latestAction>
          <text>Referred to the House Committee on Oversight and Government Reform.</text>
          <actionDate>2016-09-22</actionDate>
        </latestAction>
        <relationshipDetails>
          <item>
            <type>Identical bill</type>
            <identifiedBy>CRS</identifiedBy>
          </item>
        </relationshipDetails>
        <latestTitle>Recognizing Hispanic Heritage Month and celebrating the heritage and culture of Latinos in the United States and the immense contributions of Latinos and Latinas to the United States.</latestTitle>
      </item>
      <item>
        <congress>114</congress>
        <type>SRES</type>
        <number>574</number>
        <latestAction>
          <text>Submitted in the Senate, considered, and agreed to without amendment and with a preamble by Unanimous Consent. (consideration: CR S6089; text as passed Senate: CR S6082-6083)</text>
          <actionDate>2016-09-26</actionDate>
        </latestAction>
        <relationshipDetails>
          <item>
            <type>Related bill</type>
            <identifiedBy>CRS</identifiedBy>
          </item>
        </relationshipDetails>
        <latestTitle>A resolution recognizing Hispanic Heritage Month and celebrating the heritage and culture of Latinos in the United States and the immense contributions of Latinos and Latinas to the United States.</latestTitle>
      </item>
    </relatedBills>
    <subjects>
      <billSubjects>
        <legislativeSubjects>
          <item>
            <name>Commemorative events and holidays</name>
          </item>
          <item>
            <name>Congressional tributes</name>
          </item>
          <item>
            <name>Historical and cultural resources</name>
          </item>
          <item>
            <name>Racial and ethnic relations</name>
          </item>
        </legislativeSubjects>
        <policyArea>
          <name>Civil Rights and Liberties, Minority Issues</name>
        </policyArea>
      </billSubjects>
    </subjects>
    <billType>HRES</billType>
    <introducedDate>2015-09-17</introducedDate>
    <sponsors>
      <item>
        <byRequestType />
        <firstName>Tony</firstName>
        <state>CA</state>
        <district>29</district>
        <bioguideId>C001097</bioguideId>
        <lastName>Cardenas</lastName>
        <fullName>Rep. Cardenas, Tony [D-CA-29]</fullName>
        <party>D</party>
        <identifiers>
          <bioguideId>C001097</bioguideId>
          <lisID>2107</lisID>
          <gpoId />
        </identifiers>
        <middleName />
      </item>
    </sponsors>
    <recordedVotes />
    <originChamber>House</originChamber>
    <calendarNumbers />
    <congress>114</congress>
    <title>Recognizing Hispanic Heritage Month and celebrating the heritage and culture of Latinos in the United States and the immense contributions of Latinos to the United States.</title>
    <cboCostEstimates />
    <actions>
      <actionByCounts>
        <houseOfRepresentatives>3</houseOfRepresentatives>
      </actionByCounts>
      <item>
        <actionDate>2015-09-17</actionDate>
        <type>IntroReferral</type>
        <actionCode>H11100</actionCode>
        <committee>
          <name>Oversight and Government Reform Committee</name>
          <systemCode>hsgo00</systemCode>
        </committee>
        <text>Referred to the House Committee on Oversight and Government Reform.</text>
        <sourceSystem>
          <name>House floor actions</name>
          <code>2</code>
        </sourceSystem>
        <links />
      </item>
      <item>
        <actionDate>2015-09-17</actionDate>
        <type>IntroReferral</type>
        <actionCode>Intro-H</actionCode>
        <committee />
        <text>Introduced in House</text>
        <sourceSystem>
          <name>Library of Congress</name>
          <code>9</code>
        </sourceSystem>
        <links />
      </item>
      <item>
        <actionDate>2015-09-17</actionDate>
        <type>IntroReferral</type>
        <actionCode>1000</actionCode>
        <committee />
        <text>Introduced in House</text>
        <sourceSystem>
          <name>Library of Congress</name>
          <code>9</code>
        </sourceSystem>
        <links />
      </item>
      <actionTypeCounts>
        <billReferrals>1</billReferrals>
        <introducedInTheHouse>1</introducedInTheHouse>
        <introducedInHouse>1</introducedInHouse>
      </actionTypeCounts>
    </actions>
    <latestAction>
      <actionDate>2015-09-17</actionDate>
      <text>Referred to the House Committee on Oversight and Government Reform.</text>
      <links />
    </latestAction>
    <committeeReports />
    <notes />
    <committees>
      <billCommittees>
        <item>
          <chamber>House</chamber>
          <subcommittees />
          <type>Standing</type>
          <name>Oversight and Government Reform Committee</name>
          <activities>
            <item>
              <name>Referred to</name>
              <date>2015-09-17T14:02:05Z</date>
            </item>
          </activities>
          <systemCode>hsgo00</systemCode>
        </item>
      </billCommittees>
    </committees>
    <billNumber>426</billNumber>
    <constitutionalAuthorityStatementText />
    <policyArea>
      <name>Civil Rights and Liberties, Minority Issues</name>
    </policyArea>
    <summaries>
      <billSummaries>
        <item>
          <actionDesc>Introduced in House</actionDesc>
          <text><![CDATA[<p>Recognizes the celebration of Hispanic Heritage Month.</p> <p>Esteems the integral role of Latinos and their manifold heritage in the economy, culture, and identity of the United States. </p>]]></text>
          <versionCode>00</versionCode>
          <lastSummaryUpdateDate>2015-09-18T20:06:03Z</lastSummaryUpdateDate>
          <updateDate>2015-09-17T04:00:00Z</updateDate>
          <actionDate>2015-09-17</actionDate>
          <name>Introduced in House</name>
        </item>
      </billSummaries>
    </summaries>
  </bill>
  <dublinCore xmlns:dc="http://purl.org/dc/elements/1.1/">
    <dc:format>text/xml</dc:format>
    <dc:language>EN</dc:language>
    <dc:rights>Pursuant to Title 17 Section 105 of the United States Code, this file is not subject to copyright protection and is in the public domain.</dc:rights>
    <dc:contributor>Congressional Research Service, Library of Congress</dc:contributor>
    <dc:description>This file contains bill summaries and statuses for federal legislation. A bill summary describes the most significant provisions of a piece of legislation and details the effects the legislative text may have on current law and federal programs. Bill summaries are authored by the Congressional Research Service (CRS) of the Library of Congress. As stated in Public Law 91-510 (2 USC 166 (d)(6)), one of the duties of CRS is "to prepare summaries and digests of bills and resolutions of a public general nature introduced in the Senate or House of Representatives". For more information, refer to the User Guide that accompanies this file.</dc:description>
  </dublinCore>
</billStatus>

