<?xml version="1.0" encoding="UTF-8"?>
<billStatus>
  <bill>
    <constitutionalAuthorityStatementText />
    <billType>HRES</billType>
    <summaries>
      <billSummaries>
        <item>
          <lastSummaryUpdateDate>2016-02-26T19:36:03Z</lastSummaryUpdateDate>
          <actionDate>2016-02-04</actionDate>
          <actionDesc>Introduced in House</actionDesc>
          <updateDate>2016-02-04T05:00:00Z</updateDate>
          <text><![CDATA[<p>Elects specified Members to the following House Committees: (1) the Budget, and (2) Transportation and Infrastructure. </p>]]></text>
          <versionCode>00</versionCode>
          <name>Introduced in House</name>
        </item>
        <item>
          <lastSummaryUpdateDate>2016-02-26T22:14:00Z</lastSummaryUpdateDate>
          <actionDate>2016-02-04</actionDate>
          <actionDesc>Passed House without amendment</actionDesc>
          <updateDate>2016-02-04T13:10:34Z</updateDate>
          <text><![CDATA[<p>(This measure has not been amended since it was introduced. The summary of that version is repeated here.)</p> <p>Elects specified Members to the following House Committees: (1) the Budget, and (2) Transportation and Infrastructure. </p>]]></text>
          <versionCode>81</versionCode>
          <name>Passed House without amendment</name>
        </item>
      </billSummaries>
    </summaries>
    <titles>
      <item>
        <chamberCode />
        <titleType>Official Title as Introduced</titleType>
        <title>Electing certain Members to standing committees of the House of Representatives.</title>
        <chamberName />
        <parentTitleType />
      </item>
      <item>
        <chamberCode />
        <titleType>Display Title</titleType>
        <title>Electing certain Members to standing committees of the House of Representatives.</title>
        <chamberName />
        <parentTitleType />
      </item>
    </titles>
    <relatedBills />
    <calendarNumbers />
    <recordedVotes />
    <cboCostEstimates />
    <actions>
      <actionTypeCounts>
        <introducedInTheHouse>1</introducedInTheHouse>
        <considerationByHouse>1</considerationByHouse>
        <introducedInHouse>1</introducedInHouse>
        <passedAgreedToInHouse>1</passedAgreedToInHouse>
        <motionToReconsiderResults>1</motionToReconsiderResults>
        <passageOfAMeasure>1</passageOfAMeasure>
      </actionTypeCounts>
      <actionByCounts>
        <houseOfRepresentatives>6</houseOfRepresentatives>
      </actionByCounts>
      <item>
        <actionDate>2016-02-04</actionDate>
        <text>Motion to reconsider laid on the table Agreed to without objection.</text>
        <sourceSystem>
          <name>House floor actions</name>
          <code>2</code>
        </sourceSystem>
        <actionTime>12:20:39</actionTime>
        <links />
        <committee />
        <actionCode>H38310</actionCode>
        <type>Floor</type>
      </item>
      <item>
        <actionDate>2016-02-04</actionDate>
        <text>On agreeing to the resolution Agreed to without objection. (text: CR H584)</text>
        <sourceSystem>
          <name>House floor actions</name>
          <code>2</code>
        </sourceSystem>
        <actionTime>12:20:31</actionTime>
        <links>
          <link>
            <name>H584</name>
            <url>https://www.congress.gov/congressional-record/volume-162/house-section/page/H584</url>
          </link>
        </links>
        <committee />
        <actionCode>H37100</actionCode>
        <type>Floor</type>
      </item>
      <item>
        <actionDate>2016-02-04</actionDate>
        <text>Passed/agreed to in House: On agreeing to the resolution Agreed to without objection.(text: CR H584)</text>
        <sourceSystem>
          <name>Library of Congress</name>
          <code>9</code>
        </sourceSystem>
        <actionTime>12:20:31</actionTime>
        <links>
          <link>
            <name>H584</name>
            <url>https://www.congress.gov/congressional-record/volume-162/house-section/page/H584</url>
          </link>
        </links>
        <committee />
        <actionCode>8000</actionCode>
        <type>Floor</type>
      </item>
      <item>
        <actionDate>2016-02-04</actionDate>
        <text>Considered as privileged matter. (consideration: CR H584)</text>
        <sourceSystem>
          <name>House floor actions</name>
          <code>2</code>
        </sourceSystem>
        <actionTime>12:20:09</actionTime>
        <links>
          <link>
            <name>H584</name>
            <url>https://www.congress.gov/congressional-record/volume-162/house-section/page/H584</url>
          </link>
        </links>
        <committee />
        <actionCode>H30000</actionCode>
        <type>Floor</type>
      </item>
      <item>
        <actionDate>2016-02-04</actionDate>
        <text>Introduced in House</text>
        <sourceSystem>
          <name>Library of Congress</name>
          <code>9</code>
        </sourceSystem>
        <committee />
        <links />
        <actionCode>Intro-H</actionCode>
        <type>IntroReferral</type>
      </item>
      <item>
        <actionDate>2016-02-04</actionDate>
        <text>Introduced in House</text>
        <sourceSystem>
          <name>Library of Congress</name>
          <code>9</code>
        </sourceSystem>
        <committee />
        <links />
        <actionCode>1000</actionCode>
        <type>IntroReferral</type>
      </item>
    </actions>
    <originChamber>House</originChamber>
    <updateDate>2017-01-17T13:05:12Z</updateDate>
    <laws />
    <createDate>2016-02-05T05:14:16Z</createDate>
    <notes />
    <committees>
      <billCommittees />
    </committees>
    <congress>114</congress>
    <amendments />
    <cosponsors />
    <billNumber>602</billNumber>
    <sponsors>
      <item>
        <middleName />
        <district>32</district>
        <fullName>Rep. Sessions, Pete [R-TX-32]</fullName>
        <firstName>PETE</firstName>
        <bioguideId>S000250</bioguideId>
        <lastName>SESSIONS</lastName>
        <party>R</party>
        <state>TX</state>
        <identifiers>
          <lisID>1525</lisID>
          <bioguideId>S000250</bioguideId>
          <gpoId>8188</gpoId>
        </identifiers>
        <byRequestType />
      </item>
    </sponsors>
    <introducedDate>2016-02-04</introducedDate>
    <committeeReports />
    <policyArea>
      <name>Congress</name>
    </policyArea>
    <title>Electing certain Members to standing committees of the House of Representatives.</title>
    <subjects>
      <billSubjects>
        <policyArea>
          <name>Congress</name>
        </policyArea>
        <legislativeSubjects>
          <item>
            <name>Congressional committees</name>
          </item>
          <item>
            <name>House Committee on Transportation and Infrastructure</name>
          </item>
          <item>
            <name>House Committee on the Budget</name>
          </item>
          <item>
            <name>House of Representatives</name>
          </item>
          <item>
            <name>Members of Congress</name>
          </item>
        </legislativeSubjects>
      </billSubjects>
    </subjects>
    <latestAction>
      <links />
      <text>Motion to reconsider laid on the table Agreed to without objection.</text>
      <actionTime>12:20:39</actionTime>
      <actionDate>2016-02-04</actionDate>
    </latestAction>
  </bill>
  <dublinCore xmlns:dc="http://purl.org/dc/elements/1.1/">
    <dc:format>text/xml</dc:format>
    <dc:language>EN</dc:language>
    <dc:rights>Pursuant to Title 17 Section 105 of the United States Code, this file is not subject to copyright protection and is in the public domain.</dc:rights>
    <dc:contributor>Congressional Research Service, Library of Congress</dc:contributor>
    <dc:description>This file contains bill summaries and statuses for federal legislation. A bill summary describes the most significant provisions of a piece of legislation and details the effects the legislative text may have on current law and federal programs. Bill summaries are authored by the Congressional Research Service (CRS) of the Library of Congress. As stated in Public Law 91-510 (2 USC 166 (d)(6)), one of the duties of CRS is "to prepare summaries and digests of bills and resolutions of a public general nature introduced in the Senate or House of Representatives". For more information, refer to the User Guide that accompanies this file.</dc:description>
  </dublinCore>
</billStatus>

