<?xml version="1.0" encoding="UTF-8"?>
<billStatus>
  <bill>
    <updateDate>2017-01-17T12:34:36Z</updateDate>
    <relatedBills />
    <laws />
    <committees>
      <billCommittees>
        <item>
          <chamber>House</chamber>
          <name>Judiciary Committee</name>
          <systemCode>hsju00</systemCode>
          <type>Standing</type>
          <subcommittees>
            <item>
              <systemCode>hsju10</systemCode>
              <name>Constitution and Civil Justice Subcommittee</name>
              <activities>
                <item>
                  <date>2015-11-23T14:02:52Z</date>
                  <name>Referred to</name>
                </item>
              </activities>
            </item>
          </subcommittees>
          <activities>
            <item>
              <date>2015-10-29T13:02:00Z</date>
              <name>Referred to</name>
            </item>
          </activities>
        </item>
        <item>
          <chamber>House</chamber>
          <name>Ways and Means Committee</name>
          <systemCode>hswm00</systemCode>
          <type>Standing</type>
          <subcommittees>
            <item>
              <systemCode>hswm03</systemCode>
              <name>Human Resources Subcommittee</name>
              <activities>
                <item>
                  <date>2015-10-29T19:18:29Z</date>
                  <name>Referred to</name>
                </item>
              </activities>
            </item>
          </subcommittees>
          <activities>
            <item>
              <date>2015-10-29T13:01:40Z</date>
              <name>Referred to</name>
            </item>
          </activities>
        </item>
        <item>
          <chamber>House</chamber>
          <name>Oversight and Government Reform Committee</name>
          <systemCode>hsgo00</systemCode>
          <type>Standing</type>
          <subcommittees />
          <activities>
            <item>
              <date>2015-10-29T13:01:50Z</date>
              <name>Referred to</name>
            </item>
          </activities>
        </item>
        <item>
          <chamber>House</chamber>
          <name>House Administration Committee</name>
          <systemCode>hsha00</systemCode>
          <type>Standing</type>
          <subcommittees />
          <activities>
            <item>
              <date>2015-10-29T13:01:45Z</date>
              <name>Referred to</name>
            </item>
          </activities>
        </item>
        <item>
          <chamber>House</chamber>
          <name>Education and the Workforce Committee</name>
          <systemCode>hsed00</systemCode>
          <type>Standing</type>
          <subcommittees />
          <activities>
            <item>
              <date>2015-10-29T13:01:35Z</date>
              <name>Referred to</name>
            </item>
          </activities>
        </item>
      </billCommittees>
    </committees>
    <amendments />
    <constitutionalAuthorityStatementText />
    <subjects>
      <billSubjects>
        <legislativeSubjects>
          <item>
            <name>Child care and development</name>
          </item>
          <item>
            <name>Employee leave</name>
          </item>
          <item>
            <name>Employment discrimination and employee rights</name>
          </item>
          <item>
            <name>Labor standards</name>
          </item>
          <item>
            <name>Labor-management relations</name>
          </item>
          <item>
            <name>Legislative rules and procedure</name>
          </item>
          <item>
            <name>Preschool education</name>
          </item>
          <item>
            <name>Sex, gender, sexual orientation discrimination</name>
          </item>
          <item>
            <name>Wages and earnings</name>
          </item>
          <item>
            <name>Women's employment</name>
          </item>
          <item>
            <name>Women's health</name>
          </item>
          <item>
            <name>Women's rights</name>
          </item>
          <item>
            <name>Worker safety and health</name>
          </item>
        </legislativeSubjects>
        <policyArea>
          <name>Labor and Employment</name>
        </policyArea>
      </billSubjects>
    </subjects>
    <billType>HRES</billType>
    <titles>
      <item>
        <chamberName />
        <chamberCode />
        <titleType>Official Title as Introduced</titleType>
        <parentTitleType />
        <title>Expressing the sense of the House of Representatives in support of considering legislation that would reinforce the goals of the working families agenda.</title>
      </item>
      <item>
        <chamberName />
        <chamberCode />
        <titleType>Display Title</titleType>
        <parentTitleType />
        <title>Expressing the sense of the House of Representatives in support of considering legislation that would reinforce the goals of the working families agenda.</title>
      </item>
    </titles>
    <sponsors>
      <item>
        <byRequestType />
        <lastName>Scott</lastName>
        <firstName>Robert</firstName>
        <state>VA</state>
        <party>D</party>
        <bioguideId>S000185</bioguideId>
        <middleName>C. "Bobby"</middleName>
        <identifiers>
          <lisID>1037</lisID>
          <bioguideId>S000185</bioguideId>
          <gpoId>8194</gpoId>
        </identifiers>
        <fullName>Rep. Scott, Robert C. "Bobby" [D-VA-3]</fullName>
        <district>3</district>
      </item>
    </sponsors>
    <calendarNumbers />
    <congress>114</congress>
    <committeeReports />
    <cosponsors>
      <item>
        <middleName />
        <state>CT</state>
        <fullName>Rep. DeLauro, Rosa L. [D-CT-3]</fullName>
        <bioguideId>D000216</bioguideId>
        <isOriginalCosponsor>True</isOriginalCosponsor>
        <sponsorshipDate>2015-10-29</sponsorshipDate>
        <sponsorshipWithdrawnDate />
        <party>D</party>
        <firstName>ROSA</firstName>
        <lastName>DELAURO</lastName>
        <district>3</district>
        <identifiers>
          <gpoId>7868</gpoId>
          <lisID>281</lisID>
          <bioguideId>D000216</bioguideId>
        </identifiers>
      </item>
      <item>
        <middleName>F.</middleName>
        <state>MD</state>
        <fullName>Rep. Edwards, Donna F. [D-MD-4]</fullName>
        <bioguideId>E000290</bioguideId>
        <isOriginalCosponsor>True</isOriginalCosponsor>
        <sponsorshipDate>2015-10-29</sponsorshipDate>
        <sponsorshipWithdrawnDate />
        <party>D</party>
        <firstName>Donna</firstName>
        <lastName>Edwards</lastName>
        <district>4</district>
        <identifiers>
          <lisID>1894</lisID>
          <bioguideId>E000290</bioguideId>
          <gpoId>7979</gpoId>
        </identifiers>
      </item>
      <item>
        <middleName>T.</middleName>
        <state>CA</state>
        <fullName>Rep. Sanchez, Linda T. [D-CA-38]</fullName>
        <bioguideId>S001156</bioguideId>
        <isOriginalCosponsor>True</isOriginalCosponsor>
        <sponsorshipDate>2015-10-29</sponsorshipDate>
        <sponsorshipWithdrawnDate />
        <party>D</party>
        <firstName>LINDA</firstName>
        <lastName>SANCHEZ</lastName>
        <district>38</district>
        <identifiers>
          <gpoId>7844</gpoId>
          <lisID>1757</lisID>
          <bioguideId>S001156</bioguideId>
        </identifiers>
      </item>
      <item>
        <middleName />
        <state>CA</state>
        <fullName>Rep. Chu, Judy [D-CA-27]</fullName>
        <bioguideId>C001080</bioguideId>
        <isOriginalCosponsor>True</isOriginalCosponsor>
        <sponsorshipDate>2015-10-29</sponsorshipDate>
        <sponsorshipWithdrawnDate />
        <party>D</party>
        <firstName>Judy</firstName>
        <lastName>Chu</lastName>
        <district>27</district>
        <identifiers>
          <bioguideId>C001080</bioguideId>
          <lisID>1970</lisID>
          <gpoId>7837</gpoId>
        </identifiers>
      </item>
      <item>
        <middleName />
        <state>MN</state>
        <fullName>Rep. Ellison, Keith [D-MN-5]</fullName>
        <bioguideId>E000288</bioguideId>
        <isOriginalCosponsor>True</isOriginalCosponsor>
        <sponsorshipDate>2015-10-29</sponsorshipDate>
        <sponsorshipWithdrawnDate />
        <party>D</party>
        <firstName>Keith</firstName>
        <lastName>Ellison</lastName>
        <district>5</district>
        <identifiers>
          <gpoId>8005</gpoId>
          <lisID>1857</lisID>
          <bioguideId>E000288</bioguideId>
        </identifiers>
      </item>
      <item>
        <middleName>M.</middleName>
        <state>AZ</state>
        <fullName>Rep. Grijalva, Raul M. [D-AZ-3]</fullName>
        <bioguideId>G000551</bioguideId>
        <isOriginalCosponsor>True</isOriginalCosponsor>
        <sponsorshipDate>2015-10-29</sponsorshipDate>
        <sponsorshipWithdrawnDate />
        <party>D</party>
        <firstName>Raul</firstName>
        <lastName>Grijalva</lastName>
        <district>3</district>
        <identifiers>
          <gpoId>7804</gpoId>
          <bioguideId>G000551</bioguideId>
          <lisID>1708</lisID>
        </identifiers>
      </item>
      <item>
        <middleName />
        <state>FL</state>
        <fullName>Rep. Frankel, Lois [D-FL-22]</fullName>
        <bioguideId>F000462</bioguideId>
        <isOriginalCosponsor>True</isOriginalCosponsor>
        <sponsorshipDate>2015-10-29</sponsorshipDate>
        <sponsorshipWithdrawnDate />
        <party>D</party>
        <firstName>Lois</firstName>
        <lastName>Frankel</lastName>
        <district>22</district>
        <identifiers>
          <gpoId />
          <bioguideId>F000462</bioguideId>
          <lisID>2119</lisID>
        </identifiers>
      </item>
      <item>
        <middleName>O.</middleName>
        <state>CA</state>
        <fullName>Rep. Matsui, Doris O. [D-CA-6]</fullName>
        <bioguideId>M001163</bioguideId>
        <isOriginalCosponsor>True</isOriginalCosponsor>
        <sponsorshipDate>2015-10-29</sponsorshipDate>
        <sponsorshipWithdrawnDate />
        <party>D</party>
        <firstName>Doris</firstName>
        <lastName>Matsui</lastName>
        <district>6</district>
        <identifiers>
          <lisID>1814</lisID>
          <gpoId>7810</gpoId>
          <bioguideId>M001163</bioguideId>
        </identifiers>
      </item>
      <item>
        <middleName>S.</middleName>
        <state>FL</state>
        <fullName>Rep. Wilson, Frederica S. [D-FL-24]</fullName>
        <bioguideId>W000808</bioguideId>
        <isOriginalCosponsor>True</isOriginalCosponsor>
        <sponsorshipDate>2015-10-29</sponsorshipDate>
        <sponsorshipWithdrawnDate />
        <party>D</party>
        <firstName>Frederica</firstName>
        <lastName>Wilson</lastName>
        <district>24</district>
        <identifiers>
          <lisID>2004</lisID>
          <bioguideId>W000808</bioguideId>
          <gpoId>7889</gpoId>
        </identifiers>
      </item>
      <item>
        <middleName />
        <state>NY</state>
        <fullName>Rep. Nadler, Jerrold [D-NY-10]</fullName>
        <bioguideId>N000002</bioguideId>
        <isOriginalCosponsor>True</isOriginalCosponsor>
        <sponsorshipDate>2015-10-29</sponsorshipDate>
        <sponsorshipWithdrawnDate />
        <party>D</party>
        <firstName>JERROLD</firstName>
        <lastName>NADLER</lastName>
        <district>10</district>
        <identifiers>
          <bioguideId>N000002</bioguideId>
          <lisID>850</lisID>
          <gpoId>8069</gpoId>
        </identifiers>
      </item>
      <item>
        <middleName>N.</middleName>
        <state>RI</state>
        <fullName>Rep. Cicilline, David N. [D-RI-1]</fullName>
        <bioguideId>C001084</bioguideId>
        <isOriginalCosponsor>True</isOriginalCosponsor>
        <sponsorshipDate>2015-10-29</sponsorshipDate>
        <sponsorshipWithdrawnDate />
        <party>D</party>
        <firstName>David</firstName>
        <lastName>Cicilline</lastName>
        <district>1</district>
        <identifiers>
          <lisID>2055</lisID>
          <bioguideId>C001084</bioguideId>
          <gpoId>8139</gpoId>
        </identifiers>
      </item>
      <item>
        <middleName />
        <state>WI</state>
        <fullName>Rep. Pocan, Mark [D-WI-2]</fullName>
        <bioguideId>P000607</bioguideId>
        <isOriginalCosponsor>True</isOriginalCosponsor>
        <sponsorshipDate>2015-10-29</sponsorshipDate>
        <sponsorshipWithdrawnDate />
        <party>D</party>
        <firstName>Mark</firstName>
        <lastName>Pocan</lastName>
        <district>2</district>
        <identifiers>
          <lisID>2171</lisID>
          <bioguideId>P000607</bioguideId>
          <gpoId />
        </identifiers>
      </item>
      <item>
        <middleName />
        <state>CO</state>
        <fullName>Rep. Polis, Jared [D-CO-2]</fullName>
        <bioguideId>P000598</bioguideId>
        <isOriginalCosponsor>True</isOriginalCosponsor>
        <sponsorshipDate>2015-10-29</sponsorshipDate>
        <sponsorshipWithdrawnDate />
        <party>D</party>
        <firstName>Jared</firstName>
        <lastName>Polis</lastName>
        <district>2</district>
        <identifiers>
          <lisID>1910</lisID>
          <bioguideId>P000598</bioguideId>
          <gpoId>7860</gpoId>
        </identifiers>
      </item>
      <item>
        <middleName>M.</middleName>
        <state>MA</state>
        <fullName>Rep. Clark, Katherine M. [D-MA-5]</fullName>
        <bioguideId>C001101</bioguideId>
        <isOriginalCosponsor>True</isOriginalCosponsor>
        <sponsorshipDate>2015-10-29</sponsorshipDate>
        <sponsorshipWithdrawnDate />
        <party>D</party>
        <firstName>Katherine</firstName>
        <lastName>Clark</lastName>
        <district>5</district>
        <identifiers>
          <lisID>2196</lisID>
          <bioguideId>C001101</bioguideId>
          <gpoId />
        </identifiers>
      </item>
      <item>
        <middleName />
        <state>OR</state>
        <fullName>Rep. Bonamici, Suzanne [D-OR-1]</fullName>
        <bioguideId>B001278</bioguideId>
        <isOriginalCosponsor>True</isOriginalCosponsor>
        <sponsorshipDate>2015-10-29</sponsorshipDate>
        <sponsorshipWithdrawnDate />
        <party>D</party>
        <firstName>Suzanne</firstName>
        <lastName>Bonamici</lastName>
        <district>1</district>
        <identifiers>
          <gpoId>8367</gpoId>
          <lisID>2092</lisID>
          <bioguideId>B001278</bioguideId>
        </identifiers>
      </item>
      <item>
        <middleName />
        <state>CT</state>
        <fullName>Rep. Courtney, Joe [D-CT-2]</fullName>
        <bioguideId>C001069</bioguideId>
        <isOriginalCosponsor>True</isOriginalCosponsor>
        <sponsorshipDate>2015-10-29</sponsorshipDate>
        <sponsorshipWithdrawnDate />
        <party>D</party>
        <firstName>Joe</firstName>
        <lastName>Courtney</lastName>
        <district>2</district>
        <identifiers>
          <gpoId>7867</gpoId>
          <lisID>1836</lisID>
          <bioguideId>C001069</bioguideId>
        </identifiers>
      </item>
      <item>
        <middleName>A.</middleName>
        <state>CA</state>
        <fullName>Rep. Davis, Susan A. [D-CA-53]</fullName>
        <bioguideId>D000598</bioguideId>
        <isOriginalCosponsor>True</isOriginalCosponsor>
        <sponsorshipDate>2015-10-29</sponsorshipDate>
        <sponsorshipWithdrawnDate />
        <party>D</party>
        <firstName>SUSAN</firstName>
        <lastName>DAVIS</lastName>
        <district>53</district>
        <identifiers>
          <gpoId>7858</gpoId>
          <bioguideId>D000598</bioguideId>
          <lisID>1641</lisID>
        </identifiers>
      </item>
      <item>
        <middleName />
        <state>CA</state>
        <fullName>Rep. DeSaulnier, Mark [D-CA-11]</fullName>
        <bioguideId>D000623</bioguideId>
        <isOriginalCosponsor>True</isOriginalCosponsor>
        <sponsorshipDate>2015-10-29</sponsorshipDate>
        <sponsorshipWithdrawnDate />
        <party>D</party>
        <firstName>Mark</firstName>
        <lastName>DeSaulnier</lastName>
        <district>11</district>
        <identifiers>
          <bioguideId>D000623</bioguideId>
          <gpoId />
          <lisID>2227</lisID>
        </identifiers>
      </item>
      <item>
        <middleName>L.</middleName>
        <state>OH</state>
        <fullName>Rep. Fudge, Marcia L. [D-OH-11]</fullName>
        <bioguideId>F000455</bioguideId>
        <isOriginalCosponsor>True</isOriginalCosponsor>
        <sponsorshipDate>2015-10-29</sponsorshipDate>
        <sponsorshipWithdrawnDate />
        <party>D</party>
        <firstName>Marcia</firstName>
        <lastName>Fudge</lastName>
        <district>11</district>
        <identifiers>
          <gpoId>8101</gpoId>
          <bioguideId>F000455</bioguideId>
          <lisID>1895</lisID>
        </identifiers>
      </item>
      <item>
        <middleName />
        <state>TX</state>
        <fullName>Rep. Hinojosa, Ruben [D-TX-15]</fullName>
        <bioguideId>H000636</bioguideId>
        <isOriginalCosponsor>True</isOriginalCosponsor>
        <sponsorshipDate>2015-10-29</sponsorshipDate>
        <sponsorshipWithdrawnDate />
        <party>D</party>
        <firstName>RUBEN</firstName>
        <lastName>HINOJOSA</lastName>
        <district>15</district>
        <identifiers>
          <gpoId>8171</gpoId>
          <lisID>1490</lisID>
          <bioguideId>H000636</bioguideId>
        </identifiers>
      </item>
      <item>
        <middleName>S.</middleName>
        <state>NY</state>
        <fullName>Rep. Jeffries, Hakeem S. [D-NY-8]</fullName>
        <bioguideId>J000294</bioguideId>
        <isOriginalCosponsor>True</isOriginalCosponsor>
        <sponsorshipDate>2015-10-29</sponsorshipDate>
        <sponsorshipWithdrawnDate />
        <party>D</party>
        <firstName>Hakeem</firstName>
        <lastName>Jeffries</lastName>
        <district>8</district>
        <identifiers>
          <lisID>2149</lisID>
          <gpoId />
          <bioguideId>J000294</bioguideId>
        </identifiers>
      </item>
      <item>
        <middleName>Kilili Camacho</middleName>
        <state>MP</state>
        <fullName>Rep. Sablan, Gregorio Kilili Camacho [D-MP-At Large]</fullName>
        <bioguideId>S001177</bioguideId>
        <isOriginalCosponsor>True</isOriginalCosponsor>
        <sponsorshipDate>2015-10-29</sponsorshipDate>
        <sponsorshipWithdrawnDate />
        <party>D</party>
        <firstName>Gregorio</firstName>
        <lastName>Sablan</lastName>
        <district>0</district>
        <identifiers>
          <lisID>1962</lisID>
          <bioguideId>S001177</bioguideId>
          <gpoId>8018</gpoId>
        </identifiers>
      </item>
      <item>
        <middleName />
        <state>CA</state>
        <fullName>Rep. Takano, Mark [D-CA-41]</fullName>
        <bioguideId>T000472</bioguideId>
        <isOriginalCosponsor>True</isOriginalCosponsor>
        <sponsorshipDate>2015-10-29</sponsorshipDate>
        <sponsorshipWithdrawnDate />
        <party>D</party>
        <firstName>Mark</firstName>
        <lastName>Takano</lastName>
        <district>41</district>
        <identifiers>
          <lisID>2110</lisID>
          <bioguideId>T000472</bioguideId>
          <gpoId />
        </identifiers>
      </item>
      <item>
        <middleName>S.</middleName>
        <state>VA</state>
        <fullName>Rep. Beyer, Donald S., Jr. [D-VA-8]</fullName>
        <bioguideId>B001292</bioguideId>
        <isOriginalCosponsor>True</isOriginalCosponsor>
        <sponsorshipDate>2015-10-29</sponsorshipDate>
        <sponsorshipWithdrawnDate />
        <party>D</party>
        <firstName>Donald</firstName>
        <lastName>Beyer</lastName>
        <district>8</district>
        <identifiers>
          <gpoId />
          <lisID>2272</lisID>
          <bioguideId>B001292</bioguideId>
        </identifiers>
      </item>
      <item>
        <middleName>V.</middleName>
        <state>IL</state>
        <fullName>Rep. Gutierrez, Luis V. [D-IL-4]</fullName>
        <bioguideId>G000535</bioguideId>
        <isOriginalCosponsor>True</isOriginalCosponsor>
        <sponsorshipDate>2015-10-29</sponsorshipDate>
        <sponsorshipWithdrawnDate />
        <party>D</party>
        <firstName>LUIS</firstName>
        <lastName>GUTIERREZ</lastName>
        <district>4</district>
        <identifiers>
          <bioguideId>G000535</bioguideId>
          <lisID>478</lisID>
          <gpoId>7924</gpoId>
        </identifiers>
      </item>
      <item>
        <middleName />
        <state>NJ</state>
        <fullName>Rep. Watson Coleman, Bonnie [D-NJ-12]</fullName>
        <bioguideId>W000822</bioguideId>
        <isOriginalCosponsor>True</isOriginalCosponsor>
        <sponsorshipDate>2015-10-29</sponsorshipDate>
        <sponsorshipWithdrawnDate />
        <party>D</party>
        <firstName>Bonnie</firstName>
        <lastName>Watson Coleman</lastName>
        <district>12</district>
        <identifiers>
          <lisID>2259</lisID>
          <bioguideId>W000822</bioguideId>
          <gpoId />
        </identifiers>
      </item>
      <item>
        <middleName />
        <state>CA</state>
        <fullName>Rep. Lee, Barbara [D-CA-13]</fullName>
        <bioguideId>L000551</bioguideId>
        <isOriginalCosponsor>True</isOriginalCosponsor>
        <sponsorshipDate>2015-10-29</sponsorshipDate>
        <sponsorshipWithdrawnDate />
        <party>D</party>
        <firstName>BARBARA</firstName>
        <lastName>LEE</lastName>
        <district>13</district>
        <identifiers>
          <lisID>1501</lisID>
          <bioguideId>L000551</bioguideId>
          <gpoId>7814</gpoId>
        </identifiers>
      </item>
      <item>
        <middleName />
        <state>AZ</state>
        <fullName>Rep. Kirkpatrick, Ann [D-AZ-1]</fullName>
        <bioguideId>K000368</bioguideId>
        <isOriginalCosponsor>True</isOriginalCosponsor>
        <sponsorshipDate>2015-10-29</sponsorshipDate>
        <sponsorshipWithdrawnDate />
        <party>D</party>
        <firstName>Ann</firstName>
        <lastName>Kirkpatrick</lastName>
        <district>1</district>
        <identifiers>
          <lisID>1907</lisID>
          <bioguideId>K000368</bioguideId>
          <gpoId>7220</gpoId>
        </identifiers>
      </item>
      <item>
        <middleName />
        <state>FL</state>
        <fullName>Rep. Grayson, Alan [D-FL-9]</fullName>
        <bioguideId>G000556</bioguideId>
        <isOriginalCosponsor>True</isOriginalCosponsor>
        <sponsorshipDate>2015-10-29</sponsorshipDate>
        <sponsorshipWithdrawnDate />
        <party>D</party>
        <firstName>Alan</firstName>
        <lastName>Grayson</lastName>
        <district>9</district>
        <identifiers>
          <lisID>1914</lisID>
          <bioguideId>G000556</bioguideId>
          <gpoId>7302</gpoId>
        </identifiers>
      </item>
      <item>
        <middleName />
        <state>OH</state>
        <fullName>Rep. Kaptur, Marcy [D-OH-9]</fullName>
        <bioguideId>K000009</bioguideId>
        <isOriginalCosponsor>True</isOriginalCosponsor>
        <sponsorshipDate>2015-10-29</sponsorshipDate>
        <sponsorshipWithdrawnDate />
        <party>D</party>
        <firstName>MARCY</firstName>
        <lastName>KAPTUR</lastName>
        <district>9</district>
        <identifiers>
          <bioguideId>K000009</bioguideId>
          <lisID>616</lisID>
          <gpoId>8099</gpoId>
        </identifiers>
      </item>
      <item>
        <middleName />
        <state>WA</state>
        <fullName>Rep. McDermott, Jim [D-WA-7]</fullName>
        <bioguideId>M000404</bioguideId>
        <isOriginalCosponsor>True</isOriginalCosponsor>
        <sponsorshipDate>2015-10-29</sponsorshipDate>
        <sponsorshipWithdrawnDate />
        <party>D</party>
        <firstName>JIM</firstName>
        <lastName>MCDERMOTT</lastName>
        <district>7</district>
        <identifiers>
          <gpoId>8211</gpoId>
          <lisID>766</lisID>
          <bioguideId>M000404</bioguideId>
        </identifiers>
      </item>
      <item>
        <middleName>D.</middleName>
        <state>IL</state>
        <fullName>Rep. Schakowsky, Janice D. [D-IL-9]</fullName>
        <bioguideId>S001145</bioguideId>
        <isOriginalCosponsor>True</isOriginalCosponsor>
        <sponsorshipDate>2015-10-29</sponsorshipDate>
        <sponsorshipWithdrawnDate />
        <party>D</party>
        <firstName>JANICE</firstName>
        <lastName>SCHAKOWSKY</lastName>
        <district>9</district>
        <identifiers>
          <bioguideId>S001145</bioguideId>
          <gpoId>7929</gpoId>
          <lisID>1588</lisID>
        </identifiers>
      </item>
      <item>
        <middleName>HOLMES</middleName>
        <state>DC</state>
        <fullName>Rep. Norton, Eleanor Holmes [D-DC-At Large]</fullName>
        <bioguideId>N000147</bioguideId>
        <isOriginalCosponsor>True</isOriginalCosponsor>
        <sponsorshipDate>2015-10-29</sponsorshipDate>
        <sponsorshipWithdrawnDate />
        <party>D</party>
        <firstName>ELEANOR</firstName>
        <lastName>NORTON</lastName>
        <district>0</district>
        <identifiers>
          <gpoId>7871</gpoId>
          <bioguideId>N000147</bioguideId>
          <lisID>868</lisID>
        </identifiers>
      </item>
      <item>
        <middleName />
        <state>TX</state>
        <fullName>Rep. Jackson Lee, Sheila [D-TX-18]</fullName>
        <bioguideId>J000032</bioguideId>
        <isOriginalCosponsor>True</isOriginalCosponsor>
        <sponsorshipDate>2015-10-29</sponsorshipDate>
        <sponsorshipWithdrawnDate />
        <party>D</party>
        <firstName>SHEILA</firstName>
        <lastName>JACKSON LEE</lastName>
        <district>18</district>
        <identifiers>
          <lisID>588</lisID>
          <gpoId>8174</gpoId>
          <bioguideId>J000032</bioguideId>
        </identifiers>
      </item>
      <item>
        <middleName>W.</middleName>
        <state>NY</state>
        <fullName>Rep. Meeks, Gregory W. [D-NY-5]</fullName>
        <bioguideId>M001137</bioguideId>
        <isOriginalCosponsor>True</isOriginalCosponsor>
        <sponsorshipDate>2015-10-29</sponsorshipDate>
        <sponsorshipWithdrawnDate />
        <party>D</party>
        <firstName>GREGORY</firstName>
        <lastName>MEEKS</lastName>
        <district>5</district>
        <identifiers>
          <bioguideId>M001137</bioguideId>
          <gpoId>8067</gpoId>
          <lisID>1506</lisID>
        </identifiers>
      </item>
      <item>
        <middleName>K.</middleName>
        <state>MD</state>
        <fullName>Rep. Delaney, John K. [D-MD-6]</fullName>
        <bioguideId>D000620</bioguideId>
        <isOriginalCosponsor>True</isOriginalCosponsor>
        <sponsorshipDate>2015-10-29</sponsorshipDate>
        <sponsorshipWithdrawnDate />
        <party>D</party>
        <firstName>John</firstName>
        <lastName>Delaney</lastName>
        <district>6</district>
        <identifiers>
          <lisID>2133</lisID>
          <bioguideId>D000620</bioguideId>
          <gpoId />
        </identifiers>
      </item>
      <item>
        <middleName />
        <state>NY</state>
        <fullName>Rep. Tonko, Paul [D-NY-20]</fullName>
        <bioguideId>T000469</bioguideId>
        <isOriginalCosponsor>True</isOriginalCosponsor>
        <sponsorshipDate>2015-10-29</sponsorshipDate>
        <sponsorshipWithdrawnDate />
        <party>D</party>
        <firstName>Paul</firstName>
        <lastName>Tonko</lastName>
        <district>20</district>
        <identifiers>
          <gpoId>8082</gpoId>
          <lisID>1942</lisID>
          <bioguideId>T000469</bioguideId>
        </identifiers>
      </item>
      <item>
        <middleName />
        <state>IL</state>
        <fullName>Rep. Bustos, Cheri [D-IL-17]</fullName>
        <bioguideId>B001286</bioguideId>
        <isOriginalCosponsor>True</isOriginalCosponsor>
        <sponsorshipDate>2015-10-29</sponsorshipDate>
        <sponsorshipWithdrawnDate />
        <party>D</party>
        <firstName>Cheri</firstName>
        <lastName>Bustos</lastName>
        <district>17</district>
        <identifiers>
          <lisID>2127</lisID>
          <bioguideId>B001286</bioguideId>
          <gpoId />
        </identifiers>
      </item>
      <item>
        <middleName />
        <state>IN</state>
        <fullName>Rep. Carson, Andre [D-IN-7]</fullName>
        <bioguideId>C001072</bioguideId>
        <isOriginalCosponsor>True</isOriginalCosponsor>
        <sponsorshipDate>2015-10-29</sponsorshipDate>
        <sponsorshipWithdrawnDate />
        <party>D</party>
        <firstName>Andre</firstName>
        <lastName>Carson</lastName>
        <district>7</district>
        <identifiers>
          <gpoId>7946</gpoId>
          <bioguideId>C001072</bioguideId>
          <lisID>1889</lisID>
        </identifiers>
      </item>
      <item>
        <middleName />
        <state>FL</state>
        <fullName>Rep. Castor, Kathy [D-FL-14]</fullName>
        <bioguideId>C001066</bioguideId>
        <isOriginalCosponsor>True</isOriginalCosponsor>
        <sponsorshipDate>2015-10-29</sponsorshipDate>
        <sponsorshipWithdrawnDate />
        <party>D</party>
        <firstName>Kathy</firstName>
        <lastName>Castor</lastName>
        <district>14</district>
        <identifiers>
          <bioguideId>C001066</bioguideId>
          <lisID>1839</lisID>
          <gpoId>7883</gpoId>
        </identifiers>
      </item>
      <item>
        <middleName>K.</middleName>
        <state>IL</state>
        <fullName>Rep. Davis, Danny K. [D-IL-7]</fullName>
        <bioguideId>D000096</bioguideId>
        <isOriginalCosponsor>True</isOriginalCosponsor>
        <sponsorshipDate>2015-10-29</sponsorshipDate>
        <sponsorshipWithdrawnDate />
        <party>D</party>
        <firstName>DANNY</firstName>
        <lastName>DAVIS</lastName>
        <district>7</district>
        <identifiers>
          <lisID>1477</lisID>
          <bioguideId>D000096</bioguideId>
          <gpoId>7927</gpoId>
        </identifiers>
      </item>
      <item>
        <middleName>M.</middleName>
        <state>NY</state>
        <fullName>Rep. Slaughter, Louise McIntosh [D-NY-25]</fullName>
        <bioguideId>S000480</bioguideId>
        <isOriginalCosponsor>True</isOriginalCosponsor>
        <sponsorshipDate>2015-10-29</sponsorshipDate>
        <sponsorshipWithdrawnDate />
        <party>D</party>
        <firstName>LOUISE</firstName>
        <lastName>SLAUGHTER</lastName>
        <district>25</district>
        <identifiers>
          <lisID>1069</lisID>
          <bioguideId>S000480</bioguideId>
          <gpoId>8089</gpoId>
        </identifiers>
      </item>
      <item>
        <middleName>M.</middleName>
        <state>NJ</state>
        <fullName>Rep. Payne, Donald M., Jr. [D-NJ-10]</fullName>
        <bioguideId>P000604</bioguideId>
        <isOriginalCosponsor>True</isOriginalCosponsor>
        <sponsorshipDate>2015-10-29</sponsorshipDate>
        <sponsorshipWithdrawnDate />
        <party>D</party>
        <firstName>Donald</firstName>
        <lastName>Payne</lastName>
        <district>10</district>
        <identifiers>
          <lisID>2097</lisID>
          <bioguideId>P000604</bioguideId>
          <gpoId>8373</gpoId>
        </identifiers>
      </item>
      <item>
        <middleName>D.</middleName>
        <state>NY</state>
        <fullName>Rep. Clarke, Yvette D. [D-NY-9]</fullName>
        <bioguideId>C001067</bioguideId>
        <isOriginalCosponsor>True</isOriginalCosponsor>
        <sponsorshipDate>2015-10-29</sponsorshipDate>
        <sponsorshipWithdrawnDate />
        <party>D</party>
        <firstName>Yvette</firstName>
        <lastName>Clarke</lastName>
        <district>9</district>
        <identifiers>
          <gpoId>8072</gpoId>
          <lisID>1864</lisID>
          <bioguideId>C001067</bioguideId>
        </identifiers>
      </item>
      <item>
        <middleName>M.</middleName>
        <state>CA</state>
        <fullName>Rep. Honda, Michael M. [D-CA-17]</fullName>
        <bioguideId>H001034</bioguideId>
        <isOriginalCosponsor>True</isOriginalCosponsor>
        <sponsorshipDate>2015-10-29</sponsorshipDate>
        <sponsorshipWithdrawnDate />
        <party>D</party>
        <firstName>MICHAEL</firstName>
        <lastName>HONDA</lastName>
        <district>17</district>
        <identifiers>
          <gpoId>7820</gpoId>
          <lisID>1634</lisID>
          <bioguideId>H001034</bioguideId>
        </identifiers>
      </item>
      <item>
        <middleName />
        <state>PA</state>
        <fullName>Rep. Fattah, Chaka [D-PA-2]</fullName>
        <bioguideId>F000043</bioguideId>
        <isOriginalCosponsor>True</isOriginalCosponsor>
        <sponsorshipDate>2015-10-29</sponsorshipDate>
        <sponsorshipWithdrawnDate />
        <party>D</party>
        <firstName>CHAKA</firstName>
        <lastName>FATTAH</lastName>
        <district>2</district>
        <identifiers>
          <lisID>371</lisID>
          <bioguideId>F000043</bioguideId>
          <gpoId>8120</gpoId>
        </identifiers>
      </item>
      <item>
        <middleName>L.</middleName>
        <state>MI</state>
        <fullName>Rep. Lawrence, Brenda L. [D-MI-14]</fullName>
        <bioguideId>L000581</bioguideId>
        <isOriginalCosponsor>True</isOriginalCosponsor>
        <sponsorshipDate>2015-10-29</sponsorshipDate>
        <sponsorshipWithdrawnDate />
        <party>D</party>
        <firstName>Brenda</firstName>
        <lastName>Lawrence</lastName>
        <district>14</district>
        <identifiers>
          <lisID>2252</lisID>
          <bioguideId>L000581</bioguideId>
          <gpoId />
        </identifiers>
      </item>
      <item>
        <middleName>R.</middleName>
        <state>RI</state>
        <fullName>Rep. Langevin, James R. [D-RI-2]</fullName>
        <bioguideId>L000559</bioguideId>
        <isOriginalCosponsor>True</isOriginalCosponsor>
        <sponsorshipDate>2015-10-29</sponsorshipDate>
        <sponsorshipWithdrawnDate />
        <party>D</party>
        <firstName>JAMES</firstName>
        <lastName>LANGEVIN</lastName>
        <district>2</district>
        <identifiers>
          <lisID>1668</lisID>
          <bioguideId>L000559</bioguideId>
          <gpoId>8140</gpoId>
        </identifiers>
      </item>
      <item>
        <middleName>B.</middleName>
        <state>NY</state>
        <fullName>Rep. Maloney, Carolyn B. [D-NY-12]</fullName>
        <bioguideId>M000087</bioguideId>
        <isOriginalCosponsor>True</isOriginalCosponsor>
        <sponsorshipDate>2015-10-29</sponsorshipDate>
        <sponsorshipWithdrawnDate />
        <party>D</party>
        <firstName>CAROLYN</firstName>
        <lastName>MALONEY</lastName>
        <district>12</district>
        <identifiers>
          <gpoId>8075</gpoId>
          <lisID>729</lisID>
          <bioguideId>M000087</bioguideId>
        </identifiers>
      </item>
      <item>
        <middleName />
        <state>MA</state>
        <fullName>Rep. Tsongas, Niki [D-MA-3]</fullName>
        <bioguideId>T000465</bioguideId>
        <isOriginalCosponsor>True</isOriginalCosponsor>
        <sponsorshipDate>2015-10-29</sponsorshipDate>
        <sponsorshipWithdrawnDate />
        <party>D</party>
        <firstName>Niki</firstName>
        <lastName>Tsongas</lastName>
        <district>3</district>
        <identifiers>
          <lisID>1884</lisID>
          <bioguideId>T000465</bioguideId>
          <gpoId>7970</gpoId>
        </identifiers>
      </item>
      <item>
        <middleName />
        <state>MA</state>
        <fullName>Rep. Moulton, Seth [D-MA-6]</fullName>
        <bioguideId>M001196</bioguideId>
        <isOriginalCosponsor>True</isOriginalCosponsor>
        <sponsorshipDate>2015-10-29</sponsorshipDate>
        <sponsorshipWithdrawnDate />
        <party>D</party>
        <firstName>Seth</firstName>
        <lastName>Moulton</lastName>
        <district>6</district>
        <identifiers>
          <bioguideId>M001196</bioguideId>
          <lisID>2246</lisID>
          <gpoId />
        </identifiers>
      </item>
      <item>
        <middleName>E.</middleName>
        <state>FL</state>
        <fullName>Rep. Deutch, Theodore E. [D-FL-21]</fullName>
        <bioguideId>D000610</bioguideId>
        <isOriginalCosponsor>True</isOriginalCosponsor>
        <sponsorshipDate>2015-10-29</sponsorshipDate>
        <sponsorshipWithdrawnDate />
        <party>D</party>
        <firstName>Theodore</firstName>
        <lastName>Deutch</lastName>
        <district>21</district>
        <identifiers>
          <gpoId>7891</gpoId>
          <lisID>1976</lisID>
          <bioguideId>D000610</bioguideId>
        </identifiers>
      </item>
      <item>
        <middleName />
        <state>FL</state>
        <fullName>Rep. Brown, Corrine [D-FL-5]</fullName>
        <bioguideId>B000911</bioguideId>
        <isOriginalCosponsor>True</isOriginalCosponsor>
        <sponsorshipDate>2015-10-29</sponsorshipDate>
        <sponsorshipWithdrawnDate />
        <party>D</party>
        <firstName>CORRINE</firstName>
        <lastName>BROWN</lastName>
        <district>5</district>
        <identifiers>
          <lisID>132</lisID>
          <bioguideId>B000911</bioguideId>
          <gpoId>7875</gpoId>
        </identifiers>
      </item>
      <item>
        <middleName />
        <state>CA</state>
        <fullName>Rep. Sanchez, Loretta [D-CA-46]</fullName>
        <bioguideId>S000030</bioguideId>
        <isOriginalCosponsor>True</isOriginalCosponsor>
        <sponsorshipDate>2015-10-29</sponsorshipDate>
        <sponsorshipWithdrawnDate />
        <party>D</party>
        <firstName>LORETTA</firstName>
        <lastName>SANCHEZ</lastName>
        <district>46</district>
        <identifiers>
          <bioguideId>S000030</bioguideId>
          <lisID>1522</lisID>
          <gpoId>7852</gpoId>
        </identifiers>
      </item>
      <item>
        <middleName />
        <state>CA</state>
        <fullName>Rep. Hahn, Janice [D-CA-44]</fullName>
        <bioguideId>H001063</bioguideId>
        <isOriginalCosponsor>True</isOriginalCosponsor>
        <sponsorshipDate>2015-10-29</sponsorshipDate>
        <sponsorshipWithdrawnDate />
        <party>D</party>
        <firstName>Janice</firstName>
        <lastName>Hahn</lastName>
        <district>44</district>
        <identifiers>
          <lisID>2089</lisID>
          <bioguideId>H001063</bioguideId>
          <gpoId>8360</gpoId>
        </identifiers>
      </item>
      <item>
        <middleName>A.</middleName>
        <state>AL</state>
        <fullName>Rep. Sewell, Terri A. [D-AL-7]</fullName>
        <bioguideId>S001185</bioguideId>
        <isOriginalCosponsor>True</isOriginalCosponsor>
        <sponsorshipDate>2015-10-29</sponsorshipDate>
        <sponsorshipWithdrawnDate />
        <party>D</party>
        <firstName>Terri</firstName>
        <lastName>Sewell</lastName>
        <district>7</district>
        <identifiers>
          <bioguideId>S001185</bioguideId>
          <gpoId>7792</gpoId>
          <lisID>1988</lisID>
        </identifiers>
      </item>
      <item>
        <middleName>A.</middleName>
        <state>PA</state>
        <fullName>Rep. Brady, Robert A. [D-PA-1]</fullName>
        <bioguideId>B001227</bioguideId>
        <isOriginalCosponsor>True</isOriginalCosponsor>
        <sponsorshipDate>2015-10-29</sponsorshipDate>
        <sponsorshipWithdrawnDate />
        <party>D</party>
        <firstName>ROBERT</firstName>
        <lastName>BRADY</lastName>
        <district>1</district>
        <identifiers>
          <bioguideId>B001227</bioguideId>
          <lisID>1469</lisID>
          <gpoId>8119</gpoId>
        </identifiers>
      </item>
      <item>
        <middleName />
        <state>HI</state>
        <fullName>Rep. Takai, Mark [D-HI-1]</fullName>
        <bioguideId>T000473</bioguideId>
        <isOriginalCosponsor>True</isOriginalCosponsor>
        <sponsorshipDate>2015-10-29</sponsorshipDate>
        <sponsorshipWithdrawnDate />
        <party>D</party>
        <firstName>Mark</firstName>
        <lastName>Takai</lastName>
        <district>1</district>
        <identifiers>
          <gpoId />
          <lisID>2240</lisID>
          <bioguideId>T000473</bioguideId>
        </identifiers>
      </item>
      <item>
        <middleName />
        <state>IL</state>
        <fullName>Rep. Quigley, Mike [D-IL-5]</fullName>
        <bioguideId>Q000023</bioguideId>
        <isOriginalCosponsor>True</isOriginalCosponsor>
        <sponsorshipDate>2015-10-29</sponsorshipDate>
        <sponsorshipWithdrawnDate />
        <party>D</party>
        <firstName>Mike</firstName>
        <lastName>Quigley</lastName>
        <district>5</district>
        <identifiers>
          <lisID>1967</lisID>
          <bioguideId>Q000023</bioguideId>
          <gpoId>7925</gpoId>
        </identifiers>
      </item>
      <item>
        <middleName>P.</middleName>
        <state>MA</state>
        <fullName>Rep. McGovern, James P. [D-MA-2]</fullName>
        <bioguideId>M000312</bioguideId>
        <isOriginalCosponsor>True</isOriginalCosponsor>
        <sponsorshipDate>2015-10-29</sponsorshipDate>
        <sponsorshipWithdrawnDate />
        <party>D</party>
        <firstName>JAMES</firstName>
        <lastName>MCGOVERN</lastName>
        <district>2</district>
        <identifiers>
          <bioguideId>M000312</bioguideId>
          <lisID>1504</lisID>
          <gpoId>7968</gpoId>
        </identifiers>
      </item>
      <item>
        <middleName>S.</middleName>
        <state>NC</state>
        <fullName>Rep. Adams, Alma S. [D-NC-12]</fullName>
        <bioguideId>A000370</bioguideId>
        <isOriginalCosponsor>True</isOriginalCosponsor>
        <sponsorshipDate>2015-10-29</sponsorshipDate>
        <sponsorshipWithdrawnDate />
        <party>D</party>
        <firstName>Alma</firstName>
        <lastName>Adams</lastName>
        <district>12</district>
        <identifiers>
          <lisID>2201</lisID>
          <bioguideId>A000370</bioguideId>
          <gpoId />
        </identifiers>
      </item>
      <item>
        <middleName />
        <state>MN</state>
        <fullName>Rep. McCollum, Betty [D-MN-4]</fullName>
        <bioguideId>M001143</bioguideId>
        <isOriginalCosponsor>True</isOriginalCosponsor>
        <sponsorshipDate>2015-10-29</sponsorshipDate>
        <sponsorshipWithdrawnDate />
        <party>D</party>
        <firstName>BETTY</firstName>
        <lastName>MCCOLLUM</lastName>
        <district>4</district>
        <identifiers>
          <bioguideId>M001143</bioguideId>
          <gpoId>8004</gpoId>
          <lisID>1653</lisID>
        </identifiers>
      </item>
      <item>
        <middleName />
        <state>TX</state>
        <fullName>Rep. Green, Gene [D-TX-29]</fullName>
        <bioguideId>G000410</bioguideId>
        <isOriginalCosponsor>True</isOriginalCosponsor>
        <sponsorshipDate>2015-10-29</sponsorshipDate>
        <sponsorshipWithdrawnDate />
        <party>D</party>
        <firstName>GENE</firstName>
        <lastName>GREEN</lastName>
        <district>29</district>
        <identifiers>
          <gpoId>8185</gpoId>
          <lisID>462</lisID>
          <bioguideId>G000410</bioguideId>
        </identifiers>
      </item>
      <item>
        <middleName />
        <state>GA</state>
        <fullName>Rep. Lewis, John [D-GA-5]</fullName>
        <bioguideId>L000287</bioguideId>
        <isOriginalCosponsor>True</isOriginalCosponsor>
        <sponsorshipDate>2015-10-29</sponsorshipDate>
        <sponsorshipWithdrawnDate />
        <party>D</party>
        <firstName>JOHN</firstName>
        <lastName>LEWIS</lastName>
        <district>5</district>
        <identifiers>
          <bioguideId>L000287</bioguideId>
          <lisID>688</lisID>
          <gpoId>7902</gpoId>
        </identifiers>
      </item>
      <item>
        <middleName />
        <state>CA</state>
        <fullName>Rep. Garamendi, John [D-CA-3]</fullName>
        <bioguideId>G000559</bioguideId>
        <isOriginalCosponsor>True</isOriginalCosponsor>
        <sponsorshipDate>2015-10-29</sponsorshipDate>
        <sponsorshipWithdrawnDate />
        <party>D</party>
        <firstName>John</firstName>
        <lastName>Garamendi</lastName>
        <district>3</district>
        <identifiers>
          <lisID>1973</lisID>
          <gpoId>7815</gpoId>
          <bioguideId>G000559</bioguideId>
        </identifiers>
      </item>
      <item>
        <middleName />
        <state>CA</state>
        <fullName>Rep. Cardenas, Tony [D-CA-29]</fullName>
        <bioguideId>C001097</bioguideId>
        <isOriginalCosponsor>True</isOriginalCosponsor>
        <sponsorshipDate>2015-10-29</sponsorshipDate>
        <sponsorshipWithdrawnDate />
        <party>D</party>
        <firstName>Tony</firstName>
        <lastName>Cardenas</lastName>
        <district>29</district>
        <identifiers>
          <gpoId />
          <bioguideId>C001097</bioguideId>
          <lisID>2107</lisID>
        </identifiers>
      </item>
      <item>
        <middleName />
        <state>CA</state>
        <fullName>Rep. Huffman, Jared [D-CA-2]</fullName>
        <bioguideId>H001068</bioguideId>
        <isOriginalCosponsor>True</isOriginalCosponsor>
        <sponsorshipDate>2015-10-29</sponsorshipDate>
        <sponsorshipWithdrawnDate />
        <party>D</party>
        <firstName>Jared</firstName>
        <lastName>Huffman</lastName>
        <district>2</district>
        <identifiers>
          <bioguideId>H001068</bioguideId>
          <lisID>2101</lisID>
          <gpoId />
        </identifiers>
      </item>
      <item>
        <middleName>E.</middleName>
        <state>NY</state>
        <fullName>Rep. Serrano, Jose E. [D-NY-15]</fullName>
        <bioguideId>S000248</bioguideId>
        <isOriginalCosponsor>True</isOriginalCosponsor>
        <sponsorshipDate>2015-10-29</sponsorshipDate>
        <sponsorshipWithdrawnDate />
        <party>D</party>
        <firstName>JOSE</firstName>
        <lastName>SERRANO</lastName>
        <district>15</district>
        <identifiers>
          <lisID>1042</lisID>
          <bioguideId>S000248</bioguideId>
          <gpoId>8077</gpoId>
        </identifiers>
      </item>
      <item>
        <middleName>F.</middleName>
        <state>CA</state>
        <fullName>Rep. Napolitano, Grace F. [D-CA-32]</fullName>
        <bioguideId>N000179</bioguideId>
        <isOriginalCosponsor>True</isOriginalCosponsor>
        <sponsorshipDate>2015-10-29</sponsorshipDate>
        <sponsorshipWithdrawnDate />
        <party>D</party>
        <firstName>GRACE</firstName>
        <lastName>NAPOLITANO</lastName>
        <district>32</district>
        <identifiers>
          <bioguideId>N000179</bioguideId>
          <lisID>1602</lisID>
          <gpoId>7843</gpoId>
        </identifiers>
      </item>
      <item>
        <middleName />
        <state>TN</state>
        <fullName>Rep. Cohen, Steve [D-TN-9]</fullName>
        <bioguideId>C001068</bioguideId>
        <isOriginalCosponsor>True</isOriginalCosponsor>
        <sponsorshipDate>2015-10-29</sponsorshipDate>
        <sponsorshipWithdrawnDate />
        <party>D</party>
        <firstName>Steve</firstName>
        <lastName>Cohen</lastName>
        <district>9</district>
        <identifiers>
          <lisID>1878</lisID>
          <gpoId>8156</gpoId>
          <bioguideId>C001068</bioguideId>
        </identifiers>
      </item>
      <item>
        <middleName />
        <state>CA</state>
        <fullName>Rep. Roybal-Allard, Lucille [D-CA-40]</fullName>
        <bioguideId>R000486</bioguideId>
        <isOriginalCosponsor>True</isOriginalCosponsor>
        <sponsorshipDate>2015-10-29</sponsorshipDate>
        <sponsorshipWithdrawnDate />
        <party>D</party>
        <firstName>LUCILLE</firstName>
        <lastName>ROYBAL-ALLARD</lastName>
        <district>40</district>
        <identifiers>
          <gpoId>7839</gpoId>
          <lisID>997</lisID>
          <bioguideId>R000486</bioguideId>
        </identifiers>
      </item>
      <item>
        <middleName>J.</middleName>
        <state>NJ</state>
        <fullName>Rep. Pascrell, Bill, Jr. [D-NJ-9]</fullName>
        <bioguideId>P000096</bioguideId>
        <isOriginalCosponsor>True</isOriginalCosponsor>
        <sponsorshipDate>2015-10-29</sponsorshipDate>
        <sponsorshipWithdrawnDate />
        <party>D</party>
        <firstName>WILLIAM</firstName>
        <lastName>PASCRELL</lastName>
        <district>9</district>
        <identifiers>
          <gpoId>8050</gpoId>
          <lisID>1510</lisID>
          <bioguideId>P000096</bioguideId>
        </identifiers>
      </item>
      <item>
        <middleName />
        <state>MD</state>
        <fullName>Rep. Van Hollen, Chris [D-MD-8]</fullName>
        <bioguideId>V000128</bioguideId>
        <isOriginalCosponsor>True</isOriginalCosponsor>
        <sponsorshipDate>2015-10-29</sponsorshipDate>
        <sponsorshipWithdrawnDate />
        <party>D</party>
        <firstName>Chris</firstName>
        <lastName>Van Hollen</lastName>
        <district>8</district>
        <identifiers>
          <lisID>1729</lisID>
          <gpoId>7983</gpoId>
          <bioguideId>V000128</bioguideId>
        </identifiers>
      </item>
      <item>
        <middleName>L.</middleName>
        <state>FL</state>
        <fullName>Rep. Hastings, Alcee L. [D-FL-20]</fullName>
        <bioguideId>H000324</bioguideId>
        <isOriginalCosponsor>True</isOriginalCosponsor>
        <sponsorshipDate>2015-10-29</sponsorshipDate>
        <sponsorshipWithdrawnDate />
        <party>D</party>
        <firstName>ALCEE</firstName>
        <lastName>HASTINGS</lastName>
        <district>20</district>
        <identifiers>
          <lisID>511</lisID>
          <bioguideId>H000324</bioguideId>
          <gpoId>7895</gpoId>
        </identifiers>
      </item>
      <item>
        <middleName>F.</middleName>
        <state>PA</state>
        <fullName>Rep. Boyle, Brendan F. [D-PA-13]</fullName>
        <bioguideId>B001296</bioguideId>
        <isOriginalCosponsor>True</isOriginalCosponsor>
        <sponsorshipDate>2015-10-29</sponsorshipDate>
        <sponsorshipWithdrawnDate />
        <party>D</party>
        <firstName>Brendan</firstName>
        <lastName>Boyle</lastName>
        <district>13</district>
        <identifiers>
          <bioguideId>B001296</bioguideId>
          <gpoId />
          <lisID>2267</lisID>
        </identifiers>
      </item>
      <item>
        <middleName>E.</middleName>
        <state>MD</state>
        <fullName>Rep. Cummings, Elijah E. [D-MD-7]</fullName>
        <bioguideId>C000984</bioguideId>
        <isOriginalCosponsor>True</isOriginalCosponsor>
        <sponsorshipDate>2015-10-29</sponsorshipDate>
        <sponsorshipWithdrawnDate />
        <party>D</party>
        <firstName>ELIJAH</firstName>
        <lastName>CUMMINGS</lastName>
        <district>7</district>
        <identifiers>
          <lisID>256</lisID>
          <bioguideId>C000984</bioguideId>
          <gpoId>7982</gpoId>
        </identifiers>
      </item>
      <item>
        <middleName />
        <state>NJ</state>
        <fullName>Rep. Pallone, Frank, Jr. [D-NJ-6]</fullName>
        <bioguideId>P000034</bioguideId>
        <isOriginalCosponsor>True</isOriginalCosponsor>
        <sponsorshipDate>2015-10-29</sponsorshipDate>
        <sponsorshipWithdrawnDate />
        <party>D</party>
        <firstName>FRANK</firstName>
        <lastName>PALLONE</lastName>
        <district>6</district>
        <identifiers>
          <gpoId>8048</gpoId>
          <lisID>887</lisID>
          <bioguideId>P000034</bioguideId>
        </identifiers>
      </item>
      <item>
        <middleName />
        <state>OH</state>
        <fullName>Rep. Ryan, Tim [D-OH-13]</fullName>
        <bioguideId>R000577</bioguideId>
        <isOriginalCosponsor>True</isOriginalCosponsor>
        <sponsorshipDate>2015-10-29</sponsorshipDate>
        <sponsorshipWithdrawnDate />
        <party>D</party>
        <firstName>TIM</firstName>
        <lastName>RYAN</lastName>
        <district>13</district>
        <identifiers>
          <gpoId>8107</gpoId>
          <lisID>1756</lisID>
          <bioguideId>R000577</bioguideId>
        </identifiers>
      </item>
      <item>
        <middleName />
        <state>NY</state>
        <fullName>Rep. Meng, Grace [D-NY-6]</fullName>
        <bioguideId>M001188</bioguideId>
        <isOriginalCosponsor>True</isOriginalCosponsor>
        <sponsorshipDate>2015-10-29</sponsorshipDate>
        <sponsorshipWithdrawnDate />
        <party>D</party>
        <firstName>Grace</firstName>
        <lastName>Meng</lastName>
        <district>6</district>
        <identifiers>
          <gpoId />
          <bioguideId>M001188</bioguideId>
          <lisID>2148</lisID>
        </identifiers>
      </item>
      <item>
        <middleName>BERNICE</middleName>
        <state>TX</state>
        <fullName>Rep. Johnson, Eddie Bernice [D-TX-30]</fullName>
        <bioguideId>J000126</bioguideId>
        <isOriginalCosponsor>True</isOriginalCosponsor>
        <sponsorshipDate>2015-10-29</sponsorshipDate>
        <sponsorshipWithdrawnDate />
        <party>D</party>
        <firstName>EDDIE</firstName>
        <lastName>JOHNSON</lastName>
        <district>30</district>
        <identifiers>
          <lisID>599</lisID>
          <bioguideId>J000126</bioguideId>
          <gpoId>8186</gpoId>
        </identifiers>
      </item>
      <item>
        <middleName />
        <state>MI</state>
        <fullName>Rep. Conyers, John, Jr. [D-MI-13]</fullName>
        <bioguideId>C000714</bioguideId>
        <isOriginalCosponsor>True</isOriginalCosponsor>
        <sponsorshipDate>2015-10-29</sponsorshipDate>
        <sponsorshipWithdrawnDate />
        <party>D</party>
        <firstName>JOHN</firstName>
        <lastName>CONYERS</lastName>
        <district>13</district>
        <identifiers>
          <gpoId>7999</gpoId>
          <lisID>229</lisID>
          <bioguideId>C000714</bioguideId>
        </identifiers>
      </item>
      <item>
        <middleName />
        <state>NJ</state>
        <fullName>Rep. Sires, Albio [D-NJ-8]</fullName>
        <bioguideId>S001165</bioguideId>
        <isOriginalCosponsor>True</isOriginalCosponsor>
        <sponsorshipDate>2015-10-29</sponsorshipDate>
        <sponsorshipWithdrawnDate />
        <party>D</party>
        <firstName>Albio</firstName>
        <lastName>Sires</lastName>
        <district>8</district>
        <identifiers>
          <gpoId>8055</gpoId>
          <lisID>1818</lisID>
          <bioguideId>S001165</bioguideId>
        </identifiers>
      </item>
      <item>
        <middleName />
        <state>MO</state>
        <fullName>Rep. Cleaver, Emanuel [D-MO-5]</fullName>
        <bioguideId>C001061</bioguideId>
        <isOriginalCosponsor>True</isOriginalCosponsor>
        <sponsorshipDate>2015-10-29</sponsorshipDate>
        <sponsorshipWithdrawnDate />
        <party>D</party>
        <firstName>Emanuel</firstName>
        <lastName>Cleaver</lastName>
        <district>5</district>
        <identifiers>
          <bioguideId>C001061</bioguideId>
          <gpoId>8013</gpoId>
          <lisID>1790</lisID>
        </identifiers>
      </item>
      <item>
        <middleName />
        <state>WA</state>
        <fullName>Rep. Smith, Adam [D-WA-9]</fullName>
        <bioguideId>S000510</bioguideId>
        <isOriginalCosponsor>True</isOriginalCosponsor>
        <sponsorshipDate>2015-10-29</sponsorshipDate>
        <sponsorshipWithdrawnDate />
        <party>D</party>
        <firstName>ADAM</firstName>
        <lastName>SMITH</lastName>
        <district>9</district>
        <identifiers>
          <bioguideId>S000510</bioguideId>
          <lisID>1528</lisID>
          <gpoId>8213</gpoId>
        </identifiers>
      </item>
      <item>
        <middleName>A.</middleName>
        <state>TX</state>
        <fullName>Rep. Veasey, Marc A. [D-TX-33]</fullName>
        <bioguideId>V000131</bioguideId>
        <isOriginalCosponsor>True</isOriginalCosponsor>
        <sponsorshipDate>2015-10-29</sponsorshipDate>
        <sponsorshipWithdrawnDate />
        <party>D</party>
        <firstName>Marc</firstName>
        <lastName>Veasey</lastName>
        <district>33</district>
        <identifiers>
          <bioguideId>V000131</bioguideId>
          <gpoId />
          <lisID>2166</lisID>
        </identifiers>
      </item>
      <item>
        <middleName />
        <state>ME</state>
        <fullName>Rep. Pingree, Chellie [D-ME-1]</fullName>
        <bioguideId>P000597</bioguideId>
        <isOriginalCosponsor>True</isOriginalCosponsor>
        <sponsorshipDate>2015-10-29</sponsorshipDate>
        <sponsorshipWithdrawnDate />
        <party>D</party>
        <firstName>Chellie</firstName>
        <lastName>Pingree</lastName>
        <district>1</district>
        <identifiers>
          <lisID>1927</lisID>
          <gpoId>7984</gpoId>
          <bioguideId>P000597</bioguideId>
        </identifiers>
      </item>
      <item>
        <middleName>D.</middleName>
        <state>GA</state>
        <fullName>Rep. Bishop, Sanford D., Jr. [D-GA-2]</fullName>
        <bioguideId>B000490</bioguideId>
        <isOriginalCosponsor>True</isOriginalCosponsor>
        <sponsorshipDate>2015-10-29</sponsorshipDate>
        <sponsorshipWithdrawnDate />
        <party>D</party>
        <firstName>SANFORD</firstName>
        <lastName>BISHOP</lastName>
        <district>2</district>
        <identifiers>
          <gpoId>7899</gpoId>
          <lisID>91</lisID>
          <bioguideId>B000490</bioguideId>
        </identifiers>
      </item>
      <item>
        <middleName>L.</middleName>
        <state>LA</state>
        <fullName>Rep. Richmond, Cedric L. [D-LA-2]</fullName>
        <bioguideId>R000588</bioguideId>
        <isOriginalCosponsor>True</isOriginalCosponsor>
        <sponsorshipDate>2015-10-29</sponsorshipDate>
        <sponsorshipWithdrawnDate />
        <party>D</party>
        <firstName>Cedric</firstName>
        <lastName>Richmond</lastName>
        <district>2</district>
        <identifiers>
          <gpoId>7960</gpoId>
          <lisID>2023</lisID>
          <bioguideId>R000588</bioguideId>
        </identifiers>
      </item>
      <item>
        <middleName />
        <state>OR</state>
        <fullName>Rep. Blumenauer, Earl [D-OR-3]</fullName>
        <bioguideId>B000574</bioguideId>
        <isOriginalCosponsor>True</isOriginalCosponsor>
        <sponsorshipDate>2015-10-29</sponsorshipDate>
        <sponsorshipWithdrawnDate />
        <party>D</party>
        <firstName>EARL</firstName>
        <lastName>BLUMENAUER</lastName>
        <district>3</district>
        <identifiers>
          <lisID>99</lisID>
          <bioguideId>B000574</bioguideId>
          <gpoId>8116</gpoId>
        </identifiers>
      </item>
      <item>
        <middleName />
        <state>TX</state>
        <fullName>Rep. Green, Al [D-TX-9]</fullName>
        <bioguideId>G000553</bioguideId>
        <isOriginalCosponsor>True</isOriginalCosponsor>
        <sponsorshipDate>2015-10-29</sponsorshipDate>
        <sponsorshipWithdrawnDate />
        <party>D</party>
        <firstName>Al</firstName>
        <lastName>Green</lastName>
        <district>9</district>
        <identifiers>
          <lisID>1803</lisID>
          <bioguideId>G000553</bioguideId>
          <gpoId>8165</gpoId>
        </identifiers>
      </item>
      <item>
        <middleName />
        <state>WA</state>
        <fullName>Rep. Kilmer, Derek [D-WA-6]</fullName>
        <bioguideId>K000381</bioguideId>
        <isOriginalCosponsor>True</isOriginalCosponsor>
        <sponsorshipDate>2015-10-29</sponsorshipDate>
        <sponsorshipWithdrawnDate />
        <party>D</party>
        <firstName>Derek</firstName>
        <lastName>Kilmer</lastName>
        <district>6</district>
        <identifiers>
          <lisID>2169</lisID>
          <gpoId />
          <bioguideId>K000381</bioguideId>
        </identifiers>
      </item>
      <item>
        <middleName />
        <state>MI</state>
        <fullName>Rep. Dingell, Debbie [D-MI-12]</fullName>
        <bioguideId>D000624</bioguideId>
        <isOriginalCosponsor>True</isOriginalCosponsor>
        <sponsorshipDate>2015-10-29</sponsorshipDate>
        <sponsorshipWithdrawnDate />
        <party>D</party>
        <firstName>Debbie</firstName>
        <lastName>Dingell</lastName>
        <district>12</district>
        <identifiers>
          <lisID>2251</lisID>
          <bioguideId>D000624</bioguideId>
          <gpoId />
        </identifiers>
      </item>
      <item>
        <middleName />
        <state>TX</state>
        <fullName>Rep. Castro, Joaquin [D-TX-20]</fullName>
        <bioguideId>C001091</bioguideId>
        <isOriginalCosponsor>True</isOriginalCosponsor>
        <sponsorshipDate>2015-10-29</sponsorshipDate>
        <sponsorshipWithdrawnDate />
        <party>D</party>
        <firstName>Joaquin</firstName>
        <lastName>Castro</lastName>
        <district>20</district>
        <identifiers>
          <gpoId />
          <lisID>2163</lisID>
          <bioguideId>C001091</bioguideId>
        </identifiers>
      </item>
      <item>
        <middleName>L.</middleName>
        <state>IL</state>
        <fullName>Rep. Kelly, Robin L. [D-IL-2]</fullName>
        <bioguideId>K000385</bioguideId>
        <isOriginalCosponsor>True</isOriginalCosponsor>
        <sponsorshipDate>2015-10-29</sponsorshipDate>
        <sponsorshipWithdrawnDate />
        <party>D</party>
        <firstName>Robin</firstName>
        <lastName>Kelly</lastName>
        <district>2</district>
        <identifiers>
          <lisID>2190</lisID>
          <gpoId />
          <bioguideId>K000385</bioguideId>
        </identifiers>
      </item>
      <item>
        <middleName>L.</middleName>
        <state>NY</state>
        <fullName>Rep. Engel, Eliot L. [D-NY-16]</fullName>
        <bioguideId>E000179</bioguideId>
        <isOriginalCosponsor>True</isOriginalCosponsor>
        <sponsorshipDate>2015-10-29</sponsorshipDate>
        <sponsorshipWithdrawnDate />
        <party>D</party>
        <firstName>ELIOT</firstName>
        <lastName>ENGEL</lastName>
        <district>16</district>
        <identifiers>
          <lisID>344</lisID>
          <gpoId>8078</gpoId>
          <bioguideId>E000179</bioguideId>
        </identifiers>
      </item>
      <item>
        <middleName />
        <state>CA</state>
        <fullName>Rep. Lieu, Ted [D-CA-33]</fullName>
        <bioguideId>L000582</bioguideId>
        <isOriginalCosponsor>True</isOriginalCosponsor>
        <sponsorshipDate>2015-10-29</sponsorshipDate>
        <sponsorshipWithdrawnDate />
        <party>D</party>
        <firstName>Ted</firstName>
        <lastName>Lieu</lastName>
        <district>33</district>
        <identifiers>
          <lisID>2230</lisID>
          <bioguideId>L000582</bioguideId>
          <gpoId />
        </identifiers>
      </item>
      <item>
        <middleName>T.</middleName>
        <state>MI</state>
        <fullName>Rep. Kildee, Daniel T. [D-MI-5]</fullName>
        <bioguideId>K000380</bioguideId>
        <isOriginalCosponsor>True</isOriginalCosponsor>
        <sponsorshipDate>2015-10-29</sponsorshipDate>
        <sponsorshipWithdrawnDate />
        <party>D</party>
        <firstName>Daniel</firstName>
        <lastName>Kildee</lastName>
        <district>5</district>
        <identifiers>
          <gpoId />
          <bioguideId>K000380</bioguideId>
          <lisID>2134</lisID>
        </identifiers>
      </item>
      <item>
        <middleName>B.</middleName>
        <state>NY</state>
        <fullName>Rep. Rangel, Charles B. [D-NY-13]</fullName>
        <bioguideId>R000053</bioguideId>
        <isOriginalCosponsor>True</isOriginalCosponsor>
        <sponsorshipDate>2015-10-29</sponsorshipDate>
        <sponsorshipWithdrawnDate />
        <party>D</party>
        <firstName>CHARLES</firstName>
        <lastName>RANGEL</lastName>
        <district>13</district>
        <identifiers>
          <lisID>944</lisID>
          <bioguideId>R000053</bioguideId>
          <gpoId>8076</gpoId>
        </identifiers>
      </item>
      <item>
        <middleName />
        <state>IL</state>
        <fullName>Rep. Duckworth, Tammy [D-IL-8]</fullName>
        <bioguideId>D000622</bioguideId>
        <isOriginalCosponsor>True</isOriginalCosponsor>
        <sponsorshipDate>2015-10-29</sponsorshipDate>
        <sponsorshipWithdrawnDate />
        <party>D</party>
        <firstName>Tammy</firstName>
        <lastName>Duckworth</lastName>
        <district>8</district>
        <identifiers>
          <bioguideId>D000622</bioguideId>
          <gpoId />
          <lisID>2123</lisID>
        </identifiers>
      </item>
      <item>
        <middleName>M.</middleName>
        <state>NY</state>
        <fullName>Rep. Rice, Kathleen M. [D-NY-4]</fullName>
        <bioguideId>R000602</bioguideId>
        <isOriginalCosponsor>True</isOriginalCosponsor>
        <sponsorshipDate>2015-10-29</sponsorshipDate>
        <sponsorshipWithdrawnDate />
        <party>D</party>
        <firstName>Kathleen</firstName>
        <lastName>Rice</lastName>
        <district>4</district>
        <identifiers>
          <gpoId />
          <bioguideId>R000602</bioguideId>
          <lisID>2262</lisID>
        </identifiers>
      </item>
      <item>
        <middleName>E.</middleName>
        <state>NC</state>
        <fullName>Rep. Price, David E. [D-NC-4]</fullName>
        <bioguideId>P000523</bioguideId>
        <isOriginalCosponsor>True</isOriginalCosponsor>
        <sponsorshipDate>2015-10-29</sponsorshipDate>
        <sponsorshipWithdrawnDate />
        <party>D</party>
        <firstName>DAVID</firstName>
        <lastName>PRICE</lastName>
        <district>4</district>
        <identifiers>
          <bioguideId>P000523</bioguideId>
          <gpoId>8027</gpoId>
          <lisID>930</lisID>
        </identifiers>
      </item>
      <item>
        <middleName>LACY</middleName>
        <state>MO</state>
        <fullName>Rep. Clay, Wm. Lacy [D-MO-1]</fullName>
        <bioguideId>C001049</bioguideId>
        <isOriginalCosponsor>True</isOriginalCosponsor>
        <sponsorshipDate>2015-10-29</sponsorshipDate>
        <sponsorshipWithdrawnDate />
        <party>D</party>
        <firstName>WM.</firstName>
        <lastName>CLAY</lastName>
        <district>1</district>
        <identifiers>
          <bioguideId>C001049</bioguideId>
          <gpoId>8009</gpoId>
          <lisID>1654</lisID>
        </identifiers>
      </item>
      <item>
        <middleName />
        <state>WA</state>
        <fullName>Rep. Larsen, Rick [D-WA-2]</fullName>
        <bioguideId>L000560</bioguideId>
        <isOriginalCosponsor>True</isOriginalCosponsor>
        <sponsorshipDate>2015-10-29</sponsorshipDate>
        <sponsorshipWithdrawnDate />
        <party>D</party>
        <firstName>RICK</firstName>
        <lastName>LARSEN</lastName>
        <district>2</district>
        <identifiers>
          <bioguideId>L000560</bioguideId>
          <gpoId>8206</gpoId>
          <lisID>1675</lisID>
        </identifiers>
      </item>
      <item>
        <middleName />
        <state>CA</state>
        <fullName>Rep. Farr, Sam [D-CA-20]</fullName>
        <bioguideId>F000030</bioguideId>
        <isOriginalCosponsor>True</isOriginalCosponsor>
        <sponsorshipDate>2015-10-29</sponsorshipDate>
        <sponsorshipWithdrawnDate />
        <party>D</party>
        <firstName>SAM</firstName>
        <lastName>FARR</lastName>
        <district>20</district>
        <identifiers>
          <bioguideId>F000030</bioguideId>
          <gpoId>7822</gpoId>
          <lisID>368</lisID>
        </identifiers>
      </item>
      <item>
        <middleName />
        <state>FL</state>
        <fullName>Rep. Wasserman Schultz, Debbie [D-FL-23]</fullName>
        <bioguideId>W000797</bioguideId>
        <isOriginalCosponsor>True</isOriginalCosponsor>
        <sponsorshipDate>2015-10-29</sponsorshipDate>
        <sponsorshipWithdrawnDate />
        <party>D</party>
        <firstName>Debbie</firstName>
        <lastName>Wasserman Schultz</lastName>
        <district>23</district>
        <identifiers>
          <gpoId>7892</gpoId>
          <lisID>1777</lisID>
          <bioguideId>W000797</bioguideId>
        </identifiers>
      </item>
      <item>
        <middleName />
        <state>CA</state>
        <fullName>Rep. Capps, Lois [D-CA-24]</fullName>
        <bioguideId>C001036</bioguideId>
        <isOriginalCosponsor>True</isOriginalCosponsor>
        <sponsorshipDate>2015-10-29</sponsorshipDate>
        <sponsorshipWithdrawnDate />
        <party>D</party>
        <firstName>LOIS</firstName>
        <lastName>CAPPS</lastName>
        <district>24</district>
        <identifiers>
          <bioguideId>C001036</bioguideId>
          <gpoId>7828</gpoId>
          <lisID>1471</lisID>
        </identifiers>
      </item>
      <item>
        <middleName />
        <state>NY</state>
        <fullName>Rep. Higgins, Brian [D-NY-26]</fullName>
        <bioguideId>H001038</bioguideId>
        <isOriginalCosponsor>True</isOriginalCosponsor>
        <sponsorshipDate>2015-10-29</sponsorshipDate>
        <sponsorshipWithdrawnDate />
        <party>D</party>
        <firstName>Brian</firstName>
        <lastName>Higgins</lastName>
        <district>26</district>
        <identifiers>
          <bioguideId>H001038</bioguideId>
          <lisID>1794</lisID>
          <gpoId>8088</gpoId>
        </identifiers>
      </item>
      <item>
        <middleName />
        <state>OH</state>
        <fullName>Rep. Beatty, Joyce [D-OH-3]</fullName>
        <bioguideId>B001281</bioguideId>
        <isOriginalCosponsor>True</isOriginalCosponsor>
        <sponsorshipDate>2015-10-29</sponsorshipDate>
        <sponsorshipWithdrawnDate />
        <party>D</party>
        <firstName>Joyce</firstName>
        <lastName>Beatty</lastName>
        <district>3</district>
        <identifiers>
          <lisID>2153</lisID>
          <bioguideId>B001281</bioguideId>
          <gpoId />
        </identifiers>
      </item>
      <item>
        <middleName />
        <state>NJ</state>
        <fullName>Rep. Norcross, Donald [D-NJ-1]</fullName>
        <bioguideId>N000188</bioguideId>
        <isOriginalCosponsor>True</isOriginalCosponsor>
        <sponsorshipDate>2015-10-29</sponsorshipDate>
        <sponsorshipWithdrawnDate />
        <party>D</party>
        <firstName>Donald</firstName>
        <lastName>Norcross</lastName>
        <district>1</district>
        <identifiers>
          <gpoId />
          <bioguideId>N000188</bioguideId>
          <lisID>2202</lisID>
        </identifiers>
      </item>
      <item>
        <middleName>J.</middleName>
        <state>IN</state>
        <fullName>Rep. Visclosky, Peter J. [D-IN-1]</fullName>
        <bioguideId>V000108</bioguideId>
        <isOriginalCosponsor>False</isOriginalCosponsor>
        <sponsorshipDate>2015-11-02</sponsorshipDate>
        <sponsorshipWithdrawnDate />
        <party>D</party>
        <firstName>PETER</firstName>
        <lastName>VISCLOSKY</lastName>
        <district>1</district>
        <identifiers>
          <bioguideId>V000108</bioguideId>
          <lisID>1188</lisID>
          <gpoId>7940</gpoId>
        </identifiers>
      </item>
      <item>
        <middleName />
        <state>MN</state>
        <fullName>Rep. Nolan, Richard M. [D-MN-8]</fullName>
        <bioguideId>N000127</bioguideId>
        <isOriginalCosponsor>False</isOriginalCosponsor>
        <sponsorshipDate>2015-11-02</sponsorshipDate>
        <sponsorshipWithdrawnDate />
        <party>D</party>
        <firstName>RICHARD</firstName>
        <lastName>NOLAN</lastName>
        <district>8</district>
        <identifiers>
          <bioguideId>N000127</bioguideId>
          <lisID>867</lisID>
          <gpoId />
        </identifiers>
      </item>
      <item>
        <middleName>M.</middleName>
        <state>MI</state>
        <fullName>Rep. Levin, Sander M. [D-MI-9]</fullName>
        <bioguideId>L000263</bioguideId>
        <isOriginalCosponsor>False</isOriginalCosponsor>
        <sponsorshipDate>2015-11-02</sponsorshipDate>
        <sponsorshipWithdrawnDate />
        <party>D</party>
        <firstName>SANDER</firstName>
        <lastName>LEVIN</lastName>
        <district>9</district>
        <identifiers>
          <gpoId>7997</gpoId>
          <lisID>683</lisID>
          <bioguideId>L000263</bioguideId>
        </identifiers>
      </item>
      <item>
        <middleName>A.</middleName>
        <state>KY</state>
        <fullName>Rep. Yarmuth, John A. [D-KY-3]</fullName>
        <bioguideId>Y000062</bioguideId>
        <isOriginalCosponsor>False</isOriginalCosponsor>
        <sponsorshipDate>2015-11-16</sponsorshipDate>
        <sponsorshipWithdrawnDate />
        <party>D</party>
        <firstName>John</firstName>
        <lastName>Yarmuth</lastName>
        <district>3</district>
        <identifiers>
          <bioguideId>Y000062</bioguideId>
          <lisID>1853</lisID>
          <gpoId>7955</gpoId>
        </identifiers>
      </item>
      <item>
        <middleName>M.</middleName>
        <state>NH</state>
        <fullName>Rep. Kuster, Ann M. [D-NH-2]</fullName>
        <bioguideId>K000382</bioguideId>
        <isOriginalCosponsor>False</isOriginalCosponsor>
        <sponsorshipDate>2015-11-16</sponsorshipDate>
        <sponsorshipWithdrawnDate />
        <party>D</party>
        <firstName>Ann</firstName>
        <lastName>Kuster</lastName>
        <district>2</district>
        <identifiers>
          <lisID>2145</lisID>
          <bioguideId>K000382</bioguideId>
          <gpoId />
        </identifiers>
      </item>
      <item>
        <middleName>S.</middleName>
        <state>CA</state>
        <fullName>Rep. Lowenthal, Alan S. [D-CA-47]</fullName>
        <bioguideId>L000579</bioguideId>
        <isOriginalCosponsor>False</isOriginalCosponsor>
        <sponsorshipDate>2015-11-30</sponsorshipDate>
        <sponsorshipWithdrawnDate />
        <party>D</party>
        <firstName>Alan</firstName>
        <lastName>Lowenthal</lastName>
        <district>47</district>
        <identifiers>
          <gpoId />
          <lisID>2111</lisID>
          <bioguideId>L000579</bioguideId>
        </identifiers>
      </item>
      <item>
        <middleName>M.</middleName>
        <state>NY</state>
        <fullName>Rep. Velazquez, Nydia M. [D-NY-7]</fullName>
        <bioguideId>V000081</bioguideId>
        <isOriginalCosponsor>False</isOriginalCosponsor>
        <sponsorshipDate>2015-12-09</sponsorshipDate>
        <sponsorshipWithdrawnDate />
        <party>D</party>
        <firstName>NYDIA</firstName>
        <lastName>VELAZQUEZ</lastName>
        <district>7</district>
        <identifiers>
          <lisID>1184</lisID>
          <bioguideId>V000081</bioguideId>
          <gpoId>8073</gpoId>
        </identifiers>
      </item>
      <item>
        <middleName>G.</middleName>
        <state>CA</state>
        <fullName>Rep. Eshoo, Anna G. [D-CA-18]</fullName>
        <bioguideId>E000215</bioguideId>
        <isOriginalCosponsor>False</isOriginalCosponsor>
        <sponsorshipDate>2016-01-07</sponsorshipDate>
        <sponsorshipWithdrawnDate />
        <party>D</party>
        <firstName>ANNA</firstName>
        <lastName>ESHOO</lastName>
        <district>18</district>
        <identifiers>
          <gpoId>7819</gpoId>
          <lisID>355</lisID>
          <bioguideId>E000215</bioguideId>
        </identifiers>
      </item>
      <item>
        <middleName />
        <state>PA</state>
        <fullName>Rep. Cartwright, Matt [D-PA-17]</fullName>
        <bioguideId>C001090</bioguideId>
        <isOriginalCosponsor>False</isOriginalCosponsor>
        <sponsorshipDate>2016-01-25</sponsorshipDate>
        <sponsorshipWithdrawnDate />
        <party>D</party>
        <firstName>Matt</firstName>
        <lastName>Cartwright</lastName>
        <district>17</district>
        <identifiers>
          <bioguideId>C001090</bioguideId>
          <lisID>2159</lisID>
          <gpoId />
        </identifiers>
      </item>
    </cosponsors>
    <policyArea>
      <name>Labor and Employment</name>
    </policyArea>
    <billNumber>506</billNumber>
    <createDate>2015-10-30T14:28:50Z</createDate>
    <summaries>
      <billSummaries>
        <item>
          <text><![CDATA[<p>Expresses the sense of the House of Representatives that a working families agenda is established to: </p> <ul> <li>raise the minimum wage, strengthen workers' right to organize, and protect workers from misclassification;</li> <li>provide workers with paid sick days, paid family leave, flexible and stable schedules, access to high-quality early learning opportunities, and affordable child care; and </li> <li>strengthen the law guaranteeing equal pay for equal work, ensure specified rights for pregnant workers, and ensure workers have explicit protections from discrimination based on their sexual orientation and gender identity.</li> </ul> <p>Declares the sense of the House furthermore that hearings and votes should be held on specified House bills, including H.R. 2150, the Raise the Wage Act, and H.R. 1439, the Family and Medical Insurance Leave Act (FAMILY Act).</p>]]></text>
          <updateDate>2015-10-29T04:00:00Z</updateDate>
          <actionDate>2015-10-29</actionDate>
          <versionCode>00</versionCode>
          <actionDesc>Introduced in House</actionDesc>
          <lastSummaryUpdateDate>2015-11-03T14:52:57Z</lastSummaryUpdateDate>
          <name>Introduced in House</name>
        </item>
      </billSummaries>
    </summaries>
    <cboCostEstimates />
    <latestAction>
      <actionDate>2015-11-23</actionDate>
      <text>Referred to the Subcommittee on the Constitution and Civil Justice.</text>
      <links />
    </latestAction>
    <recordedVotes />
    <actions>
      <actionByCounts>
        <houseOfRepresentatives>10</houseOfRepresentatives>
      </actionByCounts>
      <actionTypeCounts>
        <introducedInHouse>1</introducedInHouse>
        <billReferrals>5</billReferrals>
        <placeholderTextForH>2</placeholderTextForH>
        <introducedInTheHouse>1</introducedInTheHouse>
        <placeholderTextForB>1</placeholderTextForB>
        <billReferralsAggregate>1</billReferralsAggregate>
      </actionTypeCounts>
      <item>
        <actionDate>2015-11-23</actionDate>
        <committee>
          <name>Constitution and Civil Justice Subcommittee</name>
          <systemCode>hsju10</systemCode>
        </committee>
        <links />
        <sourceSystem>
          <name>House committee actions</name>
          <code>1</code>
        </sourceSystem>
        <text>Referred to the Subcommittee on the Constitution and Civil Justice.</text>
        <type>Committee</type>
      </item>
      <item>
        <actionDate>2015-10-29</actionDate>
        <committee>
          <name>Human Resources Subcommittee</name>
          <systemCode>hswm03</systemCode>
        </committee>
        <links />
        <sourceSystem>
          <name>House committee actions</name>
          <code>1</code>
        </sourceSystem>
        <text>Referred to the Subcommittee on Human Resources.</text>
        <type>Committee</type>
      </item>
      <item>
        <sourceSystem>
          <name>House floor actions</name>
          <code>2</code>
        </sourceSystem>
        <text>Referred to House Judiciary</text>
        <links />
        <type>IntroReferral</type>
        <actionCode>H11100</actionCode>
        <actionDate>2015-10-29</actionDate>
        <committee>
          <name>Judiciary Committee</name>
          <systemCode>hsju00</systemCode>
        </committee>
      </item>
      <item>
        <sourceSystem>
          <name>House floor actions</name>
          <code>2</code>
        </sourceSystem>
        <text>Referred to House Oversight and Government Reform</text>
        <links />
        <type>IntroReferral</type>
        <actionCode>H11100</actionCode>
        <actionDate>2015-10-29</actionDate>
        <committee>
          <name>Oversight and Government Reform Committee</name>
          <systemCode>hsgo00</systemCode>
        </committee>
      </item>
      <item>
        <sourceSystem>
          <name>House floor actions</name>
          <code>2</code>
        </sourceSystem>
        <text>Referred to House Administration</text>
        <links />
        <type>IntroReferral</type>
        <actionCode>H11100</actionCode>
        <actionDate>2015-10-29</actionDate>
        <committee>
          <name>House Administration Committee</name>
          <systemCode>hsha00</systemCode>
        </committee>
      </item>
      <item>
        <sourceSystem>
          <name>House floor actions</name>
          <code>2</code>
        </sourceSystem>
        <text>Referred to House Ways and Means</text>
        <links />
        <type>IntroReferral</type>
        <actionCode>H11100</actionCode>
        <actionDate>2015-10-29</actionDate>
        <committee>
          <name>Ways and Means Committee</name>
          <systemCode>hswm00</systemCode>
        </committee>
      </item>
      <item>
        <sourceSystem>
          <name>Library of Congress</name>
          <code>9</code>
        </sourceSystem>
        <text>Referred to the Committee on Education and the Workforce, and in addition to the Committees on Ways and Means, House Administration, Oversight and Government Reform, and the Judiciary, for a period to be subsequently determined by the Speaker, in each case for consideration of such provisions as fall within the jurisdiction of the committee concerned.</text>
        <links />
        <type>IntroReferral</type>
        <actionCode>H11100-A</actionCode>
        <actionDate>2015-10-29</actionDate>
        <committee />
      </item>
      <item>
        <sourceSystem>
          <name>House floor actions</name>
          <code>2</code>
        </sourceSystem>
        <text>Referred to House Education and the Workforce</text>
        <links />
        <type>IntroReferral</type>
        <actionCode>H11100</actionCode>
        <actionDate>2015-10-29</actionDate>
        <committee>
          <name>Education and the Workforce Committee</name>
          <systemCode>hsed00</systemCode>
        </committee>
      </item>
      <item>
        <sourceSystem>
          <name>Library of Congress</name>
          <code>9</code>
        </sourceSystem>
        <text>Introduced in House</text>
        <links />
        <type>IntroReferral</type>
        <actionCode>Intro-H</actionCode>
        <actionDate>2015-10-29</actionDate>
        <committee />
      </item>
      <item>
        <sourceSystem>
          <name>Library of Congress</name>
          <code>9</code>
        </sourceSystem>
        <text>Introduced in House</text>
        <links />
        <type>IntroReferral</type>
        <actionCode>1000</actionCode>
        <actionDate>2015-10-29</actionDate>
        <committee />
      </item>
      <item>
        <sourceSystem>
          <name>Library of Congress</name>
          <code>9</code>
        </sourceSystem>
        <text>Sponsor introductory remarks on measure. (CR H7321-7322)</text>
        <links>
          <link>
            <url>https://www.congress.gov/congressional-record/volume-161/house-section/page/H7321-7322</url>
            <name>H7321-7322</name>
          </link>
        </links>
        <type>IntroReferral</type>
        <actionCode>B00100</actionCode>
        <actionDate>2015-10-28</actionDate>
        <committee />
      </item>
    </actions>
    <title>Expressing the sense of the House of Representatives in support of considering legislation that would reinforce the goals of the working families agenda.</title>
    <notes />
    <originChamber>House</originChamber>
    <introducedDate>2015-10-29</introducedDate>
  </bill>
  <dublinCore xmlns:dc="http://purl.org/dc/elements/1.1/">
    <dc:format>text/xml</dc:format>
    <dc:language>EN</dc:language>
    <dc:rights>Pursuant to Title 17 Section 105 of the United States Code, this file is not subject to copyright protection and is in the public domain.</dc:rights>
    <dc:contributor>Congressional Research Service, Library of Congress</dc:contributor>
    <dc:description>This file contains bill summaries and statuses for federal legislation. A bill summary describes the most significant provisions of a piece of legislation and details the effects the legislative text may have on current law and federal programs. Bill summaries are authored by the Congressional Research Service (CRS) of the Library of Congress. As stated in Public Law 91-510 (2 USC 166 (d)(6)), one of the duties of CRS is "to prepare summaries and digests of bills and resolutions of a public general nature introduced in the Senate or House of Representatives". For more information, refer to the User Guide that accompanies this file.</dc:description>
  </dublinCore>
</billStatus>

