<?xml version="1.0" encoding="UTF-8"?>
<billStatus>
  <bill>
    <createDate>2015-01-07T09:38:03Z</createDate>
    <introducedDate>2015-01-06</introducedDate>
    <cosponsors />
    <calendarNumbers />
    <policyArea>
      <name>Congress</name>
    </policyArea>
    <billType>HRES</billType>
    <summaries>
      <billSummaries>
        <item>
          <actionDate>2015-01-06</actionDate>
          <name>Introduced in House</name>
          <actionDesc>Introduced in House</actionDesc>
          <updateDate>2015-01-06T05:00:00Z</updateDate>
          <text><![CDATA[<p>Fixes the daily hour of meeting for the House of Representatives for the first session of the 114th Congress.</p>]]></text>
          <lastSummaryUpdateDate>2015-01-16T21:25:55Z</lastSummaryUpdateDate>
          <versionCode>00</versionCode>
        </item>
        <item>
          <actionDate>2015-01-06</actionDate>
          <name>Passed House without amendment</name>
          <actionDesc>Passed House without amendment</actionDesc>
          <updateDate>2015-01-06T20:44:16Z</updateDate>
          <text><![CDATA[<p>(This measure has not been amended since it was introduced. The summary of that version is repeated here.)</p> <p>Fixes the daily hour of meeting for the House of Representatives for the first session of the 114th Congress.</p>]]></text>
          <lastSummaryUpdateDate>2015-02-06T21:53:38Z</lastSummaryUpdateDate>
          <versionCode>81</versionCode>
        </item>
      </billSummaries>
    </summaries>
    <notes />
    <congress>114</congress>
    <recordedVotes />
    <sponsors>
      <item>
        <party>R</party>
        <middleName />
        <lastName>SESSIONS</lastName>
        <fullName>Rep. Sessions, Pete [R-TX-32]</fullName>
        <bioguideId>S000250</bioguideId>
        <state>TX</state>
        <byRequestType />
        <district>32</district>
        <identifiers>
          <lisID>1525</lisID>
          <gpoId>8188</gpoId>
          <bioguideId>S000250</bioguideId>
        </identifiers>
        <firstName>PETE</firstName>
      </item>
    </sponsors>
    <titles>
      <item>
        <chamberCode />
        <title>Fixing the daily hour of meeting of the First Session of the One Hundred Fourteenth Congress.</title>
        <parentTitleType />
        <titleType>Official Title as Introduced</titleType>
        <chamberName />
      </item>
      <item>
        <chamberCode />
        <title>Fixing the daily hour of meeting of the First Session of the One Hundred Fourteenth Congress.</title>
        <parentTitleType />
        <titleType>Display Title</titleType>
        <chamberName />
      </item>
    </titles>
    <billNumber>9</billNumber>
    <relatedBills />
    <subjects>
      <billSubjects>
        <legislativeSubjects>
          <item>
            <name>Congressional operations and organization</name>
          </item>
          <item>
            <name>House of Representatives</name>
          </item>
        </legislativeSubjects>
        <policyArea>
          <name>Congress</name>
        </policyArea>
      </billSubjects>
    </subjects>
    <amendments />
    <originChamber>House</originChamber>
    <updateDate>2017-01-11T14:29:36Z</updateDate>
    <latestAction>
      <actionDate>2015-01-06</actionDate>
      <links />
      <actionTime>17:34:45</actionTime>
      <text>Motion to reconsider laid on the table Agreed to without objection.</text>
    </latestAction>
    <committees>
      <billCommittees />
    </committees>
    <committeeReports />
    <constitutionalAuthorityStatementText />
    <actions>
      <actionTypeCounts>
        <introducedInTheHouse>1</introducedInTheHouse>
        <motionToReconsiderResults>1</motionToReconsiderResults>
        <considerationByHouse>1</considerationByHouse>
        <introducedInHouse>1</introducedInHouse>
        <passedAgreedToInHouse>1</passedAgreedToInHouse>
        <passageOfAMeasure>1</passageOfAMeasure>
      </actionTypeCounts>
      <item>
        <text>Motion to reconsider laid on the table Agreed to without objection.</text>
        <committee />
        <type>Floor</type>
        <actionTime>17:34:45</actionTime>
        <actionDate>2015-01-06</actionDate>
        <sourceSystem>
          <code>2</code>
          <name>House floor actions</name>
        </sourceSystem>
        <links />
        <actionCode>H38310</actionCode>
      </item>
      <item>
        <text>On agreeing to the resolution Agreed to without objection. (text: CR H29)</text>
        <committee />
        <type>Floor</type>
        <actionTime>17:34:41</actionTime>
        <actionDate>2015-01-06</actionDate>
        <sourceSystem>
          <code>2</code>
          <name>House floor actions</name>
        </sourceSystem>
        <links>
          <link>
            <url>https://www.congress.gov/congressional-record/volume-161/house-section/page/H29</url>
            <name>H29</name>
          </link>
        </links>
        <actionCode>H37100</actionCode>
      </item>
      <item>
        <text>Passed/agreed to in House: On agreeing to the resolution Agreed to without objection.(text: CR H29)</text>
        <committee />
        <type>Floor</type>
        <actionTime>17:34:41</actionTime>
        <actionDate>2015-01-06</actionDate>
        <sourceSystem>
          <code>9</code>
          <name>Library of Congress</name>
        </sourceSystem>
        <links>
          <link>
            <url>https://www.congress.gov/congressional-record/volume-161/house-section/page/H29</url>
            <name>H29</name>
          </link>
        </links>
        <actionCode>8000</actionCode>
      </item>
      <item>
        <text>Considered as privileged matter. (consideration: CR H28-29)</text>
        <committee />
        <type>Floor</type>
        <actionTime>17:34:30</actionTime>
        <actionDate>2015-01-06</actionDate>
        <sourceSystem>
          <code>2</code>
          <name>House floor actions</name>
        </sourceSystem>
        <links>
          <link>
            <url>https://www.congress.gov/congressional-record/volume-161/house-section/page/H28-29</url>
            <name>H28-29</name>
          </link>
        </links>
        <actionCode>H30000</actionCode>
      </item>
      <item>
        <text>Introduced in House</text>
        <committee />
        <type>IntroReferral</type>
        <actionDate>2015-01-06</actionDate>
        <sourceSystem>
          <code>9</code>
          <name>Library of Congress</name>
        </sourceSystem>
        <links />
        <actionCode>Intro-H</actionCode>
      </item>
      <item>
        <text>Introduced in House</text>
        <committee />
        <type>IntroReferral</type>
        <actionDate>2015-01-06</actionDate>
        <sourceSystem>
          <code>9</code>
          <name>Library of Congress</name>
        </sourceSystem>
        <links />
        <actionCode>1000</actionCode>
      </item>
      <actionByCounts>
        <houseOfRepresentatives>6</houseOfRepresentatives>
      </actionByCounts>
    </actions>
    <laws />
    <cboCostEstimates />
    <title>Fixing the daily hour of meeting of the First Session of the One Hundred Fourteenth Congress.</title>
  </bill>
  <dublinCore xmlns:dc="http://purl.org/dc/elements/1.1/">
    <dc:format>text/xml</dc:format>
    <dc:language>EN</dc:language>
    <dc:rights>Pursuant to Title 17 Section 105 of the United States Code, this file is not subject to copyright protection and is in the public domain.</dc:rights>
    <dc:contributor>Congressional Research Service, Library of Congress</dc:contributor>
    <dc:description>This file contains bill summaries and statuses for federal legislation. A bill summary describes the most significant provisions of a piece of legislation and details the effects the legislative text may have on current law and federal programs. Bill summaries are authored by the Congressional Research Service (CRS) of the Library of Congress. As stated in Public Law 91-510 (2 USC 166 (d)(6)), one of the duties of CRS is "to prepare summaries and digests of bills and resolutions of a public general nature introduced in the Senate or House of Representatives". For more information, refer to the User Guide that accompanies this file.</dc:description>
  </dublinCore>
</billStatus>

