<?xml version="1.0" encoding="UTF-8"?>
<billStatus>
  <bill>
    <committees>
      <billCommittees>
        <item>
          <subcommittees />
          <name>Foreign Affairs Committee</name>
          <systemCode>hsfa00</systemCode>
          <type>Standing</type>
          <activities>
            <item>
              <date>2015-03-19T13:03:50Z</date>
              <name>Referred to</name>
            </item>
          </activities>
          <chamber>House</chamber>
        </item>
      </billCommittees>
    </committees>
    <calendarNumbers />
    <sponsors>
      <item>
        <identifiers>
          <lisID>2163</lisID>
          <gpoId />
          <bioguideId>C001091</bioguideId>
        </identifiers>
        <district>20</district>
        <fullName>Rep. Castro, Joaquin [D-TX-20]</fullName>
        <lastName>Castro</lastName>
        <middleName />
        <bioguideId>C001091</bioguideId>
        <party>D</party>
        <firstName>Joaquin</firstName>
        <state>TX</state>
        <byRequestType />
      </item>
    </sponsors>
    <billType>HRES</billType>
    <summaries>
      <billSummaries>
        <item>
          <text><![CDATA[<p>Welcomes the Seventh Summit of the Americas to be held in Panama City, Panama, April 10, 2015, and April 11, 2015.</p> <p> Believes that the Summit will: (1) be an important multilateral forum for heads of state in the Western Hemisphere to discuss common policy issues and set policy goals, and (2) provide a forum for the United States to advance its interests in the region.</p> <p>Encourages all countries in the Western Hemisphere to commit to democratic governance, free and open markets, and basic human rights and to uphold the principles enshrined in the Inter-American Democratic Charter. </p> <p>Urges heads of state to provide opportunities for all civil society organizations to provide input during events surrounding the Summit.</p>]]></text>
          <actionDesc>Introduced in House</actionDesc>
          <name>Introduced in House</name>
          <versionCode>00</versionCode>
          <actionDate>2015-03-19</actionDate>
          <lastSummaryUpdateDate>2015-03-20T14:48:48Z</lastSummaryUpdateDate>
          <updateDate>2015-03-19T04:00:00Z</updateDate>
        </item>
      </billSummaries>
    </summaries>
    <titles>
      <item>
        <chamberCode />
        <title>Welcoming the Seventh Summit of the Americas, to be held in Panama City, Panama, April 10, 2015, and April 11, 2015.</title>
        <parentTitleType />
        <titleType>Official Title as Introduced</titleType>
        <chamberName />
      </item>
      <item>
        <chamberCode />
        <title>Welcoming the Seventh Summit of the Americas, to be held in Panama City, Panama, April 10, 2015, and April 11, 2015.</title>
        <parentTitleType />
        <titleType>Display Title</titleType>
        <chamberName />
      </item>
    </titles>
    <billNumber>160</billNumber>
    <constitutionalAuthorityStatementText />
    <cboCostEstimates />
    <title>Welcoming the Seventh Summit of the Americas, to be held in Panama City, Panama, April 10, 2015, and April 11, 2015.</title>
    <amendments />
    <actions>
      <item>
        <type>IntroReferral</type>
        <committee>
          <name>Foreign Affairs Committee</name>
          <systemCode>hsfa00</systemCode>
        </committee>
        <links />
        <actionDate>2015-03-19</actionDate>
        <text>Referred to the House Committee on Foreign Affairs.</text>
        <actionCode>H11100</actionCode>
        <sourceSystem>
          <name>House floor actions</name>
          <code>2</code>
        </sourceSystem>
      </item>
      <item>
        <type>IntroReferral</type>
        <committee />
        <links />
        <actionDate>2015-03-19</actionDate>
        <text>Introduced in House</text>
        <actionCode>Intro-H</actionCode>
        <sourceSystem>
          <name>Library of Congress</name>
          <code>9</code>
        </sourceSystem>
      </item>
      <item>
        <type>IntroReferral</type>
        <committee />
        <links />
        <actionDate>2015-03-19</actionDate>
        <text>Introduced in House</text>
        <actionCode>1000</actionCode>
        <sourceSystem>
          <name>Library of Congress</name>
          <code>9</code>
        </sourceSystem>
      </item>
      <actionByCounts>
        <houseOfRepresentatives>3</houseOfRepresentatives>
      </actionByCounts>
      <actionTypeCounts>
        <billReferrals>1</billReferrals>
        <introducedInTheHouse>1</introducedInTheHouse>
        <introducedInHouse>1</introducedInHouse>
      </actionTypeCounts>
    </actions>
    <notes />
    <updateDate>2017-01-11T14:30:16Z</updateDate>
    <createDate>2015-03-23T13:30:34Z</createDate>
    <recordedVotes />
    <introducedDate>2015-03-19</introducedDate>
    <congress>114</congress>
    <committeeReports />
    <laws />
    <cosponsors>
      <item>
        <middleName>L.</middleName>
        <identifiers>
          <lisID>344</lisID>
          <gpoId>8078</gpoId>
          <bioguideId>E000179</bioguideId>
        </identifiers>
        <isOriginalCosponsor>True</isOriginalCosponsor>
        <sponsorshipWithdrawnDate />
        <party>D</party>
        <fullName>Rep. Engel, Eliot L. [D-NY-16]</fullName>
        <state>NY</state>
        <sponsorshipDate>2015-03-19</sponsorshipDate>
        <firstName>ELIOT</firstName>
        <lastName>ENGEL</lastName>
        <district>16</district>
        <bioguideId>E000179</bioguideId>
      </item>
    </cosponsors>
    <originChamber>House</originChamber>
    <latestAction>
      <links />
      <text>Referred to the House Committee on Foreign Affairs.</text>
      <actionDate>2015-03-19</actionDate>
    </latestAction>
    <policyArea>
      <name>International Affairs</name>
    </policyArea>
    <relatedBills />
    <subjects>
      <billSubjects>
        <policyArea>
          <name>International Affairs</name>
        </policyArea>
        <legislativeSubjects>
          <item>
            <name>Diplomacy, foreign officials, Americans abroad</name>
          </item>
          <item>
            <name>Economic development</name>
          </item>
          <item>
            <name>Energy storage, supplies, demand</name>
          </item>
          <item>
            <name>Latin America</name>
          </item>
          <item>
            <name>Organized crime</name>
          </item>
          <item>
            <name>Panama</name>
          </item>
          <item>
            <name>Public participation and lobbying</name>
          </item>
          <item>
            <name>Racial and ethnic relations</name>
          </item>
          <item>
            <name>Sovereignty, recognition, national governance and status</name>
          </item>
          <item>
            <name>Terrorism</name>
          </item>
          <item>
            <name>Western Hemisphere</name>
          </item>
        </legislativeSubjects>
      </billSubjects>
    </subjects>
  </bill>
  <dublinCore xmlns:dc="http://purl.org/dc/elements/1.1/">
    <dc:format>text/xml</dc:format>
    <dc:language>EN</dc:language>
    <dc:rights>Pursuant to Title 17 Section 105 of the United States Code, this file is not subject to copyright protection and is in the public domain.</dc:rights>
    <dc:contributor>Congressional Research Service, Library of Congress</dc:contributor>
    <dc:description>This file contains bill summaries and statuses for federal legislation. A bill summary describes the most significant provisions of a piece of legislation and details the effects the legislative text may have on current law and federal programs. Bill summaries are authored by the Congressional Research Service (CRS) of the Library of Congress. As stated in Public Law 91-510 (2 USC 166 (d)(6)), one of the duties of CRS is "to prepare summaries and digests of bills and resolutions of a public general nature introduced in the Senate or House of Representatives". For more information, refer to the User Guide that accompanies this file.</dc:description>
  </dublinCore>
</billStatus>

