<?xml version="1.0" encoding="UTF-8"?>
<billStatus>
  <bill>
    <congress>114</congress>
    <calendarNumbers>
      <item>
        <calendar>H00058</calendar>
        <number />
      </item>
    </calendarNumbers>
    <cboCostEstimates />
    <actions>
      <actionByCounts>
        <houseOfRepresentatives>14</houseOfRepresentatives>
      </actionByCounts>
      <item>
        <committee />
        <actionCode>H38310</actionCode>
        <type>Floor</type>
        <text>Motion to reconsider laid on the table Agreed to without objection.</text>
        <actionDate>2015-09-17</actionDate>
        <actionTime>15:25:22</actionTime>
        <links />
        <sourceSystem>
          <name>House floor actions</name>
          <code>2</code>
        </sourceSystem>
      </item>
      <item>
        <committee />
        <actionCode>H37100</actionCode>
        <type>Floor</type>
        <text>On agreeing to the resolution, as amended Agreed to by recorded vote: 238 - 183 (Roll no. 499).</text>
        <actionDate>2015-09-17</actionDate>
        <actionTime>15:25:21</actionTime>
        <links>
          <link>
            <name>Roll no. 499</name>
            <url>http://clerk.house.gov/evs/2015/roll499.xml</url>
          </link>
        </links>
        <sourceSystem>
          <name>House floor actions</name>
          <code>2</code>
        </sourceSystem>
      </item>
      <item>
        <committee />
        <actionCode>8000</actionCode>
        <type>Floor</type>
        <text>Passed/agreed to in House: On agreeing to the resolution, as amended Agreed to by recorded vote: 238 - 183 (Roll no. 499).</text>
        <actionDate>2015-09-17</actionDate>
        <actionTime>15:25:21</actionTime>
        <links>
          <link>
            <name>Roll no. 499</name>
            <url>http://clerk.house.gov/evs/2015/roll499.xml</url>
          </link>
        </links>
        <sourceSystem>
          <name>Library of Congress</name>
          <code>9</code>
        </sourceSystem>
      </item>
      <item>
        <committee />
        <actionCode>H30000</actionCode>
        <type>Floor</type>
        <text>Considered as unfinished business. (consideration: CR H6110-6112)</text>
        <actionDate>2015-09-17</actionDate>
        <actionTime>15:09:46</actionTime>
        <links>
          <link>
            <name>H6110-6112</name>
            <url>https://www.congress.gov/congressional-record/volume-161/house-section/page/H6110-6112</url>
          </link>
        </links>
        <sourceSystem>
          <name>House floor actions</name>
          <code>2</code>
        </sourceSystem>
      </item>
      <item>
        <committee />
        <actionCode>H35000</actionCode>
        <type>Floor</type>
        <text>On ordering the previous question Agreed to by the Yeas and Nays: 238 - 179 (Roll no. 497). (consideration: CR H6109)</text>
        <actionDate>2015-09-17</actionDate>
        <actionTime>14:59:14</actionTime>
        <links>
          <link>
            <name>H6109</name>
            <url>https://www.congress.gov/congressional-record/volume-161/house-section/page/H6109</url>
          </link>
          <link>
            <name>Roll no. 497</name>
            <url>http://clerk.house.gov/evs/2015/roll497.xml</url>
          </link>
        </links>
        <sourceSystem>
          <name>House floor actions</name>
          <code>2</code>
        </sourceSystem>
      </item>
      <item>
        <committee />
        <actionCode>H30000</actionCode>
        <type>Floor</type>
        <text>Considered as unfinished business. (consideration: CR H6109)</text>
        <actionDate>2015-09-17</actionDate>
        <actionTime>14:28:52</actionTime>
        <links>
          <link>
            <name>H6109</name>
            <url>https://www.congress.gov/congressional-record/volume-161/house-section/page/H6109</url>
          </link>
        </links>
        <sourceSystem>
          <name>House floor actions</name>
          <code>2</code>
        </sourceSystem>
      </item>
      <item>
        <committee />
        <actionCode>H8D000</actionCode>
        <type>Floor</type>
        <text>POSTPONED PROCEEDINGS - At the conclusion of debate on H.Res. 420, the Chair put the question on ordering the previous question on the amendment and the resolution, and by voice vote, announced that the ayes had prevailed. Mr. Polis demanded the yeas and nays and the Chair postponed further proceedings on the question of ordering the previous question and on the amendment until later in the legislative day.</text>
        <actionDate>2015-09-17</actionDate>
        <actionTime>13:20:38</actionTime>
        <links>
          <link>
            <name>H.Res. 420</name>
            <url>https://www.congress.gov/bill/114th-congress/house-resolution/420</url>
          </link>
        </links>
        <sourceSystem>
          <name>House floor actions</name>
          <code>2</code>
        </sourceSystem>
      </item>
      <item>
        <committee />
        <actionCode>H8D000</actionCode>
        <type>Floor</type>
        <text>DEBATE - The House proceeded with one hour of debate on H. Res. 420.</text>
        <actionDate>2015-09-17</actionDate>
        <actionTime>12:37:54</actionTime>
        <links>
          <link>
            <name>H. Res. 420</name>
            <url>https://www.congress.gov/bill/114th-congress/house-resolution/420</url>
          </link>
        </links>
        <sourceSystem>
          <name>House floor actions</name>
          <code>2</code>
        </sourceSystem>
      </item>
      <item>
        <committee />
        <actionCode>H30000</actionCode>
        <type>Floor</type>
        <text>Considered as privileged matter. (consideration: CR H6090-6096; text of measure as reported in House: CR H6090-6091)</text>
        <actionDate>2015-09-17</actionDate>
        <actionTime>12:34:42</actionTime>
        <links>
          <link>
            <name>H6090-6091</name>
            <url>https://www.congress.gov/congressional-record/volume-161/house-section/page/H6090-6091</url>
          </link>
          <link>
            <name>H6090-6096</name>
            <url>https://www.congress.gov/congressional-record/volume-161/house-section/page/H6090-6096</url>
          </link>
        </links>
        <sourceSystem>
          <name>House floor actions</name>
          <code>2</code>
        </sourceSystem>
      </item>
      <item>
        <committee />
        <actionCode>H12420</actionCode>
        <type>Calendars</type>
        <text>Placed on the House Calendar, Calendar No. 58.</text>
        <actionDate>2015-09-16</actionDate>
        <sourceSystem>
          <name>House floor actions</name>
          <code>2</code>
        </sourceSystem>
        <links />
      </item>
      <item>
        <committee />
        <actionCode>H12700</actionCode>
        <type>Floor</type>
        <text>The resolution provides for one hour debate on H.R. 348 and H.R. 758. The resolution provides that it shall be in order at any time on the legislative day of September 24, 2015, for the Speaker to entertain motions that the House suspend the rules.</text>
        <actionDate>2015-09-16</actionDate>
        <actionTime>22:18:11</actionTime>
        <links>
          <link>
            <name>H.R. 348</name>
            <url>https://www.congress.gov/bill/114th-congress/house-bill/348</url>
          </link>
          <link>
            <name>H.R. 758</name>
            <url>https://www.congress.gov/bill/114th-congress/house-bill/758</url>
          </link>
        </links>
        <sourceSystem>
          <name>House floor actions</name>
          <code>2</code>
        </sourceSystem>
      </item>
      <item>
        <committee>
          <systemCode>hsru00</systemCode>
          <name>Rules Committee</name>
        </committee>
        <actionCode>H12100</actionCode>
        <type>Committee</type>
        <text>The House Committee on Rules reported an original measure, H. Rept. 114-261, by Mr. Collins (GA).</text>
        <actionDate>2015-09-16</actionDate>
        <sourceSystem>
          <name>House floor actions</name>
          <code>2</code>
        </sourceSystem>
        <links>
          <link>
            <name>H. Rept. 114-261</name>
            <url>https://www.congress.gov/congressional-report/114th-congress/house-report/261</url>
          </link>
        </links>
      </item>
      <item>
        <committee>
          <systemCode>hsru00</systemCode>
          <name>Rules Committee</name>
        </committee>
        <actionCode>5000</actionCode>
        <type>Committee</type>
        <text>The House Committee on Rules reported an original measure, H. Rept. 114-261, by Mr. Collins (GA).</text>
        <actionDate>2015-09-16</actionDate>
        <sourceSystem>
          <name>Library of Congress</name>
          <code>9</code>
        </sourceSystem>
        <links>
          <link>
            <name>H. Rept. 114-261</name>
            <url>https://www.congress.gov/congressional-report/114th-congress/house-report/261</url>
          </link>
        </links>
      </item>
      <item>
        <committee />
        <actionCode>1000</actionCode>
        <type>IntroReferral</type>
        <text>Introduced in House</text>
        <actionDate>2015-09-16</actionDate>
        <sourceSystem>
          <name>Library of Congress</name>
          <code>9</code>
        </sourceSystem>
        <links />
      </item>
      <actionTypeCounts>
        <reportedToHouse>1</reportedToHouse>
        <passedAgreedToInHouse>1</passedAgreedToInHouse>
        <considerationByHouse>3</considerationByHouse>
        <passageOfAMeasure>1</passageOfAMeasure>
        <provisionsOfARule>1</provisionsOfARule>
        <committeeReportOfAnOriginalMeasure>1</committeeReportOfAnOriginalMeasure>
        <houseCalendarAssignment>1</houseCalendarAssignment>
        <generalDebate>2</generalDebate>
        <motionToReconsiderResults>1</motionToReconsiderResults>
        <motionForPreviousQuestion>1</motionForPreviousQuestion>
        <introducedInHouse>1</introducedInHouse>
      </actionTypeCounts>
    </actions>
    <relatedBills>
      <item>
        <congress>114</congress>
        <type>HR</type>
        <number>348</number>
        <latestAction>
          <text>Received in the Senate and Read twice and referred to the Committee on Environment and Public Works.</text>
          <actionDate>2015-09-28</actionDate>
        </latestAction>
        <relationshipDetails>
          <item>
            <type>Procedurally-related</type>
            <identifiedBy>House</identifiedBy>
          </item>
          <item>
            <type>Related bill</type>
            <identifiedBy>House</identifiedBy>
          </item>
        </relationshipDetails>
        <latestTitle>RAPID Act</latestTitle>
      </item>
      <item>
        <congress>114</congress>
        <type>HR</type>
        <number>758</number>
        <latestAction>
          <text>Received in the Senate and Read twice and referred to the Committee on the Judiciary.</text>
          <actionDate>2015-09-21</actionDate>
        </latestAction>
        <relationshipDetails>
          <item>
            <type>Procedurally-related</type>
            <identifiedBy>House</identifiedBy>
          </item>
        </relationshipDetails>
        <latestTitle>Lawsuit Abuse Reduction Act of 2015</latestTitle>
      </item>
    </relatedBills>
    <latestAction>
      <text>Motion to reconsider laid on the table Agreed to without objection.</text>
      <actionTime>15:25:22</actionTime>
      <links />
      <actionDate>2015-09-17</actionDate>
    </latestAction>
    <originChamber>House</originChamber>
    <title>Providing for consideration of the bill (H.R. 348) to provide for improved coordination of agency actions in the preparation and adoption of environmental documents for permitting determinations, and for other purposes; providing for consideration of the bill (H.R.758) to amend Rule 11 of the Federal Rules of Civil Procedure to improve attorney accountability, and for other purposes; and providing for consideration of motions to suspend the rules.</title>
    <titles>
      <item>
        <chamberName />
        <title>Providing for consideration of the bill (H.R. 348) to provide for improved coordination of agency actions in the preparation and adoption of environmental documents for permitting determinations, and for other purposes; providing for consideration of the bill (H.R.758) to amend Rule 11 of the Federal Rules of Civil Procedure to improve attorney accountability, and for other purposes; and providing for consideration of motions to suspend the rules.</title>
        <chamberCode />
        <titleType>Official Title as Introduced</titleType>
        <parentTitleType />
      </item>
      <item>
        <chamberName />
        <title>Providing for consideration of the bill (H.R. 348) to provide for improved coordination of agency actions in the preparation and adoption of environmental documents for permitting determinations, and for other purposes; providing for consideration of the bill (H.R.758) to amend Rule 11 of the Federal Rules of Civil Procedure to improve attorney accountability, and for other purposes; and providing for consideration of motions to suspend the rules.</title>
        <chamberCode />
        <titleType>Display Title</titleType>
        <parentTitleType />
      </item>
    </titles>
    <committeeReports>
      <committeeReport>
        <citation>H. Rept. 114-261</citation>
      </committeeReport>
    </committeeReports>
    <updateDate>2017-01-11T14:35:56Z</updateDate>
    <billType>HRES</billType>
    <recordedVotes>
      <recordedVote>
        <url>http://clerk.house.gov/evs/2015/roll499.xml</url>
        <rollNumber>499</rollNumber>
        <sessionNumber>1</sessionNumber>
        <fullActionName>Passage of a Measure</fullActionName>
        <congress>114</congress>
        <date>2015-09-17T19:25:21Z</date>
        <chamber>House</chamber>
      </recordedVote>
      <recordedVote>
        <url>http://clerk.house.gov/evs/2015/roll497.xml</url>
        <rollNumber>497</rollNumber>
        <sessionNumber>1</sessionNumber>
        <fullActionName>Motion for Previous Question</fullActionName>
        <congress>114</congress>
        <date>2015-09-17T18:59:14Z</date>
        <chamber>House</chamber>
      </recordedVote>
    </recordedVotes>
    <subjects>
      <billSubjects>
        <policyArea>
          <name>Congress</name>
        </policyArea>
        <legislativeSubjects>
          <item>
            <name>House of Representatives</name>
          </item>
          <item>
            <name>Legislative rules and procedure</name>
          </item>
        </legislativeSubjects>
      </billSubjects>
    </subjects>
    <policyArea>
      <name>Congress</name>
    </policyArea>
    <laws />
    <amendments>
      <amendment>
        <number>694</number>
        <amendedBill>
          <congress>114</congress>
          <title>Providing for consideration of the bill (H.R. 348) to provide for improved coordination of agency actions in the preparation and adoption of environmental documents for permitting determinations, and for other purposes; providing for consideration of the bill (H.R.758) to amend Rule 11 of the Federal Rules of Civil Procedure to improve attorney accountability, and for other purposes; and providing for consideration of motions to suspend the rules.</title>
          <type>HRES</type>
          <number>420</number>
          <originChamber>House</originChamber>
          <originChamberCode>H</originChamberCode>
        </amendedBill>
        <createDate>2015-09-18T09:23:06Z</createDate>
        <cosponsors>
          <currentCount>0</currentCount>
          <totalCount>0</totalCount>
        </cosponsors>
        <purpose />
        <type>HAMDT</type>
        <notes />
        <actions>
          <count>8</count>
          <actionByCounts>
            <houseOfRepresentatives>7</houseOfRepresentatives>
          </actionByCounts>
          <actions>
            <item>
              <actionDate>2015-09-17</actionDate>
              <type>Floor</type>
              <actionCode>H34111</actionCode>
              <committee />
              <text>On agreeing to the Collins (GA) amendment (A001) Agreed to by recorded vote: 237 - 187 (Roll no. 498).</text>
              <actionTime>15:18:08</actionTime>
              <sourceSystem>
                <name>House floor actions</name>
                <code>2</code>
              </sourceSystem>
              <links>
                <link>
                  <name>H.Amdt.694</name>
                  <url>https://www.congress.gov/amendment/114th-congress/house-amendment/694</url>
                </link>
                <link>
                  <name>Roll no. 498</name>
                  <url>http://clerk.house.gov/evs/2015/roll498.xml</url>
                </link>
              </links>
            </item>
            <item>
              <actionDate>2015-09-17</actionDate>
              <type>Floor</type>
              <actionCode>H3A100</actionCode>
              <committee />
              <text>Amendment (A001) offered by Mr. Collins (GA). (consideration: CR H6095-6096; text: CR H6095-6096)</text>
              <actionTime>13:19:55</actionTime>
              <sourceSystem>
                <name>House floor actions</name>
                <code>2</code>
              </sourceSystem>
              <links>
                <link>
                  <name>H.Amdt.694</name>
                  <url>https://www.congress.gov/amendment/114th-congress/house-amendment/694</url>
                </link>
                <link>
                  <name>H6095-6096</name>
                  <url>https://www.congress.gov/congressional-record/volume-161/house-section/page/H6095-6096</url>
                </link>
              </links>
            </item>
            <item>
              <actionDate>2015-09-17</actionDate>
              <committee />
              <links />
              <text />
            </item>
            <item>
              <actionDate>2015-09-17</actionDate>
              <type>NotUsed</type>
              <actionCode>71500</actionCode>
              <committee />
              <text>House amendment offered/reported by : Amendment (A001) offered by Mr. Collins (GA).</text>
              <actionTime>13:19:55</actionTime>
              <sourceSystem>
                <name>Library of Congress</name>
                <code>9</code>
              </sourceSystem>
              <links>
                <link>
                  <name>H.Amdt.694</name>
                  <url>https://www.congress.gov/amendment/114th-congress/house-amendment/694</url>
                </link>
                <link>
                  <name>H6095-6096</name>
                  <url>https://www.congress.gov/congressional-record/volume-161/house-section/page/H6095-6096</url>
                </link>
              </links>
            </item>
            <item>
              <actionDate>2015-09-17</actionDate>
              <type>Floor</type>
              <actionCode>72000</actionCode>
              <committee />
              <text>House amendment agreed to: On agreeing to the Collins (GA) amendment (A001) Agreed to by recorded vote: 237 - 187 (Roll no. 498).</text>
              <actionTime>15:18:08</actionTime>
              <sourceSystem>
                <name>Library of Congress</name>
                <code>9</code>
              </sourceSystem>
              <links>
                <link>
                  <name>H.Amdt.694</name>
                  <url>https://www.congress.gov/amendment/114th-congress/house-amendment/694</url>
                </link>
                <link>
                  <name>Roll no. 498</name>
                  <url>http://clerk.house.gov/evs/2015/roll498.xml</url>
                </link>
              </links>
            </item>
            <item>
              <actionDate>2015-09-17</actionDate>
              <type>Floor</type>
              <actionCode>75000</actionCode>
              <committee />
              <text>Roll call votes on amendments in House</text>
              <actionTime>15:18:08</actionTime>
              <sourceSystem>
                <name>Library of Congress</name>
                <code>9</code>
              </sourceSystem>
              <links>
                <link>
                  <name>H.Amdt.694</name>
                  <url>https://www.congress.gov/amendment/114th-congress/house-amendment/694</url>
                </link>
                <link>
                  <name>Roll no. 498</name>
                  <url>http://clerk.house.gov/evs/2015/roll498.xml</url>
                </link>
              </links>
            </item>
            <item>
              <actionDate>2015-09-17</actionDate>
              <type>NotUsed</type>
              <actionCode>79000</actionCode>
              <committee />
              <text>Amendment agreed to by House: On agreeing to the Collins (GA) amendment (A001) Agreed to by recorded vote: 237 - 187 (Roll no. 498).</text>
              <actionTime>15:18:08</actionTime>
              <sourceSystem>
                <name>Library of Congress</name>
                <code>9</code>
              </sourceSystem>
              <links>
                <link>
                  <name>H.Amdt.694</name>
                  <url>https://www.congress.gov/amendment/114th-congress/house-amendment/694</url>
                </link>
                <link>
                  <name>Roll no. 498</name>
                  <url>http://clerk.house.gov/evs/2015/roll498.xml</url>
                </link>
              </links>
            </item>
            <item>
              <actionDate>2015-09-17</actionDate>
              <type>Floor</type>
              <actionCode>71000</actionCode>
              <committee />
              <text>House amendment offered</text>
              <sourceSystem>
                <name>Library of Congress</name>
                <code>9</code>
              </sourceSystem>
              <links />
            </item>
          </actions>
          <actionTypeCounts>
            <houseAmendmentAgreedTo>1</houseAmendmentAgreedTo>
            <amendmentOffered>1</amendmentOffered>
            <agreeingToTheAmendmentResults>1</agreeingToTheAmendmentResults>
            <houseAmendmentOfferedReportedBy>1</houseAmendmentOfferedReportedBy>
            <rollCallVotesOnAmendmentsInHouse>1</rollCallVotesOnAmendmentsInHouse>
            <amendmentAgreedToByHouse>1</amendmentAgreedToByHouse>
            <houseAmendmentOffered>1</houseAmendmentOffered>
          </actionTypeCounts>
        </actions>
        <description>Add at the end the following:    SEC. 4. The requirement of clause 6(a) of rule XIII for a two-thirds vote to consider a report from the Committee on Rules on the same day it is presented to the House is waived with respect to any resolution reported on the legislative day of September 24, 2015, or September 25, 2015.</description>
        <congress>114</congress>
        <amendedAmendment />
        <chamber>House of Representatives</chamber>
        <proposedDate />
        <sponsors>
          <item>
            <party>R</party>
            <state>GA</state>
            <middleName />
            <bioguideId>C001093</bioguideId>
            <lastName>Collins</lastName>
            <firstName>Doug</firstName>
            <fullName>Rep. Collins, Doug [R-GA-9]</fullName>
            <district>9</district>
          </item>
        </sponsors>
        <links />
        <number>694</number>
        <submittedDate>2015-09-17T04:00:00Z</submittedDate>
        <amendments>
          <count>0</count>
        </amendments>
        <updateDate>2017-01-11T14:35:56Z</updateDate>
        <titles />
        <type>HAMDT</type>
        <congress>114</congress>
        <purpose />
        <latestAction>
          <actionDate>2015-09-17</actionDate>
          <actionTime>15:18:08</actionTime>
          <text>On agreeing to the Collins (GA) amendment (A001) Agreed to by recorded vote: 237 - 187 (Roll no. 498).</text>
        </latestAction>
        <description>Add at the end the following:    SEC. 4. The requirement of clause 6(a) of rule XIII for a two-thirds vote to consider a report from the Committee on Rules on the same day it is presented to the House is waived with respect to any resolution reported on the legislative day of September 24, 2015, or September 25, 2015.</description>
      </amendment>
    </amendments>
    <committees>
      <billCommittees>
        <item>
          <systemCode>hsru00</systemCode>
          <name>Rules Committee</name>
          <subcommittees />
          <chamber>House</chamber>
          <activities>
            <item>
              <name>Reported original measure</name>
              <date>2015-09-17T02:18:10Z</date>
            </item>
          </activities>
          <type>Standing</type>
        </item>
      </billCommittees>
    </committees>
    <sponsors>
      <item>
        <identifiers>
          <lisID>2121</lisID>
          <gpoId />
          <bioguideId>C001093</bioguideId>
        </identifiers>
        <state>GA</state>
        <bioguideId>C001093</bioguideId>
        <lastName>Collins</lastName>
        <middleName />
        <party>R</party>
        <district>9</district>
        <fullName>Rep. Collins, Doug [R-GA-9]</fullName>
        <byRequestType />
        <firstName>Doug</firstName>
      </item>
    </sponsors>
    <introducedDate>2015-09-16</introducedDate>
    <summaries>
      <billSummaries>
        <item>
          <lastSummaryUpdateDate>2015-09-17T08:06:33Z</lastSummaryUpdateDate>
          <actionDate>2015-09-16</actionDate>
          <text><![CDATA[Sets forth the rule for consideration of the bill (H.R. 348) to provide for improved coordination of agency actions in the preparation and adoption of environmental documents for permitting determinations, and for other purposes; providing for consideration of the bill (H.R.758) to amend Rule 11 of the Federal Rules of Civil Procedure to improve attorney accountability, and for other purposes; and providing for consideration of motions to suspend the rules.]]></text>
          <updateDate>2015-09-16T04:00:00Z</updateDate>
          <name>Introduced in House</name>
          <versionCode>00</versionCode>
          <actionDesc>Introduced in House</actionDesc>
        </item>
      </billSummaries>
    </summaries>
    <notes />
    <createDate>2015-09-17T09:09:34Z</createDate>
    <billNumber>420</billNumber>
    <cosponsors />
    <constitutionalAuthorityStatementText />
  </bill>
  <dublinCore xmlns:dc="http://purl.org/dc/elements/1.1/">
    <dc:format>text/xml</dc:format>
    <dc:language>EN</dc:language>
    <dc:rights>Pursuant to Title 17 Section 105 of the United States Code, this file is not subject to copyright protection and is in the public domain.</dc:rights>
    <dc:contributor>Congressional Research Service, Library of Congress</dc:contributor>
    <dc:description>This file contains bill summaries and statuses for federal legislation. A bill summary describes the most significant provisions of a piece of legislation and details the effects the legislative text may have on current law and federal programs. Bill summaries are authored by the Congressional Research Service (CRS) of the Library of Congress. As stated in Public Law 91-510 (2 USC 166 (d)(6)), one of the duties of CRS is "to prepare summaries and digests of bills and resolutions of a public general nature introduced in the Senate or House of Representatives". For more information, refer to the User Guide that accompanies this file.</dc:description>
  </dublinCore>
</billStatus>

