<?xml version="1.0" encoding="UTF-8"?>
<billStatus>
  <bill>
    <cosponsors>
      <item>
        <identifiers>
          <lisID>2092</lisID>
          <gpoId>8367</gpoId>
          <bioguideId>B001278</bioguideId>
        </identifiers>
        <state>OR</state>
        <sponsorshipDate>2015-03-16</sponsorshipDate>
        <district>1</district>
        <middleName />
        <party>D</party>
        <sponsorshipWithdrawnDate />
        <bioguideId>B001278</bioguideId>
        <lastName>Bonamici</lastName>
        <isOriginalCosponsor>True</isOriginalCosponsor>
        <fullName>Rep. Bonamici, Suzanne [D-OR-1]</fullName>
        <firstName>Suzanne</firstName>
      </item>
      <item>
        <identifiers>
          <bioguideId>J000288</bioguideId>
          <gpoId>7901</gpoId>
          <lisID>1843</lisID>
        </identifiers>
        <state>GA</state>
        <sponsorshipDate>2015-03-19</sponsorshipDate>
        <district>4</district>
        <middleName>C. "Hank"</middleName>
        <party>D</party>
        <sponsorshipWithdrawnDate />
        <bioguideId>J000288</bioguideId>
        <lastName>Johnson</lastName>
        <isOriginalCosponsor>False</isOriginalCosponsor>
        <fullName>Rep. Johnson, Henry C. "Hank," Jr. [D-GA-4]</fullName>
        <firstName>Henry</firstName>
      </item>
      <item>
        <identifiers>
          <lisID>1708</lisID>
          <gpoId>7804</gpoId>
          <bioguideId>G000551</bioguideId>
        </identifiers>
        <state>AZ</state>
        <sponsorshipDate>2015-03-19</sponsorshipDate>
        <district>3</district>
        <middleName>M.</middleName>
        <party>D</party>
        <sponsorshipWithdrawnDate />
        <bioguideId>G000551</bioguideId>
        <lastName>Grijalva</lastName>
        <isOriginalCosponsor>False</isOriginalCosponsor>
        <fullName>Rep. Grijalva, Raul M. [D-AZ-3]</fullName>
        <firstName>Raul</firstName>
      </item>
    </cosponsors>
    <titles>
      <item>
        <chamberCode />
        <title>Expressing support for designation of the week of March 15, 2015, through March 21, 2015, as National Young Audiences Arts for Learning Week.</title>
        <parentTitleType />
        <titleType>Official Title as Introduced</titleType>
        <chamberName />
      </item>
      <item>
        <chamberCode />
        <title>Expressing support for designation of the week of March 15, 2015, through March 21, 2015, as National Young Audiences Arts for Learning Week.</title>
        <parentTitleType />
        <titleType>Display Title</titleType>
        <chamberName />
      </item>
    </titles>
    <laws />
    <amendments />
    <createDate>2015-03-17T05:46:41Z</createDate>
    <updateDate>2017-01-11T14:30:14Z</updateDate>
    <relatedBills>
      <item>
        <latestTitle>Expressing support for designation of the week of March 15, 2015, through March 21, 2015, as National Young Audiences Arts for Learning Week.</latestTitle>
        <type>HRES</type>
        <number>149</number>
        <congress>114</congress>
        <latestAction>
          <actionDate>2015-03-13</actionDate>
          <text>Referred to the House Committee on Education and the Workforce.</text>
        </latestAction>
        <relationshipDetails>
          <item>
            <type>Identical bill</type>
            <identifiedBy>CRS</identifiedBy>
          </item>
        </relationshipDetails>
      </item>
      <item>
        <latestTitle>Expressing support for designation of the week of March 27, 2016, through April 2, 2016, as National Young Audiences Arts for Learning Week.</latestTitle>
        <type>HRES</type>
        <number>678</number>
        <congress>114</congress>
        <latestAction>
          <actionDate>2016-04-13</actionDate>
          <text>Referred to the House Committee on Education and the Workforce.</text>
        </latestAction>
        <relationshipDetails>
          <item>
            <type>Identical bill</type>
            <identifiedBy>CRS</identifiedBy>
          </item>
          <item>
            <type>Related bill</type>
            <identifiedBy>CRS</identifiedBy>
          </item>
        </relationshipDetails>
      </item>
    </relatedBills>
    <subjects>
      <billSubjects>
        <legislativeSubjects>
          <item>
            <name>Art, artists, authorship</name>
          </item>
          <item>
            <name>Commemorative events and holidays</name>
          </item>
          <item>
            <name>Congressional tributes</name>
          </item>
          <item>
            <name>Elementary and secondary education</name>
          </item>
          <item>
            <name>Performing arts</name>
          </item>
          <item>
            <name>Teaching, teachers, curricula</name>
          </item>
        </legislativeSubjects>
        <policyArea>
          <name>Education</name>
        </policyArea>
      </billSubjects>
    </subjects>
    <billType>HRES</billType>
    <introducedDate>2015-03-16</introducedDate>
    <sponsors>
      <item>
        <byRequestType />
        <firstName>LOUISE</firstName>
        <state>NY</state>
        <district>25</district>
        <bioguideId>S000480</bioguideId>
        <lastName>SLAUGHTER</lastName>
        <fullName>Rep. Slaughter, Louise McIntosh [D-NY-25]</fullName>
        <party>D</party>
        <identifiers>
          <lisID>1069</lisID>
          <gpoId>8089</gpoId>
          <bioguideId>S000480</bioguideId>
        </identifiers>
        <middleName>M.</middleName>
      </item>
    </sponsors>
    <recordedVotes />
    <originChamber>House</originChamber>
    <calendarNumbers />
    <congress>114</congress>
    <title>Expressing support for designation of the week of March 15, 2015, through March 21, 2015, as National Young Audiences Arts for Learning Week.</title>
    <cboCostEstimates />
    <actions>
      <actionByCounts>
        <houseOfRepresentatives>3</houseOfRepresentatives>
      </actionByCounts>
      <actionTypeCounts>
        <introducedInTheHouse>1</introducedInTheHouse>
        <introducedInHouse>1</introducedInHouse>
        <billReferrals>1</billReferrals>
      </actionTypeCounts>
      <item>
        <type>IntroReferral</type>
        <text>Referred to the House Committee on Education and the Workforce.</text>
        <actionCode>H11100</actionCode>
        <sourceSystem>
          <name>House floor actions</name>
          <code>2</code>
        </sourceSystem>
        <links />
        <committee>
          <systemCode>hsed00</systemCode>
          <name>Education and the Workforce Committee</name>
        </committee>
        <actionDate>2015-03-16</actionDate>
      </item>
      <item>
        <type>IntroReferral</type>
        <text>Introduced in House</text>
        <actionCode>Intro-H</actionCode>
        <sourceSystem>
          <name>Library of Congress</name>
          <code>9</code>
        </sourceSystem>
        <links />
        <committee />
        <actionDate>2015-03-16</actionDate>
      </item>
      <item>
        <type>IntroReferral</type>
        <text>Introduced in House</text>
        <actionCode>1000</actionCode>
        <sourceSystem>
          <name>Library of Congress</name>
          <code>9</code>
        </sourceSystem>
        <links />
        <committee />
        <actionDate>2015-03-16</actionDate>
      </item>
    </actions>
    <latestAction>
      <actionDate>2015-03-16</actionDate>
      <text>Referred to the House Committee on Education and the Workforce.</text>
      <links />
    </latestAction>
    <committeeReports />
    <notes />
    <committees>
      <billCommittees>
        <item>
          <chamber>House</chamber>
          <subcommittees />
          <type>Standing</type>
          <name>Education and the Workforce Committee</name>
          <activities>
            <item>
              <name>Referred to</name>
              <date>2015-03-16T16:01:30Z</date>
            </item>
          </activities>
          <systemCode>hsed00</systemCode>
        </item>
      </billCommittees>
    </committees>
    <billNumber>151</billNumber>
    <constitutionalAuthorityStatementText />
    <policyArea>
      <name>Education</name>
    </policyArea>
    <summaries>
      <billSummaries>
        <item>
          <lastSummaryUpdateDate>2015-03-17T19:30:39Z</lastSummaryUpdateDate>
          <actionDate>2015-03-16</actionDate>
          <text><![CDATA[<p>Supports the designation of National Young Audiences Arts for Learning Week. (Young Audiences Arts for Learning is a nonprofit organization that presents arts-in-education programs to students and teachers.) </p> <p>Honors the contributions which Young Audiences Arts for Learning programs have made in enriching the lives of students, teachers, volunteers, families, and communities.</p>]]></text>
          <updateDate>2015-03-16T04:00:00Z</updateDate>
          <name>Introduced in House</name>
          <versionCode>00</versionCode>
          <actionDesc>Introduced in House</actionDesc>
        </item>
      </billSummaries>
    </summaries>
  </bill>
  <dublinCore xmlns:dc="http://purl.org/dc/elements/1.1/">
    <dc:format>text/xml</dc:format>
    <dc:language>EN</dc:language>
    <dc:rights>Pursuant to Title 17 Section 105 of the United States Code, this file is not subject to copyright protection and is in the public domain.</dc:rights>
    <dc:contributor>Congressional Research Service, Library of Congress</dc:contributor>
    <dc:description>This file contains bill summaries and statuses for federal legislation. A bill summary describes the most significant provisions of a piece of legislation and details the effects the legislative text may have on current law and federal programs. Bill summaries are authored by the Congressional Research Service (CRS) of the Library of Congress. As stated in Public Law 91-510 (2 USC 166 (d)(6)), one of the duties of CRS is "to prepare summaries and digests of bills and resolutions of a public general nature introduced in the Senate or House of Representatives". For more information, refer to the User Guide that accompanies this file.</dc:description>
  </dublinCore>
</billStatus>

