<?xml version="1.0" encoding="UTF-8"?>
<billStatus>
  <bill>
    <policyArea>
      <name>International Affairs</name>
    </policyArea>
    <updateDate>2017-01-11T14:29:43Z</updateDate>
    <billType>HRES</billType>
    <laws />
    <sponsors>
      <item>
        <fullName>Rep. Poe, Ted [R-TX-2]</fullName>
        <identifiers>
          <lisID>1802</lisID>
          <gpoId>8158</gpoId>
          <bioguideId>P000592</bioguideId>
        </identifiers>
        <byRequestType />
        <firstName>Ted</firstName>
        <bioguideId>P000592</bioguideId>
        <lastName>Poe</lastName>
        <state>TX</state>
        <district>2</district>
        <party>R</party>
        <middleName />
      </item>
    </sponsors>
    <congress>114</congress>
    <latestAction>
      <actionDate>2015-01-20</actionDate>
      <text>Motion to reconsider laid on the table Agreed to without objection.</text>
      <actionTime>14:35:01</actionTime>
      <links />
    </latestAction>
    <recordedVotes />
    <calendarNumbers />
    <cboCostEstimates />
    <title>Expressing the sense of the House of Representatives condemning the recent terrorist attacks in Paris that resulted in the deaths of seventeen innocent persons and offering condolences to those personally affected by this cowardly act.</title>
    <actions>
      <actionByCounts>
        <houseOfRepresentatives>9</houseOfRepresentatives>
      </actionByCounts>
      <item>
        <sourceSystem>
          <code>2</code>
          <name>House floor actions</name>
        </sourceSystem>
        <type>Floor</type>
        <text>Motion to reconsider laid on the table Agreed to without objection.</text>
        <committee />
        <links />
        <actionDate>2015-01-20</actionDate>
        <actionCode>H38310</actionCode>
        <actionTime>14:35:01</actionTime>
      </item>
      <item>
        <sourceSystem>
          <code>2</code>
          <name>House floor actions</name>
        </sourceSystem>
        <type>Floor</type>
        <text>On motion to suspend the rules and agree to the resolution Agreed to by voice vote. (text: CR H416)</text>
        <committee />
        <links>
          <link>
            <url>https://www.congress.gov/congressional-record/volume-161/house-section/page/H416</url>
            <name>H416</name>
          </link>
        </links>
        <actionDate>2015-01-20</actionDate>
        <actionCode>H37300</actionCode>
        <actionTime>14:34:57</actionTime>
      </item>
      <item>
        <sourceSystem>
          <code>9</code>
          <name>Library of Congress</name>
        </sourceSystem>
        <type>Floor</type>
        <text>Passed/agreed to in House: On motion to suspend the rules and agree to the resolution Agreed to by voice vote.(text: CR H416)</text>
        <committee />
        <links>
          <link>
            <url>https://www.congress.gov/congressional-record/volume-161/house-section/page/H416</url>
            <name>H416</name>
          </link>
        </links>
        <actionDate>2015-01-20</actionDate>
        <actionCode>8000</actionCode>
        <actionTime>14:34:57</actionTime>
      </item>
      <item>
        <sourceSystem>
          <code>2</code>
          <name>House floor actions</name>
        </sourceSystem>
        <type>Floor</type>
        <text>DEBATE - The House proceeded with forty minutes of debate on H. Res. 37.</text>
        <committee />
        <links>
          <link>
            <url>https://www.congress.gov/bill/114th-congress/house-resolution/37</url>
            <name>H. Res. 37</name>
          </link>
        </links>
        <actionDate>2015-01-20</actionDate>
        <actionCode>H8D000</actionCode>
        <actionTime>14:12:44</actionTime>
      </item>
      <item>
        <sourceSystem>
          <code>2</code>
          <name>House floor actions</name>
        </sourceSystem>
        <type>Floor</type>
        <text>Considered under suspension of the rules. (consideration: CR H416-418)</text>
        <committee />
        <links>
          <link>
            <url>https://www.congress.gov/congressional-record/volume-161/house-section/page/H416-418</url>
            <name>H416-418</name>
          </link>
        </links>
        <actionDate>2015-01-20</actionDate>
        <actionCode>H30000</actionCode>
        <actionTime>14:12:33</actionTime>
      </item>
      <item>
        <sourceSystem>
          <code>2</code>
          <name>House floor actions</name>
        </sourceSystem>
        <type>Floor</type>
        <text>Mr. Royce moved to suspend the rules and agree to the resolution.</text>
        <committee />
        <links />
        <actionDate>2015-01-20</actionDate>
        <actionCode>H30300</actionCode>
        <actionTime>14:12:14</actionTime>
      </item>
      <item>
        <sourceSystem>
          <code>2</code>
          <name>House floor actions</name>
        </sourceSystem>
        <type>IntroReferral</type>
        <text>Referred to the House Committee on Foreign Affairs.</text>
        <committee>
          <systemCode>hsfa00</systemCode>
          <name>Foreign Affairs Committee</name>
        </committee>
        <links />
        <actionDate>2015-01-16</actionDate>
        <actionCode>H11100</actionCode>
      </item>
      <item>
        <sourceSystem>
          <code>9</code>
          <name>Library of Congress</name>
        </sourceSystem>
        <type>IntroReferral</type>
        <text>Introduced in House</text>
        <committee />
        <links />
        <actionDate>2015-01-16</actionDate>
        <actionCode>Intro-H</actionCode>
      </item>
      <item>
        <sourceSystem>
          <code>9</code>
          <name>Library of Congress</name>
        </sourceSystem>
        <type>IntroReferral</type>
        <text>Introduced in House</text>
        <committee />
        <links />
        <actionDate>2015-01-16</actionDate>
        <actionCode>1000</actionCode>
      </item>
      <actionTypeCounts>
        <considerationByHouse>1</considerationByHouse>
        <generalDebate>1</generalDebate>
        <billReferrals>1</billReferrals>
        <motionToReconsiderResults>1</motionToReconsiderResults>
        <introducedInTheHouse>1</introducedInTheHouse>
        <finalPassageUnderSuspensionOfTheRulesResults>1</finalPassageUnderSuspensionOfTheRulesResults>
        <passedAgreedToInHouse>1</passedAgreedToInHouse>
        <motionMadeToSuspendTheRules>1</motionMadeToSuspendTheRules>
        <introducedInHouse>1</introducedInHouse>
      </actionTypeCounts>
    </actions>
    <amendments />
    <introducedDate>2015-01-16</introducedDate>
    <billNumber>37</billNumber>
    <relatedBills />
    <titles>
      <item>
        <title>Expressing the sense of the House of Representatives condemning the recent terrorist attacks in Paris that resulted in the deaths of seventeen innocent persons and offering condolences to those personally affected by this cowardly act.</title>
        <chamberCode />
        <parentTitleType />
        <chamberName />
        <titleType>Official Title as Introduced</titleType>
      </item>
      <item>
        <title>Expressing the sense of the House of Representatives condemning the recent terrorist attacks in Paris that resulted in the deaths of seventeen innocent persons and offering condolences to those personally affected by this cowardly act.</title>
        <chamberCode />
        <parentTitleType />
        <chamberName />
        <titleType>Display Title</titleType>
      </item>
    </titles>
    <cosponsors>
      <item>
        <fullName>Rep. Engel, Eliot L. [D-NY-16]</fullName>
        <party>D</party>
        <isOriginalCosponsor>True</isOriginalCosponsor>
        <district>16</district>
        <identifiers>
          <lisID>344</lisID>
          <gpoId>8078</gpoId>
          <bioguideId>E000179</bioguideId>
        </identifiers>
        <sponsorshipWithdrawnDate />
        <bioguideId>E000179</bioguideId>
        <sponsorshipDate>2015-01-16</sponsorshipDate>
        <firstName>ELIOT</firstName>
        <middleName>L.</middleName>
        <state>NY</state>
        <lastName>ENGEL</lastName>
      </item>
      <item>
        <fullName>Rep. Royce, Edward R. [R-CA-39]</fullName>
        <party>R</party>
        <isOriginalCosponsor>True</isOriginalCosponsor>
        <district>39</district>
        <identifiers>
          <bioguideId>R000487</bioguideId>
          <lisID>998</lisID>
          <gpoId>7845</gpoId>
        </identifiers>
        <sponsorshipWithdrawnDate />
        <bioguideId>R000487</bioguideId>
        <sponsorshipDate>2015-01-16</sponsorshipDate>
        <firstName>ED</firstName>
        <middleName />
        <state>CA</state>
        <lastName>ROYCE</lastName>
      </item>
      <item>
        <fullName>Rep. Rohrabacher, Dana [R-CA-48]</fullName>
        <party>R</party>
        <isOriginalCosponsor>False</isOriginalCosponsor>
        <district>48</district>
        <identifiers>
          <lisID>979</lisID>
          <gpoId>7851</gpoId>
          <bioguideId>R000409</bioguideId>
        </identifiers>
        <sponsorshipWithdrawnDate />
        <bioguideId>R000409</bioguideId>
        <sponsorshipDate>2015-01-20</sponsorshipDate>
        <firstName>DANA</firstName>
        <middleName />
        <state>CA</state>
        <lastName>ROHRABACHER</lastName>
      </item>
      <item>
        <fullName>Rep. Meeks, Gregory W. [D-NY-5]</fullName>
        <party>D</party>
        <isOriginalCosponsor>False</isOriginalCosponsor>
        <district>5</district>
        <identifiers>
          <lisID>1506</lisID>
          <gpoId>8067</gpoId>
          <bioguideId>M001137</bioguideId>
        </identifiers>
        <sponsorshipWithdrawnDate />
        <bioguideId>M001137</bioguideId>
        <sponsorshipDate>2015-01-20</sponsorshipDate>
        <firstName>GREGORY</firstName>
        <middleName>W.</middleName>
        <state>NY</state>
        <lastName>MEEKS</lastName>
      </item>
      <item>
        <fullName>Rep. Blumenauer, Earl [D-OR-3]</fullName>
        <party>D</party>
        <isOriginalCosponsor>False</isOriginalCosponsor>
        <district>3</district>
        <identifiers>
          <bioguideId>B000574</bioguideId>
          <gpoId>8116</gpoId>
          <lisID>99</lisID>
        </identifiers>
        <sponsorshipWithdrawnDate />
        <bioguideId>B000574</bioguideId>
        <sponsorshipDate>2015-01-20</sponsorshipDate>
        <firstName>EARL</firstName>
        <middleName />
        <state>OR</state>
        <lastName>BLUMENAUER</lastName>
      </item>
      <item>
        <fullName>Rep. Duncan, Jeff [R-SC-3]</fullName>
        <party>R</party>
        <isOriginalCosponsor>False</isOriginalCosponsor>
        <district>3</district>
        <identifiers>
          <gpoId>8143</gpoId>
          <bioguideId>D000615</bioguideId>
          <lisID>2057</lisID>
        </identifiers>
        <sponsorshipWithdrawnDate />
        <bioguideId>D000615</bioguideId>
        <sponsorshipDate>2015-01-20</sponsorshipDate>
        <firstName>Jeff</firstName>
        <middleName />
        <state>SC</state>
        <lastName>Duncan</lastName>
      </item>
      <item>
        <fullName>Rep. Cartwright, Matt [D-PA-17]</fullName>
        <party>D</party>
        <isOriginalCosponsor>False</isOriginalCosponsor>
        <district>17</district>
        <identifiers>
          <lisID>2159</lisID>
          <gpoId />
          <bioguideId>C001090</bioguideId>
        </identifiers>
        <sponsorshipWithdrawnDate />
        <bioguideId>C001090</bioguideId>
        <sponsorshipDate>2015-01-20</sponsorshipDate>
        <firstName>Matt</firstName>
        <middleName />
        <state>PA</state>
        <lastName>Cartwright</lastName>
      </item>
      <item>
        <fullName>Rep. Sherman, Brad [D-CA-30]</fullName>
        <party>D</party>
        <isOriginalCosponsor>False</isOriginalCosponsor>
        <district>30</district>
        <identifiers>
          <bioguideId>S000344</bioguideId>
          <lisID>1526</lisID>
          <gpoId>7832</gpoId>
        </identifiers>
        <sponsorshipWithdrawnDate />
        <bioguideId>S000344</bioguideId>
        <sponsorshipDate>2015-01-20</sponsorshipDate>
        <firstName>BRAD</firstName>
        <middleName />
        <state>CA</state>
        <lastName>SHERMAN</lastName>
      </item>
      <item>
        <fullName>Rep. Keating, William R. [D-MA-9]</fullName>
        <party>D</party>
        <isOriginalCosponsor>False</isOriginalCosponsor>
        <district>9</district>
        <identifiers>
          <gpoId>7975</gpoId>
          <bioguideId>K000375</bioguideId>
          <lisID>2025</lisID>
        </identifiers>
        <sponsorshipWithdrawnDate />
        <bioguideId>K000375</bioguideId>
        <sponsorshipDate>2015-01-20</sponsorshipDate>
        <firstName>William</firstName>
        <middleName>R.</middleName>
        <state>MA</state>
        <lastName>Keating</lastName>
      </item>
      <item>
        <fullName>Rep. Kinzinger, Adam [R-IL-16]</fullName>
        <party>R</party>
        <isOriginalCosponsor>False</isOriginalCosponsor>
        <district>16</district>
        <identifiers>
          <bioguideId>K000378</bioguideId>
          <gpoId>7931</gpoId>
          <lisID>2014</lisID>
        </identifiers>
        <sponsorshipWithdrawnDate />
        <bioguideId>K000378</bioguideId>
        <sponsorshipDate>2015-01-20</sponsorshipDate>
        <firstName>Adam</firstName>
        <middleName />
        <state>IL</state>
        <lastName>Kinzinger</lastName>
      </item>
    </cosponsors>
    <constitutionalAuthorityStatementText />
    <committeeReports />
    <originChamber>House</originChamber>
    <summaries>
      <billSummaries>
        <item>
          <actionDesc>Introduced in House</actionDesc>
          <name>Introduced in House</name>
          <actionDate>2015-01-16</actionDate>
          <lastSummaryUpdateDate>2015-01-20T21:06:27Z</lastSummaryUpdateDate>
          <updateDate>2015-01-16T05:00:00Z</updateDate>
          <versionCode>00</versionCode>
          <text><![CDATA[<p>Condemns the recent terrorist attacks in Paris that resulted in the tragic loss of seventeen innocent lives, and extends deepest sympathies to all those affected by this tragedy.</p> <p> Supports France's efforts to ensure that the individuals who committed or supported these attacks are brought to justice.</p> <p> Expresses concern regarding the flow of foreign fighters to and from the Middle East and West and North Africa and the threat they pose upon their return to their local communities. </p> <p>Appreciates France's efforts to combat terrorism, aid the multinational effort to destroy the Islamic State of Iraq and the Levant (ISIL), and promote stability throughout the Middle East and West and North Africa. </p> <p>Recognizes the growing threat posed by radical Islamist terrorist groups and reaffirms the U.S. commitment to the multilateral fight against them.</p> <p>Calls upon all nations to join a global effort to combat violent extremist ideologies and terrorist groups.</p> <p>Remains committed to the defense of free expression, including religious freedom, as well as other universal values that the terrorists seek to destroy.</p>]]></text>
        </item>
        <item>
          <actionDesc>Passed House without amendment</actionDesc>
          <name>Passed House without amendment</name>
          <actionDate>2015-01-20</actionDate>
          <lastSummaryUpdateDate>2015-01-21T16:42:54Z</lastSummaryUpdateDate>
          <updateDate>2015-01-20T13:58:52Z</updateDate>
          <versionCode>81</versionCode>
          <text><![CDATA[<p><b>(This measure has not been amended since it was introduced. The summary of that version is repeated here.)</b></p> <p>Condemns the recent terrorist attacks in Paris that resulted in the tragic loss of seventeen innocent lives, and extends deepest sympathies to all those affected by this tragedy.</p> <p> Supports France's efforts to ensure that the individuals who committed or supported these attacks are brought to justice.</p> <p> Expresses concern regarding the flow of foreign fighters to and from the Middle East and West and North Africa and the threat they pose upon their return to their local communities. </p> <p>Appreciates France's efforts to combat terrorism, aid the multinational effort to destroy the Islamic State of Iraq and the Levant (ISIL), and promote stability throughout the Middle East and West and North Africa. </p> <p>Recognizes the growing threat posed by radical Islamist terrorist groups and reaffirms the U.S. commitment to the multilateral fight against them.</p> <p>Calls upon all nations to join a global effort to combat violent extremist ideologies and terrorist groups.</p> <p>Remains committed to the defense of free expression, including religious freedom, as well as other universal values that the terrorists seek to destroy.</p>]]></text>
        </item>
      </billSummaries>
    </summaries>
    <subjects>
      <billSubjects>
        <legislativeSubjects>
          <item>
            <name>Africa</name>
          </item>
          <item>
            <name>Congressional tributes</name>
          </item>
          <item>
            <name>Criminal investigation, prosecution, interrogation</name>
          </item>
          <item>
            <name>Europe</name>
          </item>
          <item>
            <name>France</name>
          </item>
          <item>
            <name>Human rights</name>
          </item>
          <item>
            <name>International organizations and cooperation</name>
          </item>
          <item>
            <name>Iraq</name>
          </item>
          <item>
            <name>Middle East</name>
          </item>
          <item>
            <name>Religion</name>
          </item>
          <item>
            <name>Syria</name>
          </item>
          <item>
            <name>Terrorism</name>
          </item>
        </legislativeSubjects>
        <policyArea>
          <name>International Affairs</name>
        </policyArea>
      </billSubjects>
    </subjects>
    <createDate>2015-01-17T04:46:25Z</createDate>
    <notes />
    <committees>
      <billCommittees>
        <item>
          <subcommittees />
          <name>Foreign Affairs Committee</name>
          <systemCode>hsfa00</systemCode>
          <type>Standing</type>
          <activities>
            <item>
              <date>2015-01-16T21:01:40Z</date>
              <name>Referred to</name>
            </item>
          </activities>
          <chamber>House</chamber>
        </item>
      </billCommittees>
    </committees>
  </bill>
  <dublinCore xmlns:dc="http://purl.org/dc/elements/1.1/">
    <dc:format>text/xml</dc:format>
    <dc:language>EN</dc:language>
    <dc:rights>Pursuant to Title 17 Section 105 of the United States Code, this file is not subject to copyright protection and is in the public domain.</dc:rights>
    <dc:contributor>Congressional Research Service, Library of Congress</dc:contributor>
    <dc:description>This file contains bill summaries and statuses for federal legislation. A bill summary describes the most significant provisions of a piece of legislation and details the effects the legislative text may have on current law and federal programs. Bill summaries are authored by the Congressional Research Service (CRS) of the Library of Congress. As stated in Public Law 91-510 (2 USC 166 (d)(6)), one of the duties of CRS is "to prepare summaries and digests of bills and resolutions of a public general nature introduced in the Senate or House of Representatives". For more information, refer to the User Guide that accompanies this file.</dc:description>
  </dublinCore>
</billStatus>

