<?xml version="1.0" encoding="UTF-8"?>
<billStatus>
  <bill>
    <actions>
      <item>
        <actionDate>2015-04-21</actionDate>
        <committee>
          <name>Health Subcommittee</name>
          <systemCode>hswm02</systemCode>
        </committee>
        <links />
        <sourceSystem>
          <name>House committee actions</name>
          <code>1</code>
        </sourceSystem>
        <text>Referred to the Subcommittee on Health.</text>
        <type>Committee</type>
      </item>
      <item>
        <actionDate>2015-04-17</actionDate>
        <committee>
          <name>Health Subcommittee</name>
          <systemCode>hsif14</systemCode>
        </committee>
        <links />
        <sourceSystem>
          <name>House committee actions</name>
          <code>1</code>
        </sourceSystem>
        <text>Referred to the Subcommittee on Health.</text>
        <type>Committee</type>
      </item>
      <item>
        <committee>
          <name>Budget Committee</name>
          <systemCode>hsbu00</systemCode>
        </committee>
        <actionDate>2015-04-16</actionDate>
        <text>Referred to House Budget</text>
        <links />
        <actionCode>H11100</actionCode>
        <type>IntroReferral</type>
        <sourceSystem>
          <name>House floor actions</name>
          <code>2</code>
        </sourceSystem>
      </item>
      <item>
        <committee>
          <name>Education and the Workforce Committee</name>
          <systemCode>hsed00</systemCode>
        </committee>
        <actionDate>2015-04-16</actionDate>
        <text>Referred to House Education and the Workforce</text>
        <links />
        <actionCode>H11100</actionCode>
        <type>IntroReferral</type>
        <sourceSystem>
          <name>House floor actions</name>
          <code>2</code>
        </sourceSystem>
      </item>
      <item>
        <committee>
          <name>Ways and Means Committee</name>
          <systemCode>hswm00</systemCode>
        </committee>
        <actionDate>2015-04-16</actionDate>
        <text>Referred to House Ways and Means</text>
        <links />
        <actionCode>H11100</actionCode>
        <type>IntroReferral</type>
        <sourceSystem>
          <name>House floor actions</name>
          <code>2</code>
        </sourceSystem>
      </item>
      <item>
        <committee />
        <actionDate>2015-04-16</actionDate>
        <text>Referred to the Committee on Energy and Commerce, and in addition to the Committees on Ways and Means, Education and the Workforce, and the Budget, for a period to be subsequently determined by the Speaker, in each case for consideration of such provisions as fall within the jurisdiction of the committee concerned.</text>
        <links />
        <actionCode>H11100-A</actionCode>
        <type>IntroReferral</type>
        <sourceSystem>
          <name>Library of Congress</name>
          <code>9</code>
        </sourceSystem>
      </item>
      <item>
        <committee>
          <name>Energy and Commerce Committee</name>
          <systemCode>hsif00</systemCode>
        </committee>
        <actionDate>2015-04-16</actionDate>
        <text>Referred to House Energy and Commerce</text>
        <links />
        <actionCode>H11100</actionCode>
        <type>IntroReferral</type>
        <sourceSystem>
          <name>House floor actions</name>
          <code>2</code>
        </sourceSystem>
      </item>
      <item>
        <committee />
        <actionDate>2015-04-16</actionDate>
        <text>Introduced in House</text>
        <links />
        <actionCode>Intro-H</actionCode>
        <type>IntroReferral</type>
        <sourceSystem>
          <name>Library of Congress</name>
          <code>9</code>
        </sourceSystem>
      </item>
      <item>
        <committee />
        <actionDate>2015-04-16</actionDate>
        <text>Introduced in House</text>
        <links />
        <actionCode>1000</actionCode>
        <type>IntroReferral</type>
        <sourceSystem>
          <name>Library of Congress</name>
          <code>9</code>
        </sourceSystem>
      </item>
      <actionTypeCounts>
        <billReferrals>4</billReferrals>
        <introducedInTheHouse>1</introducedInTheHouse>
        <placeholderTextForH>2</placeholderTextForH>
        <introducedInHouse>1</introducedInHouse>
        <billReferralsAggregate>1</billReferralsAggregate>
      </actionTypeCounts>
      <actionByCounts>
        <houseOfRepresentatives>9</houseOfRepresentatives>
      </actionByCounts>
    </actions>
    <amendments />
    <updateDate>2017-01-11T14:30:27Z</updateDate>
    <titles>
      <item>
        <titleType>Official Title as Introduced</titleType>
        <chamberName />
        <title>Expressing the sense of the House of Representatives regarding establishing a National Strategic Agenda.</title>
        <chamberCode />
        <parentTitleType />
      </item>
      <item>
        <titleType>Display Title</titleType>
        <chamberName />
        <title>Expressing the sense of the House of Representatives regarding establishing a National Strategic Agenda.</title>
        <chamberCode />
        <parentTitleType />
      </item>
    </titles>
    <notes />
    <originChamber>House</originChamber>
    <committeeReports />
    <introducedDate>2015-04-16</introducedDate>
    <sponsors>
      <item>
        <middleName />
        <firstName>Tom</firstName>
        <bioguideId>R000585</bioguideId>
        <district>23</district>
        <byRequestType />
        <state>NY</state>
        <identifiers>
          <gpoId>8090</gpoId>
          <bioguideId>R000585</bioguideId>
          <lisID>1982</lisID>
        </identifiers>
        <party>R</party>
        <lastName>Reed</lastName>
        <fullName>Rep. Reed, Tom [R-NY-23]</fullName>
      </item>
    </sponsors>
    <summaries>
      <billSummaries>
        <item>
          <text><![CDATA[<p>Expresses the sense of the House of Representatives that the House should strive to create, debate, and adopt policy solutions to achieve a National Strategic Agenda with the goals of: creating 25 million new jobs over the next 10 years, balancing the federal budget by 2030, securing Medicare and Social Security for the next 75 years, and making the United States energy secure by 2024. </p>]]></text>
          <name>Introduced in House</name>
          <actionDesc>Introduced in House</actionDesc>
          <actionDate>2015-04-16</actionDate>
          <lastSummaryUpdateDate>2015-05-29T20:23:31Z</lastSummaryUpdateDate>
          <updateDate>2015-04-16T04:00:00Z</updateDate>
          <versionCode>00</versionCode>
        </item>
      </billSummaries>
    </summaries>
    <calendarNumbers />
    <latestAction>
      <actionDate>2015-04-21</actionDate>
      <links />
      <text>Referred to the Subcommittee on Health.</text>
    </latestAction>
    <congress>114</congress>
    <cosponsors>
      <item>
        <middleName />
        <identifiers>
          <lisID>2102</lisID>
          <gpoId />
          <bioguideId>B001287</bioguideId>
        </identifiers>
        <isOriginalCosponsor>True</isOriginalCosponsor>
        <sponsorshipWithdrawnDate />
        <party>D</party>
        <fullName>Rep. Bera, Ami [D-CA-7]</fullName>
        <state>CA</state>
        <sponsorshipDate>2015-04-16</sponsorshipDate>
        <firstName>Ami</firstName>
        <lastName>Bera</lastName>
        <district>7</district>
        <bioguideId>B001287</bioguideId>
      </item>
      <item>
        <middleName>P.</middleName>
        <identifiers>
          <gpoId>8081</gpoId>
          <bioguideId>G000564</bioguideId>
          <lisID>2043</lisID>
        </identifiers>
        <isOriginalCosponsor>True</isOriginalCosponsor>
        <sponsorshipWithdrawnDate />
        <party>R</party>
        <fullName>Rep. Gibson, Christopher P. [R-NY-19]</fullName>
        <state>NY</state>
        <sponsorshipDate>2015-04-16</sponsorshipDate>
        <firstName>Christopher</firstName>
        <lastName>Gibson</lastName>
        <district>19</district>
        <bioguideId>G000564</bioguideId>
      </item>
      <item>
        <middleName />
        <identifiers>
          <lisID>1950</lisID>
          <gpoId>8118</gpoId>
          <bioguideId>S001180</bioguideId>
        </identifiers>
        <isOriginalCosponsor>True</isOriginalCosponsor>
        <sponsorshipWithdrawnDate />
        <party>D</party>
        <fullName>Rep. Schrader, Kurt [D-OR-5]</fullName>
        <state>OR</state>
        <sponsorshipDate>2015-04-16</sponsorshipDate>
        <firstName>Kurt</firstName>
        <lastName>Schrader</lastName>
        <district>5</district>
        <bioguideId>S001180</bioguideId>
      </item>
      <item>
        <middleName />
        <identifiers>
          <bioguideId>D000619</bioguideId>
          <lisID>2126</lisID>
          <gpoId />
        </identifiers>
        <isOriginalCosponsor>True</isOriginalCosponsor>
        <sponsorshipWithdrawnDate />
        <party>R</party>
        <fullName>Rep. Davis, Rodney [R-IL-13]</fullName>
        <state>IL</state>
        <sponsorshipDate>2015-04-16</sponsorshipDate>
        <firstName>Rodney</firstName>
        <lastName>Davis</lastName>
        <district>13</district>
        <bioguideId>D000619</bioguideId>
      </item>
      <item>
        <middleName>William</middleName>
        <identifiers>
          <gpoId>7923</gpoId>
          <bioguideId>L000563</bioguideId>
          <lisID>1781</lisID>
        </identifiers>
        <isOriginalCosponsor>True</isOriginalCosponsor>
        <sponsorshipWithdrawnDate />
        <party>D</party>
        <fullName>Rep. Lipinski, Daniel [D-IL-3]</fullName>
        <state>IL</state>
        <sponsorshipDate>2015-04-16</sponsorshipDate>
        <firstName>Daniel</firstName>
        <lastName>Lipinski</lastName>
        <district>3</district>
        <bioguideId>L000563</bioguideId>
      </item>
      <item>
        <middleName />
        <identifiers>
          <bioguideId>J000290</bioguideId>
          <lisID>1921</lisID>
          <gpoId>7950</gpoId>
        </identifiers>
        <isOriginalCosponsor>True</isOriginalCosponsor>
        <sponsorshipWithdrawnDate />
        <party>R</party>
        <fullName>Rep. Jenkins, Lynn [R-KS-2]</fullName>
        <state>KS</state>
        <sponsorshipDate>2015-04-16</sponsorshipDate>
        <firstName>Lynn</firstName>
        <lastName>Jenkins</lastName>
        <district>2</district>
        <bioguideId>J000290</bioguideId>
      </item>
      <item>
        <middleName />
        <identifiers>
          <gpoId />
          <bioguideId>A000373</bioguideId>
          <lisID>2257</lisID>
        </identifiers>
        <isOriginalCosponsor>True</isOriginalCosponsor>
        <sponsorshipWithdrawnDate />
        <party>D</party>
        <fullName>Rep. Ashford, Brad [D-NE-2]</fullName>
        <state>NE</state>
        <sponsorshipDate>2015-04-16</sponsorshipDate>
        <firstName>Brad</firstName>
        <lastName>Ashford</lastName>
        <district>2</district>
        <bioguideId>A000373</bioguideId>
      </item>
      <item>
        <middleName>J.</middleName>
        <identifiers>
          <lisID>2073</lisID>
          <gpoId>8221</gpoId>
          <bioguideId>R000587</bioguideId>
        </identifiers>
        <isOriginalCosponsor>True</isOriginalCosponsor>
        <sponsorshipWithdrawnDate />
        <party>R</party>
        <fullName>Rep. Ribble, Reid J. [R-WI-8]</fullName>
        <state>WI</state>
        <sponsorshipDate>2015-04-16</sponsorshipDate>
        <firstName>Reid</firstName>
        <lastName>Ribble</lastName>
        <district>8</district>
        <bioguideId>R000587</bioguideId>
      </item>
      <item>
        <middleName>H.</middleName>
        <identifiers>
          <gpoId />
          <bioguideId>P000608</bioguideId>
          <lisID>2113</lisID>
        </identifiers>
        <isOriginalCosponsor>True</isOriginalCosponsor>
        <sponsorshipWithdrawnDate />
        <party>D</party>
        <fullName>Rep. Peters, Scott H. [D-CA-52]</fullName>
        <state>CA</state>
        <sponsorshipDate>2015-04-16</sponsorshipDate>
        <firstName>Scott</firstName>
        <lastName>Peters</lastName>
        <district>52</district>
        <bioguideId>P000608</bioguideId>
      </item>
      <item>
        <middleName>J.</middleName>
        <identifiers>
          <lisID>2013</lisID>
          <gpoId>7930</gpoId>
          <bioguideId>D000613</bioguideId>
        </identifiers>
        <isOriginalCosponsor>True</isOriginalCosponsor>
        <sponsorshipWithdrawnDate />
        <party>R</party>
        <fullName>Rep. Dold, Robert J. [R-IL-10]</fullName>
        <state>IL</state>
        <sponsorshipDate>2015-04-16</sponsorshipDate>
        <firstName>Robert</firstName>
        <lastName>Dold</lastName>
        <district>10</district>
        <bioguideId>D000613</bioguideId>
      </item>
      <item>
        <middleName />
        <identifiers>
          <bioguideId>K000378</bioguideId>
          <lisID>2014</lisID>
          <gpoId>7931</gpoId>
        </identifiers>
        <isOriginalCosponsor>True</isOriginalCosponsor>
        <sponsorshipWithdrawnDate />
        <party>R</party>
        <fullName>Rep. Kinzinger, Adam [R-IL-16]</fullName>
        <state>IL</state>
        <sponsorshipDate>2015-04-16</sponsorshipDate>
        <firstName>Adam</firstName>
        <lastName>Kinzinger</lastName>
        <district>16</district>
        <bioguideId>K000378</bioguideId>
      </item>
      <item>
        <middleName />
        <identifiers>
          <lisID>1846</lisID>
          <gpoId>7915</gpoId>
          <bioguideId>L000565</bioguideId>
        </identifiers>
        <isOriginalCosponsor>True</isOriginalCosponsor>
        <sponsorshipWithdrawnDate />
        <party>D</party>
        <fullName>Rep. Loebsack, David [D-IA-2]</fullName>
        <state>IA</state>
        <sponsorshipDate>2015-04-16</sponsorshipDate>
        <firstName>David</firstName>
        <lastName>Loebsack</lastName>
        <district>2</district>
        <bioguideId>L000565</bioguideId>
      </item>
      <item>
        <middleName />
        <identifiers>
          <lisID>2235</lisID>
          <gpoId />
          <bioguideId>C001107</bioguideId>
        </identifiers>
        <isOriginalCosponsor>True</isOriginalCosponsor>
        <sponsorshipWithdrawnDate />
        <party>R</party>
        <fullName>Rep. Curbelo, Carlos [R-FL-26]</fullName>
        <state>FL</state>
        <sponsorshipDate>2015-04-16</sponsorshipDate>
        <firstName>Carlos</firstName>
        <lastName>Curbelo</lastName>
        <district>26</district>
        <bioguideId>C001107</bioguideId>
      </item>
      <item>
        <middleName>C.</middleName>
        <identifiers>
          <bioguideId>Y000064</bioguideId>
          <lisID>2019</lisID>
          <gpoId>7948</gpoId>
        </identifiers>
        <isOriginalCosponsor>True</isOriginalCosponsor>
        <sponsorshipWithdrawnDate />
        <party>R</party>
        <fullName>Rep. Young, Todd C. [R-IN-9]</fullName>
        <state>IN</state>
        <sponsorshipDate>2015-04-16</sponsorshipDate>
        <firstName>Todd</firstName>
        <lastName>Young</lastName>
        <district>9</district>
        <bioguideId>Y000064</bioguideId>
      </item>
      <item>
        <middleName>W.</middleName>
        <identifiers>
          <bioguideId>D000604</bioguideId>
          <gpoId>8133</gpoId>
          <lisID>1799</lisID>
        </identifiers>
        <isOriginalCosponsor>True</isOriginalCosponsor>
        <sponsorshipWithdrawnDate />
        <party>R</party>
        <fullName>Rep. Dent, Charles W. [R-PA-15]</fullName>
        <state>PA</state>
        <sponsorshipDate>2015-04-16</sponsorshipDate>
        <firstName>Charles</firstName>
        <lastName>Dent</lastName>
        <district>15</district>
        <bioguideId>D000604</bioguideId>
      </item>
      <item>
        <middleName>D.</middleName>
        <identifiers>
          <lisID>91</lisID>
          <gpoId>7899</gpoId>
          <bioguideId>B000490</bioguideId>
        </identifiers>
        <isOriginalCosponsor>True</isOriginalCosponsor>
        <sponsorshipWithdrawnDate />
        <party>D</party>
        <fullName>Rep. Bishop, Sanford D., Jr. [D-GA-2]</fullName>
        <state>GA</state>
        <sponsorshipDate>2015-04-16</sponsorshipDate>
        <firstName>SANFORD</firstName>
        <lastName>BISHOP</lastName>
        <district>2</district>
        <bioguideId>B000490</bioguideId>
      </item>
      <item>
        <middleName />
        <identifiers>
          <bioguideId>S001191</bioguideId>
          <lisID>2099</lisID>
          <gpoId />
        </identifiers>
        <isOriginalCosponsor>True</isOriginalCosponsor>
        <sponsorshipWithdrawnDate />
        <party>D</party>
        <fullName>Rep. Sinema, Kyrsten [D-AZ-9]</fullName>
        <state>AZ</state>
        <sponsorshipDate>2015-04-16</sponsorshipDate>
        <firstName>Kyrsten</firstName>
        <lastName>Sinema</lastName>
        <district>9</district>
        <bioguideId>S001191</bioguideId>
      </item>
      <item>
        <middleName />
        <identifiers>
          <bioguideId>H001068</bioguideId>
          <lisID>2101</lisID>
          <gpoId />
        </identifiers>
        <isOriginalCosponsor>True</isOriginalCosponsor>
        <sponsorshipWithdrawnDate />
        <party>D</party>
        <fullName>Rep. Huffman, Jared [D-CA-2]</fullName>
        <state>CA</state>
        <sponsorshipDate>2015-04-16</sponsorshipDate>
        <firstName>Jared</firstName>
        <lastName>Huffman</lastName>
        <district>2</district>
        <bioguideId>H001068</bioguideId>
      </item>
      <item>
        <middleName />
        <identifiers>
          <bioguideId>G000571</bioguideId>
          <gpoId />
          <lisID>2122</lisID>
        </identifiers>
        <isOriginalCosponsor>True</isOriginalCosponsor>
        <sponsorshipWithdrawnDate />
        <party>D</party>
        <fullName>Rep. Gabbard, Tulsi [D-HI-2]</fullName>
        <state>HI</state>
        <sponsorshipDate>2015-04-16</sponsorshipDate>
        <firstName>Tulsi</firstName>
        <lastName>Gabbard</lastName>
        <district>2</district>
        <bioguideId>G000571</bioguideId>
      </item>
      <item>
        <middleName>A.</middleName>
        <identifiers>
          <gpoId />
          <bioguideId>C001106</bioguideId>
          <lisID>2266</lisID>
        </identifiers>
        <isOriginalCosponsor>True</isOriginalCosponsor>
        <sponsorshipWithdrawnDate />
        <party>R</party>
        <fullName>Rep. Costello, Ryan A. [R-PA-6]</fullName>
        <state>PA</state>
        <sponsorshipDate>2015-04-16</sponsorshipDate>
        <firstName>Ryan</firstName>
        <lastName>Costello</lastName>
        <district>6</district>
        <bioguideId>C001106</bioguideId>
      </item>
      <item>
        <middleName>A.</middleName>
        <identifiers>
          <lisID>1913</lisID>
          <gpoId>7869</gpoId>
          <bioguideId>H001047</bioguideId>
        </identifiers>
        <isOriginalCosponsor>True</isOriginalCosponsor>
        <sponsorshipWithdrawnDate />
        <party>D</party>
        <fullName>Rep. Himes, James A. [D-CT-4]</fullName>
        <state>CT</state>
        <sponsorshipDate>2015-04-16</sponsorshipDate>
        <firstName>James</firstName>
        <lastName>Himes</lastName>
        <district>4</district>
        <bioguideId>H001047</bioguideId>
      </item>
      <item>
        <middleName />
        <identifiers>
          <lisID>867</lisID>
          <gpoId />
          <bioguideId>N000127</bioguideId>
        </identifiers>
        <isOriginalCosponsor>True</isOriginalCosponsor>
        <sponsorshipWithdrawnDate />
        <party>D</party>
        <fullName>Rep. Nolan, Richard M. [D-MN-8]</fullName>
        <state>MN</state>
        <sponsorshipDate>2015-04-16</sponsorshipDate>
        <firstName>RICHARD</firstName>
        <lastName>NOLAN</lastName>
        <district>8</district>
        <bioguideId>N000127</bioguideId>
      </item>
      <item>
        <middleName>G.</middleName>
        <identifiers>
          <lisID>1797</lisID>
          <gpoId>8126</gpoId>
          <bioguideId>F000451</bioguideId>
        </identifiers>
        <isOriginalCosponsor>True</isOriginalCosponsor>
        <sponsorshipWithdrawnDate />
        <party>R</party>
        <fullName>Rep. Fitzpatrick, Michael G. [R-PA-8]</fullName>
        <state>PA</state>
        <sponsorshipDate>2015-04-16</sponsorshipDate>
        <firstName>Michael</firstName>
        <lastName>Fitzpatrick</lastName>
        <district>8</district>
        <bioguideId>F000451</bioguideId>
      </item>
      <item>
        <middleName>Scott</middleName>
        <identifiers>
          <gpoId>8193</gpoId>
          <bioguideId>R000589</bioguideId>
          <lisID>2068</lisID>
        </identifiers>
        <isOriginalCosponsor>True</isOriginalCosponsor>
        <sponsorshipWithdrawnDate />
        <party>R</party>
        <fullName>Rep. Rigell, E. Scott [R-VA-2]</fullName>
        <state>VA</state>
        <sponsorshipDate>2015-04-16</sponsorshipDate>
        <firstName>E.</firstName>
        <lastName>Rigell</lastName>
        <district>2</district>
        <bioguideId>R000589</bioguideId>
      </item>
      <item>
        <middleName />
        <identifiers>
          <lisID>371</lisID>
          <gpoId>8120</gpoId>
          <bioguideId>F000043</bioguideId>
        </identifiers>
        <isOriginalCosponsor>True</isOriginalCosponsor>
        <sponsorshipWithdrawnDate />
        <party>D</party>
        <fullName>Rep. Fattah, Chaka [D-PA-2]</fullName>
        <state>PA</state>
        <sponsorshipDate>2015-04-16</sponsorshipDate>
        <firstName>CHAKA</firstName>
        <lastName>FATTAH</lastName>
        <district>2</district>
        <bioguideId>F000043</bioguideId>
      </item>
      <item>
        <middleName />
        <identifiers>
          <bioguideId>C001077</bioguideId>
          <lisID>1912</lisID>
          <gpoId>7864</gpoId>
        </identifiers>
        <isOriginalCosponsor>False</isOriginalCosponsor>
        <sponsorshipWithdrawnDate />
        <party>R</party>
        <fullName>Rep. Coffman, Mike [R-CO-6]</fullName>
        <state>CO</state>
        <sponsorshipDate>2015-04-17</sponsorshipDate>
        <firstName>Mike</firstName>
        <lastName>Coffman</lastName>
        <district>6</district>
        <bioguideId>C001077</bioguideId>
      </item>
      <item>
        <middleName>S.</middleName>
        <identifiers>
          <bioguideId>L000579</bioguideId>
          <lisID>2111</lisID>
          <gpoId />
        </identifiers>
        <isOriginalCosponsor>False</isOriginalCosponsor>
        <sponsorshipWithdrawnDate />
        <party>D</party>
        <fullName>Rep. Lowenthal, Alan S. [D-CA-47]</fullName>
        <state>CA</state>
        <sponsorshipDate>2015-04-17</sponsorshipDate>
        <firstName>Alan</firstName>
        <lastName>Lowenthal</lastName>
        <district>47</district>
        <bioguideId>L000579</bioguideId>
      </item>
      <item>
        <middleName />
        <identifiers>
          <lisID>1774</lisID>
          <gpoId>7825</gpoId>
          <bioguideId>C001059</bioguideId>
        </identifiers>
        <isOriginalCosponsor>False</isOriginalCosponsor>
        <sponsorshipWithdrawnDate />
        <party>D</party>
        <fullName>Rep. Costa, Jim [D-CA-16]</fullName>
        <state>CA</state>
        <sponsorshipDate>2015-04-22</sponsorshipDate>
        <firstName>Jim</firstName>
        <lastName>Costa</lastName>
        <district>16</district>
        <bioguideId>C001059</bioguideId>
      </item>
      <item>
        <middleName>Patrick</middleName>
        <identifiers>
          <bioguideId>M001185</bioguideId>
          <lisID>2150</lisID>
          <gpoId />
        </identifiers>
        <isOriginalCosponsor>False</isOriginalCosponsor>
        <sponsorshipWithdrawnDate />
        <party>D</party>
        <fullName>Rep. Maloney, Sean Patrick [D-NY-18]</fullName>
        <state>NY</state>
        <sponsorshipDate>2015-04-22</sponsorshipDate>
        <firstName>Sean</firstName>
        <lastName>Maloney</lastName>
        <district>18</district>
        <bioguideId>M001185</bioguideId>
      </item>
      <item>
        <middleName>L.</middleName>
        <identifiers>
          <bioguideId>H001051</bioguideId>
          <lisID>2044</lisID>
          <gpoId>8085</gpoId>
        </identifiers>
        <isOriginalCosponsor>False</isOriginalCosponsor>
        <sponsorshipWithdrawnDate />
        <party>R</party>
        <fullName>Rep. Hanna, Richard L. [R-NY-22]</fullName>
        <state>NY</state>
        <sponsorshipDate>2015-04-22</sponsorshipDate>
        <firstName>Richard</firstName>
        <lastName>Hanna</lastName>
        <district>22</district>
        <bioguideId>H001051</bioguideId>
      </item>
      <item>
        <middleName />
        <identifiers>
          <lisID>1879</lisID>
          <gpoId>8204</gpoId>
          <bioguideId>W000800</bioguideId>
        </identifiers>
        <isOriginalCosponsor>False</isOriginalCosponsor>
        <sponsorshipWithdrawnDate />
        <party>D</party>
        <fullName>Rep. Welch, Peter [D-VT-At Large]</fullName>
        <state>VT</state>
        <sponsorshipDate>2015-04-22</sponsorshipDate>
        <firstName>Peter</firstName>
        <lastName>Welch</lastName>
        <district>0</district>
        <bioguideId>W000800</bioguideId>
      </item>
      <item>
        <middleName />
        <identifiers>
          <bioguideId>R000597</bioguideId>
          <gpoId />
          <lisID>2160</lisID>
        </identifiers>
        <isOriginalCosponsor>False</isOriginalCosponsor>
        <sponsorshipWithdrawnDate />
        <party>R</party>
        <fullName>Rep. Rice, Tom [R-SC-7]</fullName>
        <state>SC</state>
        <sponsorshipDate>2015-04-22</sponsorshipDate>
        <firstName>Tom</firstName>
        <lastName>Rice</lastName>
        <district>7</district>
        <bioguideId>R000597</bioguideId>
      </item>
      <item>
        <middleName />
        <identifiers>
          <bioguideId>K000386</bioguideId>
          <lisID>2264</lisID>
          <gpoId />
        </identifiers>
        <isOriginalCosponsor>False</isOriginalCosponsor>
        <sponsorshipWithdrawnDate />
        <party>R</party>
        <fullName>Rep. Katko, John [R-NY-24]</fullName>
        <state>NY</state>
        <sponsorshipDate>2015-04-22</sponsorshipDate>
        <firstName>John</firstName>
        <lastName>Katko</lastName>
        <district>24</district>
        <bioguideId>K000386</bioguideId>
      </item>
      <item>
        <middleName>H.</middleName>
        <identifiers>
          <gpoId>8152</gpoId>
          <bioguideId>C000754</bioguideId>
          <lisID>231</lisID>
        </identifiers>
        <isOriginalCosponsor>False</isOriginalCosponsor>
        <sponsorshipWithdrawnDate />
        <party>D</party>
        <fullName>Rep. Cooper, Jim [D-TN-5]</fullName>
        <state>TN</state>
        <sponsorshipDate>2015-04-23</sponsorshipDate>
        <firstName>JAMES</firstName>
        <lastName>COOPER</lastName>
        <district>5</district>
        <bioguideId>C000754</bioguideId>
      </item>
      <item>
        <middleName />
        <identifiers>
          <gpoId>8096</gpoId>
          <bioguideId>J000292</bioguideId>
          <lisID>2046</lisID>
        </identifiers>
        <isOriginalCosponsor>False</isOriginalCosponsor>
        <sponsorshipWithdrawnDate />
        <party>R</party>
        <fullName>Rep. Johnson, Bill [R-OH-6]</fullName>
        <state>OH</state>
        <sponsorshipDate>2015-04-23</sponsorshipDate>
        <firstName>Bill</firstName>
        <lastName>Johnson</lastName>
        <district>6</district>
        <bioguideId>J000292</bioguideId>
      </item>
      <item>
        <middleName />
        <identifiers>
          <gpoId />
          <bioguideId>S000018</bioguideId>
          <lisID>1009</lisID>
        </identifiers>
        <isOriginalCosponsor>False</isOriginalCosponsor>
        <sponsorshipWithdrawnDate />
        <party>R</party>
        <fullName>Rep. Salmon, Matt [R-AZ-5]</fullName>
        <state>AZ</state>
        <sponsorshipDate>2015-05-20</sponsorshipDate>
        <firstName>MATT</firstName>
        <lastName>SALMON</lastName>
        <district>5</district>
        <bioguideId>S000018</bioguideId>
      </item>
      <item>
        <middleName>N.</middleName>
        <identifiers>
          <lisID>2055</lisID>
          <gpoId>8139</gpoId>
          <bioguideId>C001084</bioguideId>
        </identifiers>
        <isOriginalCosponsor>False</isOriginalCosponsor>
        <sponsorshipWithdrawnDate />
        <party>D</party>
        <fullName>Rep. Cicilline, David N. [D-RI-1]</fullName>
        <state>RI</state>
        <sponsorshipDate>2015-05-20</sponsorshipDate>
        <firstName>David</firstName>
        <lastName>Cicilline</lastName>
        <district>1</district>
        <bioguideId>C001084</bioguideId>
      </item>
      <item>
        <middleName>L. "Buddy"</middleName>
        <identifiers>
          <lisID>2236</lisID>
          <gpoId />
          <bioguideId>C001103</bioguideId>
        </identifiers>
        <isOriginalCosponsor>False</isOriginalCosponsor>
        <sponsorshipWithdrawnDate />
        <party>R</party>
        <fullName>Rep. Carter, Earl L. "Buddy" [R-GA-1]</fullName>
        <state>GA</state>
        <sponsorshipDate>2015-06-01</sponsorshipDate>
        <firstName>Earl</firstName>
        <lastName>Carter</lastName>
        <district>1</district>
        <bioguideId>C001103</bioguideId>
      </item>
      <item>
        <middleName />
        <identifiers>
          <lisID>1756</lisID>
          <gpoId>8107</gpoId>
          <bioguideId>R000577</bioguideId>
        </identifiers>
        <isOriginalCosponsor>False</isOriginalCosponsor>
        <sponsorshipWithdrawnDate />
        <party>D</party>
        <fullName>Rep. Ryan, Tim [D-OH-13]</fullName>
        <state>OH</state>
        <sponsorshipDate>2015-06-01</sponsorshipDate>
        <firstName>TIM</firstName>
        <lastName>RYAN</lastName>
        <district>13</district>
        <bioguideId>R000577</bioguideId>
      </item>
      <item>
        <middleName>C.</middleName>
        <identifiers>
          <lisID>2038</lisID>
          <gpoId>8041</gpoId>
          <bioguideId>G000570</bioguideId>
        </identifiers>
        <isOriginalCosponsor>False</isOriginalCosponsor>
        <sponsorshipWithdrawnDate />
        <party>R</party>
        <fullName>Rep. Guinta, Frank C. [R-NH-1]</fullName>
        <state>NH</state>
        <sponsorshipDate>2015-06-03</sponsorshipDate>
        <firstName>Frank</firstName>
        <lastName>Guinta</lastName>
        <district>1</district>
        <bioguideId>G000570</bioguideId>
      </item>
      <item>
        <middleName />
        <identifiers>
          <bioguideId>L000582</bioguideId>
          <lisID>2230</lisID>
          <gpoId />
        </identifiers>
        <isOriginalCosponsor>False</isOriginalCosponsor>
        <sponsorshipWithdrawnDate />
        <party>D</party>
        <fullName>Rep. Lieu, Ted [D-CA-33]</fullName>
        <state>CA</state>
        <sponsorshipDate>2015-06-03</sponsorshipDate>
        <firstName>Ted</firstName>
        <lastName>Lieu</lastName>
        <district>33</district>
        <bioguideId>L000582</bioguideId>
      </item>
      <item>
        <middleName />
        <identifiers>
          <lisID>2157</lisID>
          <gpoId />
          <bioguideId>P000605</bioguideId>
        </identifiers>
        <isOriginalCosponsor>False</isOriginalCosponsor>
        <sponsorshipWithdrawnDate />
        <party>R</party>
        <fullName>Rep. Perry, Scott [R-PA-4]</fullName>
        <state>PA</state>
        <sponsorshipDate>2015-06-10</sponsorshipDate>
        <firstName>Scott</firstName>
        <lastName>Perry</lastName>
        <district>4</district>
        <bioguideId>P000605</bioguideId>
      </item>
      <item>
        <middleName />
        <identifiers>
          <bioguideId>V000130</bioguideId>
          <gpoId />
          <lisID>2112</lisID>
        </identifiers>
        <isOriginalCosponsor>False</isOriginalCosponsor>
        <sponsorshipWithdrawnDate />
        <party>D</party>
        <fullName>Rep. Vargas, Juan [D-CA-51]</fullName>
        <state>CA</state>
        <sponsorshipDate>2015-06-10</sponsorshipDate>
        <firstName>Juan</firstName>
        <lastName>Vargas</lastName>
        <district>51</district>
        <bioguideId>V000130</bioguideId>
      </item>
      <item>
        <middleName>W.</middleName>
        <identifiers>
          <lisID>2129</lisID>
          <gpoId />
          <bioguideId>B001284</bioguideId>
        </identifiers>
        <isOriginalCosponsor>False</isOriginalCosponsor>
        <sponsorshipWithdrawnDate />
        <party>R</party>
        <fullName>Rep. Brooks, Susan W. [R-IN-5]</fullName>
        <state>IN</state>
        <sponsorshipDate>2015-06-17</sponsorshipDate>
        <firstName>Susan</firstName>
        <lastName>Brooks</lastName>
        <district>5</district>
        <bioguideId>B001284</bioguideId>
      </item>
      <item>
        <middleName />
        <identifiers>
          <lisID>2202</lisID>
          <gpoId />
          <bioguideId>N000188</bioguideId>
        </identifiers>
        <isOriginalCosponsor>False</isOriginalCosponsor>
        <sponsorshipWithdrawnDate />
        <party>D</party>
        <fullName>Rep. Norcross, Donald [D-NJ-1]</fullName>
        <state>NJ</state>
        <sponsorshipDate>2015-06-17</sponsorshipDate>
        <firstName>Donald</firstName>
        <lastName>Norcross</lastName>
        <district>1</district>
        <bioguideId>N000188</bioguideId>
      </item>
      <item>
        <middleName>J.</middleName>
        <identifiers>
          <bioguideId>H001055</bioguideId>
          <lisID>2040</lisID>
          <gpoId>8061</gpoId>
        </identifiers>
        <isOriginalCosponsor>False</isOriginalCosponsor>
        <sponsorshipWithdrawnDate />
        <party>R</party>
        <fullName>Rep. Heck, Joseph J. [R-NV-3]</fullName>
        <state>NV</state>
        <sponsorshipDate>2015-07-09</sponsorshipDate>
        <firstName>Joseph</firstName>
        <lastName>Heck</lastName>
        <district>3</district>
        <bioguideId>H001055</bioguideId>
      </item>
      <item>
        <middleName>M.</middleName>
        <identifiers>
          <gpoId />
          <bioguideId>Z000017</bioguideId>
          <lisID>2261</lisID>
        </identifiers>
        <isOriginalCosponsor>False</isOriginalCosponsor>
        <sponsorshipWithdrawnDate />
        <party>R</party>
        <fullName>Rep. Zeldin, Lee M. [R-NY-1]</fullName>
        <state>NY</state>
        <sponsorshipDate>2015-07-09</sponsorshipDate>
        <firstName>Lee</firstName>
        <lastName>Zeldin</lastName>
        <district>1</district>
        <bioguideId>Z000017</bioguideId>
      </item>
      <item>
        <middleName />
        <identifiers>
          <lisID>2107</lisID>
          <gpoId />
          <bioguideId>C001097</bioguideId>
        </identifiers>
        <isOriginalCosponsor>False</isOriginalCosponsor>
        <sponsorshipWithdrawnDate />
        <party>D</party>
        <fullName>Rep. Cardenas, Tony [D-CA-29]</fullName>
        <state>CA</state>
        <sponsorshipDate>2015-07-09</sponsorshipDate>
        <firstName>Tony</firstName>
        <lastName>Cardenas</lastName>
        <district>29</district>
        <bioguideId>C001097</bioguideId>
      </item>
      <item>
        <middleName>M.</middleName>
        <identifiers>
          <gpoId />
          <bioguideId>R000602</bioguideId>
          <lisID>2262</lisID>
        </identifiers>
        <isOriginalCosponsor>False</isOriginalCosponsor>
        <sponsorshipWithdrawnDate />
        <party>D</party>
        <fullName>Rep. Rice, Kathleen M. [D-NY-4]</fullName>
        <state>NY</state>
        <sponsorshipDate>2015-07-09</sponsorshipDate>
        <firstName>Kathleen</firstName>
        <lastName>Rice</lastName>
        <district>4</district>
        <bioguideId>R000602</bioguideId>
      </item>
      <item>
        <middleName />
        <identifiers>
          <lisID>1995</lisID>
          <gpoId>7824</gpoId>
          <bioguideId>D000612</bioguideId>
        </identifiers>
        <isOriginalCosponsor>False</isOriginalCosponsor>
        <sponsorshipWithdrawnDate />
        <party>R</party>
        <fullName>Rep. Denham, Jeff [R-CA-10]</fullName>
        <state>CA</state>
        <sponsorshipDate>2015-09-16</sponsorshipDate>
        <firstName>Jeff</firstName>
        <lastName>Denham</lastName>
        <district>10</district>
        <bioguideId>D000612</bioguideId>
      </item>
      <item>
        <middleName>M.</middleName>
        <identifiers>
          <lisID>709</lisID>
          <gpoId>8079</gpoId>
          <bioguideId>L000480</bioguideId>
        </identifiers>
        <isOriginalCosponsor>False</isOriginalCosponsor>
        <sponsorshipWithdrawnDate />
        <party>D</party>
        <fullName>Rep. Lowey, Nita M. [D-NY-17]</fullName>
        <state>NY</state>
        <sponsorshipDate>2015-09-16</sponsorshipDate>
        <firstName>NITA</firstName>
        <lastName>LOWEY</lastName>
        <district>17</district>
        <bioguideId>L000480</bioguideId>
      </item>
      <item>
        <middleName />
        <identifiers>
          <bioguideId>T000467</bioguideId>
          <lisID>1952</lisID>
          <gpoId>8123</gpoId>
        </identifiers>
        <isOriginalCosponsor>False</isOriginalCosponsor>
        <sponsorshipWithdrawnDate />
        <party>R</party>
        <fullName>Rep. Thompson, Glenn [R-PA-5]</fullName>
        <state>PA</state>
        <sponsorshipDate>2015-09-16</sponsorshipDate>
        <firstName>Glenn</firstName>
        <lastName>Thompson</lastName>
        <district>5</district>
        <bioguideId>T000467</bioguideId>
      </item>
      <item>
        <middleName>M.</middleName>
        <identifiers>
          <bioguideId>K000382</bioguideId>
          <lisID>2145</lisID>
          <gpoId />
        </identifiers>
        <isOriginalCosponsor>False</isOriginalCosponsor>
        <sponsorshipWithdrawnDate />
        <party>D</party>
        <fullName>Rep. Kuster, Ann M. [D-NH-2]</fullName>
        <state>NH</state>
        <sponsorshipDate>2015-09-16</sponsorshipDate>
        <firstName>Ann</firstName>
        <lastName>Kuster</lastName>
        <district>2</district>
        <bioguideId>K000382</bioguideId>
      </item>
      <item>
        <middleName>B.</middleName>
        <identifiers>
          <lisID>729</lisID>
          <gpoId>8075</gpoId>
          <bioguideId>M000087</bioguideId>
        </identifiers>
        <isOriginalCosponsor>False</isOriginalCosponsor>
        <sponsorshipWithdrawnDate />
        <party>D</party>
        <fullName>Rep. Maloney, Carolyn B. [D-NY-12]</fullName>
        <state>NY</state>
        <sponsorshipDate>2015-09-22</sponsorshipDate>
        <firstName>CAROLYN</firstName>
        <lastName>MALONEY</lastName>
        <district>12</district>
        <bioguideId>M000087</bioguideId>
      </item>
      <item>
        <middleName>Morgan</middleName>
        <identifiers>
          <lisID>2070</lisID>
          <gpoId>8200</gpoId>
          <bioguideId>G000568</bioguideId>
        </identifiers>
        <isOriginalCosponsor>False</isOriginalCosponsor>
        <sponsorshipWithdrawnDate />
        <party>R</party>
        <fullName>Rep. Griffith, H. Morgan [R-VA-9]</fullName>
        <state>VA</state>
        <sponsorshipDate>2015-09-22</sponsorshipDate>
        <firstName>H.</firstName>
        <lastName>Griffith</lastName>
        <district>9</district>
        <bioguideId>G000568</bioguideId>
      </item>
      <item>
        <middleName>G.</middleName>
        <identifiers>
          <lisID>2105</lisID>
          <gpoId />
          <bioguideId>V000129</bioguideId>
        </identifiers>
        <isOriginalCosponsor>False</isOriginalCosponsor>
        <sponsorshipWithdrawnDate />
        <party>R</party>
        <fullName>Rep. Valadao, David G. [R-CA-21]</fullName>
        <state>CA</state>
        <sponsorshipDate>2015-11-16</sponsorshipDate>
        <firstName>David</firstName>
        <lastName>Valadao</lastName>
        <district>21</district>
        <bioguideId>V000129</bioguideId>
      </item>
      <item>
        <middleName>E.</middleName>
        <identifiers>
          <gpoId />
          <bioguideId>P000610</bioguideId>
          <lisID>2274</lisID>
        </identifiers>
        <isOriginalCosponsor>False</isOriginalCosponsor>
        <sponsorshipWithdrawnDate />
        <party>D</party>
        <fullName>Rep. Plaskett, Stacey E. [D-VI-At Large]</fullName>
        <state>VI</state>
        <sponsorshipDate>2015-11-16</sponsorshipDate>
        <firstName>Stacey</firstName>
        <lastName>Plaskett</lastName>
        <district>0</district>
        <bioguideId>P000610</bioguideId>
      </item>
      <item>
        <middleName />
        <identifiers>
          <lisID>1663</lisID>
          <gpoId>8063</gpoId>
          <bioguideId>I000057</bioguideId>
        </identifiers>
        <isOriginalCosponsor>False</isOriginalCosponsor>
        <sponsorshipWithdrawnDate />
        <party>D</party>
        <fullName>Rep. Israel, Steve [D-NY-3]</fullName>
        <state>NY</state>
        <sponsorshipDate>2015-12-09</sponsorshipDate>
        <firstName>STEVE</firstName>
        <lastName>ISRAEL</lastName>
        <district>3</district>
        <bioguideId>I000057</bioguideId>
      </item>
      <item>
        <middleName />
        <identifiers>
          <lisID>2168</lisID>
          <gpoId />
          <bioguideId>S001192</bioguideId>
        </identifiers>
        <isOriginalCosponsor>False</isOriginalCosponsor>
        <sponsorshipWithdrawnDate />
        <party>R</party>
        <fullName>Rep. Stewart, Chris [R-UT-2]</fullName>
        <state>UT</state>
        <sponsorshipDate>2015-12-09</sponsorshipDate>
        <firstName>Chris</firstName>
        <lastName>Stewart</lastName>
        <district>2</district>
        <bioguideId>S001192</bioguideId>
      </item>
      <item>
        <middleName>A.</middleName>
        <identifiers>
          <gpoId />
          <bioguideId>T000475</bioguideId>
          <lisID>2250</lisID>
        </identifiers>
        <isOriginalCosponsor>False</isOriginalCosponsor>
        <sponsorshipWithdrawnDate />
        <party>R</party>
        <fullName>Rep. Trott, David A. [R-MI-11]</fullName>
        <state>MI</state>
        <sponsorshipDate>2015-12-11</sponsorshipDate>
        <firstName>David</firstName>
        <lastName>Trott</lastName>
        <district>11</district>
        <bioguideId>T000475</bioguideId>
      </item>
      <item>
        <middleName />
        <identifiers>
          <bioguideId>K000381</bioguideId>
          <gpoId />
          <lisID>2169</lisID>
        </identifiers>
        <isOriginalCosponsor>False</isOriginalCosponsor>
        <sponsorshipWithdrawnDate />
        <party>D</party>
        <fullName>Rep. Kilmer, Derek [D-WA-6]</fullName>
        <state>WA</state>
        <sponsorshipDate>2015-12-11</sponsorshipDate>
        <firstName>Derek</firstName>
        <lastName>Kilmer</lastName>
        <district>6</district>
        <bioguideId>K000381</bioguideId>
      </item>
      <item>
        <middleName>L.</middleName>
        <identifiers>
          <lisID>2252</lisID>
          <gpoId />
          <bioguideId>L000581</bioguideId>
        </identifiers>
        <isOriginalCosponsor>False</isOriginalCosponsor>
        <sponsorshipWithdrawnDate />
        <party>D</party>
        <fullName>Rep. Lawrence, Brenda L. [D-MI-14]</fullName>
        <state>MI</state>
        <sponsorshipDate>2016-01-05</sponsorshipDate>
        <firstName>Brenda</firstName>
        <lastName>Lawrence</lastName>
        <district>14</district>
        <bioguideId>L000581</bioguideId>
      </item>
      <item>
        <middleName />
        <identifiers>
          <bioguideId>G000577</bioguideId>
          <gpoId />
          <lisID>2245</lisID>
        </identifiers>
        <isOriginalCosponsor>False</isOriginalCosponsor>
        <sponsorshipWithdrawnDate />
        <party>R</party>
        <fullName>Rep. Graves, Garret [R-LA-6]</fullName>
        <state>LA</state>
        <sponsorshipDate>2016-01-05</sponsorshipDate>
        <firstName>Garret</firstName>
        <lastName>Graves</lastName>
        <district>6</district>
        <bioguideId>G000577</bioguideId>
      </item>
      <item>
        <middleName>B.</middleName>
        <identifiers>
          <gpoId>7866</gpoId>
          <bioguideId>L000557</bioguideId>
          <lisID>1583</lisID>
        </identifiers>
        <isOriginalCosponsor>False</isOriginalCosponsor>
        <sponsorshipWithdrawnDate />
        <party>D</party>
        <fullName>Rep. Larson, John B. [D-CT-1]</fullName>
        <state>CT</state>
        <sponsorshipDate>2016-02-02</sponsorshipDate>
        <firstName>JOHN</firstName>
        <lastName>LARSON</lastName>
        <district>1</district>
        <bioguideId>L000557</bioguideId>
      </item>
      <item>
        <middleName />
        <identifiers>
          <lisID>2241</lisID>
          <gpoId />
          <bioguideId>B001294</bioguideId>
        </identifiers>
        <isOriginalCosponsor>False</isOriginalCosponsor>
        <sponsorshipWithdrawnDate />
        <party>R</party>
        <fullName>Rep. Blum, Rod [R-IA-1]</fullName>
        <state>IA</state>
        <sponsorshipDate>2016-02-02</sponsorshipDate>
        <firstName>Rod</firstName>
        <lastName>Blum</lastName>
        <district>1</district>
        <bioguideId>B001294</bioguideId>
      </item>
      <item>
        <middleName>P.</middleName>
        <identifiers>
          <gpoId />
          <bioguideId>J000295</bioguideId>
          <lisID>2154</lisID>
        </identifiers>
        <isOriginalCosponsor>False</isOriginalCosponsor>
        <sponsorshipWithdrawnDate />
        <party>R</party>
        <fullName>Rep. Joyce, David P. [R-OH-14]</fullName>
        <state>OH</state>
        <sponsorshipDate>2016-02-24</sponsorshipDate>
        <firstName>David</firstName>
        <lastName>Joyce</lastName>
        <district>14</district>
        <bioguideId>J000295</bioguideId>
      </item>
      <item>
        <middleName />
        <identifiers>
          <bioguideId>S001193</bioguideId>
          <lisID>2104</lisID>
          <gpoId />
        </identifiers>
        <isOriginalCosponsor>False</isOriginalCosponsor>
        <sponsorshipWithdrawnDate />
        <party>D</party>
        <fullName>Rep. Swalwell, Eric [D-CA-15]</fullName>
        <state>CA</state>
        <sponsorshipDate>2016-02-24</sponsorshipDate>
        <firstName>Eric</firstName>
        <lastName>Swalwell</lastName>
        <district>15</district>
        <bioguideId>S001193</bioguideId>
      </item>
      <item>
        <middleName />
        <identifiers>
          <bioguideId>S001187</bioguideId>
          <gpoId>8105</gpoId>
          <lisID>2047</lisID>
        </identifiers>
        <isOriginalCosponsor>False</isOriginalCosponsor>
        <sponsorshipWithdrawnDate />
        <party>R</party>
        <fullName>Rep. Stivers, Steve [R-OH-15]</fullName>
        <state>OH</state>
        <sponsorshipDate>2016-03-01</sponsorshipDate>
        <firstName>Steve</firstName>
        <lastName>Stivers</lastName>
        <district>15</district>
        <bioguideId>S001187</bioguideId>
      </item>
      <item>
        <middleName />
        <identifiers>
          <lisID>1807</lisID>
          <gpoId>8184</gpoId>
          <bioguideId>C001063</bioguideId>
        </identifiers>
        <isOriginalCosponsor>False</isOriginalCosponsor>
        <sponsorshipWithdrawnDate />
        <party>D</party>
        <fullName>Rep. Cuellar, Henry [D-TX-28]</fullName>
        <state>TX</state>
        <sponsorshipDate>2016-03-01</sponsorshipDate>
        <firstName>Henry</firstName>
        <lastName>Cuellar</lastName>
        <district>28</district>
        <bioguideId>C001063</bioguideId>
      </item>
      <item>
        <middleName>F.</middleName>
        <identifiers>
          <bioguideId>B001296</bioguideId>
          <lisID>2267</lisID>
          <gpoId />
        </identifiers>
        <isOriginalCosponsor>False</isOriginalCosponsor>
        <sponsorshipWithdrawnDate />
        <party>D</party>
        <fullName>Rep. Boyle, Brendan F. [D-PA-13]</fullName>
        <state>PA</state>
        <sponsorshipDate>2016-03-15</sponsorshipDate>
        <firstName>Brendan</firstName>
        <lastName>Boyle</lastName>
        <district>13</district>
        <bioguideId>B001296</bioguideId>
      </item>
      <item>
        <middleName />
        <identifiers>
          <bioguideId>B001271</bioguideId>
          <lisID>2027</lisID>
          <gpoId>7986</gpoId>
        </identifiers>
        <isOriginalCosponsor>False</isOriginalCosponsor>
        <sponsorshipWithdrawnDate />
        <party>R</party>
        <fullName>Rep. Benishek, Dan [R-MI-1]</fullName>
        <state>MI</state>
        <sponsorshipDate>2016-03-15</sponsorshipDate>
        <firstName>Dan</firstName>
        <lastName>Benishek</lastName>
        <district>1</district>
        <bioguideId>B001271</bioguideId>
      </item>
      <item>
        <middleName>H.</middleName>
        <identifiers>
          <bioguideId>E000293</bioguideId>
          <lisID>2114</lisID>
          <gpoId />
        </identifiers>
        <isOriginalCosponsor>False</isOriginalCosponsor>
        <sponsorshipWithdrawnDate />
        <party>D</party>
        <fullName>Rep. Esty, Elizabeth H. [D-CT-5]</fullName>
        <state>CT</state>
        <sponsorshipDate>2016-04-19</sponsorshipDate>
        <firstName>Elizabeth</firstName>
        <lastName>Esty</lastName>
        <district>5</district>
        <bioguideId>E000293</bioguideId>
      </item>
      <item>
        <middleName>JAMES</middleName>
        <identifiers>
          <lisID>1041</lisID>
          <gpoId>8218</gpoId>
          <bioguideId>S000244</bioguideId>
        </identifiers>
        <isOriginalCosponsor>False</isOriginalCosponsor>
        <sponsorshipWithdrawnDate />
        <party>R</party>
        <fullName>Rep. Sensenbrenner, F. James, Jr. [R-WI-5]</fullName>
        <state>WI</state>
        <sponsorshipDate>2016-04-19</sponsorshipDate>
        <firstName>F.</firstName>
        <lastName>SENSENBRENNER</lastName>
        <district>5</district>
        <bioguideId>S000244</bioguideId>
      </item>
      <item>
        <middleName />
        <identifiers>
          <gpoId />
          <bioguideId>D000624</bioguideId>
          <lisID>2251</lisID>
        </identifiers>
        <isOriginalCosponsor>False</isOriginalCosponsor>
        <sponsorshipWithdrawnDate />
        <party>D</party>
        <fullName>Rep. Dingell, Debbie [D-MI-12]</fullName>
        <state>MI</state>
        <sponsorshipDate>2016-05-10</sponsorshipDate>
        <firstName>Debbie</firstName>
        <lastName>Dingell</lastName>
        <district>12</district>
        <bioguideId>D000624</bioguideId>
      </item>
      <item>
        <middleName>B.</middleName>
        <identifiers>
          <bioguideId>R000586</bioguideId>
          <lisID>2048</lisID>
          <gpoId>8106</gpoId>
        </identifiers>
        <isOriginalCosponsor>False</isOriginalCosponsor>
        <sponsorshipWithdrawnDate />
        <party>R</party>
        <fullName>Rep. Renacci, James B. [R-OH-16]</fullName>
        <state>OH</state>
        <sponsorshipDate>2016-05-10</sponsorshipDate>
        <firstName>James</firstName>
        <lastName>Renacci</lastName>
        <district>16</district>
        <bioguideId>R000586</bioguideId>
      </item>
      <item>
        <middleName />
        <identifiers>
          <bioguideId>S000030</bioguideId>
          <gpoId>7852</gpoId>
          <lisID>1522</lisID>
        </identifiers>
        <isOriginalCosponsor>False</isOriginalCosponsor>
        <sponsorshipWithdrawnDate />
        <party>D</party>
        <fullName>Rep. Sanchez, Loretta [D-CA-46]</fullName>
        <state>CA</state>
        <sponsorshipDate>2016-09-06</sponsorshipDate>
        <firstName>LORETTA</firstName>
        <lastName>SANCHEZ</lastName>
        <district>46</district>
        <bioguideId>S000030</bioguideId>
      </item>
      <item>
        <middleName />
        <identifiers>
          <bioguideId>Y000066</bioguideId>
          <lisID>2242</lisID>
          <gpoId />
        </identifiers>
        <isOriginalCosponsor>False</isOriginalCosponsor>
        <sponsorshipWithdrawnDate />
        <party>R</party>
        <fullName>Rep. Young, David [R-IA-3]</fullName>
        <state>IA</state>
        <sponsorshipDate>2016-09-06</sponsorshipDate>
        <firstName>David</firstName>
        <lastName>Young</lastName>
        <district>3</district>
        <bioguideId>Y000066</bioguideId>
      </item>
    </cosponsors>
    <relatedBills>
      <item>
        <latestTitle>A resolution expressing the sense of the Senate regarding establishing a National Strategic Agenda.</latestTitle>
        <latestAction>
          <actionDate>2015-06-17</actionDate>
          <text>Committee on Homeland Security and Governmental Affairs. Hearings held.</text>
        </latestAction>
        <congress>114</congress>
        <relationshipDetails>
          <item>
            <type>Related bill</type>
            <identifiedBy>CRS</identifiedBy>
          </item>
        </relationshipDetails>
        <type>SRES</type>
        <number>199</number>
      </item>
    </relatedBills>
    <subjects>
      <billSubjects>
        <legislativeSubjects>
          <item>
            <name>Budget deficits and national debt</name>
          </item>
          <item>
            <name>Energy storage, supplies, demand</name>
          </item>
          <item>
            <name>Medicare</name>
          </item>
          <item>
            <name>Policy sciences</name>
          </item>
          <item>
            <name>Social security and elderly assistance</name>
          </item>
        </legislativeSubjects>
        <policyArea>
          <name>Economics and Public Finance</name>
        </policyArea>
      </billSubjects>
    </subjects>
    <laws />
    <constitutionalAuthorityStatementText />
    <title>Expressing the sense of the House of Representatives regarding establishing a National Strategic Agenda.</title>
    <recordedVotes />
    <cboCostEstimates />
    <committees>
      <billCommittees>
        <item>
          <chamber>House</chamber>
          <name>Ways and Means Committee</name>
          <systemCode>hswm00</systemCode>
          <type>Standing</type>
          <subcommittees>
            <item>
              <activities>
                <item>
                  <date>2015-04-21T21:42:20Z</date>
                  <name>Referred to</name>
                </item>
              </activities>
              <systemCode>hswm02</systemCode>
              <name>Health Subcommittee</name>
            </item>
          </subcommittees>
          <activities>
            <item>
              <date>2015-04-16T13:07:05Z</date>
              <name>Referred to</name>
            </item>
          </activities>
        </item>
        <item>
          <chamber>House</chamber>
          <name>Energy and Commerce Committee</name>
          <systemCode>hsif00</systemCode>
          <type>Standing</type>
          <subcommittees>
            <item>
              <activities>
                <item>
                  <date>2015-04-17T21:02:39Z</date>
                  <name>Referred to</name>
                </item>
              </activities>
              <systemCode>hsif14</systemCode>
              <name>Health Subcommittee</name>
            </item>
          </subcommittees>
          <activities>
            <item>
              <date>2015-04-16T13:07:00Z</date>
              <name>Referred to</name>
            </item>
          </activities>
        </item>
        <item>
          <chamber>House</chamber>
          <name>Budget Committee</name>
          <systemCode>hsbu00</systemCode>
          <type>Standing</type>
          <subcommittees />
          <activities>
            <item>
              <date>2015-04-16T13:07:15Z</date>
              <name>Referred to</name>
            </item>
          </activities>
        </item>
        <item>
          <chamber>House</chamber>
          <name>Education and the Workforce Committee</name>
          <systemCode>hsed00</systemCode>
          <type>Standing</type>
          <subcommittees />
          <activities>
            <item>
              <date>2015-04-16T13:07:10Z</date>
              <name>Referred to</name>
            </item>
          </activities>
        </item>
      </billCommittees>
    </committees>
    <createDate>2015-04-17T09:01:54Z</createDate>
    <billType>HRES</billType>
    <billNumber>207</billNumber>
    <policyArea>
      <name>Economics and Public Finance</name>
    </policyArea>
  </bill>
  <dublinCore xmlns:dc="http://purl.org/dc/elements/1.1/">
    <dc:format>text/xml</dc:format>
    <dc:language>EN</dc:language>
    <dc:rights>Pursuant to Title 17 Section 105 of the United States Code, this file is not subject to copyright protection and is in the public domain.</dc:rights>
    <dc:contributor>Congressional Research Service, Library of Congress</dc:contributor>
    <dc:description>This file contains bill summaries and statuses for federal legislation. A bill summary describes the most significant provisions of a piece of legislation and details the effects the legislative text may have on current law and federal programs. Bill summaries are authored by the Congressional Research Service (CRS) of the Library of Congress. As stated in Public Law 91-510 (2 USC 166 (d)(6)), one of the duties of CRS is "to prepare summaries and digests of bills and resolutions of a public general nature introduced in the Senate or House of Representatives". For more information, refer to the User Guide that accompanies this file.</dc:description>
  </dublinCore>
</billStatus>

