<?xml version="1.0" encoding="UTF-8"?>
<billStatus>
  <bill>
    <cosponsors />
    <laws />
    <congress>114</congress>
    <billNumber>8</billNumber>
    <billType>HRES</billType>
    <cboCostEstimates />
    <policyArea>
      <name>Congress</name>
    </policyArea>
    <amendments />
    <notes />
    <constitutionalAuthorityStatementText />
    <recordedVotes />
    <summaries>
      <billSummaries>
        <item>
          <actionDesc>Introduced in House</actionDesc>
          <text><![CDATA[<p>Names individuals to fill six specified minority party employee positions authorized by the Legislative Pay Act of 1929. Authorizes the minority leader to appoint and set the annual rate of pay for up to three further minority employees.</p>]]></text>
          <versionCode>00</versionCode>
          <lastSummaryUpdateDate>2015-01-16T21:25:45Z</lastSummaryUpdateDate>
          <updateDate>2015-01-06T05:00:00Z</updateDate>
          <actionDate>2015-01-06</actionDate>
          <name>Introduced in House</name>
        </item>
        <item>
          <actionDesc>Passed House without amendment</actionDesc>
          <text><![CDATA[<p>(This measure has not been amended since it was introduced. The summary of that version is repeated here.)</p> <p>Names individuals to fill six specified minority party employee positions authorized by the Legislative Pay Act of 1929. Authorizes the minority leader to appoint and set the annual rate of pay for up to three further minority employees.</p>]]></text>
          <versionCode>81</versionCode>
          <lastSummaryUpdateDate>2015-02-06T21:53:34Z</lastSummaryUpdateDate>
          <updateDate>2015-01-06T20:43:19Z</updateDate>
          <actionDate>2015-01-06</actionDate>
          <name>Passed House without amendment</name>
        </item>
      </billSummaries>
    </summaries>
    <updateDate>2017-01-11T14:29:36Z</updateDate>
    <originChamber>House</originChamber>
    <actions>
      <actionByCounts>
        <houseOfRepresentatives>6</houseOfRepresentatives>
      </actionByCounts>
      <item>
        <committee />
        <actionCode>H38310</actionCode>
        <type>Floor</type>
        <text>Motion to reconsider laid on the table Agreed to without objection.</text>
        <actionDate>2015-01-06</actionDate>
        <actionTime>17:33:55</actionTime>
        <links />
        <sourceSystem>
          <name>House floor actions</name>
          <code>2</code>
        </sourceSystem>
      </item>
      <item>
        <committee />
        <actionCode>H37100</actionCode>
        <type>Floor</type>
        <text>On agreeing to the resolution Agreed to without objection. (text: CR H28)</text>
        <actionDate>2015-01-06</actionDate>
        <actionTime>17:33:52</actionTime>
        <links>
          <link>
            <name>H28</name>
            <url>https://www.congress.gov/congressional-record/volume-161/house-section/page/H28</url>
          </link>
        </links>
        <sourceSystem>
          <name>House floor actions</name>
          <code>2</code>
        </sourceSystem>
      </item>
      <item>
        <committee />
        <actionCode>8000</actionCode>
        <type>Floor</type>
        <text>Passed/agreed to in House: On agreeing to the resolution Agreed to without objection.(text: CR H28)</text>
        <actionDate>2015-01-06</actionDate>
        <actionTime>17:33:52</actionTime>
        <links>
          <link>
            <name>H28</name>
            <url>https://www.congress.gov/congressional-record/volume-161/house-section/page/H28</url>
          </link>
        </links>
        <sourceSystem>
          <name>Library of Congress</name>
          <code>9</code>
        </sourceSystem>
      </item>
      <item>
        <committee />
        <actionCode>H30000</actionCode>
        <type>Floor</type>
        <text>Considered as privileged matter. (consideration: CR H28)</text>
        <actionDate>2015-01-06</actionDate>
        <actionTime>17:33:41</actionTime>
        <links>
          <link>
            <name>H28</name>
            <url>https://www.congress.gov/congressional-record/volume-161/house-section/page/H28</url>
          </link>
        </links>
        <sourceSystem>
          <name>House floor actions</name>
          <code>2</code>
        </sourceSystem>
      </item>
      <item>
        <committee />
        <actionCode>Intro-H</actionCode>
        <type>IntroReferral</type>
        <text>Introduced in House</text>
        <actionDate>2015-01-06</actionDate>
        <sourceSystem>
          <name>Library of Congress</name>
          <code>9</code>
        </sourceSystem>
        <links />
      </item>
      <item>
        <committee />
        <actionCode>1000</actionCode>
        <type>IntroReferral</type>
        <text>Introduced in House</text>
        <actionDate>2015-01-06</actionDate>
        <sourceSystem>
          <name>Library of Congress</name>
          <code>9</code>
        </sourceSystem>
        <links />
      </item>
      <actionTypeCounts>
        <introducedInHouse>1</introducedInHouse>
        <passedAgreedToInHouse>1</passedAgreedToInHouse>
        <considerationByHouse>1</considerationByHouse>
        <motionToReconsiderResults>1</motionToReconsiderResults>
        <passageOfAMeasure>1</passageOfAMeasure>
        <introducedInTheHouse>1</introducedInTheHouse>
      </actionTypeCounts>
    </actions>
    <committeeReports />
    <subjects>
      <billSubjects>
        <legislativeSubjects>
          <item>
            <name>Congressional officers and employees</name>
          </item>
          <item>
            <name>Government employee pay, benefits, personnel management</name>
          </item>
          <item>
            <name>House of Representatives</name>
          </item>
        </legislativeSubjects>
        <policyArea>
          <name>Congress</name>
        </policyArea>
      </billSubjects>
    </subjects>
    <titles>
      <item>
        <parentTitleType />
        <chamberCode />
        <chamberName />
        <titleType>Official Title as Introduced</titleType>
        <title>Providing for the designation of certain minority employees.</title>
      </item>
      <item>
        <parentTitleType />
        <chamberCode />
        <chamberName />
        <titleType>Display Title</titleType>
        <title>Providing for the designation of certain minority employees.</title>
      </item>
    </titles>
    <relatedBills />
    <calendarNumbers />
    <title>Providing for the designation of certain minority employees.</title>
    <introducedDate>2015-01-06</introducedDate>
    <latestAction>
      <actionDate>2015-01-06</actionDate>
      <actionTime>17:33:55</actionTime>
      <text>Motion to reconsider laid on the table Agreed to without objection.</text>
      <links />
    </latestAction>
    <createDate>2015-01-07T09:38:03Z</createDate>
    <committees>
      <billCommittees />
    </committees>
    <sponsors>
      <item>
        <fullName>Rep. Becerra, Xavier [D-CA-34]</fullName>
        <firstName>XAVIER</firstName>
        <bioguideId>B000287</bioguideId>
        <party>D</party>
        <middleName />
        <byRequestType />
        <district>34</district>
        <state>CA</state>
        <lastName>BECERRA</lastName>
        <identifiers>
          <lisID>70</lisID>
          <gpoId>7836</gpoId>
          <bioguideId>B000287</bioguideId>
        </identifiers>
      </item>
    </sponsors>
  </bill>
  <dublinCore xmlns:dc="http://purl.org/dc/elements/1.1/">
    <dc:format>text/xml</dc:format>
    <dc:language>EN</dc:language>
    <dc:rights>Pursuant to Title 17 Section 105 of the United States Code, this file is not subject to copyright protection and is in the public domain.</dc:rights>
    <dc:contributor>Congressional Research Service, Library of Congress</dc:contributor>
    <dc:description>This file contains bill summaries and statuses for federal legislation. A bill summary describes the most significant provisions of a piece of legislation and details the effects the legislative text may have on current law and federal programs. Bill summaries are authored by the Congressional Research Service (CRS) of the Library of Congress. As stated in Public Law 91-510 (2 USC 166 (d)(6)), one of the duties of CRS is "to prepare summaries and digests of bills and resolutions of a public general nature introduced in the Senate or House of Representatives". For more information, refer to the User Guide that accompanies this file.</dc:description>
  </dublinCore>
</billStatus>

