<?xml version="1.0" encoding="UTF-8"?>
<billStatus>
  <bill>
    <committees>
      <billCommittees>
        <item>
          <activities>
            <item>
              <name>Referred to</name>
              <date>2015-04-15T14:02:20Z</date>
            </item>
          </activities>
          <chamber>House</chamber>
          <systemCode>hsed00</systemCode>
          <name>Education and the Workforce Committee</name>
          <subcommittees />
          <type>Standing</type>
        </item>
      </billCommittees>
    </committees>
    <calendarNumbers />
    <sponsors>
      <item>
        <identifiers>
          <bioguideId>Q000023</bioguideId>
          <lisID>1967</lisID>
          <gpoId>7925</gpoId>
        </identifiers>
        <district>5</district>
        <fullName>Rep. Quigley, Mike [D-IL-5]</fullName>
        <lastName>Quigley</lastName>
        <middleName />
        <bioguideId>Q000023</bioguideId>
        <party>D</party>
        <firstName>Mike</firstName>
        <state>IL</state>
        <byRequestType />
      </item>
    </sponsors>
    <billType>HRES</billType>
    <summaries>
      <billSummaries>
        <item>
          <actionDate>2015-04-15</actionDate>
          <name>Introduced in House</name>
          <actionDesc>Introduced in House</actionDesc>
          <updateDate>2015-04-15T04:00:00Z</updateDate>
          <text><![CDATA[<p>Congratulates the administration, staff, students, and alumni of Roosevelt University on its 70th anniversary.</p> <p>]]></text>
          <lastSummaryUpdateDate>2015-04-23T15:45:25Z</lastSummaryUpdateDate>
          <versionCode>00</versionCode>
        </item>
      </billSummaries>
    </summaries>
    <titles>
      <item>
        <parentTitleType />
        <chamberCode />
        <chamberName />
        <titleType>Official Title as Introduced</titleType>
        <title>Congratulating the administration, staff, students, and alumni of Roosevelt University on the occasion of the University's 70th anniversary.</title>
      </item>
      <item>
        <parentTitleType />
        <chamberCode />
        <chamberName />
        <titleType>Display Title</titleType>
        <title>Congratulating the administration, staff, students, and alumni of Roosevelt University on the occasion of the University's 70th anniversary.</title>
      </item>
    </titles>
    <billNumber>205</billNumber>
    <constitutionalAuthorityStatementText />
    <cboCostEstimates />
    <title>Congratulating the administration, staff, students, and alumni of Roosevelt University on the occasion of the University's 70th anniversary.</title>
    <amendments />
    <actions>
      <actionTypeCounts>
        <introducedInTheHouse>1</introducedInTheHouse>
        <billReferrals>1</billReferrals>
        <introducedInHouse>1</introducedInHouse>
      </actionTypeCounts>
      <item>
        <text>Referred to the House Committee on Education and the Workforce.</text>
        <committee>
          <name>Education and the Workforce Committee</name>
          <systemCode>hsed00</systemCode>
        </committee>
        <type>IntroReferral</type>
        <actionDate>2015-04-15</actionDate>
        <sourceSystem>
          <code>2</code>
          <name>House floor actions</name>
        </sourceSystem>
        <links />
        <actionCode>H11100</actionCode>
      </item>
      <item>
        <text>Introduced in House</text>
        <committee />
        <type>IntroReferral</type>
        <actionDate>2015-04-15</actionDate>
        <sourceSystem>
          <code>9</code>
          <name>Library of Congress</name>
        </sourceSystem>
        <links />
        <actionCode>Intro-H</actionCode>
      </item>
      <item>
        <text>Introduced in House</text>
        <committee />
        <type>IntroReferral</type>
        <actionDate>2015-04-15</actionDate>
        <sourceSystem>
          <code>9</code>
          <name>Library of Congress</name>
        </sourceSystem>
        <links />
        <actionCode>1000</actionCode>
      </item>
      <actionByCounts>
        <houseOfRepresentatives>3</houseOfRepresentatives>
      </actionByCounts>
    </actions>
    <notes />
    <updateDate>2017-01-11T14:30:26Z</updateDate>
    <createDate>2015-04-16T09:11:12Z</createDate>
    <recordedVotes />
    <introducedDate>2015-04-15</introducedDate>
    <congress>114</congress>
    <committeeReports />
    <laws />
    <cosponsors>
      <item>
        <sponsorshipDate>2015-04-15</sponsorshipDate>
        <district>1</district>
        <firstName>BOBBY</firstName>
        <fullName>Rep. Rush, Bobby L. [D-IL-1]</fullName>
        <sponsorshipWithdrawnDate />
        <identifiers>
          <lisID>1003</lisID>
          <gpoId>7921</gpoId>
          <bioguideId>R000515</bioguideId>
        </identifiers>
        <bioguideId>R000515</bioguideId>
        <lastName>RUSH</lastName>
        <state>IL</state>
        <isOriginalCosponsor>True</isOriginalCosponsor>
        <party>D</party>
        <middleName>L.</middleName>
      </item>
      <item>
        <sponsorshipDate>2015-04-15</sponsorshipDate>
        <district>7</district>
        <firstName>DANNY</firstName>
        <fullName>Rep. Davis, Danny K. [D-IL-7]</fullName>
        <sponsorshipWithdrawnDate />
        <identifiers>
          <lisID>1477</lisID>
          <gpoId>7927</gpoId>
          <bioguideId>D000096</bioguideId>
        </identifiers>
        <bioguideId>D000096</bioguideId>
        <lastName>DAVIS</lastName>
        <state>IL</state>
        <isOriginalCosponsor>True</isOriginalCosponsor>
        <party>D</party>
        <middleName>K.</middleName>
      </item>
      <item>
        <sponsorshipDate>2015-04-15</sponsorshipDate>
        <district>4</district>
        <firstName>LUIS</firstName>
        <fullName>Rep. Gutierrez, Luis V. [D-IL-4]</fullName>
        <sponsorshipWithdrawnDate />
        <identifiers>
          <bioguideId>G000535</bioguideId>
          <lisID>478</lisID>
          <gpoId>7924</gpoId>
        </identifiers>
        <bioguideId>G000535</bioguideId>
        <lastName>GUTIERREZ</lastName>
        <state>IL</state>
        <isOriginalCosponsor>True</isOriginalCosponsor>
        <party>D</party>
        <middleName>V.</middleName>
      </item>
      <item>
        <sponsorshipDate>2015-04-15</sponsorshipDate>
        <district>8</district>
        <firstName>Tammy</firstName>
        <fullName>Rep. Duckworth, Tammy [D-IL-8]</fullName>
        <sponsorshipWithdrawnDate />
        <identifiers>
          <lisID>2123</lisID>
          <gpoId />
          <bioguideId>D000622</bioguideId>
        </identifiers>
        <bioguideId>D000622</bioguideId>
        <lastName>Duckworth</lastName>
        <state>IL</state>
        <isOriginalCosponsor>True</isOriginalCosponsor>
        <party>D</party>
        <middleName />
      </item>
      <item>
        <sponsorshipDate>2015-04-15</sponsorshipDate>
        <district>11</district>
        <firstName>Bill</firstName>
        <fullName>Rep. Foster, Bill [D-IL-11]</fullName>
        <sponsorshipWithdrawnDate />
        <identifiers>
          <bioguideId>F000454</bioguideId>
          <lisID>1888</lisID>
          <gpoId>7355</gpoId>
        </identifiers>
        <bioguideId>F000454</bioguideId>
        <lastName>Foster</lastName>
        <state>IL</state>
        <isOriginalCosponsor>True</isOriginalCosponsor>
        <party>D</party>
        <middleName />
      </item>
      <item>
        <sponsorshipDate>2015-04-15</sponsorshipDate>
        <district>3</district>
        <firstName>Daniel</firstName>
        <fullName>Rep. Lipinski, Daniel [D-IL-3]</fullName>
        <sponsorshipWithdrawnDate />
        <identifiers>
          <gpoId>7923</gpoId>
          <bioguideId>L000563</bioguideId>
          <lisID>1781</lisID>
        </identifiers>
        <bioguideId>L000563</bioguideId>
        <lastName>Lipinski</lastName>
        <state>IL</state>
        <isOriginalCosponsor>True</isOriginalCosponsor>
        <party>D</party>
        <middleName>William</middleName>
      </item>
      <item>
        <sponsorshipDate>2015-04-15</sponsorshipDate>
        <district>16</district>
        <firstName>Adam</firstName>
        <fullName>Rep. Kinzinger, Adam [R-IL-16]</fullName>
        <sponsorshipWithdrawnDate />
        <identifiers>
          <bioguideId>K000378</bioguideId>
          <lisID>2014</lisID>
          <gpoId>7931</gpoId>
        </identifiers>
        <bioguideId>K000378</bioguideId>
        <lastName>Kinzinger</lastName>
        <state>IL</state>
        <isOriginalCosponsor>True</isOriginalCosponsor>
        <party>R</party>
        <middleName />
      </item>
    </cosponsors>
    <originChamber>House</originChamber>
    <latestAction>
      <links />
      <text>Referred to the House Committee on Education and the Workforce.</text>
      <actionDate>2015-04-15</actionDate>
    </latestAction>
    <policyArea>
      <name>Education</name>
    </policyArea>
    <relatedBills>
      <item>
        <type>SRES</type>
        <congress>114</congress>
        <number>137</number>
        <latestAction>
          <text>Submitted in the Senate, considered, and agreed to without amendment and with a preamble by Unanimous Consent. (consideration: CR S2255; text as passed Senate: CR S2254)</text>
          <actionDate>2015-04-16</actionDate>
        </latestAction>
        <relationshipDetails>
          <item>
            <type>Identical bill</type>
            <identifiedBy>CRS</identifiedBy>
          </item>
        </relationshipDetails>
        <latestTitle>A resolution congratulating the administration, staff, students, and alumni of Roosevelt University on the occasion of the 70th anniversary of the University.</latestTitle>
      </item>
    </relatedBills>
    <subjects>
      <billSubjects>
        <legislativeSubjects>
          <item>
            <name>Commemorative events and holidays</name>
          </item>
          <item>
            <name>Congressional tributes</name>
          </item>
          <item>
            <name>Higher education</name>
          </item>
          <item>
            <name>Illinois</name>
          </item>
        </legislativeSubjects>
        <policyArea>
          <name>Education</name>
        </policyArea>
      </billSubjects>
    </subjects>
  </bill>
  <dublinCore xmlns:dc="http://purl.org/dc/elements/1.1/">
    <dc:format>text/xml</dc:format>
    <dc:language>EN</dc:language>
    <dc:rights>Pursuant to Title 17 Section 105 of the United States Code, this file is not subject to copyright protection and is in the public domain.</dc:rights>
    <dc:contributor>Congressional Research Service, Library of Congress</dc:contributor>
    <dc:description>This file contains bill summaries and statuses for federal legislation. A bill summary describes the most significant provisions of a piece of legislation and details the effects the legislative text may have on current law and federal programs. Bill summaries are authored by the Congressional Research Service (CRS) of the Library of Congress. As stated in Public Law 91-510 (2 USC 166 (d)(6)), one of the duties of CRS is "to prepare summaries and digests of bills and resolutions of a public general nature introduced in the Senate or House of Representatives". For more information, refer to the User Guide that accompanies this file.</dc:description>
  </dublinCore>
</billStatus>

