<?xml version="1.0" encoding="UTF-8"?>
<billStatus>
  <bill>
    <subjects>
      <billSubjects>
        <legislativeSubjects>
          <item>
            <name>House of Representatives</name>
          </item>
          <item>
            <name>Legislative rules and procedure</name>
          </item>
        </legislativeSubjects>
        <policyArea>
          <name>Congress</name>
        </policyArea>
      </billSubjects>
    </subjects>
    <actions>
      <actionTypeCounts>
        <generalDebate>1</generalDebate>
        <motionMadeToSuspendTheRules>1</motionMadeToSuspendTheRules>
        <introducedInTheHouse>1</introducedInTheHouse>
        <introducedInHouse>1</introducedInHouse>
        <considerationByHouse>1</considerationByHouse>
        <passedAgreedToInHouse>1</passedAgreedToInHouse>
        <finalPassageUnderSuspensionOfTheRulesResults>1</finalPassageUnderSuspensionOfTheRulesResults>
      </actionTypeCounts>
      <item>
        <text>On motion to suspend the rules and agree to the resolution Agreed to by voice vote. (text: CR H6195-6196)</text>
        <committee />
        <type>Floor</type>
        <actionTime>13:15:52</actionTime>
        <actionDate>2015-09-24</actionDate>
        <sourceSystem>
          <code>2</code>
          <name>House floor actions</name>
        </sourceSystem>
        <links>
          <link>
            <url>https://www.congress.gov/congressional-record/volume-161/house-section/page/H6195-6196</url>
            <name>H6195-6196</name>
          </link>
        </links>
        <actionCode>H37300</actionCode>
      </item>
      <item>
        <text>Passed/agreed to in House: On motion to suspend the rules and agree to the resolution Agreed to by voice vote.(text: CR H6195-6196)</text>
        <committee />
        <type>Floor</type>
        <actionTime>13:15:52</actionTime>
        <actionDate>2015-09-24</actionDate>
        <sourceSystem>
          <code>9</code>
          <name>Library of Congress</name>
        </sourceSystem>
        <links>
          <link>
            <url>https://www.congress.gov/congressional-record/volume-161/house-section/page/H6195-6196</url>
            <name>H6195-6196</name>
          </link>
        </links>
        <actionCode>8000</actionCode>
      </item>
      <item>
        <text>DEBATE - The House proceeded with forty minutes of debate on H. Res. 434.</text>
        <committee />
        <type>Floor</type>
        <actionTime>13:08:25</actionTime>
        <actionDate>2015-09-24</actionDate>
        <sourceSystem>
          <code>2</code>
          <name>House floor actions</name>
        </sourceSystem>
        <links>
          <link>
            <url>https://www.congress.gov/bill/114th-congress/house-resolution/434</url>
            <name>H. Res. 434</name>
          </link>
        </links>
        <actionCode>H8D000</actionCode>
      </item>
      <item>
        <text>Considered under suspension of the rules. (consideration: CR H6195-6197)</text>
        <committee />
        <type>Floor</type>
        <actionTime>13:08:20</actionTime>
        <actionDate>2015-09-24</actionDate>
        <sourceSystem>
          <code>2</code>
          <name>House floor actions</name>
        </sourceSystem>
        <links>
          <link>
            <url>https://www.congress.gov/congressional-record/volume-161/house-section/page/H6195-6197</url>
            <name>H6195-6197</name>
          </link>
        </links>
        <actionCode>H30000</actionCode>
      </item>
      <item>
        <text>Mr. Katko moved to suspend the rules and agree to the resolution.</text>
        <committee />
        <type>Floor</type>
        <actionTime>13:08:04</actionTime>
        <actionDate>2015-09-24</actionDate>
        <sourceSystem>
          <code>2</code>
          <name>House floor actions</name>
        </sourceSystem>
        <links />
        <actionCode>H30300</actionCode>
      </item>
      <item>
        <text>Introduced in House</text>
        <committee />
        <type>IntroReferral</type>
        <actionDate>2015-09-24</actionDate>
        <sourceSystem>
          <code>9</code>
          <name>Library of Congress</name>
        </sourceSystem>
        <links />
        <actionCode>Intro-H</actionCode>
      </item>
      <item>
        <text>Introduced in House</text>
        <committee />
        <type>IntroReferral</type>
        <actionDate>2015-09-24</actionDate>
        <sourceSystem>
          <code>9</code>
          <name>Library of Congress</name>
        </sourceSystem>
        <links />
        <actionCode>1000</actionCode>
      </item>
      <actionByCounts>
        <houseOfRepresentatives>7</houseOfRepresentatives>
      </actionByCounts>
    </actions>
    <policyArea>
      <name>Congress</name>
    </policyArea>
    <notes />
    <createDate>2015-09-25T09:45:00Z</createDate>
    <title>Providing for the concurrence by the House in the Senate amendment to H.R. 719, with an amendment.</title>
    <relatedBills>
      <item>
        <congress>114</congress>
        <type>HR</type>
        <latestAction>
          <text>Became Public Law No: 114-53.</text>
          <actionDate>2015-09-30</actionDate>
        </latestAction>
        <latestTitle>Continuing Appropriations Act, 2016</latestTitle>
        <number>719</number>
        <relationshipDetails>
          <item>
            <type>Procedurally-related</type>
            <identifiedBy>House</identifiedBy>
          </item>
        </relationshipDetails>
      </item>
    </relatedBills>
    <cosponsors />
    <constitutionalAuthorityStatementText />
    <cboCostEstimates />
    <updateDate>2017-01-11T14:37:34Z</updateDate>
    <laws />
    <summaries>
      <billSummaries>
        <item>
          <text><![CDATA[<p>Sets forth the rule for consideration of the Senate amendment to H.R. 719 (TSA Office of Inspection Accountability Act of 2015).</p>]]></text>
          <lastSummaryUpdateDate>2015-09-28T15:10:59Z</lastSummaryUpdateDate>
          <actionDesc>Introduced in House</actionDesc>
          <versionCode>00</versionCode>
          <updateDate>2015-09-24T04:00:00Z</updateDate>
          <name>Introduced in House</name>
          <actionDate>2015-09-24</actionDate>
        </item>
        <item>
          <text><![CDATA[<p>(This measure has not been amended since it was introduced. The summary of that version is repeated here.)</p> <p>Sets forth the rule for consideration of the Senate amendment to H.R. 719 (TSA Office of Inspection Accountability Act of 2015).</p>]]></text>
          <lastSummaryUpdateDate>2015-09-28T15:35:11Z</lastSummaryUpdateDate>
          <actionDesc>Passed House without amendment</actionDesc>
          <versionCode>81</versionCode>
          <updateDate>2015-09-24T18:17:25Z</updateDate>
          <name>Passed House without amendment</name>
          <actionDate>2015-09-24</actionDate>
        </item>
      </billSummaries>
    </summaries>
    <latestAction>
      <links />
      <actionDate>2015-09-24</actionDate>
      <text>On motion to suspend the rules and agree to the resolution Agreed to by voice vote. (text: CR H6195-6196)</text>
      <actionTime>13:15:52</actionTime>
    </latestAction>
    <originChamber>House</originChamber>
    <introducedDate>2015-09-24</introducedDate>
    <billNumber>434</billNumber>
    <amendments />
    <billType>HRES</billType>
    <committees>
      <billCommittees />
    </committees>
    <calendarNumbers />
    <congress>114</congress>
    <committeeReports />
    <recordedVotes />
    <sponsors>
      <item>
        <lastName>Katko</lastName>
        <state>NY</state>
        <byRequestType />
        <firstName>John</firstName>
        <bioguideId>K000386</bioguideId>
        <fullName>Rep. Katko, John [R-NY-24]</fullName>
        <identifiers>
          <lisID>2264</lisID>
          <gpoId />
          <bioguideId>K000386</bioguideId>
        </identifiers>
        <middleName />
        <district>24</district>
        <party>R</party>
      </item>
    </sponsors>
    <titles>
      <item>
        <chamberName />
        <title>Providing for the concurrence by the House in the Senate amendment to H.R. 719, with an amendment.</title>
        <titleType>Official Title as Introduced</titleType>
        <parentTitleType />
        <chamberCode />
      </item>
      <item>
        <chamberName />
        <title>Providing for the concurrence by the House in the Senate amendment to H.R. 719, with an amendment.</title>
        <titleType>Display Title</titleType>
        <parentTitleType />
        <chamberCode />
      </item>
    </titles>
  </bill>
  <dublinCore xmlns:dc="http://purl.org/dc/elements/1.1/">
    <dc:format>text/xml</dc:format>
    <dc:language>EN</dc:language>
    <dc:rights>Pursuant to Title 17 Section 105 of the United States Code, this file is not subject to copyright protection and is in the public domain.</dc:rights>
    <dc:contributor>Congressional Research Service, Library of Congress</dc:contributor>
    <dc:description>This file contains bill summaries and statuses for federal legislation. A bill summary describes the most significant provisions of a piece of legislation and details the effects the legislative text may have on current law and federal programs. Bill summaries are authored by the Congressional Research Service (CRS) of the Library of Congress. As stated in Public Law 91-510 (2 USC 166 (d)(6)), one of the duties of CRS is "to prepare summaries and digests of bills and resolutions of a public general nature introduced in the Senate or House of Representatives". For more information, refer to the User Guide that accompanies this file.</dc:description>
  </dublinCore>
</billStatus>

