<?xml version="1.0" encoding="UTF-8"?>
<billStatus>
  <bill>
    <congress>114</congress>
    <calendarNumbers />
    <cboCostEstimates />
    <actions>
      <actionByCounts>
        <houseOfRepresentatives>3</houseOfRepresentatives>
      </actionByCounts>
      <item>
        <text>Referred to the House Committee on Oversight and Government.</text>
        <actionCode>H11100</actionCode>
        <sourceSystem>
          <code>2</code>
          <name>House floor actions</name>
        </sourceSystem>
        <committee>
          <name>Oversight and Government Reform Committee</name>
          <systemCode>hsgo00</systemCode>
        </committee>
        <type>IntroReferral</type>
        <actionDate>2015-02-13</actionDate>
        <links />
      </item>
      <item>
        <text>Introduced in House</text>
        <actionCode>Intro-H</actionCode>
        <sourceSystem>
          <code>9</code>
          <name>Library of Congress</name>
        </sourceSystem>
        <committee />
        <type>IntroReferral</type>
        <actionDate>2015-02-13</actionDate>
        <links />
      </item>
      <item>
        <text>Introduced in House</text>
        <actionCode>1000</actionCode>
        <sourceSystem>
          <code>9</code>
          <name>Library of Congress</name>
        </sourceSystem>
        <committee />
        <type>IntroReferral</type>
        <actionDate>2015-02-13</actionDate>
        <links />
      </item>
      <actionTypeCounts>
        <introducedInTheHouse>1</introducedInTheHouse>
        <billReferrals>1</billReferrals>
        <introducedInHouse>1</introducedInHouse>
      </actionTypeCounts>
    </actions>
    <relatedBills />
    <latestAction>
      <text>Referred to the House Committee on Oversight and Government.</text>
      <links />
      <actionDate>2015-02-13</actionDate>
    </latestAction>
    <originChamber>House</originChamber>
    <title>Supporting the goals and ideals of International Mother Language Day in bringing attention to the importance of preserving linguistic and cultural heritage through education.</title>
    <titles>
      <item>
        <chamberCode />
        <titleType>Official Title as Introduced</titleType>
        <chamberName />
        <title>Supporting the goals and ideals of International Mother Language Day in bringing attention to the importance of preserving linguistic and cultural heritage through education.</title>
        <parentTitleType />
      </item>
      <item>
        <chamberCode />
        <titleType>Display Title</titleType>
        <chamberName />
        <title>Supporting the goals and ideals of International Mother Language Day in bringing attention to the importance of preserving linguistic and cultural heritage through education.</title>
        <parentTitleType />
      </item>
    </titles>
    <committeeReports />
    <updateDate>2017-01-11T14:30:04Z</updateDate>
    <billType>HRES</billType>
    <recordedVotes />
    <subjects>
      <billSubjects>
        <policyArea>
          <name>Arts, Culture, Religion</name>
        </policyArea>
        <legislativeSubjects>
          <item>
            <name>Commemorative events and holidays</name>
          </item>
          <item>
            <name>Foreign language and bilingual programs</name>
          </item>
          <item>
            <name>Historical and cultural resources</name>
          </item>
          <item>
            <name>Language arts</name>
          </item>
        </legislativeSubjects>
      </billSubjects>
    </subjects>
    <policyArea>
      <name>Arts, Culture, Religion</name>
    </policyArea>
    <laws />
    <amendments />
    <committees>
      <billCommittees>
        <item>
          <name>Oversight and Government Reform Committee</name>
          <activities>
            <item>
              <name>Referred to</name>
              <date>2015-02-13T14:05:25Z</date>
            </item>
          </activities>
          <subcommittees />
          <chamber>House</chamber>
          <type>Standing</type>
          <systemCode>hsgo00</systemCode>
        </item>
      </billCommittees>
    </committees>
    <sponsors>
      <item>
        <identifiers>
          <gpoId />
          <bioguideId>M001188</bioguideId>
          <lisID>2148</lisID>
        </identifiers>
        <state>NY</state>
        <bioguideId>M001188</bioguideId>
        <lastName>Meng</lastName>
        <middleName />
        <party>D</party>
        <district>6</district>
        <fullName>Rep. Meng, Grace [D-NY-6]</fullName>
        <byRequestType />
        <firstName>Grace</firstName>
      </item>
    </sponsors>
    <introducedDate>2015-02-13</introducedDate>
    <summaries>
      <billSummaries>
        <item>
          <lastSummaryUpdateDate>2015-03-06T22:48:28Z</lastSummaryUpdateDate>
          <updateDate>2015-02-13T05:00:00Z</updateDate>
          <name>Introduced in House</name>
          <actionDate>2015-02-13</actionDate>
          <text><![CDATA[<p>Supports the goals and ideals of International Mother Language Day. </p>]]></text>
          <actionDesc>Introduced in House</actionDesc>
          <versionCode>00</versionCode>
        </item>
      </billSummaries>
    </summaries>
    <notes />
    <createDate>2015-02-14T04:46:16Z</createDate>
    <billNumber>116</billNumber>
    <cosponsors>
      <item>
        <firstName>JOSEPH</firstName>
        <middleName />
        <bioguideId>C001038</bioguideId>
        <sponsorshipWithdrawnDate />
        <fullName>Rep. Crowley, Joseph [D-NY-14]</fullName>
        <identifiers>
          <lisID>1604</lisID>
          <gpoId>8068</gpoId>
          <bioguideId>C001038</bioguideId>
        </identifiers>
        <lastName>CROWLEY</lastName>
        <party>D</party>
        <isOriginalCosponsor>True</isOriginalCosponsor>
        <state>NY</state>
        <sponsorshipDate>2015-02-13</sponsorshipDate>
        <district>14</district>
      </item>
      <item>
        <firstName>CHARLES</firstName>
        <middleName>B.</middleName>
        <bioguideId>R000053</bioguideId>
        <sponsorshipWithdrawnDate />
        <fullName>Rep. Rangel, Charles B. [D-NY-13]</fullName>
        <identifiers>
          <bioguideId>R000053</bioguideId>
          <gpoId>8076</gpoId>
          <lisID>944</lisID>
        </identifiers>
        <lastName>RANGEL</lastName>
        <party>D</party>
        <isOriginalCosponsor>True</isOriginalCosponsor>
        <state>NY</state>
        <sponsorshipDate>2015-02-13</sponsorshipDate>
        <district>13</district>
      </item>
      <item>
        <firstName>ADAM</firstName>
        <middleName>B.</middleName>
        <bioguideId>S001150</bioguideId>
        <sponsorshipWithdrawnDate />
        <fullName>Rep. Schiff, Adam B. [D-CA-28]</fullName>
        <identifiers>
          <lisID>1635</lisID>
          <gpoId>7834</gpoId>
          <bioguideId>S001150</bioguideId>
        </identifiers>
        <lastName>SCHIFF</lastName>
        <party>D</party>
        <isOriginalCosponsor>True</isOriginalCosponsor>
        <state>CA</state>
        <sponsorshipDate>2015-02-13</sponsorshipDate>
        <district>28</district>
      </item>
      <item>
        <firstName>MICHAEL</firstName>
        <middleName>M.</middleName>
        <bioguideId>H001034</bioguideId>
        <sponsorshipWithdrawnDate />
        <fullName>Rep. Honda, Michael M. [D-CA-17]</fullName>
        <identifiers>
          <lisID>1634</lisID>
          <gpoId>7820</gpoId>
          <bioguideId>H001034</bioguideId>
        </identifiers>
        <lastName>HONDA</lastName>
        <party>D</party>
        <isOriginalCosponsor>True</isOriginalCosponsor>
        <state>CA</state>
        <sponsorshipDate>2015-02-13</sponsorshipDate>
        <district>17</district>
      </item>
      <item>
        <firstName>Al</firstName>
        <middleName />
        <bioguideId>G000553</bioguideId>
        <sponsorshipWithdrawnDate />
        <fullName>Rep. Green, Al [D-TX-9]</fullName>
        <identifiers>
          <gpoId>8165</gpoId>
          <bioguideId>G000553</bioguideId>
          <lisID>1803</lisID>
        </identifiers>
        <lastName>Green</lastName>
        <party>D</party>
        <isOriginalCosponsor>True</isOriginalCosponsor>
        <state>TX</state>
        <sponsorshipDate>2015-02-13</sponsorshipDate>
        <district>9</district>
      </item>
      <item>
        <firstName>Madeleine</firstName>
        <middleName>Z.</middleName>
        <bioguideId>B001245</bioguideId>
        <sponsorshipWithdrawnDate />
        <fullName>Rep. Bordallo, Madeleine Z. [D-GU-At Large]</fullName>
        <identifiers>
          <lisID>1723</lisID>
          <gpoId>7911</gpoId>
          <bioguideId>B001245</bioguideId>
        </identifiers>
        <lastName>Bordallo</lastName>
        <party>D</party>
        <isOriginalCosponsor>True</isOriginalCosponsor>
        <state>GU</state>
        <sponsorshipDate>2015-02-13</sponsorshipDate>
        <district>0</district>
      </item>
      <item>
        <firstName>GRACE</firstName>
        <middleName>F.</middleName>
        <bioguideId>N000179</bioguideId>
        <sponsorshipWithdrawnDate />
        <fullName>Rep. Napolitano, Grace F. [D-CA-32]</fullName>
        <identifiers>
          <lisID>1602</lisID>
          <gpoId>7843</gpoId>
          <bioguideId>N000179</bioguideId>
        </identifiers>
        <lastName>NAPOLITANO</lastName>
        <party>D</party>
        <isOriginalCosponsor>False</isOriginalCosponsor>
        <state>CA</state>
        <sponsorshipDate>2015-02-24</sponsorshipDate>
        <district>32</district>
      </item>
      <item>
        <firstName>Juan</firstName>
        <middleName />
        <bioguideId>V000130</bioguideId>
        <sponsorshipWithdrawnDate />
        <fullName>Rep. Vargas, Juan [D-CA-51]</fullName>
        <identifiers>
          <lisID>2112</lisID>
          <gpoId />
          <bioguideId>V000130</bioguideId>
        </identifiers>
        <lastName>Vargas</lastName>
        <party>D</party>
        <isOriginalCosponsor>False</isOriginalCosponsor>
        <state>CA</state>
        <sponsorshipDate>2015-02-26</sponsorshipDate>
        <district>51</district>
      </item>
      <item>
        <firstName>Scott</firstName>
        <middleName>H.</middleName>
        <bioguideId>P000608</bioguideId>
        <sponsorshipWithdrawnDate />
        <fullName>Rep. Peters, Scott H. [D-CA-52]</fullName>
        <identifiers>
          <gpoId />
          <bioguideId>P000608</bioguideId>
          <lisID>2113</lisID>
        </identifiers>
        <lastName>Peters</lastName>
        <party>D</party>
        <isOriginalCosponsor>False</isOriginalCosponsor>
        <state>CA</state>
        <sponsorshipDate>2015-03-17</sponsorshipDate>
        <district>52</district>
      </item>
    </cosponsors>
    <constitutionalAuthorityStatementText />
  </bill>
  <dublinCore xmlns:dc="http://purl.org/dc/elements/1.1/">
    <dc:format>text/xml</dc:format>
    <dc:language>EN</dc:language>
    <dc:rights>Pursuant to Title 17 Section 105 of the United States Code, this file is not subject to copyright protection and is in the public domain.</dc:rights>
    <dc:contributor>Congressional Research Service, Library of Congress</dc:contributor>
    <dc:description>This file contains bill summaries and statuses for federal legislation. A bill summary describes the most significant provisions of a piece of legislation and details the effects the legislative text may have on current law and federal programs. Bill summaries are authored by the Congressional Research Service (CRS) of the Library of Congress. As stated in Public Law 91-510 (2 USC 166 (d)(6)), one of the duties of CRS is "to prepare summaries and digests of bills and resolutions of a public general nature introduced in the Senate or House of Representatives". For more information, refer to the User Guide that accompanies this file.</dc:description>
  </dublinCore>
</billStatus>

