<?xml version="1.0" encoding="UTF-8"?>
<billStatus>
  <bill>
    <committees>
      <billCommittees />
    </committees>
    <calendarNumbers />
    <sponsors>
      <item>
        <identifiers>
          <lisID>1833</lisID>
          <gpoId>7827</gpoId>
          <bioguideId>M001165</bioguideId>
        </identifiers>
        <district>23</district>
        <fullName>Rep. McCarthy, Kevin [R-CA-23]</fullName>
        <lastName>McCarthy</lastName>
        <middleName />
        <bioguideId>M001165</bioguideId>
        <party>R</party>
        <firstName>Kevin</firstName>
        <state>CA</state>
        <byRequestType />
      </item>
    </sponsors>
    <billType>HRES</billType>
    <summaries>
      <billSummaries>
        <item>
          <lastSummaryUpdateDate>2016-01-13T20:22:33Z</lastSummaryUpdateDate>
          <updateDate>2016-01-05T05:00:00Z</updateDate>
          <name>Introduced in House</name>
          <actionDate>2016-01-05</actionDate>
          <text><![CDATA[<p>Sets the daily meeting of House of Representatives at 2 p.m. on Mondays; 12 noon on Tuesdays (or 2 p.m. if no legislative business was conducted on the preceding Monday); 12 noon on Wednesdays and Thursdays; and 9 a.m. on all other days of the week unless otherwise ordered. </p>]]></text>
          <actionDesc>Introduced in House</actionDesc>
          <versionCode>00</versionCode>
        </item>
        <item>
          <lastSummaryUpdateDate>2016-01-13T21:30:50Z</lastSummaryUpdateDate>
          <updateDate>2016-01-05T17:33:23Z</updateDate>
          <name>Passed House without amendment</name>
          <actionDate>2016-01-05</actionDate>
          <text><![CDATA[<p>(This measure has not been amended since it was introduced. The summary of that version is repeated here.)</p> <p>Sets the daily meeting of House of Representatives at 2 p.m. on Mondays; 12 noon on Tuesdays (or 2 p.m. if no legislative business was conducted on the preceding Monday); 12 noon on Wednesdays and Thursdays; and 9 a.m. on all other days of the week unless otherwise ordered. </p>]]></text>
          <actionDesc>Passed House without amendment</actionDesc>
          <versionCode>81</versionCode>
        </item>
      </billSummaries>
    </summaries>
    <titles>
      <item>
        <title>Providing for the hour of meeting of the House.</title>
        <chamberCode />
        <parentTitleType />
        <chamberName />
        <titleType>Official Title as Introduced</titleType>
      </item>
      <item>
        <title>Providing for the hour of meeting of the House.</title>
        <chamberCode />
        <parentTitleType />
        <chamberName />
        <titleType>Display Title</titleType>
      </item>
    </titles>
    <billNumber>578</billNumber>
    <constitutionalAuthorityStatementText />
    <cboCostEstimates />
    <title>Providing for the hour of meeting of the House.</title>
    <amendments />
    <actions>
      <actionTypeCounts>
        <introducedInTheHouse>1</introducedInTheHouse>
        <motionToReconsiderResults>1</motionToReconsiderResults>
        <considerationByHouse>1</considerationByHouse>
        <introducedInHouse>1</introducedInHouse>
        <passedAgreedToInHouse>1</passedAgreedToInHouse>
        <passageOfAMeasure>1</passageOfAMeasure>
      </actionTypeCounts>
      <item>
        <text>Motion to reconsider laid on the table Agreed to without objection.</text>
        <committee />
        <type>Floor</type>
        <actionTime>19:00:39</actionTime>
        <actionDate>2016-01-05</actionDate>
        <sourceSystem>
          <code>2</code>
          <name>House floor actions</name>
        </sourceSystem>
        <links />
        <actionCode>H38310</actionCode>
      </item>
      <item>
        <text>On agreeing to the resolution Agreed to without objection. (text: CR H4)</text>
        <committee />
        <type>Floor</type>
        <actionTime>19:00:35</actionTime>
        <actionDate>2016-01-05</actionDate>
        <sourceSystem>
          <code>2</code>
          <name>House floor actions</name>
        </sourceSystem>
        <links>
          <link>
            <url>https://www.congress.gov/congressional-record/volume-162/house-section/page/H4</url>
            <name>H4</name>
          </link>
        </links>
        <actionCode>H37100</actionCode>
      </item>
      <item>
        <text>Passed/agreed to in House: On agreeing to the resolution Agreed to without objection.(text: CR H4)</text>
        <committee />
        <type>Floor</type>
        <actionTime>19:00:35</actionTime>
        <actionDate>2016-01-05</actionDate>
        <sourceSystem>
          <code>9</code>
          <name>Library of Congress</name>
        </sourceSystem>
        <links>
          <link>
            <url>https://www.congress.gov/congressional-record/volume-162/house-section/page/H4</url>
            <name>H4</name>
          </link>
        </links>
        <actionCode>8000</actionCode>
      </item>
      <item>
        <text>Considered as privileged matter. (consideration: CR H4)</text>
        <committee />
        <type>Floor</type>
        <actionTime>19:00:00</actionTime>
        <actionDate>2016-01-05</actionDate>
        <sourceSystem>
          <code>2</code>
          <name>House floor actions</name>
        </sourceSystem>
        <links>
          <link>
            <url>https://www.congress.gov/congressional-record/volume-162/house-section/page/H4</url>
            <name>H4</name>
          </link>
        </links>
        <actionCode>H30000</actionCode>
      </item>
      <item>
        <text>Introduced in House</text>
        <committee />
        <type>IntroReferral</type>
        <actionDate>2016-01-05</actionDate>
        <sourceSystem>
          <code>9</code>
          <name>Library of Congress</name>
        </sourceSystem>
        <links />
        <actionCode>Intro-H</actionCode>
      </item>
      <item>
        <text>Introduced in House</text>
        <committee />
        <type>IntroReferral</type>
        <actionDate>2016-01-05</actionDate>
        <sourceSystem>
          <code>9</code>
          <name>Library of Congress</name>
        </sourceSystem>
        <links />
        <actionCode>1000</actionCode>
      </item>
      <actionByCounts>
        <houseOfRepresentatives>6</houseOfRepresentatives>
      </actionByCounts>
    </actions>
    <notes />
    <updateDate>2017-01-11T14:32:15Z</updateDate>
    <createDate>2016-01-06T09:47:48Z</createDate>
    <recordedVotes />
    <introducedDate>2016-01-05</introducedDate>
    <congress>114</congress>
    <committeeReports />
    <laws />
    <cosponsors />
    <originChamber>House</originChamber>
    <latestAction>
      <links />
      <text>Motion to reconsider laid on the table Agreed to without objection.</text>
      <actionDate>2016-01-05</actionDate>
      <actionTime>19:00:39</actionTime>
    </latestAction>
    <policyArea>
      <name>Congress</name>
    </policyArea>
    <relatedBills />
    <subjects>
      <billSubjects>
        <legislativeSubjects>
          <item>
            <name>Congressional operations and organization</name>
          </item>
          <item>
            <name>House of Representatives</name>
          </item>
        </legislativeSubjects>
        <policyArea>
          <name>Congress</name>
        </policyArea>
      </billSubjects>
    </subjects>
  </bill>
  <dublinCore xmlns:dc="http://purl.org/dc/elements/1.1/">
    <dc:format>text/xml</dc:format>
    <dc:language>EN</dc:language>
    <dc:rights>Pursuant to Title 17 Section 105 of the United States Code, this file is not subject to copyright protection and is in the public domain.</dc:rights>
    <dc:contributor>Congressional Research Service, Library of Congress</dc:contributor>
    <dc:description>This file contains bill summaries and statuses for federal legislation. A bill summary describes the most significant provisions of a piece of legislation and details the effects the legislative text may have on current law and federal programs. Bill summaries are authored by the Congressional Research Service (CRS) of the Library of Congress. As stated in Public Law 91-510 (2 USC 166 (d)(6)), one of the duties of CRS is "to prepare summaries and digests of bills and resolutions of a public general nature introduced in the Senate or House of Representatives". For more information, refer to the User Guide that accompanies this file.</dc:description>
  </dublinCore>
</billStatus>

