<?xml version="1.0" encoding="UTF-8"?>
<billStatus>
  <bill>
    <notes />
    <billNumber>479</billNumber>
    <latestAction>
      <links />
      <actionDate>2015-10-21</actionDate>
      <text>Referred to the Subcommittee on Federal Lands.</text>
    </latestAction>
    <introducedDate>2015-10-09</introducedDate>
    <amendments />
    <actions>
      <item>
        <actionDate>2015-10-21</actionDate>
        <committee>
          <systemCode>hsii10</systemCode>
          <name>Federal Lands Subcommittee</name>
        </committee>
        <links />
        <sourceSystem>
          <code>1</code>
          <name>House committee actions</name>
        </sourceSystem>
        <text>Referred to the Subcommittee on Federal Lands.</text>
        <type>Committee</type>
      </item>
      <item>
        <actionCode>H11100</actionCode>
        <actionDate>2015-10-09</actionDate>
        <text>Referred to the House Committee on Natural Resources.</text>
        <sourceSystem>
          <code>2</code>
          <name>House floor actions</name>
        </sourceSystem>
        <committee>
          <systemCode>hsii00</systemCode>
          <name>Natural Resources Committee</name>
        </committee>
        <links />
        <type>IntroReferral</type>
      </item>
      <item>
        <actionCode>Intro-H</actionCode>
        <actionDate>2015-10-09</actionDate>
        <text>Introduced in House</text>
        <sourceSystem>
          <code>9</code>
          <name>Library of Congress</name>
        </sourceSystem>
        <committee />
        <links />
        <type>IntroReferral</type>
      </item>
      <item>
        <actionCode>1000</actionCode>
        <actionDate>2015-10-09</actionDate>
        <text>Introduced in House</text>
        <sourceSystem>
          <code>9</code>
          <name>Library of Congress</name>
        </sourceSystem>
        <committee />
        <links />
        <type>IntroReferral</type>
      </item>
      <actionTypeCounts>
        <introducedInTheHouse>1</introducedInTheHouse>
        <placeholderTextForH>1</placeholderTextForH>
        <billReferrals>1</billReferrals>
        <introducedInHouse>1</introducedInHouse>
      </actionTypeCounts>
      <actionByCounts>
        <houseOfRepresentatives>4</houseOfRepresentatives>
      </actionByCounts>
    </actions>
    <subjects>
      <billSubjects>
        <policyArea>
          <name>Animals</name>
        </policyArea>
        <legislativeSubjects>
          <item>
            <name>Birds</name>
          </item>
          <item>
            <name>Commemorative events and holidays</name>
          </item>
          <item>
            <name>Congressional tributes</name>
          </item>
          <item>
            <name>Ecology</name>
          </item>
          <item>
            <name>Endangered and threatened species</name>
          </item>
          <item>
            <name>Hunting and fishing</name>
          </item>
          <item>
            <name>Wilderness and natural areas, wildlife refuges, wild rivers, habitats</name>
          </item>
          <item>
            <name>Wildlife conservation and habitat protection</name>
          </item>
        </legislativeSubjects>
      </billSubjects>
    </subjects>
    <calendarNumbers />
    <billType>HRES</billType>
    <sponsors>
      <item>
        <lastName>THOMPSON</lastName>
        <firstName>MIKE</firstName>
        <party>D</party>
        <fullName>Rep. Thompson, Mike [D-CA-5]</fullName>
        <middleName />
        <state>CA</state>
        <byRequestType />
        <bioguideId>T000460</bioguideId>
        <district>5</district>
        <identifiers>
          <gpoId>7806</gpoId>
          <lisID>1593</lisID>
          <bioguideId>T000460</bioguideId>
        </identifiers>
      </item>
    </sponsors>
    <originChamber>House</originChamber>
    <recordedVotes />
    <committeeReports />
    <policyArea>
      <name>Animals</name>
    </policyArea>
    <cboCostEstimates />
    <summaries>
      <billSummaries>
        <item>
          <text><![CDATA[<p>Encourages the observance of National Wildlife Refuge Week. </p> <p>Acknowledges the importance of national wildlife refuges for their recreational opportunities and contribution to local economies. </p> <p>Reaffirms the support of the House of Representatives for wildlife conservation and the National Wildlife Refuge System. </p>]]></text>
          <updateDate>2015-10-09T04:00:00Z</updateDate>
          <actionDesc>Introduced in House</actionDesc>
          <actionDate>2015-10-09</actionDate>
          <versionCode>00</versionCode>
          <name>Introduced in House</name>
          <lastSummaryUpdateDate>2015-10-19T17:23:16Z</lastSummaryUpdateDate>
        </item>
      </billSummaries>
    </summaries>
    <createDate>2015-10-10T08:54:47Z</createDate>
    <committees>
      <billCommittees>
        <item>
          <type>Standing</type>
          <activities>
            <item>
              <name>Referred to</name>
              <date>2015-10-09T13:01:15Z</date>
            </item>
          </activities>
          <subcommittees>
            <item>
              <activities>
                <item>
                  <name>Referred to</name>
                  <date>2015-10-21T13:14:02Z</date>
                </item>
              </activities>
              <name>Federal Lands Subcommittee</name>
              <systemCode>hsii10</systemCode>
            </item>
          </subcommittees>
          <systemCode>hsii00</systemCode>
          <chamber>House</chamber>
          <name>Natural Resources Committee</name>
        </item>
      </billCommittees>
    </committees>
    <relatedBills>
      <item>
        <latestAction>
          <actionDate>2015-10-08</actionDate>
          <text>Submitted in the Senate, considered, and agreed to without amendment and with a preamble by Unanimous Consent. (consideration: CR S7281; text as passed Senate: CR S7278-7279)</text>
        </latestAction>
        <number>286</number>
        <congress>114</congress>
        <type>SRES</type>
        <relationshipDetails>
          <item>
            <identifiedBy>CRS</identifiedBy>
            <type>Related bill</type>
          </item>
        </relationshipDetails>
        <latestTitle>A resolution designating the week beginning on October 11, 2015, as "National Wildlife Refuge Week".</latestTitle>
      </item>
      <item>
        <latestAction>
          <actionDate>2016-09-26</actionDate>
          <text>Referred to the Subcommittee on Federal Lands.</text>
        </latestAction>
        <number>882</number>
        <congress>114</congress>
        <type>HRES</type>
        <relationshipDetails>
          <item>
            <identifiedBy>CRS</identifiedBy>
            <type>Related bill</type>
          </item>
        </relationshipDetails>
        <latestTitle>Encouraging the observance of the week beginning on October 9, 2016, as "National Wildlife Refuge Week".</latestTitle>
      </item>
    </relatedBills>
    <laws />
    <titles>
      <item>
        <titleType>Official Title as Introduced</titleType>
        <chamberName />
        <title>Encouraging observance of National Wildlife Refuge Week with appropriate events and activities, and for other purposes.</title>
        <parentTitleType />
        <chamberCode />
      </item>
      <item>
        <titleType>Display Title</titleType>
        <chamberName />
        <title>Encouraging observance of National Wildlife Refuge Week with appropriate events and activities, and for other purposes.</title>
        <parentTitleType />
        <chamberCode />
      </item>
    </titles>
    <cosponsors>
      <item>
        <middleName>J.</middleName>
        <state>VA</state>
        <fullName>Rep. Wittman, Robert J. [R-VA-1]</fullName>
        <bioguideId>W000804</bioguideId>
        <isOriginalCosponsor>True</isOriginalCosponsor>
        <sponsorshipDate>2015-10-09</sponsorshipDate>
        <sponsorshipWithdrawnDate />
        <party>R</party>
        <firstName>Robert</firstName>
        <lastName>Wittman</lastName>
        <district>1</district>
        <identifiers>
          <bioguideId>W000804</bioguideId>
          <lisID>1886</lisID>
          <gpoId>8192</gpoId>
        </identifiers>
      </item>
      <item>
        <middleName />
        <state>WI</state>
        <fullName>Rep. Kind, Ron [D-WI-3]</fullName>
        <bioguideId>K000188</bioguideId>
        <isOriginalCosponsor>True</isOriginalCosponsor>
        <sponsorshipDate>2015-10-09</sponsorshipDate>
        <sponsorshipWithdrawnDate />
        <party>D</party>
        <firstName>RON</firstName>
        <lastName>KIND</lastName>
        <district>3</district>
        <identifiers>
          <lisID>1498</lisID>
          <bioguideId>K000188</bioguideId>
          <gpoId>8216</gpoId>
        </identifiers>
      </item>
      <item>
        <middleName>A.</middleName>
        <state>NJ</state>
        <fullName>Rep. LoBiondo, Frank A. [R-NJ-2]</fullName>
        <bioguideId>L000554</bioguideId>
        <isOriginalCosponsor>True</isOriginalCosponsor>
        <sponsorshipDate>2015-10-09</sponsorshipDate>
        <sponsorshipWithdrawnDate />
        <party>R</party>
        <firstName>FRANK</firstName>
        <lastName>LOBIONDO</lastName>
        <district>2</district>
        <identifiers>
          <lisID>699</lisID>
          <bioguideId>L000554</bioguideId>
          <gpoId>8044</gpoId>
        </identifiers>
      </item>
      <item>
        <middleName>G.</middleName>
        <state>CA</state>
        <fullName>Rep. Eshoo, Anna G. [D-CA-18]</fullName>
        <bioguideId>E000215</bioguideId>
        <isOriginalCosponsor>True</isOriginalCosponsor>
        <sponsorshipDate>2015-10-09</sponsorshipDate>
        <sponsorshipWithdrawnDate />
        <party>D</party>
        <firstName>ANNA</firstName>
        <lastName>ESHOO</lastName>
        <district>18</district>
        <identifiers>
          <bioguideId>E000215</bioguideId>
          <lisID>355</lisID>
          <gpoId>7819</gpoId>
        </identifiers>
      </item>
      <item>
        <middleName />
        <state>CA</state>
        <fullName>Rep. Farr, Sam [D-CA-20]</fullName>
        <bioguideId>F000030</bioguideId>
        <isOriginalCosponsor>True</isOriginalCosponsor>
        <sponsorshipDate>2015-10-09</sponsorshipDate>
        <sponsorshipWithdrawnDate />
        <party>D</party>
        <firstName>SAM</firstName>
        <lastName>FARR</lastName>
        <district>20</district>
        <identifiers>
          <gpoId>7822</gpoId>
          <bioguideId>F000030</bioguideId>
          <lisID>368</lisID>
        </identifiers>
      </item>
      <item>
        <middleName>A.</middleName>
        <state>CA</state>
        <fullName>Rep. Davis, Susan A. [D-CA-53]</fullName>
        <bioguideId>D000598</bioguideId>
        <isOriginalCosponsor>True</isOriginalCosponsor>
        <sponsorshipDate>2015-10-09</sponsorshipDate>
        <sponsorshipWithdrawnDate />
        <party>D</party>
        <firstName>SUSAN</firstName>
        <lastName>DAVIS</lastName>
        <district>53</district>
        <identifiers>
          <lisID>1641</lisID>
          <bioguideId>D000598</bioguideId>
          <gpoId>7858</gpoId>
        </identifiers>
      </item>
      <item>
        <middleName />
        <state>MN</state>
        <fullName>Rep. McCollum, Betty [D-MN-4]</fullName>
        <bioguideId>M001143</bioguideId>
        <isOriginalCosponsor>True</isOriginalCosponsor>
        <sponsorshipDate>2015-10-09</sponsorshipDate>
        <sponsorshipWithdrawnDate />
        <party>D</party>
        <firstName>BETTY</firstName>
        <lastName>MCCOLLUM</lastName>
        <district>4</district>
        <identifiers>
          <gpoId>8004</gpoId>
          <lisID>1653</lisID>
          <bioguideId>M001143</bioguideId>
        </identifiers>
      </item>
      <item>
        <middleName />
        <state>PA</state>
        <fullName>Rep. Cartwright, Matt [D-PA-17]</fullName>
        <bioguideId>C001090</bioguideId>
        <isOriginalCosponsor>True</isOriginalCosponsor>
        <sponsorshipDate>2015-10-09</sponsorshipDate>
        <sponsorshipWithdrawnDate />
        <party>D</party>
        <firstName>Matt</firstName>
        <lastName>Cartwright</lastName>
        <district>17</district>
        <identifiers>
          <lisID>2159</lisID>
          <bioguideId>C001090</bioguideId>
          <gpoId />
        </identifiers>
      </item>
      <item>
        <middleName>M.</middleName>
        <state>CA</state>
        <fullName>Rep. Honda, Michael M. [D-CA-17]</fullName>
        <bioguideId>H001034</bioguideId>
        <isOriginalCosponsor>True</isOriginalCosponsor>
        <sponsorshipDate>2015-10-09</sponsorshipDate>
        <sponsorshipWithdrawnDate />
        <party>D</party>
        <firstName>MICHAEL</firstName>
        <lastName>HONDA</lastName>
        <district>17</district>
        <identifiers>
          <bioguideId>H001034</bioguideId>
          <lisID>1634</lisID>
          <gpoId>7820</gpoId>
        </identifiers>
      </item>
      <item>
        <middleName>E.</middleName>
        <state>NC</state>
        <fullName>Rep. Price, David E. [D-NC-4]</fullName>
        <bioguideId>P000523</bioguideId>
        <isOriginalCosponsor>True</isOriginalCosponsor>
        <sponsorshipDate>2015-10-09</sponsorshipDate>
        <sponsorshipWithdrawnDate />
        <party>D</party>
        <firstName>DAVID</firstName>
        <lastName>PRICE</lastName>
        <district>4</district>
        <identifiers>
          <bioguideId>P000523</bioguideId>
          <lisID>930</lisID>
          <gpoId>8027</gpoId>
        </identifiers>
      </item>
      <item>
        <middleName />
        <state>WA</state>
        <fullName>Rep. Larsen, Rick [D-WA-2]</fullName>
        <bioguideId>L000560</bioguideId>
        <isOriginalCosponsor>True</isOriginalCosponsor>
        <sponsorshipDate>2015-10-09</sponsorshipDate>
        <sponsorshipWithdrawnDate />
        <party>D</party>
        <firstName>RICK</firstName>
        <lastName>LARSEN</lastName>
        <district>2</district>
        <identifiers>
          <gpoId>8206</gpoId>
          <lisID>1675</lisID>
          <bioguideId>L000560</bioguideId>
        </identifiers>
      </item>
      <item>
        <middleName />
        <state>NY</state>
        <fullName>Rep. Israel, Steve [D-NY-3]</fullName>
        <bioguideId>I000057</bioguideId>
        <isOriginalCosponsor>True</isOriginalCosponsor>
        <sponsorshipDate>2015-10-09</sponsorshipDate>
        <sponsorshipWithdrawnDate />
        <party>D</party>
        <firstName>STEVE</firstName>
        <lastName>ISRAEL</lastName>
        <district>3</district>
        <identifiers>
          <lisID>1663</lisID>
          <gpoId>8063</gpoId>
          <bioguideId>I000057</bioguideId>
        </identifiers>
      </item>
      <item>
        <middleName />
        <state>ME</state>
        <fullName>Rep. Pingree, Chellie [D-ME-1]</fullName>
        <bioguideId>P000597</bioguideId>
        <isOriginalCosponsor>True</isOriginalCosponsor>
        <sponsorshipDate>2015-10-09</sponsorshipDate>
        <sponsorshipWithdrawnDate />
        <party>D</party>
        <firstName>Chellie</firstName>
        <lastName>Pingree</lastName>
        <district>1</district>
        <identifiers>
          <lisID>1927</lisID>
          <bioguideId>P000597</bioguideId>
          <gpoId>7984</gpoId>
        </identifiers>
      </item>
      <item>
        <middleName />
        <state>FL</state>
        <fullName>Rep. Castor, Kathy [D-FL-14]</fullName>
        <bioguideId>C001066</bioguideId>
        <isOriginalCosponsor>True</isOriginalCosponsor>
        <sponsorshipDate>2015-10-09</sponsorshipDate>
        <sponsorshipWithdrawnDate />
        <party>D</party>
        <firstName>Kathy</firstName>
        <lastName>Castor</lastName>
        <district>14</district>
        <identifiers>
          <gpoId>7883</gpoId>
          <lisID>1839</lisID>
          <bioguideId>C001066</bioguideId>
        </identifiers>
      </item>
      <item>
        <middleName>D.</middleName>
        <state>IL</state>
        <fullName>Rep. Schakowsky, Janice D. [D-IL-9]</fullName>
        <bioguideId>S001145</bioguideId>
        <isOriginalCosponsor>True</isOriginalCosponsor>
        <sponsorshipDate>2015-10-09</sponsorshipDate>
        <sponsorshipWithdrawnDate />
        <party>D</party>
        <firstName>JANICE</firstName>
        <lastName>SCHAKOWSKY</lastName>
        <district>9</district>
        <identifiers>
          <lisID>1588</lisID>
          <bioguideId>S001145</bioguideId>
          <gpoId>7929</gpoId>
        </identifiers>
      </item>
      <item>
        <middleName />
        <state>CA</state>
        <fullName>Rep. Lofgren, Zoe [D-CA-19]</fullName>
        <bioguideId>L000397</bioguideId>
        <isOriginalCosponsor>True</isOriginalCosponsor>
        <sponsorshipDate>2015-10-09</sponsorshipDate>
        <sponsorshipWithdrawnDate />
        <party>D</party>
        <firstName>ZOE</firstName>
        <lastName>LOFGREN</lastName>
        <district>19</district>
        <identifiers>
          <gpoId>7821</gpoId>
          <bioguideId>L000397</bioguideId>
          <lisID>701</lisID>
        </identifiers>
      </item>
      <item>
        <middleName />
        <state>FL</state>
        <fullName>Rep. Clawson, Curt [R-FL-19]</fullName>
        <bioguideId>C001102</bioguideId>
        <isOriginalCosponsor>True</isOriginalCosponsor>
        <sponsorshipDate>2015-10-09</sponsorshipDate>
        <sponsorshipWithdrawnDate />
        <party>R</party>
        <firstName>Curt</firstName>
        <lastName>Clawson</lastName>
        <district>19</district>
        <identifiers>
          <lisID>2200</lisID>
          <bioguideId>C001102</bioguideId>
          <gpoId />
        </identifiers>
      </item>
      <item>
        <middleName>J.</middleName>
        <state>MN</state>
        <fullName>Rep. Walz, Timothy J. [D-MN-1]</fullName>
        <bioguideId>W000799</bioguideId>
        <isOriginalCosponsor>True</isOriginalCosponsor>
        <sponsorshipDate>2015-10-09</sponsorshipDate>
        <sponsorshipWithdrawnDate />
        <party>D</party>
        <firstName>Timothy</firstName>
        <lastName>Walz</lastName>
        <district>1</district>
        <identifiers>
          <lisID>1856</lisID>
          <bioguideId>W000799</bioguideId>
          <gpoId>8001</gpoId>
        </identifiers>
      </item>
      <item>
        <middleName />
        <state>WI</state>
        <fullName>Rep. Pocan, Mark [D-WI-2]</fullName>
        <bioguideId>P000607</bioguideId>
        <isOriginalCosponsor>True</isOriginalCosponsor>
        <sponsorshipDate>2015-10-09</sponsorshipDate>
        <sponsorshipWithdrawnDate />
        <party>D</party>
        <firstName>Mark</firstName>
        <lastName>Pocan</lastName>
        <district>2</district>
        <identifiers>
          <bioguideId>P000607</bioguideId>
          <lisID>2171</lisID>
          <gpoId />
        </identifiers>
      </item>
      <item>
        <middleName />
        <state>NM</state>
        <fullName>Rep. Lujan Grisham, Michelle [D-NM-1]</fullName>
        <bioguideId>L000580</bioguideId>
        <isOriginalCosponsor>True</isOriginalCosponsor>
        <sponsorshipDate>2015-10-09</sponsorshipDate>
        <sponsorshipWithdrawnDate />
        <party>D</party>
        <firstName>Michelle</firstName>
        <lastName>Lujan Grisham</lastName>
        <district>1</district>
        <identifiers>
          <bioguideId>L000580</bioguideId>
          <lisID>2146</lisID>
          <gpoId />
        </identifiers>
      </item>
      <item>
        <middleName />
        <state>WA</state>
        <fullName>Rep. Heck, Denny [D-WA-10]</fullName>
        <bioguideId>H001064</bioguideId>
        <isOriginalCosponsor>True</isOriginalCosponsor>
        <sponsorshipDate>2015-10-09</sponsorshipDate>
        <sponsorshipWithdrawnDate />
        <party>D</party>
        <firstName>Denny</firstName>
        <lastName>Heck</lastName>
        <district>10</district>
        <identifiers>
          <lisID>2170</lisID>
          <bioguideId>H001064</bioguideId>
          <gpoId />
        </identifiers>
      </item>
      <item>
        <middleName />
        <state>CO</state>
        <fullName>Rep. Perlmutter, Ed [D-CO-7]</fullName>
        <bioguideId>P000593</bioguideId>
        <isOriginalCosponsor>True</isOriginalCosponsor>
        <sponsorshipDate>2015-10-09</sponsorshipDate>
        <sponsorshipWithdrawnDate />
        <party>D</party>
        <firstName>Ed</firstName>
        <lastName>Perlmutter</lastName>
        <district>7</district>
        <identifiers>
          <lisID>1835</lisID>
          <bioguideId>P000593</bioguideId>
          <gpoId>7865</gpoId>
        </identifiers>
      </item>
      <item>
        <middleName>A.</middleName>
        <state>PA</state>
        <fullName>Rep. Costello, Ryan A. [R-PA-6]</fullName>
        <bioguideId>C001106</bioguideId>
        <isOriginalCosponsor>True</isOriginalCosponsor>
        <sponsorshipDate>2015-10-09</sponsorshipDate>
        <sponsorshipWithdrawnDate />
        <party>R</party>
        <firstName>Ryan</firstName>
        <lastName>Costello</lastName>
        <district>6</district>
        <identifiers>
          <lisID>2266</lisID>
          <gpoId />
          <bioguideId>C001106</bioguideId>
        </identifiers>
      </item>
      <item>
        <middleName />
        <state>CA</state>
        <fullName>Rep. Lee, Barbara [D-CA-13]</fullName>
        <bioguideId>L000551</bioguideId>
        <isOriginalCosponsor>False</isOriginalCosponsor>
        <sponsorshipDate>2015-10-13</sponsorshipDate>
        <sponsorshipWithdrawnDate />
        <party>D</party>
        <firstName>BARBARA</firstName>
        <lastName>LEE</lastName>
        <district>13</district>
        <identifiers>
          <lisID>1501</lisID>
          <bioguideId>L000551</bioguideId>
          <gpoId>7814</gpoId>
        </identifiers>
      </item>
      <item>
        <middleName>T.</middleName>
        <state>NY</state>
        <fullName>Rep. King, Peter T. [R-NY-2]</fullName>
        <bioguideId>K000210</bioguideId>
        <isOriginalCosponsor>False</isOriginalCosponsor>
        <sponsorshipDate>2015-10-21</sponsorshipDate>
        <sponsorshipWithdrawnDate />
        <party>R</party>
        <firstName>PETER</firstName>
        <lastName>KING</lastName>
        <district>2</district>
        <identifiers>
          <gpoId>8064</gpoId>
          <bioguideId>K000210</bioguideId>
          <lisID>635</lisID>
        </identifiers>
      </item>
      <item>
        <middleName>J.</middleName>
        <state>IL</state>
        <fullName>Rep. Dold, Robert J. [R-IL-10]</fullName>
        <bioguideId>D000613</bioguideId>
        <isOriginalCosponsor>False</isOriginalCosponsor>
        <sponsorshipDate>2015-10-26</sponsorshipDate>
        <sponsorshipWithdrawnDate />
        <party>R</party>
        <firstName>Robert</firstName>
        <lastName>Dold</lastName>
        <district>10</district>
        <identifiers>
          <gpoId>7930</gpoId>
          <lisID>2013</lisID>
          <bioguideId>D000613</bioguideId>
        </identifiers>
      </item>
    </cosponsors>
    <updateDate>2017-01-14T22:03:49Z</updateDate>
    <constitutionalAuthorityStatementText />
    <title>Encouraging observance of National Wildlife Refuge Week with appropriate events and activities, and for other purposes.</title>
    <congress>114</congress>
  </bill>
  <dublinCore xmlns:dc="http://purl.org/dc/elements/1.1/">
    <dc:format>text/xml</dc:format>
    <dc:language>EN</dc:language>
    <dc:rights>Pursuant to Title 17 Section 105 of the United States Code, this file is not subject to copyright protection and is in the public domain.</dc:rights>
    <dc:contributor>Congressional Research Service, Library of Congress</dc:contributor>
    <dc:description>This file contains bill summaries and statuses for federal legislation. A bill summary describes the most significant provisions of a piece of legislation and details the effects the legislative text may have on current law and federal programs. Bill summaries are authored by the Congressional Research Service (CRS) of the Library of Congress. As stated in Public Law 91-510 (2 USC 166 (d)(6)), one of the duties of CRS is "to prepare summaries and digests of bills and resolutions of a public general nature introduced in the Senate or House of Representatives". For more information, refer to the User Guide that accompanies this file.</dc:description>
  </dublinCore>
</billStatus>

